episode,timestep,ep_length,cum_reward,w_yield,w_neff,w_water,R_yield,R_ane,R_water_eff,yield_kg_ha,total_N_kg_ha,total_W_mm,total_rain_mm,critic_loss,actor_loss
1,161,161,-0.6327,0.0141,0.5648,0.4211,1.0,-0.9423,-1.0,12524.9,5429.6,2323.9,358.1,nan,
2,321,160,0.8752,0.8149,0.133,0.0521,1.0,-0.9779,-1.0,13306.6,15047.0,3986.1,635.9,nan,
3,482,161,-0.205,0.2875,0.0628,0.6498,0.7718,-0.9833,-1.0,10560.4,15785.9,924.4,946.6,nan,
4,643,161,-0.1828,0.268,0.3253,0.4068,1.0,-0.974,-1.0,11491.1,11037.9,2397.0,613.3,nan,
5,800,157,0.0954,0.42,0.1084,0.4716,0.9955,-0.9828,-1.0,11412.9,16563.4,1884.2,244.8,nan,
6,959,159,0.6134,0.6876,0.1257,0.1867,1.0,-0.9793,-1.0,12572.8,15206.1,3402.0,440.5,nan,
7,1120,161,0.8435,0.8414,0.0544,0.1042,0.9117,-0.9817,-1.0,11093.5,15137.1,3603.0,382.3,nan,
8,1273,153,0.8347,0.8187,0.0856,0.0957,0.9671,-0.9806,-1.0,11304.5,14570.1,3854.7,231.3,nan,
9,1435,162,0.2876,0.654,0.2538,0.0922,0.6046,-0.9819,-1.0,9923.4,13692.7,4174.3,500.8,nan,
10,1597,162,0.0138,0.3711,0.1523,0.4765,1.0,-0.9794,-1.0,11535.8,14004.8,1862.0,654.1,nan,
11,1761,164,-0.2611,0.2941,0.2447,0.4612,0.6215,-0.9815,-1.0,9988.0,13512.9,2141.1,359.1,nan,
12,1925,164,0.3972,0.6765,0.0673,0.2562,0.7122,-0.9835,-1.0,10333.6,15627.4,3164.0,471.7,nan,
13,2080,155,-0.2267,0.2928,0.5542,0.1529,0.5937,-0.9551,-1.0,9882.0,5499.9,3302.4,1103.0,nan,
14,2241,161,0.8338,0.915,0.0529,0.0321,0.7677,-0.9835,-1.0,10544.9,15999.8,4094.9,532.4,nan,
15,2403,162,0.1628,0.5293,0.3114,0.1593,0.7532,-0.9789,-1.0,10489.6,12437.3,3866.2,746.6,nan,
16,2561,158,-0.1259,0.3696,0.3543,0.2761,0.6764,-0.9758,-1.0,10197.2,10523.1,3309.4,477.2,nan,
17,2724,163,-0.3701,0.0143,0.8233,0.1624,1.0,-0.7104,-1.0,11640.5,1005.0,3860.8,569.5,nan,
18,2886,162,-0.1231,0.362,0.2412,0.3968,0.6812,-0.9799,-1.0,10215.3,12692.2,2517.1,820.9,nan,
19,3044,158,0.3602,0.7021,0.2603,0.0375,0.6091,-0.9804,-1.0,9940.8,12701.0,4196.3,478.0,nan,
20,3208,164,0.0675,0.4062,0.4968,0.0971,0.8926,-0.9593,-1.0,11020.6,6769.1,4191.6,391.4,nan,
21,3363,155,0.0624,0.4851,0.4248,0.0901,0.6642,-0.9714,-1.0,10150.7,8878.3,3657.4,571.7,nan,
22,3524,161,-0.0631,0.3496,0.5648,0.0856,0.7713,-0.9535,-1.0,10558.5,5679.4,3939.5,653.0,nan,
23,3679,155,0.1345,0.5583,0.4416,0.0001,0.5428,-0.971,-1.0,9688.1,8357.7,3738.6,552.0,nan,
24,3844,165,0.673,0.714,0.1121,0.1739,1.0,-0.98,-1.0,12818.1,16047.4,3627.0,708.2,nan,
25,3997,153,-0.4442,0.1863,0.3993,0.4144,0.5052,-0.9738,-1.0,9545.0,9108.8,2161.5,944.9,nan,
26,4156,159,-0.5416,0.08,0.3837,0.5363,0.9985,-0.9695,-1.0,11424.2,9350.5,1529.5,497.1,nan,
27,4313,157,-0.3063,0.1987,0.4499,0.3515,1.0,-0.9645,-1.0,11478.1,8086.3,2671.3,311.6,nan,
28,4468,155,0.7709,0.843,0.1466,0.0103,0.8267,-0.9817,-1.0,10769.8,14749.5,3838.3,296.2,nan,
29,4631,163,1.0364,0.9026,0.0559,0.0414,1.0,-0.9822,-1.0,11908.1,16726.4,3974.5,526.3,nan,
30,4792,161,-0.5878,0.0468,0.5341,0.4191,0.8051,-0.9576,-1.0,10687.5,6301.5,2293.6,442.2,nan,
31,4953,161,-0.4777,0.1271,0.3168,0.5561,0.7998,-0.9757,-1.0,10667.4,10964.8,1418.9,461.2,nan,
32,5115,162,0.7063,0.1829,0.0076,0.8095,-0.4231,-0.9823,0.2744,6008.0,8484.4,290.3,519.0,0.172007,0.339414
33,5278,163,0.1164,0.3134,0.1644,0.5222,0.8564,-0.9484,-0.8873,10883.0,5270.6,754.9,445.0,0.064012,
34,5433,155,0.6682,0.6194,0.2793,0.1013,0.9734,-0.9647,-1.0,11328.8,8027.6,979.6,546.8,0.033019,0.29303
35,5590,157,-0.1539,0.2409,0.6378,0.1213,0.5419,-0.8824,-1.0,9684.6,2059.4,1119.5,528.9,0.095567,
36,5745,155,0.1834,0.1589,0.1998,0.6413,-0.8862,-1.0,-0.0184,4243.7,3956.1,407.4,569.1,0.075306,0.301974
37,5906,161,0.3766,0.4397,0.5339,0.0264,0.9975,-0.8952,-1.0,11420.5,2724.4,983.9,441.7,0.063402,
38,6075,169,-0.145,0.0376,0.8784,0.084,-0.5462,-0.3669,-1.0,5539.1,218.7,967.0,364.0,0.157496,0.281293
39,6234,159,0.3539,0.2929,0.1745,0.5327,1.0,-0.9173,-0.5666,12520.2,3783.7,626.6,457.8,0.004756,
40,6391,157,0.3717,0.5018,0.4238,0.0745,0.769,-0.9096,-1.0,10549.9,2917.1,920.5,702.5,0.019722,0.266421
41,6551,160,-0.1992,0.0522,0.7382,0.2096,1.0,-0.6737,-1.0,12534.8,960.2,1025.6,1017.2,0.026771,0.280648
42,6711,160,-0.812,0.0113,0.9259,0.0627,-0.9921,-1.0,-1.0,3840.0,148.7,978.2,569.7,0.066828,0.397142
43,6866,155,-0.1865,0.1212,0.5917,0.2872,1.0,-0.8579,-0.9198,12269.1,2158.6,767.9,608.3,0.020296,
44,7029,163,0.5779,0.5487,0.3664,0.0849,1.0,-0.9259,-1.0,11517.0,3886.1,1067.2,550.0,0.098586,0.305329
45,7189,160,1.2819,0.9001,0.0353,0.0645,1.0,-0.9209,-1.0,11739.2,3710.7,1026.6,514.3,0.017982,0.313448
46,7350,161,-0.0516,0.2133,0.3762,0.4105,0.4323,-0.9324,-0.7033,9266.9,3424.9,681.3,572.3,0.016919,
47,7514,164,0.959,0.0062,0.086,0.9078,-0.5887,-0.9748,0.3923,5376.9,5328.2,243.1,569.3,0.074935,
48,7674,160,1.0737,0.8329,0.0395,0.1276,0.991,-0.9405,-1.0,11395.8,4785.9,1220.7,237.4,0.115257,
49,7838,164,-0.0108,0.2279,0.3125,0.4597,1.0,-0.9189,-0.932,12618.0,3888.8,772.8,561.9,0.020757,
50,8003,165,0.4275,0.5501,0.0224,0.4274,0.826,-0.9473,-1.0,10767.2,5105.5,866.2,677.8,0.032646,0.278706
51,8161,158,0.1014,0.1745,0.7761,0.0495,0.8522,-0.5956,-1.0,10866.7,671.8,910.1,518.2,0.004945,0.290812
52,8317,156,0.133,0.3361,0.6493,0.0146,0.7738,-0.8457,-1.0,10568.2,1712.2,1079.9,544.0,0.001417,0.266428
53,8477,160,0.3317,0.2669,0.105,0.6281,0.5274,-0.936,-0.3384,9629.4,3763.4,535.4,748.5,0.004893,0.253792
54,8637,160,0.5414,0.6789,0.1105,0.2106,0.5986,-0.9284,-1.0,9900.8,3455.8,1029.6,422.8,0.001897,0.26884
55,8802,165,0.826,0.3479,0.0154,0.6366,0.8023,-0.933,-0.0775,10676.9,3985.1,431.0,563.5,0.020509,
56,8958,156,-0.1907,0.1772,0.656,0.1669,0.7303,-0.8445,-1.0,10402.5,1672.4,1281.5,562.5,0.011533,
57,9118,160,0.8805,0.1201,0.1211,0.7588,0.2396,-0.942,0.4467,8532.9,3677.4,221.3,486.4,0.009983,
58,9278,160,0.4272,0.37,0.0619,0.568,-0.0405,-0.9441,-0.1578,7465.9,3336.0,463.1,495.5,0.011985,
59,9440,162,0.0397,0.1972,0.757,0.0458,0.773,-0.7026,-1.0,10565.0,888.2,1249.2,202.8,0.011351,
60,9603,163,0.9283,0.0576,0.0432,0.8992,-0.2887,-0.9624,0.4817,6520.2,4338.1,207.3,886.9,0.005271,0.284057
61,9763,160,0.3066,0.4054,0.2321,0.3625,1.0,-0.9049,-1.0,12560.0,3300.9,850.0,389.8,0.002734,0.269335
62,9922,159,-0.0896,0.2881,0.6014,0.1105,0.082,-0.896,-0.8928,7932.6,1906.4,757.1,474.9,0.020175,
63,10085,163,-0.0284,0.3138,0.4703,0.2159,0.6671,-0.9249,-1.0,10161.6,3382.6,1059.9,530.1,0.009007,0.248835
64,10247,162,-0.3149,0.5111,0.3884,0.1005,-0.6317,-0.9642,-1.0,5213.1,3640.1,888.7,582.5,0.024589,0.252755
65,10405,158,-0.1489,0.1493,0.5417,0.309,0.7787,-0.8729,-0.9524,10586.8,2081.9,780.9,495.3,0.006468,0.298988
66,10565,160,0.2436,0.5466,0.1117,0.3417,0.4003,-0.9516,-0.9522,9145.3,4724.2,780.9,515.9,0.003989,0.272175
67,10725,160,0.5125,0.4999,0.1795,0.3206,1.0,-0.9095,-1.0,12180.0,3363.6,876.0,371.3,0.009429,0.274459
68,10884,159,1.0125,0.7827,0.0254,0.1919,1.0,-0.942,-1.0,11979.0,5164.5,976.9,606.1,0.008825,
69,11043,159,-0.3248,0.0092,0.7424,0.2484,0.6066,-0.7353,-1.0,9931.1,938.1,1005.8,427.5,0.003413,0.271472
70,11201,158,0.1013,0.3957,0.2533,0.351,0.408,-0.9258,-0.8257,9174.6,3090.6,730.3,597.6,0.006373,0.272686
71,11362,161,-0.2823,0.3135,0.4415,0.2449,-0.0955,-0.9446,-1.0,7256.2,3273.2,999.0,536.8,0.00473,
72,11521,159,0.4861,0.2445,0.1801,0.5754,0.6752,-0.945,-0.0708,10192.5,4633.4,428.3,690.9,0.008518,0.260063
73,11680,159,0.2064,0.3725,0.4433,0.1842,1.0,-0.9147,-1.0,11704.7,3432.0,1080.4,366.1,0.001182,
74,11838,158,-0.0621,0.1906,0.6488,0.1606,0.9561,-0.848,-1.0,11262.7,1851.9,1066.3,549.1,0.004329,
75,11994,156,0.3924,0.3451,0.0043,0.6506,-0.4961,-0.9629,0.0422,5729.8,3865.8,383.1,758.1,0.000796,
76,12145,151,0.1635,0.3026,0.6584,0.039,1.0,-0.8299,-1.0,12046.8,1770.4,930.7,247.5,0.013342,0.278473
77,12310,165,0.242,0.3002,0.1582,0.5417,0.2871,-0.9461,-0.4117,8714.0,4045.1,564.7,770.9,0.003574,
78,12475,165,0.8326,0.6947,0.2384,0.0669,1.0,-0.9321,-1.0,12273.6,4515.8,966.9,476.6,0.004958,0.266796
79,12637,162,0.9089,0.6986,0.2197,0.0817,1.0,-0.9367,-1.0,11774.3,4649.4,886.9,522.9,0.018238,0.282432
80,12791,154,-0.2436,0.0043,0.6036,0.3921,1.0,-0.8455,-0.6649,12574.1,2034.1,666.0,338.6,0.00608,0.260394
81,12959,168,-0.1594,0.0681,0.4665,0.4653,0.5883,-0.9356,-0.6284,9861.3,3829.0,651.4,544.1,0.004055,0.316606
82,13121,162,0.2047,0.3439,0.6,0.056,1.0,-0.8716,-1.0,12018.3,2339.2,1108.5,701.4,0.002874,0.265109
83,13278,157,0.6201,0.5473,0.3285,0.1243,0.9697,-0.9291,-1.0,11314.4,3988.0,855.9,249.4,0.006385,
84,13433,155,-0.133,0.0784,0.8751,0.0465,-0.0457,-0.3056,-1.0,7445.9,268.1,1515.1,664.9,0.001907,0.270336
85,13594,161,-0.3226,0.0248,0.7098,0.2654,1.0,-0.7811,-1.0,12238.2,1397.7,914.9,770.1,0.011478,
86,13755,161,-0.2061,0.1254,0.686,0.1886,0.7998,-0.8057,-1.0,10667.4,1372.4,986.9,941.7,0.001849,0.271766
87,13912,157,0.8921,0.7025,0.2445,0.053,0.9901,-0.9255,-1.0,11392.1,3823.5,877.4,251.6,0.030113,
88,14074,162,-0.0045,0.04,0.433,0.527,-0.5745,-0.9596,-0.3194,5431.0,3363.4,527.8,394.2,0.007793,
89,14235,161,0.3217,0.4345,0.5264,0.0391,0.8279,-0.9022,-1.0,10774.5,2754.5,933.3,389.1,0.008194,0.293503
90,14391,156,1.0325,0.1816,0.053,0.7655,0.7281,-0.9261,0.4829,10394.0,3516.8,206.8,715.6,0.004289,0.252567
91,14555,164,0.0281,0.2776,0.4536,0.2688,1.0,-0.9169,-1.0,11914.4,3586.0,1002.5,600.9,0.005455,0.262466
92,14713,158,-0.0641,0.3047,0.3876,0.3076,0.4239,-0.9279,-1.0,9234.9,3200.0,841.2,629.7,0.00262,0.261781
93,14873,160,-0.1426,0.1767,0.5759,0.2474,0.9358,-0.868,-1.0,11185.3,2118.3,1098.4,615.8,0.001167,0.272851
94,15029,156,0.2063,0.2306,0.2447,0.5247,1.0,-0.9183,-0.4754,12679.2,3878.3,590.1,616.5,0.001308,0.288993
95,15187,158,0.1845,0.2446,0.2549,0.5005,0.9649,-0.9278,-0.6782,11296.2,3911.9,671.3,514.4,0.003745,0.267467
96,15350,163,0.101,0.094,0.3229,0.5831,1.0,-0.9215,-0.369,11744.3,3738.2,547.6,850.0,0.013826,
97,15507,157,-0.1402,0.1441,0.6934,0.1625,0.8791,-0.7869,-1.0,10969.3,1286.8,1030.7,460.2,0.000578,0.266692
98,15669,162,0.174,0.3819,0.5409,0.0772,0.8261,-0.9075,-1.0,10767.4,2908.7,1082.9,672.7,0.003221,0.281797
99,15828,159,0.5945,0.4158,0.0029,0.5814,1.0,-0.9393,-0.457,11735.6,4836.4,582.8,547.0,0.000454,
100,15991,163,0.3532,0.4478,0.5052,0.047,0.9058,-0.9005,-1.0,11071.1,2780.9,1140.3,911.6,0.005866,0.281426
101,16151,160,0.6613,0.6022,0.026,0.3718,1.0,-0.9367,-1.0,12146.1,4794.4,900.1,571.9,0.003606,0.27369
102,16318,167,0.0446,0.2635,0.215,0.5216,0.9149,-0.9466,-0.8283,11105.8,5199.0,731.3,668.0,0.000788,
103,16477,159,-0.2059,0.1569,0.4492,0.3939,1.0,-0.9061,-1.0,12385.2,3298.8,1028.8,387.2,0.00744,0.260171
104,16637,160,0.3404,0.4167,0.5423,0.041,1.0,-0.8856,-1.0,11686.2,2553.2,954.0,448.9,0.000554,0.268796
105,16803,166,0.3518,0.6659,0.251,0.0831,0.3826,-0.9453,-1.0,9077.8,4150.2,1047.7,873.3,0.009949,0.273365
106,16970,167,1.0987,0.839,0.1346,0.0264,1.0,-0.9459,-1.0,11461.2,5297.8,1252.8,352.8,0.001008,
107,17127,157,0.3915,0.0771,0.2896,0.6332,1.0,-0.9324,0.0014,11878.2,4395.2,399.4,534.7,0.006091,0.278884
108,17290,163,0.4165,0.4726,0.2628,0.2646,1.0,-0.945,-1.0,11647.9,5295.6,1004.0,383.7,0.001647,
109,17456,166,0.9843,0.1891,0.0856,0.7253,0.5268,-0.949,0.3425,9627.2,4719.4,263.0,483.2,0.005441,
110,17618,162,-0.0307,0.1445,0.7694,0.0861,0.8283,-0.6549,-1.0,10775.7,780.6,1056.2,559.5,0.000913,
111,17774,156,-0.0464,0.246,0.6462,0.1079,0.6698,-0.8438,-1.0,10172.0,1628.5,937.0,451.9,0.000952,
112,17936,162,0.1418,0.3412,0.3827,0.2761,1.0,-0.9212,-1.0,11990.9,3802.8,1173.6,343.9,0.000974,
113,18091,155,0.793,0.1145,0.1874,0.6981,0.4311,-0.958,0.3307,9262.6,5510.7,267.7,464.9,0.005633,0.263609
114,18249,158,0.5555,0.4319,0.0239,0.5442,0.8269,-0.9351,-0.508,10770.4,4145.7,603.2,656.5,0.001511,0.254702
115,18410,161,0.6957,0.6729,0.0262,0.301,0.8707,-0.9362,-1.0,10937.4,4284.8,956.4,434.8,0.006319,
116,18568,158,-0.1202,0.2329,0.3511,0.4159,0.8324,-0.9411,-1.0,10791.4,4583.3,812.0,810.6,0.000807,
117,18733,165,0.1932,0.1039,0.2961,0.6,1.0,-0.9369,-0.3179,12266.4,4856.8,527.1,590.9,0.00341,0.294073
118,18897,164,1.1857,0.9321,0.0308,0.0371,0.8679,-0.9523,-1.0,10926.7,5723.0,1032.9,455.8,0.01127,0.263438
119,19055,158,-0.3583,0.4462,0.3245,0.2293,-0.5958,-0.9659,-1.0,5349.9,3922.8,1101.6,405.0,0.00559,0.263072
120,19211,156,0.0037,0.2846,0.3316,0.3838,1.0,-0.9133,-1.0,11641.8,3355.6,1038.8,561.9,0.000708,0.258128
121,19373,162,0.3132,0.4622,0.4193,0.1185,0.8577,-0.9125,-1.0,10887.9,3110.7,1274.3,735.5,0.001181,0.266187
122,19533,160,-0.0803,0.0649,0.9003,0.0348,-0.6445,-0.2315,-1.0,5164.3,168.0,1132.2,506.5,0.004806,0.276036
123,19687,154,-0.0521,0.0413,0.408,0.5508,1.0,-0.9202,-0.5004,11972.4,3750.6,600.1,275.5,0.000557,0.258622
124,19846,159,0.486,0.1102,0.2275,0.6623,0.47,-0.9354,-0.0545,9410.7,3644.7,421.8,364.9,0.000673,
125,20008,162,0.5228,0.5146,0.4326,0.0528,1.0,-0.9165,-1.0,11693.7,3501.7,1084.4,685.4,0.01541,
126,20165,157,0.5054,0.5151,0.3285,0.1564,1.0,-0.9214,-1.0,11690.7,3717.4,878.1,470.7,0.004919,0.263676
127,20321,156,1.0462,0.2031,0.0405,0.7564,0.7028,-0.9496,0.347,10297.8,5104.2,261.2,585.5,0.004377,0.24284
128,20481,160,0.2516,0.4316,0.1029,0.4656,0.8127,-0.9436,-0.9729,10716.3,4752.5,789.2,309.3,0.003855,0.252402
129,20642,161,0.5089,0.5249,0.1552,0.3199,1.0,-0.933,-1.0,12647.1,4716.4,891.8,580.8,0.003676,
130,20805,163,0.2667,0.1108,0.2424,0.6468,0.0783,-0.9646,-0.0065,7918.5,5598.3,402.6,835.9,0.000669,0.246552
131,20969,164,0.8355,0.671,0.0511,0.2779,1.0,-0.9388,-1.0,12372.1,5053.7,1023.9,466.2,0.008978,0.269856
132,21137,168,-0.3383,0.1059,0.3825,0.5115,0.601,-0.935,-1.0,9909.9,3808.7,840.5,560.4,0.003158,0.243084
133,21298,161,0.359,0.4506,0.177,0.3724,1.0,-0.9364,-1.0,12758.0,5013.1,952.1,354.5,0.004343,
134,21462,164,1.0335,0.7926,0.1686,0.0388,1.0,-0.9121,-1.0,12135.9,3449.7,1009.2,632.1,0.000497,
135,21619,157,0.7202,0.6416,0.3387,0.0197,1.0,-0.9282,-1.0,12485.0,4344.8,1094.2,558.2,0.003919,0.263031
136,21772,153,0.9259,0.106,0.0027,0.8913,-0.2351,-0.9698,0.3679,6724.4,5563.1,252.8,602.0,0.005735,
137,21931,159,-0.2152,0.0733,0.8772,0.0495,-0.2342,-0.3347,-1.0,6727.7,252.8,1591.5,1253.6,0.000627,0.239037
138,22091,160,0.1957,0.4921,0.3702,0.1377,0.5558,-0.9369,-1.0,9737.8,3859.8,1014.9,478.9,0.000917,0.243803
139,22252,161,0.4289,0.5152,0.0261,0.4587,0.9097,-0.9408,-1.0,11086.1,4679.3,908.3,578.5,0.002763,
140,22409,157,-0.1831,0.1552,0.5541,0.2907,1.0,-0.8834,-1.0,12227.2,2621.7,1204.3,569.8,0.00082,0.235406
141,22571,162,0.9801,0.7531,0.1024,0.1445,1.0,-0.9441,-1.0,12389.7,5542.1,1008.2,608.1,0.00105,0.275493
142,22731,160,-0.1194,0.2572,0.3787,0.3641,0.7004,-0.9421,-1.0,10288.6,4438.7,1081.0,502.2,0.004604,0.239225
143,22886,155,-0.0758,0.3119,0.2216,0.4665,0.3443,-0.9505,-0.9081,8931.6,4513.8,763.2,318.0,0.017027,
144,23045,159,0.0472,0.2682,0.4986,0.2332,1.0,-0.8954,-1.0,11916.3,2848.4,1271.9,332.1,0.001584,0.240582
145,23203,158,-0.0513,0.2461,0.4485,0.3054,1.0,-0.9169,-1.0,12160.7,3656.7,1109.9,790.4,0.004268,0.246699
146,23361,158,0.0824,0.3212,0.1838,0.495,0.9757,-0.9291,-1.0,11337.4,4000.4,924.3,703.1,0.010257,0.263977
147,23519,158,-0.0526,0.2845,0.5421,0.1734,0.5948,-0.8998,-1.0,9886.2,2467.2,1176.8,405.6,0.000435,0.235892
148,23677,158,-0.0592,0.2583,0.6093,0.1324,0.661,-0.8611,-1.0,10138.4,1825.3,1060.5,745.6,0.000405,0.22545
149,23839,162,0.4674,0.535,0.0006,0.4644,0.8503,-0.9254,-0.9859,10859.8,3638.1,794.3,398.2,0.000416,0.252035
150,23997,158,1.3058,0.9433,0.0183,0.0384,0.9808,-0.9324,-1.0,11357.0,4202.0,974.5,523.8,0.000494,0.244189
151,24157,160,0.0455,0.4067,0.1791,0.4143,0.4529,-0.9096,-1.0,9345.6,2583.7,813.5,399.0,0.000808,0.230494
152,24323,166,-0.2523,0.0898,0.6647,0.2455,1.0,-0.8178,-1.0,12626.7,1732.8,1093.9,982.0,0.001626,0.241985
153,24484,161,-0.371,0.0795,0.4655,0.455,1.0,-0.9109,-1.0,11927.0,3347.8,1010.9,402.1,0.000887,
154,24645,161,0.1496,0.4271,0.373,0.1999,0.3807,-0.941,-1.0,9070.5,3844.6,973.6,320.8,0.000486,0.258079
155,24805,160,0.6615,0.6437,0.2547,0.1015,0.8009,-0.9228,-1.0,10671.4,3456.7,900.7,603.3,0.003262,0.248253
156,24973,168,-0.1253,0.1926,0.7164,0.091,0.6303,-0.8287,-1.0,10021.6,1462.4,942.7,850.6,0.000509,0.233392
157,25130,157,0.7661,0.7011,0.0434,0.2555,0.7831,-0.9296,-1.0,10603.7,3764.6,979.8,224.4,0.000746,
158,25292,162,0.4079,0.5283,0.2599,0.2118,0.8098,-0.9303,-1.0,10705.3,3841.0,932.6,547.2,0.000566,
159,25457,165,-0.1141,0.4944,0.1835,0.3221,-0.1702,-0.9638,-1.0,6971.4,4818.1,800.4,479.5,0.001721,0.26448
160,25621,164,-0.7863,0.0558,0.9023,0.0419,-0.707,-1.0,-1.0,4926.5,158.0,1225.2,597.0,0.001012,0.261806
161,25782,161,0.8576,0.9086,0.0041,0.0873,0.4991,-0.9367,-1.0,9521.5,3759.1,907.9,445.0,0.00218,
162,25940,158,0.3402,0.0396,0.2804,0.68,0.2887,-0.9436,0.0813,8720.1,3862.2,367.5,719.4,0.000691,
163,26094,154,0.3067,0.3091,0.0365,0.6543,-0.7812,-1.0,-0.02,4643.7,3602.1,408.0,333.2,0.000947,
164,26256,162,0.3364,0.4449,0.3012,0.2539,1.0,-0.9279,-1.0,11444.0,3967.1,1024.0,776.2,0.001126,
165,26408,152,0.5523,0.7093,0.0363,0.2544,0.6158,-0.936,-1.0,9966.1,3895.1,1012.4,456.7,0.001299,
166,26564,156,0.2355,0.397,0.5729,0.0301,0.8088,-0.8625,-1.0,10701.3,1945.7,966.4,749.8,0.000515,
167,26719,155,1.1769,0.9819,0.014,0.0042,0.7505,-0.9296,-1.0,10479.6,3722.7,937.5,363.2,0.000839,0.214939
168,26885,166,0.0604,0.1269,0.7841,0.089,0.968,-0.6063,-1.0,11308.2,718.0,904.8,721.9,0.000867,0.232996
169,27046,161,0.7269,0.0105,0.2336,0.7558,-0.1365,-0.9527,0.4129,7099.9,3756.2,234.8,871.3,0.023807,
170,27210,164,0.3055,0.0546,0.2734,0.672,0.6882,-0.9371,-0.0124,10242.1,4070.3,405.0,965.4,0.001617,
171,27376,166,0.717,0.6347,0.0512,0.3141,0.9678,-0.9392,-1.0,11307.4,4647.7,946.9,538.9,0.000447,
172,27542,166,1.3583,0.9554,0.0349,0.0097,1.0,-0.9364,-1.0,11522.6,4531.9,909.9,576.4,0.002281,
173,27700,158,-0.1725,0.0892,0.715,0.1958,1.0,-0.7653,-1.0,11729.7,1249.3,952.6,523.5,0.005189,
174,27862,162,-0.2899,0.1246,0.389,0.4863,0.8899,-0.919,-1.0,11010.6,3400.1,824.5,822.4,0.000451,
175,28020,158,0.2168,0.2269,0.2197,0.5535,0.9845,-0.9231,-0.5155,11370.8,3695.2,606.2,547.4,0.001889,
176,28174,154,-0.0515,0.0861,0.3578,0.5562,0.9515,-0.9344,-0.4592,11245.3,4282.6,583.7,609.5,0.003368,
177,28334,160,-0.0088,0.218,0.2574,0.5245,1.0,-0.92,-0.8378,12275.9,3836.4,735.1,600.4,0.000857,
178,28494,160,-0.1725,0.1698,0.5097,0.3205,0.8725,-0.9133,-1.0,10944.2,3157.4,1013.7,512.9,0.000386,
179,28653,159,0.6067,0.4792,0.0397,0.4811,1.0,-0.9321,-0.6885,11738.1,4324.9,675.4,389.1,0.001818,0.248893
180,28812,159,-0.0457,0.0031,0.8722,0.1247,0.4162,-0.1546,-1.0,9205.9,272.2,978.7,750.6,0.000279,
181,28971,159,0.4243,0.5018,0.0275,0.4707,1.0,-0.9322,-1.0,12950.1,4777.8,821.2,799.8,0.000477,0.220885
182,29124,153,0.9149,0.0587,0.0707,0.8706,-0.3901,-0.9576,0.4105,6133.7,3618.2,235.8,343.3,0.000704,
183,29283,159,0.9465,0.7976,0.1265,0.0759,0.8394,-0.9311,-1.0,10818.0,3924.5,910.9,331.0,0.000561,0.241409
184,29441,158,0.3676,0.4547,0.1171,0.4282,1.0,-0.9249,-1.0,12110.9,4032.9,869.1,456.1,0.000561,0.242531
185,29598,157,0.7823,0.1821,0.0923,0.7255,0.7272,-0.9322,0.2263,10390.6,3831.0,309.5,780.2,0.000982,
186,29757,159,0.5845,0.5713,0.2095,0.2192,1.0,-0.9254,-1.0,11584.3,3881.9,923.3,678.9,0.000653,0.223062
187,29916,159,1.2136,0.9331,0.0071,0.0598,0.9441,-0.9301,-1.0,11217.1,4014.7,1008.9,1108.7,0.000457,
188,30071,155,1.0058,0.0725,0.0176,0.9099,0.2115,-0.9436,0.4791,8425.7,3735.8,208.4,657.6,0.000727,0.216888
189,30226,155,-0.1226,0.1268,0.3286,0.5446,0.6956,-0.9377,-0.6464,10270.1,4122.0,658.6,493.1,0.000588,
190,30387,161,0.7336,0.6509,0.0937,0.2554,1.0,-0.9066,-1.0,12843.4,3437.7,941.8,492.0,0.000459,0.246993
191,30542,155,0.2313,0.6775,0.2982,0.0243,0.1864,-0.9373,-1.0,8330.1,3320.2,816.5,543.2,0.001046,
192,30706,164,-0.3989,0.0416,0.4777,0.4807,1.0,-0.9152,-0.9685,11700.4,3448.1,787.4,499.3,0.00214,
193,30866,160,0.032,0.1265,0.8383,0.0353,0.6341,-0.4055,-1.0,10035.8,422.0,1133.6,541.7,0.003022,
194,31028,162,0.1998,0.326,0.1838,0.4902,0.7223,-0.9123,-0.7125,10372.0,2958.1,685.0,381.1,0.002516,
195,31186,158,0.8631,0.1722,0.0748,0.753,0.0636,-0.9464,0.3322,7862.4,3667.4,267.1,485.4,0.003405,
196,31344,158,-0.0889,0.2161,0.4212,0.3628,1.0,-0.9131,-1.0,12338.4,3551.1,974.6,216.2,0.00153,
197,31509,165,-0.0894,0.6053,0.1999,0.1948,-0.1904,-0.9547,-1.0,6894.7,3808.2,994.3,587.9,0.000755,0.259942
198,31665,156,0.35,0.5542,0.0648,0.381,0.6108,-0.9373,-1.0,9947.1,3966.0,819.7,418.8,0.000618,0.23557
199,31828,163,0.6608,0.1449,0.1443,0.7108,-0.2557,-0.9615,0.2934,6645.6,4316.7,282.6,433.1,0.000499,
200,31987,159,0.5656,0.1291,0.1876,0.6833,0.7512,-0.9242,0.0295,10482.0,3458.0,388.2,474.6,0.000422,0.262857
201,32148,161,0.1878,0.4196,0.1177,0.4627,0.5193,-0.934,-0.8379,9598.7,3635.8,735.1,840.9,0.004127,
202,32308,160,0.428,0.1014,0.2074,0.6912,0.2514,-0.9547,-0.0122,8578.0,4733.8,404.9,433.3,0.000705,
203,32463,155,0.7551,0.7393,0.2096,0.0511,0.7495,-0.9275,-1.0,10475.6,3612.7,923.9,432.1,0.00035,0.253077
204,32522,59,-0.6701,0.3765,0.3227,0.3008,-1.0,-1.0,-0.2419,0.0,1111.3,496.8,231.1,0.001027,
205,32685,163,0.775,0.725,0.0854,0.1897,0.8351,-0.9302,-1.0,10801.7,3867.6,913.7,738.2,0.008133,0.247744
206,32846,161,0.2942,0.361,0.076,0.563,0.5014,-0.9455,-0.5694,9530.5,4373.7,627.8,447.8,0.01324,
207,33010,164,0.2087,0.4392,0.2589,0.3019,0.752,-0.9347,-1.0,10485.2,4016.1,1190.2,624.3,0.006363,
208,33168,158,0.716,0.622,0.2376,0.1404,0.9992,-0.9304,-1.0,11426.8,4104.3,908.5,605.5,0.000413,
209,33328,160,0.0916,0.4296,0.3003,0.2701,0.5925,-0.9415,-1.0,9877.4,4224.6,1132.6,799.9,0.004798,
210,33485,157,-0.0831,0.1142,0.3751,0.5107,0.6846,-0.9212,-0.5959,10228.4,3245.3,638.4,676.1,0.000213,0.231064
211,33643,158,0.0724,0.2521,0.6296,0.1183,1.0,-0.8159,-1.0,13011.7,1766.5,1004.4,478.2,0.001537,0.265212
212,33804,161,-0.0576,0.2082,0.6193,0.1725,1.0,-0.8457,-1.0,11486.0,1860.4,1160.8,576.2,0.000563,
213,33966,162,0.0729,0.1429,0.2639,0.5932,0.7035,-0.9151,-0.428,10300.2,3032.4,571.2,705.0,0.000169,
214,34127,161,1.3012,0.9102,0.0409,0.049,1.0,-0.9187,-1.0,11721.1,3606.1,875.1,492.3,0.021219,0.223766
215,34292,165,0.538,0.6405,0.0411,0.3183,0.699,-0.9436,-1.0,10283.0,4559.4,908.2,415.0,0.003537,
216,34455,163,0.7304,0.1275,0.1157,0.7568,0.0065,-0.9619,0.3398,7644.9,5019.5,264.1,988.1,0.000389,0.2544
217,34615,160,-0.083,0.2195,0.2951,0.4855,1.0,-0.9237,-1.0,12243.7,4011.4,897.2,321.5,0.001496,0.276314
218,34774,159,0.6962,0.1375,0.1162,0.7462,-0.5353,-0.9631,0.3959,5580.6,3779.1,241.6,646.3,0.000799,
219,34937,163,0.0044,0.3802,0.178,0.4418,0.472,-0.9448,-1.0,9418.3,4263.2,942.2,414.9,0.000598,0.265339
220,35101,164,0.4626,0.572,0.3022,0.1259,0.6886,-0.921,-1.0,10243.5,3242.9,1062.9,584.2,0.000418,0.226113
221,35255,154,-0.0421,0.3041,0.5672,0.1286,0.5623,-0.8895,-1.0,9762.5,2208.5,1107.8,461.6,0.000324,0.221025
222,35421,166,0.6648,0.8825,0.0489,0.0686,0.3867,-0.9399,-1.0,9093.3,3780.4,1066.9,680.7,0.002377,0.246887
223,35587,166,0.2718,0.4584,0.2605,0.2811,0.758,-0.9307,-1.0,10508.2,3792.3,939.9,892.6,0.000323,0.272381
224,35751,164,-0.4421,0.046,0.5601,0.3939,0.9578,-0.9017,-1.0,11269.2,2866.1,1022.0,838.7,0.000752,0.243909
225,35912,161,0.3311,0.4515,0.1039,0.4447,1.0,-0.9339,-1.0,11540.3,4363.6,931.2,582.0,0.000332,
226,36077,165,-0.2759,0.0636,0.7209,0.2155,0.9917,-0.7655,-1.0,11398.3,1215.4,965.9,829.9,0.000494,0.245434
227,36235,158,0.1421,0.3396,0.35,0.3104,0.9122,-0.9112,-1.0,11095.3,3122.3,890.7,475.5,0.000417,0.247015
228,36392,157,-0.0798,0.1052,0.7757,0.1191,0.7537,-0.657,-0.9225,10491.6,764.7,769.0,571.0,0.00097,
229,36551,159,-0.2103,0.0242,0.8036,0.1722,0.514,-0.5501,-1.0,9578.2,532.3,842.6,687.4,0.001432,0.250658
230,36707,156,0.8074,0.2126,0.0387,0.7487,-0.414,-0.9589,0.3952,6042.6,3672.4,241.9,498.4,0.002519,0.238864
231,36870,163,0.088,0.3235,0.5577,0.1188,0.9072,-0.8927,-1.0,11076.4,2580.3,1141.4,570.0,0.000999,
232,37032,162,0.7375,0.6423,0.0229,0.3348,1.0,-0.9146,-1.0,12568.3,3681.2,931.8,455.7,0.000885,
233,37187,155,-0.0211,0.236,0.6185,0.1455,0.9064,-0.8686,-1.0,11073.4,2107.5,1070.2,411.6,0.000278,0.219529
234,37352,165,1.0985,0.9179,0.0743,0.0078,0.8614,-0.9406,-1.0,10901.9,4584.9,1072.3,621.2,0.000403,
235,37512,160,-0.1904,0.0735,0.7631,0.1634,0.8841,-0.6929,-1.0,10988.3,894.4,1181.6,506.8,0.001025,
236,37671,159,-0.2254,0.1945,0.3604,0.4451,0.7537,-0.9358,-1.0,10491.7,4085.4,942.3,782.2,0.000359,0.256204
237,37829,158,0.6565,0.3657,0.0406,0.5937,1.0,-0.9121,-0.388,12348.7,3510.8,555.2,811.4,0.000312,0.233927
238,37985,156,0.0738,0.3255,0.2504,0.4241,0.6239,-0.9228,-0.7796,9997.0,3237.8,711.8,519.0,0.000623,0.244913
239,38148,163,0.1233,0.2803,0.6576,0.0621,1.0,-0.8171,-1.0,11614.2,1587.2,979.2,733.3,0.001096,
240,38311,163,0.4151,0.0551,0.2455,0.6994,0.8137,-0.9372,0.0792,10720.4,4269.0,368.3,435.0,0.000479,0.259089
241,38475,164,-0.0845,0.105,0.4401,0.455,0.8746,-0.9121,-0.6603,10952.4,3114.5,664.1,612.9,0.000568,0.243673
242,38639,164,-0.045,0.1908,0.633,0.1762,1.0,-0.8103,-1.0,12765.1,1682.7,1116.1,807.8,0.000575,0.211216
243,38804,165,1.0203,0.7999,0.1632,0.0369,0.8477,-0.9224,-1.0,10849.8,3494.7,817.9,367.4,0.005645,
244,38966,162,0.1102,0.4523,0.3268,0.2209,0.4542,-0.9281,-1.0,9350.5,3249.2,1000.2,526.0,0.000573,
245,39122,156,-0.331,0.1348,0.4616,0.4036,0.5568,-0.9291,-1.0,9741.2,3436.5,1011.8,385.2,0.000551,
246,39284,162,0.7418,0.0979,0.1558,0.7463,-0.451,-0.9576,0.4214,5901.6,3477.8,231.5,432.3,0.000983,
247,39444,160,-0.0215,0.0502,0.8542,0.0956,0.6914,-0.2572,-1.0,10254.1,345.1,1053.0,692.1,0.000223,
248,39609,165,-0.1075,0.2203,0.4076,0.3721,1.0,-0.9192,-1.0,12631.9,3908.7,1107.6,508.8,0.000265,0.234461
249,39771,162,-0.1049,0.2026,0.3306,0.4667,0.9975,-0.9262,-1.0,11420.4,3866.2,921.6,312.4,0.003635,0.246938
250,39932,161,0.5097,0.6291,0.2542,0.1167,0.6981,-0.9382,-1.0,10279.6,4158.8,1013.7,527.4,0.000222,
251,40091,159,0.1581,0.3314,0.3859,0.2826,0.982,-0.9054,-1.0,11361.5,3001.3,932.2,275.4,0.019831,0.219305
252,40243,152,0.5778,0.778,0.148,0.074,0.4315,-0.931,-1.0,9264.1,3354.2,819.4,615.4,0.000304,0.238279
253,40406,163,-0.355,0.0668,0.6782,0.255,0.5704,-0.8328,-1.0,9793.2,1464.1,1163.1,566.5,0.000775,
254,40560,154,-0.0174,0.2057,0.7245,0.0698,0.7542,-0.7268,-1.0,10493.5,960.1,1047.6,450.7,0.000675,
255,40716,156,0.873,0.1807,0.0728,0.7464,0.1417,-0.9438,0.3959,8159.8,3628.7,241.7,651.9,0.00127,
256,40882,166,0.8123,0.0188,0.1895,0.7917,-0.8675,-1.0,0.4153,4314.9,4343.2,233.9,370.5,0.005064,
257,41043,161,0.3398,0.4112,0.0982,0.4906,0.7877,-0.9355,-0.7686,10621.3,4118.2,707.4,459.8,0.002688,0.274448
258,41197,154,0.8919,0.6975,0.1207,0.1818,1.0,-0.9069,-1.0,12228.2,3285.3,823.0,272.5,0.000419,0.270134
259,41354,157,0.4058,0.5122,0.3933,0.0944,0.8313,-0.917,-1.0,10787.1,3248.6,1126.7,404.1,0.000472,
260,41515,161,0.7866,0.6609,0.1852,0.1539,1.0,-0.8921,-1.0,12119.2,2807.5,972.7,426.1,0.00039,0.227077
261,41672,157,0.0528,0.29,0.5657,0.1443,0.8993,-0.8842,-1.0,11046.1,2384.4,868.8,844.2,0.000385,
262,41836,164,0.3456,0.48,0.3111,0.209,0.8924,-0.9325,-1.0,11020.2,4081.8,1026.0,394.8,0.000779,
263,41992,156,-0.2371,0.084,0.3638,0.5522,0.7219,-0.9301,-0.8213,10370.3,3708.3,728.5,290.4,0.000237,
264,42158,166,0.0058,0.2525,0.6791,0.0685,0.8404,-0.8619,-1.0,10821.9,1958.4,1079.7,644.3,0.000536,
265,42318,160,0.3363,0.4435,0.3505,0.206,1.0,-0.9169,-1.0,11626.4,3499.3,1097.6,631.6,0.000323,
266,42482,164,0.4781,0.6819,0.0651,0.253,0.5446,-0.9272,-1.0,9694.7,3328.6,989.5,789.8,0.004054,
267,42639,157,0.357,0.1884,0.2295,0.5821,0.8718,-0.9258,-0.3117,10941.4,3685.1,524.7,542.5,0.002777,0.279753
268,42802,163,0.0972,0.2989,0.3722,0.3289,1.0,-0.9221,-1.0,11432.5,3668.0,963.8,540.1,0.001042,
269,42963,161,0.6012,0.3169,0.0873,0.5957,0.4599,-0.9341,-0.021,9372.1,3556.1,408.4,472.1,0.000783,0.268987
270,43118,155,-0.0333,0.1372,0.7698,0.0931,0.9491,-0.675,-1.0,11236.1,864.4,1014.6,582.4,0.001056,
271,43279,161,0.1333,0.1867,0.7692,0.0441,1.0,-0.6249,-1.0,12125.2,808.2,1071.5,653.2,0.00149,0.2109
272,43440,161,-0.1189,0.0583,0.8924,0.0494,-0.3776,-0.3103,-1.0,6181.4,224.1,997.4,432.2,0.000371,
273,43599,159,0.3182,0.3511,0.0557,0.5932,0.1818,-0.9496,-0.3898,8312.5,4120.0,555.9,539.8,0.000305,0.24504
274,43760,161,0.5184,0.5179,0.0339,0.4482,0.9627,-0.9396,-1.0,11287.7,4669.5,858.2,606.1,0.00021,
275,43921,161,0.3399,0.4719,0.3186,0.2096,0.7407,-0.9284,-0.8888,10441.9,3648.2,755.5,626.5,0.002755,0.233466
276,44079,158,0.9178,0.6954,0.176,0.1286,0.9882,-0.9122,-0.8677,11385.0,3240.0,747.1,330.2,0.000328,0.218236
277,44235,156,-0.8176,0.0118,0.9494,0.0387,-0.7933,-1.0,-1.0,4597.5,148.4,1165.9,305.1,0.000541,0.226946
278,44402,167,0.4826,0.5548,0.1677,0.2775,0.8124,-0.9052,-1.0,10715.3,2827.0,953.2,688.4,0.000355,
279,44566,164,0.3168,0.5114,0.0523,0.4363,0.6653,-0.9389,-1.0,10154.8,4151.9,804.9,348.3,0.00048,
280,44725,159,1.0799,0.8505,0.0681,0.0814,0.9344,-0.93,-1.0,11179.9,3995.5,856.1,1027.2,0.00416,0.254016
281,44881,156,0.7087,0.6089,0.3101,0.0809,1.0,-0.9094,-1.0,12038.3,3320.5,1089.2,481.7,0.000223,0.216664
282,45033,152,0.3987,0.4669,0.1985,0.3346,1.0,-0.9049,-1.0,11608.7,3050.7,817.3,559.7,0.000282,0.202152
283,45193,160,0.6043,0.3884,0.0619,0.5497,1.0,-0.8967,-0.5176,12272.8,2969.2,607.0,456.8,0.000266,0.255572
284,45360,167,0.0379,0.2787,0.1237,0.5977,-0.0372,-0.9471,-0.6291,7478.3,3531.4,651.7,872.6,0.001066,
285,45513,153,0.6341,0.5367,0.0486,0.4148,0.9317,-0.9265,-0.7248,11169.6,3799.5,689.9,450.2,0.000942,0.288046
286,45666,153,0.3996,0.5716,0.3213,0.1071,0.6388,-0.9143,-1.0,10053.8,2931.9,1017.6,352.2,0.000494,
287,45830,164,-0.0047,0.3019,0.1901,0.508,0.863,-0.9378,-1.0,10908.1,4386.8,821.3,574.5,0.003284,
288,45990,160,0.6313,0.3398,0.009,0.6512,0.4091,-0.9389,-0.0992,9178.5,3757.5,439.7,782.4,0.000301,
289,46150,160,0.079,0.1635,0.2555,0.5809,1.0,-0.9294,-0.5577,12301.2,4353.1,623.1,564.4,0.000469,
290,46317,167,0.8005,0.6815,0.3031,0.0155,0.9405,-0.9319,-1.0,11203.1,4111.4,1083.6,781.4,0.001783,0.267817
291,46476,159,0.1183,0.2936,0.2426,0.4638,1.0,-0.9206,-0.8946,11600.8,3650.9,757.8,653.0,0.001133,
292,46636,160,0.3431,0.1701,0.2199,0.61,0.8924,-0.929,-0.3002,11020.2,3882.5,520.1,337.9,0.003254,
293,46797,161,0.7353,0.6282,0.2139,0.1578,1.0,-0.9169,-1.0,12720.3,3828.7,946.4,408.7,0.004477,0.260691
294,46959,162,0.4501,0.2579,0.1206,0.6215,0.3596,-0.9294,-0.2309,8990.0,3181.4,492.4,504.6,0.000568,0.222318
295,47125,166,0.9031,0.0751,0.0851,0.8398,-0.4907,-0.9608,0.3883,5750.5,3668.1,244.7,393.4,0.002726,0.243582
296,47285,160,0.3721,0.5476,0.1549,0.2975,0.6191,-0.9252,-0.9002,9978.7,3334.6,760.1,463.8,0.000587,0.246329
297,47443,158,-0.0903,0.4419,0.4307,0.1274,-0.0021,-0.939,-1.0,7612.1,3120.9,862.7,335.9,0.000789,0.247932
298,47608,165,0.1951,0.3719,0.2178,0.4104,0.7007,-0.9341,-1.0,10289.5,3901.0,844.8,388.7,0.000254,
299,47759,151,0.26,0.451,0.4685,0.0805,0.8245,-0.9176,-1.0,10761.3,3264.8,905.0,653.0,0.009144,0.258455
300,47916,157,0.3593,0.488,0.4375,0.0744,0.82,-0.9169,-1.0,10744.3,3232.5,977.6,527.9,0.001007,
301,48080,164,-0.4837,0.0123,0.5818,0.406,0.6724,-0.9039,-1.0,10181.8,2648.8,854.1,654.8,0.002398,
302,48242,162,0.0797,0.2602,0.6813,0.0585,0.9519,-0.8217,-1.0,11246.9,1577.3,1170.3,427.6,0.007882,
303,48404,162,0.975,0.7581,0.127,0.1149,0.9954,-0.9222,-1.0,11412.5,3669.5,899.2,545.9,0.000866,
304,48560,156,0.1444,0.399,0.2091,0.392,0.8017,-0.9378,-1.0,10674.4,4287.9,885.0,451.7,0.002942,
305,48720,160,-0.0889,0.0986,0.8519,0.0495,0.1559,-0.4274,-1.0,8214.1,358.6,1079.2,479.0,0.000307,
306,48874,154,0.0415,0.4695,0.3933,0.1373,0.303,-0.9444,-1.0,8774.3,3947.8,969.1,642.5,0.000193,
307,49033,159,0.6189,0.1875,0.117,0.6955,-0.2321,-0.9574,0.1603,6735.8,3955.9,335.9,347.1,0.000371,0.224711
308,49194,161,0.2036,0.3617,0.4795,0.1589,0.9439,-0.9212,-1.0,11216.3,3556.6,1031.3,327.3,0.000337,
309,49354,160,0.8431,0.0284,0.0418,0.9298,0.3723,-0.9483,0.3006,9038.4,4370.2,279.7,607.6,0.000449,
310,49508,154,0.1738,0.472,0.3859,0.1421,0.5759,-0.9318,-1.0,9814.1,3595.9,1067.8,469.9,0.000398,
311,49672,164,0.0911,0.4212,0.1913,0.3875,0.5756,-0.94,-1.0,9813.1,4085.5,920.1,820.4,0.000359,
312,49833,161,-0.1433,0.0803,0.773,0.1466,0.5406,-0.6616,-1.0,9679.8,715.0,988.6,453.7,0.000398,0.268351
313,49989,156,0.0883,0.3718,0.3583,0.2698,0.4592,-0.9365,-0.9357,9369.7,3688.3,774.3,553.5,0.000354,0.252081
314,50146,157,-0.0515,0.2022,0.6321,0.1657,0.8603,-0.8422,-1.0,10897.7,1726.7,871.5,163.8,0.001807,
315,50310,164,0.2279,0.3458,0.6049,0.0493,1.0,-0.8561,-1.0,12789.4,2222.0,1112.4,399.9,0.000393,
316,50469,159,-0.2756,0.1353,0.5254,0.3393,0.6731,-0.8974,-1.0,10184.7,2482.5,892.0,538.2,0.000863,0.277404
317,50636,167,-0.1066,0.1826,0.5902,0.2272,1.0,-0.8763,-1.0,12300.2,2486.8,1053.4,426.2,0.000462,
318,50801,165,0.9463,0.749,0.054,0.1971,1.0,-0.9259,-1.0,12102.8,4083.1,1100.3,553.5,0.000301,0.294795
319,50962,161,-0.1474,0.143,0.5994,0.2575,0.9694,-0.8778,-1.0,11313.5,2315.1,935.9,575.2,0.002775,
320,51124,162,0.3801,0.4787,0.1024,0.4188,0.9538,-0.9303,-1.0,11253.9,4034.8,829.6,769.7,0.000491,
321,51279,155,1.3291,0.9137,0.0861,0.0002,1.0,-0.9199,-1.0,11545.6,3604.8,826.7,534.8,0.00216,0.237735
322,51438,159,1.2574,0.8769,0.1117,0.0114,1.0,-0.9104,-0.7454,11454.7,3196.7,698.2,370.3,0.000458,
323,51599,161,-0.0039,0.2503,0.6813,0.0684,0.6748,-0.8343,-1.0,10191.0,1537.3,977.7,515.1,0.000383,0.207493
324,51760,161,0.2649,0.3644,0.5415,0.0941,1.0,-0.8798,-1.0,11504.9,2393.4,991.6,632.9,0.000592,
325,51920,160,1.0639,0.7967,0.0679,0.1354,1.0,-0.9314,-1.0,12016.1,4379.2,862.1,540.8,0.002258,
326,52083,163,0.5951,0.1518,0.1235,0.7248,-0.9592,-1.0,0.2284,3965.5,3936.2,308.6,636.8,0.000858,0.255719
327,52245,162,0.0139,0.8821,0.0693,0.0486,-0.3832,-0.9544,-1.0,6160.1,3376.0,952.1,378.7,0.000914,0.280955
328,52405,160,0.65,0.1348,0.1753,0.6899,1.0,-0.9189,0.137,12634.2,3892.4,345.2,516.3,0.000202,0.228416
329,52572,167,0.2667,0.3507,0.0867,0.5626,0.2471,-0.9484,-0.5533,8561.4,4151.1,621.3,638.0,0.003409,
330,52726,154,0.2206,0.3873,0.264,0.3486,1.0,-0.9197,-1.0,12094.1,3763.1,833.6,419.4,0.005218,
331,52885,159,0.134,0.4052,0.2952,0.2995,0.6995,-0.9312,-1.0,10285.1,3735.0,925.7,701.3,0.000557,0.226829
332,53050,165,0.1998,0.4103,0.3807,0.2091,0.7993,-0.9166,-1.0,10665.4,3195.4,1227.0,425.8,0.00069,
333,53207,157,0.861,0.0191,0.1936,0.7873,-0.6322,-0.962,0.4336,5211.2,3429.8,226.6,244.1,0.000726,0.236145
334,53366,159,0.619,0.6106,0.2078,0.1816,0.8782,-0.926,-1.0,10965.8,3706.2,917.6,398.0,0.000952,
335,53522,156,0.0597,0.1994,0.7605,0.0401,0.8174,-0.7068,-1.0,10734.1,915.1,853.1,463.4,0.000582,
336,53683,161,-0.1224,0.1108,0.4179,0.4714,1.0,-0.9086,-0.7469,11890.1,3251.1,698.8,549.8,0.003518,0.258498
337,53846,163,1.037,0.848,0.1064,0.0455,0.8907,-0.926,-1.0,11013.7,3719.6,1053.2,860.8,0.000352,
338,54006,160,0.4073,0.4625,0.2179,0.3196,1.0,-0.9281,-1.0,11814.0,4106.4,885.8,346.8,0.000803,
339,54165,159,0.0884,0.2156,0.7118,0.0726,1.0,-0.7787,-1.0,11798.1,1333.0,930.2,446.1,0.000289,0.261987
340,54326,161,0.8733,0.1221,0.0229,0.8551,-0.0677,-0.9519,0.4229,7361.9,3825.9,230.8,1196.8,0.000624,
341,54489,163,-0.254,0.168,0.5619,0.2701,0.4668,-0.9147,-1.0,9398.7,2753.9,825.0,548.5,0.000353,0.229336
342,54651,162,0.0259,0.2799,0.4258,0.2943,1.0,-0.9195,-1.0,11985.9,3721.4,996.1,636.7,0.00151,0.237828
343,54813,162,1.0056,0.13,0.0179,0.8521,0.3795,-0.9456,0.4106,9065.8,4167.2,235.8,706.7,0.001462,0.253093
344,54969,156,-0.0584,0.1705,0.6325,0.1971,1.0,-0.8222,-0.9452,12507.6,1758.2,778.1,444.8,0.000299,0.266869
345,55134,165,0.4752,0.5289,0.1368,0.3342,0.9085,-0.9242,-1.0,11081.5,3654.9,925.1,690.3,0.000853,
346,55293,159,-0.3609,0.0885,0.4572,0.4543,0.9196,-0.9147,-1.0,11123.6,3258.8,935.3,574.7,0.000817,0.241647
347,55451,158,1.2877,0.9063,0.0498,0.044,0.9983,-0.9433,-1.0,11423.5,5039.7,958.6,445.3,0.00042,0.252148
348,55618,167,0.9858,0.0115,0.0287,0.9598,0.1324,-0.9441,0.3553,8124.6,3634.3,257.9,768.5,0.001714,
349,55779,161,0.7106,0.6488,0.1763,0.1749,0.9978,-0.9216,-1.0,11421.6,3641.1,1138.3,970.0,0.000651,0.248592
350,55939,160,0.5735,0.6569,0.2664,0.0766,0.7149,-0.9119,-1.0,10343.9,2934.4,953.9,516.0,0.006566,0.205025
351,56100,161,-0.3075,0.1256,0.6811,0.1933,-0.0676,-0.8776,-1.0,7362.3,1503.7,902.2,448.1,0.000252,
352,56255,155,0.4524,0.4921,0.067,0.4408,1.0,-0.9138,-1.0,11839.8,3433.5,831.2,344.6,0.001161,0.267077
353,56419,164,0.1585,0.3348,0.2515,0.4137,1.0,-0.9263,-1.0,11475.9,3891.5,910.5,550.0,0.002723,0.23993
354,56581,162,0.7639,0.1817,0.1396,0.6787,0.5996,-0.9401,0.1647,9904.3,4132.3,334.1,361.0,0.000393,0.235412
355,56736,155,0.4608,0.8068,0.0772,0.116,0.2493,-0.9423,-1.0,8569.7,3712.4,876.7,684.0,0.000513,
356,56896,160,1.0306,0.9413,0.0562,0.0025,0.6123,-0.944,-1.0,9952.8,4446.6,854.9,389.3,0.004237,
357,57062,166,0.41,0.5355,0.3905,0.074,0.614,-0.9225,-1.0,9959.5,3213.7,918.7,334.4,0.000307,
358,57223,161,0.302,0.1526,0.2837,0.5636,0.4686,-0.9383,-0.3546,9405.5,3810.5,541.8,523.7,0.000907,0.276402
359,57387,164,0.9178,0.835,0.0657,0.0993,0.7648,-0.9263,-1.0,10533.8,3571.1,1008.9,597.0,0.000371,0.246096
360,57545,158,0.9415,0.7452,0.1901,0.0646,1.0,-0.9284,-1.0,12273.0,4287.9,927.3,542.5,0.000649,0.232841
361,57709,164,0.5681,0.5676,0.0999,0.3325,0.9535,-0.9257,-1.0,11252.9,3788.7,888.5,689.6,0.000332,0.264605
362,57875,166,0.2467,0.1421,0.8318,0.026,0.8505,-0.21,-1.0,10860.4,343.7,1080.1,658.1,0.00045,0.262434
363,58031,156,0.2878,0.4126,0.3504,0.237,1.0,-0.9168,-1.0,12353.4,3711.6,836.2,731.8,0.000449,0.245536
364,58194,163,-0.0561,0.2373,0.4661,0.2966,0.7873,-0.9113,-0.9281,10619.4,2994.7,771.3,680.4,0.003114,
365,58349,155,0.1423,0.2772,0.247,0.4758,1.0,-0.9163,-0.8402,12457.0,3718.9,736.1,427.9,0.003054,0.239448
366,58516,167,0.3205,0.2412,0.211,0.5478,0.9933,-0.9318,-0.4304,11404.4,4182.6,572.2,464.2,0.00156,
367,58683,167,-0.0947,0.1331,0.705,0.162,1.0,-0.755,-1.0,11939.8,1218.2,1168.4,742.8,0.000772,0.24247
368,58844,161,-0.1491,0.1523,0.4201,0.4275,1.0,-0.9119,-0.8787,11615.3,3295.1,751.5,568.7,0.001319,
369,58996,152,0.5895,0.5596,0.1933,0.2471,1.0,-0.9353,-1.0,11522.5,4454.9,880.2,449.2,0.000362,
370,59156,160,1.1514,0.8486,0.0177,0.1337,1.0,-0.8983,-1.0,12672.0,3115.4,890.3,502.9,0.000388,
371,59317,161,0.0142,0.2684,0.4111,0.3205,1.0,-0.9042,-1.0,12822.9,3347.9,945.3,741.2,0.000462,0.260655
372,59477,160,-0.211,0.0637,0.7279,0.2084,1.0,-0.7329,-1.0,11799.7,1104.3,1017.1,446.4,0.00038,0.223835
373,59636,159,0.5982,0.5893,0.1947,0.2159,0.9367,-0.923,-1.0,11188.8,3630.8,958.5,725.1,0.00029,
374,59796,160,0.7213,0.8029,0.0989,0.0982,0.6215,-0.9312,-1.0,9987.8,3631.9,986.0,962.4,0.000786,
375,59956,160,0.9653,0.0897,0.0713,0.839,-0.4605,-0.9615,0.4921,5865.5,3810.8,203.1,367.3,0.000252,
376,60112,156,-0.146,0.1988,0.4647,0.3365,0.9032,-0.8923,-1.0,11061.1,2567.5,982.7,608.6,0.002172,
377,60269,157,0.3045,0.2509,0.1673,0.5818,0.7875,-0.9314,-0.4218,10620.5,3868.4,568.7,512.5,0.000391,0.204262
378,60426,157,-0.0146,0.2939,0.3165,0.3896,0.6669,-0.9352,-1.0,10161.0,3919.2,882.7,397.8,0.000592,
379,60586,160,0.3604,0.1847,0.1959,0.6193,1.0,-0.9228,-0.2416,11525.3,3732.7,496.6,827.0,0.000266,
380,60748,162,-0.3045,0.049,0.6943,0.2566,0.8084,-0.8025,-1.0,10699.9,1354.4,865.3,275.2,0.000321,
381,60908,160,-0.2899,0.0255,0.7252,0.2493,1.0,-0.7234,-1.0,11903.4,1075.9,1064.3,506.1,0.003088,
382,61062,154,-0.323,0.0892,0.6259,0.2849,0.8177,-0.8413,-1.0,10735.6,1690.9,963.9,720.5,0.000305,
383,61221,159,-0.2991,0.1177,0.4194,0.4629,0.779,-0.9299,-1.0,10588.2,3773.7,821.5,800.8,0.000425,0.243556
384,61386,165,-0.3132,0.0631,0.5293,0.4076,0.6834,-0.9115,-0.9025,10223.6,2888.4,761.0,453.5,0.000653,
385,61534,148,0.5833,0.3174,0.0836,0.599,0.904,-0.898,-0.2435,11064.1,2710.5,497.4,577.8,0.001883,
386,61694,160,0.1351,0.3257,0.6413,0.033,0.7475,-0.856,-1.0,10467.8,1817.2,970.5,335.1,0.000492,
387,61852,158,0.0754,0.4858,0.5021,0.0121,0.3139,-0.9201,-1.0,8816.1,2757.1,979.1,380.0,0.000581,
388,62006,154,0.5481,0.5708,0.2735,0.1557,0.9003,-0.923,-1.0,11050.3,3585.8,1049.3,635.6,0.00053,
389,62171,165,1.1623,0.8432,0.1206,0.0362,1.0,-0.9422,-1.0,11648.9,5040.9,840.3,564.5,0.000323,0.24347
390,62328,157,-0.0163,0.2335,0.5268,0.2397,1.0,-0.8482,-1.0,12047.0,1984.2,969.8,580.9,0.001764,
391,62488,160,0.7744,0.2176,0.0625,0.7199,0.3961,-0.9389,0.2603,9129.2,3736.2,295.9,813.8,0.000561,
392,62648,160,0.5008,0.2259,0.1483,0.6258,0.7313,-0.9348,-0.125,10406.4,3991.9,450.0,471.2,0.000484,
393,62802,154,-0.3638,0.0428,0.6302,0.3271,1.0,-0.8409,-1.0,12415.6,1950.4,913.7,370.4,0.001643,
394,62960,158,-0.119,0.2482,0.4046,0.3472,0.561,-0.9273,-1.0,9757.3,3353.5,851.6,507.4,0.000493,
395,63119,159,0.46,0.4708,0.5168,0.0124,0.8631,-0.8979,-0.9983,10908.5,2670.3,799.3,605.4,0.000331,0.226213
396,63282,163,-0.3056,0.0852,0.5438,0.371,0.9821,-0.8574,-1.0,11361.8,1992.0,955.9,416.3,0.001305,
397,63443,161,0.6289,0.6513,0.0346,0.3141,0.8354,-0.9382,-1.0,10802.7,4370.9,951.5,746.8,0.000396,0.224211
398,63600,157,0.3135,0.2057,0.1188,0.6755,0.2064,-0.9416,-0.1249,8406.6,3596.6,449.9,591.1,0.000725,
399,63762,162,-0.2196,0.1567,0.4126,0.4307,1.0,-0.9149,-1.0,12254.7,3599.0,962.7,632.8,0.000482,
400,63932,170,-0.0049,0.0152,0.9396,0.0452,-0.3033,-0.139,-1.0,6464.4,187.7,1217.1,1101.3,0.001318,
401,64091,159,-0.2799,0.0826,0.5695,0.3479,0.7656,-0.8946,-0.941,10536.9,2499.4,776.4,332.4,0.00062,0.252777
402,64252,161,0.6744,0.1389,0.1295,0.7316,0.0845,-0.9499,0.275,7942.0,3966.0,290.0,589.1,0.000425,
403,64417,165,0.4656,0.555,0.0612,0.3838,0.8602,-0.9377,-1.0,10897.4,4369.6,966.9,585.5,0.001342,0.284392
404,64577,160,0.6246,0.2415,0.1259,0.6325,0.7186,-0.9241,-0.0819,10358.0,3413.5,432.8,433.4,0.000259,0.253293
405,64738,161,0.9249,0.264,0.0599,0.6762,0.9866,-0.9235,0.0452,11379.1,3716.5,381.9,386.4,0.000321,
406,64896,158,-0.0707,0.1009,0.8051,0.094,0.7014,-0.5752,-1.0,10292.2,605.7,1044.3,559.2,0.000415,
407,65056,160,0.2531,0.5007,0.2956,0.2037,0.6457,-0.9391,-1.0,10080.0,4141.0,1133.4,527.9,0.000868,
408,65219,163,0.4786,0.2838,0.1376,0.5787,1.0,-0.9353,-0.3788,11441.5,4423.1,551.5,595.0,0.00084,0.244172
409,65376,157,0.1381,0.5221,0.3007,0.1772,0.3782,-0.9384,-1.0,9060.8,3674.3,1147.9,418.6,0.000652,
410,65532,156,0.8954,0.0868,0.1173,0.7959,-0.0133,-0.9402,0.3715,7569.3,3166.8,251.4,462.8,0.001686,
411,65686,154,0.0191,0.2187,0.7362,0.0451,0.7825,-0.7678,-1.0,10601.2,1141.3,968.8,440.5,0.000279,
412,65845,159,0.3735,0.462,0.2354,0.3026,1.0,-0.9079,-1.0,11666.6,3166.6,878.3,678.2,0.00095,0.252665
413,66009,164,0.675,0.6027,0.3453,0.052,0.9564,-0.9174,-1.0,11263.7,3410.0,951.5,355.3,0.00077,0.271756
414,66169,160,0.2666,0.4425,0.1767,0.3808,0.8079,-0.9182,-1.0,10698.0,3270.5,961.7,451.2,0.000567,0.253418
415,66322,153,0.7666,0.3647,0.0042,0.631,0.7126,-0.9437,-0.0252,10335.0,4585.2,410.1,412.4,0.001416,
416,66483,161,0.6632,0.5865,0.3443,0.0692,1.0,-0.9206,-1.0,11541.4,3634.3,882.3,631.1,0.001115,0.294652
417,66644,161,0.8684,0.092,0.1471,0.7609,0.3229,-0.9539,0.2896,8850.2,4800.4,284.2,261.0,0.00033,
418,66799,155,0.1728,0.4928,0.471,0.0362,0.379,-0.9097,-1.0,9064.2,2508.9,883.1,597.3,0.000692,0.283531
419,66966,167,0.498,0.5558,0.1347,0.3095,0.887,-0.9288,-1.0,10999.5,3861.6,1069.9,434.7,0.00069,
420,67123,157,-0.2271,0.0716,0.6928,0.2357,1.0,-0.7901,-1.0,11769.7,1401.9,873.5,423.3,0.002618,0.277346
421,67283,160,0.7567,0.0137,0.1781,0.8082,0.9565,-0.9314,0.3838,11264.1,4104.3,246.5,730.1,0.000353,0.24824
422,67438,155,0.5059,0.3141,0.0577,0.6282,0.5017,-0.9365,-0.2648,9531.4,3755.4,505.9,243.0,0.000443,
423,67601,163,0.2668,0.1184,0.3056,0.576,0.8112,-0.9304,-0.3629,10710.8,3848.5,545.2,333.5,0.000835,0.253843
424,67759,158,0.8626,0.7626,0.108,0.1293,0.8271,-0.9303,-1.0,10771.2,3861.6,833.2,679.4,0.000744,0.271489
425,67923,164,-0.0607,0.2118,0.337,0.4512,1.0,-0.9287,-0.9664,11619.8,4074.4,786.6,527.6,0.000758,0.277939
426,68083,160,-0.3619,0.0116,0.7265,0.2619,0.5923,-0.7517,-1.0,9876.6,994.2,1231.0,815.0,0.000333,0.27047
427,68244,161,0.0975,0.2245,0.7194,0.0561,0.9501,-0.742,-1.0,11240.0,1089.3,925.4,741.9,0.001816,
428,68411,167,0.4003,0.5204,0.2769,0.2027,0.7913,-0.9306,-1.0,10634.9,3832.3,986.1,468.8,0.001706,0.231909
429,68570,159,-0.45,0.0193,0.5469,0.4338,0.9889,-0.8783,-1.0,11387.9,2339.3,880.1,614.0,0.000332,
430,68728,158,0.6922,0.1243,0.1729,0.7028,0.5333,-0.9432,0.2256,9651.7,4248.2,309.8,1021.8,0.001438,
431,68889,161,0.2684,0.3691,0.5375,0.0934,1.0,-0.8683,-1.0,11887.2,2256.9,1115.6,320.6,0.000601,0.243563
432,69051,162,0.8987,0.0522,0.143,0.8048,0.5825,-0.937,0.3383,9839.2,3901.7,264.7,343.0,0.00033,0.225425
433,69215,164,0.5341,0.6717,0.3001,0.0282,0.6523,-0.9301,-1.0,10105.3,3614.2,1256.0,811.0,0.000418,0.222952
434,69377,162,0.1366,0.2559,0.3061,0.438,0.5285,-0.9183,-0.6248,9633.6,2948.7,649.9,427.4,0.000838,0.259291
435,69542,165,0.4045,0.4358,0.3099,0.2543,1.0,-0.9125,-1.0,11619.0,3319.4,856.3,464.6,0.000825,
436,69699,157,-0.0155,0.2086,0.6695,0.1218,0.9,-0.7856,-1.0,11048.9,1288.1,1063.2,595.1,0.000518,0.274801
437,69859,160,-0.1756,0.0851,0.4036,0.5113,0.7094,-0.9194,-0.8403,10323.0,3200.4,736.1,557.8,0.000538,0.251135
438,70015,156,0.9021,0.0361,0.0284,0.9355,-0.8078,-1.0,0.3858,4542.2,4104.5,245.7,439.8,0.000425,0.251923
439,70170,155,1.0141,0.8296,0.1377,0.0327,0.9429,-0.9132,-1.0,11212.5,3227.9,1260.6,377.8,0.00056,
440,70331,161,0.1171,0.2617,0.6715,0.0668,1.0,-0.8099,-1.0,12052.6,1584.8,1004.8,784.6,0.001004,0.251594
441,70486,155,0.2629,0.4175,0.5717,0.0108,0.7689,-0.8858,-1.0,10549.6,2309.9,966.6,727.8,0.000554,
442,70646,160,-0.2744,0.1839,0.4701,0.346,0.4371,-0.9248,-1.0,9285.5,3085.0,949.9,651.3,0.000466,
443,70803,157,-0.0781,0.2203,0.3443,0.4354,0.9989,-0.9029,-1.0,11426.0,2940.4,894.1,400.7,0.000286,0.250278
444,70961,158,0.2726,0.1441,0.2864,0.5695,0.8698,-0.9148,-0.2363,10934.1,3207.5,494.5,703.4,0.000379,0.248759
445,71122,161,1.2086,0.9032,0.0084,0.0884,0.9897,-0.9299,-1.0,11390.7,4064.0,1274.4,583.7,0.000912,
446,71288,166,0.9486,0.0075,0.0099,0.9826,-0.0267,-0.9584,0.3847,7518.3,4514.0,246.1,787.9,0.000932,
447,71449,161,0.3056,0.4174,0.3838,0.1987,1.0,-0.8959,-1.0,11935.2,2866.8,964.5,910.1,0.000459,0.23644
448,71603,154,0.4944,0.4,0.0667,0.5333,1.0,-0.9209,-0.539,11746.1,3710.8,615.6,447.5,0.000477,0.284257
449,71761,158,-0.0043,0.2893,0.1609,0.5498,0.167,-0.9393,-0.5997,8256.1,3401.9,639.9,796.1,0.001038,0.253436
450,71926,165,-0.1121,0.0667,0.802,0.1313,0.8226,-0.5356,-1.0,10754.2,578.9,1285.8,691.5,0.00041,
451,72082,156,0.6771,0.1868,0.1004,0.7128,0.3742,-0.9451,0.1206,9045.6,4122.2,351.8,434.8,0.0013,
452,72238,156,0.113,0.3052,0.4728,0.222,1.0,-0.8972,-1.0,12393.2,3013.9,936.1,348.8,0.000359,
453,72397,159,0.2358,0.4612,0.3827,0.1561,0.6532,-0.9226,-1.0,10108.6,3263.6,872.2,498.9,0.000757,0.267759
454,72556,159,0.5268,0.1371,0.1972,0.6657,0.9782,-0.9118,0.0168,11347.0,3216.2,393.3,564.7,0.000564,
455,72717,161,0.201,0.4298,0.1809,0.3893,0.7674,-0.9286,-1.0,10543.6,3691.1,954.8,298.1,0.000365,0.237788
456,72877,160,0.5652,0.6083,0.0813,0.3105,0.8279,-0.9119,-1.0,10774.4,3056.2,971.7,487.3,0.001835,0.243232
457,73029,152,0.1238,0.1519,0.8329,0.0152,0.6271,-0.3215,-1.0,10009.1,368.8,1096.4,572.0,0.000562,0.263097
458,73189,160,-0.2395,0.1757,0.4434,0.381,0.7216,-0.9171,-1.0,10369.3,3127.1,831.3,437.9,0.000331,0.252323
459,73353,164,-0.0371,0.2418,0.3763,0.3819,1.0,-0.9094,-1.0,11780.9,3250.3,907.6,762.2,0.000807,0.243661
460,73511,158,0.323,0.3726,0.0874,0.54,0.9131,-0.9222,-0.7616,11099.0,3566.2,704.6,523.7,0.000896,0.238487
461,73672,161,0.9635,0.1895,0.0174,0.7931,0.2762,-0.9165,0.3536,8672.4,2597.0,258.6,585.4,0.000565,
462,73831,159,0.2461,0.4199,0.4006,0.1796,0.8741,-0.91,-1.0,10950.5,3041.8,961.8,607.1,0.000899,0.249048
463,73991,160,-0.8112,0.0467,0.9112,0.0421,-0.7644,-1.0,-1.0,4707.6,165.0,1245.8,426.4,0.000698,0.26182
464,74151,160,0.7083,0.6788,0.1717,0.1495,0.8348,-0.929,-1.0,10800.5,3803.2,1038.2,317.4,0.000591,0.247363
465,74309,158,-0.0258,0.2075,0.6846,0.1078,0.8959,-0.8094,-1.0,11033.4,1447.5,882.3,640.8,0.002984,0.239746
466,74468,159,0.6774,0.0166,0.2582,0.7252,0.6328,-0.9327,0.3732,10031.1,3724.7,250.7,488.8,0.000411,
467,74633,165,-0.3507,0.0748,0.5826,0.3426,0.6608,-0.8936,-1.0,10137.8,2381.9,874.0,653.3,0.000871,0.260981
468,74787,154,0.0817,0.3198,0.6159,0.0643,0.8084,-0.8551,-1.0,10699.9,1845.8,931.6,502.9,0.000936,0.227615
469,74942,155,0.5702,0.5727,0.2637,0.1636,0.9583,-0.921,-1.0,11271.2,3566.6,970.5,631.8,0.002308,
470,75106,164,0.0167,0.2986,0.3043,0.3971,0.74,-0.928,-1.0,10439.5,3624.5,1112.2,349.7,0.00053,
471,75263,157,0.6327,0.2493,0.014,0.7367,-1.0,-1.0,0.3609,3448.4,3374.3,255.6,609.7,0.000446,0.274121
472,75420,157,0.0957,0.3653,0.1761,0.4586,0.7726,-0.9205,-1.0,10563.5,3322.2,803.0,256.2,0.000405,
473,75580,160,0.6359,0.5893,0.2298,0.1809,1.0,-0.9031,-1.0,11700.0,3019.6,1041.6,820.4,0.000717,
474,75736,156,0.5368,0.5283,0.3893,0.0825,1.0,-0.9102,-1.0,11957.6,3329.4,986.0,602.6,0.000631,
475,75894,158,-0.009,0.2897,0.4511,0.2591,0.7017,-0.9147,-1.0,10293.5,3017.4,886.4,368.1,0.000272,
476,76056,162,0.2841,0.6191,0.3076,0.0733,0.2718,-0.9231,-1.0,8655.5,2815.1,1116.2,503.2,0.004349,
477,76209,153,0.5495,0.253,0.144,0.603,0.9351,-0.9141,-0.1518,11182.9,3253.2,460.7,701.2,0.000482,0.236287
478,76370,161,-0.0996,0.0653,0.4095,0.5253,1.0,-0.9015,-0.6253,11948.6,3031.8,650.1,594.4,0.001812,
479,76528,158,0.1854,0.3723,0.3753,0.2524,1.0,-0.914,-1.0,11697.2,3399.4,970.7,772.3,0.000294,
480,76690,162,-0.0738,0.2036,0.6385,0.1579,0.7963,-0.8502,-1.0,10654.0,1778.2,1036.0,634.2,0.000931,
481,76846,156,0.4826,0.5137,0.4424,0.0438,1.0,-0.9121,-1.0,11767.2,3346.2,898.8,697.9,0.000701,
482,77001,155,0.8884,0.7208,0.2316,0.0476,1.0,-0.9181,-1.0,11586.5,3536.1,964.6,376.6,0.000738,0.266829
483,77154,153,0.221,0.23,0.7592,0.0108,1.0,-0.6456,-1.0,12033.5,848.8,899.7,347.7,0.000895,
484,77316,162,0.1269,0.034,0.3252,0.6408,0.7349,-0.9304,-0.171,10419.8,3745.1,468.4,797.4,0.000285,
485,77479,163,0.3245,0.5319,0.394,0.0741,0.5754,-0.9306,-1.0,9812.4,3534.3,1048.4,570.6,0.001067,0.249728
486,77640,161,-0.3415,0.0919,0.5781,0.3299,0.4078,-0.8912,-1.0,9173.8,2107.3,838.9,681.3,0.000449,
487,77799,159,0.5785,0.7172,0.2138,0.069,0.5894,-0.9301,-1.0,9865.7,3526.8,1004.2,636.6,0.000483,0.246145
488,77955,156,-0.295,0.0747,0.6429,0.2824,0.8909,-0.8494,-1.0,11014.3,1827.9,937.2,438.9,0.000598,0.243913
489,78115,160,0.3112,0.4845,0.4604,0.0551,0.6988,-0.9269,-1.0,10282.3,3515.3,1035.1,413.5,0.001692,0.27279
490,78280,165,1.0624,0.0309,0.0062,0.9629,-0.0385,-0.9518,0.3588,7473.4,3877.3,256.5,630.9,0.001585,
491,78439,159,0.0781,0.2877,0.582,0.1303,0.9378,-0.879,-1.0,11193.1,2312.4,978.8,399.4,0.000609,0.22555
492,78596,157,0.3403,0.5136,0.1875,0.2989,0.6386,-0.9139,-1.0,10053.0,2920.5,896.1,297.0,0.000456,
493,78761,165,1.0802,0.8904,0.0971,0.0124,0.8606,-0.9265,-1.0,10899.0,3709.1,1231.4,601.8,0.001308,0.262506
494,78917,156,0.6513,0.1078,0.1788,0.7134,-0.5936,-0.9698,0.3322,5358.3,4434.9,267.1,437.9,0.000509,0.288973
495,79074,157,0.238,0.4681,0.0522,0.4797,0.2873,-0.9277,-0.6562,8714.6,3011.4,662.5,553.8,0.003675,
496,79234,160,0.7908,0.6674,0.2046,0.128,1.0,-0.898,-1.0,12319.1,3018.7,944.2,499.0,0.000976,
497,79391,157,-0.37,0.0512,0.6236,0.3252,1.0,-0.8556,-1.0,11634.3,2014.7,857.5,669.3,0.000303,0.24884
498,79548,157,0.1828,0.3082,0.6021,0.0897,1.0,-0.8309,-1.0,12371.7,1828.7,981.4,749.2,0.000809,
499,79711,163,-0.0598,0.163,0.2728,0.5642,0.2718,-0.9321,-0.5535,8655.5,3187.7,621.4,623.7,0.000392,0.286892
500,79864,153,0.0156,0.3733,0.3313,0.2954,0.4789,-0.9275,-1.0,9444.7,3258.9,854.9,376.7,0.000655,
501,80023,159,-0.0004,0.3111,0.3256,0.3633,0.705,-0.9303,-1.0,10306.2,3696.7,845.0,512.8,0.002563,0.24749
502,80191,168,-0.0421,0.1023,0.8296,0.0681,0.5617,-0.4695,-1.0,9760.1,459.9,1056.5,460.2,0.000431,0.248242
503,80350,159,0.1206,0.2857,0.5339,0.1804,0.9123,-0.8951,-0.8603,11095.8,2644.1,744.1,441.8,0.000557,
504,80512,162,0.2876,0.3852,0.1351,0.4797,1.0,-0.9221,-1.0,12028.3,3857.9,818.7,490.5,0.001018,
505,80682,170,0.6507,0.0211,0.1966,0.7823,0.5544,-0.9481,0.2715,9732.2,4686.9,291.4,598.2,0.000481,
506,80842,160,0.2832,0.3073,0.1308,0.5619,0.8653,-0.9245,-0.5627,10917.0,3614.1,625.1,371.7,0.000301,
507,81000,158,0.4534,0.5723,0.1185,0.3092,0.7883,-0.9289,-1.0,10623.6,3734.2,960.9,582.3,0.000675,
508,81167,167,-0.1475,0.2125,0.6071,0.1804,0.0031,-0.9171,-1.0,7631.6,2300.8,886.1,472.0,0.000397,0.228418
509,81330,163,0.448,0.5496,0.1682,0.2821,0.8038,-0.9326,-1.0,10682.6,3964.8,892.3,660.4,0.000495,
510,81490,160,0.5542,0.6541,0.3359,0.01,0.7058,-0.9305,-1.0,10309.2,3710.3,1070.5,349.1,0.001117,
511,81655,165,0.4057,0.2984,0.1169,0.5847,0.857,-0.9273,-0.5676,10885.2,3745.3,627.0,417.3,0.001868,0.240297
512,81825,170,0.5945,0.6065,0.1368,0.2568,0.8942,-0.9037,-1.0,11026.8,2863.4,1151.3,619.1,0.000431,0.269393
513,81987,162,0.878,0.7016,0.24,0.0584,1.0,-0.9134,-1.0,11753.6,3392.3,937.9,301.1,0.000689,0.270528
514,82143,156,0.0361,0.2018,0.2336,0.5647,0.8804,-0.9285,-0.6402,10974.3,3839.4,656.1,656.3,0.000752,0.226937
515,82302,159,0.8267,0.0341,0.1916,0.7743,0.7746,-0.9381,0.4308,10571.2,4267.3,227.7,495.5,0.000511,
516,82463,161,0.9359,0.7956,0.1739,0.0305,0.881,-0.9288,-1.0,10976.5,3853.4,1071.4,522.1,0.001399,0.236139
517,82618,155,0.4715,0.4525,0.0501,0.4975,0.7237,-0.925,-0.7178,10377.3,3457.4,687.1,568.0,0.000523,
518,82774,156,0.8309,0.8377,0.1541,0.0081,0.6826,-0.9217,-1.0,10220.7,3264.3,965.2,678.2,0.000353,
519,82937,163,-0.0371,0.1676,0.3528,0.4796,1.0,-0.9229,-0.7451,12131.0,3933.3,698.0,644.2,0.000466,0.23555
520,83100,163,-0.2647,0.0614,0.6581,0.2805,0.9381,-0.8375,-1.0,11194.1,1721.8,917.3,609.4,0.000594,
521,83262,162,-0.0292,0.1047,0.7988,0.0965,1.0,-0.5107,-1.0,12129.9,619.8,1092.3,699.7,0.000385,
522,83421,159,-0.1932,0.0689,0.7621,0.169,0.7852,-0.7179,-0.9961,10611.7,940.5,798.4,703.6,0.000699,0.289033
523,83587,166,0.5941,0.0014,0.2887,0.7099,0.3231,-0.9334,0.1552,8851.1,3323.9,337.9,310.1,0.000318,0.24047
524,83750,163,0.071,0.1485,0.3311,0.5204,1.0,-0.9074,-0.5513,11738.9,3169.1,620.5,480.9,0.000891,
525,83909,159,0.0589,0.3048,0.2162,0.4791,1.0,-0.9244,-0.978,11810.3,3907.2,791.2,550.1,0.00082,0.297161
526,84066,157,0.1984,0.393,0.5312,0.0758,0.8204,-0.8989,-1.0,10745.8,2658.0,987.3,406.1,0.000641,
527,84223,157,0.9981,0.8664,0.0591,0.0745,0.8505,-0.9274,-1.0,10860.5,3740.1,1178.8,604.2,0.000433,0.239881
528,84382,159,0.195,0.2588,0.7283,0.0129,0.8735,-0.7317,-0.8895,10948.1,1020.2,755.8,584.5,0.000391,
529,84541,159,-0.0482,0.0154,0.4027,0.5818,0.3513,-0.9073,-0.3801,8958.3,2417.0,552.0,492.3,0.000447,0.250823
530,84702,161,-0.2159,0.1384,0.3702,0.4914,0.3569,-0.935,-0.7542,8979.8,3455.6,701.7,648.7,0.001218,
531,84862,160,0.568,0.0349,0.2522,0.7129,-0.5738,-0.9622,0.2516,5433.8,3593.0,299.4,306.2,0.002539,
532,85024,162,-0.1686,0.0479,0.654,0.2981,0.6824,-0.8337,-0.5596,10220.0,1536.6,623.8,712.7,0.000497,
533,85180,156,0.4934,0.5161,0.3273,0.1566,1.0,-0.9081,-1.0,12317.4,3350.8,994.4,558.0,0.000532,
534,85344,164,0.7542,0.0553,0.1246,0.82,-0.8788,-1.0,0.3474,4272.0,4214.5,261.1,418.6,0.000967,
535,85501,157,0.064,0.1247,0.3533,0.522,0.678,-0.9205,-0.4807,10203.1,3207.0,592.3,673.9,0.000611,0.252454
536,85654,153,0.3983,0.4343,0.0561,0.5096,0.7755,-0.9176,-0.6926,10574.6,3208.1,677.1,448.5,0.000552,
537,85813,159,-0.0266,0.2257,0.4441,0.3301,1.0,-0.9152,-1.0,11509.5,3393.9,894.7,472.3,0.00082,0.257621
538,85973,160,0.3967,0.1198,0.2045,0.6757,0.4361,-0.9413,-0.0312,9281.6,3955.8,412.5,588.7,0.000533,0.267388
539,86136,163,0.2421,0.4088,0.2721,0.3191,0.8591,-0.9315,-1.0,10893.3,3976.0,984.9,630.4,0.004965,
540,86295,159,-0.1934,0.0745,0.4884,0.4371,0.9365,-0.896,-0.7415,11188.1,2689.8,696.6,615.9,0.000502,0.274459
541,86452,157,-0.2699,0.1327,0.4463,0.421,0.9286,-0.9168,-1.0,11157.9,3352.3,843.9,631.0,0.00037,
542,86618,166,0.0506,0.2724,0.7028,0.0247,0.6526,-0.801,-1.0,10106.4,1269.7,1174.1,831.1,0.000613,
543,86779,161,0.1567,0.3005,0.5239,0.1756,0.983,-0.8866,-1.0,11365.1,2505.5,872.7,320.4,0.002581,0.247579
544,86937,158,0.0347,0.3405,0.3133,0.3463,0.8078,-0.9318,-1.0,10697.6,3922.1,819.4,753.3,0.000663,0.242819
545,87104,167,0.3803,0.5223,0.3891,0.0885,0.7099,-0.9099,-1.0,10324.9,2864.0,1019.4,750.7,0.000401,
546,87257,153,0.8865,0.7337,0.2061,0.0602,1.0,-0.9318,-1.0,11543.7,4234.2,1142.3,409.9,0.000677,0.220824
547,87420,163,1.195,0.8796,0.0622,0.0582,1.0,-0.9268,-1.0,11806.2,4032.1,1012.4,615.4,0.00066,
548,87581,161,0.0666,0.1335,0.8206,0.0459,0.733,-0.427,-1.0,10412.5,454.3,911.6,667.1,0.000714,0.278561
549,87742,161,0.0721,0.309,0.43,0.261,0.9588,-0.9016,-1.0,11273.2,2864.8,1081.0,712.3,0.000501,
550,87906,164,0.4957,0.5598,0.2649,0.1753,0.8096,-0.9209,-1.0,10704.4,3383.6,1061.2,457.0,0.000902,
551,88067,161,0.258,0.4126,0.2703,0.3171,1.0,-0.9036,-1.0,12231.9,3173.0,1196.8,652.2,0.00155,0.268426
552,88221,154,0.7394,0.0232,0.203,0.7738,-0.0267,-0.9351,0.3916,7518.4,2897.2,243.4,644.7,0.00055,0.246999
553,88380,159,0.0297,0.2821,0.3494,0.3685,1.0,-0.9069,-1.0,11910.3,3197.5,1019.9,619.2,0.000362,
554,88541,161,0.3904,0.5527,0.0341,0.4132,0.6826,-0.9217,-1.0,10220.7,3261.6,825.2,565.2,0.000398,0.243034
555,88712,171,0.04,0.2003,0.7906,0.0091,0.4181,-0.6497,-0.9248,9213.1,657.6,769.9,681.8,0.003275,
556,88877,165,0.7513,0.6213,0.0313,0.3474,1.0,-0.9094,-1.0,12054.8,3327.2,954.9,178.8,0.001072,0.247301
557,89038,161,-0.0709,0.2236,0.3012,0.4752,1.0,-0.9143,-1.0,12697.1,3703.0,838.7,515.8,0.000782,
558,89197,159,-0.0268,0.2488,0.631,0.1202,0.7592,-0.8573,-1.0,10512.5,1841.2,920.5,562.4,0.000269,0.267526
559,89360,163,0.3233,0.1587,0.2552,0.5861,0.75,-0.9354,-0.2546,10477.6,4054.0,501.8,462.8,0.001543,
560,89523,163,0.2624,0.3787,0.4839,0.1374,0.9704,-0.9062,-1.0,11317.1,3016.3,943.9,473.9,0.000947,0.273994
561,89685,162,0.5676,0.6786,0.3157,0.0056,0.6621,-0.9335,-1.0,10142.5,3815.0,1148.8,475.8,0.00101,0.266209
562,89848,163,0.1999,0.193,0.1813,0.6257,0.2838,-0.936,-0.3077,8701.5,3397.7,523.1,575.4,0.00077,
563,90010,162,0.5803,0.6216,0.1708,0.2076,0.782,-0.9316,-1.0,10599.3,3873.8,910.2,630.6,0.000453,
564,90169,159,0.5583,0.0579,0.2411,0.701,0.9886,-0.9225,0.1622,11386.4,3672.2,335.1,756.8,0.00148,0.264456
565,90328,159,-0.199,0.0263,0.8404,0.1333,0.1912,-0.3757,-1.0,8348.5,334.3,877.3,549.0,0.000489,
566,90489,161,0.0296,0.3547,0.3856,0.2597,0.7311,-0.9233,-1.0,10405.6,3390.3,1086.2,495.3,0.000603,0.234299
567,90654,165,-0.3631,0.0522,0.5172,0.4307,1.0,-0.8941,-1.0,12388.9,2923.7,832.5,676.5,0.000462,
568,90813,159,0.2196,0.5984,0.1381,0.2635,0.3395,-0.9433,-1.0,8913.6,3928.6,837.1,525.1,0.000505,0.242069
569,90978,165,0.0073,0.1492,0.8113,0.0395,0.6077,-0.5779,-1.0,9935.2,588.4,937.6,499.2,0.000578,
570,91137,159,1.1431,0.9193,0.0156,0.0651,0.8838,-0.9412,-1.0,10987.1,4671.5,1177.6,682.2,0.000359,0.313321
571,91295,158,1.0848,0.0781,0.0229,0.8991,0.0426,-0.9422,0.3893,7782.5,3364.9,244.3,262.0,0.000423,0.255965
572,91453,158,-0.1588,0.12,0.7409,0.1392,0.5592,-0.7085,-1.0,9750.4,836.3,970.8,379.5,0.001241,0.208621
573,91613,160,0.4615,0.3579,0.0468,0.5953,0.7655,-0.9315,-0.5409,10536.4,3844.8,616.4,485.9,0.000947,0.254024
574,91770,157,0.0115,0.0238,0.9102,0.066,-0.5832,-0.167,-1.0,5398.0,162.0,803.7,352.5,0.001146,
575,91932,162,-0.034,0.0584,0.4967,0.4449,0.946,-0.9147,-0.5329,11224.3,3291.3,613.2,469.7,0.002501,
576,92091,159,-0.2701,0.0504,0.4626,0.487,0.5921,-0.9248,-0.6738,9875.9,3282.2,669.5,520.5,0.000494,0.250329
577,92249,158,-0.1772,0.1,0.6575,0.2425,1.0,-0.7723,-0.9998,11434.2,1255.2,799.9,278.6,0.000544,0.251168
578,92405,156,-0.4517,0.0071,0.6418,0.3511,0.7843,-0.835,-1.0,10608.2,1606.9,976.7,286.8,0.000909,0.281362
579,92567,162,1.0394,0.805,0.036,0.159,1.0,-0.9208,-1.0,12546.6,3962.6,1110.0,555.5,0.000782,0.252417
580,92719,152,0.2641,0.4446,0.2507,0.3048,0.8754,-0.9266,-1.0,10955.2,3733.1,1036.1,427.2,0.000456,0.250684
581,92875,156,0.49,0.4929,0.4668,0.0403,1.0,-0.8905,-1.0,11956.5,2730.8,933.1,318.3,0.000457,0.251883
582,93036,161,0.6782,0.6968,0.1116,0.1916,0.773,-0.9264,-1.0,10564.9,3590.2,926.3,621.5,0.000727,
583,93196,160,0.5305,0.5052,0.0886,0.4062,1.0,-0.9072,-1.0,11525.6,3105.1,859.1,338.9,0.000573,
584,93353,157,0.9849,0.1092,0.1462,0.7446,-0.2541,-0.9505,0.4245,6652.0,3362.5,230.2,174.7,0.00079,0.261537
585,93506,153,0.0386,0.2798,0.4542,0.266,0.9809,-0.9,-1.0,11357.1,2839.3,901.2,525.2,0.00039,
586,93662,156,0.3527,0.4608,0.1866,0.3526,1.0,-0.9032,-1.0,12112.4,3127.3,1194.7,477.4,0.001106,
587,93826,164,0.2897,0.3582,0.083,0.5588,0.4454,-0.945,-0.5215,9316.9,4232.6,608.6,797.5,0.000966,
588,93982,156,1.1582,0.8457,0.0173,0.1371,1.0,-0.9101,-1.0,11958.5,3324.0,965.6,289.2,0.000756,
589,94144,162,1.0272,0.062,0.0685,0.8695,0.1965,-0.9525,0.4454,8368.5,4409.1,221.9,454.9,0.000388,
590,94310,166,0.312,0.5068,0.3401,0.1531,0.7203,-0.9291,-1.0,10364.3,3653.6,1141.6,878.3,0.000837,
591,94464,154,-0.1388,0.1477,0.4943,0.358,1.0,-0.8764,-0.9581,11790.3,2384.4,783.3,276.4,0.00099,
592,94622,158,0.9944,0.039,0.0243,0.9367,-1.0,-1.0,0.4786,2745.7,2843.9,208.6,565.9,0.000349,
593,94784,162,0.5403,0.2458,0.1119,0.6423,0.7271,-0.9231,-0.0902,10390.3,3377.0,436.1,410.9,0.000363,
594,94949,165,0.0738,0.2692,0.527,0.2038,1.0,-0.8902,-1.0,11631.7,2647.9,993.0,356.0,0.000317,0.247654
595,95109,160,0.6875,0.3449,0.0225,0.6326,0.8814,-0.9322,-0.1891,10978.2,4046.2,475.6,688.0,0.000583,0.241338
596,95263,154,0.4659,0.1421,0.2149,0.643,0.62,-0.9193,-0.0848,9982.2,3092.4,433.9,354.6,0.000783,0.25437
597,95419,156,1.0844,0.7944,0.1214,0.0842,1.0,-0.9098,-1.0,11954.4,3313.7,950.4,497.1,0.000517,0.220287
598,95573,154,0.3318,0.4855,0.3171,0.1974,0.7641,-0.9273,-0.9862,10531.1,3621.6,794.5,581.0,0.005118,0.272704
599,95733,160,0.5985,0.6314,0.2971,0.0715,0.7683,-0.9375,-1.0,10547.3,4215.7,915.8,780.5,0.000517,0.237472
600,95893,160,0.8418,0.0695,0.1689,0.7616,-0.6593,-0.9579,0.4637,5108.0,3030.5,214.5,398.9,0.000851,0.270472
601,96052,159,0.0071,0.0463,0.4135,0.5402,0.6725,-0.9075,-0.4981,10182.2,2753.0,599.3,373.5,0.000582,
602,96205,153,0.0914,0.0906,0.327,0.5824,0.6348,-0.9264,-0.4145,10038.6,3409.8,565.8,465.2,0.000764,0.273101
603,96365,160,0.0146,0.3165,0.2382,0.4454,0.7564,-0.9327,-1.0,10501.9,3902.0,897.2,849.6,0.000574,0.282238
604,96523,158,-0.0734,0.1261,0.4717,0.4021,0.5219,-0.9045,-0.4312,9608.5,2514.8,572.5,937.8,0.000487,0.24344
605,96680,157,0.404,0.2616,0.1313,0.6072,0.4272,-0.9348,-0.2105,9247.5,3546.0,484.2,603.1,0.000551,
606,96841,161,0.7596,0.6936,0.1154,0.191,0.9121,-0.9284,-1.0,11095.0,3875.4,1075.0,384.1,0.001274,0.234347
607,97005,164,0.5983,0.5897,0.2599,0.1504,0.9564,-0.9258,-1.0,11264.0,3795.9,1124.8,504.1,0.000719,0.262497
608,97169,164,-0.1404,0.1161,0.5405,0.3434,0.9467,-0.8887,-0.8645,11226.8,2520.8,745.8,418.7,0.000271,0.293021
609,97325,156,0.5801,0.4465,0.023,0.5305,0.8186,-0.926,-0.5117,10738.8,3626.8,604.7,309.0,0.001164,0.252222
610,97490,165,-0.2445,0.0889,0.7201,0.1911,0.5343,-0.7993,-1.0,9655.8,1202.7,1034.0,590.7,0.000594,
611,97651,161,-0.0794,0.0823,0.4005,0.5172,0.837,-0.9218,-0.5674,10808.8,3455.1,627.0,773.2,0.000855,0.252455
612,97810,159,0.6808,0.6933,0.2857,0.021,0.7976,-0.9219,-1.0,10658.9,3411.6,990.5,371.3,0.000605,
613,97971,161,1.0863,0.1818,0.083,0.7352,0.6911,-0.9324,0.3047,10253.0,3789.4,278.1,289.1,0.000624,0.24546
614,98131,160,0.8743,0.7029,0.2707,0.0264,0.9278,-0.9291,-0.9454,11154.8,3933.0,778.2,496.6,0.000919,0.24383
615,98286,155,0.9678,0.0285,0.058,0.9135,0.2754,-0.9383,0.4165,8669.3,3513.1,233.4,644.2,0.000402,
616,98446,160,-0.0448,0.1415,0.7765,0.0819,0.2572,-0.6919,-0.8765,8600.0,697.8,750.6,457.6,0.001408,
617,98606,160,0.6322,0.4635,0.0163,0.5202,1.0,-0.93,-0.6421,12070.8,4310.1,656.8,469.9,0.000726,
618,98770,164,0.6534,0.5665,0.3908,0.0427,0.943,-0.9079,-1.0,11212.8,3043.6,873.0,330.5,0.000327,
619,98930,160,0.3326,0.538,0.3531,0.1089,0.6775,-0.9329,-1.0,10201.3,3802.5,1179.7,561.9,0.000422,
620,99089,159,-0.4018,0.0717,0.5079,0.4204,0.6231,-0.8933,-1.0,9994.1,2342.6,833.1,654.1,0.000323,0.279923
621,99246,157,0.3219,0.3589,0.0871,0.554,0.815,-0.9167,-0.6466,10725.2,3219.5,658.6,654.0,0.000473,
622,99408,162,0.0829,0.1521,0.8089,0.039,0.7133,-0.5255,-1.0,10337.5,544.7,1060.2,420.9,0.000325,
623,99572,164,0.5781,0.6778,0.0885,0.2337,0.6067,-0.9116,-1.0,9931.7,2810.0,1115.3,380.8,0.001967,
624,99735,163,-0.4271,0.0508,0.5192,0.43,0.6899,-0.8926,-1.0,10248.6,2384.9,918.0,778.5,0.000726,0.236706
625,99898,163,-0.3372,0.0518,0.5179,0.4303,0.7316,-0.8863,-0.8934,10407.4,2287.5,757.4,567.9,0.000381,
626,100058,160,0.1325,0.3285,0.2622,0.4093,1.0,-0.9149,-1.0,12306.7,3613.3,812.9,481.3,0.000392,
627,100222,164,0.5515,0.5464,0.2231,0.2306,1.0,-0.921,-1.0,12373.3,3913.7,996.7,542.4,0.000395,
628,100381,159,0.4994,0.5104,0.0959,0.3937,1.0,-0.9027,-1.0,12911.4,3316.2,950.4,285.7,0.000426,0.252369
629,100547,166,0.9247,0.135,0.1049,0.7602,0.3435,-0.9389,0.3711,8928.9,3653.2,251.6,490.7,0.000395,0.209544
630,100604,57,0.4931,0.1926,0.0668,0.7406,-1.0,-1.0,0.7658,0.0,1640.6,93.7,87.0,0.000397,
631,100770,166,0.1291,0.3963,0.3038,0.2999,0.6706,-0.934,-1.0,10174.9,3853.2,900.6,880.2,0.000512,
632,100934,164,0.1601,0.4148,0.2554,0.3297,0.7206,-0.9207,-1.0,10365.4,3269.6,1021.5,869.1,0.000841,
633,101091,157,-0.1913,0.0187,0.755,0.2263,0.891,-0.7097,-0.8242,11014.8,948.7,729.7,345.7,0.00032,0.252718
634,101251,160,0.7969,0.0266,0.1422,0.8312,0.4062,-0.9403,0.4506,9167.6,3836.9,219.7,930.6,0.0007,0.27804
635,101416,165,0.6402,0.5695,0.4023,0.0282,1.0,-0.9116,-1.0,12114.9,3424.7,1026.8,532.4,0.000741,
636,101577,161,0.8479,0.1154,0.0411,0.8435,-0.0163,-0.9515,0.3634,7558.0,3895.7,254.7,626.1,0.000327,0.26395
637,101732,155,0.1448,0.1283,0.2863,0.5854,1.0,-0.8969,-0.4448,12807.1,3105.0,577.9,265.2,0.000931,
638,101899,167,-0.0678,0.0423,0.838,0.1197,0.9215,-0.3501,-1.0,11130.9,428.2,1002.8,524.9,0.000306,0.245
639,102060,161,-0.3279,0.0996,0.6052,0.2952,0.5759,-0.8733,-1.0,9814.3,1936.7,988.4,586.7,0.000555,
640,102223,163,0.3214,0.1454,0.2258,0.6288,0.6597,-0.9262,-0.1766,10133.3,3433.2,470.6,661.0,0.001166,0.222925
641,102380,157,1.0239,0.1219,0.0208,0.8572,0.4445,-0.9367,0.4313,9313.4,3677.5,227.5,463.4,0.00036,
642,102542,162,1.212,0.895,0.0703,0.0347,1.0,-0.9178,-1.0,11747.1,3570.8,1026.2,510.3,0.001145,
643,102707,165,-0.3065,0.0968,0.5793,0.3239,1.0,-0.8696,-1.0,11765.9,2256.4,885.5,1121.3,0.002281,0.265196
644,102871,164,0.1266,0.3712,0.3038,0.325,0.7836,-0.929,-1.0,10605.6,3733.5,931.3,315.2,0.000947,0.287572
645,103036,165,0.9261,0.759,0.121,0.1199,0.8825,-0.9165,-1.0,10982.3,3288.6,902.6,547.2,0.000427,
646,103206,170,0.3136,0.183,0.2382,0.5788,1.0,-0.9254,-0.5022,11554.0,3872.2,600.9,521.0,0.000285,
647,103366,160,-0.3002,0.0746,0.5839,0.3416,1.0,-0.8628,-0.9327,12298.3,2240.7,773.1,635.8,0.000262,
648,103527,161,-0.1229,0.1929,0.5104,0.2967,0.8958,-0.8985,-1.0,11033.0,2718.1,823.6,439.0,0.000552,0.211451
649,103687,160,-0.0357,0.5189,0.4585,0.0226,-0.0871,-0.9411,-1.0,7288.2,3094.9,869.6,344.6,0.000468,0.248643
650,103850,163,0.9823,0.93,0.0592,0.0108,0.6566,-0.9306,-1.0,10121.6,3645.8,983.9,582.4,0.00115,
651,104016,166,0.2782,0.3949,0.5854,0.0197,0.8905,-0.8613,-1.0,11012.8,1985.5,920.1,540.7,0.001002,
652,104174,158,0.8122,0.005,0.1751,0.8199,-0.0458,-0.9482,0.4257,7445.6,3592.7,229.7,570.1,0.000325,
653,104337,163,-0.2824,0.0356,0.7223,0.2421,0.7029,-0.7756,-1.0,10297.9,1147.3,869.0,556.9,0.000337,0.286936
654,104496,159,0.0076,0.3881,0.5673,0.0446,0.4346,-0.9085,-1.0,9275.8,2534.1,1101.1,577.4,0.000533,
655,104657,161,0.5412,0.5578,0.1318,0.3104,1.0,-0.9267,-1.0,11886.3,4051.5,1067.8,805.4,0.000726,0.227719
656,104814,157,0.8766,0.8571,0.0761,0.0668,0.6987,-0.93,-1.0,10282.1,3669.8,916.8,568.1,0.000586,
657,104978,164,0.0672,0.2798,0.5095,0.2107,1.0,-0.8958,-1.0,12532.8,3008.0,1104.4,654.8,0.001643,
658,105137,159,0.4014,0.6581,0.0376,0.3043,0.5052,-0.9406,-1.0,9544.9,4013.8,957.6,499.6,0.000419,0.250936
659,105297,160,0.8116,0.0095,0.1478,0.8427,0.307,-0.929,0.4274,8789.8,3092.9,229.1,648.7,0.001224,0.255818
660,105457,160,1.0421,0.0152,0.0209,0.9639,-0.4977,-0.9594,0.3754,5723.9,3526.3,249.8,513.2,0.000646,0.263954
661,105627,170,-0.1637,0.0799,0.7228,0.1973,1.0,-0.7309,-1.0,12348.8,1147.1,1211.0,675.7,0.000411,0.234746
662,105794,167,0.2153,0.3502,0.2277,0.422,1.0,-0.9101,-0.9993,11554.8,3212.8,799.7,403.9,0.000406,
663,105948,154,0.3403,0.3094,0.2465,0.4442,0.9329,-0.9069,-0.5307,11174.4,2999.2,612.3,513.8,0.000348,
664,106110,162,0.1675,0.4918,0.3519,0.1563,0.4432,-0.9189,-1.0,9308.5,2870.7,926.0,511.8,0.001255,
665,106270,160,0.3253,0.4917,0.0245,0.4838,0.7404,-0.9309,-1.0,10440.9,3779.6,837.1,389.7,0.001969,
666,106424,154,0.3548,0.4568,0.1346,0.4085,1.0,-0.9205,-1.0,12258.6,3853.4,809.7,419.9,0.000288,
667,106586,162,0.1925,0.3454,0.4706,0.1841,1.0,-0.8983,-1.0,11455.9,2816.4,868.8,386.0,0.001491,
668,106741,155,0.2331,0.1073,0.3016,0.591,0.6433,-0.9368,-0.2161,10071.0,3983.8,486.4,697.2,0.000569,0.280495
669,106895,154,0.9018,0.8201,0.0026,0.1773,0.8302,-0.9231,-1.0,10782.9,3505.5,972.5,478.9,0.000382,0.232811
670,107052,157,0.1172,0.0714,0.3546,0.574,1.0,-0.8815,-0.3283,12229.8,2579.9,531.3,601.6,0.000629,
671,107210,158,-0.1785,0.0969,0.3821,0.5209,1.0,-0.8937,-0.8117,11711.5,2753.9,724.7,687.0,0.000346,
672,107368,158,-0.4021,0.056,0.4467,0.4973,1.0,-0.9013,-1.0,11689.3,2959.6,805.1,555.4,0.000721,
673,107525,157,-0.163,0.027,0.4669,0.5061,0.8019,-0.9071,-0.6201,10675.4,2871.9,648.0,498.4,0.000592,0.252925
674,107687,162,0.2417,0.3507,0.5571,0.0922,1.0,-0.8611,-1.0,11489.4,2068.3,871.2,409.2,0.000362,0.256616
675,107847,160,-0.1477,0.1682,0.4785,0.3533,1.0,-0.8998,-1.0,11809.8,2946.7,856.1,451.0,0.000582,0.274373
676,108011,164,0.681,0.218,0.1008,0.6812,0.4394,-0.9275,0.1487,9294.1,3204.2,340.5,541.4,0.00072,0.244345
677,108170,159,0.8741,0.7074,0.1132,0.1794,1.0,-0.9113,-1.0,12625.6,3559.8,970.1,444.3,0.000533,
678,108333,163,0.4923,0.4898,0.42,0.0902,0.8296,-0.9052,-0.7027,10780.8,2844.1,681.1,537.9,0.000597,0.229102
679,108495,162,0.6061,0.103,0.1763,0.7207,0.2445,-0.9455,0.2423,8551.5,3922.6,303.1,855.3,0.000959,0.26497
680,108651,156,0.1013,0.334,0.5635,0.1025,0.6009,-0.8947,-0.947,9909.5,2352.2,778.8,306.0,0.000391,0.245347
681,108807,156,0.1747,0.4313,0.2778,0.2909,0.7482,-0.9001,-1.0,10470.8,2621.1,1046.2,610.0,0.000428,0.261867
682,108971,164,0.7382,0.6416,0.2596,0.0989,0.9215,-0.9275,-1.0,11131.1,3838.3,934.6,549.1,0.000794,0.225519
683,109130,159,0.0824,0.0622,0.8809,0.0569,0.5202,-0.2016,-1.0,9601.9,300.7,896.1,510.1,0.00043,
684,109290,160,-0.1397,0.1438,0.4574,0.3988,0.6524,-0.9093,-0.7164,10105.7,2785.9,686.6,746.2,0.000543,
685,109452,162,0.4037,0.5894,0.1068,0.3038,0.5798,-0.9359,-1.0,9828.9,3830.6,929.1,418.9,0.000622,
686,109608,156,0.1474,0.3479,0.2065,0.4456,0.819,-0.9289,-0.8971,10740.2,3777.0,758.8,657.6,0.000964,
687,109760,152,0.314,0.363,0.3354,0.3016,0.4112,-0.9324,-0.3632,9186.7,3397.0,545.3,415.1,0.000461,
688,109917,157,-0.197,0.06,0.7359,0.2041,0.6278,-0.7418,-0.9674,10012.0,969.4,786.9,534.1,0.000615,0.288212
689,110076,159,0.0416,0.1974,0.4756,0.327,1.0,-0.8988,-0.8783,12256.3,3026.8,751.3,478.2,0.000508,
690,110237,161,0.8862,0.0124,0.2087,0.7788,0.084,-0.9417,0.4776,7940.2,3406.3,208.9,548.3,0.000402,0.255302
691,110396,159,0.2569,0.3447,0.4793,0.1759,1.0,-0.8961,-0.8876,12087.5,2907.5,755.0,745.6,0.000487,
692,110553,157,0.0525,0.1966,0.7325,0.0709,1.0,-0.7535,-1.0,12231.5,1240.3,960.7,387.7,0.000279,0.259566
693,110709,156,0.6841,0.6038,0.1595,0.2367,1.0,-0.9252,-1.0,11630.8,3887.5,859.5,787.2,0.000284,0.219104
694,110869,160,0.1021,0.3939,0.3317,0.2745,0.6305,-0.9308,-1.0,10022.3,3620.2,896.1,441.1,0.000499,0.234753
695,111029,160,0.8977,0.7786,0.1316,0.0898,0.8958,-0.9306,-1.0,11032.9,3973.6,986.4,686.0,0.000291,0.228392
696,111188,159,0.1703,0.3317,0.494,0.1743,1.0,-0.8676,-1.0,12220.2,2307.2,948.4,260.5,0.000472,
697,111351,163,0.6466,0.7703,0.1941,0.0356,0.6261,-0.9389,-1.0,10005.5,4094.4,1053.4,1034.5,0.00065,0.280392
698,111512,161,0.0906,0.2018,0.2916,0.5066,1.0,-0.9023,-0.7096,12057.8,3085.5,683.8,594.5,0.000378,
699,111680,168,0.139,0.42,0.2059,0.3741,0.517,-0.9261,-1.0,9589.9,3245.0,819.7,678.6,0.000549,
700,111838,158,0.9889,0.8177,0.1141,0.0683,0.8788,-0.9283,-1.0,10968.1,3824.8,981.3,340.4,0.000244,
701,111998,160,0.2282,0.5321,0.1712,0.2967,0.5314,-0.9245,-1.0,9644.7,3193.5,1084.8,588.4,0.000532,
702,112159,161,0.7096,0.3314,0.0138,0.6548,0.6777,-0.9255,-0.0336,10202.1,3421.8,413.4,763.6,0.000673,0.255988
703,112319,160,-0.0046,0.1594,0.6474,0.1933,1.0,-0.819,-0.7197,11941.7,1649.4,687.9,542.9,0.000454,0.203279
704,112481,162,-0.1328,0.0357,0.8429,0.1214,0.8946,-0.5358,-1.0,11028.2,594.0,2399.3,662.6,0.000408,0.253195
705,112637,156,-0.1811,0.105,0.6754,0.2196,0.9617,-0.8087,-1.0,11284.3,1474.4,859.3,509.0,0.000381,0.255805
706,112792,155,1.0183,0.7874,0.1637,0.0489,1.0,-0.8971,-1.0,11845.7,2877.9,991.0,715.7,0.000234,
707,112959,167,0.3426,0.7024,0.2626,0.035,0.2437,-0.9421,-1.0,8548.5,3693.9,975.5,607.7,0.000486,0.223094
708,113122,163,0.8049,0.2746,0.0299,0.6954,0.5182,-0.9309,0.1772,9594.2,3472.0,329.1,637.5,0.000681,
709,113280,158,0.8707,0.707,0.2673,0.0257,1.0,-0.9128,-1.0,11999.5,3439.4,976.2,728.3,0.000481,
710,113444,164,0.5938,0.3615,0.0391,0.5994,0.9047,-0.9339,-0.4044,11066.9,4187.1,561.7,464.8,0.000701,
711,113610,166,0.3933,0.4318,0.083,0.4852,0.7629,-0.9322,-0.8289,10526.5,3883.9,731.5,651.9,0.000341,
712,113769,159,-0.2082,0.2189,0.505,0.2761,0.337,-0.9188,-1.0,8904.1,2740.8,834.0,860.5,0.000435,0.232827
713,113928,159,1.162,0.8678,0.082,0.0502,1.0,-0.9245,-1.0,12085.8,4002.0,1085.2,619.5,0.000436,
714,114084,156,0.0539,0.2262,0.6226,0.1512,1.0,-0.8258,-1.0,12419.2,1781.8,808.2,500.8,0.000469,
715,114239,155,0.0263,0.2413,0.617,0.1417,1.0,-0.8501,-1.0,12090.2,2016.6,985.6,427.6,0.000372,0.245366
716,114395,156,0.317,0.5484,0.1155,0.3361,0.6569,-0.9223,-1.0,10122.8,3255.4,1167.5,380.4,0.000284,0.267648
717,114550,155,0.7737,0.1556,0.1339,0.7105,0.2819,-0.9303,0.2282,8694.1,3116.3,308.7,441.2,0.000329,
718,114702,152,-0.449,0.0416,0.5425,0.4159,0.3745,-0.9076,-1.0,9047.0,2447.4,857.6,485.8,0.000611,
719,114866,164,0.5405,0.5563,0.0773,0.3664,1.0,-0.904,-1.0,12204.9,3178.7,1132.0,448.0,0.000324,
720,115027,161,-0.1848,0.128,0.6545,0.2175,0.9495,-0.8298,-1.0,11237.7,1651.1,932.5,547.6,0.000519,0.273086
721,115186,159,0.3304,0.6164,0.0367,0.347,0.4791,-0.9452,-1.0,9445.4,4306.6,879.0,397.4,0.000626,
722,115345,159,1.2497,0.9247,0.0436,0.0317,1.0,-0.9297,-1.0,11970.4,4255.4,1149.9,445.2,0.000622,0.25697
723,115501,156,-0.2288,0.0903,0.4196,0.4901,0.9448,-0.888,-0.817,11219.9,2505.1,726.8,832.9,0.000336,0.269489
724,115660,159,1.0169,0.0736,0.0004,0.9259,-0.8531,-1.0,0.5009,4369.7,3877.9,199.6,590.5,0.000419,
725,115818,158,0.2379,0.3616,0.2118,0.4265,0.8038,-0.9335,-0.7723,10682.5,4017.4,708.9,777.9,0.000728,
726,115980,162,0.017,0.337,0.2327,0.4303,0.5689,-0.9237,-1.0,9787.6,3207.2,841.2,487.7,0.000756,
727,116143,163,0.7516,0.6889,0.1271,0.184,0.8564,-0.9141,-1.0,10882.8,3166.9,994.9,394.4,0.000227,0.207925
728,116303,160,0.1708,0.3968,0.3598,0.2434,0.6259,-0.9182,-0.8975,10004.6,3057.1,759.0,536.8,0.000328,0.268229
729,116459,156,0.1351,0.2949,0.6355,0.0696,1.0,-0.8089,-1.0,11501.8,1504.9,834.3,813.2,0.001319,0.241801
730,116615,156,0.8711,0.7818,0.1651,0.0531,0.8777,-0.9235,-1.0,10964.1,3581.7,1122.8,578.3,0.000286,0.236475
731,116776,161,0.1162,0.0338,0.9597,0.0064,0.2105,-0.0619,-1.0,8422.1,224.4,3631.1,473.6,0.000595,
732,116930,154,-0.0948,0.0975,0.5044,0.3981,0.8972,-0.8849,-0.6149,11038.4,2396.9,646.0,611.4,0.000256,
733,117091,161,-0.0011,0.029,0.4737,0.4973,1.0,-0.9155,-0.3602,11581.1,3424.4,544.1,330.4,0.000331,0.239047
734,117253,162,0.6659,0.2548,0.0072,0.7379,-0.9406,-1.0,0.3618,4036.3,3790.4,255.3,479.1,0.000802,0.25041
735,117417,164,-0.4086,0.0075,0.6232,0.3692,0.9449,-0.8618,-1.0,11220.0,2029.5,802.7,347.6,0.000708,0.297221
736,117578,161,0.4404,0.2426,0.0432,0.7142,-0.9899,-1.0,0.2248,3848.3,3644.1,310.1,756.3,0.000549,
737,117737,159,-0.3081,0.0832,0.5804,0.3364,1.0,-0.8575,-1.0,12652.5,2219.5,863.8,745.9,0.000358,0.284204
738,117895,158,0.2134,0.3562,0.5819,0.0619,0.8371,-0.8892,-1.0,10809.5,2438.3,847.2,466.9,0.00071,0.256354
739,118061,166,0.5053,0.2635,0.1045,0.6321,0.2254,-0.943,-0.1532,8479.0,3716.8,461.3,315.3,0.000793,0.288957
740,118216,155,-0.1413,0.0131,0.4598,0.5272,0.6126,-0.9205,-0.4287,9953.8,3130.1,571.5,515.1,0.000705,
741,118376,160,0.9213,0.7492,0.115,0.1358,1.0,-0.9338,-1.0,11803.9,4456.4,1132.5,538.3,0.000705,
742,118537,161,0.8423,0.7171,0.0483,0.2346,0.9629,-0.9264,-1.0,11288.7,3832.0,810.3,508.0,0.001282,0.241353
743,118691,154,0.12,0.4136,0.3607,0.2257,0.6207,-0.9257,-1.0,9984.7,3361.8,922.9,530.1,0.00036,0.264299
744,118853,162,-0.018,0.0435,0.3851,0.5714,0.8315,-0.9169,-0.3717,10787.9,3244.4,548.7,542.5,0.000843,0.250752
745,119018,165,0.7223,0.0562,0.2059,0.7379,0.459,-0.9363,0.3468,9368.6,3674.7,261.3,709.2,0.000459,
746,119183,165,0.2694,0.1299,0.2928,0.5773,0.894,-0.9247,-0.2187,11026.1,3661.4,487.5,561.9,0.010123,0.289986
747,119342,159,0.2467,0.4534,0.345,0.2015,0.6378,-0.9413,-1.0,10049.9,4282.4,886.1,879.7,0.000407,
748,119503,161,0.3575,0.4414,0.1908,0.3677,0.8572,-0.9258,-0.8645,10885.9,3669.8,745.8,614.9,0.000287,0.260835
749,119663,160,-0.149,0.0334,0.8272,0.1394,0.8484,-0.473,-1.0,10852.6,514.8,2413.6,466.5,0.000643,0.238348
750,119820,157,0.6689,0.3977,0.0413,0.561,0.8488,-0.9251,-0.2912,10854.1,3625.0,516.5,647.5,0.000242,
751,119982,162,-0.3273,0.0536,0.6707,0.2757,0.7217,-0.8342,-1.0,10369.5,1563.5,847.1,1054.7,0.000544,
752,120143,161,1.1593,0.8456,0.0117,0.1427,1.0,-0.9281,-1.0,11772.5,4095.7,839.0,425.9,0.000492,0.287876
753,120295,152,-0.0477,0.1389,0.3235,0.5376,1.0,-0.9,-0.6556,11513.5,2879.7,662.2,471.6,0.000621,0.280282
754,120452,157,-0.0505,0.127,0.3625,0.5105,0.4869,-0.9136,-0.54,9474.9,2741.0,616.0,397.4,0.000638,
755,120607,155,-0.3779,0.0543,0.6797,0.2661,0.4311,-0.8533,-1.0,9262.4,1578.6,813.6,459.2,0.000349,0.252375
756,120766,159,0.6491,0.6823,0.1722,0.1455,0.7788,-0.9275,-1.0,10587.3,3650.7,980.7,593.2,0.000299,
757,120922,156,-0.2334,0.1283,0.4866,0.3851,1.0,-0.883,-1.0,12362.5,2640.8,870.4,531.2,0.000312,
758,121084,162,0.5176,0.4932,0.4325,0.0742,1.0,-0.9063,-1.0,12377.2,3303.4,842.1,638.5,0.000764,
759,121245,161,1.1639,0.8248,0.031,0.1442,1.0,-0.8999,-1.0,12982.1,3242.1,896.8,567.6,0.000279,0.252175
760,121404,159,-0.1804,0.1401,0.6199,0.24,0.7888,-0.8647,-1.0,10625.3,1963.1,809.2,456.4,0.000672,
761,121574,170,-0.1622,0.0265,0.4187,0.5548,0.7987,-0.9274,-0.5835,10662.9,3671.8,633.4,774.3,0.000298,
762,121734,160,-0.0856,0.1063,0.8012,0.0925,0.7642,-0.6662,-1.0,10531.5,788.7,1929.1,343.5,0.000447,
763,121890,156,0.2153,0.0404,0.895,0.0646,0.4839,0.0375,-1.0,9463.7,228.0,1640.4,336.1,0.0006,
764,122049,159,0.3765,0.0423,0.2791,0.6786,-0.6319,-0.965,0.1004,5212.3,3724.8,359.8,441.2,0.000376,0.259322
765,122212,163,0.7809,0.6161,0.3605,0.0235,1.0,-0.9135,-1.0,12020.3,3472.8,930.9,465.3,0.00065,
766,122369,157,0.1037,0.2508,0.6475,0.1017,1.0,-0.8245,-1.0,11659.6,1660.7,823.2,330.0,0.00036,0.283501
767,122525,156,-0.1467,0.0961,0.6768,0.2271,0.7602,-0.8199,-0.7057,10516.5,1460.2,682.3,854.0,0.000704,0.275185
768,122684,159,0.405,0.4568,0.1678,0.3754,0.5107,-0.9199,-0.5519,9565.9,2984.7,620.8,413.4,0.000622,
769,122846,162,-0.1603,0.0965,0.6517,0.2518,1.0,-0.8361,-1.0,11551.6,1762.3,811.3,398.5,0.000283,
770,123001,155,0.5049,0.6285,0.269,0.1025,0.6198,-0.9276,-1.0,9981.6,3446.3,879.6,401.8,0.000259,0.283604
771,123159,158,0.0435,0.2224,0.489,0.2886,1.0,-0.8952,-0.8184,11824.9,2820.9,727.4,480.8,0.000392,0.273632
772,123320,161,-0.0727,0.1972,0.7396,0.0632,0.2838,-0.7551,-1.0,8701.4,888.3,889.3,539.9,0.000533,
773,123486,166,-0.0769,0.2873,0.4191,0.2936,0.518,-0.9312,-1.0,9593.4,3484.5,879.1,728.3,0.00025,
774,123643,157,0.0693,0.3009,0.3614,0.3377,1.0,-0.9137,-1.0,12402.7,3593.3,830.1,757.0,0.000685,0.305461
775,123798,155,0.4021,0.458,0.1626,0.3794,0.7122,-0.9186,-0.6379,10333.4,3175.0,655.1,549.1,0.000386,
776,123963,165,0.4347,0.3671,0.1067,0.5262,1.0,-0.9257,-0.6561,12106.9,4073.8,662.4,283.1,0.000301,0.298175
777,124121,158,-0.1257,0.2249,0.4,0.3751,0.6744,-0.9286,-1.0,10189.5,3569.3,857.4,269.0,0.000284,0.259206
778,124275,154,-0.116,0.1517,0.635,0.2133,0.9955,-0.8419,-1.0,11413.0,1805.2,824.1,430.1,0.000345,0.23933
779,124424,149,-0.0815,0.0726,0.4889,0.4385,0.9611,-0.8777,-0.4782,11282.0,2306.8,591.3,432.8,0.000434,
780,124590,166,0.0174,0.2213,0.6692,0.1095,0.9566,-0.8038,-1.0,11264.7,1435.3,909.4,600.9,0.000467,
781,124748,158,0.2286,0.3207,0.6642,0.0151,0.7998,-0.8137,-0.8081,10667.4,1431.5,723.2,505.1,0.000342,
782,124907,159,-0.0729,0.1953,0.5193,0.2855,0.9243,-0.9007,-0.7576,11141.7,2805.9,703.0,1108.7,0.000487,0.273362
783,125061,154,0.3063,0.3606,0.2537,0.3857,1.0,-0.909,-0.761,12154.1,3340.3,704.4,635.2,0.000549,0.293082
784,125223,162,0.5966,0.6585,0.2383,0.1032,0.7495,-0.9349,-1.0,10475.6,4024.3,876.7,413.4,0.000333,0.255318
785,125382,159,0.1235,0.2463,0.3476,0.406,0.7038,-0.9245,-0.724,10301.3,3410.3,689.6,550.8,0.000506,
786,125538,156,-0.0396,0.0788,0.8072,0.114,0.9297,-0.6193,-1.0,11162.1,733.0,911.3,287.8,0.000374,
787,125697,159,0.5059,0.5291,0.1768,0.2941,1.0,-0.924,-1.0,12414.8,4083.1,1129.5,376.7,0.000213,0.252572
788,125864,167,0.0865,0.3769,0.3545,0.2686,0.3357,-0.9421,-0.7358,8898.8,3843.0,694.3,493.1,0.000509,
789,126023,159,0.7534,0.2861,0.0515,0.6624,0.4895,-0.9341,0.1596,9484.9,3598.6,336.1,833.0,0.000699,0.287344
790,126185,162,0.4954,0.4886,0.4886,0.0228,1.0,-0.8991,-1.0,12144.6,3008.9,940.1,427.2,0.000381,0.267673
791,126344,159,-0.0822,0.1098,0.7484,0.1418,0.8423,-0.7412,-0.8419,10829.2,1046.0,736.8,444.3,0.001197,
792,126510,166,-0.2933,0.0935,0.5312,0.3753,1.0,-0.8791,-1.0,12411.5,2565.9,823.8,734.0,0.000293,
793,126666,156,-0.1926,0.0267,0.7919,0.1813,0.5922,-0.6332,-1.0,9876.4,673.2,802.5,777.1,0.000631,
794,126832,166,-0.1143,0.1989,0.4704,0.3308,0.723,-0.9197,-0.8907,10374.7,3229.1,756.3,587.9,0.000255,
795,126986,154,0.9596,0.6951,0.1017,0.2031,0.9866,-0.9152,-0.8265,11379.1,3356.1,730.6,361.5,0.000285,
796,127143,157,0.5854,0.1198,0.1824,0.6978,0.6321,-0.9284,0.2174,10028.3,3499.9,313.0,601.7,0.000362,0.273195
797,127309,166,0.6494,0.7078,0.1408,0.1514,0.7528,-0.9385,-1.0,10488.0,4260.5,1264.0,635.4,0.000303,0.248197
798,127471,162,0.4808,0.2754,0.1066,0.618,0.139,-0.9286,-0.1075,8149.6,2852.6,443.0,373.8,0.000594,0.2935
799,127635,164,0.4337,0.6192,0.2685,0.1124,0.5345,-0.9324,-1.0,9656.4,3572.4,804.6,562.9,0.00027,0.295759
800,127793,158,0.1043,0.0109,0.984,0.0051,-0.2327,-0.1665,-0.8096,6733.3,202.0,723.8,365.9,0.000929,0.256769
801,127957,164,0.5399,0.703,0.0285,0.2685,0.5917,-0.9285,-1.0,9874.3,3452.6,800.1,563.8,0.000401,0.263255
802,128120,163,0.5315,0.5248,0.2467,0.2286,1.0,-0.9036,-1.0,12018.4,3117.9,1015.4,525.8,0.000473,
803,128281,161,0.2275,0.2297,0.2345,0.5359,0.4577,-0.9367,-0.3908,9363.9,3696.7,556.3,585.9,0.000307,0.266984
804,128442,161,0.4831,0.374,0.0637,0.5623,1.0,-0.922,-0.6222,12274.5,3934.8,648.9,472.2,0.000294,
805,128604,162,0.9178,0.0692,0.1576,0.7733,0.162,-0.947,0.4341,8237.3,3882.7,226.3,344.9,0.000268,
806,128761,157,0.5051,0.3952,0.2091,0.3957,0.9189,-0.9303,-0.4365,11121.1,3988.5,574.6,631.0,0.000335,0.255521
807,128924,163,-0.2936,0.116,0.5909,0.293,0.5015,-0.9063,-1.0,9530.8,2542.7,805.1,400.3,0.000368,
808,129088,164,0.9363,0.9141,0.018,0.0678,0.6731,-0.9211,-1.0,10184.3,3225.8,1010.0,820.1,0.000719,
809,129244,156,0.3594,0.3336,0.641,0.0254,1.0,-0.8109,-0.7081,11836.0,1565.1,683.2,622.5,0.001116,
810,129402,158,0.2408,0.4702,0.469,0.0608,0.6117,-0.91,-1.0,9950.4,2765.2,849.1,895.7,0.000338,
811,129555,153,0.0113,0.1633,0.8333,0.0034,0.3741,-0.5465,-1.0,9045.2,498.6,886.3,712.9,0.000333,0.260208
812,129713,158,0.3889,0.1763,0.1874,0.6363,0.259,-0.9327,-0.0584,8606.7,3196.8,423.4,611.6,0.00041,0.27862
813,129867,154,0.5262,0.5495,0.4378,0.0127,0.8765,-0.8946,-1.0,10959.6,2598.3,1078.5,375.1,0.000482,0.264271
814,130032,165,-0.2821,0.144,0.4891,0.3669,0.7871,-0.9196,-1.0,10618.7,3301.6,946.1,582.9,0.000618,
815,130191,159,1.0147,0.8577,0.118,0.0243,0.8371,-0.9254,-1.0,10809.5,3624.7,977.7,421.1,0.000354,0.247871
816,130350,159,0.7452,0.708,0.0014,0.2906,0.7952,-0.9135,-1.0,10649.8,3076.5,832.7,366.0,0.000554,
817,130508,158,0.0645,0.1668,0.3423,0.4909,0.8546,-0.9281,-0.4622,10876.1,3779.2,584.9,859.3,0.000293,
818,130671,163,0.4448,0.4997,0.2533,0.2471,1.0,-0.9086,-1.0,11457.9,3135.1,1291.6,411.4,0.000288,0.2606
819,130835,164,0.7523,0.2495,0.0153,0.7352,-0.6561,-0.9618,0.4414,5120.2,3352.3,223.4,614.7,0.000259,0.284661
820,130999,164,0.7427,0.3094,0.0937,0.5969,1.0,-0.9194,-0.1962,12066.6,3743.9,478.5,403.9,0.000661,0.307385
821,131158,159,0.6122,0.532,0.1329,0.3352,0.991,-0.9239,-0.8429,11395.5,3745.3,737.1,472.0,0.000962,
822,131319,161,0.224,0.6382,0.355,0.0068,0.1309,-0.9308,-1.0,8118.6,2933.2,881.2,599.3,0.000472,0.291977
823,131476,157,0.5768,0.601,0.0217,0.3774,0.8513,-0.924,-0.9434,10863.5,3574.3,777.4,876.1,0.00029,
824,131633,157,0.6016,0.2879,0.0862,0.6259,0.9661,-0.9055,-0.1787,11300.9,2988.6,471.5,486.3,0.00027,0.253145
825,131794,161,-0.038,0.254,0.4398,0.3062,0.7686,-0.9278,-1.0,10548.6,3653.1,901.7,626.5,0.000211,
826,131950,156,0.5535,0.6001,0.1819,0.218,0.7818,-0.9291,-1.0,10598.7,3735.1,916.2,508.2,0.000407,
827,132112,162,0.0548,0.3412,0.3573,0.3016,0.3673,-0.942,-1.0,9019.4,3890.3,864.8,439.5,0.000253,
828,132269,157,0.0594,0.29,0.6523,0.0577,0.6902,-0.8492,-0.9226,10249.7,1698.7,769.0,772.7,0.001661,0.28825
829,132430,161,0.0932,0.3526,0.6148,0.0326,0.5646,-0.8897,-0.7174,9771.3,2214.9,686.9,864.1,0.000388,
830,132593,163,0.4121,0.4355,0.2825,0.282,0.942,-0.9277,-0.8656,11208.9,3873.5,746.3,649.6,0.000222,0.308453
831,132752,159,0.6043,0.1247,0.1781,0.6972,-0.1199,-0.9458,0.1856,7163.0,3301.0,325.8,410.9,0.00065,
832,132917,165,0.0473,0.3751,0.5153,0.1096,0.4636,-0.9145,-0.97,9386.3,2744.4,788.0,802.8,0.000259,0.298321
833,133081,164,0.8865,0.7279,0.0634,0.2087,0.9083,-0.925,-1.0,11080.8,3694.3,873.9,467.6,0.000361,0.293314
834,133241,160,0.5778,0.5553,0.3816,0.0631,1.0,-0.9212,-1.0,11453.4,3633.2,1056.6,604.6,0.00048,0.306679
835,133401,160,0.3656,0.4146,0.5607,0.0247,0.9412,-0.8972,-1.0,11205.8,2724.3,823.7,623.0,0.000424,0.301165
836,133557,156,-0.2778,0.0298,0.7389,0.2313,0.8283,-0.7237,-0.995,10775.7,974.9,798.0,566.5,0.000203,0.256601
837,133711,154,-0.1929,0.1407,0.6249,0.2344,0.8158,-0.8609,-1.0,10728.0,1928.1,876.2,473.1,0.000464,0.26247
838,133872,161,0.0239,0.1652,0.3228,0.512,1.0,-0.9171,-0.6215,11752.1,3544.2,648.6,800.0,0.000307,
839,134032,160,-0.1171,0.0436,0.5493,0.4072,0.5801,-0.8901,-0.4629,9830.0,2236.2,585.2,436.4,0.000462,
840,134187,155,0.6014,0.5616,0.0505,0.3879,0.9698,-0.9218,-1.0,11314.8,3616.6,804.7,525.1,0.000555,0.272665
841,134345,158,0.3575,0.4437,0.435,0.1213,1.0,-0.9226,-1.0,12147.1,3924.7,957.0,647.6,0.000256,0.293782
842,134506,161,0.0455,0.2584,0.5588,0.1828,0.9853,-0.8711,-1.0,11373.9,2206.7,899.2,619.6,0.000246,
843,134664,158,0.1069,0.1399,0.3664,0.4937,0.7553,-0.9189,-0.3279,10497.8,3235.9,531.2,777.7,0.000333,
844,134823,159,0.1072,0.4419,0.3604,0.1977,0.4598,-0.9299,-1.0,9371.7,3343.0,854.1,549.4,0.00057,0.240642
845,134986,163,0.018,0.2444,0.4891,0.2664,1.0,-0.9111,-1.0,11534.3,3243.6,857.4,367.7,0.000482,
846,135137,151,0.4666,0.1504,0.1726,0.677,-0.1905,-0.9608,0.0906,6894.1,4399.9,363.7,368.1,0.000485,0.301837
847,135295,158,0.7286,0.6232,0.2844,0.0924,1.0,-0.931,-1.0,12432.3,4503.0,817.1,593.7,0.000225,0.296748
848,135460,165,0.2697,0.482,0.3644,0.1536,0.6891,-0.9132,-1.0,10245.5,2951.2,1048.6,499.8,0.000333,
849,135624,164,0.2841,0.3972,0.436,0.1668,1.0,-0.8936,-1.0,12202.9,2866.6,896.7,540.3,0.000244,
850,135788,164,-0.2003,0.2282,0.4618,0.31,-0.1211,-0.9487,-0.8311,7158.5,3489.2,732.4,554.4,0.000464,
851,135944,156,0.8303,0.7243,0.1541,0.1215,0.9421,-0.9234,-1.0,11209.4,3658.3,1063.4,503.2,0.000284,
852,136101,157,-0.0931,0.0743,0.7602,0.1656,0.5573,-0.6771,-1.0,9743.3,754.4,862.9,478.6,0.000352,0.251162
853,136265,164,0.4544,0.5243,0.2182,0.2575,0.8143,-0.9315,-0.9706,10722.6,3913.2,788.2,673.7,0.001091,0.248252
854,136429,164,0.9302,0.1378,0.0933,0.7689,0.2346,-0.9433,0.4296,8513.9,3757.1,228.2,491.1,0.000266,0.291118
855,136592,163,0.2072,0.2652,0.2687,0.4661,0.68,-0.9313,-0.6221,10210.8,3718.3,648.8,570.4,0.000583,
856,136752,160,0.3311,0.045,0.3417,0.6133,0.4984,-0.9423,-0.0208,9519.0,4123.4,408.3,331.4,0.000378,
857,136914,162,0.8586,0.6887,0.2374,0.0739,0.9711,-0.923,-1.0,11319.9,3675.1,909.3,662.0,0.000249,
858,137081,167,1.3864,0.9451,0.0187,0.0362,1.0,-0.8834,-1.0,12433.5,2665.8,1170.6,383.9,0.000246,0.299827
859,137241,160,0.7178,0.2008,0.1008,0.6984,-0.0975,-0.9581,0.2767,7248.5,4327.4,289.3,457.8,0.000281,0.269458
860,137405,164,0.4329,0.5609,0.2402,0.1989,0.7446,-0.9302,-1.0,10456.9,3742.9,876.5,398.3,0.000736,0.271458
861,137566,161,0.7032,0.2249,0.1035,0.6716,0.7356,-0.9243,0.0841,10422.6,3444.2,366.4,919.7,0.000266,
862,137724,158,0.0712,0.2322,0.6946,0.0732,1.0,-0.7996,-1.0,11787.1,1470.3,1042.6,663.3,0.000379,
863,137883,159,0.6159,0.5168,0.0771,0.4061,1.0,-0.9146,-0.7635,11779.2,3447.5,705.4,718.7,0.000401,0.252528
864,138043,160,-0.1725,0.1604,0.4866,0.3529,1.0,-0.8982,-1.0,12154.5,2985.8,860.0,468.3,0.000398,0.250257
865,138199,156,0.6882,0.6704,0.1321,0.1975,0.8809,-0.9177,-1.0,10976.2,3332.3,1073.3,849.8,0.000216,0.324798
866,138360,161,0.2846,0.2046,0.1894,0.606,0.288,-0.9434,-0.1945,8717.3,3850.7,477.8,546.7,0.000244,
867,138522,162,0.1833,0.2056,0.2596,0.5349,1.0,-0.9275,-0.5576,12674.4,4368.3,623.0,844.8,0.000633,
868,138673,151,0.6971,0.634,0.1198,0.2462,0.9865,-0.9077,-1.0,11378.7,3081.4,950.0,765.9,0.000204,0.316211
869,138840,167,0.3981,0.6663,0.0554,0.2783,0.4693,-0.9283,-1.0,9407.9,3278.5,916.9,969.7,0.000229,
870,139000,160,0.1192,0.3058,0.5477,0.1465,1.0,-0.8925,-1.0,12041.5,2801.2,1080.0,470.3,0.001146,
871,139158,158,0.2842,0.4983,0.1431,0.3586,0.5577,-0.9415,-0.8213,9744.7,4163.2,728.5,600.6,0.000698,
872,139315,157,1.1428,0.0422,0.022,0.9358,0.5789,-0.9307,0.5238,9825.6,3545.7,190.5,590.5,0.000306,0.266788
873,139478,163,0.3151,0.5556,0.0858,0.3586,0.5344,-0.9223,-1.0,9655.9,3105.4,858.5,599.7,0.000396,
874,139638,160,0.016,0.3059,0.3712,0.3229,0.7438,-0.9192,-1.0,10453.7,3233.7,859.2,1020.8,0.007007,
875,139797,159,0.0353,0.2609,0.5733,0.1658,1.0,-0.8799,-1.0,11923.4,2482.0,873.8,525.0,0.000562,0.241969
876,139956,159,0.3616,0.6505,0.2061,0.1434,0.4394,-0.9441,-1.0,9294.1,4159.0,992.8,527.3,0.001512,
877,140121,165,-0.0994,0.2848,0.5508,0.1643,0.4887,-0.9267,-1.0,9482.0,3235.9,857.0,856.0,0.000301,0.302315
878,140283,162,0.4525,0.13,0.1844,0.6856,-0.5149,-0.9587,0.0801,5658.2,3427.7,368.0,734.3,0.000681,0.315658
879,140444,161,0.2857,0.369,0.5991,0.0319,1.0,-0.857,-1.0,12447.1,2175.8,1003.8,471.3,0.000204,
880,140599,155,-0.0312,0.1901,0.381,0.4289,0.6214,-0.9232,-0.6538,9987.7,3250.5,661.5,693.4,0.000292,0.300553
881,140763,164,-0.0281,0.1327,0.8218,0.0456,0.6728,-0.3988,-1.0,10183.5,423.5,1147.6,803.5,0.000345,0.259988
882,140922,159,0.8162,0.6793,0.1319,0.1888,0.9548,-0.9285,-1.0,11257.7,3934.5,899.2,410.1,0.000258,
883,141083,161,0.0168,0.0358,0.911,0.0531,-0.483,-0.073,-1.0,5779.7,155.9,2349.3,830.8,0.000236,0.299706
884,141244,161,0.5612,0.6105,0.1431,0.2464,0.7537,-0.9149,-1.0,10491.6,3082.6,804.1,854.9,0.000201,
885,141403,159,0.9095,0.0821,0.0955,0.8225,-0.2341,-0.9511,0.4583,6728.0,3437.1,216.7,517.3,0.000337,0.279108
886,141562,159,0.1305,0.4518,0.3317,0.2166,0.4055,-0.9383,-0.9074,9165.1,3715.6,763.0,908.5,0.000283,
887,141724,162,0.2593,0.4288,0.3403,0.2309,0.8733,-0.9258,-1.0,10947.3,3686.2,870.1,546.7,0.000263,
888,141881,157,0.6271,0.0972,0.2005,0.7023,0.6839,-0.9298,0.2273,10225.6,3640.9,309.1,594.1,0.000442,0.296891
889,142044,163,-0.0093,0.4387,0.0124,0.5489,-0.0846,-0.9566,-0.8014,7297.7,4206.9,720.6,512.3,0.000256,
890,142208,164,0.9752,0.1851,0.0128,0.8021,-0.238,-0.9588,0.489,6713.1,4071.5,204.4,731.5,0.00025,
891,142363,155,0.1339,0.2866,0.2043,0.5091,0.5938,-0.9256,-0.6155,9882.5,3319.7,646.2,404.5,0.000251,0.293027
892,142526,163,0.4056,0.6263,0.0276,0.3461,0.3846,-0.9303,-0.7575,9085.5,3260.1,703.0,603.7,0.000255,
893,142687,161,0.4725,0.5164,0.0977,0.386,0.5061,-0.9449,-0.5621,9548.4,4328.5,624.8,735.0,0.000605,0.298981
894,142844,157,-0.1274,0.2291,0.7338,0.037,0.21,-0.815,-1.0,8420.1,1138.1,997.6,955.1,0.000626,
895,143001,157,0.4956,0.287,0.1316,0.5813,0.992,-0.9346,-0.316,11399.7,4355.9,526.4,620.8,0.000523,0.304992
896,143162,161,0.7845,0.6664,0.0478,0.2859,1.0,-0.9218,-1.0,11498.9,3677.7,835.3,473.8,0.000507,
897,143320,158,0.1782,0.4512,0.1934,0.3555,0.6424,-0.9263,-1.0,10067.4,3414.4,867.2,769.2,0.000551,
898,143481,161,0.1853,0.3501,0.4362,0.2137,1.0,-0.8975,-1.0,12442.5,3035.8,1010.3,662.4,0.000214,0.283196
899,143643,162,0.294,0.4644,0.1563,0.3794,0.6612,-0.9331,-0.903,10139.3,3790.6,761.2,535.8,0.000877,0.295628
900,143798,155,0.2506,0.3485,0.3439,0.3076,1.0,-0.9127,-0.8631,11511.5,3296.7,745.2,401.5,0.000464,
901,143961,163,0.8904,0.0489,0.0212,0.9299,0.7531,-0.9322,0.3504,10489.4,3865.4,259.9,738.3,0.000516,0.30944
902,144124,163,0.6194,0.5924,0.2436,0.164,0.9574,-0.9192,-1.0,11267.5,3484.7,937.7,503.8,0.000404,
903,144288,164,0.3987,0.5965,0.0678,0.3357,0.5632,-0.941,-0.9859,9765.8,4140.1,794.4,885.2,0.000584,
904,144445,157,-0.256,0.0821,0.7293,0.1886,0.3211,-0.7982,-0.9931,8843.5,1095.4,797.2,876.8,0.000449,0.321825
905,144609,164,-0.0768,0.0552,0.788,0.1568,0.9696,-0.6298,-1.0,11314.3,764.0,903.7,240.8,0.000328,0.278395
906,144767,158,-0.3931,0.0161,0.6574,0.3264,0.8637,-0.8514,-0.9199,10910.7,1835.8,768.0,529.9,0.000351,0.303075
907,144926,159,0.4172,0.0406,0.2704,0.6891,0.7951,-0.9275,0.1687,10649.5,3670.7,332.5,681.4,0.000293,
908,145086,160,-0.2814,0.0547,0.7186,0.2267,0.8361,-0.7692,-1.0,10805.6,1170.2,1053.5,469.7,0.000624,
909,145258,172,-0.049,0.2143,0.6917,0.094,0.7324,-0.8366,-1.0,10410.4,1592.3,925.4,897.5,0.000607,
910,145419,161,0.2662,0.3496,0.5671,0.0833,1.0,-0.8748,-1.0,12298.9,2455.8,1008.7,498.9,0.000906,0.280603
911,145575,156,-0.1193,0.1169,0.8534,0.0297,0.2048,-0.3523,-1.0,8400.3,324.2,1520.5,807.7,0.000248,0.258592
912,145736,161,-0.1196,0.1212,0.4294,0.4494,0.8226,-0.9245,-0.7269,10754.1,3560.3,690.8,513.5,0.000573,
913,145895,159,0.0471,0.256,0.2325,0.5114,0.6345,-0.9326,-0.7044,10037.4,3721.4,681.8,475.5,0.000284,0.281592
914,146064,169,0.2185,0.4467,0.5495,0.0039,0.633,-0.9096,-1.0,10031.7,2775.0,957.0,925.6,0.000687,
915,146223,159,0.8369,0.7463,0.1471,0.1066,0.8623,-0.9343,-1.0,10905.2,4147.8,1153.2,375.6,0.000165,0.275101
916,146381,158,0.6499,0.647,0.263,0.0899,0.8711,-0.9315,-1.0,10938.7,3990.0,1079.2,662.7,0.000318,0.267106
917,146545,164,0.4401,0.4866,0.0673,0.4461,1.0,-0.93,-0.9804,12091.1,4320.8,792.2,884.9,0.000335,0.252599
918,146701,156,0.2793,0.4769,0.2921,0.231,0.6439,-0.9341,-1.0,10073.3,3818.8,805.8,351.7,0.000366,0.282778
919,146860,159,1.1546,0.866,0.1303,0.0037,1.0,-0.9117,-1.0,12127.3,3435.0,1308.1,840.6,0.000216,
920,147018,158,0.2039,0.4035,0.2859,0.3106,0.8349,-0.9287,-1.0,10800.9,3787.5,810.8,944.0,0.000263,
921,147170,152,0.3839,0.0831,0.2565,0.6604,0.4475,-0.9346,0.1045,9324.8,3563.8,358.2,509.6,0.01002,
922,147325,155,0.2035,0.4872,0.4574,0.0554,0.5363,-0.9267,-1.0,9663.3,3295.2,833.9,831.2,0.000326,0.245061
923,147488,163,0.9502,0.7878,0.0406,0.1716,0.9134,-0.9169,-1.0,11100.2,3339.8,1108.1,552.6,0.000469,
924,147654,166,0.6328,0.5832,0.1722,0.2445,0.9121,-0.9417,-1.0,11095.1,4761.0,878.8,421.4,0.000294,
925,147810,156,0.4436,0.6791,0.2534,0.0676,0.5217,-0.9458,-1.0,9607.7,4429.6,886.2,493.8,0.000189,
926,147967,157,0.4731,0.405,0.0277,0.5673,0.7804,-0.9056,-0.5832,10593.5,2807.0,633.3,604.9,0.000412,0.270723
927,148119,152,1.0509,0.8389,0.0064,0.1548,1.0,-0.916,-1.0,12111.9,3605.1,1305.6,600.1,0.00029,0.249221
928,148278,159,0.0918,0.2723,0.6802,0.0475,0.8087,-0.7947,-1.0,10701.1,1303.2,955.8,484.0,0.000462,
929,148435,157,0.8572,0.755,0.2092,0.0358,0.854,-0.9257,-1.0,10873.8,3660.0,1012.9,756.3,0.00034,0.303893
930,148598,163,0.5901,0.539,0.4343,0.0267,1.0,-0.9077,-1.0,12404.3,3358.0,912.0,364.4,0.000616,
931,148753,155,0.4152,0.3055,0.1483,0.5462,1.0,-0.9295,-0.3523,11650.5,4134.1,540.9,737.2,0.00023,0.303102
932,148908,155,0.0323,0.2027,0.3711,0.4263,1.0,-0.9121,-0.8046,11536.9,3281.7,721.9,296.5,0.00027,
933,149070,162,0.0044,0.2955,0.3132,0.3913,0.618,-0.9381,-0.8691,9974.6,4031.6,747.6,483.3,0.000286,
934,149226,156,0.038,0.2559,0.3596,0.3845,0.5169,-0.9246,-0.6614,9589.3,3180.3,664.6,674.9,0.000483,
935,149388,162,1.0681,0.8299,0.077,0.093,1.0,-0.9231,-1.0,12113.6,3939.2,1366.2,560.2,0.000273,
936,149539,151,-0.2475,0.0822,0.6837,0.2341,0.7954,-0.807,-1.0,10650.5,1379.7,895.8,524.6,0.000437,0.257677
937,149696,157,0.3063,0.2376,0.2048,0.5575,0.5998,-0.9249,-0.4529,9905.4,3299.0,581.2,350.0,0.000338,
938,149855,159,1.0803,0.8364,0.0491,0.1145,1.0,-0.9079,-1.0,11919.5,3235.7,1167.0,547.4,0.000242,0.279457
939,150009,154,-0.0519,0.0628,0.8143,0.1229,1.0,-0.4645,-1.0,12090.8,564.4,1165.3,779.5,0.00054,0.27048
940,150171,162,0.0134,0.0484,0.3705,0.581,-0.7119,-1.0,-0.2174,4907.6,3096.5,487.0,434.4,0.000421,0.286389
941,150334,163,0.3279,0.0049,0.3638,0.6313,0.6789,-0.9313,-0.0826,10206.5,3712.6,433.0,228.8,0.000311,
942,150499,165,0.6118,0.5787,0.255,0.1663,1.0,-0.9095,-1.0,12497.2,3451.9,1042.0,457.6,0.000349,0.262456
943,150656,157,0.4702,0.494,0.3807,0.1253,0.9565,-0.9125,-0.8649,11264.4,3219.1,745.9,845.4,0.000316,
944,150816,160,-0.081,0.146,0.7051,0.1489,0.8512,-0.7941,-1.0,10863.3,1318.7,816.4,504.7,0.000535,
945,150975,159,0.6984,0.616,0.3275,0.0565,1.0,-0.9058,-1.0,12184.3,3232.6,935.1,601.6,0.000188,0.288826
946,151133,158,0.4449,0.4591,0.0098,0.5311,0.3543,-0.9445,-0.4552,8969.9,4040.7,582.1,451.6,0.000306,0.302379
947,151292,159,0.1857,0.3497,0.1801,0.4702,0.1755,-0.9412,-0.6081,8288.8,3521.5,643.2,505.9,0.000717,
948,151442,150,0.4222,0.4583,0.0688,0.4728,0.627,-0.9282,-0.5522,10008.9,3485.3,620.9,550.2,0.00029,
949,151606,164,0.8509,0.0805,0.1763,0.7432,0.2336,-0.9366,0.4628,8510.2,3356.1,214.9,622.0,0.000246,
950,151765,159,0.012,0.1281,0.3818,0.49,0.7479,-0.9286,-0.4307,10469.3,3664.0,572.3,465.1,0.000397,0.297552
951,151925,160,0.1166,0.3943,0.3263,0.2794,0.4928,-0.9428,-1.0,9497.6,4152.9,862.7,732.5,0.000354,0.264359
952,152089,164,0.4623,0.6144,0.042,0.3436,0.7115,-0.9327,-1.0,10330.9,3837.6,1034.0,684.6,0.000297,0.273255
953,152245,156,0.142,0.3524,0.5813,0.0662,0.7426,-0.8826,-0.9155,10449.2,2225.2,766.2,463.9,0.001406,0.300518
954,152405,160,0.6544,0.6325,0.2799,0.0876,0.7923,-0.9342,-1.0,10638.7,4039.9,983.6,488.8,0.000402,0.260552
955,152566,161,0.2822,0.3388,0.6299,0.0313,1.0,-0.8465,-1.0,12310.7,2005.2,865.3,385.3,0.00027,
956,152723,157,0.6107,0.1333,0.1564,0.7104,-0.6085,-0.9636,0.27,5301.6,3641.1,292.0,449.5,0.00044,0.253831
957,152884,161,0.3601,0.088,0.263,0.649,-0.5106,-0.9732,0.1387,5674.5,5291.7,344.5,558.0,0.000263,
958,153043,159,0.213,0.3848,0.4283,0.1869,0.8728,-0.9276,-0.9027,10945.3,3776.9,761.1,476.9,0.000247,0.288691
959,153202,159,0.9871,0.7623,0.202,0.0357,0.9991,-0.9194,-1.0,11426.4,3546.0,1070.4,442.7,0.000498,
960,153361,159,0.3318,0.4398,0.0581,0.5021,1.0,-0.9303,-1.0,11633.1,4170.1,839.1,632.1,0.000274,0.264904
961,153521,160,0.3361,0.4569,0.1921,0.3509,0.9962,-0.9344,-1.0,11415.5,4348.0,1093.5,589.4,0.000356,0.248923
962,153687,166,-0.0265,0.2832,0.5144,0.2024,0.6999,-0.9272,-1.0,10286.6,3532.6,881.5,426.1,0.000365,0.285478
963,153847,160,0.867,0.727,0.194,0.079,0.8372,-0.9246,-1.0,10809.9,3584.4,846.0,384.6,0.000294,0.304426
964,154010,163,0.7826,0.646,0.0049,0.349,1.0,-0.9248,-1.0,11970.3,3978.9,827.4,321.5,0.00075,
965,154172,162,0.371,0.3991,0.5889,0.0119,0.8522,-0.8933,-1.0,10866.8,2546.5,879.3,291.0,0.000315,
966,154339,167,-0.1176,0.1148,0.8003,0.0849,0.6197,-0.6665,-1.0,9980.9,748.2,1298.4,691.3,0.000341,0.249508
967,154502,163,0.0617,0.2974,0.5682,0.1344,0.7297,-0.9043,-1.0,10400.1,2717.6,849.4,577.6,0.000299,
968,154667,165,0.7726,0.7791,0.0125,0.2083,0.7003,-0.9158,-1.0,10288.2,3054.6,1070.5,660.7,0.000368,0.236139
969,154832,165,0.7839,0.6792,0.1937,0.1271,1.0,-0.916,-1.0,12353.9,3675.4,965.0,887.4,0.000957,
970,154991,159,0.1556,0.2871,0.4593,0.2536,1.0,-0.9156,-0.822,12688.8,3760.6,728.8,424.9,0.000386,0.28299
971,155150,159,0.0444,0.2569,0.4157,0.3275,1.0,-0.9227,-0.9395,11762.6,3802.8,775.8,861.8,0.000227,
972,155312,162,-0.3389,0.0709,0.6309,0.2982,1.0,-0.8763,-1.0,11497.1,2323.9,826.6,504.8,0.000305,
973,155469,157,1.1612,0.1398,0.0082,0.852,0.461,-0.9512,0.5024,9376.6,4805.6,199.0,619.8,0.000248,0.253003
974,155632,163,0.4736,0.5102,0.2114,0.2784,0.9894,-0.9226,-1.0,11389.5,3678.5,944.8,301.8,0.000398,
975,155791,159,0.5113,0.5733,0.399,0.0277,0.791,-0.9273,-1.0,10633.7,3658.0,917.6,492.7,0.000287,0.267442
976,155961,170,-0.3743,0.0613,0.6207,0.318,0.4904,-0.918,-1.0,9488.4,2893.2,900.5,768.3,0.000216,0.252915
977,156124,163,0.2864,0.4239,0.3332,0.2429,1.0,-0.9331,-1.0,11962.7,4473.5,1033.4,542.8,0.00041,
978,156282,158,0.6713,0.3527,0.039,0.6083,0.9275,-0.9348,-0.2188,11153.6,4275.0,487.5,476.3,0.006996,
979,156435,153,0.0127,0.2195,0.6972,0.0833,0.8406,-0.8335,-0.703,10822.6,1624.7,681.2,551.3,0.00049,0.242935
980,156590,155,0.6003,0.5871,0.1169,0.2959,0.9585,-0.9323,-1.0,11272.0,4159.5,885.8,379.4,0.000485,
981,156750,160,-0.2705,0.0689,0.6927,0.2384,0.5027,-0.8714,-1.0,9535.2,1853.4,851.7,597.3,0.00096,
982,156908,158,0.7672,0.676,0.0531,0.2708,0.9404,-0.9243,-1.0,11203.0,3699.0,1071.3,689.3,0.000255,
983,157073,165,0.4624,0.4968,0.3226,0.1806,1.0,-0.9152,-1.0,11846.1,3493.4,1014.6,470.8,0.000444,0.266009
984,157232,159,0.2297,0.5461,0.1778,0.2761,0.4495,-0.9391,-1.0,9332.6,3829.7,920.2,540.1,0.000259,
985,157388,156,0.4584,0.3498,0.0778,0.5723,0.3589,-0.9385,-0.1691,8987.5,3650.7,467.6,507.5,0.000338,
986,157549,161,0.0351,0.3071,0.3939,0.299,0.755,-0.9392,-0.9452,10496.7,4316.1,778.1,484.2,0.000223,0.216934
987,157711,162,-0.3132,0.0791,0.6649,0.256,1.0,-0.8722,-1.0,11440.1,2238.1,844.1,711.9,0.000322,0.269863
988,157869,158,1.0316,0.191,0.0327,0.7763,0.1806,-0.9478,0.4702,8308.0,3976.2,211.9,321.1,0.000285,0.272818
989,158024,155,1.1657,0.8586,0.1337,0.0077,1.0,-0.9238,-1.0,11983.6,3931.8,1063.9,353.9,0.000246,
990,158186,162,0.3859,0.4631,0.2621,0.2748,0.9512,-0.9274,-1.0,11244.1,3871.8,1068.5,352.1,0.000296,
991,158340,154,0.0106,0.356,0.4904,0.1536,0.6449,-0.9347,-1.0,10077.0,3858.6,812.3,875.2,0.000213,
992,158505,165,0.3567,0.4476,0.1681,0.3843,1.0,-0.9392,-1.0,11534.4,4746.5,816.9,500.1,0.000292,0.267718
993,158662,157,0.031,0.0207,0.3981,0.5811,0.2749,-0.9215,-0.3162,8667.4,2761.9,526.5,447.6,0.000647,
994,158820,158,0.1253,0.2572,0.5445,0.1983,0.7525,-0.9156,-0.5106,10487.1,3105.5,604.2,366.1,0.00024,
995,158977,157,-0.2247,0.0658,0.8418,0.0924,0.7814,-0.4865,-1.0,10597.2,515.9,1229.0,466.3,0.000238,0.26651
996,159134,157,0.0818,0.1874,0.4074,0.4052,1.0,-0.9184,-0.5837,11468.1,3513.6,633.5,980.7,0.000188,
997,159297,163,0.2998,0.3816,0.536,0.0825,0.8919,-0.9161,-0.8746,11018.0,3282.4,749.8,495.0,0.000208,0.242885
998,159450,153,0.1509,0.3162,0.3474,0.3364,0.9852,-0.9151,-0.8697,11373.7,3351.0,747.9,390.1,0.000348,
999,159603,153,0.4537,0.4955,0.363,0.1415,1.0,-0.9192,-1.0,12019.3,3720.4,970.3,467.0,0.000378,0.276748
1000,159761,158,-0.3094,0.0698,0.4715,0.4588,0.999,-0.9139,-0.927,11426.3,3316.5,770.8,509.9,0.000272,0.260002
1001,159923,162,0.184,0.1033,0.2656,0.631,0.3807,-0.932,-0.1847,9070.5,3336.9,473.9,517.7,0.00049,0.240844
1002,160080,157,0.2121,0.07,0.3414,0.5886,0.8673,-0.9205,-0.096,10924.5,3436.2,438.4,403.0,0.000285,
1003,160243,163,-0.1353,0.0024,0.8763,0.1214,0.1912,-0.2638,-1.0,8348.5,283.5,1547.7,564.3,0.000389,0.228483
1004,160402,159,1.1755,0.0946,0.0054,0.9,0.6606,-0.9301,0.5041,10137.0,3626.4,198.4,651.9,0.000273,
1005,160559,157,0.1814,0.5132,0.114,0.3728,0.4749,-0.9389,-1.0,9429.4,3856.9,861.0,555.1,0.000287,0.24932
1006,160723,164,-0.0542,0.1799,0.6944,0.1257,0.7429,-0.8437,-0.8725,10450.6,1672.0,749.0,440.5,0.000467,0.251739
1007,160886,163,0.0495,0.2946,0.4056,0.2998,1.0,-0.9132,-1.0,12154.9,3501.8,1018.6,678.8,0.000268,
1008,161040,154,0.6059,0.5789,0.4023,0.0188,1.0,-0.9126,-1.0,11921.0,3410.6,1013.8,273.6,0.000286,
1009,161198,158,0.0883,0.1912,0.7769,0.0319,0.9844,-0.669,-1.0,11370.6,858.7,937.1,673.6,0.00027,
1010,161358,160,-0.0816,0.17,0.7566,0.0733,0.7872,-0.773,-1.0,10619.4,1169.7,874.5,519.3,0.000384,
1011,161521,163,0.2274,0.4017,0.2716,0.3267,0.9479,-0.9289,-1.0,11231.4,3948.2,1005.3,391.2,0.000345,0.285255
1012,161682,161,0.5309,0.3314,0.1337,0.5348,1.0,-0.9357,-0.3628,11449.4,4454.0,545.1,617.9,0.000236,
1013,161841,159,0.0913,0.3272,0.1424,0.5304,0.2865,-0.9467,-0.6334,8711.7,4086.4,653.4,323.4,0.000234,0.293111
1014,162000,159,0.1655,0.3016,0.5898,0.1085,1.0,-0.8972,-0.6516,11763.0,2861.0,660.6,1285.7,0.000244,
1015,162163,163,0.4735,0.564,0.159,0.2769,0.7409,-0.929,-1.0,10442.9,3675.5,877.4,455.3,0.000768,0.246751
1016,162320,157,0.7944,0.0384,0.2028,0.7588,-0.264,-0.9515,0.4288,6614.2,3407.6,228.5,430.6,0.00027,
1017,162479,159,0.3152,0.3768,0.4571,0.1661,1.0,-0.9025,-0.7847,11471.9,2940.2,713.9,820.9,0.000199,0.288721
1018,162639,160,0.1917,0.4063,0.1736,0.4201,0.8458,-0.9242,-1.0,10842.5,3576.2,842.5,398.0,0.000311,0.234629
1019,162802,163,0.5692,0.2251,0.1252,0.6498,0.1808,-0.9379,0.1191,8309.0,3346.7,352.4,717.4,0.000355,
1020,162961,159,-0.2545,0.0002,0.7587,0.2411,1.0,-0.6786,-1.0,11842.7,921.1,812.9,467.4,0.000248,0.255482
1021,163123,162,0.6048,0.487,0.0696,0.4434,1.0,-0.9,-0.7281,11454.3,2863.4,691.2,480.4,0.000421,0.236624
1022,163284,161,-0.3682,0.0951,0.6,0.3049,0.5705,-0.8948,-1.0,9793.5,2328.3,882.6,1036.0,0.000821,
1023,163445,161,-0.1335,0.084,0.8788,0.0372,0.2247,-0.329,-1.0,8476.2,315.8,1613.2,652.4,0.000525,0.231208
1024,163613,168,-0.0991,0.1394,0.5349,0.3257,0.8514,-0.9153,-0.7096,10864.0,3207.6,683.8,853.4,0.000533,0.246725
1025,163767,154,0.5924,0.2226,0.1149,0.6625,-0.4215,-0.9648,0.2377,6014.2,4269.4,304.9,695.9,0.000432,0.256336
1026,163933,166,0.4553,0.5014,0.3727,0.1258,0.9063,-0.9179,-1.0,11072.9,3372.6,835.8,493.9,0.000162,0.266617
1027,164095,162,-0.4002,0.0032,0.6288,0.368,1.0,-0.8444,-0.892,11916.1,1914.8,756.8,611.4,0.000263,0.253492
1028,164257,162,0.3312,0.4722,0.0644,0.4635,0.6037,-0.9266,-0.7952,9920.2,3377.2,718.1,641.8,0.000415,0.247269
1029,164413,156,0.1976,0.4165,0.1806,0.4029,0.4888,-0.9253,-0.8141,9482.5,3174.6,725.6,811.0,0.00036,0.231985
1030,164578,165,0.188,0.3105,0.5808,0.1087,1.0,-0.8805,-0.9679,12300.9,2574.4,787.1,562.5,0.000376,
1031,164744,166,0.441,0.4711,0.3126,0.2163,1.0,-0.9145,-1.0,12099.3,3539.6,999.5,387.1,0.000754,
1032,164906,162,-0.1116,0.2038,0.5173,0.2789,0.8378,-0.9094,-1.0,10811.9,2982.4,820.6,583.1,0.000239,
1033,165058,152,0.9902,0.8985,0.0252,0.0763,0.805,-0.9352,-1.0,10687.2,4125.9,1159.6,355.1,0.000215,
1034,165217,159,0.5136,0.5599,0.396,0.0441,0.9379,-0.9223,-1.0,11193.4,3602.5,931.2,774.7,0.00031,0.257979
1035,165380,163,0.348,0.4607,0.3656,0.1738,0.9599,-0.9126,-1.0,11277.2,3227.4,965.3,901.0,0.001342,
1036,165539,159,-0.3492,0.0654,0.6084,0.3262,1.0,-0.8745,-1.0,11864.9,2363.0,859.3,688.3,0.000463,0.290647
1037,165692,153,0.4768,0.5114,0.3425,0.1461,1.0,-0.9153,-1.0,11467.6,3384.5,1107.5,312.3,0.006654,
1038,165855,163,1.1226,0.8729,0.0479,0.0792,1.0,-0.9223,-1.0,12251.0,3940.2,1157.0,406.8,0.000284,0.233768
1039,166014,159,0.0722,0.2953,0.5547,0.15,0.8311,-0.9005,-0.9132,10786.5,2710.5,765.3,519.6,0.000386,
1040,166171,157,0.1343,0.2288,0.1905,0.5807,-0.2873,-0.9548,-0.3132,6525.4,3608.4,525.3,364.1,0.000233,0.257818
1041,166332,161,0.4778,0.4699,0.1144,0.4157,0.9109,-0.9107,-0.8095,11090.6,3105.0,723.8,433.4,0.000365,
1042,166501,169,0.0481,0.3461,0.4306,0.2233,0.5868,-0.9273,-1.0,9855.5,3389.2,1027.3,912.6,0.000317,0.237404
1043,166662,161,0.5336,0.3345,0.0965,0.569,1.0,-0.9144,-0.375,11534.4,3370.2,550.0,694.1,0.001124,
1044,166814,152,0.3558,0.3038,0.0752,0.621,-0.3535,-0.9549,-0.072,6273.3,3474.6,428.8,364.6,0.000251,
1045,166973,159,0.2355,0.2021,0.2317,0.5663,0.8314,-0.9134,-0.4725,10787.8,3115.5,589.0,482.2,0.000191,0.242878
1046,167135,162,-0.0778,0.2193,0.3006,0.4801,0.3898,-0.9277,-0.7683,9105.2,3146.5,707.3,771.5,0.000332,0.292618
1047,167294,159,-0.1271,0.1471,0.5885,0.2644,1.0,-0.8697,-0.9494,11860.1,2274.9,779.7,465.2,0.000211,
1048,167449,155,-0.0198,0.2234,0.4303,0.3463,0.5472,-0.9248,-0.5461,9705.0,3226.4,618.5,840.2,0.000406,0.285875
1049,167612,163,1.2213,0.973,0.0071,0.02,0.8408,-0.9396,-1.0,10823.3,4482.4,1110.0,540.3,0.000264,
1050,167773,161,0.1177,0.365,0.47,0.165,0.7942,-0.9171,-1.0,10646.1,3208.9,924.0,957.2,0.000228,0.255378
1051,167935,162,0.1157,0.2418,0.3147,0.4435,1.0,-0.8732,-0.8059,11799.2,2326.1,722.3,582.5,0.000191,0.272642
1052,168098,163,0.1682,0.5039,0.3361,0.16,0.2807,-0.9423,-1.0,8689.6,3767.6,846.2,459.6,0.000308,
1053,168254,156,0.7201,0.6195,0.1327,0.2478,1.0,-0.9172,-1.0,11915.0,3597.3,879.2,499.2,0.000282,
1054,168417,163,-0.2437,0.049,0.7029,0.2481,0.8061,-0.822,-0.9155,10691.1,1501.4,766.2,959.0,0.000193,0.223276
1055,168580,163,-0.148,0.133,0.7047,0.1623,0.7774,-0.8215,-0.9769,10581.8,1481.6,790.8,646.3,0.000375,
1056,168740,160,0.3076,0.4458,0.0804,0.4738,0.8108,-0.9385,-0.8543,10709.1,4356.1,741.7,870.0,0.001472,
1057,168902,162,0.5013,0.8011,0.0072,0.1917,0.3517,-0.9391,-1.0,8960.0,3681.1,818.7,576.9,0.000268,
1058,169057,155,-0.1411,0.4395,0.2118,0.3487,-0.575,-0.9592,-0.5933,5429.1,3327.8,637.3,210.2,0.000375,0.227735
1059,169211,154,0.967,0.1659,0.0348,0.7993,0.2975,-0.9264,0.3941,8753.5,2973.1,242.4,500.8,0.000397,0.259309
1060,169374,163,0.3821,0.5651,0.3401,0.0948,0.5854,-0.9361,-1.0,9850.5,3855.8,936.1,264.1,0.000239,
1061,169529,155,0.1749,0.4639,0.5,0.0361,0.591,-0.9266,-1.0,9871.8,3362.9,927.4,667.0,0.000255,0.24526
1062,169686,157,0.4931,0.0132,0.2758,0.711,-0.3501,-0.9523,0.1962,6286.1,3296.2,321.5,582.3,0.000283,
1063,169845,159,0.6129,0.6034,0.1188,0.2778,0.8294,-0.9221,-0.8144,10779.8,3457.4,725.8,487.2,0.000375,0.262051
1064,170009,164,0.5041,0.131,0.176,0.6931,-0.1169,-0.9536,-0.0037,7174.8,3861.7,401.5,307.7,0.000615,0.268137
1065,170172,163,-0.1208,0.1333,0.4621,0.4046,1.0,-0.8969,-0.7629,12199.8,2957.3,705.1,567.0,0.000304,
1066,170333,161,0.8801,0.6902,0.1183,0.1915,1.0,-0.9135,-1.0,12451.8,3600.7,864.6,624.4,0.000259,0.285848
1067,170488,155,1.0205,0.0507,0.0532,0.8961,0.6968,-0.934,0.4508,10274.7,3892.2,219.7,442.7,0.000372,
1068,170644,156,0.2093,0.309,0.5847,0.1063,0.962,-0.8833,-0.8206,11285.3,2416.6,728.3,386.2,0.000267,
1069,170799,155,-0.3207,0.0003,0.7455,0.2542,0.8796,-0.7448,-1.0,10971.2,1074.8,865.2,536.6,0.00021,0.260049
1070,170960,161,0.8363,0.6789,0.1987,0.1224,1.0,-0.9174,-1.0,11762.7,3562.0,839.6,494.7,0.000299,
1071,171116,156,0.134,0.2537,0.192,0.5544,-0.4374,-0.9568,-0.3471,5953.5,3442.8,538.8,696.7,0.000303,
1072,171279,163,-0.2236,0.0033,0.8112,0.1854,0.8365,-0.544,-1.0,10806.9,592.4,1203.9,770.7,0.000646,0.282851
1073,171440,161,-0.0535,0.0541,0.8465,0.0995,0.5689,-0.3785,-1.0,9787.3,393.7,1182.1,395.5,0.000384,
1074,171599,159,0.8521,0.1703,0.0743,0.7554,-0.1668,-0.9528,0.4332,6984.7,3696.5,226.7,585.4,0.000245,0.273164
1075,171756,157,0.2458,0.4547,0.3634,0.1818,0.735,-0.9126,-1.0,10420.3,2981.7,1027.6,434.4,0.000256,
1076,171913,157,0.2532,0.2933,0.5,0.2067,1.0,-0.8773,-0.5888,12379.8,2522.0,635.5,312.8,0.00041,0.263409
1077,172079,166,-0.055,0.0708,0.4965,0.4326,0.5427,-0.9274,-0.3296,9687.9,3335.3,531.8,1012.7,0.000324,0.251697
1078,172232,153,0.7107,0.0791,0.1822,0.7387,-0.0536,-0.9307,0.3602,7415.6,2674.9,255.9,379.1,0.000244,
1079,172393,161,0.4718,0.5348,0.014,0.4511,0.8996,-0.9388,-1.0,11047.3,4513.0,839.7,394.0,0.00026,0.240252
1080,172554,161,-0.1425,0.0812,0.6648,0.254,1.0,-0.8291,-0.7456,11886.2,1739.2,698.2,445.4,0.000382,
1081,172719,165,0.2703,0.4204,0.1784,0.4012,0.7055,-0.927,-0.7901,10307.9,3531.1,716.0,588.9,0.000189,0.234355
1082,172880,161,0.1053,0.2714,0.3962,0.3324,1.0,-0.9193,-0.9816,12435.1,3851.6,792.6,373.2,0.000341,
1083,173038,158,0.792,0.6996,0.0532,0.2471,0.8724,-0.9369,-1.0,10943.9,4334.2,818.6,384.0,0.000244,
1084,173200,162,1.0229,0.7946,0.0948,0.1106,0.9691,-0.9163,-1.0,11312.1,3377.2,894.9,550.8,0.00035,
1085,173361,161,-0.2459,0.1012,0.6138,0.285,1.0,-0.8514,-1.0,11754.8,1978.1,999.9,448.8,0.000243,0.235366
1086,173515,154,0.1315,0.0968,0.8374,0.0659,1.0,-0.2933,-1.0,12122.4,428.8,873.8,519.1,0.000226,0.270356
1087,173682,167,1.1722,0.0311,0.0945,0.8744,0.6283,-0.9234,0.5111,10013.9,3270.1,195.6,518.2,0.000473,
1088,173848,166,0.2914,0.4896,0.245,0.2654,0.6696,-0.9344,-1.0,10171.4,3874.5,842.1,647.2,0.000479,
1089,174007,159,0.8005,0.7093,0.0917,0.199,0.9267,-0.938,-1.0,11150.7,4495.4,979.7,376.0,0.000227,0.244729
1090,174163,156,1.0064,0.0779,0.0333,0.8888,-0.5434,-0.9564,0.5212,5549.8,3181.7,191.5,653.2,0.000488,0.272942
1091,174323,160,0.233,0.4652,0.4767,0.0582,0.6494,-0.9154,-1.0,10094.1,2981.2,1003.7,981.7,0.000579,0.273621
1092,174486,163,-0.0339,0.0848,0.8821,0.0331,0.2347,-0.2793,-1.0,8514.4,295.3,1112.0,856.9,0.000361,
1093,174644,158,0.7562,0.643,0.1947,0.1623,1.0,-0.9254,-1.0,11804.6,3958.1,800.4,407.0,0.000341,
1094,174809,165,1.1097,0.8442,0.0154,0.1404,0.9218,-0.9333,-1.0,11132.1,4171.5,848.9,614.9,0.000321,0.261742
1095,174965,156,0.1675,0.3466,0.2078,0.4456,0.9944,-0.9134,-0.946,11408.7,3294.0,778.4,778.3,0.000228,0.232136
1096,175125,160,0.8134,0.3005,0.0045,0.6951,0.4014,-0.9319,0.1517,9149.2,3357.2,339.3,543.6,0.000276,0.270797
1097,175288,163,0.6597,0.0976,0.2299,0.6725,0.836,-0.907,0.1949,10805.3,2903.4,322.1,468.7,0.0004,
1098,175449,161,-0.0166,0.1636,0.7324,0.104,0.9997,-0.7282,-1.0,11429.0,1051.1,937.0,435.2,0.000375,0.23897
1099,175608,159,0.9052,0.8011,0.1031,0.0958,0.7967,-0.9388,-1.0,10655.4,4350.8,902.6,583.6,0.000482,
1100,175767,159,0.5502,0.3322,0.0691,0.5988,0.3726,-0.9333,-0.1672,9039.6,3389.3,466.9,411.0,0.000292,0.229371
1101,175929,162,0.5361,0.5026,0.0852,0.4122,0.7633,-0.9154,-0.645,10528.1,3111.7,658.0,730.2,0.000235,0.303926
1102,176088,159,-0.2038,0.1322,0.5078,0.36,0.8002,-0.8908,-0.8916,10668.8,2441.4,756.6,622.4,0.000368,
1103,176249,161,0.2338,0.3819,0.4138,0.2043,1.0,-0.9148,-0.9788,11762.1,3453.2,791.5,590.7,0.000222,0.204229
1104,176409,160,0.1057,0.0645,0.3619,0.5736,0.6003,-0.919,-0.2355,9907.3,3059.4,494.2,391.0,0.000452,0.295372
1105,176565,156,0.4039,0.3565,0.177,0.4665,0.8374,-0.9187,-0.4517,10810.4,3325.3,580.7,771.2,0.000683,0.264983
1106,176730,165,1.2302,0.88,0.1054,0.0146,0.9929,-0.9353,-1.0,11403.0,4408.4,1046.5,471.7,0.000423,
1107,176889,159,-0.2092,0.1105,0.6867,0.2028,1.0,-0.8102,-1.0,11665.5,1536.3,924.3,679.0,0.000208,0.266014
1108,177049,160,0.25,0.2249,0.2665,0.5086,1.0,-0.9168,-0.49,11632.6,3496.3,596.0,596.6,0.000402,0.273695
1109,177210,161,0.3398,0.4772,0.4876,0.0352,0.8417,-0.9066,-1.0,10826.7,2897.7,865.1,767.2,0.000289,
1110,177370,160,-0.4935,0.0099,0.5887,0.4014,0.8515,-0.8811,-1.0,10864.2,2284.2,901.7,731.4,0.000422,
1111,177526,156,-0.0987,0.0036,0.944,0.0525,-0.5232,-0.2367,-1.0,5626.4,184.3,1976.8,678.7,0.000252,
1112,177679,153,1.0205,0.1377,0.0128,0.8495,0.0771,-0.9354,0.4184,7913.6,3062.0,232.6,575.0,0.000334,0.251785
1113,177839,160,-0.3709,0.1044,0.4266,0.469,0.0625,-0.9321,-0.8924,7858.2,2894.6,757.0,607.0,0.000183,0.241559
1114,178000,161,0.2263,0.3235,0.6566,0.0199,0.9993,-0.8141,-1.0,11427.3,1536.8,1007.5,593.2,0.00021,
1115,178156,156,-0.1589,0.1166,0.5984,0.285,0.5479,-0.8555,-0.6815,9707.4,1679.5,672.6,396.4,0.000448,
1116,178307,151,0.6618,0.6689,0.2152,0.1159,0.6836,-0.9247,-0.5495,10224.7,3392.9,619.8,501.8,0.000346,0.252345
1117,178472,165,0.7051,0.6167,0.2832,0.1001,0.9959,-0.9243,-1.0,11414.4,3768.6,959.0,454.0,0.00035,
1118,178630,158,0.2133,0.3935,0.5643,0.0422,0.7997,-0.9153,-0.99,10666.7,3149.1,796.0,544.6,0.000348,
1119,178792,162,0.3813,0.5349,0.3976,0.0675,0.7277,-0.9425,-1.0,10392.5,4517.4,927.2,714.1,0.000325,
1120,178957,165,-0.0795,0.0523,0.4752,0.4725,1.0,-0.9035,-0.4896,11652.7,3018.8,595.8,557.2,0.000321,0.260236
1121,179121,164,0.4058,0.4225,0.11,0.4675,0.8603,-0.9341,-0.6691,10897.6,4136.0,667.7,643.7,0.000631,0.221439
1122,179277,156,-0.0105,0.218,0.6518,0.1303,1.0,-0.8322,-1.0,12009.8,1789.0,997.7,672.0,0.000277,0.249928
1123,179437,160,0.0173,0.3207,0.4818,0.1974,0.5946,-0.9144,-1.0,9885.6,2886.0,1002.8,743.8,0.000557,0.241811
1124,179599,162,0.507,0.1429,0.1641,0.693,-0.8121,-1.0,0.2008,4525.8,3076.4,319.7,366.5,0.0003,0.260839
1125,179759,160,0.3364,0.2684,0.1773,0.5543,0.7414,-0.9179,-0.4649,10444.8,3180.4,585.9,485.2,0.000265,0.266258
1126,179918,159,-0.0228,0.1784,0.3524,0.4691,1.0,-0.9105,-0.7311,11513.3,3217.0,692.4,693.4,0.000247,
1127,180079,161,0.3602,0.4392,0.3304,0.2304,1.0,-0.9183,-0.951,12166.0,3722.3,780.4,703.4,0.0003,0.242073
1128,180241,162,0.4854,0.1908,0.2305,0.5788,0.6539,-0.9175,-0.0684,10111.3,3065.9,427.3,814.9,0.000461,0.232581
1129,180398,157,0.0849,0.0755,0.8705,0.054,0.5068,-0.1366,-1.0,9551.0,276.6,954.1,311.5,0.000663,
1130,180554,156,0.3719,0.4858,0.1523,0.3619,0.5237,-0.932,-0.7269,9615.2,3535.8,690.8,379.0,0.00029,
1131,180716,162,0.8115,0.0333,0.0138,0.953,0.4555,-0.9311,0.2303,9355.6,3392.7,307.9,579.0,0.000241,
1132,180872,156,0.6197,0.5338,0.2198,0.2464,1.0,-0.9257,-0.6794,11602.7,3906.4,671.7,866.7,0.000244,
1133,181032,160,0.8326,0.0779,0.0853,0.8368,0.8211,-0.9196,0.3098,10748.5,3343.3,276.1,663.6,0.000264,
1134,181196,164,-0.0558,0.0782,0.868,0.0539,0.459,-0.2527,-1.0,9369.0,313.4,1260.9,355.3,0.000305,
1135,181362,166,0.0033,0.1082,0.5809,0.3109,0.9828,-0.8374,-0.6201,11364.3,1747.3,648.0,562.2,0.000235,
1136,181522,160,0.9108,0.7465,0.0893,0.1642,1.0,-0.9311,-1.0,11597.3,4208.1,1003.2,491.4,0.000319,
1137,181677,155,0.4185,0.3993,0.226,0.3747,0.7884,-0.9347,-0.6348,10623.8,4066.2,653.9,274.9,0.000184,0.285875
1138,181840,163,0.6123,0.5978,0.2795,0.1226,0.9146,-0.909,-1.0,11104.8,3051.3,1085.6,480.6,0.000498,
1139,182003,163,-0.2668,0.0013,0.5417,0.4569,0.7452,-0.8926,-0.62,10459.1,2434.6,648.0,489.1,0.000242,0.222881
1140,182168,165,0.4689,0.5734,0.2712,0.1554,0.6965,-0.9134,-1.0,10273.7,2965.4,935.2,361.8,0.000627,
1141,182331,163,0.7068,0.1937,0.1127,0.6936,0.3839,-0.9282,0.0537,9082.6,3164.6,378.5,394.0,0.000442,0.278274
1142,182493,162,0.5228,0.526,0.0304,0.4435,0.791,-0.9355,-0.647,10633.7,4122.7,658.8,1026.1,0.000348,0.249075
1143,182654,161,-0.1908,0.0871,0.678,0.2349,0.7783,-0.8003,-0.8275,10585.3,1325.1,731.0,431.8,0.000189,
1144,182817,163,0.64,0.5263,0.1631,0.3106,1.0,-0.9258,-0.8156,11466.0,3861.8,726.2,412.3,0.000287,0.224495
1145,182980,163,-0.234,0.0056,0.5274,0.467,1.0,-0.8833,-0.592,11604.8,2485.4,636.8,899.7,0.000207,
1146,183153,173,-0.0746,0.2492,0.5566,0.1943,0.7319,-0.9082,-1.0,10408.4,2834.9,1056.6,543.0,0.000304,0.244451
1147,183311,158,0.7685,0.1671,0.0811,0.7518,0.647,-0.9202,0.2683,10085.0,3158.4,292.7,577.6,0.000265,0.286687
1148,183469,158,0.5037,0.4258,0.304,0.2702,1.0,-0.8932,-0.6109,12612.5,2953.3,644.4,415.3,0.000568,0.263558
1149,183636,167,0.2548,0.3779,0.3761,0.2459,0.8498,-0.9339,-0.9403,10857.6,4106.2,776.1,669.8,0.000235,
1150,183792,156,0.8184,0.034,0.2103,0.7557,-0.9845,-1.0,0.5029,3869.2,3290.2,198.8,309.6,0.000298,
1151,183949,157,0.1102,0.2421,0.751,0.007,0.9058,-0.7082,-1.0,11071.0,948.4,1164.5,713.5,0.000247,0.291704
1152,184110,161,0.3964,0.4431,0.1643,0.3926,1.0,-0.9195,-0.8702,12511.6,3887.4,748.1,720.7,0.000177,
1153,184274,164,0.0876,0.2914,0.6324,0.0762,0.7629,-0.8564,-1.0,10526.6,1832.3,944.4,864.0,0.000206,
1154,184436,162,0.7665,0.2989,0.0262,0.6749,0.7628,-0.9234,0.0195,10526.3,3434.3,392.2,770.5,0.000414,
1155,184594,158,-0.1408,0.1591,0.5876,0.2533,1.0,-0.873,-1.0,12234.0,2407.7,846.8,598.8,0.000622,
1156,184756,162,0.2208,0.3203,0.588,0.0917,1.0,-0.8729,-1.0,12016.7,2363.2,870.2,405.2,0.000286,
1157,184913,157,0.1559,0.3346,0.4419,0.2236,1.0,-0.9049,-1.0,12206.2,3210.4,902.5,557.6,0.000503,0.267305
1158,185078,165,0.3204,0.4291,0.4113,0.1596,1.0,-0.9078,-1.0,12409.1,3363.8,915.5,945.6,0.000261,
1159,185242,164,0.1009,0.3981,0.1283,0.4737,0.3261,-0.9351,-0.9089,8862.6,3416.4,763.5,566.7,0.000185,
1160,185397,155,-0.3365,0.0242,0.6033,0.3725,0.8648,-0.8545,-0.8252,10914.9,1875.8,730.1,369.7,0.000328,0.296355
1161,185554,157,0.7742,0.3596,0.0604,0.58,1.0,-0.9077,-0.0956,11795.8,3194.4,438.2,518.6,0.000525,
1162,185711,157,0.5403,0.5425,0.3067,0.1508,1.0,-0.8997,-1.0,12695.4,3163.5,902.5,524.7,0.000297,0.244411
1163,185870,159,1.1533,0.8815,0.0933,0.0252,0.9259,-0.9316,-1.0,11147.7,4072.1,843.9,385.3,0.000307,
1164,186033,163,0.5303,0.6185,0.3346,0.0469,0.7629,-0.9325,-1.0,10526.7,3896.1,1076.5,412.9,0.000237,0.266683
1165,186195,162,0.8168,0.0893,0.1517,0.759,0.0116,-0.9427,0.3668,7664.3,3342.2,253.3,634.2,0.000284,0.253311
1166,186356,161,0.2735,0.5695,0.3335,0.097,0.3943,-0.9374,-1.0,9122.2,3642.9,810.8,624.2,0.000577,
1167,186517,161,0.9792,0.14,0.0512,0.8088,0.2855,-0.9273,0.4279,8707.7,2993.5,228.9,601.1,0.000208,0.272616
1168,186672,155,0.1842,0.3083,0.3411,0.3506,1.0,-0.8929,-0.8655,11687.3,2727.9,746.2,442.5,0.000269,
1169,186825,153,-0.2158,0.1308,0.6725,0.1967,0.7616,-0.8249,-1.0,10521.8,1501.8,998.2,498.8,0.000384,0.229126
1170,186979,154,-0.1712,0.0423,0.562,0.3957,0.9101,-0.8811,-0.6613,11087.5,2330.4,664.5,426.4,0.000476,0.255208
1171,187137,158,0.5512,0.1775,0.1652,0.6572,-0.3214,-0.9443,0.1707,6395.5,2869.3,331.7,287.4,0.000304,0.250593
1172,187307,170,0.9315,0.9197,0.0058,0.0745,0.6133,-0.9405,-1.0,9956.6,4184.1,991.5,657.3,0.000392,0.232391
1173,187463,156,0.146,0.2549,0.431,0.314,0.7773,-0.9118,-0.5656,10581.5,2998.9,626.2,571.5,0.000321,0.234685
1174,187616,153,0.3579,0.4475,0.4434,0.1091,1.0,-0.8981,-1.0,11452.1,2808.3,898.0,639.0,0.000224,
1175,187774,158,0.3019,0.3968,0.1758,0.4274,0.8901,-0.9034,-0.8224,11011.1,2849.7,729.0,567.3,0.000906,
1176,187934,160,0.1014,0.3639,0.3522,0.2839,0.2848,-0.9328,-0.6496,8705.2,3240.1,659.8,614.7,0.000243,
1177,188095,161,-0.231,0.0673,0.7414,0.1912,0.9684,-0.7474,-1.0,11309.6,1119.2,1119.2,496.9,0.000738,0.268357
1178,188249,154,0.4262,0.774,0.1988,0.0272,0.2889,-0.9431,-1.0,8720.6,3831.6,894.6,661.5,0.000263,0.2373
1179,188408,159,-0.024,0.2482,0.6826,0.0692,0.7436,-0.8207,-1.0,10453.0,1457.2,951.2,665.5,0.000418,
1180,188566,158,-0.1379,0.0062,0.4819,0.5119,0.4252,-0.9188,-0.419,9240.0,2846.2,567.6,528.4,0.000416,
1181,188719,153,-0.2222,0.1056,0.5587,0.3357,0.681,-0.8817,-0.8259,10214.6,2159.1,730.4,444.2,0.000236,0.238487
1182,188875,156,0.3377,0.4863,0.0475,0.4662,0.843,-0.9192,-1.0,10831.7,3352.9,815.3,487.1,0.000511,0.244434
1183,189040,165,0.3628,0.5288,0.3464,0.1248,0.7253,-0.9344,-1.0,10383.4,3956.2,902.3,779.1,0.000291,
1184,189196,156,0.1238,0.296,0.4743,0.2297,0.9764,-0.9081,-0.9332,11340.2,3085.6,773.3,305.8,0.00026,
1185,189355,159,0.8114,0.6589,0.2241,0.1169,1.0,-0.9143,-1.0,11637.4,3393.9,908.3,363.4,0.00035,0.258184
1186,189513,158,0.5443,0.5454,0.1845,0.2701,0.9129,-0.932,-0.8509,11098.0,4079.3,740.4,1017.0,0.000287,0.244823
1187,189668,155,0.0107,0.108,0.7993,0.0928,0.9288,-0.5367,-1.0,11158.7,602.1,925.4,327.6,0.000367,
1188,189829,161,-0.1172,0.0398,0.8289,0.1313,0.8506,-0.4644,-1.0,10860.6,506.9,1051.0,730.0,0.000242,0.238377
1189,189985,156,-0.1124,0.0841,0.7521,0.1639,1.0,-0.5749,-1.0,11753.4,691.2,1022.2,396.7,0.000233,0.221538
1190,190143,158,0.1763,0.0095,0.9111,0.0794,0.1024,0.0563,-1.0,8010.1,189.6,1063.6,445.6,0.000299,0.238572
1191,190307,164,0.1445,0.3469,0.3393,0.3138,0.8552,-0.932,-1.0,10878.3,3999.3,927.6,516.1,0.000194,0.248792
1192,190471,164,0.5962,0.5109,0.2386,0.2506,1.0,-0.9139,-0.8405,11702.5,3397.2,736.2,467.6,0.000223,0.254665
1193,190632,161,0.1685,0.2485,0.5642,0.1872,1.0,-0.8608,-0.7043,12171.9,2185.9,681.7,457.8,0.000579,
1194,190793,161,0.2718,0.3468,0.4058,0.2475,1.0,-0.9121,-0.8628,11872.6,3375.3,745.1,250.4,0.000252,0.254173
1195,190947,154,0.7138,0.5924,0.16,0.2476,0.9996,-0.9064,-0.7231,11428.3,3051.9,689.2,539.3,0.000324,0.217574
1196,191102,155,-0.0382,0.0987,0.8043,0.097,0.7227,-0.5176,-1.0,10373.5,537.6,1285.0,360.2,0.000194,
1197,191260,158,0.6058,0.2939,0.021,0.685,-0.0808,-0.9461,0.1329,7312.1,3393.2,346.8,578.5,0.000241,
1198,191423,163,-0.0361,0.2395,0.5608,0.1997,0.8402,-0.8867,-1.0,10821.1,2387.6,849.0,469.4,0.0006,0.249794
1199,191584,161,0.0414,0.2615,0.622,0.1166,1.0,-0.8398,-1.0,11690.6,1824.1,1030.0,731.8,0.000332,
1200,191745,161,0.3391,0.3583,0.1905,0.4512,0.608,-0.9257,-0.4794,9936.6,3341.8,591.7,517.7,0.000208,0.235073
1201,191905,160,0.6495,0.2588,0.0388,0.7024,0.0109,-0.9494,0.0447,7661.7,3784.0,382.1,398.8,0.000724,0.255542
1202,192067,162,0.8166,0.7356,0.2232,0.0412,0.7713,-0.925,-0.9407,10558.5,3519.6,776.3,437.1,0.01585,0.219143
1203,192221,154,0.3746,0.1586,0.1626,0.6788,-0.8572,-1.0,0.1401,4354.2,3105.9,344.0,541.5,0.000303,0.269018
1204,192378,157,-0.0803,0.169,0.4393,0.3917,0.5826,-0.9194,-0.8004,9839.7,3050.1,720.1,286.0,0.000294,
1205,192535,157,-0.1327,0.0166,0.4201,0.5632,0.9219,-0.9001,-0.5593,11132.3,2785.3,623.7,460.6,0.000236,0.229526
1206,192702,167,0.25,0.3307,0.2223,0.447,0.6875,-0.928,-0.8417,10239.5,3556.4,736.7,350.3,0.000197,
1207,192865,163,0.0203,0.2909,0.3952,0.3139,0.8588,-0.9125,-1.0,10892.1,3110.6,824.3,738.1,0.000344,0.275982
1208,193017,152,0.3513,0.3006,0.1395,0.5599,0.3345,-0.936,-0.3125,8894.6,3475.9,525.0,315.9,0.000219,0.263645
1209,193179,162,0.5758,0.6518,0.1669,0.1813,0.7399,-0.9386,-1.0,10439.1,4252.1,939.5,487.2,0.000433,0.265218
1210,193342,163,0.6956,0.5817,0.2819,0.1364,1.0,-0.9175,-1.0,12299.7,3727.4,944.1,255.3,0.00026,
1211,193496,154,0.6086,0.4925,0.1756,0.3319,0.9901,-0.9212,-0.5822,11392.3,3613.7,632.9,630.0,0.000388,
1212,193652,156,0.488,0.539,0.3923,0.0687,0.8655,-0.9126,-0.869,10917.7,3122.6,747.6,835.6,0.000265,
1213,193814,162,0.2045,0.3757,0.208,0.4163,0.5143,-0.937,-1.0,9579.6,3803.5,816.2,287.3,0.00021,
1214,193969,155,0.5666,0.1766,0.1599,0.6636,0.3431,-0.9308,0.1357,8927.1,3223.5,345.7,560.3,0.000276,0.217917
1215,194129,160,-0.0656,0.1049,0.4258,0.4693,0.6559,-0.9041,-0.6729,10119.2,2639.0,669.1,194.5,0.000331,0.282334
1216,194288,159,0.08,0.2286,0.2809,0.4906,0.9473,-0.8947,-0.8042,11229.2,2666.5,721.7,493.4,0.000302,
1217,194448,160,-0.0149,0.0459,0.8307,0.1234,0.9645,-0.4556,-1.0,11294.6,518.7,1034.5,486.3,0.000222,
1218,194606,158,-0.4364,0.031,0.5851,0.3838,1.0,-0.8561,-1.0,11716.8,2036.0,803.8,622.2,0.00037,
1219,194765,159,0.7356,0.0105,0.1774,0.8121,0.5825,-0.9263,0.3966,9839.2,3338.8,241.4,712.2,0.000723,0.256315
1220,194926,161,0.6005,0.5166,0.0411,0.4423,0.9465,-0.9247,-0.8336,11226.1,3728.1,733.4,361.9,0.000166,
1221,195087,161,0.8874,0.1062,0.0907,0.8031,0.1577,-0.9232,0.3354,8220.7,2675.9,265.8,403.8,0.000255,0.239912
1222,195248,161,0.1306,0.4153,0.3495,0.2351,0.6162,-0.9283,-1.0,9967.6,3476.5,828.6,566.2,0.000323,
1223,195407,159,0.5662,0.7733,0.2081,0.0187,0.4441,-0.9408,-1.0,9312.0,3929.8,929.6,563.0,0.00091,0.226948
1224,195568,161,0.7798,0.7437,0.2386,0.0177,0.7749,-0.9139,-1.0,10572.2,3070.4,975.6,485.8,0.000282,
1225,195733,165,0.1147,0.2585,0.3903,0.3512,0.8421,-0.9161,-0.7145,10828.5,3227.3,685.8,597.5,0.000415,0.246012
1226,195889,156,-0.1672,0.1048,0.4734,0.4219,0.9104,-0.8977,-0.775,11088.7,2710.7,710.0,393.3,0.000323,0.25305
1227,196054,165,0.4616,0.1704,0.1668,0.6628,0.258,-0.9527,-0.0491,8602.8,4544.8,419.7,417.2,0.000688,
1228,196219,165,0.7639,0.0427,0.1912,0.7662,0.1694,-0.9373,0.3958,8265.4,3294.6,241.7,622.8,0.000237,0.27719
1229,196382,163,0.3236,0.9646,0.0027,0.0328,-0.108,-0.9522,-1.0,7208.4,3773.6,908.4,658.0,0.000273,
1230,196544,162,0.4532,0.5155,0.28,0.2044,0.8043,-0.9193,-1.0,10684.4,3308.4,842.7,511.3,0.000406,
1231,196704,160,0.517,0.2987,0.1642,0.5371,1.0,-0.9019,-0.3171,12458.7,3175.5,526.8,507.7,0.000216,
1232,196861,157,0.6596,0.5917,0.0678,0.3406,0.9505,-0.9061,-0.9338,11241.5,2993.3,773.5,334.8,0.000276,0.194425
1233,197018,157,0.0609,0.1587,0.2949,0.5464,-0.0984,-0.9373,-0.3643,7245.2,2889.9,545.7,322.5,0.000314,
1234,197179,161,0.5831,0.5187,0.3834,0.0979,1.0,-0.9188,-1.0,11440.4,3521.0,817.8,228.2,0.00097,0.294448
1235,197337,158,0.736,0.1913,0.0591,0.7496,-0.1134,-0.9569,0.3254,7188.0,4172.7,269.8,816.1,0.0005,0.250949
1236,197495,158,0.2597,0.376,0.4514,0.1726,1.0,-0.9057,-1.0,11962.6,3172.9,886.5,667.6,0.000309,0.234425
1237,197653,158,0.7259,0.6701,0.0435,0.2864,0.8632,-0.9368,-1.0,10908.9,4318.0,850.9,436.8,0.000222,0.254674
1238,197815,162,-0.0482,0.0422,0.8013,0.1566,1.0,-0.4464,-1.0,12580.5,568.1,1063.2,515.5,0.000407,0.209671
1239,197977,162,0.4884,0.3411,0.1446,0.5143,0.856,-0.9352,-0.39,10881.5,4195.8,556.0,722.3,0.00018,0.216303
1240,198131,154,1.0301,0.814,0.1022,0.0839,1.0,-0.9209,-1.0,11629.8,3674.1,897.4,578.8,0.000202,0.214453
1241,198291,160,0.5018,0.5224,0.2626,0.2151,1.0,-0.916,-1.0,11696.7,3479.2,952.8,422.8,0.000309,0.235589
1242,198453,162,1.2362,0.8921,0.0126,0.0953,1.0,-0.9169,-1.0,12669.6,3811.6,814.8,590.4,0.000319,0.255471
1243,198617,164,-0.0641,0.267,0.6017,0.1314,0.4488,-0.9118,-0.9467,9329.9,2643.1,778.7,456.9,0.00524,0.220708
1244,198776,159,-0.0115,0.2844,0.5773,0.1384,0.3972,-0.9138,-0.5208,9133.4,2649.0,608.3,448.9,0.000314,
1245,198937,161,-0.3464,0.0648,0.6319,0.3033,0.2396,-0.9146,-0.8961,8532.8,2498.9,758.4,420.9,0.000547,0.204828
1246,199104,167,0.1354,0.3276,0.4219,0.2504,1.0,-0.9226,-1.0,11856.8,3827.5,960.4,740.2,0.000298,
1247,199268,164,0.6888,0.7436,0.1902,0.0662,0.6773,-0.9325,-1.0,10200.4,3780.6,979.2,513.3,0.000278,
1248,199430,162,0.2212,0.0806,0.9029,0.0165,0.0129,-0.0102,-1.0,7669.1,193.7,1010.4,418.4,0.000312,
1249,199591,161,0.5338,0.0825,0.2213,0.6963,0.6724,-0.9395,0.032,10181.8,4205.8,387.2,331.3,0.0004,0.258655
1250,199747,156,-0.1464,0.0758,0.7795,0.1446,1.0,-0.6552,-1.0,11815.6,856.8,1032.9,510.0,0.000326,0.243592
1251,199909,162,0.2815,0.1989,0.2279,0.5732,1.0,-0.9243,-0.3048,12362.7,4083.5,521.9,748.6,0.000441,0.28523
1252,200069,160,0.0243,0.076,0.8834,0.0406,0.1934,-0.2144,-1.0,8356.8,265.9,944.8,286.8,0.000337,0.281872
1253,200226,157,0.1002,0.1894,0.3897,0.4209,0.8419,-0.9234,-0.4498,10827.7,3533.0,579.9,508.4,0.000836,
1254,200385,159,0.4689,0.3718,0.1211,0.5071,0.6842,-0.9277,-0.5443,10226.8,3538.5,617.7,425.7,0.000325,0.247058
1255,200543,158,0.0977,0.3163,0.3512,0.3325,0.9442,-0.9289,-1.0,11217.4,3945.3,814.6,443.5,0.000504,0.241273
1256,200703,160,0.9564,0.7159,0.0654,0.2187,1.0,-0.9234,-0.9029,11656.8,3806.5,761.2,261.6,0.000345,0.223493
1257,200857,154,0.5931,0.6856,0.0163,0.2982,0.6397,-0.9313,-0.992,10057.1,3658.7,796.8,372.9,0.000236,0.250612
1258,201019,162,0.9821,0.0664,0.0697,0.8639,0.8081,-0.9322,0.3654,10698.8,3945.0,253.9,601.6,0.000356,0.228224
1259,201172,153,0.4235,0.2737,0.1758,0.5504,0.5857,-0.9383,-0.2975,9851.3,3990.7,519.0,251.6,0.000379,
1260,201327,155,0.1675,0.2373,0.2416,0.5211,0.9428,-0.9141,-0.5659,11212.0,3261.5,626.4,532.5,0.000232,0.196618
1261,201481,154,0.1675,0.0332,0.354,0.6128,-0.3513,-0.9585,-0.0469,6281.6,3781.0,418.7,503.6,0.000265,0.207115
1262,201641,160,0.1872,0.3063,0.4746,0.2191,0.8379,-0.9236,-0.7661,10812.4,3540.2,706.4,353.2,0.000148,0.224003
1263,201796,155,0.4569,0.0258,0.2767,0.6975,0.3097,-0.9378,0.0273,8800.0,3538.1,389.1,442.5,0.000209,
1264,201950,154,0.6817,0.7209,0.0837,0.1954,0.6398,-0.9256,-0.762,10057.6,3378.2,704.8,378.3,0.00027,
1265,202108,158,0.6548,0.3236,0.0318,0.6446,0.6443,-0.9305,-0.0771,10074.9,3626.1,430.8,773.3,0.000178,
1266,202261,153,0.6394,0.5904,0.0387,0.3709,1.0,-0.9177,-0.9526,12192.9,3705.0,781.0,446.2,0.000301,0.205408
1267,202420,159,0.4932,0.1464,0.21,0.6436,0.6621,-0.936,0.0158,10142.7,3960.6,393.7,409.8,0.000301,
1268,202583,163,0.6694,0.0969,0.1596,0.7435,1.0,-0.9258,0.1763,11521.5,3881.2,329.5,771.3,0.000443,0.240579
1269,202742,159,0.7974,0.053,0.1005,0.8464,0.9253,-0.923,0.2794,11145.6,3617.1,288.2,466.6,0.00056,
1270,202906,164,-0.0127,0.0067,0.4139,0.5794,0.8222,-0.9175,-0.3597,10752.6,3258.5,543.9,563.3,0.00023,
1271,203056,150,0.1191,0.1108,0.358,0.5313,0.1578,-0.9429,-0.1077,8221.4,3601.6,443.1,678.4,0.000321,
1272,203211,155,-0.8334,0.0219,0.9395,0.0386,-0.7917,-1.0,-1.0,4603.7,156.5,1484.6,523.9,0.0002,0.240339
1273,203372,161,0.335,0.4118,0.1192,0.4691,0.72,-0.9287,-0.6397,10363.3,3632.6,655.9,640.7,0.00019,
1274,203532,160,-0.1799,0.0888,0.7873,0.1239,0.8042,-0.723,-1.0,10684.0,964.4,1035.0,550.4,0.00036,
1275,203688,156,0.8092,0.4995,0.0034,0.4971,0.8474,-0.919,-0.3181,10848.4,3347.0,527.3,502.8,0.000432,
1276,203848,160,0.5228,0.1257,0.1439,0.7304,0.0513,-0.9537,0.0279,7815.5,4221.4,388.8,443.3,0.00044,
1277,204010,162,0.5034,0.4094,0.06,0.5307,0.8294,-0.9243,-0.4691,10780.1,3560.5,587.6,855.3,0.000243,
1278,204166,156,0.1197,0.1172,0.3396,0.5432,0.8685,-0.9112,-0.471,10928.9,3075.8,588.4,163.3,0.000317,
1279,204326,160,1.2989,0.9225,0.0252,0.0523,0.9457,-0.928,-1.0,11223.1,3895.9,889.3,289.3,0.000188,
1280,204490,164,0.6669,0.4679,0.0258,0.5063,0.9818,-0.9206,-0.5816,11360.8,3577.2,632.6,333.5,0.00019,
1281,204648,158,0.6559,0.3888,0.1801,0.4311,1.0,-0.9074,-0.3386,12007.1,3242.1,535.5,466.8,0.000393,
1282,204811,163,0.3793,0.4481,0.4045,0.1474,0.9586,-0.9291,-1.0,11272.2,3973.9,826.2,498.3,0.000288,0.248035
1283,204969,158,0.5915,0.5636,0.424,0.0124,0.9516,-0.9113,-1.0,11245.6,3168.4,836.8,502.6,0.000184,0.196735
1284,205131,162,0.3919,0.433,0.2071,0.3599,1.0,-0.9059,-1.0,13160.3,3495.5,847.2,401.5,0.000308,0.247924
1285,205290,159,0.0255,0.1231,0.8191,0.0578,1.0,-0.5478,-1.0,11913.3,658.6,1039.3,647.1,0.000254,
1286,205445,155,-0.1054,0.1765,0.7971,0.0264,0.5194,-0.7116,-1.0,9598.9,832.1,1035.6,680.6,0.000229,0.249815
1287,205596,151,-0.171,0.1025,0.5562,0.3414,0.7756,-0.8902,-0.7049,10575.1,2406.9,681.9,276.3,0.000212,
1288,205761,165,-0.2341,0.0754,0.6014,0.3231,1.0,-0.8795,-0.9197,13229.9,2745.8,767.9,228.2,0.000395,0.192713
1289,205924,163,0.3926,0.4505,0.1174,0.432,1.0,-0.9198,-0.9198,11527.4,3593.5,767.9,597.0,0.000182,
1290,206086,162,-0.0993,0.2608,0.5696,0.1695,0.4275,-0.9145,-0.9607,9248.8,2704.0,784.3,479.2,0.000144,
1291,206240,154,0.4732,0.6796,0.1826,0.1378,0.3965,-0.9361,-0.6013,9130.7,3570.0,640.5,640.7,0.000481,
1292,206396,156,0.4276,0.1737,0.1717,0.6546,0.0595,-0.9409,-0.0087,7846.7,3321.0,403.5,533.2,0.000191,
1293,206563,167,0.5522,0.5394,0.1338,0.3268,1.0,-0.9226,-1.0,11991.9,3871.0,906.4,739.4,0.000274,0.217152
1294,206724,161,0.6467,0.547,0.3783,0.0747,1.0,-0.918,-0.4881,11883.7,3623.5,595.2,797.5,0.000412,
1295,206884,160,0.3666,0.52,0.3527,0.1273,0.7431,-0.9223,-0.9086,10451.3,3362.8,763.4,898.6,0.000887,
1296,207050,166,1.008,0.8685,0.067,0.0645,0.7682,-0.9279,-1.0,10546.9,3656.4,931.0,996.7,0.000196,
1297,207204,154,-0.0984,0.1747,0.507,0.3182,1.0,-0.9004,-0.889,11655.2,2925.0,755.6,331.9,0.000333,
1298,207365,161,0.6069,0.4502,0.0271,0.5227,0.4752,-0.9354,-0.219,9430.6,3651.2,487.6,462.8,0.000228,0.195478
1299,207520,155,0.6515,0.8402,0.0528,0.107,0.3611,-0.9383,-0.8345,8995.8,3645.8,733.8,422.0,0.000311,
1300,207680,160,0.8159,0.6962,0.0477,0.2561,1.0,-0.9093,-1.0,12605.3,3473.3,844.2,704.5,0.000267,
1301,207836,156,0.3438,0.3971,0.2517,0.3512,0.9485,-0.9129,-0.6965,11233.9,3224.2,678.6,966.6,0.000168,
1302,207994,158,0.5698,0.3692,0.058,0.5728,0.6528,-0.9308,-0.2949,10107.2,3653.2,517.9,673.6,0.000191,
1303,208155,161,0.5351,0.5193,0.3966,0.0841,1.0,-0.9077,-1.0,11630.2,3150.3,834.8,526.6,0.000204,0.195658
1304,208311,156,0.1193,0.1905,0.4697,0.3398,1.0,-0.8991,-0.478,12805.5,3174.4,591.2,578.3,0.000496,0.232863
1305,208470,159,0.6156,0.4273,0.0986,0.4741,0.8498,-0.921,-0.443,10857.7,3437.9,577.2,311.8,0.000316,
1306,208623,153,0.8135,0.6307,0.2317,0.1376,1.0,-0.9166,-0.7478,12671.8,3797.2,699.1,413.2,0.000449,0.191198
1307,208783,160,0.4482,0.3706,0.1444,0.4851,0.6264,-0.9198,-0.4007,10006.7,3117.8,560.3,575.8,0.000296,0.220562
1308,208936,153,0.4179,0.155,0.2972,0.5478,0.6544,-0.9247,-0.0195,10113.4,3357.8,407.8,743.4,0.000169,
1309,209094,158,0.8234,0.264,0.0442,0.6918,0.6093,-0.9187,0.1887,9941.4,3055.5,324.5,575.8,0.000158,
1310,209259,165,0.6982,0.2891,0.0598,0.6511,1.0,-0.9205,-0.0711,11486.6,3613.3,428.4,1083.8,0.000243,0.21722
1311,209417,158,0.696,0.5486,0.0399,0.4115,0.9917,-0.9197,-0.6754,11398.2,3550.5,670.2,493.6,0.000348,0.210425
1312,209576,159,0.494,0.3991,0.1284,0.4725,0.5719,-0.9273,-0.4345,9798.9,3369.6,573.8,359.2,0.000198,
1313,209741,165,0.345,0.4917,0.3829,0.1254,0.7245,-0.9234,-1.0,10380.2,3387.0,809.2,570.4,0.000209,0.181709
1314,209900,159,-0.0477,0.1287,0.359,0.5123,0.5502,-0.9399,-0.4387,9716.3,4040.2,575.5,652.1,0.000182,
1315,210061,161,0.155,0.3601,0.4173,0.2226,0.9199,-0.9241,-1.0,11124.7,3666.5,914.6,458.6,0.00028,0.220953
1316,210216,155,-0.0238,0.124,0.7832,0.0928,0.8187,-0.657,-1.0,10739.2,782.8,1005.9,461.3,0.000219,
1317,210377,161,0.7781,0.0935,0.1456,0.7609,-0.2831,-0.952,0.2899,6541.4,3405.4,284.1,318.8,0.000209,0.190375
1318,210538,161,-0.2331,0.0455,0.7573,0.1973,0.6689,-0.7985,-0.8135,10168.4,1261.8,725.4,797.7,0.000328,
1319,210698,160,0.7079,0.4425,0.0063,0.5512,0.8793,-0.9322,-0.3788,10970.2,4047.2,551.5,783.7,0.000241,
1320,210860,162,0.5849,0.5173,0.4536,0.0291,1.0,-0.9094,-0.8257,12210.7,3369.3,730.3,257.3,0.000247,
1321,211020,160,0.1418,0.3225,0.5,0.1775,0.9591,-0.8928,-1.0,11274.0,2629.7,825.6,492.7,0.000238,
1322,211184,164,0.1,0.2924,0.5716,0.136,0.9495,-0.8979,-0.8562,11237.7,2751.4,742.5,682.3,0.000462,
1323,211342,158,-0.1375,0.075,0.7636,0.1614,0.3829,-0.8092,-0.5796,9079.0,1189.7,631.8,531.7,0.000302,
1324,211499,157,0.7733,0.5469,0.1513,0.3018,1.0,-0.9127,-0.6231,12049.2,3451.1,649.2,629.7,0.000173,0.218584
1325,211656,157,1.1003,0.8107,0.1594,0.0299,1.0,-0.9031,-1.0,11546.9,2977.7,824.0,508.4,0.000364,
1326,211818,162,0.8515,0.0147,0.0922,0.8932,-0.1574,-0.9413,0.3353,7020.4,2992.3,265.9,461.1,0.000253,
1327,211980,162,0.6489,0.5586,0.1098,0.3317,0.94,-0.905,-0.777,11201.3,2946.7,710.8,745.8,0.000205,
1328,212142,162,0.3445,0.403,0.2221,0.3749,1.0,-0.9083,-0.8256,11852.2,3229.8,730.2,511.8,0.000406,
1329,212300,158,0.7839,0.6631,0.3148,0.0221,1.0,-0.9303,-1.0,11541.7,4141.4,967.9,421.6,0.001537,
1330,212454,154,-0.0877,0.1975,0.6003,0.2021,1.0,-0.8836,-1.0,12315.9,2645.8,846.8,597.7,0.000593,
1331,212614,160,0.2071,0.1258,0.2807,0.5935,-0.3645,-0.9539,-0.1219,6231.3,3376.0,448.8,341.1,0.000457,
1332,212772,158,-0.1152,0.202,0.5127,0.2852,0.9112,-0.9117,-0.9566,11091.7,3141.8,782.7,531.1,0.000276,
1333,212928,156,0.0024,0.2359,0.5478,0.2162,0.8827,-0.8879,-1.0,10983.0,2449.9,983.6,159.7,0.000279,
1334,213094,166,0.3563,0.4771,0.2214,0.3015,0.8101,-0.9278,-1.0,10706.3,3705.6,851.4,585.4,0.00053,
1335,213255,161,0.5304,0.3283,0.1347,0.537,0.8094,-0.9212,-0.3033,10703.8,3396.2,521.3,519.1,0.00028,0.226455
1336,213419,164,1.2463,0.9014,0.039,0.0596,1.0,-0.9189,-1.0,12007.9,3701.3,876.9,645.4,0.000253,0.189844
1337,213577,158,0.9031,0.787,0.1758,0.0371,0.774,-0.9267,-0.6049,10569.1,3605.0,641.9,779.0,0.000316,0.184493
1338,213741,164,0.2893,0.2663,0.2348,0.4989,1.0,-0.9292,-0.5233,11617.7,4099.9,609.3,604.6,0.000264,0.196858
1339,213903,162,1.068,0.1134,0.0756,0.811,0.5116,-0.9306,0.3616,9569.2,3447.3,255.3,265.9,0.000355,0.20285
1340,214066,163,0.6178,0.5623,0.3269,0.1108,0.9082,-0.9171,-0.8121,11080.3,3342.5,724.9,626.4,0.000276,
1341,214232,166,0.0341,0.1822,0.7991,0.0187,0.8721,-0.6754,-1.0,10942.7,842.7,1678.2,377.8,0.000247,
1342,214392,160,0.7098,0.6219,0.3678,0.0103,1.0,-0.9115,-1.0,12179.8,3442.3,883.0,965.8,0.00019,
1343,214548,156,0.024,0.1406,0.8092,0.0502,1.0,-0.5182,-1.0,12381.1,642.4,1996.5,674.2,0.000354,
1344,214707,159,0.6285,0.5508,0.0213,0.4279,0.9046,-0.9064,-0.7154,11066.4,2955.9,686.1,682.0,0.000404,0.231912
1345,214760,53,0.7291,0.0851,0.0306,0.8843,-1.0,-1.0,0.8341,0.0,1128.1,66.4,113.4,0.000386,
1346,214914,154,0.3553,0.3918,0.4653,0.1429,1.0,-0.8952,-0.8853,11491.9,2740.1,754.1,346.1,0.000636,
1347,215076,162,0.2333,0.5039,0.4046,0.0916,0.4,-0.9338,-0.6895,9144.1,3455.7,675.8,661.6,0.000146,
1348,215242,166,-0.3161,0.0696,0.4807,0.4497,1.0,-0.8942,-0.938,11628.1,2748.4,775.2,624.4,0.000157,
1349,215394,152,-0.1856,0.033,0.7373,0.2296,0.7351,-0.793,-0.6059,10420.8,1258.6,642.4,471.4,0.000186,
1350,215552,158,0.0671,0.3128,0.4136,0.2735,0.5681,-0.9233,-0.7868,9784.3,3189.6,714.7,855.2,0.000244,
1351,215714,162,0.3429,0.358,0.1796,0.4624,1.0,-0.9057,-0.7965,11452.2,3037.5,718.6,600.8,0.00021,
1352,215882,168,0.8446,0.708,0.1441,0.1479,0.9472,-0.9154,-1.0,11228.9,3317.5,807.8,854.2,0.000197,
1353,216047,165,-0.0814,0.1438,0.831,0.0252,0.7095,-0.5481,-1.0,10323.0,571.1,1909.0,738.8,0.000475,0.170082
1354,216202,155,0.1626,0.251,0.6684,0.0806,1.0,-0.8204,-0.5688,12544.0,1746.1,627.5,672.4,0.000192,
1355,216361,159,0.3316,0.5479,0.2552,0.197,0.6145,-0.9277,-1.0,9961.2,3445.9,868.3,552.8,0.00017,0.183306
1356,216526,165,-0.0866,0.0779,0.3824,0.5398,0.8957,-0.9161,-0.6472,11032.4,3288.7,658.9,470.5,0.000249,
1357,216688,162,-0.1924,0.0423,0.885,0.0727,-0.1538,-0.3734,-1.0,7033.9,280.6,1650.3,479.6,0.000336,
1358,216854,166,0.3083,0.4249,0.5478,0.0273,0.8291,-0.9044,-0.9041,10779.1,2819.8,761.7,547.9,0.000219,
1359,217018,164,0.5364,0.4997,0.2003,0.3,0.7098,-0.9142,-0.6295,10324.2,3007.8,651.8,379.5,0.000187,
1360,217176,158,0.0608,0.4284,0.5054,0.0662,0.2835,-0.9321,-0.838,8700.2,3205.0,735.2,456.1,0.000174,
1361,217335,159,0.6889,0.6076,0.0371,0.3553,1.0,-0.9018,-1.0,12374.5,3149.8,894.8,618.3,0.000496,0.234912
1362,217493,158,0.3441,0.314,0.4538,0.2322,0.9614,-0.8943,-0.2707,11283.0,2668.1,508.3,598.3,0.00035,0.187147
1363,217658,165,0.5433,0.6462,0.3344,0.0194,0.7479,-0.9337,-1.0,10469.7,3949.6,1531.1,508.3,0.000226,
1364,217824,166,0.1711,0.2282,0.197,0.5748,0.2703,-0.9392,-0.3262,8649.8,3558.6,530.5,583.8,0.000276,
1365,217981,157,1.2494,0.9766,0.0184,0.005,0.824,-0.9113,-1.0,10759.5,3033.0,808.9,633.1,0.000644,0.183019
1366,218148,167,1.1143,0.9609,0.0186,0.0205,0.7262,-0.9172,-1.0,10386.9,3135.5,853.5,385.5,0.000169,
1367,218309,161,0.8403,0.2921,0.078,0.6299,1.0,-0.9219,0.0224,11582.9,3709.9,391.0,563.3,0.000174,0.172346
1368,218464,155,-0.342,0.0629,0.7859,0.1512,0.3568,-0.7042,-1.0,8979.4,758.8,1682.0,601.9,0.000178,
1369,218629,165,1.0309,0.1751,0.0181,0.8069,-0.1469,-0.9522,0.3634,7060.4,3695.0,254.6,289.0,0.000312,0.191047
1370,218783,154,-0.0121,0.1142,0.4776,0.4082,0.884,-0.9004,-0.385,10988.2,2757.7,554.0,934.8,0.000229,0.176428
1371,218945,162,0.0953,0.2097,0.2471,0.5432,0.9088,-0.914,-0.6177,11082.7,3221.2,647.1,607.3,0.00022,0.149728
1372,219099,154,1.1054,0.8863,0.0578,0.0559,0.8964,-0.9005,-1.0,11035.1,2772.6,993.3,593.9,0.000594,0.188249
1373,219259,160,0.1654,0.1643,0.2692,0.5666,0.7129,-0.9141,-0.4155,10336.2,3007.2,566.2,565.9,0.000162,0.173874
1374,219420,161,0.5809,0.1428,0.18,0.6772,0.1866,-0.9465,0.1424,8330.8,3893.0,343.0,492.7,0.000219,
1375,219584,164,-0.1059,0.0699,0.3744,0.5557,0.7839,-0.9136,-0.5094,10606.6,3068.6,603.8,788.2,0.000229,
1376,219746,162,0.9389,0.7068,0.1585,0.1347,1.0,-0.9011,-0.8023,12472.6,3152.9,720.9,656.2,0.000277,
1377,219908,162,0.1632,0.2148,0.2974,0.4878,0.7248,-0.924,-0.7035,10381.5,3415.9,681.4,497.2,0.000136,
1378,220066,158,0.84,0.6898,0.2977,0.0125,1.0,-0.9032,-1.0,12075.0,3117.9,851.4,544.5,0.000196,
1379,220229,163,1.0667,0.1312,0.0374,0.8314,-0.7692,-1.0,0.4491,4689.2,3284.9,220.3,268.0,0.000183,0.175279
1380,220392,163,0.6665,0.5251,0.1132,0.3617,0.848,-0.9186,-0.5736,10851.0,3331.3,629.4,387.8,0.00089,
1381,220549,157,0.4851,0.1128,0.1855,0.7017,-0.8135,-1.0,0.2496,4520.4,3372.9,300.2,436.6,0.000216,0.156241
1382,220713,164,0.3087,0.4024,0.4815,0.1161,1.0,-0.9028,-1.0,12026.4,3093.5,809.5,637.3,0.000258,0.244018
1383,220876,163,1.0831,0.0185,0.0688,0.9127,-0.6437,-0.9579,0.4669,5167.4,3066.2,213.3,499.3,0.000198,
1384,221037,161,0.4142,0.4348,0.4799,0.0853,0.9799,-0.9026,-0.7523,11353.4,2915.6,700.9,459.7,0.000207,0.205319
1385,221199,162,0.5783,0.1472,0.1648,0.688,1.0,-0.9168,0.1049,11851.0,3562.8,358.0,683.4,0.000188,0.150093
1386,221359,160,0.3128,0.4467,0.2167,0.3367,0.6773,-0.9182,-0.7542,10200.6,3115.7,701.7,590.2,0.00048,0.178153
1387,221514,155,0.3476,0.3574,0.4058,0.2368,0.9181,-0.8988,-0.6416,11117.9,2747.7,656.6,282.7,0.000153,
1388,221679,165,-0.1982,0.055,0.6796,0.2654,1.0,-0.8461,-0.6719,12029.7,1954.7,668.8,731.4,0.000274,0.189723
1389,221836,157,-0.046,0.1715,0.4707,0.3578,0.6456,-0.9097,-0.7435,10079.6,2789.7,697.4,254.4,0.00019,
1390,222000,164,1.0162,0.0187,0.046,0.9353,-0.9762,-1.0,0.4347,3900.6,3268.0,226.1,535.4,0.000174,
1391,222160,160,0.751,0.2761,0.0175,0.7065,0.0263,-0.9469,0.0585,7720.2,3633.5,376.6,315.7,0.000296,
1392,222324,164,1.2613,0.8872,0.0145,0.0983,1.0,-0.8955,-0.9908,12191.8,2915.9,796.3,300.6,0.000334,
1393,222483,159,0.371,0.0919,0.2446,0.6635,-0.8243,-1.0,0.1214,4479.5,3559.4,351.4,603.2,0.000267,0.199741
1394,222643,160,-0.0641,0.1976,0.6107,0.1916,0.79,-0.8899,-0.8582,10630.1,2414.5,743.3,535.0,0.000151,0.182806
1395,222804,161,0.7284,0.6585,0.0679,0.2736,1.0,-0.9185,-1.0,11923.8,3656.9,1216.5,560.9,0.000223,
1396,222961,157,0.1399,0.3235,0.4587,0.2178,0.4706,-0.9219,-0.4493,9413.1,3014.7,579.7,359.9,0.000246,0.20665
1397,223123,162,1.2156,0.86,0.0926,0.0475,0.9812,-0.8948,-0.8108,11358.2,2699.4,724.3,758.1,0.000142,0.149149
1398,223283,160,0.6061,0.2458,0.1503,0.6039,0.8064,-0.9187,-0.0585,10692.3,3288.8,423.4,522.3,0.000412,0.185927
1399,223447,164,0.7473,0.7217,0.1588,0.1194,0.7787,-0.9207,-0.9718,10586.8,3339.5,788.7,1205.7,0.00036,0.175745
1400,223602,155,0.0841,0.3731,0.4869,0.14,0.591,-0.9084,-0.8549,9871.8,2695.7,742.0,667.0,0.000211,
1401,223758,156,-0.1301,0.0631,0.7878,0.1491,0.9196,-0.656,-1.0,11123.5,808.4,828.8,334.9,0.000165,
1402,223921,163,0.1603,0.2647,0.432,0.3033,1.0,-0.9113,-0.6352,11650.7,3283.1,654.1,650.9,0.000606,0.176867
1403,224083,162,-0.3304,0.0526,0.6812,0.2662,0.6337,-0.8737,-1.0,10034.3,1985.8,835.2,600.1,0.000377,0.189136
1404,224240,157,-0.1358,0.1245,0.5217,0.3538,0.6818,-0.9036,-0.8066,10217.6,2649.9,722.6,572.2,0.000163,
1405,224403,163,-0.0921,0.2061,0.5469,0.247,0.4313,-0.9242,-0.7898,9263.1,3054.0,715.9,444.1,0.000187,0.186061
1406,224566,163,-0.067,0.2086,0.6643,0.1271,0.9699,-0.8709,-1.0,11315.2,2190.4,918.2,583.0,0.000189,
1407,224724,158,-0.0969,0.1569,0.6702,0.1729,0.7655,-0.8503,-0.7943,10536.4,1759.6,717.7,561.4,0.000318,
1408,224885,161,0.0152,0.2364,0.582,0.1816,0.9114,-0.8922,-1.0,11092.6,2571.7,893.9,493.7,0.000173,0.162791
1409,225047,162,1.1418,0.092,0.0413,0.8667,0.5667,-0.9309,0.4617,9779.1,3536.7,215.3,384.0,0.000186,0.131476
1410,225209,162,0.7468,0.6682,0.3044,0.0274,0.8471,-0.8962,-0.9152,10847.6,2613.5,766.1,721.1,0.000281,0.17554
1411,225364,155,1.005,0.7779,0.0407,0.1814,1.0,-0.9033,-0.9935,12105.7,3131.3,797.4,478.3,0.000178,
1412,225525,161,0.7876,0.682,0.0368,0.2812,0.9906,-0.9265,-1.0,11394.2,3874.4,870.4,659.5,0.000167,0.186901
1413,225690,165,0.0142,0.2533,0.5935,0.1532,1.0,-0.8762,-1.0,11457.8,2313.2,807.4,565.8,0.000176,
1414,225848,158,0.1566,0.2883,0.6204,0.0913,1.0,-0.8658,-0.7133,12561.8,2339.9,685.3,477.6,0.000409,
1415,226012,164,-0.0694,0.1904,0.5268,0.2828,1.0,-0.8896,-1.0,11497.6,2602.6,854.6,700.7,0.000157,
1416,226169,157,1.1383,0.1846,0.0004,0.815,0.4581,-0.9313,0.4414,9365.5,3405.9,223.4,454.4,0.000256,0.167579
1417,226324,155,0.9755,0.1275,0.0616,0.8109,0.5092,-0.932,0.385,9559.9,3513.1,246.0,437.2,0.000211,
1418,226490,166,0.2461,0.4046,0.2372,0.3582,0.617,-0.9223,-0.7093,9970.8,3207.6,683.7,673.4,0.000393,
1419,226649,159,-0.2521,0.0046,0.744,0.2515,1.0,-0.8122,-0.6918,11939.7,1589.8,676.7,494.5,0.000139,0.128048
1420,226802,153,0.6376,0.5713,0.3864,0.0423,1.0,-0.899,-0.8015,12232.6,3028.7,720.6,551.9,0.000169,
1421,226959,157,0.5437,0.5781,0.1391,0.2828,0.8214,-0.9063,-1.0,10749.4,2867.3,1098.5,357.0,0.000221,0.184269
1422,227120,161,-0.2817,0.136,0.5403,0.3237,0.5862,-0.9186,-1.0,9853.5,3028.1,814.4,672.7,0.000158,
1423,227277,157,0.238,0.3402,0.5118,0.1481,1.0,-0.895,-0.7159,11742.1,2794.9,686.4,545.3,0.000358,0.168898
1424,227437,160,0.1621,0.33,0.5563,0.1137,0.8089,-0.8985,-0.906,10702.0,2636.7,762.4,600.2,0.00021,0.173404
1425,227596,159,0.195,0.4594,0.4882,0.0524,0.4426,-0.922,-0.9972,9306.4,2982.2,798.9,576.8,0.000157,
1426,227752,156,0.331,0.2973,0.1186,0.5841,-0.1759,-0.9521,-0.0841,6950.0,3629.1,433.7,595.6,0.000207,
1427,227918,166,0.2294,0.4552,0.3816,0.1631,0.5353,-0.936,-0.9983,9659.4,3774.1,799.3,535.0,0.000185,
1428,228075,157,0.2737,0.1839,0.206,0.6101,-0.4582,-0.962,-0.0239,5874.4,3861.1,409.6,311.4,0.000245,0.163747
1429,228241,166,0.2317,0.2355,0.3295,0.435,1.0,-0.9007,-0.5419,11697.9,2946.6,616.8,562.1,0.00044,0.158115
1430,228398,157,-0.0526,0.1058,0.3648,0.5294,0.9841,-0.916,-0.5547,11369.4,3383.5,621.9,576.7,0.00054,
1431,228553,155,0.0222,0.0735,0.4203,0.5062,0.7883,-0.9082,-0.3938,10623.6,2891.8,557.5,707.7,0.000243,0.207083
1432,228715,162,-0.2751,0.0407,0.76,0.1993,0.8512,-0.7905,-1.0,10863.0,1296.0,880.7,411.0,0.000253,0.171343
1433,228875,160,0.9533,0.1427,0.0926,0.7647,0.3511,-0.9321,0.476,8957.6,3299.6,209.6,585.0,0.000225,0.161707
1434,229042,167,0.4218,0.1915,0.1607,0.6477,0.6902,-0.9256,-0.2398,10249.6,3442.7,495.9,511.5,0.000252,
1435,229206,164,0.3994,0.3815,0.1802,0.4383,0.945,-0.923,-0.5788,11220.4,3640.7,631.5,923.4,0.000172,
1436,229366,160,0.4321,0.4331,0.4891,0.0778,1.0,-0.8969,-0.7795,12062.7,2924.6,711.8,999.0,0.000241,
1437,229528,162,0.5039,0.4507,0.1589,0.3905,0.7611,-0.9198,-0.4877,10519.7,3279.1,595.1,508.8,0.000339,
1438,229682,154,0.1953,0.3563,0.5026,0.1411,1.0,-0.8835,-1.0,12080.6,2592.8,817.3,477.7,0.000178,
1439,229843,161,0.2577,0.3746,0.3576,0.2678,0.9015,-0.9147,-0.8194,11054.8,3241.8,727.8,491.1,0.000341,0.134378
1440,230005,162,0.9084,0.1271,0.0297,0.8432,-0.1936,-0.9441,0.3997,6882.4,3079.3,240.1,690.2,0.000141,0.148828
1441,230167,162,-0.1274,0.0683,0.4783,0.4533,0.8936,-0.8982,-0.5284,11024.6,2708.0,611.4,727.0,0.000397,0.227435
1442,230323,156,0.0933,0.0818,0.9009,0.0173,0.2843,-0.1268,-1.0,8703.0,249.2,946.2,522.8,0.000224,0.162696
1443,230473,150,0.92,0.1513,0.0544,0.7943,0.0097,-0.9388,0.4972,7657.0,3126.6,201.1,619.7,0.000196,0.175397
1444,230636,163,0.0553,0.0529,0.9331,0.014,0.0667,-0.232,-0.8176,7874.0,256.3,727.0,458.2,0.000328,
1445,230797,161,0.4708,0.4099,0.1813,0.4088,1.0,-0.9015,-0.7462,13139.7,3334.3,698.5,395.0,0.000422,0.166223
1446,230961,164,-0.1396,0.129,0.4996,0.3715,0.9083,-0.9121,-0.7258,11080.7,3150.3,690.3,688.7,0.000494,0.173093
1447,231120,159,-0.0086,0.2668,0.4208,0.3124,0.9245,-0.9082,-0.9994,11142.4,3033.9,799.8,454.4,0.000255,
1448,231276,156,0.7831,0.0924,0.0931,0.8144,-0.9019,-1.0,0.4331,4183.7,2917.3,226.7,561.5,0.000301,
1449,231435,159,0.1746,0.4101,0.3635,0.2264,0.6863,-0.9223,-1.0,10234.9,3292.5,853.2,548.7,0.001193,0.171551
1450,231596,161,0.5841,0.0372,0.2514,0.7114,0.8699,-0.9191,0.2842,10934.5,3377.3,286.3,550.8,0.000449,
1451,231753,157,-0.1205,0.0871,0.5746,0.3382,0.8619,-0.8941,-0.5662,10903.9,2573.1,626.5,359.0,0.000217,0.160879
1452,231911,158,-0.0885,0.0007,0.4242,0.5751,0.0116,-0.9309,-0.3885,7664.1,2772.8,555.4,562.1,0.000207,0.188013
1453,232072,161,0.9561,0.0123,0.0969,0.8909,-0.2803,-0.9396,0.3917,6552.2,2710.5,243.3,490.4,0.000282,
1454,232237,165,0.6468,0.6321,0.3354,0.0325,0.8518,-0.9092,-1.0,10865.4,2992.9,904.6,398.2,0.000635,0.175539
1455,232399,162,0.5626,0.6007,0.0018,0.3976,0.7532,-0.9246,-0.8434,10489.5,3476.4,737.4,705.2,0.000184,0.145296
1456,232556,157,0.1637,0.2599,0.5822,0.1578,0.833,-0.8876,-0.5123,10793.8,2400.2,604.9,408.7,0.000366,
1457,232719,163,0.5939,0.4603,0.0531,0.4865,1.0,-0.9159,-0.6071,12816.7,3808.2,642.8,821.4,0.000193,0.172592
1458,232884,165,0.5754,0.4721,0.0232,0.5047,0.7331,-0.9125,-0.5624,10413.2,2974.3,624.9,336.6,0.00028,
1459,233041,157,0.4441,0.5299,0.3743,0.0958,0.738,-0.9232,-0.8102,10431.6,3395.1,724.1,427.1,0.000415,0.169647
1460,233205,164,1.0078,0.8751,0.1239,0.001,0.8392,-0.9329,-1.0,10817.5,4027.9,2892.2,576.5,0.000347,0.199334
1461,233369,164,0.5445,0.3123,0.0876,0.6001,0.6315,-0.9301,-0.2386,10026.1,3586.3,495.4,672.3,0.000166,0.179323
1462,233527,158,-0.1483,0.1066,0.7645,0.1288,0.8663,-0.7274,-1.0,10920.6,1001.5,868.2,519.5,0.000229,0.197599
1463,233687,160,1.0183,0.0482,0.0721,0.8797,-0.2626,-0.9427,0.474,6619.5,2886.9,210.4,372.2,0.000322,0.192457
1464,233844,157,0.8026,0.0584,0.1438,0.7978,-0.4284,-0.9496,0.3954,5987.6,2972.2,241.8,417.5,0.000202,
1465,234007,163,-0.0106,0.0976,0.8742,0.0282,0.3839,-0.3838,-1.0,9082.5,368.5,1681.1,694.3,0.000319,0.20658
1466,234171,164,0.3525,0.0252,0.3424,0.6323,-0.0748,-0.9497,0.0257,7335.1,3643.2,389.7,325.9,0.000436,0.194124
1467,234333,162,0.6852,0.5802,0.1682,0.2516,1.0,-0.9283,-0.7094,11504.0,4009.1,683.8,1174.8,0.00021,0.182486
1468,234499,166,-0.2862,0.0844,0.5902,0.3254,1.0,-0.8784,-1.0,11703.2,2406.7,816.0,514.8,0.000264,0.172425
1469,234661,162,0.73,0.2708,0.0628,0.6663,1.0,-0.9199,-0.0046,12038.3,3759.2,401.8,733.6,0.000272,0.166902
1470,234823,162,0.7514,0.0543,0.1847,0.761,-0.4511,-0.9495,0.4501,5901.4,2920.8,220.0,627.5,0.000236,0.177874
1471,234986,163,0.1425,0.1433,0.8364,0.0203,1.0,-0.4977,-1.0,11653.5,580.0,1019.5,624.3,0.000197,
1472,235144,158,0.6089,0.7486,0.0936,0.1578,0.4231,-0.9362,-0.7914,9232.0,3618.8,716.5,565.2,0.000247,
1473,235306,162,-0.1328,0.0407,0.8433,0.116,0.9142,-0.4475,-1.0,11103.2,502.5,1068.8,473.7,0.000208,
1474,235464,158,0.8503,0.5997,0.0001,0.4001,1.0,-0.9257,-0.6389,11805.8,3974.5,655.6,438.6,0.00026,
1475,235618,154,0.4288,0.4601,0.3749,0.165,1.0,-0.9013,-0.9943,11528.0,2918.7,797.7,541.5,0.000219,
1476,235779,161,0.3803,0.4846,0.4343,0.0811,0.7667,-0.9173,-1.0,10541.2,3188.5,811.9,389.1,0.00017,0.155348
1477,235939,160,0.9564,0.2351,0.0542,0.7107,0.5169,-0.9258,0.2996,9589.4,3229.5,280.1,639.8,0.000219,0.211522
1478,236092,153,0.392,0.4298,0.2383,0.3319,0.8511,-0.9154,-0.7218,10862.6,3211.1,688.7,520.3,0.000166,
1479,236257,165,0.1597,0.3668,0.1347,0.4985,0.338,-0.9425,-0.5706,8907.7,3870.6,628.2,944.4,0.000566,0.155464
1480,236421,164,0.1371,0.3351,0.4368,0.2281,0.721,-0.9224,-0.7329,10367.0,3341.8,693.2,503.6,0.000205,0.147342
1481,236580,159,0.2079,0.317,0.3978,0.2852,0.874,-0.9165,-0.6847,10949.8,3276.5,673.9,557.2,0.000224,
1482,236735,155,0.4049,0.3692,0.1645,0.4663,0.7738,-0.914,-0.4525,10568.0,3073.4,581.0,598.7,0.000294,0.150401
1483,236893,158,0.7303,0.0243,0.1478,0.8279,1.0,-0.9193,0.3701,11948.7,3700.3,251.9,968.6,0.000303,0.155913
1484,237056,163,0.7678,0.6024,0.2448,0.1528,1.0,-0.9101,-0.597,11463.1,3188.0,638.8,790.6,0.000255,
1485,237222,166,-0.2389,0.0361,0.8209,0.143,0.7524,-0.6252,-1.0,10486.5,699.4,1230.1,459.4,0.000143,
1486,237383,161,0.5451,0.4838,0.4775,0.0387,1.0,-0.8887,-0.7453,11494.1,2581.5,698.1,706.2,0.000181,0.181447
1487,237540,157,-0.1805,0.2002,0.5315,0.2683,0.2525,-0.921,-0.6636,8582.0,2717.0,665.4,786.4,0.000381,
1488,237704,164,0.0586,0.3717,0.3616,0.2667,0.6495,-0.9281,-1.0,10094.5,3509.1,857.6,667.9,0.000163,
1489,237858,154,0.2266,0.2455,0.2974,0.457,0.5337,-0.9219,-0.3723,9653.5,3090.4,548.9,379.8,0.000177,
1490,238013,155,0.0615,0.2581,0.4573,0.2846,1.0,-0.9077,-0.8271,11972.2,3242.7,730.9,621.0,0.00014,0.182528
1491,238172,159,0.3736,0.3685,0.4087,0.2228,0.9851,-0.9027,-0.7065,11373.3,2921.1,682.6,626.2,0.000209,
1492,238325,153,-0.0758,0.061,0.4034,0.5356,0.6988,-0.9114,-0.4317,10282.3,2902.9,572.7,359.3,0.000218,0.185707
1493,238484,159,0.737,0.3573,0.0104,0.6322,0.6609,-0.9284,-0.0595,10137.9,3538.3,423.8,529.3,0.000311,
1494,238646,162,-0.035,0.184,0.3846,0.4313,0.8185,-0.9138,-0.7386,10738.5,3113.3,695.5,563.9,0.000149,
1495,238811,165,0.4997,0.4148,0.454,0.1312,1.0,-0.8977,-0.5589,12610.0,3081.4,623.6,629.4,0.000238,0.157736
1496,238973,162,-0.071,0.0678,0.8941,0.038,-0.1664,-0.2424,-1.0,6986.1,230.5,1991.6,984.5,0.000312,0.153198
1497,239135,162,0.8762,0.1197,0.0399,0.8404,-0.1641,-0.9543,0.3496,6994.8,3824.4,260.2,642.1,0.000213,0.162661
1498,239294,159,0.745,0.6259,0.3499,0.0242,1.0,-0.8992,-1.0,11537.1,2861.2,891.1,548.7,0.000187,
1499,239452,158,0.0256,0.173,0.7313,0.0957,0.9353,-0.8125,-0.6419,11183.4,1490.9,656.7,585.6,0.000382,
1500,239613,161,0.3897,0.4457,0.2102,0.3441,0.9932,-0.9174,-0.9426,11404.2,3451.2,777.0,517.5,0.000301,0.204054
1501,239774,161,0.8435,0.1865,0.0635,0.75,0.1571,-0.9472,0.3474,8218.6,3888.4,261.1,478.8,0.000271,
1502,239932,158,0.4419,0.0614,0.284,0.6546,0.9637,-0.9285,0.1433,11291.6,3946.0,342.7,541.0,0.000296,
1503,240091,159,0.9067,0.1772,0.0877,0.7351,0.5225,-0.9309,0.3233,9610.6,3475.1,270.7,495.5,0.000414,0.203221
1504,240246,155,0.7324,0.0063,0.217,0.7767,-0.3186,-0.9587,0.3881,6406.1,3882.3,244.7,286.6,0.000238,
1505,240396,150,0.6621,0.017,0.259,0.724,0.4681,-0.9267,0.3798,9403.5,3208.1,248.1,383.8,0.000252,
1506,240556,160,0.7178,0.1819,0.1221,0.6961,0.478,-0.9351,0.2341,9441.2,3634.2,306.4,668.2,0.000215,
1507,240718,162,0.1304,0.3086,0.422,0.2695,0.9934,-0.9095,-0.9281,11405.0,3152.1,771.2,536.1,0.000218,
1508,240870,152,0.5087,0.6493,0.0214,0.3293,0.5782,-0.9293,-0.8438,9823.0,3475.6,737.5,607.2,0.000385,
1509,241032,162,0.0709,0.0639,0.868,0.0681,0.7445,-0.2427,-1.0,10456.4,345.2,1192.5,353.7,0.000182,
1510,241184,152,-0.2296,0.1171,0.5783,0.3046,0.9701,-0.8853,-1.0,11316.0,2466.6,825.3,288.9,0.000408,
1511,241339,155,-0.0373,0.2694,0.436,0.2946,0.6003,-0.9171,-0.8553,9907.0,2988.3,742.1,443.5,0.000202,0.166171
1512,241497,158,0.3174,0.4425,0.1398,0.4177,0.773,-0.9165,-0.9502,10565.3,3163.1,780.1,321.9,0.000237,0.151076
1513,241663,166,0.373,0.0831,0.2764,0.6405,1.0,-0.9226,-0.1148,11474.1,3707.4,445.9,488.0,0.000366,0.153813
1514,241823,160,0.2623,0.3141,0.2894,0.3966,1.0,-0.9167,-0.6864,11721.6,3518.6,674.6,519.3,0.000244,0.152518
1515,241982,159,0.3927,0.4423,0.0156,0.542,0.3033,-0.9366,-0.4186,8775.7,3458.4,567.5,690.9,0.000206,
1516,242135,153,0.52,0.627,0.1822,0.1908,0.6513,-0.9295,-0.7487,10101.6,3584.0,699.5,653.1,0.000487,0.117713
1517,242296,161,0.6059,0.4748,0.0375,0.4877,0.9175,-0.9122,-0.7166,11115.7,3164.0,686.6,453.9,0.000296,
1518,242460,164,0.6118,0.6131,0.3456,0.0414,0.8458,-0.9354,-0.9391,10842.5,4197.5,775.6,662.8,0.0002,
1519,242622,162,-0.2045,0.1235,0.6517,0.2247,1.0,-0.8378,-1.0,11707.5,1804.0,855.6,873.9,0.00021,
1520,242780,158,0.1,0.2395,0.6483,0.1122,1.0,-0.824,-0.9371,13068.7,1856.4,774.8,604.7,0.0003,
1521,242942,162,0.035,0.1665,0.3172,0.5163,0.7261,-0.9266,-0.5424,10386.5,3535.3,617.0,771.4,0.000306,
1522,243102,160,0.8544,0.2749,0.041,0.6841,1.0,-0.9136,0.0798,12470.2,3609.9,368.1,516.3,0.000171,
1523,243257,155,0.9781,0.205,0.02,0.775,0.1387,-0.9407,0.4437,8148.6,3437.1,222.5,784.4,0.000211,0.152626
1524,243412,155,-0.0486,0.2048,0.3616,0.4336,0.5336,-0.9259,-0.7366,9653.1,3255.8,694.6,240.2,0.000279,
1525,243570,158,0.0851,0.3166,0.3267,0.3566,0.6089,-0.9206,-0.7561,9939.7,3129.4,702.5,699.4,0.000234,
1526,243728,158,-0.3257,0.001,0.7277,0.2713,-0.0488,-0.879,-0.7716,7434.1,1535.9,708.6,485.5,0.000252,
1527,243889,161,-0.013,0.2142,0.4219,0.3639,0.9379,-0.8958,-0.8248,11193.2,2684.3,729.9,616.0,0.00024,0.141871
1528,244050,161,0.4261,0.4349,0.5359,0.0292,1.0,-0.881,-0.9054,12505.0,2627.9,762.2,548.9,0.000153,
1529,244214,164,0.7296,0.6009,0.085,0.3141,0.8597,-0.9244,-0.7443,10895.6,3604.6,697.7,391.4,0.000355,
1530,244376,162,0.2651,0.3451,0.3466,0.3082,1.0,-0.9054,-0.8189,11760.6,3109.2,727.6,311.7,0.00018,
1531,244534,158,0.4497,0.5932,0.1438,0.263,0.6258,-0.929,-0.9589,10004.4,3520.4,783.5,524.2,0.00015,
1532,244692,158,0.9794,0.8655,0.075,0.0595,0.7793,-0.9299,-0.9838,10589.0,3774.5,793.5,885.4,0.000248,
1533,244854,162,0.7061,0.4355,0.0339,0.5305,1.0,-0.9144,-0.448,11864.2,3463.9,579.2,659.7,0.000435,
1534,245005,151,0.1419,0.2494,0.1951,0.5555,-0.1064,-0.9453,-0.2958,7214.7,3294.6,518.3,324.2,0.000262,0.171401
1535,245168,163,1.055,0.8644,0.1075,0.0281,0.7656,-0.9277,-1.0,10536.8,3642.4,840.4,234.0,0.000205,
1536,245328,160,0.9617,0.1863,0.0871,0.7266,0.9787,-0.9249,0.315,11348.7,3777.2,274.0,507.7,0.000206,
1537,245490,162,0.7312,0.3799,0.1015,0.5185,0.9524,-0.9245,-0.1505,11248.8,3724.8,460.2,420.5,0.000354,
1538,245654,164,0.0797,0.1736,0.8184,0.008,0.984,-0.6273,-1.0,11369.0,762.6,1652.9,687.3,0.000273,
1539,245812,158,-0.1242,0.1162,0.601,0.2829,0.8864,-0.8826,-0.8242,10997.1,2342.3,729.7,468.7,0.000171,
1540,245972,160,0.9712,0.1743,0.0195,0.8062,0.0504,-0.9435,0.3348,7812.0,3458.3,266.1,315.1,0.000156,
1541,246130,158,0.307,0.3079,0.3719,0.3202,1.0,-0.9129,-0.6416,11506.1,3302.9,656.6,305.7,0.000266,
1542,246290,160,0.8708,0.8176,0.1591,0.0233,0.7106,-0.9224,-0.9353,10327.4,3325.3,774.1,364.0,0.000345,
1543,246443,153,-0.0937,0.1481,0.3846,0.4673,0.8311,-0.9249,-0.7245,10786.6,3591.3,689.8,447.5,0.000339,0.1753
1544,246603,160,-0.1318,0.0647,0.7804,0.1549,1.0,-0.6822,-1.0,12622.1,993.0,801.1,619.2,0.000183,0.176335
1545,246763,160,0.7766,0.155,0.1092,0.7357,0.5144,-0.9275,0.1833,9580.0,3303.9,326.7,520.3,0.000196,0.12332
1546,246923,160,0.7367,0.2836,0.1007,0.6157,1.0,-0.9208,-0.0864,11592.9,3658.6,434.6,491.2,0.000249,0.154293
1547,247079,156,0.6243,0.2592,0.0936,0.6472,0.7473,-0.9195,-0.1046,10467.1,3251.7,441.8,696.5,0.000173,0.145641
1548,247234,155,-0.0668,0.2244,0.6823,0.0933,0.5071,-0.8488,-0.9443,9552.2,1579.3,777.7,322.1,0.000277,
1549,247400,166,-0.0754,0.1141,0.7488,0.1371,0.787,-0.7955,-0.8804,10618.5,1298.4,752.2,705.7,0.000155,
1550,247564,164,0.4891,0.4874,0.0553,0.4573,1.0,-0.9107,-0.9092,11861.9,3319.5,763.7,523.9,0.000562,
1551,247721,157,-0.1045,0.104,0.7203,0.1757,0.8169,-0.7877,-0.8363,10732.3,1264.1,734.5,472.8,0.000232,0.155395
1552,247877,156,-0.1287,0.1124,0.4487,0.4389,0.1392,-0.9302,-0.6149,8150.2,2920.0,646.0,356.9,0.000242,0.151676
1553,248035,158,0.4285,0.4935,0.0409,0.4656,0.4627,-0.9322,-0.5737,9382.9,3457.9,629.5,313.6,0.000211,0.15926
1554,248203,168,0.5213,0.3272,0.107,0.5658,1.0,-0.907,-0.4993,12475.9,3353.6,599.7,413.7,0.000407,0.176771
1555,248363,160,-0.0646,0.0889,0.8382,0.0729,0.7278,-0.5722,-1.0,10392.8,607.3,963.7,628.1,0.000276,0.193246
1556,248522,159,0.1536,0.1011,0.8458,0.0531,0.9289,-0.4431,-1.0,11159.1,500.9,822.7,324.4,0.000349,
1557,248682,160,1.1842,0.8749,0.0975,0.0276,1.0,-0.9057,-1.0,13051.8,3459.6,823.2,403.2,0.00039,
1558,248843,161,0.7319,0.5702,0.0354,0.3945,0.9674,-0.9092,-0.6304,11305.7,3111.3,652.2,642.6,0.000135,0.15015
1559,249006,163,-0.025,0.2038,0.6071,0.1891,1.0,-0.8634,-1.0,11503.2,2104.9,869.8,449.1,0.000198,
1560,249163,157,0.8351,0.003,0.2134,0.7836,-0.5355,-0.9528,0.3477,5579.9,2958.2,260.9,298.7,0.000217,0.142265
1561,249327,164,0.6591,0.4779,0.0493,0.4728,1.0,-0.9107,-0.6049,11575.1,3241.8,642.0,671.8,0.000453,0.111169
1562,249490,163,0.4748,0.5037,0.3947,0.1016,0.9233,-0.9137,-1.0,11137.9,3224.9,841.3,417.5,0.000307,
1563,249644,154,0.0073,0.1319,0.8095,0.0586,0.7234,-0.5018,-1.0,10376.2,520.7,1250.6,387.5,0.000259,
1564,249808,164,0.2906,0.4462,0.2492,0.3046,0.8786,-0.9236,-1.0,10967.6,3588.5,805.1,895.8,0.0002,
1565,249970,162,0.1601,0.2281,0.2608,0.5111,0.602,-0.9355,-0.4331,9913.7,3841.2,573.2,814.4,0.000378,
1566,250130,160,0.0361,0.0976,0.5312,0.3712,0.5915,-0.9096,-0.4866,9873.6,2729.7,594.6,279.3,0.000239,
1567,250298,168,0.5413,0.6108,0.1731,0.2161,0.7095,-0.9276,-1.0,10323.2,3566.1,820.4,424.0,0.000192,
1568,250457,159,0.1626,0.1244,0.8296,0.046,1.0,-0.4686,-1.0,12275.2,577.5,846.4,778.1,0.000151,0.158469
1569,250619,162,0.3822,0.3772,0.0641,0.5587,0.4005,-0.9306,-0.4968,9145.9,3293.1,598.7,580.7,0.000244,0.158949
1570,250777,158,0.9379,0.2005,0.0919,0.7076,0.8681,-0.923,0.1189,10927.6,3549.3,352.4,330.1,0.000185,0.179164
1571,250940,163,0.8162,0.6276,0.1391,0.2333,1.0,-0.9023,-0.6395,11963.6,3062.8,655.8,909.6,0.000222,
1572,251101,161,0.0366,0.2341,0.6409,0.1251,0.9683,-0.8745,-0.8385,11309.4,2252.2,735.4,745.3,0.000256,0.150711
1573,251253,152,-0.0759,0.14,0.5891,0.2709,0.8188,-0.8772,-0.7057,10739.7,2186.7,682.3,330.0,0.00019,0.140106
1574,251408,155,0.1258,0.3834,0.1835,0.4331,0.475,-0.9283,-0.7121,9429.8,3289.7,684.8,1013.6,0.000255,
1575,251570,162,0.4196,0.0071,0.3003,0.6925,1.0,-0.9175,0.1261,11534.8,3494.9,349.6,620.4,0.000235,
1576,251732,162,0.4194,0.4344,0.1531,0.4126,0.976,-0.9099,-0.7985,11338.5,3145.8,719.4,771.6,0.000277,
1577,251898,166,0.6024,0.4701,0.0202,0.5096,0.7531,-0.9193,-0.5445,10489.3,3250.8,617.8,470.6,0.000198,
1578,252057,159,-0.003,0.1704,0.3359,0.4937,0.7971,-0.903,-0.5362,10656.8,2746.7,614.5,483.6,0.000365,0.165724
1579,252213,156,0.0784,0.2703,0.256,0.4736,0.0171,-0.9411,-0.457,7685.3,3260.4,582.8,569.7,0.000266,0.152991
1580,252374,161,-0.0024,0.2318,0.5116,0.2566,0.8387,-0.8912,-0.9371,10815.6,2485.8,774.8,435.1,0.000233,
1581,252538,164,0.584,0.2586,0.1567,0.5846,0.919,-0.9202,-0.0853,11121.2,3484.3,434.1,486.3,0.000179,
1582,252701,163,0.8521,0.6719,0.0945,0.2336,1.0,-0.9187,-0.8555,12284.4,3779.0,742.2,408.0,0.000172,0.151666
1583,252859,158,0.6357,0.4691,0.0219,0.509,0.8465,-0.9206,-0.5078,10845.2,3412.9,603.1,396.0,0.000452,0.163688
1584,253023,164,0.6569,0.1955,0.1757,0.6288,0.6524,-0.9306,0.1085,10105.6,3641.5,356.6,421.7,0.000289,0.146187
1585,253182,159,0.6063,0.0989,0.2018,0.6993,0.5428,-0.9321,0.1569,9688.2,3565.5,337.3,490.9,0.000229,
1586,253345,163,0.3681,0.4868,0.0498,0.4634,0.4618,-0.934,-0.7104,9379.4,3554.3,684.2,285.0,0.000193,0.175101
1587,253501,156,-0.1364,0.0029,0.4883,0.5088,1.0,-0.8958,-0.38,11733.6,2814.5,552.0,672.2,0.000189,0.152694
1588,253662,161,-0.3575,0.0132,0.7037,0.2831,0.339,-0.8561,-0.8499,8911.7,1547.7,740.0,573.3,0.000218,
1589,253819,157,0.4663,0.4298,0.4397,0.1305,1.0,-0.8928,-0.5611,11447.1,2669.9,624.4,610.2,0.000256,0.127964
1590,253977,158,0.5787,0.5348,0.1932,0.272,1.0,-0.9092,-0.7278,11795.0,3247.8,691.1,806.6,0.000318,0.13186
1591,254135,158,0.7855,0.1965,0.1485,0.6551,1.0,-0.9123,0.0249,11711.7,3337.3,390.0,221.4,0.000157,0.126163
1592,254287,152,0.1705,0.2246,0.7571,0.0182,1.0,-0.7043,-0.5934,11749.6,993.4,637.4,577.5,0.000543,0.17079
1593,254444,157,0.1961,0.2407,0.3236,0.4357,0.6075,-0.9195,-0.3513,9934.5,3086.7,540.5,569.2,0.000258,
1594,254609,165,0.1301,0.2044,0.7365,0.0591,1.0,-0.7928,-0.6797,12589.5,1519.0,671.9,385.1,0.000306,0.135989
1595,254767,158,0.9734,0.0352,0.0682,0.8966,0.2353,-0.9384,0.4473,8516.6,3456.4,221.1,554.7,0.000308,0.154826
1596,254927,160,0.5595,0.4085,0.2058,0.3857,1.0,-0.9154,-0.3944,12277.1,3629.0,557.8,849.6,0.00028,0.149258
1597,255094,167,0.2537,0.2908,0.1761,0.5331,0.7607,-0.9213,-0.5517,10518.1,3339.3,620.7,498.8,0.000267,
1598,255259,165,1.1211,0.8618,0.1337,0.0045,0.9359,-0.912,-1.0,11185.6,3177.9,895.3,539.6,0.000264,0.183967
1599,255415,156,0.134,0.0611,0.3789,0.56,0.3343,-0.9335,-0.2663,8893.8,3345.2,506.5,400.4,0.000201,0.137794
1600,255579,164,0.8712,0.6853,0.28,0.0347,1.0,-0.9006,-1.0,11527.0,2898.1,809.7,499.0,0.000141,0.130391
1601,255741,162,0.2919,0.4286,0.4142,0.1573,0.911,-0.8998,-1.0,11091.0,2768.2,821.6,680.5,0.000251,0.132812
1602,255903,162,0.2269,0.3034,0.2791,0.4175,0.896,-0.9207,-0.6428,11033.9,3476.6,657.1,551.9,0.00022,0.151313
1603,256060,157,0.212,0.3561,0.307,0.3369,0.7644,-0.9033,-0.7994,10532.5,2722.2,719.8,657.3,0.000261,
1604,256218,158,-0.0628,0.0764,0.7858,0.1378,0.9266,-0.6729,-0.7138,11150.2,852.3,685.5,679.4,0.000262,
1605,256376,158,0.0075,0.2551,0.5448,0.2001,0.9992,-0.8932,-1.0,11426.9,2674.6,841.6,718.3,0.000213,
1606,256535,159,1.0195,0.0021,0.0155,0.9824,0.3488,-0.9331,0.4649,8948.9,3343.8,214.0,627.2,0.000169,0.140718
1607,256698,163,0.4849,0.4715,0.471,0.0575,1.0,-0.8999,-0.8732,11436.6,2855.4,749.3,577.7,0.000223,
1608,256857,159,0.4298,0.3897,0.1563,0.454,0.8519,-0.9231,-0.5062,10865.7,3531.6,602.5,509.8,0.000235,0.150914
1609,257019,162,1.0104,0.7454,0.2152,0.0394,1.0,-0.9087,-0.799,11843.3,3244.1,719.6,492.5,0.000176,0.162812
1610,257183,164,0.8508,0.6318,0.0767,0.2915,1.0,-0.9074,-0.8353,12451.4,3360.8,734.1,529.9,0.000259,0.140812
1611,257342,159,0.1356,0.0235,0.3837,0.5927,0.0203,-0.9418,-0.1711,7697.4,3307.1,468.5,574.6,0.000233,
1612,257502,160,0.1358,0.3173,0.5673,0.1155,0.9301,-0.8802,-1.0,11163.5,2328.7,893.8,515.2,0.000256,
1613,257665,163,0.0609,0.2948,0.6955,0.0096,0.6935,-0.8474,-0.9893,10262.1,1681.6,795.7,419.6,0.000209,0.189646
1614,257822,157,0.527,0.5954,0.3011,0.1035,0.6976,-0.9202,-0.8282,10277.7,3220.9,731.3,286.4,0.000212,
1615,257982,160,0.0397,0.1823,0.7022,0.1155,0.9396,-0.8315,-0.5725,11199.8,1661.6,629.0,704.9,0.000357,
1616,258139,157,0.5546,0.4988,0.3964,0.1049,1.0,-0.8924,-0.6684,11860.8,2756.2,667.4,799.3,0.000223,0.152198
1617,258301,162,0.4674,0.1155,0.2087,0.6758,0.8294,-0.9324,0.0491,10779.8,3984.7,380.4,542.9,0.000186,0.135483
1618,258459,158,0.5188,0.0135,0.2924,0.694,0.5836,-0.9343,0.2592,9843.6,3747.0,296.3,565.6,0.000218,0.157722
1619,258614,155,0.103,0.1847,0.4107,0.4047,0.9813,-0.8845,-0.5534,11358.8,2458.7,621.4,360.6,0.000118,
1620,258768,154,0.4806,0.3869,0.0286,0.5846,0.074,-0.9413,-0.0865,7901.8,3366.4,434.6,578.4,0.000369,
1621,258922,154,-0.0191,0.2105,0.4616,0.3279,0.8901,-0.899,-0.835,11011.1,2725.5,734.0,412.6,0.000197,
1622,259081,159,0.7119,0.613,0.071,0.316,0.9578,-0.9117,-0.8439,11269.3,3191.2,737.6,534.7,0.000153,0.155294
1623,259239,158,0.8999,0.7078,0.1038,0.1883,0.8891,-0.9172,-0.6614,11007.5,3324.7,664.6,320.1,0.000183,0.163753
1624,259398,159,0.2259,0.3618,0.4834,0.1548,0.938,-0.9041,-0.8176,11193.7,2916.8,727.0,565.7,0.000632,
1625,259564,166,-0.1158,0.1535,0.5296,0.3169,0.7206,-0.9085,-0.761,10365.6,2832.0,704.4,647.2,0.000215,
1626,259723,159,0.6942,0.0722,0.1986,0.7293,1.0,-0.9112,0.191,11708.7,3294.6,323.6,600.1,0.000182,0.158724
1627,259887,164,0.1556,0.3656,0.4985,0.1359,0.7199,-0.9148,-0.7749,10362.8,3042.2,709.9,883.8,0.000256,0.123041
1628,260049,162,0.3297,0.4929,0.1377,0.3693,0.6986,-0.9171,-1.0,10281.7,3100.6,839.6,417.1,0.000298,0.121098
1629,260210,161,-0.0988,0.2052,0.3504,0.4444,0.5623,-0.9231,-0.8023,9762.2,3174.1,720.9,367.1,0.000223,
1630,260366,156,-0.0535,0.2076,0.7138,0.0785,0.5611,-0.8175,-0.9046,9757.7,1336.9,761.8,492.5,0.000406,
1631,260536,170,1.0452,0.0179,0.0973,0.8848,0.5704,-0.9372,0.314,9793.3,3899.2,274.4,372.2,0.00024,
1632,260698,162,0.3042,0.0131,0.9652,0.0217,0.2829,0.1237,-1.0,8697.8,193.5,1024.8,784.2,0.000304,
1633,260853,155,0.0557,0.2924,0.4281,0.2795,0.9817,-0.9125,-1.0,11360.1,3244.4,804.3,666.6,0.000157,0.163771
1634,261015,162,0.0772,0.1779,0.7575,0.0646,1.0,-0.7434,-0.7085,12443.6,1212.6,683.4,590.2,0.000211,0.158552
1635,261178,163,0.5022,0.4674,0.2759,0.2567,0.8918,-0.9088,-0.4993,11017.8,3021.2,599.7,720.2,0.00025,
1636,261335,157,0.1268,0.0563,0.8546,0.0891,0.972,-0.3386,-1.0,11323.5,428.0,849.4,664.7,0.000394,0.113222
1637,261502,167,0.0437,0.2593,0.7202,0.0206,0.7792,-0.8223,-1.0,10588.7,1489.5,828.5,502.0,0.000949,
1638,261664,162,0.9234,0.0903,0.0563,0.8534,0.6954,-0.9353,0.3945,10269.4,3970.5,242.2,641.9,0.000327,
1639,261828,164,0.1987,0.3216,0.459,0.2194,0.9219,-0.9129,-1.0,11132.6,3197.1,822.5,562.3,0.000151,
1640,261992,164,-0.0427,0.1477,0.4214,0.4309,1.0,-0.9133,-0.6792,11914.9,3435.4,671.7,721.8,0.000308,
1641,262152,160,-0.0844,0.1758,0.7229,0.1013,0.6891,-0.8149,-0.8722,10245.4,1383.5,748.9,659.7,0.000217,
1642,262309,157,0.6756,0.6407,0.1056,0.2537,0.8553,-0.9105,-0.8132,10878.7,3037.2,725.3,1000.1,0.00016,0.127024
1643,262467,158,0.3897,0.4961,0.3846,0.1193,0.63,-0.9272,-0.616,10020.5,3439.9,646.4,597.2,0.000228,0.155043
1644,262629,162,0.4999,0.4497,0.2797,0.2706,0.8981,-0.9139,-0.598,11041.7,3204.5,639.2,443.1,0.000481,0.156751
1645,262790,161,0.5848,0.4647,0.1813,0.354,1.0,-0.9092,-0.6674,11788.8,3246.3,667.0,409.1,0.000286,
1646,262952,162,1.1758,0.8876,0.0994,0.013,0.9475,-0.9089,-1.0,11230.0,3080.3,1081.6,657.9,0.000242,
1647,263115,163,-0.2279,0.2573,0.3474,0.3953,-0.0745,-0.9446,-1.0,7336.1,3311.7,833.3,466.8,0.000141,0.139388
1648,263273,158,-0.3074,0.0259,0.6318,0.3423,0.8465,-0.8487,-0.8555,10845.1,1791.4,742.2,383.4,0.000123,0.124854
1649,263431,158,-0.0867,0.4662,0.0559,0.4778,-0.0318,-0.9408,-0.8658,7498.9,3164.1,746.3,597.4,0.000282,0.148826
1650,263593,162,0.5585,0.5316,0.188,0.2804,1.0,-0.9061,-0.8703,12135.6,3229.8,748.1,656.2,0.000479,0.156193
1651,263750,157,0.5665,0.4241,0.0729,0.503,1.0,-0.9146,-0.6842,11516.6,3371.4,673.7,416.1,0.000276,
1652,263902,152,0.6855,0.1308,0.1796,0.6896,0.7308,-0.9277,0.1669,10404.4,3598.2,333.2,413.9,0.00018,
1653,264058,156,0.0259,0.2851,0.3499,0.365,-0.0905,-0.9449,-0.3715,7275.2,3302.4,548.6,548.1,0.000161,
1654,264221,163,0.2221,0.3516,0.2805,0.3679,0.7777,-0.9208,-0.7555,10583.1,3339.0,702.2,545.4,0.000238,0.160757
1655,264382,161,0.9501,0.1489,0.0772,0.7739,0.4477,-0.926,0.4665,9325.8,3152.2,213.4,694.5,0.000255,
1656,264541,159,0.0833,0.258,0.4889,0.2531,1.0,-0.8984,-0.82,12210.4,3004.5,728.0,519.6,0.00033,0.157623
1657,264702,161,-0.1493,0.1365,0.5632,0.3003,1.0,-0.8893,-0.8274,11981.8,2706.3,731.0,608.5,0.000279,
1658,264863,161,0.3266,0.3013,0.4487,0.25,0.8845,-0.9133,-0.4241,10989.9,3168.6,569.6,444.3,0.000301,0.18214
1659,265016,153,0.4462,0.589,0.1814,0.2295,0.4558,-0.9041,-0.5517,9356.7,2438.9,620.7,770.0,0.000268,
1660,265178,162,0.6217,0.5338,0.07,0.3962,0.9514,-0.9128,-0.7579,11244.9,3224.9,703.2,503.3,0.000223,
1661,265340,162,0.2119,0.3697,0.3568,0.2735,0.9513,-0.9176,-1.0,11244.3,3411.5,819.3,684.3,0.000237,
1662,265503,163,0.3185,0.4462,0.1178,0.4361,0.7933,-0.9294,-0.8206,10642.6,3768.6,728.2,1297.8,0.000212,0.176942
1663,265658,155,0.396,0.4843,0.1365,0.3793,0.739,-0.9101,-0.8132,10435.6,2902.8,725.3,495.5,0.000206,
1664,265816,158,0.3794,0.4123,0.2732,0.3145,1.0,-0.9178,-0.7728,12453.4,3785.5,709.1,661.7,0.000497,
1665,265982,166,-0.2241,0.1211,0.6228,0.2561,0.9876,-0.8632,-1.0,11382.7,2079.6,837.9,578.1,0.000313,
1666,266145,163,1.0138,0.7533,0.1781,0.0686,1.0,-0.9122,-0.659,11471.4,3266.9,663.6,724.6,0.000183,0.136782
1667,266305,160,-0.093,0.0139,0.7979,0.1882,0.4823,-0.7215,-0.5637,9457.4,849.1,625.5,890.3,0.000142,0.121635
1668,266464,159,0.995,0.7494,0.1923,0.0583,0.9725,-0.9008,-1.0,11325.2,2854.0,806.9,614.7,0.000208,
1669,266626,162,0.8243,0.6602,0.2573,0.0825,1.0,-0.8836,-0.8544,12525.0,2689.9,741.8,646.3,0.000259,
1670,266789,163,0.7559,0.1079,0.1447,0.7474,0.7172,-0.924,0.3493,10352.6,3406.0,260.3,766.8,0.000192,0.158826
1671,266942,153,0.4792,0.4363,0.2442,0.3196,0.8911,-0.8982,-0.6746,11015.0,2705.3,669.8,460.1,0.000602,
1672,267100,158,0.457,0.6377,0.1836,0.1787,0.5429,-0.9253,-1.0,9688.5,3244.0,855.1,505.2,0.000218,
1673,267263,163,0.1422,0.2232,0.3009,0.4759,1.0,-0.905,-0.663,11753.7,3092.9,665.2,576.8,0.000266,0.130292
1674,267417,154,0.1519,0.3302,0.5701,0.0996,0.7038,-0.8968,-0.7065,10301.4,2495.9,682.6,555.7,0.000286,0.149184
1675,267580,163,1.1489,0.7913,0.0758,0.1329,1.0,-0.9023,-0.6085,12017.8,3075.4,643.4,617.7,0.000644,
1676,267736,156,0.1332,0.1456,0.4416,0.4128,1.0,-0.8989,-0.4062,11741.5,2902.3,562.5,637.2,0.00019,
1677,267897,161,0.1529,0.2282,0.2886,0.4832,0.7385,-0.93,-0.632,10433.8,3727.9,652.8,347.3,0.000167,0.147877
1678,268054,157,0.9191,0.7434,0.1419,0.1147,0.9063,-0.8969,-0.878,11073.1,2686.3,751.2,394.4,0.000139,
1679,268217,163,0.8764,0.3287,0.0242,0.6471,0.8025,-0.925,-0.0309,10677.4,3560.6,412.4,752.6,0.000236,0.106813
1680,268376,159,-0.0284,0.2873,0.2413,0.4714,-0.5507,-0.958,-0.3682,5521.7,3284.6,547.3,414.1,0.0002,
1681,268538,162,0.7392,0.6145,0.3614,0.024,0.9262,-0.9127,-0.612,11148.7,3192.4,644.8,462.6,0.000156,
1682,268695,157,0.3494,0.3718,0.4849,0.1433,0.9135,-0.8983,-0.404,11100.3,2728.0,561.6,463.2,0.00017,0.156624
1683,268850,155,0.8588,0.0993,0.1468,0.754,-0.1895,-0.9492,0.4669,6897.9,3393.2,213.2,578.7,0.000226,
1684,269008,158,0.2723,0.4232,0.3589,0.218,0.8757,-0.9086,-0.9015,10956.6,2996.6,760.6,676.2,0.000201,
1685,269170,162,-0.2309,0.0054,0.7093,0.2853,0.7254,-0.8529,-0.6241,10383.7,1764.5,649.7,574.5,0.000444,
1686,269333,163,0.4367,0.4443,0.2229,0.3328,1.0,-0.9159,-0.8646,11563.6,3437.4,745.9,597.0,0.000253,0.131525
1687,269484,151,-0.0244,0.2762,0.402,0.3218,0.2602,-0.9332,-0.6056,8611.2,3221.5,642.2,519.4,0.000146,
1688,269641,157,-0.1238,0.0,0.4716,0.5284,0.4234,-0.9255,-0.3835,9233.3,3098.9,553.4,400.6,0.000114,0.124125
1689,269804,163,0.877,0.6479,0.2118,0.1403,0.9977,-0.8891,-0.7634,11421.3,2573.8,705.3,392.1,0.000144,
1690,269965,161,0.168,0.3003,0.4901,0.2095,1.0,-0.9014,-0.8151,11590.1,2937.9,726.0,759.9,0.000283,0.121909
1691,270126,161,0.2733,0.1721,0.3008,0.5271,0.4637,-0.9327,-0.1795,9386.8,3487.7,471.8,702.5,0.000213,
1692,270288,162,0.7788,0.3079,0.104,0.5882,0.4915,-0.9324,-0.0847,9492.5,3511.9,433.9,199.2,0.000257,
1693,270452,164,-0.0855,0.2094,0.3316,0.4589,0.6429,-0.9193,-0.7772,10069.3,3120.4,710.9,712.6,0.000118,
1694,270614,162,0.5746,0.7188,0.024,0.2572,0.5012,-0.917,-0.8756,9529.7,2869.1,750.2,502.1,0.000194,
1695,270771,157,0.7599,0.1859,0.1223,0.6918,0.3699,-0.9311,0.3029,9029.3,3274.3,278.8,812.0,0.000287,0.098568
1696,270930,159,0.8752,0.0922,0.072,0.8358,0.3433,-0.9328,0.4114,8928.1,3319.5,235.4,690.2,0.000133,
1697,271088,158,0.9698,0.1171,0.0374,0.8455,0.727,-0.9282,0.3197,10390.0,3618.8,272.1,488.1,0.000507,
1698,271243,155,0.9024,0.6867,0.1566,0.1567,1.0,-0.8867,-0.8467,11784.5,2600.3,738.7,342.5,0.000484,0.152947
1699,271407,164,-0.0322,0.1296,0.3711,0.4993,0.6764,-0.9204,-0.5274,10196.9,3204.0,611.0,509.1,0.000206,0.136262
1700,271568,161,-0.0171,0.2335,0.6151,0.1514,0.7846,-0.8788,-0.8673,10609.4,2188.3,746.9,527.7,0.000307,
1701,271734,166,0.3603,0.7273,0.1115,0.1612,0.2454,-0.9288,-1.0,8554.9,3004.8,810.7,837.0,0.000193,
1702,271896,162,0.2583,0.401,0.5224,0.0766,0.6913,-0.8931,-0.5732,10253.7,2398.2,629.3,858.9,0.000283,
1703,272059,163,0.5409,0.6114,0.3052,0.0833,0.7197,-0.9131,-0.738,10362.2,2980.2,695.2,570.9,0.000258,0.111417
1704,272222,163,0.4584,0.3336,0.2556,0.4108,0.8531,-0.9231,-0.28,10870.4,3535.8,512.0,668.0,0.00015,
1705,272376,154,-0.1589,0.1742,0.3827,0.4431,-0.1977,-0.9485,-0.533,6866.8,3332.7,613.2,412.6,0.000193,
1706,272539,163,0.5344,0.616,0.0209,0.3631,0.609,-0.9165,-0.892,9940.2,2975.5,756.8,553.5,0.000199,0.146645
1707,272707,168,0.4208,0.2018,0.2061,0.5921,0.5147,-0.9359,-0.2125,9580.9,3737.1,485.0,412.3,0.000318,0.12252
1708,272863,156,0.1217,0.2579,0.6379,0.1042,1.0,-0.8412,-0.9078,11701.0,1842.2,763.1,321.6,0.000211,0.154255
1709,273026,163,0.4092,0.3386,0.1543,0.5071,0.6495,-0.9297,-0.4174,10094.6,3592.2,566.9,537.0,0.000231,
1710,273185,159,0.7464,0.2991,0.0433,0.6577,0.5451,-0.936,-0.0626,9696.8,3788.8,425.0,558.4,0.000163,0.137901
1711,273350,165,-0.2115,0.1709,0.5379,0.2912,0.6869,-0.9082,-0.9221,10237.0,2788.7,768.8,748.2,0.000259,
1712,273499,149,0.9934,0.701,0.106,0.193,1.0,-0.9058,-0.3957,11623.6,3083.9,558.3,476.9,0.000319,0.16044
1713,273658,159,0.2779,0.0762,0.2911,0.6327,1.0,-0.9156,-0.1074,11438.9,3386.6,443.0,430.8,0.000173,
1714,273816,158,0.8208,0.3121,0.0597,0.6282,0.8061,-0.9289,-0.0627,10691.3,3758.9,425.1,334.5,0.000298,
1715,273980,164,0.3757,0.0943,0.2645,0.6412,0.3838,-0.9303,0.0182,9082.2,3258.8,392.7,503.7,0.000342,
1716,274146,166,0.8157,0.0261,0.1432,0.8307,0.5111,-0.9245,0.3301,9567.2,3169.6,268.0,619.1,0.000308,
1717,274298,152,-0.2775,0.1375,0.5593,0.3032,0.5345,-0.9009,-1.0,9656.3,2436.7,813.2,716.9,0.000196,
1718,274462,164,0.0871,0.3174,0.4249,0.2577,0.9244,-0.9045,-1.0,11142.0,2917.2,944.4,580.2,0.000151,
1719,274621,159,0.2596,0.2997,0.6666,0.0337,1.0,-0.823,-0.5674,12008.9,1696.2,627.0,471.3,0.00053,0.143284
1720,274784,163,0.9195,0.8041,0.1145,0.0814,0.8078,-0.9184,-1.0,10697.7,3276.2,826.7,610.2,0.000301,
1721,274945,161,0.4598,0.4439,0.1019,0.4542,0.5953,-0.9253,-0.4215,9888.2,3309.2,568.6,664.0,0.00014,0.134916
1722,275102,157,0.6804,0.5286,0.3876,0.0837,1.0,-0.8901,-0.559,11543.4,2626.1,623.6,426.5,0.00021,
1723,275266,164,0.6596,0.4715,0.0011,0.5273,0.8051,-0.9206,-0.5013,10687.4,3366.9,600.5,650.2,0.000165,
1724,275418,152,0.9191,0.6763,0.0716,0.2522,1.0,-0.9056,-0.6798,11988.7,3174.6,671.9,368.5,0.000253,
1725,275579,161,0.1627,0.224,0.7474,0.0286,0.9218,-0.7665,-0.5969,11132.0,1192.0,638.8,508.0,0.000126,0.122081
1726,275735,156,0.5605,0.5235,0.1158,0.3607,0.9135,-0.9079,-0.6924,11100.3,3013.2,677.0,490.1,0.000238,0.137323
1727,275896,161,0.4605,0.3799,0.2495,0.3706,1.0,-0.9045,-0.6038,11514.3,3014.1,641.5,466.0,0.000186,
1728,276066,170,0.5984,0.5951,0.1084,0.2965,0.8805,-0.9143,-0.9091,10974.6,3200.9,763.6,730.1,0.000173,
1729,276230,164,0.0522,0.2546,0.3928,0.3526,0.7967,-0.917,-0.803,10655.3,3209.3,721.2,450.8,0.000288,
1730,276388,158,0.7953,0.0359,0.2097,0.7545,0.6089,-0.9266,0.4976,9939.8,3385.6,201.0,920.3,0.000123,
1731,276546,158,0.1826,0.2474,0.4095,0.3432,1.0,-0.9008,-0.5525,12143.5,3061.9,621.0,731.1,0.000282,
1732,276709,163,-0.1596,0.1719,0.4867,0.3414,0.6627,-0.9094,-0.8765,10144.8,2800.8,750.6,652.1,0.0002,0.111387
1733,276873,164,0.7533,0.5072,0.0002,0.4926,1.0,-0.9074,-0.5781,11542.5,3117.3,631.2,454.7,0.000197,0.162532
1734,277037,164,0.0953,0.2846,0.5961,0.1192,0.4625,-0.8897,-0.7146,9382.3,2126.3,685.9,484.5,0.000119,0.108693
1735,277199,162,0.3922,0.0974,0.8935,0.0091,0.422,0.0938,-0.4427,9227.7,210.9,577.1,565.8,0.000203,0.127141
1736,277354,155,0.6179,0.0762,0.1,0.8238,-0.4124,-0.9452,0.1673,6048.7,2759.5,333.1,614.4,0.00021,
1737,277514,160,0.0597,0.1439,0.457,0.3991,1.0,-0.9001,-0.5491,11621.5,2909.1,619.7,383.1,0.000196,
1738,277677,163,0.3916,0.3278,0.165,0.5072,0.9356,-0.914,-0.4522,11184.7,3250.0,580.9,672.6,0.000209,0.16541
1739,277836,159,0.0781,0.238,0.3615,0.4005,0.5652,-0.929,-0.579,9773.5,3439.7,631.6,674.6,0.000167,
1740,277991,155,0.3859,0.3918,0.4491,0.1591,1.0,-0.8866,-0.5684,12960.6,2858.5,627.4,589.3,0.000119,0.168206
1741,278154,163,0.7277,0.1098,0.163,0.7272,-0.1494,-0.9474,0.3323,7050.9,3350.8,267.1,329.5,0.000455,
1742,278313,159,0.2764,0.0469,0.3514,0.6017,0.2746,-0.9353,-0.0185,8666.3,3346.2,407.4,342.2,0.000481,0.109536
1743,278472,159,-0.1322,0.0897,0.7442,0.1661,0.8009,-0.7803,-0.6703,10671.4,1214.3,668.1,856.5,0.00077,
1744,278635,163,1.0273,0.2114,0.048,0.7406,0.7041,-0.9199,0.3813,10302.5,3215.7,247.5,671.3,0.000183,0.101907
1745,278800,165,-0.3566,0.0157,0.704,0.2803,1.0,-0.8298,-0.9583,12112.7,1778.7,783.3,543.1,0.00023,
1746,278963,163,0.8637,0.1792,0.04,0.7808,0.0795,-0.9486,0.2759,7923.1,3852.2,289.7,658.3,0.000171,0.151203
1747,279131,168,0.0054,0.2231,0.4626,0.3143,1.0,-0.8964,-0.8776,12335.1,2977.4,751.1,555.0,0.000151,0.100394
1748,279289,158,-0.0494,0.0262,0.4398,0.5341,0.5713,-0.9238,-0.4006,9796.7,3212.4,560.2,323.3,0.000462,0.116733
1749,279450,161,0.1556,0.2946,0.5134,0.192,1.0,-0.8997,-0.9071,11628.6,2898.9,762.8,622.1,0.000153,
1750,279604,154,0.3728,0.478,0.3388,0.1832,0.7431,-0.8979,-0.7618,10451.1,2557.8,704.7,617.6,0.000136,
1751,279769,165,0.6739,0.4985,0.1403,0.3612,1.0,-0.9133,-0.5457,11648.5,3359.9,618.3,708.0,0.000159,0.111655
1752,279927,158,0.6863,0.2367,0.0929,0.6704,0.4162,-0.9398,0.1453,9205.7,3821.0,341.9,678.4,0.000299,0.115207
1753,280086,159,0.7498,0.6123,0.2521,0.1356,1.0,-0.8993,-0.9194,11638.1,2888.7,767.7,304.6,0.000162,
1754,280241,155,0.7962,0.1763,0.1194,0.7043,0.3954,-0.9408,0.3475,9126.4,3850.8,261.0,652.7,0.000238,0.117016
1755,280395,154,0.3011,0.071,0.3044,0.6246,-0.0789,-0.9447,0.0582,7319.5,3306.6,376.7,476.6,0.000143,0.10767
1756,280562,167,-0.2013,0.0388,0.6234,0.3378,1.0,-0.881,-0.6647,12039.0,2529.5,665.9,727.2,0.000264,
1757,280726,164,0.6404,0.5124,0.0508,0.4368,0.844,-0.9112,-0.5593,10835.8,3051.8,623.7,438.0,0.000155,
1758,280883,157,0.4349,0.1639,0.2193,0.6169,0.3692,-0.9385,-0.0699,9026.7,3672.2,428.0,455.3,0.000386,0.105496
1759,281048,165,0.7469,0.0824,0.1743,0.7433,-0.5115,-0.9582,0.3493,5671.0,3393.9,260.3,341.0,0.000177,
1760,281205,157,0.6961,0.9012,0.0053,0.0935,0.3376,-0.9199,-0.8006,8906.1,2781.3,720.2,704.2,0.000257,0.142935
1761,281369,164,0.2239,0.2924,0.5638,0.1437,1.0,-0.8944,-0.8623,11578.2,2741.6,744.9,513.6,0.000138,0.121466
1762,281521,152,-0.0248,0.2812,0.5109,0.2079,0.4854,-0.9015,-0.5785,9469.3,2402.5,631.4,976.0,0.000268,0.131687
1763,281686,165,0.1421,0.1616,0.8205,0.0179,0.783,-0.614,-0.9367,10603.3,686.8,774.7,389.5,0.000209,
1764,281853,167,0.2446,0.3269,0.5441,0.129,0.8022,-0.8953,-0.6754,10676.4,2550.1,670.2,790.4,0.00025,0.119562
1765,282007,154,0.418,0.4739,0.1748,0.3513,0.8864,-0.9153,-0.8835,10997.1,3246.3,753.4,346.8,0.000207,0.099708
1766,282168,161,-0.0545,0.0827,0.8167,0.1006,0.7543,-0.639,-0.8717,10493.8,726.7,748.7,928.4,0.000229,
1767,282328,160,0.0837,0.2288,0.3679,0.4034,0.9397,-0.9205,-0.7483,11200.4,3521.6,699.3,582.3,0.000308,
1768,282485,157,0.628,0.5349,0.2936,0.1715,0.8616,-0.9103,-0.4235,10902.8,3039.7,569.4,526.2,0.000296,0.106407
1769,282645,160,-0.3144,0.0926,0.5727,0.3346,1.0,-0.8823,-1.0,11508.8,2443.5,807.2,612.0,0.000133,0.140086
1770,282811,166,-0.1495,0.0829,0.5473,0.3698,0.8512,-0.9035,-0.7577,10862.9,2815.6,703.1,418.3,0.00037,0.099499
1771,282969,158,0.32,0.4131,0.1725,0.4144,0.7757,-0.9181,-0.691,10575.5,3228.4,676.4,562.2,0.000194,0.131966
1772,283131,162,0.2281,0.1823,0.3015,0.5162,0.9901,-0.9143,-0.3625,11392.2,3322.0,545.0,959.3,0.000285,0.159267
1773,283295,164,0.032,0.2115,0.5443,0.2442,1.0,-0.9023,-0.8333,11653.3,2981.5,733.3,465.5,0.000157,0.126751
1774,283457,162,0.8611,0.2876,0.0298,0.6826,0.5209,-0.9299,0.2839,9604.5,3423.3,286.4,674.8,0.000149,0.095161
1775,283619,162,1.1735,0.2353,0.0186,0.7461,0.7804,-0.9198,0.3352,10593.2,3300.1,265.9,394.5,0.000206,0.119289
1776,283770,151,0.8462,0.1369,0.0874,0.7757,-0.1688,-0.9403,0.2931,6976.7,2921.5,282.8,399.7,0.000246,
1777,283932,162,0.2917,0.3146,0.6534,0.032,0.9881,-0.8421,-0.7966,11384.5,1801.9,718.6,604.0,0.000165,
1778,284092,160,0.7512,0.1452,0.1013,0.7535,-0.4541,-0.9615,0.3378,5890.0,3828.3,264.9,370.1,0.000225,
1779,284250,158,0.2621,0.407,0.3911,0.2019,0.8652,-0.9198,-0.9852,10916.4,3401.4,794.1,257.8,0.000581,
1780,284409,159,-0.0649,0.0846,0.8256,0.0899,0.2873,-0.6837,-0.4363,8714.5,688.7,574.5,787.2,0.000163,0.122087
1781,284572,163,-0.1914,0.1075,0.644,0.2485,0.6052,-0.8888,-0.7463,9925.7,2231.0,698.5,467.2,0.000192,
1782,284730,158,-0.1213,0.1755,0.5067,0.3178,1.0,-0.8639,-1.0,12215.2,2244.4,883.8,445.0,0.000315,
1783,284891,161,-0.035,0.2032,0.3487,0.4481,0.6291,-0.9179,-0.6532,10016.8,3051.4,661.3,571.1,0.000349,0.133742
1784,285046,155,1.1097,0.8953,0.0185,0.0862,0.7538,-0.9292,-0.8082,10492.1,3707.3,723.3,568.0,0.000398,
1785,285209,163,1.0073,0.1654,0.0681,0.7665,0.6113,-0.9279,0.3895,9948.9,3451.1,244.2,517.4,0.000474,0.112795
1786,285369,160,0.3617,0.4791,0.3016,0.2193,0.6377,-0.9082,-0.7634,10049.7,2736.3,705.4,883.6,0.000139,0.130749
1787,285533,164,-0.0929,0.1725,0.4543,0.3732,0.9451,-0.9112,-0.9602,11220.7,3157.7,784.1,356.9,0.000217,0.125238
1788,285702,169,0.86,0.6618,0.1568,0.1814,1.0,-0.8984,-0.8067,12418.2,3055.6,722.7,776.1,0.000238,
1789,285864,162,0.6399,0.5385,0.3848,0.0766,1.0,-0.9,-0.8949,11976.7,2993.5,757.9,396.7,0.000391,
1790,286027,163,-0.0305,0.1775,0.7168,0.1057,1.0,-0.7867,-1.0,11494.6,1347.5,868.1,599.7,0.000336,0.130739
1791,286187,160,0.4525,0.6048,0.1674,0.2278,0.4126,-0.9234,-0.665,9191.8,2998.9,666.0,497.7,0.000383,0.132353
1792,286349,162,0.3905,0.1974,0.2176,0.585,0.7932,-0.9279,-0.2597,10642.0,3690.0,503.9,555.8,0.000249,0.115228
1793,286509,160,0.2546,0.2651,0.3448,0.39,1.0,-0.9061,-0.6884,12493.0,3325.6,675.4,467.3,0.000245,0.133092
1794,286674,165,0.2098,0.0778,0.29,0.6322,0.0706,-0.9436,-0.2134,7888.8,3495.2,485.4,440.1,0.000293,
1795,286834,160,0.7846,0.5893,0.0353,0.3754,1.0,-0.9177,-0.692,11938.1,3625.1,676.8,489.0,0.000224,
1796,286999,165,0.8968,0.7331,0.1796,0.0872,0.8727,-0.9058,-0.8835,10945.0,2905.5,753.4,346.1,0.000148,0.099288
1797,287160,161,0.4632,0.0273,0.2943,0.6783,-0.005,-0.9475,0.1703,7600.8,3617.2,331.9,585.3,0.000206,
1798,287320,160,0.9351,0.779,0.0361,0.1849,0.7681,-0.9192,-0.6578,10546.4,3263.2,663.1,561.1,0.000155,
1799,287485,165,0.0108,0.2663,0.4409,0.2928,0.92,-0.9092,-1.0,11125.1,3062.9,815.2,452.1,0.000684,0.138712
1800,287645,160,0.1382,0.4111,0.4073,0.1817,0.4124,-0.9188,-0.6856,9191.2,2829.1,674.3,706.0,0.001433,0.107711
1801,287805,160,0.0851,0.303,0.2542,0.4428,0.5066,-0.9096,-0.7222,9550.0,2641.5,688.9,543.3,0.000165,0.103602
1802,287962,157,-0.0846,0.1229,0.7339,0.1431,1.0,-0.7171,-1.0,13408.7,1184.9,815.4,603.9,0.000177,
1803,288127,165,0.2783,0.1146,0.2961,0.5893,1.0,-0.9184,-0.3326,11445.0,3507.5,533.1,368.4,0.000218,0.135431
1804,288286,159,0.101,0.2817,0.6612,0.0571,0.9114,-0.848,-0.6238,11092.4,1824.1,649.5,586.0,0.000165,
1805,288441,155,0.0948,0.2109,0.6194,0.1696,0.9275,-0.8635,-0.4264,11153.9,2042.7,570.6,596.1,0.000148,0.095075
1806,288603,162,0.157,0.2566,0.5456,0.1977,1.0,-0.8854,-0.757,11644.7,2540.5,702.8,314.4,0.000134,0.096202
1807,288760,157,0.0335,0.2232,0.6448,0.132,0.829,-0.8459,-0.75,10778.7,1749.2,700.0,566.6,0.000175,
1808,288913,153,0.9564,0.786,0.1861,0.0278,0.7996,-0.9039,-0.6859,10666.6,2774.2,674.4,378.8,0.000224,0.103748
1809,289073,160,1.0579,0.7528,0.0016,0.2456,1.0,-0.9105,-0.6807,11565.5,3231.8,672.3,607.3,0.000143,0.108253
1810,289233,160,0.0879,0.298,0.5888,0.1132,0.8672,-0.8882,-1.0,10924.0,2442.3,831.9,518.3,0.000247,0.113367
1811,289392,159,0.7961,0.1217,0.0801,0.7982,-0.0574,-0.9493,0.3024,7401.3,3646.8,279.0,515.6,0.000238,
1812,289555,163,0.087,0.3279,0.4878,0.1844,0.7863,-0.8997,-1.0,10615.8,2646.2,829.4,637.4,0.00018,0.099292
1813,289715,160,0.6288,0.4991,0.2072,0.2936,1.0,-0.9126,-0.6984,12637.5,3616.4,679.4,601.7,0.000283,0.083564
1814,289876,161,0.7127,0.6561,0.3257,0.0181,0.8216,-0.9079,-0.9472,10750.5,2918.9,778.9,696.6,0.000202,
1815,290035,159,0.9323,0.8376,0.0832,0.0792,0.6555,-0.9198,-0.7891,10117.6,3151.9,715.7,387.8,0.000287,0.113921
1816,290190,155,0.1927,0.2208,0.5263,0.2529,1.0,-0.8775,-0.4445,11835.9,2415.6,577.8,415.1,0.000201,
1817,290351,161,0.0964,0.1672,0.3277,0.5052,1.0,-0.9028,-0.5561,11907.3,3062.0,622.5,342.8,0.00016,0.149067
1818,290513,162,0.1736,0.0765,0.9184,0.005,-0.2611,-0.102,-0.8399,6625.4,184.4,736.0,299.7,0.000181,0.097953
1819,290676,163,-0.0465,0.1846,0.4339,0.3815,0.9383,-0.9004,-0.7986,11194.8,2808.8,719.4,625.2,0.000175,
1820,290841,165,1.0584,0.9126,0.0389,0.0485,0.7866,-0.9101,-1.0,10617.1,2951.3,834.6,1173.8,0.00013,0.12304
1821,290999,158,0.4358,0.1294,0.2047,0.6658,0.0915,-0.9341,0.0355,7968.7,3022.4,385.8,437.2,0.000161,0.133327
1822,291155,156,1.0118,0.8534,0.078,0.0686,0.7793,-0.907,-0.7129,10589.3,2846.2,685.2,792.6,0.000222,0.148568
1823,291313,158,-0.2071,0.0579,0.7676,0.1745,0.8069,-0.7573,-1.0,10694.2,1101.5,881.0,178.6,0.00029,0.105999
1824,291468,155,0.7844,0.6534,0.1236,0.223,1.0,-0.8926,-1.0,11605.8,2702.2,860.6,325.7,0.000351,
1825,291631,163,-0.0123,0.2091,0.6162,0.1746,0.9197,-0.86,-0.7602,11124.0,1985.9,704.1,606.6,0.000211,0.130422
1826,291796,165,0.6468,0.7017,0.0936,0.2047,0.6699,-0.8924,-0.9696,10172.3,2362.5,787.8,424.6,0.000244,
1827,291961,165,0.7043,0.3045,0.0858,0.6097,0.9083,-0.9231,-0.1376,11080.7,3602.0,455.0,543.4,0.000217,0.090564
1828,292120,159,0.5512,0.5294,0.0871,0.3835,0.5281,-0.923,-0.3768,9632.0,3128.8,550.7,619.6,0.000202,
1829,292283,163,0.2506,0.0406,0.3377,0.6217,0.8159,-0.9244,-0.0265,10728.5,3546.5,410.6,697.6,0.000174,0.107841
1830,292442,159,0.6343,0.443,0.0785,0.4785,0.3623,-0.9305,-0.2086,9000.3,3236.8,483.4,254.9,0.000255,
1831,292610,168,1.0171,0.7597,0.0995,0.1409,1.0,-0.9034,-0.8057,11472.7,2970.1,722.3,635.5,0.000216,
1832,292768,158,0.3953,0.4312,0.55,0.0188,1.0,-0.8709,-0.7934,12246.4,2371.0,717.4,846.7,0.000211,
1833,292924,156,0.2481,0.3433,0.251,0.4056,0.6104,-0.9206,-0.5776,9945.8,3129.9,631.0,347.2,0.00021,
1834,293086,162,0.921,0.6959,0.1059,0.1982,0.961,-0.9074,-0.6583,11281.4,3046.4,663.3,421.5,0.000376,
1835,293245,159,-0.1353,0.0456,0.7705,0.1839,0.8137,-0.7613,-0.7682,10720.2,1122.9,707.3,320.1,0.000345,0.105866
1836,293403,158,0.6957,0.5673,0.2918,0.1409,1.0,-0.9043,-0.735,11655.4,3044.1,694.0,488.2,0.00026,0.103406
1837,293569,166,0.2202,0.3471,0.5739,0.0791,1.0,-0.874,-1.0,12400.0,2459.7,917.9,684.9,0.000224,0.094044
1838,293724,155,0.3876,0.2396,0.1825,0.5779,0.4868,-0.9116,-0.1227,9474.7,2679.5,449.1,786.9,0.002076,
1839,293886,162,1.1265,0.7451,0.0657,0.1892,1.0,-0.9008,-0.5205,12128.8,3055.4,608.2,342.4,0.00021,
1840,294049,163,-0.047,0.2252,0.6009,0.1739,0.8261,-0.8892,-0.9585,10767.6,2429.5,783.4,416.0,0.00071,0.110772
1841,294210,161,0.4639,0.5011,0.3296,0.1692,0.966,-0.8956,-1.0,11300.3,2705.2,823.4,668.0,0.000199,
1842,294366,156,0.3732,0.4364,0.4281,0.1356,1.0,-0.8887,-1.0,11530.0,2590.8,846.8,491.4,0.000144,
1843,294527,161,0.188,0.3974,0.2701,0.3325,0.6017,-0.9106,-0.8068,9912.3,2772.3,722.7,582.4,0.000188,0.106287
1844,294691,164,0.3213,0.3138,0.2314,0.4548,1.0,-0.9098,-0.7572,11551.6,3201.5,702.9,489.5,0.000305,0.133913
1845,294847,156,0.0246,0.1035,0.7717,0.1248,1.0,-0.6257,-0.7539,13046.1,871.3,701.6,629.4,0.000251,0.126241
1846,295012,165,0.9793,0.7866,0.1578,0.0556,0.8825,-0.9257,-0.7032,10982.3,3694.8,681.3,547.2,0.000423,
1847,295173,161,-0.1263,0.1583,0.6331,0.2086,0.9071,-0.8583,-0.8638,11075.9,1954.1,745.5,481.0,0.000267,0.114226
1848,295337,164,0.3977,0.4608,0.3279,0.2113,0.9292,-0.9026,-1.0,11160.3,2863.3,803.5,638.6,0.000471,0.127239
1849,295506,169,-0.2176,0.0119,0.6948,0.2933,1.0,-0.7982,-0.7552,12397.6,1535.6,702.1,435.2,0.000296,
1850,295669,163,0.234,0.289,0.4634,0.2476,1.0,-0.9052,-0.6768,11587.3,3055.6,670.7,369.6,0.000252,0.116294
1851,295824,155,0.4465,0.1425,0.2142,0.6432,0.2008,-0.935,0.0902,8385.2,3226.4,363.9,609.8,0.000347,
1852,295986,162,0.9807,0.8178,0.0692,0.113,0.8155,-0.8993,-0.9784,10727.2,2662.6,791.4,606.0,0.000134,
1853,296145,159,0.2978,0.354,0.4869,0.159,0.9307,-0.9036,-0.621,11165.8,2894.4,648.4,402.9,0.000297,0.12963
1854,296307,162,0.6853,0.601,0.1227,0.2764,1.0,-0.8924,-0.9685,11723.1,2723.2,787.4,737.7,0.000147,0.13427
1855,296461,154,-0.2052,0.0242,0.4883,0.4875,0.4865,-0.918,-0.4674,9473.5,2887.6,587.0,743.4,0.000298,0.110089
1856,296619,158,-0.0503,0.1024,0.5607,0.3369,0.6392,-0.911,-0.4173,10055.5,2824.0,566.9,529.5,0.000188,0.100416
1857,296777,158,0.5071,0.6286,0.1686,0.2028,0.6722,-0.9251,-0.9467,10180.9,3396.8,778.7,526.5,0.000198,0.091731
1858,296939,162,0.3229,0.4019,0.491,0.1071,0.8443,-0.9059,-0.648,10836.9,2878.3,659.2,588.6,0.000144,0.085073
1859,297100,161,0.2552,0.0228,0.9174,0.0597,0.1567,-0.1236,-0.3293,8217.1,234.4,531.7,693.8,0.000195,
1860,297258,158,0.6684,0.4956,0.1061,0.3983,1.0,-0.9052,-0.5354,11739.9,3094.5,614.2,585.7,0.000209,
1861,297411,153,-0.033,0.0032,0.4634,0.5334,0.5875,-0.9206,-0.237,9858.2,3102.3,494.8,559.7,0.000207,0.128501
1862,297564,153,0.9698,0.2132,0.0097,0.7771,0.1249,-0.9305,0.4734,8095.7,2911.9,210.6,552.8,0.000675,
1863,297721,157,0.5918,0.5803,0.2235,0.1962,0.6713,-0.924,-0.5838,10177.8,3347.2,633.5,266.1,0.000168,0.112097
1864,297878,157,0.8514,0.746,0.2418,0.0122,0.7693,-0.9144,-0.6782,10550.9,3080.2,671.3,415.0,0.000277,
1865,298035,157,0.7906,0.6853,0.1475,0.1672,0.9046,-0.9044,-0.8196,11066.4,2892.6,727.9,704.9,0.000206,0.111897
1866,298193,158,0.3224,0.396,0.5408,0.0632,1.0,-0.8827,-0.6275,11562.4,2464.2,651.0,631.1,0.000382,0.118012
1867,298358,165,1.1846,0.8431,0.1161,0.0408,1.0,-0.9038,-0.5546,11630.3,3023.6,621.9,909.7,0.000121,
1868,298522,164,-0.1756,0.1586,0.4044,0.437,0.6577,-0.9176,-0.9132,10125.8,3072.9,765.3,601.1,0.000218,
1869,298685,163,0.6182,0.3143,0.0691,0.6166,0.5523,-0.9288,-0.1772,9724.2,3415.7,470.9,302.5,0.000291,0.083475
1870,298842,157,0.6238,0.5181,0.1879,0.294,1.0,-0.8783,-0.722,12142.3,2493.6,688.8,433.8,0.000168,
1871,299000,158,0.2132,0.2804,0.4264,0.2931,1.0,-0.8807,-0.6074,12265.0,2571.1,642.9,882.9,0.000344,
1872,299153,153,0.3938,0.4379,0.1587,0.4035,0.5865,-0.9049,-0.5527,9854.5,2591.7,621.1,340.2,0.000142,0.119571
1873,299316,163,0.0476,0.1209,0.7759,0.1032,1.0,-0.6777,-0.535,11752.5,911.6,614.0,700.5,0.000341,
1874,299475,159,0.9608,0.7902,0.088,0.1218,0.8801,-0.911,-0.8121,10973.2,3082.6,724.8,517.8,0.000414,0.101616
1875,299633,158,0.867,0.7516,0.1436,0.1047,0.7038,-0.9198,-0.4001,10301.6,3209.5,560.0,379.3,0.000156,0.129436
1876,299792,159,0.1079,0.2818,0.5252,0.193,1.0,-0.8737,-0.994,12347.6,2443.8,797.6,353.5,0.000313,
1877,299954,162,0.2485,0.0245,0.963,0.0126,0.2338,-0.0572,-0.351,8510.6,225.7,540.4,586.1,0.000161,
1878,300110,156,0.4743,0.469,0.2025,0.3285,0.6698,-0.9107,-0.4997,10172.0,2847.4,599.9,493.7,0.000168,
1879,300269,159,0.8244,0.5987,0.0493,0.3519,1.0,-0.9011,-0.5791,11783.8,2977.3,631.6,562.4,0.000243,0.078364
1880,300432,163,0.0776,0.133,0.792,0.075,1.0,-0.6559,-0.67,11970.5,869.6,668.0,558.7,0.000122,
1881,300589,157,0.3433,0.3622,0.2626,0.3752,0.7033,-0.9215,-0.4285,10299.4,3281.6,571.4,521.5,0.000204,0.065267
1882,300745,156,0.4997,0.533,0.027,0.4401,0.4416,-0.9265,-0.4728,9302.5,3162.8,589.1,638.2,0.000136,0.097647
1883,300905,160,0.736,0.0312,0.2074,0.7614,0.354,-0.9347,0.4536,8968.8,3436.2,218.6,621.2,0.000212,0.124242
1884,301068,163,0.8507,0.7454,0.2517,0.0028,0.8666,-0.8975,-0.8115,10921.7,2663.5,724.6,683.7,0.000178,
1885,301232,164,0.5173,0.654,0.0024,0.3436,0.4111,-0.9225,-0.7387,9186.4,2962.0,695.5,475.3,0.000263,
1886,301390,158,0.61,0.2888,0.0713,0.6399,0.6626,-0.9245,-0.1225,10144.4,3359.2,449.0,375.4,0.00014,
1887,301544,154,0.5013,0.2598,0.262,0.4781,0.9837,-0.904,-0.2817,11367.9,2961.3,512.7,385.5,0.000191,
1888,301706,162,0.0509,0.1474,0.7109,0.1417,1.0,-0.8001,-0.572,12106.0,1513.7,628.8,572.2,0.000261,
1889,301871,165,1.1539,0.8434,0.0895,0.0671,0.9905,-0.9224,-0.8726,11393.7,3672.6,749.0,1111.3,0.00016,0.096325
1890,302033,162,0.5498,0.3681,0.0579,0.5741,0.8515,-0.9137,-0.4347,10864.2,3148.5,573.9,534.6,0.000212,0.128327
1891,302191,158,0.1909,0.2477,0.4605,0.2918,1.0,-0.8822,-0.7483,12615.8,2676.3,699.3,294.1,0.000246,0.110834
1892,302347,156,0.8925,0.8735,0.0228,0.1037,0.585,-0.9034,-0.7977,9848.8,2547.6,719.1,396.3,0.00032,0.115708
1893,302512,165,1.0858,0.8578,0.1186,0.0237,0.8298,-0.9241,-0.6944,10781.4,3549.9,677.8,537.0,0.000235,
1894,302673,161,0.5445,0.4982,0.3931,0.1087,1.0,-0.8999,-0.6045,11870.6,2964.1,641.8,668.7,0.000282,0.100317
1895,302833,160,-0.2594,0.1193,0.6056,0.2751,0.7312,-0.882,-0.9361,10405.7,2205.3,774.4,825.2,0.000497,0.089844
1896,302990,157,0.2255,0.3787,0.3389,0.2824,0.8079,-0.882,-0.8682,10698.1,2266.6,747.3,692.5,0.000222,
1897,303149,159,1.1332,0.001,0.0463,0.9527,-0.0861,-0.9437,0.4307,7292.1,3240.8,227.7,409.5,0.00014,0.103371
1898,303318,169,0.2966,0.3156,0.3753,0.3092,1.0,-0.9014,-0.7111,11634.8,2950.3,684.4,410.6,0.000253,
1899,303476,158,0.1353,0.2343,0.4628,0.303,1.0,-0.8919,-0.6046,12715.9,2940.1,641.9,444.2,0.000162,
1900,303632,156,0.2971,0.045,0.9488,0.0062,0.0152,-0.0817,-0.6506,7678.1,209.0,660.2,274.1,0.000146,
1901,303793,161,0.3063,0.0513,0.3103,0.6384,0.6386,-0.9284,-0.1398,10053.0,3508.9,455.9,350.0,0.000171,0.080552
1902,303956,163,0.3037,0.1637,0.301,0.5353,0.6029,-0.9017,-0.3112,9917.2,2522.4,524.5,367.4,0.000205,
1903,304112,156,0.834,0.7218,0.2655,0.0127,0.7403,-0.9041,-0.621,10440.7,2722.5,648.4,514.7,0.000287,
1904,304265,153,0.3123,0.6857,0.0775,0.2368,0.2154,-0.9076,-0.8737,8440.6,2283.7,749.5,768.0,0.000143,0.075932
1905,304425,160,1.0083,0.8684,0.0556,0.076,0.7499,-0.9118,-0.9878,10477.1,2971.2,795.1,554.5,0.000214,0.068685
1906,304588,163,0.2175,0.4065,0.3137,0.2798,0.5625,-0.8825,-0.8727,9763.1,2077.1,749.1,767.2,0.000215,
1907,304750,162,1.2829,0.859,0.0349,0.1062,1.0,-0.886,-0.4635,13169.1,2887.1,585.4,490.8,0.000212,
1908,304910,160,0.0396,0.154,0.4157,0.4303,1.0,-0.8903,-0.5886,11540.9,2630.3,635.5,603.8,0.00021,
1909,305065,155,0.2513,0.3638,0.2587,0.3775,0.9136,-0.8911,-0.8356,11100.7,2547.9,734.2,651.5,0.000156,0.08172
1910,305224,159,0.9745,0.005,0.1375,0.8576,0.7361,-0.9161,0.454,10424.6,3104.7,218.4,526.5,0.000285,
1911,305387,163,-0.0903,0.1118,0.4648,0.4234,0.729,-0.9182,-0.5488,10397.6,3177.6,619.5,378.8,0.000284,0.093936
1912,305546,159,0.7397,0.5519,0.2489,0.1992,1.0,-0.9031,-0.6491,11707.4,3020.1,659.6,206.9,0.00021,
1913,305706,160,0.4806,0.0903,0.2335,0.6761,0.6472,-0.9281,0.1381,10085.9,3508.5,344.8,721.2,0.000157,
1914,305866,160,0.0986,0.3335,0.6644,0.0021,0.5112,-0.8684,-0.7065,9567.8,1817.7,682.6,513.9,0.000173,
1915,306026,160,0.3944,0.4485,0.3003,0.2512,0.7976,-0.8994,-0.7844,10658.8,2650.1,713.8,443.1,0.000715,
1916,306180,154,0.7625,0.6527,0.2106,0.1367,0.9174,-0.8936,-0.8377,11115.3,2610.8,735.1,347.8,0.000129,
1917,306346,166,0.7933,0.4621,0.0153,0.5226,1.0,-0.9098,-0.3548,11599.9,3216.2,541.9,655.8,0.000165,
1918,306505,159,0.4495,0.4601,0.334,0.2059,0.9714,-0.8868,-0.7699,11321.0,2500.3,707.9,598.8,0.000136,0.083677
1919,306660,155,0.6048,0.523,0.2058,0.2713,0.9241,-0.9019,-0.5935,11140.7,2838.0,637.4,596.1,0.000282,
1920,306817,157,-0.1617,0.0249,0.5063,0.4688,0.774,-0.9004,-0.4031,10568.9,2652.8,561.2,575.7,0.000354,0.096624
1921,306970,153,0.7283,0.3731,0.0992,0.5276,0.9602,-0.8897,-0.2099,11278.3,2555.3,484.0,536.3,0.000158,
1922,307130,160,0.3813,0.3802,0.4616,0.1582,1.0,-0.8871,-0.733,12330.6,2730.4,693.2,543.5,0.000249,
1923,307288,158,1.1674,0.802,0.0402,0.1578,1.0,-0.9085,-0.5135,11779.9,3219.0,605.4,594.9,0.000258,
1924,307441,153,0.8906,0.1023,0.0876,0.8101,-0.1179,-0.943,0.3221,7170.8,3147.4,271.2,245.3,0.000604,0.08499
1925,307600,159,0.6995,0.3105,0.1131,0.5764,1.0,-0.9019,-0.2248,12714.2,3240.4,489.9,413.0,0.000247,
1926,307762,162,-0.066,0.421,0.4822,0.0968,0.0393,-0.9223,-0.8908,7769.8,2500.9,756.3,527.3,0.000153,
1927,307921,159,0.4475,0.4019,0.2732,0.3248,1.0,-0.8882,-0.7114,11827.5,2644.2,684.6,678.1,0.000146,0.12663
1928,308079,158,0.3989,0.3939,0.4437,0.1624,0.885,-0.8978,-0.6936,10991.7,2689.9,677.4,353.6,0.000254,0.151066
1929,308239,160,0.5833,0.5309,0.3616,0.1074,0.8938,-0.9023,-0.7119,11025.5,2821.4,684.8,746.2,0.000388,0.084891
1930,308397,158,0.5966,0.4263,0.0365,0.5373,0.8755,-0.9038,-0.388,10955.7,2848.0,555.2,841.7,0.000454,0.076102
1931,308555,158,0.8346,0.2173,0.1029,0.6798,0.49,-0.9341,0.216,9486.9,3598.3,313.6,322.6,0.000403,0.060199
1932,308717,162,1.0649,0.7501,0.1349,0.115,1.0,-0.8932,-0.6356,11732.7,2746.8,654.2,680.1,0.000208,0.11164
1933,308878,161,1.174,0.8356,0.1259,0.0386,1.0,-0.8992,-0.604,11806.6,2927.9,641.6,697.7,0.000141,
1934,309037,159,-0.0139,0.0468,0.7864,0.1667,0.7283,-0.6884,-0.3654,10395.0,834.0,546.2,501.7,0.000151,0.083764
1935,309191,154,-0.0917,0.0544,0.7456,0.2,0.3971,-0.7993,-0.3202,9132.8,1137.5,528.1,343.9,0.00016,0.102098
1936,309356,165,0.2542,0.5153,0.4295,0.0552,0.5,-0.9067,-1.0,9525.1,2551.5,879.8,390.5,0.000368,
1937,309519,163,-0.0435,0.1461,0.6587,0.1952,0.7125,-0.8431,-0.6227,10334.6,1646.3,649.1,555.5,0.000182,0.104265
1938,309674,155,1.448,0.9545,0.0215,0.024,1.0,-0.8942,-0.7571,12263.9,2897.7,702.8,539.9,0.00073,
1939,309836,162,0.0834,0.3437,0.6462,0.0101,0.5266,-0.8661,-0.7399,9626.4,1797.5,696.0,868.2,0.000171,
1940,309992,156,-0.0418,0.1551,0.6661,0.1788,1.0,-0.8173,-0.8188,12174.4,1665.8,727.5,591.8,0.000421,
1941,310143,151,0.8694,0.3319,0.0221,0.6461,0.7817,-0.9024,0.1756,10598.2,2714.7,329.8,858.0,0.000206,0.073023
1942,310195,52,-0.027,0.3387,0.1412,0.5201,-1.0,-1.0,0.6334,0.0,923.2,146.6,349.4,0.000151,0.066394
1943,310353,158,-0.1349,0.1975,0.4422,0.3603,0.4533,-0.923,-0.855,9347.2,3034.3,742.0,465.6,0.000137,0.103508
1944,310507,154,0.5056,0.5356,0.4384,0.026,0.8497,-0.8909,-0.6992,10857.2,2488.0,679.7,665.4,0.000269,0.124445
1945,310662,155,0.4779,0.6035,0.2105,0.186,0.4876,-0.9043,-0.4935,9477.6,2475.9,597.4,411.5,0.000119,
1946,310813,151,-0.0659,0.125,0.5152,0.3598,0.5153,-0.8952,-0.3839,9583.2,2285.3,553.5,356.3,0.000118,0.072204
1947,310970,157,0.6607,0.5763,0.0824,0.3413,0.7054,-0.9157,-0.5199,10307.6,3058.2,608.0,781.9,0.000104,
1948,311130,160,0.1322,0.2129,0.6781,0.109,1.0,-0.7953,-0.6816,11505.6,1405.4,672.6,414.9,0.000257,
1949,311294,164,0.7212,0.3089,0.0591,0.632,0.8311,-0.9198,-0.0957,10786.6,3362.3,438.3,755.4,0.000306,
1950,311457,163,0.3969,0.3869,0.1802,0.433,0.7201,-0.914,-0.5647,10363.5,3013.3,625.9,344.8,0.000133,0.091842
1951,311618,161,0.6764,0.466,0.0276,0.5064,0.7311,-0.9222,-0.3094,10405.5,3345.2,523.8,674.7,0.000264,
1952,311783,165,0.3902,0.4255,0.5472,0.0273,1.0,-0.886,-0.6278,11921.6,2614.0,651.1,741.0,0.000204,0.161005
1953,311942,159,0.6069,0.553,0.1931,0.2539,0.7682,-0.9059,-0.5382,10546.7,2803.4,615.3,534.3,0.000227,
1954,312096,154,-0.0286,0.1751,0.3835,0.4414,0.767,-0.9014,-0.7009,10542.1,2674.0,680.4,732.0,0.000117,
1955,312250,154,-0.1486,0.1343,0.6279,0.2379,0.1197,-0.889,-0.3631,8075.9,1819.7,545.2,785.4,0.00021,
1956,312410,160,0.879,0.0448,0.0662,0.889,1.0,-0.8984,0.3174,11439.9,2814.7,273.1,566.9,0.000148,
1957,312572,162,0.2994,0.4906,0.1088,0.4006,0.3647,-0.9136,-0.6341,9009.3,2606.2,653.6,428.8,0.000122,
1958,312735,163,0.9346,0.0573,0.0883,0.8544,0.4963,-0.9311,0.3151,9510.8,3449.2,273.9,361.4,0.000172,0.074759
1959,312893,158,0.7656,0.004,0.236,0.76,0.1891,-0.9247,0.4173,8340.6,2770.8,233.1,430.7,0.000308,0.091815
1960,313059,166,0.1322,0.2592,0.3837,0.3571,1.0,-0.8964,-0.7469,11649.1,2810.3,698.8,886.8,0.000159,0.11717
1961,313215,156,1.2249,0.8028,0.0154,0.1817,1.0,-0.8979,-0.5222,11452.8,2803.4,608.9,478.6,0.00024,0.116095
1962,313377,162,1.0498,0.0554,0.0138,0.9308,0.8449,-0.9107,0.4221,10839.0,3034.9,231.1,737.4,0.000158,0.07903
1963,313534,157,0.228,0.0271,0.3516,0.6214,0.1717,-0.9278,-0.0936,8274.1,2866.6,437.4,720.0,0.000168,
1964,313697,163,0.6538,0.6539,0.2057,0.1404,0.6959,-0.8996,-0.6884,10271.5,2557.8,675.3,619.9,0.000425,0.145096
1965,313859,162,-0.1737,0.0313,0.6658,0.3029,0.3561,-0.8761,-0.4541,8976.7,1812.0,581.7,469.3,0.000181,0.060169
1966,314016,157,0.1607,0.0966,0.4243,0.4791,0.9592,-0.8878,-0.1968,11274.6,2511.6,478.7,641.1,0.000262,
1967,314179,163,0.73,0.6026,0.3726,0.0249,1.0,-0.8906,-0.9272,11464.9,2619.8,770.9,725.0,0.000387,0.087488
1968,314341,162,0.4454,0.2559,0.2247,0.5194,1.0,-0.913,-0.3144,12331.2,3542.5,525.8,549.2,0.000171,0.097555
1969,314506,165,0.2389,0.3196,0.367,0.3134,0.8616,-0.8942,-0.6283,10902.8,2576.9,651.3,766.1,0.000169,
1970,314673,167,0.2795,0.3114,0.2855,0.4031,1.0,-0.9035,-0.6902,12032.1,3116.5,676.1,768.5,0.000226,0.114652
1971,314828,155,0.2408,0.3812,0.3672,0.2516,0.4506,-0.9185,-0.2256,9336.9,2863.2,490.2,622.3,0.000144,
1972,314988,160,0.7422,0.5512,0.3315,0.1173,1.0,-0.8876,-0.4664,12610.2,2804.2,586.6,380.7,0.000282,
1973,315145,157,0.2798,0.1818,0.1881,0.63,0.0124,-0.9433,-0.0988,7667.2,3379.2,439.5,639.0,0.000147,0.075432
1974,315303,158,0.3518,0.0699,0.273,0.6572,0.1491,-0.9326,0.041,8188.1,3037.5,383.6,770.4,0.000134,0.115633
1975,315463,160,0.0864,0.445,0.2568,0.2982,0.1615,-0.9235,-0.6883,8235.5,2689.7,675.3,315.1,0.000169,0.103104
1976,315622,159,-0.3089,0.0257,0.5841,0.3902,0.6724,-0.8959,-0.7801,10181.8,2444.1,712.1,456.9,0.000157,
1977,315787,165,1.0673,0.9826,0.0142,0.0032,0.6236,-0.9272,-1.0,9995.9,3432.0,808.5,604.9,0.000343,0.096698
1978,315948,161,0.8392,0.0341,0.1406,0.8253,0.2946,-0.9362,0.4365,8742.5,3425.3,225.4,546.9,0.000144,
1979,316105,157,0.86,0.633,0.1915,0.1755,0.9979,-0.8864,-0.615,11421.9,2513.1,646.0,495.1,0.000126,0.094824
1980,316265,160,0.0145,0.0151,0.509,0.4758,1.0,-0.8679,-0.1386,11457.3,2168.1,455.4,690.9,0.00012,0.088755
1981,316423,158,0.493,0.346,0.3057,0.3483,0.8687,-0.8862,-0.3732,10929.6,2401.1,549.3,578.5,0.000306,0.105364
1982,316582,159,0.7949,0.1213,0.1223,0.7564,-0.0822,-0.9417,0.2826,7306.9,3130.9,287.0,358.3,0.000358,
1983,316738,156,0.0894,0.0644,0.4359,0.4997,0.9982,-0.8993,-0.1468,11423.2,2836.3,458.7,665.1,0.000296,
1984,316894,156,0.5662,0.4597,0.2311,0.3093,0.916,-0.9055,-0.4561,11109.9,2939.0,582.5,500.8,0.000157,
1985,317052,158,1.0651,0.8801,0.0909,0.0291,0.7481,-0.9105,-0.4325,10470.2,2923.5,573.0,764.3,0.00016,
1986,317214,162,0.7894,0.1317,0.159,0.7093,0.5825,-0.9182,0.324,9839.3,3008.3,270.4,647.4,0.000281,
1987,317371,157,0.5887,0.5973,0.1169,0.2858,0.6748,-0.9073,-0.6957,10191.0,2747.8,678.3,575.6,0.000181,0.114919
1988,317526,155,0.9404,0.0102,0.0509,0.9389,0.4199,-0.9198,0.3584,9220.0,2873.7,256.6,369.1,0.000136,
1989,317691,165,0.162,0.2201,0.6569,0.123,1.0,-0.8369,-0.4591,12098.5,1854.4,583.7,735.4,0.000109,0.068007
1990,317849,158,0.3331,0.6327,0.1572,0.2102,0.3586,-0.905,-0.9035,8986.1,2365.9,761.4,502.8,0.000143,0.0704
1991,318002,153,0.4469,0.6812,0.1856,0.1332,0.4305,-0.9095,-0.7511,9260.3,2557.6,700.4,618.4,0.00025,
1992,318168,166,0.5783,0.1517,0.1749,0.6735,0.8774,-0.9109,0.1005,10962.9,3076.6,359.8,649.9,0.0001,
1993,318325,157,0.0627,0.0728,0.833,0.0942,0.8008,-0.557,-0.7043,10671.0,602.2,681.7,480.0,0.000157,0.107675
1994,318484,159,0.4396,0.4282,0.4698,0.1019,1.0,-0.8801,-0.6776,11655.6,2430.2,671.0,752.0,0.00017,
1995,318652,168,0.1554,0.1629,0.8147,0.0224,0.8596,-0.5756,-0.7944,10895.2,641.7,717.8,723.6,0.000238,
1996,318807,155,0.3935,0.3829,0.3147,0.3024,0.6058,-0.8974,-0.338,9928.2,2418.6,535.2,841.9,0.00018,0.05447
1997,318963,156,0.201,0.0909,0.3454,0.5637,1.0,-0.8938,-0.3049,12226.8,2878.8,521.9,366.7,0.000209,0.117501
1998,319119,156,0.5996,0.4481,0.2504,0.3015,1.0,-0.8885,-0.3659,11594.4,2599.9,546.4,639.9,0.000158,0.081443
1999,319274,155,-0.0066,0.0244,0.8306,0.145,0.6944,-0.5815,-0.5909,10265.7,613.2,636.4,625.6,0.00016,
2000,319433,159,0.4403,0.5056,0.4167,0.0776,0.6651,-0.9048,-0.4619,10154.1,2666.0,584.8,570.0,0.000138,0.115268
2001,319595,162,-0.307,0.013,0.5479,0.4392,0.8682,-0.8952,-0.7186,10927.9,2607.4,687.5,827.6,0.000168,0.145503
2002,319755,160,0.7164,0.5478,0.286,0.1662,1.0,-0.8982,-0.6613,11590.8,2845.2,664.5,298.4,0.000234,0.089256
2003,319915,160,1.0979,0.0574,0.0738,0.8688,0.7098,-0.9211,0.4417,10324.2,3270.3,223.3,587.7,0.00029,0.09207
2004,320077,162,1.1513,0.8018,0.0489,0.1493,1.0,-0.9099,-0.7167,12165.1,3374.5,686.7,377.0,0.000265,0.084073
2005,320234,157,0.3519,0.1815,0.2417,0.5768,1.0,-0.9047,-0.2315,11484.5,3013.2,492.6,385.4,0.000291,
2006,320394,160,0.5706,0.5127,0.2517,0.2356,0.8633,-0.8967,-0.6516,10909.1,2640.8,660.6,545.5,0.000237,
2007,320549,155,0.989,0.2893,0.0004,0.7104,0.8056,-0.9136,0.2423,10689.3,3092.6,303.1,751.7,0.000236,0.110753
2008,320705,156,0.6748,0.582,0.4118,0.0062,1.0,-0.884,-0.5469,12318.4,2655.9,618.7,648.4,0.000155,0.089292
2009,320858,153,-0.0389,0.1178,0.4979,0.3843,1.0,-0.8762,-0.6142,11879.4,2399.2,645.7,273.1,0.000163,
2010,321021,163,0.4146,0.7366,0.2201,0.0433,0.2719,-0.9258,-0.7773,8655.8,2916.1,710.9,793.6,0.000244,0.115586
2011,321184,163,0.9749,0.0677,0.0578,0.8745,0.558,-0.935,0.4487,9746.1,3746.9,220.5,930.0,0.000206,
2012,321339,155,0.2803,0.3312,0.6669,0.0018,1.0,-0.7924,-0.3751,12228.5,1472.8,550.0,752.0,0.000176,0.091397
2013,321499,160,0.7854,0.6525,0.2082,0.1393,0.8351,-0.914,-0.6347,10801.8,3141.8,653.9,573.1,0.00019,0.08323
2014,321659,160,0.9271,0.5926,0.0454,0.362,0.8348,-0.909,-0.4389,10800.6,2967.4,575.5,120.7,0.000116,0.115439
2015,321819,160,0.577,0.1981,0.1222,0.6797,0.3029,-0.9311,0.1165,8774.1,3181.4,353.4,659.8,0.00021,0.029469
2016,321981,162,0.1763,0.3265,0.4701,0.2034,1.0,-0.8589,-0.9494,12678.8,2245.7,779.8,742.9,0.000145,0.063715
2017,322144,163,0.4434,0.0125,0.3023,0.6852,0.5738,-0.9173,0.0433,9806.2,2964.4,382.7,315.6,0.000444,
2018,322304,160,0.5263,0.5852,0.0999,0.3148,0.526,-0.9215,-0.6656,9624.2,3066.8,666.3,543.1,0.000143,
2019,322465,161,0.5982,0.6272,0.3038,0.069,0.8378,-0.887,-1.0,10812.0,2391.9,874.3,729.3,0.000166,0.088621
2020,322624,159,1.0444,0.6704,0.0596,0.27,1.0,-0.9062,-0.3587,11685.3,3115.5,543.5,528.3,0.000176,
2021,322783,159,0.584,0.2921,0.0374,0.6705,0.2139,-0.937,0.0126,8434.8,3347.8,395.0,795.1,0.000632,0.118212
2022,322941,158,0.9962,0.815,0.1183,0.0667,0.7847,-0.9095,-0.5726,10609.7,2931.4,629.0,675.6,0.000165,0.088297
2023,323104,163,1.03,0.0197,0.024,0.9563,0.9044,-0.9117,0.374,11065.6,3131.6,250.4,674.6,0.000125,
2024,323267,163,0.9532,0.6755,0.0715,0.2531,1.0,-0.8994,-0.7306,11716.3,2912.6,692.3,511.1,0.00011,0.085302
2025,323429,162,0.069,0.0729,0.8147,0.1124,1.0,-0.5606,-0.7969,12049.7,685.6,718.8,476.0,0.000108,0.081786
2026,323588,159,-0.0333,0.14,0.4183,0.4417,1.0,-0.9009,-0.6786,11723.5,2956.3,671.4,634.0,0.00023,
2027,323746,158,-0.0109,0.2499,0.7175,0.0326,0.5904,-0.8288,-0.7639,9869.6,1441.0,705.6,530.5,0.000128,
2028,323907,161,0.3771,0.3505,0.2091,0.4404,0.8034,-0.9123,-0.528,10681.1,3045.2,611.2,610.0,0.000289,0.083604
2029,324067,160,0.2963,0.3466,0.3214,0.332,0.8782,-0.9003,-0.7047,10966.0,2750.3,681.9,462.9,9.7e-05,0.10473
2030,324232,165,0.7257,0.6371,0.2595,0.1034,0.9334,-0.8978,-1.0,11176.1,2734.9,815.6,602.0,0.000168,
2031,324390,158,0.0912,0.2656,0.5074,0.2269,0.8936,-0.891,-0.7641,11024.4,2527.6,705.6,892.4,0.000109,
2032,324554,164,0.9602,0.7204,0.0749,0.2047,1.0,-0.8889,-0.8886,12221.7,2749.4,755.4,449.6,0.000161,
2033,324710,156,-0.1342,0.0837,0.5759,0.3404,0.6614,-0.8844,-0.5105,10139.8,2193.6,604.2,493.3,0.000235,
2034,324872,162,0.3527,0.2286,0.2493,0.5221,0.9202,-0.9079,-0.2853,11125.9,3019.6,514.1,642.2,0.000293,
2035,325031,159,0.2989,0.2535,0.3558,0.3906,1.0,-0.8929,-0.5491,12121.4,2830.0,619.6,275.1,0.000149,0.064916
2036,325191,160,0.7458,0.6029,0.3747,0.0224,1.0,-0.887,-0.8104,11984.1,2652.3,724.2,577.6,0.000282,0.092259
2037,325351,160,0.2407,0.376,0.6095,0.0146,0.822,-0.8544,-0.9285,10752.0,1846.5,771.4,506.6,0.000102,0.094765
2038,325511,160,-0.1371,0.0843,0.6175,0.2982,1.0,-0.8554,-0.6595,11904.0,2058.7,663.8,561.0,0.000147,0.078036
2039,325670,159,0.0138,0.0615,0.748,0.1904,1.0,-0.7268,-0.4287,12095.8,1107.0,571.5,520.4,9.3e-05,
2040,325828,158,0.2334,0.332,0.4189,0.2491,1.0,-0.8605,-0.8315,12080.2,2164.7,732.6,421.5,0.000135,
2041,325988,160,0.4769,0.1874,0.1702,0.6424,0.5959,-0.9169,-0.1638,9890.4,2975.4,465.5,372.7,0.000124,
2042,326143,155,0.2202,0.3236,0.6205,0.0559,0.8792,-0.8311,-0.6559,10969.8,1623.7,662.4,606.5,0.000243,0.093922
2043,326303,160,0.5057,0.5363,0.1579,0.3057,0.7944,-0.8986,-0.9046,10646.8,2625.9,761.9,543.9,0.000223,0.124599
2044,326462,159,0.9909,0.9281,0.0072,0.0647,0.585,-0.9195,-0.8256,9849.0,3059.9,730.2,293.1,0.000223,
2045,326625,163,1.3048,0.8922,0.0301,0.0777,1.0,-0.917,-0.6451,11680.2,3517.8,658.0,541.1,0.000182,0.13892
2046,326780,155,-0.1264,0.0694,0.6204,0.3102,0.6009,-0.8615,-0.5009,9909.4,1789.3,600.4,363.9,0.000178,
2047,326939,159,1.0164,0.1601,0.0099,0.83,0.6592,-0.9114,0.385,10131.5,2858.7,246.0,536.5,0.000152,0.11742
2048,327099,160,0.994,0.7617,0.1498,0.0885,0.9049,-0.9042,-0.3145,11067.7,2889.5,525.8,733.3,0.000205,0.059838
2049,327261,162,0.9605,0.6904,0.1464,0.1631,1.0,-0.8873,-0.7559,11745.8,2604.5,702.3,325.8,0.000252,0.073609
2050,327424,163,-0.1057,0.017,0.5342,0.4488,1.0,-0.901,-0.3982,11590.0,2926.5,559.3,570.9,0.000252,
2051,327585,161,0.32,0.4902,0.1471,0.3627,0.7928,-0.9017,-1.0,10640.4,2706.3,804.8,571.7,0.000133,0.070297
2052,327742,157,0.1356,0.3149,0.4994,0.1857,0.7025,-0.8797,-0.6545,10296.3,2139.7,661.8,724.9,0.000168,
2053,327904,162,0.8337,0.0109,0.1403,0.8489,-0.0131,-0.9379,0.4066,7570.3,3048.8,237.4,568.0,0.000413,
2054,328071,167,-0.1271,0.0887,0.4254,0.486,0.8678,-0.8999,-0.6491,10926.3,2728.5,659.6,764.2,0.000341,0.068629
2055,328235,164,-0.1778,0.0584,0.7261,0.2155,0.8327,-0.7889,-0.7967,10792.5,1278.3,718.7,703.3,0.000108,0.077548
2056,328391,156,0.1022,0.256,0.6776,0.0664,0.8133,-0.8286,-0.7303,10718.8,1563.5,692.1,261.7,0.000274,0.078363
2057,328554,163,0.856,0.5897,0.0138,0.3964,1.0,-0.8851,-0.5187,11900.9,2590.4,607.5,532.9,0.000305,
2058,328713,159,0.6261,0.5741,0.2476,0.1783,0.8988,-0.882,-0.8171,11044.3,2339.2,726.8,540.1,0.000118,0.045203
2059,328873,160,0.6175,0.0522,0.2576,0.6902,0.6222,-0.9121,0.2472,9990.7,2841.8,301.1,419.7,0.000249,0.067866
2060,329030,157,0.5263,0.4446,0.1753,0.3801,0.8728,-0.8995,-0.4779,10945.4,2722.4,591.2,578.5,0.000169,
2061,329192,162,0.5399,0.4679,0.0667,0.4654,0.6521,-0.9108,-0.5112,10104.4,2831.1,604.5,250.4,0.000136,
2062,329355,163,0.2372,0.3151,0.3572,0.3277,0.9515,-0.8911,-0.6396,11245.4,2582.2,655.9,560.9,0.000138,0.067624
2063,329512,157,0.2522,0.0542,0.8626,0.0832,0.9268,-0.2533,-0.5869,11151.1,373.3,634.7,455.2,0.000213,
2064,329671,159,0.3626,0.2914,0.1728,0.5358,0.608,-0.899,-0.4235,9936.5,2458.9,569.4,309.1,0.000201,0.088106
2065,329836,165,0.3629,0.287,0.258,0.455,0.8812,-0.8938,-0.5913,10977.6,2583.1,636.5,298.8,0.000258,
2066,329998,162,0.4285,0.4033,0.4517,0.145,0.9664,-0.8911,-0.3899,11302.0,2595.4,556.0,577.2,0.000204,
2067,330152,154,0.0522,0.0353,0.9257,0.0391,-0.2185,-0.1368,-0.6257,6787.6,196.6,650.3,768.9,0.000154,
2068,330310,158,0.8148,0.5359,0.0177,0.4464,0.7835,-0.9186,-0.2601,10605.2,3258.1,504.0,413.3,0.000354,
2069,330470,160,0.2129,0.2469,0.7411,0.012,1.0,-0.7248,-0.5933,11725.2,1065.1,637.3,486.9,9.9e-05,
2070,330629,159,0.0617,0.2025,0.7616,0.0359,0.7503,-0.7404,-0.6313,10478.6,1009.2,652.5,640.0,0.000218,0.105274
2071,330784,155,0.9733,0.0031,0.0962,0.9007,0.0912,-0.9185,0.4248,7967.6,2443.9,230.1,736.5,0.000237,
2072,330946,162,0.2978,0.4229,0.3788,0.1983,0.6236,-0.9046,-0.6755,9996.0,2619.1,670.2,468.4,0.000298,
2073,331103,157,0.3232,0.129,0.3254,0.5456,0.3254,-0.9101,-0.0439,8859.8,2462.8,417.5,376.3,0.000157,0.090252
2074,331267,164,-0.101,0.1026,0.4992,0.3981,1.0,-0.8899,-0.7207,11453.3,2600.9,688.3,552.3,0.00031,0.091617
2075,331433,166,1.317,0.9205,0.0788,0.0007,1.0,-0.9194,-0.841,11533.3,3576.8,736.4,467.7,0.000141,0.08105
2076,331591,158,0.2288,0.3106,0.4763,0.2131,0.8865,-0.8632,-0.6248,10997.4,2009.1,649.9,880.8,0.000291,0.088282
2077,331752,161,0.679,0.205,0.1182,0.6768,0.756,-0.922,0.0365,10500.4,3367.5,385.4,439.1,0.00023,
2078,331911,159,-0.0914,0.0301,0.615,0.355,1.0,-0.8416,-0.4838,11779.6,1858.9,593.5,439.1,0.00023,0.077083
2079,332074,163,0.2954,0.4177,0.4162,0.1662,0.9027,-0.8907,-1.0,11059.2,2528.9,801.8,357.8,0.000165,
2080,332237,163,0.4328,0.4398,0.0287,0.5314,0.5289,-0.9123,-0.5732,9635.2,2746.0,629.3,409.5,0.00032,0.088063
2081,332393,156,-0.1196,0.0174,0.5587,0.4239,1.0,-0.8837,-0.3283,11733.1,2521.3,531.3,312.7,0.00019,0.074479
2082,332549,156,0.7498,0.1708,0.1089,0.7203,0.4829,-0.9337,0.203,9459.8,3567.2,318.8,679.8,0.000123,0.064951
2083,332715,166,0.2924,0.2865,0.2235,0.49,0.8476,-0.9112,-0.4211,10849.4,3055.0,568.4,796.8,0.000158,0.123734
2084,332884,169,0.1248,0.141,0.8104,0.0486,1.0,-0.5956,-0.9616,12308.3,760.8,784.7,556.8,0.000167,
2085,333045,161,0.7581,0.1753,0.1247,0.7,0.6363,-0.9125,0.2058,10044.2,2870.5,317.7,941.2,9.2e-05,0.047093
2086,333207,162,1.1011,0.0004,0.0079,0.9917,0.5078,-0.8955,0.4897,9554.8,2284.9,204.1,677.2,0.000156,0.076
2087,333366,159,1.045,0.7095,0.0795,0.2111,1.0,-0.89,-0.5675,12025.2,2732.1,627.0,347.1,0.000206,
2088,333524,158,0.3268,0.3736,0.4463,0.1801,0.9946,-0.8848,-0.6335,11409.6,2476.5,653.4,592.2,0.000241,
2089,333682,158,-0.122,0.3996,0.5297,0.0707,-0.0307,-0.9189,-1.0,7503.0,2312.5,847.9,391.5,0.000128,
2090,333843,161,0.1932,0.2329,0.7159,0.0512,0.9543,-0.7706,-0.5985,11256.1,1226.9,639.4,340.8,0.000228,0.105066
2091,334003,160,0.9497,0.0347,0.128,0.8373,0.3161,-0.9228,0.527,8824.4,2857.3,189.2,571.8,0.000319,0.071087
2092,334169,166,0.8985,0.2944,0.0087,0.6969,0.6987,-0.9258,0.1698,10282.0,3462.8,332.1,737.1,0.000138,0.0758
2093,334327,158,0.9089,0.6511,0.1717,0.1771,1.0,-0.8824,-0.5819,11926.3,2534.6,632.8,454.4,0.000166,0.067825
2094,334487,160,1.158,0.8739,0.0167,0.1094,1.0,-0.8921,-1.0,11768.5,2725.7,811.1,800.8,0.000149,0.103575
2095,334642,155,0.7322,0.3509,0.0713,0.5778,0.8425,-0.8992,-0.1575,10829.9,2686.8,463.0,351.0,0.0002,
2096,334807,165,0.0833,0.3299,0.4922,0.1779,0.6698,-0.905,-0.8859,10171.9,2677.9,754.4,632.3,0.000152,0.041546
2097,334967,160,0.4436,0.5296,0.2002,0.2702,0.6238,-0.9168,-0.9564,9996.8,3004.6,782.6,247.0,0.000366,0.054772
2098,335125,158,0.6271,0.0433,0.2284,0.7283,0.4331,-0.93,0.275,9270.0,3311.7,290.0,559.7,0.000149,0.055171
2099,335288,163,0.4014,0.2892,0.1288,0.5821,0.7109,-0.9012,-0.3508,10328.6,2612.6,540.3,539.6,0.000156,
2100,335445,157,0.9256,0.7076,0.125,0.1674,0.8912,-0.8909,-0.5641,11015.4,2523.1,625.6,442.9,0.000147,0.072778
2101,335599,154,0.5064,0.0459,0.2474,0.7067,0.3036,-0.9266,0.0667,8776.6,2989.7,373.3,482.5,0.000332,0.065
2102,335763,164,0.1183,0.1506,0.333,0.5165,0.8574,-0.9064,-0.3645,10886.6,2906.9,545.8,954.8,0.000128,0.082595
2103,335918,155,0.1163,0.2554,0.4028,0.3418,0.9901,-0.8907,-0.7464,11392.4,2606.7,698.6,554.4,0.000238,
2104,336076,158,0.7599,0.519,0.1177,0.3633,0.975,-0.8826,-0.5236,11334.8,2413.4,609.4,370.1,0.000302,
2105,336233,157,0.554,0.5888,0.3709,0.0404,0.6831,-0.8909,-0.6772,10222.5,2341.7,670.9,497.7,0.000211,0.086942
2106,336396,163,1.0791,0.7905,0.0429,0.1665,1.0,-0.9031,-0.7722,11687.6,3016.9,708.9,490.5,0.000137,
2107,336556,160,0.1273,0.1889,0.748,0.0631,1.0,-0.7282,-0.3631,11637.4,1070.3,545.3,631.2,0.000167,
2108,336712,156,0.0114,0.0816,0.812,0.1064,0.9817,-0.5765,-0.7475,11360.3,670.6,699.0,710.9,0.000204,
2109,336876,164,0.464,0.4632,0.3126,0.2241,1.0,-0.8681,-0.982,11893.2,2253.3,792.8,632.0,0.000172,
2110,337033,157,0.3127,0.1166,0.3619,0.5215,0.7982,-0.8996,-0.1127,10661.3,2655.0,445.1,338.5,0.000274,0.045965
2111,337194,161,0.5678,0.485,0.4273,0.0878,1.0,-0.8868,-0.5744,11447.6,2528.2,629.8,672.0,0.000117,
2112,337352,158,0.5403,0.3602,0.0651,0.5746,0.6389,-0.901,-0.2691,10054.1,2539.5,507.7,636.5,0.000187,
2113,337514,162,1.0539,0.691,0.0017,0.3073,1.0,-0.9102,-0.4198,11472.8,3194.6,567.9,723.1,0.000127,
2114,337676,162,0.5713,0.6452,0.0546,0.3002,0.5987,-0.9186,-0.8781,9900.9,3041.6,751.2,487.3,0.000273,
2115,337839,163,-0.0022,0.0501,0.8193,0.1306,0.9467,-0.5929,-0.7068,11226.9,689.5,682.7,482.1,0.000142,0.072325
2116,337996,157,-0.0454,0.0453,0.7053,0.2494,0.8627,-0.7936,-0.2147,10906.8,1321.0,485.9,582.5,0.000199,
2117,338159,163,1.1405,0.0832,0.0224,0.8944,0.5234,-0.9253,0.4095,9614.2,3218.0,236.2,541.6,0.000222,0.100439
2118,338326,167,0.5501,0.5793,0.1456,0.2752,0.6371,-0.9172,-0.6886,10047.3,3033.1,675.5,709.3,0.000224,
2119,338483,157,0.0447,0.0024,0.8425,0.1551,0.4992,-0.499,-0.4057,9522.0,475.1,562.3,591.5,0.000315,0.059747
2120,338640,157,0.7136,0.4798,0.0064,0.5138,1.0,-0.9114,-0.5874,12264.5,3461.6,635.0,270.5,0.000134,
2121,338795,155,0.4735,0.0933,0.2524,0.6543,0.4734,-0.9056,0.0799,9423.6,2495.6,368.0,551.6,0.000167,0.081596
2122,338952,157,0.3196,0.3578,0.4824,0.1598,0.9655,-0.8794,-0.734,11298.6,2343.1,693.6,487.8,0.000302,
2123,339107,155,0.1723,0.2206,0.3415,0.4379,0.503,-0.8979,-0.3376,9536.6,2334.4,535.1,481.6,0.00025,0.09462
2124,339263,156,-0.1327,0.0551,0.524,0.421,1.0,-0.8818,-0.5666,11916.0,2520.5,626.6,654.8,0.00018,0.10347
2125,339421,158,0.7526,0.5826,0.3912,0.0262,1.0,-0.8908,-0.6823,11750.3,2689.8,672.9,523.5,0.000151,0.051399
2126,339591,170,-0.2228,0.0981,0.5791,0.3228,0.9742,-0.8935,-0.8575,11331.8,2660.6,743.0,807.2,0.000247,0.097214
2127,339749,158,0.8951,0.0512,0.129,0.8198,0.0684,-0.9311,0.2898,7880.6,2858.5,284.1,475.9,0.000147,0.058793
2128,339906,157,0.7971,0.2952,0.0323,0.6725,0.745,-0.9107,-0.0553,10458.6,2927.5,422.1,580.0,0.000151,
2129,340073,167,-0.2249,0.0416,0.6273,0.3311,0.9273,-0.8427,-0.6497,11153.0,1772.9,659.9,862.7,0.00045,0.091152
2130,340233,160,-0.1831,0.0032,0.6827,0.3141,0.7116,-0.807,-0.5088,10331.1,1338.1,603.5,457.9,0.000154,0.048356
2131,340391,158,1.1315,0.7424,0.0664,0.1912,1.0,-0.8998,-0.5883,11903.4,2971.0,635.3,464.0,0.000108,0.060971
2132,340554,163,0.6847,0.5531,0.201,0.2459,0.9235,-0.9199,-0.6287,11138.7,3478.2,651.5,496.7,0.000366,
2133,340718,164,-0.3597,0.0074,0.7209,0.2716,1.0,-0.7611,-1.0,11673.0,1221.5,830.9,660.5,0.000188,
2134,340878,160,0.0601,0.1788,0.5218,0.2994,1.0,-0.8761,-0.6166,12501.9,2522.8,646.6,475.1,0.000219,
2135,341039,161,0.0144,0.1952,0.6186,0.1863,1.0,-0.8575,-0.8261,12536.8,2199.8,730.5,478.8,0.000171,0.081868
2136,341203,164,1.0761,0.2473,0.0233,0.7293,1.0,-0.9076,0.3588,11843.6,3202.9,256.5,525.3,0.000205,0.084174
2137,341363,160,-0.1917,0.0774,0.7658,0.1568,0.3551,-0.7772,-0.7099,8973.0,1006.8,684.0,614.7,0.000163,0.09971
2138,341522,159,0.477,0.5204,0.4783,0.0013,0.782,-0.8788,-0.6418,10599.3,2185.8,656.7,481.2,0.000169,
2139,341683,161,0.8903,0.6277,0.0487,0.3236,1.0,-0.9027,-0.5714,11646.2,2991.9,628.6,452.9,0.000148,0.081631
2140,341849,166,0.9763,0.0981,0.0777,0.8242,0.8913,-0.9098,0.3827,11015.7,3053.7,246.9,768.7,0.000295,0.036613
2141,342014,165,0.9975,0.7274,0.1297,0.1429,0.9853,-0.9049,-0.6372,11374.2,2988.6,654.9,739.7,0.000108,
2142,342171,157,0.2313,0.3185,0.5243,0.1572,0.7969,-0.8715,-0.7281,10656.1,2072.5,691.2,516.6,0.000215,0.07175
2143,342333,162,0.5221,0.4528,0.5009,0.0463,1.0,-0.8735,-0.7144,13119.1,2591.7,685.8,392.3,0.000217,0.041896
2144,342493,160,0.7285,0.5792,0.3405,0.0803,1.0,-0.8894,-0.6269,11963.0,2705.1,650.8,429.7,0.000127,0.047289
2145,342653,160,-0.2001,0.1359,0.3729,0.4912,1.0,-0.896,-0.8466,12019.6,2889.4,738.6,837.3,0.000156,0.084414
2146,342809,156,0.2912,0.4132,0.3912,0.1956,0.6317,-0.8916,-0.6091,10026.9,2312.8,643.6,337.3,0.000231,0.082912
2147,342974,165,0.8239,0.653,0.3045,0.0425,0.991,-0.8964,-0.8078,11395.7,2751.2,723.1,782.7,0.00015,
2148,343127,153,0.9642,0.6581,0.143,0.1989,1.0,-0.8884,-0.4135,11567.1,2590.8,565.4,273.7,0.0002,0.047347
2149,343290,163,0.9233,0.1495,0.1159,0.7346,0.6287,-0.914,0.3108,10015.3,2912.4,275.7,518.7,0.000114,
2150,343448,158,-0.0032,0.0106,0.544,0.4454,0.7332,-0.8833,-0.3189,10413.6,2231.6,527.5,471.8,0.000182,
2151,343612,164,0.7855,0.6119,0.3699,0.0182,1.0,-0.8838,-0.6646,12271.6,2641.3,665.8,449.6,0.000193,
2152,343766,154,1.1657,0.7705,0.1091,0.1204,1.0,-0.8951,-0.3594,11710.8,2790.5,543.7,493.1,0.000213,
2153,343923,157,-0.0227,0.1059,0.416,0.4781,0.7735,-0.8994,-0.5175,10567.0,2626.3,607.0,412.4,0.000105,0.029427
2154,344087,164,0.4105,0.4889,0.3715,0.1396,0.6801,-0.9124,-0.6635,10211.1,2913.5,665.4,423.8,0.000111,0.070448
2155,344248,161,1.0185,0.0282,0.0203,0.9515,0.0576,-0.9081,0.3922,7839.6,2132.7,243.1,456.7,0.000133,
2156,344413,165,-0.2021,0.0001,0.5722,0.4277,0.5212,-0.8971,-0.5343,9605.8,2334.8,613.7,678.9,0.000168,0.084094
2157,344573,160,0.7047,0.5108,0.2195,0.2697,1.0,-0.8916,-0.4484,12041.0,2776.5,579.4,672.8,0.0007,0.094824
2158,344737,164,0.0777,0.1922,0.7906,0.0172,0.8167,-0.6978,-0.7992,10731.7,887.7,719.7,479.0,0.000183,0.088861
2159,344899,162,0.5797,0.5505,0.3219,0.1276,0.9002,-0.8935,-0.9208,11049.9,2594.8,768.3,578.0,0.000124,0.093219
2160,345059,160,0.9803,0.0312,0.0303,0.9385,0.2235,-0.9322,0.2611,8471.5,3124.0,295.6,348.1,0.000167,0.091138
2161,345225,166,0.4682,0.4579,0.4017,0.1404,0.9622,-0.8801,-0.8086,11286.1,2354.0,723.4,841.8,0.00015,0.093029
2162,345386,161,0.8613,0.4251,0.0128,0.5621,0.6005,-0.9219,-0.1927,9907.8,3171.2,477.1,186.7,0.000183,
2163,345546,160,-0.0004,0.1552,0.4838,0.361,1.0,-0.8648,-0.6033,11984.9,2216.7,641.3,592.3,0.000181,
2164,345703,157,0.5078,0.0834,0.2515,0.665,0.6433,-0.9069,0.1032,10070.8,2705.6,358.7,555.7,0.000119,0.072995
2165,345862,159,0.6404,0.6772,0.1383,0.1845,0.6755,-0.9108,-0.8493,10193.5,2858.2,739.7,819.4,0.000253,
2166,346026,164,0.8028,0.5434,0.0148,0.4418,0.7285,-0.9085,-0.2565,10395.7,2839.5,502.6,502.0,0.000283,
2167,346189,163,-0.0234,0.0168,0.8984,0.0849,-0.2742,-0.1762,-0.9817,6575.4,199.5,792.7,789.3,0.000286,0.053753
2168,346350,161,0.066,0.1416,0.4485,0.4099,1.0,-0.8942,-0.4753,11992.8,2834.4,590.1,714.4,0.000176,
2169,346514,164,-0.1311,0.0441,0.4973,0.4587,0.7716,-0.9078,-0.5311,10559.7,2861.9,612.4,766.0,0.000151,
2170,346669,155,0.3263,0.3585,0.2921,0.3494,1.0,-0.8994,-0.6753,11941.9,2968.7,670.1,755.4,0.000208,0.032886
2171,346833,164,1.0487,0.7383,0.0383,0.2234,1.0,-0.9054,-0.6696,11437.4,3023.4,667.8,526.2,0.000181,0.048756
2172,346988,155,0.5512,0.4274,0.4192,0.1534,1.0,-0.8869,-0.411,11700.8,2585.9,564.4,255.8,0.000169,
2173,347148,160,0.5641,0.2767,0.1663,0.557,1.0,-0.9041,-0.2685,11579.9,3018.2,507.4,517.1,0.000177,
2174,347308,160,0.716,0.5297,0.1959,0.2744,1.0,-0.8948,-0.5806,12097.2,2873.6,632.2,766.2,0.000143,
2175,347466,158,1.1899,0.8222,0.0106,0.1672,1.0,-0.8946,-0.6061,11910.3,2824.7,642.4,643.9,0.000181,
2176,347626,160,0.64,0.5495,0.0656,0.3849,1.0,-0.8981,-0.7804,12309.2,3020.2,712.1,543.6,0.000157,
2177,347791,165,0.7199,0.3054,0.0547,0.6399,1.0,-0.9039,-0.2058,11775.6,3063.9,482.3,508.8,0.000195,0.05678
2178,347952,161,0.2707,0.2292,0.7235,0.0473,1.0,-0.7133,-0.4752,13137.7,1145.5,590.1,297.8,0.000182,
2179,348112,160,0.7701,0.5398,0.227,0.2332,1.0,-0.8987,-0.3298,12226.3,3016.0,531.9,537.3,0.000133,
2180,348276,164,0.4276,0.3846,0.3346,0.2808,1.0,-0.9173,-0.6284,11527.3,3482.7,651.4,600.7,0.000138,
2181,348433,157,0.1488,0.0959,0.3072,0.5969,0.4763,-0.9154,-0.3484,9434.6,2788.6,539.4,645.1,0.000347,0.052771
2182,348592,159,0.0963,0.1411,0.5671,0.2918,1.0,-0.8492,-0.3023,11891.1,1971.2,520.9,411.3,0.000157,
2183,348751,159,-0.1562,0.0679,0.7032,0.2289,1.0,-0.7824,-0.785,11560.7,1328.2,714.0,1053.8,0.000132,0.06584
2184,348910,159,0.8637,0.7259,0.2476,0.0265,0.8907,-0.9194,-0.8355,11013.7,3416.7,734.2,526.9,0.000177,
2185,349067,157,0.5748,0.4027,0.1614,0.4359,1.0,-0.8976,-0.524,12212.7,2982.3,609.6,238.7,0.000106,0.056812
2186,349225,158,0.0832,0.2144,0.6325,0.1531,0.7789,-0.798,-0.4803,10587.7,1310.7,592.1,526.4,0.00015,0.039531
2187,349383,158,0.4673,0.4913,0.2405,0.2682,0.858,-0.8903,-0.7418,10889.2,2481.2,696.7,393.3,0.000169,0.058371
2188,349540,157,0.354,0.4754,0.4941,0.0305,0.7701,-0.8914,-0.6445,10554.0,2430.5,657.8,558.7,0.000246,
2189,349702,162,1.0221,0.8324,0.0601,0.1075,0.7493,-0.9208,-0.495,10474.9,3306.0,598.0,396.6,0.000153,
2190,349860,158,0.8039,0.5425,0.0136,0.4439,1.0,-0.9015,-0.5366,11694.6,2968.1,614.6,371.0,0.000117,
2191,350012,152,0.869,0.773,0.0494,0.1775,0.6763,-0.893,-0.3026,10196.6,2382.5,521.0,908.9,0.000182,
2192,350169,157,0.4519,0.4292,0.454,0.1167,1.0,-0.8626,-0.5266,11514.4,2095.4,610.6,739.0,0.000139,0.021906
2193,350328,159,0.5334,0.516,0.0733,0.4107,0.6851,-0.9077,-0.5498,10230.4,2771.5,619.9,510.9,0.000171,
2194,350485,157,0.9758,0.0436,0.1449,0.8116,0.1433,-0.9269,0.4683,8166.1,2794.3,212.7,413.1,0.000179,0.064101
2195,350648,163,0.4491,0.3829,0.0225,0.5946,0.3845,-0.9188,-0.3319,9085.0,2798.8,532.8,406.4,0.000116,
2196,350812,164,-0.0705,0.1217,0.6873,0.1909,0.8234,-0.8243,-0.616,10757.3,1530.5,646.4,579.8,0.000173,
2197,350971,159,0.487,0.4357,0.4019,0.1624,1.0,-0.8872,-0.7666,12154.4,2693.2,706.6,558.8,0.000144,0.077808
2198,351132,161,0.9151,0.6574,0.1952,0.1474,1.0,-0.8889,-0.6852,11620.7,2614.9,674.1,627.7,0.000305,
2199,351290,158,0.1618,0.1853,0.3996,0.4151,1.0,-0.8788,-0.4589,12478.2,2574.1,583.6,490.5,0.000193,
2200,351444,154,0.3655,0.3771,0.4686,0.1543,1.0,-0.8715,-0.5993,11716.2,2279.3,639.7,740.4,0.000175,
2201,351601,157,0.0254,0.0068,0.8435,0.1498,0.6901,-0.4281,-0.4148,10249.3,448.1,565.9,491.6,0.000223,0.056164
2202,351764,163,0.6694,0.2729,0.0897,0.6374,1.0,-0.8957,-0.1576,12571.6,3012.6,463.0,513.5,0.000108,
2203,351930,166,0.5096,0.3122,0.0665,0.6213,0.5479,-0.9225,-0.2684,9707.6,3132.0,507.4,878.5,9.8e-05,
2204,352093,163,0.9152,0.6598,0.0364,0.3038,0.8791,-0.9018,-0.6549,10969.5,2792.5,662.0,407.2,0.000152,0.061049
2205,352252,159,0.9567,0.0865,0.0175,0.896,0.156,-0.9265,0.3571,8214.2,2792.9,257.2,684.7,0.000124,
2206,352412,160,0.1825,0.1448,0.2885,0.5668,0.1268,-0.9449,-0.2536,8103.0,3679.1,501.4,393.8,0.000269,
2207,352572,160,0.2217,0.3161,0.2791,0.4048,1.0,-0.8802,-0.7873,12226.3,2551.1,714.9,537.3,0.000169,
2208,352726,154,0.3938,0.4178,0.5581,0.0242,1.0,-0.8587,-0.6507,11926.7,2110.0,660.3,448.7,8.5e-05,
2209,352885,159,0.9337,0.7052,0.1108,0.1841,0.9821,-0.8838,-0.8131,11361.8,2444.4,725.2,357.7,0.000229,0.075873
2210,353049,164,0.6303,0.1321,0.1914,0.6765,1.0,-0.8846,-0.0399,11686.9,2531.1,416.0,393.5,0.000308,0.052004
2211,353211,162,0.2659,0.3842,0.5773,0.0386,0.6635,-0.8513,-0.7621,10147.8,1705.8,704.8,419.4,0.000206,0.058449
2212,353371,160,0.4055,0.5093,0.2995,0.1912,0.5498,-0.8997,-0.5658,9714.8,2421.0,626.3,345.7,0.000166,0.040206
2213,353533,162,0.2634,0.0066,0.9334,0.06,0.1597,0.0283,-0.7789,8228.4,200.1,711.6,305.7,0.000138,0.09924
2214,353700,167,-0.0677,0.0934,0.722,0.1847,1.0,-0.7882,-0.7454,11848.3,1398.3,698.1,528.8,0.000114,
2215,353860,160,0.3873,0.0891,0.8881,0.0228,0.3162,0.0273,-0.5046,8824.6,214.8,601.8,383.4,0.000141,
2216,354022,162,1.2157,0.8809,0.0086,0.1105,0.931,-0.9018,-0.8074,11167.2,2843.1,723.0,444.9,0.000309,
2217,354181,159,0.6046,0.177,0.1817,0.6413,0.7265,-0.9054,0.0723,10388.0,2746.4,371.1,651.9,0.000243,0.07987
2218,354344,163,0.3846,0.5628,0.2724,0.1648,0.5064,-0.9197,-0.8344,9549.3,2971.9,733.8,655.3,0.00073,
2219,354507,163,0.1649,0.2208,0.3185,0.4607,1.0,-0.8768,-0.5695,12129.1,2460.4,627.8,621.9,8e-05,0.035689
2220,354670,163,0.0793,0.0919,0.4179,0.4903,0.9179,-0.8968,-0.3421,11117.3,2693.3,536.9,690.3,0.000171,
2221,354828,158,0.3283,0.098,0.3014,0.6006,0.6319,-0.905,-0.108,10027.4,2639.2,443.2,407.8,0.00019,
2222,354987,159,0.3973,0.5054,0.2821,0.2125,0.6786,-0.9093,-0.7405,10205.5,2812.2,696.2,547.0,0.000193,0.036957
2223,355149,162,0.0753,0.2749,0.4956,0.2294,0.4119,-0.8917,-0.4889,9189.3,2120.7,595.6,881.6,0.000132,0.071813
2224,355307,158,0.2508,0.1051,0.8875,0.0074,0.2076,-0.0345,-0.5331,8410.9,217.8,613.2,429.0,0.000207,0.034369
2225,355461,154,0.1379,0.3365,0.6396,0.0239,0.6198,-0.8581,-0.656,9981.3,1759.0,662.4,622.1,9.7e-05,0.032631
2226,355620,159,0.7657,0.0524,0.2096,0.738,-0.1864,-0.9308,0.438,6909.7,2494.7,224.8,495.2,0.000225,
2227,355771,151,0.8485,0.0187,0.1352,0.846,0.8723,-0.8766,0.4835,10943.7,2216.3,206.6,1200.4,0.000318,0.036741
2228,355934,163,0.6728,0.3949,0.0158,0.5893,1.0,-0.91,-0.3955,11597.0,3221.9,558.2,501.6,0.000193,
2229,356093,159,0.7581,0.1625,0.1257,0.7119,0.1803,-0.9295,0.2211,8307.0,2944.2,311.6,380.2,0.00013,0.084255
2230,356251,158,0.3605,0.4615,0.4006,0.1379,0.6662,-0.9011,-0.7078,10158.4,2568.8,683.1,354.4,0.000122,0.03326
2231,356411,160,-0.1302,0.0328,0.5717,0.3955,1.0,-0.8669,-0.5026,11539.1,2167.2,601.0,633.9,0.00018,0.034221
2232,356568,157,0.7755,0.4687,0.0416,0.4897,0.8292,-0.8794,-0.2857,10779.2,2235.2,514.3,538.6,0.000173,
2233,356727,159,0.2849,0.296,0.289,0.415,0.5363,-0.9041,-0.4277,9663.1,2518.1,571.1,725.6,0.00012,0.055353
2234,356884,157,0.6027,0.4572,0.2162,0.3266,1.0,-0.903,-0.5539,11484.5,2959.6,621.6,352.8,0.000213,
2235,357042,158,0.274,0.269,0.7167,0.0143,1.0,-0.7015,-0.5489,12387.2,1037.6,619.5,310.6,0.000198,
2236,357196,154,0.2883,0.3822,0.4295,0.1883,0.7187,-0.9153,-0.2443,10358.2,3056.0,497.7,451.6,0.000178,
2237,357362,166,0.6206,0.7009,0.1015,0.1976,0.5179,-0.914,-0.6058,9593.0,2787.8,642.3,596.9,0.000111,
2238,357519,157,1.195,0.8154,0.0353,0.1494,1.0,-0.8972,-0.5453,11521.5,2802.6,618.1,702.2,0.0002,0.02903
2239,357675,156,0.0001,0.1383,0.7672,0.0945,0.7411,-0.7185,-0.2642,10443.7,927.5,505.7,750.3,0.000192,0.067332
2240,357829,154,0.0197,0.0781,0.4278,0.494,0.411,-0.8897,-0.3244,9185.9,2081.4,529.7,473.1,0.000195,0.047523
2241,357984,155,0.1594,0.1812,0.2966,0.5222,0.4692,-0.9148,-0.3623,9407.6,2760.4,544.9,552.0,0.000363,
2242,358139,155,0.5962,0.5695,0.1564,0.2742,0.6215,-0.8994,-0.4884,9987.8,2481.3,595.4,606.6,0.000164,0.045965
2243,358299,160,0.5616,0.5033,0.0491,0.4476,0.4273,-0.9221,-0.445,9248.1,2967.4,578.0,306.2,0.000165,0.021311
2244,358463,164,0.255,0.102,0.3375,0.5605,0.5387,-0.9062,-0.0894,9672.5,2578.7,435.7,533.6,0.000228,0.051111
2245,358623,160,0.537,0.4609,0.4975,0.0416,1.0,-0.8605,-0.4742,12529.4,2245.6,589.7,577.2,0.000258,0.047461
2246,358780,157,0.4411,0.4451,0.1962,0.3587,0.8137,-0.888,-0.6593,10720.0,2392.4,663.7,517.0,0.000236,
2247,358944,164,0.9506,0.0148,0.1535,0.8317,0.302,-0.9199,0.436,8770.8,2737.5,225.6,487.9,0.000156,
2248,359103,159,0.8281,0.5476,0.2613,0.1911,0.8136,-0.906,-0.291,10719.7,2852.4,516.4,256.0,0.000157,0.045747
2249,359260,157,0.1876,0.1868,0.3307,0.4825,0.7928,-0.8995,-0.3212,10640.7,2647.3,528.5,604.4,0.000182,
2250,359419,159,0.6182,0.433,0.2049,0.3621,0.8938,-0.8744,-0.3783,11025.4,2194.4,551.3,652.5,0.000148,0.058844
2251,359580,161,0.9506,0.6592,0.2113,0.1295,0.9816,-0.8878,-0.8169,11360.1,2530.3,726.8,242.3,0.000225,
2252,359737,157,0.4861,0.493,0.2912,0.2158,0.7483,-0.8849,-0.6778,10470.9,2274.6,671.1,292.2,0.00017,0.025526
2253,359893,156,0.2664,0.048,0.8756,0.0764,0.5308,-0.0605,-0.3537,9642.4,256.6,541.5,429.8,0.000192,0.072849
2254,360052,159,0.3007,0.2741,0.1598,0.5661,0.487,-0.9149,-0.434,9475.5,2782.3,573.6,631.2,0.000118,
2255,360219,167,0.3173,0.1888,0.3055,0.5057,0.9174,-0.907,-0.4096,11115.1,2988.9,563.8,661.9,0.000133,0.017381
2256,360383,164,0.41,0.4171,0.5693,0.0136,1.0,-0.8496,-0.7672,11702.6,1945.7,706.9,750.9,0.000183,0.072108
2257,360541,158,0.0178,0.1297,0.5489,0.3214,1.0,-0.8545,-0.468,12087.5,2077.4,587.2,590.1,0.000147,0.035279
2258,360698,157,0.2836,0.4077,0.5165,0.0758,0.6827,-0.8872,-0.6898,10221.2,2265.2,675.9,671.2,0.000157,
2259,360862,164,0.8054,0.0207,0.2022,0.7771,0.7224,-0.9101,0.3918,10372.4,2883.6,243.3,633.3,0.000256,
2260,361024,162,0.7279,0.6278,0.2332,0.139,0.6382,-0.9156,-0.3173,10051.6,2977.0,526.9,530.1,0.000308,
2261,361186,162,0.7942,0.5753,0.2643,0.1603,1.0,-0.8966,-0.6515,11595.3,2802.2,660.6,273.8,0.000187,
2262,361348,162,0.7998,0.5951,0.1543,0.2506,1.0,-0.8952,-0.6133,11768.1,2807.6,645.3,510.1,0.000136,
2263,361502,154,0.6381,0.498,0.1393,0.3627,0.7041,-0.9094,-0.2955,10302.7,2844.3,518.2,407.7,0.000134,
2264,361660,158,0.0933,0.0396,0.9166,0.0438,-0.1886,-0.0864,-0.8287,6901.5,188.9,731.5,565.2,0.000101,
2265,361819,159,0.0485,0.0924,0.7355,0.1721,1.0,-0.7076,-0.6018,12357.1,1056.4,640.7,444.6,0.000222,0.027038
2266,361982,163,0.6802,0.5936,0.3957,0.0107,0.8779,-0.8734,-0.7044,10964.6,2164.4,681.8,286.9,0.000102,
2267,362142,160,1.1647,0.8246,0.0283,0.1471,0.8994,-0.907,-0.4937,11046.7,2968.0,597.5,532.3,0.000382,
2268,362296,154,1.1642,0.7346,0.1351,0.1303,1.0,-0.9009,-0.249,12118.5,3056.7,499.6,283.0,0.000154,
2269,362454,158,0.8099,0.5161,0.0707,0.4132,0.7896,-0.9011,-0.4246,10628.2,2686.0,569.8,196.1,0.000162,
2270,362611,157,0.0168,0.158,0.5135,0.3285,0.8047,-0.8602,-0.5347,10686.1,1911.6,613.9,352.1,0.000154,0.045596
2271,362773,162,0.2549,0.3117,0.4167,0.2716,1.0,-0.8825,-0.702,11979.8,2548.3,680.8,809.5,0.000147,0.037932
2272,362932,159,0.3931,0.0812,0.8896,0.0291,0.4881,0.0801,-0.5484,9479.6,219.4,619.3,645.3,0.000152,
2273,363091,159,-0.0232,0.1508,0.4599,0.3893,0.6083,-0.9035,-0.5189,9937.6,2574.0,607.5,618.1,0.000321,0.032217
2274,363247,156,0.1919,0.3427,0.3251,0.3322,0.8014,-0.9005,-0.754,10673.2,2681.4,701.6,733.4,0.000173,0.038574
2275,363411,164,0.3041,0.0065,0.324,0.6695,0.8007,-0.9095,0.0587,10670.7,2948.2,376.5,458.1,0.000161,0.019264
2276,363572,161,0.4172,0.137,0.2888,0.5742,1.0,-0.8911,-0.0444,11542.8,2650.2,417.8,562.5,0.000227,
2277,363740,168,0.9587,0.6802,0.0688,0.251,1.0,-0.9115,-0.605,11864.3,3352.3,642.0,872.0,0.000126,
2278,363900,160,0.916,0.0851,0.1213,0.7936,0.4213,-0.9194,0.445,9225.3,2861.1,222.0,459.8,0.000213,
2279,364061,161,0.5729,0.5491,0.3034,0.1475,0.8262,-0.911,-0.4737,10767.7,3026.2,589.5,622.9,0.000313,0.036558
2280,364220,159,-0.0158,0.0696,0.5436,0.3868,1.0,-0.8566,-0.4253,12311.8,2146.4,570.1,521.3,0.000129,
2281,364383,163,0.7789,0.2211,0.1468,0.6321,1.0,-0.9088,0.0244,11874.3,3255.0,390.3,351.1,0.000139,0.047046
2282,364544,161,0.2545,0.3845,0.3669,0.2486,0.7175,-0.8804,-0.6434,10353.8,2164.9,657.3,744.5,0.000487,
2283,364709,165,0.487,0.5644,0.4212,0.0144,0.6589,-0.9042,-0.6085,10130.5,2643.9,643.4,476.0,0.000226,0.034482
2284,364873,164,0.8405,0.2735,0.0638,0.6627,1.0,-0.8945,0.0274,12481.9,2958.2,389.1,788.2,0.000163,0.03225
2285,365029,156,0.9695,0.1076,0.1358,0.7565,0.6627,-0.9247,0.4806,10144.8,3366.2,207.8,528.0,0.000114,0.036599
2286,365182,153,0.6755,0.4977,0.3226,0.1798,0.9691,-0.8742,-0.3313,11312.1,2247.2,532.5,405.5,0.000677,
2287,365339,157,-0.1156,0.1002,0.6506,0.2492,0.9725,-0.8487,-0.6358,11325.3,1871.9,654.3,639.6,0.000141,0.060092
2288,365500,161,0.004,0.14,0.5538,0.3063,0.6343,-0.8989,-0.3379,10036.7,2481.2,535.2,807.2,0.000306,
2289,365667,167,0.4123,0.2272,0.2007,0.5722,0.5692,-0.9225,-0.2296,9788.7,3159.1,491.8,518.2,0.000307,0.046518
2290,365824,157,0.5579,0.2875,0.1484,0.5641,0.5812,-0.9161,-0.0577,9834.3,2928.8,423.1,739.9,0.000178,
2291,365983,159,0.2205,0.258,0.6856,0.0564,1.0,-0.7741,-0.6411,11951.5,1322.7,656.4,288.0,0.000302,0.04941
2292,366143,160,0.1771,0.235,0.3749,0.3901,1.0,-0.8912,-0.5671,11757.2,2700.9,626.8,647.1,0.000485,0.030389
2293,366304,161,0.4594,0.312,0.2353,0.4527,1.0,-0.8975,-0.4326,11591.6,2826.6,573.0,386.1,0.000146,
2294,366460,156,0.2234,0.295,0.5877,0.1173,0.8032,-0.8634,-0.4489,10680.2,1955.2,579.6,324.2,9.8e-05,
2295,366618,158,0.8096,0.3622,0.038,0.5998,0.9677,-0.9059,-0.2159,11307.1,3004.1,486.4,488.8,0.000923,
2296,366785,167,-0.1705,0.0586,0.711,0.2304,0.6006,-0.8056,-0.5459,9908.3,1274.3,618.3,612.6,0.000119,0.021279
2297,366950,165,0.5501,0.475,0.2781,0.2469,0.9469,-0.9017,-0.5735,11227.7,2855.8,629.4,647.8,0.00028,
2298,367111,161,1.0025,0.7294,0.2669,0.0037,1.0,-0.8984,-0.6692,12020.4,2957.8,667.7,476.9,0.000133,0.016708
2299,367275,164,0.1615,0.1448,0.4313,0.4239,0.9215,-0.8988,-0.2822,11130.8,2749.8,512.9,467.9,0.00026,0.049613
2300,367432,157,0.1086,0.0949,0.5346,0.3706,0.6423,-0.8879,-0.4262,10067.1,2244.4,570.5,271.2,0.000123,
2301,367587,155,0.7625,0.5563,0.1601,0.2836,0.9585,-0.8939,-0.4845,11271.9,2655.5,593.8,354.0,0.000121,0.035714
2302,367746,159,0.7757,0.6248,0.2144,0.1608,1.0,-0.9016,-0.8956,11917.5,3026.5,758.2,677.0,0.000186,
2303,367909,163,0.5971,0.2472,0.1132,0.6396,0.7706,-0.9055,0.0398,10555.9,2792.0,384.1,803.1,0.000172,0.031298
2304,368067,158,-0.0011,0.1509,0.612,0.2372,1.0,-0.819,-0.5398,12452.5,1719.9,615.9,621.1,0.000166,0.059994
2305,368232,165,0.7147,0.5663,0.269,0.1647,1.0,-0.8925,-0.7415,11719.4,2726.7,696.6,519.5,0.00016,
2306,368393,161,0.1559,0.2007,0.68,0.1193,1.0,-0.7746,-0.5161,12463.6,1382.7,606.5,453.4,0.000394,0.015689
2307,368553,160,0.8735,0.8019,0.0531,0.145,0.6463,-0.9179,-0.4465,10082.3,3068.8,578.6,738.9,0.000128,0.031651
2308,368713,160,0.1828,0.1511,0.5036,0.3453,0.9256,-0.8997,-0.148,11146.6,2778.8,459.2,495.1,0.000124,0.037513
2309,368872,159,0.259,0.1591,0.3218,0.5191,0.9594,-0.9014,-0.2648,11275.1,2858.9,505.9,414.9,0.00011,
2310,369030,158,0.2876,0.2274,0.4094,0.3632,1.0,-0.8871,-0.291,11470.4,2539.3,516.4,697.4,0.000147,
2311,369193,163,0.9572,0.6807,0.2706,0.0488,1.0,-0.8817,-0.4645,12012.5,2538.6,585.8,515.0,0.000208,0.067829
2312,369354,161,0.6989,0.6404,0.1975,0.1621,0.7781,-0.8995,-0.5779,10584.4,2633.1,631.1,918.3,0.000132,
2313,369516,162,0.5322,0.4437,0.3003,0.256,1.0,-0.8671,-0.6074,11543.0,2172.1,642.9,623.1,0.00017,
2314,369676,160,0.1223,0.1406,0.5886,0.2708,1.0,-0.8225,-0.635,12636.8,1779.9,654.0,371.4,0.000181,
2315,369840,164,0.3334,0.239,0.2442,0.5167,0.7207,-0.9176,-0.3914,10365.9,3144.6,556.6,523.4,0.00016,
2316,369999,159,0.3811,0.3668,0.4233,0.21,0.9425,-0.8979,-0.4713,11211.1,2745.1,588.5,370.9,0.000155,0.016168
2317,370161,162,0.5303,0.3319,0.2969,0.3712,0.9138,-0.9095,-0.2459,11101.6,3067.2,498.4,798.3,0.00015,0.038521
2318,370318,157,0.4619,0.5012,0.2847,0.2141,0.6066,-0.9097,-0.3667,9931.1,2748.5,546.7,506.0,0.000139,
2319,370480,162,0.966,0.7022,0.053,0.2448,0.957,-0.9007,-0.6229,11266.1,2837.6,649.2,606.8,0.000165,
2320,370643,163,0.3614,0.5335,0.3681,0.0984,0.4954,-0.9067,-0.5464,9507.4,2547.4,618.6,661.8,0.000159,0.061651
2321,370803,160,0.1192,0.1423,0.6142,0.2435,1.0,-0.8049,-0.4114,11531.2,1477.7,564.6,567.5,0.000195,0.016763
2322,370963,160,0.5027,0.037,0.2895,0.6735,0.8205,-0.9127,0.1436,10746.0,3076.5,342.6,442.8,0.000183,0.03245
2323,371125,162,-0.1242,0.0538,0.627,0.3192,0.646,-0.8503,-0.3708,10081.2,1683.9,548.3,681.4,0.000289,0.035211
2324,371283,158,0.3351,0.2573,0.3253,0.4174,1.0,-0.8865,-0.485,11572.4,2549.0,594.0,454.3,0.000142,0.073028
2325,371444,161,0.0783,0.142,0.7367,0.1212,0.8444,-0.7463,-0.353,10837.3,1067.7,541.2,798.9,9.1e-05,
2326,371603,159,0.1147,0.1887,0.4264,0.3849,0.8111,-0.8786,-0.439,10710.4,2205.4,575.6,508.8,0.000192,0.013642
2327,371756,153,0.3396,0.0568,0.9424,0.0008,-0.0237,0.0745,-0.3748,7529.6,175.2,549.9,577.0,0.000102,
2328,371919,163,0.4143,0.3374,0.1911,0.4715,1.0,-0.8891,-0.5814,12188.3,2748.4,632.6,690.7,0.000128,0.039592
2329,372079,160,0.1182,0.1972,0.3446,0.4582,0.3364,-0.9103,-0.3499,8901.5,2480.6,540.0,717.2,0.000206,0.025383
2330,372236,157,0.4535,0.3752,0.1196,0.5052,0.5236,-0.907,-0.2679,9615.1,2585.8,507.2,625.3,0.000136,
2331,372395,159,0.1199,0.2311,0.6095,0.1594,0.9382,-0.8365,-0.6384,11194.5,1711.9,655.4,544.6,0.000195,0.053758
2332,372556,161,0.8256,0.1077,0.1544,0.738,0.3963,-0.9193,0.4051,9129.9,2830.1,238.0,785.4,0.000294,
2333,372717,161,0.1942,0.0276,0.4131,0.5593,0.5032,-0.9027,-0.1802,9537.0,2451.3,472.1,572.4,0.000129,0.03007
2334,372878,161,0.8229,0.8581,0.0577,0.0842,0.4931,-0.9314,-0.6989,9498.6,3462.7,679.5,522.6,0.000174,
2335,373038,160,0.2078,0.1341,0.3593,0.5066,0.9503,-0.8815,-0.2622,11240.5,2371.0,504.9,400.1,0.000209,
2336,373198,160,0.0717,0.2093,0.4886,0.3021,0.8057,-0.8937,-0.6181,10689.7,2514.1,647.2,396.0,0.000134,
2337,373358,160,0.5787,0.026,0.2481,0.7259,0.5224,-0.923,0.1508,9610.5,3120.9,339.7,390.8,0.000155,
2338,373521,163,0.952,0.7014,0.2066,0.092,1.0,-0.8832,-0.5938,12179.5,2607.9,637.5,791.3,0.000161,0.027239
2339,373679,158,1.1839,0.8996,0.0565,0.0439,0.8296,-0.9065,-0.4646,10780.7,2882.1,585.9,438.6,0.000339,0.012095
2340,373841,162,0.3591,0.4527,0.51,0.0373,0.6742,-0.8847,-0.5428,10188.6,2210.0,617.1,419.4,0.000528,0.071814
2341,374002,161,0.6924,0.5723,0.343,0.0846,1.0,-0.887,-0.8046,12318.3,2725.9,721.9,473.3,0.000182,
2342,374164,162,0.4093,0.4771,0.2206,0.3024,0.7726,-0.9061,-0.6919,10563.7,2813.2,676.8,1106.5,0.000379,
2343,374319,155,0.8943,0.0531,0.1264,0.8205,0.1484,-0.9229,0.4243,8185.3,2652.5,230.3,437.7,0.000117,0.023489
2344,374482,163,0.1457,0.1728,0.4035,0.4237,0.8932,-0.8892,-0.4504,11022.9,2488.2,580.1,357.8,0.000102,
2345,374647,165,0.8636,0.0724,0.0856,0.8419,0.4966,-0.9146,0.328,9511.9,2785.1,268.8,581.9,0.000208,0.024205
2346,374800,153,0.2488,0.1987,0.3861,0.4152,1.0,-0.8835,-0.3116,11461.5,2460.4,524.7,701.9,0.000127,
2347,374959,159,0.4738,0.2772,0.222,0.5008,0.7656,-0.9072,-0.1526,10537.1,2837.5,461.0,709.9,0.000185,0.038427
2348,375123,164,-0.0976,0.0419,0.6833,0.2748,0.9529,-0.8056,-0.6603,11250.6,1447.1,664.1,422.7,0.000371,0.03727
2349,375282,159,0.6193,0.5241,0.4736,0.0023,1.0,-0.8645,-0.3991,12427.7,2293.1,559.6,577.5,0.000415,
2350,375436,154,0.0586,0.0977,0.6661,0.2361,1.0,-0.7898,-0.2905,11623.4,1382.2,516.2,422.4,0.000191,
2351,375599,163,0.284,0.3311,0.5113,0.1575,0.761,-0.8834,-0.4011,10519.3,2256.1,560.4,759.4,0.00024,-0.000591
2352,375763,164,0.2501,0.3815,0.466,0.1525,0.6215,-0.9064,-0.5305,9988.0,2666.4,612.2,359.1,0.000132,0.015077
2353,375914,151,0.0537,0.0259,0.8055,0.1686,0.4878,-0.5725,-0.2853,9478.3,554.3,514.1,615.7,0.000247,
2354,376071,157,0.4149,0.3794,0.5823,0.0384,1.0,-0.8374,-0.4668,11539.7,1774.0,586.7,625.1,0.000133,0.030335
2355,376230,159,1.3411,0.8765,0.0549,0.0687,1.0,-0.9138,-0.5641,11733.3,3401.8,625.6,456.0,0.00018,
2356,376380,150,0.031,0.1432,0.6236,0.2333,1.0,-0.8203,-0.6195,11860.8,1650.0,647.8,424.5,0.000292,
2357,376541,161,1.0036,0.0033,0.0754,0.9213,0.0295,-0.9157,0.4845,7732.5,2292.5,206.2,707.8,0.000139,0.037563
2358,376697,156,1.0849,0.7748,0.0407,0.1845,0.8669,-0.9027,-0.4325,10922.7,2806.6,573.0,507.0,0.000158,0.045004
2359,376855,158,0.8287,0.0333,0.1951,0.7717,0.6774,-0.8964,0.466,10200.9,2461.9,213.6,660.0,0.000221,0.043438
2360,377019,164,0.0283,0.2125,0.6965,0.091,0.7486,-0.7964,-0.589,10472.0,1285.9,635.6,988.2,0.000149,-0.001618
2361,377178,159,0.4112,0.2453,0.1648,0.5899,0.9166,-0.8913,-0.2177,11112.2,2555.0,487.1,841.7,0.000154,
2362,377336,158,1.1245,0.8275,0.1378,0.0347,0.8506,-0.911,-0.3113,10860.7,3049.8,524.5,522.7,0.000314,
2363,377496,160,0.3512,0.3486,0.4378,0.2135,1.0,-0.8812,-0.4459,11734.6,2468.7,578.4,691.9,0.000193,
2364,377652,156,0.0171,0.237,0.3705,0.3925,0.2794,-0.9081,-0.5884,8684.5,2362.6,635.3,375.1,8.9e-05,
2365,377804,152,0.2822,0.3192,0.3362,0.3446,0.9329,-0.8854,-0.5951,11174.2,2436.8,638.0,644.7,0.000114,
2366,377964,160,0.1186,0.175,0.7949,0.0302,0.8131,-0.4936,-0.6775,10718.0,529.1,671.0,817.5,0.000145,
2367,378125,161,1.3151,0.9082,0.0572,0.0346,0.867,-0.9009,-0.5269,10923.2,2756.3,610.8,522.5,0.000147,0.059584
2368,378288,163,0.1765,0.2641,0.3949,0.341,0.6761,-0.9097,-0.5607,10195.8,2822.4,624.3,603.3,0.000367,
2369,378446,158,0.7915,0.2469,0.0846,0.6685,0.9559,-0.8976,0.1422,11261.9,2748.7,343.1,484.6,0.000223,
2370,378612,166,0.5644,0.32,0.1025,0.5775,0.6426,-0.9202,-0.1379,10068.1,3153.2,455.2,655.7,0.000143,
2371,378766,154,0.0717,0.0186,0.8776,0.1037,0.0073,-0.1838,-0.4561,7647.9,234.3,582.5,445.9,8.6e-05,
2372,378920,154,0.3483,0.3964,0.4255,0.1782,0.8874,-0.8649,-0.626,11000.8,2036.3,650.4,513.1,0.000188,
2373,379085,165,0.1658,0.0665,0.8289,0.1047,1.0,-0.4317,-0.6889,11480.9,505.1,675.6,474.6,0.000124,0.017211
2374,379247,162,0.0279,0.1475,0.508,0.3445,0.8657,-0.8667,-0.5711,10918.2,2047.7,628.4,728.3,0.000122,0.027425
2375,379408,161,0.0563,0.1362,0.6873,0.1765,1.0,-0.7766,-0.6661,12089.0,1352.6,666.4,624.9,0.000106,
2376,379472,64,-0.5486,0.3651,0.4366,0.1983,-1.0,-1.0,0.5535,0.0,1159.6,178.6,279.7,0.000246,
2377,379634,162,0.1326,0.0901,0.8619,0.0479,-0.0626,-0.4609,-0.14,7381.4,342.3,456.0,460.0,0.00021,
2378,379804,170,0.8732,0.1297,0.1342,0.7361,0.7975,-0.9181,0.3047,10658.6,3251.9,278.1,469.2,0.000178,
2379,379963,159,0.7852,0.2764,0.0483,0.6753,0.5969,-0.9126,0.0349,9894.3,2831.7,386.0,343.7,0.000106,0.002625
2380,380125,162,0.764,0.3715,0.0331,0.5953,1.0,-0.8996,-0.1444,11593.5,2886.4,457.8,587.8,0.000174,0.061506
2381,380284,159,-0.0483,0.0105,0.7923,0.1971,1.0,-0.5347,-0.7185,12034.2,646.5,687.4,715.2,0.000202,
2382,380441,157,-0.2445,0.0255,0.6014,0.3731,1.0,-0.8111,-0.7164,12888.8,1705.4,686.6,794.5,0.000109,0.032829
2383,380597,156,0.3256,0.2997,0.3778,0.3225,1.0,-0.8567,-0.4793,12075.6,2106.5,591.7,572.3,0.000406,0.040347
2384,380753,156,0.0352,0.1302,0.7466,0.1231,0.7378,-0.7313,-0.4207,10430.8,970.6,568.3,543.8,0.000105,0.027861
2385,380911,158,0.139,0.266,0.529,0.205,0.8344,-0.8696,-0.4629,10799.2,2071.1,585.2,671.8,0.000328,0.023738
2386,381069,158,-0.1002,0.1024,0.5947,0.3029,0.6531,-0.8618,-0.4359,10108.4,1828.1,574.4,650.1,0.000372,0.009334
2387,381226,157,0.7422,0.7877,0.1864,0.0259,0.5098,-0.909,-0.5219,9562.3,2626.9,608.8,393.6,0.000246,
2388,381390,164,0.104,0.2248,0.7228,0.0524,0.6627,-0.7742,-0.2957,10144.8,1123.0,518.3,649.8,9.6e-05,
2389,381545,155,0.1597,0.3393,0.6103,0.0504,0.7079,-0.8624,-0.3896,10317.2,1874.7,555.8,883.0,0.000319,0.008221
2390,381708,163,0.2015,0.2166,0.3742,0.4092,1.0,-0.8866,-0.4305,11713.1,2583.2,572.2,784.6,0.000113,
2391,381873,165,0.3653,0.4337,0.2846,0.2817,0.5612,-0.8986,-0.5432,9758.1,2406.6,617.3,470.1,0.000102,0.046805
2392,382029,156,0.3392,0.4169,0.4438,0.1392,0.8676,-0.8884,-0.8814,10925.7,2448.5,752.5,508.4,0.000171,0.021279
2393,382184,155,0.8314,0.6408,0.001,0.3582,0.8726,-0.8902,-0.6517,10944.7,2492.1,660.7,385.9,0.000145,
2394,382340,156,0.5618,0.6214,0.2499,0.1288,0.6162,-0.8859,-0.7482,9967.8,2183.8,699.3,454.0,0.00031,
2395,382495,155,0.0874,0.1298,0.6314,0.2388,1.0,-0.815,-0.3628,11660.4,1576.1,545.1,715.9,0.000136,0.019815
2396,382659,164,0.8405,0.1775,0.1229,0.6996,0.4732,-0.9244,0.2833,9422.9,3116.1,286.7,483.3,0.000172,0.03527
2397,382815,156,0.7676,0.4478,0.0738,0.4784,1.0,-0.8864,-0.2946,12094.0,2662.0,517.9,623.0,0.00015,0.030869
2398,382977,162,1.0345,0.1383,0.1002,0.7616,0.6985,-0.9164,0.4628,10281.5,3074.2,214.9,663.7,0.000156,-0.005228
2399,383140,163,-0.0628,0.0008,0.8783,0.1209,-0.421,-0.5055,-0.438,6016.1,304.1,575.2,583.2,0.000151,
2400,383300,160,0.5127,0.2957,0.1794,0.525,0.9367,-0.8992,-0.298,11188.8,2775.7,519.2,518.8,0.000163,
2401,383460,160,0.8806,0.0099,0.1602,0.8298,0.0748,-0.9233,0.3596,7904.8,2576.3,256.1,487.0,0.000236,
2402,383622,162,1.0701,0.7761,0.195,0.0289,1.0,-0.9159,-0.5691,11821.6,3516.2,627.7,456.7,0.000148,
2403,383776,154,0.8818,0.6616,0.2281,0.1103,0.9656,-0.8918,-0.5444,11298.8,2611.6,617.8,390.0,0.000259,
2404,383928,152,0.1607,0.2332,0.5996,0.1672,0.9497,-0.811,-0.5794,11238.5,1486.9,631.8,511.1,0.000259,
2405,384091,163,0.329,0.3718,0.5952,0.033,1.0,-0.8337,-0.6942,12070.1,1814.6,677.7,744.4,0.000172,0.036067
2406,384250,159,0.8384,0.096,0.0868,0.8172,-0.398,-0.9497,0.3865,6103.8,3036.6,245.4,588.6,0.000176,
2407,384410,160,0.8056,0.6483,0.3041,0.0476,0.9205,-0.8925,-0.4324,11127.1,2587.6,573.0,497.5,0.000151,
2408,384572,162,0.4295,0.4057,0.3459,0.2484,1.0,-0.876,-0.5881,11846.2,2388.7,635.2,482.5,0.000176,
2409,384729,157,-0.0277,0.1575,0.4335,0.4091,0.5358,-0.9217,-0.4753,9661.3,3085.3,590.1,426.0,0.000461,-0.000168
2410,384891,162,0.4189,0.2518,0.2702,0.478,0.8273,-0.912,-0.2227,10772.2,3059.2,489.1,570.3,0.000192,0.025538
2411,385049,158,0.7115,0.5659,0.3525,0.0817,0.9206,-0.8912,-0.3086,11127.4,2557.6,523.5,477.5,0.000655,0.045717
2412,385213,164,1.0856,0.0468,0.0423,0.9109,0.6897,-0.9002,0.4936,10247.9,2566.3,202.6,955.3,0.000129,0.019319
2413,385375,162,0.9275,0.3756,0.0138,0.6106,1.0,-0.8981,-0.0616,11568.1,2837.1,424.6,470.7,0.000136,0.009764
2414,385536,161,0.8177,0.2751,0.0374,0.6875,0.4651,-0.9191,0.1349,9392.0,2902.4,346.0,420.7,0.000121,
2415,385697,161,1.0759,0.7524,0.1242,0.1234,1.0,-0.9136,-0.5592,12151.6,3514.3,623.7,442.9,0.0001,-0.007948
2416,385864,167,0.3258,0.408,0.2842,0.3078,0.9141,-0.8978,-0.8546,11102.6,2716.8,741.8,605.1,0.000132,
2417,386029,165,0.7993,0.5789,0.065,0.3561,0.7616,-0.9184,-0.3799,10521.6,3222.4,551.9,465.1,0.000109,-0.025127
2418,386195,166,0.5402,0.6305,0.3294,0.04,0.6085,-0.9155,-0.8905,9938.2,2940.2,756.2,370.5,0.00021,0.011568
2419,386356,161,0.3048,0.4836,0.331,0.1854,0.4269,-0.9188,-0.4283,9246.7,2845.9,571.3,313.2,9.7e-05,
2420,386512,156,0.4622,0.38,0.2774,0.3426,1.0,-0.8859,-0.3946,11970.6,2622.8,557.9,765.4,0.00011,
2421,386675,163,0.1539,0.0462,0.4191,0.5346,0.7315,-0.9026,-0.1899,10407.1,2671.1,476.0,455.3,0.027347,0.010702
2422,386833,158,0.6291,0.4129,0.2959,0.2912,1.0,-0.9027,-0.2797,11973.1,3076.8,511.9,570.5,0.000102,0.027119
2423,386992,159,0.6792,0.6261,0.3252,0.0487,0.7963,-0.9053,-0.2674,10653.9,2811.6,507.0,702.5,0.000111,
2424,387152,160,0.8735,0.7845,0.2092,0.0064,0.6535,-0.921,-0.417,10109.7,3198.8,566.8,292.7,0.000183,
2425,387307,155,0.4154,0.3815,0.1963,0.4222,0.7571,-0.897,-0.4585,10504.4,2549.4,583.4,574.3,0.000268,0.029639
2426,387468,161,0.8859,0.0446,0.0504,0.905,0.1519,-0.9376,0.3536,8198.9,3285.7,258.6,829.7,0.000181,
2427,387627,159,0.5663,0.4676,0.402,0.1303,1.0,-0.8715,-0.4585,12255.8,2383.8,583.4,780.9,0.000161,0.006247
2428,387784,157,0.4393,0.3786,0.0935,0.5278,0.3964,-0.9245,-0.2775,9130.2,3022.3,511.0,421.2,0.000161,
2429,387951,167,-0.1095,0.1039,0.4974,0.3987,0.8786,-0.8917,-0.7298,10967.3,2531.3,691.9,626.4,0.000478,0.035627
2430,388107,156,-0.1043,0.036,0.6745,0.2894,0.9257,-0.8187,-0.2752,11147.0,1536.7,510.1,801.9,0.000174,0.001887
2431,388265,158,0.163,0.1485,0.7745,0.0769,0.8429,-0.639,-0.3509,10831.6,750.1,540.4,410.8,0.000308,0.024707
2432,388425,160,1.0911,0.2009,0.0172,0.7819,0.3341,-0.9177,0.4176,8892.9,2702.2,232.9,396.5,0.000533,0.036422
2433,388582,157,0.0762,0.1718,0.5873,0.2409,1.0,-0.8488,-0.4285,11909.4,1968.9,571.4,707.5,9.5e-05,
2434,388742,160,0.499,0.4687,0.0357,0.4955,0.6838,-0.9052,-0.5404,10225.3,2695.5,616.2,675.3,0.000152,
2435,388900,158,0.3841,0.3259,0.4236,0.2505,1.0,-0.8757,-0.5051,12124.5,2439.2,602.1,456.1,9.4e-05,
2436,389054,154,0.7945,0.2261,0.0542,0.7197,0.4291,-0.9066,0.2904,9254.7,2476.2,283.8,788.3,0.000296,
2437,389216,162,0.1666,0.045,0.9055,0.0495,-0.1756,-0.0412,-0.6832,6950.9,181.2,673.3,787.8,0.000308,
2438,389372,156,-0.1045,0.115,0.7017,0.1833,0.5351,-0.7932,-0.5879,9658.9,1167.5,635.2,519.0,0.000221,
2439,389538,166,0.1179,0.2643,0.493,0.2426,1.0,-0.8858,-0.6911,11545.9,2527.7,676.4,1029.8,0.000146,
2440,389696,158,0.7252,0.5347,0.1528,0.3125,1.0,-0.8832,-0.5659,12134.8,2597.8,626.4,716.9,0.000101,
2441,389861,165,0.6285,0.4397,0.0416,0.5187,1.0,-0.8915,-0.5375,12290.5,2831.3,615.0,706.0,0.000271,0.026273
2442,390026,165,0.8266,0.9022,0.0974,0.0004,0.4981,-0.9296,-0.7502,9517.7,3379.3,700.1,530.2,0.000102,
2443,390189,163,0.5128,0.2183,0.1997,0.582,0.6576,-0.9095,-0.1034,10125.5,2798.4,441.3,709.3,0.000121,0.027816
2444,390352,163,0.2388,0.2474,0.4075,0.3451,1.0,-0.8886,-0.5703,12365.8,2776.1,628.1,401.8,0.000173,
2445,390515,163,-0.0244,0.1765,0.6979,0.1256,1.0,-0.8003,-0.9828,11678.6,1462.0,793.1,392.9,0.000105,0.017477
2446,390670,155,0.1809,0.2296,0.704,0.0664,0.7313,-0.7824,-0.6487,10406.3,1195.8,659.5,263.8,0.00014,
2447,390832,162,0.4598,0.4997,0.3833,0.117,0.7521,-0.8973,-0.6066,10485.5,2553.2,642.6,422.0,0.000139,
2448,390994,162,1.1891,0.8579,0.0043,0.1377,0.8944,-0.9041,-0.502,11027.7,2874.5,600.8,822.0,0.000402,
2449,391154,160,0.307,0.3857,0.5341,0.0802,0.8801,-0.8706,-0.437,10973.3,2119.6,574.8,751.0,0.000122,
2450,391315,161,0.2574,0.1299,0.2991,0.571,1.0,-0.8887,-0.261,11481.9,2579.2,504.4,574.7,6.5e-05,0.00331
2451,391471,156,0.7696,0.2721,0.0677,0.6603,0.9872,-0.897,0.05,11381.3,2762.5,380.0,690.3,0.00014,0.022972
2452,391632,161,0.7209,0.0645,0.165,0.7705,0.1906,-0.9255,0.3744,8346.2,2801.8,250.3,946.9,0.000111,
2453,391791,159,0.4526,0.2319,0.2208,0.5473,1.0,-0.8793,-0.2178,12572.0,2604.0,487.1,613.1,0.000427,0.009666
2454,391950,159,-0.115,0.0822,0.6325,0.2852,0.88,-0.835,-0.589,10972.9,1663.0,635.6,504.9,0.000148,
2455,392109,159,0.8938,0.0297,0.122,0.8482,-0.1308,-0.9347,0.3934,7121.6,2727.0,242.6,383.1,0.000148,0.010942
2456,392269,160,0.3155,0.2098,0.2235,0.5666,0.0988,-0.9336,-0.0929,7996.5,3011.6,437.2,474.2,0.000142,0.05629
2457,392430,161,0.7419,0.5358,0.1962,0.2681,1.0,-0.9042,-0.6328,11832.7,3088.5,653.1,481.8,0.00012,
2458,392587,157,0.6868,0.6099,0.3893,0.0008,0.944,-0.8781,-0.4131,11216.5,2299.9,565.2,617.7,0.000115,0.013192
2459,392750,163,0.5082,0.5066,0.4769,0.0165,0.8454,-0.9008,-0.6228,10841.1,2733.0,649.1,613.6,0.000241,
2460,392910,160,0.842,0.634,0.1296,0.2364,1.0,-0.8829,-0.7375,11455.4,2445.3,695.0,540.3,0.000252,
2461,393071,161,0.2949,0.1454,0.2857,0.5688,0.8246,-0.9037,-0.1409,10761.6,2793.4,456.3,895.7,0.000243,0.03324
2462,393239,168,0.1883,0.194,0.4131,0.3928,0.8495,-0.8913,-0.4987,10856.5,2496.4,599.5,566.9,0.000107,0.023813
2463,393395,156,0.3253,0.1282,0.2855,0.5863,0.6826,-0.9008,-0.1864,10220.6,2575.4,474.6,711.5,0.000121,0.038599
2464,393557,162,0.8421,0.6308,0.0677,0.3015,0.7394,-0.9161,-0.322,10437.2,3109.7,528.8,751.8,0.000389,0.014418
2465,393719,162,1.0674,0.1911,0.0581,0.7507,0.4636,-0.9189,0.4161,9386.3,2893.9,233.6,494.3,0.000129,0.045821
2466,393877,158,0.0623,0.177,0.6472,0.1759,1.0,-0.8272,-0.4564,12001.8,1736.5,582.6,801.9,0.000102,0.013414
2467,394035,158,0.4157,0.5718,0.3251,0.1031,0.521,-0.9018,-0.5349,9605.0,2444.3,614.0,504.5,0.000114,-0.017399
2468,394192,157,0.7835,0.0354,0.1576,0.807,-0.2986,-0.9441,0.3637,6482.5,2900.3,254.5,553.0,0.000148,
2469,394354,162,0.7513,0.5404,0.1663,0.2933,1.0,-0.8948,-0.4076,11689.0,2779.0,563.0,861.3,0.000181,
2470,394517,163,0.5973,0.533,0.4268,0.0401,0.9558,-0.8782,-0.8714,11261.7,2311.2,748.6,398.9,0.000153,0.001883
2471,394679,162,0.7536,0.4839,0.01,0.5061,1.0,-0.8928,-0.4586,12884.1,3003.5,583.4,821.9,0.000229,0.007917
2472,394838,159,0.2163,0.2293,0.3985,0.3721,1.0,-0.8663,-0.5279,11939.4,2231.8,611.1,387.2,0.000157,
2473,395001,163,0.0177,0.0763,0.7725,0.1512,1.0,-0.5895,-0.7128,12265.2,746.9,685.1,583.5,0.000117,0.001829
2474,395165,164,1.0361,0.6812,0.0033,0.3155,1.0,-0.8926,-0.5603,12410.0,2889.2,624.1,462.0,0.00011,0.044278
2475,395322,157,0.1361,0.3053,0.6416,0.0531,0.8432,-0.8485,-0.7701,10832.5,1787.1,708.0,588.2,0.000182,
2476,395485,163,0.7762,0.3299,0.0556,0.6145,0.8562,-0.9177,-0.0949,10882.2,3303.9,438.0,667.8,0.000176,0.02941
2477,395648,163,1.1315,0.7566,0.1608,0.0827,0.9931,-0.8973,-0.4452,11403.6,2774.9,578.1,466.9,0.000106,
2478,395807,159,0.206,0.1305,0.3795,0.49,0.9107,-0.8925,-0.2394,11089.7,2579.1,495.7,865.9,0.000123,-0.001167
2479,395967,160,-0.0635,0.1902,0.6487,0.1611,0.5874,-0.8577,-0.778,9857.9,1731.8,711.2,324.0,0.00014,0.036337
2480,396122,155,-0.1152,0.0663,0.5546,0.3791,0.7381,-0.8549,-0.5526,10432.1,1797.8,621.1,498.9,0.000146,
2481,396286,164,0.668,0.4829,0.1247,0.3924,0.908,-0.9171,-0.4532,11079.3,3340.0,581.3,895.4,0.000121,
2482,396445,159,0.1837,0.2947,0.436,0.2693,0.6725,-0.8815,-0.4436,10182.3,2148.3,577.4,566.4,0.000115,0.021236
2483,396604,159,0.9948,0.248,0.0558,0.6962,0.9533,-0.8941,0.2316,11252.0,2656.4,307.3,510.0,0.000173,
2484,396769,165,1.1357,0.7259,0.2436,0.0305,1.0,-0.8987,-0.5948,11678.0,2882.9,637.9,317.5,0.000142,0.009611
2485,396931,162,1.1116,0.7841,0.0596,0.1563,0.9483,-0.8943,-0.689,11232.9,2658.0,675.6,502.9,9.8e-05,0.025112
2486,397091,160,0.8787,0.1988,0.0104,0.7909,-0.1267,-0.9395,0.3308,7137.2,2947.0,267.7,561.3,0.000103,-0.008775
2487,397253,162,-0.0684,0.1486,0.5691,0.2823,0.7154,-0.8721,-0.6464,10345.8,2022.2,658.5,435.3,0.000125,-0.026797
2488,397408,155,1.0123,0.7399,0.2437,0.0164,1.0,-0.889,-0.3775,12354.2,2782.6,551.0,586.6,0.000166,
2489,397572,164,0.3674,0.427,0.3587,0.2143,0.7557,-0.8958,-0.5883,10499.0,2519.0,635.3,488.0,0.000214,
2490,397733,161,0.0963,0.1656,0.5981,0.2363,0.9346,-0.8292,-0.3427,11181.0,1636.5,537.1,532.0,0.000111,0.002889
2491,397895,162,0.7283,0.6923,0.0085,0.2992,0.4214,-0.9141,-0.4235,9225.4,2684.6,569.4,397.1,0.000109,-0.003138
2492,398055,160,0.3945,0.1863,0.2248,0.589,0.7132,-0.8802,-0.1622,10337.4,2157.5,464.9,425.9,0.000144,0.029397
2493,398210,155,-0.1692,0.0089,0.6868,0.3043,1.0,-0.7829,-0.47,11982.0,1379.8,588.0,544.8,9.8e-05,
2494,398366,156,0.7494,0.6694,0.1261,0.2046,0.6054,-0.8996,-0.4198,9926.4,2470.7,567.9,305.4,0.000111,
2495,398526,160,0.2364,0.2912,0.6213,0.0874,0.9439,-0.8388,-0.325,11216.2,1739.0,530.0,738.0,0.000116,
2496,398685,159,0.1735,0.3596,0.6339,0.0065,0.5888,-0.8376,-0.3953,9863.2,1518.6,558.1,688.2,0.00015,0.006965
2497,398850,165,0.9389,0.1398,0.0047,0.8555,0.0706,-0.9282,0.3246,7888.9,2747.2,270.2,336.6,0.000138,
2498,399011,161,0.0783,0.1094,0.4688,0.4218,0.7012,-0.8793,-0.3162,10291.7,2131.8,526.5,576.8,0.000236,-0.008504
2499,399172,161,0.1123,0.0299,0.4837,0.4863,1.0,-0.8729,-0.2077,12810.7,2519.8,483.1,456.4,0.000172,
2500,399335,163,0.3295,0.1448,0.238,0.6172,0.9232,-0.9041,-0.1169,11137.6,2904.9,446.8,803.1,0.000163,0.018692
2501,399496,161,0.8657,0.6446,0.2324,0.123,1.0,-0.8923,-0.5706,11924.1,2767.6,628.2,582.8,0.000236,
2502,399658,162,0.5989,0.3147,0.0921,0.5932,0.7186,-0.9058,-0.141,10357.9,2749.0,456.4,550.3,0.00011,
2503,399815,157,0.9273,0.6515,0.1481,0.2004,1.0,-0.8955,-0.4919,11544.3,2762.1,596.8,784.0,0.000128,-0.02026
2504,399973,158,0.2308,0.0719,0.9279,0.0002,-0.1589,-0.0073,-0.6576,7014.6,176.7,663.0,511.2,9.8e-05,0.016616
2505,400135,162,0.477,0.3996,0.0725,0.5279,0.5249,-0.9033,-0.395,9619.7,2487.8,558.0,529.3,0.000141,0.007509
2506,400295,160,0.247,0.3375,0.5509,0.1116,0.6082,-0.8524,-0.3728,9937.2,1682.7,549.1,474.2,8.7e-05,0.007894
2507,400458,163,0.7967,0.5206,0.0707,0.4087,1.0,-0.89,-0.4977,12257.5,2784.7,599.1,506.0,0.000187,
2508,400616,158,0.3393,0.3891,0.3523,0.2586,0.602,-0.9043,-0.2982,9913.7,2589.7,519.3,554.2,0.000214,
2509,400771,155,0.1252,0.231,0.6711,0.0978,0.9125,-0.7914,-0.5271,11096.5,1330.2,610.8,585.4,0.000472,0.007569
2510,400934,163,0.1351,0.3251,0.5975,0.0773,0.5174,-0.8739,-0.4357,9591.3,1901.1,574.3,459.8,0.000343,
2511,401097,163,0.6123,0.5263,0.0218,0.4519,1.0,-0.8977,-0.838,11837.4,2892.4,735.2,487.0,0.000112,-0.004051
2512,401258,161,0.8331,0.0283,0.2174,0.7542,0.5904,-0.9085,0.4475,9869.5,2697.5,221.0,688.2,7.7e-05,
2513,401419,161,0.861,0.0082,0.1588,0.8331,0.6053,-0.9211,0.3375,9926.2,3146.6,265.0,409.8,0.000126,0.037833
2514,401582,163,0.0766,0.1519,0.4134,0.4347,0.8857,-0.8912,-0.4943,10994.5,2527.2,597.7,429.8,0.000117,
2515,401744,162,1.081,0.7256,0.0669,0.2075,0.8931,-0.9131,-0.4378,11022.6,3172.0,575.1,568.6,0.000122,
2516,401899,155,0.4127,0.0373,0.9537,0.009,-0.2869,0.1162,-0.2333,6526.9,146.2,493.3,322.2,6.9e-05,0.001757
2517,402055,156,0.1349,0.2073,0.4872,0.3054,0.8339,-0.8769,-0.5116,10797.3,2193.0,604.7,328.7,0.000129,0.027263
2518,402216,161,0.7722,0.5554,0.1365,0.308,1.0,-0.8707,-0.4329,11867.8,2295.0,573.2,1003.1,0.00011,
2519,402376,160,0.875,0.6405,0.2028,0.1567,1.0,-0.8878,-0.4971,12674.2,2824.2,598.8,496.2,0.00013,
2520,402532,156,0.0252,0.1624,0.6685,0.1691,0.7571,-0.8159,-0.2743,10504.6,1426.5,509.7,668.3,0.000102,
2521,402695,163,0.5541,0.5446,0.0877,0.3677,0.7235,-0.9079,-0.5592,10376.5,2816.3,623.7,759.7,0.000125,0.016096
2522,402855,160,0.6232,0.522,0.3523,0.1257,0.7342,-0.8781,-0.2177,10417.4,2137.2,487.1,649.6,0.00013,-0.01001
2523,403016,161,0.8445,0.6733,0.0448,0.282,0.8465,-0.9075,-0.6269,10845.1,2930.1,650.8,687.7,9.1e-05,
2524,403179,163,0.6529,0.2975,0.1387,0.5638,0.8075,-0.9159,-0.056,10696.4,3179.7,422.4,772.5,0.000206,0.036869
2525,403339,160,0.5358,0.1263,0.2624,0.6113,0.7772,-0.89,0.0734,10581.1,2403.9,370.6,623.7,0.000135,-0.008291
2526,403500,161,1.0355,0.7031,0.1331,0.1638,1.0,-0.8913,-0.3617,11786.3,2710.3,544.7,689.4,0.000107,
2527,403662,162,0.9512,0.6204,0.0619,0.3177,1.0,-0.8963,-0.4646,11555.0,2786.1,585.8,471.7,0.000158,
2528,403827,165,0.6022,0.3372,0.1379,0.5249,0.8079,-0.9083,-0.2163,10698.1,2916.2,486.5,528.2,0.000136,0.011949
2529,403987,160,-0.15,0.0308,0.688,0.2812,0.7288,-0.79,-0.5125,10396.6,1237.8,605.0,551.6,8.9e-05,-0.00444
2530,404146,159,0.2375,0.3001,0.4601,0.2398,0.8366,-0.8715,-0.4622,10807.3,2102.6,584.9,488.3,6.8e-05,
2531,404307,161,0.5588,0.1844,0.1834,0.6322,0.8007,-0.9008,0.0064,10670.7,2689.4,397.5,579.5,0.00021,0.00348
2532,404467,160,0.6934,0.2622,0.1376,0.6002,1.0,-0.8916,-0.1297,12006.7,2770.2,451.9,422.1,0.000138,0.012482
2533,404627,160,1.1465,0.7515,0.0536,0.1949,1.0,-0.892,-0.5407,11769.0,2723.5,616.3,556.6,8.9e-05,0.021749
2534,404783,156,0.3163,0.3483,0.4331,0.2186,1.0,-0.8752,-0.6818,11588.4,2321.1,672.7,517.1,0.000191,0.0438
2535,404945,162,0.2444,0.1061,0.8387,0.0552,0.9918,-0.2827,-0.6263,11398.9,397.3,650.5,1025.6,0.000217,0.021145
2536,405108,163,-0.0403,0.1407,0.531,0.3283,0.7507,-0.8785,-0.6118,10480.3,2155.7,644.7,403.6,0.000121,
2537,405265,157,-0.055,0.0836,0.6725,0.2439,0.8781,-0.7624,-0.4237,10965.6,1153.9,569.5,708.6,0.000101,0.005034
2538,405423,158,0.1527,0.0351,0.4359,0.529,0.7076,-0.8684,-0.2154,10316.1,1959.2,486.2,281.7,0.000305,0.002083
2539,405591,168,0.0793,0.1387,0.7376,0.1236,1.0,-0.7068,-0.5748,11598.7,989.1,629.9,844.4,0.000102,-0.002018
2540,405749,158,1.1883,0.7515,0.0522,0.1962,0.9954,-0.8981,-0.3014,11412.6,2798.8,520.6,561.5,0.000145,0.008439
2541,405902,153,0.7791,0.3821,0.0753,0.5426,1.0,-0.893,-0.1625,12221.3,2856.3,465.0,709.0,0.000148,
2542,406064,162,0.3136,0.38,0.1915,0.4285,0.5163,-0.9208,-0.5283,9586.9,3027.3,611.3,362.0,7.4e-05,
2543,406223,159,0.9731,0.3503,0.0393,0.6104,0.791,-0.9058,0.0903,10633.9,2821.4,363.9,311.8,0.000233,0.00052
2544,406382,159,0.3182,0.385,0.2487,0.3663,0.8463,-0.9016,-0.7356,10844.3,2754.2,694.3,381.4,9.6e-05,
2545,406546,164,0.8369,0.424,0.0982,0.4778,1.0,-0.8914,-0.1296,11563.9,2662.5,451.8,578.7,0.000176,
2546,406703,157,0.7324,0.3509,0.1112,0.5379,1.0,-0.8831,-0.1584,12443.2,2661.0,463.4,489.0,0.000315,-0.002599
2547,406863,160,0.2162,0.1899,0.7618,0.0482,0.83,-0.6407,-0.4985,10782.4,750.2,599.4,174.1,0.000122,0.027628
2548,407023,160,0.4294,0.3103,0.2494,0.4403,0.469,-0.9262,-0.1599,9406.9,3188.3,464.0,579.5,0.000105,0.028907
2549,407181,158,0.931,0.1239,0.0346,0.8415,-0.5006,-0.9464,0.4649,5712.6,2662.0,214.0,568.1,0.000144,0.005226
2550,407340,159,0.8086,0.8659,0.0899,0.0442,0.4131,-0.9238,-0.4828,9194.0,3018.2,593.1,249.2,0.000217,
2551,407499,159,0.8646,0.5783,0.1517,0.2699,1.0,-0.8989,-0.4756,11937.1,2951.5,590.2,703.5,0.000169,0.012544
2552,407660,161,1.0906,0.6987,0.1382,0.1631,1.0,-0.9023,-0.544,12022.9,3075.3,617.6,336.1,0.000246,
2553,407825,165,-0.1248,0.053,0.6892,0.2578,0.9731,-0.7592,-0.5939,11327.5,1175.9,637.6,623.1,0.000131,-0.024412
2554,407985,160,0.9162,0.6301,0.1788,0.1911,0.9692,-0.9042,-0.367,11312.6,2950.9,546.8,587.2,0.000139,-0.015125
2555,408140,155,-0.1258,0.0176,0.6816,0.3008,0.6451,-0.8101,-0.4071,10078.0,1326.8,562.8,575.9,0.000172,
2556,408302,162,0.7298,0.6009,0.3264,0.0727,0.8265,-0.9001,-0.5676,10769.1,2695.0,627.0,542.4,0.000136,
2557,408467,165,0.4973,0.0672,0.2302,0.7026,0.5245,-0.9288,-0.0412,9618.4,3378.0,416.5,413.3,8.5e-05,-0.023737
2558,408621,154,1.2904,0.8923,0.0899,0.0179,0.9392,-0.8867,-0.4066,11198.4,2470.1,562.6,588.8,0.000166,0.018875
2559,408786,165,0.4558,0.3203,0.1818,0.4979,1.0,-0.9053,-0.4019,11437.3,3019.0,560.8,677.3,0.000128,
2560,408943,157,0.6318,0.716,0.2298,0.0542,0.5842,-0.9049,-0.5307,9845.9,2587.5,612.3,674.0,9.1e-05,-0.018616
2561,409101,158,0.7825,0.4527,0.0058,0.5415,0.9215,-0.9054,-0.2551,11130.9,2941.0,502.0,437.0,8.8e-05,-0.039007
2562,409256,155,-0.0961,0.0674,0.6947,0.2379,0.4763,-0.7794,-0.5281,9434.9,1069.0,611.2,589.0,0.000234,
2563,409417,161,0.3376,0.3928,0.395,0.2122,0.7807,-0.8968,-0.4675,10594.4,2565.9,587.0,687.1,0.000272,-0.003451
2564,409577,160,0.6598,0.464,0.2049,0.3311,1.0,-0.88,-0.3609,12352.7,2573.6,544.3,843.8,0.000116,0.028702
2565,409739,162,0.167,0.0891,0.3956,0.5152,1.0,-0.8448,-0.4444,12501.8,2014.0,577.8,525.3,0.000157,-0.009698
2566,409893,154,0.3111,0.3264,0.4737,0.1999,0.8271,-0.8824,-0.3019,10771.4,2290.7,520.8,634.4,0.000517,0.009617
2567,410053,160,0.242,0.0525,0.3321,0.6154,1.0,-0.8817,-0.2335,11832.0,2501.2,493.4,219.7,0.000112,-0.025011
2568,410214,161,0.4673,0.4242,0.2849,0.2909,1.0,-0.8774,-0.6087,11935.3,2433.9,643.5,581.4,0.000136,
2569,410370,156,0.3707,0.3042,0.3179,0.3779,0.8306,-0.876,-0.3794,10784.8,2173.6,551.8,437.9,0.000288,
2570,410521,151,0.2296,0.3682,0.5574,0.0743,0.4492,-0.8613,-0.3228,9331.4,1682.4,529.1,257.1,8e-05,-0.015804
2571,410679,158,0.4905,0.4603,0.1481,0.3917,0.4058,-0.9269,-0.2149,9165.9,3136.7,486.0,641.7,0.000194,-0.015573
2572,410846,167,0.5543,0.1295,0.2338,0.6367,0.9655,-0.9159,0.0717,11298.5,3358.5,371.3,493.2,0.000162,
2573,411005,159,0.1012,0.14,0.5433,0.3167,1.0,-0.8427,-0.4737,11624.0,1847.5,589.5,261.9,9.8e-05,-0.013172
2574,411161,156,1.253,0.8831,0.054,0.063,0.9176,-0.8982,-0.3054,11116.0,2728.6,522.2,393.7,0.000118,-0.002915
2575,411318,157,0.9057,0.3173,0.0134,0.6693,0.5763,-0.922,0.0599,9815.8,3147.2,376.0,359.4,9.6e-05,
2576,411478,160,0.2835,0.2282,0.3511,0.4207,0.3189,-0.9141,-0.0369,8835.1,2572.0,414.8,359.3,0.000177,
2577,411638,160,0.2822,0.292,0.6981,0.0099,1.0,-0.7448,-0.5791,11487.2,1125.2,631.6,366.9,0.000199,
2578,411802,164,0.1371,0.2319,0.6978,0.0703,0.8943,-0.7414,-0.7809,11027.4,1066.0,712.3,773.2,8.3e-05,
2579,411961,159,0.1835,0.1359,0.7636,0.1004,1.0,-0.5976,-0.3673,11894.9,739.1,546.9,483.4,0.000232,-0.035695
2580,412121,160,0.7847,0.5388,0.1614,0.2998,0.9681,-0.9005,-0.3891,11308.3,2840.1,555.6,699.9,0.000164,-0.008398
2581,412281,160,0.7488,0.5222,0.3461,0.1317,1.0,-0.8951,-0.3695,11454.4,2730.9,547.8,689.5,0.000102,-0.036825
2582,412447,166,0.7117,0.1203,0.1617,0.718,0.7739,-0.9063,0.1029,10568.5,2821.2,358.9,462.5,0.00021,-0.006739
2583,412610,163,0.0425,0.0135,0.4556,0.5309,1.0,-0.8764,-0.2717,11654.8,2356.8,508.7,345.5,0.000119,
2584,412764,154,0.4243,0.2619,0.3838,0.3544,1.0,-0.8682,-0.2458,12196.7,2313.7,498.3,583.6,0.000118,
2585,412924,160,0.7878,0.5396,0.1787,0.2816,1.0,-0.9021,-0.4331,12278.0,3135.9,573.3,534.3,0.000268,
2586,413082,158,0.3959,0.1146,0.2941,0.5912,0.9439,-0.8403,-0.0971,11216.3,1756.2,438.8,514.9,0.000208,
2587,413239,157,0.2835,0.3846,0.3107,0.3047,0.5238,-0.8983,-0.374,9615.8,2363.1,549.6,602.8,0.000222,0.004452
2588,413398,159,0.1781,0.2232,0.5429,0.2339,0.8849,-0.8548,-0.3142,10991.6,1891.9,525.7,653.6,0.000122,
2589,413558,160,0.3496,0.3196,0.3904,0.29,0.8437,-0.8773,-0.3745,10834.6,2207.7,549.8,746.8,0.000124,
2590,413726,168,0.0632,0.1773,0.5016,0.3211,1.0,-0.8865,-0.6013,11703.7,2578.2,640.5,498.6,0.000247,
2591,413888,162,0.1653,0.2362,0.5342,0.2296,0.8903,-0.8715,-0.5608,11012.1,2143.2,624.3,703.9,9.3e-05,
2592,414051,163,0.4547,0.1183,0.232,0.6498,0.8781,-0.9008,-0.0747,10965.7,2763.1,429.9,521.6,9.6e-05,-0.026274
2593,414211,160,0.0942,0.2884,0.517,0.1946,0.5892,-0.8775,-0.5959,9864.8,2013.9,638.3,395.6,0.000125,0.011066
2594,414372,161,1.082,0.224,0.0233,0.7526,0.5898,-0.9215,0.3731,9867.0,3144.1,250.7,448.9,0.000184,
2595,414532,160,0.81,0.6647,0.1392,0.196,0.7801,-0.9006,-0.5711,10592.1,2664.6,628.4,429.9,0.0003,
2596,414686,154,0.6821,0.2896,0.0937,0.6167,1.0,-0.8715,-0.0715,12875.1,2505.3,428.6,776.0,0.00011,
2597,414847,161,0.2602,0.0318,0.4131,0.5551,0.7627,-0.8687,-0.0997,10525.9,2004.0,439.9,639.0,0.000132,-0.036519
2598,415003,156,0.3311,0.2767,0.3449,0.3785,0.7337,-0.886,-0.3326,10415.4,2283.7,533.1,427.7,9.4e-05,-0.021082
2599,415161,158,0.6637,0.5479,0.1017,0.3504,0.5668,-0.9056,-0.4108,9779.6,2590.2,564.3,378.8,0.000181,0.000379
2600,415324,163,0.7981,0.1788,0.1704,0.6508,1.0,-0.8613,0.1451,12050.2,2172.5,342.0,564.7,0.000169,
2601,415480,156,0.2088,0.2599,0.4062,0.3339,0.9604,-0.8748,-0.5183,11279.1,2251.8,607.3,319.1,0.000114,
2602,415638,158,0.1226,0.1559,0.7451,0.099,1.0,-0.6901,-0.4039,11990.6,967.2,561.6,489.4,0.000113,
2603,415792,154,1.0307,0.6695,0.0721,0.2584,1.0,-0.882,-0.4116,12070.9,2557.4,564.6,766.2,7.6e-05,
2604,415947,155,0.3101,0.2016,0.253,0.5454,0.2848,-0.916,-0.326,8705.2,2591.7,530.4,478.1,0.000178,-0.000593
2605,416107,160,0.5339,0.2121,0.188,0.5999,1.0,-0.8909,-0.1101,12493.0,2863.2,444.0,520.2,0.000135,0.020338
2606,416269,162,0.5094,0.3021,0.1428,0.5551,0.9216,-0.8894,-0.2976,11131.5,2515.8,519.0,811.9,0.000389,-0.000627
2607,416426,157,0.9518,0.0489,0.0656,0.8855,-0.1583,-0.938,0.4478,7017.0,2831.5,220.9,573.9,0.000114,
2608,416576,150,-0.127,0.0517,0.5443,0.404,0.8845,-0.8429,-0.4577,10989.9,1748.9,583.1,608.9,0.000154,
2609,416734,158,0.0091,0.179,0.6045,0.2164,0.7679,-0.8378,-0.5366,10545.6,1625.6,614.7,708.5,7.1e-05,
2610,416895,161,0.9908,0.015,0.0714,0.9136,0.4392,-0.9278,0.3793,9293.4,3217.5,248.3,530.9,0.000129,-0.00483
2611,417059,164,0.2117,0.3451,0.2431,0.4118,0.5636,-0.9178,-0.5579,9767.2,2970.6,623.2,563.4,0.00025,0.000983
2612,417213,154,0.4995,0.558,0.2974,0.1445,0.6734,-0.8965,-0.6178,10185.7,2461.2,647.1,739.7,0.000165,-0.010085
2613,417374,161,1.2914,0.8447,0.1308,0.0244,1.0,-0.8787,-0.5556,11443.6,2358.9,622.3,278.5,0.000374,
2614,417533,159,0.4185,0.1742,0.1794,0.6464,0.7949,-0.901,-0.1492,10648.5,2687.8,459.7,635.5,0.000204,0.012464
2615,417699,166,0.4891,0.2421,0.2094,0.5484,0.8404,-0.9094,-0.1144,10821.9,2987.1,445.8,644.3,0.000278,0.017515
2616,417860,161,0.0133,0.0239,0.8046,0.1715,0.9927,-0.4863,-0.6133,11402.0,554.9,645.3,679.7,0.000169,
2617,418021,161,0.5292,0.3169,0.1519,0.5312,0.7197,-0.9045,-0.2462,10361.9,2713.7,498.5,432.3,9.4e-05,-0.002745
2618,418178,157,0.4718,0.2303,0.2861,0.4837,1.0,-0.851,-0.1399,12678.7,2127.8,456.0,615.2,0.000156,
2619,418338,160,-0.022,0.0461,0.6333,0.3205,0.9391,-0.7983,-0.3145,11197.9,1388.1,525.8,535.1,9.5e-05,
2620,418502,164,0.88,0.5126,0.1049,0.3826,1.0,-0.9036,-0.3513,11688.8,3032.6,540.5,565.6,0.000124,
2621,418663,161,0.784,0.3008,0.0624,0.6367,0.7969,-0.9082,0.0453,10656.1,2901.5,381.9,736.9,0.000123,-0.006033
2622,418824,161,0.5328,0.4847,0.1225,0.3928,0.5675,-0.9185,-0.3737,9782.1,2999.0,549.5,630.5,0.000115,
2623,418988,164,1.2066,0.8508,0.1109,0.0384,0.9233,-0.9084,-0.4058,11137.7,3041.4,562.3,451.3,0.000101,
2624,419150,162,0.1746,0.0834,0.7544,0.1622,1.0,-0.6298,-0.3278,11927.0,805.4,531.1,281.4,0.000113,
2625,419303,153,1.1748,0.8781,0.1029,0.0189,0.9027,-0.8953,-0.4461,11059.3,2641.2,578.4,596.2,0.00044,-0.025751
2626,419460,157,0.1031,0.0991,0.7644,0.1365,0.8662,-0.6278,-0.4719,10920.3,733.5,588.8,531.5,0.000187,
2627,419620,160,0.6963,0.2224,0.0434,0.7342,-0.127,-0.9369,0.1625,7136.3,2826.8,335.0,464.7,0.000129,
2628,419780,160,-0.1397,0.1388,0.6136,0.2476,0.5617,-0.8387,-0.7671,9760.0,1512.7,706.8,468.9,9.2e-05,
2629,419943,163,0.268,0.0519,0.9452,0.0029,-0.0894,0.0189,-0.5155,7279.5,178.6,606.2,545.9,0.000248,0.00532
2630,420102,159,0.5755,0.2525,0.1916,0.5559,1.0,-0.8966,-0.0253,11961.2,2891.9,410.1,611.1,7.6e-05,
2631,420266,164,0.4924,0.218,0.2033,0.5787,1.0,-0.8977,-0.1749,11895.3,2907.1,469.9,501.6,0.000218,
2632,420431,165,0.4557,0.0775,0.3044,0.6182,0.7236,-0.9091,0.0847,10376.9,2852.7,366.1,405.8,0.000125,-0.006747
2633,420591,160,0.0232,0.0733,0.6291,0.2976,0.7329,-0.8256,-0.1912,10412.4,1493.0,476.5,628.5,0.000137,0.029661
2634,420754,163,0.4334,0.4855,0.508,0.0065,0.8047,-0.859,-0.661,10686.0,1894.3,664.4,758.3,0.000106,
2635,420920,166,1.0615,0.0159,0.0666,0.9174,0.8224,-0.9089,0.4365,10753.4,2949.4,225.4,591.5,0.0001,
2636,421074,154,0.4335,0.0167,0.3205,0.6629,0.7617,-0.8794,0.247,10521.9,2181.8,301.2,978.1,0.000149,
2637,421233,159,-0.004,0.0383,0.4741,0.4876,0.7619,-0.8913,-0.3675,10522.8,2421.0,547.0,413.2,9.5e-05,-0.019384
2638,421399,166,1.1787,0.7666,0.0588,0.1745,1.0,-0.8898,-0.5043,11918.9,2703.9,601.7,465.8,0.000209,-0.036943
2639,421562,163,0.3967,0.3618,0.1981,0.44,0.9307,-0.867,-0.7002,11166.0,2098.5,680.1,621.6,0.000156,
2640,421721,159,0.2376,0.3897,0.5693,0.0409,0.676,-0.8721,-0.4444,10195.6,1992.1,577.8,440.4,7.4e-05,0.016113
2641,421881,160,0.3803,0.5395,0.3637,0.0969,0.5059,-0.8952,-0.5754,9547.6,2277.2,630.1,573.3,0.000173,0.000526
2642,422036,155,0.0486,0.0602,0.7722,0.1677,0.6329,-0.6374,-0.2917,10031.3,691.7,516.7,490.4,0.000197,
2643,422204,168,0.7612,0.585,0.3763,0.0387,0.9428,-0.895,-0.2591,11212.0,2669.4,503.6,603.8,0.000169,
2644,422363,159,0.9553,0.7428,0.1746,0.0826,0.8447,-0.892,-0.4714,10838.2,2509.4,588.6,343.7,0.000498,0.003743
2645,422525,162,0.3745,0.3571,0.6281,0.0148,1.0,-0.8082,-0.5598,11942.2,1556.7,623.9,727.6,0.000192,-0.022419
2646,422686,161,0.6771,0.441,0.1287,0.4303,1.0,-0.8894,-0.4551,11549.9,2610.9,582.0,458.4,0.000176,
2647,422843,157,0.5799,0.4266,0.3575,0.2158,1.0,-0.8617,-0.4189,12566.5,2271.6,567.6,468.0,0.000136,0.005025
2648,423003,160,1.0171,0.8559,0.0225,0.1216,0.607,-0.9131,-0.3479,9932.7,2856.9,539.2,317.1,0.000113,-0.022646
2649,423166,163,0.023,0.1134,0.5906,0.2959,1.0,-0.8,-0.5187,11496.6,1436.7,607.5,540.0,8.3e-05,
2650,423324,158,1.1113,0.8716,0.0756,0.0529,0.7272,-0.9109,-0.2878,10390.8,2915.2,515.1,498.1,0.000155,
2651,423487,163,0.1924,0.0695,0.3703,0.5601,0.8919,-0.8904,-0.1482,11018.1,2514.1,459.3,535.4,0.00011,-0.011626
2652,423646,159,0.0261,0.1186,0.7634,0.1181,0.692,-0.7063,-0.4445,10256.5,872.9,577.8,559.0,0.00026,
2653,423802,156,1.3314,0.9276,0.0483,0.0241,0.9097,-0.896,-0.384,11085.9,2665.0,553.6,414.4,0.000122,
2654,423965,163,0.707,0.437,0.0275,0.5355,0.8726,-0.9092,-0.3377,10944.6,3014.8,535.1,523.0,0.000151,-0.00276
2655,424129,164,0.622,0.3698,0.0646,0.5656,1.0,-0.8996,-0.4344,11532.0,2870.8,573.8,638.0,8.2e-05,-0.020409
2656,424288,159,0.2053,0.2216,0.6924,0.0861,0.8863,-0.7792,-0.3509,10996.7,1245.2,540.4,378.7,0.000134,
2657,424451,163,-0.004,0.1692,0.6244,0.2064,0.779,-0.8355,-0.5632,10588.0,1609.6,625.3,839.5,0.000156,-0.039728
2658,424606,155,0.5432,0.2257,0.2527,0.5216,0.8964,-0.8811,-0.0456,11035.1,2320.9,418.2,335.9,8.6e-05,
2659,424766,160,0.4417,0.382,0.3429,0.2751,0.9601,-0.9032,-0.3105,11278.2,2913.8,524.2,617.3,0.000139,
2660,424929,163,0.0241,0.1141,0.5386,0.3473,0.8563,-0.8428,-0.3226,10882.6,1731.2,529.0,933.6,0.000206,-0.013595
2661,425088,159,0.562,0.4361,0.1751,0.3887,0.8289,-0.8962,-0.3004,10778.0,2595.8,520.2,934.5,6e-05,
2662,425254,166,0.1751,0.0738,0.85,0.0763,0.8088,-0.1936,-0.4107,10701.5,331.8,564.3,595.9,0.000144,
2663,425412,158,1.3526,0.9698,0.0283,0.0019,0.8362,-0.9073,-0.4227,10805.7,2913.8,569.1,529.4,0.000337,
2664,425573,161,0.5491,0.3057,0.1359,0.5583,1.0,-0.884,-0.2771,11591.6,2498.0,510.8,703.6,0.000103,0.011003
2665,425731,158,0.1589,0.1197,0.3857,0.4946,1.0,-0.8851,-0.3049,12416.8,2702.7,522.0,535.4,9.3e-05,-0.031445
2666,425886,155,0.8433,0.2477,0.0659,0.6864,0.6622,-0.9052,0.1671,10142.9,2675.1,333.2,591.0,0.000113,
2667,426046,160,-0.0118,0.0886,0.5152,0.3962,0.5007,-0.893,-0.3568,9527.5,2225.4,542.7,492.5,0.000158,
2668,426202,156,-0.118,0.0142,0.7129,0.2729,1.0,-0.7309,-0.6244,11509.8,1069.2,649.8,326.2,0.000102,
2669,426364,162,0.388,0.3655,0.5296,0.1049,0.9622,-0.8578,-0.5322,11286.0,1983.9,612.9,626.3,0.0001,
2670,426520,156,0.0148,0.1297,0.6994,0.1709,0.6681,-0.75,-0.5368,10165.5,1016.6,614.7,585.7,6.9e-05,
2671,426677,157,0.4966,0.2061,0.2057,0.5882,0.5688,-0.9016,-0.103,9787.2,2485.8,441.2,404.1,0.000157,-0.006728
2672,426834,157,0.3889,0.061,0.2908,0.6482,0.7639,-0.8665,0.1088,10530.6,1971.3,356.5,674.8,0.00023,
2673,427000,166,0.2932,0.3493,0.489,0.1617,0.7781,-0.8559,-0.6297,10584.4,1836.2,651.9,472.3,0.000229,
2674,427161,161,0.0239,0.1064,0.802,0.0916,0.7628,-0.5641,-0.3469,10526.4,603.7,538.8,818.9,0.000162,-0.010105
2675,427319,158,0.4363,0.3048,0.3249,0.3703,1.0,-0.893,-0.4481,12369.8,2890.1,579.2,661.1,0.000117,-0.026057
2676,427481,162,0.4882,0.4664,0.1496,0.384,0.6719,-0.9227,-0.7252,10179.8,3293.5,690.1,434.0,9.2e-05,-0.016587
2677,427637,156,0.2939,0.2763,0.4206,0.3031,0.7298,-0.9002,-0.1865,10400.4,2605.7,474.6,608.0,0.000158,-0.031038
2678,427796,159,0.3018,0.3497,0.3032,0.3471,0.6935,-0.9111,-0.3771,10262.3,2886.0,550.8,645.2,0.000157,
2679,427959,163,0.2176,0.2451,0.4509,0.304,0.8895,-0.8601,-0.4234,11009.1,1967.3,569.4,708.4,8.1e-05,-0.03124
2680,428116,157,0.1117,0.108,0.5542,0.3379,0.7993,-0.8732,-0.162,10665.2,2103.1,464.8,554.5,0.000127,
2681,428272,156,0.216,0.0217,0.8386,0.1397,0.9713,-0.2113,-0.4794,11320.6,358.8,591.8,441.6,0.005685,
2682,428428,156,0.0593,0.0346,0.5602,0.4052,1.0,-0.8519,-0.2707,11686.7,1972.7,508.3,405.4,0.000101,
2683,428587,159,0.4081,0.3934,0.272,0.3346,0.6081,-0.8988,-0.4283,9937.0,2455.2,571.3,358.8,0.000122,-0.014287
2684,428747,160,0.7335,0.568,0.3985,0.0335,0.9878,-0.8924,-0.2494,11383.6,2644.5,499.8,561.2,7.2e-05,-0.034423
2685,428908,161,0.5736,0.3693,0.202,0.4287,1.0,-0.8889,-0.2769,11730.7,2638.6,510.7,800.2,8.7e-05,
2686,429069,161,0.8865,0.0039,0.0773,0.9188,0.0649,-0.9366,0.3097,7867.3,3102.4,276.1,428.6,0.000252,-0.028632
2687,429224,155,0.5075,0.2265,0.1378,0.6357,0.5575,-0.8962,-0.003,9743.9,2347.8,401.2,773.5,0.000148,
2688,429391,167,0.0117,0.2568,0.6524,0.0908,0.3684,-0.839,-0.3774,9023.7,1401.4,551.0,837.7,0.000111,0.014329
2689,429554,163,0.6377,0.4598,0.4825,0.0577,1.0,-0.8633,-0.476,12619.2,2307.7,590.4,185.6,9.3e-05,
2690,429718,164,1.1248,0.7362,0.148,0.1158,1.0,-0.8832,-0.6573,11836.6,2534.6,662.9,365.5,9.4e-05,
2691,429880,162,0.0662,0.1839,0.5909,0.2252,0.8179,-0.8409,-0.4941,10736.1,1686.7,597.7,775.8,8.4e-05,
2692,430033,153,0.3441,0.3283,0.5114,0.1602,1.0,-0.8452,-0.5347,11864.7,1916.5,613.9,380.9,0.000176,-0.005897
2693,430195,162,0.26,0.2696,0.4473,0.2832,1.0,-0.8555,-0.5059,12077.1,2090.1,602.4,806.2,7.5e-05,-0.041439
2694,430349,154,0.9992,0.6737,0.1434,0.1828,0.8589,-0.9041,0.0142,10892.3,2838.6,394.3,518.8,0.000152,-0.003458
2695,430513,164,0.0277,0.2236,0.339,0.4374,0.7607,-0.9174,-0.7163,10518.2,3184.3,686.5,648.5,0.000153,-0.031619
2696,430666,153,1.1022,0.7567,0.0662,0.1771,0.7888,-0.8938,-0.4175,10625.5,2501.5,567.0,329.4,0.000163,
2697,430824,158,0.781,0.571,0.1541,0.2749,0.8968,-0.8951,-0.3989,11036.8,2629.6,559.6,540.9,7.8e-05,
2698,430983,159,0.8924,0.6714,0.252,0.0766,1.0,-0.8952,-0.5154,11496.3,2742.7,606.2,390.3,9.9e-05,-0.043178
2699,431146,163,0.0678,0.196,0.7357,0.0683,0.7147,-0.7283,-0.6518,10343.0,951.7,660.7,386.0,0.000165,
2700,431312,166,-0.0036,0.0818,0.5574,0.3608,0.9285,-0.8472,-0.3054,11157.6,1825.7,522.2,744.8,0.000116,
2701,431468,156,0.5743,0.4958,0.0429,0.4613,0.6267,-0.9037,-0.4457,10007.6,2599.3,578.3,475.5,0.00025,
2702,431634,166,0.5955,0.4883,0.3463,0.1654,0.7415,-0.9152,-0.2203,10445.1,3079.5,488.1,560.2,8.6e-05,
2703,431790,156,1.0158,0.6958,0.1291,0.1751,0.9687,-0.8971,-0.2184,11310.7,2747.9,487.3,510.0,9.6e-05,
2704,431948,158,0.889,0.8089,0.0795,0.1116,0.638,-0.9105,-0.3799,10050.8,2808.9,552.0,608.0,9.5e-05,
2705,432120,172,0.3665,0.3632,0.4749,0.1619,0.912,-0.891,-0.4681,11094.6,2544.0,587.2,841.8,6.3e-05,
2706,432276,156,0.797,0.6238,0.0708,0.3053,0.7441,-0.896,-0.3632,10455.1,2513.4,545.3,1047.6,0.000113,
2707,432435,159,0.3524,0.057,0.3807,0.5623,1.0,-0.8804,-0.1083,12141.3,2538.4,443.3,313.6,0.000138,-0.009517
2708,432594,159,0.0067,0.1806,0.5064,0.313,0.5367,-0.866,-0.4876,9664.8,1803.7,595.0,354.8,8.6e-05,
2709,432753,159,0.0026,0.1395,0.7436,0.1169,0.8724,-0.7444,-0.5479,10943.9,1070.3,619.1,1093.7,0.000134,0.009889
2710,432908,155,0.7508,0.5056,0.2542,0.2402,0.9989,-0.9043,-0.3811,11425.7,2984.5,552.4,409.7,0.000116,
2711,433068,160,0.4061,0.3801,0.563,0.0568,0.913,-0.8581,-0.1026,11098.4,1955.6,441.0,596.1,0.000128,
2712,433229,161,0.116,0.0081,0.3737,0.6182,0.7501,-0.9015,-0.1476,10478.0,2659.9,459.1,722.2,0.00011,0.017337
2713,433392,163,0.6438,0.4738,0.3932,0.133,1.0,-0.9013,-0.3805,12177.9,3083.3,552.2,422.9,0.00011,
2714,433542,150,-0.2277,0.0122,0.6755,0.3123,0.7954,-0.7878,-0.4848,10650.4,1254.9,593.9,760.3,0.000225,
2715,433698,156,0.0696,0.0342,0.7975,0.1683,0.7545,-0.553,-0.285,10494.5,587.0,514.0,1023.8,0.000168,
2716,433859,161,1.0262,0.8404,0.0124,0.1472,0.7141,-0.9139,-0.4167,10340.5,3002.5,566.7,641.8,0.00016,-0.019242
2717,434019,160,0.2015,0.2484,0.29,0.4616,0.0373,-0.9216,-0.1434,7762.2,2475.6,457.4,865.5,0.000116,-0.025661
2718,434181,162,0.2996,0.214,0.263,0.523,0.7321,-0.9036,-0.3424,10409.1,2699.6,537.0,892.2,0.000219,-0.031322
2719,434336,155,0.8632,0.1614,0.072,0.7666,-0.0078,-0.9355,0.4094,7590.2,2941.6,236.3,619.5,9.7e-05,
2720,434501,165,0.432,0.5361,0.2694,0.1945,0.4611,-0.9091,-0.6506,9376.6,2579.5,660.3,504.3,0.000139,1.7e-05
2721,434654,153,0.4786,0.3337,0.1943,0.472,0.8199,-0.8858,-0.3761,10743.8,2351.4,550.5,435.5,0.000174,
2722,434811,157,1.102,0.6434,0.016,0.3406,0.9907,-0.8835,-0.2098,11394.6,2446.0,483.9,379.4,8.3e-05,-0.036065
2723,434973,162,0.7769,0.2779,0.0313,0.6908,0.3217,-0.9268,0.0494,8845.9,3021.3,380.2,341.0,0.000116,-0.038407
2724,435133,160,0.7755,0.4414,0.149,0.4096,1.0,-0.8771,-0.1901,11714.6,2382.0,476.0,678.4,0.000108,0.027246
2725,435295,162,0.2881,0.3892,0.3074,0.3033,0.7237,-0.9102,-0.5924,10377.3,2888.5,637.0,930.1,8.6e-05,-0.018819
2726,435452,157,0.9697,0.5274,0.0401,0.4326,1.0,-0.8758,-0.1635,11970.8,2408.8,465.4,426.8,0.000162,
2727,435616,164,0.0413,0.1435,0.6348,0.2217,0.9357,-0.8316,-0.5303,11185.2,1660.3,612.1,279.2,0.000148,
2728,435776,160,0.8643,0.5394,0.1264,0.3342,1.0,-0.8768,-0.2252,11700.4,2375.2,490.1,565.7,7.9e-05,
2729,435938,162,0.4993,0.1848,0.8029,0.0123,1.0,-0.3024,-0.5109,12902.0,462.4,604.3,226.3,8.2e-05,
2730,436105,167,0.9552,0.6716,0.1455,0.1829,1.0,-0.8958,-0.5576,11638.9,2793.3,623.0,495.4,0.000106,-0.031031
2731,436262,157,0.0418,0.1642,0.5431,0.2926,0.9249,-0.8426,-0.5208,11143.9,1769.9,608.3,595.5,9.4e-05,
2732,436422,160,-0.083,0.0657,0.5213,0.413,0.6561,-0.879,-0.4763,10119.9,2091.2,590.5,631.1,0.000202,
2733,436576,154,0.5502,0.4511,0.3398,0.209,1.0,-0.89,-0.4599,11865.7,2695.9,584.0,439.2,0.000124,
2734,436732,156,0.4555,0.0743,0.2573,0.6683,0.4954,-0.9172,0.1874,9507.6,2869.6,325.0,1018.5,0.000133,
2735,436897,165,0.7709,0.0458,0.1707,0.7835,0.1678,-0.9335,0.3987,8259.3,3106.0,240.5,870.1,0.00025,-0.019185
2736,437060,163,0.7344,0.4364,0.1255,0.4381,0.9791,-0.9193,-0.3276,11350.4,3516.0,531.0,654.5,7e-05,
2737,437217,157,1.1079,0.7653,0.0508,0.1839,1.0,-0.8816,-0.5979,11694.2,2469.3,639.1,354.2,0.000218,-0.045173
2738,437376,159,0.684,0.5273,0.4363,0.0364,1.0,-0.8578,-0.3289,12525.1,2202.5,531.6,759.7,0.000107,
2739,437539,163,0.3662,0.2609,0.4308,0.3084,0.7347,-0.8607,-0.4747,10419.1,1869.3,589.9,352.3,0.00011,-0.034334
2740,437698,159,1.0431,0.6943,0.0283,0.2774,0.9563,-0.9089,-0.4034,11263.3,3092.3,561.3,562.7,0.000205,
2741,437863,165,0.5186,0.4603,0.5354,0.0043,1.0,-0.8607,-0.2868,12370.3,2220.3,514.7,705.9,7.6e-05,-0.02806
2742,438024,161,-0.0061,0.058,0.4992,0.4428,0.6508,-0.8743,-0.4109,10099.4,2009.3,564.3,356.3,8.7e-05,
2743,438179,155,0.3548,0.1098,0.3037,0.5865,0.8358,-0.8984,-0.1265,10804.5,2659.3,450.6,448.2,0.0001,-0.029799
2744,438343,164,0.0731,0.2147,0.64,0.1452,0.7891,-0.8306,-0.6037,10626.5,1568.0,641.5,713.7,0.000258,0.008137
2745,438505,162,0.3208,0.2653,0.4254,0.3094,1.0,-0.8777,-0.3325,11521.3,2354.6,533.0,506.7,0.00026,-0.030317
2746,438660,155,0.9598,0.6765,0.0095,0.314,0.8108,-0.9057,-0.4422,10709.2,2839.9,576.9,569.8,0.000105,
2747,438818,158,0.7245,0.5764,0.3563,0.0673,0.9602,-0.8826,-0.3884,11278.2,2401.0,555.4,446.9,8.5e-05,
2748,438980,162,0.6787,0.2212,0.1927,0.5861,0.7377,-0.8994,0.0206,10430.7,2592.0,391.8,495.7,9.4e-05,
2749,439139,159,1.0268,0.7211,0.1645,0.1143,1.0,-0.8894,-0.3124,11650.0,2632.3,525.0,770.5,0.000143,-0.015467
2750,439296,157,0.059,0.0789,0.7508,0.1703,0.6889,-0.6909,-0.2104,10244.5,828.7,484.2,305.4,0.000186,
2751,439453,157,0.8542,0.6519,0.2767,0.0714,0.8903,-0.8988,-0.2498,11012.0,2721.2,499.9,512.7,0.000203,-0.015333
2752,439611,158,1.0321,0.6502,0.1407,0.2092,1.0,-0.8717,-0.4727,12324.7,2401.0,589.1,282.9,0.000101,-0.05239
2753,439770,159,0.8965,0.8602,0.0985,0.0413,0.5626,-0.9108,-0.2351,9763.6,2735.7,494.1,500.2,9.2e-05,
2754,439930,160,0.5592,0.5194,0.3816,0.0989,0.8186,-0.9023,-0.4289,10738.8,2749.2,571.5,487.4,0.000147,
2755,440089,159,1.3394,0.9705,0.021,0.0085,0.928,-0.8925,-0.4392,11155.7,2593.3,575.7,917.7,0.000152,-0.048581
2756,440252,163,0.4061,0.4373,0.4247,0.138,0.735,-0.9043,-0.2244,10420.5,2721.2,489.7,941.5,8.2e-05,
2757,440410,158,0.8272,0.1228,0.1449,0.7323,0.2631,-0.9187,0.3396,8622.4,2650.4,264.2,754.9,0.000155,
2758,440569,159,0.2289,0.18,0.292,0.528,1.0,-0.8589,-0.4947,12271.1,2174.6,597.9,519.5,0.000149,-0.049683
2759,440725,156,0.5462,0.1381,0.2503,0.6116,0.8046,-0.894,0.0038,10685.6,2520.8,398.5,351.7,7.1e-05,-0.018951
2760,440884,159,1.153,0.2002,0.04,0.7598,0.857,-0.9044,0.3026,10885.2,2846.7,279.0,330.4,0.000127,
2761,441043,159,1.3793,0.8871,0.015,0.0979,1.0,-0.8954,-0.3886,11566.0,2764.4,555.5,437.3,7.7e-05,-0.044605
2762,441206,163,0.744,0.7343,0.2595,0.0062,0.6694,-0.9059,-0.5822,10170.4,2701.5,632.9,856.9,0.000106,
2763,441367,161,0.1296,0.0746,0.4337,0.4917,0.9647,-0.8496,-0.2081,11295.5,1877.5,483.3,512.6,8.3e-05,-0.050686
2764,441526,159,0.3807,0.2109,0.2471,0.5419,0.8433,-0.8827,-0.3039,10833.1,2308.4,521.5,402.9,0.00018,
2765,441686,160,0.7534,0.7809,0.1796,0.0395,0.5387,-0.9119,-0.4477,9672.5,2745.1,579.1,433.4,0.000103,
2766,441849,163,0.9708,0.7075,0.2339,0.0586,0.9754,-0.9019,-0.354,11336.1,2889.5,541.6,723.6,0.000103,-0.046829
2767,442006,157,0.5362,0.1141,0.8407,0.0451,1.0,-0.1761,-0.3104,11936.9,362.2,524.2,392.5,0.00016,
2768,442171,165,0.7944,0.2519,0.0535,0.6946,0.2566,-0.9219,0.1881,8597.6,2750.8,324.7,436.1,0.000145,-0.008889
2769,442331,160,0.6251,0.5654,0.3995,0.035,0.7935,-0.9,-0.3193,10643.1,2661.9,527.7,385.1,0.000163,0.003844
2770,442488,157,0.8675,0.3537,0.0698,0.5765,0.9669,-0.8916,-0.2106,11303.7,2606.1,484.2,228.3,0.000139,
2771,442652,164,0.7454,0.036,0.1948,0.7692,0.8571,-0.9136,0.318,10885.5,3149.9,272.8,527.5,0.000112,
2772,442813,161,0.4459,0.3172,0.4774,0.2054,1.0,-0.8747,-0.2302,11861.0,2366.3,492.1,557.6,0.000119,-0.010121
2773,442973,160,0.5162,0.3407,0.1093,0.55,0.8991,-0.888,-0.4218,11045.5,2466.2,568.7,411.5,7.9e-05,-0.005679
2774,443135,162,-0.0553,0.0162,0.7847,0.1991,1.0,-0.4563,-0.5624,12282.1,564.8,624.9,647.5,0.000159,-0.003277
2775,443295,160,0.5661,0.4843,0.4367,0.079,0.9257,-0.88,-0.4988,11147.1,2322.2,599.5,446.9,0.000152,-0.014011
2776,443448,153,0.4119,0.1779,0.7923,0.0298,1.0,-0.4304,-0.3661,11945.5,524.3,546.4,232.1,0.000102,
2777,443600,152,0.9531,0.6341,0.2441,0.1218,1.0,-0.8798,-0.2951,12924.4,2688.8,518.0,395.0,0.0001,
2778,443759,159,0.1473,0.0093,0.4231,0.5676,0.6451,-0.8859,-0.1351,10077.9,2208.2,454.0,442.6,8.7e-05,-0.01861
2779,443922,163,0.5409,0.457,0.3456,0.1974,0.9451,-0.9131,-0.4448,11221.0,3226.7,577.9,334.2,7.9e-05,
2780,444080,158,0.4616,0.2642,0.1911,0.5448,0.6655,-0.9006,-0.161,10155.5,2554.2,464.4,755.1,0.0003,
2781,444240,160,0.1376,0.1582,0.3459,0.4959,0.5549,-0.8958,-0.358,9734.2,2336.2,543.2,590.5,7.3e-05,
2782,444399,159,0.1826,0.2179,0.6619,0.1202,1.0,-0.7842,-0.6249,12249.4,1419.1,649.9,353.3,0.000456,-0.037023
2783,444549,150,0.7579,0.5609,0.4067,0.0324,1.0,-0.8462,-0.391,11858.5,1927.4,556.4,270.0,0.000164,-0.039318
2784,444714,165,0.1675,0.2282,0.5584,0.2135,0.8373,-0.8758,-0.3,10810.3,2176.8,520.0,747.6,0.000132,
2785,444873,159,0.787,0.4976,0.2753,0.2271,1.0,-0.8833,-0.4028,12091.3,2591.0,561.1,284.2,9.8e-05,-0.026293
2786,445033,160,0.0083,0.0357,0.3993,0.565,0.5996,-0.899,-0.3594,9904.7,2451.8,543.7,693.8,0.000154,-0.016324
2787,445204,171,0.6222,0.034,0.2385,0.7275,0.6633,-0.9156,0.1544,10147.2,3004.0,338.2,540.1,0.000144,
2788,445364,160,-0.1145,0.0313,0.6626,0.3061,0.9791,-0.7837,-0.4354,11350.4,1312.1,574.1,546.0,0.000318,
2789,445529,165,0.2655,0.1875,0.7599,0.0526,1.0,-0.6133,-0.4749,12522.6,809.5,590.0,475.9,0.000182,-0.049024
2790,445691,162,-0.1095,0.0301,0.7116,0.2582,0.6285,-0.7655,-0.3423,10014.6,1067.9,536.9,597.5,0.000493,-0.039795
2791,445840,149,0.0649,0.1287,0.5209,0.3505,0.3094,-0.8361,-0.2725,8798.8,1341.8,509.0,241.2,8.8e-05,
2792,446001,161,0.6177,0.178,0.1946,0.6274,0.7872,-0.9029,-0.1474,10619.4,2735.0,458.9,178.5,0.00015,-0.045111
2793,446158,157,0.9242,0.6489,0.1509,0.2002,0.9804,-0.895,-0.3564,11355.2,2702.8,542.6,552.1,9.5e-05,
2794,446322,164,0.1709,0.133,0.4742,0.3929,1.0,-0.8564,-0.3631,11978.8,2085.7,545.2,372.6,0.000264,
2795,446486,164,0.2987,0.3298,0.556,0.1142,0.8908,-0.8754,-0.3964,11013.9,2210.2,558.5,647.1,0.000133,
2796,446647,161,0.0398,0.048,0.595,0.357,0.8786,-0.8181,-0.1429,10967.5,1507.7,457.2,665.3,0.000132,-0.038111
2797,446809,162,0.4644,0.0823,0.2744,0.6434,0.5255,-0.8827,0.0503,9622.2,2050.0,379.9,603.0,0.000144,-0.01027
2798,446972,163,0.0897,0.075,0.62,0.3051,1.0,-0.7997,-0.3062,11964.6,1493.6,522.5,564.5,5.7e-05,
2799,447127,155,0.5891,0.4699,0.131,0.3991,0.6655,-0.8982,-0.231,10155.7,2493.6,492.4,577.8,0.00016,-0.018189
2800,447287,160,0.2324,0.329,0.6181,0.0529,0.7718,-0.8343,-0.4129,10560.6,1593.0,565.2,916.3,0.000113,-0.013538
2801,447449,162,0.9092,0.4572,0.0286,0.5143,0.9753,-0.8934,-0.1965,11336.0,2659.3,478.6,441.5,0.000122,-0.011905
2802,447604,155,0.606,0.4397,0.344,0.2163,0.8945,-0.8724,-0.1309,11028.1,2160.7,452.3,581.0,0.000106,
2803,447763,159,0.3644,0.2035,0.2623,0.5342,0.747,-0.9022,-0.2611,10466.2,2675.6,504.4,520.7,0.000134,-0.007166
2804,447923,160,0.8972,0.6559,0.2626,0.0815,1.0,-0.8974,-0.2321,12231.2,2980.9,492.8,808.8,0.000109,-0.023465
2805,448077,154,0.194,0.1286,0.8565,0.0148,0.7824,-0.2163,-0.3606,10600.8,338.2,544.2,471.6,0.000102,-0.02071
2806,448240,163,0.8716,0.8547,0.0516,0.0937,0.4331,-0.915,-0.5127,9270.0,2727.1,605.1,402.5,0.000194,
2807,448399,159,0.8734,0.6003,0.3349,0.0648,0.9106,-0.8943,-0.356,11089.3,2624.0,542.4,213.7,0.000151,-0.030227
2808,448554,155,0.3917,0.3383,0.1231,0.5386,0.482,-0.9153,-0.4979,9456.5,2792.4,599.1,687.8,0.0001,
2809,448712,158,0.6156,0.3964,0.2526,0.351,1.0,-0.8841,-0.2621,11897.8,2566.4,504.8,523.8,0.000161,
2810,448875,163,0.7075,0.4728,0.2649,0.2623,1.0,-0.8957,-0.3002,11557.1,2770.3,520.1,638.4,0.000517,-0.038662
2811,449037,162,-0.0972,0.0609,0.561,0.3781,0.7118,-0.8626,-0.4256,10331.9,1879.8,570.3,774.0,0.000201,-0.003449
2812,449192,155,0.4551,0.368,0.6243,0.0077,1.0,-0.7702,-0.3703,12371.9,1345.8,548.1,296.9,8.7e-05,
2813,449347,155,0.6134,0.3609,0.0955,0.5436,0.9583,-0.8861,-0.212,11271.1,2474.3,484.8,913.7,0.00015,-0.0381
2814,449506,159,0.0556,0.0832,0.4665,0.4502,0.5865,-0.9119,-0.1304,9854.7,2797.1,452.2,575.6,9.4e-05,
2815,449658,152,0.5427,0.5328,0.4528,0.0143,0.7038,-0.8688,-0.2415,10301.6,1963.3,496.6,381.2,8.3e-05,
2816,449813,155,1.1306,0.9259,0.023,0.0511,0.7457,-0.8988,-0.1783,10461.3,2585.0,471.3,1214.6,0.000114,-0.028348
2817,449974,161,0.938,0.5637,0.0515,0.3848,0.9453,-0.881,-0.2636,11221.7,2356.9,505.4,617.1,0.000112,
2818,450133,159,0.8595,0.6205,0.2746,0.1049,1.0,-0.8693,-0.5579,11514.7,2201.7,623.2,519.0,0.000134,0.006228
2819,450290,157,0.7671,0.6888,0.1523,0.1589,0.6471,-0.8997,-0.2614,10085.4,2513.9,504.5,563.5,9.2e-05,
2820,450452,162,0.7786,0.5291,0.2657,0.2052,1.0,-0.8916,-0.3983,11430.6,2636.9,559.3,375.5,0.000105,
2821,450608,156,0.1977,0.1075,0.325,0.5675,0.6726,-0.8978,-0.1602,10182.5,2491.2,464.1,629.2,9.3e-05,
2822,450769,161,1.3305,0.8861,0.0042,0.1097,1.0,-0.8934,-0.4683,11673.3,2737.4,587.3,463.4,0.000157,-0.040331
2823,450924,155,0.4188,0.3466,0.49,0.1634,0.8849,-0.8761,-0.0948,10991.6,2218.1,437.9,793.1,8.9e-05,
2824,451077,153,1.0367,0.0531,0.0057,0.9412,0.2609,-0.9162,0.3654,8614.0,2570.9,253.8,521.5,0.000108,-0.020646
2825,451235,158,0.1042,0.1294,0.6962,0.1744,1.0,-0.7134,-0.3969,11946.9,1042.0,558.8,556.4,8.5e-05,0.03839
2826,451395,160,0.832,0.7245,0.044,0.2315,0.5813,-0.9028,-0.2524,9834.7,2529.4,501.0,653.6,0.000113,-0.040718
2827,451552,157,-0.1114,0.0016,0.5609,0.4375,1.0,-0.8323,-0.3732,12202.4,1819.0,549.3,354.6,0.000128,
2828,451709,157,0.7609,0.7188,0.0953,0.1859,0.4953,-0.9126,-0.2956,9507.0,2718.4,518.2,373.8,0.000257,-0.040841
2829,451866,157,0.1272,0.1506,0.7324,0.117,0.9796,-0.6714,-0.5755,11352.1,863.7,630.2,287.0,9.7e-05,
2830,452029,163,0.0427,0.275,0.518,0.207,0.4028,-0.8619,-0.565,9154.6,1657.3,626.0,882.6,0.000354,-0.01162
2831,452190,161,0.8726,0.6416,0.1929,0.1655,0.9706,-0.8949,-0.5709,11317.9,2691.5,628.3,855.5,0.000235,
2832,452346,156,0.7957,0.1948,0.1276,0.6776,1.0,-0.8833,0.1034,12741.7,2729.3,358.7,552.1,7.3e-05,
2833,452503,157,0.0436,0.1987,0.4687,0.3326,0.5966,-0.8745,-0.4926,9893.1,1970.8,597.0,810.7,0.000121,-0.053367
2834,452664,161,0.8274,0.5826,0.2365,0.1809,1.0,-0.8993,-0.3345,11494.6,2853.9,533.8,648.9,0.000113,
2835,452826,162,0.85,0.7197,0.0026,0.2777,0.7044,-0.8884,-0.5494,10303.7,2307.2,619.7,769.9,0.000129,
2836,452991,165,0.2578,0.1113,0.8195,0.0693,1.0,-0.4977,-0.48,11857.6,590.1,592.0,421.5,0.000125,-0.02711
2837,453150,159,0.6391,0.5432,0.1766,0.2803,0.7623,-0.9042,-0.6208,10524.5,2746.4,648.3,505.9,0.000137,
2838,453319,169,0.5319,0.3735,0.264,0.3625,0.9881,-0.8928,-0.3427,11384.8,2655.5,537.1,441.6,8.9e-05,-0.022127
2839,453476,157,-0.0694,0.0292,0.6292,0.3416,1.0,-0.794,-0.3651,12203.6,1481.1,546.0,475.7,0.000121,
2840,453636,160,0.7482,0.124,0.1203,0.7557,0.0536,-0.9378,0.307,7824.3,3145.3,277.2,531.4,0.000125,
2841,453789,153,0.7919,0.5155,0.237,0.2475,0.9754,-0.8426,-0.3135,11336.3,1801.0,525.4,317.9,9.6e-05,-0.003655
2842,453951,162,0.4302,0.0938,0.2234,0.6829,0.1923,-0.9312,0.0477,8352.7,3035.0,380.9,992.7,0.000104,-0.042622
2843,454116,165,0.8756,0.0784,0.0093,0.9123,0.2356,-0.9353,0.2159,8517.7,3288.8,313.6,563.1,0.000156,
2844,454282,166,0.6166,0.2025,0.148,0.6495,0.7876,-0.9059,-0.0116,10620.6,2822.2,404.6,637.5,0.000119,
2845,454443,161,0.3382,0.3592,0.4812,0.1596,1.0,-0.858,-0.6367,11464.1,2018.1,654.7,900.9,0.00034,-0.031288
2846,454603,160,0.1008,0.1038,0.5828,0.3133,0.9146,-0.8123,-0.1404,11104.7,1478.9,456.2,867.5,8.4e-05,-0.044191
2847,454765,162,0.2171,0.2673,0.5117,0.221,0.8236,-0.8892,-0.3505,10758.0,2427.1,540.2,610.4,0.000181,-0.01322
2848,454923,158,0.4814,0.4482,0.3747,0.1771,0.6654,-0.915,-0.185,10155.2,2985.5,474.0,383.7,0.000362,-0.023843
2849,455082,159,0.0381,0.052,0.6956,0.2523,1.0,-0.7564,-0.5174,11663.4,1197.1,607.0,407.9,0.00011,
2850,455241,159,0.6628,0.3512,0.147,0.5017,0.8625,-0.8917,-0.3176,10906.2,2516.7,527.0,589.3,9.7e-05,-0.060674
2851,455400,159,0.8188,0.534,0.026,0.44,0.8774,-0.8854,-0.4394,10962.7,2392.5,575.8,372.4,9e-05,
2852,455560,160,0.9368,0.6925,0.1325,0.1751,0.7723,-0.8953,-0.1915,10562.4,2522.7,476.6,417.5,0.000217,
2853,455719,159,0.3062,0.1354,0.3492,0.5154,0.7548,-0.8914,-0.0998,10495.9,2416.6,439.9,539.6,0.000214,0.000929
2854,455877,158,0.7602,0.5359,0.1314,0.3327,0.9435,-0.8902,-0.3042,11214.7,2554.2,521.7,522.3,0.000132,-0.049934
2855,456034,157,0.7192,0.8624,0.0303,0.1073,0.3312,-0.9222,-0.4979,8881.8,2852.9,599.2,578.5,0.000172,
2856,456195,161,0.0134,0.1501,0.4387,0.4112,0.7441,-0.8981,-0.4495,10455.0,2564.2,579.8,667.5,0.000109,-0.037563
2857,456352,157,0.337,0.262,0.2687,0.4693,1.0,-0.8605,-0.4362,12406.0,2224.1,574.5,487.6,0.000187,
2858,456516,164,0.498,0.3127,0.4485,0.2388,1.0,-0.8799,-0.3629,11706.0,2437.0,545.2,347.9,7.9e-05,
2859,456676,160,0.6185,0.0867,0.2169,0.6964,0.7515,-0.8914,0.1722,10483.2,2413.4,331.1,718.9,0.000127,
2860,456835,159,0.2013,0.2623,0.5111,0.2266,0.7274,-0.8142,-0.4165,10391.5,1398.4,566.6,642.0,9e-05,-0.030153
2861,456996,161,0.7504,0.4873,0.1135,0.3992,1.0,-0.8938,-0.5451,12477.0,2935.8,618.0,630.0,0.000103,
2862,457156,160,0.0897,0.0996,0.3966,0.5038,0.1427,-0.9164,-0.1425,8163.8,2442.5,457.0,669.5,0.009158,
2863,457315,159,0.2447,0.2688,0.6536,0.0776,1.0,-0.7859,-0.3063,12101.7,1413.1,522.5,712.2,0.000166,-0.038409
2864,457477,162,0.7059,0.2608,0.1402,0.599,0.6564,-0.9035,-0.0178,10121.1,2622.0,407.1,339.4,0.000139,-0.047443
2865,457642,165,0.7049,0.5051,0.2626,0.2324,1.0,-0.897,-0.5339,11629.9,2822.5,613.6,437.9,0.000128,
2866,457800,158,0.4635,0.4983,0.4483,0.0534,0.6868,-0.8688,-0.2755,10236.7,1950.3,510.2,885.3,0.000164,
2867,457966,166,0.2369,0.2557,0.2976,0.4467,0.4333,-0.8976,-0.4167,9270.8,2262.8,566.7,604.1,0.000119,
2868,458118,152,0.3102,0.2964,0.6598,0.0438,1.0,-0.7459,-0.4481,11806.0,1161.6,579.2,565.0,0.000226,
2869,458279,161,-0.0834,0.0041,0.5932,0.4028,1.0,-0.8198,-0.4334,12413.9,1721.8,573.4,682.9,0.000102,-0.036213
2870,458435,156,0.2351,0.2466,0.5727,0.1806,0.7502,-0.8543,-0.2329,10478.1,1798.4,493.2,390.6,8.5e-05,-0.042082
2871,458601,166,-0.0609,0.0345,0.4661,0.4993,0.5992,-0.8772,-0.4049,9902.8,2016.1,562.0,550.0,8.1e-05,-0.01685
2872,458763,162,0.2696,0.0266,0.38,0.5934,0.7491,-0.9072,-0.0678,10474.0,2821.1,427.1,780.0,7.7e-05,-0.050467
2873,458921,158,1.0458,0.7284,0.096,0.1756,0.8888,-0.8838,-0.3456,11006.2,2367.0,538.2,510.8,7.3e-05,-0.0376
2874,459081,160,0.8959,0.568,0.1833,0.2487,1.0,-0.8954,-0.2176,11738.4,2804.6,487.0,669.3,9.9e-05,-0.017958
2875,459244,163,0.7381,0.6264,0.2358,0.1378,0.7996,-0.9138,-0.4486,10666.5,3094.4,579.4,500.2,0.000111,
2876,459405,161,0.9422,0.1388,0.0419,0.8193,0.1862,-0.9324,0.2617,8329.5,3082.5,295.3,352.2,8.3e-05,-0.02681
2877,459558,153,0.3569,0.1414,0.2637,0.5949,1.0,-0.8857,-0.1399,11859.1,2593.7,455.9,599.2,7e-05,
2878,459714,156,0.1392,0.252,0.4978,0.2501,1.0,-0.8102,-0.7151,11992.5,1579.6,686.0,669.0,0.000106,
2879,459880,166,0.9908,0.2311,0.028,0.7409,0.5832,-0.9193,0.32,9842.1,3050.7,272.0,769.4,9.6e-05,
2880,460037,157,1.1873,0.7758,0.0731,0.1511,1.0,-0.8875,-0.0507,11592.0,2576.1,420.3,947.7,0.000166,-0.01936
2881,460194,157,0.0109,0.1098,0.6396,0.2505,0.6998,-0.8259,-0.0918,10286.3,1476.9,436.7,922.7,7.8e-05,
2882,460355,161,0.2494,0.2484,0.69,0.0615,1.0,-0.7255,-0.5342,12025.5,1095.4,613.7,340.8,0.000173,-0.017216
2883,460515,160,0.6698,0.4884,0.3875,0.1241,1.0,-0.8644,-0.4625,12264.5,2262.0,585.0,395.0,0.000119,-0.029644
2884,460674,159,0.0431,0.0421,0.89,0.0679,0.0175,-0.2796,-0.2574,7686.7,266.7,503.0,744.5,0.000125,
2885,460831,157,0.4568,0.4027,0.5724,0.025,1.0,-0.8228,-0.4765,11905.5,1679.4,590.6,752.0,9.8e-05,-0.030319
2886,460994,163,0.2394,0.1966,0.6978,0.1056,1.0,-0.7381,-0.3922,12649.8,1207.3,556.9,389.1,0.000118,
2887,461153,159,0.2013,0.2451,0.54,0.2149,0.7593,-0.8672,-0.4213,10512.9,1978.8,568.5,434.8,8.9e-05,-0.031671
2888,461313,160,-0.0733,0.0071,0.612,0.3808,0.9411,-0.8125,-0.4099,11205.6,1494.4,563.9,364.2,7.5e-05,-0.018356
2889,461475,162,1.0669,0.6945,0.0445,0.261,0.9234,-0.8885,-0.3714,11138.3,2498.0,548.6,505.1,0.000225,-0.022917
2890,461637,162,0.6854,0.5774,0.3621,0.0605,0.9235,-0.8952,-0.2826,11138.7,2657.7,513.0,536.2,0.000107,-0.053359
2891,461803,166,0.7512,0.6365,0.1482,0.2152,0.6889,-0.9027,-0.4588,10244.7,2633.4,583.5,626.1,7.6e-05,-0.022904
2892,461961,158,0.3809,0.4008,0.4669,0.1323,0.6995,-0.854,-0.2849,10285.1,1761.1,514.0,423.6,8.5e-05,-0.072297
2893,462127,166,0.5793,0.2895,0.1263,0.5841,0.8335,-0.9075,-0.3707,10795.8,2916.7,548.3,598.6,0.000115,-0.032098
2894,462284,157,0.0083,0.0525,0.4248,0.5227,0.9802,-0.8699,-0.3834,11354.5,2181.8,553.4,486.7,0.000122,
2895,462442,158,0.8767,0.5702,0.2261,0.2036,0.8481,-0.9044,-0.0896,10851.2,2837.3,435.8,360.8,0.000168,
2896,462600,158,0.2219,0.1978,0.7445,0.0577,1.0,-0.67,-0.2758,11749.5,890.1,510.3,456.3,0.000106,
2897,462762,162,0.8694,0.0503,0.1704,0.7793,0.7042,-0.9084,0.3149,10303.0,2811.1,274.0,418.4,7.6e-05,
2898,462922,160,0.0788,0.2056,0.7287,0.0657,0.4523,-0.7547,-0.4396,9343.2,952.1,575.9,212.9,0.000158,
2899,463084,162,0.9325,0.0607,0.0747,0.8646,0.6989,-0.9151,0.3666,10282.7,3026.6,253.4,920.1,5.6e-05,
2900,463244,160,0.8863,0.6115,0.1259,0.2626,0.8183,-0.9001,-0.2493,10737.6,2686.5,499.7,410.0,0.000127,
2901,463406,162,0.614,0.4269,0.072,0.501,0.6577,-0.9036,-0.3027,10125.9,2627.3,521.1,616.2,0.000169,
2902,463569,163,0.7342,0.6168,0.0089,0.3743,0.7995,-0.917,-0.7235,10666.2,3210.9,689.4,417.6,0.000128,-0.048449
2903,463729,160,0.5463,0.5289,0.2934,0.1777,0.6122,-0.897,-0.3618,9952.5,2415.1,544.7,652.7,0.000392,-0.035604
2904,463883,154,0.1618,0.2085,0.489,0.3026,0.807,-0.8442,-0.3269,10694.5,1716.5,530.8,536.2,9.5e-05,-0.049483
2905,464037,154,0.8758,0.1358,0.13,0.7343,0.5859,-0.8984,0.296,9852.3,2424.2,281.6,672.2,9.7e-05,-0.064617
2906,464192,155,0.6808,0.1348,0.1869,0.6782,0.4863,-0.9018,0.2002,9472.8,2412.4,319.9,275.6,8.5e-05,
2907,464353,161,0.0466,0.1275,0.5543,0.3183,0.8284,-0.8661,-0.3683,10776.2,2011.4,547.3,798.3,0.000291,-0.042995
2908,464513,160,0.6402,0.1724,0.1292,0.6984,0.5061,-0.9128,0.1309,9548.3,2738.6,347.7,708.1,7.1e-05,-0.041104
2909,464674,161,0.8168,0.5646,0.4176,0.0178,1.0,-0.8831,-0.4612,12194.2,2608.7,584.5,435.7,0.000207,
2910,464833,159,0.4087,0.3161,0.3202,0.3637,0.8634,-0.9017,-0.285,10909.4,2775.4,514.0,793.9,8.1e-05,-0.035629
2911,464993,160,0.5764,0.1749,0.1671,0.658,0.8612,-0.9014,-0.0755,10901.1,2763.3,430.2,537.2,0.000187,-0.034051
2912,465154,161,0.766,0.5884,0.3758,0.0357,1.0,-0.8923,-0.2626,11467.8,2662.1,505.0,919.7,6.3e-05,
2913,465319,165,0.7137,0.5864,0.3498,0.0639,0.8705,-0.8291,-0.4091,10936.6,1599.7,563.6,798.2,0.000111,-0.015377
2914,465477,158,0.3489,0.2465,0.7532,0.0003,0.9835,-0.6048,-0.2556,11367.1,719.2,502.2,479.3,0.000126,-0.055021
2915,465640,163,0.7221,0.5381,0.3048,0.1571,1.0,-0.8552,-0.2278,11732.4,2025.1,491.1,769.0,0.000117,
2916,465799,159,0.9335,0.648,0.0947,0.2573,0.9366,-0.8984,-0.4541,11188.3,2752.4,581.7,462.5,9.4e-05,-0.047602
2917,465954,155,0.6127,0.5252,0.1658,0.309,0.8342,-0.9014,-0.5475,10798.2,2737.3,619.0,413.5,0.000135,
2918,466114,160,0.778,0.7089,0.05,0.241,0.5951,-0.8988,-0.3827,9887.4,2443.2,553.1,695.3,0.000103,
2919,466276,162,1.112,0.134,0.0298,0.8361,0.7283,-0.9093,0.3629,10394.8,2864.8,254.9,370.4,0.000143,
2920,466436,160,0.5343,0.2985,0.2203,0.4812,1.0,-0.8852,-0.3063,12068.0,2627.2,522.5,538.5,7.6e-05,
2921,466589,153,0.3918,0.2582,0.2789,0.4628,0.98,-0.8559,-0.3714,11353.8,1969.4,548.6,436.6,0.000152,-0.056985
2922,466745,156,0.0461,0.0213,0.6916,0.2871,1.0,-0.6973,-0.3833,12624.1,1042.5,553.3,263.6,8.4e-05,-0.064627
2923,466899,154,0.9138,0.6422,0.2614,0.0965,1.0,-0.8879,-0.4117,11804.2,2632.5,564.7,386.2,0.000108,-0.035119
2924,467059,160,0.7896,0.5875,0.1313,0.2812,0.9105,-0.9005,-0.3869,11089.0,2785.6,554.8,719.4,7.4e-05,0.000494
2925,467216,157,-0.1023,0.0667,0.6714,0.2618,0.6026,-0.8098,-0.4571,9916.1,1303.4,582.8,485.7,0.000113,
2926,467377,161,0.5544,0.1776,0.2295,0.5929,0.7199,-0.8996,-0.0666,10363.0,2579.3,426.6,570.5,0.000158,-0.039793
2927,467540,163,-0.0201,0.0606,0.6856,0.2539,0.8027,-0.762,-0.2033,10678.4,1121.6,481.3,558.8,8.5e-05,
2928,467702,162,0.5935,0.1048,0.8862,0.009,0.5922,0.1108,-0.3158,9876.1,222.3,526.3,556.8,0.000103,
2929,467855,153,0.7253,0.4632,0.1514,0.3854,0.8796,-0.8946,-0.2701,10971.3,2601.2,508.0,368.2,0.00022,-0.0447
2930,468017,162,-0.0784,0.0828,0.5565,0.3606,1.0,-0.8266,-0.6489,12571.2,1812.6,659.6,858.1,0.000116,-0.040484
2931,468169,152,0.97,0.908,0.0894,0.0026,0.5867,-0.9099,-0.3292,9855.3,2733.9,531.7,413.8,0.000119,-0.025802
2932,468334,165,1.1605,0.7302,0.0639,0.2058,1.0,-0.8876,-0.3312,12318.5,2740.7,532.5,553.8,9.2e-05,
2933,468491,157,0.3366,0.0648,0.8899,0.0453,0.3326,-0.0007,-0.3532,8887.2,222.3,541.3,288.9,0.00023,-0.01873
2934,468652,161,0.188,0.1606,0.4045,0.4349,1.0,-0.8375,-0.3816,11672.7,1796.3,552.6,448.6,7.5e-05,
2935,468815,163,0.1284,0.1938,0.5064,0.2998,0.9846,-0.8696,-0.6031,11371.2,2179.4,641.2,439.1,7.7e-05,-0.035719
2936,468978,163,0.3681,0.3579,0.2984,0.3437,0.3926,-0.9228,-0.1562,9115.8,2950.9,462.5,485.3,0.000102,
2937,469133,155,0.0872,0.0613,0.7628,0.176,1.0,-0.6058,-0.4994,11611.8,736.5,599.7,424.7,0.000135,-0.042419
2938,469288,155,0.1641,0.2004,0.5777,0.222,1.0,-0.8376,-0.2797,11483.6,1767.3,511.9,687.0,9.7e-05,
2939,469447,159,0.469,0.3901,0.2934,0.3164,1.0,-0.8887,-0.5516,11430.1,2567.4,620.7,517.7,6.8e-05,-0.05358
2940,469604,157,0.2391,0.3,0.39,0.31,0.8444,-0.8737,-0.5306,10837.0,2145.3,612.2,652.3,0.000188,
2941,469763,159,0.4263,0.3093,0.2979,0.3928,0.6772,-0.9083,-0.2327,10200.3,2779.8,493.1,495.8,8e-05,-0.02058
2942,469921,158,0.8547,0.643,0.356,0.001,1.0,-0.8626,-0.5839,11475.3,2088.2,633.6,635.0,0.000103,-0.062302
2943,470076,155,0.8993,0.3947,0.1169,0.4883,0.9806,-0.8863,-0.0629,11355.9,2497.7,425.2,396.7,0.000105,
2944,470238,162,0.2788,0.2711,0.6142,0.1147,0.9713,-0.8179,-0.2833,11320.8,1553.8,513.3,822.0,9.8e-05,
2945,470399,161,0.2248,0.2757,0.6895,0.0349,0.7931,-0.7255,-0.3235,10641.7,969.2,529.4,812.5,0.000115,-0.033227
2946,470566,167,0.4457,0.3198,0.4508,0.2294,1.0,-0.8879,-0.241,12631.9,2816.1,496.4,590.1,9.3e-05,
2947,470730,164,0.4762,0.4105,0.4597,0.1297,0.8927,-0.9122,-0.1287,11021.2,3138.1,451.5,671.2,0.000106,
2948,470894,164,1.0521,0.874,0.0979,0.0281,0.7436,-0.9009,-0.4382,10453.0,2636.2,575.3,427.0,0.000108,
2949,471056,162,0.9762,0.6578,0.2569,0.0853,1.0,-0.8831,-0.1298,12009.9,2568.5,451.9,623.0,0.000165,
2950,471219,163,0.4546,0.2838,0.1924,0.5239,0.658,-0.9161,-0.2277,10126.8,3018.8,491.1,804.4,8.8e-05,-0.025895
2951,471372,153,0.2257,0.2442,0.6052,0.1505,0.7434,-0.8127,-0.2906,10452.5,1395.5,516.3,165.7,5.6e-05,
2952,471536,164,1.0064,0.5363,0.0528,0.4109,1.0,-0.8954,-0.0519,11673.9,2790.7,420.8,492.9,0.000166,
2953,471694,158,0.1656,0.1634,0.4691,0.3676,1.0,-0.8347,-0.2522,11761.2,1778.3,500.9,794.9,0.000168,
2954,471856,162,0.8374,0.0578,0.1346,0.8077,0.2818,-0.9245,0.2525,8693.7,2877.0,299.0,321.8,0.000175,
2955,472014,158,0.5984,0.5361,0.2088,0.255,0.5463,-0.8738,-0.4123,9701.2,1921.6,564.9,370.7,0.000119,
2956,472171,157,0.3372,0.2959,0.3117,0.3924,0.9963,-0.8837,-0.4454,11416.0,2455.0,578.1,679.6,0.000169,0.000654
2957,472336,165,0.1874,0.1063,0.8606,0.0331,0.2114,-0.4042,-0.3054,8425.3,353.5,522.1,436.8,9.2e-05,
2958,472495,159,0.5918,0.3176,0.1918,0.4905,1.0,-0.8606,-0.4139,13326.7,2389.2,565.6,310.8,9.1e-05,-0.032449
2959,472663,168,0.4703,0.4343,0.5007,0.065,0.8641,-0.8625,-0.4303,10912.4,1983.6,572.1,568.9,9.5e-05,-0.057861
2960,472822,159,0.7403,0.5449,0.0522,0.4029,0.7926,-0.8976,-0.3826,10639.7,2597.5,553.0,730.3,0.000131,
2961,472975,153,0.2767,0.2156,0.5364,0.2479,1.0,-0.821,-0.0345,11923.0,1665.1,413.8,1060.5,0.000363,-0.030853
2962,473129,154,0.2172,0.1631,0.2933,0.5436,0.7721,-0.8952,-0.2625,10561.8,2518.5,505.0,702.0,6.9e-05,-0.0386
2963,473287,158,0.6544,0.3412,0.1174,0.5414,0.6066,-0.911,-0.1253,9931.0,2790.0,450.1,486.1,0.000148,-0.04423
2964,473449,162,0.0491,0.1342,0.5379,0.3279,0.7128,-0.8503,-0.3281,10335.7,1725.6,531.2,503.7,0.000137,-0.050201
2965,473609,160,0.7223,0.491,0.0124,0.4966,0.6793,-0.9116,-0.2462,10208.0,2887.7,498.5,687.9,9.6e-05,-0.021355
2966,473770,161,-0.086,0.0794,0.6174,0.3032,0.7263,-0.7986,-0.4825,10387.3,1289.7,593.0,416.3,0.000113,
2967,473930,160,0.1537,0.0211,0.4319,0.5469,0.7429,-0.8866,-0.0856,10450.6,2303.1,434.2,603.3,0.000111,
2968,474089,159,0.3654,0.3117,0.5844,0.104,1.0,-0.7941,-0.5807,11833.0,1436.7,632.3,677.6,0.000118,-0.035253
2969,474245,156,0.6553,0.3855,0.1011,0.5134,0.9423,-0.8689,-0.2792,11210.3,2138.1,511.7,843.0,0.000156,-0.041265
2970,474405,160,0.8494,0.0461,0.0681,0.8858,0.5201,-0.9031,0.2581,9601.5,2478.3,296.8,664.8,0.000143,-0.039829
2971,474568,163,0.5158,0.7083,0.1103,0.1814,0.3079,-0.9224,-0.4069,8793.1,2833.1,562.8,611.0,0.000116,
2972,474726,158,0.8376,0.0953,0.1689,0.7359,0.7282,-0.8902,0.2186,10394.3,2366.7,312.6,346.3,6.2e-05,
2973,474889,163,0.2246,0.2265,0.7613,0.0122,0.8846,-0.6673,-0.4124,10990.2,825.9,565.0,502.0,0.00015,-0.039025
2974,475039,150,0.725,0.6826,0.2082,0.1092,0.5509,-0.9098,-0.2684,9719.1,2692.6,507.4,836.0,9.5e-05,-0.056054
2975,475200,161,0.7372,0.1847,0.142,0.6733,0.9077,-0.8904,0.0515,11078.2,2527.4,379.4,791.3,6.8e-05,
2976,475366,166,0.7127,0.0722,0.2128,0.7149,0.9035,-0.8774,0.3394,11062.3,2256.1,264.3,909.6,7.3e-05,
2977,475530,164,0.6655,0.4263,0.2493,0.3244,1.0,-0.8956,-0.5784,11522.6,2758.7,631.4,394.0,8.8e-05,
2978,475693,163,0.7408,0.5471,0.264,0.1889,1.0,-0.9116,-0.2145,11499.8,3251.4,485.8,866.6,8.2e-05,-0.048145
2979,475851,158,0.8026,0.0007,0.1841,0.8152,-0.0338,-0.9279,0.3232,7491.1,2595.9,270.7,338.7,0.000111,-0.057375
2980,476005,154,0.7263,0.4489,0.1198,0.4312,0.7062,-0.905,-0.0465,10310.5,2713.3,418.6,555.7,0.000187,-0.042006
2981,476153,148,0.7072,0.5438,0.0434,0.4128,0.6237,-0.8949,-0.2756,9996.2,2377.8,510.2,581.0,0.00014,-0.067711
2982,476313,160,0.7549,0.3857,0.1469,0.4674,0.9686,-0.8806,-0.1697,11310.5,2367.9,467.9,465.3,0.000135,-0.038887
2983,476482,169,0.4665,0.2773,0.1135,0.6092,0.6625,-0.9189,-0.2062,10144.2,3127.8,482.5,833.1,0.00013,
2984,476640,158,0.4369,0.3654,0.3094,0.3252,0.879,-0.8861,-0.537,10969.0,2407.0,614.8,376.3,0.00015,
2985,476805,165,1.125,0.6959,0.0248,0.2793,1.0,-0.8821,-0.3722,12145.4,2575.3,548.9,574.7,8.6e-05,-0.017001
2986,476965,160,0.2784,0.22,0.3679,0.4121,0.8183,-0.8229,-0.4075,10737.6,1516.0,563.0,555.9,0.000123,-0.058524
2987,477138,173,0.9697,0.1138,0.1338,0.7524,0.6401,-0.9136,0.3281,10058.8,2910.2,268.8,515.7,9.4e-05,
2988,477302,164,0.1066,0.0502,0.4789,0.471,0.9138,-0.8533,-0.2829,11101.6,1891.8,513.2,359.6,0.0002,
2989,477456,154,0.186,0.1543,0.4715,0.3742,0.8442,-0.8499,-0.3589,10836.4,1804.5,543.6,332.1,6.8e-05,
2990,477616,160,0.5621,0.4756,0.3996,0.1248,0.8738,-0.8789,-0.4459,10949.2,2259.9,578.4,572.0,8.1e-05,
2991,477776,160,0.8225,0.6986,0.2074,0.094,0.734,-0.9043,-0.344,10416.7,2720.2,537.6,749.2,0.0004,
2992,477939,163,0.4237,0.1662,0.3425,0.4913,1.0,-0.87,-0.1098,12230.7,2351.9,443.9,417.2,7.7e-05,-0.060881
2993,478099,160,0.1651,0.2692,0.6434,0.0873,0.8406,-0.804,-0.4726,10822.5,1380.3,589.0,813.8,9.6e-05,-0.093656
2994,478253,154,0.3633,0.3409,0.5302,0.1288,0.9725,-0.8313,-0.4246,11325.3,1678.1,569.8,334.2,8.6e-05,-0.053339
2995,478411,158,0.688,0.5505,0.0446,0.4049,0.5386,-0.9093,-0.2962,9671.9,2665.1,518.5,539.5,8.7e-05,-0.047313
2996,478572,161,0.0223,0.1046,0.5993,0.2961,0.7617,-0.8493,-0.2676,10522.0,1745.4,507.0,672.3,0.000278,
2997,478738,166,0.6579,0.4984,0.0245,0.4772,0.7912,-0.9049,-0.4461,10634.4,2795.8,578.4,623.6,9.8e-05,
2998,478898,160,0.5639,0.2668,0.259,0.4742,0.6832,-0.9,-0.0132,10223.1,2556.9,405.3,328.3,0.000135,
2999,479053,155,0.1768,0.2418,0.5711,0.1871,0.6759,-0.8603,-0.1803,10195.2,1824.3,472.1,468.7,0.0001,-0.048277
3000,479212,159,0.0501,0.0855,0.6968,0.2177,1.0,-0.7428,-0.4062,12221.6,1187.9,562.5,427.7,8.8e-05,
3001,479377,165,-0.0141,0.1289,0.6207,0.2503,0.4981,-0.8333,-0.3385,9517.9,1427.4,535.4,643.8,5.8e-05,-0.039195
3002,479541,164,0.8943,0.672,0.1286,0.1995,0.7281,-0.9286,-0.1155,10394.2,3641.5,446.2,865.5,9e-05,-0.041695
3003,479710,169,-0.042,0.0503,0.7208,0.2289,1.0,-0.7507,-0.3294,12372.5,1240.8,531.8,882.2,0.000187,
3004,479867,157,0.0386,0.1198,0.4933,0.3869,0.5831,-0.8613,-0.3627,9841.6,1773.9,545.1,485.7,7.2e-05,-0.045151
3005,480031,164,0.1115,0.1361,0.5984,0.2655,1.0,-0.8086,-0.3015,11794.2,1540.8,520.6,723.5,0.000107,-0.046831
3006,480185,154,0.8241,0.5139,0.0847,0.4015,1.0,-0.8442,-0.4238,12388.8,1987.8,569.5,292.9,0.000117,-0.043724
3007,480344,159,0.655,0.4625,0.4204,0.1171,0.9438,-0.8855,-0.2094,11215.8,2448.3,483.8,568.9,9e-05,
3008,480502,158,0.5313,0.4614,0.1943,0.3443,0.5243,-0.8575,-0.3781,9617.5,1687.4,551.2,346.7,0.000152,
3009,480659,157,0.8598,0.2769,0.0024,0.7207,0.2635,-0.9274,0.2507,8623.7,2968.3,299.7,575.1,0.000114,-0.021972
3010,480817,158,0.3418,0.1371,0.3744,0.4885,1.0,-0.8353,-0.1795,12030.1,1826.3,471.8,584.3,8.4e-05,-0.024905
3011,480982,165,0.6421,0.527,0.2569,0.2162,0.8117,-0.8347,-0.3655,10712.7,1620.2,546.2,627.8,0.000195,
3012,481147,165,0.8767,0.0626,0.15,0.7874,0.6258,-0.8789,0.3459,10004.3,2065.2,261.6,607.8,0.000117,-0.053965
3013,481307,160,1.307,0.8697,0.0472,0.083,0.8875,-0.8979,-0.36,11001.5,2694.9,544.0,340.4,8.7e-05,-0.019366
3014,481463,156,0.548,0.1552,0.2255,0.6193,0.9911,-0.8554,-0.0856,11396.1,1970.5,434.2,512.8,8.2e-05,-0.086113
3015,481617,154,0.2659,0.1618,0.4252,0.4129,1.0,-0.8509,-0.1642,12011.7,2014.6,465.7,746.6,9.5e-05,-0.053317
3016,481772,155,0.2807,0.3252,0.3898,0.285,0.2945,-0.8847,-0.2355,8741.9,1895.0,494.2,321.2,8e-05,
3017,481933,161,0.6896,0.3577,0.1975,0.4448,1.0,-0.8878,-0.2159,12323.8,2746.0,486.4,513.5,0.000126,-0.068427
3018,482090,157,0.1756,0.1325,0.4375,0.43,0.7192,-0.8396,-0.1744,10360.3,1614.6,469.8,537.6,9.8e-05,
3019,482256,166,0.5765,0.34,0.1359,0.5241,0.7378,-0.903,-0.2349,10430.9,2687.6,494.0,513.8,6.5e-05,
3020,482415,159,0.4078,0.1173,0.8325,0.0502,1.0,-0.3603,-0.2163,11876.5,464.2,486.5,346.0,0.000122,-0.032961
3021,482572,157,0.4236,0.2167,0.3042,0.479,1.0,-0.8289,-0.3712,12247.9,1789.2,548.5,386.6,0.000118,
3022,482730,158,0.0073,0.058,0.5924,0.3496,1.0,-0.8536,-0.3159,12053.9,2059.0,526.4,571.9,0.000138,
3023,482889,159,0.7656,0.4236,0.138,0.4384,1.0,-0.8867,-0.2969,11577.7,2554.2,518.8,447.5,8e-05,-0.058683
3024,483046,157,0.6305,0.2135,0.1108,0.6756,0.3412,-0.907,0.0986,8919.8,2397.3,360.6,455.6,0.000125,
3025,483204,158,0.8471,0.028,0.0357,0.9363,-0.2785,-0.9482,0.1808,6558.9,3164.9,327.7,268.5,0.000143,
3026,483364,160,0.7108,0.5198,0.31,0.1702,0.8947,-0.8945,-0.1681,11028.9,2613.9,467.2,531.9,6.3e-05,
3027,483522,158,0.6774,0.5299,0.4275,0.0426,0.9844,-0.8746,-0.376,11370.8,2266.5,550.4,548.4,0.000122,
3028,483682,160,0.3145,0.1859,0.2865,0.5276,0.8648,-0.8719,-0.3804,10914.8,2130.3,552.2,556.6,7.3e-05,
3029,483838,156,0.7445,0.5764,0.4158,0.0078,0.9845,-0.8856,-0.168,11370.9,2485.0,467.2,456.3,8.9e-05,
3030,483997,159,1.0884,0.23,0.0033,0.7667,0.4683,-0.9257,0.2792,9404.3,3166.0,288.3,305.0,0.000109,-0.001799
3031,484156,159,0.7386,0.4367,0.1227,0.4406,1.0,-0.879,-0.2482,11946.0,2468.0,499.3,756.2,0.000166,
3032,484322,166,0.3844,0.2474,0.3819,0.3707,0.7708,-0.8967,-0.1177,10556.6,2555.4,447.1,583.7,0.000103,
3033,484482,160,0.4464,0.2265,0.2167,0.5568,0.6208,-0.9016,-0.1772,9985.2,2535.9,470.9,462.9,9.1e-05,
3034,484640,158,0.3549,0.3508,0.4662,0.183,0.8116,-0.9064,-0.15,10712.3,2862.2,460.0,646.9,8.9e-05,
3035,484796,156,0.2044,0.0255,0.4326,0.5419,0.9216,-0.8567,-0.0699,11131.4,1942.0,428.0,504.1,0.000129,
3036,484950,154,0.7542,0.1576,0.1383,0.7041,0.9321,-0.8979,0.2079,11171.2,2734.2,316.8,370.3,0.000112,
3037,485110,160,0.4593,0.1062,0.8324,0.0614,0.9967,-0.3439,-0.1406,11417.5,435.1,456.2,560.3,0.000112,
3038,485269,159,0.1656,0.2822,0.5005,0.2173,0.3823,-0.8608,-0.3477,9076.4,1630.4,539.1,583.5,0.00015,-0.068228
3039,485434,165,1.2324,0.8813,0.1067,0.012,0.7566,-0.9091,-0.5426,10502.8,2889.5,617.1,441.1,6.2e-05,
3040,485592,158,0.9382,0.0669,0.1775,0.7556,0.6309,-0.9016,0.3694,10023.9,2546.9,252.3,337.5,6.4e-05,
3041,485753,161,1.036,0.6226,0.1564,0.221,1.0,-0.8295,-0.1439,11875.0,1740.9,457.6,350.4,0.000107,-0.015346
3042,485912,159,1.0707,0.2329,0.0398,0.7273,0.999,-0.8908,0.3219,11426.1,2615.9,271.2,632.2,6.9e-05,
3043,486078,166,0.0896,0.1317,0.4086,0.4597,1.0,-0.8816,-0.4527,12865.2,2717.5,581.1,401.7,9.2e-05,
3044,486237,159,0.6423,0.2845,0.1962,0.5193,0.9844,-0.8926,-0.0088,11370.6,2646.9,403.5,697.2,6.9e-05,-0.048805
3045,486394,157,0.4941,0.3299,0.3017,0.3684,0.7996,-0.8719,-0.3223,10666.6,2081.7,528.9,463.5,0.000135,
3046,486552,158,0.6005,0.046,0.2529,0.7011,0.5945,-0.9041,0.2234,9885.2,2576.3,310.6,468.2,0.000146,
3047,486709,157,0.6537,0.0825,0.2209,0.6965,0.8989,-0.8694,0.307,11044.6,2113.9,277.2,617.7,7.7e-05,-0.053835
3048,486863,154,0.6142,0.5933,0.262,0.1446,0.6604,-0.8952,-0.1214,10136.3,2418.3,448.6,587.5,0.00011,-0.047456
3049,487022,159,0.636,0.3175,0.1484,0.5341,0.8484,-0.8662,-0.1036,10852.6,2027.3,441.4,476.5,8.1e-05,
3050,487183,161,0.8434,0.5003,0.1401,0.3596,1.0,-0.8814,-0.3128,12103.8,2551.4,525.1,450.1,7.1e-05,-0.071117
3051,487347,164,0.1822,0.1013,0.4282,0.4705,0.6169,-0.8671,-0.1561,9970.5,1875.4,462.4,409.3,0.000103,-0.08851
3052,487506,159,0.3742,0.1368,0.8501,0.0131,1.0,-0.2377,-0.351,12257.6,402.0,540.4,683.0,0.000167,
3053,487666,160,-0.0891,0.0585,0.545,0.3965,0.7239,-0.8623,-0.4929,10378.0,1883.8,597.2,458.3,8.8e-05,
3054,487826,160,0.2606,0.241,0.7101,0.0489,1.0,-0.7301,-0.1257,11475.4,1062.9,450.3,577.7,9.1e-05,
3055,487988,162,0.0967,0.0637,0.7548,0.1815,1.0,-0.6828,-0.3351,11461.3,903.3,534.1,375.5,9.8e-05,
3056,488155,167,0.6699,0.4011,0.3348,0.2641,1.0,-0.8431,-0.2519,12523.3,1994.9,500.8,669.6,0.000109,-0.036006
3057,488316,161,0.3619,0.2687,0.4628,0.2685,1.0,-0.8257,-0.2346,12353.4,1772.3,493.8,357.5,0.000191,
3058,488476,160,0.4552,0.4017,0.5047,0.0935,1.0,-0.8618,-0.3146,11887.4,2150.8,525.8,653.1,8.5e-05,
3059,488639,163,0.7293,0.5703,0.0484,0.3813,0.7737,-0.8624,-0.5363,10567.7,1920.4,614.5,679.2,9.1e-05,-0.011836
3060,488805,166,0.2958,0.2541,0.5948,0.1511,0.958,-0.8342,-0.3116,11269.8,1699.5,524.7,498.8,0.0001,-0.055031
3061,488964,159,0.7775,0.4911,0.1578,0.3511,0.7694,-0.8879,0.0119,10551.4,2352.7,395.2,712.9,8.3e-05,
3062,489118,154,0.4282,0.4068,0.319,0.2743,0.6478,-0.8419,-0.3795,10088.2,1595.0,551.8,653.9,0.000113,
3063,489281,163,0.6099,0.4449,0.2744,0.2807,0.9581,-0.8994,-0.356,11270.5,2801.3,542.4,660.4,6.2e-05,-0.038129
3064,489448,167,0.5092,0.5919,0.3804,0.0276,0.4937,-0.8683,-0.258,9500.8,1802.9,503.2,482.7,0.000106,
3065,489608,160,0.1634,0.2779,0.5035,0.2185,0.4866,-0.866,-0.3566,9474.1,1767.6,542.6,494.9,9.4e-05,
3066,489765,157,0.2121,0.4069,0.5825,0.0106,0.3429,-0.8423,-0.2713,8926.4,1415.1,508.5,381.9,9.8e-05,-0.03131
3067,489925,160,0.8507,0.4178,0.0742,0.5079,0.9525,-0.8914,-0.1145,11249.1,2588.4,445.8,456.2,7.4e-05,-0.033308
3068,490086,161,0.7084,0.3798,0.1033,0.5168,0.8054,-0.9,-0.1781,10688.6,2673.3,471.2,557.0,9.3e-05,
3069,490244,158,0.3056,0.3754,0.5646,0.0599,0.7021,-0.8371,-0.3297,10294.9,1580.3,531.9,501.9,0.000136,
3070,490403,159,0.5964,0.4598,0.4104,0.1298,1.0,-0.8697,-0.3727,11659.8,2237.2,549.1,697.3,8.9e-05,-0.035575
3071,490564,161,0.713,0.5512,0.4009,0.0479,0.9091,-0.8576,-0.3783,11083.7,1946.5,551.3,443.3,9.9e-05,
3072,490722,158,0.5166,0.2625,0.2331,0.5044,1.0,-0.8514,-0.2914,12569.8,2115.1,516.5,453.1,0.000113,
3073,490879,157,0.6988,0.4772,0.1351,0.3876,0.8584,-0.9047,-0.4335,10890.6,2858.1,573.4,459.4,9.4e-05,-0.041843
3074,491040,161,1.0295,0.8593,0.1323,0.0084,0.7208,-0.9052,-0.315,10366.4,2732.5,526.0,502.1,0.000142,
3075,491195,155,0.934,0.0911,0.0237,0.8852,0.7563,-0.8904,0.3685,10501.6,2395.2,252.6,653.0,7.6e-05,-0.053102
3076,491355,160,0.5642,0.189,0.2015,0.6095,1.0,-0.8431,0.0183,12952.3,2063.8,392.7,644.8,0.000154,-0.086009
3077,491519,164,0.4908,0.5841,0.37,0.0458,0.5931,-0.854,-0.4224,9879.9,1692.3,568.9,948.5,7.4e-05,-0.043382
3078,491680,161,0.5595,0.3893,0.3254,0.2854,1.0,-0.8806,-0.3741,12084.3,2529.5,549.6,379.1,0.000137,
3079,491843,163,0.6452,0.3838,0.1316,0.4845,0.7242,-0.9113,-0.1891,10379.3,2926.6,475.6,445.5,8.9e-05,-0.08705
3080,491997,154,0.116,0.1335,0.661,0.2055,1.0,-0.7736,-0.2983,11562.0,1276.6,519.3,396.7,7.3e-05,-0.06227
3081,492158,161,1.2163,0.8664,0.0086,0.125,0.8147,-0.9043,-0.2246,10723.9,2801.2,489.8,799.7,9.9e-05,
3082,492318,160,0.8593,0.498,0.0543,0.4477,0.9858,-0.8933,-0.2589,11375.9,2666.2,503.6,464.3,0.000134,
3083,492473,155,0.9015,0.5182,0.2001,0.2817,1.0,-0.8922,-0.1732,11863.4,2751.8,469.3,462.8,9e-05,-0.03433
3084,492634,161,0.8076,0.6957,0.0147,0.2897,0.5234,-0.9122,-0.0739,9614.2,2737.5,429.6,774.7,9.2e-05,
3085,492797,163,1.0549,0.7139,0.1691,0.117,0.9711,-0.8859,-0.3462,11320.0,2480.1,538.5,484.2,7.6e-05,-0.068818
3086,492956,159,0.6068,0.4294,0.365,0.2056,1.0,-0.8201,-0.2227,11806.1,1640.5,489.1,756.6,0.000144,
3087,493116,160,0.1176,0.1636,0.4761,0.3602,0.7097,-0.8598,-0.2378,10323.8,1841.1,495.1,773.3,0.000113,
3088,493271,155,0.7127,0.3419,0.2025,0.4556,1.0,-0.8822,0.0231,12315.5,2613.5,390.8,830.9,0.00017,-0.058977
3089,493429,158,0.3391,0.3137,0.66,0.0263,1.0,-0.8064,-0.3084,11514.3,1487.2,523.4,635.7,0.000136,-0.050049
3090,493592,163,0.7553,0.3826,0.0435,0.5738,0.9063,-0.9023,-0.1468,11073.0,2832.0,458.7,461.5,0.000109,
3091,493752,160,0.5158,0.4043,0.4495,0.1463,0.8799,-0.8814,-0.3137,10972.3,2313.9,525.5,479.1,9.4e-05,
3092,493910,158,0.6992,0.188,0.0999,0.712,0.5173,-0.9078,0.1634,9591.0,2600.7,334.7,788.3,8.1e-05,
3093,494069,159,0.327,0.2054,0.3794,0.4152,0.9143,-0.8422,-0.3775,11103.5,1759.2,551.0,594.2,9e-05,-0.055669
3094,494224,155,0.1035,0.1222,0.7161,0.1618,1.0,-0.6971,-0.5747,11859.0,978.9,629.9,574.6,0.000116,
3095,494387,163,0.3795,0.0513,0.8805,0.0683,0.6563,0.0696,-0.3884,10120.7,236.5,555.4,813.5,7.2e-05,-0.073988
3096,494541,154,0.2708,0.2044,0.6056,0.19,1.0,-0.8081,-0.1751,11613.3,1512.9,470.0,389.5,0.000109,-0.051456
3097,494702,161,0.454,0.0176,0.9175,0.0649,0.2557,0.09,-0.1855,8594.0,197.1,474.2,405.2,0.000121,
3098,494858,156,0.6423,0.2144,0.105,0.6805,0.4831,-0.9115,0.0672,9460.6,2673.8,373.1,610.1,0.00011,
3099,495023,165,0.3149,0.3589,0.3902,0.2509,0.6997,-0.9025,-0.2506,10285.8,2636.7,500.2,850.0,7.4e-05,-0.062814
3100,495183,160,0.8514,0.4664,0.1277,0.4059,0.9641,-0.896,-0.1994,11293.3,2715.3,479.8,346.9,0.00013,-0.036366
3101,495342,159,0.6141,0.0502,0.2058,0.744,-0.1433,-0.9386,0.144,7074.0,2880.6,342.4,298.3,9.9e-05,
3102,495502,160,0.8022,0.5685,0.1796,0.252,0.9698,-0.9044,-0.4862,11315.0,2959.7,594.5,445.0,9.9e-05,
3103,495662,160,1.0953,0.6664,0.1552,0.1784,1.0,-0.8863,-0.3998,12023.4,2644.7,559.9,310.1,0.000384,
3104,495817,155,0.5924,0.1649,0.1936,0.6415,0.9067,-0.8955,0.0107,11074.6,2650.0,395.7,465.2,0.000101,-0.076195
3105,495976,159,0.8882,0.6092,0.1277,0.2631,0.969,-0.9017,-0.2365,11311.9,2876.2,494.6,683.9,0.000115,
3106,496141,165,0.7217,0.5619,0.4142,0.0239,0.9224,-0.8968,-0.2298,11134.4,2696.3,491.9,445.5,9.4e-05,-0.069928
3107,496301,160,1.0419,0.7835,0.188,0.0286,0.7758,-0.9109,-0.2093,10575.7,2968.8,483.7,452.0,7.6e-05,-0.061104
3108,496462,161,0.5393,0.2734,0.2664,0.4602,0.9834,-0.8947,-0.2305,11366.7,2699.8,492.2,442.4,7.6e-05,
3109,496628,166,0.833,0.6156,0.2186,0.1658,1.0,-0.9043,-0.4286,12013.8,3138.5,571.4,419.8,7.4e-05,
3110,496789,161,0.633,0.4598,0.3061,0.2342,0.9433,-0.8842,-0.3214,11214.0,2421.5,528.6,582.8,0.000219,-0.037961
3111,496951,162,0.9984,0.8149,0.1509,0.0343,0.7861,-0.9195,-0.4351,10615.0,3297.4,574.1,602.3,0.000156,-0.072601
3112,497114,163,0.8226,0.7683,0.1586,0.0731,0.6226,-0.9161,-0.151,9992.3,2977.4,460.4,683.7,0.00011,
3113,497276,162,1.0269,0.1511,0.001,0.8478,0.8133,-0.908,0.3026,10718.5,2914.0,279.0,560.5,0.000117,
3114,497434,158,0.6622,0.383,0.1522,0.4649,0.9767,-0.8974,-0.2593,11341.2,2763.6,503.7,481.9,0.000384,
3115,497593,159,1.0954,0.8127,0.161,0.0263,0.9008,-0.9103,-0.1933,11052.1,3080.5,477.3,543.1,0.000504,-0.05009
3116,497760,167,0.4468,0.2518,0.2556,0.4926,1.0,-0.8974,-0.2551,12239.0,2982.2,502.0,580.0,9.1e-05,
3117,497921,161,0.5224,0.3701,0.1696,0.4603,0.5369,-0.9107,-0.1729,9665.5,2706.2,469.2,674.9,0.000125,-0.059662
3118,498079,158,0.5203,0.3428,0.2942,0.363,1.0,-0.892,-0.2819,11988.8,2776.4,512.8,470.3,0.000137,-0.07623
3119,498236,157,0.623,0.3431,0.1478,0.5091,0.8318,-0.9051,-0.2533,10789.3,2843.6,501.3,492.6,0.000102,
3120,498396,160,0.6065,0.3475,0.3576,0.2949,1.0,-0.8824,-0.0836,11511.6,2447.1,433.4,396.2,5.9e-05,
3121,498559,163,0.0488,0.0161,0.487,0.4969,1.0,-0.817,-0.1899,11460.5,1566.0,475.9,644.5,6e-05,-0.086525
3122,498717,158,0.4498,0.4997,0.3184,0.1819,0.5747,-0.9083,-0.1377,9809.7,2675.1,455.1,681.5,0.000125,-0.042967
3123,498872,155,0.9366,0.7002,0.2163,0.0834,1.0,-0.8775,-0.4896,11718.9,2392.1,595.9,693.9,0.000105,
3124,499035,163,1.0806,0.7747,0.1252,0.1001,0.913,-0.8779,-0.3014,11098.7,2272.4,520.6,522.0,9.3e-05,-0.06061
3125,499191,156,0.3222,0.2822,0.5592,0.1585,0.9305,-0.8229,-0.1857,11165.3,1576.6,474.3,523.3,0.000153,-0.027117
3126,499352,161,0.6388,0.5115,0.1977,0.2908,0.5777,-0.9049,-0.1595,9821.2,2581.0,463.8,434.7,8.5e-05,
3127,499514,162,0.8236,0.4144,0.1932,0.3925,1.0,-0.8614,-0.1552,12625.1,2276.7,462.1,692.4,0.000104,
3128,499675,161,0.9062,0.047,0.1324,0.8207,0.9077,-0.8867,0.2882,11078.2,2444.2,284.7,586.5,0.000118,-0.045737
3129,499834,159,0.0895,0.0753,0.6844,0.2403,1.0,-0.7716,-0.1639,11816.1,1293.3,465.5,688.0,0.000287,
3130,499995,161,0.1596,0.1163,0.4796,0.4042,1.0,-0.8423,-0.2918,12325.4,1954.2,516.7,513.5,0.000129,-0.055148
3131,500157,162,0.7272,0.1604,0.1534,0.6862,0.5635,-0.9145,0.1062,9767.0,2856.9,357.5,388.3,8.2e-05,-0.0611
3132,500322,165,0.4355,0.1701,0.2382,0.5916,0.853,-0.9078,-0.1602,10870.0,2947.2,464.1,526.7,0.000136,
3133,500483,161,1.0575,0.0049,0.0397,0.9555,0.2392,-0.9135,0.4336,8531.5,2465.2,226.6,472.2,0.000108,-0.068168
3134,500644,161,0.1977,0.1496,0.4291,0.4213,0.7736,-0.9009,-0.0825,10567.2,2665.9,433.0,797.1,0.000128,
3135,500800,156,0.8829,0.3581,0.0401,0.6018,0.7308,-0.9007,-0.0627,10404.4,2618.8,425.1,213.4,9e-05,
3136,500964,164,0.6559,0.4415,0.0499,0.5086,0.7276,-0.9041,-0.384,10392.1,2708.1,553.6,859.1,0.00011,
3137,501125,161,1.0624,0.0169,0.0094,0.9737,0.8569,-0.903,0.3527,10884.6,2804.5,258.9,591.9,0.000631,-0.056965
3138,501286,161,0.5474,0.4255,0.2699,0.3046,1.0,-0.8104,-0.5889,12273.7,1618.0,635.6,780.0,0.000135,
3139,501445,159,0.8164,0.5501,0.0791,0.3707,0.8037,-0.9149,-0.3273,10682.2,3138.5,530.9,561.2,0.00015,-0.027843
3140,501605,160,0.711,0.1789,0.2081,0.613,0.9671,-0.8744,-0.0207,11304.5,2251.0,408.3,237.4,0.000105,-0.03892
3141,501766,161,0.393,0.3282,0.4295,0.2423,0.7065,-0.8919,-0.2275,10311.8,2385.8,491.0,245.5,8.9e-05,
3142,501923,157,0.1453,0.007,0.4183,0.5746,0.8382,-0.8642,-0.164,10813.7,1991.2,465.6,508.5,0.000114,-0.06954
3143,502081,158,0.1638,0.2588,0.6899,0.0512,0.8941,-0.7943,-0.2215,11026.4,1340.2,488.6,1050.4,0.000189,-0.071316
3144,502239,158,0.6506,0.524,0.2811,0.1949,0.6618,-0.8902,-0.2288,10141.5,2308.8,491.5,365.3,0.000102,-0.039455
3145,502400,161,1.3689,0.9161,0.0302,0.0537,1.0,-0.9028,-0.3287,11750.2,3022.8,531.5,812.8,9.2e-05,
3146,502559,159,0.9686,0.7238,0.252,0.0243,0.8785,-0.9005,-0.2616,10966.9,2756.1,504.6,391.7,0.000127,-0.040465
3147,502715,156,0.6867,0.4882,0.2126,0.2991,0.7592,-0.8861,-0.1818,10512.5,2306.8,472.7,390.6,8.2e-05,-0.026871
3148,502875,160,1.0993,0.1096,0.0232,0.8672,0.6912,-0.901,0.3597,10253.4,2589.2,256.1,601.2,4.8e-05,-0.047532
3149,503042,167,0.9806,0.5535,0.0261,0.4204,1.0,-0.8998,-0.4616,11755.9,2934.1,584.6,240.9,7.3e-05,
3150,503205,163,1.085,0.7028,0.1111,0.1861,1.0,-0.8896,-0.4354,11520.5,2609.1,574.2,684.9,9e-05,-0.0221
3151,503360,155,0.3335,0.3501,0.5136,0.1363,0.8603,-0.8351,-0.2582,10897.6,1652.3,503.3,759.8,0.000174,
3152,503521,161,0.8357,0.569,0.3193,0.1116,1.0,-0.8737,-0.2976,11561.6,2287.9,519.1,462.2,6.9e-05,-0.073848
3153,503682,161,0.7974,0.4402,0.2386,0.3211,1.0,-0.8619,-0.1277,12378.9,2241.4,451.1,575.8,0.000137,
3154,503846,164,0.7529,0.5688,0.3021,0.129,0.9281,-0.8991,-0.3942,11156.0,2764.3,557.7,617.0,0.000222,
3155,504009,163,0.5982,0.4679,0.3756,0.1564,0.8398,-0.9021,-0.2465,10819.8,2762.1,498.6,236.0,0.000151,-0.064879
3156,504168,159,0.0536,0.0645,0.616,0.3195,1.0,-0.7818,-0.2532,11618.7,1331.2,501.3,921.5,9.6e-05,
3157,504329,161,1.0324,0.5764,0.0398,0.3837,1.0,-0.8823,-0.3466,13000.2,2760.3,538.6,352.7,0.000128,-0.057658
3158,504493,164,0.3308,0.1261,0.3626,0.5113,0.9439,-0.8347,-0.1666,11216.1,1696.6,466.6,494.9,7.5e-05,-0.058663
3159,504648,155,0.1287,0.0856,0.4446,0.4698,0.8537,-0.8576,-0.1534,10872.7,1908.6,461.4,620.1,8.2e-05,
3160,504811,163,0.1768,0.1966,0.4898,0.3136,0.3993,-0.863,-0.2368,9141.5,1668.3,494.7,497.7,0.000133,-0.047011
3161,504971,160,0.1474,0.208,0.6244,0.1676,0.9285,-0.7985,-0.2754,11157.5,1384.6,510.2,672.9,9.1e-05,-0.061281
3162,505131,160,0.7023,0.4263,0.311,0.2627,1.0,-0.8694,-0.1283,11530.7,2206.6,451.3,421.9,8.5e-05,-0.049543
3163,505298,167,-0.0768,0.0562,0.6,0.3437,0.6246,-0.8344,-0.2847,9999.7,1509.9,513.9,738.9,9.3e-05,
3164,505455,157,0.0293,0.1126,0.7143,0.1731,0.7717,-0.7473,-0.2731,10560.0,1044.7,509.2,647.5,9.9e-05,-0.075342
3165,505618,163,0.3122,0.2308,0.3958,0.3734,0.8822,-0.826,-0.3679,10981.4,1578.0,547.2,657.7,0.00011,
3166,505781,163,0.1917,0.1588,0.5561,0.2852,0.7782,-0.8234,-0.3409,10585.0,1498.7,536.4,492.6,8.2e-05,-0.058133
3167,505943,162,0.1401,0.2258,0.4578,0.3164,0.853,-0.8775,-0.3315,10870.1,2219.1,532.6,803.8,9.1e-05,-0.057296
3168,506108,165,0.7608,0.4415,0.0673,0.4913,0.8564,-0.8903,-0.1662,10882.7,2480.6,466.5,561.6,0.000133,
3169,506267,159,1.2553,0.7558,0.0689,0.1753,1.0,-0.8509,-0.1721,11743.4,1968.8,468.8,742.2,0.000177,-0.073281
3170,506425,158,0.7434,0.5551,0.2829,0.162,0.935,-0.8338,-0.2278,11182.3,1682.5,491.1,686.7,0.000101,-0.064813
3171,506583,158,0.9583,0.6818,0.2103,0.108,0.8088,-0.8333,-0.2888,10701.6,1604.8,515.5,524.3,7.5e-05,-0.061992
3172,506750,167,0.8084,0.3386,0.064,0.5974,0.8816,-0.9138,-0.1863,10978.8,3182.6,474.5,504.4,8.6e-05,
3173,506911,161,0.5701,0.4443,0.2048,0.3509,0.8404,-0.9006,-0.2874,10821.8,2720.5,515.0,593.0,0.000113,-0.083743
3174,507069,158,0.4904,0.4047,0.4707,0.1246,0.8399,-0.8191,-0.2697,10820.1,1495.5,507.9,422.1,9e-05,-0.074466
3175,507232,163,0.7333,0.4778,0.1762,0.346,1.0,-0.8929,-0.4336,11743.5,2741.5,573.4,588.6,8.9e-05,
3176,507397,165,1.1459,0.7778,0.1048,0.1174,1.0,-0.8841,-0.2882,12331.2,2659.2,515.3,617.8,8.9e-05,-0.067643
3177,507556,159,1.4058,0.9332,0.0453,0.0215,1.0,-0.8799,-0.4464,12128.5,2525.0,578.6,857.8,0.000113,
3178,507720,164,0.4472,0.2838,0.3293,0.3869,0.9183,-0.8356,-0.2853,11118.6,1690.8,514.1,467.6,0.000226,
3179,507878,158,0.5212,0.4352,0.5301,0.0347,0.911,-0.8347,-0.5147,11090.8,1677.1,605.9,456.5,8.9e-05,
3180,508041,163,0.5017,0.017,0.2835,0.6996,0.3492,-0.8854,0.287,8950.3,1952.3,285.2,899.6,8.3e-05,-0.034935
3181,508212,171,0.0751,0.1561,0.7241,0.1198,0.7221,-0.7614,-0.272,10371.4,1086.7,508.8,550.7,7.7e-05,
3182,508371,159,0.6946,0.3835,0.0911,0.5254,0.8018,-0.8932,-0.0152,10674.8,2498.4,406.1,764.9,0.000292,-0.058911
3183,508530,159,0.8246,0.6042,0.0462,0.3496,0.7015,-0.8821,-0.2781,10292.7,2182.6,511.2,728.7,9.1e-05,
3184,508682,152,0.2832,0.1706,0.4574,0.372,1.0,-0.8354,-0.1354,12107.1,1839.1,454.2,615.8,0.000104,
3185,508843,161,0.6955,0.215,0.1012,0.6838,0.4126,-0.884,0.1171,9192.0,1981.9,353.2,535.0,6.4e-05,-0.087429
3186,509003,160,-0.0872,0.0636,0.4623,0.4741,0.1842,-0.9003,-0.3587,8321.6,2085.7,543.5,1036.2,0.000105,-0.04116
3187,509160,157,0.5472,0.361,0.3544,0.2847,0.8583,-0.8389,-0.0522,10890.0,1689.9,420.9,543.7,6.9e-05,
3188,509317,157,1.0891,0.6433,0.1325,0.2242,1.0,-0.8839,-0.3893,11584.6,2494.2,555.7,375.5,0.000115,-0.041163
3189,509480,163,1.2507,0.8607,0.0555,0.0838,0.9914,-0.8902,-0.2937,11397.4,2595.9,517.5,580.2,7e-05,
3190,509642,162,0.2011,0.2556,0.4703,0.2741,0.7056,-0.8695,-0.2341,10308.2,1975.2,493.7,841.9,0.000105,
3191,509805,163,0.3878,0.4233,0.3662,0.2105,0.7394,-0.9021,-0.1975,10437.0,2665.9,479.0,1028.9,0.000121,-0.060386
3192,509958,153,0.1632,0.0324,0.7755,0.1921,0.8931,-0.551,-0.3187,11022.8,613.7,527.5,376.8,0.000126,
3193,510121,163,0.8407,0.5786,0.3352,0.0861,1.0,-0.8875,-0.2119,11954.6,2657.5,484.8,479.5,0.000114,-0.044279
3194,510288,167,0.9604,0.0163,0.0852,0.8985,0.6064,-0.8981,0.4111,9930.4,2435.6,235.6,892.2,7.6e-05,
3195,510445,157,0.7464,0.5653,0.3252,0.1095,1.0,-0.8398,-0.2138,11758.1,1835.1,485.5,719.1,0.000118,-0.062977
3196,510610,165,0.3279,0.2327,0.3412,0.4261,0.7717,-0.8968,-0.3847,10560.4,2558.3,553.9,561.9,6e-05,
3197,510769,159,1.0204,0.1088,0.0278,0.8635,0.2862,-0.8922,0.4699,8710.3,2019.1,212.0,701.6,0.000142,-0.061111
3198,510926,157,0.9964,0.0353,0.1593,0.8054,0.2757,-0.9061,0.3447,8670.6,2309.1,262.1,351.6,0.000109,
3199,511088,162,1.1501,0.7084,0.0526,0.239,1.0,-0.8814,-0.3017,12190.5,2570.7,520.7,738.3,7.8e-05,
3200,511244,156,0.7421,0.1585,0.1127,0.7289,-0.015,-0.941,0.2126,7562.8,3207.2,315.0,368.9,9.9e-05,
3201,511402,158,0.1407,0.1118,0.5731,0.3152,0.676,-0.8345,-0.0837,10195.6,1540.4,433.5,660.6,8.2e-05,
3202,511559,157,0.3307,0.0135,0.3978,0.5887,0.9257,-0.8566,0.0969,11146.7,1943.3,361.2,579.0,0.000204,-0.066921
3203,511716,157,0.3398,0.3223,0.4283,0.2493,0.6203,-0.852,-0.1211,9983.3,1686.2,448.4,734.1,9e-05,
3204,511879,163,0.46,0.3846,0.6043,0.0111,0.9096,-0.82,-0.2534,11085.6,1539.9,501.4,329.6,0.000121,-0.062528
3205,512036,157,0.3679,0.0494,0.8563,0.0944,0.7193,-0.2191,-0.2716,10360.6,331.7,508.6,587.3,8.1e-05,
3206,512195,159,0.2813,0.3605,0.5603,0.0792,0.7624,-0.8459,-0.1459,10524.9,1707.2,458.3,481.2,7.1e-05,-0.069902
3207,512353,158,-0.0297,0.0057,0.7725,0.2217,0.8315,-0.6167,-0.3856,10788.1,703.6,554.2,427.6,0.000159,-0.052915
3208,512517,164,0.8543,0.2638,0.023,0.7132,0.5712,-0.9207,0.0332,9796.3,3089.6,386.7,304.9,8.4e-05,-0.061602
3209,512674,157,1.1402,0.8419,0.038,0.1201,0.8257,-0.9019,-0.4043,10765.9,2743.1,561.7,522.4,8.7e-05,
3210,512837,163,0.8349,0.2294,0.0688,0.7019,0.5467,-0.9145,0.1489,9702.7,2838.1,340.4,494.4,0.000181,-0.055518
3211,512993,156,0.5511,0.1048,0.2165,0.6788,0.5663,-0.9037,0.0022,9777.4,2539.1,399.1,367.0,8.6e-05,-0.089679
3212,513152,159,1.314,0.7932,0.0272,0.1796,0.9665,-0.8929,-0.1323,11302.3,2639.1,452.9,489.6,9.2e-05,
3213,513314,162,1.1966,0.8026,0.1271,0.0704,0.9501,-0.8753,-0.2826,11240.0,2253.5,513.1,654.0,0.000152,
3214,513464,150,0.1022,0.2453,0.6726,0.0821,0.4986,-0.7776,-0.2277,9519.8,1070.1,491.1,670.4,0.000124,
3215,513621,157,1.0337,0.4072,0.003,0.5897,0.959,-0.8815,0.0797,11273.9,2377.6,368.1,381.8,6.7e-05,-0.05284
3216,513782,161,1.0081,0.6995,0.0381,0.2624,0.9042,-0.8878,-0.3736,11064.9,2464.3,549.4,734.7,0.000165,
3217,513941,159,0.4633,0.2809,0.4185,0.3006,0.9081,-0.7921,-0.305,11079.7,1332.5,522.0,682.5,0.000225,-0.059086
3218,514103,162,0.8993,0.3871,0.0204,0.5925,1.0,-0.8806,-0.0962,11982.3,2509.4,438.5,377.5,0.00019,-0.061748
3219,514271,168,0.3063,0.2287,0.6106,0.1607,0.9771,-0.8092,-0.2766,11342.6,1486.1,510.7,472.2,7.1e-05,-0.053929
3220,514433,162,0.2367,0.1672,0.3267,0.5061,0.5992,-0.9051,-0.2034,9902.8,2608.7,481.4,705.6,7.1e-05,-0.067862
3221,514593,160,0.7169,0.4899,0.1797,0.3304,0.9768,-0.8712,-0.3678,11341.7,2201.6,547.1,813.0,7.2e-05,-0.087638
3222,514755,162,0.2335,0.2724,0.4974,0.2302,0.4584,-0.8623,-0.3621,9366.3,1700.3,544.8,239.0,0.000133,-0.044811
3223,514916,161,-0.0088,0.0166,0.6014,0.382,0.8833,-0.8358,-0.2373,10985.5,1672.3,494.9,369.1,0.000163,
3224,515080,164,1.3241,0.8385,0.0466,0.1149,1.0,-0.8904,-0.3122,11611.2,2649.7,524.9,830.1,8.5e-05,
3225,515243,163,-0.0793,0.0215,0.5219,0.4566,1.0,-0.807,-0.4856,12257.8,1588.1,594.2,726.9,8.9e-05,-0.058244
3226,515402,159,0.2022,0.0927,0.5664,0.341,0.956,-0.8113,-0.1104,11262.2,1492.4,444.1,790.5,9.2e-05,
3227,515562,160,0.3069,0.1511,0.2641,0.5848,0.7406,-0.8829,-0.1983,10441.5,2229.6,479.3,629.8,9.9e-05,
3228,515726,164,0.7257,0.4928,0.3836,0.1236,1.0,-0.8228,-0.18,11441.6,1614.5,472.0,521.0,9.8e-05,
3229,515887,161,0.5401,0.1205,0.2192,0.6603,0.7922,-0.8906,-0.0721,10638.2,2431.1,428.8,549.0,0.00012,-0.050249
3230,516047,160,0.3822,0.1021,0.2691,0.6288,1.0,-0.8331,-0.2031,11793.5,1766.2,481.2,507.3,0.000107,-0.066549
3231,516209,162,0.7265,0.5591,0.1156,0.3253,0.7234,-0.8776,-0.3627,10376.1,2118.7,545.1,662.1,0.000117,-0.078953
3232,516376,167,0.3784,0.4166,0.1964,0.3869,0.4619,-0.9135,-0.3151,9379.9,2712.4,526.0,861.1,9.3e-05,
3233,516534,158,0.9,0.6877,0.1796,0.1327,0.7685,-0.9005,-0.0907,10548.0,2649.4,436.3,549.9,7.9e-05,
3234,516693,159,1.0688,0.1578,0.0214,0.8208,0.6481,-0.8887,0.4166,10089.2,2266.7,233.4,589.6,6.6e-05,-0.0818
3235,516852,159,1.0774,0.0386,0.0125,0.9489,0.5677,-0.8851,0.4812,9783.0,2128.0,207.5,830.1,0.000182,
3236,517012,160,0.8932,0.44,0.1271,0.4329,1.0,-0.8574,-0.0707,12160.0,2131.6,428.3,946.0,0.000118,
3237,517175,163,0.2045,0.1807,0.6864,0.1329,1.0,-0.8056,-0.3222,11509.3,1479.7,528.9,485.9,0.000183,-0.05733
3238,517326,151,0.1892,0.0838,0.7976,0.1186,0.7934,-0.5096,-0.2898,10643.0,542.6,515.9,408.6,8.3e-05,
3239,517487,161,0.6237,0.4256,0.0758,0.4986,0.663,-0.902,-0.1568,10146.0,2587.4,462.7,897.1,8.3e-05,-0.087107
3240,517647,160,0.5279,0.4036,0.4794,0.117,1.0,-0.8401,-0.1714,11765.5,1839.3,468.6,566.5,9.7e-05,-0.040247
3241,517809,162,0.7944,0.2938,0.0967,0.6096,1.0,-0.8975,-0.0392,11633.9,2837.0,415.7,533.8,0.000178,-0.073147
3242,517971,162,0.4727,0.0116,0.3016,0.6868,0.2459,-0.895,0.1178,8556.9,2037.0,352.9,613.2,7.2e-05,-0.093602
3243,518133,162,0.6425,0.4652,0.1895,0.3453,0.8515,-0.8098,-0.1997,10864.0,1427.7,479.9,1114.7,7.4e-05,-0.063197
3244,518293,160,0.421,0.2608,0.4022,0.337,1.0,-0.8463,-0.2534,11793.6,1918.4,501.4,578.5,0.000117,-0.068141
3245,518450,157,0.2046,0.3218,0.6542,0.024,0.6102,-0.8183,-0.317,9944.9,1368.0,526.8,361.7,7.3e-05,
3246,518611,161,0.1578,0.2009,0.695,0.1041,0.8362,-0.7726,-0.4772,10805.9,1188.2,590.9,625.2,0.000102,-0.062974
3247,518779,168,0.1978,0.2462,0.5588,0.1949,0.7386,-0.8533,-0.289,10434.2,1778.1,515.6,502.4,0.000196,-0.075387
3248,518936,157,1.0394,0.6383,0.1228,0.239,1.0,-0.8251,-0.0739,11452.3,1637.4,429.6,623.8,5.7e-05,
3249,519106,170,-0.0393,0.0154,0.7092,0.2754,1.0,-0.7598,-0.3107,11767.1,1224.9,524.3,485.7,8.2e-05,
3250,519269,163,0.593,0.4773,0.2188,0.3038,0.713,-0.8673,-0.27,10336.5,1946.8,508.0,525.2,0.000165,-0.041962
3251,519431,162,0.6011,0.6582,0.286,0.0559,0.4722,-0.9095,-0.2625,9418.9,2600.6,505.0,489.0,0.000102,-0.07556
3252,519595,164,0.3391,0.2475,0.6595,0.093,1.0,-0.7806,-0.0652,12063.4,1374.5,426.1,648.2,8.3e-05,-0.047102
3253,519750,155,1.0917,0.6821,0.1884,0.1295,1.0,-0.8236,-0.2519,11546.2,1636.1,500.8,279.2,0.000115,
3254,519912,162,0.2527,0.2968,0.6805,0.0227,0.8941,-0.8139,-0.2473,11026.5,1481.5,498.9,491.2,0.000106,
3255,520076,164,1.0865,0.5516,0.0489,0.3995,1.0,-0.895,-0.2666,11984.5,2853.8,506.6,257.0,0.00011,
3256,520234,158,0.7065,0.6861,0.1352,0.1788,0.5588,-0.91,-0.2783,9749.1,2707.6,511.3,779.3,7.8e-05,
3257,520395,161,1.3007,0.8674,0.1277,0.0049,1.0,-0.8604,-0.2169,11519.3,2062.7,486.7,891.6,0.000105,-0.087621
3258,520556,161,0.0391,0.0259,0.542,0.432,0.8548,-0.7871,-0.2236,10876.6,1277.1,489.4,738.9,0.00029,
3259,520718,162,0.7526,0.6066,0.1122,0.2812,0.7504,-0.8974,-0.3614,10479.2,2554.2,544.6,607.7,6.4e-05,
3260,520872,154,0.4135,0.3613,0.3203,0.3184,0.7791,-0.8601,-0.2268,10588.6,1892.2,490.7,413.4,0.00035,
3261,521034,162,0.8629,0.4742,0.1429,0.3829,0.9749,-0.8274,-0.2368,11334.4,1641.6,494.7,492.6,6.5e-05,
3262,521194,160,0.8023,0.4724,0.1975,0.3301,1.0,-0.7848,-0.3394,13223.0,1536.2,535.8,540.2,0.000174,
3263,521362,168,0.4159,0.1081,0.2996,0.5923,1.0,-0.8737,-0.111,12041.0,2382.6,444.4,591.3,0.000101,
3264,521518,156,0.317,0.1185,0.4933,0.3882,0.8595,-0.8153,-0.1186,10894.7,1474.7,447.5,396.9,5.5e-05,
3265,521674,156,0.128,0.0506,0.6734,0.2761,0.7427,-0.7377,-0.2302,10449.7,996.0,492.1,480.2,9.7e-05,
3266,521830,156,0.0151,0.0911,0.7572,0.1516,0.5781,-0.6728,-0.3414,9822.6,750.4,536.5,522.3,9.5e-05,
3267,521996,166,0.2219,0.2925,0.5418,0.1657,0.6183,-0.8575,-0.4042,9975.9,1750.6,561.7,499.2,8.6e-05,
3268,522150,154,0.7193,0.537,0.3089,0.1541,0.9193,-0.8755,-0.1096,11122.4,2233.1,443.8,946.6,0.000206,
3269,522313,163,0.6396,0.4255,0.447,0.1276,1.0,-0.8288,-0.1917,11490.1,1677.4,476.7,403.3,0.000159,-0.066961
3270,522469,156,0.5941,0.7178,0.0792,0.203,0.2861,-0.9258,-0.3079,8710.1,2935.5,523.2,802.1,8.1e-05,-0.072865
3271,522631,162,0.8915,0.6277,0.1073,0.265,0.8285,-0.8285,-0.119,10776.4,1570.7,447.6,773.9,9.1e-05,-0.053679
3272,522792,161,0.8621,0.4771,0.1727,0.3502,0.8669,-0.9114,-0.2062,10922.8,3083.0,482.5,345.3,9e-05,
3273,522950,158,0.7571,0.5561,0.3367,0.1071,1.0,-0.8335,-0.4058,12015.1,1803.9,562.3,591.2,7.9e-05,
3274,523113,163,0.2036,0.2553,0.5691,0.1756,0.7953,-0.8195,-0.3581,10650.0,1474.7,543.2,1005.9,9.9e-05,-0.074693
3275,523274,161,0.4395,0.1752,0.317,0.5077,1.0,-0.8449,-0.0299,12522.4,2018.8,411.9,662.1,9.3e-05,
3276,523439,165,1.0128,0.6703,0.024,0.3056,1.0,-0.8999,-0.4533,12246.3,3059.5,581.3,400.6,7.4e-05,-0.06907
3277,523604,165,0.5372,0.1958,0.2308,0.5734,0.9089,-0.8915,-0.1188,11083.1,2553.0,447.5,742.6,8.1e-05,
3278,523767,163,0.4104,0.4078,0.2075,0.3848,0.4967,-0.9028,-0.3396,9512.3,2446.5,535.9,512.0,8.8e-05,-0.097324
3279,523919,152,0.8678,0.506,0.1939,0.3001,1.0,-0.8137,-0.1618,11762.0,1578.5,464.7,463.0,0.000131,-0.07607
3280,524083,164,1.0658,0.7835,0.0757,0.1408,0.7652,-0.8986,-0.2808,10535.2,2596.6,512.3,487.5,0.000135,-0.074754
3281,524237,154,1.1568,0.8013,0.1698,0.0289,1.0,-0.8487,-0.1713,12585.4,2080.1,468.5,610.9,0.00013,-0.042209
3282,524391,154,0.7842,0.0702,0.1471,0.7828,-0.1886,-0.9374,0.3676,6901.3,2758.1,253.0,567.4,0.000105,-0.092737
3283,524547,156,0.1729,0.0423,0.5494,0.4083,0.8526,-0.7805,0.0067,10868.4,1237.9,397.3,672.3,6e-05,-0.086358
3284,524699,152,0.9932,0.5446,0.1979,0.2575,1.0,-0.833,-0.0095,12433.3,1861.6,403.8,288.2,8.3e-05,-0.062924
3285,524860,161,0.1553,0.0746,0.7426,0.1828,1.0,-0.6331,-0.3892,12378.9,843.6,555.7,575.8,9.4e-05,
3286,525027,167,0.6015,0.2051,0.2916,0.5033,1.0,-0.8365,0.0259,12422.8,1899.9,389.6,509.2,6.9e-05,-0.085263
3287,525190,163,0.992,0.069,0.0871,0.8439,0.2906,-0.8997,0.5279,8727.0,2175.9,188.8,749.6,8.2e-05,
3288,525353,163,0.5532,0.3285,0.2295,0.4419,0.7367,-0.8708,-0.2119,10426.7,2017.0,484.7,456.7,8.7e-05,-0.068832
3289,525509,156,0.8613,0.3446,0.0142,0.6412,0.3767,-0.882,0.1819,9055.1,1919.1,327.3,399.9,0.0001,-0.063891
3290,525660,151,0.1442,0.2507,0.7236,0.0257,0.5704,-0.742,-0.3041,9793.2,948.9,521.6,484.1,9.3e-05,
3291,525818,158,0.5034,0.3852,0.3769,0.2378,0.8282,-0.8345,-0.2766,10775.3,1627.8,510.6,629.3,9.7e-05,
3292,525979,161,0.8612,0.1726,0.0606,0.7667,0.1363,-0.9369,0.2291,8139.2,3226.1,308.4,436.1,8.5e-05,-0.102111
3293,526140,161,0.5024,0.2968,0.5367,0.1665,0.9492,-0.8407,-0.0934,11236.5,1762.9,437.4,303.1,9.7e-05,
3294,526296,156,0.1793,0.099,0.4081,0.4928,0.308,-0.8721,-0.0782,8793.4,1719.0,431.3,765.3,8.2e-05,
3295,526454,158,0.8116,0.4614,0.1047,0.4339,0.7474,-0.7972,-0.1005,10467.6,1290.7,440.2,426.0,0.000124,
3296,526618,164,1.1894,0.8062,0.1676,0.0261,1.0,-0.8935,-0.4326,12071.5,2833.7,573.0,411.6,6.6e-05,
3297,526779,161,0.9651,0.0304,0.1519,0.8178,0.6159,-0.7978,0.5053,9966.7,1232.2,197.9,629.6,7.2e-05,-0.083574
3298,526938,159,0.7745,0.4266,0.0534,0.52,0.6012,-0.9102,-0.1803,9910.4,2760.2,472.1,630.2,0.000109,
3299,527097,159,0.5968,0.3658,0.2265,0.4077,0.9294,-0.8321,-0.2562,11161.0,1661.4,502.5,508.4,0.000136,-0.048331
3300,527258,161,0.5529,0.5325,0.429,0.0385,0.5505,-0.8743,-0.1481,9717.3,1932.5,459.2,396.7,6.3e-05,
3301,527420,162,0.6768,0.4444,0.1481,0.4075,1.0,-0.8709,-0.35,11529.6,2233.0,540.0,865.9,8.7e-05,
3302,527585,165,0.474,0.1233,0.2322,0.6444,0.471,-0.9132,-0.1519,9414.4,2712.0,460.7,290.3,0.00015,-0.067376
3303,527742,157,0.6745,0.4158,0.2069,0.3774,0.91,-0.8473,-0.3398,11087.3,1815.0,535.9,218.6,0.000104,
3304,527901,159,0.3031,0.314,0.2482,0.4377,0.6187,-0.858,-0.4949,9977.2,1756.0,597.9,552.8,0.000105,-0.069809
3305,528060,159,0.887,0.5247,0.0493,0.426,1.0,-0.8771,-0.2747,11622.0,2363.9,509.9,514.3,7.4e-05,
3306,528220,160,0.9555,0.8002,0.1356,0.0642,0.7658,-0.9334,-0.159,10537.7,3955.6,463.6,653.9,9.7e-05,
3307,528385,165,0.9493,0.5572,0.1984,0.2444,0.957,-0.8839,-0.1785,11266.2,2426.0,471.4,540.7,6.3e-05,-0.094146
3308,528544,159,-0.0149,0.0469,0.562,0.3911,0.8926,-0.8329,-0.3453,11020.7,1649.2,538.1,435.6,0.000108,
3309,528699,155,0.1679,0.108,0.7032,0.1887,1.0,-0.7239,-0.4061,11434.8,1035.2,562.4,278.1,0.000191,-0.090559
3310,528853,154,0.9483,0.6409,0.0723,0.2868,0.7647,-0.8449,-0.2297,10533.6,1698.2,491.9,370.4,8.5e-05,-0.062632
3311,529014,161,0.9946,0.7098,0.0542,0.236,0.7,-0.9006,-0.3021,10286.9,2586.5,520.8,513.1,8.1e-05,
3312,529172,158,0.4432,0.2042,0.2363,0.5595,0.5452,-0.9017,-0.0204,9697.1,2467.2,408.2,786.4,9e-05,
3313,529329,157,0.3564,0.2988,0.5754,0.1258,1.0,-0.8269,-0.1955,12020.1,1736.2,478.2,536.1,7.1e-05,-0.076653
3314,529492,163,0.7108,0.2998,0.125,0.5752,0.8329,-0.8954,0.0433,10793.2,2580.6,382.7,584.1,0.000109,
3315,529652,160,0.2901,0.3408,0.5698,0.0895,0.5226,-0.8514,-0.2256,9611.0,1616.9,490.3,557.6,8.6e-05,
3316,529817,165,0.9681,0.1582,0.1159,0.7259,1.0,-0.8781,0.3455,11578.5,2374.7,261.8,429.3,9.9e-05,-0.073185
3317,529980,163,0.585,0.4689,0.5101,0.021,1.0,-0.8159,-0.2073,11810.8,1603.6,482.9,827.6,7.5e-05,
3318,530139,159,0.3614,0.3132,0.6535,0.0334,1.0,-0.7708,-0.0058,12029.9,1312.3,402.3,652.5,6.6e-05,-0.084335
3319,530297,158,0.8323,0.1538,0.139,0.7071,0.9011,-0.8839,0.3058,11053.1,2380.1,277.7,523.0,0.000174,-0.079424
3320,530459,162,0.8342,0.0431,0.2026,0.7544,0.4878,-0.8465,0.3345,9478.5,1543.9,266.2,569.4,0.000251,-0.058734
3321,530616,157,0.3896,0.0463,0.9364,0.0173,-0.3122,0.0457,0.1047,6430.5,153.7,358.1,623.8,6.8e-05,
3322,530775,159,0.8218,0.3881,0.0788,0.5331,1.0,-0.8852,-0.0909,12862.2,2801.4,436.4,518.3,0.00011,-0.07448
3323,530937,162,0.2687,0.0085,0.9535,0.038,-0.6636,-0.0624,-0.0337,5091.7,135.8,413.5,346.9,0.000134,-0.05409
3324,531097,160,0.4343,0.2691,0.2511,0.4799,0.5217,-0.9081,-0.0949,9607.6,2614.6,437.9,513.8,5.9e-05,-0.055864
3325,531260,163,0.9198,0.6966,0.3014,0.002,1.0,-0.8963,-0.0299,11480.4,2766.7,411.9,913.0,8.3e-05,
3326,531426,166,0.8486,0.1329,0.1278,0.7393,0.3566,-0.8948,0.3676,8978.5,2133.2,253.0,649.4,0.000317,
3327,531580,154,1.413,0.9156,0.0487,0.0358,0.9835,-0.8935,-0.0686,11367.1,2667.3,427.4,318.1,5.5e-05,
3328,531736,156,0.5787,0.3086,0.2569,0.4345,1.0,-0.8226,-0.0923,11559.1,1629.3,436.9,487.8,9.3e-05,
3329,531897,161,0.4884,0.2437,0.3506,0.4056,1.0,-0.8569,-0.1083,11871.7,2074.6,443.3,468.2,0.000148,-0.06617
3330,532056,159,0.3729,0.2566,0.2231,0.5203,0.9284,-0.8002,-0.4133,11157.4,1396.4,565.3,488.5,7.9e-05,
3331,532217,161,1.4167,0.883,0.1006,0.0163,1.0,-0.904,-0.161,11552.6,3009.3,464.4,359.1,0.00019,-0.061471
3332,532373,156,0.6334,0.1305,0.8643,0.0052,1.0,-0.0862,-0.2864,12021.3,328.9,514.6,463.9,0.000106,-0.078971
3333,532532,159,0.3886,0.1769,0.3806,0.4425,0.9479,-0.8462,-0.0464,11231.5,1826.0,418.6,711.5,0.000107,
3334,532691,159,0.4862,0.3876,0.5557,0.0567,1.0,-0.8015,0.0434,11653.0,1467.9,382.6,980.1,0.000182,-0.089644
3335,532857,166,0.2643,0.1864,0.3997,0.4139,0.6141,-0.8953,-0.3375,9959.7,2377.5,535.0,326.5,8.8e-05,-0.083346
3336,533020,163,1.0744,0.0376,0.0672,0.8952,-0.0497,-0.8873,0.463,7430.7,1648.5,214.8,801.2,0.000104,
3337,533186,166,0.5805,0.0074,0.9527,0.0398,0.4014,0.2137,-0.0323,9149.4,188.5,412.9,411.9,0.000103,
3338,533344,158,0.9361,0.5485,0.2338,0.2178,1.0,-0.8152,-0.2038,11843.8,1602.1,481.5,388.3,0.000167,
3339,533505,161,1.1161,0.1516,0.0192,0.8292,0.2489,-0.9087,0.3783,8568.5,2347.4,248.7,319.7,0.000183,-0.103432
3340,533662,157,0.4275,0.2558,0.3193,0.4249,0.8492,-0.834,-0.2352,10855.3,1634.8,494.1,460.3,0.000115,
3341,533824,162,0.4207,0.3216,0.241,0.4374,0.556,-0.8525,-0.2859,9738.4,1650.7,514.3,496.6,0.00015,
3342,533979,155,0.9688,0.547,0.1123,0.3406,1.0,-0.8227,-0.1299,11892.7,1677.2,452.0,565.9,7.9e-05,-0.083347
3343,534139,160,0.5449,0.581,0.3029,0.1161,0.5935,-0.8713,-0.1341,9881.2,1919.0,453.6,659.5,7.9e-05,-0.082338
3344,534304,165,0.4329,0.2502,0.2948,0.455,1.0,-0.8919,-0.3947,11808.3,2732.0,557.9,379.9,7.7e-05,
3345,534464,160,0.5456,0.3829,0.272,0.3451,0.7179,-0.8314,-0.0859,10355.2,1535.4,434.4,629.8,7.1e-05,
3346,534622,158,0.596,0.3267,0.2965,0.3768,1.0,-0.7688,-0.1161,11804.5,1276.6,446.5,503.3,0.000137,
3347,534783,161,0.7006,0.5327,0.3901,0.0772,0.8738,-0.8446,-0.3759,10949.3,1761.2,550.4,691.3,0.000154,-0.070317
3348,534940,157,0.4249,0.2435,0.2653,0.4912,0.6027,-0.8505,-0.227,9916.4,1658.4,490.8,354.5,0.000159,
3349,535103,163,0.6178,0.4401,0.4587,0.1012,1.0,-0.8316,-0.1841,11516.4,1709.4,473.6,659.0,0.000138,-0.079305
3350,535262,159,0.8438,0.3444,0.0367,0.6188,1.0,-0.8845,-0.0743,11638.4,2520.2,429.7,645.1,7.8e-05,
3351,535418,156,0.8841,0.6592,0.196,0.1449,0.7611,-0.8237,-0.1697,10519.9,1491.7,467.9,483.4,6.6e-05,
3352,535574,156,0.5288,0.3631,0.3956,0.2413,1.0,-0.8284,-0.173,11845.5,1725.6,469.2,706.0,0.000136,
3353,535734,160,0.6616,0.3087,0.2556,0.4357,1.0,-0.8134,0.025,11718.9,1569.7,390.0,568.4,0.000225,
3354,535892,158,0.8058,0.701,0.1408,0.1582,0.5773,-0.8637,-0.2251,9819.4,1801.1,490.0,479.1,0.000138,
3355,536050,158,0.2066,0.2747,0.6476,0.0776,0.7255,-0.775,-0.1602,10384.1,1153.8,464.1,745.3,0.000175,
3356,536213,163,0.9818,0.6439,0.2361,0.12,1.0,-0.8402,-0.2275,11548.6,1806.2,491.0,477.1,8.5e-05,-0.077381
3357,536376,163,0.362,0.326,0.6421,0.0319,0.9217,-0.788,-0.3954,11131.7,1312.6,558.2,561.4,0.000118,
3358,536540,164,0.0527,0.1554,0.7228,0.1218,0.6942,-0.7538,-0.3796,10264.9,1042.2,551.8,343.8,0.000334,
3359,536695,155,0.3816,0.3357,0.3154,0.3489,0.4446,-0.8598,-0.0579,9314.0,1660.5,423.2,576.9,0.000168,-0.104973
3360,536859,164,0.9179,0.0068,0.1291,0.8641,0.2913,-0.8855,0.487,8729.7,1906.6,205.2,779.6,8.6e-05,-0.085676
3361,537019,160,0.9338,0.5068,0.1434,0.3498,0.8931,-0.8298,0.0475,11022.6,1619.2,381.0,481.9,0.000116,-0.082788
3362,537176,157,0.2794,0.1483,0.4999,0.3518,0.9684,-0.8321,-0.1194,11309.5,1684.0,447.8,555.6,0.000105,
3363,537338,162,0.5117,0.336,0.6098,0.0542,1.0,-0.7938,-0.2032,12814.6,1553.6,481.3,353.3,0.000129,
3364,537500,162,0.5276,0.3104,0.0422,0.6475,0.1192,-0.9337,-0.2142,8074.3,3042.9,485.7,466.9,7e-05,
3365,537666,166,0.3119,0.2952,0.5126,0.1922,0.6948,-0.8458,-0.4319,10267.4,1665.1,572.8,469.8,0.000165,
3366,537829,163,0.6356,0.356,0.2705,0.3735,1.0,-0.8097,-0.3888,12342.9,1621.2,555.5,218.8,0.000144,-0.078768
3367,537988,159,0.5736,0.0059,0.2703,0.7238,0.1906,-0.8967,0.1841,8346.0,2020.4,326.4,514.3,8.8e-05,
3368,538148,160,0.8357,0.8487,0.0773,0.074,0.4943,-0.9238,-0.3077,9503.2,3115.9,523.1,607.9,0.000126,
3369,538309,161,0.6465,0.4338,0.4381,0.1281,0.9958,-0.8348,-0.1575,11414.0,1727.7,463.0,439.4,5.3e-05,-0.08948
3370,538462,153,0.3333,0.2032,0.4152,0.3816,1.0,-0.7997,-0.294,12393.5,1547.1,517.6,578.2,0.00019,
3371,538622,160,1.4203,0.8897,0.0358,0.0745,1.0,-0.9003,-0.2115,11693.3,2932.7,484.6,523.5,6.9e-05,
3372,538785,163,0.1181,0.1187,0.4554,0.4259,0.7387,-0.8457,-0.28,10434.3,1690.5,512.0,639.4,0.000115,-0.074293
3373,538949,164,0.8121,0.0829,0.0722,0.8449,-0.0501,-0.9251,0.2948,7429.1,2478.5,282.1,620.4,0.000113,-0.094955
3374,539107,158,0.8171,0.396,0.0162,0.5878,0.9109,-0.8323,-0.3009,11090.4,1653.7,520.4,580.6,0.00012,-0.084518
3375,539267,160,0.5388,0.2978,0.3786,0.3236,0.8784,-0.8388,-0.0183,10966.9,1700.4,407.3,308.9,0.000112,-0.071294
3376,539427,160,0.4605,0.5372,0.169,0.2938,0.1878,-0.8718,-0.1783,8335.3,1625.4,471.3,525.4,9.6e-05,-0.079243
3377,539587,160,0.2139,0.1424,0.3847,0.4729,0.7312,-0.857,-0.2217,10406.0,1819.4,488.7,428.3,0.000126,-0.081573
3378,539742,155,0.2691,0.1286,0.8049,0.0665,0.8966,-0.5562,-0.2576,11036.0,621.6,503.0,392.0,8.6e-05,
3379,539903,161,0.2019,0.1734,0.6731,0.1536,0.95,-0.79,-0.3327,11239.3,1337.9,533.1,343.6,6.9e-05,-0.088731
3380,540070,167,0.9973,0.7706,0.2181,0.0113,0.8594,-0.9094,-0.2901,10894.3,3007.2,516.1,653.0,0.000187,
3381,540228,158,0.7386,0.374,0.2022,0.4238,1.0,-0.8355,-0.1972,12097.3,1838.2,478.9,610.0,5.7e-05,
3382,540394,166,0.4661,0.3789,0.3464,0.2747,0.6299,-0.8587,-0.1978,10019.9,1772.8,479.1,694.4,0.00016,
3383,540553,159,0.1592,0.147,0.5346,0.3184,0.7937,-0.8363,-0.148,10644.0,1625.2,459.2,567.4,7.8e-05,-0.089418
3384,540716,163,0.4605,0.386,0.2333,0.3806,0.5339,-0.8698,-0.3128,9654.1,1854.2,525.1,448.5,6.6e-05,
3385,540882,166,0.606,0.4859,0.4484,0.0656,1.0,-0.8059,-0.3363,11531.2,1485.3,534.5,818.4,0.00022,
3386,541037,155,0.8678,0.0843,0.1504,0.7653,0.395,-0.8546,0.4552,9124.8,1568.7,217.9,803.4,9e-05,-0.069702
3387,541194,157,0.3754,0.2806,0.7095,0.0099,1.0,-0.709,-0.3878,11477.6,986.0,555.1,303.5,0.000133,
3388,541352,158,0.5057,0.1331,0.2284,0.6385,0.8746,-0.82,-0.0066,10952.3,1521.2,402.6,472.5,0.000105,
3389,541507,155,0.1278,0.1714,0.6519,0.1767,0.6763,-0.7926,-0.0346,10196.6,1229.0,413.8,428.6,8.6e-05,-0.096418
3390,541664,157,0.586,0.0935,0.2402,0.6663,1.0,-0.8532,0.1859,11467.3,1952.5,325.6,541.8,7.9e-05,
3391,541829,165,0.4115,0.3764,0.1036,0.52,0.4043,-0.9247,-0.3335,9160.4,3040.2,533.4,458.6,7.8e-05,-0.066509
3392,541990,161,0.876,0.6189,0.3376,0.0436,1.0,-0.8487,-0.104,11737.1,1939.6,441.6,597.3,0.000109,
3393,542149,159,0.764,0.5689,0.3691,0.062,0.8414,-0.827,-0.2776,10825.8,1564.0,511.1,308.6,8.7e-05,-0.104208
3394,542305,156,0.2676,0.047,0.3498,0.6032,0.841,-0.8399,-0.146,10824.2,1689.8,458.4,582.9,0.000107,-0.083942
3395,542473,168,0.3698,0.1908,0.333,0.4761,0.8551,-0.8684,-0.3155,10877.9,2066.3,526.2,299.2,0.00014,-0.071206
3396,542636,163,0.7836,0.7054,0.2637,0.0308,0.7258,-0.8889,-0.2105,10385.5,2338.0,484.2,856.4,0.000154,
3397,542798,162,0.1173,0.063,0.7712,0.1658,0.7818,-0.6031,-0.4114,10598.6,667.5,564.6,366.8,7.9e-05,
3398,542955,157,0.3377,0.2253,0.4097,0.3651,0.7603,-0.8332,-0.2049,10516.7,1576.5,481.9,293.9,7e-05,-0.096682
3399,543114,159,0.8714,0.6411,0.0761,0.2828,0.7981,-0.8946,-0.2239,10660.9,2529.4,489.5,813.0,6.7e-05,
3400,543276,162,0.7034,0.37,0.2626,0.3674,1.0,-0.8016,-0.0635,11853.2,1493.9,425.4,581.3,9.2e-05,
3401,543431,155,0.0529,0.0158,0.6863,0.2979,0.8074,-0.771,-0.058,10696.1,1167.9,423.2,638.5,0.000155,-0.097138
3402,543593,162,0.5959,0.1856,0.2224,0.592,0.7609,-0.8516,-0.0046,10518.9,1772.3,401.8,417.3,8.9e-05,-0.091872
3403,543756,163,0.6914,0.4234,0.1829,0.3936,0.826,-0.8994,-0.2216,10767.0,2676.8,488.6,304.2,9.3e-05,
3404,543918,162,0.2306,0.2194,0.4051,0.3755,0.3275,-0.9362,-0.0358,8867.7,3476.2,414.3,519.8,8e-05,
3405,544076,158,0.6356,0.6732,0.2952,0.0317,0.5221,-0.8655,-0.1951,9609.2,1786.5,478.0,530.7,0.00019,
3406,544234,158,1.3912,0.8819,0.0165,0.1016,1.0,-0.8821,-0.2012,11730.6,2486.8,480.5,681.5,0.000116,
3407,544391,157,0.9667,0.0837,0.0679,0.8484,0.6778,-0.8615,0.3976,10202.5,1841.2,241.0,764.7,0.000134,-0.083927
3408,544546,155,0.5651,0.3019,0.1273,0.5707,0.7956,-0.8364,-0.1115,10651.2,1628.0,444.6,647.4,0.000103,
3409,544711,165,0.402,0.394,0.5684,0.0376,0.8274,-0.8366,-0.2636,10772.4,1647.9,505.4,605.4,0.0001,-0.105999
3410,544874,163,0.8947,0.0682,0.0296,0.9022,-0.049,-0.8804,0.3649,7433.4,1553.4,254.0,1216.2,9.4e-05,
3411,545039,165,0.1797,0.135,0.6153,0.2496,0.756,-0.8252,-0.4173,10500.3,1501.8,566.9,278.7,6.4e-05,-0.066683
3412,545202,163,0.1386,0.1145,0.7797,0.1057,1.0,-0.6175,-0.1171,11630.4,760.2,446.8,581.1,5.1e-05,
3413,545366,164,0.9954,0.59,0.2529,0.1571,1.0,-0.8082,-0.1927,12519.4,1631.5,477.1,666.2,0.000127,
3414,545518,152,0.8425,0.0185,0.2076,0.7739,0.8658,-0.8003,0.3995,10918.7,1366.6,240.2,358.5,7.6e-05,
3415,545680,162,0.2683,0.1255,0.4609,0.4136,1.0,-0.831,-0.0844,12466.8,1844.4,433.8,588.4,9.3e-05,
3416,545837,157,0.7674,0.5465,0.3621,0.0914,1.0,-0.7967,-0.3099,12172.7,1496.9,523.9,450.9,8e-05,-0.079319
3417,546002,165,0.2284,0.22,0.7176,0.0624,1.0,-0.7082,-0.1144,11457.8,981.7,445.7,565.8,0.000102,
3418,546159,157,0.6987,0.1269,0.1179,0.7552,0.1356,-0.9259,0.1783,8136.5,2744.6,328.7,483.2,0.00013,-0.086011
3419,546321,162,1.0367,0.2135,0.0777,0.7088,1.0,-0.847,0.1513,11561.8,1889.5,339.5,483.1,9.3e-05,-0.084495
3420,546478,157,0.7239,0.4108,0.301,0.2882,1.0,-0.8224,-0.1121,11774.7,1657.8,444.8,488.7,0.00013,
3421,546637,159,0.9504,0.0756,0.146,0.7784,0.5798,-0.8564,0.4076,9828.9,1710.6,236.9,394.7,0.000105,-0.096533
3422,546799,162,0.986,0.4732,0.0374,0.4894,1.0,-0.8561,-0.0782,12006.7,2086.2,431.3,555.9,0.000105,-0.078318
3423,546957,158,0.5875,0.3552,0.1983,0.4466,0.6179,-0.8192,-0.008,9974.2,1378.9,403.2,797.6,3.9e-05,-0.089048
3424,547114,157,0.7199,0.4776,0.2985,0.2239,1.0,-0.8311,-0.0894,11983.5,1773.4,435.8,474.6,8.4e-05,
3425,547272,158,0.0467,0.0133,0.5489,0.4378,0.6577,-0.8308,-0.0724,10125.9,1496.3,429.0,560.6,9.8e-05,
3426,547429,157,0.5599,0.4174,0.3093,0.2734,0.67,-0.8687,-0.1534,10172.7,1936.5,461.4,338.0,0.000214,-0.100999
3427,547587,158,1.0649,0.7186,0.0774,0.204,1.0,-0.7985,-0.3138,12447.9,1544.1,525.5,646.9,0.000159,-0.074887
3428,547754,167,0.6138,0.4408,0.3355,0.2237,0.8182,-0.82,-0.2043,10737.4,1491.0,481.7,517.4,7.9e-05,
3429,547919,165,0.5076,0.1501,0.2232,0.6267,0.7209,-0.8508,-0.148,10366.6,1737.3,459.2,577.2,0.000122,-0.063533
3430,548079,160,0.7117,0.0397,0.2603,0.7,0.961,-0.7885,0.2446,11281.5,1333.2,302.2,744.2,0.000103,-0.071004
3431,548239,160,0.9524,0.5133,0.1526,0.3341,0.9787,-0.826,-0.1819,11348.9,1630.5,472.8,327.7,7e-05,-0.107813
3432,548394,155,1.0339,0.6368,0.3432,0.0201,1.0,-0.7913,-0.1563,12784.3,1531.4,462.5,266.3,0.000107,
3433,548560,166,0.4138,0.1954,0.3227,0.4819,1.0,-0.7936,-0.3,11883.9,1439.6,520.0,349.1,0.000132,
3434,548708,148,0.4065,0.2408,0.5465,0.2127,1.0,-0.7302,-0.1652,11511.2,1066.6,466.1,533.9,8.9e-05,
3435,548869,161,1.0714,0.755,0.1924,0.0526,0.9267,-0.8694,-0.1954,11150.9,2134.7,478.2,462.1,9.2e-05,-0.079183
3436,549030,161,1.4939,0.9421,0.0349,0.023,1.0,-0.8964,-0.1088,12528.0,3023.5,443.5,828.9,0.000317,
3437,549187,157,0.8478,0.5048,0.2243,0.2709,1.0,-0.8351,-0.2221,11886.6,1801.7,488.8,385.9,8.7e-05,-0.062254
3438,549344,157,0.571,0.0853,0.8983,0.0164,0.5572,0.177,-0.1066,9742.9,206.9,442.6,561.2,0.000208,
3439,549503,159,0.4204,0.2643,0.4662,0.2695,1.0,-0.8117,-0.2164,12333.5,1637.3,486.5,640.4,0.00016,-0.081288
3440,549659,156,0.2734,0.1292,0.472,0.3988,1.0,-0.8561,0.034,11819.9,2053.4,386.4,662.5,0.000107,-0.077802
3441,549820,161,0.3556,0.0719,0.427,0.5011,0.804,-0.8299,-0.097,10683.2,1569.7,438.8,326.7,7.7e-05,
3442,549980,160,0.0359,0.0219,0.7928,0.1853,0.545,-0.5689,-0.1508,9696.4,562.3,460.3,574.9,8.7e-05,
3443,550136,156,0.6595,0.1075,0.2224,0.6701,0.6285,-0.8775,0.2486,10014.6,2044.1,300.5,497.0,0.000223,
3444,550289,153,0.7983,0.0896,0.0112,0.8992,-0.3805,-0.9083,0.3304,6170.1,1683.0,267.9,936.1,7.7e-05,-0.088431
3445,550443,154,0.108,0.0225,0.684,0.2935,1.0,-0.6887,-0.0898,11620.6,933.1,435.9,600.0,8.2e-05,-0.083543
3446,550600,157,0.6328,0.3818,0.3741,0.2441,0.9228,-0.8174,-0.1262,11136.0,1524.9,450.5,673.9,9.9e-05,
3447,550757,157,0.7921,0.2164,0.1243,0.6593,0.678,-0.8771,0.1196,10203.2,2074.9,352.1,321.8,6.6e-05,-0.068813
3448,550918,161,0.4678,0.0812,0.8825,0.0364,0.7822,-0.0571,-0.3045,10600.0,281.1,521.8,397.7,7.7e-05,
3449,551080,162,0.5992,0.4139,0.4405,0.1456,0.9925,-0.8518,-0.3496,11401.4,1923.6,539.8,823.7,7.4e-05,
3450,551240,160,0.1852,0.1348,0.798,0.0671,0.6716,-0.5837,-0.0393,10178.6,611.2,415.7,796.9,7.2e-05,
3451,551396,156,0.8186,0.7197,0.188,0.0923,0.6831,-0.8819,-0.0845,10222.6,2163.8,433.8,769.7,0.000171,
3452,551549,153,0.2922,0.3326,0.5687,0.0987,0.6807,-0.7896,-0.1973,10213.5,1213.7,478.9,391.5,8.1e-05,-0.115343
3453,551705,156,0.0365,0.1649,0.5682,0.2669,0.7991,-0.8418,-0.3088,10664.4,1685.0,523.5,471.7,8.4e-05,-0.085724
3454,551864,159,0.3044,0.0953,0.87,0.0346,0.6366,-0.2774,-0.1351,10045.5,347.5,454.1,355.7,0.000193,
3455,552025,161,0.836,0.3754,0.0268,0.5978,0.8807,-0.8425,-0.1544,10975.3,1742.6,461.8,347.0,9.4e-05,-0.093369
3456,552180,155,0.1929,0.0698,0.7993,0.1309,0.7155,-0.5057,-0.0609,10345.9,523.3,424.4,753.0,0.000679,
3457,552341,161,0.7641,0.347,0.1081,0.5449,0.914,-0.8828,0.0154,11102.2,2367.5,393.9,520.3,0.000129,-0.066397
3458,552503,162,0.8598,0.2311,0.0142,0.7547,-0.2302,-0.947,0.2751,6743.0,3181.8,290.0,482.9,0.000114,-0.084146
3459,552662,159,0.463,0.4425,0.4939,0.0635,0.6241,-0.8061,-0.2539,9997.7,1289.2,501.6,519.4,0.000125,
3460,552821,159,0.8941,0.5312,0.0311,0.4376,0.8366,-0.8554,-0.1127,10807.3,1868.4,445.1,741.4,0.000109,-0.102149
3461,552977,156,0.4908,0.2261,0.394,0.3799,0.9749,-0.8688,-0.1747,11334.4,2160.0,469.9,469.9,6.5e-05,-0.087718
3462,553136,159,0.7516,0.3924,0.1777,0.4299,0.9478,-0.858,-0.0505,11231.0,1977.2,420.2,580.2,8.8e-05,
3463,553300,164,0.9544,0.5908,0.1322,0.2769,0.9666,-0.8361,-0.2195,11302.6,1724.4,487.8,703.5,8.5e-05,
3464,553458,158,0.3545,0.1201,0.877,0.0029,0.5109,-0.0625,-0.3753,9566.6,255.1,550.1,493.8,9.2e-05,
3465,553623,165,0.6476,0.5139,0.0381,0.448,0.4218,-0.8685,-0.0683,9227.2,1753.7,427.3,944.4,0.000123,-0.089355
3466,553789,166,0.8431,0.3109,0.0809,0.6081,0.9015,-0.8755,-0.0941,11054.9,2220.2,437.7,624.4,6.3e-05,-0.090524
3467,553945,156,0.8955,0.3622,0.0617,0.5761,1.0,-0.818,0.0905,12777.1,1754.7,363.8,701.9,0.000159,-0.094048
3468,554106,161,0.2846,0.3776,0.5178,0.1046,0.4953,-0.8552,0.0286,9507.0,1641.2,388.6,830.7,0.000217,
3469,554266,160,0.4926,0.3618,0.5977,0.0405,1.0,-0.7945,0.0086,12418.8,1511.1,396.6,610.5,6.4e-05,
3470,554419,153,0.861,0.5687,0.1425,0.2889,0.7156,-0.854,-0.1674,10346.4,1771.1,467.0,313.6,9.1e-05,-0.054609
3471,554589,170,0.6816,0.4981,0.3895,0.1124,1.0,-0.8267,-0.2712,11447.8,1651.2,508.5,749.0,9.2e-05,-0.083544
3472,554752,163,-0.0535,0.003,0.7828,0.2143,0.4703,-0.6657,-0.384,9411.8,703.8,553.6,615.7,9.2e-05,
3473,554912,160,0.5117,0.3031,0.1601,0.5369,0.7511,-0.8365,-0.1682,10481.8,1602.8,467.3,659.9,7e-05,
3474,555074,162,0.4807,0.3709,0.2077,0.4215,0.6472,-0.8824,-0.2567,10085.8,2144.9,502.7,585.6,9.3e-05,
3475,555237,163,0.5711,0.3411,0.4252,0.2336,0.9112,-0.8305,-0.2418,11091.8,1636.1,496.7,429.4,6.3e-05,-0.063084
3476,555400,163,0.9616,0.1921,0.0081,0.7998,0.0621,-0.9404,0.3254,7856.7,3295.6,269.8,455.2,9.9e-05,
3477,555556,156,0.7504,0.112,0.1336,0.7544,-0.3128,-0.9413,0.3165,6428.1,2738.0,273.4,466.3,7.7e-05,
3478,555712,156,0.309,0.2874,0.3735,0.339,0.2927,-0.8693,-0.0877,8735.4,1671.3,435.1,381.3,0.00017,
3479,555868,156,1.0808,0.6811,0.2585,0.0604,1.0,-0.7835,-0.3555,13086.1,1510.9,542.2,504.8,0.00011,
3480,556031,163,1.2522,0.895,0.0427,0.0623,0.817,-0.9058,-0.2002,10732.7,2848.5,480.1,398.1,0.000122,-0.106581
3481,556187,156,0.032,0.0288,0.5814,0.3897,0.4828,-0.7967,-0.0705,9459.3,1163.1,428.2,1114.8,7.9e-05,-0.100139
3482,556349,162,0.7047,0.4469,0.3602,0.1929,1.0,-0.8152,-0.0503,11680.2,1580.2,420.1,454.2,0.000213,-0.077374
3483,556503,154,0.1655,0.1511,0.4338,0.4151,0.3501,-0.8639,-0.0681,8954.0,1644.6,427.3,667.3,0.00015,-0.101437
3484,556670,167,0.9181,0.5545,0.2444,0.2011,1.0,-0.853,-0.1214,11840.2,2013.9,448.6,613.7,9.7e-05,
3485,556829,159,0.9895,0.2657,0.1096,0.6248,1.0,-0.7794,0.0777,11672.5,1322.9,368.9,303.2,0.000113,-0.064105
3486,556989,160,1.0043,0.2159,0.0254,0.7587,0.3814,-0.8533,0.3534,9073.2,1546.0,258.6,504.4,0.000213,-0.083852
3487,557144,155,0.6846,0.0857,0.2374,0.677,1.0,-0.8003,0.1257,11867.6,1486.0,349.7,524.2,6.3e-05,
3488,557305,161,0.8473,0.1019,0.1746,0.7234,0.8896,-0.8437,0.3317,11009.6,1760.8,267.3,549.9,0.000106,-0.080367
3489,557462,157,0.7416,0.6101,0.0298,0.3601,0.4413,-0.8537,-0.0994,9301.2,1589.3,439.7,738.3,0.0001,
3490,557617,155,0.9665,0.5223,0.0243,0.4534,1.0,-0.8285,-0.144,12525.8,1826.2,457.6,646.4,0.000103,-0.092211
3491,557773,156,0.7248,0.6067,0.0294,0.3639,0.4286,-0.8799,-0.0911,9253.0,1925.7,436.4,518.2,0.000148,-0.090764
3492,557934,161,0.0561,0.1026,0.5716,0.3258,0.9874,-0.8047,-0.2638,11381.9,1457.3,505.5,618.4,0.000126,
3493,558096,162,0.4542,0.3739,0.4322,0.1939,0.727,-0.8571,-0.2396,10389.7,1817.2,495.8,383.0,6.6e-05,
3494,558260,164,0.3411,0.0255,0.9081,0.0663,0.1662,0.0477,-0.1093,8253.2,196.9,443.7,638.2,7.7e-05,
3495,558422,162,0.3551,0.1676,0.4736,0.3588,1.0,-0.7789,-0.0286,13200.6,1492.4,411.4,472.5,0.000128,
3496,558575,153,0.4953,0.3991,0.2475,0.3534,0.789,-0.8538,-0.287,10626.2,1816.9,514.8,521.7,7.4e-05,-0.092914
3497,558734,159,1.322,0.9832,0.0115,0.0053,0.7938,-0.8728,-0.2132,10644.5,2092.6,485.3,648.1,0.00017,
3498,558895,161,0.3361,0.2589,0.7408,0.0002,0.934,-0.6909,-0.1297,11178.7,904.1,451.9,629.6,0.000149,-0.077337
3499,559055,160,1.1554,0.685,0.2109,0.1041,1.0,-0.7945,-0.0272,11908.9,1448.9,410.9,466.9,7.2e-05,-0.084539
3500,559217,162,0.3471,0.2629,0.6324,0.1048,1.0,-0.7979,-0.2171,11572.4,1431.4,486.8,528.3,7.7e-05,-0.089915
3501,559376,159,0.4226,0.2343,0.2815,0.4842,0.7989,-0.8004,-0.1917,10663.7,1335.9,476.7,685.2,6.9e-05,
3502,559530,154,0.7911,0.3476,0.122,0.5303,0.9902,-0.8139,-0.1277,11392.5,1530.2,451.1,324.7,9.1e-05,
3503,559689,159,0.0351,0.0054,0.527,0.4676,0.5497,-0.8044,-0.3662,9714.5,1241.5,546.5,260.9,0.00012,-0.112492
3504,559850,161,0.2466,0.2256,0.5361,0.2383,0.6814,-0.8229,-0.1697,10215.9,1442.5,467.9,354.9,9.3e-05,
3505,560010,160,0.7865,0.5626,0.1647,0.2727,0.5316,-0.8244,-0.1228,9645.2,1373.5,449.1,408.7,0.00037,
3506,560176,166,0.6211,0.3469,0.1907,0.4624,0.7951,-0.8196,-0.1576,10649.3,1476.1,463.0,617.0,8.3e-05,
3507,560334,158,0.3618,0.1861,0.8001,0.0139,0.8381,-0.4999,0.1154,10813.0,540.5,353.9,417.2,9.4e-05,
3508,560494,160,0.0758,0.0223,0.6909,0.2867,0.9928,-0.7221,-0.1921,11402.7,1025.7,476.8,506.3,7.1e-05,
3509,560649,155,0.7476,0.3679,0.0344,0.5977,0.9087,-0.8639,-0.0907,11082.2,2035.8,436.3,755.0,6.2e-05,-0.105528
3510,560812,163,0.5269,0.2964,0.2941,0.4095,1.0,-0.747,-0.2151,11839.2,1169.8,486.0,796.0,8.4e-05,
3511,560975,163,0.6769,0.4989,0.2899,0.2112,0.9196,-0.8576,-0.1606,11123.6,1953.3,464.2,801.5,0.000113,-0.075094
3512,561134,159,1.1033,0.9894,0.0066,0.0041,0.606,-0.9068,0.0738,9928.9,2664.3,370.5,812.5,0.000106,
3513,561301,167,0.8296,0.1137,0.1207,0.7655,0.4137,-0.8535,0.4328,9196.1,1569.8,226.9,633.0,9.5e-05,-0.080262
3514,561459,158,0.2632,0.1866,0.7338,0.0796,0.9696,-0.6292,-0.1564,11314.1,762.8,462.6,558.2,8.8e-05,-0.080279
3515,561619,160,0.7091,0.5057,0.3086,0.1857,0.8689,-0.8564,-0.1208,10930.6,1902.7,448.3,645.4,5.6e-05,-0.089755
3516,561778,159,0.8098,0.581,0.1828,0.2362,0.7223,-0.8492,-0.0976,10371.9,1719.9,439.0,594.7,0.000148,
3517,561938,160,0.9086,0.7877,0.017,0.1953,0.5217,-0.9166,-0.3219,9607.7,2881.4,528.8,588.4,0.000186,
3518,562101,163,0.5249,0.4872,0.4511,0.0618,0.8612,-0.8561,-0.3062,10901.0,1893.8,522.5,758.0,0.000379,-0.088569
3519,562258,157,1.1397,0.5162,0.0487,0.4351,1.0,-0.7635,0.0276,12103.6,1279.4,389.0,326.6,0.000127,
3520,562419,161,0.8807,0.3246,0.1091,0.5663,1.0,-0.8104,-0.0002,11506.8,1517.0,400.1,753.3,0.000118,-0.089207
3521,562575,156,1.1476,0.7255,0.1943,0.0802,1.0,-0.8467,-0.053,11970.1,1952.2,421.2,544.3,0.000173,-0.08978
3522,562739,164,0.1331,0.0231,0.6958,0.2811,1.0,-0.731,-0.0836,12088.2,1123.5,433.4,363.5,9.6e-05,-0.088662
3523,562893,154,-0.0786,0.0617,0.7197,0.2186,0.4968,-0.7756,-0.1717,9512.7,1059.8,468.7,694.5,0.000156,-0.093066
3524,563054,161,0.5,0.0076,0.2779,0.7145,-0.0734,-0.8839,0.1363,7340.3,1580.9,345.5,338.6,7.5e-05,
3525,563218,164,0.3193,0.3178,0.5421,0.1402,0.6532,-0.8281,-0.3056,10108.6,1470.5,522.2,334.1,8.2e-05,
3526,563380,162,0.21,0.207,0.6777,0.1153,0.8867,-0.769,-0.1966,10998.4,1190.3,478.7,512.7,0.000111,
3527,563549,169,0.4727,0.3329,0.555,0.1121,1.0,-0.815,-0.112,11518.5,1556.1,444.8,718.3,0.000102,-0.065373
3528,563709,160,0.4083,0.3375,0.376,0.2865,0.6306,-0.8466,-0.1802,10022.7,1633.8,472.1,479.1,0.000108,-0.104616
3529,563866,157,0.9219,0.2404,0.0783,0.6813,1.0,-0.7997,0.2061,12528.2,1564.0,317.5,862.8,8.8e-05,
3530,564027,161,1.1807,0.7845,0.0456,0.1698,0.8374,-0.8291,-0.1651,10810.3,1581.6,466.0,819.2,9e-05,-0.083216
3531,564189,162,0.1581,0.0369,0.5236,0.4394,1.0,-0.8082,-0.0303,11853.8,1544.8,412.1,838.0,0.000119,-0.104078
3532,564352,163,0.7391,0.4775,0.503,0.0195,1.0,-0.7978,-0.14,11954.4,1477.8,456.0,465.3,7.2e-05,
3533,564509,157,0.4431,0.2081,0.3735,0.4184,0.8375,-0.8216,0.0268,10811.0,1515.4,389.3,774.6,0.000199,-0.090783
3534,564670,161,0.8566,0.0205,0.1751,0.8044,0.2833,-0.8815,0.4169,8699.4,1834.9,233.2,576.8,0.000116,
3535,564832,162,0.7459,0.4259,0.3422,0.2319,1.0,-0.8415,-0.2288,11437.8,1804.4,491.5,492.1,0.000102,
3536,564991,159,0.8068,0.3042,0.1055,0.5903,1.0,-0.8275,-0.0853,12011.8,1740.7,434.1,461.9,8.1e-05,-0.073448
3537,565159,168,1.1528,0.6576,0.0643,0.278,0.8419,-0.8351,-0.0959,10827.8,1641.5,438.4,359.4,0.000116,-0.096488
3538,565323,164,0.9606,0.5774,0.1107,0.3119,0.8797,-0.8673,-0.3253,10971.5,2066.3,530.1,269.4,9.6e-05,-0.105897
3539,565488,165,0.4557,0.3099,0.5058,0.1843,1.0,-0.8152,-0.1371,11545.9,1562.2,454.8,506.2,9.6e-05,
3540,565640,152,0.1517,0.1374,0.5469,0.3157,0.5149,-0.8545,-0.1365,9581.7,1645.9,454.6,405.6,0.000105,
3541,565801,161,0.8913,0.053,0.0936,0.8534,0.4733,-0.8479,0.314,9423.1,1549.3,274.4,493.1,0.000144,-0.115645
3542,565956,155,0.2912,0.0526,0.819,0.1284,0.7255,-0.4478,-0.1309,10384.3,470.1,452.4,503.8,8.9e-05,
3543,566114,158,0.5424,0.4387,0.3188,0.2425,0.8003,-0.834,-0.1498,10669.2,1607.1,459.9,663.1,9.4e-05,
3544,566271,157,0.8318,0.6226,0.375,0.0024,0.8575,-0.8209,-0.0468,10887.0,1519.6,418.7,609.2,5.1e-05,-0.114715
3545,566426,155,0.3204,0.0451,0.3346,0.6203,0.6074,-0.8504,0.0127,9934.2,1660.4,394.9,536.7,0.000107,
3546,566585,159,0.4277,0.2852,0.3998,0.315,0.6677,-0.8655,-0.0903,10163.8,1889.7,436.1,345.5,0.000133,-0.100061
3547,566754,169,0.3773,0.2376,0.2158,0.5466,0.4977,-0.9017,-0.1961,9516.1,2421.1,478.4,814.5,7.9e-05,
3548,566916,162,0.3146,0.1956,0.76,0.0444,1.0,-0.5988,-0.2103,12553.6,782.3,484.1,546.3,0.0001,
3549,567082,166,0.9187,0.0206,0.0116,0.9679,-0.3145,-0.9283,0.3523,6421.8,2239.9,259.1,721.8,0.000109,
3550,567246,164,1.0962,0.7348,0.1349,0.1303,0.8404,-0.853,-0.0363,10822.1,1840.8,414.5,548.0,0.000118,
3551,567409,163,1.037,0.6911,0.1481,0.1607,0.9083,-0.8821,-0.0915,11080.8,2350.0,436.6,649.6,7.5e-05,-0.071896
3552,567572,163,0.9002,0.5049,0.1472,0.3479,0.9286,-0.8289,-0.1251,11158.0,1630.8,450.0,631.9,0.000123,
3553,567736,164,1.0969,0.7212,0.2208,0.0581,1.0,-0.8454,-0.0073,11786.6,1905.5,402.9,531.5,0.000133,
3554,567898,162,0.207,0.1715,0.4596,0.3689,0.7266,-0.8426,-0.2836,10388.2,1649.8,513.4,617.0,0.000132,
3555,568059,161,0.9785,0.2265,0.0208,0.7527,0.3344,-0.9109,0.313,8894.1,2494.3,274.8,677.2,0.000125,-0.100864
3556,568219,160,0.6472,0.5142,0.477,0.0087,1.0,-0.8037,-0.3027,11842.2,1508.2,521.1,468.9,8.4e-05,-0.100822
3557,568375,156,1.0579,0.0683,0.0593,0.8725,0.781,-0.8259,0.4913,10595.7,1521.1,203.5,720.9,7.3e-05,-0.100393
3558,568526,151,0.3969,0.295,0.4332,0.2718,0.7943,-0.8261,-0.1838,10646.5,1530.5,473.5,398.5,0.000217,
3559,568688,162,0.6424,0.2294,0.192,0.5786,0.8752,-0.8249,-0.0577,10954.3,1563.9,423.1,257.4,8.4e-05,
3560,568854,166,0.4129,0.045,0.8794,0.0756,0.7998,-0.1347,-0.2089,10667.4,308.2,483.6,838.3,0.000152,
3561,569012,158,0.9445,0.6512,0.0824,0.2664,0.7553,-0.8479,-0.2845,10497.6,1725.4,513.8,246.4,0.000123,
3562,569174,162,0.1758,0.1997,0.6646,0.1357,0.7547,-0.7689,-0.2394,10495.5,1135.3,495.7,641.1,0.000108,
3563,569333,159,1.1415,0.9214,0.0342,0.0444,0.7338,-0.8121,-0.0611,10415.9,1385.7,424.4,617.2,9e-05,-0.075644
3564,569487,154,1.0139,0.6605,0.2197,0.1198,1.0,-0.8288,-0.1844,12045.9,1758.6,473.8,399.8,6.4e-05,-0.08544
3565,569644,157,0.6191,0.486,0.3931,0.1209,0.8797,-0.8283,-0.2094,10971.6,1597.4,483.7,401.9,8.1e-05,
3566,569804,160,0.3247,0.1913,0.8061,0.0026,0.9001,-0.5417,-0.1815,11049.3,602.8,472.6,390.8,0.000164,
3567,569964,160,0.6457,0.1588,0.2006,0.6405,0.8434,-0.7886,-0.0936,10833.3,1281.4,437.5,406.7,0.000115,
3568,570129,165,0.6327,0.2618,0.2045,0.5337,1.0,-0.844,-0.2479,11858.7,1900.2,499.2,451.2,8.3e-05,-0.0938
3569,570293,164,0.8048,0.4671,0.0574,0.4755,0.9371,-0.8347,-0.2884,11190.3,1692.4,515.4,556.9,9.5e-05,-0.083152
3570,570451,158,1.0267,0.696,0.1827,0.1213,0.859,-0.8334,-0.264,10892.7,1634.8,505.6,601.5,0.000199,-0.100025
3571,570613,162,0.7807,0.317,0.144,0.539,1.0,-0.83,-0.0167,11953.8,1758.1,406.7,687.0,0.000137,-0.082464
3572,570771,158,0.1046,0.0887,0.7338,0.1775,0.7312,-0.6977,-0.1752,10405.9,860.5,470.1,426.4,9.2e-05,-0.094811
3573,570927,156,0.6527,0.3417,0.1121,0.5462,0.7221,-0.8026,-0.1774,10371.2,1313.3,471.0,539.3,7e-05,-0.080971
3574,571085,158,0.9778,0.0909,0.0421,0.867,0.412,-0.7921,0.4006,9189.8,1104.9,239.8,711.7,9.9e-05,-0.129585
3575,571247,162,0.8162,0.4003,0.078,0.5217,1.0,-0.8424,-0.1886,11954.2,1896.3,475.4,669.8,7.8e-05,-0.095379
3576,571405,158,1.1108,0.7988,0.0736,0.1276,0.7544,-0.8617,-0.1017,10494.1,1896.7,440.7,765.8,0.000321,-0.095822
3577,571564,159,0.6763,0.3178,0.1822,0.5,1.0,-0.8085,-0.1626,11783.6,1538.2,465.0,580.7,6.3e-05,
3578,571727,163,0.7749,0.0011,0.1381,0.8608,-0.4177,-0.9303,0.1927,6028.7,2162.2,322.9,286.9,0.000135,-0.100854
3579,571883,156,0.3846,0.2557,0.5007,0.2437,0.8444,-0.8168,-0.2543,10837.3,1478.7,501.7,322.4,0.00012,-0.082525
3580,572043,160,0.4779,0.281,0.5767,0.1423,1.0,-0.8002,-0.1935,11837.0,1481.0,477.4,390.2,6.9e-05,-0.080807
3581,572206,163,0.7121,0.3939,0.2212,0.3849,1.0,-0.8443,-0.1456,12399.2,1991.0,458.2,744.1,8.9e-05,
3582,572366,160,0.1954,0.2605,0.6639,0.0756,0.6182,-0.82,-0.2233,9975.5,1385.4,489.3,449.7,0.000157,
3583,572526,160,0.4953,0.1183,0.3139,0.5678,0.6838,-0.8354,-0.0391,10225.1,1553.3,415.6,314.8,7.3e-05,
3584,572682,156,0.9794,0.1724,0.0758,0.7518,0.4433,-0.8255,0.2936,9309.0,1334.0,282.6,305.1,0.0001,
3585,572849,167,0.2342,0.1427,0.4832,0.3741,0.6689,-0.7969,-0.085,10168.6,1251.6,434.0,777.2,9e-05,-0.076259
3586,573011,162,1.0745,0.485,0.02,0.495,0.903,-0.8369,0.0631,11060.5,1695.7,374.8,570.9,9e-05,-0.093291
3587,573167,156,0.2671,0.1834,0.5812,0.2354,1.0,-0.764,-0.101,12013.2,1272.8,440.4,789.0,0.000154,-0.080228
3588,573330,163,0.3395,0.0199,0.8644,0.1157,0.7413,-0.2162,-0.1598,10444.4,333.1,463.9,542.0,0.000115,
3589,573487,157,0.827,0.5181,0.4054,0.0764,1.0,-0.7614,-0.2648,11980.9,1255.2,505.9,484.6,7.6e-05,-0.094223
3590,573650,163,0.7869,0.5005,0.4573,0.0422,1.0,-0.7962,-0.3541,11475.2,1407.7,541.6,548.0,9.1e-05,
3591,573808,158,1.0495,0.7084,0.1902,0.1015,1.0,-0.8126,-0.2395,11860.6,1582.5,495.8,581.0,0.000106,
3592,573974,166,0.5591,0.449,0.3227,0.2283,0.647,-0.8321,-0.0503,10085.0,1501.6,420.1,655.7,8.4e-05,
3593,574134,160,1.0784,0.1486,0.01,0.8415,0.773,-0.8084,0.345,10565.1,1378.2,262.0,546.1,0.000148,
3594,574299,165,0.7954,0.4094,0.1633,0.4272,0.9014,-0.8375,-0.0186,11054.1,1700.9,407.5,527.6,8.5e-05,-0.082494
3595,574461,162,0.8193,0.6669,0.3329,0.0002,0.8011,-0.824,-0.0638,10672.4,1515.7,425.5,730.1,0.000137,-0.098371
3596,574618,157,0.6799,0.1197,0.1226,0.7577,-0.1845,-0.9275,0.2294,6917.0,2385.1,308.2,703.9,8.2e-05,
3597,574778,160,0.5497,0.4268,0.5289,0.0443,1.0,-0.8352,-0.0942,11505.3,1745.0,437.7,582.9,0.000216,
3598,574937,159,0.4353,0.1081,0.3154,0.5765,1.0,-0.8172,0.022,11645.8,1592.9,391.2,764.2,9e-05,-0.080834
3599,575098,161,1.0754,0.7527,0.2199,0.0274,0.838,-0.8589,-0.0867,10812.8,1915.5,434.7,422.8,8.8e-05,
3600,575261,163,1.0585,0.6924,0.2599,0.0476,0.9438,-0.8338,-0.0414,11215.9,1687.0,416.6,497.1,0.0001,-0.100448
3601,575423,162,0.4232,0.287,0.4428,0.2702,0.8802,-0.8379,-0.0561,10973.4,1692.7,422.4,419.2,0.000228,-0.086727
3602,575590,167,0.1805,0.1547,0.7337,0.1116,0.9643,-0.7419,0.0179,11293.9,1094.0,392.8,840.6,6.5e-05,
3603,575754,164,0.996,0.5208,0.0808,0.3984,1.0,-0.7943,-0.1481,11519.0,1400.2,459.2,548.8,6e-05,
3604,575913,159,0.3387,0.1342,0.391,0.4748,1.0,-0.812,-0.0777,11608.0,1543.4,431.1,504.0,8.3e-05,-0.111336
3605,576071,158,0.3722,0.3176,0.5047,0.1776,0.7727,-0.8399,-0.3233,10564.0,1650.1,529.3,188.4,0.00014,-0.094504
3606,576228,157,0.1471,0.1064,0.6632,0.2304,0.6982,-0.7424,-0.1836,10280.0,997.8,473.4,570.8,0.000109,
3607,576384,156,0.2704,0.1187,0.3848,0.4965,0.6459,-0.8386,-0.1418,10080.9,1561.8,456.7,503.1,0.000219,
3608,576546,162,0.8663,0.712,0.2529,0.0351,0.7862,-0.8321,-0.0595,10615.4,1580.4,423.8,864.8,0.00011,
3609,576701,155,0.6276,0.3171,0.1382,0.5447,0.6206,-0.8457,0.0801,9984.7,1617.8,368.0,583.8,8.7e-05,-0.104685
3610,576861,160,0.3611,0.0168,0.3312,0.6521,0.3875,-0.8591,-0.074,9096.3,1613.9,429.6,159.9,7.4e-05,-0.116336
3611,577028,167,1.0011,0.6165,0.0493,0.3342,0.7597,-0.8273,-0.1059,10514.5,1522.1,442.4,529.1,7.1e-05,
3612,577186,158,0.42,0.2345,0.2659,0.4996,0.7301,-0.8287,-0.3378,10401.8,1518.4,535.1,340.9,6e-05,
3613,577339,153,0.8947,0.1244,0.0676,0.808,0.3549,-0.8366,0.4554,8972.3,1372.5,217.9,830.0,0.000145,-0.103998
3614,577496,157,1.3337,0.8215,0.0297,0.1489,1.0,-0.7918,-0.0641,12294.0,1476.4,425.7,432.4,0.000122,
3615,577652,156,0.8553,0.3814,0.1717,0.4469,0.9621,-0.8093,-0.1301,11285.7,1479.6,452.0,351.7,8.5e-05,
3616,577822,170,0.4276,0.2171,0.3779,0.405,1.0,-0.8147,-0.2448,12034.2,1623.7,497.9,559.5,8.5e-05,
3617,577978,156,0.9264,0.0101,0.065,0.9249,-0.2988,-0.9014,0.3951,6481.5,1644.1,241.9,525.6,6.1e-05,
3618,578139,161,1.0019,0.193,0.0135,0.7935,0.0514,-0.9278,0.297,7816.0,2707.8,281.2,412.1,0.000116,-0.097706
3619,578298,159,0.8101,0.4306,0.1194,0.4499,1.0,-0.7775,-0.2981,12074.9,1357.0,519.2,486.7,6.8e-05,
3620,578457,159,0.2128,0.0299,0.8123,0.1579,0.9422,-0.4658,-0.1224,11209.7,524.6,448.9,631.6,8.4e-05,-0.103132
3621,578619,162,0.8994,0.5679,0.1006,0.3315,0.8287,-0.817,-0.1726,10777.4,1471.9,469.0,622.1,8.8e-05,-0.101813
3622,578780,161,0.1136,0.0777,0.6385,0.2838,0.7861,-0.7904,0.0531,10615.2,1266.2,378.8,967.1,6.4e-05,
3623,578936,156,0.241,0.0135,0.4584,0.5282,1.0,-0.7941,0.0274,11915.6,1446.9,389.0,526.4,0.000115,
3624,579095,159,0.0758,0.0115,0.5309,0.4576,1.0,-0.7973,-0.2076,12623.1,1556.8,483.0,644.6,0.00012,-0.098852
3625,579251,156,0.3991,0.1011,0.2846,0.6144,0.9875,-0.8239,-0.0911,11382.3,1615.6,436.4,400.9,8e-05,-0.083111
3626,579413,162,1.0054,0.4656,0.0338,0.5006,1.0,-0.8363,-0.044,11507.8,1757.4,417.6,776.0,9.2e-05,-0.083926
3627,579571,158,0.5481,0.269,0.1803,0.5508,0.496,-0.8063,0.0648,9509.9,1227.6,374.1,706.2,8.1e-05,-0.135524
3628,579732,161,0.0726,0.0978,0.5831,0.3191,0.8889,-0.808,-0.3803,11006.9,1433.2,552.1,503.5,0.000105,
3629,579888,156,0.9473,0.5709,0.1525,0.2766,0.9497,-0.8334,-0.2324,11238.4,1686.4,492.9,590.3,9.2e-05,
3630,580048,160,0.6909,0.4758,0.3908,0.1334,0.9464,-0.8246,-0.0049,11225.8,1600.2,402.0,481.1,8.1e-05,
3631,580214,166,1.1182,0.7495,0.039,0.2115,0.8423,-0.8616,-0.1004,10829.2,1956.7,440.1,900.7,0.000103,
3632,580369,155,1.5305,0.926,0.0079,0.066,1.0,-0.831,0.0227,11860.7,1754.9,390.9,437.0,0.00015,-0.11264
3633,580530,161,1.4594,0.8965,0.0935,0.01,1.0,-0.8179,-0.0267,11815.2,1622.4,410.7,295.2,0.000107,
3634,580692,162,0.586,0.3204,0.4382,0.2414,1.0,-0.7725,-0.0605,13479.4,1481.4,424.2,325.2,6.1e-05,
3635,580849,157,0.3558,0.1993,0.3497,0.451,0.9721,-0.7776,-0.1904,11323.7,1272.8,476.2,763.6,9.7e-05,-0.100082
3636,581016,167,0.3024,0.2648,0.3615,0.3737,0.2413,-0.8552,-0.113,8539.5,1474.8,445.2,512.4,0.000127,
3637,581174,158,0.4122,0.0479,0.3033,0.6488,0.7725,-0.8265,0.0956,10563.3,1521.8,361.8,750.8,9.8e-05,
3638,581338,164,0.7172,0.4285,0.2588,0.3127,1.0,-0.8276,-0.1757,11583.4,1680.0,470.3,590.5,9.9e-05,
3639,581493,155,1.0729,0.6017,0.0963,0.302,1.0,-0.8103,-0.0447,11549.7,1522.5,417.9,520.3,0.000103,-0.085083
3640,581661,168,1.1776,0.8718,0.0379,0.0902,0.7404,-0.886,-0.0488,10440.9,2289.5,419.5,761.9,0.000105,-0.114803
3641,581826,165,0.6114,0.4447,0.3488,0.2065,1.0,-0.8157,-0.4918,11991.9,1626.8,596.7,507.2,8.8e-05,
3642,581981,155,0.5315,0.3731,0.461,0.1658,0.8779,-0.8372,-0.1125,10964.7,1683.4,445.0,628.5,6.5e-05,-0.089274
3643,582140,159,0.7332,0.668,0.1827,0.1493,0.4346,-0.8394,-0.3402,9275.7,1443.5,536.1,530.3,0.000106,
3644,582305,165,0.7661,0.4039,0.0105,0.5855,0.5145,-0.8237,-0.1072,9580.2,1358.6,442.9,301.6,0.000145,-0.057893
3645,582467,162,0.7961,0.5066,0.2492,0.2442,0.7891,-0.8337,-0.1322,10626.6,1597.9,452.9,500.2,0.000133,-0.085722
3646,582628,161,0.7447,0.4629,0.2101,0.3271,0.8008,-0.8236,-0.0591,10671.1,1512.4,423.6,618.8,0.000152,
3647,582787,159,0.6766,0.3267,0.2628,0.4105,0.8496,-0.8055,0.0626,10857.1,1395.3,374.9,587.1,0.000143,-0.102566
3648,582944,157,1.3433,0.9438,0.0316,0.0246,0.8038,-0.8766,-0.2573,10682.4,2164.8,502.9,634.3,7.8e-05,
3649,583102,158,0.248,0.2789,0.6518,0.0693,0.7837,-0.7556,-0.2265,10605.8,1084.8,490.6,705.4,0.000118,
3650,583265,163,0.1333,0.115,0.6689,0.2161,0.7472,-0.79,-0.1085,10466.9,1246.2,443.4,655.1,0.000144,-0.061438
3651,583419,154,0.9653,0.4456,0.0541,0.5004,1.0,-0.7898,-0.1155,12174.2,1448.1,446.2,825.8,8e-05,-0.084634
3652,583585,166,1.4835,0.895,0.0808,0.0241,1.0,-0.8761,-0.0892,12344.1,2490.1,435.7,677.9,0.000123,-0.118705
3653,583743,158,0.9948,0.482,0.0603,0.4577,0.9421,-0.8269,-0.0461,11209.6,1618.5,418.4,262.7,9.3e-05,-0.115436
3654,583903,160,1.2113,0.598,0.0067,0.3954,1.0,-0.8043,-0.2485,12422.5,1586.6,499.4,346.3,9.6e-05,-0.091859
3655,584072,169,0.389,0.2994,0.5703,0.1303,0.9881,-0.8331,-0.3089,11384.8,1704.9,523.5,441.6,7.7e-05,
3656,584231,159,1.3799,0.8472,0.0789,0.0739,1.0,-0.8521,-0.0257,11897.3,2010.8,410.3,543.0,0.000128,-0.12975
3657,584388,157,0.6709,0.4643,0.5201,0.0156,1.0,-0.7947,-0.1451,12545.6,1527.6,458.0,587.7,8.2e-05,
3658,584545,157,0.8498,0.4616,0.1175,0.4209,0.8471,-0.8263,-0.1155,10847.3,1561.4,446.2,271.8,7.9e-05,-0.094508
3659,584710,165,0.7795,0.5764,0.19,0.2336,0.6781,-0.8645,0.0859,10203.4,1882.1,365.7,893.6,7.1e-05,
3660,584871,161,0.3017,0.2762,0.6967,0.0271,0.9183,-0.7272,-0.2545,11118.6,1019.0,501.8,501.9,0.000115,-0.082656
3661,585039,168,0.6101,0.4744,0.3688,0.1568,0.5869,-0.8402,-0.0901,9856.0,1542.2,436.0,804.7,9.6e-05,-0.100112
3662,585196,157,1.2969,0.885,0.0222,0.0929,0.8864,-0.8503,-0.0909,10997.3,1836.1,436.4,657.0,0.000175,
3663,585350,154,1.0354,0.1046,0.105,0.7904,0.9836,-0.7592,0.4845,11367.5,1180.0,206.2,956.7,0.000111,
3664,585512,162,0.9206,0.7855,0.2097,0.0048,0.6718,-0.8445,-0.0812,10179.4,1636.2,432.5,765.2,7.4e-05,
3665,585673,161,0.291,0.0637,0.889,0.0474,0.3267,-0.0827,-0.1423,8864.8,241.6,456.9,645.7,7.2e-05,-0.106955
3666,585830,157,1.1744,0.2293,0.0049,0.7659,0.9584,-0.7819,0.3846,11271.6,1292.1,246.2,468.3,0.000186,
3667,585984,154,0.9812,0.5153,0.0682,0.4165,0.8667,-0.8335,0.0329,10922.3,1640.2,386.8,1116.2,0.000107,
3668,586146,162,1.132,0.6573,0.0343,0.3084,0.9152,-0.8346,-0.1939,11106.9,1679.0,477.6,498.2,9.4e-05,
3669,586307,161,0.2458,0.0069,0.4146,0.5785,0.6779,-0.833,-0.0554,10202.6,1527.6,422.1,446.9,0.000148,-0.079694
3670,586467,160,0.7589,0.3802,0.1379,0.4819,1.0,-0.8064,-0.2328,11847.9,1530.3,493.1,555.7,0.000158,-0.066009
3671,586634,167,0.7823,0.5542,0.3737,0.072,0.9579,-0.7812,-0.1233,11269.6,1287.7,449.3,516.1,0.000217,
3672,586799,165,0.8207,0.0516,0.1764,0.7719,0.0112,-0.8615,0.3436,7662.6,1383.0,262.6,573.5,0.000284,-0.097482
3673,586960,161,0.3468,0.0716,0.8573,0.0711,0.5808,-0.331,-0.1301,9832.9,367.5,452.0,528.8,0.000112,
3674,587123,163,1.1981,0.6425,0.1549,0.2026,1.0,-0.82,-0.146,11585.8,1609.5,458.4,330.4,0.000144,-0.129903
3675,587288,165,0.4882,0.2887,0.4425,0.2688,0.7612,-0.7967,0.1195,10520.3,1293.7,352.2,646.9,9.6e-05,
3676,587448,160,0.1634,0.1983,0.7472,0.0545,0.5413,-0.6646,-0.0439,9682.4,721.7,417.6,575.6,9.6e-05,
3677,587606,158,0.5409,0.1204,0.2553,0.6244,0.7936,-0.8264,0.1123,10643.7,1532.4,355.1,646.3,8.6e-05,
3678,587772,166,0.559,0.5032,0.3909,0.1059,0.7259,-0.81,-0.1351,10385.8,1366.2,454.0,775.8,0.00012,
3679,587926,154,0.3078,0.1001,0.5096,0.3904,0.8469,-0.8315,0.0719,10846.6,1609.6,371.3,489.0,0.000103,
3680,588089,163,0.4974,0.1662,0.3066,0.5272,0.867,-0.8107,0.0184,10923.4,1442.9,392.6,634.3,7e-05,-0.136267
3681,588246,157,0.9012,0.5838,0.1338,0.2824,0.7635,-0.8444,-0.1051,10528.9,1691.1,442.1,413.1,0.00025,
3682,588404,158,0.7615,0.0947,0.1765,0.7288,0.7601,-0.7818,0.1806,10516.0,1205.0,327.8,350.7,0.00012,
3683,588561,157,0.9946,0.4807,0.134,0.3853,1.0,-0.8226,0.1186,12478.0,1758.2,352.5,543.0,6.8e-05,-0.125933
3684,588722,161,0.51,0.1439,0.2075,0.6486,0.3349,-0.8781,0.1055,8896.1,1824.2,357.8,539.0,8.9e-05,
3685,588885,163,0.8551,0.5779,0.3316,0.0904,1.0,-0.7861,-0.0852,12236.1,1429.8,434.1,907.2,0.000102,-0.122201
3686,589051,166,0.1125,0.1884,0.7548,0.0568,0.5225,-0.6936,-0.2349,9610.7,784.2,494.0,574.9,0.000127,-0.099259
3687,589209,158,0.9255,0.1513,0.0221,0.8266,0.3617,-0.8715,0.331,8998.1,1751.2,267.6,842.9,8.5e-05,-0.102644
3688,589374,165,0.2053,0.144,0.4096,0.4464,0.8629,-0.8292,-0.1983,10907.6,1596.3,479.3,744.4,6.1e-05,
3689,589532,158,0.2076,0.1443,0.5265,0.3292,0.6127,-0.8335,0.0001,9954.5,1495.0,400.0,503.1,7.4e-05,
3690,589697,165,0.1251,0.0266,0.4855,0.4878,0.9433,-0.8362,-0.1248,11214.1,1711.5,449.9,476.7,7.6e-05,-0.101448
3691,589852,155,0.2018,0.1095,0.5476,0.3429,0.6355,-0.7807,-0.0289,10041.1,1144.7,411.6,810.2,0.00011,
3692,590011,159,1.0111,0.1183,0.0886,0.793,0.7061,-0.8358,0.3443,10310.1,1570.0,262.3,441.1,0.000147,-0.129633
3693,590172,161,0.8174,0.4952,0.3711,0.1337,1.0,-0.8411,0.0234,11475.1,1805.7,390.6,402.5,0.000117,
3694,590329,157,0.4336,0.0015,0.3385,0.6601,0.8664,-0.8272,0.2615,10921.0,1580.2,295.4,645.6,0.00012,-0.07838
3695,590488,159,0.2969,0.2002,0.5302,0.2697,0.8491,-0.8268,-0.2339,10855.0,1566.9,493.6,494.8,0.000113,
3696,590647,159,0.7529,0.1272,0.1182,0.7546,-0.1832,-0.9266,0.315,6921.8,2357.6,274.0,569.3,0.000117,-0.102703
3697,590807,160,0.164,0.1719,0.7211,0.107,0.7195,-0.7251,-0.0275,10361.2,942.3,411.0,550.1,0.000105,-0.096775
3698,590968,161,0.4467,0.2614,0.442,0.2967,1.0,-0.7869,-0.2262,11910.3,1397.0,490.5,341.0,0.000103,
3699,591126,158,0.4661,0.3292,0.624,0.0469,1.0,-0.7345,-0.0278,12678.1,1193.6,411.1,541.5,0.000105,
3700,591284,158,0.844,0.5589,0.4286,0.0125,1.0,-0.7475,-0.1991,13690.4,1355.4,479.7,508.3,0.000206,
3701,591447,163,0.7713,0.3494,0.2365,0.4141,0.939,-0.8059,-0.1393,11197.5,1442.1,455.7,509.1,9.8e-05,-0.113134
3702,591611,164,0.4319,0.1873,0.2997,0.513,0.9868,-0.8313,-0.1772,11379.9,1686.5,470.9,511.4,9.8e-05,-0.116769
3703,591775,164,0.8361,0.4673,0.1187,0.414,0.7497,-0.8269,-0.0397,10476.3,1513.3,415.9,581.5,9e-05,-0.107062
3704,591931,156,0.8285,0.2847,0.0467,0.6686,0.6235,-0.7788,0.1572,9995.5,1129.7,337.1,857.9,9.6e-05,-0.116241
3705,592087,156,0.4477,0.2769,0.2688,0.4543,0.4537,-0.8451,-0.0333,9348.8,1508.7,413.3,734.7,7.6e-05,-0.113274
3706,592247,160,0.8759,0.1747,0.0543,0.7711,0.2298,-0.9157,0.2293,8495.4,2520.8,308.3,369.3,0.000118,-0.081635
3707,592405,158,0.9126,0.1846,0.0136,0.8018,-0.0044,-0.8607,0.3719,7603.3,1364.4,251.2,592.2,8.3e-05,-0.119133
3708,592562,157,0.1364,0.1219,0.6513,0.2267,0.3444,-0.8106,-0.0478,8932.3,1179.1,419.1,475.6,9.6e-05,
3709,592722,160,0.4329,0.1743,0.2991,0.5267,0.8109,-0.8292,-0.0443,10709.7,1567.6,417.7,585.2,9.9e-05,
3710,592883,161,0.952,0.807,0.0748,0.1181,0.5962,-0.8169,-0.1864,9891.6,1350.4,474.6,455.5,9.5e-05,-0.090126
3711,593043,160,1.0891,0.7196,0.2399,0.0405,0.815,-0.8303,-0.3445,10725.3,1580.4,537.8,327.3,0.000119,-0.110151
3712,593202,159,0.8747,0.6412,0.3067,0.0521,0.8939,-0.7993,-0.1238,11025.9,1373.3,449.5,494.4,0.000104,
3713,593363,161,0.5488,0.3288,0.4455,0.2257,1.0,-0.7813,-0.2081,12595.1,1440.0,483.2,533.8,6.8e-05,-0.094576
3714,593517,154,0.6723,0.4784,0.0159,0.5057,0.2203,-0.87,0.11,8459.4,1626.7,356.0,548.5,7.7e-05,-0.119082
3715,593675,158,0.3556,0.1954,0.5606,0.244,0.9571,-0.7996,-0.208,11266.6,1405.6,483.2,320.3,0.000167,-0.095232
3716,593834,159,1.0596,0.2032,0.0411,0.7558,0.6565,-0.8014,0.3982,10121.4,1274.1,240.7,510.2,0.000128,
3717,593991,157,1.0941,0.6169,0.1056,0.2775,0.9274,-0.8283,-0.026,11153.5,1624.1,410.4,655.2,0.000108,-0.096507
3718,594150,159,0.2876,0.1109,0.4184,0.4707,0.8936,-0.8064,-0.0739,11024.6,1423.9,429.6,630.9,7.8e-05,
3719,594308,158,0.0508,0.0063,0.7879,0.2058,0.7881,-0.5823,0.0101,10622.7,635.8,396.0,675.0,0.000156,
3720,594469,161,0.7543,0.4513,0.3613,0.1874,0.8444,-0.8558,0.0313,10837.1,1878.3,387.5,342.3,0.000144,-0.09475
3721,594631,162,0.5312,0.2332,0.3489,0.4179,0.9976,-0.8273,-0.0692,11420.9,1652.9,427.7,688.6,9.8e-05,-0.085617
3722,594790,159,0.8678,0.5658,0.2933,0.1409,0.867,-0.8499,-0.1263,10923.4,1819.1,450.5,520.6,0.000104,
3723,594954,164,0.358,0.0737,0.4471,0.4792,0.9306,-0.8108,0.051,11165.4,1475.4,379.6,645.5,8.9e-05,
3724,595112,158,0.1072,0.0252,0.6231,0.3517,0.9825,-0.7688,-0.0306,11363.2,1228.7,412.2,642.8,0.000145,
3725,595271,159,0.4422,0.276,0.3568,0.3672,0.6987,-0.8342,-0.1745,10281.9,1550.7,469.8,402.5,7.7e-05,-0.097337
3726,595432,161,0.9935,0.5775,0.2312,0.1913,1.0,-0.7833,-0.1951,12559.9,1448.8,478.0,414.5,8.8e-05,
3727,595591,159,0.7769,0.3906,0.3258,0.2836,1.0,-0.7586,-0.0365,11498.7,1190.6,414.6,274.9,0.000148,-0.08359
3728,595752,161,0.3945,0.3935,0.4524,0.1541,0.5081,-0.8409,-0.3219,9555.8,1501.3,528.7,308.9,9.5e-05,
3729,595914,162,0.9123,0.6185,0.1599,0.2215,0.8178,-0.834,0.1134,10736.0,1617.2,354.6,1021.8,0.000265,
3730,596074,160,0.4428,0.0888,0.2944,0.6168,0.6481,-0.8518,-0.1188,10089.4,1701.7,447.5,383.4,9.7e-05,
3731,596229,155,0.4983,0.4889,0.4898,0.0213,0.7137,-0.802,-0.1371,10339.3,1305.6,454.8,681.3,0.000108,-0.105776
3732,596386,157,0.7598,0.2268,0.1779,0.5953,1.0,-0.7644,-0.0053,12196.9,1294.4,402.1,551.9,8.4e-05,
3733,596542,156,0.7223,0.2071,0.1629,0.63,0.7433,-0.7997,0.1142,10452.1,1304.6,354.3,750.2,0.000153,
3734,596706,164,0.5564,0.385,0.3781,0.2369,0.7073,-0.8336,-0.0999,10314.9,1549.9,439.9,488.4,0.000104,
3735,596870,164,0.7292,0.4366,0.3303,0.2331,1.0,-0.7434,-0.2363,12674.5,1234.6,494.5,615.7,0.000127,
3736,597031,161,1.4339,0.8832,0.0736,0.0432,0.9928,-0.8317,-0.1225,11402.7,1694.3,449.0,527.5,6.7e-05,-0.109302
3737,597186,155,0.2109,0.085,0.539,0.3759,0.8156,-0.8179,-0.0029,10727.6,1473.1,401.2,413.5,8.3e-05,
3738,597343,157,0.9322,0.766,0.0635,0.1705,0.5074,-0.8475,0.1248,9553.3,1565.7,350.1,452.2,0.000147,-0.129946
3739,597501,158,0.7741,0.1633,0.1633,0.6733,0.9109,-0.7476,0.1757,11090.5,1098.3,329.7,893.0,7.2e-05,-0.119792
3740,597656,155,0.7516,0.4851,0.1451,0.3698,0.7939,-0.8501,-0.2323,10644.8,1774.8,492.9,568.9,9.8e-05,
3741,597816,160,0.2925,0.0832,0.4093,0.5075,0.7695,-0.8048,-0.2406,10551.7,1351.5,496.3,501.2,8.9e-05,
3742,597984,168,0.7367,0.3712,0.22,0.4089,1.0,-0.8257,-0.0146,11774.4,1688.8,405.9,526.3,8.3e-05,
3743,598140,156,0.4287,0.402,0.4374,0.1606,0.7128,-0.8163,-0.0189,10335.9,1406.9,407.5,764.4,7e-05,
3744,598301,161,0.309,0.0489,0.4337,0.5174,0.9373,-0.7762,0.0032,11191.1,1250.1,398.7,617.1,9.3e-05,-0.113913
3745,598459,158,0.92,0.0678,0.1399,0.7923,0.9672,-0.7964,0.4782,11305.2,1388.3,208.7,1077.2,0.000126,-0.124847
3746,598614,155,0.5216,0.2607,0.3864,0.3528,0.9484,-0.8209,0.0571,11233.4,1568.1,377.1,613.4,0.000104,
3747,598774,160,0.1333,0.073,0.5402,0.3868,0.8009,-0.8048,-0.0622,10671.4,1366.7,424.9,718.3,0.000104,
3748,598928,154,0.9957,0.5622,0.0487,0.389,0.818,-0.8263,-0.0142,10736.5,1545.5,405.7,547.2,0.000178,
3749,599085,157,0.8394,0.1136,0.0379,0.8486,-0.1993,-0.9412,0.1884,6860.8,2917.8,324.7,219.2,8.4e-05,-0.083981
3750,599238,153,0.3496,0.1721,0.648,0.1799,1.0,-0.6968,-0.0576,13166.3,1085.5,423.0,429.5,0.000238,
3751,599397,159,0.5911,0.5284,0.3898,0.0818,0.5068,-0.8511,0.0561,9551.0,1603.5,377.6,455.9,9.3e-05,-0.134565
3752,599560,163,0.7433,0.3228,0.2477,0.4294,0.958,-0.778,-0.2016,11269.9,1269.3,480.6,333.5,0.000121,
3753,599718,158,0.6104,0.3431,0.4846,0.1723,1.0,-0.7786,0.1098,11704.0,1321.5,356.1,616.7,0.000122,
3754,599880,162,0.7902,0.2341,0.0801,0.6858,0.8471,-0.8157,-0.0597,10847.4,1471.3,423.9,338.0,0.000166,
3755,600042,162,0.8126,0.2633,0.0058,0.7309,0.1067,-0.9156,0.1718,8026.4,2376.8,331.3,354.7,9.4e-05,
3756,600206,164,0.6108,0.5313,0.4256,0.043,0.818,-0.8289,-0.0654,10736.5,1568.6,426.2,521.4,0.000117,
3757,600366,160,1.3285,0.8173,0.0528,0.1299,0.9858,-0.825,-0.225,11375.8,1624.7,490.0,407.7,0.000111,
3758,600524,158,0.5418,0.3114,0.3962,0.2924,0.9317,-0.7726,-0.1042,11169.7,1228.0,441.7,376.3,0.000125,
3759,600683,159,0.9445,0.2856,0.0649,0.6495,1.0,-0.8211,-0.0414,12234.6,1709.3,416.6,307.5,9e-05,-0.11439
3760,600847,164,0.6642,0.3197,0.1381,0.5422,0.5864,-0.8073,-0.0205,9854.1,1278.5,408.2,610.0,0.000139,-0.106324
3761,601008,161,1.362,0.8753,0.0895,0.0351,1.0,-0.8165,-0.1296,11833.4,1611.9,451.8,531.1,0.000145,
3762,601163,155,0.4594,0.2242,0.3636,0.4121,1.0,-0.774,-0.031,11591.2,1282.5,412.4,635.2,0.000153,-0.111848
3763,601317,154,0.1771,0.0313,0.4929,0.4758,0.9532,-0.78,0.0169,11251.6,1278.8,393.3,688.7,0.000242,-0.123133
3764,601480,163,0.3375,0.0306,0.3651,0.6043,0.855,-0.7611,0.0995,10877.7,1138.2,360.2,699.2,0.000116,
3765,601643,163,0.2323,0.0264,0.7989,0.1746,1.0,-0.4957,0.1677,12267.7,608.1,332.9,703.6,9.1e-05,-0.121928
3766,601806,163,0.3494,0.2443,0.5793,0.1764,0.9982,-0.8135,-0.1603,11423.1,1531.0,464.1,829.3,0.000101,
3767,601965,159,0.9697,0.6948,0.1846,0.1206,0.8971,-0.8303,-0.0191,11037.9,1626.4,407.6,602.6,9.3e-05,-0.133167
3768,602124,159,1.198,0.73,0.1401,0.1299,1.0,-0.748,-0.0919,11649.7,1155.6,436.8,514.3,8.4e-05,
3769,602285,161,0.7507,0.2621,0.0616,0.6763,0.4535,-0.8518,0.0407,9347.9,1577.1,383.7,487.3,0.000109,-0.107969
3770,602447,162,1.4414,0.8002,0.034,0.1658,1.0,-0.8156,-0.2944,12533.0,1699.3,517.7,265.9,8.6e-05,-0.132841
3771,602607,160,0.7503,0.4397,0.2604,0.2998,0.9858,-0.8065,-0.1427,11375.9,1470.1,457.1,464.3,0.000108,-0.121201
3772,602771,164,0.6203,0.0714,0.9127,0.0158,0.3363,0.097,-0.0114,8901.5,202.9,404.5,413.1,0.0002,-0.097127
3773,602932,161,0.6307,0.2925,0.2328,0.4747,0.777,-0.7976,-0.063,10580.2,1306.9,425.2,554.1,7e-05,
3774,603093,161,0.5874,0.2733,0.3496,0.3772,1.0,-0.7879,-0.1293,12355.4,1456.5,451.7,493.7,7.6e-05,-0.138512
3775,603253,160,1.2754,0.7838,0.0647,0.1515,1.0,-0.8175,-0.1942,11701.1,1602.6,477.7,827.6,8.2e-05,-0.090676
3776,603416,163,0.8095,0.5353,0.1816,0.2831,0.8248,-0.8358,-0.1161,10762.4,1638.9,446.4,445.3,0.000107,
3777,603577,161,1.4162,0.9111,0.0685,0.0204,0.9883,-0.8765,-0.1243,11385.3,2304.8,449.7,487.9,0.000111,-0.137387
3778,603735,158,0.9794,0.0898,0.0658,0.8444,0.6444,-0.7863,0.3611,10075.2,1178.6,255.6,711.4,0.000111,-0.125695
3779,603899,164,1.0956,0.6114,0.173,0.2156,1.0,-0.8193,-0.0731,11745.0,1625.1,429.2,372.2,0.00016,-0.123071
3780,604054,155,0.7871,0.4494,0.3524,0.1981,0.877,-0.7739,-0.2281,10961.5,1212.1,491.2,327.4,7.7e-05,
3781,604216,162,1.1061,0.8416,0.1438,0.0147,0.7961,-0.8633,0.0742,10653.3,1949.0,370.3,697.3,8.4e-05,
3782,604376,160,0.9673,0.1991,0.0751,0.7258,0.8576,-0.8214,0.3285,10887.6,1524.3,268.6,844.3,6.8e-05,
3783,604532,156,0.9184,0.476,0.021,0.5031,0.8614,-0.844,0.0112,10901.8,1747.6,395.5,784.7,9.3e-05,
3784,604687,155,0.304,0.0377,0.3751,0.5872,1.0,-0.7399,-0.1215,13190.3,1267.8,448.6,767.6,8.7e-05,-0.098035
3785,604846,159,0.4541,0.271,0.4162,0.3128,0.6375,-0.8219,-0.0728,10048.8,1410.8,429.1,593.6,0.000153,
3786,605005,159,0.9085,0.085,0.0368,0.8782,0.1022,-0.9165,0.3153,8009.3,2398.5,273.9,491.3,7e-05,-0.122548
3787,605171,166,0.6409,0.1918,0.2217,0.5865,0.701,-0.8373,0.1806,10290.8,1581.7,327.8,600.5,8.9e-05,-0.103753
3788,605334,163,0.5457,0.327,0.1994,0.4736,0.7728,-0.8245,-0.245,10564.3,1505.0,498.0,583.3,0.000104,
3789,605498,164,0.8495,0.5389,0.1447,0.3164,0.7661,-0.8546,-0.0134,10538.9,1811.9,405.3,715.9,0.0001,
3790,605663,165,0.1916,0.1651,0.6902,0.1447,0.867,-0.7746,-0.0688,10923.2,1211.4,427.5,527.3,9.1e-05,-0.11036
3791,605821,158,0.1892,0.09,0.5737,0.3362,0.3688,-0.837,-0.0827,9025.0,1384.1,433.1,239.9,6.8e-05,-0.090946
3792,605981,160,0.9573,0.652,0.3277,0.0203,0.9918,-0.7883,-0.0881,11398.6,1346.3,435.2,774.9,0.000135,-0.102728
3793,606141,160,1.1393,0.6855,0.0903,0.2241,0.9264,-0.799,0.0199,11149.4,1386.4,392.0,716.8,8.1e-05,-0.145203
3794,606299,158,0.9619,0.0674,0.0439,0.8887,0.2865,-0.9093,0.3291,8711.7,2400.2,268.4,418.4,0.000116,-0.109434
3795,606459,160,0.968,0.7842,0.1245,0.0912,0.6812,-0.8177,-0.1046,10215.4,1400.9,441.8,590.8,0.000114,-0.078146
3796,606630,171,0.5315,0.317,0.4472,0.2359,0.9416,-0.8215,-0.0633,11207.5,1569.6,425.3,837.3,0.000122,
3797,606784,154,0.6631,0.3931,0.0961,0.5108,0.5548,-0.811,-0.0534,9733.9,1287.4,421.4,605.3,7.5e-05,
3798,606945,161,0.7387,0.2956,0.0857,0.6187,0.4985,-0.8062,-0.0054,9519.2,1228.1,402.2,508.0,0.000151,-0.118948
3799,607103,158,1.1431,0.6013,0.0416,0.3571,0.9724,-0.8267,-0.1122,11324.8,1633.3,444.9,363.5,0.000147,-0.134305
3800,607262,159,0.6631,0.3317,0.1494,0.5188,1.0,-0.7928,-0.335,11896.9,1435.5,534.0,550.7,0.000105,
3801,607429,167,0.8407,0.3576,0.078,0.5644,0.9412,-0.806,-0.2573,11205.8,1444.4,502.9,790.4,0.000157,-0.127515
3802,607590,161,0.4636,0.2238,0.4848,0.2914,0.803,-0.7865,-0.1314,10679.3,1250.5,452.6,684.9,0.000171,
3803,607749,159,0.5097,0.2558,0.3501,0.394,0.6015,-0.7965,-0.0601,9911.7,1217.9,424.0,427.5,7.7e-05,-0.122969
3804,607911,162,1.1381,0.7061,0.126,0.168,1.0,-0.7922,-0.2317,12135.6,1459.7,492.7,656.2,0.000254,-0.102496
3805,608070,159,1.1068,0.5814,0.0688,0.3498,1.0,-0.837,-0.3533,11880.0,1822.0,541.3,313.5,8.8e-05,
3806,608229,159,0.5775,0.4161,0.5631,0.0207,1.0,-0.8047,-0.1501,11525.2,1475.3,460.0,477.8,0.000236,-0.087747
3807,608394,165,0.9841,0.0921,0.1426,0.7653,0.8942,-0.8051,0.3912,11026.9,1414.4,243.5,469.6,0.000116,
3808,608526,132,-0.4397,0.236,0.5822,0.1818,-1.0,-1.0,0.2428,0.0,2387.4,302.9,237.0,0.000144,
3809,608691,165,0.556,0.0807,0.9009,0.0184,0.4954,0.2129,0.015,9507.6,196.0,394.0,904.0,0.000175,-0.086207
3810,608852,161,0.6138,0.4551,0.3231,0.2217,0.6821,-0.8095,-0.204,10218.7,1341.0,481.6,563.6,0.00013,
3811,609012,160,0.9261,0.0647,0.9046,0.0307,0.7252,0.5023,0.0062,10383.1,172.8,397.5,363.4,0.000139,
3812,609164,152,0.2549,0.0104,0.8384,0.1512,0.6421,-0.3845,0.0179,10066.2,408.9,392.8,381.0,0.000144,
3813,609325,161,0.7812,0.5425,0.2698,0.1877,0.7816,-0.8353,-0.2032,10598.1,1608.4,481.3,367.7,0.000224,-0.09141
3814,609489,164,0.5063,0.0656,0.284,0.6504,0.7055,-0.82,0.0526,10308.1,1432.0,379.0,507.4,8e-05,-0.102246
3815,609650,161,1.2956,0.8385,0.0404,0.1211,0.9162,-0.8799,0.0157,11110.6,2312.1,393.7,645.4,0.000102,
3816,609805,155,0.3319,0.3382,0.4287,0.2331,0.6556,-0.834,-0.0232,10118.0,1524.0,409.3,766.6,0.0001,-0.116601
3817,609964,159,0.5453,0.1534,0.1982,0.6484,0.4125,-0.8762,-0.0696,9191.8,1856.7,427.9,399.3,0.000134,
3818,610125,161,0.7342,0.333,0.2621,0.4048,1.0,-0.7843,-0.1592,12010.0,1392.0,463.7,673.5,0.00015,-0.124997
3819,610290,165,1.3133,0.8863,0.0508,0.0629,0.9631,-0.8857,-0.1693,11289.4,2468.7,467.7,601.9,0.000133,
3820,610447,157,0.5436,0.4316,0.4522,0.1163,0.8915,-0.8184,0.102,11016.8,1516.5,359.2,688.7,0.000128,-0.09798
3821,610606,159,0.2217,0.0294,0.7968,0.1738,1.0,-0.5248,0.0342,12311.5,647.8,386.3,456.4,0.000156,
3822,610763,157,0.3323,0.1275,0.4394,0.4332,0.6544,-0.8234,0.0172,10113.3,1431.7,393.1,477.4,8.4e-05,-0.10489
3823,610925,162,0.1945,0.1839,0.6707,0.1454,0.8556,-0.7608,-0.1405,10879.7,1136.9,456.2,611.1,0.000138,-0.111988
3824,611073,148,0.5054,0.0782,0.2939,0.6279,1.0,-0.7765,0.0473,11818.2,1322.0,381.1,548.0,0.000125,-0.106757
3825,611235,162,0.9485,0.0051,0.0863,0.9086,0.4184,-0.8753,0.4706,9214.2,1846.6,211.8,594.6,9.2e-05,-0.121821
3826,611400,165,0.3097,0.0863,0.3773,0.5364,0.3848,-0.8401,-0.0618,9086.1,1421.0,424.7,323.2,0.000133,
3827,611565,165,0.6864,0.531,0.3111,0.1579,0.6509,-0.8542,-0.0137,10100.1,1731.4,405.5,485.7,0.000382,-0.112505
3828,611728,163,0.9654,0.3798,0.089,0.5312,1.0,-0.7817,0.1574,11590.9,1327.3,337.0,675.2,8.2e-05,
3829,611892,164,1.1183,0.7023,0.1695,0.1283,1.0,-0.8165,-0.1997,12110.3,1650.1,479.9,495.0,0.000105,
3830,612053,161,0.9109,0.6165,0.1309,0.2525,0.6832,-0.8178,-0.0011,10222.9,1402.4,400.4,860.2,0.000118,-0.142027
3831,612211,158,0.7412,0.5678,0.4316,0.0006,0.7964,-0.7731,-0.1862,10654.2,1173.9,474.5,504.2,0.00013,-0.130731
3832,612369,158,0.4904,0.3589,0.5436,0.0975,1.0,-0.7552,-0.0727,11438.0,1168.1,429.1,575.5,0.000129,-0.098528
3833,612527,158,0.7884,0.3031,0.2533,0.4436,1.0,-0.7431,-0.039,11706.9,1139.4,415.6,619.4,0.000225,-0.122525
3834,612692,165,0.9673,0.8154,0.0489,0.1357,0.5742,-0.8645,-0.3135,9807.7,1809.7,525.4,493.2,0.000104,
3835,612855,163,0.3746,0.1479,0.3339,0.5182,0.3364,-0.8694,-0.036,8901.7,1703.6,414.4,555.7,0.000106,-0.098541
3836,613018,163,0.218,0.1097,0.6893,0.201,0.805,-0.7352,-0.0164,10687.0,1008.8,406.6,462.7,0.000104,
3837,613178,160,0.8783,0.4731,0.0382,0.4887,0.779,-0.8578,-0.1453,10587.9,1861.8,458.1,392.6,0.000116,
3838,613350,172,1.1865,0.7594,0.0765,0.1641,0.9362,-0.8994,-0.0862,11187.0,2779.8,434.5,683.0,8.4e-05,
3839,613510,160,0.3353,0.2065,0.6097,0.1838,1.0,-0.7929,-0.0349,11635.4,1404.6,414.0,814.0,9.8e-05,
3840,613667,157,0.1915,0.1567,0.6984,0.1449,0.9577,-0.7241,-0.0889,11269.0,1021.1,435.6,656.0,0.000132,-0.103029
3841,613826,159,0.2402,0.1235,0.769,0.1075,1.0,-0.5927,-0.0693,11685.4,717.2,427.7,528.3,9.8e-05,
3842,613991,165,0.4362,0.3362,0.5495,0.1143,1.0,-0.7873,-0.081,12058.6,1417.4,432.4,716.7,0.000112,-0.121201
3843,614155,164,1.1343,0.691,0.0763,0.2327,0.9381,-0.8245,-0.1191,11194.3,1594.4,447.7,631.0,0.000109,-0.100522
3844,614316,161,0.8623,0.4572,0.029,0.5137,0.6705,-0.8018,-0.0016,10174.7,1283.4,400.6,595.5,0.000101,
3845,614475,159,1.1851,0.7466,0.224,0.0294,1.0,-0.8037,-0.2176,11853.7,1509.4,487.1,338.7,0.000147,-0.121754
3846,614637,162,0.3087,0.267,0.5573,0.1757,0.6603,-0.816,-0.2558,10135.8,1376.8,502.3,420.4,8.1e-05,-0.109079
3847,614802,165,1.141,0.7807,0.0415,0.1777,0.8063,-0.8267,-0.1843,10691.9,1542.6,473.7,545.5,9e-05,
3848,614962,160,0.5748,0.2879,0.2546,0.4575,0.9743,-0.7956,-0.1211,11332.2,1386.2,448.4,747.5,7.9e-05,
3849,615120,158,0.6522,0.1935,0.155,0.6515,0.5125,-0.842,0.0918,9572.6,1514.3,363.3,394.1,8.9e-05,
3850,615280,160,0.377,0.1044,0.4035,0.4921,1.0,-0.7884,0.0329,12095.5,1429.2,386.8,604.1,9.8e-05,
3851,615433,153,0.3834,0.2708,0.4556,0.2737,0.7261,-0.8053,-0.1446,10386.4,1333.7,457.8,362.8,7.3e-05,-0.159848
3852,615593,160,0.3559,0.331,0.6575,0.0115,0.8069,-0.8092,-0.0228,10694.3,1401.1,409.1,361.5,0.000186,-0.130779
3853,615752,159,0.5108,0.034,0.8905,0.0755,0.4979,0.1292,-0.0675,9517.0,210.7,427.0,549.3,8.1e-05,
3854,615908,156,0.2817,0.1738,0.5867,0.2395,1.0,-0.7751,-0.0863,12751.4,1417.3,434.5,678.7,0.000179,
3855,616065,157,1.0241,0.3704,0.0088,0.6208,0.9495,-0.822,0.0661,11237.5,1578.0,373.6,371.0,8.8e-05,-0.130157
3856,616229,164,0.6992,0.2799,0.1419,0.5782,0.9051,-0.8223,-0.1202,11068.5,1557.2,448.1,421.1,0.000237,-0.101538
3857,616386,157,0.3114,0.0854,0.776,0.1386,1.0,-0.5568,-0.069,11733.7,661.9,427.6,415.3,0.000239,
3858,616545,159,0.5874,0.5427,0.2834,0.1739,0.5966,-0.8604,-0.0943,9893.0,1772.2,437.7,729.0,0.000133,-0.067014
3859,616704,159,1.1489,0.6388,0.0283,0.3329,0.8591,-0.8221,-0.1741,10893.2,1530.8,469.6,444.1,6.5e-05,
3860,616862,158,0.4578,0.1635,0.3965,0.44,0.8159,-0.8244,0.0947,10728.6,1527.3,362.1,585.5,8.5e-05,
3861,617022,160,0.2216,0.2275,0.5974,0.175,0.6541,-0.814,-0.0142,10112.1,1359.1,405.7,734.5,0.000249,
3862,617188,166,0.2009,0.1118,0.5291,0.3591,0.7528,-0.8112,0.0546,10488.0,1388.7,378.2,635.4,9.5e-05,
3863,617351,163,0.8737,0.5947,0.1858,0.2195,0.7643,-0.8257,-0.0194,10531.9,1510.6,407.7,531.0,0.000107,-0.090025
3864,617513,162,0.3388,0.2182,0.7,0.0817,1.0,-0.6367,-0.2772,12604.5,867.4,510.9,514.4,0.000108,-0.092068
3865,617676,163,0.3011,0.0746,0.4477,0.4777,1.0,-0.7905,0.0291,12705.5,1516.2,388.4,657.4,0.000143,
3866,617833,157,0.1036,0.0071,0.6328,0.3601,0.9883,-0.7428,-0.0724,11385.4,1106.7,429.0,497.8,7.1e-05,-0.10119
3867,617996,163,0.1212,0.0087,0.5916,0.3996,0.5977,-0.8188,-0.0299,9897.2,1365.5,412.0,788.6,0.000112,
3868,618157,161,0.7697,0.7624,0.1337,0.1039,0.4523,-0.839,-0.0223,9343.3,1450.8,408.9,384.4,0.000158,-0.147016
3869,618316,159,0.7237,0.4932,0.4843,0.0225,1.0,-0.761,0.0341,12062.7,1261.8,386.4,672.8,8.5e-05,
3870,618482,166,0.7555,0.4791,0.2516,0.2692,0.9397,-0.8225,-0.2225,11200.4,1577.6,489.0,508.8,9.3e-05,
3871,618646,164,0.0968,0.1205,0.7333,0.1462,0.4521,-0.7697,0.0486,9342.7,1014.0,380.6,449.7,0.000241,
3872,618805,159,0.6777,0.3233,0.1614,0.5153,1.0,-0.8083,-0.0633,11836.8,1543.5,425.3,733.3,7.1e-05,-0.11648
3873,618967,162,0.256,0.3156,0.6419,0.0425,0.8038,-0.7962,-0.0633,10682.4,1310.2,425.3,533.6,0.000134,-0.116778
3874,619129,162,0.8826,0.2972,0.0945,0.6083,0.9175,-0.8817,0.0834,11115.7,2349.5,366.6,494.2,0.00025,-0.103407
3875,619287,158,1.251,0.9255,0.0165,0.058,0.687,-0.8547,-0.041,10237.5,1761.2,416.4,419.1,9.1e-05,-0.123832
3876,619445,158,1.195,0.7761,0.1514,0.0725,0.9691,-0.7903,0.0363,11312.3,1348.3,385.5,797.3,0.00011,-0.104058
3877,619603,158,0.2729,0.0875,0.4389,0.4736,0.566,-0.7759,-0.1714,9776.5,1090.4,468.6,459.8,0.000106,-0.102542
3878,619765,162,0.4136,0.3249,0.5737,0.1014,1.0,-0.7874,0.0617,11890.4,1398.5,375.3,631.8,0.000119,-0.106563
3879,619928,163,0.7094,0.4731,0.4893,0.0376,1.0,-0.7941,0.013,11523.4,1399.2,394.8,551.3,0.000196,
3880,620084,156,0.5802,0.4185,0.553,0.0285,1.0,-0.7885,0.0866,11597.8,1370.8,365.4,459.3,0.000158,
3881,620242,158,0.1197,0.1378,0.5472,0.3149,0.296,-0.8623,0.1217,8747.9,1588.6,351.3,650.6,0.000106,
3882,620404,162,0.5209,0.0536,0.2617,0.6847,0.3142,-0.8767,0.1828,8817.1,1788.3,326.9,503.5,0.000128,
3883,620560,156,0.2119,0.0878,0.6439,0.2684,1.0,-0.715,0.0283,12388.1,1086.6,388.7,654.3,8.2e-05,
3884,620725,165,0.5836,0.4147,0.3066,0.2788,0.622,-0.8075,-0.1238,9989.7,1297.5,449.5,549.0,0.000506,-0.119042
3885,620886,161,0.9075,0.449,0.0504,0.5005,0.7166,-0.8268,-0.0498,10350.2,1493.8,419.9,267.6,0.000233,
3886,621037,151,0.4726,0.289,0.418,0.293,0.6664,-0.7748,0.0762,10159.1,1127.8,369.5,336.2,7.5e-05,-0.122459
3887,621193,156,0.5221,0.3408,0.4462,0.213,1.0,-0.7585,-0.0682,11637.2,1204.5,427.3,933.5,7.7e-05,-0.112131
3888,621355,162,0.4978,0.0885,0.8183,0.0932,0.8808,-0.38,-0.0451,10975.8,442.5,418.0,478.0,0.000104,-0.131907
3889,621519,164,1.0881,0.6934,0.0816,0.225,0.8783,-0.8075,-0.1293,10966.2,1424.0,451.7,918.0,0.000137,-0.108999
3890,621678,159,0.7249,0.3421,0.2765,0.3814,1.0,-0.7766,-0.1008,11770.4,1317.3,440.3,346.7,8.2e-05,
3891,621840,162,0.7632,0.4482,0.0436,0.5082,0.4029,-0.8454,0.0456,9154.9,1480.8,381.8,438.9,0.000112,
3892,621996,156,0.6822,0.1711,0.1898,0.6392,1.0,-0.7565,0.0395,12073.8,1239.4,384.2,417.1,0.000139,
3893,622156,160,1.237,0.7569,0.099,0.1441,1.0,-0.7986,-0.1151,11738.0,1456.8,446.0,514.3,6.7e-05,
3894,622320,164,0.3424,0.327,0.6529,0.0201,0.9314,-0.79,-0.0092,11168.5,1329.7,403.7,838.0,0.000124,
3895,622481,161,0.8632,0.3386,0.1432,0.5182,1.0,-0.7891,0.0416,11793.9,1397.8,383.4,664.9,0.000103,-0.101983
3896,622638,157,0.2663,0.2196,0.7642,0.0163,0.7313,-0.6557,-0.1244,10406.1,755.6,449.8,256.2,0.000107,
3897,622798,160,0.3647,0.2402,0.5919,0.1679,1.0,-0.7696,-0.0942,12184.7,1322.4,437.7,454.8,8.8e-05,
3898,622951,153,0.8536,0.7099,0.0527,0.2374,0.5144,-0.8282,-0.0241,9579.9,1394.2,409.7,710.0,0.000105,-0.077491
3899,623112,161,1.0639,0.139,0.01,0.851,0.4624,-0.8621,0.3714,9381.8,1700.3,251.4,591.1,0.00022,
3900,623268,156,0.6887,0.3904,0.3831,0.2265,0.9783,-0.814,0.0659,11347.3,1525.1,373.6,505.7,7.7e-05,
3901,623425,157,0.326,0.0861,0.8672,0.0466,0.6226,-0.0566,-0.0425,9992.1,264.8,417.0,801.4,0.0002,-0.105819
3902,623584,159,1.1183,0.6641,0.1354,0.2005,1.0,-0.7997,0.1955,13270.4,1656.4,321.8,668.4,0.00018,
3903,623744,160,0.9511,0.481,0.1714,0.3476,1.0,-0.8591,0.1739,11708.1,2078.1,330.4,582.9,7.9e-05,
3904,623903,159,0.2947,0.1659,0.4205,0.4136,0.3576,-0.8412,-0.0002,8982.4,1414.5,400.1,427.2,9.4e-05,-0.129531
3905,624058,155,0.4944,0.4123,0.5334,0.0542,1.0,-0.8185,0.087,11511.2,1585.6,365.2,636.6,7.4e-05,
3906,624226,168,0.8039,0.0208,0.1958,0.7834,0.848,-0.8426,0.4229,10851.0,1723.0,230.8,818.0,0.000106,
3907,624387,161,0.8074,0.4385,0.2583,0.3032,1.0,-0.7926,-0.2675,11669.2,1406.6,507.0,385.3,7.3e-05,-0.107664
3908,624547,160,0.1398,0.0531,0.6989,0.248,1.0,-0.7308,-0.0783,11440.2,1062.5,431.3,608.0,6.7e-05,-0.129088
3909,624715,168,0.6608,0.6127,0.2572,0.1301,0.6288,-0.8564,-0.0042,10015.6,1743.8,401.7,849.9,9.2e-05,-0.135065
3910,624871,156,0.4792,0.2153,0.3986,0.3861,0.9852,-0.7905,-0.1079,11373.8,1357.2,443.2,445.8,6.7e-05,-0.141153
3911,625031,160,1.0334,0.8361,0.1546,0.0093,0.7577,-0.7961,0.1321,10506.9,1288.3,347.2,813.8,0.000161,-0.102405
3912,625190,159,0.7875,0.1608,0.097,0.7421,0.4723,-0.8474,0.2942,9419.5,1543.3,282.3,864.3,0.000148,
3913,625347,157,0.6613,0.3602,0.2315,0.4083,0.7559,-0.8166,-0.1675,10499.9,1431.0,467.0,348.6,8.9e-05,-0.104575
3914,625506,159,0.3276,0.1437,0.7735,0.0829,1.0,-0.5852,-0.0847,11854.9,714.5,433.9,637.3,0.000104,
3915,625667,161,0.3868,0.0187,0.3455,0.6359,1.0,-0.7429,-0.0668,12633.9,1228.7,426.7,552.0,0.000211,-0.130666
3916,625832,165,0.9335,0.5491,0.2208,0.2302,1.0,-0.7801,-0.026,12452.3,1415.6,410.4,766.3,8.3e-05,
3917,625989,157,0.3207,0.0347,0.3169,0.6484,1.0,-0.7529,-0.0027,11816.3,1195.5,401.1,782.8,6.5e-05,-0.109015
3918,626148,159,0.8665,0.6311,0.3526,0.0163,0.934,-0.8063,0.021,11178.4,1442.8,391.6,523.2,0.000232,
3919,626314,166,1.2042,0.6425,0.0278,0.3298,0.9028,-0.8094,0.1141,11059.8,1450.8,354.4,725.3,0.000126,
3920,626474,160,0.4638,0.0298,0.9652,0.005,0.0226,0.06,-0.0247,7706.2,181.7,409.9,697.2,0.000173,
3921,626628,154,0.7902,0.4729,0.2596,0.2675,0.8058,-0.7617,-0.1275,10690.0,1121.5,451.0,480.4,0.000189,
3922,626785,157,0.9576,0.1142,0.1229,0.7629,1.0,-0.8104,0.4499,12280.7,1619.5,220.0,683.2,0.000126,-0.106996
3923,626942,157,0.9864,0.4803,0.084,0.4358,0.7703,-0.7817,0.0061,10554.7,1208.5,397.6,297.7,0.000248,
3924,627101,159,0.8168,0.0352,0.1569,0.808,0.3917,-0.8733,0.3698,9112.3,1798.4,252.1,530.7,9.4e-05,-0.091395
3925,627234,133,-0.5158,0.3266,0.5471,0.1263,-1.0,-1.0,0.1182,0.0,1738.2,352.7,449.9,0.00015,
3926,627387,153,1.2788,0.7785,0.1896,0.0319,1.0,-0.7901,-0.0943,11507.8,1370.5,437.7,323.6,0.000129,-0.099262
3927,627552,165,0.2821,0.1206,0.4402,0.4392,1.0,-0.7877,-0.2329,12107.7,1426.0,493.2,715.4,0.000151,
3928,627711,159,0.9814,0.6626,0.1718,0.1656,0.9043,-0.803,-0.0215,11065.6,1404.3,408.6,821.3,0.000304,-0.108918
3929,627872,161,0.3784,0.2413,0.6006,0.1581,1.0,-0.7633,-0.1281,12182.1,1286.5,451.2,444.0,0.000117,
3930,628031,159,0.84,0.3361,0.1691,0.4948,0.9718,-0.8114,0.1299,11322.5,1500.5,348.0,567.3,0.000186,-0.109495
3931,628184,153,0.0806,0.0184,0.6357,0.3459,0.3047,-0.8416,-0.0591,8780.8,1385.8,423.6,470.9,0.000213,
3932,628346,162,1.018,0.8371,0.1213,0.0416,0.7081,-0.8908,-0.0583,10317.9,2362.9,423.3,655.7,0.002916,
3933,628519,173,0.8185,0.7205,0.1467,0.1328,0.4807,-0.8854,-0.136,9451.6,2062.6,454.4,757.0,0.00049,-0.094504
3934,628677,158,0.2447,0.102,0.6262,0.2718,1.0,-0.7606,0.0336,12114.9,1265.2,386.6,576.0,8.4e-05,-0.108818
3935,628839,162,0.9831,0.5101,0.1178,0.372,0.9923,-0.7963,-0.1067,11400.6,1399.0,442.7,608.2,0.000144,-0.11853
3936,628993,154,0.2193,0.4106,0.5549,0.0344,0.3485,-0.8283,0.0284,8947.8,1302.5,388.6,500.8,9.2e-05,-0.115766
3937,629151,158,0.1792,0.0966,0.5869,0.3165,0.4145,-0.8342,0.0399,9199.3,1387.5,384.0,427.8,0.000107,-0.110594
3938,629309,158,0.395,0.0186,0.3327,0.6487,0.9512,-0.7972,0.1579,11243.9,1386.1,336.8,739.9,0.000132,-0.114487
3939,629470,161,0.5885,0.1381,0.249,0.6129,1.0,-0.7758,0.0728,11738.3,1308.7,370.9,715.5,0.000106,
3940,629631,161,1.0274,0.5833,0.2068,0.2099,1.0,-0.8009,-0.1168,11980.4,1504.4,446.7,563.2,0.000117,-0.112979
3941,629794,163,0.8626,0.5239,0.3035,0.1726,1.0,-0.7747,-0.1535,11646.5,1292.5,461.4,578.3,0.000143,
3942,629952,158,1.0849,0.7748,0.0735,0.1518,0.7592,-0.8484,-0.1465,10512.4,1733.8,458.6,536.1,0.000136,
3943,630107,155,0.6997,0.4368,0.3218,0.2414,0.4875,-0.7904,-0.0122,9477.5,1130.4,404.9,205.3,0.000116,-0.112519
3944,630260,153,0.5501,0.2875,0.4846,0.2279,1.0,-0.7652,0.0101,11659.8,1241.2,396.0,790.2,8.5e-05,
3945,630417,157,1.0319,0.3615,0.0278,0.6107,1.0,-0.7838,0.1596,12606.2,1457.4,336.2,471.9,0.000152,-0.118791
3946,630581,164,1.0414,0.7059,0.192,0.1021,0.8474,-0.8117,-0.0902,10848.6,1440.6,436.1,338.5,0.000161,-0.117214
3947,630740,159,1.0825,0.247,0.0047,0.7483,0.6494,-0.8944,0.3466,10094.1,2389.9,261.3,582.7,0.000113,
3948,630896,156,0.7922,0.3942,0.3197,0.2861,0.9584,-0.7788,0.0617,11271.4,1274.1,375.3,310.1,0.000131,
3949,631060,164,0.389,0.122,0.488,0.3899,0.938,-0.8196,-0.0091,11193.6,1550.8,403.6,292.9,0.000126,
3950,631220,160,0.1946,0.1133,0.6589,0.2278,0.7857,-0.7455,0.0085,10613.6,1042.4,396.6,857.8,8.8e-05,
3951,631382,162,0.2082,0.069,0.563,0.3681,0.6591,-0.83,0.0853,10131.3,1490.1,365.9,566.6,7.7e-05,
3952,631545,163,1.3731,0.8027,0.0117,0.1855,1.0,-0.8752,0.1152,11790.6,2362.6,353.9,450.4,9.6e-05,-0.131144
3953,631706,161,0.2605,0.1033,0.5674,0.3293,0.9784,-0.7607,0.0314,11347.6,1185.6,387.5,760.9,0.000109,
3954,631866,160,0.6081,0.237,0.316,0.447,0.9442,-0.7828,0.0011,11217.4,1290.9,399.5,549.2,9.1e-05,
3955,632025,159,0.8489,0.8264,0.1263,0.0473,0.441,-0.9,-0.1153,9300.2,2325.2,446.1,630.7,0.000232,-0.089887
3956,632188,163,0.8892,0.0384,0.1622,0.7994,-0.4173,-0.9348,0.2967,6029.9,2313.1,281.3,213.5,0.000379,
3957,632352,164,0.9245,0.4638,0.082,0.4542,0.9151,-0.8131,-0.0662,11106.4,1486.0,426.5,606.7,0.000114,
3958,632516,164,0.3488,0.1814,0.4206,0.398,0.8391,-0.8299,0.1397,10816.8,1590.0,344.1,911.2,8.6e-05,
3959,632675,159,0.5769,0.2704,0.3046,0.425,0.7137,-0.823,-0.1298,10339.2,1460.4,451.9,318.1,0.000156,-0.10677
3960,632835,160,0.3708,0.2555,0.6251,0.1194,1.0,-0.7533,-0.0119,12776.0,1294.7,404.7,463.6,0.000115,-0.112029
3961,632993,158,0.3459,0.0352,0.4357,0.5292,0.7724,-0.8289,0.1146,10562.7,1543.5,354.2,491.3,0.000104,-0.128863
3962,633154,161,0.5437,0.1906,0.2082,0.6012,0.5054,-0.8327,0.095,9545.7,1426.7,362.0,573.6,9.8e-05,
3963,633312,158,0.9283,0.5867,0.251,0.1623,1.0,-0.7369,-0.0514,12409.2,1179.0,420.5,1134.4,0.000152,
3964,633477,165,0.6964,0.1732,0.2188,0.608,1.0,-0.7778,0.2539,11551.7,1299.4,298.5,933.6,7.1e-05,-0.118273
3965,633641,164,0.1877,0.0955,0.5413,0.3631,0.651,-0.752,-0.0399,10100.4,1018.1,416.0,915.4,8.9e-05,-0.110618
3966,633805,164,0.9013,0.5101,0.0787,0.4112,0.6998,-0.8236,-0.0282,10286.2,1457.9,411.3,616.0,0.000129,-0.102311
3967,633968,163,0.7271,0.3108,0.0425,0.6467,0.6443,-0.8248,-0.0493,10074.8,1437.5,419.7,617.9,9.6e-05,
3968,634132,164,0.9553,0.689,0.1914,0.1196,0.7092,-0.8421,-0.0506,10321.9,1634.3,420.2,407.9,0.000129,
3969,634286,154,0.3517,0.3126,0.2879,0.3995,0.2259,-0.8596,-0.0921,8480.5,1510.0,436.9,593.0,0.000118,
3970,634448,162,0.3072,0.231,0.5368,0.2321,0.6799,-0.8279,0.0428,10210.3,1483.6,382.9,641.0,8e-05,
3971,634608,160,0.6752,0.0822,0.2478,0.67,0.9796,-0.793,0.273,11352.4,1370.8,290.8,486.4,0.000121,
3972,634772,164,0.3995,0.1873,0.4876,0.3251,1.0,-0.7767,-0.2257,12260.2,1372.4,490.3,796.6,0.000233,
3973,634932,160,0.5134,0.1879,0.2849,0.5271,0.6402,-0.8359,0.074,10059.3,1532.3,370.4,620.4,9.1e-05,
3974,635095,163,0.7079,0.2524,0.4357,0.3118,1.0,-0.7089,-0.0416,12692.6,1090.2,416.7,194.1,9.7e-05,-0.114346
3975,635258,163,0.399,0.2662,0.5753,0.1585,0.8664,-0.8079,-0.1209,10921.1,1421.6,448.4,316.2,0.000316,
3976,635419,161,0.9751,0.5648,0.0621,0.373,0.6498,-0.8249,0.0841,10095.9,1441.5,366.4,383.3,0.000132,-0.099922
3977,635582,163,0.2823,0.0266,0.4476,0.5258,0.5492,-0.8079,0.0116,9712.4,1263.8,395.4,518.6,0.000184,
3978,635742,160,0.8025,0.144,0.2437,0.6123,0.8886,-0.846,0.1985,11005.7,1786.9,320.6,593.5,7.5e-05,
3979,635903,161,0.2073,0.0665,0.6999,0.2336,0.6464,-0.7443,0.0518,10082.8,985.9,379.3,390.3,8.4e-05,-0.128568
3980,636062,159,0.8454,0.1256,0.1183,0.7561,0.4112,-0.8511,0.4027,9186.6,1542.8,238.9,1030.3,8.3e-05,
3981,636217,155,1.2667,0.6667,0.034,0.2993,1.0,-0.7849,-0.1946,12380.5,1438.8,477.8,226.9,0.000155,-0.10468
3982,636375,158,0.3976,0.2357,0.3513,0.413,0.8176,-0.8123,0.0068,10734.9,1429.8,397.3,649.3,9.2e-05,-0.124937
3983,636537,162,0.7021,0.2528,0.2528,0.4945,0.9875,-0.7815,-0.0137,11382.2,1302.1,405.5,342.8,0.00015,-0.116555
3984,636692,155,0.778,0.0433,0.1872,0.7695,0.2766,-0.8947,0.2899,8674.0,2059.0,284.0,288.0,0.00014,
3985,636848,156,0.3477,0.0065,0.4525,0.541,1.0,-0.7025,-0.0368,11531.8,969.1,414.7,484.2,0.000183,
3986,637012,164,0.1017,0.0208,0.6034,0.3758,0.7997,-0.7962,-0.1026,10667.0,1308.7,441.0,488.5,0.0001,
3987,637170,158,0.1517,0.0279,0.7393,0.2328,1.0,-0.687,0.0456,11837.2,945.5,381.8,657.1,0.000103,
3988,637332,162,0.2782,0.199,0.5027,0.2983,0.4763,-0.771,-0.111,9434.7,1030.0,444.4,579.5,0.000146,
3989,637485,153,0.5754,0.0133,0.2703,0.7164,0.3028,-0.797,0.1986,8773.8,1080.3,320.5,514.3,0.000159,-0.096161
3990,637647,162,1.2254,0.5658,0.0023,0.4319,1.0,-0.7963,0.0645,12574.5,1543.1,374.2,440.6,7.9e-05,-0.121001
3991,637807,160,0.797,0.5183,0.3352,0.1465,0.9135,-0.811,0.1036,11100.5,1468.5,358.6,867.5,9.3e-05,-0.139646
3992,637964,157,0.8939,0.1435,0.1101,0.7464,1.0,-0.8437,0.3515,11471.5,1834.8,259.4,613.8,0.000128,
3993,638126,162,0.4633,0.0808,0.8234,0.0958,1.0,-0.3843,0.0115,11671.5,473.9,395.4,543.0,0.000116,
3994,638279,153,1.536,0.8974,0.0111,0.0914,1.0,-0.7732,0.0595,11944.2,1316.5,376.2,521.9,0.000235,-0.137983
3995,638440,161,1.2228,0.7625,0.0,0.2374,0.8324,-0.8336,-0.0406,10791.5,1621.1,416.2,489.2,0.00038,
3996,638600,160,1.2133,0.6082,0.0106,0.3812,0.9923,-0.8312,0.0957,11400.5,1688.5,361.7,601.9,0.000129,
3997,638759,159,1.2792,0.8188,0.0353,0.1458,0.8606,-0.8714,0.0245,10898.9,2119.1,390.2,645.6,0.000633,-0.131931
3998,638918,159,0.8811,0.5886,0.2046,0.2068,0.8228,-0.803,0.1262,10754.7,1364.6,349.5,779.1,0.000129,
3999,639078,160,0.2372,0.0482,0.6944,0.2574,1.0,-0.6987,-0.0532,12047.9,999.7,421.3,336.4,9.7e-05,
4000,639241,163,0.8789,0.4315,0.0125,0.556,0.6967,-0.8496,-0.0775,10274.4,1707.9,431.0,534.2,0.000136,-0.114067
4001,639400,159,0.2254,0.1038,0.7399,0.1563,0.7337,-0.6508,0.1718,10415.4,745.7,331.3,531.0,0.000126,
4002,639562,162,1.0031,0.4089,0.0454,0.5457,0.9428,-0.8083,-0.0607,11212.1,1461.9,424.3,383.9,0.000113,
4003,639724,162,0.5718,0.1925,0.2868,0.5207,0.6165,-0.8381,0.097,9969.0,1539.2,361.2,475.1,0.000129,
4004,639892,168,0.1445,0.0151,0.7679,0.2169,0.5154,-0.6755,0.0883,9583.8,738.4,364.7,358.6,0.000137,
4005,640053,161,1.3814,0.8793,0.0151,0.1056,0.9367,-0.8236,0.0446,11188.8,1586.1,382.2,601.1,0.000108,-0.12484
4006,640214,161,0.3006,0.0813,0.4747,0.4439,1.0,-0.7787,0.0705,11662.3,1317.4,371.8,1149.8,8.7e-05,
4007,640375,161,0.2928,0.1429,0.6199,0.2373,1.0,-0.7495,0.1661,11706.7,1168.6,333.6,501.2,0.000136,-0.121276
4008,640543,168,1.1557,0.633,0.0756,0.2914,1.0,-0.8382,-0.0568,11883.3,1835.9,422.7,633.1,0.00011,-0.137109
4009,640704,161,0.9982,0.5033,0.0425,0.4542,0.8196,-0.8179,-0.0371,10742.6,1474.6,414.8,583.8,0.000133,
4010,640869,165,0.1448,0.0027,0.6761,0.3211,0.8406,-0.6985,0.047,10822.6,897.3,381.2,691.7,0.000108,-0.117029
4011,641024,155,0.8361,0.3798,0.1142,0.506,0.8571,-0.776,0.0672,10885.5,1214.7,373.1,741.7,0.000155,
4012,641187,163,0.9261,0.4014,0.0466,0.552,0.9362,-0.8521,-0.0813,11187.0,1891.4,432.5,551.5,0.000429,-0.119141
4013,641346,159,0.6182,0.297,0.2605,0.4426,0.7113,-0.8127,-0.0372,10330.1,1379.0,414.9,437.9,0.000159,
4014,641507,161,0.5217,0.1711,0.2422,0.5867,0.4967,-0.8671,0.0659,9512.4,1788.7,373.6,625.6,0.000161,-0.12297
4015,641667,160,1.3292,0.797,0.0016,0.2014,0.9069,-0.8126,-0.012,11075.2,1477.8,404.8,625.8,8.7e-05,-0.126622
4016,641826,159,0.7581,0.3102,0.2295,0.4603,1.0,-0.8048,-0.0089,11847.5,1517.5,403.6,670.6,0.000192,
4017,641988,162,0.5743,0.3803,0.5362,0.0835,1.0,-0.7771,-0.073,11584.2,1299.3,429.2,479.1,8.5e-05,
4018,642150,162,1.1405,0.8187,0.1166,0.0647,0.8242,-0.7939,-0.0048,10760.2,1305.3,401.9,570.5,0.000133,
4019,642308,158,1.2874,0.7783,0.0228,0.1989,0.9843,-0.8586,-0.0306,11370.1,2009.7,412.3,700.2,5e-05,
4020,642462,154,0.8274,0.4252,0.1808,0.3941,0.5984,-0.8044,0.0458,9899.9,1265.6,381.7,283.6,0.000198,
4021,642625,163,0.7781,0.5729,0.4259,0.0012,0.9994,-0.8113,0.0105,11427.8,1514.3,395.8,789.3,0.00026,-0.134125
4022,642782,157,0.2258,0.1527,0.6463,0.201,1.0,-0.7727,0.1352,11848.7,1303.1,345.9,742.3,0.000157,
4023,642950,168,0.2088,0.1853,0.6102,0.2045,0.5957,-0.806,-0.0442,9889.5,1274.7,417.7,560.4,0.000122,
4024,643113,163,0.9959,0.1413,0.0503,0.8084,0.1748,-0.8667,0.3863,8286.1,1554.4,245.5,586.9,0.000112,-0.137518
4025,643268,155,0.5091,0.1676,0.8105,0.0219,0.8811,-0.3212,0.1203,10976.9,404.3,351.9,804.4,0.000205,
4026,643425,157,0.5693,0.2506,0.3551,0.3943,0.8275,-0.7991,-0.0079,10772.8,1340.3,403.2,714.9,0.000142,-0.140144
4027,643590,165,0.2099,0.1299,0.5198,0.3503,0.5333,-0.8039,-0.063,9651.8,1230.7,425.2,578.1,7.7e-05,
4028,643748,158,0.6866,0.2545,0.2824,0.463,0.9551,-0.7941,0.0659,11258.8,1367.1,373.6,706.6,0.00015,
4029,643910,162,0.9393,0.4967,0.24,0.2633,1.0,-0.7784,-0.2789,12085.8,1363.6,511.6,460.0,0.000158,
4030,644070,160,0.7897,0.383,0.156,0.461,1.0,-0.8004,-0.0109,11792.7,1477.4,404.4,680.1,8.9e-05,
4031,644230,160,0.9297,0.2673,0.11,0.6227,1.0,-0.8492,0.0846,11508.4,1907.7,366.2,612.0,0.000232,
4032,644386,156,1.2966,0.7786,0.148,0.0734,1.0,-0.7862,-0.212,11468.9,1341.4,484.8,494.1,0.000125,
4033,644546,160,0.2889,0.1185,0.6377,0.2438,0.8845,-0.7626,0.2096,10990.1,1157.3,316.1,616.2,0.000157,
4034,644708,162,0.8803,0.6728,0.0318,0.2954,0.4947,-0.8931,-0.0013,9504.8,2222.8,400.5,781.5,7.4e-05,
4035,644864,156,0.3505,0.0431,0.4135,0.5434,0.7546,-0.8217,-0.003,10495.1,1471.6,401.2,325.5,8.3e-05,
4036,645020,156,0.5892,0.2984,0.2959,0.4057,0.8405,-0.7616,0.0901,10822.5,1135.1,364.0,784.3,9.8e-05,
4037,645179,159,0.5484,0.1271,0.4004,0.4726,0.9444,-0.7801,0.1137,11218.2,1275.4,354.5,398.3,0.000327,-0.12252
4038,645342,163,0.3886,0.1622,0.7207,0.1171,1.0,-0.5818,0.1416,12067.5,721.3,343.4,408.7,9.7e-05,
4039,645506,164,0.4345,0.0132,0.3059,0.6809,1.0,-0.824,-0.0547,11533.1,1638.7,421.9,511.1,9.8e-05,
4040,645667,161,0.7074,0.0232,0.199,0.7777,-0.0609,-0.9007,0.2913,7387.9,1859.4,283.5,527.4,0.000222,-0.100141
4041,645828,161,0.2747,0.0081,0.694,0.298,1.0,-0.714,0.0108,11431.2,999.2,395.7,278.5,9.3e-05,
4042,645984,156,0.9997,0.0473,0.0119,0.9408,-0.2161,-0.8804,0.3349,6796.6,1421.0,266.0,398.5,8.8e-05,
4043,646146,162,0.3968,0.1008,0.34,0.5592,0.6012,-0.8374,0.0542,9910.6,1524.1,378.3,379.1,0.000133,
4044,646303,157,0.7282,0.3752,0.1843,0.4405,0.7228,-0.7791,0.103,10373.7,1173.9,358.8,428.3,0.000164,-0.118424
4045,646465,162,0.7176,0.0862,0.1571,0.7567,-0.2225,-0.9185,0.2585,6772.4,2077.0,296.6,388.4,9.2e-05,-0.089684
4046,646627,162,0.4141,0.0457,0.8371,0.1172,0.8046,-0.2806,-0.0568,10685.6,371.3,422.7,436.7,0.000392,-0.13727
4047,646788,161,0.8756,0.2978,0.0383,0.664,0.7536,-0.8019,0.0653,10491.1,1323.8,373.9,674.3,8.4e-05,
4048,646950,162,0.8132,0.0532,0.1395,0.8073,0.1449,-0.8833,0.3282,8172.0,1751.0,268.7,596.2,0.000207,
4049,647112,162,0.1863,0.0003,0.5771,0.4226,0.7503,-0.7832,0.0736,10478.6,1208.5,370.5,652.3,0.000107,
4050,647270,158,0.6716,0.3904,0.4176,0.1919,0.9803,-0.8135,0.0441,11355.0,1522.1,382.4,347.2,0.000233,
4051,647426,156,0.3201,0.0353,0.7628,0.202,0.8251,-0.5521,0.0756,10763.6,600.8,369.8,305.1,0.000152,
4052,647592,166,0.4189,0.2035,0.778,0.0186,1.0,-0.583,-0.0857,11605.6,695.7,434.3,325.3,8.3e-05,
4053,647753,161,1.1354,0.6974,0.1883,0.1143,1.0,-0.7629,-0.037,12170.3,1283.0,414.8,540.0,0.000139,-0.125255
4054,647914,161,0.4325,0.1617,0.5629,0.2754,1.0,-0.7225,-0.0462,11654.2,1050.1,418.5,647.3,0.000155,
4055,648075,161,0.3907,0.206,0.7871,0.0069,1.0,-0.5014,-0.0761,11972.9,600.4,430.5,727.5,0.000118,-0.13333
4056,648239,164,0.4725,0.1818,0.4977,0.3204,1.0,-0.7606,0.1872,12325.8,1287.1,325.1,513.6,0.000128,-0.077577
4057,648397,158,0.8857,0.3351,0.0676,0.5973,0.7983,-0.7917,0.1237,10661.4,1279.3,350.5,558.3,0.00017,-0.117735
4058,648554,157,0.8663,0.3746,0.0227,0.6028,0.4377,-0.8831,-0.1036,9287.7,1987.0,441.4,298.0,0.000108,
4059,648712,158,0.6648,0.4268,0.3902,0.183,0.8103,-0.7839,0.0037,10707.3,1238.7,398.5,640.1,8.6e-05,
4060,648875,163,0.6323,0.351,0.3491,0.2999,1.0,-0.735,-0.0983,11838.6,1116.9,439.3,523.9,7.8e-05,-0.105778
4061,649031,156,0.8761,0.3857,0.0817,0.5326,0.7883,-0.8211,-0.0256,10623.5,1484.4,410.2,439.8,0.000147,-0.116385
4062,649188,157,0.8906,0.5375,0.2622,0.2003,0.9541,-0.7779,-0.0177,11255.1,1267.1,407.1,632.8,8.8e-05,
4063,649345,157,0.9352,0.0606,0.1011,0.8383,0.833,-0.804,0.4526,10793.9,1377.0,219.0,919.2,0.00017,-0.125668
4064,649507,162,0.6627,0.3567,0.2223,0.421,0.6758,-0.797,-0.0702,10194.9,1255.4,428.1,525.2,0.000172,-0.129732
4065,649669,162,0.6779,0.3322,0.1269,0.5409,0.478,-0.8374,0.0473,9441.4,1451.4,381.1,606.8,0.000142,-0.116992
4066,649827,158,0.9206,0.5927,0.3386,0.0687,1.0,-0.8146,0.0575,11719.0,1580.0,377.0,649.2,0.000165,-0.077768
4067,649985,158,0.9921,0.2313,0.012,0.7567,0.3814,-0.9054,0.3372,9073.0,2398.5,265.1,493.8,0.000171,-0.105692
4068,650145,160,1.6306,0.9145,0.0677,0.0178,1.0,-0.7557,-0.0063,11599.2,1187.1,402.5,240.7,0.000153,-0.12059
4069,650305,160,1.1214,0.6812,0.0433,0.2755,0.8434,-0.831,-0.1848,10833.2,1602.1,473.9,410.0,0.000195,-0.109723
4070,650460,155,0.1931,0.3379,0.5639,0.0982,0.1285,-0.7658,-0.0456,8109.7,865.8,418.2,582.3,0.000163,
4071,650623,163,0.59,0.0515,0.9189,0.0297,0.442,0.1307,0.1645,9304.0,205.7,334.2,520.3,0.000151,-0.098852
4072,650780,157,0.865,0.5013,0.2864,0.2123,1.0,-0.7716,-0.1648,11869.3,1299.1,465.9,536.7,0.000133,
4073,650940,160,0.3222,0.221,0.7168,0.0622,1.0,-0.66,0.0452,12441.9,914.8,381.9,683.2,0.000261,
4074,651099,159,0.2724,0.1209,0.6633,0.2158,0.9853,-0.7414,-0.1206,11374.2,1099.5,448.2,444.9,0.000103,-0.128471
4075,651261,162,0.5369,0.1735,0.3653,0.4612,1.0,-0.7679,0.052,11780.0,1268.8,379.2,598.5,0.000219,-0.133189
4076,651419,158,0.6324,0.5128,0.4441,0.0431,0.7754,-0.7901,-0.0616,10574.2,1259.1,424.7,484.0,0.000126,-0.148426
4077,651591,172,0.6064,0.1216,0.2331,0.6453,0.6209,-0.8857,0.1874,9985.5,2183.3,325.1,768.1,0.000127,-0.092215
4078,651746,155,0.3848,0.1276,0.4246,0.4478,0.7413,-0.777,0.0218,10444.5,1171.0,391.3,355.7,0.000214,
4079,651906,160,0.7188,0.1841,0.1481,0.6678,0.7066,-0.7979,0.0497,10312.2,1275.7,380.1,349.9,0.000133,
4080,652066,160,0.9392,0.1848,0.1178,0.6975,0.7151,-0.8295,0.3219,10344.5,1516.7,271.2,424.8,0.000482,
4081,652223,157,0.4016,0.1138,0.8833,0.0029,0.4683,0.0136,0.0059,9404.2,231.9,397.6,631.3,0.000107,-0.148701
4082,652385,162,0.9919,0.1165,0.0443,0.8392,0.2681,-0.8053,0.4221,8641.4,1109.3,231.2,629.7,0.00016,-0.125333
4083,652544,159,0.5506,0.1638,0.7976,0.0386,1.0,-0.3712,-0.1417,11752.4,467.3,456.7,528.9,0.000197,
4084,652707,163,1.1083,0.4568,0.008,0.5352,1.0,-0.8139,-0.0151,11949.9,1605.1,406.0,477.1,0.000357,-0.122686
4085,652866,159,0.4235,0.1511,0.8162,0.0327,1.0,-0.3869,0.2593,11653.8,475.2,296.3,544.8,0.000138,
4086,653022,156,1.1448,0.6329,0.0064,0.3606,0.9278,-0.8363,0.0017,11154.9,1703.6,399.3,664.6,7.5e-05,
4087,653174,152,0.9105,0.4181,0.1906,0.3913,0.9105,-0.7437,0.174,11089.0,1081.6,330.4,392.7,0.000468,
4088,653334,160,0.3976,0.2832,0.7098,0.0071,1.0,-0.6655,0.0221,11508.4,860.1,391.2,474.9,0.00012,
4089,653494,160,0.8103,0.3571,0.2104,0.4325,1.0,-0.7694,-0.1158,11464.1,1242.7,446.3,445.9,0.000104,
4090,653652,158,0.8413,0.5076,0.4303,0.0621,1.0,-0.7061,0.0474,12307.1,1046.9,381.0,419.1,0.000115,
4091,653805,153,0.862,0.6314,0.0537,0.3149,0.4692,-0.8605,0.0416,9407.8,1686.4,383.4,671.2,0.000102,-0.1169
4092,653966,161,1.0125,0.4203,0.0035,0.5762,1.0,-0.82,0.0135,11519.2,1599.5,394.6,810.0,0.000106,
4093,654127,161,1.2761,0.7652,0.1458,0.0891,1.0,-0.7595,0.04,11854.2,1232.2,384.0,859.9,0.000151,-0.126822
4094,654289,162,0.8505,0.2812,0.1313,0.5875,0.9538,-0.8224,-0.0268,11253.9,1584.6,410.7,494.6,0.000189,-0.116157
4095,654448,159,0.9267,0.5629,0.2131,0.2239,0.8457,-0.7695,-0.1512,10842.3,1175.9,460.5,466.0,0.000253,
4096,654610,162,0.7774,0.4528,0.4509,0.0963,0.9073,-0.7991,-0.0265,11076.8,1378.4,410.6,421.1,0.000164,
4097,654769,159,0.8783,0.5532,0.4153,0.0315,0.8753,-0.7966,-0.1171,10954.7,1346.6,446.9,266.0,9.2e-05,-0.115397
4098,654933,164,0.2569,0.1012,0.8937,0.0051,0.0141,-0.077,0.1843,7673.6,207.8,326.3,665.1,9.3e-05,-0.140262
4099,655095,162,0.9755,0.0632,0.1641,0.7727,0.9261,-0.806,0.3628,11148.5,1436.5,254.9,496.0,0.000332,-0.121706
4100,655255,160,0.9872,0.6387,0.2149,0.1464,0.884,-0.7374,-0.0617,10988.1,1046.0,424.7,479.9,0.000201,-0.097878
4101,655412,157,0.4421,0.0899,0.3386,0.5715,0.9489,-0.7928,0.0771,11235.3,1355.8,369.2,437.0,0.000132,
4102,655566,154,0.9027,0.5714,0.1489,0.2797,0.7966,-0.7917,-0.0388,10654.9,1278.5,415.5,581.0,0.00018,
4103,655722,156,0.715,0.4204,0.2765,0.3031,0.7357,-0.7998,0.0057,10423.0,1301.3,397.7,949.9,8.2e-05,
4104,655884,162,0.9285,0.6703,0.2307,0.0989,0.7376,-0.7639,0.0626,10430.2,1104.3,375.0,540.6,6.7e-05,
4105,656044,160,0.2793,0.1304,0.6106,0.259,1.0,-0.7738,0.102,11590.8,1281.1,359.2,644.6,0.00017,
4106,656209,165,0.6596,0.4671,0.3532,0.1797,0.6175,-0.8025,-0.0257,9972.8,1262.2,410.3,476.7,0.000101,-0.117195
4107,656365,156,0.5421,0.2117,0.2513,0.537,0.7245,-0.7708,-0.0267,10380.4,1132.5,410.7,566.5,0.000132,-0.120654
4108,656527,162,0.7805,0.2766,0.1625,0.5609,0.8394,-0.816,0.1122,10818.1,1470.2,355.1,693.9,8.7e-05,-0.115951
4109,656686,159,0.3744,0.2132,0.3419,0.4449,0.4591,-0.8322,-0.1429,9369.3,1395.5,457.2,591.3,0.000548,
4110,656845,159,0.6293,0.2577,0.3173,0.4249,0.9849,-0.7758,0.1258,11372.5,1267.9,349.7,521.6,0.000166,-0.145166
4111,657001,156,0.3713,0.0393,0.4454,0.5153,0.5332,-0.7792,-0.0606,9651.6,1092.6,424.2,453.9,8.2e-05,-0.126118
4112,657160,159,1.1311,0.8081,0.1633,0.0286,0.8779,-0.7843,-0.1202,10964.7,1270.9,448.1,706.7,0.000111,
4113,657324,164,0.4943,0.3183,0.2871,0.3946,0.3839,-0.801,0.07,9082.5,1140.8,372.0,666.4,0.000106,
4114,657481,157,0.9139,0.6037,0.137,0.2593,0.5022,-0.8264,-0.1442,9533.2,1373.0,457.7,244.0,0.000118,-0.11538
4115,657636,155,0.2949,0.0482,0.5235,0.4282,0.9376,-0.7703,0.1075,11192.2,1218.1,357.0,793.3,0.000252,
4116,657796,160,1.4247,0.7929,0.0475,0.1596,0.9556,-0.8135,0.0726,11261.0,1509.7,371.0,495.7,0.00011,
4117,657951,155,1.0308,0.6915,0.009,0.2995,0.6612,-0.8055,0.143,10139.3,1303.0,342.8,803.4,8.9e-05,-0.139605
4118,658115,164,0.1548,0.159,0.7457,0.0953,0.888,-0.6846,0.1308,11003.3,872.2,347.7,856.1,0.000628,-0.123406
4119,658277,162,0.6538,0.2296,0.0961,0.6742,-0.1179,-0.9497,0.1774,7170.7,3566.5,329.0,443.4,8.2e-05,-0.110317
4120,658439,162,0.9972,0.8954,0.1028,0.0018,0.5789,-0.8123,0.0316,9825.8,1308.7,387.3,640.3,8.4e-05,-0.136782
4121,658597,158,1.1762,0.5108,0.0804,0.4088,0.9917,-0.8007,0.1849,11398.5,1429.9,326.1,413.1,0.000239,-0.100907
4122,658764,167,1.0009,0.6306,0.1594,0.21,0.8539,-0.7876,0.0309,10873.4,1279.6,387.6,490.7,0.000132,
4123,658930,166,0.6095,0.3033,0.2899,0.4068,0.8604,-0.8235,-0.0558,10898.1,1543.5,422.3,498.0,0.000106,
4124,659096,166,0.7062,0.3954,0.4508,0.1539,1.0,-0.7764,-0.1384,11588.2,1295.8,455.3,318.8,6.8e-05,
4125,659253,157,0.2301,0.1958,0.6396,0.1646,0.5156,-0.7756,0.0548,9584.5,1067.8,378.1,489.5,0.000128,-0.135342
4126,659412,159,0.6533,0.64,0.3205,0.0395,0.4748,-0.7903,-0.0102,9428.9,1124.2,404.1,311.5,0.000127,
4127,659576,164,0.4563,0.0988,0.2879,0.6132,0.256,-0.8053,0.1243,8595.5,1103.4,350.3,617.9,0.000134,
4128,659740,164,1.0751,0.6614,0.0594,0.2791,0.7868,-0.8164,0.0996,10617.9,1445.4,360.2,658.6,0.000163,
4129,659896,156,0.2973,0.1876,0.7171,0.0953,1.0,-0.6395,0.0617,12045.3,835.3,375.3,561.7,8.8e-05,
4130,660054,158,1.4255,0.8198,0.0736,0.1066,1.0,-0.7394,-0.1383,12541.8,1203.0,455.3,372.2,0.000135,
4131,660219,165,0.5147,0.013,0.3607,0.6263,0.9702,-0.7587,0.1737,11316.6,1172.3,330.5,477.5,0.000405,-0.141694
4132,660385,166,0.9629,0.417,0.1745,0.4085,1.0,-0.7663,0.0495,11852.8,1268.0,380.2,487.1,0.000119,-0.137691
4133,660545,160,0.6002,0.4338,0.5092,0.057,0.7205,-0.8126,0.026,10365.2,1382.8,389.6,347.3,0.000208,-0.149222
4134,660709,164,1.4032,0.8627,0.0546,0.0828,1.0,-0.8259,0.1181,11676.4,1677.1,352.8,878.9,0.000105,-0.129464
4135,660868,159,0.4449,0.1737,0.3343,0.492,0.4893,-0.7835,-0.0099,9484.3,1095.3,403.9,312.4,9.2e-05,
4136,661025,157,0.6668,0.3179,0.2815,0.4006,1.0,-0.7718,-0.0571,12190.5,1335.7,422.9,696.7,0.000122,-0.103098
4137,661187,162,1.0388,0.6434,0.3102,0.0464,1.0,-0.7349,-0.1388,12129.4,1143.9,455.5,581.8,9.4e-05,-0.116205
4138,661344,157,1.2247,0.8422,0.1438,0.0141,0.8325,-0.8017,-0.0311,10792.0,1360.9,412.5,465.5,6.7e-05,
4139,661506,162,0.491,0.2468,0.3574,0.3958,0.8979,-0.7786,0.0357,11041.1,1246.8,385.7,740.4,0.000214,
4140,661671,165,0.8533,0.3897,0.2136,0.3967,0.8283,-0.7959,0.1657,10775.8,1319.7,333.7,566.2,9.1e-05,-0.134457
4141,661831,160,0.623,0.235,0.1442,0.6208,0.674,-0.87,-0.07,10187.8,1959.1,428.0,601.3,0.000116,-0.139715
4142,661987,156,0.4891,0.0619,0.3715,0.5666,0.9741,-0.7457,0.1304,11331.2,1113.9,347.9,451.5,9e-05,-0.094382
4143,662150,163,0.2108,0.0708,0.8977,0.0315,-0.1536,-0.1709,0.2046,7034.8,212.1,318.2,715.1,0.000191,
4144,662312,162,1.0453,0.1722,0.0822,0.7456,1.0,-0.7612,0.4293,12023.6,1258.6,228.3,905.4,0.000135,
4145,662472,160,1.2796,0.6243,0.0613,0.3144,1.0,-0.7352,0.0721,12170.5,1149.0,371.2,395.3,0.000326,
4146,662635,163,0.4364,0.0288,0.415,0.5562,0.9053,-0.7732,0.1894,11069.0,1219.9,324.2,803.8,0.000148,-0.120087
4147,662795,160,0.7012,0.1031,0.8605,0.0364,0.7865,-0.0687,0.0687,10616.4,285.0,372.5,376.6,0.000463,-0.151398
4148,662956,161,0.7709,0.2732,0.1925,0.5343,1.0,-0.7506,-0.1223,11695.8,1172.5,448.9,248.4,9.5e-05,
4149,663116,160,0.7195,0.4426,0.1159,0.4415,0.3181,-0.8429,0.0344,8832.0,1405.1,386.2,417.7,8.7e-05,
4150,663269,153,0.5974,0.444,0.4099,0.1461,0.6173,-0.7624,0.0683,9971.9,1049.4,372.7,415.0,8.6e-05,-0.124178
4151,663430,161,0.9513,0.5434,0.3284,0.1282,1.0,-0.745,-0.0014,12142.9,1190.6,400.6,629.5,0.000385,
4152,663591,161,0.7856,0.2238,0.1412,0.6349,0.5477,-0.8123,0.1213,9706.8,1293.2,351.5,410.9,0.000116,-0.092038
4153,663760,169,1.0559,0.1232,0.0146,0.8622,0.6722,-0.8197,0.4044,10181.2,1411.8,238.2,615.2,0.000112,
4154,663915,155,1.1955,0.7112,0.2161,0.0727,1.0,-0.7745,-0.0079,11705.5,1297.8,403.2,418.1,0.000105,-0.102797
4155,664070,155,0.36,0.0009,0.4304,0.5687,0.8609,-0.8186,0.0988,10899.9,1501.9,360.5,364.6,0.000441,
4156,664228,158,0.3319,0.2472,0.6617,0.091,0.7503,-0.7167,0.0585,10478.7,924.8,376.6,475.7,0.000179,
4157,664388,160,0.6814,0.1061,0.2449,0.649,1.0,-0.7785,0.1771,11844.9,1336.9,329.2,416.4,0.000135,
4158,664543,155,0.8645,0.5532,0.3485,0.0983,1.0,-0.7235,0.0958,11577.1,1046.7,361.7,541.1,0.000135,-0.117935
4159,664694,151,0.3531,0.0363,0.3601,0.6036,0.6527,-0.7647,0.0357,10106.7,1074.0,385.7,652.1,0.000106,
4160,664856,162,0.6341,0.1916,0.1827,0.6257,0.8202,-0.7942,-0.0179,10745.0,1305.4,407.2,544.3,7.5e-05,
4161,665022,166,0.3304,0.227,0.6367,0.1362,0.6643,-0.7524,0.0267,10150.9,1024.8,389.3,537.2,9.6e-05,
4162,665176,154,0.0693,0.0107,0.7068,0.2826,0.7928,-0.7107,-0.0112,10640.6,919.5,404.5,839.0,8.6e-05,
4163,665333,157,0.9876,0.1046,0.0511,0.8443,0.2187,-0.9247,0.392,8453.2,2808.2,243.2,565.4,0.000199,-0.147248
4164,665489,156,0.25,0.0732,0.6515,0.2753,0.9622,-0.7485,-0.1436,11286.0,1121.8,457.4,595.3,6.6e-05,-0.149641
4165,665659,170,0.2018,0.0853,0.747,0.1677,0.9034,-0.6378,0.0841,11061.9,763.5,366.4,642.2,8.1e-05,-0.12549
4166,665822,163,0.714,0.4752,0.4423,0.0825,1.0,-0.7589,0.0205,11621.7,1205.0,391.8,740.3,0.000101,
4167,665982,160,1.0316,0.2472,0.0094,0.7435,0.4704,-0.8537,0.231,9412.2,1608.1,307.6,427.5,0.000182,
4168,666139,157,0.9634,0.5099,0.2334,0.2567,0.8889,-0.7877,0.2083,11006.8,1296.4,316.7,462.2,0.000137,-0.121568
4169,666298,159,0.3573,0.2741,0.6966,0.0293,1.0,-0.7046,0.1024,11797.1,998.5,359.1,802.8,7e-05,
4170,666466,168,0.9585,0.4213,0.032,0.5467,1.0,-0.7726,-0.1061,11850.7,1302.6,442.4,633.1,9.5e-05,
4171,666629,163,0.4757,0.0377,0.9025,0.0598,0.1973,0.093,-0.0511,8371.6,191.5,420.4,724.0,0.000142,-0.13869
4172,666788,159,0.9204,0.4287,0.156,0.4152,1.0,-0.7392,-0.0213,11531.4,1105.3,408.5,663.3,0.000103,
4173,666947,159,1.1482,0.3906,0.0045,0.6049,0.9681,-0.7856,0.0084,11308.5,1318.8,396.6,444.6,9.6e-05,-0.111446
4174,667111,164,0.526,0.3766,0.5612,0.0623,0.982,-0.7601,0.1679,11361.4,1183.8,332.8,741.8,0.0001,-0.134829
4175,667275,164,0.4565,0.2275,0.4522,0.3203,0.7639,-0.7755,0.1261,10530.6,1172.5,349.6,741.4,0.000161,-0.117471
4176,667432,157,0.9128,0.5164,0.2772,0.2063,1.0,-0.723,-0.1358,11641.3,1050.5,454.3,421.4,0.000287,
4177,667588,156,1.4163,0.8267,0.1098,0.0635,1.0,-0.8064,0.1658,12272.7,1584.6,333.7,334.3,7.6e-05,
4178,667749,161,1.0234,0.5802,0.1848,0.235,1.0,-0.811,-0.1697,11473.2,1517.8,467.9,687.8,8.9e-05,-0.151722
4179,667913,164,0.2856,0.1426,0.769,0.0884,0.6309,-0.6511,-0.0652,10023.6,718.2,426.1,300.7,6e-05,-0.163239
4180,668066,153,1.0281,0.4182,0.124,0.4578,1.0,-0.7526,0.0534,11591.0,1171.4,378.6,300.9,0.000112,
4181,668232,166,1.0445,0.5136,0.1547,0.3317,1.0,-0.8067,-0.045,12040.6,1556.9,418.0,556.0,9e-05,
4182,668390,158,0.7553,0.1178,0.8655,0.0167,0.8423,-0.0575,0.0918,10829.3,287.2,363.3,215.9,0.000106,
4183,668551,161,0.7995,0.4166,0.382,0.2013,1.0,-0.7564,-0.0672,11768.3,1207.9,426.9,408.8,0.000114,-0.128134
4184,668711,160,0.6942,0.4117,0.3601,0.2282,0.754,-0.7318,0.1139,10492.8,978.1,354.4,642.5,0.000147,-0.096896
4185,668866,155,0.4861,0.233,0.4409,0.3261,0.697,-0.7654,0.1282,10275.4,1095.0,348.7,510.8,7e-05,
4186,669030,164,0.6917,0.2512,0.3216,0.4272,0.892,-0.8042,0.0587,11018.5,1407.0,376.5,419.9,0.000114,
4187,669191,161,1.0032,0.6473,0.0079,0.3448,0.6881,-0.7967,-0.1155,10241.7,1259.2,446.2,532.9,9.6e-05,-0.116694
4188,669352,161,0.3005,0.343,0.5109,0.146,0.4674,-0.8365,0.1295,9400.7,1437.1,348.2,944.9,0.000103,
4189,669511,159,0.0671,0.0121,0.7589,0.229,0.6231,-0.6679,0.0879,9994.0,752.3,364.8,812.2,7.6e-05,-0.147709
4190,669667,156,0.9462,0.3701,0.0918,0.5381,1.0,-0.7336,0.1321,12418.1,1165.3,347.1,654.3,0.000102,-0.136364
4191,669721,54,0.7066,0.0751,0.126,0.7989,-1.0,-1.0,0.8839,0.0,412.0,46.4,34.8,0.000127,-0.137989
4192,669885,164,0.7001,0.4822,0.4002,0.1176,0.7132,-0.7879,0.1215,10337.1,1218.5,351.4,494.1,0.000118,-0.139012
4193,670039,154,0.5538,0.3643,0.5098,0.1259,0.9427,-0.7026,0.0443,11211.9,942.4,382.3,659.5,0.000124,-0.13136
4194,670194,155,0.1719,0.0568,0.7129,0.2303,0.7138,-0.7056,0.1401,10339.7,878.0,344.0,646.6,0.000211,
4195,670356,162,1.3205,0.7353,0.1336,0.1311,1.0,-0.8029,0.1047,11845.5,1502.3,358.1,534.9,8.8e-05,
4196,670513,157,0.3471,0.069,0.4521,0.4789,0.9848,-0.8076,0.0815,11372.3,1477.8,367.4,706.4,8.2e-05,-0.132153
4197,670671,158,1.0776,0.5868,0.2307,0.1825,1.0,-0.7653,-0.1928,12582.4,1340.0,477.1,367.5,9.2e-05,-0.146239
4198,670834,163,0.9496,0.3304,0.0191,0.6505,0.7167,-0.8614,0.1659,10350.7,1866.6,333.7,1271.0,6.9e-05,
4199,670995,161,0.7596,0.3546,0.243,0.4024,0.8438,-0.7748,0.1371,10835.0,1203.1,345.2,562.2,0.000122,-0.146368
4200,671160,165,0.6284,0.4713,0.5146,0.0141,1.0,-0.7792,0.0763,11903.7,1348.0,369.5,986.3,7.1e-05,
4201,671325,165,0.7862,0.3087,0.291,0.4003,0.8078,-0.7819,0.1207,10697.8,1226.1,351.7,530.0,0.000113,-0.11597
4202,671487,162,0.2317,0.1717,0.6708,0.1575,0.7923,-0.7457,-0.0407,10638.8,1046.0,416.3,618.2,8.3e-05,-0.131627
4203,671650,163,0.4295,0.0291,0.343,0.6279,0.6344,-0.7714,0.0302,10037.1,1097.8,387.9,452.4,8.1e-05,
4204,671806,156,1.0061,0.025,0.0629,0.9121,1.0,-0.7867,0.4885,11807.1,1383.8,204.6,635.3,0.000146,
4205,671965,159,0.9198,0.4607,0.3362,0.2031,1.0,-0.6916,0.0202,12145.5,984.6,391.9,381.3,0.000118,-0.11544
4206,672125,160,0.2718,0.2666,0.6961,0.0373,0.7231,-0.732,0.193,10375.1,967.7,322.8,848.4,0.000104,-0.138137
4207,672284,159,0.5463,0.3431,0.6462,0.0107,1.0,-0.6319,0.0851,12826.5,871.1,366.0,775.6,0.000239,
4208,672441,157,0.8174,0.3689,0.2997,0.3314,0.9271,-0.7641,0.2232,11152.4,1182.1,310.7,374.9,0.000132,-0.132196
4209,672603,162,0.9657,0.0418,0.192,0.7662,0.8604,-0.7618,0.4769,10898.3,1143.8,209.2,510.1,7.8e-05,-0.139331
4210,672760,157,0.9449,0.4773,0.1476,0.375,0.9975,-0.7329,0.0264,11420.5,1068.8,389.4,610.5,0.000171,
4211,672919,159,0.2125,0.0549,0.6833,0.2618,0.9213,-0.6854,0.0371,11130.3,884.5,385.2,417.1,0.00017,-0.13832
4212,673076,157,0.6886,0.0151,0.2256,0.7593,0.2801,-0.8304,0.3686,8687.1,1280.4,252.6,596.4,9.6e-05,
4213,673231,155,0.4102,0.239,0.44,0.321,0.4551,-0.8001,-0.1234,9354.0,1169.6,449.4,637.1,8.7e-05,-0.15221
4214,673390,159,0.985,0.1125,0.0806,0.8068,0.8264,-0.8396,0.287,10768.5,1678.8,285.2,367.4,8.3e-05,
4215,673555,165,0.5839,0.2596,0.4331,0.3073,1.0,-0.7427,0.0192,11815.9,1148.0,392.3,470.5,0.000385,-0.15107
4216,673714,159,1.2124,0.8256,0.1639,0.0106,0.8614,-0.7723,0.1149,10901.9,1197.1,354.0,500.5,0.000146,
4217,673871,157,0.9921,0.0611,0.0492,0.8897,0.7827,-0.8399,0.3559,10602.2,1655.8,257.6,589.1,0.00025,-0.102583
4218,674033,162,0.2678,0.307,0.6332,0.0598,0.4419,-0.7881,-0.0397,9303.6,1097.6,415.9,439.5,9.9e-05,-0.134534
4219,674203,170,0.6172,0.2414,0.2606,0.498,0.5953,-0.7864,0.2723,9888.0,1157.3,291.1,762.3,7.1e-05,-0.117208
4220,674363,160,0.2505,0.0929,0.7718,0.1353,0.9914,-0.5618,0.0306,11397.2,650.2,387.8,633.8,9.2e-05,-0.128588
4221,674522,159,0.5035,0.3979,0.4575,0.1447,0.7696,-0.8049,0.0047,10552.0,1351.9,398.1,558.9,9.5e-05,
4222,674684,162,0.4948,0.3959,0.5807,0.0234,0.8958,-0.7808,0.0517,11033.0,1258.1,379.3,738.1,0.000155,
4223,674843,159,0.3911,0.1845,0.7651,0.0504,1.0,-0.5838,-0.0271,11497.7,690.6,410.8,596.4,0.000148,-0.155282
4224,674999,156,0.6863,0.503,0.2038,0.2932,0.5466,-0.7821,0.1018,9702.5,1113.1,359.3,1119.2,0.000115,-0.131029
4225,675158,159,1.4439,0.8505,0.0995,0.05,1.0,-0.7211,0.0516,11978.1,1073.8,379.4,603.8,8.5e-05,
4226,675316,158,1.1549,0.5318,0.0322,0.436,0.991,-0.7322,0.1424,11395.8,1064.0,343.0,546.1,7.9e-05,
4227,675473,157,0.7934,0.3626,0.2703,0.3671,0.9077,-0.8058,0.2117,11078.5,1426.5,315.3,479.4,0.000243,-0.138271
4228,675629,156,0.2587,0.0543,0.7782,0.1675,0.7312,-0.5607,-0.0308,10405.9,592.3,412.3,271.2,9e-05,-0.159282
4229,675795,166,0.3753,0.3796,0.5778,0.0426,0.6098,-0.7944,0.0735,9943.2,1209.3,370.6,824.1,0.000127,-0.103536
4230,675952,157,1.063,0.1799,0.0333,0.7868,0.9247,-0.8279,0.3798,11143.2,1618.7,248.1,767.4,7.2e-05,
4231,676117,165,0.5321,0.2763,0.4028,0.3209,0.7151,-0.7643,0.0242,10344.5,1097.4,390.3,488.6,0.000169,-0.132261
4232,676275,158,0.4092,0.2126,0.561,0.2264,0.9353,-0.788,-0.0056,11183.3,1318.9,402.2,333.8,0.000105,-0.119142
4233,676433,158,0.8326,0.8026,0.0799,0.1175,0.3265,-0.8257,0.0745,8863.8,1271.3,370.2,693.6,9.7e-05,-0.139066
4234,676589,156,0.651,0.3431,0.3163,0.3406,0.8076,-0.7871,-0.0514,10697.1,1256.4,420.6,385.9,6.6e-05,-0.115072
4235,676751,162,0.4645,0.2616,0.5133,0.2251,0.9608,-0.7659,0.114,11280.8,1204.8,354.4,598.7,0.000145,-0.151202
4236,676910,159,0.5002,0.1566,0.4557,0.3877,1.0,-0.714,0.1998,11658.1,1018.9,320.1,663.8,0.000129,
4237,677064,154,0.5368,0.3483,0.504,0.1477,0.8159,-0.7882,0.1629,10728.5,1266.5,334.8,388.4,0.000124,
4238,677223,159,0.7755,0.3571,0.4226,0.2202,1.0,-0.707,-0.0242,12331.6,1052.2,409.7,308.1,0.000121,-0.162013
4239,677377,154,1.0613,0.1002,0.0365,0.8633,0.4225,-0.8422,0.4108,9229.7,1462.6,235.7,425.0,9.8e-05,-0.131784
4240,677541,164,0.7743,0.2483,0.1202,0.6314,0.8781,-0.8574,-0.117,10965.5,1922.4,446.8,437.3,8.7e-05,-0.135432
4241,677709,168,0.8133,0.428,0.3253,0.2466,0.9002,-0.7444,0.0831,11049.6,1080.6,366.7,674.2,8.4e-05,-0.154252
4242,677869,160,0.6538,0.2809,0.3162,0.4029,1.0,-0.7282,0.0068,12872.3,1184.2,397.3,551.8,0.000154,-0.157487
4243,678030,161,1.1895,0.5846,0.0511,0.3643,0.9041,-0.7762,0.1117,11064.6,1236.0,355.3,565.1,0.000364,
4244,678189,159,0.5034,0.3241,0.5418,0.1341,1.0,-0.756,-0.0169,11433.2,1171.5,406.8,787.6,0.000143,-0.138142
4245,678349,160,0.5102,0.0291,0.3216,0.6493,0.6309,-0.7398,0.202,10023.5,963.1,319.2,785.6,9.7e-05,-0.146805
4246,678510,161,0.3221,0.1867,0.6545,0.1588,0.5985,-0.7337,0.0408,9900.3,929.6,383.7,488.5,0.000328,
4247,678664,154,1.0269,0.6299,0.1935,0.1766,0.9361,-0.7885,0.1048,11186.6,1322.6,358.1,633.0,0.000153,
4248,678822,158,0.3832,0.1215,0.5801,0.2984,1.0,-0.666,0.1601,11460.5,857.8,336.0,438.5,0.000214,
4249,678975,153,0.3337,0.105,0.7772,0.1178,0.9762,-0.5424,0.0727,11339.2,619.5,370.9,314.7,9.6e-05,-0.148228
4250,679135,160,0.3493,0.1682,0.8113,0.0204,0.7096,-0.4174,0.1168,10323.8,443.0,353.3,516.0,0.000139,-0.141926
4251,679295,160,0.5618,0.0451,0.9069,0.048,0.1498,0.1073,-0.0891,8190.9,184.9,435.6,352.9,9.6e-05,-0.148699
4252,679450,155,0.7289,0.1002,0.1795,0.7203,0.7031,-0.7843,0.2132,10298.7,1193.8,314.7,464.7,0.00134,
4253,679612,162,0.7802,0.3736,0.3372,0.2892,0.9889,-0.7599,0.1878,11387.7,1185.9,324.9,577.1,0.000137,
4254,679767,155,0.7365,0.544,0.455,0.001,0.8406,-0.7699,0.1671,10822.6,1175.6,333.2,329.5,8.6e-05,-0.128185
4255,679924,157,1.1881,0.6983,0.1305,0.1712,1.0,-0.739,0.2137,11811.1,1131.3,314.5,719.2,0.000145,
4256,680084,160,0.1951,0.12,0.593,0.287,0.2649,-0.8089,-0.0158,8629.1,1129.0,406.3,489.8,0.000152,
4257,680242,158,0.1688,0.1235,0.6598,0.2167,0.4715,-0.7536,-0.0132,9416.4,955.5,405.3,594.7,8.3e-05,
4258,680398,156,0.9823,0.6079,0.3422,0.05,1.0,-0.706,0.0047,11812.3,1004.6,398.1,729.5,0.000118,
4259,680553,155,1.1102,0.678,0.2678,0.0541,1.0,-0.7526,0.1656,11885.5,1201.0,333.8,606.4,0.000364,-0.166197
4260,680709,156,0.9264,0.0591,0.1117,0.8292,0.9888,-0.8195,0.3605,11387.2,1577.6,255.8,472.4,0.000122,-0.149749
4261,680870,161,0.853,0.5209,0.4065,0.0727,0.9185,-0.7012,0.0957,11119.6,930.4,361.7,431.0,0.00063,
4262,681032,162,0.8922,0.7442,0.2459,0.0099,0.7345,-0.7732,-0.0081,10418.4,1148.5,403.3,766.4,0.00028,
4263,681192,160,0.9416,0.7058,0.1106,0.1836,0.5091,-0.803,0.2339,9559.5,1213.4,306.5,533.3,0.000152,
4264,681348,156,0.4631,0.2682,0.715,0.0168,1.0,-0.619,0.135,11846.9,777.3,346.0,533.6,0.00013,
4265,681508,160,0.797,0.4094,0.2322,0.3583,1.0,-0.7101,0.0109,12054.7,1039.7,395.7,715.8,8.8e-05,
4266,681663,155,0.5557,0.3504,0.6467,0.0028,1.0,-0.691,0.2159,12002.1,971.0,313.6,685.1,0.000147,-0.147192
4267,681826,163,0.7521,0.6332,0.3334,0.0334,0.5826,-0.7981,0.0893,9839.8,1218.5,364.3,675.4,0.000242,
4268,681982,156,0.4155,0.2594,0.5589,0.1817,0.6439,-0.7233,0.0695,10073.4,910.2,372.2,523.6,8.3e-05,
4269,682139,157,1.3102,0.7495,0.1184,0.1321,1.0,-0.7638,0.0282,12285.5,1300.5,388.7,499.4,0.000187,-0.132567
4270,682301,162,0.7017,0.3622,0.4582,0.1796,1.0,-0.6852,0.0973,13277.0,1054.3,361.1,682.7,0.000128,-0.134332
4271,682465,164,0.8859,0.4026,0.1412,0.4562,0.9036,-0.7907,-0.0234,11062.6,1321.7,409.4,443.9,6.4e-05,-0.13508
4272,682629,164,0.5215,0.4033,0.4149,0.1819,0.6392,-0.7972,0.1804,10055.3,1239.7,327.8,687.6,0.000106,-0.158086
4273,682790,161,0.9731,0.0131,0.0331,0.9538,0.7336,-0.8423,0.3714,10414.9,1650.6,251.4,619.7,0.000176,
4274,682948,158,0.2051,0.0541,0.6913,0.2546,0.9319,-0.7017,0.2031,11170.5,936.1,318.8,521.6,0.000219,
4275,683108,160,1.5244,0.9779,0.0003,0.0218,0.9372,-0.8754,0.0086,11190.8,2244.8,396.6,462.4,8.1e-05,
4276,683267,159,1.1222,0.1566,0.0637,0.7797,0.7252,-0.822,0.3504,10383.0,1458.4,259.8,287.9,7.9e-05,-0.156622
4277,683429,162,0.4082,0.166,0.8039,0.0301,0.819,-0.4885,0.0151,10740.2,525.0,394.0,481.6,9.8e-05,-0.143925
4278,683589,160,0.9296,0.5246,0.4095,0.066,1.0,-0.723,0.2218,11549.0,1042.2,311.3,472.8,9.1e-05,-0.168486
4279,683748,159,0.79,0.2948,0.2202,0.485,0.6925,-0.7957,0.2007,10258.3,1255.6,319.7,501.1,0.000117,
4280,683908,160,1.0021,0.0643,0.0921,0.8436,0.7963,-0.6806,0.4063,10653.9,833.9,237.5,490.4,9.2e-05,
4281,684065,157,0.5664,0.0771,0.281,0.6419,0.8508,-0.7656,0.2215,10861.4,1158.6,311.4,603.7,8.7e-05,-0.132738
4282,684225,160,1.2672,0.7194,0.133,0.1476,1.0,-0.7953,0.1518,11519.6,1407.1,339.3,504.5,8e-05,-0.164073
4283,684382,157,0.6535,0.5703,0.3466,0.0831,0.5507,-0.7781,-0.0518,9718.1,1094.8,420.7,423.4,0.000174,
4284,684545,163,0.9154,0.0708,0.0507,0.8785,0.2073,-0.8395,0.3499,8409.9,1309.9,260.0,488.9,8.9e-05,-0.15314
4285,684707,162,0.2308,0.0617,0.6123,0.326,0.8007,-0.78,0.1394,10670.7,1212.3,344.2,536.6,0.000121,-0.141751
4286,684865,158,1.2697,0.7292,0.2545,0.0163,1.0,-0.7624,0.0065,11941.6,1256.4,397.4,347.3,0.000116,-0.138937
4287,685029,164,0.822,0.5986,0.1598,0.2416,0.551,-0.8249,-0.0912,9719.2,1387.9,436.5,397.3,0.000123,-0.157688
4288,685184,155,0.3763,0.2485,0.6287,0.1229,1.0,-0.7292,0.1163,11959.5,1104.2,353.5,684.8,0.000154,
4289,685338,154,0.7691,0.0919,0.9016,0.0065,0.2436,0.365,0.3034,8548.0,156.6,278.6,387.0,0.000152,
4290,685499,161,0.8988,0.4729,0.1887,0.3384,1.0,-0.7542,0.1786,12048.0,1225.2,328.6,910.7,0.000115,-0.161707
4291,685654,155,0.6601,0.2607,0.2805,0.4589,0.7925,-0.7666,0.095,10639.5,1139.8,362.0,449.0,0.000147,
4292,685815,161,0.6102,0.0764,0.3164,0.6072,0.697,-0.7848,0.1549,10275.7,1193.5,338.0,598.3,9.5e-05,-0.142526
4293,685976,161,0.8732,0.2027,0.1073,0.69,1.0,-0.7892,0.0965,11691.6,1386.5,361.4,418.3,7.6e-05,
4294,686133,157,0.888,0.5829,0.3244,0.0927,1.0,-0.763,0.2079,12196.0,1286.3,316.8,750.0,9.3e-05,-0.168002
4295,686298,165,0.238,0.3067,0.6743,0.019,0.5873,-0.7308,0.1188,9857.7,915.6,352.5,799.0,0.000108,
4296,686456,158,0.8533,0.2187,0.1422,0.6391,0.9932,-0.7678,0.1077,11404.1,1227.6,356.9,635.0,8.1e-05,
4297,686623,167,0.6518,0.369,0.4185,0.2126,0.9423,-0.7352,0.1957,11210.2,1058.2,321.7,800.7,0.000109,-0.142565
4298,686782,159,0.3265,0.1041,0.7378,0.1581,0.9341,-0.5303,0.1309,11178.8,595.0,347.6,618.9,0.000103,
4299,686949,167,0.9534,0.4533,0.2991,0.2475,0.953,-0.7365,-0.0051,11250.8,1067.3,402.0,462.4,0.000183,-0.150854
4300,687105,156,0.9213,0.2312,0.0094,0.7594,0.2048,-0.9052,0.2824,8400.5,2215.1,287.0,565.5,7e-05,-0.134471
4301,687269,164,0.6969,0.4372,0.4913,0.0714,0.91,-0.672,0.0939,11087.0,844.9,362.4,781.2,8.7e-05,-0.147763
4302,687431,162,0.998,0.6159,0.0552,0.3288,0.684,-0.7441,-0.1506,10226.0,999.1,460.2,439.5,9.2e-05,-0.15992
4303,687595,164,0.6009,0.2163,0.3385,0.4452,0.7365,-0.7459,0.2198,10426.2,1025.7,312.1,579.8,0.000757,-0.124827
4304,687755,160,0.34,0.0636,0.495,0.4414,0.7392,-0.7962,-0.2186,10436.5,1280.0,487.4,144.6,0.000182,-0.154535
4305,687917,162,1.2802,0.7693,0.1937,0.037,1.0,-0.7926,0.0262,11577.7,1395.8,389.5,403.6,0.00011,-0.160568
4306,688075,158,0.3529,0.1325,0.7414,0.1261,0.9566,-0.586,0.1359,11264.7,680.2,345.7,514.9,0.000108,-0.135237
4307,688240,165,0.4479,0.0086,0.5206,0.4708,1.0,-0.7243,0.1379,12640.4,1146.2,344.8,334.9,0.00016,
4308,688401,161,1.2143,0.7324,0.0024,0.2651,0.7733,-0.8051,0.0018,10566.4,1355.6,399.3,421.2,0.00024,-0.144629
4309,688567,166,0.621,0.1692,0.2683,0.5626,0.811,-0.7474,0.1495,10709.8,1059.9,340.2,528.2,0.000114,-0.136985
4310,688727,160,0.2275,0.0331,0.7285,0.2384,0.7294,-0.6383,0.1576,10399.1,718.8,337.0,393.0,9.3e-05,-0.127319
4311,688886,159,0.284,0.153,0.5976,0.2494,0.7067,-0.7795,0.1177,10312.6,1169.1,352.9,488.9,8.5e-05,
4312,689052,166,0.6584,0.1522,0.2286,0.6192,1.0,-0.7824,0.1021,11567.8,1329.2,359.2,661.8,0.000105,
4313,689212,160,1.0782,0.7691,0.104,0.127,0.771,-0.8024,0.188,10557.5,1335.7,324.8,714.1,0.00012,
4314,689376,164,0.2188,0.0227,0.7971,0.1802,0.824,-0.5375,0.1779,10759.5,581.6,328.8,477.6,0.000803,
4315,689538,162,0.4929,0.0036,0.9139,0.0825,0.102,0.1508,0.3011,8008.5,174.0,279.6,624.1,9.3e-05,
4316,689698,160,0.544,0.1327,0.8087,0.0587,1.0,-0.3465,0.0907,11969.8,457.9,363.7,371.4,0.000175,
4317,689864,166,0.729,0.226,0.1963,0.5777,0.7843,-0.7862,0.113,10608.3,1240.4,354.8,637.5,0.000119,
4318,690019,155,0.4776,0.3923,0.3188,0.289,0.3178,-0.8247,0.1703,8830.7,1259.6,331.9,441.2,9.5e-05,-0.138902
4319,690182,163,0.8016,0.4089,0.2214,0.3697,0.7943,-0.7913,0.0689,10646.4,1275.5,372.4,1073.1,9e-05,
4320,690339,157,0.1523,0.0998,0.6187,0.2814,0.8488,-0.7369,0.118,10854.1,1031.5,352.8,744.9,0.00017,-0.146751
4321,690495,156,0.7015,0.4275,0.2169,0.3556,0.5749,-0.7684,0.2147,9810.5,1058.9,314.1,635.0,0.000157,-0.140857
4322,690655,160,0.4228,0.1235,0.539,0.3374,0.7355,-0.7141,0.1367,10422.2,911.2,345.3,497.4,0.000175,-0.151393
4323,690810,155,0.7667,0.3125,0.5086,0.1789,1.0,-0.6989,0.0829,11636.0,966.2,366.8,221.2,0.000158,
4324,690965,155,0.9736,0.2898,0.1177,0.5925,1.0,-0.8128,0.2734,11896.1,1588.9,290.6,682.4,9.2e-05,-0.143838
4325,691126,161,0.4901,0.3354,0.2782,0.3864,0.3688,-0.8466,0.0643,9025.3,1470.7,374.3,542.7,9.1e-05,
4326,691293,167,1.0705,0.8928,0.0692,0.038,0.5991,-0.7977,0.1367,9902.7,1223.8,345.3,949.4,0.0001,-0.137454
4327,691449,156,1.0673,0.1428,0.0113,0.8459,-0.3272,-0.9267,0.334,6373.2,2175.1,266.4,187.6,0.000106,-0.161842
4328,691606,157,0.9306,0.2894,0.046,0.6646,0.7768,-0.8021,0.2843,10579.6,1336.3,286.3,794.8,0.000146,
4329,691766,160,0.5922,0.2257,0.2822,0.4921,0.6364,-0.7862,0.1493,10044.8,1174.7,340.3,779.5,0.000133,
4330,691927,161,0.5131,0.3084,0.6269,0.0646,1.0,-0.7263,0.3039,11583.9,1058.2,278.4,402.1,0.000128,-0.128885
4331,692090,163,0.4733,0.0847,0.5515,0.3638,1.0,-0.7946,0.0506,11464.1,1395.7,379.7,446.7,6.7e-05,
4332,692255,165,0.8063,0.3909,0.2503,0.3588,0.7544,-0.7806,-0.076,10494.3,1196.0,430.4,534.2,9.9e-05,-0.174056
4333,692417,162,0.6554,0.3618,0.4809,0.1573,0.8987,-0.747,-0.0371,11043.9,1091.2,414.8,515.7,0.000107,-0.167531
4334,692580,163,0.4813,0.2309,0.7191,0.0499,1.0,-0.6216,0.0222,12545.9,828.8,391.1,502.5,0.000105,
4335,692739,159,0.4809,0.0581,0.4221,0.5198,1.0,-0.7057,0.2342,11792.4,1001.8,306.3,846.5,0.000135,-0.157622
4336,692896,157,0.2529,0.1231,0.7353,0.1416,0.8515,-0.6383,0.1263,10864.4,750.9,349.5,808.0,7.4e-05,
4337,693063,167,1.0955,0.6884,0.2171,0.0945,1.0,-0.77,0.2166,11509.1,1250.7,313.4,747.8,0.000115,-0.128397
4338,693218,155,0.3787,0.135,0.5541,0.3109,1.0,-0.7415,0.0636,11446.8,1106.9,374.6,426.8,0.000229,
4339,693374,156,0.7687,0.5135,0.3365,0.15,0.7718,-0.7185,0.1198,10560.5,938.0,352.1,632.0,0.000158,
4340,693535,161,0.5556,0.123,0.3304,0.5466,1.0,-0.696,-0.0579,11865.4,975.8,423.1,395.9,9.2e-05,-0.131218
4341,693696,161,0.6744,0.2697,0.269,0.4613,0.6684,-0.7621,0.2133,10166.8,1068.4,314.7,741.1,0.000188,
4342,693861,165,0.8887,0.4484,0.166,0.3856,0.7631,-0.7999,0.0737,10527.5,1315.1,370.5,488.5,8.9e-05,-0.16058
4343,694022,161,0.642,0.3408,0.3978,0.2614,0.7913,-0.712,0.186,10635.0,923.3,325.6,398.1,0.000134,
4344,694184,162,0.4288,0.2561,0.5595,0.1844,0.8842,-0.7257,0.2078,10988.8,1001.6,316.9,675.4,0.00017,
4345,694348,164,0.9365,0.0161,0.0795,0.9044,0.5563,-0.8615,0.3333,9739.7,1757.7,266.7,422.6,9.3e-05,
4346,694506,158,0.3742,0.1349,0.6348,0.2303,0.9021,-0.7535,0.1356,11056.9,1121.6,345.7,410.5,0.000205,
4347,694669,163,0.2168,0.1283,0.6619,0.2098,0.8342,-0.7558,0.2153,10798.3,1105.3,313.9,957.0,6.8e-05,-0.15993
4348,694824,155,1.0176,0.2697,0.0142,0.716,0.7222,-0.8351,0.2646,10371.7,1572.1,294.2,408.6,0.00015,
4349,694980,156,1.0743,0.6687,0.1678,0.1635,0.9242,-0.7811,-0.046,11141.3,1272.5,418.4,732.3,0.000134,
4350,695139,159,1.0179,0.0046,0.9916,0.0039,0.5592,0.613,0.1247,9750.7,151.1,350.1,412.7,0.000157,-0.140225
4351,695294,155,0.6715,0.5767,0.3812,0.0421,0.56,-0.7554,-0.0005,9753.4,996.8,400.2,490.0,8.9e-05,
4352,695451,157,0.772,0.1415,0.1046,0.7538,-0.1123,-0.8743,0.3464,7192.2,1430.6,261.4,613.8,0.000124,-0.162373
4353,695614,163,1.0651,0.6761,0.0873,0.2365,0.6947,-0.8149,-0.0406,10266.9,1386.7,416.2,708.0,0.000122,
4354,695775,161,0.7478,0.4377,0.5226,0.0397,1.0,-0.6665,-0.0009,12297.1,922.0,400.4,605.0,0.000571,-0.136263
4355,695932,157,0.6712,0.3258,0.4592,0.215,1.0,-0.7361,0.0475,11954.9,1132.5,381.0,462.0,0.00012,
4356,696089,157,0.8794,0.5703,0.0889,0.3408,0.4601,-0.8005,0.1159,9372.8,1174.3,353.7,399.6,0.000106,-0.138869
4357,696246,157,0.8736,0.0547,0.9245,0.0208,0.1756,0.3631,0.0873,8288.9,152.0,365.1,329.0,0.00018,
4358,696406,160,0.3407,0.1769,0.5544,0.2687,1.0,-0.7392,-0.0118,11850.5,1136.1,404.7,942.7,0.000103,
4359,696564,158,0.2084,0.0148,0.6893,0.2959,0.4233,-0.6917,0.1605,9232.6,748.7,335.8,465.5,9.5e-05,
4360,696729,165,1.0392,0.4482,0.1904,0.3614,1.0,-0.714,0.0947,12105.7,1058.1,362.1,338.7,0.000102,-0.169593
4361,696884,155,0.5576,0.3933,0.6018,0.0049,1.0,-0.6928,0.0827,11992.0,975.8,366.9,396.6,0.000231,
4362,697039,155,0.2288,0.0339,0.7169,0.2492,0.5019,-0.6807,0.1721,9532.2,746.4,331.2,297.7,0.000134,-0.155754
4363,697200,161,0.2273,0.0577,0.7315,0.2108,1.0,-0.6087,-0.0097,11793.2,753.4,403.9,592.3,0.000111,
4364,697360,160,1.047,0.5023,0.0469,0.4508,0.7412,-0.8286,0.2049,10444.0,1523.5,318.0,582.5,0.000344,
4365,697518,158,0.745,0.2137,0.234,0.5523,0.719,-0.7422,0.3473,10359.5,1004.5,261.1,756.8,7.6e-05,
4366,697681,163,0.6766,0.4216,0.218,0.3604,0.5568,-0.7937,0.216,9741.3,1180.5,313.6,1110.4,0.000127,-0.15073
4367,697834,153,1.146,0.229,0.0187,0.7523,0.9177,-0.8066,0.4832,11116.3,1436.6,206.7,778.1,0.000104,
4368,697999,165,0.8998,0.2787,0.0994,0.6219,0.9593,-0.8228,0.1045,11274.9,1590.6,358.2,511.2,0.000185,-0.162928
4369,698157,158,1.1776,0.8477,0.062,0.0903,0.7617,-0.8158,0.0283,10521.9,1427.9,388.7,491.5,9.1e-05,-0.155595
4370,698315,158,1.1601,0.7615,0.0755,0.1629,0.7615,-0.7729,0.005,10521.4,1158.2,398.0,552.1,0.000136,-0.15644
4371,698476,161,1.0386,0.4036,0.0843,0.5121,0.9761,-0.7793,0.2687,11338.8,1284.5,292.5,742.5,8.4e-05,
4372,698637,161,0.7488,0.2199,0.3221,0.458,0.9651,-0.7325,0.1544,11297.0,1055.8,338.2,559.2,0.000114,-0.150575
4373,698794,157,1.0661,0.5055,0.0976,0.3969,1.0,-0.7535,0.12,11973.1,1214.2,352.0,622.5,9e-05,
4374,698960,166,0.8241,0.0236,0.2064,0.77,-0.1709,-0.8887,0.3703,6969.0,1565.7,251.9,385.0,0.00015,
4375,699124,164,1.1224,0.468,0.0036,0.5284,0.9375,-0.7798,0.0111,11191.8,1270.7,395.6,458.0,0.000172,
4376,699283,159,0.7846,0.3066,0.1279,0.5655,0.6216,-0.782,0.1459,9988.4,1145.2,341.6,746.9,0.000168,-0.151257
4377,699443,160,1.0323,0.4161,0.0292,0.5547,0.8727,-0.8058,0.0221,10945.1,1408.8,391.2,360.8,0.000114,-0.152286
4378,699599,156,1.0094,0.2777,0.0614,0.6609,0.8931,-0.8032,0.1358,11022.5,1400.5,345.7,786.6,0.000225,-0.148171
4379,699760,161,0.8491,0.3646,0.1524,0.483,0.7297,-0.8023,0.0608,10400.3,1314.9,375.7,538.5,0.000128,
4380,699922,162,0.2465,0.013,0.7947,0.1922,0.926,-0.5409,0.2044,11148.1,607.1,318.3,537.2,0.000106,
4381,700080,158,0.5719,0.2142,0.372,0.4138,0.6618,-0.7486,0.0797,10141.3,1008.6,368.1,368.5,0.000143,
4382,700244,164,0.3199,0.2571,0.6929,0.05,0.5875,-0.681,0.0917,9858.3,772.5,363.3,558.3,0.000281,
4383,700402,158,1.0198,0.0313,0.0568,0.9119,0.2652,-0.8665,0.3887,8630.5,1616.4,244.5,444.9,0.00011,
4384,700559,157,1.0378,0.4652,0.0709,0.4638,0.7665,-0.7626,0.0737,10540.3,1109.9,370.5,361.1,0.000136,-0.160626
4385,700721,162,0.3245,0.0027,0.6876,0.3097,0.513,-0.6757,0.0818,9574.5,738.1,367.3,562.4,0.00011,-0.152408
4386,700880,159,0.5987,0.3465,0.4249,0.2286,0.8431,-0.7254,0.0966,10832.3,986.1,361.4,444.4,8.7e-05,
4387,701043,163,0.2345,0.0046,0.6161,0.3793,0.4525,-0.7831,0.0175,9344.1,1077.2,393.0,589.3,9.7e-05,-0.155821
4388,701204,161,0.13,0.2784,0.7067,0.015,0.3013,-0.7228,0.0351,8768.0,790.8,386.0,778.6,7.7e-05,
4389,701364,160,0.6146,0.3008,0.4002,0.299,1.0,-0.6996,0.0138,11451.4,953.1,394.5,659.5,0.000295,
4390,701525,161,0.9136,0.3109,0.1666,0.5225,0.9873,-0.7437,0.1027,11381.6,1110.2,358.9,452.9,9.4e-05,-0.157201
4391,701684,159,0.9729,0.2767,0.1284,0.5949,1.0,-0.7558,0.1288,11621.9,1189.9,348.5,434.9,0.000108,
4392,701842,158,0.2946,0.047,0.5484,0.4046,0.7712,-0.7072,0.1853,10558.2,901.5,325.9,842.4,0.000137,
4393,701996,154,1.1676,0.778,0.1362,0.0859,0.8258,-0.7212,0.0126,10766.4,965.6,395.0,628.2,0.000182,
4394,702154,158,0.2306,0.0044,0.7669,0.2287,0.5445,-0.5494,0.1805,9694.5,537.9,327.8,853.8,9.3e-05,
4395,702307,153,0.4062,0.1183,0.5473,0.3344,0.8678,-0.7221,0.0449,10926.1,982.9,382.1,338.9,0.000163,-0.135296
4396,702467,160,0.4349,0.0386,0.8771,0.0843,0.3258,-0.0615,0.2832,8861.2,236.0,286.7,462.8,0.000116,-0.161966
4397,702624,157,0.506,0.2209,0.4483,0.3308,0.7757,-0.7506,0.0948,10575.6,1060.2,362.1,703.0,9.3e-05,
4398,702783,159,0.7392,0.2279,0.2964,0.4757,1.0,-0.6903,0.0836,11935.7,963.5,366.6,362.4,9e-05,-0.139655
4399,702950,167,0.5042,0.1831,0.4524,0.3644,1.0,-0.7475,0.1109,11641.9,1152.9,355.6,508.7,8.9e-05,
4400,703108,158,0.8736,0.2408,0.1466,0.6126,1.0,-0.7947,0.1353,11501.0,1400.4,345.9,510.1,0.000334,
4401,703269,161,0.3587,0.0334,0.5253,0.4412,1.0,-0.7437,0.1027,11771.6,1148.1,358.9,601.3,0.00014,-0.147599
4402,703430,161,0.8391,0.0865,0.1186,0.7949,0.0708,-0.898,0.3468,7889.8,1932.9,261.3,499.7,0.000155,
4403,703587,157,0.4395,0.0131,0.8219,0.165,1.0,-0.3431,0.0013,11461.9,436.2,399.5,351.4,0.00013,-0.15718
4404,703748,161,1.0041,0.2966,0.1121,0.5913,1.0,-0.7029,0.1189,12057.2,1014.6,352.5,403.0,8.2e-05,
4405,703915,167,0.9392,0.5993,0.3786,0.0221,1.0,-0.726,0.0094,11967.2,1091.8,396.3,708.2,9.6e-05,-0.168813
4406,704073,158,1.1469,0.5567,0.0324,0.4109,0.9832,-0.7381,0.0107,11366.0,1085.0,395.7,589.8,8.5e-05,-0.164631
4407,704231,158,0.2935,0.0045,0.8311,0.1644,0.748,-0.3297,0.3626,10470.0,390.5,255.0,827.1,0.000108,-0.164685
4408,704390,159,0.5949,0.0614,0.307,0.6315,1.0,-0.6746,0.1457,11958.4,918.7,341.7,629.8,0.000192,
4409,704556,166,0.4306,0.3103,0.4952,0.1945,0.7059,-0.7282,0.1592,10309.7,948.2,336.3,995.8,0.000167,
4410,704714,158,0.6367,0.1316,0.8361,0.0323,1.0,-0.1323,0.0444,11931.5,343.8,382.2,426.4,0.000197,
4411,704870,156,0.7711,0.5159,0.2921,0.1919,0.7664,-0.7655,0.1453,10540.0,1123.7,341.9,582.6,0.000123,
4412,705032,162,0.8604,0.6117,0.305,0.0834,0.807,-0.7504,0.1614,10694.6,1071.4,335.4,901.7,0.000126,
4413,705198,166,0.2275,0.0223,0.7231,0.2546,0.6716,-0.6145,0.1898,10179.0,660.0,324.1,822.5,0.000144,
4414,705359,161,0.5941,0.2352,0.5375,0.2273,1.0,-0.6524,0.2031,12472.2,896.9,318.7,355.7,9.7e-05,-0.153232
4415,705513,154,1.1535,0.6002,0.0703,0.3295,0.9504,-0.7496,0.2308,11240.9,1122.3,307.7,946.6,0.000193,-0.1402
4416,705670,157,0.5151,0.1442,0.5334,0.3224,0.8895,-0.6976,-0.0839,11009.1,910.1,433.5,493.9,0.000101,
4417,705828,158,0.9496,0.4322,0.0597,0.5081,0.6354,-0.793,0.182,10040.8,1212.6,327.2,528.1,0.000122,
4418,705987,159,0.8854,0.4893,0.1958,0.3149,0.8059,-0.7125,0.2794,10690.5,929.5,288.3,893.3,7.6e-05,-0.16145
4419,706146,159,1.3432,0.7389,0.0063,0.2549,1.0,-0.8031,0.1131,12480.2,1584.7,354.8,842.3,0.000129,
4420,706304,158,1.0238,0.5002,0.0349,0.4649,0.693,-0.7714,0.1915,10260.4,1121.9,323.4,732.9,9.8e-05,
4421,706454,150,0.4833,0.2536,0.5564,0.1901,1.0,-0.7121,0.1624,12337.4,1071.2,335.1,456.7,8.3e-05,
4422,706615,161,0.974,0.2418,0.0689,0.6893,0.8334,-0.7569,0.3285,10795.4,1110.0,268.6,733.7,0.000113,-0.141748
4423,706777,162,0.641,0.3534,0.3769,0.2697,0.8325,-0.7861,0.0005,10791.9,1261.1,399.8,459.7,0.000103,-0.151631
4424,706932,155,0.2224,0.0038,0.5984,0.3978,0.6466,-0.7473,0.1978,10083.7,997.6,320.9,483.0,0.000158,
4425,707093,161,1.2882,0.725,0.0082,0.2668,0.8917,-0.8159,0.1161,11017.3,1496.0,353.6,609.9,0.000109,-0.14824
4426,707258,165,0.5214,0.1771,0.42,0.4029,1.0,-0.6958,0.0683,12036.7,989.3,372.7,756.0,0.000182,
4427,707417,159,0.6561,0.0749,0.8961,0.029,0.653,0.2775,0.2477,10107.8,197.8,300.9,568.1,9.7e-05,-0.154524
4428,707577,160,0.7667,0.156,0.2033,0.6407,0.8947,-0.7941,0.1811,11028.9,1339.0,327.6,599.2,0.000102,-0.174283
4429,707739,162,1.004,0.426,0.039,0.535,0.9401,-0.7459,-0.0261,11201.8,1102.1,410.4,287.3,0.000133,-0.13445
4430,707899,160,1.3359,0.6615,0.0444,0.2941,1.0,-0.7443,-0.0137,11581.0,1132.4,405.5,307.8,0.000123,-0.153706
4431,708061,162,0.3785,0.0567,0.7703,0.173,1.0,-0.5192,0.1415,12843.4,667.8,343.4,600.8,0.000266,-0.168773
4432,708222,161,0.7387,0.3138,0.3152,0.371,0.9886,-0.7546,0.1197,11386.5,1159.8,352.1,495.6,0.000124,
4433,708379,157,0.7474,0.3006,0.1566,0.5428,0.6101,-0.8204,0.1236,9944.4,1384.2,350.5,717.4,0.000289,-0.156346
4434,708537,158,0.4201,0.1619,0.6935,0.1446,0.8424,-0.6835,0.0327,10829.5,855.3,386.9,292.5,0.000167,-0.15029
4435,708697,160,1.1065,0.4759,0.0828,0.4413,0.9052,-0.7481,0.0991,11069.0,1098.3,360.4,391.4,0.000199,-0.157547
4436,708857,160,0.6979,0.3418,0.448,0.2103,1.0,-0.701,0.2744,11781.7,985.2,290.2,512.3,9e-05,-0.170222
4437,709014,157,0.9551,0.2355,0.0912,0.6733,1.0,-0.7889,0.0994,11467.1,1358.0,360.2,413.1,0.000336,
4438,709179,165,1.0869,0.8089,0.185,0.0061,0.7846,-0.7635,0.1764,10609.4,1121.7,329.5,650.5,0.000159,-0.139819
4439,709340,161,1.2742,0.5993,0.0444,0.3563,1.0,-0.758,-0.0904,11823.8,1221.7,436.1,390.9,0.000121,
4440,709501,161,0.9036,0.3281,0.1555,0.5164,1.0,-0.7475,0.169,11769.9,1165.2,332.4,775.9,7.1e-05,-0.164784
4441,709667,166,0.596,0.2872,0.5279,0.1849,1.0,-0.7256,0.0102,12023.4,1095.6,395.9,550.2,0.000105,-0.157555
4442,709825,158,0.5002,0.1328,0.3194,0.5478,0.922,-0.7753,-0.0454,11132.8,1238.4,418.1,676.1,0.000131,-0.152973
4443,709984,159,1.1759,0.7655,0.1684,0.0661,0.8858,-0.7243,0.0642,10994.8,996.9,374.3,555.1,8.2e-05,
4444,710148,164,0.873,0.0435,0.1642,0.7923,0.7122,-0.7955,0.3375,10333.5,1263.6,265.0,490.9,0.00018,
4445,710304,156,0.7912,0.19,0.1907,0.6192,0.9374,-0.7649,0.1588,11191.4,1190.3,336.5,672.3,0.000111,
4446,710463,159,0.3464,0.0265,0.544,0.4295,0.9906,-0.7256,0.2447,11394.2,1037.9,302.1,482.2,0.000161,-0.151008
4447,710629,166,1.1651,0.7978,0.1087,0.0935,0.6907,-0.7776,0.0701,10251.6,1152.4,372.0,298.6,0.000114,-0.16989
4448,710779,150,1.2314,0.6897,0.0749,0.2354,1.0,-0.7311,0.249,11774.1,1094.6,300.4,558.2,6.8e-05,-0.18009
4449,710937,158,0.5964,0.3172,0.4227,0.26,0.9458,-0.7206,0.1136,11223.7,1004.2,354.6,476.3,0.000205,-0.178156
4450,711096,159,0.804,0.5502,0.3878,0.062,0.7872,-0.7811,0.0206,10619.2,1212.6,391.8,386.4,0.000122,
4451,711251,155,0.7431,0.293,0.2846,0.4224,0.6714,-0.7464,0.182,10178.1,1003.5,327.2,467.9,0.000251,-0.149931
4452,711411,160,0.5908,0.0884,0.3131,0.5984,1.0,-0.6605,0.1704,12569.7,925.6,331.8,554.6,0.000114,-0.166741
4453,711573,162,0.9165,0.4001,0.1377,0.4622,0.985,-0.6946,0.0474,11372.9,931.1,381.0,721.0,0.000103,-0.132222
4454,711731,158,0.3429,0.0976,0.6178,0.2846,1.0,-0.6749,0.2624,11699.7,899.8,295.1,983.5,0.000126,-0.148034
4455,711894,163,0.2193,0.2394,0.6577,0.1029,0.5804,-0.7617,0.2403,9831.3,1031.2,303.9,603.0,0.00011,
4456,712056,162,0.3735,0.1311,0.7725,0.0964,1.0,-0.5288,0.0382,11677.0,619.5,384.7,720.7,0.00011,
4457,712214,158,0.8183,0.4346,0.4035,0.1619,0.8858,-0.728,0.068,10994.9,1010.5,372.8,465.1,0.000116,
4458,712378,164,0.6008,0.3881,0.3857,0.2262,0.637,-0.7744,0.1295,10047.1,1113.6,348.2,624.9,0.000375,
4459,712543,165,1.4808,0.8336,0.0456,0.1207,1.0,-0.7628,0.1601,11832.3,1247.0,336.0,522.4,0.000141,-0.152978
4460,712697,154,0.7715,0.577,0.3212,0.1018,0.6048,-0.6902,0.0357,9924.5,800.8,385.7,432.3,0.000133,-0.170684
4461,712853,156,1.0037,0.1872,0.0624,0.7504,0.4657,-0.7959,0.4622,9394.2,1150.8,215.1,616.8,8.9e-05,-0.16808
4462,713014,161,1.2502,0.4871,0.0262,0.4867,0.9898,-0.7192,0.0292,11391.2,1014.2,388.3,191.5,0.000132,
4463,713177,163,1.1106,0.399,0.0074,0.5936,1.0,-0.7512,0.176,12368.9,1243.0,329.6,569.1,0.000124,-0.154285
4464,713339,162,0.8379,0.5445,0.4466,0.0089,0.8519,-0.7453,0.0532,10865.8,1066.7,378.7,546.0,0.000152,-0.154313
4465,713490,151,0.4472,0.2497,0.632,0.1183,0.9982,-0.687,0.0913,11423.2,912.4,363.5,817.8,0.000136,
4466,713653,163,0.433,0.2289,0.5933,0.1778,0.9209,-0.6598,0.0081,11128.6,817.7,396.8,635.8,9.6e-05,-0.144772
4467,713814,161,1.1135,0.7341,0.2054,0.0605,0.9537,-0.7366,0.0918,11253.7,1068.3,363.3,855.5,0.00014,
4468,713975,161,0.5133,0.0283,0.2928,0.6789,0.3616,-0.8175,0.1423,8997.6,1232.4,343.1,502.9,0.000105,-0.171025
4469,714136,161,0.6393,0.2294,0.4288,0.3418,1.0,-0.7428,0.1732,12338.0,1199.4,330.7,467.5,0.0001,
4470,714295,159,0.4076,0.02,0.8374,0.1426,0.3866,-0.2635,0.1221,9092.8,308.7,351.2,566.2,0.000149,-0.192375
4471,714455,160,0.5108,0.1016,0.3598,0.5386,0.717,-0.7295,0.0825,10351.7,956.7,367.0,427.6,9.2e-05,-0.170389
4472,714615,160,0.749,0.1676,0.2004,0.6319,0.8633,-0.7408,0.2396,10909.3,1052.2,304.2,400.1,0.000121,-0.172275
4473,714770,155,0.3286,0.0612,0.8116,0.1272,0.6621,-0.4319,0.1259,10142.5,446.4,349.6,572.8,0.000113,
4474,714927,157,1.1221,0.4309,0.0098,0.5593,0.9382,-0.7621,0.1951,11194.7,1176.6,321.9,542.5,0.000114,-0.159993
4475,715084,157,1.0379,0.5762,0.253,0.1707,1.0,-0.6984,0.1116,12149.3,1006.9,355.4,674.0,0.000118,
4476,715248,164,1.0039,0.5575,0.3224,0.1201,1.0,-0.7231,0.1821,12206.7,1102.3,327.1,499.7,9.8e-05,
4477,715403,155,0.8322,0.4215,0.2935,0.2849,0.8872,-0.7927,0.0528,11000.4,1326.6,378.9,266.2,0.000111,-0.146681
4478,715568,165,0.4955,0.2014,0.4161,0.3826,0.6614,-0.7856,0.1587,10139.8,1182.1,336.5,556.3,0.000122,
4479,715735,167,0.3444,0.0814,0.797,0.1216,1.0,-0.5032,0.2203,11518.8,579.6,311.9,708.3,9.6e-05,-0.163769
4480,715887,152,0.7345,0.2308,0.3542,0.4149,1.0,-0.5872,0.0497,13541.9,820.0,380.1,607.4,0.000191,-0.175689
4481,716052,165,1.0888,0.4638,0.1534,0.3828,0.9404,-0.7334,0.1112,11203.1,1050.6,355.5,338.7,0.000142,
4482,716212,160,0.7641,0.4354,0.2621,0.3025,0.6753,-0.738,0.2486,10193.0,972.7,300.6,582.9,0.000272,
4483,716370,158,0.1507,0.0579,0.7256,0.2165,0.9173,-0.6723,0.1596,11114.9,847.8,336.2,913.4,0.000135,
4484,716525,155,0.9484,0.5165,0.3268,0.1567,1.0,-0.6843,0.0736,12797.0,1013.3,370.6,483.2,0.000136,-0.157193
4485,716682,157,0.5622,0.3639,0.4836,0.1525,0.6729,-0.7462,0.025,10183.6,1003.0,390.0,437.9,0.000159,
4486,716841,159,1.1261,0.552,0.1743,0.2737,0.9943,-0.7615,0.1143,11408.3,1196.0,354.3,519.6,0.000109,-0.15271
4487,716996,155,1.0915,0.1729,0.0254,0.8017,0.7513,-0.7067,0.5118,10482.4,893.5,195.3,662.3,0.000191,
4488,717159,163,0.8834,0.2516,0.2258,0.5225,1.0,-0.7243,0.208,11941.8,1083.0,316.8,421.1,0.000105,-0.160454
4489,717324,165,0.9755,0.1574,0.0977,0.7448,1.0,-0.7892,0.3279,11772.0,1396.3,268.8,547.9,8.2e-05,
4490,717488,164,0.4914,0.1218,0.3779,0.5002,0.6441,-0.7767,0.1344,10074.0,1127.7,346.2,440.5,0.000106,
4491,717648,160,1.0323,0.4352,0.0714,0.4934,1.0,-0.7715,0.0991,11570.4,1265.8,360.4,754.1,0.000113,
4492,717813,165,0.6019,0.533,0.3506,0.1165,0.4587,-0.7936,0.0446,9367.6,1134.8,382.2,511.4,8.6e-05,-0.164675
4493,717975,162,0.661,0.2639,0.4922,0.244,1.0,-0.7562,0.0079,11945.5,1225.0,396.8,233.8,0.000135,-0.19126
4494,718141,166,0.9945,0.0508,0.0658,0.8833,0.335,-0.8045,0.4267,8896.2,1137.5,229.3,607.0,0.000119,-0.182203
4495,718301,160,0.6255,0.1146,0.2649,0.6205,0.5009,-0.8142,0.2187,9528.5,1282.4,312.5,481.5,0.000146,-0.174212
4496,718459,158,1.4325,0.7314,0.0021,0.2665,1.0,-0.7831,0.0114,11618.1,1338.9,395.5,488.2,0.000144,-0.166119
4497,718615,156,0.4687,0.2035,0.5741,0.2224,0.974,-0.7119,0.0831,11331.0,983.3,366.8,635.7,7.6e-05,-0.168442
4498,718780,165,0.446,0.1641,0.8015,0.0344,1.0,-0.2497,0.1255,12047.3,401.4,349.8,655.2,0.000121,
4499,718943,163,0.2231,0.0066,0.6751,0.3183,0.7924,-0.6862,0.2639,10639.2,847.6,294.5,842.0,0.000154,-0.160295
4500,719099,156,1.0995,0.5176,0.24,0.2424,1.0,-0.7184,0.1132,12618.7,1120.2,354.7,375.4,0.000135,-0.154255
4501,719258,159,0.506,0.2305,0.5036,0.2658,0.9117,-0.7352,0.1077,11093.5,1047.4,356.9,592.4,0.000134,
4502,719421,163,0.8546,0.3485,0.0795,0.572,0.6738,-0.7831,-0.033,10187.3,1174.1,413.2,408.5,0.000168,-0.153992
4503,719575,154,0.5963,0.2152,0.4617,0.3231,1.0,-0.715,0.1916,11795.9,1034.7,323.4,370.4,0.000149,-0.184952
4504,719738,163,0.5076,0.3293,0.6125,0.0582,0.9696,-0.6631,0.2347,11314.3,839.5,306.1,1007.0,0.000215,
4505,719892,154,1.3484,0.7113,0.1329,0.1558,1.0,-0.7257,0.1199,12769.2,1163.6,352.0,284.0,0.000335,
4506,720054,162,0.7051,0.2032,0.1676,0.6291,0.8573,-0.8076,0.1365,10886.3,1414.6,345.4,935.0,0.0001,
4507,720214,160,1.2526,0.5976,0.0527,0.3497,1.0,-0.6678,0.0685,12482.7,939.5,372.6,561.7,8.7e-05,
4508,720379,165,0.6755,0.3899,0.5413,0.0688,0.9269,-0.6967,0.0036,11151.6,919.1,398.5,442.8,7.7e-05,-0.161109
4509,720540,161,0.5245,0.1221,0.364,0.514,0.5047,-0.7567,0.1573,9542.7,980.4,337.1,462.6,0.000108,
4510,720705,165,0.8234,0.5179,0.3401,0.142,0.7434,-0.7463,0.2021,10452.4,1029.8,319.2,478.6,0.00014,-0.15565
4511,720864,159,0.8683,0.3644,0.1675,0.4681,0.7746,-0.7678,0.283,10571.0,1138.3,286.8,665.3,0.000126,
4512,721023,159,0.588,0.0427,0.833,0.1243,1.0,-0.0834,0.1828,12014.5,327.7,326.9,793.8,7.7e-05,-0.155936
4513,721186,163,0.4102,0.16,0.5447,0.2953,0.9682,-0.7539,0.1147,11308.7,1148.7,354.1,512.2,9.8e-05,
4514,721347,161,0.7926,0.3952,0.3302,0.2745,0.8081,-0.7093,0.0102,10698.8,920.1,395.9,367.9,9e-05,-0.16683
4515,721513,166,0.716,0.2306,0.2593,0.5101,0.8793,-0.7274,0.1751,10970.1,1006.1,330.0,824.7,0.000116,-0.172625
4516,721673,160,0.5916,0.3338,0.3796,0.2866,0.7653,-0.7216,0.1776,10535.8,946.0,329.0,653.9,0.000109,-0.187296
4517,721832,159,0.6779,0.3098,0.4991,0.1911,0.9398,-0.7396,0.0475,11200.6,1075.2,381.0,260.8,0.000146,
4518,721994,162,1.0971,0.0778,0.0237,0.8985,0.2222,-0.8503,0.3883,8466.7,1413.5,244.7,413.7,0.000138,
4519,722155,161,0.7365,0.4984,0.4375,0.064,0.8337,-0.755,-0.0065,10796.4,1101.5,402.6,532.1,7.7e-05,-0.164007
4520,722319,164,1.3795,0.7636,0.0067,0.2297,0.8827,-0.7641,-0.0406,10983.1,1164.1,416.2,500.3,0.000104,-0.186016
4521,722474,155,0.546,0.2176,0.7028,0.0796,0.8524,-0.6392,0.0622,10867.6,753.0,375.1,182.3,0.00015,
4522,722631,157,0.8727,0.4293,0.3564,0.2143,1.0,-0.7207,0.2085,11439.0,1024.0,316.6,446.0,0.000107,-0.179203
4523,722787,156,1.1218,0.5346,0.2546,0.2107,1.0,-0.6782,0.0922,12147.7,943.6,363.1,518.2,9.3e-05,-0.172617
4524,722954,167,0.5686,0.219,0.4536,0.3273,0.9413,-0.7709,0.0353,11206.3,1223.0,385.9,462.7,8.4e-05,
4525,723112,158,1.1171,0.5917,0.0959,0.3123,0.8595,-0.7487,0.148,10894.8,1084.0,340.8,777.2,0.000139,
4526,723276,164,0.4296,0.0244,0.4166,0.5589,0.7976,-0.7551,0.101,10658.9,1088.1,359.6,540.6,4.8e-05,
4527,723426,150,1.0684,0.1234,0.0314,0.8452,0.1501,-0.8444,0.4374,8191.9,1316.3,225.0,391.3,0.000162,
4528,723587,161,1.2908,0.7695,0.1129,0.1176,0.9048,-0.8036,0.1049,11067.3,1408.9,358.1,735.8,8.5e-05,-0.172948
4529,723747,160,0.8891,0.5063,0.4464,0.0472,1.0,-0.7124,0.1273,11472.4,997.4,349.1,688.4,0.000111,-0.163924
4530,723907,160,0.7104,0.3741,0.4682,0.1577,1.0,-0.6702,0.1395,12350.6,936.2,344.2,521.2,8.7e-05,-0.177368
4531,724059,152,1.4811,0.8831,0.0661,0.0509,0.9892,-0.7922,0.0974,11389.0,1370.2,361.0,465.3,0.00012,-0.15205
4532,724216,157,1.1023,0.6445,0.2938,0.0617,1.0,-0.7283,0.1494,11664.9,1073.2,340.3,476.3,0.000141,
4533,724379,163,0.4101,0.2915,0.6456,0.0629,0.8781,-0.6873,0.4024,10965.6,876.7,239.0,831.3,0.000122,-0.157488
4534,724543,164,1.3974,0.814,0.039,0.147,0.9773,-0.7833,0.2093,11343.5,1308.6,316.3,741.8,0.000126,-0.172057
4535,724703,160,0.9679,0.0139,0.0625,0.9237,0.2932,-0.8342,0.3688,8737.3,1317.3,252.5,532.1,0.000173,-0.164097
4536,724861,158,0.9515,0.1981,0.0861,0.7158,0.7871,-0.7672,0.3124,10618.7,1140.4,275.1,612.9,0.000109,-0.165272
4537,725025,164,0.6419,0.4372,0.4367,0.1261,0.8261,-0.71,0.3281,10767.6,928.2,268.7,638.8,9.1e-05,-0.174392
4538,725181,156,1.1288,0.1582,0.0029,0.8388,0.9825,-0.7507,0.5154,11363.1,1139.3,193.8,813.2,8.1e-05,-0.193437
4539,725345,164,0.645,0.2581,0.4155,0.3264,1.0,-0.6771,0.1753,12232.6,947.0,329.9,540.3,0.000791,-0.168947
4540,725503,158,0.3936,0.102,0.5438,0.3542,0.9789,-0.7055,-0.0206,11349.5,963.4,408.2,568.6,0.000161,-0.181824
4541,725667,164,0.2558,0.1088,0.7581,0.1332,0.7812,-0.5727,0.2357,10596.2,620.0,305.7,631.2,0.000272,-0.157336
4542,725831,164,0.8818,0.293,0.1192,0.5878,0.7832,-0.7894,0.2186,10604.0,1258.7,312.6,739.4,0.000143,-0.185304
4543,725990,159,0.6763,0.3514,0.3524,0.2962,0.7742,-0.7211,0.1867,10569.7,947.4,325.3,576.8,0.000218,
4544,726151,161,0.783,0.198,0.2151,0.5869,0.9785,-0.7291,0.0729,11348.0,1047.1,370.8,590.0,0.000139,-0.17599
4545,726307,156,0.7134,0.2274,0.264,0.5086,0.5428,-0.746,0.1607,9688.1,953.6,335.7,409.0,0.000288,-0.171463
4546,726469,162,0.9842,0.2777,0.0636,0.6586,1.0,-0.7183,0.1259,11703.0,1038.6,349.6,615.1,0.000159,-0.176751
4547,726629,160,0.8985,0.394,0.2058,0.4002,0.8974,-0.7526,0.0415,11039.0,1115.3,383.4,456.3,0.000219,-0.160711
4548,726792,163,0.6182,0.0306,0.236,0.7334,0.1427,-0.8038,0.1832,8163.7,1040.2,326.7,492.6,9.1e-05,
4549,726955,163,1.545,0.8832,0.0336,0.0832,1.0,-0.7681,0.2242,11677.3,1258.9,310.3,451.2,0.000185,-0.197292
4550,727116,161,0.5978,0.2263,0.4254,0.3483,0.823,-0.687,0.3775,10755.7,859.0,249.0,817.9,0.000102,
4551,727276,160,0.7776,0.4354,0.2241,0.3405,0.6271,-0.706,0.0942,10009.1,851.2,362.3,529.4,0.000135,
4552,727435,159,0.3004,0.0647,0.555,0.3803,0.6161,-0.7549,0.0769,9967.4,1016.5,369.2,425.9,0.000103,-0.19101
4553,727595,160,1.183,0.5857,0.1337,0.2806,1.0,-0.6705,0.2596,11982.3,909.0,296.2,843.0,7.8e-05,-0.163492
4554,727746,151,1.0108,0.3698,0.0797,0.5505,0.8183,-0.6308,0.0985,10737.8,727.1,360.6,474.1,0.000113,
4555,727902,156,1.2246,0.511,0.008,0.4811,1.0,-0.6922,0.2052,11927.1,968.9,317.9,788.0,9.7e-05,
4556,728057,155,0.6513,0.4177,0.086,0.4963,0.1771,-0.7696,0.111,8294.9,899.9,355.6,633.1,0.000144,-0.162222
4557,728217,160,0.9283,0.4261,0.0321,0.5418,0.5709,-0.7527,-0.0048,9795.1,990.1,401.9,427.8,0.000131,-0.161867
4558,728376,159,0.7991,0.1697,0.1498,0.6805,0.88,-0.7431,0.147,10972.6,1067.6,341.2,525.6,8.3e-05,
4559,728538,162,0.9225,0.4951,0.3085,0.1964,1.0,-0.7672,0.1511,11489.1,1233.7,339.6,535.1,9e-05,
4560,728697,159,1.0605,0.3579,0.1372,0.5049,0.9502,-0.7506,0.185,11240.3,1126.8,326.0,422.3,0.000115,-0.168335
4561,728852,155,0.8926,0.015,0.1775,0.8075,0.2053,-0.8325,0.3016,8402.4,1253.8,279.4,368.8,0.000136,
4562,729007,155,0.8636,0.1611,0.1689,0.67,1.0,-0.723,0.2423,11456.2,1033.9,303.1,440.6,9.1e-05,-0.187487
4563,729162,155,0.4698,0.386,0.5499,0.0641,0.4146,-0.6971,0.0494,9199.7,759.4,380.2,335.5,0.000193,
4564,729328,166,0.3402,0.0461,0.8045,0.1494,0.4331,-0.5128,0.2129,9269.9,475.7,314.8,573.9,7.4e-05,
4565,729484,156,0.4222,0.1869,0.695,0.1181,0.89,-0.6408,0.1242,11010.8,766.4,350.3,496.3,0.000178,
4566,729642,158,1.15,0.7133,0.1922,0.0944,0.873,-0.7463,0.1224,10946.1,1078.4,351.1,561.8,0.000149,
4567,729797,155,0.9549,0.3613,0.263,0.3757,1.0,-0.6679,0.3084,12141.3,913.9,276.6,454.1,0.000674,-0.183042
4568,729956,159,0.9026,0.1733,0.117,0.7098,0.7128,-0.7511,0.3243,10335.7,1038.1,270.3,556.1,0.000219,
4569,730114,158,0.9019,0.382,0.2933,0.3246,1.0,-0.663,0.209,12170.7,903.0,316.4,500.7,0.000102,
4570,730280,166,1.2413,0.7119,0.1224,0.1657,1.0,-0.7273,0.0544,11746.2,1076.7,378.2,693.4,9.6e-05,
4571,730443,163,0.8119,0.3421,0.3292,0.3286,0.9735,-0.6605,0.2126,11329.2,834.2,314.9,746.7,0.000114,-0.179012
4572,730601,158,0.3936,0.2428,0.7384,0.0188,1.0,-0.5914,0.2142,11508.6,704.2,314.3,738.3,0.000107,-0.1701
4573,730764,163,1.5855,0.942,0.021,0.037,0.9155,-0.784,-0.0656,11108.2,1285.6,426.2,293.7,0.000104,
4574,730930,166,0.631,0.2218,0.3545,0.4237,0.8937,-0.7127,0.1103,11025.0,959.5,355.9,570.8,0.000108,
4575,731086,156,0.8577,0.3082,0.1895,0.5023,1.0,-0.6943,0.0347,11798.8,964.8,386.1,514.9,0.000114,
4576,731243,157,0.5224,0.3374,0.5627,0.0999,0.8449,-0.7164,0.1645,10839.2,955.6,334.2,591.5,0.000129,-0.178198
4577,731397,154,0.8536,0.2641,0.0991,0.6369,0.7287,-0.7557,0.2418,10396.2,1063.7,303.3,1012.6,0.00012,-0.181619
4578,731552,155,0.3425,0.1183,0.6458,0.2359,0.7733,-0.7313,0.1818,10566.4,983.0,327.3,481.6,0.00015,
4579,731711,159,0.5108,0.0719,0.5322,0.3959,0.962,-0.7079,0.1898,11285.4,965.7,324.1,335.0,0.000121,-0.176528
4580,731866,155,0.8591,0.5449,0.26,0.1951,0.7511,-0.7481,0.0322,10481.8,1040.2,387.1,498.9,8.5e-05,
4581,732023,157,0.4733,0.1559,0.8429,0.0012,0.7026,-0.1833,0.1609,10296.9,315.2,335.7,576.6,7e-05,-0.173438
4582,732185,162,1.0831,0.2573,0.021,0.7217,0.8375,-0.7549,0.3998,10811.0,1102.6,240.1,667.9,0.000145,-0.179402
4583,732344,159,0.7652,0.3812,0.1169,0.502,0.3196,-0.7922,0.1879,8837.6,1063.3,324.8,571.0,0.000109,
4584,732499,155,0.6158,0.3026,0.4706,0.2268,0.826,-0.7118,0.1649,10767.0,933.9,334.1,508.4,9.9e-05,-0.198298
4585,732656,157,1.2088,0.6647,0.1408,0.1944,1.0,-0.7516,0.1421,11448.8,1152.3,343.2,344.2,0.000104,
4586,732819,163,0.8637,0.0619,0.8797,0.0584,1.0,0.1609,0.0107,11625.9,250.4,395.7,378.1,0.000139,-0.189068
4587,732978,159,0.443,0.162,0.5705,0.2675,0.9422,-0.6876,0.1993,11209.7,897.1,320.3,530.8,9.5e-05,
4588,733131,153,0.8584,0.3166,0.3147,0.3687,1.0,-0.6919,0.0978,11915.1,966.7,360.9,304.6,0.000139,-0.151309
4589,733295,164,0.5203,0.0848,0.3572,0.558,1.0,-0.6911,0.1035,12006.8,971.6,358.6,624.6,9.9e-05,-0.202969
4590,733460,165,1.1292,0.6477,0.0913,0.2609,0.8415,-0.7724,0.1162,10826.1,1189.0,353.5,745.7,0.000129,
4591,733620,160,1.2016,0.2775,0.0661,0.6564,1.0,-0.7273,0.0748,12771.5,1170.9,370.1,226.0,0.000176,
4592,733780,160,0.5799,0.3012,0.4739,0.2249,0.8936,-0.6875,0.1691,11024.4,881.9,332.4,768.7,0.000192,
4593,733942,162,1.0072,0.5476,0.2831,0.1693,1.0,-0.6844,0.1829,12477.2,988.2,326.8,564.5,0.000136,
4594,734107,165,0.3197,0.0287,0.5938,0.3775,0.9514,-0.6876,0.2284,11245.0,899.8,308.7,657.9,0.000105,-0.190089
4595,734270,163,1.2781,0.8345,0.1515,0.0141,0.9463,-0.8004,0.1522,11225.4,1406.2,339.1,919.7,0.000106,
4596,734432,162,0.9268,0.2697,0.112,0.6183,1.0,-0.7209,0.1371,12384.9,1109.4,345.2,648.2,0.000124,
4597,734591,159,1.3007,0.6158,0.0975,0.2867,1.0,-0.6845,0.2128,11826.9,937.3,314.9,497.7,0.000122,-0.188618
4598,734753,162,0.5025,0.0652,0.4687,0.4661,0.6654,-0.6401,0.1018,10155.1,705.5,359.3,476.5,0.000234,-0.164359
4599,734918,165,0.9853,0.9008,0.0423,0.0569,0.5218,-0.8511,0.1993,9608.0,1613.5,320.3,756.4,0.000198,
4600,735074,156,0.4306,0.0542,0.7692,0.1766,1.0,-0.4681,0.2338,11617.8,546.1,306.5,495.6,0.000191,
4601,735233,159,0.9223,0.5251,0.3855,0.0894,0.8938,-0.7134,0.1133,11025.2,961.8,354.7,346.4,0.000117,-0.187238
4602,735393,160,0.9783,0.1236,0.0466,0.8297,-0.1002,-0.8747,0.3295,7238.4,1444.1,268.2,309.3,0.000119,-0.183208
4603,735553,160,0.4964,0.1805,0.63,0.1895,1.0,-0.6084,0.0374,11779.4,752.0,385.1,618.3,9.3e-05,-0.19113
4604,735714,161,0.6144,0.3913,0.5677,0.041,0.9149,-0.6998,0.1268,11105.8,925.0,349.3,571.0,0.000121,
4605,735877,163,0.3071,0.0978,0.6215,0.2807,0.8777,-0.6562,0.1988,10963.9,797.2,320.5,722.4,0.000393,-0.170923
4606,736042,165,0.64,0.3414,0.4825,0.1761,0.8604,-0.7162,0.2853,10898.3,960.2,285.9,455.0,0.000133,
4607,736199,157,0.8223,0.3275,0.3954,0.2771,1.0,-0.6555,0.1893,11781.3,855.0,324.3,381.8,0.000205,-0.176298
4608,736366,167,0.4704,0.0138,0.9785,0.0077,0.0505,0.0808,0.0476,7812.3,180.7,380.9,534.5,0.000174,
4609,736525,159,0.8829,0.0276,0.0858,0.8866,0.4321,-0.842,0.3314,9266.3,1466.5,267.4,584.2,0.000214,-0.181383
4610,736687,162,0.862,0.2773,0.2146,0.5081,1.0,-0.7176,0.1905,11884.2,1051.9,323.8,770.0,0.000229,-0.172975
4611,736843,156,1.2608,0.6751,0.2119,0.1131,0.9891,-0.7378,-0.0132,11388.5,1085.8,405.3,452.2,0.00024,-0.178166
4612,737000,157,1.1532,0.6717,0.1936,0.1347,0.881,-0.7228,0.0219,10976.6,990.1,391.3,565.8,0.000204,
4613,737151,151,0.6754,0.1699,0.2295,0.6006,0.501,-0.7523,0.2306,9528.8,961.5,307.8,511.4,0.000185,-0.156117
4614,737311,160,0.6128,0.054,0.482,0.464,0.654,-0.6704,0.1442,10111.7,767.0,342.3,292.7,0.000122,-0.193021
4615,737473,162,1.1106,0.3583,0.0499,0.5918,0.8732,-0.722,0.2151,10946.9,984.5,314.0,342.2,0.000108,-0.160287
4616,737634,161,0.7973,0.3992,0.2531,0.3477,0.7546,-0.7169,0.2492,10495.1,926.8,300.3,633.6,0.000197,
4617,737800,166,1.4133,0.732,0.0154,0.2526,1.0,-0.7224,0.0457,11693.8,1053.2,381.7,651.9,0.000109,
4618,737958,158,0.96,0.0999,0.0776,0.8225,0.6967,-0.7599,0.3931,10274.6,1069.9,242.8,497.4,0.000161,
4619,738121,163,1.1187,0.5948,0.3421,0.0631,1.0,-0.6965,0.0611,12260.0,1009.7,375.6,594.3,9.9e-05,-0.18166
4620,738279,158,1.0046,0.6541,0.1153,0.2306,0.6435,-0.7381,0.0717,10071.9,961.3,371.3,497.2,9.9e-05,-0.157524
4621,738437,158,0.4856,0.2805,0.683,0.0364,0.9318,-0.6188,0.1588,11170.3,732.7,336.5,722.7,0.000105,-0.179145
4622,738594,157,0.5579,0.0319,0.3103,0.6578,0.7543,-0.7154,0.2777,10493.8,921.7,288.9,464.9,0.000109,
4623,738751,157,1.2088,0.8038,0.1626,0.0336,0.7655,-0.7055,0.0563,10536.5,894.5,377.5,370.8,0.000142,-0.183423
4624,738906,155,1.0758,0.6408,0.0921,0.2671,0.7348,-0.7736,0.0344,10419.7,1150.3,386.2,362.2,0.000115,
4625,739072,166,0.8428,0.5959,0.3637,0.0403,0.6562,-0.7162,0.0477,10120.2,891.6,380.9,467.5,0.000101,
4626,739238,166,0.3968,0.1091,0.4495,0.4414,0.6711,-0.7373,-0.037,10177.0,968.3,414.8,351.8,0.000129,
4627,739401,163,0.5928,0.0725,0.3738,0.5537,0.3101,-0.715,0.256,8801.3,772.0,297.6,366.2,0.000133,-0.177361
4628,739556,155,0.3486,0.0978,0.7293,0.1729,0.9279,-0.6062,0.2175,11155.5,708.2,313.0,616.3,0.000492,
4629,739713,157,0.4344,0.3428,0.6253,0.0319,0.6571,-0.6754,0.2262,10123.6,779.7,309.5,483.6,9.3e-05,-0.192333
4630,739871,158,0.9847,0.0581,0.0898,0.8521,0.0846,-0.8238,0.462,7942.4,1127.2,215.2,512.7,9.9e-05,-0.171663
4631,740029,158,0.9466,0.5368,0.2035,0.2597,0.8739,-0.7665,0.0676,10949.5,1172.1,373.0,502.1,0.000129,-0.195834
4632,740187,158,0.7106,0.5121,0.344,0.1439,0.6982,-0.7578,0.1556,10280.1,1061.1,337.7,697.5,0.000116,-0.180595
4633,740347,160,0.813,0.357,0.1259,0.517,0.6652,-0.7837,0.1747,10154.4,1173.9,330.1,637.1,0.000119,-0.175353
4634,740509,162,0.6054,0.1147,0.512,0.3733,1.0,-0.5886,0.2393,11963.4,727.0,304.3,460.1,0.000122,-0.191184
4635,740670,161,0.8607,0.3556,0.2591,0.3852,1.0,-0.7043,0.0947,12187.3,1030.4,362.1,733.0,0.000209,
4636,740834,164,0.9389,0.0484,0.0793,0.8722,0.3182,-0.8357,0.3609,8832.2,1344.1,255.6,691.7,9.5e-05,
4637,740993,159,0.7704,0.0481,0.2074,0.7445,-0.2396,-0.8093,0.3572,6707.0,879.1,257.1,487.5,9.4e-05,-0.193782
4638,741151,158,1.024,0.51,0.2368,0.2532,1.0,-0.6645,0.0655,11855.2,883.5,373.8,594.7,0.000162,-0.17356
4639,741317,166,0.4121,0.2509,0.6457,0.1034,0.66,-0.7075,0.2964,10134.7,866.3,281.4,582.8,0.000152,-0.172336
4640,741475,158,0.5428,0.1123,0.8362,0.0515,0.73,-0.2244,0.2351,10401.4,335.3,305.9,512.3,9.3e-05,-0.168246
4641,741628,153,0.9854,0.2136,0.0356,0.7507,0.5096,-0.8223,0.3582,9561.6,1345.2,256.7,653.7,0.000126,
4642,741790,162,0.5709,0.0792,0.3162,0.6046,0.9457,-0.7415,0.1453,11223.2,1085.6,341.9,890.7,0.000144,
4643,741951,161,1.2096,0.9745,0.0163,0.0092,0.6823,-0.8526,0.215,10219.4,1733.8,314.0,483.6,0.000162,-0.187771
4644,742110,159,0.4063,0.1821,0.6735,0.1444,1.0,-0.6669,0.1986,11567.8,868.2,320.6,556.3,0.00015,
4645,742266,156,0.8662,0.071,0.1945,0.7345,0.9504,-0.6462,0.4528,11241.1,794.4,218.9,738.6,0.000983,
4646,742429,163,0.7847,0.1069,0.2178,0.6753,1.0,-0.6154,0.2726,11684.8,759.6,291.0,628.8,9.1e-05,-0.167063
4647,742592,163,0.4828,0.2125,0.5958,0.1917,0.6429,-0.6994,0.1199,10069.6,837.5,352.0,464.0,0.000135,
4648,742749,157,0.3722,0.0408,0.4822,0.477,0.6701,-0.7443,0.207,10173.1,994.6,317.2,774.4,0.000136,-0.204709
4649,742907,158,1.0944,0.379,0.0255,0.5955,1.0,-0.7137,0.1586,11833.0,1033.2,336.6,785.8,8e-05,-0.179384
4650,743069,162,0.4104,0.1647,0.7866,0.0487,0.8456,-0.4528,0.2786,10841.9,495.4,288.6,695.1,0.000145,-0.16129
4651,743235,166,0.7443,0.1635,0.2113,0.6252,0.614,-0.7637,0.1507,9959.3,1053.9,339.7,465.2,0.000281,-0.17287
4652,743390,155,0.6715,0.1397,0.3177,0.5426,0.8994,-0.6825,0.2206,11046.6,869.9,311.8,512.8,0.000136,
4653,743547,157,0.6169,0.4232,0.5681,0.0088,0.8403,-0.7411,0.1694,10821.7,1044.8,332.2,537.1,0.000142,-0.196097
4654,743706,159,0.9008,0.4059,0.1142,0.4799,0.6201,-0.7306,0.18,9982.6,926.3,328.0,353.5,9.2e-05,
4655,743864,158,0.6872,0.471,0.4454,0.0836,0.8034,-0.7085,0.2356,10681.0,916.1,305.8,558.3,0.000101,
4656,744028,164,1.2784,0.8425,0.0225,0.1349,0.6967,-0.8043,-0.0789,10274.3,1312.3,431.6,381.9,8.8e-05,
4657,744189,161,0.8873,0.6992,0.1744,0.1264,0.6004,-0.7741,0.2276,9907.5,1096.5,309.0,595.6,0.000131,-0.189182
4658,744349,160,1.0328,0.418,0.0831,0.4988,0.9162,-0.7567,0.2042,11110.8,1141.5,318.3,654.6,9.1e-05,-0.202174
4659,744507,158,0.812,0.2179,0.2,0.5822,0.735,-0.6442,0.11,10420.5,732.2,356.0,506.2,9.3e-05,-0.181304
4660,744666,159,0.938,0.4435,0.0345,0.522,0.6004,-0.7101,0.208,9907.6,854.5,316.8,724.3,0.000115,
4661,744827,161,0.4654,0.0959,0.4977,0.4063,0.7482,-0.7135,0.3772,10470.6,913.7,249.1,802.3,0.000102,-0.199914
4662,744989,162,0.9176,0.3654,0.2188,0.4158,0.9317,-0.7332,0.257,11169.9,1046.7,297.2,504.9,0.000116,-0.194087
4663,745150,161,1.0361,0.5587,0.2518,0.1895,0.9781,-0.6957,0.0475,11346.5,932.3,381.0,593.5,0.000174,
4664,745314,164,0.9311,0.0539,0.0262,0.9198,-0.4821,-0.9369,0.277,5783.3,2291.1,289.2,285.7,0.000107,
4665,745471,157,0.8196,0.2694,0.1728,0.5577,0.6931,-0.7515,0.1635,10260.5,1032.2,334.6,312.0,0.000155,-0.156418
4666,745632,161,1.5717,0.9089,0.0294,0.0617,1.0,-0.7479,0.0857,12030.8,1192.9,365.7,611.5,0.000151,
4667,745789,157,0.1808,0.0991,0.6858,0.2151,0.6906,-0.7083,0.2942,10251.2,878.5,282.3,730.0,0.000126,-0.175528
4668,745949,160,1.1433,0.6473,0.2305,0.1222,1.0,-0.6292,0.1386,11759.2,792.9,344.6,567.7,0.000184,-0.194544
4669,746108,159,0.7334,0.3566,0.5502,0.0932,0.8833,-0.6162,0.1464,10985.4,715.5,341.4,273.0,0.000126,
4670,746267,159,0.7191,0.3063,0.2112,0.4825,0.6053,-0.7416,0.2768,9926.3,960.4,289.3,714.9,0.000133,-0.192474
4671,746426,159,0.4436,0.3545,0.53,0.1156,0.448,-0.7298,0.2695,9327.0,862.9,292.2,469.0,0.000115,
4672,746581,155,0.7757,0.1407,0.302,0.5573,1.0,-0.5032,0.2694,12497.3,628.8,292.2,570.6,8.6e-05,-0.22147
4673,746752,171,0.6982,0.0443,0.2501,0.7055,0.5129,-0.749,0.2818,9574.1,953.6,287.3,554.7,0.000104,
4674,746903,151,0.2574,0.0542,0.7126,0.2333,0.716,-0.6565,0.2838,10348.0,753.2,286.5,496.6,0.000114,-0.170112
4675,747063,160,1.2233,0.6458,0.0977,0.2564,1.0,-0.6824,0.1473,12178.9,958.6,341.1,732.9,0.000202,-0.180766
4676,747220,157,1.1572,0.7351,0.1829,0.082,0.8347,-0.7001,0.0645,10800.1,900.4,374.2,511.6,0.000113,
4677,747376,156,0.7526,0.5995,0.3702,0.0303,0.6476,-0.7047,0.3491,10087.3,854.1,260.4,775.7,9.2e-05,
4678,747534,158,0.6675,0.2393,0.4169,0.3438,0.9147,-0.5809,0.3356,11104.9,662.3,265.8,726.2,0.000126,
4679,747691,157,1.1973,0.6186,0.22,0.1614,1.0,-0.7183,0.0193,12636.6,1121.3,392.3,383.3,6.5e-05,-0.179857
4680,747852,161,0.7459,0.1093,0.3272,0.5635,1.0,-0.5993,0.2377,12753.5,795.7,304.9,489.9,0.000129,
4681,748016,164,1.0419,0.6265,0.3215,0.052,1.0,-0.6917,0.1571,11550.3,936.6,337.2,564.8,8.6e-05,
4682,748171,155,1.0638,0.1166,0.0117,0.8717,0.5993,-0.7466,0.3936,9903.4,977.1,242.6,591.0,0.000277,-0.170909
4683,748329,158,1.287,0.6786,0.0025,0.3189,0.9876,-0.7742,0.2019,11382.8,1260.4,319.2,840.1,0.000164,-0.193513
4684,748487,158,0.5279,0.4309,0.5289,0.0402,0.5272,-0.7507,0.047,9628.6,965.6,381.2,322.9,0.000199,-0.179062
4685,748651,164,0.578,0.2158,0.3665,0.4176,0.6405,-0.6935,0.2603,10060.2,820.6,295.9,659.5,0.000102,-0.172055
4686,748810,159,0.6093,0.2216,0.5713,0.2071,0.9536,-0.5647,-0.0105,11253.2,646.3,404.2,564.1,0.00032,
4687,748964,154,1.2364,0.5937,0.1157,0.2906,1.0,-0.7428,0.1147,12217.5,1187.5,354.1,390.4,9.3e-05,
4688,749120,156,1.3859,0.8037,0.007,0.1893,0.9025,-0.8044,0.0092,11058.5,1413.3,396.3,552.9,9.8e-05,
4689,749279,159,0.5396,0.123,0.8589,0.0181,0.7085,-0.0966,0.1666,10319.4,285.6,333.4,504.6,8.9e-05,-0.168099
4690,749434,155,0.5137,0.0012,0.4658,0.533,0.7969,-0.6321,0.189,10656.0,724.1,324.4,359.9,0.000163,
4691,749595,161,1.3567,0.6101,0.0115,0.3784,1.0,-0.7269,0.1109,11887.4,1088.3,355.6,466.4,8.9e-05,-0.198025
4692,749756,161,1.1743,0.4541,0.0034,0.5426,1.0,-0.7433,0.0787,12355.9,1203.1,368.5,632.5,9.6e-05,
4693,749917,161,0.8989,0.424,0.3214,0.2546,1.0,-0.7234,0.1134,11528.9,1042.2,354.6,422.4,9.2e-05,-0.192294
4694,750080,163,0.9162,0.3058,0.1455,0.5487,0.8807,-0.7415,0.1666,10975.3,1061.4,333.4,697.6,0.000156,
4695,750235,155,0.8351,0.3579,0.2081,0.434,0.7153,-0.7257,0.1209,10345.2,943.0,351.6,571.6,0.000109,-0.186439
4696,750401,166,0.6516,0.0524,0.3052,0.6424,1.0,-0.6932,0.2548,11647.7,949.2,298.1,581.7,0.000145,-0.192078
4697,750564,163,0.8243,0.237,0.171,0.592,1.0,-0.6376,0.1409,11817.7,815.3,343.7,714.4,0.000123,
4698,750723,159,0.5915,0.0975,0.4464,0.4561,0.8445,-0.5435,0.2059,10837.4,593.5,317.6,596.3,0.000169,-0.183345
4699,750885,162,0.9839,0.6507,0.3232,0.0261,0.8871,-0.714,0.2545,10999.9,961.6,298.2,538.6,0.000103,-0.216393
4700,751045,160,0.6166,0.3868,0.5709,0.0422,1.0,-0.6635,0.1643,12459.9,925.7,334.3,802.1,0.000147,-0.180685
4701,751198,153,0.8469,0.4216,0.1308,0.4475,0.5565,-0.6999,0.0975,9740.2,811.4,361.0,465.5,0.000181,
4702,751363,165,1.1774,0.6659,0.1249,0.2092,0.7909,-0.7057,0.0724,10633.4,903.3,371.1,543.2,0.000129,-0.190816
4703,751521,158,0.9022,0.3726,0.1068,0.5206,0.6171,-0.791,0.2692,9971.2,1192.7,292.3,583.3,0.000143,-0.188143
4704,751681,160,0.8624,0.0805,0.1376,0.7819,0.5297,-0.7057,0.4332,9638.3,818.7,226.7,1141.1,0.000124,-0.198384
4705,751845,164,1.0243,0.1253,0.0425,0.8323,0.5018,-0.8153,0.3892,9531.9,1290.1,244.3,565.5,8.6e-05,-0.182672
4706,752007,162,0.9875,0.4666,0.1971,0.3364,1.0,-0.6863,0.237,11917.6,949.9,305.2,751.2,0.000115,-0.224084
4707,752168,161,0.8475,0.3414,0.3309,0.3277,1.0,-0.6327,0.1433,11921.8,811.4,342.7,434.0,0.000112,
4708,752327,159,1.2391,0.5491,0.0601,0.3909,1.0,-0.707,0.275,11727.6,1000.8,290.0,716.3,7.7e-05,-0.165589
4709,752490,163,0.904,0.2054,0.0578,0.7369,0.5016,-0.8436,0.2298,9531.1,1523.9,308.1,501.9,0.000144,
4710,752652,162,1.0896,0.024,0.0067,0.9694,0.6625,-0.8208,0.4544,10144.2,1415.4,218.2,748.9,0.000493,
4711,752812,160,0.3993,0.0484,0.5732,0.3784,1.0,-0.6503,0.344,12263.8,876.8,262.4,750.7,0.000121,
4712,752970,158,0.8528,0.6674,0.2801,0.0525,0.6177,-0.692,0.116,9973.3,809.4,353.6,612.5,0.000112,
4713,753132,162,0.8299,0.0766,0.2198,0.7036,1.0,-0.707,0.4017,12507.8,1067.3,239.3,733.5,6.7e-05,
4714,753291,159,0.8825,0.121,0.1046,0.7745,0.1162,-0.8352,0.3905,8062.5,1223.2,243.8,631.4,0.000116,-0.200062
4715,753452,161,0.7937,0.3623,0.3843,0.2533,0.9863,-0.6856,0.1753,11378.0,904.7,329.9,496.4,0.000126,
4716,753618,166,0.8283,0.4523,0.4488,0.099,1.0,-0.5588,0.2642,12269.8,695.3,294.3,720.1,0.000138,
4717,753779,161,0.2536,0.0722,0.8193,0.1085,0.992,-0.4322,0.3462,11399.6,501.9,261.5,821.9,0.000112,-0.200574
4718,753936,157,0.5131,0.0083,0.8759,0.1158,0.6358,0.0277,0.1945,10042.4,244.3,322.2,462.0,0.000105,
4719,754087,151,0.827,0.0264,0.2152,0.7584,0.8351,-0.7598,0.4366,10801.6,1124.1,225.4,632.7,0.000127,-0.161526
4720,754253,166,0.8736,0.3347,0.2678,0.3975,1.0,-0.6803,0.0803,11580.8,905.7,367.9,810.8,0.000145,-0.205676
4721,754412,159,0.8386,0.1039,0.1959,0.7002,0.6806,-0.7442,0.4273,10213.0,998.0,229.1,625.9,0.000152,
4722,754570,158,1.1763,0.5922,0.0774,0.3304,0.9856,-0.7163,0.0292,11375.2,1002.4,388.3,643.9,0.000114,
4723,754730,160,0.5443,0.3273,0.6107,0.062,0.9052,-0.6893,0.2326,11068.6,890.5,306.9,600.6,0.000269,
4724,754885,155,0.9264,0.3226,0.109,0.5684,0.7226,-0.747,0.304,10373.3,1025.0,278.4,639.6,8.5e-05,-0.198886
4725,755047,162,1.1905,0.5493,0.0507,0.4,0.9573,-0.706,0.1576,11267.3,958.2,336.9,652.7,0.000117,-0.181871
4726,755205,158,0.8389,0.4952,0.4807,0.0241,1.0,-0.7071,0.0548,11589.5,989.2,378.1,315.1,0.000122,-0.219271
4727,755373,168,0.7896,0.2527,0.1946,0.5527,0.6934,-0.787,0.027,10261.7,1204.2,389.2,386.6,0.000205,-0.177595
4728,755538,165,1.0126,0.463,0.2026,0.3344,0.9893,-0.6685,0.0783,11389.4,858.9,368.7,611.1,0.000209,
4729,755692,154,1.0283,0.2789,0.1406,0.5805,1.0,-0.6744,0.3137,11747.9,902.1,274.5,464.7,7.9e-05,
4730,755852,160,0.5298,0.2179,0.5247,0.2574,0.9454,-0.6556,0.3009,11222.1,814.6,279.6,770.9,0.000137,
4731,756009,157,0.6441,0.2412,0.5561,0.2027,0.9999,-0.5645,0.1916,11429.5,656.2,323.4,373.5,0.000174,-0.162429
4732,756165,156,0.8141,0.1611,0.0923,0.7466,-0.0262,-0.8953,0.3031,7520.0,1794.9,278.8,453.0,7.9e-05,-0.200873
4733,756319,154,0.6032,0.0703,0.8208,0.1089,1.0,-0.2651,0.0727,11453.3,389.6,370.9,271.8,8e-05,-0.207617
4734,756481,162,0.939,0.034,0.0867,0.8793,-0.2153,-0.8516,0.4754,6799.6,1145.4,209.8,1004.6,0.00012,-0.181263
4735,756645,164,0.9882,0.4262,0.1149,0.4589,0.9666,-0.6703,0.0749,11302.7,857.1,370.0,703.5,0.000179,-0.206112
4736,756801,156,0.3899,0.1693,0.6122,0.2185,0.5341,-0.7056,0.0493,9654.9,819.8,380.3,432.5,0.000104,-0.199361
4737,756962,161,0.9647,0.727,0.1464,0.1265,0.6054,-0.703,0.0888,9926.7,835.5,364.5,750.8,0.000128,
4738,757122,160,1.0418,0.3585,0.149,0.4925,1.0,-0.5204,0.1847,12171.4,634.5,326.1,466.9,8.2e-05,
4739,757279,157,0.4603,0.2573,0.5558,0.1869,0.7666,-0.6759,0.0778,10540.7,813.1,368.9,795.2,0.000114,-0.197034
4740,757443,164,0.9698,0.3842,0.1198,0.496,0.8465,-0.7055,0.1897,10845.2,920.7,324.1,580.8,6.6e-05,-0.201853
4741,757605,162,0.3038,0.0717,0.6292,0.2992,0.3978,-0.7603,0.2072,9135.4,952.7,317.1,451.7,0.000119,-0.206191
4742,757759,154,0.5765,0.3909,0.4404,0.1687,0.6218,-0.6425,0.1965,9989.0,698.6,321.4,881.2,0.000147,-0.192664
4743,757917,158,1.3875,0.8002,0.0729,0.1269,0.9265,-0.6968,0.2009,11150.1,919.5,319.6,410.6,0.000164,-0.162831
4744,758071,154,0.6753,0.2558,0.3928,0.3514,0.7095,-0.6043,0.1624,10323.2,652.2,335.0,354.0,8.3e-05,-0.194306
4745,758231,160,0.9511,0.4379,0.1072,0.4549,0.8854,-0.7141,0.2101,10993.5,961.4,316.0,745.5,0.000107,-0.174092
4746,758389,158,1.0015,0.0386,0.9268,0.0345,0.4067,0.6024,-0.0899,9169.6,143.1,435.9,358.7,0.000115,-0.17101
4747,758543,154,0.5913,0.2378,0.5804,0.1819,0.9227,-0.5503,0.246,11135.4,619.1,301.6,461.5,0.00025,-0.175418
4748,758703,160,0.6046,0.311,0.4492,0.2398,0.4789,-0.7039,0.1596,9444.7,797.5,336.2,412.3,0.000139,-0.19978
4749,758862,159,1.2963,0.7056,0.0119,0.2825,0.8019,-0.7643,0.0845,10675.1,1132.4,366.2,447.2,0.000146,
4750,759022,160,0.593,0.0669,0.3869,0.5462,0.8652,-0.6555,0.1025,10916.3,792.1,359.0,310.1,0.000175,
4751,759189,167,0.9841,0.3513,0.2514,0.3973,1.0,-0.6543,0.0288,12228.7,884.3,388.5,463.0,0.000104,-0.182776
4752,759346,157,0.4563,0.2237,0.6874,0.0889,0.6657,-0.6009,0.2214,10156.1,636.2,311.5,386.3,7.5e-05,
4753,759506,160,0.5823,0.1285,0.3933,0.4782,0.953,-0.6295,0.1034,11250.9,759.1,358.6,700.7,0.000215,
4754,759667,161,0.9477,0.2224,0.0852,0.6924,0.8252,-0.7352,0.2294,10764.1,1016.4,308.2,468.7,7.6e-05,-0.21503
4755,759824,157,0.8349,0.2534,0.1456,0.601,0.6166,-0.7587,0.1297,9969.1,1032.8,348.1,357.0,8.8e-05,
4756,759987,163,0.7264,0.2374,0.4315,0.3311,1.0,-0.6538,0.2602,11487.8,829.5,295.9,431.7,0.000114,-0.189991
4757,760150,163,1.1098,0.5552,0.2517,0.1931,0.9724,-0.6105,0.3346,11324.7,726.9,266.2,590.3,7.7e-05,
4758,760312,162,0.4345,0.0187,0.4786,0.5027,0.5027,-0.7299,0.2651,9535.3,882.5,294.0,418.0,0.00015,
4759,760466,154,0.9556,0.5173,0.4421,0.0407,1.0,-0.6787,0.0684,11822.0,919.7,372.6,218.5,0.000132,
4760,760626,160,0.5481,0.4091,0.2538,0.3371,0.0517,-0.7437,0.2969,7816.8,762.5,281.2,816.9,0.000142,
4761,760784,158,0.991,0.02,0.1439,0.8362,0.8178,-0.6408,0.4415,10735.7,747.2,223.4,430.0,6.7e-05,
4762,760943,159,0.9526,0.14,0.0938,0.7662,0.328,-0.8857,0.3752,8869.8,1940.4,249.9,423.5,0.000113,-0.211913
4763,761099,156,0.572,0.3061,0.5693,0.1246,0.9455,-0.6324,0.1247,11222.5,763.2,350.1,861.9,0.000139,-0.168352
4764,761258,159,0.8971,0.4525,0.3651,0.1824,1.0,-0.6935,0.2394,11750.3,958.4,304.3,549.2,0.000135,
4765,761421,163,1.2099,0.7441,0.0528,0.2031,0.8016,-0.752,0.1248,10674.3,1076.1,350.1,686.4,0.000102,-0.193219
4766,761576,155,1.3342,0.6824,0.0479,0.2697,1.0,-0.6733,0.1335,11564.6,885.0,346.6,590.2,0.000175,
4767,761735,159,1.5496,0.9478,0.0167,0.0355,0.8485,-0.783,0.0007,10852.8,1250.6,399.7,373.5,0.000112,-0.220359
4768,761895,160,0.2889,0.032,0.7131,0.255,0.9397,-0.5793,-0.001,11200.3,665.6,400.4,618.6,0.000108,-0.210711
4769,762042,147,0.9692,0.5831,0.216,0.2009,0.7566,-0.7045,0.2384,10502.8,888.5,304.6,427.1,9.7e-05,
4770,762207,165,1.1676,0.6725,0.2279,0.0996,1.0,-0.7468,0.1665,11732.4,1158.4,333.4,429.3,7.1e-05,-0.22014
4771,762367,160,0.8156,0.2697,0.2096,0.5207,0.865,-0.6369,0.0357,10915.7,751.6,385.7,560.8,0.000106,-0.157898
4772,762534,167,0.3949,0.1613,0.5155,0.3232,0.5594,-0.7251,-0.1198,9751.3,886.9,447.9,632.2,0.000132,
4773,762693,159,0.9302,0.387,0.3467,0.2663,1.0,-0.6442,0.0388,11552.6,811.8,384.5,364.6,0.000259,-0.178142
4774,762852,159,0.9618,0.5239,0.269,0.2071,0.8731,-0.6825,0.1831,10946.7,862.1,326.7,503.8,0.000139,
4775,762909,57,-0.7756,0.4321,0.5081,0.0597,-1.0,-1.0,0.8195,0.0,311.3,72.2,448.0,0.0001,-0.179261
4776,763068,159,0.4293,0.1574,0.6774,0.1652,0.8008,-0.6359,0.0697,10671.0,732.7,372.1,353.9,0.000143,
4777,763220,152,1.5788,0.9425,0.0067,0.0508,1.0,-0.7364,0.1496,11705.9,1110.0,340.2,345.1,0.000102,
4778,763384,164,0.7804,0.1183,0.2983,0.5834,1.0,-0.6567,0.2046,12142.2,884.3,318.2,482.7,0.000142,
4779,763545,161,0.4636,0.0792,0.5223,0.3985,0.9948,-0.6973,0.3182,11410.0,942.4,272.7,715.2,8.3e-05,-0.186833
4780,763705,160,0.6748,0.0695,0.2907,0.6398,0.4215,-0.7228,0.232,9225.9,832.0,307.2,277.1,6.9e-05,-0.211814
4781,763867,162,0.4167,0.2373,0.7506,0.0121,0.7198,-0.5757,0.2024,10362.4,610.5,319.0,462.5,0.000112,-0.199244
4782,764028,161,0.537,0.4386,0.488,0.0734,0.6639,-0.7149,0.2393,10149.5,890.1,304.3,1016.7,8.9e-05,
4783,764187,159,0.9969,0.0608,0.0523,0.8869,0.2203,-0.8247,0.3964,8459.2,1206.4,241.4,475.5,0.000154,-0.186423
4784,764344,157,0.935,0.1947,0.1114,0.6938,0.6712,-0.7293,0.3911,10177.2,939.9,243.6,432.0,0.000107,
4785,764504,160,0.4408,0.278,0.5745,0.1474,0.4829,-0.7061,0.2475,9459.8,804.7,301.0,540.2,0.0002,
4786,764667,163,1.4314,0.77,0.0887,0.1413,1.0,-0.6892,0.2839,12409.3,998.0,286.4,605.6,0.000107,-0.186612
4787,764832,165,0.6736,0.1351,0.4294,0.4355,0.8035,-0.6496,0.2583,10681.3,762.1,296.7,401.6,0.000148,
4788,764990,158,0.377,0.0561,0.6463,0.2976,0.8798,-0.6414,0.1033,10971.9,765.0,358.7,262.3,0.000108,
4789,765143,153,0.5442,0.2212,0.5182,0.2605,1.0,-0.5535,0.3515,11789.6,660.1,259.4,866.5,8.6e-05,-0.198202
4790,765303,160,0.6259,0.3219,0.5624,0.1158,0.8408,-0.6337,0.125,10823.3,738.8,350.0,328.3,0.000141,-0.19102
4791,765465,162,1.1615,0.8859,0.0992,0.0149,0.5597,-0.7264,-0.0202,9752.3,891.0,408.1,255.0,0.000174,-0.20681
4792,765623,158,1.137,0.4055,0.1239,0.4707,0.9978,-0.6958,0.2983,11421.6,938.6,280.7,453.6,0.000159,-0.234107
4793,765786,163,0.774,0.4794,0.3376,0.1831,0.761,-0.6976,0.234,10519.4,869.8,306.4,644.0,0.000123,
4794,765951,165,0.5696,0.1547,0.4445,0.4009,0.8356,-0.6884,0.2055,10803.7,866.7,317.8,543.8,0.00012,-0.213088
4795,766106,155,0.8001,0.0383,0.1294,0.8323,-0.1158,-0.8327,0.4262,7178.6,1072.6,229.5,642.0,0.000124,
4796,766256,150,0.3631,0.1352,0.725,0.1398,0.7407,-0.5556,0.2278,10442.1,587.4,308.9,500.2,0.000111,
4797,766409,153,0.5354,0.1396,0.4726,0.3878,0.8349,-0.5952,0.0589,10800.8,667.1,376.5,486.5,0.000226,-0.199404
4798,766575,166,0.7946,0.0828,0.2281,0.6891,1.0,-0.6678,0.2976,12388.0,932.2,281.0,666.7,0.000114,-0.195491
4799,766741,166,1.053,0.5789,0.0432,0.3779,0.6648,-0.7477,0.2179,10152.9,1006.1,312.8,629.2,9.3e-05,-0.206486
4800,766897,156,0.7195,0.3268,0.4605,0.2127,1.0,-0.6725,0.118,11602.2,885.8,352.8,500.5,0.000121,-0.205365
4801,767050,153,0.5426,0.1734,0.4845,0.3422,0.738,-0.6524,0.1813,10431.9,750.2,327.5,521.5,0.000136,
4802,767205,155,0.6507,0.5461,0.3775,0.0764,0.4637,-0.7323,0.0995,9386.7,876.5,360.2,417.7,0.000132,-0.193712
4803,767368,163,0.9203,0.2448,0.1586,0.5966,1.0,-0.6951,0.0999,11775.2,965.5,360.0,284.1,0.000105,
4804,767533,165,0.7012,0.2627,0.4693,0.2679,0.9587,-0.6323,0.1912,11272.8,766.4,323.5,511.2,9.4e-05,-0.192631
4805,767695,162,0.7594,0.2429,0.1675,0.5896,0.6126,-0.6804,0.2209,9954.0,778.7,311.6,738.3,0.000248,-0.197336
4806,767855,160,1.049,0.1169,0.0458,0.8373,0.4857,-0.8157,0.4271,9470.4,1284.3,229.2,480.5,0.000148,-0.186196
4807,768019,164,0.7704,0.3076,0.1425,0.55,0.2811,-0.7124,0.3264,8691.1,755.5,269.5,674.1,0.000106,-0.183487
4808,768182,163,0.5998,0.1964,0.7496,0.054,1.0,-0.4789,0.0159,12277.0,588.9,393.6,283.3,0.000126,
4809,768349,167,0.6364,0.2022,0.496,0.3018,0.6165,-0.6431,0.1967,9969.0,698.4,321.3,422.4,9.6e-05,-0.213023
4810,768515,166,0.8363,0.2185,0.1725,0.609,0.6166,-0.7077,0.2371,9969.4,852.8,305.1,768.4,0.000142,-0.214203
4811,768679,164,1.3042,0.8052,0.0422,0.1526,0.768,-0.7479,0.1559,10546.0,1045.6,337.6,568.2,0.000207,-0.204754
4812,768841,162,1.3491,0.682,0.1802,0.1378,1.0,-0.6965,0.0501,11753.1,968.2,380.0,294.2,0.000209,-0.184029
4813,768998,157,0.6789,0.2983,0.3751,0.3266,0.7518,-0.6625,0.3763,10484.2,776.5,249.5,736.3,8.7e-05,
4814,769159,161,0.6164,0.0929,0.3926,0.5145,1.0,-0.4902,0.1692,13028.3,638.9,332.3,632.5,7.5e-05,-0.211455
4815,769316,157,0.9923,0.5821,0.2988,0.1191,0.7635,-0.6607,0.0404,10529.0,775.7,383.8,337.6,0.000104,
4816,769479,163,1.1633,0.6177,0.0057,0.3767,0.6855,-0.7563,0.3026,10231.9,1049.6,279.0,582.1,0.000215,-0.200046
4817,769642,163,0.9939,0.0223,0.106,0.8718,0.5834,-0.7654,0.3708,9842.8,1049.1,251.7,288.7,0.000218,
4818,769800,158,0.921,0.0092,0.1037,0.8871,0.6171,-0.7077,0.4227,9971.0,852.9,230.9,750.1,0.000176,
4819,769961,161,0.8181,0.5067,0.2954,0.1979,0.741,-0.7044,0.381,10443.3,883.3,247.6,900.1,0.000603,-0.192525
4820,770124,163,1.2322,0.9022,0.0525,0.0453,0.759,-0.7668,0.2783,10511.8,1126.7,288.7,549.2,0.00011,
4821,770289,165,0.8642,0.68,0.315,0.0049,0.6924,-0.738,0.2478,10258.1,978.8,300.9,623.5,0.000134,-0.171257
4822,770452,163,0.8992,0.3633,0.3217,0.3149,1.0,-0.5659,0.2775,12467.6,718.1,289.0,493.3,0.00018,
4823,770616,164,0.7922,0.0693,0.8313,0.0994,1.0,-0.1188,0.0392,12807.6,363.4,384.3,247.7,0.000132,
4824,770773,157,0.9861,0.4604,0.3194,0.2201,1.0,-0.6122,0.3118,12106.6,780.5,275.3,612.1,0.000149,-0.186937
4825,770931,158,0.6646,0.532,0.3601,0.1079,0.5462,-0.6698,0.1289,9701.0,734.4,348.4,513.3,0.000153,-0.176323
4826,771092,161,0.7762,0.4223,0.3802,0.1975,0.6251,-0.6288,0.2643,10001.5,673.6,294.3,694.1,0.000115,
4827,771255,163,0.8724,0.1222,0.2116,0.6662,0.7735,-0.6878,0.3296,10567.1,846.2,268.2,403.4,0.000119,-0.188174
4828,771413,158,1.0524,0.7192,0.0352,0.2456,0.6393,-0.7088,0.3398,10055.9,863.5,264.1,1309.2,0.000133,-0.201475
4829,771568,155,0.7052,0.3042,0.4216,0.2742,1.0,-0.6988,0.0675,11527.9,956.8,373.0,570.7,9.1e-05,
4830,771734,166,0.9193,0.2874,0.2276,0.485,0.995,-0.6866,0.2054,11410.9,910.3,317.8,777.1,0.000112,
4831,771894,160,1.3241,0.9468,0.0346,0.0186,0.6439,-0.7625,0.0104,10073.1,1060.4,395.8,610.4,0.000199,
4832,772056,162,0.5956,0.0145,0.4136,0.5719,0.5939,-0.6482,0.3296,9882.7,702.3,268.1,520.9,0.000577,
4833,772214,158,0.6853,0.2621,0.487,0.2509,1.0,-0.5896,0.2746,11794.0,718.4,290.1,601.8,7.7e-05,
4834,772381,167,0.6285,0.0188,0.9055,0.0757,0.4516,0.2066,0.2039,9340.7,193.5,318.5,473.6,0.000139,-0.197914
4835,772547,166,1.0497,0.5279,0.2665,0.2056,1.0,-0.6671,0.1207,11847.6,889.7,351.7,596.0,0.000117,-0.191351
4836,772703,156,1.1346,0.4166,0.0545,0.5288,0.897,-0.6746,0.3309,11037.7,847.9,267.6,553.8,0.000243,-0.223761
4837,772870,167,1.1592,0.3188,0.0627,0.6185,1.0,-0.6592,0.2837,12097.7,887.4,286.5,481.0,0.000203,
4838,773025,155,1.3521,0.7786,0.1059,0.1155,1.0,-0.6235,0.1963,12002.8,797.0,321.5,602.0,0.00013,-0.215725
4839,773188,163,0.342,0.0491,0.6539,0.297,1.0,-0.6495,0.1627,11764.9,839.1,334.9,519.7,6.5e-05,
4840,773348,160,0.6263,0.2638,0.5293,0.2068,0.7396,-0.5889,0.1253,10437.9,634.7,349.9,500.5,9.6e-05,
4841,773514,166,1.3252,0.6224,0.0138,0.3639,0.957,-0.7173,0.3095,11266.1,996.4,276.2,746.8,9.5e-05,
4842,773676,162,0.6647,0.1597,0.3232,0.5171,0.8385,-0.6186,0.2143,10814.7,708.9,314.3,468.6,0.000151,
4843,773839,163,0.7185,0.254,0.3354,0.4106,0.881,-0.678,0.1942,10976.7,852.2,322.3,439.9,8.7e-05,-0.217946
4844,774002,163,1.0337,0.3742,0.1396,0.4862,1.0,-0.6258,0.1856,12107.2,808.9,325.8,695.4,0.000114,
4845,774162,160,0.9829,0.1023,0.0593,0.8384,0.3734,-0.7134,0.3879,9042.5,788.6,244.8,418.4,0.000112,
4846,774327,165,0.7609,0.5365,0.3108,0.1527,0.7208,-0.7372,0.3362,10366.4,986.0,265.5,1092.0,7.5e-05,-0.204269
4847,774488,161,0.97,0.088,0.163,0.749,0.8425,-0.6708,0.38,10830.0,822.5,248.0,677.2,0.000223,
4848,774652,164,1.4446,0.697,0.0773,0.2257,1.0,-0.6665,0.2465,11597.6,869.5,301.4,373.9,9.5e-05,
4849,774803,151,0.8096,0.2906,0.4165,0.2929,0.9823,-0.5814,0.2733,11362.6,678.6,290.7,657.3,0.000105,-0.211199
4850,774960,157,1.0434,0.5696,0.1516,0.2788,0.7538,-0.7081,0.1855,10492.1,898.7,325.8,481.4,0.00014,
4851,775116,156,0.3749,0.0442,0.7241,0.2317,0.8923,-0.5477,0.2495,11019.6,609.0,300.2,470.4,9.8e-05,
4852,775281,165,0.5053,0.1868,0.5678,0.2454,0.8949,-0.6121,0.2064,11029.5,710.9,317.4,760.1,0.000112,-0.20105
4853,775441,160,1.2666,0.5333,0.0029,0.4637,1.0,-0.6969,0.1837,11965.2,987.0,326.5,446.0,8.2e-05,-0.213888
4854,775598,157,0.5519,0.4442,0.5173,0.0384,0.4489,-0.625,0.3176,9330.3,622.0,273.0,533.2,8.5e-05,
4855,775766,168,1.2214,0.734,0.1991,0.0668,1.0,-0.7009,0.1924,11762.6,983.3,323.0,818.0,8.6e-05,
4856,775928,162,0.6186,0.0883,0.4356,0.4761,0.6177,-0.6817,0.2561,9973.4,783.3,297.5,445.4,0.000125,
4857,776085,157,0.6598,0.4168,0.4148,0.1684,0.6417,-0.6366,0.2407,10064.7,692.4,303.7,724.9,0.000105,-0.223933
4858,776244,159,0.9304,0.0059,0.232,0.762,0.4096,-0.6895,0.4102,9180.7,739.2,235.9,337.5,0.000113,
4859,776402,158,1.1754,0.4471,0.059,0.4939,1.0,-0.6494,0.2255,12826.8,914.6,309.8,482.6,0.000196,
4860,776570,168,0.597,0.0058,0.4126,0.5817,0.9927,-0.5953,0.3669,11402.1,704.4,253.2,510.8,0.00012,
4861,776722,152,0.4989,0.256,0.6048,0.1392,0.7711,-0.6056,0.3327,10557.7,669.2,266.9,449.8,0.000113,
4862,776887,165,0.4588,0.0308,0.3889,0.5803,0.7752,-0.6648,-0.0026,10573.6,788.7,401.1,574.6,0.000102,-0.185164
4863,777045,158,0.8226,0.1595,0.2905,0.55,0.9869,-0.5671,0.1204,11380.1,657.2,351.9,238.7,8.4e-05,-0.215618
4864,777206,161,0.4777,0.2113,0.7057,0.083,0.6854,-0.6175,0.1514,10231.5,668.7,339.5,348.4,0.000104,
4865,777372,166,0.9716,0.3161,0.0693,0.6146,0.7783,-0.776,0.0628,10585.3,1181.3,374.9,475.0,0.000131,
4866,777536,164,0.5083,0.1849,0.6245,0.1906,1.0,-0.6467,0.3549,12263.4,867.9,258.0,414.7,7.5e-05,
4867,777696,160,0.5263,0.1925,0.5129,0.2947,0.6526,-0.636,0.1447,10106.6,694.1,342.1,495.8,0.000223,
4868,777857,161,1.2088,0.8604,0.1032,0.0364,0.8116,-0.7915,0.144,10712.0,1284.5,342.4,477.7,0.00017,-0.20504
4869,778016,159,1.539,0.8632,0.0344,0.1024,1.0,-0.765,0.1186,11442.1,1217.2,352.6,384.4,0.000163,
4870,778181,165,0.7089,0.1482,0.2098,0.642,0.8845,-0.6798,0.0013,10989.8,858.1,399.5,493.2,9.1e-05,-0.205838
4871,778336,155,0.579,0.0445,0.8911,0.0644,0.151,0.2644,0.3552,8195.5,162.0,257.9,889.0,0.000182,
4872,778496,160,0.5301,0.1696,0.7203,0.1101,1.0,-0.4928,0.1311,11948.8,589.0,347.6,458.3,9.6e-05,
4873,778655,159,0.4369,0.002,0.5328,0.4652,1.0,-0.5639,0.154,12433.1,712.7,338.4,462.9,8.9e-05,-0.206772
4874,778818,163,1.0075,0.4293,0.2751,0.2957,1.0,-0.6459,0.3178,12237.6,864.0,272.9,834.0,0.000151,
4875,778975,157,1.0888,0.433,0.0998,0.4671,0.889,-0.6794,0.3944,11007.0,858.2,242.3,692.4,0.00012,-0.187719
4876,779140,165,1.2348,0.5726,0.2305,0.1969,1.0,-0.5381,0.1344,13004.2,703.9,346.2,650.3,5.6e-05,
4877,779301,161,0.6241,0.3431,0.5118,0.1451,0.6233,-0.6208,0.1415,9994.8,659.0,343.4,528.8,8e-05,-0.198395
4878,779458,157,1.1704,0.421,0.026,0.553,0.9436,-0.651,0.267,11215.3,803.3,293.2,623.3,0.000146,
4879,779618,160,0.4903,0.0936,0.8459,0.0605,0.9877,-0.1397,0.2645,11382.9,330.8,294.2,736.3,0.000132,
4880,779778,160,0.8898,0.4451,0.3507,0.2042,1.0,-0.6433,0.1978,11960.2,838.3,320.9,481.1,7.8e-05,
4881,779943,165,1.2321,0.7731,0.1025,0.1244,0.7331,-0.7508,0.0399,10413.3,1044.5,384.1,338.7,0.000124,-0.230787
4882,780104,161,0.5422,0.1001,0.8502,0.0497,0.6221,-0.1947,0.2967,9990.3,310.1,281.3,522.6,0.000106,
4883,780262,158,0.7842,0.483,0.4549,0.0621,0.8683,-0.6156,0.2444,10928.4,710.7,302.3,642.1,9.5e-05,
4884,780421,159,1.3025,0.537,0.0042,0.4588,1.0,-0.6196,0.2277,12783.7,840.2,308.9,631.3,0.000122,-0.220691
4885,780586,165,0.2584,0.177,0.6992,0.1238,0.5818,-0.6599,0.2764,9836.8,723.1,289.4,872.9,9.9e-05,
4886,780745,159,0.9262,0.6102,0.2254,0.1644,0.6559,-0.7025,0.2396,10119.2,850.2,304.2,656.7,7.2e-05,-0.215414
4887,780907,162,0.784,0.1806,0.3347,0.4847,1.0,-0.5214,0.3437,11867.8,619.9,262.5,552.7,0.000207,-0.208108
4888,781071,164,1.2277,0.4164,0.0389,0.5446,0.9408,-0.6696,0.2697,11204.6,847.7,292.1,358.0,0.000108,-0.207241
4889,781235,164,0.8638,0.0262,0.1163,0.8575,0.5304,-0.7882,0.4235,9640.9,1137.9,230.6,764.3,0.00012,-0.208169
4890,781395,160,0.7941,0.2527,0.2853,0.462,0.8063,-0.6466,0.2863,10692.1,756.4,285.5,804.1,0.000118,-0.203236
4891,781556,161,0.9942,0.188,0.0781,0.7338,0.6966,-0.731,0.4255,10274.1,955.0,229.8,793.2,0.000139,
4892,781716,160,1.0078,0.0199,0.075,0.9051,1.0,-0.5933,0.4637,12691.3,780.2,214.5,574.3,9.4e-05,
4893,781872,156,0.6576,0.0801,0.3308,0.5891,0.9245,-0.676,0.254,11142.4,859.9,298.4,406.8,0.000159,
4894,782030,158,0.8967,0.0638,0.121,0.8152,0.1867,-0.8275,0.3407,8331.5,1207.3,263.7,385.6,0.000107,
4895,782190,160,1.1134,0.5728,0.2789,0.1483,0.9541,-0.6632,0.0169,11255.3,835.5,393.2,440.9,0.000101,
4896,782349,159,0.7146,0.2117,0.4489,0.3394,1.0,-0.6094,0.2829,11609.8,743.1,286.8,738.3,9.5e-05,-0.191189
4897,782510,161,0.7153,0.1299,0.2849,0.5852,0.567,-0.6281,0.376,9780.2,657.4,249.6,831.1,0.000127,
4898,782670,160,0.7269,0.106,0.2761,0.618,0.738,-0.653,0.3566,10431.6,751.6,257.3,406.7,0.000176,
4899,782829,159,0.7618,0.1675,0.193,0.6395,0.7719,-0.6233,0.1267,10560.8,701.0,349.3,676.6,5.4e-05,-0.223008
4900,782988,159,1.5297,0.943,0.0356,0.0214,0.9406,-0.7838,0.1422,11203.6,1295.6,343.1,546.4,0.00015,
4901,783150,162,0.5598,0.1103,0.4945,0.3952,0.9078,-0.5025,0.2885,11078.8,556.7,284.6,768.8,0.000103,
4902,783306,156,0.8821,0.0517,0.1252,0.8231,0.362,-0.6978,0.3754,8999.1,744.5,249.8,631.4,9.3e-05,
4903,783459,153,1.0368,0.1082,0.0101,0.8817,0.2076,-0.7954,0.3652,8410.8,1027.8,253.9,684.0,0.000127,-0.21226
4904,783624,165,1.0174,0.7511,0.1088,0.1401,0.478,-0.753,0.2383,9441.0,955.6,304.7,505.2,8.9e-05,
4905,783785,161,1.0023,0.7047,0.2683,0.027,0.7551,-0.7128,0.1223,10496.8,913.7,351.1,411.1,0.000101,-0.22017
4906,783944,159,0.9892,0.7374,0.184,0.0786,0.6663,-0.7217,0.2807,10158.6,912.5,287.7,781.9,8.8e-05,
4907,784107,163,0.8293,0.1931,0.3029,0.504,1.0,-0.5801,0.2306,12233.1,728.4,307.8,564.7,9.4e-05,-0.219797
4908,784262,155,1.0573,0.3427,0.089,0.5683,1.0,-0.3953,0.1829,11860.7,490.4,326.8,644.9,0.000329,
4909,784425,163,0.9324,0.5796,0.1293,0.2912,0.6093,-0.7224,0.1818,9941.6,895.4,327.3,548.1,9.4e-05,-0.229642
4910,784587,162,0.6783,0.1943,0.5436,0.2621,0.9002,-0.5277,0.2051,11049.6,584.9,318.0,432.5,7e-05,-0.219703
4911,784743,156,0.4489,0.246,0.6028,0.1512,1.0,-0.6856,0.3613,11611.0,923.1,255.5,668.6,0.000101,-0.223996
4912,784900,157,1.1183,0.7648,0.2121,0.0232,0.7196,-0.7407,0.0355,10361.8,999.0,385.8,325.1,9.8e-05,
4913,785058,158,0.7253,0.0864,0.2802,0.6334,0.4915,-0.663,0.2512,9492.6,704.1,299.5,485.4,9e-05,
4914,785227,169,0.8328,0.0377,0.2085,0.7539,0.5515,-0.7844,0.4281,9721.2,1127.1,228.7,520.0,8.5e-05,-0.226602
4915,785384,157,0.9706,0.4159,0.3021,0.282,0.9247,-0.6064,0.2304,11143.1,707.8,307.9,478.8,8.6e-05,
4916,785546,162,0.5268,0.2173,0.508,0.2747,0.6151,-0.6406,0.1984,9963.7,693.0,320.6,438.0,0.000237,
4917,785711,165,0.6384,0.0884,0.3769,0.5348,0.8539,-0.639,0.2164,10873.3,753.0,313.4,623.6,7.2e-05,-0.218272
4918,785875,164,0.6073,0.1552,0.4858,0.359,0.8289,-0.6506,0.3017,10777.9,771.2,279.3,422.2,0.000105,-0.19236
4919,786033,158,0.8107,0.5402,0.4564,0.0034,0.9397,-0.6471,0.3192,11200.3,793.4,272.3,964.5,0.00011,-0.211913
4920,786196,163,0.4097,0.0572,0.5299,0.4129,0.8644,-0.6589,0.2626,10913.6,799.9,295.0,770.7,7.3e-05,
4921,786357,161,0.5723,0.1786,0.596,0.2254,0.9374,-0.6358,0.2046,11191.4,768.3,318.2,347.1,8.4e-05,-0.21139
4922,786523,166,0.3051,0.0266,0.7189,0.2545,0.4909,-0.589,0.3009,9490.5,577.3,279.6,594.3,0.000152,-0.212203
4923,786688,165,0.6375,0.2738,0.4441,0.2822,0.7866,-0.6507,0.3132,10616.9,759.9,274.7,499.1,0.000114,
4924,786851,163,0.7619,0.1995,0.4392,0.3612,1.0,-0.5833,0.1124,12192.5,731.5,355.0,474.3,0.000198,-0.193879
4925,787012,161,1.0589,0.509,0.34,0.151,1.0,-0.6562,0.1537,12075.5,878.1,338.5,371.0,0.000105,
4926,787170,158,1.1388,0.4001,0.0442,0.5556,1.0,-0.6785,0.2047,11995.5,932.7,318.1,601.8,0.000134,
4927,787334,164,0.9142,0.4024,0.2122,0.3853,0.9046,-0.6953,0.278,11066.6,908.1,288.8,729.1,0.000133,
4928,787499,165,0.906,0.3651,0.2327,0.4022,0.8901,-0.6957,0.0598,11011.2,904.7,376.1,341.4,0.000104,-0.219379
4929,787662,163,0.7261,0.2864,0.5147,0.1989,0.9295,-0.5658,0.1613,11161.4,642.6,335.5,469.4,0.000105,
4930,787831,169,0.8865,0.3473,0.1635,0.4892,0.7625,-0.7448,0.0571,10525.2,1031.0,377.2,789.0,0.000123,-0.209114
4931,787991,160,0.84,0.2425,0.3259,0.4316,1.0,-0.5518,0.2712,11833.2,660.0,291.5,421.0,0.000109,-0.204503
4932,788153,162,1.0593,0.2683,0.0171,0.7146,0.4494,-0.7978,0.2533,9332.3,1154.0,298.7,492.5,0.000113,-0.21896
4933,788320,167,0.5579,0.1236,0.5998,0.2766,0.9226,-0.5763,0.2981,11135.3,657.1,280.8,401.0,0.00014,
4934,788475,155,0.8527,0.1689,0.2852,0.5459,1.0,-0.5484,0.3468,11431.2,632.9,261.3,465.4,0.000139,-0.209983
4935,788639,164,0.4663,0.0614,0.535,0.4035,0.8835,-0.5893,0.3137,10986.0,668.8,274.5,703.2,0.000229,-0.175665
4936,788800,161,0.5752,0.0082,0.4352,0.5566,0.6932,-0.6182,0.3082,10261.0,672.0,276.7,598.6,0.000108,
4937,788957,157,1.2818,0.514,0.0338,0.4522,1.0,-0.6341,0.1752,12245.6,836.6,329.9,467.2,0.000126,-0.227171
4938,789120,163,0.7046,0.1404,0.4069,0.4527,1.0,-0.6026,0.199,12581.8,791.5,320.4,350.5,6.5e-05,
4939,789279,159,0.8292,0.3369,0.2371,0.426,0.6251,-0.6891,0.1493,10001.5,804.2,340.3,497.6,0.000117,-0.224993
4940,789431,152,0.5187,0.1524,0.7102,0.1373,0.9375,-0.4777,0.2714,11191.8,535.7,291.4,343.9,0.00039,-0.206716
4941,789591,160,1.135,0.6908,0.2101,0.0992,0.8892,-0.6546,0.1138,11007.9,796.7,354.5,546.1,9.2e-05,-0.212083
4942,789758,167,1.1034,0.0856,0.0638,0.8505,0.8262,-0.6887,0.5069,10767.7,864.8,197.2,701.6,0.000153,
4943,789920,162,0.3089,0.0421,0.7049,0.2529,0.8672,-0.6082,0.3395,10924.0,697.0,264.2,731.8,0.000105,
4944,790076,156,0.9125,0.1333,0.1816,0.6851,1.0,-0.6125,0.3742,11931.1,769.7,250.3,616.2,9.6e-05,
4945,790235,159,0.717,0.1663,0.3385,0.4952,0.611,-0.6535,0.2368,9948.0,717.8,305.3,365.7,0.000116,-0.195411
4946,790399,164,0.882,0.107,0.2083,0.6847,0.7321,-0.71,0.4146,10409.3,897.3,234.2,375.6,0.000169,-0.220087
4947,790565,166,1.1335,0.1795,0.0337,0.7868,0.6595,-0.8013,0.3897,10132.8,1274.7,244.1,552.4,0.000135,-0.198151
4948,790726,161,0.7254,0.1138,0.3105,0.5757,1.0,-0.6166,0.0952,11508.6,750.4,361.9,436.7,0.000105,
4949,790884,158,0.7062,0.3084,0.5166,0.1749,1.0,-0.4917,0.5043,12070.7,593.7,198.3,815.0,0.000231,
4950,791042,158,0.9426,0.3205,0.2026,0.4769,0.8104,-0.543,0.3527,10707.8,585.7,258.9,650.2,0.000118,
4951,791193,151,0.898,0.4654,0.1762,0.3584,0.7255,-0.5889,0.1404,10384.3,631.5,343.8,684.2,0.000118,-0.20181
4952,791355,162,0.9416,0.0865,0.1757,0.7378,1.0,-0.5915,0.4317,12255.6,750.0,227.3,775.1,0.000157,-0.215892
4953,791510,155,1.141,0.3236,0.0463,0.6302,0.9838,-0.7086,0.3349,11368.1,975.2,266.1,673.4,8.4e-05,
4954,791668,158,1.1082,0.5034,0.2367,0.26,0.9555,-0.5569,0.1406,11260.3,635.4,343.8,556.6,0.000117,
4955,791824,156,0.6098,0.1431,0.458,0.3989,1.0,-0.6119,0.2596,11579.7,746.0,296.1,897.1,0.000116,
4956,791985,161,0.6293,0.3804,0.3125,0.3071,0.3801,-0.7233,0.3331,9068.1,819.3,266.8,923.7,0.000101,-0.215749
4957,792146,161,1.1872,0.5298,0.0096,0.4606,0.789,-0.7157,0.1882,10626.0,934.5,324.7,367.0,0.000182,
4958,792304,158,0.2759,0.2253,0.7743,0.0003,0.4658,-0.6056,0.2624,9394.8,595.5,295.0,913.0,0.000108,
4959,792467,163,0.9495,0.1162,0.0287,0.8551,-0.0903,-0.8499,0.3346,7276.1,1211.9,266.2,584.0,0.000142,-0.222797
4960,792623,156,1.0407,0.1902,0.0376,0.7722,0.8041,-0.7428,0.3413,10683.6,1038.5,263.5,661.8,0.000107,-0.200424
4961,792785,162,0.8547,0.4518,0.3224,0.2258,0.7435,-0.6564,0.2521,10452.7,760.6,299.2,529.4,0.000141,-0.212874
4962,792945,160,0.5848,0.084,0.5514,0.3646,0.8717,-0.4792,0.3849,10941.2,525.2,246.0,503.7,0.000132,-0.223941
4963,793106,161,0.8081,0.4827,0.4386,0.0786,0.6101,-0.6669,0.0586,9944.5,746.3,376.6,219.4,8.5e-05,
4964,793265,159,1.2266,0.7149,0.2702,0.0148,1.0,-0.6476,0.1515,12203.7,865.7,339.4,579.0,0.000119,-0.21364
4965,793427,162,0.8397,0.4255,0.2299,0.3447,0.6726,-0.5653,0.2738,10182.6,585.7,290.5,558.3,0.000104,-0.199277
4966,793582,155,0.4551,0.1906,0.5989,0.2104,0.5901,-0.6179,0.0409,9868.2,645.7,383.6,371.8,0.000202,
4967,793742,160,0.8759,0.2329,0.3513,0.4158,1.0,-0.5593,0.1644,12454.2,706.5,334.3,380.7,0.000155,
4968,793903,161,1.1664,0.3873,0.0067,0.606,0.7475,-0.7059,0.3562,10468.1,889.9,257.5,618.8,0.000239,-0.219154
4969,794057,154,0.9323,0.0557,0.179,0.7653,0.8858,-0.6531,0.4752,10995.0,792.5,209.9,681.7,0.000102,-0.203443
4970,794220,163,0.6936,0.2045,0.4454,0.3501,1.0,-0.5098,0.1847,11939.1,608.8,326.1,800.8,0.000159,
4971,794379,159,0.5941,0.2666,0.5248,0.2086,0.792,-0.5679,0.3174,10637.7,615.4,273.0,642.0,0.000125,-0.223518
4972,794537,158,0.9822,0.6415,0.232,0.1266,0.6812,-0.7453,0.3517,10215.4,1002.6,259.3,535.5,6.1e-05,-0.225047
4973,794694,157,0.5069,0.037,0.5808,0.3822,0.6525,-0.5911,0.3305,10105.9,617.9,267.8,403.7,0.000116,
4974,794856,162,0.4922,0.0531,0.6537,0.2932,0.8134,-0.4608,0.368,10718.9,497.0,252.8,706.2,0.000216,
4975,795011,155,0.9307,0.2389,0.0465,0.7147,0.7987,-0.7461,0.223,10662.9,1049.8,310.8,912.2,7.9e-05,-0.22783
4976,795172,161,0.4544,0.1462,0.6345,0.2193,0.6797,-0.5704,0.1374,10209.8,594.2,345.0,476.0,7.1e-05,
4977,795338,166,1.1647,0.6042,0.2828,0.113,0.8892,-0.6383,0.081,11008.0,760.9,367.6,449.2,8.9e-05,
4978,795501,163,0.7731,0.2503,0.427,0.3227,1.0,-0.5623,0.1865,11771.6,672.4,325.4,545.9,0.000155,-0.206418
4979,795661,160,0.9892,0.7287,0.098,0.1733,0.5385,-0.761,0.2981,9671.7,1011.5,280.8,720.0,0.000146,-0.229458
4980,795821,160,1.0314,0.4688,0.0973,0.4339,0.6958,-0.7272,0.1905,10271.1,941.1,323.8,538.9,7.5e-05,-0.236476
4981,795977,156,1.1698,0.5686,0.0544,0.377,0.8121,-0.6855,0.3393,10714.2,851.7,264.3,668.1,0.000189,-0.234164
4982,796139,162,0.8796,0.5319,0.4563,0.0118,0.8254,-0.5965,0.2941,10764.6,667.0,282.4,492.7,7.7e-05,-0.218581
4983,796301,162,0.3944,0.092,0.6392,0.2688,0.6831,-0.6554,0.2228,10222.6,741.5,310.9,480.5,8.7e-05,-0.220796
4984,796467,166,0.8102,0.3272,0.1772,0.4956,0.4975,-0.7522,0.1767,9515.6,960.1,329.3,589.9,8.3e-05,-0.199021
4985,796631,164,0.9516,0.6271,0.2865,0.0864,0.7642,-0.5904,0.302,10531.7,642.8,279.2,741.4,8.5e-05,-0.227811
4986,796797,166,0.687,0.4531,0.526,0.0209,0.812,-0.6552,0.2604,10713.9,776.8,295.8,475.5,0.000114,-0.212062
4987,796955,158,0.4076,0.2433,0.7421,0.0147,0.8164,-0.5799,0.2668,10730.6,638.6,293.3,449.9,0.000188,-0.241785
4988,797120,165,1.06,0.5732,0.3216,0.1051,1.0,-0.6019,0.1872,11991.7,753.0,325.1,650.4,0.000174,
4989,797283,163,0.4676,0.03,0.5713,0.3988,0.9185,-0.6214,0.4009,11119.4,734.2,239.6,527.6,0.000164,-0.214927
4990,797439,156,1.2924,0.8414,0.0248,0.1339,0.7269,-0.7483,0.0422,10389.6,1031.9,383.1,243.7,9.7e-05,-0.225849
4991,797596,157,0.8296,0.2222,0.2756,0.5022,0.81,-0.571,0.3246,10706.0,623.9,270.2,653.7,7.1e-05,
4992,797761,165,0.48,0.0764,0.5756,0.348,0.8433,-0.5894,0.2454,10833.1,659.6,301.8,789.3,9.9e-05,-0.208655
4993,797919,158,0.9869,0.0941,0.1642,0.7416,1.0,-0.5756,0.3796,11704.9,689.5,248.1,460.6,9.5e-05,-0.232552
4994,798072,153,1.5098,0.8195,0.0001,0.1804,1.0,-0.7074,0.1907,11543.9,986.4,323.7,429.1,8.5e-05,
4995,798226,154,0.5044,0.1156,0.684,0.2004,0.9668,-0.5988,0.0984,11303.7,704.4,360.7,345.0,0.0001,
4996,798388,162,0.5105,0.2916,0.5875,0.1209,0.5415,-0.6288,0.2057,9683.2,652.2,317.7,829.4,0.000148,
4997,798548,160,1.096,0.524,0.1304,0.3457,0.7843,-0.6678,0.3762,10608.2,798.4,249.5,445.9,0.0001,
4998,798715,167,0.6871,0.1016,0.3316,0.5668,0.739,-0.6538,0.1887,10435.8,753.6,324.5,521.7,0.000115,-0.207543
4999,798876,161,1.5506,0.8833,0.0049,0.1118,1.0,-0.6918,0.1093,12580.5,1020.3,356.3,590.3,0.000126,
5000,799031,155,0.2873,0.1096,0.7474,0.143,0.5893,-0.5619,0.3621,9865.2,563.0,255.1,640.0,0.000878,-0.188411
5001,799195,164,0.4342,0.0857,0.7913,0.123,1.0,-0.4921,0.1225,12622.7,621.3,351.0,501.4,0.000186,-0.199176
5002,799359,164,0.7098,0.4438,0.5304,0.0258,0.7038,-0.6027,0.0406,10301.5,648.2,383.8,397.5,0.00015,-0.21115
5003,799520,161,1.0159,0.2631,0.2039,0.5329,0.8945,-0.6371,0.073,11028.1,759.6,370.8,277.3,9.3e-05,
5004,799684,164,1.1437,0.219,0.0585,0.7226,0.7821,-0.6501,0.4672,10599.7,757.3,213.1,371.1,0.000129,
5005,799848,164,1.1259,0.3599,0.1123,0.5278,1.0,-0.6259,0.1525,12107.0,809.2,339.0,390.5,6.9e-05,
5006,800006,158,0.7889,0.4358,0.5248,0.0395,1.0,-0.5589,0.3024,11832.0,670.6,279.0,530.9,0.000167,
5007,800168,162,0.9634,0.3813,0.2778,0.3409,1.0,-0.5447,0.1796,11474.0,630.0,328.2,505.7,0.000142,
5008,800333,165,0.4995,0.2479,0.634,0.1181,0.6063,-0.6018,0.2463,9929.9,623.5,301.5,466.5,0.0001,-0.209073
5009,800493,160,0.6145,0.3453,0.5981,0.0566,0.5951,-0.6418,0.1391,9887.2,690.0,344.4,272.8,7.7e-05,-0.222962
5010,800658,165,0.9505,0.4276,0.3261,0.2464,1.0,-0.6009,0.2754,12004.4,751.9,289.8,883.9,0.000101,
5011,800817,159,1.2756,0.891,0.0271,0.0819,0.7465,-0.7009,0.2351,10464.2,874.6,306.0,889.1,0.000173,-0.210429
5012,800980,163,0.6389,0.0296,0.508,0.4623,0.7939,-0.5295,0.1427,10644.6,565.6,342.9,448.4,0.000127,
5013,801142,162,0.4555,0.0237,0.5646,0.4116,0.7196,-0.6044,0.2328,10361.6,654.7,306.9,871.7,0.000102,
5014,801294,152,0.6855,0.0139,0.3588,0.6273,0.8512,-0.4841,0.337,10863.2,526.4,265.2,497.8,0.000112,
5015,801456,162,0.6626,0.2263,0.621,0.1528,0.7931,-0.528,0.2489,10641.9,563.6,300.4,288.3,0.000145,
5016,801617,161,0.8579,0.2634,0.3285,0.4081,0.8822,-0.5371,0.2401,10981.2,593.0,303.9,541.7,5.9e-05,-0.222668
5017,801779,162,0.4837,0.0409,0.5896,0.3695,0.7819,-0.5717,0.2453,10599.1,618.6,301.9,370.2,0.00038,-0.22703
5018,801943,164,1.3703,0.8867,0.0333,0.0801,0.8087,-0.707,0.0664,10701.0,913.1,373.4,483.8,0.000153,-0.242971
5019,802109,166,1.3593,0.8769,0.1013,0.0218,0.8639,-0.7589,0.1708,10911.3,1131.5,331.7,537.1,0.000117,-0.207349
5020,802270,161,0.9472,0.5339,0.2774,0.1887,0.7905,-0.6568,0.1182,10631.9,774.5,352.7,860.7,0.00016,
5021,802433,163,0.7364,0.4993,0.3034,0.1973,0.5013,-0.6595,0.3517,9529.8,699.8,259.3,700.5,0.000169,-0.205123
5022,802595,162,0.5787,0.252,0.6683,0.0797,0.861,-0.5815,0.057,10900.3,651.2,377.2,236.7,8.9e-05,-0.212311
5023,802756,161,0.8552,0.6148,0.2389,0.1462,0.5922,-0.7017,0.2329,9876.3,827.8,306.8,690.0,0.000144,
5024,802918,162,1.2474,0.6458,0.0722,0.282,0.8123,-0.6691,0.1284,10715.0,809.5,348.6,475.3,0.000109,
5025,803077,159,1.1615,0.2973,0.0692,0.6335,1.0,-0.6503,0.2001,11810.8,844.4,320.0,365.7,9.4e-05,-0.245941
5026,803234,157,0.4743,0.1549,0.6119,0.2332,0.9304,-0.5562,0.2728,11164.7,628.9,290.9,698.5,7.1e-05,
5027,803384,150,0.9018,0.0693,0.2282,0.7026,0.7143,-0.608,0.5644,10341.7,659.6,174.3,508.3,0.000153,
5028,803536,152,1.0082,0.4966,0.2884,0.2151,0.8449,-0.6344,0.0031,10839.0,741.2,398.7,241.6,0.000137,
5029,803701,165,1.0236,0.5847,0.399,0.0163,0.8151,-0.6713,0.0379,10725.7,815.7,384.8,235.4,0.00015,-0.214855
5030,803860,159,0.6268,0.1175,0.417,0.4654,0.9075,-0.5988,0.3447,11077.4,690.2,262.1,572.7,0.000206,
5031,804017,157,1.3335,0.7709,0.205,0.0242,0.9668,-0.5571,0.251,11303.6,638.0,299.6,648.7,0.000239,-0.206365
5032,804179,162,1.0252,0.5172,0.3,0.1828,1.0,-0.5201,0.3757,12171.8,634.1,249.7,633.6,9e-05,-0.211973
5033,804333,154,0.9943,0.0858,0.125,0.7892,0.5575,-0.5705,0.409,9744.0,567.2,236.4,489.0,7.9e-05,-0.218617
5034,804482,149,0.9734,0.5916,0.3989,0.0094,0.9964,-0.6103,0.2238,11416.4,732.3,310.5,428.8,0.000131,
5035,804638,156,0.991,0.4285,0.1386,0.4329,0.7031,-0.6697,0.3488,10299.0,779.5,260.5,561.8,0.00011,
5036,804804,166,1.051,0.2664,0.0802,0.6534,0.849,-0.6138,0.3732,10854.8,702.7,250.7,634.4,0.000118,
5037,804958,154,1.1269,0.6026,0.1049,0.2925,0.77,-0.5964,0.0501,10553.6,653.7,380.0,452.3,0.00011,
5038,805117,159,0.633,0.2857,0.5575,0.1568,1.0,-0.4944,0.2623,12589.0,622.5,295.1,847.1,9.7e-05,-0.18563
5039,805283,166,0.6187,0.0001,0.4538,0.546,0.7019,-0.5546,0.1823,10294.4,577.8,327.1,449.2,0.000105,-0.21707
5040,805440,157,0.9693,0.2659,0.109,0.6251,1.0,-0.6051,0.1972,11502.4,728.3,321.1,679.3,0.000117,
5041,805597,157,0.7757,0.3132,0.5696,0.1172,1.0,-0.4149,0.1795,13081.6,559.0,328.2,629.7,0.000106,-0.225787
5042,805753,156,0.6842,0.4705,0.3756,0.154,0.5476,-0.6137,0.3541,9706.2,628.1,258.3,734.6,0.000102,-0.245326
5043,805915,162,0.8158,0.3523,0.4738,0.1739,1.0,-0.5366,0.1725,12109.7,653.3,331.0,644.8,0.000206,-0.209232
5044,806072,157,0.9108,0.3346,0.2461,0.4193,0.9453,-0.5533,0.2501,11221.7,628.0,300.0,763.3,0.000106,
5045,806231,159,0.5442,0.182,0.7993,0.0188,0.8901,-0.4247,0.2697,11011.1,478.5,292.1,398.0,0.000163,-0.220616
5046,806395,164,1.2323,0.5755,0.0859,0.3386,0.9531,-0.6667,0.2333,11251.2,843.9,306.7,643.7,9e-05,-0.235212
5047,806560,165,0.4259,0.1299,0.794,0.0761,1.0,-0.4645,0.2747,11448.0,534.5,290.1,531.1,9.9e-05,
5048,806722,162,1.0721,0.186,0.0067,0.8073,0.5737,-0.7753,0.4064,9805.6,1091.2,237.4,461.7,9.6e-05,
5049,806885,163,0.9682,0.5575,0.426,0.0165,1.0,-0.5501,0.2174,12179.1,676.7,313.0,424.1,0.000153,-0.218368
5050,807049,164,1.1926,0.5137,0.2502,0.2362,1.0,-0.4948,0.0984,12480.7,617.6,360.6,274.2,0.000107,-0.209263
5051,807205,156,0.3497,0.0677,0.7687,0.1636,0.7726,-0.5103,0.0515,10563.5,539.3,379.4,447.1,9.6e-05,-0.234457
5052,807360,155,0.8736,0.1758,0.1896,0.6346,0.9587,-0.6742,0.402,11272.5,864.9,239.2,913.7,0.000102,
5053,807515,155,0.8422,0.0399,0.2239,0.7361,0.3677,-0.6503,0.2684,9020.8,645.0,292.6,247.9,9.5e-05,-0.221478
5054,807671,156,0.507,0.0258,0.5242,0.45,1.0,-0.5448,0.1433,11671.1,641.0,342.7,470.8,8.9e-05,-0.240307
5055,807840,169,0.7525,0.3055,0.4371,0.2574,0.6931,-0.6184,0.1315,10260.8,672.3,347.4,430.1,0.000303,
5056,808002,162,1.452,0.6735,0.0791,0.2474,1.0,-0.6237,0.1906,11519.0,765.3,323.7,305.3,0.000127,
5057,808169,167,0.8824,0.4416,0.2784,0.28,0.6149,-0.6442,0.2532,9962.8,700.1,298.7,352.4,8.3e-05,-0.234239
5058,808326,157,0.5365,0.1791,0.6699,0.1509,0.9755,-0.6008,0.0422,11336.7,709.9,383.1,266.4,7.3e-05,
5059,808490,164,0.5892,0.4506,0.523,0.0264,0.5856,-0.5841,0.3164,9851.3,592.1,273.4,673.9,8.4e-05,
5060,808648,158,0.9554,0.6052,0.0885,0.3063,0.5533,-0.6881,0.2601,9728.0,779.8,295.9,853.8,0.00016,
5061,808813,165,0.2976,0.0449,0.7824,0.1727,0.4946,-0.5493,0.2591,9504.5,527.2,296.4,751.4,9.4e-05,-0.214154
5062,808966,153,0.9489,0.7626,0.0994,0.1381,0.4681,-0.7014,0.3293,9403.3,787.2,268.3,527.0,0.000108,
5063,809126,160,1.1097,0.4032,0.0389,0.5579,1.0,-0.6381,0.2267,11844.2,818.3,309.3,911.3,7.7e-05,
5064,809286,160,0.3216,0.1099,0.7832,0.1069,0.7619,-0.5226,0.2244,10522.8,551.0,310.3,760.2,0.000135,
5065,809448,162,0.8221,0.3729,0.3599,0.2672,0.7308,-0.5767,0.2072,10404.2,614.4,317.1,337.0,0.000119,
5066,809610,162,1.3351,0.7472,0.1682,0.0846,1.0,-0.6298,0.2315,12678.1,856.2,307.4,406.5,0.000137,
5067,809771,161,0.4956,0.2667,0.5437,0.1896,0.7357,-0.6356,0.3591,10423.0,715.2,256.3,948.4,9.1e-05,-0.238894
5068,809933,162,1.0294,0.1793,0.072,0.7487,0.5418,-0.7233,0.4007,9684.4,875.1,239.7,531.8,6.2e-05,-0.244544
5069,810090,157,0.8809,0.1061,0.1637,0.7302,0.5049,-0.7448,0.3557,9543.7,935.1,257.7,501.1,0.000104,
5070,810253,163,1.0581,0.5229,0.2959,0.1812,1.0,-0.4493,0.3543,12070.2,547.9,258.3,565.4,6.6e-05,-0.222563
5071,810408,155,0.8813,0.3289,0.3174,0.3537,1.0,-0.5277,0.3569,12146.9,643.0,257.3,685.1,7.3e-05,
5072,810568,160,1.0245,0.476,0.1702,0.3538,0.9006,-0.6552,0.4196,11051.4,801.3,232.2,787.0,0.000165,
5073,810725,157,0.937,0.2912,0.2561,0.4526,1.0,-0.5191,0.3215,11495.6,597.6,271.4,664.4,9.6e-05,-0.23818
5074,810884,159,1.3304,0.7513,0.2077,0.041,0.9226,-0.5941,0.1433,11135.1,685.9,342.7,296.1,0.0001,
5075,811045,161,1.0527,0.7679,0.2139,0.0182,0.7324,-0.5696,0.3082,10410.6,604.7,276.7,589.4,8.2e-05,-0.211673
5076,811205,160,0.7843,0.2517,0.4006,0.3477,1.0,-0.5101,0.1162,11958.8,610.3,353.5,425.3,7.8e-05,-0.225345
5077,811369,164,0.6519,0.1673,0.4012,0.4314,0.6585,-0.5335,0.2454,10128.8,542.8,301.8,584.2,0.00012,-0.22492
5078,811533,164,1.027,0.3808,0.2311,0.3882,1.0,-0.5371,0.1933,12020.9,649.2,322.7,624.1,7.6e-05,-0.231614
5079,811694,161,1.3656,0.6489,0.1936,0.1576,1.0,-0.6005,0.0964,12828.9,802.7,361.5,599.7,0.000119,
5080,811856,162,0.7,0.0368,0.3428,0.6204,0.7663,-0.5937,0.2358,10539.7,648.5,305.7,532.7,0.000118,
5081,812016,160,0.5834,0.3489,0.5869,0.0641,0.9996,-0.6227,0.3078,11428.5,757.2,276.9,614.7,7.4e-05,
5082,812180,164,1.1756,0.612,0.2854,0.1025,0.931,-0.5796,0.198,11167.1,664.1,320.8,472.8,0.000104,
5083,812328,148,1.1576,0.3523,0.0621,0.5856,1.0,-0.6062,0.4893,11786.0,748.2,204.3,727.8,0.000144,
5084,812488,160,0.6119,0.1804,0.4077,0.4119,0.5591,-0.6212,0.0734,9750.2,643.4,370.6,393.8,9.7e-05,
5085,812651,163,0.5448,0.2357,0.7411,0.0231,0.7716,-0.5039,0.1107,10559.8,532.2,355.7,574.8,0.000105,-0.255558
5086,812808,157,0.7907,0.3231,0.4129,0.264,0.7893,-0.5393,0.2848,10627.3,576.7,286.1,485.5,0.000129,
5087,812969,161,1.0627,0.4658,0.4479,0.0863,1.0,-0.4893,0.3588,11656.0,570.6,256.5,435.5,0.000108,-0.248526
5088,813122,153,1.2368,0.6927,0.2225,0.0848,0.9641,-0.5584,0.1629,11293.4,639.3,334.8,450.2,6.5e-05,
5089,813277,155,0.6292,0.008,0.8154,0.1766,1.0,-0.2557,0.3684,11859.5,398.3,252.7,340.1,0.000105,-0.237847
5090,813439,162,0.7173,0.1763,0.4015,0.4222,1.0,-0.5877,0.3281,11886.8,720.7,268.8,696.8,8.2e-05,-0.23841
5091,813599,160,0.4931,0.1763,0.7669,0.0568,0.9112,-0.3844,0.3831,11091.7,450.5,246.8,563.2,0.000101,-0.226186
5092,813756,157,0.7776,0.2602,0.2448,0.495,0.5137,-0.6496,0.2649,9577.1,683.2,294.0,442.4,0.000123,
5093,813915,159,1.4178,0.7264,0.043,0.2306,0.9415,-0.624,0.2404,11207.1,745.2,303.8,323.9,0.000132,-0.221138
5094,814076,161,0.4752,0.029,0.842,0.1291,0.9882,-0.1233,0.2131,11385.0,324.7,314.8,556.2,7.3e-05,
5095,814240,164,0.9048,0.5451,0.1426,0.3123,0.5013,-0.6812,0.4007,9530.1,747.4,239.7,475.5,0.000104,
5096,814398,158,0.4489,0.0999,0.7377,0.1623,1.0,-0.6103,0.3311,11470.2,735.9,267.6,476.7,6.2e-05,
5097,814559,161,1.4512,0.825,0.0686,0.1063,1.0,-0.5559,0.379,11943.3,672.3,248.4,675.4,0.000113,-0.213541
5098,814720,161,1.0994,0.5903,0.2745,0.1352,1.0,-0.4517,0.3024,13490.1,615.1,279.0,642.3,0.000189,
5099,814888,168,0.617,0.3779,0.227,0.3951,0.1237,-0.725,0.1993,8091.4,735.6,320.3,594.8,8.8e-05,
5100,815048,160,0.9456,0.4423,0.3032,0.2545,0.9294,-0.5306,0.2721,11161.0,594.4,291.2,672.1,0.000118,
5101,815202,154,0.902,0.4143,0.3522,0.2335,1.0,-0.4866,0.2714,11617.9,565.7,291.5,769.4,0.000112,
5102,815357,155,1.0872,0.653,0.3161,0.0309,0.9141,-0.5577,0.3179,11102.8,627.6,272.8,485.8,0.000112,-0.215322
5103,815517,160,0.8829,0.1603,0.2115,0.6282,0.7969,-0.635,0.2819,10656.2,729.8,287.2,521.9,7.6e-05,-0.252031
5104,815676,159,1.3772,0.6669,0.0803,0.2528,1.0,-0.5804,0.4118,11775.0,701.5,235.3,431.5,0.000112,
5105,815837,161,0.4131,0.1938,0.7888,0.0174,1.0,-0.4672,0.4226,11489.9,539.1,230.9,727.9,0.000132,-0.238839
5106,815999,162,1.0273,0.372,0.1684,0.4596,0.823,-0.6292,0.421,10755.6,725.1,231.6,582.5,8.6e-05,-0.21621
5107,816161,162,0.8862,0.5484,0.2317,0.2199,0.6543,-0.6291,0.2829,10112.8,681.6,286.9,585.6,8.9e-05,-0.239767
5108,816319,158,0.6755,0.0305,0.4156,0.5539,1.0,-0.4037,0.3531,12717.0,533.2,258.8,688.2,9.3e-05,-0.242585
5109,816478,159,0.4262,0.0169,0.7891,0.194,0.9258,-0.4101,0.1937,11147.3,472.4,322.5,536.0,0.000131,
5110,816635,157,1.2278,0.8478,0.0791,0.0731,0.7077,-0.5968,0.2568,10316.4,639.7,297.3,646.3,9.8e-05,-0.230697
5111,816797,162,1.6113,0.9638,0.0309,0.0053,1.0,-0.5636,0.1985,11525.5,660.2,320.6,525.0,0.000129,-0.217104
5112,816951,154,0.2706,0.0817,0.7765,0.1419,0.4523,-0.5044,0.4646,9343.4,471.4,214.1,628.5,0.000117,-0.224997
5113,817109,158,1.1001,0.0211,0.0032,0.9757,0.2532,-0.853,0.4038,8584.6,1460.1,238.5,427.3,9.7e-05,-0.234421
5114,817270,161,1.1838,0.7175,0.1307,0.1518,0.848,-0.6484,0.3521,10851.0,771.5,259.2,883.8,9.1e-05,
5115,817428,158,0.7137,0.196,0.4802,0.3238,1.0,-0.6159,0.4113,11579.2,753.7,235.5,409.6,0.000115,
5116,817597,169,0.886,0.4365,0.4929,0.0705,0.9696,-0.5895,0.1452,11314.1,689.0,341.9,506.5,0.00011,-0.226683
5117,817760,163,0.9962,0.1741,0.1722,0.6537,0.9961,-0.5977,0.3977,11415.2,709.3,240.9,418.0,0.000114,
5118,817918,158,0.5062,0.0837,0.6135,0.3028,1.0,-0.5011,0.3924,12658.2,634.3,243.0,746.9,0.000126,
5119,818081,163,0.6927,0.4008,0.5112,0.088,1.0,-0.6414,0.3609,11479.3,800.4,255.6,833.6,0.000123,-0.21735
5120,818242,161,0.3392,0.1118,0.6827,0.2056,0.4224,-0.5692,0.2697,9229.5,535.6,292.1,967.8,0.00012,
5121,818398,156,1.1279,0.2653,0.0089,0.7258,0.9834,-0.6664,0.3378,11366.8,852.0,264.9,528.5,0.000112,
5122,818550,152,0.7612,0.2778,0.4863,0.2359,1.0,-0.5071,0.3475,11671.4,592.0,261.0,495.2,0.000121,
5123,818713,163,1.0913,0.4512,0.0446,0.5042,0.8247,-0.6661,0.2024,10762.3,805.9,319.1,862.9,0.000137,-0.253568
5124,818877,164,1.4098,0.676,0.0178,0.3062,1.0,-0.6071,0.2093,12447.1,791.9,316.3,598.8,0.000126,-0.236622
5125,819039,162,0.3807,0.0116,0.7447,0.2436,0.9695,-0.4094,0.2965,11313.7,478.9,281.4,907.7,0.000167,-0.231206
5126,819198,159,0.4588,0.0624,0.8003,0.1373,0.734,-0.3833,0.1524,10416.4,422.2,339.0,501.7,0.000107,
5127,819359,161,0.4204,0.0857,0.7024,0.2119,1.0,-0.5076,0.1662,12580.2,638.7,333.5,933.3,0.000216,-0.237811
5128,819515,156,0.8014,0.2747,0.5152,0.2101,1.0,-0.4472,0.2454,11564.4,523.0,301.8,558.6,0.0001,-0.234247
5129,819675,160,1.088,0.3445,0.1624,0.4931,0.91,-0.5903,0.244,11087.1,676.6,302.4,367.8,9.6e-05,-0.23923
5130,819836,161,1.032,0.0819,0.1005,0.8177,1.0,-0.5861,0.5239,12023.7,726.3,190.4,1019.8,6.8e-05,
5131,819997,161,1.1424,0.5577,0.3017,0.1406,1.0,-0.5543,0.2439,11972.9,671.6,302.4,872.6,0.000139,-0.227347
5132,820157,160,1.0026,0.7119,0.2324,0.0557,0.6208,-0.6334,0.125,9985.4,680.9,350.0,349.7,0.000124,-0.235641
5133,820322,165,0.6889,0.2912,0.4738,0.235,0.636,-0.612,0.2171,10043.2,647.1,313.1,397.2,0.000113,
5134,820484,162,0.5836,0.1341,0.4694,0.3965,0.5334,-0.6291,0.2225,9652.4,650.6,311.0,353.1,0.000131,
5135,820642,158,0.732,0.3602,0.4838,0.156,0.8608,-0.5631,0.2684,10899.7,623.7,292.6,510.4,6.5e-05,
5136,820800,158,0.7663,0.0162,0.269,0.7148,0.4045,-0.6489,0.2921,9161.3,652.3,283.2,309.0,0.000163,
5137,820957,157,0.5561,0.1119,0.5846,0.3035,0.8519,-0.514,0.31,10865.6,559.0,276.0,336.6,0.000141,-0.23776
5138,821113,156,1.2917,0.7482,0.0901,0.1617,0.8361,-0.6722,0.0885,10805.5,824.1,364.6,361.6,9.9e-05,-0.225932
5139,821271,158,0.9023,0.2341,0.1305,0.6354,0.7293,-0.6664,0.3059,10398.7,779.3,277.7,1121.3,0.000126,-0.240956
5140,821437,166,0.7628,0.3053,0.5466,0.1481,1.0,-0.5411,0.0955,11940.3,650.5,361.8,409.1,0.000106,-0.212996
5141,821595,158,1.1075,0.4797,0.3438,0.1765,0.9954,-0.5811,0.1058,11412.5,681.1,357.7,261.8,8.8e-05,-0.239277
5142,821758,163,0.7727,0.003,0.2401,0.7569,0.1368,-0.8009,0.3895,8141.2,1022.5,244.2,512.6,0.000104,
5143,821922,164,1.2679,0.7607,0.1974,0.0419,0.9844,-0.6672,0.2534,11370.6,854.3,298.6,474.0,0.000199,
5144,822081,159,1.182,0.4985,0.1136,0.3879,1.0,-0.5751,0.1429,11569.6,680.7,342.8,507.2,8.6e-05,-0.234552
5145,822243,162,1.0292,0.1829,0.0788,0.7384,0.6142,-0.6322,0.4085,9960.2,677.0,236.6,683.8,0.000132,-0.220632
5146,822402,159,0.8799,0.2558,0.2077,0.5365,0.8465,-0.6084,0.1637,10845.2,692.3,334.5,444.9,9.3e-05,
5147,822559,157,0.6162,0.0094,0.9074,0.0832,-0.1513,0.2142,0.249,7043.5,145.0,300.4,430.0,0.000102,-0.237803
5148,822714,155,0.5176,0.2449,0.5533,0.2018,0.6309,-0.639,0.2847,10023.7,694.1,286.1,451.8,0.000153,
5149,822877,163,0.8312,0.2887,0.198,0.5132,0.5085,-0.5862,0.2532,9557.5,577.4,298.7,562.5,0.000131,-0.218909
5150,823038,161,1.1055,0.3322,0.1115,0.5563,1.0,-0.5823,0.2311,11632.3,696.2,307.6,502.8,0.00013,
5151,823195,157,0.606,0.0458,0.3543,0.5998,0.8071,-0.5035,0.1767,10695.1,538.5,329.3,696.9,0.000321,-0.243803
5152,823361,166,0.5721,0.1279,0.4325,0.4397,0.6969,-0.5642,0.1219,10275.1,589.5,351.3,709.6,0.000118,-0.23273
5153,823524,163,1.3733,0.7569,0.1515,0.0916,0.9802,-0.5558,0.0119,11354.7,639.1,395.2,651.8,0.0002,
5154,823688,164,0.6262,0.3495,0.5009,0.1496,0.5383,-0.5952,0.2685,9670.8,597.2,292.6,557.5,9.5e-05,
5155,823843,155,1.349,0.6495,0.0371,0.3134,1.0,-0.5715,0.2254,12363.8,721.3,309.9,490.7,0.000211,-0.21581
5156,823997,154,1.0032,0.7865,0.1786,0.0349,0.5051,-0.7338,0.0819,9544.3,896.2,367.3,404.7,8.3e-05,-0.216526
5157,824158,161,0.5257,0.1043,0.6499,0.2458,1.0,-0.4479,0.2258,11918.3,539.7,309.7,569.6,0.00011,
5158,824318,160,0.8235,0.1536,0.844,0.0025,0.9452,-0.0559,0.1396,11221.3,297.1,344.2,346.3,0.00013,
5159,824479,161,1.146,0.6275,0.3371,0.0354,0.9836,-0.5652,0.2086,11367.6,653.6,316.6,570.6,0.000182,-0.246355
5160,824638,159,0.3585,0.0136,0.8469,0.1395,0.9227,-0.0591,0.2005,11135.4,295.9,319.8,790.3,0.000104,
5161,824798,160,0.8737,0.2457,0.32,0.4343,0.9558,-0.4857,0.2183,11261.5,547.4,312.7,675.4,0.000124,
5162,824954,156,1.037,0.2925,0.0891,0.6184,0.8902,-0.5967,0.2465,11011.5,682.6,301.4,427.3,0.000112,
5163,825113,159,0.8534,0.2136,0.193,0.5934,0.9116,-0.5602,0.2508,11093.3,630.5,299.7,742.4,8.4e-05,-0.225565
5164,825278,165,0.3412,0.0781,0.9162,0.0057,-0.4898,-0.0972,0.0942,5753.8,159.3,362.3,391.9,0.000121,
5165,825438,160,1.1413,0.0433,0.0003,0.9564,0.4961,-0.7359,0.5287,9510.1,900.4,188.5,809.3,9.8e-05,
5166,825594,156,0.9828,0.3433,0.1833,0.4734,0.939,-0.5492,0.3086,11197.7,621.0,276.5,453.2,0.000138,
5167,825747,153,1.3106,0.701,0.1681,0.1309,0.9377,-0.62,0.2534,11192.8,736.3,298.6,344.5,0.00014,-0.238709
5168,825905,158,0.6737,0.1495,0.4294,0.4211,0.6803,-0.6671,0.1868,10212.1,766.9,325.3,292.5,0.000197,-0.253713
5169,826065,160,0.5377,0.0739,0.4184,0.5077,0.5986,-0.6525,0.1736,9900.5,712.4,330.6,676.2,0.000118,-0.247234
5170,826224,159,0.7833,0.3798,0.2507,0.3695,0.4467,-0.5864,0.3267,9321.9,563.5,269.3,469.0,0.000115,
5171,826387,163,1.2754,0.5168,0.1249,0.3584,1.0,-0.569,0.2396,11963.3,694.0,304.1,497.3,0.000128,-0.23961
5172,826543,156,0.5471,0.2871,0.6995,0.0134,0.7653,-0.6399,0.2215,10535.7,731.4,311.4,276.9,0.000132,-0.251192
5173,826700,157,1.0997,0.5377,0.223,0.2393,0.911,-0.5311,0.299,11090.9,591.3,280.4,639.4,8.9e-05,
5174,826857,157,1.2302,0.5633,0.139,0.2977,0.9499,-0.5693,0.3262,11239.1,652.3,269.5,733.5,0.000172,-0.217531
5175,827014,157,1.2036,0.6623,0.1791,0.1587,1.0,-0.5882,0.254,11634.9,706.4,298.4,539.9,0.000101,
5176,827177,163,0.7795,0.4837,0.3265,0.1898,0.6328,-0.6096,0.3623,10030.9,642.4,255.1,674.3,7.4e-05,-0.236415
5177,827335,158,0.5974,0.1115,0.8637,0.0248,0.7177,0.08,0.1694,10354.4,239.7,332.2,627.1,0.000149,-0.245132
5178,827504,169,0.4352,0.0566,0.5952,0.3482,0.6894,-0.5982,0.1599,10246.6,637.5,336.0,693.6,0.000102,
5179,827667,163,0.3613,0.1078,0.7822,0.11,0.7107,-0.4799,0.2918,10327.9,496.5,283.3,685.2,0.000109,-0.240682
5180,827831,164,0.5514,0.1482,0.6342,0.2176,1.0,-0.5704,0.2975,11448.4,666.3,281.0,403.1,7.6e-05,-0.211736
5181,827992,161,0.4675,0.0472,0.6299,0.3229,0.9766,-0.5831,0.288,11341.0,680.0,284.8,434.1,0.000134,
5182,828156,164,0.9183,0.4095,0.353,0.2375,0.9999,-0.5824,0.29,11429.5,684.2,284.0,468.5,9.7e-05,
5183,828320,164,1.1766,0.458,0.0739,0.4681,1.0,-0.5379,0.2571,13127.9,710.2,297.2,689.8,0.000113,
5184,828478,158,0.6684,0.1192,0.6045,0.2763,1.0,-0.5647,0.2491,11477.9,659.2,300.3,304.5,0.000126,
5185,828644,166,0.9923,0.0638,0.1142,0.8221,0.2937,-0.6728,0.4219,8739.1,667.8,231.3,611.2,0.000204,
5186,828798,154,0.9634,0.1226,0.0351,0.8423,-0.0876,-0.8128,0.4064,7286.4,973.3,237.5,479.8,6e-05,
5187,828961,163,1.0974,0.6027,0.28,0.1173,0.9891,-0.6194,0.2569,11388.3,748.1,297.2,484.3,0.000146,-0.234674
5188,829113,152,0.6934,0.0823,0.2831,0.6346,0.804,-0.5802,0.2199,10683.3,636.2,312.0,534.6,0.000123,-0.243239
5189,829273,160,1.5667,0.915,0.0099,0.0752,1.0,-0.6664,0.2615,12503.5,937.0,295.4,664.8,0.000132,-0.212556
5190,829441,168,0.8631,0.3737,0.1616,0.4647,0.5198,-0.6577,0.0985,9600.4,701.2,360.6,543.7,9.1e-05,-0.230033
5191,829602,161,0.7604,0.0751,0.2645,0.6604,0.9054,-0.5102,0.1822,11069.6,565.0,327.1,720.4,7.4e-05,
5192,829763,161,1.0017,0.3269,0.2313,0.4417,0.9235,-0.6626,0.1275,11138.5,825.2,349.0,617.2,7.5e-05,-0.239496
5193,829923,160,0.6619,0.6763,0.2624,0.0613,0.2722,-0.6773,0.296,8657.1,670.7,281.6,838.7,7.8e-05,-0.232541
5194,830080,157,0.7629,0.0618,0.2899,0.6483,0.6739,-0.5733,0.3766,10187.5,596.9,249.4,544.3,0.000113,
5195,830237,157,0.7076,0.41,0.5674,0.0226,0.7995,-0.5988,0.1859,10666.0,664.7,325.7,338.1,0.0001,-0.252966
5196,830393,156,0.7706,0.3928,0.3307,0.2765,0.6876,-0.6738,0.2578,10239.9,784.7,296.9,421.8,9.6e-05,-0.239035
5197,830558,165,0.4634,0.1156,0.5618,0.3226,0.6667,-0.6453,0.3541,10160.3,716.0,258.3,613.4,7.9e-05,
5198,830723,165,1.0635,0.1235,0.0686,0.8079,0.8672,-0.6342,0.3818,10923.9,746.6,247.3,641.9,0.000132,-0.240263
5199,830880,157,0.8629,0.2301,0.1891,0.5808,0.8366,-0.6203,0.2305,10807.4,711.6,307.8,438.5,0.000102,
5200,831042,162,0.5346,0.2057,0.6172,0.1771,1.0,-0.6174,0.3115,11912.6,778.4,275.4,611.4,0.000151,
5201,831199,157,1.0689,0.6705,0.0246,0.3049,0.5773,-0.706,0.1967,9819.7,835.1,321.3,580.2,9.1e-05,-0.214041
5202,831361,162,0.6957,0.3858,0.4376,0.1766,0.7857,-0.6308,0.2423,10613.5,718.7,303.1,660.8,7.2e-05,-0.227279
5203,831522,161,1.1615,0.6573,0.2113,0.1314,0.8507,-0.6558,0.2059,10861.3,788.9,317.7,530.9,8.7e-05,
5204,831691,169,1.2674,0.6583,0.0538,0.2879,0.9163,-0.654,0.2652,11111.1,802.8,293.9,793.6,0.000113,-0.214966
5205,831849,158,1.1553,0.6809,0.1761,0.143,0.8047,-0.5641,0.3912,10686.1,612.9,243.5,515.6,8.4e-05,-0.226353
5206,832008,159,1.1468,0.735,0.2306,0.0344,0.9319,-0.5607,0.4145,11170.7,635.7,234.2,985.8,5.6e-05,
5207,832166,158,0.9319,0.3244,0.2127,0.4629,1.0,-0.5791,0.2257,11472.6,681.4,309.7,643.0,7.1e-05,
5208,832324,158,1.5765,0.8576,0.0754,0.0669,1.0,-0.5579,0.1563,12451.6,704.1,337.5,392.3,0.000149,
5209,832488,164,0.3691,0.0422,0.7086,0.2492,0.7462,-0.6004,0.2879,10463.1,654.7,284.8,545.5,9.4e-05,
5210,832647,159,0.5027,0.0787,0.7069,0.2144,1.0,-0.4747,0.1939,12430.0,591.5,322.5,440.5,0.00011,-0.238262
5211,832802,155,0.7025,0.3267,0.5872,0.0861,1.0,-0.5416,0.2851,11832.4,645.4,285.9,607.0,8.1e-05,
5212,832964,162,0.311,0.0521,0.9123,0.0356,-0.4954,-0.0222,0.2246,5732.6,146.6,310.1,606.0,0.000118,
5213,833127,163,1.1042,0.2657,0.076,0.6583,0.8951,-0.6523,0.3575,11030.4,793.1,257.0,476.5,0.000147,-0.260485
5214,833284,157,1.0375,0.5751,0.419,0.0059,0.9775,-0.4719,0.1921,11344.3,537.0,323.2,368.9,0.000331,
5215,833442,158,0.7195,0.2943,0.3631,0.3426,0.8379,-0.6101,0.2218,10812.5,693.3,311.3,512.6,0.000135,
5216,833601,159,0.8512,0.3478,0.2429,0.4092,0.8049,-0.6392,0.1568,10686.8,740.5,337.3,803.1,0.000198,-0.245947
5217,833763,162,0.509,0.035,0.8762,0.0888,0.1692,0.0724,0.2344,8264.5,192.7,306.2,661.6,0.000113,-0.237294
5218,833925,162,0.8727,0.3586,0.3353,0.3061,1.0,-0.5817,0.163,11632.2,695.2,334.8,890.7,0.000104,-0.244555
5219,834086,161,0.9461,0.4629,0.3729,0.1642,1.0,-0.5775,0.0862,12195.3,721.6,365.5,493.1,7.1e-05,
5220,834249,163,0.7147,0.2672,0.5979,0.1349,1.0,-0.4782,0.3166,11787.2,564.7,273.3,683.9,8.7e-05,-0.239039
5221,834407,158,1.1574,0.6552,0.1021,0.2427,0.833,-0.6086,0.35,10793.9,689.4,260.0,758.5,8.4e-05,-0.247416
5222,834567,160,1.358,0.6864,0.0537,0.2598,1.0,-0.6564,0.3355,12267.6,892.6,265.8,515.9,9.8e-05,-0.222278
5223,834723,156,0.5423,0.2055,0.7286,0.0659,0.8746,-0.456,0.2881,10952.2,503.4,284.8,354.7,0.000157,-0.230209
5224,834884,161,0.936,0.2912,0.3298,0.379,1.0,-0.5478,0.3171,12253.4,677.5,273.2,522.4,0.000101,
5225,835036,152,0.8329,0.1801,0.1974,0.6225,0.6768,-0.5529,0.356,10198.7,570.3,257.6,402.4,7.8e-05,
5226,835205,169,0.9167,0.344,0.1469,0.509,0.4567,-0.6515,0.5071,9359.8,671.4,197.2,838.9,0.000131,-0.226574
5227,835358,153,0.9666,0.3012,0.014,0.6849,0.3647,-0.6495,0.327,9009.4,642.7,269.2,526.1,9.2e-05,
5228,835519,161,0.9131,0.3469,0.3045,0.3486,1.0,-0.4632,0.1742,11639.6,542.1,330.3,552.1,8.2e-05,-0.238115
5229,835676,157,0.4506,0.3135,0.6797,0.0068,0.8277,-0.5966,0.3771,10773.7,667.8,249.2,898.1,9.7e-05,
5230,835836,160,0.7397,0.0795,0.2841,0.6364,0.3144,-0.6356,0.2879,8818.0,605.0,284.8,363.1,0.00011,
5231,835994,158,0.9959,0.3998,0.333,0.2672,0.9424,-0.6128,0.1426,11210.4,723.8,343.0,430.6,0.000122,
5232,836150,156,0.9512,0.0461,0.1955,0.7584,0.9768,-0.5199,0.5468,11341.4,590.6,181.3,662.4,0.000115,
5233,836315,165,0.7557,0.3134,0.3782,0.3084,0.7614,-0.6108,0.1982,10520.9,675.7,320.7,489.8,0.000111,-0.238501
5234,836478,163,0.684,0.0096,0.3798,0.6106,0.9785,-0.5671,0.3374,11348.0,655.3,265.0,530.9,0.000136,
5235,836646,168,0.9564,0.3381,0.1227,0.5392,0.5557,-0.6484,0.2828,9737.0,692.4,286.9,581.5,0.000128,
5236,836810,164,0.9958,0.1021,0.0441,0.8538,0.3081,-0.7902,0.3139,8793.8,1048.1,274.4,458.3,0.000108,
5237,836965,155,0.7592,0.2361,0.3664,0.3976,1.0,-0.5437,0.2559,11663.5,639.1,297.7,787.6,8.7e-05,-0.265532
5238,837125,160,0.9397,0.3994,0.32,0.2806,1.0,-0.4799,0.3634,11832.1,568.8,254.6,933.6,9.2e-05,-0.266145
5239,837286,161,1.1107,0.012,0.0459,0.942,0.9712,-0.6092,0.5007,11320.2,724.3,199.7,535.7,0.000137,
5240,837447,161,0.9275,0.2164,0.2015,0.5821,1.0,-0.5795,0.2264,11520.1,684.8,309.4,652.8,9e-05,-0.252494
5241,837609,162,1.0869,0.4697,0.1873,0.343,1.0,-0.6084,0.2148,11697.6,746.8,314.1,640.6,9.1e-05,-0.23685
5242,837773,164,1.1536,0.7081,0.29,0.002,0.9375,-0.5476,0.2617,11191.9,618.5,295.3,708.6,0.00011,-0.233103
5243,837937,164,1.1003,0.5867,0.2759,0.1374,0.9382,-0.5087,0.2588,11194.6,569.6,296.5,751.8,0.000108,-0.223335
5244,838099,162,1.1897,0.6239,0.168,0.2081,0.8546,-0.5938,0.2347,10876.2,669.3,306.1,355.3,0.000123,-0.235862
5245,838249,150,1.1832,0.6384,0.1992,0.1624,0.8381,-0.6018,0.1524,10813.1,678.9,339.0,271.3,7.4e-05,-0.265461
5246,838411,162,1.257,0.5669,0.1297,0.3033,1.0,-0.5524,0.1239,11877.7,663.4,350.4,464.5,0.000119,-0.244328
5247,838578,167,0.9419,0.7285,0.0519,0.2197,0.425,-0.7016,0.2845,9239.3,774.0,286.2,944.0,0.000111,
5248,838739,161,0.5765,0.1278,0.7777,0.0946,1.0,-0.333,0.3374,12382.3,464.1,265.0,874.4,0.000114,-0.229024
5249,838896,157,0.937,0.0418,0.1146,0.8436,0.0195,-0.7138,0.4618,7694.4,672.2,215.3,406.2,0.000137,
5250,839058,162,0.9167,0.2796,0.2867,0.4337,0.9706,-0.6186,0.3557,11317.8,742.0,257.7,552.1,0.000135,
5251,839219,161,0.824,0.2555,0.3553,0.3892,0.9916,-0.5452,0.2834,11398.0,626.6,286.7,594.9,0.000133,-0.233176
5252,839377,158,0.5642,0.0208,0.9382,0.0409,-0.1769,0.1047,0.1759,6946.2,157.2,329.6,423.8,0.000139,-0.257014
5253,839537,160,0.9406,0.4514,0.0848,0.4638,0.5052,-0.6514,0.023,9544.7,684.5,390.8,538.1,0.000118,-0.261845
5254,839695,158,1.0823,0.286,0.0791,0.6349,0.8245,-0.6015,0.4219,10761.2,675.0,231.2,686.5,0.000123,-0.229194
5255,839853,158,1.0224,0.3177,0.2208,0.4615,1.0,-0.5426,0.1633,11669.1,637.8,334.7,431.8,0.000163,-0.247398
5256,840004,151,0.4843,0.1873,0.4295,0.3833,0.4474,-0.6174,0.18,9324.5,609.2,328.0,723.9,9e-05,
5257,840169,165,0.6937,0.2748,0.551,0.1742,0.8801,-0.5103,0.2856,10973.3,560.2,285.7,437.4,0.000151,-0.239906
5258,840327,158,1.0755,0.56,0.3165,0.1235,1.0,-0.64,0.311,11575.7,803.8,275.6,450.8,0.000182,-0.248968
5259,840492,165,0.6774,0.1465,0.5207,0.3329,1.0,-0.4371,0.1977,11636.4,516.8,320.9,524.5,7.9e-05,
5260,840649,157,0.6715,0.153,0.4419,0.4052,0.7423,-0.5382,0.166,10448.0,565.6,333.6,441.0,9.4e-05,-0.244882
5261,840804,155,0.8522,0.0753,0.1452,0.7795,0.198,-0.7181,0.4379,8374.3,742.8,224.8,614.3,0.000101,
5262,840963,159,0.5582,0.2294,0.7171,0.0535,1.0,-0.508,0.2664,12573.7,638.9,293.5,759.7,0.000105,-0.238153
5263,841124,161,0.9679,0.5468,0.228,0.2252,0.6246,-0.6062,0.2488,9999.6,634.7,300.5,469.1,0.000148,
5264,841286,162,0.4838,0.0184,0.4454,0.5362,0.8502,-0.6226,0.1725,10859.2,719.3,331.0,598.4,0.000127,
5265,841445,159,0.8817,0.4842,0.3492,0.1666,0.8724,-0.5294,0.3276,10943.9,581.3,269.0,1093.7,0.000146,-0.249152
5266,841608,163,0.9522,0.0353,0.1651,0.7996,1.0,-0.5354,0.4122,11748.9,632.2,235.1,617.6,9e-05,
5267,841758,150,0.9685,0.52,0.3854,0.0946,1.0,-0.5635,0.2749,11799.4,675.8,290.1,427.0,0.0001,
5268,841919,161,1.0685,0.3016,0.1153,0.5831,0.9035,-0.6001,0.1356,11062.2,691.6,345.8,277.3,0.000206,-0.266456
5269,842086,167,0.4968,0.2087,0.764,0.0274,0.9535,-0.5403,0.3437,11252.9,611.9,262.5,595.1,0.000129,
5270,842243,157,0.8702,0.1889,0.2275,0.5836,1.0,-0.5643,0.3405,12239.6,702.3,263.8,834.8,6.7e-05,-0.259659
5271,842399,156,1.3845,0.9361,0.0352,0.0287,0.8249,-0.5654,0.3365,10762.8,619.1,265.4,461.5,9e-05,-0.244196
5272,842557,158,0.7901,0.3227,0.6188,0.0586,0.9092,-0.4567,0.2175,11083.9,510.0,313.0,436.8,9.9e-05,-0.233326
5273,842720,163,0.6044,0.4269,0.4584,0.1146,0.4729,-0.6657,0.2131,9421.9,704.5,314.8,529.6,8.8e-05,
5274,842879,159,1.2823,0.7211,0.203,0.0759,1.0,-0.5396,0.1926,12224.6,663.8,323.0,491.4,0.000144,-0.237728
5275,843038,159,1.3126,0.7107,0.1284,0.1609,0.9985,-0.581,0.2426,11424.2,681.6,303.0,570.9,0.000114,
5276,843197,159,0.4051,0.1225,0.5485,0.3289,0.6518,-0.6483,0.2065,10103.2,718.1,317.4,596.7,0.00014,-0.250069
5277,843358,161,1.1875,0.5726,0.0462,0.3812,0.905,-0.5924,0.3211,11067.9,678.8,271.6,780.4,8.6e-05,
5278,843518,160,0.7937,0.0336,0.2102,0.7562,-0.324,-0.9142,0.3686,6385.4,1860.4,252.5,490.6,0.000107,
5279,843676,158,1.0738,0.4043,0.1576,0.4381,1.0,-0.5356,0.1629,12180.8,655.7,334.8,700.4,9.4e-05,
5280,843838,162,0.7393,0.1369,0.1154,0.7477,-0.2123,-0.8606,0.3493,6811.1,1221.4,260.3,817.1,0.000104,
5281,844004,166,0.7373,0.0191,0.288,0.6929,0.673,-0.5392,0.4473,10184.1,552.5,221.1,692.5,0.000102,
5282,844163,159,1.1292,0.4063,0.1047,0.4891,0.9866,-0.4917,0.2504,11379.0,559.7,299.8,674.0,0.000142,-0.241017
5283,844320,157,1.4482,0.8065,0.0256,0.1678,0.9973,-0.6315,0.1758,11419.7,774.8,329.7,646.4,8.6e-05,
5284,844479,159,1.1309,0.4391,0.1911,0.3698,0.9964,-0.5784,0.1973,11416.2,677.0,321.1,296.3,0.000142,-0.24956
5285,844640,161,1.0554,0.3147,0.1182,0.5671,1.0,-0.5757,0.2216,12809.6,754.8,311.4,459.6,9.1e-05,
5286,844799,159,0.6861,0.1212,0.4749,0.4039,1.0,-0.4124,0.2556,12799.8,544.6,297.8,508.6,7.9e-05,-0.237469
5287,844961,162,0.5403,0.4599,0.5283,0.0118,0.3009,-0.6368,0.1443,8766.6,603.5,342.3,545.3,8.6e-05,-0.250376
5288,845127,166,0.5739,0.2328,0.6207,0.1465,0.8384,-0.6006,0.3158,10814.1,676.9,273.7,655.9,8.2e-05,-0.232268
5289,845287,160,0.8236,0.2343,0.2536,0.5122,0.924,-0.6365,0.2759,11140.3,766.1,289.6,707.5,0.000108,-0.272678
5290,845448,161,0.5949,0.2467,0.6749,0.0784,1.0,-0.5422,0.3005,11675.4,637.5,279.8,350.7,0.000127,
5291,845612,164,1.0694,0.3126,0.0642,0.6233,1.0,-0.5248,0.3984,11658.9,613.4,240.7,567.6,0.000134,
5292,845778,166,0.9416,0.0808,0.151,0.7682,0.7746,-0.5774,0.4432,10571.1,625.3,222.7,733.7,8.3e-05,
5293,845935,157,0.8731,0.3649,0.1805,0.4545,0.7044,-0.6692,0.2335,10303.9,778.7,306.6,732.7,0.000139,-0.246183
5294,846090,155,1.1712,0.755,0.2256,0.0194,0.7878,-0.6038,0.207,10621.5,670.2,317.2,397.4,9.3e-05,
5295,846252,162,0.5631,0.0364,0.4053,0.5583,0.9496,-0.6203,0.2675,11238.1,739.9,293.0,1140.1,0.000187,
5296,846414,162,0.8112,0.2423,0.3118,0.4459,1.0,-0.608,0.2184,11998.8,765.2,312.6,637.7,9.1e-05,
5297,846576,162,0.83,0.0818,0.1304,0.7877,-0.2068,-0.8665,0.3028,6831.9,1279.8,278.9,430.3,0.000116,
5298,846740,164,0.5942,0.0777,0.3391,0.5832,0.5224,-0.7083,0.3114,9610.4,823.6,275.4,641.8,6.4e-05,
5299,846901,161,0.8621,0.6086,0.3577,0.0336,0.6627,-0.526,0.333,10144.8,535.0,266.8,574.5,0.000169,-0.232459
5300,847062,161,0.5374,0.0276,0.7856,0.1867,0.9463,-0.3651,0.1997,11225.6,442.0,320.1,327.3,9e-05,
5301,847225,163,0.6392,0.1444,0.5688,0.2868,0.9327,-0.5966,0.1013,11173.7,692.6,359.5,316.2,0.000106,-0.244933
5302,847385,160,0.9309,0.3178,0.1594,0.5228,0.5831,-0.5451,0.2081,9841.6,540.8,316.8,636.7,0.000117,-0.261359
5303,847549,164,0.7815,0.0147,0.3308,0.6544,1.0,-0.5622,0.3531,11506.8,657.1,258.8,643.7,8.4e-05,-0.250378
5304,847609,60,0.0935,0.2155,0.2614,0.5231,-1.0,-1.0,0.8449,0.0,250.7,62.0,166.2,7.5e-05,-0.223637
5305,847772,163,1.0767,0.3075,0.0653,0.6273,0.9632,-0.6236,0.2475,11289.6,749.8,301.0,502.3,8.5e-05,
5306,847936,164,0.5565,0.2565,0.5688,0.1747,0.7124,-0.638,0.2048,10334.3,713.7,318.1,406.3,0.000119,
5307,848095,159,1.0187,0.4837,0.0727,0.4435,0.7262,-0.6118,0.2135,10387.0,668.9,314.6,546.3,9e-05,-0.26069
5308,848256,161,1.1415,0.4465,0.087,0.4665,0.9858,-0.5891,0.1463,11375.8,692.0,341.5,523.4,9.1e-05,
5309,848420,164,0.7202,0.3865,0.3428,0.2707,0.6423,-0.6366,0.2948,10067.2,692.5,282.1,593.6,0.00011,
5310,848582,162,0.3953,0.0964,0.7675,0.1361,0.7687,-0.511,0.0975,10548.8,539.3,361.0,586.0,9.5e-05,
5311,848738,156,0.5722,0.1912,0.7132,0.0956,1.0,-0.4914,0.234,11966.0,588.2,306.4,347.7,0.000236,
5312,848898,160,0.9746,0.3606,0.155,0.4844,0.9782,-0.6083,0.2958,11347.0,724.2,281.7,733.6,0.000135,
5313,849064,166,1.1774,0.5122,0.1418,0.346,1.0,-0.5614,0.1068,11730.9,668.7,357.3,559.0,0.000112,
5314,849220,156,0.6014,0.17,0.7788,0.0512,0.905,-0.3092,0.2333,11068.0,400.6,306.7,404.5,9.6e-05,
5315,849379,159,0.8209,0.4349,0.5454,0.0197,1.0,-0.5667,0.1811,12426.2,716.9,327.6,615.7,0.000109,-0.223068
5316,849539,160,0.9801,0.4059,0.2182,0.3759,0.8423,-0.4506,0.1201,10829.2,492.8,352.0,461.6,8.1e-05,-0.241743
5317,849697,158,0.5846,0.0733,0.8017,0.125,0.9648,-0.2995,0.2387,11295.9,403.1,304.5,355.4,0.000201,-0.261409
5318,849852,155,1.1111,0.3454,0.037,0.6176,0.7513,-0.6392,0.2697,10482.5,726.3,292.1,547.9,0.000174,
5319,850015,163,1.3426,0.6502,0.1522,0.1975,0.8863,-0.6497,0.1322,10996.9,784.8,347.1,290.1,9e-05,-0.237812
5320,850175,160,0.8388,0.4151,0.2219,0.363,0.6716,-0.6736,0.129,10179.0,779.7,348.4,418.4,0.000107,-0.241679
5321,850336,161,0.5242,0.1197,0.8185,0.0618,0.9513,-0.349,0.1721,11244.3,431.8,331.1,585.0,0.00019,
5322,850498,162,1.0031,0.0695,0.923,0.0075,0.675,0.5125,0.2461,10191.9,168.5,301.5,442.3,9.6e-05,
5323,850656,158,0.9001,0.2518,0.1276,0.6205,0.7717,-0.6174,0.1069,10560.2,690.1,357.2,454.9,9.1e-05,
5324,850818,162,1.2797,0.6342,0.1053,0.2605,1.0,-0.6408,0.2366,11496.3,800.1,305.3,758.6,0.000121,
5325,850972,154,0.6349,0.5524,0.4312,0.0165,0.3691,-0.6517,0.1509,9026.3,647.8,339.6,316.9,0.000227,
5326,851130,158,1.0406,0.5606,0.1234,0.3159,0.752,-0.6327,0.1844,10485.0,713.6,326.2,624.6,0.000185,
5327,851286,156,0.5561,0.1198,0.4897,0.3905,0.5508,-0.6005,0.2944,9718.7,608.2,282.3,484.8,0.000108,
5328,851445,159,0.7291,0.2801,0.4534,0.2665,0.7372,-0.584,0.1641,10428.6,626.7,334.4,413.3,8.4e-05,-0.254279
5329,851610,165,0.5091,0.0905,0.7001,0.2094,1.0,-0.4113,0.4879,12823.9,544.5,204.9,703.9,0.000138,
5330,851766,156,0.7258,0.2423,0.3516,0.4061,0.6247,-0.5737,0.3815,10000.0,586.5,247.4,509.0,8.9e-05,
5331,851926,160,0.6741,0.367,0.5824,0.0507,1.0,-0.5537,0.2713,12363.7,692.5,291.5,860.1,0.000126,
5332,852086,160,1.3315,0.6208,0.1339,0.2453,1.0,-0.5529,0.155,12035.0,672.9,338.0,438.5,0.000116,
5333,852245,159,0.8649,0.346,0.5722,0.0819,1.0,-0.5582,0.1444,11825.2,669.1,342.2,422.3,7.5e-05,-0.255988
5334,852404,159,0.5741,0.2221,0.6771,0.1008,1.0,-0.5302,0.1389,12489.4,664.6,344.4,720.8,0.000116,
5335,852569,165,1.0989,0.3926,0.0672,0.5403,0.8495,-0.5798,0.2536,10856.8,646.0,298.6,427.2,9.5e-05,-0.252793
5336,852727,158,0.4307,0.2541,0.7448,0.0011,0.7784,-0.4825,0.2119,10585.6,511.4,315.2,714.8,8e-05,-0.245822
5337,852885,158,0.7284,0.2365,0.449,0.3145,0.7641,-0.4716,0.2946,10531.4,498.3,282.2,631.1,0.0001,-0.225326
5338,853038,153,0.9652,0.034,0.0459,0.9201,0.0788,-0.7846,0.3786,7920.4,919.4,248.6,595.0,9.1e-05,
5339,853195,157,1.1323,0.3639,0.0675,0.5686,1.0,-0.5461,0.4322,11594.5,638.6,227.1,803.6,0.000116,-0.241808
5340,853353,158,0.9035,0.4346,0.2276,0.3377,0.6456,-0.6261,0.1024,10079.7,674.0,359.0,317.5,7.5e-05,-0.240399
5341,853513,160,0.7853,0.1362,0.2512,0.6125,0.9196,-0.5735,0.3318,11123.8,652.1,267.3,654.5,0.000102,-0.230785
5342,853668,155,1.1316,0.5744,0.2449,0.1807,0.9899,-0.5963,0.0458,11391.4,705.5,381.7,555.8,0.000155,
5343,853827,159,0.8975,0.202,0.3125,0.4855,1.0,-0.4702,0.4367,12499.5,589.8,225.3,469.2,0.000128,-0.254047
5344,853986,159,1.3288,0.7738,0.1057,0.1205,1.0,-0.6277,0.3823,11654.7,782.7,247.1,579.7,0.000115,
5345,854143,157,1.2633,0.6538,0.0961,0.2501,1.0,-0.5963,0.1263,11943.3,739.6,349.5,687.5,0.000158,-0.257068
5346,854301,158,0.9689,0.0754,0.0542,0.8703,-0.3268,-0.8954,0.3526,6374.9,1523.1,259.0,275.0,0.000109,-0.241196
5347,854468,167,0.5825,0.0471,0.409,0.544,0.8877,-0.598,0.1654,11002.2,684.1,333.9,639.5,0.000161,
5348,854630,162,0.9924,0.4384,0.1261,0.4355,0.651,-0.6565,0.189,10100.3,735.0,324.4,520.8,0.000126,
5349,854792,162,0.9051,0.4712,0.5149,0.0139,1.0,-0.5254,0.1881,11560.8,609.0,324.8,480.6,0.000157,
5350,854951,159,0.7808,0.3409,0.3638,0.2953,0.8779,-0.5641,0.3017,10964.6,628.8,279.3,726.1,0.000106,-0.26067
5351,855110,159,0.646,0.136,0.8585,0.0055,1.0,-0.0963,0.3523,12650.7,350.0,259.1,636.6,0.000104,
5352,855271,161,1.381,0.7788,0.1073,0.1139,1.0,-0.5691,0.3139,12764.7,740.6,274.4,561.9,0.000164,-0.254023
5353,855433,162,0.6741,0.1334,0.4012,0.4653,1.0,-0.6402,0.2878,11785.6,818.8,284.9,552.2,0.000116,-0.248849
5354,855593,160,0.7506,0.0841,0.3207,0.5953,1.0,-0.5296,0.3428,12361.7,656.9,262.9,729.4,9.9e-05,-0.25651
5355,855753,160,1.2731,0.6396,0.1758,0.1846,0.9576,-0.628,0.1166,11268.5,757.4,353.4,346.3,9.4e-05,-0.245377
5356,855909,156,0.8676,0.5171,0.2381,0.2449,0.5807,-0.5738,0.4112,9832.6,576.7,235.5,544.9,8.9e-05,-0.25967
5357,856066,157,0.7886,0.4938,0.4859,0.0204,0.8622,-0.5482,0.3001,10905.0,603.5,280.0,472.2,6.2e-05,
5358,856230,164,0.6516,0.3806,0.5345,0.085,0.8195,-0.6578,0.3343,10742.3,784.9,266.3,620.7,8.4e-05,
5359,856393,163,0.3625,0.1324,0.85,0.0176,0.3514,-0.4247,0.254,8958.9,389.3,298.4,400.4,0.000144,-0.245382
5360,856551,158,0.4863,0.0111,0.6742,0.3146,0.9389,-0.5601,0.3933,11197.3,636.3,242.7,476.4,0.000138,-0.232771
5361,856718,167,1.0749,0.5905,0.2915,0.118,1.0,-0.6456,0.1903,11878.0,837.9,323.9,501.5,0.00012,
5362,856878,160,0.2927,0.2543,0.6112,0.1345,0.2408,-0.5914,0.3658,8537.4,522.4,253.7,537.6,0.000108,
5363,857038,160,1.0721,0.7175,0.075,0.2075,0.6493,-0.6439,0.3115,10093.8,708.7,275.4,812.4,0.00012,
5364,857205,167,0.5105,0.0998,0.8169,0.0833,1.0,-0.2739,0.3158,12250.3,421.8,273.7,587.6,0.000126,-0.251811
5365,857362,157,0.8991,0.5469,0.4046,0.0485,1.0,-0.6236,0.3047,11546.0,766.9,278.1,812.3,0.000136,
5366,857519,157,0.9129,0.0453,0.0898,0.865,-0.0917,-0.8226,0.4033,7270.8,1024.6,238.7,426.2,8.8e-05,-0.245736
5367,857677,158,0.8143,0.0669,0.2724,0.6606,0.965,-0.6007,0.3369,11296.8,707.4,265.2,391.0,0.000218,-0.248103
5368,857841,164,0.5668,0.0927,0.4504,0.4568,1.0,-0.5677,0.1161,11844.9,685.0,353.6,515.7,0.000187,-0.273878
5369,858001,160,1.2509,0.5743,0.014,0.4116,0.8868,-0.5982,0.2679,10998.7,684.4,292.9,518.1,0.000114,-0.23783
5370,858161,160,0.8345,0.5077,0.4178,0.0745,0.8262,-0.6047,0.0844,10768.0,681.0,366.2,543.9,0.000105,-0.234863
5371,858324,163,1.0272,0.6346,0.1378,0.2276,0.6313,-0.6243,0.1554,10025.3,667.2,337.8,746.0,0.000114,
5372,858480,156,1.0838,0.5064,0.3082,0.1853,1.0,-0.5283,0.1286,12334.8,653.8,348.6,546.9,0.000112,
5373,858639,159,0.8092,0.2363,0.3065,0.4572,1.0,-0.5892,0.1234,11517.4,700.9,350.6,482.8,0.000176,-0.250411
5374,858795,156,1.5032,0.7971,0.0631,0.1397,1.0,-0.5724,0.0527,11454.0,669.6,378.9,480.4,0.00014,-0.248176
5375,858955,160,1.038,0.3032,0.1113,0.5855,1.0,-0.609,0.1234,11760.9,751.9,350.6,437.5,0.000111,-0.256543
5376,859117,162,1.1169,0.0575,0.0485,0.894,0.5595,-0.6931,0.4603,9751.8,794.3,215.9,520.0,0.000118,-0.244778
5377,859274,157,1.2398,0.7142,0.2155,0.0704,1.0,-0.5413,0.2745,11852.5,646.0,290.2,521.7,9.8e-05,
5378,859436,162,1.02,0.4749,0.4464,0.0787,1.0,-0.5581,0.0803,11819.7,668.7,367.9,330.2,0.000108,
5379,859599,163,0.9344,0.0805,0.0855,0.834,0.2766,-0.6908,0.498,8673.9,701.2,200.8,1055.1,0.000118,-0.253767
5380,859763,164,0.6451,0.0592,0.4443,0.4965,0.9964,-0.5293,0.3973,11416.4,606.3,241.1,1134.1,0.000193,-0.241189
5381,859928,165,0.3577,0.0265,0.6137,0.3599,0.8899,-0.6721,0.2598,11010.6,839.5,296.1,834.4,0.000151,
5382,860088,160,0.4006,0.1132,0.7109,0.1759,0.6798,-0.5461,0.0658,10210.1,562.4,373.7,394.8,9.1e-05,
5383,860244,156,0.8901,0.2004,0.1995,0.6001,1.0,-0.5686,0.267,11473.6,664.9,293.2,585.3,0.000322,
5384,860406,162,0.8531,0.1308,0.2356,0.6336,0.6938,-0.6152,0.3627,10263.4,666.8,254.9,467.9,0.000111,
5385,860565,159,1.506,0.8636,0.106,0.0304,0.9676,-0.6001,0.1846,11306.6,706.9,326.2,541.9,0.000145,-0.251035
5386,860728,163,0.798,0.3298,0.5189,0.1512,1.0,-0.5208,0.2582,12143.0,633.4,296.7,419.5,0.000125,
5387,860888,160,1.3296,0.7554,0.1625,0.0821,1.0,-0.5993,0.2896,12010.9,749.3,284.1,655.0,7e-05,
5388,861048,160,0.4625,0.2508,0.7119,0.0373,0.9208,-0.5584,0.3568,11128.4,630.1,257.3,643.3,7.9e-05,
5389,861205,157,1.2551,0.5217,0.0634,0.4149,1.0,-0.6529,0.0887,12340.4,888.9,364.5,508.1,0.000118,-0.242613
5390,861361,156,0.8716,0.3251,0.1263,0.5486,0.5229,-0.7119,0.3226,9612.3,834.0,271.0,682.4,9.2e-05,-0.253149
5391,861523,162,0.8065,0.3866,0.3687,0.2447,0.9022,-0.6266,0.1263,11057.5,740.2,349.5,427.7,0.000191,-0.26332
5392,861689,166,1.1938,0.622,0.1581,0.2199,0.8598,-0.6007,0.2636,10895.9,682.3,294.6,511.9,0.000109,-0.238288
5393,861846,157,0.8543,0.6292,0.3657,0.0051,0.644,-0.6027,0.2346,10073.5,633.9,306.2,402.8,0.000102,
5394,862001,155,0.9126,0.381,0.1827,0.4362,0.7167,-0.6055,0.2045,10350.7,655.9,318.2,544.7,0.000256,-0.267279
5395,862160,159,0.9456,0.3936,0.2103,0.3961,1.0,-0.4903,0.2948,11544.4,566.3,282.1,825.4,8.3e-05,
5396,862320,160,0.4162,0.2562,0.5591,0.1847,0.5529,-0.6193,0.2839,9726.7,638.8,286.4,701.5,0.000104,
5397,862480,160,0.5555,0.0221,0.8742,0.1037,0.8984,-0.0452,0.1487,11042.9,289.1,340.5,493.6,8.8e-05,
5398,862642,162,0.844,0.0941,0.2434,0.6625,0.2654,-0.7143,0.3519,8631.2,755.2,259.3,388.9,0.000166,
5399,862803,161,1.07,0.0828,0.0846,0.8326,0.9288,-0.6851,0.3987,11158.8,885.9,240.5,438.4,0.000106,-0.256689
5400,862965,162,0.4331,0.0797,0.6668,0.2536,0.9859,-0.5381,0.263,11376.2,615.7,294.8,652.7,9.1e-05,-0.260822
5401,863120,155,0.6704,0.3762,0.532,0.0917,0.8102,-0.5662,0.2487,10706.7,617.0,300.5,501.9,8.8e-05,
5402,863281,161,1.6703,0.9945,0.0004,0.005,1.0,-0.6079,0.1939,11602.7,739.8,322.4,426.7,9.8e-05,-0.278882
5403,863441,160,0.8476,0.2431,0.5654,0.1915,1.0,-0.4642,0.2742,12088.3,564.0,290.3,288.7,8.7e-05,-0.236065
5404,863596,155,0.469,0.2629,0.5935,0.1436,0.6715,-0.5917,0.2643,10178.6,623.2,294.3,739.4,7.2e-05,
5405,863752,156,0.9846,0.9028,0.0647,0.0325,0.3596,-0.7061,0.0455,8990.2,764.8,381.8,275.8,0.000132,
5406,863912,160,1.1825,0.1369,0.0317,0.8315,1.0,-0.5923,0.4702,11928.2,731.5,211.9,507.9,9.7e-05,
5407,864077,165,0.9894,0.5862,0.0595,0.3543,0.5214,-0.6314,-0.0226,9606.5,651.6,409.0,465.1,0.000102,-0.247097
5408,864241,164,0.5582,0.142,0.5472,0.3108,0.6664,-0.606,0.2709,10159.2,644.6,291.6,420.4,0.000118,-0.250165
5409,864404,163,1.0903,0.2676,0.0288,0.7036,0.2933,-0.7285,0.2645,8737.3,804.4,294.2,403.1,9.9e-05,
5410,864565,161,0.6777,0.0757,0.411,0.5134,0.9897,-0.5776,0.3207,11390.9,674.3,271.7,432.8,0.000109,-0.270699
5411,864727,162,0.3871,0.0062,0.7457,0.248,0.7513,-0.5431,0.1393,10482.4,573.6,344.3,393.6,0.000123,-0.266642
5412,864888,161,1.0856,0.4482,0.2345,0.3173,0.9568,-0.5794,0.0616,11265.4,669.6,375.4,356.3,7.3e-05,
5413,865050,162,1.426,0.7653,0.0046,0.2301,1.0,-0.5826,0.2431,12136.4,726.9,302.8,844.5,9.6e-05,
5414,865212,162,0.4802,0.1223,0.7944,0.0833,0.9774,-0.4272,0.3531,11343.9,495.1,258.8,486.5,8.5e-05,
5415,865382,170,0.8427,0.3541,0.3522,0.2937,0.8801,-0.6622,0.175,10973.2,812.1,330.0,490.5,8.1e-05,
5416,865544,162,1.3186,0.8126,0.1482,0.0392,1.0,-0.6264,0.2538,11880.5,795.0,298.5,743.8,0.000126,
5417,865707,163,0.9856,0.2033,0.0868,0.7099,1.0,-0.6011,0.2982,12612.4,790.5,280.7,749.8,9.1e-05,-0.235383
5418,865867,160,0.7921,0.359,0.5732,0.0678,1.0,-0.5202,0.0804,12011.0,625.8,367.8,425.3,0.000146,-0.278382
5419,866025,158,0.425,0.0973,0.7073,0.1954,0.8418,-0.4507,0.2964,10827.2,492.8,281.4,796.5,0.011728,-0.26101
5420,866180,155,0.5354,0.1365,0.804,0.0595,1.0,-0.2977,0.2411,11562.2,411.6,303.6,398.9,0.000123,
5421,866342,162,1.3843,0.7682,0.1257,0.106,0.9723,-0.549,0.2191,11324.3,627.8,312.4,575.7,0.000164,
5422,866498,156,0.8699,0.3823,0.3475,0.2702,0.6324,-0.5758,0.138,10029.6,591.0,344.8,337.3,0.00015,
5423,866656,158,0.3707,0.171,0.8222,0.0068,0.4912,-0.4866,0.1925,9491.3,462.2,323.0,516.8,8.9e-05,
5424,866821,165,0.7807,0.3978,0.4995,0.1027,0.9019,-0.5743,0.1826,11056.4,649.2,327.0,576.1,0.0001,-0.277688
5425,866977,156,1.6052,0.9859,0.0005,0.0135,1.0,-0.5966,0.2756,11697.8,724.9,289.8,518.3,0.000164,-0.256593
5426,867133,156,1.1314,0.0353,0.0007,0.964,0.4816,-0.7849,0.3903,9454.9,1098.9,243.9,590.3,0.00011,-0.246382
5427,867297,164,0.4406,0.1906,0.7928,0.0166,0.6929,-0.4968,0.2259,10259.9,509.7,309.6,330.9,0.000115,-0.269926
5428,867457,160,1.0441,0.6494,0.1874,0.1631,0.7312,-0.6575,0.3229,10405.9,759.6,270.8,562.0,0.00017,-0.255793
5429,867619,162,0.874,0.2969,0.331,0.372,0.8362,-0.6426,0.1421,10806.1,756.0,343.2,642.2,0.000148,-0.277245
5430,867784,165,0.5432,0.1137,0.4999,0.3864,0.8722,-0.6081,0.3072,10943.2,698.2,277.1,529.8,0.000164,
5431,867945,161,0.8121,0.0777,0.2494,0.6729,1.0,-0.6094,0.261,11667.1,746.8,295.6,591.9,0.000146,-0.258615
5432,868106,161,0.9165,0.087,0.177,0.736,0.5602,-0.631,0.4367,9754.4,660.9,225.3,674.2,8.9e-05,
5433,868261,155,1.0652,0.5592,0.3891,0.0518,0.9328,-0.5857,0.191,11173.8,674.3,323.6,418.3,0.000144,-0.23955
5434,868421,160,0.9717,0.0355,0.0698,0.8948,0.4203,-0.618,0.409,9221.4,603.5,236.4,710.8,0.000165,-0.252005
5435,868577,156,0.8892,0.1132,0.1919,0.6949,0.9038,-0.5542,0.2829,11063.6,620.4,286.8,501.9,0.000149,-0.236412
5436,868743,166,0.6778,0.3523,0.638,0.0097,0.9544,-0.5767,0.2846,11256.4,664.9,286.2,472.2,9.9e-05,-0.2531
5437,868898,155,0.4587,0.1645,0.747,0.0885,0.9217,-0.586,0.1939,11131.9,672.2,322.4,345.4,0.000125,
5438,869060,162,0.6469,0.0378,0.415,0.5472,0.9052,-0.5731,0.4237,11068.8,648.2,230.5,793.7,9.8e-05,
5439,869218,158,1.0901,0.6765,0.1401,0.1835,0.7372,-0.6306,0.2411,10428.7,705.9,303.6,568.1,8.7e-05,
5440,869374,156,0.9263,0.2965,0.3415,0.362,1.0,-0.5525,0.3337,11908.5,665.2,266.5,400.0,0.000165,
5441,869533,159,1.0865,0.5487,0.1141,0.3372,0.8082,-0.6436,0.3211,10699.4,750.6,271.5,642.0,0.000104,-0.265676
5442,869696,163,0.7189,0.0165,0.8703,0.1132,0.9896,-0.0041,0.1712,11390.5,285.9,331.5,387.4,0.000145,
5443,869864,168,1.0489,0.7957,0.0002,0.2041,0.4939,-0.6768,0.2336,9501.7,735.0,306.6,624.0,0.000142,
5444,870030,166,1.0134,0.4969,0.4039,0.0991,1.0,-0.5152,0.2853,11714.0,604.0,285.9,494.4,9.6e-05,
5445,870180,150,0.8519,0.3066,0.3041,0.3893,1.0,-0.5777,0.1049,12085.9,715.5,358.0,675.0,0.000102,
5446,870338,158,1.1553,0.6885,0.3114,0.0001,0.9075,-0.6223,0.0531,11077.7,733.2,378.8,442.8,0.000119,
5447,870497,159,0.7428,0.218,0.4138,0.3683,1.0,-0.5315,0.2678,12274.5,655.0,292.9,673.3,0.000105,-0.247248
5448,870655,158,0.5851,0.0309,0.4647,0.5043,1.0,-0.5406,0.3629,11530.0,627.4,254.8,511.5,0.000206,-0.234406
5449,870815,160,0.7196,0.0406,0.9143,0.0451,0.2769,0.2758,0.1377,8674.9,170.0,344.9,439.6,0.0001,-0.268052
5450,870973,158,1.2114,0.5636,0.0673,0.3692,0.9064,-0.5759,0.1748,11073.5,652.7,330.1,450.6,9.3e-05,-0.260065
5451,871131,158,0.8103,0.2126,0.2712,0.5162,0.9423,-0.5343,0.2087,11210.3,601.8,316.5,673.7,0.000106,-0.253817
5452,871291,160,0.982,0.0976,0.0533,0.849,0.205,-0.8456,0.3171,8401.0,1360.1,273.2,453.2,0.000168,-0.275134
5453,871454,163,1.0708,0.3693,0.1193,0.5114,0.8273,-0.6042,0.3061,10771.9,680.4,277.6,402.5,0.000136,
5454,871618,164,1.1193,0.3594,0.0696,0.571,0.9376,-0.6339,0.217,11192.3,764.4,313.2,530.2,0.000136,
5455,871782,164,0.614,0.143,0.4545,0.4025,0.8269,-0.6435,0.4587,10770.3,755.3,216.5,728.0,6.8e-05,
5456,871941,159,1.1256,0.4463,0.0995,0.4542,0.8735,-0.6425,0.3164,10948.0,765.6,273.4,539.9,7.3e-05,-0.26747
5457,872100,159,1.0545,0.0638,0.0852,0.8509,0.9771,-0.5216,0.4779,11342.9,592.7,208.8,865.7,0.000108,
5458,872258,158,0.7101,0.1041,0.2814,0.6145,0.535,-0.6844,0.459,9658.3,765.0,216.4,841.7,0.000115,
5459,872418,160,0.5934,0.0138,0.85,0.1362,0.8102,-0.1614,0.1884,10706.9,319.2,324.6,287.3,8.2e-05,
5460,872577,159,1.4022,0.8236,0.1632,0.0132,0.8938,-0.6756,0.1838,11025.2,849.5,326.5,346.4,8.8e-05,-0.241465
5461,872746,169,0.7332,0.1998,0.2443,0.5559,0.5025,-0.6497,0.3132,9534.6,680.5,274.7,812.9,0.000143,
5462,872912,166,0.9108,0.0369,0.1366,0.8265,0.28,-0.6316,0.3782,8686.6,589.5,248.7,465.2,0.000169,
5463,873076,164,1.2169,0.5613,0.0912,0.3475,1.0,-0.572,0.2111,11519.0,672.9,315.6,548.8,8.6e-05,
5464,873235,159,0.3068,0.1225,0.6891,0.1884,0.3413,-0.6639,0.1857,8920.3,663.5,325.7,446.4,9.3e-05,-0.271778
5465,873397,162,0.5552,0.2139,0.7477,0.0384,1.0,-0.4625,0.3126,11448.0,532.5,274.9,565.6,9.5e-05,-0.235968
5466,873561,164,0.4293,0.0017,0.6165,0.3818,1.0,-0.4775,0.1703,11900.9,569.4,331.9,635.4,0.000181,-0.265495
5467,873719,158,0.8157,0.2916,0.345,0.3634,1.0,-0.5204,0.4597,11971.5,624.0,216.1,968.6,0.000131,-0.270316
5468,873881,162,0.7602,0.0343,0.3059,0.6598,1.0,-0.4372,0.325,11912.1,529.2,270.0,722.4,8.5e-05,-0.256378
5469,874038,157,1.2368,0.692,0.2235,0.0845,1.0,-0.5667,0.2223,11730.2,676.8,311.1,486.3,0.00011,
5470,874194,156,1.0362,0.2582,0.0225,0.7193,0.571,-0.6745,0.2151,9795.3,752.2,314.0,344.3,0.000128,
5471,874351,157,1.3235,0.7175,0.0222,0.2603,0.8257,-0.6845,0.2232,10765.8,853.0,310.7,410.5,0.000155,-0.248409
5472,874520,169,1.1592,0.3406,0.0478,0.6115,0.9751,-0.6074,0.3518,11335.3,721.7,259.3,805.7,0.000133,
5473,874682,162,1.3387,0.7539,0.1184,0.1277,1.0,-0.5165,0.3131,11968.4,618.8,274.7,607.1,0.000158,
5474,874835,153,0.9953,0.7769,0.0526,0.1705,0.4681,-0.671,0.3035,9403.3,714.5,278.6,527.0,0.000127,-0.26444
5475,874996,161,0.4007,0.1953,0.7687,0.036,0.8172,-0.5322,0.3304,10733.4,573.6,267.8,794.0,0.00016,
5476,875153,157,1.0989,0.4491,0.3915,0.1595,1.0,-0.4773,0.0399,12677.8,606.4,384.0,257.1,0.000148,-0.24366
5477,875320,167,0.8903,0.5905,0.2757,0.1338,0.5555,-0.6674,0.1508,9736.6,731.8,339.7,419.6,0.000231,
5478,875483,163,0.9163,0.1724,0.1737,0.6539,1.0,-0.564,0.3107,12173.1,698.0,275.7,637.0,0.000104,-0.263334
5479,875649,166,0.7809,0.3593,0.4708,0.1698,0.8747,-0.5989,0.1916,10952.7,682.6,323.4,390.9,0.000214,-0.27393
5480,875804,155,1.0728,0.3167,0.0224,0.661,0.6266,-0.5568,0.2937,10007.3,564.5,282.5,455.4,0.000129,
5481,875967,163,1.3476,0.6172,0.0673,0.3155,0.8541,-0.6031,0.2541,10874.2,684.9,298.4,532.6,0.00014,-0.247801
5482,876129,162,1.5711,0.9109,0.0314,0.0577,1.0,-0.5957,0.1809,12604.5,779.4,327.6,514.4,0.000104,-0.266035
5483,876288,159,1.028,0.6375,0.1795,0.183,0.6171,-0.6598,0.2456,9971.1,732.7,301.8,541.0,0.000141,
5484,876449,161,0.5753,0.166,0.5416,0.2924,0.8067,-0.6635,0.224,10693.6,794.4,310.4,377.3,8.6e-05,-0.265106
5485,876610,161,0.7717,0.6803,0.3187,0.0011,0.5525,-0.6606,0.3099,9725.1,716.4,276.0,764.6,0.000275,
5486,876770,160,0.3686,0.2146,0.6804,0.105,0.6901,-0.655,0.2828,10249.3,742.7,286.9,722.8,0.00011,
5487,876928,158,0.432,0.0032,0.4826,0.5142,0.3855,-0.6587,0.2432,9088.9,665.7,302.7,556.7,0.00013,
5488,877082,154,0.9971,0.3591,0.1862,0.4547,0.7514,-0.6035,0.2516,10482.9,661.0,299.4,473.1,9.1e-05,
5489,877243,161,0.6734,0.168,0.4831,0.3489,0.749,-0.5786,0.2971,10473.7,621.3,281.1,379.4,7.6e-05,-0.266584
5490,877409,166,0.961,0.236,0.3048,0.4592,1.0,-0.5516,0.2054,13129.2,731.9,317.8,332.6,0.000134,-0.267878
5491,877573,164,0.8814,0.1156,0.2172,0.6672,0.9876,-0.4876,0.0858,11382.7,555.3,365.7,347.6,0.00011,-0.253008
5492,877735,162,0.3342,0.2503,0.7408,0.0089,0.404,-0.6095,0.2365,9159.2,586.4,305.4,592.4,8.5e-05,-0.272188
5493,877896,161,1.044,0.2884,0.0944,0.6172,1.0,-0.5293,0.268,11730.2,623.1,292.8,683.9,0.000105,
5494,878064,168,1.1654,0.6782,0.1886,0.1332,0.7415,-0.5997,0.1186,10445.1,652.4,352.6,516.1,0.000263,
5495,878227,163,0.3648,0.1154,0.7054,0.1792,0.8094,-0.6413,0.4176,10703.9,746.1,233.0,505.3,0.000107,-0.242666
5496,878388,161,0.5369,0.0187,0.5692,0.4121,1.0,-0.5197,0.2763,11712.4,609.6,289.5,463.7,0.000233,
5497,878544,156,0.7888,0.1832,0.326,0.4907,1.0,-0.5666,0.258,12592.2,726.3,296.8,660.0,7.2e-05,
5498,878701,157,0.815,0.5307,0.3924,0.0769,0.7907,-0.61,0.0543,10632.4,681.6,378.3,801.2,0.000123,-0.259805
5499,878861,160,0.5423,0.0516,0.3697,0.5787,0.3029,-0.721,0.2402,8774.1,786.2,303.9,455.5,8.5e-05,-0.236781
5500,879025,164,0.8431,0.148,0.2223,0.6296,0.7766,-0.6433,0.4333,10578.8,741.5,226.7,769.5,0.000115,-0.266803
5501,879183,158,1.0449,0.0008,0.0088,0.9904,0.4352,-0.6518,0.336,9278.0,666.2,265.6,429.7,0.000123,-0.265918
5502,879336,153,1.013,0.2602,0.0798,0.66,1.0,-0.6099,0.1265,12529.9,803.1,349.4,426.1,8.3e-05,
5503,879495,159,1.1745,0.5789,0.1946,0.2265,1.0,-0.5551,0.2451,11490.8,645.6,302.0,607.4,0.000102,-0.244988
5504,879658,163,1.2896,0.6183,0.0585,0.3232,0.9482,-0.6014,0.3382,11232.6,704.5,264.7,645.0,0.000111,
5505,879820,162,0.8505,0.3629,0.2353,0.4018,0.6504,-0.6278,0.3788,10098.2,678.3,248.5,596.5,0.000126,
5506,879984,164,0.3452,0.1064,0.6531,0.2405,0.5932,-0.6104,0.2747,9880.1,634.0,290.1,754.7,0.000213,
5507,880146,162,0.9009,0.214,0.2601,0.5259,0.9487,-0.5978,0.3178,11234.5,698.4,272.9,1054.7,0.000167,
5508,880310,164,0.5149,0.0405,0.5354,0.4242,0.8261,-0.5811,0.5116,10767.6,642.6,195.3,638.8,0.000138,
5509,880463,153,1.2488,0.7985,0.06,0.1415,0.7868,-0.647,0.3082,10617.8,751.9,276.7,642.8,0.00018,-0.261791
5510,880623,160,1.0178,0.4345,0.4149,0.1506,1.0,-0.5455,0.0112,11911.3,655.2,395.5,174.3,0.000105,-0.257401
5511,880777,154,1.1233,0.3553,0.0603,0.5844,0.9744,-0.5558,0.1569,11332.6,637.8,337.2,273.6,0.000131,-0.251525
5512,880934,157,1.2384,0.5001,0.0576,0.4423,1.0,-0.4792,0.322,11948.6,573.6,271.2,821.1,0.000128,
5513,881091,157,1.0588,0.2546,0.0302,0.7152,0.5802,-0.5761,0.4413,9830.4,579.7,223.5,596.1,0.000155,-0.254574
5514,881251,160,0.777,0.1527,0.1077,0.7396,-0.0337,-0.7955,0.2492,7491.8,915.8,300.3,446.8,0.000123,-0.266246
5515,881413,162,1.2708,0.5423,0.0458,0.4119,0.933,-0.5776,0.1523,11174.9,661.4,339.1,459.7,0.000104,-0.261839
5516,881571,158,0.9228,0.3839,0.1486,0.4675,0.6894,-0.6322,0.16,10246.5,696.5,336.0,501.4,0.000104,-0.275551
5517,881730,159,0.4472,0.2549,0.738,0.007,0.8542,-0.5306,0.3379,10874.7,579.2,264.8,642.8,0.000116,
5518,881891,161,1.3315,0.6754,0.1573,0.1673,1.0,-0.6242,0.0807,11797.5,784.9,367.7,613.6,0.000103,-0.260494
5519,882045,154,0.7513,0.2081,0.4387,0.3532,1.0,-0.539,0.1347,11607.1,629.5,346.1,412.6,9.3e-05,-0.263477
5520,882208,163,0.6318,0.1131,0.4697,0.4172,1.0,-0.5246,0.3289,11843.3,622.8,268.5,701.5,8.1e-05,
5521,882372,164,0.4546,0.3804,0.5494,0.0702,0.4159,-0.6005,0.2085,9204.5,576.0,316.6,512.3,9.7e-05,
5522,882541,169,1.1394,0.9297,0.0604,0.0099,0.587,-0.5928,0.244,9856.5,605.1,302.4,763.9,7.7e-05,-0.277178
5523,882704,163,0.7039,0.3746,0.3514,0.274,0.5822,-0.5441,0.3226,9838.2,539.5,271.0,778.8,0.000158,
5524,882871,167,0.9739,0.382,0.1986,0.4194,0.8494,-0.5912,0.189,10856.1,663.8,324.4,492.2,8.1e-05,-0.272947
5525,883031,160,0.957,0.4577,0.0997,0.4426,0.6845,-0.6951,0.158,10228.0,838.5,336.8,484.6,0.000191,-0.265363
5526,883192,161,0.9042,0.1471,0.1361,0.7168,0.94,-0.5784,0.199,11201.3,664.2,320.4,644.1,0.000173,
5527,883359,167,1.136,0.7487,0.1637,0.0876,0.7589,-0.6542,0.1933,10511.3,759.9,322.7,436.4,0.000213,-0.250985
5528,883522,163,0.924,0.4427,0.3575,0.1999,0.9069,-0.5541,0.1228,11075.2,620.9,350.9,627.1,0.000145,
5529,883681,159,1.3618,0.5157,0.0113,0.4729,1.0,-0.5936,0.2952,11474.3,705.8,281.9,445.4,0.000188,-0.270344
5530,883838,157,1.1522,0.6062,0.15,0.2438,0.8403,-0.588,0.1895,10821.7,656.7,324.2,537.1,0.000217,
5531,883995,157,0.9935,0.0394,0.0665,0.8941,0.6905,-0.7036,0.3941,10250.8,864.5,242.3,447.7,0.000208,-0.254318
5532,884152,157,1.17,0.4392,0.1328,0.428,1.0,-0.5688,0.2189,11890.1,689.3,312.4,374.6,0.000125,
5533,884309,157,1.0246,0.1977,0.075,0.7273,0.2467,-0.768,0.3053,8559.7,922.6,277.9,237.6,7.2e-05,-0.254618
5534,884466,157,0.6938,0.119,0.3273,0.5537,0.3494,-0.6791,0.1704,8951.1,697.3,331.8,298.0,0.000126,
5535,884628,162,0.4816,0.1862,0.6003,0.2135,0.7594,-0.5986,0.3127,10513.1,654.8,274.9,1106.5,0.00034,
5536,884784,156,0.3934,0.0694,0.9251,0.0055,0.1787,0.0439,0.2332,8300.8,198.8,306.7,604.3,0.000141,
5537,884947,163,0.8241,0.2664,0.3088,0.4248,0.8074,-0.5837,0.3742,10696.2,642.4,250.3,505.3,0.000148,-0.260307
5538,885112,165,1.1102,0.6485,0.2719,0.0797,1.0,-0.5075,0.2814,12135.0,616.0,287.5,810.4,9.7e-05,
5539,885275,163,0.4708,0.3464,0.5296,0.124,0.214,-0.6671,0.1025,8435.2,633.4,359.0,303.5,0.00015,-0.264771
5540,885435,160,0.7507,0.4636,0.2666,0.2698,0.4735,-0.6838,0.2538,9424.0,745.0,298.5,426.0,0.000185,-0.250992
5541,885597,162,0.9674,0.6517,0.0221,0.3263,0.4202,-0.6895,0.2402,9221.1,742.5,303.9,550.2,0.000127,-0.249
5542,885755,158,1.0784,0.5082,0.2898,0.2019,1.0,-0.4593,0.1912,11849.5,547.9,323.5,602.4,9.8e-05,-0.262558
5543,885920,165,0.7017,0.3129,0.3674,0.3197,0.5161,-0.6521,0.0876,9586.5,688.9,365.0,366.9,7.8e-05,
5544,886080,160,0.8268,0.5,0.4477,0.0523,0.78,-0.6178,0.2184,10591.8,692.9,312.6,407.5,0.0001,
5545,886242,162,0.6112,0.3422,0.5456,0.1122,0.932,-0.6572,0.2296,11170.8,814.6,308.2,519.1,9.4e-05,
5546,886405,163,1.1657,0.324,0.0776,0.5984,1.0,-0.5657,0.3551,12257.8,705.6,258.0,407.4,7.9e-05,-0.281368
5547,886562,157,1.0543,0.6304,0.3493,0.0203,0.9396,-0.6283,0.0884,11200.0,753.2,364.6,599.4,0.000256,
5548,886723,161,0.4941,0.0917,0.6191,0.2892,0.9626,-0.5674,0.3373,11287.5,652.3,265.1,507.6,0.000172,-0.28245
5549,886883,160,0.7357,0.3582,0.3531,0.2887,0.4785,-0.673,0.1786,9443.1,721.9,328.6,300.2,9.4e-05,-0.257241
5550,887044,161,1.3035,0.7068,0.1174,0.1759,1.0,-0.6184,0.1962,11483.5,752.4,321.5,718.2,0.000117,
5551,887203,159,0.9771,0.506,0.3805,0.1134,1.0,-0.5344,0.3951,11728.4,629.7,242.0,589.5,9.2e-05,-0.275163
5552,887361,158,0.7257,0.2735,0.5631,0.1634,1.0,-0.5482,0.0953,11882.5,657.6,361.9,443.6,0.000115,-0.261969
5553,887520,159,0.4328,0.1062,0.6834,0.2104,0.9434,-0.5602,0.3064,11214.2,637.4,277.4,453.4,0.000144,
5554,887679,159,0.6041,0.0209,0.4737,0.5055,0.7906,-0.5906,0.3254,10632.2,649.2,269.9,457.7,0.0002,-0.226131
5555,887841,162,0.3174,0.025,0.7892,0.1858,0.3167,-0.5162,0.299,8826.8,456.1,280.4,616.6,0.000135,-0.279997
5556,887998,157,1.0757,0.2936,0.1103,0.5961,1.0,-0.3579,0.2947,12545.0,488.4,282.1,604.9,0.000115,
5557,888159,161,1.6422,0.9222,0.0649,0.0129,1.0,-0.5393,0.1003,12829.2,696.2,359.9,352.6,0.000149,-0.260329
5558,888319,160,0.6909,0.2885,0.3819,0.3296,0.6855,-0.542,0.102,10231.8,558.5,359.2,472.5,0.000126,-0.277401
5559,888475,156,1.0028,0.0296,0.1231,0.8473,1.0,-0.4755,0.4693,11916.8,568.1,212.3,519.7,8e-05,-0.281398
5560,888642,167,1.1089,0.426,0.0758,0.4982,0.944,-0.5288,0.1507,11216.6,595.1,339.7,470.6,0.000239,
5561,888800,158,0.5952,0.2351,0.3163,0.4486,0.3833,-0.6952,0.218,9080.3,744.9,312.8,596.2,0.000215,
5562,888959,159,0.2436,0.131,0.8421,0.0269,0.3831,-0.2677,0.2518,9079.8,310.0,299.3,731.6,0.000153,-0.240829
5563,889118,159,1.1028,0.6094,0.186,0.2045,0.901,-0.596,0.2061,11053.0,684.0,317.6,592.1,0.000185,
5564,889280,162,0.5064,0.2103,0.7452,0.0446,0.8579,-0.5058,0.1336,10888.4,550.8,346.6,366.4,0.000129,
5565,889438,158,1.2837,0.9282,0.0167,0.0551,0.7068,-0.6048,0.2564,10312.9,652.3,297.4,574.9,0.000105,
5566,889600,162,0.8203,0.1882,0.1305,0.6812,0.0903,-0.6815,0.3145,7964.2,625.1,274.2,504.5,8.3e-05,
5567,889762,162,1.4828,0.7446,0.0145,0.2409,0.9957,-0.4909,0.1201,11413.5,560.5,352.0,310.6,0.000187,
5568,889923,161,0.6547,0.1476,0.3658,0.4866,0.7828,-0.6657,0.1959,10602.3,792.9,321.7,610.0,0.00016,-0.263957
5569,890082,159,0.7826,0.0856,0.1806,0.7338,0.1878,-0.736,0.376,8335.3,789.3,249.6,422.0,0.000128,
5570,890246,164,1.2835,0.5946,0.0185,0.3869,1.0,-0.5482,0.2451,12407.8,686.6,302.0,634.3,0.000296,
5571,890405,159,0.5569,0.3008,0.6909,0.0083,1.0,-0.5183,0.3132,12408.8,644.0,274.7,681.1,0.000138,-0.26522
5572,890568,163,1.3075,0.8485,0.0842,0.0673,0.8053,-0.6057,0.1884,10688.1,677.6,324.7,435.6,0.000127,
5573,890724,156,1.1426,0.4483,0.1575,0.3942,1.0,-0.4906,0.1095,12198.5,598.6,356.2,529.8,0.000135,
5574,890890,166,0.4598,0.1518,0.7544,0.0938,0.9603,-0.5017,0.1388,11278.8,565.9,344.5,584.5,0.000401,
5575,891053,163,0.5129,0.3677,0.5364,0.0959,0.6241,-0.5964,0.2704,9997.9,619.2,291.8,895.5,0.000104,-0.255007
5576,891210,157,0.7619,0.0598,0.2548,0.6854,1.0,-0.5211,0.3447,11853.4,618.7,262.1,813.5,0.000126,
5577,891372,162,0.3939,0.1934,0.7161,0.0905,0.8475,-0.5223,0.3347,10848.8,567.8,266.1,595.7,0.000136,
5578,891530,158,0.491,0.3128,0.6592,0.028,0.8781,-0.616,0.3086,10965.6,713.9,276.6,417.2,0.000105,
5579,891689,159,1.1695,0.5667,0.19,0.2433,1.0,-0.572,0.2039,11718.8,684.5,318.4,411.3,0.000125,-0.262374
5580,891853,164,0.9327,0.3194,0.1625,0.5181,0.8317,-0.6122,0.1166,10788.6,695.6,353.4,775.7,0.000159,-0.229494
5581,892015,162,0.8336,0.1921,0.1773,0.6305,0.7869,-0.6273,0.1723,10618.0,712.2,331.1,533.8,0.000125,-0.265668
5582,892174,159,0.6024,0.0395,0.389,0.5714,0.7651,-0.563,0.332,10535.1,602.7,267.2,644.6,0.000107,
5583,892330,156,1.1738,0.6975,0.2695,0.033,0.8311,-0.5683,0.0749,10786.6,624.7,370.1,318.1,8.8e-05,
5584,892489,159,0.7636,0.1357,0.2989,0.5653,0.9037,-0.6249,0.1193,11063.2,737.4,352.3,249.1,0.000131,-0.25937
5585,892652,163,1.1803,0.4112,0.0102,0.5786,0.9084,-0.608,0.3203,11081.0,706.6,271.9,687.6,9.4e-05,
5586,892811,159,1.0041,0.5125,0.2769,0.2106,1.0,-0.5391,0.1029,11847.5,642.6,358.9,711.4,8.2e-05,-0.262997
5587,892971,160,0.8766,0.3826,0.3846,0.2328,1.0,-0.4782,0.24,12436.3,595.8,304.0,1248.4,0.00013,-0.262602
5588,893124,153,1.0706,0.5452,0.0536,0.4012,0.6606,-0.6754,0.1204,10136.8,780.6,351.8,427.1,0.000196,
5589,893283,159,1.0684,0.5285,0.0359,0.4356,0.683,-0.6165,0.0799,10222.2,666.3,368.1,734.1,0.000169,-0.257079
5590,893445,162,1.4572,0.6765,0.0137,0.3099,1.0,-0.6174,0.1584,11766.9,768.8,336.6,442.9,0.000119,-0.259584
5591,893598,153,0.1408,0.0165,0.9403,0.0432,-0.5375,-0.1668,0.3044,5572.2,167.2,278.2,588.8,8.5e-05,
5592,893756,158,0.8348,0.3976,0.466,0.1364,1.0,-0.586,0.2237,11526.5,696.1,310.5,386.0,0.000112,
5593,893915,159,0.6903,0.1399,0.3819,0.4782,0.7006,-0.5714,0.3249,10289.2,600.2,270.0,389.9,0.000132,-0.267764
5594,894071,156,0.9643,0.4941,0.4275,0.0784,1.0,-0.6138,0.2282,12407.5,803.1,308.7,510.1,0.000136,-0.274891
5595,894225,154,0.8172,0.3529,0.3988,0.2483,0.7584,-0.5062,0.1277,10509.4,532.1,348.9,302.1,0.000126,-0.26622
5596,894385,160,0.7114,0.2726,0.3726,0.3548,0.8346,-0.5456,0.4499,10799.9,594.1,220.0,944.8,0.000108,-0.283592
5597,894541,156,0.501,0.0665,0.6629,0.2706,0.8925,-0.5296,0.2997,11020.2,585.7,280.1,452.6,0.000135,-0.264605
5598,894701,160,1.3851,0.6475,0.0012,0.3513,1.0,-0.6069,0.1611,11611.3,738.5,335.6,637.6,0.000214,-0.2681
5599,894864,163,1.1818,0.6953,0.166,0.1388,0.8489,-0.5905,0.3601,10854.2,662.6,256.0,732.7,0.000162,
5600,895023,159,0.6413,0.1467,0.4103,0.443,0.8204,-0.5211,0.2017,10745.8,560.9,319.3,648.7,0.000112,-0.228451
5601,895185,162,0.8669,0.5555,0.288,0.1565,0.5887,-0.6506,0.2574,9862.9,705.6,297.1,602.5,0.000106,-0.254617
5602,895342,157,1.4446,0.7853,0.0766,0.1381,1.0,-0.5636,0.1925,11954.1,684.8,323.0,439.6,0.000111,
5603,895503,161,0.9768,0.3287,0.0989,0.5724,0.6551,-0.6661,0.2012,10116.0,757.4,319.5,418.2,8.5e-05,-0.258369
5604,895659,156,0.8734,0.5689,0.1832,0.2479,0.6102,-0.5932,0.34,9944.9,611.2,264.0,609.1,0.000164,-0.279648
5605,895823,164,0.5998,0.2835,0.6467,0.0699,1.0,-0.5842,0.2773,11523.9,692.8,289.1,526.3,0.000119,-0.271217
5606,895973,150,0.9655,0.3571,0.126,0.5168,0.7467,-0.5212,0.2931,10464.8,546.4,282.7,498.8,0.000119,-0.249527
5607,896133,160,0.5347,0.1643,0.719,0.1167,1.0,-0.5098,0.243,11982.7,611.1,302.8,439.6,0.000114,-0.269306
5608,896294,161,0.5131,0.0438,0.4864,0.4698,1.0,-0.6338,0.3268,11696.1,798.5,269.3,549.2,5.9e-05,
5609,896456,162,0.9788,0.0222,0.2231,0.7547,0.8644,-0.6063,0.3344,10913.4,692.9,266.3,339.5,0.000144,
5610,896613,157,0.8295,0.0889,0.8741,0.0371,0.8987,0.1001,0.0365,11044.1,251.0,385.4,410.7,0.000119,-0.25804
5611,896775,162,1.0803,0.3721,0.1795,0.4485,1.0,-0.5826,0.2773,11794.4,706.4,289.1,479.2,0.00018,-0.258745
5612,896936,161,0.9486,0.4114,0.2588,0.3298,0.7063,-0.6295,0.0652,10310.8,695.8,373.9,490.3,7.7e-05,
5613,897089,153,0.8281,0.4468,0.4192,0.134,1.0,-0.5706,0.2114,12112.6,705.2,315.4,600.1,0.000101,-0.279819
5614,897244,155,1.1695,0.0276,0.0848,0.8876,0.973,-0.5682,0.5047,11327.3,655.8,198.1,481.2,0.00025,
5615,897402,158,1.3328,0.6099,0.1128,0.2773,1.0,-0.4944,0.0923,12537.3,620.0,363.1,193.1,0.000135,
5616,897569,167,0.9027,0.4667,0.1523,0.381,0.6006,-0.6433,0.2955,9908.3,694.5,281.8,612.6,0.000107,-0.282005
5617,897730,161,0.7817,0.1787,0.3698,0.4515,0.8258,-0.54,0.3557,10766.2,585.2,257.7,588.8,7.7e-05,
5618,897894,164,0.7023,0.2175,0.4759,0.3066,1.0,-0.5885,0.2242,13011.2,790.5,310.3,784.2,0.000198,
5619,898054,160,1.3225,0.6691,0.0928,0.2381,1.0,-0.536,0.2391,12513.7,674.2,304.4,425.5,0.000142,
5620,898217,163,0.9522,0.3128,0.2345,0.4527,0.9565,-0.5518,0.2484,11264.2,628.2,300.6,470.8,0.000151,-0.281304
5621,898377,160,0.9407,0.5678,0.4085,0.0237,1.0,-0.5736,0.2409,12601.7,738.8,303.6,794.4,0.000136,-0.260391
5622,898537,160,1.0663,0.1306,0.1094,0.7601,0.9827,-0.6086,0.484,11363.9,725.8,206.4,513.4,0.000121,-0.253189
5623,898701,164,0.6427,0.3793,0.4506,0.1701,0.7406,-0.6299,0.2321,10441.9,705.4,307.1,738.3,0.000156,-0.26281
5624,898863,162,0.3762,0.1804,0.6863,0.1334,0.8707,-0.6746,0.1898,10937.3,840.2,324.1,569.1,0.000113,-0.264543
5625,899017,154,0.9727,0.356,0.212,0.432,1.0,-0.574,0.2229,11825.0,693.9,310.8,688.6,0.000122,-0.275436
5626,899175,158,0.5265,0.0529,0.4525,0.4945,0.5379,-0.6159,0.2818,9669.2,629.3,287.3,527.1,0.000105,-0.247904
5627,899334,159,0.8028,0.4021,0.237,0.3609,0.5239,-0.6035,0.084,9616.2,606.4,366.4,451.1,0.000123,
5628,899491,157,0.6213,0.2907,0.4076,0.3017,0.5829,-0.6253,0.2663,9841.0,656.7,293.5,659.9,9.9e-05,-0.263776
5629,899652,161,0.8933,0.2018,0.286,0.5122,1.0,-0.5474,0.1964,11548.2,637.9,321.4,464.7,0.000123,
5630,899807,155,0.9592,0.0478,0.1726,0.7796,0.431,-0.7186,0.3814,9262.3,823.0,247.4,327.2,0.000115,-0.262032
5631,899965,158,0.6949,0.2626,0.5296,0.2078,1.0,-0.5949,0.0343,11823.1,729.6,386.3,442.7,0.000122,-0.279444
5632,900126,161,0.7613,0.0987,0.1811,0.7202,-0.2708,-0.781,0.3142,6588.1,752.2,274.3,338.5,7.2e-05,
5633,900286,160,0.8723,0.3123,0.3554,0.3322,0.6818,-0.5953,0.2181,10217.8,631.2,312.8,525.0,0.000128,
5634,900441,155,1.3576,0.7422,0.1284,0.1294,1.0,-0.5208,0.128,12672.3,661.1,348.8,584.2,0.000148,-0.268477
5635,900598,157,0.7801,0.2003,0.4492,0.3505,1.0,-0.519,0.2958,12374.3,643.2,281.7,408.7,0.00016,
5636,900763,165,0.8308,0.527,0.4693,0.0037,0.9841,-0.6333,0.2751,11369.5,775.0,290.0,538.0,0.000145,-0.260386
5637,900922,159,0.8748,0.216,0.2383,0.5457,0.789,-0.5612,0.3712,10626.2,605.3,251.5,563.9,0.000129,
5638,901084,162,0.4056,0.0861,0.8219,0.092,1.0,-0.2792,0.4345,11463.8,397.6,226.2,716.3,0.0001,
5639,901244,160,0.4078,0.0334,0.7711,0.1955,0.9942,-0.4645,0.2994,11408.1,532.6,280.3,489.7,0.000137,
5640,901401,157,0.7747,0.3456,0.4471,0.2073,1.0,-0.505,0.3436,11658.5,588.8,262.5,644.7,0.000267,-0.281904
5641,901566,165,1.0312,0.6131,0.2515,0.1354,0.893,-0.627,0.2682,11022.4,738.8,292.7,783.8,0.000119,
5642,901725,159,1.0128,0.4692,0.1543,0.3765,0.739,-0.6459,0.2817,10435.5,736.7,287.3,860.9,0.000141,-0.273756
5643,901881,156,1.0304,0.1145,0.0873,0.7982,0.7867,-0.6616,0.4211,10617.3,784.4,231.6,569.1,0.000182,-0.264824
5644,902037,156,0.5651,0.0466,0.5159,0.4375,0.9573,-0.5396,0.1604,11267.3,611.8,335.8,405.0,0.000153,-0.263567
5645,902193,156,0.8366,0.2924,0.3136,0.394,0.8127,-0.4353,0.1564,10716.3,474.4,337.4,314.0,0.000113,-0.277444
5646,902358,165,0.8308,0.0801,0.8873,0.0325,0.6905,0.3382,0.0665,10250.7,191.5,373.4,399.9,0.000115,
5647,902522,164,1.1431,0.6873,0.256,0.0567,0.9705,-0.6476,0.3526,11317.7,803.0,259.0,733.6,0.000143,
5648,902678,156,0.6917,0.27,0.4883,0.2417,0.7985,-0.5226,0.3175,10662.2,558.4,273.0,514.5,9.5e-05,
5649,902836,158,0.8996,0.3586,0.3299,0.3116,0.9868,-0.5668,0.159,11379.5,656.7,336.4,369.2,0.000124,
5650,903001,165,0.9784,0.1077,0.0784,0.8139,0.7296,-0.6457,0.4558,10399.8,733.9,217.7,870.6,0.000113,-0.263909
5651,903160,159,0.9308,0.2369,0.1326,0.6306,0.9675,-0.6103,0.3632,11306.2,725.4,254.7,870.0,0.00015,
5652,903316,156,0.6655,0.1278,0.8299,0.0423,0.9639,-0.1753,0.2274,11292.4,342.3,309.1,436.7,7.8e-05,
5653,903474,158,1.0239,0.4012,0.0917,0.5071,0.7403,-0.6088,0.3524,10440.7,667.2,259.1,920.3,0.000131,
5654,903629,155,1.1909,0.4156,0.0492,0.5351,1.0,-0.5284,0.3632,11461.7,607.6,254.7,688.5,9.8e-05,-0.280542
5655,903793,164,1.3074,0.5852,0.0612,0.3536,1.0,-0.5509,0.3314,11634.7,647.7,267.4,564.6,0.000114,-0.270618
5656,903955,162,1.0373,0.4341,0.0319,0.534,0.6934,-0.6005,0.3766,10261.7,642.2,249.3,989.2,0.000137,-0.258135
5657,904115,160,0.7686,0.4027,0.3842,0.2131,0.7208,-0.5373,0.2643,10366.1,560.0,294.3,521.0,0.000121,-0.292963
5658,904271,156,1.1298,0.669,0.1473,0.1837,0.7043,-0.5935,0.074,10303.5,633.6,370.4,396.9,0.000103,-0.284617
5659,904428,157,0.8934,0.4607,0.1755,0.3638,0.372,-0.6234,0.2535,9037.3,600.0,298.6,257.4,7.5e-05,
5660,904589,161,0.5276,0.0472,0.4245,0.5282,0.3086,-0.6913,0.3669,8795.7,712.2,253.2,778.6,0.000154,-0.251828
5661,904750,161,0.5197,0.2058,0.7582,0.0359,1.0,-0.5487,0.2832,12224.1,677.1,286.7,537.2,0.000124,
5662,904907,157,1.103,0.2301,0.0325,0.7374,0.4718,-0.7268,0.3455,9417.6,861.8,261.8,259.2,0.000208,-0.278251
5663,905067,160,1.1096,0.5694,0.2462,0.1844,1.0,-0.5944,0.2225,11983.5,738.7,311.0,672.6,0.000128,-0.28682
5664,905224,157,0.8113,0.371,0.3603,0.2687,0.911,-0.6018,0.2087,11090.9,696.2,316.5,453.1,0.000125,
5665,905380,156,0.8404,0.6384,0.2952,0.0664,0.6061,-0.5996,0.2249,9929.4,619.9,310.0,711.2,0.000109,
5666,905542,162,1.1318,0.5853,0.0248,0.3898,0.7204,-0.7033,0.2765,10364.9,873.4,289.4,569.7,9.5e-05,
5667,905705,163,0.8818,0.4597,0.4907,0.0496,0.8947,-0.5983,0.0917,11028.7,686.4,363.3,478.9,0.000153,-0.29199
5668,905863,158,0.6322,0.1439,0.4584,0.3977,0.8564,-0.6204,0.0511,10882.8,716.7,379.6,273.2,0.000203,-0.257664
5669,906020,157,1.408,0.7816,0.0751,0.1433,1.0,-0.5015,0.3473,12050.1,604.3,261.1,511.0,0.000101,
5670,906178,158,1.3482,0.6991,0.1187,0.1823,1.0,-0.6144,0.184,11901.6,771.6,326.4,357.5,0.000137,
5671,906345,167,0.7487,0.1677,0.5378,0.2944,0.8545,-0.5387,0.0906,10875.6,589.4,363.8,276.5,0.000122,-0.267164
5672,906505,160,0.3685,0.0082,0.6581,0.3338,0.7766,-0.6175,0.1838,10578.8,691.5,326.5,358.9,0.000111,-0.260499
5673,906667,162,0.8996,0.3734,0.3126,0.314,1.0,-0.5705,0.3524,11818.2,687.9,259.1,668.9,0.000139,-0.248779
5674,906828,161,0.8319,0.2201,0.189,0.5909,0.8817,-0.6445,0.2899,10979.4,772.0,284.1,964.8,0.000108,
5675,906980,152,1.0732,0.151,0.0946,0.7544,0.7504,-0.6579,0.3888,10479.0,765.8,244.5,397.4,5.8e-05,
5676,907141,161,0.4127,0.2765,0.6513,0.0722,0.5699,-0.6437,0.1541,9791.4,687.0,338.4,613.1,0.000174,-0.284615
5677,907303,162,0.6422,0.157,0.4733,0.3697,1.0,-0.5211,0.3257,12562.9,655.8,269.7,607.8,0.000166,-0.26826
5678,907467,164,0.5952,0.1523,0.6009,0.2468,1.0,-0.4672,0.0791,12746.6,598.1,368.4,556.4,0.000135,-0.283012
5679,907628,161,0.9654,0.4362,0.1782,0.3857,0.7251,-0.707,0.2648,10382.8,885.9,294.1,768.5,0.000108,
5680,907783,155,0.4856,0.0585,0.5695,0.3719,0.9455,-0.5129,0.3261,11222.3,576.0,269.6,599.6,9.8e-05,-0.265635
5681,907945,162,1.0448,0.3034,0.0311,0.6655,0.7756,-0.5794,0.2572,10575.2,628.5,297.1,602.0,0.000142,-0.261058
5682,908111,166,0.4476,0.2258,0.6654,0.1088,0.7516,-0.5845,0.2792,10483.6,630.8,288.3,907.8,0.00016,-0.27839
5683,908270,159,0.533,0.3903,0.4979,0.1118,0.4667,-0.649,0.3185,9398.1,669.4,272.6,448.7,0.000166,
5684,908431,161,1.1817,0.8901,0.0672,0.0427,0.6046,-0.5752,0.2263,9923.5,584.0,309.5,607.2,0.000118,-0.284871
5685,908594,163,0.4973,0.2107,0.6265,0.1628,0.8229,-0.6313,0.2878,10755.2,729.3,284.9,492.3,0.000118,
5686,908745,151,0.5093,0.25,0.5675,0.1825,0.65,-0.5705,0.1749,10096.7,587.7,330.0,398.5,0.000202,-0.258444
5687,908906,161,0.9955,0.5354,0.2794,0.1852,0.9095,-0.5858,0.2865,11085.2,669.1,285.4,837.8,9.6e-05,
5688,909064,158,0.7962,0.2253,0.397,0.3777,1.0,-0.5116,0.3295,12273.5,628.2,268.2,453.0,0.000105,
5689,909226,162,1.1657,0.598,0.1679,0.2341,0.7735,-0.6254,0.1687,10567.1,705.2,332.5,306.9,0.000212,
5690,909389,163,0.4474,0.023,0.8315,0.1455,0.5506,-0.4094,0.2469,9717.8,411.4,301.2,363.2,0.000141,-0.26889
5691,909546,157,1.2322,0.5881,0.0814,0.3305,1.0,-0.549,0.2665,12347.2,684.4,293.4,539.8,0.000147,
5692,909709,163,0.8589,0.4881,0.2033,0.3086,0.5728,-0.7064,0.238,9802.3,834.6,304.8,767.2,0.0001,-0.27723
5693,909865,156,0.584,0.03,0.4775,0.4925,0.8741,-0.5597,0.3502,10950.2,621.7,259.9,585.5,0.000134,-0.272286
5694,910021,156,0.65,0.2356,0.615,0.1494,1.0,-0.4766,0.176,12055.5,575.8,329.6,368.6,0.000133,-0.263879
5695,910184,163,1.1253,0.5114,0.0003,0.4883,0.8871,-0.5634,0.2453,10999.8,629.9,301.9,835.9,7.7e-05,
5696,910344,160,1.3414,0.7053,0.0863,0.2084,1.0,-0.5904,0.3279,11919.9,727.5,268.8,641.5,0.000116,
5697,910506,162,1.0797,0.4584,0.0186,0.523,0.5382,-0.6999,0.2838,9670.6,805.6,286.5,616.5,0.00012,
5698,910666,160,1.2428,0.517,0.0998,0.3832,1.0,-0.5498,0.2613,12843.6,713.3,295.5,465.7,0.000172,
5699,910828,162,1.1356,0.321,0.019,0.66,0.937,-0.6644,0.2622,11190.0,833.7,295.1,774.1,0.000189,
5700,910978,150,0.7344,0.2048,0.3512,0.444,1.0,-0.541,0.3507,12663.5,689.7,259.7,856.8,9.7e-05,
5701,911134,156,0.5512,0.1518,0.6976,0.1507,0.7998,-0.4391,0.377,10667.4,475.5,249.2,562.5,0.00018,
5702,911291,157,0.7901,0.5076,0.268,0.2244,0.5583,-0.6646,0.3778,9747.0,726.6,248.9,578.5,0.000127,-0.260119
5703,911447,156,0.9777,0.4751,0.2716,0.2533,0.8489,-0.6153,0.2024,10854.2,705.4,319.0,587.5,0.000113,-0.274056
5704,911606,159,1.15,0.7045,0.1986,0.0969,0.7712,-0.6786,0.0749,10558.2,821.3,370.1,339.1,0.000104,
5705,911765,159,0.4956,0.0271,0.5365,0.4364,0.7188,-0.6162,0.1509,10358.6,674.8,339.6,362.0,6.8e-05,-0.273008
5706,911925,160,0.4099,0.0139,0.6305,0.3557,1.0,-0.5513,0.2695,11518.6,641.7,292.2,552.1,6.9e-05,-0.265488
5707,912085,160,1.0658,0.0178,0.057,0.9252,0.7787,-0.5975,0.3507,10586.9,657.6,259.7,422.8,9.3e-05,-0.264671
5708,912247,162,0.8409,0.41,0.4585,0.1315,1.0,-0.5643,0.3005,11727.0,672.9,279.8,510.1,0.000178,-0.282632
5709,912403,156,0.9312,0.4563,0.3576,0.186,0.9849,-0.5754,0.1627,11372.4,669.6,334.9,496.4,0.000148,-0.278013
5710,912566,163,0.3705,0.1303,0.7205,0.1491,0.7922,-0.5538,0.2268,10638.1,596.1,309.3,591.9,0.000135,
5711,912722,156,0.5038,0.3411,0.6564,0.0025,0.8766,-0.5772,0.2339,10959.7,648.0,306.4,626.5,7.7e-05,
5712,912883,161,0.9555,0.1252,0.1549,0.7199,1.0,-0.5546,0.44,12592.7,706.9,224.0,813.1,0.00011,-0.256911
5713,913041,158,0.9505,0.6049,0.2305,0.1646,0.6925,-0.6027,0.1764,10258.5,645.5,329.4,704.3,6.3e-05,-0.27488
5714,913194,153,0.8378,0.0503,0.8903,0.0594,0.5709,0.4689,0.1919,9795.2,166.7,323.2,832.9,0.000147,
5715,913350,156,1.1983,0.6775,0.0423,0.2802,0.7636,-0.6504,0.1936,10529.3,753.0,322.6,694.0,0.000138,
5716,913503,153,1.2413,0.6094,0.1956,0.195,1.0,-0.552,0.2095,11664.4,650.9,316.2,790.2,0.0001,-0.257954
5717,913660,157,0.6131,0.0857,0.9132,0.001,0.2351,0.3017,0.1981,8515.7,163.6,320.7,641.5,0.000146,
5718,913818,158,0.5808,0.0289,0.4871,0.484,0.9234,-0.5428,0.3903,11138.0,609.1,243.9,578.7,0.00018,
5719,913975,157,0.7687,0.1655,0.2918,0.5428,0.8831,-0.6311,0.2159,10984.7,744.5,313.6,331.5,9.7e-05,-0.281734
5720,914135,160,0.7857,0.3659,0.3708,0.2633,1.0,-0.6099,0.2586,12882.2,825.5,296.5,660.3,0.000111,-0.286237
5721,914294,159,0.9212,0.3331,0.1423,0.5246,0.6141,-0.6603,0.3636,9959.7,733.0,254.6,477.4,0.000198,
5722,914455,161,0.8433,0.33,0.2648,0.4052,0.6683,-0.5938,0.1503,10166.1,625.6,339.9,379.1,9.5e-05,-0.265861
5723,914617,162,0.8652,0.1824,0.2243,0.5932,1.0,-0.528,0.1318,11478.1,607.9,347.3,796.9,9e-05,-0.279794
5724,914782,165,0.5365,0.0348,0.6739,0.2913,1.0,-0.4826,0.0961,12569.8,607.3,361.5,483.3,0.000145,
5725,914939,157,0.6357,0.072,0.3007,0.6273,0.4516,-0.5533,0.0637,9340.4,522.7,374.5,288.3,0.000152,-0.249378
5726,915096,157,0.9333,0.1594,0.1205,0.7201,0.5321,-0.6402,0.4532,9647.4,670.3,218.7,697.4,0.000132,
5727,915254,158,0.7415,0.0823,0.3579,0.5599,1.0,-0.3848,0.246,12998.0,528.2,301.6,424.7,0.00013,
5728,915413,159,1.2337,0.8488,0.1133,0.038,0.8233,-0.5871,0.221,10756.7,651.2,311.6,890.3,0.000106,-0.275085
5729,915570,157,0.8492,0.4365,0.4075,0.1561,0.9477,-0.5734,0.3139,11230.6,658.2,274.4,654.0,0.000147,
5730,915723,153,0.9946,0.3005,0.1796,0.5199,1.0,-0.5306,0.2327,12352.6,658.0,306.9,614.2,8e-05,-0.27128
5731,915883,160,0.4608,0.1093,0.7769,0.1137,1.0,-0.4284,0.2574,12205.9,533.9,297.0,544.5,8.1e-05,-0.29061
5732,916040,157,0.433,0.1006,0.613,0.2864,0.9693,-0.624,0.3153,11312.9,752.2,273.9,552.7,0.000123,
5733,916201,161,0.9774,0.3851,0.2109,0.404,0.9917,-0.5607,0.3017,11398.4,648.6,279.3,763.9,0.000132,-0.284433
5734,916362,161,0.583,0.3344,0.509,0.1566,0.7311,-0.6205,0.2782,10405.5,685.4,288.7,735.1,9.4e-05,
5735,916525,163,0.5487,0.1781,0.4587,0.3632,0.7808,-0.6061,0.3052,10594.8,672.4,277.9,1255.6,0.000111,-0.266499
5736,916683,158,0.7862,0.3945,0.4185,0.1871,0.7625,-0.6187,0.0439,10525.0,690.1,382.4,491.6,0.000131,-0.279748
5737,916842,159,1.0315,0.2339,0.0924,0.6737,1.0,-0.547,0.4234,11748.2,648.4,230.7,1010.3,7.5e-05,
5738,917001,159,1.027,0.0188,0.0499,0.9313,0.4569,-0.6227,0.4681,9361.0,620.3,212.8,525.5,8.5e-05,-0.273928
5739,917159,158,1.4031,0.6611,0.0782,0.2607,1.0,-0.5294,0.1347,11662.7,619.6,346.1,345.4,0.000191,-0.294837
5740,917318,159,1.4318,0.8387,0.0951,0.0662,0.892,-0.611,0.0855,11018.7,708.2,365.8,507.1,0.000168,
5741,917475,157,1.341,0.6512,0.0535,0.2953,1.0,-0.5495,0.2015,12821.5,711.6,319.4,543.4,0.000108,-0.272465
5742,917635,160,0.9006,0.1356,0.1357,0.7287,0.5081,-0.6833,0.3559,9555.8,754.3,257.7,595.7,0.000164,-0.274957
5743,917793,158,0.718,0.2392,0.4742,0.2866,1.0,-0.5234,0.268,11749.9,616.4,292.8,444.9,9.5e-05,-0.281953
5744,917950,157,0.8461,0.2776,0.1746,0.5478,0.6762,-0.6136,0.2586,10196.2,659.7,296.6,584.2,8.9e-05,
5745,918107,157,0.5963,0.4676,0.4991,0.0333,0.4157,-0.6791,0.1863,9203.6,717.1,325.5,319.6,8.6e-05,-0.276466
5746,918265,158,1.0849,0.4452,0.0779,0.4769,0.8717,-0.6385,0.2695,10941.2,756.7,292.2,865.8,0.000139,-0.273694
5747,918425,160,0.7524,0.3298,0.548,0.1222,0.6462,-0.4066,0.136,10081.9,424.7,345.6,228.7,9.7e-05,-0.288255
5748,918577,152,1.0759,0.5543,0.077,0.3687,0.6256,-0.6548,0.1247,10003.5,724.4,350.1,308.3,0.000141,-0.256356
5749,918739,162,1.171,0.6646,0.1338,0.2016,0.7937,-0.635,0.2724,10644.0,728.9,291.0,408.6,0.000114,-0.292691
5750,918901,162,0.851,0.5744,0.3295,0.0961,0.7766,-0.5911,0.4047,10579.0,646.8,238.1,863.7,0.000217,-0.270754
5751,919059,158,1.2285,0.609,0.1665,0.2245,1.0,-0.6094,0.2047,11496.5,735.8,318.1,718.8,9.7e-05,-0.276276
5752,919225,166,0.7896,0.311,0.1636,0.5254,0.4833,-0.7232,0.2284,9461.5,854.5,308.6,559.9,9.9e-05,-0.281065
5753,919382,157,0.4876,0.147,0.6749,0.178,0.768,-0.5569,0.2399,10546.1,595.1,304.0,573.2,0.000141,
5754,919539,157,0.8823,0.4896,0.2343,0.2761,0.5566,-0.6207,0.1878,9740.5,642.0,324.9,395.7,9.2e-05,-0.279525
5755,919702,163,0.5995,0.1632,0.7096,0.1272,1.0,-0.4837,0.2927,12196.2,590.5,282.9,598.6,0.000124,
5756,919859,157,0.7583,0.179,0.3996,0.4214,1.0,-0.4701,0.1636,11761.8,554.9,334.5,475.1,9.1e-05,-0.278318
5757,920020,161,0.9768,0.353,0.2094,0.4376,0.8726,-0.5913,0.4545,10944.4,669.5,218.2,736.7,8.7e-05,
5758,920177,157,0.593,0.03,0.4432,0.5268,0.8683,-0.5036,0.2608,10928.2,550.4,295.7,619.1,0.000163,-0.269268
5759,920339,162,0.9189,0.2066,0.3025,0.491,0.8286,-0.4817,0.1557,10777.1,519.8,337.7,388.4,0.000132,-0.262569
5760,920501,162,0.7058,0.1844,0.3255,0.4901,0.7646,-0.6515,0.4267,10533.2,755.6,229.3,919.7,0.000151,-0.297851
5761,920662,161,0.9128,0.2977,0.2972,0.405,0.8721,-0.5913,0.2018,10942.6,669.3,319.3,317.1,0.000113,
5762,920823,161,1.0838,0.317,0.0141,0.6689,0.5425,-0.6318,0.2657,9687.0,657.6,293.7,395.7,0.000313,-0.269312
5763,920981,158,0.7693,0.0397,0.3058,0.6545,1.0,-0.4886,0.3817,12366.6,604.6,247.3,854.2,0.000119,-0.262189
5764,921137,156,0.9791,0.0058,0.1911,0.8031,0.6738,-0.5784,0.5102,10187.0,604.1,195.9,503.1,9.5e-05,-0.29536
5765,921294,157,1.3842,0.7709,0.051,0.178,1.0,-0.5913,0.2887,11437.2,699.5,284.5,798.4,0.0001,
5766,921452,158,0.7763,0.283,0.5181,0.1989,1.0,-0.4706,0.2156,12732.6,601.3,313.8,332.1,8.4e-05,
5767,921604,152,0.7021,0.0864,0.357,0.5566,0.87,-0.5974,0.0934,10934.6,679.1,362.6,202.2,9.2e-05,
5768,921769,165,0.5581,0.0383,0.4765,0.4853,1.0,-0.531,0.3295,11600.7,618.3,268.2,802.3,8.2e-05,-0.271709
5769,921935,166,0.4941,0.154,0.7675,0.0785,0.7673,-0.4156,0.2872,10543.5,451.0,285.1,823.8,7.8e-05,-0.271887
5770,922096,161,0.6364,0.0474,0.3885,0.5641,0.8871,-0.5529,0.2052,11000.0,615.1,317.9,567.1,0.000123,
5771,922256,160,0.7796,0.2759,0.3783,0.3458,0.4819,-0.4619,0.1958,9455.9,439.3,321.7,262.9,0.000191,
5772,922422,166,0.8728,0.0003,0.166,0.8337,0.8221,-0.5555,0.3577,10752.0,604.7,256.9,890.9,0.000144,
5773,922587,165,1.4572,0.9448,0.0336,0.0216,0.9232,-0.6849,0.2695,11137.5,883.6,292.2,586.0,0.000107,-0.262727
5774,922742,155,0.6215,0.3384,0.6085,0.0531,0.7641,-0.4733,0.2005,10531.3,499.9,319.8,707.7,0.000163,
5775,922899,157,0.9689,0.0864,0.1231,0.7904,0.5738,-0.6073,0.4174,9806.0,624.3,233.1,522.1,0.000154,-0.279373
5776,923055,156,1.1116,0.6253,0.2035,0.1712,0.9283,-0.6978,0.2502,11157.0,923.0,299.9,693.6,0.000134,-0.264133
5777,923215,160,1.1133,0.3773,0.0379,0.5849,1.0,-0.5996,0.2402,11773.0,735.0,303.9,604.1,0.000117,-0.263579
5778,923381,166,1.014,0.3973,0.1758,0.4269,0.8156,-0.598,0.3039,10727.3,667.1,278.5,713.6,0.000216,-0.273482
5779,923538,157,1.4561,0.7489,0.1259,0.1252,1.0,-0.54,0.0953,12865.0,699.1,361.9,418.7,0.000101,
5780,923697,159,0.983,0.0952,0.175,0.7298,0.9893,-0.5444,0.4193,11389.3,624.9,232.3,503.7,0.000109,-0.274875
5781,923857,160,0.5806,0.0095,0.4372,0.5533,0.8179,-0.6005,0.4028,10736.2,671.8,238.9,697.6,8.3e-05,-0.27724
5782,924018,161,0.6606,0.2389,0.5446,0.2165,1.0,-0.5574,0.096,12848.6,725.8,361.6,432.4,0.000106,
5783,924175,157,1.4207,0.8058,0.1203,0.0739,1.0,-0.6687,0.1689,11834.9,893.2,332.4,390.7,0.000134,-0.289238
5784,924334,159,1.4607,0.7035,0.1181,0.1784,1.0,-0.5889,0.1269,12119.6,737.1,349.3,260.5,8.6e-05,
5785,924489,155,0.9239,0.2993,0.116,0.5847,0.6833,-0.6252,0.258,10223.3,681.8,296.8,590.5,7e-05,-0.27198
5786,924648,159,1.2567,0.6792,0.2322,0.0886,0.9571,-0.6252,0.2061,11266.5,751.5,317.6,426.4,9.5e-05,
5787,924809,161,0.6766,0.0561,0.3517,0.5922,0.5794,-0.6379,0.3267,9827.6,678.6,269.3,435.2,0.000144,-0.284635
5788,924971,162,0.7988,0.1832,0.3242,0.4926,1.0,-0.5252,0.2859,11968.4,630.2,285.6,566.9,0.00016,-0.311334
5789,925133,162,0.723,0.0971,0.4083,0.4947,0.8229,-0.5572,0.2396,10755.4,607.2,304.1,437.2,9.4e-05,-0.285579
5790,925298,165,1.1838,0.5795,0.2677,0.1528,1.0,-0.6542,0.0872,12409.5,897.2,365.1,502.1,0.000134,
5791,925459,161,0.953,0.1946,0.1653,0.6401,0.9986,-0.597,0.3104,11424.7,708.7,275.8,723.9,0.000114,-0.276057
5792,925620,161,0.855,0.2343,0.286,0.4797,0.9088,-0.592,0.2482,11082.7,679.1,300.7,444.6,0.000115,
5793,925781,161,0.6054,0.2719,0.6436,0.0846,1.0,-0.465,0.2706,12021.1,561.7,291.8,684.4,7.8e-05,-0.263236
5794,925945,164,0.72,0.4295,0.5218,0.0487,0.9241,-0.6297,0.1254,11140.6,752.1,349.8,627.4,0.000123,-0.281815
5795,926110,165,0.9806,0.481,0.4132,0.1058,0.85,-0.5179,-0.0352,10858.6,563.1,414.1,393.8,0.000133,
5796,926265,155,0.8353,0.3568,0.21,0.4332,0.6986,-0.6498,0.3371,10281.5,733.9,265.1,677.7,0.000122,-0.27856
5797,926423,158,0.5328,0.1068,0.5745,0.3187,0.8915,-0.5054,0.1993,11016.8,556.8,320.3,682.3,0.00014,-0.297072
5798,926581,158,1.5901,0.982,0.0045,0.0135,1.0,-0.5772,0.2137,12368.7,731.4,314.5,694.7,9.4e-05,-0.270586
5799,926745,164,1.1185,0.1492,0.0209,0.8298,0.8657,-0.6778,0.3733,10918.4,847.1,250.7,578.0,0.000117,-0.277213
5800,926900,155,0.8318,0.1115,0.1158,0.7726,-0.2931,-0.836,0.3346,6503.4,991.2,266.2,275.7,0.000106,
5801,927056,156,1.0397,0.4674,0.2553,0.2772,0.8798,-0.5796,0.1618,10972.2,652.6,335.3,498.7,0.000182,
5802,927220,164,0.5318,0.0481,0.8468,0.1051,0.9207,-0.2413,0.2489,11127.8,366.7,300.4,402.6,0.000154,
5803,927373,153,0.4229,0.1733,0.7031,0.1237,0.6276,-0.5535,0.0147,10011.0,560.5,394.1,456.8,0.000133,-0.282351
5804,927531,158,0.8936,0.3553,0.4862,0.1585,0.989,-0.4517,0.2759,11388.3,519.3,289.6,471.0,7.9e-05,-0.279882
5805,927688,157,1.5612,0.8801,0.0026,0.1173,0.8914,-0.5892,0.1327,11016.2,670.4,346.9,329.0,0.000171,
5806,927846,158,0.8015,0.0174,0.1905,0.792,-0.0642,-0.7047,0.3941,7375.4,624.4,242.3,940.1,0.000141,
5807,928005,159,0.9037,0.19,0.1987,0.6113,0.9251,-0.6116,0.0977,11144.6,717.3,360.9,262.7,8.9e-05,-0.268746
5808,928168,163,0.3463,0.0013,0.6823,0.3164,0.6058,-0.6078,0.1872,9928.0,632.8,325.1,462.9,0.000135,
5809,928326,158,1.2334,0.7054,0.0671,0.2275,0.8426,-0.6219,0.3199,10830.2,716.2,272.1,517.7,0.000126,
5810,928488,162,0.5873,0.072,0.5331,0.395,0.9565,-0.4904,0.3263,11264.2,552.6,269.5,617.7,8.9e-05,
5811,928649,161,0.4638,0.0312,0.7501,0.2187,1.0,-0.446,0.2331,11732.3,529.4,306.8,568.4,0.000155,-0.279619
5812,928813,164,1.0451,0.6182,0.3279,0.0539,0.7841,-0.6392,0.1728,10607.3,735.1,330.9,348.5,0.000146,-0.253429
5813,928972,159,0.8709,0.5265,0.4008,0.0727,0.8572,-0.5239,0.2843,10886.1,571.7,286.3,795.4,0.000136,
5814,929130,158,0.5686,0.5753,0.274,0.1507,0.2529,-0.6921,0.327,8583.6,696.9,269.2,592.3,0.000201,
5815,929288,158,0.3074,0.0568,0.7429,0.2003,0.3475,-0.625,-0.0214,8943.8,596.3,408.6,254.3,0.000134,
5816,929444,156,1.0912,0.6031,0.144,0.2529,0.7648,-0.6374,0.1468,10533.9,726.3,341.3,536.1,0.00011,
5817,929609,165,0.5879,0.0762,0.8363,0.0875,0.9443,-0.1668,0.3048,11217.7,336.6,278.1,517.8,0.0001,-0.267888
5818,929770,161,1.192,0.4792,0.0777,0.4431,0.9038,-0.5808,0.2586,11063.5,659.8,296.6,482.5,0.000104,
5819,929935,165,0.9522,0.4081,0.4299,0.162,0.864,-0.6212,0.0697,10911.8,720.2,372.1,279.8,0.000153,-0.272646
5820,930097,162,0.7234,0.263,0.4173,0.3197,0.7405,-0.5958,0.2658,10441.3,645.8,293.7,606.6,8.2e-05,-0.29123
5821,930260,163,1.3119,0.7055,0.0797,0.2148,1.0,-0.5176,0.2593,12365.9,640.9,296.3,1105.3,0.000155,
5822,930422,162,0.6212,0.1925,0.5027,0.3048,1.0,-0.5902,0.0827,11514.0,702.3,366.9,547.4,7.8e-05,
5823,930585,163,0.7771,0.3751,0.3748,0.2501,0.8623,-0.6123,0.2434,10905.5,703.2,302.7,612.9,9.1e-05,-0.284733
5824,930747,162,0.6733,0.2727,0.4638,0.2635,0.9837,-0.5417,0.4184,11367.9,620.1,232.7,920.0,0.000183,-0.29357
5825,930908,161,0.4309,0.1177,0.8125,0.0698,0.7931,-0.4142,0.3212,10641.7,454.1,271.5,812.5,0.000178,
5826,931063,155,0.4465,0.0314,0.5351,0.4336,0.8611,-0.6745,0.2812,10900.7,837.3,287.5,428.6,7.7e-05,-0.274842
5827,931221,158,1.5,0.9328,0.0483,0.0189,1.0,-0.5775,0.1656,12433.5,735.7,333.8,604.8,8.9e-05,-0.266467
5828,931383,162,0.9846,0.4389,0.2235,0.3376,0.9567,-0.5702,0.2904,11265.2,655.3,283.9,776.4,0.00019,-0.275133
5829,931537,154,1.1014,0.549,0.1997,0.2513,0.873,-0.633,0.1527,10946.3,745.6,338.9,421.1,0.000118,-0.284389
5830,931698,161,1.2669,0.5857,0.171,0.2433,0.9651,-0.6127,0.2743,11297.1,729.2,290.3,364.7,0.000176,
5831,931849,151,0.934,0.0686,0.1359,0.7955,0.3155,-0.6203,0.3991,8822.1,580.8,240.3,456.4,0.000164,-0.277339
5832,932017,168,0.6894,0.2905,0.4113,0.2982,0.8719,-0.6101,0.3784,10941.8,701.6,248.6,838.2,0.000108,-0.271512
5833,932172,155,0.9682,0.0982,0.1243,0.7775,0.372,-0.7288,0.3305,9037.2,833.2,267.8,255.3,9e-05,
5834,932332,160,1.0124,0.398,0.1507,0.4513,0.7379,-0.6367,0.2775,10431.4,717.8,289.0,464.2,0.000191,
5835,932487,155,1.3175,0.76,0.0967,0.1433,1.0,-0.5568,0.34,11789.4,665.0,264.0,550.6,0.000133,-0.27967
5836,932646,159,0.5329,0.0033,0.6091,0.3876,0.9758,-0.5139,0.1491,11337.9,583.1,340.4,412.3,0.000102,
5837,932806,160,0.6503,0.4641,0.4424,0.0935,0.6638,-0.6025,0.3255,10149.0,638.2,269.8,769.9,0.000153,
5838,932962,156,0.3676,0.1986,0.7039,0.0975,0.5047,-0.6131,0.1145,9542.9,616.6,354.2,295.1,0.000142,
5839,933125,163,0.6147,0.2306,0.588,0.1814,1.0,-0.5441,0.1767,12160.7,666.9,329.3,537.5,0.000132,-0.282159
5840,933282,157,0.5625,0.0101,0.4352,0.5546,0.7438,-0.5356,0.1847,10453.8,562.7,326.1,562.0,8e-05,
5841,933437,155,0.7294,0.4431,0.2691,0.2878,0.5699,-0.5528,0.3166,9791.4,547.3,273.4,657.6,0.000162,-0.280654
5842,933603,166,1.1901,0.4863,0.0321,0.4816,0.9149,-0.6452,0.2369,11105.7,782.5,305.2,643.6,0.000104,-0.274559
5843,933761,158,0.9693,0.4518,0.2343,0.3139,0.9096,-0.6163,0.1674,11085.7,722.2,333.0,430.8,6.8e-05,-0.287674
5844,933923,162,1.1231,0.6271,0.2032,0.1697,0.9175,-0.7011,0.1504,11115.9,929.7,339.8,592.2,0.000124,-0.279748
5845,934085,162,1.0212,0.0822,0.9012,0.0166,0.6606,0.4909,0.0577,10136.8,170.0,376.9,241.0,0.000131,-0.288895
5846,934244,159,1.1854,0.3751,0.0365,0.5884,0.6807,-0.6514,0.229,10213.4,732.5,308.4,291.4,0.000133,
5847,934408,164,0.8119,0.2451,0.1651,0.5898,0.3031,-0.6235,0.341,8774.8,582.6,263.6,565.6,0.000111,
5848,934566,158,0.9704,0.6903,0.2986,0.0111,0.7703,-0.6435,0.2712,10555.0,740.2,291.5,492.5,0.000115,
5849,934724,158,0.4534,0.0818,0.7723,0.1459,1.0,-0.4057,0.2775,12101.8,509.1,289.0,442.1,9.3e-05,
5850,934883,159,0.8241,0.2898,0.1964,0.5138,0.6161,-0.6236,0.2271,9967.2,662.1,309.2,564.0,0.000143,-0.292387
5851,935041,158,1.1588,0.3736,0.0265,0.5998,1.0,-0.5571,0.2996,12530.6,707.3,280.2,738.5,0.000104,-0.287618
5852,935201,160,0.3113,0.0562,0.7148,0.229,1.0,-0.585,0.28,11464.5,690.7,288.0,733.8,0.000138,-0.281298
5853,935362,161,0.9302,0.1479,0.0867,0.7654,0.2315,-0.7988,0.3989,8502.0,1056.6,240.5,432.5,0.000158,
5854,935520,158,0.5571,0.1423,0.6266,0.2311,0.767,-0.4458,0.2666,10542.4,475.6,293.4,624.4,0.000143,
5855,935684,164,1.0406,0.6119,0.3133,0.0748,0.9389,-0.584,0.1568,11197.1,672.9,337.3,630.1,0.00018,
5856,935843,159,1.2931,0.7868,0.0667,0.1465,1.0,-0.5347,0.3281,12406.9,666.6,268.8,932.7,0.000147,-0.282678
5857,935993,150,1.0874,0.4901,0.1564,0.3534,1.0,-0.6331,0.2669,11698.5,797.0,293.2,604.6,0.00016,-0.290564
5858,936151,158,1.4357,0.8798,0.035,0.0852,0.8438,-0.621,0.1611,10834.7,714.8,335.6,823.4,0.000111,-0.288695
5859,936317,166,0.4307,0.2128,0.783,0.0042,0.8316,-0.4747,0.283,10788.3,513.4,286.8,708.2,0.0001,-0.287384
5860,936475,158,0.6307,0.263,0.7003,0.0367,1.0,-0.4977,0.2484,11593.4,577.0,300.6,368.3,6.1e-05,-0.27915
5861,936638,163,0.9874,0.5512,0.1396,0.3092,0.7161,-0.6541,0.3121,10348.5,747.9,275.2,791.3,8.6e-05,
5862,936800,162,1.2281,0.5466,0.0169,0.4365,0.9214,-0.5848,0.3388,11130.6,670.3,264.5,811.9,0.000107,
5863,936965,165,1.3531,0.8589,0.0659,0.0752,0.834,-0.654,0.0283,10797.6,780.3,388.7,605.9,0.000174,-0.285641
5864,937130,165,0.3904,0.1084,0.849,0.0427,0.6716,-0.1396,0.0918,10178.9,295.8,363.3,515.3,0.000119,
5865,937289,159,0.7833,0.3654,0.3091,0.3256,0.7113,-0.5764,0.3298,10330.0,609.6,268.1,588.1,0.000127,-0.281354
5866,937443,154,0.6457,0.2064,0.5669,0.2268,0.9742,-0.5556,0.2654,11331.8,637.5,293.9,319.0,0.000153,-0.27428
5867,937603,160,0.8835,0.1951,0.1937,0.6113,0.8191,-0.5804,0.1701,10740.7,639.9,332.0,613.1,0.000203,-0.281337
5868,937764,161,0.8094,0.5972,0.2631,0.1397,0.6113,-0.6198,0.3401,9949.2,654.3,263.9,732.1,0.000105,
5869,937930,166,0.4137,0.225,0.6391,0.1359,0.8477,-0.6167,0.4062,10849.9,707.6,237.5,909.5,0.000133,
5870,938083,153,0.5641,0.1931,0.5302,0.2766,0.4502,-0.6254,0.2126,9335.4,623.1,315.0,304.5,0.000131,-0.298665
5871,938241,158,1.0543,0.5394,0.2543,0.2063,1.0,-0.6239,0.3378,11492.0,763.9,264.9,806.0,0.000105,-0.276824
5872,938405,164,1.0737,0.2654,0.0372,0.6973,0.7358,-0.692,0.3564,10423.5,846.1,257.4,482.2,0.000129,-0.26954
5873,938567,162,1.4177,0.9446,0.0369,0.0185,0.8925,-0.5961,0.2834,11020.3,682.2,286.7,578.7,0.000126,-0.289204
5874,938731,164,0.4982,0.289,0.6924,0.0187,0.7741,-0.5775,0.1432,10569.4,625.4,342.7,477.1,0.000109,-0.283127
5875,938888,157,0.8884,0.2109,0.2273,0.5618,0.8893,-0.5684,0.2759,11008.1,637.7,289.7,543.4,0.000165,
5876,939042,154,0.9679,0.3592,0.0703,0.5705,0.5028,-0.635,0.3366,9535.7,653.1,265.3,469.9,0.000156,
5877,939209,167,1.0511,0.0991,0.1224,0.7785,0.8686,-0.6308,0.4383,10929.4,740.1,224.7,708.3,0.000148,-0.286193
5878,939366,157,0.8356,0.2778,0.4755,0.2467,1.0,-0.4607,0.2318,11466.5,531.5,307.3,469.5,0.000123,
5879,939521,155,0.9014,0.1173,0.2381,0.6446,0.6669,-0.6067,0.3516,10160.7,645.9,259.4,423.3,0.000142,-0.289528
5880,939679,158,0.936,0.2782,0.2554,0.4664,1.0,-0.5612,0.2173,11946.5,680.6,313.1,631.6,9.9e-05,-0.276593
5881,939840,161,1.2246,0.6746,0.318,0.0075,1.0,-0.5929,0.0966,12313.5,756.1,361.3,341.1,0.000106,
5882,939997,157,0.7279,0.4701,0.4303,0.0996,0.6846,-0.5907,0.1969,10228.4,624.7,321.2,458.2,0.000129,-0.27773
5883,940157,160,1.0141,0.2584,0.261,0.4806,1.0,-0.4385,0.3525,12082.8,537.9,259.0,383.3,8.3e-05,-0.275291
5884,940320,163,0.5991,0.2027,0.5223,0.2751,1.0,-0.5531,0.2508,12035.0,673.2,299.7,868.1,8.6e-05,
5885,940479,159,0.4939,0.153,0.691,0.1559,1.0,-0.5216,0.185,12667.3,661.9,326.0,539.4,0.000182,-0.25526
5886,940636,157,1.0584,0.3342,0.019,0.6468,0.8311,-0.6126,0.2374,10786.4,696.1,305.0,641.4,0.000127,
5887,940798,162,1.1441,0.5659,0.3106,0.1235,1.0,-0.6345,0.1256,11753.1,803.8,349.8,354.6,0.00012,
5888,940955,157,1.1924,0.388,0.0162,0.5958,1.0,-0.5058,0.2108,11569.6,585.3,315.7,456.0,9.3e-05,-0.29372
5889,941112,157,1.2007,0.7651,0.0107,0.2242,0.6629,-0.6456,0.1607,10145.8,715.7,335.7,491.8,0.00022,
5890,941275,163,1.4614,0.583,0.0433,0.3737,1.0,-0.5769,0.0748,12101.8,715.1,370.1,296.3,0.000133,-0.271789
5891,941439,164,0.4902,0.1752,0.8071,0.0176,1.0,-0.3437,0.2566,11998.4,457.0,297.4,667.0,0.000214,-0.260106
5892,941600,161,0.8669,0.1949,0.1481,0.657,0.509,-0.5976,0.2526,9559.3,593.8,298.9,507.3,9.8e-05,
5893,941758,158,1.3925,0.7705,0.0687,0.1608,0.9996,-0.5081,0.2159,11428.5,580.9,313.6,643.0,0.000108,
5894,941914,156,1.0304,0.4417,0.2073,0.351,0.8972,-0.5821,0.1753,11038.3,660.3,329.9,455.2,0.000105,
5895,942074,160,1.4509,0.7499,0.001,0.2492,0.9824,-0.5362,0.2036,11363.1,612.5,318.6,822.9,0.014718,
5896,942236,162,0.8594,0.7252,0.224,0.0508,0.5849,-0.6378,0.2258,9848.3,679.7,309.7,845.4,9.3e-05,
5897,942393,157,1.1684,0.5396,0.14,0.3204,1.0,-0.6167,0.2221,11565.0,754.3,311.2,603.2,0.000138,-0.284056
5898,942548,155,0.8331,0.5149,0.2587,0.2264,0.6748,-0.6445,0.3105,10191.0,716.6,275.8,564.6,0.000185,
5899,942708,160,1.0274,0.5125,0.2656,0.222,1.0,-0.5994,0.2439,11955.1,746.2,302.4,429.7,8.2e-05,
5900,942869,161,1.4527,0.8634,0.095,0.0416,0.9547,-0.5563,0.2139,11257.3,634.2,314.4,599.0,0.000108,-0.26598
5901,943026,157,0.9772,0.093,0.129,0.7781,1.0,-0.5362,0.434,12340.1,665.1,226.4,471.9,9.6e-05,
5902,943179,153,0.3934,0.0686,0.6867,0.2447,1.0,-0.5423,0.2165,11550.1,630.9,313.4,522.3,8.8e-05,-0.266251
5903,943342,163,0.6034,0.1137,0.3861,0.5002,0.6469,-0.671,0.197,10084.5,766.2,321.2,495.8,0.000101,
5904,943503,161,0.4762,0.0526,0.7279,0.2195,1.0,-0.4743,0.216,11518.1,547.8,313.6,477.4,0.000179,-0.285322
5905,943662,159,0.6435,0.2771,0.5356,0.1873,0.9783,-0.5774,0.1708,11347.1,671.3,331.7,590.2,7.2e-05,
5906,943819,157,0.8941,0.2556,0.2626,0.4818,0.9126,-0.6084,0.2727,11096.9,708.5,290.9,465.0,0.000123,-0.282994
5907,943975,156,0.5685,0.2829,0.561,0.1561,0.6368,-0.6395,0.1005,10046.1,696.7,359.8,415.7,0.000108,-0.278775
5908,944137,162,0.9435,0.6137,0.1354,0.2509,0.4556,-0.6825,0.2489,9355.7,736.7,300.4,404.7,0.000146,-0.268377
5909,944299,162,1.2561,0.7117,0.1332,0.155,0.8127,-0.6262,-0.0398,10716.2,716.7,415.9,314.8,0.000163,-0.28547
5910,944454,155,0.4608,0.1219,0.7983,0.0799,0.8798,-0.4259,0.1525,10972.0,477.8,339.0,426.9,8.1e-05,
5911,944619,165,0.9331,0.2892,0.2269,0.4839,1.0,-0.5391,0.1022,11461.6,621.6,359.1,544.6,0.000216,-0.281251
5912,944781,162,0.7405,0.2745,0.4614,0.2641,1.0,-0.5694,0.1778,12345.5,716.8,328.9,559.4,9.8e-05,-0.295628
5913,944947,166,0.8697,0.1041,0.2052,0.6908,0.8565,-0.5637,0.3342,10883.2,623.6,266.3,732.9,0.000258,-0.267942
5914,945106,159,1.1276,0.0026,0.0603,0.937,0.3568,-0.6422,0.3693,8979.6,627.5,252.3,444.2,0.000129,
5915,945266,160,1.0591,0.5092,0.3673,0.1235,1.0,-0.5454,0.1803,13526.2,743.9,327.9,523.8,0.000144,
5916,945430,164,1.3926,0.8099,0.1842,0.0059,1.0,-0.6224,0.2788,11761.9,778.8,288.5,790.6,0.000156,
5917,945597,167,0.8987,0.2498,0.2303,0.5199,0.8738,-0.6324,0.2592,10949.3,744.7,296.3,698.7,0.000106,-0.292944
5918,945754,157,0.7167,0.5299,0.4617,0.0084,0.6005,-0.5685,0.2507,9908.1,574.1,299.7,489.8,0.000183,
5919,945912,158,0.6941,0.318,0.494,0.188,0.9908,-0.5523,0.269,11395.0,636.2,292.4,701.1,9.8e-05,
5920,946073,161,0.7945,0.2438,0.3276,0.4285,0.7872,-0.5786,0.4112,10619.2,630.0,235.5,628.8,0.000157,-0.298712
5921,946221,148,0.7266,0.3285,0.3708,0.3007,0.758,-0.5697,0.4007,10508.1,610.6,239.7,568.2,7.7e-05,-0.28671
5922,946382,161,0.8391,0.2616,0.3209,0.4175,0.7298,-0.566,0.1851,10400.5,599.1,326.0,387.6,0.000315,
5923,946543,161,1.1613,0.4506,0.077,0.4724,0.9021,-0.5305,0.2492,11057.0,588.7,300.3,501.6,0.000124,-0.282592
5924,946707,164,0.8911,0.0127,0.1418,0.8456,0.2578,-0.6746,0.3983,8602.2,661.0,240.7,578.5,0.000105,-0.259618
5925,946863,156,0.902,0.2681,0.3154,0.4166,0.6431,-0.6615,0.2431,10070.2,743.8,302.7,251.5,0.000121,-0.299716
5926,947019,156,0.7606,0.3629,0.3654,0.2717,0.8989,-0.6107,0.0942,11044.6,709.3,362.3,726.5,0.000122,-0.276326
5927,947180,161,0.4765,0.0046,0.9657,0.0297,-0.0055,0.1831,0.3577,7599.2,160.6,256.9,695.9,0.000125,
5928,947342,162,0.9436,0.2688,0.3352,0.396,1.0,-0.4132,0.3375,12956.6,552.0,265.0,567.6,0.000101,
5929,947506,164,1.0477,0.6937,0.2238,0.0825,0.7895,-0.664,0.252,10628.0,790.8,299.2,539.7,0.000101,
5930,947667,161,1.4591,0.8016,0.0359,0.1624,1.0,-0.6274,0.1951,11566.5,776.0,322.0,405.3,9.5e-05,-0.292006
5931,947829,162,0.748,0.0422,0.3146,0.6432,0.6314,-0.529,0.3545,10025.6,532.1,258.2,469.4,0.000158,-0.293138
5932,947983,154,0.8618,0.1857,0.2777,0.5366,1.0,-0.5176,0.2466,12399.8,642.6,301.3,585.0,0.000107,-0.287631
5933,948147,164,0.7392,0.4002,0.2298,0.37,0.4949,-0.6878,0.2041,9505.4,761.2,318.4,574.4,7.4e-05,-0.26337
5934,948312,165,0.8908,0.4447,0.1293,0.4261,0.3995,-0.6898,0.1989,9141.9,736.7,320.4,550.3,9.6e-05,
5935,948474,162,0.4245,0.1855,0.6709,0.1435,0.7864,-0.4723,0.3728,10616.3,503.0,250.9,776.8,0.000141,
5936,948628,154,1.0555,0.5801,0.3066,0.1133,1.0,-0.4905,0.1097,11540.0,566.2,356.1,770.1,0.000153,
5937,948792,164,0.7911,0.1046,0.2554,0.6399,0.629,-0.5507,0.2769,10016.4,557.3,289.2,510.3,0.000105,
5938,948946,154,0.8375,0.4995,0.4629,0.0376,0.867,-0.5201,0.3511,10923.3,569.1,259.5,770.3,0.000107,
5939,949101,155,0.6,0.2172,0.6166,0.1662,1.0,-0.5502,0.304,12311.2,684.3,278.4,552.9,0.000153,-0.293223
5940,949258,157,1.0002,0.3235,0.0793,0.5972,0.6829,-0.559,0.2652,10221.7,579.5,293.9,395.6,0.000111,
5941,949413,155,1.2943,0.9257,0.074,0.0004,0.8676,-0.6103,0.3824,10925.5,700.9,247.0,644.8,0.000106,-0.299941
5942,949572,159,1.1043,0.3398,0.02,0.6402,1.0,-0.5809,0.2082,11441.0,682.4,316.7,787.6,0.000157,
5943,949741,169,0.6746,0.1978,0.3728,0.4294,0.5868,-0.6314,0.2927,9855.5,668.4,282.9,912.6,0.000146,-0.271964
5944,949906,165,1.3774,0.8529,0.1444,0.0027,0.9758,-0.6379,0.2354,11338.0,782.7,305.8,595.1,0.000142,
5945,950066,160,0.6656,0.415,0.471,0.114,0.5702,-0.6485,0.0386,9792.4,696.5,384.6,427.8,0.000153,
5946,950226,160,0.5697,0.132,0.4066,0.4614,0.8109,-0.6245,0.3327,10709.6,713.0,266.9,992.6,0.000117,
5947,950386,160,0.9361,0.3041,0.3284,0.3675,1.0,-0.4282,0.2856,11604.7,507.4,285.7,617.7,0.000139,
5948,950548,162,0.5732,0.5233,0.3032,0.1735,0.222,-0.6831,0.2196,8465.9,667.9,312.2,472.1,9.3e-05,
5949,950711,163,0.5909,0.3341,0.497,0.169,0.5106,-0.5628,0.2512,9565.4,546.9,299.5,389.8,0.00024,-0.301237
5950,950873,162,0.4676,0.0778,0.6056,0.3166,1.0,-0.543,0.3439,11516.3,630.0,262.4,638.6,0.00015,-0.293007
5951,951030,157,0.416,0.0027,0.4988,0.4985,0.7319,-0.6092,0.0974,10408.4,665.8,361.0,791.4,0.000105,
5952,951191,161,0.4321,0.0959,0.4961,0.408,0.6448,-0.5139,0.3878,10076.8,518.2,244.9,1157.8,0.000135,-0.265659
5953,951354,163,0.9085,0.4938,0.2427,0.2635,0.7381,-0.6353,0.1635,10432.2,715.2,334.6,552.9,0.000134,
5954,951511,157,0.8866,0.1993,0.1991,0.6016,1.0,-0.5118,0.3101,11742.4,601.3,276.0,733.8,0.000161,-0.296885
5955,951666,155,0.5983,0.2135,0.6091,0.1773,1.0,-0.474,0.3139,11448.3,544.1,274.4,784.4,0.000196,
5956,951825,159,0.7196,0.2538,0.6073,0.1389,1.0,-0.5232,0.1834,12291.1,644.5,326.6,409.5,0.000131,-0.284981
5957,951986,161,0.9088,0.2264,0.1722,0.6013,1.0,-0.4899,0.263,11742.2,575.5,294.8,487.2,0.000141,
5958,952150,164,0.7238,0.2745,0.5802,0.1453,1.0,-0.549,0.187,11726.1,650.0,325.2,579.0,0.00024,
5959,952304,154,0.7669,0.0694,0.3063,0.6243,1.0,-0.4356,0.3551,11885.2,526.4,258.0,659.3,0.000162,
5960,952464,160,0.7817,0.008,0.3591,0.6329,0.953,-0.4716,0.3968,11251.0,532.4,241.3,609.7,0.000138,
5961,952621,157,0.6063,0.6055,0.3458,0.0486,0.3388,-0.6299,0.3375,8911.0,601.9,265.0,643.7,0.000117,-0.273814
5962,952780,159,0.9769,0.24,0.016,0.7439,0.187,-0.7213,0.3259,8332.4,747.5,269.6,497.6,0.000101,
5963,952935,155,0.9632,0.5022,0.3289,0.1689,1.0,-0.641,0.15,11469.1,798.7,340.0,400.9,8.9e-05,-0.289836
5964,953096,161,0.5187,0.1266,0.6111,0.2623,0.9192,-0.5537,0.4164,11122.0,623.0,233.4,507.3,8.9e-05,
5965,953250,154,1.0883,0.3746,0.1141,0.5113,1.0,-0.5349,0.234,11497.9,618.0,306.4,563.8,9.9e-05,
5966,953414,164,0.9534,0.4336,0.2686,0.2979,0.8273,-0.6571,0.1296,10772.1,785.3,348.2,483.3,0.000501,
5967,953572,158,0.982,0.4012,0.1116,0.4872,0.579,-0.6939,0.1845,9825.9,802.4,326.2,428.1,0.000116,
5968,953731,159,1.0735,0.344,0.1379,0.5182,0.9865,-0.4503,0.2295,11378.5,517.5,308.2,578.9,0.00011,-0.274762
5969,953892,161,0.6138,0.3168,0.4467,0.2365,0.6188,-0.6229,0.2813,9977.5,661.5,287.5,942.2,0.000146,
5970,954053,161,0.9748,0.7262,0.1764,0.0974,0.6404,-0.6557,0.2371,10060.1,730.4,305.2,629.3,0.000148,-0.278956
5971,954210,157,1.021,0.129,0.1149,0.7562,1.0,-0.444,0.4363,11433.8,514.1,225.5,596.4,0.000181,
5972,954372,162,0.8893,0.3195,0.3184,0.3621,1.0,-0.5715,0.3641,11471.6,669.3,254.4,667.2,0.000125,
5973,954536,164,1.0517,0.4025,0.3179,0.2797,0.9629,-0.6309,0.2021,11288.7,764.5,319.2,517.3,0.000164,
5974,954697,161,0.9223,0.2436,0.2952,0.4613,0.9896,-0.549,0.2529,11390.3,631.4,298.8,461.2,7.2e-05,-0.271181
5975,954862,165,0.8236,0.0576,0.1961,0.7463,0.5227,-0.7738,0.3352,9611.5,1062.2,265.9,861.9,0.000145,
5976,955024,162,1.1492,0.6836,0.1362,0.1801,0.7729,-0.6746,0.1315,10564.7,811.7,347.4,476.2,0.000116,
5977,955184,160,0.9277,0.323,0.1789,0.4981,0.8581,-0.6257,0.2914,10889.2,727.3,283.4,735.2,0.000123,
5978,955342,158,0.5098,0.063,0.491,0.4461,0.6591,-0.5408,0.185,10131.3,551.6,326.0,454.9,0.000131,
5979,955506,164,0.7386,0.2474,0.5462,0.2064,1.0,-0.6262,0.3243,11576.9,774.3,270.3,541.1,0.000117,
5980,955670,164,0.3176,0.0119,0.7652,0.2229,0.7727,-0.5402,0.2512,10563.8,574.4,299.5,828.6,0.000216,
5981,955830,160,0.8951,0.4156,0.401,0.1834,1.0,-0.562,0.0536,12554.5,716.6,378.6,402.8,0.000134,
5982,955989,159,0.8975,0.2692,0.3681,0.3627,1.0,-0.3922,0.2409,12225.8,502.8,303.6,385.1,0.000174,-0.278412
5983,956147,158,1.0043,0.238,0.1572,0.6048,1.0,-0.5153,0.3754,11642.2,600.5,249.8,813.8,7.5e-05,-0.294157
5984,956292,145,0.6169,0.3508,0.5749,0.0743,0.9164,-0.5707,0.2794,11111.5,647.1,288.3,397.2,0.000191,
5985,956452,160,0.2776,0.5379,0.388,0.0741,-0.1601,-0.7471,0.2739,7009.9,692.9,290.4,505.3,8.7e-05,
5986,956622,170,0.6068,0.2584,0.3925,0.3491,0.5941,-0.656,0.1149,9883.7,718.2,354.0,593.1,0.000113,
5987,956781,159,1.1,0.7817,0.1962,0.022,0.7648,-0.6677,0.2247,10534.0,792.6,310.1,474.3,0.000103,-0.276534
5988,956939,158,1.061,0.2768,0.0254,0.6978,0.7008,-0.5598,0.3445,10290.1,584.4,262.2,608.3,0.000101,-0.295405
5989,957103,164,0.5362,0.3463,0.6223,0.0314,0.7593,-0.5997,0.2466,10512.9,656.5,301.4,456.3,0.000114,-0.298409
5990,957260,157,0.8788,0.6323,0.3219,0.0458,0.5369,-0.6684,0.0691,9665.7,728.6,372.3,404.6,0.000123,
5991,957418,158,1.0828,0.3473,0.0722,0.5804,0.9044,-0.5718,0.3122,11065.8,646.1,275.1,626.3,0.000107,
5992,957580,162,0.9753,0.4356,0.3016,0.2628,0.6594,-0.5524,0.1856,10132.3,565.9,325.8,441.3,8.8e-05,
5993,957737,157,0.2833,0.3036,0.6626,0.0338,0.5716,-0.6893,0.3602,9797.9,788.3,255.9,729.4,0.000142,-0.270518
5994,957892,155,0.9071,0.1769,0.2006,0.6224,1.0,-0.5832,0.3626,11660.9,699.5,255.0,741.7,7.5e-05,
5995,958059,167,0.6994,0.4558,0.3679,0.1763,0.4352,-0.617,0.0405,9278.2,605.7,383.8,337.4,0.000176,-0.280076
5996,958214,155,0.65,0.1771,0.5391,0.2838,0.9941,-0.4278,0.084,11407.5,498.4,366.4,446.2,0.000127,
5997,958374,160,1.1371,0.4637,0.108,0.4283,0.9545,-0.606,0.3407,11256.8,714.3,263.7,692.5,0.000103,
5998,958535,161,0.8868,0.4185,0.3253,0.2562,1.0,-0.606,0.184,11549.3,732.9,326.4,796.6,0.00013,-0.300174
5999,958689,154,0.4136,0.1249,0.6749,0.2002,0.8509,-0.586,0.2939,10861.9,655.9,282.5,363.5,0.000157,-0.277542
6000,958849,160,0.8501,0.2833,0.3511,0.3656,1.0,-0.5409,0.3065,12782.6,696.0,277.4,656.4,8.6e-05,-0.290174
6001,959010,161,0.765,0.2647,0.4798,0.2555,1.0,-0.4266,0.1977,12281.7,535.4,320.9,587.9,0.000591,
6002,959169,159,0.9015,0.0379,0.1443,0.8178,0.3176,-0.6675,0.4361,8830.0,664.0,225.5,661.2,0.000148,-0.291618
6003,959330,161,0.4131,0.1995,0.5557,0.2448,0.4334,-0.6809,0.3639,9271.4,726.4,254.4,746.7,9.3e-05,
6004,959494,164,1.4916,0.7328,0.0772,0.1899,1.0,-0.596,0.1306,12036.6,744.9,347.8,352.4,0.000157,
6005,959652,158,1.1892,0.8239,0.0242,0.1518,0.7242,-0.5633,0.242,10379.3,594.2,303.2,514.7,8.8e-05,
6006,959817,165,1.0482,0.4909,0.2531,0.256,0.8829,-0.6153,0.2463,10983.9,713.8,301.5,442.0,0.000111,-0.295093
6007,959980,163,1.0912,0.0254,0.0603,0.9143,0.5811,-0.6256,0.3609,9833.9,656.6,255.6,318.2,9.7e-05,
6008,960137,157,0.8949,0.3214,0.1174,0.5612,0.4413,-0.6085,0.3796,9301.2,593.9,248.2,738.3,9e-05,-0.290678
6009,960300,163,1.0077,0.4409,0.1961,0.363,0.9049,-0.5374,0.2297,11067.7,598.1,308.1,492.5,0.000108,
6010,960459,159,0.9408,0.3206,0.1883,0.4911,0.9147,-0.6802,0.0923,11104.8,868.1,363.1,253.1,0.000108,-0.277991
6011,960617,158,0.4162,0.108,0.738,0.1541,0.8363,-0.5092,0.1866,10806.2,550.5,325.4,523.0,0.000136,-0.304601
6012,960780,163,1.4281,0.8222,0.1642,0.0136,1.0,-0.621,0.2218,11451.0,755.4,311.3,587.2,0.000139,
6013,960938,158,1.4265,0.719,0.1211,0.1599,0.9601,-0.5974,0.1986,11277.9,700.4,320.6,317.9,8.3e-05,
6014,961102,164,1.3146,0.6943,0.1395,0.1662,1.0,-0.614,0.1875,11678.7,756.4,325.0,549.1,0.000142,
6015,961260,158,1.2117,0.6513,0.0248,0.3239,0.81,-0.6039,0.2776,10706.1,675.8,289.0,573.4,0.000419,
6016,961418,158,1.1249,0.6915,0.2319,0.0766,0.7931,-0.5877,0.1196,10641.7,645.2,352.1,640.8,0.000264,
6017,961578,160,0.8808,0.2387,0.2114,0.5498,0.7854,-0.5473,0.3904,10612.2,586.0,243.8,727.6,0.000112,
6018,961739,161,0.8678,0.1859,0.2243,0.5898,1.0,-0.528,0.1743,12433.9,658.6,330.3,606.5,0.000121,-0.289203
6019,961898,159,0.7551,0.1539,0.3003,0.5459,1.0,-0.5426,0.2285,12006.8,656.3,308.6,653.7,0.000142,
6020,962053,155,0.8987,0.3225,0.1746,0.503,0.7592,-0.6266,0.2323,10512.7,703.9,307.1,689.8,8.8e-05,-0.275541
6021,962215,162,1.2095,0.6817,0.2059,0.1124,0.9623,-0.647,0.2234,11286.4,799.4,310.6,564.8,0.00019,-0.296446
6022,962373,158,1.0221,0.4623,0.2678,0.2699,0.8843,-0.5955,0.0355,10989.0,679.1,385.8,369.8,0.000145,-0.290469
6023,962539,166,1.0381,0.3058,0.1817,0.5125,1.0,-0.5185,0.1977,11941.5,620.0,320.9,385.0,0.000132,-0.298664
6024,962704,165,0.7141,0.345,0.4869,0.1681,1.0,-0.5425,0.2611,11522.9,629.7,295.5,877.9,0.000172,
6025,962867,163,1.1912,0.679,0.032,0.289,0.7529,-0.6797,0.3513,10488.7,818.7,259.5,661.9,7.9e-05,-0.277455
6026,963023,156,1.0877,0.1396,0.0931,0.7673,1.0,-0.5842,0.5098,11524.9,693.0,196.1,673.2,8.4e-05,-0.299012
6027,963181,158,1.4682,0.7797,0.0959,0.1244,0.9709,-0.6123,0.1988,11319.1,729.9,320.5,360.8,0.000158,-0.26849
6028,963339,158,1.2546,0.7744,0.0698,0.1558,0.8476,-0.5712,0.2092,10849.5,632.5,316.3,544.9,0.000177,-0.274938
6029,963496,157,1.0131,0.4581,0.0768,0.4651,0.6336,-0.5226,0.3199,10034.0,525.4,272.0,544.6,8.8e-05,
6030,963656,160,0.7299,0.0983,0.347,0.5547,1.0,-0.5273,0.1584,11685.4,618.0,336.6,321.5,0.000136,
6031,963814,158,1.3572,0.5753,0.1434,0.2813,1.0,-0.5656,0.1517,12504.2,719.6,339.3,303.8,0.000124,
6032,963977,163,0.5051,0.1769,0.4737,0.3494,0.4476,-0.6438,0.1178,9325.4,654.5,352.9,455.2,9.7e-05,-0.301738
6033,964138,161,0.9128,0.4911,0.4149,0.0941,0.9964,-0.6019,0.228,11416.4,716.9,308.8,382.8,8.9e-05,
6034,964291,153,0.7885,0.3009,0.4862,0.2129,1.0,-0.5376,0.3309,11736.8,634.6,267.6,486.5,8.9e-05,-0.278742
6035,964461,170,0.3933,0.0136,0.747,0.2394,0.7826,-0.5936,0.4179,10601.6,652.2,232.8,565.1,0.000107,-0.291178
6036,964619,158,0.6457,0.072,0.3434,0.5846,0.2712,-0.6074,0.2094,8653.4,551.0,316.2,551.2,0.00012,-0.292772
6037,964783,164,1.0104,0.3271,0.1321,0.5408,0.8427,-0.6297,0.4119,10830.7,731.2,235.2,883.4,0.000161,-0.271582
6038,964942,159,0.6871,0.1641,0.3711,0.4648,0.7021,-0.6388,0.2955,10295.1,712.6,281.8,595.4,0.000127,
6039,965103,161,0.9833,0.4242,0.2194,0.3564,0.8579,-0.6005,0.2019,10888.7,681.5,319.3,553.1,9.5e-05,-0.287696
6040,965261,158,0.7576,0.3588,0.2592,0.3821,0.5674,-0.6873,0.2919,9782.0,782.2,283.2,536.5,7.5e-05,-0.289938
6041,965424,163,1.0825,0.1683,0.0181,0.8136,0.7565,-0.6773,0.4204,10502.4,813.7,231.9,645.1,0.000121,
6042,965587,163,1.3125,0.5395,0.0204,0.4401,1.0,-0.6026,0.3205,11986.4,754.0,271.8,708.7,0.00013,-0.286852
6043,965754,167,1.0148,0.1589,0.0779,0.7631,0.5819,-0.6171,0.3597,9836.9,642.3,256.1,448.7,0.000115,
6044,965911,157,0.6217,0.2025,0.3103,0.4872,0.4233,-0.6232,0.1604,9232.9,612.6,335.8,709.5,0.000107,-0.292262
6045,966077,166,1.068,0.4374,0.2629,0.2997,0.9557,-0.5552,0.1025,11261.1,632.9,359.0,519.0,8.6e-05,-0.274561
6046,966238,161,0.9999,0.2563,0.1058,0.6379,0.7695,-0.5944,0.4284,10552.0,650.3,228.7,790.3,8.8e-05,
6047,966395,157,0.7625,0.0982,0.3585,0.5433,0.5993,-0.5783,0.3323,9903.4,587.2,267.1,398.8,0.000145,-0.276911
6048,966554,159,0.3682,0.0488,0.7652,0.186,0.8579,-0.4625,0.1867,10888.6,506.5,325.3,672.2,9.9e-05,
6049,966713,159,0.7694,0.3453,0.3343,0.3204,0.8238,-0.6351,0.2975,10758.5,737.1,281.0,742.2,0.000155,-0.298938
6050,966878,165,1.2902,0.842,0.053,0.105,0.8603,-0.6662,0.2822,10897.7,816.2,287.1,569.9,0.000166,
6051,967037,159,0.9614,0.3762,0.3726,0.2512,1.0,-0.5452,0.1026,12693.5,697.7,359.0,444.1,9.7e-05,-0.289285
6052,967203,166,1.1006,0.5021,0.1807,0.3172,0.904,-0.4901,0.2762,11064.2,542.5,289.5,650.6,0.000134,-0.303054
6053,967361,158,0.9071,0.2142,0.1698,0.616,0.7603,-0.6064,0.2256,10516.7,667.9,309.8,785.9,8.9e-05,-0.281448
6054,967518,157,0.9193,0.0369,0.1536,0.8095,0.7048,-0.5869,0.4491,10305.3,623.7,220.4,820.3,0.00015,
6055,967676,158,1.1283,0.8553,0.082,0.0627,0.5413,-0.6441,0.2127,9682.5,680.1,314.9,407.7,0.000125,
6056,967842,166,0.5396,0.3101,0.686,0.0038,0.9304,-0.6377,0.004,11165.0,770.3,398.4,607.5,0.000175,
6057,968001,159,0.8311,0.1635,0.2881,0.5485,1.0,-0.5325,0.2621,12191.3,652.0,295.2,594.1,0.000122,-0.293391
6058,968158,157,0.9167,0.1678,0.1337,0.6984,0.5347,-0.6373,0.4214,9657.3,665.7,231.4,881.1,9.7e-05,
6059,968323,165,1.118,0.5276,0.184,0.2884,0.9484,-0.6119,0.1899,11233.4,723.5,324.1,411.7,0.000143,-0.31076
6060,968473,150,1.3479,0.7478,0.0222,0.23,0.8267,-0.6488,0.2252,10769.8,766.6,309.9,291.4,0.000158,-0.287174
6061,968632,159,0.9421,0.5083,0.2773,0.2144,0.8366,-0.5898,0.115,10807.4,658.7,354.0,507.2,0.000148,
6062,968791,159,0.6587,0.4055,0.4509,0.1436,0.7407,-0.6413,0.3298,10442.0,727.7,268.1,593.6,0.000147,-0.277809
6063,968952,161,1.0055,0.5908,0.3997,0.0095,0.9326,-0.6228,0.1997,11173.3,740.6,320.1,444.3,9.2e-05,
6064,969107,155,0.873,0.2762,0.3691,0.3547,1.0,-0.5287,0.2876,12154.9,644.7,285.0,493.3,0.000145,-0.290634
6065,969264,157,0.376,0.1538,0.6979,0.1483,0.5927,-0.4809,0.2677,9878.3,475.7,292.9,637.1,0.000123,
6066,969427,163,1.1579,0.5109,0.0119,0.4771,1.0,-0.599,0.1573,11607.5,723.7,337.1,463.9,0.000131,-0.287188
6067,969591,164,0.6342,0.2229,0.5014,0.2757,1.0,-0.5853,0.1964,11777.7,710.0,321.5,455.1,0.000122,-0.273337
6068,969757,166,0.6672,0.4267,0.5105,0.0628,0.9984,-0.5778,0.3391,11423.8,676.4,264.4,1194.3,0.000146,-0.287346
6069,969918,161,0.4931,0.0375,0.5643,0.3982,0.5553,-0.6558,0.0942,9735.9,707.2,362.3,384.5,0.000106,
6070,970069,151,0.7293,0.3174,0.5197,0.1629,0.9634,-0.4947,0.1403,11290.7,558.6,343.9,713.4,0.000122,-0.294605
6071,970234,165,0.268,0.0878,0.8034,0.1088,0.9161,-0.4778,0.2091,11110.3,531.9,316.4,806.5,0.000114,
6072,970390,156,1.1272,0.2839,0.0431,0.6729,0.9674,-0.5992,0.2301,11305.8,705.3,307.9,384.1,0.000104,
6073,970550,160,1.3034,0.7858,0.0657,0.1484,0.838,-0.5355,0.0734,10812.6,581.9,370.6,1043.3,0.000127,
6074,970711,161,0.905,0.252,0.1757,0.5723,0.7617,-0.5442,0.3338,10522.1,577.1,266.5,532.7,0.000131,-0.297989
6075,970868,157,0.7124,0.0477,0.3402,0.6122,1.0,-0.5551,0.2533,11766.7,661.3,298.7,363.2,0.000141,
6076,971023,155,0.8757,0.0118,0.1904,0.7978,0.1329,-0.6363,0.4543,8126.2,558.6,218.3,726.7,0.000119,-0.29894
6077,971184,161,1.3771,0.6763,0.0261,0.2976,0.9852,-0.5842,0.0973,11373.6,683.8,361.1,644.1,0.000189,
6078,971344,160,1.0639,0.5788,0.3548,0.0664,1.0,-0.5326,0.1356,11883.9,635.6,345.8,543.3,0.000175,
6079,971493,149,1.07,0.4782,0.238,0.2837,1.0,-0.5061,0.1895,11970.5,605.9,324.2,468.8,0.000153,-0.305026
6080,971652,159,0.9371,0.028,0.153,0.819,0.759,-0.705,0.3917,10511.8,891.0,243.3,408.8,0.000101,
6081,971813,161,0.5469,0.1006,0.5632,0.3362,0.9663,-0.5172,0.3255,11301.7,585.2,269.8,602.7,0.000106,-0.28058
6082,971971,158,1.0498,0.2693,0.1119,0.6188,1.0,-0.5953,0.2084,12139.1,749.8,316.6,359.8,7.8e-05,-0.30819
6083,972127,156,1.1654,0.4775,0.0824,0.44,0.8337,-0.5488,0.1874,10796.5,598.3,325.0,318.1,0.000108,-0.298647
6084,972284,157,0.6431,0.2305,0.5945,0.1751,0.6278,-0.5577,0.1986,10011.7,565.9,320.6,298.7,0.000141,
6085,972439,155,1.1394,0.7837,0.1607,0.0555,0.7373,-0.5179,0.2086,10428.9,540.8,316.6,505.6,0.00015,-0.296962
6086,972594,155,1.1936,0.6583,0.2334,0.1083,1.0,-0.5885,0.1672,11831.0,718.8,333.1,658.1,0.000128,
6087,972754,160,0.9271,0.518,0.3266,0.1554,0.9922,-0.5902,0.2204,11400.4,695.5,311.8,854.0,0.000111,
6088,972910,156,0.6405,0.2128,0.4609,0.3263,0.9098,-0.6024,0.399,11086.5,697.1,240.4,782.5,0.000134,
6089,973071,161,0.6161,0.2105,0.6353,0.1543,1.0,-0.571,0.1533,12401.7,722.7,338.7,404.8,9.8e-05,-0.291488
6090,973230,159,0.6568,0.129,0.2568,0.6142,0.4046,-0.6837,0.1822,9161.6,724.0,327.1,487.0,9.5e-05,
6091,973391,161,0.6447,0.113,0.6083,0.2787,0.9656,-0.4641,0.4161,11299.0,527.1,233.6,582.3,0.000141,-0.306342
6092,973551,160,1.2089,0.4681,0.086,0.4459,1.0,-0.5704,0.2554,11776.0,685.2,297.9,413.4,8.1e-05,-0.303536
6093,973709,158,0.816,0.2632,0.3048,0.4319,0.8318,-0.5296,0.3032,10789.3,573.5,278.7,669.7,0.000111,-0.283228
6094,973873,164,0.78,0.7347,0.1443,0.1211,0.3567,-0.7084,0.2257,8979.0,769.8,309.7,578.5,0.000104,-0.291607
6095,974036,163,0.8173,0.2899,0.3412,0.3689,1.0,-0.5893,0.3782,11553.8,703.3,248.7,567.8,0.00011,
6096,974193,157,0.4166,0.1237,0.6048,0.2715,0.736,-0.5821,0.134,10424.3,623.6,346.4,431.2,0.000115,-0.295149
6097,974350,157,1.051,0.2527,0.1625,0.5849,1.0,-0.516,0.3553,12010.3,620.4,257.9,476.2,0.00014,
6098,974509,159,0.7543,0.1196,0.8518,0.0286,1.0,-0.0986,0.2568,11991.2,332.6,297.3,758.3,0.00011,-0.299064
6099,974665,156,1.134,0.3781,0.0912,0.5306,1.0,-0.5571,0.2145,11851.9,669.0,314.2,651.5,0.000147,-0.293057
6100,974820,155,0.2073,0.1839,0.7538,0.0623,0.1795,-0.6284,0.2617,8303.7,558.7,295.3,411.1,0.000115,
6101,974985,165,1.0168,0.2706,0.2301,0.4993,0.908,-0.5984,0.353,11079.5,689.7,258.8,374.7,9.7e-05,-0.29052
6102,975144,159,1.0085,0.0242,0.1089,0.8669,0.9749,-0.5321,0.4718,11334.5,605.6,211.3,810.4,0.000109,
6103,975306,162,0.9792,0.3473,0.1477,0.5049,0.8311,-0.6421,0.3208,10786.5,753.5,271.7,570.2,0.000125,
6104,975463,157,1.1043,0.5604,0.3484,0.0912,1.0,-0.4564,0.1778,12500.9,574.9,328.9,432.2,9.8e-05,-0.295396
6105,975623,160,1.1017,0.0816,0.0051,0.9133,0.7212,-0.6594,0.4878,10367.8,761.0,204.9,678.8,0.000233,-0.277854
6106,975789,166,0.6331,0.2958,0.4048,0.2993,0.5309,-0.6263,0.2536,9642.8,645.0,298.6,903.9,0.000112,-0.311566
6107,975953,164,0.7971,0.4421,0.5106,0.0473,1.0,-0.625,0.3121,11602.4,773.5,275.1,527.5,8.5e-05,-0.312089
6108,976114,161,0.9791,0.2626,0.0975,0.6399,1.0,-0.6283,0.1802,12042.6,809.9,327.9,913.2,0.000121,
6109,976270,156,0.3879,0.1518,0.6423,0.2059,0.5954,-0.4877,0.2245,9888.4,482.6,310.2,699.5,0.000122,
6110,976434,164,0.9416,0.5363,0.4337,0.03,0.7849,-0.635,0.1273,10610.6,726.8,349.1,428.5,9.7e-05,
6111,976590,156,0.7551,0.106,0.3888,0.5052,1.0,-0.5722,0.4141,11502.5,672.2,234.4,455.4,0.000132,
6112,976752,162,0.6011,0.1186,0.4513,0.4301,0.9331,-0.5424,0.0249,11175.0,610.5,390.0,584.1,0.000288,
6113,976910,158,1.0573,0.3069,0.0766,0.6165,0.8826,-0.6089,0.2702,10982.8,702.0,291.9,396.6,9.1e-05,
6114,977073,163,0.4716,0.0097,0.8223,0.168,1.0,-0.2771,0.1955,12251.8,423.7,321.8,884.1,0.000192,-0.299193
6115,977238,165,0.6661,0.0179,0.3376,0.6445,0.4003,-0.6256,0.2057,9145.0,610.7,317.7,420.8,0.000171,
6116,977392,154,1.028,0.1917,0.1033,0.705,0.9158,-0.6356,0.356,11109.4,762.2,257.6,586.7,0.000148,
6117,977555,163,0.9654,0.023,0.1131,0.864,0.3265,-0.6296,0.4239,8863.9,598.3,230.4,555.7,0.000116,-0.294976
6118,977718,163,0.5918,0.0963,0.8953,0.0084,0.32,0.1349,0.2483,8839.3,194.7,300.7,615.2,0.000116,
6119,977878,160,0.9171,0.2455,0.2656,0.4888,1.0,-0.5171,0.1835,11660.7,603.6,326.6,408.4,7.2e-05,
6120,978037,159,0.6857,0.317,0.5159,0.167,0.8364,-0.5159,0.158,10806.5,558.1,336.8,413.1,0.00012,-0.286056
6121,978197,160,1.007,0.1676,0.0449,0.7875,-0.2802,-0.7906,0.3696,6552.5,782.3,252.2,367.2,0.000129,-0.288336
6122,978357,160,0.7633,0.2247,0.2602,0.5151,0.6533,-0.6478,0.3213,10109.3,717.7,271.5,612.5,0.000125,-0.287214
6123,978515,158,0.4432,0.1586,0.69,0.1513,0.8678,-0.5156,0.2251,10926.4,563.9,310.0,653.3,0.000103,-0.276709
6124,978673,158,0.7447,0.0917,0.2613,0.647,0.7495,-0.5893,0.3237,10475.5,637.6,270.5,519.7,0.000228,-0.288356
6125,978833,160,1.3081,0.7405,0.1466,0.1129,0.8813,-0.586,0.1983,10977.6,662.8,320.7,359.4,0.000106,-0.301966
6126,978990,157,1.0113,0.5271,0.392,0.0808,1.0,-0.5029,0.1614,12079.8,607.5,335.4,356.0,0.000116,
6127,979147,157,0.6355,0.2882,0.5722,0.1396,1.0,-0.5859,0.1298,11436.1,690.4,348.1,635.2,0.000143,-0.270686
6128,979302,155,0.9305,0.28,0.2153,0.5047,1.0,-0.5084,0.2856,11711.6,595.6,285.7,641.9,0.000147,
6129,979458,156,0.6019,0.2165,0.5101,0.2734,1.0,-0.6071,0.2705,11723.1,745.8,291.8,693.8,0.000133,
6130,979613,155,1.1076,0.4396,0.147,0.4133,1.0,-0.5857,0.1756,11447.4,690.7,329.8,624.3,9.1e-05,-0.275762
6131,979768,155,0.4725,0.0758,0.6124,0.3118,1.0,-0.5455,0.2705,11737.3,645.7,291.8,566.1,0.000112,
6132,979924,156,0.8107,0.3974,0.4299,0.1726,1.0,-0.5991,0.3065,11610.2,724.0,277.4,522.0,0.000101,
6133,980078,154,0.7455,0.225,0.274,0.5009,0.8723,-0.6273,0.1899,10943.6,734.1,324.0,517.5,0.000172,
6134,980239,161,0.7941,0.0207,0.3031,0.6762,0.9498,-0.6337,0.2992,11238.7,766.9,280.3,385.6,6.1e-05,-0.297391
6135,980406,167,1.0645,0.0992,0.1097,0.791,0.9507,-0.6492,0.4821,11242.0,801.2,207.2,828.7,9.9e-05,
6136,980567,161,1.0333,0.5706,0.3009,0.1285,0.9575,-0.6367,0.1695,11268.2,775.4,332.2,360.2,0.0001,-0.279946
6137,980725,158,1.3405,0.7052,0.182,0.1128,1.0,-0.63,0.166,12696.3,857.8,333.6,503.2,0.000137,-0.311265
6138,980888,163,1.2154,0.6179,0.3337,0.0484,1.0,-0.4815,0.0503,12188.5,587.7,379.9,326.0,0.000161,
6139,981045,157,1.0041,0.0854,0.1604,0.7542,0.5635,-0.6368,0.5348,9767.1,672.3,186.1,591.1,0.000146,-0.283817
6140,981207,162,0.6851,0.1272,0.3496,0.5231,1.0,-0.5684,0.4163,11590.7,671.4,233.5,693.0,0.000118,-0.294495
6141,981369,162,1.3019,0.5573,0.024,0.4187,1.0,-0.5406,0.3216,11943.2,649.9,271.3,589.7,0.000119,-0.289671
6142,981526,157,0.8819,0.0642,0.2812,0.6546,1.0,-0.5301,0.399,11763.2,625.9,240.4,484.0,0.000145,
6143,981683,157,0.9246,0.5179,0.2116,0.2705,0.6973,-0.6886,0.123,10276.7,825.1,350.8,413.9,8.6e-05,-0.287604
6144,981837,154,1.1601,0.4567,0.1865,0.3568,1.0,-0.4669,0.263,12054.1,565.3,294.8,498.4,8.4e-05,-0.283535
6145,981994,157,1.1365,0.6206,0.0128,0.3666,0.6459,-0.6779,0.2353,10080.8,782.3,305.9,637.2,9.9e-05,
6146,982149,155,0.9854,0.7751,0.2001,0.0247,0.6776,-0.6192,0.3584,10201.5,669.7,256.6,512.2,0.000179,-0.295977
6147,982310,161,0.5374,0.1908,0.5156,0.2935,0.5079,-0.6085,0.1652,9555.2,610.2,333.9,639.9,0.000139,
6148,982473,163,0.358,0.1646,0.7524,0.083,0.7545,-0.5684,0.2401,10494.5,607.9,304.0,633.7,0.00012,-0.294617
6149,982634,161,1.4944,0.8995,0.062,0.0385,1.0,-0.5754,0.2837,11934.2,702.6,286.5,723.7,0.00014,
6150,982800,166,1.0887,0.5818,0.2438,0.1744,1.0,-0.6617,0.206,11537.7,852.6,317.6,467.7,9.1e-05,
6151,982964,164,0.7353,0.0683,0.3271,0.6046,1.0,-0.5908,0.248,11438.7,698.8,300.8,529.7,0.000111,
6152,983123,159,1.126,0.3425,0.1898,0.4677,1.0,-0.5825,0.1414,11458.1,686.1,343.4,367.6,0.000127,-0.308587
6153,983285,162,1.1605,0.5782,0.18,0.2418,1.0,-0.5819,0.2717,12121.1,724.8,291.3,805.9,9.6e-05,-0.310288
6154,983445,160,0.463,0.0406,0.8125,0.1469,1.0,-0.2517,0.2645,11557.0,386.1,294.2,671.4,8.6e-05,-0.298694
6155,983604,159,0.9647,0.116,0.0694,0.8146,0.3727,-0.6681,0.3053,9040.1,680.9,277.9,541.5,0.00012,
6156,983766,162,0.7048,0.3741,0.6108,0.0152,0.8845,-0.5535,0.2377,10989.9,615.3,304.9,541.5,0.000211,
6157,983921,155,1.4741,0.8959,0.0282,0.0759,1.0,-0.6215,0.33,11744.1,775.8,268.0,845.9,0.000223,-0.294526
6158,984084,163,0.9648,0.8503,0.0761,0.0736,0.5044,-0.7233,0.1065,9541.7,862.0,357.4,632.1,0.000118,
6159,984248,164,0.4569,0.2332,0.667,0.0998,0.7948,-0.6477,0.1859,10648.3,755.6,325.6,420.0,0.000169,
6160,984408,160,1.1117,0.3794,0.0934,0.5272,0.8884,-0.6054,0.398,11004.7,697.1,240.8,602.5,0.000205,
6161,984573,165,1.2915,0.7163,0.2273,0.0564,0.9969,-0.5493,0.0786,11418.1,633.3,368.5,489.4,0.000108,-0.299343
6162,984734,161,0.5703,0.1363,0.4367,0.427,0.7449,-0.5938,0.1413,10457.9,643.6,343.5,640.6,0.000156,
6163,984894,160,0.7795,0.4053,0.4552,0.1395,0.801,-0.5611,0.2792,10672.0,607.9,288.3,522.1,0.000164,
6164,985061,167,0.9639,0.199,0.1161,0.6849,0.6802,-0.6228,0.2973,10211.7,676.8,281.1,356.9,0.000102,-0.276318
6165,985223,162,0.4472,0.3582,0.482,0.1598,0.3608,-0.6516,0.3403,8994.7,645.5,263.9,1061.2,0.000155,-0.303632
6166,985385,162,0.4913,0.1684,0.692,0.1396,0.7011,-0.5768,0.087,10291.2,607.9,365.2,455.5,0.00011,-0.283052
6167,985545,160,1.1994,0.7067,0.28,0.0133,1.0,-0.6148,0.1291,11856.6,769.6,348.4,558.7,9.7e-05,-0.299286
6168,985699,154,1.214,0.6209,0.0364,0.3428,0.8583,-0.6122,0.1914,10890.1,702.0,323.4,685.4,8.8e-05,-0.30333
6169,985856,157,1.1838,0.7264,0.2671,0.0065,1.0,-0.5689,0.1468,13029.7,755.6,341.3,509.3,0.000104,
6170,986018,162,0.3888,0.2423,0.7275,0.0302,0.4278,-0.6251,0.3602,9250.1,616.9,255.9,626.2,0.000116,
6171,986182,164,0.9575,0.3671,0.2412,0.3917,1.0,-0.6092,0.2527,11931.4,763.2,298.9,515.1,0.000134,
6172,986346,164,0.9058,0.4186,0.2811,0.3003,0.6929,-0.6776,0.2471,10259.9,795.7,301.2,343.8,9.2e-05,
6173,986511,165,1.094,0.5515,0.1077,0.3409,0.7416,-0.642,0.337,10445.4,729.5,265.2,533.7,0.000133,-0.284332
6174,986668,157,0.3819,0.0825,0.8919,0.0256,0.1784,-0.1347,0.255,8299.7,239.8,298.0,553.0,0.000143,
6175,986825,157,1.1487,0.652,0.1482,0.1998,0.8711,-0.5969,0.2632,10939.0,678.4,294.7,632.0,0.000123,-0.314548
6176,986984,159,0.7751,0.2453,0.5177,0.237,1.0,-0.4742,0.2208,11490.4,546.3,311.7,518.8,0.000154,
6177,987146,162,0.5117,0.0447,0.5731,0.3822,0.7801,-0.5472,0.3078,10592.2,584.9,276.9,555.8,0.000117,
6178,987309,163,1.046,0.0885,0.0368,0.8747,0.5249,-0.6016,0.3379,9620.0,603.7,264.8,424.2,0.000113,-0.293609
6179,987470,161,0.8189,0.5215,0.4624,0.016,1.0,-0.4632,0.3589,11997.5,558.7,256.4,910.7,0.000102,
6180,987629,159,1.291,0.8399,0.004,0.156,0.8133,-0.6169,0.2359,10718.7,699.6,305.6,582.8,0.000115,-0.288586
6181,987789,160,0.3203,0.0424,0.815,0.1426,0.7698,-0.4333,0.2809,10552.9,465.6,287.6,642.8,8.9e-05,-0.309382
6182,987946,157,0.8548,0.3256,0.1467,0.5277,0.5235,-0.6652,0.2195,9614.7,717.9,312.2,537.4,0.000156,
6183,988110,164,0.996,0.6226,0.2792,0.0982,0.8199,-0.6095,0.1769,10743.7,687.8,329.2,769.9,0.000181,
6184,988266,156,0.7729,0.2955,0.5155,0.1889,1.0,-0.5056,0.1518,12049.0,609.3,339.3,481.7,0.000114,
6185,988418,152,0.4653,0.2068,0.783,0.0102,0.8068,-0.4748,0.1825,10693.7,509.0,327.0,371.3,8.8e-05,
6186,988577,159,1.0494,0.559,0.2244,0.2165,0.8747,-0.5819,0.1575,10952.6,654.9,337.0,452.3,9.8e-05,-0.305026
6187,988736,159,0.8701,0.277,0.2069,0.5161,1.0,-0.6521,0.2302,11616.3,834.7,307.9,629.2,0.000123,
6188,988900,164,0.5833,0.2238,0.4927,0.2835,0.6118,-0.5986,0.2311,9951.0,619.8,307.5,401.6,6.7e-05,
6189,989064,164,0.3042,0.1609,0.7017,0.1374,0.6568,-0.5784,0.3644,10122.5,600.3,254.2,766.8,0.00017,
6190,989224,160,0.5913,0.1991,0.6304,0.1704,1.0,-0.4155,0.2536,12842.0,549.3,298.6,871.0,0.000115,
6191,989384,160,0.8974,0.3668,0.3965,0.2367,1.0,-0.5807,0.1116,12231.0,729.3,355.4,509.4,0.000114,
6192,989545,161,0.542,0.148,0.4904,0.3616,0.6821,-0.6113,0.2282,10218.7,657.3,308.7,563.6,7e-05,-0.286045
6193,989704,159,0.9535,0.033,0.1375,0.8295,0.7507,-0.5645,0.467,10480.0,601.6,213.2,670.4,0.00013,
6194,989860,156,0.4959,0.0415,0.5685,0.39,0.6994,-0.6047,0.198,10284.6,650.4,320.8,396.9,9.2e-05,
6195,990025,165,1.1637,0.7868,0.0148,0.1984,0.6885,-0.6437,0.1821,10243.1,718.7,327.1,667.5,0.000105,-0.295786
6196,990192,167,1.0613,0.4607,0.2168,0.3225,1.0,-0.5305,0.2336,11563.8,615.7,306.6,700.0,7.3e-05,
6197,990348,156,0.8417,0.1669,0.2272,0.606,0.7858,-0.6119,0.2911,10613.9,683.7,283.6,755.6,0.000119,
6198,990509,161,0.6625,0.0274,0.3571,0.6155,0.8849,-0.5959,0.2955,10991.4,680.0,281.8,543.9,9e-05,-0.303237
6199,990667,158,0.8919,0.0502,0.1784,0.7714,0.5007,-0.6235,0.5146,9527.5,632.7,194.1,954.4,0.000188,-0.299032
6200,990821,154,1.2174,0.7367,0.0428,0.2204,0.8439,-0.7131,0.2256,10835.3,944.2,309.7,649.7,9.6e-05,-0.290494
6201,990976,155,0.9051,0.3848,0.2096,0.4056,0.8824,-0.5967,0.2332,10982.1,680.8,306.7,539.0,0.000125,
6202,991133,157,1.2704,0.7173,0.2362,0.0465,0.9526,-0.5803,0.1163,11249.5,670.1,353.5,580.3,0.000183,-0.286777
6203,991298,165,1.4972,0.8108,0.0136,0.1756,1.0,-0.6106,0.1383,12117.6,777.9,344.7,441.0,0.000105,
6204,991461,163,0.7326,0.457,0.3887,0.1543,0.7472,-0.6014,0.1683,10466.9,656.5,332.7,782.1,9.9e-05,-0.290812
6205,991622,161,0.9821,0.3924,0.2026,0.4049,0.8317,-0.5807,0.2075,10788.6,643.2,317.0,371.8,0.000137,
6206,991787,165,0.9192,0.3433,0.1619,0.4948,0.6558,-0.6433,0.31,10118.8,709.1,276.0,523.2,8.1e-05,-0.28719
6207,991944,157,1.3157,0.7561,0.1031,0.1408,0.9801,-0.6575,0.2284,11354.4,828.7,308.6,706.2,0.00016,
6208,992102,158,1.0644,0.5556,0.1748,0.2697,0.9696,-0.6029,0.1821,11314.2,712.4,327.2,569.9,0.000104,
6209,992259,157,0.8739,0.2564,0.2571,0.4865,0.9568,-0.5799,0.1424,11265.4,670.5,343.1,543.7,7.8e-05,-0.270104
6210,992419,160,0.6321,0.0212,0.9667,0.0121,0.5532,0.1693,0.2,9727.7,208.0,320.0,414.9,0.000105,-0.3086
6211,992577,158,0.9798,0.2158,0.1418,0.6424,1.0,-0.5359,0.3847,11503.7,619.7,246.1,592.2,8.1e-05,-0.298688
6212,992740,163,0.6544,0.0267,0.427,0.5463,1.0,-0.533,0.3204,11936.7,639.1,271.9,652.4,0.000102,
6213,992899,159,0.3986,0.0422,0.6361,0.3217,0.8519,-0.5883,0.3324,10865.7,659.8,267.1,523.2,0.000149,-0.306155
6214,993054,155,0.8729,0.3036,0.4251,0.2713,1.0,-0.461,0.1785,11766.3,545.8,328.6,639.6,0.000139,
6215,993214,160,1.0104,0.778,0.1031,0.1189,0.6398,-0.654,0.2834,10057.6,726.6,286.6,725.8,0.000107,
6216,993375,161,0.7995,0.4019,0.4751,0.123,1.0,-0.5138,0.3307,11659.0,599.4,267.7,512.7,9.6e-05,-0.266254
6217,993538,163,0.5447,0.5908,0.3319,0.0773,0.4868,-0.5786,0.3113,9474.8,562.1,275.5,1157.0,0.000102,
6218,993701,163,0.7427,0.4012,0.5579,0.0409,0.883,-0.5355,0.2407,10984.3,591.2,303.7,515.9,0.000153,-0.301627
6219,993855,154,0.7732,0.1711,0.2618,0.5671,1.0,-0.5164,0.2278,11521.7,595.6,308.9,839.7,0.000143,-0.306853
6220,994009,154,1.0731,0.534,0.1685,0.2975,0.9413,-0.5748,0.1588,11206.4,658.8,336.5,449.6,0.000179,-0.319797
6221,994165,156,0.4976,0.048,0.4901,0.4619,1.0,-0.575,0.2783,12162.5,715.5,288.7,600.4,8.1e-05,-0.28262
6222,994318,153,0.4719,0.054,0.6544,0.2916,0.5998,-0.582,0.219,9905.2,592.4,312.4,289.1,0.000127,
6223,994474,156,0.9916,0.2346,0.2107,0.5547,1.0,-0.5066,0.2116,12026.5,609.4,315.4,316.7,0.000123,
6224,994635,161,0.5844,0.0773,0.8835,0.0392,0.8159,0.0667,0.2636,10728.6,251.5,294.6,676.9,8.7e-05,-0.307108
6225,994795,160,1.0404,0.5555,0.3408,0.1037,1.0,-0.5899,0.1838,11938.2,727.8,326.5,487.7,0.000134,-0.280482
6226,994955,160,1.3493,0.8716,0.0705,0.0579,0.8875,-0.641,0.089,11001.3,766.2,364.4,520.5,0.000109,-0.306673
6227,995116,161,1.1193,0.0129,0.0381,0.949,0.1648,-0.7155,0.3817,8247.8,724.8,247.3,231.3,9.8e-05,
6228,995271,155,0.4995,0.1346,0.5121,0.3534,0.5468,-0.6036,0.4347,9703.2,611.9,226.1,575.8,5e-05,-0.315861
6229,995429,158,0.8383,0.1495,0.3079,0.5426,1.0,-0.4444,0.1088,12933.5,582.0,356.5,423.9,0.000106,-0.286444
6230,995585,156,0.6105,0.0202,0.8395,0.1403,0.6849,-0.2596,0.1231,10229.5,345.4,350.8,278.2,0.00015,-0.294251
6231,995745,160,1.0109,0.0513,0.1456,0.803,0.6442,-0.7625,0.3724,10074.4,1060.6,251.1,457.1,0.000134,-0.290845
6232,995908,163,0.8734,0.6622,0.1714,0.1664,0.4459,-0.6691,0.1408,9318.7,704.0,343.7,332.7,0.000156,
6233,996067,159,0.6534,0.1464,0.8488,0.0049,0.9239,-0.217,0.1037,11140.1,355.7,358.5,603.2,0.000129,-0.286212
6234,996225,158,0.9824,0.542,0.3124,0.1456,0.9317,-0.5502,0.1769,11169.9,620.9,329.3,613.5,0.000131,-0.277028
6235,996382,157,0.814,0.3036,0.2555,0.441,0.7224,-0.6453,0.2756,10372.5,731.1,289.8,501.1,7.1e-05,
6236,996538,156,0.5363,0.1475,0.5019,0.3505,0.5636,-0.5909,0.1164,9767.5,597.0,353.4,436.7,0.000116,
6237,996698,160,1.0903,0.5808,0.1539,0.2653,0.8775,-0.6044,0.2129,10963.2,692.8,314.9,643.6,9.8e-05,
6238,996858,160,1.0395,0.2978,0.2078,0.4943,0.9686,-0.5131,0.2672,11310.5,580.8,293.1,347.3,0.000117,
6239,997020,162,0.488,0.2835,0.6892,0.0273,1.0,-0.5765,0.296,11537.9,681.1,281.6,710.6,0.000125,
6240,997187,167,0.759,0.0306,0.3348,0.6347,0.8532,-0.6402,0.4313,10870.6,755.3,227.5,389.0,7.8e-05,-0.282892
6241,997349,162,0.9225,0.3131,0.2134,0.4735,0.8197,-0.5765,0.0085,10743.1,634.2,396.6,354.6,0.000322,-0.279891
6242,997510,161,1.0139,0.6401,0.3261,0.0338,0.9491,-0.6842,0.1065,11236.2,889.5,357.4,392.4,0.000158,
6243,997676,166,0.5383,0.1877,0.5072,0.3051,0.8614,-0.5847,0.2843,10901.8,656.3,286.3,680.6,9.2e-05,
6244,997841,165,1.0407,0.1584,0.0579,0.7837,0.4933,-0.7668,0.3912,9499.5,1018.4,243.5,585.8,0.000112,-0.291305
6245,997991,150,0.82,0.3455,0.0577,0.5968,0.2467,-0.6768,0.2598,8560.0,662.1,296.1,495.9,0.000113,-0.290761
6246,998147,156,0.7506,0.398,0.4147,0.1872,0.7971,-0.5406,0.2004,10657.1,579.9,319.8,714.6,0.000116,-0.310276
6247,998309,162,0.8371,0.424,0.4975,0.0786,1.0,-0.6265,0.195,11736.4,785.5,322.0,454.9,8.1e-05,-0.294006
6248,998464,155,0.9332,0.3855,0.1478,0.4668,0.6677,-0.5685,0.3408,10164.1,588.9,263.7,702.2,0.000106,
6249,998625,161,0.7558,0.2689,0.4651,0.266,1.0,-0.5271,0.3268,11846.3,626.2,269.3,470.6,0.000107,-0.280919
6250,998781,156,0.7222,0.3381,0.5393,0.1226,0.9408,-0.5746,0.2077,11204.3,658.4,316.9,784.2,7.9e-05,-0.284332
6251,998944,163,0.147,0.0961,0.7294,0.1746,0.1303,-0.6881,0.3975,8116.6,650.5,241.0,845.5,9.2e-05,
6252,999099,155,0.4882,0.0795,0.5334,0.3871,0.8339,-0.5111,0.3618,10797.2,552.1,255.3,699.7,0.000135,-0.284236
6253,999262,163,0.4937,0.241,0.6957,0.0634,0.6843,-0.587,0.0615,10227.1,619.0,375.4,403.6,0.000156,
6254,999421,159,0.564,0.1617,0.5207,0.3176,0.8762,-0.6225,0.2885,10958.4,725.6,284.6,485.8,0.000124,-0.302942
6255,999578,157,0.5511,0.0435,0.7824,0.1742,1.0,-0.3675,0.1868,13105.3,518.0,325.3,356.1,0.00014,
6256,999737,159,0.7061,0.1574,0.2726,0.57,0.4149,-0.6521,0.3396,9200.8,661.1,264.2,593.6,0.000162,-0.304263
6257,999897,160,0.7932,0.1051,0.1506,0.7442,-0.1269,-0.7203,0.2888,7136.7,637.8,284.5,673.0,0.000167,-0.293844
