timestep,episode,ep_length,cum_reward,R_water,R_fert,R_resource,R_losses,R_daily_mean,R_seasonal,R_yield,R_hiad,R_ane,R_penalty,yield_kg_ha,total_N_kg_ha,total_W_mm,total_rain_mm,energy_budget,comm_quality
161,1,161,7.483607,0.642835,0.709471,0.000969,9.9e-05,0.00216725,-0.505659,-1.0,-0.605125,-0.012007,0.454719,2297.8,58.1,79.5,358.1,100.0,1.0
321,2,160,-1.680324,0.635119,-0.281698,0.004779,0.0,0.00181923,-0.369689,-1.0,-0.424601,0.36043,0.516895,3696.3,67.9,69.0,635.9,100.0,1.0
482,3,161,-5.118639,0.2,-0.353822,0.020282,0.070707,0.00155245,-0.605139,-1.0,-1.0,-0.213821,0.401506,1626.9,51.7,65.6,946.6,100.0,1.0
643,4,161,-4.208401,0.24336,0.711916,0.0,0.036121,0.0019132,-0.566562,-1.0,-0.414606,-0.186045,0.549926,2355.6,72.4,72.5,613.3,100.0,1.0
800,5,157,1.843909,0.77465,-0.311888,0.0,0.0,0.00209007,-0.22589,-0.95226,0.120083,0.553208,0.491149,3991.9,64.3,69.0,244.8,100.0,1.0
959,6,159,-2.184989,0.605931,-0.425735,0.006394,0.0,0.0020104,-0.441501,-1.0,-0.347504,0.153317,0.552058,3410.9,73.9,57.5,440.5,100.0,1.0
1120,7,161,-2.997758,0.362507,0.666535,0.007431,0.032064,0.00234819,-0.731923,-1.0,-1.0,-0.514147,0.509858,1314.2,67.6,60.8,382.3,100.0,1.0
1273,8,153,3.16592,0.498038,0.778897,0.001257,0.0,0.0034265,-0.36969,-1.0,0.179772,0.165415,0.47781,2958.7,63.5,55.9,231.3,100.0,1.0
1435,9,162,-5.246303,0.012701,-0.480438,0.000709,0.0,0.0018277,-0.658184,-1.0,-1.0,-0.319228,0.482273,1698.2,62.4,76.2,500.8,100.0,1.0
1597,10,162,5.175098,1.0,-0.238546,0.002849,0.0,0.00230689,-0.049173,-0.765593,0.085565,0.874977,0.480068,4703.1,62.7,68.5,654.1,100.0,1.0
1761,11,164,-1.957222,1.0,-0.295419,0.002845,0.0,0.00220302,-0.48379,-1.0,-0.923052,0.13314,0.440418,2604.3,57.5,63.7,359.1,100.0,1.0
1925,12,164,-4.594914,0.2,0.658622,0.008043,0.023872,0.00203181,-0.680055,-1.0,-1.0,-0.356365,0.526635,1814.2,70.5,55.6,471.7,100.0,1.0
2080,13,155,-6.373693,0.259469,-0.31745,0.0,0.0,0.00123967,-0.589105,-1.0,-1.0,-0.159169,0.416978,1819.3,54.1,63.9,1103.0,100.0,1.0
2241,14,161,-2.581989,0.424979,0.6,0.025037,1.3e-05,0.00288906,-0.685447,-1.0,-0.941733,-0.451166,0.416827,1194.8,54.4,59.8,532.4,100.0,1.0
2403,15,162,-2.03471,0.2,-0.330355,0.003752,2e-06,0.00207181,-0.466344,-1.0,-0.378711,0.075791,0.525,3020.8,70.2,56.0,746.6,100.0,1.0
2561,16,158,-1.132278,1.0,-0.393804,0.013721,0.0,0.00208804,-0.400691,-1.0,-0.630305,0.300227,0.4637,3168.9,60.9,62.0,477.2,100.0,1.0
2724,17,163,2.207859,0.2,-0.27073,0.0,0.0,0.00218169,-0.213955,-0.90674,0.093133,0.555544,0.501748,4165.3,66.9,55.2,569.5,100.0,1.0
2886,18,162,-3.759194,0.848704,-0.36531,0.005024,0.0,0.0016315,-0.500026,-1.0,-0.69682,0.018463,0.434031,2287.3,56.1,68.3,820.9,100.0,1.0
3044,19,158,-2.72856,0.373133,0.694087,0.000653,0.0,0.0021771,-0.51701,-1.0,-0.64727,-0.041997,0.43792,2124.7,55.4,83.0,478.0,100.0,1.0
3208,20,164,3.813725,1.0,-0.247178,0.0,0.0,0.0023727,-0.149628,-0.811136,-0.090161,0.699833,0.508278,4529.6,66.6,69.9,391.4,100.0,1.0
3363,21,155,2.811537,0.273376,-0.177299,0.000483,0.0,0.00172142,-0.090211,-0.883264,0.022453,0.867676,0.435004,4254.8,57.0,60.6,571.7,100.0,1.0
3524,22,161,0.821845,0.331607,-0.368948,0.0,0.0,0.00189623,-0.252907,-0.934454,-0.310634,0.578573,0.486425,4059.7,64.3,60.6,653.0,100.0,1.0
3679,23,155,-4.044395,0.38653,-0.385407,0.001236,0.0,0.00175171,-0.51766,-1.0,-0.293273,-0.051141,0.602166,3050.1,80.4,66.1,552.0,100.0,1.0
3844,24,165,-0.058876,0.514312,-0.268047,0.005603,0.0,0.00177242,-0.293997,-0.961304,-0.147431,0.458073,0.515617,3957.4,67.9,67.7,708.2,100.0,1.0
3997,25,153,-4.838877,0.246421,-0.351244,0.005151,0.00901,0.00151107,-0.521534,-1.0,-0.848385,0.002147,0.437235,2296.0,57.3,60.5,944.9,100.0,1.0
4156,26,159,3.999949,0.827128,-0.270194,0.002445,0.0,0.00201837,-0.080762,-0.816095,0.33006,0.767282,0.483417,4510.7,63.8,61.3,497.1,100.0,1.0
4313,27,157,-1.482853,0.048932,-0.386981,0.003617,0.0,0.0020738,-0.412936,-1.0,-0.303903,0.211927,0.5336,3434.5,70.8,62.8,311.6,100.0,1.0
4468,28,155,-1.223949,0.2,-0.389849,0.016091,0.083043,0.0023842,-0.44337,-1.0,-0.562294,0.15774,0.461746,2838.7,61.3,54.4,296.2,100.0,1.0
4631,29,163,-0.423916,0.727472,-0.340384,0.004579,0.0,0.00211215,-0.369333,-0.978679,-0.332548,0.330888,0.546755,3891.2,73.1,58.5,526.3,100.0,1.0
4792,30,161,-2.888619,1.0,-0.340368,0.011845,0.0,0.00218788,-0.523956,-1.0,-0.785499,0.0323,0.533553,2929.2,70.9,61.6,442.2,100.0,1.0
4953,31,161,-0.185326,0.39567,-0.38022,0.00869,0.000168,0.00171182,-0.285075,-1.0,0.01471,0.463765,0.494317,3809.7,65.1,64.7,461.2,100.0,1.0
5115,32,162,-3.758031,0.2,0.720605,0.002429,0.046338,0.00223777,-0.584766,-1.0,-0.471289,-0.219282,0.554442,2303.8,73.8,63.4,519.0,100.0,1.0
5278,33,163,-3.522703,0.80529,0.659091,0.000392,0.0,0.00235732,-0.744953,-1.0,-1.0,-0.548759,0.514439,1209.5,67.0,75.6,445.0,100.0,1.0
5433,34,155,-2.641831,1.0,-0.292687,0.011489,0.0,0.00183698,-0.440309,-1.0,-0.423956,0.127731,0.463098,2789.5,61.8,50.4,546.8,100.0,1.0
5590,35,157,2.092155,0.2,-0.336319,0.0,0.009907,0.00171508,-0.144988,-0.966935,0.361589,0.69763,0.434453,3936.0,58.0,47.9,528.9,100.0,1.0
5745,36,155,-4.544993,0.302124,0.6,0.001473,3.9e-05,0.00207224,-0.818429,-1.0,-1.0,-0.713816,0.592966,918.2,80.2,52.5,569.1,100.0,1.0
5906,37,161,-1.60278,1.0,0.748974,0.0,0.0,0.00219852,-0.449016,-1.0,0.052295,-0.02266,0.481572,2485.5,63.6,60.9,441.7,100.0,1.0
6075,38,169,-1.604438,-0.196564,0.689312,0.001301,0.0,0.00294448,-0.627619,-1.0,-0.450713,-0.412889,0.440182,1349.9,57.5,63.0,364.0,100.0,1.0
6234,39,159,-1.360963,0.688783,-0.432246,0.004821,0.0,0.00188184,-0.380294,-1.0,-0.070481,0.202546,0.470683,2990.7,62.2,59.1,457.8,100.0,1.0
6391,40,157,-5.172514,0.590242,0.689217,0.001294,0.0,0.00186408,-0.604802,-1.0,-0.860263,-0.18378,0.522264,2279.9,69.8,55.7,702.5,100.0,1.0
6551,41,160,-0.341489,0.2,-0.360644,0.014646,0.006269,0.0016966,-0.290765,-0.920401,-0.018784,0.409366,0.550122,4113.3,73.0,65.6,1017.2,100.0,1.0
6711,42,160,-0.93997,0.2,-0.255771,0.0,0.032395,0.00183116,-0.348127,-1.0,-0.383564,0.385752,0.473922,3453.8,62.3,62.9,569.7,100.0,1.0
6866,43,155,0.149679,0.577862,-0.238859,0.0,0.0,0.00170938,-0.254994,-1.0,-0.252712,0.601048,0.450446,3799.5,59.3,58.6,608.3,100.0,1.0
7029,44,163,3.269058,0.932916,-0.308315,0.010642,0.0,0.00183221,-0.105014,-0.716136,0.378568,0.629883,0.563411,4891.5,75.0,63.7,550.0,100.0,1.0
7189,45,160,-0.519242,1.0,-0.4672,0.01138,0.0,0.00197656,-0.34589,-1.0,-0.034218,0.293664,0.476253,3230.0,62.4,65.5,514.3,100.0,1.0
7350,46,161,-4.331941,0.441219,0.68953,0.0,0.0,0.00183445,-0.549005,-1.0,-0.595272,-0.137263,0.457178,2096.3,60.7,53.3,572.3,100.0,1.0
7514,47,164,-2.19517,0.2,-0.466398,0.006996,0.131241,0.00199713,-0.455845,-1.0,-0.377801,0.084541,0.488269,2820.1,65.0,55.4,569.3,100.0,1.0
7674,48,160,1.553261,0.135938,-0.347952,0.013753,0.0,0.00235148,-0.285846,-0.966046,-0.142681,0.477965,0.50375,3939.4,66.6,62.2,237.4,100.0,1.0
7838,49,164,-1.995209,1.0,-0.399916,0.000971,0.0,0.00216114,-0.471448,-1.0,-0.608784,0.127773,0.526452,3111.5,69.0,72.7,561.9,100.0,1.0
8003,50,165,1.838536,0.354207,-0.249938,0.001232,0.0,0.00176551,-0.183248,-0.846921,0.047178,0.604646,0.515849,4393.2,68.4,61.2,677.8,100.0,1.0
8161,51,158,-1.333585,0.702322,-0.37063,0.000199,0.0,0.002051,-0.401372,-1.0,-0.591319,0.272148,0.437461,2872.1,56.4,70.6,518.2,100.0,1.0
8317,52,156,-1.428966,0.2,-0.461514,0.019125,0.120272,0.00171639,-0.349636,-1.0,-0.45837,0.351877,0.384778,2611.2,48.3,77.9,544.0,100.0,1.0
8477,53,160,-5.502961,0.586596,-0.370238,0.00754,0.0,0.00163186,-0.621668,-1.0,-0.938431,-0.215249,0.512437,2146.8,68.4,56.2,748.5,100.0,1.0
8637,54,160,-4.067764,0.2,0.6,0.00047,0.07607,0.00215542,-0.746074,-1.0,-1.0,-0.583999,0.458369,983.9,59.1,74.1,422.8,100.0,1.0
8802,55,165,1.213636,0.2,-0.243332,0.013869,0.053124,0.00211023,-0.277692,-0.950033,-0.222218,0.50858,0.504809,4000.4,66.3,67.9,563.5,100.0,1.0
8958,56,156,-5.149707,0.2,-0.447053,0.004835,0.030525,0.00180374,-0.607155,-1.0,-0.934369,-0.207483,0.455492,1919.9,60.6,52.6,562.5,100.0,1.0
9118,57,160,1.663559,0.430218,-0.105081,0.003007,0.0,0.0019492,-0.214594,-0.950109,-0.098983,0.629805,0.462945,4000.1,61.4,55.7,486.4,100.0,1.0
9278,58,160,-3.798197,0.2,0.666336,0.006496,0.021856,0.00225524,-0.695435,-1.0,-0.802563,-0.435204,0.564284,1744.3,77.2,39.7,495.5,100.0,1.0
9440,59,162,-3.576961,0.618062,-0.509377,0.0,0.0,0.00230896,-0.597572,-1.0,-1.0,-0.198183,0.391041,1622.9,50.6,61.4,202.8,100.0,1.0
9603,60,163,-5.665871,0.537653,-0.432408,0.027398,6e-06,0.00155481,-0.60757,-1.0,-0.849833,-0.161404,0.580478,2552.8,76.1,79.6,886.9,100.0,1.0
9763,61,160,0.198102,0.2,-0.361762,0.000814,0.223535,0.00191221,-0.293793,-1.0,-0.361637,0.516098,0.441316,3607.8,59.5,41.5,389.8,100.0,1.0
9922,62,159,-4.097738,1.0,-0.481228,0.001352,0.0,0.00217214,-0.59153,-1.0,-1.0,-0.168221,0.413264,1855.8,55.8,38.0,474.9,100.0,1.0
10085,63,163,-2.640936,0.465553,-0.443162,0.0,6e-06,0.00188144,-0.460095,-1.0,-0.595321,0.109375,0.444219,2581.2,58.2,61.7,530.1,100.0,1.0
10247,64,162,-0.433754,0.42381,-0.333338,0.000288,0.0,0.00145973,-0.260991,-1.0,0.958074,0.268747,0.504298,3383.9,66.7,62.6,582.5,100.0,1.0
10405,65,158,1.859866,0.912787,-0.314281,0.0,0.0,0.00173698,-0.166236,-0.971943,0.391525,0.639553,0.445261,3916.9,59.7,45.3,495.3,100.0,1.0
10565,66,160,-0.993897,0.813232,-0.379078,0.0,0.0,0.00199936,-0.37696,-1.0,-0.688241,0.363101,0.426106,3023.4,55.5,63.3,515.9,100.0,1.0
10725,67,160,3.781809,0.2,0.762713,0.0,0.028121,0.00256931,-0.193836,-1.0,0.869079,0.457083,0.453616,3497.0,60.0,56.0,371.3,100.0,1.0
10884,68,159,-2.23463,1.0,-0.398411,0.0,0.0,0.00228734,-0.493485,-1.0,-0.883103,0.094143,0.440622,2438.4,55.7,84.4,606.1,100.0,1.0
11043,69,159,6.068952,0.942769,-0.193074,0.0,0.0,0.00210174,0.016052,-0.741371,0.44855,0.928411,0.471334,4795.4,62.2,60.3,427.5,100.0,1.0
11201,70,158,-5.023744,0.34942,0.702876,0.0,0.000145,0.00182928,-0.654995,-1.0,-0.750906,-0.349938,0.537129,1880.0,72.3,51.7,597.6,100.0,1.0
11362,71,161,-5.225264,0.2,-0.394235,0.006311,0.058715,0.00170807,-0.601694,-1.0,-1.0,-0.196562,0.414484,1699.2,52.9,73.9,536.8,100.0,1.0
11521,72,159,-4.049348,0.825015,-0.498441,0.014953,0.0,0.00186365,-0.530088,-1.0,-0.689766,-0.033253,0.497366,2495.3,64.5,76.1,690.9,100.0,1.0
11680,73,159,-4.117095,0.445981,0.645662,0.001376,0.0,0.00215035,-0.75633,-1.0,-1.0,-0.593305,0.493366,1028.3,63.2,84.8,366.1,100.0,1.0
11838,74,158,-5.161339,1.0,-0.516557,0.000172,0.0,0.00178754,-0.647108,-1.0,-1.0,-0.32012,0.42533,1511.8,55.6,60.3,549.1,100.0,1.0
11994,75,156,-4.561636,0.2,0.738311,0.015306,0.08765,0.0020322,-0.673708,-1.0,-0.856742,-0.372805,0.537758,1792.4,71.4,62.7,758.1,100.0,1.0
12145,76,151,-2.982601,1.0,0.677987,0.001548,0.0,0.00272956,-0.711335,-1.0,-1.0,-0.451262,0.516969,1493.1,68.0,68.0,247.5,100.0,1.0
12310,77,165,-5.086405,0.565433,-0.504712,0.0,0.0,0.00174223,-0.645376,-1.0,-0.948185,-0.302871,0.472765,1782.0,63.9,42.4,770.9,100.0,1.0
12475,78,165,0.218739,0.227645,-0.317584,0.0,0.04095,0.00225526,-0.360024,-0.989674,-0.54009,0.407641,0.51152,3849.3,68.4,54.9,476.6,100.0,1.0
12637,79,162,6.928142,0.850884,-0.283227,0.0,0.0,0.00212228,0.061237,-0.729393,0.72037,0.960476,0.458396,4841.0,61.7,43.8,522.9,100.0,1.0
12791,80,154,-4.327178,0.378443,0.603131,0.0,0.0,0.00216626,-0.672789,-1.0,-1.0,-0.394566,0.423456,1340.2,55.3,60.1,338.6,100.0,1.0
12959,81,168,0.079766,0.518652,-0.425759,0.0,2.8e-05,0.00201857,-0.334331,-1.0,0.475265,0.233515,0.567939,3720.0,75.4,67.0,544.1,100.0,1.0
13121,82,162,4.39125,0.260738,-0.157175,0.0,7e-06,0.00156066,0.003659,-0.649702,0.732162,0.768732,0.556091,5144.6,72.7,78.5,701.4,100.0,1.0
13278,83,157,-0.916583,1.0,0.6,0.00486,0.0,0.0034046,-0.737235,-1.0,-0.910949,-0.573251,0.477513,1084.1,63.5,54.9,249.4,100.0,1.0
13433,84,155,-3.118227,0.2,-0.502151,0.002781,0.143515,0.0015302,-0.420826,-1.0,-0.492722,0.179137,0.421257,2532.4,53.7,75.7,664.9,100.0,1.0
13594,85,161,2.148771,0.38785,-0.154688,0.00026,0.000133,0.00177599,-0.158982,-0.829252,0.069713,0.646128,0.509298,4460.6,67.7,58.5,770.1,100.0,1.0
13755,86,161,2.33514,0.2,-0.086421,0.007379,0.006712,0.0017289,-0.14077,-0.938596,0.185154,0.737628,0.444732,4043.9,58.2,62.4,941.7,100.0,1.0
13912,87,157,-2.124294,0.978653,-0.36549,0.009079,0.0,0.00220563,-0.471039,-1.0,-0.877485,0.136467,0.405271,2381.6,52.4,64.2,251.6,100.0,1.0
14074,88,162,-1.864551,0.505879,0.760052,0.002174,0.0,0.0027377,-0.555083,-1.0,-0.452825,-0.177226,0.488859,2149.5,65.3,52.8,394.2,100.0,1.0
14235,89,161,-1.299088,0.927979,-0.418574,0.0,0.0,0.00191685,-0.384647,-1.0,-0.113638,0.171287,0.416166,2549.2,54.4,58.8,389.1,100.0,1.0
14391,90,156,-3.655229,0.277479,-0.270302,0.0,0.0,0.00159234,-0.462725,-1.0,-0.41337,0.113523,0.555606,3300.9,74.1,61.4,715.6,100.0,1.0
14555,91,164,-2.9452,1.0,-0.391123,0.008985,0.0,0.00208914,-0.515685,-1.0,-0.820637,0.05243,0.509858,2867.4,68.1,55.1,600.9,100.0,1.0
14713,92,158,-3.500454,0.71064,0.721309,0.006416,0.0,0.00234571,-0.577214,-1.0,-0.176812,-0.284064,0.550552,2088.0,72.9,67.0,629.7,100.0,1.0
14873,93,160,5.012403,0.2,-0.212926,0.000468,0.016739,0.00198809,-0.023557,-0.83135,0.35117,0.918601,0.446061,4452.6,58.0,66.6,615.8,100.0,1.0
15029,94,156,5.590535,0.41453,-0.10414,0.007332,0.0,0.00213254,-0.004763,-0.638235,-0.072826,0.931443,0.500513,5188.3,67.2,50.7,616.5,100.0,1.0
15187,95,158,2.271068,0.528761,-0.207432,0.0,0.0,0.00163344,-0.124831,-0.944554,0.287735,0.755459,0.437108,4021.2,57.3,60.4,514.4,100.0,1.0
15350,96,163,2.651198,0.2,-0.245583,0.0,0.043169,0.00159025,-0.104283,-0.756122,0.062779,0.732551,0.511558,4739.2,68.4,54.8,850.0,100.0,1.0
15507,97,157,7.677377,0.35032,-0.114569,0.021037,2e-06,0.00220071,0.101028,-0.430307,0.133159,1.0,0.558401,5980.5,73.5,73.7,460.2,100.0,1.0
15669,98,162,-1.620514,0.302566,-0.403649,0.003055,0.013621,0.00192631,-0.40663,-1.0,-0.54331,0.263847,0.473227,3134.9,62.0,65.2,672.7,100.0,1.0
15828,99,159,1.530217,0.805387,-0.278684,0.0,0.0,0.00172045,-0.184163,-0.807021,0.094107,0.564418,0.54331,4545.2,72.6,58.1,547.0,100.0,1.0
15991,100,163,-0.717353,0.436254,-0.328501,0.007248,0.0,0.00178566,-0.332469,-1.0,-0.192506,0.349808,0.428253,3034.6,56.2,58.0,911.6,100.0,1.0
16151,101,160,-2.744714,0.2,-0.339047,0.000985,0.092547,0.00191893,-0.466163,-1.0,-0.437675,0.088865,0.517492,3022.0,69.4,53.0,571.9,100.0,1.0
16318,102,167,-0.897138,0.2,-0.400234,0.009789,0.174908,0.00180567,-0.353066,-1.0,-0.521101,0.424079,0.496918,3704.5,65.0,69.5,668.0,100.0,1.0
16477,103,159,-4.022323,1.0,0.723623,0.0,0.0,0.0022034,-0.675087,-1.0,-1.0,-0.337118,0.535482,1917.1,72.3,49.0,387.2,100.0,1.0
16637,104,160,9.828417,0.616224,-0.087124,0.0,0.0,0.00202921,0.243996,-0.305015,0.909206,1.0,0.450847,6457.9,57.7,77.9,448.9,100.0,1.0
16803,105,166,-1.325572,0.373795,-0.246732,0.012099,3.4e-05,0.00157112,-0.337004,-1.0,-0.185778,0.37877,0.504979,3685.0,66.8,62.1,873.3,100.0,1.0
16970,106,167,9.56403,0.62719,-0.013921,0.011025,0.0,0.0022155,0.18193,-0.367695,0.6436,1.0,0.518684,6219.1,69.6,52.7,352.8,100.0,1.0
17127,107,157,-4.571401,0.799465,0.701557,0.000982,0.0,0.00195125,-0.57044,-1.0,-0.944034,-0.122112,0.416488,1867.6,53.2,73.7,534.7,100.0,1.0
17290,108,163,8.101086,0.539495,-0.223492,0.003062,0.0,0.0021441,0.117768,-0.618135,0.798328,1.0,0.478587,5264.9,63.1,61.2,383.7,100.0,1.0
17456,109,166,-1.943154,0.716982,-0.328343,0.004912,0.0,0.00200531,-0.444938,-1.0,-0.91756,0.208142,0.380159,2312.2,47.8,75.4,483.2,100.0,1.0
17618,110,162,-3.906257,0.292388,0.609497,0.017989,0.042467,0.0021796,-0.679255,-1.0,-1.0,-0.353876,0.52699,1806.7,69.9,62.7,559.5,100.0,1.0
17774,111,156,3.070037,0.522377,-0.222526,0.015428,0.0,0.00209236,-0.149074,-1.0,-0.339484,0.886453,0.376924,3708.0,49.1,54.9,451.9,100.0,1.0
17936,112,162,0.834056,1.0,-0.333707,0.0,0.0,0.00234511,-0.3318,-1.0,-0.578126,0.439202,0.388541,2814.9,48.9,77.1,343.9,100.0,1.0
18091,113,155,6.506387,0.440846,-0.164936,0.007788,0.0,0.00203832,0.058821,-0.858894,0.944114,1.0,0.424889,4347.6,54.0,78.0,464.9,100.0,1.0
18249,114,158,-2.477767,0.433815,-0.429867,0.002725,0.0,0.00184424,-0.434123,-1.0,-0.341683,0.109768,0.44187,2555.4,57.6,64.9,656.5,100.0,1.0
18410,115,161,-0.294412,0.2,-0.508999,0.002545,0.0,0.00258302,-0.43375,-1.0,-0.166603,0.094063,0.500059,2882.1,65.9,65.1,434.8,100.0,1.0
18568,116,158,-4.946009,0.2,-0.458688,0.001121,0.0,0.00184216,-0.633736,-1.0,-0.967745,-0.264835,0.471345,1866.7,63.5,45.0,810.6,100.0,1.0
18733,117,165,6.214636,0.492807,-0.177786,0.01368,0.0,0.00188306,0.047653,-0.647549,0.822609,0.847457,0.522879,5152.8,69.7,58.0,590.9,100.0,1.0
18897,118,164,-4.33375,0.602853,0.715951,0.016251,0.0,0.00200958,-0.695162,-1.0,-1.0,-0.462752,0.415995,1173.3,54.6,56.4,455.8,100.0,1.0
19055,119,158,-3.060855,0.987272,0.638276,0.0,0.0,0.00256099,-0.782196,-1.0,-1.0,-0.648739,0.52569,993.6,70.7,51.1,405.0,100.0,1.0
19211,120,156,2.334519,0.340874,-0.214218,0.0,0.0,0.00194033,-0.167479,-0.882793,-0.250314,0.738533,0.459786,4256.6,61.2,52.2,561.9,100.0,1.0
19373,121,162,4.837123,0.386269,-0.15404,0.003179,7e-06,0.00186823,-0.023215,-0.603151,0.156996,0.806022,0.549598,5322.0,73.7,56.5,735.5,100.0,1.0
19533,122,160,-0.791496,0.627203,-0.344231,0.0,0.0,0.00175901,-0.32671,-1.0,-0.106498,0.354209,0.450168,3194.1,59.0,62.4,506.5,100.0,1.0
19687,123,154,-1.44091,0.345761,0.722072,0.003174,5e-05,0.0024901,-0.466868,-1.0,-0.413502,0.036982,0.442308,2386.6,57.5,65.9,275.5,100.0,1.0
19846,124,159,-0.836463,1.0,-0.499299,0.003824,0.0,0.00217489,-0.393941,-1.0,-0.198669,0.184737,0.443663,2821.5,59.5,44.8,364.9,100.0,1.0
20008,125,162,-3.718714,1.0,-0.370113,0.020415,0.0,0.00194634,-0.529728,-1.0,-0.611409,-0.089286,0.436686,2017.6,55.4,81.6,685.4,100.0,1.0
20165,126,157,-4.211346,0.2,-0.370973,0.011722,0.0,0.00195169,-0.549193,-1.0,-0.89734,-0.019028,0.513998,2673.4,68.1,61.8,470.7,100.0,1.0
20321,127,156,7.8036,0.334081,-0.108601,0.000337,0.000149,0.00202144,0.134006,-0.534467,0.598475,1.0,0.443889,5583.7,58.3,59.3,585.5,100.0,1.0
20481,128,160,-2.49354,0.534148,0.67499,0.001502,0.0,0.00271999,-0.589645,-1.0,-0.715643,-0.207751,0.476839,1962.6,61.9,72.2,309.3,100.0,1.0
20642,129,161,2.68689,0.2,-0.314768,0.012725,0.04991,0.00184435,-0.141808,-0.911638,0.553187,0.623208,0.48088,4146.7,63.9,56.4,580.8,100.0,1.0
20805,130,163,-5.072029,0.495323,0.649654,0.006509,0.0,0.00175888,-0.748144,-1.0,-1.0,-0.552158,0.524442,1247.4,69.6,61.7,835.9,100.0,1.0
20969,131,164,-1.801574,1.0,-0.346031,0.002649,0.0,0.00197601,-0.427759,-1.0,-0.319817,0.167662,0.522297,3184.5,68.2,75.1,466.2,100.0,1.0
21137,132,168,-4.20322,0.298636,-0.379917,0.004651,0.0,0.00147803,-0.490154,-1.0,-0.408862,0.030778,0.550197,2959.1,71.8,79.7,560.4,100.0,1.0
21298,133,161,-2.635175,0.2,0.682047,0.032235,0.0,0.00252009,-0.558773,-1.0,-0.437031,-0.151246,0.560669,2573.2,75.8,50.2,354.5,100.0,1.0
21462,134,164,-3.942537,0.610554,-0.352186,0.000308,0.0,0.00183605,-0.52867,-1.0,-0.638711,-0.00463,0.565894,3016.2,75.8,59.3,632.1,100.0,1.0
21619,135,157,-4.609505,0.490145,0.765872,0.001743,0.0,0.00187706,-0.560835,-1.0,-0.422937,-0.178687,0.530004,2317.0,70.5,60.5,558.2,100.0,1.0
21772,136,153,-4.844118,0.481539,0.659057,0.00165,6.8e-05,0.00196349,-0.639988,-1.0,-1.0,-0.286315,0.44889,1697.4,59.5,54.4,602.0,100.0,1.0
21931,137,159,-2.04177,0.2,-0.331937,0.004703,0.064439,0.00168082,-0.384971,-1.0,-0.434859,0.273875,0.436707,2901.0,56.9,63.6,1253.6,100.0,1.0
22091,138,160,3.324775,0.433523,-0.248066,0.014399,0.0,0.0021161,-0.146694,-0.916356,0.211562,0.701099,0.462553,4128.7,60.7,63.0,478.9,100.0,1.0
22252,139,161,-1.116331,0.2,-0.351614,0.001938,0.0,0.00176527,-0.348254,-1.0,0.270322,0.243296,0.5522,3650.4,73.4,64.0,578.5,100.0,1.0
22409,140,157,-3.254618,0.2,-0.423341,0.0,0.0,0.00175693,-0.46293,-1.0,-0.642201,0.119828,0.453247,2758.9,61.6,36.8,569.8,100.0,1.0
22571,141,162,-1.632143,0.2,-0.339767,0.006243,0.645856,0.00205016,-0.426289,-1.0,-0.351887,0.165101,0.494431,3136.7,67.3,38.8,608.1,100.0,1.0
22731,142,160,-2.719422,-0.089911,-0.456916,0.003154,0.0,0.0019115,-0.462176,-1.0,-0.691556,0.115992,0.418087,2485.1,55.7,47.3,502.2,100.0,1.0
22886,143,155,-1.336203,0.2,0.6,0.001595,0.35,0.00322599,-0.710885,-1.0,-0.941634,-0.509691,0.441648,1167.1,59.5,41.8,318.0,100.0,1.0
23045,144,159,-2.906612,0.2,0.685793,0.016941,0.016089,0.00259901,-0.614891,-1.0,-0.646096,-0.303756,0.469835,1710.0,61.4,66.7,332.1,100.0,1.0
23203,145,158,-0.999804,0.236928,-0.320039,0.00391,1.9e-05,0.00164446,-0.317582,-1.0,-0.436138,0.484262,0.467297,3734.8,62.9,44.9,790.4,100.0,1.0
23361,146,158,-0.820853,0.2,-0.300128,0.003274,0.13395,0.0017111,-0.317682,-0.95171,-0.230587,0.408211,0.521995,3994.0,70.9,42.8,703.1,100.0,1.0
23519,147,158,-0.778899,0.507599,-0.316122,0.0,0.0,0.00201664,-0.363675,-1.0,-0.370406,0.331309,0.462964,3153.3,59.2,80.8,405.6,100.0,1.0
23677,148,158,-3.090035,0.710514,-0.326072,0.001919,0.000118,0.00181634,-0.465861,-1.0,-0.50816,0.107554,0.513441,3051.5,68.9,52.1,745.6,100.0,1.0
23839,149,162,-3.888937,1.0,0.717851,0.0,0.0,0.00220039,-0.581963,-1.0,-0.531635,-0.17654,0.585054,2607.1,79.2,51.7,398.2,100.0,1.0
23997,150,158,-4.432947,0.617532,0.741489,0.0,5e-06,0.00185222,-0.549482,-1.0,-0.557861,-0.132646,0.486348,2216.0,63.9,65.4,523.8,100.0,1.0
24157,151,160,-0.420445,1.0,-0.383696,0.0,0.0,0.00202224,-0.347697,-1.0,-0.203701,0.342326,0.485704,3553.5,66.2,37.4,399.0,100.0,1.0
24323,152,166,-0.721388,0.364396,-0.234128,0.010135,0.00285,0.00180069,-0.340479,-1.0,-0.441291,0.428389,0.481429,3700.8,64.8,46.7,982.0,100.0,1.0
24484,153,161,0.058355,0.667858,-0.343916,0.001356,0.0,0.00244837,-0.391151,-1.0,-0.632228,0.340767,0.485982,3510.5,65.5,46.3,402.1,100.0,1.0
24645,154,161,-3.397722,0.480367,0.668608,0.0102,0.0,0.00216653,-0.545627,-1.0,-0.598582,-0.137674,0.437914,1990.4,57.7,56.7,320.8,100.0,1.0
24805,155,160,-3.339451,0.542452,-0.3169,0.009517,1.1e-05,0.00187841,-0.493803,-1.0,-0.938427,0.092823,0.412243,2325.7,53.2,66.4,603.3,100.0,1.0
24973,156,168,-2.371726,0.536894,-0.215794,0.001199,0.0,0.00147319,-0.384319,-1.0,-0.496172,0.299628,0.447859,3060.4,58.9,59.6,850.6,100.0,1.0
25130,157,157,-1.841507,0.87494,0.6,0.000587,0.0,0.00303024,-0.796993,-1.0,-1.0,-0.72574,0.464919,679.1,61.9,52.7,224.4,100.0,1.0
25292,158,162,4.537372,0.735684,-0.177182,0.015652,1.3e-05,0.00219649,-0.092389,-0.781866,0.309633,0.716592,0.502533,4641.1,67.6,49.0,547.2,100.0,1.0
25457,159,165,-4.317155,0.43979,0.692708,2.4e-05,0.0,0.00176105,-0.541089,-1.0,-0.660794,-0.114362,0.424913,1900.0,53.6,82.5,479.5,100.0,1.0
25621,160,164,2.920132,1.0,-0.343443,0.001692,0.0,0.00201919,-0.161669,-0.905063,0.175767,0.661281,0.469607,4171.7,62.8,50.3,597.0,100.0,1.0
25782,161,161,-1.459284,0.268404,-0.390719,0.0,0.000249,0.00206557,-0.41729,-1.0,-0.411617,0.158992,0.408877,2455.3,53.0,63.6,445.0,100.0,1.0
25940,162,158,-2.793367,0.2,-0.321322,0.001599,0.056719,0.00163695,-0.420262,-1.0,-0.405255,0.184185,0.471007,3024.3,63.8,40.1,719.4,100.0,1.0
26094,163,154,-4.015479,0.835928,0.661946,9.5e-05,2.1e-05,0.00227691,-0.708145,-1.0,-1.0,-0.469259,0.469523,1319.2,62.1,57.6,333.2,100.0,1.0
26256,164,162,-2.84385,0.2,-0.336735,0.013952,0.353738,0.001581,-0.420657,-1.0,-0.306361,0.210071,0.567727,3774.5,78.0,36.4,776.2,100.0,1.0
26408,165,152,-3.108927,0.497558,0.712915,0.002149,2.7e-05,0.00184604,-0.460611,-1.0,-1.0,0.150537,0.316495,1712.3,37.2,93.4,456.7,100.0,1.0
26564,166,156,-0.236828,0.20155,-0.154729,0.0,0.022195,0.00152808,-0.251774,-0.889422,-0.251173,0.529816,0.503972,4231.3,69.1,33.2,749.8,100.0,1.0
26719,167,155,8.667603,0.248216,-0.130917,0.0,0.022483,0.00238226,0.131827,-0.634476,0.890008,1.0,0.425536,5202.6,52.3,99.0,363.2,100.0,1.0
26885,168,166,-5.095012,0.792701,-0.417768,0.009565,0.0,0.00171961,-0.597728,-1.0,-0.770826,-0.212098,0.482058,1991.1,63.2,66.4,721.9,100.0,1.0
27046,169,161,-4.452644,0.466468,0.663929,0.0,0.0,0.00192625,-0.567804,-1.0,-0.505226,-0.184688,0.513205,2295.3,70.4,34.2,871.3,100.0,1.0
27210,170,164,-0.814428,0.584477,-0.255649,0.019579,0.0,0.00133318,-0.265479,-1.0,0.106063,0.484808,0.478841,3701.2,62.3,71.0,965.4,100.0,1.0
27376,171,166,-1.643427,0.233541,-0.401664,0.028138,0.029406,0.0019257,-0.414731,-1.0,-0.472446,0.237248,0.502617,3312.5,66.9,56.8,538.9,100.0,1.0
27542,172,166,1.898568,0.579183,-0.303132,0.017887,1.1e-05,0.00179695,-0.188454,-0.748234,-0.067055,0.550802,0.563235,4769.2,76.9,41.8,576.4,100.0,1.0
27700,173,158,6.850876,0.640363,-0.274309,0.008503,0.0,0.00188891,0.096859,-0.770455,1.0,1.0,0.41741,4684.6,52.9,79.1,523.5,100.0,1.0
27862,174,162,7.281592,0.2,-0.250014,0.002765,0.065615,0.00195757,0.102639,-0.673503,0.805251,1.0,0.460798,5054.0,61.6,48.8,822.4,100.0,1.0
28020,175,158,-1.65598,0.256694,-0.340947,0.0,3e-06,0.0018055,-0.380509,-1.0,-0.46609,0.306847,0.456481,3250.0,62.2,35.4,547.4,100.0,1.0
28174,176,154,-1.767208,1.0,-0.220524,0.016953,0.0,0.00196345,-0.403984,-1.0,-0.646574,0.293035,0.459442,3091.2,59.8,68.5,609.5,100.0,1.0
28334,177,160,3.551101,0.762806,-0.229931,0.0,0.0,0.00191962,-0.10277,-0.93505,-0.129903,0.917227,0.417707,4057.5,52.9,78.9,600.4,100.0,1.0
28494,178,160,-0.618716,0.706032,0.688428,0.002523,0.0,0.00241872,-0.422915,-1.0,0.239665,-0.02341,0.443439,2275.0,58.2,59.6,512.9,100.0,1.0
28653,179,159,10.539105,1.0,-0.184933,0.019689,0.0,0.00246663,0.214364,-0.394607,0.938056,1.0,0.456644,6116.5,60.3,57.1,389.1,100.0,1.0
28812,180,159,4.774417,0.394328,-0.155503,0.017649,3.4e-05,0.00210252,-0.059435,-0.814075,0.49565,0.781019,0.487151,4518.4,63.4,72.0,750.6,100.0,1.0
28971,181,159,-5.114961,0.2,0.669012,0.0,0.063321,0.00173872,-0.570874,-1.0,-0.524878,-0.161596,0.559138,2562.0,76.4,40.6,799.8,100.0,1.0
29124,182,153,-3.804758,0.730123,0.702876,0.0,1.1e-05,0.00235506,-0.611546,-1.0,-0.915938,-0.19526,0.508057,2268.6,70.5,24.6,343.3,100.0,1.0
29283,183,159,4.284442,1.0,-0.151915,0.009381,0.0,0.00215611,-0.096129,-0.882425,0.028583,0.846247,0.431626,4258.0,57.7,46.7,331.0,100.0,1.0
29441,184,158,-4.785128,0.522735,0.611144,0.009501,3e-06,0.00191767,-0.647719,-1.0,-1.0,-0.317836,0.43238,1577.9,57.8,46.0,456.1,100.0,1.0
29598,185,157,-1.185664,0.2,-0.307034,0.004563,0.02684,0.00164265,-0.325881,-1.0,-0.049609,0.367852,0.498342,3700.1,67.6,41.6,780.2,100.0,1.0
29757,186,159,-1.395029,0.51459,-0.304776,0.0,1.6e-05,0.00156881,-0.329379,-0.976443,-0.230203,0.393699,0.511993,3899.8,70.0,37.2,678.9,100.0,1.0
29916,187,159,-4.072218,0.413654,-0.306768,0.0,0.0,0.00124321,-0.431489,-1.0,-0.438851,0.180714,0.504269,3240.6,68.6,39.9,1108.7,100.0,1.0
30071,188,155,-0.774524,0.2,-0.2278,0.014105,0.0,0.00168464,-0.305341,-1.0,-0.309705,0.457522,0.422513,3118.4,53.5,80.2,657.6,100.0,1.0
30226,189,155,4.989011,0.2,-0.057613,0.0,0.033945,0.00196961,-0.019161,-0.720492,0.115018,0.90833,0.482032,4874.9,63.9,58.3,493.1,100.0,1.0
30387,190,161,-1.366677,0.2,-0.478162,0.0,0.097625,0.00224461,-0.440073,-1.0,-0.444397,0.126991,0.450402,2717.9,60.3,47.3,492.0,100.0,1.0
30542,191,155,-3.123589,0.152027,-0.380051,0.013793,0.0,0.00187451,-0.469551,-1.0,-0.70445,0.126579,0.467043,2792.9,62.0,55.3,543.2,100.0,1.0
30706,192,164,-3.429098,0.203721,0.680902,0.001956,0.0,0.00223387,-0.563389,-1.0,-0.770799,-0.144503,0.428665,1945.3,56.8,51.2,499.3,100.0,1.0
30866,193,160,7.052868,0.41902,-0.099421,0.018617,0.0,0.00173443,0.126827,-0.56278,0.646765,1.0,0.454383,5475.8,59.5,62.6,541.7,100.0,1.0
31028,194,162,-1.948644,1.0,0.68024,0.0,0.0,0.00235744,-0.493671,-1.0,-0.464421,-0.017608,0.45533,2404.7,61.2,44.9,381.1,100.0,1.0
31186,195,158,0.639771,0.2,-0.386358,0.0,1.7e-05,0.002449,-0.350653,-1.0,0.234676,0.229996,0.523095,3573.5,72.6,24.5,485.4,100.0,1.0
31344,196,158,0.53825,1.0,-0.414421,0.0,0.0,0.00233993,-0.338912,-1.0,-0.303304,0.343322,0.393719,2824.4,52.6,43.0,216.2,100.0,1.0
31509,197,165,-3.909575,0.392215,0.667877,0.005868,2.2e-05,0.00211933,-0.574166,-1.0,-0.13848,-0.320481,0.490749,1791.7,65.9,48.9,587.9,100.0,1.0
31665,198,156,-0.041235,-0.894102,-0.311696,0.011519,0.006539,0.00194905,-0.306273,-1.0,0.556609,0.268123,0.528885,3674.4,72.4,36.4,418.8,100.0,1.0
31828,199,163,-4.22191,0.552392,0.736277,0.002954,0.0,0.00185688,-0.544554,-1.0,-0.778908,-0.106086,0.397664,1750.6,49.0,91.6,433.1,100.0,1.0
31987,200,159,2.235048,0.642239,-0.259761,0.0,0.0,0.00215271,-0.214273,-0.815694,0.087627,0.491959,0.54864,4512.2,75.6,32.3,474.6,100.0,1.0
32148,201,161,1.697138,0.462712,-0.160358,0.013332,2.3e-05,0.0014645,-0.138415,-0.979197,0.146624,0.781246,0.418974,3889.3,54.6,61.5,840.9,100.0,1.0
32308,202,160,-4.901506,1.0,-0.451105,0.007976,0.0,0.00183781,-0.578959,-1.0,-1.0,-0.130187,0.41697,1913.0,55.0,53.5,433.3,100.0,1.0
32463,203,155,-4.071548,1.0,0.685137,0.014886,0.0,0.00221737,-0.738461,-1.0,-1.0,-0.530967,0.513114,1326.7,70.7,30.2,432.1,100.0,1.0
32522,204,59,-8.115423,0.355801,0.613208,0.000701,0.0,0.00187066,-0.838383,-1.0,-1.0,-1.0,0.191914,0.0,26.5,10.7,231.1,100.0,1.0
32685,205,163,2.1243,0.295656,-0.245496,0.000111,0.0,0.00158133,-0.135605,-0.977727,0.474658,0.700815,0.430757,3894.9,57.2,50.0,738.2,100.0,1.0
32846,206,161,5.458763,0.729714,-0.088665,0.001703,0.0,0.00196449,-0.003226,-0.778415,0.346216,0.92466,0.445166,4654.2,60.5,36.6,447.8,100.0,1.0
33010,207,164,2.476424,0.2,-0.206093,0.0,0.007181,0.00206058,-0.19598,-0.891932,0.054833,0.597943,0.492835,4221.7,66.0,50.8,624.3,100.0,1.0
33168,208,158,-3.071267,0.981521,0.66752,0.001839,0.0,0.00254002,-0.622379,-1.0,-0.660898,-0.2758,0.548796,2193.2,75.7,31.4,605.5,100.0,1.0
33328,209,160,-1.310255,0.439062,-0.316631,0.0,2.8e-05,0.00159546,-0.330173,-1.0,0.087292,0.32869,0.519718,3756.8,70.7,41.5,799.9,100.0,1.0
33485,210,157,-1.709788,0.2,-0.306897,0.006285,0.03866,0.00184005,-0.386716,-1.0,-0.534907,0.265743,0.381175,2422.4,47.8,77.1,676.1,100.0,1.0
33643,211,158,2.571339,0.773064,-0.295626,0.0,0.0,0.00187414,-0.148841,-1.0,-0.499383,0.89959,0.318796,2901.2,38.2,85.9,478.2,100.0,1.0
33804,212,161,-0.782851,0.2,-0.29052,0.003486,0.058406,0.00188873,-0.348684,-0.924183,0.155023,0.232664,0.610772,4098.9,83.1,48.1,576.2,100.0,1.0
33966,213,162,-0.197287,0.2,-0.202218,0.000628,0.020797,0.00169303,-0.28533,-0.954329,-0.538964,0.569746,0.484149,3984.0,63.4,66.7,705.0,100.0,1.0
34127,214,161,-3.41216,0.625725,0.642782,0.0,0.0,0.0023561,-0.727613,-1.0,-0.867324,-0.482079,0.610767,1752.8,84.6,30.9,492.3,100.0,1.0
34292,215,165,7.223909,0.171731,-0.028136,0.000712,0.0,0.0020564,0.073389,-0.521844,0.557802,0.883283,0.544476,5631.8,74.8,35.3,415.0,100.0,1.0
34455,216,163,0.604847,0.270693,-0.178973,0.002321,2e-05,0.00153849,-0.216053,-1.0,0.784,0.435935,0.485151,3650.6,63.6,67.1,988.1,100.0,1.0
34615,217,160,-2.914203,0.906263,0.647955,0.0,0.0,0.00255349,-0.640934,-1.0,-0.51059,-0.399276,0.50064,1654.3,68.8,31.2,321.5,100.0,1.0
34774,218,159,-1.536003,0.230007,-0.400657,0.025094,0.016136,0.00173154,-0.362983,-1.0,-0.278802,0.305694,0.460478,3248.3,62.2,41.9,646.3,100.0,1.0
34937,219,163,1.886805,0.813404,-0.220056,0.027123,0.0,0.00217685,-0.247047,-0.797683,0.445793,0.321192,0.624272,4580.8,86.7,29.2,414.9,100.0,1.0
35101,220,164,-1.998602,0.900577,-0.24821,0.0,0.0,0.00190882,-0.426984,-1.0,-0.546812,0.208788,0.476891,3105.3,64.2,45.5,584.2,100.0,1.0
35255,221,154,-3.340277,0.450156,0.687793,0.00828,0.0,0.00218678,-0.52745,-1.0,-0.552094,-0.111831,0.415497,1951.6,54.9,51.6,461.6,100.0,1.0
35421,222,166,4.0049,0.2,-0.217751,0.0,0.136117,0.00241225,-0.172242,-0.948861,0.622015,0.552185,0.478032,4004.8,64.5,44.2,680.7,100.0,1.0
35587,223,166,-0.917383,0.2,-0.245784,0.003273,1e-06,0.00175321,-0.34325,-0.974017,0.198262,0.261844,0.56908,3909.0,77.4,44.9,892.6,100.0,1.0
35751,224,164,-1.950247,0.488532,-0.246528,0.009918,0.0,0.00124579,-0.315429,-1.0,-0.33128,0.459189,0.465088,3679.5,63.0,39.7,838.7,100.0,1.0
35912,225,161,-1.85838,0.2,-0.345498,0.014524,0.053945,0.00178745,-0.393655,-1.0,-0.476053,0.265173,0.444302,2907.3,57.4,70.3,582.0,100.0,1.0
36077,226,165,1.855263,0.2,-0.18587,0.004812,0.136937,0.00170382,-0.175256,-0.837049,0.193186,0.576077,0.51617,4430.8,70.3,40.3,829.9,100.0,1.0
36235,227,158,-0.99732,0.2,-0.379566,0.0,0.0,0.00236586,-0.430813,-1.0,-0.59675,0.163225,0.391335,2310.6,49.7,72.9,475.5,100.0,1.0
36392,228,157,-1.426338,0.373275,-0.307173,0.011378,9e-06,0.00190651,-0.380453,-1.0,-0.666121,0.355337,0.441046,3120.4,57.6,63.6,571.0,100.0,1.0
36551,229,159,-2.799176,1.0,-0.281098,0.004917,0.0,0.00198163,-0.47446,-1.0,-0.609468,0.135339,0.554407,3401.7,74.9,50.1,687.4,100.0,1.0
36707,230,156,2.095045,0.878339,-0.335379,0.014409,0.0,0.00205325,-0.20098,-0.919944,0.059524,0.598707,0.4725,4115.0,64.3,36.8,498.4,100.0,1.0
36870,231,163,-2.01892,0.498323,-0.341107,0.005268,5.8e-05,0.00183284,-0.413571,-1.0,-0.579146,0.277774,0.514384,3571.1,69.9,42.2,570.0,100.0,1.0
37032,232,162,1.936763,0.2,-0.270907,0.003288,0.0,0.00204091,-0.220433,-1.0,-0.065507,0.624272,0.411889,3601.3,55.4,39.8,455.7,100.0,1.0
37187,233,155,-3.645781,0.2,0.707028,0.005585,0.343997,0.00233964,-0.657834,-1.0,-0.830735,-0.356432,0.500045,1753.8,68.1,38.6,411.6,100.0,1.0
37352,234,165,-1.33734,0.780272,-0.360696,0.000677,0.0,0.00200849,-0.407457,-1.0,-0.558816,0.25019,0.44571,3009.4,60.2,40.8,621.2,100.0,1.0
37512,235,160,3.011826,0.362684,-0.344376,0.016713,0.0,0.00210994,-0.166312,-1.0,-0.088834,0.777796,0.398286,3717.4,52.3,53.9,506.8,100.0,1.0
37671,236,159,-1.824255,0.2,-0.356154,0.014945,0.013695,0.00167798,-0.370385,-1.0,-0.212595,0.242182,0.419446,2802.9,56.4,41.0,782.2,100.0,1.0
37829,237,158,-5.137715,0.221832,-0.389273,0.006582,0.007615,0.00174848,-0.57794,-1.0,-0.761654,-0.19172,0.423365,1800.4,55.7,55.9,811.4,100.0,1.0
37985,238,156,-4.074924,0.2,-0.409376,0.011265,2.4e-05,0.00168066,-0.493809,-1.0,-0.963716,0.084565,0.385177,2174.5,50.1,57.2,519.0,100.0,1.0
38148,239,163,0.377525,0.57481,-0.169991,0.0,0.0,0.00147714,-0.219105,-1.0,-0.171899,0.662528,0.419001,3670.7,55.2,54.4,733.3,100.0,1.0
38311,240,163,1.793683,0.881608,-0.237502,0.001084,0.0,0.00214728,-0.248137,-0.844134,-0.507016,0.575611,0.51726,4403.8,69.9,46.9,435.0,100.0,1.0
38475,241,164,1.160487,1.0,-0.31893,0.0,0.0,0.00176195,-0.222942,-0.99748,0.216725,0.562109,0.461176,3819.6,61.1,55.5,612.9,100.0,1.0
38639,242,164,2.413267,0.301812,-0.178427,0.000319,0.000153,0.00126344,-0.070314,-1.0,0.000333,1.0,0.351734,3535.9,43.8,74.8,807.8,100.0,1.0
38804,243,165,-2.27074,1.0,-0.394143,0.0,0.0,0.00214214,-0.482078,-1.0,-0.590785,0.045526,0.444669,2442.5,58.4,59.7,367.4,100.0,1.0
38966,244,162,7.687806,0.355433,-0.009672,0.025426,0.000106,0.00213816,0.088753,-0.640535,0.489187,1.0,0.429894,5179.6,57.0,51.6,526.0,100.0,1.0
39122,245,156,7.09202,1.0,-0.122098,0.008223,0.0,0.00236937,0.031618,-0.748355,0.318335,1.0,0.441454,4768.8,59.3,44.1,385.2,100.0,1.0
39284,246,162,-3.917946,1.0,-0.451815,0.000511,0.0,0.00213903,-0.586002,-1.0,-0.942438,-0.116739,0.5045,2364.9,66.9,59.9,432.3,100.0,1.0
39444,247,160,-3.605196,0.457144,-0.307201,0.003076,0.0,0.00170849,-0.477224,-1.0,-0.790749,0.127914,0.464597,2830.8,62.7,42.3,692.1,100.0,1.0
39609,248,165,-4.060838,0.519411,0.687304,0.004928,7e-06,0.00205452,-0.644235,-1.0,-0.930873,-0.32425,0.438299,1594.6,59.0,42.2,508.8,100.0,1.0
39771,249,162,-2.108664,0.889031,0.666556,0.0,0.0,0.00278425,-0.672404,-1.0,-0.949809,-0.381263,0.469903,1560.3,63.0,47.6,312.4,100.0,1.0
39932,250,161,2.797306,0.2,-0.279524,0.000925,0.095984,0.00178798,-0.129131,-0.943525,-0.058545,0.82693,0.412342,4025.2,55.1,44.6,527.4,100.0,1.0
40091,251,159,-3.829467,0.562109,-0.452339,0.0,0.0,0.0020873,-0.549225,-1.0,-1.0,-0.074406,0.365913,1696.9,45.8,75.1,275.4,100.0,1.0
40243,252,152,0.683487,0.352227,-0.368521,0.003012,0.0,0.00213607,-0.285986,-1.0,0.523405,0.282462,0.43594,2973.8,58.0,50.3,615.4,100.0,1.0
40406,253,163,4.347771,0.2,-0.166572,0.001449,0.041581,0.00202465,-0.083533,-0.742844,0.135363,0.755393,0.50731,4789.8,68.2,49.7,566.5,100.0,1.0
40560,254,154,0.528991,0.2,-0.57045,0.006012,0.137629,0.00187956,-0.259352,-1.0,0.363758,0.370071,0.376265,2626.3,47.9,68.0,450.7,100.0,1.0
40716,255,156,1.239986,0.46997,-0.194479,0.002164,4e-06,0.00169905,-0.194712,-0.885734,0.102265,0.586032,0.500212,4245.4,66.9,53.0,651.9,100.0,1.0
40882,256,166,-2.812686,1.0,0.701085,0.011563,0.0,0.00219959,-0.524365,-1.0,-0.410557,-0.080111,0.526355,2585.2,70.3,57.6,370.5,100.0,1.0
41043,257,161,0.219695,0.353425,0.686455,0.008445,0.0,0.00210475,-0.326424,-1.0,0.493167,0.142235,0.377615,2301.6,50.4,41.7,459.8,100.0,1.0
41197,258,154,-0.958666,1.0,-0.469951,0.0,0.0,0.00222801,-0.39734,-1.0,-0.299265,0.207167,0.449607,2995.8,62.0,25.5,272.5,100.0,1.0
41354,259,157,1.673965,0.387016,-0.321109,0.037291,0.0,0.00192344,-0.207238,-1.0,-0.077296,0.629607,0.349354,2957.3,45.4,53.0,404.1,100.0,1.0
41515,260,161,5.100469,0.560239,-0.17242,0.006335,0.0,0.00213332,-0.055396,-0.871943,0.092458,0.92688,0.419348,4297.9,55.8,48.4,426.1,100.0,1.0
41672,261,157,2.652015,0.2,-0.224468,0.011985,0.051153,0.00176527,-0.127351,-0.954465,0.1482,0.785977,0.416002,3983.5,55.8,42.8,844.2,100.0,1.0
41836,262,164,6.678346,0.416097,-0.180981,0.012269,1e-06,0.00228295,0.002282,-0.878842,0.311081,1.0,0.356155,4271.6,45.9,58.5,394.8,100.0,1.0
41992,263,156,-0.87203,1.0,0.72576,0.003113,0.0,0.00256625,-0.449837,-1.0,-0.321298,0.024315,0.381087,2030.5,49.6,57.0,290.4,100.0,1.0
42158,264,166,1.055573,0.2,-0.111103,0.002241,3.8e-05,0.00172061,-0.225864,-0.924896,-0.305739,0.637549,0.473596,4096.1,62.5,59.8,644.3,100.0,1.0
42318,265,160,-3.390773,0.432167,-0.405958,0.0,0.0,0.00184061,-0.485785,-1.0,-0.752808,0.081972,0.445973,2582.8,59.7,47.1,631.6,100.0,1.0
42482,266,164,3.845985,0.2,-0.183141,0.0,0.080749,0.00158978,-0.043758,-0.915579,0.045168,1.0,0.389111,4131.6,50.7,57.4,789.8,100.0,1.0
42639,267,157,0.063202,0.856978,-0.358579,0.005257,0.0,0.00183299,-0.284068,-1.0,-0.490603,0.533576,0.358796,2803.0,45.7,64.9,542.5,100.0,1.0
42802,268,163,5.746925,0.2,-0.299057,0.0,0.042319,0.00205712,-0.011722,-0.616209,0.317571,0.799172,0.537583,5272.2,73.3,41.3,540.1,100.0,1.0
42963,269,161,5.171234,0.880138,-0.110453,0.009078,0.0,0.00236304,-0.08934,-0.97593,-0.267672,1.0,0.354987,3901.7,45.7,58.3,472.1,100.0,1.0
43118,270,155,-2.356234,0.2,0.741765,0.000992,0.0,0.00240211,-0.505223,-1.0,-0.420478,-0.036988,0.501144,2596.9,67.4,48.7,582.4,100.0,1.0
43279,271,161,-4.849806,0.2,0.660564,0.004473,0.02991,0.0018136,-0.67191,-1.0,-1.0,-0.36324,0.473883,1652.5,64.9,32.9,653.2,100.0,1.0
43440,272,161,2.233958,0.531464,-0.311984,0.0,0.0,0.00275323,-0.318067,-1.0,-0.652949,0.489189,0.369942,2775.3,46.6,73.0,432.2,100.0,1.0
43599,273,159,-3.837076,0.296694,0.638622,0.0,0.0,0.00220427,-0.708943,-1.0,-1.0,-0.502341,0.415618,1110.8,55.8,41.7,539.8,100.0,1.0
43760,274,161,-4.391215,1.0,-0.478344,0.002362,0.0,0.0019854,-0.577808,-1.0,-0.300768,-0.280876,0.497122,1931.7,67.2,45.0,606.1,100.0,1.0
43921,275,161,-1.018031,0.834715,-0.324856,0.018717,0.0,0.00158418,-0.312419,-1.0,-0.370242,0.423842,0.368696,2635.6,46.3,74.6,626.5,100.0,1.0
44079,276,158,-2.469609,1.0,-0.471155,0.000212,0.0,0.0019847,-0.453063,-1.0,-0.537425,0.106087,0.432255,2588.6,58.5,37.8,330.2,100.0,1.0
44235,277,156,-0.838292,0.824124,-0.348718,0.000888,0.0,0.00215939,-0.384175,-1.0,-0.701641,0.318454,0.37735,2545.9,48.3,65.7,305.1,100.0,1.0
44402,278,167,5.961709,0.2,-0.117161,0.005939,0.000127,0.00154174,0.07902,-0.673064,0.528422,1.0,0.441249,5055.6,60.2,32.9,688.4,100.0,1.0
44566,279,164,4.777,0.760221,-0.194627,0.014022,0.0,0.00232385,-0.11174,-0.910564,0.076064,0.822965,0.443433,4150.8,56.9,75.0,348.3,100.0,1.0
44725,280,159,-3.176637,0.2,-0.296679,0.001023,0.282576,0.0014117,-0.403601,-1.0,-0.544559,0.248674,0.430905,2954.8,59.2,28.0,1027.2,100.0,1.0
44881,281,156,0.192107,0.431961,-0.429158,0.0,0.0,0.00187117,-0.28096,-1.0,0.596248,0.277272,0.438149,2965.8,58.1,53.0,481.7,100.0,1.0
45033,282,152,6.913528,0.481659,-0.226995,0.0,0.0,0.00208176,0.073241,-0.769209,0.642495,1.0,0.358925,4689.3,46.7,53.1,559.7,100.0,1.0
45193,283,160,-3.882554,0.604716,0.618253,0.0,1e-06,0.00217495,-0.632644,-1.0,-1.0,-0.283893,0.416406,1614.2,56.4,36.5,456.8,100.0,1.0
45360,284,167,-2.459735,0.417703,0.691126,0.007187,0.0,0.00179516,-0.438392,-1.0,-0.025592,-0.044757,0.350838,1721.8,45.1,59.0,872.6,100.0,1.0
45513,285,153,1.191155,0.518042,-0.419581,0.000463,0.0,0.00228219,-0.282115,-1.0,0.304073,0.333806,0.396771,2876.3,53.9,32.3,450.2,100.0,1.0
45666,286,153,-4.028197,0.943104,-0.506724,0.017598,0.0,0.00194737,-0.525116,-1.0,-0.951276,-0.036854,0.335447,1652.3,42.9,58.7,352.2,100.0,1.0
45830,287,164,3.395728,0.522484,-0.218581,0.0,3e-06,0.0018427,-0.110736,-0.901904,-0.08023,0.852062,0.426341,4183.7,56.5,51.7,574.5,100.0,1.0
45990,288,160,2.868311,0.321903,-0.103633,0.0,0.0,0.00179713,-0.12589,-1.0,-0.002267,0.850735,0.367104,3522.0,47.6,56.8,782.4,100.0,1.0
46150,289,160,7.057913,0.832568,-0.106893,0.002459,0.0,0.00193164,0.088095,-0.608147,0.357035,1.0,0.423786,5303.0,57.1,40.7,564.4,100.0,1.0
46317,290,167,-0.550215,0.268411,-0.36445,0.0,0.0,0.00181069,-0.333221,-1.0,-0.26624,0.36364,0.419356,3094.4,56.7,37.1,781.4,100.0,1.0
46476,291,159,0.737955,0.206633,-0.247851,0.0,0.0,0.00167447,-0.224616,-0.946206,-0.06285,0.589359,0.467172,4015.0,63.2,41.8,653.0,100.0,1.0
46636,292,160,6.59059,0.2,-0.380152,0.0,0.000857,0.00298661,-0.107674,-1.0,-0.448123,1.0,0.314309,3044.2,38.0,80.6,337.9,100.0,1.0
46797,293,161,-4.298994,0.858279,0.670604,0.020572,0.0,0.00202076,-0.704389,-1.0,-1.0,-0.485204,0.422836,1164.1,56.5,45.2,408.7,100.0,1.0
46959,294,162,4.083169,1.0,-0.300988,0.016677,0.0,0.00178277,-0.058685,-1.0,0.042902,1.0,0.314874,3348.0,40.3,54.1,504.6,100.0,1.0
47125,295,166,-2.847531,0.542917,0.783964,0.006819,1e-05,0.00215972,-0.519089,-1.0,-0.757241,-0.052484,0.374974,1853.0,48.9,54.6,393.4,100.0,1.0
47285,296,160,3.598011,1.0,-0.274612,0.000834,0.0,0.00207632,-0.129545,-1.0,0.191865,0.791404,0.378617,3627.5,50.6,40.4,463.8,100.0,1.0
47443,297,158,-2.974841,1.0,0.628338,0.0,0.0,0.00253272,-0.598376,-1.0,-1.0,-0.184494,0.419016,1806.6,55.4,52.2,335.9,100.0,1.0
47608,298,165,-2.115399,0.452802,-0.375912,0.0,0.0,0.00215583,-0.474992,-1.0,-0.694693,0.112864,0.475123,2785.9,62.6,61.7,388.7,100.0,1.0
47759,299,151,-2.238922,0.2,0.679999,0.0,0.0,0.00195861,-0.421847,-1.0,-0.2654,0.087261,0.379239,2139.1,49.2,58.2,653.0,100.0,1.0
47916,300,157,0.045344,0.307615,-0.205699,0.020919,8.1e-05,0.00181304,-0.281966,-1.0,0.23,0.397177,0.469887,3511.4,62.8,50.1,527.9,100.0,1.0
48080,301,164,0.213892,0.418212,-0.213304,0.0,2.3e-05,0.00172848,-0.271283,-1.0,-0.485976,0.606937,0.425566,3722.4,57.9,33.6,654.8,100.0,1.0
48242,302,162,-1.073146,1.0,-0.281873,0.01989,0.0,0.00224672,-0.424401,-1.0,-0.557512,0.226176,0.489056,3257.4,66.4,40.3,427.6,100.0,1.0
48404,303,162,5.685015,1.0,-0.24891,0.0,0.0,0.00180429,0.027423,-0.769933,0.320806,1.0,0.425905,4686.6,57.8,35.4,545.9,100.0,1.0
48560,304,156,0.468278,0.483694,-0.327076,0.018062,0.0,0.00181622,-0.256884,-1.0,-0.202892,0.530766,0.361811,2894.1,47.3,51.6,451.7,100.0,1.0
48720,305,160,-4.096654,0.611803,0.634973,0.019099,0.000116,0.002093,-0.699656,-1.0,-1.0,-0.461474,0.440702,1278.8,59.4,41.9,479.0,100.0,1.0
48874,306,154,-5.185408,0.391372,-0.413401,0.000221,4e-06,0.00152201,-0.525853,-1.0,-1.0,-0.006149,0.368503,1930.5,48.6,47.6,642.5,100.0,1.0
49033,307,159,-0.274358,0.2,-0.406662,0.0,3.4e-05,0.00196834,-0.328337,-1.0,0.230035,0.227897,0.405521,2583.1,52.6,62.3,347.1,100.0,1.0
49194,308,161,-2.504986,0.379097,0.725861,0.008935,1.5e-05,0.0026326,-0.681554,-1.0,-0.84197,-0.422092,0.498121,1538.4,66.6,53.8,327.3,100.0,1.0
49354,309,160,-1.237698,0.227499,-0.35499,0.012439,0.011051,0.00167007,-0.336727,-1.0,-0.686258,0.443923,0.36737,2731.9,47.3,60.5,607.6,100.0,1.0
49508,310,154,-1.347114,0.511379,-0.347608,0.0,0.0,0.00197978,-0.380591,-1.0,-0.731008,0.335375,0.374356,2659.6,49.8,43.0,469.9,100.0,1.0
49672,311,164,2.79882,0.2,-0.220102,0.0,0.061396,0.00140051,-0.07225,-1.0,1.0,0.737698,0.402221,3718.9,53.5,46.2,820.4,100.0,1.0
49833,312,161,-3.370826,0.40785,0.651879,0.00294,0.0,0.00232963,-0.588333,-1.0,-0.995223,-0.187315,0.366253,1560.8,48.0,50.3,453.7,100.0,1.0
49989,313,156,-3.488203,1.0,-0.506537,0.0,0.0,0.00180514,-0.47766,-1.0,-0.601883,0.000412,0.338078,1752.6,43.8,52.5,553.5,100.0,1.0
50146,314,157,5.966056,1.0,-0.351318,0.014428,0.0,0.00269814,-0.088307,-1.0,-0.04959,0.933256,0.299937,2793.6,36.1,78.4,163.8,100.0,1.0
50310,315,164,-3.233752,1.0,0.621339,0.01444,0.0,0.00234915,-0.687248,-1.0,-1.0,-0.434464,0.425928,1284.4,56.8,47.5,399.9,100.0,1.0
50469,316,159,-0.005464,0.2,-0.47291,0.003241,0.102724,0.00165032,-0.262576,-1.0,-0.022664,0.466434,0.367807,2763.4,47.1,63.4,538.2,100.0,1.0
50636,317,167,3.251963,1.0,-0.08293,0.0,0.0,0.00212781,-0.172387,-1.0,-0.004268,0.737314,0.400103,3698.1,53.2,46.0,426.2,100.0,1.0
50801,318,165,6.226129,0.350076,-0.176687,0.0,0.0,0.00217001,-0.007967,-0.870084,0.244378,1.0,0.389376,4305.0,51.1,53.2,553.5,100.0,1.0
50962,319,161,-5.298507,0.51222,-0.490871,0.020082,0.0,0.00164654,-0.575699,-1.0,-1.0,-0.13373,0.394468,1783.5,51.5,57.0,575.2,100.0,1.0
51124,320,162,6.087099,0.2,-0.021772,0.0,0.007135,0.0020024,0.017965,-0.793061,0.226326,1.0,0.385483,4598.4,50.6,52.0,769.7,100.0,1.0
51279,321,155,4.516965,0.218028,-0.249786,0.018413,0.014683,0.00173207,-0.014507,-1.0,0.524525,1.0,0.334799,3706.5,45.2,30.4,534.8,100.0,1.0
51438,322,159,0.672138,0.625038,-0.443805,0.0,2.7e-05,0.00210729,-0.297278,-1.0,0.198804,0.347025,0.443086,3171.5,58.9,51.8,370.3,100.0,1.0
51599,323,161,2.871347,1.0,-0.29549,0.0,0.0,0.00220682,-0.194008,-1.0,-0.478948,0.780323,0.34613,3224.6,45.3,48.6,515.1,100.0,1.0
51760,324,161,-2.536148,0.493911,-0.379757,0.004473,0.0,0.00164526,-0.407198,-1.0,-0.650395,0.23461,0.371362,2444.3,49.5,41.5,632.9,100.0,1.0
51920,325,160,5.332437,0.2,-0.221129,0.005075,0.012374,0.00177893,0.014695,-0.940354,0.574409,1.0,0.318112,4037.3,40.8,54.4,540.8,100.0,1.0
52083,326,163,-3.724291,0.2,0.637606,0.0,0.0,0.00217166,-0.622995,-1.0,-1.0,-0.308763,0.324642,1178.6,42.6,43.7,636.8,100.0,1.0
52245,327,162,-3.839796,0.47923,0.64036,0.0,0.0,0.00215186,-0.619208,-1.0,-0.984526,-0.260705,0.397544,1502.1,50.8,70.0,378.7,100.0,1.0
52405,328,160,6.303429,0.2,-0.028818,0.0,0.000166,0.00181447,0.063447,-0.640109,0.170598,1.0,0.397875,5181.2,51.2,65.5,516.3,100.0,1.0
52572,329,167,-0.501999,1.0,-0.405678,0.0,0.0,0.00180768,-0.329908,-1.0,0.102374,0.276916,0.43533,3016.0,59.0,36.6,638.0,100.0,1.0
52726,330,154,-3.721704,0.440228,0.619433,0.012244,5e-06,0.00230284,-0.627762,-1.0,-0.92737,-0.329262,0.34892,1201.1,44.8,59.3,419.4,100.0,1.0
52885,331,159,-1.821944,0.2,-0.319163,0.004187,0.0,0.00153359,-0.345893,-1.0,-0.292084,0.330456,0.411721,2941.7,55.3,41.3,701.3,100.0,1.0
53050,332,165,-2.700333,0.423396,-0.42449,0.019798,2e-05,0.00182824,-0.452993,-1.0,-0.656149,0.132091,0.418048,2482.3,54.8,57.2,425.8,100.0,1.0
53207,333,157,8.293778,1.0,-0.252016,0.0,0.0,0.00267282,0.045279,-1.0,1.0,1.0,0.273605,3610.0,35.6,41.2,244.1,100.0,1.0
53366,334,159,2.245918,0.76243,-0.341462,0.0,0.0,0.0020375,-0.197929,-1.0,-0.246837,0.705327,0.350548,3076.0,45.1,58.2,398.0,100.0,1.0
53522,335,156,-3.415055,1.0,-0.439119,0.0,0.0,0.00194159,-0.494355,-1.0,-1.0,0.044648,0.299911,1639.2,39.2,42.2,463.4,100.0,1.0
53683,336,161,-4.353781,0.570284,0.657989,0.0,0.0,0.0018449,-0.541163,-1.0,-1.0,-0.066686,0.339112,1662.7,44.5,45.6,549.8,100.0,1.0
53846,337,163,-1.050272,0.2,-0.359061,0.0,0.01643,0.00163488,-0.325238,-1.0,-0.881972,0.494847,0.301184,2215.9,37.1,69.6,860.8,100.0,1.0
54006,338,160,3.214016,0.499892,-0.312996,0.003236,1.9e-05,0.00206121,-0.14968,-1.0,-0.457177,0.875264,0.301526,2876.4,38.3,55.2,346.8,100.0,1.0
54165,339,159,-1.987133,0.248457,-0.465635,0.0,1e-06,0.00164548,-0.372842,-1.0,-0.448109,0.252233,0.331563,2050.3,40.9,75.1,446.1,100.0,1.0
54326,340,161,-4.935232,0.2,-0.390684,0.0,7e-06,0.00131869,-0.488615,-1.0,-0.832937,0.044987,0.355332,1978.0,47.3,40.1,1196.8,100.0,1.0
54489,341,163,3.720744,0.2,-0.320585,0.0,0.0,0.00175143,-0.077154,-1.0,-0.186879,1.0,0.292331,3211.3,36.6,60.4,548.5,100.0,1.0
54651,342,162,-3.297005,1.0,-0.421283,0.012783,0.0,0.00209184,-0.523467,-1.0,-0.866996,-0.024879,0.390301,1927.4,49.4,74.0,636.7,100.0,1.0
54813,343,162,-2.198907,0.235446,-0.387315,0.017924,0.010644,0.00166841,-0.393216,-1.0,-0.839888,0.284587,0.294162,1797.7,35.0,82.1,706.7,100.0,1.0
54969,344,156,5.552051,0.2,-0.290536,0.010591,0.030723,0.00180842,0.028326,-1.0,0.844181,1.0,0.280461,3240.3,34.5,65.1,444.8,100.0,1.0
55134,345,165,-5.185847,0.2,-0.492553,0.0,0.0,0.00162873,-0.614075,-1.0,-1.0,-0.254712,0.374629,1507.7,50.6,34.3,690.3,100.0,1.0
55293,346,159,-4.338504,0.387722,-0.417534,0.001252,0.000197,0.00175751,-0.521962,-1.0,-1.0,-0.026876,0.312777,1548.8,39.8,57.1,574.7,100.0,1.0
55451,347,158,1.361363,0.346289,-0.363532,0.001283,0.0,0.00183872,-0.214342,-1.0,-0.094571,0.61754,0.355121,2968.7,45.9,56.6,445.3,100.0,1.0
55618,348,167,2.511505,0.497877,-0.26126,0.017953,0.0,0.00154251,-0.117246,-1.0,0.487427,0.75884,0.407912,3793.8,53.9,50.7,768.5,100.0,1.0
55779,349,161,-4.586555,0.442838,0.643549,0.006421,0.0,0.00189382,-0.610412,-1.0,-1.0,-0.263469,0.340988,1310.9,44.5,49.2,970.0,100.0,1.0
55939,350,160,2.654591,0.2,-0.301268,0.032507,0.0,0.00197713,-0.16809,-1.0,-0.449373,0.850495,0.35413,3370.2,45.5,59.0,516.0,100.0,1.0
56100,351,161,-3.157741,1.0,0.62515,0.011832,0.0,0.00240025,-0.636203,-1.0,-1.0,-0.357211,0.305895,1022.3,39.8,46.0,448.1,100.0,1.0
56255,352,155,6.103588,0.490882,-0.267074,0.003923,0.0,0.00198422,0.033107,-1.0,0.894591,1.0,0.281762,3735.5,36.7,41.2,344.6,100.0,1.0
56419,353,164,5.605571,0.40203,-0.242188,0.003799,0.0,0.00187717,0.004796,-0.910986,0.394972,1.0,0.32928,4149.1,42.4,54.0,550.0,100.0,1.0
56581,354,162,4.906141,0.398889,-0.305051,0.0,0.0,0.00204066,-0.057128,-1.0,-0.060418,1.0,0.25543,3022.4,31.5,58.1,361.0,100.0,1.0
56736,355,155,-5.364829,0.944358,0.664608,0.006165,0.0,0.0016956,-0.5727,-1.0,-1.0,-0.188218,0.284118,1190.0,36.6,46.0,684.0,100.0,1.0
56896,356,160,6.262252,0.294341,-0.274915,0.0,0.006096,0.00199411,0.029817,-1.0,0.826003,1.0,0.263918,3352.2,30.9,79.6,389.3,100.0,1.0
57062,357,166,-0.417321,0.532022,-0.304814,0.0,0.0,0.00178599,-0.31958,-1.0,-0.926968,0.535991,0.322399,2587.1,42.1,46.1,334.4,100.0,1.0
57223,358,161,6.555571,1.0,-0.354121,0.025989,0.0,0.0020467,0.035261,-1.0,0.912856,1.0,0.280122,3065.4,35.2,56.3,523.7,100.0,1.0
57387,359,164,6.177128,0.2,-0.096155,0.0,0.083221,0.00158219,0.084047,-0.792661,0.872342,1.0,0.378777,4600.0,48.5,65.3,597.0,100.0,1.0
57545,360,158,0.243011,0.2,-0.368762,0.0,0.000104,0.00167789,-0.251494,-1.0,-0.604832,0.639187,0.323634,2683.7,40.9,61.9,542.5,100.0,1.0
57709,361,164,-0.581817,0.924733,-0.303987,0.009591,0.0,0.00186668,-0.338323,-1.0,-0.631201,0.409724,0.343031,2568.8,45.6,40.2,689.6,100.0,1.0
57875,362,166,-2.903602,0.2,-0.29417,0.01076,0.042549,0.00142166,-0.397045,-1.0,-0.700107,0.281447,0.377706,2527.7,49.3,54.2,658.1,100.0,1.0
58031,363,156,-6.046807,0.2,-0.399117,0.003713,0.085426,0.00140461,-0.559334,-1.0,-1.0,-0.098347,0.374565,1781.8,49.4,47.9,731.8,100.0,1.0
58194,364,163,1.929599,0.2,-0.353347,0.001146,0.052914,0.00166146,-0.163651,-1.0,-0.331785,0.77431,0.257406,2350.3,33.1,42.7,680.4,100.0,1.0
58349,365,155,2.565181,0.2,-0.34579,0.008856,0.042998,0.00179923,-0.136567,-1.0,-0.204406,0.825666,0.275547,2509.2,34.4,58.4,427.9,100.0,1.0
58516,366,167,-0.116864,0.530413,-0.338383,0.002788,4.1e-05,0.00181053,-0.308766,-1.0,-0.042249,0.379066,0.436071,3240.2,58.7,41.5,464.2,100.0,1.0
58683,367,167,2.014713,0.431371,-0.157326,0.00124,5e-05,0.00157064,-0.150608,-1.0,-0.369161,0.871112,0.342909,3398.5,45.4,41.8,742.8,100.0,1.0
58844,368,161,0.530275,0.421972,-0.376764,0.000623,0.0,0.00180071,-0.260481,-1.0,-0.417363,0.561481,0.326316,2579.1,41.3,62.1,568.7,100.0,1.0
58996,369,152,5.583183,0.635723,-0.07442,0.003456,1.8e-05,0.00211721,-0.012912,-1.0,0.455987,1.0,0.292554,3353.2,38.2,41.8,449.2,100.0,1.0
59156,370,160,3.793892,0.704146,-0.286226,0.017393,0.0,0.00139778,-0.013811,-1.0,0.396853,1.0,0.267479,3459.6,34.9,38.3,502.9,100.0,1.0
59317,371,161,4.504308,0.2,-0.188979,0.01163,0.012842,0.00214381,-0.096231,-1.0,-0.350041,1.0,0.306134,3176.1,38.6,60.2,741.2,100.0,1.0
59477,372,160,-2.192264,0.358703,-0.412177,0.0,3.1e-05,0.00204815,-0.448895,-1.0,-1.0,0.165627,0.284322,1736.2,37.2,39.4,446.4,100.0,1.0
59636,373,159,2.115396,0.276233,-0.191985,0.0,0.000118,0.00173468,-0.158858,-1.0,-0.044644,0.782878,0.392006,3711.1,52.0,46.2,725.1,100.0,1.0
59796,374,160,0.388178,0.2,-0.380319,0.013934,0.015086,0.00144123,-0.209032,-1.0,-0.613937,0.725546,0.257896,2271.5,32.9,45.9,962.4,100.0,1.0
59956,375,160,-3.482723,0.466067,0.682207,0.005106,0.0,0.00226641,-0.578042,-1.0,-0.732767,-0.223931,0.381947,1588.2,51.2,39.7,367.3,100.0,1.0
60112,376,156,0.639555,0.509609,-0.192285,0.00273,0.0,0.00189391,-0.260037,-1.0,-0.67304,0.658226,0.365561,3220.7,48.6,42.8,608.6,100.0,1.0
60269,377,157,5.699578,0.331531,-0.172472,0.0,1.4e-05,0.00245884,-0.071545,-1.0,-0.103282,1.0,0.306086,3781.1,37.8,69.6,512.5,100.0,1.0
60426,378,157,0.110907,0.530343,-0.37707,0.006156,0.0,0.0017,-0.260674,-1.0,-0.358786,0.559105,0.352408,2895.2,46.4,45.7,397.8,100.0,1.0
60586,379,160,4.767545,0.409775,-0.271345,0.0,5.9e-05,0.00141035,0.037297,-1.0,0.983086,1.0,0.305059,3411.7,39.4,49.1,827.0,100.0,1.0
60748,380,162,7.200054,1.0,-0.232235,0.00413,0.000312,0.002361,0.014394,-0.953981,0.639788,1.0,0.328455,3985.3,43.3,42.3,275.2,100.0,1.0
60908,381,160,-3.246884,0.530044,0.664219,0.0,0.0,0.00199106,-0.497598,-1.0,-0.682618,-0.03584,0.333964,1668.8,43.3,51.8,506.1,100.0,1.0
61062,382,154,-2.725971,0.2,0.654618,0.002084,0.054381,0.00147947,-0.37801,-1.0,-0.198112,0.128001,0.264997,1539.9,34.1,43.5,720.5,100.0,1.0
61221,383,159,-2.296101,0.441229,-0.32153,0.000668,0.0,0.00156518,-0.37526,-1.0,-0.276131,0.194997,0.329482,2064.2,43.2,45.3,800.8,100.0,1.0
61386,384,165,5.975466,0.821331,-0.07672,0.011026,0.0,0.00184784,0.024179,-0.812978,0.355458,1.0,0.384122,4522.6,48.9,69.5,453.5,100.0,1.0
61534,385,148,5.584264,0.523983,-0.160127,0.0,0.0,0.00184471,0.034299,-1.0,0.876641,1.0,0.266824,3535.6,33.5,54.0,577.8,100.0,1.0
61694,386,160,1.830689,0.449321,-0.334572,0.004961,1e-06,0.00209925,-0.235173,-1.0,-0.51559,0.653153,0.311086,2691.6,40.7,43.6,335.1,100.0,1.0
61852,387,158,4.2727,1.0,-0.3576,0.005279,0.0,0.00215509,-0.105528,-1.0,-0.609327,1.0,0.222979,2429.1,26.0,68.3,380.0,100.0,1.0
62006,388,154,8.514254,0.2,-0.312095,0.004295,0.194182,0.00276541,0.042313,-1.0,1.0,1.0,0.288436,3661.7,37.3,46.0,635.6,100.0,1.0
62171,389,165,4.797074,0.2,-0.211177,0.0,0.0,0.00195083,-0.057809,-1.0,0.016742,1.0,0.297416,3571.3,38.1,51.8,564.5,100.0,1.0
62328,390,157,5.952474,0.2,-0.305912,0.001396,0.000445,0.00206954,0.002561,-1.0,0.65848,1.0,0.316436,3635.7,40.4,55.8,580.9,100.0,1.0
62488,391,160,-0.453053,0.526469,-0.303735,0.012016,0.0,0.00153205,-0.269928,-1.0,-0.727515,0.598856,0.28388,2348.9,36.7,44.6,813.8,100.0,1.0
62648,392,160,3.727139,0.416788,-0.203804,0.010269,0.0,0.001716,-0.069693,-1.0,-0.125134,1.0,0.285896,3533.5,37.0,44.4,471.2,100.0,1.0
62802,393,154,5.909268,0.828675,-0.125343,0.0,0.0,0.00200772,0.015333,-0.894218,0.384298,1.0,0.300601,4213.0,40.0,34.0,370.4,100.0,1.0
62960,394,158,-4.902474,0.219543,0.70951,0.004303,0.000479,0.00178471,-0.612887,-1.0,-1.0,-0.262164,0.355648,1309.4,44.4,75.1,507.4,100.0,1.0
63119,395,159,2.239603,0.2,-0.404386,0.000616,0.145671,0.00192703,-0.183371,-1.0,-0.153522,0.698857,0.313096,2797.7,41.2,41.5,605.4,100.0,1.0
63282,396,163,-2.58976,0.2,0.692149,0.006681,5.4e-05,0.00203814,-0.474395,-1.0,-0.307667,-0.085307,0.318856,1511.3,41.3,49.5,416.3,100.0,1.0
63443,397,161,-2.522949,0.71562,-0.354597,0.0,0.0,0.00133522,-0.353349,-1.0,-0.724874,0.377153,0.314326,2220.7,40.3,53.6,746.8,100.0,1.0
63600,398,157,-3.680652,0.475456,-0.333809,0.0,2e-05,0.00165138,-0.461151,-1.0,-0.907732,0.151428,0.366888,2280.5,49.5,33.8,591.1,100.0,1.0
63762,399,162,2.565072,0.2,-0.305139,0.001608,0.234793,0.00186997,-0.162186,-1.0,-0.195675,0.758936,0.291231,2698.2,38.4,38.0,632.8,100.0,1.0
63932,400,170,1.074409,0.2,-0.287329,0.0,0.031498,0.0017283,-0.234833,-1.0,-0.59046,0.677621,0.314774,2773.2,41.3,42.5,1101.3,100.0,1.0
64091,401,159,0.128018,1.0,-0.392239,0.006202,0.0,0.00204422,-0.31796,-1.0,-0.319815,0.374924,0.336011,2435.6,44.3,43.3,332.4,100.0,1.0
64252,402,161,-0.131194,0.2,-0.311055,0.010496,1.6e-05,0.00202925,-0.333877,-1.0,-0.755009,0.431772,0.297479,2196.0,38.3,48.4,589.1,100.0,1.0
64417,403,165,7.08456,0.2,-0.097458,0.0,0.102698,0.00212033,0.038104,-0.921702,0.65979,1.0,0.276398,4108.3,35.0,52.7,585.5,100.0,1.0
64577,404,160,0.589777,0.902099,-0.374826,0.01182,0.0,0.00181168,-0.257494,-1.0,-0.763295,0.635003,0.267077,2091.3,32.0,72.1,433.4,100.0,1.0
64738,405,161,5.342806,0.364033,-0.271807,0.0,1.4e-05,0.00186803,-0.008303,-0.897869,0.186966,1.0,0.313727,4199.1,39.2,66.1,386.4,100.0,1.0
64896,406,158,0.321955,0.405843,-0.30259,0.013127,1.3e-05,0.00184186,-0.273351,-1.0,-0.478101,0.557706,0.353687,2883.4,46.3,49.6,559.2,100.0,1.0
65056,407,160,4.370741,0.2,-0.292151,0.0,2e-06,0.0017686,-0.043879,-1.0,0.212229,1.0,0.325509,3729.4,41.8,54.9,527.9,100.0,1.0
65219,408,163,5.020313,0.422193,-0.314801,0.0,2e-06,0.0016266,0.009312,-1.0,0.705631,1.0,0.306257,3425.5,40.2,41.1,595.0,100.0,1.0
65376,409,157,-2.725407,0.372267,0.640591,0.005029,3e-05,0.0025478,-0.632726,-1.0,-0.703096,-0.406068,0.351463,1112.3,46.8,39.6,418.6,100.0,1.0
65532,410,156,4.456269,0.558602,-0.354397,0.018676,1.4e-05,0.00205552,-0.076965,-1.0,-0.032915,0.941379,0.265782,2598.6,33.5,52.6,462.8,100.0,1.0
65686,411,154,-2.613782,1.0,0.731914,0.005336,0.0,0.00198287,-0.448193,-1.0,-0.798773,0.117751,0.297644,1751.6,39.2,39.0,440.5,100.0,1.0
65845,412,159,3.303395,0.520062,-0.167274,0.0,2.1e-05,0.0017274,-0.094101,-1.0,-0.430978,1.0,0.255017,3113.8,33.2,37.2,678.2,100.0,1.0
66009,413,164,1.863242,0.876039,-0.316891,0.0,0.0,0.00240224,-0.292309,-1.0,-0.818847,0.574545,0.307574,2347.4,37.3,77.8,355.3,100.0,1.0
66169,414,160,2.851094,0.35334,-0.353054,0.0,0.0,0.001768,-0.127094,-1.0,-0.246291,0.846438,0.24359,2241.0,30.3,52.0,451.2,100.0,1.0
66322,415,153,3.357996,0.244706,-0.307124,0.0,0.037747,0.00185364,-0.100244,-1.0,-0.232491,0.960949,0.316637,3227.6,41.1,47.7,412.4,100.0,1.0
66483,416,161,-4.722399,0.478118,-0.510811,0.006584,5e-06,0.0017923,-0.599558,-1.0,-1.0,-0.265568,0.283046,1075.1,36.6,44.8,631.1,100.0,1.0
66644,417,161,7.206805,1.0,-0.061688,0.005774,0.0,0.00241015,0.005267,-0.968158,0.357825,1.0,0.2083,3931.3,25.9,45.4,261.0,100.0,1.0
66799,418,155,2.292335,0.363257,-0.255424,0.004767,3.9e-05,0.00178619,-0.151698,-1.0,-0.208662,0.795836,0.296869,2757.5,38.4,46.9,597.3,100.0,1.0
66966,419,167,7.322463,0.282857,-0.037392,0.0,0.002849,0.00219549,0.032731,-0.816607,0.243083,1.0,0.278821,4508.7,35.4,51.2,434.7,100.0,1.0
67123,420,157,-2.890807,0.241193,-0.442327,0.0,0.0,0.00178356,-0.437647,-1.0,-0.681275,0.142067,0.346216,2041.9,44.7,55.6,423.3,100.0,1.0
67283,421,160,3.247665,0.2,-0.27315,0.007707,0.0,0.00172803,-0.099356,-1.0,-0.317089,1.0,0.338238,3806.6,44.2,48.2,730.1,100.0,1.0
67438,422,155,-0.593286,1.0,-0.390946,0.012151,0.0,0.00226262,-0.383097,-1.0,-0.848065,0.277048,0.226288,1480.3,29.0,39.1,243.0,100.0,1.0
67601,423,163,6.959683,1.0,-0.263225,0.0,0.0,0.00223226,0.015409,-0.988754,0.601611,1.0,0.243441,3852.8,29.5,61.0,333.5,100.0,1.0
67759,424,158,-3.162446,0.270195,-0.387629,0.007764,1.7e-05,0.00169826,-0.440622,-1.0,-0.481636,0.070571,0.335792,1929.8,45.1,33.9,679.4,100.0,1.0
67923,425,164,3.89471,0.2,-0.309808,0.018014,0.00821,0.00169788,-0.066262,-1.0,-0.108099,1.0,0.277258,2957.3,34.9,55.4,527.6,100.0,1.0
68083,426,160,2.344855,0.473676,-0.17375,0.0,0.0,0.00130263,-0.080714,-1.0,-0.251466,1.0,0.277838,3139.3,35.7,46.2,815.0,100.0,1.0
68244,427,161,-0.633394,0.28041,-0.339339,0.0,2.2e-05,0.00177631,-0.320367,-1.0,-0.302864,0.366253,0.341347,2466.8,45.1,42.3,741.9,100.0,1.0
68411,428,167,4.223366,0.873465,-0.226454,0.0,0.0,0.00188037,-0.084277,-1.0,-0.205864,1.0,0.318452,3697.8,40.0,63.9,468.8,100.0,1.0
68570,429,159,-1.14429,0.2,-0.442554,0.003369,0.031996,0.00170988,-0.33398,-1.0,-0.814478,0.438143,0.27941,2085.9,36.3,42.6,614.0,100.0,1.0
68728,430,158,2.330996,0.2,-0.258898,0.0,0.0,0.0013971,-0.094011,-1.0,-0.125219,0.943322,0.308256,3160.0,40.7,39.5,1021.8,100.0,1.0
68889,431,161,7.260039,1.0,-0.289463,0.0,0.0,0.00245255,-0.000522,-0.993612,0.45788,1.0,0.242728,3834.3,30.4,49.3,320.6,100.0,1.0
69051,432,162,4.660635,-0.067551,-0.113477,0.019185,0.0,0.0022491,-0.111195,-1.0,-0.563691,1.0,0.274128,3332.0,34.9,49.5,343.0,100.0,1.0
69215,433,164,-2.501308,0.688773,-0.407951,0.001319,0.0,0.0015872,-0.396067,-1.0,-0.842833,0.264011,0.270936,1745.4,34.5,48.8,811.0,100.0,1.0
69377,434,162,1.862316,0.84837,-0.390712,0.0,0.0,0.00190153,-0.206876,-1.0,-0.095507,0.627072,0.334005,2860.0,43.9,44.0,427.4,100.0,1.0
69542,435,165,5.0266,0.398566,-0.221877,0.004245,0.0,0.00181448,-0.02663,-1.0,0.19409,1.0,0.230195,3362.6,28.3,53.4,464.6,100.0,1.0
69699,436,157,3.59341,0.2,-0.189191,0.000423,6e-06,0.00201717,-0.121765,-1.0,-0.571192,0.985851,0.298466,3152.2,39.7,34.5,595.1,100.0,1.0
69859,437,160,3.404887,0.320483,-0.35231,0.002042,7.1e-05,0.00160198,-0.071652,-1.0,0.121825,0.899134,0.242655,2298.2,30.3,51.5,557.8,100.0,1.0
70015,438,156,-1.266582,0.2,-0.43393,0.000571,0.018167,0.00176045,-0.34322,-1.0,-0.903793,0.407484,0.227299,1601.7,28.5,46.9,439.8,100.0,1.0
70170,439,155,-1.843631,0.2,-0.447682,0.010421,0.000246,0.00190805,-0.395659,-1.0,-0.914701,0.314385,0.321118,2142.5,40.8,59.8,377.8,100.0,1.0
70331,440,161,0.716341,0.2,-0.328104,0.017752,0.062478,0.00143054,-0.191409,-1.0,-0.478418,0.730938,0.246979,2177.1,31.4,44.8,784.6,100.0,1.0
70486,441,155,-4.440647,0.2,0.740207,0.00908,1.7e-05,0.00156107,-0.482452,-1.0,-0.920132,0.008185,0.216517,1084.7,26.9,47.0,727.8,100.0,1.0
70646,442,160,5.199659,0.269621,-0.386525,0.000848,0.016843,0.00168041,0.012697,-1.0,0.629373,1.0,0.251203,2639.9,31.7,49.3,651.3,100.0,1.0
70803,443,157,3.566112,0.774534,-0.324551,0.0,0.0,0.00187758,-0.101729,-1.0,-0.539438,1.0,0.238928,2570.7,29.7,51.8,400.7,100.0,1.0
70961,444,158,4.206306,0.2,-0.291145,0.002107,0.102925,0.0019395,-0.078867,-1.0,-0.294729,1.0,0.24697,2450.0,30.0,61.9,703.4,100.0,1.0
71122,445,161,2.327241,0.300803,-0.300434,0.006929,1.2e-05,0.00195347,-0.188595,-1.0,-0.641559,0.822132,0.310926,2896.1,39.7,54.6,583.7,100.0,1.0
71288,446,166,3.230306,0.391197,-0.327778,0.001928,0.0,0.00169346,-0.106414,-1.0,-0.584269,1.0,0.239938,2509.4,30.7,42.2,787.9,100.0,1.0
71449,447,161,0.588206,0.2,-0.246459,0.001133,0.166903,0.00151577,-0.212147,-1.0,-0.50982,0.724101,0.323002,2909.3,42.2,46.2,910.1,100.0,1.0
71603,448,154,3.954965,0.980618,-0.196289,0.0,0.0,0.00190925,-0.080379,-1.0,-0.326885,1.0,0.238451,3241.9,29.2,56.8,447.5,100.0,1.0
71761,449,158,-2.08776,0.22063,-0.350002,0.0,0.0,0.00154965,-0.357459,-1.0,-0.955342,0.413673,0.283552,2112.8,37.4,36.7,796.1,100.0,1.0
71926,450,165,3.898451,0.2,-0.332005,0.007735,0.0,0.00183662,-0.092637,-1.0,-0.406253,1.0,0.260057,2825.3,31.9,60.7,691.5,100.0,1.0
72082,451,156,3.303567,0.2,-0.338755,0.0,0.02877,0.00196939,-0.128996,-1.0,-0.823064,1.0,0.233446,2391.8,29.3,47.4,434.8,100.0,1.0
72238,452,156,4.77443,0.776812,-0.282015,0.008778,0.0,0.0019801,-0.051441,-1.0,-0.003946,1.0,0.255233,3188.1,30.8,65.8,348.8,100.0,1.0
72397,453,159,0.59044,0.422694,-0.313447,0.001606,2e-06,0.0018982,-0.269926,-1.0,-0.675045,0.599105,0.310542,2595.3,40.6,44.2,498.9,100.0,1.0
72556,454,159,4.115663,0.2,-0.106813,0.012652,0.0,0.00170832,-0.049819,-0.957257,-0.024438,1.0,0.311675,3972.9,39.6,57.0,564.7,100.0,1.0
72717,455,161,-2.917542,1.0,0.700109,0.005386,0.0,0.00239973,-0.563618,-1.0,-1.0,-0.157258,0.292891,1261.7,37.4,51.5,298.1,100.0,1.0
72877,456,160,2.103075,0.239908,-0.356823,0.032192,0.0,0.00160189,-0.142906,-1.0,-0.393536,0.855309,0.264554,2507.5,33.8,46.7,487.3,100.0,1.0
73029,457,152,2.928149,0.2,-0.092189,0.0,0.0,0.0016658,-0.095452,-1.0,-0.355227,1.0,0.299646,3468.1,37.9,57.6,572.0,100.0,1.0
73189,458,160,-4.389411,0.316967,0.640383,0.008458,0.0,0.00190202,-0.591452,-1.0,-0.956228,-0.248589,0.294116,1131.9,37.7,50.8,437.9,100.0,1.0
73353,459,164,2.828988,0.438044,-0.298164,0.0,3e-06,0.00134742,-0.068656,-1.0,-0.13016,1.0,0.2782,2854.9,35.3,51.5,762.2,100.0,1.0
73511,460,158,5.543962,0.554878,-0.190749,0.0,0.0,0.00174338,0.022772,-0.868896,0.322979,1.0,0.27706,4309.5,35.7,45.0,523.7,100.0,1.0
73672,461,161,1.368504,0.2,-0.170688,0.0,0.016804,0.00170681,-0.20115,-1.0,-0.461032,0.753272,0.343457,3103.0,44.2,56.2,585.4,100.0,1.0
73831,462,159,3.03929,0.282801,-0.29436,0.004516,5.4e-05,0.00162088,-0.094318,-1.0,-0.450431,1.0,0.246377,2828.3,30.4,55.8,607.1,100.0,1.0
73991,463,160,3.882726,0.73284,-0.328048,0.0,0.0,0.00206002,-0.121028,-1.0,-0.727185,1.0,0.241549,2358.5,29.3,60.2,426.4,100.0,1.0
74151,464,160,6.179533,0.2,-0.265106,0.008982,0.0,0.00222091,-0.02346,-1.0,0.175907,1.0,0.205253,3491.7,24.7,54.1,317.4,100.0,1.0
74309,465,158,2.94199,0.308345,-0.314003,0.020219,3.9e-05,0.00169121,-0.109164,-1.0,-0.647499,1.0,0.22207,2375.8,27.5,49.3,640.8,100.0,1.0
74468,466,159,3.936466,0.429883,-0.230238,0.0,3.4e-05,0.00191028,-0.092415,-1.0,-0.377842,1.0,0.273155,2954.5,35.3,43.5,488.8,100.0,1.0
74633,467,165,1.367364,0.624302,-0.286165,0.0,0.0,0.00174321,-0.214179,-1.0,-0.753536,0.766647,0.285757,2551.3,36.1,55.1,653.3,100.0,1.0
74787,468,154,4.289674,0.237406,-0.370473,0.006638,0.04073,0.00209014,-0.091826,-1.0,-0.520927,1.0,0.198666,2503.0,24.6,44.5,502.9,100.0,1.0
74942,469,155,5.586449,0.47483,-0.274197,0.0,0.0,0.00184336,0.013818,-1.0,0.597977,1.0,0.229897,3184.2,28.4,52.1,631.8,100.0,1.0
75106,470,164,6.36586,0.2,-0.303736,0.006054,0.0,0.00190762,0.028357,-1.0,0.754247,1.0,0.235336,3223.5,29.4,48.7,349.7,100.0,1.0
75263,471,157,-4.745921,0.2,0.708173,0.002121,0.006034,0.00180654,-0.575125,-1.0,-1.0,-0.221874,0.237346,919.5,29.5,50.9,609.7,100.0,1.0
75420,472,157,6.384609,0.2,-0.198395,0.010667,0.0,0.00244962,-0.042387,-1.0,0.077741,1.0,0.250803,3475.5,31.6,49.6,256.2,100.0,1.0
75580,473,160,-0.388548,0.2,-0.400564,0.001823,0.033115,0.00148211,-0.257877,-1.0,-0.583416,0.575101,0.254104,2023.7,32.1,48.8,820.4,100.0,1.0
75736,474,156,-2.356934,0.508592,-0.355557,0.011012,3e-06,0.00170306,-0.391932,-1.0,-1.0,0.332155,0.290932,1960.2,36.8,55.7,602.6,100.0,1.0
75894,475,158,2.064916,1.0,-0.320995,0.0,0.0,0.00203567,-0.210963,-1.0,-0.884912,0.776998,0.222104,1997.5,28.1,42.3,368.1,100.0,1.0
76056,476,162,-4.11624,0.60022,0.665834,0.000639,6e-06,0.00196616,-0.600933,-1.0,-0.778937,-0.306831,0.328241,1187.0,42.8,47.6,503.2,100.0,1.0
76209,477,153,3.392273,0.842316,-0.243726,0.006665,0.0,0.00173084,-0.083076,-1.0,-0.303289,1.0,0.263733,2935.8,32.2,64.2,701.2,100.0,1.0
76370,478,161,1.179147,0.2,-0.13563,0.0,0.032973,0.00192061,-0.246026,-1.0,-0.93856,0.708391,0.250537,2115.0,30.9,56.5,594.4,100.0,1.0
76528,479,158,0.586395,0.2,-0.286596,0.0,0.031777,0.00146249,-0.199611,-1.0,-0.677428,0.750579,0.222856,1919.7,27.4,51.6,772.3,100.0,1.0
76690,480,162,3.360348,0.441733,-0.331095,0.0,0.0,0.00177476,-0.107736,-1.0,-0.309027,0.946336,0.290253,2805.8,36.0,63.3,634.2,100.0,1.0
76846,481,156,1.690233,0.322775,-0.353865,0.007894,0.0,0.00172166,-0.178141,-1.0,-0.876261,0.861988,0.211055,1894.5,25.4,55.0,697.9,100.0,1.0
77001,482,155,4.11924,0.534809,-0.425382,0.015132,0.0,0.00190944,-0.075816,-1.0,-0.345891,1.0,0.206134,1973.4,24.2,61.7,376.6,100.0,1.0
77154,483,153,-1.882241,0.971257,-0.460745,0.006329,0.0,0.00214444,-0.428699,-1.0,-1.0,0.197613,0.239315,1445.7,30.2,46.8,347.7,100.0,1.0
77316,484,162,-3.277025,0.2,-0.353243,0.0,1e-06,0.00167473,-0.446335,-1.0,-0.765863,0.123151,0.31426,1823.2,40.6,50.3,797.4,100.0,1.0
77479,485,163,-0.977771,1.0,-0.410876,0.000387,0.0,0.00217512,-0.406834,-1.0,-1.0,0.276498,0.268039,1691.0,33.1,60.4,570.6,100.0,1.0
77640,486,161,2.655027,0.333305,-0.329918,0.001896,6e-06,0.00155344,-0.108244,-1.0,0.548273,0.684115,0.26256,2235.9,33.2,50.4,681.3,100.0,1.0
77799,487,159,3.092176,0.2,-0.341586,0.00874,0.010036,0.00180699,-0.122214,-1.0,0.615224,0.660256,0.324129,2748.9,41.4,57.3,636.6,100.0,1.0
77955,488,156,3.522878,0.2,-0.351271,0.0,0.0,0.00196946,-0.119229,-1.0,-0.738898,1.0,0.226698,2288.3,27.2,60.0,438.9,100.0,1.0
78115,489,160,-0.181734,0.2,0.633117,0.0,0.068807,0.0020076,-0.330876,-1.0,-0.423256,0.321606,0.25556,1670.5,31.6,57.3,413.5,100.0,1.0
78280,490,165,2.236486,0.540926,-0.391221,0.003408,7e-06,0.00218258,-0.240897,-1.0,-0.923726,0.69807,0.214246,1757.6,25.9,55.2,630.9,100.0,1.0
78439,491,159,5.06337,0.702002,-0.341375,0.0,0.0,0.00213116,-0.068831,-1.0,-0.288065,1.0,0.200121,2565.1,23.0,65.4,399.4,100.0,1.0
78596,492,157,6.078424,1.0,-0.3139,0.002178,0.0,0.00242514,-0.056679,-1.0,-0.20297,1.0,0.181913,2667.9,21.9,47.8,297.0,100.0,1.0
78761,493,165,3.67231,0.358987,-0.213373,0.0,7.2e-05,0.00172564,-0.088903,-1.0,-0.325966,1.0,0.281532,3223.7,35.4,56.5,601.8,100.0,1.0
78917,494,156,4.965177,0.391798,-0.31642,0.0,0.0,0.00162575,0.010961,-1.0,0.492668,1.0,0.191527,3049.4,23.5,45.3,437.9,100.0,1.0
79074,495,157,1.977786,0.2,-0.395745,0.0,0.007191,0.00182071,-0.180451,-1.0,-0.828858,0.855107,0.234265,2167.4,29.2,49.7,553.8,100.0,1.0
79234,496,160,5.522842,0.2,-0.178249,0.0,0.038123,0.00235838,-0.083332,-1.0,-0.420687,1.0,0.206318,2894.6,24.8,54.1,499.0,100.0,1.0
79391,497,157,3.853111,0.360627,-0.296765,0.001659,1e-06,0.00190411,-0.093758,-1.0,-0.500063,1.0,0.21876,2427.8,26.0,60.9,669.3,100.0,1.0
79548,498,157,3.670223,0.288976,-0.389687,0.011485,3.2e-05,0.00180199,-0.087511,-1.0,-0.492256,1.0,0.191427,2296.6,22.1,61.4,749.2,100.0,1.0
79711,499,163,-2.652808,0.504839,-0.428686,0.010704,0.0,0.00151264,-0.387644,-1.0,-1.0,0.327126,0.260693,1722.1,32.4,56.0,623.7,100.0,1.0
79864,500,153,-4.062529,0.237384,0.604426,0.000693,0.053684,0.00192223,-0.510312,-1.0,-0.869975,-0.050507,0.278184,1288.9,33.9,67.7,376.7,100.0,1.0
80023,501,159,1.537607,1.0,-0.439249,0.01081,0.0,0.00216257,-0.262033,-1.0,-0.835158,0.62332,0.233393,1837.2,28.3,58.9,512.8,100.0,1.0
80191,502,168,4.025295,0.808869,-0.304141,0.0,0.0,0.00192086,-0.108558,-1.0,-0.583613,1.0,0.250982,3048.4,30.7,60.5,460.2,100.0,1.0
80350,503,159,4.565044,0.709873,-0.249312,0.0,0.0,0.00218016,-0.103905,-1.0,-0.613333,1.0,0.21286,2600.7,25.7,55.5,441.8,100.0,1.0
80512,504,162,2.6301,1.0,-0.496028,0.00066,0.0,0.00209318,-0.199274,-1.0,-0.480682,0.69875,0.22884,1866.3,27.5,61.0,490.5,100.0,1.0
80682,505,170,3.412812,0.562299,-0.213955,0.0,0.0,0.00144034,-0.063449,-1.0,-0.093157,1.0,0.270665,3341.4,34.3,51.4,598.2,100.0,1.0
80842,506,160,4.256299,0.653341,-0.314572,0.0,1.2e-05,0.0022116,-0.127801,-1.0,-0.862238,1.0,0.207888,2258.6,25.2,52.8,371.7,100.0,1.0
81000,507,158,-3.563412,0.655663,-0.415475,0.0,7e-06,0.00162504,-0.445943,-1.0,-1.0,0.161328,0.262041,1563.1,33.7,44.2,582.3,100.0,1.0
81167,508,167,-0.424605,0.669918,-0.399854,0.01906,0.0,0.00199894,-0.356389,-1.0,-1.0,0.381959,0.200374,1367.2,24.7,45.4,472.0,100.0,1.0
81330,509,163,1.989414,0.373574,-0.297827,0.001053,0.0,0.00152395,-0.142715,-1.0,-0.842067,0.954531,0.212973,2077.6,26.6,44.9,660.4,100.0,1.0
81490,510,160,4.66184,0.386156,-0.361081,0.000426,4e-06,0.00233813,-0.126754,-1.0,-0.915932,1.0,0.175804,1859.3,21.4,43.9,349.1,100.0,1.0
81655,511,165,-1.765022,1.0,-0.454695,0.002828,0.0,0.00212595,-0.444508,-1.0,-0.921716,0.176926,0.321304,1924.2,40.9,58.7,417.3,100.0,1.0
81825,512,170,6.673196,0.415671,-0.300534,0.007264,0.0,0.00179722,0.048692,-1.0,1.0,1.0,0.256542,3714.8,31.6,58.4,619.1,100.0,1.0
81987,513,162,4.558047,0.2,-0.36684,0.0,0.0,0.0022742,-0.126558,-1.0,-0.735218,0.956677,0.189365,1747.5,22.3,55.1,301.1,100.0,1.0
82143,514,156,3.561348,0.2,-0.185077,0.0,0.042033,0.0017591,-0.085403,-1.0,-0.461947,1.0,0.19604,2587.2,23.9,47.6,656.3,100.0,1.0
82302,515,159,4.354843,0.260901,-0.256852,0.0,0.006967,0.00164297,-0.030228,-1.0,0.090006,1.0,0.196145,3104.5,24.1,46.1,495.5,100.0,1.0
82463,516,161,0.017064,0.591494,-0.449611,0.0,0.0,0.00171994,-0.275927,-1.0,-1.0,0.606507,0.191022,1404.8,21.9,63.3,522.1,100.0,1.0
82618,517,155,0.613077,0.2,-0.494049,0.021026,0.151614,0.00184746,-0.253832,-1.0,-0.630882,0.56605,0.194306,1435.9,22.9,56.4,568.0,100.0,1.0
82774,518,156,-0.430773,1.0,-0.362043,0.0,0.0,0.0019801,-0.331681,-1.0,-1.0,0.460951,0.21507,1520.1,26.0,55.0,678.2,100.0,1.0
82937,519,163,2.762332,0.2,-0.316989,0.010148,0.080659,0.00161154,-0.11633,-1.0,-0.752875,1.0,0.205211,2135.9,24.3,58.8,644.2,100.0,1.0
83100,520,163,1.383007,0.336845,-0.381086,0.0,7e-06,0.00169433,-0.202902,-1.0,-0.445856,0.690707,0.250317,2080.9,30.8,58.2,609.4,100.0,1.0
83262,521,162,-2.866301,0.669802,-0.34433,0.0,0.0,0.00163113,-0.415876,-1.0,-0.922947,0.241191,0.289991,1802.3,36.3,59.8,699.7,100.0,1.0
83421,522,159,4.473145,0.2,-0.249417,0.0,0.170469,0.00140338,0.013549,-1.0,0.498639,1.0,0.181577,3006.1,21.8,48.6,703.6,100.0,1.0
83587,523,166,5.03556,0.748077,-0.355672,0.0,0.0,0.00219877,-0.09869,-1.0,-0.496492,1.0,0.245206,2784.7,28.4,77.7,310.1,100.0,1.0
83750,524,163,0.376827,0.473351,-0.407067,0.004823,0.0,0.00197544,-0.302039,-1.0,-1.0,0.552419,0.226927,1717.0,27.7,55.6,480.9,100.0,1.0
83909,525,159,1.770591,0.2,-0.413602,0.012348,0.0,0.00182667,-0.196771,-1.0,-0.842308,0.805694,0.222667,1904.3,26.4,63.5,550.1,100.0,1.0
84066,526,157,1.555955,0.546279,-0.439716,0.00605,0.0,0.00177265,-0.195986,-1.0,-0.850575,0.8022,0.208492,1783.7,24.7,58.8,406.1,100.0,1.0
84223,527,157,3.177429,0.2,-0.411258,0.011172,0.030191,0.00180545,-0.11553,-1.0,-0.810977,1.0,0.172163,1599.8,19.6,58.8,604.2,100.0,1.0
84382,528,159,-1.726678,0.988475,-0.393268,0.00199,0.0,0.00171607,-0.364019,-1.0,-0.90911,0.383572,0.286793,1927.1,34.8,71.7,584.5,100.0,1.0
84541,529,159,3.309284,0.783618,-0.370402,0.016737,0.0,0.00156878,-0.074632,-1.0,-0.300178,1.0,0.22307,2394.9,27.6,50.3,492.3,100.0,1.0
84702,530,161,-0.004752,0.611941,-0.359085,0.005462,0.0,0.00151486,-0.244051,-1.0,-0.751265,0.682369,0.28877,2356.4,35.0,72.8,648.7,100.0,1.0
84862,531,160,-2.147268,0.437409,0.708773,0.014273,0.0,0.00203272,-0.438556,-1.0,-1.0,0.16569,0.232738,1289.2,27.6,65.3,306.2,100.0,1.0
85024,532,162,5.079836,0.248772,-0.264738,0.000281,4.3e-05,0.00140055,0.041117,-1.0,0.962926,1.0,0.275878,3780.0,33.9,64.5,712.7,100.0,1.0
85180,533,156,3.505593,0.529187,-0.265067,0.005998,0.0,0.00167029,-0.075671,-1.0,-0.388475,1.0,0.18412,2820.1,21.2,60.1,558.0,100.0,1.0
85344,534,164,-3.235573,1.0,-0.48853,0.0,0.0,0.00209535,-0.514299,-1.0,-1.0,-0.066258,0.205544,915.8,24.5,56.5,418.6,100.0,1.0
85501,535,157,-1.81657,0.405469,-0.329106,0.002832,1.7e-05,0.00172154,-0.366002,-1.0,-0.864792,0.354938,0.268756,1770.9,32.7,66.7,673.9,100.0,1.0
85654,536,153,1.665672,0.229773,-0.366525,0.00133,0.00678,0.00165642,-0.165583,-1.0,-0.797648,0.875257,0.210788,1909.6,25.5,54.3,448.5,100.0,1.0
85813,537,159,4.311162,0.2,-0.435391,0.0,0.013618,0.00194396,-0.081972,-1.0,-0.285372,0.969728,0.214196,2058.0,26.1,52.2,472.3,100.0,1.0
85973,538,160,3.917435,0.489555,-0.22374,0.0,0.0,0.00172464,-0.069611,-1.0,-0.303725,1.0,0.196195,2677.7,24.4,42.3,588.7,100.0,1.0
86136,539,163,2.354329,0.2,-0.445517,0.000791,0.086416,0.00133016,-0.092834,-1.0,-0.534862,1.0,0.196737,1902.3,22.6,64.7,630.4,100.0,1.0
86295,540,159,3.169002,0.2,-0.299293,1.1e-05,0.058629,0.0016162,-0.090198,-1.0,-0.543911,1.0,0.179033,2215.9,21.2,51.6,615.9,100.0,1.0
86452,541,157,2.423235,0.2,-0.398455,0.003976,0.001916,0.0013718,-0.087889,-1.0,-0.420866,1.0,0.229014,2140.8,26.7,69.8,631.0,100.0,1.0
86618,542,166,3.499568,0.371912,-0.413848,0.0,0.0,0.00163688,-0.087731,-1.0,-0.481078,1.0,0.198114,1961.1,23.8,52.0,831.1,100.0,1.0
86779,543,161,3.461595,0.410822,-0.323655,0.020704,0.0,0.00180398,-0.108524,-1.0,-0.691749,1.0,0.196744,1927.9,24.0,47.9,320.4,100.0,1.0
86937,544,158,2.370029,0.35135,-0.366731,0.00451,1.1e-05,0.00151068,-0.114147,-1.0,-0.793642,1.0,0.173916,1812.2,19.2,65.9,753.3,100.0,1.0
87104,545,167,0.593589,0.565073,-0.387561,0.005254,0.0,0.0015278,-0.223897,-1.0,-0.58647,0.678478,0.263587,2150.5,32.0,65.6,750.7,100.0,1.0
87257,546,153,5.296392,0.320594,-0.332979,0.0,1.1e-05,0.0019991,-0.02792,-1.0,0.033378,1.0,0.15629,2381.7,17.8,52.8,409.9,100.0,1.0
87420,547,163,3.004561,0.2,-0.452565,0.021127,0.021495,0.00176729,-0.130395,-1.0,-1.0,1.0,0.151973,1373.7,17.1,54.1,615.4,100.0,1.0
87581,548,161,-1.824736,0.2,0.641939,0.015946,0.0,0.00166779,-0.364199,-1.0,-0.485612,0.211803,0.198845,1187.0,24.5,45.7,667.1,100.0,1.0
87742,549,161,2.594182,0.326968,-0.387365,0.004635,0.0,0.00135757,-0.082469,-1.0,-0.499522,1.0,0.162582,1896.7,18.6,54.2,712.3,100.0,1.0
87906,550,164,4.350442,0.365544,-0.333071,0.0,0.0,0.00169194,-0.049402,-1.0,-0.192113,1.0,0.150954,2307.6,16.9,54.4,457.0,100.0,1.0
88067,551,161,4.424526,0.844287,-0.276162,0.0,0.0,0.00168527,-0.039479,-1.0,0.091547,1.0,0.243167,3153.8,29.4,62.6,652.2,100.0,1.0
88221,552,154,3.223917,0.2,-0.332425,0.0,0.05544,0.00174368,-0.099651,-1.0,-0.575171,1.0,0.21067,2096.1,25.3,56.5,644.7,100.0,1.0
88380,553,159,-3.225695,0.572822,-0.479598,0.023696,0.0,0.00165619,-0.432203,-1.0,-1.0,0.169054,0.206858,1151.2,24.6,57.6,619.2,100.0,1.0
88541,554,161,4.284177,1.0,-0.335656,0.0,0.000115,0.00235005,-0.154107,-1.0,-0.842519,0.924182,0.216595,1952.4,25.4,65.0,565.2,100.0,1.0
88712,555,171,-1.058573,1.0,0.714982,0.012884,0.0,0.00185491,-0.372592,-1.0,-1.0,0.327928,0.186834,1147.3,21.6,59.4,681.8,100.0,1.0
88877,556,165,2.234718,1.0,-0.501373,0.0,0.0,0.00231726,-0.265417,-1.0,-0.722924,0.578741,0.228422,1662.7,26.3,73.5,178.8,100.0,1.0
89038,557,161,-0.869802,0.2,0.642417,0.0,0.051674,0.0020886,-0.381824,-1.0,-0.367717,0.134958,0.211437,1173.3,25.8,50.9,515.8,100.0,1.0
89197,558,159,1.231055,0.556739,-0.385765,0.016713,0.0,0.00160959,-0.191423,-1.0,-1.0,0.85211,0.198305,1675.2,22.6,66.7,562.4,100.0,1.0
89360,559,163,4.23762,1.0,-0.253251,0.009912,0.0,0.00216874,-0.131765,-1.0,-0.976295,1.0,0.170679,1713.6,17.9,75.3,462.8,100.0,1.0
89523,560,163,3.017957,0.281065,-0.485113,0.014232,3.8e-05,0.00184531,-0.142857,-1.0,-1.0,0.968188,0.158614,1346.4,17.1,64.8,473.9,100.0,1.0
89685,561,162,4.047713,0.272747,-0.297358,0.0,0.0,0.00165996,-0.057202,-1.0,-0.168129,1.0,0.201945,2824.8,24.3,53.4,475.8,100.0,1.0
89848,562,163,0.901736,0.257037,-0.447084,0.005123,0.016935,0.00165741,-0.222963,-1.0,-1.0,0.744139,0.167059,1296.6,18.6,61.6,575.4,100.0,1.0
90010,563,162,5.544802,0.2,-0.22651,0.0,0.047797,0.00146824,0.051896,-1.0,1.0,1.0,0.24052,2915.4,30.2,48.3,630.6,100.0,1.0
90169,564,159,3.304619,0.2,-0.284941,0.0,0.002749,0.00177712,-0.109914,-1.0,-0.769339,1.0,0.1649,1961.9,18.9,54.8,756.8,100.0,1.0
90328,565,159,2.587749,0.2,-0.405319,0.0,0.000371,0.00162538,-0.123277,-1.0,-0.867507,1.0,0.182633,1656.9,19.3,79.0,549.0,100.0,1.0
90489,566,161,3.429368,0.345741,-0.314785,0.001588,0.0,0.00176614,-0.105343,-1.0,-0.829494,1.0,0.111966,2145.2,12.2,44.5,495.3,100.0,1.0
90654,567,165,4.100937,0.264799,-0.492914,0.014531,1e-05,0.00174761,-0.074397,-1.0,-0.402169,1.0,0.170903,1631.4,19.1,61.7,676.5,100.0,1.0
90813,568,159,-2.211237,0.239519,0.669528,0.0,0.030363,0.00178587,-0.399275,-1.0,-1.0,0.241326,0.168697,971.5,19.6,52.9,525.1,100.0,1.0
90978,569,165,3.982397,0.999368,-0.302729,0.018076,0.0,0.00200781,-0.123585,-1.0,-0.953127,1.0,0.141363,1766.1,15.6,53.8,499.2,100.0,1.0
91137,570,159,3.84273,0.2,-0.346938,0.0,0.0,0.0018985,-0.101503,-1.0,-0.662767,1.0,0.176131,2060.1,21.3,45.4,682.2,100.0,1.0
91295,571,158,5.231522,1.0,-0.239689,0.015,0.0,0.00227603,-0.086945,-1.0,-0.523783,1.0,0.172833,2508.2,19.3,62.7,262.0,100.0,1.0
91453,572,158,3.689137,1.0,-0.378303,0.007177,0.0,0.00188032,-0.104798,-1.0,-0.811616,1.0,0.118184,1734.5,13.3,42.1,379.5,100.0,1.0
91613,573,160,5.850856,0.880207,-0.305269,0.0,0.000172,0.0022515,-0.055424,-1.0,-0.189663,1.0,0.182288,2175.4,20.3,67.2,485.9,100.0,1.0
91770,574,157,1.561367,0.2,-0.538499,0.010199,0.0,0.0018331,-0.2064,-1.0,-1.0,0.787875,0.160779,1302.9,18.2,55.4,352.5,100.0,1.0
91932,575,162,3.62445,0.393018,-0.294802,0.0,0.0,0.00187933,-0.115668,-1.0,-0.845634,1.0,0.155523,1798.8,18.2,46.6,469.7,100.0,1.0
92091,576,159,3.070531,0.292429,-0.497676,0.00659,0.0,0.00177451,-0.122243,-1.0,-1.0,1.0,0.111216,1381.1,12.8,35.9,520.5,100.0,1.0
92249,577,158,5.804688,0.495524,-0.378193,0.0,0.0,0.00219226,-0.044231,-1.0,-0.247314,1.0,0.097496,1902.1,10.4,40.8,278.6,100.0,1.0
92405,578,156,5.647899,0.539492,-0.357402,0.0,0.0,0.00231258,-0.066788,-1.0,-0.411034,1.0,0.128422,1819.4,13.9,52.2,286.8,100.0,1.0
92567,579,162,4.459076,0.628281,-0.425844,0.002102,0.0,0.00188991,-0.07405,-1.0,-0.427018,1.0,0.156741,1935.3,18.5,45.8,555.5,100.0,1.0
92719,580,152,3.449105,0.252479,-0.347127,0.0,3.9e-05,0.00187339,-0.105252,-1.0,-0.822507,1.0,0.115008,1472.2,12.3,47.6,427.2,100.0,1.0
92875,581,156,5.057892,0.422725,-0.428177,0.015727,3e-06,0.00182547,-0.021638,-1.0,0.133615,1.0,0.174999,2149.4,20.2,56.5,318.3,100.0,1.0
93036,582,161,3.79485,0.439727,-0.344424,0.0,0.0,0.0016078,-0.061469,-1.0,-0.229678,1.0,0.192507,2120.5,22.7,56.4,621.5,100.0,1.0
93196,583,160,4.658398,0.490937,-0.195192,0.000772,0.0,0.00215426,-0.102512,-1.0,-0.637474,1.0,0.193821,2122.1,22.1,64.9,338.9,100.0,1.0
93353,584,157,6.734349,1.0,-0.296267,0.0,0.0,0.00285121,-0.097548,-1.0,-0.650315,1.0,0.162581,2213.6,18.3,57.5,174.7,100.0,1.0
93506,585,153,2.01608,0.2,-0.455669,0.000358,0.115608,0.00183397,-0.175657,-1.0,-1.0,0.85471,0.124031,1044.6,14.1,42.5,525.2,100.0,1.0
93662,586,156,6.059348,1.0,-0.393495,0.0,0.0,0.00242639,-0.063291,-1.0,-0.370238,1.0,0.131337,2073.7,15.4,39.4,477.4,100.0,1.0
93826,587,164,0.020306,0.2,-0.477461,0.0,0.0,0.00159005,-0.25965,-1.0,-0.995876,0.645455,0.179858,1436.7,21.8,45.1,797.5,100.0,1.0
93982,588,156,1.001121,1.0,0.648482,0.0,0.0,0.00224656,-0.298386,-1.0,-0.803492,0.480592,0.181222,1239.3,20.9,57.9,289.2,100.0,1.0
94144,589,162,4.522889,0.206854,-0.222351,0.008495,0.005023,0.00212251,-0.108623,-1.0,-0.772707,1.0,0.156762,2207.2,16.1,73.8,454.9,100.0,1.0
94310,590,166,2.954221,0.2,-0.423979,0.009956,0.008799,0.00156792,-0.106596,-1.0,0.036446,0.832524,0.258119,2278.5,31.1,67.5,878.3,100.0,1.0
94464,591,154,4.672761,0.876425,-0.466579,0.007774,0.0,0.00237626,-0.123048,-1.0,-1.0,1.0,0.115242,1149.2,12.1,50.9,276.4,100.0,1.0
94622,592,158,1.701752,0.2,-0.511404,0.0,0.0,0.00195575,-0.220525,-1.0,-1.0,0.715415,0.104599,719.2,10.5,52.1,565.9,100.0,1.0
94784,593,162,3.360349,0.242806,-0.38517,0.017541,0.0,0.00184646,-0.124444,-1.0,-1.0,1.0,0.122222,1626.3,13.9,41.1,410.9,100.0,1.0
94949,594,165,5.720471,0.85457,-0.304216,0.0,0.0,0.00189609,-0.015625,-1.0,0.09738,1.0,0.126817,2711.9,14.5,42.2,356.0,100.0,1.0
95109,595,160,2.762457,0.423121,-0.327974,0.0,0.0,0.0016612,-0.122262,-1.0,-0.892442,1.0,0.16509,1925.3,18.4,60.0,688.0,100.0,1.0
95263,596,154,5.362628,0.684217,-0.387319,0.004862,0.0,0.00209726,-0.044535,-1.0,-0.260827,1.0,0.09226,2130.2,9.5,42.4,354.6,100.0,1.0
95419,597,156,4.231179,0.447318,-0.43417,0.000674,0.000226,0.00206836,-0.102963,-1.0,-0.792022,1.0,0.118806,1179.6,12.9,47.3,497.1,100.0,1.0
95573,598,154,-0.81266,0.2,0.661073,0.0,0.030824,0.00175569,-0.312527,-1.0,-0.919379,0.456902,0.152525,1017.5,17.5,50.5,581.0,100.0,1.0
95733,599,160,0.269944,0.411633,-0.491055,0.0,0.0,0.00188276,-0.287203,-1.0,-1.0,0.537366,0.126404,919.0,14.9,36.3,780.5,100.0,1.0
95893,600,160,4.577981,1.0,-0.314174,0.012047,0.0,0.00228268,-0.127628,-1.0,-0.908548,1.0,0.183868,1918.4,20.3,69.5,398.9,100.0,1.0
96052,601,159,7.020483,0.579247,-0.403517,0.0,0.0,0.00202123,0.042961,-1.0,0.633639,1.0,0.102014,2205.6,11.3,38.2,373.5,100.0,1.0
96205,602,153,4.095958,0.953194,-0.375751,0.008342,0.0,0.00215562,-0.117266,-1.0,-1.0,1.0,0.086332,833.6,9.5,32.6,465.2,100.0,1.0
96365,603,160,2.566069,0.2,-0.362459,0.008735,0.0163,0.00162562,-0.126912,-1.0,-1.0,1.0,0.134562,1597.1,15.8,40.1,849.6,100.0,1.0
96523,604,158,1.779252,0.460169,-0.421181,0.000106,9e-06,0.00138134,-0.125929,-1.0,-1.0,1.0,0.129644,1349.2,15.0,40.6,937.8,100.0,1.0
96680,605,157,3.168579,0.77969,-0.37762,0.0,0.0,0.00184825,-0.125895,-1.0,-1.0,1.0,0.129477,1291.2,15.0,41.4,603.1,100.0,1.0
96841,606,161,6.654124,0.330839,-0.231804,0.003926,1.7e-05,0.00259545,-0.073019,-1.0,-0.445027,1.0,0.142583,2628.2,15.6,56.2,384.1,100.0,1.0
97005,607,164,-3.828358,0.2,0.682066,0.002874,0.000162,0.00190219,-0.510627,-1.0,-1.0,-0.066175,0.18733,820.9,22.0,55.8,504.1,100.0,1.0
97169,608,164,4.552259,0.2,-0.438495,0.000773,0.011464,0.00211396,-0.110541,-1.0,-1.0,1.0,0.052707,1282.6,4.2,39.3,418.7,100.0,1.0
97325,609,156,6.270442,0.262565,-0.391582,0.000223,0.006855,0.00201755,0.010527,-1.0,0.362489,1.0,0.128607,2458.2,14.7,42.3,309.0,100.0,1.0
97490,610,165,2.538988,0.219838,-0.446652,0.020533,0.009078,0.00147896,-0.112297,-1.0,-0.552917,0.951467,0.200093,1916.6,24.6,47.0,590.7,100.0,1.0
97651,611,161,3.158665,0.2,-0.407885,0.003792,0.203345,0.0017121,-0.111855,-1.0,-0.79991,1.0,0.159321,1461.3,18.1,54.7,773.2,100.0,1.0
97810,612,159,4.873161,0.256649,-0.348569,0.012508,2.2e-05,0.00216418,-0.091527,-1.0,-0.668185,1.0,0.123544,1963.3,13.8,44.6,371.3,100.0,1.0
97971,613,161,6.922127,0.85732,-0.247949,0.0,0.0,0.0021235,0.016853,-1.0,0.464574,1.0,0.14802,3569.7,16.6,52.9,289.1,100.0,1.0
98131,614,160,0.33804,0.334945,-0.355087,0.024426,0.0,0.00187241,-0.282049,-1.0,-1.0,0.577833,0.171452,1240.3,19.7,56.5,496.6,100.0,1.0
98286,615,155,5.561973,0.528364,-0.374341,0.0,0.0,0.00178428,0.011593,-1.0,0.331366,1.0,0.107717,2014.4,12.5,33.1,644.2,100.0,1.0
98446,616,160,-1.576543,0.674862,0.630707,0.0,0.0,0.00190649,-0.386661,-1.0,-0.809021,0.228808,0.17921,1062.8,21.6,46.4,457.6,100.0,1.0
98606,617,160,3.268935,0.465314,-0.303145,0.011091,0.0,0.00160098,-0.086849,-1.0,-0.561926,1.0,0.153282,1934.0,18.0,46.0,469.9,100.0,1.0
98770,618,164,4.844646,1.0,-0.472687,0.02387,0.0,0.00229843,-0.126189,-1.0,-1.0,1.0,0.130945,1357.0,13.6,59.0,330.5,100.0,1.0
98930,619,160,3.600072,0.204595,-0.387078,0.000373,0.063885,0.00178382,-0.099057,-1.0,-0.675794,1.0,0.15739,1560.4,19.1,39.5,561.9,100.0,1.0
99089,620,159,2.73544,0.2,-0.426147,0.0,0.170733,0.00170919,-0.130183,-1.0,-1.0,1.0,0.150915,1566.4,16.7,56.2,654.1,100.0,1.0
99246,621,157,3.110925,0.359312,-0.395201,0.008557,0.0,0.00161434,-0.092512,-1.0,-0.638428,1.0,0.143344,1699.5,17.5,34.7,654.0,100.0,1.0
99408,622,162,4.796969,0.278755,-0.316518,0.0,4.3e-05,0.00196163,-0.069753,-1.0,-0.405131,1.0,0.1462,2032.0,17.9,34.8,420.9,100.0,1.0
99572,623,164,4.947347,0.885223,-0.279318,0.010339,0.0,0.00191479,-0.058258,-1.0,-0.342732,1.0,0.119924,2722.8,13.0,47.9,380.8,100.0,1.0
99735,624,163,2.743137,0.2,-0.420541,0.0,0.029566,0.00162594,-0.123217,-1.0,-1.0,1.0,0.116083,1279.6,12.8,44.0,778.5,100.0,1.0
99898,625,163,3.460833,0.393288,-0.379843,0.0,3e-06,0.00148664,-0.063515,-1.0,-0.391775,1.0,0.12169,1778.2,13.9,40.8,567.9,100.0,1.0
100058,626,160,0.542353,0.204121,-0.438746,0.0,0.01963,0.00191876,-0.278996,-1.0,-1.0,0.587294,0.172743,1307.3,20.6,47.7,481.3,100.0,1.0
100222,627,164,3.319488,0.360587,-0.352333,0.021111,3e-06,0.0018299,-0.128686,-1.0,-1.0,1.0,0.143428,1586.6,15.5,58.8,542.4,100.0,1.0
100381,628,159,5.537457,0.382425,-0.278205,0.0,0.0,0.00225297,-0.072382,-1.0,-0.531149,1.0,0.096337,1866.9,10.8,34.3,285.7,100.0,1.0
100547,629,166,5.255815,0.46514,-0.304334,0.0,8e-06,0.00205924,-0.070561,-1.0,-0.458189,1.0,0.12371,2182.4,14.5,37.1,490.7,100.0,1.0
100604,630,57,-7.44845,0.417954,0.617426,0.0,0.0,0.00235781,-0.805947,-1.0,-1.0,-1.0,0.029737,0.0,4.0,3.3,87.0,100.0,1.0
100770,631,166,1.206285,0.366715,-0.38129,0.025591,8e-05,0.00165539,-0.212416,-1.0,-1.0,0.778386,0.174254,1406.4,19.8,59.8,880.2,100.0,1.0
100934,632,164,4.161143,0.2,-0.380159,0.000178,0.058559,0.0013726,-0.010151,-1.0,0.166012,1.0,0.133759,2027.6,16.4,31.9,869.1,100.0,1.0
101091,633,157,4.127591,0.421603,0.6844,0.006586,0.0,0.00198099,-0.09789,-1.0,-0.730581,1.0,0.124158,1253.4,15.3,28.4,345.7,100.0,1.0
101251,634,160,1.60394,0.2,-0.446586,0.002035,0.318469,0.00139955,-0.141085,-1.0,-1.0,0.947805,0.114084,1071.9,13.8,29.6,930.6,100.0,1.0
101416,635,165,3.090343,0.482201,-0.45215,0.002329,0.0,0.00196556,-0.164855,-1.0,-0.710641,0.833866,0.17822,1491.3,20.3,59.8,532.4,100.0,1.0
101577,636,161,3.063872,0.362304,-0.377466,0.0,0.0,0.00141067,-0.069013,-1.0,-0.327483,1.0,0.181324,1987.7,22.4,40.3,626.1,100.0,1.0
101732,637,155,4.751973,1.0,-0.31828,0.0,0.0,0.00215366,-0.088758,-1.0,-0.675522,1.0,0.10603,1892.7,11.5,42.6,265.2,100.0,1.0
101899,638,167,4.100001,0.720798,-0.438943,0.00963,0.0,0.00215672,-0.148814,-1.0,-0.994971,0.948256,0.15603,1379.4,17.7,53.5,524.9,100.0,1.0
102060,639,161,-2.671021,0.2,-0.462601,0.000359,0.0,0.00163358,-0.400679,-1.0,-1.0,0.254507,0.198781,1183.8,23.6,56.1,586.7,100.0,1.0
102223,640,163,3.973329,0.396105,-0.274204,0.0,1e-06,0.00168747,-0.070221,-1.0,-0.347272,1.0,0.177469,2179.6,20.3,58.9,661.0,100.0,1.0
102380,641,157,3.619099,0.664453,-0.261351,0.009067,0.0,0.00173557,-0.085984,-1.0,-0.542709,1.0,0.158564,2619.4,18.7,45.9,463.4,100.0,1.0
102542,642,162,-2.127273,0.33053,0.613517,0.0,9e-06,0.00166318,-0.378954,-1.0,-1.0,0.281187,0.136848,851.1,16.6,34.3,510.3,100.0,1.0
102707,643,165,0.976958,0.2,-0.379205,0.001545,0.274564,0.00132796,-0.168751,-1.0,-1.0,0.884298,0.141275,1317.1,17.5,31.6,1121.3,100.0,1.0
102871,644,164,6.406586,0.89015,-0.291273,0.0,0.0,0.00258997,-0.094935,-1.0,-0.710098,1.0,0.119624,2300.9,13.0,47.5,315.2,100.0,1.0
103036,645,165,3.786752,0.2,-0.371436,0.0,0.0003,0.00158932,-0.067125,-1.0,-0.436316,1.0,0.117467,1895.4,13.8,34.3,547.2,100.0,1.0
103206,646,170,1.781669,0.2,-0.508463,0.002763,0.0,0.00195044,-0.239811,-1.0,-1.0,0.663038,0.109371,812.3,12.2,39.8,521.0,100.0,1.0
103366,647,160,2.416041,0.2,-0.377192,0.00073,0.0,0.00156249,-0.125549,-1.0,-0.992742,1.0,0.131375,1468.5,15.4,38.9,635.8,100.0,1.0
103527,648,161,4.405385,0.671053,-0.222724,0.001841,0.0,0.00214461,-0.11852,-1.0,-0.922044,1.0,0.131576,2002.1,14.7,48.3,439.0,100.0,1.0
103687,649,160,4.381646,0.682929,-0.422544,0.0,0.0,0.00222974,-0.131279,-1.0,-0.968683,1.0,0.172056,1802.1,20.2,50.7,344.6,100.0,1.0
103850,650,163,2.775517,0.2,-0.375117,0.0,0.051039,0.00137612,-0.081443,-1.0,-0.565487,1.0,0.124469,1771.6,14.3,40.3,582.4,100.0,1.0
104016,651,166,3.7728,0.318513,-0.318316,0.0,6e-06,0.00185147,-0.113247,-1.0,-0.926179,1.0,0.103147,1790.4,10.5,49.7,540.7,100.0,1.0
104174,652,158,3.031387,0.35102,-0.309902,0.015094,0.0,0.00166992,-0.107897,-1.0,-0.821604,1.0,0.128683,1966.0,14.4,46.4,570.1,100.0,1.0
104337,653,163,3.775453,0.2,-0.459753,0.012583,0.078057,0.00193539,-0.121331,-1.0,-1.0,1.0,0.106655,1280.6,11.7,40.9,556.9,100.0,1.0
104496,654,159,3.122312,0.262372,-0.458072,0.000629,0.010697,0.00175923,-0.119196,-1.0,-0.964855,1.0,0.113552,1312.1,13.5,32.0,577.4,100.0,1.0
104657,655,161,3.137919,0.518011,-0.448408,0.008941,5e-06,0.00187834,-0.141142,-1.0,-0.876291,0.933898,0.151885,1431.4,18.5,37.3,805.4,100.0,1.0
104814,656,157,4.017516,0.392264,-0.354054,0.009069,0.0,0.0016846,-0.05807,-1.0,-0.409332,1.0,0.085682,1965.8,9.0,38.4,568.1,100.0,1.0
104978,657,164,3.282242,0.430546,-0.292472,0.0,0.0,0.00170792,-0.111507,-1.0,-0.909235,1.0,0.102916,1678.7,10.8,45.5,654.8,100.0,1.0
105137,658,159,3.624973,0.791388,-0.429063,0.0,0.0,0.00195676,-0.124995,-1.0,-1.0,1.0,0.124977,1253.3,14.5,39.1,499.6,100.0,1.0
105297,659,160,3.651363,0.2,-0.322735,0.0,0.037777,0.0013719,-0.032065,-1.0,-0.074873,1.0,0.122889,2243.8,14.7,33.4,648.7,100.0,1.0
105457,660,160,3.518078,0.241918,0.669781,0.0,0.003636,0.00187322,-0.119192,-1.0,-1.0,1.0,0.095962,1047.4,10.1,41.5,513.2,100.0,1.0
105627,661,170,3.376134,0.567441,-0.507383,0.001955,0.0,0.00155051,-0.090368,-1.0,-0.685293,1.0,0.109192,1451.8,13.0,30.8,675.7,100.0,1.0
105794,662,167,4.974836,0.762156,-0.31318,0.009363,0.0,0.00212916,-0.10046,-1.0,-0.817899,1.0,0.09335,2087.6,8.4,57.8,403.9,100.0,1.0
105948,663,154,3.588719,1.0,-0.044015,0.000152,0.0,0.00190334,-0.109085,-1.0,-0.788285,1.0,0.15128,2003.8,17.6,46.6,513.8,100.0,1.0
106110,664,162,3.704097,0.303039,-0.376276,0.008736,0.0,0.00191893,-0.120985,-1.0,-1.0,1.0,0.104923,1380.8,11.3,42.9,511.8,100.0,1.0
106270,665,160,-2.446842,0.685992,0.606717,0.00033,0.0,0.00199153,-0.444058,-1.0,-1.0,0.098555,0.142762,725.7,16.5,45.3,389.7,100.0,1.0
106424,666,154,-2.033718,0.361124,-0.451623,0.00033,0.0,0.00184154,-0.38783,-1.0,-1.0,0.255763,0.136737,836.0,16.6,33.7,419.9,100.0,1.0
106586,667,162,4.026487,0.426026,-0.380482,0.012779,0.0,0.00188135,-0.098421,-1.0,-0.755205,1.0,0.114501,1744.6,12.5,44.5,386.0,100.0,1.0
106741,668,155,3.831152,0.2,-0.36841,0.00283,0.005405,0.00173761,-0.073017,-1.0,-0.449059,1.0,0.140554,1851.4,17.2,34.0,697.2,100.0,1.0
106895,669,154,3.578373,0.30353,-0.386769,0.0,0.011415,0.0019778,-0.121272,-1.0,-1.0,1.0,0.106361,1360.1,11.6,42.3,478.9,100.0,1.0
107052,670,157,3.544529,0.2,0.663806,0.0,0.012463,0.00190777,-0.117958,-1.0,-1.0,1.0,0.089791,802.9,9.6,38.2,601.6,100.0,1.0
107210,671,158,3.673099,0.348671,-0.371245,0.003987,1e-05,0.00169234,-0.079267,-1.0,-0.538008,1.0,0.127333,1884.9,14.0,48.3,687.0,100.0,1.0
107368,672,158,3.763255,0.2,-0.331327,0.0,0.252757,0.00199092,-0.121895,-1.0,-0.979243,1.0,0.119852,1822.9,12.7,51.4,555.4,100.0,1.0
107525,673,157,6.943295,0.2,-0.317029,0.016146,0.019263,0.0017598,0.079095,-1.0,1.0,1.0,0.104524,2715.0,12.1,32.6,498.4,100.0,1.0
107687,674,162,4.437189,0.761962,-0.385159,0.004555,0.0,0.00198418,-0.094376,-1.0,-0.674203,1.0,0.134778,1699.7,16.6,30.7,409.2,100.0,1.0
107847,675,160,1.499065,0.327394,-0.535988,0.0,3.2e-05,0.00183243,-0.216477,-1.0,-1.0,0.74214,0.131131,1063.2,15.3,40.5,451.0,100.0,1.0
108011,676,164,2.612083,0.2,-0.455409,0.0,0.0,0.00153893,-0.11872,-1.0,-0.88705,1.0,0.150074,1537.5,17.3,48.7,541.4,100.0,1.0
108170,677,159,4.258142,0.954313,-0.402611,0.0,0.0,0.00214447,-0.123217,-1.0,-1.0,1.0,0.116086,1441.8,12.9,42.7,444.3,100.0,1.0
108333,678,163,4.568754,0.325353,-0.304845,0.004913,5.1e-05,0.00191186,-0.078022,-1.0,-0.51797,1.0,0.131127,1880.2,14.7,47.4,537.9,100.0,1.0
108495,679,162,4.336792,0.2,-0.437899,0.000548,4e-06,0.00198051,-0.099154,-1.0,-0.788868,1.0,0.101337,1351.4,12.0,29.2,855.3,100.0,1.0
108651,680,156,3.59899,0.664108,-0.531985,0.0,0.0,0.0018291,-0.101355,-1.0,-0.841036,1.0,0.086258,1322.7,9.8,29.3,306.0,100.0,1.0
108807,681,156,3.734612,0.438541,-0.27178,0.01517,0.0,0.0019643,-0.115572,-1.0,-0.919964,1.0,0.117878,1796.7,14.1,32.5,610.0,100.0,1.0
108971,682,164,-0.467235,0.289542,-0.437751,0.005045,0.018595,0.00153499,-0.275542,-1.0,-1.0,0.592189,0.164041,1301.6,20.4,35.0,549.1,100.0,1.0
109130,683,159,6.781746,1.0,-0.385593,0.002868,0.0,0.00226504,-0.013711,-1.0,0.181778,1.0,0.159444,2237.8,19.2,41.5,510.1,100.0,1.0
109290,684,160,2.323054,0.2,-0.399701,0.000693,0.0,0.00152309,-0.124978,-1.0,-1.0,1.0,0.124891,1181.5,14.6,37.6,746.2,100.0,1.0
109452,685,162,-3.080209,0.540505,0.670985,0.008779,3e-06,0.00190358,-0.465688,-1.0,-1.0,0.049108,0.164379,802.8,19.1,50.8,418.9,100.0,1.0
109608,686,156,2.985677,0.413672,-0.473727,0.0,0.0,0.00173677,-0.118444,-1.0,-1.0,1.0,0.09222,1039.0,9.7,41.0,657.6,100.0,1.0
109760,687,152,6.98504,1.0,-0.295962,0.001536,0.0,0.00233739,0.001311,-1.0,0.255647,1.0,0.121267,2453.7,14.1,37.7,415.1,100.0,1.0
109917,688,157,0.843239,0.379123,-0.443861,0.02474,0.0,0.00180773,-0.240742,-1.0,-1.0,0.674411,0.133929,1004.2,15.0,48.3,534.1,100.0,1.0
110076,689,159,4.849693,0.2,-0.389404,0.004005,0.054119,0.00200918,-0.071909,-1.0,-0.429732,1.0,0.144678,1912.5,16.9,44.5,478.2,100.0,1.0
110237,690,161,3.329085,0.225926,-0.390685,0.002925,0.021604,0.00181842,-0.122832,-1.0,-0.921865,1.0,0.153227,1691.8,17.3,53.4,548.3,100.0,1.0
110396,691,159,3.707676,0.546659,-0.352171,0.001495,4e-06,0.00138421,-0.030896,-1.0,-0.073478,1.0,0.117742,2371.8,13.6,37.0,745.6,100.0,1.0
110553,692,157,4.635115,0.782417,-0.360842,0.008827,0.0,0.00202563,-0.081614,-1.0,-0.717114,1.0,0.049515,1669.2,3.9,37.3,387.7,100.0,1.0
110709,693,156,4.638142,0.252884,-0.308646,0.0,0.01102,0.00191677,-0.062494,-1.0,-0.411122,1.0,0.106907,1855.3,12.7,29.7,787.2,100.0,1.0
110869,694,160,4.381334,0.471824,-0.310164,0.003912,0.0,0.00188305,-0.077885,-1.0,-0.613575,1.0,0.082636,2237.3,8.9,34.5,441.1,100.0,1.0
111029,695,160,-3.899959,0.2,0.649734,0.0,0.006823,0.0018531,-0.495335,-1.0,-1.0,-0.053146,0.133668,628.5,16.6,29.2,686.0,100.0,1.0
111188,696,159,5.314244,0.2,-0.30503,0.0,0.049449,0.00243724,-0.116629,-1.0,-1.0,1.0,0.083143,1457.1,8.8,35.4,260.5,100.0,1.0
111351,697,163,2.436956,0.368546,-0.331131,0.013204,7e-06,0.00136354,-0.097953,-1.0,-0.784539,1.0,0.097494,1559.3,11.2,31.5,1034.5,100.0,1.0
111512,698,161,4.532863,0.503257,-0.47102,0.00023,0.0,0.00198194,-0.088055,-1.0,-0.70862,1.0,0.085967,1402.9,9.6,31.4,594.5,100.0,1.0
111680,699,168,5.033346,0.429282,-0.469367,2.3e-05,0.0,0.0017258,-0.033438,-1.0,-0.114968,1.0,0.109705,1769.1,12.4,37.9,678.6,100.0,1.0
111838,700,158,4.267878,0.248433,-0.352855,0.0,0.0,0.00209428,-0.113484,-1.0,-0.975113,1.0,0.079864,1699.2,8.5,33.9,340.4,100.0,1.0
111998,701,160,4.896467,0.2,-0.444165,0.003834,0.172863,0.0018656,-0.049064,-1.0,-0.265958,1.0,0.112339,1815.3,12.9,36.2,588.4,100.0,1.0
112159,702,161,3.881055,0.2,-0.38629,0.012457,0.028325,0.00179025,-0.09056,-1.0,-0.700371,1.0,0.102613,1557.2,11.7,34.5,763.6,100.0,1.0
112319,703,160,3.542151,0.2,-0.409871,0.0,2e-06,0.00185251,-0.116029,-1.0,-0.962346,1.0,0.098974,1243.8,11.6,29.8,542.9,100.0,1.0
112481,704,162,4.201557,0.2,-0.41292,0.0,0.013012,0.00209329,-0.125227,-1.0,-1.0,1.0,0.126137,1284.6,15.1,33.6,662.6,100.0,1.0
112637,705,156,4.352999,0.2,-0.433614,0.001655,2e-06,0.00160078,-0.02814,-1.0,-0.047009,1.0,0.117194,2078.8,14.6,24.7,509.0,100.0,1.0
112792,706,155,3.622703,0.2,-0.412175,0.0,0.081467,0.00186982,-0.105468,-1.0,-0.908236,1.0,0.073223,1358.2,6.8,42.2,715.7,100.0,1.0
112959,707,167,2.542679,0.529519,-0.480861,0.0,0.0,0.0014085,-0.105808,-1.0,-0.764789,1.0,0.146648,1526.8,18.7,26.7,607.7,100.0,1.0
113122,708,163,3.14389,0.2,-0.363458,0.0,0.361168,0.00163916,-0.107256,-1.0,-0.897122,1.0,0.08772,1706.0,9.7,33.1,637.5,100.0,1.0
113280,709,158,2.5792,0.433263,-0.483678,0.0,0.0,0.00137553,-0.086168,-1.0,-0.374615,0.947127,0.151004,1476.6,19.0,30.5,728.3,100.0,1.0
113444,710,164,3.540494,0.345983,-0.361084,0.017607,1.2e-05,0.00158307,-0.079643,-1.0,-0.573697,1.0,0.111365,1924.0,12.3,42.6,464.8,100.0,1.0
113610,711,166,2.219126,0.2,-0.474647,0.0,0.020688,0.00164484,-0.160252,-1.0,-1.0,0.894287,0.116262,1038.0,13.7,34.0,651.9,100.0,1.0
113769,712,159,3.861501,0.482958,-0.297292,0.0,6e-06,0.00190351,-0.106505,-1.0,-0.826483,1.0,0.119286,1750.1,14.0,35.9,860.5,100.0,1.0
113928,713,159,4.428823,1.0,-0.397806,0.0,0.0,0.00184896,-0.06905,-1.0,-0.400378,1.0,0.145061,2365.1,18.5,26.4,619.5,100.0,1.0
114084,714,156,4.108259,0.406626,-0.34168,0.009365,2.3e-05,0.00176808,-0.067227,-1.0,-0.526624,1.0,0.072824,1908.1,8.1,27.4,500.8,100.0,1.0
114239,715,155,3.689801,0.2,-0.525605,0.0,0.007873,0.00176285,-0.085957,-1.0,-0.732667,1.0,0.063453,1071.4,7.0,23.9,427.6,100.0,1.0
114395,716,156,4.066235,0.21692,-0.407548,0.012207,0.0,0.00211704,-0.123944,-1.0,-1.0,1.0,0.119718,1307.2,13.9,37.8,380.4,100.0,1.0
114550,717,155,6.10524,0.2,-0.213756,0.003802,0.041367,0.00186696,0.02034,-1.0,0.392563,1.0,0.094584,3033.5,11.0,29.1,441.2,100.0,1.0
114702,718,152,4.07325,0.304308,-0.536239,0.004615,0.006438,0.00213617,-0.118116,-1.0,-1.0,1.0,0.09058,1107.3,10.7,25.9,485.8,100.0,1.0
114866,719,164,4.896952,0.2,-0.448258,0.0,0.050711,0.00211884,-0.099155,-1.0,-0.831334,1.0,0.080106,1364.6,9.0,29.0,448.0,100.0,1.0
115027,720,161,5.110968,0.829575,-0.395941,0.013202,0.0,0.00167927,-0.011103,-1.0,0.098002,1.0,0.104517,1746.9,13.6,16.0,547.6,100.0,1.0
115186,721,159,3.635287,0.2,-0.459512,0.0,0.0,0.0018829,-0.115027,-1.0,-1.0,1.0,0.075136,996.2,9.0,19.7,397.4,100.0,1.0
115345,722,159,6.123715,0.34576,-0.402604,0.000182,2.6e-05,0.00159113,0.057443,-1.0,0.812792,1.0,0.119183,2789.7,14.8,26.4,445.2,100.0,1.0
115501,723,156,4.828325,0.2,-0.479692,0.002613,0.151879,0.002162,-0.092582,-1.0,-0.738999,1.0,0.093412,1577.7,11.4,22.1,832.9,100.0,1.0
115660,724,159,2.334671,0.241172,0.6,0.0,2e-06,0.00168591,-0.149714,-1.0,-1.0,0.907811,0.087242,836.4,11.0,17.5,590.5,100.0,1.0
115818,725,158,2.911606,0.37834,-0.413198,0.002706,3e-06,0.00160907,-0.106693,-1.0,-0.904797,1.0,0.081066,1426.6,8.8,32.1,777.9,100.0,1.0
115980,726,162,4.328377,0.351486,-0.372986,0.0,0.0,0.00192194,-0.092112,-1.0,-0.738815,1.0,0.091151,1845.3,10.2,33.5,487.7,100.0,1.0
116143,727,163,1.52691,0.2,-0.529222,0.0,0.0,0.00203408,-0.254244,-1.0,-1.0,0.622682,0.110913,924.5,14.2,18.7,394.4,100.0,1.0
116303,728,160,2.989485,0.2,-0.461959,0.0,0.031204,0.00161412,-0.106861,-1.0,-0.829495,1.0,0.119558,1554.6,14.9,25.2,536.8,100.0,1.0
116459,729,156,2.786863,0.300951,-0.344347,0.0,0.006115,0.00149111,-0.091511,-1.0,-0.731302,1.0,0.091904,1764.7,10.7,27.8,813.2,100.0,1.0
116615,730,156,4.808974,0.843877,-0.3888,0.0,0.0,0.00202918,-0.073209,-1.0,-0.520535,1.0,0.105776,1619.1,12.5,30.9,578.3,100.0,1.0
116776,731,161,3.037233,0.2,-0.42411,0.0,0.32202,0.00162109,-0.1073,-1.0,-0.88696,1.0,0.09302,1706.3,11.1,25.5,473.6,100.0,1.0
116930,732,154,0.784283,0.330966,-0.461609,0.001574,3.5e-05,0.00162332,-0.210286,-1.0,-0.852874,0.729899,0.152316,1282.6,18.5,37.6,611.4,100.0,1.0
117091,733,161,5.357896,1.0,-0.410279,0.0,0.0,0.00235168,-0.107726,-1.0,-0.891809,1.0,0.092724,1535.6,10.4,33.0,330.4,100.0,1.0
117253,734,162,4.466683,0.384044,-0.337318,0.0,0.0,0.00201764,-0.101007,-1.0,-0.762185,1.0,0.123945,1307.7,14.5,37.2,479.1,100.0,1.0
117417,735,164,4.355414,0.557941,-0.344175,0.0,0.0,0.00207184,-0.119573,-1.0,-1.0,1.0,0.097865,1733.7,11.2,32.0,347.6,100.0,1.0
117578,736,161,1.851742,0.2,-0.523178,0.001155,2.1e-05,0.00174174,-0.186785,-1.0,-1.0,0.795579,0.07619,671.1,9.3,18.0,756.3,100.0,1.0
117737,737,159,-2.19457,0.2,-0.533891,0.0,0.096866,0.0019135,-0.415254,-1.0,-1.0,0.172027,0.127315,731.1,15.6,30.3,745.9,100.0,1.0
117895,738,158,3.972448,0.51755,0.676391,0.0,3.4e-05,0.00213263,-0.136131,-1.0,-0.999811,0.97321,0.13387,1333.5,16.9,26.0,466.9,100.0,1.0
118061,739,166,1.241202,0.806652,0.631869,0.0,0.0,0.00214915,-0.294019,-1.0,-1.0,0.499541,0.094293,705.3,11.8,20.0,315.3,100.0,1.0
118216,740,155,3.617143,0.331448,-0.363687,0.0,2.8e-05,0.0019482,-0.119118,-1.0,-1.0,1.0,0.09559,1228.1,11.7,22.5,515.1,100.0,1.0
118376,741,160,4.711994,0.2,-0.401061,0.0,0.055384,0.00195536,-0.074693,-1.0,-0.590956,1.0,0.077986,1745.3,9.0,25.2,538.3,100.0,1.0
118537,742,161,4.460234,0.605856,-0.308892,0.0,0.0,0.00166261,-0.042243,-1.0,-0.196836,1.0,0.112796,2304.4,13.5,30.7,508.0,100.0,1.0
118691,743,154,3.242996,0.2,-0.376767,0.0,0.014936,0.0018449,-0.120246,-1.0,-1.0,1.0,0.101229,1212.1,10.8,42.3,530.1,100.0,1.0
118853,744,162,-2.410333,0.277156,0.700336,0.004394,5.7e-05,0.00167689,-0.39341,-1.0,-0.970572,0.25035,0.169875,1088.8,21.8,29.2,542.5,100.0,1.0
119018,745,165,2.883373,0.229142,-0.386957,0.0,0.017291,0.00168177,-0.131813,-1.0,-1.0,1.0,0.159064,1571.9,19.3,39.9,709.2,100.0,1.0
119183,746,165,4.448753,0.35426,-0.325393,0.0,2.6e-05,0.00187435,-0.084612,-1.0,-0.63739,1.0,0.104367,1971.1,11.2,43.0,561.9,100.0,1.0
119342,747,159,3.017174,0.340881,-0.439271,0.0,2.7e-05,0.00166474,-0.11234,-1.0,-0.936829,1.0,0.093284,1073.6,11.5,21.3,879.7,100.0,1.0
119503,748,161,2.955652,0.401358,-0.446066,0.0,0.0,0.00163245,-0.113605,-1.0,-1.0,1.0,0.068027,963.4,8.1,18.4,614.9,100.0,1.0
119663,749,160,3.713867,0.659283,-0.379684,0.010545,0.0,0.00189562,-0.115877,-1.0,-1.0,1.0,0.079386,1271.1,9.1,26.5,466.5,100.0,1.0
119820,750,157,5.810608,0.208967,-0.3527,0.0,0.000148,0.0016752,0.030138,-1.0,0.521202,1.0,0.109913,2111.5,13.7,23.7,647.5,100.0,1.0
119982,751,162,4.345961,0.391523,-0.323891,7.6e-05,0.0,0.00180191,-0.072696,-1.0,-0.499886,1.0,0.113539,2225.5,13.4,33.0,1054.7,100.0,1.0
120143,752,161,3.806859,0.679627,-0.292071,0.000311,0.0,0.0019329,-0.119201,-1.0,-1.0,1.0,0.096005,1594.4,12.0,20.3,425.9,100.0,1.0
120295,753,152,3.567729,0.2,-0.53723,0.0,0.181749,0.0016289,-0.067709,-1.0,-0.502909,1.0,0.087093,1439.5,10.2,26.6,471.6,100.0,1.0
120452,754,157,4.264148,0.365092,-0.315218,0.015608,1.4e-05,0.00206774,-0.109717,-1.0,-0.943869,1.0,0.076652,1888.6,8.7,26.0,397.4,100.0,1.0
120607,755,155,3.372876,0.764718,-0.417958,0.0,0.0,0.00186546,-0.119157,-1.0,-1.0,1.0,0.095785,1531.3,11.5,26.0,459.2,100.0,1.0
120766,756,159,3.292611,0.2,-0.430875,0.0,0.575611,0.00169815,-0.104092,-1.0,-0.865331,1.0,0.087792,1716.8,10.9,18.7,593.2,100.0,1.0
120922,757,156,4.433642,0.390322,-0.474905,0.0,0.0,0.00180521,-0.05828,-1.0,-0.409534,1.0,0.086632,1626.2,10.2,25.1,531.2,100.0,1.0
121084,758,162,2.856748,0.3079,-0.479005,5e-06,0.0,0.00152747,-0.103547,-1.0,-0.868585,1.0,0.083444,1121.1,10.2,19.8,638.5,100.0,1.0
121245,759,161,4.697434,0.316275,-0.396346,0.0,9e-06,0.00169849,-0.036951,-1.0,-0.192257,1.0,0.088627,1998.9,10.8,21.8,567.6,100.0,1.0
121404,760,159,4.210062,0.209633,0.6,0.01743,0.00706,0.00203443,-0.111572,-1.0,-1.0,1.0,0.057858,573.9,6.7,18.5,456.4,100.0,1.0
121574,761,170,3.64423,0.25576,-0.48882,0.013493,4.7e-05,0.00162518,-0.092862,-1.0,-0.765362,1.0,0.081629,1249.9,8.8,33.0,774.3,100.0,1.0
121734,762,160,4.355091,0.549615,-0.380216,0.0,2e-05,0.00172945,-0.057599,-1.0,-0.411243,1.0,0.082374,2317.2,9.8,22.4,343.5,100.0,1.0
121890,763,156,3.179113,0.645418,-0.389884,0.001771,0.0,0.00179537,-0.120172,-1.0,-1.0,1.0,0.10086,1194.5,12.7,20.1,336.1,100.0,1.0
122049,764,159,6.719025,0.2,-0.457658,0.001134,0.000538,0.00224307,-0.018815,-1.0,-0.032989,1.0,0.077583,1564.0,8.6,28.7,441.2,100.0,1.0
122212,765,163,-1.560815,0.565259,0.606939,0.0,0.0,0.00209307,-0.419713,-1.0,-0.977389,0.165743,0.149919,907.5,19.5,22.8,465.3,100.0,1.0
122369,766,157,5.889779,0.416643,-0.403461,0.0,0.0,0.00230168,-0.065187,-1.0,-0.50436,1.0,0.073754,1977.5,7.7,33.0,330.0,100.0,1.0
122525,767,156,3.400882,0.2,-0.466259,0.016111,0.025279,0.00187221,-0.121005,-1.0,-1.0,1.0,0.105023,1213.5,12.9,24.6,854.0,100.0,1.0
122684,768,159,5.062476,0.2,0.676929,0.0,0.319961,0.00212654,-0.083517,-1.0,-0.662644,1.0,0.086264,1138.4,10.0,26.5,413.4,100.0,1.0
122846,769,162,5.041834,0.245295,-0.222561,0.002392,0.055408,0.0021044,-0.08734,-1.0,-0.685023,1.0,0.094188,1793.1,10.5,34.6,398.5,100.0,1.0
123001,770,155,1.892932,0.254002,0.618673,0.0,0.013483,0.00198939,-0.213139,-1.0,-1.0,0.728406,0.090403,741.0,10.7,25.6,401.8,100.0,1.0
123159,771,158,3.529606,0.836815,-0.451757,0.000505,0.0,0.00184063,-0.113307,-1.0,-1.0,1.0,0.066533,1128.0,7.0,29.1,480.8,100.0,1.0
123320,772,161,3.698102,0.225903,-0.523415,0.0,0.038036,0.00177766,-0.100246,-1.0,-0.823465,1.0,0.089495,1381.2,10.6,25.5,539.9,100.0,1.0
123486,773,166,2.931754,0.559446,-0.448734,0.0,0.0,0.00161265,-0.120296,-1.0,-1.0,1.0,0.101482,1104.9,13.3,13.7,728.3,100.0,1.0
123643,774,157,2.837696,0.409459,-0.361083,0.0,1.1e-05,0.00152454,-0.096719,-1.0,-0.826438,1.0,0.070375,1478.3,8.4,19.2,757.0,100.0,1.0
123798,775,155,3.910215,0.826814,-0.384698,0.007573,0.0,0.0019803,-0.110492,-1.0,-1.0,1.0,0.052458,1345.1,5.9,18.5,549.1,100.0,1.0
123963,776,165,7.243504,1.0,-0.277879,0.004475,0.0,0.00245605,-0.041419,-1.0,-0.203634,1.0,0.10528,2663.8,12.0,34.9,283.1,100.0,1.0
124121,777,158,5.327979,0.852064,-0.355113,0.016388,0.0,0.00236397,-0.105853,-1.0,-0.932553,1.0,0.062989,1139.0,6.2,32.9,269.0,100.0,1.0
124275,778,154,3.894347,0.235522,-0.440514,0.0,1.9e-05,0.00200011,-0.112371,-1.0,-1.0,1.0,0.061855,1467.6,6.6,26.4,430.1,100.0,1.0
124424,779,149,3.380501,0.2,-0.431986,0.012907,0.0,0.00188455,-0.110984,-1.0,-1.0,1.0,0.054921,928.2,5.6,25.7,432.8,100.0,1.0
124590,780,166,4.026025,0.2,-0.343756,0.008709,0.0,0.00163738,-0.069605,-1.0,-0.524644,1.0,0.085702,2061.7,10.2,24.0,600.9,100.0,1.0
124748,781,158,3.804918,0.650815,-0.389618,0.010838,0.0,0.00190672,-0.11022,-1.0,-0.984008,1.0,0.059095,1484.8,5.8,30.4,505.1,100.0,1.0
124907,782,159,2.018272,0.301519,-0.462139,0.0,9e-06,0.0013611,-0.115066,-1.0,-1.0,1.0,0.075331,1016.8,9.2,18.4,1108.7,100.0,1.0
125061,783,154,3.787346,0.228612,-0.408403,0.0,9.2e-05,0.00175776,-0.080615,-1.0,-0.546394,1.0,0.129876,1752.5,17.3,14.5,635.2,100.0,1.0
125223,784,162,5.197088,0.702104,-0.407535,0.006573,0.0,0.00185447,-0.039657,-1.0,-0.265394,1.0,0.06559,1853.4,7.3,23.8,413.4,100.0,1.0
125382,785,159,1.353378,0.847588,0.628803,0.001256,0.0,0.00219902,-0.281761,-1.0,-0.948874,0.521277,0.096603,761.1,12.5,15.1,550.8,100.0,1.0
125538,786,156,7.562365,0.654701,-0.418836,0.002351,0.0,0.00188839,0.084774,-1.0,1.0,1.0,0.076131,2758.4,9.7,14.1,287.8,100.0,1.0
125697,787,159,3.363306,0.733207,-0.398367,0.0,0.0,0.00182259,-0.121077,-1.0,-1.0,1.0,0.105383,1551.8,12.6,28.9,376.7,100.0,1.0
125864,788,167,4.762892,1.0,-0.511929,0.0,0.0,0.00206817,-0.106577,-1.0,-0.886042,1.0,0.089861,1181.8,12.0,9.2,493.1,100.0,1.0
126023,789,159,3.44224,0.398232,-0.310424,0.003985,4e-06,0.00178531,-0.111262,-1.0,-0.933762,1.0,0.089426,1578.5,10.5,26.2,833.0,100.0,1.0
126185,790,162,4.595678,0.470283,-0.41512,0.006645,4.8e-05,0.00186528,-0.071783,-1.0,-0.555112,1.0,0.081358,1844.6,9.9,20.3,427.2,100.0,1.0
126344,791,159,5.224866,1.0,-0.35686,0.011579,0.0,0.00233793,-0.109842,-1.0,-1.0,1.0,0.049211,1454.4,4.9,24.8,444.3,100.0,1.0
126510,792,166,2.392519,0.319693,-0.39508,0.0,0.0,0.00145426,-0.121447,-1.0,-1.0,1.0,0.107235,1181.2,13.6,20.5,734.0,100.0,1.0
126666,793,156,3.510583,0.2,-0.410274,0.0,0.008824,0.00176756,-0.099812,-1.0,-0.854038,1.0,0.072042,1251.8,9.4,10.7,777.1,100.0,1.0
126832,794,166,2.807931,0.375088,0.615368,0.001376,1e-06,0.00165945,-0.134759,-1.0,-1.0,0.948495,0.083661,809.9,10.4,18.2,587.9,100.0,1.0
126986,795,154,4.74194,1.0,-0.381544,0.0,0.0,0.0022661,-0.11149,-1.0,-1.0,1.0,0.057451,915.5,6.7,17.5,361.5,100.0,1.0
127143,796,157,3.256996,0.2,-0.344971,0.0,0.0,0.00171614,-0.106296,-1.0,-0.907016,1.0,0.077974,1635.9,9.2,22.1,601.7,100.0,1.0
127309,797,166,3.657667,0.545763,-0.417519,0.006461,3e-06,0.00170481,-0.099846,-1.0,-0.88155,1.0,0.058455,1449.4,7.1,14.4,635.4,100.0,1.0
127471,798,162,4.466521,0.347367,-0.477542,0.0,0.0,0.00208221,-0.113769,-1.0,-1.0,1.0,0.068843,1017.9,7.0,33.5,373.8,100.0,1.0
127635,799,164,5.18629,0.357887,-0.393105,0.000707,0.0,0.00182959,-0.04049,-1.0,-0.274477,1.0,0.06521,1653.8,7.3,23.4,562.9,100.0,1.0
127793,800,158,5.262338,1.0,-0.389326,0.0,0.0,0.00224346,-0.091156,-1.0,-0.704336,1.0,0.103614,1467.7,12.0,32.1,365.9,100.0,1.0
127957,801,164,3.7202,0.2,-0.440768,0.0,0.072589,0.00149322,-0.058732,-1.0,-0.481599,1.0,0.052862,1667.1,5.8,19.9,563.8,100.0,1.0
128120,802,163,3.754901,0.263089,-0.397836,0.008257,0.0,0.00183736,-0.111674,-1.0,-1.0,1.0,0.05837,1032.2,6.8,18.5,525.8,100.0,1.0
128281,803,161,4.136737,0.2,-0.377575,0.000328,0.471216,0.00179046,-0.081367,-1.0,-0.687973,1.0,0.06285,1408.9,8.0,11.3,585.9,100.0,1.0
128442,804,161,3.316346,0.2656,-0.32534,0.0,1e-05,0.00174324,-0.114823,-1.0,-0.98495,1.0,0.081639,1668.4,10.8,10.5,472.2,100.0,1.0
128604,805,162,6.006094,0.384012,-0.296273,0.005552,0.0,0.00234504,-0.079687,-1.0,-0.676806,1.0,0.060033,1721.9,6.7,21.8,344.9,100.0,1.0
128761,806,157,3.166316,0.2,-0.458162,0.0,0.001238,0.00141326,-0.063546,-1.0,-0.484756,1.0,0.075354,1545.6,9.4,15.5,631.0,100.0,1.0
128924,807,163,5.462105,1.0,0.678537,0.001143,0.0,0.00236625,-0.112682,-1.0,-0.947227,1.0,0.089799,1356.8,10.2,31.2,400.3,100.0,1.0
129088,808,164,3.759403,0.637008,-0.417724,0.0,0.0,0.00174815,-0.098745,-1.0,-0.792537,1.0,0.097455,1100.0,12.5,17.0,820.1,100.0,1.0
129244,809,156,4.479694,0.532564,-0.379797,0.0,0.0,0.00191818,-0.075309,-1.0,-0.519236,1.0,0.116926,1424.2,13.7,35.2,622.5,100.0,1.0
129402,810,158,3.394005,0.653493,-0.41088,0.009914,0.0,0.00180468,-0.115491,-1.0,-0.967965,1.0,0.093472,1493.0,11.7,19.2,895.7,100.0,1.0
129555,811,153,2.826301,0.46696,-0.462935,0.005531,1.4e-05,0.00163922,-0.109538,-1.0,-1.0,1.0,0.047692,1095.9,5.2,18.3,712.9,100.0,1.0
129713,812,158,3.322412,0.595944,-0.453245,0.008227,0.0,0.0017599,-0.112051,-1.0,-1.0,1.0,0.060254,833.2,5.8,33.1,611.6,100.0,1.0
129867,813,154,4.478173,0.571963,-0.464374,0.0,0.0,0.00174942,-0.045699,-1.0,-0.353954,1.0,0.051517,1809.5,6.1,14.8,375.1,100.0,1.0
130032,814,165,5.113709,0.900372,-0.347191,0.000399,0.0,0.00225532,-0.116734,-1.0,-1.0,1.0,0.083672,1434.5,10.0,23.0,582.9,100.0,1.0
130191,815,159,4.254086,0.644285,-0.408847,0.0,0.0,0.00206378,-0.115655,-1.0,-1.0,1.0,0.078273,1023.1,8.4,32.0,421.1,100.0,1.0
130350,816,159,4.611181,0.301597,0.665643,0.0,0.008035,0.00197495,-0.083721,-1.0,-0.709198,1.0,0.064005,1052.0,7.6,17.9,366.0,100.0,1.0
130508,817,158,3.555422,0.366411,-0.454009,0.0,1e-06,0.00184586,-0.114105,-1.0,-1.0,1.0,0.070527,857.0,8.6,17.2,859.3,100.0,1.0
130671,818,163,6.059902,0.2,-0.397244,0.0,0.174387,0.00242898,-0.093383,-1.0,-0.844323,1.0,0.044755,1518.5,5.2,14.5,411.4,100.0,1.0
130835,819,164,3.819542,0.369591,-0.335894,0.0,0.0,0.00184607,-0.111987,-1.0,-1.0,1.0,0.059934,1005.4,7.1,16.7,614.7,100.0,1.0
130999,820,164,6.252856,0.548934,-0.38531,0.0,0.0,0.00170925,0.031894,-1.0,0.496459,1.0,0.088759,2483.9,9.9,33.0,403.9,100.0,1.0
131158,821,159,3.556286,0.47345,-0.414724,0.00014,0.0,0.00182837,-0.113172,-1.0,-1.0,1.0,0.065858,1187.5,6.8,29.9,472.0,100.0,1.0
131319,822,161,3.598855,0.357715,-0.454042,0.0,0.0,0.0018306,-0.115089,-1.0,-0.935215,1.0,0.107837,1331.9,13.3,25.0,599.3,100.0,1.0
131476,823,157,3.013394,0.2,-0.481318,0.0,0.0,0.00169215,-0.115268,-1.0,-1.0,1.0,0.07634,894.0,9.6,14.9,876.1,100.0,1.0
131633,824,157,3.48998,0.284924,-0.395412,0.0,1.2e-05,0.00178998,-0.106883,-1.0,-1.0,1.0,0.034415,1302.4,3.1,21.2,486.3,100.0,1.0
131794,825,161,3.922135,0.790032,-0.441601,0.0,0.0,0.00179101,-0.092693,-1.0,-0.825922,1.0,0.050505,1239.1,6.3,11.2,626.5,100.0,1.0
131950,826,156,3.536341,0.2,-0.43381,0.0,0.060717,0.00186685,-0.114868,-1.0,-1.0,1.0,0.07434,933.7,8.1,29.2,508.2,100.0,1.0
132112,827,162,5.202616,0.205305,-0.328066,0.003928,0.0,0.00210244,-0.081205,-1.0,-0.612386,1.0,0.09983,1247.1,11.3,34.2,439.5,100.0,1.0
132269,828,157,2.873779,0.2,-0.497086,0.000538,0.397562,0.00159674,-0.107383,-1.0,-1.0,1.0,0.036914,919.6,4.7,6.1,772.7,100.0,1.0
132430,829,161,2.781083,0.2,-0.402597,0.0,0.15968,0.00156446,-0.113227,-1.0,-0.932284,1.0,0.099994,1381.9,13.0,14.9,864.1,100.0,1.0
132593,830,163,4.161631,0.58544,-0.449439,0.0,0.0,0.00194011,-0.10885,-1.0,-1.0,1.0,0.044251,1027.6,4.0,26.6,649.6,100.0,1.0
132752,831,159,5.840458,0.385817,-0.449085,0.011268,0.0,0.00196268,-0.021061,-1.0,-0.068099,1.0,0.071254,1490.0,8.4,21.3,410.9,100.0,1.0
132917,832,165,2.915912,0.327338,-0.392404,0.0,0.0,0.0015643,-0.112802,-1.0,-1.0,1.0,0.06401,1092.7,7.5,19.5,802.8,100.0,1.0
133081,833,164,7.574729,0.223866,-0.402618,0.013388,0.0,0.00180126,0.081869,-1.0,1.0,1.0,0.090656,2791.4,11.7,14.4,467.6,100.0,1.0
133241,834,160,5.086234,0.345401,-0.445559,0.000775,6e-06,0.00163694,-0.00861,-1.0,0.039888,1.0,0.062996,1580.2,7.2,21.0,604.6,100.0,1.0
133401,835,160,5.451807,0.420936,-0.361082,0.0,0.0,0.0018802,-0.029396,-1.0,-0.179128,1.0,0.057418,1547.9,6.2,22.9,623.0,100.0,1.0
133557,836,156,5.444726,0.439281,-0.268541,0.020214,4e-06,0.00199833,-0.040703,-1.0,-0.283245,1.0,0.061891,1908.9,7.1,19.9,566.5,100.0,1.0
133711,837,154,7.751138,0.36859,-0.251532,0.0,0.0,0.00200635,0.076861,-1.0,0.880786,1.0,0.056086,2415.3,6.4,19.3,473.1,100.0,1.0
133872,838,161,2.107893,0.540505,-0.409232,0.0,0.0,0.00138005,-0.11723,-1.0,-1.0,1.0,0.086149,1366.0,11.0,15.4,800.0,100.0,1.0
134032,839,160,4.058975,0.534217,-0.354521,0.0,0.0,0.00178789,-0.084062,-1.0,-0.655051,1.0,0.092783,1763.4,11.7,18.6,436.4,100.0,1.0
134187,840,155,4.526969,0.2,-0.426581,0.0,0.059779,0.00219313,-0.114718,-1.0,-1.0,1.0,0.073591,1099.1,7.9,30.5,525.1,100.0,1.0
134345,841,158,3.639038,0.537433,-0.458128,0.0,9e-06,0.00187798,-0.115663,-1.0,-1.0,1.0,0.078313,906.9,9.1,24.7,647.6,100.0,1.0
134506,842,161,3.054297,0.428701,-0.374309,0.0,0.0,0.00159886,-0.105461,-1.0,-0.952159,1.0,0.051226,1344.5,6.6,8.8,619.6,100.0,1.0
134664,843,158,2.304385,0.285581,-0.441845,0.006599,0.0,0.00145009,-0.114499,-1.0,-1.0,1.0,0.072496,888.0,8.8,17.7,777.7,100.0,1.0
134823,844,159,3.609741,0.411847,-0.409868,0.011309,1.1e-05,0.00158852,-0.073102,-1.0,-0.632739,1.0,0.049138,1263.9,5.1,22.2,549.4,100.0,1.0
134986,845,163,4.857583,0.352617,0.652533,0.004739,0.0,0.00221322,-0.119336,-1.0,-1.0,1.0,0.096678,1148.1,11.3,29.4,367.7,100.0,1.0
135137,846,151,3.96685,1.0,-0.450382,0.0,0.0,0.00213347,-0.124962,-1.0,-1.0,0.982842,0.094782,872.5,11.0,29.6,368.1,100.0,1.0
135295,847,158,4.414385,0.272716,-0.413918,0.0,0.000148,0.00190518,-0.081601,-1.0,-0.717074,1.0,0.049466,1357.2,5.3,20.9,593.7,100.0,1.0
135460,848,165,4.104339,0.2,-0.29584,0.004085,0.0,0.0019241,-0.113482,-1.0,-1.0,1.0,0.06741,1351.3,7.9,20.7,499.8,100.0,1.0
135624,849,164,3.172069,0.2,-0.516119,0.0,0.127915,0.00165018,-0.113,-1.0,-1.0,1.0,0.065,834.2,7.5,20.5,540.3,100.0,1.0
135788,850,164,3.920583,0.32431,-0.419105,0.004709,0.0,0.00188335,-0.114105,-1.0,-1.0,1.0,0.070526,981.4,7.7,27.8,554.4,100.0,1.0
135944,851,156,4.373232,0.2,-0.378673,0.0,0.311357,0.00204519,-0.101847,-1.0,-0.949122,1.0,0.034675,1543.8,3.3,19.8,503.2,100.0,1.0
136101,852,157,4.052894,0.555542,-0.398821,0.000225,0.0,0.00188044,-0.093952,-1.0,-0.739567,1.0,0.099977,1284.9,10.0,49.9,478.6,100.0,1.0
136265,853,164,4.629661,1.0,-0.389951,0.0,0.0,0.00204764,-0.105948,-1.0,-0.913243,1.0,0.073117,1310.0,9.1,15.5,673.7,100.0,1.0
136429,854,164,4.349934,1.0,-0.336494,0.0,0.0,0.00191605,-0.098283,-1.0,-0.858405,1.0,0.062211,1303.8,7.5,16.3,491.1,100.0,1.0
136592,855,163,3.891646,0.487339,-0.440982,0.011524,1e-06,0.00167724,-0.080232,-1.0,-0.551646,1.0,0.125335,1559.3,15.7,25.7,570.4,100.0,1.0
136752,856,160,5.907284,0.2,-0.343462,0.0,0.004273,0.00209726,-0.042451,-1.0,-0.254292,1.0,0.085111,2178.6,9.6,30.0,331.4,100.0,1.0
136914,857,162,3.835917,0.431908,-0.501812,0.009298,2.8e-05,0.00189509,-0.116657,-1.0,-1.0,1.0,0.083286,1227.8,8.9,35.2,662.0,100.0,1.0
137081,858,167,3.868633,0.384613,0.664282,0.0,2.3e-05,0.00182192,-0.112294,-1.0,-1.0,1.0,0.06147,844.4,6.6,25.3,383.9,100.0,1.0
137241,859,160,4.539794,0.219096,-0.406066,0.0,0.034871,0.00164239,-0.037547,-1.0,-0.144804,1.0,0.115331,2085.2,14.9,18.5,457.8,100.0,1.0
137405,860,164,6.755957,0.2,-0.313309,0.0,2.9e-05,0.00202537,0.002938,-1.0,0.117756,1.0,0.044186,2433.6,4.6,20.6,398.3,100.0,1.0
137566,861,161,3.297607,0.2,-0.457974,2.8e-05,0.033345,0.0017176,-0.112955,-1.0,-1.0,1.0,0.064774,971.2,7.8,16.9,919.7,100.0,1.0
137724,862,158,3.435758,0.412044,-0.350773,0.000972,8e-06,0.00161989,-0.085541,-1.0,-0.720523,1.0,0.067443,1581.1,8.7,11.0,663.3,100.0,1.0
137883,863,159,3.619012,0.582955,-0.458657,0.0,0.0,0.00172135,-0.094255,-1.0,-0.828287,1.0,0.05713,1311.4,7.0,13.3,718.7,100.0,1.0
138043,864,160,3.130952,0.281135,-0.393718,0.0,0.000229,0.00168136,-0.113796,-1.0,-1.0,1.0,0.068981,961.6,8.2,19.2,468.3,100.0,1.0
138199,865,156,2.956762,0.560315,-0.442801,0.0,0.0,0.00165916,-0.112279,-1.0,-1.0,1.0,0.061396,1192.3,7.0,20.7,849.8,100.0,1.0
138360,866,161,5.03441,0.411537,-0.433764,0.009634,0.0,0.0022474,-0.112406,-1.0,-1.0,1.0,0.062032,1312.8,7.4,16.9,546.7,100.0,1.0
138522,867,162,3.499498,0.476855,-0.379739,0.006564,0.0,0.00177915,-0.114828,-1.0,-1.0,1.0,0.074138,1131.8,8.6,23.6,844.8,100.0,1.0
138673,868,151,2.931886,0.2,-0.331497,0.0,0.034878,0.00171062,-0.113042,-1.0,-1.0,1.0,0.06521,1142.1,7.5,21.3,765.9,100.0,1.0
138840,869,167,5.310001,0.362188,-0.310551,0.0,7.2e-05,0.0017403,-0.027634,-1.0,-0.172852,1.0,0.051744,1579.5,6.3,12.3,969.7,100.0,1.0
139000,870,160,4.560149,0.551139,-0.433399,0.002833,0.0,0.00202822,-0.098701,-1.0,-0.868523,1.0,0.059243,1174.5,6.8,19.6,470.3,100.0,1.0
139158,871,158,4.238745,0.530709,-0.37212,0.0,1e-06,0.00193706,-0.096159,-1.0,-0.839623,1.0,0.060984,1690.9,7.2,18.2,600.6,100.0,1.0
139315,872,157,4.254412,0.434012,-0.362462,0.000643,3e-06,0.00203836,-0.109402,-1.0,-1.0,1.0,0.047012,1416.0,5.5,14.3,590.5,100.0,1.0
139478,873,163,3.334229,0.2,-0.441667,0.0,1e-06,0.00168375,-0.109378,-1.0,-1.0,1.0,0.046889,1266.4,5.1,18.8,599.7,100.0,1.0
139638,874,160,3.101249,0.448665,-0.456771,0.0,0.0,0.00153595,-0.092245,-1.0,-0.729833,1.0,0.09631,1332.7,12.1,19.4,1020.8,100.0,1.0
139797,875,159,4.379562,0.516097,-0.431356,0.0,0.0,0.0020493,-0.109151,-1.0,-1.0,1.0,0.045754,966.3,5.0,18.5,525.0,100.0,1.0
139956,876,159,3.275753,0.466842,-0.485077,0.0,0.0,0.00170893,-0.109648,-1.0,-1.0,1.0,0.048241,887.7,5.4,16.9,527.3,100.0,1.0
140121,877,165,3.014368,0.2,-0.44032,0.0,0.093019,0.00155882,-0.108092,-1.0,-1.0,1.0,0.040462,1088.4,4.4,15.9,856.0,100.0,1.0
140283,878,162,4.713051,0.2,-0.419098,0.0,0.198535,0.00207652,-0.103365,-1.0,-0.934155,1.0,0.049746,1066.4,4.8,26.3,734.3,100.0,1.0
140444,879,161,5.316555,0.2,-0.438809,0.0,0.028673,0.00230657,-0.108482,-1.0,-1.0,1.0,0.042408,861.7,4.5,18.7,471.3,100.0,1.0
140599,880,155,4.181018,0.2,-0.500205,0.0,0.0,0.00202653,-0.107343,-1.0,-1.0,1.0,0.036717,902.1,3.6,19.1,693.4,100.0,1.0
140763,881,164,4.36199,0.2,-0.44373,0.001353,0.00609,0.00196195,-0.106048,-1.0,-0.948743,1.0,0.055866,1181.6,5.8,25.1,803.5,100.0,1.0
140922,882,159,4.429162,0.635768,-0.471605,0.009658,0.0,0.00208827,-0.113011,-1.0,-1.0,1.0,0.065056,1123.4,7.4,21.6,410.1,100.0,1.0
141083,883,161,2.678072,0.52091,-0.432086,0.0,6e-06,0.00147181,-0.1045,-1.0,-0.905823,1.0,0.069587,1267.8,8.4,18.0,830.8,100.0,1.0
141244,884,161,3.766191,0.2,-0.52089,0.0,0.042824,0.00162747,-0.075809,-1.0,-0.669027,1.0,0.044533,1226.5,5.0,15.4,854.9,100.0,1.0
141403,885,159,3.974991,0.2,-0.398043,0.004207,0.0,0.00195041,-0.113623,-1.0,-1.0,1.0,0.068114,1287.7,8.3,17.0,517.3,100.0,1.0
141562,886,159,3.639623,0.2,-0.426233,0.0,0.065274,0.00153525,-0.064206,-1.0,-0.54824,1.0,0.046908,1124.7,6.4,3.4,908.5,100.0,1.0
141724,887,162,4.743024,0.505619,0.683791,0.0,0.0,0.00206163,-0.099618,-1.0,-0.845745,1.0,0.075217,1249.1,9.2,17.6,546.7,100.0,1.0
141881,888,157,3.567643,0.2,-0.484109,0.0,0.021039,0.00182671,-0.110487,-1.0,-1.0,1.0,0.052434,935.9,5.9,18.9,594.1,100.0,1.0
142044,889,163,4.318469,0.414082,0.641336,3e-06,0.0,0.00195074,-0.104593,-1.0,-0.878497,1.0,0.083716,924.8,10.0,23.1,512.3,100.0,1.0
142208,890,164,3.286646,0.420475,-0.389191,0.0,0.0,0.00167702,-0.112636,-1.0,-1.0,1.0,0.063178,998.1,7.5,17.7,731.5,100.0,1.0
142363,891,155,4.68515,0.902082,-0.428232,0.0,0.0,0.00217349,-0.105478,-1.0,-1.0,1.0,0.027392,1212.3,2.3,18.9,404.5,100.0,1.0
142526,892,163,4.405701,0.333546,-0.409296,0.0,0.0,0.00189202,-0.09078,-1.0,-0.821261,1.0,0.043267,1362.4,4.7,17.1,603.7,100.0,1.0
142687,893,161,4.255548,0.2,-0.482284,0.0,0.316145,0.00199318,-0.110709,-1.0,-0.964141,1.0,0.071477,1051.1,9.2,12.1,735.0,100.0,1.0
142844,894,157,3.038979,0.327214,-0.521766,0.012454,0.0,0.00168112,-0.113847,-1.0,-1.0,1.0,0.069235,969.5,8.2,19.2,955.1,100.0,1.0
143001,895,157,4.844585,0.243012,-0.389286,0.0,0.0,0.00201779,-0.077595,-1.0,-0.63669,1.0,0.069631,1682.9,9.0,11.2,620.8,100.0,1.0
143162,896,161,5.161905,0.428302,-0.360809,0.0,7.6e-05,0.00218955,-0.097674,-1.0,-0.853129,1.0,0.061804,1730.8,6.4,28.7,473.8,100.0,1.0
143320,897,158,3.327752,0.2,-0.487534,0.000496,0.098167,0.00173925,-0.110488,-1.0,-1.0,1.0,0.052439,901.6,6.1,16.4,769.2,100.0,1.0
143481,898,161,4.433849,0.539815,-0.360827,0.0,0.0,0.00192727,-0.091427,-1.0,-0.788384,1.0,0.062945,1411.3,7.0,23.5,662.4,100.0,1.0
143643,899,162,3.984589,0.2,-0.41995,0.0,0.013397,0.00183972,-0.101351,-1.0,-0.806533,1.0,0.103488,1462.0,12.1,31.8,535.8,100.0,1.0
143798,900,155,4.430705,0.682401,-0.31237,0.0,0.0,0.00188267,-0.073139,-1.0,-0.616881,1.0,0.057255,1909.3,7.1,12.7,401.5,100.0,1.0
143961,901,163,2.920482,0.363893,-0.455028,0.005157,0.0,0.00146255,-0.094264,-1.0,-0.802528,1.0,0.070057,1551.2,8.5,17.1,738.3,100.0,1.0
144124,902,163,3.761709,0.43481,-0.41389,0.005515,1.4e-05,0.00175024,-0.099705,-1.0,-0.876755,1.0,0.060146,1526.0,7.3,15.4,503.8,100.0,1.0
144288,903,164,-0.390411,0.32302,-0.466863,0.0,6.2e-05,0.0014183,-0.251819,-1.0,-1.0,0.627955,0.108015,907.3,13.9,17.5,885.2,100.0,1.0
144445,904,157,3.006882,0.51941,-0.357875,0.000129,0.0,0.00166837,-0.113624,-1.0,-1.0,1.0,0.068121,1181.5,8.2,17.9,876.8,100.0,1.0
144609,905,164,4.460536,1.0,0.622548,8e-05,0.0,0.00244132,-0.180473,-1.0,-1.0,0.812057,0.073466,635.0,8.8,20.2,240.8,100.0,1.0
144767,906,158,4.041086,0.2,-0.485535,0.0,0.079648,0.00183367,-0.090452,-1.0,-0.803091,1.0,0.050715,1201.3,5.2,23.5,529.9,100.0,1.0
144926,907,159,3.634678,0.2,-0.369965,0.0,0.037193,0.0018359,-0.112698,-1.0,-1.0,1.0,0.06349,1242.9,8.3,8.7,681.4,100.0,1.0
145086,908,160,4.33575,0.439484,-0.495594,0.0,1.5e-05,0.00166376,-0.052458,-1.0,-0.420561,1.0,0.052012,1265.1,6.2,14.8,469.7,100.0,1.0
145258,909,172,2.998014,0.291523,-0.38864,0.000328,0.016882,0.00147739,-0.106326,-1.0,-0.973257,1.0,0.045001,1505.4,5.5,10.7,897.5,100.0,1.0
145419,910,161,8.008991,0.796931,-0.427925,0.008245,0.0,0.00192737,0.084304,-1.0,1.0,1.0,0.078479,2327.0,10.1,12.6,498.9,100.0,1.0
145575,911,156,-1.358587,0.2,0.681095,0.0,4e-06,0.00157126,-0.31202,-1.0,-1.0,0.43584,0.072818,548.1,9.5,10.0,807.7,100.0,1.0
145736,912,161,5.118501,0.557357,-0.44994,0.0,0.0,0.0016549,-0.014285,-1.0,-0.025948,1.0,0.058451,1745.1,7.4,11.3,513.5,100.0,1.0
145895,913,159,4.2547,0.574995,-0.404772,0.0,0.0,0.00199945,-0.108366,-1.0,-1.0,1.0,0.041831,1050.8,4.6,16.2,475.5,100.0,1.0
146064,914,169,3.580988,0.2,-0.36935,0.000256,0.014175,0.00151224,-0.079204,-1.0,-0.590331,1.0,0.100856,1758.1,13.7,8.2,925.6,100.0,1.0
146223,915,159,7.162199,0.2,-0.366906,0.0,7.7e-05,0.00222266,-0.0008,-1.0,0.103379,1.0,0.055687,1978.7,5.9,24.1,375.6,100.0,1.0
146381,916,158,3.190382,0.2,-0.478037,0.0,0.00022,0.00169127,-0.110113,-1.0,-1.0,1.0,0.050565,934.5,6.1,12.8,662.7,100.0,1.0
146545,917,164,3.884344,0.2,-0.376792,0.009436,0.0,0.00187941,-0.116998,-1.0,-1.0,1.0,0.084991,1184.5,9.7,28.1,884.9,100.0,1.0
146701,918,156,4.467836,1.0,-0.38335,0.025457,0.0,0.00211127,-0.109398,-1.0,-1.0,1.0,0.046991,967.2,3.6,36.3,351.7,100.0,1.0
146860,919,159,2.626744,0.353079,-0.415609,0.0,1.1e-05,0.0015117,-0.111027,-1.0,-1.0,1.0,0.055133,886.3,7.2,7.8,840.6,100.0,1.0
147018,920,158,2.941277,0.528198,-0.447772,0.0,0.0,0.00138902,-0.074689,-1.0,-0.62801,1.0,0.059442,1244.9,7.4,12.8,944.0,100.0,1.0
147170,921,152,3.136759,0.2,-0.395206,0.0,0.115439,0.00150792,-0.074846,-1.0,-0.610033,1.0,0.069212,1804.9,8.6,15.1,509.6,100.0,1.0
147325,922,155,2.886668,0.269763,-0.555554,0.000232,0.016895,0.00165088,-0.113868,-1.0,-1.0,1.0,0.069342,708.6,7.0,34.3,831.2,100.0,1.0
147488,923,163,3.988217,0.655082,-0.356924,0.008893,0.0,0.00187978,-0.110221,-1.0,-1.0,1.0,0.051107,1585.3,6.0,15.3,552.6,100.0,1.0
147654,924,166,5.116202,0.346517,-0.367776,0.0,0.0,0.00182325,-0.051042,-1.0,-0.385016,1.0,0.062701,1843.6,6.7,26.5,421.4,100.0,1.0
147810,925,156,3.025265,0.58864,-0.442538,0.0,0.0,0.00169497,-0.115627,-1.0,-1.0,1.0,0.078134,1255.5,9.5,18.9,493.8,100.0,1.0
147967,926,157,4.590004,1.0,-0.401291,0.000805,0.0,0.00199331,-0.087291,-1.0,-0.760068,1.0,0.056423,1645.2,6.8,15.1,604.9,100.0,1.0
148119,927,152,3.414212,0.342175,-0.339387,0.005412,3e-06,0.00168453,-0.088208,-1.0,-0.766135,1.0,0.057974,1620.3,7.0,15.3,600.1,100.0,1.0
148278,928,159,4.24316,0.454246,-0.451697,0.006254,0.0,0.00203505,-0.115048,-1.0,-1.0,1.0,0.07524,1191.4,7.4,38.5,484.0,100.0,1.0
148435,929,157,4.298665,0.2,-0.570455,0.0,0.029102,0.00153272,-0.029371,-1.0,-0.2214,1.0,0.036157,1228.8,4.0,13.7,756.3,100.0,1.0
148598,930,163,4.735489,0.540418,-0.360048,0.020435,0.0,0.00171982,-0.047657,-1.0,-0.332626,1.0,0.07197,1986.0,7.6,31.2,364.4,100.0,1.0
148753,931,155,2.71002,0.481394,-0.385079,0.0,0.0,0.00143298,-0.088963,-1.0,-0.771948,1.0,0.058841,1428.5,7.0,16.8,737.2,100.0,1.0
148908,932,155,5.186131,0.989196,-0.409612,0.0,0.0,0.00225994,-0.095592,-1.0,-0.837477,1.0,0.059221,1490.1,6.5,23.1,296.5,100.0,1.0
149070,933,162,3.940051,0.579857,-0.434685,0.0,0.0,0.00189821,-0.113996,-1.0,-1.0,1.0,0.069979,1169.6,8.7,15.1,483.3,100.0,1.0
149226,934,156,3.392511,0.767639,-0.448516,0.0,0.0,0.0017467,-0.105875,-1.0,-1.0,1.0,0.029373,1151.6,2.9,14.8,674.9,100.0,1.0
149388,935,162,4.305343,0.281521,-0.428549,0.0,0.0,0.00161997,-0.051047,-1.0,-0.375412,1.0,0.067529,1492.0,7.7,23.0,560.2,100.0,1.0
149539,936,151,4.628819,0.2,-0.506679,0.0,0.321604,0.00171569,-0.03185,-1.0,-0.186315,1.0,0.066093,1586.6,7.6,22.0,524.6,100.0,1.0
149696,937,157,8.43877,0.40302,-0.356042,0.001336,0.0,0.00230759,0.051882,-1.0,0.590709,1.0,0.035947,2060.1,2.8,27.7,350.0,100.0,1.0
149855,938,159,3.296443,0.226031,-0.444771,0.0,0.041885,0.00173431,-0.113923,-1.0,-1.0,1.0,0.069614,942.6,8.5,16.3,547.4,100.0,1.0
150009,939,154,2.599632,0.2,-0.439,0.0,0.086256,0.00156466,-0.113347,-1.0,-1.0,1.0,0.066737,1107.6,8.6,10.4,779.5,100.0,1.0
150171,940,162,4.397324,0.358922,-0.477739,0.0002,4e-06,0.0020018,-0.108517,-1.0,-1.0,1.0,0.042585,846.5,4.5,18.7,434.4,100.0,1.0
150334,941,163,6.135813,0.681341,-0.427067,0.012068,0.0,0.0024008,-0.090247,-1.0,-0.751367,1.0,0.075552,1519.1,6.8,46.8,228.8,100.0,1.0
150499,942,165,6.22342,1.0,-0.410839,0.003668,0.0,0.00234789,-0.081971,-1.0,-0.70378,1.0,0.057964,1843.7,6.4,21.8,457.6,100.0,1.0
150656,943,157,3.297577,0.2,-0.297496,0.0,0.020398,0.00155257,-0.081865,-1.0,-0.730817,1.0,0.043915,1378.5,5.5,8.8,845.4,100.0,1.0
150816,944,160,6.318519,0.889062,-0.440819,0.0,0.0,0.00208733,-0.023899,-1.0,-0.096815,1.0,0.071087,1750.6,8.6,17.8,504.7,100.0,1.0
150975,945,159,3.925048,0.2,-0.410182,0.0,0.034884,0.00173328,-0.08297,-1.0,-0.708658,1.0,0.060523,1766.5,7.5,13.9,601.6,100.0,1.0
151133,946,158,3.234617,0.2,-0.516722,0.0,0.091866,0.00168789,-0.107977,-1.0,-1.0,1.0,0.039885,679.3,4.7,11.9,451.6,100.0,1.0
151292,947,159,4.588501,0.728174,-0.361885,0.008648,0.0,0.00211967,-0.111946,-1.0,-1.0,1.0,0.059728,812.7,5.1,40.4,505.9,100.0,1.0
151442,948,150,3.32231,0.261653,-0.463072,0.0,0.0,0.00180781,-0.108197,-1.0,-1.0,1.0,0.040983,888.2,4.1,20.4,550.2,100.0,1.0
151606,949,164,4.749094,0.2,-0.359288,0.017055,0.040856,0.00156881,-0.024379,-1.0,-0.172213,1.0,0.03579,1738.5,3.9,13.6,622.0,100.0,1.0
151765,950,159,3.510949,0.658759,-0.467057,0.009619,0.0,0.00169731,-0.097725,-1.0,-0.858568,1.0,0.059339,1281.0,7.5,11.9,465.1,100.0,1.0
151925,951,160,3.271728,0.316065,-0.474268,0.005948,1e-05,0.00171042,-0.113282,-1.0,-1.0,1.0,0.066409,1080.4,7.7,20.5,732.5,100.0,1.0
152089,952,164,4.963182,0.402228,-0.3979,0.001683,0.0,0.00179264,-0.050755,-1.0,-0.391768,1.0,0.057891,1572.5,6.5,20.9,684.6,100.0,1.0
152245,953,156,3.818597,0.454797,-0.401988,4.2e-05,6e-06,0.00188463,-0.106872,-1.0,-0.991495,1.0,0.038614,1441.5,3.1,28.4,463.9,100.0,1.0
152405,954,160,5.20602,0.725987,-0.453634,0.001758,0.0,0.00198643,-0.062744,-1.0,-0.542042,1.0,0.042699,1221.7,4.4,19.4,488.8,100.0,1.0
152566,955,161,4.321085,0.355068,-0.374255,0.008352,0.0,0.00194882,-0.102045,-1.0,-0.939876,1.0,0.040287,1508.3,3.2,29.3,385.3,100.0,1.0
152723,956,157,4.648863,0.267683,-0.467528,0.0,0.0,0.0017588,-0.048378,-1.0,-0.391854,1.0,0.045963,1200.5,4.5,23.8,449.5,100.0,1.0
152884,957,161,3.75729,0.294863,-0.524721,0.00522,0.0,0.00182293,-0.109449,-1.0,-1.0,1.0,0.047247,868.8,3.9,33.1,558.0,100.0,1.0
153043,958,159,4.01716,0.302458,-0.357058,0.0,0.020064,0.00185725,-0.098551,-1.0,-0.839456,1.0,0.073028,1845.8,8.7,20.3,476.9,100.0,1.0
153202,959,159,3.81723,0.2,0.618386,0.013829,0.011086,0.00181585,-0.101782,-1.0,-0.937138,1.0,0.040343,854.6,3.9,21.4,442.7,100.0,1.0
153361,960,159,4.180604,0.362131,-0.434636,0.003132,0.0,0.00164153,-0.056301,-1.0,-0.457014,1.0,0.052998,1431.4,6.5,12.9,632.1,100.0,1.0
153521,961,160,4.808465,1.0,-0.497495,0.004252,0.0,0.00215749,-0.109819,-1.0,-1.0,1.0,0.049093,973.2,5.0,24.0,589.4,100.0,1.0
153687,962,166,4.992156,0.34432,-0.398769,0.008223,0.0,0.00186547,-0.065298,-1.0,-0.54547,1.0,0.053755,1591.2,6.3,15.6,426.1,100.0,1.0
153847,963,160,5.354601,0.625841,-0.384588,0.0,0.0,0.00231126,-0.10772,-1.0,-0.955848,1.0,0.060674,1371.4,4.9,43.8,384.6,100.0,1.0
154010,964,163,5.360707,0.2,-0.460611,0.006199,0.0,0.002248,-0.104004,-1.0,-0.917935,1.0,0.061054,1253.8,5.4,38.3,321.5,100.0,1.0
154172,965,162,4.609445,0.880079,0.674437,0.00159,0.0,0.00212921,-0.119255,-1.0,-1.0,1.0,0.096277,883.2,10.4,38.7,291.0,100.0,1.0
154339,966,167,3.39106,0.220346,-0.496583,0.0,0.008049,0.00164396,-0.108502,-1.0,-1.0,1.0,0.04251,929.6,4.9,13.2,691.3,100.0,1.0
154502,967,163,3.58247,0.2,-0.357277,0.0,0.471606,0.00180689,-0.119159,-1.0,-1.0,1.0,0.095795,1253.1,11.7,23.4,577.6,100.0,1.0
154667,968,165,4.383447,0.640332,-0.356884,0.0,0.0,0.00167095,-0.061176,-1.0,-0.441044,1.0,0.085359,1982.4,10.4,20.6,660.7,100.0,1.0
154832,969,165,2.722865,0.357324,-0.370384,0.0,0.0,0.00142448,-0.101796,-1.0,-0.932584,1.0,0.042686,1316.1,4.8,15.2,887.4,100.0,1.0
154991,970,159,5.621576,0.2,-0.414156,0.0,0.075871,0.0018906,-0.02564,-1.0,-0.129083,1.0,0.063658,1990.1,7.1,23.8,424.9,100.0,1.0
155150,971,159,3.540515,0.59046,-0.378302,0.018685,0.0,0.0017487,-0.104874,-1.0,-0.98339,1.0,0.032677,1343.6,2.6,24.2,861.8,100.0,1.0
155312,972,162,3.841638,0.416953,-0.369954,0.0,0.0,0.00187612,-0.116079,-1.0,-1.0,1.0,0.080393,1111.0,8.5,34.8,504.8,100.0,1.0
155469,973,157,4.110381,0.296733,-0.437305,0.0,0.0,0.00172688,-0.070133,-1.0,-0.625333,1.0,0.037997,1347.9,4.2,14.3,619.8,100.0,1.0
155632,974,163,5.275379,1.0,-0.366743,0.015523,0.0,0.00232844,-0.121651,-1.0,-0.989526,1.0,0.113492,1596.9,9.3,80.8,301.8,100.0,1.0
155791,975,159,3.179239,0.2,-0.520801,0.0,0.0,0.00168714,-0.112794,-1.0,-1.0,1.0,0.063972,938.0,6.8,27.2,492.7,100.0,1.0
155961,976,170,3.650114,0.2,-0.411295,0.0,0.110327,0.00162628,-0.098017,-1.0,-0.837621,1.0,0.071273,1388.9,8.2,23.5,768.3,100.0,1.0
156124,977,163,4.457377,0.2,-0.493277,0.0,0.024539,0.0020316,-0.113302,-1.0,-1.0,1.0,0.066509,1140.3,7.3,25.5,542.8,100.0,1.0
156282,978,158,4.579505,0.471803,-0.335239,0.004513,0.0,0.0020129,-0.094213,-1.0,-0.783557,1.0,0.079285,1857.3,9.5,20.7,476.3,100.0,1.0
156435,979,153,3.194659,0.479229,-0.355614,0.0,0.0,0.00161911,-0.091591,-1.0,-0.783933,1.0,0.065989,1648.9,7.3,24.5,551.3,100.0,1.0
156590,980,155,5.432084,0.423164,-0.361524,0.016028,0.0,0.00190051,-0.029186,-1.0,-0.10251,1.0,0.094675,1975.0,10.3,37.7,379.4,100.0,1.0
156750,981,160,1.824935,0.33336,0.667272,0.009015,2.5e-05,0.00190105,-0.215001,-1.0,-1.0,0.730921,0.104118,888.2,12.8,23.9,597.3,100.0,1.0
156908,982,158,4.254965,0.341861,-0.439171,0.000917,5e-06,0.00195385,-0.100859,-1.0,-0.890997,1.0,0.058798,1240.2,6.0,28.2,689.3,100.0,1.0
157073,983,165,5.492307,0.2,-0.451692,0.0,0.0,0.00207001,-0.073288,-1.0,-0.550985,1.0,0.09095,1378.9,10.0,34.9,470.8,100.0,1.0
157232,984,159,4.608893,0.2,-0.421972,0.012464,0.0,0.0016057,-0.030182,-1.0,-0.109655,1.0,0.096084,1660.3,11.5,26.5,540.1,100.0,1.0
157388,985,156,3.141849,0.368901,-0.486096,0.0,0.0,0.00170447,-0.112451,-1.0,-1.0,1.0,0.062253,1167.6,7.3,18.2,507.5,100.0,1.0
157549,986,161,4.262637,0.2,-0.446952,0.0,0.014289,0.00198631,-0.111677,-1.0,-1.0,1.0,0.058384,971.5,5.3,35.0,484.2,100.0,1.0
157711,987,162,3.582366,0.286956,-0.389831,0.016542,0.0,0.00165741,-0.093572,-1.0,-0.805281,1.0,0.065218,1372.6,6.9,28.8,711.9,100.0,1.0
157869,988,158,5.125435,0.788439,-0.332679,0.0,0.0,0.00198828,-0.063917,-1.0,-0.499509,1.0,0.069831,1975.7,7.4,30.1,321.1,100.0,1.0
158024,989,155,4.579244,0.310808,0.623841,0.012527,1.6e-05,0.00209719,-0.101524,-1.0,-0.858332,1.0,0.078456,804.7,7.9,38.9,353.9,100.0,1.0
158186,990,162,4.930822,0.400481,-0.368431,0.004789,0.0,0.00204521,-0.090649,-1.0,-0.782325,1.0,0.062084,1528.0,4.6,49.3,352.1,100.0,1.0
158340,991,154,2.20589,0.392582,-0.437167,0.0,0.0,0.00144368,-0.114631,-1.0,-1.0,1.0,0.073157,993.2,9.0,17.3,875.2,100.0,1.0
158505,992,165,5.519803,0.41699,-0.444689,0.0,0.0,0.00165868,-0.004316,-1.0,0.0756,1.0,0.059379,1643.1,6.0,29.0,500.1,100.0,1.0
158662,993,157,3.69999,0.434265,-0.403811,0.0,0.0,0.00186775,-0.1127,-1.0,-1.0,1.0,0.063501,1082.2,6.9,25.8,447.6,100.0,1.0
158820,994,158,4.108466,0.2,-0.450582,0.0,0.056877,0.00201936,-0.118628,-1.0,-1.0,1.0,0.093142,1004.1,8.4,56.9,366.1,100.0,1.0
158977,995,157,3.566074,0.220219,-0.466584,0.002059,0.055903,0.00180583,-0.10954,-1.0,-1.0,1.0,0.047702,994.8,4.2,30.1,466.3,100.0,1.0
159134,996,157,4.029288,0.372342,-0.358314,0.017846,0.0,0.00169934,-0.070257,-1.0,-0.524332,1.0,0.089118,1601.5,10.4,26.7,980.7,100.0,1.0
159297,997,163,4.703301,1.0,-0.406715,0.014952,0.0,0.00207582,-0.108985,-1.0,-1.0,1.0,0.044924,1137.6,3.0,40.1,495.0,100.0,1.0
159450,998,153,4.817143,0.2,-0.394649,0.0,0.008431,0.00225153,-0.109591,-1.0,-1.0,1.0,0.047954,1343.7,3.5,38.8,390.1,100.0,1.0
159603,999,153,5.145942,0.653975,-0.434472,0.011571,0.0,0.00202419,-0.058726,-1.0,-0.439704,1.0,0.073776,1401.1,8.1,28.4,467.0,100.0,1.0
159761,1000,158,3.70917,0.717793,-0.402334,0.003968,0.0,0.00188821,-0.117427,-1.0,-1.0,1.0,0.087133,1371.4,10.0,28.9,509.9,100.0,1.0
159923,1001,162,3.716597,0.589296,-0.3096,0.0,0.0,0.00181526,-0.11282,-1.0,-1.0,1.0,0.064102,1353.6,6.3,33.6,517.7,100.0,1.0
160080,1002,157,5.949861,0.787272,-0.323512,0.0088,0.0,0.00224359,-0.06216,-1.0,-0.471809,1.0,0.074897,2169.2,7.2,40.9,403.0,100.0,1.0
160243,1003,163,3.899275,0.427779,-0.474482,0.0,5e-06,0.00185743,-0.11262,-1.0,-1.0,1.0,0.0631,900.6,6.4,30.7,564.3,100.0,1.0
160402,1004,159,3.599686,0.2,-0.379599,0.004647,0.220711,0.00172829,-0.09928,-1.0,-0.827318,1.0,0.08274,1580.6,9.2,30.4,651.9,100.0,1.0
160559,1005,157,2.757856,0.637052,-0.462239,0.001514,0.0,0.00154474,-0.108067,-1.0,-1.0,1.0,0.040333,1059.3,4.5,14.5,555.1,100.0,1.0
160723,1006,164,4.710375,0.2,-0.364368,0.0,0.015578,0.00198418,-0.095855,-1.0,-0.867979,1.0,0.045284,1610.9,4.9,18.7,440.5,100.0,1.0
160886,1007,163,4.370756,0.2,-0.391984,0.004368,0.0,0.00199919,-0.112887,-1.0,-1.0,1.0,0.064436,1023.5,6.0,37.1,678.8,100.0,1.0
161040,1008,154,2.459397,0.66191,0.683282,0.002264,0.0,0.00216915,-0.214217,-1.0,-0.880689,0.726514,0.15214,1166.5,16.9,56.5,273.6,100.0,1.0
161198,1009,158,4.673682,0.688851,-0.404125,0.0,5e-06,0.00208291,-0.101386,-1.0,-0.835601,1.0,0.08913,1361.5,9.2,41.4,673.6,100.0,1.0
161358,1010,160,3.759989,0.335913,-0.421233,0.007632,6e-06,0.00160929,-0.074279,-1.0,-0.605665,1.0,0.068562,1513.7,7.0,32.8,519.3,100.0,1.0
161521,1011,163,5.255994,0.948423,-0.358995,0.011237,0.0,0.00200051,-0.070056,-1.0,-0.580857,1.0,0.059853,2069.6,6.7,22.1,391.2,100.0,1.0
161682,1012,161,3.316367,0.425334,-0.35041,0.0,0.0,0.00172817,-0.116694,-1.0,-1.0,1.0,0.083468,1400.3,10.1,20.8,617.9,100.0,1.0
161841,1013,159,5.543284,1.0,-0.397702,0.01772,0.0,0.00242681,-0.115922,-1.0,-1.0,1.0,0.079608,1487.7,8.6,32.1,323.4,100.0,1.0
162000,1014,159,2.68248,0.2,-0.418701,0.0,0.023449,0.00145936,-0.101368,-1.0,-0.833041,1.0,0.090319,1310.0,12.1,9.6,1285.7,100.0,1.0
162163,1015,163,5.843784,1.0,-0.498372,0.020681,0.0,0.00230466,-0.091084,-1.0,-0.706466,1.0,0.10219,1221.5,8.8,68.0,455.3,100.0,1.0
162320,1016,157,5.345368,0.466329,-0.33062,0.004558,2e-06,0.00180019,-0.022283,-1.0,-0.024877,1.0,0.098977,2159.5,11.8,27.8,430.6,100.0,1.0
162479,1017,159,3.080568,0.471249,-0.321222,0.020408,0.0,0.00154237,-0.095204,-1.0,-0.794594,1.0,0.078725,1700.4,9.1,25.1,820.9,100.0,1.0
162639,1018,160,5.361471,0.207929,-0.360633,0.0,2e-05,0.00185536,-0.035833,-1.0,-0.17981,1.0,0.089262,2179.0,10.3,28.9,398.0,100.0,1.0
162802,1019,163,3.027723,0.505094,-0.420029,0.002321,0.0,0.00159051,-0.111853,-1.0,-1.0,1.0,0.059267,980.5,7.5,11.6,717.4,100.0,1.0
162961,1020,159,5.055007,0.2,-0.342544,0.000541,0.337736,0.00219852,-0.103562,-1.0,-0.860203,1.0,0.08771,1645.3,9.1,39.6,467.4,100.0,1.0
163123,1021,162,4.204178,0.2,-0.38897,0.001832,0.352609,0.0016455,-0.061944,-1.0,-0.384712,1.0,0.117362,1946.1,12.6,48.2,480.4,100.0,1.0
163284,1022,161,2.688291,0.432397,-0.447346,0.005856,0.0,0.00136556,-0.089025,-1.0,-0.731448,1.0,0.079402,1463.6,9.2,24.5,1036.0,100.0,1.0
163445,1023,161,3.996361,0.408056,-0.333417,0.009774,4e-06,0.00181215,-0.097323,-1.0,-0.771639,1.0,0.100796,1692.2,11.2,37.6,652.4,100.0,1.0
163613,1024,168,5.963398,0.423691,-0.314231,0.011183,0.0,0.00184641,-0.02012,-1.0,0.023422,1.0,0.112313,2433.2,13.4,30.7,853.4,100.0,1.0
163767,1025,154,3.572893,0.2,-0.486551,0.0,0.015076,0.00183844,-0.109333,-1.0,-1.0,1.0,0.046666,789.4,5.3,15.6,695.9,100.0,1.0
163933,1026,166,7.130696,0.2,-0.238166,0.008896,0.037892,0.00210844,-0.003208,-1.0,0.101871,1.0,0.066978,2618.3,6.6,34.7,493.9,100.0,1.0
164095,1027,162,4.705435,0.556572,-0.432122,0.0,0.0,0.00163411,-0.035852,-1.0,-0.117433,1.0,0.120544,1682.5,14.7,28.9,611.4,100.0,1.0
164257,1028,162,3.6502,0.846704,-0.380947,0.010896,0.0,0.00168116,-0.09483,-1.0,-0.745854,1.0,0.101224,1784.2,12.4,24.0,641.8,100.0,1.0
164413,1029,156,4.214114,1.0,-0.320768,0.030443,0.0,0.00180294,-0.076365,-1.0,-0.5718,1.0,0.095924,1582.4,10.1,41.9,811.0,100.0,1.0
164578,1030,165,4.707523,0.365366,-0.473368,0.007265,0.0,0.00173808,-0.057948,-1.0,-0.428788,1.0,0.075345,1255.7,7.2,42.0,562.5,100.0,1.0
164744,1031,166,4.243731,0.2,-0.436566,0.007812,0.044572,0.00176737,-0.087111,-1.0,-0.670759,1.0,0.100176,1764.0,10.6,43.8,387.1,100.0,1.0
164906,1032,162,3.702278,0.2,-0.459617,0.0,0.0,0.00182704,-0.116056,-1.0,-0.971941,1.0,0.09431,1345.3,10.3,36.9,583.1,100.0,1.0
165058,1033,152,3.751532,0.957429,-0.430524,0.010877,0.0,0.00194719,-0.113666,-1.0,-1.0,1.0,0.068329,1265.8,6.1,43.0,355.1,100.0,1.0
165217,1034,159,2.912529,0.2,-0.367141,0.00117,0.072411,0.00164903,-0.12067,-1.0,-1.0,1.0,0.103348,1161.6,12.1,30.6,774.7,100.0,1.0
165380,1035,163,2.897945,0.2,-0.328671,0.0,1e-05,0.00152283,-0.107424,-1.0,-0.867715,1.0,0.103262,1466.8,13.0,20.4,901.0,100.0,1.0
165539,1036,159,4.22432,0.271807,-0.400699,0.0,5.7e-05,0.0017695,-0.076196,-1.0,-0.529445,1.0,0.116259,1622.0,12.2,51.8,688.3,100.0,1.0
165692,1037,153,5.669444,0.2,-0.459051,0.0,0.171346,0.00174184,0.008798,-1.0,0.234539,1.0,0.073278,1720.2,6.4,47.5,312.3,100.0,1.0
165855,1038,163,6.350791,0.2,-0.250411,0.010481,0.020806,0.00214583,-0.041444,-1.0,-0.18175,1.0,0.116346,2736.3,12.0,54.5,406.8,100.0,1.0
166014,1039,159,4.293627,0.460277,-0.317835,0.012293,5e-06,0.00150891,-0.031449,-1.0,-0.088173,1.0,0.11316,2505.7,14.5,19.5,519.6,100.0,1.0
166171,1040,157,4.87037,0.309116,-0.476151,0.009566,3e-05,0.00194263,-0.068583,-1.0,-0.565575,1.0,0.060127,1177.8,6.0,30.0,364.1,100.0,1.0
166332,1041,161,3.37276,0.302321,0.634928,0.009673,2.7e-05,0.00203103,-0.163282,-1.0,-1.0,0.875289,0.098164,754.7,10.1,46.2,433.4,100.0,1.0
166501,1042,169,4.258745,0.2,-0.381234,0.0,0.057756,0.00172349,-0.084553,-1.0,-0.681991,1.0,0.081772,1555.5,9.1,29.7,912.6,100.0,1.0
166662,1043,161,3.657067,0.410432,-0.340052,0.001856,0.0,0.00145759,-0.057181,-1.0,-0.400487,1.0,0.085663,1654.7,9.9,26.8,694.1,100.0,1.0
166814,1044,152,4.354477,0.2,-0.471826,0.0,0.0,0.0021829,-0.120527,-1.0,-1.0,1.0,0.102637,1118.1,10.7,46.2,364.6,100.0,1.0
166973,1045,159,5.242848,0.754023,-0.390881,0.003715,0.0,0.00153356,0.010539,-1.0,0.250764,1.0,0.072687,2083.5,8.0,28.0,482.2,100.0,1.0
167135,1046,162,3.739119,0.2,-0.40691,0.013466,0.0,0.00178015,-0.106995,-1.0,-0.954933,1.0,0.05751,1369.0,6.0,26.4,771.5,100.0,1.0
167294,1047,159,4.173766,0.374652,-0.367951,0.016501,2e-06,0.00179805,-0.083436,-1.0,-0.674212,1.0,0.080073,1806.3,8.3,36.5,465.2,100.0,1.0
167449,1048,155,4.545695,0.2,-0.421723,0.0,0.027521,0.00196467,-0.084073,-1.0,-0.691894,1.0,0.07442,1498.0,8.8,21.5,840.2,100.0,1.0
167612,1049,163,4.57553,0.266283,-0.389576,0.001721,0.0,0.00176245,-0.065379,-1.0,-0.542929,1.0,0.055432,1760.6,5.6,26.9,540.3,100.0,1.0
167773,1050,161,2.59837,0.343573,-0.41068,0.000965,0.0,0.00145711,-0.108582,-1.0,-0.951981,1.0,0.066918,1256.8,8.3,14.7,957.2,100.0,1.0
167935,1051,162,5.757644,0.405549,0.63339,0.004141,0.0,0.00209025,-0.059499,-1.0,-0.378949,1.0,0.108021,1274.8,9.9,64.5,582.5,100.0,1.0
168098,1052,163,3.643868,1.0,0.629879,0.02138,0.0,0.00236293,-0.208524,-1.0,-1.0,0.760033,0.122678,814.9,11.6,69.4,459.6,100.0,1.0
168254,1053,156,4.294464,0.622749,0.663889,0.001406,0.0,0.00211196,-0.121252,-1.0,-1.0,1.0,0.106261,1034.2,7.6,87.9,499.2,100.0,1.0
168417,1054,163,4.038768,0.2,-0.414621,0.0,0.060087,0.00188014,-0.110629,-1.0,-1.0,1.0,0.053143,1072.6,5.7,21.8,959.0,100.0,1.0
168580,1055,163,2.896338,0.2,-0.477144,0.007233,1.2e-05,0.00155169,-0.112478,-1.0,-1.0,1.0,0.06239,853.7,5.6,38.7,646.3,100.0,1.0
168740,1056,160,3.553185,0.411968,-0.357987,0.013775,8e-06,0.00159602,-0.083108,-1.0,-0.697373,1.0,0.066852,1332.2,7.3,26.3,870.0,100.0,1.0
168902,1057,162,3.511453,0.2,-0.407842,0.0,0.010261,0.00172469,-0.109184,-1.0,-1.0,1.0,0.045921,1209.3,5.1,17.2,576.9,100.0,1.0
169057,1058,155,5.12136,1.0,0.649903,0.011919,0.0,0.00237598,-0.120099,-1.0,-1.0,1.0,0.100494,1107.3,10.5,44.5,210.2,100.0,1.0
169211,1059,154,3.030672,0.408901,-0.405174,0.0,0.0,0.00163308,-0.104606,-1.0,-0.894221,1.0,0.075919,1560.1,9.1,20.3,500.8,100.0,1.0
169374,1060,163,5.629376,1.0,-0.375163,0.006724,0.0,0.00231891,-0.105247,-1.0,-0.892375,1.0,0.080049,1818.8,7.6,44.8,264.1,100.0,1.0
169529,1061,155,4.137979,0.2,-0.397713,0.0,0.0,0.00175447,-0.071444,-1.0,-0.570506,1.0,0.071968,1488.8,8.4,22.0,667.0,100.0,1.0
169686,1062,157,3.356722,0.2,0.677766,0.0,0.166723,0.00179129,-0.118597,-1.0,-1.0,1.0,0.092987,876.7,7.9,63.1,582.3,100.0,1.0
169845,1063,159,3.22189,0.489,-0.487074,0.005713,0.0,0.00167322,-0.109951,-1.0,-1.0,1.0,0.049756,1003.0,4.3,32.3,487.2,100.0,1.0
170009,1064,164,8.5065,0.2,-0.381218,0.0,0.016297,0.00198621,0.086267,-1.0,1.0,1.0,0.068664,2839.0,6.5,38.4,307.7,100.0,1.0
170172,1065,163,4.419007,0.250249,-0.467861,0.0,0.007136,0.00194852,-0.103579,-1.0,-0.91203,1.0,0.061883,1327.3,7.0,21.7,567.0,100.0,1.0
170333,1066,161,4.936927,0.2,-0.507267,0.01847,0.000112,0.00175232,-0.043022,-1.0,-0.187605,1.0,0.121305,1471.3,10.4,81.0,624.4,100.0,1.0
170488,1067,155,4.775682,0.703231,-0.326226,0.006745,0.0,0.00192257,-0.066718,-1.0,-0.532538,1.0,0.067321,2173.8,7.6,23.0,442.7,100.0,1.0
170644,1068,156,3.900277,0.2,-0.464705,0.015652,0.10708,0.0019837,-0.120605,-1.0,-0.920084,1.0,0.142983,1252.7,12.8,89.5,386.2,100.0,1.0
170799,1069,155,3.333129,0.396754,-0.387707,0.00026,0.0,0.00177694,-0.114027,-1.0,-1.0,1.0,0.070135,1316.5,6.7,38.2,536.6,100.0,1.0
170960,1070,161,2.86955,0.504328,-0.422299,0.001085,0.0,0.00154689,-0.110112,-1.0,-1.0,1.0,0.050561,1285.5,4.9,27.1,494.7,100.0,1.0
171116,1071,156,3.204548,0.633563,0.61013,0.001572,0.0,0.00230624,-0.204683,-1.0,-0.974582,0.757736,0.112164,729.8,10.4,65.8,696.7,100.0,1.0
171279,1072,163,3.178207,0.436529,-0.396402,0.0,0.0,0.00166872,-0.118151,-1.0,-1.0,1.0,0.090753,1268.1,8.9,47.3,770.7,100.0,1.0
171440,1073,161,5.385087,0.853306,-0.400264,0.015192,0.0,0.00209168,-0.076143,-1.0,-0.552292,1.0,0.104571,1749.5,9.6,62.8,395.5,100.0,1.0
171599,1074,159,4.373403,0.382263,-0.50295,0.013529,0.0,0.00183551,-0.080188,-1.0,-0.683565,1.0,0.059158,1132.6,5.9,29.4,585.4,100.0,1.0
171756,1075,157,3.419607,0.78907,-0.4459,0.0,0.0,0.00177569,-0.113278,-1.0,-1.0,1.0,0.066391,1207.1,6.8,31.0,434.4,100.0,1.0
171913,1076,157,6.588959,0.2,-0.491212,0.008192,0.02604,0.00259171,-0.088091,-1.0,-0.555371,1.0,0.162767,1974.3,15.0,96.6,312.8,100.0,1.0
172079,1077,166,2.647573,0.424655,-0.48777,0.0,0.0,0.00145293,-0.113,-1.0,-0.991919,1.0,0.06904,1187.0,7.7,25.7,1012.7,100.0,1.0
172232,1078,153,3.738915,0.2,-0.389698,0.012558,0.010373,0.00191654,-0.112272,-1.0,-1.0,1.0,0.061358,1191.8,5.1,42.7,379.1,100.0,1.0
172393,1079,161,4.980611,0.384971,-0.462066,0.008472,2.1e-05,0.00218296,-0.110438,-1.0,-0.845279,1.0,0.129551,1595.6,11.9,77.4,394.0,100.0,1.0
172554,1080,161,4.439093,0.419584,-0.39159,0.013098,0.0,0.00197338,-0.102874,-1.0,-0.864319,1.0,0.082209,1485.4,6.9,56.8,445.4,100.0,1.0
172719,1081,165,3.754885,0.733674,-0.370231,0.004352,0.0,0.00170497,-0.099577,-1.0,-0.762467,1.0,0.116653,1788.0,12.3,50.9,588.9,100.0,1.0
172880,1082,161,5.231483,0.236751,-0.408853,0.007253,0.0,0.00187362,-0.048498,-1.0,-0.238749,1.0,0.123116,1956.2,12.4,61.0,373.2,100.0,1.0
173038,1083,158,4.622594,0.2,-0.449158,0.0,0.010994,0.00213658,-0.113908,-1.0,-1.0,1.0,0.06954,1325.3,6.6,38.5,384.0,100.0,1.0
173200,1084,162,5.922674,0.397678,-0.349835,0.0,0.0,0.00177134,-0.000361,-1.0,0.177851,1.0,0.090732,2177.6,10.7,26.5,550.8,100.0,1.0
173361,1085,161,4.671818,1.0,-0.329565,0.006205,0.0,0.00210109,-0.11224,-1.0,-0.895317,1.0,0.113541,1637.4,10.2,70.4,448.8,100.0,1.0
173515,1086,154,3.386959,0.2,-0.508744,0.0,0.022206,0.00172511,-0.101795,-1.0,-0.894517,1.0,0.061719,1071.1,5.0,44.7,519.1,100.0,1.0
173682,1087,167,4.284982,0.324635,-0.386082,0.0,0.0,0.00183839,-0.099725,-1.0,-0.888935,1.0,0.054157,1582.5,5.4,26.9,518.2,100.0,1.0
173848,1088,166,5.233054,0.729885,-0.348838,0.00634,0.0,0.00182102,-0.049176,-1.0,-0.2002,1.0,0.145781,2313.8,15.5,61.7,647.2,100.0,1.0
174007,1089,159,4.911018,1.0,-0.465139,0.013904,0.0,0.00221105,-0.114056,-1.0,-1.0,1.0,0.070281,1030.3,4.1,69.5,376.0,100.0,1.0
174163,1090,156,3.204058,0.354305,-0.453803,0.0,0.0,0.00173547,-0.115757,-1.0,-1.0,1.0,0.078785,1080.1,8.8,28.7,653.2,100.0,1.0
174323,1091,160,3.535686,0.2,-0.451518,0.0,0.039044,0.00165875,-0.094414,-1.0,-0.83331,1.0,0.055414,1122.9,5.2,31.7,981.7,100.0,1.0
174486,1092,163,3.63584,0.2,-0.399853,0.0,8e-06,0.00170556,-0.10221,-1.0,-0.907648,1.0,0.057227,1405.2,6.2,22.9,856.9,100.0,1.0
174644,1093,158,5.734369,0.2,-0.414131,0.007153,0.0,0.00212235,-0.058124,-1.0,-0.361671,1.0,0.109786,1966.4,10.0,65.7,407.0,100.0,1.0
174809,1094,165,4.007041,0.2,-0.460668,0.000656,0.069505,0.00186138,-0.113419,-1.0,-0.893844,1.0,0.120175,1389.4,10.3,80.2,614.9,100.0,1.0
174965,1095,156,3.139173,0.2,-0.377598,0.01367,0.00013,0.00140361,-0.067201,-1.0,-0.498824,1.0,0.086595,1993.1,10.6,20.4,778.3,100.0,1.0
175125,1096,160,3.648163,0.653217,-0.346572,0.00578,0.0,0.00183109,-0.116656,-1.0,-1.0,1.0,0.083279,1258.0,9.0,34.2,543.6,100.0,1.0
175288,1097,163,4.863022,0.822213,-0.322278,0.020718,0.0,0.00206394,-0.101437,-1.0,-0.897677,1.0,0.058348,1636.2,4.9,39.6,468.7,100.0,1.0
175449,1098,161,3.034166,0.351317,-0.417184,0.02543,0.0,0.00166516,-0.121461,-1.0,-1.0,1.0,0.107305,1267.1,11.6,43.2,435.2,100.0,1.0
175608,1099,159,4.416412,0.423767,-0.372159,0.020994,0.0,0.00173021,-0.061728,-1.0,-0.462793,1.0,0.077244,1851.6,8.5,29.1,583.6,100.0,1.0
175767,1100,159,5.734448,0.2,-0.475804,0.0,0.013876,0.00196781,-0.035889,-1.0,-0.212908,1.0,0.072992,1663.9,8.1,27.5,411.0,100.0,1.0
175929,1101,162,3.193587,0.339557,-0.412023,0.0,1.4e-05,0.00148856,-0.08687,-1.0,-0.709125,1.0,0.079788,1445.6,9.3,24.3,730.2,100.0,1.0
176088,1102,159,3.468179,0.348615,-0.484787,0.011375,0.0,0.0017699,-0.113912,-1.0,-1.0,1.0,0.069562,607.2,5.8,48.5,622.4,100.0,1.0
176249,1103,161,3.537502,0.2,-0.282308,0.012509,0.109866,0.00166443,-0.097134,-1.0,-0.721529,1.0,0.124905,2112.1,13.8,46.8,590.7,100.0,1.0
176409,1104,160,3.886374,0.455956,-0.414227,0.004208,0.0,0.00158647,-0.066188,-1.0,-0.470336,1.0,0.095772,1739.4,10.0,43.4,391.0,100.0,1.0
176565,1105,156,3.465742,0.360337,-0.339483,0.0,0.0,0.00165709,-0.091205,-1.0,-0.775538,1.0,0.068255,1605.3,6.2,41.2,771.2,100.0,1.0
176730,1106,165,3.729564,0.2,-0.343255,0.025587,0.001074,0.0017494,-0.108637,-1.0,-0.878183,1.0,0.104091,1778.4,9.9,57.4,471.7,100.0,1.0
176889,1107,159,3.75163,0.2,-0.459567,0.003638,0.03057,0.00174954,-0.097133,-1.0,-0.815805,1.0,0.07776,1400.3,7.7,39.5,679.0,100.0,1.0
177049,1108,160,5.865098,0.3296,-0.39246,5.6e-05,3e-06,0.0017587,0.001599,-1.0,0.115699,1.0,0.049852,1868.1,4.8,26.7,596.6,100.0,1.0
177210,1109,161,3.495536,0.2,-0.368762,0.004811,0.004933,0.00178093,-0.118077,-1.0,-1.0,1.0,0.090385,1424.5,9.3,41.9,767.2,100.0,1.0
177370,1110,160,2.655384,0.222574,-0.437614,0.0,0.02455,0.00144191,-0.10259,-1.0,-0.905134,1.0,0.060384,1319.0,7.1,17.7,731.4,100.0,1.0
177526,1111,156,3.345458,0.2,-0.501198,0.003543,0.037137,0.00177378,-0.115342,-1.0,-1.0,1.0,0.07671,1165.4,7.3,42.3,678.7,100.0,1.0
177679,1112,153,4.308547,0.2,-0.287656,0.030008,0.052198,0.00216236,-0.123071,-1.0,-1.0,1.0,0.115356,1531.2,9.7,78.7,575.0,100.0,1.0
177839,1113,160,3.675951,0.394153,-0.353612,0.010085,2e-06,0.00186243,-0.120696,-1.0,-1.0,1.0,0.10348,1565.5,9.5,61.6,607.0,100.0,1.0
178000,1114,161,3.410865,0.2,-0.49217,0.000713,0.048971,0.00175853,-0.118619,-1.0,-0.959969,1.0,0.11311,1002.2,12.3,44.8,593.2,100.0,1.0
178156,1115,156,3.939083,1.0,-0.429449,0.007913,0.0,0.0019655,-0.116656,-1.0,-0.970009,1.0,0.098275,1324.9,9.2,56.0,396.4,100.0,1.0
178307,1116,151,3.98549,0.384456,-0.377769,0.0,7e-06,0.00186638,-0.089643,-1.0,-0.683922,1.0,0.106255,1937.0,12.2,34.9,501.8,100.0,1.0
178472,1117,165,4.210798,0.72749,-0.466369,0.001301,0.0,0.00174704,-0.085241,-1.0,-0.680834,1.0,0.085788,1502.0,9.5,31.7,454.0,100.0,1.0
178630,1118,158,4.932176,0.2,-0.374503,0.0,3.7e-05,0.0018509,-0.054689,-1.0,-0.356765,1.0,0.095063,2003.9,10.9,31.8,544.6,100.0,1.0
178792,1119,162,3.632965,0.404618,-0.348323,0.004949,1.1e-05,0.00170735,-0.101481,-1.0,-0.831896,1.0,0.091456,1509.4,9.8,38.5,714.1,100.0,1.0
178957,1120,165,5.02923,0.229046,-0.225946,6e-05,0.012142,0.00182953,-0.059502,-1.0,-0.332686,1.0,0.131169,2923.8,14.9,45.1,557.2,100.0,1.0
179121,1121,164,3.258736,0.260538,-0.516995,0.0,0.011429,0.00166343,-0.115757,-1.0,-1.0,1.0,0.078786,1039.8,7.5,43.3,643.7,100.0,1.0
179277,1122,156,3.634417,0.2,-0.335141,0.0,0.03001,0.00183782,-0.111566,-1.0,-0.996575,1.0,0.059542,1413.1,3.9,53.9,672.0,100.0,1.0
179437,1123,160,3.939372,0.410784,-0.374433,0.003635,5e-06,0.0019085,-0.115549,-1.0,-1.0,1.0,0.077747,1044.2,8.6,29.1,743.8,100.0,1.0
179599,1124,162,5.290745,1.0,-0.484936,0.017292,0.0,0.00222033,-0.104799,-1.0,-0.733108,1.0,0.157443,1561.7,15.5,82.1,366.5,100.0,1.0
179759,1125,160,3.548566,0.29535,-0.500364,0.0,4.2e-05,0.00182059,-0.120321,-1.0,-1.0,1.0,0.101604,1078.2,11.5,34.9,485.2,100.0,1.0
179918,1126,159,5.190917,0.636276,-0.435979,0.0,0.0,0.00183891,-0.042327,-1.0,-0.269916,1.0,0.076678,1396.1,7.1,44.4,693.4,100.0,1.0
180079,1127,161,3.452618,0.2,-0.384789,0.0,0.032115,0.00155093,-0.083384,-1.0,-0.636496,1.0,0.098674,1816.8,11.8,26.3,703.4,100.0,1.0
180241,1128,162,3.731884,0.2,-0.414345,0.0,0.05575,0.00174674,-0.103247,-1.0,-0.855065,1.0,0.088704,1205.9,9.2,40.3,814.9,100.0,1.0
180398,1129,157,4.773041,0.546794,-0.409352,0.013449,0.0,0.00218376,-0.113021,-1.0,-0.77735,1.0,0.176432,1932.4,18.3,80.5,311.5,100.0,1.0
180554,1130,156,4.599174,0.851588,-0.519785,0.026333,0.0,0.00192926,-0.079503,-1.0,-0.611563,1.0,0.091734,1485.5,7.3,68.0,379.0,100.0,1.0
180716,1131,162,5.217443,0.21494,-0.265165,0.005662,0.007249,0.00176619,-0.034932,-1.0,-0.141857,1.0,0.103732,2423.7,12.4,28.4,579.0,100.0,1.0
180872,1132,156,2.969049,0.2,-0.391512,0.002031,0.005106,0.00164664,-0.11394,-1.0,-1.0,1.0,0.069701,1175.0,5.5,51.9,866.7,100.0,1.0
181032,1133,160,3.76524,0.212477,-0.364703,0.0,2.8e-05,0.00164415,-0.081828,-1.0,-0.718543,1.0,0.04987,1477.1,4.7,28.5,663.6,100.0,1.0
181196,1134,164,6.207365,0.992967,-0.356609,0.010255,0.0,0.00242608,-0.099183,-1.0,-0.549448,1.0,0.221191,2536.3,23.9,90.3,355.3,100.0,1.0
181362,1135,166,3.68318,0.254589,-0.395451,0.002101,0.000132,0.00174223,-0.111939,-1.0,-0.868403,1.0,0.125492,1523.5,13.9,47.4,562.2,100.0,1.0
181522,1136,160,4.766289,0.443707,-0.37079,0.00013,1e-06,0.00176714,-0.053394,-1.0,-0.426621,1.0,0.053657,1863.1,5.7,22.5,491.4,100.0,1.0
181677,1137,155,5.832378,0.805464,-0.427098,0.009553,0.0,0.00246875,-0.102081,-1.0,-0.732229,1.0,0.144293,1711.9,11.4,107.9,274.9,100.0,1.0
181840,1138,163,5.353755,0.2,-0.488514,0.0,0.113356,0.00207485,-0.0806,-1.0,-0.67306,1.0,0.06647,1378.3,4.0,63.6,480.6,100.0,1.0
182003,1139,163,3.897944,0.560295,-0.454657,0.006108,0.0,0.00160625,-0.074241,-1.0,-0.528649,1.0,0.106878,1581.6,10.2,59.4,489.1,100.0,1.0
182168,1140,165,4.106987,0.2,-0.411541,0.005424,0.010166,0.00191532,-0.118443,-1.0,-0.957171,1.0,0.113632,1477.7,9.0,84.1,361.8,100.0,1.0
182331,1141,163,5.554114,0.2,-0.395798,0.0,0.008879,0.00210894,-0.076558,-1.0,-0.567675,1.0,0.098952,1734.1,8.5,66.1,394.0,100.0,1.0
182493,1142,162,2.186592,0.291626,-0.387343,0.0,0.000229,0.00122783,-0.093684,-1.0,-0.78329,1.0,0.076776,1434.2,9.6,15.8,1026.1,100.0,1.0
182654,1143,161,4.031416,0.352052,-0.340052,0.013083,0.0,0.00193185,-0.117095,-1.0,-1.0,1.0,0.085474,1603.1,7.1,59.2,431.8,100.0,1.0
182817,1144,163,4.80993,0.2,-0.415067,0.006807,7e-06,0.00159445,-0.028506,-1.0,-0.160569,1.0,0.062246,1824.1,3.7,60.1,412.3,100.0,1.0
182980,1145,163,4.312188,0.2,-0.427515,0.003559,0.068224,0.00139501,-0.019978,-1.0,-0.091099,1.0,0.05434,1590.9,6.2,18.1,899.7,100.0,1.0
183153,1146,173,5.06616,0.244336,-0.384601,0.007424,8e-06,0.00183621,-0.074053,-1.0,-0.598702,1.0,0.070915,1604.3,6.5,41.8,543.0,100.0,1.0
183311,1147,158,3.744203,0.2,-0.379666,0.0,0.0,0.0016681,-0.083515,-1.0,-0.671167,1.0,0.081993,1799.1,8.5,37.8,577.6,100.0,1.0
183469,1148,158,4.157642,0.880132,-0.441349,0.022334,0.0,0.00192971,-0.105014,-1.0,-0.85435,1.0,0.097893,1302.8,7.3,78.4,415.3,100.0,1.0
183636,1149,167,4.937685,0.207491,-0.360069,0.0,0.008833,0.00182376,-0.067228,-1.0,-0.535344,1.0,0.068466,1650.0,5.7,47.6,669.8,100.0,1.0
183792,1150,156,4.787833,0.226714,0.645517,0.0,0.014764,0.00218787,-0.111203,-1.0,-1.0,1.0,0.056014,658.4,3.0,58.1,309.6,100.0,1.0
183949,1151,157,2.848053,0.2,-0.414746,0.005586,0.154893,0.00141526,-0.085294,-1.0,-0.668137,1.0,0.092401,1623.2,11.6,19.2,713.5,100.0,1.0
184110,1152,161,4.407224,0.2,-0.407181,0.0,0.047598,0.00195514,-0.10301,-1.0,-0.852595,1.0,0.088751,1538.5,6.8,69.1,720.7,100.0,1.0
184274,1153,164,3.875691,0.2,-0.47715,0.018701,0.051436,0.00188565,-0.123007,-1.0,-1.0,1.0,0.115037,1139.6,9.5,81.0,864.0,100.0,1.0
184436,1154,162,3.370035,0.313315,-0.415064,0.012234,4e-06,0.00170403,-0.114105,-1.0,-0.824864,1.0,0.158095,1674.3,17.1,64.2,770.5,100.0,1.0
184594,1155,158,4.372489,0.202016,-0.37729,0.028566,9.4e-05,0.00172525,-0.062501,-1.0,-0.446659,1.0,0.089177,1692.5,7.6,60.4,598.8,100.0,1.0
184756,1156,162,3.715759,0.662147,-0.478623,0.017138,0.0,0.00184072,-0.11969,-1.0,-1.0,1.0,0.098448,1094.6,9.8,49.9,405.2,100.0,1.0
184913,1157,157,5.302135,0.414041,-0.300639,0.009935,0.000146,0.0022564,-0.099607,-1.0,-0.676538,1.0,0.159768,2359.6,15.2,89.1,557.6,100.0,1.0
185078,1158,165,3.271845,0.2,-0.389445,0.011981,0.0,0.00161188,-0.108765,-1.0,-0.987621,1.0,0.050013,1094.5,2.8,50.4,945.6,100.0,1.0
185242,1159,164,5.58168,0.2,0.65683,0.000284,0.06486,0.00215741,-0.085699,-1.0,-0.608983,1.0,0.124006,1226.1,12.8,57.2,566.7,100.0,1.0
185397,1160,155,5.185277,0.2,-0.364344,0.003937,0.0,0.00187019,-0.040791,-1.0,-0.209371,1.0,0.099267,2325.5,8.5,66.3,369.7,100.0,1.0
185554,1161,157,3.857571,0.2626,-0.346133,0.019132,1.3e-05,0.00174263,-0.088289,-1.0,-0.686303,1.0,0.098292,1679.3,7.0,82.2,518.6,100.0,1.0
185711,1162,157,2.564466,0.2,-0.493181,0.0,0.010169,0.00154116,-0.11877,-1.0,-1.0,1.0,0.093848,1144.5,10.6,33.0,524.7,100.0,1.0
185870,1163,159,5.035792,0.2,-0.317581,0.021099,1.4e-05,0.00204343,-0.083082,-1.0,-0.610091,1.0,0.110363,2309.5,10.9,57.1,385.3,100.0,1.0
186033,1164,163,4.824543,0.280956,-0.347924,0.0,0.0,0.00180671,-0.062804,-1.0,-0.446897,1.0,0.090574,2144.9,8.3,53.6,412.9,100.0,1.0
186195,1165,162,3.757658,0.298408,-0.351416,0.008902,0.0,0.00177917,-0.107781,-1.0,-0.913844,1.0,0.081985,1476.9,7.7,46.9,634.2,100.0,1.0
186356,1166,161,3.909362,0.2,-0.385017,0.004305,0.04937,0.00170381,-0.086603,-1.0,-0.651853,1.0,0.10709,1860.6,11.7,42.0,624.2,100.0,1.0
186517,1167,161,4.097846,0.340953,-0.319763,0.0,6.5e-05,0.00194292,-0.116094,-1.0,-0.950118,1.0,0.105412,1569.5,10.8,50.2,601.1,100.0,1.0
186672,1168,155,4.116899,0.2,-0.442735,0.006312,0.01044,0.00162332,-0.053987,-1.0,-0.38123,1.0,0.079319,1484.9,7.7,42.3,442.5,100.0,1.0
186825,1169,153,3.676581,0.2,-0.450271,0.0,0.0,0.00166119,-0.077695,-1.0,-0.610752,1.0,0.083099,1467.1,6.4,64.3,498.8,100.0,1.0
186979,1170,154,4.257312,0.608208,0.63657,0.0,0.0,0.00191729,-0.090954,-1.0,-0.832717,1.0,0.038411,665.3,4.1,16.5,426.4,100.0,1.0
187137,1171,158,5.835508,0.258571,-0.315446,0.0,0.0,0.00243898,-0.105371,-1.0,-0.846584,1.0,0.103566,1810.0,8.5,73.6,287.4,100.0,1.0
187307,1172,170,4.205892,0.2,-0.399661,0.0,0.040358,0.00171213,-0.089194,-1.0,-0.701174,1.0,0.095382,1775.1,9.3,50.8,657.3,100.0,1.0
187463,1173,156,4.543557,0.688896,-0.352729,0.005393,0.0,0.00222835,-0.129603,-1.0,-1.0,1.0,0.148013,1598.7,13.2,92.4,571.5,100.0,1.0
187616,1174,153,4.031611,0.2,-0.354769,0.007415,1.4e-05,0.00161903,-0.054237,-1.0,-0.380957,1.0,0.080704,2047.9,10.1,17.2,639.0,100.0,1.0
187774,1175,158,3.727795,0.2,-0.334131,0.011269,1.7e-05,0.00172064,-0.092995,-1.0,-0.697095,1.0,0.11643,1812.3,12.2,51.4,567.3,100.0,1.0
187934,1176,160,4.181463,0.805714,-0.479763,0.034099,0.0,0.00164673,-0.062872,-1.0,-0.423595,1.0,0.102561,1431.1,10.1,53.4,614.7,100.0,1.0
188095,1177,161,2.784376,0.2,0.6,0.02236,0.114693,0.00193683,-0.17827,-1.0,-1.0,0.838043,0.107925,705.5,9.6,67.9,496.9,100.0,1.0
188249,1178,154,3.759443,0.42638,-0.316118,0.007082,0.0,0.00195538,-0.120837,-1.0,-1.0,1.0,0.104184,1228.7,9.4,64.2,661.5,100.0,1.0
188408,1179,159,2.873751,0.387277,-0.32097,0.0,9e-06,0.00155214,-0.108956,-1.0,-0.909341,1.0,0.090108,1646.5,10.7,25.5,665.5,100.0,1.0
188566,1180,158,3.956329,0.2,-0.384512,0.016072,0.028119,0.00193866,-0.116606,-1.0,-0.872393,1.0,0.146831,1587.1,14.1,80.0,528.4,100.0,1.0
188719,1181,153,4.069588,0.790453,-0.339806,0.005441,0.0,0.00206842,-0.121349,-1.0,-0.99397,1.0,0.109759,1627.4,10.0,65.8,444.2,100.0,1.0
188875,1182,156,3.924351,0.675215,-0.385741,0.005924,0.0,0.00174379,-0.08387,-1.0,-0.626613,1.0,0.106042,1861.5,11.0,47.8,487.1,100.0,1.0
189040,1183,165,3.450414,0.26616,-0.342526,0.0,0.0,0.00170011,-0.115107,-1.0,-1.0,1.0,0.075534,1376.1,8.6,25.7,779.1,100.0,1.0
189196,1184,156,6.864832,0.309576,-0.287453,0.013959,0.01295,0.00243728,-0.051212,-1.0,-0.261747,1.0,0.125185,2195.7,12.0,68.6,305.8,100.0,1.0
189355,1185,159,6.479213,0.414092,-0.305044,0.001429,0.0,0.00235026,-0.063078,-1.0,-0.419948,1.0,0.105415,2507.9,9.4,66.2,363.4,100.0,1.0
189513,1186,158,4.220454,0.2,-0.399119,0.019582,0.040124,0.00157841,-0.04699,-1.0,-0.277813,1.0,0.096046,2006.5,10.8,34.0,1017.0,100.0,1.0
189668,1187,155,5.088066,1.0,-0.385416,0.019826,0.0,0.00233977,-0.118724,-1.0,-1.0,1.0,0.093621,1408.3,8.0,63.0,327.6,100.0,1.0
189829,1188,161,3.661449,0.792141,-0.425289,0.001536,0.0,0.00184459,-0.121419,-1.0,-1.0,1.0,0.107095,1388.3,9.9,62.6,730.0,100.0,1.0
189985,1189,156,4.218737,0.2,-0.489549,0.001845,0.018313,0.00196523,-0.104332,-1.0,-0.894017,1.0,0.074653,877.3,7.2,40.8,396.7,100.0,1.0
190143,1190,158,4.35476,0.231113,-0.384611,0.027304,0.000127,0.00178888,-0.073866,-1.0,-0.545608,1.0,0.096527,1639.2,7.4,74.7,445.6,100.0,1.0
190307,1191,164,4.973365,0.961897,-0.506011,0.006192,0.0,0.00213866,-0.112342,-1.0,-1.0,1.0,0.061709,578.4,4.1,55.2,516.1,100.0,1.0
190471,1192,164,6.000654,0.2,-0.4228,0.0,0.0,0.00168365,0.011519,-1.0,0.286517,1.0,0.085664,2343.4,9.0,38.3,467.6,100.0,1.0
190632,1193,161,3.743048,0.404653,-0.456254,0.004452,0.0,0.00186747,-0.121267,-1.0,-1.0,1.0,0.106334,922.0,7.5,89.9,457.8,100.0,1.0
190793,1194,161,6.143594,0.632748,-0.41649,0.028376,0.0,0.00243284,-0.097256,-1.0,-0.683195,1.0,0.144683,1866.1,11.8,103.9,250.4,100.0,1.0
190947,1195,154,5.877221,0.933356,-0.309163,0.008162,0.0,0.00236107,-0.081887,-1.0,-0.590728,1.0,0.11407,2167.9,13.3,35.3,539.3,100.0,1.0
191102,1196,155,4.535304,0.2,-0.438987,0.000496,0.028785,0.0021616,-0.117654,-1.0,-1.0,1.0,0.088271,1210.6,6.4,72.2,360.2,100.0,1.0
191260,1197,158,2.883378,0.261038,-0.490002,0.000246,3.7e-05,0.00160874,-0.11595,-1.0,-1.0,1.0,0.079752,1024.8,8.5,33.3,578.5,100.0,1.0
191423,1198,163,3.252645,0.2,-0.469968,0.006126,0.02645,0.00153399,-0.094135,-1.0,-0.767968,1.0,0.086689,1405.8,8.1,50.0,469.4,100.0,1.0
191584,1199,161,3.896705,0.2,-0.370992,0.0,0.200493,0.00162606,-0.075062,-1.0,-0.519281,1.0,0.115668,2049.4,15.0,18.1,731.8,100.0,1.0
191745,1200,161,3.873628,1.0,-0.405618,0.00773,0.0,0.00186414,-0.114531,-1.0,-0.911741,1.0,0.116786,1592.9,11.1,64.6,517.7,100.0,1.0
191905,1201,160,4.540556,1.0,0.676736,0.005932,0.0,0.0020893,-0.116786,-1.0,-1.0,1.0,0.083931,1064.5,10.3,20.2,398.8,100.0,1.0
192067,1202,162,3.310141,0.295885,-0.468462,0.0,0.0,0.0016659,-0.111311,-1.0,-1.0,1.0,0.056557,861.2,5.7,27.2,437.1,100.0,1.0
192221,1203,154,3.957905,0.877018,-0.43623,0.002707,0.0,0.00203087,-0.123214,-1.0,-0.947646,1.0,0.142246,1140.9,14.2,71.9,541.5,100.0,1.0
192378,1204,157,4.608108,0.759251,0.602096,0.004704,0.0,0.00217377,-0.120616,-1.0,-1.0,1.0,0.10308,1199.1,7.9,79.8,286.0,100.0,1.0
192535,1205,157,5.129997,0.421203,-0.398576,0.007037,0.0,0.00175773,-0.030296,-1.0,-0.130025,1.0,0.086469,1706.6,8.9,40.4,460.6,100.0,1.0
192702,1206,167,6.358385,0.575237,-0.339009,0.011913,0.000169,0.00203684,-0.035691,-1.0,-0.13988,1.0,0.108516,2437.2,9.3,72.6,350.3,100.0,1.0
192865,1207,163,4.37005,0.2,-0.372298,0.01288,0.032985,0.00184088,-0.090808,-1.0,-0.745273,1.0,0.081404,1551.3,7.3,50.6,738.1,100.0,1.0
193017,1208,152,4.254125,0.739228,-0.430285,0.026448,0.0,0.00188111,-0.082232,-1.0,-0.587957,1.0,0.11718,1507.4,9.8,80.7,315.9,100.0,1.0
193179,1209,162,4.264154,0.280462,-0.367661,0.01728,0.0,0.00171629,-0.073883,-1.0,-0.464612,1.0,0.137108,2126.8,15.2,50.6,487.2,100.0,1.0
193342,1210,163,6.319391,1.0,-0.323617,0.026448,1.6e-05,0.00232412,-0.076357,-1.0,-0.52026,1.0,0.121656,1846.4,8.5,104.1,255.3,100.0,1.0
193496,1211,154,3.445968,0.281672,-0.524347,0.013145,0.0,0.00178281,-0.109588,-1.0,-1.0,1.0,0.047938,942.5,4.0,33.4,630.0,100.0,1.0
193652,1212,156,3.592618,0.479031,-0.305099,0.001505,0.0,0.00143125,-0.051322,-1.0,-0.244619,1.0,0.134298,2289.5,18.0,13.7,835.6,100.0,1.0
193814,1213,162,5.259839,0.348375,-0.446241,0.011371,0.000122,0.00219082,-0.103234,-1.0,-0.78643,1.0,0.122956,1240.2,9.0,100.1,287.3,100.0,1.0
193969,1214,155,3.793337,0.2,-0.394024,0.016659,0.171883,0.00185541,-0.106064,-1.0,-0.877281,1.0,0.091681,1548.2,9.7,40.0,560.3,100.0,1.0
194129,1215,160,5.657314,0.558164,-0.478994,0.005269,0.0,0.00174376,-0.008311,-1.0,0.100214,1.0,0.091664,1960.6,7.0,71.0,194.5,100.0,1.0
194288,1216,159,4.171788,0.2,-0.404938,0.006306,0.018107,0.0018986,-0.102287,-1.0,-0.751762,1.0,0.135556,1669.1,13.5,68.3,493.4,100.0,1.0
194448,1217,160,5.467718,0.2,-0.319046,0.003788,0.038353,0.00203686,-0.064311,-1.0,-0.433748,1.0,0.10468,2272.9,11.0,46.5,486.3,100.0,1.0
194606,1218,158,3.857539,0.2,-0.320738,0.007538,0.0,0.00171584,-0.086531,-1.0,-0.575253,1.0,0.145031,1999.7,15.8,57.0,622.2,100.0,1.0
194765,1219,159,3.816549,0.2,-0.347637,0.0,0.105835,0.00174417,-0.094745,-1.0,-0.761542,1.0,0.092955,1556.2,10.7,30.6,712.2,100.0,1.0
194926,1220,161,6.865467,0.2,-0.294599,0.026854,0.270249,0.00207393,-0.005514,-1.0,0.242693,1.0,0.148918,3177.7,14.8,75.8,361.9,100.0,1.0
195087,1221,161,4.906901,0.2,-0.434114,0.006535,0.00011,0.00205635,-0.096373,-1.0,-0.869871,1.0,0.046931,1086.1,2.7,46.2,403.8,100.0,1.0
195248,1222,161,4.390716,0.55843,-0.356006,0.0,0.0,0.00195573,-0.104843,-1.0,-0.828807,1.0,0.109809,1618.2,13.9,21.1,566.2,100.0,1.0
195407,1223,159,4.404497,0.2,-0.299276,0.009923,0.332102,0.00197399,-0.103193,-1.0,-0.812072,1.0,0.109931,1570.6,10.8,57.7,563.0,100.0,1.0
195568,1224,161,4.852254,1.0,-0.400919,0.020156,0.0,0.001929,-0.078482,-1.0,-0.413795,1.0,0.185512,2300.2,21.9,53.9,485.8,100.0,1.0
195733,1225,165,5.05511,0.625098,-0.381961,0.009495,0.0,0.00204539,-0.095746,-1.0,-0.688806,1.0,0.134325,1889.2,14.5,55.3,597.5,100.0,1.0
195889,1226,156,5.570506,0.920639,-0.505924,0.01938,1.5e-05,0.00225982,-0.086128,-1.0,-0.596022,1.0,0.13263,1554.8,14.0,57.7,393.3,100.0,1.0
196054,1227,165,-0.788606,0.406141,-0.425473,0.039697,0.0,0.0017249,-0.322314,-1.0,-1.0,0.471414,0.186547,1273.6,21.6,58.5,417.2,100.0,1.0
196219,1228,165,4.01365,0.51833,-0.317761,0.007904,0.0,0.001633,-0.077485,-1.0,-0.500601,1.0,0.137123,2114.2,17.3,27.3,622.8,100.0,1.0
196382,1229,163,3.077429,0.405847,0.6,0.014181,0.0,0.00160073,-0.11375,-1.0,-1.0,1.0,0.068751,800.7,7.8,23.1,658.0,100.0,1.0
196544,1230,162,4.152383,0.974625,-0.338192,0.031084,0.0,0.00195118,-0.117563,-1.0,-0.798939,1.0,0.188347,1778.6,20.0,80.4,511.3,100.0,1.0
196704,1231,160,4.7826,0.2,-0.344286,0.0,0.099072,0.0017172,-0.046118,-1.0,-0.04143,1.0,0.209873,2972.1,25.8,49.3,507.7,100.0,1.0
196861,1232,157,5.307555,1.0,-0.296116,0.018257,0.0,0.00217444,-0.087708,-1.0,-0.510426,1.0,0.183328,2418.4,18.2,93.2,334.8,100.0,1.0
197018,1233,157,4.443583,0.2,-0.290208,0.025775,0.010909,0.00204258,-0.108311,-1.0,-0.613215,1.0,0.234947,2399.8,25.9,89.2,322.5,100.0,1.0
197179,1234,161,5.150473,1.0,-0.481297,0.018674,0.0,0.00221286,-0.110147,-1.0,-0.890845,1.0,0.105313,1277.9,9.5,64.6,228.2,100.0,1.0
197337,1235,158,3.352986,0.2,-0.371727,0.00057,4e-06,0.00163813,-0.098573,-1.0,-0.810315,1.0,0.087708,1357.0,9.5,35.1,816.1,100.0,1.0
197495,1236,158,7.524853,0.2,-0.1875,0.0,0.030456,0.00205415,0.035015,-1.0,0.579933,1.0,0.114894,3227.8,11.6,56.3,667.6,100.0,1.0
197653,1237,158,8.073034,0.2,-0.240572,0.0,0.236572,0.00183189,0.096331,-0.88957,0.910003,1.0,0.1666,4230.7,20.9,33.4,436.8,100.0,1.0
197815,1238,162,4.281207,0.504788,-0.354694,0.0,0.0,0.00168769,-0.068836,-1.0,-0.509963,1.0,0.0892,1806.4,10.3,28.5,515.5,100.0,1.0
197977,1239,162,3.530538,0.335903,-0.298349,0.012503,1e-06,0.00168088,-0.103623,-1.0,-0.675124,1.0,0.180555,1978.8,19.6,72.4,722.3,100.0,1.0
198131,1240,154,6.392409,0.276657,-0.356064,0.015626,0.0,0.00175821,0.034589,-1.0,0.553905,1.0,0.104007,2524.3,11.5,39.0,578.8,100.0,1.0
198291,1241,160,4.515199,0.500399,-0.37862,0.014195,0.0,0.00194337,-0.09527,-1.0,-0.62117,1.0,0.165765,1894.5,15.8,91.7,422.8,100.0,1.0
198453,1242,162,5.009767,0.498974,-0.389412,0.011222,4e-06,0.00183991,-0.058779,-1.0,-0.435698,1.0,0.076045,1830.5,8.9,22.8,590.4,100.0,1.0
198617,1243,164,4.297773,0.2,-0.366017,0.04232,3e-06,0.00171773,-0.076433,-1.0,-0.480932,1.0,0.141697,2334.8,13.0,84.0,456.9,100.0,1.0
198776,1244,159,3.700095,0.743311,-0.340798,0.017448,0.0,0.00184394,-0.116482,-1.0,-0.806843,1.0,0.17899,2149.2,18.9,77.6,448.9,100.0,1.0
198937,1245,161,4.888548,0.2,0.621769,0.0,0.237652,0.00206585,-0.099184,-1.0,-0.806384,1.0,0.092727,1238.7,7.4,68.4,420.9,100.0,1.0
199104,1246,167,5.140535,0.329965,-0.320337,0.0,2e-05,0.00162201,-0.025432,-1.0,-0.099991,1.0,0.077162,1939.4,9.0,23.4,740.2,100.0,1.0
199268,1247,164,3.219475,0.2,0.688696,0.002982,0.0,0.00155718,-0.101665,-1.0,-0.900611,1.0,0.058021,904.8,5.7,30.3,513.3,100.0,1.0
199430,1248,162,5.761163,0.2,-0.265946,0.001201,0.032741,0.00215706,-0.074452,-1.0,-0.404233,1.0,0.170141,2646.2,16.7,89.3,418.4,100.0,1.0
199591,1249,161,5.255684,1.0,-0.33698,0.010991,4.7e-05,0.00186827,-0.049896,-1.0,0.036851,1.0,0.267904,3118.9,28.5,113.8,331.3,100.0,1.0
199747,1250,156,3.327616,0.668458,0.661606,0.0,0.0,0.00173743,-0.112197,-1.0,-1.0,1.0,0.060986,975.5,6.7,23.0,510.0,100.0,1.0
199909,1251,162,4.062077,0.2,-0.361253,0.0,0.02718,0.00164584,-0.072758,-1.0,-0.534169,1.0,0.096704,1769.7,11.1,31.6,748.6,100.0,1.0
200069,1252,160,6.043937,1.0,-0.432871,0.029778,0.0,0.00225763,-0.072831,-1.0,-0.436417,1.0,0.145946,1961.3,12.2,101.2,286.8,100.0,1.0
200226,1253,157,3.749763,0.2,-0.349353,0.0,0.040292,0.00172601,-0.092043,-1.0,-0.730474,1.0,0.09498,1849.7,10.6,34.2,508.4,100.0,1.0
200385,1254,159,4.306635,0.2,0.636518,0.0,0.142054,0.0019188,-0.099614,-1.0,-0.813921,1.0,0.091107,1077.1,8.8,49.7,425.7,100.0,1.0
200543,1255,158,5.019832,0.2,-0.358246,0.0,0.0,0.00171675,-0.031758,-1.0,-0.197117,1.0,0.06023,2164.3,7.3,15.2,443.5,100.0,1.0
200703,1256,160,4.891267,0.922236,-0.460163,0.012828,0.0,0.00205518,-0.095515,-1.0,-0.606256,1.0,0.174447,1795.6,17.9,82.1,261.6,100.0,1.0
200857,1257,154,4.754251,0.2,-0.295982,0.026681,0.007805,0.00212453,-0.100419,-1.0,-0.649625,1.0,0.177282,2011.3,17.0,96.8,372.9,100.0,1.0
201019,1258,162,5.398735,0.370847,-0.363755,0.0,0.0,0.00178956,-0.032408,-1.0,-0.096624,1.0,0.113728,2238.3,12.2,47.5,601.6,100.0,1.0
201172,1259,153,5.67086,0.842975,-0.362315,0.005489,0.0,0.00185301,-0.013049,-1.0,0.195907,1.0,0.163196,2680.1,18.2,59.8,251.6,100.0,1.0
201327,1260,155,2.406718,0.382879,-0.393633,0.000516,2.6e-05,0.00153829,-0.123646,-1.0,-1.0,1.0,0.11823,1210.8,13.3,42.3,532.5,100.0,1.0
201481,1261,154,3.493659,0.2,-0.445596,0.003375,0.046843,0.00176839,-0.105755,-1.0,-0.764755,1.0,0.146396,1622.9,14.4,76.0,503.6,100.0,1.0
201641,1262,160,6.23485,0.303769,-0.390173,0.015765,5.9e-05,0.00225222,-0.063135,-1.0,-0.279386,1.0,0.175982,2244.6,17.9,84.1,353.2,100.0,1.0
201796,1263,155,5.336667,0.689664,-0.474712,0.005262,0.0,0.00201162,-0.057361,-1.0,-0.444266,1.0,0.06467,1129.8,4.8,51.8,442.5,100.0,1.0
201950,1264,154,5.225188,0.2,-0.44,0.013091,0.000173,0.00249716,-0.135479,-1.0,-0.975165,1.0,0.189813,1817.4,19.1,93.8,378.3,100.0,1.0
202108,1265,158,2.722542,0.343829,-0.323197,0.014066,0.0,0.0014571,-0.100353,-1.0,-0.678368,1.0,0.162582,1919.6,21.0,26.1,773.3,100.0,1.0
202261,1266,153,3.751983,0.253162,-0.360726,0.009057,0.0,0.00170374,-0.081745,-1.0,-0.59736,1.0,0.110043,1986.0,9.5,72.8,446.2,100.0,1.0
202420,1267,159,5.486578,0.91966,-0.319235,0.016302,0.0,0.00210461,-0.073048,-1.0,-0.342592,1.0,0.193944,2671.3,21.5,72.0,409.8,100.0,1.0
202583,1268,163,4.592875,0.507381,-0.372078,0.009375,0.0,0.00196581,-0.101462,-1.0,-0.639119,1.0,0.187752,1937.5,18.3,99.1,771.3,100.0,1.0
202742,1269,159,3.162237,0.2,-0.435142,0.0,0.019918,0.00155182,-0.095968,-1.0,-0.704003,1.0,0.127837,1770.4,15.6,30.7,466.6,100.0,1.0
202906,1270,164,4.608193,0.2,-0.464069,0.0,0.074594,0.00182449,-0.079564,-1.0,-0.642849,1.0,0.076395,1400.9,8.3,31.0,563.3,100.0,1.0
203056,1271,150,2.677495,0.2,-0.396488,0.000724,0.092317,0.00162655,-0.116358,-1.0,-0.738257,1.0,0.212661,1866.6,23.2,83.9,678.4,100.0,1.0
203211,1272,155,2.394193,0.556352,-0.505595,0.013871,0.0,0.00184454,-0.171798,-1.0,-1.0,0.863254,0.119686,969.3,13.0,47.8,523.9,100.0,1.0
203372,1273,161,3.35561,0.2,-0.333288,0.003621,0.233113,0.00165295,-0.106215,-1.0,-0.762648,1.0,0.149753,2018.5,18.1,38.5,640.7,100.0,1.0
203532,1274,160,5.18902,0.2,-0.369824,0.02008,0.021065,0.00186394,-0.051011,-1.0,-0.301808,1.0,0.104151,1962.9,10.1,55.3,550.4,100.0,1.0
203688,1275,156,4.638546,0.2,-0.333105,0.002395,0.006684,0.00192627,-0.079526,-1.0,-0.478006,1.0,0.158626,2019.5,15.3,86.3,502.8,100.0,1.0
203848,1276,160,4.966584,0.566416,0.68558,0.01017,0.0,0.00219743,-0.115017,-1.0,-1.0,1.0,0.075086,881.9,6.4,50.7,443.3,100.0,1.0
204010,1277,162,4.886032,0.2,-0.379221,0.009645,0.008919,0.00181216,-0.060831,-1.0,-0.41153,1.0,0.09839,1668.2,11.3,32.7,855.3,100.0,1.0
204166,1278,156,5.719166,1.0,-0.336591,0.004718,0.0,0.00246234,-0.111731,-1.0,-0.793384,1.0,0.161964,1758.1,14.6,99.1,163.3,100.0,1.0
204326,1279,160,5.467478,0.2,-0.299122,0.012002,6.5e-05,0.00200741,-0.060744,-1.0,-0.241637,1.0,0.182901,2743.7,17.0,106.6,289.3,100.0,1.0
204490,1280,164,5.453103,0.590023,-0.277175,0.009615,0.0,0.00215257,-0.093278,-1.0,-0.661903,1.0,0.135441,2262.5,10.3,105.6,333.5,100.0,1.0
204648,1281,158,5.500739,0.2,-0.325083,0.025118,0.019134,0.0022852,-0.099023,-1.0,-0.566238,1.0,0.211997,2262.2,23.9,75.0,466.8,100.0,1.0
204811,1282,163,5.11488,0.596624,-0.457702,0.0,0.0,0.0017517,-0.041831,-1.0,-0.237744,1.0,0.090283,1556.5,10.6,27.3,498.3,100.0,1.0
204969,1283,158,3.711785,0.267682,-0.370033,0.005927,0.011928,0.00171396,-0.09397,-1.0,-0.60665,1.0,0.166524,1997.7,17.2,76.5,502.6,100.0,1.0
205131,1284,162,4.901404,0.2,-0.280633,0.006828,0.009472,0.00181049,-0.059827,-1.0,-0.209227,1.0,0.194521,3039.6,18.2,111.5,401.5,100.0,1.0
205290,1285,159,5.139138,0.636636,-0.284458,0.026468,0.0,0.00163792,-0.015664,-1.0,0.206645,1.0,0.181643,2999.6,22.6,39.1,647.1,100.0,1.0
205445,1286,155,4.543962,0.893009,-0.395545,0.008651,0.0,0.00174469,-0.05404,-1.0,-0.232042,1.0,0.154178,1708.3,18.5,40.8,680.6,100.0,1.0
205596,1287,151,3.318863,0.363031,-0.506061,0.015021,0.0,0.00187052,-0.124416,-1.0,-1.0,1.0,0.122079,1162.1,10.4,82.6,276.3,100.0,1.0
205761,1288,165,5.133506,0.531804,-0.344228,0.0,0.0,0.00195328,-0.077889,-1.0,-0.571531,1.0,0.103681,1847.1,7.2,88.2,228.2,100.0,1.0
205924,1289,163,3.9853,0.2,-0.477426,0.0,0.124091,0.00170757,-0.088602,-1.0,-0.706562,1.0,0.089728,1509.0,8.6,48.7,597.0,100.0,1.0
206086,1290,162,0.949096,0.2,0.656798,0.002083,0.188104,0.00201556,-0.281341,-1.0,-0.938082,0.560692,0.168875,1241.0,19.9,49.5,479.2,100.0,1.0
206240,1291,154,3.049766,0.969873,-0.38219,0.019003,0.0,0.00163043,-0.105904,-1.0,-0.703474,1.0,0.177783,1965.5,22.0,39.6,640.7,100.0,1.0
206396,1292,156,2.527599,0.273972,-0.335751,0.0,2.2e-05,0.0015062,-0.114652,-1.0,-0.624509,1.0,0.261005,2687.6,31.0,73.3,533.2,100.0,1.0
206563,1293,167,3.916159,0.847455,-0.429668,0.008814,0.0,0.00169305,-0.096381,-1.0,-0.669487,1.0,0.147161,1622.9,17.4,42.6,739.4,100.0,1.0
206724,1294,161,2.708585,0.201519,-0.361208,0.005524,0.027925,0.00125377,-0.072976,-1.0,-0.386945,1.0,0.171406,2202.1,23.0,16.9,797.5,100.0,1.0
206884,1295,160,3.608163,0.350538,-0.290873,0.002496,0.0,0.00150066,-0.068456,-1.0,-0.356887,1.0,0.163839,2526.6,21.7,19.9,898.6,100.0,1.0
207050,1296,166,3.944051,0.251654,-0.456846,0.0,9.6e-05,0.00176669,-0.105692,-1.0,-0.927668,1.0,0.064628,1052.9,7.1,24.4,996.7,100.0,1.0
207204,1297,154,6.89528,0.372733,-0.297273,0.010498,0.0,0.00222846,-0.015274,-1.0,0.095621,1.0,0.12418,3029.1,10.0,90.2,331.9,100.0,1.0
207365,1298,161,4.122259,0.613434,-0.348947,0.023076,0.0,0.0018786,-0.106391,-1.0,-0.690774,1.0,0.186569,2190.5,20.2,75.0,462.8,100.0,1.0
207520,1299,155,4.222642,0.2,-0.501755,0.0,0.232007,0.00202314,-0.112772,-1.0,-0.90135,1.0,0.113184,1317.2,10.3,68.0,422.0,100.0,1.0
207680,1300,160,3.688697,0.2,-0.157331,0.012817,0.007541,0.00128704,-0.030489,-1.0,0.239379,1.0,0.272132,3747.0,33.0,69.0,704.5,100.0,1.0
207836,1301,156,5.191747,0.2,-0.219048,0.006455,0.017141,0.00130308,0.043585,-1.0,0.775738,1.0,0.169946,2869.9,20.8,40.9,966.6,100.0,1.0
207994,1302,158,5.135747,0.800001,-0.325493,0.021937,1.4e-05,0.00207902,-0.08432,-1.0,-0.444818,1.0,0.19919,2048.7,22.6,67.9,673.6,100.0,1.0
208155,1303,161,6.038268,0.2,-0.4092,0.022647,0.083954,0.00229531,-0.082478,-1.0,-0.551273,1.0,0.136756,1862.9,10.4,106.3,526.6,100.0,1.0
208311,1304,156,4.713874,0.2,-0.105179,0.021802,0.024205,0.00181687,-0.05929,-1.0,0.004874,1.0,0.298889,3536.9,35.0,89.8,578.3,100.0,1.0
208470,1305,159,4.623223,0.68507,-0.361183,0.014809,0.0,0.00185756,-0.075548,-1.0,-0.46674,1.0,0.14437,2418.3,13.3,85.7,311.8,100.0,1.0
208623,1306,153,4.905103,0.259147,-0.352416,0.010566,0.000252,0.00190476,-0.058252,-1.0,-0.172022,1.0,0.205248,3009.2,22.5,79.9,413.2,100.0,1.0
208783,1307,160,3.860564,0.518581,-0.398578,0.009197,0.0,0.00158528,-0.070138,-1.0,-0.416714,1.0,0.142332,1895.6,18.6,20.6,575.8,100.0,1.0
208936,1308,153,4.334122,0.275575,-0.448403,0.017295,0.012743,0.0020498,-0.107653,-1.0,-0.758856,1.0,0.158837,1599.4,16.4,73.1,743.4,100.0,1.0
209094,1309,158,4.326113,0.382339,-0.319859,0.01461,0.0,0.00146954,-0.026604,-1.0,0.059307,1.0,0.162672,2351.7,16.7,76.7,575.8,100.0,1.0
209259,1310,165,5.712119,0.2,-0.161507,0.006679,0.0,0.00172873,-0.013849,-1.0,0.165937,1.0,0.152215,2884.1,19.1,30.9,1083.8,100.0,1.0
209417,1311,158,5.243566,0.777794,-0.32373,0.004444,0.0,0.00164261,-0.010427,-1.0,0.2281,1.0,0.166185,2936.1,20.1,43.0,493.6,100.0,1.0
209576,1312,159,5.386544,0.44283,-0.335693,0.011093,0.0,0.0022901,-0.108282,-1.0,-0.716903,1.0,0.182961,2038.2,18.5,88.7,359.2,100.0,1.0
209741,1313,165,1.965214,0.202252,-0.420363,0.008647,3.5e-05,0.00184272,-0.210692,-1.0,-1.0,0.778262,0.165418,1165.9,16.4,84.5,570.4,100.0,1.0
209900,1314,159,2.37411,0.2,-0.367907,0.0,0.050325,0.00145975,-0.119315,-1.0,-0.826702,1.0,0.183223,1825.4,20.2,69.7,652.1,100.0,1.0
210061,1315,161,4.753401,0.699697,-0.317785,0.012196,3.5e-05,0.00177636,-0.060244,-1.0,-0.065977,1.0,0.268229,3181.8,30.3,93.0,458.6,100.0,1.0
210216,1316,155,4.764545,0.850113,-0.30168,0.0,0.0,0.00164671,-0.028995,-1.0,-0.02137,1.0,0.134292,2864.8,16.7,29.2,461.3,100.0,1.0
210377,1317,161,4.138331,0.814442,-0.418297,0.010267,0.0,0.00202814,-0.130055,-1.0,-0.935523,1.0,0.182514,1761.5,17.2,103.9,318.8,100.0,1.0
210538,1318,161,5.0539,0.2,-0.366993,0.0,0.122725,0.00142717,0.010157,-1.0,0.222573,1.0,0.060502,1709.4,7.0,18.7,797.7,100.0,1.0
210698,1319,160,5.75422,0.2,-0.391083,0.00866,0.051529,0.0016624,0.007156,-1.0,0.310147,1.0,0.119295,2366.2,15.0,24.3,783.7,100.0,1.0
210860,1320,162,6.279612,0.502201,-0.36093,0.01119,0.0,0.00202341,-0.029747,-1.0,0.00788,1.0,0.152675,2587.0,11.8,117.0,257.3,100.0,1.0
211020,1321,160,3.587687,0.2,-0.455112,0.002226,0.105863,0.00176261,-0.111723,-1.0,-0.925369,1.0,0.095928,1437.4,7.3,74.4,492.7,100.0,1.0
211184,1322,164,3.685844,0.2,-0.343549,0.008464,0.073755,0.00158502,-0.084995,-1.0,-0.580453,1.0,0.134748,1897.1,14.6,54.5,682.3,100.0,1.0
211342,1323,158,3.258243,0.204773,-0.303854,0.014095,0.004651,0.0018158,-0.132266,-1.0,-1.0,1.0,0.161332,1475.9,13.8,108.2,531.7,100.0,1.0
211499,1324,157,5.972275,0.480218,-0.35454,0.010412,0.0,0.00164726,0.024767,-1.0,0.626026,1.0,0.189179,2773.2,21.2,67.7,629.7,100.0,1.0
211656,1325,157,5.923043,0.255548,-0.339491,0.000534,0.00031,0.00172663,0.009925,-1.0,0.331817,1.0,0.116282,2293.1,13.8,33.2,508.4,100.0,1.0
211818,1326,162,3.866929,0.2,-0.500003,0.006655,1.5e-05,0.00183403,-0.113673,-1.0,-0.941319,1.0,0.097708,1124.4,10.6,39.6,461.1,100.0,1.0
211980,1327,162,3.880669,0.231636,-0.442542,0.0,0.0,0.0016849,-0.088867,-1.0,-0.664831,1.0,0.11192,1414.7,10.0,70.0,745.8,100.0,1.0
212142,1328,162,3.470587,0.330227,-0.320208,0.000122,0.0,0.00159782,-0.094223,-1.0,-0.589568,1.0,0.176333,2387.7,19.1,70.8,511.8,100.0,1.0
212300,1329,158,4.49031,0.429624,-0.298294,0.019253,0.0,0.00172242,-0.059198,-1.0,-0.323034,1.0,0.134472,2328.4,13.8,63.4,421.6,100.0,1.0
212454,1330,154,4.171154,0.2,-0.326823,0.007297,0.022495,0.00179158,-0.078124,-1.0,-0.449254,1.0,0.165994,1947.3,15.7,93.9,597.7,100.0,1.0
212614,1331,160,4.065305,0.2,0.609161,0.009925,0.08532,0.00194602,-0.11862,-1.0,-1.0,1.0,0.093098,937.8,6.6,78.3,341.1,100.0,1.0
212772,1332,158,5.243158,0.503918,-0.346169,0.014902,0.0,0.00168064,-0.016976,-1.0,0.061267,1.0,0.115513,2395.7,13.3,37.6,531.1,100.0,1.0
212928,1333,156,9.472796,1.0,-0.31446,0.014086,0.0,0.00244741,0.067244,-1.0,0.949979,1.0,0.138769,3179.4,13.5,73.2,159.7,100.0,1.0
213094,1334,166,3.943685,0.238416,-0.496323,0.0,0.0,0.00181791,-0.114811,-1.0,-1.0,1.0,0.074054,776.6,8.2,27.4,585.4,100.0,1.0
213255,1335,161,4.417548,0.2,-0.444942,0.0,0.007731,0.00189218,-0.095221,-1.0,-0.672294,1.0,0.139958,1554.6,14.7,62.1,519.1,100.0,1.0
213419,1336,164,3.576048,0.2,-0.504866,0.002439,0.038855,0.00160451,-0.093606,-1.0,-0.719042,1.0,0.108508,1444.0,10.0,64.3,645.4,100.0,1.0
213577,1337,158,4.646585,0.2,-0.340182,0.0,0.00019,0.00152064,-0.02001,-1.0,0.083897,1.0,0.141997,2458.8,16.4,45.7,779.0,100.0,1.0
213741,1338,164,3.702064,0.42552,-0.310822,0.0,0.0,0.00165232,-0.095524,-1.0,-0.608213,1.0,0.173514,2339.7,19.3,63.5,604.6,100.0,1.0
213903,1339,162,6.080666,0.723134,-0.368012,0.026762,0.0,0.0021357,-0.057872,-1.0,-0.249625,1.0,0.164547,2083.1,13.8,112.9,265.9,100.0,1.0
214066,1340,163,5.893313,0.995056,-0.387133,0.013824,0.0,0.00236494,-0.106237,-1.0,-0.742957,1.0,0.159707,1865.6,12.9,116.0,626.4,100.0,1.0
214232,1341,166,4.736209,0.824576,-0.33298,0.017351,0.0,0.0020025,-0.107944,-1.0,-0.796564,1.0,0.141437,1987.5,11.5,101.9,377.8,100.0,1.0
214392,1342,160,4.570472,0.2,-0.352419,0.010013,0.05151,0.00141088,-0.009132,-1.0,0.264332,1.0,0.177824,2458.4,21.5,45.9,965.8,100.0,1.0
214548,1343,156,3.528166,0.360101,-0.22456,0.023707,1.7e-05,0.00170198,-0.098315,-1.0,-0.705754,1.0,0.138697,2042.6,15.6,49.5,674.2,100.0,1.0
214707,1344,159,3.778275,0.23594,-0.381977,0.004513,2.3e-05,0.00171904,-0.094315,-1.0,-0.609264,1.0,0.166943,1597.9,19.3,53.2,682.0,100.0,1.0
214760,1345,53,-8.075128,0.2,-0.591316,5.8e-05,0.050382,0.00171002,-0.800595,-1.0,-1.0,-1.0,0.002973,0.0,0.0,4.7,113.4,100.0,1.0
214914,1346,154,4.764258,0.2,-0.394669,0.007932,0.227459,0.00199732,-0.081722,-1.0,-0.397303,1.0,0.209958,2372.9,19.1,127.1,346.1,100.0,1.0
215076,1347,162,3.374862,0.2,-0.407902,0.007663,0.023405,0.00166406,-0.109575,-1.0,-0.789742,1.0,0.153007,1756.2,17.2,54.3,661.6,100.0,1.0
215242,1348,166,4.379903,0.679824,0.692678,0.002279,0.0,0.00186883,-0.102608,-1.0,-0.839725,1.0,0.093176,1134.4,8.0,62.5,624.4,100.0,1.0
215394,1349,152,4.112466,0.2,-0.318678,0.012028,0.000228,0.00168761,-0.061587,-1.0,-0.329885,1.0,0.14299,2339.1,15.5,58.0,471.4,100.0,1.0
215552,1350,158,5.885461,0.398617,-0.344175,0.000164,0.0,0.00168473,0.012727,-1.0,0.387421,1.0,0.130077,2371.6,16.3,26.7,855.2,100.0,1.0
215714,1351,162,4.353185,0.464901,-0.487669,0.021965,3e-06,0.00200945,-0.119256,-1.0,-0.865016,1.0,0.163773,1461.6,17.8,65.0,600.8,100.0,1.0
215882,1352,168,4.600021,0.2,-0.17084,0.014134,0.075403,0.00146029,-0.027356,-1.0,0.072589,1.0,0.173076,2958.5,23.0,19.7,854.2,100.0,1.0
216047,1353,165,4.472094,0.495514,-0.304965,0.033601,0.0,0.00176816,-0.07988,-1.0,-0.419677,1.0,0.189559,2497.9,21.8,61.2,738.8,100.0,1.0
216202,1354,155,4.221789,0.2,-0.320831,0.007345,0.022222,0.00175471,-0.071992,-1.0,-0.392683,1.0,0.163617,2255.4,16.2,84.2,672.4,100.0,1.0
216361,1355,159,4.460233,0.2,-0.312457,0.000108,0.0,0.00168839,-0.057189,-1.0,-0.293917,1.0,0.138986,2166.9,15.3,53.4,552.8,100.0,1.0
216526,1356,165,5.030833,0.2,-0.352472,0.009452,0.0,0.00193609,-0.081199,-1.0,-0.572739,1.0,0.119624,2107.5,10.7,74.6,470.5,100.0,1.0
216688,1357,162,3.972173,0.2,-0.431991,0.016979,0.027312,0.00168919,-0.085519,-1.0,-0.574702,1.0,0.140245,1723.2,14.1,68.9,479.6,100.0,1.0
216854,1358,166,3.293689,0.225583,-0.333549,0.032488,0.016882,0.0015708,-0.104763,-1.0,-0.689792,1.0,0.178917,2328.7,19.5,70.3,547.9,100.0,1.0
217018,1359,164,5.774644,0.54256,-0.308528,0.003051,0.0,0.00223475,-0.093085,-1.0,-0.616555,1.0,0.157148,2342.9,14.4,93.6,379.5,100.0,1.0
217176,1360,158,1.837901,0.320092,-0.456425,0.000117,3.6e-05,0.00159767,-0.165391,-1.0,-0.844224,0.860786,0.161218,1397.7,18.8,49.6,456.1,100.0,1.0
217335,1361,159,4.727928,0.673821,-0.500586,0.004105,0.0,0.00162123,-0.033938,-1.0,-0.124261,1.0,0.10756,1537.0,13.4,23.3,618.3,100.0,1.0
217493,1362,158,4.95658,0.679104,-0.363156,0.011438,0.0,0.00201862,-0.084315,-1.0,-0.495727,1.0,0.17371,2343.8,19.7,59.3,598.3,100.0,1.0
217658,1363,165,6.459509,0.2,0.673202,0.0,0.030484,0.00220263,-0.057685,-1.0,-0.381891,1.0,0.097481,1396.7,11.7,26.0,508.3,100.0,1.0
217824,1364,166,3.42321,0.550529,-0.358712,0.035545,0.0,0.00169289,-0.118978,-1.0,-0.90185,1.0,0.143964,1714.2,18.1,28.5,583.8,100.0,1.0
217981,1365,157,4.066982,0.2,-0.311675,0.023919,0.118578,0.00172305,-0.078047,-1.0,-0.496431,1.0,0.142018,2279.5,14.5,67.8,633.1,100.0,1.0
218148,1366,167,5.739773,0.2,-0.362425,0.01179,0.023386,0.00201446,-0.064818,-1.0,-0.393617,1.0,0.12728,2202.0,10.6,87.9,385.5,100.0,1.0
218309,1367,161,4.965914,0.323747,-0.349572,0.020959,0.000133,0.00170213,-0.039047,-1.0,-0.018442,1.0,0.186013,2825.9,21.6,58.1,563.3,100.0,1.0
218464,1368,155,1.744117,0.362379,-0.502351,0.0,0.0,0.0016032,-0.165952,-1.0,-0.747821,0.828094,0.155013,1469.3,20.1,23.9,601.9,100.0,1.0
218629,1369,165,4.725807,0.972376,-0.471076,0.026934,0.000233,0.00210911,-0.124444,-1.0,-1.0,1.0,0.12222,1269.3,10.5,81.2,289.0,100.0,1.0
218783,1370,154,4.191385,0.455782,-0.326539,0.0,0.0,0.00135217,-0.009965,-1.0,0.28919,1.0,0.194419,2916.4,26.5,15.2,934.8,100.0,1.0
218945,1371,162,4.19922,0.2,-0.370717,0.0,0.245643,0.00166233,-0.070679,-1.0,-0.445153,1.0,0.130821,2028.1,16.4,26.4,607.3,100.0,1.0
219099,1372,154,6.453903,0.2,-0.353439,0.0,0.023723,0.00158229,0.061525,-1.0,0.850161,1.0,0.117453,2361.8,15.5,15.3,593.9,100.0,1.0
219259,1373,160,5.240686,0.625299,-0.3594,0.011242,0.0,0.00143685,0.017903,-1.0,0.486959,1.0,0.153965,2554.1,17.2,55.8,565.9,100.0,1.0
219420,1374,161,4.730747,0.2,-0.344212,0.020703,0.030117,0.00183741,-0.072172,-1.0,-0.374143,1.0,0.173786,2272.9,16.4,98.7,492.7,100.0,1.0
219584,1375,164,3.749412,0.422206,-0.419003,0.0,2.1e-05,0.00145914,-0.06204,-1.0,-0.374853,1.0,0.122774,1863.0,16.0,17.8,788.2,100.0,1.0
219746,1376,162,3.605165,0.331596,-0.443685,0.000603,0.0,0.00155501,-0.081497,-1.0,-0.645897,1.0,0.084537,1479.4,10.5,18.5,656.2,100.0,1.0
219908,1377,162,5.117736,0.637305,-0.376983,0.0,0.0,0.00198328,-0.079432,-1.0,-0.329327,0.981061,0.199354,1895.6,23.9,53.2,497.2,100.0,1.0
220066,1378,158,5.868991,0.295692,-0.331859,0.004819,0.000142,0.00167218,0.013133,-1.0,0.51038,1.0,0.189526,3263.5,23.9,36.9,544.5,100.0,1.0
220229,1379,163,4.918431,0.65731,-0.402561,0.008514,0.0,0.00218416,-0.12364,-1.0,-1.0,1.0,0.118199,1512.4,8.7,95.5,268.0,100.0,1.0
220392,1380,163,5.551343,0.229811,-0.368261,0.0,0.0,0.00194876,-0.055321,-1.0,-0.340771,1.0,0.106218,1854.9,11.2,46.8,387.8,100.0,1.0
220549,1381,157,3.609082,0.346416,-0.452446,0.016415,1.4e-05,0.00190566,-0.128654,-1.0,-1.0,1.0,0.143272,1240.9,11.8,100.7,436.6,100.0,1.0
220713,1382,164,5.026011,0.2,-0.307627,0.0,0.09495,0.0017847,-0.055196,-1.0,-0.225383,1.0,0.163286,2820.0,21.6,19.9,637.3,100.0,1.0
220876,1383,163,4.439008,0.283558,-0.404488,0.026664,0.005113,0.00206624,-0.127066,-1.0,-1.0,1.0,0.135329,1089.5,10.5,103.4,499.3,100.0,1.0
221037,1384,161,7.855223,0.2,-0.363853,0.007331,0.0,0.00186669,0.070608,-1.0,1.0,1.0,0.146962,3148.5,18.3,32.0,459.7,100.0,1.0
221199,1385,162,4.005006,0.424326,-0.32686,0.012109,0.0,0.00145092,-0.045817,-1.0,-0.11064,1.0,0.173764,2879.8,20.9,45.8,683.4,100.0,1.0
221359,1386,160,4.366509,0.532771,-0.386413,0.007871,0.0,0.00151873,-0.036719,-1.0,-0.055088,1.0,0.15605,2322.0,20.5,21.0,590.2,100.0,1.0
221514,1387,155,4.220862,0.985665,0.690354,0.01594,0.0,0.00193172,-0.100051,-1.0,-0.763329,1.0,0.11859,1585.8,12.4,52.7,282.7,100.0,1.0
221679,1388,165,6.751661,0.2,-0.286752,0.003684,0.0,0.00194778,-0.002535,-1.0,0.288399,1.0,0.156877,2981.0,19.6,33.1,731.4,100.0,1.0
221836,1389,157,6.917094,1.0,-0.294174,0.022706,0.0,0.002127,-0.007282,-1.0,0.298584,1.0,0.1857,3184.6,18.8,90.6,254.4,100.0,1.0
222000,1390,164,5.144512,0.2,-0.404374,0.025621,0.109103,0.00186179,-0.062394,-1.0,-0.343028,1.0,0.140457,1875.2,15.7,51.2,535.4,100.0,1.0
222160,1391,160,8.722203,1.0,-0.349676,0.015814,0.0,0.00207952,0.079115,-1.0,1.0,1.0,0.104425,2425.5,10.6,49.9,315.7,100.0,1.0
222324,1392,164,6.08923,0.940845,-0.375602,0.025606,0.0,0.00204078,-0.047179,-1.0,-0.210853,1.0,0.130467,2288.0,13.5,60.5,300.6,100.0,1.0
222483,1393,159,4.509685,0.290343,-0.412696,0.002023,7e-06,0.00155953,-0.035035,-1.0,-0.14415,1.0,0.1031,1500.5,12.2,28.9,603.2,100.0,1.0
222643,1394,160,6.108373,0.406379,-0.296664,0.008965,0.0,0.0019047,-0.016384,-1.0,0.037911,1.0,0.100874,2046.6,12.3,24.7,535.0,100.0,1.0
222804,1395,161,4.907757,0.2,-0.311214,0.0,0.023216,0.00173375,-0.047445,-1.0,-0.164849,1.0,0.154799,2839.5,20.1,24.0,560.9,100.0,1.0
222961,1396,157,5.3201,0.2,-0.473985,0.004857,0.009447,0.00210873,-0.079952,-1.0,-0.473288,1.0,0.163116,1900.3,17.6,66.9,359.9,100.0,1.0
223123,1397,162,3.790998,0.2,-0.470076,0.000196,0.0231,0.00182399,-0.116529,-1.0,-0.731844,0.97032,0.164784,1640.8,20.8,31.8,758.1,100.0,1.0
223283,1398,160,4.739678,1.0,-0.466013,0.012321,0.0,0.00202199,-0.09981,-1.0,-0.695155,1.0,0.151475,1785.3,17.9,43.9,522.3,100.0,1.0
223447,1399,164,3.787807,0.2,-0.366128,0.004721,0.020352,0.00140326,-0.051355,-1.0,-0.20479,1.0,0.154382,2029.8,19.8,26.6,1205.7,100.0,1.0
223602,1400,155,5.137794,0.2,-0.327825,0.009792,4e-06,0.00173606,-0.026646,-1.0,0.031609,1.0,0.149037,2271.3,19.5,21.2,667.0,100.0,1.0
223758,1401,156,7.504713,0.620446,-0.336197,0.007482,0.0,0.00235877,-0.013872,-1.0,0.126267,1.0,0.132494,2248.9,14.0,57.0,334.9,100.0,1.0
223921,1402,163,3.986848,0.2,-0.3392,0.009667,0.0,0.00172553,-0.093123,-1.0,-0.565456,1.0,0.182888,2321.5,21.8,50.4,650.9,100.0,1.0
224083,1403,162,3.788404,0.42182,0.666131,0.0,0.0,0.00151774,-0.067114,-1.0,-0.420251,1.0,0.125444,1513.2,16.3,18.4,600.1,100.0,1.0
224240,1404,157,6.197063,1.0,-0.366393,0.016582,0.0,0.0021453,-0.044464,-1.0,-0.050966,1.0,0.196837,2623.8,23.8,50.3,572.2,100.0,1.0
224403,1405,163,4.806235,0.366645,-0.426145,0.004956,0.0,0.00192618,-0.087244,-1.0,-0.642452,1.0,0.114995,1464.5,13.7,32.0,444.1,100.0,1.0
224566,1406,163,4.062101,0.619477,-0.352443,0.0,4e-06,0.00169846,-0.08522,-1.0,-0.510386,1.0,0.170906,2123.4,22.9,17.7,583.0,100.0,1.0
224724,1407,158,5.187655,0.2,-0.24948,0.010242,0.012331,0.00201121,-0.073092,-1.0,-0.498229,1.0,0.116347,2466.2,11.7,57.5,561.4,100.0,1.0
224885,1408,161,5.074402,0.55516,-0.337044,0.0,0.0,0.00168135,-0.031345,-1.0,0.062002,1.0,0.187725,2792.3,24.4,27.8,493.7,100.0,1.0
225047,1409,162,7.651138,0.36845,-0.293539,0.0,0.0,0.00221141,0.002583,-1.0,0.459966,1.0,0.21707,3803.2,25.4,65.0,384.0,100.0,1.0
225209,1410,162,1.176534,0.2,-0.505925,0.0,0.065797,0.00174741,-0.227581,-1.0,-1.0,0.70665,0.124545,1080.6,15.8,22.9,721.1,100.0,1.0
225364,1411,155,5.365508,0.2,-0.21907,0.002218,0.04104,0.00170986,-0.011979,-1.0,0.267051,1.0,0.19342,3186.8,23.9,44.0,478.3,100.0,1.0
225525,1412,161,3.546561,0.340689,-0.401846,0.001503,0.0,0.00147267,-0.069847,-1.0,-0.350077,1.0,0.174195,1969.4,23.5,15.9,659.5,100.0,1.0
225690,1413,165,4.746583,0.413172,-0.336116,0.019316,0.0,0.00166627,-0.051139,-1.0,-0.18958,1.0,0.160906,2502.2,21.3,20.2,565.8,100.0,1.0
225848,1414,158,4.538455,1.0,-0.398077,0.012982,0.0,0.00191483,-0.088595,-1.0,-0.611272,1.0,0.13734,1882.8,15.4,49.1,477.6,100.0,1.0
226012,1415,164,2.765003,0.2,-0.384357,0.009726,0.071949,0.00152808,-0.120256,-1.0,-0.425157,0.90331,0.219495,2225.1,29.2,24.8,700.7,100.0,1.0
226169,1416,157,4.378678,0.2,-0.327198,0.004858,0.0,0.00192701,-0.096169,-1.0,-0.573993,1.0,0.193847,2583.4,21.2,75.2,454.4,100.0,1.0
226324,1417,155,4.015415,0.2,-0.38172,0.018796,0.008552,0.00179857,-0.089527,-1.0,-0.52161,1.0,0.186832,2295.8,21.8,56.9,437.2,100.0,1.0
226490,1418,166,6.271261,0.494506,-0.324385,0.010056,0.0,0.0017149,0.010838,-1.0,0.337649,1.0,0.114633,2092.4,14.0,27.9,673.4,100.0,1.0
226649,1419,159,6.641093,0.516232,-0.336436,0.0,0.0,0.00180166,0.026446,-1.0,0.467381,1.0,0.101458,2532.5,12.7,21.4,494.5,100.0,1.0
226802,1420,153,3.148364,0.2,-0.354772,0.013363,0.03296,0.00155745,-0.089945,-1.0,-0.618455,1.0,0.140496,2047.3,14.0,71.2,551.9,100.0,1.0
226959,1421,157,6.686032,0.2,-0.283248,0.0,0.016531,0.00206275,-0.00888,-1.0,0.204808,1.0,0.146803,2608.4,15.0,69.5,357.0,100.0,1.0
227120,1422,161,4.843084,0.2,-0.380226,0.0,0.00597,0.00186895,-0.072732,-1.0,-0.440191,1.0,0.143566,1699.0,17.4,35.9,672.7,100.0,1.0
227277,1423,157,6.142125,0.2,-0.312258,0.0,0.329727,0.00187683,-0.005315,-1.0,0.234839,1.0,0.143994,2764.3,18.4,24.8,545.3,100.0,1.0
227437,1424,160,3.722236,0.76147,-0.424974,0.006536,0.0,0.0016624,-0.090639,-1.0,-0.554575,1.0,0.175905,2053.3,22.6,29.4,600.2,100.0,1.0
227596,1425,159,2.763061,0.2,-0.423713,0.0,0.032261,0.00183623,-0.161826,-1.0,-0.362205,0.743682,0.179469,1571.2,22.5,36.3,576.8,100.0,1.0
227752,1426,156,-4.502042,0.443901,0.665624,0.009372,0.0,0.00160514,-0.462465,-1.0,-1.0,0.054927,0.158445,833.0,19.7,33.8,595.6,100.0,1.0
227918,1427,166,5.427141,0.2,-0.283086,0.008013,1.4e-05,0.002068,-0.087677,-1.0,-0.684519,1.0,0.096124,1594.0,10.1,42.4,535.0,100.0,1.0
228075,1428,157,6.369516,0.238199,-0.298632,0.013757,0.000607,0.00248929,-0.090813,-1.0,-0.570165,1.0,0.168982,2407.8,17.0,83.2,311.4,100.0,1.0
228241,1429,166,5.326658,0.2,-0.30326,0.008641,0.0,0.00202219,-0.08469,-1.0,-0.586875,1.0,0.130014,2508.9,13.4,60.6,562.1,100.0,1.0
228398,1430,157,4.283578,0.581051,-0.277972,0.020333,0.000204,0.00168429,-0.062579,-1.0,-0.187432,1.0,0.21918,2915.0,28.4,34.1,576.7,100.0,1.0
228553,1431,155,4.206539,0.919488,-0.313476,0.009183,0.0,0.00180989,-0.082349,-1.0,-0.468032,1.0,0.177728,2242.3,20.5,56.6,707.7,100.0,1.0
228715,1432,162,8.285926,0.2,-0.290086,0.011585,0.0,0.00215153,0.041784,-1.0,0.701527,1.0,0.141842,2572.0,16.2,47.5,411.0,100.0,1.0
228875,1433,160,4.205457,0.2,-0.408115,0.000785,0.018529,0.00168717,-0.071821,-1.0,-0.299584,1.0,0.209315,2561.0,27.3,30.1,585.0,100.0,1.0
229042,1434,167,8.043264,1.0,-0.161653,0.020571,0.0,0.00208267,0.031063,-1.0,0.71016,1.0,0.199763,3229.5,25.7,33.3,511.5,100.0,1.0
229206,1435,164,4.129486,0.507644,-0.364461,0.030931,0.0,0.0014914,-0.050062,-1.0,-0.230629,1.0,0.134997,2008.5,18.1,13.7,923.4,100.0,1.0
229366,1436,160,6.092625,0.306346,-0.302986,0.0,1.5e-05,0.00154208,0.040204,-1.0,0.728673,1.0,0.163317,2838.3,21.9,16.2,999.0,100.0,1.0
229528,1437,162,5.220955,0.242786,-0.343244,0.008808,0.000117,0.00192431,-0.065887,-1.0,-0.249613,1.0,0.20463,2350.8,24.2,58.3,508.8,100.0,1.0
229682,1438,154,4.355643,0.801677,-0.282637,0.013286,0.0,0.00176225,-0.066274,-1.0,-0.242261,1.0,0.210241,3007.7,23.9,71.4,477.7,100.0,1.0
229843,1439,161,1.840743,0.487415,-0.495876,0.014158,0.0,0.00181541,-0.2056,-1.0,-0.240401,0.593591,0.196582,1697.6,26.6,16.9,491.1,100.0,1.0
230005,1440,162,3.168344,0.2,0.672072,0.001223,2.4e-05,0.00165755,-0.119344,-1.0,-0.998558,1.0,0.097443,1030.7,11.5,28.6,690.2,100.0,1.0
230167,1441,162,3.59735,0.495031,-0.32122,0.015855,0.0,0.00154273,-0.080568,-1.0,-0.40548,1.0,0.200101,2728.9,24.9,42.8,727.0,100.0,1.0
230323,1442,156,4.583479,0.752044,-0.442454,0.017775,0.0,0.00191361,-0.082788,-1.0,-0.62831,1.0,0.099783,1554.3,12.1,25.4,522.8,100.0,1.0
230473,1443,150,3.010241,0.476674,-0.398835,0.006396,0.0,0.00135827,-0.06206,-1.0,-0.407454,1.0,0.106574,1887.7,11.9,39.1,619.7,100.0,1.0
230636,1444,163,1.273097,0.812909,0.683798,0.016715,0.0,0.00204604,-0.273587,-1.0,-1.0,0.599201,0.166536,1155.6,18.1,66.8,458.2,100.0,1.0
230797,1445,161,6.985932,1.0,-0.234033,0.023238,0.0,0.00198455,0.009193,-1.0,0.419397,1.0,0.163735,3625.8,17.3,71.0,395.0,100.0,1.0
230961,1446,164,2.950432,0.424897,-0.342875,0.0043,0.0,0.00143975,-0.097288,-1.0,-0.514423,1.0,0.229228,2416.6,29.9,32.8,688.7,100.0,1.0
231120,1447,159,6.110604,0.724008,-0.336796,0.009159,9e-06,0.00212175,-0.049915,-1.0,-0.20101,1.0,0.149071,2021.9,15.5,67.1,454.4,100.0,1.0
231276,1448,156,3.800452,0.2,-0.380007,0.0,0.013096,0.00193613,-0.123256,-1.0,-0.982326,1.0,0.125119,1245.1,13.6,50.0,561.5,100.0,1.0
231435,1449,159,3.252396,0.662063,-0.443147,0.021399,0.00013,0.00173856,-0.123435,-1.0,-1.0,1.0,0.117174,1311.0,9.5,83.9,548.7,100.0,1.0
231596,1450,161,5.177859,0.216576,-0.168624,0.0,0.0,0.00154977,-0.005985,-0.961478,0.359435,1.0,0.277058,3956.8,37.2,27.2,550.8,100.0,1.0
231753,1451,157,5.794248,0.2,-0.293466,0.0,0.0,0.00195904,-0.0351,-1.0,-0.007457,1.0,0.171773,3181.2,19.5,58.9,359.0,100.0,1.0
231911,1452,158,3.332197,0.2,-0.487662,0.001185,0.095256,0.00179566,-0.127015,-1.0,-0.929629,1.0,0.170262,1478.4,17.9,74.4,562.1,100.0,1.0
232072,1453,161,8.105121,0.844726,-0.301531,0.013073,0.0,0.00221796,0.024005,-1.0,0.553484,1.0,0.156718,2569.7,19.4,35.0,490.4,100.0,1.0
232237,1454,165,4.677255,0.337413,-0.350318,0.007422,3.8e-05,0.00200362,-0.110664,-1.0,-0.822935,1.0,0.141853,1949.6,12.3,92.4,398.2,100.0,1.0
232399,1455,162,3.693788,0.2,-0.367962,0.005645,0.025531,0.00182586,-0.122087,-1.0,-0.835756,1.0,0.192556,1894.7,21.5,70.5,705.2,100.0,1.0
232556,1456,157,5.585876,0.225465,-0.425333,0.0,5e-06,0.00185365,-0.028375,-1.0,-0.042242,1.0,0.120755,1947.7,9.3,93.3,408.7,100.0,1.0
232719,1457,163,4.541714,0.201285,-0.227804,0.010917,0.004444,0.00150754,-0.032184,-1.0,0.027683,1.0,0.174764,2725.4,19.5,63.9,821.4,100.0,1.0
232884,1458,165,4.501672,1.0,-0.303849,0.021272,0.0,0.00203642,-0.124387,-1.0,-1.0,1.0,0.121933,1645.2,10.5,81.0,336.6,100.0,1.0
233041,1459,157,3.348642,0.297443,-0.341599,0.003001,9.3e-05,0.00166907,-0.104627,-1.0,-0.769257,1.0,0.138508,2155.1,16.7,36.0,427.1,100.0,1.0
233205,1460,164,6.506084,0.66738,-0.243279,0.0,0.0,0.00200197,-0.022547,-1.0,0.260849,1.0,0.24316,3450.7,29.2,64.8,576.5,100.0,1.0
233369,1461,164,5.01143,0.2,-0.394382,0.019106,0.352496,0.00176163,-0.053383,-1.0,-0.304859,1.0,0.114483,1854.0,12.8,41.5,672.3,100.0,1.0
233527,1462,158,0.470165,0.2,-0.39929,0.003893,0.264779,0.00177155,-0.257803,-1.0,-1.0,0.666167,0.204806,1539.0,23.1,71.9,519.5,100.0,1.0
233687,1463,160,4.347136,0.452895,-0.363227,0.019718,0.0,0.00176089,-0.077463,-1.0,-0.465101,1.0,0.154767,2008.4,17.0,60.0,372.2,100.0,1.0
233844,1464,157,2.299568,0.2,0.665434,0.0,0.0,0.00185274,-0.182828,-1.0,-0.761894,0.765022,0.12198,1096.7,15.5,22.1,417.5,100.0,1.0
234007,1465,163,7.032425,0.2,-0.159075,0.0,0.12542,0.0016826,0.056106,-1.0,1.0,1.0,0.219472,3554.6,29.3,24.2,694.3,100.0,1.0
234171,1466,164,3.993929,0.425618,0.659631,0.0,0.0,0.00183279,-0.11296,-1.0,-0.870218,1.0,0.129689,1380.3,15.1,39.4,325.9,100.0,1.0
234333,1467,162,3.808405,0.2,-0.209945,0.004577,0.004823,0.00129337,-0.030639,-1.0,0.081867,1.0,0.194126,2625.8,25.9,21.2,1174.8,100.0,1.0
234499,1468,166,4.233126,0.527043,0.67781,0.0,0.0,0.00158192,-0.06379,-1.0,-0.457669,1.0,0.090116,1287.1,11.4,16.9,514.8,100.0,1.0
234661,1469,162,6.308172,0.71567,-0.304151,0.0,0.0,0.00149913,0.053344,-1.0,1.0,1.0,0.233278,3759.3,32.3,12.3,733.6,100.0,1.0
234823,1470,162,2.700207,0.270222,-0.371879,0.017468,8.9e-05,0.00174813,-0.156408,-1.0,-0.337821,0.794098,0.252801,2320.9,32.3,44.0,627.5,100.0,1.0
234986,1471,163,4.209059,0.538094,0.665159,0.002482,0.0,0.00190334,-0.112654,-1.0,-0.925841,1.0,0.10035,1178.9,12.1,25.9,624.3,100.0,1.0
235144,1472,158,5.664805,0.2,-0.430838,0.030848,0.063499,0.00199543,-0.049372,-1.0,-0.13637,1.0,0.178676,1996.4,21.6,45.3,565.2,100.0,1.0
235306,1473,162,3.981988,0.727055,-0.400987,0.0,0.0,0.00174895,-0.096415,-1.0,-0.601472,1.0,0.18134,2003.1,23.0,34.1,473.7,100.0,1.0
235464,1474,158,7.534017,0.443809,-0.273902,0.007204,0.0,0.00182244,0.065643,-1.0,1.0,1.0,0.171783,3695.8,23.5,12.1,438.6,100.0,1.0
235618,1475,154,0.47931,0.836023,-0.37575,0.005289,0.0,0.00191773,-0.272835,-1.0,-1.0,0.587787,0.1428,1030.8,16.2,48.6,541.5,100.0,1.0
235779,1476,161,4.09678,1.0,-0.441385,0.004946,0.0,0.0019382,-0.119781,-1.0,-0.921411,1.0,0.138197,1566.8,16.9,32.8,389.1,100.0,1.0
235939,1477,160,4.481667,0.505305,-0.349137,0.008097,0.0,0.00187119,-0.089077,-1.0,-0.664005,1.0,0.113381,1761.5,11.7,52.2,639.8,100.0,1.0
236092,1478,153,4.074584,0.2,-0.468877,0.01336,0.000783,0.00185272,-0.092251,-1.0,-0.641301,1.0,0.140607,1576.2,15.9,49.1,520.3,100.0,1.0
236257,1479,165,2.286331,0.374551,-0.400266,0.0,0.0,0.001388,-0.121718,-1.0,-0.967802,1.0,0.124689,1458.7,14.3,40.9,944.4,100.0,1.0
236421,1480,164,6.878953,0.412475,-0.103968,0.017582,0.0,0.00200097,-0.005414,-1.0,0.257853,1.0,0.155997,3528.3,19.9,28.3,503.6,100.0,1.0
236580,1481,159,6.395765,0.2,-0.318931,0.013946,0.063348,0.00176062,0.020142,-1.0,0.447415,1.0,0.122998,2617.6,14.4,37.0,557.2,100.0,1.0
236735,1482,155,6.741757,0.2,-0.186482,0.0064,0.042219,0.00200166,0.006045,-1.0,0.309066,1.0,0.124307,3257.8,16.0,20.2,598.7,100.0,1.0
236893,1483,158,7.22895,0.2,-0.100521,0.001577,0.0,0.00138585,0.120189,-0.714635,0.869162,1.0,0.333023,4897.2,46.2,15.9,968.6,100.0,1.0
237056,1484,163,2.542754,0.348193,-0.490887,0.0,0.0,0.00153175,-0.130372,-1.0,-1.0,0.983646,0.123241,1176.5,14.8,32.4,790.6,100.0,1.0
237222,1485,166,5.456045,1.0,-0.20948,0.01745,0.0,0.00193307,-0.064969,-1.0,-0.338977,1.0,0.155354,2851.4,17.3,56.9,459.4,100.0,1.0
237383,1486,161,6.17331,0.2,-0.235898,0.026518,0.015754,0.002053,-0.04101,-1.0,-0.145753,1.0,0.132176,2396.7,13.7,60.4,706.2,100.0,1.0
237540,1487,157,-0.657813,0.2,-0.493806,0.0,0.28074,0.00138259,-0.247893,-1.0,-0.364961,0.541336,0.254322,2082.7,33.8,29.8,786.4,100.0,1.0
237704,1488,164,4.54155,0.485122,-0.304616,0.0,0.0,0.00170265,-0.066247,-1.0,-0.291337,1.0,0.185567,2681.8,24.9,19.3,667.9,100.0,1.0
237858,1489,154,5.537086,0.2,-0.396476,0.006636,0.000287,0.00218543,-0.076915,-1.0,-0.553357,1.0,0.107899,1870.4,11.1,50.4,379.8,100.0,1.0
238013,1490,155,2.835491,0.391349,-0.404361,0.015545,3.4e-05,0.00150747,-0.100673,-1.0,-0.7516,1.0,0.127567,1677.9,14.1,48.0,621.0,100.0,1.0
238172,1491,159,1.93773,0.447429,-0.506792,0.0,0.0,0.00163505,-0.169097,-1.0,-1.0,0.853179,0.088547,780.4,10.5,24.8,626.2,100.0,1.0
238325,1492,153,7.225935,0.584016,-0.305434,0.006012,0.0,0.00172494,0.074872,-1.0,1.0,1.0,0.125639,3098.5,16.6,15.8,359.3,100.0,1.0
238484,1493,159,3.64582,0.722377,-0.406594,0.012333,0.0,0.00179223,-0.114031,-1.0,-0.755358,1.0,0.192473,1971.0,24.5,35.1,529.3,100.0,1.0
238646,1494,162,3.591163,0.455742,-0.29928,0.02166,0.0,0.00167755,-0.103406,-1.0,-0.737832,1.0,0.148113,2115.8,17.7,40.5,563.9,100.0,1.0
238811,1495,165,5.364684,0.2,-0.330098,0.016204,0.027982,0.00184862,-0.053565,-1.0,-0.072066,1.0,0.231791,2794.1,30.1,35.3,629.4,100.0,1.0
238973,1496,162,5.507477,0.379262,-0.289634,0.002835,0.0,0.00149426,0.01606,-1.0,0.520381,1.0,0.179891,2756.8,25.0,8.4,984.5,100.0,1.0
239135,1497,162,1.596591,0.478279,-0.402903,0.000871,0.0,0.00164935,-0.192355,-1.0,-0.600069,0.741042,0.208566,1946.5,28.0,21.5,642.1,100.0,1.0
239294,1498,159,5.302313,0.2,-0.378842,0.005185,0.079778,0.00208172,-0.082547,-1.0,-0.56814,1.0,0.128666,2028.0,14.4,46.0,548.7,100.0,1.0
239452,1499,158,3.271753,0.2,-0.337731,0.021351,0.005788,0.0016762,-0.111526,-1.0,-0.685135,1.0,0.215063,2239.3,26.0,55.3,585.6,100.0,1.0
239613,1500,161,6.84752,0.926213,-0.323678,0.0,0.0,0.0020956,-0.016599,-1.0,0.131714,1.0,0.148854,2827.5,18.1,36.6,517.5,100.0,1.0
239774,1501,161,6.16223,1.0,-0.152353,0.006127,0.0,0.00204249,-0.040155,-1.0,-0.012991,1.0,0.194282,2797.1,23.5,49.3,478.8,100.0,1.0
239932,1502,158,5.659781,0.485928,-0.197824,0.01985,0.0,0.00207278,-0.062376,-1.0,-0.321515,1.0,0.15112,2748.5,14.2,86.0,541.0,100.0,1.0
240091,1503,159,5.509383,0.615932,-0.343252,0.010036,0.0,0.00173723,-0.018135,-1.0,0.230336,1.0,0.205841,2882.7,26.5,33.5,495.5,100.0,1.0
240246,1504,155,4.312822,0.847565,-0.394643,0.014614,3.5e-05,0.00196103,-0.10194,-1.0,-0.681041,1.0,0.169182,1835.5,19.0,59.9,286.6,100.0,1.0
240396,1505,150,6.040954,0.391695,-0.371951,0.0,0.0,0.00165003,0.035433,-1.0,0.742472,1.0,0.19407,3059.6,26.2,17.9,383.8,100.0,1.0
240556,1506,160,0.198577,0.438376,-0.489863,0.0,0.0,0.00148272,-0.22791,-1.0,-0.780211,0.673341,0.177789,1611.6,24.1,15.4,668.2,100.0,1.0
240718,1507,162,0.688367,0.539858,-0.52333,0.0,0.0,0.00152932,-0.215495,-1.0,-0.880038,0.730545,0.165911,1414.5,20.4,38.1,536.1,100.0,1.0
240870,1508,152,3.494959,0.961581,-0.481762,0.001734,0.0,0.00175497,-0.103103,-1.0,-0.82007,1.0,0.10548,1214.2,9.3,67.4,607.2,100.0,1.0
241032,1509,162,6.182587,1.0,-0.279572,0.012458,0.0,0.00220442,-0.067664,-1.0,-0.303107,1.0,0.186768,2481.5,21.7,57.5,353.7,100.0,1.0
241184,1510,152,-0.859095,0.414308,0.640632,0.0,0.0,0.00230154,-0.390094,-1.0,-1.0,0.238421,0.117706,754.9,15.2,18.4,288.9,100.0,1.0
241339,1511,155,4.624921,0.37937,-0.493536,0.0,2.5e-05,0.00213822,-0.114887,-1.0,-0.999359,1.0,0.074753,1102.1,8.2,28.8,443.5,100.0,1.0
241497,1512,158,8.150264,1.0,-0.400986,0.009318,3e-06,0.00212935,0.045177,-1.0,0.875694,1.0,0.211962,3042.5,27.1,36.6,321.9,100.0,1.0
241663,1513,166,6.048165,0.228659,-0.266925,0.022312,0.0,0.00200407,-0.049494,-1.0,-0.122337,1.0,0.186299,2608.7,21.8,56.3,488.0,100.0,1.0
241823,1514,160,6.203456,0.2,-0.337124,0.026574,0.080958,0.00172051,0.015173,-1.0,0.534207,1.0,0.19124,3249.5,24.0,38.8,519.3,100.0,1.0
241982,1515,159,2.668611,0.372981,-0.375196,0.022365,0.0,0.0016633,-0.139521,-1.0,-1.0,0.976387,0.156281,1317.4,16.7,66.1,690.9,100.0,1.0
242135,1516,153,2.777094,0.2,-0.436842,0.002564,0.036219,0.00159461,-0.113953,-1.0,-0.455874,0.928521,0.216742,2318.9,30.1,10.5,653.1,100.0,1.0
242296,1517,161,6.543287,0.445162,-0.297283,0.020096,8e-06,0.00166561,0.038117,-1.0,0.675492,1.0,0.147162,2887.9,19.3,20.6,453.9,100.0,1.0
242460,1518,164,6.343584,0.2,-0.164372,0.0105,0.184733,0.00148297,0.053695,-0.904807,0.660743,1.0,0.228485,4172.7,31.0,18.7,662.8,100.0,1.0
242622,1519,162,1.325358,0.486138,-0.375625,0.002067,0.0,0.00140609,-0.165739,-1.0,-0.629394,0.810892,0.183062,1784.8,24.6,17.6,873.9,100.0,1.0
242780,1520,158,6.85523,0.2,-0.310794,0.020953,0.130644,0.00163096,0.063058,-0.909362,0.86056,1.0,0.273608,4155.3,35.2,45.0,604.7,100.0,1.0
242942,1521,162,5.862757,0.2,-0.127188,0.022046,0.045951,0.00230102,-0.0985,-1.0,-0.771047,1.0,0.106977,2023.8,8.6,78.4,771.4,100.0,1.0
243102,1522,160,5.400257,0.224964,-0.219078,0.003544,5.2e-05,0.00176735,-0.030057,-1.0,0.031069,1.0,0.165818,3167.4,18.0,66.2,516.3,100.0,1.0
243257,1523,155,5.992086,0.2,-0.34351,0.0,0.226785,0.00164073,0.026073,-1.0,0.695911,1.0,0.217593,3016.1,29.3,21.4,784.4,100.0,1.0
243412,1524,155,5.103187,1.0,-0.359469,0.038322,0.0,0.00226703,-0.112624,-1.0,-0.824097,1.0,0.151071,1895.8,14.5,83.0,240.2,100.0,1.0
243570,1525,158,3.897066,0.2,-0.397413,0.017184,0.01269,0.0015485,-0.062311,-1.0,-0.348433,1.0,0.13734,1711.1,16.0,42.5,699.4,100.0,1.0
243728,1526,158,-3.872667,0.398768,0.612217,0.0,0.0,0.00183096,-0.491981,-1.0,-1.0,-0.030519,0.156494,801.6,20.7,19.7,485.5,100.0,1.0
243889,1527,161,3.725178,0.489312,-0.311224,0.016176,0.0,0.00157412,-0.079115,-1.0,-0.408853,1.0,0.191147,2250.2,24.7,30.7,616.0,100.0,1.0
244050,1528,161,4.670646,0.367845,-0.345727,0.011754,1.1e-05,0.00162312,-0.042801,-1.0,-0.151451,1.0,0.138277,2239.6,15.4,50.3,548.9,100.0,1.0
244214,1529,164,6.095436,0.872894,-0.334826,0.002074,0.0,0.00219315,-0.074536,-1.0,-0.466971,1.0,0.139195,2355.6,16.9,34.6,391.4,100.0,1.0
244376,1530,162,5.73433,0.344689,-0.348313,0.020624,0.0,0.00190887,-0.040971,-1.0,-0.085591,1.0,0.162062,2738.7,20.5,30.6,311.7,100.0,1.0
244534,1531,158,3.708012,0.767019,-0.339281,0.012331,0.0,0.00162685,-0.083575,-1.0,-0.400328,1.0,0.21771,2460.8,27.5,41.9,524.2,100.0,1.0
244692,1532,158,4.116331,0.324511,-0.305767,0.0,0.0,0.00171278,-0.078082,-1.0,-0.523776,1.0,0.128522,1755.3,14.9,40.8,885.4,100.0,1.0
244854,1533,162,4.761357,0.965557,-0.34435,0.020033,0.0,0.00207786,-0.113928,-1.0,-0.750866,1.0,0.194208,2066.7,22.1,66.1,659.7,100.0,1.0
245005,1534,151,-1.520936,0.57418,0.667491,0.011452,0.0,0.00210116,-0.388423,-1.0,-1.0,0.269437,0.163631,1076.0,21.2,25.5,324.2,100.0,1.0
245168,1535,163,5.254416,1.0,-0.336128,0.019735,0.0,0.00210095,-0.096705,-1.0,-0.5809,1.0,0.193076,2509.6,23.0,53.0,234.0,100.0,1.0
245328,1536,160,6.683821,0.26374,-0.125866,0.018878,9e-06,0.00212866,-0.028003,-1.0,0.117603,1.0,0.198817,3538.7,25.3,36.6,507.7,100.0,1.0
245490,1537,162,4.927862,0.2,-0.346902,0.031977,0.011331,0.00212622,-0.113988,-1.0,-0.91612,1.0,0.11188,1645.6,10.5,64.4,420.5,100.0,1.0
245654,1538,164,6.789545,0.2,-0.244294,0.0,0.058946,0.00154448,0.064235,-1.0,1.0,1.0,0.178825,3175.1,24.3,14.0,687.3,100.0,1.0
245812,1539,158,4.114545,0.248392,-0.455363,0.003566,0.003947,0.00196405,-0.117922,-1.0,-1.0,1.0,0.089611,938.3,9.1,42.6,468.7,100.0,1.0
245972,1540,160,4.861239,0.539537,-0.369949,0.0,5e-06,0.00204439,-0.09979,-1.0,-0.701653,1.0,0.148124,2307.8,15.1,71.0,315.1,100.0,1.0
246130,1541,158,7.945481,1.0,-0.340647,0.014605,0.0,0.00236969,-0.002854,-1.0,0.215688,1.0,0.122116,2680.9,12.0,63.5,305.7,100.0,1.0
246290,1542,160,8.289618,0.2,-0.311386,0.010074,0.000114,0.00202938,0.062998,-1.0,0.9299,1.0,0.149961,3243.9,16.2,61.4,364.0,100.0,1.0
246443,1543,153,3.497263,1.0,-0.290839,0.0,0.0,0.00196437,-0.136969,-1.0,-0.973858,1.0,0.197914,1870.7,22.1,72.0,447.5,100.0,1.0
246603,1544,160,4.677383,0.536429,-0.318641,0.015101,0.0,0.00169353,-0.052214,-1.0,-0.009748,1.0,0.256197,3086.6,31.9,54.5,619.2,100.0,1.0
246763,1545,160,4.359721,0.2,-0.473895,0.028261,0.04585,0.00202036,-0.119401,-1.0,-1.0,1.0,0.097006,1286.7,8.0,67.8,520.3,100.0,1.0
246923,1546,160,5.279946,0.2,-0.407952,0.0,0.0,0.00194376,-0.064102,-1.0,-0.413312,1.0,0.113855,1960.6,14.9,16.0,491.2,100.0,1.0
247079,1547,156,6.986036,0.2,-0.325624,0.033957,3e-05,0.00207642,0.002766,-1.0,0.38374,1.0,0.178042,2859.7,21.4,47.2,696.5,100.0,1.0
247234,1548,155,5.177079,0.685918,-0.326214,0.02437,0.0,0.00235518,-0.122958,-1.0,-0.922927,1.0,0.153328,1988.9,14.8,83.2,322.1,100.0,1.0
247400,1549,166,4.516061,0.2,-0.375331,0.0,0.009046,0.00158021,-0.051078,-1.0,-0.180392,1.0,0.165194,2264.5,20.4,37.3,705.7,100.0,1.0
247564,1550,164,4.232037,0.518843,-0.377215,0.008399,0.0,0.00161146,-0.066351,-1.0,-0.287895,1.0,0.187809,2338.7,24.5,27.7,523.9,100.0,1.0
247721,1551,157,5.117789,0.2,-0.315904,0.005197,0.020372,0.00213522,-0.095921,-1.0,-0.575831,1.0,0.191688,2648.6,21.9,63.5,472.8,100.0,1.0
247877,1552,156,3.788777,0.486868,-0.435641,0.028662,0.0,0.00192181,-0.122623,-1.0,-1.0,1.0,0.113114,1394.0,10.7,63.3,356.9,100.0,1.0
248035,1553,158,6.612424,1.0,-0.379477,0.005419,0.0,0.0022799,-0.051019,-1.0,-0.280215,1.0,0.114987,2164.1,13.0,39.6,313.6,100.0,1.0
248203,1554,168,4.757833,0.297841,-0.38443,0.010007,1e-05,0.00177661,-0.075965,-1.0,-0.533139,1.0,0.113257,1904.2,11.9,50.4,413.7,100.0,1.0
248363,1555,160,5.529493,0.2,-0.292531,0.016327,2.9e-05,0.00187784,-0.041899,-1.0,-0.051194,1.0,0.183896,2394.3,22.3,46.5,628.1,100.0,1.0
248522,1556,159,8.51389,0.56958,-0.39729,0.0,0.0,0.00201965,0.076949,-1.0,0.987449,1.0,0.10898,2467.2,13.6,22.6,324.4,100.0,1.0
248682,1557,160,4.730031,0.25144,-0.347526,0.0,0.00011,0.00174123,-0.057438,-1.0,-0.258657,1.0,0.157864,2365.1,14.8,90.8,403.2,100.0,1.0
248843,1558,161,5.525774,0.2,-0.156181,0.0,0.039738,0.00167194,-0.010844,-1.0,0.254788,1.0,0.181613,3209.9,23.6,27.8,642.6,100.0,1.0
249006,1559,163,8.666026,0.41876,-0.248079,0.0,0.0,0.00208987,0.064458,-1.0,0.933448,1.0,0.144433,3431.4,14.0,77.4,449.1,100.0,1.0
249163,1560,157,-1.200563,0.2,0.660987,0.009056,0.08321,0.00238483,-0.430624,-1.0,-1.0,0.138134,0.144853,816.6,17.9,32.1,298.7,100.0,1.0
249327,1561,164,3.837271,0.2,-0.425422,0.005269,0.057567,0.00155402,-0.075422,-1.0,-0.479454,1.0,0.137384,1926.5,16.6,35.8,671.8,100.0,1.0
249490,1562,163,5.462033,1.0,-0.344269,0.009798,0.0,0.00196611,-0.06511,-1.0,-0.329279,1.0,0.160909,2124.1,19.2,44.0,417.5,100.0,1.0
249644,1563,154,4.729429,0.338026,-0.163634,0.0,0.004472,0.00188549,-0.06926,-1.0,-0.274361,1.0,0.209118,2583.8,26.0,45.3,387.5,100.0,1.0
249808,1564,164,-3.784669,0.344295,0.628749,0.0,6e-06,0.00178658,-0.519181,-1.0,-1.0,-0.101828,0.167705,808.7,22.5,16.9,895.8,100.0,1.0
249970,1565,162,4.465712,0.212737,-0.346207,0.020298,0.003879,0.00148115,-0.031162,-1.0,-0.029386,1.0,0.141115,2270.8,18.3,22.1,814.4,100.0,1.0
250130,1566,160,6.008689,0.202139,-0.422688,0.010176,0.000174,0.00229319,-0.086042,-1.0,-0.646628,1.0,0.106897,1600.8,9.3,70.0,279.3,100.0,1.0
250298,1567,168,4.443269,0.340715,-0.474321,0.011698,4e-06,0.00171696,-0.080723,-1.0,-0.619417,1.0,0.093907,1339.6,9.6,44.3,424.0,100.0,1.0
250457,1568,159,-3.895277,0.2,0.633143,0.0,0.075304,0.00180644,-0.506901,-1.0,-1.0,-0.058864,0.181493,933.3,24.8,13.3,778.1,100.0,1.0
250619,1569,162,3.066658,1.0,0.681802,0.009176,0.0,0.00211725,-0.199624,-1.0,-0.765102,0.725674,0.135496,1096.7,15.9,40.5,580.7,100.0,1.0
250777,1570,158,4.917869,0.2,-0.453764,0.010946,0.000195,0.00197643,-0.082358,-1.0,-0.589814,1.0,0.116883,1898.7,9.8,80.0,330.1,100.0,1.0
250940,1571,163,3.482662,0.273631,-0.290601,0.021873,0.014202,0.00143887,-0.071701,-1.0,-0.379186,1.0,0.168913,2308.3,22.4,19.9,909.6,100.0,1.0
251101,1572,161,5.185742,0.2,-0.225386,0.0,0.23079,0.00161672,-0.017885,-1.0,0.192257,1.0,0.185555,3147.3,25.2,15.7,745.3,100.0,1.0
251253,1573,152,4.574809,0.766233,-0.439888,0.0,0.0,0.00208302,-0.102805,-1.0,-0.795678,1.0,0.116188,1344.5,12.7,45.7,330.0,100.0,1.0
251408,1574,155,2.604718,0.2,-0.402455,0.0,0.006411,0.00132992,-0.084386,-1.0,-0.432519,1.0,0.205671,2265.5,27.8,18.2,1013.6,100.0,1.0
251570,1575,162,5.885615,0.820291,-0.288484,0.029014,0.0,0.00155254,0.02353,-1.0,0.615068,1.0,0.189883,3270.1,24.2,34.5,620.4,100.0,1.0
251732,1576,162,4.710812,0.2,-0.302259,0.0,0.0,0.00163962,-0.045499,-1.0,-0.039111,1.0,0.207941,3115.6,25.9,44.8,771.6,100.0,1.0
251898,1577,166,4.369123,0.672483,-0.437859,0.0,0.0,0.00181638,-0.097388,-1.0,-0.789557,1.0,0.092163,1468.7,8.9,49.6,470.6,100.0,1.0
252057,1578,159,5.448857,0.402728,-0.171605,0.0,7.6e-05,0.00162817,-0.004319,-1.0,0.297641,1.0,0.170416,3465.7,21.4,34.6,483.6,100.0,1.0
252213,1579,156,-1.452271,0.37991,0.636183,0.000944,0.0,0.0021894,-0.409405,-1.0,-1.0,0.208931,0.162652,986.1,20.4,33.2,569.7,100.0,1.0
252374,1580,161,5.242913,0.2,-0.48728,0.006663,0.030471,0.00198838,-0.075217,-1.0,-0.544192,1.0,0.103988,1652.8,9.3,65.0,435.1,100.0,1.0
252538,1581,164,4.953226,0.436041,-0.331298,0.0,2e-06,0.00197855,-0.093105,-1.0,-0.781168,1.0,0.074942,1681.6,9.4,15.8,486.3,100.0,1.0
252701,1582,163,6.268594,0.917522,-0.259469,0.0,0.0,0.00190755,-0.018124,-1.0,0.133946,1.0,0.157592,3363.9,17.8,55.3,408.0,100.0,1.0
252859,1583,158,8.228662,0.2,-0.271524,0.0,0.052809,0.00215311,0.044147,-1.0,0.692988,1.0,0.125761,3041.8,15.0,35.1,396.0,100.0,1.0
253023,1584,164,6.08782,0.88325,-0.357704,0.007859,9e-06,0.00214847,-0.068,-1.0,-0.410181,1.0,0.134908,2309.0,16.1,36.8,421.7,100.0,1.0
253182,1585,159,3.280139,0.328092,-0.482003,0.0,1e-06,0.00159542,-0.100445,-1.0,-0.726675,1.0,0.13889,1446.3,17.8,23.3,490.9,100.0,1.0
253345,1586,163,6.275434,0.561812,-0.387587,0.0,0.0,0.00227153,-0.077182,-1.0,-0.601174,1.0,0.085325,1541.5,7.1,59.9,285.0,100.0,1.0
253501,1587,156,5.477113,0.2,-0.187892,0.015766,0.010759,0.00176927,-0.02019,-1.0,0.327393,1.0,0.264646,3671.9,33.5,50.3,672.2,100.0,1.0
253662,1588,161,6.90983,0.47775,-0.19476,0.003934,4e-06,0.00164259,0.058226,-1.0,0.899133,1.0,0.158437,2579.3,21.1,18.2,573.3,100.0,1.0
253819,1589,157,6.340924,0.392329,-0.339603,0.0,0.0,0.00146628,0.065872,-1.0,1.0,1.0,0.17064,3317.0,21.9,28.3,610.2,100.0,1.0
253977,1590,158,3.571149,0.2,-0.357039,0.00386,0.013709,0.00129381,-0.037682,-1.0,-0.033633,1.0,0.171593,2286.9,23.1,17.0,806.6,100.0,1.0
254135,1591,158,7.926921,0.688392,-0.290036,0.00511,0.0,0.00198653,0.056171,-1.0,0.808947,1.0,0.123621,3592.8,12.1,65.2,221.4,100.0,1.0
254287,1592,152,7.015093,0.2,-0.313026,0.003769,0.045989,0.00176402,0.059332,-1.0,1.0,1.0,0.20334,3808.4,26.9,25.1,577.5,100.0,1.0
254444,1593,157,6.208869,1.0,-0.335508,0.011787,0.0,0.00222746,-0.059908,-1.0,-0.343146,1.0,0.127968,2235.6,14.6,42.5,569.2,100.0,1.0
254609,1594,165,5.972363,0.28886,-0.336219,0.012863,0.009632,0.0022507,-0.092605,-1.0,-0.71235,1.0,0.106852,1896.2,7.1,95.3,385.1,100.0,1.0
254767,1595,158,5.025017,1.0,-0.306536,0.011233,0.0,0.00188101,-0.062608,-1.0,-0.313294,1.0,0.156391,2266.6,18.8,40.9,554.7,100.0,1.0
254927,1596,160,4.825038,0.2,-0.389384,0.0,0.033126,0.00178825,-0.06089,-1.0,-0.432525,1.0,0.088189,1827.4,9.2,39.8,849.6,100.0,1.0
255094,1597,167,5.169906,0.2,-0.452933,0.01043,0.228911,0.00205229,-0.101422,-1.0,-0.803325,1.0,0.105447,1673.4,11.5,42.0,498.8,100.0,1.0
255259,1598,165,4.974027,0.530907,-0.333438,0.011133,0.0,0.00194299,-0.088427,-1.0,-0.725729,1.0,0.079268,1608.2,6.5,56.1,539.6,100.0,1.0
255415,1599,156,6.642419,0.348562,-0.381235,0.011043,2.6e-05,0.00168522,0.047142,-1.0,0.623371,1.0,0.075976,1999.9,6.5,51.2,400.4,100.0,1.0
255579,1600,164,6.040673,0.961622,-0.406601,0.000207,0.0,0.00214109,-0.069211,-1.0,-0.483981,1.0,0.104065,1684.4,11.3,41.7,499.0,100.0,1.0
255741,1601,162,6.017573,0.2,-0.300402,0.001754,0.008856,0.00185534,-0.019702,-1.0,0.185668,1.0,0.191343,3012.0,24.9,27.9,680.5,100.0,1.0
255903,1602,162,5.42385,0.519752,-0.320263,0.012695,0.0,0.00176613,-0.032972,-1.0,0.187653,1.0,0.258686,3337.9,33.9,36.1,551.9,100.0,1.0
256060,1603,157,4.201267,0.336649,-0.276233,0.011222,2.1e-05,0.00148649,-0.037308,-1.0,0.115704,1.0,0.244393,3591.9,30.1,56.5,657.3,100.0,1.0
256218,1604,158,0.392092,0.644106,0.6732,0.0,0.0,0.00161586,-0.236993,-1.0,-0.48873,0.570388,0.188779,1554.1,24.7,26.0,679.4,100.0,1.0
256376,1605,158,0.177359,0.2,-0.449004,0.007874,0.00014,0.00139493,-0.212102,-1.0,-0.654731,0.68954,0.189839,1582.2,23.4,43.3,718.3,100.0,1.0
256535,1606,159,5.152602,0.2,-0.191631,0.011139,0.05021,0.00146604,0.007291,-1.0,0.571686,1.0,0.249388,3807.7,33.7,22.4,627.2,100.0,1.0
256698,1607,163,6.24087,0.2,-0.274137,0.0,0.001156,0.00201363,-0.037104,-1.0,0.002532,1.0,0.186788,2939.3,24.7,23.4,577.7,100.0,1.0
256857,1608,159,4.344931,0.240126,-0.378037,0.003665,0.0,0.00197249,-0.110955,-1.0,-0.789801,1.0,0.159874,1780.2,17.4,64.0,509.8,100.0,1.0
257019,1609,162,5.606175,0.2,-0.340482,0.010251,0.044862,0.00196847,-0.057397,-1.0,-0.402657,1.0,0.085657,1947.2,7.3,58.1,492.5,100.0,1.0
257183,1610,164,6.329874,0.753516,-0.326634,0.022898,0.0,0.00195664,-0.025625,-1.0,0.018165,1.0,0.137207,2523.1,16.5,35.6,529.9,100.0,1.0
257342,1611,159,1.299838,0.2,-0.45323,0.005179,0.052591,0.00177504,-0.221597,-1.0,-1.0,0.730175,0.135789,999.7,14.4,57.8,574.6,100.0,1.0
257502,1612,160,4.437006,0.2,-0.393804,0.0,0.053209,0.0017236,-0.068831,-1.0,-0.532684,1.0,0.077813,1593.6,7.4,43.6,515.2,100.0,1.0
257665,1613,163,4.30468,0.595227,-0.416092,0.011129,0.0,0.00193502,-0.114659,-1.0,-1.0,1.0,0.073296,1278.0,6.2,49.9,419.6,100.0,1.0
257822,1614,157,5.594163,0.211193,-0.484789,0.000837,0.000188,0.00221597,-0.087041,-1.0,-0.756262,1.0,0.057075,1239.8,4.0,48.0,286.4,100.0,1.0
257982,1615,160,3.963513,0.2,-0.528479,0.0,0.0,0.00187209,-0.114693,-1.0,-1.0,1.0,0.073466,709.4,8.3,25.5,704.9,100.0,1.0
258139,1616,157,4.282577,0.33775,-0.295622,0.0166,2.7e-05,0.00150938,-0.037252,-1.0,-0.059051,1.0,0.156735,2537.2,19.3,36.6,799.3,100.0,1.0
258301,1617,162,4.223618,0.545065,-0.361539,0.013115,0.0,0.00182508,-0.098715,-1.0,-0.755303,1.0,0.115925,1959.2,13.5,35.3,542.9,100.0,1.0
258459,1618,158,3.649629,0.504498,-0.386023,0.0,3.1e-05,0.0018022,-0.114581,-1.0,-1.0,1.0,0.072906,1538.6,7.2,37.3,565.6,100.0,1.0
258614,1619,155,5.858387,1.0,-0.309533,0.020133,0.0,0.00227262,-0.079149,-1.0,-0.564826,1.0,0.113334,1861.0,11.9,50.5,360.6,100.0,1.0
258768,1620,154,3.877088,0.2,-0.400911,0.0,0.0,0.00170872,-0.082383,-1.0,-0.545843,1.0,0.138995,1960.5,17.3,29.8,578.4,100.0,1.0
258922,1621,154,4.609085,0.430375,-0.281836,0.006551,0.0,0.00181058,-0.063974,-1.0,-0.327754,1.0,0.155994,2589.2,17.7,53.3,412.6,100.0,1.0
259081,1622,159,3.219363,0.318802,-0.322841,0.0,2.3e-05,0.00163452,-0.109826,-1.0,-0.840881,1.0,0.128689,1689.2,14.5,45.6,534.7,100.0,1.0
259239,1623,158,5.698959,0.818303,-0.44183,0.0,0.0,0.00243667,-0.11941,-1.0,-0.997244,1.0,0.098426,1255.7,10.2,45.0,320.1,100.0,1.0
259398,1624,159,4.02128,0.2,-0.48113,0.01937,0.0,0.00189645,-0.114105,-1.0,-1.0,1.0,0.070527,1295.8,5.5,53.2,565.7,100.0,1.0
259564,1625,166,3.475048,0.508377,-0.317275,0.0,0.0,0.00147503,-0.08288,-1.0,-0.464432,1.0,0.182183,2109.0,23.1,34.0,647.2,100.0,1.0
259723,1626,159,4.691779,0.2,-0.385418,0.001469,0.013381,0.00173085,-0.056557,-1.0,-0.358202,1.0,0.103685,1679.0,11.9,33.8,600.1,100.0,1.0
259887,1627,164,3.439755,0.2,-0.450485,0.0,0.245044,0.00128916,-0.051125,-1.0,-0.189797,1.0,0.160727,1869.1,21.9,12.4,883.8,100.0,1.0
260049,1628,162,4.589379,0.342813,-0.354389,0.007283,0.0,0.00202844,-0.11478,-1.0,-1.0,1.0,0.073902,1350.6,4.5,70.8,417.1,100.0,1.0
260210,1629,161,5.173931,0.63565,-0.405022,0.012743,0.0,0.00219311,-0.112047,-1.0,-1.0,1.0,0.060234,1410.4,2.7,68.4,367.1,100.0,1.0
260366,1630,156,4.530285,0.612522,-0.346419,0.017867,0.0,0.00188053,-0.082267,-1.0,-0.537118,1.0,0.142775,2037.6,16.4,46.1,492.5,100.0,1.0
260536,1631,170,5.172974,0.246956,-0.360655,0.0,3.3e-05,0.00210644,-0.117078,-1.0,-1.0,1.0,0.085388,1604.6,5.8,74.4,372.2,100.0,1.0
260698,1632,162,3.97461,0.390385,-0.485577,0.0,0.0,0.00186856,-0.117514,-1.0,-1.0,1.0,0.087569,892.7,9.4,36.6,784.2,100.0,1.0
260853,1633,155,3.550456,0.48476,-0.429687,0.01305,0.0,0.00176032,-0.107408,-1.0,-0.939011,1.0,0.067533,1145.3,7.6,24.3,666.6,100.0,1.0
261015,1634,162,5.667989,0.2,-0.288366,0.0,0.158185,0.00164309,-0.002087,-1.0,0.241173,1.0,0.131024,2621.6,13.9,56.6,590.2,100.0,1.0
261178,1635,163,5.315528,0.585617,-0.246823,0.000675,0.0,0.00143897,0.013093,-1.0,0.613637,1.0,0.241352,3582.9,32.6,22.0,720.2,100.0,1.0
261335,1636,157,7.348188,0.2,-0.359448,0.012093,0.0,0.00178949,0.061343,-1.0,0.868237,1.0,0.127406,2576.3,15.0,37.9,664.7,100.0,1.0
261502,1637,167,5.143233,1.0,-0.103398,0.011398,0.0,0.00178323,-0.058233,-1.0,0.097308,0.975949,0.29773,3107.5,39.3,37.5,502.0,100.0,1.0
261664,1638,162,3.164783,0.2,-0.38674,0.0,0.01127,0.00168607,-0.125739,-1.0,-1.0,1.0,0.128693,1623.6,14.9,40.4,641.9,100.0,1.0
261828,1639,164,5.538779,0.2,-0.468935,0.0,2.1e-05,0.00170198,-0.021199,-1.0,-0.052572,1.0,0.079707,1360.1,9.6,21.2,562.3,100.0,1.0
261992,1640,164,6.754964,0.55868,-0.308301,0.008769,0.0,0.00158473,0.05463,-1.0,1.0,1.0,0.226851,3596.2,30.7,19.4,721.8,100.0,1.0
262152,1641,160,5.313615,0.460901,-0.304754,0.00466,0.0,0.00167089,-0.019944,-1.0,0.169519,1.0,0.184481,3041.3,24.0,27.8,659.7,100.0,1.0
262309,1642,157,3.286117,0.2,-0.322857,0.011528,0.0,0.00134746,-0.058555,-1.0,-0.232875,1.0,0.176339,2373.5,23.1,24.2,1000.1,100.0,1.0
262467,1643,158,4.96338,0.634043,-0.416677,0.015092,0.0,0.00180003,-0.053362,-1.0,-0.259939,1.0,0.136841,1910.8,16.1,40.3,597.2,100.0,1.0
262629,1644,162,4.772618,0.2,-0.439995,0.016242,0.000734,0.00200377,-0.102479,-1.0,-0.903161,1.0,0.060812,1216.1,3.5,60.4,443.1,100.0,1.0
262790,1645,161,5.960844,0.2,-0.443726,0.010374,0.025287,0.00218085,-0.073673,-1.0,-0.628192,1.0,0.054266,1461.5,2.3,63.9,409.1,100.0,1.0
262952,1646,162,5.996691,0.350796,-0.207314,0.010133,0.0,0.00156734,0.025242,-1.0,0.71483,1.0,0.231206,3434.7,31.7,15.6,657.9,100.0,1.0
263115,1647,163,4.946955,0.30862,0.664773,0.0,7.3e-05,0.0019535,-0.088161,-1.0,-0.739651,1.0,0.070981,1166.9,8.2,23.1,466.8,100.0,1.0
263273,1648,158,5.131989,0.46103,-0.349365,0.008974,0.0,0.00193747,-0.067251,-1.0,-0.506034,1.0,0.08324,1901.0,10.4,17.8,383.4,100.0,1.0
263431,1649,158,3.656779,0.934002,-0.4546,0.028195,0.0,0.00170561,-0.099267,-1.0,-0.621274,1.0,0.1857,2087.6,24.6,22.3,597.4,100.0,1.0
263593,1650,162,6.915325,0.222571,-0.344026,0.011432,0.0064,0.00151642,0.076174,-1.0,1.0,1.0,0.119128,2974.4,15.8,14.1,656.2,100.0,1.0
263750,1651,157,8.547704,0.2,-0.354914,0.012804,0.063709,0.00205877,0.074544,-1.0,1.0,1.0,0.127278,2912.7,14.1,48.1,416.1,100.0,1.0
263902,1652,152,0.972592,0.218195,0.627593,0.0,0.041244,0.00209346,-0.272949,-1.0,-1.0,0.575481,0.121835,1008.4,16.0,16.4,413.9,100.0,1.0
264058,1653,156,5.836957,0.2,-0.209278,0.0,4.3e-05,0.00199871,-0.040172,-1.0,-0.149613,1.0,0.126053,2640.5,11.6,74.9,548.1,100.0,1.0
264221,1654,163,4.57187,0.2,-0.442904,0.0,0.049473,0.0018889,-0.095133,-1.0,-0.812658,1.0,0.069338,1541.5,7.9,23.2,545.4,100.0,1.0
264382,1655,161,5.156025,0.460284,-0.313417,0.0,0.0,0.00151969,-0.004734,-1.0,0.351786,1.0,0.199562,2852.2,27.6,10.5,694.5,100.0,1.0
264541,1656,159,4.311211,0.2,-0.41329,0.00106,7e-06,0.00181327,-0.08771,-1.0,-0.729905,1.0,0.073599,1379.5,8.3,25.5,519.6,100.0,1.0
264702,1657,161,3.456524,0.417295,-0.409718,0.00904,5e-06,0.00154836,-0.08846,-1.0,-0.601501,1.0,0.141548,1851.2,18.4,21.0,608.5,100.0,1.0
264863,1658,161,8.286529,0.321823,-0.318927,0.0,0.0,0.00194458,0.072406,-1.0,1.0,1.0,0.137969,2969.3,18.5,14.3,444.3,100.0,1.0
265016,1659,153,3.295947,0.2,-0.356363,0.0,0.188161,0.00182241,-0.125491,-1.0,-0.982953,1.0,0.13598,1619.0,17.1,27.4,770.0,100.0,1.0
265178,1660,162,5.050084,0.539619,-0.354293,0.002125,0.0,0.00169073,-0.038969,-1.0,-0.25277,1.0,0.068462,1941.9,7.7,24.4,503.3,100.0,1.0
265340,1661,162,4.007831,0.403601,-0.365735,0.0,0.0,0.00171013,-0.090611,-1.0,-0.653587,1.0,0.126262,1976.0,16.4,19.4,684.3,100.0,1.0
265503,1662,163,2.063561,0.329208,-0.356148,0.0,7e-06,0.00148992,-0.146862,-1.0,-1.0,0.929228,0.110458,1073.6,13.9,21.8,1297.8,100.0,1.0
265658,1663,155,5.587249,0.46548,-0.341731,0.00565,0.0,0.00189965,-0.034603,-1.0,-0.145885,1.0,0.100074,2048.4,10.6,43.0,495.5,100.0,1.0
265816,1664,158,5.676613,0.637002,-0.354375,0.000521,0.0,0.00158315,0.01386,-1.0,0.712322,1.0,0.286859,3589.4,38.2,32.5,661.7,100.0,1.0
265982,1665,166,4.933404,0.388765,-0.274214,0.0,0.0,0.00157192,-0.031525,-1.0,0.09131,1.0,0.203281,3235.3,26.1,34.2,578.1,100.0,1.0
266145,1666,163,5.787668,0.2,-0.158547,0.012769,1.8e-05,0.00165235,-0.000236,-1.0,0.346809,1.0,0.174585,3259.5,21.9,35.7,724.6,100.0,1.0
266305,1667,160,3.880762,0.402821,-0.369183,0.011914,0.0,0.00184249,-0.114386,-1.0,-1.0,1.0,0.07193,952.0,5.8,51.6,890.3,100.0,1.0
266464,1668,159,7.232849,0.227737,-0.388283,0.004256,0.0,0.00166367,0.071706,-1.0,1.0,1.0,0.14147,3167.3,17.3,33.8,614.7,100.0,1.0
266626,1669,162,3.41645,0.2,-0.323722,0.012992,0.0,0.00156365,-0.09449,-1.0,-0.619938,1.0,0.16248,2060.8,21.0,26.2,646.3,100.0,1.0
266789,1670,163,3.520897,0.373959,-0.319572,0.018573,5e-06,0.00151318,-0.083001,-1.0,-0.636625,1.0,0.096694,1720.0,11.4,27.8,766.8,100.0,1.0
266942,1671,153,4.674669,0.356909,-0.467121,0.0,1e-05,0.00214214,-0.110527,-1.0,-1.0,1.0,0.052634,964.2,2.1,63.2,460.1,100.0,1.0
267100,1672,158,4.617779,0.2,0.665702,0.007953,0.033806,0.00209452,-0.116341,-1.0,-1.0,1.0,0.081707,999.0,6.6,59.5,505.2,100.0,1.0
267263,1673,163,4.120883,0.448753,-0.29955,0.0,0.0,0.00159277,-0.068103,-1.0,-0.395164,1.0,0.142935,2344.7,18.9,17.2,576.8,100.0,1.0
267417,1674,154,4.053311,0.938466,-0.365279,0.02046,0.0,0.00200729,-0.120771,-1.0,-1.0,1.0,0.103853,1401.9,11.1,43.7,555.7,100.0,1.0
267580,1675,163,5.287421,0.421949,-0.322875,0.019674,0.0,0.00164317,-0.02216,-1.0,-0.102596,1.0,0.059502,2159.5,4.1,51.9,617.7,100.0,1.0
267736,1676,156,3.541414,0.2,-0.35073,0.021624,0.0,0.00175183,-0.108751,-1.0,-0.939183,1.0,0.074166,1515.9,3.8,79.6,637.2,100.0,1.0
267897,1677,161,6.507502,0.27054,-0.461381,0.0,3.6e-05,0.00186307,0.002352,-1.0,0.128812,1.0,0.052644,1431.2,6.0,17.6,347.3,100.0,1.0
268054,1678,157,4.123279,0.223839,-0.401977,0.022726,0.01514,0.00190049,-0.106842,-1.0,-0.910343,1.0,0.079039,1542.4,3.5,90.9,394.4,100.0,1.0
268217,1679,163,7.242093,0.31857,-0.311057,0.004709,6.9e-05,0.00210538,-0.006768,-1.0,0.140037,1.0,0.103857,2114.9,12.7,25.0,752.6,100.0,1.0
268376,1680,159,3.550977,0.344266,-0.462801,0.0,2.3e-05,0.001745,-0.112484,-1.0,-1.0,1.0,0.062422,1016.7,2.7,72.2,414.1,100.0,1.0
268538,1681,162,3.904935,0.286083,-0.445572,0.029995,0.0,0.00176779,-0.104974,-1.0,-0.901802,1.0,0.073971,1283.8,4.6,69.6,462.6,100.0,1.0
268695,1682,157,3.79889,0.316405,-0.393146,0.002436,3.7e-05,0.00172887,-0.094958,-1.0,-0.722312,1.0,0.113635,1616.5,13.3,33.9,463.2,100.0,1.0
268850,1683,155,5.171182,0.2,-0.31641,0.005651,0.415692,0.0021337,-0.090532,-1.0,-0.672153,1.0,0.116582,2079.1,10.8,67.9,578.7,100.0,1.0
269008,1684,158,6.078194,0.498137,-0.279158,0.004984,0.0,0.00165465,0.020897,-1.0,0.564084,1.0,0.177558,3316.3,23.4,22.5,676.2,100.0,1.0
269170,1685,162,4.556283,0.640245,0.688924,0.0,0.0,0.00198341,-0.109691,-1.0,-1.0,1.0,0.048457,1011.3,3.6,38.8,574.5,100.0,1.0
269333,1686,163,3.280241,0.474508,-0.383871,0.01758,1e-05,0.00153317,-0.097548,-1.0,-0.722859,1.0,0.12631,1820.0,14.9,36.3,597.0,100.0,1.0
269484,1687,151,3.862718,0.2,-0.500407,0.007517,0.075975,0.00195665,-0.116069,-1.0,-1.0,1.0,0.080345,1184.5,8.4,36.4,519.4,100.0,1.0
269641,1688,157,4.445111,0.686997,-0.386911,0.017392,0.0,0.00204925,-0.115314,-1.0,-1.0,1.0,0.076569,1502.5,6.1,56.8,400.6,100.0,1.0
269804,1689,163,6.277498,0.2,-0.37835,0.007234,0.0,0.00168394,0.017014,-1.0,0.415752,1.0,0.122808,2593.9,13.4,48.5,392.1,100.0,1.0
269965,1690,161,4.291002,0.422553,-0.308339,0.0,0.0,0.00142585,-0.030319,-1.0,-0.03806,1.0,0.132564,2365.7,17.2,20.2,759.9,100.0,1.0
270126,1691,161,4.404537,0.2,-0.44436,0.0,0.034566,0.00170155,-0.069461,-1.0,-0.397415,1.0,0.148597,2138.7,19.8,16.2,702.5,100.0,1.0
270288,1692,162,6.474803,1.0,0.691047,0.008963,0.0,0.00254723,-0.112092,-1.0,-1.0,1.0,0.060462,1089.5,3.8,56.5,199.2,100.0,1.0
270452,1693,164,4.717532,0.2,-0.403842,0.008783,0.246465,0.00183202,-0.081422,-1.0,-0.524675,1.0,0.144775,2045.5,16.6,47.4,712.6,100.0,1.0
270614,1694,162,4.052114,0.2,-0.47985,0.0,0.022619,0.00184826,-0.111286,-1.0,-1.0,1.0,0.056431,596.9,1.8,73.5,502.1,100.0,1.0
270771,1695,157,5.208921,0.2,-0.316287,0.0,0.028428,0.00174927,-0.032806,-1.0,-0.1261,1.0,0.100982,2053.4,11.8,30.9,812.0,100.0,1.0
270930,1696,159,4.645009,0.2,-0.26979,0.0,7e-06,0.00173481,-0.060191,-1.0,-0.310535,1.0,0.145689,2226.6,18.9,21.7,690.2,100.0,1.0
271088,1697,158,4.520308,0.785252,-0.372853,0.014687,0.0,0.00178147,-0.071639,-1.0,-0.58147,1.0,0.067459,1686.1,3.8,68.0,488.1,100.0,1.0
271243,1698,155,5.882791,1.0,-0.410791,0.016247,0.0,0.00230526,-0.084262,-1.0,-0.666938,1.0,0.087842,1861.0,8.3,49.3,342.5,100.0,1.0
271407,1699,164,5.454403,0.2,-0.340721,0.017534,0.021939,0.00206447,-0.085391,-1.0,-0.736125,1.0,0.058895,1986.8,2.4,69.7,509.1,100.0,1.0
271568,1700,161,4.014383,0.353909,-0.394967,0.0,0.0,0.00170351,-0.087898,-1.0,-0.741268,1.0,0.068855,1527.2,7.9,23.1,527.7,100.0,1.0
271734,1701,166,4.05659,0.2,-0.33368,0.015134,0.04978,0.00180073,-0.110617,-1.0,-1.0,1.0,0.053083,1395.2,1.6,69.7,837.0,100.0,1.0
271896,1702,162,3.068288,0.257248,-0.388603,0.003902,0.0,0.00141243,-0.086383,-1.0,-0.653398,1.0,0.105216,1601.2,13.2,20.9,858.9,100.0,1.0
272059,1703,163,4.547542,0.2,-0.239717,0.014637,0.006744,0.00154086,-0.040108,-1.0,-0.061936,1.0,0.16957,2955.9,20.7,41.2,570.9,100.0,1.0
272222,1704,163,4.303618,0.393741,-0.366023,0.01952,3e-06,0.00176109,-0.087356,-1.0,-0.707464,1.0,0.083049,1755.9,6.0,68.8,668.0,100.0,1.0
272376,1705,154,4.346039,0.950776,-0.452877,0.013376,0.0,0.00209181,-0.120495,-1.0,-1.0,1.0,0.102474,1362.6,7.6,81.9,412.6,100.0,1.0
272539,1706,163,4.58109,0.2,-0.23956,0.023614,0.04203,0.00200899,-0.11493,-1.0,-0.849193,1.0,0.150054,2007.9,15.2,73.0,553.5,100.0,1.0
272707,1707,168,6.08879,1.0,-0.394642,0.019526,0.0,0.00232726,-0.108511,-1.0,-0.945735,1.0,0.069685,1401.2,5.0,57.7,412.3,100.0,1.0
272863,1708,156,6.111957,1.0,-0.371603,0.007608,0.0,0.00226648,-0.069973,-1.0,-0.479205,1.0,0.110262,1685.7,12.1,42.0,321.6,100.0,1.0
273026,1709,163,3.876208,0.515185,-0.40143,0.02425,0.0,0.00179616,-0.112894,-1.0,-1.0,1.0,0.064471,1100.3,3.6,65.7,537.0,100.0,1.0
273185,1710,159,5.573632,0.457095,-0.433441,0.0,0.0,0.00170178,-0.011954,-1.0,0.060405,1.0,0.089974,1870.2,11.0,21.3,558.4,100.0,1.0
273350,1711,165,5.473733,0.262591,-0.290685,0.0,8e-06,0.00147281,0.010955,-1.0,0.363792,1.0,0.127122,2436.2,16.8,15.3,748.2,100.0,1.0
273499,1712,149,4.522614,0.577662,-0.373965,0.0,0.0,0.00201392,-0.090258,-1.0,-0.733665,1.0,0.08446,1898.2,8.2,44.8,476.9,100.0,1.0
273658,1713,159,5.835415,0.2,-0.320697,0.019306,0.097717,0.00203243,-0.052442,-1.0,-0.210344,1.0,0.157037,2568.7,14.1,97.5,430.8,100.0,1.0
273816,1714,158,6.275621,0.329475,-0.392419,0.0,0.0,0.00197795,-0.02139,-1.0,-0.062393,1.0,0.075752,1876.5,5.4,62.8,334.5,100.0,1.0
273980,1715,164,3.553363,0.679569,-0.44812,0.013012,0.0,0.00167618,-0.110042,-1.0,-1.0,1.0,0.05021,1139.5,4.7,29.0,503.7,100.0,1.0
274146,1716,166,4.602538,0.402252,-0.327631,0.0,0.0,0.00167727,-0.06493,-1.0,-0.518204,1.0,0.065546,1674.1,7.1,26.0,619.1,100.0,1.0
274298,1717,152,2.884341,0.57297,-0.367559,0.018021,0.0,0.00156175,-0.1036,-1.0,-0.760187,1.0,0.137904,1691.8,18.0,19.9,716.9,100.0,1.0
274462,1718,164,6.674684,0.367458,-0.338997,0.009154,1e-06,0.00173577,0.024867,-1.0,0.462842,1.0,0.107086,2117.6,13.5,20.9,580.2,100.0,1.0
274621,1719,159,3.463757,0.30046,-0.458988,0.0,4.7e-05,0.00190628,-0.142472,-1.0,-1.0,0.944127,0.114584,1061.3,13.6,31.8,471.3,100.0,1.0
274784,1720,163,3.783103,0.2,-0.464359,0.0,0.055135,0.00178835,-0.116074,-1.0,-1.0,1.0,0.080371,1231.5,9.8,20.1,610.2,100.0,1.0
274945,1721,161,4.067761,0.437163,-0.318092,0.011267,2e-06,0.00185536,-0.1101,-1.0,-0.925145,1.0,0.087929,1601.8,10.0,30.4,664.0,100.0,1.0
275102,1722,157,4.839759,0.409618,-0.407168,0.007495,0.0,0.00184586,-0.065403,-1.0,-0.468228,1.0,0.092902,1562.3,9.2,47.5,426.5,100.0,1.0
275266,1723,164,4.587104,0.231353,-0.391317,0.002003,0.000235,0.00167567,-0.062137,-1.0,-0.418583,1.0,0.101391,1539.0,10.3,48.3,650.2,100.0,1.0
275418,1724,152,5.927691,0.614477,-0.380688,0.010813,0.0,0.00197881,-0.025984,-1.0,-0.078832,1.0,0.090502,2097.8,10.2,31.8,368.5,100.0,1.0
275579,1725,161,5.847669,0.2,0.657159,0.0,0.011086,0.00201859,-0.05391,-1.0,-0.323821,1.0,0.107637,1262.4,14.0,16.5,508.0,100.0,1.0
275735,1726,156,2.945209,0.319497,-0.415459,0.0,0.0,0.00162567,-0.117058,-1.0,-1.0,1.0,0.08529,1389.8,8.4,43.7,490.1,100.0,1.0
275896,1727,161,6.455249,0.232945,-0.346395,0.017243,0.0,0.00196385,-0.016952,-1.0,0.043809,1.0,0.106662,2277.5,10.3,57.8,466.0,100.0,1.0
276066,1728,170,6.94681,0.278538,-0.339409,0.0,0.00194,0.00170271,0.032552,-1.0,0.452797,1.0,0.063639,2144.2,7.6,17.2,730.1,100.0,1.0
276230,1729,164,6.696588,1.0,-0.310617,0.00763,0.0,0.00222368,-0.054288,-1.0,-0.244629,1.0,0.149128,2612.7,17.9,40.0,450.8,100.0,1.0
276388,1730,158,3.935061,0.409873,-0.328595,0.013724,0.0,0.001631,-0.075284,-1.0,-0.4957,1.0,0.128572,1991.2,16.3,24.7,920.3,100.0,1.0
276546,1731,158,4.550891,0.2,-0.337393,0.0,0.0,0.00167955,-0.054429,-1.0,-0.378015,1.0,0.083139,1945.3,10.1,20.2,731.1,100.0,1.0
276709,1732,163,0.643775,0.2,0.625237,0.0,0.0,0.00185706,-0.272853,-1.0,-1.0,0.560406,0.094977,753.3,12.1,17.5,652.1,100.0,1.0
276873,1733,164,5.136465,0.201916,-0.477853,0.018992,0.058726,0.00176835,-0.051953,-1.0,-0.376642,1.0,0.071443,1591.8,7.3,34.4,454.7,100.0,1.0
277037,1734,164,4.876356,0.2,-0.355422,0.004327,0.220181,0.00210246,-0.118818,-1.0,-1.0,1.0,0.094092,1226.3,6.4,82.6,484.5,100.0,1.0
277199,1735,162,4.614401,0.2,-0.286931,0.013173,2.1e-05,0.00185587,-0.086795,-1.0,-0.593619,1.0,0.137165,2093.9,13.2,74.8,565.8,100.0,1.0
277354,1736,155,4.092797,0.2,-0.537887,0.0,0.135686,0.0017011,-0.073991,-1.0,-0.626549,1.0,0.056682,1175.1,7.3,9.6,614.4,100.0,1.0
277514,1737,160,5.581686,0.2,-0.448268,0.016302,0.034328,0.00212927,-0.082032,-1.0,-0.654645,1.0,0.082839,1695.7,4.9,80.5,383.1,100.0,1.0
277677,1738,163,4.336422,0.386319,-0.302281,0.0,0.0,0.00170223,-0.076489,-1.0,-0.543488,1.0,0.110699,2140.3,14.1,20.5,672.6,100.0,1.0
277836,1739,159,3.919104,0.2,-0.404696,0.0,0.03994,0.0017551,-0.09745,-1.0,-0.810092,1.0,0.082206,1131.8,9.0,32.2,674.6,100.0,1.0
277991,1740,155,5.270129,0.433129,-0.333244,0.024619,2e-05,0.00157591,-7.4e-05,-1.0,0.505486,1.0,0.253113,3208.6,32.7,39.8,589.3,100.0,1.0
278154,1741,163,5.125712,1.0,-0.305441,0.022695,0.0,0.00219536,-0.120375,-1.0,-1.0,1.0,0.101875,1563.4,9.2,62.9,329.5,100.0,1.0
278313,1742,159,5.429489,0.856982,-0.381489,0.009694,0.0,0.00229583,-0.113508,-1.0,-0.993618,1.0,0.070729,1595.2,3.4,78.7,342.2,100.0,1.0
278472,1743,159,4.062864,0.2,-0.233684,0.013387,0.020598,0.00170639,-0.083064,-1.0,-0.617655,1.0,0.106491,2099.4,10.3,57.7,856.5,100.0,1.0
278635,1744,163,4.958519,0.2,-0.288049,0.002102,0.005115,0.00170246,-0.047777,-1.0,-0.232827,1.0,0.122471,2378.1,15.9,18.3,671.3,100.0,1.0
278800,1745,165,4.118133,0.2,-0.350002,0.0,0.004637,0.00181715,-0.109061,-1.0,-0.974573,1.0,0.058017,1400.1,4.2,48.2,543.1,100.0,1.0
278963,1746,163,4.406873,0.2,-0.48841,0.0,0.21826,0.00186694,-0.100175,-1.0,-0.812802,1.0,0.094477,1128.3,12.4,13.2,658.3,100.0,1.0
279131,1747,168,4.012097,0.2,-0.439141,0.006208,0.010994,0.00177649,-0.1126,-1.0,-1.0,1.0,0.062999,1214.7,4.0,58.4,555.0,100.0,1.0
279289,1748,158,4.727895,0.493751,-0.413712,0.010919,0.0,0.0021207,-0.116081,-1.0,-1.0,1.0,0.080403,1142.5,1.3,119.0,323.3,100.0,1.0
279450,1749,161,3.151141,0.2,-0.520057,0.0,0.042202,0.00153058,-0.100445,-1.0,-0.898596,1.0,0.052925,1084.4,5.6,22.7,622.1,100.0,1.0
279604,1750,154,3.71608,0.303646,-0.359995,0.0,1.1e-05,0.00189185,-0.119223,-1.0,-1.0,1.0,0.096113,1250.3,10.2,40.7,617.6,100.0,1.0
279769,1751,165,3.887927,0.352301,-0.433864,0.000972,0.0,0.00175116,-0.108873,-1.0,-1.0,1.0,0.044363,1093.8,2.9,40.6,708.0,100.0,1.0
279927,1752,158,3.40792,0.586344,-0.409912,0.0,0.0,0.00159019,-0.093419,-1.0,-0.688626,1.0,0.12278,1644.0,15.4,25.5,678.4,100.0,1.0
280086,1753,159,6.085031,1.0,-0.374456,0.016546,0.0,0.00235914,-0.093347,-1.0,-0.789811,1.0,0.071828,1545.7,5.2,59.3,304.6,100.0,1.0
280241,1754,155,3.467239,0.305191,-0.394949,0.004075,0.0,0.00165878,-0.096541,-1.0,-0.717794,1.0,0.12381,1770.4,16.0,20.1,652.7,100.0,1.0
280395,1755,154,4.621273,1.0,-0.436328,0.012721,0.0,0.00209711,-0.108984,-1.0,-1.0,1.0,0.044919,806.3,2.8,41.8,476.6,100.0,1.0
280562,1756,167,5.452997,0.2,-0.371241,0.0,0.01674,0.00171449,-0.033844,-1.0,-0.15051,1.0,0.093966,2192.6,10.3,36.7,727.2,100.0,1.0
280726,1757,164,4.821174,0.87125,-0.444587,0.020565,0.0,0.00203939,-0.111245,-1.0,-1.0,1.0,0.056224,1147.2,4.4,42.5,438.0,100.0,1.0
280883,1758,157,3.209562,0.2,-0.551697,0.001082,0.093223,0.00163864,-0.108658,-1.0,-1.0,1.0,0.043288,755.5,2.2,46.1,455.3,100.0,1.0
281048,1759,165,6.104999,0.321083,-0.363341,0.0,4.2e-05,0.00240409,-0.114053,-1.0,-1.0,1.0,0.070265,1353.3,2.4,89.7,341.0,100.0,1.0
281205,1760,157,3.560216,0.605116,-0.378972,0.0,0.0,0.00161635,-0.088887,-1.0,-0.476818,1.0,0.206027,2149.1,25.6,44.6,704.2,100.0,1.0
281369,1761,164,4.486256,0.712971,-0.445103,0.010237,6.1e-05,0.00195111,-0.112252,-1.0,-1.0,1.0,0.06126,1184.3,3.1,65.5,513.6,100.0,1.0
281521,1762,152,4.18728,0.2,-0.234097,0.00814,0.186466,0.00125187,0.00361,-1.0,0.368961,1.0,0.166432,2898.0,22.8,11.5,976.0,100.0,1.0
281686,1763,165,4.046754,0.261746,-0.475446,0.0,0.0,0.00180265,-0.110068,-1.0,-1.0,1.0,0.050341,983.3,2.4,55.9,389.5,100.0,1.0
281853,1764,167,4.886678,0.2,-0.509366,0.0,0.07219,0.00200627,-0.10881,-1.0,-1.0,1.0,0.044048,890.2,1.7,53.5,790.4,100.0,1.0
282007,1765,154,8.067494,0.819697,-0.359935,0.0,0.0,0.00231967,0.016302,-1.0,0.37318,1.0,0.105078,2130.6,11.3,43.2,346.8,100.0,1.0
282168,1766,161,4.475652,0.319073,-0.397081,0.0,1.2e-05,0.00150181,-0.034547,-1.0,0.017894,1.0,0.18168,2306.4,22.9,35.3,928.4,100.0,1.0
282328,1767,160,2.105636,0.2,0.619968,0.002145,0.03634,0.00197947,-0.219225,-1.0,-1.0,0.707681,0.084565,692.7,10.1,22.6,582.3,100.0,1.0
282485,1768,157,3.776469,0.525438,-0.426896,0.023939,0.0,0.00169892,-0.09187,-1.0,-0.769082,1.0,0.074809,1420.6,6.8,45.5,526.2,100.0,1.0
282645,1769,160,5.032092,0.281793,-0.384078,0.007759,0.0,0.0019026,-0.07144,-1.0,-0.608573,1.0,0.052912,1446.4,3.4,48.6,612.0,100.0,1.0
282811,1770,166,4.371578,0.534592,-0.48901,0.015329,0.0,0.00189818,-0.112694,-1.0,-1.0,1.0,0.063468,1170.0,5.6,40.3,418.3,100.0,1.0
282969,1771,158,4.289626,0.2,-0.47047,0.006187,2e-05,0.00195143,-0.109729,-1.0,-1.0,1.0,0.048643,1050.7,2.8,48.9,562.2,100.0,1.0
283131,1772,162,5.272699,0.2,-0.366413,0.0,0.037841,0.00147653,0.004923,-1.0,0.270352,1.0,0.11056,1934.2,14.4,16.1,959.3,100.0,1.0
283295,1773,164,3.850474,0.600277,-0.430176,0.017065,0.0,0.00176654,-0.11145,-1.0,-1.0,1.0,0.057251,1099.0,2.6,65.2,465.5,100.0,1.0
283457,1774,162,3.580029,0.366305,-0.355903,0.0,0.0,0.00135432,-0.053666,-1.0,-0.275064,1.0,0.130796,2229.3,17.1,18.3,674.8,100.0,1.0
283619,1775,162,7.049059,0.514907,-0.312728,0.007485,0.0,0.00201246,0.000251,-1.0,0.229642,1.0,0.113566,2629.1,10.1,72.0,394.5,100.0,1.0
283770,1776,151,5.077923,0.710899,-0.425504,0.010796,0.0,0.00234163,-0.118556,-1.0,-1.0,1.0,0.092781,1294.6,3.9,108.9,399.7,100.0,1.0
283932,1777,162,5.016461,0.2,-0.389402,0.012893,0.0,0.00188543,-0.073217,-1.0,-0.591924,1.0,0.070122,1469.2,5.3,55.4,604.0,100.0,1.0
284092,1778,160,4.352501,0.399431,-0.335139,0.002994,3.2e-05,0.001922,-0.106028,-1.0,-0.800595,1.0,0.129843,1527.4,13.7,56.7,370.1,100.0,1.0
284250,1779,158,5.447919,0.594526,-0.415635,0.019909,0.0,0.00219259,-0.094242,-1.0,-0.748,1.0,0.097211,1700.7,8.7,60.3,257.8,100.0,1.0
284409,1780,159,5.644135,0.754764,-0.147393,0.030389,0.0,0.00156439,0.012531,-1.0,0.573075,1.0,0.223884,3150.1,29.6,28.1,787.2,100.0,1.0
284572,1781,163,5.960028,0.2,-0.407962,0.0,0.041004,0.00228614,-0.096786,-1.0,-0.85062,1.0,0.058618,1729.3,4.8,41.3,467.2,100.0,1.0
284730,1782,158,6.360905,0.835998,-0.308873,0.025745,0.0,0.00204652,-0.028898,-1.0,-0.103258,1.0,0.092861,2444.1,8.3,58.3,445.0,100.0,1.0
284891,1783,161,3.276406,0.2,-0.435047,0.0,0.0,0.00159964,-0.105864,-1.0,-1.0,1.0,0.029321,1003.4,1.1,36.2,571.1,100.0,1.0
285046,1784,155,4.206739,0.2,-0.481213,0.0,0.137015,0.00197549,-0.11149,-1.0,-0.89482,1.0,0.110039,1246.0,7.3,97.9,568.0,100.0,1.0
285209,1785,163,5.612372,0.458149,-0.327023,0.0,0.0,0.00186842,-0.044773,-1.0,-0.19403,1.0,0.126851,2414.4,15.6,29.0,517.4,100.0,1.0
285369,1786,160,4.496944,0.533797,-0.398184,0.004973,0.0,0.00176474,-0.074224,-1.0,-0.600862,1.0,0.07069,1493.4,7.4,31.1,883.6,100.0,1.0
285533,1787,164,5.40099,0.291878,-0.350476,0.0,1e-06,0.00223177,-0.116063,-1.0,-1.0,1.0,0.080313,986.0,3.4,94.3,356.9,100.0,1.0
285702,1788,169,5.067369,0.209208,-0.399354,0.0,4.8e-05,0.0015652,-0.029972,-1.0,-0.142899,1.0,0.078411,1592.8,10.1,13.4,776.1,100.0,1.0
285864,1789,162,4.547552,0.902885,-0.417258,0.008447,0.0,0.00197623,-0.109683,-1.0,-0.949636,1.0,0.073599,1456.7,7.0,41.0,396.7,100.0,1.0
286027,1790,163,4.076742,0.2,-0.38822,0.001958,0.059763,0.00188897,-0.119244,-1.0,-1.0,1.0,0.096218,1293.7,8.1,66.1,599.7,100.0,1.0
286187,1791,160,3.918463,0.2,-0.331002,0.0,0.236289,0.00182592,-0.110816,-1.0,-0.880646,1.0,0.113757,1912.7,11.7,53.6,497.7,100.0,1.0
286349,1792,162,5.161138,0.2,-0.364775,0.0,0.0,0.00169621,-0.035973,-1.0,-0.193554,1.0,0.083089,2012.2,9.8,24.6,555.8,100.0,1.0
286509,1793,160,5.178279,0.262088,-0.333972,0.009068,1.2e-05,0.00189905,-0.06426,-1.0,-0.433461,1.0,0.104569,1794.4,7.6,85.2,467.3,100.0,1.0
286674,1794,165,4.639641,0.652224,-0.440807,0.014416,0.0,0.0019724,-0.110775,-1.0,-0.935033,1.0,0.086357,1471.5,6.0,73.8,440.1,100.0,1.0
286834,1795,160,4.652411,0.352188,-0.314011,0.012647,0.0,0.00174171,-0.063404,-1.0,-0.418949,1.0,0.107545,2386.4,12.4,34.9,489.0,100.0,1.0
286999,1796,165,5.710574,0.273999,-0.492842,0.008958,0.0,0.00211979,-0.085564,-1.0,-0.740449,1.0,0.057598,1395.1,3.4,55.9,346.1,100.0,1.0
287160,1797,161,5.130881,0.2,-0.308,0.015963,0.000241,0.00205818,-0.093977,-1.0,-0.673546,1.0,0.133113,1848.5,13.6,62.9,585.3,100.0,1.0
287320,1798,160,4.032575,0.2,-0.520958,0.0,0.082282,0.00164153,-0.076065,-1.0,-0.565154,1.0,0.097749,1426.9,11.8,25.1,561.1,100.0,1.0
287485,1799,165,4.764306,0.399895,-0.334353,0.009588,1.8e-05,0.00181387,-0.078872,-1.0,-0.527774,1.0,0.130471,2131.0,15.1,41.6,452.1,100.0,1.0
287645,1800,160,4.243225,0.2,-0.494876,0.0,0.035528,0.00186204,-0.101625,-1.0,-0.761185,1.0,0.127532,1682.4,15.8,28.2,706.0,100.0,1.0
287805,1801,160,3.297875,0.367001,-0.434063,0.0,0.0,0.00156049,-0.0971,-1.0,-0.678791,1.0,0.146105,1968.2,18.9,22.7,543.3,100.0,1.0
287962,1802,157,5.254873,0.2,-0.295435,0.013458,0.079922,0.00159798,-0.00781,-1.0,0.269612,1.0,0.173858,3309.6,22.2,31.3,603.9,100.0,1.0
288127,1803,165,5.065808,0.748936,0.6775,0.0,0.0,0.00211097,-0.114019,-1.0,-1.0,1.0,0.070094,611.2,4.6,63.0,368.4,100.0,1.0
288286,1804,159,4.872128,0.541367,-0.335521,0.009873,3e-06,0.00186562,-0.071291,-1.0,-0.403346,1.0,0.154784,2456.1,19.3,33.1,586.0,100.0,1.0
288441,1805,155,4.962615,0.2,-0.423987,0.003556,0.211833,0.00197904,-0.07725,-1.0,-0.560111,1.0,0.106193,1732.3,10.7,52.1,596.1,100.0,1.0
288603,1806,162,5.472303,0.982466,0.642006,0.0,0.0,0.00201472,-0.073324,-1.0,-0.558288,1.0,0.087478,1452.4,7.8,55.2,314.4,100.0,1.0
288760,1807,157,4.769635,0.439355,-0.431398,0.027118,0.0,0.00208406,-0.106648,-1.0,-0.838935,1.0,0.113772,1383.8,11.3,57.6,566.6,100.0,1.0
288913,1808,153,5.866459,0.357303,-0.322307,0.014086,1.8e-05,0.00184837,-0.011525,-1.0,0.152694,1.0,0.133971,2526.1,12.8,73.7,378.8,100.0,1.0
289073,1809,160,4.283804,0.2,-0.286626,0.005662,0.030091,0.00169856,-0.07368,-1.0,-0.501751,1.0,0.117524,2283.7,13.1,43.4,607.3,100.0,1.0
289233,1810,160,4.734208,0.438457,-0.369512,0.0,0.0,0.00202357,-0.104881,-1.0,-0.915442,1.0,0.066683,1478.5,4.8,54.6,518.3,100.0,1.0
289392,1811,159,3.096813,0.26314,-0.527988,0.0,0.006647,0.00155307,-0.103739,-1.0,-0.882253,1.0,0.077569,1207.3,8.2,33.1,515.6,100.0,1.0
289555,1812,163,7.091605,0.313317,-0.216673,0.015709,0.0,0.00169723,0.051206,-1.0,0.825524,1.0,0.156733,3626.0,20.1,26.9,637.4,100.0,1.0
289715,1813,160,5.237375,0.2,-0.369894,0.011332,0.02858,0.00169975,-0.029846,-1.0,-0.017937,1.0,0.140262,2602.9,16.0,47.5,601.7,100.0,1.0
289876,1814,161,4.742755,0.387645,-0.309852,0.006727,0.0,0.00185554,-0.079521,-1.0,-0.645589,1.0,0.074811,1697.6,6.6,47.3,696.6,100.0,1.0
290035,1815,159,3.340771,0.594243,-0.434102,0.012008,0.0,0.00164895,-0.107759,-1.0,-0.811699,1.0,0.132943,1522.8,10.7,96.9,387.8,100.0,1.0
290190,1816,155,5.096105,0.441967,-0.366197,0.017852,0.0,0.00223795,-0.111367,-1.0,-0.948489,1.0,0.08259,1556.7,5.5,73.1,415.1,100.0,1.0
290351,1817,161,6.490998,1.0,0.649331,0.018082,0.0,0.00236012,-0.079966,-1.0,-0.531216,1.0,0.134219,1675.0,15.5,42.6,342.8,100.0,1.0
290513,1818,162,6.239972,0.98801,-0.333936,0.019964,0.0,0.0022,-0.067971,-1.0,-0.555506,1.0,0.062104,2013.4,3.2,66.4,299.7,100.0,1.0
290676,1819,163,4.766167,0.2,-0.469273,0.01173,5e-06,0.00169311,-0.055648,-1.0,-0.322507,1.0,0.116987,1518.9,15.5,14.0,625.2,100.0,1.0
290841,1820,165,2.902943,0.2,-0.410856,0.0,0.059786,0.0015311,-0.118442,-1.0,-1.0,1.0,0.09221,1123.3,11.9,14.6,1173.8,100.0,1.0
290999,1821,158,4.496179,0.2,-0.419376,0.0,0.152873,0.00193023,-0.097185,-1.0,-0.856456,1.0,0.057695,1519.3,5.6,30.9,437.2,100.0,1.0
291155,1822,156,4.080499,0.283827,-0.346943,0.007698,8.6e-05,0.0017166,-0.079207,-1.0,-0.591337,1.0,0.100364,1867.6,10.1,48.9,792.6,100.0,1.0
291313,1823,158,6.434077,1.0,-0.348705,0.010082,0.0,0.0026191,-0.116498,-1.0,-1.0,1.0,0.082491,1222.5,3.1,101.2,178.6,100.0,1.0
291468,1824,155,5.734397,1.0,-0.49341,0.0,0.0,0.00222671,-0.080094,-1.0,-0.558679,1.0,0.121132,1714.6,12.0,62.3,325.7,100.0,1.0
291631,1825,163,4.757317,0.316479,-0.34232,0.009192,1.4e-05,0.00184744,-0.081242,-1.0,-0.628163,1.0,0.092129,2102.7,11.1,23.7,606.6,100.0,1.0
291796,1826,165,4.863145,0.570338,-0.314081,0.003306,0.0,0.00178161,-0.069199,-1.0,-0.459864,1.0,0.116064,2250.3,10.8,66.9,424.6,100.0,1.0
291961,1827,165,5.396218,0.378193,-0.374652,0.003841,0.0,0.0018288,-0.05237,-1.0,-0.220843,1.0,0.151428,2258.6,18.0,42.4,543.4,100.0,1.0
292120,1828,159,4.926166,0.2,-0.386609,0.0,0.085303,0.00183726,-0.064474,-1.0,-0.430274,1.0,0.107233,1851.5,13.4,22.8,619.6,100.0,1.0
292283,1829,163,3.893046,0.324202,-0.300566,0.00636,4.6e-05,0.00147876,-0.061133,-1.0,-0.287873,1.0,0.161729,2364.3,20.9,26.0,697.6,100.0,1.0
292442,1830,159,6.40579,0.958621,-0.351857,0.007113,0.0,0.00243616,-0.091384,-1.0,-0.750484,1.0,0.081676,1591.0,5.6,71.2,254.9,100.0,1.0
292610,1831,168,5.591042,0.2,-0.279773,0.011022,9.1e-05,0.00165076,-0.018964,-1.0,0.183708,1.0,0.186673,3029.5,24.3,27.9,635.5,100.0,1.0
292768,1832,158,5.691305,0.2,-0.163398,0.002849,0.009523,0.00154163,0.019387,-1.0,0.577784,1.0,0.191955,3737.0,24.0,39.7,846.7,100.0,1.0
292924,1833,156,4.852102,0.2,-0.48709,0.002243,0.044566,0.00215428,-0.111908,-1.0,-0.984893,1.0,0.067093,1206.5,3.1,75.6,347.2,100.0,1.0
293086,1834,162,4.609314,0.538742,-0.41051,0.020031,0.0,0.0020235,-0.114852,-1.0,-1.0,1.0,0.074258,1323.1,3.1,87.7,421.5,100.0,1.0
293245,1835,159,5.616137,0.517037,-0.402845,0.005716,0.0,0.0019281,-0.047071,-1.0,-0.237215,1.0,0.116749,2014.4,13.5,37.4,320.1,100.0,1.0
293403,1836,158,5.158629,0.2,-0.451943,0.004568,0.311131,0.00217071,-0.104629,-1.0,-0.808551,1.0,0.118868,1454.5,10.2,79.3,488.2,100.0,1.0
293569,1837,166,5.81508,0.351308,-0.27924,0.0,0.0,0.00156191,0.009406,-1.0,0.393786,1.0,0.149862,3349.1,19.6,20.9,684.9,100.0,1.0
293724,1838,155,4.494369,0.2,-0.271022,0.00491,0.024462,0.00169653,-0.055323,-1.0,-0.146033,1.0,0.203598,2551.0,27.2,22.1,786.9,100.0,1.0
293886,1839,162,5.620412,0.2,-0.367068,0.0,0.000546,0.00231231,-0.114977,-1.0,-0.991077,1.0,0.079345,1676.3,3.8,87.5,342.4,100.0,1.0
294049,1840,163,3.852496,0.433434,-0.431378,0.0,2e-06,0.00153684,-0.072521,-1.0,-0.634853,1.0,0.045177,1370.0,3.9,29.6,416.0,100.0,1.0
294210,1841,161,5.669426,0.202385,-0.320111,0.017866,0.000106,0.00160049,0.004199,-1.0,0.369362,1.0,0.163684,3005.6,19.7,42.7,668.0,100.0,1.0
294366,1842,156,5.040679,0.946989,-0.259536,0.005945,0.0,0.00214734,-0.102175,-1.0,-0.755222,1.0,0.133264,1909.4,12.5,75.7,491.4,100.0,1.0
294527,1843,161,4.353501,0.2,-0.48322,0.013718,0.024092,0.00193673,-0.110751,-1.0,-1.0,1.0,0.053754,840.0,4.1,42.3,582.4,100.0,1.0
294691,1844,164,5.74448,0.540852,-0.417411,0.0,0.0,0.00190835,-0.047669,-1.0,-0.273678,1.0,0.101505,1865.2,12.7,21.1,489.5,100.0,1.0
294847,1845,156,4.27013,0.2,-0.410387,0.005321,0.063533,0.00176531,-0.078181,-1.0,-0.551516,1.0,0.115147,1926.2,13.2,38.5,629.4,100.0,1.0
295012,1846,165,5.802312,0.2,-0.371781,0.0,0.000282,0.00161484,0.001499,-1.0,0.188667,1.0,0.08684,2094.9,10.6,21.2,547.2,100.0,1.0
295173,1847,161,4.689712,0.2,-0.390517,0.019603,0.263328,0.0020719,-0.117034,-1.0,-1.0,1.0,0.085172,1398.1,7.2,57.6,481.0,100.0,1.0
295337,1848,164,4.334441,0.2,-0.367799,0.000189,0.058563,0.00190207,-0.111807,-1.0,-1.0,1.0,0.059036,1362.1,5.5,34.3,638.6,100.0,1.0
295506,1849,169,4.399579,0.2,-0.460153,0.012549,0.032148,0.00178908,-0.099221,-1.0,-0.886907,1.0,0.052649,1334.9,3.0,52.8,435.2,100.0,1.0
295669,1850,163,6.451392,0.337965,-0.375848,0.012529,2e-06,0.00161754,0.034186,-1.0,0.448028,1.0,0.053084,2365.4,4.2,39.9,369.6,100.0,1.0
295824,1851,155,3.607212,0.2,-0.386813,0.0,0.0,0.00169042,-0.095487,-1.0,-0.740678,1.0,0.107096,1429.1,11.2,47.8,609.8,100.0,1.0
295986,1852,162,5.010664,0.427983,-0.406958,0.007311,2e-06,0.00182947,-0.065094,-1.0,-0.429481,1.0,0.110729,1649.8,13.8,23.8,606.0,100.0,1.0
296145,1853,159,5.055724,0.2,-0.453962,0.0,0.009754,0.00205018,-0.092635,-1.0,-0.815139,1.0,0.055607,1341.0,4.6,38.5,402.9,100.0,1.0
296307,1854,162,5.890275,0.365997,-0.32474,0.006692,1.1e-05,0.00155158,0.020516,-1.0,0.388717,1.0,0.091778,2438.7,11.2,22.7,737.7,100.0,1.0
296461,1855,154,4.381942,0.2,-0.310546,0.002329,0.116328,0.00146879,-0.023956,-1.0,0.141432,1.0,0.190498,2848.5,24.3,34.5,743.4,100.0,1.0
296619,1856,158,7.15866,0.399895,-0.124973,0.0,1.5e-05,0.00193842,0.024071,-1.0,0.591012,1.0,0.175152,3107.0,21.5,40.6,529.5,100.0,1.0
296777,1857,158,3.759908,0.374958,-0.374788,0.005129,0.0,0.00182419,-0.114717,-1.0,-1.0,1.0,0.073587,906.3,6.8,42.9,526.5,100.0,1.0
296939,1858,162,4.663638,0.327675,-0.319653,0.007269,1.9e-05,0.0019325,-0.097876,-1.0,-0.733056,1.0,0.122851,1970.4,12.3,61.2,588.6,100.0,1.0
297100,1859,161,4.827669,0.336998,-0.363628,0.0,0.0,0.00190385,-0.083751,-1.0,-0.739279,1.0,0.049115,1364.4,3.7,38.6,693.8,100.0,1.0
297258,1860,158,5.092795,0.2,-0.43807,0.026092,0.0,0.00189444,-0.064313,-1.0,-0.483837,1.0,0.079646,1631.9,8.1,38.2,585.7,100.0,1.0
297411,1861,153,3.395835,0.324757,-0.421052,0.016375,0.0,0.00176592,-0.113479,-1.0,-1.0,1.0,0.067395,1073.5,7.8,21.0,559.7,100.0,1.0
297564,1862,153,5.701648,0.238128,-0.275566,0.025383,0.0,0.00180219,-0.012648,-1.0,0.176271,1.0,0.151375,2497.2,17.4,49.2,552.8,100.0,1.0
297721,1863,157,5.075744,0.543172,-0.407577,0.01726,0.0,0.00221189,-0.113084,-1.0,-1.0,1.0,0.065421,1277.8,2.8,76.7,266.1,100.0,1.0
297878,1864,157,5.062728,0.786751,-0.418216,0.002826,0.0,0.00191206,-0.066568,-1.0,-0.302586,1.0,0.181549,2477.1,22.4,40.8,415.0,100.0,1.0
298035,1865,157,6.755923,0.2,-0.135371,0.002783,7e-06,0.00166266,0.050691,-1.0,0.759671,1.0,0.126378,3149.3,16.1,23.3,704.9,100.0,1.0
298193,1866,158,4.130832,0.2,-0.408952,0.008286,0.037955,0.00192711,-0.113894,-1.0,-1.0,1.0,0.06947,1127.2,3.7,73.0,631.1,100.0,1.0
298358,1867,165,5.791263,0.25237,-0.314198,0.0,0.007188,0.00142214,0.032533,-1.0,0.673572,1.0,0.174121,3374.8,23.3,18.6,909.7,100.0,1.0
298522,1868,164,3.76648,0.2,-0.473652,0.0,0.0,0.00172284,-0.108791,-1.0,-1.0,1.0,0.043957,688.8,4.3,22.7,601.1,100.0,1.0
298685,1869,163,6.018169,0.386025,-0.44753,0.007391,0.0,0.00198995,-0.046754,-1.0,-0.334183,1.0,0.066678,1567.9,6.4,36.9,302.5,100.0,1.0
298842,1870,157,7.02406,0.344844,-0.303276,0.0,9.7e-05,0.00184689,0.034043,-1.0,0.65433,1.0,0.15695,3210.1,20.4,23.0,433.8,100.0,1.0
299000,1871,158,4.776311,0.233998,-0.260117,0.012869,1.5e-05,0.00139058,0.000603,-1.0,0.380531,1.0,0.187253,3216.8,22.3,51.8,882.9,100.0,1.0
299153,1872,153,5.040124,0.2,-0.410401,0.001049,0.0,0.00228202,-0.116697,-1.0,-1.0,1.0,0.083484,1403.9,4.7,84.5,340.2,100.0,1.0
299316,1873,163,5.425894,0.2,-0.288304,0.002855,0.019464,0.00169101,-0.025355,-1.0,0.053872,1.0,0.153712,2863.5,19.1,32.9,700.5,100.0,1.0
299475,1874,159,5.416649,0.2,-0.355883,0.033878,0.024539,0.00189498,-0.051479,-1.0,-0.244829,1.0,0.134979,2367.7,13.5,68.0,517.8,100.0,1.0
299633,1875,158,6.070593,0.617549,-0.419851,0.024461,0.0,0.00241352,-0.101376,-1.0,-0.794832,1.0,0.109463,1763.3,11.1,53.3,379.3,100.0,1.0
299792,1876,159,7.153313,0.521424,-0.339874,0.019919,2.4e-05,0.00239039,-0.050142,-1.0,-0.381993,1.0,0.059713,2182.2,3.0,65.0,353.5,100.0,1.0
299954,1877,162,3.851528,0.289064,0.663426,0.0,0.00226,0.00179906,-0.113756,-1.0,-1.0,1.0,0.068778,995.7,8.7,13.1,586.1,100.0,1.0
300110,1878,156,4.218006,0.2,-0.39107,0.025804,0.163884,0.00197745,-0.113895,-1.0,-1.0,1.0,0.069477,1363.1,4.1,68.2,493.7,100.0,1.0
300269,1879,159,4.440841,0.2,-0.341589,0.004608,0.0,0.00151471,-0.035957,-1.0,-0.103672,1.0,0.12795,2313.9,13.0,61.6,562.4,100.0,1.0
300432,1880,163,4.793829,0.2,-0.429151,0.0,0.146302,0.00181615,-0.074888,-1.0,-0.670785,1.0,0.039047,1396.7,3.9,19.0,558.7,100.0,1.0
300589,1881,157,3.552244,0.346196,-0.511492,0.0,3e-06,0.00174864,-0.110676,-1.0,-0.998763,1.0,0.053998,1084.7,5.9,21.4,521.5,100.0,1.0
300745,1882,156,4.393587,0.698754,-0.500108,0.017469,0.0,0.00193554,-0.099285,-1.0,-0.816766,1.0,0.08804,1218.9,8.0,53.1,638.2,100.0,1.0
300905,1883,160,5.041816,0.609839,-0.364374,0.004193,0.0,0.00157498,-0.019439,-1.0,0.086892,1.0,0.140639,2352.7,18.7,15.7,621.2,100.0,1.0
301068,1884,163,4.035986,0.339875,-0.325779,0.002204,0.0,0.00168705,-0.088844,-1.0,-0.72754,1.0,0.080452,1722.7,10.2,15.0,683.7,100.0,1.0
301232,1885,164,4.583796,0.51182,-0.386911,0.026599,0.0,0.00201021,-0.118283,-1.0,-1.0,1.0,0.091417,1090.0,7.4,65.5,475.3,100.0,1.0
301390,1886,158,5.590359,0.661135,-0.351544,0.0,0.0,0.00168008,-0.00764,-1.0,0.102626,1.0,0.089511,2041.4,10.2,29.8,375.4,100.0,1.0
301544,1887,154,6.087132,1.0,-0.365916,0.013447,0.0,0.00245836,-0.097903,-1.0,-0.759401,1.0,0.109813,1582.5,8.8,80.0,385.5,100.0,1.0
301706,1888,162,6.011953,0.2,-0.324835,0.002195,0.05178,0.00174112,-0.00481,-1.0,0.086957,1.0,0.067529,2276.7,5.5,48.7,572.2,100.0,1.0
301871,1889,165,5.770246,0.228874,-0.172395,0.010831,0.010654,0.00143635,0.02909,-1.0,0.685643,1.0,0.19737,3541.4,26.0,25.1,1111.3,100.0,1.0
302033,1890,162,4.634056,0.2,-0.421894,0.020952,1e-06,0.00164414,-0.052671,-1.0,-0.331214,1.0,0.09775,1743.6,8.0,69.4,534.6,100.0,1.0
302191,1891,158,6.484293,0.529913,-0.393871,0.015027,0.0,0.00194201,-0.007871,-1.0,0.064309,1.0,0.071512,1965.3,6.1,47.5,294.1,100.0,1.0
302347,1892,156,4.553903,0.645464,-0.485746,0.018807,5e-05,0.00206431,-0.112076,-1.0,-1.0,1.0,0.06038,961.9,4.3,50.7,396.3,100.0,1.0
302512,1893,165,4.771746,0.347796,-0.350831,0.00653,1e-06,0.00179937,-0.076889,-1.0,-0.633961,1.0,0.067464,1912.1,7.4,25.6,537.0,100.0,1.0
302673,1894,161,4.033774,0.600386,-0.350504,0.015792,0.0,0.00142117,-0.042832,-1.0,-0.051661,1.0,0.188328,2475.9,24.7,25.3,668.7,100.0,1.0
302833,1895,160,5.594528,0.384111,-0.249041,0.024268,2e-05,0.0015437,0.010907,-1.0,0.468758,1.0,0.179842,3075.3,22.8,34.1,825.2,100.0,1.0
302990,1896,157,3.591933,0.499732,-0.490367,0.0,2e-06,0.00180081,-0.117153,-1.0,-0.973845,1.0,0.098844,1287.6,12.3,21.7,692.5,100.0,1.0
303149,1897,159,4.968413,0.2,-0.354195,0.008115,0.009952,0.00214691,-0.11236,-1.0,-1.0,1.0,0.061801,1680.6,3.2,65.6,409.5,100.0,1.0
303318,1898,169,5.744055,1.0,-0.377882,0.005595,0.0,0.00211844,-0.093245,-1.0,-0.680842,1.0,0.125805,1712.3,11.8,72.1,410.6,100.0,1.0
303476,1899,158,7.234884,0.2,-0.304026,0.017514,0.009005,0.0016475,0.073178,-0.95567,0.861034,1.0,0.142206,3978.9,16.7,42.7,444.2,100.0,1.0
303632,1900,156,7.990217,1.0,-0.312048,0.010073,0.0,0.00203898,0.05019,-1.0,0.791862,1.0,0.144982,2605.7,15.5,60.7,274.1,100.0,1.0
303793,1901,161,4.883362,0.212036,-0.411883,0.00828,8e-06,0.00196337,-0.091035,-1.0,-0.753006,1.0,0.078674,1157.0,5.4,67.7,350.0,100.0,1.0
303956,1902,163,4.209157,0.231051,0.684486,0.009947,0.0,0.00182044,-0.102731,-1.0,-0.839509,1.0,0.0939,1170.6,8.0,62.9,367.4,100.0,1.0
304112,1903,156,7.455273,0.21096,-0.392821,0.004938,0.037905,0.00166715,0.083508,-1.0,0.977662,1.0,0.07129,2028.7,7.1,36.4,514.7,100.0,1.0
304265,1904,153,3.733564,0.2,-0.472295,0.0,0.750151,0.00188085,-0.115714,-1.0,-1.0,1.0,0.078568,570.8,5.8,63.7,768.0,100.0,1.0
304425,1905,160,5.090181,1.0,-0.388283,0.025174,0.0,0.00186594,-0.063991,-1.0,-0.319336,1.0,0.160289,2369.7,19.2,43.5,554.5,100.0,1.0
304588,1906,163,7.05519,0.2,-0.330842,0.0,0.085924,0.00153866,0.074271,-1.0,1.0,1.0,0.128646,3173.8,16.7,19.7,767.2,100.0,1.0
304750,1907,162,6.925058,0.2,-0.349733,0.0,0.03589,0.00178213,0.030348,-1.0,0.507501,1.0,0.102012,2822.8,11.7,34.0,490.8,100.0,1.0
304910,1908,160,3.102275,0.395908,-0.449906,0.0,0.0,0.00163743,-0.119054,-1.0,-1.0,1.0,0.09527,1032.7,12.1,18.0,603.8,100.0,1.0
305065,1909,155,5.881576,0.2,-0.295233,0.0,0.027553,0.00171626,0.004929,-1.0,0.294762,1.0,0.122738,2714.0,15.0,30.0,651.5,100.0,1.0
305224,1910,159,5.760896,0.2,-0.359169,0.008054,0.051189,0.00176099,-0.014633,-1.0,0.087791,1.0,0.117062,2552.8,12.9,44.7,526.5,100.0,1.0
305387,1911,163,4.196969,0.691643,-0.393599,0.006416,0.0,0.00183175,-0.10526,-1.0,-0.825864,1.0,0.11337,1972.7,10.1,71.5,378.8,100.0,1.0
305546,1912,159,6.433139,1.0,0.679477,0.021139,0.0,0.00252773,-0.105628,-1.0,-0.901728,1.0,0.077275,1062.7,5.4,65.8,206.9,100.0,1.0
305706,1913,160,5.822091,0.266374,-0.305838,0.009562,0.0,0.00166136,0.002364,-1.0,0.322058,1.0,0.14921,2336.6,20.2,12.6,721.2,100.0,1.0
305866,1914,160,4.863018,0.998958,-0.417989,0.0,0.0,0.00210614,-0.112999,-1.0,-1.0,1.0,0.064995,1189.9,4.8,52.9,513.9,100.0,1.0
306026,1915,160,4.182446,0.374433,-0.416857,0.0256,8e-06,0.00194429,-0.118459,-1.0,-1.0,1.0,0.092296,969.7,7.1,70.9,443.1,100.0,1.0
306180,1916,154,4.663088,0.458236,-0.394069,0.014696,4e-06,0.00196578,-0.087974,-1.0,-0.727058,1.0,0.076341,1778.2,4.8,71.5,347.8,100.0,1.0
306346,1917,166,4.204731,0.532792,-0.396951,0.0,0.0,0.00157773,-0.068255,-1.0,-0.427092,1.0,0.127727,2036.5,17.0,14.4,655.8,100.0,1.0
306505,1918,159,4.825241,0.2,-0.419826,0.013383,0.049797,0.00182386,-0.067801,-1.0,-0.490761,1.0,0.093622,1543.8,8.9,52.8,598.8,100.0,1.0
306660,1919,155,4.604927,0.2,-0.477853,0.0,0.210442,0.00196864,-0.093096,-1.0,-0.656941,1.0,0.13701,1635.9,15.6,46.6,596.1,100.0,1.0
306817,1920,157,5.951481,0.605197,-0.274032,0.003634,0.0,0.00158665,0.024929,-1.0,0.540435,1.0,0.145571,3376.1,17.8,35.0,575.7,100.0,1.0
306970,1921,153,7.006847,0.2,-0.308549,0.0,0.0,0.00166394,0.068006,-1.0,1.0,1.0,0.15997,3432.6,18.3,52.8,536.3,100.0,1.0
307130,1922,160,8.10389,0.2,-0.37743,0.0,0.052004,0.00185193,0.076759,-1.0,0.982115,1.0,0.107262,2271.2,12.5,33.0,543.5,100.0,1.0
307288,1923,158,3.732541,0.2,-0.485437,0.0,0.000582,0.0018092,-0.114021,-1.0,-1.0,1.0,0.070103,1133.0,5.5,52.5,594.9,100.0,1.0
307441,1924,153,5.136296,1.0,-0.443362,0.00486,0.0,0.00227756,-0.112022,-1.0,-1.0,1.0,0.060111,1177.7,2.5,70.5,245.3,100.0,1.0
307600,1925,159,8.162818,0.349882,-0.261747,0.00059,1.2e-05,0.00220636,0.024995,-1.0,0.442485,1.0,0.096269,3142.3,7.3,75.4,413.0,100.0,1.0
307762,1926,162,4.847677,0.2,-0.420299,0.0,0.0,0.00206902,-0.111982,-1.0,-1.0,1.0,0.05991,1388.2,6.2,27.4,527.3,100.0,1.0
307921,1927,159,4.889081,0.418335,-0.362877,0.0007,1e-06,0.00174345,-0.052083,-1.0,-0.356422,1.0,0.082206,1474.3,10.3,17.4,678.1,100.0,1.0
308079,1928,158,8.599035,0.606638,-0.376014,0.027189,2e-05,0.00212418,0.0603,-1.0,0.856556,1.0,0.126779,2581.7,13.0,60.2,353.6,100.0,1.0
308239,1929,160,5.144751,1.0,-0.433082,0.016262,0.0,0.00205813,-0.092421,-1.0,-0.723773,1.0,0.10022,1456.1,8.7,65.2,746.2,100.0,1.0
308397,1930,158,6.062693,0.483084,-0.271489,0.011223,2e-06,0.00150296,0.041675,-1.0,0.759212,1.0,0.171232,3148.4,23.1,15.8,841.7,100.0,1.0
308555,1931,158,5.652964,1.0,-0.412598,0.012815,0.0,0.00225461,-0.09599,-1.0,-0.751493,1.0,0.104204,1710.7,9.6,61.3,322.6,100.0,1.0
308717,1932,162,6.54652,0.412139,-0.165197,0.012764,2.2e-05,0.00150478,0.057602,-0.957129,0.87276,1.0,0.223393,3973.3,29.1,32.5,680.1,100.0,1.0
308878,1933,161,4.385745,0.409644,-0.340024,0.001914,0.0,0.001623,-0.059415,-1.0,-0.442816,1.0,0.075665,1667.2,7.7,36.5,697.7,100.0,1.0
309037,1934,159,4.265674,0.2,-0.414387,0.008647,0.002164,0.00197235,-0.117264,-1.0,-1.0,1.0,0.086319,1196.3,7.6,55.1,501.7,100.0,1.0
309191,1935,154,5.941819,1.0,-0.342708,0.008331,0.0,0.00223415,-0.070582,-1.0,-0.503941,1.0,0.10094,2036.5,10.9,41.6,343.9,100.0,1.0
309356,1936,165,3.795754,0.376349,-0.504402,0.00234,0.0,0.00174668,-0.113488,-1.0,-1.0,1.0,0.067442,1040.6,8.1,18.0,390.5,100.0,1.0
309519,1937,163,4.50973,0.560225,-0.473921,0.013796,0.0,0.00181257,-0.087896,-1.0,-0.629057,1.0,0.124953,1589.9,15.1,31.5,555.5,100.0,1.0
309674,1938,155,7.329261,0.278574,-0.337031,0.009491,1.5e-05,0.00166603,0.079064,-1.0,1.0,1.0,0.104679,2568.5,11.4,41.6,539.9,100.0,1.0
309836,1939,162,4.789743,0.2,-0.332069,0.015228,0.06862,0.00177014,-0.066346,-1.0,-0.450507,1.0,0.106474,2135.8,12.2,35.0,868.2,100.0,1.0
309992,1940,156,4.310779,0.2,-0.423443,0.001486,0.172877,0.0020098,-0.11517,-1.0,-1.0,1.0,0.075848,1188.1,5.1,66.9,591.8,100.0,1.0
310143,1941,151,4.780312,0.2,-0.241892,0.000893,0.64175,0.00166694,-0.031732,-1.0,-0.094535,1.0,0.111395,2629.2,14.5,16.9,858.0,100.0,1.0
310195,1942,52,-7.645344,0.316707,0.633509,0.000402,7e-06,0.0021292,-0.800356,-1.0,-1.0,-1.0,0.001778,0.0,0.2,1.1,349.4,100.0,1.0
310353,1943,158,5.708207,0.284179,-0.341923,0.0,0.0,0.00192737,-0.041742,-1.0,-0.27538,1.0,0.071021,1666.8,7.8,27.8,465.6,100.0,1.0
310507,1944,154,5.19789,0.2,-0.390556,0.0,0.11475,0.00167617,-0.018843,-1.0,-0.066441,1.0,0.060997,1698.5,6.1,30.1,665.4,100.0,1.0
310662,1945,155,4.587383,0.291189,-0.525596,0.0,0.0,0.00200899,-0.100232,-1.0,-0.943027,1.0,0.029646,916.6,2.6,19.2,411.5,100.0,1.0
310813,1946,151,4.604885,0.2,-0.378714,0.0,1.9e-05,0.00213551,-0.110495,-1.0,-1.0,1.0,0.052476,1368.4,1.3,72.4,356.3,100.0,1.0
310970,1947,157,4.966117,0.605995,-0.306663,0.005047,0.0,0.00171532,-0.040689,-1.0,-0.013183,1.0,0.196853,2785.6,24.1,47.4,781.9,100.0,1.0
311130,1948,160,6.087014,0.581904,-0.319419,0.021568,0.0,0.00232877,-0.092422,-1.0,-0.693798,1.0,0.115211,2091.1,8.2,96.2,414.9,100.0,1.0
311294,1949,164,5.525724,0.2,-0.287028,0.011471,0.033217,0.00204194,-0.080499,-1.0,-0.567817,1.0,0.118586,1997.8,10.3,77.8,755.4,100.0,1.0
311457,1950,163,4.567141,0.2,-0.471865,0.0,0.0,0.00177727,-0.079432,-1.0,-0.652378,1.0,0.070972,1498.5,6.0,47.9,344.8,100.0,1.0
311618,1951,161,5.270175,0.2,-0.321231,0.0,0.006392,0.00154737,-0.00652,-1.0,0.29727,1.0,0.181237,2142.0,23.0,34.1,674.7,100.0,1.0
311783,1952,165,5.027088,0.361395,-0.225876,0.031014,2.6e-05,0.00159511,-0.031803,-1.0,0.016718,1.0,0.167373,2683.0,21.1,33.2,741.0,100.0,1.0
311942,1953,159,5.018727,0.285464,-0.331305,0.0,0.010037,0.00192308,-0.074796,-1.0,-0.567165,1.0,0.090399,2214.9,11.2,20.3,534.3,100.0,1.0
312096,1954,154,1.547949,0.486042,-0.4562,0.004985,0.0,0.00170461,-0.191259,-1.0,-0.979212,0.806214,0.127561,1108.5,15.3,33.6,732.0,100.0,1.0
312250,1955,154,5.704607,0.698862,-0.294513,0.008533,0.0,0.00152099,0.028276,-1.0,0.631824,1.0,0.17453,3212.1,21.6,38.7,785.4,100.0,1.0
312410,1956,160,5.094294,0.65829,-0.318689,0.002978,0.0,0.00158217,-0.018743,-1.0,0.068557,1.0,0.127994,2597.7,15.2,36.6,566.9,100.0,1.0
312572,1957,162,4.530901,1.0,-0.442367,0.012015,0.0,0.00202098,-0.118942,-1.0,-1.0,1.0,0.09471,1228.1,8.7,56.7,428.8,100.0,1.0
312735,1958,163,6.367671,1.0,-0.386163,0.0,0.0,0.00215524,-0.05835,-1.0,-0.353398,1.0,0.115052,1956.8,12.0,51.7,361.4,100.0,1.0
312893,1959,158,4.926694,0.792085,-0.410783,0.005711,0.0,0.00199127,-0.087959,-1.0,-0.73658,1.0,0.071506,1502.9,7.6,30.4,430.7,100.0,1.0
313059,1960,166,3.381756,0.414745,-0.386418,0.007332,0.0,0.00145876,-0.086564,-1.0,-0.732625,1.0,0.06651,1328.9,6.8,31.8,886.8,100.0,1.0
313215,1961,156,6.26776,0.843551,-0.314518,0.032405,0.0,0.0018524,-0.00064,-1.0,0.260188,1.0,0.133293,2645.1,13.2,68.2,478.6,100.0,1.0
313377,1962,162,5.533424,0.2,-0.318344,0.000412,0.095643,0.00189095,-0.051791,-1.0,-0.297693,1.0,0.110108,2207.7,10.8,57.8,737.4,100.0,1.0
313534,1963,157,3.610512,0.2,-0.436357,0.014909,0.0,0.0015788,-0.081775,-1.0,-0.681859,1.0,0.067944,1427.0,6.0,42.7,720.0,100.0,1.0
313697,1964,163,4.494164,0.2,-0.37966,0.0,0.062307,0.00164523,-0.061449,-1.0,-0.414463,1.0,0.100011,1935.9,11.5,33.1,619.9,100.0,1.0
313859,1965,162,4.456909,0.86468,-0.383746,0.016162,0.0,0.00200137,-0.119235,-1.0,-0.99411,1.0,0.099121,1446.0,8.6,65.2,469.3,100.0,1.0
314016,1966,157,5.485147,0.521943,-0.396242,0.00277,5.4e-05,0.0019156,-0.048493,-1.0,-0.15425,1.0,0.165337,2219.9,20.7,34.2,641.1,100.0,1.0
314179,1967,163,6.643097,0.2,-0.31453,0.0,0.010792,0.00173383,0.02287,-1.0,0.58085,1.0,0.176074,3115.9,23.2,22.5,725.0,100.0,1.0
314341,1968,162,7.091362,0.515319,-0.2848,0.0,0.0,0.00164568,0.059474,-1.0,1.0,1.0,0.202632,3496.9,27.0,23.2,549.2,100.0,1.0
314506,1969,165,6.344219,0.2,-0.157162,0.024919,0.02514,0.00163906,0.021255,-1.0,0.574975,1.0,0.181212,3303.3,23.0,33.6,766.1,100.0,1.0
314673,1970,167,6.752448,0.39513,-0.300044,0.016858,0.0,0.00170168,0.026264,-1.0,0.552344,1.0,0.14485,2810.2,17.6,35.9,768.5,100.0,1.0
314828,1971,155,4.704351,0.448303,-0.328243,0.010214,0.0,0.00174254,-0.053819,-1.0,-0.169867,1.0,0.184161,2569.0,23.7,30.0,622.3,100.0,1.0
314988,1972,160,5.886905,0.254866,-0.337986,0.005382,0.0,0.00189622,-0.03278,-1.0,-0.081793,1.0,0.123004,2553.6,11.9,66.1,380.7,100.0,1.0
315145,1973,157,3.914929,0.2,-0.464083,0.0,0.016727,0.00164651,-0.078532,-1.0,-0.59496,1.0,0.095181,1254.5,11.7,22.4,639.0,100.0,1.0
315303,1974,158,3.14463,0.2,-0.402503,0.006051,0.03463,0.00152009,-0.095617,-1.0,-0.761727,1.0,0.09722,1371.5,10.6,38.2,770.4,100.0,1.0
315463,1975,160,4.830319,0.481198,-0.383849,0.022741,0.0,0.0021031,-0.114488,-1.0,-0.973777,1.0,0.085553,1745.5,5.5,78.8,315.1,100.0,1.0
315622,1976,159,5.019365,0.425202,-0.395466,0.002593,0.0,0.00161872,-0.026656,-1.0,-0.092025,1.0,0.087265,1775.9,8.4,47.0,456.9,100.0,1.0
315787,1977,165,6.326359,0.294668,-0.249763,0.017451,1.6e-05,0.00169406,0.011249,-1.0,0.515881,1.0,0.201696,3530.6,24.9,45.6,604.9,100.0,1.0
315948,1978,161,5.121985,0.2,-0.33363,0.02549,0.000229,0.0016999,-0.038287,-1.0,-0.058394,1.0,0.162239,2739.4,18.8,51.5,546.9,100.0,1.0
316105,1979,157,7.695083,0.341501,-0.340753,0.015647,0.0,0.00188582,0.057533,-1.0,0.952196,1.0,0.188435,3541.9,23.5,40.2,495.1,100.0,1.0
316265,1980,160,6.217853,0.2,-0.301374,0.0,0.117335,0.00198492,-0.031878,-1.0,-0.127323,1.0,0.095726,2485.8,12.4,15.4,690.9,100.0,1.0
316423,1981,158,4.872083,0.2,-0.462079,0.021145,0.0,0.00173187,-0.049748,-1.0,-0.261054,1.0,0.118215,1737.6,12.7,48.9,578.5,100.0,1.0
316582,1982,159,5.889114,0.851529,-0.372911,0.022905,0.0,0.00212434,-0.067166,-1.0,-0.442324,1.0,0.114669,1807.8,9.9,75.7,358.3,100.0,1.0
316738,1983,156,5.47769,0.224373,-0.131335,0.015188,0.009003,0.00163933,-0.00403,-1.0,0.321595,1.0,0.180947,3606.4,22.4,40.0,665.1,100.0,1.0
316894,1984,156,6.35286,0.334483,-0.211863,0.005481,7.2e-05,0.00173986,0.020467,-1.0,0.554563,1.0,0.174945,3537.1,21.9,35.6,500.8,100.0,1.0
317052,1985,158,3.12614,0.424515,-0.383902,0.018132,0.0,0.00164105,-0.115657,-1.0,-0.874084,1.0,0.141244,1461.1,16.8,39.3,764.3,100.0,1.0
317214,1986,162,5.346165,0.2,-0.317406,0.009822,0.0,0.00183261,-0.051297,-1.0,-0.092641,1.0,0.210166,2935.2,24.1,68.6,647.4,100.0,1.0
317371,1987,157,7.082866,0.296079,-0.279723,0.009105,0.008589,0.00192832,0.022593,-1.0,0.490519,1.0,0.132292,2044.7,15.0,44.9,575.6,100.0,1.0
317526,1988,155,4.765905,0.274926,-0.261231,0.003074,5.8e-05,0.00176743,-0.055037,-1.0,-0.250444,1.0,0.149964,2646.7,17.4,46.5,369.1,100.0,1.0
317691,1989,165,4.561818,0.22289,-0.340747,0.004091,0.0,0.00183448,-0.093171,-1.0,-0.664229,1.0,0.133742,1900.6,12.9,72.1,735.4,100.0,1.0
317849,1990,158,4.759434,0.542909,-0.434648,0.0,0.0,0.00212778,-0.117595,-1.0,-1.0,1.0,0.087977,1111.8,6.5,71.0,502.8,100.0,1.0
318002,1991,153,4.16598,0.2,-0.470045,0.000988,0.108175,0.00180278,-0.084469,-1.0,-0.628407,1.0,0.108143,1470.6,12.3,36.6,618.4,100.0,1.0
318168,1992,166,4.467231,0.413705,-0.352635,0.0,0.0,0.00181774,-0.09656,-1.0,-0.777062,1.0,0.094267,1814.3,12.5,11.2,649.9,100.0,1.0
318325,1993,157,4.179149,0.2,-0.549235,0.0,1e-06,0.00181277,-0.092655,-1.0,-0.749019,1.0,0.088766,1185.9,9.0,42.4,480.0,100.0,1.0
318484,1994,159,5.291763,0.655486,-0.263307,0.016299,0.0,0.00176911,-0.038246,-1.0,-0.088862,1.0,0.146798,2613.5,16.3,54.4,752.0,100.0,1.0
318652,1995,168,5.666642,0.56327,-0.348094,0.008782,0.0,0.00160119,-0.008759,-1.0,0.285586,1.0,0.186586,2657.8,24.6,23.9,723.6,100.0,1.0
318807,1996,155,5.240358,0.2,-0.332261,0.01424,0.169591,0.00167729,-0.019337,-1.0,0.109041,1.0,0.151204,2138.6,17.7,45.1,841.9,100.0,1.0
318963,1997,156,5.955428,0.757957,-0.501025,0.014153,2.2e-05,0.00205428,-0.047001,-1.0,-0.312234,1.0,0.07889,1404.5,8.6,31.5,366.7,100.0,1.0
319119,1998,156,4.090598,0.405917,-0.304442,0.0,0.0,0.00166392,-0.071727,-1.0,-0.50046,1.0,0.108404,2094.2,13.3,26.0,639.9,100.0,1.0
319274,1999,155,3.630709,0.277888,-0.497752,0.0,0.0,0.00181876,-0.115198,-1.0,-0.957614,1.0,0.097184,934.4,11.4,28.7,625.6,100.0,1.0
319433,2000,159,4.072902,0.2,-0.405215,0.0,0.097155,0.00186285,-0.109194,-1.0,-1.0,1.0,0.045969,1202.7,3.9,31.0,570.0,100.0,1.0
319595,2001,162,3.588784,0.307964,-0.325438,0.0,1e-06,0.00160264,-0.094849,-1.0,-0.824792,1.0,0.06185,1470.7,5.9,34.1,827.6,100.0,1.0
319755,2002,160,6.58911,0.227834,-0.324173,0.014794,0.0,0.00206783,-0.028352,-1.0,-0.024775,1.0,0.129375,2074.4,13.2,61.4,298.4,100.0,1.0
319915,2003,160,5.261648,0.375084,-0.309094,0.02335,0.0,0.00157714,-0.010777,-1.0,0.184876,1.0,0.146323,2819.3,17.6,38.1,587.7,100.0,1.0
320077,2004,162,4.638546,0.311547,-0.414962,0.007469,0.000214,0.00197064,-0.106305,-1.0,-0.860553,1.0,0.10125,1307.0,9.9,52.8,377.0,100.0,1.0
320234,2005,157,5.691126,0.756824,-0.307218,0.027011,0.0,0.00184236,-0.027974,-1.0,-0.072296,1.0,0.103722,2815.3,10.5,50.6,385.4,100.0,1.0
320394,2006,160,4.966631,0.2,-0.386053,0.0,0.05075,0.00180227,-0.060361,-1.0,-0.425474,1.0,0.08907,1762.5,9.1,42.7,545.5,100.0,1.0
320549,2007,155,6.200923,0.291988,-0.21937,0.014784,1.3e-05,0.00165863,0.027571,-1.0,0.544517,1.0,0.134405,2890.8,17.6,18.8,751.7,100.0,1.0
320705,2008,156,3.819461,0.2,-0.339974,0.0,0.0,0.00184205,-0.112032,-1.0,-0.988748,1.0,0.065784,1418.7,4.1,62.1,648.4,100.0,1.0
320858,2009,153,5.978081,0.830292,-0.467082,0.0,0.0,0.00218322,-0.059627,-1.0,-0.409858,1.0,0.093205,1414.6,8.7,54.3,273.1,100.0,1.0
321021,2010,163,3.676387,0.331633,-0.174517,0.0,0.0,0.00138789,-0.057464,-1.0,0.008555,1.0,0.291598,3448.9,39.7,22.6,793.6,100.0,1.0
321184,2011,163,3.976892,0.2,-0.337045,0.001193,0.030529,0.00146208,-0.055785,-1.0,-0.277712,1.0,0.140071,2406.4,17.7,26.5,930.0,100.0,1.0
321339,2012,155,6.183854,0.261178,-0.187424,0.014622,1.9e-05,0.00142769,0.06249,-0.910811,0.777567,1.0,0.232413,4149.8,29.9,39.0,752.0,100.0,1.0
321499,2013,160,0.634423,0.2,0.664887,0.014157,0.060107,0.0018395,-0.265199,-1.0,-1.0,0.608417,0.140727,1100.9,17.1,34.9,573.1,100.0,1.0
321659,2014,160,8.099789,1.0,-0.354091,0.012495,0.0,0.0024865,-0.026171,-1.0,-0.053089,1.0,0.104312,2398.0,7.9,81.2,120.7,100.0,1.0
321819,2015,160,3.827186,1.0,-0.343415,0.014753,0.0,0.00175133,-0.104565,-1.0,-0.800337,1.0,0.122655,1805.0,13.5,46.8,659.8,100.0,1.0
321981,2016,162,4.97805,0.584687,-0.267799,0.007918,0.0,0.00144013,-0.004867,-1.0,0.353819,1.0,0.201244,3211.3,24.9,44.9,742.9,100.0,1.0
322144,2017,163,5.445168,0.798257,-0.34342,1e-05,0.0,0.00212584,-0.096673,-1.0,-0.783388,1.0,0.09167,1455.7,8.6,52.6,315.6,100.0,1.0
322304,2018,160,8.08898,0.2,-0.397676,0.0,0.4,0.00219239,0.020371,-1.0,0.515801,1.0,0.156045,2620.1,19.7,30.4,543.1,100.0,1.0
322465,2019,161,4.213076,0.2,-0.406644,0.0,0.027454,0.00160398,-0.064913,-1.0,-0.400212,1.0,0.124457,1976.0,15.6,25.8,729.3,100.0,1.0
322624,2020,159,5.008886,0.2,-0.369337,0.0,0.178161,0.00156915,-0.019678,-1.0,0.011331,1.0,0.104054,2357.3,12.0,33.4,528.3,100.0,1.0
322783,2021,159,2.531586,0.2,-0.447002,0.0,0.013599,0.00148299,-0.119645,-1.0,-1.0,1.0,0.098224,1092.2,11.8,26.3,795.1,100.0,1.0
322941,2022,158,-0.281357,0.329543,-0.450529,0.004287,0.0,0.0014926,-0.248721,-1.0,-1.0,0.64843,0.128358,1072.8,16.3,24.1,675.6,100.0,1.0
323104,2023,163,7.390888,0.39445,-0.281796,0.0,0.0,0.0017371,0.055859,-0.996911,1.0,1.0,0.226113,3821.8,29.7,30.9,674.6,100.0,1.0
323267,2024,163,6.288307,0.389018,-0.307502,0.022429,7e-06,0.00198279,-0.034771,-1.0,-0.057154,1.0,0.145276,2600.9,15.4,62.9,511.1,100.0,1.0
323429,2025,162,4.07952,0.2,-0.468542,0.013713,0.214492,0.00180192,-0.104787,-1.0,-0.885097,1.0,0.081387,1441.1,7.1,52.9,476.0,100.0,1.0
323588,2026,159,6.926236,1.0,-0.250445,0.014013,0.0,0.00200926,-0.001817,-1.0,0.334267,1.0,0.17622,2952.6,21.1,47.8,634.0,100.0,1.0
323746,2027,158,4.841638,0.2,-0.477878,0.0,0.007347,0.00175386,-0.055067,-1.0,-0.303811,1.0,0.123429,1663.7,16.0,18.8,530.5,100.0,1.0
323907,2028,161,3.836196,0.439528,-0.533752,0.0,0.0,0.0016507,-0.089842,-1.0,-0.693979,1.0,0.102222,1330.7,10.7,45.3,610.0,100.0,1.0
324067,2029,160,6.80527,0.449674,-0.393027,0.009178,0.0,0.00174358,0.033062,-1.0,0.57691,1.0,0.123147,2219.7,14.1,40.5,462.9,100.0,1.0
324232,2030,165,4.942053,0.207313,-0.302885,0.000979,0.011205,0.00171387,-0.056197,-1.0,-0.329746,1.0,0.116112,2488.8,13.3,38.7,602.0,100.0,1.0
324390,2031,158,4.730596,0.227554,-0.232304,0.021508,0.010332,0.00155999,-0.029595,-1.0,-0.010697,1.0,0.142627,2600.6,16.6,43.8,892.4,100.0,1.0
324554,2032,164,5.439887,0.78279,-0.317855,0.018265,0.0,0.00204075,-0.085303,-1.0,-0.672435,1.0,0.090296,2207.3,7.5,62.6,449.6,100.0,1.0
324710,2033,156,7.096107,0.2,-0.208258,0.014353,0.0,0.00171043,0.0585,-1.0,1.0,1.0,0.207499,3575.2,27.0,31.2,493.3,100.0,1.0
324872,2034,162,6.519729,0.280797,-0.180883,0.009934,0.000137,0.00151696,0.053136,-1.0,0.943385,1.0,0.206014,3578.3,27.3,24.3,642.2,100.0,1.0
325031,2035,159,5.284772,0.884725,0.639323,0.013654,0.0,0.00222827,-0.112051,-1.0,-1.0,1.0,0.060254,703.3,2.6,69.7,275.1,100.0,1.0
325191,2036,160,5.486557,0.2,-0.262073,0.010455,0.030472,0.00172144,-0.02393,-1.0,0.135582,1.0,0.187439,3299.2,21.1,66.4,577.6,100.0,1.0
325351,2037,160,6.190234,0.301731,-0.227815,0.007983,2.8e-05,0.00195937,-0.029772,-1.0,0.104421,1.0,0.201069,3228.5,24.1,54.0,506.6,100.0,1.0
325511,2038,160,7.589678,0.474638,-0.317921,0.018315,9e-06,0.00171357,0.073682,-0.918751,0.956836,1.0,0.252194,4119.6,33.2,33.2,561.0,100.0,1.0
325670,2039,159,9.784836,0.2,-0.170076,0.0,0.085012,0.00209712,0.11501,-0.844532,1.0,1.0,0.197017,4402.3,24.4,44.3,520.4,100.0,1.0
325828,2040,158,6.999879,0.2,-0.365887,0.020691,0.016137,0.00220223,-0.027114,-1.0,-0.024978,1.0,0.12308,2733.0,14.0,41.7,421.5,100.0,1.0
325988,2041,160,4.60467,0.769296,0.691813,0.0,0.0,0.00202827,-0.113448,-1.0,-1.0,1.0,0.067241,629.6,6.8,33.2,372.7,100.0,1.0
326143,2042,155,3.532328,0.2,-0.442639,0.001707,0.006703,0.0017633,-0.111388,-1.0,-1.0,1.0,0.056938,1055.1,3.5,53.5,606.5,100.0,1.0
326303,2043,160,4.956564,0.261251,-0.333718,0.014083,0.006362,0.00172382,-0.048607,-1.0,-0.195878,1.0,0.145097,2270.6,16.9,44.8,543.9,100.0,1.0
326462,2044,159,4.09337,0.844531,0.653992,0.010355,0.0,0.00228729,-0.176064,-1.0,-0.832994,0.801457,0.116372,1025.9,14.2,27.8,293.1,100.0,1.0
326625,2045,163,7.655781,0.457004,-0.273059,0.0,0.0,0.00162255,0.086437,-0.900023,1.0,1.0,0.242777,4190.9,31.8,33.3,541.1,100.0,1.0
326780,2046,155,6.112852,0.386654,-0.316546,0.014952,2.4e-05,0.00192022,-0.017464,-1.0,0.149145,1.0,0.161894,2563.6,18.0,59.2,363.9,100.0,1.0
326939,2047,159,4.05855,0.517305,-0.404294,0.016704,0.0,0.00170388,-0.0849,-1.0,-0.674315,1.0,0.087342,1585.7,10.4,24.8,536.5,100.0,1.0
327099,2048,160,3.716592,0.606122,-0.357957,0.005697,0.0,0.00158869,-0.083855,-1.0,-0.62478,1.0,0.106886,1776.9,12.2,35.9,733.3,100.0,1.0
327261,2049,162,7.481659,1.0,-0.293945,0.021984,0.0,0.00234293,-0.036694,-1.0,-0.144297,1.0,0.111321,2893.2,10.9,58.1,325.8,100.0,1.0
327424,2050,163,5.879742,0.327299,-0.303531,0.01485,0.0,0.00189275,-0.039042,-1.0,0.04108,1.0,0.215751,3305.9,26.7,48.2,570.9,100.0,1.0
327585,2051,161,3.59482,0.309353,-0.446205,0.004063,0.0,0.00172434,-0.112865,-1.0,-0.991191,1.0,0.068727,1074.6,6.5,38.2,571.7,100.0,1.0
327742,2052,157,-3.667031,0.406724,0.674947,0.00483,2e-05,0.00186607,-0.463959,-1.0,-1.0,0.071327,0.194617,1103.7,25.8,23.9,724.9,100.0,1.0
327904,2053,162,4.738987,0.2,-0.331973,0.0,0.047022,0.00185132,-0.082728,-1.0,-0.600433,1.0,0.113426,2190.5,10.7,63.8,568.0,100.0,1.0
328071,2054,167,6.475897,0.292379,-0.190517,0.005531,2e-06,0.00151614,0.04356,-0.948022,0.809886,1.0,0.278102,4008.0,37.4,27.2,764.2,100.0,1.0
328235,2055,164,5.677221,0.671609,-0.30808,0.008419,0.0,0.00164761,-0.010073,-1.0,0.280747,1.0,0.19074,2765.4,24.3,34.9,703.3,100.0,1.0
328391,2056,156,3.995767,0.525704,0.667757,0.02298,2e-06,0.00192173,-0.116711,-1.0,-1.0,1.0,0.083553,1128.1,7.4,53.2,261.7,100.0,1.0
328554,2057,163,5.716955,0.628787,-0.310457,0.0,0.0,0.0018064,-0.032513,-1.0,-0.155806,1.0,0.084661,2383.2,10.2,22.4,532.9,100.0,1.0
328713,2058,159,7.429339,0.2,-0.076522,0.0,0.039273,0.00183673,0.048323,-1.0,0.97853,1.0,0.247649,3611.0,32.5,33.1,540.1,100.0,1.0
328873,2059,160,4.765139,0.40677,-0.36887,0.008391,0.0,0.00186636,-0.080316,-1.0,-0.563414,1.0,0.119874,2157.2,15.5,18.9,419.7,100.0,1.0
329030,2060,157,5.805225,0.324465,-0.246118,0.002678,0.0,0.00196899,-0.043187,-1.0,0.032569,1.0,0.23222,3440.1,30.4,32.2,578.5,100.0,1.0
329192,2061,162,5.419044,1.0,-0.409805,0.017751,0.0,0.00222238,-0.11178,-1.0,-0.984966,1.0,0.066416,1451.2,3.5,70.2,250.4,100.0,1.0
329355,2062,163,4.784773,0.284566,-0.321191,0.0,4.2e-05,0.00161026,-0.043264,-1.0,-0.150214,1.0,0.141212,2657.0,17.9,26.1,560.9,100.0,1.0
329512,2063,157,4.643783,0.4114,-0.490285,0.0,3e-06,0.00185896,-0.079129,-1.0,-0.596377,1.0,0.097454,1468.6,8.7,61.4,455.2,100.0,1.0
329671,2064,159,6.925763,1.0,-0.283734,0.01472,0.0,0.00242826,-0.068846,-1.0,-0.367352,1.0,0.160556,2589.0,16.7,72.6,309.1,100.0,1.0
329836,2065,165,7.912502,1.0,-0.305076,0.0,0.0,0.00228464,-0.014483,-1.0,0.135185,1.0,0.140009,2556.5,15.2,55.8,298.8,100.0,1.0
329998,2066,162,7.436456,0.343813,-0.20675,0.0,7.2e-05,0.00159088,0.082971,-0.895924,0.866818,1.0,0.200688,4206.5,25.5,36.6,577.2,100.0,1.0
330152,2067,154,4.54881,0.2,-0.274851,0.007342,0.032766,0.00187451,-0.080289,-1.0,-0.626878,1.0,0.088004,1822.3,9.6,34.2,768.9,100.0,1.0
330310,2068,158,6.903835,0.271724,-0.250202,0.0136,2.6e-05,0.00221349,-0.033461,-1.0,0.064257,1.0,0.199433,3506.1,23.0,64.6,413.3,100.0,1.0
330470,2069,160,5.687565,0.2,-0.349537,0.0,0.0,0.00183429,-0.032909,-1.0,-0.118079,1.0,0.105505,2099.5,10.6,52.0,486.9,100.0,1.0
330629,2070,159,6.477791,0.458889,-0.276797,0.006231,0.0,0.00145744,0.065027,-0.957252,1.0,1.0,0.249673,3972.9,32.8,33.4,640.0,100.0,1.0
330784,2071,155,4.312204,0.2,-0.376627,0.002512,7e-05,0.00163345,-0.055646,-1.0,-0.3171,1.0,0.119681,2207.3,13.8,38.0,736.5,100.0,1.0
330946,2072,162,7.658602,0.284163,-0.173613,0.022106,3.4e-05,0.00194822,0.035175,-1.0,0.744854,1.0,0.19655,3293.8,26.2,21.7,468.4,100.0,1.0
331103,2073,157,7.684452,0.2,-0.378583,0.003066,0.000473,0.0025269,-0.044744,-1.0,-0.127981,1.0,0.15973,2431.8,18.8,46.6,376.3,100.0,1.0
331267,2074,164,7.023882,1.0,-0.261918,0.0,0.0,0.00194815,0.002273,-1.0,0.454032,1.0,0.215651,3393.2,26.6,49.3,552.3,100.0,1.0
331433,2075,166,4.700802,0.552364,-0.491023,0.003133,0.0,0.00163391,-0.055887,-1.0,-0.309722,1.0,0.124572,1649.1,16.2,18.6,467.7,100.0,1.0
331591,2076,158,2.869264,0.2,-0.435908,0.0,0.015912,0.00133867,-0.080072,-1.0,-0.579505,1.0,0.110605,1411.2,13.8,23.2,880.8,100.0,1.0
331752,2077,161,5.871818,1.0,-0.289181,0.016186,0.0,0.00207876,-0.065737,-1.0,-0.31447,1.0,0.171448,2740.6,19.8,55.1,439.1,100.0,1.0
331911,2078,159,7.710423,0.386266,-0.32707,0.002511,0.0,0.00175894,0.073471,-1.0,1.0,1.0,0.132645,3191.9,15.4,41.7,439.1,100.0,1.0
332074,2079,163,8.701485,0.2,-0.329984,0.0,0.001168,0.00301064,-0.09221,-1.0,-0.806103,1.0,0.057997,2044.6,2.8,64.0,357.8,100.0,1.0
332237,2080,163,4.930737,0.434213,-0.375733,0.016634,0.0,0.00209584,-0.115631,-1.0,-1.0,1.0,0.078154,1284.4,5.5,66.2,409.5,100.0,1.0
332393,2081,156,7.945768,0.981063,-0.281671,0.0,0.000314,0.00243316,-0.015368,-1.0,0.181196,1.0,0.167441,3641.7,18.5,63.7,312.7,100.0,1.0
332549,2082,156,8.231169,0.320652,-0.330079,0.000949,0.0,0.00202842,0.060889,-1.0,1.0,1.0,0.195554,2536.8,26.3,19.3,679.8,100.0,1.0
332715,2083,166,6.425621,0.2,-0.202224,0.013739,0.005036,0.00146015,0.052175,-0.897316,0.718766,1.0,0.278207,4201.2,36.6,36.3,796.8,100.0,1.0
332884,2084,169,5.159915,0.479506,-0.423712,0.005479,0.0,0.00172803,-0.055522,-1.0,-0.252452,1.0,0.151383,1631.1,16.4,60.5,556.8,100.0,1.0
333045,2085,161,5.825145,0.531919,-0.20434,0.023216,0.0,0.00165482,0.000563,-1.0,0.469909,1.0,0.232139,3536.9,28.5,53.9,941.2,100.0,1.0
333207,2086,162,5.310544,0.2,-0.255576,0.006134,0.228326,0.00179103,-0.046759,-1.0,-0.026435,1.0,0.220576,3195.0,28.5,34.8,677.2,100.0,1.0
333366,2087,159,7.267205,0.228921,-0.371026,0.0,0.0,0.00205544,0.006215,-1.0,0.360188,1.0,0.149018,1771.0,18.6,31.4,347.1,100.0,1.0
333524,2088,158,4.468565,0.240867,-0.29246,0.026234,0.0,0.00155826,-0.041409,-1.0,-0.082678,1.0,0.165708,2866.2,20.1,42.1,592.2,100.0,1.0
333682,2089,158,4.070224,0.514138,-0.411785,0.005035,0.0,0.00179936,-0.097778,-1.0,-0.606159,1.0,0.185812,2406.8,22.2,51.1,391.5,100.0,1.0
333843,2090,161,4.240244,1.0,0.665488,0.013148,0.0,0.00243247,-0.197347,-1.0,-0.616983,0.694876,0.144275,1253.7,18.5,24.7,340.8,100.0,1.0
334003,2091,160,5.991549,0.2,-0.130915,0.0,0.098372,0.00174886,-0.005252,-1.0,0.303325,1.0,0.177924,3187.2,22.7,31.3,571.8,100.0,1.0
334169,2092,166,4.282331,0.389475,-0.210617,0.0,6e-06,0.00165057,-0.077766,-1.0,-0.565401,1.0,0.106132,2242.5,13.2,23.5,737.1,100.0,1.0
334327,2093,158,5.803164,0.2,-0.306074,0.005504,0.018212,0.00192549,-0.038348,-1.0,-0.133533,1.0,0.124976,2583.1,13.0,56.0,454.4,100.0,1.0
334487,2094,160,5.593969,0.2,-0.105288,0.012036,0.037634,0.00136518,0.03786,-1.0,0.803124,1.0,0.212262,3604.8,27.8,29.6,800.8,100.0,1.0
334642,2095,155,8.79315,0.524781,-0.1947,0.023082,1.1e-05,0.00184537,0.116776,-0.796409,0.945947,1.0,0.245379,4585.7,29.8,61.2,351.0,100.0,1.0
334807,2096,165,7.131904,0.67387,-0.11106,0.014994,0.0,0.00171738,0.043324,-0.950311,0.830753,1.0,0.28571,3999.3,37.5,39.1,632.3,100.0,1.0
334967,2097,160,6.787534,1.0,-0.276397,0.024067,0.0,0.00225158,-0.049352,-1.0,-0.180883,1.0,0.156318,2482.5,17.1,60.7,247.0,100.0,1.0
335125,2098,158,5.468458,0.2,-0.220042,0.000706,0.098134,0.00170532,-0.018945,-1.0,0.258201,1.0,0.223824,3655.6,28.1,45.1,559.7,100.0,1.0
335288,2099,163,5.063504,0.2,-0.346336,0.0,0.095998,0.00163156,-0.034015,-1.0,-0.131414,1.0,0.104368,2026.0,13.6,15.3,539.6,100.0,1.0
335445,2100,157,5.266372,0.21241,-0.351522,0.004402,2.3e-05,0.00206421,-0.082878,-1.0,-0.64832,1.0,0.090229,1870.1,8.8,48.1,442.9,100.0,1.0
335599,2101,154,6.608904,0.50873,0.635473,0.0,0.0,0.00232847,-0.055883,-1.0,-0.399364,1.0,0.079732,893.3,10.4,12.0,482.5,100.0,1.0
335763,2102,164,6.194146,0.262172,-0.245462,0.005734,0.004579,0.00161,0.019684,-1.0,0.625835,1.0,0.214499,3696.3,25.9,55.7,954.8,100.0,1.0
335918,2103,155,7.574604,0.2,-0.043041,0.021179,0.057064,0.00192552,0.048482,-0.979644,0.966482,1.0,0.276452,3887.6,35.5,46.2,554.4,100.0,1.0
336076,2104,158,8.215884,0.972871,-0.12829,0.013758,0.0,0.00205386,0.051806,-0.91708,0.583823,1.0,0.17799,4125.9,22.7,32.2,370.1,100.0,1.0
336233,2105,157,5.177493,0.898778,-0.36345,0.028513,0.0,0.00180351,-0.046004,-1.0,-0.07619,1.0,0.191926,2291.1,24.4,35.2,497.7,100.0,1.0
336396,2106,163,8.659494,0.2,-0.177747,0.0,6.8e-05,0.00197236,0.075109,-0.958014,1.0,1.0,0.197928,3970.0,25.6,30.7,490.5,100.0,1.0
336556,2107,160,6.746276,0.291264,-0.200839,0.012293,0.0,0.00158708,0.055042,-0.944616,0.827584,1.0,0.235503,4021.0,30.4,38.1,631.2,100.0,1.0
336712,2108,156,6.536341,0.2,-0.122749,0.015575,0.043842,0.00179287,0.019646,-1.0,0.606679,1.0,0.205107,3699.8,26.5,32.1,710.9,100.0,1.0
336876,2109,164,6.085328,0.452194,-0.198332,0.01612,9e-06,0.00180067,-0.016643,-1.0,0.340738,1.0,0.253586,3785.4,31.2,58.6,632.0,100.0,1.0
337033,2110,157,6.968397,0.926885,-0.35961,0.000925,0.0,0.0021975,-0.025933,-1.0,0.109845,1.0,0.184585,2808.1,23.2,36.9,338.5,100.0,1.0
337194,2111,161,5.87321,0.2,-0.262469,0.010403,0.0,0.00177407,-0.016691,-1.0,0.214646,1.0,0.190777,3016.3,22.7,53.2,672.0,100.0,1.0
337352,2112,158,1.15325,0.355658,-0.400882,0.012607,0.0,0.00185005,-0.2395,-1.0,-0.24067,0.543621,0.278504,2243.4,36.3,40.3,636.5,100.0,1.0
337514,2113,162,6.052676,0.395129,-0.239261,0.012571,0.0,0.00175485,-0.007143,-1.0,0.28284,1.0,0.177136,3187.6,21.5,43.9,723.1,100.0,1.0
337676,2114,162,4.595959,0.499715,-0.412442,0.0,0.0,0.00173097,-0.069986,-1.0,-0.369635,1.0,0.165112,2106.8,21.9,20.2,487.3,100.0,1.0
337839,2115,163,6.273616,0.229986,-0.321152,0.005419,0.067064,0.00174494,0.002787,-1.0,0.402559,1.0,0.187347,3186.9,23.4,39.4,482.1,100.0,1.0
337996,2116,157,1.477197,0.368919,0.676777,0.01049,0.0,0.00182955,-0.219607,-1.0,-0.360806,0.556432,0.141389,1200.6,19.3,10.7,582.5,100.0,1.0
338159,2117,163,6.665858,0.2,-0.367688,0.012644,0.074892,0.00177493,0.015829,-1.0,0.463519,1.0,0.152613,2778.5,19.6,26.2,541.6,100.0,1.0
338326,2118,167,5.467966,0.29493,-0.314362,0.007317,1e-06,0.0017065,-0.03469,-1.0,-0.017992,1.0,0.164452,2469.8,22.1,16.0,709.3,100.0,1.0
338483,2119,157,3.571936,0.2,-0.392024,0.0,1.9e-05,0.00170323,-0.103907,-1.0,-0.873683,1.0,0.082693,1487.9,10.0,21.2,591.5,100.0,1.0
338640,2120,157,8.533138,0.543221,-0.246834,0.016684,0.0,0.00222741,0.040838,-1.0,0.770878,1.0,0.18125,3160.3,21.8,47.3,270.5,100.0,1.0
338795,2121,155,6.127241,1.0,-0.384825,0.008907,0.0,0.00196148,-0.023587,-1.0,0.135973,1.0,0.185924,2484.5,23.5,36.1,551.6,100.0,1.0
338952,2122,157,6.677063,0.2,-0.199119,0.009255,0.030792,0.00185826,0.013845,-0.990646,0.483658,1.0,0.188972,3845.6,21.2,67.6,487.8,100.0,1.0
339107,2123,155,5.154585,0.2,-0.39227,0.0,0.036597,0.00185882,-0.052211,-1.0,-0.336471,1.0,0.092819,1839.3,11.7,18.0,481.6,100.0,1.0
339263,2124,156,3.249002,0.2,-0.505806,0.0,0.110089,0.00165846,-0.11002,-1.0,-0.482949,0.911753,0.154192,1568.9,20.5,17.6,654.8,100.0,1.0
339421,2125,158,7.738567,0.508383,-0.342799,0.002299,0.0,0.00182686,0.065497,-1.0,1.0,1.0,0.172513,3206.1,22.4,25.9,523.5,100.0,1.0
339591,2126,170,7.218061,0.2,-0.291736,0.0,0.010921,0.00173285,0.035726,-1.0,0.619955,1.0,0.13135,2648.9,16.5,26.1,807.2,100.0,1.0
339749,2127,158,6.744922,0.2,-0.328704,0.016927,0.019884,0.00204574,-0.014582,-1.0,0.214115,1.0,0.179969,2384.7,20.9,55.6,475.9,100.0,1.0
339906,2128,157,4.800483,0.966407,-0.398069,0.011287,0.0,0.0019627,-0.088467,-1.0,0.048593,0.830416,0.169861,1624.2,22.2,24.3,580.0,100.0,1.0
340073,2129,167,5.241843,0.2,-0.322487,0.0,0.005434,0.00143423,0.000347,-1.0,0.330239,1.0,0.163386,2743.0,21.7,19.7,862.7,100.0,1.0
340233,2130,160,5.453931,0.795186,-0.392664,0.011305,0.0,0.0017732,-0.034163,-1.0,-0.016596,1.0,0.162515,2305.2,19.6,42.2,457.9,100.0,1.0
340391,2131,158,4.981198,0.234111,-0.371049,0.000663,0.029927,0.00160668,-0.025942,-1.0,0.129812,1.0,0.194614,2175.3,23.8,47.0,464.0,100.0,1.0
340554,2132,163,4.774144,0.296893,-0.393539,0.013561,0.0,0.00166141,-0.052388,-1.0,-0.143326,1.0,0.190275,2035.5,24.9,26.4,496.7,100.0,1.0
340718,2133,164,5.523635,0.2,-0.303822,0.014815,0.017904,0.00155311,-0.002028,-1.0,0.351906,1.0,0.186093,3069.7,22.2,51.0,660.5,100.0,1.0
340878,2134,160,7.12223,0.2,-0.264913,0.001769,0.013798,0.00202543,0.001718,-1.0,0.289589,1.0,0.136202,2945.6,16.0,39.9,475.1,100.0,1.0
341039,2135,161,10.048243,0.2,-0.152774,0.026137,0.045973,0.00221525,0.102994,-0.851485,1.0,1.0,0.244933,4375.8,30.9,48.2,478.8,100.0,1.0
341203,2136,164,9.382398,1.0,-0.191348,0.004346,0.0,0.00179734,0.134442,-0.691805,0.889486,1.0,0.311872,4984.2,39.5,59.2,525.3,100.0,1.0
341363,2137,160,7.487765,0.941672,-0.285079,0.013965,0.0,0.00214486,-0.000662,-1.0,0.817028,0.930243,0.289747,3012.7,39.0,27.7,614.7,100.0,1.0
341522,2138,159,6.389518,0.582068,-0.244044,0.001575,0.0,0.00179609,0.006702,-1.0,0.409539,1.0,0.171259,2819.8,22.6,21.9,481.2,100.0,1.0
341683,2139,161,10.286622,0.70445,-0.265249,0.005172,0.00014,0.00217791,0.119881,-0.790748,0.942574,1.0,0.238074,4607.3,29.4,54.0,452.9,100.0,1.0
341849,2140,166,7.461082,0.264082,-0.179419,0.0,0.02239,0.00170861,0.057664,-0.922846,0.806903,1.0,0.25015,4104.0,32.8,34.2,768.7,100.0,1.0
342014,2141,165,7.415788,0.428174,-0.268914,0.0,0.0,0.00167964,0.062062,-1.0,1.0,1.0,0.189689,3362.4,25.4,20.4,739.7,100.0,1.0
342171,2142,157,6.613205,0.2,-0.360006,0.0,0.089617,0.00180272,0.01945,-1.0,0.528203,1.0,0.166849,2652.9,19.3,53.4,516.6,100.0,1.0
342333,2143,162,7.198681,0.489685,-0.314147,0.001642,0.0,0.00220195,-0.027476,-1.0,0.054262,1.0,0.164513,2899.3,17.7,67.6,392.3,100.0,1.0
342493,2144,160,5.640445,0.2,-0.293591,0.010503,0.001807,0.00183422,-0.035488,-1.0,-0.091742,1.0,0.13157,2707.3,13.4,63.4,429.7,100.0,1.0
342653,2145,160,6.96174,0.314304,-0.282646,0.0,0.0,0.00178607,0.032635,-1.0,0.666617,1.0,0.170132,3235.5,21.4,34.2,837.3,100.0,1.0
342809,2146,156,7.577715,0.261742,-0.302658,0.010998,0.014239,0.0021026,0.018559,-1.0,0.577236,1.0,0.195824,3120.5,23.1,57.0,337.3,100.0,1.0
342974,2147,165,4.266514,0.582242,-0.310745,0.020935,0.0,0.00159449,-0.067955,-1.0,-0.180586,1.0,0.249483,2717.6,30.6,58.3,782.7,100.0,1.0
343127,2148,153,7.897447,0.226771,-0.300202,0.006407,0.028318,0.00204982,0.047544,-1.0,0.764914,1.0,0.144736,2496.0,16.1,53.9,273.7,100.0,1.0
343290,2149,163,6.92853,0.2,-0.370092,0.0,0.159092,0.00195581,-0.00193,-1.0,0.219892,1.0,0.119594,2252.3,14.8,27.0,518.7,100.0,1.0
343448,2150,158,5.040852,0.549305,-0.362431,0.028542,0.0,0.00180558,-0.05474,-1.0,-0.198057,1.0,0.174672,2267.9,20.4,53.3,471.8,100.0,1.0
343612,2151,164,4.6466,0.713427,-0.306521,0.007332,0.0,0.00178199,-0.079743,-1.0,-0.592821,1.0,0.102305,2434.8,9.4,60.9,449.6,100.0,1.0
343766,2152,154,8.070111,0.2,-0.120138,0.009015,0.097174,0.00212559,0.041701,-1.0,0.800485,1.0,0.191738,3630.2,22.7,54.4,493.1,100.0,1.0
343923,2153,157,8.040928,0.200023,-0.205527,0.013339,0.0,0.00195014,0.061549,-1.0,0.943671,1.0,0.164089,3464.4,19.4,46.6,412.4,100.0,1.0
344087,2154,164,5.222406,0.811009,-0.301695,0.025267,0.0,0.00189344,-0.0717,-1.0,-0.332602,1.0,0.192198,2542.8,22.5,57.8,423.8,100.0,1.0
344248,2155,161,7.393974,1.0,-0.277182,0.002478,0.0,0.00193163,0.027117,-1.0,0.696303,1.0,0.212566,3445.1,26.5,44.9,456.7,100.0,1.0
344413,2156,165,7.271289,0.338714,-0.345096,0.004196,0.0,0.00184674,0.027772,-1.0,0.666166,1.0,0.194221,2244.6,26.2,18.2,678.9,100.0,1.0
344573,2157,160,6.518485,0.2,-0.293938,0.018816,0.208519,0.00196629,-0.016547,-1.0,0.106337,1.0,0.135904,2966.0,16.7,31.6,672.8,100.0,1.0
344737,2158,164,6.45214,0.599209,-0.202441,0.027412,3.8e-05,0.00162274,0.028891,-0.916751,0.449892,1.0,0.226176,4127.2,29.6,31.9,479.0,100.0,1.0
344899,2159,162,3.771385,0.681304,-0.446841,0.009747,0.0,0.00143121,-0.059421,-1.0,-0.2728,1.0,0.160706,1730.0,20.3,30.9,578.0,100.0,1.0
345059,2160,160,5.466885,0.2,-0.364447,0.012325,0.030324,0.00198976,-0.068441,-1.0,-0.352053,1.0,0.166177,2546.2,17.2,75.8,348.1,100.0,1.0
345225,2161,166,7.981226,0.2,-0.19366,0.021505,0.032187,0.00154091,0.109058,-0.763848,0.814559,1.0,0.275257,4709.7,35.4,45.3,841.8,100.0,1.0
345386,2162,161,7.824802,1.0,-0.494891,0.0,0.0,0.00260789,-0.062188,-1.0,-0.406894,1.0,0.107494,1944.3,9.6,66.8,186.7,100.0,1.0
345546,2163,160,8.082388,0.472476,-0.186393,0.0,0.0,0.0016883,0.099399,-0.815908,0.846972,1.0,0.248651,4511.4,31.1,51.2,592.3,100.0,1.0
345703,2164,157,4.525299,0.264216,-0.333709,0.0,5e-06,0.00160738,-0.045469,-1.0,-0.163507,1.0,0.145594,2130.3,16.7,48.0,555.7,100.0,1.0
345862,2165,159,6.446423,0.2,-0.214262,0.010702,0.0,0.00148967,0.057831,-0.90117,0.809132,1.0,0.288363,4186.5,38.4,32.2,819.4,100.0,1.0
346026,2166,164,7.343289,0.401376,-0.168408,0.013977,0.0,0.00185323,0.031725,-1.0,0.835342,1.0,0.259044,3668.8,34.3,31.4,502.0,100.0,1.0
346189,2167,163,5.254955,0.2,-0.305643,0.0,0.022094,0.00159506,-0.019799,-1.0,0.261105,1.0,0.229548,3135.8,27.6,60.8,789.3,100.0,1.0
346350,2168,161,6.823165,0.2,-0.117593,0.005285,0.044979,0.00171758,0.035323,-0.901523,0.55658,1.0,0.27401,4185.2,33.4,67.4,714.4,100.0,1.0
346514,2169,164,4.630385,0.580181,-0.375731,0.0,0.0,0.00164042,-0.057405,-1.0,-0.169025,1.0,0.202515,2279.4,26.6,26.8,766.0,100.0,1.0
346669,2170,155,6.74022,0.788427,-0.290039,0.007901,0.0,0.00147049,0.080079,-0.886171,0.941435,1.0,0.269521,4243.7,36.1,28.6,755.4,100.0,1.0
346833,2171,164,7.067487,0.390024,-0.25314,0.010514,0.0,0.00168982,0.045799,-0.924765,0.692607,1.0,0.248972,4096.6,31.0,53.6,526.2,100.0,1.0
346988,2172,155,8.379598,0.782301,-0.272209,0.0,0.0,0.002178,0.045266,-0.979776,0.917913,1.0,0.26802,3887.1,33.8,52.3,255.8,100.0,1.0
347148,2173,160,7.981973,0.511125,-0.360084,0.0,0.0,0.00183051,0.071814,-1.0,1.0,1.0,0.140928,3351.5,18.6,17.7,517.1,100.0,1.0
347308,2174,160,8.20007,0.589778,-0.315985,0.008987,0.0,0.00197117,0.059271,-1.0,1.0,1.0,0.203646,3299.1,27.5,18.4,766.2,100.0,1.0
347466,2175,158,7.176779,0.420482,-0.211715,0.010636,0.0,0.00162795,0.070695,-0.832932,0.724865,1.0,0.301326,4446.5,36.5,75.8,643.9,100.0,1.0
347626,2176,160,5.237954,0.2,-0.368103,0.014456,0.039286,0.00162346,-0.020438,-1.0,0.136937,1.0,0.170659,2303.1,21.1,38.2,543.6,100.0,1.0
347791,2177,165,5.778914,0.38821,-0.28902,0.016193,3e-06,0.00155292,0.007783,-1.0,0.594023,1.0,0.258095,3365.3,30.6,72.9,508.8,100.0,1.0
347952,2178,161,10.469668,1.0,-0.377918,0.018576,0.0,0.00235056,0.099838,-0.873716,1.0,1.0,0.221809,4291.1,25.8,68.9,297.8,100.0,1.0
348112,2179,160,5.851878,0.483451,-0.259989,0.022137,0.0,0.00192947,-0.041373,-1.0,-0.048746,1.0,0.182492,3172.7,21.6,51.6,537.3,100.0,1.0
348276,2180,164,8.179554,0.347265,-0.152582,0.002725,8.1e-05,0.00198657,0.047873,-1.0,1.0,1.0,0.260635,3354.3,34.2,35.8,600.7,100.0,1.0
348433,2181,157,7.021757,0.2,-0.439101,0.0,0.034563,0.00222079,-0.027877,-1.0,0.908435,0.807127,0.256073,2551.1,35.3,15.0,645.1,100.0,1.0
348592,2182,159,8.507973,0.496013,-0.293707,0.018607,0.0,0.00197502,0.07469,-0.893628,0.850076,1.0,0.237742,4215.3,29.1,56.4,411.3,100.0,1.0
348751,2183,159,7.179366,0.2,-0.36893,0.0,0.043931,0.001826,0.037682,-1.0,0.699536,1.0,0.161357,2294.8,19.5,41.7,1053.8,100.0,1.0
348910,2184,159,8.418959,0.710839,-0.304852,0.011062,0.0,0.00198291,0.069376,-1.0,1.0,1.0,0.153122,3230.4,19.5,27.4,526.9,100.0,1.0
349067,2185,157,5.757522,0.296406,-0.419084,0.014007,0.0,0.00232879,-0.102564,-1.0,-0.840231,1.0,0.092704,1658.7,7.9,62.6,238.7,100.0,1.0
349225,2186,158,7.110958,0.2,-0.268694,0.001056,0.012315,0.00183855,0.034419,-1.0,0.66291,1.0,0.159361,3016.0,19.4,39.3,526.4,100.0,1.0
349383,2187,158,3.395654,0.345032,-0.434442,0.009873,0.0,0.00173126,-0.118383,-1.0,-1.0,1.0,0.091915,1265.9,10.5,30.6,393.3,100.0,1.0
349540,2188,157,4.006085,0.2,-0.315041,0.007292,0.052571,0.00165531,-0.076847,-1.0,-0.417237,1.0,0.175617,2474.3,20.9,49.0,558.7,100.0,1.0
349702,2189,162,6.04755,0.308981,-0.31515,0.003842,0.0,0.00177799,-0.011752,-1.0,0.292051,1.0,0.204785,3327.2,26.5,32.7,396.6,100.0,1.0
349860,2190,158,5.915955,0.583642,-0.307859,0.017979,0.0,0.00216182,-0.071314,-1.0,-0.411749,1.0,0.150695,2735.8,18.0,41.0,371.0,100.0,1.0
350012,2191,152,5.714375,0.2,-0.29102,0.004176,0.07833,0.00162425,0.014167,-1.0,0.599507,1.0,0.228921,3635.3,29.2,40.6,908.9,100.0,1.0
350169,2192,157,3.686463,0.2,-0.350576,0.006542,0.012308,0.0015899,-0.081208,-1.0,-0.52287,1.0,0.144604,2030.3,17.3,39.7,739.0,100.0,1.0
350328,2193,159,5.809626,0.2,-0.240558,0.009651,0.0,0.00206794,-0.06344,-1.0,-0.365275,1.0,0.134562,2680.1,14.9,50.3,510.9,100.0,1.0
350485,2194,157,4.363396,0.779332,-0.3504,0.0,0.0,0.00187019,-0.094312,-1.0,-0.75092,1.0,0.096103,1674.7,10.5,37.5,413.1,100.0,1.0
350648,2195,163,4.424458,0.47778,-0.41374,0.0,5e-06,0.00193411,-0.113176,-1.0,-1.0,1.0,0.06588,1114.7,6.8,30.3,406.4,100.0,1.0
350812,2196,164,4.842086,0.2,-0.286622,0.003535,0.019718,0.00164962,-0.049377,-1.0,-0.14539,1.0,0.174192,2847.1,21.3,42.3,579.8,100.0,1.0
350971,2197,159,8.047328,0.302074,-0.253705,0.000811,0.0,0.00197326,0.053766,-0.942758,0.843918,1.0,0.253303,4028.1,31.4,55.4,558.8,100.0,1.0
351132,2198,161,4.341356,0.2,-0.520894,0.0,0.112652,0.00209532,-0.139089,-1.0,0.081012,0.690027,0.193495,1808.3,26.7,10.4,627.7,100.0,1.0
351290,2199,158,9.097851,0.2,-0.096744,0.000245,0.194812,0.00206879,0.088642,-0.884003,0.985265,1.0,0.252417,4251.9,32.5,42.0,490.5,100.0,1.0
351444,2200,154,6.34735,0.374354,-0.146908,0.010409,2.5e-05,0.0016448,0.036589,-0.991538,0.787755,1.0,0.22574,3842.2,29.0,38.1,740.4,100.0,1.0
351601,2201,157,6.51993,1.0,-0.29259,0.016312,0.0,0.00202949,-0.020881,-1.0,0.096454,1.0,0.152631,2576.8,17.7,47.7,491.6,100.0,1.0
351764,2202,163,6.441108,0.2,-0.294394,0.003117,0.195397,0.00184305,-0.006277,-1.0,0.228931,1.0,0.145849,3070.6,17.8,35.3,513.5,100.0,1.0
351930,2203,166,6.470974,0.2,-0.463039,0.0,0.148588,0.00181917,-0.006486,-1.0,0.191724,1.0,0.128292,1410.5,17.3,12.4,878.5,100.0,1.0
352093,2204,163,9.913988,1.0,-0.285808,0.00267,0.0,0.00249249,0.046455,-1.0,1.0,1.0,0.267726,3434.6,36.0,26.2,407.2,100.0,1.0
352252,2205,159,7.196246,0.613915,-0.294285,0.022278,0.0,0.00193519,0.020978,-1.0,0.60069,1.0,0.195454,2898.3,23.3,53.6,684.7,100.0,1.0
352412,2206,160,9.47006,0.352798,-0.352317,0.0,0.0,0.00248326,0.035216,-1.0,0.806603,1.0,0.227219,2600.9,30.0,28.3,393.8,100.0,1.0
352572,2207,160,5.505311,0.516588,-0.239153,0.0,0.0,0.0018345,-0.042025,-1.0,0.064638,1.0,0.242444,3513.8,29.8,56.4,537.3,100.0,1.0
352726,2208,154,6.075024,0.2,-0.324905,0.0,0.0,0.0018499,-0.007388,-1.0,0.2731,1.0,0.17349,2543.4,21.4,39.7,448.7,100.0,1.0
352885,2209,159,8.089124,0.2,-0.29398,0.026596,0.030026,0.00225265,0.011317,-1.0,0.497444,1.0,0.192135,3755.9,22.4,58.9,357.7,100.0,1.0
353049,2210,164,9.163587,0.739994,-0.243349,0.010354,0.0,0.00222181,0.054237,-1.0,1.0,1.0,0.228817,3293.1,29.1,42.0,393.5,100.0,1.0
353211,2211,162,5.847752,0.42485,-0.254175,0.026495,0.0,0.00178848,-0.022565,-1.0,0.139102,1.0,0.182374,2684.7,23.1,34.8,419.4,100.0,1.0
353371,2212,160,7.736496,0.2,-0.246986,0.001081,0.000182,0.00187723,0.053076,-1.0,0.937443,1.0,0.203344,3490.0,26.7,27.6,345.7,100.0,1.0
353533,2213,162,6.775784,0.627306,-0.326603,0.005096,0.0,0.00192733,-0.0027,-1.0,0.370766,1.0,0.198884,2736.6,23.5,56.8,305.7,100.0,1.0
353700,2214,167,5.871638,0.374483,-0.357909,0.0,0.0,0.00188423,-0.046446,-1.0,-0.292104,1.0,0.086177,1744.5,9.9,28.1,528.8,100.0,1.0
353860,2215,160,6.775803,0.414604,-0.327793,0.0,0.0,0.0018506,0.013421,-1.0,0.567162,1.0,0.216478,2911.1,27.1,45.0,383.4,100.0,1.0
354022,2216,162,6.380021,0.2,-0.282459,0.0,0.0,0.00179601,0.000473,-1.0,0.375904,1.0,0.185587,3430.8,21.3,61.2,444.9,100.0,1.0
354181,2217,159,8.69534,0.2,-0.05028,0.004972,0.090072,0.00173819,0.120791,-0.724916,0.90687,1.0,0.330876,4858.1,43.4,45.3,651.9,100.0,1.0
354344,2218,163,6.846055,0.2,-0.252041,0.003688,0.072459,0.00175707,0.026275,-1.0,0.703983,1.0,0.220617,3673.1,27.0,52.7,655.3,100.0,1.0
354507,2219,163,5.457152,0.350584,-0.284267,0.003223,0.0,0.00171066,-0.029609,-1.0,0.064938,1.0,0.180514,2748.1,23.3,29.4,621.9,100.0,1.0
354670,2220,163,7.520636,0.2,-0.150866,0.004773,0.064671,0.00178964,0.051723,-0.954326,1.0,1.0,0.321315,3984.0,44.2,20.4,690.3,100.0,1.0
354828,2221,158,7.130671,0.384725,-0.295797,0.00778,2.8e-05,0.00182987,0.036494,-1.0,0.807944,1.0,0.221502,3521.5,28.5,36.4,407.8,100.0,1.0
354987,2222,159,7.311566,0.255541,-0.265875,0.0,0.01122,0.00178622,0.049853,-1.0,0.842372,1.0,0.17192,3434.5,21.5,36.0,547.0,100.0,1.0
355149,2223,162,7.365876,0.2,-0.135006,0.020779,0.0,0.0020906,-0.002347,-0.957335,0.542614,1.0,0.357706,3972.6,46.4,55.4,881.6,100.0,1.0
355307,2224,158,8.515996,0.765956,-0.324923,0.011354,6e-05,0.00230054,0.025364,-1.0,0.540197,1.0,0.14328,2720.8,17.4,36.2,429.0,100.0,1.0
355461,2225,154,5.382672,0.2,-0.346099,0.0,7e-06,0.00201317,-0.064233,-1.0,-0.460555,1.0,0.090889,1884.4,11.0,23.6,622.1,100.0,1.0
355620,2226,159,4.943658,0.3152,-0.248857,0.01066,6.6e-05,0.00203929,-0.098497,-1.0,-0.613294,1.0,0.18584,2400.1,20.3,72.8,495.2,100.0,1.0
355771,2227,151,6.824229,0.2,-0.060447,0.004927,0.02037,0.00149565,0.085776,-0.836971,1.0,1.0,0.356421,4431.1,47.6,38.9,1200.4,100.0,1.0
355934,2228,163,7.83081,0.28745,-0.209914,0.005618,1.6e-05,0.00187166,0.05248,-1.0,0.886092,1.0,0.180646,3795.2,22.5,38.1,501.6,100.0,1.0
356093,2229,159,7.040235,1.0,-0.309289,0.005872,0.0,0.00221997,-0.031528,-1.0,0.088624,1.0,0.201951,3003.3,23.3,64.7,380.2,100.0,1.0
356251,2230,158,5.958335,0.49895,-0.323412,0.016851,0.0,0.00221701,-0.078235,-1.0,-0.543143,1.0,0.119604,2010.8,12.9,48.9,354.4,100.0,1.0
356411,2231,160,7.236231,0.382995,-0.347516,0.003886,0.0,0.00166866,0.063439,-1.0,0.969616,1.0,0.167611,3120.2,20.9,35.0,633.9,100.0,1.0
356568,2232,157,8.623802,1.0,-0.266506,0.0,0.0,0.00222405,0.044594,-1.0,0.860696,1.0,0.207377,3641.1,25.9,44.0,538.6,100.0,1.0
356727,2233,159,2.357131,0.371103,-0.500371,0.004559,3.8e-05,0.0020948,-0.225454,-1.0,0.138318,0.430819,0.200361,1541.4,26.9,19.7,725.6,100.0,1.0
356884,2234,157,5.759346,0.2,-0.39086,0.028074,0.0,0.00211626,-0.069255,-1.0,-0.387721,1.0,0.152413,1833.9,16.4,62.6,352.8,100.0,1.0
357042,2235,158,9.838998,0.777643,-0.215549,0.009588,0.0,0.00219178,0.102999,-0.799159,0.801109,1.0,0.237032,4575.2,29.5,50.4,310.6,100.0,1.0
357196,2236,154,5.728331,0.329874,-0.191125,0.011888,3.5e-05,0.00178112,-0.012707,-1.0,0.248626,1.0,0.187846,3478.8,23.6,37.7,451.6,100.0,1.0
357362,2237,166,7.576435,0.321173,-0.208415,0.012317,0.0,0.00183537,0.041281,-1.0,0.894309,1.0,0.24075,3506.6,32.4,23.1,596.9,100.0,1.0
357519,2238,157,7.486826,0.2,-0.154553,0.009289,0.062981,0.0018985,0.043788,-0.985223,1.0,1.0,0.306918,3866.3,42.1,20.8,702.2,100.0,1.0
357675,2239,156,7.133233,0.796593,-0.117068,0.013169,0.0,0.00154172,0.085195,-0.793052,0.801381,1.0,0.336874,4598.5,45.3,33.0,750.3,100.0,1.0
357829,2240,154,5.433207,0.2,-0.406241,0.0,0.117379,0.00214441,-0.082176,-1.0,-0.613167,1.0,0.104296,1374.8,12.4,28.7,473.1,100.0,1.0
357984,2241,155,-2.993224,0.66382,0.641073,0.0,0.0,0.00208736,-0.477773,-1.0,-0.610438,-0.068519,0.213736,1099.3,29.5,12.0,552.0,100.0,1.0
358139,2242,155,7.376013,0.289419,-0.114574,0.008008,0.0,0.00188055,0.045347,-1.0,1.0,1.0,0.273267,3437.6,36.6,28.7,606.6,100.0,1.0
358299,2243,160,-0.675212,1.0,-0.518518,0.009367,0.0,0.00192527,-0.338885,-1.0,-1.0,0.382635,0.114037,800.0,14.5,21.3,306.2,100.0,1.0
358463,2244,164,7.203198,0.637947,-0.230345,0.009982,0.0,0.00202513,-0.003175,-1.0,0.353508,1.0,0.192631,3302.2,23.1,52.1,533.6,100.0,1.0
358623,2245,160,5.073519,0.2,-0.323366,0.0,0.011144,0.00166257,-0.034314,-1.0,-0.110309,1.0,0.116416,2201.2,12.4,49.9,577.2,100.0,1.0
358780,2246,157,7.991917,0.31692,-0.203461,0.012383,0.0,0.00198759,0.0529,-1.0,1.0,1.0,0.235502,3737.9,31.5,25.0,517.0,100.0,1.0
358944,2247,164,6.225709,0.383789,-0.361306,0.012088,0.0,0.00188786,-0.025304,-1.0,-0.075458,1.0,0.088791,2092.8,10.7,23.4,487.9,100.0,1.0
359103,2248,159,5.406783,1.0,-0.378198,0.0,0.0,0.00209716,-0.086543,-1.0,-0.654521,1.0,0.105456,1282.4,10.9,48.4,256.0,100.0,1.0
359260,2249,157,4.101829,0.371583,-0.308538,0.016645,0.0,0.00152767,-0.052527,-1.0,-0.147665,1.0,0.188802,2554.9,24.0,34.3,604.4,100.0,1.0
359419,2250,159,4.877861,0.2,-0.371847,0.008995,0.0301,0.00173196,-0.052648,-1.0,-0.293136,1.0,0.116673,2156.8,12.9,44.4,652.5,100.0,1.0
359580,2251,161,8.324704,0.717913,-0.447598,0.000763,0.0,0.00212341,0.038234,-1.0,0.685998,1.0,0.151829,2166.9,18.3,39.5,242.3,100.0,1.0
359737,2252,157,5.139232,0.406753,-0.392985,0.008684,0.0,0.00195423,-0.072149,-1.0,-0.294527,1.0,0.213481,2486.8,26.3,49.5,292.2,100.0,1.0
359893,2253,156,5.253912,0.2,-0.337982,0.014637,0.0,0.00190675,-0.05756,-1.0,-0.144275,1.0,0.215663,2696.5,27.7,36.0,429.8,100.0,1.0
360052,2254,159,3.07233,0.2,0.708421,0.0,3e-06,0.00209665,-0.193095,-1.0,-0.07413,0.576632,0.187517,1626.0,25.8,11.7,631.2,100.0,1.0
360219,2255,167,5.193895,0.395565,-0.443019,0.0,0.0,0.00198695,-0.094687,-1.0,0.420643,0.744459,0.236559,2215.9,31.8,23.8,661.9,100.0,1.0
360383,2256,164,7.795961,0.323401,-0.133654,0.020264,8.3e-05,0.00179146,0.06215,-0.977269,0.990332,1.0,0.224193,3896.6,29.1,34.5,750.9,100.0,1.0
360541,2257,158,9.623031,0.2,-0.087367,0.019015,0.114315,0.0020787,0.11092,-0.79025,1.0,1.0,0.312462,4609.1,40.9,43.2,590.1,100.0,1.0
360698,2258,157,7.553476,0.2,-0.330585,0.009173,0.091422,0.00194285,0.03984,-1.0,0.899686,1.0,0.250641,3083.5,32.2,41.6,671.2,100.0,1.0
360862,2259,164,8.829352,0.2,-0.207895,0.006445,0.0,0.00178575,0.110253,-0.780415,0.92621,1.0,0.296115,4646.6,39.1,37.2,633.3,100.0,1.0
361024,2260,162,6.219481,0.306913,-0.308369,0.031137,6e-06,0.00202649,-0.044337,-1.0,-0.128812,1.0,0.15728,2477.2,16.7,67.4,530.1,100.0,1.0
361186,2261,162,7.719609,1.0,-0.202962,0.035112,0.0,0.00253545,-0.058288,-1.0,-0.232735,1.0,0.17507,2662.1,19.5,64.6,273.8,100.0,1.0
361348,2262,162,6.913781,0.396639,-0.173194,0.002103,5e-06,0.00206552,-0.018906,-1.0,0.09346,1.0,0.141259,3229.1,17.8,27.2,510.1,100.0,1.0
361502,2263,154,8.19955,0.365136,-0.252996,0.0,3e-06,0.0019924,0.067597,-1.0,0.949285,1.0,0.136658,2516.1,17.3,25.5,407.7,100.0,1.0
361660,2264,158,6.862526,0.298504,-0.13196,0.010992,3e-05,0.00164648,0.053228,-0.975018,0.847694,1.0,0.201427,3905.2,27.1,20.1,565.2,100.0,1.0
361819,2265,159,8.233324,0.2,-0.298267,0.002397,0.055329,0.00206263,0.047984,-1.0,1.0,1.0,0.260079,3771.4,32.3,56.8,444.6,100.0,1.0
361982,2266,163,6.488052,0.769544,-0.384109,0.00299,0.0,0.00228734,-0.076579,-1.0,-0.541103,1.0,0.112346,2066.8,12.9,36.6,286.9,100.0,1.0
362142,2267,160,9.082464,0.2,-0.201027,0.011214,0.022863,0.00222655,0.058508,-0.946689,1.0,1.0,0.300757,4013.1,40.0,34.6,532.3,100.0,1.0
362296,2268,154,8.388707,0.507143,-0.358946,0.01791,0.0,0.00197578,0.078844,-1.0,1.0,1.0,0.105781,2709.5,13.5,19.0,283.0,100.0,1.0
362454,2269,158,8.895577,0.577552,-0.395753,0.006106,0.0,0.00226099,0.049032,-1.0,0.816069,1.0,0.162876,2502.4,18.3,57.6,196.1,100.0,1.0
362611,2270,157,9.408225,0.2,-0.256887,0.003577,7.5e-05,0.00229167,0.069929,-0.988446,1.0,1.0,0.170577,3854.0,20.7,42.5,352.1,100.0,1.0
362773,2271,162,4.740421,0.270195,-0.269451,0.006303,2.4e-05,0.0015305,-0.0314,-1.0,0.059306,1.0,0.186654,2565.9,20.8,68.5,809.5,100.0,1.0
362932,2272,159,7.736467,0.334606,-0.285522,0.022621,8e-06,0.00176489,0.072748,-0.90089,0.943238,1.0,0.281321,4187.6,35.8,50.7,645.3,100.0,1.0
363091,2273,159,4.904016,0.2,-0.275037,0.003521,0.490419,0.00179934,-0.062102,-1.0,-0.189411,1.0,0.215803,2930.5,28.0,32.5,618.1,100.0,1.0
363247,2274,156,7.707157,0.888695,-0.161677,0.0,0.0,0.00172518,0.082864,-0.877556,0.923655,1.0,0.261782,4276.5,35.5,22.3,733.4,100.0,1.0
363411,2275,164,5.378854,0.536621,-0.270346,0.022587,0.0,0.00161933,-0.019927,-1.0,0.258726,1.0,0.228997,3622.4,28.0,55.2,458.1,100.0,1.0
363572,2276,161,4.196072,0.2,-0.43829,0.0,0.042341,0.00178652,-0.096017,-1.0,-0.716906,1.0,0.121632,1727.2,15.0,27.8,562.5,100.0,1.0
363740,2277,168,7.017449,0.382011,-0.202238,0.001438,0.0,0.00144932,0.076959,-0.843259,0.871007,1.0,0.325005,4407.2,43.8,31.1,872.0,100.0,1.0
363900,2278,160,6.112041,1.0,-0.347094,0.010093,0.0,0.00197447,-0.036837,-1.0,-0.097186,1.0,0.135593,2513.2,16.4,34.6,459.8,100.0,1.0
364061,2279,161,8.768792,0.432907,-0.061075,0.01364,0.0,0.00174441,0.119506,-0.732357,0.808108,1.0,0.2749,4829.7,34.9,50.8,622.9,100.0,1.0
364220,2280,159,5.000915,0.754864,-0.39094,0.0,0.0,0.001682,-0.039121,-1.0,-0.078261,1.0,0.156477,2109.2,20.1,26.5,521.3,100.0,1.0
364383,2281,163,6.303667,0.2,-0.307171,0.002641,2.7e-05,0.00202627,-0.042516,-1.0,-0.030069,1.0,0.197543,2919.2,21.7,76.0,351.1,100.0,1.0
364544,2282,161,6.066997,0.304593,-0.238708,0.012002,0.0,0.00169021,0.004839,-1.0,0.529314,1.0,0.240462,3754.2,32.4,23.3,744.5,100.0,1.0
364709,2283,165,9.116191,0.2,-0.038104,0.015669,7.7e-05,0.00203199,0.080849,-0.687162,0.516061,1.0,0.401249,5001.9,52.3,58.1,476.0,100.0,1.0
364873,2284,164,7.347783,0.2,-0.298887,0.005741,0.0,0.0015892,0.074783,-0.912516,1.0,1.0,0.279182,4143.3,36.9,35.1,788.2,100.0,1.0
365029,2285,156,9.262265,0.299982,-0.154319,0.011015,2.9e-05,0.00214793,0.087712,-0.881178,1.0,1.0,0.269381,4262.7,36.5,23.5,528.0,100.0,1.0
365182,2286,153,6.606967,0.2,-0.373993,0.01734,0.034485,0.00216156,-0.029123,-1.0,0.035436,1.0,0.163331,2462.2,18.6,55.6,405.5,100.0,1.0
365339,2287,157,4.866689,0.416807,-0.29807,0.024277,0.0,0.00155533,-0.022025,-1.0,0.263645,1.0,0.241947,3175.1,28.9,66.5,639.6,100.0,1.0
365500,2288,161,6.955007,0.391372,-0.201034,0.015687,6.1e-05,0.00173641,0.037902,-0.898964,0.654087,1.0,0.314346,4194.9,39.3,65.0,807.2,100.0,1.0
365667,2289,167,7.299903,1.0,-0.026687,0.002253,0.0,0.00190802,0.014553,-0.902939,0.461726,1.0,0.327957,4179.8,42.5,50.7,518.2,100.0,1.0
365824,2290,157,4.803837,0.389361,-0.278001,0.026248,8e-06,0.00176543,-0.057915,-1.0,-0.126904,1.0,0.226124,2496.0,27.6,55.2,739.9,100.0,1.0
365983,2291,159,7.548551,0.959692,-0.308679,0.003549,0.0,0.00223004,-0.010049,-1.0,0.197541,1.0,0.149018,3206.8,16.0,61.8,288.0,100.0,1.0
366143,2292,160,8.13528,0.2,-0.099703,0.016021,0.027534,0.0016485,0.10756,-0.764137,0.905062,1.0,0.327494,4708.6,41.7,59.6,647.1,100.0,1.0
366304,2293,161,8.036093,0.2,-0.387596,0.000586,0.021958,0.00177839,0.080444,-1.0,0.97502,1.0,0.085289,2444.7,10.7,17.1,386.1,100.0,1.0
366460,2294,156,5.455067,1.0,-0.317755,0.02481,0.0,0.00205219,-0.071182,-1.0,-0.314625,1.0,0.1986,2634.4,22.8,65.5,324.2,100.0,1.0
366618,2295,158,5.883853,0.512347,-0.31481,0.011158,0.0,0.00190849,-0.033025,-1.0,0.00814,1.0,0.169197,2427.1,19.8,51.5,488.8,100.0,1.0
366785,2296,167,4.478687,0.281263,-0.316897,0.0,0.0,0.00161672,-0.065602,-1.0,-0.099964,1.0,0.27803,3083.8,35.3,51.9,612.6,100.0,1.0
366950,2297,165,6.713984,0.2,-0.178408,0.017939,1.7e-05,0.00159891,0.042543,-0.989175,0.825727,1.0,0.219093,3851.2,27.6,43.0,647.8,100.0,1.0
367111,2298,161,8.532542,0.315789,-0.218056,0.0,1.7e-05,0.00194389,0.07636,-1.0,1.0,1.0,0.118198,3336.7,15.3,19.0,476.9,100.0,1.0
367275,2299,164,7.767045,0.371343,-0.18689,0.003097,7.6e-05,0.00164261,0.085008,-0.920186,1.0,1.0,0.214636,4114.1,28.4,26.0,467.9,100.0,1.0
367432,2300,157,7.380011,0.296788,-0.309244,0.009728,0.0,0.00230828,-0.025679,-1.0,-0.022444,1.0,0.117171,2332.0,10.6,71.9,271.2,100.0,1.0
367587,2301,155,6.805001,0.782362,-0.21472,0.015156,0.0,0.00215288,-0.023184,-1.0,0.174427,1.0,0.203134,3746.8,23.0,70.6,354.0,100.0,1.0
367746,2302,159,7.83178,0.2,-0.146935,0.011632,0.018258,0.0018312,0.06621,-0.852774,0.89965,1.0,0.376421,4370.9,47.9,68.1,677.0,100.0,1.0
367909,2303,163,7.58389,0.2,-0.065439,0.009187,0.030765,0.00149268,0.102739,-0.794808,0.898223,1.0,0.294503,4591.8,38.9,37.1,803.1,100.0,1.0
368067,2304,158,7.552031,0.2,-0.20883,0.023797,0.0,0.00159371,0.092753,-0.770069,0.8318,1.0,0.354513,4686.0,47.9,31.5,621.1,100.0,1.0
368232,2305,165,6.700113,0.2,-0.173343,0.014071,1.2e-05,0.00189319,-0.006702,-1.0,0.350325,1.0,0.208674,3720.7,24.7,59.1,519.5,100.0,1.0
368393,2306,161,8.792314,0.367911,-0.265075,0.01194,5.1e-05,0.00179629,0.111918,-0.803726,0.959175,1.0,0.263479,4557.8,32.6,58.2,453.4,100.0,1.0
368553,2307,160,3.947652,0.2,-0.346847,0.015101,0.0,0.00162881,-0.080506,-1.0,-0.433972,1.0,0.185545,2405.4,22.1,51.9,738.9,100.0,1.0
368713,2308,160,4.972988,1.0,-0.383129,0.002963,0.0,0.0018516,-0.069388,-1.0,-0.277159,1.0,0.20836,2432.4,23.5,73.0,495.1,100.0,1.0
368872,2309,159,9.006877,0.684071,-0.216056,0.026093,0.0,0.00198854,0.094693,-0.833444,0.931351,1.0,0.283682,4444.6,36.9,42.8,414.9,100.0,1.0
369030,2310,158,7.895317,0.2,-0.072083,0.006286,0.083734,0.00208506,0.030728,-1.0,0.903043,1.0,0.297883,3765.9,39.1,40.1,697.4,100.0,1.0
369193,2311,163,5.087692,0.93623,-0.326679,0.006141,0.0,0.00185959,-0.071005,-1.0,-0.380859,1.0,0.164596,2370.0,19.0,52.8,515.0,100.0,1.0
369354,2312,161,6.606134,0.2,-0.255601,0.0,0.370882,0.00157669,0.047508,-1.0,0.968031,1.0,0.246473,3705.3,32.5,32.0,918.3,100.0,1.0
369516,2313,162,7.454195,0.529463,-0.286436,0.021587,0.0,0.00171114,0.062807,-0.884875,0.857065,1.0,0.315967,4248.6,39.8,61.8,623.1,100.0,1.0
369676,2314,160,7.002869,0.554188,-0.415309,0.011225,0.0,0.0018961,0.016038,-1.0,0.559179,1.0,0.199401,2290.7,23.1,62.8,371.4,100.0,1.0
369840,2315,164,8.054538,0.611401,-0.316536,0.0,0.0,0.00192125,0.0523,-1.0,0.813996,1.0,0.145496,2858.2,17.3,41.0,523.4,100.0,1.0
369999,2316,159,7.689236,0.456163,-0.28969,0.007878,0.0,0.0023494,-0.022827,-1.0,0.032392,1.0,0.13033,2859.6,13.8,56.1,370.9,100.0,1.0
370161,2317,162,6.720244,0.410938,-0.194492,0.003496,0.0,0.00152813,0.058995,-1.0,1.0,1.0,0.205027,3335.4,27.3,23.4,798.3,100.0,1.0
370318,2318,157,5.210076,0.2,0.654104,0.0,0.304977,0.00193776,-0.06658,-1.0,-0.426988,1.0,0.119405,1475.3,14.9,25.7,506.0,100.0,1.0
370480,2319,162,8.120761,0.700172,-0.087065,0.019236,0.0,0.00168647,0.097169,-0.793184,0.90635,1.0,0.329256,4598.0,42.5,52.6,606.8,100.0,1.0
370643,2320,163,6.312479,0.267459,-0.14579,0.004685,0.000107,0.00171324,0.008621,-1.0,0.660442,1.0,0.287116,3618.7,37.3,42.8,661.8,100.0,1.0
370803,2321,160,6.343092,0.360121,-0.276887,0.021643,0.0,0.00178441,0.003748,-1.0,0.654553,1.0,0.308536,3585.9,39.3,55.6,567.5,100.0,1.0
370963,2322,160,6.952837,0.591759,-0.166568,0.0,0.0,0.00208263,-0.01617,-1.0,0.220796,1.0,0.191248,3604.1,24.1,37.1,442.8,100.0,1.0
371125,2323,162,5.777329,0.2,-0.196095,0.011731,0.017543,0.0014691,0.025451,-0.827457,0.400352,1.0,0.374873,4467.4,48.8,55.5,681.4,100.0,1.0
371283,2324,158,6.510104,0.440385,-0.321176,0.0,0.0,0.0015088,0.058436,-1.0,0.964689,1.0,0.190166,2646.6,24.5,30.8,454.3,100.0,1.0
371444,2325,161,6.452651,0.2,-0.232454,0.023188,0.0,0.00149003,0.05429,-1.0,1.0,1.0,0.22855,3741.7,30.6,24.5,798.9,100.0,1.0
371603,2326,159,8.313499,0.2,-0.123578,0.029176,0.056177,0.00169441,0.109578,-0.679445,0.692474,1.0,0.35932,5031.3,46.3,58.8,508.8,100.0,1.0
371756,2327,153,9.152124,1.0,-0.284764,0.015499,0.0,0.00211788,0.09316,-0.810886,0.869118,1.0,0.299709,4530.5,36.4,74.7,577.0,100.0,1.0
371919,2328,163,7.671685,0.810428,-0.313961,0.012038,0.0,0.001799,0.056465,-1.0,1.0,1.0,0.217677,3746.7,28.6,29.4,690.7,100.0,1.0
372079,2329,160,4.46864,0.946511,-0.400436,0.003655,0.0,0.00168814,-0.06641,-1.0,-0.326452,1.0,0.168821,2115.0,22.5,18.6,717.2,100.0,1.0
372236,2330,157,5.612922,0.718226,-0.297733,0.007484,0.0,0.00165141,-0.003445,-1.0,0.550129,1.0,0.292289,3380.0,38.9,33.4,625.3,100.0,1.0
372395,2331,159,8.160697,0.389699,-0.056724,0.0,0.0,0.00214078,0.031537,-1.0,0.656954,1.0,0.170792,3396.4,19.5,57.3,544.6,100.0,1.0
372556,2332,161,7.421671,0.516462,-0.198871,0.014168,2e-06,0.00172753,0.060104,-0.938657,0.932704,1.0,0.27318,4043.7,35.8,37.9,785.4,100.0,1.0
372717,2333,161,6.04552,0.2,-0.338783,0.0,0.08266,0.00160509,0.017079,-1.0,0.55061,1.0,0.189908,2472.0,24.2,34.4,572.4,100.0,1.0
372878,2334,161,9.518044,1.0,-0.150086,0.002396,0.0,0.00235957,0.053839,-1.0,1.0,1.0,0.230805,3343.2,29.0,46.2,522.6,100.0,1.0
373038,2335,160,9.127183,0.23285,-0.204245,0.017094,0.0,0.0023611,0.038198,-0.848306,0.403479,1.0,0.276213,4388.0,35.8,42.3,400.1,100.0,1.0
373198,2336,160,6.626702,0.509741,-0.344331,0.006942,5e-06,0.00209875,-0.033758,-1.0,0.044624,1.0,0.191104,2658.9,22.9,51.3,396.0,100.0,1.0
373358,2337,160,8.727205,0.239647,-0.179325,0.008492,0.02987,0.002113,0.059721,-1.0,1.0,1.0,0.201393,3135.9,27.7,12.7,390.8,100.0,1.0
373521,2338,163,7.408739,0.480173,-0.24836,0.004861,0.0,0.00162106,0.073472,-0.885118,0.814537,1.0,0.240953,4247.7,32.3,24.9,791.3,100.0,1.0
373679,2339,158,6.111395,0.212279,-0.381358,0.01337,0.0,0.00184311,-0.012659,-1.0,0.221683,1.0,0.174134,2444.7,20.4,52.4,438.6,100.0,1.0
373841,2340,162,5.535215,0.495749,-0.314919,0.008517,0.0,0.00182015,-0.042577,-1.0,-0.149996,1.0,0.137885,2243.0,16.8,34.1,419.4,100.0,1.0
374002,2341,161,10.448536,0.2,-0.070222,0.0,0.034421,0.00211549,0.135613,-0.686255,1.0,1.0,0.370989,5005.4,48.5,52.2,473.3,100.0,1.0
374164,2342,162,5.692256,0.2,-0.247743,0.0,0.090402,0.00166086,-0.009611,-1.0,0.375353,1.0,0.235729,3394.7,31.7,22.5,1106.5,100.0,1.0
374319,2343,155,7.342069,0.2,-0.315992,0.0,0.23732,0.00191113,0.038393,-1.0,0.796043,1.0,0.206056,3273.3,24.2,61.5,437.7,100.0,1.0
374482,2344,163,9.025018,0.2,-0.293438,0.0,0.000911,0.00289766,-0.060997,-1.0,-0.433262,1.0,0.088354,2607.3,8.1,52.4,357.8,100.0,1.0
374647,2345,165,5.906165,0.320609,-0.286292,0.016619,6.2e-05,0.00162956,0.000443,-1.0,0.39766,1.0,0.196617,3122.0,23.5,53.0,581.9,100.0,1.0
374800,2346,153,6.486339,0.2,-0.258086,0.01197,0.0,0.00173567,0.030196,-1.0,0.733554,1.0,0.215797,3703.8,26.4,51.1,701.9,100.0,1.0
374959,2347,159,4.823487,0.2,-0.215796,0.0,0.045346,0.00152384,-0.022366,-1.0,0.282956,1.0,0.253306,3044.0,32.0,49.4,709.9,100.0,1.0
375123,2348,164,6.15686,0.375885,-0.372662,0.0,4.2e-05,0.00182213,-0.018136,-1.0,0.037516,1.0,0.109439,1543.2,13.0,30.2,422.7,100.0,1.0
375282,2349,159,5.871174,0.2,-0.391494,0.02533,0.136727,0.00197589,-0.046506,-1.0,-0.051176,1.0,0.20694,2257.8,24.3,62.0,577.5,100.0,1.0
375436,2350,154,6.114812,0.210876,-0.34915,0.038017,0.01775,0.00187483,-0.00995,-1.0,0.262656,1.0,0.181079,2288.3,21.2,55.0,422.4,100.0,1.0
375599,2351,163,7.973491,1.0,-0.270762,0.018301,0.0,0.00198049,0.040686,-1.0,0.896591,1.0,0.244867,3727.3,31.1,45.4,759.4,100.0,1.0
375763,2352,164,7.297316,1.0,-0.109724,0.021584,0.0,0.00225719,-0.037501,-1.0,-0.01951,1.0,0.177749,3209.1,20.6,55.7,359.1,100.0,1.0
375914,2353,151,6.660466,0.237848,-0.31364,0.014723,0.011098,0.00176682,0.036872,-1.0,0.843009,1.0,0.237144,3492.6,29.7,48.3,615.7,100.0,1.0
376071,2354,157,5.024557,0.379359,-0.36277,0.004749,1e-06,0.00166142,-0.031772,-1.0,0.053755,1.0,0.185736,2323.6,22.2,50.2,625.1,100.0,1.0
376230,2355,159,5.980966,0.314656,-0.231866,0.004263,2.4e-05,0.00203843,-0.051459,-1.0,-0.327145,1.0,0.093723,2031.8,9.0,51.1,456.0,100.0,1.0
376380,2356,150,7.3771,0.2,-0.333176,0.020752,0.026217,0.0019748,0.040085,-0.961014,0.913393,1.0,0.324496,3958.5,41.4,58.1,424.5,100.0,1.0
376541,2357,161,3.488475,0.2,-0.482703,0.0,0.090734,0.00164049,-0.105081,-1.0,-0.808433,1.0,0.121188,1330.1,15.8,17.9,707.8,100.0,1.0
376697,2358,156,6.020568,0.2,-0.37614,0.0,0.026491,0.00182341,-0.010008,-1.0,0.249969,1.0,0.175022,2262.7,21.4,41.6,507.0,100.0,1.0
376855,2359,158,8.809279,0.640755,-0.003186,0.0,0.0,0.00182807,0.11272,-0.614228,0.698767,1.0,0.460887,5279.8,62.2,42.4,660.0,100.0,1.0
377019,2360,164,6.637235,0.519817,-0.161864,0.010203,0.0,0.00141751,0.070068,-0.897198,0.8953,1.0,0.277215,4201.7,37.5,24.5,988.2,100.0,1.0
377178,2361,159,4.802375,0.2,-0.109929,0.0,0.066665,0.00151567,-0.022102,-1.0,0.233956,1.0,0.227489,3349.8,27.9,53.1,841.7,100.0,1.0
377336,2362,158,5.159499,0.2,-0.309225,0.003818,0.001879,0.00187641,-0.061329,-1.0,-0.360148,1.0,0.12657,2296.2,14.0,47.4,522.7,100.0,1.0
377496,2363,160,6.731278,0.2,-0.195002,0.0,0.108972,0.001709,0.033321,-1.0,0.659045,1.0,0.162915,3225.8,21.6,19.4,691.9,100.0,1.0
377652,2364,156,5.155127,0.629562,-0.254926,0.015077,0.0,0.00162362,-0.018362,-1.0,0.348658,1.0,0.266141,3493.6,34.0,47.1,375.1,100.0,1.0
377804,2365,152,5.209876,0.521152,-0.313344,0.003867,0.0,0.0016115,-0.007548,-1.0,0.41019,1.0,0.242837,3089.9,30.1,53.9,644.7,100.0,1.0
377964,2366,160,4.113251,0.2,-0.249468,0.0055,0.013684,0.00151158,-0.054433,-1.0,-0.061475,1.0,0.241428,2996.9,31.7,33.1,817.5,100.0,1.0
378125,2367,161,7.521634,0.980191,-0.28705,0.003722,0.0,0.00192931,0.03206,-1.0,0.717643,1.0,0.198519,2712.5,25.2,36.7,522.5,100.0,1.0
378288,2368,163,5.694339,0.2,-0.330486,0.0,0.102869,0.00192242,-0.053931,-1.0,-0.246668,1.0,0.14632,2382.8,16.2,54.6,603.3,100.0,1.0
378446,2369,158,5.574261,0.212365,-0.238356,0.014779,0.000383,0.00175312,-0.023043,-1.0,0.180277,1.0,0.205353,3537.5,25.2,47.9,484.6,100.0,1.0
378612,2370,166,7.032564,0.341286,-0.063757,0.017038,0.000195,0.00166179,0.044505,-1.0,0.996947,1.0,0.275951,3738.1,37.3,24.6,655.7,100.0,1.0
378766,2371,154,6.340089,0.2,-0.146186,0.016344,0.0,0.0017487,0.019501,-1.0,0.636978,1.0,0.220984,3496.6,28.6,35.2,445.9,100.0,1.0
378920,2372,154,5.463241,0.2,-0.321078,0.000852,0.0,0.0016468,-0.004757,-1.0,0.322609,1.0,0.185088,2553.9,21.5,57.4,513.1,100.0,1.0
379085,2373,165,7.663971,0.393351,-0.319817,0.0,0.0,0.00183325,0.046577,-1.0,0.827933,1.0,0.181082,2990.9,21.4,51.9,474.6,100.0,1.0
379247,2374,162,5.817961,0.616619,-0.320826,0.022277,0.0,0.00156201,0.01193,-1.0,0.477422,1.0,0.179061,2749.0,22.7,33.4,728.3,100.0,1.0
379408,2375,161,6.12573,0.2,-0.319638,0.0164,5e-06,0.00166392,0.011085,-1.0,0.392097,1.0,0.140622,2517.5,16.0,48.2,624.9,100.0,1.0
379472,2376,64,-6.99679,0.364986,0.665706,0.0,1e-06,0.00217774,-0.800116,-1.0,-1.0,-1.0,0.000582,0.0,0.0,1.0,279.7,100.0,1.0
379634,2377,162,8.339782,0.309165,-0.107109,0.000795,3.2e-05,0.00213032,0.034826,-0.933635,0.640009,1.0,0.262014,4062.8,31.8,65.3,460.0,100.0,1.0
379804,2378,170,8.848009,0.870463,-0.169737,0.01415,0.0,0.0016695,0.119272,-0.753035,0.858195,1.0,0.264924,4750.9,33.2,53.6,469.2,100.0,1.0
379963,2379,159,7.779822,0.957838,-0.269517,0.0,0.0,0.00212631,0.016316,-1.0,0.581183,1.0,0.209011,3454.4,24.9,57.4,343.7,100.0,1.0
380125,2380,162,5.404981,0.246411,-0.325104,0.002084,8.7e-05,0.00160342,-0.013535,-1.0,0.195656,1.0,0.165505,2852.7,21.0,31.2,587.8,100.0,1.0
380284,2381,159,5.757694,0.2,-0.311561,0.012794,0.01458,0.00184235,-0.030669,-1.0,-0.004133,1.0,0.151279,2622.6,16.4,60.4,715.2,100.0,1.0
380441,2382,157,6.185168,0.2651,-0.181374,0.008845,0.000219,0.00157948,0.033753,-1.0,0.884135,1.0,0.273304,3694.6,34.9,48.9,794.5,100.0,1.0
380597,2383,156,6.835622,0.474929,-0.214602,0.000716,0.0,0.00187862,0.018271,-1.0,0.674131,1.0,0.24571,2915.5,33.6,17.3,572.3,100.0,1.0
380753,2384,156,5.268664,0.548638,-0.302607,0.0,0.0,0.0015454,-0.001121,-1.0,0.297273,1.0,0.154243,2810.9,18.5,41.5,543.8,100.0,1.0
380911,2385,158,7.372701,0.220709,-0.179235,0.009809,0.0,0.00175837,0.057933,-0.939209,1.0,1.0,0.31672,4041.6,43.9,15.2,671.8,100.0,1.0
381069,2386,158,5.976917,0.2,-0.279257,0.004798,0.053961,0.0017939,-0.011253,-1.0,0.265709,1.0,0.189121,2742.7,22.6,51.2,650.1,100.0,1.0
381226,2387,157,8.800356,0.207467,-0.145405,0.0,0.0,0.00237923,0.02722,-0.95267,0.779238,1.0,0.336347,3990.3,45.2,32.8,393.6,100.0,1.0
381390,2388,164,6.657597,0.835794,-0.264123,0.009803,0.0,0.00188329,-0.005639,-1.0,0.454623,1.0,0.255505,3213.5,30.9,64.8,649.8,100.0,1.0
381545,2389,155,5.477008,0.2,-0.117861,0.012541,0.04645,0.00146798,0.021902,-0.973711,0.69665,1.0,0.284824,3910.2,36.8,45.7,883.0,100.0,1.0
381708,2390,163,6.831798,0.2,-0.188125,0.008431,0.126483,0.00142982,0.078048,-0.771075,0.704577,1.0,0.362666,4682.2,48.4,39.6,784.6,100.0,1.0
381873,2391,165,7.53334,0.531702,-0.192488,0.004905,5e-06,0.00181964,0.042787,-0.91025,0.70034,1.0,0.2933,4151.9,37.0,57.3,470.1,100.0,1.0
382029,2392,156,4.338781,0.371426,-0.340185,0.006225,2.3e-05,0.00169741,-0.067233,-1.0,-0.318573,1.0,0.176879,1929.7,20.7,52.8,508.4,100.0,1.0
382184,2393,155,5.035825,1.0,-0.429818,0.007768,0.0,0.00195384,-0.073567,-1.0,0.09783,0.894225,0.231642,2191.8,28.9,48.6,385.9,100.0,1.0
382340,2394,156,5.24204,0.668842,-0.318763,0.002915,0.0,0.00168485,-0.024184,-1.0,0.245404,1.0,0.243621,2865.9,30.5,50.0,454.0,100.0,1.0
382495,2395,155,7.194796,0.2,-0.227274,0.005846,0.157688,0.00175492,0.055512,-1.0,1.0,1.0,0.222438,3281.7,27.3,52.5,715.9,100.0,1.0
382659,2396,164,9.991979,0.435563,-0.070418,0.013833,1.2e-05,0.00220827,0.092694,-0.794989,0.915485,1.0,0.35304,4591.1,46.2,49.0,483.3,100.0,1.0
382815,2397,156,6.554162,0.2,-0.229169,0.006344,0.065179,0.00154218,0.057795,-0.921583,0.911971,1.0,0.30424,4108.8,37.5,69.6,623.0,100.0,1.0
382977,2398,162,6.472824,0.2,-0.135428,0.0,0.020458,0.00168287,0.022032,-0.961466,0.568939,1.0,0.241745,3956.8,32.8,20.2,663.7,100.0,1.0
383140,2399,163,2.831273,0.2,-0.301505,0.007911,0.0,0.00169696,-0.147718,-1.0,-0.081469,0.792409,0.334571,3160.9,44.1,43.3,583.2,100.0,1.0
383300,2400,160,8.044038,0.270779,-0.218756,0.017686,1.6e-05,0.00187255,0.066514,-0.863295,0.793263,1.0,0.303296,4330.8,38.9,52.2,518.8,100.0,1.0
383460,2401,160,5.801082,0.369438,-0.442363,0.0,0.0,0.00192104,-0.043341,-1.0,-0.08414,1.0,0.174637,2060.6,22.3,30.8,487.0,100.0,1.0
383622,2402,162,7.500926,0.236528,-0.296006,0.0,6.2e-05,0.00177166,0.054372,-1.0,1.0,1.0,0.228138,3766.0,27.4,60.8,456.7,100.0,1.0
383776,2403,154,6.876817,0.2,-0.226479,0.008677,0.19937,0.00195158,0.012425,-1.0,0.524967,1.0,0.200358,2996.7,23.2,62.8,390.0,100.0,1.0
383928,2404,152,5.586458,1.0,-0.16936,0.0,0.0,0.0018777,-0.031174,-1.0,0.28828,1.0,0.300011,3518.9,37.0,68.7,511.1,100.0,1.0
384091,2405,163,7.371439,0.488141,-0.314638,0.000916,0.0,0.00174905,0.050346,-1.0,1.0,1.0,0.248271,3451.3,33.6,21.9,744.4,100.0,1.0
384250,2406,159,7.027475,0.496845,-0.307111,0.0,0.0,0.00190193,0.017375,-1.0,0.657513,1.0,0.241882,2734.1,30.7,44.9,588.6,100.0,1.0
384410,2407,160,8.023181,0.2,-0.294165,0.001114,0.009089,0.00180591,0.076151,-0.946665,1.0,1.0,0.212583,4013.2,27.0,39.3,497.5,100.0,1.0
384572,2408,162,7.469647,0.336916,-0.328615,0.0,0.0,0.00171402,0.062229,-1.0,1.0,1.0,0.188854,3510.7,24.8,25.6,482.5,100.0,1.0
384729,2409,157,7.6503,1.0,0.080497,0.023065,0.0,0.00188872,0.051571,-0.871879,0.692357,1.0,0.312535,4298.1,40.9,43.9,426.0,100.0,1.0
384891,2410,162,6.485326,0.2,-0.054006,0.025305,0.030026,0.00178018,0.006686,-0.894,0.43283,1.0,0.368484,4213.9,48.7,45.8,570.3,100.0,1.0
385049,2411,158,7.03501,0.2,-0.291794,0.015265,0.035437,0.00184148,0.029116,-0.979396,0.706015,1.0,0.243483,3888.5,29.9,57.0,477.5,100.0,1.0
385213,2412,164,9.973417,0.832428,-0.135846,0.011164,0.0,0.00191379,0.139887,-0.608454,0.781396,1.0,0.376468,5301.8,48.8,57.5,955.3,100.0,1.0
385375,2413,162,10.475286,0.2,-0.241146,0.019121,0.121328,0.00218514,0.122589,-0.748543,0.867933,1.0,0.261072,4768.1,31.1,71.8,470.7,100.0,1.0
385536,2414,161,6.009435,0.2,-0.273534,0.0,3.8e-05,0.0019497,-0.040487,-1.0,-0.099391,1.0,0.152738,2844.6,16.0,68.0,420.7,100.0,1.0
385697,2415,161,5.959445,0.2,-0.242385,0.0,0.035967,0.0015396,0.023261,-1.0,0.584973,1.0,0.17618,3454.1,23.1,24.2,442.9,100.0,1.0
385864,2416,167,7.026275,0.2,-0.294809,0.013642,0.152602,0.00175423,0.026686,-1.0,0.675862,1.0,0.204502,3567.0,25.0,49.1,605.1,100.0,1.0
386029,2417,165,6.734824,0.264899,-0.257479,0.0,0.0,0.00199551,-0.02289,-1.0,0.189683,1.0,0.20929,2726.1,27.0,33.3,465.1,100.0,1.0
386195,2418,166,6.476896,1.0,-0.493841,0.006912,0.0,0.00212847,-0.058691,-1.0,-0.3271,1.0,0.129906,1810.4,15.4,37.1,370.5,100.0,1.0
386356,2419,161,5.828222,0.502387,-0.41567,0.015581,2.5e-05,0.0023588,-0.114639,-1.0,-0.903078,1.0,0.121657,1818.5,12.8,53.5,313.2,100.0,1.0
386512,2420,156,8.213302,0.2,-0.069511,0.0,0.026654,0.00165655,0.115257,-0.751577,0.900455,1.0,0.308686,4756.5,40.2,45.7,765.4,100.0,1.0
386675,2421,163,9.590559,0.22272,-0.058132,0.0,2.7e-05,0.00216065,0.084142,-0.922375,0.951843,1.0,0.191055,4105.8,22.3,57.7,455.3,100.0,1.0
386833,2422,158,7.998515,0.740358,-0.287459,0.006637,0.0,0.00208568,0.03439,-0.989792,1.0,1.0,0.345912,3848.9,46.9,29.3,570.5,100.0,1.0
386992,2423,159,8.167465,0.2,-0.009426,0.015728,0.093066,0.0017216,0.097896,-0.742049,0.801132,1.0,0.362502,4792.8,46.2,65.6,702.5,100.0,1.0
387152,2424,160,8.948868,1.0,-0.246493,0.014077,0.0,0.00203574,0.081445,-0.88572,0.926256,1.0,0.255894,4245.4,31.3,61.4,292.7,100.0,1.0
387307,2425,155,6.675526,0.988482,-0.181883,0.021452,0.0,0.0019659,-0.000996,-1.0,0.437082,1.0,0.223519,3457.2,26.1,67.8,574.3,100.0,1.0
387468,2426,161,4.373052,0.463887,-0.185518,0.024497,1.8e-05,0.00144955,-0.034418,-1.0,0.327546,1.0,0.335863,3651.7,44.1,45.6,829.7,100.0,1.0
387627,2427,159,7.457507,0.2,-0.250457,0.013913,0.05387,0.00181749,0.050274,-0.979496,0.995268,1.0,0.282144,3888.1,34.6,66.1,780.9,100.0,1.0
387784,2428,157,3.473942,0.908541,-0.501212,0.009988,0.0,0.00172809,-0.113269,-1.0,-0.003775,0.810969,0.233655,2197.3,30.3,35.5,421.2,100.0,1.0
387951,2429,167,6.65958,0.2,-0.338114,0.008734,0.0,0.00166278,0.025243,-1.0,0.770272,1.0,0.25892,3326.9,32.0,57.8,626.4,100.0,1.0
388107,2430,156,5.913,0.202995,-0.256738,0.010142,0.0,0.00168857,0.005538,-1.0,0.650314,1.0,0.297467,3786.4,38.6,45.0,801.9,100.0,1.0
388265,2431,158,8.166069,1.0,-0.128309,0.0,0.0,0.00211774,0.036798,-1.0,0.862182,1.0,0.2471,3805.7,30.8,52.2,410.8,100.0,1.0
388425,2432,160,5.79024,0.430804,-0.416859,0.0009,5e-06,0.0019813,-0.053663,-1.0,-0.201488,1.0,0.167573,2102.9,21.9,23.3,396.5,100.0,1.0
388582,2433,157,8.295613,0.400146,-0.291127,0.002269,0.0,0.00207721,0.051189,-1.0,1.0,1.0,0.244057,3198.5,30.3,53.4,707.5,100.0,1.0
388742,2434,160,6.819989,0.261917,-0.095468,0.0174,0.000106,0.00162965,0.049469,-0.917482,0.835447,1.0,0.314786,4124.4,41.7,38.1,675.3,100.0,1.0
388900,2435,158,9.202684,1.0,-0.156764,0.013236,0.0,0.00212057,0.083521,-0.826766,0.947764,1.0,0.359434,4470.0,46.1,60.8,456.1,100.0,1.0
389054,2436,154,5.233364,0.2,-0.129198,0.000952,0.035521,0.00144432,0.015611,-0.971277,0.613997,1.0,0.27921,3919.4,37.1,32.7,788.3,100.0,1.0
389216,2437,162,7.992967,0.493285,-0.22368,0.00719,0.0,0.00142349,0.132903,-0.712657,0.958522,1.0,0.317599,4904.8,40.9,52.1,787.8,100.0,1.0
389372,2438,156,9.42138,0.2,-0.004223,0.0,0.015897,0.00210599,0.099913,-0.774296,0.792268,1.0,0.291553,4669.9,38.4,38.0,519.0,100.0,1.0
389538,2439,166,8.774061,0.597829,-0.114218,0.0,0.0,0.00141037,0.164884,-0.550455,0.911131,1.0,0.417848,5522.8,55.2,52.1,1029.8,100.0,1.0
389696,2440,158,7.299905,0.2,-0.224354,0.004765,0.020136,0.00183442,0.042116,-1.0,1.0,1.0,0.289422,3461.2,37.6,43.8,716.9,100.0,1.0
389861,2441,165,5.597933,0.450191,-0.33113,0.004899,0.0,0.00171608,-0.028592,-1.0,0.121117,1.0,0.203518,2752.9,24.9,49.1,706.0,100.0,1.0
390026,2442,165,6.475197,0.2,-0.210211,0.018937,0.0,0.00178039,0.000667,-1.0,0.409946,1.0,0.201636,3604.8,24.5,50.0,530.2,100.0,1.0
390189,2443,163,2.461651,0.903089,-0.319252,0.0,0.0,0.00176643,-0.175993,-1.0,0.131367,0.651674,0.336079,2913.0,44.1,45.7,709.3,100.0,1.0
390352,2444,163,6.57859,0.647825,-0.364444,0.00629,0.0,0.00197005,-0.022003,-1.0,0.09877,1.0,0.1594,2609.1,16.3,75.9,401.8,100.0,1.0
390515,2445,163,5.169978,0.720535,-0.486692,0.011693,0.0,0.00213366,-0.112717,-1.0,0.024654,0.797163,0.22095,2121.1,29.5,24.0,392.9,100.0,1.0
390670,2446,155,9.959469,0.2,-0.360046,0.022038,0.018324,0.00250072,0.065265,-1.0,1.0,1.0,0.173677,2424.2,21.4,40.3,263.8,100.0,1.0
390832,2447,162,5.519774,0.2,-0.419501,0.010059,0.072615,0.0018756,-0.052802,-1.0,-0.154799,1.0,0.186611,2303.7,24.2,28.7,422.0,100.0,1.0
390994,2448,162,3.117855,0.2,-0.25189,0.0,0.06543,0.00189795,-0.16567,-1.0,1.0,0.449927,0.36572,2928.6,50.5,20.4,822.0,100.0,1.0
391154,2449,160,6.387945,0.2,-0.173308,0.004759,0.045825,0.00180889,0.001118,-0.927888,0.438983,1.0,0.340097,4084.7,43.6,58.0,751.0,100.0,1.0
391315,2450,161,8.095374,0.2,-0.288082,0.0,0.038709,0.00186805,0.067443,-1.0,1.0,1.0,0.162787,3297.1,22.5,8.9,574.7,100.0,1.0
391471,2451,156,3.935878,0.2,-0.481684,0.0,0.02217,0.00181176,-0.103616,-1.0,-0.378223,0.929425,0.205464,2075.5,26.9,28.7,690.3,100.0,1.0
391632,2452,161,5.310091,0.2,-0.031161,0.001598,0.019686,0.00153948,-0.006332,-0.952185,0.522896,1.0,0.376784,3992.2,48.8,58.6,946.9,100.0,1.0
391791,2453,159,8.724177,0.355974,-0.023739,0.019389,0.009254,0.00153918,0.152039,-0.63475,1.0,1.0,0.378993,5201.6,49.6,52.4,613.1,100.0,1.0
391950,2454,159,6.98895,0.226877,-0.23885,0.025673,0.000166,0.00163375,0.058066,-0.839405,0.774081,1.0,0.377751,4421.9,49.7,50.1,504.9,100.0,1.0
392109,2455,159,5.294366,0.586529,-0.463011,0.021842,0.0,0.00194687,-0.068792,-1.0,-0.353486,1.0,0.167215,2069.3,19.9,46.9,383.1,100.0,1.0
392269,2456,160,5.843394,0.310913,-0.293272,0.003978,1.2e-05,0.00198762,-0.052299,-1.0,-0.316146,1.0,0.103421,2144.6,9.2,65.1,474.2,100.0,1.0
392430,2457,161,8.087881,0.336364,-0.239131,0.000851,1e-06,0.00214264,0.022832,-1.0,0.792452,1.0,0.282064,3155.9,36.6,43.1,481.8,100.0,1.0
392587,2458,157,7.826713,0.2,-0.014057,0.010125,0.020979,0.0016099,0.103171,-0.791928,0.969548,1.0,0.333044,4602.8,44.3,38.1,617.7,100.0,1.0
392750,2459,163,4.572722,0.909685,-0.339994,0.017955,0.0,0.00174476,-0.076457,-1.0,-0.293352,1.0,0.235611,2657.8,28.0,66.4,613.6,100.0,1.0
392910,2460,160,10.16495,0.2,-0.069466,0.005927,2e-06,0.00206732,0.131428,-0.6085,0.828923,1.0,0.442446,5301.6,57.9,61.6,540.3,100.0,1.0
393071,2461,161,3.400227,0.2,-0.302302,0.008531,0.0,0.00148707,-0.08479,-1.0,-0.00925,0.957884,0.345623,3490.3,44.6,56.1,895.7,100.0,1.0
393239,2462,168,7.062216,0.825099,-0.413557,0.017303,0.000291,0.00217293,-0.043932,-1.0,-0.128636,1.0,0.155343,1796.7,18.1,47.5,566.9,100.0,1.0
393395,2463,156,7.797087,0.2,-0.204814,0.011998,0.133624,0.00222145,0.00802,-0.807223,0.921496,0.834286,0.468008,4544.5,61.9,57.4,711.5,100.0,1.0
393557,2464,162,5.674216,0.636978,-0.188535,0.015008,0.0,0.0017407,-0.023934,-1.0,0.44075,1.0,0.340045,3715.9,43.7,56.7,751.8,100.0,1.0
393719,2465,162,7.274315,0.350728,-0.195708,0.022943,0.000133,0.0020887,-0.007558,-1.0,0.346302,1.0,0.210942,3449.5,26.7,40.5,494.3,100.0,1.0
393877,2466,158,7.576118,0.2,-0.197387,0.008293,0.030194,0.00151995,0.104396,-0.781389,0.918049,1.0,0.319613,4642.9,42.0,42.6,801.9,100.0,1.0
394035,2467,158,5.947103,0.2,-0.35351,0.012597,0.173999,0.00185047,-0.021923,-1.0,0.244992,1.0,0.232113,2462.8,29.5,42.3,504.5,100.0,1.0
394192,2468,157,5.61965,0.767056,-0.163928,0.023059,0.0,0.00192041,-0.045945,-1.0,0.350673,0.962988,0.340289,3393.3,43.2,63.0,553.0,100.0,1.0
394354,2469,162,8.144737,0.201894,-0.142358,0.012402,3e-06,0.00161453,0.108813,-0.70737,0.809008,1.0,0.372544,4924.9,47.1,71.6,861.3,100.0,1.0
394517,2470,163,3.564621,0.336298,-0.489131,0.011395,3e-05,0.00207289,-0.175807,-1.0,-0.815373,0.814525,0.146768,1300.2,17.9,35.6,398.9,100.0,1.0
394679,2471,162,5.931666,0.2,-0.343685,0.00309,0.055266,0.00143308,0.03759,-1.0,0.854746,1.0,0.239425,3467.4,30.2,47.2,821.9,100.0,1.0
394838,2472,159,9.055697,0.583421,-0.306379,0.004386,0.0,0.00225979,0.052496,-0.998471,1.0,1.0,0.240197,3815.8,29.6,55.1,387.2,100.0,1.0
395001,2473,163,0.069497,0.356802,-0.384145,0.013649,0.010643,0.00145018,-0.233202,-1.0,-0.037138,0.554354,0.367564,2951.8,47.5,58.7,583.5,100.0,1.0
395165,2474,164,9.118104,0.842189,-0.28386,0.009125,0.0,0.00218219,0.056786,-0.946754,1.0,1.0,0.309249,4012.9,40.4,44.2,462.0,100.0,1.0
395322,2475,157,6.925979,0.32715,-0.142528,0.013351,0.0,0.00189084,0.018144,-1.0,0.625666,1.0,0.222115,3729.2,27.2,52.9,588.2,100.0,1.0
395485,2476,163,3.661783,0.336777,-0.369796,0.0,0.000184,0.00210745,-0.176982,-1.0,0.912575,0.475203,0.422801,3347.3,56.7,42.9,667.8,100.0,1.0
395648,2477,163,6.771723,0.314047,-0.198464,0.009665,0.000125,0.00190278,-0.002148,-0.949286,0.415617,1.0,0.307299,4003.2,37.9,69.9,466.9,100.0,1.0
395807,2478,159,6.428336,0.2,-0.177466,0.008091,0.047161,0.00159227,0.039204,-1.0,0.91063,1.0,0.259295,3609.3,32.9,48.0,865.9,100.0,1.0
395967,2479,160,6.712711,1.0,-0.251459,0.005716,0.0,0.00226339,-0.056846,-1.0,-0.09222,1.0,0.238121,3371.1,28.4,65.5,324.0,100.0,1.0
396122,2480,155,3.228577,0.869017,-0.390302,0.007216,0.0,0.00167577,-0.112894,-1.0,0.163548,0.793117,0.284196,2541.7,35.4,60.2,498.9,100.0,1.0
396286,2481,164,5.861733,0.2,-0.199165,0.0,0.0,0.00152767,0.016051,-1.0,0.711035,1.0,0.275264,3737.2,35.8,41.2,895.4,100.0,1.0
396445,2482,159,7.889898,0.358236,-0.124646,0.0,0.0,0.00212542,0.020862,-0.995253,0.762675,1.0,0.285334,3828.1,35.8,57.6,566.4,100.0,1.0
396604,2483,159,10.986385,0.614411,-0.072116,0.011942,1e-05,0.00235042,0.125936,-0.679523,1.0,1.0,0.431157,5031.0,57.6,46.7,510.0,100.0,1.0
396769,2484,165,5.21893,0.2,0.658328,0.001811,0.148703,0.00186351,-0.070098,-1.0,-0.576706,1.0,0.062135,1034.6,7.1,21.1,317.5,100.0,1.0
396931,2485,162,8.477168,0.2,-0.207855,0.0,0.070372,0.00215755,0.036036,-0.96656,0.82242,1.0,0.289549,3937.4,35.6,67.5,502.9,100.0,1.0
397091,2486,160,6.234851,0.231932,-0.202999,0.018166,0.016681,0.00171401,0.00934,-1.0,0.649432,1.0,0.278015,3308.3,34.3,63.0,561.3,100.0,1.0
397253,2487,162,10.239449,1.0,-0.007439,0.02182,0.0,0.00212661,0.121189,-0.688282,0.882509,1.0,0.380817,4997.6,49.3,59.9,435.3,100.0,1.0
397408,2488,155,3.229692,0.551785,-0.368605,0.012506,0.0,0.00160609,-0.102047,-1.0,0.010227,0.840969,0.237043,2250.7,30.6,38.5,586.6,100.0,1.0
397572,2489,164,7.251215,0.2,-0.175118,0.014254,0.0,0.00170503,0.050151,-0.917303,0.815579,1.0,0.301755,4125.1,39.0,47.4,488.0,100.0,1.0
397733,2490,161,5.195264,0.439716,-0.385947,0.0,0.0,0.00186825,-0.06452,-1.0,-0.343601,1.0,0.1508,2007.4,19.7,21.3,532.0,100.0,1.0
397895,2491,162,-1.182396,1.0,0.661821,0.0,0.0,0.00222493,-0.414228,-1.0,-0.421732,0.148644,0.370399,2225.4,48.4,52.2,397.1,100.0,1.0
398055,2492,160,10.171952,1.0,0.000504,0.01162,0.0,0.0021171,0.123858,-0.640886,0.678373,1.0,0.348348,5178.2,44.3,63.2,425.9,100.0,1.0
398210,2493,155,8.540083,0.320828,-0.168367,0.013418,0.0,0.00175141,0.116909,-0.760271,1.0,1.0,0.334979,4723.4,44.1,43.3,544.8,100.0,1.0
398366,2494,156,7.661463,0.330799,0.645883,0.0,0.0,0.00251574,-0.044047,-1.0,-0.067318,0.987662,0.164983,1704.7,21.4,24.8,305.4,100.0,1.0
398526,2495,160,1.670957,0.356735,-0.325079,0.0023,0.0,0.00143736,-0.15397,-1.0,0.086304,0.737716,0.354005,3116.8,44.8,66.9,738.0,100.0,1.0
398685,2496,159,7.431235,0.2,-0.15904,0.003971,0.057542,0.00193077,0.030959,-0.970857,0.817304,1.0,0.304857,3921.0,40.6,34.4,688.2,100.0,1.0
398850,2497,165,5.412581,1.0,-0.265317,0.0,0.0,0.00203351,-0.089379,-1.0,-0.494511,1.0,0.199641,2651.8,22.3,73.1,336.6,100.0,1.0
399011,2498,161,6.145373,0.915117,-0.281722,0.010807,0.0,0.0017635,-0.004463,-1.0,0.512992,1.0,0.278813,3497.7,37.1,31.9,576.8,100.0,1.0
399172,2499,161,7.656839,0.323152,-0.291618,0.004287,0.0,0.00220182,-0.006313,-1.0,0.099712,1.0,0.081419,2569.5,8.4,38.1,456.4,100.0,1.0
399335,2500,163,4.296949,0.688814,-0.063181,0.014532,0.0,0.00133994,-0.022988,-0.944411,0.334546,1.0,0.379495,4021.8,49.7,52.2,803.1,100.0,1.0
399496,2501,161,6.773015,0.52341,-0.152239,0.014157,2e-06,0.00179074,0.019684,-0.964871,0.62386,1.0,0.274987,3943.8,33.5,67.0,582.8,100.0,1.0
399658,2502,162,4.156681,0.776241,-0.422611,0.015048,0.0,0.00161669,-0.072889,-1.0,0.014076,0.916856,0.225979,2275.2,29.7,30.4,550.3,100.0,1.0
399815,2503,157,2.814451,0.2,-0.398438,0.001717,0.02452,0.00164655,-0.130531,-1.0,-0.360548,0.860796,0.228776,2074.1,27.9,56.2,784.0,100.0,1.0
399973,2504,158,6.892242,0.248152,-0.35588,0.016732,0.034715,0.00228859,-0.048232,-0.982203,0.887615,0.822304,0.405142,3877.8,53.2,54.6,511.2,100.0,1.0
400135,2505,162,7.934514,0.50947,-0.172534,0.009144,0.0,0.00232915,-0.016533,-0.896475,0.53883,0.93364,0.417121,4204.4,54.4,61.0,529.3,100.0,1.0
400295,2506,160,8.299137,1.0,0.00934,0.021324,0.0,0.00196705,0.062702,-0.863441,0.764523,1.0,0.307729,4330.3,38.2,67.7,474.2,100.0,1.0
400458,2507,163,7.955078,0.2,-0.121931,0.025758,0.000284,0.00192733,0.047611,-0.875018,0.61864,1.0,0.289985,4286.2,35.9,64.9,506.0,100.0,1.0
400616,2508,158,3.578634,0.2,-0.41173,0.015552,0.031294,0.00161488,-0.092403,-1.0,-0.634788,1.0,0.144623,2065.4,16.3,50.6,554.2,100.0,1.0
400771,2509,155,4.619053,0.67491,-0.292353,0.015519,0.0,0.00158899,-0.036247,-1.0,0.228641,1.0,0.295556,3420.2,37.5,55.2,585.4,100.0,1.0
400934,2510,163,-1.911615,0.423694,0.672339,0.008141,0.0,0.00227352,-0.544502,-1.0,-0.515336,-0.207643,0.351469,1526.9,48.2,23.7,459.8,100.0,1.0
401097,2511,163,7.964505,0.390448,-0.117913,0.019486,1.2e-05,0.00165405,0.092602,-0.748934,0.719033,1.0,0.335872,4766.6,41.6,74.3,487.0,100.0,1.0
401258,2512,161,10.05418,0.2,-0.034104,0.012916,0.047492,0.00202062,0.131904,-0.637903,0.949421,1.0,0.448863,5189.6,58.4,66.8,688.2,100.0,1.0
401419,2513,161,7.249118,0.320951,-0.195572,0.018654,3.8e-05,0.00185633,0.030796,-0.906536,0.655233,1.0,0.337197,4166.1,41.9,72.7,409.8,100.0,1.0
401582,2514,163,9.732416,0.349439,-0.312029,0.019741,0.000342,0.00250091,0.034963,-1.0,1.0,1.0,0.325187,3744.6,45.0,17.4,429.8,100.0,1.0
401744,2515,162,7.886429,0.282985,-0.12799,0.015061,3e-06,0.00184195,0.060343,-0.908239,0.904958,1.0,0.311347,4159.6,39.7,55.2,568.6,100.0,1.0
401899,2516,155,7.127255,1.0,-0.32703,0.012878,0.0,0.00230514,-0.033089,-1.0,-0.018493,1.0,0.156198,3055.9,15.9,74.3,322.2,100.0,1.0
402055,2517,156,5.489695,0.43797,-0.449087,0.004728,5.4e-05,0.00232296,-0.112656,-1.0,-0.902076,1.0,0.112242,1392.7,10.6,63.1,328.7,100.0,1.0
402216,2518,161,5.401461,0.2,-0.115658,0.018331,0.036687,0.0013363,0.030601,-0.992848,0.882427,1.0,0.300724,3837.3,37.9,58.9,1003.1,100.0,1.0
402376,2519,160,8.92666,1.0,-0.241688,0.007847,0.0,0.0018613,0.108283,-0.689359,0.718981,1.0,0.361695,4993.5,44.8,80.3,496.2,100.0,1.0
402532,2520,156,8.565147,0.277647,-0.1317,0.031639,0.009191,0.00182254,0.105304,-0.787856,0.934374,1.0,0.311918,4618.3,40.8,43.7,668.3,100.0,1.0
402695,2521,163,9.525343,0.363945,0.016025,0.009945,1.5e-05,0.00173499,0.150467,-0.495998,0.720652,1.0,0.489992,5730.2,65.1,56.7,759.7,100.0,1.0
402855,2522,160,8.323115,0.24404,-0.028104,0.027841,0.017054,0.00189546,0.075301,-0.783279,0.765513,1.0,0.385516,4635.7,48.7,74.0,649.6,100.0,1.0
403016,2523,161,8.978574,0.395632,-0.086808,0.040858,0.0,0.00193183,0.097349,-0.694087,0.724514,1.0,0.410862,4975.5,53.3,62.6,687.7,100.0,1.0
403179,2524,163,4.187873,0.2,-0.415062,0.0,0.0,0.0017036,-0.087204,-1.0,-0.473784,1.0,0.199127,2184.8,24.4,47.4,772.5,100.0,1.0
403339,2525,160,8.251526,0.845065,-0.071662,0.022468,1e-06,0.00187084,0.075949,-0.805908,0.684226,1.0,0.302029,4549.5,40.5,31.3,623.7,100.0,1.0
403500,2526,161,4.129984,0.2,-0.346416,0.004599,0.0,0.00142436,-0.041487,-1.0,0.016049,1.0,0.215462,2753.0,25.8,57.6,689.4,100.0,1.0
403662,2527,162,-0.752451,0.956219,0.694336,0.000874,0.0,0.00238608,-0.420792,-1.0,-0.164556,0.055518,0.36884,2128.2,50.4,26.7,471.7,100.0,1.0
403827,2528,165,7.762593,0.2,-0.16378,0.0,0.085502,0.00183157,0.050813,-0.960256,0.938057,1.0,0.284512,3961.4,38.2,29.0,528.2,100.0,1.0
403987,2529,160,7.201516,0.797521,-0.165773,0.016925,0.0,0.00243141,-0.061537,-0.925331,0.909367,0.736649,0.432174,4094.5,58.9,32.6,551.6,100.0,1.0
404146,2530,159,10.133791,0.750848,-0.060423,0.006498,0.0,0.00232464,0.091313,-0.779951,0.612057,1.0,0.234549,4648.4,30.0,41.1,488.3,100.0,1.0
404307,2531,161,7.006497,0.666213,-0.241598,0.005319,0.0,0.00174638,0.037551,-0.999275,0.815545,1.0,0.221287,3812.8,28.6,35.6,579.5,100.0,1.0
404467,2532,160,9.572755,0.2,-0.256833,0.0,0.0,0.00230286,0.066991,-0.916096,1.0,1.0,0.311878,4129.7,41.6,34.2,422.1,100.0,1.0
404627,2533,160,7.578688,0.2,-0.32458,0.00718,0.319176,0.00202544,0.020716,-1.0,0.760349,1.0,0.276595,3222.2,33.8,66.3,556.6,100.0,1.0
404783,2534,156,4.597073,0.725375,-0.429652,0.0,0.0,0.00158802,-0.038587,-1.0,-0.188008,1.0,0.098932,1690.3,12.8,16.1,517.1,100.0,1.0
404945,2535,162,2.470279,0.209918,-0.509185,0.0,0.024098,0.00158742,-0.144777,-1.0,-0.016893,0.716739,0.219733,2064.2,30.1,15.5,1025.6,100.0,1.0
405108,2536,163,6.50268,0.811707,-0.287305,0.018976,0.0,0.00183361,-0.003082,-1.0,0.392676,1.0,0.211746,3627.9,28.3,22.9,403.6,100.0,1.0
405265,2537,157,1.817438,0.573618,-0.327846,0.012931,0.0,0.00189535,-0.214904,-1.0,0.325681,0.518685,0.395057,3172.3,52.2,49.2,708.6,100.0,1.0
405423,2538,158,6.111628,0.793325,-0.39363,0.001312,0.0,0.00199814,-0.037707,-1.0,0.163708,1.0,0.270387,3022.1,31.8,79.7,281.7,100.0,1.0
405591,2539,168,-1.205133,0.393821,0.685738,0.009452,0.000106,0.00197604,-0.38681,-1.0,0.249301,0.012686,0.330901,1880.4,46.4,9.9,844.4,100.0,1.0
405749,2540,158,8.697964,0.310322,-0.132863,0.016043,5.5e-05,0.00187031,0.100147,-0.70369,0.824922,1.0,0.430268,4938.9,56.4,59.5,561.5,100.0,1.0
405902,2541,153,8.962888,0.2,-0.145524,0.0132,0.038033,0.00176711,0.137331,-0.677891,1.0,1.0,0.377034,5037.2,51.1,31.8,709.0,100.0,1.0
406064,2542,162,11.646518,0.811722,-0.027414,0.031683,0.0,0.00284751,0.068537,-0.849335,0.747567,1.0,0.294762,4384.0,37.7,51.2,362.0,100.0,1.0
406223,2543,159,7.569885,1.0,-0.304338,0.018771,0.0,0.00232724,-0.025526,-1.0,0.189419,1.0,0.222341,3266.0,24.1,89.2,311.8,100.0,1.0
406382,2544,159,5.321056,0.2,-0.340432,0.007481,0.057856,0.00188316,-0.057242,-1.0,-0.331318,1.0,0.12055,2259.3,14.2,35.4,381.4,100.0,1.0
406546,2545,164,7.973546,0.547482,-0.20339,0.0,0.0,0.00186086,0.057709,-0.947687,0.840586,1.0,0.223295,4009.3,30.4,16.9,578.7,100.0,1.0
406703,2546,157,5.812424,0.2,-0.34544,0.0,0.01713,0.00178971,-0.016456,-1.0,0.127348,1.0,0.145955,2509.2,18.2,30.4,489.0,100.0,1.0
406863,2547,160,6.483715,1.0,-0.438702,0.003189,0.0,0.00252062,-0.108239,-1.0,-1.0,1.0,0.041196,1201.7,3.0,34.0,174.1,100.0,1.0
407023,2548,160,7.663133,0.2,-0.15785,0.014737,0.328686,0.00196626,0.034181,-0.906513,0.583237,1.0,0.284313,4166.2,35.0,65.3,579.5,100.0,1.0
407181,2549,158,0.951169,0.441816,-0.427264,0.014842,0.0,0.00159696,-0.209015,-1.0,-0.342888,0.660174,0.278934,2370.0,35.7,48.5,568.1,100.0,1.0
407340,2550,159,7.221563,0.392786,-0.206782,0.009508,0.0,0.00228494,-0.034632,-1.0,0.390959,0.982477,0.337974,3585.7,45.2,35.8,249.2,100.0,1.0
407499,2551,159,-1.132238,0.2,0.635736,0.014696,0.191544,0.00246131,-0.442961,-1.0,-0.224597,-0.045484,0.272907,1409.8,36.9,24.1,703.5,100.0,1.0
407660,2552,161,-1.588323,0.2,0.662704,0.001619,0.0,0.00239106,-0.474126,-1.0,-0.741893,-0.048173,0.165383,865.1,22.7,10.5,336.1,100.0,1.0
407825,2553,165,3.985819,0.2,-0.422012,0.006025,0.249571,0.00159892,-0.082337,-1.0,-0.202537,0.940781,0.206784,2131.6,27.5,24.3,623.1,100.0,1.0
407985,2554,160,6.708862,0.84005,-0.252606,0.02431,0.0,0.00175954,0.023904,-0.978552,0.798693,1.0,0.317359,3891.7,43.4,22.4,587.2,100.0,1.0
408140,2555,155,8.086321,0.2,-0.155819,0.005628,0.000136,0.00202352,0.054482,-0.802405,0.609998,1.0,0.378379,4562.8,46.9,83.4,575.9,100.0,1.0
408302,2556,162,7.415989,1.0,-0.221138,0.0,0.0,0.00182654,0.041722,-0.946813,0.857169,1.0,0.313052,4012.6,40.2,52.3,542.4,100.0,1.0
408467,2557,165,6.020373,0.38985,-0.404951,0.016917,9e-06,0.00202634,-0.060275,-1.0,-0.43837,1.0,0.082191,1531.6,8.9,33.7,413.3,100.0,1.0
408621,2558,154,4.813575,0.502163,-0.297965,0.005036,0.0,0.00161431,-0.029467,-1.0,0.232963,1.0,0.263819,2996.1,35.1,29.6,588.8,100.0,1.0
408786,2559,165,6.114621,0.419932,-0.214028,0.012004,9e-06,0.00170552,-0.003065,-1.0,0.312167,1.0,0.17141,3260.2,20.0,52.9,677.3,100.0,1.0
408943,2560,157,5.243037,0.2,-0.163224,0.01932,0.0,0.00158807,-0.01067,-0.980706,0.381718,1.0,0.277973,3883.5,33.7,69.7,674.0,100.0,1.0
409101,2561,158,8.71742,0.460687,-0.137361,0.015026,2.3e-05,0.00200152,0.080532,-0.843772,0.75407,1.0,0.247771,4405.2,29.9,63.9,437.0,100.0,1.0
409256,2562,155,6.41634,1.0,0.672751,0.003639,0.0,0.00267661,-0.122845,-1.0,0.751438,0.572643,0.24207,2083.7,33.1,17.0,589.0,100.0,1.0
409417,2563,161,2.565129,0.2,-0.249179,0.012065,0.023931,0.00147785,-0.121153,-1.0,0.142225,0.838237,0.393795,3713.4,50.5,67.1,687.1,100.0,1.0
409577,2564,160,8.876215,0.2,-0.064423,0.01924,0.03332,0.00199112,0.085454,-0.652221,1.0,0.895796,0.498984,5135.0,67.7,41.6,843.8,100.0,1.0
409739,2565,162,8.764582,1.0,0.02097,0.003982,0.0,0.002139,0.052454,-0.903798,0.789682,1.0,0.300924,4176.5,36.0,82.1,525.3,100.0,1.0
409893,2566,154,6.440116,0.2,-0.27795,0.014203,0.102549,0.00194868,-0.006941,-1.0,0.386435,1.0,0.227921,3454.4,27.7,56.4,634.4,100.0,1.0
410053,2567,160,9.49851,0.786649,-0.326392,0.015193,0.002679,0.00260963,0.014837,-1.0,0.303762,1.0,0.077694,2858.4,6.2,56.8,219.7,100.0,1.0
410214,2568,161,8.596435,0.432198,-0.117857,0.0068,0.0,0.00159278,0.134929,-0.570418,0.747501,1.0,0.450872,5446.7,58.8,65.7,581.4,100.0,1.0
410370,2569,156,5.51128,0.414093,0.721014,0.034875,0.0,0.00259012,-0.153179,-1.0,0.90344,0.513263,0.365823,3044.7,50.3,22.9,437.9,100.0,1.0
410521,2570,151,5.462183,0.2,-0.305148,0.017141,0.0,0.00230032,-0.098637,-1.0,-0.723966,1.0,0.131204,1730.0,12.4,74.6,257.1,100.0,1.0
410679,2571,158,7.138262,0.2,-0.20622,0.016413,0.05181,0.00195169,0.01668,-1.0,0.693257,1.0,0.263226,3553.6,31.8,68.3,641.7,100.0,1.0
410846,2572,167,8.32165,0.2,-0.217186,0.002946,0.01872,0.00194323,0.054413,-0.975924,1.0,1.0,0.270067,3901.7,36.8,20.3,493.2,100.0,1.0
411005,2573,159,4.588232,0.576656,0.632204,0.0,0.0,0.00196437,-0.103401,-1.0,-0.950343,1.0,0.041834,766.2,5.0,11.6,261.9,100.0,1.0
411161,2574,156,7.765945,0.779109,-0.143412,0.015153,0.0,0.00206233,0.031897,-1.0,0.599707,1.0,0.140367,3557.6,15.6,51.5,393.7,100.0,1.0
411318,2575,157,4.821837,0.51402,0.677721,0.0,0.0,0.0021228,-0.113719,-1.0,-1.0,1.0,0.068596,985.9,7.9,22.0,359.4,100.0,1.0
411478,2576,160,9.408182,1.0,-0.006661,0.023113,0.0,0.00202457,0.104475,-0.676758,0.623807,1.0,0.355201,5041.6,46.6,48.0,359.3,100.0,1.0
411638,2577,160,6.122562,0.2,-0.441149,0.022528,0.084521,0.0020509,-0.049362,-1.0,-0.315883,1.0,0.088868,1869.1,8.2,52.2,366.9,100.0,1.0
411802,2578,164,7.323738,0.2,-0.173382,0.007397,0.031287,0.00167358,0.059011,-0.928413,0.937346,1.0,0.298895,4082.7,38.7,47.0,773.2,100.0,1.0
411961,2579,159,7.614212,0.564382,-0.343995,0.0,0.0,0.0018014,0.060261,-0.979473,1.0,1.0,0.234619,3888.2,32.0,17.3,483.4,100.0,1.0
412121,2580,160,9.380142,0.2,-0.11105,0.009451,0.036295,0.00200702,0.105947,-0.785775,0.892471,1.0,0.291395,4626.2,37.1,53.4,699.9,100.0,1.0
412281,2581,160,5.226168,0.2,-0.428557,0.008084,0.0,0.00191553,-0.068541,-1.0,-0.463479,1.0,0.110966,1464.5,13.1,31.8,689.5,100.0,1.0
412447,2582,166,8.061207,0.567254,-0.240914,0.005445,0.0,0.0019122,0.049596,-1.0,1.0,1.0,0.252018,3428.9,35.0,11.7,462.5,100.0,1.0
412610,2583,163,8.610925,1.0,-0.279693,0.00958,0.0,0.00252543,-0.019591,-0.92786,0.046054,1.0,0.247225,4084.9,28.2,82.8,345.5,100.0,1.0
412764,2584,154,6.635846,0.333323,-0.331598,0.005738,1e-06,0.00187362,0.013635,-1.0,0.432493,1.0,0.148072,2340.4,18.1,35.6,583.6,100.0,1.0
412924,2585,160,5.943966,0.872438,-0.299577,0.020655,0.0,0.00180582,-0.018273,-1.0,0.144548,1.0,0.16364,2993.6,18.1,61.0,534.3,100.0,1.0
413082,2586,158,9.490253,0.859867,-0.121639,0.01815,0.0,0.00193473,0.126431,-0.613085,0.863796,1.0,0.476844,5284.1,63.6,52.9,514.9,100.0,1.0
413239,2587,157,7.807305,0.2,-0.027762,0.010802,0.010702,0.00201692,0.038838,-0.850677,0.69386,1.0,0.414055,4378.9,53.4,66.6,602.8,100.0,1.0
413398,2588,159,9.521814,0.2,-0.110111,0.008686,0.016222,0.00199451,0.116452,-0.749082,0.907218,1.0,0.310455,4766.0,39.5,56.8,653.6,100.0,1.0
413558,2589,160,9.454788,0.2,0.008267,0.005756,0.036555,0.00189806,0.126835,-0.58288,0.770447,1.0,0.481006,5399.2,63.0,66.3,746.8,100.0,1.0
413726,2590,168,8.074444,0.299788,-0.30277,0.015157,0.0,0.00186153,0.054938,-1.0,0.869662,1.0,0.16014,3530.4,19.3,42.2,498.6,100.0,1.0
413888,2591,162,6.622939,0.539743,-0.194257,0.005669,0.0,0.00166748,0.031442,-1.0,0.993616,1.0,0.339595,3734.0,45.8,31.4,703.9,100.0,1.0
414051,2592,163,8.790562,0.2,-0.311707,4.1e-05,0.053915,0.00205443,0.065393,-1.0,1.0,1.0,0.173037,3356.4,23.4,15.3,521.6,100.0,1.0
414211,2593,160,4.308289,0.679138,-0.462287,0.012642,0.0,0.00197351,-0.119583,-1.0,-0.41878,0.890488,0.196881,1959.7,25.9,25.8,395.6,100.0,1.0
414372,2594,161,7.159273,0.228713,-0.125245,0.030814,0.0,0.00169962,0.052347,-0.844815,0.685968,1.0,0.352824,4401.3,45.6,55.9,448.9,100.0,1.0
414532,2595,160,7.185496,0.817682,-0.26828,0.012253,0.0,0.00186023,0.029525,-0.99291,0.781073,1.0,0.255317,3837.0,35.1,16.0,429.9,100.0,1.0
414686,2596,154,7.876401,0.2,-0.163571,0.011538,0.043062,0.00165135,0.104298,-0.734301,0.944488,1.0,0.415725,4822.3,53.9,63.6,776.0,100.0,1.0
414847,2597,161,5.738691,0.929348,-0.435062,0.0,0.0,0.00203954,-0.067091,-1.0,-0.565402,1.0,0.052754,1306.7,5.7,21.1,639.0,100.0,1.0
415003,2598,156,6.679163,1.0,-0.337596,0.015826,0.0,0.00220192,-0.039406,-1.0,-0.025033,1.0,0.184515,2762.8,19.8,76.8,427.7,100.0,1.0
415161,2599,158,7.39635,1.0,-0.197949,0.002514,0.0,0.00208638,0.007107,-1.0,0.509129,1.0,0.21903,2645.6,27.4,45.8,378.8,100.0,1.0
415324,2600,163,10.611392,0.2,-0.067271,0.029403,0.075596,0.00206926,0.14585,-0.571379,0.790033,1.0,0.415853,5443.0,52.4,82.2,564.7,100.0,1.0
415480,2601,156,6.202337,0.2,-0.3769,0.0,0.0,0.00212325,-0.048825,-1.0,-0.189621,1.0,0.149315,2413.4,17.4,45.8,319.1,100.0,1.0
415638,2602,158,4.415394,0.316353,-0.306613,0.013707,7.4e-05,0.00167652,-0.063843,-1.0,-0.176794,1.0,0.230817,2720.0,26.8,71.9,489.4,100.0,1.0
415792,2603,154,5.792909,0.2,-0.257683,0.009368,0.030948,0.00165574,0.008763,-1.0,0.404718,1.0,0.158543,2548.8,19.0,42.6,766.2,100.0,1.0
415947,2604,155,-1.518584,1.0,0.659948,0.000241,0.0,0.00252232,-0.545036,-1.0,-0.731356,-0.196588,0.265474,1138.7,35.4,29.1,478.1,100.0,1.0
416107,2605,160,10.845765,0.389602,-0.116936,0.014848,0.0,0.00195211,0.181544,-0.553622,0.99281,1.0,0.369844,5510.7,48.4,51.5,520.2,100.0,1.0
416269,2606,162,3.383072,0.708087,-0.159826,0.007276,0.0,0.00129831,-0.056263,-0.851243,0.293872,0.863115,0.449029,4376.8,58.7,63.2,811.9,100.0,1.0
416426,2607,157,7.73276,0.665869,-0.318694,6.7e-05,0.0,0.00178908,0.071219,-1.0,1.0,1.0,0.143903,3076.1,19.9,8.1,573.9,100.0,1.0
416576,2608,150,8.204733,0.2,-0.013534,0.024433,0.031838,0.0018672,0.093503,-0.741484,0.911347,1.0,0.440564,4794.9,58.1,57.0,608.9,100.0,1.0
416734,2609,158,5.501576,0.374147,-0.288328,0.005723,0.000111,0.00180629,-0.034895,-1.0,0.129822,1.0,0.239387,2970.7,31.1,35.8,708.5,100.0,1.0
416895,2610,161,8.350891,0.537679,-0.303769,0.0,0.0,0.00194464,0.067133,-1.0,1.0,1.0,0.164336,3315.7,22.1,16.1,530.9,100.0,1.0
417059,2611,164,5.829645,0.379826,-0.134644,0.025248,4e-06,0.00171008,-0.015026,-0.965573,0.494607,1.0,0.38268,3941.2,48.6,70.3,563.4,100.0,1.0
417213,2612,154,6.665515,0.2,-0.343692,0.0,0.190618,0.00172482,0.03784,-1.0,0.68598,1.0,0.153789,2614.8,19.6,27.4,739.7,100.0,1.0
417374,2613,161,8.787645,0.881698,-0.370541,0.0,0.0,0.00225805,0.036517,-1.0,0.681409,1.0,0.15812,2326.4,21.3,14.7,278.5,100.0,1.0
417533,2614,159,6.817203,0.433449,-0.203874,0.017165,7e-06,0.00181464,0.021848,-0.932705,0.910488,0.950845,0.37775,4066.4,52.1,21.6,635.5,100.0,1.0
417699,2615,166,6.485433,0.2,-0.163947,0.020985,0.022839,0.00157278,0.034177,-0.848503,0.59508,1.0,0.391774,4387.2,52.7,37.8,644.3,100.0,1.0
417860,2616,161,6.486398,0.2,-0.215927,0.000358,0.011547,0.00167552,0.025522,-1.0,0.690994,1.0,0.217887,3101.5,30.3,10.0,679.7,100.0,1.0
418021,2617,161,9.130529,0.272597,-0.101502,0.014629,0.0,0.0021623,0.067509,-0.821564,0.723364,1.0,0.336399,4489.8,44.0,47.4,432.3,100.0,1.0
418178,2618,157,9.565391,0.2,-0.150119,0.012707,0.050412,0.00211723,0.103076,-0.824586,1.0,1.0,0.291596,4478.3,38.8,33.8,615.2,100.0,1.0
418338,2619,160,8.891445,0.70599,-0.222715,0.020248,0.0,0.00184139,0.110188,-0.717385,0.836545,1.0,0.361911,4886.8,46.3,62.7,535.1,100.0,1.0
418502,2620,164,8.60443,1.0,-0.011781,0.02101,0.0,0.00191903,0.077003,-0.777943,0.737789,1.0,0.372481,4656.0,47.5,66.7,565.6,100.0,1.0
418663,2621,161,6.997429,1.0,-0.149683,0.024428,0.0,0.00173551,0.039134,-0.729905,0.562611,0.947958,0.467227,4839.1,62.1,54.2,736.9,100.0,1.0
418824,2622,161,7.102882,0.606381,-0.229969,0.0,7e-06,0.00187327,0.021744,-1.0,0.694131,1.0,0.238343,2878.6,33.7,4.1,630.5,100.0,1.0
418988,2623,164,8.532483,0.357352,-0.269617,0.025221,0.0,0.00189041,0.078387,-0.840023,0.871435,1.0,0.323741,4419.5,39.3,81.6,451.3,100.0,1.0
419150,2624,162,7.965956,0.971495,-0.290765,0.007199,2.6e-05,0.00205371,0.029914,-1.0,0.613889,1.0,0.157372,3372.9,16.9,64.6,281.4,100.0,1.0
419303,2625,153,8.810601,1.0,-0.263971,0.022304,0.0,0.00210551,0.078919,-0.873393,0.933633,1.0,0.293782,4292.4,34.9,82.1,596.2,100.0,1.0
419460,2626,157,-0.730718,0.856154,-0.461524,0.013419,2.8e-05,0.00197349,-0.3431,-1.0,-0.694789,0.361632,0.250962,1656.1,30.4,63.5,531.5,100.0,1.0
419620,2627,160,4.238905,0.253806,-0.456071,0.0,9e-06,0.00183673,-0.10092,-1.0,-0.866995,1.0,0.071102,1195.5,7.2,34.9,464.7,100.0,1.0
419780,2628,160,8.031746,0.781893,-0.048299,0.031748,0.0,0.00191881,0.058583,-0.697036,0.42488,1.0,0.449713,4964.3,58.7,64.5,468.9,100.0,1.0
419943,2629,163,7.772955,0.2,-0.254304,0.008213,0.0,0.00178007,0.063652,-0.874622,0.783456,1.0,0.29288,4287.7,34.0,90.9,545.9,100.0,1.0
420102,2630,159,8.618005,0.2,-0.221967,0.010094,0.028597,0.0017636,0.111832,-0.74847,0.87521,1.0,0.318621,4768.3,40.6,57.4,611.1,100.0,1.0
420266,2631,164,8.632659,0.244885,-0.248764,0.01237,0.0,0.00187671,0.085109,-0.833597,0.749039,1.0,0.240181,4444.0,31.2,35.9,501.6,100.0,1.0
420431,2632,165,6.692172,0.2,-0.210822,0.016139,0.026416,0.00206039,-0.0354,-1.0,-0.020234,1.0,0.166883,2713.3,18.1,67.3,405.8,100.0,1.0
420591,2633,160,6.187676,0.2,-0.298405,0.0,0.015796,0.00189371,-0.021385,-1.0,0.168597,1.0,0.191222,2898.6,26.0,15.1,628.5,100.0,1.0
420754,2634,163,3.122752,1.0,-0.279078,0.019312,0.0,0.00150745,-0.103588,-1.0,0.015986,0.918484,0.383279,3731.5,48.6,71.5,758.3,100.0,1.0
420920,2635,166,7.67767,0.917763,-0.24848,0.012382,0.0,0.0019986,0.017621,-0.888411,0.396945,1.0,0.30565,4235.2,36.7,80.8,591.5,100.0,1.0
421074,2636,154,6.631908,0.560374,-0.175788,0.009309,0.0,0.00154889,0.063258,-0.822567,0.691098,1.0,0.339765,4486.0,42.9,65.4,978.1,100.0,1.0
421233,2637,159,1.850046,1.0,0.707056,0.0,0.0,0.00232749,-0.285902,-1.0,0.569297,0.264806,0.427568,2994.5,59.2,22.1,413.2,100.0,1.0
421399,2638,166,8.800818,0.213688,-0.190411,0.015058,0.00037,0.00197578,0.072503,-0.911529,0.987734,1.0,0.286174,4147.1,37.3,41.4,465.8,100.0,1.0
421562,2639,163,6.393941,0.562232,-0.180709,0.013127,0.0,0.00215703,-0.060632,-1.0,0.885178,0.787453,0.373792,3664.3,51.2,25.1,621.6,100.0,1.0
421721,2640,159,6.806748,0.2,-0.394814,0.000174,0.022891,0.0022548,-0.048756,-1.0,0.388504,0.940752,0.334347,3438.7,44.3,40.5,440.4,100.0,1.0
421881,2641,160,5.28179,0.36593,-0.132994,0.013019,3e-06,0.00165098,-0.023762,-0.936579,0.253373,1.0,0.356483,4051.6,48.5,28.5,573.3,100.0,1.0
422036,2642,155,6.701725,0.2,-0.12912,0.005577,0.0,0.00180798,0.02476,-0.987658,0.796544,1.0,0.296071,3857.0,39.9,27.7,490.4,100.0,1.0
422204,2643,168,10.134608,1.0,-0.191174,0.039641,0.0,0.00221242,0.089529,-0.750184,0.902201,1.0,0.440633,4761.8,59.4,41.8,603.8,100.0,1.0
422363,2644,159,8.602726,0.953574,-0.303211,0.011139,0.0,0.00214842,0.049923,-0.960805,0.908177,1.0,0.273065,3959.3,33.8,60.9,343.7,100.0,1.0
422525,2645,162,5.712123,0.2,-0.352733,0.006452,0.060179,0.00182098,-0.035028,-1.0,-0.06043,1.0,0.144923,2302.0,16.0,54.9,727.6,100.0,1.0
422686,2646,161,6.448096,0.711556,-0.324632,0.0,0.0,0.00202689,-0.032864,-1.0,-0.037034,1.0,0.145803,2397.5,15.8,58.6,458.4,100.0,1.0
422843,2647,157,7.443298,0.504668,-0.409918,0.0,0.0,0.00203302,0.01958,-1.0,0.547914,1.0,0.176059,2031.0,23.9,14.9,468.0,100.0,1.0
423003,2648,160,7.525506,1.0,-0.078788,0.022373,0.0,0.0019816,0.025452,-0.833731,0.489753,1.0,0.408585,4443.5,51.9,75.7,317.1,100.0,1.0
423166,2649,163,3.939444,0.379479,-0.398074,0.0,6e-06,0.00158404,-0.078904,-1.0,-0.668111,1.0,0.060462,1352.8,7.2,17.2,540.0,100.0,1.0
423324,2650,158,7.811906,0.47584,-0.193722,0.013162,0.0,0.00193729,0.049421,-0.896673,0.844616,1.0,0.356025,4203.7,47.7,36.9,498.1,100.0,1.0
423487,2651,163,5.130025,0.529084,-0.219658,0.018607,0.0,0.00158715,-0.025241,-0.999597,0.331334,1.0,0.292576,3811.5,37.0,55.9,535.4,100.0,1.0
423646,2652,159,7.694512,0.64109,-0.125762,0.010071,3.9e-05,0.00220664,-0.000713,-0.745587,0.611039,0.849569,0.491053,4779.3,64.6,64.8,559.0,100.0,1.0
423802,2653,156,9.030767,0.291716,-0.078865,0.010374,3.6e-05,0.00207582,0.087156,-0.805268,0.945882,1.0,0.377944,4551.9,50.8,37.5,414.4,100.0,1.0
423965,2654,163,6.335832,0.42549,-0.310006,0.003761,0.0,0.00184841,-0.012941,-1.0,0.059658,1.0,0.094532,2226.0,11.7,20.6,523.0,100.0,1.0
424129,2655,164,8.107066,0.2,-0.272128,0.003133,0.007431,0.0019033,0.056822,-1.0,1.0,1.0,0.215889,3568.7,27.6,38.0,638.0,100.0,1.0
424288,2656,159,6.615076,0.409499,-0.27622,0.005033,0.0,0.00190642,-0.002055,-1.0,0.385572,1.0,0.203059,2938.2,27.6,16.2,378.7,100.0,1.0
424451,2657,163,5.035629,0.344552,-0.163411,0.021811,0.0,0.0014765,-0.011493,-1.0,0.523329,1.0,0.319127,3800.3,40.7,56.8,839.5,100.0,1.0
424606,2658,155,6.825515,0.2,-0.23329,0.018855,0.019013,0.0021853,-0.028111,-1.0,0.086165,1.0,0.183638,3207.7,19.4,79.7,335.9,100.0,1.0
424766,2659,160,4.24281,0.2,-0.410935,0.0,0.018665,0.00144887,-0.038726,-1.0,0.264582,0.946765,0.232761,2532.9,32.5,8.5,617.3,100.0,1.0
424929,2660,163,6.607952,0.223601,-0.165389,0.000233,0.005165,0.0016538,0.031139,-1.0,0.855641,1.0,0.272127,3642.2,37.5,15.8,933.6,100.0,1.0
425088,2661,159,7.371147,0.2,-0.105257,0.006234,0.012114,0.00168916,0.066852,-0.836224,0.750215,1.0,0.327455,4434.0,42.4,50.8,934.5,100.0,1.0
425254,2662,166,9.557191,0.313022,-0.116667,0.004416,0.0,0.00180028,0.136039,-0.648154,0.923658,1.0,0.397367,5150.5,52.9,44.8,595.9,100.0,1.0
425412,2663,158,7.553091,0.2,-0.078635,0.005249,0.066229,0.00189036,0.045005,-0.892427,0.74224,1.0,0.33435,4219.9,43.0,56.1,529.4,100.0,1.0
425573,2664,161,8.057933,0.309172,-0.03833,0.016769,7e-05,0.00169682,0.093445,-0.705755,0.642088,1.0,0.368746,4931.1,46.9,67.2,703.6,100.0,1.0
425731,2665,158,9.193687,0.2,-0.136132,0.024888,0.016115,0.00182906,0.129293,-0.63236,0.845164,1.0,0.419489,5210.7,53.3,77.6,535.4,100.0,1.0
425886,2666,155,8.795991,0.850949,-0.143302,0.010225,0.0,0.00193705,0.099933,-0.748306,0.832427,1.0,0.357012,4769.0,44.6,74.6,591.0,100.0,1.0
426046,2667,160,3.205175,0.2,0.677555,0.002544,4e-06,0.00224899,-0.214028,-1.0,-0.17343,0.587125,0.260895,2185.0,34.4,33.3,492.5,100.0,1.0
426202,2668,156,5.376555,0.469657,-0.434737,0.0,0.0,0.00201646,-0.069954,-1.0,-0.261259,1.0,0.219142,2350.0,27.3,46.5,326.2,100.0,1.0
426364,2669,162,6.613267,0.2,-0.149327,0.007532,0.051589,0.0019056,-0.00784,-1.0,0.201771,1.0,0.140087,2479.4,16.1,46.1,626.3,100.0,1.0
426520,2670,156,4.787184,0.498155,-0.386338,0.006697,0.0,0.00167363,-0.043298,-1.0,-0.071448,1.0,0.180765,2214.9,22.7,37.0,585.7,100.0,1.0
426677,2671,157,5.66539,0.283386,-0.379893,0.013012,0.0,0.00203013,-0.061008,-1.0,0.513952,0.865465,0.326579,3227.6,43.3,39.7,404.1,100.0,1.0
426834,2672,157,8.265303,0.544128,-0.041613,0.027837,0.0,0.00162588,0.120726,-0.587133,0.640332,1.0,0.439052,5383.0,58.3,51.7,674.8,100.0,1.0
427000,2673,166,7.035966,0.2,-0.267008,0.004089,0.180907,0.0020469,-0.019735,-0.975542,0.266241,1.0,0.274597,3903.2,34.4,56.8,472.3,100.0,1.0
427161,2674,161,1.33753,0.405681,-0.289927,0.020396,3e-06,0.00141462,-0.166899,-1.0,0.146195,0.685931,0.357974,3242.0,48.1,35.8,818.9,100.0,1.0
427319,2675,158,6.841507,0.297468,-0.340701,0.0,0.0,0.00207278,-0.016315,-1.0,0.098639,1.0,0.130896,2010.4,16.1,29.9,661.1,100.0,1.0
427481,2676,162,-2.113943,0.2,0.638276,0.0,0.0,0.00218173,-0.449626,-1.0,-1.0,0.081163,0.140167,827.3,19.1,10.4,434.0,100.0,1.0
427637,2677,156,7.396302,0.2,-0.173591,0.01161,0.089637,0.00173242,0.066179,-0.761812,0.618096,1.0,0.394984,4717.5,52.7,43.9,608.0,100.0,1.0
427796,2678,159,8.826028,0.2,-0.046509,0.018524,0.000213,0.00180813,0.113948,-0.639801,0.679218,1.0,0.400215,5182.4,51.1,71.4,645.2,100.0,1.0
427959,2679,163,8.371503,0.324664,-0.135693,0.004422,5.5e-05,0.00195642,0.061869,-0.884989,0.958186,1.0,0.371018,4248.2,51.7,14.9,708.4,100.0,1.0
428116,2680,157,5.297826,0.2,-0.388984,0.0,0.006455,0.00184605,-0.04886,-1.0,-0.120566,1.0,0.184015,2033.8,25.3,11.6,554.5,100.0,1.0
428272,2681,156,7.541806,0.825166,-0.306634,0.015299,0.0,0.00207212,0.019776,-0.942533,0.89498,0.962428,0.383428,4029.0,51.3,40.2,441.6,100.0,1.0
428428,2682,156,-1.652694,0.723593,0.642836,4.5e-05,0.0,0.00245827,-0.593427,-1.0,-0.964034,-0.300794,0.20873,813.5,29.1,8.5,405.4,100.0,1.0
428587,2683,159,7.679385,0.534932,-0.203646,0.003957,0.0,0.00200273,0.030937,-1.0,0.803487,1.0,0.247057,3553.2,32.4,34.0,358.8,100.0,1.0
428747,2684,160,4.688146,0.402811,-0.323963,0.004904,0.0,0.00166764,-0.053528,-1.0,-0.182666,1.0,0.176307,2379.6,22.3,34.0,561.2,100.0,1.0
428908,2685,161,5.054004,0.2,-0.351801,0.01802,0.0,0.00168388,-0.041179,-1.0,0.082268,1.0,0.247028,2878.8,29.3,69.9,800.2,100.0,1.0
429069,2686,161,7.781975,0.7704,-0.013774,0.008334,0.0,0.00193321,0.042747,-0.937026,0.750422,1.0,0.27168,4049.9,33.0,68.3,428.6,100.0,1.0
429224,2687,155,7.296203,0.2,-0.136217,0.013834,0.018406,0.00175218,0.060296,-0.815462,0.732181,1.0,0.387553,4513.1,54.0,16.2,773.5,100.0,1.0
429391,2688,167,2.690368,0.2,-0.363314,0.0,0.018702,0.00165676,-0.154298,-1.0,0.128123,0.65469,0.231259,2170.9,32.8,2.8,837.7,100.0,1.0
429554,2689,163,8.600582,1.0,-0.371769,0.01161,0.0,0.00237094,0.004724,-1.0,0.337455,1.0,0.145107,2798.9,13.6,82.7,185.6,100.0,1.0
429718,2690,164,7.795002,0.739812,-0.356379,0.0,0.0,0.00203674,0.020544,-1.0,0.586317,1.0,0.190436,2329.9,25.7,18.1,365.5,100.0,1.0
429880,2691,162,7.312328,0.2,-0.36251,0.0,0.015536,0.00160181,0.073125,-1.0,1.0,1.0,0.134373,2441.0,19.0,2.8,775.8,100.0,1.0
430033,2692,153,6.721882,0.618084,-0.504067,0.0,0.0,0.00262865,-0.096444,-1.0,0.415876,0.748061,0.249263,2413.5,34.5,12.7,380.9,100.0,1.0
430195,2693,162,11.062746,0.256701,-0.065857,0.021275,0.0,0.00181132,0.209849,-0.40781,1.0,1.0,0.487086,6066.2,66.0,42.2,806.2,100.0,1.0
430349,2694,154,9.10612,0.2,-0.148359,0.015071,0.059414,0.0022178,0.072745,-0.885117,0.878081,1.0,0.276362,4247.7,34.5,58.3,518.8,100.0,1.0
430513,2695,164,8.021753,0.423999,-0.332176,0.0,0.0,0.00176848,0.074957,-1.0,1.0,1.0,0.125215,2725.7,17.5,4.0,648.5,100.0,1.0
430666,2696,153,0.965002,0.909017,-0.57327,0.0,0.0,0.00196428,-0.256626,-1.0,0.034109,0.358361,0.177316,1273.6,23.4,22.1,329.4,100.0,1.0
430824,2697,158,2.048011,0.824761,0.676876,0.004648,0.0,0.00239212,-0.284791,-1.0,0.023146,0.30848,0.225367,1649.6,31.5,7.9,540.9,100.0,1.0
430983,2698,159,8.834731,0.66989,-0.336988,0.007551,0.0,0.0023266,0.032082,-0.859146,0.55251,1.0,0.362342,4346.7,48.0,43.9,390.3,100.0,1.0
431146,2699,163,7.881093,1.0,-0.312483,0.012706,0.0,0.00219973,8.5e-05,-1.0,0.5478,1.0,0.273472,3764.9,35.4,43.2,386.0,100.0,1.0
431312,2700,166,8.14243,0.2,-0.081795,0.018029,0.033603,0.00144277,0.131027,-0.54211,0.764739,1.0,0.528541,5554.6,69.3,72.7,744.8,100.0,1.0
431468,2701,156,5.076436,0.624469,-0.182279,0.0,0.0,0.00241769,-0.146177,-1.0,0.802469,0.584555,0.405093,3614.2,57.0,9.9,475.5,100.0,1.0
431634,2702,166,8.912129,0.642691,-0.192636,0.0,0.0,0.00216068,0.046894,-1.0,1.0,1.0,0.265529,3437.1,37.7,3.1,560.2,100.0,1.0
431790,2703,156,8.017865,0.2,-0.025143,0.010809,0.025537,0.00170636,0.098695,-0.655941,0.702273,1.0,0.459765,5120.9,60.2,63.9,510.0,100.0,1.0
431948,2704,158,6.944317,0.450426,-0.04095,0.000372,2.2e-05,0.00167837,0.050833,-1.0,0.996246,1.0,0.243959,3744.2,34.3,6.7,608.0,100.0,1.0
432120,2705,172,10.750009,0.2,-0.011928,0.011835,0.045275,0.00197453,0.14956,-0.617315,1.0,1.0,0.421898,5268.0,56.9,39.3,841.8,100.0,1.0
432276,2706,156,6.16981,0.2,-0.079389,0.010549,0.086372,0.00187719,-0.012076,-0.933274,0.97562,0.846354,0.396079,4064.2,55.0,18.1,1047.6,100.0,1.0
432435,2707,159,9.911961,0.481679,-0.242772,0.0,5e-05,0.00242385,0.06567,-0.883751,1.0,1.0,0.375086,4252.9,50.8,32.1,313.6,100.0,1.0
432594,2708,159,5.738753,0.281676,-0.457512,0.0,0.003975,0.00184245,-0.031761,-1.0,-0.069395,1.0,0.124108,2067.3,15.7,23.9,354.8,100.0,1.0
432753,2709,159,6.029583,0.2,-0.228198,0.0,0.00462,0.0015739,0.024167,-1.0,0.801145,0.99065,0.263377,2942.9,37.0,7.8,1093.7,100.0,1.0
432908,2710,155,8.346316,0.696009,-0.314192,0.001627,0.0,0.00230818,0.022069,-1.0,0.77407,1.0,0.276692,3113.0,38.2,15.9,409.7,100.0,1.0
433068,2711,160,8.082524,0.31112,-0.201862,0.017674,0.0,0.00170043,0.095783,-0.806848,0.89419,1.0,0.306197,4545.9,41.6,25.4,596.1,100.0,1.0
433229,2712,161,7.38757,0.2,-0.152833,0.0,0.000102,0.00189659,0.030863,-1.0,0.762533,1.0,0.226952,2729.1,31.8,7.6,722.2,100.0,1.0
433392,2713,163,7.170169,0.375937,-0.289465,0.018847,0.0,0.0017144,0.046877,-1.0,0.999902,1.0,0.265566,3549.9,33.2,55.0,422.9,100.0,1.0
433542,2714,150,8.252518,0.2,-0.068634,0.01283,0.272659,0.00187781,0.093899,-0.717029,0.824856,1.0,0.438132,4888.1,60.6,23.3,760.3,100.0,1.0
433698,2715,156,7.033877,0.2,-0.072571,0.013666,1.2e-05,0.00172792,0.050555,-0.921864,0.973289,1.0,0.370609,4107.7,51.0,22.5,1023.8,100.0,1.0
433859,2716,161,7.551809,0.227125,-0.286513,0.0,0.0,0.0019365,0.031899,-1.0,0.827154,1.0,0.254081,3687.8,35.1,13.8,641.8,100.0,1.0
434019,2717,160,-0.03889,0.2,-0.559962,0.001505,0.040427,0.00157757,-0.254171,-1.0,-0.093018,0.438089,0.241002,1955.9,34.0,5.0,865.5,100.0,1.0
434181,2718,162,7.996354,0.801882,-0.311332,0.0,0.0,0.00189812,0.056404,-1.0,1.0,1.0,0.217979,3025.8,30.4,8.8,892.2,100.0,1.0
434336,2719,155,5.255166,0.2,-0.378233,0.00155,0.013282,0.00186412,-0.049787,-1.0,-0.216391,1.0,0.140741,1988.1,17.4,31.1,619.5,100.0,1.0
434501,2720,165,7.440559,0.431778,-0.134904,0.019422,5.7e-05,0.00208236,-0.004997,-0.88068,0.317188,1.0,0.39239,4264.6,50.8,60.9,504.3,100.0,1.0
434654,2721,153,10.298115,0.2,-0.260966,0.025976,0.0001,0.00220603,0.131127,-0.689661,0.968862,1.0,0.371886,4992.4,47.5,65.5,435.5,100.0,1.0
434811,2722,157,10.85748,0.988237,-0.066095,0.009348,0.0,0.00201031,0.178512,-0.464677,0.853406,1.0,0.470956,5849.6,60.9,74.6,379.4,100.0,1.0
434973,2723,162,5.209024,0.290918,-0.43931,0.010305,0.0,0.00200154,-0.087187,-1.0,-0.658456,1.0,0.106706,1670.3,12.3,34.3,341.0,100.0,1.0
435133,2724,160,7.981595,0.2,-0.132901,0.002514,0.033486,0.00165948,0.097717,-0.820564,0.894695,1.0,0.272776,4493.7,35.0,46.7,678.4,100.0,1.0
435295,2725,162,8.616572,0.322607,-0.019465,0.020857,0.000141,0.0017885,0.102368,-0.6704,0.770271,1.0,0.450096,5065.8,60.8,41.0,930.1,100.0,1.0
435452,2726,157,8.807989,0.052642,-0.151627,0.0,0.0,0.0020818,0.073967,-0.911853,1.0,1.0,0.284424,4145.8,38.8,21.8,426.8,100.0,1.0
435616,2727,164,10.960038,0.2,-0.409612,0.0,0.101335,0.0028284,0.034945,-1.0,0.48158,1.0,0.066067,1893.8,8.2,14.6,279.2,100.0,1.0
435776,2728,160,9.738651,0.491964,-0.088642,0.00393,0.0,0.00188795,0.141292,-0.621106,1.0,1.0,0.456603,5253.6,62.7,29.3,565.7,100.0,1.0
435938,2729,162,10.631083,1.0,-0.298809,0.000653,0.0,0.00274987,0.038545,-0.96285,0.539089,1.0,0.141832,3951.5,13.8,75.4,226.3,100.0,1.0
436105,2730,167,8.664078,0.2,-0.062638,0.007714,0.0,0.00167853,0.114232,-0.696347,0.905448,1.0,0.412959,4966.9,54.7,50.6,495.4,100.0,1.0
436262,2731,157,8.766935,0.2,-0.201748,0.006103,0.033267,0.00159194,0.149271,-0.591524,0.875403,1.0,0.406182,5366.3,51.8,73.2,595.5,100.0,1.0
436422,2732,160,-0.69442,0.495823,0.673633,0.000234,0.0,0.00226282,-0.393712,-1.0,0.068311,-0.004678,0.244531,1385.7,34.8,1.5,631.1,100.0,1.0
436576,2733,154,4.22349,0.2,-0.433927,0.0,1.9e-05,0.00184771,-0.092209,-1.0,-0.692114,1.0,0.114986,1545.6,10.3,71.1,439.2,100.0,1.0
436732,2734,156,7.527684,0.2,-0.073215,0.009782,0.538158,0.00173621,0.071953,-0.857748,0.760814,1.0,0.269583,4352.0,32.3,72.4,1018.5,100.0,1.0
436897,2735,165,3.231349,0.499407,-0.343819,0.002103,0.0,0.00158999,-0.115195,-1.0,0.509848,0.686593,0.282438,2661.6,39.5,10.4,870.1,100.0,1.0
437060,2736,163,1.930683,0.2,-0.345871,0.010107,0.021832,0.00216569,-0.265108,-1.0,0.213731,0.439455,0.451453,3395.4,59.0,64.4,654.5,100.0,1.0
437217,2737,157,6.51338,0.886585,-0.300128,0.023572,0.0,0.001964,-0.011755,-1.0,0.255671,1.0,0.18661,2871.7,22.9,43.4,354.2,100.0,1.0
437376,2738,159,3.021454,0.655601,-0.277294,0.020413,0.0,0.00173338,-0.138019,-1.0,0.422839,0.724357,0.419137,3670.0,53.2,77.8,759.7,100.0,1.0
437539,2739,163,3.487181,0.399011,0.750546,0.0,3.2e-05,0.00268377,-0.278726,-1.0,0.861396,0.184318,0.396886,2636.9,55.7,12.1,352.3,100.0,1.0
437698,2740,159,8.612935,0.549505,-0.151244,0.010455,0.0,0.00207862,0.061766,-0.638757,0.794042,0.878559,0.507841,5186.3,69.0,41.2,562.7,100.0,1.0
437863,2741,165,6.922173,0.43786,-0.38067,0.0,0.0,0.00178162,0.021303,-1.0,0.615628,1.0,0.201299,2550.8,28.5,2.6,705.9,100.0,1.0
438024,2742,161,6.271523,1.0,-0.376882,0.014367,0.0,0.00228787,-0.082717,-1.0,-0.621779,1.0,0.102693,1635.8,11.2,40.6,356.3,100.0,1.0
438179,2743,155,7.888527,0.2,-0.079369,0.005244,0.000666,0.0020521,0.041219,-1.0,0.793331,1.0,0.190569,3494.1,25.2,23.1,448.2,100.0,1.0
438343,2744,164,4.857627,0.858235,-0.171917,0.001957,0.0,0.00205498,-0.115771,-0.837415,0.777104,0.574102,0.506608,4429.4,70.3,23.6,713.7,100.0,1.0
438505,2745,162,8.745794,0.418469,-0.34204,0.000543,1.7e-05,0.00242093,0.006136,-1.0,1.0,0.929507,0.345956,3754.8,48.6,9.0,506.7,100.0,1.0
438660,2746,155,5.580575,0.2,-0.386814,0.0,0.66171,0.00194252,-0.046878,-1.0,-0.312612,1.0,0.078082,1760.6,8.9,26.4,569.8,100.0,1.0
438818,2747,158,5.974934,0.2,-0.293896,0.006061,0.0,0.00176858,-0.007262,-0.928008,0.640348,0.946749,0.389278,4084.3,52.5,36.9,446.9,100.0,1.0
438980,2748,162,7.965868,0.2,-0.11954,0.0,0.0,0.00190263,0.054616,-0.930887,0.900797,1.0,0.298266,4073.3,39.0,42.2,495.7,100.0,1.0
439139,2749,159,7.5026,0.2,-0.108014,0.011852,0.026707,0.00160577,0.086412,-0.798429,0.724463,1.0,0.282922,4578.0,34.1,74.0,770.5,100.0,1.0
439296,2750,157,6.897672,1.0,-0.213743,0.014918,0.0,0.002492,-0.077088,-1.0,-0.359491,1.0,0.205696,2953.1,20.8,100.5,305.4,100.0,1.0
439453,2751,157,7.088551,0.2,-0.215658,0.010534,0.025922,0.00190959,0.023074,-1.0,0.576628,1.0,0.172943,2991.9,20.9,44.9,512.7,100.0,1.0
439611,2752,158,6.851976,0.2,-0.301585,0.0,0.023976,0.0018666,0.017174,-1.0,0.63525,1.0,0.231757,3297.8,28.9,49.6,282.9,100.0,1.0
439770,2753,159,6.095173,0.77554,-0.079157,0.037146,0.0,0.00172939,0.002646,-0.522675,0.317404,0.780725,0.597059,5628.6,79.0,73.2,500.2,100.0,1.0
439930,2754,160,7.253059,0.2,-0.355556,0.013857,0.056064,0.00224111,-0.02824,-1.0,0.159451,1.0,0.220926,2687.3,28.1,40.4,487.4,100.0,1.0
440089,2755,159,7.663532,1.0,-0.107837,0.023309,0.0,0.00138488,0.128853,-0.558538,0.721047,1.0,0.488816,5492.0,63.2,76.8,917.7,100.0,1.0
440252,2756,163,4.414749,0.2,-0.23102,0.017866,0.005304,0.00158037,-0.056526,-1.0,-0.068012,1.0,0.248623,2986.1,30.8,55.1,941.5,100.0,1.0
440410,2757,158,2.746557,0.938896,-0.455114,0.003926,0.0,0.00194075,-0.181551,-1.0,0.004415,0.623961,0.251895,2243.5,34.5,16.9,754.9,100.0,1.0
440569,2758,159,7.113618,0.291631,-0.337181,0.006096,0.005494,0.0017221,0.050145,-1.0,1.0,1.0,0.249277,3416.4,33.9,19.6,519.5,100.0,1.0
440725,2759,156,8.177232,0.2,-0.390987,0.0,5.7e-05,0.00190324,0.075477,-1.0,1.0,1.0,0.122617,2443.2,15.9,19.4,351.7,100.0,1.0
440884,2760,159,11.151546,0.642738,-0.320847,0.0,0.0,0.00281899,0.059641,-0.930024,1.0,1.0,0.324254,4076.6,45.6,8.0,330.4,100.0,1.0
441043,2761,159,7.389538,1.0,-0.200002,0.013406,0.0,0.00210754,0.001517,-0.952405,0.484059,1.0,0.317734,3991.3,37.9,87.4,437.3,100.0,1.0
441206,2762,163,6.538802,0.2,-0.127057,0.025538,0.020341,0.00169636,0.021358,-0.894267,0.607961,1.0,0.382223,4212.8,50.5,47.9,856.9,100.0,1.0
441367,2763,161,8.940017,0.907308,-0.285189,0.021188,0.0,0.00192111,0.097923,-0.758799,0.825656,1.0,0.345315,4729.0,42.1,84.7,512.6,100.0,1.0
441526,2764,159,7.531489,0.2,-0.331613,0.0,0.007615,0.00200449,0.024341,-1.0,0.603123,1.0,0.179858,3024.1,22.7,34.9,402.9,100.0,1.0
441686,2765,160,4.612164,0.335351,-0.330828,0.01763,0.000231,0.0017923,-0.076682,-1.0,-0.415097,1.0,0.175859,2129.3,19.9,60.6,433.4,100.0,1.0
441849,2766,163,7.15788,0.28702,-0.220504,0.0,0.003984,0.00181178,0.030707,-1.0,0.595731,1.0,0.144329,3100.2,18.9,20.2,723.6,100.0,1.0
442006,2767,157,6.245488,0.2,-0.260244,0.008796,0.026515,0.00187314,-0.009616,-1.0,0.453831,1.0,0.274994,3248.4,34.8,52.7,392.5,100.0,1.0
442171,2768,165,3.272999,0.373239,-0.501611,0.0,0.0,0.00188008,-0.161138,-1.0,-0.57172,0.801266,0.172047,1675.5,23.3,15.4,436.1,100.0,1.0
442331,2769,160,7.76632,1.0,-0.100032,0.022778,0.0,0.0021386,0.011539,-0.980657,0.592742,1.0,0.272528,3883.7,30.6,97.4,385.1,100.0,1.0
442488,2770,157,6.789088,0.442968,0.662636,0.0,0.0,0.00268403,-0.112196,-1.0,-0.033923,0.757168,0.119063,1145.8,16.3,8.3,228.3,100.0,1.0
442652,2771,164,7.755441,0.2,-0.071288,0.022328,0.025372,0.00175378,0.065648,-0.851115,0.825706,1.0,0.34516,4377.3,46.2,35.8,527.5,100.0,1.0
442813,2772,161,8.338045,0.2,-0.330233,0.0,0.193677,0.00195074,0.065722,-1.0,1.0,1.0,0.171389,2524.8,24.0,5.3,557.6,100.0,1.0
442973,2773,160,5.261888,0.230251,-0.308523,0.006774,0.0,0.00166055,-0.026013,-1.0,0.158991,1.0,0.20956,2685.1,24.1,67.6,411.5,100.0,1.0
443135,2774,162,-3.447238,0.37813,0.664535,0.0,0.0,0.00180672,-0.449717,-1.0,-0.88423,0.07724,0.191638,1143.9,26.5,9.7,647.5,100.0,1.0
443295,2775,160,8.127998,0.425812,0.717298,0.0,0.0,0.00256163,-0.039641,-1.0,0.833246,0.813751,0.288891,2917.5,40.2,12.3,446.9,100.0,1.0
443448,2776,153,8.018877,0.563312,0.654399,0.0,1.1e-05,0.00259833,-0.032233,-1.0,-0.140598,1.0,0.090865,1240.5,12.3,7.5,232.1,100.0,1.0
443600,2777,152,5.131292,0.645087,-0.517479,0.0,0.0,0.0024652,-0.140925,-1.0,0.199985,0.683896,0.251436,2369.4,35.2,8.7,395.0,100.0,1.0
443759,2778,159,6.375611,0.530225,-0.286792,0.001414,0.0,0.00184776,-0.003281,-1.0,0.424018,1.0,0.228414,3303.7,28.8,45.1,442.6,100.0,1.0
443922,2779,163,8.635735,0.534319,-0.161617,0.024248,1.2e-05,0.00166546,0.122019,-0.758607,0.896857,1.0,0.26077,4729.7,32.3,57.8,334.2,100.0,1.0
444080,2780,158,6.912826,0.2,-0.304548,0.004151,0.039285,0.00168391,0.048912,-1.0,0.799035,1.0,0.154956,2715.9,21.9,3.3,755.1,100.0,1.0
444240,2781,160,8.502967,0.396967,-0.325044,0.0,1.2e-05,0.00217701,0.039093,-1.0,0.806669,1.0,0.207871,2513.3,29.4,3.2,590.5,100.0,1.0
444399,2782,159,8.582597,0.440351,-0.247203,0.014449,0.0,0.00192782,0.084552,-0.853715,1.0,1.0,0.333241,4367.3,44.8,33.1,353.3,100.0,1.0
444549,2783,150,1.799032,0.2,0.653774,0.0,0.0,0.00253182,-0.297832,-1.0,0.059083,0.232258,0.175151,1225.4,24.9,1.9,270.0,100.0,1.0
444714,2784,165,6.022345,0.2,-0.291453,0.0,0.068204,0.00187137,-0.034328,-1.0,-0.008382,1.0,0.167451,2325.5,22.8,13.7,747.6,100.0,1.0
444873,2785,159,7.926246,0.410958,-0.350835,0.0,0.0,0.00219027,0.012964,-1.0,0.341711,1.0,0.106034,3012.3,12.7,28.6,284.2,100.0,1.0
445033,2786,160,-3.106308,0.2,0.615539,0.0,0.025365,0.00197546,-0.618994,-1.0,-1.0,-0.363131,0.209492,752.3,29.5,4.6,693.8,100.0,1.0
445204,2787,171,-1.08607,0.2,0.662522,0.0,0.15757,0.00176181,-0.350771,-1.0,-0.638954,0.303966,0.216317,1566.1,30.0,10.2,540.1,100.0,1.0
445364,2788,160,6.94109,0.705189,-0.191052,0.007092,0.0,0.00162975,0.055616,-0.871578,0.728725,1.0,0.311023,4299.3,41.3,36.7,546.0,100.0,1.0
445529,2789,165,7.12663,0.2,-0.399798,0.0,0.0,0.00219913,-0.038047,-1.0,-0.166778,1.0,0.106848,1884.5,13.5,20.9,475.9,100.0,1.0
445691,2790,162,5.673462,0.574968,-0.084074,0.025231,0.0,0.00165676,-0.009808,-0.905826,0.200742,1.0,0.314213,4168.8,37.2,89.6,597.5,100.0,1.0
445840,2791,149,6.263885,1.0,-0.202224,0.016362,0.0,0.00231563,-0.059553,-0.923644,0.413538,0.871972,0.414106,4100.9,54.8,51.2,241.2,100.0,1.0
446001,2792,161,9.342656,1.0,-0.224856,0.011236,0.0,0.00222405,0.067745,-0.916589,1.0,1.0,0.307247,4127.8,37.8,71.0,178.5,100.0,1.0
446158,2793,157,7.793035,0.2,-0.049561,0.017141,0.011877,0.00188691,0.058956,-0.880173,0.717794,1.0,0.273814,4266.5,36.1,34.9,552.1,100.0,1.0
446322,2794,164,5.775383,0.30911,-0.385896,0.013607,0.0,0.00207594,-0.077224,-1.0,-0.366232,1.0,0.203002,2397.4,22.1,80.4,372.6,100.0,1.0
446486,2795,164,5.531106,0.2,-0.30599,0.005258,0.0,0.00167301,-0.022269,-1.0,0.303852,1.0,0.263271,3172.9,33.0,54.1,647.1,100.0,1.0
446647,2796,161,8.165878,0.366297,-0.115111,0.006533,3e-06,0.00156265,0.120575,-0.688977,0.820408,1.0,0.351621,4995.0,43.7,75.8,665.3,100.0,1.0
446809,2797,162,5.823854,0.28651,-0.346916,0.023406,2e-06,0.00195511,-0.051319,-1.0,-0.063364,1.0,0.224915,2542.6,26.2,69.6,603.0,100.0,1.0
446972,2798,163,8.631871,0.52166,-0.422524,0.0,0.0,0.00193471,0.078014,-1.0,0.967576,1.0,0.093718,2280.6,12.4,11.4,564.5,100.0,1.0
447127,2799,155,7.967307,0.616213,-0.373078,0.000642,0.0,0.00216978,0.026778,-1.0,0.830222,1.0,0.28122,3219.8,39.1,12.8,577.8,100.0,1.0
447287,2800,160,5.304974,0.422449,-0.30051,0.0,0.0,0.00144844,0.010031,-1.0,0.651232,1.0,0.275462,3507.4,38.9,5.4,916.3,100.0,1.0
447449,2801,162,9.387908,0.2,-0.273921,4.4e-05,0.420784,0.00240944,0.03752,-0.918793,0.785151,1.0,0.347086,4119.4,45.1,52.2,441.5,100.0,1.0
447604,2802,155,7.28745,0.2,-0.297925,0.018234,4e-06,0.00176811,0.058113,-1.0,1.0,1.0,0.209436,3576.9,25.8,48.6,581.0,100.0,1.0
447763,2803,159,4.437239,0.648295,-0.350445,0.017091,0.0,0.00172204,-0.071551,-1.0,0.413589,0.881149,0.356559,3244.7,43.1,91.2,520.7,100.0,1.0
447923,2804,160,8.532408,0.2,-0.20352,0.01887,0.011854,0.00149804,0.149184,-0.621289,0.965715,1.0,0.399684,5252.9,50.2,80.2,808.8,100.0,1.0
448077,2805,154,4.467681,0.597262,-0.266953,0.020101,0.0,0.00152113,-0.030643,-0.949809,0.238699,1.0,0.360398,4001.2,43.2,96.5,471.6,100.0,1.0
448240,2806,163,7.40946,0.80469,-0.326266,0.003166,1e-05,0.00184579,0.036784,-1.0,0.552452,1.0,0.092304,2016.5,12.5,8.4,402.5,100.0,1.0
448399,2807,159,10.137358,1.0,-0.370068,0.006636,0.0,0.00248077,0.067516,-1.0,0.871843,1.0,0.09834,3004.0,11.3,32.2,213.7,100.0,1.0
448554,2808,155,6.611147,0.2,0.644387,0.0,0.040925,0.00223451,-0.045056,-1.0,-0.282414,1.0,0.084071,911.0,11.2,9.3,687.8,100.0,1.0
448712,2809,158,7.589562,1.0,-0.292379,0.021453,0.0,0.00171897,0.074289,-0.812192,0.891239,1.0,0.402838,4525.6,50.7,79.4,523.8,100.0,1.0
448875,2810,163,10.771207,1.0,-0.161266,0.004286,0.0,0.00206152,0.154843,-0.529347,1.0,0.986699,0.526151,5603.2,70.5,54.3,638.4,100.0,1.0
449037,2811,162,8.129895,0.24079,-0.082828,0.036608,0.020325,0.00174992,0.087018,-0.71485,0.726292,1.0,0.427069,4896.4,54.9,71.1,774.0,100.0,1.0
449192,2812,155,10.00272,0.323549,-0.153167,0.007618,0.0,0.00185066,0.168986,-0.557962,0.886452,1.0,0.37186,5494.2,44.8,97.1,296.9,100.0,1.0
449347,2813,155,8.640613,0.299056,-0.031675,0.030065,0.010261,0.00163598,0.140185,-0.627146,1.0,1.0,0.45157,5230.6,58.7,67.4,913.7,100.0,1.0
449506,2814,159,6.128321,0.886206,-0.199134,0.007647,0.0,0.00188078,-0.019775,-0.813963,0.64932,0.831165,0.45364,4518.8,61.7,36.3,575.6,100.0,1.0
449658,2815,152,6.609458,0.336281,-0.320742,0.014704,0.000461,0.00213412,-0.023204,-1.0,0.166674,1.0,0.199358,2975.7,22.7,67.7,381.2,100.0,1.0
449813,2816,155,7.012003,0.2,0.006146,0.021892,0.046006,0.00174418,0.049181,-0.695044,0.78771,0.8848,0.480024,4971.9,65.9,30.7,1214.6,100.0,1.0
449974,2817,161,5.843343,0.387897,-0.302691,0.012178,8.9e-05,0.00168498,-0.005014,-1.0,0.495857,1.0,0.272999,3565.3,35.0,47.0,617.1,100.0,1.0
450133,2818,159,5.366256,0.2,-0.436255,0.019715,0.008243,0.00182366,-0.045449,-1.0,-0.047865,1.0,0.203311,2025.1,25.0,46.8,519.0,100.0,1.0
450290,2819,157,4.449165,0.94515,0.645834,0.0,0.0,0.0019045,-0.096282,-1.0,-0.802093,1.0,0.080364,881.6,11.0,6.1,563.5,100.0,1.0
450452,2820,162,9.269117,0.437226,-0.35473,0.008769,0.0,0.00226331,0.055669,-1.0,1.0,1.0,0.221653,3559.0,27.7,45.8,375.5,100.0,1.0
450608,2821,156,4.82351,0.494739,-0.315762,0.012117,0.0,0.00168005,-0.042299,-1.0,0.164881,1.0,0.293935,3206.8,38.8,36.9,629.2,100.0,1.0
450769,2822,161,9.311232,0.464625,-0.205308,0.019875,0.0,0.00184477,0.127237,-0.697001,0.960085,1.0,0.374105,4964.4,46.0,87.3,463.4,100.0,1.0
450924,2823,155,8.073259,0.2,-0.075856,0.033797,0.052393,0.00219027,0.028353,-0.991066,0.945294,1.0,0.346517,3844.0,45.1,51.6,793.1,100.0,1.0
451077,2824,153,8.331838,0.2,-0.084224,0.022567,0.035787,0.0022105,0.041448,-0.962218,0.751902,1.0,0.234831,3953.9,26.4,83.6,521.5,100.0,1.0
451235,2825,158,8.057039,0.2,-0.09345,0.023817,0.018303,0.00152349,0.126427,-0.695908,1.0,1.0,0.400028,4968.6,51.1,70.7,556.4,100.0,1.0
451395,2826,160,5.783463,0.258588,-0.106715,0.018009,1.2e-05,0.0018463,-0.031876,-1.0,0.214708,1.0,0.266736,3215.6,35.4,32.1,653.6,100.0,1.0
451552,2827,157,11.13587,1.0,-0.182335,0.016446,0.0,0.00223611,0.156323,-0.519464,0.785109,1.0,0.451878,5640.8,55.9,100.8,354.6,100.0,1.0
451709,2828,157,6.677852,0.845546,-0.220375,0.015749,0.0,0.00231582,-0.059312,-1.0,-0.223071,1.0,0.185024,2339.4,20.3,71.5,373.8,100.0,1.0
451866,2829,157,5.416114,0.419429,-0.467274,0.0,0.0,0.00197182,-0.062778,-1.0,-0.458375,1.0,0.084701,1577.5,9.5,30.4,287.0,100.0,1.0
452029,2830,163,6.407824,0.2,-0.286287,0.0,5e-06,0.00162765,0.026675,-1.0,0.579911,1.0,0.15658,2497.0,21.9,5.8,882.6,100.0,1.0
452190,2831,161,5.287223,0.2,-0.187835,0.0189,0.003457,0.0015061,-0.001571,-1.0,0.620982,1.0,0.318345,3637.4,37.9,88.7,855.5,100.0,1.0
452346,2832,156,8.427054,0.2,-0.216648,0.029537,0.068845,0.00185679,0.094292,-0.844234,1.0,1.0,0.301129,4403.5,35.9,83.1,552.1,100.0,1.0
452503,2833,157,6.247437,0.2,-0.069989,0.0131,0.022132,0.00185756,-0.006991,-0.962458,0.445764,1.0,0.323538,3953.0,36.8,109.6,810.7,100.0,1.0
452664,2834,161,9.476819,0.200618,-0.119717,0.003996,0.069924,0.00193277,0.120589,-0.69241,0.987984,1.0,0.429331,4981.9,56.5,56.4,648.9,100.0,1.0
452826,2835,162,10.052551,0.2,-0.029642,0.031997,0.0,0.00208651,0.119988,-0.548528,0.636582,1.0,0.508425,5530.1,64.5,95.0,769.9,100.0,1.0
452991,2836,165,10.016127,0.2,-0.158084,0.010947,0.101758,0.00209212,0.111174,-0.747574,0.867851,1.0,0.319801,4771.7,37.8,92.0,421.5,100.0,1.0
453150,2837,159,6.623229,0.67617,-0.313446,0.005944,6.5e-05,0.00205703,-0.025278,-1.0,0.068357,1.0,0.160567,2223.3,17.7,61.5,505.9,100.0,1.0
453319,2838,169,8.074066,0.55942,-0.317324,0.018857,0.0,0.00211407,0.010622,-0.972792,0.583189,1.0,0.2861,3913.7,35.0,68.0,441.6,100.0,1.0
453476,2839,157,0.480499,0.2,0.682456,0.001375,0.000142,0.00181208,-0.262593,-1.0,-0.226201,0.44297,0.225065,1775.4,30.8,16.2,475.7,100.0,1.0
453636,2840,160,6.548734,0.2,-0.295781,0.02446,9e-06,0.00167219,0.030843,-1.0,0.829042,1.0,0.260306,3363.4,31.5,65.9,531.4,100.0,1.0
453789,2841,153,7.997745,0.2,-0.446655,0.0,0.000464,0.00201828,0.055602,-1.0,0.749273,1.0,0.096628,1981.2,11.5,26.9,317.9,100.0,1.0
453951,2842,162,5.022583,0.337223,-0.352474,0.00089,3.9e-05,0.00150576,-0.015088,-1.0,0.477554,0.958762,0.242051,2601.4,33.2,16.1,992.7,100.0,1.0
454116,2843,165,5.015404,0.222857,-0.27697,0.021674,2.8e-05,0.00206301,-0.111897,-1.0,0.664773,0.70729,0.37963,3457.0,50.6,42.1,563.1,100.0,1.0
454282,2844,166,5.471049,0.390953,-0.188123,0.016783,0.0,0.00181994,-0.052838,-1.0,0.044905,1.0,0.28664,3301.4,32.6,97.1,637.5,100.0,1.0
454443,2845,161,10.261907,0.2,-0.114017,0.028108,0.024647,0.00179566,0.178435,-0.386847,0.789685,1.0,0.575687,6146.1,74.3,93.1,900.9,100.0,1.0
454603,2846,160,8.83789,0.503928,-0.118881,0.032131,2e-05,0.00191306,0.096563,-0.640077,0.710563,0.999656,0.50173,5181.3,64.8,80.5,867.5,100.0,1.0
454765,2847,162,5.175834,0.872731,-0.312264,0.007565,0.0,0.0018079,-0.05707,-1.0,-0.14992,1.0,0.21039,2893.4,24.7,62.5,610.4,100.0,1.0
454923,2848,158,8.61978,0.752834,-0.188233,0.004504,0.0,0.0021002,0.060863,-0.967991,1.0,1.0,0.2517,3932.0,34.6,16.3,383.7,100.0,1.0
455082,2849,159,7.816273,0.94978,-0.131918,0.019233,0.0,0.00203761,0.032123,-0.986274,0.951476,1.0,0.339141,3862.3,41.2,84.2,407.9,100.0,1.0
455241,2850,159,8.223714,1.0,-0.40425,0.005375,0.0,0.00216172,0.030948,-1.0,0.526159,1.0,0.108338,1923.7,14.4,12.7,589.3,100.0,1.0
455400,2851,159,8.020414,1.0,-0.21099,0.004893,0.000112,0.00203469,0.041895,-0.942395,0.816857,1.0,0.299765,4029.5,36.8,70.1,372.4,100.0,1.0
455560,2852,160,8.453288,0.605728,-0.187108,0.011159,0.0,0.00188783,0.08308,-0.775123,0.718776,1.0,0.337526,4666.8,45.1,36.2,417.5,100.0,1.0
455719,2853,159,6.782665,0.2,-0.266751,0.0,0.025586,0.00185006,0.014848,-1.0,0.451572,1.0,0.151548,2888.3,19.5,25.0,539.6,100.0,1.0
455877,2854,158,9.601416,0.431341,-0.201151,0.011785,7.4e-05,0.00192037,0.133992,-0.710567,1.0,1.0,0.336547,4912.7,44.8,37.7,522.3,100.0,1.0
456034,2855,157,3.461534,0.2,0.703286,0.0,0.317067,0.0022766,-0.199743,-1.0,0.284148,0.500094,0.265952,2199.5,36.7,15.6,578.5,100.0,1.0
456195,2856,161,7.355437,0.287024,-0.330419,0.00921,0.0,0.00184622,0.037865,-1.0,0.981219,1.0,0.301286,3651.1,42.6,4.8,667.5,100.0,1.0
456352,2857,157,11.357733,0.2,-0.049734,0.021701,0.050451,0.00195127,0.211078,-0.340719,0.743758,1.0,0.47023,6321.9,57.9,107.7,487.6,100.0,1.0
456516,2858,164,6.183691,0.281756,-0.420982,0.0,9.4e-05,0.00193992,-0.036437,-1.0,-0.124017,1.0,0.120177,1810.9,13.1,47.1,347.9,100.0,1.0
456676,2859,160,6.940029,0.300392,-0.069407,0.031141,4.5e-05,0.00166557,0.049665,-0.822065,0.619598,1.0,0.372858,4487.9,45.0,96.3,718.9,100.0,1.0
456835,2860,159,7.53557,0.655132,-0.135233,0.019316,0.0,0.00171397,0.070739,-0.783956,0.751191,1.0,0.399978,4633.1,52.3,56.4,642.0,100.0,1.0
456996,2861,161,7.351366,0.2,-0.326821,0.014535,0.155035,0.00171719,0.058383,-1.0,1.0,1.0,0.208086,3313.2,27.4,27.5,630.0,100.0,1.0
457156,2862,160,1.879279,0.2,-0.319093,0.004244,0.448039,0.00182001,-0.2056,-1.0,0.06782,0.614745,0.387712,3387.2,52.4,34.4,669.5,100.0,1.0
457315,2863,159,7.473251,0.2,-0.158535,0.021775,0.023897,0.00162733,0.08163,-0.790171,0.929651,1.0,0.423876,4609.4,54.2,74.0,712.2,100.0,1.0
457477,2864,162,7.148249,1.0,-0.350662,0.014063,0.0,0.00231173,-0.048939,-1.0,-0.006298,1.0,0.241545,2847.8,28.8,66.4,339.4,100.0,1.0
457642,2865,165,5.542665,0.2,-0.299883,0.007855,0.093099,0.0018478,-0.052433,-1.0,-0.178536,1.0,0.172894,2694.2,18.7,70.3,437.9,100.0,1.0
457800,2866,158,4.283834,0.2,-0.344435,0.011805,0.120369,0.00162513,-0.061655,-1.0,0.36659,0.876627,0.275668,2886.6,38.5,10.8,885.3,100.0,1.0
457966,2867,166,5.297349,0.2,-0.27667,0.003618,0.0,0.00176555,-0.051817,-1.0,0.152976,0.972669,0.287741,3062.8,38.8,26.7,604.1,100.0,1.0
458118,2868,152,7.678487,0.354282,-0.320676,0.019534,1.1e-05,0.00206479,0.035852,-1.0,1.0,1.0,0.320739,3693.6,43.7,24.2,565.0,100.0,1.0
458279,2869,161,8.178905,0.400357,-0.347388,0.0,0.0,0.00185855,0.073282,-1.0,0.972292,1.0,0.119734,2928.5,14.7,27.7,682.9,100.0,1.0
458435,2870,156,8.094617,0.2,-0.240109,0.016151,0.00152,0.0020464,0.049431,-1.0,0.902228,1.0,0.203958,3655.5,24.2,57.6,390.6,100.0,1.0
458601,2871,166,4.141099,0.285892,-0.34838,0.02554,0.045136,0.00169505,-0.092764,-1.0,0.440974,0.818931,0.367438,3605.1,49.5,34.3,550.0,100.0,1.0
458763,2872,162,4.787468,0.450649,-0.244752,0.0,0.0,0.00193875,-0.096032,-1.0,0.563963,0.748916,0.322745,3117.4,44.6,18.0,780.0,100.0,1.0
458921,2873,158,7.278988,0.2,-0.266332,0.0,0.012942,0.00176967,0.051904,-1.0,0.926008,1.0,0.203485,2909.6,27.6,16.6,510.8,100.0,1.0
459081,2874,160,9.12644,0.2,-0.05853,0.043523,0.035848,0.00191958,0.108512,-0.768632,1.0,1.0,0.362336,4691.5,48.5,37.7,669.3,100.0,1.0
459244,2875,163,8.199423,0.464317,-0.268838,0.0,0.0,0.00191849,0.060725,-1.0,1.0,1.0,0.196377,3344.1,27.4,7.9,500.2,100.0,1.0
459405,2876,161,7.832268,0.530931,-0.267577,0.014229,0.0,0.00194345,0.043823,-0.930961,0.739701,1.0,0.271555,4073.0,32.3,75.9,352.2,100.0,1.0
459558,2877,153,8.449552,0.618995,-0.045172,0.016424,2e-05,0.00178016,0.112459,-0.633083,0.813317,1.0,0.486471,5208.0,61.2,96.4,599.2,100.0,1.0
459714,2878,156,5.719765,0.2,-0.344602,0.001901,0.037897,0.00182657,-0.024454,-1.0,0.065547,1.0,0.155042,2235.5,20.5,19.0,669.0,100.0,1.0
459880,2879,166,7.835168,0.2,-0.290409,0.026155,0.002898,0.00172317,0.070771,-0.868914,0.900191,1.0,0.325641,4309.4,39.0,87.8,769.4,100.0,1.0
460037,2880,157,6.58511,0.2,-0.118424,0.012146,0.011758,0.00136717,0.08523,-0.852737,0.994531,1.0,0.328825,4371.1,42.6,50.8,947.7,100.0,1.0
460194,2881,157,7.015025,0.2,-0.057925,0.009757,0.179576,0.00157286,0.07249,-0.824296,0.799153,1.0,0.344606,4479.4,43.4,68.2,922.7,100.0,1.0
460355,2882,161,9.136505,1.0,-0.266842,0.021945,0.0,0.002341,0.039117,-0.961665,0.771818,1.0,0.257409,3956.1,29.7,82.6,340.8,100.0,1.0
460515,2883,160,7.295659,0.2,-0.28756,0.02414,0.023454,0.00206497,0.001824,-1.0,0.601574,1.0,0.291667,3774.6,32.4,108.2,395.0,100.0,1.0
460674,2884,159,5.868532,0.2,-0.222957,0.026442,0.007177,0.00131198,0.058624,-0.867917,0.81556,1.0,0.345806,4313.2,42.4,82.0,744.5,100.0,1.0
460831,2885,157,7.120059,0.2,-0.329194,0.0,0.346472,0.00173144,0.052357,-1.0,1.0,1.0,0.238214,3333.0,33.2,10.1,752.0,100.0,1.0
460994,2886,163,7.522301,0.382584,-0.404559,0.0,0.0,0.00164763,0.073927,-1.0,1.0,1.0,0.130366,2941.7,18.0,7.0,389.1,100.0,1.0
461153,2887,159,6.762887,1.0,-0.138201,0.019386,0.0,0.0021621,-0.035876,-1.0,0.178986,1.0,0.268872,3262.8,30.5,92.5,434.8,100.0,1.0
461313,2888,160,7.738902,0.772328,-0.125301,0.005374,1.2e-05,0.00197007,0.03712,-1.0,0.799043,1.0,0.213923,3441.0,28.5,24.0,364.2,100.0,1.0
461475,2889,162,3.814389,0.516931,0.699465,0.0,0.0,0.00244654,-0.222699,-1.0,0.109523,0.47182,0.243944,1995.5,33.9,11.1,505.1,100.0,1.0
461637,2890,162,7.500563,0.2,-0.322444,0.019638,0.0,0.00172722,0.061695,-0.863947,0.794827,1.0,0.327032,4328.4,42.1,53.7,536.2,100.0,1.0
461803,2891,166,7.66804,0.2,-0.087361,0.00038,0.089062,0.00194008,0.027056,-0.936079,0.704119,1.0,0.328639,4053.5,44.0,34.4,626.1,100.0,1.0
461961,2892,158,7.657385,0.725565,-0.172131,0.0,0.0,0.00186233,0.054375,-1.0,1.0,1.0,0.228126,3669.3,30.9,19.6,423.6,100.0,1.0
462127,2893,166,7.068283,0.577258,0.649497,0.0,0.0,0.00203849,-0.016593,-1.0,0.048738,1.0,0.107336,1212.3,14.7,7.1,598.6,100.0,1.0
462284,2894,157,9.935114,0.2,-0.097542,0.006605,0.034368,0.00190457,0.153291,-0.568193,0.969783,1.0,0.474098,5455.2,62.4,61.9,486.7,100.0,1.0
462442,2895,158,6.001356,0.38289,-0.410314,0.0,0.0,0.00210205,-0.058907,-1.0,-0.238679,1.0,0.175197,2016.0,23.3,20.6,360.8,100.0,1.0
462600,2896,158,10.830529,0.480917,-0.052956,0.000624,0.0,0.00215507,0.152578,-0.546324,0.923992,1.0,0.493039,5538.5,63.4,82.1,456.3,100.0,1.0
462762,2897,162,10.451352,0.2,-0.057144,0.021825,0.032955,0.00213371,0.130185,-0.696951,0.920085,1.0,0.339452,4964.6,41.3,83.8,418.4,100.0,1.0
462922,2898,160,8.105418,0.725736,-0.342895,0.021751,0.0,0.0026043,-0.047633,-1.0,0.46421,0.929358,0.346646,3495.8,45.3,49.3,212.9,100.0,1.0
463084,2899,162,8.550521,0.2,-0.050314,0.006959,0.012129,0.00204553,0.058011,-0.887897,0.912267,1.0,0.362257,4237.1,47.8,46.7,920.1,100.0,1.0
463244,2900,160,7.812938,0.489023,-0.309538,0.0,0.0,0.00201868,0.032833,-1.0,0.478026,1.0,0.07485,2234.6,8.5,25.5,410.0,100.0,1.0
463406,2901,162,5.099447,0.2,-0.289175,0.00744,0.0,0.00173029,-0.048057,-1.0,-0.017806,1.0,0.231381,2924.3,24.4,100.8,616.2,100.0,1.0
463569,2902,163,10.517523,0.2,-0.104407,0.032408,0.000253,0.00222026,0.117095,-0.762431,1.0,1.0,0.330268,4715.1,42.5,55.0,417.6,100.0,1.0
463729,2903,160,8.56548,0.282211,-0.340757,0.0,2e-06,0.00198133,0.073107,-1.0,1.0,1.0,0.134464,2655.0,17.3,21.7,652.7,100.0,1.0
463883,2904,154,8.589674,0.592232,-0.123864,0.009488,0.0,0.00200151,0.082995,-0.827373,0.803867,1.0,0.289056,4467.7,36.1,60.8,536.2,100.0,1.0
464037,2905,154,9.725494,0.922304,-0.151438,0.014086,2e-05,0.00229164,0.090042,-0.742336,0.714627,1.0,0.358018,4791.7,43.2,92.6,672.2,100.0,1.0
464192,2906,155,7.356209,1.0,-0.308976,0.000415,0.0,0.00217276,-0.001725,-1.0,0.209903,1.0,0.113575,2400.0,13.7,29.1,275.6,100.0,1.0
464353,2907,161,4.219975,0.582324,0.695309,0.0,0.0,0.00230802,-0.179392,-1.0,0.55465,0.516661,0.328444,2805.3,46.2,7.9,798.3,100.0,1.0
464513,2908,160,3.775663,0.272199,-0.346466,0.0,0.001785,0.00154103,-0.07458,-1.0,-0.319749,0.995129,0.2045,2190.7,27.5,20.6,708.1,100.0,1.0
464674,2909,161,7.65375,0.328777,-0.377822,0.011376,0.000164,0.00174515,0.067627,-1.0,1.0,1.0,0.161867,3177.2,20.0,36.2,435.7,100.0,1.0
464833,2910,159,8.187806,0.617266,-0.24017,0.003253,0.0,0.00192257,0.067223,-1.0,1.0,1.0,0.163886,2916.5,21.5,22.2,793.9,100.0,1.0
464993,2911,160,7.425514,0.402304,-0.370507,0.0,0.0,0.0016699,0.071007,-1.0,1.0,1.0,0.144967,2914.1,19.1,18.5,537.2,100.0,1.0
465154,2912,161,6.869935,0.2,-0.070211,0.021061,0.042163,0.00169238,0.0404,-0.968915,0.928482,1.0,0.316641,3928.4,40.7,52.4,919.7,100.0,1.0
465319,2913,165,9.693068,0.321005,-0.066699,0.015426,2e-06,0.00190444,0.127193,-0.677181,0.934479,1.0,0.39621,5039.9,51.0,65.6,798.2,100.0,1.0
465477,2914,158,6.133814,0.809195,-0.253521,0.018897,0.0,0.00185298,-0.013435,-1.0,0.457761,1.0,0.296057,3256.8,36.7,65.0,479.3,100.0,1.0
465640,2915,163,4.951161,0.380977,-0.297153,0.010032,0.0,0.00143894,-0.009073,-1.0,0.346742,1.0,0.218734,3140.4,28.9,27.7,769.0,100.0,1.0
465799,2916,159,4.340106,0.495109,0.653576,9.8e-05,0.0,0.00196959,-0.115529,-1.0,-0.799333,0.969149,0.123991,1230.5,15.6,24.4,462.5,100.0,1.0
465954,2917,155,10.316669,0.392151,-0.104007,0.027829,1e-05,0.00236623,0.103031,-0.816467,1.0,1.0,0.30603,4509.3,39.2,52.4,413.5,100.0,1.0
466114,2918,160,7.911084,1.0,0.032455,0.033321,0.0,0.00195632,0.047265,-0.491023,0.528547,0.813655,0.592553,5749.2,79.2,63.0,695.3,100.0,1.0
466276,2919,162,8.355336,0.797463,-0.300775,0.000272,0.0,0.00192994,0.067842,-0.947597,1.0,1.0,0.252495,4009.7,32.6,40.1,370.4,100.0,1.0
466436,2920,160,7.549887,0.535017,-0.107587,0.012786,0.0,0.00179083,0.057272,-0.793117,0.518333,1.0,0.334854,4598.2,40.3,87.7,538.5,100.0,1.0
466589,2921,153,9.756208,0.201994,-0.142465,0.022725,0.026935,0.00239957,0.077136,-0.869536,0.819306,1.0,0.252283,4307.1,26.7,109.1,436.6,100.0,1.0
466745,2922,156,11.70198,1.0,-0.188123,0.019831,0.0,0.0026086,0.126007,-0.712724,1.0,1.0,0.372698,4904.5,47.2,70.6,263.6,100.0,1.0
466899,2923,154,9.306032,1.0,-0.017364,0.005933,0.0,0.00216754,0.090086,-0.864347,1.0,1.0,0.286964,4326.8,34.4,77.2,386.2,100.0,1.0
467059,2924,160,11.015051,0.2,-0.029998,0.019006,0.155048,0.00215345,0.157184,-0.441655,0.702161,1.0,0.542263,5937.3,72.5,58.4,719.4,100.0,1.0
467216,2925,157,5.624872,0.2,-0.362871,0.004191,0.0,0.00207562,-0.069657,-1.0,0.573612,0.80651,0.296484,2995.6,41.5,10.5,485.7,100.0,1.0
467377,2926,161,6.421826,0.639993,-0.31954,0.016546,0.0,0.00188112,-0.010335,-1.0,0.318709,1.0,0.21103,2677.1,24.7,64.1,570.5,100.0,1.0
467540,2927,163,9.310007,0.314911,0.009014,0.015966,9.1e-05,0.00184052,0.124079,-0.576168,0.657698,1.0,0.45016,5424.8,58.2,71.5,558.8,100.0,1.0
467702,2928,162,7.302635,0.524076,-0.265659,0.006976,0.0,0.00176318,0.047006,-1.0,0.83262,1.0,0.181278,3520.4,22.9,35.3,556.8,100.0,1.0
467855,2929,153,10.166956,1.0,-0.122199,0.022573,0.0,0.0020639,0.147321,-0.603235,0.879394,1.0,0.397429,5321.7,50.9,68.4,368.2,100.0,1.0
468017,2930,162,7.662478,0.2,-0.242395,0.015516,0.011573,0.00187028,0.046035,-0.97807,0.882475,1.0,0.24944,3893.6,27.9,90.1,858.1,100.0,1.0
468169,2931,152,9.457628,0.628233,-0.025342,0.012839,0.0,0.00224392,0.089717,-0.696612,0.680591,1.0,0.422642,4965.9,55.6,55.9,413.8,100.0,1.0
468334,2932,165,7.168841,0.259706,-0.284642,0.003678,0.041736,0.001615,0.06007,-1.0,1.0,1.0,0.199648,3370.7,27.6,10.4,553.8,100.0,1.0
468491,2933,157,9.84859,0.529611,-0.115861,0.01059,0.0,0.00236352,0.07753,-0.882542,0.917957,1.0,0.276882,4257.5,33.0,76.0,288.9,100.0,1.0
468652,2934,161,8.935095,0.2,-0.185329,0.014109,0.014816,0.00178363,0.11986,-0.697964,0.856118,1.0,0.357319,4960.8,42.4,101.3,448.6,100.0,1.0
468815,2935,163,10.100019,0.304259,-0.165876,0.011234,0.0,0.00239945,0.068988,-0.915405,1.0,1.0,0.303102,4132.3,41.4,22.5,439.1,100.0,1.0
468978,2936,163,2.980398,0.368776,-0.374278,0.0065,4.9e-05,0.00217323,-0.218457,-1.0,0.236727,0.542246,0.409579,3503.7,56.8,20.0,485.3,100.0,1.0
469133,2937,155,11.639852,0.850368,-0.073316,0.003172,0.0,0.0023386,0.167881,-0.544175,1.0,1.0,0.458288,5546.7,61.3,49.1,424.7,100.0,1.0
469288,2938,155,7.777971,0.315059,-0.190627,0.006731,2.6e-05,0.00165949,0.097199,-0.747676,0.818657,1.0,0.364901,4771.4,44.1,93.2,687.0,100.0,1.0
469447,2939,159,8.565293,0.468654,-0.19994,0.001381,7e-06,0.00217441,0.044553,-1.0,1.0,1.0,0.277235,3494.3,39.0,7.5,517.7,100.0,1.0
469604,2940,157,5.357493,0.304137,-0.529206,0.0,0.0,0.00195987,-0.063563,-1.0,-0.425518,1.0,0.105054,1499.6,12.5,28.9,652.3,100.0,1.0
469763,2941,159,5.581093,0.2,-0.247757,0.006714,0.0,0.00182444,-0.035759,-1.0,0.216268,1.0,0.286927,3501.5,33.4,88.2,495.8,100.0,1.0
469921,2942,158,8.708624,0.853804,-0.15545,0.002321,0.0,0.00179931,0.112526,-0.740113,0.960598,1.0,0.372468,4800.2,45.9,84.8,635.0,100.0,1.0
470076,2943,155,10.412089,1.0,-0.177308,0.003807,0.0,0.00227846,0.121269,-0.689669,0.88216,1.0,0.377815,4992.4,46.6,85.6,396.7,100.0,1.0
470238,2944,162,4.814148,0.2,-0.233387,0.0,0.040877,0.00183859,-0.078481,-1.0,1.0,0.652632,0.284512,2638.1,39.9,8.6,822.0,100.0,1.0
470399,2945,161,8.669508,0.2,-0.207124,0.013963,0.12187,0.00203785,0.066964,-0.872943,0.900261,1.0,0.337659,4294.1,45.2,35.3,812.5,100.0,1.0
470566,2946,167,9.103773,0.2,-0.226376,0.007507,0.229837,0.00173722,0.124745,-0.737351,0.968397,1.0,0.32011,4810.7,39.9,67.7,590.1,100.0,1.0
470730,2947,164,6.766473,0.508112,-0.156815,0.00265,0.0,0.00180957,0.011568,-1.0,0.62487,1.0,0.254596,3724.4,29.7,77.9,671.2,100.0,1.0
470894,2948,164,9.575163,0.907645,-0.115966,0.032362,0.0,0.00223909,0.069111,-0.534978,0.629979,0.875044,0.564551,5581.7,74.4,72.7,427.0,100.0,1.0
471056,2949,162,10.54431,0.464917,-0.097025,0.012554,0.0,0.00197003,0.161372,-0.566216,0.959733,1.0,0.432128,5462.7,54.3,86.3,623.0,100.0,1.0
471219,2950,163,8.845715,0.2,-0.101929,0.005297,0.000214,0.00185382,0.100945,-0.774654,0.888729,1.0,0.333994,4668.6,39.8,92.5,804.4,100.0,1.0
471372,2951,153,8.585714,1.0,0.029369,0.021853,0.0,0.00258006,-0.003475,-0.890225,0.243836,1.0,0.3314,4228.2,37.5,115.4,165.7,100.0,1.0
471536,2952,164,11.239122,1.0,-0.114881,0.000736,0.0,0.00199178,0.185584,-0.440129,0.774298,1.0,0.439002,5943.1,55.2,87.1,492.9,100.0,1.0
471694,2953,158,1.66349,0.2,-0.127174,0.017364,0.027134,0.00123289,-0.118971,-0.897461,0.35268,0.721657,0.46354,4200.7,61.0,60.9,794.9,100.0,1.0
471856,2954,162,9.106444,0.784623,-0.29227,0.013981,0.0,0.00216208,0.064756,-0.902622,0.949935,1.0,0.3216,4181.0,38.2,89.9,321.8,100.0,1.0
472014,2955,158,10.00335,0.387686,0.038117,0.004115,0.0,0.00228628,0.094685,-0.692156,0.573262,1.0,0.351934,4982.9,42.5,90.5,370.7,100.0,1.0
472171,2956,157,8.190098,0.2,-0.240606,0.001853,0.01624,0.00180855,0.089347,-0.858687,1.0,1.0,0.300564,4348.4,39.4,41.7,679.6,100.0,1.0
472336,2957,165,7.536406,0.2,0.024624,0.023325,0.026433,0.00209583,-0.00233,-0.733003,0.230164,0.939528,0.488152,4827.3,62.2,87.7,436.8,100.0,1.0
472495,2958,159,8.924986,1.0,-0.340386,0.008884,0.0,0.00216563,0.062431,-1.0,1.0,1.0,0.187846,3000.6,21.4,63.1,310.8,100.0,1.0
472663,2959,168,10.082732,0.364933,-0.193263,0.025209,0.000109,0.00246916,0.044732,-1.0,1.0,1.0,0.276338,3682.5,35.1,50.8,568.9,100.0,1.0
472822,2960,159,5.18807,0.498569,-0.319315,0.0,0.0,0.0015008,-0.002118,-1.0,0.255162,1.0,0.13817,1907.5,18.5,14.6,730.3,100.0,1.0
472975,2961,153,9.732626,0.2,-0.004036,0.019845,0.023736,0.00182739,0.164062,-0.505804,0.955894,1.0,0.522482,5692.9,66.1,99.9,1060.5,100.0,1.0
473129,2962,154,5.04746,0.474894,-0.14013,0.031554,0.0,0.00143592,0.008951,-0.802162,0.251416,1.0,0.427168,4563.8,53.6,86.7,702.0,100.0,1.0
473287,2963,158,6.272161,0.586226,-0.310273,0.0,0.0,0.00171204,0.015387,-1.0,0.352453,1.0,0.09929,2302.8,13.2,12.0,486.1,100.0,1.0
473449,2964,162,7.615159,0.985412,-0.195989,0.016129,0.0,0.0021612,-0.003027,-0.93107,0.543875,0.985753,0.382766,4072.6,51.3,39.8,503.7,100.0,1.0
473609,2965,160,5.451921,0.84834,-0.126463,0.00888,0.0,0.001477,0.012171,-0.734722,0.288406,0.965093,0.486498,4820.7,61.3,95.3,687.9,100.0,1.0
473770,2966,161,5.735556,0.2,-0.230604,0.024343,0.044964,0.00165857,-0.005631,-0.991554,0.474654,1.0,0.280261,3842.2,31.9,95.1,416.3,100.0,1.0
473930,2967,160,8.644441,0.414733,-0.065114,0.0,4.3e-05,0.00193812,0.083849,-0.782085,0.768585,1.0,0.346399,4640.3,41.0,99.0,603.3,100.0,1.0
474089,2968,159,7.677977,0.403353,-0.369899,0.00071,0.0,0.00182762,0.059316,-1.0,1.0,1.0,0.20342,3320.4,28.1,11.8,677.6,100.0,1.0
474245,2969,156,8.502843,0.442125,-0.049862,0.022392,3e-06,0.00152134,0.150158,-0.516961,0.869836,1.0,0.529445,5650.4,69.3,74.1,843.0,100.0,1.0
474405,2970,160,5.932141,0.258099,-0.243985,0.011668,8e-06,0.00167486,0.002348,-1.0,0.387034,1.0,0.181779,3018.7,20.2,66.9,664.8,100.0,1.0
474568,2971,163,5.441295,0.517847,-0.040856,0.016875,3.8e-05,0.00195097,-0.07006,-0.646864,0.214219,0.708407,0.56511,5155.4,75.4,61.7,611.0,100.0,1.0
474726,2972,158,9.589387,1.0,-0.300897,0.01614,0.0,0.00231918,0.070538,-0.947095,1.0,1.0,0.239892,4011.6,30.0,49.5,346.3,100.0,1.0
474889,2973,163,6.353849,0.363421,-0.171866,0.001838,8e-06,0.00161303,0.026619,-0.851415,0.477158,1.0,0.365505,4376.1,45.4,79.4,502.0,100.0,1.0
475039,2974,150,6.431699,0.510182,-0.243152,0.0,0.0,0.00184525,0.016286,-1.0,0.649108,1.0,0.243122,3289.5,29.1,66.3,836.0,100.0,1.0
475200,2975,161,7.231989,0.2,-0.224364,0.0,0.064223,0.00165644,0.062843,-0.924137,0.899233,1.0,0.268164,4099.0,31.4,80.3,791.3,100.0,1.0
475366,2976,166,8.805992,0.2,0.045216,0.034117,0.010471,0.00183566,0.096509,-0.581642,0.850179,0.916947,0.529327,5403.9,70.5,60.0,909.6,100.0,1.0
475530,2977,164,7.706548,0.607421,-0.450303,0.0,0.0,0.00183246,0.050607,-1.0,0.597943,1.0,0.045934,1683.1,5.6,10.8,394.0,100.0,1.0
475693,2978,163,8.325542,0.2,-0.097073,0.019289,0.003037,0.00154035,0.12824,-0.677451,0.938207,1.0,0.392363,5038.9,49.1,81.6,866.6,100.0,1.0
475851,2979,158,5.916118,0.732079,-0.419057,0.029726,0.0,0.00183938,-0.021091,-1.0,0.107289,1.0,0.1591,2337.5,19.5,38.1,338.7,100.0,1.0
476005,2980,154,9.211567,1.0,-0.179073,0.0076,0.0,0.00210542,0.095416,-0.721836,0.70452,1.0,0.361969,4869.8,44.2,87.3,555.7,100.0,1.0
476153,2981,148,8.445034,0.972373,-0.211618,0.015535,0.0,0.00224566,0.052372,-1.0,1.0,1.0,0.238142,3467.3,29.6,51.1,581.0,100.0,1.0
476313,2982,160,12.48085,1.0,0.006695,0.007807,0.0,0.0024248,0.180673,-0.51202,1.0,1.0,0.450597,5669.2,56.9,86.6,465.3,100.0,1.0
476482,2983,169,5.527827,0.2,-0.135319,0.02624,0.022004,0.00153975,-0.008343,-0.980526,0.502662,1.0,0.327125,3884.2,40.2,75.8,833.1,100.0,1.0
476640,2984,158,8.132144,0.2,-0.383622,0.001432,0.012283,0.00190115,0.070131,-1.0,1.0,1.0,0.149345,2692.1,17.6,43.3,376.3,100.0,1.0
476805,2985,165,12.224927,0.2,-0.03429,0.009857,0.347498,0.00216119,0.200408,-0.426192,1.0,1.0,0.502125,5996.2,65.2,75.8,574.7,100.0,1.0
476965,2986,160,8.044764,0.2,-0.134013,0.016968,0.052799,0.00171227,0.092606,-0.774517,0.909127,1.0,0.38613,4669.1,48.3,79.8,555.9,100.0,1.0
477138,2987,173,8.655936,0.336383,-0.153854,0.014285,6e-06,0.00197129,0.053377,-0.915014,0.665234,1.0,0.214457,4133.8,24.4,73.2,515.7,100.0,1.0
477302,2988,164,12.252699,0.462772,-0.017083,0.013772,0.0,0.00215001,0.205721,-0.429595,0.872164,1.0,0.405688,5983.2,52.2,66.6,359.6,100.0,1.0
477456,2989,154,7.821184,0.2,-0.369209,0.0,0.0,0.00195066,0.056004,-1.0,0.947397,1.0,0.193679,2810.8,26.6,12.9,332.1,100.0,1.0
477616,2990,160,9.027196,0.2,-0.235898,0.0,0.017276,0.00229546,0.044102,-0.985324,0.822869,1.0,0.216607,3865.9,24.4,76.2,572.0,100.0,1.0
477776,2991,160,6.634939,0.2,-0.072959,0.024676,0.076268,0.00164324,0.039467,-0.897298,0.708447,1.0,0.336615,4201.3,39.7,98.1,749.2,100.0,1.0
477939,2992,163,11.18122,0.908972,-0.16495,0.018029,2.1e-05,0.00214305,0.160232,-0.492895,0.684786,1.0,0.428664,5742.1,51.7,111.2,417.2,100.0,1.0
478099,2993,160,7.798555,0.469407,-0.127862,0.018195,0.0,0.0015207,0.112077,-0.661033,0.853707,1.0,0.459659,5101.5,58.0,89.6,813.8,100.0,1.0
478253,2994,154,11.618423,1.0,-0.101938,0.026403,0.0,0.0023365,0.169629,-0.488845,0.74308,1.0,0.417918,5757.5,49.0,124.7,334.2,100.0,1.0
478411,2995,158,6.1235,0.2,-0.235492,0.009543,0.023357,0.00182348,-0.009048,-1.0,0.422804,1.0,0.256644,3348.8,29.2,86.7,539.5,100.0,1.0
478572,2996,161,7.431853,0.2,-0.181001,0.011027,0.0,0.00191048,0.031091,-1.0,0.682396,1.0,0.185745,2782.0,23.8,31.3,672.3,100.0,1.0
478738,2997,166,9.464123,0.211122,-0.122767,0.0,0.000116,0.00218756,0.068162,-0.916575,1.0,1.0,0.305183,4127.8,42.0,19.0,623.6,100.0,1.0
478898,2998,160,5.428573,1.0,-0.167486,0.022386,0.0,0.00209816,-0.088293,-0.647516,0.170954,0.681849,0.587024,5153.0,76.6,84.7,328.3,100.0,1.0
479053,2999,155,7.967349,0.2,-0.205807,0.015847,0.01173,0.00192159,0.065257,-0.849737,0.743905,1.0,0.308626,4382.5,35.5,100.5,468.7,100.0,1.0
479212,3000,159,7.252829,0.626103,-0.11928,0.031369,0.0,0.00162933,0.071468,-0.785218,0.571451,1.0,0.304256,4628.3,33.7,113.9,427.7,100.0,1.0
479377,3001,165,5.396583,0.262762,-0.087848,0.019129,0.000249,0.00152753,-0.006116,-0.883132,0.3298,1.0,0.399997,4255.3,48.3,103.0,643.8,100.0,1.0
479541,3002,164,8.645965,1.0,-0.008225,0.002189,0.0,0.00202293,0.062204,-0.635681,0.847497,0.867946,0.519192,5198.1,69.6,53.7,865.5,100.0,1.0
479710,3003,169,7.205793,0.417397,-0.169267,0.02057,2e-06,0.0015672,0.063469,-0.895536,0.806381,1.0,0.268656,4208.0,30.7,89.7,882.2,100.0,1.0
479867,3004,157,7.615584,0.2,-0.094805,0.022223,0.0,0.00198151,0.035879,-0.808306,0.652165,0.986004,0.457659,4540.4,57.2,96.0,485.7,100.0,1.0
480031,3005,164,7.512842,0.2,-0.09595,0.001575,0.011859,0.001788,0.049059,-0.856332,0.695324,1.0,0.353786,4357.4,43.7,80.1,723.5,100.0,1.0
480185,3006,154,9.70364,1.0,-0.270905,0.024518,0.0,0.00224089,0.097001,-0.805064,1.0,1.0,0.356133,4552.7,43.5,85.7,292.9,100.0,1.0
480344,3007,159,8.771842,0.407584,-0.207692,0.020814,0.0,0.0021168,0.063097,-0.930028,1.0,1.0,0.306969,4076.6,38.4,64.2,568.9,100.0,1.0
480502,3008,158,8.317537,1.0,-0.235547,0.019514,0.0,0.00246615,-0.010663,-1.0,0.467815,1.0,0.287223,3403.9,35.8,60.9,346.7,100.0,1.0
480659,3009,157,7.892691,0.2,-0.151368,0.017717,0.007522,0.00162244,0.104941,-0.700651,0.878036,1.0,0.438171,4950.5,53.3,109.0,575.1,100.0,1.0
480817,3010,158,8.151702,0.2,-0.133135,0.009869,0.011261,0.00208085,0.042685,-0.973355,1.0,1.0,0.333202,3911.5,43.9,42.8,584.3,100.0,1.0
480982,3011,165,9.143976,0.677067,-0.018034,0.02104,0.0,0.00169237,0.137438,-0.517836,0.740562,1.0,0.526879,5647.0,67.8,86.7,627.8,100.0,1.0
481147,3012,165,9.01975,0.540565,-0.056205,0.009558,0.0,0.00175737,0.121032,-0.662341,0.810136,1.0,0.39081,5096.5,48.4,86.1,607.8,100.0,1.0
481307,3013,160,11.098088,0.2,-0.189505,0.011048,0.063363,0.00242278,0.11807,-0.730316,0.810154,1.0,0.286675,4837.5,32.1,102.8,340.4,100.0,1.0
481463,3014,156,9.720712,0.738958,-0.015482,0.007981,0.0,0.00191585,0.144124,-0.560358,0.781491,1.0,0.439501,5485.0,53.3,110.9,512.8,100.0,1.0
481617,3015,154,9.561033,0.2,-0.166775,0.004186,0.080678,0.00165036,0.181553,-0.472598,0.966664,1.0,0.498518,5819.4,64.3,81.1,746.6,100.0,1.0
481772,3016,155,5.447198,0.83864,-0.158746,0.022615,0.0,0.00216281,-0.087005,-0.991646,0.058081,0.953811,0.397854,3841.8,49.2,89.6,321.2,100.0,1.0
481933,3017,161,8.067156,0.2,-0.231055,0.004158,0.013721,0.00206595,0.035022,-1.0,0.790189,1.0,0.219985,3724.4,24.9,76.0,513.5,100.0,1.0
482090,3018,157,9.247876,0.648399,-0.032583,0.021728,0.0,0.00199138,0.10881,-0.49983,0.6313,0.949028,0.557698,5715.6,73.3,74.2,537.6,100.0,1.0
482256,3019,166,10.605379,0.2,-0.130995,0.010467,0.074829,0.00224188,0.111184,-0.641852,0.637883,1.0,0.389779,5174.5,48.2,87.0,513.8,100.0,1.0
482415,3020,159,7.013787,0.30235,-0.220878,0.004833,7.6e-05,0.00190677,0.016504,-1.0,0.587974,1.0,0.211467,3645.2,23.6,76.7,346.0,100.0,1.0
482572,3021,157,7.747555,0.2,-0.13328,0.0,0.034943,0.00200454,0.038407,-0.976734,0.872532,1.0,0.284945,3898.6,31.4,109.0,386.6,100.0,1.0
482730,3022,158,9.407977,0.2,-0.218863,0.017998,0.00786,0.0019905,0.114301,-0.70389,1.0,1.0,0.446686,4938.2,58.8,57.9,571.9,100.0,1.0
482889,3023,159,5.346473,0.514467,-0.269165,0.005008,0.0,0.00172685,-0.030882,-1.0,0.354827,1.0,0.331824,3496.1,39.8,88.7,447.5,100.0,1.0
483046,3024,157,5.841629,0.527108,-0.270474,0.022066,0.0,0.00206757,-0.05837,-0.822631,0.419514,0.802721,0.466763,4485.8,62.2,52.2,455.6,100.0,1.0
483204,3025,158,9.590827,0.287935,-0.298284,0.000406,0.0,0.00220704,0.088389,-0.887903,1.0,1.0,0.254226,4237.1,26.4,115.8,268.5,100.0,1.0
483364,3026,160,6.022381,0.358044,-0.155081,0.024532,0.0,0.00164418,0.011409,-1.0,0.653491,1.0,0.269701,3697.5,30.9,88.5,531.9,100.0,1.0
483522,3027,158,10.603084,0.2,-0.074512,0.016456,2.2e-05,0.00215865,0.142169,-0.603263,0.981337,1.0,0.474112,5321.6,63.5,49.6,548.4,100.0,1.0
483682,3028,160,8.113653,0.2,-0.226788,0.0,0.383838,0.00210901,0.032358,-1.0,0.807039,1.0,0.241731,3764.1,25.4,106.2,556.6,100.0,1.0
483838,3029,156,8.053741,0.979584,-0.248881,0.019657,0.0,0.00179096,0.087678,-0.814437,1.0,1.0,0.386344,4517.0,49.8,63.5,456.3,100.0,1.0
483997,3030,159,11.534606,0.823149,-0.0967,0.023116,0.0,0.00277019,0.085274,-0.775822,0.859284,1.0,0.395583,4664.1,50.5,70.0,305.0,100.0,1.0
484156,3031,159,5.262058,0.2,-0.308508,0.0,0.227214,0.00151779,-0.00144,-1.0,0.304747,1.0,0.159575,2598.8,18.4,50.9,756.2,100.0,1.0
484322,3032,166,7.288082,0.2,-0.109353,0.019715,0.018922,0.0016324,0.061253,-0.823711,0.6679,1.0,0.336191,4481.7,41.2,79.4,583.7,100.0,1.0
484482,3033,160,5.977412,0.488802,-0.365537,0.0,0.0,0.00181305,-0.017615,-1.0,0.091299,1.0,0.133726,2156.0,14.9,48.7,462.9,100.0,1.0
484640,3034,158,2.783211,0.2,-0.319728,0.003022,0.019771,0.00157107,-0.121357,-1.0,0.082669,0.812632,0.320223,2952.3,40.7,58.7,646.9,100.0,1.0
484796,3035,156,5.5905,0.479827,-0.31303,0.008753,0.0,0.00157151,0.009655,-1.0,0.534144,1.0,0.218796,2448.0,27.0,49.4,504.1,100.0,1.0
484950,3036,154,9.319687,0.849413,-0.165288,0.00625,0.0,0.0020218,0.113403,-0.773381,0.938264,1.0,0.298699,4673.4,35.8,79.7,370.3,100.0,1.0
485110,3037,160,8.612776,0.352458,-0.265121,0.019788,9.1e-05,0.00204804,0.064855,-0.930444,0.918789,1.0,0.256842,4075.0,28.8,91.5,560.3,100.0,1.0
485269,3038,159,6.255166,0.2,-0.052871,0.007878,0.043193,0.00181988,-0.004267,-1.0,0.508641,1.0,0.275656,3666.8,32.3,82.3,583.5,100.0,1.0
485434,3039,165,7.593997,0.2,-0.251487,0.019069,0.084526,0.00187385,0.036923,-1.0,0.800811,1.0,0.215788,3353.2,24.3,76.1,441.1,100.0,1.0
485592,3040,158,11.337765,0.644782,-0.184276,0.0,0.0,0.00224809,0.161545,-0.532322,0.737371,1.0,0.379399,5591.9,45.9,96.4,337.5,100.0,1.0
485753,3041,161,11.824968,0.2,-0.114361,0.020844,0.022424,0.00241903,0.149537,-0.587216,0.826146,1.0,0.387763,5382.7,45.7,113.0,350.4,100.0,1.0
485912,3042,159,9.605286,0.232691,-0.127936,0.005455,0.000158,0.00205008,0.111915,-0.724514,1.0,1.0,0.422524,4859.6,55.2,60.6,632.2,100.0,1.0
486078,3043,166,9.226372,0.642871,-0.289891,0.0,0.0,0.00188118,0.108343,-0.73847,0.820083,1.0,0.326003,4806.4,38.4,95.7,401.7,100.0,1.0
486237,3044,159,7.171202,0.2,-0.07723,0.03376,0.111265,0.00169556,0.05732,-0.828695,0.775621,1.0,0.400993,4462.7,50.2,82.9,697.2,100.0,1.0
486394,3045,157,5.907088,0.200644,0.720939,0.006583,0.000256,0.00226253,-0.085943,-1.0,1.0,0.616656,0.258862,2355.8,36.4,6.4,463.5,100.0,1.0
486552,3046,158,7.003113,0.2,-0.147012,0.01161,0.000152,0.00207948,-0.009304,-0.827465,0.707166,0.8599,0.456864,4467.4,60.0,60.9,468.2,100.0,1.0
486709,3047,157,8.897738,0.2,-0.075314,0.025918,0.068123,0.00178769,0.12496,-0.675135,0.939057,1.0,0.413244,5047.7,53.1,69.1,617.7,100.0,1.0
486863,3048,154,4.348091,0.443297,-0.217533,0.008796,5.1e-05,0.00164221,-0.054681,-1.0,0.049449,1.0,0.298132,3305.5,36.6,69.9,587.5,100.0,1.0
487022,3049,159,9.558252,0.263159,-0.010103,0.02449,0.015187,0.00203487,0.112153,-0.616201,0.695987,1.0,0.458875,5272.3,58.6,81.1,476.5,100.0,1.0
487183,3050,161,11.192372,0.2,-0.101391,0.019663,0.059725,0.00220944,0.154485,-0.568885,0.931404,1.0,0.447727,5452.5,56.5,86.8,450.1,100.0,1.0
487347,3051,164,5.989501,0.2,-0.226629,0.009289,0.014729,0.00181673,-0.024891,-1.0,0.091974,1.0,0.170441,3035.7,18.3,70.5,409.3,100.0,1.0
487506,3052,159,9.604238,0.2,-0.053061,0.007884,0.019006,0.0018783,0.139188,-0.610113,0.891124,1.0,0.431923,5295.5,55.3,74.9,683.0,100.0,1.0
487666,3053,160,5.328964,0.337772,-0.220545,0.024679,4.9e-05,0.00169081,-0.027593,-1.0,0.143892,1.0,0.209909,3198.6,23.5,75.5,458.3,100.0,1.0
487826,3054,160,8.597777,0.371784,-0.247416,0.022291,0.0,0.00170914,0.118469,-0.676123,0.871567,1.0,0.410222,5044.0,50.1,99.4,577.7,100.0,1.0
487988,3055,162,9.417934,0.463398,-0.298484,0.01376,0.0,0.00233131,0.051644,-1.0,1.0,1.0,0.241778,3732.1,29.8,55.8,375.5,100.0,1.0
488155,3056,167,7.133151,0.2,-0.301095,0.0,0.00016,0.00161903,0.05481,-1.0,1.0,1.0,0.225948,3524.2,26.8,63.4,669.6,100.0,1.0
488316,3057,161,10.964651,0.294703,-0.168032,0.037123,0.0,0.00200589,0.176893,-0.561581,1.0,1.0,0.382767,5480.4,46.5,95.1,357.5,100.0,1.0
488476,3058,160,11.46069,0.2,-0.083355,0.010124,0.031102,0.00209912,0.186615,-0.447151,1.0,1.0,0.534409,5916.4,69.1,84.6,653.1,100.0,1.0
488639,3059,163,8.125767,1.0,-0.303137,0.000107,0.0,0.00193408,0.055206,-1.0,1.0,1.0,0.223969,3785.4,27.9,47.4,679.2,100.0,1.0
488805,3060,166,8.316618,0.594674,-0.391877,0.0,0.0,0.0022244,0.009911,-1.0,0.337321,1.0,0.119108,2441.0,15.6,16.4,498.8,100.0,1.0
488964,3061,159,9.125983,0.284561,-0.010771,0.024098,4e-05,0.00174015,0.139391,-0.547247,0.815185,1.0,0.502956,5535.0,65.3,76.0,712.9,100.0,1.0
489118,3062,154,6.2491,0.570858,-0.211469,0.01765,0.0,0.00193124,-0.01251,-1.0,0.390425,1.0,0.257762,3313.5,30.0,79.6,653.9,100.0,1.0
489281,3063,163,8.363037,0.2,-0.280086,0.0,0.117779,0.00201014,0.053615,-0.992084,0.970991,1.0,0.231275,3840.2,26.2,79.8,660.4,100.0,1.0
489448,3064,167,5.603975,0.921451,-0.295152,0.013951,0.0,0.00188339,-0.059035,-1.0,-0.068852,1.0,0.260748,3104.6,30.1,83.8,482.7,100.0,1.0
489608,3065,160,6.672317,0.2,-0.291085,0.018428,0.0,0.00224624,-0.055212,-0.962658,0.504871,0.89601,0.41186,3952.3,52.1,78.4,494.9,100.0,1.0
489765,3066,157,1.335041,1.0,0.711358,0.028349,0.0,0.00238838,-0.314125,-1.0,0.19355,0.257232,0.367554,2483.0,49.4,36.6,381.9,100.0,1.0
489925,3067,160,9.963061,0.373867,-0.071397,0.016483,0.0,0.00225946,0.092759,-0.744974,0.893244,1.0,0.42912,4781.6,56.9,51.1,456.2,100.0,1.0
490086,3068,161,8.847936,0.436531,-0.224291,0.012087,0.0,0.00186309,0.103502,-0.768539,1.0,1.0,0.387549,4691.9,50.4,58.1,557.0,100.0,1.0
490244,3069,158,6.148716,0.2,-0.244673,0.017952,0.030496,0.00174597,0.00451,-1.0,0.61806,1.0,0.286481,3263.0,34.5,75.4,501.9,100.0,1.0
490403,3070,159,7.45192,0.2,-0.317849,0.001101,0.140718,0.00190386,0.037067,-1.0,0.883361,1.0,0.256343,3565.5,29.5,83.2,697.3,100.0,1.0
490564,3071,161,9.252469,1.0,-0.228161,0.007833,0.0,0.00208826,0.085663,-0.709422,0.616169,1.0,0.388283,4917.1,47.2,96.8,443.3,100.0,1.0
490722,3072,158,6.438382,0.679509,-0.298752,0.025083,0.0,0.00158198,0.043607,-0.989657,0.975442,1.0,0.287785,3849.4,34.1,82.3,453.1,100.0,1.0
490879,3073,157,8.495455,0.2,-0.223465,0.006835,0.100702,0.00212659,0.053462,-1.0,0.932211,1.0,0.198794,3475.7,21.8,77.5,459.4,100.0,1.0
491040,3074,161,10.228134,0.888749,-0.028117,0.00718,0.0,0.00214863,0.120426,-0.63613,0.911984,1.0,0.490633,5196.3,64.6,64.4,502.1,100.0,1.0
491195,3075,155,8.205525,0.2,-0.075754,0.015189,0.017648,0.00158352,0.128693,-0.615963,0.725746,1.0,0.391471,5273.2,48.1,91.2,653.0,100.0,1.0
491355,3076,160,8.990566,0.2,-0.19619,0.030641,0.000211,0.00170123,0.137712,-0.70166,1.0,1.0,0.333535,4946.7,42.8,56.8,644.8,100.0,1.0
491519,3077,164,6.016098,0.2,-0.202906,0.030892,0.035693,0.00163063,0.006859,-1.0,0.67256,1.0,0.301983,3564.1,36.6,75.9,948.5,100.0,1.0
491680,3078,161,6.383869,0.227611,-0.302304,0.007094,0.050051,0.00189345,-0.013806,-1.0,0.267838,1.0,0.20295,2961.4,22.7,73.5,379.1,100.0,1.0
491843,3079,163,8.052328,0.2,-0.27123,0.011764,0.0,0.00218907,0.010275,-0.974725,0.602333,1.0,0.294024,3906.3,34.8,84.4,445.5,100.0,1.0
491997,3080,154,9.567991,0.2,-0.19779,0.012066,0.084932,0.002318,0.079239,-0.855892,0.997578,1.0,0.354784,4359.1,43.5,83.9,396.7,100.0,1.0
492158,3081,161,8.780185,0.2,-0.168213,0.024084,0.055168,0.00201684,0.075617,-0.742125,0.505369,1.0,0.32588,4792.5,39.6,80.9,799.7,100.0,1.0
492318,3082,160,7.669914,0.337604,-0.15986,0.011786,5e-06,0.00171905,0.074655,-0.918603,1.0,1.0,0.269168,4120.1,33.2,61.4,464.3,100.0,1.0
492473,3083,155,8.808909,1.0,-0.157035,0.007566,0.0,0.00241841,0.026769,-1.0,0.876567,1.0,0.304441,3724.9,36.3,83.7,462.8,100.0,1.0
492634,3084,161,7.714113,0.251164,-0.003553,0.013645,0.01932,0.0016355,0.088411,-0.624039,0.522171,1.0,0.47696,5242.4,62.0,71.2,774.7,100.0,1.0
492797,3085,163,7.51384,0.542816,-0.025107,0.012556,0.0,0.0018488,0.041225,-0.922461,0.844668,1.0,0.351904,4105.4,45.2,59.4,484.2,100.0,1.0
492956,3086,159,9.947592,0.333342,-0.088768,0.031182,7e-06,0.00182939,0.162657,-0.51931,1.0,1.0,0.527924,5641.4,67.7,89.6,756.6,100.0,1.0
493116,3087,160,8.410581,0.2,-0.022309,0.007077,0.281341,0.00201204,0.061535,-0.435065,0.576176,0.800115,0.619252,5962.4,82.8,66.0,773.3,100.0,1.0
493271,3088,155,2.95809,0.2,-0.196067,0.019881,0.01069,0.00133305,-0.071744,-0.871782,0.325886,0.839473,0.465119,4298.5,58.4,93.6,830.9,100.0,1.0
493429,3089,158,5.909356,0.422713,-0.218598,0.009435,0.0,0.00149639,0.032986,-0.963043,0.797717,1.0,0.298601,3950.8,34.9,90.2,635.7,100.0,1.0
493592,3090,163,9.723418,0.249642,-0.092032,0.019069,0.011471,0.00177604,0.153775,-0.534144,0.770302,1.0,0.431525,5584.9,52.9,102.0,461.5,100.0,1.0
493752,3091,160,6.67575,0.810116,-0.247351,0.015463,0.0,0.00185008,0.008313,-1.0,0.587544,1.0,0.252205,3532.2,29.4,77.4,479.1,100.0,1.0
493910,3092,158,6.078186,0.2,-0.058088,0.015368,0.007909,0.0016145,0.021979,-0.843765,0.481071,1.0,0.404051,4405.3,50.0,90.1,788.3,100.0,1.0
494069,3093,159,7.812043,0.435661,-0.283857,0.01655,0.0,0.00196217,0.044101,-1.0,1.0,1.0,0.279497,3603.9,36.5,40.2,594.2,100.0,1.0
494224,3094,155,9.04965,0.2,-0.063363,0.019031,0.053903,0.0018848,0.120365,-0.605526,0.83288,1.0,0.504947,5312.9,61.2,127.6,574.6,100.0,1.0
494387,3095,163,9.748927,0.2,-0.113591,0.02571,0.398251,0.00171352,0.16508,-0.453005,0.70771,1.0,0.485698,5894.1,60.9,99.0,813.5,100.0,1.0
494541,3096,154,9.160858,0.368517,-0.110253,0.018483,0.0,0.00198697,0.111582,-0.708156,0.817314,1.0,0.361474,4921.9,41.2,121.3,389.5,100.0,1.0
494702,3097,161,7.75975,0.321538,-0.119237,0.007898,6e-06,0.00186886,0.052827,-0.917338,0.826687,1.0,0.293867,4124.9,37.5,51.8,405.2,100.0,1.0
494858,3098,156,6.297256,0.259319,-0.065984,0.006601,7e-06,0.00184287,-0.000441,-0.894375,0.462626,1.0,0.418363,4212.4,52.1,89.3,610.1,100.0,1.0
495023,3099,165,8.082728,0.2,-0.009712,0.012749,0.052085,0.00171212,0.08592,-0.600037,0.495064,1.0,0.517869,5333.9,64.5,110.6,850.0,100.0,1.0
495183,3100,160,9.277377,0.361781,-0.269882,0.007408,0.0,0.00215969,0.077309,-0.813796,0.814477,1.0,0.346552,4519.4,41.7,90.7,346.9,100.0,1.0
495342,3101,159,8.82623,1.0,-0.262386,0.003437,0.0,0.00222651,0.04829,-1.0,0.965871,1.0,0.241487,3759.9,27.5,81.4,298.3,100.0,1.0
495502,3102,160,6.350436,0.2,-0.452445,0.0,0.155469,0.0018581,-0.007837,-1.0,0.067147,1.0,0.072757,1481.3,9.2,13.5,445.0,100.0,1.0
495662,3103,160,10.050856,1.0,-0.08353,0.005503,0.0,0.00241094,0.072376,-0.793276,0.683832,1.0,0.341804,4597.6,39.3,110.7,310.1,100.0,1.0
495817,3104,155,10.522232,1.0,-0.040446,0.024383,0.0,0.00224493,0.13168,-0.466475,0.832978,0.937568,0.582505,5842.7,75.4,91.3,465.2,100.0,1.0
495976,3105,159,9.6252,0.2,-0.067658,0.019951,0.018354,0.00175799,0.159238,-0.523512,0.855241,1.0,0.465283,5625.4,60.7,66.8,683.9,100.0,1.0
496141,3106,165,9.198019,0.2,-0.327009,0.000795,0.053713,0.00204349,0.082109,-0.756473,0.66477,1.0,0.348011,4737.8,40.4,108.2,445.5,100.0,1.0
496301,3107,160,9.426021,1.0,-0.178443,0.012117,0.0,0.00197594,0.113542,-0.645579,0.699567,1.0,0.402311,5160.3,46.3,129.9,452.0,100.0,1.0
496462,3108,161,10.241109,0.364137,-0.003783,0.026858,0.000115,0.00209536,0.129493,-0.354402,0.755667,0.873429,0.638667,6269.7,83.7,88.3,442.4,100.0,1.0
496628,3109,166,7.546495,0.71616,-0.160788,0.007252,0.0,0.00179952,0.045296,-0.869791,0.653979,1.0,0.328374,4306.1,39.0,92.6,419.8,100.0,1.0
496789,3110,161,10.134335,0.2,-0.069637,0.024943,0.169625,0.0018326,0.166913,-0.511396,0.883446,1.0,0.462217,5671.6,59.5,76.6,582.8,100.0,1.0
496951,3111,162,8.420231,0.545177,-0.159166,0.02322,0.0,0.00198424,0.062365,-0.85506,0.793196,1.0,0.338416,4362.2,42.2,71.9,602.3,100.0,1.0
497114,3112,163,7.076595,0.441577,0.00225,0.018008,0.0,0.00187608,0.016753,-0.694218,0.655746,0.851494,0.519341,4975.0,67.2,81.9,683.7,100.0,1.0
497276,3113,162,8.831082,0.2,-0.131544,0.02837,0.010519,0.00178976,0.112572,-0.726633,0.904385,1.0,0.367725,4851.5,44.8,89.8,560.5,100.0,1.0
497434,3114,158,11.207492,0.901043,-0.18244,0.004664,0.0,0.0022216,0.159818,-0.606779,0.914494,1.0,0.346292,5308.2,40.4,105.3,481.9,100.0,1.0
497593,3115,159,9.515026,0.839347,-0.061358,0.018093,0.0,0.00178696,0.149569,-0.557397,0.785382,1.0,0.419403,5496.3,53.2,78.3,543.1,100.0,1.0
497760,3116,167,9.943964,0.260489,-0.130248,0.002225,0.021043,0.00174116,0.162454,-0.56435,1.0,1.0,0.450116,5469.8,58.2,71.2,580.0,100.0,1.0
497921,3117,161,7.732889,0.2,0.046332,0.034774,0.017711,0.00186814,0.05167,-0.703647,0.45234,1.0,0.486438,4939.1,60.5,104.6,674.9,100.0,1.0
498079,3118,158,9.130881,0.838811,-0.188112,0.020168,0.0,0.00177222,0.136127,-0.640095,0.946142,1.0,0.422271,5181.2,52.8,88.3,470.3,100.0,1.0
498236,3119,157,6.756374,0.287451,-0.270287,0.0,2e-06,0.00175517,0.032352,-1.0,0.645308,1.0,0.160893,2775.8,17.0,70.2,492.6,100.0,1.0
498396,3120,160,8.16142,0.230837,-0.161809,0.009102,0.024364,0.00210468,0.035188,-1.0,0.839903,1.0,0.244013,3656.6,26.9,92.9,396.2,100.0,1.0
498559,3121,163,8.925828,0.2,-0.198247,0.01362,0.07001,0.00183775,0.107237,-0.75866,1.0,1.0,0.386157,4729.5,49.5,66.5,644.5,100.0,1.0
498717,3122,158,6.666459,0.203012,-0.042782,0.014615,0.02777,0.00163831,0.044967,-0.841075,0.678279,1.0,0.392421,4415.5,50.9,60.4,681.5,100.0,1.0
498872,3123,155,7.640214,0.2,-0.282283,0.00777,0.008212,0.00183122,0.06435,-0.970549,1.0,1.0,0.229789,3922.2,27.9,57.3,693.9,100.0,1.0
499035,3124,163,9.470307,0.627931,-0.080611,0.0197,0.0,0.00188567,0.124224,-0.274665,0.548772,0.860909,0.67919,6573.5,88.3,101.7,522.0,100.0,1.0
499191,3125,156,7.853805,1.0,-0.216429,0.009146,0.0,0.00195338,0.053188,-0.902524,0.829924,1.0,0.319605,4181.4,39.6,71.2,523.3,100.0,1.0
499352,3126,161,9.049838,0.2,-0.095785,0.025362,0.0,0.00217541,0.062177,-0.843267,0.806307,1.0,0.366553,4407.2,45.4,81.5,434.7,100.0,1.0
499514,3127,162,10.252546,0.49086,-0.121214,0.000287,0.0,0.00185328,0.167023,-0.490347,0.891448,1.0,0.502503,5751.8,63.2,100.4,692.4,100.0,1.0
499675,3128,161,10.794137,0.2,-0.09062,0.02304,0.020231,0.00216151,0.143945,-0.649226,1.0,1.0,0.394129,5146.5,50.0,74.1,586.5,100.0,1.0
499834,3129,159,9.351975,0.999481,-0.224913,0.013258,0.0,0.00192143,0.120744,-0.655126,0.760951,1.0,0.380285,5124.0,44.3,117.0,688.0,100.0,1.0
499995,3130,161,8.426429,0.2,-0.164187,0.019475,0.010843,0.00205781,0.052756,-0.911969,0.780066,1.0,0.280306,4145.4,30.6,110.5,513.5,100.0,1.0
500157,3131,162,8.810085,0.2,-0.434063,0.0,0.460917,0.00198993,0.079195,-1.0,1.0,1.0,0.104024,2673.0,11.9,35.0,388.3,100.0,1.0
500322,3132,165,6.761974,0.410786,-0.287005,0.014568,0.000119,0.00167424,0.03197,-1.0,0.808819,1.0,0.244562,3519.4,29.5,63.2,526.7,100.0,1.0
500483,3133,161,8.147583,0.2,-0.185647,0.024755,4.3e-05,0.00172257,0.094026,-0.767662,0.783265,1.0,0.328093,4695.2,39.9,81.9,472.2,100.0,1.0
500644,3134,161,8.414793,0.2,0.024208,0.000903,0.02229,0.00188858,0.079463,-0.641215,0.973141,0.883542,0.513328,5177.0,68.7,53.9,797.1,100.0,1.0
500800,3135,156,10.051487,1.0,-0.021443,0.020084,0.0,0.00227397,0.103382,-0.721254,0.830168,1.0,0.385978,4872.0,46.7,98.9,213.4,100.0,1.0
500964,3136,164,7.293458,0.539718,-0.34643,0.0,2e-06,0.00156269,0.076144,-1.0,1.0,1.0,0.119278,2657.0,15.7,16.0,859.1,100.0,1.0
501125,3137,161,12.447198,0.2,-0.058586,0.025751,0.038057,0.00221336,0.210975,-0.288568,0.891168,0.999141,0.634212,6520.6,81.5,105.7,591.9,100.0,1.0
501286,3138,161,8.726444,0.42308,-0.059761,0.01562,0.0,0.00168631,0.126257,-0.543329,0.732703,1.0,0.534243,5549.9,67.7,101.0,780.0,100.0,1.0
501445,3139,159,7.174297,0.66894,-0.313871,0.0,0.0,0.00199816,0.009288,-1.0,1.0,0.933794,0.337702,3666.7,47.4,9.8,561.2,100.0,1.0
501605,3140,160,11.695952,1.0,-0.212442,0.006595,0.0,0.00238876,0.150903,-0.586881,0.811461,1.0,0.374173,5384.0,43.7,113.4,237.4,100.0,1.0
501766,3141,161,11.245057,0.880927,-0.064806,0.00925,3e-06,0.00267086,0.082607,-0.680872,0.65771,1.0,0.474295,5025.9,61.0,79.1,245.5,100.0,1.0
501923,3142,157,8.69408,0.993544,-0.300177,0.00854,0.0,0.00218951,0.052644,-0.921528,1.0,1.0,0.374108,4109.0,48.6,56.0,508.5,100.0,1.0
502081,3143,158,9.82965,0.2,-0.031472,0.0418,0.005386,0.0017245,0.175713,-0.406443,0.845948,0.996612,0.577204,6071.5,76.0,75.1,1050.4,100.0,1.0
502239,3144,158,7.017161,0.986173,-0.331418,0.009475,0.0,0.00244168,-0.065842,-0.798891,0.699986,0.699376,0.505053,4576.2,67.3,56.3,365.3,100.0,1.0
502400,3145,161,10.01305,0.423161,0.001931,0.008445,2.4e-05,0.00169028,0.18444,-0.41481,0.90174,1.0,0.552754,6039.6,71.5,87.0,812.8,100.0,1.0
502559,3146,159,7.995147,0.2,-0.186602,0.009592,1.6e-05,0.00201974,0.043417,-0.936309,0.754411,1.0,0.27158,4052.7,33.3,63.6,391.7,100.0,1.0
502715,3147,156,9.592194,0.2,-0.139867,0.021664,0.002376,0.00213657,0.104075,-0.701951,0.780912,1.0,0.391668,4945.6,46.0,115.6,390.6,100.0,1.0
502875,3148,160,7.393383,0.2,-0.328506,0.015633,0.000462,0.00170293,0.064655,-0.887372,0.903196,1.0,0.325422,4239.1,39.2,84.5,601.2,100.0,1.0
503042,3149,167,8.752548,1.0,-0.362691,0.008961,0.0,0.00221025,0.029981,-1.0,0.76042,1.0,0.230307,3725.8,25.0,92.6,240.9,100.0,1.0
503205,3150,163,8.580459,0.584976,-0.306584,0.019716,0.0,0.00193099,0.076507,-0.826297,0.856722,1.0,0.349804,4471.8,41.1,103.6,684.9,100.0,1.0
503360,3151,155,10.433362,0.865531,-0.076166,0.009096,0.0,0.00210444,0.149562,-0.488875,0.83916,0.991792,0.551875,5757.4,72.3,76.7,759.8,100.0,1.0
503521,3152,161,10.566182,0.2,-0.035836,0.020418,0.012125,0.00223046,0.122729,-0.606935,0.834635,1.0,0.491538,5307.6,62.5,90.3,462.2,100.0,1.0
503682,3153,161,6.615287,0.646133,-0.339837,0.017262,0.0,0.00161273,0.042043,-1.0,0.869022,1.0,0.224296,3347.3,25.9,71.4,575.8,100.0,1.0
503846,3154,164,9.961128,0.2,-0.005176,0.038109,0.006363,0.0019695,0.131271,-0.549991,0.766158,1.0,0.514241,5524.5,65.6,92.2,617.0,100.0,1.0
504009,3155,163,9.385846,1.0,-0.148627,0.009802,0.0,0.00259638,0.004846,-0.853289,0.194312,1.0,0.329671,4369.0,36.4,125.3,236.0,100.0,1.0
504168,3156,159,10.61778,0.2,-0.002274,0.011647,0.030113,0.00213751,0.14446,-0.613713,1.0,1.0,0.453703,5281.8,59.4,62.6,921.5,100.0,1.0
504329,3157,161,9.193157,0.2,-0.218931,0.0,0.033268,0.00193929,0.107141,-0.765657,0.893482,1.0,0.321134,4702.8,36.0,115.6,352.7,100.0,1.0
504493,3158,164,7.98526,0.2,-0.168214,0.0,0.000339,0.0018092,0.067558,-0.847552,0.708474,1.0,0.283233,4390.8,32.3,95.0,494.9,100.0,1.0
504648,3159,155,7.459282,0.2,-0.179999,0.019642,0.00026,0.00165706,0.083415,-0.62828,0.58083,0.991646,0.509229,5226.3,65.6,83.4,620.1,100.0,1.0
504811,3160,163,4.85291,0.2,-0.158974,0.027739,0.0,0.00197735,-0.100946,-0.752843,0.2529,0.703917,0.545561,4751.7,69.7,95.9,497.7,100.0,1.0
504971,3161,160,10.471031,0.552775,0.037114,0.033091,6.1e-05,0.00178399,0.192188,-0.373573,0.878523,1.0,0.574567,6196.7,74.0,94.5,672.9,100.0,1.0
505131,3162,160,10.353074,1.0,-0.143071,0.016049,0.0,0.00218751,0.122243,-0.582928,0.571952,1.0,0.404636,5399.0,47.3,122.9,421.9,100.0,1.0
505298,3163,167,6.723005,0.2,-0.122762,0.008262,6.1e-05,0.00183508,0.000207,-0.766654,0.658292,0.852119,0.477675,4699.0,63.4,56.1,738.9,100.0,1.0
505455,3164,157,8.966182,1.0,-0.129997,0.009132,0.0,0.00183323,0.121149,-0.627798,0.799172,1.0,0.445196,5228.1,56.5,82.8,647.5,100.0,1.0
505618,3165,163,7.61031,0.2,-0.247018,0.0,0.720327,0.00187803,0.040994,-0.962585,0.98966,1.0,0.355334,3952.6,47.5,37.5,657.7,100.0,1.0
505781,3166,163,7.913794,0.2,-0.246536,0.015018,0.019843,0.00182291,0.06382,-0.868282,0.794312,1.0,0.308563,4311.8,34.4,112.9,492.6,100.0,1.0
505943,3167,162,9.025752,0.450666,-0.014014,0.003085,0.0,0.00189298,0.104997,-0.334768,0.616285,0.831031,0.651617,6344.5,86.6,75.4,803.8,100.0,1.0
506108,3168,165,8.120773,0.2,-0.018356,0.025536,0.086123,0.00155351,0.114047,-0.646899,0.784436,1.0,0.439911,5155.3,54.3,100.1,561.6,100.0,1.0
506267,3169,159,9.860052,0.2,-0.00538,0.007021,0.201387,0.00194835,0.139903,-0.572033,0.849404,1.0,0.474131,5440.6,59.5,96.4,742.2,100.0,1.0
506425,3170,158,8.756574,0.295785,-0.073942,0.006296,0.0,0.00173673,0.124965,-0.584643,0.697251,1.0,0.450676,5392.5,54.8,111.2,686.7,100.0,1.0
506583,3171,158,7.941508,1.0,-0.185252,0.007593,0.0,0.00217478,0.018578,-0.887438,0.574624,1.0,0.391407,4238.9,48.0,92.5,524.3,100.0,1.0
506750,3172,167,8.432283,0.2,-0.327693,0.0,0.043046,0.00194203,0.060259,-0.938208,0.973042,1.0,0.293362,4045.4,34.3,88.2,504.4,100.0,1.0
506911,3173,161,11.909875,0.2,0.046323,0.022897,0.046234,0.00217039,0.193774,-0.402856,0.837802,1.0,0.495035,6085.1,66.2,52.2,593.0,100.0,1.0
507069,3174,158,6.729067,0.594452,-0.308444,0.017473,0.0,0.00173418,0.032921,-0.990138,0.778259,1.0,0.241783,3847.6,26.6,93.0,422.1,100.0,1.0
507232,3175,163,9.298635,0.518079,-0.032095,0.000124,0.0,0.00191682,0.111661,-0.698238,0.842562,1.0,0.391058,4959.7,47.3,100.1,588.6,100.0,1.0
507397,3176,165,9.009541,0.2,-0.178788,0.018537,0.000175,0.00180094,0.11376,-0.713799,1.0,1.0,0.432052,4900.4,57.7,47.3,617.8,100.0,1.0
507556,3177,159,8.183262,0.275024,-0.106288,0.024266,0.000107,0.00162867,0.114268,-0.645759,0.75407,1.0,0.425617,5159.7,53.0,91.5,857.8,100.0,1.0
507720,3178,164,8.479221,0.2,-0.194053,0.002679,2.1e-05,0.00202026,0.055392,-0.97375,0.926962,1.0,0.232456,3910.0,27.6,65.9,467.6,100.0,1.0
507878,3179,158,8.278123,0.30496,-0.331021,0.026917,0.0,0.00218427,0.032444,-0.993631,1.0,1.0,0.348926,3834.3,41.8,93.9,456.5,100.0,1.0
508041,3180,163,5.602088,0.2,-0.042727,0.017915,0.01479,0.00147746,0.014697,-0.894236,0.499591,1.0,0.361398,4213.0,45.0,76.8,899.6,100.0,1.0
508212,3181,171,9.485662,0.2,-0.131109,0.020989,0.085041,0.00188657,0.110022,-0.668838,0.703136,1.0,0.38099,5071.7,46.5,92.1,550.7,100.0,1.0
508371,3182,159,7.531765,0.457122,0.01676,0.032215,0.0,0.00161586,0.086589,-0.579727,0.836226,0.88925,0.526834,5411.2,71.6,42.7,764.9,100.0,1.0
508530,3183,159,6.398047,0.2,-0.124292,0.008475,0.0,0.00199451,-0.025332,-0.91076,0.892026,0.820272,0.414317,4150.0,57.0,25.6,728.7,100.0,1.0
508682,3184,152,9.891141,0.2,-0.044523,0.030811,0.038276,0.00183226,0.172603,-0.422543,0.7432,1.0,0.519133,6010.1,65.2,104.7,615.8,100.0,1.0
508843,3185,161,7.870977,0.551007,-0.178559,0.0263,0.0,0.00194487,0.045843,-0.881221,0.66422,1.0,0.310758,4262.5,36.1,96.5,535.0,100.0,1.0
509003,3186,160,5.206485,0.2,-0.180325,0.028951,0.024885,0.0015564,-0.011573,-0.910143,0.393155,1.0,0.411695,4152.4,51.3,87.7,1036.2,100.0,1.0
509160,3187,157,9.033528,0.2,-0.08169,0.008768,0.015735,0.00182387,0.12561,-0.631516,0.788093,1.0,0.410845,5213.9,50.8,92.4,543.7,100.0,1.0
509317,3188,157,8.151051,0.28297,-0.441483,0.016179,5.5e-05,0.00256523,-0.031033,-1.0,1.0,0.847214,0.387792,3752.6,50.8,53.8,375.5,100.0,1.0
509480,3189,163,5.185323,0.2,-0.180953,0.021085,0.01325,0.00163472,-0.029959,-1.0,0.407713,1.0,0.353649,3770.2,44.8,66.6,580.2,100.0,1.0
509642,3190,162,4.976496,0.473832,-0.140562,0.032237,0.0,0.00176242,-0.058548,-0.688607,0.701961,0.638611,0.556228,4996.4,76.2,37.7,841.9,100.0,1.0
509805,3191,163,6.233018,0.2,-0.034375,0.021012,0.031061,0.0016109,0.02168,-0.619561,0.793062,0.763323,0.539714,5259.5,74.6,29.6,1028.9,100.0,1.0
509958,3192,153,9.031252,0.556303,-0.327186,0.004844,0.0,0.00248864,0.0311,-1.0,0.880242,1.0,0.28462,3229.5,36.5,48.6,376.8,100.0,1.0
510121,3193,163,10.230089,0.526652,-0.110853,0.002188,0.0,0.00191248,0.154841,-0.5662,0.969102,1.0,0.469498,5462.8,58.4,101.3,479.5,100.0,1.0
510288,3194,167,8.617411,0.932371,-0.199193,0.002687,0.0,0.00201837,0.055954,-0.967391,1.0,1.0,0.277295,3934.2,34.4,61.0,892.2,100.0,1.0
510445,3195,157,7.359776,0.2,-0.114789,0.0,0.000337,0.00156639,0.089737,-0.809742,1.0,1.0,0.384267,4534.9,49.2,65.9,719.1,100.0,1.0
510610,3196,165,5.553392,0.2,-0.454849,0.0,0.004287,0.0018066,-0.044824,-1.0,-0.232896,1.0,0.10767,1287.3,13.3,24.3,561.9,100.0,1.0
510769,3197,159,10.459846,0.2,0.006201,0.022038,1.6e-05,0.00196661,0.164322,-0.450867,0.953933,0.972872,0.568865,5902.2,74.8,75.5,701.6,100.0,1.0
510926,3198,157,12.071638,0.2,-0.030232,0.014268,0.031081,0.00246599,0.163395,-0.492261,0.699683,1.0,0.421411,5744.5,50.8,109.2,351.6,100.0,1.0
511088,3199,162,8.188986,0.2,-0.042906,0.011805,0.0,0.00191621,0.063081,-0.36553,0.901264,0.688289,0.700056,6227.3,92.2,90.9,738.3,100.0,1.0
511244,3200,156,6.898717,0.2,-0.112604,0.012625,2e-05,0.00193535,0.01274,-1.0,0.68058,1.0,0.276589,3707.0,31.9,88.7,368.9,100.0,1.0
511402,3201,158,6.713482,1.0,-0.04987,1.5e-05,0.0,0.00199452,-0.008932,-0.699846,0.589211,0.815693,0.541996,4953.6,68.2,107.6,660.6,100.0,1.0
511559,3202,157,10.911483,0.985028,-0.004686,0.011954,0.0,0.00226911,0.141438,-0.578731,0.902155,1.0,0.481107,5415.0,64.5,49.8,579.0,100.0,1.0
511716,3203,157,5.810317,0.218355,-0.006981,0.024713,0.006249,0.00182818,-0.021991,-1.0,0.262832,1.0,0.241371,3549.8,26.8,89.2,734.1,100.0,1.0
511879,3204,163,12.039976,1.0,-0.025651,0.0099,0.0,0.00241462,0.155608,-0.545711,0.878869,1.0,0.4564,5540.8,56.4,102.7,329.6,100.0,1.0
512036,3205,157,7.116774,0.230163,-0.184498,0.00753,3e-05,0.00177028,0.046709,-0.95591,1.0,1.0,0.34361,3978.0,41.4,89.9,587.3,100.0,1.0
512195,3206,159,10.165606,0.395983,-0.013402,0.031504,2.2e-05,0.00190408,0.160964,-0.598605,0.944752,1.0,0.369997,5339.3,47.9,57.8,481.2,100.0,1.0
512353,3207,158,7.263631,0.227625,-0.17913,0.01237,0.000101,0.00195335,0.022705,-0.966589,0.727218,1.0,0.308554,3937.3,36.5,88.0,427.6,100.0,1.0
512517,3208,164,8.087714,0.347075,-0.42183,0.0,0.0,0.00188777,0.05933,-1.0,0.738332,1.0,0.072518,1997.1,8.9,17.2,304.9,100.0,1.0
512674,3209,157,3.582701,0.557277,-0.37583,0.039033,0.0,0.00218862,-0.180193,-1.0,0.479771,0.562153,0.374619,2996.0,47.9,65.0,522.4,100.0,1.0
512837,3210,163,6.109289,0.28643,-0.165853,0.011835,0.000202,0.00171966,-0.001616,-1.0,0.612381,1.0,0.314269,3746.1,40.1,56.5,494.4,100.0,1.0
512993,3211,156,7.25875,1.0,-0.311656,0.026902,0.0,0.00260967,-0.076002,-0.848952,0.708147,0.709858,0.490671,4385.5,64.1,69.7,367.0,100.0,1.0
513152,3212,159,10.135786,0.780358,-0.135585,0.012705,2.2e-05,0.00217438,0.116678,-0.710842,0.860605,1.0,0.352936,4911.7,42.6,90.7,489.6,100.0,1.0
513314,3213,162,7.362117,0.2,-0.280935,0.010606,0.058793,0.00182412,0.040363,-0.895965,0.678376,1.0,0.319437,4206.4,37.6,94.3,654.0,100.0,1.0
513464,3214,150,1.058748,0.2,-0.339117,0.018867,0.059202,0.00152983,-0.181165,-1.0,0.104777,0.669777,0.380321,3162.3,47.3,81.5,670.4,100.0,1.0
513621,3215,157,11.640655,1.0,-0.181267,0.00649,3.4e-05,0.00218476,0.188028,-0.505749,1.0,1.0,0.424801,5693.1,52.5,95.0,381.8,100.0,1.0
513782,3216,161,5.213168,0.462927,-0.209406,0.011776,0.0,0.00140399,0.011783,-1.0,0.663741,1.0,0.272956,3519.7,35.9,35.8,734.7,100.0,1.0
513941,3217,159,7.551467,0.684668,-0.310372,0.012348,0.0,0.00189834,0.04264,-1.0,0.972967,1.0,0.273285,3371.1,32.7,74.2,682.5,100.0,1.0
514103,3218,162,8.667434,1.0,-0.120607,0.020076,0.0,0.00196549,0.07697,-0.877824,1.0,1.0,0.328956,4275.5,41.5,63.7,377.5,100.0,1.0
514271,3219,168,9.612779,0.224917,-0.146532,0.003814,0.056973,0.00230707,0.050912,-0.974277,1.0,1.0,0.290457,3908.0,40.0,17.6,472.2,100.0,1.0
514433,3220,162,8.98583,0.497228,0.013488,0.010101,1.6e-05,0.00188441,0.104654,-0.700203,0.835097,1.0,0.418926,4952.2,53.5,73.7,705.6,100.0,1.0
514593,3221,160,7.778363,1.0,-0.166084,0.008349,0.0,0.00161084,0.097108,-0.741198,0.853155,1.0,0.393942,4796.0,49.3,81.3,813.0,100.0,1.0
514755,3222,162,8.169464,0.553643,-0.33561,0.001804,0.0,0.00218703,0.018373,-1.0,0.457674,1.0,0.136973,2874.8,15.3,49.4,239.0,100.0,1.0
514916,3223,161,6.277884,0.326476,-0.29925,0.0,0.0,0.00170362,0.012109,-1.0,0.436044,1.0,0.157477,2848.6,20.5,22.8,369.1,100.0,1.0
515080,3224,164,8.436729,0.2,-0.125861,0.0,0.047018,0.0018879,0.075239,-1.0,1.0,1.0,0.123806,2684.1,17.1,6.4,830.1,100.0,1.0
515243,3225,163,8.904029,0.344353,-0.093529,0.029058,0.0,0.00173943,0.122642,-0.661294,0.810175,1.0,0.384614,5100.5,46.8,94.5,726.9,100.0,1.0
515402,3226,159,11.225708,0.2,0.024868,0.029808,1.3e-05,0.00204488,0.186935,-0.442426,0.978184,1.0,0.530171,5934.4,69.2,76.6,790.5,100.0,1.0
515562,3227,160,6.182943,0.2,-0.073079,0.017116,0.0,0.00168736,0.012073,-0.886456,0.487322,1.0,0.382,4242.6,46.5,94.0,629.8,100.0,1.0
515726,3228,164,10.899391,0.818407,-0.164919,0.012804,0.0,0.00210683,0.151679,-0.584185,0.929557,1.0,0.434059,5394.3,55.4,77.3,521.0,100.0,1.0
515887,3229,161,7.55755,0.2,-0.386927,0.0,0.040969,0.00177977,0.05822,-1.0,0.795149,1.0,0.106474,2161.4,14.0,14.7,549.0,100.0,1.0
516047,3230,160,9.130144,0.374386,-0.191883,0.014652,0.0,0.0020725,0.084898,-0.765357,0.757669,1.0,0.364969,4704.0,43.4,102.5,507.3,100.0,1.0
516209,3231,162,9.155547,1.0,-0.267508,0.005676,0.0,0.00227754,0.048709,-0.993949,1.0,1.0,0.267043,3833.1,33.5,54.3,662.1,100.0,1.0
516376,3232,167,5.783807,0.562283,-0.139924,0.0,0.0,0.00171438,-0.022433,-1.0,0.954968,0.866294,0.355663,3649.5,48.9,22.4,861.1,100.0,1.0
516534,3233,158,6.089577,0.648573,-0.146622,0.008529,0.0,0.0018552,-0.015312,-0.96909,0.430763,1.0,0.346033,3927.8,41.9,88.2,549.9,100.0,1.0
516693,3234,159,11.38661,1.0,-0.024721,0.001484,0.0,0.0023237,0.149975,-0.5585,0.856258,1.0,0.45088,5492.1,57.9,76.5,589.6,100.0,1.0
516852,3235,159,7.002952,0.916472,-0.125085,0.026379,0.0,0.0016196,0.061955,-0.834454,0.819493,1.0,0.389679,4440.7,50.8,57.4,830.1,100.0,1.0
517012,3236,160,10.384077,0.2,-0.17824,0.038132,0.110283,0.00192493,0.165713,-0.490765,0.915748,1.0,0.520469,5750.2,65.8,100.0,946.0,100.0,1.0
517175,3237,163,8.675272,0.521655,-0.20306,0.0,0.0,0.00213015,0.048546,-1.0,1.0,1.0,0.257271,3415.1,35.1,19.1,485.9,100.0,1.0
517326,3238,151,10.64049,0.2,-0.088172,0.021476,0.014175,0.00228313,0.140703,-0.610413,0.958832,1.0,0.45768,5294.3,56.8,99.8,408.6,100.0,1.0
517487,3239,161,8.144189,0.2,-0.071072,0.019413,0.0,0.00193939,0.059341,-0.743888,0.838281,0.940794,0.46702,4785.8,61.6,59.1,897.1,100.0,1.0
517647,3240,160,10.964611,0.2,-0.068396,0.005675,0.016224,0.00203634,0.174454,-0.509219,0.891438,1.0,0.432316,5679.9,53.4,97.3,566.5,100.0,1.0
517809,3241,162,9.658776,0.2,-0.116234,0.004447,0.052193,0.00192576,0.128725,-0.595057,0.614851,1.0,0.372451,5352.8,42.0,130.3,533.8,100.0,1.0
517971,3242,162,5.156612,0.429705,-0.409497,0.0,0.0,0.00165494,-0.032816,-1.0,-0.141004,1.0,0.093578,1415.6,11.9,17.0,613.2,100.0,1.0
518133,3243,162,6.645055,0.2,-0.170524,0.021644,0.0,0.00132618,0.088343,-0.814967,1.0,1.0,0.382092,4515.0,50.6,46.0,1114.7,100.0,1.0
518293,3244,160,8.223144,0.578606,-0.311313,0.015886,0.0,0.00199628,0.055772,-0.978891,1.0,1.0,0.258081,3890.4,31.9,58.0,578.5,100.0,1.0
518450,3245,157,5.970254,0.747678,0.711831,0.015145,0.0,0.00235547,-0.097418,-0.994497,0.839726,0.714381,0.416747,3831.0,55.9,42.8,361.7,100.0,1.0
518611,3246,161,12.225364,1.0,-0.010357,0.011409,0.0,0.00253637,0.149481,-0.569405,1.0,1.0,0.506139,5450.6,64.2,94.5,625.2,100.0,1.0
518779,3247,168,11.010176,0.584694,-0.095434,0.018268,0.0,0.00217763,0.136623,-0.66338,0.874471,1.0,0.343203,5092.5,43.4,66.0,502.4,100.0,1.0
518936,3248,157,8.873628,0.2,-0.215873,0.003371,0.051483,0.00179555,0.123088,-0.683593,0.948446,1.0,0.412498,5015.5,51.4,87.6,623.8,100.0,1.0
519106,3249,170,11.165171,1.0,-0.25932,0.020873,0.0,0.00224549,0.127842,-0.721266,1.0,1.0,0.348574,4872.0,42.8,82.1,485.7,100.0,1.0
519269,3250,163,6.565876,0.445121,-0.127892,0.005597,0.000362,0.00195752,-0.019396,-0.450503,0.475712,0.647392,0.679393,5903.6,89.6,87.1,525.2,100.0,1.0
519431,3251,162,2.264955,0.637012,-0.328762,0.001869,0.0,0.00214851,-0.2447,-0.982743,0.098207,0.537865,0.494067,3875.7,63.0,88.4,489.0,100.0,1.0
519595,3252,164,6.698558,0.499798,-0.19806,0.01597,0.0,0.00175341,0.018178,-0.997993,0.698712,1.0,0.261978,3817.6,29.8,88.4,648.2,100.0,1.0
519750,3253,155,7.317655,0.73388,-0.26963,0.022043,0.0,0.00197592,0.027712,-1.0,0.784006,1.0,0.253445,3644.2,30.1,71.8,279.2,100.0,1.0
519912,3254,162,9.970289,0.91179,-0.141894,0.009862,0.0,0.00211154,0.112972,-0.690531,0.783669,1.0,0.368547,4989.1,45.3,85.2,491.2,100.0,1.0
520076,3255,164,10.341225,0.268767,-0.306827,0.00215,0.007087,0.0024469,0.070695,-0.862704,0.829335,1.0,0.301461,4333.1,34.2,103.0,257.0,100.0,1.0
520234,3256,158,6.701428,0.2,-0.210961,0.003248,0.107065,0.00208759,-0.023956,-0.970457,0.421304,1.0,0.38213,3922.6,47.9,77.8,779.3,100.0,1.0
520395,3257,161,6.991263,0.2,-0.095075,0.006525,0.023895,0.00155793,0.068282,-0.790496,0.683161,1.0,0.366805,4608.2,43.7,101.4,891.6,100.0,1.0
520556,3258,161,7.983385,0.2,-0.169086,0.0,0.005673,0.00194421,0.051362,-1.0,0.872487,1.0,0.179436,3512.1,21.6,46.5,738.9,100.0,1.0
520718,3259,162,9.729136,0.2,-0.117141,0.017138,0.123228,0.00217162,0.092269,-0.68697,0.78541,1.0,0.479162,5002.6,62.1,74.3,607.7,100.0,1.0
520872,3260,154,10.842334,0.790714,-0.020591,0.013235,0.0,0.00227604,0.144413,-0.585281,0.71916,1.0,0.363275,5390.1,43.5,98.5,413.4,100.0,1.0
521034,3261,162,7.297929,0.587704,-0.378988,0.0,0.0,0.00170684,0.056634,-1.0,0.970081,1.0,0.201868,3293.5,26.7,25.2,492.6,100.0,1.0
521194,3262,160,6.938756,0.404764,-0.328484,0.0,0.0,0.00161734,0.057962,-1.0,1.0,1.0,0.210191,3606.4,24.8,60.8,540.2,100.0,1.0
521362,3263,168,10.199813,0.711378,-0.170026,0.011607,0.0,0.0018649,0.152269,-0.623233,0.960536,1.0,0.378269,5245.5,48.0,70.4,591.3,100.0,1.0
521518,3264,156,12.052631,1.0,-0.126237,0.015856,0.0,0.00270018,0.128947,-0.615808,1.0,0.991553,0.512817,5273.8,66.2,82.3,396.9,100.0,1.0
521674,3265,156,5.393295,0.920002,-0.393532,0.013659,0.0,0.00243324,-0.133371,-0.896321,0.773362,0.581138,0.501963,4205.0,66.5,60.9,480.2,100.0,1.0
521830,3266,156,7.20316,0.5855,-0.09991,0.0,0.0,0.00185382,0.039685,-0.819037,0.619522,1.0,0.428023,4499.5,55.0,72.0,522.3,100.0,1.0
521996,3267,166,6.019865,0.237127,-0.293684,0.000467,2.9e-05,0.00192149,-0.04412,-1.0,-0.047773,1.0,0.196716,2862.2,21.9,72.1,499.2,100.0,1.0
522150,3268,154,10.783266,0.2,-0.04005,0.015413,0.044631,0.00211825,0.166119,-0.514765,1.0,1.0,0.518564,5658.7,66.3,91.2,946.6,100.0,1.0
522313,3269,163,10.178137,0.253798,-0.101311,0.002524,0.000277,0.00214237,0.115518,-0.753044,1.0,1.0,0.354582,4750.9,45.3,61.9,403.3,100.0,1.0
522469,3270,156,5.147298,0.2,-0.095886,0.005563,0.016687,0.00154404,-0.00584,-1.0,0.441419,1.0,0.249908,3388.6,33.6,24.3,802.1,100.0,1.0
522631,3271,162,7.789328,0.2,-0.014607,0.020333,0.013312,0.00168595,0.08252,-0.737539,0.824916,1.0,0.459167,4810.0,59.9,66.1,773.9,100.0,1.0
522792,3272,161,11.431228,0.2,-0.085414,0.0,0.02237,0.00236144,0.141747,-0.628812,0.894904,1.0,0.388295,5224.2,47.4,94.1,345.3,100.0,1.0
522950,3273,158,7.792339,0.2,-0.046006,0.010646,0.011167,0.00171059,0.08555,-0.815201,0.8952,1.0,0.343248,4514.1,41.0,93.9,591.2,100.0,1.0
523113,3274,163,6.682444,0.80215,-0.08428,0.006148,0.0,0.00167244,0.032524,-0.605401,0.533575,0.861568,0.55246,5313.4,71.4,88.3,1005.9,100.0,1.0
523274,3275,161,12.0796,0.533146,-0.022933,0.032073,0.0,0.00220434,0.196667,-0.41427,1.0,1.0,0.541694,6041.6,69.3,94.6,662.1,100.0,1.0
523439,3276,165,11.457944,0.660604,-0.220072,0.015597,0.0,0.00203252,0.187848,-0.507969,0.954965,1.0,0.399299,5684.6,49.4,88.9,400.6,100.0,1.0
523604,3277,165,7.321139,0.2,-0.061342,0.006616,0.006898,0.00196553,0.01,-1.0,0.579238,1.0,0.239617,3744.8,27.3,81.3,742.6,100.0,1.0
523767,3278,163,4.860384,0.345167,-0.216215,0.014876,0.000286,0.00191873,-0.090804,-1.0,0.366325,0.86049,0.39304,3684.5,49.5,77.4,512.0,100.0,1.0
523919,3279,152,9.32672,0.2,-0.06156,0.013438,3.8e-05,0.00190983,0.135612,-0.604075,0.738595,1.0,0.384108,5318.5,45.4,110.1,463.0,100.0,1.0
524083,3280,164,9.810608,0.73975,-0.052212,0.021034,0.0,0.00211283,0.101495,-0.57099,0.779171,0.939334,0.526713,5444.5,70.2,59.0,487.5,100.0,1.0
524237,3281,154,8.167265,1.0,-0.221075,0.024123,0.0,0.001605,0.125781,-0.63935,0.861721,1.0,0.433093,5184.1,53.9,92.6,610.9,100.0,1.0
524391,3282,154,6.865857,0.2,-0.251002,0.015168,0.011417,0.0018985,0.021147,-1.0,0.80038,1.0,0.294453,3797.0,33.9,95.3,567.4,100.0,1.0
524547,3283,156,7.814777,0.2,-0.1306,0.018142,0.061967,0.00140543,0.13759,-0.587394,0.831144,1.0,0.449681,5382.0,56.0,96.4,672.3,100.0,1.0
524699,3284,152,11.245664,1.0,-0.276361,0.001021,0.0,0.00223884,0.173185,-0.565739,0.996498,1.0,0.392283,5464.5,46.7,108.4,288.2,100.0,1.0
524860,3285,161,3.947869,0.624091,-0.502185,0.0,0.0,0.0016086,-0.07871,-1.0,-0.343144,0.94899,0.132712,1396.7,17.9,12.2,575.8,100.0,1.0
525027,3286,167,9.925646,0.325403,-0.173039,0.025443,0.0,0.00189211,0.137234,-0.702887,1.0,1.0,0.333779,4942.0,43.2,52.4,509.2,100.0,1.0
525190,3287,163,4.016456,0.2,-0.034088,0.020378,1.7e-05,0.00169364,-0.092663,-0.815339,0.349672,0.738442,0.503582,4513.6,64.9,82.0,749.6,100.0,1.0
525353,3288,163,8.742618,0.786211,-0.161624,0.020815,0.0,0.00191831,0.08649,-0.727817,0.701562,1.0,0.394651,4847.0,47.5,103.4,456.7,100.0,1.0
525509,3289,156,9.933722,0.2,-0.020146,0.011455,0.018118,0.0021983,0.110616,-0.631446,0.698333,1.0,0.441055,5214.2,55.5,88.1,399.9,100.0,1.0
525660,3290,151,5.790793,0.525777,-0.169654,0.000901,0.0,0.00216269,-0.062164,-0.743592,0.636527,0.695279,0.544537,4786.9,70.6,84.0,484.1,100.0,1.0
525818,3291,158,7.77946,0.442124,-0.387976,0.000981,0.0,0.00174219,0.079949,-1.0,1.0,1.0,0.100254,2253.9,13.7,7.0,629.3,100.0,1.0
525979,3292,161,8.698248,0.738917,-0.433953,0.0,0.0,0.00198053,0.078293,-1.0,1.0,1.0,0.108534,2178.9,14.5,12.0,436.1,100.0,1.0
526140,3293,161,7.983427,0.537412,-0.252606,0.008893,0.000367,0.00201097,0.040745,-0.795635,0.560643,1.0,0.434234,4588.6,54.1,92.5,303.1,100.0,1.0
526296,3294,156,3.557996,0.2,-0.185624,0.026667,0.036112,0.0019009,-0.134092,-0.890687,0.501623,0.647325,0.495386,4226.5,64.1,77.3,765.3,100.0,1.0
526454,3295,158,8.093587,0.557171,-0.125089,0.006044,0.0,0.00183679,0.079323,-0.84996,0.977088,1.0,0.354496,4381.7,45.3,61.9,426.0,100.0,1.0
526618,3296,164,9.948486,1.0,-0.264897,0.004863,0.0,0.00224355,0.08628,-0.764149,0.747668,1.0,0.355175,4708.6,40.7,117.7,411.6,100.0,1.0
526779,3297,161,8.460928,0.918694,-0.054633,0.019748,0.0,0.00176518,0.102117,-0.723452,0.912536,1.0,0.429641,4863.6,56.4,57.5,629.6,100.0,1.0
526938,3298,159,5.630238,0.539185,-0.468319,0.0,0.0,0.00187947,-0.041776,-1.0,-0.14674,1.0,0.135508,1564.0,17.4,23.0,630.2,100.0,1.0
527097,3299,159,6.291021,0.2,-0.219689,0.000676,0.158857,0.00184653,-0.006373,-0.993772,0.603808,1.0,0.344665,3833.7,43.0,72.3,508.4,100.0,1.0
527258,3300,161,9.362493,0.751949,-0.442894,0.001321,0.0,0.00248788,0.026898,-1.0,0.733173,1.0,0.232096,2897.4,32.7,5.0,396.7,100.0,1.0
527420,3301,162,8.814903,0.575896,-0.029181,0.022836,0.0,0.00163819,0.137097,-0.281606,0.817478,0.828543,0.680396,6547.1,89.5,89.7,865.9,100.0,1.0
527585,3302,165,10.673704,1.0,-0.198863,0.007887,0.0,0.00234657,0.100167,-0.71053,0.74874,1.0,0.380106,4912.9,45.5,102.4,290.3,100.0,1.0
527742,3303,157,8.398335,0.582361,-0.340787,0.0,0.0,0.00206101,0.059904,-1.0,0.865126,1.0,0.133045,2769.7,16.0,35.6,218.6,100.0,1.0
527901,3304,159,8.155638,0.252558,-0.038211,0.020967,0.0,0.00218001,0.025789,-0.590613,0.78656,0.765616,0.570591,5369.8,76.0,63.9,552.8,100.0,1.0
528060,3305,159,7.279011,0.2,-0.181904,0.03706,0.012158,0.00156175,0.084074,-0.869345,1.0,1.0,0.308278,4307.8,37.2,79.3,514.3,100.0,1.0
528220,3306,160,9.215886,0.404171,0.023522,0.022617,5e-05,0.00164487,0.157636,-0.459761,0.762532,1.0,0.538504,5868.3,70.2,78.3,653.9,100.0,1.0
528385,3307,165,10.211866,0.2,-0.011286,0.0,0.0507,0.00218563,0.105658,-0.719714,0.946379,1.0,0.435398,4877.9,56.6,65.0,540.7,100.0,1.0
528544,3308,159,8.759772,0.2,-0.058524,0.0,0.070012,0.00175403,0.121107,-0.626588,0.677889,1.0,0.38688,5232.7,45.4,114.8,435.6,100.0,1.0
528699,3309,155,11.153376,1.0,-0.012525,0.007421,0.0,0.00243377,0.132072,-0.592337,0.877224,1.0,0.491661,5363.2,60.5,113.9,278.1,100.0,1.0
528853,3310,154,8.458684,1.0,-0.241226,0.001191,0.0,0.00217824,0.050839,-0.93864,0.852505,1.0,0.279438,4043.8,35.3,53.9,370.4,100.0,1.0
529014,3311,161,7.974087,0.2,-0.39827,0.0,0.009081,0.00215355,0.017438,-1.0,0.460285,1.0,0.142953,2373.4,17.0,40.1,513.1,100.0,1.0
529172,3312,158,6.372777,0.2,-0.122782,0.015581,0.019244,0.00191718,-0.01188,-0.973827,0.458945,1.0,0.334674,3909.7,41.2,76.6,786.4,100.0,1.0
529329,3313,157,8.443518,0.2,-0.151896,0.0,0.019347,0.00197777,0.075086,-0.885496,1.0,1.0,0.324953,4246.3,41.4,58.8,536.1,100.0,1.0
529492,3314,163,8.200867,1.0,-0.005091,0.012598,0.0,0.00186774,0.07007,-0.798649,0.767209,1.0,0.385619,4577.1,50.4,54.7,584.1,100.0,1.0
529652,3315,160,6.390964,0.929176,-0.064595,0.017745,0.0,0.00206782,-0.039001,-1.0,0.343925,1.0,0.36697,3719.4,46.2,72.6,557.6,100.0,1.0
529817,3316,165,11.277835,0.452753,-0.119624,0.01013,0.0,0.00203434,0.179349,-0.500205,1.0,1.0,0.477896,5714.2,62.3,69.2,429.3,100.0,1.0
529980,3317,163,7.517441,0.2,-0.326493,0.0,0.155768,0.00165102,0.074188,-1.0,1.0,1.0,0.129058,2869.6,18.0,4.6,827.6,100.0,1.0
530139,3318,159,8.106147,0.2,-0.181709,0.0,0.079161,0.00166367,0.105655,-0.693782,0.814699,1.0,0.414956,4976.7,51.0,97.0,652.5,100.0,1.0
530297,3319,158,10.30189,0.600104,0.002558,0.003262,0.0,0.0018887,0.172015,-0.447177,0.833164,1.0,0.52395,5916.3,68.7,72.0,523.0,100.0,1.0
530459,3320,162,9.588022,0.254174,-0.083271,0.013227,0.016934,0.00215442,0.088817,-0.82933,1.0,1.0,0.354588,4460.3,45.2,63.8,569.4,100.0,1.0
530616,3321,157,8.669424,0.2,-0.128957,0.020258,0.050841,0.00179502,0.114085,-0.740615,0.991329,1.0,0.379164,4798.3,47.1,82.5,623.8,100.0,1.0
530775,3322,159,11.20463,0.251137,-0.114518,0.010476,0.0,0.00210008,0.177775,-0.536347,0.930944,1.0,0.387991,5576.5,47.7,89.7,518.3,100.0,1.0
530937,3323,162,6.748691,0.376925,-0.280996,0.0,0.0,0.00173502,0.027141,-1.0,0.616416,1.0,0.172503,3285.1,18.4,73.1,346.9,100.0,1.0
531097,3324,160,7.150886,0.2,-0.136738,0.003338,0.067323,0.00172701,0.050246,-0.855265,0.672693,1.0,0.338405,4361.4,43.2,60.1,513.8,100.0,1.0
531260,3325,163,7.830617,0.44162,-0.039644,0.015061,0.0,0.00132492,0.141626,-0.492755,0.689847,1.0,0.524474,5742.6,68.5,74.4,913.0,100.0,1.0
531426,3326,166,6.973732,0.443251,-0.200794,0.000926,0.0,0.00161368,0.050574,-0.809628,0.634416,1.0,0.397486,4535.3,48.2,100.1,649.4,100.0,1.0
531580,3327,154,12.387031,1.0,-0.115965,0.01005,0.0,0.00248601,0.182786,-0.473639,0.938131,1.0,0.476267,5815.4,59.1,104.7,318.1,100.0,1.0
531736,3328,156,10.819917,0.330283,-0.08262,0.01473,9e-05,0.00211872,0.163598,-0.542051,1.0,1.0,0.48342,5554.8,63.7,62.5,487.8,100.0,1.0
531897,3329,161,11.513271,0.353653,-0.071068,0.016662,0.0,0.00222035,0.16834,-0.539305,1.0,1.0,0.464516,5565.2,58.0,97.7,468.2,100.0,1.0
532056,3330,159,6.814186,0.460269,-0.217078,0.0,8e-06,0.00167629,0.044691,-1.0,0.961339,1.0,0.257216,3696.8,34.6,24.6,488.5,100.0,1.0
532217,3331,161,10.859036,0.223399,-0.092142,0.004596,0.0,0.00212468,0.153864,-0.572686,0.77934,1.0,0.36815,5438.1,43.2,110.1,359.1,100.0,1.0
532373,3332,156,9.776126,0.2,-0.102144,0.010654,0.007398,0.00214618,0.111695,-0.644368,0.746802,1.0,0.437282,5165.0,54.0,99.4,463.9,100.0,1.0
532532,3333,159,9.253326,0.2,-0.040863,0.011409,0.004645,0.00191633,0.117938,-0.693442,0.955294,1.0,0.424435,4978.0,56.1,52.9,711.5,100.0,1.0
532691,3334,159,6.343018,0.596632,-0.084485,0.026267,0.0,0.00162801,0.030855,-0.968882,0.888555,1.0,0.344457,3928.6,44.9,50.5,980.1,100.0,1.0
532857,3335,166,5.981237,0.39725,0.629167,0.0,0.0,0.0021848,-0.089507,-1.0,-0.727104,1.0,0.083981,1162.1,9.9,24.9,326.5,100.0,1.0
533020,3336,163,7.780031,0.2,-0.116372,0.001554,0.013004,0.00193158,0.040488,-0.844797,0.540518,1.0,0.339425,4401.3,40.0,99.4,801.2,100.0,1.0
533186,3337,166,11.508894,0.2,-0.19117,0.003201,0.049657,0.00239006,0.128933,-0.614475,0.666347,1.0,0.363178,5278.8,42.3,111.9,411.9,100.0,1.0
533344,3338,158,5.45477,0.2,0.662962,0.0,0.0,0.00206503,-0.077089,-1.0,-0.668512,1.0,0.05119,739.7,6.8,6.5,388.3,100.0,1.0
533505,3339,161,10.722233,1.0,-0.276318,0.013693,0.0,0.00219389,0.136586,-0.68883,0.966126,1.0,0.34468,4995.6,40.8,99.0,319.7,100.0,1.0
533662,3340,157,8.3804,0.2,-0.126933,0.025546,0.017622,0.00174829,0.108341,-0.669668,0.808171,1.0,0.44046,5068.6,52.1,125.8,460.3,100.0,1.0
533824,3341,162,9.832385,0.2,-0.025765,0.023584,0.083379,0.00211213,0.106974,-0.422791,0.306373,0.988647,0.608561,6009.2,75.5,132.9,496.6,100.0,1.0
533979,3342,155,8.190651,0.706764,-0.032624,0.021852,0.0,0.00187399,0.083683,-0.666686,0.672561,1.0,0.501166,5079.9,62.9,100.9,565.9,100.0,1.0
534139,3343,160,8.59094,0.612152,0.005482,0.020661,0.0,0.00165696,0.12731,-0.567288,0.70365,1.0,0.472521,5458.6,61.4,71.3,659.5,100.0,1.0
534304,3344,165,8.055474,0.418904,-0.272202,0.014542,0.0,0.00198324,0.040719,-0.785482,0.503604,1.0,0.423613,4627.3,49.8,125.5,379.9,100.0,1.0
534464,3345,160,8.651261,0.2,-0.009562,0.024696,0.090628,0.00192016,0.087938,-0.725894,0.810581,1.0,0.445289,4854.3,55.7,92.2,629.8,100.0,1.0
534622,3346,158,10.058407,0.710285,-0.138532,0.009314,0.0,0.00163125,0.201691,-0.397094,0.910405,1.0,0.501831,6107.1,64.5,84.1,503.3,100.0,1.0
534783,3347,161,7.774526,0.658001,-0.247371,0.025073,0.0,0.00174582,0.074027,-0.818702,0.786854,1.0,0.340566,4500.7,40.8,91.3,691.3,100.0,1.0
534940,3348,157,10.750565,0.2,-0.093302,0.021679,0.067409,0.00220139,0.145419,-0.518597,0.637988,1.0,0.434355,5644.1,51.2,126.1,354.5,100.0,1.0
535103,3349,163,8.418628,0.2,-0.125453,0.011684,0.00775,0.00170403,0.10678,-0.759333,1.0,1.0,0.387269,4726.9,49.2,71.9,659.0,100.0,1.0
535262,3350,159,8.555435,0.465663,-0.227322,0.015806,0.0,0.0016258,0.132274,-0.589015,0.737324,1.0,0.426519,5375.9,51.2,113.2,645.1,100.0,1.0
535418,3351,156,9.138004,0.569968,-0.102499,0.018555,0.0,0.00219889,0.074361,-0.887475,0.842101,1.0,0.246168,4238.7,28.9,73.5,483.4,100.0,1.0
535574,3352,156,7.910285,0.348266,-0.002862,0.018373,7.7e-05,0.00165869,0.102564,-0.75924,0.97209,1.0,0.394554,4727.3,47.8,99.4,706.0,100.0,1.0
535734,3353,160,9.398009,0.2,-0.167032,0.0,0.009368,0.0019615,0.115427,-0.683546,0.894505,1.0,0.423912,5015.7,52.8,90.5,568.4,100.0,1.0
535892,3354,158,7.715882,0.449906,-0.307671,0.0,2e-06,0.00176355,0.073804,-1.0,1.0,1.0,0.130981,2570.9,17.0,20.2,479.1,100.0,1.0
536050,3355,158,6.251426,0.302715,-0.044049,0.023056,0.008554,0.00166415,0.022606,-0.970158,0.733986,1.0,0.306187,3923.7,37.5,72.4,745.3,100.0,1.0
536213,3356,163,12.216269,0.2,-0.071947,0.025331,0.005102,0.00215065,0.207436,-0.303773,0.745992,1.0,0.554211,6462.6,69.0,118.6,477.1,100.0,1.0
536376,3357,163,6.405268,0.2,-0.371217,0.0,0.009236,0.00166035,0.02195,-1.0,0.580557,1.0,0.180531,2622.9,25.0,9.4,561.4,100.0,1.0
536540,3358,164,11.94524,1.0,-0.048748,0.006468,0.0,0.00237062,0.156844,-0.536865,0.910774,1.0,0.481654,5574.5,62.7,71.2,343.8,100.0,1.0
536695,3359,155,6.79283,0.720364,-0.162773,0.000877,0.0,0.0017009,0.046652,-0.936075,0.844585,1.0,0.300902,4053.6,35.8,83.8,576.9,100.0,1.0
536859,3360,164,5.135134,0.285778,-0.071918,0.024867,0.009761,0.00171542,-0.046766,-0.749178,0.337459,0.801583,0.494267,4765.6,66.1,52.2,779.6,100.0,1.0
537019,3361,160,10.451373,0.953085,-0.077597,0.010567,0.0,0.00216685,0.130668,-0.654874,1.0,1.0,0.45063,5124.9,58.0,74.2,481.9,100.0,1.0
537176,3362,157,9.192397,0.693788,-0.092942,0.003032,0.0,0.00191226,0.119641,-0.668333,0.897358,1.0,0.430889,5073.7,55.7,68.8,555.6,100.0,1.0
537338,3363,162,9.730204,0.304414,-0.228691,0.02704,0.0,0.00213239,0.098987,-0.786344,0.933627,1.0,0.345775,4624.0,41.0,97.4,353.3,100.0,1.0
537500,3364,162,6.596692,0.740473,0.663466,0.0,0.0,0.00216654,-0.049659,-1.0,0.133646,0.912623,0.16221,1649.3,21.6,18.8,466.9,100.0,1.0
537666,3365,166,7.437168,1.0,-0.185903,0.008484,0.0,0.00220626,-0.026528,-0.968231,0.348004,1.0,0.362238,3931.0,42.5,107.3,469.8,100.0,1.0
537829,3366,163,12.342063,1.0,-0.230992,0.020618,0.0,0.0026116,0.138096,-0.658042,1.0,1.0,0.407945,5112.9,49.4,103.8,218.8,100.0,1.0
537988,3367,159,9.330497,0.2,-0.125817,0.009247,0.025159,0.002041,0.101741,-0.768894,0.944506,1.0,0.367985,4690.5,44.4,95.3,514.3,100.0,1.0
538148,3368,160,7.312585,0.605328,-0.277066,0.021566,1.3e-05,0.00226798,-0.028805,-1.0,0.768858,0.892344,0.340057,3431.5,45.3,37.9,607.9,100.0,1.0
538309,3369,161,12.443684,0.5598,-0.080395,0.007246,0.0,0.00225648,0.205225,-0.331554,0.797386,1.0,0.54235,6356.8,68.4,105.4,439.4,100.0,1.0
538462,3370,153,11.528626,0.2,-0.129936,0.032373,0.028829,0.00225765,0.181327,-0.456405,1.0,1.0,0.544658,5881.1,68.9,104.1,578.2,100.0,1.0
538622,3371,160,11.024233,0.455864,-0.029362,0.008048,3e-06,0.00224415,0.144692,-0.629774,0.94631,1.0,0.397591,5220.6,49.3,87.0,523.5,100.0,1.0
538785,3372,163,7.022395,0.325601,-0.211113,0.0,0.0,0.00161961,0.056917,-1.0,1.0,1.0,0.215417,3461.3,30.4,4.5,639.4,100.0,1.0
538949,3373,164,7.289745,0.462171,-0.378475,0.0,0.0,0.00161215,0.068726,-1.0,0.931831,1.0,0.122285,2709.2,15.6,21.5,620.4,100.0,1.0
539107,3374,158,8.730423,0.2,-0.171796,0.001425,0.005923,0.00200192,0.082632,-0.751811,0.797247,1.0,0.419793,4755.6,49.7,120.3,580.6,100.0,1.0
539267,3375,160,11.67141,0.702657,-0.088938,0.009219,0.0,0.00229642,0.165912,-0.509435,0.809564,1.0,0.433708,5679.1,54.4,87.7,308.9,100.0,1.0
539427,3376,160,1.472347,0.53464,-0.465318,0.014479,0.0,0.00219075,-0.283243,-0.854029,0.246123,0.325393,0.614163,4366.1,82.4,62.8,525.4,100.0,1.0
539587,3377,160,11.516004,1.0,0.022568,0.015194,0.0,0.00216027,0.18065,-0.41707,0.845552,1.0,0.539656,6031.0,69.9,84.0,428.3,100.0,1.0
539742,3378,155,8.216314,0.29769,-0.036776,0.004194,0.0,0.00197112,0.069979,-0.837328,0.855653,1.0,0.362609,4429.8,44.6,84.4,392.0,100.0,1.0
539903,3379,161,12.401456,0.477506,-0.107538,0.029431,0.0,0.0025136,0.162103,-0.563082,1.0,1.0,0.454091,5474.7,58.7,71.7,343.6,100.0,1.0
540070,3380,167,8.671381,0.745021,-0.043561,0.024874,0.0,0.00203294,0.05685,-0.583368,0.671194,0.867524,0.548618,5397.4,72.3,71.4,653.0,100.0,1.0
540228,3381,158,6.7705,0.237744,-0.348921,0.0,0.006502,0.0015697,0.061457,-1.0,1.0,1.0,0.192717,2784.8,23.4,47.9,610.0,100.0,1.0
540394,3382,166,8.623312,0.907466,-0.026211,0.036269,0.0,0.0020235,0.058244,-0.743,0.550542,1.0,0.433801,4789.2,56.7,61.0,694.4,100.0,1.0
540553,3383,159,7.516696,0.936262,-0.045635,0.020918,0.0,0.00172291,0.069615,-0.719742,0.610556,1.0,0.447655,4877.8,56.4,88.0,567.4,100.0,1.0
540716,3384,163,8.317589,0.843922,-0.343573,0.0,0.0,0.00210866,0.036431,-1.0,0.725912,1.0,0.180802,2311.8,25.0,9.6,448.5,100.0,1.0
540882,3385,166,8.802446,0.2,-0.057922,0.017886,0.068203,0.00180718,0.102309,-0.70164,0.784814,1.0,0.402993,4946.8,50.1,87.2,818.4,100.0,1.0
541037,3386,155,7.730887,0.2,-0.037348,0.016142,0.011618,0.00186171,0.064752,-0.764996,0.718753,1.0,0.446871,4705.4,57.5,73.6,803.4,100.0,1.0
541194,3387,157,10.237058,1.0,0.043287,0.01765,0.0,0.00229034,0.108274,-0.679002,0.834869,1.0,0.43781,5033.0,54.5,94.0,303.5,100.0,1.0
541352,3388,158,10.066335,0.2,0.000869,0.010102,0.0485,0.00172613,0.187339,-0.433517,0.802923,1.0,0.456112,5968.3,56.3,103.0,472.5,100.0,1.0
541507,3389,155,9.727804,0.433515,-0.033005,0.031702,0.0,0.00205251,0.126444,-0.59349,0.757652,1.0,0.457998,5358.8,57.8,88.4,428.6,100.0,1.0
541664,3390,157,11.949306,0.336219,-0.044672,0.028522,1.5e-05,0.00216974,0.205474,-0.369005,1.0,1.0,0.57687,6214.1,77.6,56.3,541.8,100.0,1.0
541829,3391,165,7.932449,0.894118,-0.088791,0.020099,0.0,0.00246265,-0.043787,-0.777605,0.403253,0.82226,0.498705,4657.3,63.9,85.7,458.6,100.0,1.0
541990,3392,161,10.731331,0.422971,-0.081241,0.017718,0.0,0.00192192,0.181109,-0.462663,1.0,1.0,0.534794,5857.3,71.4,58.7,597.3,100.0,1.0
542149,3393,159,10.318169,1.0,-0.110886,0.016601,0.0,0.00222139,0.11846,-0.728453,1.0,1.0,0.382908,4844.6,47.4,85.3,308.6,100.0,1.0
542305,3394,156,6.831813,0.2,-0.305432,0.0,0.045192,0.00162237,0.059213,-1.0,0.962593,1.0,0.185231,3128.4,21.6,56.4,582.9,100.0,1.0
542473,3395,168,6.981744,0.530944,-0.254501,0.004139,0.0,0.00209271,-0.032428,-1.0,0.28951,1.0,0.306895,3809.0,34.8,105.4,299.2,100.0,1.0
542636,3396,163,9.879563,0.2,0.002474,0.010181,0.233805,0.00180209,0.157872,-0.526131,0.91791,1.0,0.498867,5615.4,67.7,41.1,856.4,100.0,1.0
542798,3397,162,8.293512,0.997655,-0.249761,0.005029,0.0,0.0020286,0.050476,-0.952065,0.939021,1.0,0.301014,3992.6,36.4,76.5,366.8,100.0,1.0
542955,3398,157,11.320287,1.0,0.046258,0.008073,0.0,0.00213093,0.182911,-0.399413,0.738399,1.0,0.505671,6098.2,63.8,97.9,293.9,100.0,1.0
543114,3399,159,8.748436,0.2,0.008372,0.018515,0.005138,0.00174176,0.122962,-0.630701,0.86678,1.0,0.464851,5217.0,64.4,23.0,813.0,100.0,1.0
543276,3400,162,9.272363,0.687018,-0.193788,0.013683,0.0,0.0017334,0.143025,-0.618037,0.895107,1.0,0.400866,5265.3,49.2,94.5,581.3,100.0,1.0
543431,3401,155,10.80022,0.71233,0.00294,0.019523,0.0,0.00212665,0.164041,-0.517149,0.974737,1.0,0.512153,5649.7,68.0,60.1,638.5,100.0,1.0
543593,3402,162,9.01188,0.952361,-0.215873,0.02265,0.0,0.00183809,0.114158,-0.669582,0.769102,1.0,0.391992,5068.9,48.9,83.1,417.3,100.0,1.0
543756,3403,163,13.316518,0.637408,-0.031908,0.011127,0.0,0.0026168,0.182195,-0.440334,0.899226,1.0,0.518053,5942.3,67.9,71.1,304.2,100.0,1.0
543918,3404,162,5.390828,0.213173,-0.186463,0.014059,0.036941,0.00180932,-0.046646,-1.0,0.322994,0.970071,0.342349,3592.3,45.6,38.7,519.8,100.0,1.0
544076,3405,158,8.934638,0.2,0.06623,0.019264,0.029673,0.00195685,0.099277,-0.587982,0.550002,1.0,0.499645,5379.8,65.3,71.3,530.7,100.0,1.0
544234,3406,158,8.29322,0.422583,-0.181505,0.008834,0.0,0.00183028,0.089951,-0.769919,0.865899,1.0,0.385839,4686.6,47.5,88.5,681.5,100.0,1.0
544391,3407,157,8.452347,0.2,-0.071752,0.013275,0.0,0.00177371,0.107933,-0.649123,0.787111,1.0,0.467928,5146.8,60.2,78.0,764.7,100.0,1.0
544546,3408,155,9.220667,0.2,-0.087354,0.02199,0.080579,0.00153491,0.183604,-0.295274,0.608973,1.0,0.619738,6495.0,79.3,108.1,647.4,100.0,1.0
544711,3409,165,7.17318,0.231677,-0.055301,0.006234,0.007712,0.00181454,0.028511,-0.948074,0.752516,1.0,0.324572,4007.8,41.6,55.8,605.4,100.0,1.0
544874,3410,163,5.653961,0.339662,-0.433815,0.0,0.0,0.0019354,-0.057012,-1.0,0.723464,0.767318,0.239595,2390.1,33.8,4.9,1216.2,100.0,1.0
545039,3411,165,7.702519,1.0,-0.18951,0.0,0.0,0.00213889,-0.000815,-1.0,0.360688,1.0,0.184418,2478.4,20.5,68.6,278.7,100.0,1.0
545202,3412,163,10.436016,0.406083,-0.078027,0.015483,0.0,0.00153215,0.227305,-0.240778,0.826165,1.0,0.605195,6702.6,79.0,86.9,581.1,100.0,1.0
545366,3413,164,8.434905,0.362695,-0.179212,0.016542,0.0,0.00198295,0.060358,-0.911501,0.84721,1.0,0.276686,4147.2,32.1,87.1,666.2,100.0,1.0
545518,3414,152,11.852875,0.890102,-0.038026,0.017649,0.0,0.00245104,0.169272,-0.552475,1.0,1.0,0.436811,5515.1,57.0,62.5,358.5,100.0,1.0
545680,3415,162,10.533282,0.2,-0.136435,0.028346,0.0,0.00184143,0.183231,-0.407147,0.773704,1.0,0.508187,6068.8,63.7,103.3,588.4,100.0,1.0
545837,3416,157,9.281777,0.293862,-0.166034,0.016557,0.0,0.00199526,0.111067,-0.694582,0.706973,1.0,0.332635,4973.6,39.2,96.6,450.9,100.0,1.0
546002,3417,165,10.947785,0.523316,-0.108674,0.027707,0.0,0.00194674,0.179264,-0.468247,0.931037,1.0,0.499766,5836.0,66.5,57.2,565.8,100.0,1.0
546159,3418,157,7.657404,0.2,-0.302825,0.009169,0.031377,0.00203568,0.030458,-1.0,0.832632,1.0,0.264026,3234.5,31.2,75.6,483.2,100.0,1.0
546321,3419,162,8.368149,0.493898,-0.302908,0.0,4e-06,0.00206941,0.047316,-0.998262,0.942774,1.0,0.237851,3816.6,29.2,55.8,483.1,100.0,1.0
546478,3420,157,7.131638,0.2,-0.208895,0.000351,0.067941,0.00194169,0.021192,-1.0,0.650527,1.0,0.219306,3492.6,25.1,73.0,488.7,100.0,1.0
546637,3421,159,12.325239,1.0,-0.055347,0.036054,0.0,0.00233617,0.192035,-0.418875,0.864897,1.0,0.489243,6024.1,61.1,103.1,394.7,100.0,1.0
546799,3422,162,6.653295,0.2,-0.273618,0.008143,0.044294,0.0016365,0.03908,-0.96732,0.839668,1.0,0.281621,3934.5,32.8,86.5,555.9,100.0,1.0
546957,3423,158,6.869961,0.525988,-0.043194,0.020729,0.0,0.00154614,0.069797,-0.721493,0.580964,1.0,0.428887,4871.1,54.9,74.4,797.6,100.0,1.0
547114,3424,157,13.126425,0.689904,-0.079046,0.029938,1.7e-05,0.00228448,0.241453,-0.32614,1.0,1.0,0.47199,6377.4,60.1,85.3,474.6,100.0,1.0
547272,3425,158,8.228964,0.466961,-0.003508,0.013712,0.0,0.00195437,0.067438,-0.47083,0.682673,0.815465,0.607259,5826.1,80.2,76.1,560.6,100.0,1.0
547429,3426,157,10.472388,1.0,-0.090954,0.01178,0.0,0.00237408,0.10607,-0.735126,0.938439,1.0,0.402401,4819.2,50.9,77.1,338.0,100.0,1.0
547587,3427,158,10.305291,0.213421,0.011042,0.004348,0.015355,0.00179973,0.186822,-0.392395,0.816012,1.0,0.537204,6125.0,69.6,83.6,646.9,100.0,1.0
547754,3428,167,8.903897,0.375355,-0.009584,0.014581,2e-06,0.0017603,0.113128,-0.646728,0.691801,1.0,0.398484,5156.0,48.2,102.2,517.4,100.0,1.0
547919,3429,165,8.557831,0.950335,-0.273033,0.015619,0.0,0.00199497,0.062097,-1.0,1.0,1.0,0.189517,3251.6,23.0,47.1,577.2,100.0,1.0
548079,3430,160,9.593733,0.2,-0.01725,0.015521,0.028358,0.00221274,0.084602,-0.684368,0.95675,0.923834,0.474429,5012.6,65.1,30.8,744.2,100.0,1.0
548239,3431,160,10.940833,0.358087,-0.104545,0.011636,7.4e-05,0.00243353,0.110922,-0.790978,1.0,1.0,0.311177,4606.4,37.5,81.5,327.7,100.0,1.0
548394,3432,155,8.299609,0.480899,-0.37888,0.015389,0.0,0.00202004,0.066436,-1.0,0.962197,1.0,0.14892,2711.1,16.4,57.1,266.3,100.0,1.0
548560,3433,166,10.887822,1.0,-0.196737,0.010826,0.0,0.00217237,0.137297,-0.65266,0.906309,1.0,0.374514,5133.4,45.9,88.3,349.1,100.0,1.0
548708,3434,148,7.562111,0.728075,-0.302169,0.007719,0.0,0.00190665,0.06365,-1.0,1.0,1.0,0.181751,3152.7,22.5,40.5,533.9,100.0,1.0
548869,3435,161,5.861953,0.685922,-0.137534,0.020301,0.0,0.00211507,-0.072451,-1.0,0.831463,0.769799,0.375133,3700.9,52.3,15.3,462.1,100.0,1.0
549030,3436,161,8.287071,0.400963,-0.125273,0.022026,1.1e-05,0.00194462,0.065906,-0.87757,1.0,1.0,0.384723,4276.5,52.6,27.8,828.9,100.0,1.0
549187,3437,157,9.137803,1.0,-0.262188,0.002482,0.0,0.0022614,0.062864,-0.878123,0.812309,1.0,0.30512,4274.4,35.9,89.5,385.9,100.0,1.0
549344,3438,157,8.824999,0.2,-0.068347,0.007967,0.014586,0.00180581,0.120099,-0.648856,0.828931,1.0,0.428471,5147.9,55.3,68.7,561.2,100.0,1.0
549503,3439,159,8.072302,0.308439,-0.082711,0.010789,4.1e-05,0.00173978,0.092555,-0.798839,0.893524,1.0,0.33602,4576.4,39.6,97.8,640.4,100.0,1.0
549659,3440,156,8.58952,0.38516,-0.148465,0.027582,0.0,0.00172742,0.123346,-0.735438,1.0,1.0,0.346254,4818.0,42.5,80.8,662.5,100.0,1.0
549820,3441,161,8.726905,0.2,-0.223577,0.011604,0.011374,0.00220385,0.044287,-0.948694,0.797314,1.0,0.267006,4005.5,29.5,100.3,326.7,100.0,1.0
549980,3442,160,6.573298,0.499907,-0.066743,0.016715,0.0,0.00160887,0.043216,-0.823417,0.571218,1.0,0.37855,4482.8,48.2,68.6,574.9,100.0,1.0
550136,3443,156,10.210806,1.0,-0.169431,0.021601,0.0,0.00213209,0.134364,-0.575302,0.750337,1.0,0.446569,5428.1,55.5,96.9,497.0,100.0,1.0
550289,3444,153,5.362467,0.211177,-0.202696,0.013422,0.0,0.00146456,0.021168,-1.0,0.752461,1.0,0.27039,3153.7,33.4,61.1,936.1,100.0,1.0
550443,3445,154,9.221511,0.2,-0.164742,0.019336,0.048257,0.00197799,0.117107,-0.677975,0.822766,1.0,0.38939,5036.9,47.6,93.7,600.0,100.0,1.0
550600,3446,157,9.336486,1.0,-0.178731,0.025262,0.0,0.00210427,0.096617,-0.803308,1.0,1.0,0.361128,4559.4,46.6,58.8,673.9,100.0,1.0
550757,3447,157,9.342142,1.0,-0.110619,0.0,0.0,0.00221647,0.079268,-0.728305,0.617952,1.0,0.388104,4845.2,47.4,93.8,321.8,100.0,1.0
550918,3448,161,8.955292,1.0,-0.333303,0.000616,0.0,0.00222378,0.051539,-1.0,1.0,1.0,0.242305,3797.5,29.4,60.5,397.7,100.0,1.0
551080,3449,162,5.561695,0.2,-0.442107,0.0,0.036061,0.00157299,-0.000449,-1.0,0.199052,1.0,0.101772,1516.0,13.6,11.1,823.7,100.0,1.0
551240,3450,160,7.507134,0.2,-0.120134,0.01127,0.013205,0.00207371,0.011548,-0.759278,0.809003,0.830561,0.471506,4727.2,64.6,32.7,796.9,100.0,1.0
551396,3451,156,2.586899,0.2,-0.322438,0.006067,0.0,0.00183801,-0.168412,-0.967835,0.538807,0.593661,0.456662,3932.5,61.7,41.4,769.7,100.0,1.0
551549,3452,153,9.297212,0.2,-0.059277,0.015361,0.014789,0.00208872,0.105652,-0.736491,0.87742,1.0,0.37159,4814.0,47.5,64.9,391.5,100.0,1.0
551705,3453,156,9.741692,0.2,-0.133526,0.007117,0.028477,0.00174332,0.173603,-0.496014,0.899646,1.0,0.463786,5730.2,59.8,75.2,471.7,100.0,1.0
551864,3454,159,8.380493,1.0,-0.029255,0.012656,0.0,0.00202399,0.061477,-0.651272,0.348384,1.0,0.477079,5138.7,60.6,87.7,355.7,100.0,1.0
552025,3455,161,11.611723,1.0,0.014638,0.000781,0.0,0.00211489,0.190573,-0.398675,0.771098,1.0,0.485,6101.0,59.0,120.1,347.0,100.0,1.0
552180,3456,155,8.99865,0.33773,-0.10111,0.011871,7e-06,0.00207341,0.090199,-0.775072,1.0,1.0,0.442627,4667.0,57.8,63.7,753.0,100.0,1.0
552341,3457,161,11.024943,0.693374,-0.071125,0.01909,0.0,0.00208352,0.168829,-0.514316,0.960334,1.0,0.485968,5660.5,64.3,59.7,520.3,100.0,1.0
552503,3458,162,5.475062,0.2,0.633797,0.0,0.159322,0.00236179,-0.132184,-1.0,-0.755328,0.881347,0.075615,761.5,10.1,8.0,482.9,100.0,1.0
552662,3459,159,6.067604,0.2,-0.129215,0.016441,8.3e-05,0.00217811,-0.068773,-0.820091,0.57681,0.739441,0.49113,4495.5,64.6,64.8,519.4,100.0,1.0
552821,3460,159,7.486976,0.549868,-0.129129,0.006104,5e-06,0.00179849,0.056529,-0.921103,1.0,1.0,0.355426,4110.6,49.6,13.9,741.4,100.0,1.0
552977,3461,156,9.406449,0.2,-0.096031,0.020898,0.044741,0.00220624,0.086116,-0.83233,0.913101,1.0,0.319394,4448.8,36.5,106.4,469.9,100.0,1.0
553136,3462,159,9.819071,0.723652,-0.09676,0.017307,0.0,0.00185018,0.155001,-0.580761,0.984176,1.0,0.45075,5407.3,57.6,78.9,580.2,100.0,1.0
553300,3463,164,9.414806,0.2,-0.105238,0.026211,0.037048,0.00176149,0.141801,-0.559253,0.782875,1.0,0.453742,5489.2,55.7,107.0,703.5,100.0,1.0
553458,3464,158,8.207905,0.25467,-0.224935,0.016087,0.040839,0.00185099,0.083011,-0.834311,0.939519,1.0,0.344662,4441.3,41.0,96.1,493.8,100.0,1.0
553623,3465,165,6.453969,0.554914,-0.020552,0.019404,0.0,0.00163479,0.025487,-0.843822,0.60442,0.982351,0.4172,4405.0,55.6,47.2,944.4,100.0,1.0
553789,3466,166,7.562537,0.83212,-0.237879,0.009757,0.0,0.0017968,0.047652,-1.0,1.0,1.0,0.261741,3599.3,33.6,44.4,624.4,100.0,1.0
553945,3467,156,9.367227,0.2,-0.107343,0.023905,0.045204,0.00166509,0.168703,-0.471516,0.785075,1.0,0.473868,5823.5,58.4,108.7,701.9,100.0,1.0
554106,3468,161,6.311968,0.516933,0.037264,0.029777,0.0,0.00186459,-0.0115,-0.623018,0.598375,0.742046,0.564985,5246.3,75.3,63.3,830.7,100.0,1.0
554266,3469,160,7.276825,0.2,-0.268232,0.020396,0.0,0.00172074,0.057497,-0.971706,1.0,1.0,0.262032,3917.8,31.4,70.7,610.5,100.0,1.0
554419,3470,153,9.216582,0.889564,-0.015507,0.020036,0.0,0.00229479,0.07042,-0.775619,0.68851,1.0,0.38482,4664.9,45.6,109.9,313.6,100.0,1.0
554589,3471,170,8.898717,0.902567,-0.182402,0.023384,0.0,0.00181664,0.098173,-0.738197,0.843267,1.0,0.388923,4807.5,50.7,56.6,749.0,100.0,1.0
554752,3472,163,7.8809,0.71901,-0.112532,0.002973,0.0,0.00213002,0.013251,-1.0,0.732421,1.0,0.299956,3317.7,39.7,36.6,615.7,100.0,1.0
554912,3473,160,9.198752,0.903068,-0.113778,0.017744,0.0,0.00184274,0.125894,-0.555831,0.675778,1.0,0.485713,5502.3,60.8,100.7,659.9,100.0,1.0
555074,3474,162,9.429777,0.2,-0.01184,0.012622,0.016413,0.00189667,0.124039,-0.62235,0.844436,1.0,0.46291,5248.8,58.7,86.5,585.6,100.0,1.0
555237,3475,163,8.431935,0.413353,-0.291093,0.0,0.0,0.0019297,0.07112,-1.0,0.989936,1.0,0.13937,2601.5,19.8,1.8,429.4,100.0,1.0
555400,3476,163,7.180581,0.261054,-0.323627,0.018848,3.1e-05,0.00175697,0.042039,-0.990615,0.97767,1.0,0.295064,3845.8,35.8,74.6,455.2,100.0,1.0
555556,3477,156,7.986712,0.443257,-0.398334,0.025416,0.000161,0.00206453,0.043216,-1.0,0.860754,1.0,0.214295,2797.4,24.9,66.2,466.3,100.0,1.0
555712,3478,156,6.276278,1.0,-0.095583,0.0,0.0,0.00223176,-0.061104,-0.720114,0.130153,0.808419,0.525132,4876.4,67.4,88.7,381.3,100.0,1.0
555868,3479,156,8.051555,0.2,-0.245138,0.018181,0.0,0.00191505,0.069504,-0.892547,0.933196,1.0,0.307122,4219.4,36.2,89.6,504.8,100.0,1.0
556031,3480,163,11.264341,0.483215,-0.089283,0.015811,0.0,0.00206889,0.177984,-0.541547,1.0,1.0,0.412372,5556.7,52.8,71.1,398.1,100.0,1.0
556187,3481,156,5.880751,0.2,0.023781,0.00986,0.0,0.00171109,0.002059,-0.658904,0.503273,0.827907,0.537098,5109.6,69.9,79.9,1114.8,100.0,1.0
556349,3482,162,11.383442,0.347953,-0.086494,0.011234,0.0,0.00224302,0.157315,-0.571274,0.947358,1.0,0.437373,5443.4,55.7,79.6,454.2,100.0,1.0
556503,3483,154,7.238011,0.2,-0.057327,0.007679,0.026404,0.00202466,0.019301,-0.888589,0.516822,1.0,0.356877,4234.5,42.4,100.7,667.3,100.0,1.0
556670,3484,167,10.43012,0.73288,-0.144925,0.018414,0.0,0.00185959,0.166566,-0.453869,0.737628,1.0,0.491715,5890.8,60.2,116.8,613.7,100.0,1.0
556829,3485,159,9.910402,0.473939,-0.128956,0.015208,1.2e-05,0.00218912,0.105276,-0.617247,0.553168,1.0,0.420021,5268.3,48.9,129.1,303.2,100.0,1.0
556989,3486,160,9.087516,0.2,-0.203287,0.009936,0.0,0.0019906,0.097219,-0.807552,1.0,1.0,0.350688,4543.2,45.1,58.5,504.4,100.0,1.0
557144,3487,155,12.242223,0.971377,-0.038053,0.016718,0.0,0.00219648,0.219598,-0.284087,0.759064,1.0,0.534387,6537.6,66.4,116.3,524.2,100.0,1.0
557305,3488,161,10.394627,0.730651,-0.064089,0.026368,2.3e-05,0.00204784,0.145851,-0.603557,1.0,1.0,0.464521,5320.4,59.8,76.9,549.9,100.0,1.0
557462,3489,157,6.007062,0.2,-0.05573,0.010706,0.005264,0.00181459,-0.010064,-0.794482,0.676664,0.834365,0.458449,4593.0,62.6,33.8,738.3,100.0,1.0
557617,3490,155,9.460706,0.2,-0.079426,0.025158,0.118164,0.00182918,0.149291,-0.565345,0.874865,1.0,0.451621,5466.0,55.9,101.1,646.4,100.0,1.0
557773,3491,156,6.433125,1.0,-0.133578,0.0,0.0,0.00185515,0.004899,-0.948742,0.541581,1.0,0.335996,4005.3,40.6,86.1,518.2,100.0,1.0
557934,3492,161,9.555287,0.548809,-0.166851,0.000576,0.0,0.00202602,0.110936,-0.728588,0.988484,1.0,0.414531,4844.1,53.7,64.0,618.4,100.0,1.0
558096,3493,162,7.652043,0.975211,-0.086321,0.011381,0.0,0.00205412,0.017302,-0.87142,0.493057,1.0,0.385035,4299.9,46.5,99.6,383.0,100.0,1.0
558260,3494,164,10.064379,0.2,-0.03364,0.018174,0.027899,0.00202127,0.12893,-0.60172,0.851025,1.0,0.477853,5327.4,61.5,79.4,638.2,100.0,1.0
558422,3495,162,11.58903,0.489996,-0.129726,0.02865,0.0,0.00189478,0.223221,-0.397686,1.0,1.0,0.437944,6104.8,55.0,88.7,472.5,100.0,1.0
558575,3496,153,8.108862,0.2,-0.101708,0.0,0.045958,0.00184696,0.088381,-0.767788,0.838445,1.0,0.383691,4694.7,47.3,87.8,521.7,100.0,1.0
558734,3497,159,10.032894,0.27457,0.038458,0.009959,0.0,0.00199612,0.141597,-0.460173,0.611218,1.0,0.54232,5866.7,68.6,103.2,648.1,100.0,1.0
558895,3498,161,9.942601,0.969906,-0.108601,0.029268,0.0,0.00188435,0.151469,-0.489555,0.805673,1.0,0.53877,5754.8,70.0,81.2,629.6,100.0,1.0
559055,3499,160,7.422527,0.459652,-0.256237,0.009209,0.0,0.00203498,0.013961,-1.0,0.69742,1.0,0.278903,3182.1,38.1,20.7,466.9,100.0,1.0
559217,3500,162,10.132422,0.2,-0.14187,0.006933,0.0,0.00220333,0.106604,-0.744767,1.0,1.0,0.413636,4782.4,55.6,41.1,528.3,100.0,1.0
559376,3501,159,9.630126,1.0,-0.112535,0.013497,0.0,0.00206933,0.111564,-0.762697,1.0,1.0,0.35746,4714.1,44.7,74.3,685.2,100.0,1.0
559530,3502,154,9.589953,0.550886,-0.253339,0.006053,0.0,0.00209248,0.116505,-0.755702,0.963774,1.0,0.326884,4740.8,38.9,91.4,324.7,100.0,1.0
559689,3503,159,9.213314,1.0,-0.277996,0.003041,0.0,0.00230642,0.0548,-1.0,0.98882,1.0,0.220408,3659.6,25.4,71.0,260.9,100.0,1.0
559850,3504,161,10.083878,1.0,-0.118898,0.009137,0.0,0.00234593,0.083682,-0.648549,0.42994,1.0,0.411596,5149.0,48.8,116.8,354.9,100.0,1.0
560010,3505,160,6.903614,0.2,-0.341637,0.0,0.0,0.00194661,0.004421,-1.0,0.527821,1.0,0.241806,2749.2,29.4,60.1,408.7,100.0,1.0
560176,3506,166,7.693833,0.2,-0.107213,0.011377,0.142186,0.00198234,0.022958,-0.848113,0.923086,0.889707,0.419542,4388.7,58.1,21.9,617.0,100.0,1.0
560334,3507,158,9.809252,0.742923,0.033224,0.014892,0.0,0.00207209,0.121427,-0.606124,0.740854,1.0,0.452578,5310.7,56.4,96.4,417.2,100.0,1.0
560494,3508,160,9.677554,0.624495,-0.173857,0.005182,0.0,0.00225233,0.082425,-0.744919,1.0,0.955562,0.456499,4781.9,61.1,47.6,506.3,100.0,1.0
560649,3509,155,7.902044,0.33213,-0.008417,0.018905,0.000118,0.00158637,0.115697,-0.604672,0.692457,1.0,0.459566,5316.2,56.9,102.7,755.0,100.0,1.0
560812,3510,163,6.588983,0.2,-0.139941,0.007633,0.016363,0.00168929,0.026141,-0.897481,0.537123,1.0,0.317266,4200.6,36.9,98.0,796.0,100.0,1.0
560975,3511,163,7.458955,0.2,-0.010346,0.008707,0.005165,0.00145963,0.103366,-0.648478,0.765047,1.0,0.480857,5149.3,62.3,74.2,801.5,100.0,1.0
561134,3512,159,7.993404,0.576364,-0.014371,0.028684,0.0,0.00171242,0.093454,-0.65921,0.703287,1.0,0.480757,5108.4,61.9,79.2,812.5,100.0,1.0
561301,3513,167,3.963499,0.691978,-0.241622,0.019267,0.0,0.00179892,-0.119075,-0.765319,0.489653,0.593312,0.53919,4704.1,73.8,37.5,633.0,100.0,1.0
561459,3514,158,8.922594,0.3144,-0.085999,0.006492,7.6e-05,0.00196413,0.097896,-0.803153,1.0,1.0,0.355004,4560.0,46.8,45.3,558.2,100.0,1.0
561619,3515,160,9.927884,0.2,0.002342,0.026064,0.077524,0.00203256,0.129022,-0.678881,1.0,1.0,0.416848,5033.5,52.8,78.7,645.4,100.0,1.0
561778,3516,159,10.287298,1.0,0.023454,0.029917,0.0,0.00184604,0.17716,-0.402356,0.763249,1.0,0.5417,6087.0,68.7,101.6,594.7,100.0,1.0
561938,3517,160,7.039588,0.2,-0.351703,0.0,0.128034,0.00233835,-0.052055,-1.0,0.86203,0.810882,0.360334,3602.4,49.7,20.3,588.4,100.0,1.0
562101,3518,163,6.768017,0.2,-0.166832,0.009065,0.015931,0.00156492,0.054595,-0.916831,0.86634,1.0,0.305741,4126.9,36.4,84.6,758.0,100.0,1.0
562258,3519,157,12.734828,0.984112,-0.129116,0.001787,0.0,0.00254118,0.183719,-0.514083,0.923223,1.0,0.393372,5661.3,46.8,109.6,326.6,100.0,1.0
562419,3520,161,7.744849,0.640349,-0.168732,0.0,0.0,0.00226206,-0.009805,-0.958474,1.0,0.86512,0.385656,3968.2,53.2,22.2,753.3,100.0,1.0
562575,3521,156,8.96034,0.2,-0.038186,0.016529,1.1e-05,0.00199487,0.098839,-0.675721,0.803794,1.0,0.475193,5045.5,59.0,103.9,544.3,100.0,1.0
562739,3522,164,13.53343,0.2,-0.032358,0.026902,0.022336,0.00245574,0.216636,-0.352338,0.687982,1.0,0.394218,6277.6,45.4,126.9,363.5,100.0,1.0
562893,3523,154,6.632071,0.647861,-0.021134,0.015993,0.0,0.00183727,0.020621,-0.939203,0.710481,1.0,0.35853,4041.6,45.4,67.7,694.5,100.0,1.0
563054,3524,161,10.408995,1.0,-0.1379,0.01248,0.0,0.00216599,0.1277,-0.562784,0.642128,1.0,0.447691,5475.8,53.9,117.8,338.6,100.0,1.0
563218,3525,164,9.082991,0.648546,-0.180635,0.01196,0.0,0.00220913,0.053443,-0.961984,1.0,1.0,0.299311,3954.8,38.6,48.6,334.1,100.0,1.0
563380,3526,162,8.253138,0.408445,-0.014873,0.004242,1.8e-05,0.00172232,0.098747,-0.643374,0.663118,1.0,0.461919,5168.7,57.7,97.1,512.7,100.0,1.0
563549,3527,169,10.214085,0.57057,-0.058446,0.008902,0.0,0.00179658,0.163879,-0.489228,0.727215,1.0,0.438063,5756.0,52.7,114.7,718.3,100.0,1.0
563709,3528,160,7.039961,0.2,-0.235886,0.018825,0.122725,0.00209702,-0.013304,-0.692886,0.716349,0.7539,0.531468,4980.1,71.0,57.6,479.1,100.0,1.0
563866,3529,157,8.575892,0.2,0.020278,0.000312,0.026501,0.00179471,0.110757,-0.749047,1.0,1.0,0.38538,4766.1,54.2,9.6,862.8,100.0,1.0
564027,3530,161,8.18297,0.314773,-0.186016,0.014698,4e-05,0.0019675,0.057776,-0.874622,0.817266,1.0,0.339164,4287.7,40.4,93.6,819.2,100.0,1.0
564189,3531,162,8.192581,0.553014,-0.160446,0.008723,0.0,0.0016924,0.100819,-0.754054,0.990149,1.0,0.421384,4747.1,55.3,56.9,838.0,100.0,1.0
564352,3532,163,7.96344,0.730179,-0.330674,0.002596,0.0,0.00203855,0.032209,-1.0,0.715665,1.0,0.196788,2605.7,25.2,33.7,465.3,100.0,1.0
564509,3533,157,9.593739,0.2,-0.109377,0.011577,0.126361,0.00175655,0.163323,-0.521939,0.921617,1.0,0.480798,5631.4,59.8,103.3,774.6,100.0,1.0
564670,3534,161,9.526558,1.0,-0.178118,0.013996,0.0,0.00187022,0.134908,-0.624656,0.915502,1.0,0.440062,5240.1,55.0,91.5,576.8,100.0,1.0
564832,3535,162,7.587301,0.2,-0.217633,0.010285,0.07712,0.00195384,0.03073,-0.95818,0.820783,1.0,0.329927,3969.3,38.7,98.7,492.1,100.0,1.0
564991,3536,159,11.696914,0.333309,-0.099689,0.016195,0.0,0.00243289,0.148536,-0.579427,0.954656,1.0,0.470651,5412.4,58.1,106.7,461.9,100.0,1.0
565159,3537,168,12.265797,1.0,-0.191727,0.00966,0.0,0.00250792,0.140144,-0.645862,0.894486,1.0,0.366263,5159.3,44.2,95.2,359.4,100.0,1.0
565323,3538,164,11.077679,0.886226,-0.360328,0.004957,0.0,0.00273971,0.057845,-1.0,1.0,1.0,0.210777,3105.2,28.4,19.7,269.4,100.0,1.0
565488,3539,165,8.872744,0.72861,-0.15952,0.003287,0.0,0.00184299,0.10219,-0.720337,0.831514,1.0,0.394218,4875.5,48.1,96.3,506.2,100.0,1.0
565640,3540,152,8.50171,0.898268,-0.054904,0.015544,0.0,0.00195039,0.092824,-0.53496,0.356051,1.0,0.527727,5581.8,65.0,121.3,405.6,100.0,1.0
565801,3541,161,8.266702,0.2,-0.230232,0.005535,0.051046,0.00197632,0.060324,-0.914029,0.925472,1.0,0.311564,4137.5,36.5,93.5,493.1,100.0,1.0
565956,3542,155,8.062476,0.86482,-0.421754,0.020809,0.0,0.002368,0.002129,-1.0,0.946821,0.921614,0.325589,3325.4,43.3,37.9,503.8,100.0,1.0
566114,3543,158,11.393096,0.2,-0.088643,0.026956,0.119099,0.00243917,0.136346,-0.606496,0.946947,1.0,0.480373,5309.2,61.2,86.6,663.1,100.0,1.0
566271,3544,157,8.654411,0.2,-0.113177,0.017761,0.055062,0.00212964,0.062006,-0.957028,1.0,1.0,0.26517,3973.7,32.8,58.9,609.2,100.0,1.0
566426,3545,155,8.224027,0.4693,-0.134698,0.026416,0.0,0.00194913,0.07455,-0.802118,0.799643,1.0,0.373365,4563.9,45.3,93.7,536.7,100.0,1.0
566585,3546,159,11.257599,0.2,-0.079477,0.011482,0.046008,0.00241094,0.132299,-0.605924,0.740383,1.0,0.398328,5311.4,48.3,100.9,345.5,100.0,1.0
566754,3547,169,6.676002,0.292198,-0.321357,0.0,5e-06,0.00170298,0.018011,-1.0,0.422531,1.0,0.121209,1995.5,16.2,13.5,814.5,100.0,1.0
566916,3548,162,8.04994,0.544722,-0.201907,0.023563,0.0,0.00186045,0.067352,-0.86516,0.853417,1.0,0.325921,4323.7,37.6,104.4,546.3,100.0,1.0
567082,3549,166,5.646203,0.657018,-0.354989,0.0,7e-06,0.00159978,-0.006929,-1.0,0.403414,1.0,0.23635,2671.3,30.9,33.8,721.8,100.0,1.0
567246,3550,164,10.320225,0.485176,-0.06985,0.002521,0.0,0.00207129,0.13302,-0.468915,0.582638,1.0,0.555621,5833.4,70.4,104.2,548.0,100.0,1.0
567409,3551,163,10.948187,0.2,-0.001137,0.020587,0.156314,0.00178716,0.210167,-0.369198,0.944451,1.0,0.525294,6213.4,69.4,65.9,649.6,100.0,1.0
567572,3552,163,9.717438,0.588072,-0.10825,0.031392,0.0,0.00206943,0.107788,-0.725829,1.0,1.0,0.44086,4854.6,58.9,47.5,631.9,100.0,1.0
567736,3553,164,9.434176,0.312085,-0.115469,0.018528,0.0,0.00171494,0.150892,-0.492333,0.701839,1.0,0.484876,5744.2,58.4,126.5,531.5,100.0,1.0
567898,3554,162,10.123121,0.97098,-0.020725,0.004732,0.0,0.00222202,0.103728,-0.659134,0.825005,1.0,0.490378,5108.7,63.1,81.1,617.0,100.0,1.0
568059,3555,161,6.623674,0.2,-0.1814,0.010025,0.090424,0.00228561,-0.064577,-1.0,0.731821,0.805865,0.349062,3449.6,47.8,24.6,677.2,100.0,1.0
568219,3556,160,12.903795,0.2,-0.04617,0.023743,0.030004,0.002549,0.183348,-0.403742,0.768048,1.0,0.510734,6081.7,61.8,129.8,468.9,100.0,1.0
568375,3557,156,10.772813,0.2,-0.07829,0.047049,0.135379,0.00185294,0.204572,-0.326236,0.850071,1.0,0.581263,6377.0,73.5,110.8,720.9,100.0,1.0
568526,3558,151,9.339617,1.0,0.049624,0.022435,0.0,0.00206332,0.116392,-0.623294,0.732774,1.0,0.44366,5245.2,53.6,113.7,398.5,100.0,1.0
568688,3559,162,10.532129,1.0,-0.133402,0.03047,0.0,0.00203825,0.15239,-0.597535,0.888977,1.0,0.386853,5343.4,46.2,106.1,257.4,100.0,1.0
568854,3560,166,9.116515,0.23549,-0.110208,0.025002,2.5e-05,0.00227395,0.040251,-0.767712,0.867323,0.899769,0.463508,4695.0,61.8,51.7,838.3,100.0,1.0
569012,3561,158,11.772262,1.0,-0.221659,0.027152,0.0,0.00254876,0.136787,-0.683191,0.952244,1.0,0.346601,5017.0,42.1,86.2,246.4,100.0,1.0
569174,3562,162,9.784978,1.0,-0.060216,0.011958,0.0,0.00203788,0.118319,-0.556194,0.804792,0.9679,0.531287,5500.9,69.9,70.2,641.1,100.0,1.0
569333,3563,159,9.514342,0.296564,-0.002375,0.032102,0.0,0.00179951,0.149921,-0.469651,0.730067,1.0,0.543539,5830.6,69.4,96.7,617.2,100.0,1.0
569487,3564,154,9.800099,0.733324,-0.187467,0.003737,0.0,0.00214137,0.119376,-0.75413,1.0,1.0,0.333395,4746.8,38.2,110.5,399.8,100.0,1.0
569644,3565,157,11.385913,0.2,-0.09379,0.021244,0.024637,0.00228446,0.163201,-0.472289,0.707521,1.0,0.46125,5820.6,54.1,137.1,401.9,100.0,1.0
569804,3566,160,9.113956,0.2,-0.274866,0.0,0.017006,0.0021804,0.068892,-1.0,1.0,1.0,0.155542,3045.4,21.6,7.2,390.8,100.0,1.0
569964,3567,160,8.965743,0.420583,-0.311566,0.0,0.0,0.0022227,0.055353,-1.0,0.922384,1.0,0.184425,3010.4,20.5,67.7,406.7,100.0,1.0
570129,3568,165,7.237482,0.35436,-0.372298,0.009689,0.0,0.00180935,0.033235,-1.0,0.849984,1.0,0.258815,3425.6,29.1,91.7,451.2,100.0,1.0
570293,3569,164,7.760883,0.672607,-0.240551,0.012894,0.000121,0.00167181,0.081585,-0.788796,0.802547,1.0,0.362954,4614.7,43.1,101.8,556.9,100.0,1.0
570451,3570,158,9.940467,0.24534,-0.028667,0.0,0.012564,0.00240398,0.075851,-0.864474,1.0,1.0,0.357916,4326.4,44.8,73.4,601.5,100.0,1.0
570613,3571,162,8.411899,0.2,-0.145861,0.00227,0.039498,0.00184147,0.08734,-0.802915,0.917956,1.0,0.367177,4560.9,44.0,98.2,687.0,100.0,1.0
570771,3572,158,9.684114,1.0,-0.220126,0.000483,0.0,0.00230161,0.080333,-0.779784,0.804518,1.0,0.38597,4649.0,47.4,89.9,426.4,100.0,1.0
570927,3573,156,5.427054,0.589458,-0.381071,0.012464,1.2e-05,0.001984,-0.060679,-1.0,0.569798,0.826965,0.285485,2850.4,39.0,20.8,539.3,100.0,1.0
571085,3574,158,7.506613,0.224464,-0.019461,0.020523,0.019525,0.00196587,0.033562,-0.645276,0.604678,0.874297,0.535313,5161.5,68.8,89.0,711.7,100.0,1.0
571247,3575,162,9.293392,0.30081,0.014088,0.0,0.007972,0.00184386,0.127384,-0.669573,1.0,1.0,0.441329,5068.9,55.6,87.0,669.8,100.0,1.0
571405,3576,158,9.818388,0.365211,-0.067737,0.015111,1.8e-05,0.00199577,0.134826,-0.538116,0.709505,1.0,0.488921,5569.8,59.7,118.7,765.8,100.0,1.0
571564,3577,159,7.160495,0.491911,-0.316252,0.004814,0.0,0.0020622,0.000408,-1.0,0.818457,0.93657,0.296188,3108.1,40.1,25.5,580.7,100.0,1.0
571727,3578,163,8.934782,1.0,-0.274805,0.006461,0.0,0.002063,0.073382,-0.849994,0.806972,1.0,0.299088,4381.5,33.8,104.1,286.9,100.0,1.0
571883,3579,156,7.099805,0.358806,-0.30661,0.01814,3.1e-05,0.00195852,0.019991,-1.0,0.650899,1.0,0.225495,2864.1,26.0,72.0,322.4,100.0,1.0
572043,3580,160,8.794958,0.496034,-0.29479,0.020863,0.0,0.00220842,0.049896,-0.983725,1.0,1.0,0.278999,3872.0,32.3,88.0,390.2,100.0,1.0
572206,3581,163,9.330501,0.2,-0.16616,0.0,0.157088,0.00191748,0.115277,-0.740142,1.0,1.0,0.378365,4800.1,51.8,26.3,744.1,100.0,1.0
572366,3582,160,8.149411,0.25309,-0.07244,0.0,0.0,0.00203949,0.047355,-1.0,0.893558,1.0,0.210006,3031.2,28.7,15.1,449.7,100.0,1.0
572526,3583,160,7.517749,0.55329,-0.099926,0.016088,0.0,0.00210068,0.008601,-0.828051,0.295152,1.0,0.405483,4465.1,48.2,113.4,314.8,100.0,1.0
572682,3584,156,10.883575,1.0,-0.17441,0.0,0.0,0.00232066,0.137024,-0.5647,0.713336,1.0,0.433321,5468.5,50.9,128.7,305.1,100.0,1.0
572849,3585,167,5.154774,0.946642,-0.270974,0.028475,0.0,0.00178625,-0.061934,-1.0,0.474703,0.911205,0.391629,3777.0,49.4,76.3,777.2,100.0,1.0
573011,3586,162,11.540508,0.2,-0.056809,0.018449,0.000231,0.00242758,0.135917,-0.588047,1.0,0.987207,0.518945,5379.5,67.7,75.3,570.9,100.0,1.0
573167,3587,156,9.436679,0.2,-0.0729,0.027335,0.037112,0.00193037,0.131626,-0.654675,1.0,1.0,0.44619,5125.7,57.7,70.0,789.0,100.0,1.0
573330,3588,163,8.231007,0.259348,-0.050703,0.012278,0.023786,0.00210022,0.035142,-0.868414,1.0,0.91947,0.413638,4311.3,56.2,34.3,542.0,100.0,1.0
573487,3589,157,7.060803,0.2,-0.343252,0.0,0.02733,0.00241766,-0.055753,-1.0,0.68948,0.835171,0.335054,3094.8,42.2,66.6,484.6,100.0,1.0
573650,3590,163,9.262527,0.522675,-0.191615,0.000339,0.0,0.0022242,0.062307,-1.0,1.0,1.0,0.188464,3044.9,24.4,29.5,548.0,100.0,1.0
573808,3591,158,10.225139,0.2,-0.111195,0.023392,0.025048,0.0017617,0.190674,-0.459585,1.0,1.0,0.492354,5869.0,60.8,111.0,581.0,100.0,1.0
573974,3592,166,8.062421,0.206421,-0.041901,0.005163,0.032243,0.00182746,0.066454,-0.88942,0.998071,1.0,0.360281,4231.3,47.9,41.1,655.7,100.0,1.0
574134,3593,160,9.236162,0.2,-0.102671,0.014542,0.04062,0.00195643,0.11062,-0.725825,0.866899,1.0,0.360154,4854.6,45.2,73.5,546.1,100.0,1.0
574299,3594,165,10.929764,0.298872,-0.014364,0.020154,0.015607,0.00210108,0.154667,-0.564739,0.952257,1.0,0.4645,5468.3,59.6,79.0,527.6,100.0,1.0
574461,3595,162,8.202558,0.2,-0.037172,0.023962,0.217687,0.00187118,0.073131,-0.739528,0.719456,1.0,0.449896,4802.4,57.8,76.0,730.1,100.0,1.0
574618,3596,157,7.533854,0.2,-0.030107,0.0,0.024749,0.00212837,0.011429,-0.955117,0.710248,1.0,0.376523,3981.0,45.8,92.7,703.9,100.0,1.0
574778,3597,160,7.27172,0.510195,-0.072359,0.017734,0.0,0.00159167,0.078896,-0.739625,0.720737,1.0,0.421547,4802.0,50.5,113.0,582.9,100.0,1.0
574937,3598,159,8.217407,0.296046,-0.20355,0.0,2.5e-05,0.00186955,0.07967,-0.806459,0.888345,1.0,0.384519,4547.4,48.2,78.2,764.2,100.0,1.0
575098,3599,161,12.584339,1.0,-0.056716,0.035528,0.0,0.00235356,0.198335,-0.329152,0.796208,1.0,0.580413,6365.9,75.3,88.7,422.8,100.0,1.0
575261,3600,163,8.207783,0.522413,-0.299441,0.0,0.0,0.00198399,0.053133,-1.0,0.825053,1.0,0.146864,3028.4,20.0,11.6,497.1,100.0,1.0
575423,3601,162,8.893937,0.964296,-0.083959,0.002083,0.0,0.00187435,0.104351,-0.73369,0.86204,1.0,0.375307,4824.6,45.5,94.6,419.2,100.0,1.0
575590,3602,167,8.432065,0.837408,-0.158899,0.015908,0.0,0.00172285,0.099083,-0.807705,0.97517,1.0,0.328688,4542.6,42.6,50.4,840.6,100.0,1.0
575754,3603,164,8.033277,0.420601,-0.010105,0.014514,0.0,0.00184673,0.065629,-0.727992,0.643677,1.0,0.469706,4846.3,57.9,107.0,548.8,100.0,1.0
575913,3604,159,9.874343,0.252293,-0.109117,0.019027,0.000344,0.00201277,0.132904,-0.670676,1.0,1.0,0.411798,5064.7,51.5,85.9,504.0,100.0,1.0
576071,3605,158,11.065996,1.0,-0.154033,0.000408,0.0,0.00270231,0.080664,-0.756518,0.652513,1.0,0.349031,4737.7,40.2,112.7,188.4,100.0,1.0
576228,3606,157,7.987635,0.351748,-0.082596,0.012121,2.1e-05,0.00184928,0.076119,-0.776495,0.712968,1.0,0.367023,4661.6,43.6,103.4,570.8,100.0,1.0
576384,3607,156,11.198772,0.333664,0.004763,0.00985,0.0,0.00215626,0.177408,-0.395604,0.740113,1.0,0.540708,6112.7,67.3,116.6,503.1,100.0,1.0
576546,3608,162,9.161972,0.2,0.026758,0.021277,0.020384,0.00188788,0.114521,-0.655907,0.874002,1.0,0.466557,5121.0,62.4,49.2,864.8,100.0,1.0
576701,3609,155,8.741959,0.477039,0.004671,0.008561,0.0,0.00177995,0.125199,-0.597348,0.757882,1.0,0.457588,5344.1,58.0,85.4,583.8,100.0,1.0
576861,3610,160,12.657999,1.0,-0.183325,0.008643,0.0,0.00277238,0.13723,-0.585162,0.692216,1.0,0.385926,5390.5,45.0,118.5,159.9,100.0,1.0
577028,3611,167,9.4556,0.708371,-0.100092,0.011084,0.0,0.00199231,0.101208,-0.717604,0.78943,1.0,0.382869,4885.9,47.4,85.0,529.1,100.0,1.0
577186,3612,158,2.146212,0.491779,0.689753,0.0,0.0,0.00251392,-0.298736,-1.0,0.430387,0.16186,0.242129,1591.4,34.2,4.0,340.9,100.0,1.0
577339,3613,153,7.621183,0.473713,-0.000481,0.015438,3e-06,0.00161719,0.102331,-0.664616,0.800274,1.0,0.475404,5087.8,58.8,106.2,830.0,100.0,1.0
577496,3614,157,10.01439,0.51361,-0.129851,0.017114,0.0,0.00207797,0.133346,-0.704719,0.995396,1.0,0.347711,4935.0,43.2,75.9,432.4,100.0,1.0
577652,3615,156,7.258133,0.57458,-0.319314,0.006714,0.0,0.00182833,0.047881,-1.0,1.0,1.0,0.260595,3792.1,30.8,75.2,351.7,100.0,1.0
577822,3616,170,9.447497,0.316993,-0.199601,0.007815,0.0,0.00192135,0.106939,-0.761018,0.922935,1.0,0.344992,4720.5,41.1,95.6,559.5,100.0,1.0
577978,3617,156,8.272538,0.2,-0.156953,0.0,0.0,0.0016758,0.118229,-0.649718,0.81138,1.0,0.427541,5144.6,51.0,118.1,525.6,100.0,1.0
578139,3618,161,11.318959,0.2,-0.069365,0.001563,0.008695,0.00240615,0.132081,-0.498273,0.56764,1.0,0.501437,5721.6,61.8,114.5,412.1,100.0,1.0
578298,3619,159,6.0721,0.287953,-0.428414,0.0,4.9e-05,0.00185435,-0.016146,-1.0,0.075263,1.0,0.118361,1602.6,16.0,10.1,486.7,100.0,1.0
578457,3620,159,8.891053,0.2,-0.068778,0.018699,0.097357,0.00204961,0.082181,-0.813689,0.989361,1.0,0.409818,4519.8,54.7,45.3,631.6,100.0,1.0
578619,3621,162,9.081135,0.351919,-0.202991,0.0162,0.0,0.00197979,0.096084,-0.7694,0.907755,1.0,0.37701,4688.6,46.7,83.7,622.1,100.0,1.0
578780,3622,161,8.262502,0.324154,-0.054909,0.021083,0.0,0.00183499,0.083816,-0.626445,0.732227,0.945793,0.505895,5233.2,67.2,58.7,967.1,100.0,1.0
578936,3623,156,9.453386,0.2,-0.108759,0.026205,0.06908,0.00179361,0.154103,-0.564965,0.885579,1.0,0.433586,5467.5,52.9,105.3,526.4,100.0,1.0
579095,3624,159,9.477646,0.390039,-0.162174,0.010426,0.000148,0.00192296,0.129267,-0.68481,0.880408,1.0,0.345451,5010.9,41.8,87.7,644.6,100.0,1.0
579251,3625,156,9.541996,0.949417,0.785219,0.0,0.0,0.00258793,0.03426,-1.0,1.0,0.996713,0.322946,3660.1,45.8,3.6,400.9,100.0,1.0
579413,3626,162,6.471705,0.313189,-0.280427,0.005094,0.0,0.00153719,0.048043,-1.0,0.963289,1.0,0.241429,3331.6,29.6,57.1,776.0,100.0,1.0
579571,3627,158,7.569896,0.338575,-0.031677,0.025289,2e-06,0.00173578,0.073203,-0.719326,0.671923,1.0,0.461124,4879.4,59.2,78.0,706.2,100.0,1.0
579732,3628,161,8.392836,0.2,-0.073359,0.012134,0.0,0.00194038,0.07282,-0.683712,0.649345,0.994236,0.50399,5015.1,62.9,106.5,503.5,100.0,1.0
579888,3629,156,6.754758,0.2,-0.276422,0.008648,0.0,0.00181083,0.027548,-0.996838,0.847651,1.0,0.291619,3822.0,34.7,81.2,590.3,100.0,1.0
580048,3630,160,8.991001,0.368779,-0.157972,0.027424,0.0,0.00179084,0.12613,-0.590721,0.635288,1.0,0.403235,5369.4,47.3,120.6,481.1,100.0,1.0
580214,3631,166,9.569573,0.879319,-0.058185,0.029165,0.0,0.00184814,0.132417,-0.55798,0.851161,0.991342,0.521876,5494.1,69.0,65.1,900.7,100.0,1.0
580369,3632,155,11.637909,0.437098,-0.176845,0.023935,0.000145,0.00236124,0.168147,-0.578194,1.0,1.0,0.397426,5417.1,51.7,59.6,437.0,100.0,1.0
580530,3633,161,12.73583,0.530565,-0.012781,0.010158,0.0,0.0025907,0.167485,-0.594532,1.0,1.0,0.372142,5354.8,45.0,94.7,295.2,100.0,1.0
580692,3634,162,14.249539,0.2,-0.075489,0.017193,7.9e-05,0.00239385,0.266383,-0.220618,1.0,1.0,0.532002,6779.4,66.5,110.9,325.2,100.0,1.0
580849,3635,157,11.513457,0.32134,-0.082123,0.019109,5.1e-05,0.00216125,0.189331,-0.397551,0.885287,1.0,0.550276,6105.3,70.1,99.7,763.6,100.0,1.0
581016,3636,167,6.152089,0.329468,-0.070367,0.01552,1.2e-05,0.00205695,-0.06102,-0.917311,0.322895,0.887382,0.414172,4125.0,54.6,52.8,512.4,100.0,1.0
581174,3637,158,7.340129,0.2,-0.151305,0.00399,0.035147,0.00169096,0.069881,-0.768805,0.752275,1.0,0.431324,4690.9,54.8,79.3,750.8,100.0,1.0
581338,3638,164,9.348548,0.2,-0.084214,0.010475,0.014496,0.00187634,0.121553,-0.667959,0.89333,1.0,0.41997,5075.1,53.3,78.5,590.5,100.0,1.0
581493,3639,155,8.622932,0.704637,-0.205883,0.020827,0.0,0.0019186,0.098573,-0.815302,0.942388,1.0,0.30155,4513.7,36.2,80.4,520.3,100.0,1.0
581661,3640,168,10.361374,0.53286,-0.015329,0.022178,0.0,0.00195553,0.147258,-0.592623,0.906494,1.0,0.429868,5362.1,54.3,82.5,761.9,100.0,1.0
581826,3641,165,8.742617,1.0,-0.158925,0.004769,0.0,0.00188608,0.090254,-0.766785,0.865124,1.0,0.389419,4698.5,47.4,95.9,507.2,100.0,1.0
581981,3642,155,8.746953,0.2,-0.084396,0.016623,0.425549,0.00197936,0.094843,-0.718726,0.76959,1.0,0.402809,4881.7,48.1,109.9,628.5,100.0,1.0
582140,3643,159,6.832427,0.2,-0.171652,0.008563,0.058586,0.00196264,0.001672,-1.0,0.552456,1.0,0.26787,3454.0,31.4,80.0,530.3,100.0,1.0
582305,3644,165,12.542796,1.0,0.052248,0.031043,0.0,0.00266317,0.136555,-0.569811,0.707504,1.0,0.42381,5449.0,51.3,107.7,301.6,100.0,1.0
582467,3645,162,8.324227,0.338167,-0.161501,0.0,0.0,0.0021682,0.031056,-1.0,0.883097,1.0,0.286268,3630.0,39.0,21.8,500.2,100.0,1.0
582628,3646,161,9.441616,0.2,-0.111301,0.0,0.090596,0.002247,0.071888,-0.88265,1.0,1.0,0.345925,4257.1,48.6,9.7,618.8,100.0,1.0
582787,3647,159,9.000153,0.2,-0.071778,0.012961,0.138487,0.00168509,0.145465,-0.43992,0.517936,1.0,0.511783,5943.9,62.0,130.2,587.1,100.0,1.0
582944,3648,157,8.152049,0.450849,-0.306963,0.0,0.0,0.0020452,0.053336,-1.0,0.958266,1.0,0.212451,2870.1,30.0,3.9,634.3,100.0,1.0
583102,3649,158,10.035838,0.822836,-0.059104,0.018667,0.0,0.00213479,0.123684,-0.650733,0.95077,1.0,0.468181,5140.7,60.3,77.0,705.4,100.0,1.0
583265,3650,163,10.384734,0.2,0.017257,0.028211,0.008199,0.00201898,0.147924,-0.490478,0.747353,1.0,0.525722,5751.3,68.8,73.8,655.1,100.0,1.0
583419,3651,154,7.254995,0.2,-0.259363,0.002683,0.242972,0.00189704,0.041116,-0.998427,1.0,1.0,0.297173,3816.0,37.5,57.3,825.8,100.0,1.0
583585,3652,166,7.009467,0.424105,-0.310964,0.0,6e-06,0.00203467,-0.015775,-1.0,0.577384,0.923849,0.234301,2479.4,32.2,14.6,677.9,100.0,1.0
583743,3653,158,12.764168,1.0,-0.125464,0.012146,0.0,0.00260759,0.174369,-0.548395,1.0,1.0,0.418466,5530.6,52.2,89.0,262.7,100.0,1.0
583903,3654,160,9.040268,0.500779,-0.23404,0.005178,0.0,0.00235645,0.038309,-1.0,1.0,1.0,0.308457,3773.2,39.5,53.8,346.3,100.0,1.0
584072,3655,169,10.136861,0.823502,-0.144996,0.0,0.0,0.00218963,0.095723,-0.7491,0.792605,1.0,0.356765,4765.9,43.9,82.8,441.6,100.0,1.0
584231,3656,159,8.430684,0.2,-0.231603,0.015213,0.019536,0.00193892,0.079101,-0.848191,0.988667,1.0,0.364496,4388.4,43.9,95.6,543.0,100.0,1.0
584388,3657,157,11.250172,0.2,0.017366,0.007754,0.053842,0.00219193,0.172825,-0.454271,0.841449,1.0,0.511627,5889.2,63.1,116.1,587.7,100.0,1.0
584545,3658,157,10.408376,0.730892,-0.35108,0.0,0.0,0.00272246,0.050892,-0.929378,1.0,1.0,0.369128,4079.1,50.0,32.0,271.8,100.0,1.0
584710,3659,165,8.089988,0.2,0.035012,0.033419,0.015715,0.00164941,0.099669,-0.43967,0.531981,0.904343,0.580823,5944.9,78.0,57.5,893.6,100.0,1.0
584871,3660,161,9.403185,0.2,-0.123613,0.018124,0.070522,0.0019676,0.115372,-0.744654,1.0,1.0,0.369996,4782.9,48.5,50.3,501.9,100.0,1.0
585039,3661,168,7.751958,0.392603,-0.203316,0.000785,0.0,0.00194796,0.029018,-1.0,0.712086,1.0,0.210953,2889.5,29.8,4.3,804.7,100.0,1.0
585196,3662,157,9.732771,0.2,-0.079345,0.012721,0.015843,0.00182282,0.161127,-0.531495,0.900263,1.0,0.464382,5595.0,58.3,93.7,657.0,100.0,1.0
585350,3663,154,10.203442,0.2,-0.121826,0.019226,0.075989,0.00205971,0.151747,-0.54052,0.871651,1.0,0.48118,5560.6,62.5,73.1,956.7,100.0,1.0
585512,3664,162,6.976586,0.691666,-0.085813,0.014968,0.0,0.00189445,0.013748,-0.864709,0.692679,0.951147,0.428865,4325.5,55.4,68.2,765.2,100.0,1.0
585673,3665,161,10.281916,0.532443,-0.125836,0.019223,0.0,0.00202889,0.145923,-0.521611,0.804417,1.0,0.509773,5632.7,64.3,99.0,645.7,100.0,1.0
585830,3666,157,10.134587,0.306765,-0.15929,0.014206,0.0,0.00214409,0.129204,-0.684209,1.0,1.0,0.406616,5013.2,53.0,59.0,468.3,100.0,1.0
585984,3667,154,9.482505,0.693375,-0.139895,0.018822,0.0,0.00189174,0.144548,-0.546158,0.873461,1.0,0.508216,5539.1,65.7,80.4,1116.2,100.0,1.0
586146,3668,162,10.263976,1.0,-0.009527,0.023629,0.0,0.00238811,0.084938,-0.838653,0.972886,1.0,0.344108,4424.7,42.7,74.8,498.2,100.0,1.0
586307,3669,161,9.464058,0.311776,-0.017136,0.0131,0.0,0.00215249,0.08853,-0.767958,0.855379,1.0,0.391113,4694.1,50.8,58.7,446.9,100.0,1.0
586467,3670,160,10.338646,1.0,-0.101107,0.006465,0.0,0.00216467,0.128962,-0.55704,0.941719,0.961316,0.533534,5497.7,70.1,71.7,555.7,100.0,1.0
586634,3671,167,12.538106,0.215612,-0.046951,0.005518,0.000117,0.00217123,0.213862,-0.342148,0.873779,1.0,0.518823,6316.4,66.6,87.4,516.1,100.0,1.0
586799,3672,165,4.758364,0.2,-0.428587,0.0,0.004231,0.00170708,-0.062882,-1.0,-0.289484,1.0,0.16967,1849.7,23.1,13.7,573.5,100.0,1.0
586960,3673,161,8.997541,0.2,-0.018431,0.02473,0.000523,0.00215151,0.067288,-0.784976,0.685881,1.0,0.382792,4629.2,47.9,79.3,528.8,100.0,1.0
587123,3674,163,9.666478,1.0,-0.094977,0.007159,0.0,0.00225772,0.076451,-0.661294,0.491659,1.0,0.456309,5100.5,54.4,126.1,330.4,100.0,1.0
587288,3675,165,8.914932,0.287665,-0.135482,0.008358,0.0,0.00175656,0.120084,-0.674252,0.818394,1.0,0.378835,5051.1,46.3,91.8,646.9,100.0,1.0
587448,3676,160,6.634529,1.0,-0.062414,0.008449,0.0,0.0020009,-0.015089,-0.932907,0.456813,0.981351,0.388626,4065.6,51.3,49.2,575.6,100.0,1.0
587606,3677,158,8.092338,0.2,-0.116174,0.0,0.628072,0.00168331,0.106116,-0.805411,1.0,1.0,0.309951,4551.4,41.1,37.4,646.3,100.0,1.0
587772,3678,166,8.341832,0.2,-0.01722,0.012353,7.4e-05,0.00176349,0.090792,-0.673698,0.80524,0.966492,0.461049,5053.2,64.2,18.9,775.8,100.0,1.0
587926,3679,154,9.557336,1.0,0.025297,0.009945,0.0,0.00222652,0.096521,-0.786335,0.961431,1.0,0.372023,4624.1,44.6,99.7,489.0,100.0,1.0
588089,3680,163,8.007391,0.317162,-0.131418,0.0,0.0,0.0017886,0.076608,-0.901778,1.0,1.0,0.288848,4184.2,39.2,24.4,634.3,100.0,1.0
588246,3681,157,10.794962,0.2,0.006582,0.001845,0.031257,0.00230398,0.134584,-0.622996,0.838696,1.0,0.406183,5246.4,50.0,93.9,413.1,100.0,1.0
588404,3682,158,10.619828,0.2,-0.097163,0.02341,0.0,0.00220447,0.139994,-0.656514,0.921056,1.0,0.361657,5118.7,43.9,90.1,350.7,100.0,1.0
588561,3683,157,11.359006,1.0,-0.101691,0.021066,0.0,0.00209747,0.193016,-0.461813,1.0,1.0,0.476748,5860.5,62.8,62.4,543.0,100.0,1.0
588722,3684,161,8.706892,0.2,0.060226,0.030658,0.08312,0.00196178,0.084524,-0.645758,0.577818,1.0,0.486211,5159.7,60.7,102.2,539.0,100.0,1.0
588885,3685,163,8.710107,0.392285,-0.143033,0.010853,2e-06,0.00186729,0.096145,-0.766908,0.898162,1.0,0.376265,4698.1,48.4,62.3,907.2,100.0,1.0
589051,3686,166,6.102987,0.330267,-0.234384,0.0,0.0,0.00176226,-0.011904,-1.0,0.34802,1.0,0.233532,2919.0,30.0,38.9,574.9,100.0,1.0
589209,3687,158,8.995617,0.2,-0.187317,0.023301,0.025553,0.00192213,0.10993,-0.681204,0.859434,1.0,0.437959,5024.6,53.8,102.8,842.9,100.0,1.0
589374,3688,165,11.179013,0.540554,-0.043631,0.040198,0.000678,0.0023156,0.131967,-0.61356,0.860532,1.0,0.446699,5282.3,56.9,81.2,744.4,100.0,1.0
589532,3689,158,8.514117,0.56868,-0.065324,0.017026,0.0,0.00185828,0.097922,-0.651473,0.728009,1.0,0.484314,5137.9,62.6,77.4,503.1,100.0,1.0
589697,3690,165,8.92074,0.873617,-0.183574,0.01813,0.0,0.00185974,0.103364,-0.754508,0.917435,1.0,0.371509,4745.3,47.8,61.9,476.7,100.0,1.0
589852,3691,155,6.582073,0.2,-0.039601,0.012569,0.036248,0.00175534,0.030596,-0.660496,0.467056,0.915053,0.526024,5103.5,66.6,99.4,810.2,100.0,1.0
590011,3692,159,12.249761,1.0,-0.175859,0.009818,0.0,0.00259416,0.150851,-0.608214,1.0,1.0,0.431371,5302.7,55.7,69.6,441.1,100.0,1.0
590172,3693,161,10.73571,0.455624,-0.133544,0.016488,0.0,0.00223881,0.133318,-0.689055,1.0,1.0,0.377562,4994.7,47.5,74.6,402.5,100.0,1.0
590329,3694,157,9.201859,0.793017,-0.074968,0.0,0.0,0.00194765,0.117458,-0.716533,1.0,1.0,0.408778,4890.0,56.5,21.6,645.6,100.0,1.0
590488,3695,159,9.158643,0.2,-0.206069,0.006658,0.021695,0.00218314,0.074136,-0.850187,0.902828,1.0,0.342909,4380.8,40.4,100.7,494.8,100.0,1.0
590647,3696,159,8.929254,0.271829,-0.171149,0.00458,3.1e-05,0.00198251,0.095511,-0.813595,0.978778,1.0,0.338043,4520.2,38.8,110.2,569.3,100.0,1.0
590807,3697,160,9.027924,0.2,-0.031484,0.01106,0.016339,0.00193199,0.106158,-0.679679,0.721901,1.0,0.390722,5030.4,46.2,112.2,550.1,100.0,1.0
590968,3698,161,11.771179,0.788663,-0.209088,0.017214,0.0,0.00232017,0.167933,-0.589022,0.958566,1.0,0.358831,5375.8,43.3,92.9,341.0,100.0,1.0
591126,3699,158,10.160416,0.25347,-0.055491,0.018459,0.023002,0.00193515,0.161648,-0.602547,1.0,1.0,0.387303,5324.3,50.7,54.3,541.5,100.0,1.0
591284,3700,158,9.848397,0.2,-0.21188,0.004462,0.000484,0.00234937,0.081859,-0.872669,1.0,1.0,0.313535,4295.1,37.4,85.8,508.3,100.0,1.0
591447,3701,163,7.568444,0.318472,-0.298922,0.0,0.0,0.00174119,0.06439,-1.0,1.0,1.0,0.178052,2914.7,23.6,20.9,509.1,100.0,1.0
591611,3702,164,8.449107,0.253614,-0.201563,0.0,0.0,0.0020233,0.056892,-1.0,1.0,1.0,0.215538,3427.9,29.9,10.7,511.4,100.0,1.0
591775,3703,164,9.504294,0.503486,0.005085,0.003903,0.0,0.00220076,0.076344,-0.771202,0.781454,1.0,0.409404,4681.7,50.2,96.2,581.5,100.0,1.0
591931,3704,156,7.810003,0.291909,-0.170741,0.017085,6e-06,0.00180793,0.077298,-0.779414,0.873636,1.0,0.436354,4650.4,57.7,54.1,857.9,100.0,1.0
592087,3705,156,5.567731,0.2,-0.181095,0.003878,0.0,0.00178255,-0.021914,-0.981763,0.47758,1.0,0.380273,3879.5,47.4,80.4,734.7,100.0,1.0
592247,3706,160,10.339514,0.702724,0.703895,0.0,3e-06,0.00265029,0.051663,-1.0,0.944086,0.998966,0.211919,2396.7,30.0,3.5,369.3,100.0,1.0
592405,3707,158,8.419919,0.2,-0.101872,0.032617,0.056472,0.00193708,0.081377,-0.805671,0.858426,1.0,0.362405,4550.4,44.0,90.4,592.2,100.0,1.0
592562,3708,157,8.571343,0.44533,-0.357723,0.003296,0.0,0.00231677,0.030668,-1.0,0.662305,1.0,0.177814,2283.7,24.4,12.1,475.6,100.0,1.0
592722,3709,160,9.608452,0.2,-0.130122,0.009897,0.0,0.00196106,0.128387,-0.642329,0.855959,1.0,0.411967,5172.7,51.5,85.8,585.2,100.0,1.0
592883,3710,161,9.241771,1.0,-0.015258,0.020693,0.0,0.00230394,0.054358,-0.798683,0.741362,0.989223,0.432336,4577.0,57.5,49.5,455.5,100.0,1.0
593043,3711,160,8.706937,0.2,-0.435137,0.0,0.0,0.0022886,0.03453,-1.0,0.747058,1.0,0.200877,2404.2,26.3,27.9,327.3,100.0,1.0
593202,3712,159,9.635057,0.2,-0.073152,0.013882,0.063285,0.00205569,0.11661,-0.724407,1.0,1.0,0.399239,4860.0,50.7,73.6,494.4,100.0,1.0
593363,3713,161,8.16317,0.2,-0.237714,0.0,0.02347,0.00194801,0.062106,-1.0,1.0,1.0,0.18947,3321.6,23.5,41.3,533.8,100.0,1.0
593517,3714,154,7.128323,0.2,0.007065,0.013126,0.016616,0.00207476,0.008593,-0.73317,0.543986,0.882288,0.489985,4826.6,64.1,68.7,548.5,100.0,1.0
593675,3715,158,9.036363,0.764578,-0.338814,0.009796,0.0,0.00223014,0.063576,-1.0,1.0,1.0,0.182119,2860.4,23.4,30.7,320.3,100.0,1.0
593834,3716,159,9.961701,0.729296,-0.113384,0.015091,0.0,0.00181275,0.170313,-0.413718,0.723977,1.0,0.536418,6043.7,67.2,109.7,510.2,100.0,1.0
593991,3717,157,8.347534,0.2,-0.127633,0.022378,0.042311,0.00177171,0.106075,-0.735536,0.876298,1.0,0.370589,4817.6,45.2,90.4,655.2,100.0,1.0
594150,3718,159,11.437337,0.2,0.0276,0.024309,0.07999,0.00177456,0.244295,-0.14654,0.699323,1.0,0.621744,7061.7,78.2,124.3,630.9,100.0,1.0
594308,3719,158,8.646059,0.397793,-0.000365,0.027095,0.0,0.00178785,0.115485,-0.407861,0.790893,0.86176,0.612342,6066.1,81.5,70.3,675.0,100.0,1.0
594469,3720,161,12.007832,0.2,-0.124559,0.006596,0.096021,0.00261324,0.131994,-0.709895,1.0,1.0,0.347711,4915.3,44.8,56.4,342.3,100.0,1.0
594631,3721,162,10.562043,0.2,0.029476,0.010033,0.067175,0.00212865,0.141404,-0.554559,0.75825,1.0,0.451626,5507.1,56.5,93.8,688.6,100.0,1.0
594790,3722,159,10.295766,0.2,-0.053094,0.014836,0.0,0.00223325,0.118917,-0.714887,0.982383,1.0,0.395554,4896.3,50.7,67.2,520.6,100.0,1.0
594954,3723,164,11.91378,0.2,-0.070702,0.027105,0.004944,0.0021891,0.189489,-0.380578,0.856415,1.0,0.564749,6170.0,74.6,70.5,645.5,100.0,1.0
595112,3724,158,9.9053,0.2,-0.036196,0.008631,0.134496,0.00196009,0.146352,-0.538793,0.838746,1.0,0.494726,5567.2,62.7,92.5,642.8,100.0,1.0
595271,3725,159,6.194797,0.336325,-0.359586,0.0,0.0,0.00176038,0.005314,-1.0,0.351847,1.0,0.149355,2279.2,19.4,22.7,402.5,100.0,1.0
595432,3726,161,9.112956,0.787191,-0.23572,0.0,0.0,0.00228042,0.052408,-1.0,1.0,1.0,0.237961,3717.1,32.9,12.6,414.5,100.0,1.0
595591,3727,159,14.919694,1.0,-0.039754,0.013417,0.0,0.0027734,0.246043,-0.295992,1.0,1.0,0.501799,6492.3,62.6,106.4,274.9,100.0,1.0
595752,3728,161,7.194734,1.0,-0.254205,0.0,0.0,0.00238686,-0.052941,-0.717684,0.296444,0.789615,0.538806,4885.6,68.2,101.8,308.9,100.0,1.0
595914,3729,162,6.778567,0.481846,-0.048302,0.002522,0.0,0.00144578,0.077973,-0.839522,0.914193,1.0,0.348068,4421.4,47.4,27.5,1021.8,100.0,1.0
596074,3730,160,7.8769,0.473536,-0.1779,0.0,0.0,0.00217069,0.015449,-1.0,0.712614,1.0,0.279063,3372.8,36.6,38.6,383.4,100.0,1.0
596229,3731,155,8.551236,0.2,-0.182332,0.0,0.0,0.00225706,0.043991,-1.0,1.0,1.0,0.280044,3400.5,39.6,4.4,681.3,100.0,1.0
596386,3732,157,11.567437,0.899288,-0.064688,0.014102,0.0,0.00212515,0.199151,-0.348449,0.762152,1.0,0.525538,6292.4,63.7,132.4,551.9,100.0,1.0
596542,3733,156,8.750989,0.2,-0.127219,0.016804,0.09487,0.00199364,0.092073,-0.698648,0.73871,1.0,0.436353,4958.1,52.9,110.4,750.2,100.0,1.0
596706,3734,164,9.340904,1.0,-0.032186,0.002226,0.0,0.00213002,0.080922,-0.663359,0.807777,0.941231,0.485552,5092.6,65.6,44.1,488.4,100.0,1.0
596870,3735,164,9.283477,0.313964,-0.053027,0.008896,0.008989,0.00174904,0.140751,-0.665735,0.942881,1.0,0.35265,5083.6,42.3,94.3,615.7,100.0,1.0
597031,3736,161,9.648517,0.995278,-0.129937,0.020478,0.0,0.00188612,0.140733,-0.663935,1.0,1.0,0.384448,5090.4,48.8,72.0,527.5,100.0,1.0
597186,3737,155,10.189063,0.375617,-0.086427,0.008126,9.9e-05,0.00231017,0.111225,-0.758634,0.976806,1.0,0.354668,4729.6,46.5,48.5,413.5,100.0,1.0
597343,3738,157,6.412675,1.0,0.008525,0.001682,0.0,0.00204379,-0.025498,-0.73696,0.288919,0.873059,0.510123,4812.2,64.2,100.9,452.2,100.0,1.0
597501,3739,158,6.713433,0.2,-0.219293,0.014713,0.004139,0.00172679,0.036384,-0.992483,0.889589,1.0,0.276029,3838.6,33.2,72.4,893.0,100.0,1.0
597656,3740,155,9.104251,0.2,-0.166189,0.002022,0.011794,0.00233439,0.057496,-1.0,1.0,1.0,0.212521,2715.7,29.3,12.5,568.9,100.0,1.0
597816,3741,160,8.401626,1.0,-0.1349,0.0,0.0,0.00233673,0.013121,-0.981729,0.674146,1.0,0.303442,3879.6,36.4,80.5,501.2,100.0,1.0
597984,3742,168,11.815622,0.519266,-0.029746,0.025704,0.0,0.00169112,0.260158,-0.126326,0.767116,1.0,0.611696,7138.7,78.3,105.9,526.3,100.0,1.0
598140,3743,156,8.92744,0.253492,0.019493,0.0,0.004498,0.00190391,0.114214,-0.563693,0.648363,1.0,0.516648,5472.3,66.3,87.7,764.4,100.0,1.0
598301,3744,161,10.273232,0.809447,-0.067858,0.016017,0.0,0.00200087,0.151076,-0.483234,0.695701,1.0,0.496812,5778.9,61.7,108.1,617.1,100.0,1.0
598459,3745,158,10.546837,0.2,-0.059071,0.01597,0.030492,0.00187517,0.189544,-0.446431,0.982963,1.0,0.512507,5919.1,68.5,55.2,1077.2,100.0,1.0
598614,3746,155,9.891876,0.2,-0.062804,0.013725,0.013715,0.00153303,0.218024,-0.295581,0.8626,1.0,0.573913,6493.8,74.5,87.7,613.4,100.0,1.0
598774,3747,160,6.955163,0.227483,-0.254445,0.0,0.037346,0.00170904,0.046918,-1.0,1.0,1.0,0.265409,3776.5,36.5,16.6,718.3,100.0,1.0
598928,3748,154,8.282755,0.625785,-0.119978,0.023973,0.0,0.00174235,0.113182,-0.71471,0.932458,1.0,0.399575,4897.0,50.1,81.3,547.2,100.0,1.0
599085,3749,157,9.625156,1.0,-0.265748,0.015041,0.0,0.00257042,0.039777,-1.0,1.0,1.0,0.301115,3678.2,36.0,82.0,219.2,100.0,1.0
599238,3750,153,9.707842,0.42686,-0.152731,0.003681,1.6e-05,0.0021231,0.122351,-0.692142,0.955837,1.0,0.404912,4982.9,49.6,96.0,429.5,100.0,1.0
599397,3751,159,11.143539,0.2,0.030199,0.012245,0.078802,0.00247192,0.120316,-0.589366,0.727962,1.0,0.481012,5374.5,60.9,91.4,455.9,100.0,1.0
599560,3752,163,11.314257,1.0,-0.202009,0.006981,0.0,0.00258569,0.099808,-0.77421,1.0,1.0,0.39609,4670.3,52.5,47.7,333.5,100.0,1.0
599718,3753,158,11.202526,0.892041,-0.087135,0.00467,0.0,0.00197025,0.204901,-0.37415,0.831641,1.0,0.486554,6194.5,61.0,99.1,616.7,100.0,1.0
599880,3754,162,9.856278,0.595068,-0.229378,0.0,0.0,0.00247523,0.053193,-1.0,1.0,1.0,0.234036,3505.4,32.8,7.1,338.0,100.0,1.0
600042,3755,162,6.861377,0.844496,0.660848,0.0,0.0,0.0023288,-0.061057,-1.0,-0.171418,0.932387,0.101254,1087.1,14.1,4.7,354.7,100.0,1.0
600206,3756,164,9.414177,0.211843,-0.002108,0.012435,2.5e-05,0.00183145,0.1335,-0.502187,0.58641,1.0,0.496875,5706.7,62.6,98.1,521.4,100.0,1.0
600366,3757,160,7.472102,0.732778,-0.18188,0.016117,0.0,0.00184996,0.048355,-0.794525,0.618517,1.0,0.427067,4592.9,52.6,97.8,407.7,100.0,1.0
600524,3758,158,10.134388,0.686741,-0.075557,0.015018,0.0,0.00191658,0.16421,-0.457799,0.724718,1.0,0.49016,5875.8,59.5,122.8,376.3,100.0,1.0
600683,3759,159,9.73483,0.2,-0.441305,0.004366,0.01451,0.00248283,0.053854,-1.0,1.0,1.0,0.23073,3296.3,28.6,51.2,307.5,100.0,1.0
600847,3760,164,7.722531,0.35238,-0.131076,0.01262,5e-05,0.00172177,0.07355,-0.851537,0.914253,1.0,0.349184,4375.6,42.1,90.6,610.0,100.0,1.0
601008,3761,161,7.483631,1.0,-0.166898,0.012563,0.0,0.00215624,-0.00225,-0.999617,0.667599,1.0,0.34572,3811.5,45.1,50.4,531.1,100.0,1.0
601163,3762,155,7.362031,0.606148,-0.225068,0.0,0.0,0.00184008,0.05409,-0.983332,1.0,1.0,0.258721,3873.5,35.3,19.8,635.2,100.0,1.0
601317,3763,154,8.327253,0.530912,-0.130097,0.024829,0.0,0.00179546,0.107277,-0.740288,1.0,1.0,0.418109,4799.5,55.9,44.8,688.7,100.0,1.0
601480,3764,163,9.717431,0.2,0.060898,0.030245,0.021831,0.00161899,0.183939,-0.347334,0.658516,1.0,0.55173,6296.7,71.4,86.0,699.2,100.0,1.0
601643,3765,163,8.460509,0.500475,-0.276323,0.017225,0.0,0.00165615,0.119946,-0.7479,1.0,1.0,0.341444,4770.5,42.2,76.2,703.6,100.0,1.0
601806,3766,163,8.837544,0.2,-0.151002,0.03726,0.034078,0.00180325,0.113339,-0.748184,0.991941,1.0,0.369956,4769.4,44.7,94.9,829.3,100.0,1.0
601965,3767,159,8.264964,0.441827,-0.135191,0.0,0.0,0.00168777,0.112519,-0.718462,0.912823,1.0,0.386509,4882.7,50.1,59.4,602.6,100.0,1.0
602124,3768,159,10.105496,0.233867,-0.085598,0.025984,5.1e-05,0.00201737,0.144921,-0.56185,0.825548,1.0,0.454934,5479.4,57.7,85.3,514.3,100.0,1.0
602285,3769,161,7.454877,0.2,-0.290246,0.004969,0.154135,0.00204593,0.014147,-1.0,0.69923,1.0,0.278879,3213.3,35.8,47.5,487.3,100.0,1.0
602447,3770,162,10.16621,0.951524,-0.278546,0.016053,0.0,0.00245793,0.07033,-0.879852,0.951188,1.0,0.334206,4267.8,40.4,85.4,265.9,100.0,1.0
602607,3771,160,10.007663,0.345093,-0.012825,0.016049,0.011808,0.0020511,0.133079,-0.655064,0.955167,1.0,0.415825,5124.2,53.1,73.3,464.3,100.0,1.0
602771,3772,164,5.966145,1.0,-0.355072,0.01732,0.0,0.00263195,-0.156671,-0.982513,0.542385,0.639374,0.454057,3876.6,59.1,67.1,413.1,100.0,1.0
602932,3773,161,9.883308,0.2,0.04223,0.022755,0.012867,0.00191443,0.147362,-0.399683,0.518882,1.0,0.573187,6097.2,72.8,105.5,554.1,100.0,1.0
603093,3774,161,11.100907,0.293232,-0.137144,0.02504,9e-05,0.0022432,0.150565,-0.600231,1.0,1.0,0.446768,5333.1,57.8,70.8,493.7,100.0,1.0
603253,3775,160,10.629654,0.2,-0.049197,0.002352,0.007142,0.00196248,0.176034,-0.422189,0.765726,1.0,0.513865,6011.5,64.2,107.3,827.6,100.0,1.0
603416,3776,163,9.927168,0.302796,-0.075851,0.005358,0.0,0.00173115,0.175474,-0.450533,0.795833,1.0,0.482116,5903.5,60.4,98.6,445.3,100.0,1.0
603577,3777,161,11.876558,0.2,-0.014564,0.008031,0.105491,0.00232327,0.17349,-0.451762,0.761572,1.0,0.472753,5898.8,58.2,109.5,487.9,100.0,1.0
603735,3778,158,11.172744,0.99446,-0.008983,0.001114,0.0,0.00215716,0.174308,-0.493688,0.928388,1.0,0.4787,5739.0,62.7,65.9,711.4,100.0,1.0
603899,3779,164,12.959252,1.0,-0.076174,0.013135,0.0,0.0022981,0.220648,-0.283367,0.822281,1.0,0.562009,6540.4,71.6,101.5,372.2,100.0,1.0
604054,3780,155,11.357839,1.0,-0.166041,0.005643,0.0,0.00261881,0.117826,-0.671395,0.836446,1.0,0.404154,5062.0,48.2,111.5,327.4,100.0,1.0
604216,3781,162,8.452316,0.2,0.038542,0.00936,0.055026,0.00166583,0.11993,-0.570017,0.707759,1.0,0.506701,5448.2,65.2,83.9,697.3,100.0,1.0
604376,3782,160,10.08917,0.59522,-0.091568,0.0,0.0,0.00192379,0.157457,-0.580046,0.962649,1.0,0.428958,5410.0,57.5,44.3,844.3,100.0,1.0
604532,3783,156,9.551468,0.2,0.085741,0.017847,0.020967,0.00169085,0.176687,-0.436522,0.90194,1.0,0.553621,5956.8,74.4,54.4,784.7,100.0,1.0
604687,3784,155,7.471564,0.2,-0.164206,0.009289,0.031524,0.0018768,0.053639,-1.0,1.0,1.0,0.231805,3328.9,27.6,64.2,767.6,100.0,1.0
604846,3785,159,8.408745,0.368282,-0.236319,0.0,2.1e-05,0.00221999,0.034783,-1.0,0.883548,1.0,0.267858,3148.6,34.5,44.2,593.6,100.0,1.0
605005,3786,159,9.794721,0.2,-0.007863,0.00795,0.008935,0.0019531,0.141154,-0.631859,0.996214,1.0,0.436583,5212.6,54.8,87.9,491.3,100.0,1.0
605171,3787,166,9.76796,0.928573,0.084248,0.000744,0.0,0.00196137,0.124879,-0.56093,0.681738,1.0,0.484848,5482.9,61.9,86.3,600.5,100.0,1.0
605334,3788,163,7.903924,0.290454,-0.169825,0.001665,5.2e-05,0.00183433,0.065507,-1.0,1.0,1.0,0.172464,2657.7,24.3,4.1,583.3,100.0,1.0
605498,3789,164,10.901549,0.2,0.051849,0.028815,0.084427,0.00192279,0.187404,-0.306074,0.619934,1.0,0.587317,6453.9,74.6,109.0,715.9,100.0,1.0
605663,3790,165,7.805648,0.505326,-0.211551,0.00446,0.0,0.00177946,0.066359,-0.901854,1.0,1.0,0.33996,4183.9,42.2,74.8,527.3,100.0,1.0
605821,3791,158,8.034702,1.0,-0.211603,0.024531,0.0,0.00266777,-0.05099,-1.0,0.724133,0.863125,0.377485,3659.0,49.1,56.3,239.9,100.0,1.0
605981,3792,160,7.96163,0.309745,-0.181959,0.003789,6.2e-05,0.00196594,0.052655,-0.923772,1.0,1.0,0.370122,4100.4,50.8,23.8,774.9,100.0,1.0
606141,3793,160,9.496779,0.271568,-0.031275,0.026487,2e-06,0.00175435,0.157315,-0.515176,0.804231,1.0,0.463984,5657.2,57.2,106.0,716.8,100.0,1.0
606299,3794,158,8.185576,0.586443,-0.080009,0.00047,0.0,0.00196451,0.067135,-0.802015,0.742412,1.0,0.382003,4564.3,50.2,51.0,418.4,100.0,1.0
606459,3795,160,10.080876,0.2,-0.03811,0.019613,0.087472,0.00190648,0.1599,-0.379633,0.618838,1.0,0.595561,6173.6,77.0,94.4,590.8,100.0,1.0
606630,3796,171,7.562539,0.395153,-0.201868,0.0,1e-06,0.00178626,0.043342,-1.0,0.926242,1.0,0.246411,2986.3,34.6,6.7,837.3,100.0,1.0
606784,3797,154,8.334978,0.683813,-0.06246,0.011744,0.0,0.00185328,0.099006,-0.745415,0.923685,1.0,0.412335,4780.0,55.8,36.2,605.3,100.0,1.0
606945,3798,161,10.193073,1.0,-0.023113,0.024215,0.0,0.0022061,0.114924,-0.622464,0.673497,1.0,0.422815,5248.4,52.0,98.0,508.0,100.0,1.0
607103,3799,158,12.975545,1.0,-0.038172,0.02544,0.0,0.00260551,0.186818,-0.463414,0.942547,1.0,0.476209,5854.4,58.0,116.8,363.5,100.0,1.0
607262,3800,159,8.131221,0.533439,-0.287052,0.001096,0.0,0.00201008,0.05549,-0.995578,1.0,1.0,0.230291,3826.8,28.2,55.1,550.7,100.0,1.0
607429,3801,167,8.310609,0.2,-0.181624,0.001519,0.083502,0.00204714,0.041499,-1.0,1.0,1.0,0.292504,3766.0,35.9,68.3,790.4,100.0,1.0
607590,3802,161,6.957477,1.0,-0.35666,0.022492,0.0,0.00259496,-0.096833,-0.898891,0.828597,0.654137,0.470142,4195.2,63.4,43.8,684.9,100.0,1.0
607749,3803,159,9.343669,0.302122,-0.117985,0.01731,5.3e-05,0.00220517,0.080494,-0.754462,0.812919,1.0,0.433678,4745.5,57.1,56.6,427.5,100.0,1.0
607911,3804,162,9.004597,0.273741,-0.14689,0.001957,5.3e-05,0.00204059,0.084917,-0.836668,1.0,1.0,0.361244,4432.3,50.7,10.8,656.2,100.0,1.0
608070,3805,159,7.914035,0.2,-0.429149,0.0,0.0,0.00202171,0.043728,-1.0,0.70233,1.0,0.132526,1848.1,16.6,27.4,313.5,100.0,1.0
608229,3806,159,8.309953,0.493226,-0.191891,0.020749,5e-06,0.00182646,0.093037,-0.75967,0.869969,1.0,0.390379,4725.7,46.9,102.9,477.8,100.0,1.0
608394,3807,165,11.288723,0.547625,-0.043538,0.007969,1.8e-05,0.0016905,0.241938,-0.181686,0.760466,1.0,0.602591,6927.8,78.1,93.2,469.6,100.0,1.0
608526,3808,132,-3.196003,0.2,0.6,0.001496,0.052074,0.00239207,-0.812864,-1.0,-1.0,-1.0,0.064319,0.0,9.1,1.4,237.0,100.0,1.0
608691,3809,165,7.851603,0.347237,-0.185259,0.0,5e-06,0.00196387,0.038317,-1.0,1.0,1.0,0.308413,3652.5,42.9,13.4,904.0,100.0,1.0
608852,3810,161,7.347158,0.591221,-0.244155,0.0,0.0,0.00213713,-0.004992,-0.997072,0.663475,1.0,0.361823,3821.2,45.9,68.1,563.6,100.0,1.0
609012,3811,160,10.172699,0.849502,-0.127488,0.012869,0.0,0.00197335,0.153763,-0.626136,0.999012,1.0,0.384955,5234.4,48.2,79.8,363.4,100.0,1.0
609164,3812,152,8.742505,0.2,-0.151755,0.0,0.008114,0.00235369,0.045737,-0.992691,0.991595,1.0,0.279902,3837.8,38.2,21.2,381.0,100.0,1.0
609325,3813,161,11.865068,1.0,-0.068482,0.025574,0.0,0.00262704,0.12472,-0.67847,0.996166,1.0,0.437158,5035.0,56.9,64.2,367.7,100.0,1.0
609489,3814,164,8.654912,0.571101,-0.216441,0.0,0.0,0.00202626,0.067239,-0.919669,1.0,1.0,0.304385,4116.1,41.4,23.9,507.4,100.0,1.0
609650,3815,161,8.45812,0.2,-0.042404,0.009518,0.01144,0.00201254,0.066449,-0.813407,0.775626,1.0,0.382108,4520.9,49.2,62.9,645.4,100.0,1.0
609805,3816,155,7.809104,0.428404,0.015744,0.012226,5e-06,0.00152957,0.123423,-0.33854,0.646776,0.878071,0.65045,6330.2,84.3,101.0,766.6,100.0,1.0
609964,3817,159,8.192433,1.0,-0.01831,0.0,0.0,0.0021992,0.028523,-1.0,0.9325,1.0,0.323633,3792.8,40.7,64.5,399.3,100.0,1.0
610125,3818,161,8.838834,0.558867,-0.230944,0.011235,0.0,0.00207924,0.073294,-0.878571,1.0,1.0,0.346031,4272.6,44.1,61.9,673.5,100.0,1.0
610290,3819,165,10.500685,0.2,-0.021604,0.003015,0.074634,0.00166406,0.2102,-0.2562,0.768629,1.0,0.634965,6643.9,82.4,96.4,601.9,100.0,1.0
610447,3820,157,9.636075,0.73843,-0.022684,0.006186,0.0,0.00153567,0.203736,-0.312788,0.767331,1.0,0.567604,6428.3,73.5,89.1,688.7,100.0,1.0
610606,3821,159,12.405425,0.2,-0.090073,0.012976,0.033734,0.00217214,0.227314,-0.310273,0.871253,1.0,0.506081,6437.9,63.1,107.2,456.4,100.0,1.0
610763,3822,157,10.002281,0.2,-0.057943,0.010686,0.034266,0.00211988,0.128945,-0.550336,0.63275,1.0,0.458561,5523.2,55.3,118.6,477.4,100.0,1.0
610925,3823,162,10.861448,0.762988,-0.019085,0.011984,0.0,0.00196195,0.183599,-0.403337,0.836376,1.0,0.544353,6083.3,71.4,74.3,611.1,100.0,1.0
611073,3824,148,7.548002,0.640357,-0.255132,0.004221,0.0,0.00205641,0.04412,-0.967328,1.0,1.0,0.336573,3934.5,41.6,75.4,548.0,100.0,1.0
611235,3825,162,7.251572,0.2,-0.010305,0.008758,0.025968,0.00182489,0.039156,-0.595124,0.536168,0.86424,0.543256,5352.6,71.8,68.0,594.6,100.0,1.0
611400,3826,165,10.893286,1.0,-0.024734,0.008178,0.0,0.00250278,0.089964,-0.574814,0.432463,1.0,0.510484,5430.0,65.2,90.6,323.2,100.0,1.0
611565,3827,165,9.098942,0.709345,-0.041192,0.008162,0.0,0.00213879,0.067216,-0.592438,0.670377,0.89481,0.528258,5362.8,70.8,54.9,485.7,100.0,1.0
611728,3828,163,10.003133,0.777513,-0.027631,0.012895,0.0,0.00156313,0.207069,-0.277096,0.796047,1.0,0.627758,6564.3,80.5,106.9,675.2,100.0,1.0
611892,3829,164,10.965153,0.289248,-0.11735,0.004695,6e-05,0.00206482,0.167641,-0.526853,0.954222,1.0,0.466914,5612.7,58.2,99.2,495.0,100.0,1.0
612053,3830,161,7.523594,0.620485,-0.102605,0.003791,2.5e-05,0.00216405,-0.001031,-0.852992,0.774648,0.873935,0.42913,4370.1,58.3,35.0,860.2,100.0,1.0
612211,3831,158,8.940089,1.0,0.064598,0.006932,0.0,0.0022415,0.058643,-0.899668,1.0,1.0,0.382367,4192.3,50.7,46.3,504.2,100.0,1.0
612369,3832,158,7.807273,0.2,-0.108678,0.012172,0.000125,0.00156289,0.113564,-0.648687,0.77039,1.0,0.432171,5148.5,52.5,108.2,575.5,100.0,1.0
612527,3833,158,11.908183,1.0,-0.037304,0.0,0.0,0.00234237,0.179763,-0.429446,0.858692,1.0,0.528998,5983.8,65.0,123.3,619.4,100.0,1.0
612692,3834,165,8.975512,0.866912,-0.065048,0.013145,0.0,0.00231134,0.033098,-0.922103,0.797649,1.0,0.369656,4106.8,47.3,64.0,493.2,100.0,1.0
612855,3835,163,7.938908,0.64055,-0.181526,0.0,0.0,0.0022843,-0.005716,-1.0,0.658508,0.959248,0.286515,3044.1,38.8,24.4,555.7,100.0,1.0
613018,3836,163,8.886714,1.0,0.085286,0.006371,0.0,0.00193454,0.095088,-0.653309,0.663826,1.0,0.463181,5130.9,58.2,93.5,462.7,100.0,1.0
613178,3837,160,6.48911,0.539221,-0.116656,0.020277,1.4e-05,0.00201487,-0.022696,-0.625931,0.359648,0.791134,0.582409,5235.2,73.1,118.2,392.6,100.0,1.0
613350,3838,172,10.490319,0.426768,-0.090488,0.016831,0.0,0.00163926,0.202509,-0.321888,0.786346,1.0,0.567324,6393.6,71.5,111.6,683.0,100.0,1.0
613510,3839,160,7.702203,0.375621,-0.401362,0.0,0.0,0.00187472,0.055743,-1.0,1.0,1.0,0.221285,2784.3,31.5,1.0,814.0,100.0,1.0
613667,3840,157,9.314644,0.690564,-0.152123,0.006624,0.0,0.0019676,0.121253,-0.680579,0.923671,1.0,0.414557,5027.0,51.1,94.6,656.0,100.0,1.0
613826,3841,159,9.917797,0.2,-0.032241,0.012237,0.058681,0.00190913,0.154464,-0.504305,0.750417,1.0,0.470354,5698.6,60.7,76.0,528.3,100.0,1.0
613991,3842,165,8.616058,0.442846,-0.073691,0.00722,0.0,0.00183013,0.095924,-0.809257,1.0,1.0,0.35418,4536.7,48.8,21.4,716.7,100.0,1.0
614155,3843,164,10.837644,0.2,0.039841,0.02596,0.027449,0.00186075,0.195321,-0.37519,0.902174,1.0,0.567898,6190.5,72.9,95.5,631.0,100.0,1.0
614316,3844,161,8.493686,0.2,-0.098614,0.015043,0.000284,0.00208336,0.056821,-0.898606,0.954873,1.0,0.37077,4196.3,47.2,66.8,595.5,100.0,1.0
614475,3845,159,9.519192,0.795247,-0.312634,0.01928,0.0,0.00229042,0.07545,-0.801945,0.853302,1.0,0.395998,4564.6,47.6,104.6,338.7,100.0,1.0
614637,3846,162,8.689679,0.235185,-0.103178,0.010408,0.000907,0.00196454,0.083077,-0.708754,0.636498,1.0,0.412542,4919.6,49.1,114.7,420.4,100.0,1.0
614802,3847,165,11.634429,0.239489,-0.014622,0.013009,3e-06,0.00223676,0.168278,-0.424534,0.656096,1.0,0.493722,6002.5,59.4,129.6,545.5,100.0,1.0
614962,3848,160,9.407886,0.225856,0.02284,0.0,0.020545,0.00189703,0.131009,-0.632178,0.948869,1.0,0.46308,5211.4,58.8,85.7,747.5,100.0,1.0
615120,3849,158,8.114328,0.2,-0.308306,0.0,0.0,0.0020691,0.047868,-1.0,1.0,1.0,0.260659,3308.4,36.8,5.2,394.1,100.0,1.0
615280,3850,160,9.75447,0.2,-0.035942,0.023597,6.5e-05,0.00213811,0.108449,-0.742756,1.0,1.0,0.407934,4790.1,54.2,47.2,604.1,100.0,1.0
615433,3851,153,11.170873,0.2,0.071848,0.00835,0.031487,0.00215591,0.186145,-0.376153,0.736508,1.0,0.529259,6186.9,66.5,105.8,362.8,100.0,1.0
615593,3852,160,11.708457,1.0,-0.053598,0.015948,0.0,0.00241597,0.154314,-0.486707,0.692997,1.0,0.473193,5765.6,57.0,123.5,361.5,100.0,1.0
615752,3853,159,8.583979,0.468298,-0.075389,0.00939,0.0,0.00235833,0.021583,-1.0,0.840951,1.0,0.31256,3673.1,43.2,17.2,549.3,100.0,1.0
615908,3854,156,11.293294,1.0,-0.091485,0.011971,0.0,0.00232348,0.1593,-0.567262,1.0,1.0,0.460793,5458.7,60.6,60.4,678.7,100.0,1.0
616065,3855,157,10.51453,0.768965,-0.086394,0.028657,0.0,0.00233614,0.119036,-0.518564,0.811978,0.944141,0.555567,5644.3,72.6,79.2,371.0,100.0,1.0
616229,3856,164,10.4576,0.61535,-0.037175,0.006735,0.0,0.00203961,0.148705,-0.537553,0.783149,1.0,0.457333,5571.9,54.7,124.5,421.1,100.0,1.0
616386,3857,157,11.26181,1.0,0.039973,0.016621,0.0,0.00209389,0.191624,-0.359325,0.805706,1.0,0.565913,6251.0,70.2,123.9,415.3,100.0,1.0
616545,3858,159,7.998465,0.342211,0.000367,0.000961,0.005413,0.00180478,0.082619,-0.708863,0.765256,1.0,0.479021,4919.2,60.4,93.1,729.0,100.0,1.0
616704,3859,159,6.494057,0.591435,-0.360067,0.0,0.0,0.00221628,-0.052326,-1.0,0.756556,0.789951,0.272323,2482.4,34.7,49.4,444.1,100.0,1.0
616862,3860,158,11.664338,0.266755,0.035774,0.027248,0.0,0.00205801,0.213822,-0.202091,0.76214,0.975785,0.665926,6850.0,86.7,98.7,585.5,100.0,1.0
617022,3861,160,8.295923,0.2,0.008702,0.018635,0.076973,0.00197508,0.067337,-0.626596,0.706478,0.907096,0.507431,5232.7,68.6,45.4,734.5,100.0,1.0
617188,3862,166,10.14289,0.684259,-0.013521,0.011976,0.0,0.00181628,0.167191,-0.411476,0.697528,1.0,0.542726,6052.3,71.2,73.4,635.4,100.0,1.0
617351,3863,163,11.260283,0.983299,-0.062677,0.006782,0.0,0.00211646,0.17533,-0.49801,0.960327,1.0,0.481997,5722.6,61.7,83.3,531.0,100.0,1.0
617513,3864,162,7.483493,0.2,-0.165376,0.014188,0.01997,0.00174812,0.062599,-0.934495,1.0,1.0,0.301638,4059.6,37.1,70.2,514.4,100.0,1.0
617676,3865,163,11.061101,0.2,0.04851,0.020207,0.025823,0.00183307,0.212303,-0.322529,0.853014,1.0,0.550565,6391.2,72.6,70.7,657.4,100.0,1.0
617833,3866,157,7.15993,0.677386,-0.098842,0.0,0.0,0.00178332,0.050848,-0.986556,1.0,1.0,0.269288,3861.2,36.2,26.0,497.8,100.0,1.0
617996,3867,163,8.025245,0.2,-0.03227,0.007098,0.017951,0.00168898,0.095489,-0.703004,0.798655,1.0,0.441626,4941.6,59.1,46.2,788.6,100.0,1.0
618157,3868,161,8.115381,0.64602,-0.031455,0.016361,0.0,0.00209151,0.03821,-0.46016,0.192935,0.862501,0.609513,5866.8,78.7,97.1,384.4,100.0,1.0
618316,3869,159,11.403319,0.2,0.023533,0.018884,0.013178,0.00210914,0.191507,-0.404312,0.897913,1.0,0.533874,6079.6,67.6,100.7,672.8,100.0,1.0
618482,3870,166,11.351767,0.2,-0.089386,0.011696,0.0,0.00214553,0.168341,-0.506622,0.898117,1.0,0.470765,5689.8,61.4,68.0,508.8,100.0,1.0
618646,3871,164,10.213465,0.2,-0.035186,0.016903,0.0,0.00225207,0.102572,-0.582424,0.543529,1.0,0.489664,5401.0,60.7,108.2,449.7,100.0,1.0
618805,3872,159,7.480623,0.2,-0.112495,0.013522,0.012838,0.00170775,0.074111,-0.856478,1.0,1.0,0.380608,4356.8,49.1,61.4,733.3,100.0,1.0
618967,3873,162,11.275794,0.2,-0.073821,0.015571,0.0,0.00198182,0.199931,-0.320225,0.694923,1.0,0.537415,6399.9,67.3,110.2,533.6,100.0,1.0
619129,3874,162,12.37084,0.2,0.059539,0.006121,0.004814,0.00225434,0.206421,-0.37387,0.872476,1.0,0.499859,6195.6,62.4,105.3,494.2,100.0,1.0
619287,3875,158,11.445047,0.2,-0.042877,0.020921,0.075883,0.00238029,0.152818,-0.498282,0.785368,1.0,0.506602,5721.5,63.9,98.8,419.1,100.0,1.0
619445,3876,158,9.000237,0.2,-0.042645,0.0329,0.085626,0.00184088,0.125089,-0.626904,0.870808,1.0,0.462879,5231.5,57.9,95.4,797.3,100.0,1.0
619603,3877,158,7.137907,0.274129,-0.479989,0.0,0.000741,0.00192495,0.02574,-1.0,0.547046,1.0,0.144822,2072.1,19.9,9.2,459.8,100.0,1.0
619765,3878,162,9.346882,0.27111,-0.062161,0.015252,0.006103,0.00202027,0.104688,-0.736988,1.0,1.0,0.436829,4812.1,57.2,60.3,631.8,100.0,1.0
619928,3879,163,13.020248,0.798437,-0.050087,0.017866,0.0,0.00217555,0.247164,-0.240215,1.0,1.0,0.593804,6704.8,79.1,67.1,551.3,100.0,1.0
620084,3880,156,12.58633,0.664327,-0.025958,0.037525,0.0,0.00230825,0.221668,-0.303328,0.888776,1.0,0.555225,6464.3,69.6,113.4,459.3,100.0,1.0
620242,3881,158,4.451287,0.2,-0.231905,0.009224,0.037278,0.00202495,-0.114194,-0.632343,0.282435,0.578414,0.617809,5210.8,82.5,66.8,650.6,100.0,1.0
620404,3882,162,8.492221,0.214031,-0.108218,0.019517,0.000122,0.00190119,0.084534,-0.761397,0.839641,1.0,0.414708,4719.1,52.4,79.5,503.5,100.0,1.0
620560,3883,156,11.605739,0.491491,-0.057583,0.007696,0.000203,0.00195237,0.231866,-0.239872,0.769087,1.0,0.555438,6706.1,68.6,125.6,654.3,100.0,1.0
620725,3884,165,8.426326,0.2,-0.027869,0.024996,0.313476,0.00188263,0.078845,-0.637891,0.494577,1.0,0.486753,5189.6,59.2,120.8,549.0,100.0,1.0
620886,3885,161,12.617678,1.0,-0.027609,0.012163,0.0,0.00254539,0.173423,-0.378069,0.609241,1.0,0.525886,6179.6,63.8,132.6,267.6,100.0,1.0
621037,3886,151,9.366051,1.0,-0.087109,0.009417,1.7e-05,0.00210103,0.115706,-0.440545,0.336462,1.0,0.568749,5941.5,68.9,144.2,336.2,100.0,1.0
621193,3887,156,8.454059,0.2,-0.00218,0.022112,0.005467,0.00176259,0.115839,-0.602755,0.738064,1.0,0.485015,5323.5,60.9,97.8,933.5,100.0,1.0
621355,3888,162,9.259138,0.348742,-0.375666,0.0,0.0,0.00219916,0.071759,-1.0,1.0,1.0,0.141206,2480.7,19.6,6.7,478.0,100.0,1.0
621519,3889,164,9.685903,0.2,9.1e-05,0.019125,0.056513,0.00205593,0.110616,-0.566715,0.905894,0.935342,0.544964,5460.8,70.5,85.3,918.0,100.0,1.0
621678,3890,159,12.844926,1.0,-0.131132,0.022748,0.0,0.00247108,0.200983,-0.348297,0.794426,1.0,0.532777,6293.0,65.0,129.1,346.7,100.0,1.0
621840,3891,162,4.974988,0.632642,-0.32379,0.006213,0.0,0.00233772,-0.148685,-0.869079,0.495137,0.592029,0.506157,4308.8,67.7,54.2,438.9,100.0,1.0
621996,3892,156,12.002791,0.412143,-0.116623,0.015188,9e-06,0.00241495,0.178318,-0.499949,1.0,1.0,0.483497,5715.2,61.2,92.0,417.1,100.0,1.0
622156,3893,160,11.089305,1.0,-0.047538,0.022805,0.0,0.00221267,0.158834,-0.562013,0.997462,1.0,0.47104,5478.7,62.3,58.5,514.3,100.0,1.0
622320,3894,164,10.933967,0.2,0.017765,0.034786,0.061709,0.00175966,0.217094,-0.153125,0.684383,0.968602,0.683805,7036.6,89.4,97.1,838.0,100.0,1.0
622481,3895,161,11.871319,0.275198,0.015065,0.003694,0.000128,0.00210683,0.209837,-0.323196,0.91061,1.0,0.590527,6388.6,76.4,93.3,664.9,100.0,1.0
622638,3896,157,12.682005,0.2,0.024492,0.020789,0.0,0.00262422,0.174582,-0.519726,0.977441,1.0,0.456289,5639.8,56.6,99.6,256.2,100.0,1.0
622798,3897,160,12.373539,0.2,-0.027477,0.001547,0.000285,0.00202354,0.248604,-0.209417,0.900878,1.0,0.590936,6822.1,74.8,112.1,454.8,100.0,1.0
622951,3898,153,5.17387,0.2,-0.111062,0.015579,0.0525,0.00188996,-0.049829,-0.81787,0.635139,0.761726,0.46846,4503.9,63.9,35.1,710.0,100.0,1.0
623112,3899,161,11.036663,0.58057,0.00919,0.028263,0.0,0.00188418,0.207174,-0.262263,0.703905,1.0,0.607121,6620.8,75.5,130.8,591.1,100.0,1.0
623268,3900,156,8.738567,0.843196,-0.119356,0.0,0.0,0.00207801,0.080056,-0.868325,1.0,1.0,0.330153,4311.7,46.3,10.4,505.7,100.0,1.0
623425,3901,157,9.7543,0.525914,0.044441,0.015942,0.0,0.00177975,0.171792,-0.511175,0.978612,1.0,0.485793,5672.4,64.8,53.2,801.4,100.0,1.0
623584,3902,159,10.911595,0.2,0.03823,0.009875,0.025931,0.00162861,0.245789,-0.229623,0.886316,1.0,0.562372,6745.1,71.9,98.0,668.4,100.0,1.0
623744,3903,160,10.997223,0.612828,-0.1438,0.0,0.0,0.00203914,0.18243,-0.479929,1.0,1.0,0.497977,5791.5,64.0,83.8,582.9,100.0,1.0
623903,3904,159,8.38979,1.0,-0.043464,0.016468,0.0,0.00214566,0.046923,-0.630962,0.276082,0.977396,0.509687,5216.0,65.9,80.1,427.2,100.0,1.0
624058,3905,155,10.587848,0.772082,-0.074857,0.037979,0.0,0.00158363,0.244288,-0.14093,0.771613,1.0,0.66774,7083.1,85.2,119.2,636.6,100.0,1.0
624226,3906,168,10.519733,0.822252,-0.035856,0.00282,0.0,0.00173128,0.195733,-0.346302,0.763598,1.0,0.547108,6300.6,70.4,90.0,818.0,100.0,1.0
624387,3907,161,11.677227,0.2,-0.036028,0.0,0.051176,0.00241055,0.152053,-0.580178,1.0,1.0,0.474425,5409.5,60.5,84.7,385.3,100.0,1.0
624547,3908,160,7.718156,0.2,-0.176469,0.011912,0.009119,0.0021315,0.016016,-1.0,1.0,0.966881,0.361964,3797.7,48.3,40.1,608.0,100.0,1.0
624715,3909,168,7.215134,0.2,-0.027369,0.028841,0.0,0.00154987,0.073418,-0.520989,0.603806,0.88631,0.574125,5635.0,74.7,85.6,849.9,100.0,1.0
624871,3910,156,8.367993,0.57346,-0.395558,0.0,0.0,0.00223253,0.038848,-1.0,1.0,0.979418,0.269739,3019.4,38.1,4.7,445.8,100.0,1.0
625031,3911,160,9.440565,0.2,-0.018491,0.024161,0.003148,0.00182621,0.144568,-0.529989,0.80404,1.0,0.5017,5600.7,65.2,76.0,813.8,100.0,1.0
625190,3912,159,8.784003,0.2,0.048151,0.020639,0.023394,0.00160704,0.150866,-0.413923,0.783829,0.96598,0.603687,6043.0,76.8,109.6,864.3,100.0,1.0
625347,3913,157,8.642778,1.0,-0.288709,0.0,0.0,0.00214296,0.063399,-0.895498,0.920314,1.0,0.32604,4208.2,39.1,87.6,348.6,100.0,1.0
625506,3914,159,12.028443,0.2,-0.029535,0.02732,0.023667,0.00228175,0.193707,-0.424533,1.0,1.0,0.538535,6002.5,69.3,88.5,637.3,100.0,1.0
625667,3915,161,12.474391,0.2,-0.077023,0.013663,0.0,0.00220707,0.22186,-0.339834,1.0,1.0,0.545991,6325.2,68.8,106.9,552.0,100.0,1.0
625832,3916,165,9.165029,0.2,-0.056528,0.015119,0.128281,0.00169519,0.144384,-0.493848,0.670073,1.0,0.498881,5738.4,60.9,121.5,766.3,100.0,1.0
625989,3917,157,8.266105,0.478289,-0.087531,0.0,4e-06,0.00162613,0.127185,-0.646563,0.906926,1.0,0.436052,5156.6,56.1,72.8,782.8,100.0,1.0
626148,3918,159,12.195789,0.2,-0.064357,0.020246,0.008562,0.00206263,0.236357,-0.24332,0.905636,1.0,0.595224,6693.0,76.2,103.2,523.2,100.0,1.0
626314,3919,166,9.972207,0.451719,-0.066133,0.007212,0.0,0.00174026,0.172542,-0.447261,0.834244,1.0,0.521705,5915.9,69.5,58.7,725.3,100.0,1.0
626474,3920,160,8.249516,0.2,-0.100606,0.009838,0.227546,0.00214096,0.039153,-0.719955,0.746391,0.90853,0.507437,4877.0,63.9,100.4,697.2,100.0,1.0
626628,3921,154,6.805856,0.2,-0.336348,0.009529,0.053541,0.00236889,-0.049897,-1.0,0.785734,0.798546,0.289808,2695.0,37.5,46.0,480.4,100.0,1.0
626785,3922,157,11.401717,0.233775,0.021059,0.011944,0.01347,0.00178745,0.246973,-0.22672,0.94348,1.0,0.590116,6756.2,77.5,79.7,683.2,100.0,1.0
626942,3923,157,9.694152,0.627362,-0.325901,0.001238,0.0,0.00249463,0.056939,-1.0,1.0,1.0,0.215305,3036.5,30.4,4.5,297.7,100.0,1.0
627101,3924,159,9.191094,0.2,-0.059934,0.012072,8.7e-05,0.00199353,0.108387,-0.665894,0.836911,1.0,0.461208,5082.9,57.6,96.2,530.7,100.0,1.0
627234,3925,133,-3.456044,0.2,0.6,0.0,0.161008,0.00228957,-0.816258,-1.0,-1.0,-1.0,0.081288,0.0,11.6,0.0,449.9,100.0,1.0
627387,3926,153,10.615226,1.0,0.04634,0.018928,0.0,0.00227446,0.143381,-0.48085,0.663861,1.0,0.52354,5788.0,63.7,129.0,323.6,100.0,1.0
627552,3927,165,9.277196,0.2,-0.16375,0.013311,1.7e-05,0.00223104,0.061335,-0.917198,1.0,1.0,0.338228,4125.5,43.5,55.9,715.4,100.0,1.0
627711,3928,159,10.481192,0.2,-0.046417,0.012272,0.049324,0.00178876,0.200823,-0.277973,0.737062,1.0,0.627963,6560.9,81.6,94.6,821.3,100.0,1.0
627872,3929,161,8.743568,0.327784,-0.217485,0.013882,6.1e-05,0.00189531,0.099647,-0.807547,0.98046,1.0,0.328785,4543.2,40.1,80.3,444.0,100.0,1.0
628031,3930,159,11.669734,0.444597,0.015866,0.02507,4e-05,0.00201997,0.219105,-0.298592,0.9101,1.0,0.586987,6482.4,75.5,97.0,567.3,100.0,1.0
628184,3931,153,6.242923,0.474426,-0.275191,0.0,6e-06,0.00186244,0.004087,-1.0,0.559845,1.0,0.259486,2714.6,33.0,48.0,470.9,100.0,1.0
628346,3932,162,9.321096,0.771074,0.035879,0.014392,0.0,0.00184794,0.13218,-0.332203,0.58077,0.909856,0.640377,6354.3,83.2,96.9,655.7,100.0,1.0
628519,3933,173,9.99124,0.2,0.026113,0.015024,0.091208,0.00228124,0.067922,-0.610133,0.358016,1.0,0.521664,5295.4,64.2,120.2,757.0,100.0,1.0
628677,3934,158,11.330157,0.503998,0.028487,0.01406,2.3e-05,0.00219362,0.178029,-0.419698,0.87531,1.0,0.563039,6021.0,71.1,108.7,576.0,100.0,1.0
628839,3935,162,8.401198,0.456619,-0.015728,0.004297,0.0,0.0019585,0.071736,-0.784653,0.769795,1.0,0.403076,4630.5,50.6,81.0,608.2,100.0,1.0
628993,3936,154,6.59264,0.453913,0.006837,0.022906,0.000222,0.00205856,-0.011751,-0.520416,0.334328,0.744104,0.617374,5637.2,80.8,86.2,500.8,100.0,1.0
629151,3937,158,8.322216,0.505316,-0.020551,0.000477,0.0,0.00209486,0.054367,-0.720798,0.509603,1.0,0.471571,4873.8,58.6,102.6,427.8,100.0,1.0
629309,3938,158,11.317987,0.2,0.02678,0.006292,0.052121,0.00185279,0.231332,-0.239843,0.866074,1.0,0.606649,6706.2,77.9,101.7,739.9,100.0,1.0
629470,3939,161,10.756233,0.802116,-0.045907,0.000383,0.0,0.00194494,0.184929,-0.429293,0.972257,1.0,0.560222,5984.4,72.2,90.9,715.5,100.0,1.0
629631,3940,161,11.874025,0.94914,-0.073309,0.003295,0.0,0.00225336,0.187053,-0.393256,0.820807,1.0,0.536941,6121.7,66.7,116.2,563.2,100.0,1.0
629794,3941,163,10.710599,0.2,0.019812,0.025952,0.006883,0.00202871,0.16531,-0.449342,0.718618,1.0,0.496413,5908.0,62.0,103.9,578.3,100.0,1.0
629952,3942,158,9.670203,0.291271,0.092991,0.019794,0.0,0.00186013,0.153914,-0.499896,0.782646,1.0,0.496933,5715.4,62.0,105.2,536.1,100.0,1.0
630107,3943,155,11.264817,1.0,0.037255,0.027086,0.0,0.00235627,0.156448,-0.463325,0.67924,1.0,0.496563,5854.7,61.4,111.2,205.3,100.0,1.0
630260,3944,153,10.007584,0.2,-0.213398,0.008317,0.110732,0.00215504,0.133756,-0.614202,0.846115,1.0,0.429426,5279.9,51.9,109.8,790.2,100.0,1.0
630417,3945,157,12.720188,0.489707,-0.093606,0.017076,0.0,0.00195385,0.282379,-0.010156,0.781891,1.0,0.711275,7581.3,89.7,139.0,471.9,100.0,1.0
630581,3946,164,12.655556,1.0,0.018048,0.007346,0.0,0.00225461,0.216402,-0.198024,0.650347,1.0,0.646623,6865.5,82.7,112.4,338.5,100.0,1.0
630740,3947,159,10.241336,0.2013,-0.074767,0.0,0.0,0.00211533,0.138018,-0.618232,0.953055,1.0,0.45453,5264.5,59.6,62.5,582.7,100.0,1.0
630896,3948,156,12.499339,1.0,0.022553,0.025994,0.0,0.00255086,0.181052,-0.453715,0.879743,1.0,0.490613,5891.3,62.9,84.1,310.1,100.0,1.0
631060,3949,164,13.472825,0.153468,-0.061113,0.007638,0.0,0.00249162,0.215536,-0.379143,1.0,1.0,0.508822,6175.5,66.3,74.0,292.9,100.0,1.0
631220,3950,160,8.22511,0.2,-0.012927,0.023522,0.0,0.0018321,0.087936,-0.551224,0.779184,0.899673,0.559698,5519.8,72.6,85.3,857.8,100.0,1.0
631382,3951,162,12.526831,0.2,0.058075,0.016634,0.0,0.00246533,0.181003,-0.370749,0.700614,1.0,0.546481,6207.4,70.0,93.7,566.6,100.0,1.0
631545,3952,163,12.029281,0.424998,-0.023129,0.014493,8.5e-05,0.0021619,0.205003,-0.40416,0.979961,1.0,0.507684,6080.1,65.4,82.7,450.4,100.0,1.0
631706,3953,161,9.188377,0.403675,-0.019772,0.012618,1.9e-05,0.00144273,0.193493,-0.180147,0.717084,0.926318,0.696877,6933.6,90.0,111.6,760.9,100.0,1.0
631866,3954,160,12.053728,0.2,0.0141,0.015954,0.0,0.00231604,0.187978,-0.38074,0.809611,1.0,0.548618,6169.4,70.3,94.3,549.2,100.0,1.0
632025,3955,159,4.452797,0.821933,-0.159184,0.0,0.0,0.00206121,-0.121387,-1.0,0.922104,0.609184,0.384061,3406.6,52.9,22.7,630.7,100.0,1.0
632188,3956,163,8.427714,0.696084,-0.301887,0.006306,0.0,0.00222619,0.027674,-1.0,0.72167,1.0,0.222463,3018.8,26.1,66.5,213.5,100.0,1.0
632352,3957,164,10.27806,0.2,-0.033915,0.015192,0.000291,0.00169996,0.197507,-0.238616,0.63462,1.0,0.662197,6710.9,83.3,131.8,606.7,100.0,1.0
632516,3958,164,9.688798,0.2,-0.052662,0.025455,0.047232,0.00165932,0.176849,-0.289928,0.822469,0.92115,0.631628,6515.4,84.8,63.6,911.2,100.0,1.0
632675,3959,159,11.238504,-0.052441,-0.013404,0.00108,0.0,0.00230039,0.155028,-0.50215,0.773544,1.0,0.48287,5706.8,58.7,119.5,318.1,100.0,1.0
632835,3960,160,12.201454,0.367185,-0.034752,0.029094,0.000234,0.00213061,0.224535,-0.262036,0.749328,1.0,0.543427,6621.6,69.1,99.5,463.6,100.0,1.0
632993,3961,158,10.66561,0.283066,-0.013395,0.012141,0.00049,0.00213893,0.156317,-0.448314,0.759295,1.0,0.563511,5911.9,70.8,112.9,491.3,100.0,1.0
633154,3962,161,8.846011,0.2,-0.070051,0.012227,0.016779,0.00167139,0.140852,-0.590945,0.901214,1.0,0.462191,5368.5,57.9,95.0,573.6,100.0,1.0
633312,3963,158,10.967835,0.566704,-0.075874,0.032123,0.0,0.00197335,0.196491,-0.365819,0.943615,1.0,0.599167,6226.2,77.4,96.2,1134.4,100.0,1.0
633477,3964,165,9.290632,0.2,0.043409,0.01093,0.067216,0.00151564,0.180481,-0.275923,0.81045,0.921419,0.63244,6568.7,85.5,56.9,933.6,100.0,1.0
633641,3965,164,8.524447,0.251083,0.000591,0.004528,0.007561,0.00171819,0.11326,-0.575608,0.667071,1.0,0.509921,5426.9,64.2,100.4,915.4,100.0,1.0
633805,3966,164,10.15982,1.0,-0.006686,0.001161,0.0,0.00198486,0.145303,-0.483949,0.681232,1.0,0.51719,5776.2,64.8,105.6,616.0,100.0,1.0
633968,3967,163,9.580068,0.326295,0.07708,0.013564,0.026036,0.00207582,0.105597,-0.505142,0.754338,0.918925,0.573305,5695.4,74.2,89.8,617.9,100.0,1.0
634132,3968,164,10.177195,0.2,-0.069081,0.013822,0.0,0.00240642,0.076996,-0.767918,0.823264,1.0,0.432797,4694.2,56.8,59.1,407.9,100.0,1.0
634286,3969,154,5.735485,0.335217,-0.02129,0.0,9e-05,0.0022135,-0.075057,-0.810243,0.375638,0.779045,0.508508,4533.0,63.7,104.4,593.0,100.0,1.0
634448,3970,162,8.879241,0.559376,0.059872,0.036737,0.0,0.00201024,0.085888,-0.283557,0.677109,0.737859,0.704142,6539.6,94.1,76.0,641.0,100.0,1.0
634608,3971,160,13.117438,1.0,-0.062692,0.009553,0.0,0.00208976,0.273629,-0.067875,0.802399,1.0,0.664274,7361.4,86.9,93.7,486.4,100.0,1.0
634772,3972,164,8.89974,0.447446,-0.180053,0.000176,6e-06,0.00187709,0.104667,-0.565171,0.665517,0.989851,0.552616,5466.7,68.7,119.7,796.6,100.0,1.0
634932,3973,160,9.3764,0.543921,-0.01815,0.01199,9e-06,0.00192237,0.127022,-0.407372,0.596925,0.948472,0.61028,6067.9,77.9,108.8,620.4,100.0,1.0
635095,3974,163,12.296808,1.0,-0.297601,0.0,0.0,0.00256876,0.151273,-0.60315,1.0,1.0,0.438123,5322.0,52.6,116.6,194.1,100.0,1.0
635258,3975,163,14.128506,0.971858,-0.003486,0.032656,0.0,0.00266277,0.220954,-0.247755,0.835768,1.0,0.629541,6676.1,80.0,116.2,316.2,100.0,1.0
635419,3976,161,9.752707,0.511377,-0.059253,0.0,0.0,0.00245667,0.056661,-0.55751,0.584961,0.86737,0.551429,5495.9,73.6,60.6,383.3,100.0,1.0
635582,3977,163,5.876242,0.717573,-0.148049,0.012804,0.0,0.00207908,-0.066421,-0.781664,0.569412,0.719473,0.507976,4641.9,67.5,59.2,518.6,100.0,1.0
635742,3978,160,12.535555,1.0,-0.029569,0.012874,0.0,0.00245528,0.188446,-0.400747,0.830468,1.0,0.521696,6093.2,64.3,119.0,593.5,100.0,1.0
635903,3979,161,11.905775,0.207961,0.015929,0.0,0.0,0.00252406,0.145772,-0.592374,0.968172,1.0,0.46857,5363.1,63.3,42.1,390.3,100.0,1.0
636062,3980,159,8.342876,0.2,-0.157131,0.011033,0.024561,0.0016469,0.125086,-0.615843,0.906016,1.0,0.499852,5273.6,60.5,127.8,1030.3,100.0,1.0
636217,3981,155,11.023559,1.0,-0.124284,0.00267,0.0,0.0024864,0.125881,-0.693417,0.992748,1.0,0.40349,4978.1,49.3,96.9,226.9,100.0,1.0
636375,3982,158,8.447524,0.223056,0.035263,0.012285,0.030419,0.00194868,0.083928,-0.178991,0.551404,0.691142,0.752325,6938.0,102.6,87.2,649.3,100.0,1.0
636537,3983,162,12.714347,1.0,-0.072768,0.001807,0.0,0.00250544,0.183872,-0.489523,1.0,1.0,0.473977,5754.9,62.2,64.7,342.8,100.0,1.0
636692,3984,155,12.726136,0.841774,-0.086785,0.015957,0.0,0.0023945,0.21922,-0.291249,0.841093,1.0,0.564762,6510.3,71.6,106.4,288.0,100.0,1.0
636848,3985,156,9.216442,0.649725,-0.166821,0.007854,1.5e-05,0.00232158,0.065417,-0.878578,1.0,1.0,0.385406,4272.6,48.1,81.4,484.2,100.0,1.0
637012,3986,164,8.326034,0.61581,-0.089656,0.004668,0.0,0.00188023,0.077934,-0.319024,0.479116,0.80363,0.69795,6404.5,88.8,127.6,488.5,100.0,1.0
637170,3987,158,9.864133,0.2,-0.096019,0.015551,0.048278,0.00197158,0.146139,-0.574507,0.942195,1.0,0.485013,5431.1,60.3,105.4,657.1,100.0,1.0
637332,3988,162,7.986494,0.728684,-0.121803,0.000834,2.3e-05,0.00196531,0.052163,-1.0,1.0,1.0,0.239187,2781.2,33.0,13.9,579.5,100.0,1.0
637485,3989,153,8.994278,0.2,-0.009169,0.012476,0.060198,0.00197179,0.115611,-0.519003,0.591791,1.0,0.559583,5642.6,69.1,126.8,514.3,100.0,1.0
637647,3990,162,11.935619,0.2,-0.060381,0.010678,0.0,0.00204569,0.222353,-0.279657,0.836999,1.0,0.567334,6554.5,70.2,126.7,440.6,100.0,1.0
637807,3991,160,11.498164,0.706558,0.031905,0.014779,0.0,0.00191127,0.227661,-0.177317,0.733698,1.0,0.66824,6944.4,85.9,112.0,867.5,100.0,1.0
637964,3992,157,11.139384,0.307263,-0.035557,0.011887,0.000327,0.00197028,0.207487,-0.313651,0.873827,1.0,0.600588,6425.0,78.0,90.7,613.8,100.0,1.0
638126,3993,162,12.189078,1.0,0.033832,0.0087,0.0,0.00226552,0.198537,-0.293134,0.684237,1.0,0.58645,6503.2,72.7,129.6,543.0,100.0,1.0
638279,3994,153,10.848609,1.0,-0.060826,0.016322,0.0,0.00216424,0.172262,-0.473945,0.965819,1.0,0.542197,5814.3,70.5,80.6,521.9,100.0,1.0
638440,3995,161,10.875965,0.526883,0.070362,0.017217,0.00011,0.0019514,0.190502,-0.251517,0.680911,0.969534,0.644477,6661.7,84.6,87.6,489.2,100.0,1.0
638600,3996,160,10.382068,0.592195,-0.055855,0.036798,0.0,0.00198145,0.164732,-0.52336,1.0,1.0,0.510459,5626.0,65.1,91.5,601.9,100.0,1.0
638759,3997,159,10.765537,0.2,-0.040212,0.016916,0.013509,0.00169952,0.229335,-0.275658,0.877413,1.0,0.559628,6569.7,71.7,96.0,645.6,100.0,1.0
638918,3998,159,8.228477,0.771682,0.0276,0.027822,0.000228,0.00176884,0.100581,-0.1243,0.430242,0.726094,0.765357,7146.4,103.5,108.9,779.1,100.0,1.0
639078,3999,160,13.632568,0.2,0.082102,0.01048,0.000122,0.00243573,0.242893,-0.226828,0.918856,1.0,0.598015,6755.8,74.0,132.9,336.4,100.0,1.0
639241,4000,163,10.056781,0.2,-0.015644,0.0,0.01069,0.00216611,0.113646,-0.633805,0.754197,1.0,0.449709,5205.2,54.8,109.8,534.2,100.0,1.0
639400,4001,159,9.403083,0.2,-0.034561,0.030611,0.0,0.00213503,0.096939,-0.341281,0.606994,0.827401,0.669515,6319.7,86.5,107.2,531.0,100.0,1.0
639562,4002,162,11.998059,0.2,-0.072846,0.003411,0.160078,0.0024512,0.159791,-0.545702,0.966113,1.0,0.479124,5540.9,61.1,85.8,383.9,100.0,1.0
639724,4003,162,9.626365,0.2,-0.050534,0.025909,0.0,0.0023975,0.058454,-0.490169,0.635206,0.815862,0.595293,5752.5,79.2,68.2,475.1,100.0,1.0
639892,4004,168,10.314063,1.0,0.05673,0.02486,0.0,0.00241483,0.073125,-0.335436,0.309537,0.841882,0.675423,6342.0,86.1,121.4,358.6,100.0,1.0
640053,4005,161,11.631339,0.505623,-0.035677,0.002368,0.0,0.00201672,0.215321,-0.228779,0.848538,0.97236,0.648932,6748.4,85.5,83.6,601.1,100.0,1.0
640214,4006,161,9.481479,0.2,0.00899,0.014777,0.034972,0.00145036,0.206692,-0.278245,0.771811,1.0,0.615519,6559.9,80.1,91.1,1149.8,100.0,1.0
640375,4007,161,12.061694,0.818115,0.01131,0.021638,0.0,0.00193552,0.248366,-0.25215,1.0,1.0,0.566908,6659.3,73.8,83.8,501.2,100.0,1.0
640543,4008,168,9.641677,0.565693,-0.111643,0.008758,0.0,0.00199769,0.112027,-0.639258,0.791296,1.0,0.46681,5184.4,56.4,120.0,633.1,100.0,1.0
640704,4009,161,10.501255,0.446509,-0.007301,0.010336,3.1e-05,0.0021404,0.142964,-0.478004,0.787966,1.0,0.592655,5798.8,72.3,144.0,583.8,100.0,1.0
640869,4010,165,8.365804,0.419701,-0.017494,0.015897,4.6e-05,0.00187646,0.078818,-0.673445,0.638278,1.0,0.496522,5054.2,61.1,114.5,691.7,100.0,1.0
641024,4011,155,10.191149,1.0,-0.104088,0.005907,0.0,0.0019833,0.165767,-0.462805,0.951158,0.986875,0.563868,5856.7,73.7,80.0,741.7,100.0,1.0
641187,4012,163,10.507028,0.829488,-0.029863,0.020915,0.0,0.00205748,0.152482,-0.47337,0.97131,0.964441,0.582617,5816.5,74.0,107.4,551.5,100.0,1.0
641346,4013,159,9.170434,0.242006,-0.073862,0.022627,0.016687,0.00212488,0.08795,-0.728547,0.796259,1.0,0.433421,4844.2,55.1,79.2,437.9,100.0,1.0
641507,4014,161,8.815707,0.392077,-0.110392,0.003252,0.0,0.00206763,0.076465,-0.857657,1.0,1.0,0.366774,4352.3,46.4,69.7,625.6,100.0,1.0
641667,4015,160,7.429474,0.431987,-0.050707,0.008822,0.0,0.00208444,0.011487,-0.972735,1.0,0.929174,0.366336,3913.9,50.7,18.8,625.8,100.0,1.0
641826,4016,159,5.495319,0.566593,-0.214926,0.0,0.0,0.00197806,-0.059326,-1.0,1.0,0.760524,0.377546,3679.5,52.3,19.7,670.6,100.0,1.0
641988,4017,162,10.776278,0.448123,-0.06727,0.0,0.000209,0.00216037,0.150437,-0.540433,0.898745,1.0,0.501431,5561.0,62.0,111.9,479.1,100.0,1.0
642150,4018,162,9.900913,0.605232,-0.0386,0.000537,0.0,0.00194816,0.144172,-0.545205,0.864029,1.0,0.507045,5542.8,68.4,47.1,570.5,100.0,1.0
642308,4019,158,7.934232,0.2,-0.018666,0.009255,0.059606,0.0016824,0.102619,-0.427728,0.803896,0.849649,0.627214,5990.4,81.0,100.8,700.2,100.0,1.0
642462,4020,154,12.135325,1.0,0.007437,0.025999,0.0,0.00270755,0.146573,-0.333277,0.651231,0.930839,0.638486,6350.2,82.2,104.9,283.6,100.0,1.0
642625,4021,163,10.586353,0.46475,-0.062154,0.028924,7e-05,0.00186779,0.187197,-0.206247,0.770298,0.917762,0.694318,6834.2,89.1,117.8,789.3,100.0,1.0
642782,4022,157,12.293917,0.2,0.033331,0.031072,0.004622,0.00194868,0.265008,-0.041208,0.853906,0.966664,0.721463,7463.0,94.9,95.6,742.3,100.0,1.0
642950,4023,168,8.327206,0.27379,0.011069,0.031129,0.0,0.00176145,0.090803,-0.480356,0.65214,0.893874,0.595709,5789.8,76.4,101.2,560.4,100.0,1.0
643113,4024,163,8.105151,0.2,0.050525,0.025204,0.029615,0.00193052,0.061732,-0.415963,0.49338,0.824563,0.65308,6035.2,82.7,123.7,586.9,100.0,1.0
643268,4025,155,6.308461,0.236735,-0.027355,0.005272,0.006167,0.00176454,0.01946,-0.534067,0.417164,0.82124,0.613835,5585.2,76.7,128.6,804.4,100.0,1.0
643425,4026,157,7.57337,0.643581,-0.313386,0.004363,0.0,0.00225776,-0.002773,-1.0,0.76575,0.954745,0.317544,3096.8,39.6,67.2,714.9,100.0,1.0
643590,4027,165,2.64958,0.930203,-0.278499,0.016208,0.0,0.00179037,-0.172355,-0.441232,0.097235,0.358726,0.766009,5938.9,109.3,110.0,578.1,100.0,1.0
643748,4028,158,7.411145,0.228414,-0.151871,0.009304,0.016509,0.00184263,0.053036,-0.986274,1.0,1.0,0.258842,3862.3,32.2,55.2,706.6,100.0,1.0
643910,4029,162,7.988579,0.372082,-0.18373,0.012541,8.5e-05,0.00205525,0.038035,-1.0,1.0,1.0,0.309824,3804.0,38.0,73.2,460.0,100.0,1.0
644070,4030,160,12.781168,0.2,-0.019327,0.017307,0.000255,0.00203225,0.268418,-0.149578,0.938855,1.0,0.615578,7050.1,79.3,100.8,680.1,100.0,1.0
644230,4031,160,9.493728,0.482011,-0.108065,0.018875,0.0,0.00219705,0.089399,-0.828932,1.0,1.0,0.352377,4461.8,46.4,46.5,612.0,100.0,1.0
644386,4032,156,9.29939,0.388644,-0.084689,0.02999,8e-06,0.00229852,0.073357,-0.835335,1.0,1.0,0.421381,4437.4,52.7,87.7,494.1,100.0,1.0
644546,4033,160,9.5017,0.2,0.027736,0.011597,0.031937,0.00186131,0.143522,-0.511552,0.760816,1.0,0.517581,5671.0,67.1,79.9,616.2,100.0,1.0
644708,4034,162,5.589984,0.265003,0.011095,0.023127,0.011184,0.00170276,-0.016208,-0.629555,0.537962,0.759628,0.577647,5221.4,74.2,97.3,781.5,100.0,1.0
644864,4035,156,11.686312,1.0,-0.079357,0.020735,0.0,0.00241777,0.165615,-0.484934,0.888987,1.0,0.517782,5772.4,66.1,92.2,325.5,100.0,1.0
645020,4036,156,10.380416,0.770841,-0.020752,0.014529,0.0,0.00190419,0.185104,-0.393964,0.859106,1.0,0.564597,6119.0,71.2,110.6,784.3,100.0,1.0
645179,4037,159,11.96918,0.867036,-0.090534,0.005358,0.0,0.00220343,0.205624,-0.313078,0.821348,1.0,0.584669,6427.2,72.6,126.9,398.3,100.0,1.0
645342,4038,163,13.280821,0.2,-0.043378,0.00402,0.059569,0.00215037,0.266421,-0.106943,0.799399,1.0,0.630445,7212.5,80.3,114.1,408.7,100.0,1.0
645506,4039,164,7.813068,0.398588,-0.148673,0.000123,0.0,0.00197886,0.038416,-1.0,1.0,1.0,0.307922,3791.0,39.5,52.3,511.1,100.0,1.0
645667,4040,161,11.060669,1.0,-0.047993,0.021812,0.0,0.00210973,0.174145,-0.433031,0.833025,1.0,0.537982,5970.2,65.3,134.3,527.4,100.0,1.0
645828,4041,161,10.824056,1.0,-0.212519,0.0,0.0,0.00265731,0.075014,-0.818379,0.989653,1.0,0.437593,4502.0,55.9,76.9,278.5,100.0,1.0
645984,4042,156,9.492847,1.0,-0.040143,0.014532,0.0,0.00235536,0.073617,-0.530932,0.359477,0.963501,0.568648,5597.2,71.3,116.3,398.5,100.0,1.0
646146,4043,162,10.442836,0.789196,-0.013716,0.030649,0.0,0.00229472,0.113472,-0.282359,0.528738,0.844795,0.681273,6544.2,88.7,100.8,379.1,100.0,1.0
646303,4044,157,12.372164,1.0,-0.01909,0.00889,0.0,0.00243789,0.192149,-0.366763,0.851288,1.0,0.573066,6222.6,73.2,101.4,428.3,100.0,1.0
646465,4045,162,8.014635,0.752782,-0.289117,0.009915,0.0,0.00217027,0.02086,-1.0,0.808775,1.0,0.300089,3339.7,38.0,56.9,388.4,100.0,1.0
646627,4046,162,12.483641,0.2,0.041023,0.005442,0.01459,0.00227575,0.211487,-0.236903,0.702242,1.0,0.629105,6717.4,80.1,113.4,436.7,100.0,1.0
646788,4047,161,8.896812,0.847634,-0.002853,0.020337,0.0,0.00209242,0.076613,-0.535544,0.822037,0.84574,0.570798,5579.6,75.6,69.6,674.3,100.0,1.0
646950,4048,162,8.096282,0.2,-0.05379,0.000898,0.045528,0.00187071,0.073241,-0.821895,0.892666,1.0,0.391812,4488.6,48.6,85.5,596.2,100.0,1.0
647112,4049,162,10.874014,0.2,-0.020625,0.007257,0.008517,0.00222832,0.144428,-0.606914,1.0,1.0,0.465758,5307.7,61.0,64.6,652.3,100.0,1.0
647270,4050,158,8.990135,0.897949,-0.03963,0.0,0.0,0.00209146,0.087427,-0.656113,0.663637,1.0,0.496487,5120.2,62.0,103.6,347.2,100.0,1.0
647426,4051,156,12.651381,1.0,-0.046491,0.01219,0.0,0.00246669,0.20327,-0.266388,0.710747,1.0,0.622844,6605.1,76.5,146.0,305.1,100.0,1.0
647592,4052,166,11.976945,0.217164,-0.127826,0.016306,0.006414,0.00219692,0.192068,-0.252584,0.591548,1.0,0.643412,6657.7,79.1,149.5,325.3,100.0,1.0
647753,4053,161,11.18529,0.275695,-0.015384,0.024172,1.4e-05,0.00187093,0.218744,-0.342021,1.0,1.0,0.557742,6316.9,72.0,90.0,540.0,100.0,1.0
647914,4054,161,5.111,0.445699,0.692539,0.0,0.0,0.00221365,-0.118807,-1.0,0.294224,0.674656,0.171792,1554.2,23.2,15.6,647.3,100.0,1.0
648075,4055,161,11.541282,0.600714,0.018028,0.015338,3e-06,0.00188286,0.233387,-0.17858,0.81974,1.0,0.680419,6939.6,85.8,133.0,727.5,100.0,1.0
648239,4056,164,12.220846,0.283638,-0.090022,0.030862,0.005845,0.00211252,0.221674,-0.293857,0.816687,1.0,0.535725,6500.4,68.1,98.4,513.6,100.0,1.0
648397,4057,158,9.163009,0.734947,-0.060442,0.0,0.0,0.0020589,0.100683,-0.694919,1.0,0.959298,0.459248,4972.4,63.4,25.2,558.3,100.0,1.0
648554,4058,157,9.591735,0.2,-0.088447,0.0,0.0,0.00262967,0.033079,-0.966194,0.812575,1.0,0.300054,3938.8,37.0,68.4,298.0,100.0,1.0
648712,4059,158,12.412662,0.2,-0.04942,0.010188,0.041669,0.00240613,0.197022,-0.373878,0.896167,1.0,0.558686,6195.5,70.6,107.1,640.1,100.0,1.0
648875,4060,163,11.657187,0.2,-0.066713,0.003119,0.053999,0.00220384,0.182893,-0.44767,0.937488,1.0,0.520858,5914.4,64.0,121.4,523.9,100.0,1.0
649031,4061,156,9.788253,0.2,-0.003439,0.004438,0.053905,0.00194416,0.151935,-0.388003,0.565642,1.0,0.594141,6141.7,71.4,157.6,439.8,100.0,1.0
649188,4062,157,4.218404,0.764097,-0.134358,0.011659,0.0,0.00178788,-0.084508,-0.638841,0.290436,0.662704,0.60952,5186.0,78.0,106.2,632.8,100.0,1.0
649345,4063,157,10.944745,0.2,0.037159,0.027852,0.014804,0.00183477,0.22094,-0.259538,0.855112,1.0,0.618668,6631.2,79.2,107.7,919.2,100.0,1.0
649507,4064,162,10.488169,0.429809,0.038818,0.015301,0.000159,0.00216416,0.137181,-0.325998,0.468319,0.95348,0.646349,6377.9,81.6,125.0,525.2,100.0,1.0
649669,4065,162,8.25425,0.688212,-0.080196,0.008763,0.0,0.00183998,0.085817,-0.72224,0.79635,1.0,0.45517,4868.3,58.0,82.2,606.8,100.0,1.0
649827,4066,158,8.872156,0.2,-0.125097,0.0,0.103432,0.0019804,0.099729,-0.777539,1.0,1.0,0.39066,4657.6,53.9,21.8,649.2,100.0,1.0
649985,4067,158,8.708688,0.2,-0.134563,0.021109,0.180664,0.00237746,0.029399,-0.75364,0.909279,0.852692,0.480984,4748.6,64.1,54.1,493.8,100.0,1.0
650145,4068,160,11.99342,0.986054,-0.088328,0.0,0.0,0.00259922,0.141999,-0.596581,0.840536,1.0,0.416256,5347.0,51.8,89.2,240.7,100.0,1.0
650305,4069,160,9.029703,0.537242,-0.093783,0.0,0.0,0.00220388,0.067433,-0.915406,1.0,1.0,0.310873,4132.3,37.8,76.7,410.0,100.0,1.0
650460,4070,155,5.032166,0.573974,-0.322379,0.00379,0.0,0.00250985,-0.154935,-1.0,0.538371,0.647397,0.426807,3660.8,55.6,63.2,582.3,100.0,1.0
650623,4071,163,12.250307,0.309786,-0.004738,0.010179,0.0,0.00207462,0.231811,-0.163135,0.705885,1.0,0.658401,6998.5,85.0,105.2,520.3,100.0,1.0
650780,4072,157,11.562214,0.2,0.005735,0.019164,0.417806,0.00238808,0.163071,-0.559722,1.0,1.0,0.455128,5487.5,54.8,119.7,536.7,100.0,1.0
650940,4073,160,11.177666,0.24409,-0.051128,0.016126,0.012575,0.00161974,0.260985,0.035594,0.926832,0.880637,0.761896,7755.6,103.1,103.2,683.2,100.0,1.0
651099,4074,159,10.121941,1.0,-0.13231,0.0,0.0,0.00202709,0.148702,-0.454759,0.67427,1.0,0.547797,5887.4,66.4,137.8,444.9,100.0,1.0
651261,4075,162,11.530307,0.451459,-0.037729,0.016877,4e-06,0.00185156,0.236596,-0.196897,0.910909,0.992368,0.66455,6869.8,86.2,101.9,598.5,100.0,1.0
651419,4076,158,7.079548,0.426211,-0.168516,0.004389,0.0,0.00209598,-0.001727,-1.0,1.0,0.896913,0.328233,3495.8,46.1,9.6,484.0,100.0,1.0
651591,4077,172,7.592567,0.413814,-0.021546,0.019108,0.0,0.00185988,0.033412,-0.605648,0.947768,0.744178,0.549254,5312.5,76.1,27.1,768.1,100.0,1.0
651746,4078,155,11.844731,0.981239,0.013785,0.036533,1.5e-05,0.00232337,0.191062,-0.284402,0.655123,1.0,0.624547,6536.4,78.9,120.5,355.7,100.0,1.0
651906,4079,160,10.86125,0.992873,-0.095327,0.0,0.0,0.00260225,0.089102,-0.783932,0.971416,1.0,0.418319,4633.2,56.8,34.8,349.9,100.0,1.0
652066,4080,160,13.756377,0.61242,0.026808,0.02009,0.0,0.00229432,0.27319,-0.02627,0.680869,1.0,0.67851,7519.9,86.8,118.4,424.8,100.0,1.0
652223,4081,157,11.311991,0.280915,0.011709,0.011508,0.0,0.00207992,0.19999,-0.368574,0.918496,1.0,0.564294,6215.7,72.7,92.3,631.3,100.0,1.0
652385,4082,162,9.9944,0.2,-0.055104,0.008451,0.074935,0.00189993,0.157429,-0.285145,0.747151,0.904532,0.670358,6533.6,85.8,116.7,629.7,100.0,1.0
652544,4083,159,9.615632,1.0,-0.028515,0.021454,0.0,0.00234293,0.075074,-0.845853,1.0,1.0,0.394387,4397.3,50.7,65.8,528.9,100.0,1.0
652707,4084,163,10.554076,0.2,-0.064871,0.006112,0.049653,0.0020915,0.150396,-0.584277,0.954345,1.0,0.452706,5393.9,56.2,99.2,477.1,100.0,1.0
652866,4085,159,12.256584,0.923363,-0.07252,0.017427,0.0,0.00209385,0.237671,-0.170145,0.714158,1.0,0.620969,6971.7,80.1,100.0,544.8,100.0,1.0
653022,4086,156,9.214305,0.2,-0.047784,0.010451,4e-06,0.00181016,0.146589,-0.520101,0.864058,1.0,0.538905,5638.4,69.8,83.7,664.6,100.0,1.0
653174,4087,152,11.461172,0.931725,0.109234,0.012853,0.0,0.00223229,0.194276,-0.436312,1.0,1.0,0.515075,5957.7,66.2,86.3,392.7,100.0,1.0
653334,4088,160,10.509353,0.437574,0.040716,0.005439,0.000447,0.00205766,0.160053,-0.354919,0.595623,1.0,0.626438,6267.8,78.0,134.2,474.9,100.0,1.0
653494,4089,160,10.236628,0.2,-0.127795,0.025137,0.031665,0.00222554,0.120511,-0.713879,1.0,1.0,0.398157,4900.1,47.8,105.7,445.9,100.0,1.0
653652,4090,158,13.166627,1.0,-0.232843,0.01839,0.0,0.00260596,0.20134,-0.40098,1.0,1.0,0.541588,6092.3,68.2,106.9,419.1,100.0,1.0
653805,4091,153,8.416717,0.539698,0.096308,0.009317,0.0,0.0019163,0.098748,-0.456524,0.447386,0.95027,0.594009,5880.6,75.4,110.6,671.2,100.0,1.0
653966,4092,161,7.982152,0.2,0.034956,0.0,0.03208,0.00199749,0.050102,-1.0,1.0,1.0,0.249491,3534.8,35.3,3.5,810.0,100.0,1.0
654127,4093,161,10.776699,0.534876,-0.143035,0.0,0.0,0.00217127,0.152262,-0.583997,0.998062,1.0,0.465727,5395.0,59.7,80.1,859.9,100.0,1.0
654289,4094,162,10.565181,0.98802,0.027356,0.001417,0.0,0.00238039,0.106385,-0.665313,0.829588,1.0,0.468572,5085.2,58.8,95.2,494.6,100.0,1.0
654448,4095,159,9.597329,0.2,-0.051332,0.006868,0.010767,0.00227233,0.085664,-0.735746,0.859484,1.0,0.463868,4816.8,58.8,87.3,466.0,100.0,1.0
654610,4096,162,9.158019,1.0,-0.190406,0.014452,0.0,0.00219349,0.071183,-0.870107,1.0,1.0,0.371399,4304.9,48.3,55.6,421.1,100.0,1.0
654769,4097,159,10.717385,0.657728,-0.146491,0.0,0.0,0.00222296,0.145725,-0.508454,0.737741,1.0,0.500451,5682.8,61.8,113.5,266.0,100.0,1.0
654933,4098,164,7.859019,0.312412,-0.030719,0.016982,9e-06,0.00171467,0.084846,-0.445507,0.464878,0.898055,0.60017,5922.6,78.0,90.2,665.1,100.0,1.0
655095,4099,162,13.1442,0.626357,-0.054685,0.026591,0.0,0.00198016,0.291426,0.012571,0.736431,1.0,0.683084,7667.9,87.4,118.8,496.0,100.0,1.0
655255,4100,160,11.284375,0.350752,-0.013544,0.011472,0.0,0.00210124,0.189405,-0.374113,0.807972,1.0,0.552264,6194.6,67.2,136.0,479.9,100.0,1.0
655412,4101,157,11.504856,0.383078,-0.062121,0.0,9e-06,0.00205847,0.212713,-0.314933,0.845952,1.0,0.558278,6420.1,68.9,126.8,437.0,100.0,1.0
655566,4102,154,10.321106,0.466774,0.026245,0.013885,0.0,0.00200052,0.172686,-0.416404,0.829444,1.0,0.572586,6033.5,72.8,104.7,581.0,100.0,1.0
655722,4103,156,10.677331,0.2,-0.020365,0.016665,0.066856,0.00231194,0.136718,-0.496938,0.703654,1.0,0.548597,5726.7,67.3,129.6,949.9,100.0,1.0
655884,4104,162,9.778335,0.547839,-0.07021,0.006715,6e-06,0.00206892,0.120365,-0.649292,0.904906,1.0,0.464365,5146.2,63.7,30.8,540.6,100.0,1.0
656044,4105,160,11.585573,0.2,0.074883,0.029472,0.039432,0.00193908,0.229476,-0.228351,0.874605,1.0,0.640307,6750.0,80.1,133.0,644.6,100.0,1.0
656209,4106,165,10.885025,0.888339,0.017333,0.012783,0.0,0.00232517,0.123461,-0.284152,0.596874,0.852142,0.675115,6537.4,88.2,95.7,476.7,100.0,1.0
656365,4107,156,10.803798,0.53079,-0.034039,0.009443,3.5e-05,0.00206826,0.180716,-0.329945,0.741789,1.0,0.639911,6362.9,79.2,142.0,566.5,100.0,1.0
656527,4108,162,9.674704,0.2,0.008603,0.015548,0.060947,0.00229982,0.078208,-0.486274,0.762073,0.838527,0.606441,5767.3,78.4,95.8,693.9,100.0,1.0
656686,4109,159,8.264633,0.719918,-0.27151,0.0,2e-06,0.00212764,0.046814,-1.0,1.0,1.0,0.265931,3280.1,36.2,21.0,591.3,100.0,1.0
656845,4110,159,12.189362,0.2,-0.014542,0.007012,0.0,0.00202682,0.245745,-0.122813,0.702508,1.0,0.657604,7152.1,82.5,133.1,521.6,100.0,1.0
657001,4111,156,9.409893,0.2,-0.128644,0.0,0.189176,0.00225495,0.08673,-0.678071,0.732346,1.0,0.495897,5036.5,60.5,120.1,453.9,100.0,1.0
657160,4112,159,10.118573,0.2,0.001663,0.007661,0.09626,0.00187677,0.173133,-0.40243,0.793187,1.0,0.576679,6086.7,74.3,94.0,706.7,100.0,1.0
657324,4113,164,4.447824,0.2,-0.03018,0.011557,0.048184,0.0018779,-0.100699,-0.634029,0.247836,0.631952,0.623779,5204.3,79.7,109.5,666.4,100.0,1.0
657481,4114,157,9.364156,1.0,-0.461296,0.0,0.0,0.00269454,0.013335,-1.0,0.652212,1.0,0.259431,2743.1,32.3,55.1,244.0,100.0,1.0
657636,4115,155,9.980524,0.428356,-0.052143,0.006197,1.4e-05,0.00220147,0.123927,-0.653042,0.990557,1.0,0.48282,5131.9,59.7,107.9,793.3,100.0,1.0
657796,4116,160,12.091618,0.918476,-0.114974,0.006581,0.0,0.00210892,0.226144,-0.175347,0.690442,1.0,0.657643,6951.9,82.9,128.6,495.7,100.0,1.0
657951,4117,155,8.995991,0.234182,0.004782,0.001367,5.9e-05,0.0020571,0.100442,-0.648932,0.730715,1.0,0.477516,5147.6,61.7,75.9,803.4,100.0,1.0
658115,4118,164,9.367397,0.2,-0.001061,0.009137,0.016023,0.00166839,0.162991,-0.442439,0.770675,1.0,0.546113,5934.3,71.7,73.6,856.1,100.0,1.0
658277,4119,162,8.503012,0.2,-0.214385,0.013494,0.0,0.00244554,0.000144,-1.0,0.804711,0.972439,0.353405,3522.2,44.6,68.2,443.4,100.0,1.0
658439,4120,162,8.087042,0.2,-0.074539,0.021534,0.012529,0.00221858,0.017559,-0.517303,0.548359,0.763619,0.617438,5649.1,80.1,94.8,640.3,100.0,1.0
658597,4121,158,11.940233,0.2,-0.0949,0.004112,0.000414,0.00257399,0.149954,-0.595214,1.0,1.0,0.458607,5352.2,56.5,104.7,413.1,100.0,1.0
658764,4122,167,10.898117,0.783594,-0.083199,0.0,0.0,0.0019786,0.177687,-0.430232,0.828878,1.0,0.523096,5980.8,64.0,124.9,490.7,100.0,1.0
658930,4123,166,10.703323,0.842345,-0.017621,0.032823,0.0,0.00206072,0.156967,-0.104579,0.59346,0.826238,0.774797,7221.6,98.9,138.0,498.0,100.0,1.0
659096,4124,166,12.078585,1.0,0.002475,0.019232,0.0,0.00246869,0.153404,-0.272248,0.539802,0.939214,0.670073,6582.7,84.9,126.7,318.8,100.0,1.0
659253,4125,157,10.172627,0.413386,0.022859,0.004597,3.8e-05,0.00221873,0.126042,-0.499803,0.606847,1.0,0.548557,5715.8,70.0,97.4,489.5,100.0,1.0
659412,4126,159,8.702116,0.723159,-0.013314,0.002154,0.0,0.00200812,0.086528,-0.692302,0.661031,1.0,0.436347,4982.3,52.9,110.2,311.5,100.0,1.0
659576,4127,164,5.82968,0.347573,-0.05223,0.036432,0.0,0.00181698,-0.026124,-0.609668,0.498363,0.730343,0.590985,5297.2,76.5,92.1,617.9,100.0,1.0
659740,4128,164,9.49887,0.2,0.039191,0.0,0.153052,0.00198299,0.117746,-0.731893,1.0,1.0,0.380459,4831.5,52.5,21.3,658.6,100.0,1.0
659896,4129,156,10.226122,0.336082,-0.06754,0.013514,4e-06,0.00198792,0.166763,-0.240711,0.801791,0.879319,0.684646,6702.9,89.2,100.8,561.7,100.0,1.0
660054,4130,158,12.71739,1.0,-0.074748,0.010439,0.0,0.00247758,0.201628,-0.352363,0.890678,1.0,0.570565,6277.5,68.0,157.9,372.2,100.0,1.0
660219,4131,165,12.819128,0.898278,-0.029413,0.013052,0.0,0.00201619,0.265194,-0.04306,0.753282,1.0,0.725315,7455.9,91.6,139.7,477.5,100.0,1.0
660385,4132,166,11.317823,0.222139,-0.157094,0.021943,0.009408,0.00178745,0.231133,-0.219217,0.832955,1.0,0.627182,6784.8,77.6,139.9,487.1,100.0,1.0
660545,4133,160,11.269799,1.0,-0.014135,0.016892,0.0,0.00226349,0.163455,-0.30619,0.586994,0.982031,0.658941,6453.4,81.4,148.6,347.3,100.0,1.0
660709,4134,164,10.990387,0.2,0.011844,0.029422,0.013861,0.00163528,0.244407,-0.156129,0.797533,1.0,0.653508,7025.1,85.2,94.6,878.9,100.0,1.0
660868,4135,159,9.299172,0.463506,0.057945,0.018266,0.0,0.00249274,0.03737,-0.323294,0.454518,0.716831,0.729096,6388.2,93.0,129.9,312.4,100.0,1.0
661025,4136,157,9.621278,0.2,0.088814,0.028639,0.026815,0.00168395,0.184386,-0.399954,0.911144,1.0,0.583724,6096.2,71.4,140.2,696.7,100.0,1.0
661187,4137,162,8.713027,0.2,-0.151785,0.023769,0.009153,0.00193861,0.092346,-0.769637,1.0,1.0,0.441408,4687.7,55.6,86.6,581.8,100.0,1.0
661344,4138,157,13.496754,0.423565,0.0119,0.011048,1.9e-05,0.00264333,0.214594,-0.283097,0.818906,1.0,0.591064,6541.4,74.0,122.0,465.5,100.0,1.0
661506,4139,162,11.070549,0.2,0.018911,0.023396,0.007862,0.00184907,0.21694,-0.043419,0.707373,0.89663,0.762107,7454.6,98.3,123.8,740.4,100.0,1.0
661671,4140,165,11.093535,0.2,-0.065341,0.017106,0.017778,0.00208679,0.173244,-0.415683,0.803369,1.0,0.55802,6036.2,72.7,81.7,566.2,100.0,1.0
661831,4141,160,10.322401,0.365081,-0.031776,0.026484,3e-06,0.002173,0.133917,-0.485189,0.702507,1.0,0.582587,5771.4,71.9,131.9,601.3,100.0,1.0
661987,4142,156,11.444038,0.845732,0.037361,0.008872,0.0,0.00210688,0.205276,-0.370596,0.954979,1.0,0.552567,6208.0,70.4,99.7,451.5,100.0,1.0
662150,4143,163,3.003744,0.312786,-0.224217,0.012936,0.0,0.00190293,-0.170029,-1.0,0.448677,0.63652,0.438392,3799.7,58.0,53.5,715.1,100.0,1.0
662312,4144,162,10.128214,0.2,-0.015839,0.027539,0.028285,0.00156866,0.21844,-0.167713,0.807197,0.952855,0.685395,6981.0,89.4,99.7,905.4,100.0,1.0
662472,4145,160,13.680583,0.436859,-0.019242,0.027868,0.0,0.00210313,0.30181,0.006513,0.820052,1.0,0.662376,7644.8,85.3,108.6,395.3,100.0,1.0
662635,4146,163,10.411025,0.231572,0.00782,0.03332,0.014832,0.00194539,0.168672,-0.18528,0.773466,0.853234,0.712291,6914.1,93.3,99.0,803.8,100.0,1.0
662795,4147,160,12.114773,1.0,0.046191,0.014466,0.0,0.00230976,0.195726,-0.323674,0.825786,1.0,0.617836,6386.8,79.1,106.8,376.6,100.0,1.0
662956,4148,161,13.0176,0.702021,-0.129128,0.0,9e-06,0.00274665,0.165274,-0.552168,1.0,1.0,0.457336,5516.2,57.1,96.3,248.4,100.0,1.0
663116,4149,160,7.308582,0.539741,0.028874,0.013067,0.0,0.0021894,-0.009194,-0.664962,0.349503,0.856374,0.55569,5086.5,68.5,127.0,417.7,100.0,1.0
663269,4150,153,7.23535,0.768291,-0.078386,0.021119,0.0,0.00223212,-0.003808,-0.728175,0.747187,0.78854,0.498269,4845.7,67.7,40.2,415.0,100.0,1.0
663430,4151,161,7.760589,0.2,-0.198711,0.0,0.280183,0.00191638,0.053689,-1.0,1.0,1.0,0.231553,3264.2,31.5,18.8,629.5,100.0,1.0
663591,4152,161,10.920883,0.2,0.064529,0.026889,0.000248,0.00245403,0.114649,-0.237378,0.471791,0.838609,0.714805,6715.6,91.3,126.0,410.9,100.0,1.0
663760,4153,169,11.110422,0.2,0.047407,0.030119,0.0,0.00184615,0.206621,-0.212429,0.7141,0.966059,0.642799,6810.6,86.6,61.0,615.2,100.0,1.0
663915,4154,155,9.077073,0.2,-0.105551,0.022002,0.0,0.00218904,0.084407,-0.783608,0.955456,1.0,0.434377,4634.5,54.3,90.1,418.1,100.0,1.0
664070,4155,155,12.179518,1.0,-0.056319,0.0,2.5e-05,0.00259464,0.166401,-0.518084,0.982874,1.0,0.502784,5646.1,63.5,97.0,364.6,100.0,1.0
664228,4156,158,9.885609,1.0,0.006452,0.010409,0.0,0.00194319,0.154498,-0.153741,0.496558,0.878248,0.743676,7034.2,93.6,147.1,475.7,100.0,1.0
664388,4157,160,11.759118,0.2,-0.059114,0.01474,0.022553,0.00212396,0.209158,-0.369136,0.959534,1.0,0.537987,6213.6,71.4,63.3,416.4,100.0,1.0
664543,4158,155,11.329259,0.2,-0.029875,0.020844,0.008303,0.00182316,0.246353,-0.134108,0.779094,1.0,0.673093,7109.1,85.4,126.0,541.1,100.0,1.0
664694,4159,151,6.112956,0.2,-0.175221,0.027968,0.044056,0.00216001,-0.040757,-0.889887,0.732075,0.815113,0.438966,4229.5,58.3,52.0,652.1,100.0,1.0
664856,4160,162,9.938873,0.2,-0.002832,0.01136,0.140965,0.00217577,0.111581,-0.570833,0.75642,0.986663,0.548009,5445.1,68.5,113.9,544.3,100.0,1.0
665022,4161,166,8.766092,1.0,0.036594,0.011566,0.0,0.00226635,0.033098,-0.561818,0.63759,0.797678,0.566061,5479.5,76.2,54.4,537.2,100.0,1.0
665176,4162,154,9.700512,0.2,0.009824,0.005722,0.025848,0.00191014,0.158792,-0.50451,0.950703,1.0,0.548498,5697.8,69.2,107.2,839.0,100.0,1.0
665333,4163,157,8.719599,1.0,0.790895,0.0,0.0,0.00253567,0.009055,-1.0,1.0,0.902756,0.28455,3011.7,39.6,12.6,565.4,100.0,1.0
665489,4164,156,9.072095,0.2,-0.150499,0.022201,0.056291,0.00242244,0.045744,-1.0,1.0,1.0,0.271278,3179.0,33.9,56.6,595.3,100.0,1.0
665659,4165,170,7.274078,0.310536,-0.032082,0.012706,6e-05,0.0016051,0.066843,-0.476069,0.436934,0.892464,0.612945,5806.2,76.7,126.7,642.2,100.0,1.0
665822,4166,163,9.468356,0.881802,-0.107607,0.004098,0.0,0.00197712,0.119897,-0.662103,0.938759,1.0,0.461215,5097.4,61.4,51.8,740.3,100.0,1.0
665982,4167,160,11.527763,0.2,-0.032218,0.018882,0.04811,0.00268316,0.109057,-0.599711,0.692928,1.0,0.501682,5335.1,62.8,102.9,427.5,100.0,1.0
666139,4168,157,10.941286,0.480879,0.053313,0.0,0.0,0.0019858,0.199267,-0.371663,0.800818,1.0,0.503664,6204.0,65.3,77.6,462.2,100.0,1.0
666298,4169,159,8.625861,0.636062,-0.119046,0.0,1e-05,0.00183364,0.111339,-0.718812,1.0,1.0,0.435385,4881.3,61.0,14.5,802.8,100.0,1.0
666466,4170,168,9.214728,0.599323,-0.010488,0.022633,0.0,0.00191209,0.109156,-0.655271,0.859897,1.0,0.487445,5123.4,59.1,122.7,633.1,100.0,1.0
666629,4171,163,11.592045,0.87073,0.005014,0.012162,0.0,0.00190847,0.230348,-0.177671,0.777652,1.0,0.676163,6943.1,85.6,128.0,724.0,100.0,1.0
666788,4172,159,9.353596,0.205636,-0.126893,0.0,0.0,0.00173152,0.161562,-0.497994,0.887017,1.0,0.514211,5722.6,61.5,139.2,663.3,100.0,1.0
666947,4173,159,12.195857,0.312324,0.049945,0.008179,0.005766,0.00241091,0.186308,-0.463607,1.0,1.0,0.507148,5853.7,63.2,107.6,444.6,100.0,1.0
667111,4174,164,10.654804,0.254698,-0.031443,0.011693,0.004449,0.00192703,0.181676,-0.388299,0.809961,1.0,0.567075,6140.6,71.3,113.5,741.8,100.0,1.0
667275,4175,164,7.074547,0.2,-0.061475,0.018577,0.019891,0.00160411,0.067397,-0.877094,0.997348,1.0,0.376774,4278.3,46.4,86.7,741.4,100.0,1.0
667432,4176,157,8.071616,0.33213,-0.300391,0.0,0.0,0.0019137,0.076584,-0.878621,1.0,1.0,0.329493,4272.5,43.2,45.2,421.4,100.0,1.0
667588,4177,156,14.250866,0.753115,-0.01445,0.028136,0.0,0.00232997,0.30224,-0.057769,1.0,1.0,0.637704,7399.9,81.6,110.8,334.3,100.0,1.0
667749,4178,161,5.437573,0.398787,-0.149594,0.02166,0.0,0.00164477,-0.010781,-0.526712,0.511747,0.726862,0.660042,5613.2,81.3,152.0,687.8,100.0,1.0
667913,4179,164,10.47988,1.0,-0.046697,0.027714,0.0,0.0027762,0.034295,-0.504806,0.472084,0.820253,0.616603,5696.7,78.2,114.9,300.7,100.0,1.0
668066,4180,153,12.957388,0.2,-0.019501,0.013628,0.036997,0.00254906,0.215437,-0.306287,0.869018,1.0,0.57132,6453.0,68.8,149.8,300.9,100.0,1.0
668232,4181,166,11.266207,0.562376,-0.139174,0.019263,0.0,0.00193083,0.205948,-0.274497,0.800495,1.0,0.64014,6574.2,79.5,139.2,556.0,100.0,1.0
668390,4182,158,12.870945,1.0,0.054324,0.0,0.0,0.00243262,0.217122,-0.260268,0.730717,1.0,0.574277,6628.4,69.4,147.4,215.9,100.0,1.0
668551,4183,161,6.976082,0.2,-0.507707,0.009952,0.017338,0.00255544,-0.08541,-0.90286,0.91927,0.669005,0.477438,4180.1,62.6,65.2,408.8,100.0,1.0
668711,4184,160,11.643867,0.2,-0.035381,0.029767,0.020388,0.00230283,0.175787,-0.394452,0.823889,1.0,0.592719,6117.1,74.5,118.7,642.5,100.0,1.0
668866,4185,155,10.912548,1.0,-0.044913,0.007911,0.0,0.00218677,0.171146,-0.418661,0.820074,1.0,0.57165,6024.9,70.5,130.8,510.8,100.0,1.0
669030,4186,164,11.955449,1.0,-0.160032,0.00765,0.0,0.00250448,0.148146,-0.578934,0.923521,1.0,0.457893,5414.3,56.0,110.2,419.9,100.0,1.0
669191,4187,161,11.223767,0.2,0.064987,0.019892,0.011937,0.00231308,0.15233,-0.413542,0.729064,0.982992,0.59942,6044.4,76.2,110.0,532.9,100.0,1.0
669352,4188,161,4.995821,0.415465,-0.108371,0.014654,0.005025,0.00149943,-0.007824,-0.552798,0.385135,0.764174,0.601596,5513.8,78.1,91.1,944.9,100.0,1.0
669511,4189,159,7.360595,0.685673,0.0104,0.000339,0.0,0.0018221,0.054412,-0.557775,0.754374,0.819513,0.56317,5494.9,75.5,57.8,812.2,100.0,1.0
669667,4190,156,12.427018,0.293252,-0.01046,0.02869,0.001081,0.00197019,0.27364,-0.002249,0.749863,1.0,0.752796,7611.4,94.4,153.5,654.3,100.0,1.0
669721,4191,54,-7.185042,0.44923,0.614205,0.0,0.0,0.0024891,-0.800065,-1.0,-1.0,-1.0,0.000324,0.0,0.0,0.5,34.8,100.0,1.0
669885,4192,164,10.145025,0.601794,-0.0466,0.006298,0.0,0.00225847,0.104037,-0.665281,0.908357,0.974742,0.475552,5085.3,64.4,41.5,494.1,100.0,1.0
670039,4193,154,10.040217,0.298472,-0.065048,0.006819,0.0,0.00184944,0.184728,-0.414757,0.897566,1.0,0.549317,6039.8,71.9,76.6,659.5,100.0,1.0
670194,4194,155,7.356641,0.505941,-0.251372,0.003859,0.0,0.00212115,0.01526,-1.0,1.0,0.922196,0.287541,3083.7,40.1,11.3,646.6,100.0,1.0
670356,4195,162,12.294716,0.2,0.029203,0.008545,0.040277,0.00235404,0.193639,-0.445392,1.0,1.0,0.50237,5923.1,66.0,67.1,534.9,100.0,1.0
670513,4196,157,9.466092,0.2,-0.025157,0.021049,0.09584,0.00193293,0.139266,-0.58274,0.952768,1.0,0.510261,5399.8,65.3,88.6,706.4,100.0,1.0
670671,4197,158,11.648636,1.0,-0.063176,0.023545,0.0,0.00243887,0.159486,-0.448844,0.802394,1.0,0.56829,5909.9,69.4,137.8,367.5,100.0,1.0
670834,4198,163,8.51296,0.327933,0.034035,0.008941,0.0,0.00198513,0.074613,-0.662406,0.797838,0.935976,0.504604,5096.2,65.8,73.2,1271.0,100.0,1.0
670995,4199,161,10.354526,0.2,-0.022401,0.009356,0.052867,0.00174614,0.20321,-0.337168,0.858796,1.0,0.573306,6335.4,73.0,103.4,562.2,100.0,1.0
671160,4200,165,9.345539,0.2,-0.030527,0.016065,0.060804,0.0016715,0.161336,-0.497585,0.928526,1.0,0.536809,5724.2,69.9,79.2,986.3,100.0,1.0
671325,4201,165,10.939706,0.852394,0.025106,0.014304,0.0,0.00193923,0.191716,-0.281169,0.659276,1.0,0.629011,6548.7,80.4,110.4,530.0,100.0,1.0
671487,4202,162,10.392985,0.2,0.048535,0.004208,0.044553,0.00209597,0.146579,-0.554167,0.947321,1.0,0.520974,5508.6,68.5,69.0,618.2,100.0,1.0
671650,4203,163,11.917367,0.930027,-3.3e-05,0.031096,0.0,0.00234308,0.175536,-0.332483,0.631192,1.0,0.606072,6353.2,74.7,138.7,452.4,100.0,1.0
671806,4204,156,13.482952,0.2,-0.020283,0.028634,0.005337,0.0019463,0.327104,0.076381,0.922854,1.0,0.709575,7911.0,92.7,101.3,635.3,100.0,1.0
671965,4205,159,14.112819,0.46123,0.009209,0.007471,2e-06,0.00232681,0.290274,0.016816,0.761808,1.0,0.70896,7684.1,87.0,167.1,381.3,100.0,1.0
672125,4206,160,9.595508,0.479166,-0.055613,0.004752,0.0,0.0020283,0.124407,-0.632045,0.921467,1.0,0.48262,5211.9,63.8,59.7,848.4,100.0,1.0
672284,4207,159,13.104701,0.2,0.102186,0.022127,0.036113,0.00201667,0.292487,0.100626,0.798305,0.950388,0.775991,8003.4,102.6,126.7,775.6,100.0,1.0
672441,4208,157,13.408924,1.0,0.05239,0.035989,0.0,0.00223044,0.27722,0.078874,0.584262,0.989192,0.775149,7920.5,99.5,130.6,374.9,100.0,1.0
672603,4209,162,13.396291,0.337628,0.088731,0.015379,0.023092,0.00206821,0.291781,0.007067,0.736573,1.0,0.671747,7646.9,86.6,109.6,510.1,100.0,1.0
672760,4210,157,10.48455,0.593281,0.016218,0.019992,3.5e-05,0.00185101,0.199984,-0.270705,0.743236,1.0,0.647965,6588.6,82.1,122.1,610.5,100.0,1.0
672919,4211,159,10.014102,0.329199,-0.089538,0.010805,0.0,0.00196017,0.156907,-0.439176,0.856023,0.980842,0.591393,5946.7,75.1,110.0,417.1,100.0,1.0
673076,4212,157,7.939931,0.397896,-0.017548,0.014636,0.0,0.00180836,0.087609,-0.52691,0.895817,0.853079,0.580656,5612.5,75.7,84.4,596.4,100.0,1.0
673231,4213,155,6.361836,0.785956,-0.080541,0.00287,0.0,0.00231057,-0.060463,-0.809996,0.465652,0.792164,0.503934,4533.9,63.2,102.0,637.1,100.0,1.0
673390,4214,159,10.591483,0.280488,-0.017066,0.004002,0.011245,0.0023866,0.116156,-0.73029,1.0,1.0,0.39121,4837.6,47.8,94.7,367.4,100.0,1.0
673555,4215,165,10.961267,0.460172,-0.031903,0.012542,0.0,0.00249716,0.100957,-0.829135,1.0,1.0,0.29423,4461.0,40.2,21.2,470.5,100.0,1.0
673714,4216,159,10.627421,0.742987,-0.011482,0.003358,0.0,0.00210869,0.162134,-0.383022,0.766324,0.973373,0.605606,6160.7,78.0,98.8,500.5,100.0,1.0
673871,4217,157,8.279641,0.347104,-0.14256,0.0,6e-06,0.00204358,0.066698,-0.929044,1.0,1.0,0.290685,4080.3,39.5,23.3,589.1,100.0,1.0
674033,4218,162,9.463611,0.270326,-0.012664,0.014044,0.000484,0.00220595,0.085599,-0.678569,0.691497,1.0,0.48026,5034.7,57.5,129.2,439.5,100.0,1.0
674203,4219,170,8.906602,0.752986,0.091982,0.007944,0.0,0.001688,0.129938,-0.219222,0.531533,0.832817,0.689867,6784.8,92.5,70.1,762.3,100.0,1.0
674363,4220,160,7.509629,0.258648,-0.19972,0.0,0.018408,0.00179835,0.063763,-0.948978,1.0,1.0,0.270474,4004.4,38.4,3.3,633.8,100.0,1.0
674522,4221,159,11.853378,0.488158,-0.018664,0.011912,0.0,0.00202237,0.233244,-0.233588,0.784228,1.0,0.567117,6730.0,69.8,130.5,558.9,100.0,1.0
674684,4222,162,10.666322,0.2,0.060362,0.013367,0.03693,0.00185574,0.198612,-0.261736,0.677907,1.0,0.637857,6622.8,78.8,143.7,738.1,100.0,1.0
674843,4223,159,10.029009,1.0,0.038534,0.013684,0.0,0.00211885,0.132515,-0.636747,0.899993,1.0,0.423112,5194.0,55.7,55.4,596.4,100.0,1.0
674999,4224,156,8.433359,0.2,-0.000799,0.017637,0.050999,0.00187732,0.101867,-0.753379,1.0,1.0,0.422253,4749.6,56.3,46.7,1119.2,100.0,1.0
675158,4225,159,10.312767,0.2,-0.164458,0.010708,0.165367,0.00247868,0.088595,-0.83573,1.0,1.0,0.344499,4435.9,44.9,50.5,603.8,100.0,1.0
675316,4226,158,12.587094,1.0,0.006662,0.0034,0.0,0.00217336,0.245826,-0.181846,0.947188,0.991248,0.660919,6927.2,87.0,86.9,546.1,100.0,1.0
675473,4227,157,11.54013,1.0,0.058741,0.0147,0.0,0.00190066,0.241809,-0.010914,0.783148,0.904109,0.74562,7578.4,99.5,81.9,479.4,100.0,1.0
675629,4228,156,11.167068,1.0,-0.046764,0.0,0.0,0.00260466,0.116432,-0.674642,0.865345,1.0,0.419888,5049.6,50.0,116.6,271.2,100.0,1.0
675795,4229,166,7.866028,0.2,-0.010064,0.022714,0.011268,0.0015935,0.103729,-0.586625,0.627136,1.0,0.51833,5385.0,66.5,87.9,824.1,100.0,1.0
675952,4230,157,11.634496,0.2,0.0509,0.00963,0.067494,0.00210647,0.213958,-0.340069,1.0,1.0,0.585091,6324.3,74.7,103.5,767.4,100.0,1.0
676117,4231,165,9.140788,1.0,0.073283,0.013949,0.0,0.00198962,0.099651,-0.39645,0.449608,0.914862,0.633771,6109.5,79.8,125.7,488.6,100.0,1.0
676275,4232,158,11.360896,1.0,-0.08523,0.017585,0.0,0.0023478,0.16092,-0.430629,0.762596,1.0,0.573098,5979.3,73.1,102.0,333.8,100.0,1.0
676433,4233,158,6.648565,0.343584,-0.404886,0.0,0.0,0.00166808,0.047711,-1.0,0.621086,1.0,0.071988,1520.6,9.8,5.1,693.6,100.0,1.0
676589,4234,156,11.029471,0.475218,0.013804,0.029164,3e-06,0.0021564,0.179964,-0.136161,0.658156,0.884019,0.738012,7101.2,94.2,130.7,385.9,100.0,1.0
676751,4235,162,10.494424,0.2,-0.070852,0.001654,0.0,0.0020143,0.165011,-0.509905,0.91854,1.0,0.491881,5677.3,66.1,48.9,598.7,100.0,1.0
676910,4236,159,10.014877,0.747092,-0.121092,0.017167,0.0,0.0018367,0.176849,-0.406489,0.805328,1.0,0.557065,6071.3,69.8,114.5,663.8,100.0,1.0
677064,4237,154,11.744761,0.774225,0.026749,0.017022,0.0,0.00221937,0.208098,0.011623,0.643638,0.83582,0.764354,7664.3,104.4,107.3,388.4,100.0,1.0
677223,4238,159,9.019144,0.235599,-0.05244,0.029625,9.1e-05,0.00219846,0.072729,-0.907943,1.0,1.0,0.297453,4160.7,36.5,70.3,308.1,100.0,1.0
677377,4239,154,12.589942,0.2,0.020998,0.031353,0.151451,0.00256361,0.194726,-0.267377,0.932904,0.934357,0.660036,6601.3,85.3,104.7,425.0,100.0,1.0
677541,4240,164,10.384183,0.2,-0.097597,0.0,0.041941,0.00241768,0.089787,-0.782872,0.929332,1.0,0.395704,4637.3,49.5,81.7,437.3,100.0,1.0
677709,4241,168,10.695292,0.2,0.00071,0.032021,0.019871,0.00209455,0.149027,-0.379057,0.805059,0.926248,0.61498,6175.8,80.2,89.8,674.2,100.0,1.0
677869,4242,160,11.811598,0.2,-0.015722,0.004827,0.0,0.00209517,0.217986,-0.324086,1.0,1.0,0.592921,6385.2,74.9,114.8,551.8,100.0,1.0
678030,4243,161,9.523337,0.2,-0.064644,0.015196,0.067139,0.00193632,0.134303,-0.628614,0.917587,1.0,0.437203,5225.0,55.7,78.4,565.1,100.0,1.0
678189,4244,159,9.709827,0.2,-0.103118,0.018743,0.035735,0.00180346,0.168037,-0.404962,0.735609,1.0,0.568936,6077.1,71.7,112.2,787.6,100.0,1.0
678349,4245,160,7.532932,0.331192,-0.075095,0.00411,8e-06,0.00197603,0.036658,-0.862239,0.93847,0.933274,0.410256,4334.9,56.1,29.8,785.6,100.0,1.0
678510,4246,161,7.591045,0.329752,-0.365356,0.0,0.0,0.0017842,0.068285,-1.0,0.892889,1.0,0.105021,2041.2,13.2,21.6,488.5,100.0,1.0
678664,4247,154,11.176331,0.2,0.005588,0.015457,0.085403,0.00198268,0.218125,-0.241981,0.853377,0.996174,0.6559,6698.1,83.9,114.5,633.0,100.0,1.0
678822,4248,158,13.880619,0.2,0.056931,0.048301,0.008781,0.0022478,0.294998,0.054089,0.775431,1.0,0.75738,7826.1,95.1,152.5,438.5,100.0,1.0
678975,4249,153,10.958278,1.0,0.216187,0.0,0.0,0.00223321,0.171614,-0.457036,0.928105,1.0,0.556171,5878.7,71.1,97.7,314.7,100.0,1.0
679135,4250,160,10.414979,0.2,-0.021857,0.026426,0.0,0.00226669,0.125187,-0.261786,0.595103,0.840601,0.684542,6622.6,90.0,91.5,516.0,100.0,1.0
679295,4251,160,12.589025,1.0,-0.056424,0.016379,0.0,0.00250258,0.189326,-0.413731,0.925216,1.0,0.541948,6043.7,68.2,107.5,352.9,100.0,1.0
679450,4252,155,11.983538,0.2,-0.077978,0.010331,0.021252,0.00233379,0.19969,-0.328824,0.7873,1.0,0.569757,6367.2,70.8,124.1,464.7,100.0,1.0
679612,4253,162,10.930546,1.0,0.006116,0.011795,0.0,0.00191462,0.201943,-0.285259,0.786841,1.0,0.6345,6533.2,81.0,113.0,577.1,100.0,1.0
679767,4254,155,11.28646,1.0,-0.062203,0.012969,0.0,0.00215306,0.19506,-0.339892,0.793311,1.0,0.576545,6325.0,73.1,107.6,329.5,100.0,1.0
679924,4255,157,9.834674,0.300617,-0.000432,0.0,0.007575,0.00180719,0.177036,-0.496318,0.995238,1.0,0.493884,5729.0,67.6,35.0,719.2,100.0,1.0
680084,4256,160,5.309451,0.473903,-0.108332,0.020083,0.0,0.00238022,-0.132092,-0.774993,0.183046,0.666328,0.561816,4667.3,70.0,119.4,489.8,100.0,1.0
680242,4257,158,8.587784,0.2,0.06511,0.010295,0.044457,0.0021053,0.069733,-0.54027,0.511785,0.930284,0.58975,5561.6,72.0,142.6,594.7,100.0,1.0
680398,4258,156,9.33002,0.2,0.057725,0.025397,0.038437,0.00173213,0.166947,-0.204972,0.743767,0.881498,0.721068,6839.1,90.9,141.6,729.5,100.0,1.0
680553,4259,155,12.135412,0.996545,-0.070389,0.000798,0.0,0.00218129,0.230508,-0.28267,1.0,1.0,0.602789,6543.0,79.0,82.9,606.4,100.0,1.0
680709,4260,156,10.639692,0.2,-0.019055,0.006237,0.052249,0.00205164,0.178488,-0.397055,0.935106,0.976349,0.588876,6107.2,77.3,80.2,472.4,100.0,1.0
680870,4261,161,11.855003,1.0,0.081718,0.002032,0.0,0.00221532,0.198844,-0.327852,0.833249,1.0,0.598666,6370.9,74.1,133.3,431.0,100.0,1.0
681032,4262,162,8.160409,0.53431,-0.176845,0.0,0.0,0.00192128,0.071154,-0.863261,1.0,1.0,0.383521,4331.0,54.1,8.2,766.4,100.0,1.0
681192,4263,160,6.366752,0.823096,-0.078337,0.005102,0.0,0.00196159,-0.015505,-0.28698,0.241579,0.602984,0.75132,6526.6,101.8,85.5,533.3,100.0,1.0
681348,4264,156,12.74476,0.2,-0.019472,0.016564,0.013091,0.00227767,0.241904,-0.166071,0.8444,1.0,0.672056,6987.3,84.7,131.7,533.6,100.0,1.0
681508,4265,160,10.96122,0.2,-0.021826,0.014296,0.007598,0.0019256,0.205566,-0.198609,0.815046,0.93545,0.669164,6863.3,88.7,81.0,715.8,100.0,1.0
681663,4266,155,12.752324,0.31813,-0.00581,0.023404,0.0,0.00218974,0.258216,-0.102099,0.809883,1.0,0.685188,7231.0,86.8,128.9,685.1,100.0,1.0
681826,4267,163,8.507818,0.2,0.023937,0.004864,0.12169,0.00210346,0.055869,-0.249096,0.467719,0.706749,0.755406,6670.9,97.7,119.0,675.4,100.0,1.0
681982,4268,156,8.387956,1.0,-0.048659,0.0104,0.0,0.00215016,0.057701,-0.78181,0.678412,1.0,0.432532,4641.3,55.2,76.8,523.6,100.0,1.0
682139,4269,157,10.19378,1.0,-0.099836,0.012223,0.0,0.00226866,0.121592,-0.11972,0.600571,0.745714,0.787817,7163.9,102.6,146.4,499.4,100.0,1.0
682301,4270,162,12.052247,0.2,-0.026326,0.016975,0.07598,0.00195376,0.248382,-0.152955,0.852992,1.0,0.666914,7037.2,83.9,132.9,682.7,100.0,1.0
682465,4271,164,11.294984,0.318349,-0.007933,0.019954,0.009754,0.00214028,0.178406,-0.390675,0.848541,1.0,0.598562,6131.5,73.7,137.7,443.9,100.0,1.0
682629,4272,164,9.021131,0.322985,0.094177,0.002961,0.026915,0.00187976,0.11456,-0.213614,0.665835,0.759861,0.716049,6806.1,96.7,65.4,687.6,100.0,1.0
682790,4273,161,9.819095,0.2,-0.041908,0.008783,0.073856,0.00207611,0.125988,-0.616973,1.0,0.96847,0.48518,5269.3,66.9,27.9,619.7,100.0,1.0
682948,4274,158,11.390237,0.364451,-0.055699,0.010908,2e-06,0.00206733,0.207261,-0.345013,0.895904,1.0,0.557874,6305.5,72.2,87.4,521.6,100.0,1.0
683108,4275,160,10.714779,0.82437,-0.066384,0.028813,0.0,0.00230875,0.132859,-0.302637,0.582656,0.902114,0.676117,6467.0,85.0,135.2,462.4,100.0,1.0
683267,4276,159,13.838478,0.966473,0.050389,0.035909,0.0,0.00235986,0.273517,0.016626,0.828327,0.966943,0.767823,7683.3,97.7,140.4,287.9,100.0,1.0
683429,4277,162,11.787107,0.533626,-0.085774,0.006975,0.0,0.00249847,0.147862,-0.506299,0.878676,0.995771,0.556603,5691.0,71.3,96.0,481.6,100.0,1.0
683589,4278,160,12.021774,0.2,-0.016652,0.008758,0.021164,0.00219038,0.213222,-0.352998,1.0,1.0,0.566145,6275.1,71.7,107.0,472.8,100.0,1.0
683748,4279,159,9.756894,0.656827,0.015497,0.036074,0.0,0.00211788,0.120764,-0.243771,0.709685,0.78886,0.704929,6691.2,93.5,83.9,501.1,100.0,1.0
683908,4280,160,12.109424,0.658223,-0.00128,0.015686,1.9e-05,0.00205451,0.239106,0.008394,0.768344,0.9002,0.778682,7652.0,100.7,131.1,490.4,100.0,1.0
684065,4281,157,9.466587,0.2,0.040292,0.026282,0.044396,0.0020371,0.12408,-0.253279,0.754911,0.79982,0.713501,6655.0,92.4,110.7,603.7,100.0,1.0
684225,4282,160,10.634015,0.447098,0.06281,0.003819,1.6e-05,0.00224804,0.138966,-0.035552,0.579502,0.709751,0.774771,7484.5,109.4,124.6,504.5,100.0,1.0
684382,4283,157,8.33245,0.55391,-0.344004,0.0,0.0,0.00211208,0.059142,-1.0,1.0,1.0,0.204291,2674.7,28.7,5.6,423.4,100.0,1.0
684545,4284,163,6.308666,0.394219,-0.015078,0.027025,0.000206,0.0020206,-0.033519,-0.301376,0.219553,0.592806,0.787372,6471.8,101.6,145.6,488.9,100.0,1.0
684707,4285,162,9.855835,0.570926,0.018339,0.01216,0.0,0.00202867,0.133539,-0.3686,0.74087,0.889478,0.614275,6215.6,82.2,64.3,536.6,100.0,1.0
684865,4286,158,12.267052,1.0,0.000838,0.003932,0.0,0.00252657,0.17609,-0.505881,1.0,1.0,0.484259,5692.6,62.1,83.0,347.3,100.0,1.0
685029,4287,164,7.215825,0.2,-0.16224,0.001786,0.045539,0.00227583,-0.034816,-0.775309,0.751011,0.749791,0.504927,4666.1,66.7,63.8,397.3,100.0,1.0
685184,4288,155,10.28491,0.2,-0.035005,0.016986,0.053334,0.00188621,0.190014,-0.353028,0.840837,1.0,0.602551,6275.0,75.3,125.3,684.8,100.0,1.0
685338,4289,154,11.754694,0.2,0.02601,0.004828,0.0,0.00237342,0.18582,-0.416858,0.957202,1.0,0.569998,6031.8,75.2,72.5,387.0,100.0,1.0
685499,4290,161,11.869236,0.549382,-0.004594,0.019655,0.0,0.0016424,0.292295,0.114268,0.887299,0.898295,0.75416,8055.4,106.1,90.3,910.7,100.0,1.0
685654,4291,155,10.191483,0.280749,0.040889,0.023793,0.028848,0.0021348,0.147131,-0.457002,0.726318,1.0,0.577749,5878.8,71.3,130.9,449.0,100.0,1.0
685815,4292,161,10.895564,1.0,0.02099,0.011541,0.0,0.00228442,0.143271,-0.426286,0.563637,1.0,0.569466,5995.9,70.1,131.5,598.3,100.0,1.0
685976,4293,161,14.212101,0.2,0.015002,0.020081,0.0,0.00218241,0.315289,0.099335,0.809029,1.0,0.751907,7998.5,95.0,145.1,418.3,100.0,1.0
686133,4294,157,11.537605,0.2,0.07645,0.015943,0.0,0.00178156,0.261512,0.04346,0.913031,0.882038,0.768579,7785.6,103.4,114.3,750.0,100.0,1.0
686298,4295,165,5.551097,0.970488,-0.029281,0.023117,0.0,0.0015315,0.0077,-0.42079,0.445854,0.698669,0.670717,6016.8,88.6,84.8,799.0,100.0,1.0
686456,4296,158,12.479021,1.0,0.020293,0.027793,0.0,0.00220871,0.236383,-0.061911,0.859833,0.918979,0.747872,7384.1,96.2,124.1,635.0,100.0,1.0
686623,4297,167,8.884802,0.333233,-0.067661,0.031391,7.5e-05,0.00150547,0.165354,-0.140768,0.757505,0.823197,0.746235,7083.7,97.1,110.5,800.7,100.0,1.0
686782,4298,159,12.091867,0.2,-0.024965,0.036253,0.033069,0.00206431,0.23897,-0.074214,0.74724,0.954815,0.719819,7337.2,93.8,105.0,618.9,100.0,1.0
686949,4299,167,12.815407,1.0,-0.029836,0.009701,0.0,0.00238589,0.202713,-0.052745,0.584908,0.899921,0.761444,7419.0,97.6,130.1,462.4,100.0,1.0
687105,4300,156,5.271016,0.237481,-0.467727,0.0,0.035198,0.00229904,-0.111384,-1.0,0.904835,0.590128,0.292062,2569.9,40.4,15.4,565.5,100.0,1.0
687269,4301,164,11.693122,0.2,0.058168,0.02315,0.056702,0.00192879,0.232244,0.034035,0.807633,0.819093,0.735569,7749.7,106.5,59.3,781.2,100.0,1.0
687431,4302,162,8.013352,1.0,0.066087,0.000272,0.0,0.00208664,0.037893,-0.607353,0.486178,0.905374,0.575159,5306.0,69.6,146.4,439.5,100.0,1.0
687595,4303,164,8.810092,0.2,0.032217,0.013999,0.013945,0.00178526,0.120507,-0.381576,0.640791,0.891765,0.610689,6166.2,81.5,67.1,579.8,100.0,1.0
687755,4304,160,7.137067,1.0,-0.094245,0.035776,0.0,0.00259536,-0.08046,-0.515727,0.178963,0.642752,0.714074,5655.1,86.1,186.1,144.6,100.0,1.0
687917,4305,162,14.105615,0.884097,0.027893,0.03194,0.0,0.00237203,0.277512,0.175488,0.633565,0.887532,0.789509,8288.6,109.8,149.2,403.6,100.0,1.0
688075,4306,158,12.180288,0.577752,-0.029718,0.0,0.0,0.00234876,0.200397,-0.134986,0.782226,0.893882,0.717197,7105.7,93.8,101.0,514.9,100.0,1.0
688240,4307,165,9.826125,0.266443,-0.285475,0.014588,0.0,0.00229772,0.081952,-0.910749,1.0,1.0,0.246429,4150.0,34.0,14.6,334.9,100.0,1.0
688401,4308,161,13.978858,-0.050003,0.062044,0.029126,0.0,0.00245528,0.260712,0.023353,0.658187,0.982556,0.785875,7709.0,97.2,175.7,421.2,100.0,1.0
688567,4309,166,10.230812,0.996298,0.054672,0.021154,0.0,0.00202119,0.144635,0.092884,0.36941,0.661143,0.781077,7973.9,120.0,135.1,528.2,100.0,1.0
688727,4310,160,11.964748,1.0,0.079941,0.039736,0.0,0.00208839,0.227386,-0.163098,0.697404,1.0,0.676348,6998.6,86.5,118.1,393.0,100.0,1.0
688886,4311,159,9.175932,0.2,0.028236,0.021565,0.0,0.00205187,0.104397,-0.287075,0.530187,0.834136,0.700464,6526.2,89.0,129.6,488.9,100.0,1.0
689052,4312,166,10.87981,0.612193,-0.027227,0.006946,0.0,0.00167818,0.232033,-0.206992,0.798514,1.0,0.626854,6831.4,81.1,98.5,661.8,100.0,1.0
689212,4313,160,6.527018,0.673929,-0.045491,0.004371,0.0,0.00179795,0.018651,-0.678769,0.926921,0.758725,0.510129,5033.9,71.6,15.4,714.1,100.0,1.0
689376,4314,164,12.121102,0.2,0.048191,0.024187,0.07979,0.00206546,0.230117,0.173971,0.565657,0.761446,0.769224,8282.8,117.6,115.4,477.6,100.0,1.0
689538,4315,162,8.7499,0.2,0.076424,0.033188,0.0,0.00194431,0.095665,-0.189783,0.598405,0.720059,0.748859,6896.9,100.2,81.4,624.1,100.0,1.0
689698,4316,160,14.019211,0.2,-0.058688,0.018797,0.032674,0.00235206,0.281631,0.068379,0.648559,1.0,0.785785,7880.5,96.6,182.1,371.4,100.0,1.0
689864,4317,166,8.077776,0.2,-0.016022,0.019678,0.014127,0.0016942,0.097894,-0.114373,0.402931,0.725938,0.782233,7184.2,104.1,137.1,637.5,100.0,1.0
690019,4318,155,6.138699,1.0,-0.032252,0.022683,0.0,0.0021431,-0.044067,-0.391127,0.265318,0.608335,0.733106,6129.8,95.3,110.2,441.2,100.0,1.0
690182,4319,163,6.247225,0.536617,-0.115669,0.0,8e-06,0.00186509,-0.010801,-0.941538,1.0,0.84887,0.391837,4032.7,54.5,16.9,1073.1,100.0,1.0
690339,4320,157,9.96415,0.2,0.053547,0.030394,0.033622,0.0015324,0.227064,-0.278442,0.929571,1.0,0.59219,6559.1,76.4,95.9,744.9,100.0,1.0
690495,4321,156,6.769366,0.2,0.012873,0.01364,0.104658,0.0017166,0.049912,-0.187042,0.343502,0.656615,0.743945,6907.4,104.2,73.2,635.0,100.0,1.0
690655,4322,160,11.809011,0.404667,0.005102,0.017553,0.000259,0.00249897,0.154393,-0.279307,0.802351,0.878979,0.678635,6555.8,87.2,113.4,497.4,100.0,1.0
690810,4323,155,16.260536,1.0,-0.005353,0.022087,0.000146,0.00283721,0.323526,0.158927,0.809001,1.0,0.814995,8225.5,99.1,201.6,221.2,100.0,1.0
690965,4324,155,11.467656,0.883021,0.014805,0.0,0.0,0.0023192,0.178897,-0.478719,1.0,1.0,0.517757,5796.1,70.8,36.9,682.4,100.0,1.0
691126,4325,161,7.427368,0.2,-0.109382,0.023176,0.009509,0.00216574,1.9e-05,-0.413804,0.338728,0.7116,0.690413,6043.4,88.3,120.9,542.7,100.0,1.0
691293,4326,167,10.055168,0.2,0.026086,0.018868,0.121562,0.00193353,0.149183,-0.346689,0.715718,0.926144,0.625988,6299.1,81.8,89.5,949.4,100.0,1.0
691449,4327,156,13.359215,1.0,-0.183616,0.00376,0.0,0.00293435,0.1695,-0.466377,0.81209,1.0,0.492386,5843.1,57.6,148.8,187.6,100.0,1.0
691606,4328,157,8.568729,0.2,-0.012811,0.007649,0.041695,0.00162626,0.147049,-0.579126,0.953968,1.0,0.478268,5413.5,66.7,19.0,794.8,100.0,1.0
691766,4329,160,6.901568,0.596001,-0.067067,0.022842,2.7e-05,0.00189273,0.021242,-0.298674,0.448225,0.666914,0.762319,6482.1,97.2,136.3,779.5,100.0,1.0
691927,4330,161,14.394032,1.0,0.024703,0.015543,0.0,0.00229521,0.306395,0.035534,0.849783,1.0,0.705098,7755.4,91.7,104.9,402.1,100.0,1.0
692090,4331,163,12.828935,0.648487,0.03953,0.00514,0.0,0.00229751,0.227981,-0.135614,0.658172,1.0,0.701857,7103.3,86.0,165.9,446.7,100.0,1.0
692255,4332,165,11.085639,0.2,-0.002895,0.016212,0.054434,0.00236073,0.131126,-0.623414,1.0,1.0,0.503394,5244.8,64.4,87.2,534.2,100.0,1.0
692417,4333,162,9.192354,0.966591,-0.316475,0.0,0.0,0.00227283,0.063565,-1.0,1.0,1.0,0.182174,2820.4,25.5,6.2,515.7,100.0,1.0
692580,4334,163,7.699049,0.740907,-0.295244,0.006371,0.0,0.00188961,0.053628,-1.0,1.0,1.0,0.231862,3644.4,30.0,36.0,502.5,100.0,1.0
692739,4335,159,12.198356,0.2,-0.0087,0.006995,0.053965,0.00184536,0.279547,-0.01698,0.814413,0.995026,0.721054,7555.3,94.7,97.2,846.5,100.0,1.0
692896,4336,157,10.103352,0.682831,0.007628,0.018452,0.0,0.00196215,0.166498,-0.224185,0.742072,0.892223,0.707613,6765.9,89.4,136.5,808.0,100.0,1.0
693063,4337,167,11.114172,0.2,-0.0038,0.028987,0.048998,0.00181186,0.219446,-0.243011,0.824519,1.0,0.63976,6694.1,82.6,103.2,747.8,100.0,1.0
693218,4338,155,7.613621,0.397389,-0.057586,0.023706,6.8e-05,0.0019275,0.058844,-0.459257,0.76501,0.772573,0.63659,5870.2,82.8,95.1,426.8,100.0,1.0
693374,4339,156,8.351121,0.2,-0.00737,0.019947,0.129699,0.00198006,0.083356,-0.128952,0.574234,0.639602,0.763972,7128.7,108.7,106.6,632.0,100.0,1.0
693535,4340,161,10.35323,0.419067,-0.076151,0.008963,1.9e-05,0.00232318,0.112263,-0.641496,0.819963,1.0,0.476046,5175.9,59.1,104.1,395.9,100.0,1.0
693696,4341,161,7.776386,0.2,-0.075614,0.0,1e-05,0.00190241,0.058996,-0.936104,1.0,1.0,0.316837,4053.4,43.4,22.2,741.1,100.0,1.0
693861,4342,165,10.900694,0.324274,-0.001345,0.011926,0.0,0.00221819,0.146049,-0.502571,0.772475,1.0,0.526492,5705.2,67.2,93.1,488.5,100.0,1.0
694022,4343,161,13.269122,0.468649,-0.003633,0.01533,0.0,0.00234446,0.245896,-0.023802,0.708712,0.952381,0.749889,7529.3,96.4,125.0,398.1,100.0,1.0
694184,4344,162,12.001256,0.512815,0.07017,0.019085,5e-05,0.00215607,0.214548,-0.294882,0.843354,1.0,0.582895,6496.5,79.1,48.6,675.4,100.0,1.0
694348,4345,164,8.865474,0.502945,-0.230347,0.0,0.0,0.00230399,0.038669,-1.0,1.0,1.0,0.306654,3793.0,40.8,35.6,422.6,100.0,1.0
694506,4346,158,12.031512,0.2,-0.004382,0.007419,0.02982,0.00219034,0.219245,-0.237358,0.719652,1.0,0.598223,6715.7,73.1,143.7,410.5,100.0,1.0
694669,4347,163,9.016125,0.2,0.08393,0.00474,0.017783,0.00164122,0.156125,-0.167306,0.609995,0.851078,0.720973,6982.6,94.3,101.4,957.0,100.0,1.0
694824,4348,155,11.475358,0.558183,-0.125077,0.0,0.0,0.00217592,0.201928,-0.385844,1.0,1.0,0.565135,6149.9,72.9,91.4,408.6,100.0,1.0
694980,4349,156,8.083481,0.452097,-0.156534,0.0,7e-06,0.00159909,0.13037,-0.566051,0.862936,1.0,0.539026,5463.3,65.4,135.6,732.3,100.0,1.0
695139,4350,159,10.595739,0.2,-0.089265,0.0105,0.0,0.00225539,0.139269,-0.665284,1.0,1.0,0.389407,5085.3,52.6,35.3,412.7,100.0,1.0
695294,4351,155,7.70515,0.751779,-0.055524,0.010283,0.0,0.00245105,-0.017842,-0.701511,0.738355,0.750234,0.543652,4947.2,70.7,81.7,490.0,100.0,1.0
695451,4352,157,9.136338,0.2,0.009051,0.011342,0.060431,0.00205413,0.10686,-0.456348,0.552021,0.944632,0.596205,5881.3,75.6,111.6,613.8,100.0,1.0
695614,4353,163,8.252705,1.0,-0.042257,0.0,0.0,0.00219072,0.030748,-0.924695,0.947128,0.954548,0.372065,4096.9,52.4,8.7,708.0,100.0,1.0
695775,4354,161,11.490417,0.494696,0.012111,0.0,0.0,0.00218434,0.188335,-0.438988,1.0,1.0,0.540096,5947.5,68.7,98.4,605.0,100.0,1.0
695932,4355,157,13.469239,0.2,0.055828,0.002596,0.054933,0.00226008,0.278227,0.144387,0.646928,0.922665,0.79967,8170.1,106.2,166.1,462.0,100.0,1.0
696089,4356,157,7.938654,0.329338,0.056849,0.01109,0.0,0.00211676,0.040799,-0.356514,0.303869,0.786813,0.700964,6261.7,87.6,146.2,399.6,100.0,1.0
696246,4357,157,9.904584,0.593598,0.056697,0.008314,3.2e-05,0.00249059,0.074516,-0.302434,0.524211,0.779924,0.725132,6467.7,90.8,148.7,329.0,100.0,1.0
696406,4358,160,9.114451,0.2,-0.02847,0.0,0.060308,0.00184321,0.133528,-0.416683,0.911064,0.881174,0.600752,6032.4,80.2,66.0,942.7,100.0,1.0
696564,4359,158,8.076736,0.2,0.011244,0.030113,0.025152,0.00211117,0.046094,-0.363197,0.446577,0.761436,0.689735,6236.2,88.5,116.9,465.5,100.0,1.0
696729,4360,165,15.163401,1.0,0.0312,0.020888,0.0,0.00233152,0.328117,0.151746,0.753328,1.0,0.751633,8198.2,93.2,165.3,338.7,100.0,1.0
696884,4361,155,12.378045,0.2,-0.087828,0.008002,5.8e-05,0.00195945,0.278199,-0.015914,0.785511,1.0,0.723912,7559.4,91.2,142.9,396.6,100.0,1.0
697039,4362,155,12.957031,1.0,0.047162,0.016656,0.0,0.00222804,0.263796,0.156488,0.510101,0.909709,0.801917,8216.2,107.6,169.9,297.7,100.0,1.0
697200,4363,161,9.771577,0.2,-0.007325,0.016922,0.124861,0.00196912,0.142369,-0.153122,0.67451,0.803305,0.763226,7036.6,97.6,133.9,592.3,100.0,1.0
697360,4364,160,11.230316,0.334591,0.00045,0.018887,0.0,0.00220355,0.175427,-0.214685,0.642334,0.917107,0.673271,6802.1,88.7,87.3,582.5,100.0,1.0
697518,4365,158,9.707728,0.681213,0.027625,0.026083,0.0,0.00179206,0.173272,-0.21161,0.655685,0.909521,0.682829,6813.8,89.2,97.3,756.8,100.0,1.0
697681,4366,163,5.182458,0.2,0.00545,0.017121,0.037674,0.00144216,0.008582,-0.179117,0.25711,0.55687,0.746711,6937.6,111.4,77.9,1110.4,100.0,1.0
697834,4367,153,10.804542,0.602308,0.036462,0.029972,0.0,0.00187794,0.22063,-0.118816,0.974057,0.881669,0.718871,7167.3,95.2,87.2,778.1,100.0,1.0
697999,4368,165,12.419762,0.658858,5.3e-05,0.001978,0.0,0.00226276,0.210559,-0.324567,0.923034,1.0,0.590729,6383.4,78.6,67.8,511.2,100.0,1.0
698157,4369,158,9.478265,0.428067,-0.025469,0.021946,6e-06,0.00202125,0.126292,-0.587372,0.792992,1.0,0.487133,5382.1,59.1,122.1,491.5,100.0,1.0
698315,4370,158,7.105398,0.468378,-0.222508,0.004172,0.000121,0.00179459,0.050543,-0.976649,1.0,1.0,0.28815,3899.0,35.5,65.7,552.1,100.0,1.0
698476,4371,161,10.79545,0.34873,0.04922,0.006131,0.000122,0.00195307,0.193137,-0.38078,0.89582,1.0,0.565862,6169.2,74.5,74.2,742.5,100.0,1.0
698637,4372,161,11.611214,0.555673,-0.137724,0.017079,0.0,0.00248756,0.145466,-0.61301,1.0,1.0,0.449901,5284.4,60.0,49.4,559.2,100.0,1.0
698794,4373,157,10.842864,0.635678,0.069401,0.0,0.0,0.00179939,0.227372,0.068063,0.683535,0.840575,0.795021,7879.3,107.0,158.4,622.5,100.0,1.0
698960,4374,166,13.619652,1.0,-0.014392,0.009701,0.0,0.00242805,0.237426,-0.219547,0.952845,1.0,0.655086,6783.5,82.2,132.7,385.0,100.0,1.0
699124,4375,164,10.630091,0.866746,-0.012916,0.013711,0.0,0.00225253,0.130514,-0.56961,0.796489,1.0,0.498858,5449.8,62.3,105.0,458.0,100.0,1.0
699283,4376,159,7.479888,0.488769,0.003596,0.02027,9.3e-05,0.00198367,0.036382,-0.141341,0.274841,0.609243,0.774337,7081.5,110.0,123.9,746.9,100.0,1.0
699443,4377,160,12.02253,1.0,-0.015086,0.015786,0.0,0.00240778,0.180191,-0.155255,0.788178,0.863407,0.7324,7028.5,94.3,120.5,360.8,100.0,1.0
699599,4378,156,7.996571,0.2,-0.080098,0.0,0.020084,0.00215461,0.039986,-1.0,1.0,1.0,0.300071,3765.6,41.0,21.9,786.6,100.0,1.0
699760,4379,161,9.689706,0.2,0.082818,0.021755,0.037538,0.00198944,0.13545,-0.20928,0.555653,0.853447,0.727871,6822.6,92.0,139.5,538.5,100.0,1.0
699922,4380,162,9.947328,0.2,0.006732,0.0,0.044679,0.00184351,0.169218,-0.392104,0.751684,1.0,0.593571,6126.1,75.0,114.1,537.2,100.0,1.0
700080,4381,158,11.367842,0.877429,0.121752,0.014066,0.0,0.00217735,0.19066,-0.243015,0.532062,1.0,0.637457,6694.1,81.0,117.9,368.5,100.0,1.0
700244,4382,164,10.416868,0.2,0.01846,0.007917,0.0,0.00229002,0.114404,-0.444363,0.646975,0.924763,0.592166,5927.0,77.0,88.8,558.3,100.0,1.0
700402,4383,158,10.263678,0.610626,-0.052903,0.011879,0.0,0.00234449,0.112363,-0.700414,1.0,1.0,0.462462,4951.4,60.8,61.2,444.9,100.0,1.0
700559,4384,157,12.497712,0.945062,-0.005083,0.015158,0.0,0.00219735,0.242932,-0.163179,0.798699,1.0,0.649124,6998.3,81.9,126.2,361.1,100.0,1.0
700721,4385,162,9.043575,0.2,-0.293423,0.0,0.076797,0.0022853,0.055222,-1.0,1.0,1.0,0.22389,2926.1,31.5,5.4,562.4,100.0,1.0
700880,4386,159,11.694456,0.714321,0.016612,0.035525,0.0,0.00216603,0.205778,0.006846,0.644398,0.848595,0.790331,7646.1,103.4,150.6,444.4,100.0,1.0
701043,4387,163,6.783428,0.276012,0.016096,0.0,0.000585,0.00224946,-0.047518,-0.751125,0.568761,0.742202,0.506357,4758.2,68.3,47.3,589.3,100.0,1.0
701204,4388,161,3.720099,0.2,-0.118289,0.0,0.104496,0.00185701,-0.123948,-1.0,0.68184,0.658875,0.363693,3400.1,51.2,8.3,778.6,100.0,1.0
701364,4389,160,11.327873,0.510596,-0.068371,0.01955,0.0,0.0020419,0.206264,-0.233009,0.743603,1.0,0.682718,6732.2,83.6,162.4,659.5,100.0,1.0
701525,4390,161,12.17041,0.762945,-0.140595,0.020656,0.0,0.00228373,0.20496,-0.381259,1.0,1.0,0.557996,6167.4,74.7,58.9,452.9,100.0,1.0
701684,4391,159,11.221392,1.0,0.018482,0.030786,0.0,0.00226843,0.167339,-0.349479,0.860364,0.941737,0.629937,6288.5,81.0,105.3,434.9,100.0,1.0
701842,4392,158,11.934977,1.0,0.043004,0.004576,0.0,0.00192722,0.257117,-0.08862,0.771422,1.0,0.695043,7282.4,90.9,97.8,842.4,100.0,1.0
701996,4393,154,8.854329,0.2,-0.067398,0.010033,0.037039,0.00207269,0.09746,-0.368141,0.72942,0.824281,0.675654,6217.4,85.2,132.1,628.2,100.0,1.0
702154,4394,158,8.638077,0.726079,0.046294,0.024964,0.0,0.00202057,0.087235,-0.366008,0.355389,0.889075,0.656888,6225.5,82.4,133.6,853.8,100.0,1.0
702307,4395,153,8.26487,1.0,-0.106255,0.020382,0.0,0.00249748,0.006813,-0.408745,0.729785,0.624601,0.708578,6062.7,93.3,92.5,338.9,100.0,1.0
702467,4396,160,12.189114,0.2,-0.028912,0.01731,0.0,0.00189534,0.270376,0.126565,0.803642,0.867511,0.789575,8102.2,108.5,149.3,462.8,100.0,1.0
702624,4397,157,9.09943,0.2,0.04357,0.001949,0.008199,0.00188785,0.131839,-0.161411,0.644479,0.786422,0.756814,7005.0,98.0,117.7,703.0,100.0,1.0
702783,4398,159,15.252329,0.390458,-0.040911,0.007971,0.0,0.00239556,0.336927,0.137064,0.924082,1.0,0.767268,8142.2,96.3,155.3,362.4,100.0,1.0
702950,4399,167,13.134135,0.315522,0.040577,0.0,0.0,0.00176693,0.323091,0.268952,0.714098,0.899873,0.787041,8644.7,113.8,145.1,508.7,100.0,1.0
703108,4400,158,13.427791,0.299082,-0.017967,0.000441,3.9e-05,0.00263137,0.216278,-0.340465,1.0,1.0,0.572794,6322.8,71.4,121.9,510.1,100.0,1.0
703269,4401,161,9.82562,0.607431,-0.010024,0.018278,0.0,0.0019437,0.149603,-0.407687,0.988772,0.896339,0.601515,6066.7,80.0,69.4,601.3,100.0,1.0
703430,4402,161,8.265851,0.2,-0.048985,0.0,0.043438,0.00204637,0.059648,-0.92262,1.0,1.0,0.337173,4104.8,43.1,59.2,499.7,100.0,1.0
703587,4403,157,9.113569,0.376672,-0.368792,0.0,3e-06,0.00230715,0.066809,-1.0,1.0,1.0,0.165957,2190.3,23.2,6.0,351.4,100.0,1.0
703748,4404,161,12.703967,0.587739,-0.011786,0.0,0.0,0.0022015,0.24366,-0.130675,0.706596,1.0,0.656314,7122.1,81.9,138.7,403.0,100.0,1.0
703915,4405,167,10.157077,0.292388,-0.102552,0.001707,0.0,0.00191439,0.158509,-0.50674,1.0,0.980839,0.537127,5689.3,71.8,57.5,708.2,100.0,1.0
704073,4406,158,10.159843,0.2,-0.143093,0.012134,0.017378,0.00194923,0.170374,-0.348946,0.975097,0.913842,0.624244,6290.5,82.2,81.7,589.8,100.0,1.0
704231,4407,158,10.072541,0.2,0.043619,0.0,0.022176,0.00177544,0.193722,-0.263396,0.796002,0.953051,0.636289,6616.5,84.7,72.4,827.1,100.0,1.0
704390,4408,159,11.23912,0.830278,-0.125075,0.00913,0.0,0.00201718,0.208428,-0.330556,0.864371,1.0,0.561574,6360.6,68.6,135.5,629.8,100.0,1.0
704556,4409,166,6.882926,0.2,0.064157,0.021378,0.001193,0.0017891,0.027072,-0.315713,0.38283,0.698293,0.725571,6417.1,94.5,107.2,995.8,100.0,1.0
704714,4410,158,14.903714,0.597449,-0.035931,0.030032,0.0,0.00243181,0.317506,0.00508,1.0,1.0,0.671361,7639.4,86.2,112.9,426.4,100.0,1.0
704870,4411,156,9.395431,0.817572,0.029734,0.007958,0.0,0.00183559,0.156054,-0.108334,0.559445,0.832159,0.766145,7207.2,98.3,129.6,582.6,100.0,1.0
705032,4412,162,10.861991,0.2,-0.028449,0.033799,0.018376,0.00226984,0.143752,-0.000984,0.41741,0.745755,0.793293,7616.3,109.1,155.5,901.7,100.0,1.0
705198,4413,166,8.368583,0.263736,0.041463,0.010936,0.017801,0.00196154,0.068455,-0.649406,0.914806,0.871252,0.503358,5145.8,68.7,36.9,822.5,100.0,1.0
705359,4414,161,15.067221,0.834258,-0.063423,0.011863,0.0,0.0021644,0.361067,0.241056,0.838785,1.0,0.785906,8538.4,102.7,143.2,355.7,100.0,1.0
705513,4415,154,11.658723,0.316604,0.046497,0.013579,0.011835,0.00213752,0.219876,-0.265274,0.86931,1.0,0.621044,6609.3,81.2,87.2,946.6,100.0,1.0
705670,4416,157,10.802154,0.2,-0.180672,0.006582,0.128572,0.00273142,0.079914,-0.807471,0.967929,1.0,0.421321,4543.5,53.7,75.6,493.9,100.0,1.0
705828,4417,158,8.035867,0.976005,0.044525,0.013847,0.0,0.00194537,0.071137,-0.269567,0.555381,0.728503,0.725142,6592.9,95.4,96.1,528.1,100.0,1.0
705987,4418,159,10.572676,0.2503,0.008892,0.013896,0.007547,0.00186207,0.20191,-0.207014,0.73638,0.946867,0.653382,6831.3,87.7,65.6,893.3,100.0,1.0
706146,4419,159,11.552653,0.2,0.071497,0.0,0.008553,0.00191781,0.239201,-0.178542,0.859693,1.0,0.671393,6939.8,86.7,107.5,842.3,100.0,1.0
706304,4420,158,9.626508,1.0,0.109887,0.00684,0.0,0.00196226,0.14338,-0.494855,0.711811,1.0,0.523007,5734.6,70.5,48.7,732.9,100.0,1.0
706454,4421,150,14.816931,0.2,-0.047689,0.020399,0.103009,0.00219185,0.369145,0.259084,0.860321,1.0,0.787831,8607.1,104.1,146.4,456.7,100.0,1.0
706615,4422,161,10.704905,0.950803,-0.038937,0.008804,0.0,0.00213047,0.161249,0.020481,0.603952,0.714196,0.781413,7698.0,112.3,135.7,733.7,100.0,1.0
706777,4423,162,7.712145,0.455714,-0.219719,0.007895,1.8e-05,0.00203135,0.034208,-0.990735,1.0,1.0,0.345171,3845.3,47.2,24.6,459.7,100.0,1.0
706932,4424,155,11.035948,0.860989,0.032914,0.008522,0.0,0.00227268,0.167599,-0.149294,0.567272,0.885317,0.733678,7051.2,93.5,131.9,483.0,100.0,1.0
707093,4425,161,10.442068,0.68735,-0.033471,0.018923,0.0,0.00191758,0.183176,-0.409632,0.873353,1.0,0.553942,6059.3,72.2,80.9,609.9,100.0,1.0
707258,4426,165,10.93106,0.425282,0.05643,0.019477,0.0,0.00217958,0.155323,-0.433685,1.0,0.925405,0.583897,5967.7,77.5,69.2,756.0,100.0,1.0
707417,4427,159,12.149728,0.2,0.024188,0.013609,0.007789,0.00197973,0.257613,-0.02048,0.830397,0.943146,0.741799,7542.0,97.0,104.3,568.1,100.0,1.0
707577,4428,160,10.50501,0.2,-0.100573,0.008698,0.074546,0.00216106,0.14915,-0.594467,1.0,1.0,0.46393,5355.1,62.1,49.0,599.2,100.0,1.0
707739,4429,162,14.848826,1.0,-0.007037,0.025273,0.0,0.00249407,0.295583,0.041482,0.804775,1.0,0.747066,7778.0,93.1,159.3,287.3,100.0,1.0
707899,4430,160,12.049599,1.0,0.041148,0.022306,0.0,0.00224424,0.20869,-0.311265,0.896766,1.0,0.610218,6434.1,73.5,159.4,307.8,100.0,1.0
708061,4431,162,13.64822,0.533964,0.030911,0.033751,9e-06,0.00219877,0.286921,-0.007094,0.88898,1.0,0.74747,7593.0,92.0,172.3,600.8,100.0,1.0
708222,4432,161,13.10501,0.558733,-0.056523,0.007687,0.0,0.00233494,0.241649,-0.223812,0.958471,1.0,0.62932,6767.3,84.4,64.6,495.6,100.0,1.0
708379,4433,157,7.130164,0.622892,-0.098458,0.0,0.0,0.00220043,-0.009442,-0.961416,1.0,0.865288,0.378984,3957.0,53.0,12.9,717.4,100.0,1.0
708537,4434,158,12.949279,1.0,0.015935,0.010447,0.0,0.0026761,0.187486,-0.042308,0.645144,0.850339,0.799194,7458.8,100.8,165.3,292.5,100.0,1.0
708697,4435,160,9.562103,0.560429,-0.007955,0.019541,4.8e-05,0.00181143,0.160869,-0.000499,0.57289,0.749969,0.793673,7618.1,108.8,156.1,391.4,100.0,1.0
708857,4436,160,12.705392,0.2,-0.024235,0.015102,0.067563,0.00188147,0.29781,0.015763,0.8153,1.0,0.696187,7680.1,92.2,84.7,512.3,100.0,1.0
709014,4437,157,12.746329,0.405074,-0.048262,0.007864,0.0,0.00229482,0.240505,-0.176887,0.88968,1.0,0.682763,6946.1,83.2,167.5,413.1,100.0,1.0
709179,4438,165,10.826219,0.211365,0.011594,0.009799,0.00019,0.00190987,0.195183,-0.358521,0.843686,1.0,0.568514,6254.0,75.2,70.6,650.5,100.0,1.0
709340,4439,161,7.647236,0.501252,-0.398223,0.0,0.0,0.00190784,0.053304,-1.0,0.703984,1.0,0.085472,1984.0,11.5,8.2,390.9,100.0,1.0
709501,4440,161,11.888931,0.523918,-0.003705,0.018538,0.0,0.00192214,0.250936,-0.074677,0.820672,0.977384,0.735394,7335.5,92.7,143.7,775.9,100.0,1.0
709667,4441,166,12.829279,0.339199,-0.035245,0.017879,1e-06,0.00230328,0.222416,-0.308128,0.964446,1.0,0.580918,6446.0,75.0,93.1,550.2,100.0,1.0
709825,4442,158,6.673605,0.2,-0.135843,0.026427,0.007898,0.00234037,-0.055171,-0.676243,0.892933,0.607738,0.602436,5043.5,78.4,89.1,676.1,100.0,1.0
709984,4443,159,7.769622,0.2,-0.132049,0.0,0.010346,0.00200086,0.048166,-0.955673,1.0,1.0,0.336744,3978.9,47.5,7.6,555.1,100.0,1.0
710148,4444,164,10.165619,0.2,-0.182273,0.0,0.177089,0.00244347,0.078544,-0.893835,1.0,1.0,0.293067,4214.5,39.9,23.3,490.9,100.0,1.0
710304,4445,156,9.625975,0.400574,0.025046,0.008521,1.8e-05,0.00213142,0.121369,-0.670489,1.0,1.0,0.469797,5065.4,59.1,94.0,672.3,100.0,1.0
710463,4446,159,13.625626,0.2,0.031422,0.022069,0.015332,0.00224538,0.285484,-0.075991,1.0,1.0,0.689597,7330.5,89.7,103.0,482.2,100.0,1.0
710629,4447,166,11.982785,1.0,0.057579,0.017806,0.0,0.00214007,0.209808,-0.166541,0.53378,1.0,0.676405,6985.5,83.3,155.4,298.6,100.0,1.0
710779,4448,150,11.674194,0.2,-0.022502,0.018981,0.013301,0.00180006,0.280505,-0.048236,0.866481,1.0,0.696303,7436.2,91.5,92.5,558.2,100.0,1.0
710937,4449,158,13.496782,0.491897,0.085915,0.018155,0.0,0.0020426,0.313729,0.21518,0.714343,0.927734,0.788623,8439.8,109.5,147.7,476.3,100.0,1.0
711096,4450,159,12.247319,0.411303,-0.044183,0.010336,0.0,0.0023945,0.196847,-0.34171,0.861142,1.0,0.598343,6318.1,75.3,118.6,386.4,100.0,1.0
711251,4451,155,11.205493,0.562682,0.012266,0.012704,1.4e-05,0.00241602,0.154008,-0.398233,0.824381,0.958343,0.622343,6102.7,77.9,128.3,467.9,100.0,1.0
711411,4452,160,14.968546,0.2,0.05664,0.024444,0.050197,0.00190247,0.401622,0.366532,0.834914,1.0,0.800775,9016.5,110.8,168.0,554.6,100.0,1.0
711573,4453,162,11.942967,0.891757,-0.027852,0.009995,0.0,0.00202343,0.235529,-0.192955,0.843401,1.0,0.656386,6884.8,82.6,129.9,721.0,100.0,1.0
711731,4454,158,8.591434,0.2,-0.115137,0.0,0.015182,0.0018356,0.115221,-0.725382,1.0,1.0,0.40448,4856.3,53.0,55.5,983.5,100.0,1.0
711894,4455,163,6.359824,0.30723,0.01447,0.000853,0.0,0.0015621,0.045356,-0.421216,0.384256,0.799644,0.627599,6015.2,83.6,71.1,603.0,100.0,1.0
712056,4456,162,11.687016,0.984453,-0.037166,0.007979,0.0,0.0021192,0.207925,-0.296961,0.902481,1.0,0.641933,6488.6,78.7,151.9,720.7,100.0,1.0
712214,4457,158,8.101588,0.376985,-0.129399,0.000869,0.0,0.00207317,0.054574,-1.0,0.909709,1.0,0.181985,2873.9,25.5,5.5,465.1,100.0,1.0
712378,4458,164,7.571415,0.2,-0.150764,0.003044,0.024578,0.00192381,0.041624,-0.854219,0.813381,0.968439,0.398453,4365.4,55.4,17.3,624.9,100.0,1.0
712543,4459,165,12.729547,1.0,-0.072985,0.006422,0.0,0.00224334,0.230291,-0.282303,1.0,1.0,0.604516,6544.4,76.9,110.2,522.4,100.0,1.0
712697,4460,154,11.580083,0.426957,0.056606,0.008445,2e-05,0.00262464,0.142069,-0.461561,0.846756,0.961176,0.587358,5861.5,74.7,107.2,432.3,100.0,1.0
712853,4461,156,7.071348,0.2,0.034492,0.019089,5.8e-05,0.0019151,0.034846,-0.3778,0.398534,0.74608,0.66953,6180.6,88.5,83.5,616.8,100.0,1.0
713014,4462,161,16.21891,1.0,0.01812,0.02428,0.0,0.00289988,0.29835,-0.060169,0.940658,1.0,0.623283,7390.8,73.8,177.7,191.5,100.0,1.0
713177,4463,163,12.822301,0.2,-0.056303,0.015124,0.032504,0.0017906,0.313186,0.137396,0.795183,0.980679,0.788292,8143.5,102.8,147.2,569.1,100.0,1.0
713339,4464,162,7.802821,0.28356,-0.31709,0.0,0.0,0.00187074,0.065141,-1.0,1.0,1.0,0.174297,2888.1,22.8,24.7,546.0,100.0,1.0
713490,4465,151,12.714602,0.691834,-0.097014,0.033352,7e-06,0.00217888,0.27098,0.086008,0.804312,0.91783,0.803975,7947.7,103.6,173.3,817.8,100.0,1.0
713653,4466,163,10.11056,0.644342,-0.141824,0.0,0.0,0.00225649,0.109322,-0.703739,1.0,0.984887,0.445399,4938.8,62.2,16.6,635.8,100.0,1.0
713814,4467,161,9.839421,0.2,-0.103256,0.003577,0.001928,0.0017504,0.182539,-0.183718,0.864609,0.875927,0.730978,6920.0,92.2,142.4,855.5,100.0,1.0
713975,4468,161,4.007021,0.2,-0.328947,0.016648,0.049171,0.00223581,-0.17087,-0.697264,0.330874,0.489311,0.655868,4963.4,83.3,121.1,502.9,100.0,1.0
714136,4469,161,12.230898,0.2,-0.022814,0.000643,0.0,0.00220189,0.222738,-0.338963,1.0,1.0,0.543124,6328.6,73.2,51.7,467.5,100.0,1.0
714295,4470,159,7.793818,0.734621,-0.003049,0.007558,0.0,0.00210819,0.032644,-0.304429,0.280554,0.742692,0.744017,6460.1,92.7,158.8,566.2,100.0,1.0
714455,4471,160,11.747095,0.568541,-0.104412,0.021118,0.0,0.00231486,0.184069,-0.327106,0.758501,1.0,0.636472,6373.7,78.1,149.4,427.6,100.0,1.0
714615,4472,160,13.973679,0.2,0.029424,0.042307,0.0,0.00216253,0.31357,0.322207,0.589657,0.858053,0.792432,8847.6,119.0,154.1,400.1,100.0,1.0
714770,4473,155,12.184869,0.2,-0.014516,0.018201,0.0,0.00241149,0.201393,-0.310503,1.0,0.973139,0.652648,6437.0,81.6,136.2,572.8,100.0,1.0
714927,4474,157,13.106533,1.0,0.075714,0.015921,0.0,0.00227818,0.261066,-0.122745,0.875241,1.0,0.667488,7152.3,85.4,116.2,542.5,100.0,1.0
715084,4475,157,11.146639,0.2,-0.059764,0.010959,6e-06,0.00184311,0.236856,-0.257922,1.0,1.0,0.614355,6637.3,78.6,106.4,674.0,100.0,1.0
715248,4476,164,13.798399,0.2,-0.038457,0.0,0.012735,0.00198375,0.326092,0.101496,0.854149,1.0,0.724234,8006.7,92.9,123.2,499.7,100.0,1.0
715403,4477,155,14.876877,1.0,0.001933,0.021383,0.0,0.0025976,0.299774,0.131269,0.766344,0.960794,0.795413,8120.1,103.5,159.0,266.2,100.0,1.0
715568,4478,165,9.344038,0.880932,0.078605,0.008483,0.0,0.0021064,0.09365,-0.188485,0.544351,0.743538,0.775268,6901.9,99.0,137.5,556.3,100.0,1.0
715735,4479,167,12.554116,0.432013,0.024275,0.022311,0.0,0.00185859,0.282401,-0.05317,0.871776,1.0,0.680837,7417.4,85.3,139.4,708.3,100.0,1.0
715887,4480,152,8.97162,0.352448,-0.149913,0.0,0.0,0.00239299,0.059904,-0.9418,1.0,1.0,0.302327,4031.7,40.7,28.8,607.4,100.0,1.0
716052,4481,165,14.384135,1.0,-0.030312,0.011463,0.0,0.00257075,0.255137,-0.194326,1.0,1.0,0.634244,6879.6,84.1,76.3,338.7,100.0,1.0
716212,4482,160,9.78536,0.2,0.071259,0.0,0.070187,0.00205401,0.133514,-0.068453,0.544951,0.731559,0.765341,7359.2,106.3,108.9,582.9,100.0,1.0
716370,4483,158,9.162838,0.2,0.038735,0.020104,0.031363,0.00173955,0.157906,-0.161559,0.825555,0.80078,0.741886,7004.5,97.2,102.0,913.4,100.0,1.0
716525,4484,155,13.117954,0.897703,-0.134566,0.015475,0.0,0.00226761,0.268086,0.00249,0.954666,0.941615,0.789084,7629.5,98.2,169.0,483.2,100.0,1.0
716682,4485,157,12.770231,0.591326,0.035307,0.020333,1.9e-05,0.00249379,0.211662,-0.088943,0.626309,0.952176,0.765502,7281.1,93.2,188.0,437.9,100.0,1.0
716841,4486,159,11.922822,0.2,0.013562,0.026082,0.076364,0.00239551,0.182322,-0.32402,0.693261,1.0,0.617985,6385.5,73.8,169.0,519.6,100.0,1.0
716996,4487,155,10.406684,0.555729,0.066077,0.0,0.0,0.00175702,0.219272,-0.033024,0.711897,0.878962,0.739977,7494.2,99.7,70.0,662.3,100.0,1.0
717159,4488,163,15.206185,0.2,0.025792,0.024942,0.0,0.00232802,0.33889,0.185775,0.831985,0.981089,0.763556,8327.8,105.1,105.9,421.1,100.0,1.0
717324,4489,165,13.570827,0.2,0.00792,0.017994,0.038537,0.00190061,0.327534,0.150569,0.803035,1.0,0.777345,8193.7,100.1,128.9,547.9,100.0,1.0
717488,4490,164,11.709072,0.812771,-0.037728,0.00095,0.0,0.00222301,0.18862,-0.299886,0.691142,1.0,0.627671,6477.4,79.0,124.6,440.5,100.0,1.0
717648,4491,160,10.85996,0.2,-0.079742,0.010346,0.05021,0.00208756,0.179092,-0.299496,0.794168,0.969948,0.674916,6478.9,82.2,165.6,754.1,100.0,1.0
717813,4492,165,6.38126,0.2,-0.336864,0.0,0.350657,0.00241705,-0.097315,-0.821535,0.583731,0.663402,0.501711,4490.0,67.5,48.9,511.4,100.0,1.0
717975,4493,162,15.700204,1.0,0.024622,0.026405,0.0,0.00269765,0.304927,0.012999,0.902945,1.0,0.699586,7669.5,83.1,196.3,233.8,100.0,1.0
718141,4494,166,5.44848,0.2,-0.007678,0.024586,0.0,0.00177645,-0.037388,-0.229409,0.169164,0.51074,0.763851,6746.0,111.6,106.4,607.0,100.0,1.0
718301,4495,160,10.827272,0.936198,0.054375,0.002161,0.0,0.00203103,0.186726,-0.106942,0.596524,0.902066,0.756099,7212.6,94.8,154.2,481.5,100.0,1.0
718459,4496,158,13.98767,0.2,-0.099045,0.00808,0.16088,0.00266648,0.239785,0.018376,0.853188,0.885422,0.809317,7690.0,102.0,182.2,488.2,100.0,1.0
718615,4497,156,13.524183,1.0,-0.042235,0.027782,0.0,0.00255747,0.24031,0.06589,0.709844,0.890846,0.827662,7871.0,104.1,212.8,635.7,100.0,1.0
718780,4498,165,12.178014,0.2,0.02973,0.016754,0.042317,0.00171148,0.293289,0.02938,0.796326,1.0,0.733134,7731.9,92.2,146.0,655.2,100.0,1.0
718943,4499,163,8.800448,0.2,0.088444,0.0,0.006646,0.00179433,0.123535,-0.311063,0.652066,0.855307,0.660783,6434.8,86.7,89.7,842.0,100.0,1.0
719099,4500,156,15.653719,0.586053,-0.05084,0.018636,0.0,0.00252026,0.346866,0.138875,1.0,1.0,0.758704,8149.1,94.9,157.4,375.4,100.0,1.0
719258,4501,159,9.568128,0.554295,-0.1656,0.003096,0.0,0.00226104,0.092869,-0.782479,1.0,1.0,0.416318,4638.8,54.8,54.7,592.4,100.0,1.0
719421,4502,163,8.046046,0.2,-0.092299,0.004949,0.016004,0.00218713,0.023927,-0.344253,0.495061,0.694022,0.739992,6308.4,93.1,147.2,408.5,100.0,1.0
719575,4503,154,13.965635,0.2,-0.024966,0.0,0.008216,0.0024046,0.290056,-0.027887,0.85509,1.0,0.678462,7513.8,82.7,165.6,370.4,100.0,1.0
719738,4504,163,11.172359,0.42754,0.055166,0.019659,1.9e-05,0.001994,0.20329,-0.142709,0.84995,0.89863,0.731387,7076.3,93.2,131.9,1007.0,100.0,1.0
719892,4505,154,14.068738,0.898386,-0.114661,0.010832,0.0,0.0022046,0.325796,0.09916,0.905056,1.0,0.74708,7997.8,93.4,155.3,284.0,100.0,1.0
720054,4506,162,9.633638,0.301964,-0.019258,0.010287,1.1e-05,0.00195628,0.13867,-0.520357,0.873538,0.98585,0.55803,5637.4,71.0,102.1,935.0,100.0,1.0
720214,4507,160,11.126493,0.2,-0.09871,0.013516,0.00988,0.00200737,0.205022,-0.079524,0.827473,0.873586,0.778234,7317.0,97.6,158.0,561.7,100.0,1.0
720379,4508,165,11.511166,0.716295,-0.047407,0.0069,0.0,0.00214484,0.190515,-0.362793,0.819865,1.0,0.572471,6237.8,69.7,140.8,442.8,100.0,1.0
720540,4509,161,13.036148,0.625851,0.091487,0.005275,0.0,0.00234021,0.239798,-0.033049,0.760201,0.94028,0.768764,7494.1,96.6,154.7,462.6,100.0,1.0
720705,4510,165,11.616192,1.0,0.079373,0.015644,0.0,0.00225896,0.176707,-0.121496,0.505352,0.896787,0.725899,7157.1,94.3,109.3,478.6,100.0,1.0
720864,4511,159,10.854605,0.447379,-0.021807,0.01917,1.4e-05,0.00207641,0.18327,-0.19696,0.720799,0.904987,0.683096,6869.6,90.2,86.7,665.3,100.0,1.0
721023,4512,159,11.135416,0.2,-0.098726,0.021139,0.025542,0.00196953,0.213561,-0.258167,0.870284,1.0,0.665543,6636.4,81.5,158.5,793.8,100.0,1.0
721186,4513,163,12.220759,0.367827,-0.028537,0.021137,0.0,0.00227573,0.20714,-0.182487,0.920451,0.918014,0.711696,6924.7,90.3,133.1,512.2,100.0,1.0
721347,4514,161,11.470899,1.0,-0.059702,0.010948,0.0,0.00253807,0.134037,-0.592545,0.953736,1.0,0.519729,5362.4,64.2,117.4,367.9,100.0,1.0
721513,4515,166,10.276449,0.2,-0.015656,0.0,1.2e-05,0.00187976,0.174158,-0.454107,1.0,0.970063,0.532132,5889.9,74.7,14.9,824.7,100.0,1.0
721673,4516,160,10.882189,0.653848,0.05661,0.012784,0.0,0.00185349,0.218295,-0.011644,0.676391,0.881388,0.768774,7575.6,100.7,114.6,653.9,100.0,1.0
721832,4517,159,12.346284,1.0,-0.08654,0.0023,0.0,0.00277587,0.142794,-0.599336,1.0,1.0,0.487192,5336.5,63.7,69.3,260.8,100.0,1.0
721994,4518,162,15.642306,1.0,-0.096882,0.02486,0.0,0.00256624,0.3245,0.125096,0.880937,1.0,0.786884,8096.6,98.6,161.4,413.7,100.0,1.0
722155,4519,161,9.265381,0.35453,-0.040416,0.002872,0.0,0.0017776,0.152294,-0.339413,0.792401,0.928687,0.665957,6326.8,82.0,153.1,532.1,100.0,1.0
722319,4520,164,11.366614,0.2,-0.070461,0.017234,0.04338,0.00239347,0.145418,-0.492765,0.851568,1.0,0.586353,5742.6,70.2,158.5,500.3,100.0,1.0
722474,4521,155,10.717671,1.0,-0.189157,0.0,0.0,0.00292344,0.054167,-0.946063,1.0,1.0,0.323557,4015.5,38.5,90.5,182.3,100.0,1.0
722631,4522,157,14.648567,0.2,0.039718,0.007579,0.0,0.0022135,0.345956,0.202979,0.847172,1.0,0.799018,8393.3,103.7,165.0,446.0,100.0,1.0
722787,4523,156,12.641677,1.0,-0.092862,0.010832,0.000234,0.00277035,0.166361,-0.536004,1.0,1.0,0.480185,5577.8,58.8,114.8,518.2,100.0,1.0
722954,4524,167,12.298118,0.2,0.023883,0.003181,0.034404,0.00210567,0.230701,-0.171504,0.746278,1.0,0.669504,6966.6,82.1,157.7,462.7,100.0,1.0
723112,4525,158,8.503215,0.400225,-0.115329,0.010014,0.0,0.00211919,0.067833,-0.889159,1.0,1.0,0.354805,4232.3,49.3,16.1,777.2,100.0,1.0
723276,4526,164,6.727783,0.2,-0.211358,0.003928,0.167193,0.00201959,-0.012618,-1.0,0.875837,0.920827,0.362454,3794.0,49.4,28.0,540.6,100.0,1.0
723426,4527,150,15.249501,1.0,0.04051,0.028721,0.0,0.00258955,0.333755,0.14719,0.858795,1.0,0.768207,8180.8,95.4,167.7,391.3,100.0,1.0
723587,4528,161,10.971042,0.968748,-0.011616,0.024813,0.0,0.00214682,0.173969,-0.346428,1.0,0.92228,0.637897,6300.1,81.9,107.2,735.8,100.0,1.0
723747,4529,160,8.887063,0.2,-0.154858,0.001006,0.0,0.0021673,0.074154,-0.875168,1.0,1.0,0.347688,4285.6,46.9,32.1,688.4,100.0,1.0
723907,4530,160,11.578387,0.30509,0.001842,0.013421,0.000223,0.00197623,0.232226,-0.29813,1.0,1.0,0.567141,6484.1,72.1,104.0,521.2,100.0,1.0
724059,4531,152,13.973586,0.784897,0.020544,0.023756,0.0,0.00249465,0.282746,-0.039176,0.976089,0.992986,0.74348,7470.7,93.7,145.8,465.3,100.0,1.0
724216,4532,157,11.165615,0.2,0.015837,0.020934,0.018685,0.0021221,0.195795,-0.381134,0.915752,1.0,0.561915,6167.9,70.1,118.3,476.3,100.0,1.0
724379,4533,163,11.532451,0.2,0.05454,0.003242,8.7e-05,0.00165239,0.277013,0.109694,0.686223,0.925739,0.770055,8037.9,104.3,116.8,831.3,100.0,1.0
724543,4534,164,11.155262,0.368078,-0.02543,0.035904,0.0,0.00192263,0.21317,-0.097788,0.717892,0.925772,0.742069,7247.4,94.1,139.1,741.8,100.0,1.0
724703,4535,160,11.092599,0.76547,-0.085129,0.01016,0.0,0.00233997,0.151141,-0.532834,0.930362,1.0,0.527014,5589.9,67.8,86.8,532.1,100.0,1.0
724861,4536,158,9.439909,0.2,-0.035527,0.0,0.182764,0.00208694,0.117525,-0.479858,0.854192,0.895741,0.567264,5791.7,76.4,54.4,612.9,100.0,1.0
725025,4537,164,9.935729,0.375916,0.005807,0.015044,0.0,0.00166463,0.197754,0.152701,0.553541,0.693031,0.768032,8201.8,121.1,113.4,638.8,100.0,1.0
725181,4538,156,11.116452,0.232132,0.051383,0.02541,0.024064,0.0015851,0.279406,0.094316,0.804928,0.900588,0.746518,7979.3,105.0,77.5,813.2,100.0,1.0
725345,4539,164,10.823723,0.2,-0.062813,0.020272,0.0,0.00177002,0.222521,-0.257821,0.802394,1.0,0.587403,6637.7,71.3,147.2,540.3,100.0,1.0
725503,4540,158,12.128479,1.0,-0.039857,0.019,0.0,0.00220795,0.225777,-0.135503,0.706544,1.0,0.737257,7103.7,88.7,193.8,568.6,100.0,1.0
725667,4541,164,10.264206,0.294963,-0.037621,0.014108,0.016238,0.00203683,0.152275,-0.566964,1.0,1.0,0.496436,5459.9,64.2,77.9,631.2,100.0,1.0
725831,4542,164,10.909826,0.218558,0.113888,0.02923,0.015388,0.0019535,0.196539,-0.031476,0.695612,0.851282,0.799771,7500.1,101.3,166.3,739.4,100.0,1.0
725990,4543,159,10.238617,0.2,0.002133,0.014947,0.074294,0.00190394,0.182393,-0.139266,0.679531,0.889978,0.741547,7089.4,93.8,141.9,576.8,100.0,1.0
726151,4544,161,13.195169,1.0,0.064662,0.00187,0.0,0.00248298,0.22548,-0.247187,0.868076,1.0,0.62406,6678.2,75.5,159.6,590.0,100.0,1.0
726307,4545,156,10.705965,1.0,0.001023,0.022102,0.0,0.00262335,0.098095,-0.0664,0.234765,0.753754,0.829776,7367.0,105.0,216.3,409.0,100.0,1.0
726469,4546,162,9.693343,0.535067,-0.085492,0.005402,0.000113,0.00205553,0.126394,-0.499974,1.0,0.912868,0.590592,5715.1,74.7,112.9,615.1,100.0,1.0
726629,4547,160,11.74283,0.765304,-0.012585,0.015052,0.0,0.00224345,0.197588,-0.330077,0.883398,1.0,0.626125,6362.4,78.3,130.3,456.3,100.0,1.0
726792,4548,163,11.194268,0.2,-0.019099,0.003369,0.0,0.00221781,0.169068,-0.458093,0.895322,1.0,0.550658,5874.7,68.3,121.2,492.6,100.0,1.0
726955,4549,163,13.844064,1.0,0.053861,0.024897,1.9e-05,0.00240513,0.264181,-0.073615,0.823367,1.0,0.711953,7339.5,87.6,164.4,451.2,100.0,1.0
727116,4550,161,10.472198,0.2,0.031146,0.025298,0.012374,0.00172862,0.218103,0.061539,0.626023,0.819518,0.764346,7854.5,107.9,107.2,817.9,100.0,1.0
727276,4551,160,9.456588,0.849152,0.027394,0.007222,0.0,0.00231558,0.077782,-0.042846,0.469434,0.580457,0.786626,7456.8,118.0,144.4,529.4,100.0,1.0
727435,4552,159,6.910369,0.872838,0.015368,0.017919,0.0,0.00207231,-0.001903,-0.066625,0.152921,0.484701,0.817606,7366.2,124.0,196.0,425.9,100.0,1.0
727595,4553,160,12.13137,0.732043,-0.023949,0.022702,0.0,0.00161518,0.316666,0.097505,0.859446,1.0,0.767026,7991.5,99.4,118.8,843.0,100.0,1.0
727746,4554,151,12.404798,0.491121,-0.011758,0.023334,0.0,0.00250777,0.209402,-0.151551,0.768608,0.955407,0.744043,7042.6,90.0,189.6,474.1,100.0,1.0
727902,4555,156,12.590087,0.2,0.02012,0.037949,0.061874,0.00183986,0.309883,0.065135,0.914645,1.0,0.771892,7868.2,97.0,154.6,788.0,100.0,1.0
728057,4556,155,7.641501,0.2,0.069195,0.01085,0.040887,0.00222108,0.018026,-0.452583,0.564933,0.732732,0.682596,5895.7,85.1,145.3,633.1,100.0,1.0
728217,4557,160,10.343868,0.608614,-0.073855,0.013816,0.0,0.00256656,0.079795,-0.650114,0.725747,0.980003,0.541202,5143.1,64.9,144.4,427.8,100.0,1.0
728376,4558,159,11.837731,0.2,-0.119364,0.009937,0.052016,0.00215833,0.218158,-0.269289,0.920168,1.0,0.64804,6594.0,77.8,172.8,525.6,100.0,1.0
728538,4559,162,11.381379,0.311281,0.02129,0.024725,0.0,0.00202912,0.210992,-0.252397,0.796028,0.998364,0.648498,6658.4,83.3,109.0,535.1,100.0,1.0
728697,4560,159,13.162044,0.633871,0.01982,0.01223,0.0,0.00223132,0.269395,-0.028562,0.846609,0.982325,0.745413,7511.2,94.7,137.2,422.3,100.0,1.0
728852,4561,155,6.983562,0.298415,-0.373289,0.017222,0.000332,0.00276332,-0.097131,-0.762887,0.545144,0.655011,0.569442,4713.4,71.2,118.4,368.8,100.0,1.0
729007,4562,155,13.20519,0.360386,0.001688,0.033896,0.0,0.0022801,0.272941,-0.04572,0.852981,1.0,0.731776,7445.8,90.9,159.7,440.6,100.0,1.0
729162,4563,155,9.075656,1.0,-0.040983,0.011921,0.000471,0.00252711,0.038802,-0.43731,0.426451,0.819278,0.687657,5953.9,81.8,191.6,335.5,100.0,1.0
729328,4564,166,6.544796,0.646295,-0.06143,0.033106,0.0,0.0019494,-0.013128,-0.184732,0.151698,0.55091,0.782301,6916.2,111.5,137.2,573.9,100.0,1.0
729484,4565,156,11.794507,0.2,-0.035834,0.029933,0.078848,0.00250743,0.168361,-0.482052,1.0,1.0,0.564604,5783.4,72.0,100.5,496.3,100.0,1.0
729642,4566,158,11.939004,0.2,-0.000966,0.026052,0.097558,0.00234432,0.196027,0.104027,0.529941,0.757057,0.79173,8016.3,114.1,152.9,561.8,100.0,1.0
729797,4567,155,12.95742,0.2,-0.081405,0.024112,0.00018,0.00207687,0.292867,0.085795,0.943757,0.926576,0.779192,7946.9,103.1,132.0,454.1,100.0,1.0
729956,4568,159,11.345945,0.2,-0.031722,0.017176,0.024558,0.00203174,0.215291,-0.282219,0.905032,1.0,0.632177,6544.7,79.8,123.0,556.1,100.0,1.0
730114,4569,158,15.343751,1.0,0.033668,0.050192,0.0,0.00228708,0.366707,0.280726,0.799649,0.996425,0.801305,8689.6,108.8,168.8,500.7,99.994,1.0
730280,4570,166,9.737838,0.2,-0.068508,0.006242,0.093349,0.00194428,0.139335,-0.60049,1.0,1.0,0.502466,5332.1,63.4,97.4,693.4,100.0,1.0
730443,4571,163,10.034734,0.2,-0.025301,0.003193,0.0,0.0019959,0.150854,-0.536281,0.909239,1.0,0.511857,5576.8,68.5,54.2,746.7,100.0,1.0
730601,4572,158,11.140064,0.2,0.074521,0.01084,0.082806,0.00188097,0.231455,0.024744,0.778562,0.865823,0.790501,7714.3,103.4,150.8,738.3,100.0,1.0
730764,4573,163,13.101759,0.2,-0.069178,0.001318,0.000542,0.00265427,0.189126,-0.421509,1.0,1.0,0.56673,6014.0,68.5,145.0,293.7,100.0,1.0
730930,4574,166,12.461827,0.2,0.027997,0.031103,0.096922,0.00196487,0.265294,0.047518,0.747665,0.95334,0.798865,7801.0,99.8,166.6,570.8,100.0,1.0
731086,4575,156,13.061641,0.496794,-0.062846,0.019723,3e-06,0.0023173,0.258466,-0.093927,0.960881,0.980059,0.738843,7262.1,91.7,161.7,514.9,100.0,1.0
731243,4576,157,10.706669,0.2,0.009558,0.023485,0.025284,0.00188025,0.213012,0.051986,0.663899,0.820187,0.79319,7818.1,107.4,155.3,591.5,100.0,1.0
731397,4577,154,8.957614,0.245547,-0.096271,0.010139,0.010336,0.00193744,0.126825,-0.658882,1.0,1.0,0.46283,5109.7,60.6,64.6,1012.6,100.0,1.0
731552,4578,155,11.075988,0.2,0.01665,0.018029,0.037579,0.00229481,0.170072,-0.477371,0.908746,1.0,0.518616,5801.2,64.2,115.7,481.6,100.0,1.0
731711,4579,159,14.963968,0.2,-0.080673,0.028754,0.017501,0.00244478,0.321691,0.324154,0.636966,0.873441,0.805818,8855.0,118.2,176.4,335.0,100.0,1.0
731866,4580,155,9.799354,0.942517,-0.020541,0.004073,0.0,0.00214148,0.133326,-0.449064,0.708277,0.970409,0.599859,5909.1,75.0,125.1,498.9,100.0,1.0
732023,4581,157,9.676058,0.2,0.001147,0.013149,0.063906,0.00197397,0.149497,0.000506,0.565821,0.724519,0.804222,7621.9,110.5,173.7,576.6,100.0,1.0
732185,4582,162,11.222253,0.2,-0.014408,0.017846,0.035562,0.0018449,0.233949,-0.239117,0.96292,1.0,0.64326,6709.0,82.9,104.9,667.9,100.0,1.0
732344,4583,159,6.521023,0.989987,0.037777,0.005946,0.0,0.00238361,-0.069384,-0.613217,0.396802,0.66107,0.629065,5283.6,79.5,120.7,571.0,100.0,1.0
732499,4584,155,10.002444,0.2,-0.087435,0.001997,0.0,0.00214737,0.142095,-0.564352,1.0,0.989387,0.533337,5469.8,68.7,87.0,508.4,100.0,1.0
732656,4585,157,13.391204,0.945684,-0.035532,0.00805,0.0,0.00236494,0.264581,-0.058052,0.808571,1.0,0.729792,7398.8,90.0,165.9,344.2,100.0,1.0
732819,4586,163,12.699376,0.659148,-0.022208,0.020945,0.0,0.00237923,0.215261,-0.230498,0.773185,1.0,0.656915,6741.8,80.3,157.7,378.1,100.0,1.0
732978,4587,159,14.323303,0.502606,0.026722,0.01526,0.000102,0.00212684,0.342093,0.258903,0.727739,0.968954,0.802152,8606.4,109.3,170.3,530.8,100.0,1.0
733131,4588,153,14.727065,0.460423,-0.00023,0.019914,0.0,0.00261656,0.299185,0.054095,0.861852,1.0,0.779667,7826.1,93.0,215.0,304.6,100.0,1.0
733295,4589,164,10.295428,0.2,-0.129856,0.02817,0.000109,0.00191549,0.174927,-0.322559,0.871997,0.938957,0.640057,6391.0,82.4,105.4,624.6,100.0,1.0
733460,4590,165,9.899311,0.42887,-0.033307,0.009224,0.0,0.0021592,0.113986,-0.661321,0.946219,1.0,0.495866,5100.4,62.8,94.3,745.7,100.0,1.0
733620,4591,160,18.260722,0.660513,-0.051606,0.027925,0.000163,0.00307123,0.376217,0.283982,0.943591,1.0,0.83768,8702.0,102.2,229.5,226.0,100.0,1.0
733780,4592,160,10.176035,0.668722,0.048007,0.018153,0.0,0.00207595,0.151421,-0.315963,0.789737,0.905905,0.67016,6416.2,84.2,135.0,768.7,100.0,1.0
733942,4593,162,14.109069,0.2,0.014213,0.029658,0.03413,0.00218798,0.316071,0.074366,0.938156,1.0,0.768866,7903.3,97.0,149.3,564.5,100.0,1.0
734107,4594,165,11.82853,0.24871,0.078191,0.009874,0.000251,0.00190582,0.247712,0.044046,0.798455,0.87531,0.76954,7787.8,103.8,115.9,657.9,100.0,1.0
734270,4595,163,9.339479,0.821406,-0.197428,0.0,0.0,0.00210068,0.10147,-0.760283,1.0,1.0,0.412154,4723.3,56.8,23.8,919.7,100.0,1.0
734432,4596,162,12.198706,0.2,-0.018647,0.014931,0.038745,0.0019053,0.271125,-0.08185,0.924791,1.0,0.713533,7308.2,89.4,145.9,648.2,100.0,1.0
734591,4597,159,13.453005,0.2,0.071604,0.013137,0.0,0.00217809,0.293087,0.29873,0.802329,0.756378,0.782166,8758.2,124.7,136.9,497.7,100.0,1.0
734753,4598,162,11.410281,1.0,6.3e-05,0.030433,0.0,0.002459,0.143982,-0.543492,0.943032,1.0,0.550493,5549.3,68.9,114.2,476.5,100.0,1.0
734918,4599,165,7.30833,0.485953,0.005075,0.009778,0.0,0.0016865,0.069116,-0.414934,0.583726,0.810941,0.639296,6039.1,83.4,92.8,756.4,100.0,1.0
735074,4600,156,13.863613,1.0,0.022948,0.016131,0.0,0.00233237,0.295133,0.186132,0.694218,0.913542,0.795872,8329.2,108.8,159.8,495.6,100.0,1.0
735233,4601,159,12.988618,0.99223,-0.034691,0.016519,0.0,0.00247977,0.223149,-0.26778,0.959962,1.0,0.645619,6599.8,80.2,140.0,346.4,100.0,1.0
735393,4602,160,12.263082,0.310095,-0.080201,0.019606,1.9e-05,0.00258872,0.168802,-0.470063,0.934308,1.0,0.550533,5829.1,66.4,143.4,309.3,100.0,1.0
735553,4603,160,9.761177,0.2,-0.131634,0.014564,0.0,0.0022491,0.104248,-0.751149,1.0,1.0,0.414251,4758.1,51.1,94.8,618.3,100.0,1.0
735714,4604,161,14.349644,1.0,0.033893,0.023217,0.0,0.00252256,0.276205,0.153418,0.831584,0.863693,0.814713,8204.5,110.1,191.2,571.0,100.0,1.0
735877,4605,163,10.765213,0.2,-0.011551,0.015539,0.052187,0.00200517,0.185095,-0.319543,0.915967,0.947192,0.630893,6402.5,82.2,92.5,722.4,100.0,1.0
736042,4606,165,12.978472,0.2,-0.036958,0.005387,7.3e-05,0.00234835,0.229745,-0.033946,0.677314,0.931058,0.759877,7490.7,97.0,135.1,455.0,100.0,1.0
736199,4607,157,14.471115,1.0,0.108044,0.016981,0.0,0.00222153,0.339482,0.167307,0.856359,1.0,0.773558,8257.4,97.0,157.4,381.8,100.0,1.0
736366,4608,167,12.692557,0.970908,0.002581,0.018959,0.0,0.00210887,0.251515,-0.051585,0.695634,1.0,0.749969,7423.5,92.4,171.7,534.5,100.0,1.0
736525,4609,159,8.889644,0.2,-0.14856,0.006679,0.0,0.00203571,0.099149,-0.776011,1.0,1.0,0.396237,4663.4,50.7,68.4,584.2,100.0,1.0
736687,4610,162,11.094786,0.2,0.051763,0.017335,0.045557,0.00195109,0.211641,-0.248205,0.816814,1.0,0.665844,6674.3,82.4,148.2,770.0,100.0,1.0
736843,4611,156,8.566202,0.863808,-0.312038,0.009292,0.0,0.00234827,0.041122,-1.0,1.0,1.0,0.294391,3720.0,35.9,72.4,452.2,100.0,1.0
737000,4612,157,10.222272,1.0,-0.246311,0.005501,0.0,0.00257842,0.081449,-0.847776,1.0,1.0,0.359146,4390.0,43.7,88.3,565.8,100.0,1.0
737151,4613,151,8.613208,1.0,0.084712,0.015784,0.0,0.0019544,0.114633,-0.141158,0.510073,0.783431,0.805849,7082.2,99.3,184.8,511.4,100.0,1.0
737311,4614,160,11.709505,1.0,-0.056102,0.008958,0.0,0.0027427,0.118231,-0.415415,0.789526,0.885708,0.626623,6037.3,80.0,110.6,292.7,100.0,1.0
737473,4615,162,14.157243,1.0,0.052069,0.028273,0.0,0.00239267,0.285993,0.10097,0.707302,0.970852,0.799373,8004.7,101.5,165.6,342.2,100.0,1.0
737634,4616,161,8.654616,0.761165,-0.12898,0.005993,0.0,0.00198622,0.092023,-0.780431,0.959517,1.0,0.403889,4646.6,57.1,7.0,633.6,100.0,1.0
737800,4617,166,12.395296,0.2,-0.01844,0.02384,0.021078,0.00223106,0.219446,-0.225948,0.818776,1.0,0.666747,6759.1,83.4,137.7,651.9,100.0,1.0
737958,4618,158,7.297236,0.2,-0.293472,0.0,0.159671,0.00205079,0.023213,-0.801715,1.0,0.837433,0.446445,4565.5,62.1,19.4,497.4,100.0,1.0
738121,4619,163,13.944521,0.224826,-0.052288,0.019539,0.008578,0.00209611,0.321896,0.317407,0.778502,0.84654,0.816682,8829.3,119.5,194.5,594.3,100.0,1.0
738279,4620,158,7.467485,0.363032,-0.139859,0.0,0.0,0.00200852,0.038007,-1.0,0.801134,1.0,0.210531,2597.0,27.9,26.0,497.2,100.0,1.0
738437,4621,158,10.989949,0.2,0.046337,0.016639,0.039807,0.00221193,0.173502,-0.32545,0.821175,0.960746,0.654846,6380.0,81.3,142.4,722.7,100.0,1.0
738594,4622,157,12.695727,0.2,0.052659,0.049447,0.069289,0.00214443,0.26753,-0.032968,0.77144,1.0,0.740377,7494.4,92.9,150.4,464.9,100.0,1.0
738751,4623,157,11.856315,0.86034,-0.047103,0.028351,0.0,0.00243752,0.181602,-0.401198,0.890899,1.0,0.585341,6091.4,74.3,109.3,370.8,100.0,1.0
738906,4624,155,9.120636,0.948653,-0.029834,0.013247,0.000146,0.0023712,0.066579,-0.32696,0.730236,0.714524,0.710459,6374.3,92.9,99.7,362.2,100.0,1.0
739072,4625,166,11.414742,0.2,0.011892,0.00795,0.01591,0.00233253,0.156135,-0.372126,0.642615,0.989169,0.620459,6202.2,77.9,124.7,467.5,100.0,1.0
739238,4626,166,13.863414,0.205458,-0.062999,0.011866,0.007533,0.00240705,0.260388,-0.096362,0.816727,1.0,0.68779,7252.9,83.3,174.7,351.8,100.0,1.0
739401,4627,163,8.633291,1.0,-0.0152,0.029308,0.0,0.00256184,-0.006569,-0.220502,0.216876,0.597907,0.801741,6779.9,106.1,169.6,366.2,100.0,1.0
739556,4628,155,11.80657,1.0,-0.055863,0.001759,0.0,0.00232154,0.202299,-0.311329,0.874505,1.0,0.63093,6433.8,78.8,132.2,616.3,100.0,1.0
739713,4629,157,9.756007,1.0,0.036052,0.002105,0.0,0.00196712,0.155686,-0.042415,0.487269,0.796837,0.785446,7458.4,103.8,142.4,483.6,100.0,1.0
739871,4630,158,13.310879,0.2,0.006973,0.020102,0.011744,0.00219433,0.287088,0.004427,0.858266,1.0,0.751438,7636.9,91.8,181.4,512.7,100.0,1.0
740029,4631,158,11.493352,0.494033,-0.029927,0.014975,5.2e-05,0.00204728,0.223798,-0.220916,0.851279,1.0,0.670046,6778.3,83.2,146.1,502.1,100.0,1.0
740187,4632,158,9.707653,0.2,-0.047194,0.018839,0.127618,0.00204784,0.138691,-0.375146,0.882086,0.88967,0.648005,6190.7,81.9,124.5,697.5,100.0,1.0
740347,4633,160,9.35625,0.324229,0.015207,0.0,8e-06,0.00194655,0.134079,-0.107227,0.549545,0.790913,0.800831,7211.5,100.7,168.1,637.1,100.0,1.0
740509,4634,162,11.163183,0.886822,-0.161381,0.016467,0.0,0.00234425,0.151807,-0.328621,1.0,0.845651,0.645768,6368.0,86.3,70.0,460.1,100.0,1.0
740670,4635,161,9.368573,0.2,-0.145875,0.002851,9.5e-05,0.00216449,0.097657,-0.784554,1.0,1.0,0.388746,4630.8,49.6,69.6,733.0,100.0,1.0
740834,4636,164,10.797637,0.202599,-0.004503,0.011358,0.0,0.00203236,0.180904,-0.391137,0.843284,1.0,0.582631,6129.8,72.0,131.2,691.7,100.0,1.0
740993,4637,159,11.904042,0.2,-0.035454,0.023448,0.042387,0.00215471,0.224313,-0.094413,0.803363,0.943954,0.766811,7260.3,93.4,188.7,487.5,100.0,1.0
741151,4638,158,11.758417,0.2,-0.066436,0.0,0.032849,0.00218623,0.214573,-0.287516,0.891879,1.0,0.619923,6524.6,75.6,151.3,594.7,100.0,1.0
741317,4639,166,8.889097,0.775231,0.032896,0.022964,0.0,0.00197872,0.094883,-0.201947,0.554913,0.733494,0.733251,6850.6,98.8,69.5,582.8,100.0,1.0
741475,4640,158,10.034925,0.2,0.010074,0.013744,0.016311,0.00218438,0.132786,0.014785,0.457263,0.693243,0.803748,7676.3,113.3,172.9,512.3,100.0,1.0
741628,4641,153,10.737386,0.2,-0.014247,0.001082,0.055717,0.00223304,0.169744,-0.460562,0.918102,1.0,0.554349,5865.3,68.8,121.5,653.7,100.0,1.0
741790,4642,162,8.14319,0.2,-0.143878,0.019137,0.024697,0.00188566,0.082383,-0.801999,0.990557,1.0,0.429862,4564.4,52.3,106.4,890.7,100.0,1.0
741951,4643,161,9.792846,0.566533,0.013425,0.027381,2e-06,0.00205087,0.13625,0.038642,0.438506,0.672292,0.782141,7767.2,116.1,136.9,483.6,100.0,1.0
742110,4644,159,11.668364,0.435914,-0.012107,0.033935,6e-06,0.00207905,0.225219,-0.078059,0.871086,0.91293,0.770476,7322.6,95.7,167.6,556.3,100.0,1.0
742266,4645,156,11.829099,0.2,-0.010916,0.01824,0.000564,0.001867,0.272208,-0.084139,0.904616,1.0,0.694026,7299.4,90.2,104.2,738.6,100.0,1.0
742429,4646,163,12.130397,1.0,-0.013592,0.024867,0.0,0.00202405,0.2479,-0.165481,0.917176,1.0,0.679495,6989.5,85.5,135.1,628.8,100.0,1.0
742592,4647,163,9.543157,0.423226,0.010205,0.027309,1.7e-05,0.00239657,0.063946,-0.28614,0.489408,0.748501,0.734107,6529.8,93.4,134.3,464.0,100.0,1.0
742749,4648,157,10.266161,0.2,-0.078162,0.00789,0.072932,0.00204552,0.167903,-0.467229,0.826729,1.0,0.506198,5839.9,62.4,115.2,774.4,100.0,1.0
742907,4649,158,12.28982,0.2,0.104542,0.006986,0.00456,0.00216609,0.243231,-0.152975,0.864847,1.0,0.69856,7037.2,87.3,146.0,785.8,100.0,1.0
743069,4650,162,10.973264,0.2,-0.032671,0.002962,0.064353,0.00200159,0.198509,-0.343189,0.867005,1.0,0.590377,6312.4,76.5,91.4,695.1,100.0,1.0
743235,4651,166,10.007481,0.596423,0.008264,0.025649,0.0,0.00226896,0.100118,-0.344929,0.697173,0.817263,0.674583,6305.8,86.7,112.2,465.2,100.0,1.0
743390,4652,155,11.954797,0.2,-0.132489,0.028656,0.082256,0.00238544,0.199834,-0.349946,1.0,0.98752,0.616583,6286.7,79.1,105.1,512.8,100.0,1.0
743547,4653,157,12.390071,0.2,0.013155,0.017389,0.02339,0.00200251,0.27597,0.103104,0.701321,0.943946,0.803148,8012.8,103.0,171.9,537.1,100.0,1.0
743706,4654,159,10.206966,0.736793,0.005691,0.034603,2.7e-05,0.00233443,0.115183,-0.109773,0.447065,0.751281,0.770254,7201.8,102.8,117.1,353.5,100.0,1.0
743864,4655,158,9.246608,0.812572,-0.043622,0.00305,0.0,0.00212125,0.105455,-0.640507,1.0,0.930917,0.480943,5179.7,67.1,19.2,558.3,100.0,1.0
744028,4656,164,12.589904,1.0,0.040071,0.024721,0.0,0.00242547,0.202175,-0.258988,0.749705,1.0,0.660747,6633.3,80.2,166.2,381.9,100.0,1.0
744189,4657,161,7.773828,0.434769,0.012638,0.023655,1e-06,0.00196374,0.054303,-0.312011,0.647807,0.695658,0.72377,6431.2,94.8,100.1,595.6,100.0,1.0
744349,4658,160,13.169119,0.2,0.062707,0.022307,0.008563,0.00202276,0.303944,0.138332,0.739147,0.970558,0.79041,8147.0,103.4,150.7,654.6,100.0,1.0
744507,4659,158,10.133121,0.508092,-0.018806,0.0022,0.0,0.00267188,0.060768,-0.660913,1.0,0.855827,0.537261,5101.9,68.7,93.6,506.2,100.0,1.0
744666,4660,159,8.737657,0.2,-0.001876,0.014932,0.017399,0.00216526,0.072189,-0.442314,0.831839,0.782592,0.650459,5934.8,83.2,113.1,724.3,100.0,1.0
744827,4661,161,9.865369,0.455444,0.038609,0.022382,0.0,0.00178048,0.183567,-0.110225,0.662195,0.873406,0.74883,7200.0,96.1,127.1,802.3,100.0,1.0
744989,4662,162,13.303955,0.734175,0.039477,0.0,0.0,0.00210631,0.292897,0.051645,0.788868,1.0,0.770326,7816.8,97.2,150.0,504.9,100.0,1.0
745150,4663,161,11.783207,0.550688,-0.039404,0.030591,0.0,0.00244714,0.167672,-0.325275,0.973958,0.893834,0.643598,6380.7,84.2,90.0,593.5,100.0,1.0
745314,4664,164,10.846285,0.2,-0.067078,0.005035,0.000108,0.002477,0.110813,-0.697284,0.979461,1.0,0.465417,4963.3,55.6,126.8,285.7,100.0,1.0
745471,4665,157,14.195297,1.0,-0.003312,0.005443,0.0,0.00286795,0.22652,-0.267146,0.938308,1.0,0.61905,6602.2,74.8,159.4,312.0,100.0,1.0
745632,4666,161,9.547044,0.2,-0.059292,0.0,0.0,0.00219073,0.10252,-0.75193,1.0,1.0,0.421521,4755.1,53.8,75.2,611.5,100.0,1.0
745789,4667,157,9.720479,0.2,0.06653,0.010772,0.040518,0.00181864,0.177987,-0.15678,0.931361,0.814985,0.727606,7022.7,96.7,84.1,730.0,100.0,1.0
745949,4668,160,10.920881,1.0,-0.003876,0.016046,0.0,0.00202913,0.196086,-0.119755,0.687891,0.918278,0.760932,7163.7,93.4,179.0,567.7,100.0,1.0
746108,4669,159,13.937838,1.0,-0.006974,0.016249,0.0,0.00270629,0.23435,-0.158214,0.684291,1.0,0.643524,7017.2,78.1,161.8,273.0,100.0,1.0
746267,4670,159,8.054837,0.826021,0.010388,0.012453,0.0,0.00164031,0.123334,-0.00611,0.474298,0.667409,0.777752,7596.7,113.9,129.6,714.9,100.0,1.0
746426,4671,159,8.260086,0.515184,0.041294,0.020688,7e-06,0.00214236,0.053291,-0.11858,0.239219,0.648263,0.780101,7168.2,108.7,133.5,469.0,100.0,1.0
746581,4672,155,11.133042,0.807133,0.038566,0.015237,0.0,0.0020175,0.218223,-0.318914,1.0,1.0,0.600784,6404.9,75.6,119.5,570.6,100.0,1.0
746752,4673,171,10.467736,0.2,0.020146,0.021671,8.2e-05,0.00199517,0.158031,-0.440351,0.780749,1.0,0.579605,5942.3,73.2,112.4,554.7,100.0,1.0
746903,4674,151,11.504839,0.368621,0.079616,0.003654,0.000302,0.00220759,0.215322,0.086703,0.640815,0.798682,0.793219,7950.3,110.5,155.4,496.6,100.0,1.0
747063,4675,160,11.077696,0.2,0.018302,0.014784,0.113133,0.00189816,0.224598,-0.257485,0.95772,0.993724,0.644285,6639.0,83.2,102.6,732.9,100.0,1.0
747220,4676,157,11.857306,0.2,0.001749,0.007134,0.117343,0.0024704,0.177641,-0.456708,0.991894,1.0,0.558504,5879.9,67.3,146.1,511.6,100.0,1.0
747376,4677,156,6.934283,0.694426,0.040485,0.014762,0.0,0.0018331,0.044758,-0.25971,0.541596,0.6571,0.742442,6630.5,100.0,70.7,775.7,100.0,1.0
747534,4678,158,9.758409,0.490571,0.002676,0.021449,0.0,0.00190891,0.163785,-0.040477,0.740622,0.731298,0.760324,7465.8,107.8,100.5,726.2,100.0,1.0
747691,4679,157,12.57327,0.354346,-0.011632,0.008559,0.0,0.00244656,0.215544,-0.344743,1.0,1.0,0.568977,6306.5,69.4,138.3,383.3,100.0,1.0
747852,4680,161,12.937913,0.502422,0.026577,0.005475,3e-06,0.00220476,0.262131,-0.098783,0.810504,1.0,0.671728,7243.6,84.8,130.5,489.9,100.0,1.0
748016,4681,164,11.632365,0.2,0.042824,0.0,0.055757,0.00194219,0.236333,-0.215832,0.889438,1.0,0.63535,6797.7,82.7,94.6,564.8,100.0,1.0
748171,4682,155,12.697786,1.0,0.010887,0.01816,0.0,0.00236414,0.239248,-0.189041,0.89024,1.0,0.668057,6899.8,82.9,145.7,591.0,100.0,1.0
748329,4683,158,9.451266,0.723875,-0.086667,0.0,0.0,0.0018744,0.15469,-0.558381,1.0,1.0,0.499383,5492.6,64.4,81.2,840.1,100.0,1.0
748487,4684,158,10.404926,1.0,-0.079563,0.026284,0.0,0.00258036,0.088648,-0.685424,0.781543,1.0,0.49804,5008.5,60.3,126.6,322.9,100.0,1.0
748651,4685,164,8.326123,0.278085,0.05638,0.037545,0.025975,0.00185515,0.092959,-0.09643,0.394797,0.68974,0.770894,7252.6,107.3,118.2,659.5,100.0,1.0
748810,4686,159,9.210585,0.699636,-0.294932,0.0,0.0,0.00249306,0.043002,-1.0,1.0,1.0,0.284988,3181.8,38.4,26.8,564.1,100.0,1.0
748964,4687,154,11.401913,0.833396,-0.028801,0.01445,0.0,0.00245789,0.165484,-0.451104,1.0,0.969416,0.579628,5901.3,74.9,92.1,390.4,100.0,1.0
749120,4688,156,11.717882,1.0,0.026616,0.014463,0.0,0.00231564,0.197873,-0.305472,0.830346,1.0,0.641233,6456.2,74.9,194.8,552.9,100.0,1.0
749279,4689,159,11.630843,0.484786,-0.039141,0.015683,1.6e-05,0.0023054,0.188432,-0.258646,0.694764,0.984408,0.675306,6634.6,83.6,150.4,504.6,100.0,1.0
749434,4690,155,12.826944,1.0,0.012917,0.02209,0.0,0.00243819,0.234191,-0.138547,0.683892,1.0,0.678532,7092.1,82.1,172.9,359.9,100.0,1.0
749595,4691,161,13.991512,0.685858,0.046854,0.014318,0.0,0.00242388,0.277509,-0.025757,0.846607,1.0,0.740684,7521.9,91.7,164.1,466.4,100.0,1.0
749756,4692,161,9.723485,0.2,-0.02627,0.002732,0.006871,0.00195401,0.149498,-0.510146,0.794608,1.0,0.50706,5676.3,63.3,106.7,632.5,100.0,1.0
749917,4693,161,12.607654,0.996875,-0.079038,0.017882,0.0,0.00252011,0.196042,-0.391802,0.903178,1.0,0.535726,6127.2,65.3,130.7,422.4,100.0,1.0
750080,4694,163,12.112618,0.2,0.057996,0.021407,0.090183,0.00203664,0.246226,0.001501,0.707802,0.945555,0.780118,7625.7,98.0,157.0,697.6,100.0,1.0
750235,4695,155,10.803621,0.216775,0.004813,0.031793,0.018735,0.00216894,0.179545,-0.035267,0.622065,0.824308,0.794129,7485.6,102.6,156.9,571.6,100.0,1.0
750401,4696,166,13.666087,1.0,0.069969,0.02841,0.0,0.00216454,0.293092,-0.052347,1.0,1.0,0.692933,7420.6,90.5,99.1,581.7,100.0,1.0
750564,4697,163,12.933858,0.2,0.105992,0.018389,0.060835,0.0020679,0.280417,0.116379,0.765511,0.922834,0.799292,8063.4,104.8,165.5,714.4,100.0,1.0
750723,4698,159,9.350311,0.507984,-0.087329,0.010718,1.1e-05,0.00217104,0.101227,-0.730646,0.952429,1.0,0.44145,4836.2,55.4,88.9,596.3,100.0,1.0
750885,4699,162,11.898012,0.794032,0.023618,0.036497,0.0,0.00191962,0.257107,0.004335,0.726759,0.96041,0.766148,7636.5,97.4,140.8,538.6,100.0,1.0
751045,4700,160,14.225372,0.2,0.124375,0.001955,0.04188,0.00184924,0.38334,0.319939,0.797567,1.0,0.791977,8839.0,108.3,153.3,802.1,100.0,1.0
751198,4701,153,8.903592,0.586329,0.014834,0.02888,0.0,0.00237141,0.062304,-0.074195,0.295238,0.633258,0.81446,7337.3,112.3,190.8,465.5,100.0,1.0
751363,4702,165,5.921017,0.45047,-0.320728,0.0,0.0,0.00216139,-0.073898,-1.0,1.0,0.711018,0.363774,3500.0,51.1,9.7,543.2,100.0,1.0
751521,4703,158,10.066878,0.932847,0.056068,0.022834,0.0,0.00219553,0.133812,-0.230673,0.637431,0.843914,0.722828,6741.1,91.4,138.4,583.3,100.0,1.0
751681,4704,160,8.569402,0.2,0.032991,0.009078,0.024164,0.00182066,0.117902,-0.07462,0.464794,0.722412,0.776524,7335.7,106.5,127.5,1141.1,100.0,1.0
751845,4705,164,12.30102,0.358535,0.029114,0.025482,7.8e-05,0.00216978,0.231566,-0.165084,0.74511,1.0,0.675829,6991.0,83.2,156.2,565.5,100.0,1.0
752007,4706,162,10.366717,0.2,0.021283,0.008196,0.062564,0.0017415,0.212928,-0.254602,0.830544,0.99141,0.640044,6650.0,83.5,92.8,751.2,100.0,1.0
752168,4707,161,13.823834,0.605453,0.084619,0.024054,0.0,0.00223408,0.300474,0.170943,0.768371,0.931042,0.810291,8271.3,107.1,183.8,434.0,100.0,1.0
752327,4708,159,11.268278,0.2,-0.002283,0.010816,0.0,0.00194466,0.228937,-0.294898,0.998338,1.0,0.588414,6496.4,80.2,45.5,716.3,100.0,1.0
752490,4709,163,8.735751,0.831046,-0.172665,0.010236,0.0,0.00201933,0.08804,-0.812568,1.0,1.0,0.387809,4524.1,50.4,58.8,501.9,100.0,1.0
752652,4710,162,11.562681,0.717699,-0.037463,0.033255,0.0,0.00196758,0.233446,-0.196956,0.815096,1.0,0.645645,6869.6,81.7,122.6,748.9,100.0,1.0
752812,4711,160,10.503928,0.548912,0.020068,0.003557,1e-06,0.00175125,0.221426,-0.297182,0.914904,1.0,0.580251,6487.7,79.9,35.4,750.7,100.0,1.0
752970,4712,158,9.024956,0.327512,0.044671,0.013051,3.2e-05,0.00212207,0.095706,-0.160584,0.484716,0.756461,0.806612,7008.2,99.7,180.6,612.5,100.0,1.0
753132,4713,162,12.393189,0.748886,0.0267,0.006071,0.0,0.00181849,0.297259,0.032999,0.754548,1.0,0.698728,7745.7,87.4,144.3,733.5,100.0,1.0
753291,4714,159,10.918556,0.706268,-0.035324,0.001218,0.0,0.00202667,0.199189,-0.326067,0.856685,1.0,0.611779,6377.7,77.1,120.5,631.4,100.0,1.0
753452,4715,161,13.483626,1.0,-0.020602,0.019384,0.0,0.00241684,0.254843,-0.166223,0.984212,1.0,0.677001,6986.7,86.5,118.7,496.4,100.0,1.0
753618,4716,166,11.404797,0.813961,0.023499,0.015557,0.0,0.0020478,0.204772,-0.381964,1.0,1.0,0.557702,6164.7,75.8,44.7,720.1,100.0,1.0
753779,4717,161,11.088599,0.2,0.010419,0.01782,0.054473,0.0016792,0.259259,0.13287,0.709629,0.853214,0.784169,8126.2,109.6,140.3,821.9,100.0,1.0
753936,4718,157,11.996832,0.961094,0.02584,0.028743,0.0,0.0022098,0.226057,0.184301,0.423432,0.809721,0.820969,8322.2,115.0,201.6,462.0,100.0,1.0
754087,4719,151,11.285864,0.502111,-0.064957,0.006564,0.0,0.00213942,0.216,-0.325349,1.0,1.0,0.600642,6380.4,77.8,93.9,632.7,100.0,1.0
754253,4720,166,11.976904,1.0,-0.012,0.004391,0.0,0.00204341,0.232854,-0.133053,0.67448,1.0,0.690126,7113.1,84.5,164.6,810.8,100.0,1.0
754412,4721,159,11.151011,0.410754,0.040982,0.01916,0.0,0.00199228,0.21584,-0.053095,0.660365,0.907277,0.7458,7417.7,97.2,108.7,625.9,100.0,1.0
754570,4722,158,11.162175,0.300817,0.058807,0.019419,0.018919,0.00223947,0.179314,-0.413265,0.918029,1.0,0.589231,6045.5,71.5,148.2,643.9,100.0,1.0
754730,4723,160,11.796095,0.2,-0.005265,0.033839,5e-06,0.00223294,0.206193,-0.337447,0.913817,1.0,0.585412,6334.3,72.1,134.5,600.6,100.0,1.0
754885,4724,155,9.196931,0.2,-0.061336,0.000457,0.0,0.00194088,0.138498,-0.367381,0.904262,0.862291,0.625732,6220.3,83.5,68.7,639.6,100.0,1.0
755047,4725,162,11.664539,1.0,0.060865,0.02781,0.0,0.00203455,0.227621,-0.178192,0.767726,1.0,0.683924,6941.1,83.6,164.9,652.7,100.0,1.0
755205,4726,158,13.292199,0.861786,0.012481,0.013295,0.0,0.00237644,0.259521,-0.05926,0.756054,1.0,0.726718,7394.2,85.7,211.0,315.1,100.0,1.0
755373,4727,168,11.99447,0.935811,0.050274,0.019432,0.0,0.00241196,0.167829,-0.317929,0.713273,0.975365,0.668004,6408.7,81.1,167.1,386.6,100.0,1.0
755538,4728,165,5.449216,0.2,0.712531,0.0,0.055195,0.00218005,-0.09936,-1.0,1.0,0.617732,0.327834,2934.8,45.4,17.3,611.1,100.0,1.0
755692,4729,154,13.872551,0.2,-0.060171,0.002753,7.1e-05,0.00253878,0.271854,-0.104178,0.93127,1.0,0.674053,7223.1,86.6,112.6,464.7,100.0,1.0
755852,4730,160,10.122593,0.602286,0.016356,0.013729,0.0,0.00196184,0.169787,-0.109365,0.867608,0.768125,0.737696,7203.3,101.8,62.8,770.9,100.0,1.0
756009,4731,157,11.13612,0.602586,-0.033422,0.023387,0.0,0.00213551,0.196845,-0.337594,0.852436,1.0,0.601203,6333.8,72.7,154.2,373.5,100.0,1.0
756165,4732,156,11.28142,0.309631,-0.122492,0.013089,0.0,0.00239296,0.165794,-0.513911,0.981574,1.0,0.51247,5662.0,60.3,150.1,453.0,100.0,1.0
756319,4733,154,11.720184,1.0,-0.247733,0.003495,0.0,0.00280672,0.127886,-0.682673,1.0,1.0,0.415894,5019.0,47.2,142.9,271.8,100.0,1.0
756481,4734,162,8.226052,0.2,-0.014143,0.028971,0.000108,0.00177609,0.105444,-0.300409,0.567454,0.834632,0.691395,6475.4,88.2,122.9,1004.6,100.0,1.0
756645,4735,164,12.056119,0.2,0.042651,0.014292,0.069988,0.0019012,0.264435,0.062356,0.639546,0.974191,0.811553,7857.6,99.5,191.7,703.5,100.0,1.0
756801,4736,156,8.25699,0.2,-0.053762,0.017422,0.000143,0.00260181,-0.01123,-0.765554,0.750877,0.816624,0.520961,4703.2,64.7,113.1,432.5,100.0,1.0
756962,4737,161,4.83151,0.303083,-0.047571,0.009376,0.011595,0.00176472,-0.053167,-0.62886,0.556942,0.653929,0.588177,5224.0,79.0,59.0,750.8,100.0,1.0
757122,4738,160,11.254574,0.377736,0.004413,0.005817,0.0,0.00214754,0.194374,-0.431687,1.0,1.0,0.522677,5975.3,65.9,102.4,466.9,100.0,1.0
757279,4739,157,8.279034,0.2,-0.130315,0.008936,0.013146,0.00199555,0.082455,-0.785956,0.974969,1.0,0.449784,4625.5,55.5,102.7,795.2,100.0,1.0
757443,4740,164,11.4843,1.0,0.013343,0.019542,0.0,0.00205342,0.212222,-0.22466,0.747154,0.994598,0.65986,6764.0,84.8,110.7,580.8,100.0,1.0
757605,4741,162,9.414165,0.752295,0.030868,0.009537,0.0,0.0021464,0.102309,-0.369387,0.425727,0.916338,0.658482,6212.6,81.0,151.9,451.7,100.0,1.0
757759,4742,154,10.343935,0.2,0.068947,0.004451,0.042218,0.00192936,0.197354,-0.286994,0.786088,1.0,0.654034,6526.6,81.3,141.5,881.2,100.0,1.0
757917,4743,158,13.911534,0.759193,0.020963,0.010975,0.000116,0.0026428,0.247498,-0.094802,0.696281,1.0,0.694747,7258.8,84.5,171.9,410.6,100.0,1.0
758071,4744,154,11.12247,1.0,0.05327,0.02463,3.7e-05,0.00249613,0.147376,-0.008933,0.459893,0.765362,0.816819,7586.0,107.4,194.7,354.0,100.0,1.0
758231,4745,160,11.374823,0.2,0.067008,0.0,0.074867,0.00165119,0.279677,0.119008,0.687448,0.937449,0.794135,8073.4,104.2,156.9,745.5,100.0,1.0
758389,4746,158,12.082029,0.359395,-0.065913,0.0,0.0,0.00255504,0.174009,-0.469679,1.0,1.0,0.558016,5830.5,71.1,100.1,358.7,100.0,1.0
758543,4747,154,10.687976,0.68095,-0.104956,0.0,0.0,0.00219733,0.172703,-0.462764,0.892493,1.0,0.522896,5856.9,66.2,98.8,461.5,100.0,1.0
758703,4748,160,11.217865,0.2,0.105173,0.009214,0.011427,0.00236116,0.158668,-0.314028,0.512335,0.98924,0.644447,6423.6,80.7,132.2,412.3,100.0,1.0
758862,4749,159,13.901501,1.0,0.021425,0.021815,0.0,0.00258193,0.254332,-0.05372,0.707062,1.0,0.737863,7415.3,92.3,152.8,447.2,100.0,1.0
759022,4750,160,14.566634,1.0,0.125464,0.029901,0.0,0.00259496,0.281559,0.090275,0.657245,1.0,0.828807,7963.9,98.1,236.5,310.1,100.0,1.0
759189,4751,167,13.398644,0.207918,0.086941,0.020147,0.016496,0.00237034,0.245114,-0.175135,0.865939,1.0,0.650912,6952.7,77.9,176.0,463.0,100.0,1.0
759346,4752,157,10.341274,1.0,0.021494,0.008526,0.0,0.00222885,0.144813,-0.495825,0.734422,1.0,0.525452,5730.9,66.0,106.0,386.3,100.0,1.0
759506,4753,160,10.645434,0.754406,-0.030037,0.020508,0.0,0.00202742,0.184921,-0.322227,0.676727,1.0,0.599861,6392.3,71.3,167.4,700.7,100.0,1.0
759667,4754,161,12.629464,0.619278,0.097255,0.008309,0.0,0.00196145,0.288449,0.216352,0.735815,0.851102,0.793706,8444.3,114.0,156.2,468.7,100.0,1.0
759824,4755,157,10.717387,0.2,-0.15544,0.012963,0.212155,0.00280857,0.071837,-0.435645,0.645853,0.829786,0.653486,5960.2,81.4,139.1,357.0,100.0,1.0
759987,4756,163,12.532378,1.0,0.049634,0.018564,0.0,0.00219208,0.242388,-0.203883,0.908439,1.0,0.635482,6843.2,84.4,74.4,431.7,100.0,1.0
760150,4757,163,13.198982,0.573148,0.04785,0.016954,2.8e-05,0.0020708,0.294079,0.037997,0.820894,1.0,0.756546,7764.8,96.9,130.1,590.3,100.0,1.0
760312,4758,162,12.359937,0.876586,0.093828,0.024329,0.0,0.00223992,0.228619,-0.074522,0.670791,0.968376,0.756545,7336.1,93.2,173.9,418.0,100.0,1.0
760466,4759,154,14.818332,1.0,-0.053192,0.030069,0.0,0.0028704,0.267157,-0.161939,1.0,1.0,0.630824,7003.0,76.3,160.9,218.5,100.0,1.0
760626,4760,160,1.180966,0.2,-0.23312,0.0,0.428483,0.00188461,-0.245007,-0.777113,0.207611,0.385293,0.643157,4659.2,84.1,91.0,816.9,100.0,1.0
760784,4761,158,12.093654,0.814147,-0.045471,0.0,0.0,0.00237711,0.203267,-0.362535,0.933816,1.0,0.566139,6238.7,77.1,44.4,430.0,100.0,1.0
760943,4762,159,11.26091,0.35456,-0.054512,0.008031,5e-06,0.00239343,0.158475,-0.563844,1.0,1.0,0.470896,5471.8,56.5,125.4,423.5,100.0,1.0
761099,4763,156,12.434215,0.604684,-0.029541,0.022855,0.0,0.00223488,0.246605,-0.136561,1.0,0.969553,0.724712,7099.7,90.1,156.5,861.9,100.0,1.0
761258,4764,159,12.998174,0.385305,0.021831,0.018291,7.3e-05,0.00223946,0.266208,-0.089585,0.822215,1.0,0.673295,7278.7,82.1,164.1,549.2,100.0,1.0
761421,4765,163,12.635212,0.990999,0.019964,0.021005,0.0,0.00224013,0.239797,0.011396,0.622355,0.954833,0.803093,7663.4,98.0,195.1,686.4,100.0,1.0
761576,4766,155,11.06643,0.367476,0.092755,0.0,8.3e-05,0.00225064,0.181002,-0.40167,0.872543,1.0,0.578342,6089.6,69.0,159.2,590.2,100.0,1.0
761735,4767,159,8.072095,0.880707,-0.198475,0.001496,0.0,0.00256187,-0.020838,-0.824239,0.914188,0.776439,0.477634,4479.6,63.0,60.6,373.5,100.0,1.0
761895,4768,160,11.030094,0.38167,0.040765,0.015392,0.0,0.00218735,0.178206,-0.165328,0.67594,0.910404,0.750822,6990.1,91.5,184.2,618.6,100.0,1.0
762042,4769,147,11.146497,0.2,0.045564,0.027771,5e-06,0.00217475,0.214099,-0.244134,0.761183,1.0,0.632863,6689.8,78.0,145.0,427.1,100.0,1.0
762207,4770,165,12.516821,0.537737,-0.000135,0.030259,6e-06,0.00202988,0.2645,-0.081689,0.806668,1.0,0.687879,7308.8,88.8,110.1,429.3,100.0,1.0
762367,4771,160,11.756858,0.427276,0.014866,0.018395,0.0,0.0021139,0.224834,-0.144751,0.702795,1.0,0.723915,7068.5,87.3,188.4,560.8,100.0,1.0
762534,4772,167,7.192885,0.611139,-0.145395,0.008016,0.0,0.00229796,-0.039267,-1.0,0.768926,0.894591,0.396334,3743.3,49.4,84.3,632.2,100.0,1.0
762693,4773,159,14.094287,0.516557,0.062645,0.022852,2e-06,0.00262572,0.257617,-0.079751,0.791173,1.0,0.717938,7316.2,85.4,199.8,364.6,100.0,1.0
762852,4774,159,10.775185,0.431589,-0.011296,0.016896,0.0,0.00218985,0.167991,-0.423152,0.838543,1.0,0.588801,6007.8,72.5,135.5,503.8,100.0,1.0
762909,4775,57,-8.052335,0.2,0.6,0.0,0.068417,0.00166848,-0.8,-1.0,-1.0,-1.0,0.0,0.0,0.0,0.0,448.0,100.0,1.0
763068,4776,159,10.646979,0.791685,-0.121018,0.018946,0.0,0.00258473,0.099204,-0.686976,0.888643,1.0,0.496095,5002.6,60.3,123.3,353.9,100.0,1.0
763220,4777,152,14.503369,0.2,-0.035276,0.014738,0.000671,0.00253932,0.309089,0.033162,0.92015,1.0,0.722665,7746.3,89.5,160.6,345.1,100.0,1.0
763384,4778,164,13.07526,0.286753,0.058966,0.013552,0.016515,0.00221994,0.262606,-0.033833,0.69739,1.0,0.726457,7491.1,88.3,180.6,482.7,100.0,1.0
763545,4779,161,13.322387,0.2,0.028517,0.038006,0.001461,0.00213102,0.295458,0.202588,0.656954,0.902093,0.784378,8391.9,110.3,140.6,715.2,100.0,1.0
763705,4780,160,11.816592,1.0,0.055545,0.009036,0.0,0.00264698,0.142888,-0.202226,0.303145,0.936991,0.722973,6849.5,88.4,173.6,277.1,100.0,1.0
763867,4781,162,13.036761,0.948434,-0.003274,0.025749,0.0,0.00223796,0.2624,-0.022318,0.672893,1.0,0.73539,7535.0,93.4,136.4,462.5,100.0,1.0
764028,4782,161,6.191588,0.763134,-0.058558,0.022275,0.0,0.00186568,-0.003555,-0.744437,0.914929,0.761818,0.505656,4783.7,67.9,50.8,1016.7,100.0,1.0
764187,4783,159,11.562036,0.2,0.007247,0.032023,0.0,0.00200861,0.234901,-0.068097,0.784301,0.947438,0.756492,7360.5,94.5,158.4,475.5,100.0,1.0
764344,4784,157,12.871226,1.0,0.011307,0.026502,0.0,0.00211542,0.284917,0.080906,0.65678,1.0,0.795393,7928.3,97.9,184.0,432.0,100.0,1.0
764504,4785,160,5.919367,0.831784,-0.087305,0.00961,0.0,0.0022067,-0.069298,-0.852555,0.801611,0.691554,0.465542,4371.8,64.6,22.1,540.2,100.0,1.0
764667,4786,163,11.991621,0.386205,-0.003392,0.007899,1.6e-05,0.00216693,0.2217,-0.322042,0.961503,1.0,0.55868,6393.0,72.3,87.8,605.6,100.0,1.0
764832,4787,165,13.126668,0.2,-0.042004,0.006921,0.000314,0.00234714,0.242092,-0.186165,0.833109,1.0,0.630307,6910.7,80.2,114.7,401.6,100.0,1.0
764990,4788,158,13.594157,1.0,-0.018739,0.016617,0.0,0.00277994,0.212621,-0.220053,0.676521,1.0,0.640062,6781.6,74.3,199.6,262.3,100.0,1.0
765143,4789,153,12.017306,0.731965,0.064059,0.016241,0.0,0.00176603,0.306088,0.029033,0.924145,1.0,0.732441,7730.6,96.3,97.0,866.5,100.0,1.0
765303,4790,160,13.293662,0.836945,0.060673,0.008322,0.0,0.00236263,0.259486,0.264891,0.479205,0.801494,0.808345,8629.2,119.8,180.6,328.3,100.0,1.0
765465,4791,162,11.55104,1.0,0.039174,0.03486,0.0,0.00248982,0.15061,-0.404645,0.603113,1.0,0.590377,6078.3,70.0,167.2,255.0,100.0,1.0
765623,4792,158,12.930631,0.467615,0.022075,0.01988,0.0,0.00202061,0.300895,0.044093,0.827507,1.0,0.736442,7788.0,93.2,140.0,453.6,100.0,1.0
765786,4793,163,11.689753,0.2,0.058152,0.007679,0.0,0.00247226,0.157686,-0.224653,0.724717,0.866807,0.697701,6764.1,90.6,106.0,644.0,100.0,1.0
765951,4794,165,11.720107,0.31166,0.056759,0.011074,0.008053,0.00191171,0.24673,-0.116452,0.784951,1.0,0.705036,7176.3,87.3,156.1,543.8,100.0,1.0
766106,4795,155,7.398609,0.556631,0.062484,0.011971,0.0,0.00185644,0.067134,-0.30465,0.464654,0.776717,0.722777,6459.3,90.9,144.3,642.0,100.0,1.0
766256,4796,150,8.783392,0.309058,-0.017908,0.013474,0.000105,0.00205281,0.113381,-0.646667,0.863893,1.0,0.483375,5156.2,59.2,114.6,500.2,100.0,1.0
766409,4797,153,11.663903,1.0,-0.070516,0.028415,0.0,0.00241791,0.189544,-0.378735,0.938471,1.0,0.608727,6177.0,70.4,193.8,486.5,100.0,1.0
766575,4798,166,12.710852,0.2,-0.016135,0.012629,0.013889,0.00210973,0.259524,-0.11011,0.885432,1.0,0.702401,7200.5,89.7,123.9,666.7,100.0,1.0
766741,4799,166,11.626815,0.2,-0.019473,0.024038,0.0,0.00213583,0.203204,-0.249966,0.688353,1.0,0.640714,6667.6,82.0,111.7,629.2,100.0,1.0
766897,4800,156,12.512192,0.2,0.057545,0.033141,0.043703,0.00217191,0.261427,0.008248,0.705264,0.986104,0.785611,7651.4,96.3,185.7,500.5,100.0,1.0
767050,4801,153,13.451295,0.236735,0.038625,0.024163,0.027771,0.00248901,0.264525,-0.019965,0.771023,1.0,0.777947,7543.9,94.3,196.8,521.5,100.0,1.0
767205,4802,155,6.695954,0.909397,0.042928,0.026724,0.0,0.00218129,-0.016836,-0.284828,0.213437,0.637816,0.808629,6534.8,99.7,184.0,417.7,100.0,1.0
767368,4803,163,10.677211,0.832484,-0.242517,0.010107,0.0,0.00236743,0.126402,-0.71888,1.0,1.0,0.359947,4881.1,42.3,106.6,284.1,100.0,1.0
767533,4804,165,12.476532,0.522755,0.002284,0.005408,3.7e-05,0.00216515,0.241414,-0.164412,0.814944,1.0,0.66268,6993.6,86.3,97.2,511.2,100.0,1.0
767695,4805,162,9.003857,0.2,0.061426,0.004124,0.0,0.00178505,0.142865,-0.033214,0.481109,0.743157,0.76863,7493.5,107.5,114.4,738.3,100.0,1.0
767855,4806,160,11.380935,0.2,0.016934,0.000416,0.026545,0.00218931,0.19582,-0.271278,0.707921,1.0,0.650123,6586.4,80.0,150.1,480.5,100.0,1.0
768019,4807,164,4.643112,0.399894,0.025851,0.025323,0.000163,0.00182488,-0.076472,-0.317345,0.116679,0.510754,0.779164,6410.9,106.1,131.9,674.1,100.0,1.0
768182,4808,163,11.540667,0.817637,-0.142883,0.013238,0.0,0.00249811,0.146602,-0.60328,1.0,1.0,0.461251,5321.5,59.2,77.8,283.3,100.0,1.0
768349,4809,167,12.019793,0.554727,0.021412,0.004769,0.0,0.00255789,0.149682,-0.399227,0.60905,1.0,0.607465,6098.9,75.1,136.6,422.4,100.0,1.0
768515,4810,166,10.54766,0.410187,0.076637,0.030711,1.8e-05,0.00200632,0.173207,-0.204054,0.52227,0.94137,0.685403,6842.6,88.1,114.3,768.4,100.0,1.0
768679,4811,164,9.621886,0.375492,-0.068191,0.012102,0.0,0.00227236,0.089179,-0.759239,0.901568,1.0,0.426222,4727.3,56.2,54.3,568.2,100.0,1.0
768841,4812,162,11.192502,0.57897,-0.113426,0.009589,0.0,0.00240093,0.14832,-0.59077,1.0,1.0,0.474554,5369.2,57.7,117.3,294.2,100.0,1.0
768998,4813,157,9.078474,0.2,-0.121314,0.0,0.0,0.00190877,0.136128,-0.583069,1.0,0.974464,0.504302,5398.5,68.4,43.0,736.3,100.0,1.0
769159,4814,161,13.311297,0.346542,0.028637,0.016727,0.015829,0.00228835,0.270599,-0.112783,0.923569,1.0,0.661421,7190.3,84.8,113.0,632.5,100.0,1.0
769316,4815,157,12.556408,0.616762,0.061517,0.019571,1.4e-05,0.00235911,0.232449,0.053596,0.556691,0.919839,0.819611,7824.2,101.9,199.4,337.6,100.0,1.0
769479,4816,163,9.7365,0.2,0.022931,0.015062,0.158415,0.00177778,0.177684,-0.078781,0.417783,0.899964,0.757543,7319.8,96.3,138.9,582.1,100.0,1.0
769642,4817,163,13.710137,1.0,0.004355,0.010623,0.0,0.00231297,0.281243,0.018522,0.737649,1.0,0.745023,7690.6,93.4,152.1,288.7,100.0,1.0
769800,4818,158,8.680917,0.2,-0.030824,0.016482,0.006946,0.0019524,0.108326,-0.493752,0.839396,0.889339,0.570346,5738.8,75.9,64.6,750.1,100.0,1.0
769961,4819,161,10.253673,0.2,0.042679,0.0,0.075566,0.001893,0.187545,-0.111326,0.600706,0.88039,0.708493,7195.8,95.7,64.7,900.1,100.0,1.0
770124,4820,163,11.910616,0.777413,0.07567,0.01399,0.0,0.00179807,0.278778,-0.007828,0.752617,1.0,0.718718,7590.2,93.3,109.9,549.2,100.0,1.0
770289,4821,165,10.139648,0.2,0.079837,0.023227,0.011979,0.00192931,0.168497,-0.077077,0.548209,0.842219,0.77062,7326.3,99.4,124.4,623.5,100.0,1.0
770452,4822,163,11.974047,0.30151,-0.022746,0.013409,0.0,0.00173126,0.292708,0.039397,0.745761,1.0,0.728285,7770.1,92.5,134.3,493.3,100.0,1.0
770616,4823,164,14.270029,1.0,-0.094874,0.009149,0.0,0.0028141,0.223671,-0.331461,1.0,1.0,0.551587,6357.1,68.9,116.0,247.7,100.0,1.0
770773,4824,157,11.227366,0.2,0.052999,0.032075,5.5e-05,0.00203564,0.219556,-0.288403,0.937002,1.0,0.616017,6521.2,77.6,121.2,612.1,100.0,1.0
770931,4825,158,8.111186,0.2,0.058144,0.020295,0.041268,0.00194584,0.082069,-0.314874,0.43949,0.827406,0.70633,6420.3,87.8,152.5,513.3,100.0,1.0
771092,4826,161,10.920283,0.421833,0.046394,0.017081,0.0,0.00214961,0.178331,-0.233882,0.580483,0.969334,0.685628,6728.9,85.4,146.1,694.1,100.0,1.0
771255,4827,163,10.822806,0.814413,0.015297,0.013743,9.7e-05,0.0020531,0.1851,0.063579,0.396693,0.800962,0.785791,7862.2,109.1,143.0,403.4,100.0,1.0
771413,4828,158,8.643575,0.605485,0.041862,0.020037,4e-06,0.00172742,0.14217,-0.23499,0.574901,0.863468,0.676437,6724.7,90.2,74.9,1309.2,100.0,1.0
771568,4829,155,12.715022,0.575706,0.030734,0.028335,0.0,0.00227389,0.258198,0.101832,0.718844,0.894649,0.812276,8008.0,105.7,187.1,570.7,100.0,1.0
771734,4830,166,12.171626,0.64406,0.069578,0.03214,0.0,0.00192399,0.265197,-0.003827,0.751175,0.978242,0.754827,7605.4,96.1,136.7,777.1,100.0,1.0
771894,4831,160,9.305732,0.2,-0.181072,0.0,0.02182,0.0025644,0.03664,-1.0,1.0,1.0,0.316802,3573.0,42.4,33.7,610.4,100.0,1.0
772056,4832,162,8.063264,0.49757,-0.024439,0.022239,0.0,0.00203406,0.057784,-0.29615,0.482469,0.731568,0.714295,6491.7,93.7,97.0,520.9,100.0,1.0
772214,4833,158,12.810442,0.89046,0.054958,0.004987,0.0,0.00183503,0.325386,0.177691,0.770427,0.981182,0.78631,8297.0,104.7,143.9,601.8,100.0,1.0
772381,4834,167,14.340382,1.0,0.077204,0.023563,0.0,0.00231709,0.301878,0.148685,0.720806,0.964772,0.799563,8186.5,104.2,165.9,473.6,100.0,1.0
772547,4835,166,11.973665,0.496066,-0.000368,0.0107,0.0,0.00224271,0.202893,-0.284581,0.843017,1.0,0.659029,6535.7,81.5,147.9,596.0,100.0,1.0
772703,4836,156,12.470281,0.604835,0.016528,0.024172,0.0,0.00229372,0.241264,-0.185683,0.868191,1.0,0.652832,6912.5,86.1,83.6,553.8,100.0,1.0
772870,4837,167,14.878783,0.2,-0.006366,0.032891,0.01972,0.00215496,0.354962,0.158491,0.909885,1.0,0.707494,8223.9,91.7,109.5,481.0,100.0,1.0
773025,4838,155,11.247153,0.285698,0.110031,0.014331,0.015052,0.00200856,0.229056,-0.221293,0.854099,1.0,0.644508,6776.9,81.4,124.2,602.0,100.0,1.0
773188,4839,163,13.191641,0.488583,-0.016183,0.01313,1.2e-05,0.00216601,0.280776,-0.057344,0.828703,1.0,0.660119,7401.5,82.6,136.6,519.7,100.0,1.0
773348,4840,160,7.57471,0.21556,-0.051669,0.010448,0.000136,0.00234808,-0.011732,-0.861041,0.721434,0.885142,0.461551,4339.4,57.5,97.9,500.5,100.0,1.0
773514,4841,166,12.06611,0.2,0.044462,0.012053,0.0,0.00200057,0.24771,-0.161764,0.861735,1.0,0.659232,7003.7,87.5,78.0,746.8,100.0,1.0
773676,4842,162,10.375495,0.853602,-0.028842,0.006529,0.0,0.00228283,0.128757,-0.585772,1.0,0.956433,0.504872,5388.2,68.9,38.2,468.6,100.0,1.0
773839,4843,163,11.621305,0.807049,-0.064399,0.019729,0.0,0.00226912,0.188609,-0.431041,0.949667,1.0,0.527464,5977.7,66.8,100.0,439.9,100.0,1.0
774002,4844,163,12.393022,0.2,0.076817,0.013944,0.02838,0.00204362,0.262496,-0.040016,0.741489,1.0,0.738238,7467.5,90.6,173.8,695.4,100.0,1.0
774162,4845,160,10.482426,1.0,0.034079,0.009481,0.0,0.00237784,0.123347,-0.209543,0.578591,0.821283,0.743103,6821.6,93.6,146.1,418.4,100.0,1.0
774327,4846,165,7.125159,0.420133,0.051308,0.003936,4.1e-05,0.00170054,0.061866,-0.216572,0.576434,0.64471,0.72813,6794.9,103.3,46.9,1092.0,100.0,1.0
774488,4847,161,11.656128,0.2,0.005534,0.013465,0.078785,0.00203426,0.232694,-0.062392,0.641434,0.966241,0.738983,7382.3,93.9,136.6,677.2,100.0,1.0
774652,4848,164,13.95593,0.2,0.059634,0.021034,0.033041,0.00222048,0.306612,0.096773,0.721376,1.0,0.74698,7988.7,92.5,166.3,373.9,100.0,1.0
774803,4849,151,11.297449,0.271211,-0.026663,0.019063,0.006072,0.00239745,0.181015,-0.494215,1.0,1.0,0.48005,5737.0,57.7,126.5,657.3,100.0,1.0
774960,4850,157,8.207844,0.2,-0.095733,0.025107,0.007063,0.00210364,0.064269,-0.873554,0.926208,1.0,0.363038,4291.8,43.4,98.8,481.4,100.0,1.0
775116,4851,156,12.318126,0.471214,0.047465,0.030909,0.0,0.00208255,0.267256,-0.062212,0.776284,1.0,0.692993,7383.0,85.3,159.7,470.4,100.0,1.0
775281,4852,165,9.363215,0.419283,-0.060805,0.0,0.0,0.00190724,0.135408,-0.59799,0.90273,1.0,0.477844,5341.7,60.0,96.2,760.1,100.0,1.0
775441,4853,160,12.006491,0.2,-0.026345,0.0,0.0,0.00230994,0.20759,-0.269991,0.722791,1.0,0.600961,6591.3,74.8,128.9,446.0,100.0,1.0
775598,4854,157,6.33107,0.974585,-0.029407,0.015714,4.9e-05,0.00207235,-0.021002,-0.253842,0.178893,0.603246,0.805913,6652.9,103.7,176.5,533.2,100.0,1.0
775766,4855,168,11.48972,0.880994,-0.002942,0.015364,0.0,0.00196874,0.221597,-0.196832,0.767508,0.990118,0.664021,6870.1,86.3,99.8,818.0,100.0,1.0
775928,4856,162,10.84862,0.507527,-0.008638,0.00929,2.1e-05,0.00226719,0.154249,-0.433038,0.690992,1.0,0.566436,5970.1,71.4,111.4,445.4,100.0,1.0
776085,4857,157,9.854226,0.489561,0.015773,0.026643,0.0,0.00204155,0.153215,-0.292267,0.751786,0.905134,0.682333,6506.5,85.4,141.1,724.9,100.0,1.0
776244,4858,159,12.823623,0.35284,0.02556,0.028558,0.000107,0.0021868,0.268806,-0.028237,0.724459,1.0,0.718783,7512.4,89.1,158.1,337.5,100.0,1.0
776402,4859,158,13.619802,0.346453,0.072103,0.009564,0.000359,0.00234109,0.284923,0.015435,0.797943,1.0,0.751368,7678.8,95.3,140.6,482.6,100.0,1.0
776570,4860,168,13.671573,0.6638,-0.067187,0.012696,0.0,0.00216553,0.29353,-0.005074,0.862441,1.0,0.70469,7600.7,93.6,82.9,510.8,100.0,1.0
776722,4861,152,11.896678,0.674842,0.092049,0.031468,3.8e-05,0.00200235,0.26766,-0.033329,0.743533,1.0,0.72514,7493.0,92.5,129.6,449.8,100.0,1.0
776887,4862,165,10.604061,0.2,-0.033534,0.02719,0.049749,0.00211275,0.161274,-0.197398,0.616053,0.906604,0.742768,6867.9,90.1,187.3,574.6,100.0,1.0
777045,4863,158,13.969468,1.0,0.02618,0.029109,0.0,0.00262084,0.257656,0.151367,0.640399,0.881985,0.840282,8196.7,108.9,233.8,238.7,100.0,1.0
777206,4864,161,12.689756,0.2,0.021777,0.005553,0.0,0.00236557,0.22941,-0.076287,0.485358,1.0,0.712127,7329.3,88.4,155.9,348.4,100.0,1.0
777372,4865,166,11.841551,0.841291,0.019093,0.007221,0.0,0.00236121,0.177557,-0.20943,0.582722,0.968473,0.731903,6822.1,86.6,209.0,475.0,100.0,1.0
777536,4866,164,12.644956,1.0,-0.015562,0.024481,0.0,0.00209425,0.264724,-0.087209,0.771544,1.0,0.659535,7287.7,83.6,123.9,414.7,100.0,1.0
777696,4867,160,11.493181,0.937396,-0.023503,0.017691,1.7e-05,0.00227634,0.188587,-0.287169,0.715781,1.0,0.66241,6525.9,80.0,170.4,495.8,100.0,1.0
777857,4868,161,9.119802,0.876269,0.018585,0.039603,0.0,0.00191464,0.130404,-0.161415,0.463067,0.841512,0.769681,7005.0,95.1,173.3,477.7,100.0,1.0
778016,4869,159,14.730064,0.881266,0.027348,0.005674,0.0,0.00266553,0.284739,-0.048878,0.876485,1.0,0.67901,7433.8,82.6,168.2,384.4,100.0,1.0
778181,4870,165,12.979819,0.2,0.067935,0.00166,0.128044,0.00233146,0.239751,0.178186,0.650372,0.796777,0.832618,8298.9,115.5,221.0,493.2,100.0,1.0
778336,4871,155,8.805889,0.226266,-0.114937,0.0,0.0,0.00196403,0.119244,-0.600343,1.0,0.943846,0.504912,5332.7,68.6,41.4,889.0,100.0,1.0
778496,4872,160,13.891413,1.0,-0.035659,0.012259,2.8e-05,0.00265197,0.244065,-0.134008,0.798151,1.0,0.694237,7109.4,82.2,198.4,458.3,100.0,1.0
778655,4873,159,13.158656,0.2,0.042897,0.006626,0.0,0.00215971,0.289802,-0.001295,0.869403,1.0,0.733427,7615.1,86.8,209.8,462.9,100.0,1.0
778818,4874,163,11.57253,0.2,0.110051,0.019644,0.023401,0.00216397,0.204172,-0.189176,0.56826,1.0,0.682211,6899.2,85.6,138.4,834.0,100.0,1.0
778975,4875,157,11.514629,0.375277,0.037336,0.019438,4.9e-05,0.002005,0.239353,-0.126195,0.720779,1.0,0.692785,7139.2,88.7,119.8,692.4,100.0,1.0
779140,4876,165,12.511124,0.2,0.001077,0.024057,0.123355,0.00248976,0.191319,-0.364048,0.824453,1.0,0.568546,6233.0,71.2,116.9,650.3,100.0,1.0
779301,4877,161,11.157112,0.5,0.019409,0.015728,0.0,0.00248611,0.136754,-0.306004,0.686814,0.889154,0.680152,6454.1,85.4,137.1,528.8,100.0,1.0
779458,4878,157,11.448145,0.2,-0.034457,3.8e-05,0.021894,0.00229151,0.191312,-0.214649,0.802811,0.928938,0.694852,6802.2,88.2,129.6,623.3,100.0,1.0
779618,4879,160,11.342944,0.507584,0.049964,0.017748,0.0,0.00199768,0.226413,-0.15525,0.689837,1.0,0.691166,7028.5,87.8,127.9,736.3,100.0,1.0
779778,4880,160,14.320709,0.2,0.07225,0.004457,0.000313,0.00207796,0.356945,0.339594,0.720603,0.927023,0.792156,8913.9,115.6,153.6,481.1,100.0,1.0
779943,4881,165,12.84199,1.0,0.066626,0.010804,0.0,0.00244196,0.215332,-0.030552,0.606349,0.927335,0.795885,7503.6,97.3,190.9,338.7,100.0,1.0
780104,4882,161,10.844875,0.413347,-0.013175,0.001646,0.0,0.00244342,0.128749,-0.510406,0.657777,1.0,0.541932,5675.4,70.2,84.0,522.6,100.0,1.0
780262,4883,158,12.023192,0.2,0.08536,0.007967,0.053112,0.00223074,0.226461,-0.147754,0.704584,1.0,0.711415,7057.1,87.7,162.5,642.1,100.0,1.0
780421,4884,159,13.638993,0.491291,0.128179,0.010426,0.009963,0.00222791,0.302522,0.116904,0.72415,1.0,0.804044,8065.4,99.7,177.2,631.3,100.0,1.0
780586,4885,165,7.508703,0.827185,0.052145,0.026947,0.0,0.00182387,0.060636,-0.376097,0.695098,0.731172,0.66575,6187.1,89.3,67.2,872.9,100.0,1.0
780745,4886,159,9.834206,0.410749,0.094303,0.013901,2.5e-05,0.00215411,0.131047,-0.424257,0.714201,0.944672,0.61259,6003.6,77.2,120.6,656.7,100.0,1.0
780907,4887,162,12.202226,0.2,-0.047614,0.015164,0.0,0.00197252,0.268051,-0.071698,0.775374,1.0,0.671963,7346.8,85.8,119.4,552.7,100.0,1.0
781071,4888,164,15.463236,0.829604,0.097227,0.012321,0.0,0.0024003,0.351028,0.332054,0.623087,0.945899,0.792823,8885.1,114.2,154.7,358.0,100.0,1.0
781235,4889,164,7.87347,0.2,0.017997,0.0,1.3e-05,0.00165762,0.107334,-0.450616,0.819094,0.861413,0.59177,5903.2,79.3,61.3,764.3,100.0,1.0
781395,4890,160,9.958439,0.2,0.015878,0.001005,0.03799,0.00192147,0.172149,0.055235,0.544624,0.722524,0.772644,7830.4,113.6,121.1,804.1,100.0,1.0
781556,4891,161,10.294439,0.2,0.053425,0.000304,0.24893,0.00201949,0.170625,-0.201541,0.730831,0.870146,0.68235,6852.1,91.6,68.6,793.2,100.0,1.0
781716,4892,160,13.548248,0.2,0.086311,0.011108,0.025532,0.0017546,0.371733,0.313122,0.701722,1.0,0.790158,8813.0,107.9,150.3,574.3,100.0,1.0
781872,4893,156,12.928499,0.8302,0.001928,0.030145,0.0,0.00216488,0.284915,0.017662,0.804366,1.0,0.758516,7687.3,95.2,153.8,406.8,100.0,1.0
782030,4894,158,12.812027,0.255291,0.003188,0.00753,0.048602,0.00236489,0.243414,-0.238651,1.0,1.0,0.615292,6710.7,77.3,123.5,385.6,100.0,1.0
782190,4895,160,15.053919,1.0,-0.000615,0.028529,0.0001,0.00272629,0.28893,0.085518,0.728374,1.0,0.819192,7945.8,99.2,208.0,440.9,100.0,1.0
782349,4896,159,10.805195,0.2,-0.003384,0.022441,1e-05,0.00201657,0.199891,-0.221728,0.843634,0.928836,0.659801,6775.2,87.8,75.2,738.3,100.0,1.0
782510,4897,161,6.758898,0.735129,0.024703,0.007407,0.0,0.00186262,0.02572,-0.232144,0.401438,0.615728,0.743388,6735.5,104.2,72.3,831.1,100.0,1.0
782670,4898,160,11.820269,0.686841,0.025743,0.031006,0.0,0.00191766,0.262585,-0.091328,0.793918,1.0,0.674211,7272.0,86.5,114.5,406.7,100.0,1.0
782829,4899,159,10.205674,0.212398,-0.027082,0.01141,0.012272,0.00214196,0.151071,-0.492687,0.8342,1.0,0.549543,5742.9,68.9,111.8,676.6,100.0,1.0
782988,4900,159,9.515685,0.2,-0.052078,0.0,0.129095,0.00217582,0.112471,-0.683967,0.944237,1.0,0.46282,5014.1,54.6,134.3,546.4,100.0,1.0
783150,4901,162,11.474868,0.236187,0.037606,0.011034,3.5e-05,0.00171209,0.275464,0.064,0.812439,0.924342,0.758499,7863.8,102.2,97.5,768.8,100.0,1.0
783306,4902,156,9.509033,0.429743,-0.058872,0.0,1.8e-05,0.00210564,0.129634,-0.55735,0.83365,1.0,0.543291,5496.5,66.8,126.6,631.4,100.0,1.0
783459,4903,153,15.987132,1.0,-0.034888,0.016213,0.0,0.00238992,0.404606,0.427624,0.720833,1.0,0.835727,9249.2,112.3,226.2,684.0,100.0,1.0
783624,4904,165,7.155883,0.2,-0.043639,0.001144,0.101942,0.00223532,-0.024045,-0.212185,0.171038,0.535713,0.771915,6811.6,110.9,119.9,505.2,100.0,1.0
783785,4905,161,8.034067,0.2,-0.010745,0.001638,0.0,0.0021578,0.039707,-0.432716,0.522791,0.76911,0.651553,5971.4,84.4,101.4,411.1,100.0,1.0
783944,4906,159,9.889136,0.723535,0.101779,0.013875,0.0,0.00206387,0.148348,-0.04822,0.433879,0.782543,0.760265,7436.3,104.3,100.4,781.9,100.0,1.0
784107,4907,163,9.516161,0.759737,-0.082109,0.0,0.0,0.00207864,0.119709,-0.685263,1.0,1.0,0.452248,5009.1,60.3,50.5,564.7,100.0,1.0
784262,4908,155,9.44954,0.376159,-0.039584,0.021612,1.9e-05,0.00203361,0.140115,-0.563439,0.894021,1.0,0.51042,5473.3,63.4,111.1,644.9,100.0,1.0
784425,4909,163,8.741904,0.318777,0.066698,0.019887,8.6e-05,0.00195265,0.102949,-0.167231,0.401748,0.790574,0.776981,6982.8,97.5,157.5,548.1,100.0,1.0
784587,4910,162,11.880905,0.2,-0.04159,0.008545,0.009301,0.0021966,0.216644,-0.204318,0.727946,1.0,0.673198,6841.5,80.9,178.4,432.5,100.0,1.0
784743,4911,156,11.874486,0.545376,0.083437,0.016473,0.0,0.00172941,0.302409,0.207871,0.846717,0.858673,0.777764,8412.0,113.1,129.6,668.6,100.0,1.0
784900,4912,157,11.020179,0.367227,-0.039438,0.011009,0.000155,0.00267195,0.111555,-0.543249,0.799853,0.961861,0.574722,5550.2,70.7,132.7,325.1,100.0,1.0
785058,4913,158,9.411743,0.2,-0.026453,0.004788,0.0,0.00248974,0.06021,-0.674205,0.737633,0.93075,0.516718,5051.3,65.4,98.1,485.4,100.0,1.0
785227,4914,169,10.413622,0.2,-0.0189,0.025559,0.018285,0.00182833,0.192913,-0.36072,0.834978,1.0,0.571661,6245.7,74.6,82.8,520.0,100.0,1.0
785384,4915,157,13.210752,0.2,0.000792,0.0,0.119196,0.00240513,0.25912,-0.054848,0.754812,1.0,0.735823,7411.0,90.2,174.2,478.8,100.0,1.0
785546,4916,162,11.880334,0.2,0.004776,0.010145,0.02691,0.00233339,0.194636,-0.239864,0.631641,1.0,0.672878,6706.1,81.1,175.8,438.0,100.0,1.0
785711,4917,165,11.328783,0.833007,-0.028565,0.019299,0.0,0.0021369,0.193492,-0.30375,0.800661,1.0,0.651309,6462.7,80.7,144.0,623.6,100.0,1.0
785875,4918,164,12.348602,0.450588,0.003057,0.0,0.0,0.00211898,0.247742,-0.110472,0.85739,0.978861,0.709667,7199.1,91.0,121.7,422.2,100.0,1.0
786033,4919,158,11.5655,0.2,0.056796,0.015586,0.204396,0.00194365,0.250429,-0.078098,0.812616,0.965823,0.70768,7322.4,93.1,93.0,964.5,100.0,1.0
786196,4920,163,10.887578,0.252107,0.023209,0.0,0.0,0.00194993,0.207014,-0.198898,0.834906,0.936504,0.673193,6862.2,88.6,88.4,770.7,100.0,1.0
786357,4921,161,11.180333,0.863641,-0.075873,0.021,0.0,0.00239786,0.152918,-0.538328,0.895975,1.0,0.491325,5569.0,60.3,115.8,347.1,100.0,1.0
786523,4922,166,7.827629,0.510676,0.004926,0.0,2e-06,0.00210396,0.028102,-0.740437,0.759392,0.872353,0.470041,4798.9,64.1,35.8,594.3,100.0,1.0
786688,4923,165,11.703303,0.789447,-0.01449,0.014195,0.0,0.00220641,0.200152,-0.387322,0.978165,1.0,0.560511,6144.3,71.7,98.0,499.1,100.0,1.0
786851,4924,163,14.708962,0.358442,0.122825,0.013791,2e-06,0.00230662,0.333189,0.217281,0.715635,1.0,0.822116,8447.8,103.3,203.5,474.3,100.0,1.0
787012,4925,161,14.405685,0.2,0.05296,0.002066,0.0456,0.00220116,0.340228,0.177414,0.899779,1.0,0.809223,8295.9,101.4,182.0,371.0,100.0,1.0
787170,4926,158,12.315615,0.200539,-0.014463,0.018825,0.0,0.00216837,0.251273,-0.175628,0.934233,1.0,0.653403,6950.9,82.4,127.4,601.8,100.0,1.0
787334,4927,164,9.357249,0.818048,-0.0194,0.0,0.0,0.0017698,0.16098,-0.389261,0.845481,0.94215,0.585398,6136.9,79.0,54.0,729.1,100.0,1.0
787499,4928,165,10.362519,0.330868,-0.097674,0.015818,0.007042,0.00230224,0.119832,-0.691546,1.0,1.0,0.440636,4985.2,53.7,108.3,341.4,100.0,1.0
787662,4929,163,14.645882,1.0,0.035416,0.007739,0.0,0.0025111,0.297004,0.062116,0.806871,1.0,0.777119,7856.7,94.7,190.4,469.4,100.0,1.0
787831,4930,169,11.789535,0.2,-0.04638,0.018218,0.0,0.00207356,0.218172,-0.261395,0.82798,1.0,0.61569,6624.1,77.8,118.6,789.0,100.0,1.0
787991,4931,160,12.694675,0.881733,0.030628,0.025089,0.0,0.00242824,0.22377,-0.297688,0.954466,1.0,0.587431,6485.8,72.4,133.9,421.0,100.0,1.0
788153,4932,162,13.545813,0.2,0.085021,0.003516,0.046235,0.00231872,0.277774,-0.05361,0.86662,1.0,0.700625,7415.7,85.7,167.4,492.5,100.0,1.0
788320,4933,167,13.330217,0.466632,0.096959,0.033415,0.0,0.00204972,0.300741,0.233359,0.657934,0.88355,0.779849,8509.1,112.9,133.1,401.0,100.0,1.0
788475,4934,155,10.096872,0.2,-0.111739,0.020499,0.0,0.00186107,0.198605,-0.398413,0.899451,1.0,0.509477,6102.0,66.1,78.3,465.4,100.0,1.0
788639,4935,164,11.200545,0.2,0.007424,0.019139,0.035758,0.00195142,0.220277,-0.204801,0.726445,1.0,0.653436,6839.7,82.4,128.1,703.2,100.0,1.0
788800,4936,161,10.988096,0.757079,-0.055173,0.035837,0.000121,0.00207848,0.195439,-0.214154,0.579854,0.99536,0.67984,6804.1,85.2,138.5,598.6,100.0,1.0
788957,4937,157,12.782535,0.320402,0.068881,0.030662,0.04785,0.00198453,0.30509,0.082991,0.759438,1.0,0.749502,7936.2,93.0,164.1,467.2,100.0,1.0
789120,4938,163,13.965141,1.0,0.008437,0.0,0.0,0.00251196,0.264301,-0.113664,0.853775,1.0,0.656468,7186.9,77.7,187.8,350.5,100.0,1.0
789279,4939,159,11.039609,1.0,0.011721,0.020964,0.0,0.00242302,0.147388,0.010838,0.446169,0.757067,0.829978,7661.3,109.0,216.6,497.6,100.0,1.0
789431,4940,152,14.369138,0.471647,0.006816,0.020757,0.0,0.00245063,0.320857,0.249705,0.802385,0.901436,0.811403,8571.4,112.7,185.7,343.9,100.0,1.0
789591,4941,160,11.812761,0.2,-0.031516,0.0,0.0,0.00214169,0.227368,-0.094514,0.658342,0.988669,0.757105,7259.9,91.3,197.1,546.1,100.0,1.0
789758,4942,167,13.028592,1.0,0.105287,0.014857,0.0,0.00217338,0.265778,0.027901,0.655635,0.979095,0.761171,7726.3,97.6,130.0,701.6,100.0,1.0
789920,4943,162,11.875905,0.826577,0.093421,0.024622,0.0,0.00191844,0.262324,0.102407,0.644792,0.909632,0.781845,8010.2,104.9,136.4,731.8,100.0,1.0
790076,4944,156,10.927236,0.2,0.037097,0.007711,0.01691,0.00198117,0.218267,-0.293769,0.876213,1.0,0.582675,6500.7,76.4,79.7,616.2,100.0,1.0
790235,4945,159,12.805529,0.675181,0.060959,0.008944,0.0,0.00248822,0.222366,-0.040877,0.563251,0.954836,0.769221,7464.3,95.5,168.3,365.7,100.0,1.0
790399,4946,164,12.550112,0.913705,0.077735,0.014601,0.0,0.00235953,0.218738,0.069138,0.5301,0.84529,0.771607,7883.4,106.8,119.3,375.6,100.0,1.0
790565,4947,166,12.267285,0.964064,-0.001635,0.021545,0.0,0.00213571,0.237547,-0.008605,0.695349,0.935758,0.782459,7587.2,98.0,160.9,552.4,100.0,1.0
790726,4948,161,12.530773,0.2,-0.056722,0.01546,0.068454,0.00256814,0.19136,-0.394732,1.0,1.0,0.60242,6116.1,74.9,130.7,436.7,100.0,1.0
790884,4949,158,11.491956,0.2,-0.017599,0.019005,0.00959,0.00165969,0.2925,0.11154,0.83018,0.918511,0.75518,8045.0,104.8,92.0,815.0,100.0,1.0
791042,4950,158,11.743997,0.4064,-0.021284,0.0,0.0,0.00207571,0.238938,-0.120677,0.69706,1.0,0.692658,7160.2,86.8,142.0,650.2,100.0,1.0
791193,4951,151,9.436184,0.2,0.003465,0.016125,0.075566,0.00222278,0.119873,-0.452401,0.859976,0.896935,0.60856,5896.4,77.7,107.7,684.2,100.0,1.0
791355,4952,162,13.023786,0.705966,0.013257,0.02927,8.2e-05,0.0019272,0.316515,0.125293,0.766525,1.0,0.769953,8097.4,97.0,151.8,775.1,100.0,1.0
791510,4953,155,9.857733,0.2,-0.101425,0.019307,0.0,0.00201269,0.163924,-0.5247,1.0,1.0,0.512152,5620.9,66.8,74.6,673.4,100.0,1.0
791668,4954,158,14.119286,0.2,0.010847,0.014267,0.0,0.00211466,0.347533,0.287314,0.607526,1.0,0.818896,8714.7,108.0,198.2,556.6,100.0,1.0
791824,4955,156,10.086082,0.416798,0.040483,0.023525,9e-06,0.0018949,0.191344,-0.352811,0.78522,1.0,0.568472,6275.8,72.4,103.0,897.1,100.0,1.0
791985,4956,161,7.962309,0.2,0.014037,0.006235,0.039954,0.00192484,0.074512,-0.481658,0.428727,0.908384,0.588572,5784.9,75.8,96.8,923.7,100.0,1.0
792146,4957,161,12.890832,0.2,0.001547,0.006891,0.009795,0.00229835,0.25233,-0.005293,0.724315,0.953503,0.759876,7599.8,97.3,131.8,367.0,100.0,1.0
792304,4958,158,6.653075,0.995334,0.046172,0.035974,0.0,0.0021042,-0.011245,-0.330175,0.308898,0.636435,0.746627,6362.0,97.2,110.5,913.0,100.0,1.0
792467,4959,163,10.034033,0.582487,0.007351,0.002935,6.6e-05,0.00221599,0.123252,-0.402644,0.797454,0.888702,0.633067,6085.9,80.6,115.3,584.0,100.0,1.0
792623,4960,156,12.086076,0.2,0.052539,0.005515,0.085588,0.00247954,0.196764,-0.378143,1.0,1.0,0.604431,6179.3,75.0,132.1,661.8,100.0,1.0
792785,4961,162,9.227037,0.747923,-0.104189,0.000966,0.0,0.00193699,0.131758,-0.651445,0.981212,1.0,0.441789,5138.0,56.3,79.7,529.4,100.0,1.0
792945,4962,160,11.30117,0.34592,0.039226,0.016297,1.5e-05,0.0018126,0.255683,0.210929,0.510734,0.830867,0.800092,8423.6,115.0,166.8,503.7,100.0,1.0
793106,4963,161,12.249914,1.0,0.003535,0.023056,5.4e-05,0.00265959,0.163332,-0.15534,0.479032,0.922395,0.765203,7028.2,91.4,209.0,219.4,100.0,1.0
793265,4964,159,12.617169,1.0,-0.015833,0.010168,0.0,0.00234093,0.237106,-0.184411,0.868208,1.0,0.675854,6917.4,79.8,195.6,579.0,100.0,1.0
793427,4965,162,9.893862,0.558256,0.035743,0.025876,1e-06,0.00190323,0.169487,-0.060564,0.575392,0.823491,0.775382,7389.3,101.3,125.6,558.3,100.0,1.0
793582,4966,155,9.349954,0.2,-0.079533,0.0,0.025444,0.00240941,0.078089,-0.802912,0.942724,1.0,0.425822,4560.9,52.2,101.1,371.8,100.0,1.0
793742,4967,160,15.836062,0.568062,0.066578,0.012846,0.0,0.0023803,0.384029,0.35746,0.74001,1.0,0.825415,8981.9,106.2,209.0,380.7,100.0,1.0
793903,4968,161,10.340382,0.2,-0.075703,0.007147,0.089184,0.00227494,0.133208,-0.533801,0.962145,0.945985,0.536353,5586.2,71.8,56.7,618.8,100.0,1.0
794057,4969,154,11.576322,0.357999,0.039164,0.0171,0.009825,0.00189058,0.268038,-0.022333,1.0,0.92857,0.745726,7534.9,97.7,103.3,681.7,100.0,1.0
794220,4970,163,11.347911,0.59078,-0.065699,0.020517,0.0,0.00216811,0.19477,-0.317623,0.870877,0.99463,0.646352,6409.9,80.3,140.0,800.8,100.0,1.0
794379,4971,159,11.36229,0.674736,0.024323,0.0,9e-06,0.00205088,0.2228,-0.207641,0.804599,0.991668,0.660348,6828.9,85.7,100.5,642.0,100.0,1.0
794537,4972,158,9.390125,0.620552,0.006566,0.018919,0.0,0.00189579,0.154079,-0.262667,0.685686,0.882576,0.657286,6619.2,87.9,70.0,535.5,100.0,1.0
794694,4973,157,12.320309,0.404233,0.057563,0.015752,0.021832,0.00250447,0.201977,-0.21635,0.693415,0.983479,0.679299,6795.7,85.7,132.9,403.7,100.0,1.0
794856,4974,162,10.1756,0.2,-0.060014,0.011516,0.011388,0.00204189,0.160815,-0.337193,0.840557,0.91683,0.630569,6335.3,82.6,87.0,706.2,100.0,1.0
795011,4975,155,11.421886,0.333035,0.037489,0.026258,0.0,0.00185745,0.263917,0.07083,0.840168,0.907774,0.813056,7889.9,103.4,188.4,912.2,100.0,1.0
795172,4976,161,11.911515,1.0,0.036092,0.019333,0.0,0.0022366,0.215396,-0.132688,0.595809,1.0,0.738721,7114.5,87.4,211.2,476.0,100.0,1.0
795338,4977,166,12.326534,1.0,0.054093,0.036303,0.0,0.00223953,0.223796,-0.149099,0.649151,1.0,0.694674,7051.9,87.3,138.8,449.2,100.0,1.0
795501,4978,163,12.715672,0.317392,-0.005502,0.00531,0.0,0.00210159,0.271825,0.002813,0.707052,1.0,0.749322,7630.7,92.6,168.0,545.9,100.0,1.0
795661,4979,160,5.81479,0.751338,-0.131875,0.014955,0.0,0.00203852,-0.045205,-0.356089,0.418537,0.540954,0.758807,6263.3,101.6,98.0,720.0,100.0,1.0
795821,4980,160,11.734259,0.2,-0.024357,0.000551,0.028203,0.00235522,0.190152,-0.32987,0.745394,1.0,0.594666,6363.2,75.0,115.9,538.9,100.0,1.0
795977,4981,156,9.781798,0.362093,-0.062107,0.030936,0.0,0.00181321,0.189805,-0.195467,0.726067,0.921851,0.685178,6875.3,89.4,98.5,668.1,100.0,1.0
796139,4982,162,13.132858,0.2,0.064806,0.011245,0.034612,0.00238497,0.248241,0.020621,0.715741,0.93931,0.796543,7698.6,99.2,169.7,492.7,100.0,1.0
796301,4983,162,12.060875,1.0,-0.051347,0.055945,0.0,0.00266714,0.15079,-0.506212,0.873449,1.0,0.546905,5691.3,66.7,133.1,480.5,99.822,1.0
796467,4984,166,9.02368,0.2,0.015679,0.020039,0.037249,0.00207744,0.091268,-0.549489,0.673129,0.940394,0.564307,5526.4,71.2,109.8,589.9,100.0,1.0
796631,4985,164,7.405523,0.2,-0.115958,0.0,0.015942,0.00174414,0.071882,-0.794926,0.780691,1.0,0.389816,4591.3,48.5,84.1,741.4,100.0,1.0
796797,4986,166,13.480983,0.660449,0.125935,0.003875,0.0,0.00220718,0.285164,0.050757,0.699424,1.0,0.762718,7813.4,94.6,167.6,475.5,100.0,1.0
796955,4987,158,12.003994,0.267789,0.046607,0.01746,0.000121,0.00209102,0.249809,-0.017021,0.642406,0.985943,0.76777,7555.1,95.1,170.0,449.9,100.0,1.0
797120,4988,165,11.590485,0.2,0.004524,0.014216,0.055454,0.00220505,0.196397,-0.395095,0.953576,1.0,0.553389,6114.7,68.9,118.7,650.4,100.0,1.0
797283,4989,163,12.253526,0.819144,0.042683,0.028718,0.0,0.00190553,0.281706,0.164278,0.692374,0.878923,0.763257,8245.9,109.7,105.4,527.6,100.0,1.0
797439,4990,156,11.59514,1.0,0.061781,0.0161,0.0,0.00248419,0.172964,-0.084347,0.4963,0.89486,0.801729,7298.6,96.3,212.8,243.7,100.0,1.0
797596,4991,157,11.983384,0.2,0.045749,0.001276,0.045047,0.00214844,0.241995,0.067874,0.670984,0.883226,0.789942,7878.6,104.6,149.9,653.7,100.0,1.0
797761,4992,165,11.251745,1.0,-0.021853,0.031469,0.0,0.00207311,0.20188,-0.20661,0.606048,1.0,0.682056,6832.8,83.4,163.4,789.3,100.0,1.0
797919,4993,158,13.896794,0.2,0.068741,0.011586,0.022962,0.00198737,0.357823,0.427565,0.554403,0.917346,0.841681,9249.0,120.6,236.1,460.6,100.0,1.0
798072,4994,153,13.060025,0.2,-0.034183,0.011607,0.127664,0.00231105,0.277807,-0.038291,0.829414,1.0,0.708661,7474.1,86.9,166.9,429.1,100.0,1.0
798226,4995,154,11.905835,0.986433,-0.155476,0.017213,0.0,0.00290937,0.127606,-0.601642,0.956572,1.0,0.537381,5327.7,65.8,127.4,345.0,100.0,1.0
798388,4996,162,7.634615,1.0,0.038754,0.032494,0.0,0.00209935,0.029081,-0.605754,0.665065,0.827466,0.575121,5312.1,72.7,110.7,829.4,100.0,1.0
798548,4997,160,12.946671,0.973863,0.089665,0.039495,6.5e-05,0.00227616,0.261872,0.145102,0.551237,0.900178,0.795496,8172.8,107.5,159.2,445.9,100.0,1.0
798715,4998,167,12.808751,0.2,0.054596,0.022231,0.030593,0.00228221,0.238294,-0.167877,0.826952,1.0,0.678221,6980.4,86.6,119.8,521.7,100.0,1.0
798876,4999,161,13.097242,0.285596,0.068879,0.0,1.1e-05,0.00225562,0.270265,-0.108851,0.9282,1.0,0.672288,7205.3,84.5,134.9,590.3,100.0,1.0
799031,5000,155,8.378526,0.2,0.0414,0.019921,0.056312,0.00187269,0.114957,-0.155004,0.409851,0.801831,0.762086,7029.4,97.5,132.3,640.0,100.0,1.0
799195,5001,164,13.007678,0.2,0.032663,0.03457,0.033548,0.002311,0.250119,-0.085358,0.708578,1.0,0.704318,7294.8,84.0,194.4,501.4,100.0,1.0
799359,5002,164,10.170173,0.2,-0.043863,0.0,0.22925,0.00253702,0.075845,-0.72671,0.983512,0.939261,0.484497,4851.2,62.5,77.9,397.5,100.0,1.0
799520,5003,161,13.818532,0.575768,0.031577,0.017881,0.0,0.00259286,0.251017,-0.145724,0.860571,1.0,0.670183,7064.8,79.8,185.4,277.3,100.0,1.0
799684,5004,164,13.445454,1.0,-0.018775,0.022519,0.0,0.0023306,0.268256,-0.105063,0.904213,1.0,0.676966,7219.7,87.1,112.5,371.1,100.0,1.0
799848,5005,164,14.05544,0.877244,0.052229,0.017956,0.0,0.00203771,0.345824,0.255497,0.697293,0.993375,0.805052,8593.4,107.8,175.1,390.5,100.0,1.0
800006,5006,158,12.293649,0.379302,-0.049455,0.00343,0.0,0.00213278,0.257808,-0.184042,1.0,1.0,0.638886,6918.8,83.2,94.4,530.9,100.0,1.0
800168,5007,162,10.61931,0.2,-0.079795,0.002472,2.6e-05,0.00203864,0.18353,-0.395502,0.836852,1.0,0.55865,6113.1,66.8,151.6,505.7,100.0,1.0
800333,5008,165,12.052274,0.958616,0.057938,0.050219,0.0,0.0021991,0.220281,-0.147213,0.609207,1.0,0.695574,7059.1,87.8,134.6,466.5,99.993,1.0
800493,5009,160,10.979054,1.0,0.029219,0.032876,0.0,0.00278382,0.085824,-0.192898,0.405139,0.781873,0.804153,6885.1,96.6,213.3,272.8,100.0,1.0
800658,5010,165,9.417166,0.247599,-0.028162,0.008416,0.007148,0.00196677,0.131193,-0.641628,0.917123,1.0,0.429745,5175.4,53.6,91.3,883.9,100.0,1.0
800817,5011,159,9.360275,0.2,-0.002199,0.010119,0.041692,0.00188468,0.1533,-0.351847,0.715858,0.947938,0.634588,6279.5,80.6,117.4,889.1,100.0,1.0
800980,5012,163,12.298975,0.643469,0.014778,0.014019,0.0,0.00261112,0.169585,-0.17671,0.752216,0.874547,0.749399,6946.7,92.6,168.1,448.4,100.0,1.0
801142,5013,162,11.458317,0.2,0.043579,0.022963,0.165603,0.00200662,0.2295,-0.134493,0.626961,1.0,0.680615,7107.6,85.4,137.8,871.7,100.0,1.0
801294,5014,152,11.711229,0.52611,0.095788,0.027198,1e-06,0.00191043,0.276437,0.264518,0.519829,0.84121,0.812753,8627.8,117.1,187.9,497.8,100.0,1.0
801456,5015,162,13.842292,1.0,0.006427,0.011331,0.0,0.00282563,0.212256,-0.28469,0.88548,1.0,0.633251,6535.3,77.1,155.8,288.3,100.0,1.0
801617,5016,161,10.709405,0.917738,-0.071373,0.022361,0.0,0.00204682,0.188883,-0.113949,0.645144,0.892903,0.741325,7185.9,94.9,128.3,541.7,100.0,1.0
801779,5017,162,13.884729,0.365515,0.063682,0.006855,0.000161,0.00255599,0.258091,0.101727,0.444272,0.974981,0.815919,8007.6,101.4,193.2,370.2,100.0,1.0
801943,5018,164,12.105198,0.944296,0.055789,0.000477,3e-06,0.00211004,0.240005,-0.096422,0.708329,1.0,0.735402,7252.6,89.9,176.5,483.8,100.0,1.0
802109,5019,166,11.360148,0.872413,-0.011237,0.013996,0.0,0.00227985,0.171537,-0.499041,1.0,1.0,0.518993,5718.7,66.7,87.0,537.1,100.0,1.0
802270,5020,161,12.487347,0.879581,0.018519,0.011784,0.0,0.00245718,0.209002,-0.220885,0.724859,1.0,0.680868,6778.4,82.7,170.0,860.7,100.0,1.0
802433,5021,163,7.933912,0.633994,-0.026949,0.025243,0.0,0.00176666,0.096196,-0.546641,0.744144,0.922989,0.549699,5537.3,72.0,76.3,700.5,100.0,1.0
802595,5022,162,14.400368,1.0,0.108912,0.047608,0.0,0.00256735,0.281386,0.031355,0.798131,1.0,0.797007,7739.5,96.5,202.5,236.7,100.0,1.0
802756,5023,161,8.801175,0.550136,0.029844,0.019877,1e-06,0.00202871,0.099579,-0.437589,0.664698,0.878216,0.605549,5952.8,79.2,84.8,690.0,100.0,1.0
802918,5024,162,13.168876,0.2,-0.009449,0.012159,0.270368,0.00247871,0.236193,-0.150996,0.78849,1.0,0.699036,7044.7,85.3,169.6,475.3,100.0,1.0
803077,5025,159,10.517928,0.559029,-0.166755,0.013541,0.0,0.00238211,0.130647,-0.633512,1.0,1.0,0.488118,5206.3,63.6,71.3,365.7,100.0,1.0
803234,5026,157,10.075088,0.2,-0.048821,0.0,0.406681,0.00193564,0.184076,-0.455915,1.0,1.0,0.531767,5883.0,69.8,71.9,698.5,100.0,1.0
803384,5027,150,10.160666,1.0,0.080302,0.021976,0.0,0.00176554,0.227278,0.186636,0.489358,0.766806,0.776815,8331.1,117.9,128.0,508.3,100.0,1.0
803536,5028,152,12.274942,0.2,-0.089101,0.000569,0.03931,0.00270614,0.183195,-0.459797,1.0,1.0,0.52938,5868.2,60.7,174.0,241.6,100.0,1.0
803701,5029,165,13.186687,1.0,0.015865,0.026566,0.0,0.00256812,0.215019,-0.273748,0.736914,1.0,0.564303,6577.0,68.0,147.6,235.4,100.0,1.0
803860,5030,159,12.35679,0.2,0.035833,0.02354,0.023541,0.00208249,0.267482,0.292011,0.528572,0.776674,0.797077,8732.6,122.9,161.8,572.7,100.0,1.0
804017,5031,157,12.848391,0.304292,0.008075,0.013128,3.2e-05,0.00225774,0.26796,0.113915,0.674655,0.91847,0.8042,8054.0,105.0,173.7,648.7,100.0,1.0
804179,5032,162,11.791355,0.741885,0.069663,0.012041,0.0,0.00181286,0.277544,-0.059355,0.815041,1.0,0.665931,7393.9,87.7,87.1,633.6,100.0,1.0
804333,5033,154,14.141899,1.0,0.116217,0.036651,0.0,0.00243811,0.309656,0.071189,0.90111,1.0,0.776857,7891.2,93.4,205.4,489.0,100.0,1.0
804482,5034,149,13.613965,1.0,0.117385,0.027537,0.0,0.00213226,0.341884,0.309975,0.714414,0.924534,0.808181,8801.0,114.3,180.3,428.8,100.0,1.0
804638,5035,156,10.377088,0.24625,0.051699,0.019642,0.007711,0.00186211,0.21228,0.132533,0.459054,0.791225,0.784704,8124.9,113.4,141.2,561.8,100.0,1.0
804804,5036,166,11.327127,0.2,0.021201,0.013777,0.030538,0.00190091,0.23324,-0.196319,0.794157,1.0,0.63732,6872.0,85.7,62.8,634.4,100.0,1.0
804958,5037,154,11.404112,0.2,0.051119,0.016415,0.328918,0.00246475,0.172971,-0.084199,0.5328,0.88913,0.810177,7299.2,96.6,223.4,452.3,100.0,1.0
805117,5038,159,11.000162,0.332878,0.035942,0.021748,5.7e-05,0.00200397,0.21438,-0.33735,1.0,1.0,0.587736,6334.7,74.2,114.0,847.1,100.0,1.0
805283,5039,166,12.435851,1.0,0.031157,0.01554,0.0,0.00223183,0.232109,-0.036272,0.691464,0.939002,0.764963,7481.8,96.5,149.5,449.2,100.0,1.0
805440,5040,157,10.043688,0.2,0.002818,0.0,0.030714,0.00203579,0.167071,-0.385984,0.772725,0.993373,0.613939,6149.4,77.1,123.5,679.3,100.0,1.0
805597,5041,157,10.279618,0.530696,-0.106818,0.010552,0.0,0.00229375,0.138017,-0.469651,1.0,0.915053,0.589366,5830.6,76.1,94.3,629.7,100.0,1.0
805753,5042,156,8.506584,0.2,0.055149,0.002403,0.021259,0.00198229,0.102999,-0.46042,0.732844,0.880449,0.586478,5865.8,78.0,67.6,734.6,100.0,1.0
805915,5043,162,11.09291,0.2,-0.047096,0.004662,0.214688,0.00234257,0.158079,-0.348696,0.956791,0.891232,0.637437,6291.5,83.2,92.1,644.8,100.0,1.0
806072,5044,157,12.664368,0.339243,-0.052867,0.020753,0.0,0.00219828,0.268645,-0.06019,0.865579,1.0,0.734233,7390.7,92.1,149.7,763.3,100.0,1.0
806231,5045,159,12.759583,0.898761,0.016021,0.025684,0.0,0.00219809,0.268925,-0.001867,0.697527,1.0,0.750873,7612.9,93.5,161.2,398.0,100.0,1.0
806395,5046,164,11.098537,0.788608,-0.06299,0.016745,0.0,0.00199577,0.210617,-0.294013,0.898645,0.993524,0.620383,6499.8,81.5,83.0,643.7,100.0,1.0
806560,5047,165,12.424575,0.458719,0.052358,0.002188,1e-05,0.00217934,0.242619,-0.137702,0.799146,1.0,0.695499,7095.4,88.2,130.6,531.1,100.0,1.0
806722,5048,162,12.960054,0.2,0.049449,0.009844,0.036146,0.00218495,0.274234,0.165757,0.575635,0.902656,0.786372,8251.5,108.4,144.0,461.7,100.0,1.0
806885,5049,163,12.812965,1.0,0.037563,0.022872,0.0,0.0022819,0.249143,-0.073356,0.716739,1.0,0.734283,7340.5,89.6,178.0,424.1,100.0,1.0
807049,5050,164,15.255746,0.97476,0.050348,0.024142,0.0,0.00257447,0.317349,0.114696,0.819816,1.0,0.773882,8057.0,91.7,220.0,274.2,100.0,1.0
807205,5051,156,9.939652,0.2,-0.070178,0.001986,0.060369,0.00233554,0.117544,-0.598296,0.959848,0.981595,0.562975,5340.5,67.4,152.2,447.1,100.0,1.0
807360,5052,155,11.484569,0.272434,0.058197,0.038404,0.015192,0.00189164,0.263618,-0.047304,0.959808,0.943237,0.729699,7439.8,95.7,99.5,913.7,100.0,1.0
807515,5053,155,11.787176,1.0,-0.068951,0.017368,3.7e-05,0.0029226,0.11852,-0.557628,0.737347,1.0,0.550226,5495.4,65.1,157.6,247.9,100.0,1.0
807671,5054,156,12.9672,0.447093,0.066403,0.028897,0.000182,0.0024663,0.244086,-0.095071,0.796298,0.995556,0.753568,7257.8,90.9,195.2,470.8,100.0,1.0
807840,5055,169,5.941696,0.576895,-0.301696,0.011776,0.0,0.00229286,-0.099344,-0.954688,0.888384,0.664402,0.432911,3982.6,59.8,23.6,430.1,100.0,1.0
808002,5056,162,15.007708,1.0,0.061617,0.011842,0.0,0.00285252,0.265786,-0.121479,0.899255,1.0,0.658108,7157.2,79.6,168.1,305.3,100.0,1.0
808169,5057,167,12.001246,1.0,-0.038968,0.008539,0.0,0.00272058,0.127815,-0.397192,0.617141,0.935856,0.612157,6106.7,78.9,100.2,352.4,100.0,1.0
808326,5058,157,14.623152,1.0,0.024753,0.017782,0.0,0.00256585,0.306599,0.320143,0.512478,0.901152,0.860508,8839.7,116.2,267.5,266.4,100.0,1.0
808490,5059,164,9.218034,1.0,0.035905,0.025783,0.0,0.00211092,0.101048,-0.206894,0.645589,0.73489,0.74155,6831.7,98.4,87.4,673.9,100.0,1.0
808648,5060,158,8.341637,0.847445,0.011847,0.003199,0.0,0.00212311,0.06927,-0.247439,0.304634,0.782779,0.742814,6677.3,93.6,145.6,853.8,100.0,1.0
808813,5061,165,8.555343,0.325044,0.023396,0.02117,0.000215,0.00204107,0.078322,-0.536724,0.583078,0.920133,0.570895,5575.1,72.6,104.6,751.4,100.0,1.0
808966,5062,153,8.047635,0.282907,-0.043259,0.0,0.034795,0.00240268,0.022859,-0.587606,0.537416,0.835547,0.588309,5381.2,73.3,125.4,527.0,100.0,1.0
809126,5063,160,9.967206,0.2,0.038345,0.016542,0.020626,0.001942,0.172922,-0.271016,0.945708,0.882089,0.67762,6587.4,87.5,108.5,911.3,100.0,1.0
809286,5064,160,9.253999,1.0,-0.037931,0.014781,0.0,0.00195176,0.136758,-0.406104,0.754146,0.929917,0.609954,6072.7,78.7,98.8,760.2,100.0,1.0
809448,5065,162,13.893223,0.858391,0.071319,0.0,0.0,0.00252405,0.265282,-0.041496,0.738177,1.0,0.72006,7461.9,91.7,130.1,337.0,100.0,1.0
809610,5066,162,15.314629,0.661253,0.010452,0.007086,0.0,0.00231121,0.36881,0.270824,0.832778,1.0,0.796282,8651.8,106.1,160.5,406.5,100.0,1.0
809771,5067,161,9.652308,0.2,0.052531,0.02389,0.100285,0.00179837,0.178912,-0.035216,0.651342,0.801546,0.772191,7485.8,103.9,120.3,948.4,100.0,1.0
809933,5068,162,14.091084,1.0,0.005934,0.014063,5.8e-05,0.00239613,0.295711,0.044428,0.824352,1.0,0.761371,7789.3,92.7,187.5,531.8,100.0,1.0
810090,5069,157,11.284092,0.2,0.021128,0.011897,0.202334,0.00239237,0.172078,-0.251172,0.747302,0.927049,0.696042,6663.0,86.4,151.6,501.1,100.0,1.0
810253,5070,163,12.299787,0.231122,0.051652,0.0,1.9e-05,0.00186998,0.292196,0.097712,0.734883,0.969493,0.774074,7992.3,101.5,123.5,565.4,100.0,1.0
810408,5071,155,11.113189,0.701601,0.037697,0.0,0.0,0.00200052,0.229335,-0.126325,0.809485,0.957505,0.712631,7138.7,91.2,124.1,685.1,100.0,1.0
810568,5072,160,11.98605,0.2,0.023864,0.030145,0.041848,0.00183258,0.288578,0.164807,0.741534,0.878109,0.752982,8247.9,109.8,88.3,787.0,100.0,1.0
810725,5073,157,11.655237,0.2,0.074672,0.010825,0.013872,0.00203953,0.245536,-0.0195,0.712082,0.950859,0.758238,7545.7,96.7,135.6,664.4,100.0,1.0
810884,5074,159,14.432456,0.2,0.068035,0.005936,0.023253,0.00256244,0.293155,-0.051164,0.955675,1.0,0.672527,7425.1,83.3,148.8,296.1,100.0,1.0
811045,5075,161,9.181417,0.763128,0.054269,0.024009,0.0,0.00179464,0.156769,-0.206249,0.684291,0.862721,0.707127,6834.2,91.7,108.4,589.4,100.0,1.0
811205,5076,160,12.253215,1.0,-0.015312,0.01255,0.0,0.0023466,0.219381,-0.247721,0.880158,1.0,0.659663,6676.2,79.3,173.9,425.3,100.0,1.0
811369,5077,164,10.499574,1.0,0.057991,0.019911,0.0,0.00235157,0.124077,-0.144321,0.582574,0.774874,0.774371,7070.1,99.6,128.8,584.2,100.0,1.0
811533,5078,164,10.287106,0.218222,0.088441,0.001952,0.023235,0.0020016,0.171177,-0.403672,0.804538,1.0,0.58996,6082.0,73.4,127.2,624.1,100.0,1.0
811694,5079,161,16.112688,0.2,0.061826,0.018927,0.051044,0.0024755,0.383785,0.356805,0.749254,1.0,0.830109,8979.4,110.3,216.8,599.7,100.0,1.0
811856,5080,162,10.679661,0.795682,-0.048526,0.011545,0.0,0.00251314,0.111465,-0.656916,0.902301,0.994122,0.483936,5117.2,64.2,58.1,532.7,100.0,1.0
812016,5081,160,11.029937,0.2,0.021593,0.014068,0.009783,0.00184225,0.240875,-0.143496,0.826322,0.987146,0.685175,7073.3,89.0,103.8,614.7,100.0,1.0
812180,5082,164,11.007517,0.2,-0.036213,0.017225,0.010683,0.00205512,0.197508,-0.331573,0.86565,1.0,0.61503,6356.7,78.6,108.6,472.8,100.0,1.0
812328,5083,148,11.421173,0.37168,0.035851,0.020947,7e-06,0.00166429,0.308328,0.300799,0.748104,0.80122,0.760945,8766.0,121.7,101.6,727.8,100.0,1.0
812488,5084,160,6.883069,0.654826,-0.274121,0.019112,1.9e-05,0.00257008,-0.076959,-0.66769,0.624548,0.618806,0.61152,5076.1,78.4,104.6,393.8,100.0,1.0
812651,5085,163,10.983083,0.2,0.066274,0.015475,0.026341,0.00214762,0.183358,-0.273098,0.660383,0.989964,0.667919,6579.5,82.7,148.8,574.8,100.0,1.0
812808,5086,157,8.670993,0.2,-0.000522,0.003739,0.03445,0.00206238,0.097339,-0.012879,0.447998,0.59974,0.764313,7570.9,118.3,107.2,485.5,100.0,1.0
812969,5087,161,14.434319,0.2,0.057031,0.0265,0.0,0.00216584,0.352358,0.302924,0.671479,0.961506,0.786704,8774.1,111.8,144.5,435.5,100.0,1.0
813122,5088,153,11.775661,0.53204,-0.06555,0.010504,0.0,0.00228009,0.223103,-0.249041,0.929113,1.0,0.663218,6671.2,82.6,142.1,450.2,100.0,1.0
813277,5089,155,15.378486,1.0,0.03206,0.023151,0.0,0.00274925,0.320886,0.185719,0.673524,1.0,0.807338,8327.6,99.3,187.5,340.1,100.0,1.0
813439,5090,162,11.488088,0.274002,0.018063,0.031211,0.014284,0.00203118,0.229029,-0.010641,0.840463,0.853911,0.75081,7579.5,102.2,84.7,696.8,100.0,1.0
813599,5091,160,11.290719,0.972192,-0.011583,0.007999,0.0,0.00208232,0.215328,-0.032252,0.765515,0.861273,0.756907,7497.1,100.7,94.8,563.2,100.0,1.0
813756,5092,157,10.828071,1.0,0.095441,0.05777,0.0,0.002486,0.135737,0.005021,0.421793,0.732821,0.823433,7639.1,110.2,205.7,442.4,99.778,1.0
813915,5093,159,12.312328,0.683153,-0.069529,0.026673,0.0,0.00244399,0.209594,-0.321648,0.932011,1.0,0.605152,6394.5,78.8,89.1,323.9,100.0,1.0
814076,5094,161,11.277228,0.2,0.002304,0.004687,0.0,0.00205952,0.216347,-0.110498,0.779224,0.931218,0.744138,7199.0,93.2,153.0,556.2,100.0,1.0
814240,5095,164,9.553838,1.0,0.093366,0.0,0.0,0.00195811,0.143064,-0.152621,0.372193,0.874955,0.734863,7038.5,93.8,129.9,475.5,100.0,1.0
814398,5096,158,13.367308,1.0,-0.01919,0.01128,0.0,0.00262067,0.235435,-0.253223,0.999673,1.0,0.629519,6655.2,81.2,102.0,476.7,100.0,1.0
814559,5097,161,12.627483,0.2,0.019132,0.009413,0.063688,0.00196303,0.297558,0.014806,0.879651,1.0,0.727945,7676.4,94.2,114.1,675.4,100.0,1.0
814720,5098,161,13.422496,0.27745,0.079905,0.019849,4.8e-05,0.00182273,0.358794,0.247993,0.846181,0.991449,0.798143,8564.9,107.5,163.6,642.3,100.0,1.0
814888,5099,168,3.502373,0.797934,-0.313601,0.022751,0.0,0.0021599,-0.192669,-0.976211,0.448712,0.561354,0.4617,3900.6,62.5,40.8,594.8,100.0,1.0
815048,5100,160,12.484525,1.0,0.046468,0.033781,0.0,0.00204176,0.280004,0.18567,0.617127,0.882893,0.778528,8327.4,110.6,130.9,672.1,100.0,1.0
815202,5101,154,11.200534,0.482878,-0.09014,0.015305,2.5e-05,0.00223344,0.200356,-0.391303,1.0,1.0,0.563438,6129.1,74.2,73.3,769.4,100.0,1.0
815357,5102,155,11.74691,0.656127,-0.02634,0.030115,0.0,0.00201152,0.259096,0.040646,0.736043,0.933726,0.777691,7774.9,100.5,129.5,485.8,100.0,1.0
815517,5103,160,12.360769,0.415279,0.011106,0.011643,6e-06,0.00218432,0.251232,-0.015018,0.730034,0.967783,0.776192,7562.8,96.1,172.7,521.9,100.0,1.0
815676,5104,159,13.762223,0.2,-0.088205,0.014386,7.7e-05,0.00216718,0.324274,0.109249,0.832838,1.0,0.736235,8036.2,97.2,93.3,431.5,100.0,1.0
815837,5105,161,10.897007,0.2,-0.008701,0.00932,0.148768,0.00179645,0.24038,-0.126418,0.975658,0.926261,0.685656,7138.3,92.6,61.9,727.9,100.0,1.0
815999,5106,162,11.359898,1.0,-0.02125,0.004657,0.0,0.00189405,0.245258,-0.126903,0.76139,0.993945,0.67173,7136.5,89.5,75.7,582.5,100.0,1.0
816161,5107,162,10.693261,0.2,0.019817,0.020661,0.01071,0.00184809,0.2203,-0.14924,0.646095,0.993694,0.699343,7051.4,88.4,134.0,585.6,100.0,1.0
816319,5108,158,11.277177,0.2,0.056911,0.005982,0.048293,0.00189461,0.248718,-0.214519,1.0,1.0,0.631003,6802.7,82.9,84.9,688.2,100.0,1.0
816478,5109,159,14.437275,0.2,0.062193,0.015949,0.016768,0.00226131,0.342135,0.37168,0.568057,0.911858,0.819547,9036.1,118.2,199.2,536.0,100.0,1.0
816635,5110,157,8.381021,0.2,0.026864,0.005721,8.1e-05,0.00197806,0.0968,-0.322469,0.736971,0.777987,0.681642,6391.4,89.9,87.6,646.3,100.0,1.0
816797,5111,162,12.338371,0.437949,-0.003414,0.011163,7e-06,0.00203152,0.270601,0.164615,0.686692,0.85925,0.782103,8247.2,110.9,136.8,525.0,100.0,1.0
816951,5112,154,5.849231,0.2,-0.001724,0.027143,9e-06,0.00196168,-0.017793,-0.306495,0.391128,0.573581,0.75193,6452.3,102.5,86.5,628.5,100.0,1.0
817109,5113,158,12.518261,0.613445,-0.017927,0.028912,0.0,0.00218748,0.262831,-0.100894,0.861996,1.0,0.690281,7235.6,86.1,146.2,427.3,100.0,1.0
817270,5114,161,11.465071,0.2,0.050292,0.00775,0.017861,0.00219961,0.203149,-0.328962,0.815019,1.0,0.566082,6366.7,71.6,108.2,883.8,100.0,1.0
817428,5115,158,13.331771,0.867714,-0.013497,0.039955,0.0,0.00208419,0.318738,0.130572,0.763074,1.0,0.766348,8117.5,99.1,121.3,409.6,100.0,1.0
817597,5116,169,12.179517,0.871025,0.046732,0.013146,0.0,0.00238734,0.188588,-0.34819,0.860041,1.0,0.627747,6293.4,75.6,164.2,506.5,100.0,1.0
817760,5117,163,12.715002,1.0,-0.026928,0.046156,0.0,0.00205337,0.283418,-0.040837,0.836403,1.0,0.679648,7464.4,87.0,118.1,418.0,100.0,1.0
817918,5118,158,10.5325,0.399736,-0.024274,0.017842,2.2e-05,0.00190243,0.211433,-0.218312,1.0,0.918017,0.667317,6788.2,88.5,79.9,746.9,100.0,1.0
818081,5119,163,10.192501,0.443596,0.041522,0.011917,9.4e-05,0.00167492,0.222468,-0.121535,0.743848,0.947483,0.704993,7157.0,91.9,103.1,833.6,100.0,1.0
818242,5120,161,7.614738,0.443698,0.055168,0.0,6e-06,0.00202707,0.043808,-0.259835,0.540412,0.671109,0.770896,6630.0,99.2,127.7,967.8,100.0,1.0
818398,5121,156,13.352117,0.2,-0.034959,0.024122,0.071361,0.00228428,0.292746,0.112929,0.864799,0.928271,0.790769,8050.3,104.4,151.3,528.5,100.0,1.0
818550,5122,152,12.072587,1.0,0.062832,0.008456,0.0,0.00214857,0.260333,-0.11301,0.911474,1.0,0.706305,7189.4,89.4,134.5,495.2,100.0,1.0
818713,5123,163,12.829776,0.853135,0.02258,0.039193,0.0,0.00207905,0.284861,0.093699,0.729361,0.960287,0.784849,7977.0,101.7,141.4,862.9,100.0,1.0
818877,5124,164,13.051348,0.363356,0.078482,0.0,9e-06,0.00199987,0.30656,0.191341,0.708537,0.940526,0.802234,8349.0,107.6,170.4,598.8,100.0,1.0
819039,5125,162,10.999239,0.2,0.05004,0.018408,0.073926,0.00180729,0.241998,-0.14484,0.772723,1.0,0.672903,7068.2,87.7,98.5,907.7,100.0,1.0
819198,5126,159,10.821757,0.2,0.014753,0.017885,0.002568,0.00248377,0.131245,-0.392904,0.582373,0.971906,0.648216,6123.0,77.6,174.7,501.7,100.0,1.0
819359,5127,161,10.702889,0.2,-0.053232,0.0,0.0,0.00195198,0.206148,-0.366049,1.0,1.0,0.578672,6225.4,75.7,81.0,933.3,100.0,1.0
819515,5128,156,12.813179,0.2,0.039765,0.036745,0.013487,0.00219851,0.280078,0.298894,0.608615,0.796163,0.820265,8758.8,121.9,200.4,558.6,100.0,1.0
819675,5129,160,12.996271,1.0,0.067568,0.026785,0.0,0.00248475,0.234415,-0.218253,0.864397,1.0,0.628181,6788.5,79.7,116.6,367.8,100.0,1.0
819836,5130,161,8.97269,0.468129,-0.109743,0.012231,8.6e-05,0.00164422,0.171607,-0.316711,0.835688,0.925049,0.6244,6413.3,83.3,69.0,1019.8,100.0,1.0
819997,5131,161,13.769164,0.2,0.06634,0.013286,0.020752,0.00220578,0.314455,0.135819,0.749276,1.0,0.790046,8137.5,98.1,171.9,872.6,100.0,1.0
820157,5132,160,12.036555,0.2,0.046006,0.008623,0.0,0.00246756,0.190564,-0.145855,0.630875,0.937789,0.748501,7064.3,91.1,184.2,349.7,100.0,1.0
820322,5133,165,11.961567,0.2,0.078229,0.014871,0.030326,0.00257849,0.156337,-0.086359,0.495121,0.852421,0.806485,7291.0,98.4,196.2,397.2,100.0,1.0
820484,5134,162,7.443277,0.770699,-0.082716,0.010759,0.0,0.00230827,-0.011881,-0.524446,0.44446,0.723792,0.630492,5621.9,81.5,99.6,353.1,100.0,1.0
820642,5135,158,10.14176,1.0,-0.12934,0.014744,0.0,0.00224375,0.138819,-0.293279,0.930618,0.808853,0.67347,6502.6,89.9,73.9,510.4,100.0,1.0
820800,5136,158,10.932613,1.0,0.039333,0.028891,0.0,0.00254278,0.13006,-0.154151,0.47842,0.836689,0.783351,7032.7,95.7,188.8,309.0,100.0,1.0
820957,5137,157,14.843664,1.0,0.050059,0.028786,0.0,0.00242509,0.341389,0.277484,0.701772,0.973451,0.833078,8677.2,109.9,221.8,336.6,100.0,1.0
821113,5138,156,12.201878,1.0,0.04015,0.043291,0.0,0.00235717,0.225924,0.106398,0.662423,0.822366,0.826931,8025.4,110.1,211.6,361.6,100.0,1.0
821271,5139,158,10.992379,1.0,-0.032948,0.02319,0.0,0.00209212,0.204265,-0.290021,0.862948,0.988854,0.633105,6515.0,81.9,99.7,1121.3,100.0,1.0
821437,5140,166,13.715246,0.358151,0.024386,0.017284,0.0,0.00254595,0.24471,-0.165709,0.874764,1.0,0.673843,6988.6,81.6,171.4,409.1,100.0,1.0
821595,5141,158,14.574677,1.0,-0.006288,0.0272,0.0,0.00282056,0.263597,-0.064851,0.801147,1.0,0.719098,7372.9,86.4,190.0,261.8,100.0,1.0
821758,5142,163,12.498477,0.728014,-0.021245,0.009198,0.0,0.0021029,0.265505,-0.070531,0.830318,1.0,0.714203,7351.3,89.6,144.5,512.6,100.0,1.0
821922,5143,164,13.460517,0.304898,-0.002408,0.016346,0.0,0.00237312,0.265947,-0.115721,0.911051,1.0,0.673278,7179.1,86.4,114.6,474.0,100.0,1.0
822081,5144,159,13.632848,0.669093,0.066461,0.001875,0.0,0.00225845,0.304496,0.022323,0.943983,1.0,0.738576,7705.1,92.1,155.9,507.2,100.0,1.0
822243,5145,162,10.907317,0.747292,-0.02911,0.019277,0.0,0.00183916,0.232995,0.023852,0.681821,0.891564,0.777912,7710.9,101.9,129.9,683.8,100.0,1.0
822402,5146,159,9.671014,0.461291,0.001654,0.019845,0.000109,0.00208753,0.13884,-0.347503,0.91315,0.852112,0.64544,6296.0,85.0,84.3,444.9,100.0,1.0
822559,5147,157,9.92555,0.2,-0.00631,0.023281,0.009276,0.00209535,0.154183,-0.139327,0.60961,0.82403,0.732121,7089.2,97.2,86.6,430.0,100.0,1.0
822714,5148,155,10.483012,0.545623,0.01695,0.008604,6.8e-05,0.00220243,0.168922,-0.151286,0.756421,0.840863,0.740359,7043.6,95.7,117.9,451.8,100.0,1.0
822877,5149,163,8.475471,0.2,0.053557,0.015308,0.165061,0.00207841,0.073802,-0.222219,0.499159,0.726414,0.762911,6773.3,98.1,127.2,562.5,100.0,1.0
823038,5150,161,9.527258,0.2,-0.092009,0.009577,0.044868,0.00206593,0.131167,-0.357997,1.0,0.816478,0.646503,6256.0,86.1,73.0,502.8,100.0,1.0
823195,5151,157,11.451672,1.0,-0.024191,0.006261,0.0,0.00224187,0.205497,-0.24721,0.784953,1.0,0.682372,6678.1,80.7,195.7,696.9,100.0,1.0
823361,5152,166,9.365638,0.30948,0.009993,0.030817,0.0,0.0021285,0.102599,-0.176229,0.659733,0.730207,0.786332,6948.6,100.4,143.9,709.6,100.0,1.0
823524,5153,163,11.300382,0.2,-0.009211,0.009094,0.07797,0.00245762,0.149554,-0.550135,1.0,1.0,0.539493,5524.0,67.7,109.7,651.8,100.0,1.0
823688,5154,164,11.476661,0.925119,0.041119,0.012798,0.0,0.00240583,0.164225,-0.367068,0.63616,1.0,0.604589,6221.5,77.5,103.5,557.5,100.0,1.0
823843,5155,155,12.695632,1.0,-0.007892,0.017125,1.5e-05,0.00241931,0.243179,-0.238417,1.0,1.0,0.616874,6711.6,77.5,123.8,490.7,100.0,1.0
823997,5156,154,9.060435,0.256137,-0.031059,0.001262,0.043988,0.00254827,0.048761,-0.305096,0.425348,0.75134,0.749793,6457.6,92.2,174.2,404.7,100.0,1.0
824158,5157,161,13.270982,0.594474,0.085029,0.001539,0.000136,0.00216623,0.297527,0.056661,0.807826,1.0,0.765435,7835.9,93.6,183.8,569.6,100.0,1.0
824318,5158,160,14.314241,1.0,-0.001956,0.025959,0.0,0.00281485,0.246789,-0.115929,0.827883,1.0,0.727121,7178.3,87.5,191.6,346.3,100.0,1.0
824479,5159,161,12.405102,0.349041,0.013553,0.001621,3.5e-05,0.00214355,0.259139,-0.118527,0.818446,1.0,0.656106,7168.4,83.4,120.3,570.6,100.0,1.0
824638,5160,159,11.991426,0.2,0.052135,0.010847,0.036018,0.00199909,0.266265,0.036761,0.715987,0.970286,0.789003,7760.1,98.5,166.3,790.3,100.0,1.0
824798,5161,160,10.677763,0.218262,0.051772,0.003914,0.009938,0.00203212,0.195004,-0.40368,1.0,1.0,0.568539,6082.0,73.7,88.3,675.4,100.0,1.0
824954,5162,156,11.814097,0.5963,-0.056973,0.001066,0.0,0.00231193,0.214855,-0.259313,0.904514,0.985392,0.648619,6632.0,83.5,106.7,427.3,100.0,1.0
825113,5163,159,11.24998,0.258549,0.054743,0.005696,0.000165,0.002163,0.204146,-0.284109,0.917653,0.972954,0.643575,6537.5,82.8,106.2,742.4,100.0,1.0
825278,5164,165,8.006827,0.737854,-0.104646,0.024186,0.0,0.00259048,-0.037354,-0.548688,0.373912,0.70959,0.655305,5529.5,80.9,148.8,391.9,100.0,1.0
825438,5165,160,7.326342,0.819321,-0.047602,0.020294,5e-06,0.00190784,0.051699,-0.225891,0.495204,0.670628,0.767398,6759.4,101.1,112.3,809.3,100.0,1.0
825594,5166,156,13.199353,0.353322,0.02157,0.016297,6.1e-05,0.00210825,0.314215,0.168349,0.762862,0.957115,0.779915,8261.4,105.5,133.2,453.2,100.0,1.0
825747,5167,153,13.31471,0.567779,0.060463,0.028646,0.0,0.00242186,0.278215,-0.037669,0.856664,1.0,0.721338,7476.5,89.1,162.5,344.5,100.0,1.0
825905,5168,158,13.618132,1.0,-0.005598,0.00834,0.0,0.00275927,0.227636,-0.133018,0.697655,0.995096,0.719283,7113.2,89.1,158.9,292.5,100.0,1.0
826065,5169,160,9.47387,0.306214,-0.041804,0.009827,0.000135,0.00235328,0.085164,-0.559766,0.797842,0.910143,0.586261,5487.3,71.8,139.2,676.2,100.0,1.0
826224,5170,159,9.15542,0.595005,0.047793,0.024171,3e-06,0.0020756,0.11617,-0.160526,0.290674,0.835109,0.745009,7008.4,95.5,127.8,469.0,100.0,1.0
826387,5171,163,14.246282,0.619328,-0.020947,0.002799,0.0,0.00241775,0.30023,-0.02498,0.924825,1.0,0.667549,7524.8,84.7,124.9,497.3,100.0,1.0
826543,5172,156,12.833922,1.0,0.063618,0.020594,0.0,0.00244996,0.243338,0.088401,0.541631,0.921028,0.820627,7956.8,103.5,201.0,276.9,100.0,1.0
826700,5173,157,10.078678,0.86894,-0.064342,0.01906,0.0,0.00203212,0.172211,-0.266951,0.991219,0.855899,0.665212,6602.9,88.9,71.0,639.4,100.0,1.0
826857,5174,157,11.080616,0.216571,0.027694,0.019297,0.006118,0.00207218,0.214768,-0.271072,0.854817,1.0,0.629192,6587.2,80.4,110.1,733.5,100.0,1.0
827014,5175,157,11.844823,0.2,0.049332,0.0,0.070298,0.00222344,0.228293,-0.258765,0.907026,1.0,0.609208,6634.1,77.1,116.4,539.9,100.0,1.0
827177,5176,163,10.669632,0.427518,0.040959,0.0,4.4e-05,0.00200855,0.192716,-0.174784,0.583917,0.949445,0.684033,6954.1,89.2,99.6,674.3,100.0,1.0
827335,5177,158,11.34103,0.2,0.037372,0.024611,0.018042,0.00216876,0.210186,-0.121628,0.693917,0.950386,0.746353,7156.6,91.7,173.7,627.1,100.0,1.0
827504,5178,169,8.827423,0.667299,-0.056244,0.004667,0.0,0.00216263,0.064846,-0.63781,0.753357,0.903006,0.516542,5189.9,68.2,65.5,693.6,100.0,1.0
827667,5179,163,8.010667,0.555593,-0.053406,0.00165,0.0,0.00192574,0.076627,-0.559464,0.889381,0.846116,0.563198,5488.4,74.3,71.5,685.2,100.0,1.0
827831,5180,164,12.716191,0.2,0.033407,0.0,0.018403,0.00181193,0.322754,0.172519,0.657699,1.0,0.76699,8277.3,96.2,156.0,403.1,100.0,1.0
827992,5181,161,11.057658,0.414835,-0.068167,0.005227,5.7e-05,0.00231772,0.165915,-0.513727,0.999746,1.0,0.521276,5662.7,64.2,119.4,434.1,100.0,1.0
828156,5182,164,13.33731,0.696788,-0.019616,0.012105,0.0,0.00205755,0.312802,0.165701,0.63053,1.0,0.791231,8251.3,99.5,157.6,468.5,100.0,1.0
828320,5183,164,13.228681,0.2,0.013878,0.013313,5.2e-05,0.00204486,0.309611,0.069453,0.82764,1.0,0.737308,7884.6,91.7,158.6,689.8,100.0,1.0
828478,5184,158,16.420691,0.607327,0.033539,0.022597,4e-06,0.00273772,0.368138,0.358901,0.711781,0.953007,0.811041,8987.4,115.0,185.1,304.5,100.0,1.0
828644,5185,166,11.597729,0.2,-0.000704,0.005149,0.003872,0.00208911,0.21879,-0.04232,0.616918,0.93489,0.776504,7458.8,96.4,169.8,611.2,100.0,1.0
828798,5186,154,12.722074,0.624244,-0.051868,0.006615,0.0,0.00224414,0.274838,0.120359,0.649227,0.945818,0.816234,8078.6,103.8,193.7,479.8,100.0,1.0
828961,5187,163,13.686382,0.253531,0.081993,0.029051,0.0099,0.00216788,0.314121,0.143727,0.690654,1.0,0.776245,8167.6,101.6,127.1,484.3,100.0,1.0
829113,5188,152,11.035264,0.852388,-0.044907,0.003913,0.0,0.00227596,0.192263,-0.339487,0.87953,1.0,0.634347,6326.6,78.2,145.4,534.6,100.0,1.0
829273,5189,160,11.453558,0.353156,0.02994,0.006801,0.0,0.00201168,0.236761,-0.126707,0.633161,1.0,0.66104,7137.2,81.2,154.9,664.8,100.0,1.0
829441,5190,168,9.211156,0.2,0.057722,0.016117,0.0,0.00199853,0.11351,-0.042541,0.331716,0.732318,0.805419,7457.9,107.6,175.7,543.7,100.0,1.0
829602,5191,161,11.929597,0.502861,0.053394,0.008696,1e-06,0.00219511,0.228449,-0.146544,0.794467,0.985069,0.722406,7061.7,88.9,166.4,720.4,100.0,1.0
829763,5192,161,13.049919,0.578351,8e-05,0.02901,0.0,0.00239335,0.251224,-0.112798,0.803128,1.0,0.698049,7190.2,85.7,163.9,617.2,100.0,1.0
829923,5193,160,6.577709,0.2,0.024964,0.0,0.255967,0.00204907,-0.006983,-0.596413,0.384939,0.792924,0.571281,5347.7,74.6,82.2,838.7,100.0,1.0
830080,5194,157,11.753167,0.759107,0.100636,0.0,0.0,0.00229655,0.212793,-0.156992,0.670222,0.971097,0.695828,7021.9,89.1,120.7,544.3,100.0,1.0
830237,5195,157,12.493494,0.767706,0.099471,0.025586,0.0,0.0022104,0.262457,0.37742,0.415727,0.726083,0.82671,9058.0,131.2,211.2,338.1,100.0,1.0
830393,5196,156,9.711532,0.900367,-0.039963,0.020905,0.0,0.00205627,0.152998,-0.491882,0.941785,0.977927,0.556481,5745.9,72.6,80.2,421.8,100.0,1.0
830558,5197,165,10.165633,0.2,0.039456,0.012233,0.009238,0.00195515,0.173328,-0.028262,0.550345,0.801722,0.762086,7512.3,104.2,103.5,613.4,100.0,1.0
830723,5198,165,11.374827,0.2,0.028385,0.004773,0.028938,0.00210262,0.207999,-0.145878,0.764332,0.920419,0.69762,7064.2,92.0,89.8,641.9,100.0,1.0
830880,5199,157,11.833391,0.930445,0.031522,0.023823,0.0,0.00208828,0.249456,0.223059,0.448828,0.824616,0.810564,8469.9,116.0,184.3,438.5,100.0,1.0
831042,5200,162,8.944743,0.584252,-0.10229,0.009978,0.0,0.00198987,0.114028,-0.713573,1.0,1.0,0.431104,4901.3,55.5,70.8,611.4,100.0,1.0
831199,5201,157,7.797763,0.498668,0.036909,0.013436,0.0,0.00206761,0.055813,-0.539234,0.670213,0.839591,0.581668,5565.5,75.6,87.0,580.2,100.0,1.0
831361,5202,162,10.553068,0.2,0.104284,0.0,0.05182,0.00208787,0.176618,-0.148031,0.708451,0.856584,0.711104,7056.0,95.0,76.7,660.8,100.0,1.0
831522,5203,161,11.708891,0.724013,0.018158,0.02473,0.0,0.0023018,0.200671,-0.358706,0.923513,1.0,0.580665,6253.3,73.3,112.5,530.9,100.0,1.0
831691,5204,169,10.943691,0.2,0.050699,0.02072,0.028315,0.00178673,0.231985,-0.004656,0.598464,0.934897,0.767227,7602.3,98.2,132.7,793.6,100.0,1.0
831849,5205,158,12.241118,0.548395,-0.011851,0.006906,0.0,0.00213871,0.259334,-0.116426,0.822278,1.0,0.660725,7176.4,88.9,64.3,515.6,100.0,1.0
832008,5206,159,9.82329,0.2,0.041639,0.001041,0.000314,0.00171366,0.206817,-0.195472,0.807284,0.93894,0.670625,6875.3,88.6,83.5,985.8,100.0,1.0
832166,5207,158,11.588056,0.399496,-0.061042,0.013383,2.9e-05,0.00208292,0.236295,-0.03235,0.907535,0.88836,0.770308,7496.7,99.2,125.9,643.0,100.0,1.0
832324,5208,158,15.567269,0.2,-0.048817,0.011331,0.11112,0.00256061,0.355032,0.18418,0.956531,1.0,0.775419,8321.7,96.9,161.3,392.3,100.0,1.0
832488,5209,164,11.512871,0.2,0.086194,0.027159,0.0,0.00213418,0.211816,0.117006,0.583059,0.770261,0.785167,8065.8,113.9,141.9,545.5,100.0,1.0
832647,5210,159,11.348432,0.2,0.01929,0.003575,0.020844,0.00201105,0.234056,-0.170077,0.767671,1.0,0.665921,6972.0,82.0,153.0,440.5,100.0,1.0
832802,5211,155,13.204358,0.2,-0.008782,0.026942,0.003869,0.00203381,0.329155,0.410395,0.652864,0.807814,0.812524,9183.6,127.0,187.5,607.0,100.0,1.0
832964,5212,162,11.563802,0.571762,0.019455,0.005688,6e-06,0.00197614,0.244206,-0.007554,0.642473,0.965198,0.776084,7591.2,96.6,166.8,606.0,100.0,1.0
833127,5213,163,13.235132,0.440295,-0.012916,0.011879,1.6e-05,0.00229011,0.272636,0.135296,0.628768,0.912464,0.784784,8135.5,106.3,141.3,476.5,100.0,1.0
833284,5214,157,12.599765,0.603331,0.053683,0.012928,0.0,0.00224608,0.262303,-0.087372,0.794341,1.0,0.682754,7287.1,83.6,162.9,368.9,100.0,1.0
833442,5215,158,10.426878,0.392169,0.0425,0.003714,4e-06,0.00201739,0.190148,-0.091177,0.590886,0.89812,0.756852,7272.6,95.8,143.9,512.6,100.0,1.0
833601,5216,159,9.983502,0.446726,-0.009198,0.025084,0.0,0.00202556,0.165198,-0.266976,0.76865,0.907193,0.678715,6602.8,86.6,121.4,803.1,100.0,1.0
833763,5217,162,12.301173,0.2,-0.015566,0.010593,0.012992,0.00226234,0.233904,-0.105665,0.829097,0.961699,0.743088,7217.4,92.0,165.4,661.6,100.0,1.0
833925,5218,162,9.884038,0.2,0.005718,0.0,0.022523,0.00193224,0.169435,-0.325821,0.849339,0.947724,0.665828,6378.6,81.9,154.5,890.7,100.0,1.0
834086,5219,161,13.127643,0.2,0.028999,0.008122,0.000553,0.00246645,0.243721,-0.187289,0.977599,1.0,0.69244,6906.4,83.5,179.4,493.1,100.0,1.0
834249,5220,163,10.826581,0.2,0.070273,0.009198,0.030651,0.0018435,0.228039,-0.169624,0.672925,1.0,0.649427,6973.7,83.7,106.1,683.9,100.0,1.0
834407,5221,158,9.171948,0.7068,-0.074018,0.000364,0.0,0.00174886,0.171429,-0.324164,0.896923,0.916403,0.627732,6384.9,83.3,74.5,758.5,100.0,1.0
834567,5222,160,13.563098,0.616736,0.028466,0.025312,0.0,0.00199706,0.342581,0.19618,0.780978,1.0,0.770899,8367.4,103.3,118.2,515.9,100.0,1.0
834723,5223,156,13.519961,1.0,0.0865,0.019559,0.0,0.00248823,0.271864,0.206948,0.58987,0.864883,0.811321,8408.5,112.7,185.5,354.7,100.0,1.0
834884,5224,161,13.300427,0.301978,0.02889,0.013331,0.000112,0.00198053,0.33047,0.179981,0.766753,1.0,0.795996,8305.7,103.6,160.0,522.4,100.0,1.0
835036,5225,152,9.6233,0.71292,0.058435,0.030821,2.1e-05,0.00204452,0.159054,0.13643,0.333573,0.682372,0.80442,8139.8,121.0,174.0,402.4,100.0,1.0
835205,5226,169,8.331141,0.2,0.052522,0.012992,0.033569,0.00169949,0.119519,-0.120312,0.46356,0.749306,0.734926,7161.6,102.3,58.2,838.9,100.0,1.0
835358,5227,153,6.166188,0.938218,-0.122684,0.026922,0.0,0.00222519,-0.039427,-0.263744,0.3046,0.519641,0.797254,6615.1,108.8,162.1,526.1,100.0,1.0
835519,5228,161,14.679969,0.2,-0.005079,0.01991,0.268327,0.00251405,0.31194,0.183411,0.783034,0.947413,0.810759,8318.8,106.8,184.6,552.1,100.0,1.0
835676,5229,157,8.665243,0.616915,-0.051805,0.0263,0.0,0.00184783,0.132965,-0.540803,0.899664,0.968221,0.532989,5559.5,70.6,64.5,898.1,100.0,1.0
835836,5230,160,6.512613,0.663431,-0.248542,0.030214,1.3e-05,0.00244746,-0.073626,-0.290488,0.254,0.452933,0.779407,6513.2,112.1,132.3,363.1,100.0,1.0
835994,5231,158,12.96896,0.2,0.013723,0.007297,0.0,0.00240381,0.253452,-0.075536,0.753898,1.0,0.727502,7332.2,89.4,169.8,430.6,100.0,1.0
836150,5232,156,10.800007,0.2,0.112485,0.0,0.042317,0.00199968,0.215421,-0.229011,0.818771,0.976111,0.639705,6747.5,85.4,70.3,662.4,100.0,1.0
836315,5233,165,12.105981,0.720215,0.096258,0.012702,0.0,0.0022718,0.216305,-0.041457,0.593257,0.932989,0.775281,7462.0,96.5,166.2,489.8,100.0,1.0
836478,5234,163,12.91517,0.2,-0.027506,0.014496,0.07083,0.00209252,0.289614,0.066413,0.687898,1.0,0.762103,7873.0,94.6,166.3,530.9,100.0,1.0
836646,5235,168,7.786196,0.705708,-0.000317,0.016769,0.0,0.00198167,0.047314,-0.125516,0.300045,0.619941,0.778698,7141.8,110.2,131.2,581.5,100.0,1.0
836810,5236,164,13.867679,0.785042,-0.065896,0.014003,0.0,0.00246903,0.272328,-0.075011,0.939364,1.0,0.726773,7334.2,90.9,151.0,458.3,100.0,1.0
836965,5237,155,11.969925,0.2,-0.050836,0.021754,0.132427,0.00199112,0.275989,0.154239,0.707686,0.879067,0.782183,8207.6,109.2,137.0,787.6,100.0,1.0
837125,5238,160,12.891078,0.67367,0.008235,0.016858,0.0,0.00182683,0.337321,0.270812,0.716853,0.938233,0.787648,8651.8,111.6,146.1,933.6,100.0,1.0
837286,5239,161,13.346449,0.2,0.039843,0.003008,0.044191,0.00197228,0.334323,0.257947,0.678157,0.945519,0.773529,8602.8,110.5,122.5,535.7,100.0,1.0
837447,5240,161,11.906158,0.433851,0.063337,0.015052,0.0,0.0021742,0.231477,-0.21352,0.846796,1.0,0.642353,6806.5,81.5,120.1,652.8,100.0,1.0
837609,5241,162,10.205598,0.382099,0.044681,0.005819,3.7e-05,0.00207204,0.16281,-0.462826,0.85052,1.0,0.551263,5856.6,68.5,119.9,640.6,100.0,1.0
837773,5242,164,11.968288,0.948408,0.044364,0.019113,0.0,0.00176283,0.295477,0.153675,0.573442,0.97725,0.788456,8205.5,103.7,147.4,708.6,100.0,1.0
837937,5243,164,12.777646,0.2,0.030883,0.013447,0.080451,0.00194029,0.305904,0.245244,0.638226,0.906421,0.805008,8554.4,112.2,175.0,751.8,100.0,1.0
838099,5244,162,12.68173,0.806299,-0.121987,0.025095,0.0,0.00226219,0.252979,-0.149435,0.886689,1.0,0.666938,7050.7,85.1,118.9,355.3,100.0,1.0
838249,5245,150,13.686348,1.0,0.028682,0.026407,0.0,0.00274021,0.257554,-0.065259,0.745612,1.0,0.720829,7371.4,85.7,201.8,271.3,100.0,1.0
838411,5246,162,12.458606,0.935041,0.007505,0.008345,0.0,0.00238088,0.222958,-0.263909,0.957633,1.0,0.652185,6614.5,81.6,134.9,464.5,100.0,1.0
838578,5247,167,7.399899,1.0,0.068559,0.016384,0.0,0.00176515,0.066751,-0.228387,0.418596,0.724847,0.744348,6749.8,97.8,99.2,944.0,100.0,1.0
838739,5248,161,10.998906,0.2,0.096497,0.029625,0.006938,0.00188321,0.23416,-0.267898,1.0,1.0,0.610379,6599.3,80.5,78.4,874.4,100.0,1.0
838896,5249,157,9.513502,0.737698,0.056404,0.024803,1e-06,0.00232736,0.099399,-0.01823,0.348816,0.665294,0.809775,7550.5,113.4,183.0,406.2,100.0,1.0
839058,5250,162,11.956134,0.466208,-0.01834,0.0059,1.3e-05,0.00202494,0.256111,0.158641,0.740639,0.807872,0.781161,8224.4,113.7,135.3,552.1,100.0,1.0
839219,5251,161,11.353059,0.2,0.059947,0.003194,0.105362,0.00183495,0.259264,0.068022,0.742571,0.909079,0.784895,7879.2,103.2,141.5,594.9,100.0,1.0
839377,5252,158,7.612014,0.39977,-0.107219,0.012907,1.8e-05,0.00217714,0.027918,-0.960587,0.86537,1.0,0.362067,3960.2,48.0,43.1,423.8,100.0,1.0
839537,5253,160,10.103102,0.2,-0.020165,0.007994,0.098073,0.00255114,0.085445,-0.484316,0.707571,0.890944,0.638161,5774.8,76.3,172.9,538.1,100.0,1.0
839695,5254,158,10.859662,0.380161,0.058227,0.040609,0.0,0.001903,0.229962,-0.073977,0.712584,0.942108,0.72571,7338.1,94.5,107.5,686.5,100.0,1.0
839853,5255,158,12.533416,0.515937,-0.033331,0.036883,0.0,0.00241273,0.231225,-0.232836,0.89618,1.0,0.6345,6732.9,78.7,138.8,431.8,100.0,1.0
840004,5256,151,8.213924,0.2,-0.01333,0.013265,0.173784,0.00215543,0.075921,-0.523296,0.760792,0.868933,0.605656,5626.2,75.3,131.4,723.9,100.0,1.0
840169,5257,165,15.150012,0.746145,0.029093,0.017237,0.000156,0.00249279,0.329072,0.171474,0.795509,1.0,0.802477,8273.3,101.7,170.8,437.4,100.0,1.0
840327,5258,158,13.399802,0.22921,0.068788,0.01127,0.0,0.00228472,0.293912,0.017135,0.76728,1.0,0.694066,7685.3,89.5,112.6,450.8,100.0,1.0
840492,5259,165,12.721369,0.225006,-0.052637,0.0,0.0,0.00220877,0.25733,-0.062653,0.739076,1.0,0.723245,7381.3,89.3,163.1,524.5,100.0,1.0
840649,5260,157,9.338477,0.459388,-0.010114,0.0,0.0,0.00241546,0.077235,-0.407603,0.668681,0.814495,0.660225,6067.0,83.6,125.1,441.0,100.0,1.0
840804,5261,155,11.157603,0.2,0.112391,0.0,0.042999,0.00203815,0.229506,0.024463,0.728374,0.883838,0.806186,7713.2,102.4,177.0,614.3,100.0,1.0
840963,5262,159,12.794633,0.812676,0.051454,0.020719,0.0,0.00215915,0.282153,0.020396,0.75576,1.0,0.752807,7697.7,94.7,149.6,759.7,100.0,1.0
841124,5263,161,10.126006,0.914229,0.060628,0.033701,0.0,0.00219274,0.141979,-0.157784,0.429873,0.870655,0.752565,7018.8,93.8,159.9,469.1,100.0,1.0
841286,5264,162,11.311108,0.2,-0.031371,0.0,0.016363,0.00232551,0.176224,-0.215683,0.866853,0.884141,0.722107,6798.2,90.2,151.1,598.4,100.0,1.0
841445,5265,159,9.029003,0.2,0.054298,0.014944,0.024825,0.00162331,0.183306,-0.359297,0.773466,1.0,0.591433,6251.1,76.2,97.1,1093.7,100.0,1.0
841608,5266,163,13.833048,0.690283,0.050639,0.00235,0.0,0.0018528,0.374266,0.343091,0.655468,1.0,0.806814,8927.2,109.7,178.0,617.6,100.0,1.0
841758,5267,150,11.959978,0.385192,0.054403,0.026501,0.0,0.00212821,0.265485,0.13305,0.615652,0.914753,0.814057,8126.9,106.1,190.1,427.0,100.0,1.0
841919,5268,161,14.040846,0.5554,0.033241,0.008444,3.2e-05,0.00256399,0.273692,-0.05916,0.873233,1.0,0.714627,7394.6,85.3,195.8,277.3,100.0,1.0
842086,5269,167,13.448007,0.2,0.018355,0.034686,0.084906,0.00209496,0.307701,0.238276,0.576604,0.925138,0.785773,8527.8,110.7,143.0,595.1,100.0,1.0
842243,5270,157,12.140034,0.2,0.045289,0.016774,0.0,0.00203288,0.274465,-0.001435,0.727054,1.0,0.738691,7614.5,94.1,133.8,834.8,100.0,1.0
842399,5271,156,12.231989,0.463144,0.02653,0.023494,0.0,0.00216832,0.259883,0.044655,0.629775,0.969179,0.789681,7790.1,98.9,162.3,461.5,100.0,1.0
842557,5272,158,12.695087,0.309577,0.007089,0.001434,0.013699,0.00228632,0.259567,0.130556,0.572621,0.90354,0.798144,8117.4,106.6,163.6,436.8,100.0,1.0
842720,5273,163,9.022801,0.783284,0.006301,0.02828,0.00012,0.00218305,0.085401,-0.244164,0.451508,0.781719,0.739469,6689.7,93.9,137.3,529.6,100.0,1.0
842879,5274,159,12.45584,0.23526,0.054932,0.022502,4.7e-05,0.00211119,0.273467,-0.017597,0.864284,0.993868,0.773283,7553.0,94.7,183.9,491.4,100.0,1.0
843038,5275,159,11.040656,0.2,0.070514,0.026728,0.115763,0.0021318,0.200997,-0.147883,0.828458,0.910655,0.744095,7056.6,92.3,163.0,570.9,100.0,1.0
843197,5276,159,9.831352,0.422871,0.019647,0.018358,0.0,0.00203729,0.156889,-0.157027,0.751288,0.828129,0.765624,7021.7,96.0,155.8,596.7,100.0,1.0
843358,5277,161,9.594464,0.2,-0.039551,0.0,0.0,0.00169162,0.196875,-0.188121,0.733048,0.934795,0.688826,6903.3,89.2,107.4,780.4,100.0,1.0
843518,5278,160,13.083409,0.822898,0.051103,0.031712,0.0,0.00237059,0.260577,0.266642,0.620961,0.7825,0.843591,8635.9,121.1,239.3,490.6,100.0,1.0
843676,5279,158,12.047659,0.347268,0.096816,0.032041,9.9e-05,0.00200559,0.272363,0.274443,0.677268,0.777513,0.817745,8665.6,121.9,196.2,700.4,100.0,1.0
843838,5280,162,6.722191,0.29284,-0.040323,0.002986,0.014649,0.00185568,0.028162,-0.630089,0.888885,0.782061,0.569585,5219.4,73.2,95.1,817.1,100.0,1.0
844004,5281,166,8.489039,0.626463,-0.00594,0.005066,0.0,0.00174758,0.125091,-0.297479,0.756187,0.820435,0.667813,6486.6,89.1,73.8,692.5,100.0,1.0
844163,5282,159,10.60504,0.2,-0.105852,0.013879,0.09719,0.00205395,0.192095,-0.344026,0.856678,0.992982,0.603539,6309.3,79.1,82.6,674.0,100.0,1.0
844320,5283,157,12.446262,1.0,0.073476,0.032077,0.0,0.00213381,0.273728,-0.007489,0.726109,1.0,0.731308,7591.5,90.2,166.8,646.4,100.0,1.0
844479,5284,159,15.053045,1.0,0.08939,0.032785,0.0,0.00273715,0.301071,0.060202,0.81545,1.0,0.757723,7849.4,89.9,214.3,296.3,100.0,1.0
844640,5285,161,13.888929,0.617941,0.061528,0.012419,0.0,0.00214567,0.333949,0.168447,0.864081,1.0,0.80708,8261.8,100.6,178.5,459.6,100.0,1.0
844799,5286,159,13.010205,0.527598,0.113925,0.019874,0.000132,0.00205546,0.30962,0.212509,0.653741,0.945335,0.804998,8429.7,108.3,175.0,508.6,100.0,1.0
844961,5287,162,7.819421,0.409664,0.028323,0.006837,8e-06,0.00235903,0.000356,-0.541957,0.401905,0.78154,0.618443,5555.1,78.0,121.3,545.3,100.0,1.0
845127,5288,166,13.053237,0.2,0.068801,0.0,0.139557,0.00227801,0.260439,0.12301,0.607339,0.899506,0.790878,8088.7,106.5,151.5,655.9,100.0,1.0
845287,5289,160,12.494767,0.530381,0.043256,0.022957,0.0,0.00199505,0.292087,0.243099,0.638382,0.875496,0.816295,8546.2,113.9,193.8,707.5,100.0,1.0
845448,5290,161,14.405121,0.584281,0.012979,0.012125,7.9e-05,0.00227088,0.339172,0.150517,0.887121,1.0,0.761107,8193.5,97.4,131.9,350.7,100.0,1.0
845612,5291,164,13.250465,0.676265,0.087041,0.012618,0.0,0.0020405,0.313669,0.250817,0.611677,0.925682,0.796364,8575.6,111.3,160.6,567.6,100.0,1.0
845778,5292,166,10.594554,0.449563,-0.062251,0.013119,0.0,0.0019053,0.202084,-0.305509,0.814817,1.0,0.612349,6456.0,80.0,87.1,733.7,100.0,1.0
845935,5293,157,9.087832,0.608902,0.016188,0.037087,1.4e-05,0.0020732,0.119149,0.150681,0.208385,0.605471,0.831716,8194.1,127.6,219.5,732.7,100.0,1.0
846090,5294,155,11.587848,0.646365,-0.089553,0.026046,0.0,0.00239084,0.196394,-0.199237,0.781169,0.948663,0.72011,6860.9,88.0,173.3,397.4,100.0,1.0
846252,5295,162,9.271442,0.377428,-0.025051,0.01956,0.0,0.00174107,0.171598,-0.454248,0.912169,1.0,0.553161,5889.3,71.7,85.5,1140.1,100.0,1.0
846414,5296,162,15.035777,0.2,0.035893,0.018625,0.036307,0.00204924,0.403738,0.469927,0.692537,0.952056,0.816047,9410.4,120.5,193.4,637.7,100.0,1.0
846576,5297,162,15.633048,1.0,0.053185,0.033226,0.0,0.00263514,0.33811,0.333324,0.699802,0.918741,0.850462,8890.0,115.8,250.8,430.3,100.0,1.0
846740,5298,164,9.207486,0.576338,0.001425,0.02774,0.0,0.00186962,0.143979,-0.21412,0.529086,0.880438,0.710704,6804.2,90.5,129.1,641.8,100.0,1.0
846901,5299,161,11.262977,0.989219,0.063833,0.025967,0.0,0.0020706,0.217816,-0.005317,0.608914,0.896839,0.77554,7599.7,100.2,125.9,574.5,100.0,1.0
847062,5300,161,13.424611,0.297751,0.04366,0.020032,0.000285,0.00235754,0.277425,-0.014623,0.784116,1.0,0.729344,7564.3,90.0,166.1,327.3,100.0,1.0
847225,5301,163,14.992668,0.699822,0.068656,0.026369,0.0,0.0025495,0.31823,0.201675,0.619927,1.0,0.821745,8388.4,100.5,202.9,316.2,100.0,1.0
847385,5302,160,11.382396,0.752895,0.039497,0.0,0.0,0.00234464,0.181997,-0.014571,0.491988,0.849875,0.797792,7564.5,102.2,163.0,636.7,100.0,1.0
847549,5303,164,14.038232,0.2,0.014459,0.02213,0.0,0.00214038,0.336155,0.205717,0.727859,1.0,0.793158,8403.8,103.5,155.3,643.7,100.0,1.0
847609,5304,60,-8.005912,0.2,-0.599934,0.0,0.128697,0.00161539,-0.800749,-1.0,-1.0,-1.0,0.003745,0.0,0.5,0.5,166.2,100.0,1.0
847772,5305,163,10.797107,0.639224,-0.093404,0.003143,0.0,0.00220684,0.168928,-0.284728,1.0,0.870437,0.680352,6535.2,87.3,114.9,502.3,100.0,1.0
847936,5306,164,14.023454,1.0,0.085398,0.019291,0.0,0.00250635,0.275616,-0.028144,0.729698,1.0,0.68752,7512.8,85.4,149.3,406.3,100.0,1.0
848095,5307,159,10.491915,0.218111,0.038489,0.017599,0.018481,0.0020655,0.185346,-0.052702,0.55714,0.870487,0.782962,7419.2,99.2,148.1,546.3,100.0,1.0
848256,5308,161,11.155241,0.243612,-0.093318,0.005991,0.0,0.0022116,0.190183,-0.448374,1.0,1.0,0.514428,5911.7,64.8,101.0,523.4,100.0,1.0
848420,5309,164,9.816773,0.81512,-0.025639,0.019063,0.0,0.00206842,0.141495,-0.248412,0.787526,0.818205,0.683422,6673.5,91.8,68.5,593.6,100.0,1.0
848582,5310,162,10.154883,0.839696,0.000878,0.036743,0.0,0.00209868,0.157287,-0.263993,0.73697,0.897786,0.691188,6614.2,87.1,135.5,586.0,100.0,1.0
848738,5311,156,13.865566,1.0,-0.011044,0.037872,0.0,0.00238437,0.307043,0.120168,0.768318,1.0,0.809238,8077.8,98.7,197.0,347.7,100.0,1.0
848898,5312,160,9.403328,0.39291,0.065184,0.018294,9e-06,0.00169703,0.188976,-0.288752,0.679809,0.999144,0.638211,6519.9,81.5,112.5,733.6,100.0,1.0
849064,5313,166,12.209006,0.304359,0.113188,0.015333,0.015113,0.00213374,0.243701,-0.053977,0.745652,0.967718,0.753365,7414.3,94.2,156.6,559.0,100.0,1.0
849220,5314,156,13.983782,1.0,0.081771,0.015798,0.0,0.00217022,0.346292,0.286729,0.661275,0.986705,0.82769,8712.4,109.6,212.8,404.5,100.0,1.0
849379,5315,159,12.213497,0.228164,0.077589,0.028339,3.1e-05,0.00233515,0.226888,-0.247602,0.912363,1.0,0.63844,6676.6,78.9,143.4,615.7,100.0,1.0
849539,5316,160,11.664671,0.2,-0.105331,0.0,0.019098,0.00231546,0.20087,-0.344582,0.939008,1.0,0.612137,6307.1,77.0,121.9,461.6,100.0,1.0
849697,5317,158,11.491418,1.0,-0.14483,0.019277,0.0,0.00258272,0.154833,-0.548666,1.0,1.0,0.515667,5529.6,63.2,122.0,355.4,100.0,1.0
849852,5318,155,11.196197,0.38083,0.108467,0.015381,0.006612,0.00221727,0.204805,-0.098544,0.654456,0.92758,0.754019,7244.5,94.0,160.5,547.9,100.0,1.0
850015,5319,163,15.266168,0.580157,-0.023976,0.012707,0.0,0.00280491,0.290738,-0.025398,0.862363,1.0,0.683046,7523.2,86.5,129.2,290.1,100.0,1.0
850175,5320,160,11.537903,1.0,0.057267,0.024501,0.0,0.00236488,0.186958,-0.05367,0.542765,0.887743,0.796222,7415.5,98.2,181.3,418.4,100.0,1.0
850336,5321,161,11.98988,0.729863,0.008973,0.030223,0.0,0.00236075,0.207429,0.147274,0.588582,0.751265,0.829591,8181.1,116.8,216.0,585.0,100.0,1.0
850498,5322,162,12.881323,0.533884,0.052919,0.030193,4e-06,0.00229631,0.259224,-0.14509,0.941962,1.0,0.670952,7067.2,83.4,145.5,442.3,100.0,1.0
850656,5323,158,10.609263,0.2,-0.055626,0.005001,0.02952,0.00204071,0.197476,-0.264268,0.75698,0.999797,0.678284,6613.1,82.7,166.0,454.9,100.0,1.0
850818,5324,162,12.46805,0.2,-0.010616,0.022481,0.013484,0.00224134,0.247927,-0.198338,0.961853,1.0,0.644198,6864.3,82.7,108.8,758.6,100.0,1.0
850972,5325,154,9.007908,0.929304,0.062962,0.038514,0.0,0.00231497,0.084967,-0.280738,0.286478,0.848541,0.712059,6550.4,88.6,153.2,316.9,100.0,1.0
851130,5326,158,11.769354,0.2,0.045859,0.028122,0.027316,0.00227389,0.21755,-0.023143,0.599216,0.923415,0.787333,7531.8,97.9,170.1,624.6,100.0,1.0
851286,5327,156,9.084167,0.316646,-0.077458,0.012928,1.4e-05,0.00242287,0.067272,-0.427039,0.643678,0.805566,0.647899,5993.0,83.0,111.7,484.8,100.0,1.0
851445,5328,159,11.977708,0.93858,-0.073804,0.021224,0.0,0.00241676,0.20285,-0.254314,0.699651,1.0,0.640527,6651.1,77.4,164.8,413.3,100.0,1.0
851610,5329,165,12.132876,0.2,0.112465,0.018522,0.008618,0.00175068,0.30588,0.103952,0.70296,0.997684,0.749942,8016.1,100.3,83.2,703.9,100.0,1.0
851766,5330,156,11.132907,0.245171,0.103226,0.030285,0.0,0.00218482,0.204894,0.097022,0.364742,0.831016,0.781965,7989.7,109.1,136.6,509.0,100.0,1.0
851926,5331,160,12.499555,0.2,0.061,0.023699,0.000555,0.00198023,0.295897,0.110513,0.725318,0.978371,0.788723,8041.1,101.6,147.9,860.1,100.0,1.0
852086,5332,160,14.292502,0.724291,0.017183,0.015039,0.0,0.0024628,0.306606,0.079545,0.807573,1.0,0.759958,7923.1,94.8,160.7,438.5,100.0,1.0
852245,5333,159,15.953055,0.2,0.00894,0.0,0.322217,0.00257722,0.372369,0.340804,0.66678,1.0,0.817955,8918.5,110.0,196.6,422.3,100.0,1.0
852404,5334,159,12.333109,0.387449,0.061222,0.003114,3.6e-05,0.00219753,0.255315,-0.099415,0.837753,1.0,0.718322,7241.2,87.1,180.6,720.8,100.0,1.0
852569,5335,165,13.134261,1.0,0.056875,0.029624,0.0,0.00226168,0.270856,-0.024002,0.743268,1.0,0.725352,7528.6,91.6,140.0,427.2,100.0,1.0
852727,5336,158,10.345926,0.2,-0.027662,0.004453,0.034151,0.00178151,0.225843,-0.193769,0.778175,1.0,0.670776,6881.7,85.1,125.1,714.8,100.0,1.0
852885,5337,158,11.948428,1.0,0.017796,0.017285,2.8e-05,0.00220645,0.237284,-0.09584,0.648693,1.0,0.720206,7254.8,90.0,150.6,631.1,100.0,1.0
853038,5338,153,10.378696,0.2,0.033701,0.004368,0.057612,0.00250281,0.126022,-0.156011,0.701335,0.778566,0.81003,7025.6,98.8,197.9,595.0,100.0,1.0
853195,5339,157,9.900213,0.285793,0.04239,0.017959,0.007687,0.00161332,0.232221,-0.202021,0.789076,1.0,0.629894,6850.3,81.1,103.2,803.6,100.0,1.0
853353,5340,158,11.375819,0.646303,0.085881,0.020065,3.5e-05,0.00248176,0.165767,-0.037859,0.461521,0.840078,0.805807,7475.8,101.6,176.3,317.5,100.0,1.0
853513,5341,160,10.473598,0.709015,-0.032055,0.01654,0.0,0.0017575,0.23246,-0.235103,0.889834,1.0,0.621187,6724.3,80.7,93.9,654.5,100.0,1.0
853668,5342,155,13.530455,0.617795,0.037958,0.01241,9.8e-05,0.00244893,0.284017,0.292203,0.651204,0.822062,0.855484,8733.3,119.8,259.1,555.8,100.0,1.0
853827,5343,159,14.003571,0.560926,-0.063531,0.021032,0.0,0.00194265,0.377963,0.347982,0.683867,0.983012,0.78136,8945.8,112.8,135.6,469.2,100.0,1.0
853986,5344,159,11.268386,0.758374,0.046021,0.026788,0.0,0.00176363,0.272274,-0.029281,0.753671,1.0,0.714225,7508.4,93.7,96.7,579.7,100.0,1.0
854143,5345,157,13.062989,0.2,0.068161,0.015838,0.079573,0.0023407,0.27324,0.190144,0.657575,0.876963,0.830024,8344.4,111.1,216.7,687.5,100.0,1.0
854301,5346,158,14.217318,1.0,-0.055253,0.006286,0.0,0.00275034,0.262867,-0.073002,0.858275,1.0,0.73705,7341.9,85.7,229.0,275.0,100.0,1.0
854468,5347,167,10.787134,0.2,-0.001107,0.006345,0.061059,0.00209945,0.178592,-0.372995,0.926388,0.972369,0.619141,6198.9,78.6,115.2,639.5,100.0,1.0
854630,5348,162,11.171874,0.995588,0.026396,0.022615,0.0,0.00222281,0.187993,-0.369016,0.899388,1.0,0.61395,6214.0,76.2,134.0,520.8,100.0,1.0
854792,5349,162,12.891612,0.294905,-0.032161,0.023029,0.005477,0.00210782,0.29101,0.133857,0.562596,1.0,0.810497,8130.0,100.5,184.2,480.6,100.0,1.0
854951,5350,159,11.303127,1.0,0.0372,0.012994,0.0,0.00207351,0.224871,-0.266637,0.934586,1.0,0.626325,6604.1,78.4,128.7,726.1,100.0,1.0
855110,5351,159,12.35267,0.98187,-0.012803,0.01541,0.0,0.00193326,0.298666,0.013347,0.854222,1.0,0.707141,7670.9,91.3,113.5,636.6,100.0,1.0
855271,5352,161,13.241657,0.2,0.111765,0.01188,0.029854,0.00210032,0.311533,0.13065,0.688317,1.0,0.76513,8117.8,95.5,160.9,561.9,100.0,1.0
855433,5353,162,10.433269,0.329157,-0.079494,0.020359,0.000177,0.00204847,0.18005,-0.412632,0.874752,1.0,0.565019,6047.9,72.6,95.3,552.2,100.0,1.0
855593,5354,160,11.663818,0.27159,0.040466,0.0291,0.0,0.00179494,0.285089,-0.020919,0.848719,1.0,0.712304,7540.3,92.5,107.9,729.4,100.0,1.0
855753,5355,160,15.171941,1.0,0.040639,0.029255,0.0,0.00276327,0.302336,0.124649,0.715453,1.0,0.814183,8094.9,97.8,216.4,346.3,100.0,1.0
855909,5356,156,8.5803,0.2,0.08144,0.002367,0.0,0.00175921,0.146614,-0.003184,0.426292,0.736923,0.764118,7607.9,109.5,106.9,544.9,100.0,1.0
856066,5357,157,13.325438,0.2,0.044308,0.0,0.064523,0.00221399,0.30631,0.104349,0.736411,1.0,0.769267,8017.6,97.3,147.5,472.2,100.0,1.0
856230,5358,164,11.92075,0.463738,0.011558,0.014583,0.0,0.00194887,0.265381,0.121448,0.698865,0.877508,0.770703,8082.7,107.6,117.8,620.7,100.0,1.0
856393,5359,163,8.386062,1.0,0.058417,0.0,0.0,0.00229353,0.037693,-0.323876,0.302681,0.768452,0.740881,6386.0,90.3,181.6,400.4,100.0,1.0
856551,5360,158,13.770773,0.2,0.073021,0.018814,0.007233,0.00217908,0.331514,0.172458,0.738462,1.0,0.763462,8277.1,98.3,125.7,476.4,100.0,1.0
856718,5361,167,12.872318,0.355938,0.049442,0.025577,0.0,0.00213164,0.275754,0.047797,0.704329,0.989601,0.788842,7802.1,98.0,171.0,501.5,100.0,1.0
856878,5362,160,7.460391,0.795822,0.065271,0.032623,0.0,0.00193981,0.055768,-0.134007,0.191729,0.688062,0.786619,7109.4,105.3,144.4,537.6,100.0,1.0
857038,5363,160,11.249908,0.900814,0.029175,0.022725,0.0,0.00186092,0.254352,-0.08366,0.722252,1.0,0.69296,7301.3,89.3,112.9,812.4,100.0,1.0
857205,5364,167,13.453472,0.2,0.096004,0.007934,0.0,0.001922,0.339266,0.292121,0.515883,0.98065,0.78896,8733.0,110.2,148.3,587.6,100.0,1.0
857362,5365,157,10.470909,0.480249,0.037781,0.005952,0.0,0.00176161,0.237296,-0.046217,0.683378,0.953078,0.742215,7443.9,95.3,125.4,812.3,100.0,1.0
857519,5366,157,11.704794,0.2,0.007594,0.024051,0.0,0.00226089,0.219466,-0.068946,0.617701,0.958785,0.768739,7357.3,93.9,185.7,426.2,100.0,1.0
857677,5367,158,13.217667,0.992738,-0.010302,0.027209,3.5e-05,0.00221129,0.299314,0.055092,0.75423,1.0,0.726956,7829.9,92.2,136.2,391.0,100.0,1.0
857841,5368,164,13.167562,0.97579,0.027048,0.049644,0.0,0.00215113,0.293481,0.057035,0.981713,0.968907,0.818849,7837.3,99.5,203.8,515.7,100.0,1.0
858001,5369,160,11.433008,0.386688,-0.014249,0.007564,2.7e-05,0.00183626,0.267341,0.159923,0.627475,0.875088,0.788299,8229.3,109.7,147.2,518.1,100.0,1.0
858161,5370,160,10.53347,0.278031,-0.040986,0.0,6.6e-05,0.00230168,0.148731,-0.294218,0.899724,0.862615,0.7009,6499.0,87.2,150.5,543.9,100.0,1.0
858324,5371,163,10.47219,0.670303,0.073677,0.0,0.0,0.00199371,0.189041,-0.21952,0.720822,0.948607,0.691108,6783.6,87.0,136.5,746.0,100.0,1.0
858480,5372,156,13.714917,0.467585,0.115508,0.014843,2.6e-05,0.00227941,0.31762,0.195923,0.793591,0.954917,0.822666,8366.5,107.0,204.4,546.9,100.0,1.0
858639,5373,159,14.581059,0.2,0.036416,0.004532,0.136311,0.0023706,0.338854,0.258208,0.764624,0.973636,0.843771,8603.8,109.0,239.6,482.8,100.0,1.0
858795,5374,156,13.538571,1.0,0.020962,0.026309,0.0,0.00265408,0.250634,-0.160171,0.989394,1.0,0.711226,7009.8,83.9,206.8,480.4,100.0,1.0
858955,5375,160,13.656914,1.0,0.010845,0.029442,0.0,0.00254306,0.263658,-0.061627,0.883424,1.0,0.765576,7385.2,91.7,206.3,437.5,100.0,1.0
859117,5376,162,10.808922,1.0,0.002578,0.007777,4.8e-05,0.00225034,0.16619,-0.173738,0.70269,0.85992,0.721216,6958.1,93.5,110.9,520.0,100.0,1.0
859274,5377,157,12.265864,0.2,0.058418,0.01626,0.076539,0.00184695,0.312328,0.184206,0.613908,0.98703,0.794978,8321.8,104.7,158.3,521.7,100.0,1.0
859436,5378,162,14.521251,1.0,0.020742,0.016105,0.0,0.00266741,0.280972,0.019117,0.849312,1.0,0.80325,7692.8,94.4,237.7,330.2,100.0,1.0
859599,5379,163,9.600362,0.45788,0.103259,0.024327,1.7e-05,0.00169152,0.195755,-0.043623,0.540396,0.893419,0.778564,7453.8,98.4,149.4,1055.1,100.0,1.0
859763,5380,164,10.778823,0.2,0.005772,0.018566,0.016684,0.00163157,0.261754,0.07907,0.829788,0.858552,0.746961,7921.3,106.6,78.3,1134.1,100.0,1.0
859928,5381,165,10.109308,0.2,-0.005994,0.023472,0.023312,0.00193893,0.17652,-0.326346,0.871978,0.93768,0.623224,6376.6,82.3,78.9,834.4,100.0,1.0
860088,5382,160,11.907448,1.0,0.032678,0.044998,0.0,0.00246743,0.189974,-0.095955,0.583179,0.932459,0.805602,7254.4,93.8,247.8,394.8,100.0,1.0
860244,5383,156,15.004142,0.2,0.043763,0.028792,0.086677,0.00244526,0.355454,0.299752,0.712708,0.971477,0.803735,8762.1,111.1,172.9,585.3,100.0,1.0
860406,5384,162,10.405153,0.2,-0.007327,0.009074,0.016049,0.00187012,0.208102,0.159797,0.482897,0.742802,0.780484,8228.8,118.0,134.1,467.9,100.0,1.0
860565,5385,159,12.781817,0.2,0.04233,0.001025,9.1e-05,0.00213964,0.287588,0.141671,0.703074,0.933911,0.795864,8159.8,105.5,159.8,541.9,100.0,1.0
860728,5386,163,13.690333,0.2,0.057864,0.012542,0.033923,0.00223408,0.308282,0.061528,0.86564,1.0,0.749081,7854.4,94.9,140.9,419.5,100.0,1.0
860888,5387,160,13.35229,0.217157,0.091847,0.0,1.1e-05,0.00224072,0.29736,-0.012515,0.923932,1.0,0.703263,7572.3,87.3,154.1,655.0,100.0,1.0
861048,5388,160,11.260701,0.2,0.051107,0.003986,0.111802,0.00197553,0.237073,-0.121132,0.737314,0.990011,0.703831,7158.5,89.9,123.9,643.3,100.0,1.0
861205,5389,157,13.225434,0.2,0.013492,0.003694,0.092196,0.00243967,0.266671,-0.070266,0.896176,1.0,0.74177,7352.3,88.3,206.6,508.1,100.0,1.0
861361,5390,156,8.472961,0.2,0.13378,0.0283,0.015132,0.00200249,0.103865,-0.101414,0.369423,0.738802,0.780812,7233.6,104.0,134.7,682.4,100.0,1.0
861523,5391,162,14.136284,1.0,0.08663,0.044714,0.0,0.00232817,0.317329,0.307451,0.68084,0.881638,0.834679,8791.4,116.8,224.5,427.7,100.0,1.0
861689,5392,166,13.279151,0.924865,0.046531,0.023303,0.0,0.00196087,0.326903,0.308457,0.591396,0.907522,0.789147,8795.2,115.3,148.6,511.9,100.0,1.0
861846,5393,157,9.992756,0.754952,0.046344,0.028534,9e-06,0.00230358,0.129294,0.092489,0.311644,0.650002,0.808713,7972.4,120.8,181.2,402.8,100.0,1.0
862001,5394,155,10.921945,0.955395,-0.020439,0.039617,0.0,0.00221366,0.193509,-0.257179,0.73954,0.98903,0.682962,6640.1,83.5,164.6,544.7,100.0,1.0
862160,5395,159,11.351512,0.60889,0.046108,0.014369,0.0,0.00197624,0.243526,-0.198685,0.967056,1.0,0.6682,6863.0,84.9,123.3,825.4,100.0,1.0
862320,5396,160,9.058561,0.214822,0.0781,0.013206,0.007444,0.00161239,0.187106,-0.198977,0.612025,0.952102,0.688453,6861.9,87.9,122.2,701.5,100.0,1.0
862480,5397,160,11.400751,0.61919,-0.000888,0.017223,0.0,0.00204856,0.232394,0.002886,0.792717,0.888544,0.79439,7631.0,101.0,157.3,493.6,100.0,1.0
862642,5398,162,8.761189,1.0,0.051819,0.023134,0.0,0.00251808,0.022547,-0.296513,0.262768,0.715083,0.751145,6490.3,94.6,148.2,388.9,100.0,1.0
862803,5399,161,12.935862,0.2,-0.012616,0.003299,0.000562,0.00238989,0.250854,-0.160386,0.895149,1.0,0.66263,7008.9,83.0,136.4,438.4,100.0,1.0
862965,5400,162,11.260469,1.0,0.113836,0.029666,0.0,0.00210926,0.211628,-0.071315,0.700962,0.915894,0.770356,7348.3,95.9,165.3,652.7,100.0,1.0
863120,5401,155,12.89018,0.474197,-0.07223,0.018119,0.0,0.00246032,0.252086,-0.06068,0.736325,0.998601,0.749092,7388.8,92.4,170.2,501.9,100.0,1.0
863281,5402,161,13.742874,1.0,-0.009286,0.013861,0.0,0.00237137,0.293599,0.078383,0.750874,1.0,0.794611,7918.6,98.0,181.4,426.7,100.0,1.0
863441,5403,160,15.561302,1.0,0.00028,0.03394,0.0,0.00260788,0.34756,0.155498,0.917441,1.0,0.743044,8212.4,93.7,145.6,288.7,100.0,1.0
863596,5404,155,9.976853,0.805635,0.069968,0.028948,0.0,0.00205552,0.17177,-0.167315,0.697241,0.875799,0.729617,6982.5,93.1,130.3,739.4,100.0,1.0
863752,5405,156,8.280545,1.0,0.035162,0.036481,0.0,0.00260013,0.001382,-0.306289,0.360782,0.664163,0.799761,6453.0,96.9,202.0,275.8,100.0,1.0
863912,5406,160,14.410523,0.448351,0.032114,0.024785,4.6e-05,0.00200648,0.387303,0.371762,0.668676,1.0,0.798409,9036.4,111.0,164.0,507.9,100.0,1.0
864077,5407,165,9.678286,1.0,-0.01583,0.026751,0.0,0.00259728,0.047196,-0.365434,0.455681,0.793773,0.741451,6227.7,86.8,223.1,465.1,100.0,1.0
864241,5408,164,11.040413,0.205548,-0.018308,0.019371,0.007475,0.00220054,0.181863,-0.068192,0.634602,0.835545,0.750856,7360.2,100.2,84.8,420.4,100.0,1.0
864404,5409,163,6.860257,0.2,0.036333,0.008591,0.014191,0.0021232,-0.008821,-0.258482,0.127255,0.645987,0.785868,6635.2,100.8,143.1,403.1,100.0,1.0
864565,5410,161,13.985749,0.988527,-0.111342,0.017734,0.0,0.00226332,0.323173,0.139384,0.808778,1.0,0.782446,8151.1,101.4,137.4,432.8,100.0,1.0
864727,5411,162,10.921793,0.679071,-0.032547,0.015435,0.0,0.00240615,0.147162,-0.300453,0.802866,0.888852,0.695324,6475.3,85.7,159.0,393.6,100.0,1.0
864888,5412,161,14.198059,0.626846,-0.022784,0.024428,0.0,0.00259207,0.280759,0.069969,0.706559,1.0,0.82193,7886.6,96.8,240.0,356.3,100.0,1.0
865050,5413,162,10.977107,0.2,0.030251,0.012413,0.011405,0.00188856,0.233798,-0.14971,0.737858,1.0,0.687945,7049.6,86.5,137.3,844.5,100.0,1.0
865212,5414,162,14.391256,1.0,0.09856,0.040188,0.0,0.00226141,0.341276,0.219264,0.731806,1.0,0.793238,8455.4,101.3,155.4,486.5,100.0,1.0
865382,5415,170,12.970791,0.2,0.02546,0.019517,0.0,0.00218901,0.265667,0.294533,0.453411,0.800947,0.815457,8742.2,121.4,192.4,490.5,100.0,1.0
865544,5416,162,12.799523,0.2,0.006159,0.0,0.032119,0.00173763,0.347904,0.389827,0.582734,0.887537,0.787236,9105.2,120.6,145.4,743.8,100.0,1.0
865707,5417,163,13.485097,-0.217137,0.121364,0.013624,0.0,0.00210935,0.319307,0.317875,0.662971,0.870251,0.814172,8831.1,118.0,190.3,749.8,100.0,1.0
865867,5418,160,14.410903,1.0,0.069861,0.031295,0.0,0.00242975,0.319949,0.247307,0.78226,0.920659,0.835325,8562.2,111.4,225.5,425.3,100.0,1.0
866025,5419,158,10.776096,0.432219,-0.047225,0.007686,0.0,0.00201936,0.210926,-0.129129,0.839864,0.911324,0.734142,7128.0,93.2,135.8,796.5,100.0,1.0
866180,5420,155,12.799736,0.2,0.017361,0.0,0.0,0.00229819,0.273312,-0.022045,0.802248,1.0,0.745985,7536.0,91.8,172.5,398.9,100.0,1.0
866342,5421,162,11.822657,0.2,0.044768,0.002018,0.051346,0.0019776,0.261129,0.072161,0.667941,0.927224,0.777249,7894.9,102.4,128.7,575.7,100.0,1.0
866498,5422,156,10.87786,0.424259,0.019378,0.026594,0.019257,0.00255475,0.136504,-0.055565,0.427701,0.787612,0.812413,7408.3,103.6,187.4,337.3,100.0,1.0
866656,5423,158,7.710925,0.372943,0.053478,0.035564,0.018701,0.00214992,0.039604,-0.102978,0.339057,0.585263,0.815507,7227.7,114.0,192.5,516.8,100.0,1.0
866821,5424,165,11.649772,0.636379,-0.026403,0.01403,0.0,0.00203662,0.237001,-0.004661,0.685869,0.931569,0.780018,7602.2,98.4,152.1,576.1,100.0,1.0
866977,5425,156,12.111015,1.0,0.021855,0.022285,0.0,0.00209094,0.269557,-0.026756,0.732471,1.0,0.721626,7518.1,90.7,145.1,518.3,100.0,1.0
867133,5426,156,12.39342,0.485588,0.105072,0.018894,0.01224,0.00238451,0.237676,-0.080088,0.623251,0.997917,0.729447,7314.9,91.5,147.9,590.3,100.0,1.0
867297,5427,164,13.912754,1.0,0.069853,0.050502,0.0,0.00268041,0.244872,-0.016212,0.568442,1.0,0.781487,7558.2,93.3,214.4,330.9,99.89,1.0
867457,5428,160,11.005807,0.692417,-0.008785,0.0203,8.4e-05,0.00200374,0.220888,0.008105,0.615125,0.894531,0.782736,7650.9,101.0,137.9,562.0,100.0,1.0
867619,5429,162,12.35094,0.2,0.116763,0.006421,0.017681,0.00242458,0.2149,0.015589,0.749832,0.851184,0.817267,7679.4,103.7,195.4,642.2,100.0,1.0
867784,5430,165,12.816659,0.30921,0.066414,0.022553,0.0,0.00193898,0.310702,0.175935,0.684135,0.962702,0.781172,8290.3,105.6,135.3,529.8,100.0,1.0
867945,5431,161,15.199372,0.264403,0.024147,0.017891,0.036997,0.00209728,0.410233,0.439853,0.682176,1.0,0.809665,9295.8,115.6,182.8,591.9,100.0,1.0
868106,5432,161,12.400213,0.396512,0.09041,0.019162,0.0,0.00210466,0.271331,0.087103,0.690433,0.941129,0.78797,7951.9,102.4,146.6,674.2,100.0,1.0
868261,5433,155,13.309974,0.713215,0.013437,0.017382,0.0,0.00240332,0.282468,-0.021443,0.869773,1.0,0.735023,7538.3,91.4,158.8,418.3,100.0,1.0
868421,5434,160,12.59033,0.532414,0.087872,0.01218,2.5e-05,0.0020785,0.287052,0.196457,0.687168,0.884421,0.799859,8368.5,111.0,166.4,710.8,100.0,1.0
868577,5435,156,13.913498,0.2,0.025273,0.011699,0.100264,0.00235102,0.318016,0.101815,0.860185,1.0,0.768187,8007.9,96.6,152.8,501.9,100.0,1.0
868743,5436,166,13.189183,0.348005,0.024808,0.011684,0.0,0.00213388,0.294936,0.077474,0.716488,1.0,0.769147,7915.2,98.8,128.8,472.2,100.0,1.0
868898,5437,155,14.170816,1.0,-0.037886,0.020371,3.9e-05,0.00275297,0.270816,-0.009184,0.780796,1.0,0.770243,7585.0,92.0,210.2,345.4,100.0,1.0
869060,5438,162,10.577921,0.755294,-0.04306,0.023259,0.0,0.00195954,0.203264,-0.120192,0.666127,0.923075,0.721787,7162.1,93.1,116.7,793.7,100.0,1.0
869218,5439,158,10.594251,0.598667,0.036577,0.038372,5e-06,0.00213726,0.183833,0.055596,0.479202,0.788022,0.79677,7831.8,109.5,161.3,568.1,100.0,1.0
869374,5440,156,13.837546,0.633084,0.048653,0.027472,0.0001,0.00228892,0.324135,0.157244,0.715892,1.0,0.762448,8219.1,97.0,139.3,400.0,100.0,1.0
869533,5441,159,11.183114,0.515921,0.022837,0.022328,2e-05,0.00202371,0.228776,-0.186473,0.783572,1.0,0.671578,6909.5,86.2,113.1,642.0,100.0,1.0
869696,5442,163,12.837185,1.0,0.013727,0.037644,0.0,0.0022923,0.258347,-0.067441,0.729738,1.0,0.705114,7363.0,86.0,171.9,387.4,100.0,1.0
869864,5443,168,6.942602,0.339523,0.035727,0.017588,3.2e-05,0.00183381,0.03372,-0.195079,0.296919,0.659963,0.793404,6876.7,103.6,155.7,624.0,100.0,1.0
870030,5444,166,11.728007,0.2,-0.044646,0.0,4.2e-05,0.00223032,0.207161,-0.357278,0.980665,1.0,0.579292,6258.8,74.1,100.9,494.4,100.0,1.0
870180,5445,150,13.109966,0.542633,0.034337,0.013926,2.5e-05,0.0025032,0.270002,-0.075692,1.0,0.997192,0.762611,7331.6,91.8,200.3,675.0,100.0,1.0
870338,5446,158,12.457415,0.824712,0.052239,0.016459,0.0,0.00247044,0.22308,-0.227406,0.910017,1.0,0.691648,6753.6,83.8,175.4,442.8,100.0,1.0
870497,5447,159,12.754282,0.384277,0.02385,0.020858,0.0,0.00200443,0.309358,0.175623,0.759839,0.934564,0.775958,8289.1,107.1,126.6,673.3,100.0,1.0
870655,5448,158,13.565361,0.73094,0.039144,0.033248,0.0,0.00191222,0.365879,0.327674,0.629367,0.981957,0.777141,8868.4,111.9,128.6,511.5,100.0,1.0
870815,5449,160,14.70087,1.0,0.03547,0.027761,0.0,0.00256378,0.313768,0.199917,0.680317,0.980869,0.837693,8381.7,105.8,229.5,439.6,100.0,1.0
870973,5450,158,13.138617,0.541491,0.022923,0.004314,0.00015,0.00218829,0.301348,0.08029,0.859108,0.990673,0.796998,7925.9,99.5,167.1,450.6,100.0,1.0
871131,5451,158,13.021919,0.200826,0.06539,0.010697,0.016849,0.00225353,0.285331,0.160555,0.718754,0.915472,0.81577,8231.7,107.4,192.9,673.7,100.0,1.0
871291,5452,160,13.779017,0.45922,0.081793,0.013833,0.010217,0.00252159,0.275279,0.167035,0.706689,0.886998,0.821506,8256.4,109.4,202.5,453.2,100.0,1.0
871454,5453,163,12.098258,0.694719,-0.069787,0.025198,0.0,0.00221966,0.234185,-0.129012,0.724829,0.986663,0.692376,7128.5,89.7,107.4,402.5,100.0,1.0
871618,5454,164,14.963376,1.0,0.073997,0.014277,0.0,0.00245104,0.335208,0.323645,0.616419,0.923678,0.814986,8853.1,115.1,191.6,530.2,100.0,1.0
871782,5455,164,10.697647,0.2,0.047013,0.016483,7e-06,0.00179859,0.232072,-0.058844,0.698948,0.935799,0.723785,7395.8,95.5,92.0,728.0,100.0,1.0
871941,5456,159,12.758132,0.591918,-0.026681,0.00646,0.0,0.00229791,0.263189,-0.016044,0.764222,0.98334,0.758934,7558.9,95.3,153.3,539.9,100.0,1.0
872100,5457,159,12.084718,0.2,-0.017933,0.003566,0.1671,0.00195192,0.285042,0.149977,0.807468,0.879173,0.779533,8191.4,109.0,132.6,865.7,100.0,1.0
872258,5458,158,10.898347,0.972258,0.029331,0.023026,0.0,0.00203065,0.216104,-0.249029,0.813124,1.0,0.640243,6671.2,82.1,108.9,841.7,100.0,1.0
872418,5459,160,15.093555,0.226181,0.058553,0.014231,0.001316,0.00269637,0.312269,0.157281,0.721522,1.0,0.824656,8219.2,102.2,207.8,287.3,100.0,1.0
872577,5460,159,13.672893,0.86442,0.017214,0.015955,0.0,0.00254808,0.268621,-0.054512,0.862241,1.0,0.742619,7412.3,92.4,159.2,346.4,100.0,1.0
872746,5461,169,10.571525,0.2,0.093808,0.0,0.008202,0.00175995,0.223529,0.104092,0.448332,0.855115,0.785133,8016.6,108.0,141.9,812.9,100.0,1.0
872912,5462,166,13.040738,0.65348,0.062894,0.005465,0.0,0.00227925,0.264295,0.163147,0.615556,0.878522,0.809224,8241.6,109.7,182.0,465.2,100.0,1.0
873076,5463,164,12.694563,0.549704,0.007332,0.023956,0.0,0.00221804,0.261859,0.104149,0.805933,0.866158,0.791708,8016.8,107.4,152.8,548.8,100.0,1.0
873235,5464,159,6.649619,0.30246,-0.006694,0.0,0.015121,0.00240237,-0.054262,-0.477082,0.407192,0.620642,0.726137,5802.3,89.5,166.0,446.4,100.0,1.0
873397,5465,162,14.467126,0.358221,0.025914,0.020677,0.000127,0.00231092,0.338685,0.283867,0.634469,0.949691,0.782536,8701.5,111.6,137.6,565.6,100.0,1.0
873561,5466,164,14.518987,0.2,0.031299,0.01551,0.113269,0.00216176,0.361133,0.369769,0.640028,0.946451,0.817737,9028.8,116.0,196.2,635.4,100.0,1.0
873719,5467,158,10.453545,0.2,-0.006079,0.013184,7e-06,0.0015756,0.266336,0.048964,0.782461,0.913851,0.744478,7806.6,102.0,74.1,968.6,100.0,1.0
873881,5468,162,11.482283,0.449935,-0.046188,0.015299,0.0,0.00202491,0.237958,-0.225523,0.96124,1.0,0.646164,6760.8,84.3,93.6,722.4,100.0,1.0
874038,5469,157,13.995256,0.371293,0.020254,0.025542,7.1e-05,0.00236417,0.318729,0.122154,0.849317,1.0,0.794781,8085.4,99.3,166.2,486.3,100.0,1.0
874194,5470,156,12.457472,0.488674,-0.014297,0.01574,6.3e-05,0.00258445,0.210983,-0.168081,0.66931,0.990835,0.719559,6979.6,87.6,176.7,344.3,100.0,1.0
874351,5471,157,9.563491,0.522938,-0.062927,0.023026,4e-05,0.00255819,0.069888,-0.596706,0.998902,0.840177,0.576084,5346.5,72.6,112.7,410.5,100.0,1.0
874520,5472,169,12.013863,0.635497,0.007626,0.005266,0.0,0.00186924,0.276482,-0.037357,0.810973,1.0,0.707701,7477.7,93.3,90.7,805.7,100.0,1.0
874682,5473,162,12.974179,0.760787,0.02597,0.026553,0.0,0.00218607,0.285602,0.028366,0.882331,0.976069,0.770918,7728.1,97.8,144.2,607.1,100.0,1.0
874835,5474,153,7.025737,0.361484,-0.02964,0.017987,0.042962,0.00251417,-0.038228,-0.486692,0.51522,0.626134,0.692774,5765.7,88.6,120.5,527.0,100.0,1.0
874996,5475,161,10.949325,0.409836,-0.098987,0.019484,0.0,0.00207356,0.206123,-0.216894,0.912031,0.928434,0.670596,6793.6,88.1,90.2,794.0,100.0,1.0
875153,5476,157,15.615702,0.484175,0.004517,0.017024,5e-06,0.00282316,0.32694,0.100102,1.0,1.0,0.790478,8001.4,96.5,191.8,257.1,100.0,1.0
875320,5477,167,11.543945,0.337807,0.073215,0.023307,0.024144,0.00243316,0.163088,-0.03428,0.45728,0.828543,0.803159,7489.4,102.4,171.9,419.6,100.0,1.0
875483,5478,163,11.424963,0.789732,0.044377,0.008133,0.0,0.00183343,0.264733,-0.097787,0.851272,1.0,0.680842,7247.4,88.1,107.2,637.0,100.0,1.0
875649,5479,166,14.675057,0.926675,0.049852,0.023648,5.9e-05,0.00235589,0.332855,0.22377,0.663569,1.0,0.80911,8472.6,105.6,181.8,390.9,100.0,1.0
875804,5480,155,10.814577,0.2,0.06661,0.004117,0.029936,0.00220317,0.192027,-0.060044,0.483911,0.909619,0.768576,7391.2,96.8,152.1,455.4,100.0,1.0
875967,5481,163,14.103237,0.2,0.003274,0.0,0.044866,0.00236682,0.310014,0.124949,0.691466,1.0,0.764322,8096.1,99.7,110.9,532.6,100.0,1.0
876129,5482,162,13.395066,0.2,0.106695,0.018761,0.064799,0.00218798,0.306461,0.07033,0.882921,1.0,0.782232,7888.0,95.3,191.3,514.4,100.0,1.0
876288,5483,159,10.580338,0.2,0.052338,0.006157,0.091596,0.00238524,0.142803,-0.005978,0.525751,0.715551,0.790611,7597.2,110.7,151.0,541.0,100.0,1.0
876449,5484,161,11.95582,0.581323,0.015499,0.023167,0.0,0.0022718,0.224199,-0.309728,0.946373,1.0,0.560165,6439.9,72.6,86.3,377.3,100.0,1.0
876610,5485,161,9.030859,0.2,0.074263,0.005816,6e-06,0.00189777,0.140094,-0.162209,0.555237,0.828186,0.742608,7002.0,95.8,120.6,764.6,100.0,1.0
876770,5486,160,7.653836,1.0,-0.039767,0.018755,0.0,0.00214487,0.034502,-0.374818,0.676731,0.678438,0.69719,6191.9,92.2,86.0,722.8,100.0,1.0
876928,5487,158,5.703141,0.641872,-0.010737,0.012994,0.0,0.00202341,-0.038276,-0.364773,0.382962,0.586781,0.771376,6230.2,98.2,140.4,556.7,100.0,1.0
877082,5488,154,11.851153,0.470357,-0.035507,0.00081,0.0,0.00242009,0.212111,-0.325539,1.0,1.0,0.61975,6379.7,78.6,115.6,473.1,100.0,1.0
877243,5489,161,13.036473,0.901553,0.055963,0.013163,0.0,0.00225944,0.279559,0.201219,0.574632,0.889395,0.798097,8386.6,111.0,163.5,379.4,100.0,1.0
877409,5490,166,15.348358,1.0,-0.02834,0.024341,0.0,0.00276775,0.298031,0.076246,0.722118,1.0,0.754336,7910.5,90.3,204.1,332.6,100.0,1.0
877573,5491,164,13.234502,0.2,-0.086005,0.006503,0.142801,0.00262217,0.223209,-0.20354,0.830862,1.0,0.69319,6844.5,80.9,211.9,347.6,100.0,1.0
877735,5492,162,7.547719,0.644307,0.03359,0.028365,0.0,0.00219144,0.017566,-0.227632,0.275629,0.648397,0.786323,6752.7,102.4,143.9,592.4,100.0,1.0
877896,5493,161,9.106392,0.64372,-0.090505,0.029009,0.0,0.00205015,0.11945,-0.5742,1.0,0.940495,0.543767,5432.3,70.0,89.8,683.9,100.0,1.0
878064,5494,168,13.055968,0.2,0.028703,0.003973,0.120671,0.00257919,0.211214,-0.199057,0.85015,0.964542,0.708602,6861.6,87.3,162.3,516.1,100.0,1.0
878227,5495,163,12.884109,0.777762,0.0817,0.00862,0.0,0.00208794,0.295752,0.094141,0.635443,1.0,0.753711,7978.7,98.9,102.7,505.3,100.0,1.0
878388,5496,161,13.094162,0.212079,0.025153,0.036278,0.011479,0.00233835,0.27,-0.112553,0.952264,1.0,0.679167,7191.2,83.2,161.4,463.7,100.0,1.0
878544,5497,156,12.548192,0.2,0.057754,0.009276,0.13908,0.00225625,0.26758,0.042414,0.791888,0.953809,0.801433,7781.6,99.6,174.1,660.0,100.0,1.0
878701,5498,157,9.44687,1.0,-0.039633,0.015332,0.0,0.00185655,0.174967,-0.355144,0.75729,1.0,0.632308,6266.9,77.7,147.5,801.2,100.0,1.0
878861,5499,160,7.251155,1.0,0.067111,0.04856,0.0,0.00218922,0.007753,-0.434745,0.557755,0.699405,0.703266,5963.6,87.7,148.6,455.5,100.0,1.0
879025,5500,164,10.429623,0.506444,0.023728,0.017561,0.000155,0.0016722,0.240722,0.075059,0.649284,0.861406,0.759844,7906.0,106.2,99.7,769.5,100.0,1.0
879183,5501,158,14.216837,0.318223,0.015263,0.038852,0.0,0.00251418,0.304734,0.094741,0.836815,1.0,0.810535,7981.0,98.4,202.9,429.7,100.0,1.0
879336,5502,153,13.16029,0.45894,0.080038,0.015998,0.0,0.00249196,0.268601,0.032334,0.939503,0.94212,0.832041,7743.2,99.7,223.9,426.1,100.0,1.0
879495,5503,159,11.495516,0.2,0.078066,0.021305,0.000263,0.00203512,0.244115,-0.025009,0.851613,0.91499,0.762696,7524.7,98.2,125.1,607.4,100.0,1.0
879658,5504,163,12.166509,0.599594,-0.084902,0.017757,0.0,0.00211161,0.256655,-0.191887,1.0,1.0,0.630925,6888.9,83.1,81.5,645.0,100.0,1.0
879820,5505,162,9.873415,0.254766,0.068218,0.019872,0.012859,0.00186806,0.184979,-0.016821,0.568856,0.813355,0.753469,7555.9,104.2,89.1,596.5,100.0,1.0
879984,5506,164,8.375764,0.440236,0.010875,0.00914,4e-06,0.002137,0.063171,-0.397422,0.753944,0.742723,0.665394,6105.8,87.6,87.1,754.7,100.0,1.0
880146,5507,162,12.578078,0.470101,-0.015714,0.015885,0.000176,0.00205474,0.288325,0.185256,0.670667,0.894783,0.783776,8325.8,109.9,139.6,1054.7,100.0,1.0
880310,5508,164,11.052231,0.464997,0.044859,0.03717,0.0,0.00166143,0.273362,0.224785,0.643787,0.807742,0.762005,8476.4,117.2,103.3,638.8,100.0,1.0
880463,5509,153,10.028778,0.807868,0.012065,0.018758,0.0,0.00198681,0.191303,-0.003063,0.714896,0.792451,0.78236,7608.3,106.1,137.3,642.8,100.0,1.0
880623,5510,160,17.628388,1.0,0.050631,0.026238,0.000278,0.00277183,0.427188,0.446517,0.904776,1.0,0.847852,9321.2,110.4,246.4,174.3,100.0,1.0
880777,5511,154,15.274323,1.0,0.044237,0.02841,0.0,0.00265223,0.346068,0.230859,0.843016,1.0,0.845168,8499.6,102.9,241.9,273.6,100.0,1.0
880934,5512,157,11.84325,0.2,-0.038089,0.011431,0.015087,0.00181009,0.300878,0.196675,0.772799,0.886601,0.777744,8369.3,110.9,129.6,821.1,100.0,1.0
881091,5513,157,9.219998,0.2,0.039994,0.001847,0.099567,0.0019278,0.152806,-0.044554,0.579003,0.754984,0.768727,7450.3,106.1,114.5,596.1,100.0,1.0
881251,5514,160,11.632843,1.0,-0.011603,0.024972,0.0,0.00257063,0.163384,-0.15136,0.744988,0.851994,0.781682,7043.3,95.1,193.6,446.8,100.0,1.0
881413,5515,162,12.092427,0.709357,-0.062147,0.018973,8e-06,0.00253721,0.186425,-0.364254,0.976865,0.98835,0.648474,6232.2,78.4,166.6,459.7,100.0,1.0
881571,5516,158,11.108155,1.0,-0.007406,0.033652,0.0,0.00240872,0.1683,-0.141982,0.807958,0.836429,0.777764,7079.0,96.4,172.0,501.4,100.0,1.0
881730,5517,159,11.590072,0.651144,0.040682,0.029904,9e-06,0.00196267,0.260649,0.200965,0.547119,0.829862,0.774262,8385.7,114.6,123.8,642.8,100.0,1.0
881891,5518,161,14.956913,1.0,-0.031159,0.038125,0.0,0.00278836,0.290221,0.146638,0.797899,0.934389,0.839641,8178.7,105.7,232.7,613.6,100.0,1.0
882045,5519,154,13.308429,0.468763,0.059867,0.012588,0.0,0.0024622,0.278593,0.182947,0.752197,0.86971,0.825283,8317.0,111.2,208.8,412.6,100.0,1.0
882208,5520,163,11.425702,0.2,-0.063341,0.026754,0.019163,0.00190184,0.254753,0.002376,0.803082,0.926953,0.754101,7629.1,99.0,102.1,701.5,100.0,1.0
882372,5521,164,7.504905,0.337848,0.035646,0.023831,2e-05,0.00197519,0.047025,-0.106919,0.211196,0.629447,0.784894,7212.6,110.7,141.5,512.3,100.0,1.0
882541,5522,169,8.898274,1.0,0.027079,0.032334,0.0,0.00178488,0.138173,-0.1261,0.558103,0.794089,0.757168,7139.6,99.5,101.3,763.9,100.0,1.0
882704,5523,163,8.886359,0.614355,0.034665,0.02513,0.0,0.00175285,0.153503,-0.114861,0.545119,0.830051,0.75663,7182.4,98.1,116.3,778.8,100.0,1.0
882871,5524,167,13.740373,1.0,0.050051,0.020025,0.0,0.00222453,0.307641,0.170514,0.690595,0.970252,0.803432,8269.7,104.9,172.4,492.2,100.0,1.0
883031,5525,160,10.248146,1.0,0.003073,0.010677,0.0,0.00214419,0.163471,-0.266536,0.688602,0.931659,0.690909,6604.5,85.5,154.3,484.6,100.0,1.0
883192,5526,161,13.253776,0.632952,0.020629,0.005918,0.0,0.00247433,0.256772,-0.044884,0.820005,0.987222,0.775235,7449.0,93.7,198.8,644.1,100.0,1.0
883359,5527,167,12.346917,0.284894,0.085681,0.013769,0.0,0.00203969,0.269723,0.152562,0.558222,0.913381,0.795896,8201.3,107.2,159.8,436.4,100.0,1.0
883522,5528,163,14.078669,1.0,0.060719,0.025377,0.000149,0.00237246,0.30927,0.321112,0.586099,0.870647,0.832277,8843.4,118.2,220.5,627.1,100.0,1.0
883681,5529,159,14.127916,0.2,0.030311,0.013869,0.130299,0.00242045,0.313612,0.121861,0.740751,1.0,0.765574,8084.3,96.4,151.7,445.4,100.0,1.0
883838,5530,157,13.244115,0.2,0.063554,0.010694,6e-05,0.00202583,0.336755,0.32689,0.627258,0.914454,0.802206,8865.4,115.8,170.3,537.1,100.0,1.0
883995,5531,157,12.901718,0.943239,0.02723,0.023284,0.0,0.00236691,0.266306,-0.064837,0.849646,1.0,0.729828,7373.0,91.1,153.5,447.7,100.0,1.0
884152,5532,157,15.633223,1.0,-0.013525,0.019583,0.000138,0.00264382,0.357962,0.292677,0.711412,1.0,0.82808,8735.1,107.8,213.5,374.6,100.0,1.0
884309,5533,157,15.143859,1.0,0.069189,0.023364,0.0,0.00298016,0.28107,0.129885,0.617242,0.964533,0.8185,8114.9,103.3,197.5,237.6,100.0,1.0
884466,5534,157,11.606311,0.2,0.024854,0.01648,0.0,0.00280263,0.13407,-0.239562,0.492659,0.905778,0.74186,6707.3,88.0,209.9,298.0,100.0,1.0
884628,5535,162,10.338277,0.2,-0.025492,0.008662,0.11163,0.00209029,0.172788,-0.160204,0.635379,0.885771,0.723491,7009.6,92.9,121.7,1106.5,100.0,1.0
884784,5536,156,12.375267,0.2,0.048374,0.005801,0.03212,0.00219129,0.270353,-0.082994,1.0,0.990972,0.737195,7303.8,91.7,158.7,604.3,100.0,1.0
884947,5537,163,11.531606,0.636894,0.05572,0.018196,0.0,0.00212791,0.223624,0.09317,0.578151,0.816831,0.76346,7975.0,109.7,105.8,505.3,100.0,1.0
885112,5538,165,11.772437,0.2,0.017011,0.028727,2.3e-05,0.00190484,0.268096,0.06886,0.68914,0.943844,0.776319,7882.4,101.4,127.2,810.4,100.0,1.0
885275,5539,163,6.303336,0.690362,-0.015254,0.016728,0.0,0.00256287,-0.105921,-0.398851,0.127691,0.520893,0.807023,6100.4,100.3,178.4,303.5,100.0,1.0
885435,5540,160,10.123932,0.838504,0.08513,0.028162,0.0,0.00230755,0.13166,-0.004792,0.365576,0.724031,0.783156,7601.7,110.2,138.6,426.0,100.0,1.0
885597,5541,162,8.510954,0.923364,0.023232,0.021538,0.0,0.0022578,0.05531,-0.051284,0.140319,0.622218,0.792745,7424.6,114.4,154.6,550.2,100.0,1.0
885755,5542,158,14.246037,0.738894,0.054462,0.020196,0.0,0.00223245,0.352116,0.286082,0.853572,0.934426,0.802092,8710.0,112.6,170.2,602.4,100.0,1.0
885920,5543,165,8.3433,0.26068,0.012862,0.001486,0.025006,0.0023091,0.031806,-0.167238,0.373714,0.61441,0.810381,6982.8,108.1,184.0,366.9,100.0,1.0
886080,5544,160,11.586439,0.320287,-0.093485,0.01545,0.024115,0.00260804,0.156008,-0.317113,0.858068,0.908993,0.684782,6411.8,84.0,161.7,407.5,100.0,1.0
886242,5545,162,12.796142,0.878621,0.073027,0.01493,0.0,0.00206187,0.299171,0.248857,0.707356,0.855311,0.790113,8568.1,115.5,150.2,519.1,100.0,1.0
886405,5546,163,13.536794,0.666345,0.048247,0.002139,0.0,0.00216654,0.31671,0.147125,0.67418,1.0,0.761007,8180.5,95.5,154.1,407.4,100.0,1.0
886562,5547,157,12.657182,0.645273,0.042582,0.02326,0.0,0.00230532,0.264427,0.025068,0.769764,0.965183,0.795686,7715.5,98.2,181.0,599.4,100.0,1.0
886723,5548,161,13.26256,1.0,-0.034499,0.012061,0.0,0.00261636,0.235146,-0.253429,0.959935,1.0,0.610737,6654.4,78.3,104.5,507.6,100.0,1.0
886883,5549,160,10.963359,0.666282,0.042197,0.015436,2.3e-05,0.00264898,0.118806,-0.299808,0.546169,0.890542,0.712841,6477.7,85.7,188.7,300.2,100.0,1.0
887044,5550,161,12.537037,0.567934,-0.072194,0.022249,0.0,0.00226953,0.255207,-0.091754,0.783853,1.0,0.705322,7270.4,88.1,147.9,718.2,100.0,1.0
887203,5551,159,11.885709,0.272314,0.029745,0.019352,2.5e-05,0.00188099,0.289309,0.005094,0.866249,0.98705,0.722829,7639.4,96.1,83.4,589.5,100.0,1.0
887361,5552,158,12.919562,0.464305,0.055653,0.017533,1.8e-05,0.00258852,0.230605,-0.161019,1.0,0.959093,0.743604,7006.5,89.4,196.2,443.6,100.0,1.0
887520,5553,159,14.42424,0.2,-0.025156,0.034813,0.006944,0.00251082,0.31494,0.139554,0.784299,1.0,0.811668,8151.7,101.4,186.1,453.4,100.0,1.0
887679,5554,159,13.20603,0.664076,0.032538,0.034629,0.0,0.00246818,0.26146,-0.156195,1.0,1.0,0.669358,7024.9,85.6,117.0,457.7,100.0,1.0
887841,5555,162,8.635639,0.707656,0.076809,0.0,0.0,0.00216848,0.076322,-0.266761,0.410034,0.781403,0.72403,6603.6,92.7,125.5,616.6,100.0,1.0
887998,5556,157,11.513315,0.592209,-0.028715,0.024457,0.0,0.00204693,0.248756,-0.201559,1.0,1.0,0.653494,6852.1,83.6,113.5,604.9,100.0,1.0
888159,5557,161,13.375567,0.353187,0.03157,0.011852,0.0,0.00239247,0.277186,-0.088614,1.0,1.0,0.708997,7282.4,86.3,175.0,352.6,100.0,1.0
888319,5558,160,11.532926,0.740514,0.023887,0.0018,0.004886,0.00260336,0.154635,-0.002156,0.580623,0.758453,0.840654,7611.8,108.2,234.4,472.5,100.0,1.0
888475,5559,156,12.034601,0.670002,-0.086144,0.038104,0.000233,0.00206511,0.273904,-0.131748,1.0,1.0,0.649923,7118.0,83.9,103.9,519.7,100.0,1.0
888642,5560,167,13.737513,0.2,-0.063807,0.016457,0.053198,0.00239552,0.280388,-0.000973,0.831135,1.0,0.761922,7616.3,94.9,163.0,470.6,100.0,1.0
888800,5561,158,7.812638,0.971065,0.020744,0.040354,0.0,0.00223169,0.034388,-0.411394,0.589724,0.733298,0.686254,6052.6,87.3,125.3,596.2,100.0,1.0
888959,5562,159,10.675773,0.52722,0.084141,0.037238,0.0,0.00191669,0.224076,-0.058584,0.624325,0.949913,0.751609,7396.8,94.8,146.3,731.6,100.0,1.0
889118,5563,159,13.024351,0.431196,0.044341,0.025285,1e-06,0.00224858,0.287664,0.023792,0.79206,1.0,0.749347,7710.6,95.6,134.1,592.1,100.0,1.0
889280,5564,162,13.838917,0.2,0.009366,0.002296,0.0,0.00250841,0.279233,0.044692,0.771729,0.986069,0.793532,7790.3,98.1,178.5,366.4,100.0,1.0
889438,5565,158,11.518395,1.0,0.071444,0.011674,0.0,0.00201888,0.251676,-0.001659,0.627337,0.968562,0.747367,7613.7,96.7,117.6,574.9,100.0,1.0
889600,5566,162,5.452582,1.0,-0.254063,0.015379,0.0,0.00254429,-0.142043,-0.545184,0.203928,0.500926,0.734724,5542.8,92.3,147.4,504.5,100.0,1.0
889762,5567,162,15.897713,0.775093,0.042021,0.011553,1e-05,0.00274028,0.343803,0.219694,0.834407,1.0,0.832651,8457.0,102.5,221.1,310.6,100.0,1.0
889923,5568,161,11.86988,0.729324,0.055682,0.001976,0.0,0.00240937,0.200307,-0.069323,0.639055,0.900849,0.773164,7355.9,96.7,159.9,610.0,100.0,1.0
890082,5569,159,7.949113,1.0,0.009275,0.026636,0.0,0.00225388,0.03557,-0.331501,0.570856,0.698907,0.750537,6357.0,93.5,159.5,422.0,100.0,1.0
890246,5570,164,12.33814,0.489367,0.070999,0.011586,2.2e-05,0.00198081,0.286594,0.182371,0.550971,0.937154,0.801685,8314.8,107.3,169.5,634.3,100.0,1.0
890405,5571,159,12.372451,0.2,0.061658,0.029909,0.072707,0.00201926,0.292088,-0.023704,0.885751,1.0,0.690954,7529.7,89.3,110.0,681.1,100.0,1.0
890568,5572,163,12.097714,1.0,-0.038476,0.009194,0.0,0.00234033,0.218073,-0.188484,0.906591,0.949643,0.694957,6901.9,88.5,125.7,435.6,100.0,1.0
890724,5573,156,15.101678,1.0,0.029166,0.023851,4e-06,0.00266894,0.332129,0.161396,0.902303,1.0,0.822953,8234.9,98.2,225.9,529.8,100.0,1.0
890890,5574,166,13.296159,0.425452,0.011301,0.005196,0.0,0.00202713,0.322546,0.245562,0.599879,0.956993,0.791682,8555.6,109.3,152.8,584.5,100.0,1.0
891053,5575,163,8.676177,0.471534,-0.081186,0.032934,0.0,0.00192314,0.11658,-0.476986,0.902968,0.888226,0.588253,5802.7,76.8,84.1,895.5,100.0,1.0
891210,5576,157,11.893508,0.2,0.028607,0.025148,1.1e-05,0.00194449,0.284243,0.028169,0.773226,1.0,0.764696,7727.3,95.2,163.4,813.5,100.0,1.0
891372,5577,162,11.51532,0.31828,0.000937,0.013064,0.0,0.00203603,0.240953,-0.211177,0.955192,1.0,0.653269,6815.4,84.0,108.5,595.7,100.0,1.0
891530,5578,158,14.225505,0.915883,0.118018,0.0,0.0,0.00241983,0.322824,0.144546,0.782261,1.0,0.779968,8170.7,100.1,133.3,417.2,100.0,1.0
891689,5579,159,13.801023,0.401775,0.028519,0.019406,0.0,0.00234141,0.311874,0.085873,0.861369,1.0,0.771593,7947.2,96.0,166.1,411.3,100.0,1.0
891853,5580,164,11.191084,0.2,-0.025608,0.009092,0.021412,0.00238275,0.164039,-0.494821,1.0,0.997776,0.559973,5734.7,71.8,96.0,775.7,100.0,1.0
892015,5581,162,12.096474,0.7199,0.029656,0.008986,0.0,0.00225176,0.234965,-0.008736,0.736957,0.917721,0.784378,7586.7,98.9,153.4,533.8,100.0,1.0
892174,5582,159,9.751675,0.2,-0.000128,0.0,0.017461,0.00198364,0.168113,-0.122648,0.619739,0.857946,0.756075,7152.7,96.2,137.3,644.6,100.0,1.0
892330,5583,156,11.406022,0.741713,-0.010432,0.037583,0.0,0.0028132,0.126698,-0.150054,0.762313,0.757204,0.810182,7048.3,100.3,183.6,318.1,100.0,1.0
892489,5584,159,15.344453,1.0,0.013168,0.001457,0.0,0.002849,0.307959,0.05998,0.982829,1.0,0.806585,7848.5,97.2,210.0,249.1,100.0,1.0
892652,5585,163,11.099958,0.891696,0.013294,0.020114,0.0,0.00189756,0.241199,-0.082198,0.725651,0.969088,0.708888,7306.8,92.8,99.2,687.6,100.0,1.0
892811,5586,159,12.625327,0.43292,0.003491,0.012759,4e-06,0.00218635,0.278532,0.190208,0.791553,0.850242,0.823906,8344.7,112.8,206.5,711.4,100.0,1.0
892971,5587,160,14.49054,0.229594,0.044629,0.020369,0.0,0.00213866,0.376525,0.312061,0.829863,0.98961,0.810228,8809.0,110.7,183.7,1248.4,100.0,1.0
893124,5588,153,9.806173,1.0,-0.094935,0.027807,0.0,0.00275316,0.06516,-0.467573,0.855223,0.796433,0.677319,5838.5,81.3,180.9,427.1,100.0,1.0
893283,5589,159,9.033656,0.577448,-0.048558,0.014763,0.1608,0.0025406,0.044162,-0.201938,0.572585,0.642676,0.836776,6850.6,104.3,228.0,734.1,100.0,1.0
893445,5590,162,12.269499,0.2,-0.066991,0.005343,0.020765,0.00223316,0.246915,-0.027822,0.659141,0.981385,0.763731,7514.0,94.8,166.8,442.9,100.0,1.0
893598,5591,153,5.115718,0.2,-0.054672,0.000225,0.0,0.00212062,-0.070658,-0.475998,0.339571,0.58422,0.712462,5806.4,91.6,118.4,588.8,100.0,1.0
893756,5592,158,14.293381,0.533588,-0.054485,0.017892,0.0,0.00253428,0.308743,0.055127,0.865927,1.0,0.735719,7830.0,90.8,167.4,386.0,100.0,1.0
893915,5593,159,11.981728,0.90357,0.009056,0.013657,0.0,0.00245521,0.204129,-0.057794,0.693224,0.885764,0.774915,7399.8,98.1,147.0,389.9,100.0,1.0
894071,5594,156,11.411003,0.283828,-0.138996,0.005122,9e-06,0.00237063,0.196403,-0.404895,1.0,1.0,0.55942,6077.3,71.6,97.3,510.1,100.0,1.0
894225,5595,154,10.764235,1.0,0.03281,0.032053,0.0,0.00276089,0.108988,-0.15785,0.624636,0.761255,0.823336,7018.6,99.6,209.9,302.1,100.0,1.0
894385,5596,160,11.496581,1.0,0.043802,0.022109,0.0,0.00162216,0.31099,0.249689,0.631062,0.890397,0.755734,8571.3,113.4,92.9,944.8,100.0,1.0
894541,5597,156,14.138725,0.477439,0.040185,0.033704,6e-06,0.0024636,0.317362,0.167887,0.677731,1.0,0.79586,8259.6,102.4,159.8,452.6,100.0,1.0
894701,5598,160,13.045534,0.349836,-0.012519,0.0,0.000221,0.00232971,0.274724,-0.064589,0.884352,1.0,0.705523,7373.9,89.4,133.3,637.6,100.0,1.0
894864,5599,163,11.630198,0.2,0.073871,0.007875,0.038245,0.00200551,0.250354,0.068596,0.647588,0.893798,0.756215,7881.4,104.0,93.7,732.7,100.0,1.0
895023,5600,159,11.7653,0.471538,-0.016102,0.023588,1.2e-05,0.00227415,0.222385,0.081881,0.603023,0.847644,0.816254,7932.0,107.3,193.8,648.7,100.0,1.0
895185,5601,162,9.675305,0.439239,-0.0343,0.011008,0.0,0.00230529,0.106803,-0.452365,0.833688,0.865944,0.606594,5896.5,79.0,89.3,602.5,100.0,1.0
895342,5602,157,12.410221,1.0,0.030485,0.019096,0.0,0.00214978,0.278522,0.02547,0.8212,0.979771,0.777164,7717.0,97.4,158.4,439.6,100.0,1.0
895503,5603,161,10.294306,0.278095,0.011633,0.014755,0.0,0.00217328,0.161121,-0.278034,0.756746,0.897494,0.656821,6560.7,86.4,86.2,418.2,100.0,1.0
895659,5604,156,10.241957,0.456413,0.105557,0.004814,0.0,0.00190144,0.211803,0.000736,0.509496,0.894015,0.761546,7622.8,100.6,102.6,609.1,100.0,1.0
895823,5605,164,13.698192,1.0,0.000738,0.031269,0.0,0.00218753,0.321249,0.13636,0.767767,1.0,0.766268,8139.5,99.4,117.8,526.3,100.0,1.0
895973,5606,150,12.416515,0.2,0.029617,0.00398,7.3e-05,0.00211872,0.298588,0.063086,0.775427,1.0,0.755173,7860.4,95.0,150.7,498.8,100.0,1.0
896133,5607,160,14.263697,1.0,-0.013549,0.031149,0.0,0.0025558,0.299215,-0.025985,1.0,1.0,0.708453,7521.0,87.6,158.3,439.6,100.0,1.0
896294,5608,161,13.084078,0.2,0.066928,0.014435,0.047261,0.00212797,0.307019,0.101183,0.779189,0.99805,0.778157,8005.5,100.2,130.3,549.2,100.0,1.0
896456,5609,162,14.393868,0.2,0.048094,0.006959,0.103574,0.0024222,0.322299,0.234338,0.746422,0.935816,0.809484,8512.8,109.9,182.5,339.5,100.0,1.0
896613,5610,157,14.422424,0.801813,0.075583,0.016664,0.0,0.00263065,0.303188,0.072773,0.873265,1.0,0.798047,7897.3,96.4,205.6,410.7,100.0,1.0
896775,5611,162,14.153143,0.2,-0.051521,0.020842,0.0,0.00229911,0.330446,0.136751,0.899785,0.991188,0.771554,8141.0,102.2,119.3,479.2,100.0,1.0
896936,5612,161,12.600817,0.2,0.076735,0.015856,0.172417,0.00267355,0.19542,0.038827,0.579944,0.812216,0.802199,7767.9,107.2,170.3,490.3,100.0,1.0
897089,5613,153,11.942229,0.2,-0.025782,0.013835,0.054755,0.00227203,0.245599,-0.213614,1.0,1.0,0.648179,6806.1,82.5,117.5,600.1,100.0,1.0
897244,5614,155,13.551499,0.385491,0.07128,0.02247,0.000257,0.00219465,0.333027,0.274256,0.68033,0.926442,0.776248,8664.9,112.4,127.1,481.2,100.0,1.0
897402,5615,158,15.748352,1.0,-0.025808,0.019303,0.0,0.00275373,0.347302,0.13158,1.0,1.0,0.743753,8121.3,88.9,203.0,193.1,100.0,1.0
897569,5616,167,9.665352,0.391252,0.035308,0.013409,0.0,0.00182112,0.176083,-0.051071,0.449476,0.870459,0.778251,7425.4,99.2,139.2,612.6,100.0,1.0
897730,5617,161,11.133284,0.710856,-0.000202,0.032393,0.0,0.00187721,0.250899,0.096274,0.562946,0.904411,0.778178,7986.8,104.8,130.3,588.8,100.0,1.0
897894,5618,164,12.424475,0.2,0.047061,0.013225,0.0,0.00197513,0.293365,0.023511,0.769196,1.0,0.708919,7709.6,88.1,154.1,784.2,100.0,1.0
898054,5619,160,13.831044,0.448645,-0.00782,0.033027,9.6e-05,0.00215341,0.342645,0.227745,0.766425,0.987789,0.797172,8487.7,106.7,162.0,425.5,100.0,1.0
898217,5620,163,12.323442,0.2,-0.02632,0.011182,0.0,0.00197376,0.290575,0.1208,0.675096,0.965236,0.785235,8080.2,102.8,142.1,470.8,100.0,1.0
898377,5621,160,10.671496,0.763574,-0.056556,0.011389,0.0,0.00185552,0.233339,-0.191915,0.842054,0.998205,0.665338,6888.8,86.2,103.4,794.4,100.0,1.0
898537,5622,160,13.125361,1.0,0.11905,0.024337,0.0,0.00216517,0.305717,0.137674,0.631782,1.0,0.778236,8144.5,99.7,133.6,513.4,100.0,1.0
898701,5623,164,8.80146,0.2,0.02269,0.018492,0.067169,0.00188615,0.127977,-0.34525,0.738744,0.86417,0.637598,6304.6,84.5,76.2,738.3,100.0,1.0
898863,5624,162,14.629,0.7158,0.082763,0.020543,0.0,0.00240736,0.336881,0.239895,0.648811,1.0,0.809817,8534.0,105.4,183.0,569.1,100.0,1.0
899017,5625,154,13.267327,0.2,0.102616,0.008283,0.060885,0.0021842,0.322896,0.232343,0.679504,0.965759,0.821952,8505.2,108.2,203.3,688.6,100.0,1.0
899175,5626,158,7.6116,0.803516,0.025054,0.034754,0.0,0.00177157,0.098325,0.081128,0.233094,0.592594,0.803937,7929.1,124.5,173.2,527.1,100.0,1.0
899334,5627,159,9.291138,1.0,0.041549,0.015168,0.0,0.00255584,0.05531,-0.125596,0.451018,0.62648,0.825506,7141.5,109.8,209.2,451.1,100.0,1.0
899491,5628,157,9.432038,0.2,0.044867,0.016656,0.198793,0.00219876,0.123507,-0.242015,0.537492,0.847955,0.711608,6697.9,90.6,128.9,659.9,100.0,1.0
899652,5629,161,14.497421,0.601639,0.081879,0.01346,0.0,0.00237744,0.3377,0.231802,0.692839,1.0,0.813573,8503.2,105.4,189.3,464.7,100.0,1.0
899807,5630,155,12.715645,1.0,0.088433,0.034789,0.0,0.00242366,0.256288,0.134684,0.507237,0.920058,0.817978,8133.1,105.9,196.6,327.2,100.0,1.0
899965,5631,158,15.187404,1.0,0.022804,0.028196,0.0,0.00274432,0.321262,0.284564,0.811171,0.88964,0.854131,8704.2,115.2,256.9,442.7,100.0,1.0
900126,5632,161,8.936995,1.0,0.088257,0.005296,0.0,0.00241875,0.054815,-0.352732,0.5575,0.761529,0.720072,6276.1,89.1,160.9,338.5,100.0,1.0
900286,5633,160,11.714523,0.2,0.019211,0.003178,0.052451,0.00246145,0.188499,-0.154686,0.685742,0.90521,0.713793,7030.6,92.3,113.3,525.0,100.0,1.0
900441,5634,155,12.173838,0.545875,0.067859,0.00776,0.0,0.00224389,0.257406,-0.06305,0.837662,0.993906,0.760797,7379.8,92.5,188.5,584.2,100.0,1.0
900598,5635,157,14.03082,1.0,0.029698,0.021013,0.0,0.00235895,0.32721,0.108822,0.922985,1.0,0.765882,8034.6,94.9,169.3,408.7,100.0,1.0
900763,5636,165,13.260554,0.501903,0.016277,0.028493,3e-06,0.00185952,0.352467,0.27516,0.651769,0.994083,0.784726,8668.4,108.7,141.2,538.0,100.0,1.0
900922,5637,159,12.265917,0.2,0.02143,0.021007,0.0,0.00205006,0.283881,0.144213,0.606335,0.936605,0.775196,8169.5,105.5,125.3,563.9,100.0,1.0
901084,5638,162,11.722555,0.5522,-0.014371,0.035529,0.0,0.00195993,0.265315,0.034283,0.835969,0.920494,0.762271,7750.6,100.9,103.8,716.3,100.0,1.0
901244,5639,160,12.917398,0.2,0.039938,0.008641,0.010448,0.00200305,0.321751,0.171981,0.66999,1.0,0.777208,8275.2,101.8,128.7,489.7,100.0,1.0
901401,5640,157,13.122787,0.457232,0.079229,0.021028,0.0,0.00193753,0.348267,0.413807,0.622911,0.849906,0.781621,9196.6,124.3,136.0,644.7,100.0,1.0
901566,5641,165,11.890513,0.50347,0.023797,0.014878,4.7e-05,0.00197805,0.264826,0.212408,0.648728,0.807691,0.785408,8429.3,116.6,142.3,783.8,100.0,1.0
901725,5642,159,12.099515,0.664788,0.007057,0.012237,0.0,0.00236328,0.225861,-0.135495,0.839751,0.950755,0.717276,7103.8,91.0,133.3,860.9,100.0,1.0
901881,5643,156,11.639831,0.2,-0.022027,0.012078,0.008624,0.00210806,0.249938,0.080508,0.704387,0.881672,0.78632,7926.7,105.3,143.9,569.1,100.0,1.0
902037,5644,156,12.916808,0.750631,0.040514,0.009999,0.0,0.00214972,0.306953,0.184218,0.76596,0.933077,0.80348,8321.9,107.6,172.5,405.0,100.0,1.0
902193,5645,156,13.003905,0.430514,0.033288,0.023772,7e-06,0.00240113,0.272093,0.060613,0.708602,0.974157,0.804684,7850.9,99.4,181.2,314.0,100.0,1.0
902358,5646,165,15.06331,0.586107,-0.077542,0.019041,0.0,0.00257106,0.324941,0.134766,0.865947,1.0,0.79411,8133.5,98.2,178.2,399.9,100.0,1.0
902522,5647,164,11.539168,0.2,0.118367,0.017424,0.025738,0.0018913,0.263762,0.139579,0.640437,0.866613,0.762243,8151.8,109.2,103.7,733.6,100.0,1.0
902678,5648,156,11.090122,0.428412,0.030339,0.02644,4e-06,0.0020886,0.225779,-0.033466,0.694467,0.906743,0.746571,7492.5,98.2,98.2,514.5,100.0,1.0
902836,5649,158,11.609661,0.660287,0.094146,0.008515,0.0,0.00228511,0.216411,-0.024917,0.739954,0.890822,0.803255,7525.1,99.5,178.0,369.2,100.0,1.0
903001,5650,165,10.763839,0.332515,0.119684,0.024627,0.0,0.00189432,0.222836,-0.115151,0.704628,0.963964,0.723558,7181.3,91.4,139.4,870.6,100.0,1.0
903160,5651,159,10.2982,0.2,0.013278,0.0,0.055179,0.00177408,0.230157,0.047759,0.706186,0.846587,0.767414,7802.0,105.6,112.4,870.0,100.0,1.0
903316,5652,156,14.850224,0.779073,0.026949,0.018605,0.0,0.002699,0.317646,0.169898,0.731829,1.0,0.825006,8267.3,99.0,219.7,436.7,100.0,1.0
903474,5653,158,9.893013,0.493967,-0.025595,0.027111,0.0,0.0018019,0.207434,-0.006149,0.610669,0.864182,0.769725,7596.6,101.9,116.2,920.3,100.0,1.0
903629,5654,155,11.339236,0.261678,0.034673,0.025805,1.2e-05,0.001804,0.284445,0.132244,0.650416,0.938347,0.776517,8123.8,104.8,127.5,688.5,100.0,1.0
903793,5655,164,13.447641,0.2,0.094198,0.021285,0.09939,0.00229082,0.293269,0.049777,0.890966,0.970439,0.764514,7809.7,99.1,118.2,564.6,100.0,1.0
903955,5656,162,9.708952,0.651047,-0.043653,0.027627,0.0,0.0017113,0.205759,0.098376,0.564237,0.762346,0.759587,7994.8,113.4,99.3,989.2,100.0,1.0
904115,5657,160,11.161454,0.84265,0.075665,0.022983,0.0,0.00242452,0.167324,-0.016783,0.455963,0.825341,0.806338,7556.1,103.5,177.2,521.0,100.0,1.0
904271,5658,156,10.663827,0.28724,0.033,0.0,0.038104,0.00274087,0.102947,-0.255084,0.536511,0.827531,0.755301,6648.1,90.9,197.8,396.9,100.0,1.0
904428,5659,157,8.673593,1.0,-0.088388,0.026738,0.0,0.00258536,0.025646,-0.194242,0.229457,0.654829,0.792525,6879.9,103.9,154.2,257.4,100.0,1.0
904589,5660,161,4.672237,0.2,0.007342,0.02003,0.08876,0.00172352,-0.04501,-0.485673,0.396365,0.625682,0.668251,5769.6,88.7,78.6,778.6,100.0,1.0
904750,5661,161,14.190748,0.2,0.118639,0.008653,0.074089,0.00226985,0.340643,0.213978,0.764821,1.0,0.803656,8435.3,104.3,172.8,537.2,100.0,1.0
904907,5662,157,11.775624,1.0,-0.009665,0.018176,2.4e-05,0.00267189,0.166473,-0.183967,0.538448,0.919713,0.724414,6919.1,90.1,156.1,259.2,100.0,1.0
905067,5663,160,12.622059,0.409354,0.031,0.017086,0.0,0.00220286,0.27567,0.090089,0.796167,0.921764,0.790476,7963.2,103.6,150.8,672.6,100.0,1.0
905224,5664,157,14.057512,0.2,0.056812,0.016761,0.12776,0.00233309,0.333302,0.19597,0.773983,1.0,0.813429,8366.6,101.0,189.0,453.1,100.0,1.0
905380,5665,156,10.549656,0.862981,0.049612,0.007942,0.0,0.00212492,0.193551,-0.374424,0.959752,0.999196,0.605471,6193.4,77.4,105.5,711.2,100.0,1.0
905542,5666,162,10.408638,0.219507,0.016756,0.033306,1.8e-05,0.00203422,0.188474,-0.415089,1.0,0.990426,0.564469,6038.5,75.8,55.9,569.7,100.0,1.0
905705,5667,163,13.466308,0.479154,0.021223,0.022291,0.010828,0.00257692,0.250185,-0.012311,0.794948,0.954755,0.795826,7573.1,96.9,196.4,478.9,100.0,1.0
905863,5668,158,14.085686,0.495134,0.028395,0.016622,7.5e-05,0.00267284,0.278829,0.055103,0.897791,0.959919,0.83104,7829.9,99.9,219.8,273.2,100.0,1.0
906020,5669,157,12.006334,0.2,0.051168,0.018149,0.028059,0.00208927,0.269665,-0.082332,0.845931,1.0,0.680559,7306.3,85.8,132.8,511.0,100.0,1.0
906178,5670,158,14.80249,1.0,0.087361,0.013571,0.0,0.00235018,0.365579,0.302534,0.705139,1.0,0.804108,8772.7,109.4,173.5,357.5,100.0,1.0
906345,5671,167,15.601574,0.2,0.033104,0.00341,2.8e-05,0.00262297,0.338728,0.209008,0.895128,0.957194,0.794776,8416.3,107.5,158.0,276.5,100.0,1.0
906505,5672,160,12.464583,1.0,0.044217,0.018775,0.0,0.0024095,0.235112,-0.04887,0.78865,0.930431,0.761498,7433.8,96.3,146.0,358.9,100.0,1.0
906667,5673,162,12.931099,0.2,0.020269,0.047279,0.051582,0.0019741,0.324079,0.220327,0.833628,0.906996,0.769234,8459.4,110.9,115.4,668.9,100.0,1.0
906828,5674,161,9.977425,0.84844,-0.028749,0.010429,0.0,0.00186416,0.196686,-0.222946,0.742144,0.956955,0.672157,6770.6,86.5,111.2,964.8,100.0,1.0
906980,5675,152,12.828982,0.559353,-0.02203,0.0,0.0,0.00240951,0.27257,-0.005523,0.81186,0.992387,0.770093,7599.0,95.3,171.1,397.4,100.0,1.0
907141,5676,161,10.371097,0.387067,0.069053,0.018238,0.0,0.00249037,0.115494,-0.08005,0.45359,0.744941,0.812883,7315.0,104.8,188.1,613.1,100.0,1.0
907303,5677,162,12.720675,0.2,-0.049926,0.025203,0.031298,0.00176468,0.347584,0.210942,0.786791,1.0,0.774623,8423.7,104.6,124.4,607.8,100.0,1.0
907467,5678,164,16.396316,1.0,0.014852,0.005379,0.0,0.00262592,0.385887,0.362204,0.837758,0.98632,0.849362,9000.0,113.3,248.9,556.4,100.0,1.0
907628,5679,161,12.400162,0.697385,0.040587,0.044667,0.0,0.00227786,0.25085,-0.026208,0.616056,1.0,0.757914,7520.1,93.5,172.5,768.5,100.0,1.0
907783,5680,155,11.324341,0.353386,-0.00574,0.005227,0.000124,0.00203346,0.248838,0.050919,0.767152,0.885616,0.778324,7814.0,103.6,130.5,599.6,100.0,1.0
907945,5681,162,11.871232,0.2,0.098236,0.003628,0.201255,0.00209915,0.251208,-0.109609,0.790684,1.0,0.697489,7202.4,89.0,124.5,602.0,100.0,1.0
908111,5682,166,8.936763,0.2,0.042303,0.019553,0.006638,0.00184648,0.138601,-0.166815,0.623991,0.804769,0.735408,6984.4,96.7,96.9,907.8,100.0,1.0
908270,5683,159,6.949255,0.328011,0.030147,0.021137,0.006849,0.00183239,0.054768,-0.258593,0.315727,0.74469,0.734691,6634.8,95.1,115.3,448.7,100.0,1.0
908431,5684,161,10.049178,0.241769,0.012971,0.013039,0.000141,0.00201874,0.175487,-0.045542,0.514079,0.849284,0.786155,7446.5,100.7,143.6,607.2,100.0,1.0
908594,5685,163,10.415993,0.2,0.028562,0.03008,0.02908,0.0019989,0.192949,0.118018,0.515911,0.734062,0.78435,8069.6,116.3,140.6,492.3,100.0,1.0
908745,5686,151,10.878002,1.0,0.081194,0.027989,0.0,0.00231297,0.192524,0.008515,0.537364,0.853459,0.814518,7652.4,103.2,190.9,398.5,100.0,1.0
908906,5687,161,13.211976,0.328772,0.050012,0.031975,0.005579,0.00212987,0.315135,0.372903,0.607913,0.807055,0.793209,9040.8,125.1,155.3,837.8,100.0,1.0
909064,5688,158,13.551388,0.2,0.034849,0.038082,0.0,0.00231311,0.309508,0.013142,0.929546,1.0,0.690229,7670.1,87.9,124.7,453.0,100.0,1.0
909226,5689,162,12.087624,1.0,0.049012,0.020235,0.0,0.0024642,0.202901,-0.104469,0.826924,0.875561,0.748367,7222.0,96.3,124.2,306.9,100.0,1.0
909389,5690,163,11.364033,0.923548,-0.034506,0.006343,0.000106,0.00274233,0.119096,-0.218569,0.617896,0.815892,0.758785,6787.3,93.4,174.5,363.2,100.0,1.0
909546,5691,157,14.333292,0.2,0.070471,0.02162,0.059015,0.00225161,0.360594,0.255163,0.814904,1.0,0.801016,8592.2,107.0,168.4,539.8,100.0,1.0
909709,5692,163,9.708725,0.2,0.073773,0.015398,0.081022,0.00201848,0.154704,-0.098648,0.57486,0.816669,0.770449,7244.2,99.7,121.0,767.2,100.0,1.0
909865,5693,156,12.317465,0.308186,0.091655,0.026722,0.00416,0.00196764,0.306747,0.182929,0.669991,0.947046,0.778719,8317.0,106.8,131.2,585.5,100.0,1.0
910021,5694,156,14.267266,0.428333,0.075173,0.003948,4.2e-05,0.0021269,0.379072,0.297766,0.88327,1.0,0.817367,8754.5,108.6,195.6,368.6,100.0,1.0
910184,5695,163,11.447845,0.490264,0.078078,0.017708,0.0,0.00202776,0.239885,0.055426,0.733772,0.869706,0.786444,7831.2,104.7,144.1,835.9,100.0,1.0
910344,5696,160,12.954912,0.2,0.055359,0.019305,0.004549,0.00180766,0.356286,0.318832,0.679447,0.951448,0.781285,8834.7,113.2,135.5,641.5,100.0,1.0
910506,5697,162,10.914628,1.0,0.01957,0.022948,0.0,0.00223586,0.181646,-0.090552,0.498082,0.901937,0.760733,7275.0,95.6,152.2,616.5,100.0,1.0
910666,5698,160,13.425932,1.0,-0.002398,0.014661,0.0,0.00231346,0.298858,0.017365,0.868072,1.0,0.720133,7686.2,91.8,129.8,465.7,100.0,1.0
910828,5699,162,11.095807,0.2,-0.042808,0.011258,0.226294,0.00193844,0.238888,-0.020313,0.735545,0.929622,0.764624,7542.6,97.7,134.3,774.1,100.0,1.0
910978,5700,150,12.386862,0.2,0.043979,0.021109,0.025744,0.00192046,0.329191,0.151564,0.831201,1.0,0.784885,8197.5,101.5,141.5,856.8,100.0,1.0
911134,5701,156,11.211129,0.339172,0.087922,0.01958,0.015664,0.00209577,0.231737,0.078032,0.68141,0.822912,0.758669,7917.3,108.6,97.8,562.5,100.0,1.0
911291,5702,157,9.343819,0.863998,0.083678,0.015142,0.0,0.00204617,0.144376,-0.024029,0.409126,0.753339,0.758975,7528.4,107.3,98.3,578.5,100.0,1.0
911447,5703,156,11.626657,0.2,0.025512,0.020187,0.031107,0.00213056,0.24702,0.126151,0.614225,0.862965,0.802962,8100.6,108.7,171.6,587.5,100.0,1.0
911606,5704,159,11.214604,1.0,0.044989,0.017422,0.0,0.00241118,0.175486,0.013713,0.586998,0.783058,0.810416,7672.2,107.6,184.0,339.1,100.0,1.0
911765,5705,159,11.151119,0.2,0.086871,0.025952,0.017032,0.00242243,0.170556,0.196523,0.295723,0.683228,0.834644,8368.8,124.3,224.4,362.0,100.0,1.0
911925,5706,160,12.146852,0.2,-0.031447,0.017788,0.027045,0.00205112,0.27719,0.104989,0.740528,0.919136,0.776532,8020.0,104.5,127.6,552.1,100.0,1.0
912085,5707,160,14.679073,0.939148,0.029508,0.019828,0.0,0.00242265,0.343979,0.231078,0.765909,1.0,0.817448,8500.4,103.8,195.7,422.8,100.0,1.0
912247,5708,162,12.841682,0.333298,0.009032,0.028835,0.022241,0.00207453,0.303987,0.120086,0.668467,0.998545,0.771905,8077.5,101.0,119.8,510.1,100.0,1.0
912403,5709,156,14.518463,0.2,0.030162,0.009125,0.024488,0.00218782,0.38236,0.391003,0.774538,0.942296,0.80874,9109.7,117.3,181.2,496.4,100.0,1.0
912566,5710,163,12.017039,1.0,0.011409,0.025349,0.0,0.00220395,0.23975,0.258476,0.531599,0.736264,0.807845,8604.8,123.9,179.7,591.9,100.0,1.0
912722,5711,156,10.234393,0.692336,-0.085675,0.005482,0.0,0.00194335,0.206983,-0.110788,0.671005,0.93135,0.736567,7197.9,93.2,140.6,626.5,100.0,1.0
912883,5712,161,11.364495,0.2,0.016057,0.026838,0.009834,0.00170578,0.291849,0.184728,0.609937,0.919576,0.778257,8323.8,108.4,130.4,813.1,100.0,1.0
913041,5713,158,9.555823,0.421515,0.079723,0.00916,0.004791,0.00212069,0.141254,-0.091534,0.605791,0.778681,0.799135,7271.3,102.2,165.2,704.3,100.0,1.0
913194,5714,153,12.328416,0.859986,0.004011,0.039759,0.0,0.00248987,0.233602,-0.108457,1.0,0.918365,0.74933,7206.8,93.9,153.2,832.9,100.0,1.0
913350,5715,156,10.069387,0.2,-0.01399,0.007368,0.035879,0.00223974,0.15257,-0.36202,0.837265,0.920884,0.633795,6240.7,81.2,108.7,694.0,100.0,1.0
913503,5716,153,12.999825,0.2,-0.003923,0.0,0.107444,0.00244236,0.274414,-0.026198,0.820655,1.0,0.742413,7520.2,90.6,180.1,790.2,100.0,1.0
913660,5717,157,11.017504,0.2,0.069766,0.008076,0.0,0.00219173,0.205196,0.134602,0.599002,0.747502,0.817201,8132.8,116.3,195.3,641.5,100.0,1.0
913818,5718,158,12.543741,0.824546,0.043838,0.022431,0.000125,0.0018824,0.327977,0.413602,0.677443,0.775187,0.779216,9195.8,129.5,132.0,578.7,100.0,1.0
913975,5719,157,13.953577,1.0,0.107777,0.011912,0.0,0.00236107,0.325015,0.374874,0.618574,0.846361,0.821373,9048.3,122.5,202.3,331.5,100.0,1.0
914135,5720,160,12.542366,0.321033,0.090042,0.015502,0.0,0.00206053,0.295688,0.075749,0.911182,0.959766,0.789298,7908.6,100.9,148.8,660.3,100.0,1.0
914294,5721,159,10.838307,0.2,0.009967,0.026231,0.000232,0.00223876,0.184459,-0.1941,0.754643,0.906096,0.701018,6880.5,90.2,115.5,477.4,100.0,1.0
914455,5722,161,11.206316,0.973334,-0.009837,0.01349,0.0,0.00281221,0.106026,-0.236577,0.743634,0.758445,0.754957,6718.6,95.5,143.9,379.1,100.0,1.0
914617,5723,162,11.567922,0.2,0.080125,0.0,0.606599,0.00220084,0.220337,0.014763,0.713675,0.867666,0.799404,7676.2,102.8,165.7,796.9,100.0,1.0
914782,5724,165,14.965329,0.71328,0.103581,0.010972,0.0,0.00262342,0.313496,0.144726,0.786843,1.0,0.829213,8171.4,99.5,221.7,483.3,100.0,1.0
914939,5725,157,11.143672,1.0,-0.008578,0.027938,0.0,0.00279186,0.117496,-0.0841,0.606024,0.73168,0.848798,7299.6,105.4,248.0,288.3,100.0,1.0
915096,5726,157,9.229469,0.2,0.038829,0.016419,3.9e-05,0.00192241,0.15856,-0.13065,0.603796,0.833004,0.738217,7122.2,97.1,97.1,697.4,100.0,1.0
915254,5727,158,14.701849,0.496675,0.088547,0.021647,0.0,0.00242594,0.350083,0.199768,0.919593,1.0,0.808973,8381.1,101.1,181.6,424.7,100.0,1.0
915413,5728,159,12.517401,1.0,0.068786,0.01297,0.0,0.0019544,0.3137,0.163361,0.664771,0.992652,0.786909,8242.4,103.4,144.8,890.3,100.0,1.0
915570,5729,157,11.549849,0.635426,-0.107207,0.025361,0.0,0.00216865,0.235714,-0.154588,0.944131,0.951098,0.68739,7031.0,90.1,94.6,654.0,100.0,1.0
915723,5730,153,12.688934,0.2,0.148404,0.020698,0.052108,0.0023122,0.279272,0.091607,0.743258,0.962188,0.819409,7969.0,101.5,199.0,614.2,100.0,1.0
915883,5731,160,13.821926,0.506729,0.016167,0.004043,0.0,0.00225286,0.329151,0.221041,0.754421,0.966395,0.809469,8462.2,107.6,182.4,544.5,100.0,1.0
916040,5732,157,12.024772,0.2,-0.004342,0.0,0.010502,0.00198143,0.288884,0.174675,0.699557,0.89585,0.778775,8285.5,109.3,131.3,552.7,100.0,1.0
916201,5733,161,12.468524,0.339073,-0.050989,0.048745,0.0,0.00184243,0.32548,0.345344,0.683867,0.835633,0.781244,8935.8,121.7,135.4,763.9,100.0,1.0
916362,5734,161,10.112948,0.683887,0.020275,0.014579,0.0,0.00187476,0.202739,0.026421,0.676055,0.794544,0.761022,7720.7,107.6,101.7,735.1,100.0,1.0
916525,5735,163,9.388014,0.2,0.053871,0.0,0.004295,0.00185046,0.166779,-0.30074,0.788383,0.922417,0.648235,6474.2,84.2,98.1,1255.6,100.0,1.0
916683,5736,158,11.910986,1.0,0.105421,0.0276,0.0,0.00240804,0.213825,0.225159,0.399955,0.742187,0.82371,8477.9,121.7,206.2,491.6,100.0,1.0
916842,5737,159,9.941949,0.556687,0.018904,0.048336,0.0,0.00175832,0.216489,-0.080152,0.748591,0.906556,0.738055,7314.6,95.9,111.1,1010.3,100.0,1.0
917001,5738,159,10.009474,1.0,0.055397,0.031564,0.0,0.00201627,0.178836,-0.001358,0.59695,0.779692,0.766378,7614.8,107.0,110.6,525.5,100.0,1.0
917159,5739,158,14.681715,0.697407,0.013228,0.026755,0.0,0.00255489,0.328902,0.157828,0.86315,1.0,0.813264,8221.3,102.0,188.8,345.4,100.0,1.0
917318,5740,159,14.014888,0.763096,0.07331,0.029352,0.0,0.00238775,0.319719,0.308545,0.609207,0.909699,0.837935,8795.6,115.1,229.9,507.1,100.0,1.0
917475,5741,157,14.600024,0.712559,0.045245,0.049965,0.0,0.00209609,0.399541,0.495018,0.806015,0.878747,0.809391,9506.0,126.5,182.3,543.4,100.0,1.0
917635,5742,160,7.723623,0.2,-0.069945,0.013171,0.0,0.00234598,0.010105,-0.509041,0.740726,0.6945,0.64439,5680.6,83.8,96.2,595.7,100.0,1.0
917793,5743,158,14.472314,1.0,0.001345,0.037363,0.0,0.00244585,0.335882,0.373595,0.780637,0.825438,0.809214,9043.4,123.9,182.0,444.9,100.0,1.0
917950,5744,157,10.758836,0.281344,0.042854,0.028026,0.000127,0.00212137,0.203958,0.051349,0.603183,0.80525,0.78085,7815.6,108.2,134.7,584.2,100.0,1.0
918107,5745,157,9.207341,0.7143,-0.030746,0.013086,0.0,0.00246455,0.072654,-0.160437,0.263981,0.745396,0.792401,7008.7,100.4,154.0,319.6,100.0,1.0
918265,5746,158,11.294863,0.883954,0.011773,0.024476,0.0,0.00219078,0.217678,-0.236128,0.832828,1.0,0.664799,6720.4,82.7,142.7,865.8,100.0,1.0
918425,5747,160,12.86357,1.0,-0.05835,0.023927,0.0,0.00276549,0.199688,0.380583,0.266034,0.597421,0.846084,9070.0,141.9,243.5,228.7,100.0,1.0
918577,5748,152,10.479321,1.0,0.050874,0.011584,0.0,0.0027368,0.107188,-0.210512,0.607713,0.790197,0.782361,6817.9,95.2,193.1,308.3,100.0,1.0
918739,5749,162,11.349552,0.657786,0.053282,0.003887,0.0,0.00213739,0.220404,0.265444,0.457527,0.686388,0.792452,8631.3,128.0,154.1,408.6,100.0,1.0
918901,5750,162,8.809809,0.432867,0.031086,0.040876,0.0,0.00150612,0.19586,0.105278,0.389882,0.782364,0.769012,8021.1,112.5,115.0,863.7,100.0,1.0
919059,5751,158,10.131518,0.2,0.016688,0.0,0.086286,0.00223196,0.15319,-0.096076,0.667899,0.798208,0.796728,7254.0,100.8,161.2,718.8,100.0,1.0
919225,5752,166,9.144386,0.558663,0.107335,0.023081,1.5e-05,0.0022634,0.080849,-0.188227,0.376124,0.753795,0.773562,6902.9,98.4,141.3,559.9,100.0,1.0
919382,5753,157,11.652821,0.293776,0.027398,0.013823,0.0,0.00265421,0.165144,-0.295973,0.893311,0.893618,0.666813,6492.3,85.7,111.4,573.2,100.0,1.0
919539,5754,157,9.292448,0.369046,0.01883,0.017183,0.0,0.00270354,0.039577,-0.237523,0.525464,0.65714,0.799178,6715.0,101.3,165.3,395.7,100.0,1.0
919702,5755,163,12.876683,0.2,0.027736,0.0,0.223239,0.00211909,0.297664,0.060848,0.900493,0.968556,0.763384,7851.8,99.7,109.0,598.6,100.0,1.0
919859,5756,157,13.694238,0.2,0.025043,0.020218,0.026153,0.00247761,0.294961,0.081817,0.850611,0.987261,0.821386,7931.7,99.8,204.9,475.1,100.0,1.0
920020,5757,161,11.465095,0.2,-0.086753,0.005624,0.017466,0.00182636,0.278599,0.263223,0.62386,0.786089,0.755229,8622.9,120.7,92.0,736.7,100.0,1.0
920177,5758,157,12.17345,0.2,0.046651,0.031796,0.026446,0.00235143,0.238862,0.01062,0.807329,0.885711,0.777936,7660.5,101.6,129.9,619.1,100.0,1.0
920339,5759,162,13.373186,0.477473,0.025113,0.024929,0.0,0.00258166,0.249793,0.198446,0.719785,0.783097,0.828624,8376.1,117.4,214.4,388.4,100.0,1.0
920501,5760,162,9.216366,0.2,0.030289,0.024216,0.009151,0.00169192,0.186308,0.028487,0.580048,0.764218,0.745717,7728.5,109.5,76.2,919.7,100.0,1.0
920662,5761,161,14.30113,0.907885,0.037326,0.00977,0.0,0.00263935,0.28949,0.034251,0.841432,1.0,0.783208,7750.5,95.7,189.1,317.1,100.0,1.0
920823,5762,161,10.204701,1.0,0.027028,0.019405,0.0,0.00228924,0.141246,-0.013688,0.57034,0.699973,0.77994,7567.8,111.3,133.2,395.7,100.0,1.0
920981,5763,158,13.859649,0.2,0.112396,0.02518,0.028742,0.00198449,0.378879,0.460796,0.681746,0.878102,0.78955,9375.6,124.8,149.2,854.2,100.0,1.0
921137,5764,156,12.675815,1.0,0.104897,0.01517,0.0,0.00217359,0.294214,0.094761,0.791671,0.965395,0.780038,7981.0,101.5,133.4,503.1,100.0,1.0
921294,5765,157,10.765826,0.622283,-0.112095,0.021356,0.0,0.00186239,0.245477,-0.002907,0.935333,0.878215,0.772074,7608.9,101.3,120.1,798.4,100.0,1.0
921452,5766,158,16.597506,0.214843,0.00019,0.008371,0.0,0.00248094,0.437292,0.490419,0.795021,1.0,0.819283,9488.5,117.8,198.8,332.1,100.0,1.0
921604,5767,152,12.834157,0.44509,0.067873,0.014532,3.7e-05,0.00262465,0.242358,0.023055,0.793729,0.912233,0.821828,7707.8,100.8,203.0,202.2,100.0,1.0
921769,5768,165,12.714523,0.591385,0.0185,0.01768,0.0,0.00194392,0.314619,0.180897,0.621802,0.99618,0.797689,8309.2,104.1,162.8,802.3,100.0,1.0
921935,5769,166,11.371251,1.0,0.078437,0.013833,0.0,0.00207711,0.223455,0.008112,0.712838,0.879106,0.791775,7650.9,101.8,153.0,823.8,100.0,1.0
922096,5770,161,13.952756,0.851579,0.057485,0.018417,0.0,0.00228386,0.32959,0.34856,0.746846,0.83621,0.79882,8948.0,121.8,164.7,567.1,100.0,1.0
922256,5771,160,10.365593,1.0,-0.041063,0.015853,0.0,0.00252854,0.113479,0.057324,0.296807,0.63981,0.800993,7838.4,119.5,168.3,262.9,100.0,1.0
922422,5772,166,14.178463,0.311323,0.092592,0.012629,0.006551,0.00209296,0.361222,0.300614,0.668093,1.0,0.804011,8765.3,108.6,173.4,890.9,100.0,1.0
922587,5773,165,10.614872,0.262246,-0.082011,0.024058,0.000114,0.00188945,0.218799,-0.206996,0.95035,0.940364,0.664575,6831.3,88.0,80.8,586.0,100.0,1.0
922742,5774,155,12.251699,1.0,0.025966,0.018128,0.0,0.00236481,0.245834,0.041368,0.677869,0.926095,0.802826,7777.6,101.0,171.4,707.7,100.0,1.0
922899,5775,157,13.921459,0.326317,0.062085,0.019401,0.0,0.0022213,0.347133,0.315128,0.652995,0.944347,0.794913,8820.6,113.4,158.2,522.1,100.0,1.0
923055,5776,156,11.163755,1.0,-0.044585,0.027174,0.0,0.00219813,0.215146,-0.237355,0.824405,1.0,0.671102,6715.7,83.3,146.6,693.6,100.0,1.0
923215,5777,160,13.030951,0.2,0.114668,0.000117,0.039635,0.00217118,0.304024,0.131651,0.845405,0.947545,0.791174,8121.6,104.3,152.0,604.1,100.0,1.0
923381,5778,166,11.898487,0.518835,0.020748,0.006073,6.4e-05,0.00199123,0.264267,0.087415,0.628758,0.930124,0.773739,7953.1,103.0,122.9,713.6,100.0,1.0
923538,5779,157,13.083886,0.2,0.08899,0.004955,3.4e-05,0.00253257,0.256477,-0.16483,1.0,1.0,0.679159,6992.0,83.7,155.1,418.7,100.0,1.0
923697,5780,159,13.240744,0.724147,-0.011741,0.012241,0.0,0.00237933,0.283663,-0.022941,0.843935,1.0,0.713504,7532.6,93.4,98.9,503.7,100.0,1.0
923857,5781,160,10.572733,0.555067,0.034662,0.032541,0.0,0.0019889,0.210378,-0.015369,0.732221,0.843866,0.76409,7561.4,102.5,106.8,697.6,100.0,1.0
924018,5782,161,16.307631,0.221298,0.054806,0.004444,2.9e-05,0.00263656,0.390903,0.44366,0.849454,0.901996,0.825111,9310.3,122.4,208.5,432.4,100.0,1.0
924175,5783,157,14.86822,0.675563,0.085188,0.01001,6e-06,0.00240521,0.365882,0.322315,0.788437,0.961514,0.811512,8848.0,112.8,185.9,390.7,100.0,1.0
924334,5784,159,17.251201,0.248897,0.012194,0.014423,0.000637,0.00302553,0.381724,0.291417,0.933566,1.0,0.81814,8730.3,101.7,196.9,260.5,100.0,1.0
924489,5785,155,10.862052,0.428596,0.07983,0.021738,0.028465,0.00234906,0.179202,0.135888,0.48961,0.69536,0.803477,8137.7,120.0,172.5,590.5,100.0,1.0
924648,5786,159,14.645035,0.450734,0.0832,0.015875,0.0,0.002723,0.299641,0.124379,0.855296,0.940843,0.793584,8093.9,104.3,156.0,426.4,100.0,1.0
924809,5787,161,10.745548,1.0,0.039272,0.023925,0.0,0.00217028,0.188156,-0.135222,0.50966,0.939156,0.720934,7104.8,91.6,132.9,435.2,100.0,1.0
924971,5788,162,14.094834,0.63161,0.101733,0.022218,2.1e-05,0.00228576,0.334862,0.237532,0.759627,0.962434,0.805445,8525.0,108.6,175.7,566.9,100.0,1.0
925133,5789,162,13.682544,0.88857,0.07027,0.014241,0.0,0.00234107,0.305314,0.280704,0.605101,0.863191,0.777799,8689.5,116.6,129.7,437.2,100.0,1.0
925298,5790,165,16.014111,0.493137,0.083464,0.015614,0.0,0.00253583,0.382888,0.415126,0.811085,0.92199,0.831058,9201.6,119.7,218.4,502.1,100.0,1.0
925459,5791,161,10.703208,0.941035,0.021902,0.01372,0.0,0.00224056,0.174863,-0.146716,0.812816,0.84686,0.757344,7061.0,95.6,147.1,723.9,100.0,1.0
925620,5792,161,13.424293,1.0,0.052206,0.014299,0.0,0.00216363,0.323427,0.312478,0.651472,0.881972,0.79889,8810.5,117.0,164.8,444.6,100.0,1.0
925781,5793,161,11.305567,0.449828,0.025969,0.020107,0.0,0.00209729,0.228096,-0.106521,0.869034,0.928448,0.732407,7214.2,93.5,129.6,684.4,100.0,1.0
925945,5794,164,10.981201,0.775683,-0.120925,0.028691,0.0,0.00227397,0.176617,-0.174419,0.928155,0.83423,0.735661,6955.5,94.8,120.1,627.4,100.0,1.0
926110,5795,165,14.251732,0.2,0.032302,0.0,0.106379,0.00281463,0.248873,0.100601,0.693522,0.885037,0.827262,8003.3,106.1,212.1,393.8,100.0,1.0
926265,5796,155,8.821169,0.2,0.020575,0.019465,0.238266,0.00183373,0.1573,-0.14743,0.827869,0.7861,0.745106,7058.3,98.8,89.2,677.7,100.0,1.0
926423,5797,158,12.805973,0.2,-0.016244,0.00151,0.010495,0.0022788,0.280944,0.224004,0.704979,0.839738,0.809318,8473.5,115.1,182.2,682.3,100.0,1.0
926581,5798,158,13.030588,0.853443,0.064407,0.0297,0.0,0.00227082,0.293476,-0.026372,1.0,0.998508,0.733858,7519.5,94.1,125.7,694.7,100.0,1.0
926745,5799,164,11.54398,0.476983,0.093821,0.032849,4e-06,0.00214924,0.225397,-0.284783,0.979681,1.0,0.614487,6535.0,77.4,121.7,578.0,100.0,1.0
926900,5800,155,12.059994,0.83712,-0.004836,0.004708,0.000124,0.00264115,0.194359,0.165294,0.656773,0.680149,0.836115,8249.8,122.8,226.9,275.7,100.0,1.0
927056,5801,156,11.619053,1.0,0.057667,0.01063,0.0,0.00241799,0.204504,-0.116198,0.763383,0.918008,0.762338,7177.3,93.6,179.1,498.7,100.0,1.0
927220,5802,164,16.121658,1.0,0.077191,0.018318,0.0,0.00248807,0.399147,0.442079,0.771416,0.948359,0.823242,9304.3,119.4,205.4,402.6,100.0,1.0
927373,5803,153,9.045716,0.741217,0.01362,0.001949,0.0,0.00259171,0.056403,-0.0139,0.317367,0.566773,0.844196,7567.0,120.7,240.3,456.8,100.0,1.0
927531,5804,158,13.408282,0.245925,-0.0192,0.0,0.0,0.00233297,0.302829,0.342281,0.655029,0.787927,0.791235,8924.1,124.8,152.1,471.0,100.0,1.0
927688,5805,157,15.677519,0.309864,0.044134,0.007551,0.000166,0.00278427,0.348032,0.374705,0.675408,0.894869,0.819297,9047.6,119.4,198.8,329.0,100.0,1.0
927846,5806,158,11.192362,0.642963,0.035975,0.023508,0.0,0.00213461,0.223325,0.092303,0.750222,0.787374,0.797919,7971.7,111.5,163.2,940.1,100.0,1.0
928005,5807,159,15.247513,0.2,-0.018926,0.0,7e-06,0.00255741,0.357127,0.415216,0.80303,0.848309,0.827048,9202.0,124.5,211.7,262.7,100.0,1.0
928168,5808,163,11.936788,1.0,0.056686,0.004922,0.0,0.00251482,0.188045,-0.116687,0.596735,0.923959,0.770869,7175.4,93.2,197.0,462.9,100.0,1.0
928326,5809,158,12.051087,0.975547,0.06212,0.023313,0.0,0.00193536,0.297924,0.142593,0.76237,0.923181,0.756671,8163.3,106.1,94.5,517.7,100.0,1.0
928488,5810,162,13.186182,0.483324,0.043995,0.039097,2e-05,0.0020811,0.323454,0.35968,0.627977,0.835749,0.788722,8990.4,122.4,147.9,617.7,100.0,1.0
928649,5811,161,15.874889,0.816987,0.084516,0.023964,0.0,0.00228012,0.428228,0.664769,0.604247,0.851327,0.81415,10152.8,137.1,190.3,568.4,100.0,1.0
928813,5812,164,12.932903,0.721827,0.094956,0.029367,0.0,0.00237315,0.25877,0.211897,0.590525,0.812378,0.793894,8427.3,116.2,156.5,348.5,100.0,1.0
928972,5813,159,11.494018,0.2,-0.002602,0.000439,0.065757,0.00199527,0.258647,0.075333,0.813781,0.870469,0.768808,7907.0,105.7,114.7,795.4,100.0,1.0
929130,5814,158,4.929396,0.2,-0.03372,0.001354,0.048288,0.00202659,-0.073218,-0.31662,0.243622,0.471945,0.759719,6413.7,108.9,99.5,592.3,100.0,1.0
929288,5815,158,8.448861,1.0,-0.040395,0.046293,0.0,0.00261654,0.009905,-0.102089,0.403507,0.503898,0.855393,7231.0,120.2,259.0,254.3,100.0,1.0
929444,5816,156,10.535584,-0.046647,0.027031,0.024142,0.0,0.00221876,0.181768,0.144032,0.496149,0.694076,0.805924,8168.8,120.5,176.5,536.1,100.0,1.0
929609,5817,165,13.297029,1.0,0.029705,0.007535,0.0,0.00236769,0.275603,0.282273,0.624064,0.783238,0.79866,8695.5,121.9,164.4,517.8,100.0,1.0
929770,5818,161,12.474101,1.0,-0.003988,0.022645,0.0,0.00225893,0.261371,0.094431,0.76961,0.876807,0.777616,7979.8,106.3,129.4,482.5,100.0,1.0
929935,5819,165,14.352432,0.986673,-0.014105,0.013149,0.000127,0.00290843,0.239355,0.329941,0.417768,0.703696,0.820977,8877.1,130.3,201.6,279.8,100.0,1.0
930097,5820,162,10.52135,0.2,0.053113,0.016453,8e-06,0.00191197,0.217567,0.166329,0.544513,0.746375,0.78165,8253.7,118.2,136.1,606.6,100.0,1.0
930260,5821,163,10.184908,0.2,0.10593,0.014052,0.023534,0.00189715,0.201211,-0.105495,0.66338,0.916054,0.744116,7218.1,94.2,141.4,1105.3,100.0,1.0
930422,5822,162,12.400877,0.389878,0.026413,0.012631,0.0,0.00225425,0.256334,-0.030674,0.797181,0.98021,0.778611,7503.1,94.7,192.5,547.4,100.0,1.0
930585,5823,163,10.826962,0.980209,0.010547,0.039681,0.0,0.00193293,0.22759,0.330376,0.386977,0.670184,0.80652,8878.7,132.9,177.5,612.9,100.0,1.0
930747,5824,162,9.229607,0.574171,-0.003548,0.019898,0.0,0.00161434,0.201071,-0.204148,0.82337,0.92345,0.665106,6842.2,88.9,71.0,920.0,100.0,1.0
930908,5825,161,11.49472,0.2,0.024007,0.007425,0.149829,0.00209111,0.239457,0.051865,0.718228,0.863449,0.763628,7817.6,104.9,106.0,812.5,100.0,1.0
931063,5826,155,12.670544,1.0,-0.025425,0.018823,0.0,0.00259529,0.232813,-0.226886,0.953429,1.0,0.665596,6755.6,83.2,138.7,428.6,100.0,1.0
931221,5827,158,14.86445,0.746397,0.065063,0.037354,0.0,0.00208236,0.416082,0.701577,0.626512,0.775284,0.817352,10293.0,144.9,195.6,604.8,100.0,1.0
931383,5828,162,11.483135,0.992183,0.09027,0.015564,0.0,0.0019687,0.256685,0.091328,0.709649,0.879795,0.770863,7968.0,106.0,118.1,776.4,100.0,1.0
931537,5829,154,13.278718,0.939183,0.013406,0.031317,0.0,0.00275911,0.240746,-0.089268,0.900336,0.952103,0.756399,7279.9,93.2,173.0,421.1,100.0,1.0
931698,5830,161,15.072929,1.0,0.026735,0.021406,0.0,0.00260554,0.336176,0.274322,0.831748,0.900585,0.791081,8665.2,114.0,151.8,364.7,100.0,1.0
931849,5831,151,11.030552,1.0,0.010225,0.023156,0.0,0.00234695,0.198642,-0.091122,0.78236,0.888333,0.793089,7272.8,96.3,198.5,456.4,100.0,1.0
932017,5832,168,11.7207,0.368327,0.05124,0.014619,0.0,0.00168569,0.304435,0.295894,0.609131,0.834607,0.760768,8747.4,119.2,101.3,838.2,100.0,1.0
932172,5833,155,14.633594,1.0,0.087714,0.039517,0.0,0.00268052,0.31822,0.489356,0.557904,0.743295,0.844994,9484.4,136.0,241.7,255.3,100.0,1.0
932332,5834,160,11.8074,0.49997,0.057161,0.0,3e-06,0.00232795,0.219567,0.081172,0.533013,0.84945,0.797263,7929.3,107.2,162.1,464.2,100.0,1.0
932487,5835,155,14.000794,0.954013,0.090129,0.017514,0.0,0.00200768,0.390854,0.511496,0.623781,0.87652,0.786651,9568.8,127.5,144.4,550.6,100.0,1.0
932646,5836,159,15.424439,0.2,0.040908,0.00868,0.036158,0.00245298,0.383465,0.378835,0.836941,0.942191,0.81294,9063.4,116.7,188.2,412.3,100.0,1.0
932806,5837,160,10.924689,0.2,0.032427,0.0,0.044092,0.00212767,0.207447,0.034071,0.629581,0.818174,0.768987,7749.8,106.6,115.0,769.9,100.0,1.0
932962,5838,156,8.171923,0.216805,-0.022466,0.018903,0.0,0.00250986,0.018289,-0.115384,0.366067,0.526606,0.811225,7180.4,117.6,185.4,295.1,100.0,1.0
933125,5839,163,13.865202,0.2,0.055003,0.005624,0.0,0.00217561,0.340779,0.307097,0.835358,0.884724,0.799472,8790.0,116.6,165.8,537.5,100.0,1.0
933282,5840,157,11.456912,0.2,0.028343,0.009474,0.025552,0.00263365,0.161164,-0.103754,0.638318,0.838981,0.799984,7224.7,98.2,187.5,562.0,100.0,1.0
933437,5841,155,7.598884,0.2,0.089413,0.001527,0.0,0.00191724,0.083992,-0.029806,0.334413,0.620151,0.780349,7506.4,115.8,133.9,657.6,100.0,1.0
933603,5842,166,11.520109,0.2,0.121044,0.020151,0.0,0.00201017,0.24416,0.091491,0.695259,0.855583,0.784206,7968.6,107.4,140.3,643.6,100.0,1.0
933761,5843,158,12.959726,0.289857,0.082534,0.009533,4.3e-05,0.00226567,0.292099,0.464927,0.447064,0.721254,0.838854,9391.4,136.4,231.4,430.8,100.0,1.0
933923,5844,162,11.911267,1.0,0.020795,0.005034,0.0,0.00220102,0.240939,0.037776,0.798757,0.861314,0.768092,7763.9,104.3,113.5,592.2,100.0,1.0
934085,5845,162,16.015966,1.0,0.046487,0.011814,0.0,0.00266551,0.371652,0.424651,0.740175,0.896509,0.823858,9237.9,121.8,206.4,241.0,100.0,1.0
934244,5846,159,15.813786,0.860169,0.036246,0.000645,0.0,0.00297035,0.32115,0.201202,0.733187,0.971343,0.812797,8386.6,106.4,188.0,291.4,100.0,1.0
934408,5847,164,6.881627,0.2,0.069807,0.015608,0.0,0.00205648,0.008044,-0.130562,0.216619,0.54837,0.799256,7122.6,115.0,165.4,565.6,100.0,1.0
934566,5848,158,10.260985,0.260636,0.029891,0.013514,0.0,0.00220177,0.166991,0.138399,0.434383,0.660343,0.780036,8147.3,122.7,133.4,492.5,100.0,1.0
934724,5849,158,14.831263,0.298194,0.099978,0.016503,0.000135,0.00228851,0.382644,0.300762,0.923656,0.97337,0.77834,8765.9,111.1,130.6,442.1,100.0,1.0
934883,5850,159,10.032245,0.552723,0.053216,0.023902,0.0,0.00227675,0.141431,-0.036613,0.582172,0.71892,0.77797,7480.5,108.8,129.9,564.0,100.0,1.0
935041,5851,158,11.193191,0.649253,0.012562,0.009062,0.0,0.00200242,0.245328,0.048896,0.744221,0.889189,0.787121,7806.3,103.3,145.2,738.5,100.0,1.0
935201,5852,160,13.068213,0.2,0.066526,0.005849,0.0,0.00206431,0.325535,0.329471,0.666719,0.86744,0.80028,8875.3,118.8,167.1,733.8,100.0,1.0
935362,5853,161,13.950043,0.900635,0.002665,0.038723,0.0,0.00240812,0.312408,0.239967,0.756589,0.89944,0.810219,8534.3,112.3,183.7,432.5,100.0,1.0
935520,5854,158,12.316139,0.2,0.049474,0.019254,0.033604,0.00213097,0.281449,0.158447,0.693064,0.904877,0.800107,8223.7,107.9,166.8,624.4,100.0,1.0
935684,5855,164,11.434673,0.442749,0.080296,0.015503,5.1e-05,0.00217674,0.216935,0.054661,0.63706,0.845936,0.809899,7828.3,106.0,183.2,630.1,100.0,1.0
935843,5856,159,11.893685,0.2,0.049934,0.0,0.115774,0.00163444,0.337097,0.307762,0.831736,0.853958,0.763392,8792.6,118.6,105.7,932.7,100.0,1.0
935993,5857,150,12.072324,0.271422,-0.088293,0.014473,0.01549,0.00220786,0.27477,0.115674,0.805403,0.893094,0.794193,8060.7,106.4,157.0,604.6,100.0,1.0
936151,5858,158,13.765705,0.2,0.030056,0.015943,0.222258,0.00261169,0.278347,-0.005168,0.82651,1.0,0.762479,7600.3,92.6,191.0,823.4,100.0,1.0
936317,5859,166,12.461522,0.312562,0.068133,0.009049,0.0,0.00204229,0.286554,0.195306,0.625428,0.898132,0.79346,8364.1,110.2,155.8,708.2,100.0,1.0
936475,5860,158,14.512885,0.764823,0.031956,0.000295,0.0,0.00222519,0.377006,0.291005,0.82799,1.0,0.788224,8728.7,107.6,147.0,368.3,100.0,1.0
936638,5861,163,10.40346,0.2,0.074317,0.0,0.088187,0.00195299,0.203958,0.247616,0.429726,0.654544,0.773852,8563.4,129.4,123.1,791.3,100.0,1.0
936800,5862,162,11.500733,0.95718,0.102744,0.024664,0.0,0.00167948,0.305305,0.370778,0.589584,0.77768,0.778067,9032.7,127.0,130.1,811.9,100.0,1.0
936965,5863,165,11.401685,0.834635,0.034847,0.029269,0.0,0.00213999,0.219315,0.058716,0.661101,0.850507,0.825118,7843.7,106.0,208.5,605.9,100.0,1.0
937130,5864,165,12.716913,0.307164,0.039014,0.011912,0.0,0.00247253,0.230508,0.177111,0.629246,0.755033,0.793334,8294.8,118.2,155.6,515.3,100.0,1.0
937289,5865,159,11.020314,0.900849,0.066525,0.010283,0.0,0.00212337,0.215712,-0.025741,0.666547,0.892246,0.771094,7521.9,99.4,125.7,588.1,100.0,1.0
937443,5866,154,14.220434,1.0,-0.042781,0.0,2.3e-05,0.00257952,0.316792,0.13671,0.797831,1.0,0.8042,8140.9,99.5,179.2,319.0,100.0,1.0
937603,5867,160,12.531971,0.779829,0.023976,0.028878,0.0,0.00239427,0.246219,-0.126131,0.866481,1.0,0.731417,7139.4,88.4,187.7,613.1,100.0,1.0
937764,5868,161,7.827603,0.538636,-0.024759,0.020776,0.0,0.00175204,0.111003,-0.190376,0.725259,0.727188,0.747037,6894.7,99.8,80.8,732.1,100.0,1.0
937930,5869,166,10.719173,0.926718,-0.023535,0.005946,0.0,0.0017776,0.243194,0.098585,0.707098,0.827893,0.758917,7995.6,109.4,98.2,909.5,100.0,1.0
938083,5870,153,10.306212,0.737081,-0.00704,0.018409,0.0,0.00265621,0.111144,-0.194264,0.532574,0.79048,0.753942,6879.9,96.1,135.9,304.5,100.0,1.0
938241,5871,158,11.88648,0.817263,0.13711,0.033051,0.0,0.00200704,0.279819,0.067825,0.829485,0.941005,0.781101,7878.4,101.5,135.2,806.0,100.0,1.0
938405,5872,164,11.031618,0.348268,0.084656,0.021965,0.032179,0.0019518,0.233905,0.380909,0.413013,0.620188,0.788901,9071.3,140.0,148.2,482.2,100.0,1.0
938567,5873,162,11.492959,0.526212,0.044205,0.016868,8.4e-05,0.00188203,0.272275,0.224791,0.572886,0.841453,0.790994,8476.5,115.1,151.7,578.7,100.0,1.0
938731,5874,164,10.957039,0.979757,0.051379,0.045407,0.0,0.00236001,0.163213,0.037723,0.484925,0.754911,0.813508,7763.7,110.6,189.2,477.1,100.0,1.0
938888,5875,157,11.318136,0.781915,0.008213,0.010038,0.0,0.00218835,0.224838,-0.161367,0.852015,0.967195,0.712016,7005.2,89.0,148.1,543.4,100.0,1.0
939042,5876,154,8.940952,0.677544,0.015994,0.013286,0.0,0.00223383,0.105022,-0.059321,0.33596,0.709972,0.781507,7394.0,108.1,135.8,469.9,100.0,1.0
939209,5877,167,14.502275,0.490882,0.109419,0.012202,0.0,0.00204323,0.387128,0.39023,0.657172,0.983218,0.79648,9106.8,114.8,160.8,708.3,100.0,1.0
939366,5878,157,12.063251,0.931645,-0.027558,0.008823,0.0,0.00227531,0.248651,-0.204778,1.0,1.0,0.648386,6839.8,83.1,111.5,469.5,100.0,1.0
939521,5879,155,14.704982,0.84005,0.136946,0.012622,0.0,0.00250184,0.350814,0.324391,0.70216,0.942764,0.814533,8855.9,114.0,190.9,423.3,100.0,1.0
939679,5880,158,12.809344,0.2,-0.010302,0.0,0.005372,0.00246446,0.254044,-0.020801,0.844326,0.94966,0.777446,7540.7,96.7,167.7,631.6,100.0,1.0
939840,5881,161,15.004254,0.695187,0.131613,0.011828,0.0,0.00262773,0.330683,0.213412,0.745203,1.0,0.842659,8433.1,100.6,237.8,341.1,100.0,1.0
939997,5882,157,10.315547,0.2,0.034737,0.003716,0.000532,0.00218652,0.174953,-0.07554,0.598363,0.858681,0.794913,7332.2,98.6,174.3,458.2,100.0,1.0
940157,5883,160,16.000288,0.560126,0.076979,0.037822,2.2e-05,0.00231746,0.433083,0.610362,0.647835,0.902048,0.805219,9945.5,130.7,175.4,383.3,100.0,1.0
940320,5884,163,12.300515,0.2,0.079957,0.016597,0.227779,0.00180842,0.323249,0.17385,0.782973,0.974549,0.784937,8282.4,104.9,141.6,868.1,100.0,1.0
940479,5885,159,13.520198,0.2,0.093238,0.003548,0.159015,0.00215904,0.336034,0.396987,0.730337,0.813471,0.803302,9132.5,125.9,172.2,539.4,100.0,1.0
940636,5886,157,11.17812,0.851514,0.082579,0.017551,0.0,0.00202082,0.244392,0.107782,0.64778,0.864656,0.803696,8030.6,107.7,172.8,641.4,100.0,1.0
940798,5887,162,15.30021,0.637949,0.091811,0.011488,0.0,0.00231838,0.393238,0.544257,0.697956,0.854969,0.831435,9693.6,130.6,219.1,354.6,100.0,1.0
940955,5888,157,16.294841,0.2,0.056146,0.021676,0.006,0.00262876,0.406169,0.563898,0.739373,0.864856,0.839164,9768.5,131.0,231.9,456.0,100.0,1.0
941112,5889,157,10.805288,1.0,0.055817,0.024154,0.0,0.00227707,0.185548,0.016731,0.498213,0.832477,0.807479,7683.7,104.8,179.1,491.8,100.0,1.0
941275,5890,163,16.506025,1.0,0.085914,0.014387,0.0,0.00285157,0.364816,0.324065,0.735665,0.993793,0.850004,8854.7,111.0,250.0,296.3,100.0,1.0
941439,5891,164,14.374269,0.2,0.040525,0.017914,0.075043,0.00198109,0.397653,0.370648,0.85232,0.965644,0.776408,9032.2,114.9,127.3,667.0,100.0,1.0
941600,5892,161,11.728066,0.712812,0.031518,0.026374,0.0,0.00221395,0.233103,-0.124324,0.700665,1.0,0.717248,7146.3,87.4,175.9,507.3,100.0,1.0
941758,5893,158,12.460252,0.449213,0.080496,0.006974,1e-06,0.00204288,0.303599,0.100173,0.798026,0.989492,0.787931,8001.7,100.5,146.6,643.0,100.0,1.0
941914,5894,156,12.764494,0.53435,0.101073,0.0,0.0,0.00244571,0.260157,-0.159838,0.951057,1.0,0.645027,7011.0,82.0,118.7,455.2,100.0,1.0
942074,5895,160,10.973842,0.2,-0.056613,0.031496,3.7e-05,0.0019458,0.240357,-0.147391,0.84213,0.992008,0.697356,7058.4,88.6,128.8,822.9,100.0,1.0
942236,5896,162,8.337488,0.2,0.045447,0.0,0.108771,0.00187364,0.115615,-0.001192,0.463121,0.643198,0.776998,7615.5,115.9,128.3,845.4,100.0,1.0
942393,5897,157,13.186655,0.2,-0.033951,0.001918,0.103411,0.00239396,0.287085,0.088099,0.843481,0.961267,0.822705,7955.7,101.4,204.5,603.2,100.0,1.0
942548,5898,155,9.920033,0.2,0.069579,0.0,0.099875,0.00201994,0.185641,0.132869,0.390278,0.726751,0.771267,8126.2,117.7,118.8,564.6,100.0,1.0
942708,5899,160,14.784898,0.2,0.076398,0.004529,0.0009,0.00218791,0.393274,0.383097,0.729103,1.0,0.818601,9079.6,112.9,197.7,429.7,100.0,1.0
942869,5900,161,11.8358,0.79353,-0.026826,0.003568,0.0,0.00212754,0.252563,-0.071315,0.716946,1.0,0.720856,7348.3,90.4,146.5,599.0,100.0,1.0
943026,5901,157,14.785634,0.302717,0.089163,0.007185,0.001042,0.00194218,0.438518,0.692546,0.684003,0.827774,0.809972,10258.6,140.3,183.3,471.9,100.0,1.0
943179,5902,153,11.198936,0.2,0.054051,0.00323,0.033941,0.0021109,0.240138,0.063663,0.778366,0.860843,0.806378,7862.6,105.6,177.3,522.3,100.0,1.0
943342,5903,163,11.221525,0.2,0.075676,0.015191,0.028985,0.00193091,0.249516,0.099369,0.602158,0.904573,0.810399,7998.6,105.0,184.0,495.8,100.0,1.0
943503,5904,161,14.405635,0.072295,-0.005793,0.020597,0.0,0.0022098,0.368608,0.242689,0.899623,1.0,0.781478,8544.6,102.7,135.8,477.4,100.0,1.0
943662,5905,159,12.727073,0.562057,0.06624,0.013571,0.0,0.00204279,0.315198,0.137925,0.792617,1.0,0.811688,8145.5,101.1,186.1,590.2,100.0,1.0
943819,5906,157,13.102802,0.241969,0.028621,0.015423,0.009145,0.0022867,0.2999,0.114594,0.805462,0.96169,0.78673,8056.6,102.7,144.5,465.0,100.0,1.0
943975,5907,156,10.286729,1.0,0.058291,0.010758,3.2e-05,0.00248144,0.130215,-0.137616,0.627838,0.797777,0.818127,7095.7,98.7,212.4,415.7,100.0,1.0
944137,5908,162,7.473456,0.2,0.00426,0.0,0.0,0.00218412,0.022023,-0.022545,0.226859,0.473722,0.792877,7534.1,127.8,154.8,404.7,100.0,1.0
944299,5909,162,13.480726,1.0,0.023646,0.029424,0.0,0.00274211,0.233773,0.086676,0.844105,0.822292,0.843881,7950.2,109.1,239.8,314.8,100.0,1.0
944454,5910,155,12.426519,0.641115,0.059798,0.032393,0.0,0.0023062,0.267577,0.168036,0.722624,0.857005,0.817251,8260.2,111.2,195.4,426.9,100.0,1.0
944619,5911,165,12.765829,1.0,0.015537,0.018222,0.000108,0.00254394,0.222397,0.022081,0.674369,0.895031,0.830145,7704.1,101.6,216.9,544.6,100.0,1.0
944781,5912,162,16.556914,0.757059,0.040875,0.00754,0.0,0.00265646,0.402609,0.339082,0.998442,1.0,0.829568,8911.9,111.0,215.9,559.4,100.0,1.0
944947,5913,166,11.001008,1.0,0.031762,0.025826,0.0,0.00204804,0.21351,-0.013221,0.708074,0.868452,0.783142,7569.6,101.3,138.6,732.9,100.0,1.0
945106,5914,159,12.625583,1.0,0.022229,0.022742,0.0,0.00286905,0.179069,-0.218044,0.838552,0.908269,0.731824,6789.3,88.9,182.0,444.2,100.0,1.0
945266,5915,160,15.003114,0.558602,0.132048,0.004225,1.1e-05,0.00224217,0.396209,0.412782,0.757839,0.966186,0.811071,9192.7,116.9,185.1,523.8,100.0,1.0
945430,5916,164,13.447831,0.2,0.099677,0.011716,0.049613,0.00196347,0.354716,0.413825,0.725685,0.838418,0.78069,9196.7,125.1,134.5,790.6,100.0,1.0
945597,5917,167,11.193223,0.856163,0.076802,0.000625,0.0,0.00218261,0.19878,0.197978,0.491467,0.676653,0.782438,8374.3,124.9,137.4,698.7,100.0,1.0
945754,5918,157,9.952965,0.2,0.014917,0.001835,0.03515,0.00227448,0.143775,-0.021678,0.599469,0.708384,0.782596,7537.4,110.3,137.7,489.8,100.0,1.0
945912,5919,158,14.981862,0.498646,0.148312,0.023395,3.9e-05,0.00243116,0.369872,0.406704,0.652104,0.927683,0.81187,9169.5,118.9,186.5,701.1,100.0,1.0
946073,5920,161,10.56079,0.2,-0.036298,0.031712,0.289697,0.00185878,0.232257,0.30646,0.47438,0.659165,0.76575,8787.6,132.4,109.6,628.8,100.0,1.0
946221,5921,148,10.515771,1.0,0.058051,0.031361,0.0,0.00207007,0.222881,0.104071,0.631126,0.79945,0.78232,8016.5,111.4,137.2,568.2,100.0,1.0
946382,5922,161,13.189261,0.433564,0.10646,0.011322,5.7e-05,0.00273789,0.223034,-0.103045,0.617547,0.989274,0.744503,7227.4,90.8,181.2,387.6,100.0,1.0
946543,5923,161,13.563717,0.2,0.021036,0.011197,0.042046,0.00226489,0.318104,0.169543,0.766798,0.975596,0.796874,8266.0,104.6,161.5,501.6,100.0,1.0
946707,5924,164,8.057566,0.523024,0.05447,0.016776,0.0,0.00211661,0.058478,-0.363207,0.553035,0.774746,0.704322,6236.2,87.8,149.0,578.5,100.0,1.0
946863,5925,156,14.123312,1.0,0.074906,0.049332,0.0,0.00290842,0.257279,0.271299,0.646364,0.732621,0.793645,8653.6,124.9,156.1,251.5,100.0,1.0
947019,5926,156,12.638316,1.0,0.034141,0.022215,1e-06,0.00230136,0.277278,0.325574,0.58984,0.773013,0.831055,8860.4,124.9,218.4,726.5,100.0,1.0
947180,5927,161,10.253722,0.586457,0.092345,0.016059,0.0,0.00161552,0.256142,0.139625,0.643355,0.841335,0.757647,8152.0,110.7,96.1,695.9,100.0,1.0
947342,5928,162,15.512377,0.2,0.031985,0.007199,0.0,0.00213004,0.435945,0.547571,0.670013,0.969115,0.809481,9706.2,123.2,182.5,567.6,100.0,1.0
947506,5929,164,10.593062,1.0,0.017327,0.00258,0.0,0.00198448,0.207888,-0.055916,0.78361,0.855497,0.751632,7407.0,99.8,88.4,539.7,100.0,1.0
947667,5930,161,14.849628,0.22499,0.072684,0.011259,0.012137,0.00224517,0.386192,0.562848,0.606075,0.823718,0.798566,9764.5,133.9,164.3,405.3,100.0,1.0
947829,5931,162,12.717472,0.2,0.078858,0.028581,0.035617,0.00222443,0.279975,0.356155,0.519136,0.754438,0.803227,8976.9,127.9,172.0,469.4,100.0,1.0
947983,5932,154,15.842803,0.2,0.062369,0.0,0.016063,0.00257033,0.401928,0.392425,0.907255,0.963475,0.816814,9115.1,116.1,194.7,585.0,100.0,1.0
948147,5933,164,9.765997,0.337821,0.080689,0.030097,0.0,0.00202147,0.160264,-0.038145,0.561581,0.784175,0.785022,7474.7,104.7,141.7,574.4,100.0,1.0
948312,5934,165,9.172532,0.2,0.038206,0.0,0.071206,0.00244933,0.057763,-0.003276,0.255032,0.550763,0.796803,7607.5,122.6,161.3,550.3,100.0,1.0
948474,5935,162,11.955931,0.2,0.030127,0.0,0.056897,0.00185394,0.301742,0.170414,0.762347,0.905091,0.754594,8269.3,108.5,91.0,776.8,100.0,1.0
948628,5936,154,11.319784,0.200827,0.039222,0.00564,0.003443,0.00220615,0.230308,-0.106182,0.796401,0.960779,0.742204,7215.4,92.0,163.7,770.1,100.0,1.0
948792,5937,164,12.079037,1.0,0.010786,0.008489,0.0,0.00226507,0.236848,0.014303,0.676756,0.930048,0.806753,7674.5,99.4,184.8,510.3,100.0,1.0
948946,5938,154,10.40503,0.5087,0.000517,0.00994,0.0,0.00204364,0.209307,-0.34167,0.959091,1.0,0.585091,6318.2,75.1,99.5,770.3,100.0,1.0
949101,5939,155,13.465744,0.396796,0.108157,0.024821,0.000236,0.00227864,0.325016,0.19188,0.664867,1.0,0.793143,8351.1,103.8,155.2,552.9,100.0,1.0
949258,5940,157,12.048378,0.920369,0.0462,0.004508,0.0,0.00231123,0.24399,-0.006467,0.693253,0.949109,0.776297,7595.4,97.4,157.3,395.6,100.0,1.0
949413,5941,155,9.810189,0.2,0.005535,0.019188,0.018923,0.0018743,0.203616,-0.38271,0.993523,1.0,0.558939,6161.9,73.2,77.6,644.8,100.0,1.0
949572,5942,159,11.10339,0.2,0.027902,0.003886,0.02423,0.00199347,0.242314,0.140573,0.609687,0.829821,0.791461,8155.6,111.4,152.4,787.6,100.0,1.0
949741,5943,169,10.928922,0.2,0.117621,0.0,0.086756,0.00205996,0.20236,0.113106,0.482175,0.78336,0.798102,8050.9,112.9,163.5,912.6,100.0,1.0
949906,5944,165,13.0912,0.2,-0.005862,0.008932,0.02541,0.00223475,0.290699,0.181293,0.774264,0.874186,0.780729,8310.7,110.9,134.5,595.1,100.0,1.0
950066,5945,160,10.034737,0.901785,-0.019457,0.019838,0.0,0.00263346,0.084145,-0.066427,0.42033,0.66485,0.836682,7366.9,110.6,227.8,427.8,100.0,1.0
950226,5946,160,8.319382,0.242966,0.011435,0.029926,0.015529,0.00172022,0.143871,-0.27489,0.776178,0.849331,0.674009,6572.7,88.9,86.7,992.6,100.0,1.0
950386,5947,160,13.293173,0.2,0.07336,0.020338,0.063374,0.00199997,0.349664,0.500831,0.601325,0.781875,0.79708,9528.2,133.7,161.8,617.7,100.0,1.0
950548,5948,162,5.131049,0.485034,-0.202887,0.027545,2e-05,0.00205044,-0.073687,-0.114224,-0.070503,0.37252,0.7852,7184.8,130.9,142.0,472.1,100.0,1.0
950711,5949,163,9.979689,0.963547,0.031059,0.0213,0.0,0.00233638,0.121902,0.099417,0.278634,0.630173,0.80659,7998.8,122.7,177.7,389.8,100.0,1.0
950873,5950,162,12.249697,0.583946,0.124385,0.022827,0.0,0.00183391,0.319991,0.370706,0.567433,0.820051,0.767585,9032.4,124.1,112.6,638.6,100.0,1.0
951030,5951,157,12.541062,0.387302,0.078062,0.018183,7e-06,0.0024507,0.247024,0.073657,0.725834,0.887959,0.810623,7900.6,104.6,184.4,791.4,100.0,1.0
951191,5952,161,7.383731,0.2,0.054804,0.013858,0.008131,0.00144703,0.139012,-0.020173,0.605488,0.668999,0.743127,7543.1,113.0,71.9,1157.8,100.0,1.0
951354,5953,163,12.131207,0.5879,0.11566,0.005234,1.1e-05,0.00219242,0.253783,0.165688,0.523041,0.877737,0.818598,8251.3,109.9,197.7,552.9,100.0,1.0
951511,5954,157,13.446954,0.325355,0.086624,0.016385,9.2e-05,0.00196355,0.369172,0.478694,0.680846,0.833089,0.790182,9443.8,128.8,150.3,733.8,100.0,1.0
951666,5955,155,11.749274,1.0,0.126754,0.0,0.0,0.00219332,0.251967,-0.031391,0.855761,0.938308,0.755148,7500.4,96.7,130.0,784.4,100.0,1.0
951825,5956,159,16.34083,0.759942,0.053608,0.035949,5e-05,0.00257913,0.413248,0.444074,0.727633,1.0,0.824703,9311.9,116.0,207.8,409.5,100.0,1.0
951986,5957,161,12.197485,0.990797,0.15493,0.0,0.0,0.00211885,0.273478,0.142927,0.72653,0.888671,0.801173,8164.6,108.1,168.6,487.2,100.0,1.0
952150,5958,164,13.078608,0.691609,0.092433,0.010759,0.0,0.00232198,0.278227,0.03025,0.698872,0.998818,0.75917,7735.3,96.7,136.6,579.0,100.0,1.0
952304,5959,154,13.37997,0.657374,0.064688,0.037539,0.0,0.00214143,0.344473,0.368481,0.762987,0.855581,0.801239,9023.9,121.6,168.7,659.3,100.0,1.0
952464,5960,160,11.882267,0.2,0.073248,0.011741,0.022995,0.00191285,0.292732,0.096059,0.732051,0.970275,0.768452,7986.0,101.3,114.1,609.7,100.0,1.0
952621,5961,157,7.536212,0.2,0.054598,0.0,0.0,0.00213447,0.044661,-0.07575,0.285919,0.568658,0.782246,7331.4,116.8,137.1,643.7,100.0,1.0
952780,5962,159,11.069441,1.0,-0.01534,0.022463,0.0,0.00261419,0.142178,0.246139,0.300476,0.560525,0.85101,8557.8,137.1,251.7,497.6,100.0,1.0
952935,5963,155,13.853293,1.0,0.017742,0.030093,0.0,0.00247559,0.314465,0.208695,0.72576,0.943295,0.806536,8415.1,108.3,177.6,400.9,100.0,1.0
953096,5964,161,15.794812,1.0,0.084726,0.017665,0.0,0.00223169,0.436781,0.622424,0.707772,0.874613,0.789793,9991.4,133.2,149.7,507.3,100.0,1.0
953250,5965,154,13.829342,0.731954,0.067968,0.033691,0.00012,0.00217761,0.361701,0.621758,0.618468,0.714881,0.839847,9988.9,145.6,233.1,563.8,100.0,1.0
953414,5966,164,12.771702,0.619362,0.046592,0.027853,1.3e-05,0.002408,0.248858,0.126143,0.714286,0.838591,0.801135,8100.6,110.1,168.6,483.3,100.0,1.0
953572,5967,158,10.67032,1.0,0.083932,0.032307,0.0,0.00226194,0.180487,0.053898,0.482,0.785857,0.808137,7825.4,109.5,180.2,428.1,100.0,1.0
953731,5968,159,11.975999,0.628094,0.006691,0.016753,0.0,0.00202233,0.282153,0.095025,0.717998,0.958078,0.791165,7982.0,101.9,151.9,578.9,100.0,1.0
953892,5969,161,8.686531,0.422677,0.068097,0.022074,5.9e-05,0.00196866,0.120931,-0.052266,0.524502,0.691762,0.776714,7420.9,109.7,127.9,942.2,100.0,1.0
954053,5970,161,10.60219,1.0,0.083805,0.013765,0.0,0.00208784,0.198309,-0.063219,0.701094,0.868343,0.767968,7379.1,98.7,128.0,629.3,100.0,1.0
954210,5971,157,13.018439,0.273648,0.036613,0.022362,1e-06,0.00207764,0.330071,0.384712,0.63248,0.829672,0.791057,9085.8,124.1,151.8,596.4,100.0,1.0
954372,5972,162,12.294104,0.44444,0.013965,0.0,0.0,0.00189191,0.313263,0.263297,0.655391,0.886019,0.772686,8623.2,114.3,121.1,667.2,100.0,1.0
954536,5973,164,14.736767,0.710767,0.105354,0.0354,0.0,0.00237382,0.353601,0.347953,0.648427,0.927853,0.78887,8945.7,116.0,148.1,517.3,100.0,1.0
954697,5974,161,14.108547,0.791212,0.094018,0.014293,0.0,0.00234633,0.333519,0.197715,0.737619,1.0,0.797214,8373.3,104.6,162.0,461.2,100.0,1.0
954862,5975,165,11.08082,0.484134,0.002206,0.001377,0.0,0.00232612,0.174855,-0.41982,0.881435,1.0,0.581757,6020.5,72.0,129.3,861.9,100.0,1.0
955024,5976,162,11.471232,0.374825,0.052924,0.012868,1.6e-05,0.00215036,0.230023,0.018956,0.743913,0.875836,0.787728,7692.2,102.5,146.2,476.2,100.0,1.0
955184,5977,160,11.869392,0.986741,0.085774,0.032906,0.0,0.00194868,0.286681,0.290301,0.605928,0.80339,0.783518,8726.0,121.0,139.2,735.2,100.0,1.0
955342,5978,158,11.951153,0.413592,0.014265,0.012401,0.0003,0.00234491,0.232117,0.238275,0.532269,0.747342,0.830382,8527.8,122.0,217.3,454.9,100.0,1.0
955506,5979,164,12.915827,0.2,0.125191,0.0,0.023755,0.0022261,0.286202,0.036135,0.723711,1.0,0.744082,7757.7,95.1,130.7,541.1,100.0,1.0
955670,5980,164,10.671912,0.2,0.076151,0.0,0.277892,0.00192018,0.223232,0.157227,0.499844,0.793998,0.798404,8219.0,114.5,164.0,828.6,100.0,1.0
955830,5981,160,15.236556,1.0,0.093022,0.008058,0.0,0.00259486,0.353185,0.255857,0.848699,0.996823,0.850614,8594.8,107.6,251.0,402.8,100.0,1.0
955989,5982,159,13.477112,0.346672,0.100576,0.017935,0.048442,0.00233668,0.308163,0.058264,0.852933,1.0,0.737614,7842.0,91.7,159.6,385.1,100.0,1.0
956147,5983,158,14.003943,0.2,0.105496,0.012758,0.005652,0.00208864,0.376305,0.422291,0.743741,0.888168,0.783648,9228.9,122.2,139.4,813.8,100.0,1.0
956292,5984,145,12.149193,0.2,0.098741,0.029287,4.6e-05,0.00219431,0.294606,0.363773,0.554741,0.76817,0.785241,9006.0,127.3,142.1,397.2,100.0,1.0
956452,5985,160,0.475819,0.724408,-0.240236,0.003676,0.0,0.00209903,-0.311847,-0.612397,-0.174506,0.212132,0.771521,5286.8,109.0,119.2,505.3,100.0,1.0
956622,5986,170,9.764846,0.473382,0.090708,0.002124,0.0,0.00221288,0.116338,-0.042927,0.501773,0.687911,0.79792,7456.4,110.4,163.2,593.1,100.0,1.0
956781,5987,159,12.932166,0.705427,0.052951,0.009888,0.0,0.00233167,0.281576,0.30034,0.559312,0.801681,0.800315,8764.3,121.6,167.2,474.3,100.0,1.0
956939,5988,158,10.435241,0.2,0.070538,0.012075,0.0,0.00202784,0.20598,-0.163905,0.693272,0.952006,0.695911,6995.5,89.6,114.6,608.3,100.0,1.0
957103,5989,164,13.404292,1.0,0.035082,0.012067,0.0,0.0023644,0.288402,0.194581,0.636576,0.903234,0.797455,8361.4,109.8,162.4,456.3,100.0,1.0
957260,5990,157,9.949101,0.2,0.033366,0.001243,0.400016,0.00278973,0.063907,-0.071036,0.294271,0.646342,0.834384,7349.4,111.6,224.0,404.6,100.0,1.0
957418,5991,158,12.14838,1.0,0.06236,0.007084,0.0,0.002166,0.270663,0.100637,0.710677,0.91406,0.777741,8003.4,104.5,129.6,626.3,100.0,1.0
957580,5992,162,11.679411,0.527516,0.102076,0.028056,9.2e-05,0.00232039,0.213345,0.291021,0.352002,0.672322,0.795124,8728.8,130.5,158.5,441.3,100.0,1.0
957737,5993,157,9.066821,0.2,0.095928,0.001798,0.045699,0.0020069,0.142369,-0.089733,0.537121,0.775166,0.756225,7278.1,102.5,93.7,729.4,100.0,1.0
957892,5994,155,11.756547,0.275366,0.013673,0.024614,7.2e-05,0.00170517,0.328847,0.509158,0.691335,0.682583,0.786978,9559.9,142.0,145.0,741.7,100.0,1.0
958059,5995,167,7.698351,0.988451,-0.106472,0.017696,0.000228,0.00245,-0.020749,-0.076369,0.060985,0.486634,0.852203,7329.0,123.2,253.7,337.4,100.0,1.0
958214,5996,155,12.098142,0.892872,0.092076,0.0,0.0,0.00229432,0.254796,0.063287,0.660262,0.93852,0.809311,7861.1,101.4,182.2,446.2,100.0,1.0
958374,5997,160,10.015393,0.379133,0.047013,0.032115,7e-06,0.00172686,0.229041,-0.06247,0.671525,0.939132,0.724717,7382.0,95.2,97.5,692.5,100.0,1.0
958535,5998,161,11.852183,0.596423,0.060896,0.014439,0.0,0.00208998,0.261531,0.192037,0.625952,0.837787,0.807516,8351.7,113.6,179.2,796.6,100.0,1.0
958689,5999,154,13.648859,0.047496,0.083205,0.023953,0.0,0.00240493,0.318342,0.076767,0.944334,1.0,0.764797,7912.5,97.0,143.1,363.5,100.0,1.0
958849,6000,160,15.001606,0.709043,0.02318,0.020292,0.0,0.00199698,0.437483,0.730368,0.645489,0.798509,0.810865,10402.7,144.6,184.8,656.4,100.0,1.0
959010,6001,161,13.13903,0.251339,-0.004831,0.0,0.028434,0.00222052,0.305529,0.238731,0.72339,0.876473,0.785656,8529.6,113.6,142.8,587.9,100.0,1.0
959169,6002,159,11.949709,0.2,0.082499,0.0,0.005766,0.00211049,0.267477,-0.066644,0.836446,1.0,0.71421,7366.1,89.5,146.0,661.2,100.0,1.0
959330,6003,161,7.322287,0.615154,0.083101,0.016756,0.0,0.00190012,0.063606,0.067612,0.259019,0.491757,0.790373,7877.6,132.0,150.6,746.7,100.0,1.0
959494,6004,164,14.59997,0.2,0.011528,0.012594,0.0,0.00227312,0.364014,0.415869,0.706338,0.884229,0.808273,9204.5,122.1,180.5,352.4,100.0,1.0
959652,6005,158,8.232481,0.2,-0.049042,0.000869,0.020171,0.00180294,0.130605,0.244407,0.201419,0.518976,0.783607,8551.2,140.7,139.3,514.7,100.0,1.0
959817,6006,165,12.794949,0.453921,0.029029,0.010194,6.6e-05,0.00214807,0.291293,0.158003,0.749873,0.903908,0.776815,8222.0,108.0,128.0,442.0,100.0,1.0
959980,6007,163,13.242126,1.0,0.032936,0.020294,2.6e-05,0.0027156,0.225691,-0.000147,0.719399,0.893873,0.795263,7619.4,100.6,158.8,318.2,100.0,1.0
960137,6008,157,6.443872,0.2,0.049233,0.0,0.0,0.0018151,0.04027,-0.315648,0.505751,0.695069,0.71551,6417.4,94.6,88.3,738.3,100.0,1.0
960300,6009,163,12.53194,0.2,0.068096,0.012385,0.006426,0.0020606,0.296636,0.287608,0.610682,0.844605,0.80353,8715.8,118.1,172.6,492.5,100.0,1.0
960459,6010,159,14.247,1.0,-0.010424,0.041034,0.0,0.00275083,0.281737,0.129225,0.834394,0.920451,0.845447,8112.3,105.6,242.4,253.1,100.0,1.0
960617,6011,158,11.801863,0.2,-0.005484,0.01077,0.022402,0.00234228,0.225676,-0.170179,0.776907,1.0,0.71226,6971.6,87.0,172.5,523.0,100.0,1.0
960780,6012,163,14.293418,0.979448,0.091029,0.029928,0.0,0.00230746,0.345454,0.381835,0.660304,0.873317,0.799398,9074.8,121.1,165.7,587.2,100.0,1.0
960938,6013,158,14.086905,0.73836,0.064753,0.021059,0.0,0.00262203,0.296911,0.073653,0.740625,1.0,0.764648,7900.6,93.9,179.5,317.9,100.0,1.0
961102,6014,164,12.611313,0.343737,0.081069,0.0,0.009945,0.00208201,0.295279,0.18742,0.8515,0.862474,0.786671,8334.1,111.9,144.5,549.1,100.0,1.0
961260,6015,158,13.173901,0.768602,0.101467,0.021357,0.0,0.00208998,0.334939,0.154548,0.901452,0.988869,0.777012,8208.8,103.2,128.4,573.4,100.0,1.0
961418,6016,158,11.886704,0.214303,-0.022918,0.009707,0.00433,0.00256083,0.195587,-0.074969,0.639517,0.895588,0.777906,7334.4,96.7,168.0,640.8,100.0,1.0
961578,6017,160,10.302254,0.232527,0.057884,0.005498,0.011986,0.0017197,0.245071,0.241513,0.647774,0.713457,0.769728,8540.2,124.6,116.2,727.6,100.0,1.0
961739,6018,161,12.609321,0.568946,0.095919,0.003817,1e-06,0.00223162,0.277441,0.098668,0.636507,0.971087,0.803117,7995.9,101.4,171.9,606.5,100.0,1.0
961898,6019,159,13.95374,0.2,0.087484,0.014353,0.018112,0.00218604,0.357079,0.464086,0.754484,0.810862,0.823006,9388.2,129.6,205.0,653.7,100.0,1.0
962053,6020,155,12.33982,0.827159,-0.002514,0.00303,0.0,0.00249278,0.236812,-0.042365,0.708498,0.960255,0.776499,7458.6,95.1,184.4,689.8,100.0,1.0
962215,6021,162,13.843045,0.787676,0.082046,0.026481,0.0,0.00221209,0.340793,0.428023,0.661399,0.800702,0.777001,9250.8,128.4,128.3,564.8,100.0,1.0
962373,6022,158,14.793029,1.0,0.019046,0.001579,0.0,0.00274578,0.313357,0.134611,0.828797,1.0,0.833181,8132.9,101.1,222.0,369.8,100.0,1.0
962539,6023,166,14.794936,1.0,0.047143,0.023815,0.0,0.00255052,0.323984,0.178674,0.746298,1.0,0.815911,8300.7,103.4,193.2,385.0,100.0,1.0
962704,6024,165,11.710128,0.2,0.124669,0.001472,0.052594,0.00199582,0.262261,0.075479,0.634445,0.944113,0.790204,7907.6,101.7,150.3,877.9,100.0,1.0
962867,6025,163,10.584851,0.416534,0.002535,0.027772,0.0,0.00193924,0.21863,0.119272,0.729725,0.727604,0.753746,8074.4,116.8,89.6,661.9,100.0,1.0
963023,6026,156,13.760253,0.215156,0.071171,0.018519,0.0,0.00215005,0.359736,0.256981,0.825002,0.976491,0.772395,8599.1,108.8,120.7,673.2,100.0,1.0
963181,6027,158,14.840133,0.667324,-0.001745,0.007067,0.0,0.00245646,0.361623,0.263196,0.801547,1.0,0.803252,8622.8,104.5,172.1,360.8,100.0,1.0
963339,6028,158,11.604209,0.2,0.064728,0.0,0.05126,0.00215791,0.245341,-0.008357,0.709793,0.957878,0.789853,7588.2,96.9,186.0,544.9,100.0,1.0
963496,6029,157,11.16346,0.692473,0.034378,0.011557,1e-06,0.00223479,0.213178,0.054195,0.635901,0.817164,0.776939,7826.5,107.7,128.2,544.6,100.0,1.0
963656,6030,160,15.152894,0.276129,0.118207,0.01252,0.0,0.0025207,0.362347,0.340307,0.70597,0.970054,0.834381,8916.6,113.2,224.0,321.5,100.0,1.0
963814,6031,158,15.612687,0.745472,0.007405,0.010769,0.0,0.00280283,0.346138,0.189161,0.908927,1.0,0.804808,8340.7,98.1,196.3,303.8,100.0,1.0
963977,6032,163,9.04494,0.700068,0.021768,0.020234,0.0,0.00244544,0.058514,-0.335628,0.536681,0.771915,0.739273,6341.3,89.5,188.3,455.2,100.0,1.0
964138,6033,161,14.259557,0.659552,0.048976,0.022694,0.0,0.00220378,0.365903,0.391584,0.654547,0.923168,0.798572,9111.9,118.4,164.3,382.8,100.0,1.0
964291,6034,153,14.339393,0.2,0.002583,0.018194,0.094169,0.00209797,0.403787,0.420556,0.88563,0.924477,0.777689,9222.3,119.8,129.5,486.5,100.0,1.0
964461,6035,170,14.268307,0.2,0.016528,0.019681,0.000131,0.00239793,0.313568,0.152141,0.701433,0.986956,0.776297,8199.7,103.2,127.2,565.1,100.0,1.0
964619,6036,158,9.558522,1.0,0.04719,0.025345,0.0,0.0025052,0.087357,-0.110275,0.412162,0.721047,0.838149,7199.9,104.6,230.2,551.2,100.0,1.0
964783,6037,164,10.823277,0.2,0.060202,0.008448,0.100941,0.00179809,0.252244,0.226766,0.669253,0.742494,0.769612,8484.0,121.7,116.0,883.4,100.0,1.0
964942,6038,159,9.428488,0.2,0.028875,0.009231,1.3e-05,0.0021291,0.138094,-0.440936,0.838183,0.936325,0.595556,5940.0,76.7,97.9,595.4,100.0,1.0
965103,6039,161,9.576546,0.2,0.043401,0.010559,0.029059,0.00219804,0.130227,-0.060398,0.605139,0.70869,0.785949,7389.9,108.1,143.2,553.1,100.0,1.0
965261,6040,158,11.4206,1.0,0.08796,0.006102,0.0,0.0024152,0.195747,-0.114283,0.706888,0.903727,0.756237,7184.6,94.3,159.7,536.5,100.0,1.0
965424,6041,163,10.721598,0.2,0.027995,0.0,0.094998,0.00191051,0.230606,0.192111,0.640259,0.712625,0.750385,8351.9,121.9,84.0,645.1,100.0,1.0
965587,6042,163,11.04591,0.2,0.012542,0.006448,0.0,0.00199421,0.233349,-0.078064,0.809745,0.926938,0.723657,7322.6,95.0,97.7,708.7,100.0,1.0
965754,6043,167,11.658613,0.771386,0.077003,0.008187,0.0,0.00228572,0.207669,0.13962,0.452321,0.773199,0.785252,8152.0,114.9,142.1,448.7,100.0,1.0
965911,6044,157,8.592023,0.82812,0.034224,0.006372,0.0,0.00232513,0.069327,-0.041391,0.433318,0.584417,0.82032,7462.3,117.7,200.5,709.5,100.0,1.0
966077,6045,166,14.677527,1.0,0.103953,0.016457,0.0,0.00230973,0.358661,0.323217,0.655772,0.982132,0.818943,8851.5,111.6,198.2,519.0,100.0,1.0
966238,6046,161,11.324501,0.2,0.068253,0.030987,0.032326,0.00196057,0.256921,0.157467,0.696319,0.810663,0.75778,8219.9,113.5,96.3,790.3,100.0,1.0
966395,6047,157,12.386639,0.913055,0.066951,0.018881,0.0,0.00251406,0.231589,0.038831,0.6793,0.868961,0.770343,7767.9,103.9,117.2,398.8,100.0,1.0
966554,6048,159,10.700929,0.2,0.097347,0.0,0.0,0.00223905,0.185079,0.010377,0.553187,0.822917,0.809462,7659.5,105.0,182.4,672.2,100.0,1.0
966713,6049,159,12.136912,0.2,0.055025,0.002082,0.072759,0.00230285,0.247575,0.062635,0.759174,0.883702,0.797801,7858.6,104.3,163.0,742.2,100.0,1.0
966878,6050,165,11.256714,0.339278,0.021866,0.025155,0.0,0.00188677,0.257918,0.247203,0.605481,0.760564,0.776744,8561.8,121.6,127.9,569.9,100.0,1.0
967037,6051,159,13.384804,0.391513,0.071582,0.014289,1e-05,0.00249398,0.280329,0.091922,0.905155,0.914634,0.812407,7970.2,104.1,187.3,444.1,100.0,1.0
967203,6052,166,12.891371,0.976584,0.075916,0.03307,0.0,0.00205856,0.310234,0.290908,0.656176,0.858367,0.788148,8728.4,117.4,146.9,650.6,100.0,1.0
967361,6053,158,11.208858,0.2,0.127616,0.0,0.010763,0.00237673,0.191359,-0.194224,0.68975,0.946921,0.7053,6880.0,88.3,144.8,785.9,100.0,1.0
967518,6054,157,11.6577,0.528589,-0.015076,0.01168,0.0,0.00217871,0.247559,-0.074627,0.900364,0.943034,0.732101,7335.7,94.4,119.0,820.3,100.0,1.0
967676,6055,158,10.721372,0.374657,0.021079,0.004649,0.0,0.00248597,0.149492,-0.08138,0.511763,0.814623,0.791597,7309.9,100.7,152.7,407.7,100.0,1.0
967842,6056,166,11.826723,0.645594,0.084723,0.0,0.0,0.00218959,0.234746,0.014646,0.783394,0.893197,0.806693,7675.8,101.4,177.8,607.5,100.0,1.0
968001,6057,159,13.596934,0.2,0.126144,0.008596,0.0,0.00222935,0.333322,0.297119,0.6967,0.918031,0.808252,8752.0,114.1,180.4,594.1,100.0,1.0
968158,6058,157,11.054875,1.0,0.088412,0.016176,0.0,0.00203088,0.240367,0.070358,0.655501,0.878449,0.786325,7888.1,105.0,143.9,881.1,100.0,1.0
968323,6059,165,12.610368,0.90545,0.070072,0.01417,0.0,0.00215196,0.282829,0.193874,0.61688,0.892091,0.794734,8358.7,110.4,157.9,411.7,100.0,1.0
968473,6060,150,12.389712,0.516085,-0.015815,0.005607,0.0,0.00237833,0.270006,-0.010331,0.814914,0.979532,0.753526,7580.6,95.7,138.9,291.4,100.0,1.0
968632,6061,159,10.184511,0.2,0.051516,0.000547,0.044547,0.00220561,0.164525,0.085614,0.562071,0.688034,0.812294,7946.2,117.7,187.2,507.2,100.0,1.0
968791,6062,159,11.524509,1.0,0.116093,0.016724,0.0,0.00210301,0.248633,0.337052,0.440441,0.696719,0.786156,8904.2,131.2,143.6,593.6,100.0,1.0
968952,6063,161,12.759182,0.441459,-0.013199,0.005154,0.0,0.00227839,0.278662,0.23264,0.727794,0.809633,0.794566,8506.4,117.5,157.6,444.3,100.0,1.0
969107,6064,155,14.894618,0.2,0.100285,0.0,0.0,0.00262478,0.346733,0.181884,0.933805,1.0,0.801536,8313.0,100.7,169.2,493.3,100.0,1.0
969264,6065,157,9.085403,0.405558,0.064738,0.001228,0.0,0.00187093,0.16595,0.007343,0.546026,0.76062,0.787199,7648.0,108.6,145.3,637.1,100.0,1.0
969427,6066,163,12.208479,0.356507,0.00014,0.030913,0.000892,0.00184241,0.317384,0.394262,0.684578,0.768254,0.789772,9122.1,129.0,149.6,463.9,100.0,1.0
969591,6067,164,15.033964,0.635093,0.05855,0.015687,9e-06,0.00242825,0.362449,0.31574,0.752841,0.962799,0.801617,8823.0,112.4,169.4,455.1,100.0,1.0
969757,6068,166,10.255525,0.20974,-0.026173,0.016857,0.0,0.0016364,0.247277,0.048151,0.788014,0.860417,0.747613,7803.5,104.9,79.4,1194.3,100.0,1.0
969918,6069,161,10.883531,0.361611,0.055942,0.029269,9.8e-05,0.00275293,0.107488,-0.062433,0.370742,0.746883,0.845721,7382.1,105.6,242.9,384.5,100.0,1.0
970069,6070,151,14.157331,0.869099,0.066739,0.00029,0.0,0.00249254,0.340082,0.2974,0.828435,0.907915,0.82311,8753.1,114.7,205.2,713.4,100.0,1.0
970234,6071,165,12.138089,0.2,0.105301,0.0,0.005583,0.0018771,0.304568,0.26569,0.649743,0.873242,0.795165,8632.3,115.2,158.6,806.5,100.0,1.0
970390,6072,156,15.343699,1.0,0.064592,0.02939,0.0,0.00254656,0.379295,0.392174,0.672204,0.980412,0.841655,9114.2,115.1,236.1,384.1,100.0,1.0
970550,6073,160,11.719522,0.2,0.062999,0.002992,0.153077,0.00235703,0.216052,0.014346,0.745995,0.860549,0.823804,7674.7,103.1,206.3,1043.3,100.0,1.0
970711,6074,161,11.994942,0.703897,0.072353,0.021522,0.0,0.00199239,0.286366,0.198992,0.658885,0.875107,0.777286,8378.2,111.7,128.8,532.7,100.0,1.0
970868,6075,157,13.759987,1.0,0.045747,0.002365,0.0,0.00263345,0.283056,-0.045197,0.986412,1.0,0.748829,7447.8,92.3,171.0,363.2,100.0,1.0
971023,6076,155,9.508398,0.316364,0.065293,0.019352,0.0,0.00209385,0.156777,0.084193,0.548914,0.658594,0.790448,7940.8,119.7,150.7,726.7,100.0,1.0
971184,6077,161,13.045735,0.641028,0.031567,0.028121,0.0,0.00254007,0.251466,0.026764,0.836305,0.924008,0.824673,7722.0,100.3,207.8,644.1,100.0,1.0
971344,6078,160,13.782775,1.0,0.082744,0.0,0.0,0.00238503,0.316183,0.238137,0.734003,0.929289,0.829083,8527.3,110.5,215.1,543.3,100.0,1.0
971493,6079,149,14.284951,0.272772,0.042072,0.001122,0.003623,0.00264291,0.32948,0.174231,0.821423,1.0,0.818214,8283.8,101.1,197.0,468.8,100.0,1.0
971652,6080,159,13.056006,0.564392,0.074925,0.009073,0.0,0.00230173,0.295126,0.083869,0.738206,1.0,0.790246,7939.5,97.3,181.9,408.8,100.0,1.0
971813,6081,161,12.719562,0.808476,0.017631,0.010131,0.0,0.00220466,0.289141,0.11081,0.745369,0.95195,0.786812,8042.2,103.0,144.7,602.7,100.0,1.0
971971,6082,158,14.702535,0.949803,0.090581,0.014219,0.0,0.00260133,0.333543,0.149076,0.909793,1.0,0.798063,8188.0,99.0,174.8,359.8,100.0,1.0
972127,6083,156,13.023044,0.593766,0.043135,0.003977,0.0,0.00270214,0.238024,0.080367,0.72357,0.857752,0.813371,7926.2,106.7,189.0,318.1,100.0,1.0
972284,6084,157,13.794141,0.2,0.100113,0.001785,0.074103,0.00271698,0.272111,0.29852,0.556343,0.797473,0.835604,8757.4,121.8,226.0,298.7,100.0,1.0
972439,6085,155,12.203336,0.231726,0.017062,0.003923,0.017659,0.00236191,0.25205,0.12545,0.684413,0.849645,0.788376,8098.0,109.5,147.3,505.6,100.0,1.0
972594,6086,155,13.338938,0.362034,0.12928,0.033221,0.008157,0.00233523,0.313756,0.201675,0.758573,0.954191,0.833272,8388.4,107.3,222.1,658.1,100.0,1.0
972754,6087,160,11.944656,0.2,0.035905,0.000255,0.209555,0.00183389,0.311687,0.284871,0.71104,0.848596,0.780655,8705.4,117.7,134.4,854.0,100.0,1.0
972910,6088,156,11.394725,0.2,0.033407,0.01475,0.037027,0.00171217,0.310153,0.39676,0.59769,0.764228,0.77981,9131.7,129.4,133.0,782.5,100.0,1.0
973071,6089,161,14.545159,1.0,0.026151,0.029341,0.0,0.00258253,0.321085,0.174753,0.733639,1.0,0.817211,8285.8,99.3,203.5,404.8,100.0,1.0
973230,6090,159,10.19066,1.0,0.074303,0.0,0.0,0.0025129,0.116749,-0.070712,0.46232,0.738885,0.816718,7350.6,105.7,194.5,487.0,100.0,1.0
973391,6091,161,12.9022,0.341535,0.055359,0.021838,0.0,0.00203621,0.325871,0.396749,0.628343,0.792459,0.765928,9131.6,127.4,109.9,582.3,100.0,1.0
973551,6092,160,13.34636,1.0,0.014147,0.022397,0.0,0.00257047,0.264942,-0.005721,0.788464,0.977178,0.769569,7598.2,96.1,161.8,413.4,100.0,1.0
973709,6093,158,11.561826,0.588608,0.077905,0.023371,0.0,0.00206751,0.259152,0.255563,0.577144,0.771632,0.790404,8593.7,121.3,150.7,669.7,100.0,1.0
973873,6094,164,8.692281,0.675215,0.064391,0.014917,0.0,0.00215911,0.086335,-0.380955,0.533588,0.858837,0.671413,6168.6,83.0,151.1,578.5,100.0,1.0
974036,6095,163,12.935636,0.313169,0.09407,0.021605,0.0,0.0018996,0.345804,0.439919,0.638274,0.805654,0.769868,9296.1,128.7,116.4,567.8,100.0,1.0
974193,6096,157,10.833528,0.840889,0.016435,0.029267,0.0,0.00236477,0.177666,-0.08944,0.717905,0.842915,0.789204,7279.2,98.7,163.3,431.2,100.0,1.0
974350,6097,157,14.286788,0.589961,0.087191,0.026274,0.0,0.00225678,0.369633,0.359172,0.71578,0.945596,0.793071,8988.4,115.5,155.1,476.2,100.0,1.0
974509,6098,159,13.42919,1.0,0.032749,0.0,0.0,0.0024519,0.290678,0.054492,0.75657,1.0,0.770258,7827.6,96.5,158.4,758.3,100.0,1.0
974665,6099,156,13.834029,0.520705,0.094239,0.039586,0.0,0.00230184,0.342005,0.340956,0.624202,0.916979,0.803463,8919.0,116.3,172.4,651.5,100.0,1.0
974820,6100,155,6.356043,0.2,0.039842,0.000143,0.044728,0.00227148,-0.029953,-0.176046,0.155714,0.506853,0.806536,6949.3,115.3,177.6,411.1,100.0,1.0
974985,6101,165,14.259086,0.994506,0.022187,0.034488,0.0,0.0022212,0.356168,0.415177,0.578343,0.884342,0.782491,9201.8,122.1,137.5,374.7,100.0,1.0
975144,6102,159,11.101881,0.664909,0.081405,0.000428,0.0,0.00200797,0.243398,0.018096,0.745138,0.905313,0.771543,7688.9,100.9,119.2,810.4,100.0,1.0
975306,6103,162,11.917432,1.0,-0.016622,0.015049,0.0,0.00211984,0.260597,0.066065,0.808565,0.882055,0.760505,7871.7,104.6,100.8,570.2,100.0,1.0
975463,6104,157,15.067863,0.720065,0.053729,0.005481,0.0,0.00242953,0.382301,0.307574,0.858208,0.997797,0.801999,8791.9,110.0,170.0,432.2,100.0,1.0
975623,6105,160,12.189428,0.315036,0.060621,0.025597,0.01404,0.00185449,0.321147,0.170955,0.766634,0.965427,0.766249,8271.3,105.2,110.4,678.8,100.0,1.0
975789,6106,166,8.446781,0.69915,0.093391,0.012873,0.0,0.00196131,0.102576,-0.154689,0.500345,0.743521,0.76775,7030.6,100.8,112.9,903.9,100.0,1.0
975953,6107,164,13.350571,0.319883,0.089435,0.012008,0.050207,0.00217448,0.320115,0.205859,0.602441,0.983132,0.781379,8404.3,105.9,135.6,527.5,100.0,1.0
976114,6108,161,12.716675,0.712956,0.056542,0.001717,0.0,0.00241351,0.256065,-0.119022,0.914806,1.0,0.718789,7166.5,86.5,188.3,913.2,100.0,1.0
976270,6109,156,8.625608,0.461987,0.08885,0.0,0.0,0.00190675,0.139819,0.140944,0.312902,0.622941,0.794154,8157.0,125.7,156.9,699.5,100.0,1.0
976434,6110,164,15.206585,0.591163,0.113219,0.029109,0.0,0.00265302,0.335839,0.240359,0.639165,1.0,0.811016,8535.8,105.6,185.0,428.5,100.0,1.0
976590,6111,156,14.902977,0.2,0.132084,0.031015,0.329831,0.0022164,0.409853,0.459762,0.696611,0.959365,0.782515,9371.7,119.6,137.5,455.4,100.0,1.0
976752,6112,162,12.279174,0.2,0.025484,0.0,0.123217,0.00229356,0.251049,0.069472,0.690713,0.920992,0.823423,7884.7,102.6,205.7,584.1,100.0,1.0
976910,6113,158,12.960963,0.2,0.014982,0.000886,0.065898,0.00227004,0.298538,0.139612,0.682714,0.974822,0.798927,8151.9,103.2,164.9,396.6,100.0,1.0
977073,6114,163,13.786423,0.539974,0.103677,0.000527,0.0,0.00224016,0.333948,0.196368,0.788892,0.986641,0.794969,8368.2,105.3,158.3,884.1,100.0,1.0
977238,6115,165,13.50228,0.664818,-0.018656,0.0,0.0,0.00246518,0.277972,0.175866,0.650432,0.906981,0.830336,8290.0,108.7,217.2,420.8,100.0,1.0
977392,6116,154,11.466756,0.773351,0.056149,0.006337,0.0,0.0021704,0.247284,-0.128643,1.0,0.946896,0.695521,7129.9,91.6,91.1,586.7,100.0,1.0
977555,6117,163,15.15545,0.403665,0.085521,0.009569,0.0,0.00238103,0.380528,0.358618,0.730637,0.99235,0.826874,8986.3,112.8,211.5,555.7,100.0,1.0
977718,6118,163,12.849694,0.2,0.038358,0.006781,0.120664,0.00228085,0.279956,0.19709,0.579846,0.892604,0.797108,8370.9,110.6,161.8,615.2,100.0,1.0
977878,6119,160,14.741495,0.739497,0.119017,0.012814,0.0,0.0024782,0.351227,0.354258,0.692692,0.935105,0.846597,8969.7,115.9,244.3,408.4,100.0,1.0
978037,6120,159,13.999304,0.580022,0.144493,0.0,0.008617,0.00246367,0.31842,0.205454,0.688042,0.978768,0.824309,8402.8,106.2,207.2,413.1,100.0,1.0
978197,6121,160,12.448536,0.267242,0.067938,0.0,1.4e-05,0.00255798,0.222234,0.210726,0.406671,0.774342,0.816038,8422.9,118.7,193.4,367.2,100.0,1.0
978357,6122,160,11.397054,0.852719,0.124304,0.008132,2e-06,0.00223384,0.220788,0.065071,0.55768,0.852585,0.780801,7867.9,106.2,134.7,612.5,100.0,1.0
978515,6123,158,11.172375,0.436715,0.039663,0.024101,0.01171,0.00196325,0.256627,0.099844,0.654821,0.904115,0.801202,8000.4,105.0,168.7,653.3,100.0,1.0
978673,6124,158,13.76416,0.2,0.108556,0.002348,9.9e-05,0.00229164,0.336253,0.230105,0.696351,1.0,0.819594,8496.7,105.5,199.3,519.7,100.0,1.0
978833,6125,160,13.680021,1.0,0.054992,0.022196,0.0,0.00239105,0.31153,0.079846,0.835637,1.0,0.749898,7924.2,96.4,125.1,359.4,100.0,1.0
978990,6126,157,14.837108,0.748122,0.205165,0.031597,0.0,0.00244354,0.369225,0.355891,0.708781,0.973546,0.834779,8975.9,113.7,224.6,356.0,100.0,1.0
979147,6127,157,12.332471,0.2,0.065938,0.0,0.074147,0.00218637,0.282553,0.19005,0.691276,0.884088,0.812611,8344.1,110.7,187.7,635.2,100.0,1.0
979302,6128,155,10.71085,0.410089,0.014422,0.0,0.0,0.0021481,0.210581,-0.217293,0.83512,0.968202,0.678746,6792.1,86.3,124.7,641.9,100.0,1.0
979458,6129,156,11.72956,0.2,0.129517,0.016258,0.018745,0.0022306,0.247272,0.004815,0.750309,0.928495,0.772086,7638.3,99.0,131.6,693.8,100.0,1.0
979613,6130,155,12.523526,0.723776,0.103327,0.010625,0.0,0.00215868,0.300963,0.183796,0.713791,0.933804,0.807884,8320.3,107.6,179.8,624.3,100.0,1.0
979768,6131,155,13.581977,0.415734,0.104898,0.00225,0.0,0.00214463,0.356877,0.327066,0.748336,0.939266,0.805867,8866.1,114.3,176.4,566.1,100.0,1.0
979924,6132,156,14.168593,0.2,0.087008,0.0,0.022934,0.0023166,0.357711,0.289916,0.707412,0.980219,0.787886,8724.6,110.1,146.5,522.0,100.0,1.0
980078,6133,154,10.719289,0.367271,0.082957,0.002563,0.0,0.0022753,0.193661,0.223322,0.431185,0.676752,0.822417,8470.9,126.3,204.0,517.5,100.0,1.0
980239,6134,161,14.916993,0.635276,0.103185,0.0,0.0,0.00244502,0.363509,0.297524,0.696458,1.0,0.80135,8753.6,106.2,168.9,385.6,100.0,1.0
980406,6135,167,11.845657,0.2,0.00893,0.011117,0.044605,0.00181509,0.298165,0.238408,0.608793,0.881289,0.77304,8528.3,113.3,121.7,828.7,100.0,1.0
980567,6136,161,14.329208,1.0,0.092942,0.036227,0.0,0.00217449,0.377261,0.367471,0.703907,0.970272,0.806697,9020.1,114.5,177.8,360.2,100.0,1.0
980725,6137,158,12.714821,0.470212,0.060954,0.019956,0.0,0.0022618,0.288068,0.066552,0.821252,0.976806,0.796162,7873.6,99.6,165.2,503.2,100.0,1.0
980888,6138,163,15.048733,0.67876,0.066354,0.009187,3.4e-05,0.00286869,0.296387,-0.024487,1.0,1.0,0.725215,7526.7,87.9,182.8,326.0,100.0,1.0
981045,6139,157,9.595875,0.2,0.11285,0.0,0.085381,0.00202118,0.16987,0.085564,0.444665,0.710608,0.766281,7946.0,116.1,110.5,591.1,100.0,1.0
981207,6140,162,11.722059,0.2,0.07116,0.017177,0.024063,0.00184282,0.296597,0.381536,0.653988,0.720645,0.772826,9073.7,131.8,121.4,693.0,100.0,1.0
981369,6141,162,14.001183,0.804132,0.058329,0.025843,0.0,0.00219614,0.355074,0.253191,0.715994,1.0,0.775711,8584.7,107.0,126.2,589.7,100.0,1.0
981526,6142,157,11.972757,0.952056,0.074162,0.000728,0.0,0.00207369,0.2823,0.357552,0.521776,0.751665,0.790516,8982.3,128.2,150.9,484.0,100.0,1.0
981683,6143,157,13.562812,1.0,0.036873,0.031191,0.0,0.00266996,0.269448,-0.026209,0.785239,1.0,0.749513,7520.1,89.6,204.4,413.9,100.0,1.0
981837,6144,154,13.962866,0.889059,0.009294,0.009041,0.0,0.00265718,0.299806,0.009839,0.972618,1.0,0.754496,7657.5,92.8,175.3,498.4,100.0,1.0
981994,6145,157,10.028177,0.2,0.066319,0.0,0.001578,0.00197912,0.198517,0.291421,0.257395,0.661312,0.803395,8730.3,131.4,172.3,637.2,100.0,1.0
982149,6146,155,10.283594,0.401763,0.011956,0.004332,0.0,0.00205818,0.203188,0.140012,0.548316,0.723979,0.770202,8153.4,118.2,117.0,512.2,100.0,1.0
982310,6147,161,10.000112,1.0,0.044807,0.019764,0.0,0.00249104,0.106759,-0.397594,0.71001,0.888472,0.680245,6105.2,80.8,190.8,639.9,100.0,1.0
982473,6148,163,11.232453,0.524719,0.082438,0.020978,0.0,0.00202506,0.240329,0.17455,0.619079,0.78682,0.790291,8285.0,115.9,150.5,633.7,100.0,1.0
982634,6149,161,12.211312,0.2,0.05755,0.007393,0.015737,0.00201937,0.295002,0.059722,0.839316,0.972379,0.750823,7847.5,99.5,90.9,723.7,100.0,1.0
982800,6150,166,13.726308,0.863016,0.063788,0.034194,6e-06,0.00214943,0.340265,0.281935,0.700528,0.945521,0.796988,8694.2,111.7,161.6,467.7,100.0,1.0
982964,6151,164,14.562442,0.2,0.042905,0.0,0.221141,0.00244645,0.338353,0.211971,0.756789,1.0,0.807576,8427.6,101.3,179.3,529.7,100.0,1.0
983123,6152,159,15.971791,0.2,0.127297,0.0,0.0,0.00251596,0.411184,0.476396,0.672435,0.982392,0.83318,9435.1,119.0,222.0,367.6,100.0,1.0
983285,6153,162,14.852129,0.571259,0.102668,0.015433,5e-06,0.00210029,0.414165,0.434913,0.71201,0.995445,0.788305,9277.0,116.2,147.2,805.9,100.0,1.0
983445,6154,160,13.355178,1.0,0.107024,0.027567,0.0,0.00213803,0.336308,0.291491,0.757572,0.915943,0.810258,8730.6,113.9,183.8,671.4,100.0,1.0
983604,6155,159,14.868196,0.2,0.089781,0.018078,0.008792,0.00250631,0.356795,0.27215,0.74655,1.0,0.815561,8656.9,104.4,192.6,541.5,100.0,1.0
983766,6156,162,14.253589,0.2,0.048866,0.0,0.019317,0.00249758,0.319536,0.172127,0.683253,1.0,0.795167,8275.8,101.8,158.6,541.5,100.0,1.0
983921,6157,155,12.341248,0.2,0.021047,0.012465,0.027762,0.00189319,0.333568,0.361057,0.709239,0.828406,0.768341,8995.6,123.0,113.9,845.9,100.0,1.0
984084,6158,163,6.779977,1.0,0.078156,0.012258,0.0,0.00210515,0.001324,-0.307994,0.401743,0.636821,0.769698,6446.5,98.5,134.1,632.1,100.0,1.0
984248,6159,164,13.984108,1.0,0.071522,0.014014,0.0,0.00234642,0.325676,0.277278,0.588254,0.945419,0.805467,8676.4,111.5,175.8,420.0,100.0,1.0
984408,6160,160,12.415703,1.0,0.09764,0.0,0.0,0.00198107,0.313842,0.266249,0.737731,0.855493,0.762704,8634.4,116.3,104.5,602.5,100.0,1.0
984573,6161,165,14.402222,1.0,0.065521,0.020908,4e-06,0.00242756,0.331219,0.25903,0.6146,1.0,0.854505,8606.9,106.3,257.5,489.4,100.0,1.0
984734,6162,161,11.645282,0.364875,0.071985,0.009337,0.0,0.00224975,0.229509,0.365886,0.484415,0.629134,0.83595,9014.0,138.3,226.6,640.6,100.0,1.0
984894,6163,160,12.42603,0.2,0.111395,0.002886,0.038515,0.00207998,0.298611,0.345584,0.506798,0.811965,0.786054,8936.7,123.3,143.4,522.1,100.0,1.0
985061,6164,167,14.591828,1.0,0.122955,0.0,0.0,0.00246947,0.329087,0.262802,0.508261,1.0,0.818601,8621.3,106.9,197.7,356.9,100.0,1.0
985223,6165,162,5.234762,0.2,-0.048913,0.008769,0.019818,0.00173435,-0.014951,0.035025,0.020971,0.362478,0.78087,7753.4,142.3,134.8,1061.2,100.0,1.0
985385,6166,162,12.334829,0.218441,0.054393,0.0,0.0,0.00249536,0.222565,-0.082029,0.734396,0.955514,0.782973,7307.5,93.4,215.0,455.5,100.0,1.0
985545,6167,160,10.602525,0.2,0.131718,0.001419,1e-06,0.00206385,0.208587,-0.031611,0.778302,0.850875,0.779929,7499.6,101.3,133.2,558.7,100.0,1.0
985699,6168,154,12.552406,0.353591,0.067522,0.026733,0.01448,0.0023877,0.270209,0.36197,0.490338,0.721547,0.790281,8999.1,130.7,150.5,685.4,100.0,1.0
985856,6169,157,14.807993,0.416014,0.136765,0.02776,3.2e-05,0.00226401,0.397149,0.492834,0.734069,0.897476,0.814334,9497.7,125.1,190.6,509.3,100.0,1.0
986018,6170,162,9.415424,0.505689,0.094845,0.029988,5e-06,0.00229564,0.106652,-0.030685,0.402306,0.663807,0.775857,7503.1,112.7,126.4,626.2,100.0,1.0
986182,6171,164,12.749534,0.473299,0.062211,0.011558,3e-06,0.00203726,0.313906,0.168322,0.610523,1.0,0.780293,8261.3,102.2,133.8,515.1,100.0,1.0
986346,6172,164,12.747711,1.0,0.038801,0.014414,0.0,0.00244458,0.247023,-0.097861,0.829474,0.975757,0.715941,7247.1,91.7,123.4,343.8,100.0,1.0
986511,6173,165,11.40934,0.2,0.090625,0.026919,0.027709,0.00201744,0.247046,0.249908,0.513656,0.746796,0.765828,8572.1,122.7,109.7,533.7,100.0,1.0
986668,6174,157,7.243104,0.947676,0.01192,0.007978,0.0,0.00244032,-0.014966,-0.14574,0.296672,0.481435,0.810632,7064.7,119.2,184.4,553.0,100.0,1.0
986825,6175,157,11.209629,0.2,0.057393,0.0,0.05648,0.00213181,0.235107,0.108296,0.592842,0.843766,0.786994,8032.6,108.9,145.0,632.0,100.0,1.0
986984,6176,159,13.273121,1.0,0.088655,0.017321,0.0,0.00254823,0.269547,0.104939,0.815996,0.894716,0.80966,8019.8,105.8,182.8,518.8,100.0,1.0
987146,6177,162,12.249556,0.448105,0.050954,0.013632,0.0,0.00214587,0.275086,0.108423,0.659554,0.937792,0.785223,8033.1,103.6,142.0,555.8,100.0,1.0
987309,6178,163,14.067525,0.748831,0.028563,0.014135,0.0,0.00226288,0.346306,0.340891,0.692431,0.905362,0.79563,8918.8,117.0,159.4,424.2,100.0,1.0
987470,6179,161,11.88469,0.548326,0.088625,0.032514,0.000134,0.00165657,0.337488,0.365877,0.737618,0.825512,0.766301,9014.0,123.4,110.5,910.7,100.0,1.0
987629,6180,159,11.628903,0.893606,0.027401,0.03283,0.0,0.00193921,0.282855,0.136118,0.606542,0.949143,0.788203,8138.6,104.4,147.0,582.8,100.0,1.0
987789,6181,160,9.369171,0.926464,-0.002869,9.7e-05,0.0,0.00203072,0.151394,-0.163807,0.564373,0.854827,0.734501,6995.9,94.3,124.1,642.8,100.0,1.0
987946,6182,157,10.463504,1.0,0.078495,0.035322,0.0,0.00249057,0.140935,0.035918,0.384434,0.722064,0.814009,7756.8,112.6,190.0,537.4,100.0,1.0
988110,6183,164,12.612109,0.774201,0.071079,0.034974,0.0,0.0020413,0.306445,0.285563,0.493088,0.912282,0.810547,8708.0,113.8,184.2,769.9,100.0,1.0
988266,6184,156,13.077897,0.772065,0.049031,0.0,0.0,0.00244923,0.282851,0.023641,0.815983,1.0,0.785108,7710.1,94.4,207.3,481.7,100.0,1.0
988418,6185,152,13.258146,0.290196,0.175151,0.031779,3.1e-05,0.00247809,0.297482,0.297754,0.583774,0.858657,0.828194,8754.4,117.8,213.7,371.3,100.0,1.0
988577,6186,159,12.427824,0.969715,0.09806,0.010558,0.0,0.00231995,0.263092,0.282838,0.571988,0.772736,0.817789,8697.6,122.7,196.3,452.3,100.0,1.0
988736,6187,159,13.819554,0.2,-0.036478,0.009168,0.523089,0.00202366,0.381003,0.48232,0.613793,0.894837,0.811904,9457.6,124.8,186.5,629.2,100.0,1.0
988900,6188,164,10.512475,0.593335,0.056247,0.002603,0.0,0.00227796,0.161018,-0.129099,0.506203,0.87595,0.754998,7128.1,95.0,150.1,401.6,100.0,1.0
989064,6189,164,8.987586,0.739172,0.099376,0.025236,0.0,0.00162609,0.190383,0.157809,0.60478,0.651948,0.767549,8221.3,124.4,112.6,766.8,100.0,1.0
989224,6190,160,13.473958,0.313075,0.041579,0.007852,0.005019,0.00179215,0.398472,0.419416,0.692891,0.974687,0.793767,9218.0,116.7,156.3,871.0,100.0,1.0
989384,6191,160,17.011887,1.0,0.107555,0.018719,2.6e-05,0.002363,0.487114,0.738146,0.665469,0.951179,0.85348,10432.3,133.7,255.8,509.4,100.0,1.0
989545,6192,161,10.569325,0.641868,0.018072,0.024898,0.0,0.00229195,0.16856,-0.112625,0.675211,0.846074,0.778342,7190.9,97.4,161.1,563.6,100.0,1.0
989704,6193,159,11.48777,0.2,0.081407,0.014215,0.083198,0.00181258,0.296084,0.303548,0.744207,0.77982,0.787575,8776.5,123.3,146.0,670.4,100.0,1.0
989860,6194,156,13.466259,1.0,0.014923,0.016131,0.0,0.00279168,0.249436,-4.3e-05,0.769352,0.951751,0.802986,7619.8,97.6,199.6,396.9,100.0,1.0
990025,6195,165,10.217378,0.2,0.095706,0.035058,0.032245,0.00210872,0.171778,0.331501,0.267295,0.544902,0.808462,8883.0,143.7,180.8,667.5,100.0,1.0
990192,6196,167,10.874883,0.310392,0.097152,0.023748,0.0,0.00202,0.215828,0.001918,0.664953,0.875506,0.788832,7627.3,101.7,148.1,700.0,100.0,1.0
990348,6197,156,12.699494,1.0,0.020567,0.01256,0.0,0.00242782,0.267263,-0.078972,0.899575,1.0,0.725273,7319.1,91.2,145.3,755.6,100.0,1.0
990509,6198,161,12.300915,0.850332,-0.0036,0.006973,0.0,0.00202589,0.299583,0.167057,0.798657,0.914192,0.793601,8256.5,107.8,156.0,543.9,100.0,1.0
990667,6199,158,10.313449,0.2,0.038101,0.016503,0.041905,0.00191124,0.222675,0.22199,0.609076,0.682422,0.773884,8465.8,125.8,123.1,954.4,100.0,1.0
990821,6200,154,11.620628,0.2,0.021273,0.008654,0.0,0.00222512,0.248488,-0.007123,0.844269,0.9189,0.775307,7592.9,98.9,138.1,649.7,100.0,1.0
990976,6201,155,11.768718,0.343955,0.078312,0.026273,2.9e-05,0.00212856,0.268778,0.153072,0.724265,0.857357,0.786492,8203.2,110.4,144.2,539.0,100.0,1.0
991133,6202,157,12.98946,0.2,0.004533,0.0,0.010975,0.00246752,0.273443,0.058982,0.822271,0.954631,0.817741,7844.7,100.3,196.2,580.3,100.0,1.0
991298,6203,165,15.435072,0.287372,0.164385,0.021937,0.0,0.00223816,0.416025,0.51565,0.613707,0.965398,0.818563,9584.6,121.9,197.6,441.0,100.0,1.0
991461,6204,163,10.785518,0.902252,0.071561,0.020228,0.0,0.00194583,0.231595,0.095028,0.505388,0.882342,0.805118,7982.1,106.0,175.2,782.1,100.0,1.0
991622,6205,161,11.861875,0.2,0.149751,0.015855,2.7e-05,0.0021744,0.253451,0.399222,0.362227,0.679459,0.801549,9141.0,136.1,169.2,371.8,100.0,1.0
991787,6206,165,12.726639,1.0,0.064704,0.03226,0.0,0.00216566,0.290202,0.167393,0.592617,0.951882,0.804027,8257.8,105.8,173.4,523.2,100.0,1.0
991944,6207,157,12.222163,0.418097,-0.020297,0.013478,0.0,0.0020256,0.303859,0.207498,0.67635,0.913148,0.780011,8410.6,109.9,133.4,706.2,100.0,1.0
992102,6208,158,14.253876,0.2,0.104154,0.006578,0.073348,0.00221073,0.375987,0.360479,0.624797,1.0,0.8133,8993.4,112.0,188.8,569.9,100.0,1.0
992259,6209,157,12.783435,0.2,0.099441,0.0,0.208403,0.00232103,0.286094,0.007004,0.851849,1.0,0.757712,7646.7,92.7,181.3,543.7,100.0,1.0
992419,6210,160,14.196755,0.437635,0.122838,0.014121,5.2e-05,0.00226601,0.359888,0.561261,0.444831,0.821218,0.842317,9758.4,134.0,237.2,414.9,100.0,1.0
992577,6211,158,12.733909,0.264035,0.037262,0.00555,0.0,0.00191804,0.344974,0.278903,0.758963,0.9338,0.776841,8682.6,112.2,128.1,592.2,100.0,1.0
992740,6212,163,12.474238,0.669572,0.108168,0.010824,0.0,0.00195769,0.315705,0.300166,0.749809,0.823013,0.761945,8763.6,120.2,103.2,652.4,100.0,1.0
992899,6213,159,12.85733,0.2,0.11452,0.001696,0.00437,0.00207954,0.323659,0.281358,0.768254,0.86742,0.776193,8692.0,116.4,127.0,523.2,100.0,1.0
993054,6214,155,12.263194,0.667758,0.10257,0.01874,9e-06,0.00236836,0.256996,0.043466,0.807548,0.927484,0.817958,7785.6,101.0,196.6,639.6,100.0,1.0
993214,6215,160,10.555529,0.342692,0.062227,0.0,8e-06,0.00211051,0.199526,0.062638,0.5445,0.798052,0.780827,7858.7,109.3,134.7,725.8,100.0,1.0
993375,6216,161,13.419955,0.73472,0.0756,0.007391,0.0,0.00227192,0.317231,0.187966,0.757394,0.947057,0.77883,8336.2,107.0,131.4,512.7,100.0,1.0
993538,6217,163,7.139528,0.405469,0.122745,0.026881,7.8e-05,0.00159973,0.102616,0.082205,0.459681,0.512286,0.757118,7933.2,131.1,95.2,1157.0,100.0,1.0
993701,6218,163,11.616644,1.0,-0.015058,0.027007,0.0,0.00220595,0.231653,-0.00473,0.793872,0.881937,0.773781,7602.0,101.0,123.0,515.9,100.0,1.0
993855,6219,154,12.847911,0.2,0.02511,0.000708,0.052297,0.00226725,0.30476,0.159601,0.764878,0.956748,0.812249,8228.1,105.1,187.1,839.7,100.0,1.0
994009,6220,154,13.69802,0.402648,0.062741,0.00568,0.0,0.00227118,0.347462,0.27861,0.752095,0.968447,0.821085,8681.5,110.3,201.8,449.6,100.0,1.0
994165,6221,156,12.461562,0.2,0.053043,0.0,0.031196,0.00204241,0.315696,0.219842,0.751556,0.92831,0.806563,8457.6,109.7,177.6,600.4,100.0,1.0
994318,6222,153,14.963481,1.0,0.055788,0.028543,0.0,0.0029858,0.304886,0.122037,0.773282,1.0,0.825774,8085.0,98.9,221.9,289.1,100.0,1.0
994474,6223,156,13.59764,1.0,-0.009559,0.023145,0.0,0.00270253,0.270668,-0.111895,1.0,1.0,0.700847,7193.7,82.9,200.6,316.7,100.0,1.0
994635,6224,161,10.908375,0.2,0.12436,0.00715,0.004526,0.00194301,0.24256,0.208501,0.565993,0.777906,0.796409,8414.4,118.3,160.7,676.9,100.0,1.0
994795,6225,160,11.789366,0.881875,0.053971,0.011539,0.0,0.00228178,0.235167,0.086417,0.587378,0.880536,0.810022,7949.2,105.7,183.4,487.7,100.0,1.0
994955,6226,160,11.59876,0.933376,0.032027,0.013119,0.0,0.00218343,0.241221,-0.05333,0.593428,1.0,0.747282,7416.8,92.3,168.4,520.5,100.0,1.0
995116,6227,161,15.106452,1.0,0.06907,0.013973,0.0,0.00280531,0.317571,0.368383,0.463229,0.877286,0.82368,9023.5,120.2,206.1,231.3,100.0,1.0
995271,6228,155,9.31733,1.0,0.026522,0.015181,0.0,0.00204847,0.156954,-0.2289,0.759223,0.850209,0.682131,6747.9,91.2,73.1,575.8,100.0,1.0
995429,6229,158,15.743616,0.2,0.051714,0.0,0.12138,0.0024822,0.409556,0.447955,0.722652,1.0,0.847465,9326.7,116.3,245.8,423.9,100.0,1.0
995585,6230,156,12.034833,0.658377,0.093082,0.024658,7e-06,0.00258502,0.209659,0.081044,0.549035,0.834496,0.828417,7928.8,108.1,214.0,278.2,100.0,1.0
995745,6231,160,11.420266,0.2,0.017114,0.003526,0.012854,0.00209155,0.247005,0.02901,0.603791,0.945888,0.77294,7730.5,99.3,129.5,457.1,100.0,1.0
995908,6232,163,9.6448,0.547918,0.065293,0.001905,0.0,0.00249224,0.084996,-0.014938,0.23519,0.655046,0.812804,7563.1,114.2,188.0,332.7,100.0,1.0
996067,6233,159,13.226252,0.474848,0.06473,0.0,0.0,0.00225857,0.314573,0.313528,0.584362,0.892703,0.830223,8814.5,116.4,217.0,603.2,100.0,1.0
996225,6234,158,10.749447,0.219813,0.102347,0.003675,0.0,0.00218557,0.202231,0.010473,0.690303,0.833408,0.810788,7659.9,104.4,184.6,613.5,100.0,1.0
996382,6235,157,11.515851,-0.840855,0.041609,0.0,0.15417,0.00244032,0.20348,-0.131047,0.731293,0.93068,0.747606,7120.7,92.2,170.3,501.1,100.0,1.0
996538,6236,156,11.190498,0.390527,0.048977,0.032155,4.5e-05,0.00244941,0.187958,-0.238164,0.601572,1.0,0.694208,6712.6,82.7,191.7,436.7,100.0,1.0
996698,6237,160,10.687184,0.441675,4.6e-05,0.022682,3e-06,0.00194124,0.233845,0.197693,0.552037,0.762386,0.78693,8373.2,118.8,144.9,643.6,100.0,1.0
996858,6238,160,13.380317,0.200067,0.008619,0.003412,0.0,0.00237591,0.30151,0.064498,0.812112,1.0,0.76138,7865.7,97.6,130.3,347.3,100.0,1.0
997020,6239,162,12.606624,0.2,0.068802,0.0,0.062003,0.00189367,0.33548,0.448782,0.598364,0.790248,0.790085,9329.9,130.3,150.1,710.6,100.0,1.0
997187,6240,167,13.65955,1.0,0.080346,0.032914,0.0,0.00209822,0.345497,0.367028,0.57699,0.889282,0.759552,9018.4,119.3,99.3,389.0,100.0,1.0
997349,6241,162,13.680069,0.660405,0.089874,0.049064,0.0,0.00244375,0.30109,0.350869,0.559998,0.833355,0.84694,8956.8,122.1,244.9,354.6,100.0,1.0
997510,6242,161,14.119601,0.809413,0.072251,0.018637,0.0,0.00225143,0.356937,0.341118,0.71354,0.940121,0.814255,8919.7,114.9,190.4,392.4,100.0,1.0
997676,6243,166,10.659593,0.2,-0.034757,0.007587,0.0,0.00178652,0.246569,0.106369,0.755468,0.814213,0.755909,8025.3,110.6,93.2,680.6,100.0,1.0
997841,6244,165,10.262252,0.753054,0.089105,0.015215,0.000131,0.00225861,0.150217,-0.19044,0.613161,0.864194,0.734562,6894.4,92.5,145.6,585.8,100.0,1.0
997991,6245,150,6.546683,0.2,-0.056145,0.011305,5e-05,0.00240546,-0.027241,-0.140993,0.170142,0.478052,0.811131,7082.8,119.8,185.2,495.9,100.0,1.0
998147,6246,156,10.088416,0.64207,0.106806,0.013562,0.0,0.00190414,0.217013,0.016768,0.802326,0.821603,0.783249,7683.9,105.5,138.7,714.6,100.0,1.0
998309,6247,162,14.236859,0.34893,0.110642,0.007816,0.0,0.00227649,0.356668,0.377171,0.74787,0.880191,0.790982,9057.0,120.4,151.6,454.9,100.0,1.0
998464,6248,155,9.321155,0.2,0.106551,0.014583,3e-06,0.0018724,0.18476,0.219977,0.35918,0.652511,0.782645,8458.1,128.0,137.7,702.2,100.0,1.0
998625,6249,161,12.880292,0.860507,0.147015,0.0,0.0,0.0021292,0.313548,0.212145,0.651063,0.94353,0.780223,8428.3,108.4,133.7,470.6,100.0,1.0
998781,6250,156,12.540047,0.941945,0.089044,0.011993,0.0,0.00206892,0.316271,0.276418,0.618798,0.912211,0.808146,8673.2,113.4,180.2,784.2,100.0,1.0
998944,6251,163,3.861598,0.312872,0.007499,0.031193,2e-06,0.00185563,-0.105683,-0.226905,-0.007534,0.357595,0.753356,6755.5,124.4,88.9,845.5,100.0,1.0
999099,6252,155,10.836631,0.327073,0.067215,0.036513,2.1e-05,0.00193602,0.25212,0.192008,0.562621,0.817525,0.787393,8351.5,114.9,145.7,699.7,100.0,1.0
999262,6253,163,13.740481,1.0,0.093436,0.032386,0.0,0.00247697,0.296452,0.13829,0.644458,0.998284,0.828973,8146.9,101.9,215.0,403.6,100.0,1.0
999421,6254,159,13.429783,0.2,0.014366,0.00135,0.042391,0.00217582,0.338448,0.240659,0.72023,0.964608,0.777092,8536.9,108.6,128.5,485.8,100.0,1.0
999578,6255,157,14.573375,0.592881,0.008933,0.026496,0.0,0.00259346,0.335559,0.156448,0.893906,1.0,0.792944,8216.1,96.2,199.5,356.1,100.0,1.0
999737,6256,159,8.698669,0.2,0.076529,0.0,0.017059,0.00218677,0.095657,-0.216695,0.636412,0.740681,0.756894,6794.4,97.6,123.0,593.6,100.0,1.0
999897,6257,160,11.39089,0.654456,-0.074588,0.0,0.0,0.00263524,0.158951,-0.368276,0.956691,0.941502,0.686735,6216.9,80.1,210.6,673.0,100.0,1.0
1000055,6258,158,12.357583,1.0,0.096113,0.031039,0.0,0.00208694,0.30016,0.234894,0.702725,0.880382,0.802292,8514.9,113.2,170.5,508.6,100.0,1.0
1000218,6259,163,14.138436,0.769353,0.105821,0.027831,0.0,0.00216335,0.368061,0.268996,0.803232,1.0,0.782056,8644.9,106.4,136.8,719.6,100.0,1.0
1000372,6260,154,15.146059,0.521418,0.083475,0.0,8.1e-05,0.00254978,0.379436,0.326436,0.787756,1.0,0.817963,8863.7,107.5,196.6,533.1,100.0,1.0
1000533,6261,161,12.389856,1.0,0.080103,0.048238,0.0,0.00214329,0.286561,0.173366,0.75339,0.88205,0.790871,8280.5,110.0,151.5,368.8,100.0,1.0
1000692,6262,159,11.359292,0.966266,0.109903,0.028337,0.0,0.00206967,0.250021,0.096204,0.641902,0.884602,0.787255,7986.5,105.9,145.4,556.0,100.0,1.0
1000850,6263,158,8.936896,0.2,0.029385,0.022049,0.060744,0.00196611,0.144962,-0.037021,0.549011,0.728255,0.759357,7478.9,108.2,98.9,646.1,100.0,1.0
1001005,6264,155,11.665074,1.0,0.105452,0.014466,0.0,0.00226906,0.242985,0.210808,0.530129,0.795208,0.810671,8423.2,117.3,184.5,373.7,100.0,1.0
1001165,6265,160,10.869372,0.802267,0.075969,0.0,0.0,0.00181522,0.263693,0.084881,0.681144,0.913229,0.768801,7943.4,103.8,114.7,719.0,100.0,1.0
1001325,6266,160,12.456306,0.428404,0.070681,0.0,0.0,0.00215647,0.289998,0.173114,0.622648,0.934916,0.800384,8279.6,107.0,167.3,492.7,100.0,1.0
1001483,6267,158,9.129999,0.519768,0.02042,0.009892,0.0,0.00215664,0.124711,-0.065228,0.595197,0.693785,0.774017,7371.5,108.8,123.4,454.8,100.0,1.0
1001646,6268,163,11.878129,0.768322,0.017381,0.017796,0.0,0.00245641,0.205181,-0.087302,0.763546,0.896311,0.771636,7287.4,96.1,165.2,448.0,100.0,1.0
1001801,6269,155,7.927972,0.452717,0.042282,0.004241,2e-06,0.00239443,0.033063,-0.122651,0.395583,0.5605,0.798711,7152.7,114.6,164.5,597.3,100.0,1.0
1001956,6270,155,14.502646,0.98241,0.025677,0.043529,0.0,0.00255034,0.344144,0.225432,0.778336,1.0,0.812955,8478.9,105.2,188.3,348.9,100.0,1.0
1002118,6271,162,14.237615,0.98061,0.116543,0.01375,0.0,0.00221076,0.367841,0.343051,0.592055,1.0,0.807162,8927.0,110.8,178.6,439.6,100.0,1.0
1002277,6272,159,16.027192,1.0,0.077787,0.025083,0.0,0.00263628,0.398129,0.482857,0.704753,0.918822,0.814672,9459.7,123.2,191.1,427.2,100.0,1.0
1002442,6273,165,14.275933,0.2,0.03816,0.013767,0.236588,0.00207164,0.386218,0.400364,0.641029,0.968255,0.784508,9145.4,116.2,140.8,594.9,100.0,1.0
1002602,6274,160,8.083619,0.702881,0.091016,0.017612,0.0,0.00197435,0.096355,-0.185588,0.471805,0.755677,0.751787,6912.9,98.4,104.6,777.4,100.0,1.0
1002763,6275,161,6.184134,0.238324,0.034084,0.001021,0.000662,0.00204262,-0.013484,-0.186846,0.157698,0.538948,0.762449,6908.1,112.2,104.1,541.0,100.0,1.0
1002927,6276,164,12.621336,0.2,0.032237,0.0,0.025092,0.00225701,0.273525,0.050064,0.878656,0.928385,0.78399,7810.7,101.3,140.0,846.1,100.0,1.0
1003086,6277,159,11.703266,0.2,0.104357,0.0,0.0,0.0022351,0.241505,-0.038351,0.768296,0.938742,0.752308,7473.9,96.4,129.5,680.3,100.0,1.0
1003250,6278,164,10.5798,0.791882,0.106312,0.008672,0.0,0.00202615,0.207312,0.223134,0.373659,0.703616,0.772084,8470.1,124.3,120.1,701.4,100.0,1.0
1003414,6279,164,11.354047,0.620197,0.042872,0.024087,0.0,0.0017799,0.287181,0.09699,0.689033,0.962563,0.762828,7989.5,101.8,104.7,918.0,100.0,1.0
