timestep,episode,ep_length,cum_reward,R_water,R_fert,R_resource,R_losses,R_daily_mean,R_seasonal,R_yield,R_hiad,R_ane,R_penalty,yield_kg_ha,total_N_kg_ha,total_W_mm,total_rain_mm,energy_budget,comm_quality
161,1,161,3.687898,0.642835,0.709471,0.000969,9.9e-05,0.00137692,-0.487107,-1.0,-0.605125,-0.012007,0.494265,2297.8,58.1,79.5,358.1,100.0,1.0
321,2,160,-3.22332,0.635119,-0.281698,0.004779,0.0,0.00129465,-0.339063,-1.0,-0.424601,0.36043,0.442092,3696.3,67.9,69.0,635.9,100.0,1.0
482,3,161,-5.820896,0.2,-0.353822,0.020282,0.070707,0.00105047,-0.557871,-1.0,-1.0,-0.213821,0.410642,1626.9,51.7,65.6,946.6,100.0,1.0
643,4,161,-5.395645,0.24336,0.711916,0.0,0.036121,0.00126415,-0.509964,-1.0,-0.414606,-0.186045,0.464829,2355.6,72.4,72.5,613.3,100.0,1.0
800,5,157,-0.168644,0.77465,-0.311888,0.0,0.0,0.00134664,-0.213752,-0.95226,0.120083,0.553208,0.439021,3991.9,64.3,69.0,244.8,100.0,1.0
959,6,159,-3.403483,0.605931,-0.425735,0.006394,0.0,0.00137379,-0.372198,-1.0,-0.347504,0.153317,0.381264,3410.9,73.9,57.5,440.5,100.0,1.0
1120,7,161,-3.541419,0.362507,0.666535,0.007431,0.032064,0.00177437,-0.64266,-1.0,-1.0,-0.514147,0.395474,1314.2,67.6,60.8,382.3,100.0,1.0
1273,8,153,2.880027,0.498038,0.778897,0.001257,0.0,0.00277001,-0.3099,-1.0,0.179772,0.165415,0.36429,2958.7,63.5,55.9,231.3,100.0,1.0
1435,9,162,-6.39291,0.012701,-0.480438,0.000709,0.0,0.00111418,-0.613334,-1.0,-1.0,-0.319228,0.478759,1698.2,62.4,76.2,500.8,100.0,1.0
1597,10,162,3.594303,1.0,-0.238546,0.002849,0.0,0.00158838,-0.072691,-0.765593,0.085565,0.874977,0.435264,4703.1,62.7,68.5,654.1,100.0,1.0
1761,11,164,-3.773622,1.0,-0.295419,0.002845,0.0,0.00155291,-0.443788,-1.0,-0.923052,0.13314,0.404072,2604.3,57.5,63.7,359.1,100.0,1.0
1925,12,164,-5.049612,0.2,0.658622,0.008043,0.023872,0.00151013,-0.585692,-1.0,-1.0,-0.356365,0.36795,1814.2,70.5,55.6,471.7,100.0,1.0
2080,13,155,-7.526161,0.259469,-0.31745,0.0,0.0,0.0008013,-0.53867,-1.0,-1.0,-0.159169,0.402628,1819.3,54.1,63.9,1103.0,100.0,1.0
2241,14,161,-2.565742,0.424979,0.6,0.025037,1.3e-05,0.00237253,-0.612319,-1.0,-0.941733,-0.451166,0.379416,1194.8,54.4,59.8,532.4,100.0,1.0
2403,15,162,-3.242924,0.2,-0.330355,0.003752,2e-06,0.00138032,-0.394661,-1.0,-0.378711,0.075791,0.370077,3020.8,70.2,56.0,746.6,100.0,1.0
2561,16,158,-2.635889,1.0,-0.393804,0.013721,0.0,0.00143056,-0.361882,-1.0,-0.630305,0.300227,0.396914,3168.9,60.9,62.0,477.2,100.0,1.0
2724,17,163,1.108833,0.2,-0.27073,0.0,0.0,0.00145876,-0.177848,-0.90674,0.093133,0.555544,0.363256,4165.3,66.9,55.2,569.5,100.0,1.0
2886,18,162,-5.538886,0.848704,-0.36531,0.005024,0.0,0.00112253,-0.464428,-1.0,-0.69682,0.018463,0.429384,2287.3,56.1,68.3,820.9,100.0,1.0
3044,19,158,-5.538573,0.373133,0.694087,0.000653,0.0,0.00141639,-0.506464,-1.0,-0.64727,-0.041997,0.511824,2124.7,55.4,83.0,478.0,100.0,1.0
3208,20,164,1.977058,1.0,-0.247178,0.0,0.0,0.00158334,-0.158016,-0.811136,-0.090161,0.699833,0.446188,4529.6,66.6,69.9,391.4,100.0,1.0
3363,21,155,1.333052,0.273376,-0.177299,0.000483,0.0,0.00104253,-0.093325,-0.883264,0.022453,0.867676,0.385878,4254.8,57.0,60.6,571.7,100.0,1.0
3524,22,161,-0.584793,0.331607,-0.368948,0.0,0.0,0.00125223,-0.228188,-0.934454,-0.310634,0.578573,0.391667,4059.7,64.3,60.6,653.0,100.0,1.0
3679,23,155,-5.590734,0.38653,-0.385407,0.001236,0.0,0.00112224,-0.446765,-1.0,-0.293273,-0.051141,0.43456,3050.1,80.4,66.1,552.0,100.0,1.0
3844,24,165,-1.148921,0.514312,-0.268047,0.005603,0.0,0.00130752,-0.269798,-0.961304,-0.147431,0.458073,0.434717,3957.4,67.9,67.7,708.2,100.0,1.0
3997,25,153,-6.242397,0.246421,-0.351244,0.005151,0.00901,0.00109522,-0.469217,-1.0,-0.848385,0.002147,0.385779,2296.0,57.3,60.5,944.9,100.0,1.0
4156,26,159,2.711686,0.82675,-0.270259,0.002393,0.0,0.00132568,-0.079303,-0.819101,0.326452,0.769315,0.394191,4499.2,63.6,61.1,497.1,100.0,1.0
4313,27,157,-3.132908,0.037191,-0.386347,0.003577,0.0,0.00135719,-0.361122,-1.0,-0.310574,0.209593,0.408408,3421.8,70.7,62.7,311.6,100.0,1.0
4468,28,155,-2.5783,0.2,-0.389879,0.016078,0.080557,0.00170173,-0.387043,-1.0,-0.576725,0.147597,0.353284,2815.5,61.3,54.2,296.2,100.0,1.0
4631,29,163,-1.624192,0.731181,-0.339201,0.004511,0.0,0.00146021,-0.314087,-0.978947,-0.335142,0.329959,0.38521,3890.2,73.1,58.3,526.3,100.0,1.0
4792,30,161,-4.896044,1.0,-0.339691,0.01181,0.0,0.00141331,-0.459299,-1.0,-0.785871,0.032708,0.401498,2935.1,71.1,61.4,442.2,100.0,1.0
4953,31,161,-1.7437,0.394641,-0.381524,0.008677,0.000168,0.00109732,-0.2573,-1.0,0.002996,0.461151,0.416984,3788.3,64.8,65.0,461.2,100.0,1.0
5115,32,162,-4.457768,0.2,0.723043,0.00243,0.046677,0.00161678,-0.509633,-1.0,-0.476108,-0.221552,0.415877,2298.1,73.8,63.6,519.0,100.0,1.0
5278,33,163,-3.875174,0.802073,0.658644,0.000358,0.0,0.00178139,-0.683575,-1.0,-1.0,-0.550658,0.481078,1199.9,66.8,76.1,445.0,100.0,1.0
5433,34,155,-3.87391,1.0,-0.291671,0.011436,0.0,0.00122985,-0.372828,-1.0,-0.43316,0.121125,0.330999,2779.3,62.0,50.2,546.8,100.0,1.0
5590,35,157,1.447314,0.2,-0.335895,0.0,0.009852,0.00110337,-0.104137,-0.965227,0.361722,0.703587,0.314509,3942.5,57.9,47.8,528.9,100.0,1.0
5745,36,155,-4.627722,0.302088,0.6,0.001579,3.9e-05,0.00163059,-0.690329,-1.0,-1.0,-0.716506,0.358221,914.2,80.6,52.5,569.1,100.0,1.0
5906,37,161,-3.155783,1.0,0.748997,0.0,0.0,0.00151244,-0.391472,-1.0,0.043539,-0.026568,0.393874,2474.0,63.5,61.1,441.7,100.0,1.0
6075,38,169,-0.296776,1.0,0.690706,0.001251,0.0,0.00273291,-0.554429,-1.0,-0.428488,-0.400454,0.404126,1377.9,57.5,63.7,364.0,100.0,1.0
6234,39,159,-2.871378,0.688441,-0.429564,0.004846,0.0,0.00121426,-0.33109,-1.0,-0.083181,0.202815,0.381761,2976.3,61.9,59.2,457.8,100.0,1.0
6391,40,157,-6.007018,0.594249,0.68929,0.001282,0.0,0.00124822,-0.523304,-1.0,-0.870377,-0.19254,0.367154,2267.7,70.2,55.5,702.5,100.0,1.0
6551,41,160,-1.48806,0.2,-0.360448,0.014627,0.006254,0.00119123,-0.261431,-0.924371,-0.024408,0.404804,0.426681,4098.1,72.9,65.6,1017.2,100.0,1.0
6711,42,160,-2.498544,0.2,-0.255338,0.0,0.032532,0.00121233,-0.312978,-1.0,-0.382153,0.388191,0.403487,3458.9,62.3,63.0,569.7,100.0,1.0
6866,43,155,-0.823117,0.578376,-0.237642,0.0,0.0,0.00120405,-0.224966,-1.0,-0.25272,0.60536,0.375148,3803.1,59.2,58.4,608.3,100.0,1.0
7029,44,163,2.303252,0.935063,-0.307382,0.010562,0.0,0.00126806,-0.096474,-0.711853,0.381468,0.630872,0.416912,4907.8,75.2,63.6,550.0,100.0,1.0
7189,45,160,-2.539206,1.0,-0.467682,0.011427,0.0,0.00122835,-0.315567,-1.0,-0.045149,0.286312,0.419845,3200.5,62.2,65.9,514.3,100.0,1.0
7350,46,161,-5.494953,0.444199,0.688981,0.0,0.0,0.00133504,-0.477307,-1.0,-0.610912,-0.148178,0.347893,2078.5,61.0,53.3,572.3,100.0,1.0
7514,47,164,-3.967306,0.2,-0.467144,0.007004,0.131135,0.0012471,-0.390794,-1.0,-0.38225,0.080049,0.361669,2815.3,65.2,55.2,569.3,100.0,1.0
7674,48,160,-0.088776,0.139263,-0.345878,0.013701,0.0,0.00154639,-0.251342,-0.966522,-0.14349,0.482905,0.400668,3937.5,66.4,61.9,237.4,100.0,1.0
7838,49,164,-4.327165,1.0,-0.399045,0.00099,0.0,0.00142316,-0.436166,-1.0,-0.617182,0.126754,0.464212,3093.5,68.6,72.8,561.9,100.0,1.0
8003,50,165,0.474694,0.355362,-0.247386,0.001217,0.0,0.00113698,-0.164534,-0.843388,0.046688,0.603961,0.398697,4406.7,68.7,61.3,677.8,100.0,1.0
8161,51,158,-3.383802,0.698412,-0.368659,0.000239,0.0,0.00142299,-0.382353,-1.0,-0.598308,0.275555,0.443396,2854.1,55.9,70.8,518.2,100.0,1.0
8317,52,156,-3.862217,0.2,-0.461284,0.019017,0.120637,0.00112438,-0.354432,-1.0,-0.458906,0.355904,0.472321,2597.9,47.9,77.0,544.0,100.0,1.0
8477,53,160,-6.523895,0.587088,-0.369804,0.007413,0.0,0.00100845,-0.539819,-1.0,-0.9508,-0.222268,0.365881,2131.5,68.5,55.5,748.5,100.0,1.0
8637,54,160,-4.778913,0.2,0.6,0.000476,0.074051,0.0015289,-0.685206,-1.0,-1.0,-0.583514,0.457575,979.0,58.8,73.0,422.8,100.0,1.0
8802,55,165,-0.571475,0.2,-0.244504,0.013796,0.051492,0.00142629,-0.261544,-0.955764,-0.229312,0.502996,0.430203,3978.5,66.2,67.2,563.5,100.0,1.0
8958,56,156,-6.136652,0.2,-0.446388,0.004698,0.030715,0.00114817,-0.529078,-1.0,-0.943391,-0.217735,0.341196,1909.4,61.0,52.1,562.5,100.0,1.0
9118,57,160,0.45643,0.435841,-0.107594,0.002937,0.0,0.00131345,-0.188111,-0.951735,-0.10315,0.620102,0.359694,3993.9,61.6,55.3,486.4,100.0,1.0
9278,58,160,-3.977264,0.2,0.664876,0.006389,0.018254,0.00176096,-0.568346,-1.0,-0.837237,-0.454897,0.280439,1709.9,78.4,39.1,495.5,100.0,1.0
9440,59,162,-4.855045,0.611066,-0.505499,0.0,0.0,0.00147565,-0.541157,-1.0,-1.0,-0.191216,0.382263,1611.6,49.8,60.9,202.8,100.0,1.0
9603,60,163,-6.011767,0.539468,-0.433322,0.027271,5e-06,0.00114025,-0.562539,-1.0,-0.857775,-0.168063,0.503835,2542.5,76.4,78.8,886.9,100.0,1.0
9763,61,160,-0.763169,0.2,-0.362795,0.000839,0.224535,0.00122975,-0.231719,-1.0,-0.360856,0.507142,0.279361,3607.6,59.8,41.4,389.8,100.0,1.0
9922,62,159,-5.043309,1.0,-0.483859,0.001348,0.0,0.00145599,-0.49479,-1.0,-1.0,-0.183667,0.256256,1846.0,56.5,37.7,474.9,100.0,1.0
10085,63,163,-4.649887,0.467374,-0.446654,0.0,5e-06,0.00123812,-0.418637,-1.0,-0.612619,0.097173,0.390077,2553.8,58.2,61.1,530.1,100.0,1.0
10247,64,162,-1.669668,0.427147,-0.335109,0.000269,0.0,0.00082899,-0.211544,-1.0,0.978176,0.266206,0.397781,3385.8,66.8,61.3,582.5,100.0,1.0
10405,65,158,1.293535,0.925524,-0.311368,0.0,0.0,0.00110218,-0.113559,-0.964644,0.403255,0.641007,0.300074,3944.7,60.1,45.0,495.3,100.0,1.0
10565,66,160,-3.03066,0.824594,-0.380233,0.0,0.0,0.0013305,-0.352571,-1.0,-0.702591,0.355336,0.396892,2987.6,55.1,62.7,515.9,100.0,1.0
10725,67,160,4.231426,0.2,0.763751,0.0,0.027688,0.00215655,-0.150106,-1.0,0.865169,0.462328,0.358061,3497.7,59.8,55.3,371.3,100.0,1.0
10884,68,159,-4.923986,1.0,-0.394088,0.0,0.0,0.00147847,-0.488093,-1.0,-0.890928,0.104338,0.515147,2416.4,54.7,83.7,606.1,100.0,1.0
11043,69,159,4.906629,0.943399,-0.189852,0.0,0.0,0.00137749,0.007591,-0.73925,0.459059,0.937902,0.38535,4803.5,62.0,59.8,427.5,100.0,1.0
11201,70,158,-5.707322,0.349463,0.701518,0.0,0.000145,0.0012663,-0.555531,-1.0,-0.76915,-0.361458,0.343368,1855.6,72.6,51.0,597.6,100.0,1.0
11362,71,161,-5.862699,0.2,-0.389298,0.006186,0.058404,0.00117778,-0.56631,-1.0,-1.0,-0.190585,0.454671,1696.8,52.4,73.3,536.8,100.0,1.0
11521,72,159,-5.687036,0.831172,-0.497205,0.014826,0.0,0.00125179,-0.497551,-1.0,-0.69483,-0.038677,0.475616,2485.3,64.6,75.4,690.9,100.0,1.0
11680,73,159,-4.21151,0.44676,0.643181,0.001359,0.0,0.00169666,-0.714109,-1.0,-1.0,-0.603717,0.522839,990.5,62.5,84.0,366.1,100.0,1.0
11838,74,158,-6.07624,1.0,-0.517302,0.00013,0.0,0.00115529,-0.58033,-1.0,-1.0,-0.322524,0.381637,1504.1,55.5,60.0,549.1,100.0,1.0
11994,75,156,-4.900621,0.2,0.737526,0.015113,0.087616,0.00153556,-0.594172,-1.0,-0.876597,-0.382784,0.404791,1771.3,71.7,61.9,758.1,100.0,1.0
12145,76,151,-3.3136,1.0,0.679886,0.001448,0.0,0.00208995,-0.631675,-1.0,-1.0,-0.435271,0.431697,1526.4,67.6,67.2,247.5,100.0,1.0
12310,77,165,-5.857333,0.568938,-0.506941,0.0,0.0,0.00117277,-0.544186,-1.0,-0.982443,-0.319967,0.285576,1757.0,64.6,41.8,770.9,100.0,1.0
12475,78,165,-1.342062,0.229884,-0.319712,0.0,0.04239,0.00149138,-0.309053,-0.991118,-0.549411,0.392148,0.354221,3843.8,69.0,53.4,476.6,100.0,1.0
12637,79,162,6.890929,0.857295,-0.277819,0.0,0.0,0.00146699,0.085033,-0.718604,0.734975,0.974133,0.288725,4882.1,61.8,42.8,522.9,100.0,1.0
12791,80,154,-4.724436,0.385729,0.603423,0.0,0.0,0.00161759,-0.599473,-1.0,-1.0,-0.39838,0.371312,1344.5,55.9,58.1,338.6,100.0,1.0
12959,81,168,-0.129399,0.520363,-0.450466,0.0,2.9e-05,0.00166553,-0.285719,-1.0,0.489011,0.211872,0.423376,3698.7,76.3,64.6,544.1,100.0,1.0
13121,82,162,3.458085,0.262847,-0.155051,0.0,6e-06,0.00116785,-0.027294,-0.639429,0.755292,0.758274,0.486993,5183.8,73.7,76.2,701.4,100.0,1.0
13278,83,157,-0.293321,1.0,0.6,0.004903,0.0,0.00291334,-0.641702,-1.0,-0.929909,-0.592572,0.345541,1046.8,64.2,52.5,249.4,100.0,1.0
13433,84,155,-5.418293,0.2,-0.500747,0.002844,0.142438,0.00096344,-0.406263,-1.0,-0.482801,0.171502,0.455524,2574.8,54.9,73.1,664.9,100.0,1.0
13594,85,161,1.439184,0.389092,-0.155105,0.000254,0.000134,0.0012424,-0.131452,-0.817542,0.091886,0.648976,0.374135,4505.2,68.3,57.0,770.1,100.0,1.0
13755,86,161,0.9172,0.2,-0.096793,0.007288,0.006725,0.00114934,-0.141221,-0.944709,0.174503,0.710506,0.387558,4020.7,58.8,60.6,941.7,100.0,1.0
13912,87,157,-4.500484,0.986663,-0.36891,0.008912,0.0,0.0014469,-0.43934,-1.0,-0.887146,0.120728,0.390983,2364.0,52.7,62.0,251.6,100.0,1.0
14074,88,162,-2.435023,0.458652,0.759174,0.002231,0.0,0.00217837,-0.46913,-1.0,-0.457848,-0.18268,0.33869,2140.0,65.5,51.1,394.2,100.0,1.0
14235,89,161,-3.092254,0.959216,-0.422472,0.0,0.0,0.0011925,-0.337481,-1.0,-0.084773,0.156307,0.359702,2559.1,55.3,56.2,389.1,100.0,1.0
14391,90,156,-4.864017,0.279458,-0.270727,0.0,0.0,0.00106289,-0.394815,-1.0,-0.397432,0.110612,0.395016,3321.4,74.8,59.8,715.6,100.0,1.0
14555,91,164,-4.46992,1.0,-0.393242,0.00889,0.0,0.00142367,-0.444168,-1.0,-0.826362,0.043413,0.355875,2857.2,68.5,53.7,600.9,100.0,1.0
14713,92,158,-2.835496,0.697042,0.717546,0.006156,0.0,0.0021569,-0.513604,-1.0,-0.199358,-0.321736,0.420422,2003.3,73.8,64.4,629.7,100.0,1.0
14873,93,160,3.709517,0.2,-0.211386,0.000511,0.01675,0.00130262,-0.0331,-0.820175,0.389415,0.924397,0.412332,4495.1,58.4,65.0,615.8,100.0,1.0
15029,94,156,5.017617,0.414527,-0.10435,0.007286,0.0,0.00156586,-0.007919,-0.640646,-0.078171,0.92197,0.332947,5179.1,67.4,49.8,616.5,100.0,1.0
15187,95,158,1.172539,0.529171,-0.206491,0.0,0.0,0.00102473,-0.106468,-0.931535,0.315641,0.753444,0.374804,4070.9,58.0,58.5,514.4,100.0,1.0
15350,96,163,1.687189,0.2,-0.245997,0.0,0.045108,0.00105051,-0.091865,-0.755711,0.054594,0.718651,0.354262,4740.7,69.0,53.4,850.0,100.0,1.0
15507,97,157,6.110417,0.35009,-0.111191,0.020898,3e-06,0.00150356,0.049338,-0.418486,0.156815,1.0,0.462062,6025.6,73.6,71.8,460.2,100.0,1.0
15669,98,162,-2.910531,0.303963,-0.4022,0.002921,0.01368,0.00139249,-0.361945,-1.0,-0.502907,0.267853,0.405744,3186.3,62.8,63.3,672.7,100.0,1.0
15828,99,159,0.634291,0.807491,-0.277355,0.0,0.0,0.00111392,-0.147093,-0.79365,0.113573,0.571839,0.37597,4596.2,73.1,56.7,547.0,100.0,1.0
15991,100,163,-2.193033,0.439017,-0.329504,0.007047,0.0,0.00116996,-0.29236,-1.0,-0.180248,0.337788,0.35906,3058.6,57.2,55.8,911.6,100.0,1.0
16151,101,160,-4.120567,0.2,-0.344881,0.00101,0.092672,0.00126253,-0.393455,-1.0,-0.445506,0.072443,0.344678,2999.7,69.9,51.6,571.9,100.0,1.0
16318,102,167,-2.688553,0.2,-0.406152,0.009711,0.174866,0.00129074,-0.340059,-1.0,-0.547189,0.388309,0.433808,3642.6,65.6,67.9,668.0,100.0,1.0
16477,103,159,-4.480867,1.0,0.72514,0.0,0.0,0.00163506,-0.568796,-1.0,-1.0,-0.346653,0.328001,1925.1,73.7,48.1,387.2,100.0,1.0
16637,104,160,8.722164,0.628042,-0.08891,0.0,0.0,0.00156006,0.15532,-0.2834,0.894953,1.0,0.466642,6540.2,59.4,74.5,448.9,100.0,1.0
16803,105,166,-1.879145,0.38,-0.204731,0.011887,3e-05,0.00106449,-0.263474,-0.964731,-0.08037,0.40737,0.389901,3944.4,70.1,59.5,873.3,100.0,1.0
16970,106,167,8.929824,0.645563,0.004538,0.010775,0.0,0.00147823,0.166339,-0.333709,0.683453,1.0,0.338797,6348.6,70.8,50.4,352.8,100.0,1.0
17127,107,157,-5.15791,0.838233,0.651787,0.001042,0.0,0.00144811,-0.548995,-1.0,-0.962798,-0.169858,0.433594,1847.4,55.6,69.2,534.7,100.0,1.0
17290,108,163,6.435812,0.553689,-0.241977,0.002857,0.0,0.00131531,0.083125,-0.633621,0.758411,0.994612,0.379126,5205.9,65.2,58.3,383.7,100.0,1.0
17456,109,166,-4.584882,0.722799,-0.32979,0.004528,0.0,0.00136027,-0.437335,-1.0,-0.902084,0.189397,0.439845,2368.5,49.8,71.0,483.2,100.0,1.0
17618,110,162,-3.862249,0.294358,0.614575,0.017721,0.043215,0.00176135,-0.592752,-1.0,-1.0,-0.350527,0.393127,1867.7,71.9,59.9,559.5,100.0,1.0
17774,111,156,2.828919,0.528206,-0.214903,0.015151,0.0,0.00143947,-0.09352,-0.968079,-0.24377,0.962609,0.33116,3931.6,50.1,51.8,451.9,100.0,1.0
17936,112,162,-2.41573,1.0,-0.335979,0.0,0.0,0.00146396,-0.348372,-1.0,-0.584002,0.392273,0.450438,2831.3,50.8,72.8,343.9,100.0,1.0
18091,113,155,4.317965,0.457226,-0.142584,0.00754,0.0,0.00123851,0.007052,-0.838252,0.941237,0.951805,0.465859,4426.3,56.7,74.7,464.9,100.0,1.0
18249,114,158,-4.588674,0.447218,-0.43742,0.002775,0.0,0.00116126,-0.394554,-1.0,-0.311429,0.082209,0.394495,2600.1,60.1,61.7,656.5,100.0,1.0
18410,115,161,-0.821163,0.2,0.694406,0.002429,0.0,0.00222317,-0.396559,-1.0,-0.168035,0.041922,0.406664,2861.0,68.6,62.7,434.8,100.0,1.0
18568,116,158,-6.102736,0.2,-0.462531,0.001137,0.0,0.00112942,-0.535527,-1.0,-0.97102,-0.283878,0.295034,1893.3,66.1,43.3,810.6,100.0,1.0
18733,117,165,5.822429,0.50165,-0.169626,0.013375,0.0,0.00140447,0.036537,-0.628151,0.82067,0.804461,0.370944,5226.7,72.4,55.9,590.9,100.0,1.0
18897,118,164,-4.492744,0.631615,0.62612,0.015885,0.0,0.00156325,-0.617993,-1.0,-1.0,-0.493715,0.342509,1147.3,56.7,52.9,455.8,100.0,1.0
19055,119,158,-2.638,0.982767,0.637374,0.0,0.0,0.00217214,-0.670708,-1.0,-1.0,-0.677607,0.335503,959.8,74.4,49.4,405.0,100.0,1.0
19211,120,156,1.520629,0.348965,-0.208313,0.0,0.0,0.00141397,-0.149975,-0.878277,-0.261628,0.706428,0.331919,4273.8,62.6,50.3,561.9,100.0,1.0
19373,121,162,5.099996,0.453202,-0.136442,0.003101,0.0,0.00145847,-0.000595,-0.558578,0.202116,0.818572,0.362096,5491.8,75.5,53.9,735.5,100.0,1.0
19533,122,160,-2.349186,0.642602,-0.346428,0.0,0.0,0.00112231,-0.287621,-1.0,-0.060005,0.340932,0.382573,3282.9,61.2,59.4,506.5,100.0,1.0
19687,123,154,-3.134628,0.337772,0.68935,0.00294,5.7e-05,0.00189067,-0.435882,-1.0,-0.42582,-0.012299,0.398887,2367.8,59.9,62.5,275.5,100.0,1.0
19846,124,159,-2.222774,1.0,-0.500788,0.003819,0.0,0.00133594,-0.314507,-1.0,-0.16258,0.175834,0.288568,2891.2,61.5,42.8,364.9,100.0,1.0
20008,125,162,-5.949737,1.0,-0.363216,0.020088,0.0,0.00115523,-0.505078,-1.0,-0.569183,-0.093928,0.48566,2124.6,58.6,77.9,685.4,100.0,1.0
20165,126,157,-5.422925,0.2,-0.37501,0.011555,0.0,0.00133694,-0.490208,-1.0,-0.911434,-0.042508,0.389462,2673.5,69.8,59.5,470.7,100.0,1.0
20321,127,156,7.287804,0.338247,-0.097912,0.000291,0.000149,0.00144953,0.109462,-0.506797,0.637414,1.0,0.364515,5689.1,59.3,56.5,585.5,100.0,1.0
20481,128,160,-2.770739,0.520969,0.673771,0.001738,0.0,0.00209777,-0.555178,-1.0,-0.748553,-0.257683,0.437193,1931.1,65.0,68.5,309.3,100.0,1.0
20642,129,161,1.661996,0.2,-0.312593,0.012217,0.05066,0.00115459,-0.108995,-0.874195,0.603931,0.55786,0.337707,4289.3,68.8,50.5,580.8,100.0,1.0
20805,130,163,-5.061988,0.519298,0.653738,0.006098,0.0,0.00141081,-0.65297,-1.0,-1.0,-0.569923,0.377123,1304.8,75.8,56.5,835.9,100.0,1.0
20969,131,164,-4.337846,1.0,-0.356344,0.002124,0.0,0.00123704,-0.402437,-1.0,-0.301058,0.104571,0.439152,3250.4,73.6,67.8,466.2,100.0,1.0
21137,132,168,-6.219445,0.35624,-0.372323,0.003914,0.0,0.00092431,-0.441584,-1.0,-0.327539,0.007526,0.460251,3184.4,79.0,70.8,560.4,100.0,1.0
21298,133,161,-2.702148,0.2,0.681371,0.031718,0.0,0.00210041,-0.473185,-1.0,-0.445698,-0.216854,0.324455,2529.9,80.8,46.6,354.5,100.0,1.0
21462,134,164,-5.477521,0.569129,-0.358748,0.000446,4e-06,0.00123405,-0.455028,-1.0,-0.634765,-0.045223,0.365671,3060.7,80.1,53.9,632.1,100.0,1.0
21619,135,157,-5.393764,0.500653,0.6698,0.001951,0.0,0.00137143,-0.49892,-1.0,-0.447096,-0.252235,0.367256,2256.8,75.5,54.8,558.2,100.0,1.0
21772,136,153,-5.320847,0.497215,0.664644,0.001831,6.6e-05,0.00142938,-0.555632,-1.0,-1.0,-0.306141,0.325113,1757.4,63.3,49.0,602.0,100.0,1.0
21931,137,159,-3.686749,0.2,-0.326851,0.003949,0.065471,0.00109346,-0.343702,-1.0,-0.400933,0.240872,0.359628,3069.3,61.8,55.3,1253.6,100.0,1.0
22091,138,160,2.791292,0.44776,-0.223529,0.013676,0.0,0.00143847,-0.101353,-0.843674,0.341144,0.678913,0.366349,4405.6,65.6,56.0,478.9,100.0,1.0
22252,139,161,-2.106264,0.2,-0.352703,0.002099,0.0,0.00122955,-0.294652,-1.0,0.297669,0.201038,0.384945,3799.1,79.1,57.5,578.5,100.0,1.0
22409,140,157,-4.500897,0.2,-0.435925,1.5e-05,0.0,0.00111933,-0.38248,-1.0,-0.675331,0.057595,0.234929,2720.3,64.3,32.9,569.8,100.0,1.0
22571,141,162,-2.566526,0.2,-0.350374,0.00611,0.643997,0.00139447,-0.344138,-1.0,-0.366557,0.109567,0.258151,3158.9,71.2,36.1,608.1,100.0,1.0
22731,142,160,-4.637217,0.034266,-0.454695,0.002771,0.0,0.00111231,-0.391014,-1.0,-0.674807,0.084406,0.282442,2581.5,59.5,42.0,502.2,100.0,1.0
22886,143,155,-0.237714,0.2,0.6,0.001808,0.35,0.00291008,-0.604686,-1.0,-0.935135,-0.562536,0.264032,1142.9,65.3,37.9,318.0,100.0,1.0
23045,144,159,-3.025432,0.2,0.682649,0.016125,0.017567,0.00205487,-0.575878,-1.0,-0.684203,-0.396306,0.395901,1625.2,67.3,61.0,332.1,100.0,1.0
23203,145,158,-1.863064,0.248378,-0.319471,0.003951,0.0,0.00106667,-0.255036,-0.998429,-0.427448,0.455982,0.284224,3816.0,65.5,41.5,790.4,100.0,1.0
23361,146,158,-0.909796,0.2,-0.300188,0.003264,0.136268,0.00120173,-0.231917,-0.919739,-0.198144,0.388303,0.281882,4115.8,74.1,39.9,703.1,100.0,1.0
23519,147,158,-3.023398,0.529441,-0.32115,0.0,0.0,0.00135237,-0.354069,-1.0,-0.296183,0.29169,0.462737,3288.9,63.7,73.2,405.6,100.0,1.0
23677,148,158,-4.19584,0.834802,-0.306518,0.001955,1.1e-05,0.00124366,-0.391159,-1.0,-0.505975,0.079167,0.326603,3161.8,73.2,47.9,745.6,100.0,1.0
23839,149,162,-4.317244,1.0,0.723378,0.0,0.0,0.00165289,-0.469945,-1.0,-0.429711,-0.194355,0.33905,2733.9,84.8,48.6,398.2,100.0,1.0
23997,150,158,-5.051789,0.658366,0.707428,0.0,3e-06,0.00147441,-0.504685,-1.0,-0.558659,-0.210433,0.387683,2190.5,69.4,59.2,523.8,100.0,1.0
24157,151,160,-0.899022,1.0,-0.381763,0.0,0.0,0.00131142,-0.251221,-1.0,-0.167175,0.336198,0.243894,3669.8,68.7,34.0,399.0,100.0,1.0
24323,152,166,-1.789771,0.370318,-0.246007,0.009793,0.002847,0.00120345,-0.282425,-1.0,-0.454358,0.385381,0.293152,3717.5,67.1,42.9,982.0,100.0,1.0
24484,153,161,-1.257673,0.622652,-0.345624,0.00136,0.0,0.00165737,-0.32518,-1.0,-0.641614,0.297527,0.286504,3546.9,68.3,41.5,402.1,100.0,1.0
24645,154,161,-3.477535,0.409906,0.668066,0.008817,3.6e-05,0.00189158,-0.501214,-1.0,-0.620162,-0.251516,0.324979,1931.0,64.5,48.8,320.8,100.0,1.0
24805,155,160,-5.714827,0.604637,-0.333185,0.008183,0.0,0.00121462,-0.459072,-1.0,-0.898074,0.026109,0.363136,2465.4,60.1,56.1,603.3,100.0,1.0
24973,156,168,-3.257033,0.566247,-0.190082,0.001371,0.0,0.00107303,-0.330821,-1.0,-0.437669,0.275142,0.341704,3363.4,65.9,51.6,850.6,100.0,1.0
25130,157,157,-0.401395,0.849749,0.6,0.001094,0.0,0.00285416,-0.68621,-1.0,-1.0,-0.768353,0.302013,669.1,72.2,43.7,224.4,100.0,1.0
25292,158,162,4.607495,0.778083,-0.14713,0.015154,2e-05,0.00145511,-0.020539,-0.692586,0.425021,0.727121,0.308661,4981.2,72.1,44.9,547.2,100.0,1.0
25457,159,165,-4.210408,0.523502,0.679624,0.0,0.0,0.00165347,-0.504267,-1.0,-0.479159,-0.191101,0.425773,2047.8,63.3,66.8,479.5,100.0,1.0
25621,160,164,3.284663,1.0,-0.352085,0.001286,0.0,0.0012953,-0.059272,-0.797423,0.393801,0.686156,0.300408,4581.8,67.9,44.0,597.0,100.0,1.0
25782,161,161,-2.575121,0.277232,-0.466184,0.0,0.000259,0.00184406,-0.416993,-1.0,-0.437009,0.005699,0.357148,2398.1,59.6,55.1,445.0,100.0,1.0
25940,162,158,-3.442278,0.2,-0.316609,0.001955,0.056683,0.00107202,-0.329376,-1.0,-0.372287,0.162251,0.259494,3156.3,67.9,36.8,719.4,100.0,1.0
26094,163,154,-3.672691,0.86259,0.671109,0.0,2.6e-05,0.0019345,-0.613862,-1.0,-1.0,-0.485494,0.337754,1416.6,68.8,50.5,333.2,100.0,1.0
26256,164,162,-2.853084,0.2,-0.324939,0.014013,0.353818,0.0010624,-0.304705,-0.974237,-0.302655,0.196758,0.256879,3908.2,81.6,34.5,776.2,100.0,1.0
26408,165,152,-5.812027,0.692373,0.72173,0.002463,7e-06,0.00130492,-0.494089,-1.0,-0.947417,0.050157,0.4697,1875.0,44.6,77.0,456.7,100.0,1.0
26564,166,156,1.150566,0.202515,-0.124748,0.0,0.022456,0.00119427,-0.132572,-0.818767,-0.192591,0.570576,0.227984,4500.5,71.6,30.8,749.8,100.0,1.0
26719,167,155,6.527072,0.262406,-0.102889,0.0,0.01887,0.00154812,0.063214,-0.5814,0.904722,1.0,0.519739,5404.9,60.0,83.8,363.2,100.0,1.0
26885,168,166,-5.494272,0.861088,-0.452526,0.008324,0.0,0.00126168,-0.527421,-1.0,-0.663486,-0.264286,0.376533,2122.4,72.1,56.9,721.9,100.0,1.0
27046,169,161,-4.389472,0.470498,0.66466,0.0,0.0,0.00157802,-0.457945,-1.0,-0.506161,-0.240185,0.243638,2293.8,75.5,33.0,871.3,100.0,1.0
27210,170,164,-1.514346,0.615459,-0.222362,0.018136,0.0,0.00088679,-0.215502,-0.933512,0.237187,0.455725,0.407316,4063.3,69.8,62.6,965.4,100.0,1.0
27376,171,166,-2.915134,0.260622,-0.411132,0.02703,0.009428,0.00135881,-0.360915,-1.0,-0.457198,0.170782,0.332657,3428.4,73.2,49.0,538.9,100.0,1.0
27542,172,166,2.109789,0.592658,-0.294228,0.017452,1.1e-05,0.00121474,-0.103631,-0.682628,-0.002372,0.54655,0.276292,5019.2,81.1,38.0,576.4,100.0,1.0
27700,173,158,6.413224,0.744997,-0.218839,0.006894,0.0,0.001406,0.074713,-0.700253,1.0,0.987515,0.418509,4952.0,62.3,65.6,523.5,100.0,1.0
27862,174,162,6.812388,0.2,-0.235322,0.002373,0.0654,0.0012427,0.113507,-0.624312,0.81378,0.978212,0.300734,5241.4,66.2,44.3,822.4,100.0,1.0
28020,175,158,-2.414159,0.27497,-0.336626,0.0,1e-06,0.0011406,-0.291403,-1.0,-0.44489,0.279755,0.230973,3361.5,65.7,32.1,547.4,100.0,1.0
28174,176,154,-3.229999,1.0,-0.220274,0.015846,0.0,0.001426,-0.368437,-1.0,-0.605962,0.268317,0.395247,3284.3,64.7,61.2,609.5,100.0,1.0
28334,177,160,1.050169,0.77998,-0.232375,0.0,0.0,0.00128375,-0.156803,-0.910378,-0.161045,0.779818,0.420141,4151.5,58.3,66.4,600.4,100.0,1.0
28494,178,160,-0.87517,0.642877,0.689694,0.002977,0.0,0.00231245,-0.411268,-1.0,0.223126,-0.227397,0.329604,2135.7,69.1,49.0,512.9,100.0,1.0
28653,179,159,9.684814,1.0,-0.153211,0.018441,0.0,0.00161925,0.189342,-0.347068,0.925471,1.0,0.332681,6297.7,65.8,50.0,389.1,100.0,1.0
28812,180,159,3.404742,0.472211,-0.119341,0.015666,0.0,0.00135578,-0.058435,-0.707676,0.5628,0.681047,0.406029,4923.8,73.2,62.0,750.6,100.0,1.0
28971,181,159,-5.684325,0.2,0.669236,0.0,0.057819,0.00118853,-0.450773,-1.0,-0.480566,-0.193121,0.270799,2698.7,83.6,36.7,799.8,100.0,1.0
29124,182,153,-2.744262,0.773063,0.713006,0.0,4e-06,0.00220774,-0.467205,-1.0,-0.876325,-0.225259,0.177127,2410.3,77.8,21.0,343.3,100.0,1.0
29283,183,159,2.962775,1.0,-0.132315,0.008206,0.0,0.00130002,-0.069986,-0.811668,0.118422,0.723817,0.274448,4527.5,65.7,39.7,331.0,100.0,1.0
29441,184,158,-4.167404,0.542581,0.618811,0.00877,2e-06,0.00171763,-0.55234,-1.0,-0.986282,-0.353623,0.278928,1711.0,66.2,40.5,456.1,100.0,1.0
29598,185,157,-0.967472,0.2,-0.300962,0.004488,0.027356,0.00107081,-0.212426,-0.949686,0.104248,0.354181,0.261955,4001.7,73.9,36.4,780.2,100.0,1.0
29757,186,159,-1.047167,0.536624,-0.29463,0.0,1.6e-05,0.0010594,-0.216388,-0.906348,-0.185392,0.388836,0.25118,4166.8,75.0,34.4,678.9,100.0,1.0
29916,187,159,-4.222213,0.427286,-0.290815,0.0,0.0,0.0008122,-0.323092,-1.0,-0.38336,0.184925,0.25781,3538.8,74.7,35.6,1108.7,100.0,1.0
30071,188,155,-2.206292,0.2,-0.223191,0.0119,0.0,0.00111003,-0.273147,-1.0,-0.048177,0.424363,0.416108,3676.2,64.5,64.9,657.6,100.0,1.0
30226,189,155,4.495626,0.2,-0.03621,0.0,0.033758,0.00141258,-0.012654,-0.632391,0.185647,0.824278,0.344013,5210.6,71.4,51.3,493.1,100.0,1.0
30387,190,161,-1.010985,0.200976,0.693201,0.0,0.105395,0.00236559,-0.42852,-1.0,-0.523023,-0.094026,0.280027,2528.6,69.8,40.2,492.0,100.0,1.0
30542,191,155,-4.72966,0.418635,-0.402008,0.012683,0.0,0.00112117,-0.3912,-1.0,-0.595806,0.107923,0.325704,3073.7,69.4,48.3,543.2,100.0,1.0
30706,192,164,-2.778945,0.200627,0.677771,0.000763,4e-06,0.00203864,-0.528881,-1.0,-0.83081,-0.316737,0.28794,1827.5,66.9,42.0,499.3,100.0,1.0
30866,193,160,7.266643,0.399861,-0.153966,0.01688,6e-06,0.00136423,0.116212,-0.501161,0.647233,1.0,0.352061,5710.6,67.0,53.3,541.7,100.0,1.0
31028,194,162,-3.061121,1.0,0.688313,0.0,0.0,0.001544,-0.390841,-1.0,-0.285721,-0.051126,0.276945,2706.9,71.3,39.4,381.1,100.0,1.0
31186,195,158,1.763753,0.2,-0.418252,0.0,2e-05,0.00210165,-0.251359,-1.0,0.240024,0.133447,0.186846,3644.3,80.4,22.3,485.4,100.0,1.0
31344,196,158,-2.34392,-0.190946,-0.467926,0.0,0.0,0.00134131,-0.31968,-1.0,-0.297275,0.164842,0.255443,2813.3,60.4,37.1,216.2,100.0,1.0
31509,197,165,-3.527056,0.407881,0.661264,0.00496,3.6e-05,0.00182083,-0.527553,-1.0,-0.308574,-0.475773,0.297039,1654.3,78.9,42.0,587.9,100.0,1.0
31665,198,156,0.755131,-0.625681,-0.39134,0.011189,0.005823,0.00183041,-0.250789,-1.0,0.47868,0.116672,0.239025,3675.6,82.3,31.3,418.8,100.0,1.0
31828,199,163,-5.50598,0.590479,0.698453,0.001659,0.0,0.00128791,-0.509003,-1.0,-0.496233,-0.142218,0.476327,2064.2,60.2,76.1,433.1,100.0,1.0
31987,200,159,4.760228,0.661091,-0.272853,0.0,0.0,0.00238237,-0.160366,-0.799161,0.067341,0.368645,0.22258,4575.2,83.6,28.2,474.6,100.0,1.0
32148,201,161,4.391243,0.50402,-0.052876,0.011564,2.1e-05,0.00107649,0.029607,-0.725201,0.608666,0.892767,0.336541,4857.0,64.2,50.9,840.9,100.0,1.0
32308,202,160,-6.15806,1.0,-0.498398,0.006408,0.0,0.00111102,-0.528883,-1.0,-1.0,-0.240574,0.304888,1947.8,64.1,45.3,433.3,100.0,1.0
32463,203,155,-4.14764,1.0,0.690733,0.014844,0.0,0.00176814,-0.593439,-1.0,-1.0,-0.559726,0.215773,1399.6,79.5,27.6,432.1,100.0,1.0
32522,204,59,-7.596757,0.359124,0.613208,0.001051,0.0,0.00192516,-0.674598,-1.0,-1.0,-1.0,0.07028,0.0,29.4,8.5,231.1,100.0,1.0
32685,205,163,1.460202,0.332521,-0.21016,0.0,0.0,0.00123746,-0.133937,-0.933405,0.431323,0.532407,0.295542,4063.7,66.3,43.4,738.2,100.0,1.0
32846,206,161,7.590517,0.873423,-0.008234,0.001312,0.0,0.00144294,0.118821,-0.585217,0.556184,0.965181,0.228707,5390.3,68.6,31.3,447.8,100.0,1.0
33010,207,164,3.195291,0.2,-0.16363,0.0,0.017076,0.00145442,-0.090762,-0.727869,0.228815,0.575796,0.298328,4846.8,76.9,42.5,624.3,100.0,1.0
33168,208,158,-2.311738,0.968096,0.666145,0.002016,0.0,0.00227124,-0.517443,-1.0,-0.727454,-0.400165,0.213281,2100.3,87.5,26.1,605.5,100.0,1.0
33328,209,160,-1.205092,0.484592,-0.300914,6.2e-05,3.1e-05,0.00110374,-0.232156,-0.902978,0.130121,0.233937,0.256014,4179.7,84.7,34.0,799.9,100.0,1.0
33485,210,157,-3.659298,0.2,-0.304306,0.004729,0.03813,0.0011133,-0.34373,-1.0,-0.302947,0.251155,0.396521,2955.1,59.0,62.2,676.1,100.0,1.0
33643,211,158,-0.424589,0.722857,-0.280437,0.0,0.0,0.00116753,-0.203849,-1.0,-0.376982,0.76472,0.415905,3402.2,48.2,67.0,478.2,100.0,1.0
33804,212,161,-0.201751,0.2,-0.276473,0.003238,0.060618,0.00122806,-0.206797,-0.783041,0.323726,0.217794,0.310706,4636.6,95.2,42.2,576.2,100.0,1.0
33966,213,162,-1.087231,0.2,-0.21978,0.000645,0.021525,0.00129214,-0.259314,-0.882272,-0.517998,0.464769,0.361078,4258.5,72.7,54.1,705.0,100.0,1.0
34127,214,161,-3.238352,0.646422,0.637336,0.0,0.0,0.00195281,-0.597102,-1.0,-0.967087,-0.572061,0.225071,1663.7,97.2,26.9,492.3,100.0,1.0
34292,215,165,7.069327,0.408173,0.030674,0.000252,0.0,0.00151334,0.076014,-0.441504,0.5177,0.727775,0.239179,5937.9,85.9,30.8,415.0,100.0,1.0
34455,216,163,-0.550179,0.292426,-0.254709,0.001053,9.4e-05,0.00158763,-0.284039,-1.0,0.675926,0.095148,0.371933,3518.8,80.3,55.0,988.1,100.0,1.0
34615,217,160,-2.5978,0.905033,0.648454,0.000107,0.0,0.00215153,-0.526877,-1.0,-0.507228,-0.510227,0.208816,1638.3,83.6,25.8,321.5,100.0,1.0
34774,218,159,-1.821532,0.228548,-0.445553,0.023697,0.015865,0.00160737,-0.339817,-1.0,-0.297168,0.088865,0.247886,3234.2,74.3,33.9,646.3,100.0,1.0
34937,219,163,1.401328,0.818246,-0.242373,0.026256,0.0,0.00134434,-0.154377,-0.754131,0.445908,0.220352,0.218687,4746.8,97.2,25.7,414.9,100.0,1.0
35101,220,164,-2.918947,0.967798,-0.232358,0.0,0.0,0.00117441,-0.32677,-1.0,-0.369426,0.174193,0.263099,3558.1,75.8,36.4,584.2,100.0,1.0
35255,221,154,-4.270083,0.464653,0.705872,0.006872,0.0,0.00168855,-0.456522,-1.0,-0.404406,-0.221019,0.285073,2153.9,69.1,41.2,461.6,100.0,1.0
35421,222,166,4.367702,0.2,-0.34596,0.0,0.179947,0.00236799,-0.19286,-0.965579,0.673298,0.252566,0.270186,3941.1,78.7,37.3,680.7,100.0,1.0
35587,223,166,-0.354338,0.2,-0.192177,0.003431,0.0,0.00119068,-0.213805,-0.848515,0.283199,0.23619,0.288151,4387.2,88.7,39.1,892.6,100.0,1.0
35751,224,164,-1.742626,0.509934,-0.217749,0.009055,0.0,0.00096599,-0.238593,-0.944767,-0.316974,0.378425,0.24066,4020.4,72.9,32.8,838.7,100.0,1.0
35912,225,161,-3.306219,0.2,-0.320565,0.01298,0.045495,0.0010975,-0.328868,-1.0,-0.243045,0.256904,0.376099,3502.7,69.7,57.1,582.0,100.0,1.0
36077,226,165,2.152831,0.2,-0.142137,0.004705,0.143331,0.00114673,-0.089963,-0.710935,0.247569,0.505276,0.253053,4911.3,81.6,33.9,829.9,100.0,1.0
36235,227,158,-3.518522,0.2,-0.371947,0.0,0.0,0.00149463,-0.398088,-1.0,-0.36119,0.059754,0.371131,2686.1,63.4,57.1,475.5,100.0,1.0
36392,228,157,-3.037254,0.422114,-0.290292,0.009591,1e-06,0.0012873,-0.341735,-1.0,-0.588838,0.285112,0.338242,3490.6,67.9,50.7,571.0,100.0,1.0
36551,229,159,-3.978336,1.0,-0.272771,0.004241,0.0,0.00124774,-0.381166,-1.0,-0.548052,0.102485,0.306019,3680.5,83.5,43.0,687.4,100.0,1.0
36707,230,156,2.746625,1.0,-0.307299,0.013726,0.0,0.001397,-0.091642,-0.778239,0.168442,0.558548,0.232829,4654.9,74.7,31.2,498.4,100.0,1.0
36870,231,163,-2.266821,0.617201,-0.335173,0.004585,9e-06,0.00135359,-0.324737,-0.985449,-0.520387,0.226544,0.269426,3865.4,78.8,37.1,570.0,100.0,1.0
37032,232,162,1.674371,0.275896,-0.269957,0.002632,0.0,0.00135083,-0.141855,-0.902544,0.119961,0.496429,0.220411,4181.3,69.9,29.7,455.7,100.0,1.0
37187,233,155,-2.976999,0.2,0.6,0.005158,0.35,0.00208784,-0.591172,-1.0,-1.0,-0.525287,0.238818,1597.7,84.1,31.0,411.6,100.0,1.0
37352,234,165,-3.361299,0.902151,-0.360099,0.000959,0.0,0.00122737,-0.356676,-1.0,-0.527328,0.095734,0.23618,3358.8,76.6,31.5,621.2,100.0,1.0
37512,235,160,2.13498,0.405509,-0.352272,0.014723,0.0,0.00163097,-0.163083,-0.904719,0.030376,0.524626,0.278083,4173.0,68.4,40.0,506.8,100.0,1.0
37671,236,159,-1.435121,0.219176,-0.299077,0.014331,0.013023,0.00112636,-0.244826,-1.0,0.177237,0.240162,0.241709,3679.2,74.2,32.8,782.2,100.0,1.0
37829,237,158,-6.243148,0.223789,-0.462009,0.005278,4.6e-05,0.00108479,-0.526927,-1.0,-0.689574,-0.345466,0.298086,1904.6,72.7,43.0,811.4,100.0,1.0
37985,238,156,-5.643495,0.242659,-0.435903,0.009558,8e-06,0.00127637,-0.46388,-1.0,-0.879966,-0.06446,0.304415,2458.4,65.7,45.0,519.0,100.0,1.0
38148,239,163,1.460278,0.57663,-0.112718,0.0,0.0,0.00097083,-0.091076,-0.782346,0.161585,0.640015,0.29615,4639.3,70.7,42.9,733.3,100.0,1.0
38311,240,163,1.527994,1.0,-0.238484,0.0,0.0,0.00156399,-0.184792,-0.734169,-0.473298,0.480955,0.280589,4822.8,81.4,38.7,435.0,100.0,1.0
38475,241,164,0.825258,1.0,-0.283551,0.0,0.0,0.00128713,-0.173141,-0.85274,0.394851,0.354146,0.301957,4371.1,80.7,42.6,612.9,100.0,1.0
38639,242,164,3.780921,0.475026,-0.102405,0.0,1.4e-05,0.00094996,0.017428,-0.751389,0.47124,0.95028,0.362664,4757.2,61.0,55.9,807.8,100.0,1.0
38804,243,165,-4.825796,1.0,-0.436485,0.0,0.0,0.00127548,-0.43122,-1.0,-0.447466,-0.083224,0.318588,2770.6,75.6,46.2,367.4,100.0,1.0
38966,244,162,7.579771,0.405296,0.005197,0.022895,8.9e-05,0.00148558,0.106004,-0.517792,0.465154,0.947237,0.2721,5647.2,72.5,38.4,526.0,100.0,1.0
39122,245,156,6.833555,1.0,-0.033845,0.007132,0.0,0.00159927,0.062819,-0.583664,0.425279,0.849908,0.253616,5396.2,72.9,35.1,385.2,100.0,1.0
39284,246,162,-5.24227,0.291901,-0.48282,0.00066,0.0,0.00133581,-0.541278,-1.0,-0.999074,-0.256924,0.326552,2435.5,81.9,46.8,432.3,100.0,1.0
39444,247,160,-4.373318,0.519312,-0.313228,0.002024,0.0,0.00131985,-0.411075,-1.0,-0.803885,0.023046,0.250286,3055.8,74.7,34.3,692.1,100.0,1.0
39609,248,165,-3.711207,0.533138,0.683937,0.005672,1.1e-05,0.00175993,-0.597603,-1.0,-1.0,-0.54045,0.244194,1428.5,77.7,32.8,508.8,100.0,1.0
39771,249,162,-1.62959,1.0,0.671265,0.0,8e-06,0.00238817,-0.576796,-1.0,-0.884353,-0.472189,0.276296,1669.3,79.1,38.3,312.4,100.0,1.0
39932,250,161,6.333675,0.2,-0.23553,0.001397,0.096934,0.0015451,0.04164,-0.640736,0.413669,0.82571,0.249302,5178.8,70.9,34.6,527.4,100.0,1.0
40091,251,159,-5.0341,0.624787,-0.521705,0.0,0.0,0.00142966,-0.547231,-1.0,-1.0,-0.23269,0.364069,1841.5,60.0,56.3,275.4,100.0,1.0
40243,252,152,-0.200579,0.378151,-0.504106,0.002177,0.0,0.00197488,-0.309535,-1.0,0.400269,-0.004397,0.280693,3046.0,76.5,39.4,615.4,100.0,1.0
40406,253,163,3.753603,0.2,-0.139165,0.001843,0.037002,0.00159434,-0.087582,-0.643482,0.132374,0.529505,0.282287,5168.3,84.5,38.6,566.5,100.0,1.0
40560,254,154,-0.212956,0.2,0.748235,0.004849,0.166871,0.00220586,-0.349786,-1.0,0.396855,-0.062844,0.344625,2478.0,66.1,52.1,450.7,100.0,1.0
40716,255,156,1.301231,0.513841,-0.221206,0.001337,2e-06,0.00119994,-0.12733,-0.754156,0.269746,0.461866,0.298073,4746.7,81.2,41.9,651.9,100.0,1.0
40882,256,166,-2.173885,1.0,0.769078,0.010419,0.0,0.00218792,-0.504362,-1.0,-0.510542,-0.289073,0.333103,2546.7,89.6,46.9,370.5,100.0,1.0
41043,257,161,-0.229174,0.37257,0.675228,0.00688,0.0,0.00206744,-0.343604,-1.0,0.460692,-0.201122,0.226676,2290.0,71.7,30.5,459.8,100.0,1.0
41197,258,154,-0.876099,0.289834,-0.528055,0.0,0.0,0.00193745,-0.338668,-1.0,-0.292454,-0.003326,0.166927,3183.0,79.8,18.9,272.5,100.0,1.0
41354,259,157,1.457453,0.347276,0.74965,0.03378,0.0,0.00231214,-0.296444,-1.0,-0.069414,0.158888,0.249055,2967.6,64.0,35.5,404.1,100.0,1.0
41515,260,161,4.742101,0.631462,-0.150982,0.00548,0.0,0.00148273,-0.020639,-0.68293,0.245773,0.729023,0.266258,5018.0,72.6,37.4,426.1,100.0,1.0
41672,261,157,3.479275,0.2,-0.16224,0.011439,0.053677,0.00121591,-0.031003,-0.712934,0.42261,0.61881,0.230495,4903.7,75.7,30.7,844.2,100.0,1.0
41836,262,164,5.383795,0.521448,-0.278739,0.010217,0.0,0.00212627,-0.101769,-0.864753,0.235399,0.628944,0.279439,4325.3,66.4,40.5,394.8,100.0,1.0
41992,263,156,-1.94233,0.910826,0.6,0.001747,0.0,0.00239914,-0.513123,-1.0,-0.481855,-0.403906,0.267903,1697.5,71.2,37.9,290.4,100.0,1.0
42158,264,166,0.672697,0.2,-0.084623,0.001321,3.7e-05,0.00124305,-0.175213,-0.750117,-0.226667,0.507797,0.335304,4762.1,79.0,48.7,644.3,100.0,1.0
42318,265,160,-4.866862,0.459343,-0.427124,0.0,0.0,0.00126439,-0.426432,-1.0,-0.671363,-0.067187,0.254686,2850.7,76.4,34.8,631.6,100.0,1.0
42482,266,164,8.260156,0.2,-0.064186,0.0,0.084078,0.00133089,0.161981,-0.43524,0.744222,1.0,0.29609,5961.7,70.4,42.9,789.8,100.0,1.0
42639,267,157,-2.707811,0.973352,-0.390827,0.002118,8e-06,0.00113673,-0.302927,-1.0,-0.434573,0.303937,0.287573,3330.9,63.9,42.3,542.5,100.0,1.0
42802,268,163,4.120098,0.2,-0.295552,0.0,0.04261,0.00155342,-0.063712,-0.56309,0.131687,0.498,0.244309,5474.6,91.4,31.0,540.1,100.0,1.0
42963,269,161,4.985944,1.0,-0.037251,0.006859,0.0,0.00154536,-0.019524,-0.732704,-0.053161,0.892545,0.282271,4828.4,63.8,41.4,472.1,100.0,1.0
43118,270,155,-1.691169,0.2,0.739177,0.001695,0.0,0.00248082,-0.478833,-1.0,-0.489142,-0.28809,0.267119,2455.9,86.2,35.7,582.4,100.0,1.0
43279,271,161,-2.644402,0.2,0.661032,0.005068,0.032797,0.0021186,-0.576206,-1.0,-1.0,-0.510062,0.209107,1694.8,86.5,25.5,653.2,100.0,1.0
43440,272,161,-0.611994,0.797722,-0.28738,0.0,0.0,0.00178228,-0.315684,-1.0,-0.453259,0.315829,0.328877,3397.8,64.6,49.5,432.2,100.0,1.0
43599,273,159,-3.659292,0.391259,0.633685,0.000605,4.6e-05,0.001859,-0.627418,-1.0,-1.0,-0.659532,0.227309,1039.4,76.3,30.0,539.8,100.0,1.0
43760,274,161,-3.044388,1.0,-0.584644,0.002991,0.0,0.00199898,-0.536268,-1.0,-0.415668,-0.508919,0.26293,1779.8,90.6,34.4,606.1,100.0,1.0
43921,275,161,-1.225331,0.840824,-0.169541,0.015626,0.0,0.0010304,-0.222429,-0.977069,0.035736,0.45542,0.338174,3897.4,66.9,50.8,626.5,100.0,1.0
44079,276,158,-3.613382,0.387664,-0.446879,0.0,0.0,0.00110206,-0.341068,-1.0,-0.335578,0.067826,0.222451,3216.7,75.3,29.3,330.2,100.0,1.0
44235,277,156,-3.326354,0.847305,-0.38296,0.001262,0.0,0.0013293,-0.360991,-1.0,-0.465225,0.144237,0.307826,3011.5,65.8,45.6,305.1,100.0,1.0
44402,278,167,8.124893,0.2,-0.087915,0.005589,0.0,0.0010614,0.197883,-0.380598,0.70792,0.983888,0.208361,6169.9,77.8,26.5,688.4,100.0,1.0
44566,279,164,2.917173,0.945743,-0.339082,0.011599,0.0,0.0025077,-0.277471,-0.934607,0.066666,0.254513,0.362399,4059.1,80.9,53.2,348.3,100.0,1.0
44725,280,159,-4.324028,0.2,-0.280857,0.001412,0.283707,0.00087936,-0.340032,-1.0,-0.547196,0.101345,0.187761,3333.7,75.7,23.1,1027.2,100.0,1.0
44881,281,156,-0.467211,0.528,0.724719,0.0,0.0,0.00220359,-0.365693,-1.0,0.356997,-0.183536,0.275234,2637.0,80.7,37.9,481.7,100.0,1.0
45033,282,152,6.403639,0.567093,-0.218868,0.0,0.0,0.00140258,0.083423,-0.715665,0.567954,1.0,0.269874,4893.3,61.1,39.5,559.7,100.0,1.0
45193,283,160,-2.783268,0.716506,0.626831,0.0,0.0,0.00210837,-0.56033,-1.0,-1.0,-0.469505,0.198512,1762.4,83.1,24.0,456.8,100.0,1.0
45360,284,167,-0.741628,0.320121,0.683043,0.002776,0.0,0.00258661,-0.502147,-1.0,0.130464,-0.582485,0.258424,1397.9,83.7,34.5,872.6,100.0,1.0
45513,285,153,2.331182,0.60549,0.769436,0.00131,0.0,0.00289311,-0.335263,-1.0,0.315418,-0.192084,0.169084,2800.2,86.6,18.4,450.2,100.0,1.0
45666,286,153,-3.713276,-0.111988,0.651093,0.013293,0.0,0.001931,-0.580434,-1.0,-1.0,-0.472237,0.253609,1370.7,64.9,36.2,352.2,100.0,1.0
45830,287,164,6.620657,0.773051,-0.047529,0.0,0.0,0.00123752,0.10653,-0.418056,0.344588,0.880663,0.250326,6027.2,80.1,33.6,574.5,100.0,1.0
45990,288,160,3.381297,0.364967,0.000595,0.0,0.0,0.00134106,-0.05658,-0.759794,0.346005,0.63265,0.260076,4725.2,72.4,36.3,782.4,100.0,1.0
46150,289,160,9.603584,0.972843,-0.063699,7e-05,0.0,0.00143086,0.219161,-0.22654,0.579737,1.0,0.234793,6756.9,78.1,31.1,564.4,100.0,1.0
46317,290,167,-2.873925,0.577848,-0.422049,0.0,0.0,0.00120591,-0.335384,-1.0,-0.196729,0.020781,0.205559,3525.1,86.3,24.8,781.4,100.0,1.0
46476,291,159,1.334664,0.296322,-0.229485,0.0,0.0,0.00122442,-0.132339,-0.707711,0.04209,0.399353,0.226932,4923.6,88.0,28.4,653.0,100.0,1.0
46636,292,160,2.661841,0.2,-0.339201,0.000249,0.0,0.00201716,-0.199051,-0.990009,-0.071949,0.563887,0.324342,3848.1,61.5,49.1,337.9,100.0,1.0
46797,293,161,-3.59455,0.806535,0.6,0.016793,0.0,0.00187749,-0.62776,-1.0,-1.0,-0.664006,0.224453,1138.1,84.7,28.4,408.7,100.0,1.0
46959,294,162,4.504486,1.0,-0.202191,0.013598,0.0,0.00190714,-0.098593,-0.886155,0.340411,0.572365,0.236584,4243.7,67.5,32.8,504.6,100.0,1.0
47125,295,166,-3.215481,0.68092,0.690013,0.004151,0.0,0.00193078,-0.495223,-1.0,-0.659724,-0.309144,0.247164,2247.2,81.3,32.9,393.4,100.0,1.0
47285,296,160,3.586152,1.0,-0.16481,0.00115,0.0,0.00124795,-0.031945,-0.74482,0.49807,0.57374,0.193341,4782.2,76.0,24.1,463.8,100.0,1.0
47443,297,158,-3.368616,-0.18767,0.622943,0.0,0.0,0.00196972,-0.54635,-1.0,-1.0,-0.39982,0.218297,1931.4,80.5,27.9,335.9,100.0,1.0
47608,298,165,-3.164866,0.682205,-0.423747,0.0,0.0,0.00154294,-0.402588,-1.0,-0.379952,-0.032826,0.299272,3442.7,89.0,41.0,388.7,100.0,1.0
47759,299,151,-3.627216,0.280803,0.67844,0.0,0.0,0.00198955,-0.483762,-1.0,-0.304423,-0.382265,0.253259,1988.6,80.5,34.0,653.0,100.0,1.0
47916,300,157,-0.067373,0.349494,-0.298971,0.020077,0.000139,0.00210096,-0.333247,-1.0,0.315483,-0.061358,0.275396,3522.1,93.8,36.2,527.9,100.0,1.0
48080,301,164,2.81643,0.458832,-0.100334,0.0,1.5e-05,0.00129431,-0.08044,-0.690521,-0.165586,0.583925,0.189797,4989.1,78.7,23.1,654.8,100.0,1.0
48242,302,162,-1.417059,1.0,-0.285736,0.018042,0.0,0.00157388,-0.321191,-0.942656,-0.372168,0.096978,0.221154,4028.5,91.8,26.9,427.6,100.0,1.0
48404,303,162,10.226128,-0.071743,-0.005383,0.0,0.0,0.00132302,0.263439,-0.220865,0.909179,1.0,0.206464,6778.5,81.4,25.7,545.9,100.0,1.0
48560,304,156,-0.767753,0.527977,-0.299008,0.01603,0.0,0.00129779,-0.238184,-1.0,0.053383,0.331202,0.265381,3744.0,70.3,37.5,451.7,100.0,1.0
48720,305,160,-3.107003,0.653362,0.6,0.016687,0.000159,0.00202977,-0.63994,-1.0,-1.0,-0.705674,0.223535,1076.5,91.4,27.3,479.0,100.0,1.0
48874,306,154,-6.170015,0.472455,-0.445118,0.0,0.0,0.00115993,-0.491004,-1.0,-0.967566,-0.216908,0.226215,2235.9,71.4,30.5,642.5,100.0,1.0
49033,307,159,-0.978795,0.2,0.705487,0.0,0.0,0.00265965,-0.470115,-1.0,-0.021534,-0.394331,0.284749,2011.1,83.0,39.3,347.1,100.0,1.0
49194,308,161,-0.105367,0.377647,0.733228,0.008204,2.4e-05,0.00290399,-0.59158,-1.0,-0.622465,-0.60351,0.280802,1660.0,104.7,35.7,327.3,100.0,1.0
49354,309,160,-3.352042,0.299114,-0.35818,0.008463,0.007244,0.00110061,-0.334124,-1.0,-0.450513,0.168285,0.255879,3496.6,74.8,35.3,607.6,100.0,1.0
49508,310,154,-2.999049,0.771905,-0.338043,0.0,0.0,0.00132028,-0.344676,-1.0,-0.544867,0.110598,0.209624,3475.4,78.2,26.6,469.9,100.0,1.0
49672,311,164,3.452428,0.2,-0.088419,0.000671,0.067297,0.0016033,-0.100144,-0.734836,0.931228,0.268851,0.257751,4820.3,95.0,32.9,820.4,100.0,1.0
49833,312,161,-1.368544,0.415548,0.6,0.004321,0.0,0.00254278,-0.623396,-1.0,-1.0,-0.647122,0.226455,1256.7,89.0,28.2,453.7,100.0,1.0
49989,313,156,-4.028042,1.0,0.6,0.0,0.0,0.00183345,-0.523468,-1.0,-0.606387,-0.471401,0.204025,1665.6,78.8,25.6,553.5,100.0,1.0
50146,314,157,1.47261,1.0,0.702734,0.008809,0.0,0.00314331,-0.425574,-1.0,-0.235226,-0.217641,0.247884,2066.3,66.0,35.0,163.8,100.0,1.0
50310,315,164,-2.537456,1.0,0.6,0.010286,0.0,0.00218495,-0.63131,-1.0,-1.0,-0.668263,0.230946,1246.1,93.9,28.3,399.9,100.0,1.0
50469,316,159,-0.198677,0.2,0.809414,0.00128,0.132089,0.00215327,-0.351986,-1.0,0.173079,-0.065295,0.284874,3085.5,82.5,39.3,538.2,100.0,1.0
50636,317,167,1.334368,1.0,-0.096004,0.0,0.0,0.00129058,-0.151906,-0.751023,0.146963,0.34132,0.232121,4758.6,88.7,29.2,426.2,100.0,1.0
50801,318,165,9.303198,0.48487,0.004894,0.0,0.0,0.00189522,0.12963,-0.413614,0.764956,0.812631,0.249289,6044.1,83.4,33.0,553.5,100.0,1.0
50962,319,161,-4.172284,0.698102,0.697155,0.016911,0.0,0.00174249,-0.578539,-1.0,-1.0,-0.440072,0.275765,1953.3,87.2,37.1,575.2,100.0,1.0
51124,320,162,8.146846,0.222152,-0.058636,0.0,0.00555,0.0013594,0.167301,-0.3255,0.505344,0.944709,0.243632,6379.8,82.0,32.1,769.7,100.0,1.0
51279,321,155,3.327229,0.273476,-0.204886,0.015786,0.012585,0.00162286,-0.09331,-0.855949,0.449867,0.426954,0.149701,4358.8,76.4,16.3,534.8,100.0,1.0
51438,322,159,1.407882,0.638191,0.701306,0.0,9.4e-05,0.00287763,-0.391797,-1.0,0.313768,-0.284926,0.250559,2878.9,100.6,30.9,370.3,100.0,1.0
51599,323,161,7.599988,1.0,-0.056988,0.0,0.0,0.00168502,0.091113,-0.496098,0.340753,0.851148,0.212234,5729.9,77.4,27.2,515.1,100.0,1.0
51760,324,161,-2.588602,0.642191,-0.356255,0.005191,0.0,0.00117747,-0.312896,-1.0,-0.225183,0.12855,0.225551,3697.8,81.9,29.0,632.9,100.0,1.0
51920,325,160,4.167301,0.2,-0.149048,0.006194,0.009235,0.00126168,-0.003241,-0.72636,0.499165,0.706415,0.23855,4852.6,71.1,32.7,540.8,100.0,1.0
52083,326,163,-2.275844,0.2,0.6,0.000776,0.0,0.00227008,-0.631242,-1.0,-1.0,-0.708516,0.196249,958.3,82.2,23.8,636.8,100.0,1.0
52245,327,162,-3.270231,0.395345,0.6,0.0,0.0,0.00199697,-0.673121,-1.0,-1.0,-0.714891,0.31044,1061.2,93.1,42.5,378.7,100.0,1.0
52405,328,160,10.221287,0.280466,0.025549,0.0,6.1e-05,0.00142027,0.260604,0.001731,0.639977,1.0,0.296648,7626.6,78.0,42.0,516.3,100.0,1.0
52572,329,167,-0.040716,0.310237,0.736944,0.0,0.0,0.00238286,-0.400335,-1.0,0.089068,-0.297883,0.199649,2925.3,104.2,21.4,638.0,100.0,1.0
52726,330,154,-3.541376,0.415964,0.609223,0.007221,1.4e-05,0.00202001,-0.648124,-1.0,-1.0,-0.714985,0.23894,915.8,80.3,31.5,419.4,100.0,1.0
52885,331,159,-0.236436,0.267389,-0.293798,0.003293,0.0,0.00117052,-0.197276,-0.815846,0.064678,0.257012,0.219673,4511.6,89.7,26.9,701.3,100.0,1.0
53050,332,165,-2.184323,0.491518,0.700067,0.01614,5.3e-05,0.0020151,-0.436998,-1.0,-0.506323,-0.142759,0.267252,3069.8,89.5,35.3,425.8,100.0,1.0
53207,333,157,5.607688,1.0,0.768262,0.0,0.0,0.00296585,-0.198069,-1.0,1.0,0.048352,0.178786,3075.8,73.3,21.8,244.1,100.0,1.0
53366,334,159,-0.93487,1.0,-0.29655,0.0,0.0,0.00122584,-0.239589,-0.959257,-0.016086,0.297127,0.249439,3965.2,76.4,33.9,398.0,100.0,1.0
53522,335,156,-4.956342,1.0,0.648657,0.0,0.0,0.0015741,-0.546583,-1.0,-1.0,-0.442805,0.182118,1751.9,78.6,21.7,463.4,100.0,1.0
53683,336,161,-3.560451,0.669693,0.660249,0.0,4e-06,0.001937,-0.534816,-1.0,-1.0,-0.385344,0.197751,2042.9,83.1,23.9,549.8,100.0,1.0
53846,337,163,-1.63213,0.350303,-0.280757,0.0,3e-06,0.00125963,-0.28344,-0.995699,-0.333514,0.29434,0.255616,3826.4,73.9,35.3,860.8,100.0,1.0
54006,338,160,2.064041,0.620689,0.716911,0.0,1.8e-05,0.00271003,-0.335342,-1.0,-0.324879,0.052482,0.195996,3179.3,75.5,24.6,346.8,100.0,1.0
54165,339,159,-3.148729,0.433535,0.692941,0.0,0.0,0.00208802,-0.575677,-1.0,-0.768435,-0.500697,0.281783,1675.3,83.9,38.6,446.1,100.0,1.0
54326,340,161,-6.49304,0.2,-0.460702,0.0,2e-06,0.00093009,-0.461964,-1.0,-0.68021,-0.248359,0.198388,2551.1,84.8,23.8,1196.8,100.0,1.0
54489,341,163,7.423008,0.536557,0.020998,0.0,0.0,0.00148953,0.113993,-0.545923,0.452213,0.965259,0.240931,5540.0,70.5,33.2,548.5,100.0,1.0
54651,342,162,-3.325659,1.0,0.711152,0.008075,0.0,0.00200431,-0.491284,-1.0,-0.573281,-0.272195,0.292277,2663.2,91.5,39.5,636.7,100.0,1.0
54813,343,162,-4.600047,0.308973,-0.367586,0.014136,0.0,0.0010941,-0.398198,-1.0,-0.464297,0.022248,0.309835,2873.5,70.3,45.4,706.7,100.0,1.0
54969,344,156,1.6011,0.2,-0.23837,0.00735,0.02532,0.00140661,-0.142438,-0.957172,0.677777,0.393887,0.254538,3973.2,71.3,35.5,444.8,100.0,1.0
55134,345,165,-5.436487,0.327892,0.686677,0.000158,0.0,0.0013438,-0.557002,-1.0,-1.0,-0.493476,0.168455,1780.4,87.9,18.1,690.3,100.0,1.0
55293,346,159,-5.635756,0.486099,0.708689,0.002107,0.000187,0.00133706,-0.499357,-1.0,-0.872447,-0.28398,0.219766,2289.8,79.9,28.2,574.7,100.0,1.0
55451,347,158,-2.163761,0.55015,-0.487335,0.002464,0.0,0.00164899,-0.364329,-1.0,-0.072908,-0.081937,0.235592,3286.0,89.5,29.7,445.3,100.0,1.0
55618,348,167,2.06296,0.811181,-0.279358,0.015708,0.0,0.00193663,-0.224552,-0.852052,0.504107,0.049596,0.219511,4373.7,104.2,24.9,768.5,100.0,1.0
55779,349,161,-2.361602,0.477513,0.6,0.002161,0.0,0.00229437,-0.603577,-1.0,-1.0,-0.608825,0.202657,1352.1,86.4,24.3,970.0,100.0,1.0
55939,350,160,3.324306,0.2,-0.161086,0.028714,0.0,0.00163734,-0.102145,-0.666227,-0.0885,0.547842,0.26026,5081.7,82.1,35.1,516.0,100.0,1.0
56100,351,161,-2.627242,1.0,0.6,0.006512,0.0,0.00222446,-0.636757,-1.0,-1.0,-0.734565,0.189679,882.6,83.1,22.5,448.1,100.0,1.0
56255,352,155,4.942509,0.686183,0.684201,0.001019,0.0,0.00275178,-0.188939,-1.0,0.684646,0.17571,0.171763,3658.8,77.8,20.0,344.6,100.0,1.0
56419,353,164,9.419501,1.0,-0.17369,0.001404,0.0,0.00151942,0.204675,-0.344166,0.764113,1.0,0.244842,6308.7,74.2,33.4,550.0,100.0,1.0
56581,354,162,6.058523,0.673934,-0.273464,0.0,0.0,0.00166833,0.021532,-0.747182,0.59055,0.749241,0.215714,4773.2,68.2,29.0,361.0,100.0,1.0
56736,355,155,-3.138423,0.963365,0.686836,0.003777,0.0,0.00215704,-0.5778,-1.0,-0.884292,-0.588479,0.179504,1332.6,81.0,21.0,684.0,100.0,1.0
56896,356,160,5.140676,0.322952,0.719876,0.0,0.0,0.00277917,-0.19728,-1.0,0.84006,0.246966,0.301073,3464.3,69.5,43.9,389.3,100.0,1.0
57062,357,166,-2.605765,0.802784,-0.437402,0.0,0.0,0.00157057,-0.38668,-1.0,-0.87273,0.06372,0.195779,3054.4,71.8,25.0,334.4,100.0,1.0
57223,358,161,3.191407,1.0,0.726436,0.020028,0.0,0.0028333,-0.302604,-1.0,1.0,-0.244913,0.226085,2528.5,83.7,28.8,523.7,100.0,1.0
57387,359,164,8.236123,0.2,0.036474,0.0,0.124403,0.00211137,0.052812,-0.458298,0.985578,0.555741,0.279697,5873.9,94.4,36.9,597.0,100.0,1.0
57545,360,158,-3.095945,0.650377,-0.364038,0.0,0.0,0.00126406,-0.349704,-1.0,-0.465585,0.129635,0.262961,3598.3,79.6,35.9,542.5,100.0,1.0
57709,361,164,-3.849836,1.0,-0.329715,0.005118,0.0,0.00131047,-0.401392,-1.0,-0.616683,-0.09105,0.178309,3472.9,95.5,18.8,689.6,100.0,1.0
57875,362,166,-6.576604,0.2,-0.420395,0.006846,0.052266,0.0009934,-0.515598,-1.0,-0.882123,-0.316271,0.235727,2759.5,100.9,28.2,658.1,100.0,1.0
58031,363,156,-4.657419,0.2,0.733642,0.001254,0.116048,0.00167492,-0.532197,-1.0,-0.885721,-0.392818,0.216512,2366.6,97.4,25.3,731.8,100.0,1.0
58194,364,163,1.187007,0.2,-0.142629,0.002156,0.052284,0.00096748,-0.1001,-0.938543,0.481838,0.482578,0.166917,4044.2,68.2,20.4,680.4,100.0,1.0
58349,365,155,-0.220399,0.2,-0.421511,0.006252,0.032828,0.00120307,-0.197018,-1.0,0.472645,0.275703,0.21998,3610.9,70.8,29.5,427.9,100.0,1.0
58516,366,167,0.866197,0.64188,0.688533,0.0,7.2e-05,0.00285323,-0.436023,-1.0,-0.151797,-0.359737,0.179776,2933.9,114.6,16.6,464.2,100.0,1.0
58683,367,167,2.38047,0.564558,-0.082627,0.001942,5e-06,0.00123984,-0.091341,-0.703226,-0.095335,0.527766,0.183803,4940.7,80.8,21.7,742.8,100.0,1.0
58844,368,161,0.110131,0.709485,-0.50252,0.0,0.0,0.00215371,-0.341607,-1.0,0.010383,-0.037527,0.232534,3588.6,93.2,28.7,568.7,100.0,1.0
58996,369,152,2.596579,0.733163,-0.41059,5.5e-05,2e-06,0.0023301,-0.228266,-1.0,0.35104,0.151769,0.16829,3608.6,78.3,19.3,449.2,100.0,1.0
59156,370,160,8.007236,0.905862,-0.112139,0.014034,0.0,0.00155645,0.140072,-0.650933,0.979262,0.86107,0.152692,5139.9,69.0,17.8,502.9,100.0,1.0
59317,371,161,0.464512,0.231268,-0.246735,0.00745,0.013684,0.00135198,-0.194999,-0.871922,-0.168787,0.413193,0.240278,4298.0,76.0,32.3,741.2,100.0,1.0
59477,372,160,-5.241052,0.371395,-0.487225,0.0,2.3e-05,0.00139483,-0.477772,-1.0,-1.0,-0.218563,0.177724,2252.8,72.1,21.8,446.4,100.0,1.0
59636,373,159,-0.406849,0.359048,-0.304699,0.0,0.000117,0.00128672,-0.224291,-0.791757,-0.019264,0.171842,0.21708,4603.4,98.2,25.3,725.1,100.0,1.0
59796,374,160,5.503381,0.229489,-0.129344,0.009676,0.01707,0.00128167,0.06208,-0.668944,0.494506,0.823829,0.192238,5071.3,69.5,24.7,962.4,100.0,1.0
59956,375,160,-2.813514,0.509125,0.6,0.001625,0.0,0.00219669,-0.585007,-1.0,-0.915761,-0.610712,0.172051,1588.6,102.0,16.9,367.3,100.0,1.0
60112,376,156,1.112547,0.664123,-0.078687,0.000127,0.0,0.00139013,-0.162745,-0.748056,-0.321922,0.413824,0.193389,4769.9,84.3,23.0,608.6,100.0,1.0
60269,377,157,4.476044,0.439083,-0.135774,0.0,1.8e-05,0.00168261,-0.046926,-0.670435,0.003377,0.71714,0.270847,5065.6,73.8,38.0,512.5,100.0,1.0
60426,378,157,-3.405312,0.803093,-0.437354,0.002572,0.0,0.00114653,-0.345129,-1.0,-0.331682,0.030418,0.203103,3549.2,86.1,24.4,397.8,100.0,1.0
60586,379,160,3.745192,0.45389,-0.064729,0.0,3.1e-05,0.00150961,-0.059881,-0.745906,1.0,0.34111,0.216393,4778.1,89.1,26.4,827.0,100.0,1.0
60748,380,162,6.296026,1.0,0.83721,0.000317,0.001073,0.00312345,-0.201232,-0.951842,0.635166,0.093821,0.156956,3993.5,91.3,15.6,275.2,100.0,1.0
60908,381,160,-2.656903,0.710574,0.674028,0.0,0.0,0.00225419,-0.556664,-1.0,-0.755516,-0.526431,0.209094,1734.8,91.6,24.8,506.1,100.0,1.0
61062,382,154,-3.873804,0.2,0.688135,0.00341,0.10106,0.00187046,-0.476786,-1.0,-0.081042,-0.535733,0.165607,1583.6,85.3,17.9,720.5,100.0,1.0
61221,383,159,-3.664178,0.480552,0.683602,0.002574,0.0,0.00195885,-0.595417,-1.0,-0.863192,-0.620381,0.208523,1421.7,93.6,24.4,800.8,100.0,1.0
61386,384,165,8.786219,1.0,-0.003954,0.007397,0.0,0.00141659,0.194136,-0.162548,0.796252,0.88941,0.319072,7000.7,92.6,44.0,453.5,100.0,1.0
61534,385,148,2.12132,0.568846,-0.316785,0.0,0.0,0.00148526,-0.116492,-0.909985,0.623657,0.391739,0.196808,4153.0,74.6,24.9,577.8,100.0,1.0
61694,386,160,2.084674,0.516128,-0.449767,0.006448,0.0,0.00249587,-0.298402,-1.0,-0.181424,0.078724,0.153933,3525.1,81.7,16.4,335.1,100.0,1.0
61852,387,158,3.558916,1.0,-0.161,0.002507,0.0,0.00143978,-0.054012,-0.872177,0.041028,0.81764,0.243895,4297.0,59.1,35.2,380.0,100.0,1.0
62006,388,154,4.642095,0.2,0.781194,0.001118,0.313247,0.00303555,-0.241891,-1.0,1.0,-0.10632,0.171415,3304.5,92.4,18.0,635.6,100.0,1.0
62171,389,165,4.59064,0.2,-0.011747,0.0,0.0,0.00144099,-0.013526,-0.589347,0.30435,0.571687,0.194657,5374.6,85.5,23.0,564.5,100.0,1.0
62328,390,157,5.584414,0.559236,-0.156986,0.0,0.0,0.00190012,-0.025792,-0.683733,0.77368,0.464283,0.204319,5015.0,85.6,24.7,580.9,100.0,1.0
62488,391,160,-0.757668,0.712086,-0.162194,0.008267,0.0,0.00120531,-0.229691,-0.927059,-0.266561,0.306109,0.180294,4087.9,78.2,21.5,813.8,100.0,1.0
62648,392,160,3.767378,0.592172,-0.247963,0.007717,0.0,0.00127524,-0.020342,-0.652747,0.114573,0.62233,0.158033,5133.0,79.1,17.4,471.2,100.0,1.0
62802,393,154,9.620487,1.0,-0.040488,0.0,1.9e-05,0.00249984,0.083966,-0.559451,0.657536,0.692395,0.141837,5488.5,81.1,14.3,370.4,100.0,1.0
62960,394,158,-3.749355,0.418847,0.648235,0.003404,0.0,0.00194845,-0.610718,-1.0,-1.0,-0.507159,0.310201,1879.7,95.4,42.1,507.4,100.0,1.0
63119,395,159,1.026999,0.2,-0.38051,0.0,0.161347,0.00148897,-0.186493,-0.889162,0.268299,0.231304,0.172638,4232.3,85.9,19.1,605.4,100.0,1.0
63282,396,163,-3.900501,0.2,0.685246,0.00266,8.3e-05,0.00184107,-0.565475,-1.0,-0.536076,-0.642211,0.197726,1342.9,93.8,22.5,416.3,100.0,1.0
63443,397,161,-2.059988,1.0,-0.141753,0.0,0.0,0.00116269,-0.287647,-0.931675,-0.282354,0.189533,0.23815,4070.3,85.5,30.7,746.8,100.0,1.0
63600,398,157,-5.678329,0.611972,-0.363158,0.0,3e-05,0.00122123,-0.468893,-1.0,-0.91481,-0.237549,0.160421,2921.4,95.8,15.6,591.1,100.0,1.0
63762,399,162,-1.841091,0.2,-0.360294,0.002918,0.235913,0.00122065,-0.287468,-1.0,-0.017725,0.058641,0.152251,3500.2,82.7,15.9,632.8,100.0,1.0
63932,400,170,-1.762624,0.2,-0.282532,0.0,0.035793,0.00117106,-0.284943,-0.923752,-0.443126,0.178658,0.180827,4100.5,87.0,20.4,1101.3,100.0,1.0
64091,401,159,-0.189267,0.530837,0.735006,0.002747,0.0,0.00245168,-0.39937,-1.0,-0.15205,-0.240846,0.17689,2873.6,94.6,18.7,332.4,100.0,1.0
64252,402,161,-4.102665,0.206423,-0.342327,0.006843,0.0,0.00122732,-0.397687,-1.0,-0.560008,-0.077719,0.195343,3106.3,84.2,23.3,589.1,100.0,1.0
64417,403,165,9.151225,0.2,-0.017589,0.000194,0.11908,0.00227317,0.071471,-0.628412,0.881676,0.698987,0.197972,5225.7,76.9,24.8,585.5,100.0,1.0
64577,404,160,0.18015,0.008027,-0.277322,0.008217,0.0,0.0009841,-0.148563,-0.930419,0.313191,0.467329,0.249933,4075.1,69.4,34.9,433.4,100.0,1.0
64738,405,161,9.64779,0.528377,-0.10112,0.0,0.0,0.00219319,0.118154,-0.445693,0.532394,0.888622,0.257853,5921.9,78.4,35.1,386.4,100.0,1.0
64896,406,158,1.984877,0.485414,-0.404962,0.008395,2.9e-05,0.00245357,-0.291048,-0.901216,0.006709,0.01912,0.206145,4186.4,102.7,22.8,559.2,100.0,1.0
65056,407,160,6.792475,0.470738,-0.164577,0.0,0.0,0.00189025,0.03012,-0.580605,0.700914,0.592157,0.20705,5407.9,84.9,25.3,527.9,100.0,1.0
65219,408,163,5.531345,0.479911,-0.129163,0.0,4e-06,0.0014428,0.0356,-0.669473,1.0,0.527568,0.158005,5069.3,83.0,16.9,595.0,100.0,1.0
65376,409,157,-1.479211,0.35141,0.6,0.001359,6.6e-05,0.00267166,-0.653058,-1.0,-0.97719,-0.829176,0.161675,718.8,105.2,14.6,418.6,100.0,1.0
65532,410,156,4.142403,0.821413,-0.10075,0.014151,0.0,0.00176406,-0.071998,-0.877729,0.613347,0.51563,0.195969,4275.9,70.5,25.2,462.8,100.0,1.0
65686,411,154,-3.116206,0.385512,0.695334,0.000929,0.0,0.00220949,-0.540121,-1.0,-0.895749,-0.505183,0.139975,1745.5,88.2,13.0,440.5,100.0,1.0
65845,412,159,0.846857,0.711814,-0.1982,0.0,4.5e-05,0.00135739,-0.174208,-0.868013,-0.363601,0.438828,0.14998,4312.9,74.9,16.5,678.2,100.0,1.0
66009,413,164,-4.148777,0.90197,-0.318944,0.0,0.0,0.00150058,-0.449505,-1.0,-0.754941,-0.058291,0.304354,2998.0,79.6,43.2,355.3,100.0,1.0
66169,414,160,5.346579,0.710523,-0.095111,0.0,0.0,0.0015936,0.007087,-0.762672,0.879598,0.600127,0.200693,4714.2,73.7,25.7,451.2,100.0,1.0
66322,415,153,3.831548,0.275467,-0.267441,0.0,0.021965,0.00157546,-0.053328,-0.648755,0.37755,0.44774,0.180617,5148.2,88.9,20.1,412.4,100.0,1.0
66483,416,161,-4.377408,0.492778,0.6,0.004654,0.000109,0.00172671,-0.632424,-1.0,-1.0,-0.746732,0.166871,903.2,89.2,17.6,631.1,100.0,1.0
66644,417,161,7.391244,1.0,-0.259775,0.00531,0.0,0.00246623,-0.035078,-0.824348,0.424145,0.638377,0.179768,4479.2,68.3,22.7,261.0,100.0,1.0
66799,418,155,0.912797,0.425157,-0.163066,0.000618,1.9e-05,0.00126477,-0.151152,-0.833222,0.280525,0.307485,0.180411,4445.4,85.0,20.6,597.3,100.0,1.0
66966,419,167,10.867893,0.364303,-0.031263,0.0,0.0,0.00181274,0.230302,-0.223434,0.559101,1.0,0.199284,6768.7,79.0,24.7,434.7,100.0,1.0
67123,420,157,-2.758329,0.246813,0.740084,0.000345,2e-05,0.00187606,-0.42984,-1.0,-0.289181,-0.262651,0.206076,2758.7,93.5,24.0,423.3,100.0,1.0
67283,421,160,8.705733,0.2,0.0241,0.004563,0.0,0.00157019,0.17565,-0.100845,0.216054,0.839713,0.207594,7235.8,98.3,23.6,730.1,100.0,1.0
67438,422,155,-0.67061,1.0,0.654707,0.006561,0.0,0.00261866,-0.439276,-1.0,-0.270532,-0.374296,0.142668,1993.8,79.7,14.6,243.0,100.0,1.0
67601,423,163,5.352196,1.0,0.772002,0.0,0.0,0.00303845,-0.233003,-1.0,0.323572,0.203066,0.217943,3717.8,77.3,28.2,333.5,100.0,1.0
67759,424,158,-2.118622,0.361749,0.706291,0.004538,2.7e-05,0.00198026,-0.41723,-1.0,-0.20006,-0.319978,0.146374,2694.0,99.0,12.7,679.4,100.0,1.0
67923,425,164,6.177079,0.200909,-0.167585,0.012897,0.0,0.00119084,0.108723,-0.440405,0.670604,0.757548,0.215717,5942.1,84.5,26.9,527.6,100.0,1.0
68083,426,160,5.391489,0.494008,-0.014532,0.0,0.0,0.00126763,0.062357,-0.600353,0.269592,0.812211,0.166221,5332.7,73.6,19.6,815.0,100.0,1.0
68244,427,161,-1.714133,0.340885,0.667849,0.0,3.1e-05,0.00202076,-0.409655,-1.0,-0.158372,-0.284132,0.167365,2809.0,98.1,16.6,741.9,100.0,1.0
68411,428,167,6.040629,0.369275,-0.146869,0.0,2.6e-05,0.00245223,-0.112762,-0.673599,0.215517,0.407377,0.25179,5053.6,89.8,32.6,468.8,100.0,1.0
68570,429,159,-4.096507,0.2,-0.479866,0.0,0.024819,0.00117128,-0.387982,-1.0,-0.556269,-0.08058,0.166231,3090.5,84.0,18.2,614.0,100.0,1.0
68728,430,158,1.674332,0.405916,-0.243883,0.0,0.0,0.00114111,-0.097766,-0.729215,0.250687,0.375257,0.151738,4841.7,88.0,15.1,1021.8,100.0,1.0
68889,431,161,9.102106,1.0,-0.258429,0.0,0.0,0.00158819,0.192191,-0.485667,0.763448,1.0,0.179249,5769.6,71.3,22.2,320.6,100.0,1.0
69051,432,162,4.844192,0.673633,-0.165374,0.015453,0.0,0.00181281,-0.055377,-0.574844,-0.266028,0.600095,0.185976,5429.8,84.8,21.6,343.0,100.0,1.0
69215,433,164,-5.177829,1.0,-0.414746,0.0,0.0,0.00098932,-0.416949,-1.0,-0.427986,-0.192709,0.189535,2794.0,86.5,22.0,811.0,100.0,1.0
69377,434,162,0.626867,1.0,0.717641,0.0,0.0,0.00235929,-0.3515,-1.0,-0.039934,-0.124901,0.171534,3380.1,96.6,17.5,427.4,100.0,1.0
69542,435,165,5.807562,0.561481,-0.297701,0.001229,0.0,0.00221444,-0.07971,-0.891713,0.563039,0.50301,0.182824,4222.6,70.2,23.0,464.6,100.0,1.0
69699,436,157,0.874235,0.2,-0.319846,0.0,6e-06,0.00155268,-0.200712,-0.808741,-0.283012,0.262687,0.140089,4538.7,89.9,12.8,595.1,100.0,1.0
69859,437,160,1.910546,0.345356,0.714945,0.002104,0.000157,0.0027173,-0.341325,-1.0,0.3781,-0.231973,0.170122,2204.9,71.8,20.5,557.8,100.0,1.0
70015,438,156,-3.818086,0.218439,0.664447,0.002072,0.000187,0.00195944,-0.494151,-1.0,-0.834128,-0.343985,0.164406,1759.4,67.0,20.1,439.8,100.0,1.0
70170,439,155,-4.04559,0.261362,0.692533,0.006128,0.000544,0.0019118,-0.583185,-1.0,-1.0,-0.528013,0.213659,1706.0,90.4,25.7,377.8,100.0,1.0
70331,440,161,-1.488653,0.2,-0.284062,0.013472,0.073992,0.00096039,-0.227985,-1.0,0.075952,0.249088,0.172304,3682.4,73.7,20.7,784.6,100.0,1.0
70486,441,155,-4.469081,0.2,0.646834,0.003832,0.0,0.00177498,-0.606595,-1.0,-1.0,-0.662938,0.164896,989.8,73.4,19.4,727.8,100.0,1.0
70646,442,160,1.756784,0.290147,0.771483,0.002913,0.013832,0.0023708,-0.292849,-1.0,0.809974,-0.225103,0.160902,2511.2,81.0,17.7,651.3,100.0,1.0
70803,443,157,7.733047,0.846219,-0.058791,0.0,0.0,0.00175447,0.106383,-0.635447,0.563058,0.922038,0.193349,5198.9,67.6,25.2,400.7,100.0,1.0
70961,444,158,-0.561054,0.2,-0.259069,0.00013,0.124422,0.00113342,-0.206672,-0.980763,0.188876,0.332725,0.229104,3883.3,72.8,30.8,703.4,100.0,1.0
71122,445,161,0.802789,0.526167,-0.263107,0.005492,8.7e-05,0.00145552,-0.19465,-0.791811,-0.212461,0.317515,0.202017,4603.2,87.3,24.1,583.7,100.0,1.0
71288,446,166,5.527438,0.701316,-0.081028,0.001072,0.0,0.00125502,0.064261,-0.617186,0.370171,0.785096,0.154254,5268.5,73.8,17.5,787.9,100.0,1.0
71449,447,161,-0.235072,0.2,-0.1906,0.0,0.187501,0.00106823,-0.183476,-0.798103,-0.18674,0.324874,0.179253,4579.2,86.4,20.2,910.1,100.0,1.0
71603,448,154,5.296521,1.0,-0.030288,0.0,0.0,0.00151602,0.027444,-0.609577,0.025244,0.864144,0.234084,5297.5,71.0,31.9,447.5,100.0,1.0
71761,449,158,-5.974539,0.366738,-0.40797,0.0,0.0,0.00114548,-0.475203,-1.0,-1.0,-0.234899,0.156381,2587.0,84.5,16.4,796.1,100.0,1.0
71926,450,165,3.253093,0.388542,-0.359397,0.004255,1e-06,0.00221888,-0.206151,-0.911631,0.113897,0.275349,0.206394,4146.7,81.3,25.7,691.5,100.0,1.0
72082,451,156,-3.648675,0.24458,0.713086,0.001304,5.3e-05,0.00140202,-0.398525,-1.0,-0.732482,-0.049707,0.172471,2694.4,70.9,21.1,434.8,100.0,1.0
72238,452,156,3.546453,1.0,-0.240197,0.006459,0.0,0.00139688,-0.043108,-0.748561,0.464174,0.618142,0.250938,4768.0,73.7,34.5,348.8,100.0,1.0
72397,453,159,-1.424838,0.820342,-0.314328,0.002167,0.0,0.00156349,-0.318753,-0.954918,-0.409122,0.083476,0.183297,3981.8,91.9,20.2,498.9,100.0,1.0
72556,454,159,10.581254,0.535916,-0.016667,0.011266,0.0,0.00155254,0.274216,-0.108055,0.697958,1.0,0.195904,7208.3,83.5,23.5,564.7,100.0,1.0
72717,455,161,-1.328278,1.0,0.6,0.002414,0.0,0.00267634,-0.582527,-1.0,-1.0,-0.560719,0.183745,1534.1,87.3,20.9,298.1,100.0,1.0
72877,456,160,-2.218084,0.43443,-0.361515,0.026443,0.0,0.00099382,-0.268329,-1.0,-0.094441,0.152874,0.156419,3592.8,77.9,17.3,487.3,100.0,1.0
73029,457,152,5.515497,0.353433,0.026798,0.0,0.0,0.00140188,0.058855,-0.434117,0.12542,0.795989,0.23987,5966.0,83.0,31.3,572.0,100.0,1.0
73189,458,160,-2.947609,0.394534,0.6,0.002596,0.0,0.00218803,-0.60975,-1.0,-0.891334,-0.68363,0.187222,1093.9,86.4,21.6,437.9,100.0,1.0
73353,459,164,6.037157,0.672576,-0.143362,0.0,0.0,0.00108032,0.12049,-0.437166,0.822255,0.741747,0.214196,5954.4,85.5,26.5,762.2,100.0,1.0
73511,460,158,11.158829,0.844481,-0.056807,0.0004,0.0,0.00236115,0.177254,-0.324982,0.763487,0.798574,0.164061,6381.8,88.7,17.2,523.7,100.0,1.0
73672,461,161,-0.832132,0.326749,-0.220859,0.0,0.0,0.00127093,-0.245619,-0.841915,-0.138168,0.169373,0.206102,4412.3,94.3,23.9,585.4,100.0,1.0
73831,462,159,5.211966,0.373594,-0.084984,0.001059,0.0,0.0012499,0.058443,-0.617106,0.037375,0.940287,0.208869,5268.8,67.9,27.9,607.1,100.0,1.0
73991,463,160,1.36766,1.0,-0.319755,0.0,2e-06,0.00203659,-0.258533,-0.955552,-0.130816,0.225513,0.212049,3979.3,81.2,26.7,426.4,100.0,1.0
74151,464,160,10.031978,0.552356,-0.202419,0.0057,0.0,0.00283222,0.042118,-0.767204,0.608933,0.809445,0.199451,4697.0,64.9,26.6,317.4,100.0,1.0
74309,465,158,3.815978,0.414467,-0.140717,0.015104,3.5e-05,0.00133683,-0.022366,-0.811724,-0.125499,0.841763,0.169754,4527.3,61.5,21.8,640.8,100.0,1.0
74468,466,159,3.518001,0.689587,-0.106568,0.0,1e-05,0.00146716,-0.059272,-0.704742,0.078398,0.565216,0.172832,4934.9,78.8,20.1,488.8,100.0,1.0
74633,467,165,1.037587,0.784154,-0.120054,0.0,0.0,0.00143672,-0.18571,-0.76444,-0.331256,0.39755,0.230685,4707.5,84.2,29.6,653.3,100.0,1.0
74787,468,154,5.856883,0.308927,-0.257659,0.002673,0.036177,0.00215493,-0.042523,-0.880385,0.242843,0.683001,0.147462,4265.7,63.4,17.6,502.9,100.0,1.0
74942,469,155,5.091634,0.699123,-0.292896,0.0,0.0,0.00219265,-0.088246,-0.933081,0.855613,0.404471,0.176797,4065.0,72.4,21.6,631.8,100.0,1.0
75106,470,164,3.551511,0.2,0.747322,0.002319,0.01722,0.00275075,-0.275934,-1.0,0.788848,-0.154116,0.167383,2601.1,76.9,19.4,349.7,100.0,1.0
75263,471,157,-2.101281,0.2,0.6,0.0,0.010685,0.00250678,-0.635146,-1.0,-1.0,-0.743761,0.177193,834.3,81.4,20.5,609.7,100.0,1.0
75420,472,157,5.940578,0.2,0.971985,0.00666,0.006926,0.00267336,-0.125015,-0.920503,0.765498,0.302064,0.17731,4112.9,79.0,20.8,256.2,100.0,1.0
75580,473,160,-2.945363,0.2,0.702183,0.003605,0.008722,0.00176146,-0.428167,-1.0,-0.457683,-0.234693,0.177117,2469.2,80.7,20.6,820.4,100.0,1.0
75736,474,156,-6.648231,0.572368,-0.514236,0.008744,0.0,0.00106479,-0.542545,-1.0,-1.0,-0.366449,0.23603,2200.6,86.8,30.2,602.6,100.0,1.0
75894,475,158,-5.080015,1.0,-0.492347,0.0,0.0,0.00142444,-0.477571,-1.0,-1.0,-0.240047,0.158736,2183.0,71.8,18.5,368.1,100.0,1.0
76056,476,162,-3.20054,0.614126,0.6,0.002895,1.9e-05,0.00210428,-0.653254,-1.0,-1.0,-0.821476,0.162319,762.9,106.8,14.5,503.2,100.0,1.0
76209,477,153,-0.688114,-0.028159,-0.308515,0.004926,0.0,0.00116914,-0.213002,-0.95475,-0.182374,0.452401,0.262278,3982.4,68.5,37.2,701.2,100.0,1.0
76370,478,161,-5.002469,0.2,-0.332101,0.0,0.031274,0.00138047,-0.470924,-1.0,-1.0,-0.152741,0.214575,2602.4,76.8,27.7,594.4,100.0,1.0
76528,479,158,-0.132694,0.2,-0.203929,0.0,0.037903,0.00097229,-0.160129,-0.960039,0.165042,0.411007,0.171217,3962.3,70.2,20.9,772.3,100.0,1.0
76690,480,162,3.666688,0.647929,-0.293937,0.000251,1e-05,0.00198481,-0.139437,-0.737997,0.290414,0.361979,0.264493,4808.2,88.3,35.0,634.2,100.0,1.0
76846,481,156,-3.918533,0.383483,-0.431203,0.003074,0.0,0.0011401,-0.372522,-1.0,-0.572836,-0.003807,0.183131,2766.0,69.4,23.1,697.9,100.0,1.0
77001,482,155,2.013665,0.783333,0.710002,0.010513,0.0,0.00221079,-0.242657,-1.0,0.243687,0.180772,0.203592,2897.6,61.3,27.8,376.6,100.0,1.0
77154,483,153,-2.779553,1.0,0.6,0.000638,0.0,0.00236917,-0.570674,-1.0,-1.0,-0.558916,0.151426,1391.8,78.9,16.3,347.7,100.0,1.0
77316,484,162,-4.255086,0.2,-0.393268,0.0,1.4e-05,0.00121427,-0.408171,-1.0,-0.237916,-0.226441,0.18985,2893.5,93.5,21.1,797.4,100.0,1.0
77479,485,163,-5.869472,1.0,-0.508771,0.0,0.0,0.00126228,-0.520896,-1.0,-1.0,-0.307165,0.22499,2145.3,77.4,29.5,570.6,100.0,1.0
77640,486,161,-1.367328,0.359984,0.738264,0.002378,0.0,0.00201836,-0.392952,-1.0,0.347755,-0.380522,0.181631,2209.2,89.2,20.3,681.3,100.0,1.0
77799,487,159,1.340321,0.2,0.765524,0.005392,0.024447,0.00262785,-0.351672,-1.0,0.776877,-0.336435,0.224084,2706.6,102.0,26.0,636.6,100.0,1.0
77955,488,156,-0.824921,0.251983,-0.321948,0.0,0.0,0.00141135,-0.261136,-1.0,-0.445738,0.368472,0.220296,3515.7,64.2,30.4,438.9,100.0,1.0
78115,489,160,-0.327664,0.200532,0.690365,0.0,0.102658,0.00265748,-0.442071,-1.0,0.129678,-0.465994,0.186403,1813.7,84.9,21.7,413.5,100.0,1.0
78280,490,165,-1.359145,0.661125,-0.324634,6.2e-05,0.0,0.00146821,-0.309898,-1.0,-0.528407,0.214049,0.203633,3187.6,65.6,27.2,630.9,100.0,1.0
78439,491,159,9.963711,0.985216,-0.127928,0.0,0.0,0.00228037,0.133781,-0.701333,0.950743,0.961585,0.212671,4947.9,63.1,29.2,399.4,100.0,1.0
78596,492,157,7.403801,0.668018,-0.190427,0.003762,0.0,0.00262599,-0.043257,-0.992663,0.448821,0.715614,0.156164,3838.0,55.9,20.2,297.0,100.0,1.0
78761,493,165,10.553433,0.471493,-0.066935,0.0,3.8e-05,0.0015572,0.27001,-0.096105,0.696687,1.0,0.216092,7253.8,88.5,26.4,601.8,100.0,1.0
78917,494,156,4.26423,0.534354,0.720438,0.0,0.0,0.00278135,-0.221226,-1.0,0.693649,0.055789,0.163794,3013.2,71.3,19.5,437.9,100.0,1.0
79074,495,157,1.629636,0.2,-0.214073,0.000238,0.0,0.00145958,-0.147609,-0.835412,-0.354586,0.546153,0.191838,4437.1,71.7,24.4,553.8,100.0,1.0
79234,496,160,5.200106,0.2,-0.096458,0.0,0.04107,0.00163196,-0.001281,-0.819792,-0.029097,0.950104,0.224156,4496.6,57.6,31.9,499.0,100.0,1.0
79391,497,157,1.295871,0.462149,-0.161281,0.0,0.0,0.00127742,-0.135755,-0.896768,-0.121233,0.611214,0.236582,4203.3,65.2,33.1,669.3,100.0,1.0
79548,498,157,0.660108,0.348923,-0.299827,0.005786,5.7e-05,0.00092268,-0.111851,-1.0,-0.074267,0.715782,0.197598,3774.1,55.0,27.6,749.2,100.0,1.0
79711,499,163,1.357036,0.945991,-0.24931,0.004381,0.0,0.00132373,-0.147992,-0.791271,0.119386,0.376574,0.21453,4605.3,83.6,26.8,623.7,100.0,1.0
79864,500,153,-4.104215,0.261893,0.6,0.0,0.05034,0.00193595,-0.65122,-1.0,-1.0,-0.667605,0.288396,1105.9,83.2,39.9,376.7,100.0,1.0
80023,501,159,-3.153388,1.0,-0.341922,0.005826,0.0,0.00135262,-0.372287,-1.0,-0.672769,0.06203,0.210341,3241.4,76.3,27.0,512.8,100.0,1.0
80191,502,168,6.586918,1.0,-0.077214,9.1e-05,0.0,0.00163448,0.053858,-0.427464,-0.103535,0.837291,0.228884,5991.4,81.5,29.6,460.2,100.0,1.0
80350,503,159,-1.026038,1.0,-0.279143,0.0,0.0,0.00146808,-0.284494,-1.0,-0.570006,0.304573,0.196758,3510.6,67.3,25.8,441.8,100.0,1.0
80512,504,162,-0.651567,1.0,0.760815,0.0,0.0,0.00184116,-0.330671,-1.0,-0.088687,0.006095,0.210374,2871.8,71.4,27.7,490.5,100.0,1.0
80682,505,170,8.460418,0.889111,0.045659,0.0,0.0,0.00140125,0.183128,-0.228012,0.689366,0.805214,0.201057,6751.3,93.5,23.1,598.2,100.0,1.0
80842,506,160,1.953309,1.0,-0.244943,0.0,0.0,0.00153798,-0.148762,-0.850713,-0.375013,0.559744,0.190016,4378.8,70.2,24.2,371.7,100.0,1.0
81000,507,158,-4.203924,1.0,0.622543,0.0,0.0,0.00184977,-0.575298,-1.0,-1.0,-0.537531,0.182969,1780.1,96.2,19.6,582.3,100.0,1.0
81167,508,167,-1.124986,0.903961,0.690679,0.013297,0.0,0.00202789,-0.394666,-1.0,-0.344523,-0.186877,0.154717,2313.6,71.1,17.9,472.0,100.0,1.0
81330,509,163,-1.512536,0.510682,-0.25804,0.002241,0.0,0.00135643,-0.296308,-1.0,-0.498734,0.193028,0.155267,3435.6,72.0,17.9,660.4,100.0,1.0
81490,510,160,2.680068,0.398063,-0.460127,0.0,0.0,0.00222797,-0.223212,-1.0,-0.013524,0.275516,0.155755,3203.6,62.8,19.2,349.1,100.0,1.0
81655,511,165,-3.100678,0.872911,0.6,0.001679,0.0,0.00210241,-0.60485,-1.0,-1.0,-0.5548,0.2526,1830.9,102.8,31.0,417.3,100.0,1.0
81825,512,170,4.191607,0.558883,-0.395408,0.00394,0.0,0.00251595,-0.219281,-1.0,1.0,0.024058,0.218567,3616.6,88.3,26.9,619.1,100.0,1.0
81987,513,162,-2.832641,0.2,0.644419,0.0,0.0,0.00222056,-0.538749,-1.0,-1.0,-0.443899,0.158797,1345.2,60.5,20.0,301.1,100.0,1.0
82143,514,156,6.003768,0.2,-0.062292,0.0,0.045112,0.00110688,0.12678,-0.650795,0.474706,1.0,0.16569,5140.5,59.5,21.4,656.3,100.0,1.0
82302,515,159,8.861141,0.404349,-0.019357,0.0,0.0,0.00146463,0.208857,-0.430734,0.789299,1.0,0.178257,5978.9,70.9,22.1,495.5,100.0,1.0
82463,516,161,-3.892731,0.859885,-0.391438,0.0,0.0,0.00132554,-0.407359,-1.0,-0.677877,0.00395,0.259304,2651.2,66.0,37.0,522.1,100.0,1.0
82618,517,155,-3.769995,0.2,0.686399,0.015755,0.232724,0.00201576,-0.504841,-1.0,-0.64184,-0.426447,0.17921,1458.2,63.6,23.2,568.0,100.0,1.0
82774,518,156,-4.325731,0.185488,-0.386024,0.0,0.0,0.00132617,-0.422433,-1.0,-0.859427,-0.054926,0.200035,2692.9,71.2,25.9,678.2,100.0,1.0
82937,519,163,1.33406,0.2,-0.116724,0.004266,0.094679,0.0012597,-0.138787,-0.863893,-0.163493,0.564005,0.216189,4328.6,69.2,29.0,644.2,100.0,1.0
83100,520,163,-0.786564,0.447366,-0.316143,0.0,7e-06,0.00116683,-0.229267,-1.0,0.394072,0.188424,0.214861,3794.7,79.8,27.4,609.4,100.0,1.0
83262,521,162,-6.424888,1.0,-0.364586,0.0,0.0,0.00110408,-0.512392,-1.0,-0.853566,-0.292814,0.254833,2442.4,86.3,33.5,699.7,100.0,1.0
83421,522,159,8.331718,0.2,-0.094081,0.0,0.17479,0.00166368,0.150167,-0.606732,0.959392,0.901968,0.1848,5308.4,69.8,23.4,703.6,100.0,1.0
83587,523,166,5.950051,0.077264,-0.394251,0.0,0.0,0.00285539,-0.178207,-0.905841,0.097799,0.446648,0.272918,4168.7,72.0,38.6,310.1,100.0,1.0
83750,524,163,-5.163915,0.664537,-0.49821,0.000601,0.0,0.00147946,-0.505163,-1.0,-0.927364,-0.280662,0.223509,2507.6,87.1,27.9,480.9,100.0,1.0
83909,525,159,-2.355731,0.665555,-0.4172,0.00644,0.0,0.00146128,-0.349864,-1.0,-0.407551,0.078687,0.23633,3340.3,77.4,31.5,550.1,100.0,1.0
84066,526,157,-0.859872,0.751938,-0.412924,0.0014,1.2e-05,0.00147387,-0.274272,-1.0,-0.082775,0.207926,0.223921,3214.1,66.5,30.7,406.1,100.0,1.0
84223,527,157,6.743234,0.2,-0.127042,0.004184,0.0,0.00138214,0.119354,-0.722897,0.899966,0.926583,0.19398,4865.8,63.1,25.9,604.2,100.0,1.0
84382,528,159,-2.309714,0.034173,-0.328744,0.0,0.0,0.00135628,-0.330745,-0.979094,-0.322362,0.173287,0.302061,3889.7,82.9,42.3,584.5,100.0,1.0
84541,529,159,6.211515,0.440388,0.05781,0.011458,0.0,0.0018817,0.010409,-0.673401,0.468807,0.6376,0.169719,5054.3,77.2,19.7,492.3,100.0,1.0
84702,530,161,-2.319519,1.0,-0.321688,0.001409,0.0,0.00133632,-0.330673,-0.932559,-0.513905,0.189545,0.294303,4067.0,85.5,40.6,648.7,100.0,1.0
84862,531,160,-2.526207,0.638453,0.721248,0.009397,0.0,0.00197348,-0.441634,-1.0,-0.482536,-0.193693,0.243635,2007.9,62.3,34.8,306.2,100.0,1.0
85024,532,162,5.53105,0.275186,-0.2036,0.002157,2.5e-05,0.00194104,-0.038933,-0.730146,1.0,0.475017,0.282576,4838.1,82.0,39.0,712.7,100.0,1.0
85180,533,156,7.006138,0.608844,-0.033946,0.001168,7e-06,0.00135106,0.138239,-0.5079,0.403193,1.0,0.214588,5684.9,55.7,30.5,558.0,100.0,1.0
85344,534,164,-3.677493,1.0,0.6,0.0,0.0,0.0019426,-0.629864,-1.0,-1.0,-0.693844,0.204889,986.9,80.6,25.5,418.6,100.0,1.0
85501,535,157,-2.291242,0.461602,0.705389,0.0,2.1e-05,0.00246521,-0.503973,-1.0,-0.604821,-0.322562,0.27635,2368.3,87.4,37.2,673.9,100.0,1.0
85654,536,153,1.856912,0.368714,-0.2347,0.00196,0.0,0.00134775,-0.113582,-0.913848,0.362277,0.488185,0.193723,4138.2,69.5,25.0,448.5,100.0,1.0
85813,537,159,-1.649112,0.292156,-0.423666,0.0,7.9e-05,0.00125164,-0.281089,-1.0,0.089314,0.087414,0.189269,3150.5,72.4,23.8,472.3,100.0,1.0
85973,538,160,-0.368098,0.656263,-0.328302,0.0,0.0,0.00112299,-0.197924,-1.0,-0.068979,0.375169,0.153077,3804.6,69.2,17.9,588.7,100.0,1.0
86136,539,163,3.625979,0.2,-0.163975,0.00167,0.099327,0.00145303,-0.056302,-0.810384,0.538034,0.571978,0.226007,4532.4,72.1,30.3,630.4,100.0,1.0
86295,540,159,-0.487963,0.2,-0.236567,0.00146,0.070755,0.00133593,-0.236635,-1.0,-0.25154,0.332261,0.174739,3637.6,68.3,21.8,615.9,100.0,1.0
86452,541,157,-0.237395,0.2,-0.422746,0.000459,0.0,0.00197082,-0.321254,-1.0,0.127803,0.023286,0.260058,3375.3,82.5,35.0,631.0,100.0,1.0
86618,542,166,3.483808,0.666642,-0.187636,0.000233,0.0,0.00123855,-0.03228,-0.778956,0.276859,0.683068,0.20042,4652.2,69.1,26.2,831.1,100.0,1.0
86779,543,161,1.648132,0.545243,0.742351,0.01344,0.0,0.00238765,-0.302646,-1.0,-0.082904,0.071572,0.188077,3144.5,73.4,23.5,320.4,100.0,1.0
86937,544,158,0.247499,0.378876,-0.042753,0.0,1.4e-05,0.00121425,-0.179458,-0.994979,-0.310928,0.637771,0.259863,3829.1,58.5,38.1,753.3,100.0,1.0
87104,545,167,-3.55328,0.76914,-0.38221,0.000717,2e-06,0.00116664,-0.371435,-1.0,-0.373901,0.003177,0.242852,3305.9,82.4,32.0,750.7,100.0,1.0
87257,546,153,4.405563,0.410893,0.783682,0.0,3.8e-05,0.0026808,-0.191295,-1.0,0.47532,0.241836,0.175365,3265.0,65.7,22.2,409.9,100.0,1.0
87420,547,163,-2.046301,0.2,0.629135,0.013781,0.069421,0.00137034,-0.325094,-1.0,-0.355656,0.084403,0.185283,2500.3,57.6,25.1,615.4,100.0,1.0
87581,548,161,-1.943136,0.34921,0.704368,0.011119,0.0,0.00186279,-0.396551,-1.0,0.34056,-0.384643,0.186327,2088.3,84.8,21.7,667.1,100.0,1.0
87742,549,161,0.220224,0.392981,-0.262068,0.0,0.0,0.0012046,-0.182904,-1.0,-0.224396,0.514166,0.184898,3706.9,61.2,24.5,712.3,100.0,1.0
87906,550,164,6.13009,0.531566,-0.225449,0.0,0.0,0.00218545,-0.053764,-0.962277,0.744151,0.593906,0.187947,3953.7,62.0,25.0,457.0,100.0,1.0
88067,551,161,7.915863,1.0,-0.078134,0.0,0.0,0.00142188,0.16459,-0.426102,0.856709,0.910353,0.250461,5996.6,78.5,33.8,652.2,100.0,1.0
88221,552,154,-1.769256,0.2,-0.2718,0.0,0.054318,0.00103881,-0.247826,-1.0,0.044558,0.231465,0.204919,3598.3,73.0,26.5,644.7,100.0,1.0
88380,553,159,-4.922684,0.909273,0.663974,0.016565,0.0,0.00160989,-0.60168,-1.0,-1.0,-0.582225,0.220036,1318.4,78.9,28.4,619.2,100.0,1.0
88541,554,161,2.306271,1.0,-0.147639,0.0,0.0,0.00141482,-0.113145,-0.841166,0.145272,0.528447,0.216899,4415.2,72.2,28.7,565.2,100.0,1.0
88712,555,171,-5.035117,-0.008855,0.672223,0.008336,0.0,0.00145321,-0.537803,-1.0,-1.0,-0.377063,0.213384,1744.8,70.0,28.4,681.8,100.0,1.0
88877,556,165,-1.916008,0.159904,0.694854,0.0,0.0,0.00244765,-0.521296,-1.0,-0.575337,-0.377599,0.287092,1789.6,71.9,41.1,178.8,100.0,1.0
89038,557,161,-4.281917,0.2,0.662572,0.001486,0.048135,0.001779,-0.52072,-1.0,-0.401615,-0.515169,0.217166,1522.1,78.5,27.9,515.8,100.0,1.0
89197,558,159,-4.781681,0.768853,-0.398678,0.010309,0.0,0.001081,-0.409462,-1.0,-0.797813,0.014946,0.240471,2827.2,69.6,33.2,562.4,100.0,1.0
89360,559,163,-5.316422,1.0,-0.301317,0.005688,0.0,0.00132672,-0.480415,-1.0,-1.0,-0.120437,0.269383,2139.3,60.8,39.5,462.8,100.0,1.0
89523,560,163,-0.825015,0.361257,0.678137,0.010734,0.0,0.00273553,-0.487707,-1.0,-0.560999,-0.326097,0.239367,1693.0,62.8,33.9,473.9,100.0,1.0
89685,561,162,5.521325,0.365724,-0.10507,0.0,0.0,0.00190199,-0.033308,-0.735846,0.39649,0.597044,0.194597,4816.4,75.4,24.4,475.8,100.0,1.0
89848,562,163,-5.534726,0.394696,0.677678,0.001255,0.015806,0.00138071,-0.578092,-1.0,-1.0,-0.49265,0.229421,1261.4,62.2,32.3,575.4,100.0,1.0
90010,563,162,0.917723,0.2,0.731535,0.002708,0.087704,0.00249738,-0.359177,-1.0,0.784185,-0.402021,0.191397,2270.5,94.9,21.2,630.6,100.0,1.0
90169,564,159,-0.462713,0.216193,-0.22157,0.0,0.0,0.00114071,-0.204345,-1.0,-0.339868,0.483891,0.187217,3560.2,60.0,25.1,756.8,100.0,1.0
90328,565,159,-2.838633,0.2,-0.301468,0.0,0.044128,0.0012258,-0.336196,-1.0,-0.485844,0.29749,0.362454,3286.7,63.3,55.6,549.0,100.0,1.0
90489,566,161,3.829234,0.506039,-0.201025,0.0,0.0,0.00131194,-0.020557,-0.894998,-0.385573,0.964505,0.136004,4210.1,53.6,16.9,495.3,100.0,1.0
90654,567,165,4.15022,0.353443,-0.34629,0.007413,0.0,0.00153111,-0.046104,-0.908467,1.0,0.565138,0.252939,4158.7,66.4,35.8,676.5,100.0,1.0
90813,568,159,-5.326527,0.285478,0.635959,0.0,0.0,0.00137399,-0.483383,-1.0,-0.711503,-0.296156,0.209674,1877.2,66.7,28.2,525.1,100.0,1.0
90978,569,165,-2.958524,1.0,-0.366743,0.0097,0.0,0.00144078,-0.384852,-1.0,-0.732946,0.012649,0.18672,2943.3,72.7,23.3,499.2,100.0,1.0
91137,570,159,-3.177587,0.424561,-0.442284,0.000857,0.0,0.00162675,-0.416678,-1.0,-0.583558,-0.142612,0.187253,2683.2,78.2,22.7,682.2,100.0,1.0
91295,571,158,0.404152,1.0,-0.449287,0.009581,0.0,0.00170165,-0.248761,-1.0,-0.169355,0.332597,0.233156,3704.9,69.5,31.9,262.0,100.0,1.0
91453,572,158,-0.554023,0.773783,-0.332882,5.7e-05,0.0,0.00119978,-0.217025,-1.0,-0.526106,0.452051,0.142941,3311.2,57.0,17.7,379.5,100.0,1.0
91613,573,160,1.537651,0.946872,-0.270552,0.0,1.1e-05,0.00123385,-0.120942,-1.0,0.577141,0.566917,0.282089,3796.5,60.6,41.8,485.9,100.0,1.0
91770,574,157,-5.231085,0.614212,0.623899,0.004046,0.0,0.00152833,-0.527104,-1.0,-1.0,-0.372405,0.186806,1611.2,64.2,24.5,352.5,100.0,1.0
91932,575,162,-2.677831,0.542415,-0.360241,0.0,0.0,0.00107371,-0.306861,-1.0,-0.3425,0.113813,0.162155,2983.5,67.0,19.8,469.7,100.0,1.0
92091,576,159,-3.432193,0.857302,-0.451661,0.002929,0.0,0.00119964,-0.361087,-1.0,-0.754628,0.019049,0.118111,2278.1,55.9,13.4,520.5,100.0,1.0
92249,577,158,6.846523,0.719547,-0.227222,0.0,0.0,0.00171202,0.06931,-0.967014,0.792466,0.959653,0.160226,3935.7,50.2,21.6,278.6,100.0,1.0
92405,578,156,3.988801,0.626298,-0.313766,0.0,0.0,0.00183971,-0.089075,-1.0,0.515731,0.599536,0.201453,3334.2,52.1,28.7,286.8,100.0,1.0
92567,579,162,2.629457,0.930256,-0.312162,0.0,0.0,0.00116354,-0.058031,-0.935836,0.435091,0.652014,0.18053,4054.5,61.4,23.7,555.5,100.0,1.0
92719,580,152,0.626309,0.331677,-0.253368,0.0,2.8e-05,0.0011263,-0.140087,-1.0,0.017877,0.547158,0.160062,3159.8,51.1,21.5,427.2,100.0,1.0
92875,581,156,-0.796291,0.441946,0.66994,0.014467,3e-06,0.00277396,-0.472893,-1.0,-0.032324,-0.469011,0.225591,1630.4,76.8,29.7,318.3,100.0,1.0
93036,582,161,4.404976,0.899984,-0.061753,0.0,0.0,0.00166437,-0.049328,-0.806977,0.867659,0.474766,0.219371,4545.4,77.1,28.5,621.5,100.0,1.0
93196,583,160,-1.551735,0.475815,-0.419736,0.002628,0.0,0.00123981,-0.275267,-1.0,-0.040224,0.206227,0.237464,3352.1,69.5,32.7,338.9,100.0,1.0
93353,584,157,2.671987,1.0,-0.350821,0.0,0.0,0.00179588,-0.149438,-1.0,0.132567,0.567757,0.237204,3693.0,58.9,34.1,174.7,100.0,1.0
93506,585,153,-5.696163,0.2,0.65182,0.000833,0.12557,0.00140913,-0.566538,-1.0,-1.0,-0.527208,0.166788,1244.7,65.8,20.7,525.2,100.0,1.0
93662,586,156,4.576915,1.0,-0.09351,0.0,0.0,0.00147446,-0.003009,-0.891807,0.397554,0.769155,0.144454,4222.2,59.7,17.6,477.4,100.0,1.0
93826,587,164,-3.153451,0.2,-0.396412,0.000383,0.0,0.00105108,-0.328619,-1.0,-0.390961,0.07747,0.179324,2860.1,66.4,22.9,797.5,100.0,1.0
93982,588,156,-1.885289,1.0,-0.445232,0.0,0.0,0.00129075,-0.294697,-1.0,0.120428,0.076051,0.227299,2785.4,64.7,31.5,289.2,100.0,1.0
94144,589,162,1.652863,0.400289,-0.1549,0.000123,0.0,0.00149029,-0.159502,-0.924051,-0.370869,0.645197,0.242747,4099.4,62.3,34.6,454.9,100.0,1.0
94310,590,166,1.227026,0.549375,-0.157696,0.002856,0.0,0.00152606,-0.192501,-0.878151,0.733651,0.184556,0.290558,4274.2,90.2,39.3,878.3,100.0,1.0
94464,591,154,-3.81116,1.0,-0.409886,0.001166,0.0,0.00126791,-0.38384,-1.0,-0.699301,-0.011336,0.172883,1937.5,49.0,24.0,276.4,100.0,1.0
94622,592,158,-4.619762,0.309674,0.627237,0.000433,0.0,0.0017007,-0.604446,-1.0,-1.0,-0.588868,0.222244,945.5,57.5,31.6,565.9,100.0,1.0
94784,593,162,-0.609659,0.577436,-0.37083,0.009447,0.0,0.00137836,-0.253402,-1.0,-0.69704,0.377846,0.134434,2750.9,49.9,17.1,410.9,100.0,1.0
94949,594,165,10.12165,0.58059,-0.041116,0.0,0.0,0.0021082,0.153056,-0.751547,1.0,0.968564,0.141791,4756.6,60.4,17.0,356.0,100.0,1.0
95109,595,160,-2.596004,0.724267,-0.327854,0.0,0.0,0.00107723,-0.300805,-1.0,-0.471468,0.29185,0.260609,3493.4,67.6,37.0,688.0,100.0,1.0
95263,596,154,5.766341,0.690801,-0.291805,0.0,0.0,0.0010859,0.118116,-0.865466,0.829017,1.0,0.138342,4322.6,40.0,19.1,354.6,100.0,1.0
95419,597,156,-3.442108,0.441914,0.671572,0.0,0.000543,0.00181952,-0.454156,-1.0,-0.518108,-0.30106,0.17722,1572.0,56.2,23.8,497.1,100.0,1.0
95573,598,154,-1.946795,0.2,0.753836,0.000159,0.037411,0.00111762,-0.268344,-1.0,0.287117,0.086647,0.208712,2419.5,55.7,29.5,581.0,100.0,1.0
95733,599,160,-3.793174,0.356353,0.6,0.001684,0.0,0.00193376,-0.575597,-1.0,-1.0,-0.591721,0.137374,961.8,58.9,16.4,780.5,100.0,1.0
95893,600,160,-3.677881,1.0,0.624898,0.009698,0.0,0.00197815,-0.587564,-1.0,-1.0,-0.435612,0.305373,1657.8,73.4,44.2,398.9,100.0,1.0
96052,601,159,6.681482,0.80158,-0.279603,0.0,0.0,0.00198365,0.015102,-1.0,1.0,0.707732,0.134906,3706.9,54.3,16.6,373.5,100.0,1.0
96205,602,153,-2.633524,0.941531,-0.350636,0.001676,0.0,0.00122868,-0.318174,-1.0,-0.533732,0.080795,0.11154,2008.4,46.5,13.5,465.2,100.0,1.0
96365,603,160,-0.944867,0.220379,-0.138467,0.001929,0.0,0.00131653,-0.257291,-1.0,-0.592512,0.332127,0.136223,3292.2,61.8,15.9,849.6,100.0,1.0
96523,604,158,-2.260638,0.656191,-0.317177,0.001442,0.0,0.00112253,-0.289028,-1.0,-0.346125,0.183059,0.169523,3029.2,64.0,21.4,937.8,100.0,1.0
96680,605,157,-1.584786,0.268605,-0.367326,0.0,0.0,0.00127018,-0.277665,-1.0,-0.47926,0.22595,0.135784,3003.1,61.2,15.9,603.1,100.0,1.0
96841,606,161,8.507379,0.436157,-0.089063,0.0,1.4e-05,0.00175273,0.13813,-0.641155,0.622772,1.0,0.182454,5177.2,56.0,24.8,384.1,100.0,1.0
97005,607,164,-3.605781,0.337656,0.64925,0.005337,0.000153,0.00194209,-0.601502,-1.0,-1.0,-0.562783,0.23619,1388.5,79.4,31.2,504.1,100.0,1.0
97169,608,164,1.994132,0.218321,-0.428489,5.6e-05,0.007797,0.00129174,-0.11324,-1.0,-0.63912,0.828572,0.136856,2070.8,28.3,20.4,418.7,100.0,1.0
97325,609,156,6.833983,0.354865,-0.378825,0.0,0.0,0.00262789,-0.072435,-1.0,0.641443,0.577729,0.171137,3398.8,53.9,23.1,309.0,100.0,1.0
97490,610,165,1.110478,0.385433,-0.283819,0.013118,0.0,0.0008996,-0.093481,-0.838266,0.369346,0.494702,0.197885,4426.2,74.0,25.1,590.7,100.0,1.0
97651,611,161,-0.334653,0.2,-0.172207,0.006056,0.263382,0.00113043,-0.19846,-1.0,0.229062,0.369568,0.23496,3732.6,68.1,32.4,773.2,100.0,1.0
97810,612,159,6.35275,0.369146,-0.069436,0.003942,0.0,0.00147657,0.079034,-0.776527,0.311917,1.0,0.165789,4661.4,54.7,22.0,371.3,100.0,1.0
97971,613,161,9.341811,-0.138341,-0.029346,0.0,0.0,0.00168005,0.190758,-0.4877,0.850308,1.0,0.206707,5761.9,58.6,28.7,289.1,100.0,1.0
98131,614,160,-1.092828,0.35027,0.627624,0.017421,3e-06,0.00235756,-0.431401,-1.0,-0.179402,-0.293696,0.21529,2125.5,75.2,28.0,496.6,100.0,1.0
98286,615,155,3.72676,0.673004,-0.315021,0.0,0.0,0.00098309,0.031687,-1.0,0.889866,0.78877,0.125517,3614.4,50.5,15.5,644.2,100.0,1.0
98446,616,160,-4.389628,0.926051,0.646989,0.001066,0.0,0.00175447,-0.537536,-1.0,-0.565459,-0.517948,0.216017,1375.5,71.3,28.7,457.6,100.0,1.0
98606,617,160,-1.426255,0.702074,-0.416582,0.004585,0.0,0.00135912,-0.287786,-1.0,-0.122945,0.133056,0.186879,2971.7,65.6,24.3,469.9,100.0,1.0
98770,618,164,-3.9869,0.450473,-0.487109,0.017914,0.0,0.00145819,-0.435873,-1.0,-0.873908,-0.039059,0.247899,2185.6,56.9,36.2,330.5,100.0,1.0
98930,619,160,-0.329669,0.2,0.740595,0.000261,0.25124,0.00219186,-0.367055,-1.0,0.030563,-0.179643,0.189195,2371.8,72.3,23.8,561.9,100.0,1.0
99089,620,159,-2.276698,0.2,-0.331938,0.0001,0.19447,0.00118859,-0.301258,-1.0,-0.486306,0.255592,0.226585,3599.7,71.7,30.5,654.1,100.0,1.0
99246,621,157,-1.630254,0.81313,-0.324209,0.004588,0.0,0.00115422,-0.261565,-1.0,-0.133496,0.201712,0.167797,3266.2,67.9,20.6,654.0,100.0,1.0
99408,622,162,1.775583,0.643215,-0.433142,0.0,1.1e-05,0.00211577,-0.255252,-1.0,0.049429,0.11661,0.129081,2848.1,63.8,14.3,420.9,100.0,1.0
99572,623,164,8.133574,0.281761,0.045207,0.001873,2e-06,0.00154354,0.148058,-0.553641,0.472318,1.0,0.173609,5510.6,51.6,23.8,380.8,100.0,1.0
99735,624,163,0.827337,0.2,-0.293128,0.0,0.030394,0.00116507,-0.149037,-1.0,-0.277229,0.641483,0.182167,3234.8,49.3,25.6,778.5,100.0,1.0
99898,625,163,6.683032,0.425991,-0.212789,0.0,9e-06,0.00106643,0.155548,-0.743661,1.0,1.0,0.167249,4786.7,50.7,22.8,567.9,100.0,1.0
100058,626,160,-1.610101,0.26226,-0.464166,0.0,0.020668,0.00135318,-0.295757,-1.0,-0.135591,0.119807,0.194686,2793.2,62.4,26.1,481.3,100.0,1.0
100222,627,164,-4.311315,0.620624,0.637508,0.017507,0.0,0.00172719,-0.522801,-1.0,-0.977769,-0.267733,0.270584,1923.6,65.7,39.1,542.4,100.0,1.0
100381,628,159,6.343173,0.930233,-0.240758,0.0,0.0,0.00148478,0.076302,-0.97627,0.621892,1.0,0.119485,3900.4,45.6,15.0,285.7,100.0,1.0
100547,629,166,4.607044,0.945527,-0.112282,0.0,0.0,0.00125392,0.018628,-0.897604,0.047984,0.957608,0.140149,4200.1,53.6,17.6,490.7,100.0,1.0
100604,630,57,-7.522779,0.409604,0.617426,0.0,0.0,0.00218528,-0.659678,-1.0,-1.0,-1.0,0.02765,0.0,16.6,2.7,87.0,100.0,1.0
100770,631,166,-6.522245,0.496668,-0.475134,0.021982,5.5e-05,0.00102857,-0.508073,-1.0,-0.886536,-0.239601,0.278683,2106.0,69.2,40.0,880.2,100.0,1.0
100934,632,164,4.611602,0.2,-0.174077,0.00231,0.068495,0.00108595,0.048976,-0.778719,0.981194,0.665229,0.15438,4653.1,69.9,18.0,869.1,100.0,1.0
101091,633,157,-1.448617,0.808463,0.668476,0.001153,0.0,0.00200207,-0.385618,-1.0,-0.462768,-0.182301,0.099001,1864.9,57.0,9.9,345.7,100.0,1.0
101251,634,160,-6.45653,0.2,-0.514539,0.004682,0.295798,0.00095871,-0.471147,-1.0,-0.937456,-0.28206,0.122239,1686.4,58.7,13.8,930.6,100.0,1.0
101416,635,165,0.048619,0.509244,-0.384541,0.0048,3.6e-05,0.00145848,-0.238181,-1.0,0.461542,0.223781,0.289913,3483.1,71.2,41.7,532.4,100.0,1.0
101577,636,161,2.881321,0.466042,-0.292556,0.0,0.0,0.00206656,-0.191039,-0.988482,0.352559,0.284527,0.184377,3853.9,75.0,22.6,626.1,100.0,1.0
101732,637,155,1.892177,1.0,-0.374848,0.0,0.0,0.00150441,-0.140044,-1.0,-0.242006,0.617627,0.146091,2940.0,45.4,19.8,265.2,100.0,1.0
101899,638,167,-1.346914,0.991118,-0.355271,0.002566,0.0,0.00115453,-0.258952,-1.0,-0.084928,0.235146,0.202865,3125.3,63.3,27.4,524.9,100.0,1.0
102060,639,161,-4.362845,0.2,0.68685,0.003091,0.0,0.0017361,-0.590301,-1.0,-1.0,-0.498277,0.259478,1542.3,76.9,35.6,586.7,100.0,1.0
102223,640,163,7.062947,0.547747,-0.026111,0.0,1e-06,0.00123757,0.145432,-0.532698,0.834294,0.959882,0.265108,5590.4,71.3,37.3,661.0,100.0,1.0
102380,641,157,0.873959,0.918326,-0.217693,0.001411,0.0,0.00103729,-0.119863,-0.958446,-0.337393,0.709768,0.169835,3968.3,58.0,22.3,463.4,100.0,1.0
102542,642,162,-4.643116,0.478895,0.660093,0.00072,0.0,0.00152853,-0.475646,-1.0,-0.7139,-0.325915,0.161375,1481.5,54.9,21.2,510.3,100.0,1.0
102707,643,165,-4.886143,0.2,-0.41253,0.002054,0.265484,0.00078168,-0.368928,-1.0,-0.655498,-0.007903,0.145735,2449.0,61.7,17.6,1121.3,100.0,1.0
102871,644,164,7.818318,1.0,-0.041077,0.000486,5e-05,0.00177871,0.092221,-0.682012,0.280559,1.0,0.186663,5021.5,50.3,26.3,315.2,100.0,1.0
103036,645,165,6.790184,0.2,-0.188985,0.0,3.3e-05,0.00106121,0.15825,-0.782084,1.0,1.0,0.132081,4640.3,45.1,17.3,547.2,100.0,1.0
103206,646,170,-3.207238,0.371337,0.675772,0.001356,0.0,0.00183697,-0.4697,-1.0,-0.356747,-0.360638,0.21667,1714.0,67.0,29.4,521.0,100.0,1.0
103366,647,160,-4.624623,0.371726,0.631585,0.002443,0.0,0.00166505,-0.515959,-1.0,-1.0,-0.346471,0.177194,1711.1,65.5,22.6,635.8,100.0,1.0
103527,648,161,-0.027523,0.601817,-0.25423,0.0,2e-05,0.00134515,-0.217849,-1.0,-0.629809,0.536714,0.188236,3343.9,54.4,26.0,439.0,100.0,1.0
103687,649,160,-2.85781,1.0,0.68018,0.0,0.0,0.00200791,-0.461572,-1.0,-0.961921,-0.148264,0.202573,2169.7,63.7,27.3,344.6,100.0,1.0
103850,650,163,3.153756,0.2,-0.168731,0.0,0.032603,0.00078398,0.026968,-0.935443,0.244544,1.0,0.181787,4056.0,50.3,25.4,582.4,100.0,1.0
104016,651,166,-1.886673,0.411775,-0.325212,0.0,4e-06,0.00119367,-0.290617,-1.0,-0.918674,0.384235,0.182913,2504.4,45.2,26.3,540.7,100.0,1.0
104174,652,158,3.339146,0.465446,-0.186884,0.00868,0.0,0.00114452,-0.017072,-0.993652,-0.017935,0.991271,0.183562,3834.2,48.1,26.0,570.1,100.0,1.0
104337,653,163,0.034549,0.2,-0.354725,0.013365,0.067597,0.00133378,-0.215633,-1.0,-0.37375,0.446612,0.177833,3052.2,52.7,24.4,556.9,100.0,1.0
104496,654,159,3.230153,0.30287,-0.231837,0.000481,0.002456,0.0013951,-0.063533,-1.0,0.125475,0.773666,0.166231,3618.6,51.0,22.6,577.4,100.0,1.0
104657,655,161,-2.179101,0.906407,-0.468219,0.002268,0.0,0.00121718,-0.302608,-1.0,-0.195023,0.060385,0.146348,2705.3,63.8,17.4,805.4,100.0,1.0
104814,656,157,5.5577,0.601459,-0.148747,0.001398,0.0,0.00127019,0.072652,-0.860585,0.430872,1.0,0.157969,4341.2,43.7,22.1,568.1,100.0,1.0
104978,657,164,3.09184,0.568522,-0.169425,0.0,0.0,0.00106556,-0.023435,-1.0,0.156138,0.914073,0.180772,3795.9,49.6,25.3,654.8,100.0,1.0
105137,658,159,-2.314182,1.0,-0.33568,0.000815,0.0,0.00137017,-0.330978,-1.0,-0.905842,0.233434,0.172639,2577.0,52.2,23.6,499.6,100.0,1.0
105297,659,160,7.94988,0.2,-0.114144,0.000761,0.025857,0.00149842,0.148914,-0.712047,0.8749,1.0,0.173042,4907.1,59.3,22.7,648.7,100.0,1.0
105457,660,160,-5.953859,0.392408,0.643758,0.002616,0.0,0.00125286,-0.520189,-1.0,-1.0,-0.334174,0.199821,1312.4,49.3,28.7,513.2,100.0,1.0
105627,661,170,-2.06538,0.706175,0.696075,0.002642,0.0,0.00166714,-0.384314,-1.0,-0.438761,-0.156602,0.124164,1894.5,56.2,14.5,675.7,100.0,1.0
105794,662,167,4.101586,0.988875,-0.10532,0.001645,0.0,0.00143402,-0.039052,-0.963046,-0.184278,1.0,0.22818,3950.8,41.3,34.8,403.9,100.0,1.0
105948,663,154,-4.201668,1.0,-0.272229,0.0,0.0,0.00115514,-0.38306,-1.0,-1.0,0.087765,0.169686,2330.8,53.6,22.9,513.8,100.0,1.0
106110,664,162,-1.380433,0.479351,-0.330192,0.004651,0.0,0.00123058,-0.266679,-1.0,-0.801512,0.402389,0.163555,2552.1,45.5,22.8,511.8,100.0,1.0
106270,665,160,-4.291723,0.821064,0.643563,0.003176,0.0,0.00176354,-0.580911,-1.0,-1.0,-0.528733,0.206547,1061.7,56.3,29.0,389.7,100.0,1.0
106424,666,154,-4.493318,0.673218,0.607289,0.0022,0.0,0.00176597,-0.602613,-1.0,-1.0,-0.676391,0.141988,797.0,61.6,16.9,419.9,100.0,1.0
106586,667,162,4.634463,0.548361,-0.284825,0.004057,0.0,0.00135409,0.006912,-1.0,0.523633,0.846542,0.141182,3636.2,49.2,18.4,386.0,100.0,1.0
106741,668,155,4.329031,0.2,-0.258335,0.0,0.005382,0.00108164,0.043611,-0.941745,0.736951,0.861095,0.151363,4032.0,54.2,19.5,697.2,100.0,1.0
106895,669,154,-1.983573,0.383052,-0.345399,0.001114,0.006521,0.0012219,-0.28487,-1.0,-0.505528,0.282414,0.197262,2300.6,44.8,28.9,478.9,100.0,1.0
107052,670,157,-5.164976,0.228233,0.6,0.0,0.0,0.00151614,-0.529483,-1.0,-1.0,-0.396779,0.172713,1106.2,45.8,24.4,601.6,100.0,1.0
107210,671,158,3.00195,0.437646,-0.217833,0.002344,1.4e-05,0.00090874,0.002825,-0.961882,0.22789,1.0,0.227123,3955.2,47.2,33.8,687.0,100.0,1.0
107368,672,158,0.516756,0.2,-0.328672,0.0,0.270311,0.00123626,-0.170071,-1.0,-0.572931,0.699284,0.207324,2953.0,43.4,30.8,555.4,100.0,1.0
107525,673,157,6.522487,0.2,-0.200286,0.010828,0.018866,0.00184006,0.028926,-1.0,1.0,0.800521,0.174945,3517.1,48.8,24.4,498.4,100.0,1.0
107687,674,162,0.205012,1.0,-0.343747,0.0,0.0,0.00127881,-0.197107,-1.0,-0.281681,0.417748,0.126467,2734.0,48.2,15.9,409.2,100.0,1.0
107847,675,160,-4.486603,0.383125,0.703709,0.0,5.1e-05,0.00169593,-0.494353,-1.0,-0.865999,-0.29133,0.201011,1502.0,53.0,28.5,451.0,100.0,1.0
108011,676,164,-3.471857,0.321736,-0.398933,0.0,0.0,0.00102745,-0.337502,-1.0,-0.617151,0.194072,0.240023,2711.2,56.8,34.8,541.4,100.0,1.0
108170,677,159,-2.644595,1.0,-0.462272,0.0,0.0,0.00149919,-0.36708,-1.0,-1.0,0.129213,0.159553,1955.1,43.3,22.4,444.3,100.0,1.0
108333,678,163,0.876668,0.548673,-0.335118,0.000336,0.0,0.00145913,-0.195127,-1.0,-0.065693,0.389778,0.158545,2845.9,51.2,21.2,537.9,100.0,1.0
108495,679,162,3.377523,0.2,-0.304251,0.002179,0.0,0.00117763,-0.026402,-1.0,0.149771,0.856379,0.13798,3114.0,41.9,18.8,855.3,100.0,1.0
108651,680,156,0.078374,0.768952,0.714372,0.0,0.0,0.00173403,-0.266643,-1.0,-0.305275,0.184442,0.118422,1882.1,39.7,15.6,306.0,100.0,1.0
108807,681,156,1.314697,0.571698,-0.215701,0.008129,0.0,0.00135867,-0.147983,-1.0,-0.657648,0.710224,0.129386,2795.9,40.9,17.4,610.0,100.0,1.0
108971,682,164,-5.712094,0.387434,0.68336,0.002283,5.7e-05,0.00128786,-0.508509,-1.0,-1.0,-0.337672,0.163449,1730.1,65.3,20.2,549.1,100.0,1.0
109130,683,159,3.232749,1.0,-0.261605,0.0,0.0,0.00122686,-0.037943,-1.0,0.730911,0.669603,0.176899,3739.4,56.0,23.8,510.1,100.0,1.0
109290,684,160,-6.308827,0.276472,-0.524222,0.003075,0.0,0.00111427,-0.497911,-1.0,-1.0,-0.278617,0.183788,1517.8,52.6,25.5,746.2,100.0,1.0
109452,685,162,-3.887144,0.750739,0.630407,0.004493,0.0,0.00185382,-0.625957,-1.0,-1.0,-0.6433,0.237049,943.2,66.1,33.1,418.9,100.0,1.0
109608,686,156,-3.426438,0.516313,-0.419947,0.0,0.0,0.00100706,-0.323552,-1.0,-0.917802,0.259695,0.170516,1783.0,35.4,25.4,657.6,100.0,1.0
109760,687,152,5.81605,1.0,0.74293,0.003987,0.0,0.00221742,-0.054505,-1.0,0.660657,0.606813,0.150328,2781.7,43.3,20.8,415.1,100.0,1.0
109917,688,157,-6.151328,0.446446,0.642202,0.018737,0.0,0.00120842,-0.536563,-1.0,-1.0,-0.383063,0.204696,1270.6,51.5,29.3,534.1,100.0,1.0
110076,689,159,5.291471,0.2,-0.135442,0.0,0.050345,0.00122018,0.06305,-0.929735,0.616993,1.0,0.189187,4077.7,49.9,26.8,478.2,100.0,1.0
110237,690,161,-2.432891,0.341178,-0.408066,0.0,0.0,0.00129431,-0.326463,-1.0,-0.635633,0.240774,0.243235,2768.8,55.8,35.5,548.3,100.0,1.0
110396,691,159,5.299514,0.743592,-0.151524,0.0,1e-06,0.00087973,0.117387,-0.79464,0.724889,1.0,0.161263,4592.4,42.3,22.9,745.6,100.0,1.0
110553,692,157,3.198868,0.726901,-0.270075,0.002862,0.0,0.001195,-0.032353,-1.0,-0.317378,1.0,0.144614,2731.3,23.2,22.5,387.7,100.0,1.0
110709,693,156,3.828686,0.264497,-0.392899,0.000408,0.010044,0.00095502,0.036738,-1.0,0.351973,1.0,0.138456,3174.2,38.9,19.3,787.2,100.0,1.0
110869,694,160,6.631274,0.699535,-0.08389,0.0,0.0,0.001293,0.114622,-0.740714,0.555853,1.0,0.159386,4797.9,36.4,23.3,441.1,100.0,1.0
111029,695,160,-3.328659,0.2,0.6,0.0,0.014862,0.0020344,-0.631893,-1.0,-1.0,-0.732759,0.177328,738.5,69.1,22.1,686.0,100.0,1.0
111188,696,159,-2.062519,0.2,-0.488531,0.0,0.049672,0.00163485,-0.359984,-1.0,-1.0,0.165014,0.169967,1714.8,36.8,25.1,260.5,100.0,1.0
111351,697,163,-2.270917,0.581042,-0.310793,0.007388,0.0,0.00092366,-0.260609,-1.0,-0.516967,0.358021,0.189483,2634.9,48.5,27.0,1034.5,100.0,1.0
111512,698,161,2.437546,0.603033,-0.389665,0.0,4e-06,0.0011768,-0.071269,-1.0,-0.123477,0.840617,0.174589,2618.3,35.6,26.1,594.5,100.0,1.0
111680,699,168,3.63586,0.635249,-0.296894,0.001393,0.0,0.00116479,-0.019511,-1.0,0.624242,0.815928,0.219181,3732.5,51.4,31.9,678.6,100.0,1.0
111838,700,158,1.422564,0.401935,-0.408831,0.0,0.0,0.00139468,-0.151423,-1.0,-0.539762,0.707784,0.170805,2580.3,37.8,25.1,340.4,100.0,1.0
111998,701,160,6.052041,0.2,-0.335728,0.0,0.139137,0.00135703,0.075827,-0.974263,0.914091,0.96361,0.174569,3908.1,49.8,24.2,588.4,100.0,1.0
112159,702,161,4.382722,0.2,-0.145938,0.008632,0.017773,0.00110246,0.034566,-1.0,0.465849,1.0,0.177197,3774.0,46.1,25.2,763.6,100.0,1.0
112319,703,160,0.387349,0.2,-0.365267,0.0,0.0,0.00132436,-0.193106,-1.0,-0.035431,0.423536,0.190352,2750.3,48.3,27.2,542.9,100.0,1.0
112481,704,162,-3.253639,0.250308,-0.371326,0.0,0.011057,0.00130615,-0.368846,-1.0,-1.0,0.108108,0.146508,2012.2,45.4,19.8,662.6,100.0,1.0
112637,705,156,5.341779,0.324669,-0.201504,0.003236,0.0,0.00074862,0.14141,-0.839733,1.0,1.0,0.139018,4420.6,47.7,18.2,509.0,100.0,1.0
112792,706,155,2.725051,0.2,-0.318446,0.0,0.082489,0.00115904,-0.047933,-1.0,-0.211474,1.0,0.219388,2716.9,31.4,34.6,715.7,100.0,1.0
112959,707,167,-4.137536,0.672356,-0.484542,0.0,0.0,0.00099981,-0.366778,-1.0,-0.643595,0.005623,0.154588,2296.7,57.1,19.7,607.7,100.0,1.0
113122,708,163,2.462909,0.2,-0.240441,0.0,0.318847,0.00102002,-0.047289,-1.0,-0.329846,1.0,0.183727,3342.5,37.7,27.4,637.5,100.0,1.0
113280,709,158,-2.767381,0.5225,0.707847,0.0,1.4e-05,0.00162667,-0.390595,-1.0,-0.111803,-0.231843,0.171033,1930.4,62.8,21.9,728.3,100.0,1.0
113444,710,164,0.931906,0.497491,-0.30297,0.010001,0.0,0.00099774,-0.118599,-1.0,-0.003929,0.666284,0.194546,3246.7,48.7,27.9,464.8,100.0,1.0
113610,711,166,-4.934473,0.2,0.645698,0.001196,0.021221,0.0014861,-0.550072,-1.0,-1.0,-0.466159,0.17207,1161.9,54.4,23.2,651.9,100.0,1.0
113769,712,159,4.10248,0.537419,-0.073435,4.9e-05,0.0,0.00119612,0.007768,-0.998237,0.134259,1.0,0.160281,3816.7,46.4,22.1,860.5,100.0,1.0
113928,713,159,6.206359,1.0,-0.144901,0.0,0.0,0.00119635,0.109073,-0.743478,0.398659,1.0,0.128354,4787.3,50.7,15.9,619.5,100.0,1.0
114084,714,156,4.109177,0.394748,-0.223804,0.003094,7e-06,0.00116723,0.01601,-1.0,0.112286,1.0,0.129196,3389.9,30.9,18.7,500.8,100.0,1.0
114239,715,155,-2.673179,0.2,0.652546,0.001749,0.011858,0.00177273,-0.403567,-1.0,-0.484108,-0.188708,0.138696,1275.9,39.3,19.3,427.6,100.0,1.0
114395,716,156,-3.960317,0.42181,-0.394421,0.007708,0.0,0.00118159,-0.375076,-1.0,-1.0,0.105587,0.162148,1811.7,41.0,23.2,380.4,100.0,1.0
114550,717,155,8.140479,0.2,-0.048235,0.000996,0.177172,0.00179265,0.114225,-0.86124,0.844655,1.0,0.156946,4338.7,38.8,22.6,441.2,100.0,1.0
114702,718,152,-1.662269,0.365587,-0.442543,0.001213,8.3e-05,0.00119758,-0.262012,-1.0,-0.542851,0.279183,0.118518,2073.7,40.5,15.6,485.8,100.0,1.0
114866,719,164,1.397267,0.237279,-0.438957,0.0,0.047972,0.00136861,-0.157144,-1.0,-0.241887,0.571989,0.155862,2314.1,36.8,22.6,448.0,100.0,1.0
115027,720,161,3.057046,1.0,-0.341845,0.009137,0.0,0.00145548,-0.087174,-1.0,0.491628,0.49628,0.10063,2696.3,45.0,11.8,547.6,100.0,1.0
115186,721,159,-2.695149,0.463058,-0.432362,0.0,0.0,0.00129694,-0.335804,-1.0,-1.0,0.196954,0.128256,1796.6,37.5,17.7,397.4,100.0,1.0
115345,722,159,6.041046,0.467536,0.809294,0.0,3.3e-05,0.00240892,-0.092507,-1.0,0.556225,0.493421,0.131874,3100.1,51.9,16.4,445.2,100.0,1.0
115501,723,156,2.051225,0.2,-0.363621,0.000851,0.17753,0.00134836,-0.11161,-1.0,-0.28459,0.679983,0.106133,2621.8,39.0,13.6,832.9,100.0,1.0
115660,724,159,-3.336175,0.652218,0.673081,0.0,0.0,0.00118476,-0.348788,-1.0,-0.729454,0.03862,0.106939,1743.7,42.0,13.3,590.5,100.0,1.0
115818,725,158,2.158824,0.475286,-0.226127,0.0,0.0,0.00104225,-0.060845,-1.0,-0.229678,0.908333,0.172505,3201.5,41.9,24.9,777.9,100.0,1.0
115980,726,162,3.569921,0.5411,-0.264199,0.0,1.2e-05,0.00132845,-0.043602,-1.0,-0.271263,1.0,0.189931,3555.9,42.3,27.9,487.7,100.0,1.0
116143,727,163,-4.603986,0.2,0.626342,0.0,0.0,0.00160437,-0.484831,-1.0,-1.0,-0.324001,0.107515,1289.3,47.7,12.7,394.4,100.0,1.0
116303,728,160,-0.433704,0.2,-0.349584,0.000387,0.0,0.00099579,-0.180101,-1.0,-0.248069,0.47839,0.139459,2947.0,49.8,18.0,536.8,100.0,1.0
116459,729,156,2.585938,0.351884,-0.21066,0.0,0.006961,0.00104891,-0.039419,-1.0,-0.363362,1.0,0.151665,3260.8,36.8,21.9,813.2,100.0,1.0
116615,730,156,-0.368372,1.0,-0.358647,0.0,0.0,0.00109862,-0.18901,-1.0,-0.105691,0.473788,0.201651,2758.2,46.8,29.4,578.3,100.0,1.0
116776,731,161,2.165551,0.2,-0.385474,0.0,0.252369,0.00120741,-0.090436,-1.0,-0.32714,0.798988,0.135481,2859.4,39.7,18.6,473.6,100.0,1.0
116930,732,154,-4.747632,0.578093,0.676606,0.0,0.0,0.00152448,-0.462499,-1.0,-0.655996,-0.254219,0.201812,1782.8,59.8,27.7,611.4,100.0,1.0
117091,733,161,2.426046,1.0,-0.334918,0.0,0.0,0.00144864,-0.116835,-1.0,-0.437001,0.800892,0.181151,2643.7,36.7,27.1,330.4,100.0,1.0
117253,734,162,-3.605244,0.432865,-0.435279,0.0,0.0,0.00093091,-0.323601,-1.0,-0.168273,0.049975,0.205047,2302.0,54.8,28.9,479.1,100.0,1.0
117417,735,164,0.554023,0.788171,-0.359932,0.0,0.0,0.00163685,-0.24188,-1.0,-0.897809,0.554366,0.195454,2378.3,38.3,29.4,347.6,100.0,1.0
117578,736,161,-5.070527,0.2,0.668268,0.00333,2.5e-05,0.0014081,-0.469717,-1.0,-0.689248,-0.348836,0.131832,1196.8,45.9,17.2,756.3,100.0,1.0
117737,737,159,-4.900486,0.2,0.6,0.0,0.102149,0.00154986,-0.58118,-1.0,-1.0,-0.544596,0.193716,798.5,43.8,28.4,745.9,100.0,1.0
117895,738,158,-3.11776,0.642585,0.6,0.000328,8.6e-05,0.00131209,-0.356692,-1.0,-0.693192,0.042036,0.142809,2068.4,49.6,18.6,466.9,100.0,1.0
118061,739,166,-3.961328,1.0,0.669593,0.0,0.0,0.00176716,-0.548558,-1.0,-1.0,-0.498157,0.140316,1059.5,52.8,17.8,315.3,100.0,1.0
118216,740,155,-0.856694,0.37508,-0.378378,0.0,2.7e-05,0.00103462,-0.201359,-1.0,-0.278732,0.398735,0.12316,2395.7,42.8,16.1,515.1,100.0,1.0
118376,741,160,2.153795,0.2,-0.345143,0.0,0.051568,0.00107644,-0.069025,-1.0,-0.410988,0.898919,0.136004,2719.7,35.8,19.3,538.3,100.0,1.0
118537,742,161,6.634613,0.767825,-0.06479,0.0,1e-05,0.00124461,0.11726,-0.777416,0.630425,1.0,0.14694,4658.0,42.2,20.3,508.0,100.0,1.0
118691,743,154,-1.845924,0.2,-0.316634,0.001325,0.012932,0.00132499,-0.292342,-1.0,-0.712977,0.368048,0.23274,2136.5,39.0,35.9,530.1,100.0,1.0
118853,744,162,-3.715667,0.392461,0.610323,0.0,0.0,0.00187228,-0.611254,-1.0,-1.0,-0.666174,0.175433,1015.3,76.0,20.9,542.5,100.0,1.0
119018,745,165,-2.185791,0.303958,-0.324059,0.000291,0.018304,0.00126758,-0.313715,-1.0,-0.636101,0.272361,0.233751,2867.0,56.3,33.8,709.2,100.0,1.0
119183,746,165,3.353938,0.433782,-0.144691,0.0,9e-06,0.00130828,-0.055351,-1.0,-0.315895,1.0,0.210747,3714.7,44.7,31.3,561.9,100.0,1.0
119342,747,159,-0.361417,0.411481,-0.370311,0.0,1.9e-05,0.00093212,-0.16544,-1.0,0.242934,0.369175,0.144245,2597.8,47.4,19.2,879.7,100.0,1.0
119503,748,161,-0.103953,0.414902,-0.33383,0.0,0.0,0.00111727,-0.184789,-1.0,-0.304712,0.464707,0.124942,2478.3,42.3,16.5,614.9,100.0,1.0
119663,749,160,-0.889388,0.759285,-0.352337,0.005188,0.0,0.00130549,-0.25132,-1.0,-0.802233,0.442252,0.153634,2135.8,37.0,22.2,466.5,100.0,1.0
119820,750,157,0.698318,0.278612,-0.44671,0.0,0.00814,0.00085863,-0.101409,-1.0,0.58676,0.45955,0.136999,2989.4,51.2,17.4,647.5,100.0,1.0
119982,751,162,4.552678,0.477855,-0.159719,0.00161,0.0,0.00111909,0.036169,-0.853065,0.035469,1.0,0.154603,4369.8,51.8,20.4,1054.7,100.0,1.0
120143,752,161,-1.985678,0.80296,-0.276585,0.002092,0.0,0.00132462,-0.308003,-1.0,-1.0,0.296246,0.133933,2129.9,41.1,18.2,425.9,100.0,1.0
120295,753,152,5.067648,0.2,-0.322262,0.0,0.166056,0.00087735,0.108515,-0.919888,1.0,1.0,0.175752,4115.2,44.6,25.1,471.6,100.0,1.0
120452,754,157,3.586926,0.525985,-0.257473,0.009167,0.0,0.00156295,-0.074206,-1.0,-0.759772,1.0,0.137797,2976.7,35.8,19.6,397.4,100.0,1.0
120607,755,155,3.978599,1.0,-0.161256,0.0,0.0,0.00129951,-0.011618,-0.973386,-0.200344,1.0,0.137822,3911.4,45.9,18.2,459.2,100.0,1.0
120766,756,159,0.200569,0.2,-0.402383,0.0,0.568905,0.00126075,-0.190837,-1.0,-0.643393,0.540064,0.110049,3044.6,49.4,12.9,593.2,100.0,1.0
120922,757,156,6.733684,0.346579,-0.261818,0.0,0.0,0.00110472,0.148624,-0.798056,1.0,1.0,0.148176,4579.4,40.7,20.8,531.2,100.0,1.0
121084,758,162,0.655499,0.372856,-0.373449,0.001049,0.0,0.00093876,-0.120793,-1.0,0.005727,0.585719,0.134519,2701.2,42.6,18.1,638.5,100.0,1.0
121245,759,161,5.589374,0.373468,-0.292954,0.0,1.1e-05,0.00101545,0.102737,-0.836241,0.58538,1.0,0.133545,4433.9,49.3,17.0,567.6,100.0,1.0
121404,760,159,-4.437859,0.283414,0.6,0.015616,0.007233,0.00168003,-0.565538,-1.0,-1.0,-0.579082,0.119468,628.1,37.3,16.1,456.4,100.0,1.0
121574,761,170,0.054809,0.44068,-0.32502,0.010359,0.0,0.00110628,-0.18539,-1.0,-0.208741,0.520595,0.201985,2890.2,47.5,29.4,774.3,100.0,1.0
121734,762,160,10.491027,0.874285,0.016232,0.0,2e-06,0.00178032,0.214571,-0.465144,0.773448,1.0,0.132822,5847.8,50.1,16.8,343.5,100.0,1.0
121890,763,156,-3.870743,0.912759,-0.508872,0.00412,0.0,0.00144993,-0.410469,-1.0,-1.0,-0.075474,0.108076,1961.6,53.0,12.1,336.1,100.0,1.0
122049,764,159,6.260565,0.2,-0.2751,0.002399,0.0,0.00128458,0.093752,-1.0,1.0,1.0,0.160709,3432.7,42.1,22.8,441.2,100.0,1.0
122212,765,163,-2.87503,1.0,0.645784,0.0,0.0,0.00209499,-0.47838,-1.0,-0.444419,-0.455369,0.13522,1639.1,75.2,13.9,465.3,100.0,1.0
122369,766,157,6.705263,0.58655,-0.169461,0.0,0.0,0.00140309,0.098765,-0.839457,0.621756,1.0,0.152991,4421.7,35.5,22.3,330.0,100.0,1.0
122525,767,156,-3.685146,0.2,-0.406516,0.014456,0.011229,0.00113168,-0.351787,-1.0,-0.736914,0.080002,0.148845,2154.1,49.9,19.7,854.0,100.0,1.0
122684,768,159,-0.096998,0.2,0.695159,0.0,0.317874,0.00183178,-0.295839,-1.0,-0.163866,0.12648,0.19256,1761.1,39.1,28.8,413.4,100.0,1.0
122846,769,162,2.669156,0.317178,-0.261755,0.0,0.023085,0.00129275,-0.082475,-1.0,-0.071626,0.777435,0.167265,3155.7,44.4,23.6,398.5,100.0,1.0
123001,770,155,-3.681161,0.289345,0.64425,0.0,0.007283,0.00195372,-0.588129,-1.0,-1.0,-0.556062,0.203745,1119.7,63.1,27.6,401.8,100.0,1.0
123159,771,158,-2.660147,1.0,-0.418806,0.0,0.0,0.00128833,-0.329966,-1.0,-0.908576,0.23846,0.173275,1696.8,34.3,26.0,480.8,100.0,1.0
123320,772,161,1.036632,0.247289,-0.39158,0.0,0.024083,0.0011216,-0.131253,-1.0,-0.251183,0.668213,0.161709,3003.9,45.0,22.6,539.9,100.0,1.0
123486,773,166,-0.717656,0.731675,-0.273379,0.0,0.0,0.00124983,-0.241507,-1.0,-0.560685,0.352056,0.117302,2931.3,54.2,13.5,728.3,100.0,1.0
123643,774,157,1.654158,0.486646,-0.261843,0.0,1.2e-05,0.00105062,-0.08634,-1.0,-0.285513,0.811886,0.146728,2851.0,39.3,20.7,757.0,100.0,1.0
123798,775,155,1.448114,1.0,-0.323842,0.003407,0.0,0.00138491,-0.145859,-1.0,-0.823505,0.777279,0.133407,2142.6,30.1,19.6,549.1,100.0,1.0
123963,776,165,6.142818,1.0,-0.190112,0.0,0.0,0.00148102,0.047155,-0.825018,0.219095,1.0,0.195715,4476.7,47.5,28.3,283.1,100.0,1.0
124121,777,158,0.465682,0.808826,-0.423996,0.011211,0.0,0.0013929,-0.19793,-1.0,-0.027092,0.393031,0.180372,2073.9,37.2,26.9,269.0,100.0,1.0
124275,778,154,3.217742,0.357688,-0.297522,0.0,0.0,0.00144889,-0.070502,-1.0,-0.654901,1.0,0.157177,2626.1,29.6,23.8,430.1,100.0,1.0
124424,779,149,-4.214532,0.224939,-0.49803,0.011232,0.0,0.00113057,-0.368229,-1.0,-1.0,0.130121,0.163614,1214.6,26.9,25.3,432.8,100.0,1.0
124590,780,166,4.203641,0.275553,-0.15526,0.002576,0.0,0.00123933,-0.006469,-0.934655,-0.216645,1.0,0.146116,4059.0,46.0,19.7,600.9,100.0,1.0
124748,781,158,-0.902281,0.835202,-0.406036,0.007091,0.0,0.00114604,-0.223769,-1.0,-0.801566,0.569847,0.184475,2333.2,37.2,27.6,505.1,100.0,1.0
124907,782,159,-4.582733,0.365489,-0.359779,0.0,3e-06,0.00098868,-0.37425,-1.0,-0.913098,0.06162,0.146933,1882.2,44.3,20.1,1108.7,100.0,1.0
125061,783,154,1.440834,0.468713,-0.158914,0.0,2.6e-05,0.00120206,-0.116837,-1.0,0.143834,0.511165,0.09877,3515.2,58.2,9.7,635.2,100.0,1.0
125223,784,162,4.950213,0.959741,-0.213224,0.000259,0.0,0.00119021,0.041547,-1.0,0.435107,1.0,0.148468,3758.8,41.7,20.7,413.4,100.0,1.0
125382,785,159,-2.309501,1.0,0.692628,0.0,0.0,0.00182183,-0.398979,-1.0,-0.155507,-0.299261,0.124714,1705.3,60.8,14.0,550.8,100.0,1.0
125538,786,156,7.910069,1.0,-0.300766,0.0,0.0,0.00216749,0.036205,-0.898229,1.0,0.66646,0.111931,4197.7,63.0,11.4,287.8,100.0,1.0
125697,787,159,-4.32846,1.0,-0.460126,0.0,0.0,0.00132654,-0.41577,-1.0,-1.0,0.026638,0.210746,1847.9,45.0,31.2,376.7,100.0,1.0
125864,788,167,1.63914,1.0,-0.168142,0.0,0.0,0.00138266,-0.153287,-1.0,-0.044019,0.433997,0.083097,3358.6,58.6,6.9,493.1,100.0,1.0
126023,789,159,0.071273,0.475,-0.190186,0.0,7.5e-05,0.00118603,-0.185151,-1.0,-0.605113,0.60757,0.162601,2848.9,44.3,22.8,833.0,100.0,1.0
126185,790,162,5.346736,0.775134,-0.226022,0.0,0.0,0.00124844,0.050592,-0.941959,0.280769,1.0,0.119987,4031.1,46.5,15.0,427.2,100.0,1.0
126344,791,159,2.802983,1.0,-0.376094,0.007676,0.0,0.00160025,-0.121907,-1.0,-1.0,0.961973,0.172854,1797.7,22.9,27.5,444.3,100.0,1.0
126510,792,166,-1.317708,0.513338,-0.220884,0.0,0.0,0.00096768,-0.222852,-1.0,-0.147233,0.314288,0.149759,3045.0,57.9,18.8,734.0,100.0,1.0
126666,793,156,-0.099402,0.2,-0.330492,0.0,0.009362,0.00091817,-0.147885,-1.0,-0.252824,0.5385,0.097579,2706.5,44.0,11.4,777.1,100.0,1.0
126832,794,166,-3.502699,0.585172,0.690115,0.003041,0.0,0.00152912,-0.419235,-1.0,-0.435458,-0.237017,0.155956,1932.1,63.3,19.1,587.9,100.0,1.0
126986,795,154,-4.725586,0.686516,-0.540436,0.0,0.0,0.00141852,-0.441618,-1.0,-1.0,-0.182054,0.10572,1307.5,40.0,13.4,361.5,100.0,1.0
127143,796,157,2.883726,0.21738,-0.164984,0.0,1.4e-05,0.00129674,-0.067389,-1.0,-0.353054,0.923626,0.169062,3449.3,44.8,23.9,601.7,100.0,1.0
127309,797,166,0.099391,0.657423,-0.319718,0.00024,0.0,0.00116708,-0.18898,-1.0,-0.691831,0.551678,0.100859,2639.4,42.5,12.2,635.4,100.0,1.0
127471,798,162,-3.257322,0.398578,-0.439438,0.0,0.0,0.00128795,-0.362302,-1.0,-0.889233,0.225363,0.259965,1974.1,40.3,40.5,373.8,100.0,1.0
127635,799,164,5.407418,0.436152,-0.118884,0.0,1e-06,0.00159587,-0.006617,-1.0,0.565928,0.844838,0.190461,3674.3,49.8,27.0,562.9,100.0,1.0
127793,800,158,-0.083913,1.0,0.776645,0.0,0.0,0.00207291,-0.33148,-1.0,-0.150291,-0.011632,0.17989,2694.2,68.1,22.7,365.9,100.0,1.0
127957,801,164,10.548082,0.2,-0.043224,0.0,0.073966,0.00203476,0.163803,-0.649955,0.738685,1.0,0.135934,5143.7,53.0,17.0,563.8,100.0,1.0
128120,802,163,-2.046811,0.327591,-0.360716,0.003034,0.0,0.00103309,-0.264902,-1.0,-0.584978,0.295608,0.12882,2386.6,46.1,16.6,525.8,100.0,1.0
128281,803,161,2.41266,0.2,-0.42709,0.001469,0.472604,0.00174846,-0.167687,-1.0,0.175546,0.327038,0.095293,2775.6,52.3,9.9,585.9,100.0,1.0
128442,804,161,-1.418885,0.312061,-0.362361,0.0,1e-05,0.00118039,-0.256896,-1.0,-0.819554,0.375947,0.107785,2418.2,43.9,13.2,472.2,100.0,1.0
128604,805,162,5.339213,0.395502,-0.239105,0.0,0.0,0.00138803,0.026845,-1.0,0.335175,1.0,0.161922,3762.0,44.5,22.7,344.9,100.0,1.0
128761,806,157,0.482665,0.2,-0.311741,0.0,0.0,0.00079062,-0.101353,-1.0,0.206371,0.56971,0.122581,3348.8,53.3,14.6,631.0,100.0,1.0
128924,807,163,3.715838,0.472975,-0.237736,0.0,0.0,0.00134907,-0.044807,-0.991952,0.188766,0.827419,0.182632,3840.7,52.5,25.3,400.3,100.0,1.0
129088,808,164,-0.187482,0.965186,-0.391811,0.0,0.0,0.00170614,-0.288623,-1.0,0.207577,-0.039578,0.135736,2802.2,72.9,14.3,820.1,100.0,1.0
129244,809,156,0.737895,0.620856,0.76017,0.0,0.0,0.00213043,-0.297628,-1.0,0.430556,-0.134926,0.143444,2742.6,79.3,14.8,622.5,100.0,1.0
129402,810,158,-0.183394,0.966678,-0.284877,0.002634,0.0,0.00116418,-0.192522,-1.0,-0.529961,0.522091,0.131867,3263.1,53.6,16.2,895.7,100.0,1.0
129555,811,153,-0.820133,0.465278,-0.340168,0.000557,0.0,0.00101224,-0.193428,-1.0,-0.585376,0.565606,0.15592,2425.8,38.7,22.4,712.9,100.0,1.0
129713,812,158,-6.415524,0.851904,-0.526212,0.0076,1.6e-05,0.00106831,-0.47419,-1.0,-1.0,-0.088284,0.279157,1592.6,43.7,43.5,611.6,100.0,1.0
129867,813,154,6.74988,0.740328,-0.214473,0.0,0.0,0.0011214,0.144938,-0.767724,0.880357,1.0,0.14619,4695.0,36.0,21.0,375.1,100.0,1.0
130032,814,165,-3.064752,0.988251,-0.35778,0.0,0.0,0.00151655,-0.394433,-1.0,-1.0,0.007691,0.133544,2113.2,52.4,16.6,582.9,100.0,1.0
130191,815,159,-5.293752,0.909621,0.676941,0.0,0.0,0.00141675,-0.531828,-1.0,-1.0,-0.342685,0.225779,1305.9,49.7,33.3,421.1,100.0,1.0
130350,816,159,-2.884241,0.345162,0.701602,0.000913,0.000213,0.00212318,-0.538005,-1.0,-0.712654,-0.525816,0.168555,1217.1,64.2,21.3,366.0,100.0,1.0
130508,817,158,-4.420269,0.489855,-0.407983,0.0,0.0,0.00110814,-0.383102,-1.0,-0.861435,-0.018674,0.11816,1947.6,49.6,14.3,859.3,100.0,1.0
130671,818,163,4.993053,0.2,-0.284836,0.0,0.163283,0.0013257,0.018875,-1.0,0.060729,1.0,0.10628,3472.2,36.5,13.9,411.4,100.0,1.0
130835,819,164,-5.103876,0.485564,-0.396188,0.0,0.0,0.00096338,-0.39807,-1.0,-1.0,-0.019759,0.120406,1904.2,48.6,14.8,614.7,100.0,1.0
130999,820,164,7.128625,0.963253,-0.189667,0.0,0.0,0.00123339,0.132978,-0.713935,1.0,1.0,0.252967,4899.9,49.9,38.0,403.9,100.0,1.0
131158,821,159,-0.034967,0.64794,-0.349999,0.001346,0.0,0.00136288,-0.218291,-1.0,-0.851763,0.647532,0.221068,2185.0,33.2,34.6,472.0,100.0,1.0
131319,822,161,-5.396544,0.542664,0.648372,0.000365,0.0,0.00133289,-0.468274,-1.0,-0.944519,-0.230926,0.155841,2096.9,68.2,18.5,599.3,100.0,1.0
131476,823,157,-4.90973,0.2,-0.437022,0.0,0.0,0.0008684,-0.367114,-1.0,-0.786208,0.001545,0.111304,1815.0,45.3,13.6,876.1,100.0,1.0
131633,824,157,1.119586,0.325067,-0.368186,0.001349,5e-06,0.00126738,-0.146311,-1.0,-0.594436,0.720709,0.151658,2520.7,36.6,21.9,486.3,100.0,1.0
131794,825,161,1.458707,0.832478,-0.215656,0.0,0.0,0.00100091,-0.092574,-1.0,-0.361964,0.780502,0.115794,2776.0,39.0,15.3,626.5,100.0,1.0
131950,826,156,-4.910481,0.2,-0.429786,0.0,0.054351,0.00124716,-0.425199,-1.0,-1.0,-0.039056,0.181376,1769.8,46.0,25.9,508.2,100.0,1.0
132112,827,162,0.197808,0.2,0.704625,0.0,0.0,0.00187312,-0.294133,-1.0,0.202523,0.016752,0.198316,2272.2,55.9,27.6,439.5,100.0,1.0
132269,828,157,-5.186521,0.2,-0.569412,0.001774,0.428452,0.00091714,-0.387543,-1.0,-0.890247,-0.052523,0.093605,1581.3,41.7,11.0,772.7,100.0,1.0
132430,829,161,-3.510055,0.2,-0.310568,0.0,0.157467,0.00080286,-0.294053,-1.0,-0.521567,0.179776,0.130939,3026.6,64.1,14.6,864.1,100.0,1.0
132593,830,163,-2.137557,0.861019,-0.447306,0.0,0.0,0.00126715,-0.30685,-1.0,-0.645297,0.222779,0.169011,2386.6,48.8,23.4,649.6,100.0,1.0
132752,831,159,-2.437001,0.526414,0.696932,0.007777,0.0,0.00222684,-0.468643,-1.0,-0.164803,-0.49147,0.156347,1657.8,81.5,16.8,410.9,100.0,1.0
132917,832,165,-3.238527,0.524059,-0.34131,0.0,0.0,0.00117397,-0.345737,-1.0,-0.931747,0.205233,0.183234,2355.0,48.9,25.9,802.8,100.0,1.0
133081,833,164,7.681196,0.486628,-0.386664,0.008183,0.0,0.00207548,0.02024,-0.885914,0.956786,0.645079,0.135667,4244.7,64.5,15.4,467.6,100.0,1.0
133241,834,160,3.78209,0.503671,-0.395438,0.0,1.4e-05,0.00170144,-0.094632,-1.0,0.824092,0.440558,0.169169,3465.8,60.1,21.9,604.6,100.0,1.0
133401,835,160,6.572792,0.541422,-0.132599,0.0,3e-06,0.00141397,0.082285,-0.955494,0.903244,1.0,0.197616,3979.6,48.7,28.4,623.0,100.0,1.0
133557,836,156,5.293038,0.504666,-0.128142,0.013415,3e-06,0.00113557,0.071219,-0.955549,0.712799,1.0,0.174783,3979.4,47.8,24.5,566.5,100.0,1.0
133711,837,154,10.173181,0.485222,-0.118828,0.0,0.0,0.00217994,0.141566,-0.808738,1.0,0.980342,0.143862,4538.7,57.3,17.8,473.1,100.0,1.0
133872,838,161,-1.969342,0.895926,-0.378506,0.0,0.0,0.00124025,-0.29204,-1.0,-0.943458,0.341379,0.143164,2272.8,42.4,19.7,800.0,100.0,1.0
134032,839,160,4.347406,1.0,-0.1328,0.0,0.0,0.00125158,0.003704,-0.990216,-0.071517,1.0,0.118829,3847.3,48.0,14.6,436.4,100.0,1.0
134187,840,155,-4.279857,0.2,-0.48746,0.0,0.050573,0.00099821,-0.355409,-1.0,-0.67585,0.067133,0.165612,2010.5,47.1,23.0,525.1,100.0,1.0
134345,841,158,-1.290505,0.671164,-0.441596,0.0,1.9e-05,0.00121676,-0.252706,-1.0,-0.327434,0.327881,0.19522,2325.8,43.8,28.7,647.6,100.0,1.0
134506,842,161,4.244826,0.526879,-0.114286,0.0,0.0,0.00118107,0.008845,-1.0,-0.06093,1.0,0.100177,3511.7,41.8,12.1,619.6,100.0,1.0
134664,843,158,-5.502699,0.333628,-0.389121,0.001056,0.0,0.00086851,-0.395103,-1.0,-0.750819,-0.089306,0.123511,2010.9,55.2,14.5,777.7,100.0,1.0
134823,844,159,8.699257,0.562457,-0.011927,0.004669,1e-05,0.00191354,0.103432,-0.848992,0.843528,0.97217,0.172355,4385.3,55.6,23.1,549.4,100.0,1.0
134986,845,163,-0.767458,0.469705,0.689188,0.004505,0.0,0.00267365,-0.611469,-1.0,-0.976109,-0.567002,0.267878,1559.5,90.0,35.4,367.7,100.0,1.0
135137,846,151,-5.744727,1.0,-0.528323,0.0,0.0,0.00129939,-0.465874,-1.0,-1.0,-0.186606,0.171121,1746.8,53.7,23.1,368.1,100.0,1.0
135295,847,158,3.990293,0.339179,-0.160369,0.000538,0.000107,0.00116008,0.004004,-0.969594,0.652139,0.780214,0.151072,3925.8,55.1,19.4,593.7,100.0,1.0
135460,848,165,-2.460831,0.2,-0.280211,0.0,5e-06,0.00122625,-0.317733,-1.0,-1.0,0.258911,0.129734,2416.1,48.0,16.5,499.8,100.0,1.0
135624,849,164,-4.590637,0.350743,0.624534,0.0,0.0,0.0015628,-0.577107,-1.0,-1.0,-0.509009,0.212585,1366.4,69.6,28.3,540.3,100.0,1.0
135788,850,164,-4.895845,0.35176,0.682565,0.000309,2e-06,0.00143531,-0.465064,-1.0,-0.957258,-0.197182,0.171954,1863.3,58.0,22.7,554.4,100.0,1.0
135944,851,156,3.079914,0.2,-0.312804,0.0,0.294317,0.00154796,-0.096986,-1.0,-0.872474,1.0,0.170681,2286.0,28.1,26.4,503.2,100.0,1.0
136101,852,157,-4.205573,0.737045,0.744198,0.001898,0.0,0.00170475,-0.464862,-1.0,-0.527343,-0.201414,0.290582,2163.9,67.7,42.3,478.6,100.0,1.0
136265,853,164,-2.594773,-0.002683,-0.353655,0.0,0.0,0.00121651,-0.321117,-1.0,-0.714856,0.135969,0.115492,2456.0,54.0,13.2,673.7,100.0,1.0
136429,854,164,-0.646365,1.0,-0.368665,0.0,0.0,0.00115862,-0.220253,-1.0,-0.375903,0.34188,0.100649,2540.7,47.3,11.5,491.1,100.0,1.0
136592,855,163,-0.127684,0.907254,-0.365755,0.004668,2.4e-05,0.00141257,-0.236181,-1.0,0.186845,0.183479,0.171169,3634.2,76.8,20.0,570.4,100.0,1.0
136752,856,160,5.84158,0.2,-0.182622,0.0,0.000315,0.00114958,0.089707,-0.836556,0.652046,1.0,0.189596,4432.7,48.6,27.0,331.4,100.0,1.0
136914,857,162,-1.767241,0.771916,0.678295,0.002595,1e-06,0.00164916,-0.34989,-1.0,-0.336405,0.042306,0.225546,2571.0,61.7,31.6,662.0,100.0,1.0
137081,858,167,-3.245977,0.658452,-0.501504,0.0,0.0,0.00100158,-0.31919,-1.0,-0.511564,0.186153,0.211083,2289.3,48.3,30.9,383.9,100.0,1.0
137241,859,160,3.983065,0.251416,-0.462771,0.0,0.009859,0.00210685,-0.150668,-1.0,0.523715,0.315689,0.136418,3766.3,71.6,14.6,457.8,100.0,1.0
137405,860,164,9.833123,0.2,-0.053882,0.0,8e-06,0.00186652,0.154277,-0.703508,0.809613,1.0,0.145163,4939.6,45.8,19.6,398.3,100.0,1.0
137566,861,161,-0.624976,0.2,-0.338587,0.0,0.034409,0.0011053,-0.207157,-1.0,-0.26339,0.413425,0.1567,2690.1,47.6,21.4,919.7,100.0,1.0
137724,862,158,3.392021,0.497599,-0.192424,0.0,6e-06,0.00097768,0.004303,-1.0,-0.041159,1.0,0.118802,3301.8,40.0,15.7,663.3,100.0,1.0
137883,863,159,5.099303,1.0,-0.147837,0.001076,0.0,0.00127506,0.035851,-0.982002,0.280381,1.0,0.133391,3878.6,47.7,17.2,718.7,100.0,1.0
138043,864,160,-6.316889,0.350329,-0.509305,0.00044,0.000108,0.00107154,-0.501814,-1.0,-1.0,-0.324741,0.155404,1221.4,45.2,21.4,468.3,100.0,1.0
138199,865,156,-1.760478,0.845931,-0.373317,0.0,0.0,0.00117934,-0.266283,-1.0,-0.777385,0.376094,0.146779,2502.1,45.5,19.9,849.8,100.0,1.0
138360,866,161,0.140339,0.683351,-0.267099,0.003979,0.0,0.00126582,-0.197177,-1.0,-0.62001,0.575562,0.165272,2881.0,45.7,23.1,546.7,100.0,1.0
138522,867,162,-5.065871,0.690967,-0.41315,0.000404,0.0,0.00091702,-0.385392,-1.0,-0.52807,-0.057477,0.186692,2305.0,61.1,24.9,844.8,100.0,1.0
138673,868,151,-2.625725,0.2,-0.351918,0.0,0.033775,0.00107436,-0.284937,-1.0,-0.980768,0.389363,0.153341,1887.6,34.0,22.6,765.9,100.0,1.0
138840,869,167,5.346238,0.422571,-0.000653,0.0,4e-06,0.00157244,-0.012717,-0.994845,0.526377,0.743906,0.113759,3829.6,54.9,12.8,969.7,100.0,1.0
139000,870,160,0.881979,0.665794,-0.511425,0.001742,0.0,0.00182993,-0.251553,-1.0,0.029699,0.153108,0.144157,2508.8,54.4,18.2,470.3,100.0,1.0
139158,871,158,2.456913,0.910759,-0.243353,0.0,0.0,0.00118021,-0.07167,-1.0,-0.483532,0.967897,0.181961,3197.1,40.6,26.7,600.6,100.0,1.0
139315,872,157,4.246462,0.561705,-0.102528,0.0,2e-06,0.00145336,-0.029856,-1.0,-0.327681,1.0,0.134536,3324.8,37.8,18.7,590.5,100.0,1.0
139478,873,163,-4.862024,0.553198,-0.478551,0.0,0.0,0.00089337,-0.372593,-1.0,-1.0,0.096495,0.14726,2092.9,47.7,19.7,599.7,100.0,1.0
139638,874,160,-0.529366,0.631757,-0.294666,0.000489,0.0,0.00113521,-0.206291,-1.0,-0.115875,0.366074,0.155786,3078.4,56.3,20.0,1020.8,100.0,1.0
139797,875,159,-2.060793,0.726497,-0.378487,0.000587,0.0,0.00127273,-0.298484,-1.0,-1.0,0.336751,0.141455,1804.5,33.7,20.5,525.0,100.0,1.0
139956,876,159,-5.382857,0.713437,0.636005,0.00017,0.0,0.00137256,-0.469387,-1.0,-0.973276,-0.192619,0.183638,1795.1,55.6,25.1,527.3,100.0,1.0
140121,877,165,-1.746946,0.2,-0.314347,0.0,0.077149,0.00117562,-0.27543,-1.0,-0.902451,0.415937,0.171333,2423.5,42.8,24.6,856.0,100.0,1.0
140283,878,162,-2.09346,0.2,0.704672,0.0,0.220976,0.00204059,-0.428297,-1.0,-0.440739,-0.237669,0.17978,2127.6,69.8,22.5,734.3,100.0,1.0
140444,879,161,1.061938,0.2,-0.421844,0.0,0.030772,0.00105222,-0.119831,-1.0,0.470417,0.448044,0.146532,2938.5,50.7,19.1,471.3,100.0,1.0
140599,880,155,-1.59261,0.206283,-0.483117,0.0,0.0,0.00119452,-0.25936,-1.0,-0.574839,0.326483,0.142346,2044.0,38.5,20.0,693.4,100.0,1.0
140763,881,164,0.879884,0.20441,-0.175851,0.000921,0.0054,0.00115565,-0.148459,-1.0,0.187801,0.577592,0.258619,3511.6,55.6,38.3,803.5,100.0,1.0
140922,882,159,-2.71996,0.963062,-0.493709,0.004473,0.0,0.00130516,-0.334245,-1.0,-0.733449,0.151132,0.160684,2212.8,48.1,22.0,410.1,100.0,1.0
141083,883,161,-3.139322,0.818396,-0.333335,0.0,2e-06,0.0009012,-0.291354,-1.0,-0.729876,0.333632,0.195588,2524.0,47.3,28.3,830.8,100.0,1.0
141244,884,161,6.34316,0.2,-0.124524,0.0,0.047071,0.00096401,0.140305,-0.704952,0.792347,1.0,0.17912,4934.1,54.4,24.4,854.9,100.0,1.0
141403,885,159,-0.917559,0.207251,-0.417512,0.0,0.0,0.00101288,-0.203733,-1.0,-0.339812,0.380001,0.096434,2758.9,50.0,10.4,517.3,100.0,1.0
141562,886,159,2.401738,0.2,-0.349292,0.0,0.075422,0.00178749,-0.172372,-1.0,0.485516,0.192834,0.08221,2776.8,58.2,6.8,908.5,100.0,1.0
141724,887,162,7.550904,0.833832,-0.165217,0.0,0.0,0.00124665,0.149535,-0.705634,0.826147,1.0,0.161917,4931.5,57.4,21.0,546.7,100.0,1.0
141881,888,157,-1.695147,0.2,-0.318285,0.0,0.0,0.00114997,-0.259381,-1.0,-0.715096,0.389248,0.15613,2409.1,43.4,21.8,594.1,100.0,1.0
142044,889,163,-3.521412,0.563616,0.693652,0.003006,0.0,0.00186873,-0.480872,-1.0,-0.232693,-0.415938,0.236632,1999.0,85.6,30.4,512.3,100.0,1.0
142208,890,164,-3.163533,0.46472,-0.348207,0.0,0.0,0.0010261,-0.315431,-1.0,-0.784013,0.178502,0.115943,2111.6,44.8,14.5,731.5,100.0,1.0
142363,891,155,0.325188,1.0,-0.355845,0.0,0.0,0.00138449,-0.199421,-1.0,-0.757986,0.608868,0.160807,2290.0,35.6,23.7,404.5,100.0,1.0
142526,892,163,4.347965,0.451442,-0.195547,0.0,1.6e-05,0.00160858,-0.059985,-1.0,0.255936,0.696929,0.127593,3770.8,55.6,15.2,603.7,100.0,1.0
142687,893,161,1.411252,0.2,-0.21718,0.000457,0.35,0.00133339,-0.14902,-1.0,0.386229,0.349865,0.12172,3402.0,63.0,13.1,735.0,100.0,1.0
142844,894,157,-1.19427,0.469279,-0.292308,0.006897,0.0,0.00108778,-0.226241,-1.0,-0.129667,0.338109,0.184878,3253.1,60.8,24.6,955.1,100.0,1.0
143001,895,157,1.857085,0.359031,-0.252301,0.0,0.0,0.00108281,-0.083672,-1.0,-0.264271,0.75238,0.09417,3321.7,47.4,10.3,620.8,100.0,1.0
143162,896,161,0.324055,0.454279,-0.292772,0.0,7.8e-05,0.0013591,-0.203716,-1.0,-0.70767,0.644449,0.217953,2790.8,42.4,32.8,473.8,100.0,1.0
143320,897,158,-0.878964,0.2,-0.302921,0.00142,0.105727,0.00106571,-0.20915,-1.0,-0.459073,0.456079,0.143047,2673.5,45.9,19.2,769.2,100.0,1.0
143481,898,161,3.031341,0.679344,-0.216846,0.0,0.0,0.00089634,-0.003556,-1.0,0.082106,0.972868,0.15322,3563.6,45.2,21.1,662.4,100.0,1.0
143643,899,162,-2.823539,0.340409,-0.463352,0.0,8.8e-05,0.00147666,-0.370248,-1.0,-0.371712,0.026016,0.259661,2640.0,64.3,37.3,535.8,100.0,1.0
143798,900,155,3.602282,0.925017,-0.298501,0.0,0.0,0.00116039,-0.012678,-1.0,-0.29308,1.0,0.095343,3099.2,35.4,12.1,401.5,100.0,1.0
143961,901,163,4.479723,0.380173,-0.194078,0.0,0.0,0.00104517,0.037451,-0.933063,0.182385,1.0,0.135776,4065.0,49.2,17.5,738.3,100.0,1.0
144124,902,163,7.027548,0.451601,-0.128615,0.0,0.0,0.00129301,0.115107,-0.745594,0.423774,1.0,0.116777,4779.3,47.1,14.4,503.8,100.0,1.0
144288,903,164,-5.085783,0.454927,-0.416154,0.0,1.5e-05,0.00111037,-0.417864,-1.0,-0.826552,-0.15349,0.111891,2061.6,60.9,11.7,885.2,100.0,1.0
144445,904,157,-3.284829,0.638914,-0.368566,0.001511,1.2e-05,0.00124671,-0.347981,-1.0,-0.976131,0.163906,0.141541,2144.0,46.1,18.9,876.8,100.0,1.0
144609,905,164,-2.174189,1.0,0.6,0.003358,0.0,0.00223484,-0.610424,-1.0,-1.0,-0.684468,0.157381,1059.3,83.9,16.7,240.8,100.0,1.0
144767,906,158,2.247322,0.2,-0.33867,0.0,0.080283,0.00109866,-0.069352,-1.0,0.257551,0.777275,0.223685,3182.5,44.8,33.5,529.9,100.0,1.0
144926,907,159,-1.684658,0.220109,-0.363365,0.0,0.025403,0.00128145,-0.281815,-1.0,-0.947414,0.309846,0.085793,2054.2,39.2,10.0,681.4,100.0,1.0
145086,908,160,3.742277,0.869191,-0.308148,0.0,0.0,0.00170456,-0.099271,-1.0,0.69413,0.423154,0.130372,3678.4,64.6,14.5,469.7,100.0,1.0
145258,909,172,2.822058,0.303033,-0.247413,0.001742,0.008495,0.00098475,-0.038592,-1.0,-0.582163,0.999883,0.086687,2982.1,37.3,10.4,897.5,100.0,1.0
145419,910,161,6.938747,1.0,0.74285,0.000671,0.0,0.00231013,-0.050542,-0.943118,1.0,0.406714,0.105076,4026.7,71.6,9.1,498.9,100.0,1.0
145575,911,156,-4.704928,0.2,0.654587,0.000847,0.0,0.0015875,-0.582084,-1.0,-1.0,-0.633855,0.119794,1027.7,70.2,11.9,807.7,100.0,1.0
145736,912,161,11.449493,1.0,-0.10207,0.0,0.0,0.00235353,0.151681,-0.714897,1.0,0.925313,0.134824,4896.2,63.6,15.4,513.5,100.0,1.0
145895,913,159,-3.492706,0.606618,-0.398642,0.0,0.0,0.00131615,-0.371159,-1.0,-1.0,0.087716,0.135638,1689.8,38.8,18.8,475.5,100.0,1.0
146064,914,169,1.206828,0.242432,-0.099035,0.001207,0.047581,0.00113388,-0.13564,-1.0,-0.284674,0.579582,0.088707,3695.2,58.5,7.9,925.6,100.0,1.0
146223,915,159,5.635734,0.232925,-0.438298,0.0,3.2e-05,0.00215198,-0.081024,-1.0,0.558274,0.556626,0.153825,3544.0,56.9,19.6,375.6,100.0,1.0
146381,916,158,-0.154938,0.2,-0.405191,0.0,0.0,0.00121772,-0.199543,-1.0,-0.274276,0.394028,0.115211,2547.5,45.7,14.3,662.7,100.0,1.0
146545,917,164,-6.654439,0.2,-0.515605,0.004246,0.0,0.00092904,-0.460737,-1.0,-0.869426,-0.136145,0.237003,2029.6,58.7,34.1,884.9,100.0,1.0
146701,918,156,-2.92787,1.0,-0.398513,0.015174,0.0,0.00133655,-0.344131,-1.0,-1.0,0.24702,0.194964,1975.7,39.6,29.2,351.7,100.0,1.0
146860,919,159,-4.497868,0.458309,-0.441583,0.0,3e-06,0.00100645,-0.36839,-1.0,-1.0,0.055118,0.099786,1770.8,42.0,12.1,840.6,100.0,1.0
147018,920,158,4.643012,0.610494,-0.192279,0.0,0.0,0.00063618,0.114581,-0.844102,0.742782,1.0,0.139063,4404.0,54.3,17.4,944.0,100.0,1.0
147170,921,152,3.821096,0.2,-0.15811,0.0,0.081654,0.00103497,0.019686,-0.911141,-0.133939,1.0,0.111813,4148.6,46.0,13.6,509.6,100.0,1.0
147325,922,155,-5.491078,0.352361,-0.44548,0.000718,0.012989,0.00059998,-0.347337,-1.0,-0.690302,0.21296,0.263413,2258.1,46.5,40.3,831.2,100.0,1.0
147488,923,163,3.434996,0.833852,-0.189581,0.0,0.0,0.00131738,-0.055623,-1.0,-0.624158,1.0,0.12345,3095.0,38.7,16.7,552.6,100.0,1.0
147654,924,166,4.882634,0.79498,-0.160984,0.001024,0.0,0.00171744,-0.059033,-0.924899,0.513565,0.616863,0.183497,4096.1,63.3,24.0,421.4,100.0,1.0
147810,925,156,-3.279861,1.0,0.660342,0.001057,0.0,0.00171877,-0.419961,-1.0,-0.932371,-0.098638,0.134663,2067.6,57.3,16.2,493.8,100.0,1.0
147967,926,157,2.146312,1.0,-0.126648,0.0,0.0,0.00126669,-0.099496,-1.0,-0.571626,0.807844,0.099105,3243.8,44.9,11.6,604.9,100.0,1.0
148119,927,152,5.427932,0.468957,-0.081436,0.0,0.0,0.00122199,0.065407,-0.906483,0.373568,1.0,0.129511,4166.3,39.4,17.6,600.1,100.0,1.0
148278,928,159,-2.98795,0.772611,-0.404679,0.0,0.0,0.00102124,-0.300555,-1.0,-0.368185,0.183045,0.196143,2649.7,56.0,27.2,484.0,100.0,1.0
148435,929,157,6.888164,0.2,-0.073039,0.0,0.090467,0.00156973,0.072105,-0.895203,1.0,0.800789,0.126661,4209.3,58.4,14.6,756.3,100.0,1.0
148598,930,163,10.983547,0.721003,-0.105138,0.005558,0.0,0.00224003,0.142891,-0.676042,0.769844,0.968201,0.158697,5044.3,64.1,19.5,364.4,100.0,1.0
148753,931,155,3.258329,0.638206,-0.201097,0.0,0.0,0.00116507,-0.029785,-1.0,-0.296282,0.962538,0.111194,2945.9,37.5,14.7,737.2,100.0,1.0
148908,932,155,0.126272,1.0,-0.468486,0.0,0.0,0.001548,-0.234057,-1.0,-0.403503,0.30739,0.102641,2604.5,49.8,11.5,296.5,100.0,1.0
149070,933,162,-3.822552,0.865154,-0.458503,0.001096,0.0,0.00129429,-0.386454,-1.0,-1.0,0.032275,0.131819,2120.8,51.4,16.5,483.3,100.0,1.0
149226,934,156,-0.668398,1.0,-0.311678,0.0,0.0,0.00113809,-0.208405,-1.0,-0.741043,0.514309,0.110266,2478.2,40.9,14.0,674.9,100.0,1.0
149388,935,162,5.473414,0.421995,-0.005835,0.0,0.0,0.00127759,0.046072,-0.782523,0.880686,0.719166,0.177473,4638.6,67.5,22.4,560.2,100.0,1.0
149539,936,151,6.67786,0.2,-0.104786,0.0,0.214532,0.00147125,0.086442,-0.901243,0.85788,0.937754,0.158176,4186.3,54.0,20.8,524.6,100.0,1.0
149696,937,157,5.472566,0.512931,0.714571,0.002049,0.0,0.00255218,-0.147896,-1.0,0.797227,0.242169,0.143626,2861.4,57.6,17.7,350.0,100.0,1.0
149855,938,159,-4.415179,0.306171,0.658195,0.00166,0.024058,0.00163966,-0.516271,-1.0,-1.0,-0.425039,0.110742,1306.2,56.8,12.0,547.4,100.0,1.0
150009,939,154,-4.919612,0.2,0.690147,0.0007,0.101244,0.001237,-0.417927,-1.0,-0.77205,-0.179179,0.105625,1834.2,55.9,11.2,779.5,100.0,1.0
150171,940,162,-2.672853,0.457819,0.68283,0.0,1.2e-05,0.0021091,-0.480369,-1.0,-0.388776,-0.458593,0.15404,1552.8,71.7,17.7,434.4,100.0,1.0
150334,941,163,2.18608,0.074809,-0.353955,0.0,0.0,0.00139553,-0.126358,-1.0,0.135818,0.586175,0.187978,3362.4,53.0,26.2,228.8,100.0,1.0
150499,942,165,4.66641,1.0,-0.317215,0.0,0.0,0.00146698,-0.026355,-1.0,-0.289356,1.0,0.135485,3561.3,41.5,18.4,457.6,100.0,1.0
150656,943,157,5.090136,0.2,-0.024855,0.0,0.020352,0.00092644,0.089732,-0.999587,0.72486,1.0,0.093877,3811.6,47.3,10.3,845.4,100.0,1.0
150816,944,160,0.410934,1.0,-0.344181,0.0,0.0,0.00143169,-0.210041,-1.0,0.075985,0.249372,0.121289,3478.3,69.6,12.2,504.7,100.0,1.0
150975,945,159,7.187533,0.2,-0.021649,0.0,0.032798,0.0013505,0.117153,-0.72196,0.27061,1.0,0.084052,4869.3,41.6,9.3,601.6,100.0,1.0
151133,946,158,-3.194466,0.2,0.6,0.000465,0.148793,0.0020009,-0.588611,-1.0,-0.886869,-0.712993,0.102934,852.2,74.2,8.3,451.6,100.0,1.0
151292,947,159,-5.5486,0.976671,0.689803,0.001911,0.0,0.00124897,-0.454827,-1.0,-0.929818,-0.176888,0.167941,1590.7,48.3,23.2,505.9,100.0,1.0
151442,948,150,-1.794489,0.428883,-0.429689,0.0,0.0,0.00107395,-0.243912,-1.0,-0.466224,0.343286,0.143644,2283.3,42.5,19.7,550.2,100.0,1.0
151606,949,164,6.643526,0.2,-0.006262,0.009317,0.04088,0.00099288,0.143851,-0.751602,0.703922,1.0,0.110401,4756.4,48.0,13.1,622.0,100.0,1.0
151765,950,159,2.941681,1.0,-0.157826,0.000619,0.000122,0.00112291,-0.042759,-1.0,0.147917,0.761112,0.102526,3787.5,53.8,11.0,465.1,100.0,1.0
151925,951,160,-4.208971,0.497149,-0.463142,0.0,8e-06,0.000867,-0.332896,-1.0,-0.514932,0.0482,0.131037,2536.5,60.5,15.1,732.5,100.0,1.0
152089,952,164,5.375953,0.569744,-0.281006,0.0,4e-06,0.00220742,-0.114059,-0.896712,0.538835,0.368724,0.155377,4203.5,76.8,17.3,684.6,100.0,1.0
152245,953,156,2.054497,0.688589,-0.345719,0.0,0.0,0.00116669,-0.087136,-1.0,-0.485937,0.845245,0.12033,2959.2,40.1,15.9,463.9,100.0,1.0
152405,954,160,2.821813,0.872927,-0.431282,0.000335,0.0,0.00192254,-0.177396,-1.0,0.615738,0.175031,0.118513,3281.2,69.8,11.7,488.8,100.0,1.0
152566,955,161,5.46302,0.723197,-0.174998,0.000958,0.0,0.00148999,0.012187,-1.0,0.157141,1.0,0.152935,3770.9,42.3,21.4,385.3,100.0,1.0
152723,956,157,-0.364276,0.656102,0.723708,0.0,0.0,0.00225185,-0.37043,-1.0,0.237519,-0.27619,0.175214,2174.1,75.1,21.0,449.5,100.0,1.0
152884,957,161,-1.135547,0.444881,-0.384416,0.000122,0.0,0.00122101,-0.248928,-1.0,0.022462,0.243627,0.212177,2813.2,56.6,30.0,558.0,100.0,1.0
153043,958,159,2.963283,0.477049,-0.207187,0.0,6e-06,0.00131202,-0.071895,-1.0,-0.447916,0.886116,0.122681,3405.7,45.1,15.7,476.9,100.0,1.0
153202,959,159,-3.418659,0.2,0.681662,0.01248,0.0,0.00192382,-0.468494,-1.0,-0.270956,-0.42658,0.181213,1588.0,69.2,22.8,442.7,100.0,1.0
153361,960,159,-1.196878,0.593389,-0.470265,0.0,0.0,0.00149812,-0.293357,-1.0,-0.122346,0.04035,0.123507,2879.0,69.2,12.6,632.1,100.0,1.0
153521,961,160,-2.350672,1.0,-0.426325,0.0,0.0,0.00118291,-0.297606,-1.0,-0.388768,0.128916,0.135441,2651.7,58.7,16.1,589.4,100.0,1.0
153687,962,166,5.569481,0.675707,-0.086581,0.0,0.0,0.00158699,-0.006697,-0.849824,0.312316,0.699302,0.10075,4382.2,64.5,9.2,426.1,100.0,1.0
153847,963,160,-2.193584,0.733342,-0.482651,0.0,0.0,0.00125797,-0.302335,-1.0,-0.595334,0.201412,0.152072,2472.4,51.4,20.0,384.6,100.0,1.0
154010,964,163,0.582197,0.521068,0.714887,0.0,0.0,0.0019943,-0.298243,-1.0,0.016122,0.056613,0.19097,2827.5,66.9,24.8,321.5,100.0,1.0
154172,965,162,-2.584934,0.949351,0.651766,0.004577,0.0,0.00172471,-0.398496,-1.0,0.099745,-0.294672,0.200197,2089.7,74.1,25.5,291.0,100.0,1.0
154339,966,167,-2.098243,0.296358,-0.39182,0.0,0.009544,0.00126643,-0.308132,-1.0,-0.840968,0.219283,0.113772,2253.8,46.2,14.0,691.3,100.0,1.0
154502,967,163,-4.471446,0.2,-0.426037,0.0,0.448529,0.00127302,-0.413482,-1.0,-1.0,-0.055548,0.133765,2194.8,58.1,15.9,577.6,100.0,1.0
154667,968,165,6.478183,0.918003,-0.072287,0.0,0.0,0.00129262,0.085102,-0.722118,0.169793,1.0,0.146708,4868.7,55.7,18.5,660.7,100.0,1.0
154832,969,165,1.313236,0.424753,-0.171269,0.0,1e-06,0.00103233,-0.109827,-1.0,-0.386399,0.723329,0.109103,2977.2,43.2,13.5,887.4,100.0,1.0
154991,970,159,9.646813,0.2,-0.136045,0.0,0.074861,0.00171416,0.171516,-0.702917,1.0,1.0,0.150727,4941.9,57.4,19.0,424.9,100.0,1.0
155150,971,159,0.852869,0.61501,-0.250779,0.007663,0.0,0.00140917,-0.184764,-1.0,-0.895405,0.671292,0.133175,2401.4,35.9,18.7,861.8,100.0,1.0
155312,972,162,-4.028597,0.629019,0.636907,0.0,0.0,0.00171576,-0.543246,-1.0,-1.0,-0.41096,0.199879,1472.3,62.5,27.0,504.8,100.0,1.0
155469,973,157,7.545536,0.40746,-0.118338,0.0,0.0,0.00107276,0.178812,-0.662439,0.924942,1.0,0.13735,5096.1,48.2,17.9,619.8,100.0,1.0
155632,974,163,-4.264975,0.091275,-0.45775,0.0,0.0,0.00141624,-0.427103,-1.0,-1.0,0.098214,0.304477,2201.4,50.1,47.1,301.8,100.0,1.0
155791,975,159,-1.156843,0.454386,-0.434708,0.0,0.0,0.00102201,-0.215679,-1.0,-0.16242,0.340252,0.147178,2718.4,50.7,19.3,492.7,100.0,1.0
155961,976,170,3.160873,0.2,-0.157199,0.0,0.127363,0.00110443,-0.042335,-0.955664,0.188606,0.758991,0.14279,3978.9,56.6,17.7,768.3,100.0,1.0
156124,977,163,1.086629,0.240054,0.670825,0.0,8.4e-05,0.00203889,-0.282383,-1.0,-0.056162,0.06085,0.128633,2774.7,65.4,14.0,542.8,100.0,1.0
156282,978,158,2.894613,0.597617,-0.175921,0.0,0.0,0.00137724,-0.084473,-1.0,-0.655298,0.865721,0.081883,3124.0,41.9,8.9,476.3,100.0,1.0
156435,979,153,3.000529,0.617092,-0.188135,0.0,0.0,0.00124009,-0.051786,-1.0,-0.548563,1.0,0.134084,2985.3,37.3,18.7,551.3,100.0,1.0
156590,980,155,6.510127,0.7505,-0.092537,0.002742,0.0,0.00180513,0.019373,-0.865375,0.685991,0.742974,0.159355,4322.9,62.0,19.9,379.4,100.0,1.0
156750,981,160,-2.953112,0.411489,0.6,0.000118,5.6e-05,0.00204011,-0.640962,-1.0,-1.0,-0.79065,0.15362,907.2,108.3,12.8,597.3,100.0,1.0
156908,982,158,0.574099,0.429224,-0.178237,0.0,5e-06,0.00111378,-0.149545,-1.0,0.087004,0.504388,0.170176,3500.3,58.2,22.3,689.3,100.0,1.0
157073,983,165,1.529674,0.2,0.727705,0.000424,1.8e-05,0.0021608,-0.286277,-1.0,0.308602,-0.038506,0.158814,3009.4,78.2,17.7,470.8,100.0,1.0
157232,984,159,2.502824,0.2,0.77875,0.005392,0.0,0.00208252,-0.21611,-1.0,0.764704,0.063127,0.175767,3516.6,82.7,20.1,540.1,100.0,1.0
157388,985,156,-5.675002,0.723869,0.651513,0.0,0.0,0.00129576,-0.495473,-1.0,-1.0,-0.353294,0.112813,1416.4,54.8,12.7,507.5,100.0,1.0
157549,986,161,-4.486943,0.2,-0.460356,0.000478,0.0,0.00114293,-0.390185,-1.0,-0.9908,0.028957,0.142264,1888.5,45.9,19.0,484.2,100.0,1.0
157711,987,162,4.5217,0.462997,-0.255006,0.007043,6e-06,0.00101404,0.043492,-0.950812,0.790116,0.853871,0.154222,3997.4,53.9,20.1,711.9,100.0,1.0
157869,988,158,6.235584,1.0,-0.100022,0.0,0.0,0.00148265,0.05217,-0.913149,0.123202,1.0,0.091036,4140.9,46.0,10.0,321.1,100.0,1.0
158024,989,155,-3.064006,0.418368,0.649433,0.004885,2.1e-05,0.00207285,-0.592118,-1.0,-0.722912,-0.647919,0.215575,1266.5,89.9,26.1,353.9,100.0,1.0
158186,990,162,4.542003,0.604475,-0.256157,0.0,0.0,0.0011454,0.023094,-0.981509,0.385222,0.97783,0.181143,3880.4,49.0,25.5,352.1,100.0,1.0
158340,991,154,-6.310171,0.621029,0.692313,0.0,0.0,0.00112187,-0.504071,-1.0,-1.0,-0.37951,0.114909,1286.9,51.8,13.4,875.2,100.0,1.0
158505,992,165,4.541517,0.652026,0.764923,0.0,0.0,0.00266352,-0.231053,-1.0,0.871738,0.003356,0.197809,3405.5,84.9,23.7,500.1,100.0,1.0
158662,993,157,-4.343981,0.598566,0.674747,0.001422,1e-06,0.00167662,-0.514756,-1.0,-1.0,-0.406165,0.12259,1539.2,64.8,13.1,447.6,100.0,1.0
158820,994,158,-3.834397,0.2,0.609492,0.0,0.040332,0.00180775,-0.594287,-1.0,-1.0,-0.590144,0.192126,993.5,60.6,25.9,366.1,100.0,1.0
158977,995,157,-0.112648,0.281916,-0.424439,6.2e-05,0.041861,0.00118868,-0.191761,-1.0,-0.418822,0.483261,0.128162,2595.3,43.7,16.8,466.3,100.0,1.0
159134,996,157,0.362628,0.441143,-0.2667,0.007689,0.0,0.00079692,-0.108422,-1.0,0.346314,0.520525,0.140602,3800.4,62.5,16.5,980.7,100.0,1.0
159297,997,163,-2.629124,1.0,-0.388338,0.0,0.0,0.00134088,-0.339372,-1.0,-1.0,0.188532,0.131234,1947.3,41.0,17.7,495.0,100.0,1.0
159450,998,153,3.25101,0.2,-0.294137,0.0,0.0,0.00141701,-0.067376,-1.0,-0.752666,1.0,0.120312,2491.8,31.1,17.1,390.1,100.0,1.0
159603,999,153,0.408484,0.879051,0.728604,0.000346,0.0,0.00172093,-0.244508,-1.0,0.311118,0.047915,0.11427,2573.1,61.4,12.0,467.0,100.0,1.0
159761,1000,158,3.142186,0.155345,-0.154848,0.0,0.0,0.00132769,-0.065419,-1.0,-0.028222,0.782699,0.135448,3583.8,50.3,17.3,509.9,100.0,1.0
159923,1001,162,-2.948231,0.770315,-0.390558,0.0,0.0,0.0014353,-0.367903,-1.0,-1.0,0.049252,0.093368,2109.4,50.3,9.8,517.7,100.0,1.0
160080,1002,157,5.673792,0.860004,-0.131264,0.0,0.0,0.00143516,0.035216,-0.882587,-0.027687,1.0,0.118197,4257.3,42.3,15.3,403.0,100.0,1.0
160243,1003,163,-4.191952,0.557387,0.658308,0.0,2e-05,0.00165466,-0.51193,-1.0,-1.0,-0.350703,0.162055,1698.8,65.4,19.9,564.3,100.0,1.0
160402,1004,159,4.865475,0.2,-0.158864,0.0,0.236098,0.00131257,0.014665,-0.932538,0.003364,1.0,0.150105,4067.0,44.6,20.6,651.9,100.0,1.0
160559,1005,157,-0.397525,0.994387,-0.331219,0.0,0.0,0.00132556,-0.226319,-1.0,-1.0,0.509448,0.083295,2470.8,40.9,9.3,555.1,100.0,1.0
160723,1006,164,6.621202,0.2,-0.057545,0.0,5.8e-05,0.00135541,0.081518,-0.80364,0.159271,1.0,0.095712,4558.1,49.6,10.3,440.5,100.0,1.0
160886,1007,163,-2.66938,0.328964,-0.364788,0.0,1e-06,0.00128949,-0.332604,-1.0,-0.712545,0.110598,0.127225,2214.1,49.8,15.9,678.8,100.0,1.0
161040,1008,154,-3.669785,0.809237,0.6,0.005628,0.0,0.0019073,-0.642355,-1.0,-1.0,-0.736675,0.203865,1065.5,101.2,22.6,273.6,100.0,1.0
161198,1009,158,-0.665632,0.949392,-0.3067,0.0,0.0,0.00110673,-0.205359,-1.0,-0.228001,0.394357,0.145331,2998.0,53.8,18.5,673.6,100.0,1.0
161358,1010,160,6.252719,0.476936,-0.0151,0.0,3e-06,0.00099717,0.127219,-0.67133,0.522509,1.0,0.163426,5062.2,54.5,21.6,519.3,100.0,1.0
161521,1011,163,5.621123,1.0,-0.156096,0.0,0.0,0.00148501,0.015681,-0.927889,-0.186205,1.0,0.096361,4084.7,43.3,11.3,391.2,100.0,1.0
161682,1012,161,-3.045349,0.500481,-0.317824,0.0,4e-06,0.00122814,-0.337296,-1.0,-0.885949,0.129658,0.107425,2448.1,54.2,11.8,617.9,100.0,1.0
161841,1013,159,-1.357222,1.0,-0.381246,0.002383,0.0,0.00156607,-0.311202,-1.0,-1.0,0.241685,0.096306,2243.8,45.2,11.0,323.4,100.0,1.0
162000,1014,159,-3.728329,0.2,-0.41103,0.0,0.022866,0.00079317,-0.296976,-1.0,-0.319702,0.030173,0.068737,2856.0,69.3,3.0,1285.7,100.0,1.0
162163,1015,163,2.739936,1.0,0.806995,0.0,0.0,0.00260791,-0.299666,-1.0,0.500758,-0.114775,0.186599,3295.0,93.1,20.6,455.3,100.0,1.0
162320,1016,157,3.093146,0.526883,-0.348184,0.0,0.0,0.00202308,-0.175807,-1.0,0.509453,0.259483,0.155991,3748.7,74.4,17.7,430.6,100.0,1.0
162479,1017,159,2.955464,0.596393,-0.14947,0.012583,0.0,0.00105674,-0.032484,-1.0,-0.332643,0.994745,0.136125,3333.4,41.8,18.5,820.9,100.0,1.0
162639,1018,160,8.919321,0.505213,-0.040793,0.0,0.0,0.00137878,0.188231,-0.570717,0.80575,1.0,0.141899,5445.6,54.6,17.8,398.0,100.0,1.0
162802,1019,163,-5.861309,0.839154,0.721863,0.0,0.0,0.00118724,-0.47867,-1.0,-1.0,-0.303271,0.107682,1607.2,57.7,11.4,717.4,100.0,1.0
162961,1020,159,0.447486,0.2,-0.332507,0.0,0.350311,0.00101236,-0.140418,-1.0,0.129626,0.476728,0.132569,3603.0,61.0,15.3,467.4,100.0,1.0
163123,1021,162,6.810594,0.2,-0.316963,0.002441,0.35,0.00264797,-0.116991,-0.779229,0.634099,0.256339,0.178559,4651.1,92.6,19.3,480.4,100.0,1.0
163284,1022,161,7.444157,0.730041,-0.031185,0.0,0.0,0.00115536,0.155453,-0.604348,0.531918,1.0,0.133291,5317.4,61.3,15.4,1036.0,100.0,1.0
163445,1023,161,0.540617,0.433556,-0.178546,0.0,1.2e-05,0.00133368,-0.189897,-1.0,-0.517994,0.543268,0.145936,3194.7,51.8,18.9,652.4,100.0,1.0
163613,1024,168,8.66537,0.590145,-0.054855,0.001132,0.0,0.00123565,0.189714,-0.494387,0.703497,1.0,0.16297,5736.4,63.2,20.4,853.4,100.0,1.0
163767,1025,154,-2.515458,0.2,0.651583,0.0,0.030552,0.00175104,-0.384976,-1.0,-0.163724,-0.267252,0.109794,2211.0,75.4,9.4,695.9,100.0,1.0
163933,1026,166,10.151094,0.2,-0.021102,0.000535,0.010516,0.00176958,0.171576,-0.565327,0.635394,1.0,0.14466,5466.1,57.7,17.9,493.9,100.0,1.0
164095,1027,162,4.818022,0.714297,-0.095923,0.0,0.0,0.00162635,-0.042619,-0.7151,1.0,0.29638,0.150737,4895.5,94.4,14.1,611.4,100.0,1.0
164257,1028,162,10.066601,1.0,0.089946,0.0,0.0,0.00157128,0.206771,-0.440551,0.571218,1.0,0.114893,5941.5,69.8,11.0,641.8,100.0,1.0
164413,1029,156,-3.836721,1.0,-0.338549,0.013567,0.0,0.00093048,-0.320955,-1.0,-0.603057,0.141004,0.151286,2509.8,55.0,19.4,811.0,100.0,1.0
164578,1030,165,1.71489,0.497662,0.769842,5.9e-05,0.0,0.00217979,-0.281154,-1.0,0.897275,-0.173051,0.197046,3307.1,100.0,21.5,562.5,100.0,1.0
164744,1031,166,8.921778,0.2,-0.01141,0.000244,0.009761,0.00188161,0.096534,-0.60366,0.515558,0.814605,0.138538,5320.1,73.3,14.7,387.1,100.0,1.0
164906,1032,162,1.502335,0.467503,-0.275609,0.0,0.0,0.00112286,-0.113015,-1.0,-0.134491,0.664564,0.139814,3763.0,56.5,17.2,583.1,100.0,1.0
165058,1033,152,2.72354,0.273794,-0.204558,0.0,0.0,0.00177254,-0.144626,-1.0,0.058766,0.506718,0.150051,3687.0,61.2,18.4,355.1,100.0,1.0
165217,1034,159,-6.147947,0.2,-0.476985,0.002427,0.063107,0.00110288,-0.478482,-1.0,-0.972514,-0.319843,0.100794,1886.1,69.3,8.6,774.7,100.0,1.0
165380,1035,163,4.04515,0.276585,-0.020773,0.0,3e-06,0.00121631,-0.012904,-0.906652,0.024648,0.836478,0.113283,4165.7,56.7,12.5,901.0,100.0,1.0
165539,1036,159,1.677277,0.392977,-0.37141,0.0,1.4e-05,0.00180761,-0.210583,-1.0,0.408338,0.213645,0.187172,3609.8,74.4,23.2,688.3,100.0,1.0
165692,1037,153,-0.611248,0.2,0.696887,0.000585,0.246498,0.00275579,-0.450113,-1.0,0.473714,-0.61077,0.18358,1717.8,110.3,17.8,312.3,100.0,1.0
165855,1038,163,6.143865,0.2,-0.147218,0.0,0.00908,0.00139509,0.054323,-0.84737,0.105528,1.0,0.126822,4391.5,49.3,15.9,406.8,100.0,1.0
166014,1039,159,8.753128,0.587012,-0.068932,0.002854,2.5e-05,0.00122284,0.206812,-0.467463,0.64734,1.0,0.117302,5839.0,59.2,12.9,519.6,100.0,1.0
166171,1040,157,-2.511972,0.483671,0.692499,0.004869,5.6e-05,0.00220531,-0.569469,-1.0,-0.667896,-0.646924,0.167434,1276.1,90.4,17.6,364.1,100.0,1.0
166332,1041,161,-2.822626,0.456199,0.655451,0.000478,0.0,0.00206189,-0.576774,-1.0,-0.952272,-0.57371,0.169811,1505.5,88.3,18.3,433.4,100.0,1.0
166501,1042,169,5.8486,0.2,-0.03091,0.0,0.053656,0.00136037,0.038337,-0.697758,0.477216,0.726632,0.151242,4961.5,71.8,17.2,912.6,100.0,1.0
166662,1043,161,-0.199086,0.533184,-0.172515,0.0,1.3e-05,0.00101497,-0.172499,-1.0,-0.191473,0.467012,0.124158,3572.4,60.9,13.9,694.1,100.0,1.0
166814,1044,152,-3.982272,0.210087,0.649451,0.0,0.0,0.00183044,-0.517751,-1.0,-1.0,-0.359601,0.171058,1524.0,59.5,22.3,364.6,100.0,1.0
166973,1045,159,5.888554,1.0,-0.087308,0.0,0.0,0.00211035,-0.065596,-0.797289,0.944651,0.297628,0.142934,4582.3,88.3,13.5,482.2,100.0,1.0
167135,1046,162,5.132053,0.454366,-0.080485,0.006044,0.0,0.00163721,-0.029902,-0.891802,-0.186511,0.839935,0.115089,4222.2,57.4,12.7,771.5,100.0,1.0
167294,1047,159,4.772912,0.708207,-0.183646,0.003859,0.0,0.00130991,0.010594,-0.911998,-0.015865,0.952995,0.130625,4145.3,53.1,16.0,465.2,100.0,1.0
167449,1048,155,6.743583,0.2,-0.086084,0.0,0.017436,0.00130286,0.107184,-0.813055,0.667508,0.95135,0.119167,4522.3,57.9,13.4,840.2,100.0,1.0
167612,1049,163,10.768483,0.381755,-0.037742,0.0,0.0,0.00195872,0.174298,-0.635699,0.877225,0.956143,0.118121,5198.0,66.4,12.1,540.3,100.0,1.0
167773,1050,161,0.95324,0.417946,-0.139392,0.002364,0.0,0.00091767,-0.104025,-1.0,-0.084122,0.629841,0.098758,3225.1,49.5,10.9,957.2,100.0,1.0
167935,1051,162,2.240563,0.583796,0.782801,0.000381,0.0,0.00235548,-0.279,-1.0,0.855267,-0.130527,0.215339,3467.8,99.7,24.8,582.5,100.0,1.0
168098,1052,163,-2.173368,0.39393,0.683826,0.000818,0.0,0.00221862,-0.611618,-1.0,-1.0,-0.6717,0.171737,1249.3,95.1,17.7,459.6,100.0,1.0
168254,1053,156,-2.621563,0.317259,0.633985,0.0,2.8e-05,0.00193112,-0.421518,-1.0,-0.499125,-0.146494,0.221879,2249.6,65.9,30.4,499.2,100.0,1.0
168417,1054,163,-2.799825,0.2,-0.448111,0.0,0.07332,0.00122471,-0.328007,-1.0,-0.812435,0.120948,0.094423,2156.5,48.1,10.3,959.0,100.0,1.0
168580,1055,163,-0.988145,0.2,0.729922,0.0,0.0,0.00255154,-0.518316,-1.0,-0.529579,-0.544881,0.148269,1693.0,93.0,13.9,646.3,100.0,1.0
168740,1056,160,3.845687,0.497089,-0.043259,0.00348,1e-06,0.00131378,-0.033673,-0.875644,0.559519,0.595733,0.14124,4283.8,67.1,16.0,870.0,100.0,1.0
168902,1057,162,0.761728,0.240512,-0.1908,0.0,0.003783,0.00132618,-0.179855,-1.0,-0.489695,0.503564,0.091298,3377.3,56.2,8.7,576.9,100.0,1.0
169057,1058,155,-1.971567,0.511296,0.6,0.00186,0.0,0.00239457,-0.609692,-1.0,-0.968362,-0.691595,0.158221,1292.7,104.8,14.1,210.2,100.0,1.0
169211,1059,154,3.835109,0.561757,-0.122976,0.0,0.0,0.00122233,-0.012188,-0.970939,-0.404561,0.988923,0.073355,3920.7,49.3,6.4,500.8,100.0,1.0
169374,1060,163,-0.757599,0.891962,-0.420299,0.0,0.0,0.00156226,-0.289404,-1.0,-0.867049,0.260369,0.088028,3214.9,63.8,7.1,264.1,100.0,1.0
169529,1061,155,4.283707,0.2,-0.024586,0.0,2e-06,0.00112058,0.022873,-0.874583,0.465531,0.756163,0.091095,4287.8,61.0,8.0,667.0,100.0,1.0
169686,1062,157,-3.866329,0.2,0.707199,0.0,0.14547,0.00180672,-0.506828,-1.0,-0.313674,-0.485594,0.22795,1918.6,93.2,27.9,582.3,100.0,1.0
169845,1063,159,-4.85399,0.820088,0.638748,0.00022,0.0,0.00150706,-0.508928,-1.0,-1.0,-0.391638,0.118391,1337.2,55.0,13.6,487.2,100.0,1.0
170009,1064,164,3.659165,0.2,0.773253,0.001029,0.035291,0.00289038,-0.306454,-1.0,0.863832,-0.281696,0.166652,3200.5,111.4,14.7,307.7,100.0,1.0
170172,1065,163,0.883752,0.32699,-0.292845,0.0,0.0,0.00126165,-0.165016,-1.0,-0.321333,0.500865,0.094692,3384.1,56.4,9.2,567.0,100.0,1.0
170333,1066,161,1.150642,0.270009,0.762302,0.001025,4.7e-05,0.00256913,-0.361041,-1.0,0.885091,-0.386423,0.238922,2800.1,114.1,27.1,624.4,100.0,1.0
170488,1067,155,4.3852,1.0,-0.106426,0.0,0.0,0.00145996,-0.024723,-1.0,-0.511738,1.0,0.067285,3323.3,34.1,7.4,442.7,100.0,1.0
170644,1068,156,-2.658095,0.2,0.656011,0.002027,0.07093,0.0021771,-0.492773,-1.0,-0.3104,-0.351944,0.303285,2166.0,83.6,42.5,386.2,100.0,1.0
170799,1069,155,-0.932247,0.558313,-0.333586,0.000994,0.0,0.00118761,-0.226888,-1.0,-0.547867,0.398782,0.119246,2799.0,50.0,14.4,536.6,100.0,1.0
170960,1070,161,-5.385988,0.848082,-0.459542,0.0,0.0,0.00083218,-0.381502,-1.0,-0.905746,0.009042,0.124685,2120.1,52.5,15.1,494.7,100.0,1.0
171116,1071,156,-2.764828,0.658284,0.696614,0.000696,0.0,0.00215305,-0.477497,-1.0,0.200937,-0.576703,0.213085,1968.5,116.3,22.2,696.7,100.0,1.0
171279,1072,163,-3.866667,0.598027,-0.423944,0.0,2.5e-05,0.00108819,-0.355066,-1.0,-0.634172,-0.003423,0.116061,2550.7,64.0,12.0,770.7,100.0,1.0
171440,1073,161,2.608835,0.633455,-0.178906,0.0,1.2e-05,0.00172383,-0.157635,-0.915957,0.136874,0.382463,0.163064,4130.2,74.7,18.9,395.5,100.0,1.0
171599,1074,159,2.167707,0.478212,-0.306084,0.001415,0.0,0.00166311,-0.164824,-0.994402,0.486027,0.254957,0.118037,3831.3,76.3,10.7,585.4,100.0,1.0
171756,1075,157,-0.714207,1.0,-0.322007,0.0,0.0,0.00130567,-0.237762,-1.0,-0.665164,0.404128,0.121382,2784.8,49.6,14.9,434.4,100.0,1.0
171913,1076,157,-1.625297,0.2,0.667078,0.0,0.053995,0.00246518,-0.486133,-1.0,-0.702456,-0.274054,0.239061,2119.5,73.0,32.5,312.8,100.0,1.0
172079,1077,166,-4.213526,0.747999,-0.370276,0.0,0.0,0.00102813,-0.364293,-1.0,-0.742622,0.001399,0.115574,2456.6,61.3,12.3,1012.7,100.0,1.0
172232,1078,153,-2.47168,0.496072,-0.371889,0.001556,0.0,0.00142497,-0.331586,-1.0,-1.0,0.195222,0.114721,1932.7,40.4,14.9,379.1,100.0,1.0
172393,1079,161,-1.486341,0.511898,0.701046,0.0,0.0,0.002449,-0.462826,-1.0,-0.627994,-0.278867,0.189618,2434.3,84.4,22.3,394.0,100.0,1.0
172554,1080,161,0.21549,0.721239,0.713752,0.0,0.0,0.00261792,-0.411884,-1.0,-0.446839,-0.240417,0.128787,2506.3,82.5,11.8,445.4,100.0,1.0
172719,1081,165,-0.111632,1.0,-0.160445,0.0,0.0,0.00137123,-0.231353,-1.0,-0.59456,0.428826,0.144412,3679.9,64.4,17.0,588.9,100.0,1.0
172880,1082,161,3.861615,0.803806,0.791484,0.0,0.0,0.00253311,-0.230251,-0.965767,0.522709,0.066877,0.174695,3940.4,92.3,18.6,373.2,100.0,1.0
173038,1083,158,1.023174,0.2,-0.368714,0.0,2.1e-05,0.00142981,-0.178788,-1.0,-0.18805,0.42009,0.102885,3436.4,60.5,10.1,384.0,100.0,1.0
173200,1084,162,8.828289,0.503585,-0.045914,0.0,0.0,0.00192818,0.093905,-0.598023,1.0,0.637298,0.13651,5341.5,81.6,13.3,550.8,100.0,1.0
173361,1085,161,-2.356674,0.592056,-0.30566,0.0,0.0,0.00131526,-0.320187,-1.0,-0.76777,0.211024,0.162049,2813.1,58.1,20.9,448.8,100.0,1.0
173515,1086,154,0.591318,0.2,0.738504,0.0,0.046509,0.00243372,-0.347723,-1.0,0.443227,-0.259848,0.183118,2648.6,89.5,20.5,519.1,100.0,1.0
173682,1087,167,10.202068,0.760475,-0.071528,0.0,0.0,0.00152076,0.215666,-0.422147,0.620985,1.0,0.116845,6011.6,58.5,12.9,518.2,100.0,1.0
173848,1088,166,6.498692,0.44375,-0.063406,0.0,0.0,0.00220604,-0.067091,-0.622491,0.262928,0.415865,0.178629,5248.3,92.7,19.3,647.2,100.0,1.0
174007,1089,159,-4.898571,1.0,-0.380987,0.0,0.0,0.00119005,-0.414814,-1.0,-0.928598,-0.062541,0.151978,2200.8,58.7,19.1,376.0,100.0,1.0
174163,1090,156,-4.437183,0.639915,-0.394425,0.0,0.0,0.00133995,-0.413383,-1.0,-1.0,-0.090541,0.103486,2043.2,56.2,10.8,653.2,100.0,1.0
174323,1091,160,0.608269,0.2,-0.374081,0.0,0.061489,0.00162377,-0.231775,-1.0,0.384756,0.105404,0.148205,3199.0,72.3,16.6,981.7,100.0,1.0
174486,1092,163,2.874457,0.297733,-0.053894,0.0,7e-06,0.00142946,-0.100628,-0.974497,-0.388116,0.729634,0.10595,3907.2,56.5,11.2,856.9,100.0,1.0
174644,1093,158,2.587579,0.242759,0.710833,0.000182,0.0,0.00271504,-0.310053,-1.0,0.221992,-0.098837,0.15029,2978.6,82.6,15.6,407.0,100.0,1.0
174809,1094,165,-1.194197,0.2,-0.274878,0.0,0.071857,0.00102855,-0.224683,-1.0,-0.141065,0.375083,0.208862,3703.1,67.3,27.9,614.9,100.0,1.0
174965,1095,156,0.823873,0.308573,-0.27597,0.00535,3e-06,0.00123559,-0.154772,-1.0,-0.3748,0.535294,0.079657,3442.8,56.1,6.6,778.3,100.0,1.0
175125,1096,160,-4.680244,0.791407,-0.414914,0.0,0.0,0.00123589,-0.413281,-1.0,-1.0,-0.091102,0.102715,2162.5,59.5,10.3,543.6,100.0,1.0
175288,1097,163,4.894414,1.0,-0.078614,0.003273,0.0,0.00151724,-0.02191,-0.846474,-0.237844,0.825138,0.09728,4394.9,60.2,9.2,468.7,100.0,1.0
175449,1098,161,-0.871601,0.621807,0.745043,0.008482,2e-06,0.00216682,-0.389061,-1.0,-0.165301,-0.245345,0.139793,2641.8,87.5,13.1,435.2,100.0,1.0
175608,1099,159,12.329374,0.58825,-0.054908,0.007725,0.0,0.00221197,0.216226,-0.379035,0.89614,0.899654,0.138644,6175.9,81.3,13.7,583.6,100.0,1.0
175767,1100,159,3.353643,0.2,0.815337,0.0,0.02978,0.00294091,-0.313389,-1.0,0.712633,-0.264081,0.158365,3273.6,111.2,13.2,411.0,100.0,1.0
175929,1101,162,7.71811,0.596778,0.066794,0.0,1e-06,0.00158771,0.098887,-0.659856,0.726347,0.778397,0.120865,5105.9,71.8,11.8,730.2,100.0,1.0
176088,1102,159,-3.901397,0.449044,0.725065,0.002543,0.0,0.00178858,-0.527316,-1.0,-0.529163,-0.508117,0.205613,1892.1,96.2,23.6,622.4,100.0,1.0
176249,1103,161,-1.094772,0.2,-0.284835,0.0,0.124945,0.00133999,-0.266218,-1.0,-0.764063,0.326486,0.107879,3247.1,61.2,10.9,590.7,100.0,1.0
176409,1104,160,9.196182,1.0,-0.023871,0.0,0.0,0.00161007,0.166563,-0.580178,0.675442,0.976631,0.13979,5409.5,68.4,15.6,391.0,100.0,1.0
176565,1105,156,1.724248,0.479072,-0.211621,0.0,0.0,0.00114326,-0.098801,-1.0,-0.297212,0.710367,0.091971,3492.4,51.0,9.5,771.2,100.0,1.0
176730,1106,165,-4.615218,0.628616,-0.438377,0.006435,0.0,0.00134835,-0.435321,-1.0,-1.0,-0.110925,0.148695,2594.8,73.0,16.6,471.7,100.0,1.0
176889,1107,159,-1.890158,0.2,-0.287823,0.0,0.0,0.0013998,-0.309706,-1.0,-0.71086,0.192598,0.132571,3111.6,65.2,14.8,679.0,100.0,1.0
177049,1108,160,9.270724,0.613306,-0.092594,0.0,0.0,0.00191406,0.121206,-0.608927,1.0,0.737392,0.136513,5300.0,76.3,14.0,596.6,100.0,1.0
177210,1109,161,-3.542165,0.30042,-0.356603,0.000491,0.002303,0.00151014,-0.406493,-1.0,-1.0,-0.047104,0.121035,2356.6,61.8,13.2,767.2,100.0,1.0
177370,1110,160,0.80881,0.291799,-0.13374,0.0,0.029553,0.00122892,-0.159297,-1.0,-0.45805,0.561765,0.09149,3698.8,59.2,8.3,731.4,100.0,1.0
177526,1111,156,-1.588116,0.2,0.6,0.0,0.022916,0.0025,-0.572664,-1.0,-1.0,-0.592989,0.127905,1424.8,87.5,11.0,678.7,100.0,1.0
177679,1112,153,-3.200881,0.2,-0.372846,0.009441,0.025064,0.00161676,-0.395153,-1.0,-1.0,0.090223,0.206343,2653.9,60.9,28.4,575.0,100.0,1.0
177839,1113,160,4.306249,0.603426,-0.105789,0.0,0.0,0.00144201,-0.031989,-0.771392,-0.043592,0.720127,0.145198,4681.0,68.0,16.6,607.0,100.0,1.0
178000,1114,161,-0.397519,0.257858,0.758713,0.001743,0.145823,0.0022213,-0.376065,-1.0,0.429486,-0.375237,0.161263,2852.2,114.1,13.4,593.2,100.0,1.0
178156,1115,156,-1.608608,0.760611,-0.224565,0.0,0.0,0.00121098,-0.26312,-1.0,-0.523328,0.294478,0.140374,3517.2,67.9,15.8,396.4,100.0,1.0
178307,1116,151,5.476243,0.430944,-0.029509,0.0,5e-06,0.00136534,0.046531,-0.807258,-0.108368,1.0,0.116623,4544.3,54.9,13.3,501.8,100.0,1.0
178472,1117,165,6.832726,1.0,-0.057779,0.0,0.0,0.00164987,0.042971,-0.640934,0.660241,0.603672,0.125489,5178.0,80.7,11.5,454.0,100.0,1.0
178630,1118,158,8.505635,0.303374,0.096835,0.0,0.0,0.00132082,0.183577,-0.514615,0.540952,1.0,0.119613,5659.3,63.7,12.7,544.6,100.0,1.0
178792,1119,162,2.896255,0.731871,-0.096982,0.0,2e-06,0.00152609,-0.113665,-0.803087,-0.082778,0.483497,0.141898,4560.2,76.8,14.9,714.1,100.0,1.0
178957,1120,165,13.179066,0.360514,0.068429,0.0,0.018073,0.00175251,0.318605,-0.026027,0.68488,1.0,0.123933,7520.8,78.1,11.5,557.2,100.0,1.0
179121,1121,164,-2.934826,0.496685,0.676672,0.0,0.0,0.00182212,-0.434203,-1.0,-0.65444,-0.254763,0.120943,2408.5,80.8,10.6,643.7,100.0,1.0
179277,1122,156,-2.726456,0.287358,-0.366931,0.0,0.000223,0.00114626,-0.304524,-1.0,-0.966534,0.271532,0.112371,2259.2,44.4,14.0,672.0,100.0,1.0
179437,1123,160,-4.341215,0.768549,0.678823,0.0,0.0,0.00165315,-0.525938,-1.0,-1.0,-0.452147,0.115126,1744.1,79.6,9.8,743.8,100.0,1.0
179599,1124,162,-1.555872,0.648174,0.655094,0.003928,0.0,0.0024239,-0.497324,-1.0,-0.369755,-0.476319,0.192724,2217.5,105.9,20.0,366.5,100.0,1.0
179759,1125,160,-2.107911,0.80312,0.685383,0.0,0.0,0.00219391,-0.448378,-1.0,-0.60689,-0.297228,0.138631,2508.8,89.2,12.7,485.2,100.0,1.0
179918,1126,159,3.292452,0.706445,-0.277286,0.0,7.4e-05,0.00204793,-0.173709,-0.936951,0.873782,0.099433,0.16194,4050.2,92.1,16.4,693.4,100.0,1.0
180079,1127,161,1.109426,0.24664,-0.116562,0.0,0.0,0.00123881,-0.148217,-1.0,-0.32589,0.573221,0.107413,3736.0,59.4,11.1,703.4,100.0,1.0
180241,1128,162,5.59959,0.2,0.080979,0.0,0.041072,0.0019393,-0.055826,-0.750156,0.792104,0.3425,0.143564,4761.9,88.7,13.6,814.9,100.0,1.0
180398,1129,157,-0.495245,-0.133778,0.6,0.0,0.0,0.00280361,-0.545436,-1.0,-0.977631,-0.481356,0.152188,2159.2,104.1,13.1,311.5,100.0,1.0
180554,1130,156,3.729662,0.726827,0.656766,0.004727,0.0,0.00285604,-0.273453,-1.0,0.54316,-0.057776,0.172675,3748.3,99.5,17.3,379.0,100.0,1.0
180716,1131,162,10.760683,0.346838,0.048354,0.0,0.000209,0.00195106,0.18147,-0.357917,0.452603,0.901053,0.127506,6256.3,82.3,11.6,579.0,100.0,1.0
180872,1132,156,-4.40392,0.440763,-0.452098,0.0,0.0,0.0013676,-0.41705,-1.0,-0.898715,-0.09138,0.142184,2355.4,64.8,16.5,866.7,100.0,1.0
181032,1133,160,8.677045,0.357475,-0.023987,0.0,3.2e-05,0.00156459,0.150963,-0.516737,0.56138,0.898007,0.129693,5651.2,74.4,13.0,663.6,100.0,1.0
181196,1134,164,-4.003305,0.818473,-0.301496,0.0,0.0,0.00150087,-0.431313,-1.0,-0.876313,-0.110905,0.172601,2571.9,72.3,20.9,355.3,100.0,1.0
181362,1135,166,-1.828184,0.616398,-0.196315,0.002489,1.9e-05,0.00122603,-0.288039,-1.0,-0.495769,0.205199,0.14292,3780.3,78.4,14.8,562.2,100.0,1.0
181522,1136,160,8.491936,0.59246,-0.06898,0.0,0.0,0.00123393,0.195214,-0.491271,0.554521,1.0,0.106917,5748.3,57.6,11.2,491.4,100.0,1.0
181677,1137,155,1.791185,0.745879,0.685736,0.000926,0.0,0.00298241,-0.379832,-1.0,0.27679,-0.258658,0.228323,3015.7,101.7,26.8,274.9,100.0,1.0
181840,1138,163,6.650217,0.2,-0.438482,0.0,0.174926,0.00271884,-0.135442,-0.804579,0.710643,0.185745,0.17453,4554.6,96.0,18.1,480.6,100.0,1.0
182003,1139,163,10.050599,1.0,0.019082,0.0,0.0,0.00145216,0.228983,-0.272263,0.651607,1.0,0.194604,6582.7,78.8,23.9,489.1,100.0,1.0
182168,1140,165,-0.533955,0.635395,0.72064,0.0,0.0,0.00257695,-0.450228,-1.0,-0.479967,-0.267494,0.205666,2716.9,92.7,24.0,361.8,100.0,1.0
182331,1141,163,0.599174,0.2,0.720119,0.0,7e-05,0.00282736,-0.433528,-1.0,-0.098546,-0.364433,0.183839,2812.4,110.6,17.8,394.0,100.0,1.0
182493,1142,162,-2.135765,0.460727,-0.115911,0.0,0.0,0.00125366,-0.302202,-1.0,-0.744326,0.20496,0.112164,2970.3,61.6,11.6,1026.1,100.0,1.0
182654,1143,161,-0.259338,0.565178,-0.337144,0.0,0.0,0.00152484,-0.257536,-1.0,-0.794624,0.358734,0.101981,3048.2,56.1,10.6,431.8,100.0,1.0
182817,1144,163,0.027185,0.2,0.754059,0.000203,7.2e-05,0.00264329,-0.429953,-1.0,0.558094,-0.53298,0.216768,2405.5,128.8,21.2,412.3,100.0,1.0
182980,1145,163,4.260862,0.2,-0.115258,0.0,0.200533,0.00195623,-0.120927,-0.844969,1.0,0.137954,0.145918,4400.7,96.7,13.0,899.7,100.0,1.0
183153,1146,173,-2.749711,0.63123,-0.287318,0.0,0.0,0.001446,-0.377932,-1.0,-0.731505,-0.029713,0.13105,3225.2,83.1,12.1,543.0,100.0,1.0
183311,1147,158,-0.733306,0.495721,-0.271577,0.0,0.0,0.00130603,-0.240383,-1.0,-0.741302,0.42925,0.12865,2896.5,50.7,16.0,577.6,100.0,1.0
183469,1148,158,0.416776,1.0,-0.28671,0.002006,0.0,0.00177335,-0.260823,-1.0,0.29642,0.089726,0.192522,3609.9,82.8,23.0,415.3,100.0,1.0
183636,1149,167,9.04788,0.397841,0.022714,0.0,2.3e-05,0.00226462,0.042136,-0.502955,0.931957,0.462468,0.183033,5703.7,97.5,19.4,669.8,100.0,1.0
183792,1150,156,-2.052942,0.279396,0.6,0.000721,0.020531,0.00238267,-0.632574,-1.0,-0.878666,-0.776053,0.176834,1012.6,113.0,16.2,309.6,100.0,1.0
183949,1151,157,2.249124,0.2,-0.132339,0.0,0.185423,0.00101988,-0.055514,-0.859084,-0.154596,0.728506,0.125244,4346.9,62.9,13.8,713.5,100.0,1.0
184110,1152,161,-4.057471,0.2,-0.458379,0.0,0.048319,0.00135208,-0.40633,-1.0,-0.897449,-0.047535,0.149498,2513.0,66.0,17.7,720.7,100.0,1.0
184274,1153,164,1.6516,0.2,0.842345,0.001761,0.007484,0.00230938,-0.302011,-1.0,0.342475,-0.038379,0.213557,3773.0,98.1,24.7,864.0,100.0,1.0
184436,1154,162,-0.101129,0.453383,-0.222202,0.0,0.0,0.00126628,-0.209806,-0.989332,-0.102175,0.320142,0.137995,3850.6,72.9,14.7,770.5,100.0,1.0
184594,1155,158,2.257809,0.45036,0.815959,0.010478,0.0,0.00280792,-0.338943,-1.0,0.539,-0.265401,0.180637,3387.4,115.3,16.6,598.8,100.0,1.0
184756,1156,162,-2.947386,1.0,0.6,0.001618,0.0,0.00204931,-0.612132,-1.0,-1.0,-0.712393,0.138325,1110.7,96.5,11.6,405.2,100.0,1.0
184913,1157,157,7.845298,0.690308,-0.030402,0.0,0.0,0.00160818,0.112705,-0.657893,0.153778,1.0,0.109142,5113.4,59.7,11.4,557.6,100.0,1.0
185078,1158,165,-2.203707,0.319558,-0.215555,0.0,0.0,0.00101869,-0.270626,-1.0,-0.178209,0.197528,0.177324,3788.1,79.1,20.8,945.6,100.0,1.0
185242,1159,164,-0.406835,0.2,0.6,0.0,0.361958,0.00273293,-0.587525,-1.0,-0.345533,-0.764068,0.210718,1469.5,155.7,16.6,566.7,100.0,1.0
185397,1160,155,9.882061,0.785897,-0.041836,0.0,0.0,0.00203111,0.145698,-0.470607,0.390604,0.958942,0.181124,5827.0,74.4,22.1,369.7,100.0,1.0
185554,1161,157,-1.508805,0.380784,-0.339602,0.000293,2e-05,0.00141848,-0.293039,-1.0,-0.451603,0.234577,0.195004,3403.0,68.9,25.3,518.6,100.0,1.0
185711,1162,157,-3.185542,0.251125,0.665467,0.0,0.0,0.00203893,-0.540674,-1.0,-1.0,-0.515325,0.103076,1729.0,89.2,6.4,524.7,100.0,1.0
185870,1163,159,8.712973,0.462307,-0.051244,0.002579,0.0,0.00182959,0.115307,-0.581472,0.072577,0.963833,0.102093,5404.6,68.8,8.9,385.3,100.0,1.0
186033,1164,163,10.99298,0.929224,-0.18846,0.0,0.0,0.00263636,0.082978,-0.410699,0.847688,0.494654,0.135749,6055.2,101.3,10.6,412.9,100.0,1.0
186195,1165,162,5.085226,0.636999,-0.24757,0.0,1.3e-05,0.00240354,-0.152114,-0.822128,0.262562,0.262969,0.147798,4487.7,88.8,14.3,634.2,100.0,1.0
186356,1166,161,9.222098,0.678175,0.084059,0.0,0.0,0.00168627,0.159349,-0.356235,0.230536,0.898904,0.126619,6262.7,82.5,11.4,624.2,100.0,1.0
186517,1167,161,0.407936,0.494032,-0.098497,0.0,8.8e-05,0.0015179,-0.225312,-1.0,-0.415874,0.344033,0.105526,3803.9,70.8,9.3,601.1,100.0,1.0
186672,1168,155,3.894611,0.454562,-0.332055,0.0,0.0,0.00248505,-0.203341,-0.945722,0.778366,0.051278,0.1718,4016.8,95.5,17.7,442.5,100.0,1.0
186825,1169,153,-1.865997,0.246617,0.744253,0.0,0.058623,0.00204131,-0.39957,-1.0,0.062712,-0.275037,0.209515,2638.2,91.0,24.9,498.8,100.0,1.0
186979,1170,154,-2.648622,0.684634,0.6,0.005336,0.0,0.0022516,-0.644979,-1.0,-0.785064,-0.877742,0.151856,710.6,145.3,7.6,426.4,100.0,1.0
187137,1171,158,-3.988304,0.204003,0.733945,0.0,0.0,0.00148067,-0.420436,-1.0,-1.0,-0.11579,0.101997,2110.7,59.7,10.1,287.4,100.0,1.0
187307,1172,170,10.415036,0.2,0.071612,0.0,0.0,0.00162823,0.210177,-0.349813,0.478619,1.0,0.14352,6287.2,77.9,15.0,657.3,100.0,1.0
187463,1173,156,-4.321025,0.972863,0.683377,0.0,0.0,0.00172762,-0.510644,-1.0,-1.0,-0.346429,0.162044,1781.9,68.2,19.6,571.5,100.0,1.0
187616,1174,153,6.278972,0.225344,-0.018867,0.001265,0.0,0.00137047,0.083889,-0.754766,0.040237,0.981639,0.074099,4744.3,59.9,5.2,639.0,100.0,1.0
187774,1175,158,-0.087757,0.330673,-0.278295,0.0,9e-06,0.00112902,-0.182455,-0.99033,-0.278537,0.439254,0.110844,3846.8,66.8,10.7,567.3,100.0,1.0
187934,1176,160,3.182573,0.088218,-0.39256,0.017179,0.0,0.00267958,-0.280171,-0.921039,0.678547,-0.123158,0.23091,4110.8,117.2,25.2,614.7,100.0,1.0
188095,1177,161,-2.059712,0.227746,0.6,0.0085,0.049133,0.00232039,-0.671192,-1.0,-1.0,-0.812015,0.221679,1033.6,137.5,20.9,496.9,100.0,1.0
188249,1178,154,-2.519608,0.634855,-0.282218,0.0,0.0,0.00129679,-0.317613,-1.0,-0.200797,0.01947,0.152497,3151.7,77.3,16.7,661.5,100.0,1.0
188408,1179,159,2.482089,0.489246,-0.026078,0.000392,4e-06,0.00134803,-0.098157,-0.854563,-0.429648,0.637387,0.093622,4364.1,66.6,7.7,665.5,100.0,1.0
188566,1180,158,-5.250031,0.2,0.6862,0.0,0.014056,0.0014221,-0.50714,-1.0,-1.0,-0.3487,0.150085,1949.4,74.8,16.6,528.4,100.0,1.0
188719,1181,153,-3.971026,1.0,-0.392966,0.0,0.0,0.00134003,-0.390833,-1.0,-1.0,0.01921,0.133131,2037.8,50.0,16.9,444.2,100.0,1.0
188875,1182,156,5.991621,0.985771,-0.070763,0.001252,0.0,0.00164579,0.023609,-0.666007,0.122139,0.777167,0.157865,5082.5,71.5,18.4,487.1,100.0,1.0
189040,1183,165,0.007949,0.357385,-0.051249,0.0,0.0,0.00145077,-0.238981,-1.0,-0.720657,0.396275,0.102281,3564.3,63.8,9.6,779.1,100.0,1.0
189196,1184,156,3.670317,0.397637,0.749318,0.0,0.016254,0.00272444,-0.253436,-0.990849,0.28546,0.076819,0.163758,3844.9,89.3,17.1,305.8,100.0,1.0
189355,1185,159,7.510562,0.517905,-0.171385,0.0,0.0,0.00152938,0.108372,-0.660634,0.168861,1.0,0.123873,5103.0,57.9,14.2,363.4,100.0,1.0
189513,1186,158,2.471762,0.2,-0.10777,0.009994,0.046067,0.00122788,-0.078302,-0.742692,-0.087671,0.570527,0.157199,4790.3,76.3,17.6,1017.0,100.0,1.0
189668,1187,155,-2.529744,0.790394,-0.490272,0.0,0.0,0.00173711,-0.387677,-1.0,-0.710352,-0.089394,0.113781,2858.1,78.5,9.7,327.6,100.0,1.0
189829,1188,161,-5.25769,1.0,-0.557173,0.0,0.0,0.00138046,-0.47198,-1.0,-1.0,-0.242217,0.1409,2313.0,76.3,14.8,730.0,100.0,1.0
189985,1189,156,-1.751766,0.2,0.669711,0.0,0.004258,0.00249014,-0.508375,-1.0,0.019026,-0.637305,0.197388,1881.1,129.7,17.7,396.7,100.0,1.0
190143,1190,158,-0.940172,0.386113,0.693584,0.009197,0.000313,0.00270365,-0.474012,-1.0,0.276948,-0.57917,0.22273,2179.0,129.4,22.2,445.6,100.0,1.0
190307,1191,164,-2.067299,0.993936,0.6,0.002225,0.0,0.00229052,-0.653318,-1.0,-1.0,-0.795692,0.184602,1065.5,130.4,15.3,516.1,100.0,1.0
190471,1192,164,4.366997,0.598955,0.734373,0.000627,0.0,0.00271758,-0.241003,-0.828333,0.896836,-0.198272,0.183206,4464.1,139.2,13.9,467.6,100.0,1.0
190632,1193,161,-0.202155,0.783311,0.667744,0.0,0.0,0.00287881,-0.514541,-1.0,-0.234744,-0.517651,0.24506,2432.8,126.1,26.6,457.8,100.0,1.0
190793,1194,161,-0.986628,1.0,0.764555,0.008324,0.0,0.00244801,-0.440628,-1.0,-0.357596,-0.27848,0.203784,2584.3,89.5,24.1,250.4,100.0,1.0
190947,1195,154,7.040215,1.0,-0.024263,0.0,0.0,0.0019003,0.038291,-0.706011,-0.218819,0.927802,0.119044,4930.1,63.9,12.5,539.3,100.0,1.0
191102,1196,155,-3.925582,0.907492,0.669872,0.0,0.0,0.00186679,-0.545516,-1.0,-1.0,-0.503082,0.127404,1275.5,64.2,14.0,360.2,100.0,1.0
191260,1197,158,-3.081064,0.743385,0.673509,0.00271,3.7e-05,0.00208085,-0.577482,-1.0,-0.981854,-0.58721,0.15181,1593.5,96.5,14.0,578.5,100.0,1.0
191423,1198,163,1.77055,0.294973,0.844319,0.0,0.016675,0.00276426,-0.3676,-1.0,0.166604,-0.238095,0.179521,3518.9,115.5,16.4,469.4,100.0,1.0
191584,1199,161,2.327828,0.2,-0.110102,0.0,0.29972,0.00127174,-0.095162,-0.825935,-0.200099,0.551486,0.097469,4473.2,72.1,7.7,731.8,100.0,1.0
191745,1200,161,5.736531,1.0,0.015923,0.0,0.0,0.00146288,0.034408,-0.749592,0.074912,0.88713,0.148068,4764.1,63.1,17.8,517.7,100.0,1.0
191905,1201,160,-2.902027,0.479836,0.6,0.0,0.0,0.00210426,-0.543402,-1.0,-0.935465,-0.516378,0.128405,1868.9,96.6,9.9,398.8,100.0,1.0
192067,1202,162,-1.238301,1.0,0.685374,0.0,0.0,0.0023876,-0.445194,-1.0,-0.634375,-0.291939,0.126215,2338.8,82.6,11.3,437.1,100.0,1.0
192221,1203,154,-3.185622,0.924056,0.6,0.003988,0.0,0.00210624,-0.662639,-1.0,-1.0,-0.777602,0.22674,1175.9,132.2,22.5,541.5,100.0,1.0
192378,1204,157,-1.190225,1.0,0.682824,0.0,0.0,0.00257727,-0.460874,-1.0,-0.28466,-0.367168,0.20645,2441.9,96.5,23.7,286.0,100.0,1.0
192535,1205,157,5.952425,0.958978,-0.164774,0.003655,0.0,0.0024028,-0.096879,-0.705477,1.0,0.118908,0.160519,4932.1,110.2,13.7,460.6,100.0,1.0
192702,1206,167,4.008332,1.0,0.745903,0.0,0.0,0.00306715,-0.323641,-0.972088,0.595287,-0.236086,0.198063,3916.3,128.2,18.0,350.3,100.0,1.0
192865,1207,163,1.903486,0.2,-0.330398,0.0,0.064659,0.00252739,-0.322453,-0.966167,0.054003,-0.071206,0.18557,3938.9,106.0,18.7,738.1,100.0,1.0
193017,1208,152,-0.662886,0.813268,0.745608,0.006208,3.2e-05,0.00292708,-0.494072,-1.0,0.034287,-0.573608,0.215482,2253.4,132.1,20.5,315.9,100.0,1.0
193179,1209,162,5.885969,1.0,0.081174,0.0,0.0,0.00158184,0.022024,-0.55032,0.193961,0.639067,0.147178,5523.3,84.2,14.8,487.2,100.0,1.0
193342,1210,163,-0.551221,0.307391,0.6,0.004457,0.0,0.00239122,-0.415943,-1.0,-0.158433,-0.231759,0.230207,2808.9,91.4,28.5,255.3,100.0,1.0
193496,1211,154,-3.602718,0.562274,-0.36691,6.8e-05,0.0,0.00135777,-0.379429,-1.0,-0.577316,-0.077601,0.138334,2849.4,77.2,14.2,630.0,100.0,1.0
193652,1212,156,0.31353,0.974139,0.004696,0.0,0.0,0.00126589,-0.182623,-0.973269,-0.377098,0.444411,0.099769,3911.8,67.7,8.6,835.6,100.0,1.0
193814,1213,162,-0.522757,0.407154,0.6,0.0,0.0,0.00278194,-0.694252,-1.0,-1.0,-0.832552,0.269963,980.2,146.3,28.3,287.3,100.0,1.0
193969,1214,155,-3.837155,0.2,-0.366224,0.00039,0.197197,0.0013176,-0.385812,-1.0,-1.0,-0.009514,0.094167,2456.6,62.0,8.4,560.3,100.0,1.0
194129,1215,160,-0.383292,0.814427,0.697615,0.002918,0.0,0.00286806,-0.587915,-1.0,-0.086378,-0.776087,0.275575,1516.9,169.4,26.2,194.5,100.0,1.0
194288,1216,159,-0.69008,0.2,0.6,0.002092,9.8e-05,0.0027885,-0.593009,-1.0,-0.644742,-0.687771,0.206296,1705.8,136.6,18.3,493.4,100.0,1.0
194448,1217,160,4.48911,0.2,-0.243393,0.0,0.009732,0.00257598,-0.19936,-0.789006,0.163026,0.125495,0.160171,4613.9,102.5,14.7,486.3,100.0,1.0
194606,1218,158,5.024568,0.301911,-0.091366,0.000968,0.0,0.00134633,0.025876,-0.655076,0.383632,0.691755,0.160699,5124.2,75.7,18.3,622.2,100.0,1.0
194765,1219,159,-3.836819,0.2,-0.297301,0.0,0.05976,0.00128561,-0.386563,-1.0,-0.926882,-0.036442,0.094121,2764.8,71.7,7.1,712.2,100.0,1.0
194926,1220,161,5.33577,0.2,0.826042,0.008389,0.226264,0.0030702,-0.241168,-0.798974,0.641476,-0.111912,0.205709,4575.9,128.8,19.3,361.9,100.0,1.0
195087,1221,161,2.087243,0.300518,0.73774,0.0,0.0,0.00285193,-0.360234,-1.0,0.496754,-0.322287,0.180638,2997.9,110.6,17.2,403.8,100.0,1.0
195248,1222,161,7.04379,0.737308,0.004065,0.0,0.0,0.00145137,0.101461,-0.593728,0.485754,0.76904,0.083985,5357.9,75.7,4.8,566.2,100.0,1.0
195407,1223,159,-5.356071,0.2,-0.363988,0.00337,0.35,0.00125925,-0.455029,-1.0,-0.9579,-0.235747,0.110042,2098.3,68.6,10.3,563.0,100.0,1.0
195568,1224,161,11.913459,0.885408,0.107273,0.0,0.0,0.00230165,0.196297,-0.150159,0.58236,0.756596,0.146795,7047.9,100.3,12.6,485.8,100.0,1.0
195733,1225,165,-4.372008,1.0,-0.514498,0.0,0.0,0.00153517,-0.461388,-1.0,-0.91261,-0.262509,0.118211,2460.7,83.4,9.8,597.5,100.0,1.0
195889,1226,156,-0.101983,1.0,0.6,0.000228,0.0,0.00304468,-0.548483,-1.0,-0.618748,-0.623269,0.141793,1875.4,124.5,8.6,393.3,100.0,1.0
196054,1227,165,-2.740126,0.810811,0.6,0.018982,0.0,0.00211694,-0.656066,-1.0,-1.0,-0.816021,0.175028,930.7,126.5,14.1,417.2,100.0,1.0
196219,1228,165,2.588184,1.0,-0.000798,0.0,0.0,0.00121854,-0.077667,-0.675452,0.174838,0.387547,0.121579,5046.5,90.9,9.4,622.8,100.0,1.0
196382,1229,163,-2.340404,0.562667,0.649824,0.004359,0.000206,0.00225826,-0.565009,-1.0,-0.587103,-0.633995,0.188858,1893.0,129.3,16.2,658.0,100.0,1.0
196544,1230,162,-2.142053,0.669084,-0.453727,0.008561,0.0,0.00189434,-0.409058,-1.0,-0.464679,-0.181268,0.166314,3193.3,97.5,16.4,511.3,100.0,1.0
196704,1231,160,-0.068879,0.345684,-0.319297,0.0,0.0,0.00133367,-0.216637,-1.0,-0.190685,0.276714,0.08738,3684.3,72.1,5.9,507.7,100.0,1.0
196861,1232,157,-2.499966,0.517021,-0.324009,0.0,0.0,0.00149715,-0.354221,-1.0,-1.0,0.139466,0.131603,3007.8,66.0,14.5,334.8,100.0,1.0
197018,1233,157,-2.909807,0.29998,0.6,0.0,0.000205,0.00216809,-0.559957,-1.0,-1.0,-0.553079,0.12581,1569.7,87.8,10.6,322.5,100.0,1.0
197179,1234,161,-1.981978,0.488774,0.6,0.00252,0.0,0.00239195,-0.640958,-1.0,-1.0,-0.764808,0.17576,1191.8,126.7,14.2,228.2,100.0,1.0
197337,1235,158,3.328553,0.2,-0.094417,0.0,0.0,0.00178036,-0.1225,-0.882428,0.471869,0.308171,0.118662,4257.9,81.4,10.2,816.1,100.0,1.0
197495,1236,158,6.580774,0.2,-0.070071,0.0,0.091877,0.00256303,-0.091077,-0.636276,0.75206,0.146422,0.146116,5195.8,113.3,10.8,667.6,100.0,1.0
197653,1237,158,10.663686,0.2,-0.052853,0.0,0.184511,0.00270135,0.082462,-0.324356,0.848418,0.423781,0.138356,6384.2,112.1,9.6,436.8,100.0,1.0
197815,1238,162,4.004331,0.957536,-0.293931,0.0,0.0,0.00232029,-0.184591,-0.862508,0.080275,0.213491,0.117254,4333.8,89.3,8.9,515.5,100.0,1.0
197977,1239,162,-0.575852,0.69279,-0.248306,0.0,0.0,0.00130506,-0.238934,-0.95618,-0.150926,0.207424,0.134355,3977.0,82.3,12.8,722.3,100.0,1.0
198131,1240,154,8.830151,0.625448,-0.182728,0.0,0.0,0.00223902,0.077399,-0.44691,0.917124,0.502422,0.152322,5917.3,98.5,13.8,578.8,100.0,1.0
198291,1241,160,-0.365798,1.0,-0.506226,0.0,0.0,0.00212707,-0.357859,-1.0,-0.34418,-0.059205,0.159084,3300.2,87.7,16.5,422.8,100.0,1.0
198453,1242,162,6.533477,0.175621,-0.043724,0.0,0.0,0.00215064,-0.035935,-0.630324,0.260258,0.453583,0.115587,5218.5,89.8,8.5,590.4,100.0,1.0
198617,1243,164,2.947062,0.841204,-0.487402,0.019465,0.0,0.00253045,-0.27412,-0.880675,-0.101331,0.073119,0.187867,4264.6,99.4,20.0,456.9,100.0,1.0
198776,1244,159,-3.544838,1.0,-0.45945,0.0,0.0,0.00140467,-0.393047,-1.0,-1.0,-0.026152,0.100576,2307.3,59.2,9.9,448.9,100.0,1.0
198937,1245,161,-0.970965,0.2,0.720293,0.002573,0.281797,0.00263759,-0.471429,-1.0,0.204669,-0.564537,0.207243,2364.1,135.7,18.6,420.9,100.0,1.0
199104,1246,167,8.709779,0.588888,-0.047079,0.001032,0.0,0.00201527,0.080712,-0.34341,0.808607,0.466613,0.155086,6311.6,107.6,13.1,740.2,100.0,1.0
199268,1247,164,-2.830952,0.448561,0.723098,0.0,0.0,0.0021132,-0.492581,-1.0,-0.143172,-0.543913,0.185972,2181.8,119.6,17.0,513.3,100.0,1.0
199430,1248,162,6.634291,0.2,-0.198701,0.0,0.010431,0.00233405,-0.060189,-0.719836,0.216489,0.484217,0.134696,4877.4,82.2,12.9,418.4,100.0,1.0
199591,1249,161,2.886399,0.355784,-0.269076,0.0,0.0,0.00182458,-0.155372,-0.7095,0.272158,0.24817,0.227611,4916.8,98.5,27.1,331.3,100.0,1.0
199747,1250,156,-1.813397,0.25966,0.691922,0.0,0.0,0.0025326,-0.502313,-1.0,-0.541822,-0.498297,0.138978,2217.9,110.5,9.9,510.0,100.0,1.0
199909,1251,162,13.78465,0.2,0.089988,0.0,0.034985,0.00208235,0.324004,0.092624,0.762279,0.944932,0.168169,7972.9,102.5,16.1,748.6,100.0,1.0
200069,1252,160,-0.512786,1.0,0.77821,0.004417,0.0,0.00277937,-0.469597,-1.0,0.005074,-0.466057,0.229393,2878.4,134.8,22.6,286.8,100.0,1.0
200226,1253,157,-3.079266,0.2,-0.384001,0.000689,0.038292,0.00141986,-0.370799,-1.0,-0.681955,-0.065002,0.094579,3032.7,81.1,6.0,508.4,100.0,1.0
200385,1254,159,-0.968653,0.2,0.6,0.000161,0.233895,0.00273964,-0.638377,-1.0,-0.719969,-0.793416,0.223873,1280.2,154.9,19.0,425.7,100.0,1.0
200543,1255,158,14.250726,0.201894,-0.01394,0.0,0.0,0.00240708,0.30506,-0.148315,0.821288,1.0,0.114258,7054.9,80.9,9.5,443.5,100.0,1.0
200703,1256,160,-0.612189,1.0,0.6,0.001831,0.0,0.00284715,-0.615606,-1.0,-1.0,-0.690841,0.166725,1457.7,117.9,13.8,261.6,100.0,1.0
200857,1257,154,0.921539,0.247441,-0.326317,0.001107,2.8e-05,0.00203627,-0.269226,-1.0,-0.088537,0.146993,0.155629,3772.4,82.2,16.6,372.9,100.0,1.0
201019,1258,162,6.648164,0.955466,-0.293936,0.0,0.0,0.00261224,-0.103028,-0.604988,0.353777,0.237692,0.167047,5315.0,107.4,15.3,601.6,100.0,1.0
201172,1259,153,-0.533228,1.0,0.702152,0.0,0.0,0.00291155,-0.471522,-1.0,0.121973,-0.585691,0.16575,2374.3,143.3,10.3,251.6,100.0,1.0
201327,1260,155,-4.960548,0.552697,0.6,0.001636,0.000189,0.00158733,-0.604655,-1.0,-1.0,-0.726874,0.104552,826.0,75.6,8.4,532.5,100.0,1.0
201481,1261,154,-2.796798,0.2,0.647618,0.003209,0.010396,0.00227206,-0.552687,-1.0,-1.0,-0.509391,0.142485,1659.3,84.6,14.0,503.6,100.0,1.0
201641,1262,160,2.91898,0.790959,0.852806,0.0,0.0,0.00313831,-0.361554,-1.0,0.151004,-0.242227,0.154247,3771.3,124.4,10.8,353.2,100.0,1.0
201796,1263,155,0.321618,0.80999,0.704872,0.0,0.0,0.00272723,-0.407387,-1.0,0.860986,-0.538202,0.234356,2500.3,135.4,23.4,442.5,100.0,1.0
201950,1264,154,-2.828659,0.942335,0.6,0.0,0.0,0.0022756,-0.588768,-1.0,-1.0,-0.673391,0.105002,849.2,65.0,9.9,378.3,100.0,1.0
202108,1265,158,-2.486303,0.630031,-0.34094,0.0,0.0,0.00151147,-0.359083,-1.0,-0.539016,-0.044128,0.119839,3487.0,91.2,9.1,773.3,100.0,1.0
202261,1266,153,9.34545,0.473132,-0.050329,0.0,0.0,0.00149924,0.222616,-0.383159,0.702592,1.0,0.148153,6160.2,55.9,18.7,446.2,100.0,1.0
202420,1267,159,5.552474,1.0,-0.318405,0.0,0.0,0.00262259,-0.148548,-0.709451,0.068917,0.221506,0.127226,4917.0,100.6,9.1,409.8,100.0,1.0
202583,1268,163,-2.788474,1.0,0.705234,0.0,0.0,0.00216666,-0.589207,-1.0,-1.0,-0.534592,0.225228,1999.6,107.4,25.5,771.3,100.0,1.0
202742,1269,159,-2.966227,0.123113,0.615445,0.0,0.002449,0.0020046,-0.462386,-1.0,-0.894739,-0.270737,0.119119,2582.3,88.5,9.3,466.6,100.0,1.0
202906,1270,164,3.896701,0.2,0.774101,0.000689,0.024538,0.0029357,-0.292988,-0.954461,0.495009,-0.154999,0.163926,3983.5,117.9,13.3,563.3,100.0,1.0
203056,1271,150,-4.026319,0.2,0.642018,0.001749,0.085318,0.00194458,-0.578825,-1.0,-1.0,-0.623362,0.119475,1281.6,85.1,9.8,678.4,100.0,1.0
203211,1272,155,-1.144726,0.80721,0.619618,0.000458,0.0,0.0027918,-0.595485,-1.0,-0.552118,-0.727333,0.205924,1612.8,147.9,16.8,523.9,100.0,1.0
203372,1273,161,3.113407,0.2,-0.109799,0.0,0.194812,0.00135054,-0.066386,-0.675491,-0.287073,0.562108,0.106968,5046.4,80.8,8.2,640.7,100.0,1.0
203532,1274,160,4.814797,0.2,0.727254,0.001394,3.2e-05,0.0028522,-0.222958,-0.936812,0.335636,0.092173,0.142772,4050.7,92.7,12.9,550.4,100.0,1.0
203688,1275,156,1.634917,0.2,-0.369477,0.003215,0.0,0.00211617,-0.250806,-0.90751,0.062954,0.099387,0.171543,4162.4,94.7,17.7,502.8,100.0,1.0
203848,1276,160,-0.265856,0.838287,0.6,0.000683,0.0,0.00297616,-0.634601,-1.0,-0.839076,-0.781709,0.189088,1257.6,144.0,14.3,443.3,100.0,1.0
204010,1277,162,2.875465,0.2,0.006458,0.001398,0.0,0.00150049,-0.103288,-0.672738,0.347904,0.270419,0.145771,5056.9,99.5,12.6,855.3,100.0,1.0
204166,1278,156,-1.89475,1.0,0.6,0.001201,0.0,0.00254956,-0.648341,-1.0,-1.0,-0.823843,0.146253,706.3,100.2,12.5,163.3,100.0,1.0
204326,1279,160,-0.754447,0.447548,0.6,0.002769,0.0,0.00276195,-0.478955,-1.0,-0.290235,-0.441935,0.192431,2667.3,119.5,18.1,289.3,100.0,1.0
204490,1280,164,0.812171,0.976432,0.731274,0.0,0.0,0.00298198,-0.449959,-1.0,-0.413927,-0.292996,0.201908,3067.9,108.5,21.3,333.5,100.0,1.0
204648,1281,158,-4.062736,0.29465,0.6,0.0,0.00012,0.00184597,-0.57316,-1.0,-1.0,-0.613911,0.11139,1348.3,87.3,8.1,466.8,100.0,1.0
204811,1282,163,-2.098079,1.0,0.718875,0.0,0.0,0.00238781,-0.493111,-1.0,-0.286236,-0.52389,0.163773,2460.2,129.2,11.8,498.3,100.0,1.0
204969,1283,158,0.66863,0.483132,-0.460966,0.0,5.9e-05,0.00249658,-0.36207,-1.0,-0.302606,-0.082143,0.163334,3576.3,97.4,15.9,502.6,100.0,1.0
205131,1284,162,10.535797,0.798183,-0.012629,0.0,0.0,0.00209395,0.174702,-0.111363,0.543141,0.71252,0.187222,7195.7,105.0,19.1,401.5,100.0,1.0
205290,1285,159,5.835786,0.86399,0.032287,0.006225,0.0,0.00143771,0.056098,-0.547639,0.082902,0.759494,0.123231,5533.5,78.6,11.3,647.1,100.0,1.0
205445,1286,155,-0.947664,0.947077,0.769846,0.0,0.0,0.00267807,-0.461545,-1.0,0.054711,-0.513228,0.180136,2560.6,131.5,14.4,680.6,100.0,1.0
205596,1287,151,-0.924058,0.639263,0.6,0.001852,0.0,0.00295398,-0.658185,-1.0,-0.958689,-0.7953,0.210647,1205.6,147.2,17.7,276.3,100.0,1.0
205761,1288,165,-0.432368,0.618133,0.6,0.001204,0.0,0.00285166,-0.674404,-1.0,-1.0,-0.827308,0.217746,1098.4,159.0,17.4,228.2,100.0,1.0
205924,1289,163,6.120789,0.2,0.824361,0.0,0.167051,0.00279781,-0.156725,-0.693293,0.622517,0.060197,0.182036,4978.6,117.4,16.6,597.0,100.0,1.0
206086,1290,162,-0.981916,0.2,0.6,0.000963,0.365002,0.0027353,-0.68925,-1.0,-1.0,-0.895313,0.201874,727.7,173.8,12.6,479.2,100.0,1.0
206240,1291,154,-3.712265,0.576645,-0.433127,0.0,0.0,0.00135234,-0.390158,-1.0,-0.821017,-0.086364,0.09185,2794.2,76.5,6.1,640.7,100.0,1.0
206396,1292,156,-0.97588,0.660396,0.664422,0.0,1.8e-05,0.00285602,-0.5115,-1.0,-1.0,-0.372745,0.141932,2687.8,107.1,10.9,533.2,100.0,1.0
206563,1293,167,-0.366726,0.269227,-0.480484,0.0,0.0,0.00230491,-0.403102,-1.0,-0.356859,-0.195022,0.168314,3378.1,104.9,15.8,739.4,100.0,1.0
206724,1294,161,-1.575044,0.500318,-0.267106,0.00023,0.0,0.00127428,-0.282411,-0.989197,-0.456437,0.141115,0.090864,3851.2,84.4,4.9,797.5,100.0,1.0
206884,1295,160,1.200817,0.682317,-0.054101,0.0,0.0,0.00136692,-0.159767,-0.898305,-0.510792,0.497165,0.095032,4197.5,70.1,7.5,898.6,100.0,1.0
207050,1296,166,-3.281055,0.331262,0.6,0.001876,0.000426,0.002,-0.631077,-1.0,-1.0,-0.723168,0.18322,1444.0,130.4,15.1,996.7,100.0,1.0
207204,1297,154,7.580204,0.815149,-0.028109,0.0,0.0,0.00277276,-0.055126,-0.591325,1.0,0.193817,0.186971,5367.1,112.4,18.1,331.9,100.0,1.0
207365,1298,161,3.13521,0.808673,-0.2474,0.0,9e-06,0.00169287,-0.11861,-0.765004,-0.063364,0.400233,0.117407,4705.3,84.0,9.6,462.8,100.0,1.0
207520,1299,155,-0.646031,0.2,0.6,0.002321,0.213444,0.0029755,-0.636077,-1.0,-1.0,-0.754105,0.170986,1136.2,115.5,14.9,422.0,100.0,1.0
207680,1300,160,7.16905,0.40467,0.022132,0.0,0.0,0.00131961,0.141219,-0.423865,0.165401,0.935511,0.14288,6005.1,77.6,14.9,704.5,100.0,1.0
207836,1301,156,4.265531,0.2,-0.084658,0.0,0.030469,0.00206136,-0.111965,-0.628852,1.0,0.024602,0.177523,5224.1,127.5,14.5,966.6,100.0,1.0
207994,1302,158,-3.474603,1.0,-0.308558,0.0,0.0,0.00147162,-0.403276,-1.0,-0.504932,-0.198861,0.123213,3228.0,100.7,8.4,673.6,100.0,1.0
208155,1303,161,0.466096,0.2,0.74085,0.002092,0.135057,0.00296327,-0.454555,-1.0,0.398815,-0.525255,0.248171,2941.4,154.9,23.3,526.6,100.0,1.0
208311,1304,156,-1.246367,0.2,-0.275284,0.0,0.002914,0.00144563,-0.2868,-1.0,-0.52285,0.172528,0.103639,3559.8,75.9,8.2,578.3,100.0,1.0
208470,1305,159,0.326908,0.17635,0.783543,0.0,0.0,0.00287268,-0.440987,-1.0,-0.32695,-0.318488,0.179272,3110.7,114.1,16.5,311.8,100.0,1.0
208623,1306,153,4.341175,0.873046,-0.225687,0.0,0.0,0.00177896,-0.058477,-0.685035,0.12401,0.480782,0.125295,5010.0,84.6,10.9,413.2,100.0,1.0
208783,1307,160,-3.78495,1.0,-0.516477,0.0,0.0,0.00165867,-0.451725,-1.0,-0.855961,-0.266844,0.103075,2634.0,89.8,6.3,575.8,100.0,1.0
208936,1308,153,-5.767833,-0.467922,-0.463735,0.0,0.0,0.00129623,-0.482261,-1.0,-0.621753,-0.331293,0.201995,2679.4,100.2,22.4,743.4,100.0,1.0
209094,1309,158,7.044059,0.757489,-0.054806,0.0,0.0,0.00251239,-0.050213,-0.308358,0.61159,0.166126,0.240343,6445.2,138.2,24.1,575.8,100.0,1.0
209259,1310,165,7.424109,0.228791,0.085889,0.0,0.0,0.00152192,0.114564,-0.334076,0.21665,0.722556,0.115283,6347.2,92.1,8.2,1083.8,100.0,1.0
209417,1311,158,8.62313,0.150538,0.009004,0.0,0.0,0.00192071,0.121246,-0.332157,0.315426,0.719126,0.122844,6354.5,92.4,9.4,493.6,100.0,1.0
209576,1312,159,-3.235897,0.240664,0.6,0.0,0.0,0.00210979,-0.506129,-1.0,-0.992485,-0.331986,0.163672,2406.7,90.1,17.0,359.2,100.0,1.0
209741,1313,165,-2.752115,0.420298,0.6,0.001651,7.6e-05,0.00217999,-0.683742,-1.0,-1.0,-0.819401,0.251204,1145.7,158.6,23.3,570.4,100.0,1.0
209900,1314,159,-5.992731,0.2,-0.477739,0.0,0.195472,0.00123376,-0.519453,-1.0,-0.962091,-0.39763,0.154158,2447.8,101.6,13.8,652.1,100.0,1.0
210061,1315,161,0.195522,1.0,-0.292418,0.0,0.0,0.00183204,-0.285356,-0.777214,-0.388998,0.041747,0.184791,4658.8,111.8,17.8,458.6,100.0,1.0
210216,1316,155,10.05593,0.268927,0.036798,0.0,0.0,0.002414,0.121608,-0.205316,0.768823,0.491685,0.147002,6837.7,114.6,10.8,461.3,100.0,1.0
210377,1317,161,-2.198273,1.0,0.677856,0.0,0.0,0.00241495,-0.52745,-1.0,-0.827598,-0.426647,0.19056,2621.5,114.3,18.5,318.8,100.0,1.0
210538,1318,161,0.242415,0.2,0.774752,0.000261,0.357439,0.00256537,-0.401261,-1.0,0.842455,-0.515959,0.230625,3399.4,175.6,17.5,797.7,100.0,1.0
210698,1319,160,8.923486,0.60345,-0.260627,0.0,0.0,0.00277493,-0.003486,-0.343783,0.912515,0.183713,0.182587,6310.2,133.3,14.6,783.7,100.0,1.0
210860,1320,162,5.804934,1.0,0.844552,0.0,0.0,0.00310372,-0.216164,-0.644178,0.781702,-0.108135,0.28814,5165.7,144.8,31.7,257.3,100.0,1.0
211020,1321,160,-0.970492,0.301374,0.738838,0.000772,0.013129,0.00280831,-0.51005,-1.0,-0.027495,-0.623834,0.200429,2169.0,144.1,16.3,492.7,100.0,1.0
211184,1322,164,1.390569,0.2,-0.113597,0.0,0.06571,0.00128769,-0.142339,-0.717902,0.11651,0.288072,0.174104,4884.8,94.8,18.2,682.3,100.0,1.0
211342,1323,158,-2.025963,0.394351,0.6,0.002411,1.7e-05,0.00251383,-0.652389,-1.0,-1.0,-0.774488,0.200121,1099.2,121.9,19.2,531.7,100.0,1.0
211499,1324,157,0.863221,0.618969,0.828329,0.0,0.0,0.00277267,-0.392776,-1.0,0.43997,-0.364063,0.221585,3784.7,148.8,19.4,629.7,100.0,1.0
211656,1325,157,3.54714,0.409466,-0.474936,0.0,2.3e-05,0.00278399,-0.26149,-0.867351,0.372817,-0.070857,0.173362,4315.4,116.1,15.2,508.4,100.0,1.0
211818,1326,162,-1.54397,0.567168,0.6,0.003347,0.0,0.00260612,-0.631022,-1.0,-1.0,-0.732899,0.17472,1450.4,135.8,12.9,461.1,100.0,1.0
211980,1327,162,3.8992,1.0,0.78187,0.0,0.0,0.00290331,-0.277031,-0.777232,0.499612,-0.168674,0.234519,4658.7,140.1,22.8,745.8,100.0,1.0
212142,1328,162,5.489751,0.94888,-0.010841,0.0,0.0,0.0015003,0.029482,-0.407575,-0.082528,0.635201,0.145519,6067.1,92.8,13.4,511.8,100.0,1.0
212300,1329,158,3.643724,0.746733,-0.123974,0.0,1e-05,0.00194548,-0.126539,-0.633028,-0.076017,0.331412,0.171725,5208.2,97.8,17.4,421.6,100.0,1.0
212454,1330,154,-1.175688,0.2,0.6,0.0,0.117755,0.00285782,-0.630302,-1.0,-1.0,-0.706191,0.195555,1507.9,128.3,17.5,597.7,100.0,1.0
212614,1331,160,-1.571324,0.2,0.6,0.000935,0.087288,0.00263055,-0.69546,-1.0,-1.0,-0.846415,0.261529,1064.2,173.2,23.2,341.1,100.0,1.0
212772,1332,158,-3.139019,0.731881,-0.343414,0.001134,4e-06,0.001372,-0.372842,-1.0,-0.700439,-0.014302,0.138592,3245.4,82.3,13.6,531.1,100.0,1.0
212928,1333,156,1.96427,1.0,0.705315,0.0,0.0,0.00324085,-0.408239,-1.0,0.92962,-0.566108,0.232482,2832.2,163.2,19.4,159.7,100.0,1.0
213094,1334,166,-0.975963,0.472419,0.6,0.002843,0.0,0.00272242,-0.672361,-1.0,-0.935171,-0.81254,0.243092,1343.2,179.1,19.2,585.4,100.0,1.0
213255,1335,161,-2.116862,0.2,0.6,0.0,0.004787,0.00245307,-0.572085,-1.0,-0.626292,-0.612842,0.216011,2122.8,137.1,20.0,519.1,100.0,1.0
213419,1336,164,4.108702,0.2,-0.470703,0.0,0.0,0.00277729,-0.250834,-0.644669,0.460939,-0.135112,0.272078,5163.8,149.3,28.3,645.4,100.0,1.0
213577,1337,158,9.34441,0.369242,-0.021375,0.0,5e-06,0.00193118,0.160943,-0.164532,0.852521,0.63227,0.208164,6993.1,107.1,22.6,779.0,100.0,1.0
213741,1338,164,-1.500812,0.941439,-0.27057,0.0,0.0,0.00137141,-0.299744,-1.0,-0.692092,0.208976,0.123507,3571.4,73.9,12.0,604.6,100.0,1.0
213903,1339,162,-0.041063,0.849269,0.79393,0.00311,0.0,0.00292718,-0.476626,-1.0,0.093136,-0.454593,0.284461,3199.4,146.7,30.8,265.9,100.0,1.0
214066,1340,163,0.261153,1.0,0.623776,0.0,0.0,0.00295698,-0.46932,-1.0,-0.482153,-0.321981,0.212887,3223.4,118.9,21.8,626.4,100.0,1.0
214232,1341,166,6.980711,0.342532,-0.3094,0.0,0.0,0.00265173,-0.091423,-0.384013,0.184956,0.251446,0.255283,6156.9,123.0,28.8,377.8,100.0,1.0
214392,1342,160,4.118977,0.2,-0.052412,0.0,0.110484,0.00177735,-0.078435,-0.51977,0.800059,0.14208,0.203207,5639.7,123.5,19.5,965.8,100.0,1.0
214548,1343,156,-1.241849,0.574756,-0.314797,0.000944,5e-06,0.00136156,-0.274478,-1.0,-0.429,0.169688,0.092813,3513.8,75.1,6.4,674.2,100.0,1.0
214707,1344,159,-3.242808,0.409596,0.730557,0.0,0.0,0.00214336,-0.518043,-1.0,-0.545785,-0.494609,0.185948,2570.5,127.2,16.0,682.0,100.0,1.0
214760,1345,53,-8.435355,0.2,-0.591316,0.006674,0.040317,0.00144853,-0.670496,-1.0,-1.0,-1.0,0.05856,0.0,23.6,7.2,113.4,100.0,1.0
214914,1346,154,-1.219095,0.222008,0.6,0.002841,0.132051,0.00286556,-0.659269,-1.0,-0.964117,-0.756791,0.245201,1511.2,155.3,22.7,346.1,100.0,1.0
215076,1347,162,-3.64435,0.380384,-0.435966,0.0,0.0,0.00150927,-0.427021,-1.0,-0.705371,-0.160781,0.166428,3536.3,105.3,15.4,661.6,100.0,1.0
215242,1348,166,-0.57844,1.0,0.740106,0.000353,0.0,0.00263269,-0.466212,-1.0,0.335978,-0.506873,0.279279,3283.4,166.5,27.3,624.4,100.0,1.0
215394,1349,152,0.477167,0.381305,0.677886,0.0,3.9e-05,0.00289328,-0.416123,-1.0,-0.410164,-0.244148,0.148178,3150.6,104.2,12.4,471.4,100.0,1.0
215552,1350,158,3.316461,0.663974,-0.290896,0.0,0.0,0.00253225,-0.233938,-0.755168,0.720065,-0.176657,0.183301,4742.8,144.0,13.3,855.2,100.0,1.0
215714,1351,162,-2.538539,0.740398,0.6,0.0,2e-06,0.00233044,-0.604194,-1.0,-1.0,-0.665981,0.155427,1444.5,108.1,13.1,600.8,100.0,1.0
215882,1352,168,4.599991,0.2,0.075689,0.008468,0.075979,0.00143089,-0.009596,-0.426265,-0.061509,0.516436,0.148028,5995.9,98.8,13.0,854.2,100.0,1.0
216047,1353,165,3.2774,0.813771,-0.032845,0.010351,0.0,0.00125334,-0.042386,-0.508826,0.113335,0.430054,0.158653,5681.4,99.3,14.9,738.8,100.0,1.0
216202,1354,155,0.678508,0.2,0.776076,0.000238,0.024708,0.00286786,-0.410749,-1.0,-0.029975,-0.295575,0.197367,3632.8,128.9,17.8,672.4,100.0,1.0
216361,1355,159,5.910853,0.887063,-0.23548,0.000654,0.0,0.0026406,-0.123233,-0.385964,0.42001,0.045611,0.235503,6149.5,147.0,22.1,552.8,100.0,1.0
216526,1356,165,1.32476,0.761314,0.792531,0.0,0.0,0.00295778,-0.421828,-0.965161,-0.22232,-0.293006,0.201154,3942.7,139.4,17.0,470.5,100.0,1.0
216688,1357,162,-0.701912,0.410384,0.707768,0.001063,0.0,0.00281241,-0.491249,-1.0,-0.051859,-0.531726,0.218701,2737.1,146.1,19.3,479.6,100.0,1.0
216854,1358,166,10.220794,0.503026,0.008824,0.009016,0.0,0.00148446,0.267738,-0.123217,0.585745,0.987408,0.160728,7150.5,89.9,16.5,547.9,100.0,1.0
217018,1359,164,5.498965,0.871118,-0.115265,0.0,0.0,0.00187954,-0.031632,-0.392981,-0.003866,0.444298,0.1894,6122.7,106.0,19.4,379.5,100.0,1.0
217176,1360,158,-3.174171,0.612174,0.6,0.002243,0.0,0.00219238,-0.615804,-1.0,-1.0,-0.690624,0.167476,1550.5,125.3,13.0,456.1,100.0,1.0
217335,1361,159,2.789977,1.0,-0.350424,0.0,0.0,0.00268863,-0.287236,-0.828272,0.913279,-0.268192,0.260109,4464.3,152.5,25.7,618.3,100.0,1.0
217493,1362,158,3.117407,1.0,-0.083275,0.0,0.0,0.001686,-0.109434,-0.612716,-0.25437,0.38777,0.134712,5285.6,95.2,11.2,598.3,100.0,1.0
217658,1363,165,-0.404927,0.256819,-0.5756,0.0,0.003705,0.00222339,-0.387303,-1.0,0.105078,-0.272791,0.188494,3794.7,130.5,16.0,508.3,100.0,1.0
217824,1364,166,-2.326014,1.0,-0.168228,0.021425,0.0,0.00155292,-0.374886,-0.941037,-0.825141,0.019104,0.179555,4034.6,99.0,18.6,583.8,100.0,1.0
217981,1365,157,8.337669,0.2,0.016139,0.005606,0.280074,0.00163601,0.162889,-0.371976,0.172981,1.0,0.175472,6202.8,77.5,20.7,633.1,100.0,1.0
218148,1366,167,3.810062,0.475703,0.904826,0.0,6.9e-05,0.00294318,-0.299912,-0.718576,0.761978,-0.287096,0.315249,4882.2,171.2,33.0,385.5,100.0,1.0
218309,1367,161,7.24113,0.558618,-0.051634,0.0,0.0,0.00237514,-0.017565,-0.293855,0.190063,0.403409,0.240372,6500.4,115.8,27.1,563.3,100.0,1.0
218464,1368,155,-2.675243,0.864065,-0.453208,0.0,0.0,0.00180584,-0.41474,-1.0,-0.596769,-0.175152,0.150048,2803.8,85.0,15.2,601.9,100.0,1.0
218629,1369,165,-0.005789,1.0,0.6,0.003928,0.0,0.00307618,-0.62133,-1.0,-0.922267,-0.626142,0.260745,2129.2,142.4,27.2,289.0,100.0,1.0
218783,1370,154,6.394526,0.643071,-0.036492,3.9e-05,0.0,0.00107405,0.157221,-0.27514,0.618358,0.712698,0.141827,6571.7,95.9,12.3,934.8,100.0,1.0
218945,1371,162,-0.436442,0.2,-0.443878,0.0,0.130782,0.00247397,-0.422962,-1.0,-0.509866,-0.211295,0.167391,3710.4,117.6,14.0,607.3,100.0,1.0
219099,1372,154,3.126044,0.2,0.80328,0.000932,0.011198,0.00282177,-0.276904,-0.873123,1.0,-0.27664,0.216089,4293.4,148.4,18.5,593.9,100.0,1.0
219259,1373,160,7.958894,1.0,-0.004974,0.0,0.0,0.00230384,0.033289,-0.164591,0.964882,0.293751,0.314791,6992.9,135.1,37.7,565.9,100.0,1.0
219420,1374,161,-0.403176,0.2,0.712813,0.0,0.015337,0.00293263,-0.492922,-1.0,-0.089345,-0.458926,0.275171,3269.2,151.1,28.6,492.7,100.0,1.0
219584,1375,164,10.934684,0.781126,0.057201,0.0,0.0,0.00205694,0.215515,-0.017553,0.576248,0.768922,0.195423,7553.1,106.7,20.4,788.2,100.0,1.0
219746,1376,162,0.312828,1.0,-0.482287,0.0,0.0,0.00240183,-0.373367,-1.0,0.011683,-0.206559,0.178765,3547.8,111.8,16.8,656.2,100.0,1.0
219908,1377,162,-1.652589,0.593253,0.6,0.0,0.0,0.00262456,-0.574462,-1.0,-0.657448,-0.637366,0.192879,2016.9,139.0,15.6,497.2,100.0,1.0
220066,1378,158,9.617551,0.53091,-0.085525,0.0,5.1e-05,0.002362,0.113524,-0.141668,0.720914,0.477759,0.189938,7080.2,119.8,17.7,544.5,100.0,1.0
220229,1379,163,-0.263119,0.882532,0.6,0.0,0.0,0.00304638,-0.629332,-1.0,-0.602501,-0.733005,0.283372,1911.1,178.9,26.3,268.0,100.0,1.0
220392,1380,163,8.917328,0.22013,0.006881,0.0,0.0,0.00259246,0.029427,-0.292351,0.735859,0.372258,0.236425,6506.1,118.5,26.0,387.8,100.0,1.0
220549,1381,157,-1.493179,0.653052,0.6,0.0018,0.0,0.00276775,-0.588704,-1.0,-0.470873,-0.602482,0.316779,2361.6,148.5,36.2,436.6,100.0,1.0
220713,1382,164,13.658674,0.214182,0.108341,0.0,0.023771,0.00166917,0.41947,0.455607,0.534918,1.0,0.136925,9355.9,107.7,9.9,637.3,100.0,1.0
220876,1383,163,-2.505442,0.502579,0.6,0.004246,2.6e-05,0.00235076,-0.636025,-1.0,-1.0,-0.61385,0.291058,1950.4,126.3,34.7,499.3,100.0,1.0
221037,1384,161,5.657912,0.2,-0.283156,0.0,0.0,0.00289075,-0.178233,-0.567857,0.988545,-0.161763,0.247412,5456.5,162.7,22.1,459.7,100.0,1.0
221199,1385,162,7.070368,0.894913,-0.008497,0.0,0.0,0.00140353,0.131876,-0.121756,0.033532,0.776156,0.2111,7156.1,100.7,23.9,683.4,100.0,1.0
221359,1386,160,0.077303,0.842686,-0.415281,0.0,0.0,0.00251595,-0.398838,-0.911334,0.359589,-0.409011,0.240743,4147.8,175.5,19.3,590.2,100.0,1.0
221514,1387,155,-1.058152,1.0,0.6,0.000743,0.0,0.00295736,-0.644916,-1.0,-0.889619,-0.753963,0.2279,1591.3,161.7,18.8,282.7,100.0,1.0
221679,1388,165,-0.873666,0.258318,0.722353,0.0,0.0,0.00283054,-0.53702,-1.0,-0.531792,-0.567234,0.181916,2744.2,158.5,11.1,731.4,100.0,1.0
221836,1389,157,-1.080109,1.0,0.692745,0.0,0.0,0.00291917,-0.547332,-1.0,-0.275392,-0.631364,0.229668,2458.7,166.7,18.5,254.4,100.0,1.0
222000,1390,164,-0.991351,0.34906,0.6,0.009754,0.0,0.00281434,-0.714361,-1.0,-1.0,-0.804655,0.351328,1537.8,196.8,36.0,535.4,100.0,1.0
222160,1391,160,-0.424084,0.515907,0.649974,0.006188,0.0,0.00291503,-0.488345,-1.0,0.825636,-0.607446,0.396214,3060.8,194.9,44.1,315.7,100.0,1.0
222324,1392,164,4.258964,0.244077,0.783435,0.003536,0.0,0.00298555,-0.272398,-0.739114,0.428531,-0.175629,0.222241,4804.0,145.7,19.9,300.6,100.0,1.0
222483,1393,159,-1.870144,0.334841,0.693485,0.006646,0.000137,0.00262901,-0.642506,-1.0,-0.293988,-0.822701,0.332279,1525.4,215.1,32.2,603.2,100.0,1.0
222643,1394,160,-0.853024,0.519723,0.707098,0.001699,9.6e-05,0.00273273,-0.48111,-1.0,0.394738,-0.612119,0.248423,2844.0,183.3,19.6,535.0,100.0,1.0
222804,1395,161,-0.718045,0.2,0.682789,0.0,0.033919,0.00283355,-0.493266,-1.0,-0.482538,-0.450174,0.171315,3139.4,142.7,11.3,560.9,100.0,1.0
222961,1396,157,-0.728785,0.685162,0.6,0.0,0.0,0.00304319,-0.588128,-1.0,-0.74519,-0.560935,0.272369,2486.2,141.6,29.3,359.9,100.0,1.0
223123,1397,162,-3.249248,0.2,-0.384085,0.001684,0.0,0.00143277,-0.398595,-1.0,-0.380803,-0.17511,0.165662,3632.7,110.1,14.7,758.1,100.0,1.0
223283,1398,160,-0.858015,0.925,0.6,0.001703,0.0,0.00295057,-0.644846,-1.0,-1.0,-0.731861,0.215108,1435.4,133.8,20.2,522.3,100.0,1.0
223447,1399,164,1.878945,0.2,0.00672,0.000851,0.025346,0.00144948,-0.141346,-0.462146,0.064729,0.163068,0.232008,5859.2,125.9,24.3,1205.7,100.0,1.0
223602,1400,155,1.899585,0.2,-0.025539,0.002706,0.0,0.00139728,-0.119161,-0.718923,0.158656,0.338576,0.162481,4880.9,91.2,16.6,667.0,100.0,1.0
223758,1401,156,1.858421,1.0,0.802758,0.0,0.0,0.00306324,-0.382815,-1.0,0.212879,-0.265686,0.212563,3635.2,123.8,21.1,334.9,100.0,1.0
223921,1402,163,5.262554,0.2,-0.044533,0.0,0.0,0.00169858,-0.006896,-0.314688,0.25214,0.374658,0.188101,6421.0,116.8,17.7,650.9,100.0,1.0
224083,1403,162,6.532892,1.0,-0.028897,0.0,0.0,0.00252312,-0.073636,-0.233317,0.576874,0.0341,0.237785,6731.1,162.7,20.4,600.1,100.0,1.0
224240,1404,157,3.438905,-0.010713,0.6,0.0,0.0,0.00286529,-0.273465,-0.772976,0.320116,-0.148496,0.193383,4675.0,137.3,16.0,572.2,100.0,1.0
224403,1405,163,-0.054204,0.609606,0.72495,0.0,0.0,0.00280288,-0.459935,-1.0,-0.048588,-0.465968,0.18653,3002.8,140.6,14.3,444.1,100.0,1.0
224566,1406,163,-2.921773,1.0,-0.319308,0.0,0.0,0.00141176,-0.380238,-0.977117,-0.706296,-0.068368,0.128054,3897.2,104.6,8.8,583.0,100.0,1.0
224724,1407,158,12.001148,0.371414,0.061857,0.0,0.000108,0.00249415,0.222746,0.199116,0.489037,0.664143,0.214798,8378.6,125.9,21.2,561.4,100.0,1.0
224885,1408,161,8.223968,0.759665,-0.049498,0.001223,8.1e-05,0.0022207,0.065345,-0.068663,0.62294,0.300498,0.199808,7358.4,141.5,16.5,493.7,100.0,1.0
225047,1409,162,9.212967,0.907046,0.928752,0.0,0.0,0.00317383,-0.040258,-0.285693,0.559501,0.151587,0.200745,6531.5,141.8,16.7,384.0,100.0,1.0
225209,1410,162,-1.645175,-0.755464,0.6,0.0,0.024077,0.00265674,-0.615041,-1.0,-0.860799,-0.660697,0.23072,1984.3,146.2,21.4,721.1,100.0,1.0
225364,1411,155,3.823849,0.29608,0.833927,0.0,0.000569,0.00299452,-0.267298,-0.700576,0.124035,-0.090328,0.221311,4950.8,136.1,21.0,478.3,100.0,1.0
225525,1412,161,-0.841558,0.926842,0.725267,0.0,0.0,0.00278052,-0.49132,-1.0,-0.458732,-0.464546,0.160237,3151.0,147.1,8.8,659.5,100.0,1.0
225690,1413,165,9.28858,1.0,0.028965,0.010422,0.0,0.00170907,0.197091,0.217827,0.426582,0.571603,0.204301,8449.9,134.4,18.3,565.8,100.0,1.0
225848,1414,158,-3.903461,0.884834,0.6,0.0,0.0,0.00201261,-0.597528,-1.0,-1.0,-0.589033,0.202339,1958.8,119.2,19.9,477.6,100.0,1.0
226012,1415,164,-1.686809,0.311266,0.709404,0.0,6.2e-05,0.00254326,-0.504311,-1.0,-0.674137,-0.404788,0.187031,3604.4,151.4,13.0,700.7,100.0,1.0
226169,1416,157,1.707859,0.919272,-0.2895,0.001901,0.0,0.00172806,-0.183168,-0.649325,-0.460873,0.287923,0.174646,5146.1,99.9,17.6,454.4,100.0,1.0
226324,1417,155,5.335966,0.296588,-0.06654,0.002278,0.003817,0.00147444,0.046794,-0.513354,-0.001263,0.801896,0.1866,5664.1,78.6,22.5,437.2,100.0,1.0
226490,1418,166,-0.894476,0.72377,0.724709,0.001145,0.0,0.00272659,-0.499059,-1.0,0.401535,-0.631352,0.285162,2868.9,194.6,24.6,673.4,100.0,1.0
226649,1419,159,5.732692,0.873135,0.891819,0.000739,4.5e-05,0.00304222,-0.187836,-0.650991,0.833256,-0.130542,0.19786,5139.7,147.8,15.4,494.5,100.0,1.0
226802,1420,153,2.027148,0.370814,-0.048292,0.0,0.0,0.00151013,-0.126306,-0.604625,-0.232312,0.4263,0.228024,5316.4,93.2,27.9,551.9,100.0,1.0
226959,1421,157,-0.115081,0.412709,0.771018,0.001814,0.0,0.00300507,-0.478081,-1.0,0.467198,-0.5238,0.336173,3582.4,188.1,34.4,357.0,100.0,1.0
227120,1422,161,-1.086698,0.27554,0.845453,0.0,0.0,0.00276071,-0.500926,-1.0,-0.167691,-0.446484,0.286321,3483.3,157.3,29.7,672.7,100.0,1.0
227277,1423,157,4.882836,0.2,-0.366881,0.0,0.35,0.00259328,-0.154636,-0.588276,0.209558,0.103592,0.170289,5378.7,121.8,13.9,545.3,100.0,1.0
227437,1424,160,9.678723,0.505747,0.006513,0.0,1.9e-05,0.00216491,0.154556,0.169709,0.729693,0.376678,0.210984,8266.6,150.1,17.4,600.2,100.0,1.0
227596,1425,159,-1.210068,0.2,0.6,0.001483,0.0555,0.00287523,-0.663688,-1.0,-0.823497,-0.805811,0.255985,1488.4,191.6,19.8,576.8,100.0,1.0
227752,1426,156,-2.955136,0.680403,0.6,0.0,0.0,0.00235995,-0.660346,-1.0,-1.0,-0.756996,0.237851,1392.6,143.3,23.0,595.6,100.0,1.0
227918,1427,166,-0.861595,0.296756,0.6,0.0,0.0,0.00286776,-0.521513,-1.0,-0.23364,-0.554164,0.234001,2969.9,166.5,19.3,535.0,100.0,1.0
228075,1428,157,0.064921,0.417212,0.759816,0.001424,0.000298,0.00303481,-0.47343,-1.0,-0.219694,-0.439038,0.199282,3450.8,153.8,14.8,311.4,100.0,1.0
228241,1429,166,11.76731,0.583861,0.113119,0.0,9e-06,0.00188782,0.297521,0.242825,0.341261,0.893904,0.187093,8545.2,112.8,18.1,562.1,100.0,1.0
228398,1430,157,-0.626325,1.0,-0.188564,0.005126,9e-05,0.00152673,-0.272187,-0.766303,-0.54705,0.073013,0.1366,4700.4,109.5,9.6,576.7,100.0,1.0
228553,1431,155,-4.584083,1.0,-0.447983,0.0,0.0,0.00181807,-0.521571,-1.0,-1.0,-0.338246,0.200279,3033.2,114.6,20.2,707.7,100.0,1.0
228715,1432,162,-0.650963,0.2,0.716971,0.001939,0.0,0.00285865,-0.497207,-1.0,0.57845,-0.642107,0.321199,2838.6,198.3,30.4,411.0,100.0,1.0
228875,1433,160,4.292796,0.2,-0.194088,0.002816,0.0,0.00207321,-0.108704,-0.447812,0.003011,0.225002,0.184436,5913.8,120.7,16.6,585.0,100.0,1.0
229042,1434,167,1.126672,0.849685,0.6,0.005003,0.0,0.00292117,-0.429566,-0.895718,-0.140564,-0.328413,0.265876,4207.3,156.6,26.2,511.5,100.0,1.0
229206,1435,164,6.207378,1.0,0.07916,0.028565,0.0,0.00151282,0.074659,-0.308636,0.589798,0.490989,0.155595,6444.1,108.1,13.2,923.4,100.0,1.0
229366,1436,160,3.522154,0.558733,0.033257,0.0,0.0,0.00137212,-0.036418,-0.300873,0.668146,0.15085,0.20934,6473.7,140.6,18.3,999.0,100.0,1.0
229528,1437,162,6.07201,1.0,-0.279047,0.0,0.0,0.00291275,-0.156312,-0.401833,0.401395,-0.059935,0.222895,6089.0,161.9,17.9,508.8,100.0,1.0
229682,1438,154,-2.284113,1.0,-0.395562,0.0,0.0,0.00156803,-0.360276,-0.8126,-0.500404,-0.151104,0.176442,4524.0,133.2,13.5,477.7,100.0,1.0
229843,1439,161,-1.48999,0.56634,0.689523,0.010312,0.0,0.00276915,-0.613357,-1.0,-0.377111,-0.76298,0.276433,1937.9,204.4,22.3,491.1,100.0,1.0
230005,1440,162,-1.426569,0.525929,0.715696,0.0,0.0,0.00277452,-0.529699,-1.0,-0.119512,-0.571496,0.275139,2913.6,170.0,26.1,690.2,100.0,1.0
230167,1441,162,12.627659,1.0,0.119945,0.0,0.0,0.00181205,0.36415,0.56578,0.474793,0.8045,0.188926,9775.6,135.4,15.4,727.0,100.0,1.0
230323,1442,156,-0.951545,-0.119234,-0.361122,0.007707,0.0,0.00184829,-0.337916,-0.909922,-0.141477,-0.09741,0.191614,4153.2,115.0,18.6,522.8,100.0,1.0
230473,1443,150,-0.326055,1.0,-0.398363,0.0,0.0,0.00207701,-0.328555,-0.96779,0.03518,-0.071355,0.19634,3932.7,105.9,20.6,619.7,100.0,1.0
230636,1444,163,-2.429888,0.555571,0.6,0.000679,0.0,0.00243697,-0.690214,-1.0,-1.0,-0.753979,0.325771,1550.0,157.5,36.6,458.2,100.0,1.0
230797,1445,161,12.255749,0.703671,0.072994,0.002713,0.0,0.00268444,0.206613,0.154595,1.0,0.501494,0.235668,8209.0,136.7,23.5,395.0,100.0,1.0
230961,1446,164,-1.706466,0.675109,-0.303426,0.0,9.2e-05,0.00146517,-0.329256,-0.712943,-0.598522,-0.090872,0.18259,4903.7,134.8,14.4,688.7,100.0,1.0
231120,1447,159,0.540292,1.0,0.812685,0.0,0.0,0.00271985,-0.404414,-0.943701,0.00419,-0.233923,0.282089,4024.5,131.3,32.4,454.4,100.0,1.0
231276,1448,156,-2.634954,0.2,0.6,0.0,0.0,0.00247667,-0.56393,-1.0,-0.753861,-0.541987,0.216993,2216.0,121.0,22.3,561.5,100.0,1.0
231435,1449,159,-1.256993,1.0,0.710337,0.001416,0.0,0.00289519,-0.577809,-1.0,-0.543929,-0.518469,0.336788,3122.0,162.1,38.0,548.7,100.0,1.0
231596,1450,161,7.221917,0.647753,-0.035892,0.0,0.0,0.0024401,-0.015792,-0.027238,0.306269,0.132789,0.226988,7516.2,165.9,18.1,550.8,100.0,1.0
231753,1451,157,2.078181,0.407754,0.770666,0.0,0.0,0.00298303,-0.359981,-0.902891,-0.3544,-0.144223,0.158718,4180.0,122.1,11.8,359.0,100.0,1.0
231911,1452,158,-1.439539,0.2,0.6,0.002244,0.357245,0.00284249,-0.606502,-1.0,-0.695384,-0.632233,0.277983,2531.9,172.1,26.3,562.1,100.0,1.0
232072,1453,161,1.220015,0.903025,0.752132,0.0,0.0,0.00306709,-0.430274,-1.0,0.493309,-0.469187,0.253853,3397.9,160.0,23.6,490.4,100.0,1.0
232237,1454,165,0.234599,0.84989,0.763827,0.0,0.0,0.00299954,-0.482984,-1.0,-0.489324,-0.36943,0.209208,3436.9,136.3,18.9,398.2,100.0,1.0
232399,1455,162,-5.71541,0.413401,-0.407348,0.0,0.0,0.00138315,-0.538941,-1.0,-1.0,-0.411449,0.18716,3177.5,135.0,15.2,705.2,100.0,1.0
232556,1456,157,3.373633,0.769993,0.942397,0.0,0.0,0.00305919,-0.303682,-0.498166,0.78068,-0.20381,0.560187,5722.0,179.7,75.1,408.7,100.0,1.0
232719,1457,163,10.189064,0.533682,0.126267,0.0,0.0,0.00235702,0.150036,0.227392,0.655708,0.446546,0.303846,8486.4,146.7,34.2,821.4,100.0,1.0
232884,1458,165,-3.132441,0.403846,0.642611,0.0,0.0,0.00219945,-0.608619,-1.0,-1.0,-0.564655,0.254921,2431.3,139.6,26.5,336.6,100.0,1.0
233041,1459,157,7.966872,0.522739,-0.143227,0.0,0.0,0.0024447,0.034116,-0.171846,0.30762,0.345012,0.163394,6965.3,129.5,11.7,427.1,100.0,1.0
233205,1460,164,1.477771,0.954854,0.785106,0.0,0.0,0.00294411,-0.405518,-0.761459,-0.217265,-0.29564,0.299242,4718.8,167.5,30.6,576.5,100.0,1.0
233369,1461,164,4.883664,0.2,-0.17527,0.014432,0.308974,0.0027096,-0.188009,-0.328351,0.549244,-0.102465,0.37173,6369.0,177.4,42.1,672.3,100.0,1.0
233527,1462,158,-2.480547,0.2,0.6,0.0,0.196024,0.00251265,-0.625908,-1.0,-1.0,-0.659255,0.223234,1900.0,139.4,20.9,519.5,100.0,1.0
233687,1463,160,-1.246177,0.837648,0.836166,0.001493,0.0,0.0029021,-0.561517,-1.0,-0.298195,-0.501821,0.374716,3393.9,170.3,43.6,372.2,100.0,1.0
233844,1464,157,-1.614177,0.2,0.6,0.000704,0.0,0.00282351,-0.712866,-1.0,-0.948732,-0.848947,0.32374,1308.9,216.6,30.7,417.5,100.0,1.0
234007,1465,163,3.165989,0.2,0.863747,0.003345,0.363204,0.00280105,-0.290035,-0.596421,0.766123,-0.358857,0.313957,5347.6,208.5,28.9,694.3,100.0,1.0
234171,1466,164,-1.686745,0.581764,0.6,0.0,0.0,0.00268765,-0.643151,-1.0,-0.561757,-0.767577,0.304863,2082.1,224.0,27.3,325.9,100.0,1.0
234333,1467,162,7.987328,0.310375,0.131108,0.0,0.000212,0.00217413,0.068703,0.166195,0.623005,0.211303,0.281536,8253.2,170.3,27.1,1174.8,100.0,1.0
234499,1468,166,-1.676971,1.0,0.680381,0.0,0.0,0.00266713,-0.532658,-1.0,0.008866,-0.569919,0.321626,3140.0,182.5,32.6,514.8,100.0,1.0
234661,1469,162,9.212336,1.0,0.08579,0.0,0.0,0.00239327,0.09811,0.012952,0.891607,0.1995,0.154682,7669.3,159.8,6.1,733.6,100.0,1.0
234823,1470,162,-1.755949,0.38007,0.667871,0.0,0.00026,0.00270148,-0.594626,-1.0,-0.755229,-0.594981,0.258883,2961.4,182.8,21.5,627.5,100.0,1.0
234986,1471,163,-0.88467,1.0,0.6,0.003161,0.0,0.00297497,-0.662664,-1.0,-0.715501,-0.716169,0.360751,2139.2,188.4,38.7,624.3,100.0,1.0
235144,1472,158,-1.212787,0.302417,0.778972,0.023472,0.030717,0.00295577,-0.578458,-1.0,-0.033293,-0.64347,0.377393,2789.5,195.6,40.7,565.2,100.0,1.0
235306,1473,162,1.354128,1.0,-0.468853,0.0,0.0,0.00252661,-0.337859,-0.749917,-0.196925,-0.227349,0.178523,4762.8,154.1,11.1,473.7,100.0,1.0
235464,1474,158,4.8825,1.0,0.922607,0.0,0.0,0.0029645,-0.210268,-0.558107,0.865451,-0.267517,0.220089,5493.6,187.5,14.0,438.6,100.0,1.0
235618,1475,154,-1.652865,1.0,0.6,0.001667,0.0,0.00289247,-0.687636,-1.0,-1.0,-0.831091,0.25231,1091.8,161.6,23.1,541.5,100.0,1.0
235779,1476,161,-1.220377,1.0,0.6,0.0,0.0,0.00291082,-0.559244,-1.0,-0.822514,-0.53673,0.188495,2955.8,159.5,12.2,389.1,100.0,1.0
235939,1477,160,1.981902,1.0,-0.481568,0.0,0.0,0.00290156,-0.359452,-0.738651,-0.236713,-0.22533,0.238625,4805.7,155.1,21.6,639.8,100.0,1.0
236092,1478,153,-2.213063,0.389151,0.749031,0.0,0.0,0.00249831,-0.499654,-1.0,-0.349975,-0.434481,0.240893,2792.2,123.4,26.2,520.3,100.0,1.0
236257,1479,165,2.752347,1.0,0.047832,0.0,0.0,0.00169049,-0.132996,-0.325737,0.149878,0.068596,0.248939,6378.9,149.2,24.2,944.4,100.0,1.0
236421,1480,164,6.82881,0.599539,-0.272157,0.003201,0.0,0.00286889,-0.108517,-0.238951,0.464422,-0.020126,0.254811,6709.6,171.2,22.3,503.6,100.0,1.0
236580,1481,159,-0.321105,0.259928,0.817126,0.000788,0.075483,0.00270974,-0.448066,-0.983775,0.603434,-0.508021,0.314455,3871.8,196.7,29.5,557.2,100.0,1.0
236735,1482,155,8.447285,0.2,-0.0356,0.0,0.044105,0.00251831,0.058051,-0.231283,0.959811,0.247137,0.155,6738.8,135.1,9.5,598.7,100.0,1.0
236893,1483,158,8.298755,0.217146,0.09851,0.0,3.7e-05,0.00150284,0.203178,-0.028583,0.361889,0.714318,0.114746,7511.1,109.5,5.8,968.6,100.0,1.0
237056,1484,163,-1.175151,0.694339,-0.47231,0.0,0.0,0.00225815,-0.430553,-0.91687,-0.274758,-0.298276,0.241077,4126.7,147.0,23.1,790.6,100.0,1.0
237222,1485,166,6.784849,0.771719,-0.389436,0.0,5e-05,0.00238652,-0.035887,0.016429,-0.008741,0.221967,0.30203,7682.6,157.2,32.5,459.4,100.0,1.0
237383,1486,161,-4.25252,0.350506,-0.364588,0.008643,0.0,0.00151973,-0.470619,-1.0,-0.730825,-0.218586,0.234174,3439.5,110.0,26.8,706.2,100.0,1.0
237540,1487,157,-3.774353,0.2,0.711296,0.0,0.352104,0.00205855,-0.523744,-1.0,-0.676224,-0.474245,0.182423,2768.7,131.7,14.8,786.4,100.0,1.0
237704,1488,164,6.529787,0.731449,0.027941,0.0,0.000104,0.00162504,0.080396,-0.033344,0.068194,0.460388,0.160582,7493.0,128.3,11.4,667.9,100.0,1.0
237858,1489,154,0.202251,0.54505,0.784964,0.0,0.0,0.0030981,-0.466634,-1.0,0.070123,-0.509406,0.202355,3204.3,163.3,14.1,379.8,100.0,1.0
238013,1490,155,-1.909612,0.983672,0.6,0.0,2.4e-05,0.00279913,-0.625106,-1.0,-1.0,-0.616957,0.257197,2336.4,152.5,25.2,621.0,100.0,1.0
238172,1491,159,-1.966207,0.82164,0.6,0.002144,0.000107,0.00270922,-0.700102,-1.0,-1.0,-0.832031,0.287122,1302.7,193.9,25.0,626.2,100.0,1.0
238325,1492,153,3.25246,0.932626,0.852267,0.0,1.2e-05,0.00291803,-0.273446,-0.666656,1.0,-0.367104,0.276144,5080.0,200.7,22.3,359.3,100.0,1.0
238484,1493,159,-0.768647,1.0,0.747292,0.001576,0.0,0.00287661,-0.498564,-1.0,-0.440971,-0.434992,0.211341,3597.6,159.2,16.2,529.3,100.0,1.0
238646,1494,162,0.338116,0.538559,-0.242923,0.004428,4.1e-05,0.00157043,-0.236385,-0.575442,-0.461938,0.035375,0.162697,5427.6,131.1,11.4,563.9,100.0,1.0
238811,1495,165,-0.25044,0.2,0.811071,0.002924,0.051774,0.00286976,-0.487134,-1.0,-0.143764,-0.464997,0.237882,3747.8,175.1,18.8,629.4,100.0,1.0
238973,1496,162,9.053116,0.800836,0.047896,0.0,0.0,0.00221408,0.123934,0.153365,0.569092,0.316429,0.189272,8204.3,155.8,12.8,984.5,100.0,1.0
239135,1497,162,0.615734,0.738829,-0.489147,0.0,0.0,0.00277135,-0.41635,-0.928965,-0.04735,-0.378254,0.188278,4080.6,164.1,11.5,642.1,100.0,1.0
239294,1498,159,-3.320092,0.229427,0.697986,0.0,0.015484,0.00225724,-0.557549,-1.0,-1.0,-0.449687,0.207551,2773.3,126.0,20.0,548.7,100.0,1.0
239452,1499,158,-4.503731,0.2,0.674139,0.001668,7e-05,0.00187144,-0.60724,-1.0,-1.0,-0.625171,0.19911,1840.2,122.7,18.9,585.6,100.0,1.0
239613,1500,161,7.912658,1.0,0.970781,0.0,0.0,0.0030848,-0.074395,-0.258808,0.611978,0.038036,0.235148,6633.9,159.8,20.4,517.5,100.0,1.0
239774,1501,161,-1.6754,0.926848,0.6,0.0,0.0,0.00211976,-0.430804,-0.773604,-0.675665,-0.261664,0.260963,4672.6,158.2,25.1,478.8,100.0,1.0
239932,1502,158,7.118747,0.91718,0.07561,0.0,1e-06,0.00178652,0.097883,0.04646,0.37151,0.548578,0.329877,7797.0,125.9,41.6,541.0,100.0,1.0
240091,1503,159,2.527372,1.0,-0.428392,0.0,0.0,0.00277411,-0.306267,-0.777283,0.008357,-0.159852,0.185219,4658.6,138.6,14.3,495.5,100.0,1.0
240246,1504,155,-1.750031,1.0,0.6,0.004005,0.0,0.00286828,-0.640158,-1.0,-0.885452,-0.678723,0.279988,2274.5,177.0,26.0,286.6,100.0,1.0
240396,1505,150,2.8464,0.784941,0.860896,0.0,0.0,0.00307932,-0.309863,-0.896369,0.317387,-0.222506,0.14502,4204.8,135.2,7.7,383.8,100.0,1.0
240556,1506,160,-3.136922,1.0,0.686144,0.0,0.0,0.00231953,-0.552517,-1.0,-1.0,-0.482157,0.165342,2871.9,138.6,10.8,668.2,100.0,1.0
240718,1507,162,-1.656527,0.857566,0.811022,0.0,0.0,0.00278082,-0.553159,-1.0,-0.289183,-0.57045,0.294588,3173.1,184.7,27.5,536.1,100.0,1.0
240870,1508,152,-0.641374,0.756433,0.721319,0.0,0.0,0.00292317,-0.478865,-0.806216,0.210835,-0.423323,0.489706,4548.3,197.2,60.3,607.2,100.0,1.0
241032,1509,162,-1.122382,1.0,0.6,0.0,0.0,0.00288499,-0.527732,-1.0,-0.69221,-0.400736,0.252259,3517.0,146.7,25.1,353.7,100.0,1.0
241184,1510,152,-1.822521,0.542789,0.6,0.003159,0.0,0.00290165,-0.751253,-1.0,-1.0,-0.88802,0.385278,997.8,222.8,41.5,288.9,100.0,1.0
241339,1511,155,0.815231,1.0,0.782074,0.0,0.0,0.00312293,-0.440575,-0.909454,0.06983,-0.405731,0.281359,4155.0,174.8,26.5,443.5,100.0,1.0
241497,1512,158,1.124444,1.0,0.777131,0.0,0.0,0.00306234,-0.423736,-1.0,0.209169,-0.410124,0.204615,3615.2,153.2,15.8,321.9,100.0,1.0
241663,1513,166,0.10085,0.423774,0.816258,0.003489,0.0,0.00259981,-0.426274,-0.878916,-0.361102,-0.291784,0.236857,4271.3,150.8,21.8,488.0,100.0,1.0
241823,1514,160,7.693664,0.452537,-0.092196,0.014082,0.0,0.00268063,-0.015747,-0.007378,0.846952,0.035777,0.312373,7591.9,183.2,30.9,519.3,100.0,1.0
241982,1515,159,-1.869034,0.659659,0.6,0.005599,0.000157,0.00276709,-0.632681,-1.0,-0.821431,-0.590705,0.352363,2874.3,175.6,38.9,690.9,100.0,1.0
242135,1516,153,2.551998,0.245633,-0.318824,0.0,0.000246,0.00237258,-0.225874,-0.489407,-0.076432,-0.115453,0.174979,5755.4,162.7,9.3,653.1,100.0,1.0
242296,1517,161,-0.442411,0.578329,0.853454,0.012088,0.000182,0.0027928,-0.47365,-1.0,0.410372,-0.562591,0.274028,3581.5,204.7,21.9,453.9,100.0,1.0
242460,1518,164,5.506931,0.2,-0.298673,0.0,0.35,0.00266506,-0.140825,-0.202003,0.198983,-0.103764,0.225981,6850.4,191.1,14.6,662.8,100.0,1.0
242622,1519,162,-5.392679,0.623119,-0.412175,0.002568,8.9e-05,0.00132555,-0.505056,-1.0,-0.946766,-0.357379,0.151903,3210.1,124.9,10.3,873.9,100.0,1.0
242780,1520,158,6.347094,0.2,-0.074336,0.008555,0.35,0.00172672,0.068839,-0.057045,0.415908,0.425265,0.245913,7402.7,129.8,26.2,604.7,100.0,1.0
242942,1521,162,4.878676,0.2,-0.015419,0.003938,0.12436,0.00257141,-0.154047,-0.383254,0.159303,0.048832,0.253752,6159.8,146.8,25.3,771.4,100.0,1.0
243102,1522,160,13.525725,0.418568,0.090145,0.0,7e-06,0.00240573,0.343628,0.628124,0.76736,0.703319,0.288958,10013.2,147.0,31.5,516.3,100.0,1.0
243257,1523,155,0.620825,0.2,0.862052,0.0,0.173359,0.00282423,-0.404435,-0.803824,0.069577,-0.382007,0.273813,4557.4,184.4,23.9,784.4,100.0,1.0
243412,1524,155,-1.487485,1.0,0.62534,0.020933,0.0,0.00298425,-0.543033,-1.0,-0.523305,-0.490881,0.266966,3197.0,157.0,26.3,240.2,100.0,1.0
243570,1525,158,-2.127041,0.332328,0.761672,0.008064,0.05201,0.00270525,-0.581542,-1.0,0.042938,-0.641337,0.409812,3228.8,225.1,45.8,699.4,100.0,1.0
243728,1526,158,-1.827911,0.515182,0.6,0.004229,0.0,0.00280863,-0.716449,-1.0,-1.0,-0.868145,0.302872,1154.2,218.8,27.0,485.5,100.0,1.0
243889,1527,161,-4.3685,0.731432,-0.328198,0.001976,0.0,0.00136258,-0.455236,-1.0,-0.864439,-0.24844,0.126457,3770.0,125.4,5.7,616.0,100.0,1.0
244050,1528,161,-0.037932,0.77261,0.770061,0.0,0.0,0.00280911,-0.454518,-0.944345,0.387104,-0.450944,0.348169,4022.0,183.1,37.2,548.9,100.0,1.0
244214,1529,164,8.74772,1.0,-0.06519,0.0,0.0,0.00254042,0.055937,0.040033,0.480106,0.273761,0.240599,7772.5,152.6,22.3,391.4,100.0,1.0
244376,1530,162,3.542318,1.0,0.794166,0.008154,0.0,0.00310233,-0.311286,-0.690977,0.320579,-0.304539,0.226393,4987.4,179.3,16.2,311.7,100.0,1.0
244534,1531,158,-0.279602,1.0,-0.465013,0.0,0.0,0.00256351,-0.420269,-0.883467,-0.472434,-0.253386,0.217553,4254.0,142.4,19.5,524.2,100.0,1.0
244692,1532,158,-0.954962,0.62256,-0.480224,0.0,0.0,0.00271564,-0.480943,-0.97718,-0.246297,-0.396129,0.266227,3896.9,161.3,25.6,885.4,100.0,1.0
244854,1533,162,-1.470383,1.0,0.770866,0.0,0.0,0.0026752,-0.513115,-1.0,-0.783263,-0.384354,0.19852,3490.0,141.7,16.3,659.7,100.0,1.0
245005,1534,151,-2.136794,0.698562,0.6,0.007499,0.0,0.00284012,-0.725473,-1.0,-1.0,-0.882719,0.316165,1056.1,225.1,29.3,324.2,100.0,1.0
245168,1535,163,-1.284221,0.890092,0.6,0.0,0.0,0.0029185,-0.59854,-1.0,-1.0,-0.600103,0.195741,2523.0,157.7,13.7,234.0,100.0,1.0
245328,1536,160,9.89403,0.807485,0.071768,0.002829,0.0,0.00267182,0.108848,0.171883,0.557268,0.275216,0.206898,8274.9,162.2,15.0,507.7,100.0,1.0
245490,1537,162,-1.058214,0.448467,0.6,0.014931,0.0,0.0030099,-0.561097,-1.0,-0.75135,-0.504686,0.241589,3147.7,158.9,21.6,420.5,100.0,1.0
245654,1538,164,5.542075,0.2,-0.213057,0.0,0.270549,0.0025527,-0.117904,-0.240585,0.76956,-0.130684,0.272883,6703.4,192.8,22.6,687.3,100.0,1.0
245812,1539,158,-1.365552,0.442388,0.6,0.0,0.0,0.00298408,-0.674847,-1.0,-1.0,-0.741402,0.292646,1815.8,175.5,28.4,468.7,100.0,1.0
245972,1540,160,0.908886,1.0,0.792602,0.0,0.0,0.00314665,-0.454341,-0.769883,-0.365694,-0.393219,0.306672,4686.7,193.1,28.6,315.1,100.0,1.0
246130,1541,158,0.315837,1.0,0.720529,0.0,0.0,0.00308003,-0.469722,-0.971051,0.402969,-0.516323,0.321028,3920.3,202.6,30.2,305.7,100.0,1.0
246290,1542,160,2.066605,0.843219,0.809812,0.0,0.0,0.00309413,-0.382823,-0.743199,0.723432,-0.478333,0.359619,4788.4,229.5,37.0,364.0,100.0,1.0
246443,1543,153,-1.726977,1.0,0.6,0.0,0.0,0.00296845,-0.613102,-1.0,-1.0,-0.637452,0.205333,2272.9,156.7,15.5,447.5,100.0,1.0
246603,1544,160,-6.074435,0.872773,-0.378699,0.001106,0.0,0.00134008,-0.580452,-1.0,-1.0,-0.494879,0.234253,2917.1,144.4,22.2,619.2,100.0,1.0
246763,1545,160,-1.229309,0.342223,0.750484,0.015566,0.000391,0.00300401,-0.613415,-1.0,-0.544199,-0.62195,0.349744,3219.3,212.9,35.2,520.3,100.0,1.0
246923,1546,160,5.72403,0.2,-0.409572,0.0,5.5e-05,0.00287132,-0.14746,-0.469407,0.537503,-0.079758,0.171232,5831.6,158.4,9.2,491.2,100.0,1.0
247079,1547,156,2.01902,0.308107,0.801143,0.022177,6.1e-05,0.00301772,-0.360815,-0.831123,0.437623,-0.356984,0.256291,4453.4,173.1,22.3,696.5,100.0,1.0
247234,1548,155,-1.395129,1.0,0.6,0.003718,0.0,0.00305406,-0.573912,-1.0,-1.0,-0.520388,0.193703,2632.7,137.2,16.0,322.1,100.0,1.0
247400,1549,166,0.249607,0.2,0.837375,0.0,0.0,0.00273533,-0.440612,-0.862073,0.241331,-0.51182,0.273373,4335.5,222.0,21.8,705.7,100.0,1.0
247564,1550,164,8.848696,1.0,-0.012437,0.0,0.0,0.00252124,0.069933,0.201989,0.8969,0.089563,0.277495,8389.6,192.5,23.5,523.9,100.0,1.0
247721,1551,157,0.139998,0.2,-0.282873,0.0,0.0,0.00148481,-0.225443,-0.596919,-0.331231,0.040665,0.157969,5345.7,128.4,10.9,472.8,100.0,1.0
247877,1552,156,-1.57635,0.848423,0.6,0.010553,0.0,0.00297288,-0.67547,-1.0,-0.949139,-0.803082,0.256089,1720.4,218.4,18.7,356.9,100.0,1.0
248035,1553,158,1.690574,0.72096,0.6,0.0,0.0,0.00300574,-0.382639,-0.823512,0.250779,-0.389984,0.24241,4482.4,183.7,18.5,313.6,100.0,1.0
248203,1554,168,-0.73362,0.708578,0.817231,0.0,0.0,0.0029172,-0.530522,-1.0,-0.071817,-0.566911,0.295049,3681.0,212.5,25.6,413.7,100.0,1.0
248363,1555,160,-1.567873,0.626561,-0.18083,0.000836,0.0,0.00160895,-0.343242,-0.700045,0.06671,-0.263484,0.273875,4952.8,168.1,26.1,628.1,100.0,1.0
248522,1556,159,2.235244,1.0,0.851231,0.0,0.0,0.00315458,-0.379403,-0.914564,1.0,-0.521971,0.269059,4135.5,216.3,21.0,324.4,100.0,1.0
248682,1557,160,2.212676,1.0,0.848895,0.0,0.0,0.00303487,-0.364547,-0.67259,0.370657,-0.313819,0.398056,5057.4,184.3,45.9,403.2,100.0,1.0
248843,1558,161,10.198076,0.2,0.048459,0.000207,0.075962,0.00232812,0.184056,0.265906,0.749799,0.377041,0.201465,8633.1,156.7,14.8,642.6,100.0,1.0
249006,1559,163,3.308797,0.833611,0.88124,0.0,0.0,0.00297419,-0.303557,-0.50584,0.924226,-0.395523,0.431035,5692.7,235.4,49.6,449.1,100.0,1.0
249163,1560,157,-1.128153,0.2,0.6,0.009993,0.155914,0.00311162,-0.714068,-1.0,-1.0,-0.923332,0.248767,714.2,232.9,17.4,298.7,100.0,1.0
249327,1561,164,-0.4281,0.2,0.785184,0.0,0.158508,0.00271858,-0.469529,-0.891096,0.147973,-0.503912,0.315367,4224.9,212.9,29.2,671.8,100.0,1.0
249490,1562,163,0.546368,1.0,0.819816,0.0,0.0,0.00281738,-0.429388,-0.868328,0.351243,-0.463653,0.309528,4311.7,201.0,28.2,417.5,100.0,1.0
249644,1563,154,-2.123775,0.353159,0.6,0.0,0.0,0.002784,-0.545589,-1.0,-0.988403,-0.485341,0.146132,2778.0,134.9,7.9,387.5,100.0,1.0
249808,1564,164,-1.810288,0.453766,0.6,0.000587,0.0,0.00276084,-0.697614,-1.0,-1.0,-0.835241,0.277261,1530.0,232.1,22.5,895.8,100.0,1.0
249970,1565,162,3.618923,0.339547,-0.02824,0.013274,2e-06,0.00227146,-0.169016,-0.365799,0.824515,-0.207984,0.278923,6226.3,196.5,23.2,814.4,100.0,1.0
250130,1566,160,-1.467472,0.559154,0.720462,5.5e-05,0.0,0.00295377,-0.62945,-1.0,-0.487677,-0.738775,0.31157,2347.6,224.7,28.5,279.3,100.0,1.0
250298,1567,168,-1.745666,0.419137,0.760342,0.000172,0.0,0.00272263,-0.64169,-1.0,-0.1904,-0.787952,0.389327,2460.2,290.1,42.2,424.0,100.0,1.0
250457,1568,159,-2.146451,0.2,0.6,0.000575,0.356737,0.00273036,-0.683044,-1.0,-1.0,-0.818282,0.25017,1583.5,217.9,17.7,778.1,100.0,1.0
250619,1569,162,-1.558561,1.0,0.6,0.0,0.0,0.00289445,-0.649998,-1.0,-0.47943,-0.848009,0.279008,1634.2,268.8,22.8,580.7,100.0,1.0
250777,1570,158,-0.35699,0.077072,0.674664,0.000148,0.0,0.00304131,-0.500472,-0.907949,0.105496,-0.47573,0.403757,4160.7,198.4,45.0,330.1,100.0,1.0
250940,1571,163,2.57472,0.370258,-0.000335,0.012667,0.008979,0.0017244,-0.139059,-0.200862,0.125583,-0.062798,0.235894,6854.7,182.9,17.4,909.6,100.0,1.0
251101,1572,161,7.764809,0.2,0.08182,0.0,0.156511,0.00174991,0.146528,0.199182,0.390551,0.410246,0.186846,8378.9,148.5,13.3,745.3,100.0,1.0
251253,1573,152,-1.845575,1.0,0.6,0.000968,0.0,0.00298392,-0.620937,-1.0,-0.418627,-0.773903,0.276868,2099.6,232.2,22.4,330.0,100.0,1.0
251408,1574,155,-0.89776,0.309183,-0.475912,0.0,0.054357,0.00252719,-0.441411,-0.895185,-0.362527,-0.372122,0.199216,4209.3,167.6,13.0,1013.6,100.0,1.0
251570,1575,162,8.283824,0.119593,-0.000696,0.01582,0.0,0.00246286,0.058332,0.223991,1.0,0.016408,0.293109,8473.4,208.4,25.3,620.4,100.0,1.0
251732,1576,162,11.930712,0.4475,0.088767,0.0,0.0,0.00248985,0.255562,0.706739,0.589068,0.396418,0.282729,10312.7,184.6,25.5,771.6,100.0,1.0
251898,1577,166,-1.65134,1.0,0.6,0.0,0.0,0.00280133,-0.659232,-1.0,-0.569336,-0.746845,0.366415,2645.1,261.2,38.2,470.6,100.0,1.0
252057,1578,159,7.18239,0.696541,-0.319552,0.0,0.0,0.00264303,-0.023233,0.064053,0.503301,0.019475,0.272626,7864.0,192.8,22.6,483.6,100.0,1.0
252213,1579,156,-1.604791,0.97792,0.6,0.005133,0.0,0.00299961,-0.692392,-1.0,-1.0,-0.826908,0.269485,1431.0,206.7,21.1,569.7,100.0,1.0
252374,1580,161,-1.113752,0.293512,0.840269,6.7e-05,0.234518,0.00299126,-0.543517,-1.0,0.202005,-0.589249,0.391265,3668.4,223.3,42.6,435.1,100.0,1.0
252538,1581,164,6.007558,0.739143,-0.034378,0.0,6.2e-05,0.00249389,-0.076449,-0.146012,0.427801,-0.002082,0.234575,7063.7,177.0,18.0,486.3,100.0,1.0
252701,1582,163,8.542028,0.800955,-0.076019,0.0,0.0,0.00240469,0.08111,0.298957,0.422028,0.20723,0.280003,8759.0,181.4,25.4,408.0,100.0,1.0
252859,1583,158,3.042689,0.2,0.867624,0.000159,0.006143,0.00307814,-0.317934,-0.723913,0.950731,-0.437445,0.287987,4861.9,216.1,24.4,396.0,100.0,1.0
253023,1584,164,6.895197,0.607054,-0.414761,0.0,0.0,0.00303373,-0.115407,-0.202563,0.258966,-0.034653,0.229334,6848.2,177.4,17.0,421.7,100.0,1.0
253182,1585,159,-2.108925,1.0,0.691118,0.0,0.0,0.00270287,-0.546864,-1.0,-0.408853,-0.579125,0.234974,3054.2,181.4,17.5,490.9,100.0,1.0
253345,1586,163,-1.180495,0.759259,0.6,0.003976,0.0,0.00302187,-0.629094,-1.0,-0.446622,-0.773043,0.292911,2083.4,229.5,25.2,285.0,100.0,1.0
253501,1587,156,1.434715,0.401584,0.001243,0.0,0.0,0.0015034,-0.154873,-0.363008,-0.030431,0.030977,0.201059,6236.9,151.2,15.5,672.2,100.0,1.0
253662,1588,161,0.335329,0.685128,0.901143,0.004147,1.7e-05,0.00282068,-0.43566,-0.9038,0.623172,-0.567411,0.290868,4176.5,241.4,24.9,573.3,100.0,1.0
253819,1589,157,2.930055,0.515721,0.926077,0.0,0.0,0.00276545,-0.271571,-0.609365,0.926337,-0.38656,0.273988,5298.3,215.9,21.9,610.2,100.0,1.0
253977,1590,158,7.161018,0.2,-0.045838,0.0,0.050081,0.00213783,0.059896,0.082475,0.937212,0.105861,0.246291,7934.2,179.4,19.7,806.6,100.0,1.0
254135,1591,158,0.058728,0.968163,0.919414,0.0,0.0,0.00316078,-0.496414,-0.924852,0.305363,-0.551403,0.372333,4096.3,228.3,39.2,221.4,100.0,1.0
254287,1592,152,6.203669,0.2,0.857097,0.0,0.350405,0.00291082,-0.097693,-0.248762,0.748433,-0.086565,0.241076,6672.2,182.6,18.4,577.5,100.0,1.0
254444,1593,157,1.216057,0.602133,0.927968,0.0,0.0,0.00300139,-0.403777,-0.666931,-0.331305,-0.312036,0.31515,5079.0,184.6,31.2,569.2,100.0,1.0
254609,1594,165,-1.030224,0.450114,0.796164,0.0,0.000894,0.00304373,-0.588857,-0.992848,-0.042524,-0.646446,0.407025,3837.2,271.3,45.4,385.1,100.0,1.0
254767,1595,158,-1.137134,0.665124,0.6,0.0,0.0,0.00285622,-0.514776,-0.905972,-0.379304,-0.468436,0.313776,4168.2,196.0,29.4,554.7,100.0,1.0
254927,1596,160,-1.335763,0.2,0.804326,0.0,0.105621,0.00289555,-0.537934,-0.875037,-0.006797,-0.579183,0.413543,4286.1,254.6,46.5,849.6,100.0,1.0
255094,1597,167,0.599469,0.224901,0.853959,0.0,0.0,0.00294106,-0.457975,-0.698641,-0.289117,-0.37385,0.406423,4958.2,198.0,45.5,498.8,100.0,1.0
255259,1598,165,-1.715083,0.839089,0.771692,0.0,0.0,0.00282314,-0.599045,-1.0,-0.436543,-0.605942,0.353165,3736.3,237.0,35.9,539.6,100.0,1.0
255415,1599,156,-1.709197,0.47028,0.777863,0.003292,0.000327,0.0029467,-0.555281,-1.0,0.704819,-0.741477,0.438057,3038.4,293.8,50.8,400.4,100.0,1.0
255579,1600,164,0.308209,0.307695,0.789418,0.00184,0.0,0.00299069,-0.473499,-0.908622,-0.01277,-0.503978,0.26821,4158.2,209.6,20.9,499.0,100.0,1.0
255741,1601,162,6.678324,0.2,0.005881,0.0,9e-06,0.00198962,0.050529,0.095974,0.293735,0.275693,0.244416,7985.7,156.5,22.4,680.5,100.0,1.0
255903,1602,162,4.916724,0.947875,0.941086,0.0,0.0,0.00293943,-0.201743,-0.350349,0.636573,-0.305459,0.246215,6285.2,226.2,17.0,551.9,100.0,1.0
256060,1603,157,2.126016,0.960579,-0.405515,0.0,0.0,0.00275063,-0.313204,-0.546824,-0.13135,-0.243005,0.258461,5536.6,182.8,21.4,657.3,100.0,1.0
256218,1604,158,-2.265606,0.96803,0.6,0.0,0.0,0.00275879,-0.621197,-1.0,-0.696576,-0.70479,0.257437,2436.0,206.3,19.0,679.4,100.0,1.0
256376,1605,158,-2.938672,0.317947,0.6,0.0,0.0,0.00251356,-0.627832,-1.0,-0.732641,-0.674199,0.29231,2452.3,188.2,26.7,718.3,100.0,1.0
256535,1606,159,3.455435,0.2,-0.1199,0.003295,0.172792,0.00237896,-0.185096,-0.249818,0.476225,-0.271264,0.253956,6668.2,228.8,18.3,627.2,100.0,1.0
256698,1607,163,8.877609,0.420068,0.070408,0.0,0.000349,0.00259955,0.072784,0.230286,0.574556,0.135929,0.237205,8497.4,187.0,17.1,577.7,100.0,1.0
256857,1608,159,-3.064498,0.42737,0.650685,0.0,0.0,0.00245789,-0.620943,-1.0,-1.0,-0.578418,0.278335,2971.1,176.2,25.8,509.8,100.0,1.0
257019,1609,162,-1.572645,0.2,0.6,0.00402,0.20623,0.00292266,-0.645246,-1.0,-0.346411,-0.835505,0.314153,1792.8,272.5,29.0,492.5,100.0,1.0
257183,1610,164,8.858154,1.0,0.158881,0.01262,0.0,0.00255596,0.076866,0.216727,0.665551,0.254497,0.343485,8445.7,168.3,38.3,529.9,100.0,1.0
257342,1611,159,-2.780765,0.2,0.6,0.00154,0.197209,0.00255513,-0.714637,-1.0,-1.0,-0.873429,0.293167,1142.2,225.6,25.3,574.6,100.0,1.0
257502,1612,160,0.332022,0.2,0.760377,0.0,0.016986,0.00287342,-0.441304,-0.852844,0.568957,-0.536406,0.354477,4370.7,235.7,36.1,515.2,100.0,1.0
257665,1613,163,0.107392,1.0,0.750775,0.0,0.0,0.00288429,-0.464289,-0.793641,-0.050234,-0.485889,0.328824,4596.2,223.5,31.6,419.6,100.0,1.0
257822,1614,157,-1.260386,0.561675,0.801782,0.003049,0.0,0.0030928,-0.55654,-1.0,0.125652,-0.621646,0.37889,3486.7,230.4,40.4,286.4,100.0,1.0
257982,1615,160,-2.241082,0.270451,0.696923,0.001598,0.000577,0.00273737,-0.629659,-1.0,-0.452023,-0.796321,0.27303,1981.3,243.2,21.7,704.9,100.0,1.0
258139,1616,157,-0.6881,0.62096,0.738149,0.00506,7.7e-05,0.00281038,-0.480033,-0.807436,-0.481626,-0.388571,0.324114,4543.7,185.8,32.6,799.3,100.0,1.0
258301,1617,162,8.284569,0.424468,0.1142,0.002049,0.0,0.00205692,0.132009,0.625129,0.458712,0.214274,0.384075,10001.7,205.9,41.3,542.9,100.0,1.0
258459,1618,158,-3.289507,0.6053,0.6,0.000144,0.0,0.00240407,-0.60197,-1.0,-1.0,-0.528525,0.266892,3217.9,170.6,24.5,565.6,100.0,1.0
258614,1619,155,3.009322,1.0,0.870424,0.007655,0.0,0.00323525,-0.332586,-0.722407,-0.042275,-0.201505,0.249443,4867.6,152.4,23.8,360.6,100.0,1.0
258768,1620,154,1.090113,0.710803,-0.362969,0.0,0.0,0.0026821,-0.351888,-0.52141,-0.300611,-0.267536,0.317752,5633.4,192.3,30.6,578.4,100.0,1.0
258922,1621,154,2.291512,0.726495,-0.237794,0.0,1.4e-05,0.00229344,-0.224393,-0.381518,-0.167295,-0.054597,0.274015,6166.4,163.1,26.8,412.6,100.0,1.0
259081,1622,159,-2.534635,0.601939,0.6,0.0,9.7e-05,0.00265847,-0.679377,-1.0,-1.0,-0.745601,0.301991,2006.8,197.2,27.2,534.7,100.0,1.0
259239,1623,158,-1.185938,0.271092,0.79902,0.0,0.0,0.00293877,-0.531239,-1.0,-0.129827,-0.598021,0.253857,3213.9,199.9,18.3,320.1,100.0,1.0
259398,1624,159,-1.670357,0.747629,0.6,0.013118,0.0,0.00296828,-0.713904,-1.0,-1.0,-0.736189,0.408706,2295.7,217.6,45.7,565.7,100.0,1.0
259564,1625,166,-1.78262,1.0,-0.278932,0.0,0.0,0.00167314,-0.378084,-0.606799,-0.332693,-0.331183,0.267885,5308.1,198.4,21.0,647.2,100.0,1.0
259723,1626,159,-2.193923,0.201494,0.732909,0.0,0.093809,0.00277943,-0.568553,-1.0,-0.049942,-0.706703,0.290135,2852.0,243.1,24.7,600.1,100.0,1.0
259887,1627,164,4.178758,0.2,0.088953,0.00018,0.239806,0.00215514,-0.118103,-0.173692,0.63762,-0.122501,0.290548,6958.2,198.2,25.0,883.8,100.0,1.0
260049,1628,162,-1.844047,0.690593,0.6,0.000208,0.0,0.00285555,-0.605874,-1.0,-0.187119,-0.648787,0.407217,3448.5,245.5,45.4,417.1,100.0,1.0
260210,1629,161,-1.661016,1.0,0.6,0.0,0.0,0.00294265,-0.68396,-1.0,-1.0,-0.659918,0.388527,2753.7,202.4,42.1,367.1,100.0,1.0
260366,1630,156,-2.136364,0.796336,0.6,0.001835,0.0,0.00286427,-0.570573,-1.0,-0.458984,-0.623407,0.250437,3095.2,205.5,17.7,492.5,100.0,1.0
260536,1631,170,-0.708573,1.0,0.808924,0.0,0.0,0.00306654,-0.561609,-0.881262,-0.396858,-0.539624,0.399202,4262.4,231.5,44.0,372.2,100.0,1.0
260698,1632,162,-1.645957,0.566064,0.832605,0.0,0.0,0.00293362,-0.573373,-1.0,-0.010135,-0.607478,0.400331,3631.4,231.3,44.2,784.2,100.0,1.0
260853,1633,155,0.981087,1.0,0.787484,0.010157,0.0,0.00280394,-0.379292,-0.89116,-0.110788,-0.266561,0.187013,4224.7,144.0,13.9,666.6,100.0,1.0
261015,1634,162,-1.819396,0.2,0.777784,0.000738,0.400077,0.00286622,-0.619653,-1.0,-0.210976,-0.651604,0.437356,3750.3,269.1,50.7,590.2,100.0,1.0
261178,1635,163,4.162948,1.0,0.044772,0.0,0.0,0.00166321,-0.035781,0.009989,0.274588,0.065892,0.244298,7658.1,179.6,19.3,720.2,100.0,1.0
261335,1636,157,1.664942,0.391098,0.84409,0.006745,0.0,0.0029568,-0.370236,-0.604665,0.734604,-0.491325,0.414665,5316.2,261.3,46.7,664.7,100.0,1.0
261502,1637,167,-5.503658,1.0,0.6,0.0,0.0,0.00154503,-0.575594,-1.0,-0.811049,-0.590073,0.192762,3233.8,197.2,7.9,502.0,100.0,1.0
261664,1638,162,-4.960187,0.668042,0.657212,0.0,0.0,0.0017793,-0.67931,-1.0,-1.0,-0.770752,0.28024,1728.7,188.5,24.5,641.9,100.0,1.0
261828,1639,164,-0.394836,0.717063,0.761562,0.0,0.0,0.00292551,-0.502312,-1.0,0.605316,-0.674024,0.316103,3395.0,260.4,29.3,562.3,100.0,1.0
261992,1640,164,3.802285,0.876756,-0.126787,0.0,0.0,0.00246023,-0.188435,-0.346578,1.0,-0.37857,0.252054,6299.5,253.4,18.0,721.8,100.0,1.0
262152,1641,160,2.838862,1.0,-0.329851,0.0,0.0,0.00275706,-0.280604,-0.412276,-0.169548,-0.171816,0.31153,6049.2,182.6,30.8,659.7,100.0,1.0
262309,1642,157,7.389799,0.549867,0.080109,0.004528,0.0,0.00197291,0.10855,0.279278,0.481591,0.277706,0.264972,8684.0,169.9,24.3,1000.1,100.0,1.0
262467,1643,158,-1.941656,1.0,0.906144,0.009812,0.0,0.00291664,-0.57835,-0.93653,-0.21061,-0.551554,0.450544,4051.8,225.9,53.0,597.2,100.0,1.0
262629,1644,162,-1.844092,0.590591,0.765229,0.009042,0.002296,0.00287222,-0.643771,-1.0,-0.259589,-0.681977,0.466341,3352.4,263.5,55.8,443.1,100.0,1.0
262790,1645,161,-1.520457,0.2,0.788123,0.002986,9.8e-05,0.00300124,-0.594671,-1.0,0.156356,-0.664273,0.460072,3672.6,273.5,54.7,409.1,100.0,1.0
262952,1646,162,3.191913,0.826151,-0.246485,0.002326,0.0,0.00242777,-0.212402,-0.266898,0.180251,-0.237396,0.264238,6603.1,216.5,20.2,657.9,100.0,1.0
263115,1647,163,-1.325859,0.410257,0.81637,0.00069,0.0,0.00294844,-0.556039,-1.0,0.255312,-0.649253,0.390839,3520.9,251.0,42.5,466.8,100.0,1.0
263273,1648,158,0.013376,0.689949,0.91247,0.00187,0.0,0.00293447,-0.463079,-0.98709,-0.147174,-0.464952,0.177438,3859.2,180.3,7.4,383.4,100.0,1.0
263431,1649,158,1.187847,0.821025,-0.452448,0.020484,9.5e-05,0.00219665,-0.279696,-0.456357,-0.354133,-0.135322,0.255991,5881.3,170.0,22.7,597.4,100.0,1.0
263593,1650,162,5.753029,0.352547,0.947606,0.007123,0.000296,0.00288601,-0.141003,-0.250572,1.0,-0.293206,0.25828,6665.3,235.8,19.1,656.2,100.0,1.0
263750,1651,157,-0.14927,0.2,0.801048,0.003555,0.077982,0.00298331,-0.477048,-1.0,0.9006,-0.655828,0.343885,3783.7,274.8,34.2,416.1,100.0,1.0
263902,1652,152,-1.502744,0.622539,0.73267,0.0,0.0,0.00303285,-0.546583,-1.0,0.004306,-0.705332,0.244041,2713.3,230.2,16.6,413.9,100.0,1.0
264058,1653,156,-1.872234,0.365864,0.856166,0.0,0.0,0.00290484,-0.559804,-0.850056,-0.090824,-0.562509,0.484157,4381.3,250.4,59.0,548.1,100.0,1.0
264221,1654,163,2.952009,0.244314,-0.272267,0.0,0.000134,0.00258957,-0.254342,-0.419642,-0.160333,-0.140106,0.261047,6021.2,175.1,22.9,545.4,100.0,1.0
264382,1655,161,4.461616,1.0,0.076037,0.0,0.0,0.0023317,-0.121645,-0.122501,0.522243,-0.185966,0.249869,7153.3,219.7,17.6,694.5,100.0,1.0
264541,1656,159,2.145242,0.620941,0.714789,0.003409,0.00013,0.00294477,-0.346287,-0.71459,0.51536,-0.374834,0.304929,4897.4,195.8,27.9,519.6,100.0,1.0
264702,1657,161,-3.250178,1.0,0.651962,0.0,0.0,0.00241029,-0.621966,-1.0,-0.971914,-0.640653,0.235938,2708.8,188.5,16.7,608.5,100.0,1.0
264863,1658,161,2.007969,0.515293,0.851031,0.0,0.0,0.00292661,-0.357022,-0.728811,0.977993,-0.521043,0.332302,4843.2,252.8,32.2,444.3,100.0,1.0
265016,1659,153,-1.530408,0.2,0.799915,0.0,0.17939,0.00297347,-0.542328,-1.0,-0.685922,-0.488923,0.220168,3683.1,180.2,15.0,770.0,100.0,1.0
265178,1660,162,3.120558,1.0,-0.288146,0.0,0.0,0.00259052,-0.241965,-0.405938,0.572604,-0.275033,0.329233,6073.4,209.4,31.6,503.3,100.0,1.0
265340,1661,162,3.013946,0.67292,-0.272498,0.001297,1e-06,0.0019978,-0.151913,-0.346734,-0.050349,0.013027,0.18315,6298.9,155.4,11.7,684.3,100.0,1.0
265503,1662,163,-2.971425,0.688815,0.6,0.002474,2e-05,0.00247641,-0.667104,-1.0,-0.667624,-0.744656,0.362699,2649.6,259.4,37.5,1297.8,100.0,1.0
265658,1663,155,0.650801,0.700102,-0.423062,0.0,0.0,0.00287269,-0.408322,-0.643754,0.457089,-0.448489,0.452988,5167.3,234.2,53.5,495.5,100.0,1.0
265816,1664,158,3.258264,1.0,0.931499,0.000106,0.0,0.00301389,-0.290491,-0.51148,0.10678,-0.271189,0.262693,5671.3,194.5,20.6,661.7,100.0,1.0
265982,1665,166,4.895126,0.654152,-0.190332,0.0,0.0,0.00233038,-0.10765,0.118257,0.185758,-0.072777,0.382734,8070.6,217.6,41.1,578.1,100.0,1.0
266145,1666,163,8.02912,0.38643,-0.012849,0.000192,0.000128,0.00258702,0.036418,0.556561,0.458633,0.02191,0.443309,9740.5,238.3,51.8,724.6,100.0,1.0
266305,1667,160,-2.1431,0.563604,0.871297,0.005117,0.0,0.00282603,-0.587464,-0.882707,-0.152476,-0.570759,0.515176,4256.9,247.9,64.4,890.3,100.0,1.0
266464,1668,159,2.4602,0.660546,0.97824,0.0,0.0,0.00291367,-0.322885,-0.536055,1.0,-0.502092,0.394983,5577.6,280.1,43.2,614.7,100.0,1.0
266626,1669,162,-4.346952,0.2,0.726313,0.006484,4.9e-05,0.00200885,-0.604075,-1.0,-1.0,-0.554959,0.250249,3084.8,173.3,21.2,646.3,100.0,1.0
266789,1670,163,-0.570421,0.523621,-0.069429,0.014213,5.7e-05,0.00142166,-0.264288,-0.443559,-0.214779,-0.0876,0.30183,5930.0,162.5,31.8,766.8,100.0,1.0
266942,1671,153,-2.062478,0.523152,0.783325,0.000552,5e-05,0.00298542,-0.635466,-1.0,-0.055345,-0.704663,0.481522,3080.1,260.7,58.5,460.1,100.0,1.0
267100,1672,158,-1.807226,0.2,0.6,0.002734,0.0437,0.00297664,-0.602099,-1.0,-0.572361,-0.592596,0.334525,3230.0,198.2,32.8,505.2,100.0,1.0
267263,1673,163,4.514233,0.998671,-0.079857,0.000883,0.0,0.00236353,-0.12718,-0.085949,0.137352,-0.066966,0.283825,7292.5,195.4,24.2,576.8,100.0,1.0
267417,1674,154,-2.814345,1.0,-0.381068,0.010699,0.0,0.00200003,-0.468984,-0.776941,-0.613165,-0.293097,0.358579,4659.9,164.8,41.5,555.7,100.0,1.0
267580,1675,163,6.206746,1.0,0.033019,0.010054,0.0,0.00259145,-0.067467,0.161912,1.0,-0.097724,0.510365,8236.9,228.2,63.6,617.7,100.0,1.0
267736,1676,156,-2.231464,0.582558,0.706521,0.008871,0.0,0.00286964,-0.575739,-1.0,-0.233613,-0.554689,0.388488,3554.2,199.5,42.1,637.2,100.0,1.0
267897,1677,161,-1.95153,0.305887,0.701248,0.005747,0.000518,0.00287773,-0.607784,-1.0,0.364939,-0.810965,0.431396,2337.0,309.1,49.7,347.3,100.0,1.0
268054,1678,157,0.692962,0.637603,0.828697,0.00959,0.0,0.00293737,-0.421636,-0.619832,0.091099,-0.377827,0.464115,5258.4,211.3,55.4,394.4,100.0,1.0
268217,1679,163,1.229599,0.512778,0.920739,0.0,8.1e-05,0.0028343,-0.391672,-0.679762,0.210788,-0.330119,0.410783,5030.1,187.7,47.6,752.6,100.0,1.0
268376,1680,159,-2.044708,0.723173,0.753111,0.001945,0.0,0.00288999,-0.689147,-1.0,-0.058654,-0.671579,0.662308,3387.7,257.9,90.4,414.1,100.0,1.0
268538,1681,162,-1.98229,0.51107,0.790967,0.021753,0.0,0.00285768,-0.588753,-1.0,0.194785,-0.703608,0.420427,3491.0,294.5,47.7,462.6,100.0,1.0
268695,1682,157,0.022356,0.495258,0.898401,0.0,0.0,0.00299383,-0.468933,-0.839271,-0.067946,-0.48814,0.30251,4422.4,216.0,26.9,463.2,100.0,1.0
268850,1683,155,-1.266736,0.2,0.725397,0.004078,0.531649,0.0029578,-0.531358,-0.989242,-0.619006,-0.409322,0.283858,3851.0,163.0,28.5,578.7,100.0,1.0
269008,1684,158,2.705154,0.926371,-0.302993,0.001287,0.0,0.00254835,-0.247418,-0.386549,0.105905,-0.23456,0.26001,6147.2,200.8,19.4,676.2,100.0,1.0
269170,1685,162,-0.889418,1.0,0.60469,0.0,0.0,0.00303969,-0.54375,-0.793136,-0.071315,-0.53498,0.508114,4598.2,247.2,63.2,574.5,100.0,1.0
269333,1686,163,-2.893447,1.0,0.699127,0.010187,0.000258,0.0025294,-0.65247,-1.0,-0.961372,-0.47719,0.466217,3764.7,180.0,58.4,597.0,100.0,1.0
269484,1687,151,-2.488117,0.264602,0.6,0.000427,0.097493,0.00287293,-0.637973,-1.0,-1.0,-0.713986,0.210792,1774.9,155.1,16.7,519.4,100.0,1.0
269641,1688,157,-1.783984,1.0,0.622403,0.006716,0.0,0.00303272,-0.644447,-1.0,-0.556486,-0.585145,0.466443,3530.9,212.8,55.8,400.6,100.0,1.0
269804,1689,163,2.796178,0.858256,0.871743,9.2e-05,0.0,0.00307082,-0.339847,-0.49712,0.628716,-0.435415,0.422325,5726.0,253.5,48.1,392.1,100.0,1.0
269965,1690,161,1.297756,0.817575,-0.152197,0.0,0.0,0.00189541,-0.230506,-0.251243,-0.100342,-0.1149,0.351975,6662.8,188.2,37.2,759.9,100.0,1.0
270126,1691,161,-2.07481,0.2,0.6,0.0,0.059664,0.00284529,-0.596091,-1.0,-0.864098,-0.59062,0.235701,2916.4,178.1,18.0,702.5,100.0,1.0
270288,1692,162,-1.504274,0.925209,0.6,0.000518,0.0,0.00304124,-0.761286,-1.0,-1.0,-0.857795,0.439851,1503.9,264.4,51.2,199.2,100.0,1.0
270452,1693,164,-1.937802,0.2,-0.22658,0.0,0.168747,0.0015494,-0.365686,-0.403507,-0.433143,-0.130026,0.521393,6082.6,174.8,68.9,712.6,100.0,1.0
270614,1694,162,-2.004509,0.2,0.818475,0.0,0.024015,0.00285983,-0.707657,-0.961898,-0.453283,-0.565134,0.720897,3955.2,227.4,100.7,502.1,100.0,1.0
270771,1695,157,2.58448,0.2,0.834968,0.0,0.028252,0.00288838,-0.304644,-0.463203,0.190351,-0.174732,0.444169,5855.2,177.4,54.9,812.0,100.0,1.0
270930,1696,159,3.670685,0.2,-0.347532,0.0,2.8e-05,0.00262515,-0.205878,-0.2276,0.266025,-0.227072,0.307026,6752.8,218.4,27.7,690.2,100.0,1.0
271088,1697,158,4.64494,-0.037535,0.109453,0.0,0.0,0.00254211,-0.133889,0.194861,0.584759,0.078879,0.756411,8362.4,193.8,107.8,488.1,100.0,1.0
271243,1698,155,-0.142448,0.885181,0.6,0.000501,0.0,0.00300564,-0.474247,-0.723138,-0.073952,-0.398165,0.476051,4864.8,202.1,57.5,342.5,100.0,1.0
271407,1699,164,7.365492,0.320939,0.001734,0.004628,4.2e-05,0.00254479,0.007558,0.585692,0.243078,0.265767,0.694006,9851.5,194.6,96.7,509.1,100.0,1.0
271568,1700,161,1.876892,0.713372,0.816009,0.0,0.0,0.00282155,-0.346054,-0.546021,0.249285,-0.354462,0.366111,5539.7,214.5,38.1,527.7,100.0,1.0
271734,1701,166,-1.535573,0.2,-0.320476,0.009804,0.107273,0.00177556,-0.383403,-0.280636,-0.385065,-0.139271,0.665589,6550.8,190.3,92.3,837.0,100.0,1.0
271896,1702,162,-5.376261,0.552068,-0.516492,0.005166,0.0,0.0016447,-0.670713,-1.0,-0.956557,-0.496933,0.502791,3597.2,178.8,65.1,858.9,100.0,1.0
272059,1703,163,2.690991,0.343656,-0.371994,0.0,0.0,0.0026814,-0.281777,-0.333389,0.17693,-0.357392,0.311159,6349.8,247.0,28.4,570.9,100.0,1.0
272222,1704,163,6.763176,0.956327,-0.128537,0.005114,0.0,0.0027865,-0.063666,0.298743,0.60322,-0.015652,0.554223,8758.2,222.4,71.3,668.0,100.0,1.0
272376,1705,154,-5.663923,1.0,-0.521515,0.000714,0.0,0.0016293,-0.725805,-0.978843,-0.892153,-0.344095,0.824717,3890.6,148.3,125.9,412.6,100.0,1.0
272539,1706,163,-1.555679,0.205227,-0.441002,0.005996,0.014621,0.00218821,-0.446598,-0.773095,-0.578933,-0.341794,0.265406,4674.5,177.5,23.3,553.5,100.0,1.0
272707,1707,168,-2.683367,0.536922,-0.313072,0.006992,0.0,0.00194642,-0.482077,-0.650114,-0.382089,-0.348219,0.505354,5143.1,197.3,63.1,412.3,100.0,1.0
272863,1708,156,-1.83691,1.0,0.6,0.0,0.0,0.00304812,-0.651133,-1.0,-0.717477,-0.762738,0.287325,2260.5,238.2,24.2,321.6,100.0,1.0
273026,1709,163,-2.325129,0.806129,0.6,0.023673,0.0,0.00274259,-0.755655,-1.0,-1.0,-0.88241,0.402662,1446.8,307.6,44.6,537.0,100.0,1.0
273185,1710,159,-0.440251,1.0,0.859183,0.0,0.0,0.00307345,-0.51434,-0.871626,0.187559,-0.566853,0.414667,4299.1,248.1,46.7,558.4,100.0,1.0
273350,1711,165,6.392771,0.704833,0.127128,0.0,0.0,0.00239852,-0.025846,0.196389,0.555656,0.036384,0.404068,8368.2,201.9,44.8,748.2,100.0,1.0
273499,1712,149,0.013374,1.0,-0.294381,0.0,2.4e-05,0.00161108,-0.239256,-0.543285,-0.306738,0.024276,0.228697,5550.1,135.5,22.4,476.9,100.0,1.0
273658,1713,159,-0.444348,0.2,0.862956,0.000683,0.042357,0.00286396,-0.481227,-0.774418,-0.311295,-0.394524,0.394672,4669.5,192.8,44.1,430.8,100.0,1.0
273816,1714,158,-1.999652,0.797926,0.812819,0.002906,0.0,0.00295664,-0.59764,-0.970332,0.259011,-0.631115,0.547495,3923.0,265.9,70.1,334.5,100.0,1.0
273980,1715,164,3.150982,0.030635,-0.424827,0.009285,0.0,0.00267503,-0.256298,-0.358523,0.401271,-0.281964,0.349158,6254.0,217.7,35.1,503.7,100.0,1.0
274146,1716,166,3.662156,0.866185,-0.126192,0.0,1.7e-05,0.00268463,-0.233586,-0.090007,0.329501,-0.202982,0.523257,7277.1,228.3,65.9,619.1,100.0,1.0
274298,1717,152,-4.588965,1.0,0.676219,0.011873,0.0,0.00208898,-0.594196,-1.0,-0.974402,-0.514394,0.264107,3401.4,175.1,23.4,716.9,100.0,1.0
274462,1718,164,2.181926,0.57978,0.786625,0.005481,0.0,0.00298523,-0.363271,-0.520597,0.46006,-0.473498,0.391654,5636.5,267.6,42.6,580.2,100.0,1.0
274621,1719,159,-2.774817,0.393434,0.6,0.0,8.4e-05,0.00265062,-0.760159,-1.0,-1.0,-0.746719,0.531838,2226.8,219.8,67.4,471.3,100.0,1.0
274784,1720,163,-2.107457,0.2,0.6,0.002509,0.0,0.00282155,-0.621608,-0.817701,-0.480051,-0.525479,0.604382,4504.6,237.3,80.2,610.2,100.0,1.0
274945,1721,161,-2.468802,0.781407,-0.34106,0.001561,0.000463,0.00157533,-0.396856,-0.533659,-0.447004,-0.273487,0.390557,5586.8,192.2,43.5,664.0,100.0,1.0
275102,1722,157,1.247956,0.821993,0.986599,0.000818,0.0,0.00298579,-0.396493,-0.416677,0.350939,-0.319922,0.66126,6032.5,221.8,90.2,426.5,100.0,1.0
275266,1723,164,-1.461418,0.487038,0.840527,0.0,6.4e-05,0.00294863,-0.56863,-0.720242,0.156546,-0.547925,0.685276,4875.9,269.6,94.5,650.2,100.0,1.0
275418,1724,152,7.794103,0.238797,-0.307487,0.0,0.0,0.00305155,-0.011284,0.127768,0.894234,0.06113,0.431394,8106.8,191.0,50.8,368.5,100.0,1.0
275579,1725,161,-2.221662,0.371528,0.697407,0.002832,0.0,0.00282379,-0.635377,-1.0,-0.073845,-0.837335,0.362263,1970.4,302.8,37.5,508.0,100.0,1.0
275735,1726,156,-2.189556,0.70416,0.816206,0.0,0.0,0.00293413,-0.5978,-0.790771,-0.489236,-0.411349,0.650798,4607.2,195.7,88.9,490.1,100.0,1.0
275896,1727,161,3.940025,1.0,0.89944,0.004655,0.0,0.00304956,-0.262002,-0.032433,0.453132,-0.206748,0.677664,7496.4,236.3,93.1,466.0,100.0,1.0
276066,1728,170,1.810017,0.397164,0.763943,0.003106,0.000636,0.00270094,-0.353993,-0.404337,0.605764,-0.422129,0.533846,6079.5,263.0,67.7,730.1,100.0,1.0
276230,1729,164,1.183442,0.705599,-0.220647,0.0,0.0,0.00171213,-0.211939,-0.107264,-0.199245,0.01058,0.481063,7211.3,178.4,61.3,450.8,100.0,1.0
276388,1730,158,6.422691,0.819293,0.012003,0.007737,0.0,0.00249694,-0.020949,0.226181,0.336709,0.034725,0.34738,8481.7,204.9,34.8,920.3,100.0,1.0
276546,1731,158,0.876999,0.624561,-0.387004,0.0,0.0,0.00274258,-0.382419,-0.522245,-0.241516,-0.244142,0.441323,5630.2,186.2,53.2,731.1,100.0,1.0
276709,1732,163,-2.34673,0.363703,0.6,0.0,0.0,0.00274787,-0.750295,-1.0,-0.847723,-0.81675,0.487136,2076.8,283.3,59.5,652.1,100.0,1.0
276873,1733,164,2.194824,0.31212,0.952043,0.01928,0.043063,0.00300162,-0.364615,-0.214251,0.537032,-0.397984,0.701028,6803.7,282.5,97.2,454.7,100.0,1.0
277037,1734,164,-2.054955,0.057332,0.6,0.0,0.120771,0.00283227,-0.724412,-1.0,-0.970693,-0.76238,0.424653,2270.5,238.9,48.5,484.5,100.0,1.0
277199,1735,162,-0.629311,0.949289,-0.330425,0.0,7.3e-05,0.00216247,-0.387025,-0.290341,-0.331615,-0.232366,0.60448,6513.8,212.1,80.2,565.8,100.0,1.0
277354,1736,155,-2.979397,0.2,0.694616,0.002155,0.365728,0.00265194,-0.690975,-1.0,-0.081173,-0.820695,0.533284,2171.7,302.8,67.6,614.4,100.0,1.0
277514,1737,160,2.150955,0.265138,0.935331,0.002672,0.000999,0.00307939,-0.367451,-0.389751,0.404359,-0.279431,0.647485,6135.0,212.9,87.8,383.1,100.0,1.0
277677,1738,163,2.73288,0.83912,-0.015608,0.0,0.0,0.00163939,-0.107835,0.077178,0.17933,-0.092211,0.335426,7914.0,217.9,32.7,672.6,100.0,1.0
277836,1739,159,-3.102041,0.2,0.667771,0.003735,0.0,0.00254465,-0.626836,-1.0,-0.46938,-0.589063,0.437654,3532.8,214.9,50.8,674.6,100.0,1.0
277991,1740,155,2.198748,0.707283,0.862975,0.007948,0.000146,0.00300123,-0.337049,-0.543147,0.304081,-0.340827,0.369778,5550.6,210.5,38.8,589.3,100.0,1.0
278154,1741,163,-1.733586,0.561517,0.6,0.000797,1e-05,0.00294974,-0.582178,-0.949141,-0.666792,-0.514769,0.353666,4003.8,206.3,35.9,329.5,100.0,1.0
278313,1742,159,-1.449667,1.0,0.6,0.0,0.0,0.00316265,-0.72409,-1.0,-0.869738,-0.525903,0.655272,3415.3,180.1,91.8,342.2,100.0,1.0
278472,1743,159,3.447481,0.436892,-0.181538,0.0,0.000295,0.00246806,-0.191123,-0.105929,0.144001,-0.079251,0.443615,7216.4,195.9,52.4,856.5,100.0,1.0
278635,1744,163,5.953417,0.302474,-0.12708,0.0,0.04551,0.00255455,-0.06865,0.157011,0.292443,-0.089877,0.314812,8218.2,225.7,29.1,671.3,100.0,1.0
278800,1745,165,0.09494,0.2,-0.405901,0.0,0.000414,0.00265641,-0.432897,-0.408101,-0.036154,-0.23518,0.733436,6065.1,198.3,103.2,543.1,100.0,1.0
278963,1746,163,-2.076808,0.2,0.780327,0.001582,0.35,0.00278126,-0.574943,-1.0,-0.072659,-0.627378,0.369896,3689.9,247.6,38.8,658.3,100.0,1.0
279131,1747,168,-0.211733,0.33074,0.854862,0.0,0.026675,0.00288099,-0.49658,-0.507396,-0.110099,-0.367097,0.710263,5686.8,224.6,98.9,555.0,100.0,1.0
279289,1748,158,-1.153824,1.0,0.807956,0.0,0.0,0.00330325,-0.713868,-0.801376,-0.592295,-0.389823,0.963852,4566.8,187.1,145.3,323.3,100.0,1.0
279450,1749,161,3.141806,1.0,0.854393,0.00641,0.0,0.00302492,-0.303189,-0.129837,0.347689,-0.244566,0.663224,7125.3,235.8,90.6,622.1,100.0,1.0
279604,1750,154,-2.200688,0.543189,0.824559,0.0,0.0,0.00289179,-0.574385,-0.874344,-0.574143,-0.424282,0.488858,4288.7,186.2,61.6,617.6,100.0,1.0
279769,1751,165,4.798597,0.660617,-0.045852,0.0,2e-06,0.00279368,-0.179945,0.397788,0.575979,-0.099,0.87797,9135.6,253.5,128.5,708.0,100.0,1.0
279927,1752,158,-2.493823,1.0,0.6,0.0,0.0,0.00280783,-0.65732,-1.0,-0.891812,-0.665381,0.338643,2865.8,214.1,33.3,678.4,100.0,1.0
280086,1753,159,-1.98266,1.0,0.648008,0.001216,0.0,0.00298051,-0.670672,-1.0,-0.44582,-0.729907,0.448909,3053.8,282.7,52.7,304.6,100.0,1.0
280241,1754,155,0.590629,0.852021,-0.194098,0.003576,0.0,0.00196147,-0.269389,-0.178102,-0.168074,-0.082321,0.523886,6941.4,189.1,67.4,652.7,100.0,1.0
280395,1755,154,-2.816865,0.938676,0.6,0.000674,0.0,0.00275899,-0.744102,-1.0,-1.0,-0.746717,0.485963,2242.7,221.4,59.3,476.6,100.0,1.0
280562,1756,167,3.016535,0.2,-0.164324,0.0,0.0,0.00226825,-0.201896,0.139031,0.121576,-0.058207,0.660997,8149.7,216.3,90.2,727.2,100.0,1.0
280726,1757,164,-1.600234,-0.037785,0.6,0.019999,0.0,0.00301512,-0.633625,-0.887774,-0.511954,-0.472621,0.624858,4237.6,200.9,83.8,438.0,100.0,1.0
280883,1758,157,-2.819881,0.2,0.787869,0.006299,0.364865,0.0026985,-0.647643,-1.0,-0.314345,-0.679672,0.463734,3222.7,251.5,55.4,455.3,100.0,1.0
281048,1759,165,-1.645574,0.819013,0.734074,0.0,0.0,0.00299653,-0.713272,-0.944095,-0.614158,-0.623142,0.653971,4023.0,266.9,88.9,341.0,100.0,1.0
281205,1760,157,-6.175741,1.0,-0.442764,0.0,0.0,0.00143535,-0.660009,-0.886292,-0.879677,-0.445733,0.619279,4243.2,191.4,84.0,704.2,100.0,1.0
281369,1761,164,-2.034896,1.0,0.813877,0.0,0.0,0.00288076,-0.609239,-0.879606,-0.342221,-0.527531,0.562445,4268.7,225.9,72.8,513.6,100.0,1.0
281521,1762,152,4.343052,0.2,0.042435,0.006341,0.361791,0.00221352,-0.081189,-0.033256,0.462992,0.003309,0.343334,7493.3,186.7,35.9,976.0,100.0,1.0
281686,1763,165,-1.889843,0.54489,0.76465,0.003597,0.0,0.00290975,-0.674034,-1.0,-0.136157,-0.723587,0.552407,3235.1,292.6,71.0,389.5,100.0,1.0
281853,1764,167,-2.054771,0.2,0.866304,0.00386,0.224015,0.00281386,-0.613757,-0.779273,0.165909,-0.549422,0.773435,4651.0,258.1,110.0,790.4,100.0,1.0
282007,1765,154,-1.095257,1.0,0.752101,0.0,0.0,0.00314802,-0.549447,-0.893901,0.296584,-0.598135,0.5034,4214.2,262.2,62.4,346.8,100.0,1.0
282168,1766,161,4.021541,0.438455,-0.277413,0.0,2.2e-05,0.00259613,-0.181323,-0.014328,0.462534,-0.196982,0.471143,7565.4,235.5,56.7,928.4,100.0,1.0
282328,1767,160,-2.659768,0.2,0.6,0.026888,0.045261,0.00271369,-0.81935,-1.0,-0.819876,-0.80548,0.702053,1997.4,256.7,97.4,582.3,100.0,1.0
282485,1768,157,5.053654,1.0,-0.311367,0.019615,0.0,0.00281828,-0.144841,-0.067045,0.437864,0.04426,0.528985,7364.6,176.3,70.0,526.2,100.0,1.0
282645,1769,160,4.420129,0.799096,-0.310484,0.004977,0.0,0.00288317,-0.200925,0.060438,0.691012,-0.156277,0.680723,7850.3,232.6,93.7,612.0,100.0,1.0
282811,1770,166,-1.053488,0.55597,0.834165,0.017689,0.0,0.00301272,-0.562447,-0.579285,-0.011134,-0.468183,0.788737,5412.9,254.5,112.7,418.3,100.0,1.0
282969,1771,158,-1.110107,0.433261,-0.375457,0.004102,0.0,0.00288113,-0.520915,-0.527943,-0.130281,-0.194248,0.907505,5608.5,174.0,137.1,562.2,100.0,1.0
283131,1772,162,3.705006,0.2,-0.013744,0.0,0.164335,0.0024665,-0.181031,0.142561,0.667058,-0.07413,0.746107,8163.2,220.4,105.2,959.3,100.0,1.0
283295,1773,164,-1.502538,1.0,-0.309824,0.012281,0.0,0.00259932,-0.515131,-0.515876,0.225747,-0.384762,0.838025,5654.5,229.8,121.4,465.5,100.0,1.0
283457,1774,162,2.454756,0.655935,0.056754,0.0,0.0,0.00159426,-0.113354,0.39443,0.025032,0.196057,0.780806,9122.8,190.7,112.6,674.8,100.0,1.0
283619,1775,162,2.50539,0.849958,-0.403577,0.0,1.8e-05,0.00317218,-0.366186,-0.16131,0.272799,-0.151413,0.879184,7005.4,206.4,128.7,394.5,100.0,1.0
283770,1776,151,-1.770717,1.0,0.787068,0.0,0.0,0.00324766,-0.615368,-0.692438,-0.171104,-0.34031,0.923014,4981.8,188.8,137.9,399.7,100.0,1.0
283932,1777,162,0.110116,0.250624,0.952648,0.008756,0.0,0.00300282,-0.48014,-0.544921,0.192943,-0.410249,0.686083,5543.9,235.0,94.6,604.0,100.0,1.0
284092,1778,160,-2.323936,0.966896,0.6,0.002632,0.0,0.00285929,-0.777956,-1.0,-1.0,-0.683163,0.637164,2795.2,220.6,86.0,370.1,100.0,1.0
284250,1779,158,-1.467928,1.0,0.827886,0.012611,0.0,0.00322177,-0.742618,-0.852061,-0.64054,-0.499186,0.902265,4373.6,218.3,132.8,257.8,100.0,1.0
284409,1780,159,1.713041,1.0,0.010697,0.027837,0.0,0.00229603,-0.263726,-0.028561,0.095707,-0.128326,0.650453,7511.2,215.4,88.3,787.2,100.0,1.0
284572,1781,163,1.683937,0.2,1.0,0.0,0.070399,0.00326164,-0.432212,-0.315127,-0.26541,-0.299734,0.677055,6419.4,229.2,93.0,467.2,100.0,1.0
284730,1782,158,3.141935,1.0,-0.295054,0.015579,0.0,0.00273407,-0.246,-0.107245,0.210282,-0.128967,0.575792,7211.4,207.0,75.1,445.0,100.0,1.0
284891,1783,161,-0.536989,0.654809,0.016426,0.0,0.0,0.00175555,-0.314433,-0.134478,0.234441,0.110168,0.963737,7107.6,160.1,148.9,571.1,100.0,1.0
285046,1784,155,-2.20301,0.2,0.80804,0.0,0.35,0.00299426,-0.76747,-0.997742,-0.543872,-0.534385,0.866663,3818.6,205.0,126.5,568.0,100.0,1.0
285209,1785,163,3.506203,0.700317,-0.314734,0.0,0.0,0.00258796,-0.214119,0.075486,0.094106,-0.187999,0.531433,7907.6,243.5,67.3,517.4,100.0,1.0
285369,1786,160,0.989626,1.0,-0.290125,0.00119,2.2e-05,0.00254742,-0.349013,-0.125437,0.309454,-0.26636,0.767688,7142.1,243.4,109.0,883.6,100.0,1.0
285533,1787,164,-1.561577,0.487334,0.83783,0.0,0.0,0.00307197,-0.744632,-0.930865,-0.276297,-0.566117,0.898433,4073.4,234.7,132.1,356.9,100.0,1.0
285702,1788,169,-1.942848,0.46488,0.740512,0.002965,0.0,0.00266313,-0.565497,-0.919212,0.476464,-0.700449,0.494873,4117.8,343.7,60.9,776.1,100.0,1.0
285864,1789,162,-3.135901,0.702139,0.623582,0.002122,0.0,0.00253445,-0.764828,-1.0,-1.0,-0.483959,0.770402,3793.2,183.8,111.6,396.7,100.0,1.0
286027,1790,163,-6.183961,0.2,-0.351639,0.005991,0.000613,0.00138538,-0.665696,-0.843341,-0.654205,-0.366751,0.79833,4406.9,174.0,117.9,599.7,100.0,1.0
286187,1791,160,-2.592504,-0.680968,0.743162,0.0,0.157419,0.00267323,-0.581745,-0.748038,-0.910296,-0.428351,0.500573,4770.0,208.6,61.9,497.7,100.0,1.0
286349,1792,162,2.071686,0.867375,-0.318981,0.0,0.0,0.00285155,-0.339059,-0.195617,0.288527,-0.10131,0.824612,6874.7,191.2,120.2,555.8,100.0,1.0
286509,1793,160,-2.068775,0.521403,0.710928,0.0,4.4e-05,0.00296409,-0.675221,-1.0,-0.448127,-0.650404,0.529391,3519.8,251.7,67.0,467.3,100.0,1.0
286674,1794,165,-1.792582,1.0,0.6,0.005273,0.0,0.00297885,-0.817885,-1.0,-0.840731,-0.65513,0.820779,3630.0,263.1,118.4,440.1,100.0,1.0
286834,1795,160,8.536065,0.85206,0.063995,0.004772,0.0,0.00258457,0.094029,0.828781,0.55886,0.295521,0.736309,10777.7,208.0,103.5,489.0,100.0,1.0
286999,1796,165,3.585995,0.993365,-0.346323,0.001563,0.0,0.00286129,-0.258924,0.036058,0.435753,0.018221,0.905657,7757.4,190.5,134.6,346.1,100.0,1.0
287160,1797,161,-2.394923,0.646892,0.611353,0.005988,0.0,0.00282974,-0.664199,-0.698725,-0.79608,-0.364071,0.859109,4957.9,194.9,125.8,585.3,100.0,1.0
287320,1798,160,-1.775604,0.2,0.907857,0.0,0.0,0.003079,-0.677555,-0.798214,-0.262576,-0.566856,0.804822,4578.8,264.3,115.6,561.1,100.0,1.0
287485,1799,165,-1.79139,0.630914,0.8279,0.00079,0.000409,0.0029852,-0.610976,-0.684411,-0.418716,-0.514122,0.696472,5012.4,257.9,96.4,452.1,100.0,1.0
287645,1800,160,-1.93281,0.2,0.797866,0.0,0.067755,0.0030207,-0.66414,-0.733451,-0.606991,-0.50151,0.770358,4825.6,242.0,109.5,706.0,100.0,1.0
287805,1801,160,-2.589013,1.0,-0.351529,0.0,0.0,0.00166998,-0.421505,-0.190287,-0.395552,-0.116923,0.855146,6895.0,195.2,125.1,543.3,100.0,1.0
287962,1802,157,8.33059,0.2,0.013017,0.008919,0.266579,0.00224462,0.144119,0.847593,0.721017,0.325,0.678232,10849.3,204.7,93.2,603.9,100.0,1.0
288127,1803,165,-2.310021,1.0,0.6,0.000726,0.0,0.00280105,-0.917797,-1.0,-0.853016,-0.774984,1.0,2464.0,273.8,153.8,368.4,100.0,1.0
288286,1804,159,2.241152,1.0,0.150235,0.0,0.0,0.00157297,-0.116438,0.251301,0.126357,0.208667,0.727141,8577.5,177.4,104.8,586.0,100.0,1.0
288441,1805,155,-2.916817,0.2,-0.373426,0.001007,0.174755,0.0024759,-0.557782,-0.539741,-0.366823,-0.238389,0.898993,5563.6,182.6,134.5,596.1,100.0,1.0
288603,1806,162,-1.51205,1.0,0.746578,0.0,0.0,0.00315086,-0.61734,-0.644282,0.095041,-0.388871,0.997462,5165.3,211.3,149.6,314.4,100.0,1.0
288760,1807,157,-2.236637,0.612423,0.872801,0.021431,0.0,0.00297431,-0.62332,-0.711055,-0.387251,-0.468245,0.761022,4910.9,230.9,107.8,566.6,100.0,1.0
288913,1808,153,-1.932661,1.0,0.925201,0.002321,0.0,0.00298223,-0.571802,-0.530615,-0.050637,-0.312956,0.971995,5598.4,203.7,145.1,378.8,100.0,1.0
289073,1809,160,7.161294,0.966639,0.134346,0.0,1.3e-05,0.00254955,0.019643,0.787435,0.392702,0.370015,0.935688,10620.1,193.8,139.5,607.3,100.0,1.0
289233,1810,160,-0.378987,0.864378,-0.373194,0.0,0.0,0.00275051,-0.462864,-0.401125,-0.05156,-0.167021,0.87806,6091.7,182.8,130.8,518.3,100.0,1.0
289392,1811,159,-2.76202,0.349124,0.766044,0.001472,0.000211,0.00273824,-0.749364,-1.0,-0.255506,-0.682476,0.768773,3430.7,270.1,109.2,515.6,100.0,1.0
289555,1812,163,4.267454,1.0,0.045053,0.006172,0.0,0.00256764,-0.163532,0.156443,0.428732,-0.233203,0.501587,8216.0,267.9,62.0,637.4,100.0,1.0
289715,1813,160,3.68216,0.805249,-0.076499,0.000707,0.0,0.00253174,-0.185024,0.24431,0.221587,0.128542,0.876636,8550.8,189.4,129.6,601.7,100.0,1.0
289876,1814,161,3.841096,0.704434,0.083418,0.0,0.0,0.00262919,-0.193703,0.412378,0.408592,0.041144,1.0,9191.2,220.7,157.5,696.6,100.0,1.0
290035,1815,159,-2.028343,1.0,0.855088,0.000719,0.0,0.00302716,-0.6481,-0.749129,-0.071892,-0.576933,0.801569,4765.8,281.6,115.0,387.8,100.0,1.0
290190,1816,155,1.508628,0.955757,-0.2944,0.007914,0.0,0.00241599,-0.284244,-0.094629,0.014064,-0.005231,0.744068,7259.5,182.4,107.2,415.1,100.0,1.0
290351,1817,161,-1.697774,1.0,0.611823,0.017676,0.0,0.00310896,-0.797399,-1.0,-0.677084,-0.639027,0.822807,3424.0,237.1,118.7,342.8,100.0,1.0
290513,1818,162,1.165378,0.197085,-0.328479,0.008463,0.0,0.00317786,-0.445306,-0.271021,0.124841,-0.140747,0.993746,6587.4,191.7,154.9,299.7,100.0,1.0
290676,1819,163,5.281965,0.2,0.019112,0.023003,0.0,0.00262317,-0.111178,0.293528,0.914688,-0.118015,0.687497,8738.3,247.7,94.9,625.2,100.0,1.0
290841,1820,165,-3.339245,0.2,-0.132498,0.0,0.066761,0.00138375,-0.428386,-0.269077,-0.165056,-0.30192,0.725815,6594.8,236.2,101.6,1173.8,100.0,1.0
290999,1821,158,-2.142791,0.225165,0.849986,0.0,0.118408,0.00299753,-0.685145,-0.845939,-0.301242,-0.521874,0.819926,4397.0,229.9,118.2,437.2,100.0,1.0
291155,1822,156,-0.129345,0.598688,-0.189505,0.0,0.000401,0.00208665,-0.33329,0.015029,0.032025,-0.036739,0.940651,7677.3,199.3,139.6,792.6,100.0,1.0
291313,1823,158,-1.230824,1.0,0.6,0.0,0.0,0.00335128,-0.889704,-1.0,-1.0,-0.64064,0.992892,2738.7,190.5,172.3,178.6,100.0,1.0
291468,1824,155,-2.181455,0.800063,0.714046,0.0,0.0,0.00305023,-0.6547,-0.803004,-0.329598,-0.427888,0.836067,4560.6,199.3,121.2,325.7,100.0,1.0
291631,1825,163,3.205426,0.703614,-0.103404,0.005363,1.8e-05,0.00205345,-0.14235,0.490635,0.011832,0.118814,0.862389,9489.3,212.0,125.7,606.6,100.0,1.0
291796,1826,165,-1.834688,1.0,0.720607,0.0,0.0,0.00299518,-0.659916,-0.626426,-0.515466,-0.423693,0.927585,5233.3,227.0,137.2,424.6,100.0,1.0
291961,1827,165,-0.537128,0.567962,0.91129,0.0,0.0,0.00297287,-0.522971,-0.326987,-0.409004,-0.357349,0.837483,6374.2,248.0,121.3,543.4,100.0,1.0
292120,1828,159,1.857095,0.2,-0.107647,0.004006,0.17514,0.0027334,-0.323161,-0.053717,-0.104568,-0.021649,0.836515,7415.3,189.5,122.5,619.6,100.0,1.0
292283,1829,163,2.982414,0.458227,-0.19589,0.0,0.000143,0.00252524,-0.232469,0.069522,0.065209,-0.093529,0.65232,7884.9,217.5,88.6,697.6,100.0,1.0
292442,1830,159,-1.784107,1.0,0.678582,0.000881,0.0,0.00313068,-0.714486,-0.946942,-0.315743,-0.605581,0.755719,4012.2,254.3,106.9,254.9,100.0,1.0
292610,1831,168,6.780485,0.272157,0.106071,0.006034,0.000216,0.00243423,-0.001283,0.740809,0.299488,0.071108,0.679332,10442.5,243.7,93.4,635.5,100.0,1.0
292768,1832,158,7.948376,0.458123,0.092268,0.0,0.0,0.00236073,0.104997,0.837089,0.523956,0.266827,0.676339,10809.3,213.3,92.9,846.7,100.0,1.0
292924,1833,156,-1.907437,0.2,0.817321,0.0,0.051206,0.00313796,-0.80493,-1.0,-0.35975,-0.607538,0.961982,3675.0,234.1,143.3,347.2,100.0,1.0
293086,1834,162,-2.084546,1.0,0.6,0.013224,5.1e-05,0.00296371,-0.796155,-0.908309,-0.783306,-0.51712,0.958889,4159.3,215.3,142.7,421.5,100.0,1.0
293245,1835,159,-2.032036,0.759667,0.6,0.007449,0.000178,0.0030382,-0.838284,-1.0,-0.746352,-0.734634,0.837881,2838.9,267.5,121.4,320.1,100.0,1.0
293403,1836,158,-1.693184,0.2,0.76549,0.0,0.24836,0.00318233,-0.721147,-0.852345,-0.451542,-0.538284,0.861203,4372.6,236.8,125.5,488.2,100.0,1.0
293569,1837,166,6.377916,0.966233,0.155852,0.0,0.0,0.00208568,0.038224,0.9222,0.487282,0.340672,0.98073,11133.6,207.6,146.6,684.9,100.0,1.0
293724,1838,155,0.867564,0.2,-0.134551,0.003269,0.000272,0.00171614,-0.213692,0.021296,0.027029,-0.068607,0.574677,7701.1,206.7,74.9,786.9,100.0,1.0
293886,1839,162,-5.012436,0.845487,-0.342885,0.0,0.0,0.00185962,-0.667739,-0.77936,-0.759008,-0.277336,0.896565,4650.6,160.9,136.9,342.4,100.0,1.0
294049,1840,163,1.804338,0.873766,0.930599,0.0,0.0,0.00287648,-0.360183,-0.030019,0.570416,-0.281988,0.928924,7505.6,261.3,137.5,416.0,100.0,1.0
294210,1841,161,5.004552,0.794473,0.059474,0.009582,0.0,0.00242036,-0.087959,0.636349,0.679775,0.017381,0.914964,10044.5,246.8,135.0,668.0,100.0,1.0
294366,1842,156,-3.177843,1.0,0.887298,0.0,0.0,0.0026242,-0.601083,-0.634883,-0.647723,-0.315905,0.808052,5201.1,190.1,117.4,491.4,100.0,1.0
294527,1843,161,-2.652907,0.2,0.754962,0.016259,0.042883,0.00276779,-0.739103,-0.796801,-0.521201,-0.459276,1.0,4584.2,211.9,153.1,582.4,100.0,1.0
294691,1844,164,-0.345699,1.0,0.858127,0.0,0.0,0.00309159,-0.528074,-0.562594,0.016796,-0.465736,0.712526,5476.5,256.3,99.3,489.5,100.0,1.0
294847,1845,156,-1.656614,0.2,-0.544839,0.000407,0.14653,0.00283462,-0.542339,-0.527428,-0.33724,-0.251743,0.860671,5610.5,187.5,127.1,629.4,100.0,1.0
295012,1846,165,3.292371,0.463946,-0.14914,0.0,0.0,0.0027029,-0.247288,0.240602,0.651154,-0.221335,0.874724,8536.7,274.1,127.9,547.2,100.0,1.0
295173,1847,161,-1.783565,0.2,0.780708,0.014567,0.350727,0.00290835,-0.576114,-0.452011,-0.536226,-0.326926,0.889745,5897.8,219.1,130.5,481.0,100.0,1.0
295337,1848,164,-0.559252,0.2,-0.419315,0.002634,0.063657,0.0030023,-0.526408,-0.300666,-0.292517,-0.327172,0.925252,6474.5,240.6,136.8,638.6,100.0,1.0
295506,1849,169,1.411944,0.442897,0.768709,0.012241,0.0,0.00310819,-0.440127,-0.307018,0.163825,-0.387482,0.752887,6450.3,263.3,106.4,435.2,100.0,1.0
295669,1850,163,-0.790522,0.464168,0.892,0.012245,2e-06,0.00328378,-0.583364,-0.613927,0.600751,-0.528526,0.946857,5280.9,280.0,140.6,369.6,100.0,1.0
295824,1851,155,-4.52518,0.418158,0.73158,0.001623,1.4e-05,0.00215614,-0.705813,-1.0,-0.943583,-0.630865,0.491985,3021.0,204.6,60.4,609.8,100.0,1.0
295986,1852,162,-2.490666,0.666206,-0.32957,0.005529,7.7e-05,0.00226324,-0.517363,-0.37115,-0.094871,-0.310066,0.920195,6205.9,224.9,135.9,606.0,100.0,1.0
296145,1853,159,-1.136962,0.942402,0.699166,0.0,0.000212,0.00339771,-0.832097,-1.0,-0.373203,-0.649257,1.0,3701.8,263.9,151.4,402.9,100.0,1.0
296307,1854,162,5.776179,0.739338,0.078318,0.001212,5.8e-05,0.00244464,-0.046336,0.407836,0.622866,0.073577,0.664728,9173.9,213.6,90.8,737.7,100.0,1.0
296461,1855,154,-0.636087,0.2,-0.404951,0.002433,0.144354,0.00270542,-0.455249,-0.363725,-0.1757,-0.332796,0.705453,6234.2,233.6,98.0,743.4,100.0,1.0
296619,1856,158,1.683105,0.575747,-0.291077,0.0,0.000237,0.00284294,-0.347334,-0.046426,0.09357,-0.250692,0.771077,7443.1,248.3,109.6,529.5,100.0,1.0
296777,1857,158,-2.834789,0.520819,0.6,0.000469,0.000668,0.00276529,-0.887805,-1.0,-1.0,-0.7347,0.906842,2453.3,231.2,133.6,526.5,100.0,1.0
296939,1858,162,-0.051912,0.509545,-0.365775,0.0,7e-05,0.00265072,-0.432696,-0.3221,-0.23915,-0.268565,0.707675,6392.8,218.5,98.4,588.6,100.0,1.0
297100,1859,161,1.990742,0.53893,-0.269715,0.0,0.00011,0.00275115,-0.322342,0.052091,0.299121,-0.231278,0.845411,7818.5,254.3,122.7,693.8,100.0,1.0
297258,1860,158,4.02587,0.488475,1.0,0.029436,0.0,0.00320068,-0.261622,0.091209,0.587244,-0.16025,0.843068,7967.5,237.2,122.3,585.7,100.0,1.0
297411,1861,153,-2.975104,0.654703,0.719079,0.026618,0.0,0.00280752,-0.726194,-0.991322,-0.502171,-0.55935,0.743832,3843.1,218.0,104.8,559.7,100.0,1.0
297564,1862,153,-1.638885,0.500868,0.6,0.017678,0.0,0.0029159,-0.545729,-0.793919,-0.586808,-0.428651,0.457066,4595.2,201.1,54.2,552.8,100.0,1.0
297721,1863,157,-1.544688,0.220209,0.6,0.013501,0.0,0.00328327,-0.795709,-0.948606,-0.709303,-0.468797,0.991394,4005.8,188.5,153.7,266.1,100.0,1.0
297878,1864,157,-1.201709,1.0,0.638573,0.0,0.0,0.00295951,-0.537786,-0.463918,-0.208469,-0.410466,0.79377,5852.5,248.2,113.6,415.0,100.0,1.0
298035,1865,157,3.608732,0.264625,-0.0592,0.000243,0.022452,0.00268144,-0.201771,0.265009,0.627887,-0.192667,0.780034,8629.7,267.2,111.2,704.9,100.0,1.0
298193,1866,158,-2.6361,0.372519,0.6,0.0,0.0,0.00284859,-0.794023,-1.0,-0.855653,-0.627809,0.771757,3748.9,251.8,109.7,631.1,100.0,1.0
298358,1867,165,4.042373,0.365505,0.126715,0.0,0.0,0.00174484,-0.042135,0.609923,0.445564,0.246049,0.894247,9943.8,199.5,131.4,909.7,100.0,1.0
298522,1868,164,-2.790712,0.483169,0.6,0.000869,0.0,0.0026892,-0.776055,-1.0,-0.978033,-0.856488,0.489445,1817.0,316.5,59.9,601.1,100.0,1.0
298685,1869,163,-0.710251,1.0,0.83075,0.00701,0.0,0.00314497,-0.556028,-0.491668,0.145964,-0.484581,0.86381,5746.7,278.7,126.0,302.5,100.0,1.0
298842,1870,157,4.593033,0.825848,0.866644,0.0,0.0,0.00312293,-0.210913,0.013498,0.507008,-0.209992,0.577115,7671.4,242.8,75.4,433.8,100.0,1.0
299000,1871,158,1.0894,0.40175,-0.004818,0.0006,4.2e-05,0.00153641,-0.176439,0.268326,0.087152,0.136116,0.837343,8642.3,190.2,122.6,882.9,100.0,1.0
299153,1872,153,-1.340415,0.445916,0.961281,0.0,0.0,0.00324411,-0.578126,-0.462811,-0.350975,-0.317608,0.948697,5856.7,214.6,140.9,340.2,100.0,1.0
299316,1873,163,5.769336,0.2,0.084364,0.002195,0.006271,0.0023283,-0.028332,1.0,0.383312,0.111123,1.0,11702.9,263.3,155.4,700.5,100.0,1.0
299475,1874,159,0.710013,0.292495,-0.167908,0.027193,0.0,0.00229089,-0.321058,0.208754,-0.154897,-0.029211,0.997126,8415.4,216.7,149.5,517.8,100.0,1.0
299633,1875,158,-3.788257,1.0,-0.472244,0.019724,0.0,0.00239675,-0.642169,-0.678069,-0.811855,-0.290477,0.869495,5036.6,177.5,130.0,379.3,100.0,1.0
299792,1876,159,6.990576,0.85755,-0.177654,0.010578,0.0,0.00348688,-0.128786,0.458387,0.737816,0.109453,1.0,9366.5,211.1,162.9,353.5,100.0,1.0
299954,1877,162,-2.595209,0.636351,0.657179,0.000152,0.0,0.00280536,-0.676603,-1.0,-0.402926,-0.78513,0.430774,2854.7,332.1,49.5,586.1,100.0,1.0
300110,1878,156,-1.714841,0.2,0.745387,0.024518,0.290439,0.00325122,-0.777022,-0.887809,-0.371132,-0.580346,0.982437,4237.4,252.4,146.9,493.7,100.0,1.0
300269,1879,159,0.582182,0.732243,-0.297796,0.0,0.0,0.00266755,-0.388719,0.043971,0.055785,-0.184299,1.0,7787.5,238.7,155.2,562.4,100.0,1.0
300432,1880,163,5.201202,0.2,-0.234955,0.0,0.358481,0.00292393,-0.159321,0.260957,0.765135,-0.162139,0.721235,8614.2,257.0,100.8,558.7,100.0,1.0
300589,1881,157,-0.365128,0.655701,0.970055,0.0,0.0,0.00294822,-0.48528,-0.468688,0.276882,-0.464972,0.7323,5834.3,272.6,102.8,521.5,100.0,1.0
300745,1882,156,-2.416842,1.0,0.648164,0.013191,0.0,0.00299259,-0.654436,-0.643035,-0.125601,-0.490799,0.953937,5170.0,253.8,141.9,638.2,100.0,1.0
300905,1883,160,2.698789,0.739338,-0.30601,0.000585,0.0,0.00234286,-0.210064,0.073057,0.254572,-0.217862,0.538362,7898.3,252.5,68.5,621.2,100.0,1.0
301068,1884,163,3.367402,0.484922,-0.058692,0.0,0.00028,0.00239374,-0.18456,0.236849,0.28008,-0.188279,0.615133,8522.4,262.5,82.1,683.7,100.0,1.0
301232,1885,164,-2.168105,0.795856,0.6,0.019806,0.000735,0.00293724,-0.880634,-1.0,-1.0,-0.699225,0.916761,3349.4,278.4,135.3,475.3,100.0,1.0
301390,1886,158,1.94027,0.11253,1.0,0.0,0.0,0.00290346,-0.340233,-0.018239,0.693959,-0.270678,0.925331,7550.5,258.8,136.8,375.4,100.0,1.0
301544,1887,154,-2.081396,0.631731,0.797524,0.004687,0.0,0.0031667,-0.759634,-0.766664,-0.570234,-0.53648,1.0,4699.0,253.4,151.7,385.5,100.0,1.0
301706,1888,162,0.301125,0.2,0.929837,0.000648,0.249608,0.00327523,-0.512421,-0.339306,0.412238,-0.396061,1.0,6327.2,261.9,150.8,572.2,100.0,1.0
301871,1889,165,-0.307855,0.391053,0.742531,0.001814,0.001435,0.00275083,-0.472842,-0.374801,-0.078901,-0.485715,0.644393,6192.0,301.0,87.2,1111.3,100.0,1.0
302033,1890,162,-0.622913,0.367101,0.943699,0.015937,0.0,0.00313017,-0.545425,-0.422913,0.225536,-0.374168,1.0,6008.7,240.0,164.5,534.6,100.0,1.0
302191,1891,158,-0.186258,1.0,0.810626,0.005457,0.0,0.00315916,-0.510717,-0.613583,0.492564,-0.590004,0.655933,5282.2,322.1,89.3,294.1,100.0,1.0
302347,1892,156,-2.488672,1.0,0.817066,0.01515,0.0,0.00297745,-0.762773,-1.0,-0.507375,-0.709824,0.711681,3614.5,311.4,99.1,396.3,100.0,1.0
302512,1893,165,-1.638517,0.64825,0.812228,0.002921,0.0,0.00311242,-0.614225,-0.647215,-0.342676,-0.484936,0.779065,5154.1,250.2,111.0,537.0,100.0,1.0
302673,1894,161,5.111898,1.0,0.079194,0.007415,0.0,0.00155531,0.062957,0.525239,0.493317,0.180205,0.490702,9621.2,203.8,60.1,668.7,100.0,1.0
302833,1895,160,1.785807,0.645911,-0.235305,0.017924,0.000555,0.0024651,-0.285011,0.134298,0.08873,-0.148023,0.808718,8131.7,238.6,116.2,825.2,100.0,1.0
302990,1896,157,-2.608714,1.0,0.6,1.1e-05,0.0,0.00291036,-0.772443,-1.0,-1.0,-0.871069,0.460349,1504.8,291.8,54.8,692.5,100.0,1.0
303149,1897,159,-0.876126,0.368408,-0.358026,0.0,9e-05,0.00254747,-0.458923,-0.196562,-0.461306,-0.06052,0.987132,6871.1,182.8,188.7,409.5,100.0,1.0
303318,1898,169,-1.730601,1.0,0.6,0.0,0.0,0.00302443,-0.80685,-0.815377,-0.721311,-0.602915,1.0,4513.4,284.2,155.4,410.6,100.0,1.0
303476,1899,158,8.037154,0.2,-0.035281,0.007466,0.0,0.00295476,0.026492,1.0,0.714511,0.038594,0.87582,11492.7,276.6,128.1,444.2,100.0,1.0
303632,1900,156,-2.025921,1.0,0.953008,0.0,0.0,0.00317008,-0.74284,-0.848533,-0.149208,-0.574448,0.981291,4387.1,257.7,146.7,274.1,100.0,1.0
303793,1901,161,-2.451453,0.391869,0.6,0.005282,0.0,0.0028963,-0.773913,-1.0,-0.302107,-0.766265,0.753779,3205.1,342.8,106.5,350.0,100.0,1.0
303956,1902,163,-2.155604,0.857996,0.6,0.005456,0.0,0.00297926,-0.848605,-1.0,-0.613952,-0.755755,0.887095,3138.9,321.3,130.1,367.4,100.0,1.0
304112,1903,156,-2.597984,0.287196,0.852651,0.0,0.354817,0.00293433,-0.633449,-0.843275,0.420734,-0.646801,0.773324,4407.1,311.9,110.0,514.7,100.0,1.0
304265,1904,153,-4.056283,0.2,0.6,0.00434,0.75,0.00239638,-0.845045,-1.0,-1.0,-0.726928,0.791334,2518.8,230.6,113.2,768.0,100.0,1.0
304425,1905,160,-1.969574,-0.17683,-0.395067,0.015864,0.0,0.00187537,-0.421236,-0.344047,-0.405878,-0.257669,0.620959,6309.2,212.5,83.1,554.5,100.0,1.0
304588,1906,163,1.16757,0.2,-0.273396,0.0,0.068747,0.00250705,-0.336891,-0.024264,0.420794,-0.322711,0.788833,7527.6,277.9,112.7,767.2,100.0,1.0
304750,1907,162,1.338293,0.2,-0.343262,0.0,0.086199,0.0027468,-0.362739,-0.143214,0.283476,-0.099696,0.929642,7074.4,196.4,138.1,490.8,100.0,1.0
304910,1908,160,-2.906167,0.659005,0.771133,0.001147,0.000374,0.00275168,-0.790797,-1.0,-0.517302,-0.66843,0.824392,3489.9,263.1,119.0,603.8,100.0,1.0
305065,1909,155,3.220995,0.2,-0.270208,0.0,0.009165,0.00282399,-0.239443,0.198526,0.410639,-0.14553,0.818511,8376.4,245.1,118.0,651.5,100.0,1.0
305224,1910,159,4.146597,0.282275,0.008406,0.001317,0.0,0.00254708,-0.14963,0.524944,0.464161,-0.032166,0.907521,9620.0,248.5,133.7,526.5,100.0,1.0
305387,1911,163,-0.605728,1.0,0.879344,0.0,0.0,0.00318997,-0.557486,-0.254353,-0.388888,-0.350031,1.0,6650.9,255.8,157.0,378.8,100.0,1.0
305546,1912,159,-1.902117,0.58309,0.624075,0.019361,0.0,0.00315731,-0.841663,-1.0,-0.444369,-0.726899,0.940446,3232.0,295.9,139.5,206.9,100.0,1.0
305706,1913,160,2.831942,0.571963,-0.212115,0.006805,0.0,0.00262355,-0.245201,-0.170808,0.68358,-0.399473,0.431471,6969.2,290.1,49.7,721.2,100.0,1.0
305866,1914,160,-5.517089,0.803646,-0.432913,0.0,0.0,0.00172963,-0.722637,-0.731335,-0.679863,-0.454643,0.958354,4833.6,221.6,142.7,513.9,100.0,1.0
306026,1915,160,-2.750232,0.974909,0.6,0.017711,0.0,0.00281744,-0.771401,-1.0,-0.471998,-0.742746,0.71822,3343.4,324.9,100.3,443.1,100.0,1.0
306180,1916,154,3.509276,1.0,-0.3972,0.004806,0.0,0.00300186,-0.245854,0.289084,0.154021,-0.011358,0.943199,8721.4,220.5,140.0,347.8,100.0,1.0
306346,1917,166,-1.149456,1.0,0.763207,0.0,0.0,0.0029597,-0.562406,-0.549497,-0.457363,-0.459934,0.689473,5526.4,255.8,95.2,655.8,100.0,1.0
306505,1918,159,-1.413263,0.2,-0.358764,0.007954,0.030447,0.00284973,-0.540507,-0.368243,0.075177,-0.37926,0.977675,6217.0,250.4,146.1,598.8,100.0,1.0
306660,1919,155,-2.776526,0.2,0.709896,0.0,0.17041,0.00289219,-0.753692,-1.0,-0.580602,-0.644218,0.721048,3805.8,267.4,100.8,596.1,100.0,1.0
306817,1920,157,3.557255,1.0,-0.058735,0.0,0.0,0.00251221,-0.174729,0.289092,0.273278,-0.089092,0.707435,8721.4,239.4,98.4,575.7,100.0,1.0
306970,1921,153,2.584661,0.453613,0.884639,0.0,5.5e-05,0.00312573,-0.318648,-0.142969,0.482219,-0.274588,0.710717,7075.3,243.8,99.0,536.3,100.0,1.0
307130,1922,160,-2.422976,0.2,0.836794,0.003806,0.087578,0.00293623,-0.619699,-0.898283,0.471138,-0.684466,0.676864,4197.5,332.6,93.0,543.5,100.0,1.0
307288,1923,158,-0.1128,0.613872,0.777843,0.0,0.0,0.00309028,-0.495377,-0.361527,-0.10612,-0.321434,0.851295,6242.6,230.0,123.8,594.9,100.0,1.0
307441,1924,153,-1.983364,0.394305,0.624718,0.0,0.0,0.00323616,-0.617993,-0.57711,-0.139964,-0.424152,0.949924,5421.2,235.4,141.2,245.3,100.0,1.0
307600,1925,159,5.681848,0.833941,-0.027836,0.0,3e-06,0.00307094,-0.13689,0.418485,0.898213,-0.07186,0.88507,9214.4,248.2,129.7,413.0,100.0,1.0
307762,1926,162,-1.888894,0.2,-0.405436,0.002499,0.000184,0.00296501,-0.597437,-0.417905,-0.471186,-0.481441,0.861171,6027.8,290.6,125.5,527.3,100.0,1.0
307921,1927,159,-2.334837,0.755274,0.771441,0.0,0.000133,0.00292343,-0.609535,-0.89765,0.079114,-0.680815,0.539398,4200.0,329.0,68.7,678.1,100.0,1.0
308079,1928,158,-1.753137,1.0,0.827715,0.017878,0.0,0.00308765,-0.596581,-0.682299,0.231799,-0.603601,0.766017,5020.4,316.6,108.7,353.6,100.0,1.0
308239,1929,160,1.517047,0.867147,-0.49843,0.006721,0.0,0.0030117,-0.388025,0.014352,0.152414,-0.189515,1.0,7674.7,236.7,153.5,746.2,100.0,1.0
308397,1930,158,3.16317,0.64046,0.048211,0.001863,0.000147,0.00232898,-0.172008,0.391285,0.658011,-0.278756,0.72001,9110.8,315.8,100.6,841.7,100.0,1.0
308555,1931,158,-2.204495,0.605376,0.6,0.0,0.0,0.00307627,-0.654862,-0.561739,-0.390342,-0.437452,0.983307,5479.8,243.5,147.1,322.6,100.0,1.0
308717,1932,162,4.148357,0.593012,-0.393567,8.4e-05,0.000102,0.0028829,-0.209939,0.314854,0.369679,-0.248564,0.717288,8819.6,293.4,100.1,680.1,100.0,1.0
308878,1933,161,1.964255,0.633448,-0.083084,0.004663,0.000113,0.00254828,-0.288546,0.186813,0.465463,-0.194744,0.923922,8331.8,258.7,136.6,697.7,100.0,1.0
309037,1934,159,-2.423854,0.2,0.6,0.002959,0.000578,0.00296855,-0.770592,-0.91077,-0.807607,-0.600253,0.805892,4150.0,259.5,115.7,501.7,100.0,1.0
309191,1935,154,-1.937103,1.0,0.886508,0.000523,0.0,0.00303359,-0.587502,-0.718092,-0.456833,-0.528727,0.581936,4884.1,259.1,76.2,343.9,100.0,1.0
309356,1936,165,-2.581384,0.945392,0.906575,0.009846,0.0,0.00281768,-0.722069,-0.656531,-0.490712,-0.550206,0.982294,5118.6,284.5,146.9,390.5,100.0,1.0
309519,1937,163,-2.296325,1.0,0.858725,0.011272,0.0,0.00296137,-0.701329,-0.738532,-0.260759,-0.60812,0.880527,4806.2,306.6,128.9,555.5,100.0,1.0
309674,1938,155,-1.582828,0.437754,0.76983,0.001151,8e-06,0.0029899,-0.561883,-0.789188,0.430393,-0.656727,0.601736,4613.2,336.0,79.7,539.9,100.0,1.0
309836,1939,162,1.488906,0.255593,-0.435026,0.010542,0.176057,0.0027605,-0.354804,0.104453,-0.162348,-0.267643,0.812541,8018.0,273.7,116.9,868.2,100.0,1.0
309992,1940,156,-2.802583,0.2,0.893973,0.0,0.350025,0.00288262,-0.68001,-0.675211,-0.27876,-0.507231,0.946177,5047.4,256.1,140.5,591.8,100.0,1.0
310143,1941,151,6.190558,0.2,0.111587,0.002953,0.75,0.00179851,0.113103,0.636917,0.378357,0.366436,0.553979,10046.7,183.8,73.4,858.0,100.0,1.0
310195,1942,52,-8.206458,0.301373,0.633509,0.022697,6.2e-05,0.00218978,-0.718829,-1.0,-1.0,-1.0,0.196654,0.0,90.7,22.7,349.4,100.0,1.0
310353,1943,158,-1.471584,0.411831,0.920436,0.0,0.000168,0.00290082,-0.549918,-0.629669,0.00862,-0.538363,0.66244,5221.0,282.7,90.4,465.6,100.0,1.0
310507,1944,154,-0.125745,0.2,0.807695,0.0,0.382179,0.00293308,-0.459619,-0.244249,0.496484,-0.360645,0.971463,6689.4,261.6,145.0,665.4,100.0,1.0
310662,1945,155,-2.608236,0.393279,0.866957,0.0,0.0,0.00298703,-0.653877,-0.756747,0.19735,-0.616792,0.855392,4736.8,309.0,124.5,411.5,100.0,1.0
310813,1946,151,0.910839,0.406498,1.0,0.0,0.0,0.00318392,-0.42423,-0.15117,0.005628,-0.295888,0.852097,7044.0,250.1,123.9,356.3,100.0,1.0
310970,1947,157,2.153413,1.0,0.02377,0.0,0.0,0.00188001,-0.161187,0.318558,0.049304,0.14496,0.826413,8833.7,192.9,120.3,781.9,100.0,1.0
311130,1948,160,-0.66317,1.0,0.932118,0.01136,0.0,0.00329675,-0.568961,-0.304454,-0.38427,-0.348069,1.0,6460.0,247.7,157.6,414.9,100.0,1.0
311294,1949,164,1.198861,0.47307,1.0,0.0,0.0,0.00298921,-0.415729,-0.087592,0.011494,-0.342686,0.834785,7286.3,277.1,120.8,755.4,100.0,1.0
311457,1950,163,-2.252253,0.609771,0.699081,0.0,0.0,0.00297932,-0.738009,-0.922435,-0.231495,-0.708317,0.776445,4105.5,351.9,110.5,344.8,100.0,1.0
311618,1951,161,-2.929124,0.283225,0.840361,0.000521,0.108386,0.00275308,-0.693513,-0.824247,0.021789,-0.676413,0.819159,4479.6,346.1,118.1,674.7,100.0,1.0
311783,1952,165,4.889673,0.671553,0.111529,0.026589,0.000106,0.00221556,-0.061001,0.750203,0.486841,-0.044733,0.810902,10478.3,274.2,116.6,741.0,100.0,1.0
311942,1953,159,-1.149248,0.2,0.934226,0.0,0.326396,0.00293527,-0.53844,-0.614961,-0.380969,-0.584978,0.488886,5277.0,317.9,59.8,534.3,100.0,1.0
312096,1954,154,-3.121486,0.88177,0.870964,0.0,0.0,0.00281137,-0.670258,-0.851769,-0.436072,-0.611343,0.658017,4374.8,281.4,89.7,732.0,100.0,1.0
312250,1955,154,-1.704205,1.0,-0.189688,0.0,0.0,0.00160452,-0.353277,-0.132134,-0.17836,-0.192805,0.698759,7116.6,220.4,96.8,785.4,100.0,1.0
312410,1956,160,4.290837,0.005338,-0.235142,0.0,0.000441,0.00271654,-0.167299,0.583609,0.406225,-0.114653,0.912652,9843.6,278.0,134.6,566.9,100.0,1.0
312572,1957,162,-2.674568,1.0,0.6,0.000688,0.0,0.00284172,-0.720064,-0.955444,-0.579809,-0.650038,0.65203,3979.8,284.3,88.6,428.8,100.0,1.0
312735,1958,163,-1.797495,1.0,0.619369,0.0,0.0,0.00306796,-0.61234,-0.672788,-0.271643,-0.573238,0.70002,5056.7,296.2,97.1,361.4,100.0,1.0
312893,1959,158,0.893874,1.0,-0.300287,0.0,0.0,0.00276386,-0.381026,-0.193197,0.413908,-0.404753,0.721976,6883.9,289.1,100.9,430.7,100.0,1.0
313059,1960,166,0.776321,1.0,-0.021733,0.006279,3.2e-05,0.00233729,-0.339615,0.167506,0.27725,-0.29164,0.919212,8258.2,291.5,135.7,886.8,100.0,1.0
313215,1961,156,0.669262,-0.10467,-0.372792,0.027105,0.0,0.00289743,-0.41035,-0.122252,0.10847,-0.317298,0.844127,7154.2,262.0,122.5,478.6,100.0,1.0
313377,1962,162,5.165598,0.2,-0.019702,0.0,0.340631,0.00262346,-0.102681,0.777364,0.565532,-0.026179,0.987774,10581.8,271.7,147.8,737.4,100.0,1.0
313534,1963,157,-3.019769,0.255403,0.812878,0.017535,0.0,0.00279331,-0.748082,-1.0,-0.342439,-0.718722,0.709204,3545.6,315.1,98.7,720.0,100.0,1.0
313697,1964,163,2.171014,0.2,0.816138,0.002018,0.359699,0.00295318,-0.345908,0.112798,0.190081,-0.385816,0.792488,8049.8,327.7,113.4,619.9,100.0,1.0
313859,1965,162,-2.378546,1.0,0.6,0.009285,0.0,0.00296115,-0.726391,-0.636622,-0.788714,-0.501372,0.965578,5194.5,260.4,143.9,469.3,100.0,1.0
314016,1966,157,1.161314,0.926338,0.039118,0.0,0.0,0.00179309,-0.208954,0.252136,0.379294,-0.05311,0.839955,8580.6,226.5,121.8,641.1,100.0,1.0
314179,1967,163,5.465084,0.2,-0.312848,0.0,0.0,0.00294316,-0.138408,0.301691,0.51193,-0.275227,0.521303,8769.4,302.5,65.5,725.0,100.0,1.0
314341,1968,162,3.874008,0.816496,-0.250672,0.002748,0.0,0.00267369,-0.191133,0.194235,0.989651,-0.414258,0.612513,8360.0,356.8,81.6,549.2,100.0,1.0
314506,1969,165,2.980414,0.537163,-0.029837,0.021281,0.0,0.00238613,-0.207506,0.408422,0.35989,-0.283821,0.744154,9176.1,320.3,104.9,766.1,100.0,1.0
314673,1970,167,1.577205,1.0,-0.12572,0.012415,0.0,0.00255723,-0.328566,0.078094,0.350574,-0.328513,0.813124,7917.5,294.8,117.0,768.5,100.0,1.0
314828,1971,155,0.791628,1.0,-0.285811,0.001952,0.0,0.00235111,-0.314969,0.044082,-0.213149,-0.239753,0.664996,7788.0,256.1,90.9,622.3,100.0,1.0
314988,1972,160,0.271542,0.999418,0.927006,0.0,0.0,0.00318362,-0.492557,-0.373183,0.032248,-0.464802,0.751558,6198.2,289.5,106.2,380.7,100.0,1.0
315145,1973,157,-3.100918,0.2,0.836071,0.001183,0.075471,0.00276559,-0.634033,-0.689832,-0.071951,-0.571053,0.808754,4991.7,290.9,116.3,639.0,100.0,1.0
315303,1974,158,-3.117866,0.2,0.774341,0.011184,0.123413,0.00274015,-0.721944,-0.798778,-0.479511,-0.589979,0.849442,4576.7,279.1,123.4,770.4,100.0,1.0
315463,1975,160,-0.399285,1.0,0.840638,0.016195,0.0,0.00329261,-0.552001,-0.247192,-0.334347,-0.368084,0.989551,6678.2,264.2,148.2,315.1,100.0,1.0
315622,1976,159,0.923379,0.770445,0.96934,0.004422,7.5e-05,0.00297995,-0.416107,0.002314,0.460702,-0.419388,0.962685,7628.8,328.5,143.4,456.9,100.0,1.0
315787,1977,165,3.178095,0.49863,-0.281502,0.005874,0.000199,0.00279194,-0.261782,0.351946,0.122903,-0.247506,0.822306,8960.9,297.7,118.6,604.9,100.0,1.0
315948,1978,161,2.342145,0.615937,-0.174707,0.017959,0.0,0.00226837,-0.218559,0.359676,-0.063234,-0.100061,0.777533,8990.4,249.7,110.7,546.9,100.0,1.0
316105,1979,157,3.02424,0.832103,1.0,0.005983,0.0,0.00301132,-0.283447,0.201407,0.446351,-0.263361,0.855503,8387.4,284.6,124.5,495.1,100.0,1.0
316265,1980,160,4.77377,0.2,-0.174519,0.001132,0.350923,0.00284745,-0.15664,0.439738,0.280255,-0.1615,0.703286,9295.4,277.1,97.6,690.9,100.0,1.0
316423,1981,158,-2.205675,1.0,0.851091,0.02309,0.0,0.00311912,-0.669052,-0.678294,-0.025598,-0.572368,0.929167,5035.7,294.4,137.5,578.5,100.0,1.0
316582,1982,159,-1.978584,1.0,0.848976,0.014796,0.0,0.00319023,-0.663564,-0.694617,-0.05603,-0.651407,0.825386,4973.5,356.7,119.2,358.3,100.0,1.0
316738,1983,156,4.111605,0.329165,-0.032361,0.00223,0.000195,0.00233957,-0.107201,0.472127,0.194566,-0.095153,0.617553,9418.8,260.2,82.5,665.1,100.0,1.0
316894,1984,156,3.03166,0.485934,-0.230013,0.0,0.000698,0.0027799,-0.243621,0.258075,0.388204,-0.239344,0.786163,8603.3,282.8,112.3,500.8,100.0,1.0
317052,1985,158,-2.783034,1.0,0.6,0.012186,0.0,0.00288826,-0.767581,-1.0,-0.946319,-0.656706,0.645534,3388.8,246.8,87.4,764.3,100.0,1.0
317214,1986,162,-2.26144,0.991164,-0.318711,0.0,0.0,0.00166672,-0.411848,-0.229684,-0.4648,-0.24304,0.671528,6744.9,222.8,92.0,647.4,100.0,1.0
317371,1987,157,-2.755409,0.49567,0.839696,0.0,0.000378,0.00291678,-0.640935,-1.0,0.098927,-0.763448,0.490836,3633.0,384.0,60.1,575.6,100.0,1.0
317526,1988,155,0.975564,0.549868,0.970309,0.0,0.000538,0.00312518,-0.423301,-0.326408,0.071003,-0.393922,0.658922,6376.4,263.0,89.8,369.1,100.0,1.0
317691,1989,165,-1.670603,0.718992,-0.423517,0.0,0.000198,0.00285085,-0.575446,-0.328956,-0.33718,-0.364964,1.0,6366.7,250.6,164.1,735.4,100.0,1.0
317849,1990,158,-2.531884,0.843444,0.987316,0.0,0.0,0.00299704,-0.676262,-0.516472,-0.523494,-0.496139,0.988437,5652.2,280.4,148.0,502.8,100.0,1.0
318002,1991,153,-0.219247,0.2,1.0,0.004852,0.315902,0.00299967,-0.472821,-0.179832,0.203945,-0.37728,0.957354,6934.8,278.4,142.5,618.4,100.0,1.0
318168,1992,166,-0.961598,0.753183,0.728236,0.0,8.1e-05,0.00291277,-0.544095,-0.626898,-0.519439,-0.51276,0.518851,5231.5,268.4,65.1,649.9,100.0,1.0
318325,1993,157,-2.68956,0.2,0.88217,0.0,0.0,0.00294529,-0.698452,-0.695799,0.039266,-0.619675,0.978648,4969.0,326.6,146.2,480.0,100.0,1.0
318484,1994,159,-0.978203,1.0,-0.37428,0.005562,7e-06,0.00284643,-0.514235,-0.420985,-0.304476,-0.386592,0.750182,6016.0,245.2,105.9,752.0,100.0,1.0
318652,1995,168,1.913492,1.0,-0.092418,0.000273,0.0,0.00241556,-0.285537,-0.016206,0.315576,-0.387664,0.562127,7558.3,308.6,72.7,723.6,100.0,1.0
318807,1996,155,-2.888363,0.2,0.887342,0.007106,0.355433,0.00290134,-0.638674,-0.75639,-0.131011,-0.62325,0.712859,4738.2,314.4,99.3,841.9,100.0,1.0
318963,1997,156,-2.225724,1.0,0.884967,0.01013,0.0,0.00316436,-0.723928,-0.95881,0.019026,-0.69554,0.79276,3966.9,325.7,113.4,366.7,100.0,1.0
319119,1998,156,2.08944,1.0,-0.22957,0.0,9e-05,0.00244017,-0.249225,0.149651,-0.056874,-0.172495,0.654862,8190.2,247.4,89.1,639.9,100.0,1.0
319274,1999,155,-2.806712,0.629202,0.73746,0.007237,3e-06,0.00294277,-0.799232,-1.0,-0.421253,-0.705709,0.843982,3808.9,323.6,122.5,625.6,100.0,1.0
319433,2000,159,-2.422918,0.2,0.896587,0.002338,0.354449,0.00301608,-0.650869,-0.612707,-0.231103,-0.555857,0.879499,5285.6,297.5,128.7,570.0,100.0,1.0
319595,2001,162,-3.192493,0.489216,0.805275,0.001529,0.000278,0.00266719,-0.682104,-0.760724,-0.113737,-0.67328,0.795902,4721.6,361.3,114.0,827.6,100.0,1.0
319755,2002,160,-2.073814,0.68529,0.840499,0.00395,0.0,0.00314475,-0.698346,-0.871272,-0.053678,-0.73068,0.731303,4300.5,399.2,102.6,298.4,100.0,1.0
319915,2003,160,2.415989,0.535274,0.81352,0.016968,0.0,0.00299117,-0.326407,0.045358,0.161717,-0.352068,0.709423,7792.8,300.7,98.7,587.7,100.0,1.0
320077,2004,162,-2.382429,0.526908,0.816745,0.0,2.9e-05,0.00298535,-0.780602,-0.822283,-0.399409,-0.697886,0.930641,4487.1,371.3,137.8,377.0,100.0,1.0
320234,2005,157,4.436316,-0.11799,-0.128242,0.020678,0.0,0.00261413,-0.130715,0.801381,0.421723,-0.077443,1.0,10673.3,289.2,163.2,385.4,100.0,1.0
320394,2006,160,-1.147458,0.2,0.951016,0.0,0.098663,0.00302782,-0.556973,-0.25724,-0.125862,-0.433588,1.0,6639.9,293.1,151.3,545.5,100.0,1.0
320549,2007,155,4.068291,0.548582,-0.269072,0.009446,0.000239,0.00276282,-0.171639,0.270385,0.65216,-0.214826,0.685724,8650.2,275.4,94.5,751.7,100.0,1.0
320705,2008,156,-0.982513,0.200393,0.938917,0.0,0.0,0.00288658,-0.5124,-0.371647,-0.085758,-0.451018,0.787447,6204.0,282.5,112.5,648.4,100.0,1.0
320858,2009,153,-2.719496,-0.164062,0.831842,0.0,0.0,0.00301695,-0.810319,-1.0,-0.344994,-0.715209,0.889304,3662.2,321.5,130.5,273.1,100.0,1.0
321021,2010,163,-1.902016,0.703649,-0.096125,0.0,0.000851,0.00137795,-0.344642,0.080953,-0.296946,-0.339046,0.667063,7928.4,299.9,91.2,793.6,100.0,1.0
321184,2011,163,2.768644,0.2,-0.143119,0.0,0.104303,0.0020424,-0.158166,0.296411,0.100972,-0.144906,0.56827,8749.3,255.8,73.8,930.0,100.0,1.0
321339,2012,155,5.532494,0.443673,-0.011364,0.002321,0.0,0.0024067,-0.023843,0.656353,0.429199,0.0409,0.694634,10120.7,243.1,96.1,752.0,100.0,1.0
321499,2013,160,-3.762011,0.2,0.703539,0.02164,0.0,0.00247614,-0.872135,-0.938835,-1.0,-0.624755,1.0,4043.0,269.4,160.9,573.1,100.0,1.0
321659,2014,160,-0.841888,1.0,0.819631,7.4e-05,0.0,0.00352946,-0.61818,-0.459581,0.126388,-0.553078,1.0,5869.0,328.3,172.0,120.7,100.0,1.0
321819,2015,160,-1.27859,0.834264,-0.372458,0.004426,0.000117,0.00216181,-0.426685,-0.10463,-0.359452,-0.290535,0.792633,7221.4,254.5,113.4,659.8,100.0,1.0
321981,2016,162,4.128025,1.0,0.087594,0.0,0.0,0.00212601,-0.083634,0.740508,0.648683,-0.172841,0.805077,10441.3,315.6,115.6,742.9,100.0,1.0
322144,2017,163,-1.874786,0.553695,0.778237,0.0,2.2e-05,0.00317026,-0.715503,-0.692504,-0.334149,-0.612216,0.929419,4981.6,321.2,137.5,315.6,100.0,1.0
322304,2018,160,-0.771966,-0.600129,0.861172,0.005418,0.354548,0.00314784,-0.552605,-0.401025,0.148861,-0.561162,0.85396,6092.1,347.1,124.2,543.1,100.0,1.0
322465,2019,161,0.681853,0.2,0.967417,0.0,0.060684,0.00288522,-0.421489,-0.051258,0.040634,-0.407868,0.829651,7424.7,313.5,119.9,729.3,100.0,1.0
322624,2020,159,3.720525,0.2,-0.143303,0.0,0.35,0.00245803,-0.155599,0.707951,0.268233,-0.031366,1.0,10317.3,266.3,154.0,528.3,100.0,1.0
322783,2021,159,-3.414887,0.2,0.6,0.0,0.071919,0.00263211,-0.76582,-1.0,-0.600852,-0.702242,0.700178,3695.4,310.3,97.1,795.1,100.0,1.0
322941,2022,158,-3.285147,0.604679,0.6,0.001532,0.0,0.00270715,-0.696969,-1.0,-1.0,-0.691561,0.398573,3262.0,264.4,43.9,675.6,100.0,1.0
323104,2023,163,4.108937,0.739429,-0.180877,0.0,0.0,0.00254239,-0.154479,0.563561,0.377151,-0.201921,0.778595,9767.2,306.0,110.9,674.6,100.0,1.0
323267,2024,163,-2.210338,0.772585,0.816243,0.015443,0.000371,0.00304812,-0.696722,-0.56415,-0.431384,-0.56233,0.982421,5470.6,312.5,146.9,511.1,100.0,1.0
323429,2025,162,0.968401,0.2,0.676266,0.008395,0.117136,0.00302385,-0.428666,-0.164749,0.158054,-0.412471,0.798693,6992.3,297.5,114.5,476.0,100.0,1.0
323588,2026,159,-0.930518,1.0,0.6,0.0,0.0,0.00308078,-0.54891,-0.581772,-0.172917,-0.555038,0.627611,5403.5,303.6,84.3,634.0,100.0,1.0
323746,2027,158,0.458158,0.436521,0.949233,0.000382,0.0,0.00305329,-0.453494,-0.229692,0.154236,-0.482667,0.761984,6744.9,325.9,108.0,530.5,100.0,1.0
323907,2028,161,-2.598209,1.0,0.714591,0.003221,0.0,0.0029379,-0.859261,-1.0,-0.628877,-0.802672,0.873061,3225.9,408.7,127.6,610.0,100.0,1.0
324067,2029,160,-2.432141,1.0,0.840975,0.001386,0.0,0.00301742,-0.637078,-0.765931,-0.008908,-0.68331,0.68489,4701.8,371.2,94.4,462.9,100.0,1.0
324232,2030,165,5.383997,0.433592,-0.07605,0.0,0.000391,0.00272304,-0.108057,0.857625,0.271169,-0.155811,0.865249,10887.6,322.4,126.2,602.0,100.0,1.0
324390,2031,158,0.202561,0.449094,-0.438636,0.013729,8.8e-05,0.00268867,-0.412062,-0.111269,-0.21452,-0.289128,0.788726,7196.1,253.1,112.7,892.4,100.0,1.0
324554,2032,164,-0.108748,1.0,0.838538,0.009807,0.0,0.00305809,-0.508573,-0.225646,-0.258074,-0.438695,0.842131,6760.3,301.1,122.1,449.6,100.0,1.0
324710,2033,156,2.976523,0.2,0.946829,0.00529,3.6e-05,0.00301375,-0.281371,0.059152,0.50739,-0.385188,0.660977,7845.4,319.0,90.2,493.3,100.0,1.0
324872,2034,162,4.551485,0.352745,-0.077222,0.0,0.001089,0.00266687,-0.143267,0.416632,0.560537,-0.288267,0.619996,9207.4,323.4,82.9,642.2,100.0,1.0
325031,2035,159,-2.11399,0.632517,0.6,0.012425,0.0,0.00316662,-0.885837,-1.0,-0.63211,-0.742088,1.0,3696.1,358.3,162.0,275.1,100.0,1.0
325191,2036,160,2.983212,0.215109,0.893611,0.0,0.0,0.00320537,-0.323534,0.228942,0.033872,-0.317777,0.825209,8492.3,311.2,119.2,577.6,100.0,1.0
325351,2037,160,3.29658,0.56344,-0.264957,0.0,8.2e-05,0.00306228,-0.280659,0.313446,0.36141,-0.303605,0.868799,8814.2,316.4,126.8,506.6,100.0,1.0
325511,2038,160,5.4289,1.0,-0.18181,0.007923,0.0,0.00273685,-0.093034,0.663565,0.378545,-0.101351,0.761071,10148.2,282.3,107.8,561.0,100.0,1.0
325670,2039,159,2.54622,0.2,-0.291614,0.0,0.241201,0.00296601,-0.309903,0.054327,0.495691,-0.407752,0.716367,7827.0,330.4,99.9,520.4,100.0,1.0
325828,2040,158,2.862642,0.241339,1.0,0.012945,0.0,0.00321561,-0.326223,0.186151,0.263871,-0.302678,0.880986,8329.2,298.6,129.0,421.5,100.0,1.0
325988,2041,160,-2.667967,1.0,0.6,0.000108,0.0,0.00293715,-0.81776,-1.0,-1.0,-0.811608,0.640792,2521.3,334.6,86.6,372.7,100.0,1.0
326143,2042,155,-3.07654,0.2,0.792991,0.0,0.064305,0.00285806,-0.800264,-0.945398,-0.510115,-0.682346,0.880569,4018.0,316.2,128.9,606.5,100.0,1.0
326303,2043,160,2.061651,0.542643,0.846534,0.004193,0.000124,0.00298542,-0.346572,0.156128,0.245999,-0.382883,0.843827,8214.8,332.8,122.4,543.9,100.0,1.0
326462,2044,159,-2.412201,1.0,0.6,0.002083,0.0,0.0030605,-0.832881,-1.0,-0.871842,-0.850779,0.687037,2445.0,409.6,94.8,293.1,100.0,1.0
326625,2045,163,4.868884,0.765426,1.0,0.0,7.6e-05,0.00298034,-0.175896,0.34314,0.522561,-0.38493,0.567023,8927.4,362.9,73.6,541.1,100.0,1.0
326780,2046,155,-1.267569,1.0,1.0,0.004794,3e-05,0.00309888,-0.561164,-0.37073,-0.095326,-0.524908,0.861361,6207.5,326.6,125.5,363.9,100.0,1.0
326939,2047,159,1.228453,1.0,-0.305263,0.016066,0.000534,0.00262217,-0.338748,0.220153,0.125584,-0.28252,0.918825,8458.8,294.7,135.7,536.5,100.0,1.0
327099,2048,160,-1.581685,1.0,-0.443459,0.0,0.000183,0.00257531,-0.512884,-0.364031,-0.398113,-0.369796,0.774645,6233.0,247.3,110.2,733.3,100.0,1.0
327261,2049,162,4.090145,0.783723,-0.351569,0.012729,0.000108,0.00311077,-0.243478,0.525798,0.192596,-0.147291,1.0,9623.3,282.1,160.9,325.8,100.0,1.0
327424,2050,163,5.332995,1.0,-0.132619,0.003451,0.000404,0.00278479,-0.114091,0.927123,0.124325,-0.027679,1.0,11152.3,286.7,154.2,570.9,100.0,1.0
327585,2051,161,-1.794309,0.523748,0.811125,0.0,0.0,0.0028909,-0.579941,-0.498862,0.13128,-0.600822,0.823163,5719.3,358.2,118.8,571.7,100.0,1.0
327742,2052,157,-3.096767,0.562684,0.6,0.000158,0.000999,0.00282192,-0.820281,-1.0,-1.0,-0.742157,0.707526,2974.3,288.4,98.4,724.9,100.0,1.0
327904,2053,162,-1.318994,0.2,-0.482557,0.0,0.039579,0.00278073,-0.534726,-0.319657,-0.397445,-0.438039,0.810443,6402.1,284.8,116.5,568.0,100.0,1.0
328071,2054,167,5.835579,0.786982,0.088502,0.0,4.8e-05,0.00243949,-0.035157,0.789181,0.303387,-0.130587,0.6389,10626.8,305.6,86.3,764.2,100.0,1.0
328235,2055,164,3.404662,1.0,0.058143,0.00269,0.0,0.00253944,-0.199298,0.290137,0.62293,-0.304189,0.693911,8725.4,313.5,96.0,703.3,100.0,1.0
328391,2056,156,-2.38429,0.111658,0.731845,0.023752,0.0,0.00312984,-0.812082,-0.943054,-0.510224,-0.718392,0.885081,4027.0,357.5,129.7,261.7,100.0,1.0
328554,2057,163,4.270278,1.0,-0.219955,0.0,0.0,0.00264008,-0.157781,0.637454,0.637174,-0.287747,0.841537,10048.7,352.7,122.0,532.9,100.0,1.0
328713,2058,159,1.059214,0.486437,1.0,0.000602,7.4e-05,0.00294022,-0.399949,-0.303436,0.361376,-0.543841,0.563073,6463.9,354.3,72.9,540.1,100.0,1.0
328873,2059,160,2.404663,0.682097,-0.220114,0.003174,0.0,0.00274504,-0.285726,0.200559,0.118418,-0.328053,0.712261,8384.1,311.9,99.2,419.7,100.0,1.0
329030,2060,157,3.116292,1.0,-0.328997,0.0,0.0,0.00291514,-0.258722,0.240829,-0.15211,-0.245486,0.657351,8537.6,282.9,89.5,578.5,100.0,1.0
329192,2061,162,-2.376244,0.264507,0.763293,0.015553,0.0,0.00302296,-0.820377,-0.836935,-0.503315,-0.702706,1.0,4431.3,372.6,165.2,250.4,100.0,1.0
329355,2062,163,1.507389,0.443189,0.796582,0.0,0.0,0.00295814,-0.385941,0.056308,-0.001029,-0.393321,0.805482,7834.5,322.8,115.7,560.9,100.0,1.0
329512,2063,157,-2.493605,1.0,0.743458,0.0,0.000173,0.00308269,-0.731547,-0.884187,-0.249094,-0.69539,0.791356,4251.2,348.9,113.2,455.2,100.0,1.0
329671,2064,159,1.596906,0.753549,-0.429857,0.006858,0.0,0.0031602,-0.400488,0.201137,-0.0585,-0.316407,1.0,8386.3,306.7,167.7,309.1,100.0,1.0
329836,2065,165,-0.87964,1.0,0.939258,0.0,0.0,0.00313618,-0.573904,-0.320226,-0.038805,-0.530457,0.945229,6399.9,340.8,140.3,298.8,100.0,1.0
329998,2066,162,4.265221,0.615916,-0.192869,0.0,2e-06,0.00276105,-0.174467,0.706836,0.437206,-0.204739,0.952786,10313.0,324.2,141.7,577.2,100.0,1.0
330152,2067,154,-1.875096,0.2,-0.42174,0.003674,0.225227,0.00268616,-0.533775,-0.434695,-0.258109,-0.441749,0.762187,5963.8,267.1,108.0,768.9,100.0,1.0
330310,2068,158,3.971016,0.409119,1.0,0.00156,9.6e-05,0.00335576,-0.276127,0.204045,0.332428,-0.342998,0.735662,8397.4,319.5,103.4,413.3,100.0,1.0
330470,2069,160,-2.060432,0.51169,0.755087,0.000177,0.0,0.003055,-0.6209,-0.671488,0.061727,-0.675837,0.732714,5061.6,390.4,102.8,486.9,100.0,1.0
330629,2070,159,3.901014,1.0,0.05451,0.0,0.0,0.00244521,-0.138967,0.632089,0.424604,-0.204971,0.794167,10028.3,315.3,113.7,640.0,100.0,1.0
330784,2071,155,-2.728678,0.350551,0.724985,0.00621,0.0,0.00302288,-0.736011,-0.844428,-0.357486,-0.67799,0.816452,4402.7,341.8,117.6,736.5,100.0,1.0
330946,2072,162,1.179333,0.427144,-0.285939,0.019751,0.000124,0.00297888,-0.407128,-0.059642,0.203084,-0.490102,0.758557,7392.8,362.5,107.4,468.4,100.0,1.0
331103,2073,157,0.856271,0.2,1.0,0.0,0.0,0.00331619,-0.465906,-0.257199,-0.115758,-0.44451,0.733363,6640.1,298.8,102.9,376.3,100.0,1.0
331267,2074,164,2.01971,0.88516,-0.09544,0.0,0.000661,0.00224563,-0.238829,0.191303,-0.013166,-0.141469,0.693992,8348.9,243.1,96.0,552.3,100.0,1.0
331433,2075,166,0.457682,1.0,0.954829,0.000761,0.0,0.00293972,-0.458747,-0.078865,0.311435,-0.463253,0.946281,7319.5,340.9,140.5,467.7,100.0,1.0
331591,2076,158,-2.00252,0.2,0.865684,0.0,0.0,0.00280566,-0.571784,-0.463983,-0.16328,-0.557634,0.777628,5852.2,330.7,110.8,880.8,100.0,1.0
331752,2077,161,1.70899,0.855621,-0.391973,0.006994,0.0,0.00274039,-0.331677,0.096195,0.005589,-0.299087,0.761598,7986.5,284.9,107.9,439.1,100.0,1.0
331911,2078,159,-1.35168,0.772337,0.818241,0.0,0.0,0.00309426,-0.578843,-0.402428,0.241309,-0.565256,0.950828,6086.8,350.0,141.3,439.1,100.0,1.0
332074,2079,163,5.798507,0.946205,1.0,0.0,0.0,0.00385585,-0.256603,0.589837,0.153662,-0.231427,1.0,9867.3,321.0,185.5,357.8,100.0,1.0
332237,2080,163,-2.747193,0.811528,0.6,0.012689,0.000118,0.00287721,-0.862224,-0.883755,-0.789845,-0.707668,1.0,4252.9,363.7,163.5,409.5,100.0,1.0
332393,2081,156,1.91745,1.0,0.924138,0.0,0.0,0.00337109,-0.402866,0.151585,-0.141136,-0.255495,1.0,8197.5,275.3,153.5,312.7,100.0,1.0
332549,2082,156,-2.409557,0.540551,0.980424,0.004009,0.0,0.00290394,-0.607931,-0.644904,0.204517,-0.670322,0.760172,5162.9,391.5,107.7,679.8,100.0,1.0
332715,2083,166,0.460229,0.547756,0.058173,0.003007,0.0,0.00151532,-0.221949,0.587998,0.110936,-0.247355,0.873817,9860.3,327.5,127.7,796.8,100.0,1.0
332884,2084,169,-2.54417,1.0,0.826477,0.0,0.0,0.00286079,-0.764981,-0.701006,-0.289196,-0.702698,1.0,4949.2,416.2,176.5,556.8,100.0,1.0
333045,2085,161,1.149558,-0.176115,-0.321205,0.01662,0.000119,0.00264174,-0.351508,0.031846,-0.005339,-0.382564,0.697617,7741.3,313.4,96.6,941.2,100.0,1.0
333207,2086,162,3.214179,0.2,0.023011,0.001579,0.142323,0.0025444,-0.205641,0.656079,-0.003062,-0.134858,0.939706,10119.7,292.4,139.4,677.2,100.0,1.0
333366,2087,159,-2.858471,0.401857,0.791301,0.003344,0.0,0.00290707,-0.689895,-1.0,0.155541,-0.792705,0.621823,3589.1,432.8,83.3,347.1,100.0,1.0
333524,2088,158,3.80306,0.543741,-0.386148,0.022561,0.000112,0.00282972,-0.202605,0.502525,0.241536,-0.169199,0.8618,9534.6,286.9,125.6,592.2,100.0,1.0
333682,2089,158,-2.781573,0.850238,0.6,0.003413,0.0,0.00296004,-0.902892,-0.965001,-1.0,-0.705472,1.0,3943.3,334.7,156.9,391.5,100.0,1.0
333843,2090,161,-2.349635,0.176875,0.6,0.007848,0.0,0.0030702,-0.820348,-0.996863,-0.331956,-0.762358,0.883512,3822.0,402.1,129.4,340.8,100.0,1.0
334003,2091,160,0.726939,0.2,0.968666,0.0,0.275892,0.00287231,-0.412849,-0.025702,0.121647,-0.478476,0.785844,7522.1,360.6,112.2,571.8,100.0,1.0
334169,2092,166,3.058477,0.652008,0.000428,0.0,5.7e-05,0.00229408,-0.183975,0.611304,0.036243,-0.166927,0.829563,9949.1,298.6,119.9,737.1,100.0,1.0
334327,2093,158,4.228487,0.211058,-0.183663,0.0,2.2e-05,0.00283793,-0.176245,0.687061,0.299052,-0.093051,1.0,10237.7,282.2,158.8,454.4,100.0,1.0
334487,2094,160,4.298747,0.219795,-0.104585,0.004411,0.283074,0.00232094,-0.094599,0.867634,0.322316,-0.131749,0.869183,10925.7,314.6,126.9,800.8,100.0,1.0
334642,2095,155,0.544331,1.0,0.932061,0.014932,0.0,0.00331616,-0.479085,-0.057824,0.058177,-0.456222,0.953085,7399.7,340.2,141.7,351.0,100.0,1.0
334807,2096,165,2.20818,1.0,-0.244254,0.003069,0.000167,0.00262583,-0.291092,0.281825,0.386161,-0.412877,0.789433,8693.8,370.2,112.8,632.3,100.0,1.0
334967,2097,160,-2.378545,0.873444,0.6,0.011372,0.0,0.0030903,-0.74646,-0.914532,-0.461606,-0.7215,0.72919,4135.6,371.2,102.2,247.0,100.0,1.0
335125,2098,158,1.027889,0.2,-0.343148,0.0,0.359552,0.00276527,-0.370745,0.152089,-0.026456,-0.364927,0.847552,8199.5,322.8,123.1,559.7,100.0,1.0
335288,2099,163,2.376417,0.2,-0.218288,0.0,0.058478,0.00279726,-0.302854,0.214628,0.45552,-0.423791,0.785502,8437.7,366.1,112.1,539.6,100.0,1.0
335445,2100,157,0.377832,0.720906,1.0,0.0,0.0,0.00314322,-0.469241,-0.165173,-0.039834,-0.406691,0.862734,6990.7,294.6,125.8,442.9,100.0,1.0
335599,2101,154,-3.209876,0.755175,0.656718,0.004422,0.0,0.0028654,-0.788183,-1.0,-0.447866,-0.878668,0.656559,1940.0,399.7,89.4,482.5,100.0,1.0
335763,2102,164,1.892814,0.613805,-0.369032,0.0,2.7e-05,0.00269482,-0.319933,0.409548,0.023633,-0.310036,0.947637,9180.4,332.6,140.8,954.8,100.0,1.0
335918,2103,155,-0.59519,0.2,0.919119,0.010536,0.367863,0.0029388,-0.494002,-0.478879,0.189003,-0.580242,0.626029,5795.5,345.2,84.0,554.4,100.0,1.0
336076,2104,158,3.452353,0.808308,-0.362094,0.004046,0.0,0.00306291,-0.261267,0.409783,0.197061,-0.261031,0.871742,9181.3,310.6,127.4,370.1,100.0,1.0
336233,2105,157,-1.104236,0.042789,0.752975,0.027417,5.2e-05,0.00292929,-0.531261,-0.430985,-0.242442,-0.450323,0.754781,5977.9,271.9,106.7,497.7,100.0,1.0
336396,2106,163,4.421029,0.253032,-0.299426,0.0,0.001546,0.0030794,-0.216625,0.635146,0.61487,-0.289662,1.0,10039.9,353.3,151.6,490.5,100.0,1.0
336556,2107,160,4.988444,0.565705,-0.232011,0.001295,0.000329,0.00254588,-0.085288,0.859442,0.398267,-0.184473,0.813238,10894.5,334.0,117.0,631.2,100.0,1.0
336712,2108,156,4.584358,0.2,-0.276679,0.01026,0.257941,0.00276001,-0.13458,0.718566,0.44326,-0.136882,0.907093,10357.7,300.0,133.6,710.9,100.0,1.0
336876,2109,164,4.02581,1.0,-0.078806,0.005949,0.0,0.0026249,-0.170529,0.739658,0.203536,-0.19123,0.909796,10438.1,322.7,134.1,632.0,100.0,1.0
337033,2110,157,0.692432,1.0,0.972974,0.0,0.0,0.00339398,-0.488271,-0.165465,0.091966,-0.501901,0.872945,6989.6,350.8,127.6,338.5,100.0,1.0
337194,2111,161,-0.325438,0.472543,0.934974,0.0,0.0,0.0030068,-0.505235,-0.22508,-0.306656,-0.440463,0.817601,6762.4,302.1,117.8,672.0,100.0,1.0
337352,2112,158,-3.080574,0.511816,0.730145,0.001717,0.000378,0.00285031,-0.829778,-0.988374,-0.618387,-0.774526,0.824251,3854.3,427.4,119.0,636.5,100.0,1.0
337514,2113,162,2.51794,0.677327,-0.080531,0.003386,0.000127,0.00249311,-0.241153,0.606613,0.004324,-0.166078,0.981188,9931.2,297.7,146.7,723.1,100.0,1.0
337676,2114,162,-2.401449,1.0,0.916289,0.0,0.0,0.00305414,-0.650192,-0.527026,-0.264997,-0.631801,0.863987,5612.0,381.0,126.0,487.3,100.0,1.0
337839,2115,163,-2.277826,0.444222,0.835783,0.0,0.0,0.00304994,-0.644618,-0.810101,-0.276181,-0.714243,0.572006,4533.5,396.6,74.5,482.1,100.0,1.0
337996,2116,157,-3.547843,0.571354,0.696983,0.016413,0.000116,0.00267851,-0.714455,-1.0,-0.171027,-0.8027,0.590121,3299.8,418.1,77.7,582.5,100.0,1.0
338159,2117,163,2.888477,0.2,1.0,0.013799,0.095891,0.00330001,-0.351122,0.214158,0.349125,-0.399129,0.913815,8435.9,351.0,134.8,541.6,100.0,1.0
338326,2118,167,1.77337,0.506964,-0.243686,0.006871,0.000131,0.00270558,-0.337135,0.278379,0.363493,-0.42227,0.903993,8680.6,375.6,133.1,709.3,100.0,1.0
338483,2119,157,-3.045922,0.2,0.707581,0.003994,0.001067,0.00288319,-0.676146,-0.546533,-0.345188,-0.558327,0.964274,5537.7,313.5,143.7,591.5,100.0,1.0
338640,2120,157,-2.452922,0.947839,0.6,1.8e-05,0.0,0.00313607,-0.769675,-1.0,-0.564966,-0.812624,0.626831,3170.7,423.0,84.1,270.5,100.0,1.0
338795,2121,155,-0.721219,0.933244,0.6,0.0,0.0,0.00304865,-0.519361,-0.45019,-0.037483,-0.535093,0.692964,5904.8,317.5,95.8,551.6,100.0,1.0
338952,2122,157,-1.098962,0.2,0.946388,0.0,0.35,0.00321106,-0.575499,-0.424343,-0.075389,-0.589844,0.814059,6003.3,365.9,117.2,487.8,100.0,1.0
339107,2123,155,-2.654723,0.2,0.787603,0.001797,0.368806,0.0029712,-0.632725,-0.746705,0.046543,-0.71806,0.672243,4775.1,423.4,92.2,481.6,100.0,1.0
339263,2124,156,-2.903881,0.358562,0.7653,0.0,0.0,0.00295929,-0.650026,-0.755317,-0.122177,-0.647289,0.727978,4742.2,336.1,102.0,654.8,100.0,1.0
339421,2125,158,2.090186,1.0,0.950685,0.0,0.0,0.00317219,-0.365764,-0.032758,0.764623,-0.504085,0.808034,7495.2,377.8,116.1,523.5,100.0,1.0
339591,2126,170,0.518109,0.2,-0.34425,0.0,0.08019,0.00278432,-0.439837,0.075341,0.138024,-0.443354,0.96991,7907.0,355.1,144.7,807.2,100.0,1.0
339749,2127,158,-0.900522,0.65167,0.966986,0.009351,0.0,0.00322188,-0.567619,-0.288448,0.074777,-0.50995,1.0,6521.0,332.7,152.4,475.9,100.0,1.0
339906,2128,157,-3.297741,0.441987,0.6,0.000255,0.0,0.00278684,-0.813258,-1.0,-0.411603,-0.791235,0.813507,3433.9,411.2,117.1,580.0,100.0,1.0
340073,2129,167,2.431111,0.2,-0.117801,0.0,0.000649,0.00232082,-0.22983,0.63102,0.317201,-0.284292,0.954337,10024.2,350.1,141.9,862.7,100.0,1.0
340233,2130,160,-2.177499,1.0,0.796346,0.0,0.0,0.00308887,-0.635715,-0.629173,-0.038612,-0.649414,0.799246,5222.9,372.4,114.6,457.9,100.0,1.0
340391,2131,158,-3.45069,0.370307,0.6,0.0,0.0,0.00270711,-0.738118,-1.0,-0.419287,-0.818344,0.57339,2986.8,411.1,74.7,464.0,100.0,1.0
340554,2132,163,-2.868907,0.47124,0.85117,0.010156,0.0,0.00286203,-0.848959,-0.910299,-0.555474,-0.719455,1.0,4151.8,370.0,151.6,496.7,100.0,1.0
340718,2133,164,-2.292701,0.389484,0.900713,0.005852,7.2e-05,0.00280585,-0.609203,-0.359215,-0.341875,-0.568816,0.898764,6251.4,362.5,132.1,660.5,100.0,1.0
340878,2134,160,2.16729,0.35601,0.96364,0.00239,0.0,0.00330453,-0.388031,0.078718,0.194208,-0.349125,0.921127,7919.9,304.2,136.1,475.1,100.0,1.0
341039,2135,161,1.948815,0.2,1.0,0.018957,0.073429,0.00305841,-0.365829,0.159948,0.18815,-0.366323,0.89924,8229.4,324.7,132.2,478.8,100.0,1.0
341203,2136,164,5.271984,0.481791,-0.119095,0.0,0.000557,0.00253232,-0.072622,1.0,0.447096,-0.175698,0.898921,11642.5,353.1,132.2,525.3,100.0,1.0
341363,2137,160,-1.093208,0.846948,0.71839,0.001263,0.0,0.00291028,-0.536801,-0.30189,0.251158,-0.60385,0.872254,6469.8,408.3,127.5,614.7,100.0,1.0
341522,2138,159,-1.396005,1.0,0.924139,0.0,0.00028,0.0030002,-0.567904,-0.464983,0.032518,-0.633237,0.756967,5848.4,398.7,107.1,481.2,100.0,1.0
341683,2139,161,1.49647,1.0,0.946283,0.0,0.0,0.00309664,-0.401324,-0.000414,0.291118,-0.479536,0.81849,7618.4,365.9,118.0,452.9,100.0,1.0
341849,2140,166,2.576881,0.36555,-0.365041,0.0,0.000436,0.00284914,-0.305411,0.143187,0.412413,-0.472034,0.688111,8165.5,386.7,95.0,768.7,100.0,1.0
342014,2141,165,0.21182,0.721051,0.869708,0.0,0.0,0.0028314,-0.45347,-0.496558,0.443187,-0.632459,0.525462,5728.1,389.6,66.3,739.7,100.0,1.0
342171,2142,157,-2.695689,0.2,0.838539,0.004914,0.35,0.00304222,-0.706932,-0.789788,-0.054816,-0.677681,0.859141,4610.9,357.6,125.1,516.6,100.0,1.0
342333,2143,162,0.818342,1.0,1.0,0.0,0.0,0.00345983,-0.507394,-0.016586,-0.089725,-0.480916,1.0,7556.8,363.9,152.1,392.3,100.0,1.0
342493,2144,160,2.840044,0.234637,0.989479,0.002284,0.001311,0.00312551,-0.315235,0.395041,0.425145,-0.361099,0.9948,9125.1,357.1,149.1,429.7,100.0,1.0
342653,2145,160,3.864054,0.429253,-0.073609,0.0,0.000187,0.00257785,-0.160858,0.839038,0.342361,-0.182845,1.0,10816.7,330.9,164.0,837.3,100.0,1.0
342809,2146,156,-1.020569,0.432925,1.0,0.0,0.000529,0.00335317,-0.58975,-0.354825,0.116176,-0.542206,1.0,6268.1,342.3,155.1,337.3,100.0,1.0
342974,2147,165,-3.913668,0.913473,0.777439,0.011979,2.2e-05,0.00242802,-0.685684,-0.571792,-0.767266,-0.56291,0.848961,5441.5,311.2,123.3,782.7,100.0,1.0
343127,2148,153,-2.774771,0.467374,0.829884,0.004126,0.0,0.00309913,-0.713294,-0.837548,0.211332,-0.704476,0.896279,4428.9,374.7,131.7,273.7,100.0,1.0
343290,2149,163,-0.691113,0.2,0.911986,0.0,0.0,0.00302689,-0.53855,-0.310518,0.233804,-0.568862,0.896122,6436.9,373.3,131.7,518.7,100.0,1.0
343448,2150,158,-2.901888,0.915525,0.843481,0.024404,0.000168,0.00295565,-0.762676,-0.909303,-0.257792,-0.747856,0.814898,4155.6,412.0,117.3,471.8,100.0,1.0
343612,2151,164,1.16113,1.0,0.86712,0.0,5.4e-05,0.00341303,-0.484211,0.057545,-0.196031,-0.429981,1.0,7839.2,343.8,180.9,449.6,100.0,1.0
343766,2152,154,1.033719,0.2,0.982761,0.0,0.306192,0.00316711,-0.420389,0.034985,0.253683,-0.348346,1.0,7753.3,297.4,162.1,493.1,100.0,1.0
343923,2153,157,-0.928378,0.855268,0.784747,0.003869,0.0,0.0033118,-0.580709,-0.48947,0.286778,-0.584196,0.890744,5755.1,346.0,130.7,412.4,100.0,1.0
344087,2154,164,-0.347519,0.548764,-0.38934,0.021611,0.000508,0.00292639,-0.502731,0.04055,-0.227538,-0.483274,0.986093,7774.5,376.1,147.5,423.8,100.0,1.0
344248,2155,161,-2.185516,0.152331,0.945629,0.0,0.0,0.00304471,-0.633045,-0.509859,-0.308369,-0.597002,0.844694,5677.4,352.2,122.6,456.7,100.0,1.0
344413,2156,165,-2.115628,0.567946,0.947581,0.006621,0.0,0.0028694,-0.611741,-0.463594,0.361983,-0.665523,0.949667,5853.7,437.5,141.1,678.9,100.0,1.0
344573,2157,160,3.330521,0.2,1.0,0.018728,0.0,0.00314349,-0.285475,0.295918,0.225022,-0.324191,0.813428,8747.4,323.6,117.1,672.8,100.0,1.0
344737,2158,164,3.965356,1.0,-0.222789,0.023683,0.0,0.00254553,-0.158415,0.830392,0.155081,-0.210828,0.90935,10783.8,341.6,134.0,479.0,100.0,1.0
344899,2159,162,-2.906741,0.488479,0.845125,0.007207,0.0,0.00288234,-0.829382,-0.931332,-0.50285,-0.758883,0.910283,4071.6,422.2,134.2,578.0,100.0,1.0
345059,2160,160,-1.937772,0.467503,0.792929,0.00167,0.000446,0.003314,-0.712477,-0.541331,-0.327185,-0.648086,1.0,5557.5,394.8,150.1,348.1,100.0,1.0
345225,2161,166,3.234522,0.2,-0.002773,0.010773,0.112409,0.00251776,-0.206494,0.736229,0.31271,-0.239408,1.0,10425.0,342.7,158.0,841.8,100.0,1.0
345386,2162,161,-1.054557,1.0,0.785304,0.0,0.0,0.00366065,-0.83122,-0.877393,-0.354828,-0.754628,1.0,4277.1,435.8,167.1,186.7,100.0,1.0
345546,2163,160,6.156554,1.0,0.041393,0.0,0.0,0.00249215,0.004098,1.0,0.359362,0.01444,0.817629,11532.1,284.2,117.8,592.3,100.0,1.0
345703,2164,157,-2.487386,0.539911,0.73281,0.0,0.000201,0.00297283,-0.629647,-0.372182,-0.14785,-0.585137,0.989358,6202.0,373.7,148.1,555.7,100.0,1.0
345862,2165,159,1.263472,0.817305,0.088408,0.0,0.0,0.00233505,-0.288595,0.522197,0.311604,-0.33435,1.0,9609.6,360.9,150.7,819.4,100.0,1.0
346026,2166,164,1.339171,1.0,0.770305,0.00611,0.0,0.00310475,-0.421609,0.201807,0.12158,-0.466087,0.983979,8388.9,392.8,147.2,502.0,100.0,1.0
346189,2167,163,-0.010451,0.387951,-0.375355,0.000976,0.0,0.00286163,-0.467228,-0.070892,-0.028638,-0.451545,0.88908,7349.9,335.0,130.4,789.3,100.0,1.0
346350,2168,161,-0.536358,0.2,1.0,0.0,0.014588,0.00290584,-0.503048,-0.154654,-0.233132,-0.433134,0.888947,7030.8,310.1,130.4,714.4,100.0,1.0
346514,2169,164,-2.735109,0.027545,0.890193,0.0,0.0,0.00291779,-0.675068,-0.539901,-0.474036,-0.61759,0.878322,5563.0,363.7,128.5,766.0,100.0,1.0
346669,2170,155,4.864082,0.503698,0.100544,0.0,2.3e-05,0.00234808,-0.04533,0.931111,0.474112,-0.047484,0.889353,11167.5,293.1,130.5,755.4,100.0,1.0
346833,2171,164,1.344261,1.0,-0.283454,0.0,0.0,0.00268776,-0.352792,0.270134,-0.076881,-0.369102,0.862591,8649.2,342.7,125.8,526.2,100.0,1.0
346988,2172,155,-1.578277,1.0,0.952772,0.0,0.0,0.00304507,-0.575493,-0.438207,0.062593,-0.555816,0.872732,5950.4,334.9,127.5,255.8,100.0,1.0
347148,2173,160,3.186377,1.0,1.0,0.0,0.0,0.00328587,-0.31701,0.144217,0.782647,-0.46754,0.831619,8169.5,383.6,120.3,517.1,100.0,1.0
347308,2174,160,3.811916,0.819252,0.94636,0.00619,0.0,0.00317237,-0.257781,0.332145,0.7716,-0.399902,0.851448,8885.5,370.2,123.8,766.2,100.0,1.0
347466,2175,158,2.11172,0.73251,-0.2796,0.0,0.000642,0.00244761,-0.248311,0.526377,0.033325,-0.150321,0.966118,9625.5,283.2,144.0,643.9,100.0,1.0
347626,2176,160,-2.836043,0.2,0.81951,0.019644,0.174208,0.00292266,-0.653725,-0.481309,-0.097147,-0.578946,1.0,5786.2,343.6,151.4,543.6,100.0,1.0
347791,2177,165,-2.804857,0.66412,0.842277,0.006343,0.000264,0.00288301,-0.682256,-0.735773,-0.191031,-0.701313,0.768045,4816.7,403.2,109.1,508.8,100.0,1.0
347952,2178,161,3.749702,1.0,0.712068,0.010501,0.0,0.00325815,-0.278654,0.456664,0.595306,-0.341168,1.0,9359.9,355.2,172.3,297.8,100.0,1.0
348112,2179,160,3.316254,1.0,-0.344353,0.015897,0.0006,0.00288377,-0.243868,0.622217,0.032825,-0.175683,1.0,9990.6,303.0,151.5,537.3,100.0,1.0
348276,2180,164,-0.258632,0.608585,0.922025,0.0,0.000492,0.00303356,-0.514594,-0.151187,0.482441,-0.61665,0.971562,7044.0,459.4,145.0,600.7,100.0,1.0
348433,2181,157,-0.865224,0.2,1.0,0.003781,0.055704,0.00298367,-0.525321,-0.308301,0.300243,-0.572155,0.876068,6445.4,376.6,128.1,645.1,100.0,1.0
348592,2182,159,3.667297,0.815959,1.0,0.008669,0.0,0.00312746,-0.256544,0.53119,0.085951,-0.159789,1.0,9643.8,286.9,159.2,411.3,100.0,1.0
348751,2183,159,-1.906059,0.456326,0.90472,0.0,0.005487,0.00307009,-0.613438,-0.384956,0.180799,-0.617596,1.0,6153.3,402.3,173.7,1053.8,100.0,1.0
348910,2184,159,1.33,0.77042,0.732128,0.008015,9.3e-05,0.00301831,-0.392627,0.000297,0.398344,-0.468719,0.834056,7621.1,358.6,120.7,526.9,100.0,1.0
349067,2185,157,-1.661959,1.0,0.659786,0.00926,0.0,0.00351393,-0.723051,-0.611483,-0.403259,-0.599515,1.0,5290.2,330.2,197.3,238.7,100.0,1.0
349225,2186,158,-2.274542,0.2,0.826692,0.0,0.0,0.00299888,-0.623445,-0.333704,-0.201134,-0.566354,1.0,6348.6,366.0,157.1,526.4,100.0,1.0
349383,2187,158,-2.824912,0.530903,0.704395,0.01059,0.0,0.00300499,-0.764079,-0.708381,-0.594742,-0.639793,0.958775,4921.1,341.5,142.7,393.3,100.0,1.0
349540,2188,157,0.60599,0.2,-0.341715,0.0,0.111119,0.00272292,-0.387705,0.327617,-0.161407,-0.344895,1.0,8868.2,338.4,176.4,558.7,100.0,1.0
349702,2189,162,2.42168,1.0,1.0,0.0,0.0,0.00321881,-0.362267,0.294908,0.204406,-0.402236,0.959325,8743.6,365.7,142.8,396.6,100.0,1.0
349860,2190,158,2.530478,1.0,-0.350434,0.012139,0.000168,0.0035462,-0.393994,0.265016,-0.122759,-0.326575,1.0,8629.7,320.4,176.3,371.0,100.0,1.0
350012,2191,152,2.399544,0.2,-0.220841,0.0,0.266721,0.00262108,-0.240522,0.445114,0.196678,-0.200541,0.889444,9315.9,291.3,130.5,908.9,100.0,1.0
350169,2192,157,-1.845276,0.371626,-0.387074,0.0,0.0,0.00261529,-0.532128,-0.119745,-0.139885,-0.479465,0.983895,7163.8,344.1,147.2,739.0,100.0,1.0
350328,2193,159,-0.13477,0.380277,1.0,8.2e-05,0.0,0.00300741,-0.487132,0.024047,-0.24308,-0.421492,0.978251,7711.6,333.3,146.2,510.9,100.0,1.0
350485,2194,157,0.532782,0.514395,-0.399686,0.0,0.0,0.00306974,-0.446964,0.141884,-0.090506,-0.411281,1.0,8160.6,346.5,156.1,413.1,100.0,1.0
350648,2195,163,-2.213911,0.944348,0.860548,0.0,1e-05,0.00317285,-0.867584,-0.899459,-0.688695,-0.746165,1.0,4193.1,413.0,194.3,406.4,100.0,1.0
350812,2196,164,2.869461,0.2,-0.123211,0.0,0.0,0.0025338,-0.22655,0.694276,0.108406,-0.203199,1.0,10265.2,322.1,158.5,579.8,100.0,1.0
350971,2197,159,0.029832,1.0,1.0,0.0,0.0,0.00321498,-0.509331,-0.133062,-0.082695,-0.499009,0.908837,7113.0,354.9,133.9,558.8,100.0,1.0
351132,2198,161,-2.713569,0.2,0.702895,0.001912,0.35715,0.00292134,-0.649305,-0.51834,0.077057,-0.674756,0.928567,5645.1,433.9,137.4,627.7,100.0,1.0
351290,2199,158,0.515781,0.2,0.641324,0.0,0.161522,0.002922,-0.427754,0.074737,-0.033947,-0.37532,0.944134,7904.7,316.4,140.1,490.5,100.0,1.0
351444,2200,154,2.990033,1.0,-0.069402,9.6e-05,0.0,0.00242887,-0.17694,0.393244,0.080299,-0.138056,0.69104,9118.3,264.5,95.5,740.4,100.0,1.0
351601,2201,157,-1.030689,0.190081,0.931502,0.011449,0.0,0.00300894,-0.540444,-0.295572,-0.238063,-0.431199,0.895386,6493.9,285.4,131.5,491.6,100.0,1.0
351764,2202,163,2.999154,0.2,1.0,0.00368,0.170858,0.00324733,-0.331637,0.385535,0.385529,-0.395527,0.994043,9088.9,375.9,148.9,513.5,100.0,1.0
351930,2203,166,-3.412331,0.2,0.891565,0.0,0.35,0.00263266,-0.835032,-0.928746,-0.235944,-0.76417,1.0,4081.5,432.7,154.1,878.5,100.0,1.0
352093,2204,163,-1.41505,0.538032,1.0,0.0,0.0,0.00298864,-0.58061,-0.32862,0.117373,-0.580957,0.95973,6368.0,379.9,142.9,407.2,100.0,1.0
352252,2205,159,-0.766159,-0.122973,0.872534,0.020149,7e-06,0.00293642,-0.517527,-0.189951,0.09417,-0.502013,0.939578,6896.3,346.2,139.3,684.7,100.0,1.0
352412,2206,160,-2.461601,0.953555,0.670136,0.0,0.0,0.00313365,-0.724971,-0.646095,-0.065209,-0.689756,1.0,5158.4,415.7,163.0,393.8,100.0,1.0
352572,2207,160,2.169026,1.0,-0.377409,0.0,0.00066,0.00294853,-0.328657,0.40705,-0.035749,-0.256148,1.0,9170.9,308.2,150.8,537.3,100.0,1.0
352726,2208,154,0.868937,0.231267,0.992644,0.002757,0.0,0.00315707,-0.428892,0.129493,0.281527,-0.464727,1.0,8113.4,378.9,185.1,448.7,100.0,1.0
352885,2209,159,1.930579,0.289067,0.889431,0.023721,0.000481,0.00345041,-0.42126,0.153133,0.029864,-0.375098,1.0,8203.4,328.2,170.8,357.7,100.0,1.0
353049,2210,164,1.286236,0.510504,0.865884,0.002441,0.0,0.00320648,-0.441005,0.069431,0.414052,-0.499227,1.0,7884.5,393.6,165.6,393.5,100.0,1.0
353211,2211,162,-0.182744,1.0,0.900343,0.027491,0.0,0.00316336,-0.524655,-0.076265,-0.043003,-0.504296,1.0,7329.4,369.6,178.1,419.4,100.0,1.0
353371,2212,160,-0.076232,0.353597,0.989982,0.0,0.0,0.00319958,-0.517091,-0.112489,0.320771,-0.570154,1.0,7191.4,418.3,150.5,345.7,100.0,1.0
353533,2213,162,-2.482469,1.0,0.844469,0.002968,0.0,0.00309556,-0.732832,-0.65744,-0.064679,-0.70668,1.0,5115.2,436.0,161.7,305.7,100.0,1.0
353700,2214,167,-1.990065,0.473259,0.860448,0.002168,0.000416,0.00319273,-0.679402,-0.510606,0.002699,-0.6734,1.0,5674.6,434.4,183.0,528.8,100.0,1.0
353860,2215,160,-2.437096,1.0,0.6,0.0,0.0,0.0031505,-0.694098,-0.515647,-0.30176,-0.616701,1.0,5655.4,368.9,187.5,383.4,100.0,1.0
354022,2216,162,0.662442,0.81288,0.910518,0.0,0.0,0.00330781,-0.492174,0.025251,0.04416,-0.509677,1.0,7716.2,393.4,163.9,444.9,100.0,1.0
354181,2217,159,3.653066,0.2,0.982237,0.0,0.337231,0.00304333,-0.242128,0.405932,0.218079,-0.318202,0.77131,9166.6,336.1,109.6,651.9,100.0,1.0
354344,2218,163,0.545478,0.2,0.675676,0.0,0.368772,0.00318527,-0.483216,0.084435,-0.1801,-0.45438,1.0,7941.7,363.9,164.8,655.3,100.0,1.0
354507,2219,163,4.018223,0.784938,0.035673,0.001145,5.9e-05,0.00252208,-0.14504,0.898404,0.576056,-0.264889,0.993656,11042.9,375.6,148.9,621.9,100.0,1.0
354670,2220,163,3.344352,0.657453,-0.011578,0.0,0.0,0.00256484,-0.196623,0.547116,0.654767,-0.387839,0.80722,9704.5,396.3,116.0,690.3,100.0,1.0
354828,2221,158,1.320287,0.579465,1.0,0.0,4.3e-05,0.00323393,-0.423617,0.09404,0.262356,-0.41121,1.0,7978.3,338.8,157.4,407.8,100.0,1.0
354987,2222,159,1.750413,0.503029,0.849492,0.0,8e-05,0.00298964,-0.35946,0.300464,0.389178,-0.411646,1.0,8764.8,372.4,175.6,547.0,100.0,1.0
355149,2223,162,0.473175,0.348475,1.0,0.007364,0.0,0.0030559,-0.463794,0.107117,-0.115594,-0.430047,1.0,8028.1,352.1,163.5,881.6,100.0,1.0
355307,2224,158,4.211049,1.0,1.0,0.009026,0.0,0.00340993,-0.259768,0.577683,0.506436,-0.349441,1.0,9821.0,377.4,179.9,429.0,100.0,1.0
355461,2225,154,0.836852,0.295424,1.0,0.004731,0.000365,0.00312849,-0.426396,0.022635,0.212002,-0.426763,0.929219,7706.2,336.1,137.5,622.1,100.0,1.0
355620,2226,159,-2.605004,0.655138,0.6,0.0,0.000465,0.00310298,-0.72532,-0.608564,-0.79679,-0.57469,0.917409,5301.4,311.6,135.4,495.2,100.0,1.0
355771,2227,151,2.975101,0.2,0.0547,0.0,0.030066,0.0023982,-0.164839,0.397328,0.580174,-0.268926,0.69003,9133.8,312.3,95.3,1200.4,100.0,1.0
355934,2228,163,1.392066,0.550696,0.917135,0.0,0.001057,0.00308638,-0.410838,0.243723,0.17642,-0.464703,1.0,8548.6,399.2,170.4,501.6,100.0,1.0
356093,2229,159,-1.24798,0.715126,0.9526,0.0,0.0,0.00320062,-0.591818,-0.210894,-0.26907,-0.540626,1.0,6816.5,371.0,191.0,380.2,100.0,1.0
356251,2230,158,1.134254,1.0,1.0,0.015079,0.000157,0.0035536,-0.486374,0.043816,-0.003507,-0.489924,1.0,7786.9,381.7,187.4,354.4,100.0,1.0
356411,2231,160,2.163459,0.563317,0.94648,0.0,0.0,0.00302068,-0.339766,0.295138,0.431693,-0.379209,0.979877,8744.5,352.2,146.4,633.9,100.0,1.0
356568,2232,157,2.534894,0.662636,0.901121,0.0,0.0,0.0031932,-0.333121,0.385479,0.128013,-0.307641,1.0,9088.7,328.2,174.1,538.6,100.0,1.0
356727,2233,159,-2.99319,0.443789,0.737338,0.006634,0.077244,0.0029309,-0.664888,-0.494527,0.001708,-0.638091,1.0,5735.9,396.2,164.9,725.6,100.0,1.0
356884,2234,157,-2.574885,0.2,0.944155,0.029353,0.0,0.00312245,-0.661374,-0.40453,-0.396633,-0.568595,1.0,6078.7,352.3,204.6,352.8,100.0,1.0
357042,2235,158,5.533601,1.0,-0.368656,0.000438,0.0,0.00354445,-0.19252,0.820086,0.235706,-0.23704,1.0,10744.5,352.1,214.4,310.6,100.0,1.0
357196,2236,154,-0.051314,0.51731,0.929538,0.00279,0.000141,0.00297997,-0.462393,0.081407,-0.062077,-0.431308,0.991843,7930.2,348.6,148.6,451.6,100.0,1.0
357362,2237,166,0.870723,0.72612,0.981189,0.010208,0.0,0.00314916,-0.464994,0.130939,0.147202,-0.541497,1.0,8118.9,442.7,186.2,596.9,100.0,1.0
357519,2238,157,3.286909,0.237064,-0.001074,0.0,0.351266,0.00250906,-0.175429,0.543113,0.739138,-0.304109,0.839682,9689.3,348.1,121.7,702.2,100.0,1.0
357675,2239,156,3.98332,1.0,-0.12221,0.001867,3.8e-05,0.002422,-0.11301,0.726974,0.053847,-0.103621,0.76872,10389.8,289.8,109.2,750.3,100.0,1.0
357829,2240,154,-3.177791,0.2,0.795184,0.0,0.396041,0.00295959,-0.68958,-0.498705,-0.33355,-0.605163,1.0,5719.9,362.2,177.5,473.1,100.0,1.0
357984,2241,155,-3.574106,1.0,0.714813,0.003301,0.0,0.00278356,-0.787966,-1.0,-0.306533,-0.80745,0.757365,3320.8,431.2,107.2,552.0,100.0,1.0
358139,2242,155,1.736735,0.634526,-0.299417,0.0,4.1e-05,0.00293668,-0.339726,0.32171,0.338602,-0.346712,1.0,8845.7,338.5,152.8,606.6,100.0,1.0
358299,2243,160,-3.082606,0.871693,0.6,0.006123,0.0,0.00289802,-0.908903,-1.0,-0.682584,-0.815696,0.988387,3198.2,433.8,148.0,306.2,100.0,1.0
358463,2244,164,-0.295512,1.0,-0.334157,0.002352,0.000139,0.00289393,-0.494365,0.072278,-0.282916,-0.447143,1.0,7895.4,357.0,158.3,533.6,100.0,1.0
358623,2245,160,-1.784821,0.2,-0.390432,0.0,0.0,0.00268599,-0.548657,-0.162016,0.051384,-0.544304,1.0,7002.7,384.2,194.8,577.2,100.0,1.0
358780,2246,157,0.213158,0.655852,1.0,0.007427,8.1e-05,0.00303413,-0.462244,-0.28296,0.104052,-0.522382,0.700557,6541.9,342.4,97.2,517.0,100.0,1.0
358944,2247,164,1.626173,0.904214,-0.276201,0.021194,0.0,0.00310566,-0.401166,0.224619,0.22944,-0.434216,1.0,8475.8,374.5,221.8,487.9,100.0,1.0
359103,2248,159,-3.065718,0.450602,0.79031,0.0,0.0,0.00292495,-0.861981,-0.925802,-0.532453,-0.757618,1.0,4092.7,422.1,169.5,256.0,100.0,1.0
359260,2249,157,0.869898,0.75544,-0.151337,0.010761,0.0,0.00226272,-0.297309,0.423982,-0.023919,-0.17489,0.99556,9235.4,279.8,149.2,604.4,100.0,1.0
359419,2250,159,-0.235047,0.2,0.741482,0.005733,0.192208,0.00295064,-0.484894,0.064782,-0.124695,-0.462067,1.0,7866.8,365.6,183.1,652.5,100.0,1.0
359580,2251,161,-2.577932,1.0,0.759336,0.003858,0.0,0.00309792,-0.777887,-0.839608,-0.142724,-0.751982,0.937479,4421.1,445.6,139.0,242.3,100.0,1.0
359737,2252,157,-2.583326,0.914322,0.791081,0.00054,0.0,0.00317504,-0.799112,-0.863303,-0.545377,-0.727397,0.887227,4330.8,397.2,130.1,292.2,100.0,1.0
359893,2253,156,2.538259,0.527014,-0.300944,0.006584,4.5e-05,0.00258434,-0.233968,0.553862,0.345859,-0.238819,0.95821,9730.2,319.6,142.6,429.8,100.0,1.0
360052,2254,159,-3.090616,0.437018,0.927467,0.0,0.0,0.00292005,-0.751203,-0.752703,-0.276368,-0.710994,0.920263,4752.2,411.1,135.9,631.2,100.0,1.0
360219,2255,167,-2.907839,0.557079,0.689191,0.0,0.0,0.0028509,-0.762596,-0.690955,-0.256266,-0.714102,1.0,4987.5,436.1,156.3,661.9,100.0,1.0
360383,2256,164,2.813737,0.442061,1.0,0.015594,0.001468,0.00310546,-0.321681,0.360317,0.42431,-0.429819,0.929273,8992.8,394.3,137.5,750.9,100.0,1.0
360541,2257,158,3.84833,0.2,-0.308903,0.005938,0.375755,0.00301317,-0.219394,0.685044,0.478749,-0.295098,1.0,10230.0,362.8,155.4,590.1,100.0,1.0
360698,2258,157,-2.826357,0.2,0.830527,0.001764,0.276919,0.00306445,-0.72711,-0.642982,-0.31702,-0.636991,0.981614,5170.2,356.1,146.8,671.2,100.0,1.0
360862,2259,164,3.059674,0.202744,-0.0534,0.0,0.0,0.00252082,-0.209235,0.743286,0.297318,-0.249293,1.0,10451.9,348.1,157.6,633.3,100.0,1.0
361024,2260,162,0.687073,1.0,1.0,0.032559,0.0,0.00330636,-0.489896,0.083664,-0.236951,-0.457057,1.0,7938.8,365.5,186.4,530.1,100.0,1.0
361186,2261,162,-1.081893,1.0,1.0,0.03807,0.0,0.00360278,-0.656153,-0.334586,-0.340685,-0.628128,1.0,6345.2,426.6,226.8,273.8,100.0,1.0
361348,2262,162,4.337919,0.545371,-0.205735,0.0,0.0,0.00297231,-0.191792,0.858619,0.259301,-0.274589,1.0,10891.3,375.4,160.4,510.1,100.0,1.0
361502,2263,154,0.014327,0.594351,1.0,0.0,7.4e-05,0.00322925,-0.496449,-0.059577,0.276157,-0.530567,1.0,7393.0,393.7,179.1,407.7,100.0,1.0
361660,2264,158,5.077406,0.505915,-0.260041,0.007498,0.000294,0.00286167,-0.112875,1.0,0.529423,-0.219392,1.0,11532.2,369.3,162.3,565.2,100.0,1.0
361819,2265,159,1.445569,0.2,1.0,0.001953,0.058638,0.00337651,-0.440369,0.109347,0.088892,-0.421983,1.0,8036.6,347.6,199.2,444.6,100.0,1.0
361982,2266,163,-1.11745,1.0,1.0,0.0,0.0,0.00346622,-0.639919,-0.314598,-0.317073,-0.598543,1.0,6421.4,399.9,198.1,286.9,100.0,1.0
362142,2267,160,1.903922,0.277119,0.995046,0.0,0.058648,0.00290478,-0.337477,0.343985,0.538189,-0.424308,1.0,8930.6,387.8,150.9,532.3,100.0,1.0
362296,2268,154,1.12263,1.0,0.849067,0.032008,0.000694,0.00348411,-0.461592,-0.06687,0.486634,-0.478459,1.0,7365.2,353.1,194.8,283.0,100.0,1.0
362454,2269,158,-2.402135,1.0,0.780422,0.001005,0.0,0.00324476,-0.886986,-1.0,-0.454753,-0.805036,1.0,3680.0,471.9,201.5,196.1,100.0,1.0
362611,2270,157,3.504817,0.380039,1.0,0.0,0.0,0.00345722,-0.308284,0.475527,0.356217,-0.375957,1.0,9431.8,377.8,201.7,352.1,100.0,1.0
362773,2271,162,-2.862297,0.76517,0.861312,0.000941,0.0,0.00284434,-0.652519,-0.461428,-0.167557,-0.604107,0.96907,5862.0,370.2,144.5,809.5,100.0,1.0
362932,2272,159,3.326596,0.636428,0.90113,0.014995,0.001055,0.00320778,-0.287353,0.608672,0.238528,-0.377914,1.0,9939.0,399.4,189.8,645.3,100.0,1.0
363091,2273,159,-0.082408,0.2,1.0,0.000824,0.539994,0.00319974,-0.514394,-0.005026,-0.218113,-0.471089,1.0,7600.9,359.3,162.8,618.1,100.0,1.0
363247,2274,156,3.016257,0.139052,-0.104575,0.0,0.0,0.00249054,-0.186486,0.659461,0.231076,-0.212248,0.887955,10132.5,321.6,130.2,733.4,100.0,1.0
363411,2275,164,3.518486,1.0,-0.25331,0.020063,0.0,0.00286856,-0.234767,0.761056,0.154425,-0.301577,1.0,10519.6,376.5,192.7,458.1,100.0,1.0
363572,2276,161,-2.959246,0.2,0.751669,0.0,0.130194,0.00294528,-0.783862,-0.675478,-0.626568,-0.674452,1.0,5046.4,387.5,163.0,562.5,100.0,1.0
363740,2277,168,4.053575,0.595626,-0.059444,0.001111,0.000422,0.0024355,-0.137518,1.0,0.3062,-0.227127,1.0,11795.9,381.6,162.1,872.0,100.0,1.0
363900,2278,160,2.368385,0.751711,-0.380769,0.006531,0.0,0.00281766,-0.29212,0.562503,0.173721,-0.333726,1.0,9763.1,366.3,174.6,459.8,100.0,1.0
364061,2279,161,3.311301,0.865615,-0.043399,0.00072,0.000123,0.00237027,-0.15966,0.728907,0.235519,-0.214043,0.860645,10397.1,330.7,125.4,622.9,100.0,1.0
364220,2280,159,0.192296,1.0,0.924848,0.0,0.00053,0.00308768,-0.478127,0.012175,0.142836,-0.484847,1.0,7666.4,372.0,181.7,521.3,100.0,1.0
364383,2281,163,2.706059,0.989122,1.0,0.0,0.0,0.00349128,-0.387749,0.342749,0.056188,-0.430184,1.0,8925.9,391.6,218.1,351.1,100.0,1.0
364544,2282,161,1.956392,0.849312,-0.087784,0.006532,0.000279,0.00233073,-0.244054,0.694099,0.114355,-0.26338,1.0,10264.5,348.4,165.8,744.5,100.0,1.0
364709,2283,165,2.054742,0.436446,0.852645,0.00623,0.000158,0.00304425,-0.364559,0.3134,0.046964,-0.435937,0.905213,8814.1,390.7,133.3,476.0,100.0,1.0
364873,2284,164,4.797861,0.891929,-0.245743,0.0,0.0,0.00298455,-0.167671,0.822279,0.624797,-0.285735,1.0,10752.9,376.4,160.0,788.2,100.0,1.0
365029,2285,156,2.404438,0.422656,-0.132871,0.001489,0.0,0.0028694,-0.286369,0.514464,0.600656,-0.416835,1.0,9580.1,410.7,172.5,528.0,100.0,1.0
365182,2286,153,-2.799405,0.228655,0.734054,0.009116,0.353809,0.00317146,-0.701135,-0.549666,-0.07945,-0.685911,1.0,5525.8,439.8,176.7,405.5,100.0,1.0
365339,2287,157,-1.47596,0.990718,0.738175,0.018356,0.0,0.00293241,-0.559525,-0.073567,-0.35459,-0.518916,1.0,7339.7,381.4,185.3,639.6,100.0,1.0
365500,2288,161,-0.891721,0.737093,0.805869,0.003181,0.000247,0.00300079,-0.543082,-0.088086,-0.243269,-0.489111,1.0,7284.4,356.5,152.8,807.2,100.0,1.0
365667,2289,167,-0.829323,0.461552,-0.417256,0.0,0.0,0.00295708,-0.54964,-0.051011,-0.058743,-0.603376,1.0,7425.6,468.1,192.0,518.2,100.0,1.0
365824,2290,157,-2.741028,0.783902,0.940682,0.021871,0.000152,0.00287903,-0.636173,-0.349765,-0.374016,-0.537766,1.0,6287.4,340.1,164.9,739.9,100.0,1.0
365983,2291,159,1.7363,0.468431,-0.450825,0.0,0.0,0.00343302,-0.429377,0.067909,0.208326,-0.390624,1.0,7878.7,323.2,203.4,288.0,100.0,1.0
366143,2292,160,5.056334,0.2,-0.052144,0.0,0.090544,0.00277845,-0.10486,1.0,0.567981,-0.205526,1.0,11605.4,365.2,155.6,647.1,100.0,1.0
366304,2293,161,-2.703861,0.2,0.769558,0.011521,0.095057,0.0030608,-0.677049,-0.587226,0.283265,-0.720856,0.978034,5382.7,482.1,146.1,386.1,100.0,1.0
366460,2294,156,-2.875456,1.0,0.6,0.022904,0.0,0.00309336,-0.694717,-0.438134,-0.581031,-0.590268,1.0,5950.7,363.1,173.3,324.2,100.0,1.0
366618,2295,158,-2.712558,1.0,0.902186,0.003442,0.000538,0.00308771,-0.67036,-0.422569,-0.31236,-0.611605,1.0,6010.0,386.8,190.4,488.8,100.0,1.0
366785,2296,167,-0.076468,1.0,0.842597,0.0,0.0,0.00299848,-0.505972,0.063995,-0.122331,-0.532458,1.0,7863.8,420.5,166.6,612.6,100.0,1.0
366950,2297,165,-2.324117,0.448592,0.849658,0.012049,0.0,0.00314923,-0.732997,-0.639317,-0.048153,-0.72784,1.0,5184.2,476.2,157.9,647.8,100.0,1.0
367111,2298,161,-0.843505,0.483912,0.870082,0.000607,0.00031,0.00326147,-0.58201,-0.308869,0.111217,-0.553049,1.0,6443.2,360.4,166.6,476.9,100.0,1.0
367275,2299,164,3.297339,0.543102,1.0,0.0,0.0,0.00309999,-0.286559,0.522988,0.535181,-0.402746,1.0,9612.6,402.4,172.4,467.9,100.0,1.0
367432,2300,157,-2.444105,0.987481,0.948039,0.001075,0.0,0.00327,-0.719761,-0.551517,-0.303608,-0.671737,1.0,5518.7,420.3,222.2,271.2,100.0,1.0
367587,2301,155,3.647959,1.0,-0.19828,0.006683,0.0,0.00340954,-0.282949,0.606274,-0.051809,-0.264455,1.0,9929.9,337.5,221.6,354.0,100.0,1.0
367746,2302,159,-1.748103,0.2,-0.377264,0.0,0.109749,0.00275065,-0.555193,-0.119137,-0.113524,-0.546855,1.0,7166.1,395.4,162.2,677.0,100.0,1.0
367909,2303,163,2.019972,0.2,-0.013988,0.0,0.352256,0.00233473,-0.244509,0.684251,0.110058,-0.281087,0.977862,10227.0,355.6,146.1,803.1,100.0,1.0
368067,2304,158,3.474121,0.426785,-0.153532,0.014713,7e-06,0.00261377,-0.178964,0.737407,0.342627,-0.291872,0.885762,10429.5,368.2,129.8,621.1,100.0,1.0
368232,2305,165,2.605895,0.2,0.899206,0.000524,0.000683,0.00297671,-0.315649,0.543308,-0.043256,-0.323835,1.0,9690.0,358.3,184.0,519.5,100.0,1.0
368393,2306,161,5.465289,0.991337,-0.202282,0.000331,0.0,0.00310801,-0.132171,0.973839,0.490661,-0.24899,1.0,11330.3,377.2,178.2,453.4,100.0,1.0
368553,2307,160,-1.496088,0.735861,0.870459,0.00603,0.0,0.00292485,-0.568884,-0.116337,-0.248659,-0.54978,1.0,7176.8,398.5,157.7,738.9,100.0,1.0
368713,2308,160,-0.699621,0.75325,-0.48292,0.0,8.4e-05,0.00299098,-0.525823,-0.038458,-0.301245,-0.453615,1.0,7473.5,342.0,194.7,495.1,100.0,1.0
368872,2309,159,3.08579,1.0,0.978928,0.022363,0.0,0.00322661,-0.305049,0.538749,0.256808,-0.384724,1.0,9672.6,393.0,192.4,414.9,100.0,1.0
369030,2310,158,0.052906,0.2,0.82723,0.0,0.365522,0.00322864,-0.506681,-0.047158,0.201699,-0.550206,1.0,7440.3,413.5,159.6,697.4,100.0,1.0
369193,2311,163,0.234352,0.592092,0.792826,0.0,0.000147,0.00302225,-0.476903,0.120148,-0.288014,-0.42713,1.0,8077.8,352.5,179.1,515.0,100.0,1.0
369354,2312,161,1.769664,0.2,-0.072081,0.0,0.520273,0.00245266,-0.275531,0.606406,0.21532,-0.328882,1.0,9930.4,369.9,165.0,918.3,100.0,1.0
369516,2313,162,2.861002,1.0,0.933393,0.014551,0.0,0.00316511,-0.319796,0.524414,0.306167,-0.438388,1.0,9618.0,428.1,179.9,623.1,100.0,1.0
369676,2314,160,-2.610252,1.0,0.742905,0.002908,0.0,0.00314259,-0.762298,-0.721284,-0.129015,-0.730252,1.0,4871.9,451.5,204.6,371.4,100.0,1.0
369840,2315,164,-0.674153,0.815909,0.677123,0.0,0.0,0.00326814,-0.58164,-0.250604,0.146502,-0.612129,1.0,6665.2,429.6,214.5,523.4,100.0,1.0
369999,2316,159,0.334861,1.0,1.0,0.0,0.0,0.00334534,-0.509424,-0.02289,0.043899,-0.52697,1.0,7532.8,398.1,177.3,370.9,100.0,1.0
370161,2317,162,3.419221,0.573308,0.943995,0.0,0.000304,0.00310881,-0.272782,0.540942,0.641354,-0.407177,1.0,9681.0,408.3,176.7,798.3,100.0,1.0
370318,2318,157,-3.092771,0.2,0.837549,0.001441,0.146432,0.00298843,-0.821518,-0.827133,-0.448733,-0.732871,1.0,4468.6,418.2,181.3,506.0,100.0,1.0
370480,2319,162,2.903226,1.0,-0.170031,0.011715,0.000198,0.00264222,-0.231938,0.790202,0.151202,-0.315362,1.0,10630.7,388.2,189.5,606.8,100.0,1.0
370643,2320,163,0.173754,0.533372,1.0,0.0,0.0,0.00300194,-0.477646,0.186655,-0.170385,-0.524238,1.0,8331.2,437.8,191.1,661.8,100.0,1.0
370803,2321,160,-0.839509,0.893197,0.894639,0.015944,0.0,0.00302704,-0.541139,-0.06087,-0.073027,-0.562062,1.0,7388.1,421.8,201.5,567.5,100.0,1.0
370963,2322,160,4.150274,1.0,-0.084831,0.0,4.5e-05,0.00318061,-0.228494,0.753791,0.301048,-0.323487,1.0,10491.9,387.7,213.3,442.8,100.0,1.0
371125,2323,162,0.989903,0.2,-0.249448,0.0,0.009771,0.00234927,-0.313686,0.59427,-0.066233,-0.3521,1.0,9884.2,381.4,178.1,681.4,100.0,1.0
371283,2324,158,-2.448311,1.0,0.843345,0.00035,0.0,0.0030157,-0.642088,-0.445173,0.239847,-0.682598,1.0,5923.9,466.6,154.3,454.3,100.0,1.0
371444,2325,161,2.559361,0.518078,-0.188866,0.025295,0.00042,0.00275444,-0.270469,0.594582,0.507891,-0.399679,1.0,9885.4,411.7,190.7,798.9,100.0,1.0
371603,2326,159,2.714572,0.2,-0.273378,0.019948,0.0,0.00294102,-0.284105,0.666702,-0.024233,-0.327856,1.0,10160.1,377.9,166.5,508.8,100.0,1.0
371756,2327,153,2.835828,0.678762,-0.418929,0.00835,0.0,0.00289994,-0.251941,0.620613,0.301957,-0.290966,1.0,9984.5,352.0,207.1,577.0,100.0,1.0
371919,2328,163,4.453445,0.028608,-0.19594,0.006838,0.0,0.00274691,-0.146572,0.951812,0.543701,-0.296319,1.0,11246.4,399.6,159.7,690.7,100.0,1.0
372079,2329,160,0.155204,1.0,-0.316017,0.000767,0.0,0.0027723,-0.433134,0.211412,-0.052749,-0.435706,1.0,8425.5,373.3,172.1,717.2,100.0,1.0
372236,2330,157,-0.439816,1.0,0.764192,0.0,0.0,0.00306518,-0.511062,0.010873,-0.07762,-0.52006,1.0,7661.4,399.1,197.1,625.3,100.0,1.0
372395,2331,159,-0.177698,0.688511,1.0,0.0,0.0,0.00300967,-0.490631,-0.024111,-0.012903,-0.444377,1.0,7528.1,338.7,162.6,544.6,100.0,1.0
372556,2332,161,1.513851,1.0,-0.286895,0.006147,5.4e-05,0.00267611,-0.328449,0.524318,0.142391,-0.41256,1.0,9617.7,409.3,182.5,785.4,100.0,1.0
372717,2333,161,-2.46929,0.2,0.867052,0.003622,0.332969,0.00311634,-0.669002,-0.464444,-0.035838,-0.664357,1.0,5850.5,435.8,189.2,572.4,100.0,1.0
372878,2334,161,-2.694911,1.0,0.900176,0.0,0.0,0.00302147,-0.669011,-0.525473,-0.036111,-0.613438,1.0,5617.9,363.3,156.0,522.6,100.0,1.0
373038,2335,160,3.750296,0.404715,-0.399064,0.001647,6.2e-05,0.00315955,-0.251677,0.722008,0.05799,-0.29326,1.0,10370.8,366.9,181.4,400.1,100.0,1.0
373198,2336,160,1.689935,0.795206,0.9953,0.0,0.0,0.0032366,-0.403491,0.224317,0.136576,-0.410758,1.0,8474.6,359.6,200.5,396.0,100.0,1.0
373358,2337,160,2.462158,0.305469,1.0,0.008398,4.7e-05,0.00347995,-0.390124,0.223422,0.38234,-0.447379,1.0,8471.2,383.2,216.3,390.8,100.0,1.0
373521,2338,163,4.319455,1.0,0.076839,0.0,5.6e-05,0.00250147,-0.115076,1.0,0.450016,-0.200259,1.0,12018.8,375.7,156.6,791.3,100.0,1.0
373679,2339,158,-0.382295,0.620113,0.926037,0.00257,0.0,0.00307783,-0.512284,-0.09895,0.110582,-0.49535,1.0,7243.0,358.8,191.9,438.6,100.0,1.0
373841,2340,162,-0.415325,0.936749,0.893825,0.002666,0.0,0.00314107,-0.537102,-0.066969,-0.118683,-0.528304,1.0,7364.8,390.3,201.4,419.4,100.0,1.0
374002,2341,161,2.80227,0.2,1.0,0.0,0.000464,0.00302294,-0.296789,0.518183,0.572442,-0.445262,1.0,9594.3,432.4,170.2,473.3,100.0,1.0
374164,2342,162,0.049873,0.2,-0.229735,0.0,0.35,0.00264572,-0.425289,0.233,-0.094122,-0.413755,1.0,8507.7,362.8,153.6,1106.5,100.0,1.0
374319,2343,155,1.703052,0.2,1.0,0.0,0.273273,0.00326864,-0.391239,0.23551,0.250124,-0.417097,1.0,8517.3,365.3,211.3,437.7,100.0,1.0
374482,2344,163,6.12164,0.886922,1.0,0.0,0.0,0.00387424,-0.216424,0.8158,0.235474,-0.313072,1.0,10728.2,390.4,243.0,357.8,100.0,1.0
374647,2345,165,-0.280299,0.562014,0.769031,0.006669,0.0,0.0028438,-0.488307,0.088454,-0.028901,-0.525101,1.0,7957.0,418.9,188.6,581.9,100.0,1.0
374800,2346,153,3.116047,0.330425,-0.173651,0.0,0.000113,0.00281745,-0.219654,0.657871,0.303075,-0.214765,1.0,10126.5,322.4,171.5,701.9,100.0,1.0
374959,2347,159,-0.853069,0.2,-0.377911,0.0,0.346481,0.00267283,-0.482932,0.079697,-0.064494,-0.488023,1.0,7923.6,386.9,200.1,709.9,100.0,1.0
375123,2348,164,-2.824524,0.70777,0.826936,0.000625,0.001199,0.00299319,-0.79667,-0.789381,-0.246749,-0.748834,1.0,4612.5,459.1,209.5,422.7,100.0,1.0
375282,2349,159,-1.888176,0.229779,0.863964,0.016483,0.205932,0.00305523,-0.614077,-0.303311,-0.181816,-0.566894,1.0,6464.4,373.1,187.1,577.5,100.0,1.0
375436,2350,154,-1.936051,0.83709,0.876167,0.04023,0.0,0.00306595,-0.60371,-0.273301,-0.287285,-0.522188,1.0,6578.7,344.2,190.8,422.4,100.0,1.0
375599,2351,163,0.102194,0.700098,1.0,0.013946,0.0,0.00307176,-0.493841,0.027629,-0.013286,-0.498064,1.0,7725.3,384.8,173.7,759.4,100.0,1.0
375763,2352,164,-0.814348,0.692484,0.664911,0.019095,0.0,0.00302484,-0.551486,-0.048066,-0.276458,-0.539413,1.0,7436.9,403.7,164.1,359.1,100.0,1.0
375914,2353,151,0.431189,0.518186,0.986991,0.002154,0.0,0.00303042,-0.428349,0.17519,0.038668,-0.420045,1.0,8287.5,357.2,183.4,615.7,100.0,1.0
376071,2354,157,-1.892171,0.817663,0.833712,0.0,0.000196,0.00313575,-0.620993,-0.364808,-0.087524,-0.570129,1.0,6230.1,362.3,188.2,625.1,100.0,1.0
376230,2355,159,-0.619153,0.456332,-0.369757,0.0,0.000239,0.00309044,-0.533584,-0.041953,-0.08075,-0.55007,1.0,7460.2,414.5,222.7,456.0,100.0,1.0
376380,2356,150,1.838095,0.550032,1.0,0.006305,0.0,0.00314983,-0.347576,0.243573,0.453705,-0.346133,1.0,8548.0,326.8,163.4,424.5,100.0,1.0
376541,2357,161,-0.779149,0.2,0.851703,0.002929,0.364473,0.0030256,-0.540178,-0.081757,-0.098397,-0.532996,1.0,7308.5,391.2,158.6,707.8,100.0,1.0
376697,2358,156,-1.046989,0.2,0.846441,0.000299,0.0,0.00315267,-0.563103,-0.15299,-0.078569,-0.556663,1.0,7037.1,396.8,203.4,507.0,100.0,1.0
376855,2359,158,2.961958,0.998513,-0.088497,0.0,0.000924,0.00257828,-0.205972,0.705799,0.156321,-0.179899,0.983099,10309.1,314.3,147.0,660.0,100.0,1.0
377019,2360,164,3.74327,1.0,-0.041199,0.0,3.7e-05,0.00235497,-0.131657,0.720619,0.176369,-0.204574,0.765933,10365.6,325.8,108.7,988.2,100.0,1.0
377178,2361,159,2.068524,0.2,-0.079105,0.0,0.364269,0.00235362,-0.233567,0.789702,0.233104,-0.347678,1.0,10628.8,407.3,174.1,841.7,100.0,1.0
377336,2362,158,0.273001,0.2,1.0,0.0,0.000865,0.00312596,-0.475413,0.117801,0.014291,-0.520974,1.0,8068.8,421.1,201.2,522.7,100.0,1.0
377496,2363,160,4.597089,0.2,-0.233849,0.0,0.103603,0.00283285,-0.14059,0.95274,0.518598,-0.268782,1.0,11249.9,384.6,176.3,691.9,100.0,1.0
377652,2364,156,0.017604,1.0,0.977706,0.005874,0.0,0.00329439,-0.512827,-0.017286,-0.06395,-0.507034,1.0,7554.1,383.1,191.1,375.1,100.0,1.0
377804,2365,152,-0.707129,1.0,-0.29966,0.0,0.0,0.00256029,-0.437308,0.080585,-0.150096,-0.308149,1.0,7927.0,286.4,164.0,644.7,100.0,1.0
377964,2366,160,0.075308,0.2,-0.297511,0.0,0.057014,0.00221471,-0.349237,0.392681,-0.201382,-0.30864,0.956221,9116.1,329.6,142.3,817.5,100.0,1.0
378125,2367,161,-2.702716,0.678438,0.920227,0.0,0.0,0.00304268,-0.673917,-0.425717,-0.275258,-0.633207,1.0,5998.0,408.8,202.5,522.5,100.0,1.0
378288,2368,163,-2.529342,0.2,0.73581,0.0,0.366617,0.00313197,-0.706628,-0.469427,-0.522868,-0.623282,1.0,5831.5,387.0,243.4,603.3,100.0,1.0
378446,2369,158,3.002066,0.566857,1.0,0.001486,0.0,0.00325135,-0.309383,0.56984,-0.010713,-0.335904,1.0,9791.1,368.6,185.3,484.6,100.0,1.0
378612,2370,166,1.441889,0.512662,0.923312,0.007029,0.000914,0.00296605,-0.394241,0.278291,0.323683,-0.487273,1.0,8680.3,423.2,179.5,655.7,100.0,1.0
378766,2371,154,-0.966914,0.616138,0.889411,0.00764,0.0,0.0030471,-0.535167,-0.091767,-0.062279,-0.51999,1.0,7270.4,378.7,156.8,445.9,100.0,1.0
378920,2372,154,-3.039052,0.34852,0.874242,0.0,0.000104,0.00298478,-0.666755,-0.474412,-0.264289,-0.572409,1.0,5812.5,339.8,183.9,513.1,100.0,1.0
379085,2373,165,2.190255,0.209205,0.95624,0.0,0.0,0.00327265,-0.390866,0.339397,0.161197,-0.472785,1.0,8913.1,422.7,227.0,474.6,100.0,1.0
379247,2374,162,-0.289694,1.0,-0.338236,0.020133,0.000637,0.00272439,-0.461146,0.099263,0.15527,-0.504962,1.0,7998.2,403.9,180.3,728.3,100.0,1.0
379408,2375,161,-2.678283,0.2,0.936246,0.010313,0.0,0.00311849,-0.69037,-0.495377,-0.107689,-0.685857,1.0,5732.6,456.2,219.9,624.9,100.0,1.0
379472,2376,64,-7.960912,0.323234,0.665706,0.016908,5e-06,0.00221195,-0.782881,-1.0,-1.0,-1.0,0.37966,0.0,198.0,40.8,279.7,100.0,1.0
379634,2377,162,-0.113356,0.402732,1.0,0.0,0.0,0.00319054,-0.524702,0.02364,-0.276703,-0.509804,1.0,7710.1,393.2,192.7,460.0,100.0,1.0
379804,2378,170,2.653836,1.0,-0.241816,0.005426,0.0,0.0027666,-0.289423,0.682563,0.068111,-0.389582,1.0,10220.6,418.6,218.5,469.2,100.0,1.0
379963,2379,159,0.753621,1.0,1.0,0.0,0.0,0.00315056,-0.449612,0.178229,-0.10026,-0.447144,1.0,8299.1,375.3,214.1,343.7,100.0,1.0
380125,2380,162,2.826632,0.454087,-0.260728,0.0,0.0,0.00284191,-0.267655,0.614267,0.205684,-0.305966,1.0,9960.4,358.8,178.0,587.8,100.0,1.0
380284,2381,159,3.974846,0.209438,-0.323142,0.0,0.000197,0.00297779,-0.202384,0.776041,0.220488,-0.228144,1.0,10576.7,342.6,196.8,715.2,100.0,1.0
380441,2382,157,2.232415,0.562524,-0.2861,0.0,0.000118,0.00263205,-0.260956,0.61046,0.132469,-0.256058,1.0,9945.9,334.2,173.5,794.5,100.0,1.0
380597,2383,156,-0.593972,0.803015,-0.382336,0.00126,0.000555,0.00289887,-0.492816,-0.04581,0.30163,-0.541519,0.997344,7445.5,406.0,149.5,572.3,100.0,1.0
380753,2384,156,-2.391993,1.0,0.931454,0.0,0.0,0.00301928,-0.63432,-0.351297,-0.095071,-0.623295,1.0,6281.6,416.9,158.7,543.8,100.0,1.0
380911,2385,158,2.099403,1.0,-0.245763,0.0,0.0,0.00271491,-0.285706,0.291639,0.635054,-0.483775,0.791396,8731.1,422.8,113.2,671.8,100.0,1.0
381069,2386,158,-1.481311,0.2,0.993258,0.000205,0.35,0.00292083,-0.562667,-0.140289,-0.094191,-0.560586,1.0,7085.5,403.1,192.1,650.1,100.0,1.0
381226,2387,157,0.289044,-0.165517,1.0,0.0,0.0,0.00321721,-0.485463,0.029769,0.195127,-0.541393,1.0,7733.4,421.6,164.6,393.6,100.0,1.0
381390,2388,164,-1.138852,0.195534,0.967728,3e-05,0.0,0.00289128,-0.551984,-0.005716,-0.293015,-0.570844,1.0,7598.2,442.6,221.2,649.8,100.0,1.0
381545,2389,155,0.510611,0.2,-0.262775,0.0,0.350313,0.00237873,-0.333856,0.48686,-0.013014,-0.347564,1.0,9474.9,363.1,162.0,883.0,100.0,1.0
381708,2390,163,3.123727,0.2,-0.028398,0.0,0.35009,0.00234098,-0.168312,0.909272,0.31066,-0.255652,1.0,11084.3,372.3,151.3,784.6,100.0,1.0
381873,2391,165,0.659519,0.121357,0.909304,0.0,0.0,0.00324212,-0.490027,0.061422,0.085319,-0.546381,1.0,7854.0,432.9,191.6,470.1,100.0,1.0
382029,2392,156,-3.066064,1.0,0.938955,0.0,0.0,0.00306643,-0.693888,-0.457297,-0.3085,-0.662381,1.0,5877.7,435.2,188.5,508.4,100.0,1.0
382184,2393,155,-3.044943,0.785419,0.6,0.0,0.0,0.00308672,-0.777612,-0.679935,-0.520513,-0.685258,1.0,5029.4,399.5,199.0,385.9,100.0,1.0
382340,2394,156,-2.759813,0.408228,0.867367,0.0,0.0,0.0031928,-0.712047,-0.526356,-0.277181,-0.675798,1.0,5614.6,433.0,233.3,454.0,100.0,1.0
382495,2395,155,0.537229,0.2,0.890941,0.0,0.274141,0.00302023,-0.431479,0.108333,0.305423,-0.46368,1.0,8032.7,374.4,185.8,715.9,100.0,1.0
382659,2396,164,0.988059,0.676589,0.943645,0.002721,0.001428,0.00322573,-0.461591,0.133455,0.177608,-0.542384,1.0,8128.5,444.1,205.7,483.3,100.0,1.0
382815,2397,156,2.755878,0.2,-0.388954,0.0,0.343947,0.00293828,-0.270014,0.636436,0.303103,-0.364779,1.0,10044.8,395.3,195.4,623.0,100.0,1.0
382977,2398,162,2.572645,0.2,-0.2063,0.0,0.0,0.00275793,-0.270948,0.668017,0.367658,-0.415728,1.0,10165.1,434.9,182.0,663.7,100.0,1.0
383140,2399,163,-3.153129,0.580619,0.975539,0.000523,0.0,0.00289725,-0.716525,-0.427824,-0.735919,-0.619923,1.0,5990.0,394.0,157.2,583.2,100.0,1.0
383300,2400,160,4.318487,0.844629,-0.246942,0.003764,0.0,0.00320157,-0.21695,0.751353,0.253755,-0.267214,1.0,10482.7,357.6,200.0,518.8,100.0,1.0
383460,2401,160,-2.508256,1.0,0.663811,0.0,0.0,0.00322773,-0.701469,-0.5128,-0.156254,-0.692146,1.0,5666.2,460.1,191.8,487.0,100.0,1.0
383622,2402,162,2.10443,0.614385,1.0,0.000374,0.0,0.00305446,-0.35089,0.41211,0.342002,-0.460393,1.0,9190.1,425.8,224.5,456.7,100.0,1.0
383776,2403,154,-3.10221,0.2,0.935152,0.00321,0.364139,0.00308211,-0.705299,-0.560788,-0.109636,-0.680462,1.0,5483.4,429.0,196.8,390.0,100.0,1.0
383928,2404,152,-3.324607,0.890592,-0.453008,0.0,0.0,0.00221487,-0.564213,-0.123017,-0.379193,-0.485131,1.0,7151.3,347.2,206.7,511.1,100.0,1.0
384091,2405,163,1.734115,1.0,-0.169812,0.003753,0.0,0.00271078,-0.323206,0.397991,0.784163,-0.503732,1.0,9136.3,460.3,152.4,744.4,100.0,1.0
384250,2406,159,-2.573547,0.835355,0.933582,0.0,0.000169,0.00291623,-0.639931,-0.355429,-0.053133,-0.652536,1.0,6265.8,450.8,186.2,588.6,100.0,1.0
384410,2407,160,3.992296,0.519012,1.0,0.0,0.0,0.00315423,-0.231409,0.805916,0.404809,-0.411228,1.0,10690.5,453.9,220.8,497.5,100.0,1.0
384572,2408,162,4.894372,0.691795,0.969508,0.0,0.0,0.00319972,-0.183279,0.83344,0.566382,-0.327591,1.0,10795.4,401.4,191.5,482.5,100.0,1.0
384729,2409,157,-2.346288,0.853781,0.6,0.01812,0.000347,0.00295322,-0.624412,-0.255333,-0.379158,-0.575542,1.0,6647.2,391.5,154.5,426.0,100.0,1.0
384891,2410,162,0.74688,0.283278,0.912553,0.01287,0.0,0.00304868,-0.442801,0.25547,-0.141906,-0.474926,1.0,8593.3,409.1,209.4,570.3,100.0,1.0
385049,2411,158,3.467797,0.2,1.0,0.0,0.0,0.00328322,-0.281261,0.580804,0.140738,-0.301785,1.0,9832.9,352.1,201.2,477.5,100.0,1.0
385213,2412,164,2.712575,1.0,-0.332109,0.0,0.0,0.00279433,-0.272461,0.693428,0.200231,-0.386138,1.0,10262.0,417.9,161.2,955.3,100.0,1.0
385375,2413,162,3.146629,0.2,0.924346,0.001796,0.246374,0.00336297,-0.329265,0.525897,0.035269,-0.380886,1.0,9623.7,388.6,204.1,470.7,100.0,1.0
385536,2414,161,4.081976,0.2,1.0,0.0,0.00017,0.00332728,-0.255978,0.731694,0.120293,-0.336436,1.0,10407.8,392.1,232.1,420.7,100.0,1.0
385697,2415,161,0.238758,0.641471,0.909956,0.000241,0.0,0.00308105,-0.479756,-0.017544,0.247041,-0.553124,0.954678,7553.2,422.6,142.0,442.9,100.0,1.0
385864,2416,167,2.465076,0.2,0.820696,0.001373,0.350171,0.00314255,-0.355865,0.5035,0.134607,-0.484002,1.0,9538.3,462.1,228.1,605.1,100.0,1.0
386029,2417,165,-0.31563,0.630477,0.732973,0.001292,4.1e-05,0.00308348,-0.530525,-0.079494,0.157982,-0.588166,1.0,7317.1,444.2,198.2,465.1,100.0,1.0
386195,2418,166,-1.28839,0.690563,1.0,0.0,0.0,0.00312858,-0.607837,-0.240526,-0.101457,-0.625198,1.0,6703.6,447.1,206.8,370.5,100.0,1.0
386356,2419,161,1.453384,1.0,0.836426,0.01068,0.0,0.003739,-0.502456,0.139481,-0.354756,-0.506168,1.0,8151.4,412.7,258.3,313.2,100.0,1.0
386512,2420,156,3.955834,0.2,-0.176893,0.0,0.043465,0.0025921,-0.132891,1.0,0.217476,-0.182129,1.0,11910.1,364.1,204.4,765.4,100.0,1.0
386675,2421,163,3.026844,0.494205,0.994817,0.0,0.001007,0.00345794,-0.355984,0.414075,0.133746,-0.409592,1.0,9197.6,389.5,237.6,455.3,100.0,1.0
386833,2422,158,-0.722189,1.0,0.916659,0.0,0.0,0.00291916,-0.510863,-0.124266,0.403923,-0.567297,1.0,7146.5,412.9,160.4,570.5,100.0,1.0
386992,2423,159,0.851616,0.223243,-0.328154,0.000677,0.354522,0.00249817,-0.338763,0.535308,-0.12763,-0.366088,1.0,9659.5,380.9,194.3,702.5,100.0,1.0
387152,2424,160,2.169132,0.585755,0.855824,0.006255,0.0,0.003527,-0.415476,0.241213,0.156792,-0.471528,1.0,8539.0,403.9,253.4,292.7,100.0,1.0
387307,2425,155,0.548506,0.520039,-0.435094,0.018037,0.0,0.00290127,-0.412073,0.268787,-0.122854,-0.389948,1.0,8644.1,354.2,219.7,574.3,100.0,1.0
387468,2426,161,-0.07289,0.718166,-0.395992,0.013554,0.000876,0.00272764,-0.444214,0.23811,-0.241347,-0.432024,1.0,8527.2,375.3,206.6,829.7,100.0,1.0
387627,2427,159,3.910802,0.2,-0.254577,0.0,0.146141,0.00288539,-0.190112,0.765971,0.537253,-0.284435,1.0,10538.3,368.2,196.3,780.9,100.0,1.0
387784,2428,157,0.612769,1.0,0.727614,0.000323,0.0,0.00312404,-0.448433,0.128651,0.17014,-0.492032,1.0,8110.2,399.1,192.4,421.2,100.0,1.0
387951,2429,167,0.256011,0.883643,0.68051,0.0,0.0,0.00296523,-0.477675,0.077304,0.104332,-0.524779,1.0,7914.5,416.4,185.8,626.4,100.0,1.0
388107,2430,156,1.288188,0.566413,-0.365892,0.0,0.000236,0.00268583,-0.330484,0.5606,0.017478,-0.407938,1.0,9755.9,411.9,223.0,801.9,100.0,1.0
388265,2431,158,1.551586,0.830028,-0.53382,0.0,0.0,0.00307799,-0.37973,0.358737,0.196643,-0.463596,1.0,8986.8,418.8,234.6,410.8,100.0,1.0
388425,2432,160,-0.154531,0.958293,0.944208,0.0,7e-05,0.00316746,-0.517505,-0.023371,-0.037956,-0.526223,1.0,7531.0,397.4,200.4,396.5,100.0,1.0
388582,2433,157,0.650453,1.0,1.0,0.0,0.0,0.00311072,-0.443721,0.058532,0.399836,-0.494458,1.0,7843.0,387.9,193.1,707.5,100.0,1.0
388742,2434,160,2.703332,0.496756,0.996801,0.001401,0.00039,0.00301961,-0.297277,0.56036,0.203031,-0.358901,1.0,9755.0,380.4,187.1,675.3,100.0,1.0
388900,2435,158,-0.880747,0.871338,0.6,0.0,0.0,0.00313159,-0.555457,-0.155641,0.050032,-0.571832,1.0,7027.0,410.3,184.0,456.1,100.0,1.0
389054,2436,154,-0.480331,0.2,-0.309512,0.0,0.280548,0.00244976,-0.410328,0.281926,-0.00981,-0.432762,1.0,8694.1,383.2,164.9,788.3,100.0,1.0
389216,2437,162,3.650853,0.955666,-0.208204,0.0,0.000173,0.00244081,-0.144292,0.978427,0.157081,-0.182022,1.0,11347.8,346.8,158.3,787.8,100.0,1.0
389372,2438,156,2.403877,0.2,1.0,0.000269,8e-06,0.00331774,-0.352267,0.466294,0.187688,-0.458697,1.0,9396.6,434.0,186.2,519.0,100.0,1.0
389538,2439,166,3.116391,0.222877,0.091567,0.0,0.0,0.00214432,-0.141553,1.0,0.316714,-0.244083,1.0,11537.2,381.6,162.6,1029.8,100.0,1.0
389696,2440,158,-0.109439,0.377708,-0.223198,0.0,0.0,0.00262091,-0.421686,0.158147,0.423507,-0.511913,1.0,8222.5,421.2,210.4,716.9,100.0,1.0
389861,2441,165,1.488963,1.0,0.988926,0.0,0.0,0.00310897,-0.410591,0.262099,0.051408,-0.437522,1.0,8618.6,383.1,202.2,706.0,100.0,1.0
390026,2442,165,1.464827,0.741657,0.864881,0.009463,6.5e-05,0.00300985,-0.395882,0.412592,-0.01801,-0.490763,1.0,9192.0,451.3,205.9,530.2,100.0,1.0
390189,2443,163,-2.834255,1.0,0.939394,0.0,0.0,0.00269587,-0.634552,-0.480312,-0.2665,-0.643311,0.842374,5790.0,405.8,122.2,709.3,100.0,1.0
390352,2444,163,4.54277,0.348993,-0.353998,0.0,0.000201,0.00309686,-0.19215,0.823594,0.241014,-0.2405,1.0,10757.9,354.1,269.2,401.8,100.0,1.0
390515,2445,163,-0.763979,1.0,0.945185,0.003569,0.0,0.00320771,-0.575573,-0.191382,0.136556,-0.637945,1.0,6890.8,475.8,220.5,392.9,100.0,1.0
390670,2446,155,-2.861957,0.26166,0.846241,0.017689,0.070513,0.00318968,-0.795965,-0.829052,-0.149053,-0.745989,1.0,4461.3,439.1,218.2,263.8,100.0,1.0
390832,2447,162,-0.481024,0.208009,0.952953,0.006991,0.225823,0.00328,-0.564619,-0.134556,-0.108505,-0.567098,1.0,7107.3,410.4,192.7,422.0,100.0,1.0
390994,2448,162,1.205615,0.2,-0.004605,0.0,0.265707,0.00248722,-0.319903,0.442133,0.55357,-0.452645,1.0,9304.5,425.0,199.5,822.0,100.0,1.0
391154,2449,160,1.291499,0.2,-0.357493,0.0,0.294035,0.00250139,-0.311265,0.374143,-0.123156,-0.211761,0.939876,9045.5,286.9,139.4,751.0,100.0,1.0
391315,2450,161,1.626126,0.2,0.950135,0.004125,0.202589,0.00322449,-0.40718,0.130413,0.629106,-0.50898,1.0,8116.9,413.3,164.9,574.7,100.0,1.0
391471,2451,156,1.274216,0.2,0.706789,0.0,0.164589,0.00310135,-0.396064,0.227199,0.065819,-0.36482,1.0,8485.6,334.0,199.2,690.3,100.0,1.0
391632,2452,161,-1.596763,0.475802,-0.390989,0.0,0.000485,0.00267462,-0.540737,-0.103762,-0.449176,-0.428738,0.975021,7224.7,316.2,145.6,946.9,100.0,1.0
391791,2453,159,4.552629,0.580243,-0.330631,0.004854,0.000372,0.00278305,-0.1287,0.916347,0.189007,-0.088957,1.0,11111.3,304.9,180.5,613.1,100.0,1.0
391950,2454,159,3.354914,0.84347,1.0,0.013152,0.0,0.00316446,-0.271899,0.615487,0.184958,-0.314223,1.0,9965.0,363.3,171.1,504.9,100.0,1.0
392109,2455,159,0.76817,0.393059,0.746075,0.017889,0.000239,0.00307143,-0.435452,0.175889,-0.007447,-0.428931,1.0,8290.1,362.9,222.9,383.1,100.0,1.0
392269,2456,160,3.712946,0.660578,-0.256028,0.0,0.0,0.00296356,-0.21818,0.783146,0.216834,-0.2855,1.0,10603.8,371.0,232.1,474.2,100.0,1.0
392430,2457,161,-0.491781,0.607284,1.0,0.0,0.000243,0.00310436,-0.533811,-0.104123,0.070352,-0.549384,1.0,7223.3,400.7,212.3,481.8,100.0,1.0
392587,2458,157,3.919971,0.373186,-0.363137,0.0,0.000547,0.00292943,-0.189551,0.873546,0.275418,-0.284931,1.0,10948.2,382.8,187.2,617.7,100.0,1.0
392750,2459,163,0.069992,0.71327,0.637858,0.010452,0.0,0.0030295,-0.489047,0.119781,-0.232337,-0.485862,1.0,8076.4,392.7,228.9,613.6,100.0,1.0
392910,2460,160,2.43279,0.367605,-0.274143,0.000185,0.000138,0.00306091,-0.321962,0.465457,0.204387,-0.362551,1.0,9393.4,368.4,203.1,540.3,100.0,1.0
393071,2461,161,-1.256193,0.307039,-0.357516,0.0,0.0,0.00252516,-0.493277,0.043324,-0.362741,-0.392782,1.0,7785.1,320.5,151.5,895.7,100.0,1.0
393239,2462,168,-2.144732,1.0,0.927578,0.014337,0.0,0.00325505,-0.728902,-0.57243,-0.270103,-0.695948,1.0,5439.0,447.2,215.8,566.9,100.0,1.0
393395,2463,156,1.543291,0.2,1.0,0.0,0.188712,0.00315391,-0.385525,0.318433,0.128132,-0.426489,1.0,8833.2,385.1,203.7,711.5,100.0,1.0
393557,2464,162,1.835897,1.0,-0.273267,0.001515,0.000294,0.00298396,-0.356704,0.504405,-0.092898,-0.411719,1.0,9541.8,405.5,252.1,751.8,100.0,1.0
393719,2465,162,1.270077,0.563604,-0.308815,0.015464,0.000755,0.00298385,-0.395753,0.340269,0.115403,-0.474536,1.0,8916.4,424.2,228.8,494.3,100.0,1.0
393877,2466,158,3.419877,0.279506,-0.055695,0.0,0.000608,0.00251288,-0.160853,0.916314,0.348134,-0.24915,1.0,11111.2,370.0,183.5,801.9,100.0,1.0
394035,2467,158,-1.27769,0.2,0.935421,0.0,0.354204,0.00292214,-0.550015,-0.096989,0.027452,-0.595044,1.0,7250.5,447.6,256.9,504.5,100.0,1.0
394192,2468,157,-1.69741,0.994114,0.76247,0.011053,8.5e-05,0.00287609,-0.56886,-0.156075,-0.300402,-0.499336,1.0,7025.4,350.8,218.7,553.0,100.0,1.0
394354,2469,162,4.074542,0.907753,-0.035032,0.0,9.3e-05,0.00253751,-0.129615,1.0,0.184777,-0.160309,1.0,11660.8,347.2,210.3,861.3,100.0,1.0
394517,2470,163,-2.013105,0.375381,0.833503,0.003589,0.001445,0.00340507,-0.723771,-0.539993,-0.318612,-0.689703,1.0,5562.6,448.2,268.2,398.9,100.0,1.0
394679,2471,162,1.002479,0.372766,-0.253561,0.0,4.4e-05,0.00242586,-0.323733,0.426825,0.043743,-0.282711,1.0,9246.2,322.3,165.5,821.9,100.0,1.0
394838,2472,159,2.254765,1.0,1.0,0.0,0.0,0.00332124,-0.372301,0.309119,0.184836,-0.393549,1.0,8797.7,362.7,233.0,387.2,100.0,1.0
395001,2473,163,-0.063327,0.511658,-0.410053,0.0,0.002562,0.0029273,-0.481609,0.143661,-0.105011,-0.523411,1.0,8167.3,428.4,212.3,583.5,100.0,1.0
395165,2474,164,-0.801429,0.607376,0.818855,0.0,0.0,0.00312113,-0.567382,-0.190976,0.125922,-0.607434,1.0,6892.4,438.9,179.5,462.0,100.0,1.0
395322,2475,157,3.042162,0.664087,-0.266996,0.000659,0.000327,0.00299901,-0.260505,0.626381,0.179359,-0.283455,1.0,10006.5,349.1,194.2,588.2,100.0,1.0
395485,2476,163,1.081771,0.812994,0.931791,0.0,0.0,0.00303782,-0.420406,0.192668,0.353812,-0.513183,1.0,8354.1,429.0,205.0,667.8,100.0,1.0
395648,2477,163,0.666149,0.50003,0.911949,0.000183,0.0,0.00303041,-0.447939,0.197041,0.045995,-0.505995,1.0,8370.7,423.6,181.2,466.9,100.0,1.0
395807,2478,159,1.265903,0.2,-0.425791,0.0,0.105643,0.00277889,-0.35431,0.372142,0.09906,-0.357506,1.0,9037.9,351.7,191.7,865.9,100.0,1.0
395967,2479,160,-0.08112,0.755008,0.600965,0.0,0.0,0.00321514,-0.520132,0.044259,-0.30008,-0.503961,1.0,7788.6,392.5,212.4,324.0,100.0,1.0
396122,2480,155,-2.374865,1.0,0.7809,0.0,0.000279,0.00302824,-0.633802,-0.295245,-0.250784,-0.616376,1.0,6495.1,423.3,223.6,498.9,100.0,1.0
396286,2481,164,-0.593192,0.295732,0.891575,0.0,0.0,0.00294332,-0.523826,-0.101917,0.057064,-0.51351,1.0,7231.7,371.6,170.9,895.4,100.0,1.0
396445,2482,159,-0.169301,0.754007,1.0,0.0,0.0,0.0031262,-0.508864,0.03162,-0.162592,-0.5017,1.0,7740.5,388.3,222.4,566.4,100.0,1.0
396604,2483,159,3.928005,1.0,-0.263758,0.0,4.3e-05,0.00320827,-0.238237,0.713456,0.492281,-0.386098,1.0,10338.3,421.0,198.2,510.0,100.0,1.0
396769,2484,165,-2.264463,0.2,0.82991,0.009748,0.35,0.0032601,-0.767796,-0.737388,-0.03198,-0.767504,1.0,4810.6,517.3,246.2,317.5,100.0,1.0
396931,2485,162,0.124804,0.2,0.961778,0.0,0.037353,0.00325988,-0.519556,-0.007482,0.066504,-0.581121,1.0,7591.5,453.1,216.3,502.9,100.0,1.0
397091,2486,160,0.26685,0.566571,0.898171,0.005744,0.000225,0.00303741,-0.467571,0.125311,-0.117875,-0.457036,1.0,8097.4,372.8,239.9,561.3,100.0,1.0
397253,2487,162,0.422991,0.817122,-0.403766,0.013099,3.2e-05,0.00283513,-0.43004,0.222342,-0.006107,-0.450048,1.0,8467.1,384.9,221.2,435.3,100.0,1.0
397408,2488,155,-0.162509,1.0,-0.356788,0.003636,0.00011,0.00279386,-0.444359,0.149296,0.081069,-0.465965,1.0,8188.8,383.3,225.2,586.6,100.0,1.0
397572,2489,164,3.571415,0.893757,1.0,0.0,0.0,0.00330998,-0.295408,0.652479,0.036132,-0.373804,1.0,10105.9,403.5,246.9,488.0,100.0,1.0
397733,2490,161,2.292825,0.796526,-0.280507,0.0,0.000694,0.00263579,-0.265472,0.658835,0.311756,-0.371186,1.0,10130.2,402.7,224.4,532.0,100.0,1.0
397895,2491,162,-3.057272,0.736825,0.64132,0.0,0.000222,0.00299158,-0.703974,-0.423486,-0.575532,-0.635163,1.0,6006.5,411.6,205.5,397.1,100.0,1.0
398055,2492,160,1.218624,1.0,-0.449357,0.0,0.0,0.00286921,-0.374635,0.320403,-0.017154,-0.343399,1.0,8840.7,336.6,178.5,425.9,100.0,1.0
398210,2493,155,3.955366,0.808611,-0.113485,0.0,7.7e-05,0.00261222,-0.13066,0.993562,0.362852,-0.217784,1.0,11405.5,364.5,224.8,544.8,100.0,1.0
398366,2494,156,-2.803491,1.0,0.919072,0.0,0.0,0.00322915,-0.704416,-0.507313,-0.253069,-0.674268,1.0,5687.1,436.5,244.5,305.4,100.0,1.0
398526,2495,160,-1.153795,1.0,-0.445874,0.0,0.000457,0.00274429,-0.519156,0.013644,-0.212413,-0.504419,1.0,7672.0,387.0,210.8,738.0,100.0,1.0
398685,2496,159,2.150937,0.296504,1.0,0.0,0.060263,0.00310362,-0.344337,0.492315,0.092047,-0.42207,1.0,9495.7,410.8,199.5,688.2,100.0,1.0
398850,2497,165,1.201153,0.670797,-0.400732,0.0,0.0,0.00309649,-0.427672,0.352149,-0.130203,-0.508965,1.0,8961.7,456.3,274.8,336.6,100.0,1.0
399011,2498,161,1.784304,0.762588,-0.304954,0.005236,0.0,0.00270262,-0.311367,0.515933,0.157594,-0.353698,1.0,9585.7,370.8,223.0,576.8,100.0,1.0
399172,2499,161,2.725018,0.52253,-0.239676,0.0,3.4e-05,0.0029837,-0.291356,0.511241,0.48817,-0.393278,1.0,9567.8,394.2,259.9,456.4,100.0,1.0
399335,2500,163,-0.348319,1.0,-0.147773,0.002413,0.000664,0.00221323,-0.384934,0.417856,-0.026809,-0.455724,1.0,9212.0,423.1,199.3,803.1,100.0,1.0
399496,2501,161,2.872938,1.0,-0.287597,0.004151,0.001613,0.00285278,-0.259966,0.752247,0.086029,-0.355434,1.0,10486.1,406.7,249.8,582.8,100.0,1.0
399658,2502,162,1.106549,0.245682,0.844625,0.012945,0.0,0.00303314,-0.414632,0.270165,0.011855,-0.444528,1.0,8649.3,389.3,233.2,550.3,100.0,1.0
399815,2503,157,-0.546296,0.2,0.738438,0.0,0.124917,0.00285035,-0.485476,0.051612,-0.164166,-0.439875,1.0,7816.6,348.9,200.1,784.0,100.0,1.0
399973,2504,158,1.718307,0.506559,0.866766,0.0,0.073906,0.00321564,-0.38885,0.333675,0.083497,-0.435394,1.0,8891.3,393.7,248.8,511.2,100.0,1.0
400135,2505,162,2.506293,0.902475,1.0,0.000286,4.9e-05,0.00324805,-0.352239,0.448183,-0.026337,-0.37217,1.0,9327.6,371.4,224.7,529.3,100.0,1.0
400295,2506,160,-0.260328,0.331909,0.673494,0.015097,0.0,0.0029325,-0.487331,0.056522,-0.144854,-0.456586,1.0,7835.3,360.5,203.4,474.2,100.0,1.0
400458,2507,163,3.747941,0.2,1.0,0.010267,1.3e-05,0.00308951,-0.243334,0.748616,0.331525,-0.378801,1.0,10472.2,421.5,236.0,506.0,100.0,1.0
400616,2508,158,0.041844,0.228846,-0.396372,0.004535,5.6e-05,0.00282752,-0.4439,0.189094,-0.202677,-0.403021,1.0,8340.4,349.3,225.6,554.2,100.0,1.0
400771,2509,155,0.768233,-0.134247,0.823574,0.006207,0.0,0.00294692,-0.403443,0.287001,0.029082,-0.427005,1.0,8713.5,380.2,221.9,585.4,100.0,1.0
400934,2510,163,-2.377233,0.580448,0.738053,0.0,0.000708,0.00322569,-0.691123,-0.448582,-0.306367,-0.661135,1.0,5910.9,436.1,272.3,459.8,100.0,1.0
401097,2511,163,4.157787,0.998399,1.0,0.006923,0.0,0.00327602,-0.245103,0.798936,0.11108,-0.353151,1.0,10663.9,412.2,251.3,487.0,100.0,1.0
401258,2512,161,2.988166,0.357262,-0.362212,0.0,0.038721,0.00294717,-0.266846,0.628616,0.421699,-0.387232,1.0,10015.0,408.6,221.0,688.2,100.0,1.0
401419,2513,161,2.959527,0.721012,0.933102,0.002326,0.0,0.00334065,-0.332188,0.554609,-0.005501,-0.400966,1.0,9733.1,406.2,261.6,409.8,100.0,1.0
401582,2514,163,2.839461,0.517214,1.0,0.01702,0.001037,0.00334094,-0.347224,0.433575,0.411408,-0.489194,1.0,9271.9,453.8,260.4,429.8,100.0,1.0
401744,2515,162,3.241202,0.643417,-0.182395,0.0,0.0,0.00297204,-0.256116,0.641398,0.367534,-0.344062,1.0,10063.7,383.6,268.9,568.6,100.0,1.0
401899,2516,155,3.250619,0.551661,-0.506652,0.00195,0.000208,0.00305622,-0.247643,0.653365,0.12244,-0.244093,1.0,10109.3,334.3,242.0,322.2,100.0,1.0
402055,2517,156,-0.001266,0.887905,0.992682,0.0,0.0,0.00339749,-0.530206,-0.035202,-0.157196,-0.518954,1.0,7485.9,389.0,261.6,328.7,100.0,1.0
402216,2518,161,-0.83288,0.2,-0.412713,0.002319,0.000326,0.00251851,-0.463478,0.111864,-0.082216,-0.444073,1.0,8046.2,361.8,175.1,1003.1,100.0,1.0
402376,2519,160,2.888565,0.685759,-0.077504,0.0,0.0,0.00235584,-0.175931,0.833058,0.213349,-0.185102,1.0,10794.0,331.1,217.9,496.2,100.0,1.0
402532,2520,156,1.640563,0.741255,1.0,0.024281,0.0,0.0030273,-0.358128,0.462163,0.06552,-0.434069,1.0,9380.8,414.4,184.9,668.3,100.0,1.0
402695,2521,163,2.104399,0.658638,-0.27206,0.0,5.2e-05,0.00249314,-0.259955,0.727289,-0.075937,-0.280611,1.0,10391.0,361.1,174.4,759.7,100.0,1.0
402855,2522,160,1.168745,0.591735,1.0,0.014043,0.0,0.00308012,-0.411535,0.323898,-0.139645,-0.428484,1.0,8854.0,387.3,229.9,649.6,100.0,1.0
403016,2523,161,1.193717,0.812852,-0.301839,0.035069,0.000626,0.00275548,-0.360585,0.470254,-0.087762,-0.397909,1.0,9411.7,390.8,196.1,687.7,100.0,1.0
403179,2524,163,1.356554,0.887677,0.881694,0.0,0.0,0.00313795,-0.417123,0.323493,-0.175696,-0.434756,1.0,8852.5,391.5,242.7,772.5,100.0,1.0
403339,2525,160,2.464731,0.800036,-0.192931,0.021123,0.001035,0.00275204,-0.268789,0.687638,-0.013861,-0.297707,1.0,10239.9,364.5,200.2,623.7,100.0,1.0
403500,2526,161,0.734198,0.856722,-0.359522,0.0,7.9e-05,0.00268738,-0.381586,0.363566,-0.033801,-0.396993,1.0,9005.2,373.3,241.4,689.4,100.0,1.0
403662,2527,162,-0.991795,1.0,0.818152,0.0,0.0,0.00308073,-0.568213,-0.089458,-0.143971,-0.604837,1.0,7279.2,460.5,246.3,471.7,100.0,1.0
403827,2528,165,2.396533,0.2,0.982429,0.0,0.02152,0.00330486,-0.378487,0.407758,0.235397,-0.51322,1.0,9173.6,471.1,220.2,528.2,100.0,1.0
403987,2529,160,1.671042,0.241651,-0.153378,0.007523,0.0002,0.00269169,-0.314315,0.531398,0.297523,-0.423057,1.0,9644.6,417.9,212.1,551.6,100.0,1.0
404146,2530,159,3.190533,0.759374,-0.133225,0.0,0.00054,0.00295352,-0.247432,0.763933,0.041446,-0.308531,1.0,10530.6,380.7,260.5,488.3,100.0,1.0
404307,2531,161,2.621795,0.136085,-0.146602,0.0,0.001071,0.0026946,-0.251211,0.723105,0.183391,-0.33442,1.0,10375.0,389.7,206.7,579.5,100.0,1.0
404467,2532,160,4.140039,0.54476,1.0,0.0,0.0,0.00327886,-0.236211,0.646022,0.578908,-0.352024,1.0,10081.3,389.0,217.9,422.1,100.0,1.0
404627,2533,160,-0.041804,0.2,1.0,0.0,0.471419,0.0032634,-0.525158,-0.058409,-0.031622,-0.524644,1.0,7397.5,389.0,218.2,556.6,100.0,1.0
404783,2534,156,-0.148494,-0.057787,-0.33266,0.007415,0.000305,0.00274553,-0.438693,0.090556,0.32549,-0.479603,1.0,7965.0,382.6,201.3,517.1,100.0,1.0
404945,2535,162,0.231822,0.257309,-0.384526,0.0,0.255309,0.00272878,-0.425958,0.200307,0.214443,-0.491598,1.0,8383.2,412.2,221.3,1025.6,100.0,1.0
405108,2536,163,2.333383,0.791519,-0.421012,0.022891,4.5e-05,0.00291871,-0.313137,0.570932,-0.006317,-0.350794,1.0,9795.3,377.2,225.1,403.6,100.0,1.0
405265,2537,157,0.855836,1.0,-0.340089,0.0,0.000465,0.00276964,-0.375204,0.403576,-0.14202,-0.372985,1.0,9157.6,365.1,233.9,708.6,100.0,1.0
405423,2538,158,-0.749946,0.329973,0.863642,0.0,0.0,0.00318039,-0.554881,-0.10457,-0.186119,-0.533754,1.0,7221.6,387.2,258.0,281.7,100.0,1.0
405591,2539,168,0.07738,0.499882,0.89611,0.006199,0.000402,0.00290567,-0.482816,-0.00084,0.244114,-0.523392,1.0,7616.8,399.5,174.4,844.4,100.0,1.0
405749,2540,158,1.698006,0.85954,1.0,0.0,0.0,0.00301219,-0.357536,0.395984,-0.049981,-0.338446,1.0,9128.7,345.0,210.8,561.5,100.0,1.0
405902,2541,153,4.73771,0.569028,-0.001305,0.0,0.0,0.00275851,-0.091617,1.0,0.649526,-0.188564,1.0,11552.4,355.9,177.0,709.0,100.0,1.0
406064,2542,162,2.970819,1.0,1.0,0.023345,0.000136,0.00367338,-0.387968,0.343387,0.253757,-0.497302,1.0,8928.3,444.0,236.2,362.0,100.0,1.0
406223,2543,159,2.013757,0.727753,-0.482622,0.011732,0.0,0.00307044,-0.347758,0.429642,-0.126843,-0.308279,1.0,9256.9,334.6,275.7,311.8,100.0,1.0
406382,2544,159,1.034106,0.2,1.0,0.004959,0.019672,0.00327056,-0.447921,0.151248,0.063739,-0.473688,1.0,8196.3,389.3,251.4,381.4,100.0,1.0
406546,2545,164,3.854115,0.961921,0.083395,0.0,0.0,0.0024869,-0.138844,1.0,0.440871,-0.276438,1.0,11455.4,395.8,210.1,578.7,100.0,1.0
406703,2546,157,2.946703,0.2,-0.39203,0.0,0.137019,0.00307722,-0.27748,0.561684,0.281302,-0.320103,1.0,9760.0,358.9,243.1,489.0,100.0,1.0
406863,2547,160,0.273026,0.699377,0.686523,0.0,0.0,0.00349469,-0.540226,-0.079228,-0.133856,-0.523444,1.0,7318.1,383.9,305.5,174.1,100.0,1.0
407023,2548,160,1.470229,0.2,-0.310503,0.0,0.449605,0.00300404,-0.378032,0.390934,-0.322563,-0.311698,1.0,9109.5,330.9,228.8,579.5,100.0,1.0
407181,2549,158,-2.127917,1.0,0.883018,5e-05,0.0,0.00309833,-0.638253,-0.281692,-0.528965,-0.549779,1.0,6546.8,363.5,216.0,568.1,100.0,1.0
407340,2550,159,-0.04256,0.722545,0.858025,0.000581,0.0,0.00356794,-0.570437,-0.125824,-0.185764,-0.568015,1.0,7140.6,413.2,274.7,249.2,100.0,1.0
407499,2551,159,-0.620305,0.451631,0.6,0.019137,0.0,0.00320884,-0.553651,-0.097803,-0.23965,-0.51745,1.0,7247.4,375.5,278.2,703.5,100.0,1.0
407660,2552,161,-2.670543,0.782908,0.839015,0.004286,0.0,0.00320692,-0.745249,-0.642425,-0.219483,-0.708982,1.0,5172.4,444.3,236.1,336.1,100.0,1.0
407825,2553,165,2.68079,0.2,-0.167406,0.003133,0.35,0.00245908,-0.218364,0.796872,0.254975,-0.310264,1.0,10656.1,386.2,221.2,623.1,100.0,1.0
407985,2554,160,2.374616,1.0,-0.298723,0.026008,0.0,0.00272239,-0.269605,0.665633,0.046331,-0.302154,1.0,10156.1,363.8,200.6,587.2,100.0,1.0
408140,2555,155,0.799085,0.648706,0.947537,0.0,6e-06,0.00306714,-0.419591,0.260911,-0.147721,-0.400154,1.0,8614.1,359.0,251.3,575.9,100.0,1.0
408302,2556,162,0.755423,0.726242,-0.360106,0.0,0.0,0.00283311,-0.406184,0.275856,0.09035,-0.447278,1.0,8671.0,392.2,211.8,542.4,100.0,1.0
408467,2557,165,0.894594,0.680003,0.908789,0.023937,0.000865,0.00328079,-0.478867,0.157675,-0.103657,-0.5264,1.0,8220.7,433.9,301.9,413.3,100.0,1.0
408621,2558,154,2.591824,1.0,-0.217141,0.0,0.0,0.00275072,-0.242364,0.665661,0.217914,-0.268567,1.0,10156.2,347.1,218.6,588.8,100.0,1.0
408786,2559,165,4.394507,0.769433,-0.286793,0.000225,0.001149,0.00288988,-0.169495,0.927605,0.289886,-0.267949,1.0,11154.2,380.9,229.3,677.3,100.0,1.0
408943,2560,157,0.408259,1.0,-0.347626,0.003996,0.0,0.00258483,-0.377283,0.348258,-0.192868,-0.316869,1.0,8946.9,327.4,182.3,674.0,100.0,1.0
409101,2561,158,2.524641,0.902839,-0.271969,0.0,0.000887,0.00294459,-0.288667,0.626071,0.170964,-0.374271,1.0,10005.3,399.7,232.8,437.0,100.0,1.0
409256,2562,155,-3.54434,0.926931,0.6,0.000281,0.0,0.00293741,-0.76247,-0.834876,0.136463,-0.734174,0.991843,4439.1,417.5,148.6,589.0,100.0,1.0
409417,2563,161,0.432365,0.548449,-0.300681,0.0,0.0,0.00255253,-0.38073,0.374058,-0.149033,-0.364471,1.0,9045.2,355.8,207.2,687.1,100.0,1.0
409577,2564,160,4.602425,0.2,-0.204324,0.0,0.055068,0.00260817,-0.095264,1.0,0.44374,-0.132125,1.0,11954.4,344.4,198.6,843.8,100.0,1.0
409739,2565,162,-0.15525,0.939364,0.6,0.0,0.0,0.00316024,-0.522911,-0.005704,-0.121788,-0.531021,1.0,7598.3,405.0,248.3,525.3,100.0,1.0
409893,2566,154,1.722816,0.2,1.0,0.0,0.35147,0.00303893,-0.347442,0.422848,0.166601,-0.399381,1.0,9231.1,384.2,215.5,634.4,100.0,1.0
410053,2567,160,5.023909,0.241352,0.9863,0.007107,0.0,0.00374769,-0.248032,0.647751,0.426737,-0.342146,1.0,10087.9,383.4,299.6,219.7,100.0,1.0
410214,2568,161,4.136959,0.847027,-0.06949,0.0,0.0,0.00254459,-0.120024,0.980238,0.075927,-0.075586,1.0,11354.7,307.1,188.3,581.4,100.0,1.0
410370,2569,156,-1.024494,0.641709,0.843426,0.030996,0.0,0.00321684,-0.573665,-0.235065,-0.022988,-0.542,1.0,6724.4,367.1,215.4,437.9,100.0,1.0
410521,2570,151,-0.911774,0.542968,1.0,0.004353,0.0,0.00329262,-0.561126,-0.125567,-0.27123,-0.508703,1.0,7141.6,363.4,255.2,257.1,100.0,1.0
410679,2571,158,0.060538,0.268898,0.970364,0.0,0.119983,0.0029749,-0.465843,0.098186,-0.338173,-0.355241,1.0,7994.1,310.0,212.3,641.7,100.0,1.0
410846,2572,167,4.943149,0.320537,1.0,0.0,0.085962,0.00318242,-0.185215,0.93217,0.561042,-0.414537,1.0,11171.6,477.0,217.5,493.2,100.0,1.0
411005,2573,159,-1.378519,1.0,0.86622,0.0,3.8e-05,0.00331004,-0.623002,-0.363685,0.09422,-0.638343,1.0,6234.4,431.0,274.3,261.9,100.0,1.0
411161,2574,156,3.526415,0.766039,-0.061044,0.009763,0.000672,0.00275365,-0.182475,0.839539,0.282346,-0.235314,1.0,10818.6,353.7,269.5,393.7,100.0,1.0
411318,2575,157,-1.216103,1.0,0.98738,0.0,0.0,0.0033721,-0.614778,-0.245715,-0.264346,-0.589715,1.0,6683.8,407.3,265.9,359.4,100.0,1.0
411478,2576,160,0.983902,1.0,-0.412403,0.013323,0.0,0.00295282,-0.403554,0.338714,-0.121671,-0.420219,1.0,8910.5,384.2,245.1,359.3,100.0,1.0
411638,2577,160,2.190859,0.2,1.0,0.020657,0.271966,0.0031744,-0.354346,0.430681,0.13461,-0.418258,1.0,9260.9,398.0,281.3,366.9,100.0,1.0
411802,2578,164,2.695427,0.340062,-0.073283,0.0,0.03161,0.00246559,-0.215374,0.776561,0.274694,-0.289944,1.0,10578.7,372.5,203.9,773.2,100.0,1.0
411961,2579,159,4.039701,1.0,-0.21875,0.0,0.000234,0.00296296,-0.187864,0.844204,0.389374,-0.292841,1.0,10836.4,383.1,226.9,483.4,100.0,1.0
412121,2580,160,1.363886,0.501249,0.988242,0.0,0.000695,0.00278685,-0.350279,0.399861,0.022868,-0.341771,1.0,9143.5,347.3,187.9,699.9,100.0,1.0
412281,2581,160,0.605656,0.552761,-0.409347,0.01236,7.2e-05,0.00300362,-0.438174,0.179717,-0.031089,-0.433315,1.0,8304.7,366.4,262.1,689.5,100.0,1.0
412447,2582,166,2.137195,0.424211,-0.35734,0.002193,0.0,0.00297996,-0.344806,0.47026,0.286937,-0.470217,1.0,9411.7,444.1,213.4,462.5,100.0,1.0
412610,2583,163,4.858499,0.686357,-0.523381,0.0,0.0,0.00343677,-0.219396,0.81574,-0.006124,-0.242394,1.0,10728.0,354.0,232.3,345.5,100.0,1.0
412764,2584,154,1.895378,0.895619,1.0,0.0,0.0,0.00318104,-0.356919,0.294544,0.170808,-0.325452,1.0,8742.2,324.0,231.7,583.6,100.0,1.0
412924,2585,160,3.790163,-0.017046,-0.389989,0.012854,0.0,0.00270113,-0.166211,0.922572,0.180026,-0.216189,1.0,11135.0,355.2,240.2,534.3,100.0,1.0
413082,2586,158,2.361788,0.575606,-0.30013,0.003767,0.000105,0.00276308,-0.270836,0.576351,0.003682,-0.21764,1.0,9815.9,313.7,185.5,514.9,100.0,1.0
413239,2587,157,0.753498,0.211995,-0.303354,0.0,0.000418,0.00271388,-0.373232,0.328199,-0.059204,-0.331206,1.0,8870.4,331.6,211.9,602.8,100.0,1.0
413398,2588,159,3.098638,0.325946,-0.11561,0.0,0.000691,0.00263537,-0.201534,0.842735,0.079881,-0.23402,1.0,10830.8,353.5,215.3,653.6,100.0,1.0
413558,2589,160,2.175721,0.461181,-0.335075,0.0,0.0,0.00291373,-0.313489,0.591228,-0.0213,-0.363885,1.0,9872.6,388.0,213.3,746.8,100.0,1.0
413726,2590,168,5.021764,0.836305,-0.231388,0.008061,0.0,0.0031653,-0.179256,0.937868,0.27184,-0.303023,1.0,11193.3,401.5,288.5,498.6,100.0,1.0
413888,2591,162,2.445502,1.0,-0.213506,0.0,0.0,0.00269241,-0.264465,0.632401,0.315483,-0.347045,1.0,10029.4,384.0,207.2,703.9,100.0,1.0
414051,2592,163,4.08679,0.2,-0.223358,0.000915,0.177477,0.00304437,-0.209268,0.797551,0.384502,-0.323688,1.0,10658.7,394.0,244.2,521.6,100.0,1.0
414211,2593,160,0.883009,0.276978,0.948963,0.00877,0.000225,0.00317475,-0.446001,0.255644,-0.181231,-0.472629,1.0,8594.0,407.4,258.2,395.6,100.0,1.0
414372,2594,161,4.206911,1.0,-0.175536,0.020055,0.0,0.00287593,-0.167518,0.99017,0.226818,-0.292473,1.0,11392.5,402.5,235.6,448.9,100.0,1.0
414532,2595,160,3.177906,0.715188,-0.309212,0.010308,0.0,0.00300309,-0.257276,0.656475,0.204337,-0.306094,1.0,10121.2,364.6,217.9,429.9,100.0,1.0
414686,2596,154,4.873177,0.2,0.003544,0.000475,0.266765,0.00255745,-0.051451,1.0,0.400059,0.028479,1.0,11777.4,286.3,213.5,776.0,100.0,1.0
414847,2597,161,3.386253,0.11442,1.0,0.0,0.0,0.00331452,-0.295749,0.475181,0.233936,-0.293125,1.0,9430.4,333.5,261.6,639.0,100.0,1.0
415003,2598,156,1.810277,0.238656,1.0,0.008631,0.0,0.00327596,-0.383881,0.399732,-0.110951,-0.409062,1.0,9143.0,386.8,256.8,427.7,100.0,1.0
415161,2599,158,-1.115648,1.0,0.792466,0.0,0.0,0.00319577,-0.583453,-0.191765,-0.299963,-0.518386,1.0,6889.4,357.6,248.3,378.8,100.0,1.0
415324,2600,163,5.145499,0.2,-0.342224,0.014697,0.356597,0.00312307,-0.147348,1.0,0.249318,-0.240931,1.0,12013.3,395.7,287.5,564.7,100.0,1.0
415480,2601,156,2.106923,0.506338,1.0,0.0,0.0,0.00334973,-0.374466,0.361171,0.002707,-0.383431,1.0,8996.1,364.8,234.9,319.1,100.0,1.0
415638,2602,158,3.704024,0.676649,-0.1896,0.0,0.0,0.00274635,-0.173451,0.918628,0.107785,-0.212955,1.0,11120.0,353.2,258.0,489.4,100.0,1.0
415792,2603,154,3.109395,0.2,-0.111359,0.0056,0.042466,0.00266214,-0.191299,0.704676,0.386809,-0.187162,1.0,10304.8,316.9,232.2,766.2,100.0,1.0
415947,2604,155,-3.36095,1.0,0.799652,0.000973,0.0,0.00304097,-0.788657,-0.735117,-0.495138,-0.684547,1.0,4819.2,381.9,236.1,478.1,100.0,1.0
416107,2605,160,4.953973,0.800327,-0.162973,0.0,0.0,0.00290405,-0.116165,1.0,0.514081,-0.225243,1.0,11974.2,386.4,200.9,520.2,100.0,1.0
416269,2606,162,1.411394,1.0,-0.346714,0.0,0.000571,0.00263017,-0.32682,0.484301,-0.150084,-0.27629,1.0,9465.2,327.0,180.3,811.9,100.0,1.0
416426,2607,157,2.419256,0.106979,-0.278512,0.0,0.000218,0.00279386,-0.268446,0.55115,0.378192,-0.31351,1.0,9719.9,354.0,205.4,573.9,100.0,1.0
416576,2608,150,3.385345,0.200916,-0.223799,0.007333,0.315843,0.00270313,-0.167274,0.870644,0.158194,-0.169181,1.0,10937.2,329.1,227.5,608.9,100.0,1.0
416734,2609,158,2.546896,0.762601,-0.31836,0.0,0.000248,0.00274675,-0.254789,0.639721,0.062826,-0.236674,1.0,10057.3,329.4,218.7,708.5,100.0,1.0
416895,2610,161,3.658452,1.0,-0.297528,0.0,0.000309,0.00318547,-0.255447,0.687002,0.412689,-0.39489,1.0,10237.5,423.0,245.9,530.9,100.0,1.0
417059,2611,164,2.307777,0.771591,0.895731,0.012535,0.000165,0.00315169,-0.354498,0.532246,-0.103928,-0.423887,1.0,9647.9,418.7,247.5,563.4,100.0,1.0
417213,2612,154,0.030581,0.2,0.973859,0.0,0.351538,0.00316354,-0.485095,-0.007383,-0.153761,-0.39291,1.0,7591.9,312.6,195.1,739.7,100.0,1.0
417374,2613,161,0.187787,1.0,1.0,0.0,0.0,0.00330864,-0.519556,-0.03,0.111816,-0.577458,1.0,7505.7,444.1,254.8,278.5,100.0,1.0
417533,2614,159,2.077256,1.0,-0.203042,0.007196,0.0,0.00260418,-0.267816,0.62972,0.341582,-0.36468,1.0,10019.2,394.3,186.0,635.5,100.0,1.0
417699,2615,166,2.115475,0.2,-0.274965,0.004168,0.001007,0.00259823,-0.282373,0.71782,0.10903,-0.409103,1.0,10354.9,438.1,213.0,644.3,100.0,1.0
417860,2616,161,2.077383,0.301991,-0.15656,0.000826,0.000245,0.00256594,-0.266854,0.626877,0.447013,-0.394247,1.0,10008.4,413.1,211.8,679.7,100.0,1.0
418021,2617,161,3.752408,0.810172,-0.331756,0.0,0.00055,0.00327476,-0.263041,0.667063,0.09007,-0.296044,1.0,10161.5,360.9,245.4,432.3,100.0,1.0
418178,2618,157,5.765976,0.2,-0.352697,0.0,0.214357,0.00298711,-0.062856,1.0,0.629205,-0.085922,1.0,12006.5,328.4,202.5,615.2,100.0,1.0
418338,2619,160,3.801322,0.469029,1.0,0.008056,0.0,0.00317897,-0.240881,0.805598,0.091103,-0.337969,1.0,10689.3,403.7,222.7,535.1,100.0,1.0
418502,2620,164,2.838639,0.819542,-0.211566,0.012123,0.0,0.00269458,-0.241952,0.631217,0.062954,-0.18684,1.0,10024.9,308.2,225.2,565.6,100.0,1.0
418663,2621,161,2.172239,0.798049,-0.028946,0.016665,6.6e-05,0.00207704,-0.181352,0.681426,0.017642,-0.011574,1.0,10216.2,258.4,159.2,736.9,100.0,1.0
418824,2622,161,-0.465776,0.977792,0.886213,0.0,0.001805,0.00291139,-0.501596,-0.095686,0.07135,-0.492436,0.963081,7255.4,357.4,143.5,630.5,100.0,1.0
418988,2623,164,3.926986,0.982881,1.0,0.010558,0.0,0.00325347,-0.256916,0.763476,0.010638,-0.329497,1.0,10528.8,392.6,239.3,451.3,100.0,1.0
419150,2624,162,5.616259,0.293983,1.0,0.0,0.0,0.00339414,-0.154105,0.916977,0.332043,-0.221847,1.0,11113.7,357.1,288.5,281.4,100.0,1.0
419303,2625,153,2.819625,0.632975,-0.317421,0.015467,0.0,0.00265103,-0.206889,0.746001,0.033218,-0.155704,1.0,10462.3,309.8,244.0,596.2,100.0,1.0
419460,2626,157,-1.658399,1.0,0.829373,0.0,0.0,0.00310626,-0.604645,-0.225824,-0.537154,-0.481579,1.0,6759.6,326.0,235.0,531.5,100.0,1.0
419620,2627,160,1.850267,0.740335,0.992023,0.0,0.000276,0.00314045,-0.372089,0.304937,-0.008267,-0.324988,1.0,8781.8,325.2,264.2,464.7,100.0,1.0
419780,2628,160,1.055097,1.0,1.0,0.018737,0.0,0.00314691,-0.429172,0.281258,-0.296443,-0.399475,1.0,8691.6,361.8,239.4,468.9,100.0,1.0
419943,2629,163,5.162345,0.054692,0.842738,0.0,3.7e-05,0.00320569,-0.158569,0.985516,0.22027,-0.256583,1.0,11374.8,382.5,264.7,545.9,100.0,1.0
420102,2630,159,4.06226,0.428274,0.020955,0.0,0.000216,0.00254597,-0.118361,1.0,0.34306,-0.175555,1.0,11834.5,358.9,218.2,611.1,100.0,1.0
420266,2631,164,5.010814,0.757996,0.028657,0.0,0.000293,0.00275226,-0.098043,1.0,0.401351,-0.12726,1.0,11856.3,339.6,188.6,501.6,100.0,1.0
420431,2632,165,1.973388,0.229337,1.0,0.0,9.1e-05,0.00316613,-0.383295,0.377324,-0.02538,-0.416958,1.0,9057.6,388.4,243.1,405.8,100.0,1.0
420591,2633,160,3.819087,0.2,-0.275999,0.0,0.116271,0.00305424,-0.219356,0.705005,0.277298,-0.244458,1.0,10306.1,341.0,275.1,628.5,100.0,1.0
420754,2634,163,0.164413,0.554791,-0.258,0.007192,0.000145,0.00213585,-0.33654,0.451511,-0.125482,-0.289564,1.0,9340.3,328.7,178.6,758.3,100.0,1.0
420920,2635,166,3.352647,1.0,-0.255937,0.0,0.0,0.00253519,-0.184335,0.893824,-0.003194,-0.191571,1.0,11025.5,341.0,240.4,591.5,100.0,1.0
421074,2636,154,1.490281,0.923221,0.099711,0.0,0.000398,0.00169488,-0.155862,0.711144,0.166916,-0.001133,1.0,10329.5,258.5,166.3,978.1,100.0,1.0
421233,2637,159,-0.026637,0.485184,0.849735,0.0,0.0,0.00297065,-0.474257,0.101657,-0.043151,-0.484522,1.0,8007.3,388.3,219.5,413.2,100.0,1.0
421399,2638,166,5.617912,0.482264,1.0,0.0,0.000591,0.00335936,-0.161353,0.943411,0.308808,-0.260287,1.0,11214.4,379.0,263.0,465.8,100.0,1.0
421562,2639,163,3.229386,1.0,-0.173744,0.00502,0.0,0.00275982,-0.222001,0.734934,0.217524,-0.25829,1.0,10420.1,351.2,242.4,621.6,100.0,1.0
421721,2640,159,3.090656,0.356384,0.8956,0.0,0.049197,0.00326833,-0.301612,0.569327,0.052341,-0.330593,1.0,9789.1,365.6,262.9,440.4,100.0,1.0
421881,2641,160,1.37015,1.0,-0.218873,0.0,0.0,0.0029312,-0.372344,0.401443,-0.205777,-0.340422,1.0,9149.5,346.8,231.4,573.3,100.0,1.0
422036,2642,155,2.185483,0.507435,-0.254864,0.0,0.0,0.00307787,-0.322832,0.501005,0.14101,-0.373947,1.0,9528.8,380.5,232.0,490.4,100.0,1.0
422204,2643,168,1.635268,1.0,1.0,0.037685,0.0,0.00296475,-0.382668,0.43876,-0.043694,-0.459961,1.0,9291.7,430.1,233.7,603.8,100.0,1.0
422363,2644,159,1.999831,1.0,1.0,0.0,0.0,0.00312161,-0.355177,0.473468,-0.057237,-0.392734,1.0,9423.9,388.0,257.3,343.7,100.0,1.0
422525,2645,162,2.199667,0.2,0.901853,0.0,0.366874,0.00328818,-0.377436,0.395153,0.0898,-0.450682,1.0,9125.5,415.3,269.5,727.6,100.0,1.0
422686,2646,161,2.264369,0.427575,0.984304,0.0,0.0,0.00329151,-0.370077,0.350957,0.20142,-0.426527,1.0,8957.1,390.5,252.1,458.4,100.0,1.0
422843,2647,157,3.518933,1.0,-0.218589,0.0,0.0,0.00284077,-0.197464,0.782426,0.279485,-0.236731,1.0,10601.0,347.2,277.3,468.0,100.0,1.0
423003,2648,160,-0.444812,1.0,0.804145,0.012396,0.0,0.00307633,-0.5237,0.032423,-0.434135,-0.461307,1.0,7743.5,359.4,247.6,317.1,100.0,1.0
423166,2649,163,2.132463,0.447785,-0.185276,0.0,0.0,0.00250156,-0.257119,0.718145,0.266444,-0.377665,1.0,10356.1,416.0,262.9,540.0,100.0,1.0
423324,2650,158,2.093462,1.0,1.0,0.0,0.0,0.00312459,-0.345811,0.409583,0.08293,-0.355,1.0,9180.5,355.8,218.3,498.1,100.0,1.0
423487,2651,163,3.650012,1.0,-0.24414,0.003078,0.000784,0.00289345,-0.213749,0.815084,0.095206,-0.256802,1.0,10725.5,360.8,200.0,535.4,100.0,1.0
423646,2652,159,0.653338,0.864418,1.0,0.0,0.0,0.0030665,-0.441448,0.232518,-0.158554,-0.445739,1.0,8505.9,383.7,225.9,559.0,100.0,1.0
423802,2653,156,3.768025,0.506784,-0.268458,0.000244,9.3e-05,0.0029776,-0.198237,0.779124,0.106681,-0.178952,1.0,10588.5,322.4,270.6,414.4,100.0,1.0
423965,2654,163,3.710345,0.811237,-0.353509,0.005757,0.0,0.00312695,-0.247483,0.742874,0.282377,-0.371465,1.0,10450.4,415.7,267.0,523.0,100.0,1.0
424129,2655,164,4.494481,0.302837,-0.339169,0.0,0.001073,0.00305351,-0.183089,0.809491,0.314292,-0.222968,1.0,10704.2,344.4,261.5,638.0,100.0,1.0
424288,2656,159,3.444998,1.0,1.0,0.001057,0.0,0.00313076,-0.254244,0.621814,0.335463,-0.310812,1.0,9989.1,362.4,227.4,378.7,100.0,1.0
424451,2657,163,0.499381,0.735473,-0.082225,0.004705,0.000222,0.00219833,-0.323019,0.559169,-0.076464,-0.350548,1.0,9750.4,375.3,205.7,839.5,100.0,1.0
424606,2658,155,6.172065,0.782553,-0.219197,0.001535,0.0,0.00370376,-0.137687,0.96373,0.284143,-0.190111,1.0,11291.8,348.6,272.0,335.9,100.0,1.0
424766,2659,160,1.989799,0.2,-0.102928,0.0,0.0,0.00224218,-0.218015,0.701751,0.344345,-0.259625,1.0,10293.7,347.6,201.0,617.3,100.0,1.0
424929,2660,163,2.37884,0.354498,-0.175177,0.0,0.000878,0.00238588,-0.220662,0.752259,0.039396,-0.208887,1.0,10486.1,331.4,188.6,933.6,100.0,1.0
425088,2661,159,2.492703,0.366989,-0.032454,0.0,0.01312,0.00240863,-0.206677,0.737958,-0.02455,-0.129037,1.0,10431.6,299.4,189.9,934.5,100.0,1.0
425254,2662,166,4.07371,1.0,-0.085609,0.0,7.8e-05,0.0026812,-0.156956,0.993262,0.171198,-0.241305,1.0,11404.3,375.8,196.6,595.9,100.0,1.0
425412,2663,158,2.685127,0.2,-0.352194,0.0,0.028594,0.00322428,-0.319553,0.4294,-0.07097,-0.232687,1.0,9256.0,301.6,248.3,529.4,100.0,1.0
425573,2664,161,2.667743,0.5782,-0.04727,0.0,0.000227,0.002515,-0.216192,0.746637,0.031962,-0.186826,1.0,10464.7,321.7,185.9,703.6,100.0,1.0
425731,2665,158,4.446986,0.622993,-0.075621,0.006313,0.0,0.00278804,-0.125906,1.0,0.230814,-0.163292,1.0,11525.2,344.4,252.0,535.4,100.0,1.0
425886,2666,155,1.828664,1.0,1.0,0.0,0.0,0.00303741,-0.341436,0.429654,0.090806,-0.359767,1.0,9257.0,361.5,233.4,591.0,100.0,1.0
426046,2667,160,-0.922612,0.227507,0.781637,0.000137,0.0,0.00321412,-0.579639,-0.113469,-0.298114,-0.571534,1.0,7187.7,419.4,249.9,492.5,100.0,1.0
426202,2668,156,1.4126,0.931371,0.882015,0.0,0.0,0.00335715,-0.423808,0.17736,-0.126083,-0.351799,1.0,8295.7,320.0,235.5,326.2,100.0,1.0
426364,2669,162,2.895659,0.2,-0.200232,0.0,0.361678,0.00280669,-0.249762,0.714726,0.295832,-0.360088,1.0,10343.1,404.1,240.5,626.3,100.0,1.0
426520,2670,156,1.587845,0.482957,-0.22082,0.004504,0.000727,0.00259097,-0.291815,0.592541,0.033743,-0.311082,1.0,9877.6,358.4,243.4,585.7,100.0,1.0
426677,2671,157,0.821477,0.669489,0.904116,0.0,0.0,0.00316052,-0.4381,0.118074,0.004629,-0.393605,1.0,8069.9,332.7,222.0,404.1,100.0,1.0
426834,2672,157,2.782752,1.0,-0.033925,0.017749,8.2e-05,0.00248448,-0.193058,0.764677,0.000776,-0.114351,1.0,10533.4,297.3,198.2,674.8,100.0,1.0
427000,2673,166,3.249482,0.2,-0.345939,0.0,0.1717,0.00310317,-0.285111,0.748687,0.043455,-0.422094,1.0,10472.5,453.0,288.3,472.3,100.0,1.0
427161,2674,161,-0.347234,0.695112,-0.326647,0.009472,0.000164,0.00263297,-0.448532,0.24558,-0.248564,-0.450235,1.0,8555.7,389.1,206.6,818.9,100.0,1.0
427319,2675,158,2.589939,0.883275,0.669214,0.0,0.0,0.00316302,-0.316385,0.378974,0.088706,-0.233329,1.0,9063.9,295.6,286.3,661.1,100.0,1.0
427481,2676,162,-1.350346,0.211961,0.959264,0.0,0.000648,0.00309763,-0.59754,-0.142056,-0.31754,-0.600906,1.0,7078.8,443.4,276.2,434.0,100.0,1.0
427637,2677,156,2.559186,0.2,-0.338715,0.0,0.351793,0.0026285,-0.228786,0.691369,0.039481,-0.185256,1.0,10254.1,314.6,221.2,608.0,100.0,1.0
427796,2678,159,2.047123,0.493892,-0.262656,0.0,0.000157,0.00269795,-0.283998,0.612615,-0.168001,-0.234504,1.0,9954.1,325.1,230.6,645.2,100.0,1.0
427959,2679,163,3.931799,0.642344,-0.216241,0.0,0.0,0.00285126,-0.186235,0.748385,0.162794,-0.132035,1.0,10471.3,301.6,226.4,708.4,100.0,1.0
428116,2680,157,3.836684,0.205254,1.0,0.0,0.017908,0.00317269,-0.226312,0.688586,0.222143,-0.235576,1.0,10243.5,335.0,246.7,554.5,100.0,1.0
428272,2681,156,2.217216,1.0,0.996674,0.005883,0.0,0.00303833,-0.316898,0.368097,0.073134,-0.220784,1.0,9022.4,289.5,201.3,441.6,100.0,1.0
428428,2682,156,0.896611,1.0,0.947106,0.016778,1.2e-05,0.00318597,-0.433527,0.149313,0.02119,-0.409915,1.0,8188.9,346.9,273.8,405.4,100.0,1.0
428587,2683,159,3.749731,1.0,1.0,0.0,0.0,0.00358035,-0.303592,0.55733,0.016103,-0.315115,1.0,9743.4,355.7,331.7,358.8,100.0,1.0
428747,2684,160,1.854335,1.0,-0.29262,0.0,0.0,0.00270319,-0.301092,0.589025,0.005996,-0.329826,1.0,9864.2,368.0,249.1,561.2,100.0,1.0
428908,2685,161,1.316334,0.424113,-0.239306,0.001209,0.0,0.00244318,-0.300051,0.519662,-0.028884,-0.256926,1.0,9599.9,323.0,200.3,800.2,100.0,1.0
429069,2686,161,-1.186623,0.94121,0.6,0.0,0.0,0.0029386,-0.557295,-0.064726,-0.303816,-0.535773,1.0,7373.4,397.1,258.0,428.6,100.0,1.0
429224,2687,155,1.345092,0.499741,-0.269198,0.001298,0.0,0.00271153,-0.324942,0.436657,0.034098,-0.291721,1.0,9283.7,327.7,157.3,773.5,100.0,1.0
429391,2688,167,-0.347546,0.2,-0.329289,0.0,0.123966,0.00252137,-0.44574,0.194276,-0.024224,-0.472955,1.0,8360.2,396.6,209.8,837.7,100.0,1.0
429554,2689,163,2.805105,0.5795,1.0,0.009768,0.0,0.00345693,-0.364656,0.401936,-0.098802,-0.350866,1.0,9151.4,352.4,347.9,185.6,100.0,1.0
429718,2690,164,2.916158,1.0,-0.379405,0.0,0.000202,0.00316202,-0.311821,0.592893,-0.002155,-0.366095,1.0,9878.9,389.6,301.1,365.5,100.0,1.0
429880,2691,162,2.896268,0.2,-0.28868,0.0,0.111525,0.0028169,-0.250938,0.64735,0.310649,-0.312802,1.0,10086.4,366.9,258.1,775.8,100.0,1.0
430033,2692,153,1.805694,1.0,0.905248,0.000323,0.0,0.00351433,-0.409671,0.168962,0.042627,-0.353913,1.0,8263.7,319.8,256.4,380.9,100.0,1.0
430195,2693,162,4.017965,1.0,0.100261,0.002791,0.00011,0.00249818,-0.119618,1.0,0.410559,-0.202246,1.0,11986.4,375.6,217.5,806.2,100.0,1.0
430349,2694,154,3.679306,0.2,-0.019752,0.0,0.148623,0.00288278,-0.182902,0.824836,0.358409,-0.249841,1.0,10762.6,358.7,280.4,518.8,100.0,1.0
430513,2695,164,2.240494,0.702039,1.0,0.001446,0.0,0.00309912,-0.349301,0.395857,0.508131,-0.496927,1.0,9128.2,453.6,213.7,648.5,100.0,1.0
430666,2696,153,-2.246564,1.0,0.644791,0.0,0.0,0.00311092,-0.635505,-0.365896,-0.209872,-0.576813,1.0,6225.9,367.8,277.7,329.4,100.0,1.0
430824,2697,158,0.312347,1.0,0.778091,0.021119,0.0,0.00315004,-0.475591,0.045142,-0.105693,-0.421026,1.0,7792.0,336.5,244.8,540.9,100.0,1.0
430983,2698,159,6.105168,1.0,1.0,0.0,0.0,0.00363951,-0.145289,1.0,0.050628,-0.16784,1.0,11456.2,344.2,289.0,390.3,100.0,1.0
431146,2699,163,1.04976,0.814116,0.887567,0.010046,0.0,0.00323392,-0.452647,0.285221,-0.229547,-0.503326,1.0,8706.7,438.2,292.4,386.0,100.0,1.0
431312,2700,166,2.755566,0.215026,-0.063466,0.0,0.354188,0.00224795,-0.177471,0.919576,0.145105,-0.239584,1.0,11123.6,365.7,202.9,744.8,100.0,1.0
431468,2701,156,0.879031,1.0,-0.325733,0.0,0.000285,0.00259574,-0.342529,0.486209,0.060039,-0.400283,1.0,9472.5,394.9,244.0,475.5,100.0,1.0
431634,2702,166,2.653009,1.0,-0.231735,0.0,0.001088,0.00288577,-0.290661,0.557979,0.281368,-0.360974,1.0,9745.9,381.3,215.7,560.2,100.0,1.0
431790,2703,156,3.757666,0.534383,-0.20076,0.0,0.0,0.00273234,-0.159366,0.968696,0.072647,-0.196015,1.0,11310.7,351.7,234.4,510.0,100.0,1.0
431948,2704,158,2.6197,0.562817,-0.33613,0.0,0.000779,0.00284859,-0.26402,0.606929,0.205127,-0.287551,1.0,9932.4,348.5,192.3,608.0,100.0,1.0
432120,2705,172,4.255546,0.349223,-0.419953,0.0,0.000638,0.00284066,-0.186331,0.897537,0.285711,-0.297622,1.0,11039.6,392.9,180.1,841.8,100.0,1.0
432276,2706,156,2.828093,0.2,0.002135,0.0,0.296731,0.00252774,-0.193436,0.707818,0.254413,-0.152773,1.0,10316.8,304.4,192.3,1047.6,100.0,1.0
432435,2707,159,5.702396,1.0,1.0,0.0,0.0,0.00356827,-0.162278,0.969458,0.277838,-0.274756,1.0,11313.6,390.0,316.9,313.6,100.0,1.0
432594,2708,159,1.738349,0.944691,0.897168,0.0,0.0,0.00342917,-0.421791,0.308751,-0.074813,-0.471658,1.0,8796.3,416.2,300.0,354.8,100.0,1.0
432753,2709,159,1.298156,0.2,0.066511,0.0,0.146802,0.00236896,-0.284418,0.467666,0.403397,-0.305581,1.0,9401.8,338.5,168.1,1093.7,100.0,1.0
432908,2710,155,2.816122,1.0,-0.323512,0.0,0.000316,0.0031626,-0.290106,0.56546,0.10559,-0.306766,1.0,9774.4,352.5,275.0,409.7,100.0,1.0
433068,2711,160,3.985142,0.631235,-0.313989,0.007295,0.0,0.00257106,-0.128119,0.941636,0.138622,-0.091302,1.0,11207.6,308.3,210.4,596.1,100.0,1.0
433229,2712,161,2.258309,0.2,-0.423502,0.0,0.120614,0.00276366,-0.284455,0.562439,0.326915,-0.359186,1.0,9762.9,380.9,214.4,722.2,100.0,1.0
433392,2713,163,3.442783,0.767083,-0.233575,0.008668,0.00057,0.0029533,-0.236683,0.774381,0.277864,-0.360215,1.0,10570.4,413.0,267.8,422.9,100.0,1.0
433542,2714,150,3.011409,0.2,-0.11906,0.0,0.271558,0.00248899,-0.159266,0.752727,0.096445,-0.02364,1.0,10487.9,268.5,168.3,760.3,100.0,1.0
433698,2715,156,2.28865,0.301627,-0.238126,0.00131,0.000496,0.0026447,-0.249883,0.633698,0.234732,-0.272601,1.0,10034.4,344.9,199.3,1023.8,100.0,1.0
433859,2716,161,3.282862,1.0,-0.301859,0.0,0.000401,0.00286781,-0.228346,0.674343,0.072129,-0.180483,1.0,10189.2,310.8,252.7,641.8,100.0,1.0
434019,2717,160,-1.690217,0.2,0.813745,0.002027,0.176157,0.00289117,-0.58283,-0.192649,-0.210909,-0.545257,1.0,6886.0,378.6,192.1,865.5,100.0,1.0
434181,2718,162,2.319833,0.599403,-0.109913,0.0,0.0,0.00262031,-0.259542,0.666697,0.358979,-0.373715,1.0,10160.1,405.6,264.4,892.2,100.0,1.0
434336,2719,155,2.407229,0.2,0.881385,0.0,0.039952,0.00320744,-0.326005,0.540864,-0.034852,-0.359119,1.0,9680.7,377.6,288.5,619.5,100.0,1.0
434501,2720,165,1.864983,0.656075,-0.301421,0.0,0.001688,0.00314492,-0.386338,0.405057,-0.2581,-0.372641,1.0,9163.3,365.2,266.9,504.3,100.0,1.0
434654,2721,153,3.628641,0.499209,1.0,0.0059,0.0,0.00321446,-0.23372,0.701966,0.185303,-0.259141,1.0,10294.5,347.4,270.4,435.5,100.0,1.0
434811,2722,157,3.236023,1.0,-0.094625,0.0,0.0,0.00263621,-0.183687,0.787032,0.236618,-0.180354,1.0,10618.6,323.9,256.4,379.4,100.0,1.0
434973,2723,162,-0.142857,0.831222,1.0,0.010589,0.0,0.00307665,-0.508636,0.078989,-0.348939,-0.478298,1.0,7920.9,379.6,284.8,341.0,100.0,1.0
435133,2724,160,3.50636,0.300468,0.012619,0.0,0.000184,0.00253544,-0.156204,0.979575,0.377029,-0.296002,1.0,11352.2,403.1,209.9,678.4,100.0,1.0
435295,2725,162,1.374429,0.550623,0.106726,0.001942,0.000218,0.00232414,-0.278726,0.669689,0.296507,-0.41933,1.0,10171.5,437.9,223.6,930.1,100.0,1.0
435452,2726,157,3.697523,0.836527,-0.41658,0.0,0.000335,0.00301301,-0.209995,0.782799,0.336169,-0.297705,1.0,10602.5,377.4,279.4,426.8,100.0,1.0
435616,2727,164,2.042434,0.324654,0.924444,0.0,0.000343,0.00369152,-0.460194,0.149894,0.12864,-0.535104,1.0,8191.1,440.5,352.5,279.2,100.0,1.0
435776,2728,160,3.830966,1.0,-0.018116,0.0,0.0,0.00250699,-0.128442,1.0,0.386032,-0.223485,1.0,11623.6,374.2,208.0,565.7,100.0,1.0
435938,2729,162,5.066107,0.83454,-0.492865,0.0,0.0,0.00334863,-0.181911,0.894794,0.339596,-0.298563,1.0,11029.2,393.1,311.2,226.3,100.0,1.0
436105,2730,167,3.866995,0.522715,-0.144906,0.0,0.0,0.00267524,-0.171486,0.906441,0.083274,-0.188078,1.0,11073.5,341.0,247.2,495.4,100.0,1.0
436262,2731,157,3.324423,0.219931,-0.189305,0.0,4.4e-05,0.00264858,-0.179143,0.908934,0.12798,-0.230583,1.0,11083.0,360.1,254.9,595.5,100.0,1.0
436422,2732,160,0.748244,1.0,0.928181,0.0,0.0,0.0031617,-0.452647,0.085094,0.114994,-0.4514,1.0,7944.2,362.0,231.8,631.1,100.0,1.0
436576,2733,154,3.23411,0.445299,-0.361589,0.0,0.000464,0.00316972,-0.25786,0.592946,0.109158,-0.223374,1.0,9879.1,318.0,276.7,439.2,100.0,1.0
436732,2734,156,2.550093,0.2,-0.081721,0.000518,0.750078,0.00239587,-0.192145,0.857799,0.142134,-0.236026,1.0,10888.2,356.3,230.6,1018.5,100.0,1.0
436897,2735,165,-0.14907,0.827203,-0.277286,0.003331,0.000156,0.00255427,-0.432107,0.298415,-0.101471,-0.488544,1.0,8757.0,428.0,261.2,870.1,100.0,1.0
437060,2736,163,1.280871,0.2,0.834236,0.0,0.012317,0.00308256,-0.411267,0.351583,-0.089373,-0.467417,1.0,8959.5,420.6,276.7,654.5,100.0,1.0
437217,2737,157,2.931302,0.589196,-0.317659,0.023438,0.0,0.00289973,-0.246475,0.628541,0.157045,-0.23105,1.0,10014.7,325.6,254.7,354.2,100.0,1.0
437376,2738,159,3.521409,1.0,-0.225128,0.00955,0.0,0.00279517,-0.193601,0.869989,0.158688,-0.256556,1.0,10934.7,367.7,269.5,759.7,100.0,1.0
437539,2739,163,1.317842,0.609766,1.0,0.0,0.000336,0.0032425,-0.434713,0.263939,-0.071091,-0.478629,1.0,8625.6,413.6,334.3,352.3,100.0,1.0
437698,2740,159,3.56148,0.989757,0.909506,0.0,0.0,0.00318889,-0.253299,0.743868,-0.044837,-0.282609,1.0,10454.1,364.3,241.4,562.7,100.0,1.0
437863,2741,165,4.880475,0.695037,-0.263587,0.0,4.4e-05,0.00291007,-0.132406,1.0,0.493284,-0.272448,1.0,11703.7,402.2,257.0,705.9,100.0,1.0
438024,2742,161,0.893439,1.0,0.696803,0.023053,0.0,0.0031476,-0.443142,0.232475,-0.03559,-0.492339,1.0,8505.7,418.9,253.3,356.3,100.0,1.0
438179,2743,155,1.843916,0.454874,1.0,0.0,0.010955,0.00342817,-0.400009,0.20678,0.27336,-0.430132,1.0,8407.8,368.8,233.6,448.2,100.0,1.0
438343,2744,164,2.506846,1.0,-0.157392,0.0,0.000351,0.00282332,-0.284341,0.704063,0.256463,-0.453344,1.0,10302.5,471.2,228.6,713.7,100.0,1.0
438505,2745,162,4.63811,0.612298,1.0,0.0,0.000114,0.00315629,-0.180688,0.945648,0.181667,-0.284223,1.0,11222.9,392.0,281.9,506.7,100.0,1.0
438660,2746,155,3.513916,0.2,1.0,0.0,0.674427,0.00343702,-0.282247,0.511503,0.126664,-0.242629,1.0,9568.8,315.9,311.8,569.8,100.0,1.0
438818,2747,158,1.979907,0.766307,0.818235,0.0,0.0,0.00316034,-0.358179,0.307116,-0.102735,-0.248949,1.0,8790.1,292.6,211.9,446.9,100.0,1.0
438980,2748,162,2.830111,0.512328,-0.225114,0.0,0.0,0.00298259,-0.281377,0.744679,0.036648,-0.40404,1.0,10457.2,438.7,294.4,495.7,100.0,1.0
439139,2749,159,3.138834,0.2,-0.00451,0.0,0.054017,0.00236426,-0.152054,0.875133,0.174361,-0.127577,1.0,10954.3,313.9,222.7,770.5,100.0,1.0
439296,2750,157,2.455918,1.0,1.0,0.005922,0.0,0.00351594,-0.376902,0.438149,-0.248379,-0.372003,1.0,9289.3,369.8,312.1,305.4,100.0,1.0
439453,2751,157,2.059287,0.265519,-0.163252,0.000425,0.0,0.00286785,-0.303388,0.611866,0.212666,-0.425403,1.0,9951.2,433.0,306.1,512.7,100.0,1.0
439611,2752,158,6.568818,1.0,-0.233158,0.0,0.0,0.00354789,-0.091938,0.95213,0.253723,-0.01781,1.0,11247.6,286.3,341.9,282.9,100.0,1.0
439770,2753,159,1.453497,1.0,-0.317244,0.030513,0.000385,0.0026927,-0.324443,0.558276,-0.203066,-0.312351,1.0,9747.0,354.4,253.6,500.2,100.0,1.0
439930,2754,160,0.553077,0.2,1.0,0.000397,0.181538,0.00316233,-0.466556,0.201816,-0.029761,-0.54678,1.0,8388.9,462.7,299.5,487.4,100.0,1.0
440089,2755,159,0.554654,0.734456,0.058958,0.009056,0.000138,0.00160026,-0.214836,0.647412,0.047412,-0.104768,1.0,10086.6,281.7,153.6,917.7,100.0,1.0
440252,2756,163,1.780226,0.284676,-0.105113,0.000865,0.004698,0.00240228,-0.264532,0.700004,0.065008,-0.320112,1.0,10287.0,378.3,234.1,941.5,100.0,1.0
440410,2757,158,1.957117,1.0,0.918953,0.002405,0.0,0.00322355,-0.369684,0.360572,-0.054272,-0.348,1.0,8993.8,344.9,246.6,754.9,100.0,1.0
440569,2758,159,3.470752,0.46427,-0.108867,0.000411,0.0,0.00275815,-0.190836,0.855066,0.352839,-0.299623,1.0,10877.8,388.3,264.8,519.5,100.0,1.0
440725,2759,156,3.400266,0.357281,1.0,0.0,5.7e-05,0.00328132,-0.269205,0.544641,0.397254,-0.316968,1.0,9695.1,354.9,298.5,351.7,100.0,1.0
440884,2760,159,6.334444,0.281994,0.917425,0.0,0.0,0.00352432,-0.108167,0.917903,0.339122,-0.071849,1.0,11117.2,299.4,286.8,330.4,100.0,1.0
441043,2761,159,4.078762,1.0,0.71686,0.0,0.0,0.00329867,-0.233279,0.775369,0.180624,-0.317278,1.0,10574.2,387.2,296.8,437.3,100.0,1.0
441206,2762,163,1.917295,0.336883,-0.134576,0.008691,2.5e-05,0.00254697,-0.278257,0.668809,0.015303,-0.323298,1.0,10168.2,375.7,242.2,856.9,100.0,1.0
441367,2763,161,3.048238,0.468328,-0.13313,0.009507,0.0,0.0026308,-0.205872,0.764667,0.004422,-0.158268,1.0,10533.4,312.8,210.2,512.6,100.0,1.0
441526,2764,159,5.059589,0.728348,0.883557,0.0,0.000139,0.00369051,-0.225475,0.823752,0.158574,-0.324235,1.0,10758.5,398.0,324.5,402.9,100.0,1.0
441686,2765,160,-0.180102,0.620622,0.97094,0.004167,0.000268,0.00312103,-0.512292,0.112613,-0.286162,-0.53943,1.0,8049.1,436.9,295.6,433.4,100.0,1.0
441849,2766,163,3.998657,0.330771,-0.285586,0.0,0.243577,0.00271362,-0.156654,0.956219,0.308951,-0.255344,1.0,11263.2,378.1,253.0,723.6,100.0,1.0
442006,2767,157,3.587957,0.27916,-0.350791,0.0,0.050403,0.0031895,-0.244424,0.692552,0.082131,-0.252583,1.0,10258.6,343.1,285.7,392.5,100.0,1.0
442171,2768,165,0.036214,0.606196,0.99411,0.0,0.000207,0.00309149,-0.507569,0.079498,-0.163144,-0.537096,1.0,7922.9,427.9,280.0,436.1,100.0,1.0
442331,2769,160,1.475416,1.0,-0.478001,0.017039,0.0,0.00320213,-0.406951,0.308099,-0.124181,-0.405194,1.0,8793.9,369.6,281.4,385.1,100.0,1.0
442488,2770,157,1.197323,0.935964,0.662344,0.0,0.0,0.00321623,-0.419414,0.154617,0.276476,-0.452385,1.0,8209.1,374.8,318.3,228.3,100.0,1.0
442652,2771,164,4.433956,0.395977,-0.343101,0.006169,0.000458,0.00291777,-0.161566,1.0,0.226391,-0.280683,1.0,11591.2,402.9,280.2,527.5,100.0,1.0
442813,2772,161,4.439576,0.2,-0.199933,0.0,0.229451,0.00282709,-0.137772,0.946377,0.385579,-0.209747,1.0,11225.7,355.1,310.9,557.6,100.0,1.0
442973,2773,160,2.104692,0.847835,1.0,0.0,0.0,0.00315568,-0.354453,0.50458,-0.103031,-0.400983,1.0,9542.5,398.3,279.6,411.5,100.0,1.0
443135,2774,162,1.975931,0.78819,-0.28005,0.0,0.0,0.00257553,-0.275955,0.603415,0.094149,-0.287414,1.0,9919.0,348.0,242.4,647.5,100.0,1.0
443295,2775,160,4.155531,0.931184,1.0,0.0,0.0,0.00340999,-0.248465,0.695511,0.099663,-0.274365,1.0,10269.9,353.8,306.8,446.9,100.0,1.0
443448,2776,153,4.810154,1.0,-0.41525,0.015768,0.0,0.00359512,-0.206054,0.636702,0.146401,-0.099565,1.0,10045.8,278.9,369.7,232.1,100.0,1.0
443600,2777,152,5.172455,1.0,0.978607,0.0,0.0,0.00342232,-0.150182,0.875747,0.4091,-0.200095,1.0,10956.6,342.4,258.0,395.0,100.0,1.0
443759,2778,159,3.381631,1.0,0.958173,0.000552,0.0,0.00335234,-0.29112,0.64512,-0.046109,-0.325964,1.0,10077.9,373.8,271.4,442.6,100.0,1.0
443922,2779,163,5.0515,1.0,-0.329374,0.013286,0.000669,0.00327465,-0.172318,0.935399,0.194912,-0.252197,1.0,11183.9,373.9,300.7,334.2,100.0,1.0
444080,2780,158,2.556724,0.458941,-0.149714,0.017556,9.7e-05,0.0026847,-0.241211,0.66361,0.12534,-0.232159,1.0,10148.4,330.4,241.7,755.1,100.0,1.0
444240,2781,160,1.774361,0.537721,-0.292979,0.0,0.000358,0.00292501,-0.341031,0.440047,0.170648,-0.393691,1.0,9296.6,383.3,263.7,590.5,100.0,1.0
444399,2782,159,4.865077,1.0,-0.36018,0.0,0.0,0.00312398,-0.148475,0.987721,0.25029,-0.234781,1.0,11383.2,371.9,287.5,353.3,100.0,1.0
444549,2783,150,1.294032,1.0,0.853651,0.0,0.0,0.00344389,-0.423997,0.197765,0.163176,-0.465853,1.0,8373.5,391.9,311.4,270.0,100.0,1.0
444714,2784,165,1.695478,0.2,-0.299981,0.0,0.350567,0.00270099,-0.324292,0.558054,0.019737,-0.385929,1.0,9746.2,396.8,256.9,747.6,100.0,1.0
444873,2785,159,6.428357,1.0,0.96353,0.0,0.0,0.003703,-0.128481,1.0,0.219848,-0.16822,1.0,11484.6,345.2,337.8,284.2,100.0,1.0
445033,2786,160,-1.682035,0.862297,-0.375575,0.0,8.6e-05,0.00265356,-0.5451,-0.039404,-0.25634,-0.532051,1.0,7469.9,399.1,278.5,693.8,100.0,1.0
445204,2787,171,1.73261,0.2,0.918632,0.0,0.350929,0.00309762,-0.405639,0.375353,0.024044,-0.506272,1.0,9050.1,458.3,284.8,540.1,100.0,1.0
445364,2788,160,3.103627,1.0,-0.248198,0.0,0.000112,0.00249719,-0.177217,0.969027,0.338432,-0.34439,1.0,11312.0,431.4,260.7,546.0,100.0,1.0
445529,2789,165,4.903553,0.42641,0.99241,0.00572,0.0,0.0034235,-0.213617,0.899834,0.158094,-0.347949,1.0,11048.4,423.6,316.9,475.9,100.0,1.0
445691,2790,162,1.30909,1.0,-0.11491,0.011137,0.000249,0.00253095,-0.316226,0.601064,-0.061941,-0.36766,1.0,9910.1,391.8,226.5,597.5,100.0,1.0
445840,2791,149,0.027854,1.0,-0.44237,0.001419,0.0,0.00323043,-0.47941,0.093273,-0.358939,-0.389449,1.0,7975.4,326.6,289.2,241.2,100.0,1.0
446001,2792,161,2.686158,0.67199,1.0,0.000811,0.0,0.00338932,-0.353233,0.441085,-0.123508,-0.337178,1.0,9300.5,350.8,357.6,178.5,100.0,1.0
446158,2793,157,2.423823,0.353228,-0.293353,0.0,0.000762,0.00277093,-0.261319,0.641486,0.098505,-0.271802,1.0,10064.1,345.5,203.7,552.1,100.0,1.0
446322,2794,164,3.616231,1.0,0.831513,0.0,0.0,0.00352772,-0.319387,0.58343,-0.08746,-0.354994,1.0,9842.9,381.5,306.3,372.6,100.0,1.0
446486,2795,164,1.834388,0.742895,0.868175,0.0,0.0,0.00311327,-0.379093,0.341547,-0.062923,-0.360624,1.0,8921.3,348.8,208.8,647.1,100.0,1.0
446647,2796,161,3.727763,1.0,-0.236673,0.0,0.0,0.00279186,-0.182207,0.858013,0.167552,-0.211551,1.0,10889.0,345.3,206.3,665.3,100.0,1.0
446809,2797,162,3.045049,0.717347,-0.359643,0.009974,1.9e-05,0.00300395,-0.26832,0.737334,0.022216,-0.349584,1.0,10429.2,400.9,293.6,603.0,100.0,1.0
446972,2798,163,4.784622,1.0,-0.034938,0.0,0.0,0.00289081,-0.128103,0.908067,0.297883,-0.11636,1.0,11079.7,313.5,323.7,564.5,100.0,1.0
447127,2799,155,3.02373,1.0,0.965303,0.0,0.0,0.00310939,-0.265107,0.620299,0.124129,-0.275316,1.0,9983.3,344.4,251.4,577.8,100.0,1.0
447287,2800,160,2.341235,1.0,-0.144868,0.0,0.0,0.00239838,-0.215814,0.730867,0.07709,-0.187467,1.0,10404.6,320.1,202.2,916.3,100.0,1.0
447449,2801,162,5.098394,0.2,1.0,0.0,0.35635,0.00348974,-0.199681,0.8598,0.101167,-0.249158,1.0,10895.8,362.8,335.8,441.5,100.0,1.0
447604,2802,155,2.823941,0.299088,-0.243589,0.006391,0.000981,0.00264476,-0.207357,0.829268,0.280921,-0.309222,1.0,10779.5,390.1,271.9,581.0,100.0,1.0
447763,2803,159,1.965202,1.0,-0.324666,0.000986,0.0,0.00291771,-0.322963,0.422377,-0.163833,-0.207245,1.0,9229.3,291.1,274.4,520.7,100.0,1.0
447923,2804,160,3.319114,0.2,-0.183142,0.0,0.007022,0.00233419,-0.135326,1.0,0.204268,-0.185841,1.0,11739.8,360.5,229.9,808.8,100.0,1.0
448077,2805,154,3.658978,1.0,-0.115476,0.006196,0.0,0.00246555,-0.117172,1.0,0.173835,-0.115186,1.0,11663.9,329.6,245.7,471.6,100.0,1.0
448240,2806,163,0.871802,0.819331,-0.452372,0.020997,0.000504,0.00303839,-0.43279,0.24831,-0.315942,-0.377579,1.0,8566.1,344.1,381.2,402.5,100.0,1.0
448399,2807,159,4.612496,1.0,1.0,0.015064,0.0,0.00375663,-0.266356,0.655676,0.212065,-0.338271,1.0,10118.1,382.3,352.5,213.7,100.0,1.0
448554,2808,155,-0.942492,0.2,0.972573,0.018846,0.029618,0.0031434,-0.554945,-0.074658,-0.368983,-0.49794,1.0,7335.6,365.3,324.8,687.8,100.0,1.0
448712,2809,158,3.496518,0.537739,-0.290642,0.004824,0.0,0.00289137,-0.205853,0.85982,0.183307,-0.297128,1.0,10895.9,387.5,282.4,523.8,100.0,1.0
448875,2810,163,4.752104,0.694237,-0.182183,0.0,4.9e-05,0.00276297,-0.109219,0.96534,0.291108,-0.098882,1.0,11297.9,313.4,210.3,638.4,100.0,1.0
449037,2811,162,1.674749,0.458095,-0.342803,0.022313,0.001216,0.00282727,-0.337808,0.477036,-0.099678,-0.323664,1.0,9437.5,348.8,230.8,774.0,100.0,1.0
449192,2812,155,5.204019,1.0,-0.296477,0.0,0.0,0.00307165,-0.102469,1.0,0.097204,-0.040631,1.0,11829.4,308.3,313.7,296.9,100.0,1.0
449347,2813,155,3.882192,0.523278,-0.116486,0.009287,0.000148,0.00245978,-0.102495,0.958658,0.287156,-0.069584,1.0,11272.5,302.9,196.1,913.7,100.0,1.0
449506,2814,159,1.351885,1.0,-0.271957,0.0,0.000497,0.00249001,-0.298842,0.584537,0.020911,-0.323557,1.0,9847.1,363.9,220.0,575.6,100.0,1.0
449658,2815,152,3.531334,1.0,1.0,0.0,0.0,0.00358383,-0.291205,0.492386,0.057178,-0.233398,1.0,9496.0,309.7,299.3,381.2,100.0,1.0
449813,2816,155,2.421643,0.2,-0.226625,0.003565,0.213652,0.00236687,-0.192942,0.750351,0.045737,-0.117011,1.0,10478.8,296.7,192.6,1214.6,100.0,1.0
449974,2817,161,3.442461,1.0,-0.234716,0.0,0.0,0.00264374,-0.178408,0.81366,0.020284,-0.112838,1.0,10720.0,302.1,247.5,617.1,100.0,1.0
450133,2818,159,3.282778,0.306147,1.0,0.013251,0.000164,0.0032138,-0.275238,0.702167,0.148847,-0.385548,1.0,10295.3,418.9,306.6,519.0,100.0,1.0
450290,2819,157,0.381422,1.0,-0.343159,0.0,0.0,0.00282696,-0.416467,0.177421,-0.102313,-0.335303,1.0,8296.0,312.0,270.7,563.5,100.0,1.0
450452,2820,162,4.965442,0.804981,0.991064,0.0,8.9e-05,0.00356647,-0.221102,0.830699,0.193281,-0.327017,1.0,10785.0,400.6,342.0,375.5,100.0,1.0
450608,2821,156,1.58231,0.907076,-0.347293,0.0,0.0005,0.00263818,-0.29788,0.481504,-0.060476,-0.207363,1.0,9454.5,298.2,221.3,629.2,100.0,1.0
450769,2822,161,3.854601,0.857734,-0.213889,0.0,0.000499,0.00255936,-0.135104,1.0,0.154936,-0.168658,1.0,11541.5,347.1,259.3,463.4,100.0,1.0
450924,2823,155,3.868805,0.2,-0.222382,0.018764,0.069909,0.00274103,-0.14688,0.786624,0.146094,-0.027152,1.0,10617.0,272.8,260.9,793.1,100.0,1.0
451077,2824,153,1.904833,0.51905,0.837831,0.008645,0.0,0.00317959,-0.349629,0.448981,0.003904,-0.374214,1.0,9330.6,372.8,312.1,521.5,100.0,1.0
451235,2825,158,4.781197,0.534511,-0.229277,0.000458,0.000109,0.00265114,-0.075295,1.0,0.17546,0.023864,1.0,11683.9,285.3,240.2,556.4,100.0,1.0
451395,2826,160,1.44971,0.668768,-0.21067,0.001143,0.000688,0.00242484,-0.283796,0.460243,0.025087,-0.171218,1.0,9373.5,282.8,209.3,653.6,100.0,1.0
451552,2827,157,4.008944,0.812152,-0.323521,0.0,0.0,0.00277571,-0.147684,0.888636,0.102457,-0.100297,1.0,11005.7,305.8,255.9,354.6,100.0,1.0
451709,2828,157,0.332133,1.0,1.0,0.000127,0.0,0.00317312,-0.474358,0.122616,-0.273108,-0.425669,1.0,8087.2,352.0,284.0,373.8,100.0,1.0
451866,2829,157,3.196867,1.0,1.0,0.0,0.0,0.0033592,-0.297645,0.573967,0.140748,-0.350704,1.0,9806.8,377.6,311.0,287.0,100.0,1.0
452029,2830,163,0.626348,0.2,-0.194182,0.00061,0.00043,0.00249141,-0.361103,0.399007,-0.163717,-0.314945,1.0,9140.2,333.6,267.6,882.6,100.0,1.0
452190,2831,161,2.145418,0.327203,-0.285972,0.0,0.000252,0.00258077,-0.261282,0.61109,0.064912,-0.235154,1.0,9948.3,325.2,225.1,855.5,100.0,1.0
452346,2832,156,5.558728,0.2,-0.115337,0.013935,0.351329,0.00289551,-0.052075,1.0,0.447907,0.010448,1.0,12752.6,315.5,301.8,552.1,100.0,1.0
452503,2833,157,1.843189,0.2,-0.306154,0.0,4.9e-05,0.00268912,-0.289689,0.484153,-0.156849,-0.150142,1.0,9464.6,278.4,268.4,810.7,100.0,1.0
452664,2834,161,3.396018,0.562562,-0.184327,0.0,0.000113,0.00261176,-0.176312,0.887814,0.200116,-0.227591,1.0,11002.6,356.1,248.4,648.9,100.0,1.0
452826,2835,162,2.897348,0.310442,-0.327778,0.010764,0.00024,0.0029608,-0.271346,0.692917,-0.07846,-0.289096,1.0,10260.0,360.8,266.1,769.9,100.0,1.0
452991,2836,165,2.877975,0.28062,0.946977,0.0,0.172168,0.00318105,-0.317944,0.535962,-0.067459,-0.317295,1.0,9662.0,353.8,305.1,421.5,100.0,1.0
453150,2837,159,1.608696,1.0,0.984812,0.0,0.0,0.00322562,-0.397206,0.274431,-0.206745,-0.317132,1.0,8665.6,317.2,310.2,505.9,100.0,1.0
453319,2838,169,5.651353,1.0,0.991245,0.0,0.0,0.00338172,-0.165018,0.940403,0.096649,-0.199278,1.0,11202.9,349.8,294.1,441.6,100.0,1.0
453476,2839,157,3.105267,0.704932,1.0,0.001493,0.0,0.00311538,-0.265725,0.631455,0.402812,-0.379567,1.0,10025.8,404.0,243.9,475.7,100.0,1.0
453636,2840,160,2.326057,0.560106,0.91171,0.009346,0.0,0.00313212,-0.333813,0.453902,0.019911,-0.33093,1.0,9349.4,349.3,258.7,531.4,100.0,1.0
453789,2841,153,1.566938,0.123033,0.915972,0.0,0.0,0.00327459,-0.388304,0.208991,0.096909,-0.334144,1.0,8416.3,316.0,282.2,317.9,100.0,1.0
453951,2842,162,1.83848,0.497945,-0.085938,0.0,0.000355,0.00248955,-0.271026,0.589668,0.016545,-0.23366,1.0,9866.6,321.9,240.9,992.7,100.0,1.0
454116,2843,165,2.029784,0.462407,-0.172541,0.000581,0.0,0.00276051,-0.309439,0.544855,0.090622,-0.34905,1.0,9695.9,372.4,268.4,563.1,100.0,1.0
454282,2844,166,2.460834,0.929099,-0.21076,0.0,0.00014,0.00259461,-0.253617,0.802327,0.056006,-0.365999,1.0,10676.9,421.0,292.4,637.5,100.0,1.0
454443,2845,161,4.159802,0.2,-0.286176,0.003079,0.0,0.00267347,-0.131042,0.947071,0.004995,-0.061029,1.0,11228.3,299.0,248.4,900.9,100.0,1.0
454603,2846,160,3.695064,-0.001651,-0.276117,0.010422,0.000145,0.00274448,-0.173167,0.916677,-0.033247,-0.163372,1.0,11112.5,332.1,255.8,867.5,100.0,1.0
454765,2847,162,1.681515,0.419996,-0.347299,0.0,0.0,0.00253919,-0.290326,0.563254,-0.065772,-0.248542,1.0,9766.0,324.9,217.1,610.4,100.0,1.0
454923,2848,158,3.480709,-0.055546,-0.34757,0.004775,0.0,0.00324648,-0.262435,0.67341,0.034793,-0.280888,1.0,10185.7,354.1,301.8,383.7,100.0,1.0
455082,2849,159,1.156746,1.0,-0.461439,0.0,0.0,0.0028451,-0.369134,0.234053,-0.268631,-0.16928,1.0,8511.7,256.2,287.3,407.9,100.0,1.0
455241,2850,159,1.901416,0.678095,0.69746,0.03011,0.0,0.00324783,-0.379555,0.279095,-0.103838,-0.296485,1.0,8683.4,308.6,316.8,589.3,100.0,1.0
455400,2851,159,3.186151,1.0,1.0,0.0,0.0,0.00327064,-0.290639,0.558084,-0.012227,-0.263126,1.0,9746.3,330.7,295.2,372.4,100.0,1.0
455560,2852,160,3.283702,1.0,-0.219763,0.0,0.00026,0.002854,-0.220191,0.726556,0.191989,-0.236763,1.0,10388.2,340.3,244.2,417.5,100.0,1.0
455719,2853,159,2.692249,0.557213,-0.079209,0.0,3e-05,0.00271641,-0.238034,0.77215,0.071358,-0.294026,1.0,10561.9,374.0,319.1,539.6,100.0,1.0
455877,2854,158,3.80034,0.700182,-0.195798,0.0,0.0,0.00281712,-0.171396,0.886961,0.231725,-0.221028,1.0,10999.3,353.0,219.8,522.3,100.0,1.0
456034,2855,157,-0.832745,0.2,0.891424,0.0,0.352609,0.00295572,-0.52408,-0.018818,-0.339863,-0.451296,1.0,7548.3,343.9,284.2,578.5,100.0,1.0
456195,2856,161,3.292215,0.430934,0.897263,0.008547,0.0,0.0030105,-0.247558,0.700275,0.234378,-0.320216,1.0,10288.0,378.4,251.3,667.5,100.0,1.0
456352,2857,157,4.882826,0.29346,-0.280385,0.0,0.056217,0.00293368,-0.108853,1.0,0.150886,-0.079806,1.0,12009.3,326.3,295.8,487.6,100.0,1.0
456516,2858,164,2.525935,0.498289,0.998019,0.0,0.000587,0.00332594,-0.363529,0.504963,-0.122086,-0.425204,1.0,9543.9,415.1,370.6,347.9,100.0,1.0
456676,2859,160,3.869593,1.0,-0.01669,0.016862,9.7e-05,0.00267134,-0.148602,0.918343,0.045746,-0.109207,1.0,11118.9,312.1,255.3,718.9,100.0,1.0
456835,2860,159,2.220032,1.0,-0.211672,0.000623,0.000129,0.00253624,-0.243304,0.724737,-0.039184,-0.235231,1.0,10381.2,339.4,288.6,642.0,100.0,1.0
456996,2861,161,4.658358,0.2,-0.382659,0.015006,0.35,0.00290265,-0.131657,1.0,0.463947,-0.260171,1.0,11917.8,402.7,317.7,630.0,100.0,1.0
457156,2862,160,-0.931116,-0.071729,-0.468649,0.0,0.458843,0.00285273,-0.523584,0.04491,-0.437287,-0.470276,1.0,7791.1,367.7,252.3,669.5,100.0,1.0
457315,2863,159,3.602673,0.225617,-0.15371,0.0,0.042976,0.00253851,-0.143982,0.862258,0.150451,-0.081972,1.0,10905.2,297.0,227.0,712.2,100.0,1.0
457477,2864,162,3.839881,1.0,-0.44344,0.013404,0.0,0.0034861,-0.288059,0.604102,-0.012953,-0.292632,1.0,9921.6,350.7,356.8,339.4,100.0,1.0
457642,2865,165,4.576919,0.2,-0.370584,0.0,0.146806,0.00320984,-0.199706,0.874721,-0.046888,-0.212325,1.0,10952.7,347.6,339.0,437.9,100.0,1.0
457800,2866,158,2.498209,0.2,-0.363934,0.013984,0.355736,0.0028245,-0.26616,0.685411,0.09056,-0.321894,1.0,10231.4,377.2,236.7,885.3,100.0,1.0
457966,2867,166,1.523231,0.528106,-0.2971,0.0,0.000164,0.00295708,-0.381086,0.424903,-0.129036,-0.414695,1.0,9238.9,394.6,291.1,604.1,100.0,1.0
458118,2868,152,4.33782,1.0,-0.204921,0.01589,0.0,0.00287961,-0.124875,0.894223,0.31917,-0.101158,1.0,11027.0,306.7,261.9,565.0,100.0,1.0
458279,2869,161,5.351641,0.956553,-0.303342,0.0,0.000108,0.00314525,-0.120427,1.0,0.240819,-0.148362,1.0,11561.0,339.4,314.2,682.9,100.0,1.0
458435,2870,156,3.489264,0.2,-0.286371,0.003218,0.00023,0.0031568,-0.24081,0.756572,0.031723,-0.277085,1.0,10502.5,363.2,346.8,390.6,100.0,1.0
458601,2871,166,2.156474,0.462917,-0.323375,0.010074,7e-06,0.00267066,-0.28779,0.596917,-0.145543,-0.241548,1.0,9894.3,326.1,291.6,550.0,100.0,1.0
458763,2872,162,2.929532,0.833831,0.053324,0.0,0.0,0.00267921,-0.222698,0.7697,0.196526,-0.282586,1.0,10552.6,367.7,331.8,780.0,100.0,1.0
458921,2873,158,3.696638,0.30861,-0.267066,0.0,0.0,0.00290228,-0.191859,0.851509,0.108343,-0.21857,1.0,10864.2,347.6,294.7,510.8,100.0,1.0
459081,2874,160,4.344281,0.221864,-0.242446,0.037649,0.000375,0.00270389,-0.119167,0.984848,0.156647,-0.10348,1.0,11372.3,317.1,272.6,669.3,100.0,1.0
459244,2875,163,3.563631,0.859356,-0.25573,0.0,0.0,0.00291498,-0.218002,0.767646,0.198801,-0.265978,1.0,10544.7,359.1,293.6,500.2,100.0,1.0
459405,2876,161,5.298094,1.0,0.786487,0.0,0.000302,0.00353488,-0.186799,0.828307,0.025713,-0.154824,1.0,10775.8,318.7,347.4,352.2,100.0,1.0
459558,2877,153,4.29771,1.0,-0.012637,0.0,0.0,0.00230717,-0.042788,0.998567,0.176669,0.133012,1.0,11424.5,252.1,223.8,599.2,100.0,1.0
459714,2878,156,4.105171,0.2,-0.238777,0.002101,0.283593,0.00278719,-0.138516,0.95481,0.349583,-0.207256,1.0,11257.8,355.0,277.7,669.0,100.0,1.0
459880,2879,166,3.059614,0.113971,-0.243601,0.008631,0.000139,0.00248204,-0.191176,0.740553,0.098116,-0.120418,1.0,10441.5,296.8,231.5,769.4,100.0,1.0
460037,2880,157,3.289245,0.2,0.020325,0.0,0.035303,0.00221605,-0.11049,0.840524,0.167735,0.04202,1.0,10822.4,259.6,208.5,947.7,100.0,1.0
460194,2881,157,0.801618,0.2,-0.175688,0.0,0.301353,0.00207655,-0.268147,0.634662,-0.05182,-0.238769,1.0,10038.1,329.7,241.4,922.7,100.0,1.0
460355,2882,161,3.818241,-0.033655,1.0,0.016946,0.0,0.00313328,-0.228887,0.656525,0.069049,-0.16641,1.0,10121.4,303.5,312.8,340.8,100.0,1.0
460515,2883,160,4.477078,0.212331,1.0,0.008054,0.000171,0.00325106,-0.197011,0.89896,0.087683,-0.268398,1.0,11045.0,377.4,336.8,395.0,100.0,1.0
460674,2884,159,2.106484,0.2,-0.264011,0.008191,0.000733,0.00263645,-0.267142,0.587173,0.072646,-0.237333,1.0,9857.1,323.1,233.2,744.5,100.0,1.0
460831,2885,157,4.449033,0.2,-0.245284,0.0,0.47765,0.00275119,-0.110754,1.0,0.23878,-0.11544,1.0,11469.3,324.2,297.3,752.0,100.0,1.0
460994,2886,163,5.473891,0.084902,-0.243804,0.00484,0.0,0.00307736,-0.106422,1.0,0.421306,-0.16184,1.0,11867.0,354.0,339.2,389.1,100.0,1.0
461153,2887,159,1.257822,1.0,-0.439778,0.001773,0.0,0.00291599,-0.37285,0.406764,-0.09764,-0.382589,1.0,9169.8,371.3,333.0,434.8,100.0,1.0
461313,2888,160,4.383016,0.514796,-0.177771,0.005228,0.000827,0.00302061,-0.166817,0.811297,0.007561,-0.067992,1.0,10711.0,287.3,327.1,364.2,100.0,1.0
461475,2889,162,3.381445,1.0,-0.255704,0.0,0.0,0.00300095,-0.241973,0.811505,0.001421,-0.316639,1.0,10711.8,391.9,312.0,505.1,100.0,1.0
461637,2890,162,3.113111,0.756224,-0.233748,0.0,0.000156,0.0026206,-0.199685,0.844807,0.034416,-0.214427,1.0,10838.7,344.9,256.2,536.2,100.0,1.0
461803,2891,166,1.569762,0.2,0.983338,0.0,0.356177,0.00301737,-0.387529,0.477455,-0.169945,-0.466327,1.0,9439.1,442.2,293.7,626.1,100.0,1.0
461961,2892,158,2.742638,1.0,-0.323857,0.000752,0.000115,0.00289025,-0.25856,0.65266,0.087489,-0.268245,1.0,10106.6,345.3,323.6,423.6,100.0,1.0
462127,2893,166,3.301771,0.420825,0.978857,0.0,0.0,0.0032085,-0.294116,0.526649,-0.0594,-0.232795,1.0,9626.5,313.7,315.9,598.6,100.0,1.0
462284,2894,157,4.123277,0.2,-0.276703,0.0,0.010026,0.00279647,-0.141141,0.968816,0.107034,-0.146828,1.0,11311.2,331.4,301.3,486.7,100.0,1.0
462442,2895,158,4.124581,0.802772,1.0,0.0,2e-06,0.00335247,-0.231691,0.755524,0.068645,-0.258122,1.0,10498.5,353.8,294.2,360.8,100.0,1.0
462600,2896,158,4.172515,0.9581,1.0,0.0,0.0,0.0032292,-0.208705,0.830493,0.07714,-0.246809,1.0,10784.2,357.9,300.5,456.3,100.0,1.0
462762,2897,162,4.67329,0.2,-0.259261,0.0,6.2e-05,0.00323954,-0.187092,0.889089,0.119709,-0.237784,1.0,11007.4,361.0,317.9,418.4,100.0,1.0
462922,2898,160,1.394396,1.0,1.0,0.004733,5.7e-05,0.00346787,-0.454138,0.21848,-0.170494,-0.472363,1.0,8452.4,400.5,391.2,212.9,100.0,1.0
463084,2899,162,4.016626,0.282302,-0.282634,0.0,0.000377,0.00273511,-0.152717,0.817851,0.129595,-0.06713,1.0,10736.0,287.7,209.3,920.1,100.0,1.0
463244,2900,160,5.034801,1.0,-0.241219,0.0,0.0,0.00296025,-0.109645,0.774337,0.172348,0.098453,1.0,10570.2,240.6,298.7,410.0,100.0,1.0
463406,2901,162,2.333576,0.2,-0.342688,0.0,0.000473,0.00289784,-0.300745,0.649948,-0.177814,-0.318168,1.0,10096.3,370.2,342.0,616.2,100.0,1.0
463569,2902,163,2.240988,0.2,0.843108,0.016975,0.000991,0.00310887,-0.344724,0.495313,0.0964,-0.427307,1.0,9507.1,415.0,307.1,417.6,100.0,1.0
463729,2903,160,2.377427,0.807255,-0.304858,0.0,7e-06,0.00295159,-0.300348,0.483887,0.00555,-0.239581,1.0,9463.6,311.1,285.1,652.7,100.0,1.0
463883,2904,154,3.369373,1.0,-0.097536,0.0,0.000277,0.00282518,-0.191401,0.808645,0.162038,-0.199221,1.0,10700.9,334.1,278.0,536.2,100.0,1.0
464037,2905,154,3.275153,1.0,-0.229957,0.0,0.0,0.00288336,-0.207167,0.683128,-0.002243,-0.092417,1.0,10222.7,281.6,255.1,672.2,100.0,1.0
464192,2906,155,3.264902,0.829201,-0.307499,0.0,0.0,0.00271737,-0.185051,0.752163,0.197303,-0.142741,1.0,10485.7,305.8,314.4,275.6,100.0,1.0
464353,2907,161,2.975098,1.0,-0.241715,0.0,0.0,0.00263108,-0.208418,0.77272,-0.017549,-0.166144,1.0,10564.1,316.7,291.4,798.3,100.0,1.0
464513,2908,160,1.613994,0.414596,-0.124876,0.0,0.000365,0.00248501,-0.280871,0.572094,-0.015722,-0.241074,1.0,9799.7,322.8,291.3,708.1,100.0,1.0
464674,2909,161,6.513969,1.0,-0.179545,0.007444,4.1e-05,0.00325911,-0.0535,1.0,0.213197,0.083934,1.0,11885.8,274.1,351.0,435.7,100.0,1.0
464833,2910,159,3.675899,1.0,-0.287925,0.007112,0.000324,0.00278094,-0.176212,0.723736,0.213867,-0.09511,1.0,10377.4,286.7,237.5,793.9,100.0,1.0
464993,2911,160,3.558346,0.930195,-0.237566,0.0,3e-05,0.00286555,-0.201032,0.696336,0.204778,-0.15198,1.0,10273.0,302.9,275.1,537.2,100.0,1.0
465154,2912,161,3.757747,0.2,-0.092323,0.002847,0.258621,0.00257404,-0.142511,0.999849,0.262457,-0.229062,1.0,11429.4,370.6,295.0,919.7,100.0,1.0
465319,2913,165,3.129989,0.688097,-0.042058,0.0,4.6e-05,0.00267874,-0.215511,0.827644,0.199228,-0.307816,1.0,10773.3,389.1,319.5,798.2,100.0,1.0
465477,2914,158,2.316898,0.256636,-0.324651,0.008629,0.000174,0.00268083,-0.255909,0.554326,-0.06392,-0.126995,1.0,9732.0,278.7,257.3,479.3,100.0,1.0
465640,2915,163,2.649726,0.653449,-0.212849,0.0,0.0,0.00243446,-0.205054,0.758613,0.142022,-0.196366,1.0,10510.3,327.0,209.6,769.0,100.0,1.0
465799,2916,159,3.57282,1.0,-0.434654,0.0,0.0,0.00295187,-0.210787,0.699688,0.125138,-0.160743,1.0,10285.8,306.4,300.9,462.5,100.0,1.0
465954,2917,155,4.518166,0.764834,0.858899,0.010287,0.0,0.0032757,-0.180721,0.726521,0.136787,-0.086766,1.0,10388.0,284.4,297.4,413.5,100.0,1.0
466114,2918,160,1.60747,0.509184,-0.273761,0.022562,3.9e-05,0.00251407,-0.285895,0.546678,-0.091169,-0.211492,1.0,9702.8,307.6,234.4,695.3,100.0,1.0
466276,2919,162,4.604574,1.0,-0.363061,0.0,0.0,0.00306332,-0.16296,0.858083,0.220978,-0.16526,1.0,10889.3,326.1,317.7,370.4,100.0,1.0
466436,2920,160,3.602995,1.0,-0.192058,0.0,8e-05,0.00282765,-0.191598,0.715406,-0.110357,-0.03138,1.0,10345.7,267.0,295.5,538.5,100.0,1.0
466589,2921,153,4.650475,0.669014,-0.294709,0.005706,0.000129,0.00299344,-0.121297,0.812682,-0.00597,0.087099,1.0,10716.3,246.4,334.5,436.6,100.0,1.0
466745,2922,156,4.750964,1.0,-0.212075,0.0,0.0,0.00304496,-0.130999,0.789745,0.170162,0.01516,1.0,10628.9,261.8,291.9,263.6,100.0,1.0
466899,2923,154,1.780133,1.0,-0.419984,0.0,0.0,0.00282607,-0.30632,0.450919,-0.007718,-0.227594,1.0,9338.0,302.2,271.5,386.2,100.0,1.0
467059,2924,160,1.868406,0.2,-0.140258,0.0,0.186763,0.00243748,-0.254688,0.685311,-0.061226,-0.232977,1.0,10231.0,333.5,290.8,719.4,100.0,1.0
467216,2925,157,2.05733,0.81352,-0.345771,0.000405,0.000162,0.00280402,-0.29126,0.474349,-0.11234,-0.162044,1.0,9427.3,281.3,309.3,485.7,100.0,1.0
467377,2926,161,3.43605,0.091996,0.868826,0.006281,0.000139,0.00322467,-0.270338,0.596572,0.016966,-0.23726,1.0,9892.9,324.3,332.3,570.5,100.0,1.0
467540,2927,163,2.796412,0.826518,-0.238959,0.0,5e-06,0.00252075,-0.208326,0.805014,-0.012311,-0.194494,1.0,10687.1,331.7,232.5,558.8,100.0,1.0
467702,2928,162,2.496722,0.978513,-0.278382,0.0,3.5e-05,0.00271675,-0.259288,0.662857,0.121725,-0.290582,1.0,10145.5,357.5,351.0,556.8,100.0,1.0
467855,2929,153,2.90747,-0.05706,-0.203853,0.008991,9e-06,0.00263119,-0.191959,0.487041,0.011776,0.117011,1.0,9475.6,212.1,266.2,368.2,100.0,1.0
468017,2930,162,5.261697,0.51012,-0.02705,0.0,4.5e-05,0.00283336,-0.077834,1.0,0.352145,-0.043496,1.0,12572.8,328.6,336.4,858.1,100.0,1.0
468169,2931,152,2.881574,1.0,-0.259296,0.0,0.0,0.00309513,-0.261711,0.586693,0.077595,-0.220478,1.0,9855.3,316.1,299.3,413.8,100.0,1.0
468334,2932,165,5.036284,0.354633,-0.290421,0.00675,0.18972,0.00291514,-0.116082,1.0,0.349792,-0.170204,1.0,11940.9,359.8,337.8,553.8,100.0,1.0
468491,2933,157,4.642537,1.0,-0.311638,0.0,0.0,0.00329483,-0.180873,0.699367,-0.005705,-0.017149,1.0,10284.6,261.6,315.9,288.9,100.0,1.0
468652,2934,161,3.729455,0.2,-0.185345,0.0,0.0,0.0026763,-0.16059,1.0,0.159341,-0.255079,1.0,11719.0,393.3,323.8,448.6,100.0,1.0
468815,2935,163,3.7674,0.625589,-0.480269,0.00071,0.0,0.00289911,-0.199504,0.823488,0.126639,-0.2268,1.0,10757.5,347.8,289.7,439.1,100.0,1.0
468978,2936,163,1.615389,0.405152,-0.31347,0.0,0.000531,0.00299623,-0.371339,0.395943,-0.16654,-0.345569,1.0,9128.5,348.7,279.8,485.3,100.0,1.0
469133,2937,155,5.301372,0.715396,-0.073807,0.0,0.000231,0.00264518,-0.025682,1.0,0.183492,0.186564,1.0,11529.8,242.9,283.3,424.7,100.0,1.0
469288,2938,155,4.221386,0.551786,-0.007744,0.0,5.9e-05,0.00227459,-0.046524,0.93783,0.332004,0.119394,1.0,11193.1,250.0,223.2,687.0,100.0,1.0
469447,2939,159,4.589179,0.989161,-0.051132,0.0,0.000225,0.00265552,-0.089543,0.905278,0.249647,0.030574,1.0,11069.1,268.5,289.1,517.7,100.0,1.0
469604,2940,157,2.565174,0.899578,-0.215929,0.0,0.0,0.0027362,-0.24363,0.497868,-0.030089,-0.050294,1.0,9516.9,250.5,275.9,652.3,100.0,1.0
469763,2941,159,2.254024,0.501141,-0.275299,0.0,0.0,0.00282382,-0.285587,0.60433,0.017602,-0.294765,1.0,9922.5,351.7,312.4,495.8,100.0,1.0
469921,2942,158,3.851068,0.51365,-0.144424,0.0,0.0,0.00249991,-0.115773,0.783927,0.014838,0.122538,1.0,10606.8,236.2,246.2,635.0,100.0,1.0
470076,2943,155,2.96885,1.0,-0.393938,0.0,0.0,0.00285554,-0.227371,0.577645,0.106072,-0.107965,1.0,9820.8,275.2,287.3,396.7,100.0,1.0
470238,2944,162,4.619008,0.2,0.058739,0.0,0.073661,0.00244278,-0.060819,0.927005,0.332251,0.080683,1.0,11151.9,258.0,273.5,822.0,100.0,1.0
470399,2945,161,3.669213,0.2,-0.203736,0.0,0.350192,0.00257862,-0.149113,0.793097,0.115677,-0.029849,1.0,10641.7,274.2,249.3,812.5,100.0,1.0
470566,2946,167,4.558116,0.2,-0.173989,0.0,0.350137,0.00258801,-0.10168,1.0,0.37424,-0.130347,1.0,12525.3,360.1,273.5,590.1,100.0,1.0
470730,2947,164,3.842895,1.0,-0.300614,0.0,0.000499,0.00267132,-0.159439,0.892584,0.141851,-0.1559,1.0,11020.7,326.4,257.2,671.2,100.0,1.0
470894,2948,164,3.435403,0.113244,-0.350875,0.01832,0.000209,0.00278395,-0.207461,0.638346,-0.073741,-0.032245,1.0,10052.1,259.7,245.6,427.0,100.0,1.0
471056,2949,162,4.215001,0.927583,-0.207061,0.0,0.0,0.00275313,-0.140343,1.0,0.237825,-0.213753,1.0,11559.9,367.6,314.4,623.0,100.0,1.0
471219,2950,163,2.953502,0.652886,-0.297975,0.0,4e-06,0.00269198,-0.224609,0.649549,-0.019747,-0.116739,1.0,10094.8,285.7,262.8,804.4,100.0,1.0
471372,2951,153,0.689486,1.0,0.836408,0.017775,0.0,0.00324058,-0.445842,0.168118,-0.312733,-0.355326,1.0,8260.5,320.3,363.0,165.7,100.0,1.0
471536,2952,164,3.946358,0.487253,-0.299067,0.0,0.0,0.00269592,-0.155905,1.0,0.179051,-0.246035,1.0,11670.2,387.0,317.7,492.9,100.0,1.0
471694,2953,158,3.386284,0.415813,0.010536,0.0,0.000366,0.00218595,-0.099767,0.889517,0.210044,0.02283,1.0,11009.1,269.1,209.3,794.9,100.0,1.0
471856,2954,162,5.06697,1.0,1.0,0.0,0.0,0.00341675,-0.18603,0.863142,0.044809,-0.187654,1.0,10908.6,335.7,344.4,321.8,100.0,1.0
472014,2955,158,0.171859,0.20383,1.0,0.0,0.0,0.00307633,-0.473636,0.102328,-0.311541,-0.393546,1.0,8009.9,330.2,323.4,370.7,100.0,1.0
472171,2956,157,3.876097,0.32989,0.062319,0.0,0.0,0.00244296,-0.102356,0.991645,0.53185,-0.178175,1.0,11398.2,346.7,244.7,679.6,100.0,1.0
472336,2957,165,0.232803,0.424717,1.0,0.004628,0.0,0.00321664,-0.51392,0.144243,-0.437319,-0.520829,1.0,8169.6,426.2,312.4,436.8,100.0,1.0
472495,2958,159,5.749291,1.0,-0.256172,0.0,0.0,0.0028818,-0.041092,0.989582,0.284019,0.11037,1.0,11390.3,256.5,332.2,310.8,100.0,1.0
472663,2959,168,4.92732,0.812102,0.994557,0.014695,0.0,0.00338596,-0.211354,0.864135,0.094899,-0.289593,1.0,10912.4,384.0,368.8,568.9,100.0,1.0
472822,2960,159,1.473052,1.0,-0.117257,0.0,0.000717,0.00235993,-0.268334,0.531643,0.132165,-0.21487,1.0,9645.6,307.1,244.7,730.3,100.0,1.0
472975,2961,153,4.150766,0.426965,-0.11105,0.0,0.000445,0.00238081,-0.063044,1.0,0.364465,0.001697,1.0,12045.7,300.6,251.3,1060.5,100.0,1.0
473129,2962,154,2.323418,0.436633,-0.41218,0.021505,0.0,0.00293686,-0.283683,0.589612,0.193821,-0.334894,1.0,9866.4,370.9,227.4,702.0,100.0,1.0
473287,2963,158,2.512689,0.596806,-0.267756,0.005166,2e-05,0.00282087,-0.263376,0.540332,0.037151,-0.173915,1.0,9678.7,292.9,303.2,486.1,100.0,1.0
473449,2964,162,2.801879,1.0,-0.285658,0.000529,0.0,0.00289907,-0.266315,0.711275,0.084022,-0.341786,1.0,10330.0,392.3,258.5,503.7,100.0,1.0
473609,2965,160,1.677239,1.0,-0.282459,0.0,0.0,0.00250999,-0.279869,0.682844,-0.093206,-0.304198,1.0,10221.6,367.3,275.3,687.9,100.0,1.0
473770,2966,161,3.62051,0.311898,-0.314054,0.010624,0.0,0.00326639,-0.263146,0.726323,-0.147936,-0.266444,1.0,10387.3,354.0,349.7,416.3,100.0,1.0
473930,2967,160,2.566656,0.899538,-0.272266,0.0,0.0,0.00278773,-0.259738,0.49836,-0.135957,-0.069108,1.0,9518.8,255.6,229.3,603.3,100.0,1.0
474089,2968,159,5.681084,0.931493,0.098124,0.00056,4.2e-05,0.00252036,0.011672,1.0,0.314635,0.26736,1.0,11578.9,228.4,269.6,677.6,100.0,1.0
474245,2969,156,4.196386,0.841468,0.026646,0.001918,7.4e-05,0.00255095,-0.093315,0.943094,0.195008,0.004704,1.0,11213.2,279.0,259.6,843.0,100.0,1.0
474405,2970,160,5.14437,0.537367,-0.079496,0.0,0.000626,0.00284177,-0.081229,1.0,0.486459,-0.099583,1.0,12369.9,343.5,284.5,664.8,100.0,1.0
474568,2971,163,0.418306,0.85057,-0.308828,0.0,0.0,0.00262109,-0.396894,0.30789,-0.272048,-0.322206,1.0,8793.1,324.3,219.8,611.0,100.0,1.0
474726,2972,158,4.905669,1.0,-0.263802,0.011554,0.0,0.00301224,-0.119766,0.796856,0.208914,0.033761,1.0,10656.0,257.7,344.5,346.3,100.0,1.0
474889,2973,163,3.092275,0.866985,-0.267773,0.0,4.3e-05,0.00264144,-0.206019,0.885835,0.05444,-0.276406,1.0,10995.0,379.9,312.3,502.0,100.0,1.0
475039,2974,150,1.374641,0.973684,-0.39668,0.0,0.000441,0.00294694,-0.342243,0.314271,-0.150021,-0.18603,1.0,8817.4,270.8,238.3,836.0,100.0,1.0
475200,2975,161,3.938461,0.2,-0.106613,0.0,0.093413,0.00255358,-0.125129,0.888446,0.177641,-0.050017,1.0,11005.0,289.6,330.6,791.3,100.0,1.0
475366,2976,166,2.451981,0.2,-0.033633,0.02013,9.7e-05,0.00234621,-0.211411,0.906061,0.158458,-0.345905,1.0,11072.1,423.2,296.7,909.6,100.0,1.0
475530,2977,164,6.022448,0.946974,-0.234978,0.002662,0.0,0.00310569,-0.071979,0.970403,0.400499,-0.015433,1.0,11317.2,287.4,325.3,394.0,100.0,1.0
475693,2978,163,3.713825,0.699876,0.069142,0.000457,7.9e-05,0.00244249,-0.128389,1.0,0.401044,-0.22831,1.0,11682.1,378.5,271.9,866.6,100.0,1.0
475851,2979,158,2.543562,0.10026,-0.442555,0.036514,0.0,0.00303561,-0.294915,0.539241,-0.130555,-0.222234,1.0,9674.5,311.0,322.8,338.7,100.0,1.0
476005,2980,154,2.614014,1.0,-0.24019,0.0,0.0,0.00259006,-0.208996,0.621171,0.025902,-0.056262,1.0,9986.7,264.6,259.2,555.7,100.0,1.0
476153,2981,148,1.458248,1.0,-0.524781,0.002682,0.0,0.00283307,-0.313384,0.341941,-0.018735,-0.156651,1.0,8922.8,264.5,282.3,581.0,100.0,1.0
476313,2982,160,3.679925,0.830082,-0.348274,0.0,0.000121,0.00289596,-0.196056,0.762143,0.142134,-0.169349,1.0,10523.8,316.7,293.7,465.3,100.0,1.0
476482,2983,169,1.873907,0.239192,-0.19755,0.012123,0.288939,0.00252046,-0.289838,0.662524,0.040061,-0.364917,1.0,10144.2,399.3,263.7,833.1,100.0,1.0
476640,2984,158,5.265204,0.291592,0.924488,0.0,0.0,0.00341576,-0.157184,0.827616,0.110208,-0.083696,1.0,10773.2,293.9,356.9,376.3,100.0,1.0
476805,2985,165,4.4666,0.2,-0.134762,0.0,0.462968,0.00253658,-0.093994,1.0,0.219102,-0.053015,1.0,12121.6,320.0,289.5,574.7,100.0,1.0
476965,2986,160,3.499659,0.398405,-0.268193,0.0,0.000105,0.00253393,-0.151141,0.860843,0.10645,-0.089988,1.0,10899.8,299.4,288.7,555.9,100.0,1.0
477138,2987,173,3.231188,0.795448,-0.160605,0.000534,4.5e-05,0.00270044,-0.232403,0.841897,0.150937,-0.359905,1.0,10827.6,422.9,356.2,515.7,100.0,1.0
477302,2988,164,4.114028,0.958902,-0.180523,0.0,0.0,0.00302785,-0.197625,0.905907,0.197797,-0.312937,1.0,11071.5,402.9,333.4,359.6,100.0,1.0
477456,2989,154,3.773463,1.0,-0.306082,0.0,6e-06,0.00289917,-0.17225,0.802366,0.057111,-0.095176,1.0,10677.0,295.0,348.0,332.1,100.0,1.0
477616,2990,160,4.473356,0.2,-0.307967,0.0,0.041643,0.00313804,-0.176984,0.875538,0.157228,-0.205306,1.0,10955.8,344.7,319.8,572.0,100.0,1.0
477776,2991,160,1.399309,0.2,-0.338934,0.007266,0.103242,0.00260153,-0.314546,0.444314,-0.175733,-0.193505,1.0,9312.8,288.7,260.3,749.2,100.0,1.0
477939,2992,163,4.065771,1.0,-0.184865,0.002093,0.0,0.00274047,-0.151154,1.0,0.259535,-0.257024,1.0,11923.3,401.2,296.4,417.2,100.0,1.0
478099,2993,160,3.064089,1.0,-0.204434,0.00044,0.0,0.0025834,-0.190611,0.829349,0.141214,-0.206898,1.0,10779.8,339.8,235.4,813.8,100.0,1.0
478253,2994,154,3.068904,0.858698,-0.419286,0.01967,0.0,0.00291908,-0.226463,0.659425,0.030209,-0.147801,1.0,10132.4,297.2,277.1,334.2,100.0,1.0
478411,2995,158,1.888854,0.2,-0.335526,0.0,0.080939,0.00296533,-0.331251,0.427072,-0.292754,-0.195811,1.0,9247.1,287.5,350.8,539.5,100.0,1.0
478572,2996,161,2.068757,0.314702,-0.329808,0.00627,0.0,0.00272143,-0.287756,0.570131,-0.089374,-0.237838,1.0,9792.2,321.2,294.4,672.3,100.0,1.0
478738,2997,166,3.468134,0.338669,-0.260169,0.0,4.3e-05,0.00281983,-0.215945,0.777971,0.150955,-0.251776,1.0,10584.1,353.6,287.3,623.6,100.0,1.0
478898,2998,160,2.262244,1.0,1.0,0.005453,0.0,0.00315669,-0.340602,0.582654,-0.145813,-0.405614,1.0,9839.9,413.9,324.0,328.3,100.0,1.0
479053,2999,155,3.040918,0.2,-0.275044,0.0,0.0,0.00293694,-0.234122,0.708863,0.066794,-0.226723,1.0,10320.8,333.7,311.7,468.7,100.0,1.0
479212,3000,159,4.671825,0.527733,-0.161523,0.023768,0.000394,0.00258813,-0.071765,1.0,0.157412,0.041648,1.0,11940.8,286.6,298.6,427.7,100.0,1.0
479377,3001,165,1.164029,1.0,-0.204279,0.001617,0.0,0.00262383,-0.348291,0.485697,-0.131926,-0.355075,1.0,9470.5,367.1,251.6,643.8,100.0,1.0
479541,3002,164,2.12498,1.0,-0.37387,0.0,0.001294,0.00265839,-0.281449,0.675799,0.109064,-0.371016,1.0,10194.8,405.2,276.4,865.5,100.0,1.0
479710,3003,169,3.991725,0.812696,-0.124266,0.012722,6.8e-05,0.00252276,-0.136053,1.0,0.340223,-0.233585,1.0,12372.5,403.6,274.7,882.2,100.0,1.0
479867,3004,157,2.471888,0.725625,-0.355253,0.0,5.1e-05,0.00287254,-0.271244,0.51587,-0.137899,-0.121406,1.0,9585.5,272.8,296.7,485.7,100.0,1.0
480031,3005,164,2.820634,0.2,-0.008887,0.001096,0.0,0.00247137,-0.200164,0.889538,0.181322,-0.302268,1.0,11009.1,394.5,311.1,723.5,100.0,1.0
480185,3006,154,4.548514,0.831847,0.717542,0.013205,0.0,0.00305061,-0.138974,0.838361,0.295515,-0.09372,1.0,10814.2,298.3,308.6,292.9,100.0,1.0
480344,3007,159,3.207983,0.779939,-0.261466,0.006228,0.0,0.0028728,-0.223456,0.722014,-0.029856,-0.169912,1.0,10370.9,312.3,320.7,568.9,100.0,1.0
480502,3008,158,2.253925,0.807888,-0.463358,0.016675,0.0,0.00318398,-0.339158,0.4078,-0.218193,-0.230963,1.0,9173.7,298.2,335.8,346.7,100.0,1.0
480659,3009,157,3.655626,0.675509,-0.288773,0.0,0.0,0.00276096,-0.167531,0.845854,0.007863,-0.099269,1.0,10842.7,300.9,295.4,575.1,100.0,1.0
480817,3010,158,5.281764,0.305744,-0.009624,0.0,0.000158,0.00282859,-0.062655,0.983795,0.297016,0.038982,1.0,11368.3,273.5,337.2,584.3,100.0,1.0
480982,3011,165,1.960262,1.0,-0.08146,0.004573,0.000286,0.00236554,-0.24769,0.812352,0.095525,-0.367769,1.0,10715.1,423.7,311.6,627.8,100.0,1.0
481147,3012,165,3.121678,1.0,-0.318489,0.0,0.000895,0.00290138,-0.251622,0.782045,-0.009401,-0.320643,1.0,10599.6,390.1,288.3,607.8,100.0,1.0
481307,3013,160,4.99599,0.2,-0.370999,0.0,0.298817,0.00343445,-0.18601,0.872046,-0.04214,-0.166025,1.0,10942.5,328.0,388.7,340.4,100.0,1.0
481463,3014,156,4.549079,1.0,-0.08448,0.0,0.000224,0.0028877,-0.119421,1.0,0.096235,-0.096813,1.0,11537.2,319.3,340.8,512.8,100.0,1.0
481617,3015,154,4.295641,0.2,-0.110678,0.0,0.076546,0.00247886,-0.069086,1.0,0.343669,-0.011509,1.0,11877.3,300.4,250.3,746.6,100.0,1.0
481772,3016,155,0.3849,-0.044878,-0.383523,0.011322,0.000506,0.00303702,-0.442772,0.144194,-0.410951,-0.292418,1.0,8169.4,288.6,313.0,321.2,100.0,1.0
481933,3017,161,4.705652,0.2,-0.139823,0.0,0.04793,0.0029048,-0.125154,1.0,0.38451,-0.212018,1.0,12325.4,391.0,332.4,513.5,100.0,1.0
482090,3018,157,3.050277,1.0,-0.096368,0.000732,0.0,0.00267411,-0.197788,0.737195,0.001616,-0.107495,1.0,10428.7,292.1,270.7,537.6,100.0,1.0
482256,3019,166,2.509821,0.257837,-0.35176,0.0,0.344505,0.00291796,-0.3017,0.671735,-0.019666,-0.392223,1.0,10179.3,418.7,345.3,513.8,100.0,1.0
482415,3020,159,5.273481,0.610634,-0.170651,0.0,0.0,0.00303651,-0.098859,1.0,0.265928,-0.084838,1.0,11876.5,324.4,355.7,346.0,100.0,1.0
482572,3021,157,6.023691,0.2,-0.326453,0.0,0.210716,0.00326592,-0.074131,1.0,0.187614,0.023692,1.0,12403.0,302.9,424.4,386.6,100.0,1.0
482730,3022,158,4.500919,0.346156,0.07478,0.0,0.00396,0.00254656,-0.074557,1.0,0.4469,-0.064155,1.0,12050.4,321.9,295.8,571.9,100.0,1.0
482889,3023,159,1.458386,1.0,1.0,0.0,0.0,0.00308545,-0.384396,0.358499,-0.135878,-0.368111,1.0,8985.9,355.5,310.5,447.5,100.0,1.0
483046,3024,157,0.177704,0.531347,-0.440354,0.002646,0.000205,0.00271486,-0.413313,0.342504,-0.140257,-0.449711,1.0,8924.9,405.5,297.8,455.6,100.0,1.0
483204,3025,158,4.859923,0.608198,-0.389104,0.0,0.0,0.0030456,-0.127237,0.876468,-0.008406,0.014957,1.0,10959.3,269.9,407.0,268.5,100.0,1.0
483364,3026,160,3.891719,0.533463,-0.268236,0.011201,0.000102,0.00275929,-0.15801,0.900094,-0.017399,-0.104311,1.0,11049.4,308.4,348.0,531.9,100.0,1.0
483522,3027,158,3.916224,0.295064,0.062414,0.0,0.037194,0.00268201,-0.138472,0.983488,0.248644,-0.19736,1.0,11367.1,354.1,337.2,548.4,100.0,1.0
483682,3028,160,4.509471,0.2,-0.388609,0.0,0.464047,0.0031403,-0.173932,0.837182,0.046548,-0.126274,1.0,10809.7,309.3,362.1,556.6,100.0,1.0
483838,3029,156,4.388893,1.0,-0.09508,0.008684,0.0,0.00276175,-0.111059,0.958303,0.348555,-0.1183,1.0,11271.1,319.6,291.3,456.3,100.0,1.0
483997,3030,159,2.524687,0.847934,1.0,0.006245,0.000111,0.00330337,-0.341314,0.492267,-0.079512,-0.354766,1.0,9495.5,367.9,324.5,305.0,100.0,1.0
484156,3031,159,4.699848,0.2,-0.093303,0.0,0.351183,0.00246862,-0.050037,0.969914,0.191156,0.127898,1.0,11315.4,250.8,262.9,756.2,100.0,1.0
484322,3032,166,3.384334,0.507919,-0.075676,0.0,0.0,0.00271745,-0.204499,0.77203,-0.030684,-0.148127,1.0,10561.4,309.9,350.2,583.7,100.0,1.0
484482,3033,160,3.133544,1.0,-0.302169,0.0,0.0,0.00280407,-0.220305,0.750316,0.097123,-0.22532,1.0,10478.7,338.2,341.1,462.9,100.0,1.0
484640,3034,158,2.862075,0.273571,-0.075813,0.0,0.0,0.00253224,-0.191504,0.716759,0.208042,-0.138327,1.0,10350.9,300.3,228.6,646.9,100.0,1.0
484796,3035,156,3.560872,0.955803,-0.207488,0.0,0.000209,0.00256579,-0.140745,0.780764,0.083871,0.018924,1.0,10594.7,259.9,295.4,504.1,100.0,1.0
484950,3036,154,5.309436,0.285245,-0.136893,0.0,0.0,0.00279054,-0.042777,1.0,0.400016,0.057404,1.0,12153.9,287.4,284.7,370.3,100.0,1.0
485110,3037,160,5.669439,0.691264,-0.09582,0.006834,0.000301,0.00282777,-0.039227,0.957024,0.177096,0.179358,1.0,11266.3,238.8,315.2,560.3,100.0,1.0
485269,3038,159,1.161799,0.440394,-0.421199,0.0,0.018029,0.00293356,-0.381788,0.358674,-0.295669,-0.306297,1.0,8986.5,323.9,333.6,583.5,100.0,1.0
485434,3039,165,4.053777,0.63194,-0.336216,0.0074,0.0,0.00307604,-0.212057,0.727204,-0.12988,-0.102901,1.0,10390.6,289.6,397.6,441.1,100.0,1.0
485592,3040,158,3.950231,1.0,0.98263,0.0,0.000696,0.00323007,-0.222352,0.850186,0.114638,-0.321207,1.0,10859.2,399.9,323.0,337.5,100.0,1.0
485753,3041,161,4.564304,0.29291,-0.231308,0.0,9.2e-05,0.00292293,-0.137794,1.0,0.095171,-0.157705,1.0,11597.4,344.2,365.8,350.4,100.0,1.0
485912,3042,159,5.078596,0.550867,-0.059161,0.0,6.9e-05,0.00246216,-0.021152,1.0,0.23896,0.183173,1.0,11683.0,246.9,256.9,632.2,100.0,1.0
486078,3043,166,5.220042,1.0,-0.287565,0.0,0.0,0.00305604,-0.126666,1.0,0.295999,-0.187553,1.0,12867.0,395.9,323.9,401.7,100.0,1.0
486237,3044,159,3.573883,0.2,-0.111627,0.018733,0.085293,0.002536,-0.142602,0.984407,0.231214,-0.206082,1.0,11370.6,358.1,273.6,697.2,100.0,1.0
486394,3045,157,4.493933,0.277432,-0.059266,0.010412,0.000118,0.00263637,-0.086201,0.689684,0.231263,0.227507,1.0,10247.7,208.7,257.8,463.5,100.0,1.0
486552,3046,158,3.308425,0.949284,-0.261998,0.0,0.0,0.00283771,-0.2071,0.639323,-0.042834,-0.042158,1.0,10055.8,262.5,267.2,468.2,100.0,1.0
486709,3047,157,4.155315,0.361498,-0.156136,0.00373,0.000639,0.00255878,-0.098694,0.937058,0.276243,-0.035276,1.0,11190.2,290.0,253.7,617.7,100.0,1.0
486863,3048,154,1.921002,0.580153,-0.079107,0.0,0.001078,0.00240464,-0.230223,0.717819,0.146636,-0.247805,1.0,10354.9,344.2,265.7,587.5,100.0,1.0
487022,3049,159,3.349616,0.547925,-0.098716,0.003619,0.00047,0.00265404,-0.17773,0.851431,0.043476,-0.149784,1.0,10864.0,319.4,286.8,476.5,100.0,1.0
487183,3050,161,5.571832,0.435809,-0.2782,0.0,0.000419,0.00289442,-0.059677,1.0,0.148925,0.084767,1.0,11585.7,267.0,328.5,450.1,100.0,1.0
487347,3051,164,2.743329,0.444254,-0.270365,0.0,2.5e-05,0.00277883,-0.255673,0.656892,0.038416,-0.245793,1.0,10122.8,335.5,348.1,409.3,100.0,1.0
487506,3052,159,4.985703,0.2,0.024265,0.0,0.025539,0.00249962,-0.03379,1.0,0.290232,0.123956,1.0,11723.1,260.8,244.8,683.0,100.0,1.0
487666,3053,160,2.684813,0.675148,-0.242585,0.015971,3e-05,0.00266756,-0.230995,0.728937,-0.075067,-0.185743,1.0,10397.3,319.2,320.1,458.3,100.0,1.0
487826,3054,160,4.431237,1.0,-0.217508,0.006731,6.4e-05,0.00260063,-0.092884,0.995456,0.100368,-0.00595,1.0,11412.7,287.0,277.3,577.7,100.0,1.0
487988,3055,162,5.422219,0.844403,-0.329414,0.000793,0.000815,0.00344106,-0.161958,0.97768,0.216569,-0.260118,1.0,11345.0,383.3,375.3,375.5,100.0,1.0
488155,3056,167,4.966773,0.787222,-0.048347,0.0,0.0,0.00256459,-0.065938,1.0,0.250199,0.03014,1.0,11993.1,291.1,301.6,669.6,100.0,1.0
488316,3057,161,5.389857,0.685678,-0.287981,0.02437,3.6e-05,0.00296586,-0.084284,1.0,0.383563,-0.075467,1.0,12300.1,332.6,304.6,357.5,100.0,1.0
488476,3058,160,5.28017,0.466132,-0.258531,0.0,0.000179,0.00273682,-0.052652,1.0,0.286904,0.062193,1.0,11892.2,279.9,310.7,653.1,100.0,1.0
488639,3059,163,4.112828,0.469444,-0.169349,0.0,8.8e-05,0.00282753,-0.160814,0.764093,0.048322,-0.02223,1.0,10531.2,269.3,287.9,679.2,100.0,1.0
488805,3060,166,3.682567,0.558202,-0.34726,0.0,0.000192,0.00277421,-0.191821,0.855053,0.134213,-0.230019,1.0,10877.8,353.2,313.7,498.8,100.0,1.0
488964,3061,159,2.605698,0.707659,0.014732,0.001936,0.0,0.00242183,-0.194923,0.712991,0.168975,-0.133561,1.0,10336.5,298.2,209.3,712.9,100.0,1.0
489118,3062,154,3.086743,1.0,-0.316401,0.009555,0.00011,0.00299939,-0.236677,0.660404,0.02083,-0.179536,1.0,10136.1,308.9,299.0,653.9,100.0,1.0
489281,3063,163,4.639369,0.2,-0.350428,0.0,0.301202,0.00276502,-0.112142,0.974121,0.240746,-0.099155,1.0,11331.4,314.5,281.9,660.4,100.0,1.0
489448,3064,167,2.806452,1.0,0.852114,0.008507,8.3e-05,0.00324297,-0.3368,0.493432,-0.072575,-0.343,1.0,9500.0,361.5,327.4,482.7,100.0,1.0
489608,3065,160,2.098075,0.2,1.0,0.0,8.3e-05,0.00315386,-0.351508,0.47014,-0.201394,-0.329677,1.0,9411.2,351.0,339.8,494.9,100.0,1.0
489765,3066,157,0.345816,0.700872,-0.384013,0.028715,0.000467,0.00260628,-0.383962,0.239215,-0.278399,-0.219755,1.0,8531.4,273.4,290.5,381.9,100.0,1.0
489925,3067,160,4.696377,0.684137,-0.228579,0.0,0.000126,0.00292948,-0.125912,0.952511,0.223726,-0.121374,1.0,11249.1,320.1,270.9,456.2,100.0,1.0
490086,3068,161,4.6293,0.96924,0.050227,0.0,2e-06,0.00247899,-0.06117,1.0,0.363089,0.008403,1.0,11700.1,290.1,304.4,557.0,100.0,1.0
490244,3069,158,3.101261,0.2,-0.35409,0.0,0.049505,0.00305781,-0.256755,0.698196,0.050171,-0.287737,1.0,10280.1,360.8,346.7,501.9,100.0,1.0
490403,3070,159,3.642327,0.2,-0.058053,0.0,0.351104,0.0024753,-0.127663,0.897755,0.018323,-0.013114,1.0,11040.4,279.7,338.7,697.3,100.0,1.0
490564,3071,161,3.817218,1.0,-0.423089,0.0,0.0,0.00300264,-0.204761,0.807246,0.008768,-0.191498,1.0,10695.6,330.7,322.5,443.3,100.0,1.0
490722,3072,158,5.448574,0.368163,0.058573,0.021981,0.000165,0.00260504,-0.013794,1.0,0.339047,0.174339,1.0,12470.1,265.5,298.4,453.1,100.0,1.0
490879,3073,157,4.595855,0.2,-0.384135,0.0,0.155894,0.00290881,-0.121137,0.769532,0.209843,0.051651,1.0,10551.9,250.8,304.5,459.4,100.0,1.0
491040,3074,161,3.464129,1.0,-0.240396,0.0,0.0,0.00280189,-0.198175,0.707297,0.073555,-0.10785,1.0,10314.8,289.0,269.2,502.1,100.0,1.0
491195,3075,155,3.177913,0.202703,-0.061489,0.0,0.135157,0.00228416,-0.121994,0.797369,0.112147,0.058162,1.0,10658.0,251.8,246.1,653.0,100.0,1.0
491355,3076,160,4.654566,0.619083,0.11444,0.012096,5.8e-05,0.00224672,-0.019608,0.94453,0.422857,0.173245,1.0,11218.7,239.1,227.2,644.8,100.0,1.0
491519,3077,164,1.622938,0.364998,-0.385214,0.019817,0.0,0.0027128,-0.326419,0.49322,-0.119141,-0.292701,1.0,9499.2,335.8,264.2,948.5,100.0,1.0
491680,3078,161,4.662323,0.304174,-0.256243,0.0,0.00043,0.00291032,-0.128149,0.967803,0.229683,-0.143559,1.0,11307.3,330.1,321.9,379.1,100.0,1.0
491843,3079,163,3.149547,0.315619,1.0,0.005759,0.0,0.00324865,-0.299573,0.600784,0.023189,-0.340293,1.0,9909.0,375.5,298.0,445.5,100.0,1.0
491997,3080,154,4.846622,0.2,-0.359188,0.0,0.073766,0.00287069,-0.088156,0.885209,0.306023,0.033131,1.0,10992.6,266.0,334.6,396.7,100.0,1.0
492158,3081,161,3.355869,0.291185,-0.275288,0.001026,0.03734,0.00286416,-0.216058,0.693113,-0.174293,-0.073023,1.0,10260.8,276.7,306.3,799.7,100.0,1.0
492318,3082,160,4.698071,0.626965,-0.086042,0.0,0.000407,0.00290158,-0.121125,0.985792,0.308648,-0.161459,1.0,11375.9,339.2,327.6,464.3,100.0,1.0
492473,3083,155,3.923594,1.0,-0.19787,0.0,0.0,0.0029695,-0.173683,0.680017,0.107712,-0.014862,1.0,10210.9,259.1,335.0,462.8,100.0,1.0
492634,3084,161,1.80607,0.562301,-0.173592,0.0,0.00022,0.00267453,-0.298681,0.523421,-0.008204,-0.262386,1.0,9614.2,325.9,267.9,774.7,100.0,1.0
492797,3085,163,3.068972,1.0,-0.08165,0.0,0.0,0.00248002,-0.180045,0.639719,0.072868,0.009128,1.0,10057.3,249.2,263.4,484.2,100.0,1.0
492956,3086,159,5.031213,1.0,-0.02986,0.012665,0.0,0.00249931,-0.029838,1.0,0.312671,0.129648,1.0,12088.4,267.5,269.7,756.6,100.0,1.0
493116,3087,160,3.049837,0.2,-0.227515,0.0,0.25661,0.00240856,-0.162569,0.704056,-0.142541,0.08557,1.0,10302.5,237.3,217.8,773.3,100.0,1.0
493271,3088,155,5.308517,0.257896,0.01888,0.0,0.07635,0.00245586,0.007149,1.0,0.382457,0.229676,1.0,11963.9,243.2,259.8,830.9,100.0,1.0
493429,3089,158,5.494545,0.624905,0.038905,0.0,0.0,0.00261802,-0.012245,1.0,0.482375,0.131724,1.0,12188.6,269.2,291.2,635.7,100.0,1.0
493592,3090,163,4.290205,0.707788,-0.236133,0.0,0.0,0.00300006,-0.175592,0.996632,0.081635,-0.276378,1.0,11417.2,394.4,299.1,461.5,100.0,1.0
493752,3091,160,2.747316,0.820527,-0.46788,0.012814,0.0,0.00302935,-0.283997,0.562414,-0.039059,-0.23565,1.0,9762.8,319.3,287.1,479.1,100.0,1.0
493910,3092,158,2.659242,0.565125,-0.151222,0.0,0.000314,0.0025896,-0.214868,0.719324,0.055923,-0.167638,1.0,10360.6,311.2,242.5,788.3,100.0,1.0
494069,3093,159,4.503158,0.786143,-0.32954,5.3e-05,6.6e-05,0.0029695,-0.143146,0.833717,0.162827,-0.059526,1.0,10796.5,287.0,322.0,594.2,100.0,1.0
494224,3094,155,4.758679,0.2,-0.062417,0.0,0.057381,0.00256351,-0.049636,0.926882,0.096846,0.196528,1.0,11151.4,233.0,313.3,574.6,100.0,1.0
494387,3095,163,4.18096,0.2,-0.133105,0.0,0.313486,0.00256801,-0.113088,1.0,0.185611,-0.105497,1.0,11682.5,326.5,259.6,813.5,100.0,1.0
494541,3096,154,6.156395,0.624702,-0.029795,0.0,0.000265,0.00277764,0.022097,1.0,0.319526,0.300481,1.0,11884.2,228.5,301.7,389.5,100.0,1.0
494702,3097,161,3.222372,0.651907,-0.277401,0.0,0.0,0.0030928,-0.262497,0.622546,-0.0384,-0.214311,1.0,9991.9,317.9,317.2,405.2,100.0,1.0
494858,3098,156,2.631066,0.639995,-0.263029,0.0,0.000162,0.00275931,-0.238181,0.563725,-0.224072,-0.022349,1.0,9767.8,249.8,320.4,610.1,100.0,1.0
495023,3099,165,1.546229,0.2,-0.18657,0.0,0.070748,0.00223433,-0.255649,0.681107,-0.101045,-0.219404,1.0,10215.0,327.2,243.8,850.0,100.0,1.0
495183,3100,160,5.559702,0.676032,0.900459,0.0,0.0,0.00345909,-0.147127,0.970325,-0.000832,-0.132082,1.0,11316.9,326.0,349.0,346.9,100.0,1.0
495342,3101,159,4.674258,1.0,-0.201067,0.0,0.0,0.00296054,-0.129068,0.725421,0.156603,0.079722,1.0,10383.9,240.4,312.2,298.3,100.0,1.0
495502,3102,160,5.137126,0.218273,-0.221965,0.0,0.083874,0.00314327,-0.127412,0.976071,0.305182,-0.17316,1.0,11338.8,342.8,352.1,445.0,100.0,1.0
495662,3103,160,3.018466,0.403984,-0.40268,0.0,0.0,0.00294208,-0.250078,0.550768,-0.040463,-0.112412,1.0,9718.4,273.7,322.3,310.1,100.0,1.0
495817,3104,155,3.691182,1.0,-0.25044,0.010921,0.000109,0.00284148,-0.170559,0.924785,0.158578,-0.225377,1.0,11143.4,359.6,313.7,465.2,100.0,1.0
495976,3105,159,4.11869,0.505107,-0.066645,0.0,1.3e-05,0.00252317,-0.100045,0.969012,0.184045,-0.035675,1.0,11311.9,293.3,267.8,683.9,100.0,1.0
496141,3106,165,4.155546,0.45953,-0.086784,0.0,0.0,0.00259672,-0.124626,0.6939,-0.073595,0.19753,1.0,10263.8,214.3,268.7,445.5,100.0,1.0
496301,3107,160,3.841396,1.0,-0.171337,0.0,0.000244,0.00275942,-0.160642,0.810988,0.05055,-0.061478,1.0,10709.9,285.3,344.5,452.0,100.0,1.0
496462,3108,161,3.44528,0.705638,-0.32969,0.00487,0.000197,0.00295605,-0.224012,0.690394,-0.133284,-0.110941,1.0,10250.4,288.2,315.4,442.4,100.0,1.0
496628,3109,166,4.279431,1.0,-0.187518,0.0,0.0,0.00241766,-0.088386,0.994756,0.069257,0.019998,1.0,11410.0,279.7,324.5,419.8,100.0,1.0
496789,3110,161,3.945607,0.2,-0.211367,0.0,0.277544,0.00267576,-0.142272,0.86641,0.164205,-0.084315,1.0,10921.0,298.2,269.2,582.8,100.0,1.0
496951,3111,162,2.715988,1.0,-0.304601,0.006156,8e-06,0.00272538,-0.242901,0.781135,0.046654,-0.309502,1.0,10596.1,383.6,316.1,602.3,100.0,1.0
497114,3112,163,1.672893,0.946283,-0.266313,0.0,0.000225,0.00245832,-0.278373,0.622643,-0.067973,-0.257456,1.0,9992.3,336.4,283.4,683.7,100.0,1.0
497276,3113,162,4.297629,0.38912,-0.121686,0.00983,0.000291,0.00259108,-0.105473,1.0,0.287204,-0.113977,1.0,11633.5,328.2,298.9,560.5,100.0,1.0
497434,3114,158,5.627038,1.0,0.910019,0.0,0.0,0.0033427,-0.116642,1.0,0.285318,-0.15058,1.0,11592.1,341.2,320.3,481.9,100.0,1.0
497593,3115,159,4.016714,1.0,0.001144,0.003603,0.0,0.00242669,-0.092073,0.861697,0.113389,0.10388,1.0,10903.1,246.9,228.6,543.1,100.0,1.0
497760,3116,167,4.781272,0.424783,0.032221,0.0,5.9e-05,0.00248949,-0.066073,1.0,0.381803,-0.014179,1.0,12424.8,315.1,294.5,580.0,100.0,1.0
497921,3117,161,1.559892,0.2,-0.405974,0.012255,0.000163,0.0028624,-0.34679,0.448478,-0.197708,-0.29713,1.0,9328.7,331.8,279.7,674.9,100.0,1.0
498079,3118,158,4.886418,0.50111,0.026993,0.008972,7.2e-05,0.00252403,-0.041409,1.0,0.400676,0.061744,1.0,11993.5,282.4,285.5,470.3,100.0,1.0
498236,3119,157,4.443765,0.785755,-0.080576,0.0,0.0,0.00263872,-0.089271,0.81659,0.202594,0.121073,1.0,10731.2,239.3,274.4,492.6,100.0,1.0
498396,3120,160,5.553221,0.435405,-0.309746,0.0,0.000256,0.00315632,-0.098855,1.0,0.24726,-0.078602,1.0,11599.0,314.7,320.4,396.2,100.0,1.0
498559,3121,163,4.69813,0.2,0.081637,0.0,0.059221,0.00205082,0.009379,0.957643,0.282528,0.305717,1.0,11268.6,215.8,210.8,644.5,100.0,1.0
498717,3122,158,1.831227,0.527577,-0.218526,0.0,0.000487,0.00229376,-0.228469,0.576406,-0.07492,-0.050263,1.0,9816.1,258.4,246.0,681.5,100.0,1.0
498872,3123,155,6.525606,0.2,0.096497,0.0,0.0,0.00245182,0.097271,1.0,0.477487,0.492539,0.994969,11539.8,193.3,215.6,693.9,100.0,1.0
499035,3124,163,4.365853,0.266794,-0.120514,0.001354,0.0,0.00244474,-0.079162,0.851971,-0.06542,0.214623,1.0,10866.0,223.6,236.2,522.0,100.0,1.0
499191,3125,156,3.757198,0.569691,-0.269605,0.0,4.1e-05,0.00274537,-0.153474,0.860533,0.188305,-0.124794,1.0,10898.6,311.3,288.8,523.3,100.0,1.0
499352,3126,161,2.57332,0.79686,-0.313285,0.005958,0.000111,0.00301573,-0.297334,0.56557,-0.097002,-0.263422,1.0,9774.8,331.8,307.7,434.7,100.0,1.0
499514,3127,162,5.790334,1.0,0.056134,0.0,0.00012,0.00284092,-0.036672,1.0,0.360044,0.091078,1.0,12625.1,289.3,335.4,692.4,100.0,1.0
499675,3128,161,5.09502,0.530642,-0.224849,0.0,0.0,0.00316493,-0.136835,0.966335,0.169033,-0.151073,1.0,11301.7,332.8,315.4,586.5,100.0,1.0
499834,3129,159,5.671509,0.575868,0.050344,0.0,5.1e-05,0.0025495,0.009595,1.0,0.150047,0.3153,1.0,11583.7,220.2,271.8,688.0,100.0,1.0
499995,3130,161,5.532032,0.267329,-0.035206,0.0,0.085558,0.00292147,-0.065594,1.0,0.419109,-0.025017,1.0,12325.4,316.0,343.0,513.5,100.0,1.0
500157,3131,162,5.153532,-0.916833,-0.293668,0.0,0.343907,0.00325141,-0.149636,0.75692,0.042539,0.022933,1.0,10503.9,256.7,357.3,388.3,100.0,1.0
500322,3132,165,5.166458,1.0,0.117283,0.0,0.0,0.00199465,0.048995,1.0,0.370572,0.373127,1.0,11784.9,214.6,259.0,526.7,100.0,1.0
500483,3133,161,5.155176,0.703551,-0.033179,0.002908,0.0,0.00278812,-0.071626,1.0,0.261211,0.007509,1.0,11889.6,295.0,302.0,472.2,100.0,1.0
500644,3134,161,3.006069,0.389127,-0.20041,0.0,0.037869,0.00240237,-0.166783,0.773648,0.064827,-0.055592,1.0,10567.6,279.7,231.2,797.1,100.0,1.0
500800,3135,156,3.402955,0.775749,-0.401986,0.009806,0.0,0.00329109,-0.264398,0.52591,-0.034939,-0.141272,1.0,9623.7,280.2,332.3,213.4,100.0,1.0
500964,3136,164,3.234003,1.0,0.070664,0.000796,6.9e-05,0.00237152,-0.152218,0.671378,0.218655,0.026906,1.0,10178.0,247.8,277.0,859.1,100.0,1.0
501125,3137,161,3.906638,0.514662,-0.049945,0.0,1.6e-05,0.0020354,-0.041749,0.819036,0.014467,0.340151,1.0,10740.5,200.4,301.4,591.9,100.0,1.0
501286,3138,161,3.089658,0.851326,0.045194,0.0,0.0,0.00183806,-0.069788,0.807801,0.232205,0.183471,1.0,10697.7,226.0,218.2,780.0,100.0,1.0
501445,3139,159,3.804492,1.0,0.00645,0.0,0.0,0.0025615,-0.128856,0.747676,0.280702,0.020516,1.0,10468.6,256.5,233.6,561.2,100.0,1.0
501605,3140,160,5.587322,0.635657,-0.20053,0.0,0.0,0.00308824,-0.085226,0.88559,0.031922,0.133948,1.0,10994.1,242.4,342.6,237.4,100.0,1.0
501766,3141,161,3.885303,1.0,1.0,0.0,0.0,0.00352233,-0.282746,0.573931,-0.055547,-0.235579,1.0,9806.7,320.7,369.3,245.5,100.0,1.0
501923,3142,157,2.985211,1.0,-0.282573,0.0,0.0,0.00264407,-0.196592,0.49678,0.171628,0.040167,1.0,9512.7,228.6,274.6,508.5,100.0,1.0
502081,3143,158,2.741024,0.470192,0.133343,0.014903,0.0,0.00165338,-0.06057,0.613296,0.146888,0.386781,0.984619,9956.7,179.5,182.3,1050.4,100.0,1.0
502239,3144,158,3.028987,0.623147,-0.28751,0.0,2.8e-05,0.00265042,-0.197053,0.520346,-0.062923,0.097174,1.0,9602.5,218.8,247.2,365.3,100.0,1.0
502400,3145,161,4.080622,0.658888,-0.13331,0.0,0.000432,0.00261721,-0.122669,1.0,0.372792,-0.199827,1.0,11785.6,368.2,256.4,812.8,100.0,1.0
502559,3146,159,4.747967,0.451005,0.985765,0.0,0.0,0.00323444,-0.166726,0.832342,0.155578,-0.134564,1.0,10791.2,311.7,301.3,391.7,100.0,1.0
502715,3147,156,4.220438,0.2,-0.299516,0.0,0.000464,0.00313664,-0.180368,0.759301,0.011478,-0.071136,1.0,10512.9,283.0,328.9,390.6,100.0,1.0
502875,3148,160,4.208909,0.660773,-0.236561,0.0,0.000115,0.0031341,-0.193312,0.847023,0.201384,-0.250688,1.0,10847.2,361.9,291.4,601.2,100.0,1.0
503042,3149,167,5.740888,0.834464,0.719694,0.000316,0.0,0.00354288,-0.17133,0.895136,0.027551,-0.159565,1.0,11030.5,328.1,402.6,240.9,100.0,1.0
503205,3150,163,4.105329,1.0,-0.044618,0.0,0.0,0.00246609,-0.101329,0.786672,0.14148,0.126183,1.0,10617.2,235.7,278.9,684.9,100.0,1.0
503360,3151,155,4.087626,1.0,0.187872,0.0,0.0,0.00164331,0.044628,0.613191,0.278064,0.667369,0.961961,9956.3,149.3,175.9,759.8,100.0,1.0
503521,3152,161,5.900354,0.405147,0.00645,0.0,6.3e-05,0.00266251,0.003391,0.982064,0.131089,0.315888,1.0,11361.7,215.9,264.8,462.2,100.0,1.0
503682,3153,161,4.677193,0.59505,0.171108,0.00607,7e-06,0.00187805,0.040136,0.764582,0.322842,0.531168,0.978983,10533.1,172.0,241.1,575.8,100.0,1.0
503846,3154,164,4.96011,0.20109,-0.306401,0.017647,0.000177,0.00297334,-0.124443,0.905511,0.110321,-0.039509,1.0,11070.0,288.1,283.9,617.0,100.0,1.0
504009,3155,163,5.95691,1.0,0.990841,0.0,0.000214,0.00378039,-0.179983,0.840689,0.117572,-0.173041,1.0,10823.0,327.2,378.3,236.0,100.0,1.0
504168,3156,159,6.168523,0.2,0.160082,0.0,0.012322,0.00243929,0.063991,1.0,0.322723,0.439063,1.0,11540.4,200.5,216.4,921.5,100.0,1.0
504329,3157,161,6.938484,0.2,0.091976,0.0,0.135714,0.00272844,0.068968,1.0,0.385877,0.434601,1.0,12089.0,210.7,326.3,352.7,100.0,1.0
504493,3158,164,4.972578,0.671593,-0.033313,0.0,6.7e-05,0.00273541,-0.084348,1.0,0.420112,-0.087862,1.0,12013.4,329.3,295.0,494.9,100.0,1.0
504648,3159,155,3.114269,0.2,0.033258,0.0,0.0,0.00200108,-0.082021,0.733486,0.044567,0.26717,1.0,10414.6,205.5,210.7,620.1,100.0,1.0
504811,3160,163,2.081544,0.590187,-0.314107,0.002697,6.2e-05,0.00288482,-0.31778,0.400151,-0.324871,-0.117768,1.0,9144.6,259.1,316.9,497.7,100.0,1.0
504971,3161,160,4.115297,0.984246,0.02634,0.01963,7e-06,0.00233871,-0.07271,0.928801,0.114493,0.112135,1.0,11158.7,250.8,225.0,672.9,100.0,1.0
505131,3162,160,4.052814,0.160208,0.027773,0.003051,0.0,0.00237801,-0.083581,0.834201,0.076002,0.167563,1.0,10798.3,231.2,279.6,421.9,100.0,1.0
505298,3163,167,2.691945,0.483788,-0.256589,0.0,0.0,0.00279508,-0.269594,0.62409,0.022514,-0.25956,1.0,9997.8,337.6,243.4,738.9,100.0,1.0
505455,3164,157,2.663365,0.559659,-0.168378,0.0,6.3e-05,0.00247411,-0.19333,0.745876,0.170157,-0.156049,1.0,10461.8,309.9,257.8,647.5,100.0,1.0
505618,3165,163,3.951286,0.2,-0.161461,0.0,0.57444,0.002419,-0.104852,0.762557,0.007175,0.179305,1.0,10525.3,223.1,271.1,657.7,100.0,1.0
505781,3166,163,4.235963,0.538535,-0.272658,0.0,0.0,0.00293718,-0.168473,0.778324,-0.034798,-0.031913,1.0,10585.4,273.4,362.4,492.6,100.0,1.0
505943,3167,162,2.071533,0.971014,0.032344,0.0,6.7e-05,0.00159154,-0.106056,0.761769,0.026087,0.169643,1.0,10522.3,224.9,178.7,803.8,100.0,1.0
506108,3168,165,3.123557,0.2,-0.360553,0.002251,0.363498,0.00261483,-0.20264,0.856812,0.004583,-0.224337,1.0,10884.5,350.8,271.1,561.6,100.0,1.0
506267,3169,159,4.868572,0.2,0.126858,0.0,0.194604,0.00201822,0.035754,0.888745,0.235744,0.456899,0.991647,11006.1,188.9,286.0,742.2,100.0,1.0
506425,3170,158,5.228945,0.786291,0.121672,0.0,0.0,0.0020014,0.066802,0.884961,0.285659,0.537991,0.984002,10991.7,178.7,196.1,686.7,100.0,1.0
506583,3171,158,1.572172,0.814622,-0.171179,0.0,0.0,0.00220869,-0.233813,0.279359,-0.101378,0.174964,0.988584,8684.4,184.8,272.9,524.3,100.0,1.0
506750,3172,167,4.859846,0.499805,-0.353253,0.0,0.0,0.00308178,-0.158723,0.813654,-0.005469,-0.03863,1.0,10720.0,278.8,333.6,504.4,100.0,1.0
506911,3173,161,2.766077,0.2,0.027587,0.000586,0.350827,0.00260385,-0.216612,0.813287,0.129738,-0.276358,1.0,10718.6,370.3,279.0,593.0,100.0,1.0
507069,3174,158,4.710925,-0.036423,-0.031503,0.012102,0.000296,0.00250224,-0.05028,0.904043,0.147542,0.196516,1.0,11064.4,231.2,289.0,422.1,100.0,1.0
507232,3175,163,5.774808,0.956514,0.027832,0.0,0.000284,0.00252567,0.011322,1.0,0.181327,0.310631,1.0,11535.0,220.0,272.1,588.6,100.0,1.0
507397,3176,165,5.469681,0.375797,0.083305,0.0,0.0,0.00232032,0.017804,1.0,0.51964,0.219468,1.0,12222.1,250.6,235.7,617.8,100.0,1.0
507556,3177,159,5.058354,0.667081,0.12519,0.004716,2.4e-05,0.0024622,-0.02097,1.0,0.304479,0.161939,1.0,12129.9,261.0,267.7,857.8,100.0,1.0
507720,3178,164,4.620025,0.2,-0.295473,0.0,7.8e-05,0.00301918,-0.15675,0.918264,0.148014,-0.170391,1.0,11118.6,335.1,324.5,467.6,100.0,1.0
507878,3179,158,3.955919,0.949199,0.028615,0.012795,0.0,0.00229304,-0.072504,0.635208,0.167729,0.329884,0.991556,10040.1,188.7,302.6,456.5,100.0,1.0
508041,3180,163,1.515829,0.2,0.004097,0.0,0.000452,0.00204238,-0.221862,0.744316,0.187805,-0.255739,1.0,10455.8,351.2,267.3,899.6,100.0,1.0
508212,3181,171,3.274606,0.35286,-0.316402,0.0,0.0,0.00255575,-0.19718,0.745608,0.036127,-0.123982,1.0,10460.8,298.5,255.4,550.7,100.0,1.0
508371,3182,159,3.064746,1.0,0.004775,0.01546,7.9e-05,0.00223518,-0.130902,0.80902,0.119037,0.016465,1.0,10702.4,263.2,232.3,764.9,100.0,1.0
508530,3183,159,3.729573,0.275585,-0.006051,0.0,0.0,0.00252479,-0.128265,0.659853,0.028444,0.179757,1.0,10134.0,214.7,274.4,728.7,100.0,1.0
508682,3184,152,4.865821,0.2,0.058605,0.00272,0.014686,0.00212451,0.033482,1.0,0.363846,0.323659,1.0,11555.5,218.2,276.5,615.8,100.0,1.0
508843,3185,161,5.503375,1.0,0.039559,0.018911,2e-06,0.00263087,-0.020493,0.99143,0.248919,0.189193,1.0,11397.3,239.6,258.7,535.0,100.0,1.0
509003,3186,160,1.727222,0.2,-0.106626,0.004039,0.034309,0.00237691,-0.253802,0.526417,-0.138261,-0.071935,1.0,9625.6,259.3,266.5,1036.2,100.0,1.0
509160,3187,157,3.124807,0.474111,-0.12114,0.0,0.0,0.00274227,-0.201672,0.773492,0.168923,-0.206459,1.0,10567.0,332.9,275.5,543.7,100.0,1.0
509317,3188,157,3.833649,0.678135,-0.024612,0.0,0.0,0.00227823,-0.07689,0.659797,0.051908,0.334362,0.992397,10133.8,189.9,370.3,375.5,100.0,1.0
509480,3189,163,4.449438,0.2,-0.229452,0.0,0.001478,0.00245369,-0.074075,0.991448,0.201329,0.026433,1.0,11397.4,277.6,248.5,580.2,100.0,1.0
509642,3190,162,3.076239,0.895951,0.009373,0.015407,4.4e-05,0.00234782,-0.155043,0.699142,0.059015,0.047566,1.0,10283.7,245.4,210.8,841.9,100.0,1.0
509805,3191,163,4.455244,0.27861,0.129797,0.0,0.000101,0.00140001,0.098087,0.553893,0.377674,0.567726,0.709918,9730.3,155.2,104.7,1028.9,100.0,1.0
509958,3192,153,5.211981,1.0,-0.118289,0.0,0.0,0.00303614,-0.082852,0.751586,0.083282,0.236412,1.0,10483.5,212.0,388.4,376.8,100.0,1.0
510121,3193,163,4.409374,1.0,-0.241814,0.0,0.0001,0.00285639,-0.142664,1.0,0.241141,-0.222595,1.0,11958.0,384.5,322.8,479.5,100.0,1.0
510288,3194,167,3.314143,1.0,-0.198096,0.0,6.4e-05,0.00263122,-0.196688,0.737095,0.209375,-0.172998,1.0,10428.3,315.2,248.1,892.2,100.0,1.0
510445,3195,157,5.363791,0.374329,0.138952,0.0,1e-06,0.0023641,0.021693,1.0,0.549938,0.222332,1.0,11695.5,239.2,199.4,719.1,100.0,1.0
510610,3196,165,2.820989,0.336617,-0.367766,0.0,9.1e-05,0.00292835,-0.276596,0.615595,-0.135601,-0.223116,1.0,9965.4,320.7,403.7,561.9,100.0,1.0
510769,3197,159,2.609829,0.429811,0.063579,0.0,0.0,0.00210407,-0.143382,0.822331,0.142935,-0.044193,1.0,10753.1,281.3,232.1,701.6,100.0,1.0
510926,3198,157,4.448154,0.455445,-0.34452,0.0,0.0,0.00325381,-0.185077,0.773664,-0.033382,-0.083851,1.0,10567.7,288.4,347.7,351.6,100.0,1.0
511088,3199,162,4.863217,0.372607,-0.021934,0.0,6.6e-05,0.00257198,-0.060436,1.0,0.169817,0.075274,1.0,12059.3,280.4,311.8,738.3,100.0,1.0
511244,3200,156,1.161288,0.80132,-0.282625,0.0,0.000142,0.00253537,-0.310461,0.249184,-0.330487,0.034307,1.0,8569.4,207.1,306.7,368.9,100.0,1.0
511402,3201,158,1.32213,1.0,0.024022,0.0,0.0,0.00178005,-0.184389,0.472767,-0.009848,0.161345,1.0,9421.2,202.8,274.9,660.6,100.0,1.0
511559,3202,157,5.569755,0.515724,0.092377,0.0,8e-05,0.00264441,-0.007218,0.75521,0.181247,0.437583,0.986914,10497.3,182.6,249.1,579.0,100.0,1.0
511716,3203,157,2.76351,0.369438,-0.125705,0.010448,0.037495,0.00266737,-0.216374,0.71507,0.155666,-0.20236,1.0,10344.4,324.2,280.7,734.1,100.0,1.0
511879,3204,163,3.537944,1.0,-0.141104,0.0,0.0,0.00296967,-0.224916,0.782501,0.069444,-0.258285,1.0,10601.3,357.3,318.1,329.6,100.0,1.0
512036,3205,157,3.436922,0.708574,0.100294,0.0,1.9e-05,0.00208775,-0.076008,0.497597,0.18569,0.409437,0.976591,9515.8,168.8,255.1,587.3,100.0,1.0
512195,3206,159,2.71415,0.854776,-0.119035,0.017593,0.0,0.00268533,-0.228169,0.762438,0.317055,-0.334948,1.0,10524.9,395.6,326.7,481.2,100.0,1.0
512353,3207,158,4.227962,0.628316,-0.345757,0.0,7.3e-05,0.00312553,-0.18415,0.803483,0.075804,-0.142005,1.0,10681.3,311.2,338.4,427.6,100.0,1.0
512517,3208,164,5.202827,1.0,-0.217164,0.025082,4.3e-05,0.0030049,-0.111678,0.782363,0.075265,0.117348,1.0,10600.8,237.2,354.1,304.9,100.0,1.0
512674,3209,157,3.134978,1.0,-0.234015,0.027764,1e-05,0.00258878,-0.176765,0.596376,-0.011784,0.084397,1.0,9892.2,228.1,295.8,522.4,100.0,1.0
512837,3210,163,3.184907,1.0,-0.24939,0.0,0.0,0.00273952,-0.213213,0.58659,-0.132506,0.0113,1.0,9854.9,243.6,293.9,494.4,100.0,1.0
512993,3211,156,2.875831,1.0,-0.346444,0.018878,0.0,0.00281904,-0.229076,0.526147,-0.114265,0.002713,1.0,9624.6,240.0,287.6,367.0,100.0,1.0
513152,3212,159,4.919979,1.0,-0.045033,0.0,0.0,0.00272305,-0.072481,0.918253,0.192618,0.095645,1.0,11118.5,253.7,283.2,489.6,100.0,1.0
513314,3213,162,4.038275,0.2,-0.29407,0.0,0.013793,0.00283337,-0.163126,0.933557,0.04646,-0.170537,1.0,11176.9,336.9,319.2,654.0,100.0,1.0
513464,3214,150,-0.024876,0.2,0.002795,0.0,0.229065,0.00157866,-0.238606,0.278429,-0.037542,0.142947,0.992408,8680.8,189.9,227.6,670.4,100.0,1.0
513621,3215,157,4.877456,1.0,-0.198879,0.0,5.4e-05,0.00282928,-0.086839,1.0,0.385628,-0.084674,1.0,11469.5,313.3,321.0,381.8,100.0,1.0
513782,3216,161,4.72428,0.931716,0.103025,0.0,2.4e-05,0.00228469,-0.021689,0.90548,0.303827,0.238528,1.0,11069.9,223.4,228.0,734.7,100.0,1.0
513941,3217,159,5.378189,1.0,-0.119818,0.00421,0.0,0.00287144,-0.062512,0.900292,0.10243,0.173907,1.0,11050.1,235.3,339.4,682.5,100.0,1.0
514103,3218,162,5.049795,1.0,-0.13755,0.017962,0.0,0.00255247,-0.043482,1.0,0.448054,0.039042,1.0,11708.3,281.7,299.4,377.5,100.0,1.0
514271,3219,168,4.343463,0.261751,-0.170877,0.0,0.034057,0.00275872,-0.145211,0.765634,0.10448,0.009774,1.0,10537.1,260.9,312.1,472.2,100.0,1.0
514433,3220,162,3.568226,-0.143929,0.019269,0.0,9.1e-05,0.00194508,-0.053627,0.790301,-0.054894,0.345467,0.998151,10631.0,197.5,253.6,705.6,100.0,1.0
514593,3221,160,4.601154,0.666038,0.102854,0.0,0.0,0.00235811,-0.040153,0.868233,0.208817,0.23969,1.0,10928.0,220.4,215.9,813.0,100.0,1.0
514755,3222,162,3.594,1.0,-0.38145,0.0,0.0,0.00354978,-0.311774,0.462834,-0.228847,-0.181992,1.0,9383.4,286.8,404.0,239.0,100.0,1.0
514916,3223,161,4.96399,0.573381,-0.045101,0.0,0.000201,0.00277543,-0.083063,1.0,0.422694,-0.084441,1.0,11661.9,318.4,377.9,369.1,100.0,1.0
515080,3224,164,4.564084,0.2,-0.058527,0.0,0.198178,0.0025833,-0.089168,1.0,0.207651,-0.033111,1.0,11519.9,297.9,349.5,830.1,100.0,1.0
515243,3225,163,5.669082,0.626978,0.066704,0.010047,0.000271,0.00241982,0.021072,1.0,0.30878,0.300646,1.0,11603.7,223.0,251.5,726.9,100.0,1.0
515402,3226,159,4.940127,0.633327,0.056041,0.002369,0.0,0.0023444,-0.010686,0.854397,0.179569,0.359193,1.0,10875.3,200.0,288.4,790.5,100.0,1.0
515562,3227,160,3.530925,0.2,-0.129141,0.0,0.000105,0.00263293,-0.162488,0.714644,0.02093,0.022528,1.0,10342.8,252.9,263.9,629.8,100.0,1.0
515726,3228,164,5.361357,1.0,-0.083285,7.4e-05,0.0,0.00288481,-0.080163,0.956021,0.35252,-0.014735,1.0,11262.4,285.8,262.8,521.0,100.0,1.0
515887,3229,161,5.203994,0.2,-0.123464,0.0,0.106449,0.00285972,-0.078979,0.921831,0.21979,0.061948,1.0,11132.2,262.1,353.0,549.0,100.0,1.0
516047,3230,160,5.237151,0.909514,-0.097795,0.0,0.0,0.00265053,-0.040185,0.876209,0.22205,0.228525,1.0,10958.4,223.0,276.3,507.3,100.0,1.0
516209,3231,162,3.503961,0.659089,-0.288123,0.0,0.0,0.00269415,-0.179605,0.560353,0.109258,0.064604,1.0,9754.9,229.1,258.3,662.1,100.0,1.0
516376,3232,167,1.154009,1.0,-0.08223,0.0,0.0,0.00225391,-0.291811,0.467307,-0.034426,-0.183983,1.0,9400.4,288.0,227.1,861.1,100.0,1.0
516534,3233,158,3.662599,1.0,-0.282426,0.0,0.0,0.00264852,-0.149984,0.654004,0.108604,0.085516,1.0,10111.8,232.9,260.6,549.9,100.0,1.0
516693,3234,159,2.105041,0.751238,-0.17511,0.0,0.0,0.00257555,-0.255203,0.65075,0.136042,-0.27165,1.0,10099.4,346.7,263.2,589.6,100.0,1.0
516852,3235,159,4.988531,1.0,0.073075,0.015462,0.0,0.00235562,-0.008868,1.0,0.510558,0.133588,1.0,11611.0,256.1,222.8,830.1,100.0,1.0
517012,3236,160,4.218599,0.2,0.14496,0.007256,0.146136,0.00161932,0.050134,0.706002,0.329709,0.601376,0.970715,10309.9,161.0,232.2,946.0,100.0,1.0
517175,3237,163,4.610858,1.0,-0.054897,0.0,0.000212,0.00283795,-0.124646,1.0,0.303847,-0.183435,1.0,11483.3,351.6,380.5,485.9,100.0,1.0
517326,3238,151,4.591034,0.203866,0.100531,0.0,0.095661,0.00216716,0.009277,0.733223,0.183502,0.50206,0.979991,10413.6,173.3,291.9,408.6,100.0,1.0
517487,3239,161,2.388867,0.39228,0.038937,0.0,0.0,0.00196568,-0.141378,0.642651,0.125708,0.117961,1.0,10068.5,225.2,216.4,897.1,100.0,1.0
517647,3240,160,4.667874,0.215205,-0.00522,0.0,0.245879,0.00261806,-0.076791,1.0,0.319916,-0.029276,1.0,11745.6,302.5,285.8,566.5,100.0,1.0
517809,3241,162,5.209276,0.2,-0.336313,0.0,0.171157,0.00289773,-0.087649,1.0,0.124971,-0.000488,1.0,11654.5,291.5,337.0,533.8,100.0,1.0
517971,3242,162,5.032036,0.912265,0.057204,0.0,2.4e-05,0.00263789,-0.058511,0.810474,0.09707,0.263879,1.0,10707.9,211.8,304.0,613.2,100.0,1.0
518133,3243,162,3.633846,0.799599,0.154011,0.0,0.0,0.00151509,0.020916,0.810877,0.449413,0.402848,0.993139,10709.4,190.9,182.4,1114.7,100.0,1.0
518293,3244,160,6.019314,0.088036,-0.01402,0.00627,6.5e-05,0.00272691,0.004877,1.0,0.303963,0.24827,1.0,11475.4,229.8,298.2,578.5,100.0,1.0
518450,3245,157,3.487312,1.0,-0.286571,0.0,3.5e-05,0.00281154,-0.18581,0.584803,-0.108228,0.096042,1.0,9848.1,224.6,327.6,361.7,100.0,1.0
518611,3246,161,4.184406,1.0,-0.130999,0.0,0.0,0.00280752,-0.145293,0.707442,0.06395,0.071506,1.0,10315.4,240.7,313.7,625.2,100.0,1.0
518779,3247,168,3.461609,1.0,-0.282286,0.0,0.000311,0.00284405,-0.224067,0.73412,-0.003855,-0.190705,1.0,10417.0,321.8,328.6,502.4,100.0,1.0
518936,3248,157,4.834699,0.220746,-0.03409,0.0,0.125814,0.00245746,-0.031372,1.0,0.242204,0.148024,1.0,11435.5,249.0,275.5,623.8,100.0,1.0
519106,3249,170,5.175992,0.396425,-0.335719,0.015917,0.0,0.00267925,-0.076014,1.0,0.207367,0.01083,1.0,11605.5,287.0,259.2,485.7,100.0,1.0
519269,3250,163,2.4837,0.804212,-0.355415,0.0,0.0,0.0029899,-0.305283,0.655713,-0.125103,-0.35567,1.0,10118.3,392.6,331.6,525.2,100.0,1.0
519431,3251,162,2.379392,0.951305,0.854701,0.0,0.000357,0.00317716,-0.34027,0.426349,-0.16838,-0.266731,1.0,9244.4,315.2,287.7,489.0,100.0,1.0
519595,3252,164,5.257775,0.890917,0.031089,0.001536,0.000215,0.00275321,-0.066015,1.0,0.345391,-0.001848,1.0,12063.4,302.1,339.1,648.2,100.0,1.0
519750,3253,155,5.247625,1.0,-0.299752,0.021214,0.0,0.00310905,-0.097117,1.0,0.177275,-0.049483,1.0,11506.6,302.6,381.1,279.2,100.0,1.0
519912,3254,162,3.588128,0.80763,-0.165718,0.0,3.6e-05,0.00267651,-0.170474,0.739327,0.068587,-0.040546,1.0,10436.8,271.9,267.8,491.2,100.0,1.0
520076,3255,164,5.877438,0.556829,1.0,0.0,0.001792,0.00353232,-0.14829,1.0,0.292304,-0.258403,1.0,11605.8,391.2,425.9,257.0,100.0,1.0
520234,3256,158,2.710185,0.2,0.059448,0.0,0.35,0.0019385,-0.107498,0.547313,0.105116,0.304902,0.989454,9705.3,185.9,199.0,779.3,100.0,1.0
520395,3257,161,4.409249,0.298249,-0.00399,0.0,0.011567,0.00247697,-0.075427,1.0,0.181695,0.021345,1.0,11519.3,282.0,294.6,891.6,100.0,1.0
520556,3258,161,4.287337,0.2,-0.148136,0.0,0.000157,0.00279933,-0.136276,0.903628,0.256965,-0.126264,1.0,11062.8,316.5,320.3,738.9,100.0,1.0
520718,3259,162,3.514082,0.2,-0.378617,0.0,0.35,0.00296462,-0.222548,0.64902,-0.052095,-0.098645,1.0,10092.8,279.9,331.2,607.7,100.0,1.0
520872,3260,154,3.484306,1.0,-0.115981,0.0,6.5e-05,0.00266842,-0.155364,0.747233,-0.034263,0.037513,1.0,10467.0,252.2,267.0,413.4,100.0,1.0
521034,3261,162,4.755038,-0.004173,0.00881,0.0,0.0,0.00266938,-0.083659,0.976834,0.167423,0.017968,1.0,11341.7,278.5,323.2,492.6,100.0,1.0
521194,3262,160,6.846567,0.457649,0.067598,0.0,1.7e-05,0.00246095,0.108476,1.0,0.550622,0.511378,1.0,12409.9,205.3,280.0,540.2,100.0,1.0
521362,3263,168,4.68635,-0.129642,-0.115522,0.001717,1.1e-05,0.00265393,-0.102096,1.0,0.277619,-0.099526,1.0,11948.2,331.7,312.4,591.3,100.0,1.0
521518,3264,156,3.545188,0.815376,-0.422481,0.0,0.0,0.00303795,-0.213869,0.604042,0.024398,-0.057732,1.0,9921.4,263.2,342.3,396.9,100.0,1.0
521674,3265,156,0.685135,0.904019,-0.388279,0.0,0.000161,0.00232725,-0.312788,0.21438,-0.300597,0.045588,1.0,8436.8,201.7,322.7,480.2,100.0,1.0
521830,3266,156,2.04115,1.0,-0.328261,0.0,0.0,0.00288954,-0.301041,0.438442,-0.127121,-0.159798,1.0,9290.5,276.4,273.6,522.3,100.0,1.0
521996,3267,166,2.652524,0.712573,-0.236309,0.0,0.0,0.00290442,-0.287567,0.621257,-0.063795,-0.288338,1.0,9987.0,350.8,340.4,499.2,100.0,1.0
522150,3268,154,4.542163,0.507189,0.135044,0.0,0.0,0.00207274,0.01403,0.897026,0.37763,0.340036,1.0,11037.7,205.9,215.3,946.6,100.0,1.0
522313,3269,163,4.658039,0.606655,-0.261581,0.0,0.000448,0.00297593,-0.143379,1.0,0.060901,-0.164896,1.0,11594.8,347.1,368.8,403.3,100.0,1.0
522469,3270,156,1.039405,0.330738,-0.314707,0.0,0.000709,0.00270241,-0.345341,0.269555,-0.056148,-0.190383,1.0,8647.0,267.0,263.3,802.1,100.0,1.0
522631,3271,162,3.554876,0.479853,0.115558,0.0,5e-05,0.00164548,-0.005751,0.742156,0.186421,0.449555,0.98514,10447.6,180.2,179.5,773.9,100.0,1.0
522792,3272,161,4.938613,0.230365,-0.294801,0.0,0.06146,0.00305852,-0.130126,0.743118,0.086673,0.084758,1.0,10451.3,240.9,310.3,345.3,100.0,1.0
522950,3273,158,5.853207,0.434458,0.070739,0.0,0.000198,0.00239702,0.05072,1.0,0.357598,0.383202,1.0,11991.3,216.7,282.1,591.2,100.0,1.0
523113,3274,163,-0.270088,1.0,-0.059124,0.0,0.0,0.00151802,-0.267236,0.404836,-0.229473,0.015006,1.0,9162.4,225.7,242.0,1005.9,100.0,1.0
523274,3275,161,5.68861,0.98425,0.054008,0.019192,0.000334,0.00251445,0.012512,1.0,0.622826,0.167432,1.0,12702.5,272.0,246.8,662.1,100.0,1.0
523439,3276,165,5.009229,1.0,-0.224488,0.0,0.000621,0.00274586,-0.085579,1.0,0.386467,-0.080753,1.0,12246.3,333.1,272.5,400.6,100.0,1.0
523604,3277,165,5.339572,0.256431,-0.151489,0.0,0.03985,0.0027938,-0.069248,1.0,0.225252,0.027422,1.0,11473.4,279.2,303.2,742.6,100.0,1.0
523767,3278,163,2.319465,0.582951,-0.326434,0.0,0.00042,0.00272848,-0.27458,0.524914,-0.299025,-0.086352,1.0,9619.9,263.2,316.5,512.0,100.0,1.0
523919,3279,152,6.676117,0.402675,0.006806,0.0,0.000168,0.00308545,0.020875,1.0,0.244922,0.321276,1.0,11934.2,225.8,333.8,463.0,100.0,1.0
524083,3280,164,3.040016,-0.110672,-0.160032,0.002471,0.0,0.00258132,-0.200257,0.761149,0.097513,-0.167653,1.0,10520.0,316.0,303.6,487.5,100.0,1.0
524237,3281,154,3.668464,0.743163,0.056114,0.017657,0.0,0.00175419,-0.00094,0.792638,0.404249,0.363901,0.996271,10640.0,195.0,205.3,610.9,100.0,1.0
524391,3282,154,4.451165,0.402318,0.115255,0.0,0.0,0.00214994,-0.004477,0.836816,0.197996,0.384203,0.996406,10808.3,195.2,340.9,567.4,100.0,1.0
524547,3283,156,3.639962,0.32061,0.027738,0.0,0.003027,0.00228165,-0.088863,0.819075,0.104216,0.153157,1.0,10740.7,232.9,228.7,672.3,100.0,1.0
524699,3284,152,6.869631,1.0,0.098063,0.0,0.0,0.00272469,0.089874,1.0,0.45302,0.481906,1.0,12505.1,211.0,318.8,288.2,100.0,1.0
524860,3285,161,4.877961,0.53915,0.092156,0.0,1e-05,0.00229534,-0.01165,0.909535,0.207746,0.30064,1.0,11085.3,213.1,281.5,575.8,100.0,1.0
525027,3286,167,5.842157,0.88546,-0.18851,0.006252,7.2e-05,0.00277858,-0.035389,1.0,0.348376,0.099243,1.0,12447.0,283.1,277.0,509.2,100.0,1.0
525190,3287,163,1.092255,0.2,-0.282617,0.0,7e-05,0.00251521,-0.329844,0.397596,-0.226569,-0.188619,1.0,9134.8,281.5,246.2,749.6,100.0,1.0
525353,3288,163,4.01447,0.016787,-0.295226,0.016388,0.000614,0.00283305,-0.16724,0.843166,-0.032558,-0.082587,1.0,10832.5,295.2,313.6,456.7,100.0,1.0
525509,3289,156,3.178067,0.238256,-0.236844,0.0,0.000296,0.00267104,-0.183492,0.676737,-0.040243,0.004494,1.0,10198.4,253.8,333.6,399.9,100.0,1.0
525660,3290,151,0.880709,0.912696,-0.066221,0.0,4e-05,0.00172127,-0.195273,0.319544,-0.262872,0.3097,0.976519,8837.5,168.7,268.8,484.1,100.0,1.0
525818,3291,158,4.153786,0.517448,0.03571,0.003866,3.5e-05,0.00223289,-0.04801,0.747777,0.080178,0.351242,0.99527,10469.0,193.7,298.8,629.3,100.0,1.0
525979,3292,161,4.888804,1.0,-0.131946,0.0,0.0,0.00285799,-0.101437,0.806524,0.119094,0.116742,1.0,10692.9,239.4,391.9,436.1,100.0,1.0
526140,3293,161,4.953851,0.96463,-0.118104,0.0,0.0,0.00281221,-0.089264,0.864335,0.029729,0.138931,1.0,10913.1,239.5,350.0,303.1,100.0,1.0
526296,3294,156,0.529248,0.261229,-0.201646,0.0,0.025068,0.00208942,-0.287106,0.263153,-0.178951,0.050003,1.0,8622.6,205.3,255.8,765.3,100.0,1.0
526454,3295,158,3.644241,0.903891,-0.297097,0.0,0.000529,0.00294819,-0.198417,0.708419,0.036467,-0.097228,1.0,10319.1,285.8,314.3,426.0,100.0,1.0
526618,3296,164,6.415388,1.0,-0.046507,0.0,0.0,0.00288215,-0.00189,1.0,0.18321,0.265963,1.0,11911.7,235.2,330.5,411.6,100.0,1.0
526779,3297,161,3.431243,-0.064282,0.109376,0.006044,0.0,0.00193213,-0.059255,0.752903,0.236074,0.263039,1.0,10488.6,207.6,243.5,629.6,100.0,1.0
526938,3298,159,2.92204,-0.065875,-0.182685,0.0,2.9e-05,0.00269494,-0.214078,0.533112,-0.166889,0.064444,1.0,9651.2,226.7,325.3,630.2,100.0,1.0
527097,3299,159,3.659194,0.2,0.05379,0.0,0.146805,0.00197305,-0.045181,0.791943,0.130815,0.312506,1.0,10637.3,202.6,275.0,508.4,100.0,1.0
527258,3300,161,3.684183,1.0,-0.274863,0.0,0.0,0.0032708,-0.256277,0.512274,-0.117841,-0.075204,1.0,9571.8,258.8,357.9,396.7,100.0,1.0
527420,3301,162,4.246213,0.929017,0.128399,0.0,0.0,0.00154941,0.060618,0.792129,0.317768,0.575408,0.97661,10638.0,168.8,197.0,865.9,100.0,1.0
527585,3302,165,4.318874,1.0,-0.321003,0.000255,0.0,0.0032185,-0.214145,0.713373,-0.074703,-0.116727,1.0,10338.0,292.6,410.4,290.3,100.0,1.0
527742,3303,157,6.106963,1.0,-0.304549,0.0,0.0,0.00330455,-0.070608,0.931455,0.037877,0.142467,1.0,11168.8,244.4,404.8,218.6,100.0,1.0
527901,3304,159,2.858589,-0.069084,0.016326,0.0,1.3e-05,0.00207264,-0.119715,0.532184,-0.039524,0.321949,0.986838,9647.6,182.5,269.8,552.8,100.0,1.0
528060,3305,159,6.057338,0.59077,0.147458,0.02259,0.0,0.00245475,0.054301,1.0,0.397182,0.381942,1.0,11701.1,211.7,256.3,514.3,100.0,1.0
528220,3306,160,3.39082,1.0,-0.008897,0.00279,0.0,0.00220002,-0.103119,0.725094,-0.006911,0.220996,1.0,10382.6,212.6,204.7,653.9,100.0,1.0
528385,3307,165,5.2836,0.308537,-0.137893,0.0,0.042659,0.00278478,-0.0717,0.966983,0.158929,0.06887,1.0,11304.2,264.4,345.5,540.7,100.0,1.0
528544,3308,159,4.533927,0.2,-0.176022,0.0,0.344668,0.00277438,-0.108339,0.893834,-0.012287,0.064773,1.0,11025.5,258.9,353.4,435.6,100.0,1.0
528699,3309,155,4.14456,1.0,-0.038961,0.0,0.0,0.00249206,-0.082033,0.735371,-0.003876,0.281704,1.0,10421.8,203.3,367.7,278.1,100.0,1.0
528853,3310,154,3.580045,0.611731,-0.330987,0.0,0.0,0.00284789,-0.175789,0.675722,0.040044,0.004254,1.0,10194.5,253.8,318.3,370.4,100.0,1.0
529014,3311,161,5.006887,0.2,-0.366939,0.0,0.0,0.00340468,-0.180628,0.738704,-0.031145,-0.04063,1.0,10434.5,271.9,398.1,513.1,100.0,1.0
529172,3312,158,0.906737,0.2,-0.410784,0.0,0.039062,0.00260686,-0.345325,0.345235,-0.14608,-0.22342,1.0,8935.3,287.7,272.8,786.4,100.0,1.0
529329,3313,157,5.174512,0.409336,-0.31698,0.0,0.000424,0.00282898,-0.064243,1.0,0.3071,0.016825,1.0,12031.9,295.8,292.9,536.1,100.0,1.0
529492,3314,163,2.471539,0.741537,-0.220864,0.003849,0.000439,0.00230151,-0.193677,0.716457,0.04778,-0.091899,1.0,10349.7,284.9,228.0,584.1,100.0,1.0
529652,3315,160,1.480395,1.0,-0.331754,0.0,0.0,0.00266763,-0.318146,0.32432,-0.205698,-0.09552,1.0,8855.7,244.8,311.4,557.6,100.0,1.0
529817,3316,165,4.319903,1.0,-0.234261,0.0,0.0,0.00261361,-0.114067,1.0,0.111793,-0.084154,1.0,11713.7,319.8,280.9,429.3,100.0,1.0
529980,3317,163,5.807541,0.2,0.03569,0.0,0.209965,0.00259433,0.00354,1.0,0.356752,0.226216,1.0,11817.0,240.9,303.7,827.6,100.0,1.0
530139,3318,159,5.403903,0.218891,0.050665,0.0,0.014555,0.00220186,0.0467,1.0,0.394172,0.357611,1.0,11771.4,216.8,230.6,652.5,100.0,1.0
530297,3319,158,4.057911,1.0,0.002815,0.0,0.0,0.00246864,-0.092093,0.875503,0.180143,0.070056,1.0,10955.7,256.0,237.9,523.0,100.0,1.0
530459,3320,162,4.235141,0.479605,-0.281941,0.0,0.000181,0.00289133,-0.157451,0.752421,0.017475,0.008988,1.0,10486.7,259.8,298.1,569.4,100.0,1.0
530616,3321,157,5.263256,0.2,0.046642,0.0,0.029875,0.00237567,0.013488,0.98323,0.321943,0.284954,1.0,11366.1,221.1,255.7,623.8,100.0,1.0
530775,3322,159,5.611571,0.760879,0.068059,0.0,4.2e-05,0.00279908,-0.033021,1.0,0.516481,0.051103,1.0,12880.7,306.4,334.4,518.3,100.0,1.0
530937,3323,162,5.274536,1.0,-0.049574,0.0,6.7e-05,0.00273691,-0.056071,0.993492,0.117468,0.112697,1.0,11405.2,256.3,357.9,346.9,100.0,1.0
531097,3324,160,2.247166,0.2,-0.322845,0.0,0.045714,0.00272459,-0.270929,0.535908,-0.070215,-0.159616,1.0,9661.8,287.4,291.2,513.8,100.0,1.0
531260,3325,163,2.47585,1.0,0.127061,0.0,0.0,0.00148185,-0.059719,0.816791,0.266889,0.14998,0.958855,10732.0,233.3,142.7,913.0,100.0,1.0
531426,3326,166,2.503814,1.0,-0.188985,0.0,0.0,0.00250209,-0.231499,0.714974,-0.078952,-0.174492,1.0,10344.1,313.3,298.2,649.4,100.0,1.0
531580,3327,154,4.796905,1.0,-0.311279,0.0,0.0,0.00286142,-0.088424,0.915489,0.31704,0.003333,1.0,11108.0,276.8,313.8,318.1,100.0,1.0
531736,3328,156,4.756262,0.675429,-0.086882,0.0,0.000196,0.0025532,-0.049037,1.0,0.309168,0.06682,1.0,11607.9,272.0,254.2,487.8,100.0,1.0
531897,3329,161,5.346276,0.678653,-0.05288,0.0,0.000116,0.00269111,-0.040683,1.0,0.247568,0.1152,1.0,11903.7,266.9,303.5,468.2,100.0,1.0
532056,3330,159,4.732214,0.923424,-0.205911,0.0,0.000347,0.00284284,-0.104517,0.917438,0.298969,-0.045912,1.0,11115.4,291.3,301.1,488.5,100.0,1.0
532217,3331,161,5.067477,0.880477,-0.186257,0.0,0.000181,0.00324691,-0.150634,1.0,0.2462,-0.250847,1.0,11552.1,385.5,361.7,359.1,100.0,1.0
532373,3332,156,5.855535,0.2,-0.069038,0.0,0.0,0.00300883,-0.039325,0.946856,0.174758,0.188283,1.0,11227.5,236.2,353.5,463.9,100.0,1.0
532532,3333,159,3.876202,0.2,0.020273,0.0,3.9e-05,0.00253528,-0.118406,0.940633,0.291613,-0.109087,1.0,11203.8,314.4,299.3,711.5,100.0,1.0
532691,3334,159,5.18622,1.0,0.108341,0.012031,3.1e-05,0.00197876,0.0663,0.950431,0.474971,0.433817,0.997,11241.1,196.0,195.2,980.1,100.0,1.0
532857,3335,166,3.645058,1.0,0.917192,0.0,0.0,0.00341075,-0.298507,0.546488,-0.129894,-0.240465,1.0,9702.1,319.3,371.8,326.5,100.0,1.0
533020,3336,163,4.041413,0.2,-0.182857,0.0,0.000338,0.00257581,-0.123006,0.79701,0.04965,0.075922,1.0,10656.6,247.6,269.8,801.2,100.0,1.0
533186,3337,166,4.86435,0.2,-0.292797,0.0,0.078786,0.00296133,-0.134284,1.0,0.296545,-0.21313,1.0,12845.5,408.1,371.2,411.9,100.0,1.0
533344,3338,158,5.087581,0.2,-0.265185,0.0,0.0,0.00303723,-0.106149,0.843263,0.159533,0.056938,1.0,10832.8,256.2,378.2,388.3,100.0,1.0
533505,3339,161,5.894467,0.701656,-0.351683,0.008661,0.0,0.00322189,-0.085679,1.0,0.321262,-0.05935,1.0,12239.8,325.3,341.1,319.7,100.0,1.0
533662,3340,157,5.196692,0.481389,-0.12937,0.004968,0.000258,0.00269644,-0.041519,1.0,0.184765,0.13335,1.0,11687.3,257.8,302.0,460.3,100.0,1.0
533824,3341,162,1.795787,0.242285,-0.313479,0.0,0.047601,0.00236923,-0.251867,0.480563,-0.26996,0.016626,1.0,9450.9,232.4,292.9,496.6,100.0,1.0
533979,3342,155,2.755824,0.508488,0.010185,0.006103,2e-05,0.00177192,-0.072161,0.659117,0.017597,0.359069,0.989773,10131.2,186.4,251.2,565.9,100.0,1.0
534139,3343,160,2.385445,1.0,-0.045149,0.002785,0.000264,0.0024787,-0.221341,0.593496,-0.026301,-0.056949,1.0,9881.2,261.9,201.3,659.5,100.0,1.0
534304,3344,165,4.077087,0.924367,-0.224833,0.0,0.0,0.00273134,-0.151148,0.775259,-0.089301,0.046559,1.0,10573.7,252.6,354.7,379.9,100.0,1.0
534464,3345,160,2.326657,0.2,-0.345253,0.0,0.064391,0.00261073,-0.246786,0.654732,0.058416,-0.221034,1.0,10114.5,324.6,279.3,629.8,100.0,1.0
534622,3346,158,5.048694,1.0,0.051264,0.0,0.000339,0.00259807,-0.039572,1.0,0.257898,0.11546,1.0,11804.5,264.6,295.2,503.3,100.0,1.0
534783,3347,161,4.158328,0.034819,-0.05973,0.022844,0.0,0.00253653,-0.102874,0.874167,0.117993,0.055951,1.0,10950.6,259.3,284.5,691.3,100.0,1.0
534940,3348,157,4.789936,0.2,-0.316149,0.0,0.35079,0.00343869,-0.187976,0.829176,0.048099,-0.166935,1.0,10779.2,323.5,391.9,354.5,100.0,1.0
535103,3349,163,5.51272,0.2,0.066887,0.0,0.0,0.0025503,-0.01061,1.0,0.290854,0.201017,1.0,11837.8,246.4,275.3,659.0,100.0,1.0
535262,3350,159,5.602017,1.0,0.073036,0.0,0.0,0.00244087,0.023562,1.0,0.220923,0.338232,1.0,11690.4,218.4,273.1,645.1,100.0,1.0
535418,3351,156,3.404397,1.0,-0.123922,0.009112,0.0,0.00301997,-0.220962,0.757491,0.263937,-0.289095,1.0,10506.0,369.5,332.1,483.4,100.0,1.0
535574,3352,156,4.681909,0.623803,0.162457,0.0,8.6e-05,0.00163282,0.089343,0.860296,0.510251,0.555712,0.981343,10897.7,175.1,212.7,706.0,100.0,1.0
535734,3353,160,5.553983,0.647078,0.108862,0.0,2.4e-05,0.00213289,0.066853,1.0,0.278976,0.460891,0.998033,11533.8,197.4,253.0,568.4,100.0,1.0
535892,3354,158,2.361076,0.990428,-0.339861,0.0,6.9e-05,0.0027898,-0.267319,0.498426,-0.227018,-0.064079,1.0,9519.0,254.3,346.4,479.1,100.0,1.0
536050,3355,158,2.814649,0.49618,-0.314424,0.004346,0.000932,0.00274248,-0.226496,0.720611,0.147223,-0.237902,1.0,10365.5,340.0,306.2,745.3,100.0,1.0
536213,3356,163,5.568185,0.30425,-0.109948,0.0,1.8e-05,0.00285886,-0.056824,0.993854,0.123482,0.107881,1.0,11406.6,257.4,340.2,477.1,100.0,1.0
536376,3357,163,4.340614,0.2,-0.134142,0.0,0.015192,0.00256306,-0.098789,0.884693,0.015208,0.095055,1.0,10990.7,250.9,337.2,561.4,100.0,1.0
536540,3358,164,2.713223,1.0,1.0,0.0,0.0,0.00320899,-0.326893,0.519479,0.017204,-0.36161,1.0,9599.2,375.9,312.3,343.8,100.0,1.0
536695,3359,155,2.298117,1.0,-0.220807,0.0,0.0,0.0024648,-0.213143,0.459364,0.020841,0.066439,1.0,9370.2,219.7,240.6,576.9,100.0,1.0
536859,3360,164,0.072618,0.498831,-0.21742,0.0,0.0,0.00230056,-0.371955,0.355792,-0.120329,-0.329568,1.0,8975.6,334.7,229.3,779.6,100.0,1.0
537019,3361,160,4.000103,0.305678,-0.268058,0.0,0.000274,0.00252708,-0.110356,0.869059,0.179999,0.014599,1.0,10931.1,269.3,270.4,481.9,100.0,1.0
537176,3362,157,5.052055,0.33644,0.043314,0.0,0.000381,0.00268748,-0.050647,1.0,0.446879,0.015552,1.0,11596.3,285.5,312.5,555.6,100.0,1.0
537338,3363,162,6.630795,0.37863,-0.157997,0.007651,7.2e-05,0.00308952,-0.013169,1.0,0.148996,0.23977,1.0,12562.4,253.3,358.0,353.3,100.0,1.0
537500,3364,162,2.609671,1.0,-0.387366,0.0,0.0,0.00309837,-0.310145,0.425367,-0.30844,-0.118808,1.0,9240.6,262.2,393.3,466.9,100.0,1.0
537666,3365,166,2.791269,1.0,0.820464,0.0,0.0,0.0033077,-0.343914,0.479348,-0.25735,-0.293387,1.0,9446.3,334.2,368.3,469.8,100.0,1.0
537829,3366,163,6.23191,1.0,-0.125568,0.005176,0.0,0.00344921,-0.104061,1.0,0.126068,-0.05556,1.0,11942.6,316.1,416.4,218.8,100.0,1.0
537988,3367,159,5.175633,0.394207,-0.31985,0.0,0.000783,0.0030526,-0.104801,1.0,0.336667,-0.128227,1.0,12145.8,348.3,356.3,514.3,100.0,1.0
538148,3368,160,1.399547,0.711583,-0.110203,0.003002,0.0,0.00209951,-0.232996,0.350816,-0.165936,0.148561,0.996215,8956.6,195.0,263.0,607.9,100.0,1.0
538309,3369,161,4.165607,0.873008,-0.167996,0.0,0.0,0.00276283,-0.138515,0.945944,0.191426,-0.147145,1.0,11224.0,329.0,314.8,439.4,100.0,1.0
538462,3370,153,4.1814,0.2,0.149275,0.0,0.0,0.0015717,0.066995,0.766863,0.355517,0.601424,0.973426,10541.7,164.6,279.2,578.2,100.0,1.0
538622,3371,160,5.138513,0.772872,0.06708,0.0,0.000394,0.00289135,-0.084806,1.0,0.254695,-0.034253,1.0,11733.0,303.7,363.6,523.5,100.0,1.0
538785,3372,163,3.247008,0.427783,-0.11848,0.0,0.0,0.00276792,-0.212427,0.738662,0.112118,-0.194346,1.0,10434.3,323.8,271.8,639.4,100.0,1.0
538949,3373,164,5.43956,0.974312,0.020144,0.0,0.0,0.00256612,-0.020839,1.0,0.191075,0.200177,1.0,11520.9,240.0,352.4,620.4,100.0,1.0
539107,3374,158,4.740723,-0.196298,-0.158338,0.0,0.000108,0.00278175,-0.090894,1.0,0.061788,0.009757,1.0,11456.4,283.6,368.8,580.6,100.0,1.0
539267,3375,160,5.223404,1.0,-0.188159,0.0,0.0,0.00309447,-0.110988,0.878924,0.079146,0.03789,1.0,10968.7,264.2,335.2,308.9,100.0,1.0
539427,3376,160,0.298739,0.948808,-0.387708,0.0,1.3e-05,0.00275735,-0.419229,0.154737,-0.380617,-0.232839,1.0,8209.5,267.5,299.7,525.4,100.0,1.0
539587,3377,160,3.848368,1.0,-0.191697,0.002672,0.000161,0.00262721,-0.137302,0.711895,0.090881,0.085455,1.0,10332.3,238.0,270.0,428.3,100.0,1.0
539742,3378,155,4.066371,0.924699,-0.253222,0.0,0.0,0.00297911,-0.162676,0.85451,0.168582,-0.143873,1.0,10875.7,317.6,354.5,392.0,100.0,1.0
539903,3379,161,4.509539,0.899562,-0.240301,0.009027,0.0,0.00297986,-0.148059,0.832054,0.084774,-0.048499,1.0,10790.1,283.5,338.8,343.6,100.0,1.0
540070,3380,167,3.152909,1.0,-0.117514,0.004826,0.0,0.00229558,-0.151426,0.833375,0.00067,-0.03279,1.0,10795.2,279.0,245.1,653.0,100.0,1.0
540228,3381,158,4.64431,0.563287,-0.006177,0.0,0.0,0.00245232,-0.045835,0.826747,0.1839,0.263627,1.0,10769.9,213.1,322.7,610.0,100.0,1.0
540394,3382,166,2.40567,0.28633,-0.059547,0.033958,0.000366,0.00250486,-0.238858,0.622929,-0.017501,-0.142801,1.0,9993.4,291.5,306.6,694.4,100.0,1.0
540553,3383,159,3.375127,1.0,-0.039853,0.009449,0.0,0.00241311,-0.135412,0.831823,0.250931,-0.061534,1.0,10789.2,287.4,254.6,567.4,100.0,1.0
540716,3384,163,2.274647,0.481822,-0.308063,0.0,0.000125,0.00274917,-0.280811,0.529403,-0.166521,-0.155032,1.0,9637.0,285.1,345.3,448.5,100.0,1.0
540882,3385,166,3.835511,0.2,-0.217949,0.0,0.117709,0.00247253,-0.128306,0.970822,0.274583,-0.161567,1.0,11318.8,337.5,286.7,818.4,100.0,1.0
541037,3386,155,2.417884,0.34573,-0.300574,0.0,0.00014,0.0025327,-0.214716,0.585739,0.003485,-0.03833,1.0,9851.7,256.1,269.7,803.4,100.0,1.0
541194,3387,157,2.283881,1.0,-0.378546,0.00073,0.0,0.00277994,-0.268464,0.553285,0.033987,-0.200612,1.0,9728.0,304.2,320.5,303.5,100.0,1.0
541352,3388,158,4.599745,0.359534,-0.182632,0.0,0.0,0.00265614,-0.081317,0.987439,0.190658,0.009192,1.0,11382.1,282.0,295.7,472.5,100.0,1.0
541507,3389,155,2.91124,0.845127,-0.242356,0.014146,2.9e-05,0.00260766,-0.190039,0.630547,-0.070932,0.031392,1.0,10022.4,242.9,289.2,428.6,100.0,1.0
541664,3390,157,4.113711,0.489894,-0.021771,0.004675,8.7e-05,0.00258906,-0.10388,1.0,0.441888,-0.160228,1.0,11887.7,353.9,301.2,541.8,100.0,1.0
541829,3391,165,1.621504,0.994988,1.0,0.000319,0.0,0.00309042,-0.390669,0.299124,-0.346834,-0.269221,1.0,8759.7,299.7,319.0,458.6,100.0,1.0
541990,3392,161,4.69725,1.0,0.008947,0.0,0.0,0.00240101,-0.04102,1.0,0.270059,0.106582,1.0,11735.2,265.1,251.5,597.3,100.0,1.0
542149,3393,159,4.009389,1.0,-0.207685,0.003034,7e-06,0.00267278,-0.130042,0.734963,0.0288,0.111126,1.0,10420.2,234.5,321.2,308.6,100.0,1.0
542305,3394,156,5.279305,0.2,0.085351,0.0,0.037384,0.0022941,0.030485,0.784411,0.243206,0.512017,0.981554,10608.6,175.4,294.0,582.9,100.0,1.0
542473,3395,168,4.944256,0.906574,1.0,0.0,0.0,0.00344034,-0.214289,0.772208,-0.01527,-0.186045,1.0,10562.1,324.4,386.0,299.2,100.0,1.0
542636,3396,163,2.844626,0.2,0.002725,0.0,0.271446,0.00230855,-0.167012,0.726514,0.086808,-0.024406,1.0,10388.0,266.2,282.1,856.4,100.0,1.0
542798,3397,162,3.86509,0.666682,-0.329583,0.0,0.000124,0.00266315,-0.147078,0.720614,-0.059386,0.095689,1.0,10365.5,236.5,342.4,366.8,100.0,1.0
542955,3398,157,2.943361,1.0,-0.217481,0.0,3e-06,0.00254197,-0.182536,0.602058,-0.009126,0.05954,1.0,9913.8,233.9,345.2,293.9,100.0,1.0
543114,3399,159,3.509275,0.2,0.002223,0.0,0.013761,0.00228896,-0.105759,0.798131,0.117993,0.109698,1.0,10660.9,240.2,217.9,813.0,100.0,1.0
543276,3400,162,4.277223,0.463497,0.060392,0.003929,0.0,0.00249634,-0.089731,1.0,0.235333,-0.044215,1.0,11827.7,309.4,299.8,581.3,100.0,1.0
543431,3401,155,4.019898,1.0,-0.064839,0.0,0.0,0.00266637,-0.117548,0.762023,0.164053,0.085135,1.0,10523.3,242.4,284.7,638.5,100.0,1.0
543593,3402,162,4.228737,0.680159,-0.183445,0.022645,0.000141,0.00261863,-0.113106,0.943324,0.103775,-0.031049,1.0,11214.1,289.3,317.4,417.3,100.0,1.0
543756,3403,163,4.731149,1.0,-0.343293,0.0,0.0,0.00342992,-0.211015,0.83457,0.074049,-0.256873,1.0,10799.7,363.3,385.5,304.2,100.0,1.0
543918,3404,162,1.713777,0.370709,1.0,0.0,0.0,0.00300827,-0.361256,0.420867,-0.063687,-0.367013,1.0,9223.5,364.3,303.4,519.8,100.0,1.0
544076,3405,158,1.272385,0.24338,-0.246143,0.0,0.000244,0.00254989,-0.309262,0.383988,-0.140736,-0.137286,1.0,9083.0,263.2,238.4,530.7,100.0,1.0
544234,3406,158,5.310264,0.817263,-0.06942,0.0,3e-05,0.00274574,-0.043082,1.0,0.21068,0.119501,1.0,11607.6,259.2,293.0,681.5,100.0,1.0
544391,3407,157,2.827408,0.424674,0.06051,0.0,4.4e-05,0.00210567,-0.122528,0.715272,0.239523,0.082339,1.0,10345.2,239.0,229.2,764.7,100.0,1.0
544546,3408,155,2.480128,-0.329795,0.061974,0.0,0.036885,0.00148049,-0.046979,0.682805,0.051732,0.407664,0.98615,10221.5,181.5,203.9,647.4,100.0,1.0
544711,3409,165,3.749735,0.380042,-0.048232,0.0,0.000415,0.00277386,-0.18181,0.8274,0.086978,-0.15786,1.0,10772.4,319.8,337.2,605.4,100.0,1.0
544874,3410,163,1.411283,0.78744,-0.2756,0.006085,0.0,0.00258444,-0.317433,0.316873,-0.168238,-0.099423,1.0,8827.3,245.0,287.2,1216.2,100.0,1.0
545039,3411,165,2.561274,0.755636,-0.451026,0.0,0.0,0.0030683,-0.317833,0.374131,-0.235488,-0.126055,1.0,9045.4,258.8,413.6,278.7,100.0,1.0
545202,3412,163,3.773471,0.766884,-0.073668,0.0,4e-06,0.00244676,-0.121129,1.0,0.242463,-0.15125,1.0,11630.4,342.6,271.9,581.1,100.0,1.0
545366,3413,164,5.572073,0.886992,0.085042,0.003373,0.0,0.00292175,-0.069125,1.0,0.541045,-0.077433,1.0,12519.4,339.3,382.3,666.2,100.0,1.0
545518,3414,152,6.02198,0.649081,0.065905,0.00528,8.8e-05,0.00260681,0.046965,0.943819,0.283744,0.437766,0.996268,11216.0,195.0,288.9,358.5,100.0,1.0
545680,3415,162,4.59968,0.689308,-0.002585,0.010015,0.0,0.00267678,-0.095118,1.0,0.352484,-0.10122,1.0,12521.0,348.3,326.1,588.4,100.0,1.0
545837,3416,157,4.756629,0.5992,-0.192909,0.0,2.1e-05,0.0027235,-0.077517,1.0,0.384383,-0.053183,1.0,11882.9,313.8,332.4,450.9,100.0,1.0
546002,3417,165,4.596995,1.0,-0.052109,0.008297,0.0,0.00248721,-0.072063,0.999496,0.225864,0.018255,1.0,11428.1,280.6,241.9,565.8,100.0,1.0
546159,3418,157,4.169146,0.41721,-0.175221,0.0,0.000145,0.00269202,-0.115821,0.725107,0.143757,0.128422,1.0,10382.7,230.0,341.7,483.2,100.0,1.0
546321,3419,162,6.004369,0.137046,-0.253205,0.0,8.6e-05,0.00303713,-0.050109,1.0,0.226774,0.090714,1.0,11649.6,267.0,341.5,483.1,100.0,1.0
546478,3420,157,4.926492,0.2,-0.088148,0.0,0.35,0.00258245,-0.042832,0.998719,0.404398,0.056828,1.0,11425.1,270.3,294.0,488.7,100.0,1.0
546637,3421,159,4.608481,1.0,-0.093684,0.02575,0.0,0.00261285,-0.076237,0.740011,0.17909,0.236171,1.0,10439.4,211.1,262.6,394.7,100.0,1.0
546799,3422,162,5.669374,0.2,0.003562,0.0,0.009576,0.0026231,-0.007642,1.0,0.286925,0.212217,1.0,12261.9,252.9,296.2,555.9,100.0,1.0
546957,3423,158,2.37813,0.884068,0.03989,0.00015,4e-05,0.00198482,-0.138545,0.610063,-0.00142,0.196936,1.0,9944.3,207.7,218.8,797.6,100.0,1.0
547114,3424,157,5.516746,0.914791,-0.037293,0.011906,0.0,0.00259052,-0.000661,1.0,0.370064,0.207776,1.0,11887.3,246.1,268.0,474.6,100.0,1.0
547272,3425,158,2.496367,0.89882,-0.20904,0.0,0.0,0.00261948,-0.23014,0.674728,-0.005085,-0.161046,1.0,10190.7,303.7,271.1,560.6,100.0,1.0
547429,3426,157,2.97311,0.485629,-0.383103,0.0,0.0,0.00283051,-0.225572,0.639409,0.061302,-0.138514,1.0,10056.1,291.8,337.1,338.0,100.0,1.0
547587,3427,158,4.662973,0.49711,-0.008019,0.0,0.000229,0.00229061,-0.018706,1.0,0.32303,0.163303,1.0,12247.8,263.2,257.8,646.9,100.0,1.0
547754,3428,167,3.601857,0.65304,-0.239209,0.0,0.000477,0.00270776,-0.187104,0.81466,-0.033073,-0.124872,1.0,10723.9,306.4,317.2,517.4,100.0,1.0
547919,3429,165,4.876707,1.0,-0.336057,0.027494,0.0,0.00307096,-0.147776,0.781367,0.178795,-0.036658,1.0,10597.0,275.0,329.8,577.2,100.0,1.0
548079,3430,160,4.900557,0.2,-0.008788,0.0,0.044176,0.00256071,-0.048987,0.873313,0.165075,0.220592,1.0,10947.3,224.2,248.8,744.2,100.0,1.0
548239,3431,160,5.487089,0.802624,-0.353534,0.0,6.1e-05,0.00332973,-0.128861,0.954179,0.086036,-0.086699,1.0,11255.4,308.1,421.7,327.7,100.0,1.0
548394,3432,155,6.005396,1.0,-0.184416,0.020884,0.000309,0.00315771,-0.047333,1.0,0.405854,0.040273,1.0,11686.6,280.9,392.1,266.3,100.0,1.0
548560,3433,166,5.585577,1.0,-0.290144,0.003998,0.0,0.00302138,-0.090307,0.898883,0.149246,0.066825,1.0,11044.7,258.8,371.5,349.1,100.0,1.0
548708,3434,148,3.228147,1.0,0.050985,0.008618,0.000139,0.00220174,-0.088153,0.571845,0.128357,0.338624,0.98725,9798.7,183.0,298.0,533.9,100.0,1.0
548869,3435,161,4.132195,0.985683,-0.073044,0.020125,0.000895,0.00261748,-0.117162,0.865835,0.309292,-0.048499,1.0,10918.8,286.9,270.0,462.1,100.0,1.0
549030,3436,161,6.019527,0.651894,0.149846,0.010828,0.0,0.00238605,0.059071,1.0,0.398597,0.39737,1.0,12048.8,215.6,274.7,828.9,100.0,1.0
549187,3437,157,4.247283,0.54117,-0.266333,0.0,0.0,0.00279645,-0.126315,0.912835,0.050045,-0.03176,1.0,11097.9,286.5,357.3,385.9,100.0,1.0
549344,3438,157,2.855779,0.2,-0.146345,0.0,0.0,0.00252718,-0.186489,0.719875,0.1421,-0.102226,1.0,10362.7,288.6,273.3,561.2,100.0,1.0
549503,3439,159,5.906956,0.647764,0.147835,0.0,2.8e-05,0.001966,0.122346,0.964752,0.427764,0.606725,0.981817,11295.7,175.8,261.3,640.4,100.0,1.0
549659,3440,156,6.102488,0.98682,0.09692,0.012767,8.4e-05,0.00237407,0.078959,1.0,0.517993,0.423864,1.0,12052.7,211.6,243.0,662.5,100.0,1.0
549820,3441,161,5.281182,0.2,-0.17345,0.0,2e-06,0.00314186,-0.117016,0.970189,0.147379,-0.081005,1.0,11316.4,307.8,404.4,326.7,100.0,1.0
549980,3442,160,2.68272,1.0,-0.173422,0.000421,0.0,0.0024916,-0.201112,0.651732,0.145119,-0.095191,1.0,10103.1,279.1,238.0,574.9,100.0,1.0
550136,3443,156,3.963827,1.0,-0.075769,0.025392,0.0,0.00256719,-0.108607,0.827899,0.081955,0.087408,1.0,10774.3,247.7,267.1,497.0,100.0,1.0
550289,3444,153,1.900655,0.675108,-0.012435,0.0,0.000102,0.00240607,-0.228179,0.368667,-0.042125,0.11289,1.0,9024.6,202.7,251.1,936.1,100.0,1.0
550443,3445,154,5.543332,0.2,0.013278,0.0,0.066721,0.00243719,0.032842,0.9284,0.402093,0.368443,1.0,11157.2,203.8,263.2,600.0,100.0,1.0
550600,3446,157,4.249145,0.659439,0.019163,0.020943,1e-06,0.00227897,-0.044924,0.821004,0.122989,0.291753,1.0,10748.0,208.0,286.2,673.9,100.0,1.0
550757,3447,157,4.277213,0.199513,-0.277588,0.0,0.000557,0.00307594,-0.168009,0.842872,0.086878,-0.124716,1.0,10831.3,309.4,337.1,321.8,100.0,1.0
550918,3448,161,5.653949,1.0,-0.29858,0.0,0.0,0.0030709,-0.078101,0.977744,0.128586,0.048681,1.0,11345.2,270.5,349.7,397.7,100.0,1.0
551080,3449,162,5.676884,0.2,0.078212,0.0,0.028993,0.00239902,0.029399,0.964464,0.248708,0.378041,1.0,11294.6,204.9,317.7,823.7,100.0,1.0
551240,3450,160,3.216372,0.261303,-0.20239,0.0,0.063687,0.00274776,-0.202802,0.682462,0.052778,-0.09565,1.0,10220.2,282.5,299.5,796.9,100.0,1.0
551396,3451,156,2.735232,0.549112,-0.104075,0.0,4.4e-05,0.00223749,-0.147616,0.706249,0.038142,0.073359,1.0,10310.8,240.2,265.8,769.7,100.0,1.0
551549,3452,153,3.18094,0.546959,-0.278926,0.0,0.0,0.00277675,-0.190605,0.680728,0.113756,-0.073877,1.0,10213.6,275.7,307.2,391.5,100.0,1.0
551705,3453,156,3.528303,0.242148,-0.184291,0.0,0.000453,0.00245776,-0.123574,0.803429,0.109946,0.04858,1.0,10681.1,254.7,260.7,471.7,100.0,1.0
551864,3454,159,2.464321,1.0,-0.319865,0.016939,0.00055,0.00286347,-0.273828,0.620609,-0.025295,-0.254837,1.0,9984.5,335.0,291.5,355.7,100.0,1.0
552025,3455,161,4.032788,0.667496,-0.244288,0.0,0.000109,0.00256341,-0.115719,0.820214,-0.116216,0.136164,1.0,10745.0,236.4,326.7,347.0,100.0,1.0
552180,3456,155,3.05061,0.425763,-0.219965,0.0,0.00024,0.00261904,-0.181294,0.672631,0.134318,-0.042944,1.0,10182.7,266.0,278.1,753.0,100.0,1.0
552341,3457,161,3.651492,1.0,-0.214339,0.002109,0.000382,0.00267505,-0.161768,0.919208,0.185629,-0.200444,1.0,11122.2,347.8,297.2,520.3,100.0,1.0
552503,3458,162,3.937404,0.2,0.793043,0.0,0.271046,0.00334991,-0.252732,0.602069,-0.024005,-0.169497,1.0,9913.9,298.4,410.2,482.9,100.0,1.0
552662,3459,159,1.903935,0.49542,-0.31021,0.0,9e-06,0.00293773,-0.326889,0.224401,-0.321291,-0.002868,1.0,8475.0,212.5,281.4,519.4,100.0,1.0
552821,3460,159,3.181307,0.9056,0.081019,0.0,0.0,0.00246551,-0.157687,0.843008,0.32589,-0.170093,1.0,10831.9,326.3,268.9,741.4,100.0,1.0
552977,3461,156,7.613468,0.2,0.144135,0.0,0.01521,0.0026093,0.153739,1.0,0.521787,0.65503,0.985568,11966.4,180.8,416.3,469.9,100.0,1.0
553136,3462,159,4.541576,0.247281,-0.012234,0.007988,0.0,0.00247892,-0.059625,0.947772,0.307201,0.075705,1.0,11231.0,261.0,279.0,580.2,100.0,1.0
553300,3463,164,3.909695,0.265825,-0.024147,0.002009,0.0,0.00205519,-0.049072,0.811051,0.108189,0.291153,1.0,10710.1,207.4,244.7,703.5,100.0,1.0
553458,3464,158,4.05672,0.382754,-0.310782,0.0,0.000105,0.00273107,-0.132727,0.872848,0.170769,-0.060054,1.0,10945.5,291.1,346.3,493.8,100.0,1.0
553623,3465,165,1.215208,1.0,-0.145727,0.0,0.0,0.00240247,-0.306905,0.502563,-0.052186,-0.257758,1.0,9534.8,321.1,244.8,944.4,100.0,1.0
553789,3466,166,4.441852,0.260949,-0.219389,0.00644,0.0,0.00263799,-0.110754,0.871564,0.246334,-0.010929,1.0,10940.7,276.5,314.5,624.4,100.0,1.0
553945,3467,156,5.153259,0.2,0.13418,0.0,0.051052,0.00221631,0.033819,1.0,0.501181,0.279002,1.0,12324.9,240.9,272.1,701.9,100.0,1.0
554106,3468,161,1.025441,1.0,-0.085853,0.01197,0.0,0.00234352,-0.301777,0.491937,-0.053612,-0.231335,1.0,9494.3,308.8,236.7,830.7,100.0,1.0
554266,3469,160,4.773309,0.499807,0.090221,0.003313,5.7e-05,0.00257281,-0.060104,1.0,0.490119,-0.030387,1.0,11831.3,305.1,321.0,610.5,100.0,1.0
554419,3470,153,4.555111,1.0,-0.168678,0.010322,1.5e-05,0.00315175,-0.146751,0.716371,-0.029747,0.090438,1.0,10349.4,237.3,375.1,313.6,100.0,1.0
554589,3471,170,3.91919,1.0,0.022891,0.017477,0.0,0.00230404,-0.103013,1.0,0.288666,-0.106267,1.0,11447.8,320.2,293.5,749.0,100.0,1.0
554752,3472,163,2.192722,1.0,-0.273768,0.006435,0.000195,0.00266092,-0.272237,0.469502,-0.221523,-0.0582,1.0,9408.8,249.8,286.0,615.7,100.0,1.0
554912,3473,160,2.51257,0.090402,-0.023361,0.004736,0.0,0.00201048,-0.136606,0.658218,0.018242,0.156719,1.0,10127.8,218.9,206.5,659.9,100.0,1.0
555074,3474,162,2.877142,0.48981,-0.273626,0.0,0.0,0.00264086,-0.215923,0.652009,-0.041053,-0.082733,1.0,10104.2,275.4,304.4,585.6,100.0,1.0
555237,3475,163,4.977849,0.644003,-0.122728,0.0,4.5e-05,0.00303055,-0.127363,0.900813,0.208412,-0.078025,1.0,11052.1,299.7,385.5,429.4,100.0,1.0
555400,3476,163,5.530575,0.939661,-0.259637,0.00179,0.0,0.00301037,-0.083315,0.933225,0.186269,0.049173,1.0,11175.6,266.3,339.3,455.2,100.0,1.0
555556,3477,156,2.802429,0.943446,-0.394174,0.018575,0.0,0.00306952,-0.27242,0.442282,-0.11368,-0.072075,1.0,9305.1,250.7,376.6,466.3,100.0,1.0
555712,3478,156,-0.099704,0.538195,-0.459031,0.0,0.0,0.00279863,-0.44395,0.088621,-0.453413,-0.235879,1.0,7957.6,260.4,282.6,381.3,100.0,1.0
555868,3479,156,6.732086,-0.568454,0.087039,0.0,2.2e-05,0.00257687,0.093961,1.0,0.432997,0.502205,1.0,12428.1,206.8,335.2,504.8,100.0,1.0
556031,3480,163,3.510375,0.820942,-0.152146,0.0,0.000225,0.00267905,-0.178078,0.816987,0.18566,-0.169637,1.0,10732.7,323.1,384.0,398.1,100.0,1.0
556187,3481,156,0.790414,0.62278,0.000416,0.0,3.5e-05,0.00189224,-0.236943,0.448756,-0.125979,0.044885,1.0,9329.8,223.2,219.1,1114.8,100.0,1.0
556349,3482,162,6.246778,0.606139,-0.062398,0.0,7.8e-05,0.00275188,0.014398,1.0,0.367107,0.258957,1.0,11687.9,232.1,280.6,454.2,100.0,1.0
556503,3483,154,1.950349,0.241683,-0.341394,0.0,0.032778,0.0027321,-0.277062,0.411878,-0.213554,-0.02892,1.0,9189.3,236.6,304.4,667.3,100.0,1.0
556670,3484,167,4.410742,1.0,-0.233863,0.011773,4.2e-05,0.00261878,-0.112378,1.0,0.199612,-0.107799,1.0,11843.7,331.9,297.0,613.7,100.0,1.0
556829,3485,159,5.100546,0.950755,-0.316077,0.0,0.000524,0.00317536,-0.12911,1.0,0.115929,-0.135675,1.0,11668.8,337.5,392.5,303.2,100.0,1.0
556989,3486,160,3.689017,0.2,-0.109472,0.0,0.000164,0.00255833,-0.137529,0.860447,0.123675,-0.050028,1.0,10898.3,286.8,331.0,504.4,100.0,1.0
557144,3487,155,4.897348,0.496326,0.06478,0.01062,6.4e-05,0.00276007,-0.066971,1.0,0.252436,0.025953,1.0,11831.9,288.3,345.8,524.2,100.0,1.0
557305,3488,161,4.01311,-0.177037,0.010376,0.017669,0.0,0.00202561,-0.030424,0.835585,0.156609,0.316729,1.0,10803.6,205.1,249.8,549.9,100.0,1.0
557462,3489,157,1.664656,0.2,-0.123305,0.0,2.8e-05,0.00246253,-0.263969,0.425264,-0.071248,-0.043868,1.0,9240.3,241.6,251.5,738.3,100.0,1.0
557617,3490,155,5.064144,0.2,-0.018478,0.0,0.344665,0.00223553,0.026603,0.961306,0.27331,0.363154,1.0,11282.6,206.9,277.9,646.4,100.0,1.0
557773,3491,156,2.027472,0.518902,-0.265557,0.0,0.000418,0.00247381,-0.236543,0.498028,-0.046352,-0.021382,1.0,9517.5,243.1,289.4,518.2,100.0,1.0
557934,3492,161,4.723,0.932031,0.066368,0.0,3.2e-05,0.00204614,0.018525,0.922814,0.305173,0.357681,1.0,11135.9,205.1,226.2,618.4,100.0,1.0
558096,3493,162,3.338189,1.0,-0.311826,0.016824,0.000319,0.0029154,-0.22639,0.69852,-0.082297,-0.142635,1.0,10281.4,299.8,342.7,383.0,100.0,1.0
558260,3494,164,2.416542,0.480147,-0.253902,0.0,0.0,0.00247669,-0.228151,0.751006,0.099753,-0.252925,1.0,10481.3,350.7,280.8,638.2,100.0,1.0
558422,3495,162,5.479619,1.0,-0.146082,0.012675,0.0,0.00262568,-0.021683,1.0,0.467099,0.105357,1.0,13168.1,297.8,277.6,472.5,100.0,1.0
558575,3496,153,3.22005,0.2,-0.215948,0.0,0.135061,0.00274808,-0.183243,0.797517,0.177083,-0.167768,1.0,10658.5,320.2,322.7,521.7,100.0,1.0
558734,3497,159,2.15956,0.714533,-0.053537,0.0,0.0,0.00197355,-0.154691,0.629533,-0.052426,0.143896,1.0,10018.5,219.0,232.6,648.1,100.0,1.0
558895,3498,161,4.456394,1.0,0.015021,0.026442,1.7e-05,0.00260637,-0.091344,0.906009,0.208541,0.037665,1.0,11071.9,266.8,249.2,629.6,100.0,1.0
559055,3499,160,6.050893,0.978902,-0.005482,0.001582,0.0,0.00288665,-0.016123,1.0,0.439416,0.133119,1.0,12199.4,269.2,312.2,466.9,100.0,1.0
559217,3500,162,5.681526,0.303283,-0.051724,0.0,0.0,0.00269963,-0.018788,0.999158,0.19062,0.207866,1.0,11426.8,236.5,323.3,528.3,100.0,1.0
559376,3501,159,3.058748,1.0,-0.25705,0.006848,0.0,0.00265048,-0.196086,0.673891,0.051779,-0.065787,1.0,10187.5,272.6,285.7,685.2,100.0,1.0
559530,3502,154,5.322703,1.0,-0.254067,0.0,0.0,0.00302763,-0.074125,0.925155,0.212332,0.077842,1.0,11144.8,258.5,312.3,324.7,100.0,1.0
559689,3503,159,3.975742,1.0,-0.35052,0.011619,0.0,0.00303177,-0.189152,0.636903,0.07368,-0.019153,1.0,10046.6,256.1,393.2,260.9,100.0,1.0
559850,3504,161,3.920608,1.0,-0.372664,0.0,0.0,0.00303896,-0.200416,0.661027,-0.061441,-0.031762,1.0,10138.5,261.8,314.5,354.9,100.0,1.0
560010,3505,160,2.934414,0.232256,1.0,0.0,0.0,0.00331484,-0.314179,0.518152,-0.107001,-0.276723,1.0,9594.2,331.6,427.0,408.7,100.0,1.0
560176,3506,166,3.92204,0.2,-0.207959,0.0,0.354068,0.00264449,-0.149976,0.80721,0.036005,-0.017929,1.0,10695.5,272.3,287.0,617.0,100.0,1.0
560334,3507,158,4.152532,1.0,-0.175417,0.0,0.0,0.00251129,-0.090776,0.799776,0.148717,0.148028,1.0,10667.1,232.3,239.9,417.2,100.0,1.0
560494,3508,160,5.025459,1.0,-0.11444,0.0,7.4e-05,0.00279535,-0.07693,0.992823,0.125576,0.041023,1.0,11402.7,273.8,336.6,506.3,100.0,1.0
560649,3509,155,3.347285,0.572818,-0.275212,0.0,0.000178,0.00241412,-0.127511,0.797387,0.176609,0.018271,1.0,10658.0,261.7,288.7,755.0,100.0,1.0
560812,3510,163,5.526994,0.2,0.092578,0.0,0.0,0.00228079,0.035533,1.0,0.280948,0.358128,1.0,11640.3,214.3,260.3,796.0,100.0,1.0
560975,3511,163,3.251701,0.421829,0.055884,0.0,0.0,0.00215599,-0.111802,0.920986,0.270017,-0.063499,1.0,11129.0,297.1,216.3,801.5,100.0,1.0
561134,3512,159,2.777668,0.157811,-0.083273,0.015314,5.8e-05,0.00231314,-0.163106,0.553687,-0.104173,0.196297,1.0,9729.5,203.3,208.0,812.5,100.0,1.0
561301,3513,167,1.15129,0.908648,-0.321649,0.0,0.000108,0.00249242,-0.331402,0.419896,-0.095794,-0.255989,1.0,9219.8,309.8,212.0,633.0,100.0,1.0
561459,3514,158,5.273656,0.668143,0.053052,0.0,1.2e-05,0.00260512,-0.023005,0.79218,0.184343,0.363994,0.996237,10638.2,195.0,302.9,558.2,100.0,1.0
561619,3515,160,3.528426,0.2,-0.245595,0.004296,0.363268,0.00254988,-0.147975,0.833775,0.315833,-0.126673,1.0,10796.7,309.1,315.3,645.4,100.0,1.0
561778,3516,159,1.815907,0.612454,-0.126487,0.018851,0.000279,0.00213187,-0.205146,0.593861,-0.018484,-0.005876,1.0,9882.6,248.5,281.9,594.7,100.0,1.0
561938,3517,160,2.410165,0.333851,-0.331461,0.0,0.008443,0.00274907,-0.262269,0.406217,-0.121181,-0.005685,1.0,9167.7,230.5,311.8,588.4,100.0,1.0
562101,3518,163,4.868793,0.624186,0.021043,0.0,0.0,0.00246159,-0.042459,0.989391,0.374477,0.075817,1.0,11389.6,264.7,261.7,758.0,100.0,1.0
562258,3519,157,5.567534,0.847902,-0.084948,0.0,0.0,0.00302161,-0.064128,1.0,0.32435,0.011457,1.0,11991.1,296.4,366.9,326.6,100.0,1.0
562419,3520,161,4.929042,0.139608,-0.011068,0.0,7.8e-05,0.00260806,-0.05667,0.961854,0.261288,0.089126,1.0,11284.7,259.0,301.1,753.3,100.0,1.0
562575,3521,156,4.696776,0.495446,-0.168765,0.0,0.0002,0.00264851,-0.067053,0.961075,0.110823,0.105319,1.0,11281.7,255.2,332.6,544.3,100.0,1.0
562739,3522,164,6.14759,0.2,-0.194479,0.005501,0.140767,0.00298181,-0.03598,1.0,0.338733,0.100489,1.0,12088.2,274.6,339.2,363.5,100.0,1.0
562893,3523,154,1.988588,1.0,-0.139696,0.003888,1.1e-05,0.00247066,-0.233922,0.44511,0.043969,0.001346,1.0,9315.9,232.6,238.2,694.5,100.0,1.0
563054,3524,161,4.076945,0.230077,-0.172039,0.0,0.0,0.0026273,-0.122533,0.721792,0.042945,0.142414,1.0,10370.0,226.9,345.3,338.6,100.0,1.0
563218,3525,164,2.973157,1.0,-0.203503,0.0,0.0,0.00305909,-0.28259,0.580947,0.038773,-0.272348,1.0,9833.4,337.8,390.9,334.1,100.0,1.0
563380,3526,162,3.122564,0.884446,-0.235994,0.0,0.000238,0.00251303,-0.176965,0.825469,-0.018846,-0.104827,1.0,10765.0,300.6,334.7,512.7,100.0,1.0
563549,3527,169,5.091263,1.0,-0.078615,0.0,0.0,0.00270417,-0.081759,1.0,0.158097,0.008106,1.0,11523.4,285.8,343.3,718.3,100.0,1.0
563709,3528,160,2.981439,0.2,-0.29621,0.0,0.07554,0.00271509,-0.214664,0.55422,-0.025731,-0.002155,1.0,9731.6,243.8,308.7,479.1,100.0,1.0
563866,3529,157,5.625619,0.382015,0.111526,0.0,0.020819,0.0020126,0.098691,0.964816,0.443345,0.530311,0.988403,11295.9,184.5,206.1,862.8,100.0,1.0
564027,3530,161,5.449482,0.629755,-0.083699,0.0,0.0,0.00299285,-0.080185,0.840546,0.163681,0.144366,1.0,10822.5,236.4,322.2,819.2,100.0,1.0
564189,3531,162,5.428577,0.102058,0.075563,0.0,5.8e-05,0.00237697,0.015101,1.0,0.454777,0.232077,1.0,11697.5,237.4,257.7,838.0,100.0,1.0
564352,3532,163,5.446675,0.131301,-0.121803,0.0,0.0,0.00274521,-0.045971,0.89905,0.191239,0.200474,1.0,11045.4,230.0,321.3,465.3,100.0,1.0
564509,3533,157,3.486438,0.2,-0.151092,0.0,0.289105,0.00234164,-0.110628,0.86361,0.127531,0.035722,1.0,10910.4,263.4,285.2,774.6,100.0,1.0
564670,3534,161,2.906504,0.660345,-0.12274,0.014021,0.0,0.00248094,-0.18518,0.727371,0.084991,-0.085074,1.0,10391.3,283.9,326.9,576.8,100.0,1.0
564832,3535,162,5.280786,0.396807,-0.167203,0.0,0.003347,0.00287747,-0.076889,0.868476,-0.0129,0.190941,1.0,10928.9,229.4,386.4,492.1,100.0,1.0
564991,3536,159,5.42512,0.135505,-0.021388,0.0,1e-05,0.00259593,-0.012821,1.0,0.164562,0.235742,1.0,11891.6,240.6,319.6,461.9,100.0,1.0
565159,3537,168,5.600849,1.0,0.86721,0.002475,0.0,0.00351828,-0.178205,0.864967,0.086842,-0.177104,1.0,10915.5,331.6,359.8,359.4,100.0,1.0
565323,3538,164,6.144365,1.0,-0.266547,0.008737,0.0,0.00315077,-0.063719,0.889951,0.050161,0.195923,1.0,11010.7,230.2,418.2,269.4,100.0,1.0
565488,3539,165,4.720622,1.0,-0.128268,0.0,0.0,0.00268883,-0.095576,1.0,0.225454,-0.060403,1.0,11481.3,305.5,315.6,506.2,100.0,1.0
565640,3540,152,0.947145,0.555962,-0.303115,0.00246,6.1e-05,0.00220127,-0.264745,0.399847,-0.264635,0.03919,1.0,9143.4,220.0,304.0,405.6,100.0,1.0
565801,3541,161,5.569169,0.2,-0.138645,0.0,0.000697,0.00248922,0.009875,1.0,0.38968,0.236358,1.0,11725.6,237.1,360.9,493.1,100.0,1.0
565956,3542,155,3.310567,1.0,-0.078192,0.021132,0.0,0.00222885,-0.101365,0.59772,-0.033259,0.329603,0.989571,9897.3,186.1,333.6,503.8,100.0,1.0
566114,3543,158,4.162202,0.2,-0.222027,0.0,0.346679,0.00265472,-0.112562,0.746006,0.093876,0.138498,1.0,10462.3,229.7,266.1,663.1,100.0,1.0
566271,3544,157,4.912453,0.511871,-0.171511,0.0,0.000373,0.00285402,-0.08588,0.854257,0.299587,0.068657,1.0,10874.7,254.4,277.8,609.2,100.0,1.0
566426,3545,155,0.420347,-0.080349,-0.002105,0.012338,4e-06,0.00157898,-0.213734,0.177216,-0.115885,0.308811,0.968837,8295.2,158.4,230.3,536.7,100.0,1.0
566585,3546,159,4.221416,0.2,-0.207002,0.00105,0.031716,0.00322043,-0.200823,0.675005,0.09234,-0.096028,1.0,10191.8,281.9,377.3,345.5,100.0,1.0
566754,3547,169,2.116795,0.507562,-0.301004,0.0,7.6e-05,0.00260955,-0.284942,0.520669,-0.113743,-0.179115,1.0,9603.8,292.5,331.5,814.5,100.0,1.0
566916,3548,162,5.847191,1.0,0.083865,0.020051,1e-05,0.00240018,0.042355,1.0,0.368532,0.351673,1.0,12553.6,232.2,299.2,546.3,100.0,1.0
567082,3549,166,2.994796,0.479245,-0.286516,0.0,0.000169,0.00236901,-0.172416,0.735047,0.062785,-0.041522,1.0,10420.5,271.8,270.4,721.8,100.0,1.0
567246,3550,164,3.036375,0.815761,-0.027467,0.0,0.0,0.00209985,-0.120468,0.723912,-0.018607,0.16805,1.0,10378.1,222.1,244.9,548.0,100.0,1.0
567409,3551,163,4.327024,0.2,-0.028186,0.0,0.350104,0.00242883,-0.076843,0.861981,0.223802,0.117604,1.0,10904.1,243.9,264.2,649.6,100.0,1.0
567572,3552,163,4.881949,1.0,-0.150086,0.028559,8.8e-05,0.00288604,-0.110457,0.92928,0.09398,-0.00725,1.0,11160.6,281.1,291.3,631.9,100.0,1.0
567736,3553,164,4.707706,0.820169,-0.115871,0.0,0.0,0.00256885,-0.074141,1.0,0.167063,0.030509,1.0,11787.9,286.0,276.0,531.5,100.0,1.0
567898,3554,162,2.248478,1.0,0.06523,0.0,0.0,0.00198761,-0.156179,0.605808,0.056825,0.122289,1.0,9928.1,221.2,260.9,617.0,100.0,1.0
568059,3555,161,2.114071,0.2,-0.321027,0.0,0.273649,0.00276713,-0.289639,0.446115,-0.083954,-0.142575,1.0,9319.7,271.7,326.4,677.2,100.0,1.0
568219,3556,160,4.772902,0.2,-0.138849,0.0,0.072856,0.00274088,-0.086599,1.0,0.227311,-0.031101,1.0,11839.3,305.5,341.8,468.9,100.0,1.0
568375,3557,156,4.451059,0.2,-0.165646,0.015403,0.3136,0.00249913,-0.061644,0.927313,0.198515,0.122254,1.0,11153.1,248.5,282.7,720.9,100.0,1.0
568526,3558,151,1.272194,1.0,-0.164656,0.017549,0.0,0.00243795,-0.274319,0.280183,-0.160011,0.072122,1.0,8687.5,202.6,301.9,398.5,100.0,1.0
568688,3559,162,5.047421,-0.057865,-0.287166,0.043302,4.9e-05,0.00283064,-0.086385,0.922752,0.109484,0.073261,1.0,11135.7,259.4,367.3,257.4,100.0,1.0
568854,3560,166,3.907463,0.612592,-0.316312,0.001516,0.0,0.00271744,-0.162964,0.74604,-0.013353,0.006204,1.0,10462.4,259.9,304.1,838.3,100.0,1.0
569012,3561,158,4.661049,1.0,-0.317467,0.039543,2.2e-05,0.0032994,-0.177597,0.747489,0.146574,-0.097089,1.0,10467.9,289.8,360.3,246.4,100.0,1.0
569174,3562,162,2.998356,0.722251,0.049154,0.0,0.0,0.00220503,-0.136077,0.588482,0.132308,0.178574,1.0,9862.1,209.2,267.3,641.1,100.0,1.0
569333,3563,159,3.066531,0.660327,-0.075671,0.009692,0.0,0.00234888,-0.14732,0.73384,0.089594,0.034202,1.0,10415.9,251.8,237.8,617.2,100.0,1.0
569487,3564,154,6.915004,1.0,0.044085,0.0,0.000222,0.00300435,0.047294,1.0,0.476818,0.33204,1.0,12367.2,232.1,367.3,399.8,100.0,1.0
569644,3565,157,3.910744,0.2,-0.254441,0.0,0.018706,0.00275127,-0.143528,0.800587,-0.153783,0.072345,1.0,10670.2,248.8,346.5,401.9,100.0,1.0
569804,3566,160,5.753797,0.625483,0.015776,0.0,0.0,0.00277262,-0.01925,1.0,0.416724,0.130258,1.0,11665.2,258.0,362.5,390.8,100.0,1.0
569964,3567,160,5.376538,0.907095,-0.127082,0.0,4.2e-05,0.00280632,-0.052451,0.846208,0.209805,0.216722,1.0,10844.1,222.8,401.0,406.7,100.0,1.0
570129,3568,165,5.92218,1.0,-0.169274,0.002156,0.0,0.00279519,-0.024376,1.0,0.331778,0.141486,1.0,12242.5,268.1,364.7,451.2,100.0,1.0
570293,3569,164,4.746135,1.0,-0.051883,0.006294,0.000218,0.00245534,-0.052579,0.93109,0.083165,0.187772,1.0,11167.5,235.1,280.3,556.9,100.0,1.0
570451,3570,158,4.849331,0.505848,-0.059185,0.0,0.000136,0.00255343,-0.045733,0.829604,0.070183,0.299491,1.0,10780.8,207.4,316.6,601.5,100.0,1.0
570613,3571,162,6.051419,0.507265,0.036834,0.0,6.2e-05,0.00252012,0.038129,1.0,0.397468,0.327939,1.0,11682.3,219.9,268.6,687.0,100.0,1.0
570771,3572,158,2.805522,1.0,-0.258042,0.0,0.0,0.00276527,-0.229966,0.519669,-0.085639,-0.0044,1.0,9599.9,241.1,282.0,426.4,100.0,1.0
570927,3573,156,3.269029,1.0,-0.094174,0.018331,6e-06,0.0024096,-0.134751,0.612281,-0.031805,0.217866,1.0,9952.8,204.3,284.6,539.3,100.0,1.0
571085,3574,158,1.885342,0.395499,-0.244017,0.0,0.000103,0.00245212,-0.248364,0.586445,-0.014406,-0.145117,1.0,9854.4,288.2,292.2,711.7,100.0,1.0
571247,3575,162,5.238929,0.66939,-0.151516,0.0,0.000137,0.00258057,-0.031606,1.0,0.224564,0.153124,1.0,11841.0,256.7,293.4,669.8,100.0,1.0
571405,3576,158,3.299095,0.769007,-0.147607,0.0,0.000109,0.00263749,-0.173365,0.712549,-0.031636,0.005537,1.0,10334.8,256.9,311.8,765.8,100.0,1.0
571564,3577,159,5.896284,0.760895,-0.013974,0.0,0.0,0.00281512,-0.012655,1.0,0.282174,0.19709,1.0,11818.0,246.8,330.0,580.7,100.0,1.0
571727,3578,163,4.867304,1.0,-0.335623,0.013655,0.0,0.00317509,-0.15849,0.69782,-0.059288,0.076611,1.0,10278.7,238.7,399.9,286.9,100.0,1.0
571883,3579,156,4.479113,0.892604,-0.22438,0.012784,3.9e-05,0.00301117,-0.139292,0.730371,-0.042129,0.107761,1.0,10402.7,234.8,381.7,322.4,100.0,1.0
572043,3580,160,6.575082,0.602191,-0.005846,0.020834,3.4e-05,0.00286375,0.026934,1.0,0.15926,0.370028,1.0,11736.0,214.2,383.6,390.2,100.0,1.0
572206,3581,163,6.203749,0.2,0.117266,0.0,0.158183,0.00236486,0.072293,1.0,0.394388,0.442847,1.0,11887.3,206.0,267.6,744.1,100.0,1.0
572366,3582,160,2.959481,0.669766,-0.135598,0.0,0.0,0.00243807,-0.171719,0.576356,-0.047984,0.129967,1.0,9815.9,217.2,337.1,449.7,100.0,1.0
572526,3583,160,3.403208,0.997329,-0.348748,0.004165,0.000292,0.00324306,-0.267799,0.637464,-0.047386,-0.241421,1.0,10048.7,331.2,406.4,314.8,100.0,1.0
572682,3584,156,5.287107,1.0,-0.239917,0.0,0.0,0.00295338,-0.07058,0.930691,0.103553,0.121305,1.0,11165.9,248.9,353.4,305.1,100.0,1.0
572849,3585,167,2.742153,1.0,-0.257046,0.030554,0.0,0.00236993,-0.193418,0.667417,-0.041403,-0.020441,1.0,10162.9,259.4,271.1,777.2,100.0,1.0
573011,3586,162,4.508678,0.2,-0.153884,0.0,0.0,0.00262459,-0.092475,0.839574,0.122347,0.117988,1.0,10818.8,241.9,312.2,570.9,100.0,1.0
573167,3587,156,3.40464,0.2,0.048218,0.0,0.028422,0.0014755,0.021066,0.570107,0.242021,0.636978,0.962159,9792.1,149.5,209.8,789.0,100.0,1.0
573330,3588,163,3.26176,0.596861,-0.045948,0.0,0.0,0.00250794,-0.168118,0.741718,0.166574,-0.06735,1.0,10445.9,280.0,281.8,542.0,100.0,1.0
573487,3589,157,5.381341,0.366868,-0.100077,0.0,0.000169,0.00271688,-0.029466,0.922886,0.134145,0.254661,1.0,11136.2,221.9,326.2,484.6,100.0,1.0
573650,3590,163,5.317313,0.744062,-0.035071,0.0,6.8e-05,0.00262283,-0.035149,0.959265,0.327479,0.140954,1.0,11274.8,247.0,371.9,548.0,100.0,1.0
573808,3591,158,5.624666,0.2,0.065481,0.0,0.04475,0.00238642,0.038007,1.0,0.407299,0.324258,1.0,12112.1,228.7,242.3,581.0,100.0,1.0
573974,3592,166,2.871995,0.502057,-0.289603,0.0,0.000485,0.00246181,-0.196736,0.644101,-0.015832,-0.020593,1.0,10074.0,257.1,289.3,655.7,100.0,1.0
574134,3593,160,3.567939,0.363082,-0.283919,0.0,0.000754,0.00270934,-0.170217,0.80293,0.142151,-0.117217,1.0,10679.2,302.4,281.1,546.1,100.0,1.0
574299,3594,165,5.082053,0.512436,-0.053071,0.0,0.000108,0.00255033,-0.045787,0.912085,0.19557,0.188781,1.0,11095.0,233.3,230.3,527.6,100.0,1.0
574461,3595,162,3.012715,0.2,-0.148438,0.0,0.228022,0.00244847,-0.174337,0.741209,-0.003333,-0.031021,1.0,10444.0,269.5,296.5,730.1,100.0,1.0
574618,3596,157,3.26496,0.490857,-0.197239,0.0,0.000141,0.00265489,-0.175896,0.505123,0.053404,0.141611,1.0,9544.5,209.0,315.4,703.9,100.0,1.0
574778,3597,160,2.982103,1.0,-0.250857,0.008857,7.3e-05,0.00262332,-0.199676,0.716466,-0.057236,-0.076894,1.0,10349.7,280.3,308.0,582.9,100.0,1.0
574937,3598,159,5.09712,-0.388964,0.08787,0.0,3.1e-05,0.00227142,0.014976,1.0,0.359255,0.263502,1.0,11629.3,230.1,280.6,764.2,100.0,1.0
575098,3599,161,3.43173,1.0,-0.276451,0.028963,0.0,0.00268434,-0.178955,0.691368,0.013584,-0.010516,1.0,10254.1,259.1,301.9,422.8,100.0,1.0
575261,3600,163,5.230309,1.0,-0.024282,0.0,0.0,0.00274342,-0.061227,0.894133,0.321778,0.110207,1.0,11026.6,248.3,305.4,497.1,100.0,1.0
575423,3601,162,3.979051,0.330301,-0.253125,0.0,0.000165,0.00257888,-0.124154,0.858091,0.059801,0.01781,1.0,10889.3,267.5,279.9,419.2,100.0,1.0
575590,3602,167,4.715006,1.0,0.06279,0.008589,0.0,0.00232387,-0.040151,0.848119,0.299011,0.226395,1.0,10851.3,221.2,207.9,840.6,100.0,1.0
575754,3603,164,2.837155,0.828643,-0.30874,0.0,0.000106,0.00269618,-0.232825,0.709957,-0.017211,-0.195311,1.0,10324.9,320.8,316.6,548.8,100.0,1.0
575913,3604,159,5.117255,0.597906,0.02004,0.001308,0.0,0.00251022,-0.021513,1.0,0.280253,0.168206,1.0,11621.1,248.7,304.4,504.0,100.0,1.0
576071,3605,158,5.250658,1.0,-0.363891,0.002662,0.0,0.00356696,-0.176144,0.775164,0.066958,-0.088768,1.0,10573.4,290.1,426.4,188.4,100.0,1.0
576228,3606,157,3.982114,0.999719,-0.091545,0.0,0.0,0.00265643,-0.123176,0.700182,-0.10138,0.206387,1.0,10287.7,213.2,336.5,570.8,100.0,1.0
576384,3607,156,3.002475,0.82217,-0.304383,0.0,0.0,0.00256333,-0.17829,0.647425,-0.109845,0.069463,1.0,10086.7,235.8,320.0,503.1,100.0,1.0
576546,3608,162,3.596595,0.543227,-0.04542,0.0,3.4e-05,0.00233322,-0.112543,0.75181,0.087129,0.135973,1.0,10484.4,230.7,220.7,864.8,100.0,1.0
576701,3609,155,3.049204,0.816726,-0.043177,0.0,0.000125,0.00232261,-0.134965,0.599621,0.043495,0.202601,1.0,9904.6,205.9,204.7,583.8,100.0,1.0
576861,3610,160,6.12839,1.0,-0.290299,0.00288,0.0,0.00334887,-0.083549,1.0,0.201168,-0.012218,1.0,11634.3,294.5,434.1,159.9,100.0,1.0
577028,3611,167,3.865053,0.817882,-0.125626,0.0,0.0,0.00282394,-0.186333,0.765721,0.022955,-0.100197,1.0,10537.4,292.8,343.0,529.1,100.0,1.0
577186,3612,158,3.854594,0.888415,-0.265553,0.0,0.0,0.00285695,-0.166893,0.678925,0.066092,0.022555,1.0,10206.7,249.5,386.0,340.9,100.0,1.0
577339,3613,153,0.838913,0.744,0.082243,0.0,6e-06,0.0015291,-0.172017,0.296273,0.084098,0.291532,0.977012,8748.8,169.3,188.7,830.0,100.0,1.0
577496,3614,157,6.284013,0.824266,0.060683,0.004801,0.000358,0.00251578,0.06884,1.0,0.582679,0.368573,1.0,11850.9,216.5,305.0,432.4,100.0,1.0
577652,3615,156,6.361382,0.26528,-0.047713,0.0,3.8e-05,0.00305934,-0.007725,0.95221,0.359283,0.227647,1.0,11247.9,229.1,378.5,351.7,100.0,1.0
577822,3616,170,5.853,0.740633,-0.045288,0.0,4.7e-05,0.00252201,0.003298,1.0,0.203323,0.276551,1.0,12048.6,236.0,273.6,559.5,100.0,1.0
577978,3617,156,3.63112,0.594267,-0.000769,0.0,0.0,0.00204206,-0.050522,0.846903,0.078733,0.266262,1.0,10846.7,214.1,303.2,525.6,100.0,1.0
578139,3618,161,5.136048,0.2,-0.293355,0.0,0.007016,0.00314705,-0.127579,0.872626,-0.052496,0.031713,1.0,10944.7,265.2,351.1,412.1,100.0,1.0
578298,3619,159,6.58157,0.361518,-0.104515,0.0,0.010546,0.00282622,0.03648,1.0,0.373131,0.330555,1.0,11679.5,219.4,352.4,486.7,100.0,1.0
578457,3620,159,4.582955,0.2,-0.233566,0.0,0.356746,0.00265908,-0.084471,0.948428,0.103839,0.060128,1.0,11233.5,264.9,301.3,631.6,100.0,1.0
578619,3621,162,4.574708,0.942143,-0.128127,0.000612,8e-06,0.00264549,-0.090847,0.820643,0.10707,0.144285,1.0,10746.7,234.8,266.2,622.1,100.0,1.0
578780,3622,161,3.645464,0.850728,0.0289,0.0,0.0,0.00209621,-0.06836,0.763533,0.099835,0.269245,1.0,10529.1,207.4,245.8,967.1,100.0,1.0
578936,3623,156,5.919587,0.2,0.112654,0.0,0.03417,0.00231978,0.075106,1.0,0.402042,0.448641,0.999115,11520.8,198.8,246.2,526.4,100.0,1.0
579095,3624,159,6.387856,0.965975,0.058147,0.0,0.000291,0.00265209,0.049868,1.0,0.463789,0.344964,1.0,12623.1,234.6,275.3,644.6,100.0,1.0
579251,3625,156,5.077383,1.0,-0.010739,0.0,0.0,0.00247525,-0.011321,0.881925,0.148235,0.344582,1.0,10980.1,204.2,319.6,400.9,100.0,1.0
579413,3626,162,3.719873,0.844387,0.024666,0.0,0.000204,0.00249605,-0.129763,0.678079,0.176872,0.110101,1.0,10203.5,229.8,260.3,776.0,100.0,1.0
579571,3627,158,1.781042,0.812659,-0.269417,0.01185,0.0,0.00241885,-0.250706,0.496031,-0.155619,-0.030506,1.0,9509.9,245.2,227.9,706.2,100.0,1.0
579732,3628,161,3.89805,0.53417,-0.228834,0.0,0.0,0.00254164,-0.121463,0.808431,0.068993,0.0651,1.0,10700.1,251.2,323.0,503.5,100.0,1.0
579888,3629,156,5.634508,0.549903,0.101041,0.0,8.4e-05,0.00260209,0.009998,0.930818,0.314201,0.319577,1.0,11166.4,211.6,323.2,590.3,100.0,1.0
580048,3630,160,4.223297,0.997862,-0.047018,0.019804,0.000142,0.00252827,-0.092772,0.946705,-0.037313,0.080945,1.0,11226.9,259.7,326.1,481.1,100.0,1.0
580214,3631,166,2.726984,1.0,0.013467,0.019747,1e-06,0.00190674,-0.115217,0.632216,0.07264,0.231549,1.0,10028.7,203.6,194.8,900.7,100.0,1.0
580369,3632,155,5.174435,0.678944,-0.058772,0.006209,0.0,0.00275552,-0.045182,1.0,0.426064,0.040706,1.0,11456.6,275.2,297.8,437.0,100.0,1.0
580530,3633,161,6.434479,0.74279,-0.280593,0.0,0.0,0.00342376,-0.076298,1.0,0.255107,-0.006028,1.0,11815.2,297.2,373.6,295.2,100.0,1.0
580692,3634,162,7.080765,0.2,-0.034877,0.0,0.0,0.0028498,0.06104,1.0,0.507024,0.367793,1.0,13298.3,243.1,379.3,325.2,100.0,1.0
580849,3635,157,3.545847,0.724414,0.009044,0.0,4e-05,0.00189214,-0.035293,0.809287,0.121085,0.334256,1.0,10703.4,200.5,228.2,763.6,100.0,1.0
581016,3636,167,1.298043,0.540413,-0.336874,0.0,0.000293,0.00278373,-0.369086,0.263587,-0.27041,-0.19314,1.0,8624.3,267.2,303.5,512.4,100.0,1.0
581174,3637,158,3.673427,0.497719,-0.241647,0.0,0.0,0.00232002,-0.095379,0.814203,0.041185,0.156507,1.0,10722.1,231.8,255.2,750.8,100.0,1.0
581338,3638,164,5.458931,0.362667,-0.000567,0.0,4.6e-05,0.00253717,-0.013109,1.0,0.191635,0.225759,1.0,11585.7,236.3,285.5,590.5,100.0,1.0
581493,3639,155,6.004282,1.0,0.059122,0.018739,0.0,0.00267903,0.028002,1.0,0.368318,0.303902,1.0,11649.9,223.4,248.9,520.3,100.0,1.0
581661,3640,168,3.291539,0.886842,-0.046878,0.013322,0.000141,0.00254637,-0.184806,0.735512,0.139864,-0.108902,1.0,10422.3,292.4,319.3,761.9,100.0,1.0
581826,3641,165,5.258437,0.714495,-0.206253,0.0,0.0,0.00268852,-0.055406,0.98642,0.22868,0.083735,1.0,11378.3,262.5,299.2,507.2,100.0,1.0
581981,3642,155,4.769745,0.2,-0.081495,0.0,0.416404,0.00264252,-0.057463,0.800887,0.187041,0.24537,1.0,10671.4,214.2,310.6,628.5,100.0,1.0
582140,3643,159,2.783937,0.2,-0.303824,0.0,0.030442,0.003138,-0.293441,0.448569,-0.128985,-0.142282,1.0,9329.0,271.9,413.9,530.3,100.0,1.0
582305,3644,165,2.174086,1.0,-0.293965,0.046888,0.0,0.00296356,-0.328492,0.50193,-0.095163,-0.314861,1.0,9532.4,347.8,425.8,301.6,100.0,1.0
582467,3645,162,5.001573,0.554344,-0.021705,0.0,2e-05,0.00283222,-0.089529,0.758078,0.099741,0.203257,1.0,10508.3,218.3,315.7,500.2,100.0,1.0
582628,3646,161,4.361124,0.2,-0.077834,0.0,0.056591,0.00265915,-0.1061,0.800887,0.126649,0.103376,1.0,10671.4,241.8,293.7,618.8,100.0,1.0
582787,3647,159,4.228114,0.2,-0.098502,0.0,0.35,0.00254149,-0.091891,0.860221,0.007849,0.140897,1.0,10897.4,238.8,270.6,587.1,100.0,1.0
582944,3648,157,4.095761,1.0,0.114773,0.003128,1.2e-05,0.00214437,-0.034231,0.655935,0.149001,0.435488,0.982173,10119.1,176.2,302.5,634.3,100.0,1.0
583102,3649,158,3.874893,0.389679,-0.052818,0.009241,3.7e-05,0.00256437,-0.11906,0.677617,0.084908,0.176817,1.0,10201.7,216.7,271.3,705.4,100.0,1.0
583265,3650,163,3.127446,0.208057,-0.093088,0.0,0.0,0.00245985,-0.170035,0.665119,0.024627,0.03741,1.0,10154.1,244.7,280.6,655.1,100.0,1.0
583419,3651,154,4.070007,0.2,0.003413,0.0,0.277474,0.00249556,-0.083801,0.688881,0.153937,0.26195,1.0,10244.6,203.0,265.9,825.8,100.0,1.0
583585,3652,166,6.147463,0.649397,0.028562,0.000865,1.8e-05,0.0027359,-0.000257,1.0,0.275796,0.240546,1.0,12280.1,247.5,358.9,677.9,100.0,1.0
583743,3653,158,5.674843,1.0,-0.119385,0.009995,0.0,0.00283883,-0.029504,0.950626,0.177403,0.216998,1.0,11241.9,230.9,356.5,262.7,100.0,1.0
583903,3654,160,6.635916,0.823867,-0.139248,0.0,1.2e-05,0.00307194,-0.00149,1.0,0.337573,0.215844,1.0,12278.8,252.5,428.8,346.3,100.0,1.0
584072,3655,169,5.858789,1.0,-0.284464,0.0,0.0,0.00282677,-0.045052,0.980961,0.133152,0.154643,1.0,11357.5,245.9,293.3,441.6,100.0,1.0
584231,3656,159,5.515916,0.246257,0.010872,0.0,0.017784,0.00249797,0.010197,1.0,0.293671,0.269434,1.0,11772.9,231.9,334.2,543.0,100.0,1.0
584388,3657,157,2.879837,0.384332,-0.026799,0.0,0.006835,0.00168862,-0.052422,0.663045,0.108156,0.388217,0.98704,10146.2,182.7,306.1,587.7,100.0,1.0
584545,3658,157,4.462947,1.0,-0.035629,0.0,0.0,0.00242274,-0.05079,0.727396,0.083995,0.355856,0.993701,10391.4,191.6,347.5,271.8,100.0,1.0
584710,3659,165,2.94955,0.330978,-0.192732,0.009446,0.000136,0.00250102,-0.194859,0.678058,-0.075601,-0.022713,1.0,10203.4,261.0,250.3,893.6,100.0,1.0
584871,3660,161,4.460812,0.261975,-0.155191,0.0,0.0,0.00252262,-0.076735,0.84926,0.080426,0.176357,1.0,10855.7,230.7,307.0,501.9,100.0,1.0
585039,3661,168,3.554343,0.149518,-0.164665,0.0,4.7e-05,0.00271954,-0.194425,0.530142,-0.025407,0.085268,1.0,9639.8,222.1,347.2,804.7,100.0,1.0
585196,3662,157,4.146661,0.2,-0.10906,0.0,0.018598,0.00254663,-0.093594,0.877179,0.104647,0.088823,1.0,10962.1,251.7,316.5,657.0,100.0,1.0
585350,3663,154,5.550643,0.2,0.083992,0.0,0.108597,0.00235296,0.047556,0.973511,0.418158,0.374542,1.0,11329.1,206.1,207.8,956.7,100.0,1.0
585512,3664,162,2.562232,1.0,-0.055762,0.00542,0.0,0.00211594,-0.153564,0.617362,-0.016885,0.145948,1.0,9972.2,217.6,233.5,765.2,100.0,1.0
585673,3665,161,0.695993,0.238159,-0.046747,0.003231,0.0,0.00159049,-0.204661,0.317895,-0.06555,0.224204,0.985259,8831.2,180.3,231.6,645.7,100.0,1.0
585830,3666,157,5.866198,0.7379,0.103176,0.0,7.8e-05,0.00225488,0.079127,1.0,0.361132,0.475619,0.999064,11731.3,198.8,276.8,468.3,100.0,1.0
585984,3667,154,2.542087,1.0,0.041148,0.002229,9e-06,0.00172192,-0.077476,0.561382,0.083898,0.391088,0.981536,9758.9,175.4,255.6,1116.2,100.0,1.0
586146,3668,162,4.438573,1.0,-0.245264,0.015068,0.0,0.00272239,-0.113336,0.741023,0.035992,0.159365,1.0,10443.3,225.2,327.1,498.2,100.0,1.0
586307,3669,161,2.692212,1.0,-0.147726,0.0,0.000182,0.0026216,-0.223313,0.564275,-0.118957,-0.008287,1.0,9769.9,246.3,321.2,446.9,100.0,1.0
586467,3670,160,3.102191,0.984671,-0.058464,0.0,0.0,0.00209483,-0.106117,0.598526,0.179593,0.252251,0.998239,9900.4,197.7,239.7,555.7,100.0,1.0
586634,3671,167,4.148242,0.836526,-0.206271,0.0,2.1e-05,0.00252426,-0.115287,0.904667,0.032041,0.017808,1.0,11066.8,271.8,234.9,516.1,100.0,1.0
586799,3672,165,3.443087,0.262144,-0.053454,0.0,0.004169,0.0026181,-0.177789,0.72387,0.087639,-0.058402,1.0,10377.9,275.5,340.8,573.5,100.0,1.0
586960,3673,161,3.225003,0.6422,-0.293084,0.007923,0.0,0.00291063,-0.230517,0.545144,-0.081212,-0.02894,1.0,9697.0,249.6,278.2,528.8,100.0,1.0
587123,3674,163,5.726594,-0.162576,-0.285522,0.000511,0.0,0.00290308,-0.050372,1.0,0.118105,0.126059,1.0,11552.9,256.5,383.6,330.4,100.0,1.0
587288,3675,165,5.026148,1.0,-0.091163,0.0,0.0,0.00260271,-0.05831,1.0,0.161744,0.085052,1.0,11447.9,263.8,264.6,646.9,100.0,1.0
587448,3676,160,2.125885,1.0,-0.23033,0.0,0.0,0.00248962,-0.24136,0.485005,-0.109894,-0.005408,1.0,9467.9,238.0,235.3,575.6,100.0,1.0
587606,3677,158,3.756599,0.2,-0.255684,0.0,0.710472,0.00261248,-0.135383,0.795212,0.191722,-0.011193,1.0,10649.8,269.3,282.1,646.3,100.0,1.0
587772,3678,166,2.802496,0.343048,-0.090815,0.0,7.9e-05,0.00241143,-0.193355,0.725928,0.144869,-0.131081,1.0,10385.8,298.8,219.7,775.8,100.0,1.0
587926,3679,154,4.139691,0.595724,-0.081547,0.004292,0.0,0.00229863,-0.048308,0.678591,0.288669,0.336019,0.993225,10205.4,191.0,259.8,489.0,100.0,1.0
588089,3680,163,4.557553,1.0,-0.045397,0.0,0.0,0.00255245,-0.079531,0.816757,0.17824,0.161521,1.0,10731.8,231.0,246.8,634.3,100.0,1.0
588246,3681,157,5.093091,0.428953,-0.113976,0.0,0.000283,0.00297779,-0.09146,0.763634,0.173396,0.167638,1.0,10529.4,225.4,329.8,413.1,100.0,1.0
588404,3682,158,4.792655,0.556459,-0.057592,0.004041,3.3e-05,0.00246478,-0.035534,0.809057,0.077569,0.346962,0.998981,10702.5,198.6,317.2,350.7,100.0,1.0
588561,3683,157,4.578336,0.832322,-0.113924,0.017337,0.0,0.00244723,-0.046141,0.88704,0.257841,0.187717,1.0,10999.6,231.5,229.1,543.0,100.0,1.0
588722,3684,161,1.985276,0.32468,-0.118174,0.012328,0.0,0.00264923,-0.279941,0.385128,-0.205827,-0.0188,1.0,9087.3,231.5,308.2,539.0,100.0,1.0
588885,3685,163,6.302551,0.883705,0.095558,0.0,4e-06,0.00254095,0.051215,1.0,0.42397,0.362727,1.0,12223.7,224.2,236.4,907.2,100.0,1.0
589051,3686,166,1.599563,0.597542,-0.311548,0.0,4.1e-05,0.00264959,-0.321729,0.403683,-0.213251,-0.171082,1.0,9158.0,276.2,273.3,574.9,100.0,1.0
589209,3687,158,4.582011,0.2,-0.032106,0.000257,0.013062,0.00228309,-0.022381,0.962664,0.214935,0.218197,1.0,11287.8,231.6,309.1,842.9,100.0,1.0
589374,3688,165,4.340228,0.432312,-0.272141,0.029666,0.0,0.00268634,-0.122768,0.820693,0.05969,0.053632,1.0,10746.8,255.0,234.7,744.4,100.0,1.0
589532,3689,158,2.459731,0.886649,-0.23883,0.0,0.000401,0.00247634,-0.209636,0.602838,-0.066611,-0.012281,1.0,9916.8,251.0,308.8,503.1,100.0,1.0
589697,3690,165,4.909083,1.0,-0.143975,0.008192,0.0,0.00286762,-0.110666,0.890976,0.218391,-0.017498,1.0,11014.6,280.3,295.4,476.7,100.0,1.0
589852,3691,155,0.70024,0.2,-0.328143,0.0,0.000213,0.00216021,-0.283116,0.334192,-0.307566,0.046974,1.0,8893.3,212.4,315.6,810.2,100.0,1.0
590011,3692,159,6.088466,1.0,0.010178,0.0,1.5e-05,0.00250368,0.051509,1.0,0.363154,0.383979,1.0,11589.3,209.3,358.8,441.1,100.0,1.0
590172,3693,161,5.804027,1.0,-0.046973,0.004977,5.4e-05,0.00289766,-0.037937,1.0,0.170866,0.149923,1.0,11484.9,249.7,395.7,402.5,100.0,1.0
590329,3694,157,4.433252,1.0,0.083507,0.0,0.0,0.002389,-0.04769,0.935219,0.448364,0.078897,1.0,11183.2,259.1,240.7,645.6,100.0,1.0
590488,3695,159,4.156094,0.2,0.038561,0.0,1.2e-05,0.00217223,-0.038482,0.76448,0.027521,0.38367,0.992727,10532.7,190.3,340.0,494.8,100.0,1.0
590647,3696,159,4.543342,0.595375,-0.018617,0.0,1.8e-05,0.00228001,-0.027039,0.867397,0.149607,0.303838,1.0,10924.8,209.5,364.2,569.3,100.0,1.0
590807,3697,160,3.896998,0.463608,-0.180858,0.0,0.000197,0.00274299,-0.151138,0.719483,-0.081145,0.090353,1.0,10361.2,237.6,308.3,550.1,100.0,1.0
590968,3698,161,5.684401,0.748937,-0.199411,0.0,5e-06,0.00282836,-0.035619,1.0,0.212358,0.143817,1.0,11578.0,253.1,333.8,341.0,100.0,1.0
591126,3699,158,6.015092,0.520948,0.06258,0.001633,0.00043,0.00252938,0.044544,1.0,0.535241,0.3034,1.0,12678.1,243.2,303.3,541.5,100.0,1.0
591284,3700,158,7.004059,0.2,0.102045,0.0,3.7e-05,0.00251859,0.119282,1.0,0.554447,0.546126,1.0,12937.2,209.2,357.1,508.3,100.0,1.0
591447,3701,163,5.405923,0.393029,-0.206585,0.0,0.036422,0.00283618,-0.063096,0.930971,0.252547,0.096355,1.0,11167.0,254.6,352.2,509.1,100.0,1.0
591611,3702,164,5.509236,0.562577,0.039672,0.0,0.000108,0.00254555,-0.010607,0.986845,0.090025,0.27893,1.0,11379.9,222.4,294.2,511.4,100.0,1.0
591775,3703,164,3.379442,0.885141,-0.294876,0.0,0.000207,0.0027688,-0.204514,0.758065,0.019622,-0.153308,1.0,10508.2,310.3,374.7,581.5,100.0,1.0
591931,3704,156,2.004806,0.746408,-0.123068,0.0,0.0,0.00238267,-0.223629,0.507308,0.100853,-0.035139,1.0,9552.8,247.5,256.6,857.9,100.0,1.0
592087,3705,156,-0.309909,0.2,-0.340357,0.0,0.048578,0.0024452,-0.404338,0.012393,-0.205462,-0.122968,1.0,7667.2,218.6,239.9,734.7,100.0,1.0
592247,3706,160,2.961555,0.640488,-0.20592,0.007261,0.0,0.00255419,-0.18996,0.551839,-0.076069,0.098958,1.0,9722.5,221.2,364.2,369.3,100.0,1.0
592405,3707,158,3.739804,0.2,0.024083,0.011817,0.109572,0.00246124,-0.112688,0.825643,0.131165,0.059282,1.0,10765.7,254.1,336.3,592.2,100.0,1.0
592562,3708,157,2.25048,0.68917,-0.279352,0.025533,8.8e-05,0.00284353,-0.280251,0.338594,-0.204666,0.018558,1.0,8910.0,218.7,337.2,475.6,100.0,1.0
592722,3709,160,3.918443,0.681136,-0.235882,0.0,0.0,0.00253572,-0.116325,0.818738,0.051402,0.079499,1.0,10739.4,248.7,265.3,585.2,100.0,1.0
592883,3710,161,2.559812,1.0,-0.228179,0.027781,0.0,0.00273215,-0.250835,0.437416,-0.115104,0.004404,1.0,9286.6,231.1,316.7,455.5,100.0,1.0
593043,3711,160,4.73835,0.2,-0.060105,0.002498,0.0,0.00257245,-0.061634,0.781478,-0.042532,0.324165,1.0,10597.4,200.1,406.5,327.3,100.0,1.0
593202,3712,159,4.208944,0.2,-0.203788,0.0,0.015883,0.00258255,-0.099767,0.868099,0.061551,0.090178,1.0,10927.5,250.6,304.8,494.4,100.0,1.0
593363,3713,161,6.457281,0.2,0.117809,0.0,0.042638,0.00269203,0.043512,1.0,0.557978,0.292379,1.0,12601.3,243.8,362.9,533.8,100.0,1.0
593517,3714,154,0.931881,0.527031,-0.299348,0.0,0.0,0.00256376,-0.325993,0.323419,-0.166233,-0.13408,1.0,8852.2,255.6,289.4,548.5,100.0,1.0
593675,3715,158,6.189479,1.0,-0.077289,0.034931,0.0,0.00284078,0.008323,0.950677,0.344757,0.28726,1.0,11242.1,218.3,375.6,320.3,100.0,1.0
593834,3716,159,3.549572,0.044159,0.029784,0.001463,3e-06,0.00196542,-0.050312,0.88043,0.141604,0.218068,1.0,10974.4,225.2,278.7,510.2,100.0,1.0
593991,3717,157,4.896712,0.381675,-0.052982,0.006607,0.0,0.00255452,-0.039392,0.901256,0.185815,0.222376,1.0,11053.8,226.1,281.4,655.2,100.0,1.0
594150,3718,159,4.134687,0.2,-0.084245,0.0,0.156819,0.00232873,-0.064876,0.873432,0.030059,0.212532,1.0,10947.8,225.7,302.4,630.9,100.0,1.0
594308,3719,158,3.473404,0.877879,-0.069936,0.010215,1.4e-05,0.00242956,-0.127328,0.78993,0.083822,0.056024,1.0,10629.6,251.6,211.0,675.0,100.0,1.0
594469,3720,161,5.038547,0.2,-0.226015,0.0,0.066459,0.00296615,-0.105421,0.852467,0.071352,0.081091,1.0,10867.9,251.3,349.1,342.3,100.0,1.0
594631,3721,162,4.995593,0.266414,-0.052263,0.0,0.099063,0.00256525,-0.04659,0.939659,0.248549,0.145469,1.0,11200.1,244.4,323.1,688.6,100.0,1.0
594790,3722,159,3.70263,0.299079,-0.022089,0.0,0.0,0.00271708,-0.158533,0.747096,0.224733,-0.059269,1.0,10466.4,278.1,346.0,520.6,100.0,1.0
594954,3723,164,4.850967,0.437356,-0.086186,0.00417,1.2e-05,0.00266739,-0.079146,0.9046,0.072538,0.124836,1.0,11066.5,246.0,299.5,645.5,100.0,1.0
595112,3724,158,4.843325,0.2,-0.024146,0.0,0.210744,0.00242204,-0.02493,1.0,0.327315,0.141128,1.0,11638.8,255.0,286.3,642.8,100.0,1.0
595271,3725,159,4.645382,1.0,-0.073799,0.0,0.0,0.00284582,-0.109365,0.767549,0.186554,0.100309,1.0,10544.4,239.6,376.1,402.5,100.0,1.0
595432,3726,161,6.376675,1.0,0.038928,0.0,0.0,0.00286951,0.00903,1.0,0.5751,0.171734,1.0,12559.9,268.0,362.1,414.5,100.0,1.0
595591,3727,159,5.976295,1.0,-0.334144,0.0,0.0,0.00313058,-0.056296,0.984058,0.182858,0.098012,1.0,11369.3,258.9,357.3,274.9,100.0,1.0
595752,3728,161,2.972365,1.0,-0.33725,0.0,0.0,0.00301567,-0.265952,0.449669,-0.18323,-0.033487,1.0,9333.2,241.4,349.6,308.9,100.0,1.0
595914,3729,162,3.771037,0.910899,0.099259,0.0,1.5e-05,0.00222983,-0.082629,0.863636,0.318834,0.065261,1.0,10910.5,256.1,240.7,1021.8,100.0,1.0
596074,3730,160,3.063074,1.0,-0.268083,0.0,4.7e-05,0.00251411,-0.17597,0.619453,-0.105247,0.098972,1.0,9980.1,227.0,375.0,383.4,100.0,1.0
596229,3731,155,3.711796,0.2,-0.129999,0.0,9e-06,0.00245922,-0.106964,0.709152,0.146019,0.170486,1.0,10321.9,220.5,279.2,681.3,100.0,1.0
596386,3732,157,4.901243,1.0,-0.055148,0.006402,7.8e-05,0.0025038,-0.031006,0.893657,0.266996,0.229601,1.0,11024.8,224.2,264.3,551.9,100.0,1.0
596542,3733,156,3.20236,0.2,-0.092302,0.0,0.0422,0.0022587,-0.115776,0.694542,0.11805,0.162611,1.0,10266.2,220.8,300.1,750.2,100.0,1.0
596706,3734,164,2.413223,1.0,-0.279424,0.0,0.0,0.00259466,-0.247257,0.670451,0.063546,-0.237413,1.0,10174.4,333.5,359.0,488.4,100.0,1.0
596870,3735,164,6.42604,0.546526,0.092743,0.0,0.007229,0.00266738,0.037263,1.0,0.440162,0.310823,1.0,12703.8,242.3,333.0,615.7,100.0,1.0
597031,3736,161,5.133718,0.481775,-0.078217,0.027768,0.000338,0.00274641,-0.062913,1.0,0.162148,0.069576,1.0,11476.5,268.2,347.1,527.5,100.0,1.0
597186,3737,155,5.082956,0.645506,-0.243944,0.0,5.8e-05,0.00287514,-0.070123,0.834511,0.201365,0.170376,1.0,10799.5,230.7,339.8,413.5,100.0,1.0
597343,3738,157,1.825145,0.510001,-0.313791,0.0,4.4e-05,0.0024632,-0.251877,0.547219,-0.224532,-0.054097,1.0,9704.9,256.5,334.0,452.2,100.0,1.0
597501,3739,158,5.087287,0.459637,0.073262,0.001425,0.000138,0.00241761,-0.00613,1.0,0.374788,0.187972,1.0,11757.9,247.4,331.6,893.0,100.0,1.0
597656,3740,155,4.953059,0.2,0.020068,0.003245,0.010013,0.00258504,-0.034754,0.819477,0.083931,0.339947,1.0,10742.2,200.4,356.9,568.9,100.0,1.0
597816,3741,160,4.978515,1.0,-0.291783,0.0,0.0,0.0032535,-0.152759,0.717009,0.040092,0.046597,1.0,10351.8,247.3,387.8,501.2,100.0,1.0
597984,3742,168,4.418577,1.0,-0.140346,0.018205,0.000199,0.00254365,-0.100858,1.0,0.084997,-0.031193,1.0,11774.4,303.8,274.1,526.3,100.0,1.0
598140,3743,156,2.414754,0.482267,-0.074087,0.0,0.000105,0.00214186,-0.155706,0.573585,-0.088775,0.199249,1.0,9805.4,204.4,252.3,764.4,100.0,1.0
598301,3744,161,4.194362,1.0,-0.075288,0.005716,0.0,0.00235725,-0.069624,0.886747,0.070066,0.172276,1.0,10998.5,234.6,249.8,617.1,100.0,1.0
598459,3745,158,4.721188,0.447527,0.031153,0.0,0.000147,0.00230268,-0.01502,0.924586,0.226829,0.270501,1.0,11142.7,219.3,220.9,1077.2,100.0,1.0
598614,3746,155,4.307859,0.2,0.007497,0.0,0.002118,0.00212696,-0.011421,0.906126,0.12811,0.330789,1.0,11072.3,208.0,281.4,613.4,100.0,1.0
598774,3747,160,4.067994,0.275037,0.017633,0.0,0.041761,0.00238376,-0.080881,0.806285,0.225719,0.149919,1.0,10691.9,232.4,256.4,718.3,100.0,1.0
598928,3748,154,3.998666,0.48394,0.052089,0.021277,9.9e-05,0.00211084,-0.029675,0.735406,0.076363,0.415516,0.988049,10421.9,184.1,251.8,547.2,100.0,1.0
599085,3749,157,6.89154,1.0,-0.034049,0.018927,0.0,0.00298098,0.041062,1.0,0.287837,0.374261,1.0,11748.7,213.7,456.4,219.2,100.0,1.0
599238,3750,153,7.127391,1.0,0.0869,0.0,0.0,0.00267821,0.116762,1.0,0.597358,0.523419,1.0,12834.7,210.6,324.1,429.5,100.0,1.0
599397,3751,159,2.576198,0.2,-0.2375,0.0,0.09999,0.00303567,-0.292377,0.391901,-0.13032,-0.091068,1.0,9113.1,250.7,363.7,455.9,100.0,1.0
599560,3752,163,6.020314,0.29299,-0.261358,0.008961,0.0,0.00309658,-0.059969,0.938478,0.168661,0.128484,1.0,11195.6,248.0,391.8,333.5,100.0,1.0
599718,3753,158,4.793916,0.804534,-0.095849,0.0,9e-05,0.0024185,-0.027917,0.886717,0.134082,0.289987,1.0,10998.4,213.1,224.5,616.7,100.0,1.0
599880,3754,162,5.003972,1.0,-0.18223,0.0,4.8e-05,0.00292695,-0.104447,0.760609,0.001555,0.18415,1.0,10517.9,222.1,357.5,338.0,100.0,1.0
600042,3755,162,3.945507,0.341197,-0.115509,0.003091,0.0,0.00269102,-0.144413,0.65865,0.206764,0.067494,1.0,10129.5,237.2,313.8,354.7,100.0,1.0
600206,3756,164,3.508288,0.644774,-0.181146,0.0,0.0,0.0023591,-0.127657,0.818193,-0.055591,0.077847,1.0,10737.3,249.0,295.3,521.4,100.0,1.0
600366,3757,160,4.126746,1.0,-0.164258,0.006365,0.0,0.00275651,-0.136119,0.787314,0.100002,0.023508,1.0,10619.7,259.4,291.6,407.7,100.0,1.0
600524,3758,158,4.536298,1.0,-0.198411,0.007728,0.000347,0.00269549,-0.090694,0.931568,0.07948,0.061554,1.0,11169.3,263.0,297.7,376.3,100.0,1.0
600683,3759,159,7.145923,0.512539,0.040278,0.0,0.0,0.00291255,0.064942,1.0,0.456582,0.397612,1.0,12496.2,223.5,411.4,307.5,100.0,1.0
600847,3760,164,4.585993,0.64379,-0.065694,0.0,0.000366,0.00255207,-0.079655,0.922165,0.1112,0.095613,1.0,11133.4,254.0,331.2,610.0,100.0,1.0
601008,3761,161,4.069849,0.13727,-0.10738,0.013285,1.8e-05,0.00266452,-0.128237,0.657203,0.230986,0.114544,1.0,10123.9,227.1,275.4,531.1,100.0,1.0
601163,3762,155,6.281668,1.0,0.11268,0.0,0.0,0.00250887,0.075333,1.0,0.517867,0.41182,1.0,11531.7,204.2,251.1,635.2,100.0,1.0
601317,3763,154,4.210353,0.942477,0.063589,0.022729,0.0,0.00202798,-0.001174,0.830859,0.332203,0.358331,0.998881,10785.6,198.5,210.6,688.7,100.0,1.0
601480,3764,163,3.966839,0.441418,-0.046759,0.012544,0.000243,0.00239466,-0.097208,0.859294,0.104827,0.091618,1.0,10893.9,249.5,251.6,699.2,100.0,1.0
601643,3765,163,5.62305,1.0,-0.058886,0.009175,0.0,0.00251435,0.005662,1.0,0.393808,0.220938,1.0,11440.6,234.3,218.8,703.6,100.0,1.0
601806,3766,163,5.365347,0.2,-0.029807,0.026941,0.009043,0.00248065,-0.007888,0.941194,0.244216,0.27464,1.0,11205.9,219.8,288.1,829.3,100.0,1.0
601965,3767,159,4.193788,0.811955,-0.05118,0.0,0.0,0.00246259,-0.081664,0.897095,0.214121,0.075501,1.0,11037.9,256.6,265.1,602.6,100.0,1.0
602124,3768,159,5.833618,0.746934,0.08248,0.013207,4e-06,0.00257617,0.02144,0.997375,0.268292,0.317557,1.0,11420.0,216.7,255.9,514.3,100.0,1.0
602285,3769,161,4.149284,0.2,-0.350093,0.0,0.133809,0.00295114,-0.168546,0.621597,0.170424,0.03004,1.0,9988.3,242.4,309.2,487.3,100.0,1.0
602447,3770,162,6.690016,1.0,-0.100644,0.021455,0.0,0.00306558,-0.002262,1.0,0.250206,0.242391,1.0,12281.6,247.1,395.1,265.9,100.0,1.0
602607,3771,160,5.186647,0.564581,-0.083204,0.001018,0.000987,0.00287194,-0.076212,0.985792,0.311422,-0.012674,1.0,11375.9,288.0,314.7,464.3,100.0,1.0
602771,3772,164,4.139371,1.0,-0.396207,0.014243,0.0,0.00326349,-0.229304,0.664401,-0.112691,-0.113784,1.0,10151.4,286.4,365.6,413.1,100.0,1.0
602932,3773,161,3.926802,0.2,-0.147365,0.0,2.8e-05,0.00277399,-0.156381,0.750424,0.048813,0.003772,1.0,10479.1,261.0,312.1,554.1,100.0,1.0
603093,3774,161,6.429666,1.0,-0.007282,0.014073,0.0,0.0027814,0.027457,1.0,0.40679,0.289258,1.0,12422.5,240.9,328.5,493.7,100.0,1.0
603253,3775,160,5.378012,0.338335,-0.048323,0.0,4.5e-05,0.00261874,-0.02146,1.0,0.1538,0.210535,1.0,11714.2,241.9,334.6,827.6,100.0,1.0
603416,3776,163,3.491234,1.0,-0.20775,0.0,0.000395,0.00263133,-0.170836,0.808878,0.052386,-0.094312,1.0,10701.8,295.4,304.9,445.3,100.0,1.0
603577,3777,161,5.69333,0.2,-0.288328,0.0,0.35387,0.0029908,-0.060666,0.98827,0.118619,0.101349,1.0,11385.3,258.4,368.4,487.9,100.0,1.0
603735,3778,158,3.473664,0.684032,-0.199057,0.0,0.000121,0.00240308,-0.122891,0.705175,0.095797,0.137453,1.0,10306.7,226.5,270.4,711.4,100.0,1.0
603899,3779,164,5.454819,1.0,-0.083242,0.0,0.0,0.00265252,-0.031763,0.988029,0.141037,0.19042,1.0,11384.4,239.1,325.7,372.2,100.0,1.0
604054,3780,155,3.596158,1.0,-0.245983,0.0,0.0,0.00261458,-0.139412,0.686778,-0.140743,0.176558,1.0,10236.6,217.5,389.7,327.4,100.0,1.0
604216,3781,162,3.123009,0.2,-0.145126,0.0,0.059551,0.00242893,-0.162619,0.695198,0.033683,0.034045,1.0,10268.7,248.3,237.9,697.3,100.0,1.0
604376,3782,160,4.75756,0.945289,0.029493,0.0,0.0,0.00269923,-0.080179,0.854192,0.297219,0.088504,1.0,10874.5,249.8,243.8,844.3,100.0,1.0
604532,3783,156,4.281627,0.2,0.035824,0.0,0.016828,0.00237042,-0.053263,0.851554,0.255674,0.194269,1.0,10864.4,227.4,256.3,784.7,100.0,1.0
604687,3784,155,6.209906,0.279307,0.135247,0.0,0.015409,0.00210395,0.132946,1.0,0.506622,0.601529,0.994786,12366.8,193.0,318.3,767.6,100.0,1.0
604846,3785,159,2.673822,-0.044189,-0.375572,0.0,7e-05,0.00284591,-0.254859,0.445923,-0.008627,-0.051591,1.0,9319.0,245.6,329.0,593.6,100.0,1.0
605005,3786,159,5.195655,0.507937,-0.079546,0.0,0.0,0.00266032,-0.038911,0.986119,0.118093,0.175831,1.0,11377.1,241.9,349.3,491.3,100.0,1.0
605171,3787,166,2.173037,0.547765,-0.236837,0.0,0.000182,0.00234079,-0.227928,0.667897,-0.080931,-0.122696,1.0,10164.7,289.7,296.9,600.5,100.0,1.0
605334,3788,163,5.165341,0.379398,0.046713,0.023137,0.000266,0.00263174,-0.047132,0.902529,0.368901,0.134486,1.0,11058.6,243.7,304.0,583.3,100.0,1.0
605498,3789,164,3.09021,0.2,-0.265662,0.0,0.102957,0.00231349,-0.150964,0.718109,-0.1278,0.107628,1.0,10356.0,233.7,251.6,715.9,100.0,1.0
605663,3790,165,4.601644,1.0,-0.004344,0.0,0.000111,0.00248372,-0.069635,0.873766,0.154236,0.154999,1.0,10949.0,237.0,315.8,527.3,100.0,1.0
605821,3791,158,3.213356,1.0,-0.371423,0.047621,0.0,0.00293948,-0.226901,0.546201,-0.186303,0.017262,1.0,9701.0,238.4,411.1,239.9,100.0,1.0
605981,3792,160,4.234453,0.52217,-0.02056,0.0,2.7e-05,0.00240344,-0.071503,0.8009,0.123187,0.219845,1.0,10671.4,218.7,260.5,774.9,100.0,1.0
606141,3793,160,4.592868,0.872349,0.059877,0.017499,0.000104,0.00245388,-0.053083,0.975491,0.276163,0.084759,1.0,11336.6,261.3,262.3,716.8,100.0,1.0
606299,3794,158,2.832573,1.0,-0.243822,0.0,0.0,0.00298314,-0.261947,0.443715,0.110202,-0.112987,1.0,9310.6,262.4,306.2,418.4,100.0,1.0
606459,3795,160,2.505962,0.2,-0.325406,0.0,0.12118,0.00225298,-0.175209,0.657984,-0.103581,0.068844,1.0,10126.9,236.9,249.8,590.8,100.0,1.0
606630,3796,171,4.601433,0.670935,-0.131596,0.0,2.2e-05,0.0024681,-0.081879,0.898894,0.212438,0.073847,1.0,11044.8,257.1,346.7,837.3,100.0,1.0
606784,3797,154,1.787597,0.971563,-0.135861,0.004684,4e-05,0.00247017,-0.248252,0.528982,0.087509,-0.130828,1.0,9635.4,277.1,283.7,605.3,100.0,1.0
606945,3798,161,2.867086,1.0,-0.202787,0.036684,0.0,0.002854,-0.247549,0.550386,-0.038158,-0.104431,1.0,9717.0,271.3,329.2,508.0,100.0,1.0
607103,3799,158,5.413855,1.0,-0.220398,0.023808,0.0,0.00289369,-0.056963,0.924807,0.179443,0.146304,1.0,11143.5,243.0,343.8,363.5,100.0,1.0
607262,3800,159,7.351329,0.799977,0.103146,0.0,0.0,0.0028744,0.086481,1.0,0.533471,0.443781,1.0,12407.9,214.9,348.3,550.7,100.0,1.0
607429,3801,167,5.764187,0.2,-0.169081,0.0,0.10627,0.00288796,-0.056102,0.945543,0.108939,0.155394,1.0,11222.5,242.8,398.2,790.4,100.0,1.0
607590,3802,161,3.824703,1.0,-0.370362,0.036425,0.0,0.00291449,-0.186431,0.649382,-0.102372,0.038201,1.0,10094.1,243.1,398.2,684.9,100.0,1.0
607749,3803,159,3.398326,0.922412,-0.211636,0.005523,0.0,0.00297465,-0.221676,0.566114,-0.01402,-0.039343,1.0,9776.9,254.4,304.4,427.5,100.0,1.0
607911,3804,162,5.876478,0.354246,0.006728,0.0,5.2e-05,0.0026122,0.011406,1.0,0.354175,0.253297,1.0,11977.4,238.9,283.1,656.2,100.0,1.0
608070,3805,159,5.879457,0.347773,-0.184459,0.0,7e-06,0.00280937,-0.011878,0.955594,0.27131,0.240307,1.0,11260.8,227.0,418.2,313.5,100.0,1.0
608229,3806,159,5.028622,0.879619,-0.265354,0.016104,0.0,0.00304292,-0.111929,0.881976,0.226587,-0.016937,1.0,10980.3,279.2,336.3,477.8,100.0,1.0
608394,3807,165,4.515009,0.962935,-0.234462,0.0,0.000109,0.00267489,-0.107428,0.903887,0.006967,0.053013,1.0,11063.8,262.7,316.6,469.6,100.0,1.0
608526,3808,132,-5.856354,0.2,0.6,0.015267,0.072556,0.00233717,-1.0,-1.0,-1.0,-1.0,1.0,0.0,454.4,172.1,237.0,100.0,1.0
608691,3809,165,5.674053,0.610791,0.099323,0.0,3.4e-05,0.00231516,0.037693,1.0,0.485607,0.297107,1.0,12340.6,237.8,293.2,904.0,100.0,1.0
608852,3810,161,3.488985,0.852683,-0.225107,0.0,0.0,0.00262588,-0.164704,0.664256,-0.022855,0.071726,1.0,10150.8,236.8,292.4,563.6,100.0,1.0
609012,3811,160,6.094236,0.598535,0.116271,0.0211,0.00045,0.00276434,0.008481,1.0,0.445353,0.213152,1.0,12235.8,252.1,365.6,363.4,100.0,1.0
609164,3812,152,4.624585,0.212246,-0.287421,0.0,0.0,0.00298764,-0.112044,0.681686,0.202201,0.157713,1.0,10217.2,220.6,353.2,381.0,100.0,1.0
609325,3813,161,3.141646,1.0,-0.352347,0.043455,0.0,0.00284748,-0.226055,0.524266,-0.120197,0.016326,1.0,9617.5,236.6,320.7,367.7,100.0,1.0
609489,3814,164,4.317854,1.0,0.016853,0.0,6.2e-05,0.00268138,-0.120332,0.705534,0.173311,0.119844,1.0,10308.1,230.1,327.5,507.4,100.0,1.0
609650,3815,161,3.927043,0.2,0.026791,0.0,0.004247,0.00260722,-0.129249,0.803664,0.213571,-0.005075,1.0,10682.0,268.4,267.4,645.4,100.0,1.0
609805,3816,155,2.104387,0.84849,-0.176152,0.0,8e-06,0.00214058,-0.176105,0.626754,-0.086351,0.086138,1.0,10007.9,230.4,205.3,766.6,100.0,1.0
609964,3817,159,2.140767,-0.031344,-0.378683,0.008752,0.0,0.00267506,-0.266981,0.419122,-0.145852,-0.023922,1.0,9216.9,236.1,364.1,399.3,100.0,1.0
610125,3818,161,6.100606,0.041041,-0.062129,0.002242,5.8e-05,0.00282402,-0.003365,1.0,0.355378,0.203657,1.0,11845.0,246.0,337.8,673.5,100.0,1.0
610290,3819,165,3.823689,0.408522,-0.315506,0.0,0.0,0.00260259,-0.146554,0.840645,-0.079435,0.004093,1.0,10822.9,269.5,262.3,601.9,100.0,1.0
610447,3820,157,3.664027,1.0,-0.067027,0.0,5e-05,0.00226513,-0.084561,0.809253,0.130878,0.166794,1.0,10703.3,229.3,195.0,688.7,100.0,1.0
610606,3821,159,5.195677,0.261242,0.026514,0.0,0.0,0.00258963,-0.027393,1.0,0.561895,0.054724,1.0,12310.1,291.8,310.2,456.4,100.0,1.0
610763,3822,157,3.293014,0.2,-0.403699,0.0,0.000241,0.00307105,-0.238561,0.632598,-0.01073,-0.152127,1.0,10030.2,295.7,339.2,477.4,100.0,1.0
610925,3823,162,3.978833,-0.073692,-0.237431,0.004363,0.000106,0.00260377,-0.127466,0.853333,0.066082,0.008643,1.0,10871.2,269.5,303.4,611.1,100.0,1.0
611073,3824,148,6.588318,1.0,0.112757,0.0,3.3e-05,0.00262975,0.098195,1.0,0.567296,0.468602,0.997471,11550.7,196.6,332.6,548.0,100.0,1.0
611235,3825,162,1.198441,0.430591,-0.307592,0.0,8.6e-05,0.00251778,-0.319226,0.442068,-0.04554,-0.250629,1.0,9304.3,310.4,241.8,594.6,100.0,1.0
611400,3826,165,2.255395,0.390524,-0.432575,0.0,0.0,0.00303912,-0.334629,0.367727,-0.202418,-0.187728,1.0,9021.0,277.6,348.7,323.2,100.0,1.0
611565,3827,165,3.019556,1.0,-0.269648,0.0,0.0,0.0028064,-0.239666,0.650939,0.075798,-0.199936,1.0,10100.1,315.6,290.9,485.7,100.0,1.0
611728,3828,163,4.657571,1.0,0.032232,0.0,1e-06,0.00231361,-0.032528,1.0,0.182273,0.164148,1.0,11573.6,248.5,256.9,675.2,100.0,1.0
611892,3829,164,5.340148,0.756344,0.043776,0.0,0.0,0.00262003,-0.034615,1.0,0.39386,0.086665,1.0,12110.3,278.6,322.8,495.0,100.0,1.0
612053,3830,161,3.137093,0.981295,-0.165683,0.0,0.0,0.00259761,-0.186128,0.621308,0.047499,0.012651,1.0,9987.2,246.6,247.3,860.2,100.0,1.0
612211,3831,158,3.547591,1.0,-0.147141,0.006457,0.0,0.00267798,-0.160666,0.647298,0.043474,0.077206,1.0,10086.2,234.1,336.1,504.2,100.0,1.0
612369,3832,158,4.3857,0.456895,0.018343,0.0,0.0,0.00242422,-0.058558,0.991306,0.34796,0.029397,1.0,11396.9,276.8,299.5,575.5,100.0,1.0
612527,3833,158,5.220475,0.731247,-0.106494,0.0,1.3e-05,0.0027724,-0.05182,0.880408,0.123367,0.219137,1.0,10974.4,225.0,358.8,619.4,100.0,1.0
612692,3834,165,2.910567,0.912129,-0.28134,0.001914,0.0,0.00282587,-0.250943,0.536792,-0.112203,-0.079736,1.0,9665.2,262.6,344.1,493.2,100.0,1.0
612855,3835,163,2.178236,1.0,-0.301615,0.0,2.9e-05,0.00276585,-0.289686,0.374898,-0.182335,-0.050589,1.0,9048.4,238.3,321.3,555.7,100.0,1.0
613018,3836,163,3.193378,0.811796,-0.33703,0.006829,0.0,0.00269349,-0.202765,0.643391,0.063815,-0.066647,1.0,10071.3,269.8,326.0,462.7,100.0,1.0
613178,3837,160,4.110874,0.818121,-0.324919,0.005772,0.000174,0.00284808,-0.151532,0.798847,0.0328,-0.015078,1.0,10663.6,270.7,335.7,392.6,100.0,1.0
613350,3838,172,4.197127,0.898682,-0.163583,0.0,4.3e-05,0.00245641,-0.111949,0.935513,0.088225,-0.015498,1.0,11184.3,284.0,248.5,683.0,100.0,1.0
613510,3839,160,5.644129,0.637899,0.070532,0.0,3.9e-05,0.00261191,-0.000282,1.0,0.395659,0.200507,1.0,11451.8,238.5,305.4,814.0,100.0,1.0
613667,3840,157,4.843085,1.0,-0.055604,0.005926,0.0,0.00250419,-0.034796,0.945635,0.235154,0.184265,1.0,11222.9,236.9,311.9,656.0,100.0,1.0
613826,3841,159,5.118139,0.206852,-0.056871,0.0,0.150105,0.00243481,-0.008427,1.0,0.276556,0.213059,1.0,11494.4,236.9,256.6,528.3,100.0,1.0
613991,3842,165,5.332344,1.0,0.118656,0.003776,0.000313,0.00235623,0.005771,1.0,0.490364,0.189115,1.0,12129.1,255.0,288.5,716.7,100.0,1.0
614155,3843,164,4.225446,0.2,-0.021614,0.0,0.045696,0.00250739,-0.098572,0.938129,0.20353,-0.011524,1.0,11194.3,283.1,296.8,631.0,100.0,1.0
614316,3844,161,3.333473,0.452153,-0.294048,0.0,0.000323,0.0026977,-0.187692,0.652301,0.047234,-0.018302,1.0,10105.3,257.3,302.6,595.5,100.0,1.0
614475,3845,159,6.275533,1.0,-0.321551,0.010483,0.0,0.00311507,-0.030961,1.0,0.248033,0.147451,1.0,11531.7,251.2,346.5,338.7,100.0,1.0
614637,3846,162,3.771467,0.437526,-0.321083,0.0,0.0,0.00273305,-0.163686,0.637505,-0.038486,0.10262,1.0,10048.9,227.8,354.4,420.4,100.0,1.0
614802,3847,165,4.357283,0.551734,-0.293484,0.0,0.0,0.00292911,-0.160881,0.806269,0.011581,-0.045355,1.0,10691.9,280.0,333.7,545.5,100.0,1.0
614962,3848,160,4.640631,0.513085,-0.004887,0.0,0.000268,0.0023384,-0.030728,1.0,0.300194,0.130843,1.0,11489.1,254.0,255.4,747.5,100.0,1.0
615120,3849,158,3.037608,0.442381,-0.305204,0.0,0.0,0.00266595,-0.196441,0.526078,-0.011753,0.077383,1.0,9624.4,223.3,317.7,394.1,100.0,1.0
615280,3850,160,5.299797,0.236422,0.02969,0.009917,2e-06,0.0024165,0.005551,1.0,0.351303,0.234737,1.0,11726.6,237.4,299.7,604.1,100.0,1.0
615433,3851,153,4.275493,0.2,-0.164584,0.0,0.037499,0.00279151,-0.110715,0.687283,0.022567,0.217358,1.0,10238.5,210.3,340.3,362.8,100.0,1.0
615593,3852,160,4.305399,-0.018241,-0.263307,0.000874,0.0,0.00283397,-0.134827,0.728794,0.041262,0.096162,1.0,10396.7,237.1,313.1,361.5,100.0,1.0
615752,3853,159,4.597997,0.514221,-0.130092,0.004145,0.000108,0.00293584,-0.126528,0.769632,0.221326,0.029773,1.0,10552.3,256.2,322.5,549.3,100.0,1.0
615908,3854,156,5.319648,1.0,0.002248,0.005402,0.0,0.00245612,0.010544,0.983808,0.393374,0.250849,1.0,11368.3,227.2,272.0,678.7,100.0,1.0
616065,3855,157,4.660849,1.0,-0.058209,0.016921,0.000108,0.00263887,-0.069368,0.915394,0.103824,0.138005,1.0,11107.7,244.0,347.3,371.0,100.0,1.0
616229,3856,164,5.185682,0.770868,-0.251533,0.0,5.7e-05,0.00263606,-0.048538,0.964144,0.078183,0.175358,1.0,11293.4,240.2,332.1,421.1,100.0,1.0
616386,3857,157,2.74635,1.0,-0.214088,0.013385,0.0,0.00220057,-0.142231,0.670226,-0.002032,0.134718,1.0,10173.6,224.1,339.7,415.3,100.0,1.0
616545,3858,159,2.1058,0.509933,-0.216107,0.0,0.000406,0.00250407,-0.242311,0.597044,0.015376,-0.143698,1.0,9894.7,288.9,282.8,729.0,100.0,1.0
616704,3859,159,4.690016,0.877942,-0.224003,0.0,0.0,0.00324356,-0.168652,0.731603,0.070256,-0.028593,1.0,10407.4,267.8,427.1,444.1,100.0,1.0
616862,3860,158,4.109312,0.825187,-0.140447,0.004313,0.0,0.00271245,-0.124434,0.847796,0.064847,0.023775,1.0,10850.1,265.0,299.1,585.5,100.0,1.0
617022,3861,160,2.311747,0.347497,-0.339069,0.0,0.012614,0.00241431,-0.215193,0.5537,-0.094046,0.019288,1.0,9729.6,238.6,269.5,734.5,100.0,1.0
617188,3862,166,3.19221,1.0,-0.155203,0.00338,1.3e-05,0.00252478,-0.182853,0.752768,-0.004849,-0.068532,1.0,10488.0,281.5,243.7,635.4,100.0,1.0
617351,3863,163,3.314898,1.0,-0.240278,0.0,0.0,0.00255882,-0.171751,0.740865,0.064546,-0.044741,1.0,10442.7,273.3,325.5,531.0,100.0,1.0
617513,3864,162,6.322835,0.268984,-0.022435,0.0,0.05621,0.00274669,0.022989,1.0,0.38735,0.280848,1.0,12227.7,238.7,322.8,514.4,100.0,1.0
617676,3865,163,5.532861,0.2,0.091572,0.0,0.042099,0.00238996,0.019937,1.0,0.509004,0.230121,1.0,12503.8,254.1,230.0,657.4,100.0,1.0
617833,3866,157,4.566768,0.755003,-0.12485,0.0,0.000238,0.00263131,-0.075125,0.876839,0.326243,0.076801,1.0,10960.8,254.5,268.0,497.8,100.0,1.0
617996,3867,163,2.542055,0.2,-0.172426,0.0,0.090159,0.0025104,-0.221062,0.597684,-0.083796,-0.040343,1.0,9897.2,257.8,300.8,788.6,100.0,1.0
618157,3868,161,0.929064,0.739411,-0.444961,0.012648,0.0,0.00269748,-0.365543,0.290928,-0.362161,-0.173528,1.0,8728.4,264.0,278.0,384.4,100.0,1.0
618316,3869,159,5.373295,0.233085,0.013884,0.0,0.0,0.00274035,-0.03802,1.0,0.365013,0.08493,1.0,12062.7,278.0,292.6,672.8,100.0,1.0
618482,3870,166,4.695573,0.300848,-0.152596,0.0,6.1e-05,0.00275746,-0.110196,0.929125,0.090575,-0.005115,1.0,11160.0,280.4,318.0,508.8,100.0,1.0
618646,3871,164,2.822007,0.2,-0.272982,0.0,0.171073,0.00302844,-0.287805,0.490705,-0.047236,-0.185857,1.0,9489.6,291.4,347.3,449.7,100.0,1.0
618805,3872,159,4.840469,0.368541,0.030972,0.0,3.3e-05,0.00242742,-0.027666,0.892458,0.440623,0.183857,1.0,11020.3,232.7,269.2,733.3,100.0,1.0
618967,3873,162,3.749589,0.2,-0.245843,0.0,0.0,0.0026961,-0.159233,0.787766,0.072985,-0.044911,1.0,10621.4,278.0,285.8,533.6,100.0,1.0
619129,3874,162,5.480898,0.261165,0.01813,0.0,6.4e-05,0.00270185,-0.032005,0.952758,0.316449,0.160534,1.0,11250.0,242.3,319.7,494.2,100.0,1.0
619287,3875,158,3.309015,0.2,-0.354261,0.0,0.114626,0.00292941,-0.217914,0.638276,-0.049448,-0.075128,1.0,10051.8,271.7,341.5,419.1,100.0,1.0
619445,3876,158,4.773011,0.2,0.06921,0.012249,0.178282,0.00244503,-0.032983,0.923731,0.323823,0.179005,1.0,11139.4,236.2,281.5,797.3,100.0,1.0
619603,3877,158,5.011557,0.398159,-0.04298,0.008264,0.0,0.00266528,-0.050126,0.840186,0.122497,0.258592,1.0,10821.1,214.9,327.2,459.8,100.0,1.0
619765,3878,162,4.960026,0.57267,-0.015993,0.0,0.0,0.00242892,-0.026299,1.0,0.400695,0.112104,1.0,11879.3,267.0,275.1,631.8,100.0,1.0
619928,3879,163,5.54044,1.0,-0.098991,0.008712,0.0,0.00283719,-0.052309,1.0,0.148696,0.109406,1.0,11611.7,261.7,315.4,551.3,100.0,1.0
620084,3880,156,5.260884,0.899628,-0.232231,0.035775,0.0,0.00278673,-0.045254,0.997349,0.209008,0.115025,1.0,11419.9,256.0,306.9,459.3,100.0,1.0
620242,3881,158,1.098724,0.2,-0.406159,0.0,0.031743,0.00268472,-0.342851,0.301822,-0.246342,-0.145576,1.0,8769.9,256.6,234.7,650.6,100.0,1.0
620404,3882,162,3.91092,0.745812,-0.246158,0.004812,0.0,0.00271208,-0.149824,0.788704,0.173175,-0.047726,1.0,10625.0,278.9,308.9,503.5,100.0,1.0
620560,3883,156,5.601739,0.634173,-0.010243,0.0,0.0,0.00246725,0.029823,1.0,0.328523,0.323234,1.0,12208.5,230.7,282.2,654.3,100.0,1.0
620725,3884,165,3.450763,0.2,-0.281839,0.0,0.277414,0.00285962,-0.216385,0.623603,-0.117,-0.035287,1.0,9995.9,259.0,346.1,549.0,100.0,1.0
620886,3885,161,4.399694,0.106386,-0.382561,0.01108,9.2e-05,0.00326544,-0.200015,0.719731,0.05535,-0.118274,1.0,10362.2,293.8,375.8,267.6,100.0,1.0
621037,3886,151,3.65215,0.952453,-0.26992,0.0,0.0,0.00283396,-0.157523,0.666419,-0.103113,0.12061,1.0,10159.1,226.6,287.9,336.2,100.0,1.0
621193,3887,156,5.270642,0.501424,0.069055,0.005585,5.5e-05,0.0024912,0.001624,1.0,0.418359,0.199294,1.0,11637.0,242.6,254.6,933.5,100.0,1.0
621355,3888,162,5.672069,0.739917,-0.021311,0.0,0.0,0.00292709,-0.054218,0.880794,0.176773,0.193021,1.0,10975.8,230.0,366.7,478.0,100.0,1.0
621519,3889,164,3.104946,0.2,-0.158594,0.0,0.270776,0.00240468,-0.164455,0.729407,-0.061317,0.031083,1.0,10399.0,252.1,282.0,918.0,100.0,1.0
621678,3890,159,5.612685,1.0,-0.313894,0.009615,0.0,0.00285845,-0.038885,0.997025,0.17241,0.148726,1.0,11418.7,248.5,314.0,346.7,100.0,1.0
621840,3891,162,2.257773,0.962845,-0.404346,0.0,0.0,0.00303424,-0.324376,0.393664,-0.252508,-0.158471,1.0,9119.9,270.9,322.9,438.9,100.0,1.0
621996,3892,156,6.368557,0.937152,0.000604,0.0,0.0,0.00276036,0.041003,1.0,0.430754,0.326424,1.0,12375.1,233.2,318.8,417.1,100.0,1.0
622156,3893,160,3.125357,1.0,-0.058468,0.032798,0.0,0.00194046,-0.07902,0.725803,0.088003,0.269098,1.0,10385.3,204.6,270.3,514.3,100.0,1.0
622320,3894,164,3.020973,0.2,-0.070031,0.001055,0.035248,0.00216029,-0.130579,0.802664,-0.092833,0.09346,1.0,10678.1,244.1,249.5,838.0,100.0,1.0
622481,3895,161,5.253637,0.548711,0.091596,0.0,3e-05,0.00260281,-0.030037,1.0,0.358627,0.113668,1.0,11798.3,264.9,321.0,664.9,100.0,1.0
622638,3896,157,4.305409,0.2,-0.213577,0.001388,0.0,0.00288009,-0.133371,0.677329,-0.023136,0.165367,1.0,10200.6,218.8,415.1,256.2,100.0,1.0
622798,3897,160,5.269159,0.417269,-0.068648,0.0,1.7e-05,0.0024963,-0.009218,0.953864,0.22633,0.265611,1.0,11254.2,222.3,250.3,454.8,100.0,1.0
622951,3898,153,1.194212,0.213685,-0.395539,0.0,0.125039,0.00275302,-0.332789,0.241094,-0.233382,-0.065747,1.0,8538.6,228.5,234.9,710.0,100.0,1.0
623112,3899,161,4.609524,0.952558,-0.304133,0.014804,0.0,0.00280998,-0.111065,0.884071,-0.004347,0.061174,1.0,10988.3,258.9,275.8,591.1,100.0,1.0
623268,3900,156,4.986908,0.5505,-0.039173,0.0,4.1e-05,0.00265784,-0.045322,0.892514,0.245676,0.189939,1.0,11020.5,231.5,278.1,505.7,100.0,1.0
623425,3901,157,2.902076,0.785072,-0.110813,0.023626,0.000225,0.00229554,-0.145483,0.587951,0.118792,0.152168,1.0,9860.1,213.9,219.4,801.4,100.0,1.0
623584,3902,159,6.347137,0.2,0.106216,0.0,0.034637,0.00216969,0.125043,1.0,0.563898,0.562176,1.0,12876.5,206.1,206.9,668.4,100.0,1.0
623744,3903,160,5.356891,0.00189,0.105152,0.0,3.3e-05,0.00227508,0.032666,1.0,0.332378,0.331427,1.0,11700.5,219.7,230.4,582.9,100.0,1.0
623903,3904,159,1.657156,0.15767,-0.387095,0.01976,0.0,0.00282299,-0.32616,0.345978,-0.188981,-0.145854,1.0,8938.2,261.6,265.5,427.2,100.0,1.0
624058,3905,155,4.04088,0.653205,0.041392,0.042669,0.000198,0.00208136,-0.023387,0.942845,0.207519,0.233832,1.0,11212.2,227.2,210.3,636.6,100.0,1.0
624226,3906,168,4.663738,0.359952,-0.044448,0.0,6.3e-05,0.00242363,-0.061846,1.0,0.240855,0.046894,1.0,11593.8,276.9,258.6,818.0,100.0,1.0
624387,3907,161,6.486494,0.335646,0.013672,0.0,7.5e-05,0.00293364,0.00797,1.0,0.141091,0.312869,1.0,11485.3,218.7,344.5,385.3,100.0,1.0
624547,3908,160,5.2216,0.240756,0.017338,0.0,0.042572,0.00244177,-0.004031,0.959866,0.170537,0.296496,1.0,11277.1,217.5,326.8,608.0,100.0,1.0
624715,3909,168,1.599839,0.633689,-0.25641,0.008832,0.0,0.00210625,-0.235379,0.549794,-0.081486,-0.048931,1.0,9714.7,255.4,174.7,849.9,100.0,1.0
624871,3910,156,5.355332,0.643428,0.020955,0.0,2.3e-05,0.00258418,-0.006595,0.859836,0.266969,0.339165,1.0,10896.0,203.4,303.1,445.8,100.0,1.0
625031,3911,160,3.127285,0.2,-0.023688,0.0,0.000151,0.00226684,-0.131132,0.757716,0.124573,0.056606,1.0,10506.9,248.6,211.0,813.8,100.0,1.0
625190,3912,159,3.01099,0.418273,-0.132013,0.0,0.000177,0.0020938,-0.109965,0.752313,0.020546,0.166339,1.0,10486.3,224.8,254.3,864.3,100.0,1.0
625347,3913,157,4.264878,0.782228,-0.114931,0.0,0.0,0.00267613,-0.104383,0.712239,0.026619,0.216319,1.0,10333.6,212.4,369.6,348.6,100.0,1.0
625506,3914,159,5.516558,0.409617,-0.066887,0.00876,0.000121,0.00270216,-0.021196,1.0,0.233793,0.184751,1.0,11709.2,247.1,270.8,637.3,100.0,1.0
625667,3915,161,6.416327,0.425212,0.053224,0.0,0.0,0.00265991,0.046832,1.0,0.47114,0.332393,1.0,12579.1,236.0,302.7,552.0,100.0,1.0
625832,3916,165,5.423492,0.2,-0.014361,0.0,0.351264,0.00244354,-0.001613,1.0,0.335984,0.215963,1.0,12496.9,256.9,296.7,766.3,100.0,1.0
625989,3917,157,5.688605,0.894815,0.095823,0.0,0.000204,0.0023163,0.057541,1.0,0.617805,0.319202,1.0,11915.5,225.8,199.4,782.8,100.0,1.0
626148,3918,159,4.647546,0.362499,-0.125639,0.0,0.003014,0.0025476,-0.06096,0.870359,0.156826,0.18589,1.0,10936.1,230.5,260.5,523.2,100.0,1.0
626314,3919,166,4.002894,1.0,-0.040948,0.0,0.0,0.00242125,-0.105554,0.890482,0.068625,0.049877,1.0,11012.7,262.2,239.3,725.3,100.0,1.0
626474,3920,160,2.721931,0.2,-0.346858,0.0,0.21511,0.00278619,-0.244271,0.529568,-0.0578,-0.069609,1.0,9637.7,259.0,336.8,697.2,100.0,1.0
626628,3921,154,3.068048,0.2,-0.159777,0.0,0.053143,0.00270851,-0.189959,0.476767,0.086163,0.107443,1.0,9436.5,213.0,356.5,480.4,100.0,1.0
626785,3922,157,5.497397,0.722042,0.122588,0.0,0.0,0.00236399,0.03588,1.0,0.501883,0.285638,1.0,12182.8,236.9,227.5,683.2,100.0,1.0
626942,3923,157,5.163157,0.37965,-0.031247,0.0,0.0,0.00290352,-0.073586,0.761232,0.118016,0.247681,1.0,10520.3,210.8,376.8,297.7,100.0,1.0
627101,3924,159,3.807616,0.437627,-0.216058,0.0,1.8e-05,0.00268508,-0.145006,0.722825,0.172073,0.023602,1.0,10374.0,253.4,292.5,530.7,100.0,1.0
627234,3925,133,-5.260097,0.2,0.6,0.00785,0.144738,0.00265346,-0.93749,-1.0,-1.0,-1.0,0.821401,0.0,397.7,118.5,449.9,100.0,1.0
627387,3926,153,4.650585,0.585618,-0.27286,0.00636,0.0,0.00284689,-0.091212,0.911639,0.134715,0.058023,1.0,11093.3,262.1,357.6,323.6,100.0,1.0
627552,3927,165,6.280391,0.237562,0.082723,0.0,6.7e-05,0.00240784,0.067765,1.0,0.391651,0.428666,1.0,12148.9,212.6,332.7,715.4,100.0,1.0
627711,3928,159,2.848912,0.2,-0.23409,0.0,0.01798,0.00233074,-0.159626,0.663959,-0.019565,0.087802,1.0,10149.7,233.3,192.7,821.3,100.0,1.0
627872,3929,161,6.38763,0.634999,0.046144,0.000753,1e-05,0.00266169,0.04446,1.0,0.460083,0.328172,1.0,12154.5,228.8,302.7,444.0,100.0,1.0
628031,3930,159,5.569833,0.874995,-0.054297,0.012287,0.0,0.00255016,0.006969,1.0,0.375313,0.23146,1.0,11716.6,237.9,254.6,567.3,100.0,1.0
628184,3931,153,3.589565,0.895147,-0.111918,0.0,0.00058,0.00278329,-0.160044,0.672581,0.121485,0.032208,1.0,10182.5,246.6,325.0,470.9,100.0,1.0
628346,3932,162,3.037615,0.041462,-0.121712,0.003083,0.000616,0.00248211,-0.177165,0.705382,-0.018121,-0.005661,1.0,10307.5,259.2,206.2,655.7,100.0,1.0
628519,3933,173,2.574607,0.2,0.767996,0.0,0.354247,0.00300402,-0.329063,0.452786,-0.316019,-0.202193,1.0,9345.1,292.8,321.4,757.0,100.0,1.0
628677,3934,158,5.82129,1.0,0.041448,0.00055,5.4e-05,0.00273762,-0.001446,1.0,0.309436,0.225367,1.0,12141.9,247.7,322.7,576.0,100.0,1.0
628839,3935,162,5.452698,0.841446,0.04316,0.0,2.7e-05,0.00265556,-0.026391,0.929006,0.221004,0.230856,1.0,11159.5,226.7,304.2,608.2,100.0,1.0
628993,3936,154,1.57461,0.724564,-0.337004,0.004331,7e-05,0.00276784,-0.309643,0.315879,-0.23159,-0.051512,1.0,8823.5,232.6,252.6,500.8,100.0,1.0
629151,3937,158,2.168725,0.560093,-0.311395,0.0,0.0,0.00302635,-0.317564,0.330386,-0.11646,-0.128381,1.0,8878.8,254.7,308.5,427.8,100.0,1.0
629309,3938,158,4.159555,0.504231,0.050255,0.0,0.0,0.00226307,-0.049496,0.833518,0.14844,0.2576,1.0,10795.7,214.6,203.3,739.9,100.0,1.0
629470,3939,161,5.06201,0.193395,0.091159,0.0,5.4e-05,0.00230255,0.004181,0.944712,0.239352,0.313558,1.0,11219.4,213.5,224.7,715.5,100.0,1.0
629631,3940,161,6.586729,1.0,-0.016442,0.0,0.0,0.00297879,0.008219,1.0,0.236853,0.28178,1.0,11844.9,231.0,372.9,563.2,100.0,1.0
629794,3941,163,5.376908,0.25534,-0.125764,0.009884,2e-06,0.00274409,-0.049056,1.0,0.285089,0.074782,1.0,11615.4,270.2,320.8,578.3,100.0,1.0
629952,3942,158,1.419375,0.372296,-0.214008,0.001762,0.0,0.00264709,-0.313123,0.276666,-0.19481,-0.042695,1.0,8674.1,226.5,266.0,536.1,100.0,1.0
630107,3943,155,3.99821,0.538452,-0.120164,0.047354,5.9e-05,0.00291103,-0.155081,0.644415,-0.048806,0.128986,1.0,10075.2,223.1,431.1,205.3,100.0,1.0
630260,3944,153,6.00033,0.2,0.02719,0.0,0.134112,0.00274626,0.024265,0.933353,0.379113,0.343384,1.0,11176.1,208.0,270.6,790.2,100.0,1.0
630417,3945,157,5.243813,-0.181821,-0.018052,0.0,5.5e-05,0.00225961,0.033657,1.0,0.251195,0.36179,1.0,12297.2,225.8,258.1,471.9,100.0,1.0
630581,3946,164,4.133721,1.0,-0.329151,0.0,0.0,0.00301947,-0.189026,0.774067,0.014179,-0.113201,1.0,10569.2,298.0,362.3,338.5,100.0,1.0
630740,3947,159,4.575369,0.690972,0.002244,0.0,1e-05,0.00268584,-0.088145,0.828568,0.190162,0.118991,1.0,10776.8,240.8,312.1,582.7,100.0,1.0
630896,3948,156,4.930465,-0.129492,-0.150608,0.036308,3.7e-05,0.00289497,-0.086403,0.83117,0.268809,0.096411,1.0,10786.8,246.0,297.2,310.1,100.0,1.0
631060,3949,164,4.800101,0.763337,-0.329239,0.003917,0.0,0.00297765,-0.132771,0.792348,0.066787,0.041543,1.0,10638.8,255.4,365.3,292.9,100.0,1.0
631220,3950,160,1.23908,0.319555,-0.195748,0.0,0.0,0.00216596,-0.254754,0.489555,-0.099309,-0.057374,1.0,9485.2,251.6,202.3,857.8,100.0,1.0
631382,3951,162,2.634211,0.2,-0.382973,0.0,0.059719,0.0027994,-0.258377,0.532309,-0.097418,-0.105709,1.0,9648.1,269.7,288.5,566.6,100.0,1.0
631545,3952,163,5.903625,0.606974,0.055191,0.0,0.000141,0.00244395,0.03897,1.0,0.300867,0.362944,1.0,11702.7,214.7,265.5,450.4,100.0,1.0
631706,3953,161,4.770824,0.66073,0.125874,0.0,0.000105,0.00250179,-0.049372,0.985749,0.308969,0.077645,1.0,11375.7,263.9,274.1,760.9,100.0,1.0
631866,3954,160,4.844743,0.536245,-0.114544,0.0,5.3e-05,0.00279678,-0.088596,0.832331,0.052958,0.160084,1.0,10791.2,232.6,256.3,549.2,100.0,1.0
632025,3955,159,1.854101,1.0,-0.31083,0.002011,2.7e-05,0.00267077,-0.287312,0.40585,-0.197959,-0.063262,1.0,9166.3,244.6,334.0,630.7,100.0,1.0
632188,3956,163,5.802101,1.0,-0.108422,0.006373,4.6e-05,0.00330089,-0.108221,0.821949,0.095358,0.089188,1.0,10751.6,246.8,478.1,213.5,100.0,1.0
632352,3957,164,3.778934,0.392351,-0.28818,0.0,0.000443,0.00274415,-0.17006,0.815112,-0.060793,-0.059195,1.0,10725.6,285.0,280.1,606.7,100.0,1.0
632516,3958,164,3.200814,0.398752,0.016785,0.002157,6.3e-05,0.00222512,-0.127758,0.835161,0.181437,-0.015641,1.0,10802.0,274.3,150.1,911.2,100.0,1.0
632675,3959,159,3.591769,0.830419,-0.281931,0.005448,0.0,0.00259288,-0.146154,0.705558,-0.050626,0.108398,1.0,10308.2,232.5,318.8,318.1,100.0,1.0
632835,3960,160,6.239921,0.714371,-0.022853,0.015009,0.0,0.00279605,0.01495,1.0,0.429563,0.239977,1.0,12712.9,256.3,278.3,463.6,100.0,1.0
632993,3961,158,3.609733,0.658431,-0.285284,0.0,2e-05,0.00284933,-0.182751,0.701759,0.004218,-0.028709,1.0,10293.7,264.9,261.6,491.3,100.0,1.0
633154,3962,161,5.05483,0.2,0.010557,0.0,0.000597,0.00256506,-0.038451,0.94318,0.389627,0.122637,1.0,11213.5,249.7,246.2,573.6,100.0,1.0
633312,3963,158,5.152073,0.943323,0.04639,0.026485,5.5e-05,0.0023897,0.004158,1.0,0.431455,0.203375,1.0,12249.5,254.5,213.3,1134.4,100.0,1.0
633477,3964,165,4.269639,0.2,0.091947,0.0,0.148276,0.00221115,-0.048495,1.0,0.347604,0.055816,1.0,11551.7,273.5,163.3,933.6,100.0,1.0
633641,3965,164,2.855168,0.498718,-0.186556,0.0,0.000272,0.00251554,-0.201016,0.643153,0.010485,-0.042841,1.0,10070.4,263.0,201.9,915.4,100.0,1.0
633805,3966,164,3.320411,0.64788,-0.334112,0.0,0.0,0.00273412,-0.202397,0.60945,-0.091756,0.014721,1.0,9942.0,244.9,283.6,616.0,100.0,1.0
633968,3967,163,2.972937,0.620704,-0.159533,0.0,0.000255,0.00259264,-0.202342,0.655759,-0.100857,-0.020654,1.0,10118.4,258.3,283.5,617.9,100.0,1.0
634132,3968,164,3.406126,0.161974,-0.193416,0.0,8.5e-05,0.0028047,-0.207613,0.66812,-0.103495,-0.047645,1.0,10165.5,266.9,349.5,407.9,100.0,1.0
634286,3969,154,2.129294,0.603718,-0.187039,0.0,1e-06,0.0027833,-0.27087,0.408906,-0.199071,-0.010633,1.0,9177.9,231.9,349.3,593.0,100.0,1.0
634448,3970,162,2.708703,1.0,-0.286314,0.018434,7e-05,0.00265522,-0.229442,0.571999,-0.085734,-0.04623,1.0,9799.3,256.9,226.8,641.0,100.0,1.0
634608,3971,160,5.058896,0.635064,-0.145509,0.0,0.0,0.00267796,-0.053623,0.973136,0.21769,0.104413,1.0,11327.6,256.4,198.0,486.4,100.0,1.0
634772,3972,164,5.571634,0.886275,0.009927,0.0,1.8e-05,0.00253552,-0.002977,1.0,0.232293,0.245977,1.0,11931.7,239.4,283.9,796.6,100.0,1.0
634932,3973,160,3.284301,0.066301,-0.333065,0.0,0.000103,0.00271135,-0.190458,0.677517,-0.063994,-0.011458,1.0,10201.3,258.0,290.4,620.4,100.0,1.0
635095,3974,163,7.169724,-0.147237,-0.094516,0.0,0.0,0.0031312,0.020891,1.0,0.379249,0.276553,1.0,12951.5,253.6,469.1,194.1,100.0,1.0
635258,3975,163,4.52893,0.66654,-0.377832,0.019386,0.0,0.00289364,-0.136049,0.743989,-0.076332,0.118622,1.0,10454.6,233.6,363.2,316.2,100.0,1.0
635419,3976,161,4.256514,0.911586,-0.244604,0.0,0.0,0.00317417,-0.195609,0.628834,-0.065032,0.012287,1.0,10015.9,247.4,316.5,383.3,100.0,1.0
635582,3977,163,2.581425,1.0,-0.321687,0.0,0.0,0.0028252,-0.269198,0.549198,-0.139323,-0.141884,1.0,9712.4,283.0,316.3,518.6,100.0,1.0
635742,3978,160,6.187784,1.0,0.044605,0.002766,0.0,0.0028629,0.000579,1.0,0.275929,0.243286,1.0,11866.2,238.6,362.4,593.5,100.0,1.0
635903,3979,161,3.05196,0.679759,-0.325176,0.000586,0.0,0.00291866,-0.243696,0.570474,0.106184,-0.156443,1.0,9793.5,290.2,300.4,390.3,100.0,1.0
636062,3980,159,5.328365,0.2,0.13103,0.0,0.033919,0.00236735,0.018561,1.0,0.452998,0.244203,1.0,11549.7,232.1,261.6,1030.3,100.0,1.0
636217,3981,155,6.991083,1.0,0.038321,0.0,0.0,0.00296525,0.058604,1.0,0.321092,0.42165,1.0,11922.1,209.7,379.7,226.9,100.0,1.0
636375,3982,158,3.327393,0.495102,-0.237632,0.0,0.000298,0.00251072,-0.15004,0.811621,0.064863,-0.03144,1.0,10712.3,276.5,193.2,649.3,100.0,1.0
636537,3983,162,5.681883,0.462649,-0.158347,0.0,0.0,0.0028602,-0.04217,0.933753,0.272997,0.156975,1.0,11177.6,241.5,303.8,342.8,100.0,1.0
636692,3984,155,5.007721,1.0,-0.119883,0.002329,1.1e-05,0.00281811,-0.065586,0.827781,0.034507,0.246728,1.0,10773.8,216.0,322.7,288.0,100.0,1.0
636848,3985,156,5.309853,0.790845,-0.371583,0.0,3.3e-05,0.00307764,-0.086483,0.875171,0.228699,0.072849,1.0,10954.4,255.3,334.1,484.2,100.0,1.0
637012,3986,164,3.287919,0.963979,-0.356334,0.0,0.000368,0.00279659,-0.214896,0.682963,-0.194067,-0.054101,1.0,10222.1,270.2,310.7,488.5,100.0,1.0
637170,3987,158,5.515261,0.2,-0.173233,0.0,0.275814,0.00283465,-0.038983,1.0,0.275005,0.111722,1.0,11752.9,264.3,281.4,657.1,100.0,1.0
637332,3988,162,2.111472,1.0,-0.219088,0.024484,0.000164,0.00257579,-0.26074,0.400041,-0.089531,-0.005992,1.0,9144.2,230.0,307.4,579.5,100.0,1.0
637485,3989,153,4.321585,0.2,-0.09232,0.0,0.167422,0.00268423,-0.090277,0.790003,0.063561,0.186221,1.0,10629.9,224.0,318.0,514.3,100.0,1.0
637647,3990,162,6.104511,0.474477,-0.033035,0.0,9e-05,0.00283167,-0.006124,1.0,0.404096,0.178222,1.0,12610.4,267.6,324.7,440.6,100.0,1.0
637807,3991,160,4.306632,0.345399,-0.228506,0.0,1.9e-05,0.00265798,-0.105963,0.900188,0.002984,0.062305,1.0,11049.7,260.0,252.8,867.5,100.0,1.0
637964,3992,157,4.9767,0.885074,-0.014073,0.0,0.0,0.0024692,-0.018667,1.0,0.315844,0.165828,1.0,11567.5,248.1,249.7,613.8,100.0,1.0
638126,3993,162,5.110137,0.353943,-0.306521,0.004839,4.7e-05,0.00303806,-0.113289,0.93236,0.118532,-0.02744,1.0,11172.3,287.2,333.6,543.0,100.0,1.0
638279,3994,153,4.378694,0.807882,-0.111189,0.01458,0.000126,0.00262518,-0.076974,0.886452,0.212198,0.100645,1.0,10997.4,249.8,261.5,521.9,100.0,1.0
638440,3995,161,4.260247,0.984798,-0.183188,0.0,0.000331,0.00277171,-0.130352,0.831538,0.068964,0.016223,1.0,10788.2,265.4,285.5,489.2,100.0,1.0
638600,3996,160,5.399803,1.0,-0.008365,0.042357,0.000177,0.00257312,-0.011286,0.981442,0.305846,0.209228,1.0,11359.3,234.8,254.5,601.9,100.0,1.0
638759,3997,159,5.002599,0.423481,-0.060337,0.0,0.001835,0.00263614,-0.048185,0.977519,0.260201,0.104718,1.0,11344.3,256.7,242.9,645.6,100.0,1.0
638918,3998,159,3.202671,1.0,-0.07159,0.016027,1.5e-05,0.00225643,-0.121278,0.80643,-0.100492,0.123878,1.0,10692.5,237.8,178.6,779.1,100.0,1.0
639078,3999,160,6.858525,0.407362,-0.05889,0.0,0.000113,0.00309485,0.013395,1.0,0.289837,0.281371,1.0,12023.1,234.6,385.2,336.4,100.0,1.0
639241,4000,163,3.734332,0.417245,-0.278141,0.0,0.0,0.00278586,-0.177176,0.690705,0.044393,-0.014307,1.0,10251.6,260.0,288.5,534.2,100.0,1.0
639400,4001,159,3.800135,0.391998,-0.245456,0.001778,0.0,0.00270806,-0.148771,0.749222,0.100679,0.012851,1.0,10474.5,258.5,245.4,531.0,100.0,1.0
639562,4002,162,5.200429,-0.649534,-0.093058,0.0,0.106866,0.00290589,-0.085095,0.890441,0.075125,0.115941,1.0,11012.6,246.7,366.1,383.9,100.0,1.0
639724,4003,162,2.856463,0.404934,-0.216003,0.002135,0.000323,0.0028627,-0.251922,0.616541,-0.080072,-0.160166,1.0,9969.0,296.8,313.7,475.1,100.0,1.0
639892,4004,168,1.69847,1.0,-0.433393,0.01979,0.0,0.00279813,-0.344126,0.398253,-0.295722,-0.213722,1.0,9137.3,290.5,292.0,358.6,100.0,1.0
640053,4005,161,4.458266,1.0,-0.108765,0.0,0.0,0.00260575,-0.088851,0.929635,0.186462,0.033647,1.0,11161.9,270.0,215.7,601.1,100.0,1.0
640214,4006,161,3.913057,0.2,0.121192,0.0,0.042612,0.00202476,-0.035751,0.971574,0.215279,0.166093,1.0,11321.7,242.7,229.4,1149.8,100.0,1.0
640375,4007,161,4.878716,0.400465,0.039976,0.019816,4e-06,0.0022731,-0.004132,1.0,0.407732,0.183648,1.0,11670.7,246.5,223.1,501.2,100.0,1.0
640543,4008,168,5.411005,1.0,-0.12273,0.0,8e-06,0.00271939,-0.055558,1.0,0.270703,0.057906,1.0,11883.3,280.8,290.0,633.1,100.0,1.0
640704,4009,161,4.571668,1.0,-0.202624,0.0,7e-05,0.00283171,-0.116848,0.819674,0.048498,0.077944,1.0,10743.0,249.2,328.2,583.8,100.0,1.0
640869,4010,165,4.350673,0.747646,-0.080166,0.002586,0.000254,0.00258869,-0.104454,0.87777,0.085531,0.058502,1.0,10964.3,259.0,318.1,691.7,100.0,1.0
641024,4011,155,3.942333,0.409711,0.013973,0.001986,8.2e-05,0.00245544,-0.088193,0.806771,0.213543,0.1292,1.0,10693.8,236.8,259.0,741.7,100.0,1.0
641187,4012,163,3.808904,-0.102383,-0.144794,0.02353,2.4e-05,0.00245421,-0.117541,0.766996,0.08433,0.107589,1.0,10542.3,238.0,310.1,551.5,100.0,1.0
641346,4013,159,3.198758,0.533218,-0.218604,0.009438,0.0,0.00278218,-0.205134,0.58113,0.010873,-0.005012,1.0,9834.1,247.1,332.2,437.9,100.0,1.0
641507,4014,161,5.126309,0.845669,-0.144717,0.0,0.0,0.00265316,-0.04694,0.884342,0.33818,0.160521,1.0,10989.3,236.7,260.4,625.6,100.0,1.0
641667,4015,160,5.235237,0.509172,0.082915,0.003119,2.3e-05,0.00267223,-0.039255,0.907611,0.241127,0.1991,1.0,11078.0,231.0,322.5,625.8,100.0,1.0
641826,4016,159,4.795724,1.0,0.032037,0.0,4.3e-05,0.00249603,-0.041151,0.970713,0.244975,0.138909,1.0,11318.4,248.4,302.7,670.6,100.0,1.0
641988,4017,162,5.086375,0.60901,-0.254952,0.0,6e-06,0.00282734,-0.080758,0.926111,0.180537,0.065536,1.0,11148.5,261.6,303.1,479.1,100.0,1.0
642150,4018,162,3.870452,1.0,-0.111625,0.0,0.000103,0.00262703,-0.138488,0.795872,0.129579,-0.001379,1.0,10652.3,266.7,282.5,570.5,100.0,1.0
642308,4019,158,4.642836,0.2,-0.003972,0.0,0.066408,0.00235512,-0.027727,1.0,0.252083,0.156884,1.0,11781.9,254.6,304.0,700.2,100.0,1.0
642462,4020,154,3.857297,0.941756,-0.368142,0.011623,0.0,0.00327537,-0.218313,0.542079,-0.08428,0.015319,1.0,9685.3,238.5,366.2,283.6,100.0,1.0
642625,4021,163,3.476152,1.0,0.0548,0.012573,0.0,0.00222108,-0.104175,0.854609,0.21214,0.03653,1.0,10876.1,262.3,239.7,789.3,100.0,1.0
642782,4022,157,3.902006,0.2,-0.1311,0.0,6.1e-05,0.00237604,-0.0836,0.871484,0.124839,0.120149,1.0,10940.4,244.2,210.0,742.3,100.0,1.0
642950,4023,168,2.333408,0.80104,-0.259029,0.017936,0.0,0.00258175,-0.26066,0.597972,-0.049673,-0.183952,1.0,9898.3,303.2,323.7,560.4,100.0,1.0
643113,4024,163,4.936493,0.2,-0.126151,0.0,0.037874,0.00290548,-0.107433,0.93167,0.12306,-0.008853,1.0,11169.7,281.7,342.6,586.9,100.0,1.0
643268,4025,155,3.015053,0.588962,-0.295651,0.0,0.0,0.00276573,-0.205039,0.587892,-0.035887,0.005256,1.0,9859.9,245.2,305.3,804.4,100.0,1.0
643425,4026,157,4.386637,1.0,-0.191816,0.0,3.1e-05,0.00272877,-0.103015,0.747845,0.319325,0.093637,1.0,10469.3,239.3,304.4,714.9,100.0,1.0
643590,4027,165,1.787196,1.0,-0.353455,0.001566,0.000197,0.00260475,-0.297213,0.531413,-0.279439,-0.173743,1.0,9644.7,291.8,241.0,578.1,100.0,1.0
643748,4028,158,5.604173,0.433298,-0.024127,0.0,0.024007,0.00270689,-0.01196,0.95104,0.3209,0.227301,1.0,11243.5,229.0,343.5,706.6,100.0,1.0
643910,4029,162,5.308153,0.771912,0.007433,0.0,0.0,0.00238837,0.006863,0.955788,0.253698,0.308488,1.0,11261.6,215.2,353.7,460.0,100.0,1.0
644070,4030,160,5.211098,0.586099,-0.072367,0.0,0.0,0.00263438,-0.034926,1.0,0.225689,0.141682,1.0,11789.6,258.2,248.3,680.1,100.0,1.0
644230,4031,160,5.449052,0.893353,-0.008627,0.012799,5.6e-05,0.00272124,-0.031167,1.0,0.322233,0.122031,1.0,11497.1,256.2,292.0,612.0,100.0,1.0
644386,4032,156,4.288028,0.333765,-0.096278,0.015423,0.0,0.00284721,-0.126055,0.755765,0.292035,0.019335,1.0,10499.5,257.5,358.4,494.1,100.0,1.0
644546,4033,160,4.221999,0.37134,-0.038084,0.0,0.0,0.00263543,-0.10845,0.88685,0.179609,0.006254,1.0,10998.9,273.3,259.5,616.2,100.0,1.0
644708,4034,162,2.387578,0.519108,-0.252152,0.006419,6.7e-05,0.00268404,-0.2577,0.53418,-0.139539,-0.09097,1.0,9655.2,265.5,302.2,781.5,100.0,1.0
644864,4035,156,3.871999,0.601859,-0.332237,0.031293,0.0,0.00283444,-0.154915,0.717591,0.032517,0.041454,1.0,10354.0,248.5,334.3,325.5,100.0,1.0
645020,4036,156,3.920717,0.490358,-0.115461,0.000874,0.000193,0.00243876,-0.089562,0.781615,0.111953,0.179464,1.0,10598.0,224.6,194.3,784.3,100.0,1.0
645179,4037,159,5.343939,0.092969,-0.045388,0.0,0.0,0.00273445,-0.038309,1.0,0.15992,0.15233,1.0,11431.5,248.0,279.6,398.3,100.0,1.0
645342,4038,163,5.763548,0.2,-0.273542,0.0,0.018084,0.00310732,-0.078885,1.0,0.240105,-0.00965,1.0,11977.6,302.4,325.8,408.7,100.0,1.0
645506,4039,164,5.631266,0.556552,0.080488,0.0,0.0,0.00283926,-0.047818,1.0,0.30882,0.071001,1.0,11608.5,271.0,370.1,511.1,100.0,1.0
645667,4040,161,5.83841,0.797372,0.020576,0.032499,0.0,0.0025565,0.02162,1.0,0.341437,0.291586,1.0,11793.3,228.3,320.8,527.4,100.0,1.0
645828,4041,161,6.377456,0.001419,-0.411079,0.0,0.0,0.00336351,-0.068313,0.987578,0.220968,0.042318,1.0,11382.7,273.0,378.2,278.5,100.0,1.0
645984,4042,156,2.506196,1.0,0.734057,0.017015,0.0,0.00327952,-0.325643,0.431208,-0.253893,-0.193519,1.0,9262.9,287.1,307.7,398.5,100.0,1.0
646146,4043,162,3.748681,1.0,-0.355696,0.01543,0.0,0.00315601,-0.23309,0.627046,-0.049101,-0.116472,1.0,10009.0,283.2,322.2,379.1,100.0,1.0
646303,4044,157,4.03316,1.0,0.961581,0.0,0.0,0.00314411,-0.194301,0.722584,0.133274,-0.12758,1.0,10373.0,297.2,251.6,428.3,100.0,1.0
646465,4045,162,3.682998,1.0,-0.275486,0.003515,3.1e-05,0.0026607,-0.157689,0.6726,0.017708,0.074633,1.0,10182.6,236.9,322.2,388.4,100.0,1.0
646627,4046,162,4.176035,0.549914,-0.221988,0.0,1.1e-05,0.00294727,-0.167521,0.804798,0.08955,-0.092253,1.0,10686.3,294.3,347.6,436.7,100.0,1.0
646788,4047,161,2.683059,0.617397,-0.365917,0.016586,8.7e-05,0.00261299,-0.221551,0.631928,-0.135693,-0.053212,1.0,10027.6,264.8,266.4,674.3,100.0,1.0
646950,4048,162,3.734895,0.49474,-0.114311,0.0,0.000204,0.00265254,-0.152503,0.702841,-0.064077,0.093982,1.0,10297.8,235.3,332.3,596.2,100.0,1.0
647112,4049,162,4.138016,0.2,-0.120214,0.0,0.000153,0.00271108,-0.13205,0.814449,0.188836,-0.015153,1.0,10723.0,272.2,333.4,652.3,100.0,1.0
647270,4050,158,4.420554,1.0,-0.214451,0.0,6e-05,0.00281168,-0.116113,0.798448,0.13138,0.070455,1.0,10662.1,249.0,306.7,347.2,100.0,1.0
647426,4051,156,5.50033,1.0,-0.194485,0.0,0.0,0.00296612,-0.054424,0.943274,0.139413,0.152722,1.0,11213.9,243.2,353.8,305.1,100.0,1.0
647592,4052,166,5.282199,0.531912,-0.294713,0.0,0.0,0.00287378,-0.084937,0.987976,0.074007,0.035562,1.0,11384.2,274.8,348.0,325.3,100.0,1.0
647753,4053,161,5.577905,0.796547,0.074729,0.011006,0.0,0.00271354,-0.0228,1.0,0.439905,0.110697,1.0,12126.9,273.0,345.8,540.0,100.0,1.0
647914,4054,161,6.25768,0.077287,0.07346,0.0,2e-06,0.00266289,0.035826,1.0,0.339057,0.339735,1.0,11580.7,216.1,318.4,647.3,100.0,1.0
648075,4055,161,5.631604,1.0,0.009565,0.0,0.000139,0.0026645,-0.010901,1.0,0.266753,0.208078,1.0,11959.1,247.5,263.3,727.5,100.0,1.0
648239,4056,164,5.721065,1.0,0.019705,0.023265,0.0,0.00273562,-0.023912,1.0,0.369391,0.130495,1.0,12292.3,271.8,251.4,513.6,100.0,1.0
648397,4057,158,3.55372,1.0,-0.229107,0.0,6.4e-05,0.00259331,-0.145914,0.667416,0.136576,0.078582,1.0,10162.9,235.6,226.8,558.3,100.0,1.0
648554,4058,157,3.49253,0.277316,-0.250952,0.0,0.0,0.00345545,-0.283248,0.452448,-0.148912,-0.104895,1.0,9343.8,261.0,423.2,298.0,100.0,1.0
648712,4059,158,3.845534,0.2,-0.373618,0.0,0.173979,0.00281021,-0.158491,0.724016,0.021584,0.027823,1.0,10378.5,252.4,290.8,640.1,100.0,1.0
648875,4060,163,5.752309,0.320385,-0.048484,0.0,0.001766,0.00261656,0.000617,1.0,0.166989,0.279726,1.0,11844.3,231.4,283.0,523.9,100.0,1.0
649031,4061,156,3.973687,0.366215,-0.297798,0.0,0.000185,0.00273677,-0.131885,0.771615,-0.014647,0.08892,1.0,10559.9,242.4,338.8,439.8,100.0,1.0
649188,4062,157,2.392657,1.0,-0.305195,0.0,0.0,0.00254708,-0.222229,0.537222,0.007463,-0.024269,1.0,9666.8,247.7,257.9,632.8,100.0,1.0
649345,4063,157,5.091241,-0.834859,0.029283,7.1e-05,0.001178,0.0025047,-0.015193,1.0,0.404828,0.147748,1.0,12098.4,263.5,184.1,919.2,100.0,1.0
649507,4064,162,2.81929,0.773578,-0.388834,0.0,8.4e-05,0.00270422,-0.228748,0.550655,-0.168459,0.001447,1.0,9718.0,242.6,291.3,525.2,100.0,1.0
649669,4065,162,2.624741,1.0,-0.375355,0.006331,7e-05,0.00272226,-0.246114,0.492639,-0.031274,-0.053822,1.0,9497.0,250.9,237.8,606.8,100.0,1.0
649827,4066,158,5.571984,0.2,0.069969,0.0,0.100952,0.00251375,0.016582,1.0,0.474396,0.230475,1.0,11603.6,235.8,240.0,649.2,100.0,1.0
649985,4067,158,3.183797,0.2,-0.345354,0.0,0.351813,0.00287372,-0.217642,0.550409,-0.081031,0.009531,1.0,9717.1,240.6,337.4,493.8,100.0,1.0
650145,4068,160,6.148244,1.0,-0.042567,0.0,0.0,0.00304189,-0.030144,0.990889,0.286257,0.145028,1.0,11395.3,248.8,406.1,240.7,100.0,1.0
650305,4069,160,5.248694,1.0,-0.123933,0.0,0.0,0.00286142,-0.068047,0.846155,0.187884,0.172085,1.0,10843.9,231.3,352.4,410.0,100.0,1.0
650460,4070,155,0.010167,0.431037,0.865704,0.0,0.0,0.00298423,-0.461817,-0.040699,-0.167852,-0.282857,1.0,7464.9,260.2,238.3,582.3,100.0,1.0
650623,4071,163,3.873359,0.737552,-0.188992,0.0,2.6e-05,0.00261266,-0.138199,0.716423,-0.094509,0.140488,1.0,10349.6,226.9,267.1,520.3,100.0,1.0
650780,4072,157,6.273977,0.2,-0.000318,0.0,0.447898,0.00291686,0.00803,1.0,0.32785,0.250816,1.0,11878.6,237.4,372.9,536.7,100.0,1.0
650940,4073,160,5.249827,0.560305,-0.071236,0.0,1.1e-05,0.00249028,-0.008511,1.0,0.326271,0.196208,1.0,12442.3,260.0,210.9,683.2,100.0,1.0
651099,4074,159,3.874062,1.0,-0.226899,0.0,5.3e-05,0.0025404,-0.116179,0.762936,0.001733,0.143044,1.0,10526.8,230.2,284.2,444.9,100.0,1.0
651261,4075,162,5.265465,0.92674,-0.014565,0.0,9.7e-05,0.0026151,-0.032558,1.0,0.266578,0.135947,1.0,11843.0,260.6,237.1,598.5,100.0,1.0
651419,4076,158,3.931133,0.581678,-0.21442,0.009241,0.0,0.00273001,-0.13936,0.742536,0.011507,0.079519,1.0,10449.1,242.0,279.5,484.0,100.0,1.0
651591,4077,172,2.312184,0.8158,-0.257906,0.012069,0.0,0.00241899,-0.244329,0.611195,0.021053,-0.164109,1.0,9948.7,297.5,246.3,768.1,100.0,1.0
651746,4078,155,3.804023,-0.196626,-0.283632,0.033275,2.3e-05,0.00269998,-0.135955,0.712092,0.020033,0.113397,1.0,10333.1,232.0,278.9,355.7,100.0,1.0
651906,4079,160,2.484198,0.983531,-0.296469,0.0,0.0,0.00246064,-0.209188,0.426634,-0.146569,0.161783,0.999213,9245.5,199.0,312.8,349.9,100.0,1.0
652066,4080,160,4.564717,1.0,-0.308052,0.0,2e-06,0.00306128,-0.150765,0.833106,-0.023963,-0.022151,1.0,10794.1,276.0,285.8,424.8,100.0,1.0
652223,4081,157,4.406986,0.641916,-0.267068,0.0,6.8e-05,0.00263863,-0.086921,0.902903,0.179948,0.064527,1.0,11060.1,259.7,244.8,631.3,100.0,1.0
652385,4082,162,3.143694,0.2,-0.308552,0.0,0.011108,0.00253751,-0.17757,0.763893,-0.070494,-0.038313,1.0,10530.4,273.7,275.2,629.7,100.0,1.0
652544,4083,159,3.475068,1.0,-0.215731,0.020305,0.0,0.00222345,-0.095404,0.683446,0.074149,0.254398,1.0,10223.9,203.8,340.4,528.9,100.0,1.0
652707,4084,163,5.862026,0.2,-0.015151,0.0,8.9e-05,0.0026802,-0.001469,1.0,0.202706,0.260867,1.0,11805.7,234.1,309.3,477.1,100.0,1.0
652866,4085,159,5.448195,-0.161414,-0.188542,0.002217,0.0,0.00263949,-0.015001,1.0,0.26911,0.193628,1.0,11718.5,245.4,203.4,544.8,100.0,1.0
653022,4086,156,4.626475,0.411947,-0.066267,0.0,3.1e-05,0.00252709,-0.050582,0.906212,0.251928,0.158909,1.0,11072.7,238.9,253.0,664.6,100.0,1.0
653174,4087,152,5.5651,1.0,0.064203,0.002795,1.9e-05,0.00265192,0.010268,0.985326,0.533834,0.201843,1.0,11374.1,236.6,255.0,392.7,100.0,1.0
653334,4088,160,5.138675,0.683337,-0.206754,0.0,1.7e-05,0.00289005,-0.080729,1.0,0.284369,-0.030554,1.0,11521.0,297.1,310.6,474.9,100.0,1.0
653494,4089,160,6.307721,0.2,-0.076114,0.010723,7.2e-05,0.00276196,0.026614,1.0,0.338111,0.309342,1.0,11436.1,218.4,321.9,445.9,100.0,1.0
653652,4090,158,6.057552,0.634183,-0.074168,0.016517,0.0,0.00269159,0.02469,1.0,0.401608,0.281763,1.0,11883.1,231.8,250.7,419.1,100.0,1.0
653805,4091,153,0.872632,0.712531,-0.339859,0.0,4.7e-05,0.00225201,-0.27973,0.318909,-0.185343,0.030257,1.0,8835.0,214.4,272.5,671.2,100.0,1.0
653966,4092,161,5.749674,0.2,-0.043837,0.0,0.065367,0.00262216,0.004907,1.0,0.434101,0.204989,1.0,11432.1,237.2,262.4,810.0,100.0,1.0
654127,4093,161,4.740458,1.0,-0.139721,0.0,0.0,0.00267668,-0.078832,0.941687,0.214814,0.047549,1.0,11207.8,267.5,235.6,859.9,100.0,1.0
654289,4094,162,4.387174,0.675988,-0.167819,0.0,0.0,0.00283869,-0.133999,0.798123,0.068015,0.032229,1.0,10660.8,258.2,357.8,494.6,100.0,1.0
654448,4095,159,4.644215,-0.262331,-0.101582,0.0,0.001902,0.00274291,-0.091148,0.790609,0.098229,0.171256,1.0,10632.2,226.9,313.6,466.0,100.0,1.0
654610,4096,162,4.460025,0.6487,-0.041702,0.019698,3e-05,0.0027244,-0.110051,0.823079,0.193989,0.049268,1.0,10755.9,256.3,332.6,421.1,100.0,1.0
654769,4097,159,5.268569,1.0,-0.288217,0.0,3.2e-05,0.00325932,-0.126854,0.855968,0.041992,0.016515,1.0,10881.2,267.6,368.6,266.0,100.0,1.0
654933,4098,164,2.440645,1.0,-0.309805,0.0,0.0,0.00268793,-0.2595,0.553226,-0.171551,-0.102171,1.0,9727.8,270.9,223.6,665.1,100.0,1.0
655095,4099,162,4.809633,1.0,-0.036048,0.01166,6e-06,0.00253206,-0.052866,1.0,0.104532,0.122269,1.0,11598.7,258.4,305.1,496.0,100.0,1.0
655255,4100,160,5.011965,0.563216,-0.008861,0.0,9e-05,0.00232833,-0.00018,0.949152,0.20886,0.305486,1.0,11236.3,215.2,287.5,479.9,100.0,1.0
655412,4101,157,5.422986,0.640131,-0.188048,0.0,8.8e-05,0.00276076,-0.030561,0.949644,0.229423,0.196952,1.0,11238.1,234.7,249.4,437.0,100.0,1.0
655566,4102,154,3.306737,0.250809,-0.203006,0.0,2.1e-05,0.00252018,-0.142445,0.675675,0.05305,0.111104,1.0,10194.3,229.4,250.9,581.0,100.0,1.0
655722,4103,156,4.545166,0.2,-0.138979,0.0,0.212349,0.00285977,-0.108461,0.72966,0.054124,0.179037,1.0,10400.0,220.5,320.8,949.9,100.0,1.0
655884,4104,162,3.76326,0.729028,-0.107276,0.0,0.000434,0.002682,-0.154896,0.737592,0.08164,0.008473,1.0,10430.2,258.6,263.6,540.6,100.0,1.0
656044,4105,160,5.03288,0.42694,-0.130585,0.014663,0.070585,0.00266321,-0.052191,1.0,0.290516,0.062525,1.0,11598.1,272.9,272.7,644.6,100.0,1.0
656209,4106,165,3.398107,1.0,-0.307246,0.0,0.000359,0.0030236,-0.246441,0.615297,-0.114446,-0.129402,1.0,9964.3,286.1,325.5,476.7,100.0,1.0
656365,4107,156,4.610878,0.990337,-0.09955,0.0,0.000121,0.00265011,-0.070817,0.847877,0.007657,0.221495,1.0,10850.4,222.1,287.7,566.5,100.0,1.0
656527,4108,162,3.696823,0.2,-0.320148,0.0,0.077607,0.00255274,-0.138858,0.745505,-0.017398,0.088351,1.0,10460.4,240.3,242.2,693.9,100.0,1.0
656686,4109,159,2.785043,0.175343,-0.052587,0.009663,0.00029,0.00274768,-0.229948,0.485167,-0.024202,0.003936,1.0,9468.5,235.8,296.9,591.3,100.0,1.0
656845,4110,159,4.52797,0.462656,-0.128535,0.0,5e-05,0.00250324,-0.061556,0.946321,0.112922,0.135238,1.0,11225.5,247.2,253.6,521.6,100.0,1.0
657001,4111,156,3.718006,0.2,-0.333685,0.0,0.186254,0.00324039,-0.229242,0.584303,-0.08153,-0.057216,1.0,9846.2,261.1,373.0,453.9,100.0,1.0
657160,4112,159,3.820025,0.213539,-0.079727,0.0,0.126399,0.00255278,-0.122019,0.877871,-0.02977,0.038301,1.0,10964.7,264.0,278.2,706.7,100.0,1.0
657324,4113,164,1.10229,0.2,-0.308585,0.0,0.003061,0.00258874,-0.342646,0.352226,-0.344404,-0.154207,1.0,8962.0,264.9,239.9,666.4,100.0,1.0
657481,4114,157,4.107257,0.062348,-0.331082,0.0,0.0,0.00318115,-0.194228,0.499218,-0.136082,0.148584,1.0,9522.0,207.3,413.2,244.0,100.0,1.0
657636,4115,155,4.822624,0.778479,-0.08499,0.0,2e-05,0.00259014,-0.043055,0.880573,0.248087,0.206642,1.0,10975.0,227.4,268.3,793.3,100.0,1.0
657796,4116,160,5.080935,1.0,-0.018014,0.0,0.0,0.00299515,-0.101614,0.94977,0.103275,0.002055,1.0,11238.6,280.4,312.7,495.7,100.0,1.0
657951,4117,155,2.814281,0.413961,-0.304141,0.0,0.000122,0.00258788,-0.191957,0.614934,0.021472,0.007208,1.0,9962.9,247.3,239.3,803.4,100.0,1.0
658115,4118,164,3.557152,0.263016,-0.010873,0.0,0.058664,0.00230367,-0.113423,0.871178,0.174949,0.004292,1.0,10939.2,272.3,190.3,856.1,100.0,1.0
658277,4119,162,2.870199,0.2,-0.317831,0.0,0.0,0.0028542,-0.249078,0.478687,-0.173757,-0.00458,1.0,9443.8,237.2,376.7,443.4,100.0,1.0
658439,4120,162,2.828349,0.268511,-0.338096,0.0,0.001318,0.00267458,-0.223069,0.578947,-0.129109,-0.016315,1.0,9825.8,249.7,253.5,640.3,100.0,1.0
658597,4121,158,5.097525,0.2,-0.26167,0.0,0.032716,0.00285704,-0.072533,0.905049,0.206394,0.101885,1.0,11068.2,251.1,323.9,413.1,100.0,1.0
658764,4122,167,4.412025,1.0,-0.314794,0.0,0.0,0.00270846,-0.124375,0.851967,0.160459,-0.011377,1.0,10866.0,274.8,269.1,490.7,100.0,1.0
658930,4123,166,4.163007,0.472529,-0.236944,0.018397,0.000364,0.0025704,-0.117255,0.853001,-0.057211,0.084053,1.0,10869.9,250.7,257.7,498.0,100.0,1.0
659096,4124,166,3.106477,1.0,-0.303884,0.01344,0.0,0.00270528,-0.218177,0.560387,-0.115616,0.01096,1.0,9755.1,241.2,309.9,318.8,100.0,1.0
659253,4125,157,2.618452,0.740848,-0.352212,0.0,0.00013,0.00279012,-0.243421,0.466485,-0.233391,0.044324,1.0,9397.3,225.0,297.1,489.5,100.0,1.0
659412,4126,159,2.465132,0.874007,-0.297375,0.0,5.3e-05,0.00285909,-0.271362,0.460067,-0.039813,-0.10799,1.0,9372.9,262.7,346.4,311.5,100.0,1.0
659576,4127,164,2.204775,0.712456,-0.378023,0.025425,0.000128,0.002598,-0.262181,0.440167,-0.120668,-0.033854,1.0,9297.0,240.6,221.7,617.9,100.0,1.0
659740,4128,164,3.221503,0.2,-0.318831,0.0,0.214631,0.00236796,-0.148866,0.742127,0.026993,0.043011,1.0,10447.5,250.4,233.5,658.6,100.0,1.0
659896,4129,156,5.543344,0.709281,-0.058934,0.0,7.1e-05,0.00278593,-0.022529,1.0,0.398004,0.125569,1.0,11975.2,266.0,276.4,561.7,100.0,1.0
660054,4130,158,6.374355,1.0,0.002801,0.0,0.0,0.00272622,0.043121,1.0,0.250419,0.393597,1.0,12450.4,223.4,349.0,372.2,100.0,1.0
660219,4131,165,4.067328,1.0,-0.353447,0.0,8.5e-05,0.00263824,-0.132946,0.867846,0.104864,-0.034648,1.0,10926.5,283.0,256.2,477.5,100.0,1.0
660385,4132,166,5.668044,0.456446,-0.008673,0.003287,0.000336,0.00266805,-0.021531,1.0,0.214664,0.190008,1.0,11942.2,250.9,342.7,487.1,100.0,1.0
660545,4133,160,4.319123,1.0,-0.307529,0.009082,0.000282,0.0028572,-0.136059,0.749219,-0.002986,0.089783,1.0,10474.5,240.3,312.5,347.3,100.0,1.0
660709,4134,164,4.822612,0.467035,0.104141,0.005268,0.000111,0.00241906,-0.038181,1.0,0.278199,0.11333,1.0,11676.4,262.2,260.3,878.9,100.0,1.0
660868,4135,159,2.813047,1.0,-0.227749,0.0,0.0,0.00301887,-0.270872,0.430189,-0.171828,-0.037454,1.0,9259.0,240.5,373.5,312.4,100.0,1.0
661025,4136,157,4.905639,0.555781,0.09555,0.015542,0.000119,0.0020152,0.048346,0.921738,0.338314,0.440929,0.994852,11131.8,193.1,254.3,696.7,100.0,1.0
661187,4137,162,5.091968,0.446397,-0.015201,0.011444,0.0,0.00262951,-0.047412,1.0,0.340751,0.06171,1.0,11966.3,281.8,328.8,581.8,100.0,1.0
661344,4138,157,5.363517,0.717296,0.042907,0.0,0.000311,0.00306757,-0.082846,0.829301,0.251307,0.115662,1.0,10779.6,241.6,369.1,465.5,100.0,1.0
661506,4139,162,4.162299,0.38083,-0.218086,0.0,5.2e-05,0.00250297,-0.095999,0.903531,0.01804,0.087713,1.0,11062.5,254.3,225.5,740.4,100.0,1.0
661671,4140,165,3.667167,0.44967,-0.191707,0.0,0.0,0.00282615,-0.193655,0.747209,0.116131,-0.140233,1.0,10466.9,304.4,256.0,566.2,100.0,1.0
661831,4141,160,3.367259,0.616436,-0.187544,0.014237,3.7e-05,0.00271267,-0.18366,0.662442,-0.017755,0.008351,1.0,10143.9,251.5,304.6,601.3,100.0,1.0
661987,4142,156,4.756286,0.613094,-0.253703,0.0,0.0,0.00264302,-0.058651,0.901469,0.225626,0.144731,1.0,11054.6,241.4,246.6,451.5,100.0,1.0
662150,4143,163,0.165776,0.57967,-0.306098,0.0,0.0,0.0025089,-0.396631,0.208371,-0.210289,-0.258982,1.0,8413.9,283.9,256.5,715.1,100.0,1.0
662312,4144,162,4.587187,0.2,0.054706,0.0,0.005079,0.00240957,-0.049262,1.0,0.397643,0.036579,1.0,11929.0,287.7,203.8,905.4,100.0,1.0
662472,4145,160,5.382346,0.474271,-0.103892,0.006717,0.000119,0.00278599,-0.045553,1.0,0.276525,0.089314,1.0,11942.0,274.1,261.9,395.3,100.0,1.0
662635,4146,163,4.072289,0.448108,-0.270383,0.014235,0.000454,0.002654,-0.129802,0.905982,0.00589,-0.022956,1.0,11071.8,283.3,239.7,803.8,100.0,1.0
662795,4147,160,3.060381,0.587848,-0.196373,8.5e-05,0.0,0.00271749,-0.20724,0.618615,0.032953,-0.050628,1.0,9976.9,262.7,287.0,376.6,100.0,1.0
662956,4148,161,6.831033,1.0,-0.21287,0.0,0.0,0.00321026,-0.008902,1.0,0.230974,0.226668,1.0,11658.3,237.6,373.6,248.4,100.0,1.0
663116,4149,160,2.01598,1.0,-0.353174,0.0,0.000212,0.00306174,-0.339978,0.336759,-0.244589,-0.165696,1.0,8903.1,266.8,331.2,417.7,100.0,1.0
663269,4150,153,3.143765,1.0,-0.336522,0.014323,9e-05,0.00275063,-0.187051,0.60821,-0.075247,0.061405,1.0,9937.3,234.1,263.4,415.0,100.0,1.0
663430,4151,161,6.142,0.2,0.07596,0.0,0.426223,0.00269208,0.023367,1.0,0.408818,0.274951,1.0,12142.9,238.1,318.1,629.5,100.0,1.0
663591,4152,161,2.798821,0.441423,-0.321631,0.0,0.000517,0.00298028,-0.271683,0.495039,-0.238711,-0.071906,1.0,9506.1,256.1,304.0,410.9,100.0,1.0
663760,4153,169,2.856056,0.49861,-0.265744,0.011903,0.0,0.0025447,-0.217632,0.680073,0.073464,-0.149989,1.0,10211.1,300.3,212.6,615.2,100.0,1.0
663915,4154,155,5.976438,0.205208,0.021603,0.003882,0.058538,0.002753,0.017795,0.935922,0.223891,0.371419,1.0,11185.9,203.9,317.0,418.1,100.0,1.0
664070,4155,155,4.898193,1.0,-0.251682,0.0,0.0,0.00276404,-0.064103,0.860214,0.197047,0.170463,1.0,10897.4,232.8,251.9,364.6,100.0,1.0
664228,4156,158,3.695113,0.521068,-0.317186,0.0,7.6e-05,0.00287443,-0.179324,0.722623,-0.088223,-0.003858,1.0,10373.2,260.3,290.0,475.7,100.0,1.0
664388,4157,160,5.704578,0.409121,-0.170336,0.0,0.0,0.00286699,-0.034402,1.0,0.246977,0.136336,1.0,11685.6,257.1,287.2,416.4,100.0,1.0
664543,4158,155,5.399317,0.691979,-0.030657,0.0,0.0,0.00279279,-0.031257,1.0,0.260184,0.142417,1.0,11601.4,253.9,260.5,541.1,100.0,1.0
664694,4159,151,3.272384,0.271251,-0.321115,0.016351,0.00026,0.00286257,-0.188831,0.60277,0.006379,0.032794,1.0,9916.6,240.0,308.8,652.1,100.0,1.0
664856,4160,162,4.125669,0.2,-0.294483,0.0,0.138667,0.00291044,-0.164594,0.767495,-0.045924,-0.00625,1.0,10544.2,265.3,333.9,544.3,100.0,1.0
665022,4161,166,2.665043,1.0,-0.341618,0.013914,0.0,0.00280573,-0.2675,0.519606,-0.040219,-0.1446,1.0,9599.7,280.6,258.6,537.2,100.0,1.0
665176,4162,154,3.897043,0.247267,-0.116424,0.0,0.040998,0.00244958,-0.087318,0.749277,0.09609,0.219178,1.0,10474.7,214.8,237.9,839.0,100.0,1.0
665333,4163,157,3.626843,1.0,-0.289306,0.013455,0.0,0.00276463,-0.164236,0.606341,0.088848,0.084313,1.0,9930.2,229.0,255.4,565.4,100.0,1.0
665489,4164,156,6.042115,0.2,0.037396,0.018107,0.055324,0.00260353,0.043347,0.96295,0.305986,0.406705,1.0,11288.8,200.6,373.7,595.3,100.0,1.0
665659,4165,170,3.366785,0.673928,-0.207542,0.0,0.0,0.00268851,-0.206584,0.700803,0.062187,-0.126676,1.0,10290.1,294.6,233.1,642.2,100.0,1.0
665822,4166,163,4.471839,1.0,0.088092,0.000986,0.0,0.00243005,-0.06341,0.978253,0.257348,0.054307,1.0,11347.1,269.1,239.5,740.3,100.0,1.0
665982,4167,160,4.027807,0.2,-0.388196,0.0,0.007327,0.00314797,-0.204041,0.653561,-0.111252,-0.02102,1.0,10110.1,258.2,359.6,427.5,100.0,1.0
666139,4168,157,3.644313,0.78462,0.001025,0.0,4.6e-05,0.0024176,-0.108425,0.745713,0.2046,0.115624,1.0,10461.2,234.4,243.0,462.2,100.0,1.0
666298,4169,159,4.917663,-0.080968,0.037798,0.0,0.000139,0.0024873,-0.029617,1.0,0.351281,0.117516,1.0,11615.0,259.8,207.7,802.8,100.0,1.0
666466,4170,168,5.206205,1.0,-0.149501,0.018448,7.4e-05,0.00268313,-0.063441,1.0,0.239822,0.041921,1.0,11625.8,279.0,282.1,633.1,100.0,1.0
666629,4171,163,4.421538,0.531063,-0.121764,0.00245,0.000221,0.00263031,-0.099784,0.845189,0.083278,0.101968,1.0,10840.2,245.9,253.8,724.0,100.0,1.0
666788,4172,159,5.836936,0.727274,0.082776,0.0,3.3e-05,0.00264896,0.013087,1.0,0.40442,0.24215,1.0,12067.3,242.9,297.7,663.3,100.0,1.0
666947,4173,159,5.890513,0.597095,-0.10091,0.0,0.000266,0.00301663,-0.041382,0.96922,0.146929,0.172067,1.0,11312.7,241.3,349.0,444.6,100.0,1.0
667111,4174,164,4.465332,0.571238,-0.103551,0.0,0.0,0.00248354,-0.075048,0.956999,0.13015,0.075625,1.0,11266.2,261.9,239.2,741.8,100.0,1.0
667275,4175,164,3.37421,0.2,-0.030883,0.0,0.013806,0.00240456,-0.143284,0.769707,0.020443,0.040815,1.0,10552.6,253.5,264.5,741.4,100.0,1.0
667432,4176,157,5.760061,0.830437,0.026974,0.0,4.1e-05,0.0027388,-0.001405,1.0,0.37694,0.203004,1.0,11649.9,242.1,312.8,421.4,100.0,1.0
667588,4177,156,6.061027,0.144208,-0.03807,0.020169,1.8e-05,0.00275197,0.021682,1.0,0.317421,0.299798,1.0,12269.7,236.0,249.4,334.3,100.0,1.0
667749,4178,161,4.737537,0.911016,-0.030703,0.002138,3.8e-05,0.00256088,-0.059785,0.956162,0.065087,0.148887,1.0,11263.0,245.1,325.9,687.8,100.0,1.0
667913,4179,164,3.467069,0.201393,-0.324767,0.01946,0.0,0.00312489,-0.254517,0.621697,-0.096543,-0.167623,1.0,9988.7,300.0,410.4,300.7,100.0,1.0
668066,4180,153,6.225801,0.435912,-0.252731,0.0,0.00021,0.00319353,-0.025308,1.0,0.215289,0.177211,1.0,11688.3,248.2,363.0,300.9,100.0,1.0
668232,4181,166,6.11356,1.0,-0.181921,0.006594,0.000123,0.00295265,-0.035159,1.0,0.197487,0.150307,1.0,12193.1,265.0,365.4,556.0,100.0,1.0
668390,4182,158,5.306932,1.0,-0.105586,0.0,0.0,0.00326677,-0.121181,0.820821,0.210452,0.00856,1.0,10747.3,266.4,381.0,215.9,100.0,1.0
668551,4183,161,5.957049,0.2,-0.173128,0.0,0.0,0.00296876,-0.034564,1.0,0.169555,0.1616,1.0,11762.1,253.1,396.6,408.8,100.0,1.0
668711,4184,160,3.445167,0.2,-0.240582,0.008126,0.000101,0.00272189,-0.179053,0.755029,0.026866,-0.068323,1.0,10496.7,281.7,285.8,642.5,100.0,1.0
668866,4185,155,2.716655,0.759198,-0.219399,0.008419,0.0,0.0021478,-0.130677,0.697546,0.060664,0.129569,1.0,10277.6,227.5,280.7,510.8,100.0,1.0
669030,4186,164,5.289892,1.0,-0.33849,0.0,0.0,0.00296538,-0.092565,0.883131,0.115825,0.083565,1.0,10984.7,253.4,286.3,419.9,100.0,1.0
669191,4187,161,3.541108,0.316922,-0.373055,0.0,9.4e-05,0.00307934,-0.23219,0.641213,0.057671,-0.160868,1.0,10063.0,299.8,284.0,532.9,100.0,1.0
669352,4188,161,1.272684,0.718614,-0.174652,0.0,0.000163,0.00201103,-0.229025,0.536115,-0.129554,-0.000326,1.0,9662.6,241.6,236.0,944.9,100.0,1.0
669511,4189,159,2.610952,0.552399,-0.152727,0.0,0.000114,0.00245337,-0.195726,0.568416,-0.013809,0.045171,1.0,9785.7,234.1,204.5,812.2,100.0,1.0
669667,4190,156,5.637532,0.529745,-0.13489,0.005122,0.0,0.00265778,0.005038,1.0,0.342171,0.236068,1.0,12042.1,243.6,228.4,654.3,100.0,1.0
669721,4191,54,-8.044973,0.964705,0.614205,0.036959,0.0,0.00276251,-0.785672,-1.0,-1.0,-1.0,0.387633,0.0,24.5,65.2,34.8,100.0,1.0
669885,4192,164,3.112654,0.961589,-0.158963,0.0,0.000145,0.00264417,-0.201926,0.738585,0.086738,-0.150821,1.0,10434.0,307.2,250.3,494.1,100.0,1.0
670039,4193,154,4.153512,0.10155,-0.151638,0.0,0.000102,0.00248652,-0.073714,0.917409,0.179081,0.096753,1.0,11115.3,253.4,212.9,659.5,100.0,1.0
670194,4194,155,4.092486,0.782634,-0.089795,0.016019,3.4e-05,0.00275771,-0.122785,0.72286,0.099029,0.12199,1.0,10374.1,231.2,293.7,646.6,100.0,1.0
670356,4195,162,5.668913,0.404598,-0.038106,0.0,6.3e-05,0.00288556,-0.045438,1.0,0.296259,0.083119,1.0,11696.0,270.0,309.8,534.9,100.0,1.0
670513,4196,157,5.024527,0.2,-0.106478,0.0,0.15808,0.00250201,-0.018743,1.0,0.327548,0.161675,1.0,11597.0,249.6,258.0,706.4,100.0,1.0
670671,4197,158,5.725846,1.0,-0.081059,0.020878,0.0,0.00273148,-0.005293,1.0,0.170826,0.258747,1.0,11966.3,237.7,374.0,367.5,100.0,1.0
670834,4198,163,2.78664,0.473234,0.02935,0.0,1.9e-05,0.00240741,-0.184947,0.720475,-0.003511,-0.049049,1.0,10365.0,272.5,248.1,1271.0,100.0,1.0
670995,4199,161,4.01407,0.2,-0.186339,0.0,0.026106,0.00239015,-0.085965,0.843307,0.141067,0.13034,1.0,10833.0,239.6,260.8,562.2,100.0,1.0
671160,4200,165,4.676836,0.215086,0.059827,0.0,0.152834,0.0023776,-0.044119,1.0,0.348947,0.069954,1.0,11899.9,278.0,245.5,986.3,100.0,1.0
671325,4201,165,4.278033,1.0,-0.285308,0.0,0.0,0.0029592,-0.169787,0.77149,0.028628,-0.05174,1.0,10559.4,278.4,293.3,530.0,100.0,1.0
671487,4202,162,3.636354,0.2,-0.293833,0.0,0.12228,0.0026356,-0.156238,0.793268,0.117311,-0.054287,1.0,10642.4,281.3,257.0,618.2,100.0,1.0
671650,4203,163,3.836406,0.87512,1.0,0.022383,0.0,0.0031817,-0.232993,0.624456,0.045687,-0.145586,1.0,9999.2,292.6,318.8,452.4,100.0,1.0
671806,4204,156,5.199605,0.317448,0.03285,0.005568,5.2e-05,0.00251247,-0.004804,1.0,0.286599,0.221788,1.0,11863.6,242.8,242.8,635.3,100.0,1.0
671965,4205,159,6.125598,0.777911,-0.106837,0.0,5.6e-05,0.00296807,-0.015842,1.0,0.251146,0.196812,1.0,12159.9,254.0,370.5,381.3,100.0,1.0
672125,4206,160,3.598234,0.802142,-0.175133,0.0,0.000274,0.00265625,-0.157084,0.696864,0.108336,0.02622,1.0,10275.1,250.3,240.9,848.4,100.0,1.0
672284,4207,159,4.426501,0.353018,-0.217632,0.0,0.014427,0.00240908,-0.053453,0.921592,0.165997,0.165163,1.0,11131.3,238.8,221.7,775.6,100.0,1.0
672441,4208,157,4.232327,1.0,-0.238372,0.04201,0.0,0.00283435,-0.129868,0.861643,0.028545,0.006223,1.0,10902.9,270.9,270.7,374.9,100.0,1.0
672603,4209,162,5.079128,0.576009,-0.147698,0.0,0.0,0.00281411,-0.077701,1.0,0.304925,-0.027313,1.0,11711.5,301.0,270.7,510.1,100.0,1.0
672760,4210,157,4.953611,1.0,0.079908,0.009043,0.0,0.00248903,-0.021931,1.0,0.325625,0.151688,1.0,11450.4,248.6,265.7,610.5,100.0,1.0
672919,4211,159,4.982897,0.740537,-0.118199,0.0,0.0,0.00266894,-0.053342,0.998276,0.218206,0.084227,1.0,11423.4,263.4,287.6,417.1,100.0,1.0
673076,4212,157,2.886083,0.628357,-0.130962,0.0,0.000234,0.00241662,-0.164516,0.658998,0.046402,0.053648,1.0,10130.8,240.4,266.5,596.4,100.0,1.0
673231,4213,155,2.024672,0.531327,-0.403981,0.001753,0.00013,0.0031242,-0.333516,0.392907,-0.331275,-0.16205,1.0,9117.0,272.0,372.4,637.1,100.0,1.0
673390,4214,159,6.142823,0.430253,0.012589,0.0,0.000514,0.0029374,-0.009633,1.0,0.414633,0.163013,1.0,11787.8,253.4,361.5,367.4,100.0,1.0
673555,4215,165,6.050063,0.572506,-0.175008,0.020407,0.0,0.0029108,-0.029747,1.0,0.337664,0.121621,1.0,11906.1,265.4,343.6,470.5,100.0,1.0
673714,4216,159,4.0655,1.0,-0.295485,0.0,0.00027,0.00281554,-0.144912,0.850294,0.083686,-0.052846,1.0,10859.6,286.6,268.7,500.5,100.0,1.0
673871,4217,157,4.828459,0.129814,-0.110823,0.0,0.000205,0.00262479,-0.052501,0.886665,0.203879,0.184815,1.0,10998.2,232.1,280.6,589.1,100.0,1.0
674033,4218,162,2.808371,0.257455,-0.398852,0.0,0.000354,0.00296255,-0.270795,0.47963,-0.133527,-0.091167,1.0,9447.4,259.9,338.8,439.5,100.0,1.0
674203,4219,170,1.757821,1.0,-0.160774,0.0,0.000622,0.00232158,-0.26375,0.595274,-0.070038,-0.185215,1.0,9888.0,303.4,193.2,762.3,100.0,1.0
674363,4220,160,5.306678,0.332945,0.028461,0.0,0.003332,0.00262445,-0.024698,0.994544,0.419132,0.115845,1.0,11409.2,255.6,244.1,633.8,100.0,1.0
674522,4221,159,4.706549,1.0,-0.158127,0.0,0.0,0.00287281,-0.106255,0.907431,0.25191,-0.027678,1.0,11077.3,284.8,304.2,558.9,100.0,1.0
674684,4222,162,3.634628,0.402381,-0.069309,0.0,0.000144,0.00218523,-0.08331,0.839949,0.024798,0.180745,1.0,10820.2,229.1,280.9,738.1,100.0,1.0
674843,4223,159,4.051485,1.0,-0.18526,0.030053,0.0,0.00265863,-0.120994,0.735329,0.188074,0.087888,1.0,10421.6,239.5,268.5,596.4,100.0,1.0
674999,4224,156,2.507449,0.2,-0.205487,0.003668,0.355243,0.00260063,-0.218961,0.544938,0.212997,-0.088318,1.0,9696.2,265.9,221.6,1119.2,100.0,1.0
675158,4225,159,5.991061,0.2,-0.182185,0.0,0.164897,0.0029468,-0.022366,1.0,0.339991,0.145449,1.0,11969.4,261.2,313.1,603.8,100.0,1.0
675316,4226,158,4.56694,0.090302,-0.037373,0.0,6.3e-05,0.00250043,-0.054937,1.0,0.268385,0.060747,1.0,11607.8,273.6,258.2,546.1,100.0,1.0
675473,4227,157,4.088129,0.555983,-0.057397,0.006915,0.0,0.0025811,-0.100768,0.877629,0.136974,0.053757,1.0,10963.8,260.1,261.2,479.4,100.0,1.0
675629,4228,156,4.652932,1.0,-0.421221,0.0,0.0,0.0033295,-0.172886,0.694594,0.181701,-0.049017,1.0,10266.4,269.9,344.3,271.2,100.0,1.0
675795,4229,166,2.581823,0.443356,-0.289368,0.010339,5e-05,0.00254339,-0.229913,0.609764,-0.074452,-0.083028,1.0,9943.2,271.1,246.1,824.1,100.0,1.0
675952,4230,157,4.819983,0.2,-0.083658,0.0,0.351369,0.00261347,-0.05132,1.0,0.379972,0.03561,1.0,11571.4,279.3,242.4,767.4,100.0,1.0
676117,4231,165,3.068402,1.0,-0.305274,0.017482,0.0,0.00274285,-0.224039,0.662505,-0.05249,-0.114723,1.0,10144.1,286.5,325.4,488.6,100.0,1.0
676275,4232,158,5.079046,1.0,-0.244575,0.018191,0.0,0.00306299,-0.105663,0.944373,0.138753,-0.018771,1.0,11218.1,285.8,338.9,333.8,100.0,1.0
676433,4233,158,1.33934,0.591414,-0.300022,0.010177,0.0,0.00279524,-0.3419,0.298506,-0.073969,-0.197099,1.0,8757.3,272.7,294.9,693.6,100.0,1.0
676589,4234,156,4.64331,0.826401,-0.291932,0.020241,1e-06,0.00325505,-0.161936,0.814266,0.03439,-0.06314,1.0,10722.4,286.1,363.4,385.9,100.0,1.0
676751,4235,162,4.253148,0.653027,-0.115234,0.0,0.0,0.00245736,-0.081266,0.946084,0.196202,0.041976,1.0,11224.6,269.3,223.6,598.7,100.0,1.0
676910,4236,159,5.165407,-0.176095,0.07015,0.014306,7.5e-05,0.00252149,-0.01614,1.0,0.434283,0.134771,1.0,11644.3,256.5,243.4,663.8,100.0,1.0
677064,4237,154,4.311831,1.0,-0.223376,0.005441,7.7e-05,0.00301295,-0.142807,0.815982,0.088765,-0.018931,1.0,10728.9,273.4,297.3,388.4,100.0,1.0
677223,4238,159,6.807219,0.391598,-0.008849,0.032777,8.5e-05,0.00305471,0.021403,1.0,0.4194,0.264875,1.0,12331.6,243.7,423.1,308.1,100.0,1.0
677377,4239,154,4.731798,0.2,-0.333393,0.011609,0.126628,0.00290139,-0.0943,0.896883,0.151765,0.054343,1.0,11037.1,261.7,307.2,425.0,100.0,1.0
677541,4240,164,5.132198,0.394474,-0.339946,0.0,0.000302,0.00305598,-0.118826,0.866099,0.086919,0.019858,1.0,10919.8,267.7,373.2,437.3,100.0,1.0
677709,4241,168,4.498631,0.2,-0.289295,0.020459,0.000197,0.00273026,-0.123506,0.878413,0.044017,0.008298,1.0,10966.8,271.9,241.4,674.2,100.0,1.0
677869,4242,160,5.718822,0.382699,0.036066,0.0,5.8e-05,0.00273544,-0.011567,1.0,0.584908,0.099807,1.0,12839.6,291.9,305.9,551.8,100.0,1.0
678030,4243,161,4.374795,0.2,-0.130014,0.0,0.074429,0.00281921,-0.127933,0.898292,0.212182,-0.07908,1.0,11042.5,299.8,325.9,565.1,100.0,1.0
678189,4244,159,4.502773,0.2,-0.077395,0.0,0.015017,0.00249319,-0.0609,0.965186,0.242529,0.078502,1.0,11297.4,261.9,264.3,787.6,100.0,1.0
678349,4245,160,2.726608,0.500476,-0.06775,9.2e-05,3.8e-05,0.00260314,-0.213339,0.6343,0.147828,-0.122323,1.0,10036.7,285.9,254.4,785.6,100.0,1.0
678510,4246,161,3.606378,0.51445,-0.113577,0.0,0.000196,0.00282522,-0.186148,0.598505,-0.036157,0.059472,1.0,9900.3,233.6,375.2,488.5,100.0,1.0
678664,4247,154,4.326379,0.2,-0.231749,0.0,0.057376,0.00261398,-0.08017,0.90822,0.128591,0.09972,1.0,11080.3,251.9,274.6,633.0,100.0,1.0
678822,4248,158,5.111636,0.274349,-0.31898,0.040346,8.3e-05,0.00288435,-0.074833,1.0,0.193844,0.019274,1.0,11490.5,281.8,299.2,438.5,100.0,1.0
678975,4249,153,4.791311,-0.107062,-0.032542,0.0,0.0,0.00276482,-0.065987,0.852186,0.327197,0.127489,1.0,10866.8,241.0,334.4,314.7,100.0,1.0
679135,4250,160,2.945264,0.2,-0.272238,0.006928,6.3e-05,0.00272788,-0.216995,0.694722,0.055278,-0.154011,1.0,10266.9,303.4,263.3,516.0,100.0,1.0
679295,4251,160,3.957977,1.0,-0.425685,0.011605,0.0,0.00297404,-0.180915,0.727198,0.036499,-0.054549,1.0,10390.6,274.8,339.9,352.9,100.0,1.0
679450,4252,155,4.288476,0.2,-0.25598,0.0,0.278469,0.00265957,-0.09266,0.886565,0.121821,0.07839,1.0,10997.8,255.0,294.5,464.7,100.0,1.0
679612,4253,162,4.615501,1.0,-0.02048,0.009913,5e-05,0.00246725,-0.05575,0.976834,0.182709,0.105903,1.0,11341.7,256.4,278.8,577.1,100.0,1.0
679767,4254,155,4.119821,0.163007,-0.227047,0.018559,0.0,0.00282566,-0.130979,0.816875,0.182415,-0.011465,1.0,10732.3,271.4,337.3,329.5,100.0,1.0
679924,4255,157,4.60878,0.373198,-0.009477,0.0,0.0,0.00243864,-0.039424,1.0,0.368358,0.079135,1.0,11769.1,272.7,227.5,719.2,100.0,1.0
680084,4256,160,1.505058,0.472736,0.883785,0.00543,0.000102,0.00303983,-0.374234,0.261774,-0.282585,-0.20473,1.0,8617.4,270.9,278.5,489.8,100.0,1.0
680242,4257,158,1.845546,0.554688,-0.41057,0.0,0.00027,0.00283169,-0.30989,0.461506,-0.204785,-0.182627,1.0,9378.3,286.8,330.4,594.7,100.0,1.0
680398,4258,156,3.569294,0.2,-0.0582,0.007707,0.031704,0.00236222,-0.102516,0.840159,0.150146,0.074765,1.0,10821.0,251.7,257.6,729.5,100.0,1.0
680553,4259,155,5.2157,1.0,-0.061046,0.0,3.7e-05,0.00265841,-0.023378,1.0,0.27641,0.16327,1.0,11779.3,253.1,285.8,606.4,100.0,1.0
680709,4260,156,4.949213,0.2,-0.087223,0.0,0.071799,0.00260816,-0.038057,1.0,0.241622,0.125937,1.0,11448.8,254.2,294.7,472.4,100.0,1.0
680870,4261,161,3.792458,1.0,-0.000124,0.0,0.0,0.00264787,-0.143693,0.723314,0.179605,0.025059,1.0,10375.8,253.1,288.7,431.0,100.0,1.0
681032,4262,162,2.85427,0.694193,-0.136571,0.006295,3.1e-05,0.00238745,-0.174066,0.731017,0.173744,-0.080648,1.0,10405.2,282.9,225.1,766.4,100.0,1.0
681192,4263,160,2.274308,1.0,-0.284558,0.0,1.6e-05,0.00294386,-0.301548,0.509056,-0.139527,-0.216198,1.0,9559.5,304.9,290.5,533.3,100.0,1.0
681348,4264,156,4.401557,0.2,-0.236076,0.0,0.182154,0.00292656,-0.128536,0.866163,0.148771,-0.033178,1.0,10920.1,282.4,291.2,533.6,100.0,1.0
681508,4265,160,4.906254,0.356253,-0.044298,0.0,3.2e-05,0.00250477,-0.035138,1.0,0.271564,0.125685,1.0,12054.7,267.7,222.7,715.8,100.0,1.0
681663,4266,155,5.285124,0.617863,-0.04461,0.007598,6.3e-05,0.00289758,-0.055271,1.0,0.340363,0.035643,1.0,12002.1,289.7,237.9,685.1,100.0,1.0
681826,4267,163,2.328068,0.2,-0.463571,0.0,0.366123,0.00291194,-0.301159,0.53612,-0.124524,-0.242456,1.0,9662.6,318.9,285.3,675.4,100.0,1.0
681982,4268,156,2.975022,1.0,-0.216083,0.016076,0.0,0.00267995,-0.196357,0.642839,-0.049641,-0.007008,1.0,10069.2,253.5,323.5,523.6,100.0,1.0
682139,4269,157,4.724381,1.0,-0.38077,0.0,0.0,0.00277633,-0.083788,0.89903,0.164968,0.083192,1.0,11045.3,254.9,298.6,499.4,100.0,1.0
682301,4270,162,5.847397,0.216452,-0.105022,0.0,0.021522,0.00278939,-0.01609,1.0,0.321253,0.172616,1.0,12738.6,271.6,284.7,682.7,100.0,1.0
682465,4271,164,4.217453,0.456436,-0.235915,0.008734,0.0,0.00268613,-0.126207,0.865385,0.025579,0.016296,1.0,10917.1,268.6,322.6,443.9,100.0,1.0
682629,4272,164,2.32494,0.497808,-0.234104,0.0,0.000599,0.0025753,-0.249074,0.636578,-0.003569,-0.192873,1.0,10045.4,311.1,212.9,687.6,100.0,1.0
682790,4273,161,3.687967,0.2,-0.247299,0.0,0.075443,0.00258248,-0.140916,0.835614,0.10643,-0.034874,1.0,10803.7,279.9,255.5,619.7,100.0,1.0
682948,4274,158,4.953074,0.495849,-0.263607,0.0,0.0,0.00274099,-0.063921,0.938025,0.304651,0.070359,1.0,11193.9,261.5,235.3,521.6,100.0,1.0
683108,4275,160,4.651795,0.815916,-0.350253,0.015061,0.0,0.00299283,-0.132152,0.837889,0.012257,0.023833,1.0,10812.4,264.0,322.2,462.4,100.0,1.0
683267,4276,159,5.475225,1.0,0.005697,0.035399,0.0,0.00294839,-0.060708,1.0,0.372629,0.006764,1.0,12021.2,298.5,397.1,287.9,100.0,1.0
683429,4277,162,3.890958,0.290451,-0.225216,0.0,0.0,0.00305396,-0.204734,0.695255,0.015785,-0.10042,1.0,10268.9,285.4,344.8,481.6,100.0,1.0
683589,4278,160,5.329154,0.405946,-0.206918,0.0,0.0,0.00283564,-0.056472,1.0,0.198186,0.079032,1.0,11505.4,266.6,304.6,472.8,100.0,1.0
683748,4279,159,3.466634,0.986451,-0.271486,0.035084,3e-05,0.00292153,-0.206121,0.703359,-0.085178,-0.078142,1.0,10299.8,279.3,322.6,501.1,100.0,1.0
683908,4280,160,4.647565,1.0,-0.242907,0.002819,0.000267,0.00274866,-0.093341,0.970545,0.101455,0.012923,1.0,11317.8,279.3,271.9,490.4,100.0,1.0
684065,4281,157,4.288851,0.2,-0.316575,0.007352,0.031591,0.00277003,-0.115188,0.859744,0.106378,0.030795,1.0,10895.6,264.3,263.1,603.7,100.0,1.0
684225,4282,160,4.50065,0.616509,-0.197641,0.0,0.0,0.00295541,-0.137369,0.978028,0.118416,-0.145727,1.0,11346.3,332.0,281.7,504.5,100.0,1.0
684382,4283,157,3.10515,1.0,-0.266323,0.0,0.0,0.00279751,-0.207739,0.554638,-0.084955,0.040324,1.0,9733.2,233.9,301.5,423.4,100.0,1.0
684545,4284,163,3.051116,0.680067,-0.319476,0.011087,0.000203,0.00277584,-0.225011,0.676757,-0.109023,-0.110994,1.0,10198.4,286.8,315.1,488.9,100.0,1.0
684707,4285,162,3.374495,0.793877,-0.313026,0.003073,4.5e-05,0.00269043,-0.184287,0.764243,-0.124631,-0.042948,1.0,10531.8,275.1,301.6,536.6,100.0,1.0
684865,4286,158,5.757247,0.716272,-0.371029,0.00971,0.0,0.00300015,-0.044813,1.0,0.32687,0.075,1.0,11554.4,268.7,355.8,347.3,100.0,1.0
685029,4287,164,2.955525,0.2,-0.400842,0.0,0.049947,0.00297042,-0.266812,0.533883,-0.106386,-0.132147,1.0,9654.1,278.1,340.8,397.3,100.0,1.0
685184,4288,155,5.034835,0.215656,-0.099003,0.00322,0.053716,0.00255471,-0.020604,1.0,0.418875,0.125028,1.0,11952.6,265.6,269.6,684.8,100.0,1.0
685338,4289,154,3.855115,0.200303,-0.193084,0.0,0.0,0.00292971,-0.163761,0.75437,0.134341,-0.052624,1.0,10494.1,276.9,321.9,387.0,100.0,1.0
685499,4290,161,4.104531,0.885257,-0.088863,3.3e-05,0.0,0.00238295,-0.077631,0.999137,0.188526,0.012441,1.0,11426.7,282.2,175.0,910.7,100.0,1.0
685654,4291,155,4.026144,0.624487,-0.284799,0.018063,0.000109,0.00280086,-0.133963,0.808634,0.0669,0.023961,1.0,10700.9,261.3,332.1,449.0,100.0,1.0
685815,4292,161,4.226534,1.0,1.0,0.002577,0.0,0.00329734,-0.215762,0.718178,-0.026234,-0.142278,1.0,10356.3,301.9,359.8,598.3,100.0,1.0
685976,4293,161,5.017276,0.581654,0.007642,0.0,0.0,0.00284521,-0.08399,1.0,0.298702,-0.046199,1.0,11624.4,304.7,358.2,418.3,100.0,1.0
686133,4294,157,4.71404,0.416551,0.075293,0.0,1.5e-05,0.00236921,-0.020476,1.0,0.517296,0.092649,1.0,12127.9,277.5,240.8,750.0,100.0,1.0
686298,4295,165,1.815115,0.479952,-0.302277,0.025634,0.0,0.00235179,-0.252708,0.55429,-0.188279,-0.074844,1.0,9731.8,263.0,228.7,799.0,100.0,1.0
686456,4296,158,4.297189,0.42099,-0.108807,0.032288,0.0,0.00263761,-0.096347,0.961794,0.133317,-0.000422,1.0,11284.4,282.2,280.4,635.0,100.0,1.0
686623,4297,167,3.904917,0.883247,-0.028258,0.019219,0.0,0.00240606,-0.110665,0.9443,0.179822,-0.049072,1.0,11217.8,294.9,239.7,800.7,100.0,1.0
686782,4298,159,4.591726,-0.888297,-0.119011,0.011788,0.006054,0.00268516,-0.08459,0.894636,0.171616,0.081967,1.0,11028.6,254.8,283.5,618.9,100.0,1.0
686949,4299,167,5.45651,1.0,-0.313363,0.0,0.0,0.00309621,-0.110241,0.952958,0.070759,-0.018522,1.0,11250.8,286.6,375.3,462.4,100.0,1.0
687105,4300,156,4.879256,0.261894,-0.33897,0.0,0.02532,0.00300283,-0.104629,0.899068,0.044131,0.05397,1.0,11045.5,262.0,404.1,565.5,100.0,1.0
687269,4301,164,4.199657,0.2,-0.081638,0.005148,0.026803,0.00251407,-0.099142,0.895648,0.13147,0.045995,1.0,11032.4,263.7,201.1,781.2,100.0,1.0
687431,4302,162,3.914428,1.0,-0.072814,0.004899,0.0,0.0028902,-0.176324,0.691893,0.005318,0.000569,1.0,10256.1,256.3,397.2,439.5,100.0,1.0
687595,4303,164,2.164328,0.2,-0.234069,0.0,9.5e-05,0.00259843,-0.264752,0.619154,0.037076,-0.244161,1.0,9979.0,330.1,259.7,579.8,100.0,1.0
687755,4304,160,6.83774,1.0,-0.332394,0.040283,0.0,0.00357402,-0.06194,1.0,0.095831,0.094922,1.0,11581.0,264.4,492.4,144.6,100.0,1.0
687917,4305,162,5.581126,1.0,-0.21142,0.029686,0.0,0.00303838,-0.075969,1.0,0.067313,0.057666,1.0,11588.3,273.9,344.1,403.6,100.0,1.0
688075,4306,158,4.44493,0.722217,-0.361294,0.0,9e-06,0.00277948,-0.107632,0.928788,0.129523,-0.00927,1.0,11158.7,281.6,276.5,514.9,100.0,1.0
688240,4307,165,6.776492,0.360485,-0.021733,0.039592,5e-05,0.00298444,0.013004,1.0,0.536479,0.197854,1.0,12789.6,266.9,355.0,334.9,100.0,1.0
688401,4308,161,4.089941,0.546786,-0.406646,0.031915,3.7e-05,0.0029088,-0.163246,0.768166,-0.071648,0.006258,1.0,10546.7,262.0,330.1,421.2,100.0,1.0
688567,4309,166,3.130214,1.0,-0.172764,0.012883,0.0,0.00261313,-0.200288,0.773062,-0.064356,-0.123725,1.0,10565.4,301.4,262.0,528.2,100.0,1.0
688727,4310,160,3.235401,1.0,-0.172632,0.047046,0.0,0.00264772,-0.182293,0.69021,0.003933,-0.017464,1.0,10249.7,260.8,295.0,393.0,100.0,1.0
688886,4311,159,3.463467,0.641529,-0.252621,0.003011,0.0,0.00278816,-0.184966,0.709921,-0.038838,-0.028541,1.0,10324.8,265.7,281.2,488.9,100.0,1.0
689052,4312,166,4.448814,1.0,0.021563,0.0,0.000157,0.00234661,-0.057674,1.0,0.181925,0.080446,1.0,11584.8,268.1,261.4,661.8,100.0,1.0
689212,4313,160,2.95563,0.917223,-0.017007,0.01185,0.000269,0.00235021,-0.155558,0.752508,0.330006,-0.088954,1.0,10487.1,287.8,212.4,714.1,100.0,1.0
689376,4314,164,4.020685,0.2,-0.270131,0.0,0.146087,0.0028956,-0.174971,0.814229,0.046148,-0.110478,1.0,10722.2,301.3,296.4,477.6,100.0,1.0
689538,4315,162,2.473959,0.227524,-0.132248,0.015692,0.0,0.00245165,-0.21262,0.7024,0.022809,-0.135004,1.0,10296.1,297.6,207.7,624.1,100.0,1.0
689698,4316,160,5.611739,0.396767,-0.311069,0.0,0.000516,0.00302814,-0.065901,1.0,0.13932,0.067225,1.0,11973.1,280.5,351.2,371.4,100.0,1.0
689864,4317,166,3.72516,0.506485,-0.387074,0.0,0.0,0.00291386,-0.205815,0.741906,-0.064284,-0.11621,1.0,10446.7,295.5,262.0,637.5,100.0,1.0
690019,4318,155,0.998333,0.598747,-0.398207,0.018817,0.0,0.00284768,-0.366918,0.239717,-0.248521,-0.173318,1.0,8533.3,258.1,221.0,441.2,100.0,1.0
690182,4319,163,2.942208,0.961742,-0.070407,0.0,9.5e-05,0.00236501,-0.166006,0.779829,0.043258,-0.050964,1.0,10591.1,279.0,232.8,1073.1,100.0,1.0
690339,4320,157,3.526581,0.2,0.059616,0.017484,0.0,0.00211213,-0.068518,0.866102,0.413119,0.078814,1.0,10919.8,253.1,214.4,744.9,100.0,1.0
690495,4321,156,1.408105,0.2,-0.257217,0.0,0.293016,0.00231257,-0.255719,0.574925,-0.100261,-0.131414,1.0,9810.5,282.4,226.0,635.0,100.0,1.0
690655,4322,160,3.777027,0.50461,-0.30934,0.00217,0.000471,0.00298586,-0.195996,0.736453,-0.008209,-0.097626,1.0,10425.9,288.8,319.8,497.4,100.0,1.0
690810,4323,155,6.618515,1.0,-0.045757,0.001449,0.0,0.00321961,-0.005301,1.0,0.223096,0.241299,1.0,12009.0,241.9,406.8,221.2,100.0,1.0
690965,4324,155,5.216794,1.0,0.100993,0.0,0.000123,0.00264696,-0.021086,1.0,0.472723,0.105472,1.0,11994.4,271.2,285.2,682.4,100.0,1.0
691126,4325,161,1.837946,0.365774,-0.395461,0.007597,7.3e-05,0.00283685,-0.319624,0.363699,-0.224349,-0.127045,1.0,9005.7,257.9,292.4,542.7,100.0,1.0
691293,4326,167,2.263517,0.2,-0.322279,0.0,0.103239,0.00262827,-0.270058,0.570831,-0.031664,-0.198665,1.0,9794.9,305.6,229.8,949.4,100.0,1.0
691449,4327,156,6.436673,1.0,-0.241144,0.0,0.0,0.00354953,-0.073519,0.933914,0.183245,0.082259,1.0,11178.2,258.2,421.3,187.6,100.0,1.0
691606,4328,157,3.421542,0.2,-0.133777,0.006973,0.095845,0.00238677,-0.119426,0.779638,0.184857,0.057264,1.0,10590.4,250.4,215.0,794.8,100.0,1.0
691766,4329,160,2.739818,1.0,-0.320243,0.010201,2.4e-05,0.00265135,-0.219794,0.656503,-0.055587,-0.094538,1.0,10121.3,279.5,253.7,779.5,100.0,1.0
691927,4330,161,5.106592,1.0,-0.225261,0.001977,0.0,0.00285412,-0.078497,1.0,0.258756,-0.014576,1.0,11462.1,290.8,245.7,402.1,100.0,1.0
692090,4331,163,5.495162,1.0,-0.190843,0.0,0.000145,0.00314747,-0.103026,1.0,0.150623,-0.060294,1.0,11484.5,305.5,392.1,446.7,100.0,1.0
692255,4332,165,4.354612,0.2,-0.345846,0.000264,0.0545,0.00301248,-0.172124,0.754398,-0.016532,-0.030234,1.0,10494.3,270.5,372.8,534.2,100.0,1.0
692417,4333,162,4.42573,0.048854,-0.211411,0.0264,0.0,0.00273662,-0.113062,0.812992,0.086191,0.08357,1.0,10717.5,247.3,347.7,515.7,100.0,1.0
692580,4334,163,6.405977,-0.116498,0.145997,0.025697,0.0,0.00272348,0.034134,1.0,0.6141,0.242412,1.0,12446.4,250.4,331.1,502.5,100.0,1.0
692739,4335,159,5.102825,0.2,-0.191015,0.0,0.142078,0.00259356,-0.031562,1.0,0.274618,0.136587,1.0,11817.8,259.9,234.8,846.5,100.0,1.0
692896,4336,157,3.690827,1.0,-0.040349,0.009509,3.4e-05,0.00222143,-0.073323,0.8481,0.134609,0.170637,1.0,10851.3,231.7,275.1,808.0,100.0,1.0
693063,4337,167,4.093652,0.2,-0.058352,0.019784,0.025104,0.00229141,-0.077178,1.0,0.158166,0.02335,1.0,11507.1,281.1,244.6,747.8,100.0,1.0
693218,4338,155,4.375519,0.709715,0.888927,0.017557,4.3e-05,0.00304326,-0.145195,0.83323,0.179185,-0.071404,1.0,10794.6,290.6,306.4,426.8,100.0,1.0
693374,4339,156,3.278269,0.2,-0.343894,0.0,0.113553,0.0027015,-0.176801,0.733774,0.038024,-0.046823,1.0,10415.7,273.2,239.9,632.0,100.0,1.0
693535,4340,161,5.701985,0.738222,-0.184442,0.0,6.7e-05,0.00286578,-0.035888,1.0,0.135979,0.16838,1.0,11800.8,252.5,373.3,395.9,100.0,1.0
693696,4341,161,2.898262,0.219309,-0.013,0.0,0.00016,0.00246584,-0.180712,0.660636,0.232969,-0.063895,1.0,10137.0,270.7,272.7,741.1,100.0,1.0
693861,4342,165,4.007257,1.0,-0.253408,0.000725,0.0,0.00278044,-0.159733,0.767662,-0.012904,-0.001195,1.0,10544.8,263.9,277.9,488.5,100.0,1.0
694022,4343,161,4.133029,0.86133,-0.240233,0.0,0.0,0.0029637,-0.168723,0.784473,0.10672,-0.085044,1.0,10608.8,289.9,281.9,398.1,100.0,1.0
694184,4344,162,4.048868,0.704503,-0.031596,0.015293,0.000648,0.00256552,-0.113451,0.884197,0.172791,-0.005931,1.0,10988.8,276.4,213.0,675.4,100.0,1.0
694348,4345,164,6.259395,0.902217,-0.252819,0.001796,1.6e-05,0.00299756,-0.024468,1.0,0.308336,0.148994,1.0,12267.4,266.9,370.9,422.6,100.0,1.0
694506,4346,158,4.845618,0.298508,-0.120413,0.0,0.03104,0.00272936,-0.069597,0.906978,0.162624,0.124654,1.0,11075.6,246.2,295.7,410.5,100.0,1.0
694669,4347,163,3.003846,0.2,0.045958,0.0,0.350136,0.0024341,-0.172569,0.834212,0.158897,-0.156706,1.0,10798.3,320.1,221.8,957.0,100.0,1.0
694824,4348,155,6.042736,0.916397,-0.098356,0.0,3.2e-05,0.00296026,-0.007845,1.0,0.356532,0.18834,1.0,11849.3,249.3,322.2,408.6,100.0,1.0
694980,4349,156,4.38165,0.717384,-0.126254,0.0,6.8e-05,0.00256894,-0.073722,0.922764,0.172558,0.094438,1.0,11135.7,254.4,301.4,732.3,100.0,1.0
695139,4350,159,6.167817,0.601898,0.099268,0.011446,0.0,0.00269901,0.031209,1.0,0.4892,0.274297,1.0,12251.8,240.4,304.9,412.7,100.0,1.0
695294,4351,155,2.683113,1.0,-0.261597,0.0,3e-06,0.00277294,-0.229547,0.552688,-0.11916,-0.019342,1.0,9725.7,247.9,310.5,490.0,100.0,1.0
695451,4352,157,2.334199,0.2,-0.320189,0.0,0.0,0.00266625,-0.244381,0.490494,-0.090102,-0.026648,1.0,9488.8,243.7,255.8,613.8,100.0,1.0
695614,4353,163,3.589604,1.0,-0.334783,0.004749,0.0,0.00296289,-0.215038,0.643183,-0.125409,-0.044309,1.0,10070.5,263.4,382.1,708.0,100.0,1.0
695775,4354,161,5.571876,0.764578,-0.035718,0.0,0.000279,0.00261588,-0.00525,1.0,0.370131,0.192458,1.0,12230.2,256.4,282.3,605.0,100.0,1.0
695932,4355,157,5.187934,0.469239,-0.107424,0.0,0.000326,0.00282962,-0.056998,1.0,0.111459,0.106187,1.0,11915.1,269.3,352.3,462.0,100.0,1.0
696089,4356,157,2.621072,0.288587,-0.152591,0.0,0.0,0.00289804,-0.259345,0.501772,-0.122887,-0.074998,1.0,9531.7,257.6,301.8,399.6,100.0,1.0
696246,4357,157,3.252852,0.838176,-0.277757,0.0,0.000138,0.00314222,-0.250527,0.518747,-0.046061,-0.08536,1.0,9596.4,262.3,376.3,329.0,100.0,1.0
696406,4358,160,4.796481,0.259418,0.013925,0.0,0.016487,0.00234924,-0.017801,1.0,0.315859,0.168711,1.0,11887.8,254.3,264.6,942.7,100.0,1.0
696564,4359,158,2.031591,0.2,-0.416653,0.020095,0.000535,0.00297662,-0.318652,0.453755,-0.036686,-0.261408,1.0,9348.8,316.4,347.0,465.5,100.0,1.0
696729,4360,165,6.238947,1.0,-0.269513,0.020121,6.4e-05,0.00311201,-0.047721,1.0,0.247445,0.091782,1.0,12202.6,279.4,349.4,338.7,100.0,1.0
696884,4361,155,5.55303,0.575554,-0.00942,0.0,1e-06,0.00268761,-0.001993,1.0,0.385364,0.198236,1.0,12075.5,251.9,335.2,396.6,100.0,1.0
697039,4362,155,4.092279,1.0,-0.331969,0.018477,0.0,0.00309324,-0.173932,0.757686,0.088366,-0.073967,1.0,10506.8,283.7,328.5,297.7,100.0,1.0
697200,4363,161,4.797034,0.2,-0.262388,0.0,0.111229,0.00261042,-0.062127,1.0,0.147899,0.076945,1.0,11545.6,268.0,293.8,592.3,100.0,1.0
697360,4364,160,3.610355,0.767015,-0.142952,0.003825,0.0,0.00268067,-0.159354,0.808762,0.081273,-0.065574,1.0,10701.4,286.3,237.5,582.5,100.0,1.0
697518,4365,158,2.501254,1.0,-0.024661,0.023299,0.0,0.00235765,-0.185759,0.719035,0.137556,-0.097577,1.0,10359.5,287.0,224.8,756.8,100.0,1.0
697681,4366,163,1.676066,0.2,-0.330941,0.0,0.045224,0.00241249,-0.268102,0.553783,-0.201633,-0.121283,1.0,9729.9,276.8,196.0,1110.4,100.0,1.0
697834,4367,153,2.978351,0.824537,-0.304792,0.025064,0.000678,0.0025351,-0.165506,0.733491,0.205818,-0.06487,1.0,10414.6,278.4,237.8,778.1,100.0,1.0
697999,4368,165,4.619682,0.798441,-0.134536,0.0,0.000523,0.0027464,-0.10826,0.962292,0.108612,-0.032314,1.0,11286.3,291.6,278.3,511.2,100.0,1.0
698157,4369,158,3.442862,0.533818,-0.255534,0.016922,4.6e-05,0.00255842,-0.147183,0.721273,-0.046646,0.090544,1.0,10368.1,237.7,310.0,491.5,100.0,1.0
698315,4370,158,4.11399,-0.139763,-0.339888,0.013899,0.000306,0.00279149,-0.133901,0.761534,0.039354,0.072602,1.0,10521.4,245.2,325.5,552.1,100.0,1.0
698476,4371,161,4.483342,0.47452,-0.03626,0.0,0.000471,0.00252621,-0.071974,0.997328,0.340968,-0.018009,1.0,11419.8,290.7,296.3,742.5,100.0,1.0
698637,4372,161,5.141672,0.753926,-0.01656,0.017958,0.0,0.00287119,-0.078364,0.965104,0.297516,0.00203,1.0,11297.0,281.9,349.7,559.2,100.0,1.0
698794,4373,157,5.046228,0.90464,-0.20957,0.0,4.3e-05,0.00271197,-0.048989,1.0,0.250703,0.08647,1.0,11880.7,273.4,317.3,622.5,100.0,1.0
698960,4374,166,5.760252,1.0,-0.261055,0.015375,0.0,0.00295192,-0.059909,1.0,0.206493,0.064805,1.0,11950.2,280.6,344.8,385.0,100.0,1.0
699124,4375,164,4.719067,1.0,-0.210086,0.032533,0.000233,0.00288149,-0.120183,0.933675,0.038292,-0.024768,1.0,11177.3,286.5,371.5,458.0,100.0,1.0
699283,4376,159,2.640902,0.766397,-0.326284,0.004031,0.000147,0.00286529,-0.258382,0.624685,-0.181108,-0.154808,1.0,10000.1,295.8,325.1,746.9,100.0,1.0
699443,4377,160,5.043658,0.271632,-0.292741,0.008607,0.0,0.00285814,-0.080656,0.974789,0.125203,0.043754,1.0,11333.9,271.5,359.8,360.8,100.0,1.0
699599,4378,156,4.781235,0.243471,-0.098967,0.0,0.025855,0.00269161,-0.062838,0.8897,0.040854,0.202173,1.0,11009.8,229.0,366.6,786.6,100.0,1.0
699760,4379,161,3.817609,0.2,-0.10311,0.002372,0.088355,0.00278674,-0.16357,0.729732,0.026185,0.004593,1.0,10400.3,258.8,349.4,538.5,100.0,1.0
699922,4380,162,4.523961,0.2,-0.180461,0.0,0.024681,0.00258032,-0.080145,0.926012,0.223588,0.053312,1.0,11148.1,264.6,259.7,537.2,100.0,1.0
700080,4381,158,3.551489,1.0,-0.128746,0.009153,0.0,0.0028289,-0.181731,0.649102,-0.017364,0.025765,1.0,10093.1,246.0,350.5,368.5,100.0,1.0
700244,4382,164,2.969587,0.275613,-0.342344,0.0,0.000315,0.00290763,-0.255075,0.582496,-0.052257,-0.151577,1.0,9839.3,289.9,312.6,558.3,100.0,1.0
700402,4383,158,4.556816,0.556891,-0.22243,0.00823,0.0,0.00293316,-0.123096,0.848964,0.105189,0.013813,1.0,10854.6,267.7,353.3,444.9,100.0,1.0
700559,4384,157,4.20422,1.0,-0.342869,0.00417,0.0,0.00303291,-0.162148,0.744442,0.021888,-0.00149,1.0,10456.3,261.8,346.3,361.1,100.0,1.0
700721,4385,162,2.958599,0.2,-0.165492,0.0,0.067242,0.00302324,-0.268789,0.517144,-0.076595,-0.134717,1.0,9590.3,277.1,420.8,562.4,100.0,1.0
700880,4386,159,4.198415,1.0,-0.285725,0.034719,4e-06,0.00279384,-0.130598,0.835118,0.066529,0.013233,1.0,10801.8,266.5,282.2,444.4,100.0,1.0
701043,4387,163,2.590295,0.643039,-0.35145,0.0,0.0,0.00301501,-0.297964,0.533671,-0.149666,-0.221385,1.0,9653.3,310.0,335.7,589.3,100.0,1.0
701204,4388,161,0.449774,0.2,-0.38363,0.0,0.280477,0.00247945,-0.365596,0.306274,-0.224187,-0.232487,1.0,8786.9,286.2,246.3,778.6,100.0,1.0
701364,4389,160,4.498895,0.796474,-0.302864,0.011808,2.6e-05,0.00284451,-0.119029,0.932461,0.1439,-0.055113,1.0,11172.7,295.6,304.4,659.5,100.0,1.0
701525,4390,161,4.691792,0.889068,-0.246888,0.017743,0.0,0.00271902,-0.08725,0.86757,0.153752,0.101608,1.0,10925.4,247.9,303.7,452.9,100.0,1.0
701684,4391,159,5.341256,1.0,-0.302398,0.037603,0.0,0.00287114,-0.057473,1.0,0.267366,0.052636,1.0,11782.6,279.8,326.2,434.9,100.0,1.0
701842,4392,158,3.567337,1.0,-0.222452,0.0,0.0,0.00237641,-0.10895,0.835487,0.035101,0.095559,1.0,10803.2,246.5,240.0,842.4,100.0,1.0
701996,4393,154,4.361926,0.42199,-0.310707,0.0,0.060641,0.00294823,-0.128153,0.832001,0.154392,-0.005309,1.0,10789.9,271.2,363.4,628.2,100.0,1.0
702154,4394,158,2.203738,1.0,-0.358979,0.02577,0.000247,0.00267533,-0.258062,0.550577,-0.220219,-0.078949,1.0,9717.7,263.8,258.5,853.8,100.0,1.0
702307,4395,153,4.208102,1.0,-0.376304,0.017591,4e-06,0.0030095,-0.146059,0.794439,0.012766,0.013515,1.0,10646.8,262.6,335.0,338.9,100.0,1.0
702467,4396,160,5.050742,0.437997,-0.275106,0.0,0.0,0.00281393,-0.072866,1.0,0.226001,0.015114,1.0,11698.7,288.1,278.3,462.8,100.0,1.0
702624,4397,157,3.614242,0.369905,-0.184544,0.0,6e-06,0.00288262,-0.182533,0.788556,0.022088,-0.106269,1.0,10624.4,297.2,347.8,703.0,100.0,1.0
702783,4398,159,5.590854,0.590928,-0.107708,0.0,4.8e-05,0.0028231,-0.031128,1.0,0.22149,0.155742,1.0,11844.3,256.2,340.9,362.4,100.0,1.0
702950,4399,167,4.946313,0.573931,-0.272078,0.0,0.000382,0.00270809,-0.08266,1.0,0.1309,0.014167,1.0,11641.9,287.0,243.9,508.7,100.0,1.0
703108,4400,158,5.875383,0.584722,-0.262893,0.0,2.2e-05,0.00281948,-0.006457,1.0,0.249059,0.22879,1.0,12125.1,246.7,328.9,510.1,100.0,1.0
703269,4401,161,5.185296,1.0,0.00156,0.014419,0.0,0.00255596,-0.024045,1.0,0.272974,0.16219,1.0,11964.6,257.4,296.0,601.3,100.0,1.0
703430,4402,161,3.822935,0.228348,-0.142761,0.0,0.043388,0.00265489,-0.141777,0.748431,0.176101,0.011683,1.0,10471.5,258.8,318.5,499.7,100.0,1.0
703587,4403,157,5.800336,0.921593,-0.079279,0.007536,0.0,0.00295058,-0.029812,1.0,0.248685,0.151066,1.0,11523.1,250.3,366.8,351.4,100.0,1.0
703748,4404,161,6.164943,0.980077,-0.033135,0.0,0.000113,0.00300891,-0.023735,1.0,0.384606,0.126015,1.0,12057.2,267.7,335.6,403.0,100.0,1.0
703915,4405,167,4.966485,0.363124,-0.106859,0.0,1.7e-05,0.00250214,-0.046696,1.0,0.307519,0.075173,1.0,11938.7,277.6,292.1,708.2,100.0,1.0
704073,4406,158,3.585439,0.40507,-0.167227,0.0,2.3e-05,0.00259563,-0.142159,0.838395,0.093783,-0.03712,1.0,10814.3,280.8,293.1,589.8,100.0,1.0
704231,4407,158,3.277495,0.308233,-0.030071,0.0,0.000774,0.00245414,-0.142816,0.840124,0.193207,-0.073893,1.0,10820.9,292.1,219.9,827.1,100.0,1.0
704390,4408,159,6.025672,0.982438,-0.013487,0.0,0.0,0.00266478,0.026609,1.0,0.483361,0.260908,1.0,12522.3,248.3,341.7,629.8,100.0,1.0
704556,4409,166,2.215698,0.2,-0.265842,0.0,0.000262,0.00231667,-0.218983,0.664222,-0.057735,-0.09755,1.0,10150.7,281.2,239.9,995.8,100.0,1.0
704714,4410,158,5.721375,0.865151,-0.016069,0.029128,7.3e-05,0.00274571,-0.006259,1.0,0.387887,0.183175,1.0,12506.2,264.3,323.9,426.4,100.0,1.0
704870,4411,156,2.640995,1.0,-0.112512,0.001942,0.000248,0.0025157,-0.19508,0.754109,0.049519,-0.128529,1.0,10493.2,301.0,280.1,582.6,100.0,1.0
705032,4412,162,3.786923,0.2,0.886933,0.015442,0.010273,0.0030497,-0.211053,0.738806,-0.083114,-0.12481,1.0,10434.9,298.1,254.6,901.7,100.0,1.0
705198,4413,166,2.511307,0.389725,0.030822,0.004553,0.119609,0.0024726,-0.222777,0.689689,0.108546,-0.186847,1.0,10247.7,315.1,276.3,822.5,100.0,1.0
705359,4414,161,5.521406,1.0,-0.05212,0.0,0.000179,0.00287546,-0.050318,1.0,0.406476,0.030114,1.0,12493.8,303.2,296.3,355.7,100.0,1.0
705513,4415,154,4.141424,0.518226,-0.2027,0.0,0.0,0.00259,-0.089347,0.894838,0.273435,0.031999,1.0,11029.3,267.2,233.5,946.6,100.0,1.0
705670,4416,157,5.669627,0.2,-0.231446,0.0,0.121388,0.00316424,-0.073067,0.889528,0.077803,0.155903,1.0,11009.1,238.1,448.8,493.9,100.0,1.0
705828,4417,158,2.652467,1.0,-0.292163,0.004242,0.0,0.00273969,-0.234627,0.630206,0.009485,-0.143757,1.0,10021.1,292.6,262.1,528.1,100.0,1.0
705987,4418,159,2.840421,0.609813,0.056044,0.0,0.0,0.00230707,-0.154523,0.805896,0.24151,-0.100495,1.0,10690.5,297.1,202.0,893.3,100.0,1.0
706146,4419,159,5.113745,0.372039,0.002443,0.0,0.000191,0.0025972,-0.030757,1.0,0.467492,0.074979,1.0,12487.5,290.4,266.6,842.3,100.0,1.0
706304,4420,158,3.015458,1.0,-0.373695,0.021609,0.000193,0.00268077,-0.198189,0.644174,0.019052,-0.037127,1.0,10074.3,261.6,263.3,732.9,100.0,1.0
706454,4421,150,5.334043,0.225765,-0.294977,0.001141,0.039079,0.00286356,-0.030863,1.0,0.269679,0.140564,1.0,11743.6,257.4,280.2,456.7,100.0,1.0
706615,4422,161,2.243467,0.237066,-0.369568,0.0,0.0,0.00264347,-0.257919,0.552823,-0.141613,-0.106545,1.0,9726.3,272.2,204.1,733.7,100.0,1.0
706777,4423,162,4.317178,0.757602,-0.18936,0.016222,0.0,0.00269076,-0.113236,0.835525,0.031832,0.082331,1.0,10803.3,249.5,331.1,459.7,100.0,1.0
706932,4424,155,3.005071,1.0,-0.300839,0.0,0.0,0.00261189,-0.180238,0.672147,-0.003933,0.007061,1.0,10180.9,252.7,263.9,483.0,100.0,1.0
707093,4425,161,4.183831,1.0,-0.227795,0.01932,0.0,0.00270852,-0.123368,0.889202,0.148063,-0.034916,1.0,11007.9,285.2,265.7,609.9,100.0,1.0
707258,4426,165,4.62219,0.876221,-0.074148,0.013372,0.0,0.00236027,-0.04397,1.0,0.253723,0.102191,1.0,11921.5,270.4,313.6,756.0,100.0,1.0
707417,4427,159,4.679035,0.270999,-0.01722,0.0,1.4e-05,0.00254891,-0.055559,1.0,0.250948,0.064487,1.0,12042.7,282.8,266.2,568.1,100.0,1.0
707577,4428,160,6.069218,0.2,0.02867,0.0,0.156171,0.00276562,0.011123,1.0,0.527103,0.194707,1.0,12489.3,261.3,334.6,599.2,100.0,1.0
707739,4429,162,4.618445,0.166881,-0.34306,0.017746,0.0,0.00286902,-0.119587,0.894438,0.068851,-0.000273,1.0,11027.8,275.8,318.4,287.3,100.0,1.0
707899,4430,160,6.138249,0.2491,-0.027219,0.042117,0.0,0.00283334,0.005468,1.0,0.336649,0.239344,1.0,11594.6,233.9,413.5,307.8,100.0,1.0
708061,4431,162,6.2745,0.881331,-0.06095,0.033581,0.000258,0.002883,0.001951,1.0,0.34428,0.225077,1.0,12876.1,262.8,347.3,600.8,100.0,1.0
708222,4432,161,4.952325,0.867072,-0.200542,0.0,0.0,0.00285099,-0.08883,0.955578,0.264464,-0.013904,1.0,11260.8,285.5,262.3,495.6,100.0,1.0
708379,4433,157,2.640376,1.0,-0.29384,0.00222,0.000152,0.0027878,-0.240321,0.618595,0.072144,-0.173946,1.0,9976.8,301.9,287.5,717.4,100.0,1.0
708537,4434,158,4.876128,0.955128,-0.28943,0.0,0.0,0.00331535,-0.159333,0.847326,0.064229,-0.091959,1.0,10848.3,298.7,435.9,292.5,100.0,1.0
708697,4435,160,4.710036,0.939097,-0.195847,0.003884,0.0,0.00299636,-0.127314,0.905242,0.121206,-0.052483,1.0,11069.0,292.1,345.7,391.4,100.0,1.0
708857,4436,160,4.937425,0.2,-0.036407,0.0,0.078416,0.00272094,-0.066223,1.0,0.437648,-0.033292,1.0,11781.7,304.7,249.1,512.3,100.0,1.0
709014,4437,157,5.659072,0.802923,-0.261176,0.0,0.0,0.00306527,-0.058162,1.0,0.207559,0.070272,1.0,11974.1,279.7,375.8,413.1,100.0,1.0
709179,4438,165,3.331445,0.377185,0.043976,0.0,0.000198,0.00245537,-0.156054,0.771455,0.271254,-0.086812,1.0,10559.2,289.1,235.1,650.5,100.0,1.0
709340,4439,161,6.674349,1.0,-0.049196,0.014622,7e-05,0.00303873,0.009775,1.0,0.319898,0.259284,1.0,11816.8,234.6,405.9,390.9,100.0,1.0
709501,4440,161,4.936012,1.0,-0.040636,0.002485,4.7e-05,0.00263439,-0.055071,1.0,0.222621,0.075557,1.0,11758.7,273.3,271.4,775.9,100.0,1.0
709667,4441,166,5.325754,0.543198,-0.073938,0.008854,0.000128,0.00276629,-0.060997,1.0,0.21554,0.058163,1.0,12023.4,284.1,330.4,550.2,100.0,1.0
709825,4442,158,4.635578,0.2,-0.313369,0.017088,0.000199,0.00289373,-0.110594,0.946822,0.111442,-0.028146,1.0,11227.4,288.8,360.3,676.1,100.0,1.0
709984,4443,159,3.67427,0.2,-0.288676,0.0,0.01843,0.00260161,-0.138911,0.77502,0.181973,-0.002878,1.0,10572.8,265.1,299.2,555.1,100.0,1.0
710148,4444,164,5.76714,0.2,-0.208015,0.0,0.349722,0.00297136,-0.056062,1.0,0.332687,0.035563,1.0,11958.3,288.7,338.3,490.9,100.0,1.0
710304,4445,156,6.23535,0.645523,0.058701,0.0,6e-06,0.00271688,0.042445,1.0,0.517585,0.302288,1.0,12483.6,239.6,320.4,672.3,100.0,1.0
710463,4446,159,4.870626,0.2,-0.279916,0.000348,0.000636,0.00282584,-0.08508,1.0,0.321862,-0.057555,1.0,11490.9,304.8,274.7,482.2,100.0,1.0
710629,4447,166,3.772158,1.0,-0.269343,0.029478,0.0,0.00301034,-0.217639,0.703757,0.024709,-0.153497,1.0,10301.3,304.2,376.8,298.6,100.0,1.0
710779,4448,150,4.598557,0.2,-0.181931,0.0,0.024417,0.00261165,-0.047839,1.0,0.247344,0.091423,1.0,11771.1,269.6,234.3,558.2,100.0,1.0
710937,4449,158,4.318483,1.0,-0.245964,0.0,0.0,0.00287118,-0.13069,0.947603,0.184953,-0.120286,1.0,11230.4,319.1,241.6,476.3,100.0,1.0
711096,4450,159,4.218197,0.615508,-0.181747,0.0,5.8e-05,0.00286045,-0.139355,0.787195,-0.007999,0.04882,1.0,10619.2,253.1,340.4,386.4,100.0,1.0
711251,4451,155,3.384224,0.86778,-0.323195,0.004783,0.000491,0.00297499,-0.208029,0.665121,-0.012479,-0.076872,1.0,10154.1,275.0,335.0,467.9,100.0,1.0
711411,4452,160,5.604286,0.374499,-0.059086,0.005277,0.0,0.00263149,-0.001888,1.0,0.389416,0.197234,1.0,13308.2,277.9,284.8,554.6,100.0,1.0
711573,4453,162,4.711558,1.0,-0.040259,0.0,3.2e-05,0.00243892,-0.042723,1.0,0.271888,0.100293,1.0,11750.9,267.0,286.4,721.0,100.0,1.0
711731,4454,158,4.539096,0.2,0.042738,0.0,0.051981,0.00238781,-0.037796,1.0,0.425815,0.065408,1.0,11695.9,274.4,219.1,983.5,100.0,1.0
711894,4455,163,2.226802,0.699114,-0.286689,0.0,0.0,0.00265894,-0.266869,0.579784,-0.093906,-0.174747,1.0,9829.0,297.8,234.2,603.0,100.0,1.0
712056,4456,162,5.101899,0.406915,-0.234998,0.000834,0.000149,0.00266398,-0.050004,1.0,0.299336,0.066876,1.0,11515.2,269.8,275.6,720.7,100.0,1.0
712214,4457,158,5.00473,0.489912,0.060532,0.0,0.0,0.00290874,-0.085289,0.885794,0.147761,0.094953,1.0,10994.9,251.0,382.5,465.1,100.0,1.0
712378,4458,164,2.790342,0.2,-0.280864,0.000952,0.061675,0.00263361,-0.223222,0.626347,-0.086555,-0.070511,1.0,10006.4,269.1,293.9,624.9,100.0,1.0
712543,4459,165,5.282216,1.0,-0.295778,0.013568,0.0,0.00280178,-0.067216,1.0,0.253252,0.024862,1.0,11843.3,288.9,261.8,522.4,100.0,1.0
712697,4460,154,3.253964,0.60244,-0.38003,0.0,4.7e-05,0.0032675,-0.259829,0.524494,0.024178,-0.144569,1.0,9618.3,281.1,435.6,432.3,100.0,1.0
712853,4461,156,2.168231,0.443204,-0.240018,0.0,0.0,0.00277443,-0.270632,0.488769,-0.136041,-0.0974,1.0,9482.2,262.6,233.5,616.8,100.0,1.0
713014,4462,161,6.592053,1.0,-0.273243,0.037219,0.0,0.00329454,-0.037329,1.0,0.192903,0.144603,1.0,11522.7,251.7,441.5,191.5,100.0,1.0
713177,4463,163,5.131336,0.291125,-0.174756,0.0,0.00404,0.00263486,-0.045618,1.0,0.297718,0.082035,1.0,12224.3,282.4,286.4,569.1,100.0,1.0
713339,4464,162,4.04854,0.992409,-0.036696,0.0,0.000214,0.00276193,-0.144572,0.819428,0.079971,-0.024755,1.0,10742.0,275.4,342.0,546.0,100.0,1.0
713490,4465,151,5.098144,0.888379,-0.26959,0.020571,0.0,0.00291117,-0.05819,1.0,0.209852,0.069415,1.0,11677.3,273.0,313.7,817.8,100.0,1.0
713653,4466,163,4.77566,-0.167802,-0.314969,0.0,4.1e-05,0.00279089,-0.097639,0.920641,0.094072,0.042646,1.0,11127.6,266.8,311.6,635.8,100.0,1.0
713814,4467,161,4.280991,0.2,-0.124088,0.0,0.0,0.00250776,-0.083469,0.968926,0.268549,-0.00852,1.0,11311.6,285.2,269.8,855.5,100.0,1.0
713975,4468,161,2.627225,0.296785,-0.434909,0.0,0.021336,0.00283958,-0.260628,0.506311,-0.131005,-0.080351,1.0,9549.0,259.6,362.9,502.9,100.0,1.0
714136,4469,161,5.392116,0.547758,0.036274,0.0,0.000417,0.00270349,-0.031847,1.0,0.381327,0.100067,1.0,12327.5,280.2,294.8,467.5,100.0,1.0
714295,4470,159,2.159589,1.0,-0.317633,0.0,7.1e-05,0.00284639,-0.29101,0.475341,-0.208241,-0.130069,1.0,9431.0,271.0,329.5,566.2,100.0,1.0
714455,4471,160,3.907037,0.616762,-0.266709,0.007674,0.0,0.00284299,-0.162563,0.743015,0.097497,-0.026889,1.0,10450.9,268.5,348.6,427.6,100.0,1.0
714615,4472,160,4.365804,0.2,-0.317918,0.030091,0.0,0.00296078,-0.147082,0.875174,0.040803,-0.066518,1.0,10954.4,293.4,278.7,400.1,100.0,1.0
714770,4473,155,3.956836,0.242466,-0.202518,0.001783,0.0,0.00272386,-0.126145,0.854236,0.211434,-0.036156,1.0,10874.6,282.1,316.4,572.8,100.0,1.0
714927,4474,157,4.961054,0.600273,-0.225021,0.01832,0.000371,0.00283694,-0.074203,1.0,0.204283,0.017894,1.0,11575.8,284.3,305.7,542.5,100.0,1.0
715084,4475,157,5.295994,-0.33486,-0.019975,0.0,0.000101,0.0025631,-0.006141,1.0,0.404355,0.178079,1.0,12057.9,255.9,272.3,674.0,100.0,1.0
715248,4476,164,5.618119,0.513194,-0.247537,0.0,0.0,0.00307723,-0.084302,1.0,0.207708,-0.016911,1.0,12112.5,308.0,280.1,499.7,100.0,1.0
715403,4477,155,5.027445,1.0,-0.266383,0.022667,0.0,0.0031438,-0.111102,0.863791,0.068664,0.053614,1.0,10911.0,258.9,367.5,266.2,99.001,1.0
715568,4478,165,2.964992,1.0,-0.345037,0.0,2.3e-05,0.00282945,-0.244989,0.657176,-0.027896,-0.188312,1.0,10123.8,311.8,320.5,556.3,100.0,1.0
715735,4479,167,4.620831,0.956552,-0.167535,0.011253,3.6e-05,0.00249482,-0.070841,1.0,0.101427,0.063387,1.0,11528.3,271.0,276.5,708.3,100.0,1.0
715887,4480,152,6.760697,0.463983,0.066379,0.0,0.000132,0.00295203,0.057221,1.0,0.57792,0.331431,1.0,13675.6,256.8,333.2,607.4,100.0,1.0
716052,4481,165,4.452494,1.0,-0.253637,0.003391,0.0,0.00292697,-0.149745,0.897751,0.149579,-0.130469,1.0,11040.4,317.4,358.9,338.7,100.0,1.0
716212,4482,160,2.950095,0.2,-0.263465,0.0,0.218875,0.00286615,-0.237814,0.675331,-0.070254,-0.165403,1.0,10193.0,305.3,323.8,582.9,100.0,1.0
716370,4483,158,3.574797,0.2,-0.036497,0.0,0.073546,0.00237997,-0.108498,0.911078,0.168934,-0.010535,1.0,11091.2,280.2,224.9,913.4,100.0,1.0
716525,4484,155,5.807751,0.667199,-0.137362,0.0,0.0,0.00265194,0.023592,1.0,0.538612,0.232437,1.0,12658.1,256.8,341.6,483.2,100.0,1.0
716682,4485,157,3.973417,0.633533,-0.33533,0.004236,0.0,0.00307076,-0.184754,0.728059,-0.04882,-0.039624,1.0,10393.9,270.6,370.5,437.9,100.0,1.0
716841,4486,159,5.126378,0.2,-0.287631,0.014762,0.171319,0.00295784,-0.086634,0.993553,0.291569,-0.047264,1.0,11405.4,299.3,334.6,519.6,100.0,1.0
716996,4487,155,2.98017,0.803716,-0.176368,0.0,8.2e-05,0.00257408,-0.175933,0.751867,0.12079,-0.086596,1.0,10484.6,287.0,200.3,662.3,100.0,1.0
717159,4488,163,5.287588,0.755241,-0.221406,0.005522,0.0,0.00297923,-0.089876,1.0,0.151742,-0.016835,1.0,12064.5,306.8,308.2,421.1,100.0,1.0
717324,4489,165,5.257626,0.2,-0.138488,0.0,0.054783,0.00258794,-0.0335,1.0,0.265667,0.13311,1.0,11958.6,263.8,275.3,547.9,100.0,1.0
717488,4490,164,3.33487,1.0,-0.285981,0.0,0.0,0.00283722,-0.215708,0.652958,0.04939,-0.112954,1.0,10107.8,284.9,307.4,440.5,100.0,1.0
717648,4491,160,4.920873,0.2,-0.306883,0.0,0.068671,0.00273695,-0.0696,1.0,0.191812,0.037396,1.0,11609.3,279.8,329.2,754.1,100.0,1.0
717813,4492,165,2.616252,0.2,0.830439,0.0,0.350286,0.00312492,-0.319804,0.441742,-0.171311,-0.210362,1.0,9303.0,294.5,295.6,511.4,100.0,1.0
717975,4493,162,6.461717,0.975225,-0.203891,0.015478,0.0,0.00332258,-0.054584,1.0,0.224497,0.076555,1.0,12309.8,285.9,447.6,233.8,100.0,1.0
718141,4494,166,1.451351,0.53204,-0.462349,0.0,0.0,0.00284025,-0.362847,0.411683,-0.272947,-0.294911,1.0,9188.5,325.8,241.6,607.0,100.0,1.0
718301,4495,160,3.342766,1.0,-0.235024,0.0,0.0,0.0027285,-0.186319,0.753815,0.063596,-0.103775,1.0,10492.0,292.7,306.1,481.5,100.0,1.0
718459,4496,158,5.752318,0.2,-0.343338,0.0,0.348665,0.00326275,-0.08489,1.0,0.178893,-0.009265,1.0,11607.3,292.9,390.8,488.2,100.0,1.0
718615,4497,156,5.761307,0.301502,-0.404557,0.019306,0.0,0.00317138,-0.063413,1.0,0.236058,0.043271,1.0,11733.0,281.2,402.7,635.7,100.0,1.0
718780,4498,165,4.424445,0.29594,-0.286707,0.0,0.000185,0.00259245,-0.096502,1.0,0.134384,-0.033135,1.0,11651.6,301.3,248.8,655.2,100.0,1.0
718943,4499,163,3.422687,0.642567,-0.08367,0.0,8.2e-05,0.0025601,-0.161044,0.8052,0.049364,-0.0576,1.0,10687.8,283.5,239.7,842.0,100.0,1.0
719099,4500,156,6.033041,0.854617,-0.024552,0.004882,0.00027,0.00300432,-0.016991,1.0,0.377157,0.150979,1.0,12626.6,274.3,357.6,375.4,100.0,1.0
719258,4501,159,4.609086,0.863101,-0.241664,0.0,0.0,0.00277464,-0.096077,0.841936,0.182871,0.083838,1.0,10827.8,249.8,319.6,592.4,100.0,1.0
719421,4502,163,3.778405,0.2,-0.274392,0.0,8.8e-05,0.00304134,-0.212851,0.673843,0.016214,-0.109777,1.0,10187.3,286.1,345.1,408.5,100.0,1.0
719575,4503,154,5.511995,0.2,-0.275073,0.0,0.070857,0.00293093,-0.038643,1.0,0.404021,0.069849,1.0,11855.5,277.0,335.3,370.4,100.0,1.0
719738,4504,163,3.906855,0.711444,-0.184651,0.004813,5.8e-05,0.00247965,-0.111645,0.946955,0.116879,-0.033573,1.0,11227.9,290.4,233.5,1007.0,100.0,1.0
719892,4505,154,6.175826,0.161971,0.033762,0.003022,0.000329,0.002801,0.031077,1.0,0.384714,0.308687,1.0,12676.0,242.2,368.4,284.0,100.0,1.0
720054,4506,162,3.695184,0.544019,-0.082336,0.0,3.4e-05,0.00243783,-0.118238,0.867436,0.060974,0.02935,1.0,10924.9,265.3,238.8,935.0,100.0,1.0
720214,4507,160,5.312601,0.2,-0.07019,0.0,0.000473,0.00270231,-0.034572,1.0,0.136359,0.172642,1.0,12059.9,257.1,349.1,561.7,100.0,1.0
720379,4508,165,4.791597,1.0,-0.249942,0.001661,6.3e-05,0.00286486,-0.113911,0.93375,0.076747,-0.016744,1.0,11177.6,284.2,356.7,442.8,100.0,1.0
720540,4509,161,3.384452,0.482135,-0.390257,0.0,0.0,0.00281208,-0.199312,0.699553,-0.023382,-0.072875,1.0,10285.3,277.3,320.5,462.6,100.0,1.0
720705,4510,165,3.28048,1.0,-0.364792,0.021111,0.0,0.00280244,-0.216753,0.696909,-0.029171,-0.126877,1.0,10275.2,294.2,282.4,478.6,100.0,1.0
720864,4511,159,3.344922,0.629003,-0.273716,0.0,3.9e-05,0.00262058,-0.16619,0.764585,0.11073,-0.061364,1.0,10533.1,280.5,252.6,665.3,100.0,1.0
721023,4512,159,5.177515,0.2,-0.127301,0.000359,0.015041,0.00273596,-0.047305,1.0,0.368619,0.052776,1.0,12066.7,286.5,289.8,793.8,100.0,1.0
721186,4513,163,4.594035,0.652476,-0.269813,0.004079,0.000114,0.00285903,-0.122002,0.966975,0.141284,-0.092913,1.0,11304.2,311.6,308.2,512.2,100.0,1.0
721347,4514,161,4.516503,1.0,-0.363112,0.028041,0.0,0.00313259,-0.166124,0.829193,0.028885,-0.087702,1.0,10779.2,295.4,390.3,367.9,100.0,1.0
721513,4515,166,3.971046,0.460071,-0.08855,0.0,0.000102,0.00257739,-0.13045,0.87928,0.159493,-0.054065,1.0,10970.1,289.9,264.7,824.7,100.0,1.0
721673,4516,160,2.905974,1.0,-0.219945,0.0,0.0,0.00244822,-0.174077,0.813597,0.039955,-0.104905,1.0,10719.8,299.4,219.6,653.9,100.0,1.0
721832,4517,159,5.82963,1.0,-0.217528,0.006738,0.0,0.0032567,-0.081226,0.936679,0.24157,0.034826,1.0,11188.7,270.3,394.8,260.8,100.0,1.0
721994,4518,162,5.564937,1.0,-0.256242,0.021591,0.0,0.00302144,-0.072673,1.0,0.258838,0.004812,1.0,12246.3,304.7,317.6,413.7,100.0,1.0
722155,4519,161,3.651419,0.745436,-0.218219,0.0,0.0,0.0025873,-0.143065,0.809598,0.178151,-0.044264,1.0,10704.6,280.0,301.1,532.1,100.0,1.0
722319,4520,164,4.639451,0.382909,-0.297482,0.0,8.1e-05,0.00295822,-0.137658,0.85147,-0.047064,0.013937,1.0,10864.1,267.9,389.3,500.3,100.0,1.0
722474,4521,155,6.309343,1.0,-0.068447,0.0,0.0,0.00315369,-0.016218,0.941881,0.255761,0.24245,1.0,11208.6,225.5,442.4,182.3,100.0,1.0
722631,4522,157,5.121732,0.375451,-0.276792,0.0,0.000224,0.00294723,-0.079051,1.0,0.224756,-0.005088,1.0,11439.0,287.4,309.3,446.0,100.0,1.0
722787,4523,156,6.756951,1.0,-0.066887,0.0,7.2e-05,0.0031239,0.018857,1.0,0.427027,0.253847,1.0,12184.1,242.9,333.5,518.2,100.0,1.0
722954,4524,167,5.041684,0.2,-0.095447,0.0,0.000704,0.00282992,-0.094892,0.94129,0.142277,0.018527,1.0,11206.3,275.1,391.7,462.7,100.0,1.0
723112,4525,158,4.335222,0.750087,-0.128677,0.020741,1.5e-05,0.00268817,-0.099929,0.855996,0.174667,0.062016,1.0,10881.3,256.1,278.0,777.2,100.0,1.0
723276,4526,164,3.752296,0.2,-0.29198,0.002662,0.217598,0.00274726,-0.169425,0.80819,-0.001945,-0.070927,1.0,10699.2,287.9,348.4,540.6,100.0,1.0
723426,4527,150,4.65847,1.0,-0.338335,0.039459,0.0,0.00296482,-0.095689,0.897545,0.186464,0.037595,1.0,11039.6,266.0,371.0,391.3,100.0,1.0
723587,4528,161,3.620674,1.0,-0.304532,0.023919,0.0,0.00272706,-0.167775,0.769002,0.053732,-0.051327,1.0,10549.9,278.0,317.4,735.8,100.0,1.0
723747,4529,160,4.959276,0.543862,-0.082374,0.0,0.0,0.00280116,-0.076598,1.0,0.219453,0.004855,1.0,11472.4,285.4,304.5,688.4,100.0,1.0
723907,4530,160,5.39645,0.574595,-0.132815,0.0,0.000235,0.00273751,-0.033641,1.0,0.387179,0.092137,1.0,12346.1,282.6,280.9,521.2,100.0,1.0
724059,4531,152,4.275376,1.0,-0.354558,0.02876,0.000211,0.00272083,-0.093205,0.93279,0.102551,0.044475,1.0,11173.9,267.5,314.3,465.3,100.0,1.0
724216,4532,157,5.677802,0.470436,0.069254,0.007339,0.0,0.00268976,0.003156,1.0,0.213343,0.272739,1.0,11483.5,225.6,337.9,476.3,100.0,1.0
724379,4533,163,3.283519,0.364588,-0.082963,0.0,0.000309,0.00235311,-0.137513,0.878117,0.20574,-0.092053,1.0,10965.6,301.9,202.1,831.3,100.0,1.0
724543,4534,164,4.118267,0.713995,-0.173773,0.025508,0.0,0.00251161,-0.103319,0.984106,0.024248,-0.005902,1.0,11369.4,285.9,293.6,741.8,100.0,1.0
724703,4535,160,4.2109,1.0,-0.101077,0.0,0.0,0.00283154,-0.137525,0.760766,0.029013,0.064606,1.0,10518.5,247.0,319.3,532.1,100.0,1.0
724861,4536,158,3.536143,0.2,-0.349708,0.0,0.337816,0.00267527,-0.15772,0.77647,-0.003529,-0.004949,1.0,10578.3,265.8,272.5,612.9,100.0,1.0
725025,4537,164,3.113578,0.765438,-0.259185,0.0,0.000128,0.00259085,-0.191588,0.826144,0.047697,-0.176313,1.0,10767.6,326.8,208.6,638.8,100.0,1.0
725181,4538,156,3.740269,0.511729,-0.101569,0.002625,0.00018,0.00229395,-0.077584,1.0,0.105654,0.039503,1.0,11501.8,276.6,203.6,813.2,100.0,1.0
725345,4539,164,5.328879,0.409944,-0.026728,0.002388,0.0,0.00249713,-0.010228,1.0,0.397796,0.166643,1.0,12213.7,261.7,257.7,540.3,100.0,1.0
725503,4540,158,4.581832,1.0,-0.063264,0.0,0.0,0.00264874,-0.075179,0.900799,0.058288,0.145975,1.0,11052.0,241.1,329.9,568.6,100.0,1.0
725667,4541,164,4.293636,0.487754,-0.340595,0.0,0.000298,0.00275784,-0.130562,0.872173,0.218438,-0.068162,1.0,10943.0,293.6,259.8,631.2,100.0,1.0
725831,4542,164,4.119596,0.445566,-0.251137,0.010005,0.000248,0.0024989,-0.101132,1.0,0.192508,-0.067943,1.0,11556.6,310.0,287.9,739.4,100.0,1.0
725990,4543,159,3.351097,0.2,-0.29516,0.0,0.353423,0.00269992,-0.178189,0.770573,0.143922,-0.117415,1.0,10555.9,299.0,253.0,576.8,100.0,1.0
726151,4544,161,5.418986,1.0,-0.307268,0.0,6.4e-05,0.00309966,-0.092994,0.936643,0.185275,0.014392,1.0,11188.6,275.7,331.5,590.0,100.0,1.0
726307,4545,156,2.979487,0.628894,0.972845,0.010809,0.0,0.00327916,-0.28829,0.524962,-0.132314,-0.187663,1.0,9620.1,296.1,343.6,409.0,100.0,1.0
726469,4546,162,4.943925,0.884281,0.00119,0.0,0.0,0.00269092,-0.065441,1.0,0.277133,0.02282,1.0,11703.0,286.0,311.1,615.1,100.0,1.0
726629,4547,160,5.068106,1.0,-0.121644,0.003074,0.0,0.00281068,-0.069909,0.897364,0.110435,0.149022,1.0,11039.0,240.2,349.1,456.3,100.0,1.0
726792,4548,163,4.225295,0.579688,-0.272094,0.0,0.0,0.00297179,-0.167761,0.778324,-0.035149,-0.029425,1.0,10585.4,272.7,372.4,492.6,100.0,1.0
726955,4549,163,5.411598,1.0,-0.36827,0.022978,0.0,0.00299038,-0.08186,1.0,0.234782,-0.017793,1.0,11531.1,293.5,298.5,451.2,100.0,1.0
727116,4550,161,2.680991,0.2,0.08303,0.0,0.025606,0.00228775,-0.167393,0.821693,0.274862,-0.167674,1.0,10750.7,322.9,204.7,817.9,100.0,1.0
727276,4551,160,2.732924,1.0,-0.335852,0.001448,3.9e-05,0.00276368,-0.237375,0.619965,-0.183589,-0.080023,1.0,9982.1,271.3,271.0,529.4,100.0,1.0
727435,4552,159,2.823344,1.0,-0.353774,0.0,0.0,0.00299938,-0.265313,0.616581,-0.234924,-0.153219,1.0,9969.2,294.3,322.2,425.9,100.0,1.0
727595,4553,160,4.607209,0.111715,0.013908,0.02395,0.000415,0.00247507,-0.050707,1.0,0.202588,0.096779,1.0,11585.3,264.1,264.2,843.0,100.0,1.0
727746,4554,151,4.351287,0.2,-0.179066,0.0,0.0,0.00308583,-0.139845,0.816064,0.109083,-0.015897,1.0,10729.2,272.6,345.3,474.1,100.0,1.0
727902,4555,156,4.940639,0.2,-0.30653,0.022141,0.297904,0.00277227,-0.062175,1.0,0.303666,0.02486,1.0,11699.8,285.4,276.8,788.0,100.0,1.0
728057,4556,155,0.88575,0.229075,-0.43995,0.0,0.000651,0.00266879,-0.347279,0.300321,-0.13699,-0.195535,1.0,8764.2,272.4,306.0,633.1,100.0,1.0
728217,4557,160,3.59903,0.542566,-0.433309,0.0,0.0,0.0031738,-0.238069,0.561922,-0.142028,-0.047822,1.0,9760.9,256.3,406.0,427.8,100.0,1.0
728376,4558,159,5.865173,0.2,-0.29701,0.0,0.02948,0.00301332,-0.039497,1.0,0.423843,0.060394,1.0,12126.3,285.9,346.9,525.6,100.0,1.0
728538,4559,162,4.972628,0.582384,0.000517,0.006739,0.000677,0.0026075,-0.049682,1.0,0.324025,0.059719,1.0,11474.8,270.7,301.4,535.1,100.0,1.0
728697,4560,159,5.094854,0.959179,0.00191,0.0,2.7e-05,0.00283001,-0.068079,0.950217,0.224296,0.073125,1.0,11240.3,261.9,346.9,422.3,100.0,1.0
728852,4561,155,4.256079,0.464292,0.788382,0.0,0.0,0.00368578,-0.252279,0.605391,-0.145842,-0.130142,1.0,9926.5,285.3,441.2,368.8,100.0,1.0
729007,4562,155,4.863357,0.671351,-0.178865,0.018532,0.0,0.00275427,-0.062316,1.0,0.198288,0.059516,1.0,11455.2,270.3,318.3,440.6,100.0,1.0
729162,4563,155,2.759676,0.932446,1.0,0.0,0.0,0.0032933,-0.303583,0.425663,-0.131646,-0.156113,1.0,9241.8,273.8,358.5,335.5,100.0,1.0
729328,4564,166,2.003012,1.0,-0.27231,0.037833,0.0,0.00285338,-0.323507,0.433058,-0.204043,-0.204556,1.0,9269.9,291.3,318.3,573.9,100.0,1.0
729484,4565,156,5.131504,0.2,-0.361763,0.015382,0.136764,0.00303332,-0.088473,0.92295,0.184561,0.04111,1.0,11136.4,267.4,335.0,496.3,100.0,1.0
729642,4566,158,4.174906,0.2,-0.292689,0.0,0.192904,0.00303931,-0.167194,0.837807,-0.064399,-0.067351,1.0,10812.0,289.8,340.2,561.8,100.0,1.0
729797,4567,155,5.321146,0.742441,-0.222179,0.0,0.0,0.00286478,-0.045062,1.0,0.298477,0.083634,1.0,12155.3,280.4,290.9,454.1,100.0,1.0
729956,4568,159,4.228375,0.217671,-0.352762,0.0,0.136986,0.00285379,-0.136706,0.863638,0.187076,-0.071076,1.0,10910.5,293.6,278.9,556.1,100.0,1.0
730114,4569,158,4.776322,1.0,-0.294648,0.061915,0.0,0.0027827,-0.081527,1.0,0.185275,-0.000183,1.0,11854.9,296.4,292.8,500.7,99.643,1.0
730280,4570,166,4.853711,0.2,-0.123866,0.0,0.224872,0.00245236,-0.043144,1.0,0.26098,0.102528,1.0,11746.2,266.3,312.4,693.4,100.0,1.0
730443,4571,163,4.51965,0.209142,0.048869,0.0,0.0,0.00255684,-0.077866,0.978615,0.361948,-0.029047,1.0,11348.5,292.2,247.1,746.7,100.0,1.0
730601,4572,158,4.176298,0.2,-0.132225,0.0,0.296038,0.00244773,-0.073588,1.0,0.228027,0.01203,1.0,11506.2,284.2,269.9,738.3,100.0,1.0
730764,4573,163,5.529829,0.2,-0.208132,0.0,0.189496,0.0031354,-0.096435,0.902862,0.101803,0.058897,1.0,11059.9,261.1,433.9,293.7,100.0,1.0
730930,4574,166,4.033881,0.2,-0.326847,0.007593,0.214773,0.00266552,-0.139993,0.899964,0.043119,-0.064319,1.0,11048.9,295.2,330.7,570.8,100.0,1.0
731086,4575,156,5.033338,0.889299,-0.051187,0.009031,1.6e-05,0.00265001,-0.035961,1.0,0.221992,0.139465,1.0,11803.5,259.0,314.7,514.9,100.0,1.0
731243,4576,157,3.436197,0.2,-0.173691,0.0,0.000637,0.00258936,-0.148858,0.846344,0.101417,-0.068617,1.0,10844.6,291.1,285.2,591.5,100.0,1.0
731397,4577,154,4.307671,0.342474,-0.069676,0.0,0.021786,0.00240661,-0.047592,0.964132,0.366885,0.082288,1.0,11293.3,260.9,263.5,1012.6,100.0,1.0
731552,4578,155,3.726105,0.2,-0.093697,0.0,0.167137,0.0027932,-0.153542,0.773327,0.210276,-0.059672,1.0,10566.4,280.9,299.9,481.6,100.0,1.0
731711,4579,159,5.477914,0.59663,-0.251363,0.004893,5.1e-05,0.00315583,-0.090995,0.945412,0.035435,0.063693,1.0,11222.0,263.8,373.9,335.0,100.0,1.0
731866,4580,155,3.360166,1.0,-0.094685,0.008659,6.2e-05,0.00274562,-0.173581,0.750889,-0.007684,-0.035117,1.0,10480.9,271.6,340.3,498.9,100.0,1.0
732023,4581,157,3.396918,0.2,-0.251579,0.0,0.036102,0.00272936,-0.173763,0.783769,0.063058,-0.086703,1.0,10606.2,290.3,301.1,576.6,100.0,1.0
732185,4582,162,4.476455,0.460998,-0.224869,0.0,0.0,0.00256417,-0.079685,0.998892,0.342054,-0.045378,1.0,11425.8,299.2,241.9,667.9,100.0,1.0
732344,4583,159,0.956272,1.0,-0.267719,0.007783,0.000208,0.00270389,-0.358211,0.365016,-0.238779,-0.251958,1.0,9010.7,301.1,319.7,571.0,100.0,1.0
732499,4584,155,4.225188,0.327518,-0.181555,0.0,4.7e-05,0.00275326,-0.109889,0.82464,0.155903,0.061202,1.0,10761.9,253.5,312.5,508.4,100.0,1.0
732656,4585,157,4.487675,0.818449,-0.218566,0.0,0.0,0.00280085,-0.103172,0.945857,0.23301,-0.043125,1.0,11223.7,293.2,309.2,344.2,100.0,1.0
732819,4586,163,5.877162,1.0,-0.121193,0.010227,0.000232,0.00298421,-0.045651,1.0,0.217984,0.108501,1.0,11664.9,263.1,398.0,378.1,100.0,1.0
732978,4587,159,4.641672,1.0,-0.087165,0.0,0.0,0.00283965,-0.103368,0.942181,0.166404,-0.018511,1.0,11209.7,285.5,301.2,530.8,100.0,1.0
733131,4588,153,6.377872,0.821137,-0.093713,0.0,0.0,0.00305627,0.010767,1.0,0.398606,0.236356,1.0,11915.1,240.9,373.1,304.6,100.0,1.0
733295,4589,164,4.864379,0.473223,-0.041728,0.012291,0.000153,0.00253073,-0.050169,1.0,0.397186,0.033709,1.0,12355.7,298.8,290.6,624.6,100.0,1.0
733460,4590,165,3.579591,0.66136,-0.175001,0.0,0.000476,0.00257243,-0.155953,0.842607,0.093093,-0.086382,1.0,10830.3,296.4,277.8,745.7,100.0,1.0
733620,4591,160,7.98903,0.609588,0.042465,0.001056,0.0,0.00322074,0.083946,1.0,0.505696,0.444588,1.0,13244.1,229.2,455.6,226.0,100.0,1.0
733780,4592,160,4.114881,0.933684,-0.332847,0.019421,0.00041,0.0028613,-0.14913,0.903546,0.170385,-0.140182,1.0,11062.5,321.7,294.6,768.7,100.0,1.0
733942,4593,162,5.417396,0.2,-0.134232,0.004004,0.040016,0.00276881,-0.042152,1.0,0.345911,0.077524,1.0,12477.2,289.5,340.0,564.5,100.0,1.0
734107,4594,165,4.176011,0.589653,-0.182261,0.0,0.0,0.00260912,-0.117227,0.955154,0.118929,-0.059694,1.0,11259.1,299.3,269.3,657.9,100.0,1.0
734270,4595,163,4.454708,1.0,-0.251294,0.014783,0.0,0.00267779,-0.102293,0.946904,0.257292,-0.04916,1.0,11227.7,295.2,276.1,919.7,100.0,1.0
734432,4596,162,5.639172,0.347671,-0.017519,0.0,0.071728,0.00261889,-0.001215,1.0,0.375079,0.204257,1.0,12492.1,259.3,317.9,648.2,100.0,1.0
734591,4597,159,5.091409,0.204328,-0.118111,0.0,0.00021,0.00288875,-0.077357,1.0,0.157197,0.023078,1.0,11875.8,290.2,315.4,497.7,100.0,1.0
734753,4598,162,3.466866,1.0,-0.336594,0.049005,0.0,0.00297708,-0.222205,0.677982,0.053133,-0.156713,1.0,10203.1,302.5,355.7,476.5,100.0,1.0
734918,4599,165,1.871865,0.866061,-0.32252,0.0,0.0,0.00260737,-0.289783,0.468637,-0.073195,-0.165408,1.0,9405.5,281.7,212.4,756.4,100.0,1.0
735074,4600,156,5.439791,1.0,-0.362828,0.008576,5e-06,0.00315475,-0.084026,1.0,0.039325,0.040138,1.0,11593.4,278.7,329.7,495.6,100.0,1.0
735233,4601,159,4.942091,1.0,-0.165559,0.015598,0.0,0.00310805,-0.12339,0.893765,0.184001,-0.05077,1.0,11025.2,290.4,375.1,346.4,100.0,1.0
735393,4602,160,5.432262,0.463307,-0.316664,0.004592,0.0002,0.00336525,-0.130857,0.82611,0.203443,-0.025764,1.0,10767.5,276.3,382.9,309.3,100.0,1.0
735553,4603,160,5.804235,0.2389,-0.279946,0.0,8.6e-05,0.00292816,-0.032971,1.0,0.233846,0.14548,1.0,11702.8,255.4,341.3,618.3,100.0,1.0
735714,4604,161,4.292134,1.0,-0.243124,0.013488,0.000102,0.00285184,-0.137066,0.895612,0.077173,-0.062287,1.0,11032.3,294.1,314.2,571.0,100.0,1.0
735877,4605,163,3.1977,0.243538,-0.237259,0.0,0.085946,0.00243273,-0.156575,0.846653,0.100401,-0.094262,1.0,10845.7,299.4,266.3,722.4,100.0,1.0
736042,4606,165,4.952804,0.2,-0.291985,0.0,0.292054,0.00314747,-0.147671,0.861999,0.103199,-0.078302,1.0,10904.2,295.8,276.9,455.0,100.0,1.0
736199,4607,157,5.362947,1.0,-0.104371,0.009727,0.0,0.00288648,-0.05072,1.0,0.429945,0.020953,1.0,11785.4,288.6,346.4,381.8,100.0,1.0
736366,4608,167,3.976421,1.0,-0.321038,0.01554,0.0,0.00285034,-0.177599,0.815011,0.071986,-0.1285,1.0,10725.2,307.7,323.9,534.5,100.0,1.0
736525,4609,159,5.040129,0.495226,-0.205336,0.0,6.1e-05,0.00271683,-0.053731,0.960133,0.198403,0.121319,1.0,11278.1,251.4,291.4,584.2,100.0,1.0
736687,4610,162,4.953576,0.2,0.010202,0.0,0.134238,0.00247563,-0.029298,1.0,0.347347,0.119892,1.0,11912.1,265.9,333.6,770.0,100.0,1.0
736843,4611,156,6.434494,1.0,-0.178651,0.028969,0.0,0.003055,0.006314,0.98912,0.25945,0.276965,1.0,11388.5,223.0,396.1,452.2,100.0,1.0
737000,4612,157,5.271075,1.0,-0.280001,0.014038,0.0,0.00309452,-0.090241,0.88268,0.264704,0.042063,1.0,10983.0,263.5,333.2,565.8,100.0,1.0
737151,4613,151,2.393354,1.0,-0.175816,0.022847,3.9e-05,0.00268112,-0.225218,0.614754,-0.031549,-0.085837,1.0,9962.2,272.4,313.9,511.4,100.0,1.0
737311,4614,160,4.563234,1.0,-0.348949,0.015504,0.0,0.00328638,-0.183342,0.653989,-0.027194,0.019601,1.0,10111.7,247.9,399.0,292.7,100.0,1.0
737473,4615,162,4.277903,1.0,-0.245331,0.043757,0.0,0.00283042,-0.137431,0.908907,0.014924,-0.053834,1.0,11082.9,292.8,335.0,342.2,100.0,1.0
737634,4616,161,3.058009,1.0,-0.119029,0.028888,9.1e-05,0.00241784,-0.159732,0.752546,0.052043,-0.010244,1.0,10487.2,264.9,243.1,633.6,100.0,1.0
737800,4617,166,5.042097,0.20475,-0.181179,0.005223,0.041061,0.0027801,-0.083041,1.0,0.142463,0.009042,1.0,11732.1,290.7,336.5,651.9,100.0,1.0
737958,4618,158,4.21077,0.2,-0.288798,0.0,0.232742,0.00273703,-0.11639,0.819766,0.156372,0.043437,1.0,10743.3,257.4,314.6,497.4,100.0,1.0
738121,4619,163,5.890395,0.481104,-0.135081,0.0,0.000221,0.00306898,-0.058104,1.0,0.277947,0.047006,1.0,12274.4,293.1,388.3,594.3,100.0,1.0
738279,4620,158,3.245257,0.455923,-0.088107,0.0,0.0,0.00258783,-0.16527,0.640085,-0.077221,0.108103,1.0,10058.7,226.9,406.9,497.2,100.0,1.0
738437,4621,158,4.164596,0.2,-0.134568,0.0,0.071136,0.00270268,-0.114409,0.931839,0.177384,-0.050358,1.0,11170.3,294.1,290.9,722.7,100.0,1.0
738594,4622,157,3.712403,0.2,-0.262477,0.037924,0.088295,0.0026256,-0.13354,0.830161,0.170974,-0.027259,1.0,10782.9,277.1,280.7,464.9,100.0,1.0
738751,4623,157,4.394642,1.0,-0.282686,0.035046,0.0,0.00300065,-0.141214,0.813504,0.103579,-0.016492,1.0,10719.5,272.5,328.9,370.8,100.0,1.0
738906,4624,155,3.950893,1.0,-0.261038,0.00625,0.0,0.00292015,-0.156035,0.735942,0.022688,0.025702,1.0,10423.9,254.1,342.7,362.2,100.0,1.0
739072,4625,166,3.110799,0.2,-0.250425,0.0,0.01214,0.0029068,-0.24901,0.656211,-0.099408,-0.177072,1.0,10120.2,307.4,301.6,467.5,100.0,1.0
739238,4626,166,5.582472,0.478799,-0.297157,0.0,6.1e-05,0.00311608,-0.098175,0.884607,0.183423,0.041104,1.0,10990.4,263.9,394.7,351.8,100.0,1.0
739401,4627,163,2.705108,1.0,-0.377358,0.033681,0.0,0.00320538,-0.319397,0.481875,-0.246276,-0.217461,1.0,9455.9,302.1,358.1,366.2,100.0,1.0
739556,4628,155,4.791483,1.0,-0.148866,0.000785,2.6e-05,0.00277598,-0.07052,0.930816,0.146,0.107253,1.0,11166.4,252.1,313.1,616.3,100.0,1.0
739713,4629,157,2.715588,1.0,-0.262513,0.0,0.0,0.00264503,-0.211376,0.659584,-0.037881,-0.074946,1.0,10133.0,273.8,272.5,483.6,100.0,1.0
739871,4630,158,5.456557,0.204521,-0.214903,0.0,8.7e-05,0.00274914,-0.02467,1.0,0.402876,0.116806,1.0,12154.3,272.1,329.6,512.7,100.0,1.0
740029,4631,158,4.36037,0.892913,-0.142402,0.008405,0.000247,0.00259717,-0.082963,0.89213,0.146456,0.097862,1.0,11019.0,250.9,324.4,502.1,100.0,1.0
740187,4632,158,3.289318,0.2,-0.285187,0.0,0.272658,0.00262712,-0.168115,0.698055,0.144674,-0.023655,1.0,10279.6,263.2,286.2,697.5,100.0,1.0
740347,4633,160,2.542473,0.638684,-0.278524,0.0,0.000287,0.00263931,-0.231397,0.663019,-0.090829,-0.126898,1.0,10146.1,290.5,278.1,637.1,100.0,1.0
740509,4634,162,5.791977,1.0,-0.243062,0.015411,0.000189,0.00299239,-0.049892,1.0,0.233924,0.089051,1.0,11980.9,275.0,337.2,460.1,100.0,1.0
740670,4635,161,5.395563,0.350674,-0.322074,0.0,0.000322,0.00273685,-0.035511,1.0,0.347451,0.099147,1.0,11988.1,272.7,280.8,733.0,100.0,1.0
740834,4636,164,4.797656,0.741419,-0.046545,0.0,5e-06,0.00260795,-0.067471,0.969833,0.136932,0.087923,1.0,11315.1,260.0,322.6,691.7,100.0,1.0
740993,4637,159,6.006982,0.2,0.043968,0.0,0.017137,0.00275131,0.013579,1.0,0.300051,0.278579,1.0,12484.8,244.1,417.5,487.5,100.0,1.0
741151,4638,158,5.277095,0.2,-0.090759,0.0,0.040503,0.00258514,-0.012212,1.0,0.356435,0.173814,1.0,11849.9,252.4,328.6,594.7,100.0,1.0
741317,4639,166,2.679756,1.0,-0.289681,0.013765,3.7e-05,0.00266649,-0.241427,0.66102,-0.065022,-0.167267,1.0,10138.5,304.4,276.6,582.8,100.0,1.0
741475,4640,158,3.175847,0.359079,-0.311154,0.0,0.000698,0.00280627,-0.204935,0.731253,-0.048226,-0.109752,1.0,10406.1,292.2,295.9,512.3,100.0,1.0
741628,4641,153,3.839234,0.2,-0.257886,0.0,0.083473,0.00278603,-0.137989,0.855803,0.094407,-0.037934,1.0,10880.6,282.7,315.2,653.7,100.0,1.0
741790,4642,162,4.993237,0.2,-0.000525,0.013909,0.033862,0.00258292,-0.043497,1.0,0.349368,0.071887,1.0,11617.4,271.0,318.0,890.7,100.0,1.0
741951,4643,161,3.380836,1.0,-0.30611,0.020733,0.0,0.00294901,-0.220929,0.682093,-0.026063,-0.129486,1.0,10218.8,293.5,242.0,483.6,100.0,1.0
742110,4644,159,4.949416,0.721887,-0.018622,0.024799,0.000257,0.00272032,-0.060877,1.0,0.274873,0.038784,1.0,11567.8,278.4,359.3,556.3,100.0,1.0
742266,4645,156,4.334288,0.523048,-0.165531,0.0,0.0,0.00258885,-0.078391,0.989145,0.326644,-0.027807,1.0,11388.6,292.9,210.5,738.6,100.0,1.0
742429,4646,163,4.902062,1.0,-0.118606,0.037798,1.6e-05,0.00263976,-0.062184,1.0,0.320508,0.019219,1.0,11880.9,291.4,309.0,628.8,100.0,1.0
742592,4647,163,3.247253,0.456088,-0.226149,0.008259,0.0,0.00292951,-0.233682,0.643561,-0.168729,-0.09233,1.0,10072.0,277.4,357.8,464.0,100.0,1.0
742749,4648,157,5.348599,0.2,0.066664,0.0,0.053729,0.00250654,0.008114,0.972279,0.284605,0.288614,1.0,11324.4,219.7,280.3,774.4,100.0,1.0
742907,4649,158,5.253938,0.2,-0.055102,0.0,0.000116,0.00260874,-0.017651,1.0,0.357174,0.155439,1.0,11983.2,259.3,331.2,785.8,100.0,1.0
743069,4650,162,4.3674,0.2,-0.175975,0.0,0.332568,0.00256224,-0.087127,0.9481,0.323477,-0.021665,1.0,11232.3,287.0,271.1,695.1,100.0,1.0
743235,4651,166,2.722434,0.944469,-0.24862,0.017777,0.0,0.00273466,-0.249531,0.630324,-0.148076,-0.141014,1.0,10021.5,291.7,312.1,465.2,100.0,1.0
743390,4652,155,4.580459,0.2,-0.272732,0.015326,0.290395,0.00283124,-0.094887,0.922729,0.268052,-0.007915,1.0,11135.6,280.6,302.7,512.8,100.0,1.0
743547,4653,157,4.341481,0.216467,-0.297199,0.0,0.000278,0.00279709,-0.113129,0.840338,0.033436,0.078143,1.0,10821.7,250.9,350.2,537.1,100.0,1.0
743706,4654,159,3.084339,1.0,-0.290751,0.036085,0.0,0.00300668,-0.246447,0.620765,-0.095229,-0.140386,1.0,9985.1,290.4,329.7,353.5,100.0,1.0
743864,4655,158,2.767161,1.0,-0.309295,0.010105,0.000241,0.00272001,-0.221954,0.604608,0.118193,-0.116416,1.0,9923.6,280.8,252.8,558.3,100.0,1.0
744028,4656,164,4.474738,1.0,-0.170061,0.038993,0.0,0.00302697,-0.160382,0.714982,0.097556,0.003723,1.0,10344.1,257.6,399.4,381.9,100.0,1.0
744189,4657,161,2.033744,0.650397,-0.264266,0.007312,0.000181,0.00252338,-0.253526,0.596115,-0.070673,-0.151623,1.0,9891.2,291.5,297.0,595.6,100.0,1.0
744349,4658,160,4.200597,0.254437,-0.328009,0.0,5.8e-05,0.00272446,-0.12044,0.905635,0.04374,-0.004076,1.0,11070.5,277.9,285.8,654.6,100.0,1.0
744507,4659,158,5.331453,0.648021,-0.304596,0.0,0.0,0.00293974,-0.064072,0.948015,0.130872,0.119456,1.0,11231.9,250.8,430.2,506.2,100.0,1.0
744666,4660,159,2.447228,0.248677,-0.341225,0.0,0.000172,0.00266826,-0.240455,0.584291,-0.105294,-0.08666,1.0,9846.1,269.5,311.3,724.3,100.0,1.0
744827,4661,161,2.841753,0.841544,-0.201342,0.003348,0.0,0.00245065,-0.18112,0.773514,0.04341,-0.096131,1.0,10567.1,292.3,261.1,802.3,100.0,1.0
744989,4662,162,4.534273,1.0,-0.222445,0.0,0.0,0.00278551,-0.110709,0.934636,0.210704,-0.051462,1.0,11181.0,294.7,295.2,504.9,100.0,1.0
745150,4663,161,5.053339,0.806607,-0.192837,0.019435,0.0,0.00294317,-0.094323,0.984948,0.187942,-0.03118,1.0,11372.7,293.5,324.5,593.5,100.0,1.0
745314,4664,164,6.322977,0.2,-0.171347,0.0,0.129846,0.00297519,-0.01303,0.996826,0.148819,0.242938,1.0,11417.9,229.7,436.6,285.7,100.0,1.0
745471,4665,157,5.580477,0.574257,-0.219928,0.0,0.0,0.00319879,-0.083056,0.879451,0.227995,0.08094,1.0,10970.7,253.7,398.0,312.0,100.0,1.0
745632,4666,161,6.178152,0.2,-0.002567,0.0,0.00015,0.00282396,0.009414,1.0,0.407764,0.228792,1.0,12096.4,246.1,339.1,611.5,100.0,1.0
745789,4667,157,2.625122,0.355543,-0.276441,0.0,0.057684,0.00255024,-0.203197,0.698228,0.204642,-0.160726,1.0,10280.2,306.2,254.3,730.0,100.0,1.0
745949,4668,160,4.855371,1.0,-0.026225,0.015319,0.000158,0.00260497,-0.052077,1.0,0.230449,0.082926,1.0,11587.3,267.5,303.9,567.7,100.0,1.0
746108,4669,159,5.08644,1.0,-0.023721,0.019265,0.0,0.00263194,-0.036404,0.855029,-0.025501,0.341297,1.0,10877.7,202.7,401.3,273.0,100.0,1.0
746267,4670,159,2.169792,1.0,-0.381144,0.008045,0.000354,0.00278354,-0.279601,0.604428,-0.046252,-0.253609,1.0,9922.9,332.4,182.2,714.9,100.0,1.0
746426,4671,159,1.727533,0.712134,-0.325529,0.0,0.000103,0.00287075,-0.326695,0.449464,-0.185848,-0.23492,1.0,9332.5,305.0,291.2,469.0,100.0,1.0
746581,4672,155,5.095693,0.616095,0.04117,0.021558,0.000304,0.00266892,-0.030906,1.0,0.450628,0.080103,1.0,11940.8,276.4,316.7,570.6,100.0,1.0
746752,4673,171,2.124054,0.33952,-0.293263,0.006118,0.0,0.00255134,-0.276731,0.52496,-0.131779,-0.149312,1.0,9620.1,282.7,274.7,554.7,100.0,1.0
746903,4674,151,3.751631,0.50543,-0.212922,0.0,0.000147,0.00275846,-0.134718,0.761327,0.069212,0.060096,1.0,10520.7,248.1,318.6,496.6,100.0,1.0
747063,4675,160,4.752752,0.2,-0.071316,0.0,0.35,0.00247693,-0.039301,1.0,0.360903,0.08203,1.0,12156.9,280.9,291.7,732.9,100.0,1.0
747220,4676,157,4.459817,0.2,-0.224676,0.0,0.158374,0.00281269,-0.106594,0.850585,0.070287,0.079102,1.0,10860.7,251.6,380.3,511.6,100.0,1.0
747376,4677,156,2.338066,0.912121,-0.132492,0.0,0.000172,0.00260344,-0.230511,0.647582,0.036107,-0.153392,1.0,10087.3,297.9,232.3,775.7,100.0,1.0
747534,4678,158,3.479383,0.804031,-0.241427,0.0,0.0,0.00250365,-0.134215,0.922861,0.150023,-0.099777,1.0,11136.1,309.3,240.8,726.2,100.0,1.0
747691,4679,157,6.112549,0.706904,-0.066688,0.0,0.0,0.0028876,0.00579,1.0,0.296308,0.253864,1.0,12636.9,252.0,391.4,383.3,100.0,1.0
747852,4680,161,5.515138,0.800168,0.055958,0.0,3e-06,0.00271326,-0.022555,1.0,0.430534,0.114637,1.0,12845.3,288.1,315.7,489.9,100.0,1.0
748016,4681,164,4.890778,0.2,-0.118979,0.0,0.234196,0.00253266,-0.047974,1.0,0.208512,0.103915,1.0,11468.4,259.7,296.6,564.8,100.0,1.0
748171,4682,155,4.554808,0.802189,-0.307431,0.000242,0.0,0.00290719,-0.108468,0.848757,0.161436,0.043998,1.0,10853.8,259.9,313.2,591.0,100.0,1.0
748329,4683,158,4.068487,1.0,-0.016856,0.0,8.5e-05,0.00244309,-0.080389,0.987601,0.338555,-0.037148,1.0,11382.8,295.5,270.9,840.1,100.0,1.0
748487,4684,158,3.197321,1.0,-0.349943,0.038321,0.0,0.0029589,-0.227341,0.527196,-0.002838,-0.02952,1.0,9628.6,248.0,376.3,322.9,100.0,1.0
748651,4685,164,1.968572,0.48369,-0.259258,0.026243,0.00037,0.00249716,-0.261658,0.640013,-0.168095,-0.182841,1.0,10058.5,307.7,225.0,659.5,100.0,1.0
748810,4686,159,4.699746,1.0,-0.344493,0.027632,0.0,0.00276443,-0.086505,0.888996,0.145218,0.089079,1.0,11007.1,252.7,338.3,564.1,100.0,1.0
748964,4687,154,5.450762,1.0,-0.163865,0.022555,0.000347,0.00292666,-0.041245,1.0,0.254195,0.111119,1.0,12192.2,274.3,357.8,390.4,100.0,1.0
749120,4688,156,5.289759,1.0,-0.337475,0.018202,0.0,0.00295208,-0.063148,0.968262,0.259591,0.062759,1.0,11309.1,266.0,376.2,552.9,100.0,1.0
749279,4689,159,3.850795,0.759291,-0.313782,0.005901,5.9e-05,0.00306643,-0.198283,0.721826,0.080388,-0.122593,1.0,10370.2,295.5,297.5,504.6,100.0,1.0
749434,4690,155,4.74133,1.0,-0.239619,0.024459,0.0,0.00299845,-0.108568,0.801152,0.084135,0.109101,1.0,10672.4,240.6,367.7,359.9,100.0,1.0
749595,4691,161,5.57553,1.0,-0.181522,0.01544,2.5e-05,0.00298563,-0.06181,1.0,0.267615,0.038095,1.0,11887.4,286.3,328.5,466.4,100.0,1.0
749756,4692,161,5.667397,0.369139,0.031909,0.0,0.000106,0.00267024,-0.004108,1.0,0.337982,0.206979,1.0,12355.9,255.9,329.3,632.5,100.0,1.0
749917,4693,161,4.835597,1.0,-0.242684,0.015889,0.0,0.00279635,-0.086902,0.949813,0.144342,0.037369,1.0,11238.8,270.8,325.4,422.4,100.0,1.0
750080,4694,163,4.430524,0.2,-0.11975,0.0,0.133066,0.00257293,-0.086506,1.0,0.197255,-0.020771,1.0,11564.8,295.3,282.5,697.6,100.0,1.0
750235,4695,155,3.737609,0.465076,-0.377312,0.01951,0.010606,0.00302089,-0.187423,0.715788,-0.02986,-0.044612,1.0,10347.2,270.8,337.1,571.6,100.0,1.0
750401,4696,166,5.253747,1.0,-0.270452,0.026738,0.0,0.00272014,-0.056795,1.0,0.383631,0.016141,1.0,11925.8,293.4,302.1,581.7,100.0,1.0
750564,4697,163,5.321409,0.2,-0.049818,0.0,0.131183,0.0025707,-0.019187,1.0,0.324533,0.161199,1.0,12366.0,266.2,289.3,714.4,100.0,1.0
750723,4698,159,4.031079,0.773714,-0.098315,0.006813,0.000242,0.0026752,-0.122471,0.842908,0.115807,0.017405,1.0,10831.5,266.2,312.9,596.3,100.0,1.0
750885,4699,162,4.031943,1.0,-0.253388,0.051088,0.00043,0.00276387,-0.144794,0.89396,0.122638,-0.101825,1.0,11026.0,306.9,276.8,538.6,99.967,1.0
751045,4700,160,5.470704,0.2,0.119207,0.0,0.101759,0.002424,0.023228,1.0,0.527465,0.234938,1.0,12782.2,258.8,291.8,802.1,100.0,1.0
751198,4701,153,2.710526,0.866533,-0.336482,0.021709,0.000179,0.00298647,-0.253273,0.558523,-0.124574,-0.101489,1.0,9748.0,271.2,337.5,465.5,100.0,1.0
751363,4702,165,3.771052,0.723349,-0.279086,0.008287,3e-05,0.00261802,-0.148614,0.723129,-0.098047,0.101361,1.0,10375.1,235.5,392.4,543.2,100.0,1.0
751521,4703,158,2.997828,0.948342,-0.256634,0.013863,0.0,0.00286799,-0.227885,0.626834,-0.027719,-0.106073,1.0,10008.2,279.9,280.8,583.3,100.0,1.0
751681,4704,160,1.120877,0.2,-0.27196,0.0,0.345294,0.00231987,-0.286953,0.572763,-0.064035,-0.245801,1.0,9802.2,324.9,205.2,1141.1,100.0,1.0
751845,4705,164,4.279141,0.50381,-0.365937,0.012988,0.000413,0.00291671,-0.156804,0.918947,0.034439,-0.133282,1.0,11121.2,320.8,295.1,565.5,100.0,1.0
752007,4706,162,4.544623,0.2,0.003767,0.0,0.351626,0.00242987,-0.052144,1.0,0.402116,0.025481,1.0,11751.1,286.5,230.3,751.2,100.0,1.0
752168,4707,161,5.702611,0.924376,0.048162,0.01101,2.4e-05,0.00265173,0.001574,1.0,0.296081,0.239888,1.0,11985.5,241.7,333.1,434.0,100.0,1.0
752327,4708,159,5.207178,0.255558,-0.078773,0.0,8e-06,0.00267915,-0.03471,1.0,0.325421,0.109161,1.0,11751.9,264.9,271.4,716.3,100.0,1.0
752490,4709,163,5.030771,0.021977,-0.104189,0.027915,0.0,0.00258547,-0.04341,1.0,0.174714,0.130395,1.0,11595.6,256.4,330.0,501.9,100.0,1.0
752652,4710,162,3.419378,1.0,-0.056271,0.044806,0.000297,0.00240844,-0.133226,0.862427,0.19558,-0.061304,1.0,10905.8,290.5,262.2,748.9,100.0,1.0
752812,4711,160,4.62496,0.857462,0.082891,0.0,0.00038,0.00229605,-0.019846,1.0,0.519616,0.093975,1.0,12236.4,279.6,169.3,750.7,100.0,1.0
752970,4712,158,2.642249,0.491092,1.0,0.0,0.000529,0.00307734,-0.287692,0.585822,-0.066776,-0.258233,1.0,9852.0,332.0,315.8,612.5,100.0,1.0
753132,4713,162,5.329927,0.233065,0.076179,0.004304,0.0,0.00258212,-0.017817,1.0,0.533499,0.096111,1.0,12635.4,288.2,270.4,733.5,100.0,1.0
753291,4714,159,4.776122,1.0,-0.076154,0.0,8e-06,0.00263485,-0.06007,1.0,0.190941,0.069454,1.0,11639.6,272.1,286.2,631.4,100.0,1.0
753452,4715,161,4.236522,1.0,-0.283623,0.028928,0.0,0.00273287,-0.121665,0.946356,0.104446,-0.062329,1.0,11225.6,299.3,304.5,496.4,100.0,1.0
753618,4716,166,5.074886,1.0,0.043697,0.018187,0.0,0.00245133,-0.025596,1.0,0.402973,0.113691,1.0,12272.6,275.5,253.4,720.1,100.0,1.0
753779,4717,161,3.564022,0.385341,-0.269238,0.0,0.015571,0.00218697,-0.084305,1.0,0.133581,0.007789,1.0,11544.0,286.4,222.7,821.9,100.0,1.0
753936,4718,157,3.426791,1.0,-0.300301,0.037556,0.0,0.00273989,-0.172693,0.798612,-0.003157,-0.073433,1.0,10662.7,287.7,326.5,462.0,100.0,1.0
754087,4719,151,5.100395,0.792159,-0.316165,0.0,0.0,0.00276491,-0.034279,1.0,0.292881,0.121442,1.0,11506.9,256.5,304.9,632.7,100.0,1.0
754253,4720,166,4.86191,1.0,-0.007129,0.0,0.0,0.00251947,-0.052933,1.0,0.166254,0.101474,1.0,11744.0,266.6,323.8,810.8,100.0,1.0
754412,4721,159,3.200267,0.718107,-0.274848,0.0,0.0,0.00266686,-0.183584,0.772854,0.081837,-0.116604,1.0,10564.6,299.0,248.0,625.9,100.0,1.0
754570,4722,158,5.234884,0.528132,-0.362596,0.008557,0.000182,0.00290279,-0.065331,1.0,0.271245,0.02515,1.0,11519.4,280.9,371.0,643.9,100.0,1.0
754730,4723,160,4.830243,0.478888,-0.107585,0.02919,0.000176,0.00267573,-0.065203,0.905155,0.108117,0.158987,1.0,11068.6,238.8,317.1,600.6,100.0,1.0
754885,4724,155,3.360213,0.222744,-0.120974,0.0,4e-06,0.00258613,-0.14838,0.722641,0.080124,0.043157,1.0,10373.3,248.6,228.9,639.6,100.0,1.0
755047,4725,162,4.460797,1.0,-0.068123,0.031523,0.0,0.00256577,-0.08049,1.0,0.362399,-0.055767,1.0,11617.6,307.6,291.2,652.7,100.0,1.0
755205,4726,158,6.318109,0.917105,-0.279497,0.004337,0.0,0.00305946,-0.008682,1.0,0.336217,0.192322,1.0,11924.2,250.0,414.9,315.1,100.0,1.0
755373,4727,168,4.511827,1.0,-0.204202,0.01181,0.0,0.00286515,-0.142339,0.836856,0.09341,-0.036314,1.0,10808.4,280.4,387.3,386.6,100.0,1.0
755538,4728,165,4.941605,0.2,-0.100224,0.0,0.054232,0.00251633,-0.04388,0.925104,0.160269,0.196057,1.0,11144.6,232.9,338.9,611.1,100.0,1.0
755692,4729,154,4.972966,0.32556,-0.210534,0.0,1.7e-05,0.00275897,-0.051212,1.0,0.249842,0.079347,1.0,11824.4,273.9,289.5,464.7,100.0,1.0
755852,4730,160,4.137487,0.872287,-0.064582,0.003623,4e-06,0.00253585,-0.094844,0.945439,0.250262,-0.020768,1.0,11222.1,286.5,237.2,770.9,100.0,1.0
756009,4731,157,5.547604,0.793522,-0.036289,0.019169,0.000119,0.0028396,-0.028972,1.0,0.218821,0.163821,1.0,11458.2,246.1,357.3,373.5,100.0,1.0
756165,4732,156,5.953145,0.656727,-0.161458,0.003393,9e-06,0.00292443,-0.008878,1.0,0.332658,0.192853,1.0,11883.6,249.1,367.4,453.0,100.0,1.0
756319,4733,154,6.064923,0.735707,-0.166671,0.0,0.0,0.00297627,-0.002599,1.0,0.270977,0.234344,1.0,11646.3,235.9,387.1,271.8,100.0,1.0
756481,4734,162,3.335093,0.2,0.015884,0.013272,0.0,0.00243412,-0.143706,0.830461,0.231053,-0.081422,1.0,10784.1,293.5,253.2,1004.6,100.0,1.0
756645,4735,164,4.60885,0.2,-0.317246,0.0,0.02056,0.00267861,-0.092958,0.965305,0.114499,0.01422,1.0,11297.8,278.5,293.2,703.5,100.0,1.0
756801,4736,156,3.008319,0.2,-0.356544,0.004295,9e-05,0.00322471,-0.277,0.521526,-0.064126,-0.169897,1.0,9607.0,289.3,377.8,432.5,100.0,1.0
756962,4737,161,2.77096,0.439773,-0.432979,0.0,0.000244,0.00289038,-0.257122,0.606211,-0.143464,-0.14776,1.0,9929.7,291.3,336.4,750.8,100.0,1.0
757122,4738,160,6.021129,0.672638,0.041457,0.0,0.0,0.00278734,0.006525,1.0,0.466854,0.199464,1.0,12226.1,254.8,327.4,466.9,100.0,1.0
757279,4739,157,4.032785,0.256503,-0.03889,0.0,0.077805,0.00268472,-0.118426,0.774937,0.230538,0.049288,1.0,10572.5,251.9,339.2,795.2,100.0,1.0
757443,4740,164,4.38251,1.0,-0.282259,0.030533,0.0,0.00274905,-0.121478,0.939148,0.058146,-0.040267,1.0,11198.2,291.7,292.4,580.8,100.0,1.0
757605,4741,162,1.969353,1.0,-0.274794,0.0,0.0,0.00282767,-0.310084,0.396921,-0.091095,-0.167351,1.0,9132.3,274.2,338.7,451.7,100.0,1.0
757759,4742,154,2.625479,0.2,-0.079143,0.0,0.048514,0.00238725,-0.170312,0.650147,0.044185,0.042442,1.0,10097.1,242.1,276.0,881.2,100.0,1.0
757917,4743,158,5.27656,0.674006,-0.320128,0.0,0.0,0.00320146,-0.109269,0.927426,0.208649,-0.039969,1.0,11153.5,290.4,282.3,410.6,100.0,1.0
758071,4744,154,3.479113,1.0,-0.300844,0.020016,0.0,0.00294854,-0.19259,0.716682,-0.058254,-0.053118,1.0,10350.6,273.3,318.3,354.0,100.0,1.0
758231,4745,160,3.936219,0.2,-0.310937,0.0,0.023354,0.002587,-0.118074,0.886746,0.052228,0.016723,1.0,10998.5,270.4,260.7,745.5,100.0,1.0
758389,4746,158,6.130708,0.61686,-0.244082,0.0,0.0,0.00302423,-0.017039,1.0,0.226993,0.200873,1.0,11765.0,244.9,398.2,358.7,100.0,1.0
758543,4747,154,5.478821,0.760169,-0.023003,0.0,0.0,0.00267461,-7.8e-05,1.0,0.404689,0.198176,1.0,11579.6,241.6,277.9,461.5,100.0,1.0
758703,4748,160,2.908813,0.451358,-0.308404,0.0,0.0,0.00305681,-0.270469,0.480607,-0.111364,-0.09828,1.0,9451.1,262.0,340.3,412.3,100.0,1.0
758862,4749,159,4.51637,1.0,-0.223645,0.018604,0.0,0.00314182,-0.160064,0.824861,0.024878,-0.062558,1.0,10762.7,287.0,374.6,447.2,100.0,1.0
759022,4750,160,6.023613,1.0,-0.273782,0.037097,0.0,0.00313847,-0.049348,1.0,0.157502,0.116338,1.0,11918.0,266.9,434.3,310.1,100.0,1.0
759189,4751,167,6.396605,0.392546,-0.087422,0.008899,0.000288,0.0030021,-0.020478,1.0,0.411753,0.127822,1.0,12228.7,271.1,390.4,463.0,100.0,1.0
759346,4752,157,3.668004,1.0,-0.223808,0.00884,0.0,0.00287036,-0.174883,0.67699,0.067073,-0.002794,1.0,10199.3,255.7,330.7,386.3,100.0,1.0
759506,4753,160,4.990467,1.0,-0.095094,0.033734,0.0,0.00265834,-0.050137,0.974227,0.220035,0.114342,1.0,11331.8,254.2,308.6,700.7,100.0,1.0
759667,4754,161,3.741464,0.801937,-0.249439,0.0,0.000494,0.00270692,-0.154521,0.825223,0.140135,-0.082802,1.0,10764.1,293.4,309.0,468.7,100.0,1.0
759824,4755,157,4.024809,0.2,0.955293,0.0,0.19437,0.0033753,-0.227331,0.622491,-0.118077,-0.070486,1.0,9991.7,268.7,356.3,357.0,100.0,1.0
759987,4756,163,5.153201,0.311232,-0.061042,0.027928,0.0,0.00264751,-0.044087,1.0,0.253825,0.101768,1.0,11862.2,269.2,272.1,431.7,100.0,1.0
760150,4757,163,4.661328,0.942883,-0.080701,0.003532,0.0,0.00277654,-0.102103,0.972362,0.235315,-0.062415,1.0,11324.7,302.0,275.0,590.3,100.0,1.0
760312,4758,162,3.430153,1.0,-0.130703,0.014636,0.0,0.00271306,-0.181606,0.778491,0.1688,-0.143694,1.0,10586.0,309.1,322.3,418.0,100.0,1.0
760466,4759,154,6.543333,1.0,-0.243851,0.027622,0.0,0.0032248,-0.004627,1.0,0.227348,0.242127,1.0,11822.0,237.9,392.9,218.5,100.0,1.0
760626,4760,160,-0.137591,0.2,-0.400801,0.0,0.485228,0.00287021,-0.46959,0.053325,-0.390981,-0.312746,1.0,7823.2,284.6,297.7,816.9,100.0,1.0
760784,4761,158,4.677093,0.850657,-0.23187,0.0,0.0,0.00266776,-0.069815,0.843075,0.093136,0.200342,1.0,10832.1,225.6,303.0,430.0,100.0,1.0
760943,4762,159,6.533667,0.562294,0.092174,0.0,0.00011,0.00268035,0.06512,1.0,0.463958,0.395747,1.0,12439.9,222.8,348.7,423.5,100.0,1.0
761099,4763,156,4.702623,0.81602,-0.148654,0.016848,0.0,0.00264902,-0.059631,0.908679,0.232116,0.133291,1.0,11082.1,244.5,341.4,861.9,100.0,1.0
761258,4764,159,4.761877,0.683423,-0.188164,0.007884,0.000122,0.00255703,-0.048498,1.0,0.247797,0.089073,1.0,11856.8,272.2,306.8,549.2,100.0,1.0
761421,4765,163,3.546821,0.48652,-0.078089,0.0,0.0,0.00265626,-0.16627,0.779208,-0.03264,-0.026028,1.0,10588.8,271.8,295.2,686.4,100.0,1.0
761576,4766,155,4.978571,0.564737,-0.208742,0.0,0.000119,0.00261302,-0.030657,0.995684,0.282722,0.140499,1.0,11413.6,250.2,332.2,590.2,100.0,1.0
761735,4767,159,4.897789,1.0,-0.32088,0.0,0.0,0.00304047,-0.115153,0.871073,0.013612,0.052391,1.0,10938.8,259.9,385.4,373.5,100.0,1.0
761895,4768,160,4.830393,0.744511,-0.081985,0.005849,5e-06,0.00280202,-0.08509,0.953065,0.132827,0.044536,1.0,11251.2,269.3,342.5,618.6,100.0,1.0
762042,4769,147,3.86146,0.315867,-0.250579,0.018823,1.1e-05,0.0028645,-0.130703,0.734495,0.149867,0.068953,1.0,10418.4,243.7,270.4,427.1,100.0,1.0
762207,4770,165,4.783457,0.900087,-0.234784,0.029551,0.0,0.00256339,-0.063244,1.0,0.152501,0.071688,1.0,11717.2,273.3,286.0,429.3,100.0,1.0
762367,4771,160,4.752081,0.654165,-0.107643,0.00961,3.2e-05,0.00262392,-0.062472,0.864593,0.049149,0.221551,1.0,10914.1,223.4,374.9,560.8,100.0,1.0
762534,4772,167,3.422776,0.497915,-0.275821,0.00083,0.0,0.0029642,-0.237633,0.561881,-0.069821,-0.070406,1.0,9760.8,262.5,404.2,632.2,100.0,1.0
762693,4773,159,6.513781,0.761521,-0.077789,0.020433,0.000192,0.00311479,-0.005383,1.0,0.085956,0.286739,1.0,11566.6,224.7,414.3,364.6,100.0,1.0
762852,4774,159,4.663237,0.781498,-0.130623,0.012213,2.1e-05,0.00265281,-0.071077,0.873146,0.061956,0.18147,1.0,10946.7,231.6,327.6,503.8,100.0,1.0
762909,4775,57,-8.084544,0.2,0.6,0.000517,0.07364,0.00159954,-0.69927,-1.0,-1.0,-1.0,0.14077,0.0,4.6,24.2,448.0,100.0,1.0
763068,4776,159,4.701607,0.746308,-0.288936,0.016147,0.0,0.00304567,-0.130631,0.805688,0.097999,0.027156,1.0,10689.7,260.2,363.2,353.9,100.0,1.0
763220,4777,152,5.312484,0.252702,-0.27883,0.0,1.5e-05,0.00282758,-0.030193,1.0,0.267467,0.143535,1.0,11481.6,251.0,304.3,345.1,100.0,1.0
763384,4778,164,5.618717,0.553669,-0.176407,0.000842,0.000254,0.00295845,-0.062552,1.0,0.189881,0.061535,1.0,12174.4,286.7,347.8,482.7,100.0,1.0
763545,4779,161,4.803665,0.2,-0.150975,0.017287,0.001116,0.00270894,-0.074796,1.0,0.158947,0.031031,1.0,11621.3,281.8,277.9,715.2,100.0,1.0
763705,4780,160,3.144638,1.0,0.839427,0.0,0.0,0.00339913,-0.307327,0.456496,-0.155843,-0.186223,1.0,9359.2,287.5,353.6,277.1,100.0,1.0
763867,4781,162,3.738912,1.0,-0.276288,0.032151,0.0,0.0029184,-0.191519,0.719802,0.054953,-0.089883,1.0,10362.4,284.6,308.5,462.5,100.0,1.0
764028,4782,161,2.557892,1.0,-0.166983,0.048199,0.000111,0.00248613,-0.207838,0.653872,-0.086954,-0.042035,1.0,10111.3,263.9,266.2,1016.7,100.0,1.0
764187,4783,159,4.433266,0.482938,-0.193025,0.019701,0.0,0.00284949,-0.119558,0.819178,0.082972,0.057833,1.0,10741.1,253.8,336.8,475.5,100.0,1.0
764344,4784,157,3.837772,1.0,-0.266278,0.024292,0.0,0.00285163,-0.158985,0.803505,0.017911,-0.03884,1.0,10681.4,277.8,276.5,432.0,100.0,1.0
764504,4785,160,2.441386,1.0,-0.200348,0.044017,0.0,0.00269198,-0.247052,0.482893,-0.098056,-0.026564,1.0,9459.8,242.9,315.2,540.2,100.0,1.0
764667,4786,163,5.361563,0.862062,0.062532,0.001923,0.0,0.00248594,-0.001835,1.0,0.283012,0.232878,1.0,12425.3,252.0,261.2,605.6,100.0,1.0
764832,4787,165,4.415372,0.299734,-0.256658,0.0,0.000151,0.00286292,-0.140202,0.790124,0.097303,0.008457,1.0,10630.4,263.5,354.9,401.6,100.0,1.0
764990,4788,158,5.755468,0.976712,-0.108911,0.008005,0.0,0.00310905,-0.05822,0.956642,0.13845,0.129249,1.0,11264.8,249.4,428.6,262.3,100.0,1.0
765143,4789,153,4.493059,0.97438,0.042878,0.006506,0.000133,0.00229953,-0.01378,1.0,0.360629,0.16719,1.0,11744.0,251.5,167.8,866.5,100.0,1.0
765303,4790,160,4.562434,1.0,-0.233726,0.0,0.0,0.003061,-0.146509,0.794163,-0.015826,0.021777,1.0,10645.8,260.5,356.7,328.3,100.0,1.0
765465,4791,162,4.066056,1.0,-0.15873,0.049169,0.0,0.00307054,-0.191516,0.551056,-0.042416,0.083204,1.0,9719.5,224.3,423.8,255.0,100.0,1.0
765623,4792,158,5.190248,0.787184,-0.229331,0.013208,0.000126,0.00286551,-0.062229,0.998302,0.172867,0.069696,1.0,11423.5,267.0,302.6,453.6,100.0,1.0
765786,4793,163,1.978752,0.2,-0.428642,0.0,0.027693,0.00271482,-0.293631,0.461356,-0.07938,-0.170108,1.0,9377.8,282.5,222.1,644.0,100.0,1.0
765951,4794,165,4.563358,0.470567,-0.125041,0.0,0.000176,0.00247789,-0.065491,0.961721,0.205643,0.078383,1.0,11284.2,261.6,326.9,543.8,100.0,1.0
766106,4795,155,2.889266,0.835545,-0.022717,0.002204,0.000133,0.00237262,-0.150357,0.686177,0.060432,0.073519,1.0,10234.3,238.3,258.0,642.0,100.0,1.0
766256,4796,150,3.858355,0.469371,-0.137009,0.006053,8.3e-05,0.00271629,-0.117134,0.725726,0.143463,0.123627,1.0,10385.0,231.1,303.1,500.2,100.0,1.0
766409,4797,153,5.166605,1.0,-0.024854,0.025814,0.0,0.00263298,-0.014097,0.99399,0.237586,0.212157,1.0,11407.1,235.3,362.2,486.5,100.0,1.0
766575,4798,166,4.661097,0.210009,-0.316927,0.0,5.4e-05,0.00273269,-0.102917,0.933246,0.174517,-0.012267,1.0,11175.7,282.9,274.7,666.7,100.0,1.0
766741,4799,166,3.602023,0.2,-0.332386,0.003823,0.0,0.00281134,-0.195662,0.651854,0.043893,-0.043383,1.0,10103.6,264.0,310.6,629.2,100.0,1.0
766897,4800,156,5.442167,0.2,-0.110296,0.017337,0.044848,0.00280042,-0.027379,1.0,0.298802,0.14247,1.0,11596.7,253.8,307.5,500.5,100.0,1.0
767050,4801,153,4.6784,0.524313,-0.261683,0.018179,0.0,0.00298388,-0.104511,0.803619,0.1701,0.091916,1.0,10681.8,244.6,374.1,521.5,100.0,1.0
767205,4802,155,2.790609,1.0,-0.298761,0.027582,0.000175,0.00299619,-0.254435,0.46096,-0.184186,-0.004188,1.0,9376.3,235.4,371.0,417.7,100.0,1.0
767368,4803,163,6.870153,1.0,0.087134,0.023074,0.0,0.00274015,0.070337,1.0,0.437037,0.42211,1.0,12062.6,212.1,401.8,284.1,100.0,1.0
767533,4804,165,4.953196,0.815888,-0.10403,0.0,5e-05,0.00275805,-0.082344,0.962292,0.117569,0.051086,1.0,11286.3,268.4,282.5,511.2,100.0,1.0
767695,4805,162,2.077417,0.233877,-0.322063,0.0,5e-05,0.00251334,-0.250827,0.578649,-0.117753,-0.112378,1.0,9824.7,276.7,229.5,738.3,100.0,1.0
767855,4806,160,3.54536,0.2,-0.240681,0.0,0.022669,0.00260172,-0.149477,0.75525,0.031464,0.028548,1.0,10497.5,255.2,290.2,480.5,100.0,1.0
768019,4807,164,0.684633,0.665788,-0.367598,0.017612,0.0,0.00269344,-0.390209,0.288083,-0.268882,-0.284472,1.0,8717.6,304.6,276.9,674.1,100.0,1.0
768182,4808,163,6.889522,1.0,-0.047757,0.027685,0.0,0.00306398,0.019038,1.0,0.423298,0.255693,1.0,12357.1,246.0,415.8,283.3,100.0,1.0
768349,4809,167,4.121732,0.553566,-0.40377,0.0,0.0,0.00328534,-0.238474,0.616547,-0.063782,-0.120774,1.0,9969.0,283.5,381.7,422.4,100.0,1.0
768515,4810,166,2.869217,0.6848,-0.26441,0.027991,0.0,0.00282853,-0.253599,0.616647,-0.130878,-0.14891,1.0,9969.4,292.8,242.9,768.4,100.0,1.0
768679,4811,164,4.402037,0.555343,-0.292636,0.012558,3e-06,0.00284702,-0.135592,0.767512,0.043791,0.060502,1.0,10544.2,248.6,310.2,568.2,100.0,1.0
768841,4812,162,6.104695,0.502252,-0.015108,0.0,0.0,0.00285142,-0.002435,1.0,0.224033,0.25054,1.0,11613.7,232.2,425.2,294.2,100.0,1.0
768998,4813,157,3.254871,0.286904,-0.040145,0.0,0.0,0.00248075,-0.144481,0.751763,0.230448,-0.018222,1.0,10484.2,267.0,226.2,736.3,100.0,1.0
769159,4814,161,5.302197,0.553746,-0.112929,0.008864,0.000259,0.00233812,0.022656,1.0,0.317795,0.302921,1.0,12096.5,232.1,276.3,632.5,100.0,1.0
769316,4815,157,4.089256,0.937918,-0.289538,0.02019,0.000198,0.00277972,-0.12863,0.809559,-0.14516,0.111653,1.0,10704.4,240.7,409.9,337.6,100.0,1.0
769479,4816,163,3.124328,0.2,-0.322762,0.0,0.35349,0.00264344,-0.19572,0.684636,-0.071341,-0.032485,1.0,10228.5,264.3,286.9,582.1,100.0,1.0
769642,4817,163,5.162095,-0.10567,-0.176964,0.002622,0.0,0.00298402,-0.097849,0.84799,-0.007,0.136178,1.0,10850.8,238.8,396.1,288.7,100.0,1.0
769800,4818,158,3.540737,0.2,-0.088787,0.0,0.016042,0.00254738,-0.135962,0.79957,0.157065,-0.005204,1.0,10666.4,268.1,261.0,750.1,100.0,1.0
769961,4819,161,3.145866,0.2,-0.240492,0.0,0.305417,0.00262457,-0.185758,0.74102,0.060396,-0.090174,1.0,10443.3,287.0,207.6,900.1,100.0,1.0
770124,4820,163,3.624923,1.0,-0.274136,0.019248,0.0,0.00258446,-0.148407,0.759005,0.073596,0.014939,1.0,10511.8,258.9,241.7,549.2,100.0,1.0
770289,4821,165,2.831588,0.2,-0.266743,0.002418,0.0,0.00260459,-0.21662,0.667803,-0.021481,-0.104743,1.0,10164.3,283.8,246.3,623.5,100.0,1.0
770452,4822,163,5.563918,0.695286,-0.079785,0.0,0.0,0.00260736,-0.00619,1.0,0.341523,0.19886,1.0,12493.4,260.5,295.1,493.3,100.0,1.0
770616,4823,164,7.232647,0.280667,0.010727,0.015529,0.0,0.00298799,0.054395,1.0,0.370697,0.391084,1.0,12997.8,233.6,401.7,247.7,100.0,1.0
770773,4824,157,5.970734,0.453686,0.095031,0.03117,6.2e-05,0.0026004,0.041191,1.0,0.480017,0.31063,1.0,11950.1,227.9,324.8,612.1,100.0,1.0
770931,4825,158,2.282848,0.287739,-0.313389,0.006674,0.0,0.00257493,-0.234998,0.544742,-0.063231,-0.049535,1.0,9695.5,255.0,290.3,513.3,100.0,1.0
771092,4826,161,3.266325,0.619402,-0.27104,0.003757,8.2e-05,0.00281191,-0.206849,0.625054,-0.023895,-0.035741,1.0,10001.5,259.3,272.1,694.1,100.0,1.0
771255,4827,163,3.829298,1.0,-0.320263,0.006915,0.0,0.00296379,-0.194847,0.766897,-0.133087,-0.077541,1.0,10541.9,285.7,292.0,403.4,100.0,1.0
771413,4828,158,1.694615,0.886216,-0.213848,0.021404,7.5e-05,0.00224452,-0.227061,0.589287,-0.068066,-0.058588,1.0,9865.2,262.0,187.2,1309.2,100.0,1.0
771568,4829,155,4.917636,0.807797,-0.006076,0.029215,2.9e-05,0.00244529,-0.008836,1.0,0.093798,0.272614,1.0,11533.9,226.6,349.6,570.7,100.0,1.0
771734,4830,166,4.81185,1.0,-0.023131,0.042585,3.1e-05,0.00256414,-0.063435,0.997258,0.098577,0.091311,1.0,11419.6,261.6,319.7,777.1,100.0,1.0
771894,4831,160,4.00055,0.2,-0.357236,0.0,0.031393,0.00294992,-0.17085,0.628243,0.014532,0.068787,1.0,10013.6,234.2,381.4,610.4,100.0,1.0
772056,4832,162,2.729139,0.738711,-0.362103,0.017429,0.0,0.00285515,-0.257094,0.561267,-0.137822,-0.112096,1.0,9758.4,274.8,272.5,520.9,100.0,1.0
772214,4833,158,5.187,1.0,-0.13141,0.0,0.0,0.00271506,-0.038501,1.0,0.251696,0.121096,1.0,11784.3,262.8,294.8,601.8,100.0,1.0
772381,4834,167,4.942256,1.0,-0.319489,0.01566,0.0,0.00292439,-0.11632,0.947304,0.077355,-0.036272,1.0,11229.2,291.3,306.6,473.6,100.0,1.0
772547,4835,166,5.72826,0.737616,0.006463,0.002062,8e-06,0.00260824,-0.001731,1.0,0.262593,0.240033,1.0,11843.6,238.8,340.2,596.0,100.0,1.0
772703,4836,156,4.39147,0.779202,-0.250827,0.012355,0.0,0.0025653,-0.069583,0.977657,0.114659,0.081791,1.0,11344.9,262.2,243.0,553.8,100.0,1.0
772870,4837,167,6.163101,0.2,-0.002969,0.011027,0.018029,0.00265916,0.019893,1.0,0.317053,0.293959,1.0,12360.3,238.8,297.0,481.0,100.0,1.0
773025,4838,155,5.730167,0.529531,0.092745,0.005413,0.000217,0.00254351,0.037143,1.0,0.41984,0.317198,1.0,11978.5,227.3,287.7,602.0,100.0,1.0
773188,4839,163,5.184216,0.696468,-0.232099,0.0,0.0,0.00265965,-0.04324,1.0,0.150261,0.139114,1.0,11717.4,257.2,254.3,519.7,100.0,1.0
773348,4840,160,3.33229,0.321096,-0.310047,0.001394,0.061495,0.00278484,-0.194712,0.590991,-0.017004,0.030802,1.0,9871.7,239.4,334.4,500.5,100.0,1.0
773514,4841,166,4.726573,0.250863,-0.189276,0.0,0.000243,0.00267869,-0.088828,0.956624,0.242257,-0.007366,1.0,11264.7,283.7,261.8,746.8,100.0,1.0
773676,4842,162,4.054833,1.0,-0.261266,0.030458,4.7e-05,0.00257011,-0.111092,0.835438,0.073649,0.075612,1.0,10803.0,251.1,309.2,468.6,99.964,1.0
773839,4843,163,4.72108,1.0,-0.29466,0.024826,0.0,0.00258953,-0.06667,0.894072,0.181464,0.138885,1.0,11026.4,242.0,302.4,439.9,100.0,1.0
774002,4844,163,5.109476,0.226957,0.016866,0.0,0.018219,0.00253428,-0.028424,1.0,0.410163,0.101865,1.0,12247.8,277.9,288.7,695.4,100.0,1.0
774162,4845,160,3.103781,1.0,-0.414491,0.004079,0.0,0.00294748,-0.237935,0.610233,-0.103726,-0.100402,1.0,9945.0,276.4,329.0,418.4,100.0,1.0
774327,4846,165,2.694794,0.723204,-0.201579,0.0,0.0,0.00250318,-0.210145,0.719652,0.063026,-0.154536,1.0,10361.9,306.4,154.1,1092.0,100.0,1.0
774488,4847,161,4.803431,0.2,-0.003202,0.0,0.127368,0.00257679,-0.05324,0.940714,0.115674,0.166713,1.0,11204.1,240.1,294.6,677.2,100.0,1.0
774652,4848,164,5.973331,0.2,-0.107134,0.0027,0.042089,0.00298071,-0.039142,1.0,0.175227,0.144452,1.0,11597.4,253.3,351.9,373.9,100.0,1.0
774803,4849,151,6.28071,0.2,-0.19437,0.00782,0.005204,0.00304617,0.012891,1.0,0.498931,0.209993,1.0,11477.9,237.1,327.5,657.3,100.0,1.0
774960,4850,157,4.199909,0.265879,-0.141041,0.028083,0.000224,0.00271771,-0.11047,0.72906,0.223386,0.116421,1.0,10397.7,232.8,311.8,481.4,100.0,1.0
775116,4851,156,4.925957,0.801443,-0.129978,0.029504,0.0,0.0027311,-0.055174,0.891933,0.127438,0.196997,1.0,11018.3,230.1,325.1,470.4,100.0,1.0
775281,4852,165,4.608285,0.702079,-0.011497,0.0,0.0,0.00244142,-0.055871,0.897126,0.117155,0.193773,1.0,11038.1,231.2,290.3,760.1,100.0,1.0
775441,4853,160,4.89826,0.2,-0.145852,0.0,0.0,0.00261121,-0.049001,0.938679,0.248155,0.138378,1.0,11196.4,245.9,311.2,446.0,100.0,1.0
775598,4854,157,2.114959,1.0,-0.375257,0.002123,0.0,0.00296022,-0.305526,0.446448,-0.267647,-0.134577,1.0,9321.0,269.3,301.3,533.2,100.0,1.0
775766,4855,168,4.835686,1.0,-0.017592,0.014614,0.0,0.00243023,-0.044195,1.0,0.296194,0.087285,1.0,11666.3,268.2,299.2,818.0,100.0,1.0
775928,4856,162,3.501589,0.858934,-0.156193,0.007589,0.0,0.00283601,-0.195807,0.618339,0.00943,-0.00445,1.0,9975.9,250.5,333.0,445.4,100.0,1.0
776085,4857,157,3.127652,0.556056,-0.173876,0.019013,0.000484,0.00252313,-0.160649,0.701966,0.080644,0.019318,1.0,10294.5,252.5,281.8,724.9,100.0,1.0
776244,4858,159,4.366616,0.485295,-0.291086,0.020775,0.0,0.0029876,-0.146274,0.75055,0.0096,0.050428,1.0,10479.6,249.4,347.4,337.5,100.0,1.0
776402,4859,158,5.610226,0.610032,-0.104781,0.0,6.8e-05,0.00264963,0.003767,1.0,0.39909,0.21286,1.0,12185.4,251.2,287.0,482.6,100.0,1.0
776570,4860,168,5.904851,1.0,-0.029245,0.008108,0.000119,0.00284073,-0.032654,0.992844,0.301247,0.130034,1.0,11402.7,252.3,272.5,510.8,100.0,1.0
776722,4861,152,4.180061,1.0,-0.006823,0.031913,3.6e-05,0.00267601,-0.092019,0.781597,0.20172,0.141366,1.0,10597.9,232.1,299.4,449.8,100.0,1.0
776887,4862,165,3.710982,0.233017,-0.356457,0.020471,0.015025,0.00283809,-0.188876,0.767113,-0.168547,-0.045998,1.0,10542.7,276.3,362.3,574.6,100.0,1.0
777045,4863,158,5.958058,1.0,-0.214165,0.016991,0.0,0.00302202,-0.028851,1.0,0.196158,0.171777,1.0,11514.8,245.7,411.4,238.7,100.0,1.0
777206,4864,161,4.183065,0.2,-0.245176,0.0,0.0,0.00295166,-0.160235,0.68725,-0.03918,0.072903,1.0,10238.4,238.6,340.9,348.4,100.0,1.0
777372,4865,166,4.024186,0.46126,-0.293709,0.0,0.0,0.00273942,-0.151712,0.763164,-0.083115,0.052694,1.0,10527.7,250.0,386.2,475.0,100.0,1.0
777536,4866,164,5.880355,0.398771,0.062943,0.031139,0.0,0.0026415,0.009614,1.0,0.611063,0.161691,1.0,12645.3,272.1,307.2,414.7,100.0,1.0
777696,4867,160,3.145251,0.442499,-0.335812,0.0,0.00012,0.00277178,-0.206638,0.644754,-0.078238,-0.033341,1.0,10076.5,260.6,341.3,495.8,100.0,1.0
777857,4868,161,3.560919,1.0,-0.273294,0.043145,1.1e-05,0.00243695,-0.124192,0.81363,-0.019898,0.081303,1.0,10719.9,247.8,280.9,477.7,100.0,1.0
778016,4869,159,5.801166,0.401015,-0.059005,0.0,0.0,0.0028414,-0.014928,1.0,0.352086,0.166212,1.0,11590.7,248.5,350.6,384.4,100.0,1.0
778181,4870,165,4.659763,0.2,-0.195859,0.0,0.156704,0.00259504,-0.077274,0.930544,0.015943,0.128319,1.0,11165.4,247.4,402.3,493.2,100.0,1.0
778336,4871,155,3.866349,0.471879,-0.004953,0.0,4e-06,0.00202826,-0.023217,0.881941,0.201374,0.287203,1.0,10980.2,213.3,244.9,889.0,100.0,1.0
778496,4872,160,5.717346,1.0,-0.229441,0.000682,0.0,0.00281237,-0.019447,1.0,0.183232,0.207434,1.0,11952.7,247.5,355.8,458.3,100.0,1.0
778655,4873,159,6.084236,0.339467,0.004003,0.0,1.9e-05,0.00260051,0.044685,1.0,0.464122,0.327576,1.0,12558.3,236.5,322.5,462.9,100.0,1.0
778818,4874,163,5.768424,0.234748,0.098244,0.008052,0.015967,0.00251747,0.024037,1.0,0.407802,0.277522,1.0,12227.0,239.3,292.9,834.0,100.0,1.0
778975,4875,157,4.064388,0.536686,-0.14477,0.00867,0.000227,0.00257737,-0.098588,0.888967,0.161576,0.043376,1.0,11007.0,263.7,208.9,692.4,100.0,1.0
779140,4876,165,6.640026,0.2,0.139626,0.014276,0.181636,0.00277073,0.042843,1.0,0.529767,0.299556,1.0,12455.3,239.6,350.9,650.3,100.0,1.0
779301,4877,161,3.863145,0.429224,-0.294512,0.0,0.0,0.00314788,-0.215907,0.623303,-0.033273,-0.061351,1.0,9994.8,266.2,312.2,528.8,100.0,1.0
779458,4878,157,5.015659,0.2,-0.086922,0.0,0.123822,0.00270091,-0.046318,0.944404,0.140592,0.178407,1.0,11218.2,238.0,308.1,623.3,100.0,1.0
779618,4879,160,4.7755,0.72309,0.037475,0.007608,3.1e-05,0.00251702,-0.043081,1.0,0.23966,0.109845,1.0,11935.5,268.9,275.4,736.3,100.0,1.0
779778,4880,160,5.189744,0.495992,-0.021509,0.0,0.000141,0.00246894,-0.004193,1.0,0.205986,0.250695,1.0,11817.7,236.2,295.7,481.1,100.0,1.0
779943,4881,165,4.510168,1.0,-0.25781,0.0,0.0,0.00293268,-0.144242,0.779388,-0.096427,0.068511,1.0,10589.5,247.8,412.6,338.7,100.0,1.0
780104,4882,161,3.706336,0.618746,-0.398767,0.0,2e-06,0.00294434,-0.19492,0.683872,-0.037295,-0.040527,1.0,10225.6,266.4,271.2,522.6,100.0,1.0
780262,4883,158,4.503851,0.2,-0.261002,0.0,0.038707,0.00268608,-0.085211,0.886647,0.167413,0.087953,1.0,10998.1,252.7,288.8,642.1,100.0,1.0
780421,4884,159,5.95536,0.710123,0.019246,0.0,1.5e-05,0.00275426,0.010579,1.0,0.415833,0.229986,1.0,12734.7,258.8,289.8,631.3,100.0,1.0
780586,4885,165,2.176915,1.0,-0.206746,0.031166,0.0,0.00244976,-0.24026,0.548404,0.029609,-0.101073,1.0,9709.4,270.0,216.7,872.9,100.0,1.0
780745,4886,159,2.820091,0.438097,-0.327713,2e-05,0.000264,0.00264153,-0.207624,0.620589,0.019851,-0.049189,1.0,9984.4,262.5,269.2,656.7,100.0,1.0
780907,4887,162,5.55139,0.2,-0.026239,0.0,5e-05,0.00255758,0.003749,1.0,0.326446,0.237014,1.0,11870.6,239.9,262.9,552.7,100.0,1.0
781071,4888,164,5.130527,1.0,-0.290357,0.006035,8.2e-05,0.00306853,-0.116863,0.924849,0.097269,-0.026009,1.0,11143.7,286.0,297.7,358.0,100.0,1.0
781235,4889,164,2.67046,0.301626,-0.222637,0.0,0.000184,0.00247297,-0.204447,0.599607,0.072593,-0.038694,1.0,9904.5,257.6,224.9,764.3,100.0,1.0
781395,4890,160,4.181186,0.2,-0.337975,0.0,0.198849,0.00279369,-0.132101,0.809274,0.063703,0.030702,1.0,10703.3,259.6,288.0,804.1,100.0,1.0
781556,4891,161,2.61456,0.2,-0.311249,0.0,0.352002,0.00243466,-0.195069,0.615279,-0.071013,0.027376,1.0,9964.2,242.5,239.6,793.2,100.0,1.0
781716,4892,160,5.745405,0.2,0.026323,0.0,0.044441,0.00251525,0.030259,1.0,0.397872,0.301572,1.0,13007.4,249.8,283.5,574.3,100.0,1.0
781872,4893,156,5.147108,0.961376,-0.135977,0.031065,4.7e-05,0.00269976,-0.033524,0.951162,0.150635,0.212072,1.0,11243.9,231.9,322.9,406.8,100.0,1.0
782030,4894,158,6.718922,0.394317,0.034413,0.0,0.0,0.00294509,0.040694,1.0,0.430751,0.325396,1.0,11578.6,218.4,389.8,385.6,100.0,1.0
782190,4895,160,6.479928,1.0,-0.217341,0.017803,6.2e-05,0.00315495,-0.016748,0.997693,0.097613,0.246891,1.0,11421.2,229.0,426.1,440.9,100.0,1.0
782349,4896,159,4.746342,0.388676,0.023319,0.007636,0.0,0.002602,-0.05622,1.0,0.217927,0.073291,1.0,11610.0,270.4,275.6,738.3,100.0,1.0
782510,4897,161,2.171567,1.0,-0.321822,0.007201,9.7e-05,0.00255278,-0.247434,0.568034,-0.073556,-0.106957,1.0,9784.2,273.9,209.7,831.1,100.0,1.0
782670,4898,160,4.130817,1.0,-0.092106,0.034213,4.5e-05,0.00271588,-0.123409,0.746089,0.108526,0.097387,1.0,10462.6,238.4,284.6,406.7,100.0,1.0
782829,4899,159,4.543949,0.325827,-0.004166,0.0,0.044531,0.00267747,-0.083466,0.769046,0.210092,0.177544,1.0,10550.1,224.0,340.8,676.6,100.0,1.0
782988,4900,159,4.517597,0.2,-0.139037,0.0,0.079762,0.00262297,-0.076777,0.778032,0.220514,0.18888,1.0,10584.3,222.6,360.5,546.4,100.0,1.0
783150,4901,162,3.934382,0.389424,-0.139055,0.0,0.000431,0.00241883,-0.095502,0.908048,0.17021,0.034884,1.0,11079.7,267.7,216.3,768.8,100.0,1.0
783306,4902,156,4.03176,0.687237,-0.042046,0.0,3.7e-05,0.0024309,-0.075542,0.869012,0.094239,0.159272,1.0,10930.9,235.7,331.0,631.4,100.0,1.0
783459,4903,153,5.578515,1.0,-0.082991,0.012121,0.0,0.00271852,0.00424,1.0,0.281285,0.253706,1.0,12273.1,244.7,324.9,684.0,100.0,1.0
783624,4904,165,2.47667,0.2,-0.33037,0.0,0.149424,0.00296078,-0.301999,0.473915,-0.270553,-0.144742,1.0,9425.6,275.5,295.8,505.2,100.0,1.0
783785,4905,161,3.98995,0.591145,-0.067999,0.0,9.7e-05,0.00253817,-0.108116,0.768613,0.040419,0.152296,1.0,10548.4,228.9,343.3,411.1,100.0,1.0
783944,4906,159,3.175058,1.0,-0.290608,0.0031,0.0,0.0026479,-0.181868,0.662051,-0.070073,0.032087,1.0,10142.4,245.7,241.4,781.9,100.0,1.0
784107,4907,163,5.91375,0.970564,-0.030457,0.010451,2.2e-05,0.0027489,-0.002641,1.0,0.36019,0.204465,1.0,12217.6,253.6,316.9,564.7,100.0,1.0
784262,4908,155,5.336047,0.555646,0.072196,0.019342,2.3e-05,0.00257468,0.002847,1.0,0.198338,0.276712,1.0,11595.9,227.1,332.2,644.9,100.0,1.0
784425,4909,163,2.461561,0.500512,-0.209794,0.005592,3.8e-05,0.00218334,-0.170471,0.606281,-0.148938,0.142841,1.0,9929.9,217.2,321.1,548.1,100.0,1.0
784587,4910,162,5.262977,0.385884,-0.211395,0.0,5.2e-05,0.00308265,-0.10299,0.90015,0.049816,0.056635,1.0,11049.6,261.4,373.7,432.5,100.0,1.0
784743,4911,156,4.401916,0.741754,0.001028,0.005614,0.0,0.00242222,-0.046291,1.0,0.304041,0.077684,1.0,11584.0,268.7,241.4,668.6,100.0,1.0
784900,4912,157,4.523221,0.42466,-0.245802,0.0,0.0,0.00290247,-0.114985,0.741555,0.007341,0.162974,1.0,10445.3,224.5,393.4,325.1,100.0,1.0
785058,4913,158,2.981096,0.28313,-0.23313,0.0,9.4e-05,0.00279442,-0.216967,0.492859,-0.050768,0.049649,1.0,9497.8,226.2,330.4,485.4,100.0,1.0
785227,4914,169,3.965184,0.364056,-0.149969,0.018217,0.0,0.00251997,-0.127188,0.716301,0.05796,0.12647,1.0,10349.1,229.7,309.9,520.0,100.0,1.0
785384,4915,157,4.856342,0.2,-0.36382,0.0,0.18521,0.00280731,-0.074934,0.9247,0.160714,0.092733,1.0,11143.1,254.9,330.0,478.8,100.0,1.0
785546,4916,162,3.134384,0.2,-0.274512,0.0,0.024609,0.00284146,-0.224213,0.608057,0.003456,-0.088577,1.0,9936.7,272.6,341.5,438.0,100.0,1.0
785711,4917,165,4.60056,1.0,-0.14514,0.018986,1e-05,0.00277445,-0.111226,0.853897,0.143234,0.03659,1.0,10873.3,262.2,321.7,623.6,100.0,1.0
785875,4918,164,4.674988,0.683913,-0.199598,0.0,2.7e-05,0.00289099,-0.121955,0.828851,0.090972,0.039115,1.0,10777.9,259.3,312.8,422.2,100.0,1.0
786033,4919,158,4.296547,0.2,-0.25515,0.0,0.358359,0.00253613,-0.077033,0.947192,0.165391,0.065432,1.0,11228.8,263.5,229.0,964.5,100.0,1.0
786196,4920,163,2.788717,0.268535,-0.222837,0.0,0.0,0.00216758,-0.143228,0.711482,0.070526,0.07283,1.0,10330.7,240.7,248.3,770.7,100.0,1.0
786357,4921,161,5.558807,0.771378,-0.102147,0.011983,0.0,0.00285411,-0.040762,0.943588,0.128347,0.201687,1.0,11215.1,233.3,364.4,347.1,100.0,1.0
786523,4922,166,2.357924,0.731025,-0.314756,0.0,0.000176,0.00267399,-0.266258,0.487946,-0.060154,-0.10743,1.0,9479.1,265.5,281.4,594.3,100.0,1.0
786688,4923,165,3.929768,1.0,-0.172315,0.019023,0.000384,0.00264097,-0.139723,0.785639,0.197605,-0.019644,1.0,10613.3,270.6,270.9,499.1,100.0,1.0
786851,4924,163,6.794465,0.588385,0.055616,0.0,1.8e-05,0.00297928,0.026226,1.0,0.282916,0.326449,1.0,12192.5,229.8,419.6,474.3,100.0,1.0
787012,4925,161,6.258055,0.2487,0.046437,0.0,0.096374,0.00254025,0.062486,1.0,0.413149,0.403904,1.0,12119.6,215.8,340.3,371.0,100.0,1.0
787170,4926,158,5.402234,0.42849,0.089214,0.006496,0.0,0.00248407,0.014508,1.0,0.372148,0.257643,1.0,11987.0,238.3,280.6,601.8,100.0,1.0
787334,4927,164,3.927864,1.0,0.067209,0.0,0.0,0.00235248,-0.089893,0.888656,0.199189,0.06008,1.0,11005.8,259.6,240.9,729.1,100.0,1.0
787499,4928,165,4.96613,0.528631,-0.05998,0.011797,0.0,0.00273276,-0.076787,0.878527,0.080809,0.151667,1.0,10967.2,238.1,385.3,341.4,100.0,1.0
787662,4929,163,4.544852,1.0,-0.310221,0.000294,0.0,0.00284583,-0.121484,0.860244,0.002735,0.043937,1.0,10897.5,261.0,351.2,469.4,100.0,1.0
787831,4930,169,3.971262,0.361227,-0.236883,0.00511,5.5e-05,0.00264576,-0.147956,0.757741,-0.005502,0.043864,1.0,10507.0,251.6,361.2,789.0,100.0,1.0
787991,4931,160,6.234458,1.0,0.024321,0.034945,0.000323,0.00270583,0.03676,1.0,0.500111,0.289164,1.0,12287.8,238.3,337.8,421.0,100.0,1.0
788153,4932,162,6.40051,0.2,0.067616,0.0,0.079279,0.00286215,0.01854,1.0,0.382108,0.267765,1.0,11843.3,233.5,393.7,492.5,100.0,1.0
788320,4933,167,4.91203,0.649687,-0.262912,0.021241,0.0,0.00298757,-0.128845,0.922723,0.026252,-0.040504,1.0,11135.6,290.1,291.9,401.0,100.0,1.0
788475,4934,155,5.363538,0.247179,-0.046627,0.010515,0.022351,0.00261487,-0.001188,0.986893,0.283553,0.245779,1.0,11380.1,228.4,261.5,465.4,100.0,1.0
788639,4935,164,4.095821,0.2,-0.168914,0.002719,0.058989,0.00244159,-0.091824,0.88046,0.10699,0.091208,1.0,10974.6,251.4,247.2,703.2,100.0,1.0
788800,4936,161,3.971526,0.932417,-0.21101,0.035184,0.0,0.00286272,-0.161672,0.69267,0.014973,0.045542,1.0,10259.1,245.3,308.6,598.6,100.0,1.0
788957,4937,157,6.030606,0.430166,-0.002634,0.021516,0.02675,0.0026452,0.039086,1.0,0.349356,0.347169,1.0,12226.0,226.9,327.8,467.2,100.0,1.0
789120,4938,163,6.720589,1.0,0.018831,0.0,0.0,0.00296371,0.023291,1.0,0.433485,0.266475,1.0,12638.0,249.5,345.7,350.5,100.0,1.0
789279,4939,159,3.322495,1.0,-0.460398,0.010292,0.0,0.00299246,-0.22546,0.595668,-0.062277,-0.060499,1.0,9889.5,263.2,322.1,497.6,100.0,1.0
789431,4940,152,5.030099,0.809939,-0.203295,0.010093,0.0,0.00293639,-0.067313,0.937474,0.307876,0.058435,1.0,11191.8,264.3,360.5,343.9,100.0,1.0
789591,4941,160,4.405438,0.2,-0.130874,0.0,0.0,0.00250239,-0.068429,0.898016,0.08869,0.16066,1.0,11041.4,237.8,389.1,546.1,100.0,1.0
789758,4942,167,4.380964,1.0,0.117783,0.02058,1.7e-05,0.00251069,-0.089177,0.893541,0.219417,0.051654,1.0,11024.4,262.1,342.7,701.6,100.0,1.0
789920,4943,162,3.850889,1.0,-0.224473,0.019194,5.2e-05,0.00242409,-0.102541,0.841604,0.042608,0.109323,1.0,10826.5,244.0,280.5,731.8,100.0,1.0
790076,4944,156,5.610919,0.2,0.020329,0.0,0.029015,0.0025409,0.026389,1.0,0.493539,0.256783,1.0,11931.1,237.3,241.0,616.2,100.0,1.0
790235,4945,159,3.533349,0.607663,-0.07372,0.0,0.0,0.00297187,-0.206307,0.65193,-0.115251,-0.025882,1.0,10103.9,259.3,334.2,365.7,100.0,1.0
790399,4946,164,4.333524,1.0,-0.322296,0.003684,0.0,0.00296079,-0.159049,0.786557,0.033998,-0.030293,1.0,10616.8,273.7,282.5,375.6,100.0,1.0
790565,4947,166,4.844299,1.0,-0.07491,0.011166,0.0,0.00268056,-0.079955,0.989453,0.210607,0.005402,1.0,11389.8,283.2,312.8,552.4,100.0,1.0
790726,4948,161,6.313171,0.2,-0.08229,0.006959,0.012045,0.00293307,0.003478,1.0,0.2071,0.275892,1.0,11556.5,226.4,431.5,436.7,100.0,1.0
790884,4949,158,3.971884,0.2,0.038703,0.0,0.0,0.00203739,-0.02261,1.0,0.273374,0.166841,1.0,11590.7,248.3,189.1,815.0,100.0,1.0
791042,4950,158,3.45105,0.801551,-0.173283,0.0,0.0,0.00256993,-0.146012,0.753781,0.169861,-0.004812,1.0,10491.9,263.6,264.2,650.2,100.0,1.0
791193,4951,151,2.677971,0.2,-0.357315,0.002153,0.24047,0.0025372,-0.181333,0.598789,0.089466,0.033411,1.0,9901.4,239.5,307.7,684.2,100.0,1.0
791355,4952,162,4.850117,0.988614,-0.020733,0.030546,0.0,0.00237643,-0.019532,1.0,0.278857,0.175274,1.0,12106.5,257.5,236.9,775.1,100.0,1.0
791510,4953,155,5.319289,0.2,0.006952,0.005291,3e-06,0.00251355,0.011193,0.988898,0.261363,0.292773,1.0,11387.7,220.2,275.6,673.4,100.0,1.0
791668,4954,158,4.792177,0.211388,-0.110209,0.0,1.6e-05,0.00260124,-0.04992,0.957312,-0.068516,0.225344,1.0,11267.4,229.9,371.3,556.6,100.0,1.0
791824,4955,156,5.87196,0.598385,0.10586,0.022911,1.8e-05,0.00256173,0.042805,1.0,0.286154,0.380631,1.0,11509.2,208.4,350.5,897.1,100.0,1.0
791985,4956,161,1.557601,0.2,-0.310327,0.0,0.080313,0.00254896,-0.293024,0.379826,-0.129693,-0.083369,1.0,9067.1,247.3,269.7,923.7,100.0,1.0
792146,4957,161,5.059055,0.2,-0.258724,0.0,0.0,0.00303185,-0.106946,0.844082,0.064632,0.085234,1.0,10836.0,249.6,358.0,367.0,100.0,1.0
792304,4958,158,2.209731,1.0,-0.262601,0.048075,0.0,0.00281938,-0.278961,0.460497,-0.142113,-0.099578,1.0,9374.5,260.3,291.5,913.0,100.0,1.0
792467,4959,163,3.716111,0.950881,-0.201145,0.0,0.000419,0.00290687,-0.193815,0.672248,-0.002135,-0.038877,1.0,10181.3,264.8,348.6,584.0,100.0,1.0
792623,4960,156,5.168194,0.2,-0.195893,0.0,0.139407,0.0026048,-0.016908,1.0,0.39168,0.146414,1.0,11513.2,251.1,314.6,661.8,100.0,1.0
792785,4961,162,3.905813,1.0,-0.052789,0.0,0.0,0.00258222,-0.124006,0.769489,0.189647,0.048855,1.0,10551.8,251.5,289.6,529.4,100.0,1.0
792945,4962,160,3.989847,0.821582,-0.274651,0.001056,0.0,0.00274138,-0.137977,0.871704,-0.016665,-0.014121,1.0,10941.2,277.4,272.6,503.7,100.0,1.0
793106,4963,161,4.597162,1.0,-0.311804,0.01081,1.5e-05,0.00319054,-0.167277,0.610141,-0.080648,0.127508,1.0,9944.6,220.5,447.6,219.4,100.0,1.0
793265,4964,159,5.915172,1.0,0.069296,0.010338,0.0,0.00252264,0.044649,1.0,0.429124,0.339122,1.0,12452.1,232.5,357.4,579.0,100.0,1.0
793427,4965,162,2.68654,0.912381,-0.26132,0.022383,0.0,0.00249251,-0.201341,0.670942,-0.009323,-0.060479,1.0,10176.3,270.8,246.5,558.3,100.0,1.0
793582,4966,155,4.165252,0.2,-0.088445,0.0,6.7e-05,0.00294225,-0.142183,0.592351,0.049044,0.182748,1.0,9876.9,208.8,407.7,371.8,100.0,1.0
793742,4967,160,6.433829,0.911215,-0.024678,0.001973,0.0,0.00300783,0.003582,1.0,0.215779,0.273349,1.0,12577.4,246.9,372.4,380.7,100.0,1.0
793903,4968,161,4.140292,0.2,-0.207932,0.0,0.098781,0.00273022,-0.127551,0.815097,0.125909,0.020281,1.0,10725.5,262.8,276.7,618.8,100.0,1.0
794057,4969,154,5.742469,0.542614,0.110356,0.005552,0.000309,0.0024965,0.048298,1.0,0.558224,0.308252,1.0,12256.8,234.2,275.0,681.7,100.0,1.0
794220,4970,163,5.62634,0.845934,-0.041096,0.019427,0.0,0.00275953,-0.025801,1.0,0.377352,0.121545,1.0,11997.6,267.4,301.8,800.8,100.0,1.0
794379,4971,159,4.051319,0.915357,-0.190474,0.0,0.0,0.00267176,-0.119495,0.807899,0.218827,0.02216,1.0,10698.1,261.7,253.1,642.0,100.0,1.0
794537,4972,158,2.994498,0.933362,-0.023404,0.028401,0.00018,0.00250259,-0.169736,0.663003,0.118883,0.008749,1.0,10146.0,251.5,292.2,535.5,100.0,1.0
794694,4973,157,3.572269,0.49128,-0.30248,0.00164,0.000342,0.00283087,-0.175243,0.652479,-0.050721,0.055698,1.0,10105.9,239.3,298.1,403.7,100.0,1.0
794856,4974,162,3.98271,0.2,-0.198607,0.0,7.5e-05,0.00262271,-0.124735,0.813917,0.19343,0.008143,1.0,10721.0,265.9,275.1,706.2,100.0,1.0
795011,4975,155,4.542422,0.547595,-0.130224,0.016979,2.6e-05,0.00242994,-0.034313,1.0,0.250322,0.135517,1.0,11505.7,253.3,329.7,912.2,100.0,1.0
795172,4976,161,3.616608,1.0,-0.251222,0.006855,0.0,0.00283644,-0.184118,0.660204,-0.062392,0.023566,1.0,10135.4,247.6,342.3,476.0,100.0,1.0
795338,4977,166,4.712108,1.0,-0.094862,0.053879,0.0,0.00295509,-0.135433,0.889235,0.026774,-0.03473,1.0,11008.0,285.1,382.7,449.2,99.884,1.0
795501,4978,163,5.18595,0.489385,-0.074865,0.0,0.0,0.00259496,-0.032132,1.0,0.114114,0.188187,1.0,11769.7,247.6,353.7,545.9,100.0,1.0
795661,4979,160,2.020331,0.940385,-0.313228,0.012012,0.0,0.00246154,-0.241578,0.512465,-0.113399,-0.027847,1.0,9572.5,246.2,298.7,720.0,100.0,1.0
795821,4980,160,3.973297,0.2,-0.084398,0.0,0.083451,0.00275008,-0.14057,0.695835,0.161767,0.064315,1.0,10271.1,241.3,317.6,538.9,100.0,1.0
795977,4981,156,3.368696,0.610505,0.093699,0.020618,0.0,0.00220983,-0.090845,0.803835,0.209865,0.124033,1.0,10682.6,237.6,258.9,668.1,100.0,1.0
796139,4982,162,4.51591,0.2,-0.288053,0.0,0.000118,0.00294295,-0.136432,0.825367,0.106002,-0.011245,1.0,10764.6,272.2,316.0,492.7,100.0,1.0
796301,4983,162,4.557664,1.0,-0.241477,0.079248,0.0,0.00297372,-0.138258,0.721234,0.08487,0.076487,1.0,10367.9,240.8,349.6,480.5,99.123,1.0
796467,4984,166,2.551211,0.2,-0.240274,0.00949,0.016716,0.00268456,-0.253366,0.49299,-0.157808,-0.036109,1.0,9498.3,246.4,318.5,589.9,100.0,1.0
796631,4985,164,3.689987,0.2,0.007865,0.0,0.02142,0.00240547,-0.116389,0.763331,0.024127,0.134551,1.0,10528.3,232.0,302.6,741.4,100.0,1.0
796797,4986,166,3.847672,0.748675,-0.198442,0.0,0.0,0.00274601,-0.165851,0.755383,0.020735,-0.022566,1.0,10498.0,268.5,277.5,475.5,100.0,1.0
796955,4987,158,4.144733,0.30082,-0.262533,0.002231,0.000345,0.00265156,-0.106568,0.811629,0.071265,0.111329,1.0,10712.3,241.0,320.6,449.9,100.0,1.0
797120,4988,165,5.703936,0.2,-0.239368,0.001776,0.062402,0.00277344,-0.027723,1.0,0.275138,0.149211,1.0,11991.9,260.9,306.3,650.4,100.0,1.0
797283,4989,163,4.445339,1.0,-0.282085,0.02831,0.000108,0.00272907,-0.109794,0.917799,0.098847,0.002904,1.0,11116.8,277.1,241.7,527.6,100.0,1.0
797439,4990,156,4.358997,1.0,-0.273707,0.011093,0.0,0.00298877,-0.137711,0.757036,-0.069261,0.099853,1.0,10504.3,238.8,405.2,243.7,100.0,1.0
797596,4991,157,4.175889,0.2,-0.289579,0.0,0.046188,0.00293567,-0.146153,0.816134,0.125196,-0.042355,1.0,10729.5,280.1,283.5,653.7,100.0,1.0
797761,4992,165,4.223843,1.0,-0.109803,0.047121,0.0,0.00270646,-0.128194,0.843324,0.154726,-0.014993,1.0,10833.1,274.9,335.2,789.3,100.0,1.0
797919,4993,158,5.593135,0.2,-0.119006,0.0,7.2e-05,0.00295161,-0.044769,1.0,0.169114,0.127732,1.0,12392.7,274.7,363.7,460.6,100.0,1.0
798072,4994,153,5.454611,0.2,-0.162215,0.0,0.35676,0.00278127,-0.014377,1.0,0.343169,0.171019,1.0,11543.9,246.5,305.2,429.1,100.0,1.0
798226,4995,154,5.741759,0.677458,-0.07859,0.005432,0.0,0.00285662,-0.007114,0.971107,0.086578,0.304838,1.0,11319.9,216.9,418.2,345.0,100.0,1.0
798388,4996,162,2.758652,1.0,-0.184119,0.052034,0.0,0.00272024,-0.232738,0.548704,-0.046137,-0.051,1.0,9710.6,255.8,336.2,829.4,99.939,1.0
798548,4997,160,4.354142,1.0,-0.234384,0.041634,0.0,0.00280468,-0.120535,0.865742,0.039033,0.030422,1.0,10918.5,264.9,314.5,445.9,100.0,1.0
798715,4998,167,4.64181,0.2,-0.28707,0.010521,0.166242,0.00289612,-0.133752,0.777961,0.059273,0.052767,1.0,10584.0,251.3,362.0,521.7,100.0,1.0
798876,4999,161,6.331432,0.507877,0.070635,0.0,8e-06,0.00271213,0.040635,1.0,0.546402,0.286648,1.0,12582.7,244.5,349.0,590.3,100.0,1.0
799031,5000,155,2.568907,0.2,-0.331654,0.001491,0.177218,0.00254324,-0.200545,0.631118,-0.030337,-0.017638,1.0,10024.6,255.1,270.7,640.0,100.0,1.0
799195,5001,164,6.054671,0.323615,-0.066182,0.032478,0.009411,0.00278096,0.000347,1.0,0.27921,0.241421,1.0,12568.4,253.1,341.5,501.4,100.0,1.0
799359,5002,164,4.205914,0.2,-0.350094,0.0,0.23864,0.00295126,-0.166948,0.701017,0.145277,-0.022432,1.0,10290.9,263.2,358.6,397.5,100.0,1.0
799520,5003,161,5.920021,0.762068,-0.207788,0.012558,5.3e-05,0.00315046,-0.060927,0.903468,0.162031,0.156675,1.0,11062.2,239.1,440.1,277.3,100.0,1.0
799684,5004,164,4.682716,1.0,-0.255533,0.024215,0.0,0.00279951,-0.106079,0.855734,0.266332,0.01118,1.0,10880.3,269.0,277.0,371.1,100.0,1.0
799848,5005,164,5.894115,1.0,-0.000779,0.010885,1e-05,0.00289699,-0.030732,1.0,0.262504,0.143391,1.0,12107.0,264.7,385.8,390.5,100.0,1.0
800006,5006,158,5.378407,0.533447,0.003881,0.0,0.0,0.00252656,0.006311,1.0,0.405628,0.21916,1.0,11982.1,245.7,271.8,530.9,100.0,1.0
800168,5007,162,5.301562,0.2,-0.065309,0.0,7.2e-05,0.00265205,-0.029923,1.0,0.192511,0.169418,1.0,11447.4,244.7,319.4,505.7,100.0,1.0
800333,5008,165,3.086461,1.0,-0.129297,0.068887,0.0,0.00270203,-0.213135,0.606272,-0.004891,-0.047379,1.0,9929.9,260.6,347.8,466.5,99.433,1.0
800493,5009,160,3.558195,1.0,-0.312515,0.044885,0.0,0.00319631,-0.24315,0.585479,-0.129507,-0.088563,1.0,9850.7,270.2,394.0,272.8,100.0,1.0
800658,5010,165,5.353037,0.401512,0.010094,0.0,0.000268,0.00249541,-0.008133,1.0,0.454748,0.154641,1.0,12004.4,259.9,253.2,883.9,100.0,1.0
800817,5011,159,3.091587,0.2,-0.275412,0.0,0.013356,0.00258916,-0.178576,0.716252,-0.018651,-0.019246,1.0,10348.9,263.8,293.5,889.1,100.0,1.0
800980,5012,163,5.132937,0.825043,-0.149799,0.007791,5.9e-05,0.00316811,-0.129391,0.793264,0.100975,0.040651,1.0,10642.3,255.7,437.4,448.4,100.0,1.0
801142,5013,162,3.609236,0.2,-0.270151,0.009459,0.353994,0.0026691,-0.160248,0.719631,-0.068467,0.055635,1.0,10361.8,245.4,294.3,871.7,100.0,1.0
801294,5014,152,3.797445,0.700561,-0.337082,0.020847,5e-06,0.00274129,-0.130328,0.815471,-0.03175,0.063264,1.0,10726.9,252.2,335.5,497.8,100.0,1.0
801456,5015,162,5.60688,1.0,-0.251449,0.0,0.0,0.00329916,-0.111674,0.83771,0.138821,0.050056,1.0,10811.7,257.4,376.8,288.3,100.0,1.0
801617,5016,161,4.578312,1.0,-0.057068,0.031398,0.0,0.00283531,-0.111232,0.882289,0.187978,-0.002006,1.0,10981.5,275.1,352.4,541.7,100.0,1.0
801779,5017,162,3.92723,0.233854,-0.274197,0.0,0.061772,0.00288551,-0.171298,0.788666,-0.096375,-0.029422,1.0,10624.8,273.7,331.1,370.2,100.0,1.0
801943,5018,164,4.427769,0.696996,-0.101249,0.0,0.0,0.00286224,-0.135497,0.813068,0.136561,-0.008068,1.0,10717.8,270.1,362.4,483.8,100.0,1.0
802109,5019,166,4.227488,1.0,-0.127477,0.032032,0.0,0.00260613,-0.113806,0.82434,0.057433,0.081219,1.0,10760.7,248.8,343.0,537.1,100.0,1.0
802270,5020,161,4.001668,0.556834,-0.276917,0.0,0.0,0.00272564,-0.137046,0.745907,0.072017,0.064251,1.0,10461.9,245.8,303.4,860.7,100.0,1.0
802433,5021,163,1.923009,0.874355,-0.143866,0.026469,0.0,0.00235264,-0.238456,0.512296,-0.034765,-0.04351,1.0,9571.8,250.2,277.3,700.5,100.0,1.0
802595,5022,162,4.745008,1.0,-0.154308,0.067281,0.0,0.00269143,-0.078171,0.860688,0.060419,0.168717,1.0,10899.2,233.1,417.5,236.7,99.482,1.0
802756,5023,161,2.811804,0.839781,-0.350247,0.024508,0.000168,0.00263079,-0.211508,0.553294,0.024551,-0.007624,1.0,9728.1,245.1,280.8,690.0,100.0,1.0
802918,5024,162,4.78815,0.2,-0.269595,0.0,0.261943,0.00303859,-0.131158,0.81234,0.103216,0.01812,1.0,10715.0,263.1,321.2,475.3,100.0,1.0
803077,5025,159,6.325637,0.709645,-0.004256,0.007327,0.0,0.00287368,0.020157,1.0,0.209296,0.330759,1.0,11769.1,221.1,395.0,365.7,100.0,1.0
803234,5026,157,5.265925,0.2,0.004956,0.0,0.380079,0.00252693,0.000432,0.926223,0.338447,0.283438,1.0,11148.9,217.2,286.6,698.5,100.0,1.0
803384,5027,150,3.496696,1.0,-0.224357,0.024651,0.0,0.00265763,-0.134923,0.823854,0.050686,0.013483,1.0,10758.9,265.4,235.6,508.3,100.0,1.0
803536,5028,152,5.997239,0.2,-0.092714,0.0,0.054194,0.00303179,-0.008525,0.902582,0.11676,0.347178,1.0,11058.8,205.2,509.9,241.6,100.0,1.0
803701,5029,165,5.623716,1.0,-0.275717,0.035147,0.0,0.00311145,-0.08924,0.810484,0.036757,0.181545,1.0,10707.9,226.6,438.5,235.4,100.0,1.0
803860,5030,159,4.303849,0.2,0.02124,0.005325,0.254707,0.00254104,-0.079399,0.971576,0.20399,0.02436,1.0,11321.7,276.3,284.5,572.7,100.0,1.0
804017,5031,157,5.01772,0.398266,-0.230577,0.0,0.0,0.00280864,-0.062489,0.951315,0.147941,0.116294,1.0,11244.5,251.8,323.0,648.7,100.0,1.0
804179,5032,162,5.861477,1.0,0.123047,0.007202,9.9e-05,0.00239308,0.054431,1.0,0.608522,0.311928,1.0,12177.4,232.1,246.3,633.6,100.0,1.0
804333,5033,154,5.127374,1.0,-0.052708,0.047765,0.0,0.00277399,-0.040464,1.0,0.360683,0.078226,1.0,11584.0,268.6,334.9,489.0,100.0,1.0
804482,5034,149,3.934528,1.0,-0.222045,0.027097,0.0,0.0026559,-0.098967,0.938206,0.11061,0.018069,1.0,11194.6,274.9,318.2,428.8,100.0,1.0
804638,5035,156,2.926353,0.31483,-0.2795,0.001834,0.00075,0.0026723,-0.196165,0.703888,-0.053372,-0.056,1.0,10301.8,272.8,304.5,561.8,100.0,1.0
804804,5036,166,3.986067,0.2,-0.204085,0.0,3.9e-05,0.00253463,-0.120104,0.84904,0.018783,0.052526,1.0,10854.8,257.8,238.3,634.4,100.0,1.0
804958,5037,154,4.173114,0.2,-0.305841,0.0,0.346497,0.00289612,-0.131251,0.78576,-0.039813,0.087635,1.0,10613.7,244.0,384.0,452.3,100.0,1.0
805117,5038,159,5.44882,0.586527,0.077064,0.017739,4.1e-05,0.00238308,0.032075,1.0,0.57224,0.249503,1.0,12349.4,247.1,275.2,847.1,100.0,1.0
805283,5039,166,4.753154,1.0,-0.092042,0.015105,0.0,0.00297025,-0.134558,0.889235,0.026862,-0.031843,1.0,11008.0,284.3,400.4,449.2,100.0,1.0
805440,5040,157,4.842821,0.2,0.022424,0.0,0.045481,0.00244256,-0.018192,1.0,0.197753,0.206775,1.0,11501.3,238.3,313.8,679.3,100.0,1.0
805597,5041,157,5.291007,0.809484,-0.021609,0.007838,1e-06,0.00258937,-0.007444,1.0,0.41935,0.168736,1.0,12282.7,262.7,315.9,629.7,100.0,1.0
805753,5042,156,2.310789,0.2,-0.309741,0.0,0.062244,0.00262642,-0.235429,0.547554,-0.074521,-0.049552,1.0,9706.2,255.3,276.9,734.6,100.0,1.0
805915,5043,162,5.062404,0.2,-0.13804,0.0,0.353551,0.00274652,-0.063092,1.0,0.279763,0.029771,1.0,12109.7,294.0,324.7,644.8,100.0,1.0
806072,5044,157,3.903785,0.447314,-0.287576,0.011464,7.3e-05,0.00256255,-0.107863,0.8835,0.11712,0.031833,1.0,10986.1,266.2,292.5,763.3,100.0,1.0
806231,5045,159,5.53222,1.0,-0.037248,0.019721,0.0,0.00292304,-0.04748,0.896367,0.193346,0.196979,1.0,11035.2,230.5,364.5,398.0,100.0,1.0
806395,5046,164,4.906012,1.0,-0.09905,0.0265,4e-05,0.00268579,-0.070413,0.954394,0.095753,0.104711,1.0,11256.2,254.7,331.3,643.7,100.0,1.0
806560,5047,165,5.119843,0.808669,-0.050739,0.0,1.4e-05,0.00259479,-0.041948,1.0,0.28922,0.097099,1.0,11430.3,260.5,305.3,531.1,100.0,1.0
806722,5048,162,4.39487,0.254509,-0.313144,0.0,0.075316,0.00278233,-0.119233,0.871871,0.060364,0.022543,1.0,10941.8,267.5,277.9,461.7,100.0,1.0
806885,5049,163,5.485358,1.0,-0.020795,0.023634,0.0,0.00265422,-0.018873,1.0,0.284676,0.175531,1.0,12150.7,258.4,354.0,424.1,100.0,1.0
807049,5050,164,6.909413,0.812716,0.071179,0.017202,0.0,0.00287064,0.050397,1.0,0.384454,0.373172,1.0,12565.0,228.8,425.3,274.2,100.0,1.0
807205,5051,156,4.321929,0.2,-0.39374,0.0,0.022115,0.00297383,-0.137909,0.770476,0.215376,-0.006886,1.0,10555.5,265.7,351.5,447.1,100.0,1.0
807360,5052,155,4.102584,0.444127,-0.224335,0.032182,0.000157,0.00250661,-0.079051,0.917036,0.383028,0.011291,1.0,11113.9,274.7,191.8,913.7,100.0,1.0
807515,5053,155,4.791979,1.0,-0.386965,0.022465,0.0,0.00344472,-0.172469,0.672479,0.054173,0.013313,1.0,10182.1,251.2,397.6,247.9,100.0,1.0
807671,5054,156,5.423856,0.645522,-0.057334,0.02869,8.5e-05,0.00273796,-0.017961,1.0,0.202779,0.205871,1.0,11671.1,242.0,356.4,470.8,100.0,1.0
807840,5055,169,3.437845,1.0,-0.321164,0.036749,6.4e-05,0.00296704,-0.242097,0.534664,-0.115676,-0.047317,1.0,9657.1,253.4,394.9,430.1,100.0,1.0
808002,5056,162,5.859747,1.0,-0.172086,0.002921,0.0,0.00307333,-0.055813,1.0,0.258043,0.061276,1.0,11562.3,272.4,372.9,305.3,100.0,1.0
808169,5057,167,4.090272,0.983119,-0.293331,0.0,0.0,0.00321009,-0.227506,0.614912,-0.038374,-0.091321,1.0,9962.8,274.1,326.1,352.4,100.0,1.0
808326,5058,157,5.440433,0.847149,-0.239606,0.001433,0.0,0.0029671,-0.055368,0.967765,-0.004319,0.177076,1.0,11307.2,240.2,448.4,266.4,100.0,1.0
808490,5059,164,2.638837,1.0,-0.324023,0.032638,0.0,0.00264919,-0.235367,0.574169,-0.028747,-0.086781,1.0,9807.6,268.5,276.0,673.9,100.0,1.0
808648,5060,158,2.456116,1.0,-0.326885,0.000197,6e-06,0.00260384,-0.226093,0.537109,-0.170695,0.02233,1.0,9666.4,236.4,273.7,853.8,100.0,1.0
808813,5061,165,2.349013,0.59051,-0.186137,0.013388,0.0,0.00253385,-0.240853,0.483657,-0.016767,-0.033634,1.0,9462.7,244.8,311.3,751.4,100.0,1.0
808966,5062,153,2.033991,0.393253,-0.415145,0.0,0.000676,0.00275839,-0.268572,0.462609,-0.08801,-0.084744,1.0,9382.5,256.3,274.7,527.0,100.0,1.0
809126,5063,160,5.143098,0.420045,0.072157,0.007681,0.000162,0.00239855,0.004282,1.0,0.406623,0.212065,1.0,12153.2,250.7,318.5,911.3,100.0,1.0
809286,5064,160,3.116953,1.0,0.063648,0.02036,0.0,0.00236967,-0.143969,0.745563,0.162847,0.011185,1.0,10460.6,258.6,294.3,760.2,100.0,1.0
809448,5065,162,4.667763,0.982835,-0.115762,0.0,0.0,0.00290661,-0.118695,0.785101,0.1277,0.074199,1.0,10611.2,247.0,339.3,337.0,100.0,1.0
809610,5066,162,5.483099,-0.326589,-0.174058,0.0,0.0,0.00264034,-0.014029,1.0,0.320991,0.179572,1.0,12466.1,264.2,299.4,406.5,100.0,1.0
809771,5067,161,2.931883,0.2,-0.136531,0.006436,0.287258,0.00237279,-0.160805,0.734933,0.112368,-0.019249,1.0,10420.1,265.6,246.1,948.4,100.0,1.0
809933,5068,162,5.311276,1.0,-0.055092,0.0,0.0,0.00270171,-0.036943,1.0,0.304117,0.108816,1.0,11956.3,269.6,334.3,531.8,100.0,1.0
810090,5069,157,4.237879,0.2,-0.165362,0.0,0.176346,0.00278671,-0.117768,0.850707,0.209177,-0.004543,1.0,10861.2,272.8,360.6,501.1,100.0,1.0
810253,5070,163,4.810394,0.42185,-0.041002,0.0,0.000145,0.00242065,-0.031624,1.0,0.353197,0.110186,1.0,12045.2,271.2,255.7,565.4,100.0,1.0
810408,5071,155,4.770897,1.0,0.042727,0.0,0.000359,0.0024694,-0.022799,1.0,0.385166,0.128948,1.0,11802.1,261.4,255.3,685.1,100.0,1.0
810568,5072,160,3.882446,0.2,-0.229099,0.00906,0.024387,0.00255736,-0.116259,0.893625,0.202136,-0.03293,1.0,11024.7,285.0,175.6,787.0,100.0,1.0
810725,5073,157,5.101082,0.201248,0.063911,0.0,0.126759,0.00266265,-0.033179,1.0,0.278824,0.129795,1.0,11488.1,254.2,295.8,664.4,100.0,1.0
810884,5074,159,6.367661,0.234475,-0.037812,0.0,0.0,0.00285572,0.02636,1.0,0.300937,0.320887,1.0,11856.5,224.4,419.9,296.1,100.0,1.0
811045,5075,161,3.371782,0.976947,-0.292151,0.022773,0.0,0.00277967,-0.193134,0.726174,0.013558,-0.086776,1.0,10386.7,284.3,288.5,589.4,100.0,1.0
811205,5076,160,5.918104,1.0,0.060769,0.01086,0.0,0.00267202,0.018992,1.0,0.321416,0.289501,1.0,12238.7,237.3,388.3,425.3,100.0,1.0
811369,5077,164,2.919218,0.294351,-0.298557,0.021165,1.3e-05,0.00272237,-0.226218,0.668878,-0.083661,-0.116905,1.0,10168.4,287.9,311.9,584.2,100.0,1.0
811533,5078,164,5.557012,0.432051,0.078991,0.0,0.000319,0.00266708,-0.018128,1.0,0.366338,0.150795,1.0,12020.9,261.1,342.3,624.1,100.0,1.0
811694,5079,161,6.851232,0.2,-0.045062,0.002558,0.033542,0.00300644,0.032898,1.0,0.283686,0.348432,1.0,12828.9,237.8,434.9,599.7,100.0,1.0
811856,5080,162,5.091612,0.235329,-0.087606,0.015608,0.0,0.00292638,-0.089882,0.795793,0.107603,0.168031,1.0,10652.0,228.0,381.4,532.7,100.0,1.0
812016,5081,160,4.824223,0.2,-0.184543,0.0,0.0,0.00254157,-0.042619,0.995174,0.338641,0.082413,1.0,11411.6,263.6,237.5,614.7,100.0,1.0
812180,5082,164,5.403395,0.403081,-0.136702,0.010769,3.5e-05,0.00282933,-0.056279,0.931525,0.155467,0.150977,1.0,11169.1,242.6,350.8,472.8,100.0,1.0
812328,5083,148,4.44385,0.62257,-0.077195,0.008261,4.7e-05,0.00247847,-0.03147,1.0,0.195425,0.16329,1.0,11770.4,253.0,198.3,727.8,100.0,1.0
812488,5084,160,3.620482,0.560209,-0.335116,0.017345,3.3e-05,0.00313957,-0.229138,0.562238,-0.17445,-0.007507,1.0,9762.1,245.9,419.7,393.8,100.0,1.0
812651,5085,163,4.625019,0.225044,-0.064185,0.006355,0.043316,0.00270519,-0.09192,0.771551,0.053107,0.199606,1.0,10559.6,220.1,385.1,574.8,100.0,1.0
812808,5086,157,3.671914,0.2,-0.377133,0.0,0.000383,0.00296797,-0.188867,0.753189,0.005921,-0.09252,1.0,10489.6,289.0,282.1,485.5,100.0,1.0
812969,5087,161,5.508728,0.327217,-0.024053,0.013441,3.3e-05,0.0029266,-0.055451,1.0,0.262289,0.061067,1.0,11656.0,274.6,339.6,435.5,100.0,1.0
813122,5088,153,5.293357,0.684551,0.029875,0.00407,0.0,0.00270646,-0.014597,0.964694,0.191923,0.250124,1.0,11295.5,225.9,327.3,450.2,100.0,1.0
813277,5089,155,6.166834,1.0,0.005662,0.022425,0.0,0.00289328,0.016957,1.0,0.318388,0.283726,1.0,12009.8,233.9,389.6,340.1,100.0,1.0
813439,5090,162,4.801893,0.432256,-0.11162,0.021324,0.000291,0.0026079,-0.060075,1.0,0.194624,0.06821,1.0,11869.6,277.8,268.7,696.8,100.0,1.0
813599,5091,160,4.487834,0.996544,-0.257361,0.0,0.0,0.0026523,-0.085664,0.929732,0.114023,0.068337,1.0,11162.3,261.2,252.9,563.2,100.0,1.0
813756,5092,157,3.744645,1.0,-0.290165,0.076388,0.0,0.00313859,-0.210149,0.671589,-0.035414,-0.081682,1.0,10178.8,277.1,334.7,442.4,99.208,1.0
813915,5093,159,5.739883,0.996318,-0.059702,0.034126,0.0,0.00303071,-0.048675,0.940987,0.309959,0.116942,1.0,11205.2,250.8,369.5,323.9,100.0,1.0
814076,5094,161,5.046906,0.250306,-0.273181,0.000322,0.00014,0.00282184,-0.073397,1.0,0.174859,0.030391,1.0,11841.1,287.3,326.8,556.2,100.0,1.0
814240,5095,164,2.405761,1.0,-0.206688,0.0,0.0,0.00264681,-0.252497,0.523822,-0.060166,-0.091452,1.0,9615.8,264.6,271.7,475.5,100.0,1.0
814398,5096,158,5.354231,1.0,-0.238119,0.015582,0.0,0.00298526,-0.067552,1.0,0.202741,0.04058,1.0,11476.3,275.7,298.5,476.7,100.0,1.0
814559,5097,161,4.946347,0.2,-0.030957,0.0,0.135936,0.00249016,-0.027569,1.0,0.352773,0.123846,1.0,11935.3,265.5,236.5,675.4,100.0,1.0
814720,5098,161,5.59866,0.498417,0.081055,0.009648,1.3e-05,0.00244531,0.028885,1.0,0.569579,0.239757,1.0,13409.7,270.4,263.4,642.3,100.0,1.0
814888,5099,168,0.750386,1.0,-0.406913,0.028035,0.0,0.00275806,-0.406731,0.123933,-0.353746,-0.174464,1.0,8092.2,245.1,319.9,594.8,100.0,1.0
815048,5100,160,4.510752,1.0,-0.150842,0.044478,0.0,0.00270017,-0.091559,0.929392,0.000999,0.086645,1.0,11161.0,256.8,298.3,672.1,100.0,1.0
815202,5101,154,4.670628,0.416089,-0.243087,0.002579,4.6e-05,0.00260271,-0.048278,0.973452,0.308561,0.091676,1.0,11328.9,259.4,248.2,769.4,100.0,1.0
815357,5102,155,4.498827,0.8384,-0.194524,0.0288,0.0,0.00274724,-0.086254,0.914826,0.10203,0.082789,1.0,11105.5,256.4,291.3,485.8,100.0,1.0
815517,5103,160,4.827106,0.524215,-0.0981,0.0,0.000201,0.00267438,-0.063549,0.93599,0.201795,0.107579,1.0,11186.1,252.5,359.2,521.9,100.0,1.0
815676,5104,159,5.447603,0.576942,-0.172487,0.0,0.0,0.00281014,-0.035624,1.0,0.220129,0.141212,1.0,11775.0,257.9,263.3,431.5,100.0,1.0
815837,5105,161,4.461619,0.2,-0.207714,0.0,0.209777,0.00248987,-0.0641,1.0,0.133053,0.075315,1.0,11468.1,266.6,232.2,727.9,100.0,1.0
815999,5106,162,3.894807,1.0,-0.076249,0.015208,0.0,0.00266091,-0.137086,0.834851,0.13948,-0.032491,1.0,10800.8,279.1,239.2,582.5,100.0,1.0
816161,5107,162,3.360551,0.421914,-0.209586,0.011184,6.6e-05,0.0025948,-0.166703,0.651339,-0.005515,0.070045,1.0,10101.6,236.0,320.1,585.6,100.0,1.0
816319,5108,158,5.611331,0.26497,0.013773,0.0,0.01688,0.00251417,0.026305,1.0,0.44749,0.271854,1.0,12492.9,245.6,257.6,688.2,100.0,1.0
816478,5109,159,4.481447,0.259759,-0.346773,0.0,0.079754,0.00290898,-0.124274,0.928508,-0.0105,-0.017837,1.0,11157.6,284.0,342.8,536.0,100.0,1.0
816635,5110,157,2.691372,0.309559,-0.319767,0.0,0.000171,0.00274831,-0.228337,0.650052,-0.110973,-0.099175,1.0,10096.7,280.2,301.8,646.3,100.0,1.0
816797,5111,162,4.622912,0.690618,-0.132101,0.000113,0.0,0.00269974,-0.088408,1.0,0.160461,-0.014846,1.0,11512.3,292.1,335.5,525.0,100.0,1.0
816951,5112,154,1.912439,0.2,-0.31752,0.01239,0.000255,0.0028094,-0.288292,0.474671,-0.048692,-0.173636,1.0,9428.5,285.2,257.2,628.5,100.0,1.0
817109,5113,158,5.338652,0.889235,-0.099243,0.036064,0.0,0.00280493,-0.040195,0.976671,0.152366,0.168002,1.0,11341.1,242.7,364.0,427.3,100.0,1.0
817270,5114,161,4.466006,0.217058,-0.279328,0.0,0.124646,0.0026452,-0.088758,0.838061,0.291082,0.075394,1.0,10813.0,251.4,255.4,883.8,100.0,1.0
817428,5115,158,5.552619,1.0,0.021478,0.042483,3.7e-05,0.00274608,-0.014737,1.0,0.277805,0.191607,1.0,11628.1,244.0,331.1,409.6,100.0,1.0
817597,5116,169,5.364836,1.0,-0.093219,0.031251,0.0,0.00284846,-0.076427,0.969051,0.157741,0.051786,1.0,11312.1,268.9,379.3,506.5,100.0,1.0
817760,5117,163,5.263856,1.0,-0.019976,0.071245,0.0,0.00249166,-0.008785,1.0,0.289794,0.207451,1.0,11694.0,242.1,296.7,418.0,99.363,1.0
817918,5118,158,5.20289,0.531491,0.117147,0.007902,1e-05,0.0024445,0.006514,1.0,0.701327,0.121271,1.0,12546.0,279.7,244.4,746.9,100.0,1.0
818081,5119,163,4.422633,0.512494,-0.080888,0.0,0.000526,0.00240294,-0.057839,1.0,0.256201,0.055135,1.0,11473.6,271.9,227.5,833.6,100.0,1.0
818242,5120,161,1.85975,0.582326,-0.335437,0.0,9.5e-05,0.00270199,-0.294646,0.417256,-0.170367,-0.106412,1.0,9209.7,257.7,336.9,967.8,100.0,1.0
818398,5121,156,5.543992,0.2,-0.349893,0.011036,0.111337,0.00296021,-0.043312,1.0,0.344499,0.074128,1.0,12018.3,279.7,303.3,528.5,100.0,1.0
818550,5122,152,5.396065,1.0,-0.029815,0.014626,0.0,0.00275532,-0.011486,1.0,0.352077,0.177687,1.0,11687.5,248.1,307.0,495.2,100.0,1.0
818713,5123,163,3.927442,1.0,-0.186956,0.057473,7.2e-05,0.00255822,-0.120528,0.826872,0.101544,0.041999,1.0,10770.4,258.4,301.6,862.9,99.776,1.0
818877,5124,164,5.721058,0.549929,0.014817,0.0,1.2e-05,0.0026422,-0.001468,1.0,0.304378,0.226982,1.0,12452.3,253.7,369.7,598.8,100.0,1.0
819039,5125,162,4.212127,0.2,-0.305916,0.000356,0.145585,0.00252006,-0.090293,0.951961,0.099782,0.039129,1.0,11247.0,270.6,266.1,907.7,100.0,1.0
819198,5126,159,3.975659,0.2,-0.324116,0.005234,0.051164,0.00282768,-0.149498,0.741791,-0.011891,0.054144,1.0,10446.2,247.7,362.1,501.7,100.0,1.0
819359,5127,161,5.92583,0.210114,0.073881,0.0,0.100994,0.00255397,0.036134,1.0,0.53822,0.274374,1.0,12595.0,247.1,332.8,933.3,100.0,1.0
819515,5128,156,4.808496,0.2,-0.245704,0.025329,0.018278,0.00281894,-0.076776,1.0,0.071806,0.053479,1.0,11586.3,275.0,364.5,558.6,100.0,1.0
819675,5129,160,6.059763,0.302128,-0.041793,0.037485,0.0,0.00291729,-0.009327,1.0,0.247871,0.219621,1.0,11792.9,241.7,377.2,367.8,100.0,1.0
819836,5130,161,4.78816,0.723713,0.080312,0.002681,3.9e-05,0.00222373,0.003432,1.0,0.514728,0.173197,1.0,11500.2,245.1,222.0,1019.8,100.0,1.0
819997,5131,161,5.750642,0.2,-0.016839,0.0,1e-06,0.00268049,0.002542,1.0,0.238769,0.262215,1.0,11972.9,237.1,334.0,872.6,100.0,1.0
820157,5132,160,3.405457,0.2,-0.278655,0.0,0.000103,0.00294258,-0.213748,0.62085,-0.043851,-0.048585,1.0,9985.4,262.4,371.6,349.7,100.0,1.0
820322,5133,165,3.736022,0.2,-0.283076,0.00077,0.053616,0.0029186,-0.199541,0.636007,-0.043964,-0.01382,1.0,10043.2,254.6,370.5,397.2,100.0,1.0
820484,5134,162,2.687337,0.896183,-0.213576,0.005402,0.0,0.00284562,-0.258115,0.52029,-0.124436,-0.085814,1.0,9602.3,262.6,383.0,353.1,100.0,1.0
820642,5135,158,4.360526,1.0,-0.294149,0.027397,0.0,0.00274925,-0.105176,0.872134,0.102249,0.055219,1.0,10942.8,259.3,303.7,510.4,100.0,1.0
820800,5136,158,2.817199,1.0,-0.36278,0.03477,0.0,0.00306481,-0.271557,0.531842,-0.173578,-0.123865,1.0,9646.3,275.3,367.2,309.0,100.0,1.0
820957,5137,157,5.344736,1.0,-0.211515,0.031491,0.0,0.00293444,-0.057186,1.0,0.17428,0.084618,1.0,11709.2,269.9,376.5,336.6,99.92,1.0
821113,5138,156,4.709027,1.0,-0.228971,0.051844,0.0,0.00297978,-0.109316,0.866518,0.120663,0.03996,1.0,10921.4,262.5,409.0,361.6,99.945,1.0
821271,5139,158,4.064077,1.0,-0.144926,0.040937,0.0,0.00262121,-0.107308,0.873465,0.209075,0.011394,1.0,10947.9,270.6,298.6,1121.3,100.0,1.0
821437,5140,166,6.11022,0.2,-0.093443,0.005382,0.0,0.00285482,-0.012573,1.0,0.24838,0.20863,1.0,11940.3,247.0,389.7,409.1,100.0,1.0
821595,5141,158,6.123612,1.0,-0.276131,0.032424,0.0,0.00324621,-0.050548,0.999542,0.146443,0.116406,1.0,11428.3,255.9,411.6,261.8,100.0,1.0
821758,5142,163,5.662256,0.886729,-0.050001,0.003149,0.0,0.00266321,-0.00656,1.0,0.255927,0.226157,1.0,11818.3,241.0,360.3,512.6,100.0,1.0
821922,5143,164,5.113442,0.403514,-0.253823,0.006793,3.6e-05,0.00271875,-0.059768,0.975841,0.215007,0.08257,1.0,11338.0,261.8,321.9,474.0,100.0,1.0
822081,5144,159,5.33936,0.852166,-0.259177,0.0,0.000202,0.00285454,-0.050702,1.0,0.159038,0.111314,1.0,11572.9,260.3,334.2,507.2,100.0,1.0
822243,5145,162,3.6812,0.893836,-0.013791,0.020753,9.2e-05,0.00246249,-0.120951,0.813777,0.181592,0.024818,1.0,10720.5,261.5,306.4,683.8,100.0,1.0
822402,5146,159,4.42187,0.69048,-0.167021,0.016061,0.0,0.00285167,-0.119522,0.86358,0.116724,0.009703,1.0,10910.2,270.1,369.8,444.9,100.0,1.0
822559,5147,157,3.490134,0.2,-0.317837,0.008851,0.009477,0.00277401,-0.171976,0.655078,-0.117461,0.086671,1.0,10115.8,232.7,305.8,430.0,100.0,1.0
822714,5148,155,3.556935,0.692591,-0.337097,0.000798,0.00013,0.00298989,-0.194843,0.624564,0.097216,-0.035686,1.0,9999.6,259.2,306.3,451.8,100.0,1.0
822877,5149,163,2.647003,0.2,-0.376611,0.000656,0.311914,0.00285929,-0.266187,0.498917,-0.173529,-0.078544,1.0,9520.9,258.3,324.2,562.5,100.0,1.0
823038,5150,161,5.181264,0.2,-0.053474,0.0,0.032766,0.00273042,-0.048325,1.0,0.24911,0.089215,1.0,11870.8,272.5,361.7,502.8,100.0,1.0
823195,5151,157,4.427034,0.812492,-0.154803,0.0,0.0,0.00251507,-0.060546,0.909563,0.194684,0.141983,1.0,11085.4,242.7,372.1,696.9,100.0,1.0
823361,5152,166,2.935115,0.551448,-0.249858,0.029492,0.0,0.00262935,-0.214825,0.695331,-0.013697,-0.124294,1.0,10269.2,293.2,352.6,709.6,100.0,1.0
823524,5153,163,5.191385,0.2,-0.368628,0.000861,0.071536,0.00289727,-0.08022,0.978651,0.062459,0.062905,1.0,11348.7,266.9,375.0,651.8,100.0,1.0
823688,5154,164,3.728374,0.817332,-0.302642,0.006043,0.0,0.00311832,-0.22985,0.538273,0.011022,-0.051734,1.0,9670.8,255.0,334.7,557.5,100.0,1.0
823843,5155,155,5.408046,0.940985,-0.269715,0.024514,0.000214,0.00275966,-0.019314,1.0,0.423052,0.127937,1.0,12189.9,270.2,302.6,490.7,100.0,1.0
823997,5156,154,2.890957,0.503912,-0.393111,0.0,0.000253,0.00298289,-0.241038,0.502481,-0.250907,0.028107,1.0,9534.5,231.8,408.7,404.7,100.0,1.0
824158,5157,161,5.577935,0.516187,-0.228215,0.0,0.0,0.00266931,-0.008478,1.0,0.320944,0.198093,1.0,12069.7,251.9,353.4,569.6,100.0,1.0
824318,5158,160,5.424284,0.998757,-0.26147,0.028676,0.0,0.00308657,-0.084177,0.959772,0.172558,0.028748,1.0,11276.7,274.0,370.4,346.3,100.0,1.0
824479,5159,161,5.794933,0.437668,-0.113852,0.0,0.000209,0.00285526,-0.022011,0.986212,0.12286,0.230501,1.0,11377.5,231.2,313.1,570.6,100.0,1.0
824638,5160,159,5.029817,0.2,-0.048081,0.0,0.066799,0.00253552,-0.023236,1.0,0.320853,0.148928,1.0,12480.2,271.6,308.4,790.3,100.0,1.0
824798,5161,160,5.111512,0.336246,-0.112234,0.0,0.015266,0.00273475,-0.05148,0.964044,0.246153,0.109647,1.0,11293.0,254.4,347.8,675.4,100.0,1.0
824954,5162,156,4.687928,0.822581,-0.269514,0.0,0.000128,0.0028971,-0.097853,0.895041,0.137143,0.048908,1.0,11030.1,262.9,366.0,427.3,100.0,1.0
825113,5163,159,4.236847,0.441196,-0.306527,0.0,0.000178,0.00267728,-0.105659,0.91606,0.243632,-0.030124,1.0,11110.2,286.4,283.0,742.4,100.0,1.0
825278,5164,165,2.356436,0.628185,-0.36704,0.018497,0.0,0.00300003,-0.317027,0.333233,-0.339959,-0.054465,1.0,8889.6,235.0,400.0,391.9,100.0,1.0
825438,5165,160,2.353144,1.0,-0.378485,0.017861,0.0,0.00271431,-0.256541,0.553718,-0.054034,-0.131889,1.0,9729.7,280.2,236.2,809.3,100.0,1.0
825594,5166,156,4.680819,0.629148,-0.290076,0.004708,0.0,0.00284688,-0.090539,0.93681,0.149461,0.034374,1.0,11189.2,270.4,278.6,453.2,100.0,1.0
825747,5167,153,5.147779,0.803409,-0.099253,0.031698,0.0,0.00282668,-0.04363,0.937437,0.166274,0.184611,1.0,11191.6,236.2,339.8,344.5,100.0,1.0
825905,5168,158,5.347248,0.870277,-0.183936,0.0,0.0,0.00316228,-0.095719,0.857778,0.092667,0.101899,1.0,10888.1,247.0,424.1,292.5,100.0,1.0
826065,5169,160,2.93039,0.38434,-0.355527,0.003601,0.017376,0.00272055,-0.213923,0.597729,-0.044199,-0.029785,1.0,9897.3,255.0,356.5,676.2,100.0,1.0
826224,5170,159,1.86414,0.685111,-0.302177,0.016927,0.000186,0.00270062,-0.288583,0.449464,-0.185848,-0.10788,1.0,9332.5,261.5,315.0,469.0,100.0,1.0
826387,5171,163,5.605977,0.717771,-0.110086,0.0,0.0,0.00276654,-0.02745,1.0,0.217514,0.169329,1.0,12185.8,260.5,364.7,497.3,100.0,1.0
826543,5172,156,4.347949,0.881608,-0.250639,0.010768,0.0,0.00307467,-0.151187,0.815319,-0.007276,-0.014297,1.0,10726.4,272.0,400.7,276.9,100.0,1.0
826700,5173,157,4.174821,1.0,-0.064367,0.028361,0.000112,0.00271027,-0.110116,0.936812,0.231885,-0.058357,1.0,11189.3,297.1,278.5,639.4,100.0,1.0
826857,5174,157,4.811765,0.383337,0.035288,0.011686,0.000127,0.00264593,-0.051893,0.949884,0.231548,0.124937,1.0,11239.1,249.8,308.6,733.5,100.0,1.0
827014,5175,157,5.300902,0.269056,-0.067497,0.0,0.094154,0.00259553,-0.007021,1.0,0.300954,0.209611,1.0,11621.4,240.2,331.4,539.9,100.0,1.0
827177,5176,163,2.969602,0.550858,-0.243892,0.0,0.000115,0.00269572,-0.215056,0.63278,-0.038343,-0.064722,1.0,10030.9,268.1,253.4,674.3,100.0,1.0
827335,5177,158,5.15989,0.2,-0.120085,0.014561,0.015178,0.00271092,-0.038497,1.0,0.211304,0.134577,1.0,11968.3,263.7,339.8,627.1,100.0,1.0
827504,5178,169,3.768355,1.0,-0.304197,0.003704,7e-06,0.00274153,-0.178622,0.689069,-0.008299,-0.000197,1.0,10245.4,256.2,338.9,693.6,100.0,1.0
827667,5179,163,3.054092,0.916558,0.030507,0.0,0.0,0.0024015,-0.160701,0.678413,0.132173,0.021593,1.0,10204.8,249.7,293.1,685.2,100.0,1.0
827831,5180,164,5.150294,0.2,-0.264643,0.0,0.000166,0.00281739,-0.072947,1.0,0.049221,0.073771,1.0,11448.4,266.5,297.6,403.1,100.0,1.0
827992,5181,161,5.563745,0.571471,-0.006909,0.0,2.7e-05,0.00273832,-0.020517,0.975813,0.331061,0.174744,1.0,11337.8,241.3,347.1,434.1,100.0,1.0
828156,5182,164,4.985852,1.0,-0.191018,0.011775,0.0,0.00271279,-0.068205,0.995769,0.114232,0.071432,1.0,11413.9,266.3,299.6,468.5,100.0,1.0
828320,5183,164,5.578398,0.2,-0.130645,0.0,5.6e-05,0.00257752,-0.001252,1.0,0.482469,0.168336,1.0,13126.8,280.9,299.7,689.8,100.0,1.0
828478,5184,158,5.479747,0.790951,-0.069461,0.017914,0.0,0.00292721,-0.048491,1.0,0.211797,0.101097,1.0,11471.4,260.5,383.1,304.5,100.0,1.0
828644,5185,166,3.903895,0.2,-0.1706,0.0,0.003939,0.00280394,-0.1705,0.759917,0.025474,-0.043422,1.0,10515.3,274.8,344.3,611.2,100.0,1.0
828798,5186,154,4.554293,0.795199,-0.127571,0.0,4.4e-05,0.00271619,-0.074191,0.898336,0.132914,0.126447,1.0,11042.7,245.1,363.4,479.8,100.0,1.0
828961,5187,163,4.370824,0.35956,-0.248559,0.017192,0.0,0.00268562,-0.107518,0.957597,0.02806,0.000924,1.0,11268.4,281.5,295.2,484.3,100.0,1.0
829113,5188,152,4.01073,0.632334,-0.283863,0.0,0.0,0.00276911,-0.117871,0.806702,0.249068,0.018489,1.0,10693.5,262.5,309.6,534.6,100.0,1.0
829273,5189,160,5.481997,0.618497,0.049064,0.0,1.8e-05,0.00267823,-0.014319,1.0,0.561777,0.098344,1.0,12503.5,284.6,283.3,664.8,100.0,1.0
829441,5190,168,3.172599,0.2,-0.299479,0.0,0.084555,0.00302365,-0.268274,0.527242,-0.135689,-0.12172,1.0,9628.8,274.1,411.1,543.7,100.0,1.0
829602,5191,161,4.337111,0.708956,-0.268833,0.003624,2.9e-05,0.00276377,-0.117261,0.907104,-0.02045,0.026691,1.0,11076.1,269.7,372.9,720.4,100.0,1.0
829763,5192,161,5.485063,0.69682,-0.158948,0.029388,0.0,0.00310276,-0.085089,0.923484,0.183611,0.052261,1.0,11138.5,264.6,387.2,617.2,100.0,1.0
829923,5193,160,1.19667,0.2,-0.283626,0.0,0.413357,0.00269405,-0.340632,0.272942,-0.213176,-0.125165,1.0,8659.9,247.5,300.7,838.7,100.0,1.0
830080,5194,157,3.042632,0.980952,-0.247473,0.0,0.0,0.00276644,-0.204408,0.678375,0.007683,-0.082567,1.0,10204.6,278.1,301.3,544.3,100.0,1.0
830237,5195,157,4.335837,0.7891,-0.172217,0.015062,0.0,0.00319779,-0.174402,0.799534,-0.057118,-0.061913,1.0,10666.2,284.3,360.9,338.1,100.0,1.0
830393,5196,156,3.666748,1.0,-0.125913,0.042435,0.000186,0.00263333,-0.133698,0.689653,0.074945,0.121314,1.0,10247.6,228.5,353.2,421.8,100.0,1.0
830558,5197,165,2.853577,0.281529,-0.259125,0.0,0.0,0.00260025,-0.213393,0.666733,0.008929,-0.103232,1.0,10160.3,283.2,251.6,613.4,100.0,1.0
830723,5198,165,4.712653,0.2,-0.136501,0.00082,0.059325,0.00278961,-0.104144,0.91392,0.088446,0.028439,1.0,11102.0,269.9,329.0,641.9,100.0,1.0
830880,5199,157,4.040773,0.191255,-0.287182,0.018253,3.2e-05,0.00276936,-0.129413,0.863605,-0.088484,0.045116,1.0,10910.3,261.0,311.8,438.5,100.0,1.0
831042,5200,162,5.747758,0.972936,0.055268,0.019511,2.7e-05,0.0025809,0.016277,1.0,0.578079,0.194898,1.0,11849.2,247.9,287.8,611.4,100.0,1.0
831199,5201,157,2.961679,0.660778,-0.325938,0.006035,4.5e-05,0.00284353,-0.222612,0.574343,-0.05125,-0.03691,1.0,9808.2,254.6,339.6,580.2,100.0,1.0
831361,5202,162,3.613049,0.225484,-0.314223,0.0,0.033094,0.00263905,-0.154474,0.767627,-0.050699,0.028963,1.0,10544.7,256.2,314.2,660.8,100.0,1.0
831522,5203,161,4.620782,1.0,-0.128639,0.034979,0.000236,0.00271683,-0.088196,0.850722,0.185158,0.102026,1.0,10861.3,246.4,304.4,530.9,100.0,1.0
831691,5204,169,4.356426,0.2,-0.216585,0.005522,0.041165,0.0026312,-0.115436,0.900684,0.143158,-0.016409,1.0,11051.6,280.9,268.8,793.6,100.0,1.0
831849,5205,158,4.139953,0.793258,-0.18621,0.001427,8.6e-05,0.00280211,-0.129857,0.804738,0.19891,-0.003108,1.0,10686.1,268.0,256.8,515.6,100.0,1.0
832008,5206,159,3.730965,0.2,-0.030609,0.0,0.0,0.00240886,-0.101034,0.929724,0.254948,-0.029865,1.0,11162.2,287.6,233.4,985.8,100.0,1.0
832166,5207,158,4.342299,0.73186,-0.153181,0.001217,0.0,0.0025395,-0.07307,0.979369,0.272981,0.015964,1.0,11351.4,279.3,279.7,643.0,100.0,1.0
832324,5208,158,5.941784,0.2,-0.199807,0.0,0.105665,0.00289147,-0.007805,1.0,0.291239,0.210239,1.0,11999.3,247.9,375.9,392.3,100.0,1.0
832488,5209,164,3.78696,0.315903,-0.265777,0.010601,0.0,0.00282033,-0.176335,0.746233,0.046556,-0.058495,1.0,10463.1,277.8,312.4,545.5,100.0,1.0
832647,5210,159,6.174767,0.302897,0.062,0.0,0.016088,0.00273913,0.031161,1.0,0.346824,0.321594,1.0,12430.0,235.1,369.0,440.5,100.0,1.0
832802,5211,155,4.828105,0.223831,-0.137621,0.016042,1e-05,0.00271846,-0.056451,1.0,0.160924,0.091521,1.0,11761.5,269.4,310.1,607.0,100.0,1.0
832964,5212,162,3.519286,0.691497,-0.25896,0.0,0.000147,0.0025687,-0.150141,0.761707,0.032809,0.020506,1.0,10522.1,257.8,321.1,606.0,100.0,1.0
833127,5213,163,4.827118,0.548425,-0.197879,0.0,0.0,0.00297592,-0.120245,0.917925,0.085221,-0.027494,1.0,11117.3,285.8,299.5,476.5,100.0,1.0
833284,5214,157,5.168767,0.576119,-0.121921,0.001732,0.0,0.0027547,-0.041829,0.981757,0.29514,0.110727,1.0,11360.5,255.7,334.7,368.9,100.0,1.0
833442,5215,158,4.003004,0.479441,-0.190094,0.0,0.000144,0.00268863,-0.122254,0.839825,0.094203,0.027898,1.0,10819.7,263.2,298.5,512.6,100.0,1.0
833601,5216,159,3.743838,0.62805,-0.240728,0.020489,0.0,0.00267606,-0.142532,0.777553,0.023322,0.035826,1.0,10582.5,255.4,310.9,803.1,100.0,1.0
833763,5217,162,4.474696,0.2,-0.24518,0.0,0.000134,0.00274101,-0.105842,0.951536,0.081781,-0.006348,1.0,11245.4,282.9,289.7,661.6,100.0,1.0
833925,5218,162,5.134431,0.2,0.041347,0.0,0.031269,0.00255379,-0.025635,1.0,0.390576,0.11769,1.0,11592.9,259.3,321.2,890.7,100.0,1.0
834086,5219,161,5.878929,0.2,-0.19687,0.0,0.038184,0.00271539,0.007175,1.0,0.429998,0.213919,1.0,12195.3,251.2,382.3,493.1,100.0,1.0
834249,5220,163,4.978422,0.271576,-0.170993,0.0,0.000362,0.00271126,-0.065642,1.0,0.160578,0.060999,1.0,11787.2,277.7,284.8,683.9,100.0,1.0
834407,5221,158,3.139436,1.0,-0.050318,0.001746,0.0,0.00235075,-0.134116,0.815962,0.165161,-0.01541,1.0,10728.8,272.4,245.7,758.5,100.0,1.0
834567,5222,160,5.294616,0.938815,0.013155,0.018131,0.00013,0.00260948,-0.017321,1.0,0.476741,0.116685,1.0,12267.6,274.6,279.2,515.9,100.0,1.0
834723,5223,156,4.99674,1.0,-0.290153,0.014216,0.0,0.00312917,-0.110476,0.923327,0.063194,0.00791,1.0,11137.9,276.3,349.0,354.7,100.0,1.0
834884,5224,161,5.587676,0.506029,-0.138705,0.001172,2.8e-05,0.00290519,-0.045383,1.0,0.274347,0.090607,1.0,12321.9,282.5,326.0,522.4,100.0,1.0
835036,5225,152,2.897579,1.0,-0.269564,0.030777,3e-06,0.00279173,-0.205322,0.676826,-0.005348,-0.07998,1.0,10198.7,277.1,315.1,402.4,100.0,1.0
835205,5226,169,1.655021,0.2,-0.179118,0.0,0.045158,0.00245082,-0.28909,0.45665,0.00679,-0.179772,1.0,9359.8,285.3,186.0,838.9,100.0,1.0
835358,5227,153,1.600184,1.0,-0.343793,0.030783,0.0,0.00277752,-0.304008,0.370339,-0.180668,-0.095087,1.0,9031.0,249.5,321.8,526.1,100.0,1.0
835519,5228,161,5.102187,0.2,-0.346596,0.004238,0.351405,0.00288464,-0.078765,1.0,0.159723,0.017541,1.0,11639.6,286.0,284.2,552.1,100.0,1.0
835676,5229,157,3.832893,0.888341,-0.207792,0.03906,9e-05,0.00267223,-0.129818,0.799132,0.305567,-0.03386,1.0,10664.7,276.0,249.1,898.1,100.0,1.0
835836,5230,160,2.2014,0.808713,-0.41852,0.037152,0.000689,0.00327102,-0.356986,0.320319,-0.163597,-0.235688,1.0,8840.4,289.2,394.8,363.1,100.0,1.0
835994,5231,158,5.3811,0.259046,-0.107833,0.0,4.6e-05,0.00304883,-0.074943,0.942363,0.187377,0.069094,1.0,11210.4,262.1,407.1,430.6,100.0,1.0
836150,5232,156,4.369604,0.2,-0.050133,0.0,0.126081,0.00249518,-0.058922,0.986325,0.323908,0.040354,1.0,11377.9,273.4,232.4,662.4,100.0,1.0
836315,5233,165,3.2543,0.979033,-0.282796,0.006731,3.3e-05,0.0025798,-0.179659,0.738557,-0.039352,-0.034545,1.0,10433.9,270.2,354.7,489.8,100.0,1.0
836478,5234,163,4.833494,0.2,-0.35573,0.0,0.023847,0.00280061,-0.091117,0.992189,0.153036,-0.014891,1.0,11400.2,289.3,267.0,530.9,100.0,1.0
836646,5235,168,2.661206,1.0,-0.279086,0.00684,0.0,0.00284981,-0.277602,0.555651,-0.0417,-0.207817,1.0,9737.0,307.3,341.5,581.5,100.0,1.0
836810,5236,164,5.535403,0.778267,-0.145653,0.005247,0.0,0.00280878,-0.042174,1.0,0.126966,0.150432,1.0,11495.1,249.8,369.4,458.3,100.0,1.0
836965,5237,155,4.69953,0.2,-0.3069,0.006537,0.118001,0.00279303,-0.077634,1.0,0.119912,0.034584,1.0,11675.1,282.1,278.4,787.6,100.0,1.0
837125,5238,160,4.432656,1.0,-0.034817,0.008584,7.8e-05,0.00258124,-0.077886,1.0,0.245659,-0.008172,1.0,11827.0,298.1,276.8,933.6,100.0,1.0
837286,5239,161,4.562323,0.350411,-0.213684,0.0,0.026613,0.00265268,-0.082171,0.974969,0.138794,0.034027,1.0,11334.6,274.0,261.8,535.7,100.0,1.0
837447,5240,161,6.209125,0.622326,0.087777,0.007674,3.5e-05,0.00274567,0.027356,1.0,0.329719,0.314612,1.0,11512.1,218.9,349.4,652.8,100.0,1.0
837609,5241,162,5.616537,0.552033,0.079207,0.0,8.4e-05,0.00255658,0.010451,1.0,0.396143,0.236123,1.0,11697.6,236.6,323.2,640.6,100.0,1.0
837773,5242,164,4.460023,1.0,-0.221958,0.025438,1.1e-05,0.00264891,-0.097238,0.919715,0.022469,0.068622,1.0,11124.1,260.2,309.8,708.6,100.0,1.0
837937,5243,164,4.479895,0.2,-0.245349,0.0,0.353399,0.00268212,-0.101182,0.938228,0.047389,0.031742,1.0,11194.6,271.3,316.3,751.8,100.0,1.0
838099,5244,162,4.770197,1.0,-0.188604,0.035767,0.0,0.0028512,-0.101255,0.854638,0.16833,0.060841,1.0,10876.2,256.3,372.5,355.3,100.0,1.0
838249,5245,150,5.318528,1.0,-0.316408,0.034521,0.0,0.00329253,-0.09177,0.844554,0.110061,0.120285,1.0,10837.8,241.9,397.3,271.3,100.0,1.0
838411,5246,162,5.839774,1.0,0.021175,0.014101,0.000139,0.00283783,-0.018186,1.0,0.292697,0.175146,1.0,11790.0,250.8,378.2,464.5,100.0,1.0
838578,5247,167,0.692092,1.0,-0.353226,0.024685,2.7e-05,0.00237523,-0.344335,0.424842,-0.242681,-0.254257,1.0,9238.6,309.7,238.6,944.0,100.0,1.0
838739,5248,161,5.346995,0.227578,0.089467,0.02208,0.02127,0.00268465,-0.027941,1.0,0.593356,0.042411,1.0,12441.0,298.4,275.7,874.4,100.0,1.0
838896,5249,157,2.523798,0.923564,-0.330811,0.022007,0.000109,0.00294213,-0.271088,0.545485,-0.047068,-0.175841,1.0,9698.3,294.2,299.0,406.2,100.0,1.0
839058,5250,162,4.188802,0.6027,-0.176838,0.0,0.000142,0.00259387,-0.103483,0.968589,0.166498,-0.040934,1.0,11310.3,294.8,313.7,552.1,100.0,1.0
839219,5251,161,4.866617,0.287372,-0.194156,0.0,0.095216,0.00279431,-0.081908,0.991598,0.18016,0.007256,1.0,11398.0,282.9,320.5,594.9,100.0,1.0
839377,5252,158,3.465909,0.590559,-0.271544,0.022129,0.000149,0.00301507,-0.214313,0.507874,0.058672,0.009504,1.0,9555.0,236.6,374.4,423.8,100.0,1.0
839537,5253,160,3.639201,0.2,-0.347071,0.0,0.148655,0.00312737,-0.225207,0.505177,-0.132251,0.039081,1.0,9544.7,229.6,440.8,538.1,100.0,1.0
839695,5254,158,3.657394,0.580315,-0.073111,0.034607,0.0,0.00266909,-0.145142,0.819768,0.141566,-0.047468,1.0,10743.3,282.0,254.7,686.5,100.0,1.0
839853,5255,158,5.815925,0.694907,-0.189497,0.04155,0.0,0.00305584,-0.043015,1.0,0.200544,0.123101,1.0,11875.5,264.3,394.2,431.8,100.0,1.0
840004,5256,151,1.845368,0.2,-0.213614,0.003359,0.353757,0.00256131,-0.247204,0.446763,0.083192,-0.05738,1.0,9322.2,247.2,293.4,723.9,100.0,1.0
840169,5257,165,5.027333,0.792731,-0.181246,0.003224,0.0,0.00307568,-0.127304,0.88012,0.108493,-0.027279,1.0,10973.3,282.0,338.6,437.4,100.0,1.0
840327,5258,158,5.08253,0.525725,0.049873,0.0,0.0,0.00270609,-0.043194,1.0,0.358777,0.069761,1.0,11579.2,270.6,300.7,450.8,100.0,1.0
840492,5259,165,5.452803,0.466981,-0.040943,0.0,2.3e-05,0.00266346,-0.027097,1.0,0.171585,0.185816,1.0,11636.4,245.3,340.1,524.5,100.0,1.0
840649,5260,157,3.857546,0.632725,-0.204528,0.0,9.9e-05,0.00286478,-0.158037,0.752006,0.025566,0.004683,1.0,10485.1,260.9,373.6,441.0,100.0,1.0
840804,5261,155,4.890401,0.2,0.091352,0.0,0.230193,0.00243528,-0.007606,1.0,0.441242,0.160899,1.0,11689.2,251.7,295.2,614.3,100.0,1.0
840963,5262,159,5.228065,1.0,-0.04088,0.022411,0.0,0.00265378,-0.02656,1.0,0.406541,0.109287,1.0,12571.1,283.3,289.3,759.7,100.0,1.0
841124,5263,161,3.026716,1.0,-0.299899,0.03514,0.0,0.00281451,-0.224235,0.62404,-0.21746,-0.028328,1.0,9997.6,257.2,328.7,469.1,100.0,1.0
841286,5264,162,4.438307,0.2,-0.111633,0.0,0.0,0.00261714,-0.088316,0.894726,0.127227,0.084267,1.0,11028.9,254.3,370.0,598.4,100.0,1.0
841445,5265,159,3.455991,0.2,0.077207,0.001856,0.092415,0.00231072,-0.106033,0.87242,0.309335,-0.016904,1.0,10943.9,278.3,234.4,1093.7,100.0,1.0
841608,5266,163,5.253584,0.978944,-0.079035,0.0,5e-05,0.00260166,-0.02676,1.0,0.252693,0.159902,1.0,12753.6,274.9,296.5,617.6,100.0,1.0
841758,5267,150,5.094205,0.547633,-0.045595,0.009824,0.0,0.00275243,-0.027606,1.0,0.300876,0.141021,1.0,11761.1,257.7,333.9,427.0,100.0,1.0
841919,5268,161,5.548353,0.779626,-0.270361,0.006073,5.3e-05,0.00313469,-0.085082,0.903468,0.15625,0.078088,1.0,11062.2,256.5,442.3,277.3,100.0,1.0
842086,5269,167,4.687384,0.2,-0.312373,0.021195,0.267759,0.00280978,-0.114725,0.953519,0.092787,-0.041278,1.0,11252.9,293.4,279.3,595.1,100.0,1.0
842243,5270,157,5.175749,0.2,-0.012041,0.001334,0.0,0.00253968,-0.007279,1.0,0.452072,0.15838,1.0,12240.9,264.2,248.0,834.8,100.0,1.0
842399,5271,156,3.811855,0.619123,-0.06806,0.013496,0.000483,0.00263004,-0.121992,0.843432,0.150674,0.006941,1.0,10833.5,269.0,304.8,461.5,100.0,1.0
842557,5272,158,4.629669,0.475516,-0.184697,0.0,0.000329,0.00295257,-0.116364,0.909171,0.041582,0.007283,1.0,11083.9,275.1,351.3,436.8,100.0,1.0
842720,5273,163,2.460285,1.0,-0.291089,0.036345,0.000211,0.00271906,-0.257131,0.47354,-0.199445,-0.018573,1.0,9424.2,240.1,319.7,529.6,100.0,1.0
842879,5274,159,5.534886,0.322849,-0.076636,0.011763,0.000331,0.00273152,-0.015684,1.0,0.290919,0.184082,1.0,12224.6,258.1,351.2,491.4,100.0,1.0
843038,5275,159,4.778601,0.329111,-0.154489,0.018598,0.047532,0.00263143,-0.056965,0.996301,0.363978,0.025208,1.0,11415.9,278.4,341.7,570.9,100.0,1.0
843197,5276,159,3.14666,0.657451,-0.054304,0.006397,2e-06,0.00253931,-0.16575,0.749669,0.065802,-0.032493,1.0,10476.2,270.7,316.8,596.7,100.0,1.0
843358,5277,161,3.465198,0.239458,-0.144398,0.0,5.1e-05,0.00223884,-0.09836,0.891492,0.077412,0.070084,1.0,11016.6,257.4,271.3,780.4,100.0,1.0
843518,5278,160,5.52358,1.0,-0.258554,0.038994,0.0,0.00309753,-0.077842,0.933509,0.126511,0.087099,1.0,11176.7,257.0,420.4,490.6,100.0,1.0
843676,5279,158,4.972803,0.717532,-0.175041,0.028373,0.000102,0.00278337,-0.063648,1.0,0.157264,0.068751,1.0,11928.9,279.0,354.8,700.4,100.0,1.0
843838,5280,162,2.684742,0.407563,-0.166136,0.0,1.8e-05,0.00246559,-0.196359,0.604413,-0.00137,0.008917,1.0,9922.8,245.9,303.0,817.1,100.0,1.0
844004,5281,166,2.559665,0.848252,-0.247732,0.0,0.0,0.00252643,-0.225781,0.673103,-5e-05,-0.14684,1.0,10184.5,298.4,219.8,692.5,100.0,1.0
844163,5282,159,5.123095,0.2,0.025264,0.000648,0.256232,0.00261517,-0.028316,0.986627,0.333155,0.139038,1.0,11379.0,249.8,309.9,674.0,100.0,1.0
844320,5283,157,4.864735,1.0,-0.116862,0.032785,0.0,0.00254291,-0.03128,0.994882,0.230486,0.156503,1.0,11410.5,246.7,327.7,646.4,100.0,1.0
844479,5284,159,6.098489,1.0,-0.033045,0.028497,0.0,0.00294513,-0.007009,1.0,0.362897,0.189003,1.0,12270.8,258.0,442.5,296.3,100.0,1.0
844640,5285,161,6.237319,0.941844,-0.077452,0.009554,0.0,0.0029273,0.000478,1.0,0.520242,0.161512,1.0,12866.2,276.9,357.7,459.6,100.0,1.0
844799,5286,159,5.624712,0.79388,-0.092557,0.010046,0.000261,0.00274508,-0.01102,1.0,0.363328,0.17549,1.0,12807.5,272.4,303.6,508.6,100.0,1.0
844961,5287,162,1.427555,0.491944,-0.246323,0.0,3.1e-05,0.00285349,-0.354299,0.301897,-0.241993,-0.185247,1.0,8770.2,269.1,370.9,545.3,100.0,1.0
845127,5288,166,3.923581,0.2,-0.170119,0.0,0.34937,0.0026471,-0.142635,0.837606,0.023794,-0.01472,1.0,10811.3,274.3,322.6,655.9,100.0,1.0
845287,5289,160,4.287375,0.74496,-0.096742,0.016723,0.0,0.00253927,-0.081978,1.0,0.135185,0.015013,1.0,11449.8,282.0,312.9,707.5,100.0,1.0
845448,5290,161,5.335022,0.734907,-0.160828,0.0,0.0,0.002722,-0.034696,1.0,0.262625,0.130138,1.0,11679.2,258.4,335.0,350.7,100.0,1.0
845612,5291,164,4.380562,0.973136,-0.033716,0.0,0.0,0.00255037,-0.08691,1.0,0.297846,-0.055648,1.0,11855.7,313.9,255.1,567.6,100.0,1.0
845778,5292,166,3.540166,0.609509,0.026771,0.0,0.0,0.00242035,-0.133999,0.804745,0.149409,-0.000419,1.0,10686.1,267.3,283.0,733.7,100.0,1.0
845935,5293,157,2.987865,0.915004,-0.480476,0.038829,6.7e-05,0.00298932,-0.243329,0.641142,-0.184216,-0.117309,1.0,10062.8,285.0,311.7,732.7,100.0,1.0
846090,5294,155,3.909471,0.530918,-0.273386,0.015351,3.6e-05,0.00281527,-0.140654,0.775418,0.062157,0.030919,1.0,10574.3,256.4,331.7,397.4,100.0,1.0
846252,5295,162,3.831216,0.709059,0.020589,0.017499,1.2e-05,0.00233378,-0.088276,0.861732,0.258562,0.068117,1.0,10903.2,255.2,284.3,1140.1,100.0,1.0
846414,5296,162,4.97332,0.2,-0.300481,0.0,0.036512,0.00272747,-0.065671,1.0,0.046967,0.098775,1.0,11997.3,273.0,289.6,637.7,100.0,1.0
846576,5297,162,5.786768,0.570988,-0.345567,0.042192,0.0,0.00315769,-0.073835,1.0,0.145648,0.038667,1.0,11662.7,280.7,432.2,430.3,100.0,1.0
846740,5298,164,2.410249,0.854448,-0.386082,0.024265,3.2e-05,0.00265483,-0.253075,0.589524,-0.055222,-0.149779,1.0,9866.1,290.1,274.9,641.8,100.0,1.0
846901,5299,161,3.225257,1.0,-0.1276,0.023695,0.0,0.00269937,-0.190628,0.658135,0.087147,-0.046256,1.0,10127.5,265.5,300.0,574.5,100.0,1.0
847062,5300,161,5.637057,0.392937,-0.051753,0.009505,0.000304,0.00296038,-0.050218,0.946349,0.197333,0.144871,1.0,11225.6,245.1,383.5,327.3,100.0,1.0
847225,5301,163,5.68308,0.705689,-0.335051,0.016468,0.0,0.00314437,-0.082629,0.958017,-0.028806,0.10249,1.0,11270.0,255.6,417.1,316.2,100.0,1.0
847385,5302,160,3.056286,0.702954,-0.203777,0.0,0.0,0.00277191,-0.2123,0.671771,-0.136916,-0.05517,1.0,10179.4,269.3,353.9,636.7,100.0,1.0
847549,5303,164,4.803363,0.245342,-0.230807,0.0061,3e-06,0.00277922,-0.092407,1.0,0.131311,-0.018461,1.0,11639.4,296.5,277.6,643.7,100.0,1.0
847609,5304,60,-8.677583,0.2,-0.599934,0.0,0.171428,0.00163983,-0.780979,-1.0,-1.0,-1.0,0.374226,0.0,21.0,63.3,166.2,100.0,1.0
847772,5305,163,4.636732,0.886528,-0.08276,0.0,3.8e-05,0.00250105,-0.056862,0.982854,0.165573,0.10289,1.0,11364.7,257.6,326.4,502.3,100.0,1.0
847936,5306,164,4.62458,1.0,-0.242299,0.01233,0.0,0.00292432,-0.129704,0.785035,0.143422,0.032318,1.0,10611.0,257.0,348.5,406.3,100.0,1.0
848095,5307,159,3.219247,0.326532,-0.030329,0.0,0.000756,0.00252961,-0.15864,0.721433,0.02559,0.028142,1.0,10368.7,252.1,307.9,546.3,100.0,1.0
848256,5308,161,5.739973,0.413154,0.010721,0.0,0.0,0.00258021,0.018868,1.0,0.340304,0.282792,1.0,12101.8,235.8,398.0,523.4,100.0,1.0
848420,5309,164,2.837979,1.0,-0.163148,0.011215,0.000129,0.00253146,-0.20044,0.662896,0.060528,-0.074058,1.0,10145.6,273.9,263.1,593.6,100.0,1.0
848582,5310,162,3.364201,0.937156,-0.140085,0.043103,0.0,0.00251676,-0.153186,0.75731,-0.108178,0.061014,1.0,10505.4,247.5,381.0,586.0,100.0,1.0
848738,5311,156,5.472356,1.0,-0.24688,0.049226,0.0,0.00293702,-0.044149,1.0,0.303059,0.085149,1.0,12045.2,277.5,347.2,347.7,100.0,1.0
848898,5312,160,4.256666,0.529054,0.012596,0.00778,0.000446,0.00238778,-0.059989,0.978203,0.295421,0.053062,1.0,11347.0,269.4,261.8,733.6,100.0,1.0
849064,5313,166,5.54756,0.516764,-0.002897,0.003542,0.000249,0.00277327,-0.040647,1.0,0.252476,0.113684,1.0,11689.0,262.4,343.9,559.0,100.0,1.0
849220,5314,156,4.280033,0.922078,-0.266866,6.9e-05,0.0,0.00282476,-0.116837,0.905759,0.040918,0.008771,1.0,11070.9,274.4,372.4,404.5,100.0,1.0
849379,5315,159,5.856688,0.465232,0.0007,0.022813,5e-05,0.00264142,0.023133,1.0,0.371919,0.28647,1.0,12414.5,241.3,321.8,615.7,100.0,1.0
849539,5316,160,4.671373,0.2,0.008521,0.0,3.7e-05,0.00261927,-0.065644,0.844005,0.174519,0.186344,1.0,10835.7,228.3,355.9,461.6,100.0,1.0
849697,5317,158,5.460927,1.0,-0.050989,0.025739,0.0,0.002863,-0.039171,0.958296,0.372532,0.113339,1.0,11271.1,253.1,360.9,355.4,100.0,1.0
849852,5318,155,3.600016,0.57563,-0.054978,0.003283,1.3e-05,0.00284271,-0.168235,0.751306,0.025249,-0.028622,1.0,10482.5,269.8,332.0,547.9,100.0,1.0
850015,5319,163,5.797858,0.45816,-0.171136,0.0,0.0,0.00319974,-0.08287,0.886316,0.147625,0.102629,1.0,10996.9,249.3,405.4,290.1,100.0,1.0
850175,5320,160,3.0697,1.0,-0.358651,0.024909,0.0,0.00292182,-0.235213,0.647641,-0.096232,-0.125002,1.0,10087.5,288.2,357.4,418.4,100.0,1.0
850336,5321,161,4.985969,0.940643,-0.019425,0.028267,0.0,0.00282871,-0.078135,0.983138,0.138651,0.040716,1.0,11365.8,273.0,383.0,585.0,100.0,1.0
850498,5322,162,5.370815,0.631287,-0.092551,0.028462,0.000224,0.00272841,-0.035588,1.0,0.275486,0.122878,1.0,11874.3,264.4,322.5,442.3,100.0,1.0
850656,5323,158,4.76584,0.222795,-0.059529,0.0,0.143243,0.0027467,-0.073337,0.859781,0.158029,0.153049,1.0,10895.8,236.2,406.6,454.9,100.0,1.0
850818,5324,162,5.317296,0.2,-0.174368,0.008211,0.009287,0.00267961,-0.031716,1.0,0.301844,0.126998,1.0,11476.6,254.6,330.2,758.6,100.0,1.0
850972,5325,154,2.363858,1.0,-0.336104,0.045811,0.0,0.00303555,-0.288599,0.383925,-0.112473,-0.077775,1.0,9082.8,246.2,387.1,316.9,100.0,1.0
851130,5326,158,3.695312,0.2,-0.269755,0.009473,0.0,0.00284567,-0.16997,0.75328,0.02757,-0.036824,1.0,10490.0,272.3,321.5,624.6,100.0,1.0
851286,5327,156,3.128428,0.415467,-0.346515,0.0,2.2e-05,0.00294736,-0.223044,0.551203,-0.100869,-0.002525,1.0,9720.1,243.6,319.5,484.8,100.0,1.0
851445,5328,159,4.449012,1.0,-0.283075,0.023131,0.0,0.00317842,-0.168675,0.737177,0.097672,-0.042456,1.0,10428.6,272.3,392.7,413.3,100.0,1.0
851610,5329,165,5.287278,0.448479,0.090081,0.0,0.0,0.00258248,-0.025945,1.0,0.513644,0.075637,1.0,12823.9,298.1,236.1,703.9,100.0,1.0
851766,5330,156,2.824497,0.499973,-0.293031,0.01564,0.000332,0.00281097,-0.224746,0.61792,-0.114088,-0.059392,1.0,9974.3,265.1,293.5,509.0,100.0,1.0
851926,5331,160,4.869551,0.614549,0.024864,0.01061,0.0,0.0025007,-0.03156,1.0,0.366595,0.105935,1.0,12487.6,282.3,260.7,860.1,100.0,1.0
852086,5332,160,6.25015,0.690767,-0.091164,0.000736,0.0,0.00306728,-0.017728,1.0,0.264622,0.186034,1.0,12072.6,254.5,364.3,438.5,100.0,1.0
852245,5333,159,6.251627,0.2,-0.060206,0.0,0.391025,0.00312936,-0.024399,1.0,0.180097,0.191971,1.0,11825.2,248.0,399.8,422.3,100.0,1.0
852404,5334,159,5.825106,0.605539,0.074254,0.0,5.5e-05,0.00273896,0.00542,1.0,0.322776,0.243809,1.0,12428.2,249.8,352.5,720.8,100.0,1.0
852569,5335,165,4.641825,1.0,-0.263223,0.03239,0.0,0.00282386,-0.114584,0.837116,0.203369,0.019333,1.0,10809.4,265.1,314.1,427.2,100.0,1.0
852727,5336,158,3.411535,0.2,-0.176031,0.0,0.041453,0.00245829,-0.130176,0.780432,0.096335,0.050274,1.0,10593.4,252.2,297.0,714.8,100.0,1.0
852885,5337,158,3.864325,1.0,-0.25846,0.014819,0.0,0.00288648,-0.163561,0.763595,0.050932,-0.031843,1.0,10529.3,271.9,285.9,631.1,100.0,1.0
853038,5338,153,3.069118,0.2,-0.409691,0.0,0.248158,0.00298112,-0.2238,0.559243,0.051086,-0.062399,1.0,9750.7,260.0,336.3,595.0,100.0,1.0
853195,5339,157,4.480303,0.35041,0.049652,0.002239,0.000209,0.00236949,-0.032872,1.0,0.442717,0.076187,1.0,11587.8,269.2,217.0,803.6,100.0,1.0
853353,5340,158,4.067732,0.679039,-0.32072,0.01094,9.3e-05,0.00321012,-0.199308,0.675296,-0.06808,-0.037745,1.0,10192.9,264.8,399.9,317.5,100.0,1.0
853513,5341,160,5.000826,1.0,-0.010596,0.014218,0.0,0.00245473,-0.014208,1.0,0.604701,0.084407,1.0,11857.3,273.4,232.4,654.5,100.0,1.0
853668,5342,155,5.199994,0.373597,-0.279533,0.0,0.0,0.00302227,-0.074836,0.993913,0.022609,0.081417,1.0,11406.8,263.7,368.1,555.8,100.0,1.0
853827,5343,159,4.973815,0.87956,-0.213178,0.00747,0.0,0.00271392,-0.055008,1.0,0.334058,0.038621,1.0,12392.2,298.3,255.0,469.2,100.0,1.0
853986,5344,159,4.712034,1.0,-0.228102,0.018368,7.4e-05,0.00266768,-0.067471,1.0,0.293365,0.01064,1.0,11646.6,288.1,208.3,579.7,100.0,1.0
854143,5345,157,5.251061,0.2,-0.158631,0.0,0.111838,0.00269437,-0.025526,1.0,0.220254,0.17483,1.0,11954.5,254.4,345.5,687.5,100.0,1.0
854301,5346,158,6.274382,1.0,-0.162277,0.007692,0.0,0.00325989,-0.040105,1.0,0.195028,0.134641,1.0,11642.9,256.5,450.0,275.0,100.0,1.0
854468,5347,167,4.43351,0.244415,-0.036269,0.0,0.057349,0.00249907,-0.081721,0.887726,0.157288,0.102063,1.0,11002.2,249.6,371.8,639.5,100.0,1.0
854630,5348,162,3.807443,1.0,-0.109524,0.032008,0.0,0.0027453,-0.156511,0.675596,0.111489,0.044805,1.0,10194.0,243.9,393.1,520.8,100.0,1.0
854792,5349,162,5.15753,0.408016,-0.311089,0.011676,0.000133,0.00284494,-0.070439,1.0,-0.000233,0.098613,1.0,11508.9,261.9,318.2,480.6,100.0,1.0
854951,5350,159,4.678518,0.183022,-0.139952,0.009958,0.0,0.00245782,-0.036606,1.0,0.329239,0.101566,1.0,11604.3,263.4,287.9,726.1,100.0,1.0
855110,5351,159,6.041227,1.0,0.075336,0.012026,9e-05,0.00282941,0.007469,1.0,0.523891,0.1836,1.0,12706.2,268.4,311.9,636.6,100.0,1.0
855271,5352,161,5.534189,0.2,0.058543,0.0,0.0,0.00267938,-0.012415,1.0,0.529888,0.115321,1.0,12764.7,286.1,240.4,561.9,100.0,1.0
855433,5353,162,5.406871,0.432371,-0.005532,0.010771,0.000607,0.00262713,-0.016268,1.0,0.378493,0.152943,1.0,11773.5,255.3,331.9,552.2,100.0,1.0
855593,5354,160,4.951637,0.627977,-0.305632,0.020806,0.000105,0.00271148,-0.058973,1.0,0.17911,0.077052,1.0,11751.5,272.8,273.5,729.4,100.0,1.0
855753,5355,160,5.528605,1.0,-0.310954,0.017922,0.0,0.00327913,-0.106116,0.959772,0.172558,-0.044383,1.0,11276.7,295.0,370.1,346.3,100.0,1.0
855909,5356,156,2.010151,0.469489,-0.287376,0.0,0.0,0.0027144,-0.27126,0.570367,-0.023037,-0.205161,1.0,9793.1,308.0,248.4,544.9,100.0,1.0
856066,5357,157,4.75224,0.291075,-0.161635,0.0,0.057951,0.00269731,-0.063692,0.936697,0.235437,0.095299,1.0,11188.8,255.4,288.3,472.2,100.0,1.0
856230,5358,164,3.522675,0.808389,-0.133411,0.0,0.0,0.00260023,-0.15974,0.819503,0.084052,-0.076737,1.0,10742.3,290.9,281.0,620.7,100.0,1.0
856393,5359,163,1.816218,1.0,-0.275352,0.0,0.0,0.00286302,-0.329173,0.347089,-0.115528,-0.181308,1.0,8942.4,273.1,329.0,400.4,100.0,1.0
856551,5360,158,4.805893,0.2,0.024123,0.0,0.000528,0.0026606,-0.056524,1.0,0.31017,0.041531,1.0,11502.8,276.1,300.0,476.4,100.0,1.0
856718,5361,167,5.270202,0.467363,0.022773,0.01451,0.0,0.00254327,-0.025722,1.0,0.266277,0.158836,1.0,11877.7,256.2,342.9,501.5,100.0,1.0
856878,5362,160,1.484426,0.899591,-0.382682,0.02142,0.0,0.00288083,-0.348551,0.377943,-0.282676,-0.215898,1.0,9060.0,288.9,246.3,537.6,100.0,1.0
857038,5363,160,3.067414,1.0,-0.294708,0.025887,8.5e-05,0.00274977,-0.207735,0.648023,0.072419,-0.089941,1.0,10089.0,277.2,286.3,812.4,100.0,1.0
857205,5364,167,5.086543,0.2,0.019104,0.0,0.0,0.00259073,-0.047556,1.0,0.243332,0.093704,1.0,12253.8,280.1,280.6,587.6,100.0,1.0
857362,5365,157,4.562106,0.823661,-0.106274,0.0,0.000195,0.00256245,-0.056911,0.998744,0.148491,0.095178,1.0,11425.2,260.8,274.7,812.3,100.0,1.0
857519,5366,157,4.672565,0.256698,-0.110185,0.011942,0.046089,0.00282802,-0.09025,0.827475,0.149897,0.126306,1.0,10772.7,239.1,366.0,426.2,100.0,1.0
857677,5367,158,4.969302,0.931736,-0.205961,0.016916,2.2e-05,0.00286002,-0.075664,1.0,0.121082,0.04076,1.0,11442.5,274.9,300.7,391.0,100.0,1.0
857841,5368,164,5.205241,0.364667,-0.007548,0.060963,7e-06,0.00267042,-0.043863,1.0,0.364431,0.065646,1.0,12265.5,287.7,370.9,515.7,99.035,1.0
858001,5369,160,3.891433,0.56136,-0.272617,0.0,0.000305,0.00270498,-0.138176,0.886149,0.031593,-0.042909,1.0,10996.2,287.2,289.7,518.1,100.0,1.0
858161,5370,160,4.13502,0.206512,-0.304871,0.0,0.143957,0.00282467,-0.138887,0.826246,0.145731,-0.033405,1.0,10768.0,278.5,343.5,543.9,100.0,1.0
858324,5371,163,2.428228,0.940414,-0.182357,0.0,0.0,0.00245443,-0.21623,0.605892,-0.104246,-0.024262,1.0,9928.4,254.4,333.6,746.0,100.0,1.0
858480,5372,156,5.778413,0.551004,0.051561,0.00289,0.00013,0.00254271,0.04083,1.0,0.348422,0.353292,1.0,12303.8,227.3,411.9,546.9,100.0,1.0
858639,5373,159,5.690526,0.2,-0.193578,0.0,0.05983,0.00279826,-0.014087,1.0,0.264763,0.198123,1.0,12134.5,253.2,414.3,482.8,100.0,1.0
858795,5374,156,5.826412,1.0,-0.089143,0.041577,4.5e-05,0.00281294,0.002316,1.0,0.217052,0.268701,1.0,11448.1,225.6,403.6,480.4,100.0,1.0
858955,5375,160,6.055015,1.0,0.059797,0.026219,0.0,0.00271223,0.024494,1.0,0.325958,0.306328,1.0,11946.4,228.6,430.4,437.5,100.0,1.0
859117,5376,162,3.228216,1.0,-0.302371,0.0,7e-06,0.00270805,-0.194282,0.629175,-0.057675,0.013973,1.0,10017.2,247.0,321.0,520.0,100.0,1.0
859274,5377,157,5.100466,0.2,-0.160893,0.0,0.055027,0.00274224,-0.044349,1.0,0.276202,0.093437,1.0,11849.7,270.9,298.3,521.7,100.0,1.0
859436,5378,162,6.009997,1.0,-0.164457,0.0154,2.6e-05,0.0029364,-0.020643,1.0,0.25875,0.178272,1.0,11819.7,250.8,450.4,330.2,100.0,1.0
859599,5379,163,1.43891,0.632617,-0.06097,0.01323,1.4e-05,0.00198624,-0.214799,0.618972,-0.008223,-0.062399,1.0,9978.3,266.1,259.9,1055.1,100.0,1.0
859763,5380,164,3.880027,0.406664,-0.030702,0.0,0.000449,0.00240275,-0.100273,0.995248,0.258562,-0.083137,1.0,11411.9,311.2,192.9,1134.1,100.0,1.0
859928,5381,165,4.075241,0.2,-0.002544,0.004738,0.073014,0.00254204,-0.110885,0.88011,0.306148,-0.038425,1.0,10973.2,285.3,287.1,834.4,100.0,1.0
860088,5382,160,3.862195,1.0,-0.458093,0.0436,0.0,0.00297905,-0.184232,0.702592,-0.026947,-0.023952,1.0,10296.9,263.7,381.8,394.8,100.0,1.0
860244,5383,156,5.222215,0.2,-0.42611,0.010024,0.05688,0.00306889,-0.083346,1.0,0.144024,0.007505,1.0,11471.0,284.6,293.1,585.3,100.0,1.0
860406,5384,162,3.340543,0.2,-0.330147,0.0,0.0,0.00291856,-0.219876,0.6938,-0.017961,-0.138431,1.0,10263.4,297.8,294.4,467.9,100.0,1.0
860565,5385,159,4.9829,0.40879,-0.126215,0.0,8.3e-05,0.00299681,-0.099194,0.966267,0.207205,-0.038272,1.0,11301.5,293.8,357.3,541.9,100.0,1.0
860728,5386,163,5.958504,0.314951,-0.158898,0.0,0.000277,0.00283791,-0.011394,1.0,0.173104,0.237651,1.0,12058.1,243.6,353.5,419.5,100.0,1.0
860888,5387,160,5.438746,0.49291,0.0278,0.0,1.9e-05,0.00257866,-0.000746,1.0,0.42963,0.187636,1.0,12010.9,252.8,313.4,655.0,100.0,1.0
861048,5388,160,3.991741,0.2,0.016985,0.0,0.165993,0.00259137,-0.112354,0.92083,0.221613,-0.049078,1.0,11128.4,292.6,273.3,643.3,100.0,1.0
861205,5389,157,5.827824,0.2,-0.032382,0.000395,0.13704,0.0026571,0.024133,1.0,0.468602,0.257575,1.0,12369.1,245.9,373.0,508.1,100.0,1.0
861361,5390,156,2.216617,0.2,-0.396083,0.007745,0.000767,0.00285668,-0.277799,0.522912,-0.185718,-0.133185,1.0,9612.3,277.2,266.7,682.4,100.0,1.0
861523,5391,162,4.563662,1.0,-0.305621,0.047293,0.0,0.00272708,-0.096209,0.970302,0.069871,0.014095,1.0,11316.8,279.0,365.4,427.7,100.0,1.0
861689,5392,166,3.863247,1.0,-0.080595,0.021922,0.0,0.00247918,-0.119002,0.859448,0.036922,0.041478,1.0,10894.5,261.5,307.4,511.9,100.0,1.0
861846,5393,157,2.742661,1.0,-0.260234,0.023277,2.7e-05,0.00272826,-0.220659,0.644077,-0.073747,-0.08101,1.0,10073.9,274.0,334.5,402.8,100.0,1.0
862001,5394,155,3.990134,1.0,-0.086729,0.054078,0.0,0.00269942,-0.116262,0.792278,0.084446,0.090746,1.0,10638.6,243.8,363.1,544.7,99.878,1.0
862160,5395,159,4.665303,0.831424,-0.047715,0.001947,9e-05,0.00249998,-0.044222,1.0,0.39224,0.055181,1.0,11633.9,275.6,244.6,825.4,100.0,1.0
862320,5396,160,1.696878,0.486959,-0.105005,0.0,0.0,0.00227845,-0.236057,0.547849,-0.043851,-0.062114,1.0,9707.3,258.8,267.9,701.5,100.0,1.0
862480,5397,160,4.4704,0.814889,-0.19043,0.007151,1.8e-05,0.00262105,-0.080863,0.8851,0.094123,0.128165,1.0,10992.2,243.6,362.7,493.6,100.0,1.0
862642,5398,162,2.782353,1.0,-0.178158,0.013748,0.0,0.00328645,-0.321734,0.407813,-0.095544,-0.213776,1.0,9173.8,291.7,365.4,388.9,100.0,1.0
862803,5399,161,5.879425,0.2,-0.076816,0.0,0.252605,0.0028323,-0.010785,1.0,0.306064,0.195363,1.0,11760.5,246.0,364.5,438.4,100.0,1.0
862965,5400,162,4.363891,1.0,-0.01613,0.032408,0.0,0.00253207,-0.079737,1.0,0.38777,-0.061712,1.0,11504.4,306.5,292.3,652.7,100.0,1.0
863120,5401,155,4.366861,0.359417,-0.362324,0.003273,0.0,0.0031228,-0.153358,0.806618,0.134852,-0.06166,1.0,10693.2,284.9,291.0,501.9,100.0,1.0
863281,5402,161,5.215214,0.853312,-0.281438,0.0,0.0,0.00281675,-0.058568,1.0,0.145007,0.089769,1.0,11603.7,266.2,334.4,426.7,100.0,1.0
863441,5403,160,6.193977,1.0,-0.134188,0.032802,0.0,0.00303368,-0.016339,1.0,0.455811,0.126933,1.0,11963.3,265.4,364.9,288.7,100.0,1.0
863596,5404,155,1.958252,1.0,-0.333696,0.02265,9.1e-05,0.00251092,-0.240897,0.559744,0.032851,-0.113726,1.0,9752.6,275.1,276.9,739.4,100.0,1.0
863752,5405,156,2.750732,1.0,0.843344,0.038986,0.0,0.00332649,-0.310636,0.387826,-0.112126,-0.1546,1.0,9097.6,269.0,396.4,275.8,100.0,1.0
863912,5406,160,4.962406,0.734359,-0.027242,0.014808,0.000294,0.00255557,-0.03309,1.0,0.33853,0.110189,1.0,12751.5,287.1,271.8,507.9,100.0,1.0
864077,5407,165,3.405065,1.0,-0.350284,0.03058,6e-06,0.00303895,-0.243575,0.521384,-0.155735,-0.027823,1.0,9606.5,247.0,448.2,465.1,100.0,1.0
864241,5408,164,3.653371,0.402889,-0.338942,0.0,0.000135,0.00300639,-0.216377,0.657778,-0.044761,-0.087819,1.0,10126.1,277.5,307.9,420.4,100.0,1.0
864404,5409,163,2.143568,0.296755,-0.335304,0.0,0.008144,0.00315438,-0.351842,0.293262,-0.327157,-0.141474,1.0,8737.3,254.4,385.9,403.1,100.0,1.0
864565,5410,161,4.733151,-0.080774,-0.239339,0.003308,0.0,0.00265196,-0.068484,1.0,0.216048,0.033039,1.0,11548.8,279.5,316.3,432.8,100.0,1.0
864727,5411,162,4.40664,0.880812,-0.121661,0.006996,0.0,0.00283246,-0.125109,0.75748,0.046057,0.103051,1.0,10506.0,238.1,404.0,393.6,100.0,1.0
864888,5412,161,5.800915,0.541746,-0.03239,0.014851,0.0,0.00276718,-0.006159,0.97897,0.134924,0.285356,1.0,11349.9,220.8,427.0,356.3,100.0,1.0
865050,5413,162,5.198612,0.364565,-0.066542,0.0,0.000273,0.00259086,-0.025976,1.0,0.388,0.117415,1.0,12062.0,269.9,301.7,844.5,100.0,1.0
865212,5414,162,4.963451,1.0,-0.326025,0.051691,0.0,0.00290891,-0.095315,0.973258,0.152674,-0.012989,1.0,11328.1,286.9,324.2,486.5,99.949,1.0
865382,5415,170,5.02318,0.2,-0.413068,0.0,0.0,0.00313611,-0.15269,0.8801,-0.04637,-0.06026,1.0,10973.2,291.9,337.1,490.5,100.0,1.0
865544,5416,162,4.529132,0.30124,-0.328144,0.0,0.011718,0.00266059,-0.087962,1.0,0.07893,0.013816,1.0,11879.8,292.9,279.2,743.8,100.0,1.0
865707,5417,163,4.630132,0.714049,-0.04806,0.004648,0.000234,0.00252661,-0.061132,1.0,0.202626,0.062018,1.0,12482.7,293.8,318.1,749.8,100.0,1.0
865867,5418,160,5.254123,1.0,-0.019642,0.035943,0.0,0.00270052,-0.034115,1.0,0.338239,0.106871,1.0,12346.1,278.9,383.3,425.3,100.0,1.0
866025,5419,158,4.123952,0.791719,-0.163539,0.0,0.0,0.00261199,-0.100329,0.901154,0.16428,0.026517,1.0,11053.4,269.2,286.8,796.5,100.0,1.0
866180,5420,155,5.349683,0.201267,0.0106,0.0,0.000126,0.00268119,-0.010381,1.0,0.355915,0.180092,1.0,11537.3,244.4,331.2,398.9,100.0,1.0
866342,5421,162,4.824775,0.2,-0.274937,0.0,0.045342,0.00287481,-0.100279,0.972239,0.201313,-0.044901,1.0,11324.2,296.4,298.6,575.7,100.0,1.0
866498,5422,156,4.063708,0.477032,-0.321372,0.017278,0.008051,0.00321106,-0.193126,0.632449,-0.162544,0.050053,1.0,10029.6,238.8,402.1,337.3,100.0,1.0
866656,5423,158,2.680492,0.457911,-0.340188,0.03088,0.028539,0.00308603,-0.284561,0.493758,-0.169731,-0.136757,1.0,9501.2,275.2,403.8,516.8,100.0,1.0
866821,5424,165,4.42151,0.862357,-0.113159,0.003957,2.9e-05,0.00274508,-0.118001,0.901709,-0.038652,0.034789,1.0,11055.5,267.1,364.2,576.1,100.0,1.0
866977,5425,156,5.224238,1.0,-0.095686,0.019633,0.0,0.00268807,-0.023585,1.0,0.341608,0.140848,1.0,11625.7,254.8,278.5,518.3,100.0,1.0
867133,5426,156,4.196234,0.62748,-0.140374,0.007162,0.00022,0.00292744,-0.138807,0.741972,0.160107,0.032297,1.0,10446.9,253.0,354.5,590.3,100.0,1.0
867297,5427,164,3.941623,1.0,-0.329165,0.065099,0.0,0.00314443,-0.217096,0.706105,-0.07115,-0.121692,1.0,10310.3,293.5,361.7,330.9,98.975,1.0
867457,5428,160,3.086002,0.945591,-0.275495,0.009197,8e-05,0.00278807,-0.212303,0.731206,-0.036174,-0.138291,1.0,10405.9,301.9,286.0,562.0,100.0,1.0
867619,5429,162,4.66134,0.2,-0.153448,0.0,0.000113,0.00283525,-0.106177,0.836248,0.038435,0.103058,1.0,10806.1,244.9,428.0,642.2,100.0,1.0
867784,5430,165,4.372586,0.776275,-0.080641,0.008368,0.0,0.00257019,-0.092812,0.973112,0.152399,-0.004431,1.0,11327.6,284.4,301.0,529.8,100.0,1.0
867945,5431,161,5.135705,0.504612,-0.273109,0.005134,0.000111,0.00275273,-0.054106,1.0,0.076166,0.127591,1.0,11969.9,265.4,367.7,591.9,100.0,1.0
868106,5432,161,4.240715,0.656779,-0.066087,0.00816,0.0,0.00266931,-0.108477,0.869968,0.136871,0.034481,1.0,10934.6,264.3,334.1,674.2,100.0,1.0
868261,5433,155,5.421223,0.930803,-0.062976,0.006469,0.0,0.00284633,-0.030458,0.932763,0.20554,0.219326,1.0,11173.8,229.1,370.4,418.3,100.0,1.0
868421,5434,160,3.332244,0.672667,-0.324265,0.0,5.4e-05,0.00260617,-0.164524,0.788774,0.022208,-0.046461,1.0,10625.2,278.6,311.6,710.8,100.0,1.0
868577,5435,156,4.587945,0.2,-0.354119,0.0,0.079473,0.00285673,-0.09805,0.90772,0.149424,0.033591,1.0,11078.4,268.0,317.8,501.9,100.0,1.0
868743,5436,166,4.722875,0.455675,-0.109726,0.0,4e-06,0.00269683,-0.089844,0.905175,0.054844,0.094592,1.0,11068.7,252.8,346.7,472.2,100.0,1.0
868898,5437,155,5.265669,1.0,-0.230029,0.01124,0.0,0.00299439,-0.065174,0.930468,0.067624,0.151488,1.0,11165.1,242.4,390.6,345.4,100.0,1.0
869060,5438,162,3.889059,0.905148,-0.248015,0.009846,0.000861,0.0027264,-0.147014,0.901582,0.20271,-0.142269,1.0,11055.0,322.2,233.6,793.7,100.0,1.0
869218,5439,158,3.385706,0.850621,-0.270843,0.033329,3.7e-05,0.00290604,-0.202632,0.736974,-0.009291,-0.119823,1.0,10427.9,296.2,329.1,568.1,100.0,1.0
869374,5440,156,5.614839,1.0,-0.015272,0.025258,0.000388,0.00277105,-0.006855,1.0,0.341551,0.196634,1.0,11913.2,248.9,309.7,400.0,100.0,1.0
869533,5441,159,3.858423,0.778702,-0.252694,0.012667,0.0,0.00279529,-0.152105,0.806852,0.209554,-0.082576,1.0,10694.1,291.4,268.4,642.0,100.0,1.0
869696,5442,163,4.961263,1.0,-0.178389,0.041636,2.7e-05,0.00281247,-0.082522,0.993759,0.132062,0.01944,1.0,11406.2,279.7,343.0,387.4,100.0,1.0
869864,5443,168,2.105592,0.544461,-0.319509,0.004573,0.0,0.00273326,-0.299654,0.493877,-0.21864,-0.170866,1.0,9501.7,286.5,299.7,624.0,100.0,1.0
870030,5444,166,5.938005,0.288325,0.003655,0.0,0.000226,0.00280974,-0.016485,1.0,0.466302,0.122949,1.0,11702.6,260.5,353.1,494.4,100.0,1.0
870180,5445,150,5.617314,-0.049929,-0.163673,0.007643,2e-05,0.00285814,-0.003075,1.0,0.346573,0.207557,1.0,12280.1,254.2,380.2,675.0,100.0,1.0
870338,5446,158,4.793241,-0.151219,-0.081314,0.020332,0.000264,0.00273369,-0.068715,0.90853,0.095271,0.148752,1.0,11081.5,241.2,413.2,442.8,100.0,1.0
870497,5447,159,4.907849,0.587896,-0.192245,0.005242,2.1e-05,0.0027801,-0.070138,1.0,0.252364,0.015418,1.0,12207.8,300.6,258.9,673.3,100.0,1.0
870655,5448,158,4.313883,1.0,-0.08717,0.023539,0.0,0.00259498,-0.083113,1.0,0.153108,0.005254,1.0,11530.0,286.7,280.3,511.5,100.0,1.0
870815,5449,160,5.526139,1.0,-0.263533,0.026514,0.0,0.00296044,-0.05492,1.0,0.179216,0.09053,1.0,12313.8,282.3,351.0,439.6,100.0,1.0
870973,5450,158,4.020724,0.892887,-0.209373,0.0,0.0,0.00261308,-0.108182,0.909364,0.136797,0.00266,1.0,11084.7,276.4,307.6,450.6,100.0,1.0
871131,5451,158,4.005728,0.311416,-0.389,0.0,0.000421,0.00278981,-0.13724,0.873648,0.065628,-0.040714,1.0,10948.6,285.3,326.0,673.7,100.0,1.0
871291,5452,160,4.782041,0.548252,-0.351958,0.0,0.000371,0.00301466,-0.119969,0.917656,0.050531,-0.014788,1.0,11116.3,282.1,377.9,453.2,100.0,1.0
871454,5453,163,4.728123,0.860644,-0.068022,0.026015,3.1e-05,0.00256926,-0.06048,0.823226,0.041987,0.265048,1.0,10756.5,212.6,350.4,402.5,100.0,1.0
871618,5454,164,5.078437,1.0,-0.205439,0.004433,0.0,0.00281029,-0.076034,1.0,0.203279,0.012127,1.0,12059.7,297.9,353.6,530.2,100.0,1.0
871782,5455,164,3.41678,0.331904,-0.268779,0.0,0.000141,0.0026412,-0.174224,0.826863,0.114468,-0.141288,1.0,10770.3,313.6,237.8,728.0,100.0,1.0
871941,5456,159,4.32121,0.725879,-0.303,0.0,0.000278,0.00285657,-0.126723,0.871016,0.137946,-0.027572,1.0,10938.6,281.2,286.5,539.9,100.0,1.0
872100,5457,159,4.674262,0.2,-0.393041,0.0,0.35249,0.00276468,-0.085355,1.0,0.250052,-0.034533,1.0,11550.6,299.1,240.1,865.7,100.0,1.0
872258,5458,158,2.709999,1.0,-0.12906,0.017257,0.0,0.00246109,-0.183478,0.704526,0.178835,-0.091641,1.0,10304.2,283.6,221.6,841.7,100.0,1.0
872418,5459,160,4.951381,0.2,-0.302305,0.0,0.000855,0.00306911,-0.115838,0.872129,-0.017127,0.059474,1.0,10942.8,258.2,394.0,287.3,100.0,1.0
872577,5460,159,5.486222,-0.144827,-0.033533,0.006422,3.8e-05,0.00309633,-0.076547,0.893765,0.203372,0.098917,1.0,11025.2,250.8,381.8,346.4,100.0,1.0
872746,5461,169,2.736103,0.2,-0.291068,0.0,0.003291,0.00261446,-0.234485,0.600012,-0.148674,-0.0654,1.0,9906.0,265.0,295.9,812.9,100.0,1.0
872912,5462,166,2.80447,0.798919,-0.256656,0.0,0.0,0.00264436,-0.226418,0.691654,-0.085008,-0.136102,1.0,10255.2,296.8,322.9,465.2,100.0,1.0
873076,5463,164,4.704981,0.744004,-0.155469,0.01481,7.3e-05,0.00269261,-0.085005,1.0,0.140368,0.003194,1.0,11519.0,287.1,335.6,548.8,100.0,1.0
873235,5464,159,2.052137,0.381266,-0.331055,0.0,0.000169,0.00296613,-0.316095,0.333502,-0.163671,-0.110345,1.0,8890.6,249.8,333.0,446.4,100.0,1.0
873397,5465,162,4.702332,0.55558,-0.121035,0.006769,0.000335,0.0027597,-0.090681,1.0,0.164802,-0.023871,1.0,11448.0,293.2,281.2,565.6,100.0,1.0
873561,5466,164,5.044652,0.2,-0.330136,0.0,0.157458,0.00277461,-0.072698,1.0,0.142967,0.043351,1.0,11859.0,284.2,297.6,635.4,100.0,1.0
873719,5467,158,4.347818,0.310748,-0.261192,0.0,0.000254,0.00254808,-0.073066,1.0,0.239428,0.00997,1.0,11855.6,293.5,166.8,968.6,100.0,1.0
873881,5468,162,5.089365,0.524604,-0.108689,0.002275,4.2e-05,0.00262766,-0.039951,1.0,0.370189,0.076768,1.0,11964.1,277.8,272.9,722.4,100.0,1.0
874038,5469,157,5.309198,0.463106,-0.060649,0.01496,0.000688,0.00272159,-0.024893,1.0,0.40312,0.115983,1.0,11730.2,262.8,317.5,486.3,100.0,1.0
874194,5470,156,4.601703,0.685935,-0.107468,0.005362,0.000269,0.00283473,-0.093441,0.728585,0.008984,0.245047,1.0,10395.9,208.7,397.6,344.3,100.0,1.0
874351,5471,157,4.712294,0.754257,-0.095556,0.023231,0.000107,0.00274082,-0.073143,0.832207,0.158464,0.17653,1.0,10790.7,229.3,355.4,410.5,100.0,1.0
874520,5472,169,4.410316,0.971589,-0.265182,0.0,0.000373,0.00272443,-0.126147,0.974666,0.085104,-0.094412,1.0,11333.5,312.9,230.7,805.7,100.0,1.0
874682,5473,162,5.115168,1.0,-0.094847,0.023897,0.000172,0.00264881,-0.041397,1.0,0.348353,0.079226,1.0,11968.4,277.2,295.4,607.1,100.0,1.0
874835,5474,153,2.022639,0.379585,0.792523,0.003884,0.083223,0.0030667,-0.315902,0.446727,-0.088549,-0.229097,1.0,9322.0,302.3,266.7,527.0,100.0,1.0
874996,5475,161,3.49194,0.642416,-0.259261,0.007245,0.0,0.00267175,-0.165473,0.817155,0.114463,-0.104027,1.0,10733.4,299.5,250.1,794.0,100.0,1.0
875153,5476,157,7.643113,0.572339,0.108607,0.003148,0.0,0.002936,0.118386,1.0,0.530957,0.550968,1.0,12677.8,204.4,485.8,257.1,100.0,1.0
875320,5477,167,3.133952,0.353503,-0.336093,0.010204,0.0011,0.00315369,-0.289126,0.555543,-0.121153,-0.219655,1.0,9736.6,311.9,365.0,419.6,100.0,1.0
875483,5478,163,5.062155,1.0,-0.008473,0.001651,0.000118,0.00258397,-0.037454,1.0,0.386262,0.079734,1.0,12079.4,279.7,269.7,637.0,100.0,1.0
875649,5479,166,4.708102,1.0,-0.386235,0.019233,0.000403,0.00312956,-0.162619,0.874736,-0.01895,-0.098027,1.0,10952.7,303.6,335.8,390.9,100.0,1.0
875804,5480,155,2.974649,0.360838,-0.29399,0.0,2e-06,0.0029181,-0.226813,0.626589,-0.046245,-0.096118,1.0,10007.3,276.8,316.8,455.4,100.0,1.0
875967,5481,163,4.967703,0.2,-0.052486,0.0,0.351514,0.00296023,-0.105926,0.854118,0.141066,0.054794,1.0,10874.2,257.7,351.7,532.6,100.0,1.0
876129,5482,162,5.854163,0.2,0.042749,0.008968,0.031551,0.00262151,0.01913,1.0,0.439719,0.250528,1.0,12533.1,250.6,335.4,514.4,100.0,1.0
876288,5483,159,3.457184,0.2,-0.342202,0.0,0.116744,0.0030752,-0.226869,0.617233,-0.066989,-0.081595,1.0,9971.7,271.4,323.6,541.0,100.0,1.0
876449,5484,161,4.703788,0.72848,-0.218678,0.019789,8.6e-05,0.00295339,-0.118885,0.806726,0.237551,0.018927,1.0,10693.6,262.4,326.0,377.3,100.0,1.0
876610,5485,161,2.273834,0.235275,-0.37167,0.0,0.000277,0.00275909,-0.271821,0.538021,-0.026153,-0.179037,1.0,9669.9,294.5,270.9,764.6,100.0,1.0
876770,5486,160,2.656456,1.0,-0.30867,0.027455,0.0,0.00274285,-0.237455,0.623978,-0.030144,-0.134783,1.0,9997.4,288.9,277.8,722.8,100.0,1.0
876928,5487,158,1.068304,0.769477,-0.328106,0.0,0.000103,0.00275714,-0.354636,0.379947,-0.253024,-0.247735,1.0,9067.6,301.3,296.1,556.7,100.0,1.0
877082,5488,154,5.703451,0.816568,0.015407,0.0,1.5e-05,0.00300164,-0.029833,0.868592,0.301523,0.242888,1.0,10929.3,219.8,376.9,473.1,100.0,1.0
877243,5489,161,3.649029,1.0,-0.261172,0.0,0.0,0.00289576,-0.189553,0.715132,0.01653,-0.066631,1.0,10344.7,277.1,338.1,379.4,100.0,1.0
877409,5490,166,6.577769,0.943907,-0.159388,0.010774,0.0,0.00310197,-0.016198,1.0,0.443162,0.13162,1.0,13129.2,290.1,358.5,332.6,100.0,1.0
877573,5491,164,6.760166,0.2,-0.033584,0.0,0.237221,0.0031059,0.003217,1.0,0.210013,0.274054,1.0,11584.7,227.3,453.1,347.6,100.0,1.0
877735,5492,162,1.874077,0.875804,-0.2764,0.017519,0.0,0.00296301,-0.337906,0.387102,-0.216666,-0.210049,1.0,9094.9,287.8,304.5,592.4,100.0,1.0
877896,5493,161,5.481293,0.793346,0.083494,0.028488,0.000306,0.00249044,0.014686,1.0,0.722876,0.141327,1.0,11709.8,256.5,291.9,683.9,100.0,1.0
878064,5494,168,4.58167,0.2,-0.350417,0.0,0.169474,0.0031424,-0.180506,0.742411,0.022829,-0.061305,1.0,10448.6,278.3,352.3,516.1,100.0,1.0
878227,5495,163,3.740339,-0.172772,-0.248623,0.0,0.000256,0.00264409,-0.147347,0.806677,0.011776,-0.000647,1.0,10693.4,267.5,249.8,505.3,100.0,1.0
878388,5496,161,6.335602,0.484742,0.014485,0.035186,0.0,0.00291339,0.011388,1.0,0.611575,0.167434,1.0,13147.4,281.5,357.5,463.7,100.0,1.0
878544,5497,156,5.320807,0.2,-0.162243,0.0,0.172978,0.00264729,-0.009479,1.0,0.357721,0.182495,1.0,11973.6,253.1,339.0,660.0,100.0,1.0
878701,5498,157,3.115776,-0.053723,-0.0973,0.013974,0.0,0.0024683,-0.15124,0.778271,0.133726,-0.0306,1.0,10585.2,273.0,332.4,801.2,100.0,1.0
878861,5499,160,2.095028,1.0,-0.145312,0.059383,0.0,0.00276638,-0.283753,0.426234,-0.047818,-0.118432,1.0,9244.0,262.1,322.8,455.5,99.719,1.0
879025,5500,164,3.357162,0.788049,-0.303741,0.0,0.0,0.00272534,-0.192372,0.780126,0.017703,-0.130581,1.0,10592.3,304.6,205.9,769.5,100.0,1.0
879183,5501,158,5.513198,0.493835,-0.248256,0.035597,0.000128,0.00294129,-0.046637,1.0,0.171345,0.12076,1.0,11548.8,257.6,393.1,429.7,100.0,1.0
879336,5502,153,6.037523,0.637086,-0.020915,0.001635,1.2e-05,0.00277785,0.032849,1.0,0.437532,0.296987,1.0,12529.9,241.5,399.0,426.1,100.0,1.0
879495,5503,159,5.133982,0.28361,-0.180601,0.010826,0.01492,0.00274953,-0.04783,1.0,0.333474,0.062741,1.0,11527.6,271.2,322.7,607.4,100.0,1.0
879658,5504,163,4.884707,0.79353,-0.33827,0.005892,0.000116,0.00287494,-0.098173,0.947817,0.215483,-0.022253,1.0,11231.2,287.2,279.1,645.0,100.0,1.0
879820,5505,162,2.473998,0.519953,-0.232508,0.001568,0.0,0.00257537,-0.229586,0.655027,-0.069734,-0.121231,1.0,10115.7,287.8,259.0,596.5,100.0,1.0
879984,5506,164,2.135531,0.600748,-0.201921,0.0,0.000221,0.00249929,-0.247931,0.593204,0.057452,-0.173256,1.0,9880.1,298.8,255.8,754.7,100.0,1.0
880146,5507,162,4.830467,0.731729,-0.301765,0.000466,0.0,0.00289665,-0.102928,0.947913,0.02803,0.024302,1.0,11231.5,274.1,326.4,1054.7,100.0,1.0
880310,5508,164,2.692862,0.856528,-0.280076,0.019568,0.000342,0.00256593,-0.216583,0.746724,0.00818,-0.180274,1.0,10465.0,319.2,190.9,638.8,100.0,1.0
880463,5509,153,3.117341,0.919728,-0.283614,0.001903,3.4e-05,0.00270997,-0.178207,0.75233,0.166004,-0.109632,1.0,10486.4,294.4,289.6,642.8,100.0,1.0
880623,5510,160,6.658318,1.0,-0.018546,0.013235,0.0,0.00286657,0.046315,1.0,0.182291,0.426953,1.0,12093.8,211.9,482.6,174.3,100.0,1.0
880777,5511,154,5.681083,1.0,0.009875,0.021962,0.0,0.00262459,0.02667,1.0,0.231803,0.344964,1.0,11884.0,220.9,410.5,273.6,100.0,1.0
880934,5512,157,3.894842,0.274371,-0.32556,0.0,0.050939,0.00260489,-0.113582,0.91071,0.040336,0.015691,1.0,11089.8,273.0,239.4,821.1,100.0,1.0
881091,5513,157,2.226938,0.2,-0.325982,0.0,0.23975,0.00258805,-0.237433,0.56793,0.03246,-0.108871,1.0,9783.8,274.5,258.4,596.1,100.0,1.0
881251,5514,160,4.664942,1.0,-0.148726,0.022257,6e-06,0.00282387,-0.098031,0.863168,-0.02227,0.128011,1.0,10908.7,241.8,427.8,446.8,100.0,1.0
881413,5515,162,4.985387,0.834174,-0.155061,0.013372,0.000138,0.00271014,-0.060942,0.921391,0.19781,0.129765,1.0,11130.5,246.3,353.3,459.7,100.0,1.0
881571,5516,158,3.322603,1.0,-0.17398,0.039614,0.0,0.0026392,-0.164998,0.716736,0.092971,-0.011596,1.0,10350.8,261.8,322.7,501.4,100.0,1.0
881730,5517,159,3.856449,0.848414,-0.299725,0.019696,6.4e-05,0.00286931,-0.163737,0.842829,-0.003526,-0.080305,1.0,10831.2,294.4,274.3,642.8,100.0,1.0
881891,5518,161,5.500659,1.0,-0.389986,0.04409,0.0,0.00314096,-0.0885,1.0,0.209638,-0.031546,1.0,11448.6,295.5,356.3,613.6,100.0,1.0
882045,5519,154,5.2311,0.544474,0.039685,0.0,0.0,0.00253282,0.006712,1.0,0.168136,0.299662,1.0,11541.5,222.0,417.0,412.6,100.0,1.0
882208,5520,163,4.583342,0.319775,-0.046195,0.012744,7.9e-05,0.00243942,-0.049992,1.0,0.233547,0.088845,1.0,11841.3,271.9,257.3,701.5,100.0,1.0
882372,5521,164,2.002807,0.420506,-0.326047,0.012601,0.00016,0.00291868,-0.32677,0.415872,-0.204077,-0.201102,1.0,9204.5,288.0,342.8,512.3,100.0,1.0
882541,5522,169,2.904252,1.0,-0.346373,0.043514,0.0,0.00278116,-0.249733,0.593647,-0.128287,-0.11772,1.0,9881.8,280.0,304.0,763.9,100.0,1.0
882704,5523,163,2.02596,0.880507,-0.184483,0.014774,6.6e-05,0.00241396,-0.239804,0.582215,-0.069348,-0.094742,1.0,9838.2,271.7,280.8,778.8,100.0,1.0
882871,5524,167,3.835028,1.0,-0.255362,0.016453,0.0,0.00265066,-0.151772,0.855792,-0.013741,-0.047821,1.0,10880.6,285.7,332.8,492.2,100.0,1.0
883031,5525,160,2.927515,0.762936,-0.262291,0.0,0.0,0.00277642,-0.222174,0.642091,0.027247,-0.118073,1.0,10066.4,285.4,336.2,484.6,100.0,1.0
883192,5526,161,5.158589,0.861662,-0.299833,0.0,0.0,0.00290518,-0.07645,0.94882,0.187417,0.058677,1.0,11235.0,265.3,338.4,644.1,100.0,1.0
883359,5527,167,3.705308,0.476518,-0.261031,0.0,0.0,0.00272483,-0.173991,0.740334,0.019918,-0.036887,1.0,10440.7,271.0,345.0,436.4,100.0,1.0
883522,5528,163,3.794794,0.94855,1.0,0.007537,0.0,0.00303624,-0.207063,0.727703,-0.057547,-0.11078,1.0,10392.5,292.2,350.0,627.1,100.0,1.0
883681,5529,159,5.456902,0.2,-0.085982,0.0,0.104522,0.00297911,-0.059746,1.0,0.248192,0.05145,1.0,11495.7,273.3,311.9,445.4,100.0,1.0
883838,5530,157,4.468153,0.236753,-0.286607,0.0,0.000209,0.00284611,-0.107902,0.840338,0.034093,0.095349,1.0,10821.7,247.0,344.0,537.1,100.0,1.0
883995,5531,157,4.090044,0.122319,-0.33449,0.020058,9e-05,0.00295342,-0.153421,0.819243,0.062618,-0.048311,1.0,10741.3,282.2,312.1,447.7,100.0,1.0
884152,5532,157,5.410395,0.992905,-0.214308,0.001285,1.2e-05,0.00293736,-0.05073,1.0,0.23381,0.086298,1.0,12048.7,277.3,344.4,374.6,100.0,1.0
884309,5533,157,5.258815,1.0,-0.162072,0.025578,0.0,0.00323769,-0.109375,0.825957,0.163827,0.059175,1.0,10766.9,254.1,431.4,237.6,100.0,1.0
884466,5534,157,3.631606,0.2,-0.275844,0.0,0.07955,0.00321203,-0.228787,0.464246,-0.128078,0.059865,1.0,9388.8,221.5,445.8,298.0,100.0,1.0
884628,5535,162,3.269933,0.2,-0.1837,0.0,0.35,0.00270687,-0.190424,0.771774,0.049836,-0.127835,1.0,10560.5,302.7,268.3,1106.5,100.0,1.0
884784,5536,156,5.285574,0.2,-0.117065,0.0,0.045564,0.00265768,-0.013573,1.0,0.478955,0.128438,1.0,11755.0,260.4,283.5,604.3,100.0,1.0
884947,5537,163,3.699383,1.0,-0.284633,0.002688,3.1e-05,0.0027849,-0.173263,0.796935,0.046639,-0.090536,1.0,10656.3,292.9,277.1,505.3,100.0,1.0
885112,5538,165,4.519173,0.257306,-0.005281,0.016873,5e-06,0.00232389,-0.040564,1.0,0.308384,0.095324,1.0,12147.0,277.2,226.9,810.4,100.0,1.0
885275,5539,163,1.779513,0.806548,0.910983,0.010007,8.5e-05,0.00330861,-0.404307,0.219988,-0.321611,-0.257142,1.0,8458.2,284.6,418.6,303.5,100.0,1.0
885435,5540,160,2.303873,1.0,-0.259159,0.024246,0.0,0.00292206,-0.292735,0.478303,-0.166731,-0.152126,1.0,9442.3,278.4,292.3,426.0,100.0,1.0
885597,5541,162,1.442969,1.0,0.756355,0.007188,0.0,0.00305573,-0.385554,0.354828,-0.312556,-0.310017,1.0,8971.9,325.1,250.1,550.2,100.0,1.0
885755,5542,158,4.919429,0.982508,-0.245238,0.009129,2.3e-05,0.00282724,-0.073443,0.986638,0.231157,0.022604,1.0,11379.1,278.2,335.9,602.4,100.0,1.0
885920,5543,165,3.366436,0.37809,-0.438094,0.0,0.055347,0.00322477,-0.276671,0.502337,-0.267622,-0.084976,1.0,9533.9,260.5,409.0,366.9,100.0,1.0
886080,5544,160,5.226079,0.2,-0.359401,0.0,0.018041,0.003218,-0.118333,0.782251,0.186156,0.058297,1.0,10600.4,250.4,333.4,407.5,100.0,1.0
886242,5545,162,4.05509,-0.155547,-0.272983,0.0,0.0,0.00264487,-0.120759,0.931663,0.097722,-0.044823,1.0,11169.6,292.3,264.2,519.1,100.0,1.0
886405,5546,163,5.445986,0.90915,-0.195595,0.0,0.0,0.0027276,-0.031345,1.0,0.359515,0.109013,1.0,12371.7,278.9,285.8,407.4,100.0,1.0
886562,5547,157,5.365723,0.804425,0.034305,0.020374,0.000109,0.00266444,-0.011151,0.939629,0.089248,0.316723,1.0,11200.0,212.6,385.2,599.4,100.0,1.0
886723,5548,161,5.144486,1.0,-0.28401,0.008884,0.0,0.00304174,-0.099339,0.964918,0.19113,-0.032272,1.0,11296.3,291.8,266.2,507.6,100.0,1.0
886883,5549,160,3.547252,0.532323,-0.273634,0.00081,0.0,0.00314474,-0.233983,0.495865,-0.052661,-0.008942,1.0,9509.2,239.9,392.5,300.2,100.0,1.0
887044,5550,161,4.854091,0.675644,-0.117049,0.01182,9e-06,0.00266298,-0.060364,0.981668,0.276703,0.055163,1.0,11360.2,269.2,261.8,718.2,100.0,1.0
887203,5551,159,4.680966,0.582796,-0.043713,0.002654,0.0,0.00267591,-0.070231,1.0,0.320812,-0.007709,1.0,11651.9,293.6,248.8,589.5,100.0,1.0
887361,5552,158,6.77228,0.579866,0.09665,0.007848,8.7e-05,0.00277651,0.075261,1.0,0.466957,0.428551,1.0,12079.8,211.4,423.9,443.6,100.0,1.0
887520,5553,159,5.448778,0.2,-0.11465,0.016309,0.006128,0.00294759,-0.055153,1.0,0.321495,0.042326,1.0,11686.3,280.3,338.8,453.4,100.0,1.0
887679,5554,159,4.397766,0.899307,-0.344643,0.037314,8.3e-05,0.00309345,-0.158105,0.775534,0.282178,-0.100689,1.0,10574.8,294.0,298.3,457.7,100.0,1.0
887841,5555,162,1.418038,0.970761,-0.265019,0.0,0.0,0.00277679,-0.342226,0.340822,-0.184504,-0.196603,1.0,8918.5,277.5,301.3,616.6,100.0,1.0
887998,5556,157,6.063746,-0.211737,0.049485,0.022675,5.4e-05,0.00255915,0.058427,1.0,0.577069,0.335734,1.0,12712.2,237.9,332.5,604.9,100.0,1.0
888159,5557,161,7.915457,0.452038,0.103789,0.000494,0.0,0.00274732,0.158439,1.0,0.576563,0.656914,0.989405,12319.1,185.9,451.2,352.6,100.0,1.0
888319,5558,160,3.724171,0.2,1.0,0.0,0.001076,0.00300251,-0.197747,0.703453,0.046659,-0.094252,1.0,10300.2,284.3,362.3,472.5,100.0,1.0
888475,5559,156,5.140357,1.0,-0.162092,0.037789,0.0,0.0026291,-0.019994,1.0,0.483832,0.105411,1.0,11869.3,268.4,239.8,519.7,100.0,1.0
888642,5560,167,4.937021,0.2,-0.142089,0.000771,0.03214,0.00262207,-0.063177,1.0,0.295848,0.024128,1.0,11725.1,286.2,371.6,470.6,100.0,1.0
888800,5561,158,2.050314,1.0,-0.339475,0.046348,4.5e-05,0.00282815,-0.291236,0.446436,-0.087015,-0.147145,1.0,9320.9,273.2,332.7,596.2,100.0,1.0
888959,5562,159,3.662053,0.655349,-0.28327,0.032755,3.9e-05,0.0026909,-0.149908,0.799069,0.047101,-0.01462,1.0,10664.5,270.6,259.2,731.6,100.0,1.0
889118,5563,159,4.699964,0.522237,-0.296664,0.01399,0.000303,0.0028511,-0.096604,0.901039,0.144654,0.045571,1.0,11053.0,264.3,284.5,592.1,100.0,1.0
889280,5564,162,4.700758,0.242282,-0.202822,0.0,0.0,0.00271427,-0.082923,0.857852,0.091311,0.144944,1.0,10888.4,237.8,388.5,366.4,100.0,1.0
889438,5565,158,3.089205,-0.031205,-0.128509,0.017063,0.0,0.00268368,-0.189547,0.705641,0.045985,-0.068519,1.0,10308.5,276.7,250.3,574.9,100.0,1.0
889600,5566,162,1.249675,1.0,0.896115,0.014973,0.0,0.00332251,-0.443416,0.090978,-0.341025,-0.273527,1.0,7966.6,274.2,336.1,504.5,100.0,1.0
889762,5567,162,5.924068,0.662721,-0.161129,0.0,4.7e-05,0.00296437,-0.030564,1.0,0.180251,0.171371,1.0,11810.1,252.1,418.2,310.6,100.0,1.0
889923,5568,161,4.105657,0.959666,-0.295465,0.0,0.0,0.00280006,-0.139164,0.781399,0.016366,0.046165,1.0,10597.1,253.2,340.2,610.0,100.0,1.0
890082,5569,159,1.84852,1.0,0.887805,0.03781,0.0,0.0030151,-0.339086,0.357265,-0.190793,-0.197744,1.0,8981.2,279.9,313.1,422.0,100.0,1.0
890246,5570,164,4.971805,0.716137,-0.01235,0.0,0.000239,0.00262214,-0.05263,1.0,0.277698,0.065333,1.0,12240.6,287.2,280.4,634.3,100.0,1.0
890405,5571,159,5.717906,0.2,0.070909,0.016265,0.057863,0.00261099,0.018887,1.0,0.499774,0.2297,1.0,12439.1,252.9,268.4,681.1,100.0,1.0
890568,5572,163,3.202036,1.0,-0.355601,0.0,0.0,0.00285464,-0.222251,0.604377,-0.038033,-0.06514,1.0,9922.7,265.4,309.8,435.6,100.0,1.0
890724,5573,156,5.921877,0.716776,-0.126114,0.01082,0.0,0.00283937,0.006577,1.0,0.370518,0.231749,1.0,12455.7,252.8,366.4,529.8,100.0,1.0
890890,5574,166,5.111818,0.676664,-0.053235,0.0,0.0,0.00258757,-0.041501,0.949924,0.023787,0.228799,1.0,11239.2,228.7,352.9,584.5,100.0,1.0
891053,5575,163,1.816306,0.665224,-0.336077,0.02904,4.3e-05,0.00271732,-0.30505,0.408824,-0.049519,-0.174348,1.0,9177.6,277.9,261.6,895.5,100.0,1.0
891210,5576,157,4.375608,0.255785,0.007238,0.015219,9.6e-05,0.00240441,-0.045341,1.0,0.368984,0.059202,1.0,11821.5,279.0,255.0,813.5,100.0,1.0
891372,5577,162,3.891558,0.422238,-0.320326,0.0,0.0,0.0026546,-0.134644,0.851852,0.227671,-0.067913,1.0,10865.6,291.4,261.0,595.7,100.0,1.0
891530,5578,158,4.235535,1.0,-0.124121,0.0,0.0,0.0028924,-0.135489,0.871159,0.173931,-0.068907,1.0,10939.1,293.7,266.7,417.2,100.0,1.0
891689,5579,159,5.591534,0.308098,-0.272111,0.003968,0.0,0.00294637,-0.044028,1.0,0.264175,0.098516,1.0,11889.6,270.6,325.0,411.3,100.0,1.0
891853,5580,164,4.601349,0.2,-0.221392,0.0,0.046756,0.0027805,-0.106715,0.831652,0.198755,0.051654,1.0,10788.6,256.5,343.8,775.7,100.0,1.0
892015,5581,162,4.41278,0.951907,-0.040506,0.0,0.000332,0.00267159,-0.097814,0.790326,0.108207,0.145947,1.0,10631.1,231.9,347.7,533.8,100.0,1.0
892174,5582,159,3.440614,0.2,-0.251928,0.0,0.02272,0.00260121,-0.152402,0.801337,0.146182,-0.057848,1.0,10673.1,283.2,278.1,644.6,100.0,1.0
892330,5583,156,4.559583,0.509563,-0.27616,0.030497,0.0,0.0028906,-0.104804,0.8312,0.075564,0.099465,1.0,10786.9,245.3,383.5,318.1,100.0,1.0
892489,5584,159,6.02575,1.0,-0.243486,0.0,0.0,0.00307232,-0.03106,1.0,0.252428,0.145658,1.0,11962.3,261.0,420.3,249.1,100.0,1.0
892652,5585,163,3.318727,1.0,-0.231235,0.021601,8.1e-05,0.00259656,-0.171293,0.780695,0.058438,-0.074368,1.0,10594.4,286.1,236.0,687.6,100.0,1.0
892811,5586,159,5.177401,0.598134,-0.126077,0.0,1.3e-05,0.00271206,-0.038169,1.0,0.281637,0.112223,1.0,11758.2,264.3,339.5,711.4,100.0,1.0
892971,5587,160,4.965903,0.519241,-0.111544,0.006365,0.0,0.00263975,-0.045366,1.0,0.219234,0.109034,1.0,12291.9,277.1,277.9,1248.4,100.0,1.0
893124,5588,153,2.640156,1.0,-0.301309,0.033902,0.0,0.00283096,-0.232709,0.473193,0.003572,-0.004547,1.0,9422.9,236.6,372.5,427.1,100.0,1.0
893283,5589,159,3.798344,0.2,1.0,0.0,0.111536,0.00325887,-0.229807,0.668986,0.015459,-0.161998,1.0,10168.8,303.4,353.9,734.1,100.0,1.0
893445,5590,162,6.419565,0.341658,0.025087,0.0,0.000342,0.00290199,0.017249,1.0,0.252495,0.306664,1.0,11766.9,225.1,395.8,442.9,100.0,1.0
893598,5591,153,0.082755,0.400161,-0.353068,0.0,0.0,0.00278621,-0.420012,0.13576,-0.290217,-0.249769,1.0,8137.2,271.2,285.7,588.8,100.0,1.0
893756,5592,158,5.169796,0.423319,-0.269345,0.005118,0.0,0.00272875,-0.038636,1.0,0.290689,0.107649,1.0,11478.6,259.1,308.6,386.0,100.0,1.0
893915,5593,159,3.627096,1.0,-0.291911,0.007495,2.9e-05,0.00277322,-0.165562,0.681572,0.024428,0.038673,1.0,10216.8,245.9,321.4,389.9,100.0,1.0
894071,5594,156,6.204693,0.350212,0.036577,0.00203,9.4e-05,0.00282653,0.030143,1.0,0.591888,0.236514,1.0,12370.1,250.1,317.4,510.1,100.0,1.0
894225,5595,154,4.760772,1.0,-0.140797,0.030621,0.0,0.00303168,-0.105422,0.781606,0.062877,0.142964,1.0,10597.9,231.8,420.1,302.1,100.0,1.0
894385,5596,160,2.845138,1.0,-0.074034,0.024122,2.3e-05,0.00228497,-0.14957,0.852461,0.047611,-0.058153,1.0,10867.9,288.5,210.8,944.8,100.0,1.0
894541,5597,156,5.457263,0.733649,0.057333,0.029498,0.0,0.00271686,-0.009487,1.0,0.343683,0.18715,1.0,11519.8,242.6,371.0,452.6,100.0,1.0
894701,5598,160,5.216408,0.474948,-0.211838,0.0,0.000126,0.00289982,-0.067913,1.0,0.126568,0.064767,1.0,11488.9,269.8,331.4,637.6,100.0,1.0
894864,5599,163,3.842485,0.2,-0.046929,0.0,0.076968,0.00263544,-0.137831,0.851687,0.10586,-0.037797,1.0,10864.9,282.3,246.2,732.7,100.0,1.0
895023,5600,159,4.076101,0.607105,-0.287673,0.014064,5.6e-05,0.00278801,-0.133806,0.818153,0.073516,0.014348,1.0,10737.2,264.6,330.3,648.7,100.0,1.0
895185,5601,162,3.045348,0.746422,-0.104011,0.000984,0.0,0.00267922,-0.202808,0.588698,0.079215,-0.026346,1.0,9862.9,253.2,317.7,602.5,100.0,1.0
895342,5602,157,5.100821,1.0,-0.235469,0.021149,0.0,0.00286888,-0.063114,1.0,0.197511,0.057115,1.0,11839.8,280.0,332.0,439.6,100.0,1.0
895503,5603,161,3.917141,0.516073,-0.231217,0.006182,9e-06,0.00277998,-0.15015,0.655343,-0.046349,0.135496,1.0,10116.9,222.7,373.4,418.2,100.0,1.0
895659,5604,156,2.27749,0.829139,-0.219181,0.0,4.1e-05,0.00256719,-0.227547,0.591524,-0.049612,-0.068222,1.0,9873.7,264.9,230.0,609.1,100.0,1.0
895823,5605,164,5.118743,0.326145,-0.310591,0.035916,0.0,0.00281291,-0.072647,1.0,0.188093,0.02848,1.0,11445.6,278.2,279.1,526.3,100.0,1.0
895973,5606,150,3.389944,0.2,-0.255552,0.0,0.0,0.00255884,-0.126419,0.781144,0.103019,0.059976,1.0,10596.2,249.9,274.4,498.8,100.0,1.0
896133,5607,160,5.966116,0.894741,-0.09295,0.023482,0.0,0.00285008,-0.002995,1.0,0.447035,0.174338,1.0,12086.6,257.3,381.7,439.6,100.0,1.0
896294,5608,161,5.048664,0.2,-0.203673,0.0,0.061545,0.00280517,-0.068272,1.0,0.280225,0.012353,1.0,11594.2,286.3,281.7,549.2,100.0,1.0
896456,5609,162,6.388832,0.209798,-0.059268,0.0,0.076419,0.00300286,-0.001333,1.0,0.176903,0.269922,1.0,11867.1,233.6,396.7,339.5,100.0,1.0
896613,5610,157,5.92415,1.0,-0.123731,0.016958,0.0,0.00305947,-0.030471,0.933908,0.161038,0.233162,1.0,11178.2,226.6,416.8,410.7,100.0,1.0
896775,5611,162,5.577694,0.2,-0.234247,0.003094,0.0,0.00296088,-0.056088,1.0,0.224569,0.071517,1.0,11772.0,274.7,306.8,479.2,100.0,1.0
896936,5612,161,3.850953,0.2,-0.236186,0.0,0.362447,0.00306844,-0.201576,0.706405,-0.035205,-0.082189,1.0,10311.4,280.9,407.0,490.3,100.0,1.0
897089,5613,153,5.515335,0.296567,-0.054259,0.005676,0.000205,0.00251738,0.033719,1.0,0.557916,0.259758,1.0,11910.4,236.4,277.8,600.1,100.0,1.0
897244,5614,155,4.732917,0.69505,-0.113532,0.006975,0.0,0.00271975,-0.06211,0.988618,0.186133,0.073739,1.0,11386.6,265.1,245.1,481.2,100.0,1.0
897402,5615,158,7.469437,1.0,0.054346,0.025912,0.0,0.0028595,0.115481,1.0,0.502712,0.5507,1.0,12468.2,201.0,421.9,193.1,100.0,1.0
897569,5616,167,2.779357,0.65469,-0.316557,0.0,0.0,0.00280058,-0.256615,0.600601,-0.051455,-0.172065,1.0,9908.3,299.2,264.4,612.6,100.0,1.0
897730,5617,161,3.773849,0.937282,-0.026021,0.027565,0.0,0.00262484,-0.135981,0.825777,0.13876,-0.021005,1.0,10766.2,274.9,275.4,588.8,100.0,1.0
897894,5618,164,6.606714,0.2,0.090532,0.0,2.8e-05,0.00261059,0.073637,1.0,0.45907,0.425767,1.0,13011.2,228.1,305.9,784.2,100.0,1.0
898054,5619,160,5.785916,0.724685,-0.153116,0.025403,0.0,0.00294159,-0.031214,1.0,0.334259,0.117868,1.0,12543.6,280.5,298.2,425.5,100.0,1.0
898217,5620,163,4.94347,0.410057,-0.082811,0.0,2e-06,0.00267037,-0.059809,0.956484,-0.03222,0.180974,1.0,11264.2,238.5,343.5,470.8,100.0,1.0
898377,5621,160,5.211609,0.981443,0.149431,0.0,0.0,0.00247281,0.000184,1.0,0.601011,0.133611,1.0,12616.5,278.2,264.7,794.4,100.0,1.0
898537,5622,160,5.138938,1.0,0.016615,0.029168,1.2e-05,0.00279223,-0.056449,1.0,0.16479,0.090241,1.0,11441.7,262.4,275.7,513.4,100.0,1.0
898701,5623,164,2.982905,0.2,-0.139801,0.0,0.109033,0.00255963,-0.193225,0.646237,0.063323,-0.037055,1.0,10082.2,261.8,257.0,738.3,100.0,1.0
898863,5624,162,4.217198,0.824096,-0.155231,0.007462,0.000254,0.00258566,-0.098579,0.900755,0.075788,0.062177,1.0,11051.9,260.1,328.9,569.1,100.0,1.0
899017,5625,154,5.06866,0.31443,-0.101869,0.0,0.079255,0.00263295,-0.020507,1.0,0.262032,0.177634,1.0,11815.7,250.8,297.4,688.6,100.0,1.0
899175,5626,158,2.337091,1.0,-0.350843,0.033764,7.6e-05,0.00291541,-0.283137,0.529595,-0.207229,-0.149377,1.0,9637.8,283.3,318.0,527.1,100.0,1.0
899334,5627,159,2.857018,0.807058,-0.269567,0.001883,0.0,0.00295042,-0.252126,0.534867,-0.090876,-0.089183,1.0,9657.8,265.1,397.1,451.1,100.0,1.0
899491,5628,157,2.645565,0.2,-0.419027,0.000714,0.356622,0.00278696,-0.23662,0.570182,-0.020612,-0.090349,1.0,9792.4,269.1,286.2,659.9,100.0,1.0
899652,5629,161,5.761176,0.934718,-0.131381,0.00113,0.0,0.00286115,-0.023072,1.0,0.126679,0.214202,1.0,11744.9,241.8,336.3,464.7,100.0,1.0
899807,5630,155,3.692766,1.0,-0.301346,0.037362,0.0,0.00291745,-0.171728,0.637996,-0.137612,0.108447,1.0,10050.8,226.7,400.4,327.2,100.0,1.0
899965,5631,158,5.482687,1.0,-0.294382,0.030797,0.0,0.00286135,-0.035655,1.0,0.134553,0.169633,1.0,11825.9,252.8,402.7,442.7,100.0,1.0
900126,5632,161,1.323188,1.0,-0.246642,0.006362,0.0,0.00281431,-0.352608,0.306706,-0.177828,-0.205006,1.0,8788.5,276.4,385.3,338.5,100.0,1.0
900286,5633,160,4.176961,0.2,-0.220117,0.0,0.191437,0.00302797,-0.167211,0.68184,0.035844,0.02915,1.0,10217.8,248.2,360.5,525.0,100.0,1.0
900441,5634,155,6.036084,0.707204,0.086206,0.0,2e-05,0.00261042,0.0539,1.0,0.604679,0.311441,1.0,12966.5,247.2,360.7,584.2,100.0,1.0
900598,5635,157,6.35818,-0.127191,0.102476,0.027414,0.0,0.00262078,0.07152,1.0,0.663724,0.350491,1.0,13656.1,252.8,378.7,408.7,100.0,1.0
900763,5636,165,4.358685,0.620247,-0.239515,0.016,0.0,0.00259553,-0.09717,0.984112,0.078891,-0.003623,1.0,11369.5,285.3,262.9,538.0,100.0,1.0
900922,5637,159,3.934424,0.2,-0.200829,0.0,0.000139,0.00273173,-0.135483,0.781663,0.089533,0.033827,1.0,10598.1,256.3,285.7,563.9,100.0,1.0
901084,5638,162,4.539267,0.897602,-0.009362,0.026438,7e-05,0.00264403,-0.083525,1.0,0.302707,-0.045984,1.0,11578.5,303.4,234.6,716.3,100.0,1.0
901244,5639,160,4.780337,0.2,-0.102258,0.0,0.0,0.00272041,-0.072149,0.994244,0.106201,0.062233,1.0,11408.1,268.5,282.5,489.7,100.0,1.0
901401,5640,157,4.355282,0.547915,-0.123613,0.017098,0.000324,0.00258506,-0.075018,1.0,0.098811,0.050337,1.0,11596.9,276.0,259.0,644.7,100.0,1.0
901566,5641,165,3.857098,0.762685,-0.22296,0.0,6.5e-05,0.00275509,-0.161603,0.89302,0.111887,-0.153488,1.0,11022.4,325.5,251.2,783.8,100.0,1.0
901725,5642,159,3.545847,0.773453,-0.256763,0.000222,0.000169,0.00276751,-0.170685,0.738965,0.07511,-0.043125,1.0,10435.5,272.6,250.3,860.9,100.0,1.0
901881,5643,156,4.628346,0.332176,-0.14478,0.0,4.3e-05,0.00274067,-0.07596,0.968267,0.097698,0.074012,1.0,11309.1,263.2,270.3,569.1,100.0,1.0
902037,5644,156,5.227964,0.929975,-0.087722,0.0,2e-06,0.00276574,-0.034321,0.957291,0.138784,0.208258,1.0,11267.3,233.1,360.1,405.0,100.0,1.0
902193,5645,156,4.934417,0.615487,-0.220071,0.0187,6e-06,0.00297123,-0.088675,0.818813,0.080813,0.161802,1.0,10739.7,231.1,367.2,314.0,100.0,1.0
902358,5646,165,6.050497,0.789255,-0.080579,0.011142,0.0,0.00286364,-0.012864,1.0,0.198546,0.22427,1.0,11435.6,233.5,370.9,399.9,100.0,1.0
902522,5647,164,4.275715,0.310953,-0.099407,0.0,0.000435,0.00247266,-0.080693,0.968206,0.091585,0.060323,1.0,11308.9,266.6,238.0,733.6,100.0,1.0
902678,5648,156,3.964618,0.501541,-0.246693,0.008175,0.00018,0.00277009,-0.130953,0.79849,0.123781,0.023488,1.0,10662.2,260.4,272.5,514.5,100.0,1.0
902836,5649,158,5.888723,0.969354,0.086473,0.0,0.0,0.00269896,0.020925,1.0,0.333377,0.291958,1.0,11762.9,227.6,383.1,369.2,100.0,1.0
903001,5650,165,4.715313,0.569543,0.121524,0.015573,2.3e-05,0.00220822,-0.006139,1.0,0.431662,0.168984,1.0,11998.1,256.6,258.2,870.6,100.0,1.0
903160,5651,159,3.665367,0.2,-0.206267,0.0,0.081362,0.00243726,-0.109078,0.933812,0.17892,-0.034742,1.0,11177.8,289.5,211.6,870.0,100.0,1.0
903316,5652,156,5.594738,0.336524,-0.136731,0.000617,0.0,0.00296979,-0.03828,1.0,0.106903,0.170099,1.0,11792.4,252.0,367.1,436.7,100.0,1.0
903474,5653,158,3.14008,0.73839,-0.140264,0.01726,0.0,0.00253188,-0.161493,0.739155,0.064883,-0.009234,1.0,10436.2,263.3,249.5,920.3,100.0,1.0
903629,5654,155,4.226929,0.500682,-0.164677,0.009396,6.4e-05,0.00264146,-0.08832,0.978105,0.121826,0.016571,1.0,11346.6,279.0,249.2,688.5,100.0,1.0
903793,5655,164,4.902403,0.2,-0.10199,0.0,0.115854,0.00267644,-0.066518,1.0,0.262629,0.024063,1.0,11778.1,287.5,270.3,564.6,100.0,1.0
903955,5656,162,2.644492,0.818149,-0.250823,0.015828,0.000193,0.00256634,-0.214854,0.692831,0.054007,-0.144873,1.0,10259.7,299.9,212.8,989.2,100.0,1.0
904115,5657,160,3.167325,1.0,-0.354029,0.018751,0.0,0.00292896,-0.228028,0.613828,-0.080946,-0.077969,1.0,9958.7,270.0,283.7,521.0,100.0,1.0
904271,5658,156,4.434325,0.493965,-0.25426,0.0,0.000243,0.00294559,-0.122655,0.709971,-0.062958,0.18716,1.0,10325.0,217.4,397.4,396.9,100.0,1.0
904428,5659,157,2.696001,1.0,-0.348914,0.032256,4.8e-05,0.00331032,-0.314927,0.372002,-0.214784,-0.121497,1.0,9037.3,257.2,374.2,257.4,100.0,1.0
904589,5660,161,0.880627,0.2,-0.413977,0.006257,0.223172,0.00268323,-0.365103,0.290654,-0.256149,-0.20717,1.0,8727.4,275.2,254.1,778.6,100.0,1.0
904750,5661,161,5.919088,0.2,-0.02312,0.0,0.080803,0.00286892,-0.012207,1.0,0.382658,0.16509,1.0,12224.1,262.3,335.0,537.2,100.0,1.0
904907,5662,157,3.836306,1.0,-0.289144,0.01489,3e-06,0.00324796,-0.218474,0.554546,-0.019733,-0.017126,1.0,9732.8,247.6,373.0,259.2,100.0,1.0
905067,5663,160,4.777126,0.569725,-0.037639,0.002395,4.7e-05,0.00261301,-0.055121,1.0,0.198441,0.083451,1.0,11973.1,276.3,338.9,672.6,100.0,1.0
905224,5664,157,4.91414,0.2,-0.213794,0.0,0.202659,0.0027532,-0.058883,0.969705,0.174441,0.104155,1.0,11314.6,256.2,305.5,453.1,100.0,1.0
905380,5665,156,2.815015,1.0,-0.232294,0.019202,0.0,0.00264806,-0.199217,0.589729,0.144748,-0.037079,1.0,9866.9,256.2,288.2,711.2,100.0,1.0
905542,5666,162,3.297129,0.337854,-0.087956,0.031912,0.000183,0.00259503,-0.169886,0.688965,0.329793,-0.083687,1.0,10245.0,279.5,269.8,569.7,100.0,1.0
905705,5667,163,5.322023,0.593602,-0.151415,0.013502,0.000294,0.00290258,-0.068764,0.91192,0.163112,0.12315,1.0,11094.4,246.9,397.0,478.9,100.0,1.0
905863,5668,158,5.840132,0.55704,-0.042495,0.002982,0.000172,0.00302229,-0.033783,0.90448,0.237274,0.221233,1.0,11066.1,226.5,437.4,273.2,100.0,1.0
906020,5669,157,5.66717,0.279046,0.05104,0.002723,0.000409,0.00260758,0.021225,1.0,0.431495,0.260252,1.0,12042.7,238.9,294.4,511.0,100.0,1.0
906178,5670,158,5.276841,1.0,-0.188168,0.020778,0.0,0.00288647,-0.055109,1.0,0.225415,0.074499,1.0,11848.3,275.7,368.0,357.5,100.0,1.0
906345,5671,167,5.572238,0.439983,-0.137279,0.0,0.000458,0.00305672,-0.087072,0.854485,0.164033,0.109677,1.0,10875.6,245.0,450.0,276.5,100.0,1.0
906505,5672,160,4.616189,1.0,-0.220202,0.031798,0.0,0.00297108,-0.124599,0.822515,0.128816,0.02297,1.0,10753.8,262.8,353.4,358.9,100.0,1.0
906667,5673,162,4.666953,0.277895,-0.277457,0.038897,0.044146,0.0026329,-0.07189,1.0,0.239118,0.013994,1.0,11670.4,287.7,236.7,668.9,100.0,1.0
906828,5674,161,3.769098,1.0,0.080168,0.00438,0.0,0.00242803,-0.104498,0.880998,0.14319,0.036445,1.0,10976.6,264.8,259.4,964.8,100.0,1.0
906980,5675,152,4.913043,0.485222,-0.145923,0.0,0.0,0.00278259,-0.049616,0.927102,0.139341,0.182247,1.0,11152.3,235.8,322.2,397.4,100.0,1.0
907141,5676,161,2.599892,0.2,-0.236344,0.0,0.0,0.00281374,-0.255455,0.53451,-0.083835,-0.10233,1.0,9656.5,268.9,348.5,613.1,100.0,1.0
907303,5677,162,4.998983,0.2,-0.199932,0.008662,0.0,0.00262244,-0.044971,1.0,0.314897,0.078465,1.0,12562.9,291.2,234.2,607.8,100.0,1.0
907467,5678,164,5.845593,1.0,0.01507,0.006623,0.0,0.00268727,0.003483,1.0,0.43666,0.199389,1.0,13438.1,280.1,398.3,556.4,100.0,1.0
907628,5679,161,3.831692,0.639368,-0.263173,0.041422,0.0,0.00297374,-0.187612,0.725137,0.070951,-0.08664,1.0,10382.8,284.2,295.6,768.5,100.0,1.0
907783,5680,155,4.4634,0.513074,-0.255374,0.0,0.000141,0.00272978,-0.083944,0.940338,0.14395,0.055254,1.0,11202.7,265.4,286.8,599.6,100.0,1.0
907945,5681,162,4.896123,0.2,0.018906,0.0,0.278773,0.0027805,-0.078386,0.941563,0.186942,0.05843,1.0,11207.4,264.7,348.5,602.0,100.0,1.0
908111,5682,166,3.147842,0.227242,-0.167348,0.0,0.018577,0.00261855,-0.195476,0.697537,-0.004825,-0.064592,1.0,10277.6,274.7,270.6,907.8,100.0,1.0
908270,5683,159,2.236927,0.518237,-0.356399,0.004784,5e-06,0.00295117,-0.299254,0.466223,-0.178758,-0.15978,1.0,9396.3,279.6,255.9,448.7,100.0,1.0
908431,5684,161,2.781038,0.369662,-0.339102,0.0,0.000359,0.00289437,-0.254661,0.586516,-0.152803,-0.120032,1.0,9854.6,280.0,301.5,607.2,100.0,1.0
908594,5685,163,3.975711,0.354385,-0.33503,0.014526,0.000158,0.00299836,-0.186605,0.746243,-0.125196,-0.035488,1.0,10463.2,271.2,310.7,492.3,100.0,1.0
908745,5686,151,4.081998,1.0,-0.267272,0.037602,0.0,0.00282322,-0.116087,0.827903,0.113069,0.052102,1.0,10774.3,256.0,359.6,398.5,100.0,1.0
908906,5687,161,3.599311,0.650972,-0.224146,0.019711,0.0,0.00266944,-0.156245,0.89028,0.086099,-0.12475,1.0,11012.0,314.5,266.2,837.8,100.0,1.0
909064,5688,158,5.89033,0.407971,-0.154859,0.031017,0.0,0.00289975,-0.010514,1.0,0.489047,0.135272,1.0,12137.0,267.3,298.6,453.0,100.0,1.0
909226,5689,162,3.91909,1.0,-0.25017,0.039125,0.0,0.00297113,-0.183486,0.727825,0.10932,-0.087913,1.0,10393.0,284.9,345.6,306.9,100.0,1.0
909389,5690,163,3.798275,0.725612,-0.282061,0.0,0.0,0.00320047,-0.23302,0.550614,-0.010139,-0.065532,1.0,9717.8,260.0,348.6,363.2,100.0,1.0
909546,5691,157,5.255556,0.2,-0.122925,0.009669,0.214985,0.00272272,-0.028031,1.0,0.395866,0.107941,1.0,12306.4,277.7,301.4,539.8,100.0,1.0
909709,5692,163,2.069105,0.2,-0.369381,0.003462,0.106523,0.00251589,-0.252835,0.543859,-0.155398,-0.077532,1.0,9692.1,262.7,273.3,767.2,100.0,1.0
909865,5693,156,4.064266,0.52452,-0.162103,0.011171,0.000253,0.00273492,-0.117749,0.862101,0.007234,0.053341,1.0,10904.6,258.8,291.0,585.5,100.0,1.0
910021,5694,156,6.06164,0.772453,0.124805,0.0,0.0,0.00279459,0.024759,1.0,0.446836,0.266919,1.0,12605.9,248.8,383.1,368.6,100.0,1.0
910184,5695,163,3.84179,0.706714,-0.062684,0.004538,2.7e-05,0.00233912,-0.089278,0.883211,0.054362,0.114942,1.0,10985.0,246.3,264.8,835.9,100.0,1.0
910344,5696,160,4.755151,0.212321,0.061595,0.0,0.000749,0.0026281,-0.059083,1.0,0.312579,0.032198,1.0,11882.1,287.8,263.5,641.5,100.0,1.0
910506,5697,162,3.006108,1.0,-0.295162,0.033914,0.0,0.00276988,-0.220246,0.587453,-0.029745,-0.047114,1.0,9858.2,258.6,326.0,616.5,100.0,1.0
910666,5698,160,5.97968,1.0,0.108902,0.021773,0.0,0.00268936,0.024192,1.0,0.552801,0.229706,1.0,12909.6,262.5,329.1,465.7,100.0,1.0
910828,5699,162,4.500898,0.2,0.020756,0.0,0.26591,0.0025019,-0.063215,0.93934,0.240358,0.093047,1.0,11198.9,256.1,343.3,774.1,100.0,1.0
910978,5700,150,4.988469,0.2,-0.01555,0.004873,0.272086,0.00255644,-0.004315,1.0,0.460448,0.165468,1.0,12625.9,270.8,232.2,856.8,100.0,1.0
911134,5701,156,4.060991,0.434754,-0.263508,0.0,0.000562,0.00285679,-0.137008,0.790577,0.093833,0.019883,1.0,10632.1,260.6,251.4,562.5,100.0,1.0
911291,5702,157,1.758368,1.0,-0.271045,0.004274,0.000356,0.00258865,-0.272773,0.558371,-0.118101,-0.168518,1.0,9747.4,293.1,228.3,578.5,100.0,1.0
911447,5703,156,4.009333,0.29396,-0.280149,0.001655,0.028558,0.00276883,-0.127209,0.848875,0.003396,0.034109,1.0,10854.2,262.4,303.9,587.5,100.0,1.0
911606,5704,159,3.451892,1.0,-0.298072,0.029311,0.0,0.00304495,-0.221785,0.6897,-0.02268,-0.139806,1.0,10247.8,297.8,350.4,339.1,100.0,1.0
911765,5705,159,3.867607,0.239213,-0.290647,0.009114,0.0,0.00298328,-0.180378,0.71324,-0.153915,0.022345,1.0,10337.4,252.8,377.3,362.0,100.0,1.0
911925,5706,160,4.639104,0.2,-0.105273,0.0,0.154467,0.00245693,-0.040484,1.0,0.148136,0.149008,1.0,11467.0,249.5,301.2,552.1,100.0,1.0
912085,5707,160,5.262019,0.913666,-0.295511,0.012909,0.0,0.00302424,-0.083917,1.0,0.145247,0.005195,1.0,11696.7,290.9,324.6,422.8,100.0,1.0
912247,5708,162,5.122062,0.501315,-0.110089,0.014634,0.000651,0.00282343,-0.068059,1.0,0.309797,0.003205,1.0,11759.0,293.0,276.6,510.1,100.0,1.0
912403,5709,156,4.751037,0.354559,-0.28401,0.0,0.0,0.00291913,-0.094246,0.973539,0.111815,0.003958,1.0,11329.2,282.1,335.1,496.4,100.0,1.0
912566,5710,163,3.671285,1.0,-0.343739,0.02691,0.0,0.00283915,-0.183714,0.815057,-0.060022,-0.104922,1.0,10725.4,299.6,311.7,591.9,100.0,1.0
912722,5711,156,4.301728,0.915001,0.011305,0.000831,3.8e-05,0.00241875,-0.050328,0.876562,0.160162,0.21505,1.0,10959.7,225.5,277.3,626.5,100.0,1.0
912883,5712,161,4.784273,0.227222,0.064552,0.00708,0.140457,0.00246518,-0.03322,1.0,0.350207,0.105865,1.0,12577.4,284.3,231.4,813.1,100.0,1.0
913041,5713,158,2.732288,0.577527,-0.312758,0.0,0.000358,0.00272311,-0.222564,0.674461,-0.045827,-0.121987,1.0,10189.7,290.1,330.3,704.3,100.0,1.0
913194,5714,153,5.083185,0.306682,-0.120186,0.055459,2.4e-05,0.00276084,-0.036013,1.0,0.363339,0.092177,1.0,11539.7,264.1,340.3,832.9,99.519,1.0
913350,5715,156,4.07435,0.267795,-0.054845,0.0,0.053434,0.00261437,-0.098132,0.76637,0.145546,0.152402,1.0,10539.9,228.7,347.4,694.0,100.0,1.0
913503,5716,153,5.678606,0.2,-0.037353,0.0,0.23401,0.00285025,-0.004427,1.0,0.361051,0.198226,1.0,11665.6,243.4,339.1,790.2,100.0,1.0
913660,5717,157,3.287689,0.26482,-0.07099,0.0,0.0,0.00256146,-0.15223,0.788915,0.035411,-0.009999,1.0,10625.8,268.3,331.3,641.5,100.0,1.0
913818,5718,158,4.166552,1.0,-0.289673,0.015802,1.3e-05,0.00273947,-0.116113,0.908289,0.097455,-0.00977,1.0,11080.6,279.7,249.3,578.7,100.0,1.0
913975,5719,157,4.626322,1.0,-0.232572,0.003595,0.0,0.00288783,-0.101718,0.949327,0.087427,0.00736,1.0,11236.9,278.9,352.8,331.5,100.0,1.0
914135,5720,160,5.190878,0.392067,0.060884,0.0,0.0,0.00247631,-0.001618,1.0,0.648166,0.111884,1.0,12697.8,285.5,282.2,660.3,100.0,1.0
914294,5721,159,3.39478,0.2,-0.339029,0.016044,0.055169,0.00294341,-0.209951,0.646398,0.118119,-0.111207,1.0,10082.8,283.6,290.7,477.4,100.0,1.0
914455,5722,161,4.300291,0.032717,-0.378279,0.0,0.0,0.00310523,-0.173052,0.710949,-0.009261,0.000457,1.0,10328.7,258.1,389.4,379.1,100.0,1.0
914617,5723,162,5.389046,0.2,0.052416,0.0,0.708497,0.0026342,-0.017071,1.0,0.208469,0.20694,1.0,11478.1,237.8,370.6,796.9,100.0,1.0
914782,5724,165,6.697585,0.746341,-0.077392,0.004105,0.000103,0.00301294,0.012016,1.0,0.316758,0.267802,1.0,12621.1,248.9,380.0,483.3,100.0,1.0
914939,5725,157,4.229408,1.0,-0.325201,0.03584,0.0,0.00300711,-0.150585,0.7435,-0.041761,0.059054,1.0,10452.7,246.7,416.7,288.3,100.0,1.0
915096,5726,157,2.238601,0.441807,-0.303018,0.002399,9.8e-05,0.00256304,-0.23221,0.54378,-0.105465,-0.025361,1.0,9691.8,248.6,256.3,697.4,100.0,1.0
915254,5727,158,6.319732,0.669014,-0.0425,0.015189,0.0,0.0028669,0.027489,1.0,0.623534,0.217119,1.0,13065.8,268.4,304.0,424.7,100.0,1.0
915413,5728,159,3.520626,1.0,-0.322907,0.019664,0.0,0.00266722,-0.156429,0.820928,0.026605,-0.047738,1.0,10747.7,282.2,244.2,890.3,100.0,1.0
915570,5729,157,4.344091,0.923915,-0.146658,0.017728,0.0,0.00268807,-0.091765,0.891941,0.308964,0.014512,1.0,11018.3,271.5,251.8,654.0,100.0,1.0
915723,5730,153,5.880195,0.214912,0.084605,0.006619,0.179654,0.00268366,0.036441,1.0,0.536508,0.275968,1.0,12318.3,241.4,379.9,614.2,100.0,1.0
915883,5731,160,5.018261,0.643592,-0.106327,0.0,1.7e-05,0.00259624,-0.033885,1.0,0.252272,0.136292,1.0,12159.5,267.5,303.9,544.5,100.0,1.0
916040,5732,157,4.422412,0.2,-0.133397,0.0,1.5e-05,0.00265161,-0.080091,0.968531,0.249597,0.009389,1.0,11310.1,280.1,290.5,552.7,100.0,1.0
916201,5733,161,3.977069,0.548924,-0.093873,0.043311,1e-05,0.00248985,-0.09851,0.983897,0.144894,-0.029912,1.0,11368.6,293.0,248.3,763.9,100.0,1.0
916362,5734,161,2.565719,0.84777,-0.160084,0.007815,1.2e-05,0.00254711,-0.21503,0.730941,-0.018854,-0.152932,1.0,10404.9,307.1,235.8,735.1,100.0,1.0
916525,5735,163,3.305846,0.2,-0.058527,0.0,2.2e-05,0.00252419,-0.160122,0.776877,0.170031,-0.071148,1.0,10579.9,284.8,220.5,1255.6,100.0,1.0
916683,5736,158,3.832529,1.0,-0.240751,0.023465,0.0,0.00298939,-0.180967,0.750591,-0.164647,-0.007167,1.0,10479.8,263.9,376.9,491.6,100.0,1.0
916842,5737,159,4.047954,0.729474,0.003599,0.047558,0.000594,0.00237443,-0.069788,1.0,0.309096,-0.002325,1.0,11748.2,294.4,219.7,1010.3,100.0,1.0
917001,5738,159,2.541134,1.0,-0.322357,0.049288,0.0,0.00264102,-0.226737,0.635343,-0.011573,-0.114719,1.0,10040.7,283.5,254.8,525.5,100.0,1.0
917159,5739,158,5.615163,0.301332,-0.266033,0.011057,0.0,0.00302435,-0.050963,1.0,0.228532,0.087278,1.0,11830.0,272.0,367.8,345.4,100.0,1.0
917318,5740,159,4.511531,0.181321,-0.187769,0.030985,6.9e-05,0.00263987,-0.076746,0.891955,0.005995,0.165553,1.0,11018.3,236.3,348.9,507.1,100.0,1.0
917475,5741,157,5.067062,0.900196,-0.121466,0.056687,0.0,0.00266424,-0.033055,1.0,0.278912,0.130179,1.0,12475.0,276.0,298.7,543.4,99.799,1.0
917635,5742,160,3.223304,0.2,-0.334996,0.000276,0.0,0.00291709,-0.221686,0.538561,-0.034994,-0.009422,1.0,9671.9,244.1,328.5,595.7,100.0,1.0
917793,5743,158,4.870487,1.0,-0.22714,0.042521,0.0,0.00277002,-0.06737,1.0,0.208517,0.03926,1.0,11832.0,284.6,311.9,444.9,100.0,1.0
917950,5744,157,3.158321,0.412339,-0.373195,0.017056,0.00029,0.00286508,-0.2097,0.66182,0.01912,-0.090223,1.0,10141.5,278.7,266.0,584.2,100.0,1.0
918107,5745,157,2.17405,1.0,-0.368588,0.004167,2.6e-05,0.00296527,-0.300267,0.415759,-0.112776,-0.143098,1.0,9204.0,268.5,353.6,319.6,100.0,1.0
918265,5746,158,3.907681,1.0,0.066897,0.033245,0.0,0.00244966,-0.08994,0.807291,0.33236,0.083337,1.0,10695.8,246.8,256.4,865.8,100.0,1.0
918425,5747,160,3.5065,0.939781,-0.154784,0.007657,0.0,0.00310659,-0.230463,0.658542,-0.20659,-0.081466,1.0,10129.0,275.7,387.4,228.7,100.0,1.0
918577,5748,152,4.168826,1.0,-0.426804,0.020309,0.0,0.00337294,-0.195727,0.693319,0.063002,-0.084524,1.0,10261.5,280.2,392.5,308.3,100.0,1.0
918739,5749,162,4.125001,0.781712,-0.238408,0.0,0.0,0.00311317,-0.190698,0.757535,0.007201,-0.102671,1.0,10506.2,292.7,347.1,408.6,100.0,1.0
918901,5750,162,2.760634,0.76743,-0.203016,0.028904,8.7e-05,0.00244198,-0.185689,0.774011,-0.115467,-0.058817,1.0,10569.0,280.7,220.8,863.7,100.0,1.0
919059,5751,158,5.152279,0.2,0.052096,0.0,0.125309,0.00270485,-0.035609,1.0,0.245268,0.132881,1.0,11494.8,253.7,339.2,718.8,100.0,1.0
919225,5752,166,2.376997,0.725699,-0.321859,0.022443,0.0,0.00278826,-0.282118,0.483346,-0.164157,-0.121796,1.0,9461.5,269.3,308.3,559.9,100.0,1.0
919382,5753,157,4.868493,0.370241,-0.106977,0.004596,7.2e-05,0.0030571,-0.109778,0.83238,0.280439,0.013611,1.0,10791.4,266.2,300.6,573.2,100.0,1.0
919539,5754,157,3.283126,0.439148,-0.32456,0.00625,0.0,0.00315311,-0.245398,0.556573,-0.076716,-0.089566,1.0,9740.5,267.5,327.8,395.7,100.0,1.0
919702,5755,163,6.131396,0.2,0.097089,0.0,0.318901,0.00278593,0.012145,1.0,0.414811,0.235547,1.0,12196.2,246.8,339.0,598.6,100.0,1.0
919859,5756,157,5.654637,0.304016,-0.027796,0.008496,0.00016,0.00273473,0.000654,1.0,0.351933,0.218203,1.0,11775.8,241.7,350.8,475.1,100.0,1.0
920020,5757,161,3.552436,0.223994,-0.085447,0.0,0.014745,0.00246483,-0.126689,0.872319,0.114061,-0.020583,1.0,10943.5,279.3,268.7,736.7,100.0,1.0
920177,5758,157,4.183134,0.438,0.080304,0.024664,0.000237,0.00260328,-0.090611,0.868288,0.393028,0.010049,1.0,10928.2,270.5,302.0,619.1,100.0,1.0
920339,5759,162,5.114824,0.54364,-0.281665,0.016368,0.0,0.00321413,-0.131737,0.828649,0.076936,0.011359,1.0,10777.2,266.4,405.7,388.4,100.0,1.0
920501,5760,162,2.747883,0.391014,-0.101394,0.007154,0.000158,0.00244364,-0.186893,0.763868,0.044393,-0.107664,1.0,10530.3,295.0,200.3,919.7,100.0,1.0
920662,5761,161,5.49857,0.968343,-0.336124,0.007863,0.0,0.00321948,-0.100183,0.871934,0.155001,0.054445,1.0,10942.1,259.4,364.0,317.1,100.0,1.0
920823,5762,161,3.198407,1.0,-0.232222,0.025822,0.0,0.00287779,-0.220085,0.60644,-0.070306,-0.04888,1.0,9930.5,261.0,325.9,395.7,100.0,1.0
920981,5763,158,5.054209,0.2,-0.153186,0.002796,0.053391,0.00271017,-0.043822,1.0,0.247205,0.10486,1.0,12366.6,279.8,246.8,854.2,100.0,1.0
921137,5764,156,4.317908,1.0,-0.165764,0.024587,0.0,0.00277288,-0.10418,0.889549,0.098803,0.045175,1.0,11009.2,263.3,316.5,503.1,100.0,1.0
921294,5765,157,4.419371,0.739317,-0.271857,0.011265,0.0,0.00267461,-0.083807,0.993758,0.234976,-0.019148,1.0,11406.2,290.7,249.5,798.4,100.0,1.0
921452,5766,158,6.526174,0.375794,-0.105251,0.0,0.0,0.00319251,-0.008085,1.0,0.382527,0.178875,1.0,12775.0,270.9,359.4,332.1,100.0,1.0
921604,5767,152,6.826915,0.501805,0.032703,0.0,0.000119,0.00310071,0.047926,1.0,0.310062,0.389733,1.0,12006.5,216.0,468.9,202.2,100.0,1.0
921769,5768,165,4.31935,0.765211,-0.036648,0.008588,0.0,0.002466,-0.078363,1.0,0.208346,0.002675,1.0,11600.7,289.2,274.8,802.3,100.0,1.0
921935,5769,166,3.849389,1.0,-0.281798,0.023737,0.0,0.00271761,-0.158346,0.841707,0.086948,-0.091559,1.0,10826.9,298.0,328.3,823.8,100.0,1.0
922096,5770,161,4.944603,0.912326,-0.261915,0.017764,1.2e-05,0.00278314,-0.072,0.964866,0.071898,0.098647,1.0,11296.1,257.0,357.4,567.1,100.0,1.0
922256,5771,160,3.147148,1.0,-0.374434,0.024224,0.0,0.00328261,-0.285856,0.519192,-0.1168,-0.179912,1.0,9598.1,292.6,358.2,262.9,100.0,1.0
922422,5772,166,4.756997,0.303322,-0.23945,0.0,0.000199,0.00269551,-0.085613,1.0,0.238776,-0.031637,1.0,11810.1,304.9,258.5,890.9,100.0,1.0
922587,5773,165,3.953545,0.537389,-0.143221,0.014916,3.2e-05,0.0024706,-0.10692,0.923241,0.172836,-0.016711,1.0,11137.5,283.2,255.9,586.0,100.0,1.0
922742,5774,155,4.292926,0.831267,-0.298621,0.009416,0.0,0.0029886,-0.136692,0.818089,0.142251,-0.018132,1.0,10736.9,273.4,312.7,707.7,100.0,1.0
922899,5775,157,6.0559,0.577034,0.075698,0.002154,1.8e-05,0.00266734,0.041874,1.0,0.526194,0.297516,1.0,12973.5,250.0,307.2,522.1,100.0,1.0
923055,5776,156,4.791143,1.0,0.012306,0.042009,0.0,0.00270787,-0.057983,0.928348,0.360144,0.079717,1.0,11157.0,258.3,313.2,693.6,100.0,1.0
923215,5777,160,5.050711,0.2,-0.049785,0.0,0.031271,0.00254601,-0.02317,1.0,0.279854,0.162815,1.0,12050.7,259.1,310.3,604.1,100.0,1.0
923381,5778,166,3.493096,0.764668,-0.020229,0.0,3.3e-05,0.00259971,-0.165846,0.81557,0.048869,-0.082084,1.0,10727.3,292.2,293.5,713.6,100.0,1.0
923538,5779,157,6.52883,0.266217,-0.048805,0.0,6.5e-05,0.00306533,0.015367,1.0,0.495239,0.219476,1.0,12868.9,263.8,357.0,418.7,100.0,1.0
923697,5780,159,5.157412,0.880792,-0.306587,0.009904,0.0,0.00305509,-0.093443,0.987198,0.184212,-0.028879,1.0,11381.2,293.0,262.5,503.7,100.0,1.0
923857,5781,160,3.580442,0.67411,-0.245756,0.028385,0.000135,0.00265733,-0.15281,0.817894,0.147317,-0.073385,1.0,10736.2,289.7,261.5,697.6,100.0,1.0
924018,5782,161,6.557107,0.428803,-0.042523,0.0,5.9e-05,0.00283141,0.042942,1.0,0.411013,0.33947,1.0,12848.6,239.8,348.9,432.4,100.0,1.0
924175,5783,157,5.314068,0.818285,-0.280968,0.006441,9.3e-05,0.00284361,-0.042197,1.0,0.203487,0.124847,1.0,11735.1,260.8,347.9,390.7,100.0,1.0
924334,5784,159,6.919928,0.2,-0.106034,0.0,0.165176,0.00327725,0.005337,1.0,0.5122,0.180391,1.0,12200.2,258.4,415.8,260.5,100.0,1.0
924489,5785,155,3.124074,0.48404,-0.325547,0.011103,0.030288,0.00279717,-0.195894,0.690868,-0.058636,-0.042491,1.0,10252.2,267.7,285.9,590.5,100.0,1.0
924648,5786,159,5.577426,0.548528,-0.136162,0.007751,1.8e-05,0.00282127,-0.024267,0.964158,0.092396,0.251511,1.0,11293.4,225.6,340.9,426.4,100.0,1.0
924809,5787,161,3.017739,1.0,-0.369534,0.038545,0.0,0.00300589,-0.254369,0.587965,0.016372,-0.17666,1.0,9860.1,299.4,287.9,435.2,100.0,1.0
924971,5788,162,5.121744,0.906785,-0.134256,0.021534,3.5e-05,0.00266688,-0.042378,1.0,0.290197,0.095342,1.0,11968.4,273.2,315.1,566.9,100.0,1.0
925133,5789,162,4.500426,1.0,-0.283977,0.010988,0.0,0.00301998,-0.146852,0.823853,0.031924,-0.020024,1.0,10758.9,274.5,336.3,437.2,100.0,1.0
925298,5790,165,6.303867,0.429285,-0.105412,0.0,0.0,0.00288416,0.003722,1.0,0.331931,0.235096,1.0,12597.5,255.0,361.7,502.1,100.0,1.0
925459,5791,161,4.845874,0.610744,0.052226,0.008618,9.1e-05,0.00252663,-0.038095,1.0,0.439043,0.060003,1.0,11531.8,272.0,297.7,723.9,100.0,1.0
925620,5792,161,4.828514,1.0,-0.270708,0.020966,0.0,0.0029951,-0.114847,0.962844,0.006882,-0.02082,1.0,11288.4,288.2,341.9,444.6,100.0,1.0
925781,5793,161,5.123167,0.73072,0.001744,0.018043,0.0,0.00257922,-0.02546,1.0,0.506931,0.079489,1.0,11944.4,276.6,270.0,684.4,100.0,1.0
925945,5794,164,4.821089,0.920414,-0.082263,0.03927,0.0,0.00258533,-0.057187,0.913889,0.224731,0.13956,1.0,11101.9,243.6,310.2,627.4,100.0,1.0
926110,5795,165,4.597606,0.2,-0.155956,0.0,0.180348,0.00291989,-0.13198,0.815485,0.025054,0.03881,1.0,10727.0,258.2,401.1,393.8,100.0,1.0
926265,5796,155,2.964101,0.2,-0.328985,0.007492,0.35247,0.00277629,-0.2048,0.698105,0.166377,-0.153214,1.0,10279.8,303.5,228.7,677.7,100.0,1.0
926423,5797,158,4.471922,0.2,-0.265321,0.0,0.009102,0.00278305,-0.099472,0.888433,0.205089,0.026369,1.0,11004.9,268.1,328.2,682.3,100.0,1.0
926581,5798,158,5.109523,1.0,0.04883,0.040283,5.2e-05,0.00252755,-0.010587,1.0,0.482031,0.137366,1.0,12367.5,271.8,276.3,694.7,100.0,1.0
926745,5799,164,5.498617,0.539519,-0.040965,0.03526,1.4e-05,0.00255184,-0.000137,1.0,0.318132,0.226831,1.0,11511.5,234.6,332.6,578.0,100.0,1.0
926900,5800,155,4.767408,0.697371,-0.115401,0.0,0.0,0.0027659,-0.065983,0.955305,0.148189,0.101238,1.0,11259.7,255.6,393.5,275.7,100.0,1.0
927056,5801,156,4.600802,1.0,-0.123036,0.016138,0.0,0.00284764,-0.094175,0.894655,0.126451,0.065054,1.0,11028.6,258.9,357.4,498.7,100.0,1.0
927220,5802,164,5.24409,1.0,-0.21164,0.022462,0.0,0.00269148,-0.042393,1.0,0.186259,0.129935,1.0,11508.2,254.6,361.5,402.6,100.0,1.0
927373,5803,153,3.482587,0.894683,-0.361424,0.0,1.7e-05,0.00297593,-0.190341,0.658206,-0.173174,0.041417,1.0,10127.8,243.1,403.6,456.8,100.0,1.0
927531,5804,158,5.395036,0.415026,-0.178569,0.0,5.2e-05,0.00304405,-0.070459,0.989049,0.086665,0.078707,1.0,11388.3,263.9,326.7,471.0,100.0,1.0
927688,5805,157,5.582298,0.513814,-0.281184,0.0,2.6e-05,0.00335964,-0.1027,0.891397,0.145476,0.033009,1.0,11016.2,266.6,380.6,329.0,100.0,1.0
927846,5806,158,4.745626,0.77451,0.094618,0.026399,0.0,0.00251705,-0.036563,1.0,0.324219,0.103384,1.0,11788.2,267.1,319.5,940.1,100.0,1.0
928005,5807,159,6.00718,0.498328,-0.048739,0.0,1.7e-05,0.00302953,-0.024564,1.0,0.24091,0.171151,1.0,11779.5,251.5,424.8,262.7,100.0,1.0
928168,5808,163,3.393823,1.0,-0.328697,0.009791,0.0,0.00290837,-0.215799,0.628457,-0.073387,-0.051916,1.0,10014.4,264.1,356.2,462.9,100.0,1.0
928326,5809,158,3.545623,1.0,-0.082408,0.032769,9e-06,0.00263298,-0.146185,0.84258,0.157941,-0.075413,1.0,10830.2,292.8,251.5,517.7,100.0,1.0
928488,5810,162,3.569096,0.652965,-0.175095,0.038036,0.000111,0.00254451,-0.140598,0.956488,0.020099,-0.105765,1.0,11264.2,314.9,271.7,617.7,100.0,1.0
928649,5811,161,4.993763,1.0,-0.007646,0.022267,2.7e-05,0.00285757,-0.08004,1.0,0.100361,0.033081,1.0,12107.1,293.0,370.6,568.4,100.0,1.0
928813,5812,164,4.222959,0.765339,-0.210827,0.019284,0.0,0.00298605,-0.168341,0.725151,0.055425,-0.017238,1.0,10382.8,264.1,382.6,348.5,100.0,1.0
928972,5813,159,4.204242,0.2,-0.240966,0.0,0.35,0.00267294,-0.105035,0.8746,0.177594,0.028517,1.0,10952.2,266.2,272.1,795.4,100.0,1.0
929130,5814,158,0.918217,0.2,0.860076,0.0,0.11409,0.00294851,-0.395988,0.247612,-0.205918,-0.290999,1.0,8563.4,302.0,248.2,592.3,100.0,1.0
929288,5815,158,4.526467,1.0,-0.347789,0.039226,6.3e-05,0.0032277,-0.165495,0.666128,-0.058987,0.079573,1.0,10157.9,235.2,478.2,254.3,100.0,1.0
929444,5816,156,4.103192,1.0,-0.40267,0.034848,0.0,0.00315854,-0.18045,0.78027,-0.027449,-0.075909,1.0,10592.8,286.6,325.1,536.1,100.0,1.0
929609,5817,165,4.443937,1.0,-0.196536,0.0,0.0,0.00289287,-0.139097,0.961972,0.096476,-0.130793,1.0,11285.1,324.6,291.8,517.8,100.0,1.0
929770,5818,161,4.642629,1.0,-0.218293,0.026333,0.0,0.00295465,-0.122346,0.934639,0.207673,-0.089242,1.0,11181.0,306.9,310.8,482.5,100.0,1.0
929935,5819,165,5.148527,0.850381,-0.325298,0.0,0.0,0.00319057,-0.134585,0.859634,0.092415,-0.029116,1.0,10895.2,280.5,407.7,279.8,100.0,1.0
930097,5820,162,3.336952,0.280503,-0.235283,0.005929,2.4e-05,0.00270016,-0.183438,0.740489,-0.057531,-0.04269,1.0,10441.3,272.7,325.4,606.6,100.0,1.0
930260,5821,163,4.988008,0.2,0.14844,0.005069,0.066965,0.00241907,-0.014639,1.0,0.497548,0.118688,1.0,12365.9,276.3,278.9,1105.3,100.0,1.0
930422,5822,162,5.930101,0.421745,-0.01004,0.0,3.5e-05,0.00267631,0.017813,1.0,0.205015,0.324371,1.0,11514.0,217.3,378.0,547.4,100.0,1.0
930585,5823,163,3.554047,1.0,-0.337138,0.052192,2.1e-05,0.00287457,-0.198035,0.842206,-0.111918,-0.157981,1.0,10828.8,321.5,279.8,612.9,99.934,1.0
930747,5824,162,3.797386,0.872733,-0.06432,0.012552,0.0,0.00234583,-0.090975,0.983694,0.255694,-0.04156,1.0,11367.9,296.5,163.4,920.0,100.0,1.0
930908,5825,161,3.537774,0.2,-0.346624,0.0,0.350387,0.00279628,-0.180922,0.793097,0.097992,-0.129986,1.0,10641.7,305.8,255.4,812.5,100.0,1.0
931063,5826,155,4.675471,1.0,-0.106316,0.028963,0.0,0.00282499,-0.081987,0.894667,0.293113,0.050116,1.0,11028.7,262.6,331.6,428.6,100.0,1.0
931221,5827,158,4.662826,0.79506,-0.299596,0.037007,5.7e-05,0.00278267,-0.084737,1.0,0.124525,0.009367,1.0,12436.3,308.0,275.3,604.8,100.0,1.0
931383,5828,162,4.099663,1.0,-0.050619,0.023586,0.0,0.00255709,-0.102189,0.956735,0.142315,-0.018682,1.0,11265.2,287.0,276.3,776.4,100.0,1.0
931537,5829,154,5.007455,1.0,-0.06704,0.036658,0.0,0.00299207,-0.079623,0.900943,0.16217,0.096414,1.0,11052.6,252.0,367.7,421.1,100.0,1.0
931698,5830,161,5.038091,1.0,-0.256991,0.0253,0.0,0.00292833,-0.087968,0.94211,0.140046,0.041665,1.0,11209.4,269.0,356.2,364.7,100.0,1.0
931849,5831,151,3.886185,1.0,-0.152326,0.028637,0.0,0.00284583,-0.133905,0.745577,0.246056,0.016984,1.0,10460.6,257.1,368.0,456.4,100.0,1.0
932017,5832,168,2.95453,0.537812,-0.241983,0.0,2.4e-05,0.00233526,-0.167424,0.809321,0.031889,-0.076478,1.0,10703.5,289.7,207.4,838.2,100.0,1.0
932172,5833,155,5.262335,1.0,-0.28543,0.041646,0.0,0.00293551,-0.054447,1.0,-0.042099,0.165877,1.0,11433.8,245.2,392.0,255.3,100.0,1.0
932332,5834,160,3.665625,0.660791,-0.250741,0.0,2.2e-05,0.00294966,-0.192928,0.73206,0.007744,-0.089059,1.0,10409.1,285.7,323.9,464.2,100.0,1.0
932487,5835,155,4.070933,1.0,-0.131799,0.013315,0.000416,0.0024401,-0.068337,1.0,0.094917,0.073904,1.0,11900.1,277.0,229.5,550.6,100.0,1.0
932646,5836,159,5.706771,0.230532,-0.152206,0.0,0.000473,0.00291514,-0.029117,1.0,0.252476,0.152118,1.0,11560.7,250.9,387.6,412.3,100.0,1.0
932806,5837,160,2.687313,0.2,-0.103837,0.0,0.124592,0.00252408,-0.19929,0.662463,0.067451,-0.072171,1.0,10144.0,273.3,250.8,769.9,100.0,1.0
932962,5838,156,2.312187,0.074896,-0.427678,0.020969,0.00012,0.00302976,-0.296644,0.439809,-0.252171,-0.104598,1.0,9295.7,259.5,378.4,295.1,100.0,1.0
933125,5839,163,5.01833,0.2,-0.183405,0.0,1.2e-05,0.00267792,-0.054496,1.0,0.222435,0.077535,1.0,12158.2,282.1,322.1,537.5,100.0,1.0
933282,5840,157,4.321343,0.2,-0.352773,0.0,0.047551,0.00294396,-0.133254,0.829519,0.006985,0.028894,1.0,10780.5,261.9,359.6,562.0,100.0,1.0
933437,5841,155,1.944338,0.2,-0.28337,0.0,1.8e-05,0.00252342,-0.243119,0.57534,-0.133895,-0.078548,1.0,9812.0,266.2,263.2,657.6,100.0,1.0
933603,5842,166,3.963878,0.440624,-0.244785,0.008476,0.0,0.00250604,-0.114261,0.897806,0.058689,0.01806,1.0,11040.6,271.1,311.7,643.6,100.0,1.0
933761,5843,158,4.426589,0.604608,-0.26011,0.0,0.0,0.00284189,-0.112057,0.910363,-0.089006,0.064175,1.0,11088.5,260.5,361.2,430.8,100.0,1.0
933923,5844,162,4.300866,1.0,-0.241402,0.009163,0.0,0.00276945,-0.121253,0.925691,0.129561,-0.052105,1.0,11146.9,294.0,304.0,592.2,100.0,1.0
934085,5845,162,6.701517,1.0,-0.005905,0.013028,0.0,0.00312195,0.004394,1.0,0.269108,0.258277,1.0,12028.3,239.0,417.2,241.0,100.0,1.0
934244,5846,159,5.279797,1.0,-0.122478,0.0,0.0,0.003328,-0.127218,0.819291,0.255456,-0.025289,1.0,10741.5,275.5,409.9,291.4,100.0,1.0
934408,5847,164,1.945401,0.2,-0.289039,0.004951,0.0,0.00287588,-0.323543,0.43878,-0.23338,-0.199666,1.0,9291.8,290.2,287.1,565.6,100.0,1.0
934566,5848,158,3.723233,0.379337,-0.324482,0.0,8.3e-05,0.00284708,-0.166383,0.771747,-0.071047,-0.007384,1.0,10560.4,266.0,287.4,492.5,100.0,1.0
934724,5849,158,5.333526,0.384851,-0.281022,0.002135,0.0001,0.00279724,-0.035907,1.0,0.36096,0.093323,1.0,12145.0,277.7,295.2,442.1,100.0,1.0
934883,5850,159,2.75465,0.700164,-0.27142,0.025682,3.8e-05,0.00270742,-0.220762,0.618863,-0.085768,-0.056336,1.0,9977.9,264.3,306.2,564.0,100.0,1.0
935041,5851,158,5.319998,0.820114,0.099186,0.004396,0.0,0.00243199,0.020777,1.0,0.505407,0.23412,1.0,12008.4,243.3,286.8,738.5,100.0,1.0
935201,5852,160,4.516992,0.2,-0.308645,0.0,0.0,0.0027506,-0.096206,1.0,0.149727,-0.037263,1.0,11464.5,297.7,278.1,733.8,100.0,1.0
935362,5853,161,5.33661,1.0,-0.141802,0.052047,0.0,0.00266637,-0.022991,0.955465,0.126611,0.251607,1.0,11260.3,224.9,325.5,432.5,99.939,1.0
935520,5854,158,4.098253,0.2,-0.121491,0.010413,0.000823,0.00261397,-0.100992,0.945062,0.07298,0.018148,1.0,11220.7,275.5,336.6,624.4,100.0,1.0
935684,5855,164,4.619231,0.561628,-0.058726,0.009317,0.000352,0.0025744,-0.070523,0.936917,0.125074,0.109135,1.0,11189.7,252.2,300.7,630.1,100.0,1.0
935843,5856,159,4.207062,0.2,0.028246,0.0,0.171003,0.00239663,-0.060764,1.0,0.400966,-0.002868,1.0,12395.1,310.8,207.4,932.7,100.0,1.0
935993,5857,150,4.696106,0.458371,0.008123,0.002258,0.0,0.00255444,-0.025639,1.0,0.400231,0.114458,1.0,11839.6,265.6,271.2,604.6,100.0,1.0
936151,5858,158,4.811679,0.2,-0.269184,0.010023,0.35,0.00286368,-0.086143,0.847993,0.108345,0.136747,1.0,10850.9,238.6,331.7,823.4,100.0,1.0
936317,5859,166,3.651037,0.487668,-0.237512,0.001084,0.0,0.00267932,-0.166806,0.831095,0.035699,-0.093833,1.0,10786.5,297.6,281.4,708.2,100.0,1.0
936475,5860,158,5.628567,0.804474,-0.100799,0.0,0.0,0.00282588,-0.017968,0.9987,0.229257,0.198105,1.0,11425.0,238.4,348.8,368.3,100.0,1.0
936638,5861,163,2.365208,0.2,-0.25382,0.0,0.111934,0.00244866,-0.219056,0.711292,-0.096568,-0.124075,1.0,10330.0,294.8,217.5,791.3,100.0,1.0
936800,5862,162,3.669815,1.0,-0.289446,0.032206,0.0,0.00266906,-0.152991,0.921394,0.011578,-0.114992,1.0,11130.5,314.4,260.2,811.9,100.0,1.0
936965,5863,165,3.627358,0.944066,-0.285926,0.038227,5e-06,0.00239384,-0.118818,0.823817,-0.03004,0.094105,1.0,10758.7,245.8,377.6,605.9,100.0,1.0
937130,5864,165,4.044651,0.39199,-0.297049,0.0,1.7e-05,0.00266906,-0.132465,0.786564,-0.07517,0.094703,1.0,10616.8,242.5,360.3,515.3,100.0,1.0
937289,5865,159,2.651929,1.0,-0.274366,0.011909,0.0,0.00247973,-0.192377,0.711279,0.025564,-0.075845,1.0,10330.0,279.4,249.7,588.1,100.0,1.0
937443,5866,154,5.754093,1.0,-0.247269,0.0,0.0,0.0029806,-0.020941,0.990342,0.303396,0.170446,1.0,11393.2,243.4,346.4,319.0,100.0,1.0
937603,5867,160,5.6657,0.974849,0.04761,0.037236,0.0,0.00268677,0.001464,0.96261,0.1956,0.304172,1.0,11287.5,216.4,408.7,613.1,100.0,1.0
937764,5868,161,2.118155,0.69187,-0.174889,0.023342,1.9e-05,0.00233972,-0.215429,0.611585,0.079201,-0.087486,1.0,9950.1,272.6,239.3,732.1,100.0,1.0
937930,5869,166,3.045321,1.0,-0.244608,0.004135,0.0,0.00238494,-0.164051,0.847748,0.10512,-0.121666,1.0,10849.9,308.8,188.4,909.5,100.0,1.0
938083,5870,153,3.051636,0.773576,-0.344733,0.018756,0.0,0.00313832,-0.247846,0.455696,-0.129222,0.003841,1.0,9356.2,233.0,331.6,304.5,100.0,1.0
938241,5871,158,4.538184,0.915876,-0.162778,0.043929,2.5e-05,0.00251249,-0.051465,1.0,0.254785,0.076855,1.0,11496.1,266.9,277.1,806.0,100.0,1.0
938405,5872,164,3.282222,0.464986,-0.254534,0.006791,0.0,0.00271945,-0.196107,0.746577,0.033506,-0.12034,1.0,10464.5,297.4,285.9,482.2,100.0,1.0
938567,5873,162,3.991837,0.677362,-0.223347,0.006833,4.7e-05,0.00275248,-0.141992,0.893425,0.072127,-0.075203,1.0,11024.0,298.0,268.3,578.7,100.0,1.0
938731,5874,164,3.553193,0.875539,-0.188021,0.05085,0.0,0.002808,-0.189997,0.725674,0.005525,-0.073226,1.0,10384.8,280.1,347.0,477.1,99.975,1.0
938888,5875,157,4.663387,0.943276,-0.035845,0.01439,0.0,0.00261076,-0.054846,0.895095,0.266755,0.149015,1.0,11030.3,240.0,288.0,543.4,100.0,1.0
939042,5876,154,2.583975,0.893202,-0.352476,0.003042,0.0,0.00283267,-0.239504,0.571398,-0.084092,-0.079816,1.0,9797.0,266.2,283.3,469.9,100.0,1.0
939209,5877,167,4.560854,0.668983,-0.136992,0.002476,1.2e-05,0.00246628,-0.064633,0.985765,0.128371,0.086961,1.0,11375.8,261.6,275.3,708.3,100.0,1.0
939366,5878,157,5.633994,1.0,0.044974,0.021543,0.0,0.00285803,-0.019776,1.0,0.382215,0.140008,1.0,11469.5,251.5,349.1,469.5,100.0,1.0
939521,5879,155,5.521416,0.34442,-0.210429,0.0,0.0,0.00312661,-0.064251,1.0,0.252283,0.03507,1.0,11955.0,288.7,361.3,423.3,100.0,1.0
939679,5880,158,5.726697,0.2,-0.348652,0.0,0.01285,0.00306154,-0.047707,1.0,0.295875,0.075683,1.0,11898.4,276.5,327.9,631.6,100.0,1.0
939840,5881,161,6.259866,0.2,-0.200931,0.0,0.097176,0.00306122,-0.016234,1.0,0.352262,0.1618,1.0,12751.2,274.4,379.9,341.1,100.0,1.0
939997,5882,157,3.356876,0.2,-0.290949,0.0,0.000379,0.00288455,-0.197282,0.660063,0.032944,-0.051973,1.0,10134.8,267.3,319.0,458.2,100.0,1.0
940157,5883,160,5.180538,0.647563,-0.069734,0.028004,0.000334,0.00288878,-0.067748,1.0,0.261381,0.020378,1.0,12082.8,296.0,314.0,383.3,100.0,1.0
940320,5884,163,4.876816,0.2,-0.053493,0.0,0.252996,0.00252406,-0.040079,1.0,0.358427,0.080261,1.0,11995.2,277.6,237.3,868.1,100.0,1.0
940479,5885,159,5.630742,0.2,-0.056848,0.0,0.320485,0.00272038,-0.003795,1.0,0.446357,0.171898,1.0,12574.0,268.2,352.5,539.4,100.0,1.0
940636,5886,157,4.297982,0.994588,-0.084744,0.022283,2.3e-05,0.00265603,-0.089729,0.830681,0.084219,0.147263,1.0,10784.9,235.0,353.3,641.4,100.0,1.0
940798,5887,162,5.831633,0.911114,-0.101385,0.003759,0.0,0.00295212,-0.034193,1.0,0.153145,0.168307,1.0,11784.5,252.2,375.9,354.6,100.0,1.0
940955,5888,157,5.437696,0.2,-0.278264,0.008809,0.002824,0.00293162,-0.046195,1.0,0.112948,0.1417,1.0,11835.4,259.2,343.8,456.0,100.0,1.0
941112,5889,157,3.080654,1.0,-0.130776,0.031177,0.0,0.00277142,-0.200524,0.662945,0.033324,-0.065309,1.0,10145.8,271.4,357.6,491.8,100.0,1.0
941275,5890,163,6.827659,0.78135,-0.02538,0.0,0.0,0.0030945,0.015525,1.0,0.286973,0.289425,1.0,12101.8,234.6,440.5,296.3,100.0,1.0
941439,5891,164,5.031022,0.2,-0.119677,0.0,0.078696,0.0026146,-0.045666,1.0,0.326406,0.072312,1.0,12025.1,280.4,280.4,667.0,100.0,1.0
941600,5892,161,3.784244,0.92412,-0.078485,0.036817,5.8e-05,0.00264556,-0.137752,0.709414,0.099578,0.083123,1.0,10322.9,238.3,396.7,507.3,100.0,1.0
941758,5893,158,3.705579,0.727139,-0.15131,0.0,0.0,0.00242303,-0.100644,0.903926,0.124384,0.036454,1.0,11064.0,266.9,290.3,643.0,100.0,1.0
941914,5894,156,5.64095,0.501298,0.000698,0.0,0.0001,0.00283914,-0.013334,0.911874,0.364285,0.240897,1.0,11094.2,223.5,359.6,455.2,100.0,1.0
942074,5895,160,4.442569,0.2,-0.137795,0.028123,0.000244,0.00244574,-0.053003,0.964242,0.236444,0.107641,1.0,11293.8,254.9,275.7,822.9,100.0,1.0
942236,5896,162,2.253495,0.2,-0.317677,0.0,0.117778,0.00268093,-0.262703,0.58396,-0.119598,-0.155778,1.0,9844.9,291.5,285.0,845.4,100.0,1.0
942393,5897,157,4.94143,0.2,-0.219188,0.0,0.352023,0.00250562,-0.01708,1.0,0.239661,0.196512,1.0,11581.3,242.0,354.0,603.2,100.0,1.0
942548,5898,155,2.577154,0.2,-0.35081,0.0,0.359071,0.00268272,-0.219568,0.650819,-0.006123,-0.105534,1.0,10099.6,282.3,243.5,564.6,100.0,1.0
942708,5899,160,4.878531,0.2,-0.077612,0.0,0.000981,0.00248992,-0.026879,1.0,0.317112,0.138033,1.0,11963.0,262.8,305.8,429.7,100.0,1.0
942869,5900,161,4.747157,0.994644,-0.033171,0.001668,1e-06,0.00254621,-0.048438,0.951543,0.039351,0.199137,1.0,11245.4,234.4,328.5,599.0,100.0,1.0
943026,5901,157,4.882204,0.506472,-0.156911,0.0,0.000249,0.00256783,-0.031361,1.0,0.243712,0.147558,1.0,12607.2,274.7,293.7,471.9,100.0,1.0
943179,5902,153,5.687295,0.2,0.052347,0.0,0.038426,0.00251261,0.048663,1.0,0.371871,0.371587,1.0,11648.9,212.3,339.5,522.3,100.0,1.0
943342,5903,163,4.396905,0.211101,0.019381,0.001089,0.05203,0.00259577,-0.088286,0.882512,0.173117,0.079247,1.0,10982.4,254.4,370.0,495.8,100.0,1.0
943503,5904,161,5.266673,1.0,-0.079916,0.033422,0.0,0.00272849,-0.038225,1.0,0.253362,0.121462,1.0,11568.8,257.9,350.1,477.4,100.0,1.0
943662,5905,159,5.319673,0.675609,0.041007,0.003804,0.000156,0.00255872,-0.001734,1.0,0.2015,0.260385,1.0,11463.3,227.4,377.6,590.2,100.0,1.0
943819,5906,157,4.92585,0.284744,-0.339163,0.001733,0.000123,0.00288445,-0.07775,0.957126,0.1976,0.044029,1.0,11266.7,269.8,338.9,465.0,100.0,1.0
943975,5907,156,3.040467,0.498416,-0.346172,0.0,4e-06,0.00280601,-0.206202,0.567312,-0.015277,0.011659,1.0,9781.5,241.7,371.0,415.7,100.0,1.0
944137,5908,162,2.548158,0.222517,-0.366009,0.0,0.0,0.00311986,-0.311375,0.455072,-0.084605,-0.222275,1.0,9353.8,300.7,325.7,404.7,100.0,1.0
944299,5909,162,5.363026,0.625897,-0.161197,0.021151,3.2e-05,0.00285709,-0.05443,0.812656,0.155518,0.256181,1.0,10716.2,213.3,437.4,314.8,100.0,1.0
944454,5910,155,4.73888,0.710632,-0.095844,0.030213,5.2e-05,0.0027149,-0.059913,0.902066,0.124677,0.173674,1.0,11056.9,235.5,320.9,426.9,100.0,1.0
944619,5911,165,5.365124,0.839565,-0.215248,0.014558,6.6e-05,0.00283587,-0.059325,1.0,0.18673,0.073339,1.0,11461.6,267.0,360.8,544.6,100.0,1.0
944781,5912,162,6.14698,0.216242,0.024308,0.0,6.7e-05,0.00260407,0.046288,1.0,0.478695,0.328062,1.0,13276.7,249.9,373.9,559.4,100.0,1.0
944947,5913,166,3.958395,1.0,-0.209577,0.039742,0.0,0.00271067,-0.148506,0.862466,0.091609,-0.077612,1.0,10906.0,295.6,275.6,732.9,100.0,1.0
945106,5914,159,4.794516,1.0,-0.261775,0.034031,0.0,0.00321805,-0.146529,0.752517,0.154575,-0.000384,1.0,10487.1,262.3,362.6,444.2,100.0,1.0
945266,5915,160,6.670732,0.724399,0.111473,0.0,0.00034,0.00272541,0.071993,1.0,0.528735,0.397064,1.0,13538.2,242.3,339.1,523.8,100.0,1.0
945430,5916,164,4.736389,0.243435,-0.03063,0.0,0.075531,0.00251197,-0.051223,1.0,0.268148,0.073208,1.0,11762.2,274.0,286.8,790.6,100.0,1.0
945597,5917,167,4.501648,0.985449,-0.119445,0.0,9.3e-05,0.00270235,-0.108435,0.87805,0.009909,0.070207,1.0,10965.4,256.2,323.5,698.7,100.0,1.0
945754,5918,157,2.879769,0.2,-0.295176,0.0,0.02621,0.00290183,-0.236256,0.592225,-0.04235,-0.100259,1.0,9876.4,274.4,295.6,489.8,100.0,1.0
945912,5919,158,4.527844,0.614772,-0.052129,0.015442,7.9e-05,0.00258834,-0.064096,0.990812,0.205416,0.058866,1.0,11395.0,269.0,302.6,701.1,100.0,1.0
946073,5920,161,3.454461,0.2,-0.321708,0.009599,0.35,0.00269931,-0.171482,0.788253,-0.00973,-0.058574,1.0,10623.2,282.1,258.6,628.8,100.0,1.0
946221,5921,148,3.424951,1.0,-0.259251,0.046526,0.0,0.00251035,-0.110668,0.788377,0.033992,0.12946,1.0,10623.7,235.2,280.4,568.2,100.0,1.0
946382,5922,161,4.259057,0.536432,-0.119858,0.002769,8.6e-05,0.00293415,-0.148017,0.729791,-0.034541,0.076631,1.0,10400.5,241.5,345.8,387.6,100.0,1.0
946543,5923,161,4.73308,0.2,-0.336306,0.010976,0.35,0.00290817,-0.107721,0.902101,0.156404,0.003712,1.0,11057.0,275.4,277.9,501.6,100.0,1.0
946707,5924,164,1.730975,0.859255,-0.269335,0.020994,0.0,0.00270553,-0.311869,0.350624,-0.098674,-0.132191,1.0,8955.9,258.0,283.8,578.5,100.0,1.0
946863,5925,156,4.483417,1.0,-0.255089,0.067572,0.0,0.0033706,-0.184335,0.729142,0.092782,-0.08633,1.0,10398.0,284.5,363.7,251.5,99.473,1.0
947019,5926,156,4.257977,0.866166,-0.159492,0.013731,0.0,0.00260839,-0.082575,0.91064,0.096318,0.100444,1.0,11089.5,251.9,333.9,726.5,100.0,1.0
947180,5927,161,2.913105,0.723483,-0.10267,0.005493,1e-05,0.00237589,-0.160624,0.795361,0.144831,-0.079826,1.0,10650.3,289.4,191.7,695.9,100.0,1.0
947342,5928,162,5.358492,0.203911,-0.067779,0.0,0.0,0.00269763,-0.028865,1.0,0.326068,0.128427,1.0,13341.2,295.6,312.0,567.6,100.0,1.0
947506,5929,164,3.479102,1.0,-0.190593,0.011222,0.0,0.0026449,-0.168762,0.789513,0.197086,-0.119498,1.0,10628.0,301.8,249.1,539.7,100.0,1.0
947667,5930,161,5.546923,0.31206,-0.342075,0.0,0.000387,0.00309465,-0.075739,1.0,0.137988,0.034873,1.0,11557.0,279.2,325.8,405.3,100.0,1.0
947829,5931,162,3.920758,0.2,-0.267307,0.023039,0.060882,0.00292825,-0.175734,0.827397,-0.012415,-0.104473,1.0,10772.4,300.7,277.9,469.4,100.0,1.0
947983,5932,154,5.424838,0.241956,-0.220688,0.0,0.060475,0.00268454,-0.000202,1.0,0.35882,0.213053,1.0,12482.9,257.3,307.5,585.0,100.0,1.0
948147,5933,164,1.952361,0.401657,-0.256271,0.024787,0.0,0.00246993,-0.256354,0.494869,-0.027933,-0.090928,1.0,9505.4,261.4,277.6,574.4,100.0,1.0
948312,5934,165,2.610208,0.2,-0.293111,0.0,0.074257,0.00309501,-0.311866,0.399905,-0.251624,-0.122265,1.0,9143.6,260.4,357.0,550.3,100.0,1.0
948474,5935,162,3.631708,0.2,-0.10408,0.0,0.166225,0.0024361,-0.118015,0.897484,0.120513,-0.01479,1.0,11039.4,280.1,239.2,776.8,100.0,1.0
948628,5936,154,5.281371,0.219282,0.027786,0.0,0.014423,0.00247077,0.021788,1.0,0.397016,0.27362,1.0,11540.0,226.5,313.3,770.1,100.0,1.0
948792,5937,164,3.511524,0.712947,-0.32677,0.0,0.0,0.00264474,-0.166264,0.72284,0.015873,0.004794,1.0,10374.0,258.1,341.9,510.3,100.0,1.0
948946,5938,154,4.460838,0.736209,0.000666,0.001714,0.0,0.00272291,-0.079546,0.866997,0.442579,0.031491,1.0,10923.3,264.7,266.6,770.3,100.0,1.0
949101,5939,155,5.400611,0.566295,0.028852,0.019898,6.2e-05,0.00271823,-0.009958,1.0,0.391963,0.169486,1.0,12311.2,263.2,287.5,552.9,100.0,1.0
949258,5940,157,2.957994,0.975654,-0.336696,5.2e-05,0.0,0.00281748,-0.217032,0.67032,0.008085,-0.118068,1.0,10173.9,288.4,278.2,395.6,100.0,1.0
949413,5941,155,4.155784,0.237468,-0.111101,0.013751,0.206453,0.00254473,-0.077875,0.874596,0.538661,-0.001301,1.0,10952.2,274.2,212.0,644.8,100.0,1.0
949572,5942,159,4.375556,0.2,-0.062508,0.000309,0.026913,0.00244037,-0.054724,1.0,0.160861,0.097299,1.0,11440.3,260.6,295.2,787.6,100.0,1.0
949741,5943,169,2.587138,0.2,-0.277716,0.0,0.151543,0.00272277,-0.263089,0.586753,-0.083328,-0.17148,1.0,9855.5,297.4,279.5,912.6,100.0,1.0
949906,5944,165,4.092167,0.2,-0.316501,0.0,0.157508,0.00274432,-0.141105,0.867804,-0.010438,-0.023375,1.0,10926.3,279.7,280.6,595.1,100.0,1.0
950066,5945,160,3.436126,0.486426,-0.409404,0.005977,0.0,0.00297121,-0.213661,0.573892,-0.132432,0.020364,1.0,9806.5,240.3,386.8,427.8,100.0,1.0
950226,5946,160,3.233377,0.374544,-0.149535,0.020128,0.000591,0.00241481,-0.140068,0.832448,0.175835,-0.052547,1.0,10791.6,284.8,224.8,992.6,100.0,1.0
950386,5947,160,4.548251,0.302715,-0.068714,0.01031,0.03943,0.00255581,-0.062477,1.0,0.175175,0.066686,1.0,11582.3,271.5,296.4,617.7,100.0,1.0
950548,5948,162,1.055816,0.525915,0.932079,0.020394,7.4e-05,0.00306621,-0.416312,0.22203,-0.453662,-0.254845,1.0,8465.9,284.0,297.6,472.1,100.0,1.0
950711,5949,163,2.986063,0.800275,-0.24439,0.014955,0.0,0.00309074,-0.27634,0.510609,-0.114789,-0.141709,1.0,9565.4,278.6,311.2,389.8,100.0,1.0
950873,5950,162,4.32007,0.80498,-0.120845,0.0077,0.0,0.0025303,-0.080828,1.0,0.096316,0.031801,1.0,11521.0,279.1,220.1,638.6,100.0,1.0
951030,5951,157,3.989659,0.411923,-0.290337,0.013197,0.00011,0.00274172,-0.126546,0.795421,0.035027,0.07032,1.0,10650.6,248.8,330.3,791.4,100.0,1.0
951191,5952,161,2.257243,0.2,-0.233801,0.0,0.022097,0.00241788,-0.217333,0.637017,0.035868,-0.10058,1.0,10047.0,279.3,177.7,1157.8,100.0,1.0
951354,5953,163,3.563165,0.667365,-0.243938,0.0,0.000165,0.00272751,-0.17317,0.738116,-0.010738,-0.022085,1.0,10432.2,266.7,333.3,552.9,100.0,1.0
951511,5954,157,4.453242,0.519852,-0.221763,0.001071,9e-06,0.00269486,-0.083875,1.0,0.188904,-0.009216,1.0,11625.2,293.3,269.7,733.8,100.0,1.0
951666,5955,155,5.058436,1.0,0.094591,0.0,0.0,0.00252423,-0.005938,1.0,0.455679,0.161647,1.0,11968.9,257.6,285.9,784.4,100.0,1.0
951825,5956,159,6.378551,0.851018,0.030773,0.040574,2.6e-05,0.00297594,0.012697,1.0,0.402927,0.241348,1.0,12291.1,247.5,369.0,409.5,100.0,1.0
951986,5957,161,4.660921,1.0,0.070137,0.002512,5.2e-05,0.002405,-0.032159,1.0,0.363042,0.105123,1.0,11476.9,259.6,326.9,487.2,100.0,1.0
952150,5958,164,5.726522,0.805412,-0.03283,0.010826,4e-05,0.0029159,-0.041997,1.0,0.288023,0.097335,1.0,11726.1,267.1,360.5,579.0,100.0,1.0
952304,5959,154,4.809773,0.865964,0.019395,0.039123,0.0,0.00244352,-0.009911,1.0,0.43469,0.155401,1.0,12223.6,264.5,289.5,659.3,100.0,1.0
952464,5960,160,4.666595,0.329081,-0.045968,0.0,0.022458,0.00248316,-0.041828,1.0,0.294446,0.095758,1.0,11740.6,267.9,266.7,609.7,100.0,1.0
952621,5961,157,1.198631,0.2,-0.260208,0.0,0.0,0.00268312,-0.329947,0.350616,-0.127822,-0.18273,1.0,8955.8,274.0,274.2,643.7,100.0,1.0
952780,5962,159,3.480035,0.630724,0.772951,0.011724,0.0,0.00309317,-0.226732,0.619662,-0.055273,-0.087067,1.0,9980.9,273.3,331.2,497.6,100.0,1.0
952935,5963,155,5.284179,1.0,-0.037343,0.032662,0.0,0.00258274,0.002194,1.0,0.236137,0.261934,1.0,11468.9,227.2,319.8,400.9,100.0,1.0
953096,5964,161,5.24344,1.0,-0.228598,0.012737,6e-06,0.00303022,-0.088455,1.0,0.203388,-0.029314,1.0,11780.3,303.4,297.2,507.3,100.0,1.0
953250,5965,154,4.706982,0.97255,-0.024946,0.02904,0.000175,0.00256388,-0.036284,1.0,0.207929,0.143078,1.0,12027.3,263.0,327.7,563.8,100.0,1.0
953414,5966,164,3.902231,0.726595,-0.311616,0.02897,0.000212,0.00280562,-0.162878,0.804278,0.077965,-0.072481,1.0,10684.3,288.0,365.9,483.3,100.0,1.0
953572,5967,158,3.312619,1.0,-0.209009,0.043737,0.0,0.00296833,-0.216662,0.644128,-0.037466,-0.079825,1.0,10074.1,273.7,339.4,428.1,100.0,1.0
953731,5968,159,4.995375,0.779845,-0.069265,0.02221,2.3e-05,0.00259428,-0.031955,0.986597,0.210416,0.167846,1.0,11378.9,243.6,330.8,578.9,100.0,1.0
953892,5969,161,2.501201,0.476958,-0.095599,0.016246,5.3e-05,0.00264531,-0.235361,0.618774,-0.000235,-0.133436,1.0,9977.5,287.8,262.7,942.2,100.0,1.0
954053,5970,161,2.550818,1.0,-0.237282,0.026894,0.0,0.00241602,-0.194658,0.642896,0.063567,-0.03913,1.0,10069.4,262.0,281.5,629.3,100.0,1.0
954210,5971,157,4.865004,0.316593,0.013102,0.008567,0.0,0.00247773,-0.018405,1.0,0.313618,0.167445,1.0,12188.2,261.0,257.1,596.4,100.0,1.0
954372,5972,162,4.91706,0.613796,-0.175123,0.0,0.0,0.00272652,-0.067139,1.0,0.145077,0.061176,1.0,11483.4,270.5,281.1,667.2,100.0,1.0
954536,5973,164,5.858745,0.798038,-0.01484,0.031743,0.0,0.00306016,-0.055574,0.974527,0.136718,0.12374,1.0,11332.9,252.1,381.4,517.3,100.0,1.0
954697,5974,161,5.73897,0.908966,-0.00922,0.014126,1e-06,0.00279877,-0.013414,0.989577,0.181737,0.236729,1.0,11390.3,230.3,338.4,461.2,100.0,1.0
954862,5975,165,5.414736,0.606952,-0.001967,0.001912,1.2e-05,0.00254934,-0.008146,0.951466,0.282051,0.252609,1.0,11245.1,224.4,323.0,861.9,100.0,1.0
955024,5976,162,3.748436,0.40994,-0.295197,0.005542,0.000298,0.00274782,-0.159593,0.772887,0.059944,-0.029364,1.0,10564.7,272.1,328.4,476.2,100.0,1.0
955184,5977,160,3.6652,1.0,-0.249431,0.047248,8.6e-05,0.00266318,-0.146889,0.858915,0.049603,-0.055259,1.0,10892.5,288.2,273.1,735.2,100.0,1.0
955342,5978,158,4.119012,0.227462,-0.259613,0.001153,0.096436,0.00253177,-0.086229,0.932109,0.122731,0.06157,1.0,11171.3,263.1,357.7,454.9,100.0,1.0
955506,5979,164,5.601037,0.2,0.014757,0.0,0.024154,0.00287561,-0.04491,1.0,0.368243,0.060886,1.0,11619.9,273.8,308.3,541.1,100.0,1.0
955670,5980,164,3.665126,0.2,-0.261414,0.0,0.35,0.00279938,-0.179885,0.761308,-0.016259,-0.061953,1.0,10520.6,280.4,286.0,828.6,100.0,1.0
955830,5981,160,6.075851,0.417357,-0.009571,0.0,8.4e-05,0.00267286,0.035218,1.0,0.41687,0.311769,1.0,13035.3,248.4,365.5,402.8,100.0,1.0
955989,5982,159,6.571724,0.397915,0.059371,0.010265,0.023575,0.00265727,0.07815,1.0,0.496217,0.428428,1.0,12199.3,213.5,345.6,385.1,100.0,1.0
956147,5983,158,5.11625,0.2,-0.248592,0.001785,0.015878,0.00284229,-0.059306,1.0,0.251363,0.051858,1.0,11645.1,276.8,286.7,813.8,100.0,1.0
956292,5984,145,4.196665,0.29227,-0.247318,0.019971,0.0,0.00285815,-0.094707,0.880098,0.139292,0.071131,1.0,10973.2,256.1,268.6,397.2,100.0,1.0
956452,5985,160,-1.119001,0.659518,0.901312,0.0,4e-06,0.00300482,-0.566037,-0.160131,-0.636569,-0.37449,1.0,7009.9,280.2,287.1,505.3,100.0,1.0
956622,5986,170,2.787763,0.509853,-0.303374,0.0,8.5e-05,0.00271548,-0.249245,0.594013,-0.065992,-0.137165,1.0,9883.2,286.4,337.4,593.1,100.0,1.0
956781,5987,159,3.853606,0.828255,-0.252474,0.000755,0.0,0.00279537,-0.150868,0.764821,0.0316,0.015888,1.0,10534.0,259.2,290.8,474.3,100.0,1.0
956939,5988,158,3.598647,0.2,-0.295588,0.00641,0.0,0.00279388,-0.167261,0.700807,0.048561,0.008936,1.0,10290.1,255.0,293.2,608.3,100.0,1.0
957103,5989,164,3.879658,1.0,-0.360276,0.010425,0.0,0.00299198,-0.195101,0.725335,0.105787,-0.123379,1.0,10383.5,296.1,270.9,456.3,100.0,1.0
957260,5990,157,3.645508,0.2,-0.373715,0.0,0.400069,0.00333503,-0.245858,0.549321,-0.153498,-0.059462,1.0,9712.9,258.2,401.1,404.6,100.0,1.0
957418,5991,158,4.41288,1.0,-0.076965,0.015517,0.0,0.00260289,-0.075027,0.989293,0.164801,0.037232,1.0,11389.2,274.5,270.9,626.3,100.0,1.0
957580,5992,162,3.986397,0.611028,-0.164894,0.025141,5.9e-05,0.00308466,-0.195993,0.659401,-0.064591,-0.014613,1.0,10132.3,257.1,379.6,441.3,100.0,1.0
957737,5993,157,2.591366,0.2,-0.328336,0.0,0.068147,0.00266373,-0.220754,0.571632,-0.043024,-0.031198,1.0,9797.9,252.8,253.9,729.4,100.0,1.0
957892,5994,155,4.254756,0.318551,-0.062718,0.010294,0.0,0.00249129,-0.061956,1.0,0.319026,0.020471,1.0,11799.0,289.1,262.8,741.7,100.0,1.0
958059,5995,167,3.231247,0.364788,-0.425063,0.005175,0.000271,0.0033008,-0.305049,0.461745,-0.277276,-0.142526,1.0,9379.2,273.5,463.4,337.4,100.0,1.0
958214,5996,155,5.096273,1.0,-0.050572,0.00147,5.6e-05,0.00267287,-0.025964,1.0,0.156919,0.19448,1.0,11445.3,239.5,348.2,446.2,100.0,1.0
958374,5997,160,4.07659,0.515219,-0.053855,0.023924,0.000181,0.00249711,-0.088906,0.946699,0.196326,0.015956,1.0,11226.9,276.3,252.5,692.5,100.0,1.0
958535,5998,161,4.883009,0.683988,-0.029155,0.006824,0.000119,0.00259816,-0.046228,1.0,0.24394,0.097925,1.0,11556.4,263.1,296.9,796.6,100.0,1.0
958689,5999,154,4.903736,1.0,-0.228112,0.042357,0.0,0.00287111,-0.068499,0.921297,0.288659,0.074371,1.0,11130.1,259.0,314.0,363.5,100.0,1.0
958849,6000,160,4.965049,0.954756,-0.078869,0.014404,0.0,0.00259065,-0.036175,1.0,0.300338,0.112638,1.0,12766.0,286.8,300.4,656.4,100.0,1.0
959010,6001,161,5.357716,0.295923,-0.021841,0.0,0.060086,0.00258081,-0.007266,1.0,0.42632,0.167007,1.0,12289.5,263.3,281.5,587.9,100.0,1.0
959169,6002,159,5.37702,0.2,0.088483,0.0,0.020958,0.00243676,0.022268,1.0,0.545533,0.225716,1.0,11816.1,241.0,322.0,661.2,100.0,1.0
959330,6003,161,1.766754,0.629132,-0.28129,0.007419,0.0,0.0026333,-0.289343,0.455485,-0.204784,-0.109119,1.0,9355.4,262.5,306.8,746.7,100.0,1.0
959494,6004,164,6.46541,0.2,0.044585,0.008135,0.007367,0.0026735,0.054188,1.0,0.230299,0.437195,1.0,11870.7,206.5,403.8,352.4,100.0,1.0
959652,6005,158,3.532612,0.285889,-0.354613,0.0,0.000346,0.00295688,-0.198016,0.732276,-0.120677,-0.063392,1.0,10410.0,277.9,283.4,514.7,100.0,1.0
959817,6006,165,5.093649,0.541704,-0.189233,0.001333,5.8e-05,0.00281279,-0.075984,0.883462,0.120073,0.137143,1.0,10986.0,241.5,320.9,442.0,100.0,1.0
959980,6007,163,4.670972,1.0,-0.298309,0.02283,4e-05,0.00329248,-0.180754,0.706194,0.03761,-0.036879,1.0,10310.6,267.6,330.8,318.2,100.0,1.0
960137,6008,157,1.625245,0.2,-0.208661,0.0,0.0,0.00258011,-0.281228,0.440502,-0.062814,-0.116907,1.0,9298.3,263.2,239.6,738.3,100.0,1.0
960300,6009,163,3.932558,0.2,-0.21576,0.007018,0.000772,0.00254734,-0.115545,0.919672,0.120289,-0.024974,1.0,11124.0,285.2,330.3,492.5,100.0,1.0
960459,6010,159,5.820884,1.0,-0.180889,0.049221,0.0,0.00295555,-0.026368,0.987366,0.233883,0.178007,1.0,11381.9,241.5,422.9,253.1,100.0,1.0
960617,6011,158,4.591727,0.2,-0.044776,0.013104,0.03495,0.00255914,-0.054438,0.836284,0.128981,0.245311,1.0,10806.2,216.9,334.5,523.0,100.0,1.0
960780,6012,163,5.551905,-0.194691,0.05384,0.04035,0.0,0.00287754,-0.045965,1.0,0.222359,0.105998,1.0,11444.8,258.7,359.3,587.2,100.0,1.0
960938,6013,158,6.126695,0.908514,0.059166,0.030271,7.3e-05,0.00285546,0.01572,0.960077,0.209106,0.3493,1.0,11277.9,209.0,372.9,317.9,100.0,1.0
961102,6014,164,4.878405,0.372727,-0.081231,0.0,0.0,0.0026558,-0.06379,1.0,0.295533,0.022187,1.0,11678.7,285.6,343.2,549.1,100.0,1.0
961260,6015,158,3.712344,0.98007,-0.307694,0.026161,0.000156,0.00260199,-0.128212,0.809989,0.234883,-0.013991,1.0,10706.1,271.4,266.8,573.4,100.0,1.0
961418,6016,158,4.433225,0.26239,-0.190283,0.006132,0.039776,0.00293297,-0.125576,0.793091,0.078323,0.061064,1.0,10641.7,250.7,371.9,640.8,100.0,1.0
961578,6017,160,3.261117,0.302233,-0.189626,0.0,0.027545,0.00253246,-0.156671,0.7866,0.072232,-0.035148,1.0,10616.9,275.1,242.3,727.6,100.0,1.0
961739,6018,161,6.547904,0.718038,0.097624,0.000936,2.2e-05,0.00261064,0.078691,1.0,0.391081,0.465275,1.0,12117.3,206.7,361.3,606.5,100.0,1.0
961898,6019,159,4.990565,0.208762,0.003755,0.010393,0.083347,0.00226024,0.020943,1.0,0.301862,0.302524,1.0,12384.9,237.7,344.7,653.7,100.0,1.0
962053,6020,155,3.956433,0.430907,-0.335588,0.0,0.0,0.00278401,-0.130018,0.773449,0.079503,0.062231,1.0,10566.8,248.7,306.8,689.8,100.0,1.0
962215,6021,162,4.631076,0.97419,-0.156731,0.023856,0.0,0.00273212,-0.089686,0.962304,0.055751,0.047208,1.0,11286.4,269.4,314.1,564.8,100.0,1.0
962373,6022,158,5.588689,0.812512,-0.210762,0.0,0.0,0.00301978,-0.051229,0.906634,0.122181,0.199647,1.0,11074.3,230.8,400.9,369.8,100.0,1.0
962539,6023,166,5.500585,1.0,-0.164658,0.036013,0.0,0.00273087,-0.03413,1.0,0.221012,0.145897,1.0,11950.2,260.7,335.2,385.0,100.0,1.0
962704,6024,165,4.708212,0.2,-0.056065,0.0,0.111248,0.00255974,-0.063543,1.0,0.257683,0.035628,1.0,11498.3,277.6,278.5,877.9,100.0,1.0
962867,6025,163,3.144868,0.581438,-0.172263,0.00995,4.2e-05,0.00251501,-0.170277,0.752947,0.045828,-0.043654,1.0,10488.7,274.2,257.2,661.9,100.0,1.0
963023,6026,156,4.969044,0.2,-0.145302,0.000456,0.0,0.00251769,-0.014073,1.0,0.329414,0.176617,1.0,11996.4,254.9,244.6,673.2,100.0,1.0
963181,6027,158,5.666153,0.786964,-0.184651,0.003618,0.0,0.00292327,-0.03007,1.0,0.222911,0.158798,1.0,11868.4,256.0,377.1,360.8,100.0,1.0
963339,6028,158,3.977423,0.2,-0.093757,0.0,0.111258,0.00243604,-0.081775,0.847646,0.238684,0.108149,1.0,10849.5,244.8,342.2,544.9,100.0,1.0
963496,6029,157,3.093632,0.730763,-0.291292,0.00465,0.000206,0.00289237,-0.218343,0.6336,0.082389,-0.116607,1.0,10034.0,284.0,291.7,544.6,100.0,1.0
963656,6030,160,5.857026,0.016315,0.114119,0.018275,0.0,0.00215554,0.101472,1.0,0.376672,0.541339,0.995992,12001.2,194.7,419.1,321.5,100.0,1.0
963814,6031,158,7.22068,0.349753,0.044967,0.0,0.0,0.00294542,0.084893,1.0,0.414896,0.47801,1.0,12513.0,211.7,408.6,303.8,100.0,1.0
963977,6032,163,2.755884,0.698102,-0.281299,0.020809,7e-06,0.00273485,-0.235763,0.470577,-0.173258,0.046395,1.0,9412.9,224.9,402.8,455.2,100.0,1.0
964138,6033,161,4.97302,0.773026,-0.210039,0.019002,0.000167,0.00278514,-0.069417,0.993983,0.122525,0.066116,1.0,11407.1,267.5,318.3,382.8,100.0,1.0
964291,6034,153,5.188056,0.2,-0.281303,0.010136,0.144662,0.00279176,-0.031757,1.0,0.38057,0.100621,1.0,11742.3,266.7,308.5,486.5,100.0,1.0
964461,6035,170,5.065425,0.2,-0.175871,0.011845,0.000132,0.00300202,-0.124306,0.904476,0.122945,-0.042397,1.0,11066.1,288.9,312.7,565.1,100.0,1.0
964619,6036,158,2.568372,1.0,-0.27289,0.019109,0.0,0.0027877,-0.244716,0.459181,-0.151988,0.018957,1.0,9369.5,229.9,363.1,551.2,100.0,1.0
964783,6037,164,3.332576,0.2,-0.080842,0.0,0.11209,0.00238897,-0.137802,0.865349,0.162115,-0.067836,1.0,10917.0,292.8,213.1,883.4,100.0,1.0
964942,6038,159,3.806114,0.2,-0.065275,0.004285,0.000296,0.00272008,-0.142423,0.702138,0.202468,0.03932,1.0,10295.1,247.6,295.2,595.4,100.0,1.0
965103,6039,161,4.036741,0.2,-0.119294,0.004677,0.037247,0.00235162,-0.07096,0.855489,0.086597,0.188362,1.0,10879.4,228.9,341.2,553.1,100.0,1.0
965261,6040,158,3.695517,1.0,-0.22002,0.0183,0.0,0.00279113,-0.159361,0.710639,0.062723,0.022356,1.0,10327.5,252.5,360.4,536.5,100.0,1.0
965424,6041,163,3.233951,0.2,-0.384894,0.0,0.070855,0.00268533,-0.191246,0.768128,0.002312,-0.111698,1.0,10546.6,296.8,234.6,645.1,100.0,1.0
965587,6042,163,5.40284,0.2,0.095497,0.0,6e-06,0.00247616,0.00814,1.0,0.418549,0.22095,1.0,12083.1,247.4,287.4,708.7,100.0,1.0
965754,6043,167,3.342741,0.911862,-0.334975,0.001159,0.0,0.00283828,-0.219247,0.629598,-0.01219,-0.084759,1.0,10018.8,273.7,285.3,448.7,100.0,1.0
965911,6044,157,2.424068,0.989541,-0.2527,0.010081,0.0,0.0027861,-0.252683,0.511576,-0.164041,-0.047241,1.0,9569.1,251.1,356.3,709.5,100.0,1.0
966077,6045,166,5.416534,1.0,-0.134978,0.026279,3e-05,0.00276611,-0.046375,1.0,0.102454,0.144599,1.0,11719.6,256.0,365.0,519.0,100.0,1.0
966238,6046,161,3.150043,0.2,-0.254373,0.016158,0.075547,0.00253503,-0.168068,0.775055,0.134488,-0.084268,1.0,10573.0,288.6,222.2,790.3,100.0,1.0
966395,6047,157,3.681964,1.0,-0.108647,0.009558,0.0,0.00286216,-0.168754,0.746127,0.076662,-0.043174,1.0,10462.7,273.4,304.7,398.8,100.0,1.0
966554,6048,159,4.576656,0.307636,0.035458,0.0,3.4e-05,0.00261699,-0.067301,0.857902,0.176721,0.168503,1.0,10888.6,233.0,363.1,672.2,100.0,1.0
966713,6049,159,3.950241,0.2,-0.432304,0.0,0.107222,0.00280221,-0.144493,0.801036,0.144011,-0.030512,1.0,10671.9,275.2,284.1,742.2,100.0,1.0
966878,6050,165,3.719507,0.435974,-0.28297,0.014763,0.000155,0.00258785,-0.143522,0.851644,0.13123,-0.065186,1.0,10864.8,290.6,247.5,569.9,100.0,1.0
967037,6051,159,6.805169,0.377347,0.062891,0.007456,1.7e-05,0.0024511,0.128913,1.0,0.509697,0.584675,0.992742,12064.0,190.3,466.6,444.1,100.0,1.0
967203,6052,166,4.354648,1.0,-0.171263,0.043838,6.8e-05,0.00266497,-0.110511,0.903605,0.104568,0.010435,1.0,11062.7,273.7,286.8,650.6,100.0,1.0
967361,6053,158,3.799563,0.2,-0.100324,0.0,0.013959,0.00270051,-0.137112,0.759674,0.042332,0.062455,1.0,10514.4,247.4,313.3,785.9,100.0,1.0
967518,6054,157,4.538104,0.612162,-0.042353,0.003884,0.0,0.00256635,-0.057056,0.91108,0.318858,0.11096,1.0,11091.2,249.6,298.8,820.3,100.0,1.0
967676,6055,158,3.168655,0.382945,-0.194234,0.0,3.5e-05,0.00278486,-0.198522,0.541092,-0.014189,0.058747,1.0,9681.6,228.6,350.8,407.7,100.0,1.0
967842,6056,166,4.578066,0.267081,-0.016862,0.0,0.0,0.00271354,-0.101544,0.908023,0.104276,0.036741,1.0,11079.6,267.2,382.4,607.5,100.0,1.0
968001,6057,159,5.664344,0.2,0.048488,0.004033,6e-05,0.0026489,0.01052,1.0,0.413541,0.230553,1.0,12751.0,259.0,357.2,594.1,100.0,1.0
968158,6058,157,3.351417,0.982832,-0.270608,0.014133,0.0,0.00256716,-0.147622,0.779158,0.06928,0.002201,1.0,10588.6,264.1,295.7,881.1,100.0,1.0
968323,6059,165,4.974287,0.99697,-0.218674,0.001693,0.0,0.00291499,-0.101874,0.945008,0.151735,-0.010998,1.0,11220.5,283.6,295.0,411.7,100.0,1.0
968473,6060,150,4.552643,0.66689,-0.113076,0.0,0.0,0.00271681,-0.060549,0.826573,0.169015,0.219686,1.0,10769.2,220.7,327.4,291.4,100.0,1.0
968632,6061,159,4.496349,0.2,-0.042759,0.0,0.054631,0.00256458,-0.065089,0.830202,0.131514,0.21403,1.0,10783.1,222.1,356.1,507.2,100.0,1.0
968791,6062,159,2.949825,1.0,-0.161362,0.010489,0.0,0.00261355,-0.19074,0.739825,-0.062351,-0.064871,1.0,10438.7,279.1,255.7,593.6,100.0,1.0
968952,6063,161,5.054477,0.544782,-0.079566,0.0,0.000103,0.00286285,-0.075714,0.932619,0.130435,0.093626,1.0,11173.3,255.4,379.3,444.3,100.0,1.0
969107,6064,155,5.454784,-0.324282,-0.080991,0.0,9.8e-05,0.00275464,-0.011244,1.0,0.344136,0.181142,1.0,12154.9,257.3,307.3,493.3,100.0,1.0
969264,6065,157,2.340551,0.507703,-0.153507,0.0,0.0,0.00249216,-0.212886,0.592691,-0.031619,-0.026324,1.0,9878.2,253.6,299.0,637.1,100.0,1.0
969427,6066,163,4.728794,0.45859,-0.238744,0.019762,0.000226,0.00256398,-0.057537,1.0,0.140613,0.094671,1.0,11479.6,262.2,294.3,463.9,100.0,1.0
969591,6067,164,5.560929,0.732687,-0.295061,0.008025,0.00021,0.00297989,-0.064896,1.0,0.212199,0.046281,1.0,11777.7,281.4,292.9,455.1,100.0,1.0
969757,6068,166,4.43973,0.407249,-0.003096,0.000506,2.9e-05,0.00231921,-0.046624,1.0,0.222745,0.103672,1.0,11434.3,259.0,211.3,1194.3,100.0,1.0
969918,6069,161,3.976065,0.371277,-0.286695,0.029122,0.000328,0.00307536,-0.192119,0.603634,-0.005044,0.024923,1.0,9919.8,242.0,468.1,384.5,100.0,1.0
970069,6070,151,4.971659,0.211031,-0.301266,0.0,0.0,0.00276017,-0.037873,1.0,0.209296,0.137326,1.0,11753.4,258.4,376.0,713.4,100.0,1.0
970234,6071,165,3.867222,0.2,0.028431,0.0,0.0,0.00211168,-0.053688,0.980439,0.183686,0.109445,1.0,11355.5,255.9,322.1,806.5,100.0,1.0
970390,6072,156,5.528007,1.0,-0.211607,0.03424,0.0,0.00290688,-0.032176,1.0,0.222637,0.151869,1.0,11661.7,253.1,344.6,384.1,100.0,1.0
970550,6073,160,4.070285,0.2,-0.377844,0.003908,0.307602,0.00274379,-0.128803,0.836681,0.027995,0.030758,1.0,10807.8,262.1,370.9,1043.3,100.0,1.0
970711,6074,161,3.884474,0.866356,-0.228161,0.015026,0.0,0.00268322,-0.13595,0.762674,0.12314,0.036891,1.0,10525.8,253.8,287.6,532.7,100.0,1.0
970868,6075,157,5.710221,1.0,0.006482,0.008623,0.0,0.0026493,0.019255,1.0,0.40239,0.263386,1.0,11745.1,232.4,378.6,363.2,100.0,1.0
971023,6076,155,2.353957,0.343399,-0.27977,0.008022,0.001665,0.00260343,-0.224129,0.62791,-0.086948,-0.074707,1.0,10012.3,270.5,300.2,726.7,100.0,1.0
971184,6077,161,5.191606,0.734032,-0.086521,0.033373,6e-06,0.00266799,-0.033881,0.983251,0.18266,0.173465,1.0,11366.2,242.2,350.1,644.1,100.0,1.0
971344,6078,160,5.365893,0.385392,0.057007,0.0,1.5e-05,0.00253863,0.002768,1.0,0.302467,0.241737,1.0,11836.8,238.3,378.3,543.3,100.0,1.0
971493,6079,149,5.633173,0.285669,-0.031178,0.0,0.007319,0.00273955,0.021122,1.0,0.28513,0.308697,1.0,11804.5,225.5,314.0,468.8,100.0,1.0
971652,6080,159,5.960355,0.656615,-0.027135,0.002479,6.7e-05,0.00274674,0.017519,1.0,0.292127,0.294355,1.0,11812.7,228.2,338.9,408.8,100.0,1.0
971813,6081,161,4.447952,0.993003,-0.089152,0.010286,0.000181,0.00248524,-0.061132,0.973729,0.2377,0.07222,1.0,11329.9,264.2,266.8,602.7,100.0,1.0
971971,6082,158,6.264044,1.0,0.080004,0.008446,0.0,0.00278762,0.036949,1.0,0.490062,0.293142,1.0,12350.1,238.8,351.7,359.8,100.0,1.0
972127,6083,156,4.609003,0.505664,-0.284854,0.0,0.0,0.00293959,-0.107319,0.833721,0.04811,0.098134,1.0,10796.5,245.8,400.5,318.1,100.0,1.0
972284,6084,157,4.45736,0.2,-0.223703,0.0,0.08265,0.00306937,-0.142186,0.791914,0.035553,0.020935,1.0,10637.2,260.5,413.4,298.7,100.0,1.0
972439,6085,155,3.694326,0.24525,-0.355445,0.0,0.037447,0.00278293,-0.149797,0.737254,0.051039,0.035953,1.0,10428.9,251.7,306.7,505.6,100.0,1.0
972594,6086,155,5.193136,0.455572,-0.029163,0.03084,0.00026,0.00258976,-0.005619,1.0,0.284742,0.21969,1.0,11975.8,245.5,357.6,658.1,100.0,1.0
972754,6087,160,4.346736,0.2,-0.11925,0.0,0.35,0.00245048,-0.060792,0.980162,0.300391,0.047094,1.0,11354.4,271.1,269.0,854.0,100.0,1.0
972910,6088,156,3.985097,0.315763,-0.315363,0.0,0.004944,0.00269067,-0.116026,0.909744,0.095502,-0.010039,1.0,11086.1,280.0,263.5,782.5,100.0,1.0
973071,6089,161,6.174488,1.0,0.059466,0.031592,0.0,0.00276731,0.025044,1.0,0.3078,0.314214,1.0,12389.9,235.7,370.7,404.8,100.0,1.0
973230,6090,159,3.106609,0.587907,-0.415854,0.0,1.6e-05,0.00302714,-0.244552,0.549125,-0.034433,-0.094635,1.0,9712.2,268.2,366.9,487.0,100.0,1.0
973391,6091,161,4.790186,0.588731,-0.101295,0.002433,3e-05,0.00273401,-0.075091,0.973443,0.094528,0.073651,1.0,11328.8,263.8,280.4,582.3,100.0,1.0
973551,6092,160,5.718725,0.933116,-0.206412,0.02475,0.0,0.00279849,-0.011905,1.0,0.434585,0.14879,1.0,11776.0,256.3,343.8,413.4,100.0,1.0
973709,6093,158,3.298684,0.696755,-0.093504,0.012721,0.000163,0.00233292,-0.11719,0.834267,0.044571,0.065954,1.0,10798.6,253.3,268.7,669.7,100.0,1.0
973873,6094,164,1.642773,0.921829,-0.232179,0.021846,0.0,0.00257048,-0.29636,0.356684,-0.08504,-0.090089,1.0,8979.0,246.7,288.6,578.5,100.0,1.0
974036,6095,163,4.865068,0.505433,-0.17867,0.0,0.0,0.00264531,-0.060407,1.0,0.215588,0.060116,1.0,11464.7,270.4,238.8,567.8,100.0,1.0
974193,6096,157,3.835981,1.0,-0.223724,0.042985,0.0,0.00263067,-0.120669,0.814562,0.074948,0.060654,1.0,10723.5,252.8,348.7,431.2,100.0,1.0
974350,6097,157,5.230742,0.697762,-0.086296,0.016362,7.4e-05,0.00266081,-0.019105,1.0,0.295942,0.171002,1.0,12013.0,256.5,274.0,476.2,100.0,1.0
974509,6098,159,5.500605,0.938861,-0.155961,0.004088,2e-05,0.00272254,-0.013675,1.0,0.203618,0.219876,1.0,11900.2,243.9,334.7,758.3,100.0,1.0
974665,6099,156,5.502591,0.643487,0.027191,0.03441,4.2e-05,0.00280787,-0.018666,1.0,0.227925,0.195137,1.0,11878.7,248.5,320.3,651.5,100.0,1.0
974820,6100,155,1.031174,0.2,-0.393356,0.0,0.139053,0.00308194,-0.399123,0.191119,-0.241314,-0.242573,1.0,8348.2,275.5,342.5,411.1,100.0,1.0
974985,6101,165,5.495932,1.0,-0.212438,0.040972,0.0,0.00285802,-0.052705,0.954066,0.116095,0.15723,1.0,11255.0,243.1,338.8,374.7,100.0,1.0
975144,6102,159,4.421923,0.896725,0.008591,0.0,8.3e-05,0.00242686,-0.048854,1.0,0.259616,0.08395,1.0,11509.0,265.4,235.5,810.4,100.0,1.0
975306,6103,162,4.535642,1.0,-0.226841,0.036459,0.0,0.00263429,-0.081075,0.906684,0.126819,0.098575,1.0,11074.5,252.0,275.1,570.2,100.0,1.0
975463,6104,157,6.396209,0.78864,0.096486,0.0,0.0,0.00259455,0.080138,1.0,0.390777,0.470202,1.0,12482.0,212.2,361.6,432.2,100.0,1.0
975623,6105,160,4.78978,0.4551,0.004343,0.013937,0.000412,0.00233869,-0.009141,1.0,0.460402,0.149396,1.0,11897.8,258.8,244.3,678.8,100.0,1.0
975789,6106,166,2.438842,0.810091,-0.325287,0.015282,0.000242,0.0026563,-0.25508,0.530911,-0.139147,-0.079643,1.0,9642.8,261.9,298.7,903.9,100.0,1.0
975953,6107,164,5.244003,0.413105,-0.132579,0.0,0.000114,0.00278801,-0.057571,1.0,0.251217,0.05769,1.0,11602.4,274.2,297.6,527.5,100.0,1.0
976114,6108,161,5.938369,0.853891,0.080088,0.00542,3.5e-05,0.00249824,0.050377,1.0,0.460608,0.347719,1.0,12382.8,229.7,365.3,913.2,100.0,1.0
976270,6109,156,1.911162,0.645342,-0.305306,0.0,1e-06,0.00238554,-0.226482,0.590105,-0.137096,-0.034329,1.0,9868.3,255.5,302.5,699.5,100.0,1.0
976434,6110,164,5.016796,0.667351,-0.322417,0.034895,0.000118,0.00309331,-0.124964,0.784931,0.008453,0.093193,1.0,10610.6,242.7,383.8,428.5,100.0,1.0
976590,6111,156,5.890716,0.2,0.030692,0.015115,0.348291,0.00289093,-0.002015,1.0,0.310056,0.223265,1.0,11996.4,245.2,307.6,455.4,100.0,1.0
976752,6112,162,5.640922,0.2,0.019045,0.0,0.156615,0.00246189,0.031112,0.981336,0.17589,0.393962,1.0,11358.9,203.7,434.3,584.1,100.0,1.0
976910,6113,158,4.8527,0.23125,-0.014761,0.0,0.104234,0.00246,-0.018821,0.880852,0.150892,0.319591,1.0,10976.0,207.9,365.8,396.6,100.0,1.0
977073,6114,163,5.844791,0.673736,0.027943,0.0,0.0,0.00255924,0.028312,1.0,0.475622,0.269165,1.0,12356.7,243.4,323.9,884.1,100.0,1.0
977238,6115,165,5.258087,0.211256,-0.372589,0.0,0.084492,0.00297013,-0.089324,0.902322,0.076522,0.091478,1.0,11057.8,253.3,414.3,420.8,100.0,1.0
977392,6116,154,5.381783,1.0,-0.07083,0.007096,0.0,0.00280529,-0.021824,0.990265,0.369706,0.145462,1.0,11392.9,248.7,300.5,586.7,100.0,1.0
977555,6117,163,5.535728,0.409643,-0.088989,0.0,0.000146,0.00271777,-0.021072,1.0,0.388275,0.133667,1.0,12640.0,278.7,379.3,555.7,100.0,1.0
977718,6118,163,3.52631,0.2,-0.230827,0.0,0.185086,0.0023124,-0.108147,0.845757,0.022392,0.093915,1.0,10842.3,247.8,340.6,615.2,100.0,1.0
977878,6119,160,5.396948,0.877391,-0.014091,0.007293,7e-05,0.00268297,-0.017935,1.0,0.203089,0.205854,1.0,11811.0,244.9,412.2,408.4,100.0,1.0
978037,6120,159,5.055093,0.2,-0.02622,0.0,0.006754,0.00265945,-0.037566,0.953817,0.213348,0.175481,1.0,11254.0,239.3,394.7,413.1,100.0,1.0
978197,6121,160,3.895598,0.380057,-0.342724,0.0,0.00025,0.00289808,-0.166786,0.709915,-0.054197,0.037182,1.0,10324.8,248.9,354.7,367.2,100.0,1.0
978357,6122,160,2.927598,1.0,-0.173655,0.015036,0.000157,0.00263107,-0.197837,0.65304,0.007737,-0.03957,1.0,10108.1,263.1,264.9,612.5,100.0,1.0
978515,6123,158,3.767924,0.434574,-0.292904,0.016469,0.000376,0.00262722,-0.127919,0.809451,0.11801,0.02639,1.0,10704.0,260.7,288.1,653.3,100.0,1.0
978673,6124,158,5.023253,0.2,-0.240229,0.001642,0.041178,0.00263259,-0.033091,1.0,0.315524,0.117856,1.0,11737.4,262.5,329.3,519.7,100.0,1.0
978833,6125,160,5.458029,1.0,-0.129827,0.028666,0.0,0.00279532,-0.031256,0.905528,0.128131,0.265163,1.0,11070.1,218.7,355.9,359.4,100.0,1.0
978990,6126,157,6.203076,0.988426,0.128509,0.031359,0.0,0.00262794,0.060198,1.0,0.513382,0.362866,1.0,12654.5,232.1,396.8,356.0,100.0,1.0
979147,6127,157,5.057623,0.2,-0.111156,0.0,0.103344,0.00272746,-0.042732,1.0,0.141927,0.143584,1.0,11438.3,250.1,358.4,635.2,100.0,1.0
979302,6128,155,6.486987,0.519161,0.122233,0.0,7.3e-05,0.00253759,0.1011,1.0,0.463637,0.510434,0.995411,11713.8,193.9,340.3,641.9,100.0,1.0
979458,6129,156,5.657391,0.2,0.096679,0.00899,0.030788,0.00240074,0.056678,1.0,0.424937,0.380615,1.0,11723.1,212.3,325.3,693.8,100.0,1.0
979613,6130,155,5.171834,0.761784,-0.13107,0.00828,0.0,0.00275752,-0.033235,1.0,0.239983,0.142557,1.0,11447.4,250.5,372.6,624.3,100.0,1.0
979768,6131,155,5.334228,0.471421,0.036795,0.0,9.3e-05,0.00255181,0.011031,1.0,0.408201,0.234035,1.0,11893.8,241.0,326.9,566.1,100.0,1.0
979924,6132,156,5.013834,0.2,-0.281473,0.0,0.027508,0.0028109,-0.056362,1.0,0.142927,0.097817,1.0,11610.2,264.4,279.9,522.0,100.0,1.0
980078,6133,154,4.107815,0.410968,-0.231019,0.0,0.0,0.00260221,-0.087653,0.870842,0.069373,0.125663,1.0,10937.9,242.9,308.7,517.5,100.0,1.0
980239,6134,161,6.027883,0.665966,0.098073,0.0,0.000147,0.00280364,0.008042,1.0,0.381303,0.233037,1.0,11709.0,237.4,367.9,385.6,100.0,1.0
980406,6135,167,4.55845,0.2,-0.012169,0.000367,0.138645,0.00251927,-0.073283,0.959693,0.172091,0.065283,1.0,11276.4,264.6,243.2,828.7,100.0,1.0
980567,6136,161,5.17648,1.0,-0.082597,0.048917,0.0,0.00276448,-0.050542,1.0,0.197185,0.099132,1.0,11662.6,265.3,337.4,360.2,100.0,1.0
980725,6137,158,6.89479,0.496161,0.087888,0.013152,1.8e-05,0.00281142,0.081305,1.0,0.576365,0.412228,1.0,12061.0,213.5,400.5,503.2,100.0,1.0
980888,6138,163,7.285379,0.372884,0.08737,0.000725,0.013405,0.00257742,0.13517,1.0,0.503371,0.604726,0.990243,12002.8,187.0,409.5,326.0,100.0,1.0
981045,6139,157,2.846491,0.2,-0.155586,0.0,0.034069,0.00268722,-0.204935,0.561948,0.023135,0.007548,1.0,9761.0,242.2,281.2,591.1,100.0,1.0
981207,6140,162,4.446332,0.2,-0.194388,0.004337,0.046472,0.00247197,-0.061567,1.0,0.254592,0.043247,1.0,11590.7,277.8,229.9,693.0,100.0,1.0
981369,6141,162,5.241986,1.0,0.019608,0.023241,0.0,0.00256169,-0.015464,1.0,0.298416,0.182313,1.0,12037.2,254.5,240.2,589.7,100.0,1.0
981526,6142,157,5.098318,1.0,0.022368,0.0,0.0,0.00276043,-0.044815,1.0,0.240169,0.103895,1.0,11834.7,268.0,279.8,484.0,100.0,1.0
981683,6143,157,4.39826,1.0,-0.282395,0.048307,0.0,0.00297622,-0.132052,0.697304,0.148094,0.096042,1.0,10276.7,234.4,361.2,413.9,100.0,1.0
981837,6144,154,6.046539,0.553196,-0.0153,0.0,0.0,0.00284178,0.023214,1.0,0.436145,0.265333,1.0,12256.0,242.2,317.4,498.4,100.0,1.0
981994,6145,157,2.798948,0.2,-0.294663,0.0,0.001233,0.00271122,-0.212334,0.641696,-0.114229,-0.037783,1.0,10064.9,261.5,321.9,637.2,100.0,1.0
982149,6146,155,2.809765,0.460223,-0.2801,0.000302,1.2e-05,0.00272238,-0.207816,0.677553,0.00218,-0.091407,1.0,10201.5,280.7,213.2,512.2,100.0,1.0
982310,6147,161,3.251997,0.586073,-0.273553,0.017668,1.8e-05,0.00272679,-0.191156,0.530866,0.002322,0.086319,1.0,9642.6,221.9,364.2,639.9,100.0,1.0
982473,6148,163,3.330589,0.659276,-0.098946,0.011202,7.2e-05,0.00259753,-0.169547,0.754475,0.070559,-0.050738,1.0,10494.5,276.4,303.5,633.7,100.0,1.0
982634,6149,161,5.40486,0.2,-0.061249,0.0,0.021307,0.00263193,-0.011796,1.0,0.391319,0.163572,1.0,11934.2,256.4,254.5,723.7,100.0,1.0
982800,6150,166,5.069936,1.0,-0.087536,0.050441,4.8e-05,0.00254603,-0.036225,1.0,0.163869,0.15796,1.0,11535.3,249.0,335.8,467.7,99.987,1.0
982964,6151,164,5.48899,0.2,-0.034362,0.0,0.322595,0.00254084,0.001657,1.0,0.2181,0.266158,1.0,11630.3,229.6,379.6,529.7,100.0,1.0
983123,6152,159,6.118577,0.2,-0.023571,0.0,1e-06,0.00296517,-0.00512,1.0,0.173084,0.258572,1.0,11692.9,232.3,426.7,367.6,100.0,1.0
983285,6153,162,5.26028,0.760305,-0.063729,0.005454,8.3e-05,0.00265705,-0.029505,1.0,0.237787,0.155721,1.0,12121.1,262.2,269.8,805.9,100.0,1.0
983445,6154,160,5.642083,1.0,-0.027888,0.033758,0.0,0.00270129,-0.002168,1.0,0.283709,0.231538,1.0,12024.6,244.1,332.6,671.4,100.0,1.0
983604,6155,159,6.549416,0.2,0.05281,0.015058,0.011128,0.00273852,0.063774,1.0,0.366981,0.423587,1.0,12395.8,217.7,413.9,541.5,100.0,1.0
983766,6156,162,5.108352,0.2,-0.098602,0.0,0.018574,0.00286149,-0.074196,0.884488,0.120099,0.142242,1.0,10989.9,240.5,352.6,541.5,100.0,1.0
983921,6157,155,4.566362,0.2,-0.067048,0.0,0.19933,0.00248362,-0.036898,1.0,0.380417,0.083535,1.0,11695.9,269.9,197.8,845.9,100.0,1.0
984084,6158,163,0.949836,1.0,-0.379518,0.024354,0.0,0.00230314,-0.303009,0.342862,-0.205708,-0.060511,1.0,8926.3,237.5,305.8,632.1,100.0,1.0
984248,6159,164,4.204204,1.0,-0.241505,0.026318,0.0,0.00272708,-0.1268,0.812112,-0.051691,0.08447,1.0,10714.1,247.0,345.1,420.0,100.0,1.0
984408,6160,160,4.728007,1.0,-0.162835,0.0,0.0,0.00279608,-0.087006,0.958193,0.099926,0.044845,1.0,11270.7,269.7,278.2,602.5,100.0,1.0
984573,6161,165,5.130079,0.568293,-0.160897,0.010084,6.7e-05,0.0026463,-0.045629,1.0,0.110205,0.144503,1.0,11543.2,252.1,383.7,489.4,100.0,1.0
984734,6162,161,2.695867,0.423842,-0.298811,0.0,0.0,0.00258497,-0.210702,0.637329,-0.059703,-0.04688,1.0,10048.2,263.6,353.1,640.6,100.0,1.0
984894,6163,160,4.10818,0.2,-0.167966,0.0,0.031179,0.00281773,-0.137718,0.800457,0.01843,0.034418,1.0,10669.7,257.9,286.5,522.1,100.0,1.0
985061,6164,167,4.338025,0.823508,-0.243085,0.0,0.0,0.00278891,-0.135107,0.781783,-0.026715,0.073728,1.0,10598.6,246.8,353.7,356.9,100.0,1.0
985223,6165,162,0.528393,0.2,-0.400045,0.0,0.061106,0.00248194,-0.361798,0.359176,-0.335957,-0.226653,1.0,8988.5,290.6,224.0,1061.2,100.0,1.0
985385,6166,162,6.053879,0.2,0.072725,0.0,0.101946,0.0028135,0.005641,0.948591,0.203334,0.3272,1.0,11234.1,211.6,445.5,455.5,100.0,1.0
985545,6167,160,5.003052,0.204832,0.037731,0.0,5e-06,0.00259967,-0.034607,1.0,0.291259,0.12089,1.0,11604.6,258.8,331.2,558.7,100.0,1.0
985699,6168,154,4.138707,0.504254,-0.021758,0.012552,0.000113,0.00268873,-0.098606,0.858283,0.051817,0.105472,1.0,10890.1,246.3,313.2,685.4,100.0,1.0
985856,6169,157,5.851506,0.509637,0.087458,0.01671,5.6e-05,0.00246477,0.059046,1.0,0.511365,0.359699,1.0,13029.7,239.6,308.3,509.3,100.0,1.0
986018,6170,162,2.19613,0.505082,-0.187589,0.022159,0.000223,0.00284333,-0.293235,0.427847,-0.088955,-0.137672,1.0,9250.1,268.2,316.2,626.2,100.0,1.0
986182,6171,164,5.436067,0.586935,0.072646,0.002116,5.6e-05,0.00266905,-0.02337,1.0,0.270844,0.165151,1.0,11931.4,256.0,319.6,515.1,100.0,1.0
986346,6172,164,4.197148,0.906902,-0.28064,0.015453,0.0,0.00290531,-0.156552,0.694198,0.126757,0.024074,1.0,10264.9,250.6,327.3,343.8,100.0,1.0
986511,6173,165,3.91599,0.423235,-0.349343,0.011601,0.000189,0.00282182,-0.167113,0.741565,0.043686,-0.022908,1.0,10445.4,267.3,272.8,533.7,100.0,1.0
986668,6174,157,1.16007,0.847675,-0.384389,0.0,0.0,0.00281227,-0.353104,0.275157,-0.281316,-0.145872,1.0,8668.3,253.7,342.4,553.0,100.0,1.0
986825,6175,157,3.894576,0.2,-0.076262,0.0,0.065661,0.00256943,-0.106532,0.869322,0.061721,0.066551,1.0,10932.1,256.2,283.2,632.0,100.0,1.0
986984,6176,159,5.788137,1.0,0.139981,0.028042,0.0,0.002436,0.053874,1.0,0.309666,0.409691,1.0,11780.8,208.9,389.7,518.8,100.0,1.0
987146,6177,162,4.492556,0.561995,-0.08925,0.006932,1e-05,0.00272721,-0.099373,0.816761,0.020263,0.148036,1.0,10731.9,233.7,347.3,555.8,100.0,1.0
987309,6178,163,4.980015,0.857503,-0.137557,0.010635,4.3e-05,0.00267384,-0.056243,0.909819,0.174806,0.162738,1.0,11086.4,238.4,313.0,424.2,100.0,1.0
987470,6179,161,4.545542,0.831379,-0.008647,0.024345,0.0,0.00225771,-0.017017,1.0,0.317603,0.170743,1.0,12037.2,257.0,218.6,910.7,100.0,1.0
987629,6180,159,3.836106,1.0,-0.01122,0.046997,6e-05,0.00232674,-0.077559,0.808179,0.107813,0.198716,1.0,10699.2,223.1,266.3,582.8,100.0,1.0
987789,6181,160,3.659901,0.977066,-0.064064,0.004383,0.0,0.00241686,-0.107743,0.769783,0.061527,0.145529,1.0,10552.9,230.3,271.2,642.8,100.0,1.0
987946,6182,157,2.780654,1.0,-0.320672,0.047357,0.0,0.00279031,-0.226146,0.580342,-0.058542,-0.051256,1.0,9831.1,259.1,346.1,537.4,100.0,1.0
988110,6183,164,3.370754,0.919655,-0.187507,0.03736,0.0,0.00238775,-0.134674,0.817544,-0.140652,0.083349,1.0,10734.8,247.7,298.9,769.9,100.0,1.0
988266,6184,156,6.401089,0.852859,0.0823,0.0,0.0,0.00267758,0.070173,1.0,0.410692,0.430347,1.0,12049.0,210.6,374.7,481.7,100.0,1.0
988418,6185,152,4.797347,0.341008,-0.171572,0.045394,7.2e-05,0.00286997,-0.070593,0.878351,0.02186,0.19211,1.0,10966.5,230.0,368.5,371.3,100.0,1.0
988577,6186,159,4.151517,1.0,-0.058392,0.007185,0.0,0.00265926,-0.1064,0.872886,0.081137,0.05755,1.0,10945.7,258.8,322.3,452.3,100.0,1.0
988736,6187,159,4.947213,0.2,-5.2e-05,0.0,0.588461,0.00244517,-0.011714,1.0,0.201158,0.227233,1.0,11609.6,236.5,327.0,629.2,100.0,1.0
988900,6188,164,3.299012,0.656348,-0.244395,0.0,0.0,0.00276108,-0.201377,0.612338,-0.102405,0.019262,1.0,9953.0,244.1,290.2,401.6,100.0,1.0
989064,6189,164,1.962278,0.85278,-0.221278,0.020439,0.000404,0.00222759,-0.215761,0.651429,-0.004169,-0.094003,1.0,10101.9,278.8,220.0,766.8,100.0,1.0
989224,6190,160,5.275848,0.513567,-0.019566,0.0,0.0,0.00244555,0.010822,1.0,0.370047,0.246058,1.0,12861.7,258.0,288.3,871.0,100.0,1.0
989384,6191,160,5.181286,1.0,0.000994,0.020207,9.7e-05,0.0023949,0.011715,1.0,0.10834,0.336268,1.0,12260.4,229.4,414.5,509.4,100.0,1.0
989545,6192,161,3.410723,0.559116,-0.225311,0.02049,0.0,0.00257782,-0.155081,0.682079,-0.06081,0.1016,1.0,10218.7,231.9,305.1,563.6,100.0,1.0
989704,6193,159,4.478288,0.2,-0.260843,0.003027,0.040164,0.00264763,-0.079661,0.953433,0.154986,0.054941,1.0,11252.6,266.7,256.8,670.4,100.0,1.0
989860,6194,156,5.365806,0.242033,-0.228429,0.00216,1.5e-05,0.00283353,-0.033078,0.946356,0.198818,0.201504,1.0,11225.6,233.6,399.3,396.9,100.0,1.0
990025,6195,165,2.259152,0.2,-0.301263,0.028447,0.067415,0.00252733,-0.244828,0.623869,-0.181129,-0.108943,1.0,9996.9,280.5,305.3,667.5,100.0,1.0
990192,6196,167,5.13404,0.348021,0.037143,0.017516,0.004722,0.00241971,-0.012804,1.0,0.351332,0.173543,1.0,11567.0,246.4,306.3,700.0,100.0,1.0
990348,6197,156,5.12646,1.0,0.028802,0.019459,0.0,0.00263346,-0.020112,0.941734,0.283845,0.220233,1.0,11208.0,229.6,316.2,755.6,100.0,1.0
990509,6198,161,4.531529,0.927518,-0.062536,0.010493,0.0,0.00230646,-0.025977,0.936649,0.113419,0.26173,1.0,11188.6,221.7,344.8,543.9,100.0,1.0
990667,6199,158,2.428119,0.2,-0.276545,0.0,0.075141,0.0023323,-0.183451,0.611407,0.054677,0.027432,1.0,9949.5,242.1,227.9,954.4,100.0,1.0
990821,6200,154,3.949031,0.239553,-0.092599,0.003685,5.8e-05,0.00261961,-0.102464,0.849011,0.226556,0.042092,1.0,10854.7,260.4,274.2,649.7,100.0,1.0
990976,6201,155,4.164764,0.459728,-0.143202,0.018855,0.000158,0.00265831,-0.094643,0.88081,0.238706,0.037612,1.0,10975.9,264.5,271.6,539.0,100.0,1.0
991133,6202,157,5.502052,0.2,0.024449,0.0,0.016068,0.00261803,0.008278,0.952633,0.254905,0.315432,1.0,11249.5,213.8,413.3,580.3,100.0,1.0
991298,6203,165,5.998021,1.0,0.090255,0.026541,7.2e-05,0.00269582,0.012299,1.0,0.37577,0.249073,1.0,12841.0,257.0,377.2,441.0,100.0,1.0
991461,6204,163,2.659155,1.0,-0.084606,0.030765,0.000132,0.002082,-0.136708,0.728817,-0.006154,0.105678,1.0,10396.8,235.1,296.4,782.1,100.0,1.0
991622,6205,161,4.266192,0.272344,-0.291199,0.0,0.0,0.00299053,-0.156363,0.831652,-0.048135,-0.031541,1.0,10788.6,278.5,317.9,371.8,100.0,1.0
991787,6206,165,4.228698,1.0,-0.005032,0.041639,0.0,0.00251404,-0.092554,0.836577,0.126535,0.118828,1.0,10807.4,241.5,344.6,523.2,100.0,1.0
991944,6207,157,4.642381,0.645937,-0.156481,0.0,2.3e-05,0.00269262,-0.068958,0.979461,0.202936,0.052942,1.0,11351.7,269.5,267.4,706.2,100.0,1.0
992102,6208,158,4.806558,0.2,-0.083074,0.0,0.128421,0.00252689,-0.032955,0.96913,0.134245,0.20446,1.0,11312.4,234.8,332.1,569.9,100.0,1.0
992259,6209,157,6.007279,0.2,0.161704,0.0,0.210949,0.00232157,0.093307,0.930791,0.295871,0.582738,0.982282,11166.3,176.4,412.7,543.7,100.0,1.0
992419,6210,160,5.21126,0.499836,-0.128108,0.0,7.7e-05,0.0026857,-0.032588,1.0,0.01953,0.218198,1.0,11519.0,236.4,378.2,414.9,100.0,1.0
992577,6211,158,4.434707,0.557437,-0.142733,0.0,0.0,0.00240067,-0.04136,1.0,0.176696,0.136568,1.0,11490.1,252.7,242.9,592.2,100.0,1.0
992740,6212,163,5.691695,0.863891,0.043754,0.0,3.8e-05,0.00273081,-0.011394,1.0,0.384042,0.16734,1.0,12078.9,258.7,278.9,652.4,100.0,1.0
992899,6213,159,5.051668,0.264515,-0.251489,0.0,0.003355,0.00281999,-0.063421,1.0,0.209443,0.052114,1.0,11450.7,272.1,264.8,523.2,100.0,1.0
993054,6214,155,5.950255,0.955225,0.034398,0.023857,1.3e-05,0.00273957,0.028803,1.0,0.345637,0.314132,1.0,11766.3,223.8,379.5,639.6,100.0,1.0
993214,6215,160,2.841947,0.420076,-0.288265,0.0,5.8e-05,0.00251848,-0.186385,0.638776,-0.036902,0.02537,1.0,10053.7,245.1,252.7,725.8,100.0,1.0
993375,6216,161,4.964495,0.926618,-0.016821,0.006868,0.0,0.00253815,-0.030326,1.0,0.309641,0.129034,1.0,11659.0,258.2,265.8,512.7,100.0,1.0
993538,6217,163,1.465043,0.55587,-0.217984,0.006469,0.000177,0.00233794,-0.26944,0.52891,0.002857,-0.173178,1.0,9635.1,291.3,158.5,1157.0,100.0,1.0
993701,6218,163,4.609583,1.0,-0.226001,0.047477,0.0,0.00280009,-0.105154,0.859416,0.206063,0.031284,1.0,10894.4,264.1,287.0,515.9,100.0,1.0
993855,6219,154,4.824483,0.2,-0.109565,0.0,0.075501,0.00244117,-0.0083,1.0,0.273093,0.214634,1.0,11641.4,239.6,342.2,839.7,100.0,1.0
994009,6220,154,4.611629,0.465639,-0.034326,0.0,0.0,0.00250417,-0.034227,0.91087,0.212469,0.222696,1.0,11090.4,226.8,352.4,449.6,100.0,1.0
994165,6221,156,5.577259,0.227358,0.02617,0.0,0.091113,0.00243406,0.045279,1.0,0.419417,0.344459,1.0,12400.9,230.6,279.6,600.4,100.0,1.0
994318,6222,153,5.711821,1.0,-0.261209,0.038797,0.0,0.0032938,-0.068713,0.878121,0.135693,0.160626,1.0,10965.6,236.2,410.1,289.1,100.0,1.0
994474,6223,156,6.706631,0.869468,0.110341,0.017072,0.0,0.00233862,0.146231,1.0,0.587676,0.610782,0.987919,11848.4,183.9,366.0,316.7,100.0,1.0
994635,6224,161,4.485339,0.2,-0.135621,0.0,0.000161,0.00257706,-0.073123,0.942922,0.176217,0.078416,1.0,11212.5,259.9,286.8,676.9,100.0,1.0
994795,6225,160,5.497243,1.0,0.04837,0.012868,0.0,0.0026345,-0.002629,1.0,0.344937,0.209592,1.0,11978.4,247.6,298.7,487.7,100.0,1.0
994955,6226,160,4.534527,1.0,0.093849,0.023934,0.0,0.00238539,-0.036129,0.888821,0.315587,0.200357,1.0,11006.4,229.2,343.4,520.5,100.0,1.0
995116,6227,161,5.248904,-0.10009,-0.280392,0.020945,0.0,0.00329901,-0.131184,0.839392,0.003608,0.02869,1.0,10818.1,262.9,378.8,231.3,100.0,1.0
995271,6228,155,3.505707,1.0,-0.109696,0.019592,0.0,0.00261115,-0.137582,0.671364,0.190681,0.085028,1.0,10177.9,234.5,217.3,575.8,100.0,1.0
995429,6229,158,7.108354,0.2,0.138398,0.0,0.138632,0.00262969,0.126177,1.0,0.463564,0.599403,1.0,13204.9,206.4,407.5,423.9,100.0,1.0
995585,6230,156,4.408785,0.740951,-0.244595,0.022101,2.4e-05,0.00283079,-0.105648,0.683972,0.085545,0.216016,1.0,10225.9,210.2,408.5,278.2,100.0,1.0
995745,6231,160,5.436969,0.2,-0.016296,0.0,0.009102,0.00298134,-0.062705,0.789643,0.123137,0.258569,1.0,10628.5,211.1,361.8,457.1,100.0,1.0
995908,6232,163,3.003051,0.356902,-0.297929,0.0,0.0,0.00300737,-0.26136,0.446645,-0.173797,-0.018806,1.0,9321.7,237.5,376.9,332.7,100.0,1.0
996067,6233,159,5.098298,0.550149,0.057233,0.0,2.9e-05,0.00220683,0.037639,0.879631,0.121335,0.503308,0.986841,10971.4,182.5,401.5,603.2,100.0,1.0
996225,6234,158,4.775569,0.2,0.069031,0.0,0.0,0.00245631,-0.024174,0.931736,0.257718,0.223735,1.0,11169.9,228.2,324.2,613.5,100.0,1.0
996382,6235,157,4.3393,0.2,-0.14899,0.0,0.182283,0.00275206,-0.101402,0.847588,0.199063,0.055983,1.0,10849.3,256.9,316.6,501.1,100.0,1.0
996538,6236,156,3.604623,0.384034,-0.328918,0.026684,0.000208,0.00288186,-0.174887,0.612283,-0.02245,0.080957,1.0,9952.8,230.2,357.1,436.7,100.0,1.0
996698,6237,160,3.850808,0.733126,-0.253516,0.015953,0.0,0.00268314,-0.135848,0.824525,0.089323,-0.003039,1.0,10761.4,269.9,277.0,643.6,100.0,1.0
996858,6238,160,6.493543,0.372966,0.009885,0.0,0.0,0.00292498,0.02685,0.986053,0.269016,0.344783,1.0,11376.9,211.5,346.2,347.3,100.0,1.0
997020,6239,162,4.581527,0.2,-0.150337,0.0,0.106267,0.0025411,-0.062513,1.0,0.033553,0.113773,1.0,11534.9,258.9,276.2,710.6,100.0,1.0
997187,6240,167,4.765772,1.0,-0.26291,0.040982,1.7e-05,0.00293594,-0.12712,0.853187,0.099593,-0.001253,1.0,10870.6,272.1,263.8,389.0,100.0,1.0
997349,6241,162,4.770932,0.75054,-0.093548,0.052535,0.000202,0.00265784,-0.066986,0.861157,0.001276,0.225325,1.0,10901.0,222.4,431.3,354.6,99.924,1.0
997510,6242,161,4.484384,-0.196807,-0.230587,0.020087,4e-05,0.00244904,-0.052545,0.942984,0.024051,0.197678,1.0,11212.8,234.1,350.9,392.4,100.0,1.0
997676,6243,166,3.953657,0.326359,-0.148383,0.0,0.0,0.00238908,-0.095288,0.862276,0.155321,0.078703,1.0,10905.3,252.7,261.9,680.6,100.0,1.0
997841,6244,165,3.068964,0.655395,-0.321169,0.010575,5.5e-05,0.0028061,-0.229136,0.579104,-0.033807,-0.068436,1.0,9826.4,263.7,290.8,585.8,100.0,1.0
997991,6245,150,1.127303,0.2,-0.419594,0.00533,2.8e-05,0.00297962,-0.361038,0.253323,-0.250325,-0.164454,1.0,8585.2,256.9,287.7,495.9,100.0,1.0
998147,6246,156,3.702576,0.886347,-0.250703,0.006156,0.0,0.00272692,-0.143232,0.808325,0.12093,-0.024688,1.0,10699.7,274.3,278.5,714.6,100.0,1.0
998309,6247,162,5.350242,0.485157,-0.126347,0.0,5.3e-05,0.00281548,-0.048377,1.0,0.330333,0.061966,1.0,11736.4,276.3,309.3,454.9,100.0,1.0
998464,6248,155,2.729469,0.301807,-0.3086,0.0,0.0,0.00269082,-0.209068,0.659521,-0.143452,-0.032009,1.0,10132.8,261.7,275.0,702.2,100.0,1.0
998625,6249,161,5.189354,1.0,0.032177,0.0,0.000148,0.00265316,-0.031682,1.0,0.219348,0.154609,1.0,11884.4,257.3,278.5,470.6,100.0,1.0
998781,6250,156,4.62047,0.999599,-0.145155,0.007337,0.0,0.00259201,-0.052231,0.915066,0.07699,0.204345,1.0,11106.4,230.5,315.6,784.2,100.0,1.0
998944,6251,163,-0.211736,0.508461,-0.358886,0.018004,0.000141,0.00244764,-0.415101,0.129697,-0.40125,-0.191333,1.0,8114.1,250.8,255.3,845.5,100.0,1.0
999099,6252,155,3.454633,0.505628,-0.01999,0.026411,1.2e-05,0.00246399,-0.118647,0.835939,0.069435,0.051417,1.0,10804.9,256.9,243.2,699.7,100.0,1.0
999262,6253,163,4.360459,1.0,-0.259635,0.051335,0.0,0.00284457,-0.131371,0.776817,-0.040305,0.09485,1.0,10579.7,241.6,389.5,403.6,99.96,1.0
999421,6254,159,4.752801,0.374692,-0.106167,0.0,0.0,0.00264354,-0.058121,0.879507,0.209234,0.170262,1.0,10970.9,234.4,327.6,485.8,100.0,1.0
999578,6255,157,7.446946,0.636487,0.084478,0.021641,4.2e-05,0.0029064,0.111219,1.0,0.668799,0.481131,1.0,13105.3,221.2,358.6,356.1,100.0,1.0
999737,6256,159,1.915383,0.2,-0.284117,0.0,0.032738,0.00264613,-0.274765,0.419301,-0.010822,-0.095026,1.0,9217.5,254.6,282.6,593.6,100.0,1.0
999897,6257,160,5.08845,0.28507,0.0578,0.0,0.0,0.00262589,-0.03235,0.795196,0.244319,0.31473,1.0,10649.7,202.5,399.5,673.0,100.0,1.0
1000055,6258,158,3.998442,0.941576,-0.117729,0.033661,0.0,0.00239196,-0.073208,0.937308,0.19063,0.078008,1.0,11191.1,259.5,283.1,508.6,100.0,1.0
1000218,6259,163,5.14402,0.957115,-0.152648,0.033671,0.000221,0.00270078,-0.048211,1.0,0.320445,0.065815,1.0,11438.4,268.3,235.1,719.6,100.0,1.0
1000372,6260,154,5.76378,0.333112,0.04184,0.0,4.8e-05,0.00252841,0.049871,1.0,0.383874,0.371612,1.0,11954.9,217.9,322.8,533.1,100.0,1.0
1000533,6261,161,5.448023,1.0,-0.041552,0.065555,0.0,0.0027341,-0.025009,1.0,0.24074,0.169723,1.0,11549.8,246.8,362.1,368.8,99.533,1.0
1000692,6262,159,4.578241,1.0,0.077168,0.047205,0.0,0.00234043,-0.02323,0.901693,0.242904,0.256854,1.0,11055.5,219.9,311.9,556.0,100.0,1.0
1000850,6263,158,2.866339,0.2,-0.279812,0.006006,0.161734,0.00266188,-0.202146,0.688467,0.051088,-0.097904,1.0,10243.1,283.9,235.9,646.1,100.0,1.0
1001005,6264,155,3.992168,1.0,-0.102789,0.010453,0.0,0.00283294,-0.13488,0.750595,0.064295,0.070138,1.0,10479.8,244.8,341.1,373.7,100.0,1.0
1001165,6265,160,4.661214,0.93883,0.088906,0.0,0.0,0.00226317,-0.006894,1.0,0.310117,0.206982,1.0,11752.0,243.4,238.0,719.0,100.0,1.0
1001325,6266,160,4.647246,0.6632,-0.016267,0.0,0.0,0.00266543,-0.072329,0.893871,0.182945,0.119697,1.0,11025.6,246.2,349.3,492.7,100.0,1.0
1001483,6267,158,2.989767,0.608885,-0.307009,0.0,0.0,0.00264732,-0.190444,0.621938,-0.089998,0.04357,1.0,9989.6,239.3,310.2,454.8,100.0,1.0
1001646,6268,163,5.516006,0.934843,0.075838,0.018304,5.1e-05,0.00257971,-0.000157,0.870376,0.263527,0.352986,1.0,10936.1,202.1,349.5,448.0,100.0,1.0
1001801,6269,155,2.148826,0.514655,-0.408303,0.0,7.1e-05,0.00307691,-0.31318,0.386575,-0.116873,-0.160456,1.0,9092.9,270.8,304.5,597.3,100.0,1.0
1001956,6270,155,5.767131,0.884449,-0.059432,0.047854,0.0,0.00275804,0.011976,0.994771,0.170222,0.32087,1.0,11410.1,216.0,350.2,348.9,100.0,1.0
1002118,6271,162,5.057286,1.0,-0.001513,0.017109,0.0,0.00259639,-0.035234,1.0,0.225742,0.14064,1.0,11471.9,251.4,322.3,439.6,100.0,1.0
1002277,6272,159,5.37478,1.0,-0.142702,0.016938,0.0,0.00280613,-0.036601,1.0,0.183179,0.150272,1.0,11475.4,249.4,333.6,427.2,100.0,1.0
1002442,6273,165,4.752862,0.2,-0.227256,0.0,0.222676,0.00260995,-0.068459,0.968691,0.144526,0.083053,1.0,11310.7,261.1,267.0,594.9,100.0,1.0
1002602,6274,160,1.881494,0.760123,-0.335999,0.012529,5.8e-05,0.00245503,-0.24943,0.512592,-0.101418,-0.05812,1.0,9573.0,254.1,239.5,777.4,100.0,1.0
1002763,6275,161,1.339411,0.362028,-0.31144,0.0,0.000272,0.00288232,-0.361997,0.29331,-0.337575,-0.17189,1.0,8737.5,263.8,273.4,541.0,100.0,1.0
1002927,6276,164,4.823342,0.2,-0.195516,0.0,0.03389,0.00270492,-0.076047,0.907546,0.183965,0.095566,1.0,11077.7,252.8,294.4,846.1,100.0,1.0
1003086,6277,159,4.643057,0.2,0.063817,0.0,1.8e-05,0.00253096,-0.048596,0.922701,0.138812,0.18949,1.0,11135.5,234.0,286.6,680.3,100.0,1.0
1003250,6278,164,3.010285,0.969741,-0.324358,0.001883,0.000103,0.00279679,-0.229277,0.619588,-0.054502,-0.095744,1.0,9980.6,275.9,261.8,701.4,100.0,1.0
1003414,6279,164,5.140944,0.81766,0.086783,0.023141,7e-05,0.00236245,0.004326,1.0,0.43444,0.20294,1.0,11968.1,248.7,214.2,918.0,100.0,1.0
