timestep,episode,ep_length,cum_reward,R_water,R_fert,R_resource,R_losses,R_daily_mean,R_seasonal,R_yield,R_hiad,R_ane,R_penalty,yield_kg_ha,total_N_kg_ha,total_W_mm,total_rain_mm,energy_budget,comm_quality
161,1,161,6.042238,0.642835,0.709471,0.000969,9.9e-05,0.00216725,-0.824192,-1.0,-0.605125,-1.0,0.454719,2297.8,58.1,79.5,358.1,100.0,1.0
321,2,160,-5.746903,0.635119,-0.281698,0.004779,0.0,0.00181923,-0.821684,-1.0,-0.424601,-1.0,0.516895,3696.3,67.9,69.0,635.9,100.0,1.0
482,3,161,-6.407967,0.2,-0.353822,0.020282,0.070707,0.00155245,-0.850376,-1.0,-1.0,-1.0,0.401506,1626.9,51.7,65.6,946.6,100.0,1.0
643,4,161,-5.676822,0.24336,0.711916,0.0,0.036121,0.0019132,-0.828942,-1.0,-0.414606,-1.0,0.549926,2355.6,72.4,72.5,613.3,100.0,1.0
800,5,157,-5.450119,0.77465,-0.311888,0.0,0.0,0.00209007,-0.748844,-0.95226,0.120083,-1.0,0.491149,3991.9,64.3,69.0,244.8,100.0,1.0
959,6,159,-5.570752,0.605931,-0.425735,0.006394,0.0,0.0020104,-0.822765,-1.0,-0.347504,-1.0,0.552058,3410.9,73.9,57.5,440.5,100.0,1.0
1120,7,161,-4.816801,0.362507,0.666535,0.007431,0.032064,0.00234819,-0.877465,-1.0,-1.0,-1.0,0.509858,1314.2,67.6,60.8,382.3,100.0,1.0
1273,8,153,-2.431007,0.498038,0.778897,0.001257,0.0,0.0034265,-0.751475,-1.0,0.179772,-1.0,0.47781,2958.7,63.5,55.9,231.3,100.0,1.0
1435,9,162,-6.205306,0.012701,-0.480438,0.000709,0.0,0.0018277,-0.870568,-1.0,-1.0,-1.0,0.482273,1698.2,62.4,76.2,500.8,100.0,1.0
1597,10,162,-4.184926,1.0,-0.238546,0.002849,0.0,0.00230689,-0.702859,-0.765593,0.085565,-1.0,0.480068,4703.1,62.7,68.5,654.1,100.0,1.0
1761,11,164,-5.364728,1.0,-0.295419,0.002845,0.0,0.00220302,-0.85241,-1.0,-0.923052,-1.0,0.440418,2604.3,57.5,63.7,359.1,100.0,1.0
1925,12,164,-5.727746,0.2,0.658622,0.008043,0.023872,0.00203181,-0.881659,-1.0,-1.0,-1.0,0.526635,1814.2,70.5,55.6,471.7,100.0,1.0
2080,13,155,-7.536569,0.259469,-0.31745,0.0,0.0,0.00123967,-0.854244,-1.0,-1.0,-1.0,0.416978,1819.3,54.1,63.9,1103.0,100.0,1.0
2241,14,161,-4.090616,0.424979,0.6,0.025037,1.3e-05,0.00288906,-0.84838,-1.0,-0.941733,-1.0,0.416827,1194.8,54.4,59.8,532.4,100.0,1.0
2403,15,162,-5.807866,0.2,-0.330355,0.003752,2e-06,0.00207181,-0.819121,-1.0,-0.378711,-1.0,0.525,3020.8,70.2,56.0,746.6,100.0,1.0
2561,16,158,-5.894301,1.0,-0.393804,0.013721,0.0,0.00208804,-0.828955,-1.0,-0.630305,-1.0,0.4637,3168.9,60.9,62.0,477.2,100.0,1.0
2724,17,163,-4.83442,0.2,-0.27073,0.0,0.0,0.00218169,-0.742809,-0.90674,0.093133,-1.0,0.501748,4165.3,66.9,55.2,569.5,100.0,1.0
2886,18,162,-6.690273,0.848704,-0.36531,0.005024,0.0,0.0016315,-0.82819,-1.0,-0.69682,-1.0,0.434031,2287.3,56.1,68.3,820.9,100.0,1.0
3044,19,158,-5.678192,0.373133,0.694087,0.000653,0.0,0.0021771,-0.824207,-1.0,-0.64727,-1.0,0.43792,2124.7,55.4,83.0,478.0,100.0,1.0
3208,20,164,-4.37617,1.0,-0.247178,0.0,0.0,0.0023727,-0.73887,-0.811136,-0.090161,-1.0,0.508278,4529.6,66.6,69.9,391.4,100.0,1.0
3363,21,155,-5.836295,0.273376,-0.177299,0.000483,0.0,0.00172142,-0.727322,-0.883264,0.022453,-1.0,0.435004,4254.8,57.0,60.6,571.7,100.0,1.0
3524,22,161,-6.104029,0.331607,-0.368948,0.0,0.0,0.00189623,-0.786283,-0.934454,-0.310634,-1.0,0.486425,4059.7,64.3,60.6,653.0,100.0,1.0
3679,23,155,-6.5355,0.38653,-0.385407,0.001236,0.0,0.00175171,-0.829869,-1.0,-0.293273,-1.0,0.602166,3050.1,80.4,66.1,552.0,100.0,1.0
3844,24,165,-6.27025,0.514312,-0.268047,0.005603,0.0,0.00177242,-0.783973,-0.961304,-0.147431,-1.0,0.515617,3957.4,67.9,67.7,708.2,100.0,1.0
3997,25,153,-7.032019,0.246421,-0.351244,0.005151,0.00901,0.00151107,-0.844147,-1.0,-0.848385,-1.0,0.437235,2296.0,57.3,60.5,944.9,100.0,1.0
4156,26,159,-4.736646,0.917685,-0.26561,0.003271,0.0,0.00203516,-0.692485,-0.820266,0.327853,-1.0,0.480817,4494.8,63.4,62.0,497.1,100.0,1.0
4313,27,157,-5.780757,-0.032878,-0.382188,0.003555,0.0,0.00207275,-0.812686,-1.0,-0.299271,-1.0,0.531036,3430.3,70.4,63.2,311.6,100.0,1.0
4468,28,155,-5.216283,0.2,-0.385658,0.016516,0.084322,0.00238226,-0.820331,-1.0,-0.553545,-1.0,0.459906,2846.9,61.0,54.7,296.2,100.0,1.0
4631,29,163,-5.578894,0.71688,-0.340991,0.005203,0.0,0.00210874,-0.816508,-0.986629,-0.338103,-1.0,0.544163,3860.9,72.7,58.7,526.3,100.0,1.0
4792,30,161,-5.498261,1.0,-0.336575,0.012265,0.0,0.00217936,-0.861141,-1.0,-0.783974,-1.0,0.530976,2940.0,70.5,62.0,442.2,100.0,1.0
4953,31,161,-6.365552,0.390227,-0.376765,0.009262,0.000178,0.00171999,-0.770715,-1.0,0.020971,-1.0,0.491248,3801.4,64.6,64.8,461.2,100.0,1.0
5115,32,162,-5.33128,0.2,0.731569,0.002401,0.046498,0.00223556,-0.835367,-1.0,-0.474706,-1.0,0.551584,2298.8,73.4,63.1,519.0,100.0,1.0
5278,33,163,-5.029413,0.819099,0.662675,0.000344,0.0,0.0023751,-0.877977,-1.0,-1.0,-1.0,0.511908,1305.2,66.7,74.7,445.0,100.0,1.0
5433,34,155,-6.348754,1.0,-0.290686,0.011878,0.0,0.00183635,-0.807735,-1.0,-0.430446,-1.0,0.45876,2776.5,61.2,50.6,546.8,100.0,1.0
5590,35,157,-5.677802,0.2,-0.335465,0.0,0.00998,0.00175338,-0.713032,-0.96854,0.366843,-1.0,0.430324,3929.9,57.3,48.2,528.9,100.0,1.0
5745,36,155,-5.865629,0.303805,0.6,0.000915,3.8e-05,0.00206224,-0.897783,-1.0,-1.0,-1.0,0.591134,899.0,80.0,51.4,569.1,100.0,1.0
5906,37,161,-5.292596,1.0,0.748403,0.0,0.0,0.00221485,-0.76571,-1.0,0.037847,-1.0,0.47798,2454.0,63.1,60.4,441.7,100.0,1.0
6075,38,169,-3.423727,1.0,0.686445,0.001236,0.0,0.0030232,-0.808265,-1.0,-0.492913,-1.0,0.435896,1294.1,57.0,62.0,364.0,100.0,1.0
6234,39,159,-6.160333,0.65807,-0.422857,0.0053,0.0,0.00185255,-0.773818,-1.0,-0.069341,-1.0,0.467534,3004.4,61.7,59.7,457.8,100.0,1.0
6391,40,157,-6.258529,0.592318,0.689092,0.001235,0.0,0.00186746,-0.867401,-1.0,-0.873909,-1.0,0.52004,2254.4,69.5,55.5,702.5,100.0,1.0
6551,41,160,-6.407134,0.2,-0.359387,0.01531,0.00651,0.00169712,-0.768781,-0.919538,-0.016721,-1.0,0.548898,4116.6,72.7,66.3,1017.2,100.0,1.0
6711,42,160,-6.208815,0.2,-0.257947,0.0,0.033149,0.00183246,-0.806512,-1.0,-0.384112,-1.0,0.472401,3451.6,62.1,63.2,569.7,100.0,1.0
6866,43,155,-6.599769,0.56764,-0.245336,0.0,0.0,0.00170473,-0.787513,-1.0,-0.256899,-1.0,0.447294,3795.8,58.8,59.7,608.3,100.0,1.0
7029,44,163,-4.747044,0.922264,-0.304696,0.011519,0.0,0.0018883,-0.673754,-0.69968,0.417904,-1.0,0.562498,4954.2,74.9,64.0,550.0,100.0,1.0
7189,45,160,-5.91828,1.0,-0.463311,0.011901,0.0,0.00197349,-0.771729,-1.0,-0.036615,-1.0,0.47227,3221.2,61.8,65.7,514.3,100.0,1.0
7350,46,161,-6.185257,0.438533,0.68856,0.0,0.0,0.00183602,-0.824312,-1.0,-0.608003,-1.0,0.454045,2069.7,60.3,52.9,572.3,100.0,1.0
7514,47,164,-5.721083,0.2,-0.464535,0.007261,0.132228,0.00199706,-0.807266,-1.0,-0.358233,-1.0,0.48577,2830.6,64.6,55.7,569.3,100.0,1.0
7674,48,160,-5.125732,0.061416,-0.345435,0.01448,0.0,0.00233164,-0.780894,-0.963656,-0.142492,-1.0,0.502923,3948.5,66.4,63.3,237.4,100.0,1.0
7838,49,164,-5.430099,1.0,-0.401105,0.001325,0.0,0.0021528,-0.844474,-1.0,-0.636375,-1.0,0.523346,3057.7,68.5,72.7,561.9,100.0,1.0
8003,50,165,-5.785957,0.337491,-0.247992,0.001219,0.0,0.00176809,-0.735907,-0.848116,0.044635,-1.0,0.513366,4388.7,68.0,61.7,677.8,100.0,1.0
8161,51,158,-5.843284,0.696087,-0.366779,0.000564,0.0,0.0020248,-0.81812,-1.0,-0.595912,-1.0,0.434115,2862.8,56.0,70.7,518.2,100.0,1.0
8317,52,156,-6.493774,0.2,-0.456537,0.019187,0.120328,0.00171726,-0.790598,-1.0,-0.4602,-1.0,0.378311,2598.4,47.4,77.8,544.0,100.0,1.0
8477,53,160,-6.559142,0.589469,-0.369725,0.007722,0.0,0.00165134,-0.874018,-1.0,-0.933291,-1.0,0.522755,2176.7,69.7,57.7,748.5,100.0,1.0
8637,54,160,-5.530855,0.2,0.6,0.000407,0.094649,0.00214546,-0.864359,-1.0,-1.0,-1.0,0.457434,985.9,59.1,73.1,422.8,100.0,1.0
8802,55,165,-5.503631,0.2,-0.243259,0.014329,0.060949,0.00208429,-0.787508,-0.948324,-0.231232,-1.0,0.509213,4006.9,66.9,68.8,563.5,100.0,1.0
8958,56,156,-6.326397,0.2,-0.451072,0.005003,0.030704,0.00179956,-0.860893,-1.0,-0.933757,-1.0,0.470067,1942.7,62.5,54.1,562.5,100.0,1.0
9118,57,160,-5.791056,0.433357,-0.096634,0.00365,0.0,0.00195852,-0.757022,-0.921592,-0.07384,-1.0,0.476962,4108.7,63.2,57.4,486.4,100.0,1.0
9278,58,160,-5.231799,0.2,0.666693,0.006814,0.013838,0.0022874,-0.883164,-1.0,-0.82339,-1.0,0.603301,1758.6,82.7,41.1,495.5,100.0,1.0
9440,59,162,-5.11958,0.632811,-0.510622,0.0,0.0,0.00230961,-0.848025,-1.0,-1.0,-1.0,0.392101,1614.4,50.7,62.3,202.8,100.0,1.0
9603,60,163,-6.692305,0.536546,-0.42767,0.027198,6e-06,0.00155881,-0.879725,-1.0,-0.85302,-1.0,0.577691,2555.1,75.7,79.4,886.9,100.0,1.0
9763,61,160,-6.017267,0.2,-0.358796,0.00091,0.222828,0.00190259,-0.799204,-1.0,-0.340347,-1.0,0.460676,3708.0,62.1,43.6,389.8,100.0,1.0
9922,62,159,-5.469224,1.0,-0.483876,0.001487,0.0,0.00219432,-0.857552,-1.0,-1.0,-1.0,0.430208,1903.2,58.1,39.6,474.9,100.0,1.0
10085,63,163,-6.089619,0.462037,-0.444244,0.0,6e-06,0.00184019,-0.822504,-1.0,-0.609246,-1.0,0.446317,2560.2,58.4,62.3,530.1,100.0,1.0
10247,64,162,-5.783463,0.438167,-0.333245,0.000361,0.0,0.001506,-0.686192,-1.0,0.929528,-1.0,0.516581,3370.3,68.5,61.5,582.5,100.0,1.0
10405,65,158,-5.634195,0.918128,-0.315177,0.0,0.0,0.00176207,-0.708278,-0.940787,0.42935,-1.0,0.464067,4035.6,62.3,46.8,495.3,100.0,1.0
10565,66,160,-5.826997,0.811005,-0.377705,0.0,0.0,0.00199862,-0.826038,-1.0,-0.695213,-1.0,0.426068,3019.3,55.4,64.3,515.9,100.0,1.0
10725,67,160,-3.473176,0.2,0.762679,0.0,0.028379,0.0025769,-0.678257,-1.0,0.862705,-1.0,0.458111,3507.2,60.6,56.3,371.3,100.0,1.0
10884,68,159,-5.038069,1.0,-0.394596,0.0,0.0,0.00239339,-0.844488,-1.0,-0.894396,-1.0,0.420195,2367.0,53.0,82.4,606.1,100.0,1.0
11043,69,159,-4.17869,0.943804,-0.18349,0.0,0.0,0.00210843,-0.654128,-0.720897,0.45793,-1.0,0.478787,4873.4,63.1,61.5,427.5,100.0,1.0
11201,70,158,-6.245832,0.351854,0.705982,0.0,0.000144,0.00182511,-0.86027,-1.0,-0.727358,-1.0,0.550139,1921.3,74.1,51.8,597.6,100.0,1.0
11362,71,161,-6.364761,0.2,-0.394046,0.00627,0.058632,0.00171729,-0.851733,-1.0,-1.0,-1.0,0.406934,1690.8,51.8,73.7,536.8,100.0,1.0
11521,72,159,-6.138537,0.817038,-0.497704,0.014769,0.0,0.0018591,-0.842709,-1.0,-0.694023,-1.0,0.493228,2469.6,64.0,75.3,690.9,100.0,1.0
11680,73,159,-5.531765,0.449826,0.643517,0.001259,0.0,0.0021558,-0.8708,-1.0,-1.0,-1.0,0.483201,995.0,61.9,83.6,366.1,100.0,1.0
11838,74,158,-6.328739,1.0,-0.518182,0.000214,0.0,0.0017845,-0.857029,-1.0,-1.0,-1.0,0.428117,1510.2,55.9,61.2,549.1,100.0,1.0
11994,75,156,-5.800273,0.2,0.741739,0.01524,0.08715,0.00206233,-0.872461,-1.0,-0.850756,-1.0,0.549542,1823.6,73.1,63.5,758.1,100.0,1.0
12145,76,151,-4.656314,1.0,0.680427,0.001379,0.0,0.00272714,-0.880088,-1.0,-1.0,-1.0,0.520354,1544.5,68.5,68.0,247.5,100.0,1.0
12310,77,165,-6.168741,0.575799,0.692656,0.0,0.0,0.00179179,-0.868869,-1.0,-0.940227,-1.0,0.499385,1832.3,67.6,43.4,770.9,100.0,1.0
12475,78,165,-5.147107,0.228962,-0.324956,0.0,0.041397,0.00224529,-0.830928,-0.981648,-0.533649,-1.0,0.528603,3879.9,70.8,55.3,476.6,100.0,1.0
12637,79,162,-3.649705,0.86462,-0.284083,0.0,0.0,0.00214057,-0.625765,-0.69128,0.722697,-1.0,0.50086,4986.2,67.7,45.5,522.9,100.0,1.0
12791,80,154,-5.623996,0.389509,0.603707,0.0,0.0,0.00218484,-0.860042,-1.0,-1.0,-1.0,0.440168,1357.0,57.7,60.3,338.6,100.0,1.0
12959,81,168,-5.105356,0.541038,-0.499774,0.0,8.3e-05,0.00215244,-0.752198,-1.0,0.490247,-1.0,0.604892,3765.3,80.6,67.7,544.1,100.0,1.0
13121,82,162,4.161784,0.257002,-0.166307,0.0,7e-06,0.00157643,0.061963,-0.656335,0.722472,0.73645,0.563121,5119.4,73.7,78.6,701.4,100.0,1.0
13278,83,157,-3.170306,1.0,0.6,0.005022,0.0,0.00333638,-0.868223,-1.0,-0.930351,-1.0,0.500753,1050.6,67.0,53.3,249.4,100.0,1.0
13433,84,155,-6.902275,0.2,-0.497785,0.00275,0.143891,0.00152413,-0.805864,-1.0,-0.483881,-1.0,0.429905,2577.6,55.0,75.1,664.9,100.0,1.0
13594,85,161,-5.633793,0.393801,-0.150869,0.000382,0.000133,0.00177276,-0.716153,-0.773526,0.12284,-1.0,0.540223,4672.9,72.0,60.0,770.1,100.0,1.0
13755,86,161,-5.694158,0.2,-0.080956,0.008368,0.006756,0.00173873,-0.714683,-0.883219,0.248934,-1.0,0.475086,4254.9,62.3,64.6,941.7,100.0,1.0
13912,87,157,-5.354283,0.989906,-0.374968,0.009283,0.0,0.00227234,-0.843675,-1.0,-0.893999,-1.0,0.417099,2365.9,54.1,63.8,251.6,100.0,1.0
14074,88,162,-4.285892,0.469074,0.761257,0.002393,0.0,0.00270909,-0.826943,-1.0,-0.460298,-1.0,0.523651,2169.6,70.3,52.9,394.2,100.0,1.0
14235,89,161,-5.932796,0.945618,-0.433407,0.0,0.0,0.00193651,-0.765434,-1.0,-0.075205,-1.0,0.431655,2588.7,56.7,57.6,389.1,100.0,1.0
14391,90,156,-6.762408,0.282082,-0.2721,0.0,0.0,0.0015869,-0.833301,-1.0,-0.39455,-1.0,0.575382,3384.4,76.9,62.3,715.6,100.0,1.0
14555,91,164,-5.532924,0.994079,-0.399194,0.00926,0.0,0.00209433,-0.867439,-1.0,-0.793412,-1.0,0.55239,2973.8,74.1,56.6,600.9,100.0,1.0
14713,92,158,-5.054494,0.716281,0.720186,0.006107,0.0,0.00241406,-0.816138,-1.0,-0.185304,-1.0,0.590431,2068.1,78.6,66.6,629.7,100.0,1.0
14873,93,160,-4.804056,0.2,-0.224978,0.000554,0.016804,0.00198388,-0.684831,-0.824918,0.355761,-1.0,0.456711,4477.1,59.5,67.3,615.8,100.0,1.0
15029,94,156,5.443663,0.47018,-0.101858,0.008244,0.0,0.0022033,0.071836,-0.593609,-0.047032,0.891926,0.527318,5358.4,70.8,52.8,616.5,100.0,1.0
15187,95,158,-5.914753,0.520083,-0.213289,0.0,0.0,0.00161899,-0.705857,-0.904672,0.352798,-1.0,0.459875,4173.2,60.5,60.5,514.4,100.0,1.0
15350,96,163,-5.768745,0.2,-0.244853,0.0,0.04482,0.00161315,-0.701379,-0.696684,0.101533,-1.0,0.549447,4965.6,73.6,56.6,850.0,100.0,1.0
15507,97,157,6.752803,0.348121,-0.118974,0.021632,3e-06,0.00220421,0.166428,-0.427996,0.139486,1.0,0.562085,5989.3,74.0,73.2,460.2,100.0,1.0
15669,98,162,-5.616366,0.306233,-0.396755,0.003495,0.013689,0.00205209,-0.818108,-1.0,-0.443859,-1.0,0.494888,3297.4,65.1,65.4,672.7,100.0,1.0
15828,99,159,-5.704984,0.810888,-0.275771,0.0,0.0,0.00173551,-0.708907,-0.731854,0.184804,-1.0,0.577694,4831.6,77.4,60.0,547.0,100.0,1.0
15991,100,163,-6.163739,0.442497,-0.330618,0.007749,0.0,0.00178921,-0.779541,-1.0,-0.168567,-1.0,0.450737,3109.6,59.4,58.4,911.6,100.0,1.0
16151,101,160,-5.931739,0.203103,-0.344696,0.00116,0.093689,0.00192605,-0.828397,-1.0,-0.399658,-1.0,0.553726,3149.4,74.5,53.9,571.9,100.0,1.0
16318,102,167,-5.966168,0.2,-0.408031,0.010485,0.175784,0.00182776,-0.832579,-1.0,-0.533346,-1.0,0.51698,3712.4,67.8,71.1,668.0,100.0,1.0
16477,103,159,-5.412819,1.0,0.724388,0.0,0.0,0.00221594,-0.886883,-1.0,-1.0,-1.0,0.547531,1969.8,73.9,50.8,387.2,100.0,1.0
16637,104,160,8.610697,0.616414,-0.087529,0.0,0.0,0.00215686,0.307355,-0.26802,0.910317,1.0,0.466687,6598.8,60.0,77.7,448.9,100.0,1.0
16803,105,166,-6.518284,0.315089,-0.230881,0.012258,3e-05,0.0015907,-0.793225,-0.976655,-0.138916,-1.0,0.540677,3898.9,72.2,58.7,873.3,100.0,1.0
16970,106,167,8.197903,0.640922,-0.003035,0.010704,0.0,0.00227139,0.2404,-0.357107,0.604209,1.0,0.522976,6259.4,70.3,51.8,352.8,100.0,1.0
17127,107,157,-5.921018,0.831406,0.694923,0.001062,0.0,0.00198854,-0.853113,-1.0,-0.965704,-1.0,0.426171,1868.9,54.9,69.6,534.7,100.0,1.0
17290,108,163,7.230234,0.552946,-0.21373,0.004146,0.0,0.00209085,0.204673,-0.587879,0.780664,1.0,0.505693,5380.2,67.0,61.0,383.7,100.0,1.0
17456,109,166,-5.570246,0.719676,-0.326501,0.00521,0.0,0.0020198,-0.838796,-1.0,-0.918289,-1.0,0.387867,2345.8,49.2,72.3,483.2,100.0,1.0
17618,110,162,-5.342298,0.290842,0.612926,0.017854,0.042279,0.00217814,-0.884718,-1.0,-1.0,-1.0,0.53887,1930.7,71.7,61.2,559.5,100.0,1.0
17774,111,156,-5.636604,0.514617,-0.223494,0.016249,0.0,0.00211689,-0.781654,-1.0,-0.34557,-1.0,0.388387,3752.0,50.7,55.8,451.9,100.0,1.0
17936,112,162,-4.984566,1.0,-0.333924,0.0,0.0,0.00235113,-0.808073,-1.0,-0.595914,-1.0,0.393928,2810.8,50.0,73.4,343.9,100.0,1.0
18091,113,155,-4.020109,0.371783,-0.151501,0.008447,3.1e-05,0.00209699,-0.62817,-0.824871,0.925417,-1.0,0.457976,4477.2,59.0,75.5,464.9,100.0,1.0
18249,114,158,-6.283164,0.449088,-0.437032,0.002829,0.0,0.00177641,-0.797398,-1.0,-0.296105,-1.0,0.471149,2658.8,61.9,62.6,656.5,100.0,1.0
18410,115,161,-4.239806,0.2,0.696953,0.002993,0.0,0.00270798,-0.798791,-1.0,-0.172275,-1.0,0.526253,2881.6,69.9,61.0,434.8,100.0,1.0
18568,116,158,-6.181948,0.2,-0.459408,0.001946,0.0,0.00182037,-0.874286,-1.0,-0.970919,-1.0,0.508775,1940.3,68.8,45.2,810.6,100.0,1.0
18733,117,165,5.30979,0.501265,-0.184599,0.014119,0.0,0.00184797,0.095343,-0.614563,0.825338,0.76432,0.557111,5278.5,74.8,55.9,590.9,100.0,1.0
18897,118,164,-5.504242,0.611194,0.71946,0.016442,0.0,0.00208241,-0.858239,-1.0,-1.0,-1.0,0.432957,1235.8,57.1,55.7,455.8,100.0,1.0
19055,119,158,-4.517093,-0.202397,0.640677,0.0,0.0,0.00261343,-0.893457,-1.0,-1.0,-1.0,0.573827,1056.2,77.7,50.1,405.0,100.0,1.0
19211,120,156,-6.00838,0.341898,-0.207502,0.0,0.0,0.00193269,-0.762826,-0.865422,-0.268777,-1.0,0.478372,4322.7,63.8,52.5,561.9,100.0,1.0
19373,121,162,5.273676,0.453483,-0.136073,0.00315,0.0,0.00193534,0.083623,-0.541422,0.209835,0.844591,0.559365,5557.2,75.3,53.6,735.5,100.0,1.0
19533,122,160,-6.399175,0.640294,-0.358577,0.0,0.0,0.00170065,-0.782183,-1.0,-0.142911,-1.0,0.471568,3210.8,62.1,61.3,506.5,100.0,1.0
19687,123,154,-5.054611,0.341868,0.729607,0.003607,5.2e-05,0.00242895,-0.806521,-1.0,-0.419629,-1.0,0.458232,2416.4,60.0,63.7,275.5,100.0,1.0
19846,124,159,-5.275406,1.0,0.695805,0.003897,0.0,0.00226239,-0.791452,-1.0,-0.248797,-1.0,0.466288,2817.5,62.8,44.3,364.9,100.0,1.0
20008,125,162,-5.82873,1.0,-0.362565,0.019341,0.0,0.00195003,-0.823941,-1.0,-0.569983,-1.0,0.467773,2124.4,60.4,74.6,685.4,100.0,1.0
20165,126,157,-5.912599,0.2,-0.370225,0.012395,0.0,0.00195464,-0.872877,-1.0,-0.922927,-1.0,0.522338,2649.9,69.4,61.5,470.7,100.0,1.0
20321,127,156,6.800546,0.389227,-0.12097,0.000397,3.5e-05,0.0021056,0.182408,-0.586634,0.419577,1.0,0.451567,5384.9,59.3,60.4,585.5,100.0,1.0
20481,128,160,-4.262186,0.538187,0.674684,0.001836,0.0,0.00271008,-0.847584,-1.0,-0.736638,-1.0,0.49568,1952.1,65.1,66.4,309.3,100.0,1.0
20642,129,161,-5.479869,0.2,-0.321191,0.013138,0.051622,0.00183106,-0.706496,-0.88872,0.486857,-1.0,0.532008,4234.0,71.1,57.2,580.8,100.0,1.0
20805,130,163,-5.971026,0.523116,0.651364,0.005149,0.0,0.00187337,-0.899531,-1.0,-1.0,-1.0,0.598124,1284.9,80.4,59.3,835.9,100.0,1.0
20969,131,164,-5.656452,1.0,-0.355847,0.002202,0.0,0.00200403,-0.826416,-1.0,-0.361118,-1.0,0.561217,3186.0,73.9,73.4,466.2,100.0,1.0
21137,132,168,-6.646288,0.368343,-0.387944,0.003553,0.0,0.00150066,-0.840884,-1.0,-0.387111,-1.0,0.608692,3098.8,80.6,73.7,560.4,100.0,1.0
21298,133,161,-4.508272,0.2,0.685479,0.031304,0.0,0.00257098,-0.848328,-1.0,-0.428853,-1.0,0.621772,2674.3,84.5,50.7,354.5,100.0,1.0
21462,134,164,-5.935464,0.572198,-0.365074,0.00058,4e-06,0.00186923,-0.870868,-1.0,-0.661484,-1.0,0.618877,3038.5,83.2,60.6,632.1,100.0,1.0
21619,135,157,-6.011787,0.5042,0.686456,0.002022,0.0,0.0019285,-0.838008,-1.0,-0.428964,-1.0,0.580448,2386.6,77.7,60.8,558.2,100.0,1.0
21772,136,153,-5.953304,0.501981,0.65985,0.002044,6.2e-05,0.00200753,-0.87389,-1.0,-1.0,-1.0,0.495559,1717.8,66.0,56.3,602.0,100.0,1.0
21931,137,159,-6.447272,0.2,-0.332427,0.004826,0.066297,0.0016791,-0.81566,-1.0,-0.425787,-1.0,0.492325,3054.9,65.1,61.2,1253.6,100.0,1.0
22091,138,160,-5.057704,0.448803,-0.246825,0.014469,0.0,0.00216575,-0.727203,-0.88459,0.186037,-1.0,0.498636,4249.7,65.8,63.2,478.9,100.0,1.0
22252,139,161,-6.005635,0.2,-0.371214,0.002232,0.0,0.00186428,-0.77584,-1.0,0.251764,-1.0,0.604067,3763.4,80.9,63.0,578.5,100.0,1.0
22409,140,157,-6.17235,0.2,-0.445393,0.000428,0.0,0.00183074,-0.842155,-1.0,-0.67327,-1.0,0.499311,2797.4,67.9,40.3,569.8,100.0,1.0
22571,141,162,-5.345184,0.2,-0.328307,0.006517,0.654621,0.00215352,-0.824528,-1.0,-0.349877,-1.0,0.558163,3328.3,76.2,41.2,608.1,100.0,1.0
22731,142,160,-5.748103,-0.095697,-0.446932,0.00329,0.0,0.00199117,-0.834426,-1.0,-0.678573,-1.0,0.466274,2672.0,62.4,49.6,502.2,100.0,1.0
22886,143,155,-3.381753,0.2,0.6,0.002201,0.35,0.0032232,-0.871932,-1.0,-0.909386,-1.0,0.523975,1201.3,71.2,42.1,318.0,100.0,1.0
23045,144,159,-4.496669,0.2,0.688734,0.015454,0.016833,0.00262801,-0.845774,-1.0,-0.621532,-1.0,0.534484,1773.7,70.6,66.7,332.1,100.0,1.0
23203,145,158,-6.374098,0.244401,-0.326881,0.004126,1.2e-05,0.00173723,-0.820238,-0.984401,-0.460197,-1.0,0.512471,3869.4,69.1,47.6,790.4,100.0,1.0
23361,146,158,-6.187341,0.2,-0.298154,0.004499,0.139317,0.00182472,-0.785494,-0.891133,-0.189492,-1.0,0.575047,4224.8,78.3,45.2,703.1,100.0,1.0
23519,147,158,-5.689955,0.530111,-0.326934,0.0,0.0,0.00207094,-0.81077,-1.0,-0.390257,-1.0,0.486979,3149.6,62.7,80.2,405.6,100.0,1.0
23677,148,158,-5.938292,0.855065,-0.316143,0.002041,1.1e-05,0.00195936,-0.847315,-1.0,-0.536857,-1.0,0.574516,3180.3,77.6,52.4,745.6,100.0,1.0
23839,149,162,-5.225352,1.0,0.727221,0.0,0.0,0.00225991,-0.858207,-1.0,-0.449784,-1.0,0.652913,2821.5,88.9,51.5,398.2,100.0,1.0
23997,150,158,-5.924026,0.653244,0.710542,0.0,3e-06,0.00197528,-0.83877,-1.0,-0.562421,-1.0,0.530113,2292.5,70.2,64.2,523.8,100.0,1.0
24157,151,160,-5.718564,1.0,-0.386218,0.0,0.0,0.00204124,-0.801852,-1.0,-0.201656,-1.0,0.526747,3736.8,71.8,40.6,399.0,100.0,1.0
24323,152,166,-5.987409,0.371777,-0.274005,0.010861,0.002848,0.00183268,-0.82587,-1.0,-0.453617,-1.0,0.522032,3789.4,70.3,50.5,982.0,100.0,1.0
24484,153,161,-4.997688,0.643621,-0.337415,0.001315,0.0,0.00236021,-0.84111,-1.0,-0.639064,-1.0,0.508813,3639.1,68.5,48.3,402.1,100.0,1.0
24645,154,161,-5.02333,0.417457,0.670667,0.009693,4.2e-05,0.00235669,-0.842537,-1.0,-0.610755,-1.0,0.525844,2015.5,70.2,57.1,320.8,100.0,1.0
24805,155,160,-6.068099,0.573761,-0.341039,0.010314,9e-06,0.00186904,-0.863394,-1.0,-0.920385,-1.0,0.48542,2477.3,63.6,66.9,603.3,100.0,1.0
24973,156,168,-6.752547,0.578779,-0.191548,0.00173,0.0,0.00147404,-0.825833,-1.0,-0.41168,-1.0,0.53866,3546.1,72.0,58.3,850.6,100.0,1.0
25130,157,157,-3.273929,0.880851,0.6,0.001503,0.0,0.00327313,-0.892878,-1.0,-1.0,-1.0,0.571512,678.8,77.1,53.3,224.4,100.0,1.0
25292,158,162,-4.302705,0.781994,-0.189437,0.016607,8e-06,0.00221506,-0.686011,-0.723804,0.328913,-1.0,0.551803,4862.3,74.5,50.5,547.2,100.0,1.0
25457,159,165,-5.502963,0.523752,0.673849,0.0,0.0,0.00208883,-0.832664,-1.0,-0.548124,-1.0,0.511406,2105.6,66.0,82.4,479.5,100.0,1.0
25621,160,164,-4.93939,1.0,-0.364707,0.002451,0.0,0.00203501,-0.708924,-0.814195,0.279083,-1.0,0.533135,4517.9,71.6,52.7,597.0,100.0,1.0
25782,161,161,-4.857361,0.276403,-0.449473,0.0,0.000268,0.00242452,-0.812341,-1.0,-0.413114,-1.0,0.484117,2514.8,63.7,63.5,445.0,100.0,1.0
25940,162,158,-6.537018,0.2,-0.310866,0.001746,0.05617,0.00166456,-0.820529,-1.0,-0.348619,-1.0,0.54267,3267.5,73.9,41.9,719.4,100.0,1.0
26094,163,154,-5.144342,0.872925,0.666462,0.0,1.9e-05,0.00242259,-0.882772,-1.0,-1.0,-1.0,0.531088,1393.2,70.8,58.7,333.2,100.0,1.0
26256,164,162,-6.455389,0.2,-0.334718,0.014235,0.353927,0.00165882,-0.826762,-0.946325,-0.30856,-1.0,0.637298,4014.5,87.8,37.4,776.2,100.0,1.0
26408,165,152,-6.128009,0.639349,0.735843,0.002837,1.5e-05,0.00195902,-0.846737,-1.0,-0.996865,-1.0,0.388201,1895.2,47.4,94.0,456.7,100.0,1.0
26564,166,156,-6.583846,0.202142,-0.149541,0.0,0.022873,0.00166596,-0.765509,-0.816794,-0.239574,-1.0,0.549412,4508.0,75.4,35.6,749.8,100.0,1.0
26719,167,155,7.756465,0.261644,-0.147185,0.00063,0.022112,0.00241535,0.21465,-0.575896,0.829274,1.0,0.497214,5425.8,62.4,100.9,363.2,100.0,1.0
26885,168,166,-5.946783,0.91527,0.761421,0.008627,0.0,0.00188077,-0.870525,-1.0,-0.713223,-1.0,0.596811,2150.6,79.9,62.9,721.9,100.0,1.0
27046,169,161,-5.811933,0.513361,0.670365,0.0,0.0,0.00199307,-0.843688,-1.0,-0.427764,-1.0,0.603648,2527.5,83.2,35.0,871.3,100.0,1.0
27210,170,164,-6.737714,0.636586,-0.223249,0.019444,0.0,0.00140224,-0.741359,-0.881532,0.225178,-1.0,0.573977,4261.4,76.1,69.0,965.4,100.0,1.0
27376,171,166,-5.483141,0.266224,-0.419905,0.028492,0.004773,0.00206383,-0.838591,-1.0,-0.43685,-1.0,0.579623,3528.8,77.8,57.9,538.9,100.0,1.0
27542,172,166,2.433374,0.628256,-0.30255,0.0185,4.4e-05,0.00183432,-0.119656,-0.650674,-0.013638,0.501779,0.625343,5140.9,85.6,43.8,576.4,100.0,1.0
27700,173,158,6.515599,0.737847,-0.226375,0.008728,0.0,0.00193305,0.188043,-0.632514,1.0,0.938594,0.517062,5210.1,67.2,77.9,523.5,100.0,1.0
27862,174,162,6.620049,0.2,-0.225244,0.003956,0.066617,0.00199741,0.177035,-0.556081,0.855262,0.910688,0.534987,5501.3,72.0,51.9,822.4,100.0,1.0
28020,175,158,-6.181581,0.281654,-0.340963,0.0,1e-06,0.0018273,-0.816517,-1.0,-0.404244,-1.0,0.50437,3486.9,68.7,38.9,547.4,100.0,1.0
28174,176,154,-5.916278,1.0,-0.228207,0.017784,0.0,0.00202205,-0.83976,-1.0,-0.612093,-1.0,0.514204,3313.7,67.4,70.6,609.5,100.0,1.0
28334,177,160,-5.845194,0.839053,-0.243845,0.0,0.0,0.00197609,-0.758104,-0.890061,-0.167381,-1.0,0.475402,4228.9,60.7,83.9,600.4,100.0,1.0
28494,178,160,-4.434642,0.658559,0.69418,0.003433,0.0,0.00265017,-0.764367,-1.0,0.272462,-1.0,0.566452,2283.1,76.0,57.6,512.9,100.0,1.0
28653,179,159,9.512356,1.0,-0.133302,0.020574,0.0,0.0027032,0.289913,-0.298619,0.930678,1.0,0.514,6482.3,68.1,62.5,389.1,100.0,1.0
28812,180,159,-4.529621,0.432266,-0.171392,0.018491,0.000174,0.00206254,-0.670659,-0.688149,0.51062,-1.0,0.598737,4998.2,79.2,73.6,750.6,100.0,1.0
28971,181,159,-6.333599,0.2,0.668594,0.000366,0.058863,0.00175539,-0.86222,-1.0,-0.469391,-1.0,0.661123,2787.1,90.8,42.8,799.8,100.0,1.0
29124,182,153,-4.826285,0.748201,0.711214,0.0,0.0,0.00258306,-0.883742,-1.0,-0.901475,-1.0,0.574376,2395.8,79.8,26.4,343.3,100.0,1.0
29283,183,159,-4.93987,1.0,-0.130649,0.011001,0.0,0.00210353,-0.708411,-0.777433,0.120974,-1.0,0.504599,4658.0,67.8,50.4,331.0,100.0,1.0
29441,184,158,-5.677613,0.559486,0.620439,0.009419,2e-06,0.00208894,-0.878848,-1.0,-0.950792,-1.0,0.535073,1792.2,72.5,45.8,456.1,100.0,1.0
29598,185,157,-6.535519,0.2,-0.334064,0.006294,0.027777,0.00166929,-0.775994,-0.92989,0.054526,-1.0,0.595897,4077.1,81.4,43.8,780.2,100.0,1.0
29757,186,159,-6.750797,0.539006,-0.313722,0.0,1.7e-05,0.00155361,-0.782197,-0.868757,-0.176386,-1.0,0.589475,4310.0,80.7,40.5,678.9,100.0,1.0
29916,187,159,-7.500276,0.436177,-0.299899,0.0,0.0,0.00119471,-0.838082,-1.0,-0.350991,-1.0,0.611933,3756.2,83.9,40.9,1108.7,100.0,1.0
30071,188,155,-6.575459,0.2,-0.226072,0.014554,0.0,0.00167223,-0.793994,-0.984016,-0.079532,-1.0,0.560148,3870.9,73.6,74.7,657.6,100.0,1.0
30226,189,155,4.405866,0.2,-0.043747,0.001438,0.035159,0.00203842,0.017169,-0.617413,0.161193,0.741792,0.565254,5267.7,75.6,60.0,493.1,100.0,1.0
30387,190,161,-4.617634,0.201149,0.695336,0.0,0.107135,0.00253572,-0.841782,-1.0,-0.515331,-1.0,0.560997,2619.9,76.2,45.5,492.0,100.0,1.0
30542,191,155,-6.151326,0.411,-0.428611,0.014961,0.0,0.00187958,-0.850174,-1.0,-0.630817,-1.0,0.54837,3095.7,73.4,57.0,543.2,100.0,1.0
30706,192,164,-4.633748,0.207856,0.681134,0.001308,0.0,0.00248539,-0.865466,-1.0,-0.795694,-1.0,0.543588,1928.5,73.3,50.4,499.3,100.0,1.0
30866,193,160,6.603313,0.496181,-0.200426,0.020271,0.0,0.00174407,0.220208,-0.44419,0.686311,1.0,0.549502,5927.6,72.9,65.0,541.7,100.0,1.0
31028,194,162,-4.963101,1.0,0.692429,0.0,0.0,0.00237749,-0.819164,-1.0,-0.300079,-1.0,0.556625,2795.3,75.6,45.8,381.1,100.0,1.0
31186,195,158,-4.40196,0.2,-0.451278,0.000119,2.2e-05,0.0026737,-0.777231,-1.0,0.243987,-1.0,0.60652,3708.9,84.4,26.5,485.4,100.0,1.0
31344,196,158,-5.152456,1.0,-0.420249,0.0,0.0,0.00233504,-0.78684,-1.0,-0.218474,-1.0,0.459971,3102.4,61.8,45.5,216.2,100.0,1.0
31509,197,165,-5.374896,0.427536,0.675151,0.004681,3.5e-05,0.00213496,-0.81544,-1.0,-0.045993,-1.0,0.643362,2048.0,87.9,46.3,587.9,100.0,1.0
31665,198,156,-5.09982,-0.574007,-0.381023,0.012786,0.005769,0.002355,-0.758924,-1.0,0.462121,-1.0,0.620543,3780.1,85.4,37.5,418.8,100.0,1.0
31828,199,163,-5.776889,0.560885,0.702844,0.001707,0.0,0.00197805,-0.839132,-1.0,-0.545453,-1.0,0.538348,2108.9,69.7,84.0,433.1,100.0,1.0
31987,200,159,-4.246132,0.672295,-0.272255,0.0,0.0,0.00263924,-0.741778,-0.766298,0.084014,-1.0,0.63442,4700.4,87.8,33.4,474.6,100.0,1.0
32148,201,161,4.138174,0.602574,-0.080936,0.014113,0.0,0.0015032,0.07094,-0.647201,0.618388,0.768691,0.546302,5154.2,72.9,60.6,840.9,100.0,1.0
32308,202,160,-6.294964,1.0,-0.489587,0.008278,0.0,0.00176354,-0.879133,-1.0,-1.0,-1.0,0.51653,2100.6,69.2,54.1,433.3,100.0,1.0
32463,203,155,-5.375194,1.0,0.69723,0.015889,0.0,0.00228326,-0.901321,-1.0,-0.988826,-1.0,0.609755,1553.0,84.3,32.2,432.1,100.0,1.0
32522,204,59,-8.574206,0.356016,0.613208,0.00127,0.0,0.00186758,-0.808346,-1.0,-1.0,-1.0,0.233386,0.0,32.4,11.1,231.1,100.0,1.0
32685,205,163,-5.153791,0.34596,-0.225855,0.00056,0.0,0.00194863,-0.707718,-0.868069,0.481985,-1.0,0.555595,4312.7,75.1,49.9,738.2,100.0,1.0
32846,206,161,6.393383,0.833864,-0.014201,0.003718,0.0,0.00209457,0.14607,-0.570542,0.521481,0.917043,0.52104,5446.2,71.0,39.8,447.8,100.0,1.0
33010,207,164,-5.050962,0.2,-0.195552,0.0,0.016618,0.00204395,-0.716742,-0.729949,0.156654,-1.0,0.599682,4838.9,81.1,53.3,624.3,100.0,1.0
33168,208,158,-4.276183,1.0,0.667202,0.002393,0.0,0.00276473,-0.8844,-1.0,-0.715767,-1.0,0.651293,2139.3,90.4,31.2,605.5,100.0,1.0
33328,209,160,-6.442522,0.493264,-0.330511,0.000261,3.1e-05,0.00168664,-0.778825,-0.900796,0.119103,-1.0,0.662144,4188.0,91.1,40.6,799.9,100.0,1.0
33485,210,157,-6.21756,0.2,-0.30904,0.007723,0.041688,0.00182018,-0.804216,-1.0,-0.305866,-1.0,0.494516,3012.9,64.1,76.7,676.1,100.0,1.0
33643,211,158,-6.159393,0.794109,-0.282027,0.0,0.0,0.00185029,-0.787434,-1.0,-0.304246,-1.0,0.428038,3704.6,53.7,86.7,478.2,100.0,1.0
33804,212,161,-5.69573,0.2,-0.285315,0.00512,0.062764,0.00196151,-0.746196,-0.775819,0.301183,-1.0,0.729439,4664.1,100.4,49.1,576.2,100.0,1.0
33966,213,162,-6.028132,0.2,-0.252708,0.003075,0.020919,0.00185229,-0.811898,-0.872696,-0.525093,-1.0,0.564857,4295.0,74.6,70.8,705.0,100.0,1.0
34127,214,161,-4.750486,0.58792,0.635495,0.00028,0.0,0.00248241,-0.929687,-1.0,-1.0,-1.0,0.718747,1634.3,101.1,31.2,492.3,100.0,1.0
34292,215,165,5.509781,0.392407,0.008001,0.002383,0.0,0.00213734,0.063638,-0.420177,0.514576,0.695152,0.643344,6019.1,88.8,36.6,415.0,100.0,1.0
34455,216,163,-5.113416,0.302019,-0.324389,0.001485,0.000105,0.00224091,-0.751787,-1.0,0.681978,-1.0,0.679941,3614.9,91.8,62.1,988.1,100.0,1.0
34615,217,160,-4.401118,0.919977,0.649667,0.000419,0.0,0.00266952,-0.859051,-1.0,-0.496695,-1.0,0.637526,1681.7,88.4,31.2,321.5,100.0,1.0
34774,218,159,-5.649206,0.224502,-0.467288,0.025343,0.015955,0.00206533,-0.822552,-1.0,-0.272343,-1.0,0.581269,3308.0,79.4,42.1,646.3,100.0,1.0
34937,219,163,-4.979689,0.804945,-0.261462,0.028122,0.0,0.0020962,-0.718064,-0.749879,0.44578,-1.0,0.70069,4763.0,97.4,31.0,414.9,100.0,1.0
35101,220,164,-5.911863,0.950946,-0.253083,0.0,0.0,0.00189977,-0.83909,-1.0,-0.447387,-1.0,0.577406,3531.0,78.4,47.3,584.2,100.0,1.0
35255,221,154,-5.430852,0.464029,0.707607,0.008129,0.0,0.00226019,-0.826558,-1.0,-0.416004,-1.0,0.539832,2235.9,72.8,50.1,461.6,100.0,1.0
35421,222,166,-3.520595,0.2,-0.411408,0.0,0.192809,0.00276452,-0.726357,-0.958915,0.688494,-1.0,0.621909,3966.5,85.2,42.5,680.7,100.0,1.0
35587,223,166,-6.124919,0.2,-0.249374,0.004171,0.0,0.00176717,-0.770855,-0.869537,0.177282,-1.0,0.684796,4307.1,93.9,46.1,892.6,100.0,1.0
35751,224,164,-6.95997,0.564601,-0.222574,0.011739,0.0,0.00141116,-0.795764,-0.887585,-0.288906,-1.0,0.579908,4238.3,79.3,41.2,838.7,100.0,1.0
35912,225,161,-6.122068,0.2,-0.348148,0.015268,0.047284,0.00182059,-0.828188,-1.0,-0.369625,-1.0,0.564903,3358.0,74.6,70.7,582.0,100.0,1.0
36077,226,165,-5.464763,0.2,-0.170109,0.007022,0.145743,0.00180568,-0.711261,-0.696423,0.201375,-1.0,0.629169,4966.6,86.3,41.7,829.9,100.0,1.0
36235,227,158,-4.947554,0.2,-0.368483,0.0,0.0,0.00241714,-0.818028,-1.0,-0.368535,-1.0,0.524697,2789.3,68.8,71.6,475.5,100.0,1.0
36392,228,157,-5.815259,0.371559,-0.289088,0.013383,4.8e-05,0.00202034,-0.844979,-1.0,-0.608854,-1.0,0.536374,3532.0,70.8,67.4,571.0,100.0,1.0
36551,229,159,-5.880305,1.0,-0.276652,0.007001,0.0,0.00197814,-0.86781,-1.0,-0.57682,-1.0,0.640512,3683.7,86.8,54.4,687.4,100.0,1.0
36707,230,156,-5.113206,1.0,-0.322552,0.016164,0.0,0.00212915,-0.719191,-0.778894,0.173065,-1.0,0.567096,4652.4,77.7,39.2,498.4,100.0,1.0
36870,231,163,-6.008144,0.488911,-0.337988,0.008159,0.000144,0.00185856,-0.844169,-0.972268,-0.518756,-1.0,0.596907,3915.7,81.4,45.3,570.0,100.0,1.0
37032,232,162,-5.197497,0.226122,-0.271012,0.005719,0.0,0.00212348,-0.737554,-0.868455,0.134418,-1.0,0.53553,4311.2,73.1,39.7,455.7,100.0,1.0
37187,233,155,-4.82327,0.2,0.6,0.005812,0.35,0.00253497,-0.904689,-1.0,-1.0,-1.0,0.618756,1683.4,85.2,37.5,411.6,100.0,1.0
37352,234,165,-5.54325,0.912411,-0.371099,0.001978,0.0,0.00205905,-0.850163,-1.0,-0.541756,-1.0,0.58395,3364.8,80.1,39.2,621.2,100.0,1.0
37512,235,160,-5.122572,0.388983,-0.335099,0.019155,0.0,0.00207501,-0.720201,-0.80541,0.161962,-1.0,0.540179,4551.4,72.5,54.1,506.8,100.0,1.0
37671,236,159,-6.302662,0.227313,-0.321868,0.016166,0.012957,0.00176118,-0.776098,-1.0,0.220301,-1.0,0.592512,3800.2,81.2,39.6,782.2,100.0,1.0
37829,237,158,-6.307284,0.219127,-0.447955,0.006846,4.6e-05,0.00176842,-0.86201,-1.0,-0.664336,-1.0,0.582304,2016.2,78.6,53.5,811.4,100.0,1.0
37985,238,156,-6.329323,0.222818,-0.422274,0.012702,1.9e-05,0.00178117,-0.866298,-1.0,-0.83469,-1.0,0.531317,2644.1,71.1,55.8,519.0,100.0,1.0
38148,239,163,-6.165986,0.630124,-0.137887,0.0,0.0,0.00150674,-0.712589,-0.729685,0.14697,-1.0,0.579458,4839.9,78.0,56.1,733.3,100.0,1.0
38311,240,163,-5.370099,0.921986,-0.229103,0.004611,0.0,0.00216707,-0.783945,-0.747635,-0.49166,-1.0,0.59148,4771.5,80.2,50.2,435.0,100.0,1.0
38475,241,164,-5.582966,1.0,-0.315136,0.0,0.0,0.00185454,-0.726885,-0.82837,0.392934,-1.0,0.636343,4463.9,86.2,55.3,612.9,100.0,1.0
38639,242,164,4.445183,0.448779,-0.128633,0.003217,0.0,0.00146941,0.095312,-0.648636,0.522131,0.846429,0.533254,5148.7,69.7,75.5,807.8,100.0,1.0
38804,243,165,-5.288535,1.0,-0.4315,0.0,0.0,0.00217293,-0.840242,-1.0,-0.437646,-1.0,0.585908,2851.0,78.7,57.8,367.4,100.0,1.0
38966,244,162,6.475163,0.386313,-0.0148,0.027737,0.000106,0.00211161,0.147004,-0.493117,0.4523,0.911105,0.557554,5741.2,75.1,53.1,526.0,100.0,1.0
39122,245,156,6.381066,1.0,-0.048172,0.011283,0.0,0.00243297,0.101923,-0.574711,0.412539,0.849249,0.541412,5430.4,73.4,45.9,385.2,100.0,1.0
39284,246,162,-5.555793,1.0,-0.471978,0.000637,0.0,0.00208376,-0.90066,-1.0,-0.949654,-1.0,0.622778,2580.3,83.6,62.5,432.3,100.0,1.0
39444,247,160,-6.244972,0.501266,-0.306227,0.005781,0.0,0.00177664,-0.869467,-1.0,-0.778532,-1.0,0.566457,3194.0,77.1,44.8,692.1,100.0,1.0
39609,248,165,-5.299338,0.540839,0.689396,0.006387,1.1e-05,0.00216779,-0.908291,-1.0,-1.0,-1.0,0.633165,1551.0,87.0,40.0,508.8,100.0,1.0
39771,249,162,-3.92272,1.0,0.676723,0.0,0.0,0.00286002,-0.883948,-1.0,-0.820385,-1.0,0.607638,1806.4,82.8,46.5,312.4,100.0,1.0
39932,250,161,5.210318,0.2,-0.23523,0.002168,0.100329,0.00209405,0.056345,-0.607494,0.448468,0.755865,0.555895,5305.4,75.5,45.2,527.4,100.0,1.0
40091,251,159,-5.52395,0.64205,-0.497237,0.0,0.0,0.00213216,-0.873045,-1.0,-1.0,-1.0,0.492181,1995.3,64.0,74.1,275.4,100.0,1.0
40243,252,152,-4.872937,0.377407,0.73782,0.003258,0.0,0.00256467,-0.762143,-1.0,0.399172,-1.0,0.608241,3096.4,82.8,47.6,615.4,100.0,1.0
40406,253,163,3.058754,0.2,-0.180287,0.002277,0.039465,0.00210772,-0.112499,-0.640092,0.107619,0.491215,0.638897,5181.3,86.9,51.4,566.5,100.0,1.0
40560,254,154,-4.72585,0.2,0.754689,0.00625,0.176975,0.00258628,-0.755448,-1.0,0.381388,-1.0,0.574347,2598.1,76.6,63.5,450.7,100.0,1.0
40716,255,156,2.520065,0.491098,-0.22795,0.005693,5e-06,0.00179129,-0.089177,-0.670227,0.374163,0.494006,0.626556,5066.4,84.8,55.2,651.9,100.0,1.0
40882,256,166,-4.201016,1.0,0.772307,0.012518,0.0,0.00266264,-0.871235,-1.0,-0.492409,-1.0,0.687977,2599.5,93.5,55.4,370.5,100.0,1.0
41043,257,161,-4.706615,0.466256,0.675021,0.004743,0.0,0.0024542,-0.75055,-1.0,0.455271,-1.0,0.584309,2281.6,80.7,32.1,459.8,100.0,1.0
41197,258,154,-4.769017,0.308227,-0.526334,0.0,0.0,0.00256162,-0.818861,-1.0,-0.275134,-1.0,0.565392,3212.1,78.7,24.0,272.5,100.0,1.0
41354,259,157,-4.712045,0.3406,0.811942,0.036161,0.0,0.00255818,-0.775631,-1.0,-0.029193,-1.0,0.490848,3115.2,66.0,47.6,404.1,100.0,1.0
41515,260,161,4.755046,0.582138,-0.192438,0.010281,0.0,0.00212628,0.016456,-0.660673,0.25977,0.730667,0.546479,5102.8,73.7,50.8,426.1,100.0,1.0
41672,261,157,-5.518942,0.2,-0.26624,0.013001,0.052664,0.00174943,-0.690654,-0.710365,0.346939,-1.0,0.591026,4913.5,80.8,42.2,844.2,100.0,1.0
41836,262,164,-3.452198,0.490554,-0.30744,0.013928,0.0,0.00277072,-0.715838,-0.843693,0.249552,-1.0,0.519482,4405.5,69.4,56.2,394.8,100.0,1.0
41992,263,156,-4.352037,0.907906,0.741916,0.00223,0.0,0.00276183,-0.83504,-1.0,-0.504309,-1.0,0.538438,1808.5,72.8,47.9,290.4,100.0,1.0
42158,264,166,-6.123104,0.2,-0.101968,0.005166,5.5e-05,0.00176636,-0.765332,-0.758091,-0.249207,-1.0,0.603556,4731.7,80.9,62.3,644.3,100.0,1.0
42318,265,160,-6.016866,0.427382,-0.416745,0.0,0.0,0.00188333,-0.866575,-1.0,-0.716121,-1.0,0.579851,2897.8,78.9,46.2,631.6,100.0,1.0
42482,266,164,6.812189,0.2,-0.036021,0.0,0.08463,0.00175036,0.227107,-0.382742,0.696715,0.992019,0.574747,6161.8,77.3,55.7,789.8,100.0,1.0
42639,267,157,-6.353105,0.920602,-0.402318,0.006235,9e-06,0.00176696,-0.82322,-1.0,-0.425216,-1.0,0.522793,3444.3,69.6,59.1,542.5,100.0,1.0
42802,268,163,3.731908,0.2,-0.29771,0.0,0.043915,0.00222316,-0.080921,-0.547726,0.15997,0.515445,0.664659,5533.2,91.3,42.8,540.1,100.0,1.0
42963,269,161,-4.82936,0.990174,-0.114355,0.01189,0.0,0.00224855,-0.726243,-0.763624,-0.114462,-1.0,0.495564,4710.6,65.6,60.4,472.1,100.0,1.0
43118,270,155,-4.131882,0.2,0.745892,0.002762,0.0,0.00286703,-0.855971,-1.0,-0.487468,-1.0,0.628895,2583.5,85.9,46.1,582.4,100.0,1.0
43279,271,161,-5.245591,0.2,0.652838,0.005945,0.029511,0.00223921,-0.915483,-1.0,-1.0,-1.0,0.661932,1718.4,92.0,29.5,653.2,100.0,1.0
43440,272,161,-4.168592,0.723954,-0.33043,0.002288,0.0,0.0027457,-0.828842,-1.0,-0.567479,-1.0,0.488378,3200.1,63.4,74.0,432.2,100.0,1.0
43599,273,159,-4.919816,0.396272,0.63479,0.001459,4.1e-05,0.00243159,-0.896114,-1.0,-1.0,-1.0,0.584456,1069.2,80.4,36.5,539.8,100.0,1.0
43760,274,161,-4.699878,1.0,0.61755,0.003236,4e-06,0.00251848,-0.869704,-1.0,-0.459901,-1.0,0.694857,1802.6,95.8,40.8,606.1,100.0,1.0
43921,275,161,-6.644841,0.844694,-0.190781,0.0206,0.0,0.00153585,-0.749882,-0.903439,0.141307,-1.0,0.552612,4177.9,73.2,67.4,626.5,100.0,1.0
44079,276,158,-6.067588,0.345354,-0.459319,0.001267,0.0,0.00188334,-0.825077,-1.0,-0.327248,-1.0,0.569408,3249.0,78.2,36.6,330.2,100.0,1.0
44235,277,156,-5.577509,0.878361,-0.362013,0.001705,0.0,0.00215803,-0.824072,-1.0,-0.46094,-1.0,0.511911,3126.8,67.6,64.1,305.1,100.0,1.0
44402,278,167,6.221647,0.2,-0.028334,0.00791,1e-06,0.00164827,0.194885,-0.314896,0.709763,0.890268,0.613896,6420.2,84.9,32.5,688.4,100.0,1.0
44566,279,164,-3.78921,0.907179,-0.317062,0.015626,0.0,0.00287487,-0.766719,-0.875089,0.096234,-1.0,0.630279,4285.9,84.0,70.3,348.3,100.0,1.0
44725,280,159,-7.146671,0.2,-0.282139,0.002793,0.279588,0.00135476,-0.848617,-1.0,-0.548949,-1.0,0.57489,3395.3,79.8,27.3,1027.2,100.0,1.0
44881,281,156,-4.772183,0.49314,0.73262,0.0,0.0,0.00255378,-0.770274,-1.0,0.399141,-1.0,0.640752,2819.6,87.7,44.8,481.7,100.0,1.0
45033,282,152,6.508566,0.49591,-0.235802,0.0,0.0,0.00212787,0.168651,-0.659085,0.603469,0.984243,0.482486,5108.9,64.4,53.2,559.7,100.0,1.0
45193,283,160,-5.035343,0.664551,0.627853,0.0,0.0,0.00236648,-0.902338,-1.0,-1.0,-1.0,0.60935,1807.3,84.3,32.4,456.8,100.0,1.0
45360,284,167,-4.096252,0.291159,0.685342,0.001061,0.0,0.00268654,-0.800456,-1.0,0.039136,-1.0,0.61748,1493.2,84.5,43.1,872.6,100.0,1.0
45513,285,153,-4.077528,0.522175,0.769375,0.002012,0.0,0.00295161,-0.778537,-1.0,0.297666,-1.0,0.633216,2800.9,88.4,24.2,450.2,100.0,1.0
45666,286,153,-5.294363,-0.199401,0.66098,0.015589,0.0,0.00233354,-0.875119,-1.0,-1.0,-1.0,0.500475,1652.0,67.0,52.2,352.2,100.0,1.0
45830,287,164,4.399802,0.783739,-0.124535,0.0,0.0,0.00187447,0.025922,-0.498054,0.189953,0.712262,0.613859,5722.4,83.6,48.3,574.5,100.0,1.0
45990,288,160,-5.513744,0.349173,-0.006432,0.0,0.0,0.0017197,-0.692418,-0.741717,0.310226,-1.0,0.552045,4794.1,74.6,49.7,782.4,100.0,1.0
46150,289,160,7.37298,0.976425,-0.124489,0.003318,0.0,0.00192637,0.249319,-0.27256,0.573166,1.0,0.55943,6581.5,76.5,39.8,564.4,100.0,1.0
46317,290,167,-5.805828,0.558686,-0.44624,0.0,0.0,0.00190408,-0.828217,-1.0,-0.199545,-1.0,0.63305,3513.1,87.7,32.4,781.4,100.0,1.0
46476,291,159,1.490955,0.307167,-0.279012,0.0,0.0,0.00171145,-0.159319,-0.672214,0.083954,0.408021,0.651477,5058.9,89.8,37.9,653.0,100.0,1.0
46636,292,160,-3.607025,0.2,-0.296195,0.001181,0.000516,0.00300401,-0.754296,-0.923433,-0.056297,-1.0,0.47123,4101.7,60.6,78.8,337.9,100.0,1.0
46797,293,161,-4.966884,0.807486,0.6,0.01711,0.0,0.00238776,-0.900595,-1.0,-1.0,-1.0,0.602378,1182.7,82.8,38.0,408.7,100.0,1.0
46959,294,162,-4.915773,1.0,-0.283756,0.016365,0.0,0.00218003,-0.725105,-0.896239,0.24579,-1.0,0.502499,4205.3,67.7,47.1,504.6,100.0,1.0
47125,295,166,-4.656245,0.720164,0.701345,0.004768,0.0,0.00245748,-0.851779,-1.0,-0.502459,-1.0,0.606131,2507.0,82.6,46.6,393.4,100.0,1.0
47285,296,160,-4.857981,1.0,-0.21733,0.001385,0.0,0.00194859,-0.679158,-0.735216,0.482981,-1.0,0.574607,4818.8,79.1,35.2,463.8,100.0,1.0
47443,297,158,-4.661361,1.0,0.634416,0.0,0.0,0.00258426,-0.892066,-1.0,-1.0,-1.0,0.568266,2008.3,77.2,47.0,335.9,100.0,1.0
47608,298,165,-5.482407,0.685994,-0.401171,0.0,0.0,0.00208011,-0.860441,-1.0,-0.485222,-1.0,0.647677,3419.1,87.8,54.8,388.7,100.0,1.0
47759,299,151,-5.344751,0.323025,0.685821,0.0,0.0,0.00234823,-0.821753,-1.0,-0.203812,-1.0,0.605488,2267.1,82.5,47.0,653.0,100.0,1.0
47916,300,157,-5.01577,0.360434,-0.259365,0.020623,0.000107,0.00240575,-0.796615,-1.0,0.255538,-1.0,0.688673,3667.8,94.7,43.2,527.9,100.0,1.0
48080,301,164,-5.772518,0.457933,-0.105551,0.0,1.7e-05,0.0018465,-0.739703,-0.703623,-0.189977,-1.0,0.579198,4939.2,80.1,30.8,654.8,100.0,1.0
48242,302,162,-5.108012,1.0,-0.26809,0.019917,0.0,0.00230216,-0.836293,-0.946393,-0.384614,-1.0,0.644933,4014.2,89.0,37.0,427.6,100.0,1.0
48404,303,162,7.641773,1.0,-0.075392,0.0,0.0,0.00188644,0.272387,-0.264831,0.85995,1.0,0.589601,6611.0,81.4,32.7,545.9,100.0,1.0
48560,304,156,-5.995493,0.531683,-0.319878,0.018251,0.0,0.00194777,-0.78499,-1.0,0.024204,-1.0,0.549641,3767.7,74.5,46.5,451.7,100.0,1.0
48720,305,160,-4.856779,0.665696,0.6,0.01731,0.000147,0.00245126,-0.911354,-1.0,-1.0,-1.0,0.645417,1352.4,89.1,36.0,479.0,100.0,1.0
48874,306,154,-6.588091,0.524839,-0.411786,0.0,4e-06,0.00168221,-0.874866,-1.0,-0.886944,-1.0,0.544686,2406.3,74.1,43.4,642.5,100.0,1.0
49033,307,159,-4.551611,0.209388,0.719995,0.0,0.0,0.00260546,-0.789517,-1.0,0.120176,-1.0,0.606139,2359.4,82.2,50.8,347.1,100.0,1.0
49194,308,161,-3.514828,0.388748,0.731506,0.007065,8.1e-05,0.00306608,-0.899936,-1.0,-0.681345,-1.0,0.727206,1638.2,106.2,45.3,327.3,100.0,1.0
49354,309,160,-6.32722,0.298283,-0.361933,0.010044,0.00721,0.00174187,-0.839922,-1.0,-0.476598,-1.0,0.56905,3479.2,76.7,53.4,607.6,100.0,1.0
49508,310,154,-5.969385,0.69139,-0.329137,0.0,0.0,0.00199547,-0.835249,-1.0,-0.458308,-1.0,0.557671,3583.2,76.2,40.9,469.9,100.0,1.0
49672,311,164,-5.022265,0.2,-0.250001,0.002123,0.064008,0.00186299,-0.686303,-0.782526,0.848291,-1.0,0.702003,4638.6,96.8,40.3,820.4,100.0,1.0
49833,312,161,-4.518296,0.427634,0.647713,0.005299,0.0,0.00259748,-0.907303,-1.0,-1.0,-1.0,0.629213,1450.1,86.1,44.1,453.7,100.0,1.0
49989,313,156,-5.162917,1.0,0.699218,0.0,0.0,0.00238267,-0.827203,-1.0,-0.385766,-1.0,0.554504,1991.5,75.3,45.4,553.5,100.0,1.0
50146,314,157,-2.637756,1.0,0.732513,0.014514,0.0,0.00356434,-0.761109,-1.0,-0.056921,-1.0,0.421669,2773.7,53.8,75.6,163.8,100.0,1.0
50310,315,164,-4.487116,1.0,0.6,0.011607,0.0,0.00258248,-0.907872,-1.0,-1.0,-1.0,0.631487,1371.5,86.6,41.7,399.9,100.0,1.0
50469,316,159,-5.002016,0.2,0.812054,0.001217,0.119865,0.00240284,-0.797912,-1.0,0.127363,-1.0,0.642592,3131.5,87.0,56.1,538.2,100.0,1.0
50636,317,167,-4.907275,1.0,-0.092486,0.0,0.0,0.00198235,-0.704099,-0.727257,0.299563,-1.0,0.608965,4849.2,83.3,42.8,426.2,100.0,1.0
50801,318,165,5.465475,0.509467,-0.139458,0.0,0.0,0.00219301,0.053482,-0.463673,0.573735,0.679803,0.639577,5853.4,87.1,49.6,553.5,100.0,1.0
50962,319,161,-5.798965,0.681474,0.698156,0.017312,0.0,0.00200444,-0.897937,-1.0,-0.870886,-1.0,0.643395,2269.9,87.6,49.9,575.2,100.0,1.0
51124,320,162,6.748267,0.203868,-0.147861,0.0,0.006271,0.00191835,0.20166,-0.331218,0.576181,0.942546,0.600688,6358.1,81.8,46.5,769.7,100.0,1.0
51279,321,155,-5.116965,0.258795,-0.168985,0.01724,0.012939,0.001783,-0.664626,-0.781429,0.636542,-1.0,0.531693,4642.8,73.5,28.5,534.8,100.0,1.0
51438,322,159,-3.87699,0.718139,0.714053,0.0,1.8e-05,0.00294578,-0.8028,-1.0,0.17889,-1.0,0.682758,3332.2,93.5,46.7,370.3,100.0,1.0
51599,323,161,-4.977538,1.0,-0.259851,0.0,0.0,0.00214924,-0.724007,-0.728958,-0.047606,-1.0,0.548029,4842.7,74.4,44.9,515.1,100.0,1.0
51760,324,161,-6.449677,0.629546,-0.402122,0.006152,0.0,0.00168222,-0.827545,-1.0,-0.251091,-1.0,0.609744,3601.6,83.8,38.5,632.9,100.0,1.0
51920,325,160,-4.873394,0.2,-0.284514,0.008282,0.008645,0.00190725,-0.675061,-0.759108,0.559529,-1.0,0.564947,4727.8,76.5,49.7,540.8,100.0,1.0
52083,326,163,-4.598253,0.2,0.648846,0.002157,0.0,0.00252644,-0.886789,-1.0,-1.0,-1.0,0.547157,1300.5,74.8,39.7,636.8,100.0,1.0
52245,327,162,-4.893098,0.437543,0.643442,0.0,0.0,0.00240994,-0.919974,-1.0,-1.0,-1.0,0.679896,1539.5,92.0,59.4,378.7,100.0,1.0
52405,328,160,7.732872,0.250838,-0.004812,0.001153,7.5e-05,0.00193227,0.277833,-0.095544,0.552003,1.0,0.613926,7256.0,82.4,61.3,516.3,100.0,1.0
52572,329,167,-4.759001,0.325779,0.744008,0.0,0.0,0.0023963,-0.820906,-1.0,0.084515,-1.0,0.717432,3108.7,99.7,32.8,638.0,100.0,1.0
52726,330,154,-5.043788,0.430844,0.60973,0.007662,1.3e-05,0.00245903,-0.899097,-1.0,-1.0,-1.0,0.596389,1044.0,80.7,52.9,419.4,100.0,1.0
52885,331,159,-6.632035,0.278996,-0.395349,0.004367,0.0,0.00160881,-0.762736,-0.80241,0.118989,-1.0,0.69613,4562.8,96.3,37.3,701.3,100.0,1.0
53050,332,165,-5.427016,0.545908,0.69083,0.01726,6e-06,0.00212251,-0.85774,-1.0,-0.419037,-1.0,0.663344,3210.9,90.4,50.5,425.8,100.0,1.0
53207,333,157,-2.205472,1.0,0.796542,0.0,0.0,0.00322154,-0.674006,-1.0,0.914938,-1.0,0.462,3499.6,62.8,36.8,244.1,100.0,1.0
53366,334,159,-5.897608,1.0,-0.293086,0.0,0.0,0.00197821,-0.767197,-0.898041,0.05431,-1.0,0.592473,4198.5,80.2,52.1,398.0,100.0,1.0
53522,335,156,-5.610056,1.0,0.656266,0.0,0.0,0.00216783,-0.885699,-1.0,-1.0,-1.0,0.542797,1880.3,74.6,34.7,463.4,100.0,1.0
53683,336,161,-5.177881,0.660523,0.659083,0.000386,3e-06,0.00229726,-0.902268,-1.0,-1.0,-1.0,0.609071,1955.9,83.6,39.5,549.8,100.0,1.0
53846,337,163,-6.408731,0.350083,-0.334145,0.000872,3e-06,0.00167722,-0.826142,-0.99642,-0.370223,-1.0,0.560059,3823.6,75.0,58.1,860.8,100.0,1.0
54006,338,160,-4.983143,0.574676,-0.336541,0.001783,3e-05,0.00239051,-0.802657,-1.0,-0.241606,-1.0,0.513987,3662.0,69.2,49.2,346.8,100.0,1.0
54165,339,159,-5.339001,0.408476,0.714738,0.0,2e-06,0.00224583,-0.858938,-1.0,-0.467972,-1.0,0.648562,2171.8,87.6,59.2,446.1,100.0,1.0
54326,340,161,-6.703933,0.207093,0.68875,0.0,2e-06,0.00156931,-0.87273,-1.0,-0.571299,-1.0,0.662401,2763.5,91.7,34.7,1196.8,100.0,1.0
54489,341,163,6.154515,0.416391,-0.033237,0.0,0.0,0.00211391,0.12323,-0.556784,0.36686,0.901265,0.539065,5498.7,72.3,54.9,548.5,100.0,1.0
54651,342,162,-4.653099,1.0,0.744966,0.009639,0.0,0.00253721,-0.876394,-1.0,-0.558984,-1.0,0.681984,2749.7,92.3,60.0,636.7,100.0,1.0
54813,343,162,-6.332084,0.328599,-0.428913,0.015605,0.0,0.00172154,-0.845869,-1.0,-0.439252,-1.0,0.607775,2980.4,81.2,65.7,706.7,100.0,1.0
54969,344,156,-5.30753,0.2,-0.248127,0.005829,0.023132,0.00192469,-0.703517,-0.907621,0.686168,-1.0,0.580916,4162.0,78.4,53.5,444.8,100.0,1.0
55134,345,165,-5.868666,0.273564,0.693512,0.001233,0.0,0.00191574,-0.912585,-1.0,-1.0,-1.0,0.650342,1899.1,90.3,30.9,690.3,100.0,1.0
55293,346,159,-6.161883,0.485586,0.664896,0.003022,0.000172,0.00185239,-0.884543,-1.0,-0.904443,-1.0,0.576393,2216.3,78.3,47.5,574.7,100.0,1.0
55451,347,158,-5.954702,0.485087,-0.341892,0.003495,0.0,0.00195096,-0.779492,-0.998261,0.203852,-1.0,0.601248,3816.6,81.9,46.3,445.3,100.0,1.0
55618,348,167,-4.978352,0.815088,-0.314964,0.016931,1e-06,0.00216569,-0.739939,-0.829539,0.483137,-1.0,0.72347,4459.5,107.6,39.1,768.5,100.0,1.0
55779,349,161,-4.95139,0.491737,0.657285,0.001441,0.0,0.00239985,-0.896937,-1.0,-1.0,-1.0,0.58775,1329.3,80.5,40.4,970.0,100.0,1.0
55939,350,160,-5.39993,0.2,-0.259159,0.032522,0.0,0.00208034,-0.743254,-0.729856,-0.119298,-1.0,0.59544,4839.2,80.3,55.9,516.0,100.0,1.0
56100,351,161,-4.077768,1.0,0.632291,0.007414,0.0,0.00282342,-0.888532,-1.0,-1.0,-1.0,0.554126,1191.5,75.8,38.6,448.1,100.0,1.0
56255,352,155,-3.546192,0.692252,0.701555,0.001285,0.0,0.00287554,-0.715663,-1.0,0.70008,-1.0,0.542685,3752.1,74.6,34.3,344.6,100.0,1.0
56419,353,164,7.809344,0.776559,-0.185097,0.005207,0.0,0.00211139,0.247221,-0.357257,0.782035,1.0,0.566671,6258.9,76.6,51.0,550.0,100.0,1.0
56581,354,162,-3.916462,0.675303,-0.302147,0.0,0.0,0.00214872,-0.645556,-0.741297,0.649428,-1.0,0.500698,4795.7,67.1,52.1,361.0,100.0,1.0
56736,355,155,-5.631034,0.988897,0.692412,0.004056,0.0,0.00217102,-0.878706,-1.0,-0.93297,-1.0,0.541637,1437.2,74.3,35.8,684.0,100.0,1.0
56896,356,160,-3.268063,0.355809,0.727931,4.9e-05,0.0,0.00297233,-0.72442,-1.0,0.569032,-1.0,0.525292,3384.2,69.3,66.7,389.3,100.0,1.0
57062,357,166,-5.764707,0.783728,-0.413075,0.0,0.0,0.00195004,-0.8595,-1.0,-0.813878,-1.0,0.512447,3143.5,69.6,42.6,334.4,100.0,1.0
57223,358,161,-2.910957,1.0,0.732324,0.020546,0.0,0.00303974,-0.711296,-1.0,0.787757,-1.0,0.560286,2602.2,76.4,42.3,523.7,100.0,1.0
57387,359,164,5.209912,0.2,0.026794,0.0,0.110314,0.00225581,0.026191,-0.415538,0.932172,0.540851,0.717928,6036.8,97.9,53.8,597.0,100.0,1.0
57545,360,158,-6.032704,0.556807,-0.368986,0.0,0.0,0.00191581,-0.850949,-1.0,-0.440053,-1.0,0.627775,3713.2,84.9,56.3,542.5,100.0,1.0
57709,361,164,-5.781999,1.0,-0.325161,0.008851,0.0,0.00197163,-0.876351,-1.0,-0.571421,-1.0,0.676835,3597.3,93.6,36.0,689.6,100.0,1.0
57875,362,166,-6.767727,0.283185,-0.37792,0.007104,0.000114,0.00148102,-0.898285,-1.0,-0.665615,-1.0,0.726894,3243.3,104.0,44.8,658.1,100.0,1.0
58031,363,156,-5.858113,0.2,0.745101,0.0,0.106498,0.00203072,-0.90068,-1.0,-0.775273,-1.0,0.692613,2545.9,95.6,39.1,731.8,100.0,1.0
58194,364,163,-5.983093,0.2,-0.160283,0.003671,0.053755,0.00153362,-0.704753,-0.852576,0.503987,-1.0,0.568031,4371.7,77.9,38.2,680.4,100.0,1.0
58349,365,155,-5.677589,0.2,-0.431215,0.007762,0.034165,0.00188172,-0.723087,-0.977251,0.578313,-1.0,0.546424,3896.7,73.8,49.7,427.9,100.0,1.0
58516,366,167,-3.541002,0.655226,0.691905,1.5e-05,6.1e-05,0.00296024,-0.84808,-1.0,-0.181775,-1.0,0.719612,3027.3,111.9,32.7,464.2,100.0,1.0
58683,367,167,2.984781,0.565777,-0.063499,0.002341,8e-06,0.00167912,-0.053378,-0.571317,0.052531,0.597282,0.618858,5443.3,85.2,37.5,742.8,100.0,1.0
58844,368,161,-5.930557,0.706651,-0.471137,0.0,0.0,0.00192988,-0.826834,-1.0,-0.071491,-1.0,0.678739,3763.9,92.7,49.4,568.7,100.0,1.0
58996,369,152,-4.920717,0.728035,-0.344511,0.002312,3e-06,0.00255118,-0.762211,-1.0,0.287625,-1.0,0.563896,3720.8,77.5,36.1,449.2,100.0,1.0
59156,370,160,5.71807,0.95132,-0.114308,0.019357,0.0,0.00165273,0.170037,-0.545283,0.959591,0.864533,0.541657,5542.5,74.3,35.8,502.9,100.0,1.0
59317,371,161,-5.540111,0.217079,-0.274573,0.010975,0.013231,0.002084,-0.756371,-0.814997,-0.092283,-1.0,0.573575,4514.9,77.3,54.6,741.2,100.0,1.0
59477,372,160,-5.664254,0.440047,-0.463512,0.0,2.2e-05,0.00206127,-0.879527,-1.0,-0.882398,-1.0,0.565148,2597.6,77.6,36.4,446.4,100.0,1.0
59636,373,159,-6.311765,0.351474,-0.339603,0.0,0.00013,0.00176513,-0.761231,-0.741844,0.053479,-1.0,0.72447,4793.6,106.4,40.8,725.1,100.0,1.0
59796,374,160,2.713779,0.236847,-0.28414,0.012908,0.01644,0.00155272,-0.042312,-0.647806,0.390856,0.573927,0.596069,5151.9,81.8,38.8,962.4,100.0,1.0
59956,375,160,-4.579223,0.518644,0.6,0.001773,0.0,0.00258891,-0.918054,-1.0,-0.886585,-1.0,0.717581,1645.2,99.7,32.8,367.3,100.0,1.0
60112,376,156,1.523214,0.664198,-0.083271,0.004027,0.0,0.00194159,-0.187161,-0.676481,-0.267653,0.424142,0.643729,5042.6,88.5,40.1,608.6,100.0,1.0
60269,377,157,5.734176,0.398171,-0.224856,0.000779,1.6e-05,0.00263549,0.02112,-0.64511,0.045062,0.786563,0.546934,5162.1,72.2,68.8,512.5,100.0,1.0
60426,378,157,-6.196615,0.77687,-0.412459,0.005445,0.0,0.00184891,-0.832794,-1.0,-0.284696,-1.0,0.617297,3754.5,84.7,40.7,397.8,100.0,1.0
60586,379,160,2.942743,0.47119,-0.201216,0.0,2.6e-05,0.00197582,-0.092957,-0.650989,1.0,0.354362,0.68782,5139.7,94.9,39.5,827.0,100.0,1.0
60748,380,162,-2.467261,1.0,0.833815,0.003095,0.000948,0.00345034,-0.747149,-0.960036,0.480086,-1.0,0.620597,3962.3,85.5,36.5,275.2,100.0,1.0
60908,381,160,-4.574916,0.702878,0.671816,0.0,0.0,0.00259688,-0.892703,-1.0,-0.797282,-1.0,0.6519,1676.7,89.6,40.7,506.1,100.0,1.0
61062,382,154,-5.694738,0.2,0.695723,0.004711,0.089508,0.00213502,-0.812793,-1.0,-0.06231,-1.0,0.626249,1775.1,86.7,32.8,720.5,100.0,1.0
61221,383,159,-5.286806,0.509595,0.698096,0.003067,0.0,0.00227042,-0.87934,-1.0,-0.62544,-1.0,0.667186,1832.7,92.1,37.4,800.8,100.0,1.0
61386,384,165,7.539094,1.0,0.025869,0.013019,0.0,0.00201339,0.240117,-0.075611,0.808893,0.893774,0.717515,7331.9,96.8,66.6,453.5,100.0,1.0
61534,385,148,-4.662914,0.594755,-0.308744,0.0,0.0,0.00215821,-0.673307,-0.828406,0.759244,-1.0,0.568518,4463.8,77.5,43.2,577.8,100.0,1.0
61694,386,160,-4.307465,0.516595,-0.379012,0.007018,0.0,0.0027055,-0.810319,-1.0,-0.129199,-1.0,0.589598,3739.8,81.1,36.0,335.1,100.0,1.0
61852,387,158,-5.150349,1.0,-0.187647,0.008094,0.0,0.0021725,-0.734412,-0.850352,-0.057496,-1.0,0.464298,4380.2,60.3,69.9,380.0,100.0,1.0
62006,388,154,-3.045348,0.2,0.785626,0.001354,0.282427,0.00315724,-0.718173,-1.0,0.89728,-1.0,0.631606,3398.2,87.5,32.2,635.6,100.0,1.0
62171,389,165,4.284463,0.201325,-0.076725,0.0,0.0,0.00208704,-0.018841,-0.53472,0.355332,0.59677,0.63761,5582.7,87.4,42.9,564.5,100.0,1.0
62328,390,157,5.084489,0.344072,-0.146251,0.002013,0.0,0.0025683,-0.017236,-0.671324,0.830678,0.545331,0.602421,5062.3,81.9,48.6,580.9,100.0,1.0
62488,391,160,-6.479175,0.796603,-0.17887,0.012119,0.0,0.0016847,-0.778394,-0.818055,-0.161079,-1.0,0.631089,4503.2,87.2,34.9,813.8,100.0,1.0
62648,392,160,2.497737,0.559724,-0.257143,0.012367,0.0,0.00200163,-0.130701,-0.66367,0.015137,0.475602,0.626151,5091.4,86.3,37.2,471.2,100.0,1.0
62802,393,154,5.647147,1.0,-0.080241,0.0,1e-05,0.00248459,0.045484,-0.537769,0.552525,0.684297,0.596181,5571.1,82.7,28.9,370.4,100.0,1.0
62960,394,158,-5.408288,0.463461,0.654522,0.004102,0.0,0.00222072,-0.914044,-1.0,-0.933384,-1.0,0.682824,2021.7,92.7,56.0,507.4,100.0,1.0
63119,395,159,-5.124214,0.2,-0.349509,0.000846,0.158603,0.00213615,-0.728203,-0.825831,0.341583,-1.0,0.623615,4473.6,86.1,34.6,605.4,100.0,1.0
63282,396,163,-5.138496,0.2,0.687626,0.000104,7.3e-05,0.00227297,-0.873977,-1.0,-0.573739,-1.0,0.666412,1403.3,92.5,31.8,416.3,100.0,1.0
63443,397,161,-6.667063,1.0,-0.149964,0.0,0.0,0.00158905,-0.800765,-0.859161,-0.212208,-1.0,0.659017,4346.6,90.3,44.8,746.8,100.0,1.0
63600,398,157,-6.345759,0.673682,-0.367484,0.000196,8e-06,0.00177456,-0.917317,-1.0,-0.88603,-1.0,0.714855,3034.6,104.3,24.8,591.1,100.0,1.0
63762,399,162,-5.830542,0.2,-0.341082,0.004884,0.221233,0.00194913,-0.791454,-1.0,0.107296,-1.0,0.608735,3772.9,84.4,29.8,632.8,100.0,1.0
63932,400,170,-6.083139,0.2,-0.296605,0.0,0.035937,0.0017469,-0.818874,-0.816265,-0.351385,-1.0,0.718675,4510.0,104.1,31.1,1101.3,100.0,1.0
64091,401,159,-4.089782,0.122361,0.720672,0.006144,0.0,0.00282929,-0.813205,-1.0,-0.046825,-1.0,0.634089,3182.0,87.7,33.9,332.4,100.0,1.0
64252,402,161,-6.059627,0.2,-0.338535,0.006582,0.0,0.00185604,-0.863235,-1.0,-0.529362,-1.0,0.641193,3313.5,88.3,38.7,589.1,100.0,1.0
64417,403,165,6.518139,0.2,-0.025518,0.002052,0.106341,0.00240489,0.097592,-0.514428,0.833089,0.732324,0.600157,5660.0,81.7,47.3,585.5,100.0,1.0
64577,404,160,-5.967048,-0.050388,-0.285746,0.013144,0.0,0.00167309,-0.72023,-0.859534,0.33768,-1.0,0.556459,4345.2,74.3,60.3,433.4,100.0,1.0
64738,405,161,6.326939,0.469625,-0.187353,0.0,0.0,0.00221921,0.122383,-0.458588,0.391919,0.863237,0.589827,5872.8,78.8,63.7,386.4,100.0,1.0
64896,406,158,-4.900375,0.464707,-0.309594,0.011949,1.9e-05,0.00245212,-0.787266,-0.841528,-0.002342,-1.0,0.706598,4413.8,97.6,38.7,559.2,100.0,1.0
65056,407,160,4.684966,0.476245,-0.257684,0.0,0.0,0.0022718,-0.008294,-0.50407,0.63515,0.553748,0.669164,5699.5,91.7,45.4,527.9,100.0,1.0
65219,408,163,3.845903,0.509601,-0.193149,0.000278,2e-06,0.00200743,-0.035778,-0.623457,0.976369,0.461624,0.648802,5244.6,89.7,34.8,595.0,100.0,1.0
65376,409,157,-3.732635,0.377707,0.6,0.000851,5.3e-05,0.00303896,-0.91555,-1.0,-0.938116,-1.0,0.686953,814.3,95.8,27.0,418.6,100.0,1.0
65532,410,156,-4.820881,0.728132,-0.168544,0.019473,1.2e-05,0.0021136,-0.695222,-0.887173,0.522249,-1.0,0.502614,4239.9,67.7,47.8,462.8,100.0,1.0
65686,411,154,-3.645482,0.164216,0.6,0.001956,0.0,0.00313907,-0.895336,-1.0,-0.943801,-1.0,0.603822,1600.0,83.8,28.3,440.5,100.0,1.0
65845,412,159,-6.273218,0.748885,-0.173096,0.0,1.3e-05,0.00179249,-0.761022,-0.755743,-0.256185,-1.0,0.585872,4740.6,80.8,33.7,678.2,100.0,1.0
66009,413,164,-4.89167,0.848753,-0.264676,0.0,0.0,0.00237761,-0.868459,-1.0,-0.633192,-1.0,0.620558,3432.0,81.9,79.2,355.3,100.0,1.0
66169,414,160,-4.28944,0.713142,-0.09677,0.0,0.0,0.00198082,-0.642364,-0.717729,0.804087,-1.0,0.573362,4885.5,78.1,44.8,451.2,100.0,1.0
66322,415,153,2.931623,0.278035,-0.25074,0.0,0.021885,0.00196664,-0.078487,-0.550965,0.40462,0.474638,0.684251,5520.8,93.6,48.5,412.4,100.0,1.0
66483,416,161,-5.394943,0.577371,0.6,0.004683,1.6e-05,0.00218746,-0.917772,-1.0,-1.0,-1.0,0.671087,1230.8,92.6,37.9,631.1,100.0,1.0
66644,417,161,-3.050379,1.0,-0.126419,0.011937,0.0,0.00276191,-0.676358,-0.755209,0.398797,-1.0,0.509741,4742.7,68.6,49.6,261.0,100.0,1.0
66799,418,155,-5.621668,0.417916,-0.168271,0.005059,1.8e-05,0.00190647,-0.721837,-0.77571,0.296942,-1.0,0.630416,4664.5,86.0,47.6,597.3,100.0,1.0
66966,419,167,7.900753,0.354326,-0.027327,0.0,0.0,0.00201014,0.263206,-0.161579,0.577556,1.0,0.616618,7004.4,83.8,49.6,434.7,100.0,1.0
67123,420,157,-5.132069,0.267709,0.714293,0.001137,1.5e-05,0.00236393,-0.866538,-1.0,-0.364926,-1.0,0.720181,2932.3,98.9,46.6,423.3,100.0,1.0
67283,421,160,5.44614,0.2,-0.053615,0.008819,0.0,0.00194475,0.10147,-0.244949,0.105305,0.802823,0.675809,6686.7,92.7,44.5,730.1,100.0,1.0
67438,422,155,-4.160974,1.0,0.671399,0.008181,0.0,0.00288353,-0.819181,-1.0,-0.355909,-1.0,0.534361,2058.1,73.9,28.9,243.0,100.0,1.0
67601,423,163,-2.924442,1.0,-0.415442,0.0,0.0,0.00305626,-0.720589,-0.888343,0.351533,-1.0,0.534626,4235.4,71.5,56.8,333.5,100.0,1.0
67759,424,158,-5.265517,0.36084,0.764684,0.005261,2.9e-05,0.00228963,-0.858654,-1.0,-0.296765,-1.0,0.715909,2521.6,100.0,26.6,679.4,100.0,1.0
67923,425,164,3.619833,0.2,-0.089211,0.018039,0.010636,0.00159632,0.012716,-0.494904,0.494744,0.62203,0.647377,5734.4,88.4,47.8,527.6,100.0,1.0
68083,426,160,3.733137,0.496666,-0.037827,0.002018,2.7e-05,0.00153298,0.037556,-0.524433,0.319797,0.716741,0.600048,5621.9,81.9,44.9,815.0,100.0,1.0
68244,427,161,-5.007507,0.34137,0.686419,0.0,5e-05,0.00236316,-0.837059,-1.0,-0.070268,-1.0,0.720129,2841.0,101.1,33.5,741.9,100.0,1.0
68411,428,167,3.635663,0.21381,-0.160402,0.004263,2e-05,0.00222175,-0.095757,-0.562411,0.071932,0.514645,0.672821,5477.2,90.4,66.7,468.8,100.0,1.0
68570,429,159,-6.297219,0.2,-0.464509,0.0,0.024962,0.00176083,-0.860399,-1.0,-0.48599,-1.0,0.647202,3325.7,89.1,39.2,614.0,100.0,1.0
68728,430,158,-5.603741,0.312548,-0.211267,0.0,0.0,0.00180298,-0.709087,-0.688622,0.233977,-1.0,0.641318,4996.4,88.8,32.9,1021.8,100.0,1.0
68889,431,161,8.70272,1.0,-0.271653,0.0,0.0,0.00260866,0.238602,-0.413646,0.765684,1.0,0.538221,6044.0,71.7,61.0,320.6,100.0,1.0
69051,432,162,5.029794,0.398725,-0.069199,0.024084,0.0,0.00245732,-0.017534,-0.534275,-0.1792,0.711875,0.603182,5584.4,81.6,53.8,343.0,100.0,1.0
69215,433,164,-6.482319,1.0,-0.424276,0.0,0.0,0.00163823,-0.841858,-1.0,-0.324917,-1.0,0.637466,2982.0,88.1,34.5,811.0,100.0,1.0
69377,434,162,-4.318363,0.968788,0.713704,0.0,0.0,0.00268184,-0.82455,-1.0,0.038261,-1.0,0.713506,3220.4,98.9,35.4,427.4,100.0,1.0
69542,435,165,-3.214774,0.563919,-0.391133,0.005506,0.0,0.00284244,-0.712906,-0.871966,0.491246,-1.0,0.576157,4297.8,77.7,53.2,464.6,100.0,1.0
69699,436,157,-5.87731,0.2,-0.321367,0.001244,6e-06,0.00198829,-0.791601,-0.791362,-0.276813,-1.0,0.664316,4604.9,92.4,29.1,595.1,100.0,1.0
69859,437,160,-4.130548,0.376367,0.706259,0.003197,6.9e-05,0.00279449,-0.808396,-1.0,-0.097031,-1.0,0.594773,2184.1,81.4,41.6,557.8,100.0,1.0
70015,438,156,-5.109821,0.228426,0.670883,0.003334,0.000181,0.00238869,-0.863044,-1.0,-0.779109,-1.0,0.540531,1933.7,73.9,38.8,439.8,100.0,1.0
70170,439,155,-5.046202,0.31918,0.718045,0.00653,0.000864,0.00243847,-0.932325,-1.0,-1.0,-1.0,0.729301,2295.2,100.6,48.8,377.8,100.0,1.0
70331,440,161,-6.855469,0.2,-0.28097,0.017508,0.071484,0.0014806,-0.770334,-0.928173,0.163991,-1.0,0.618761,4083.7,85.0,39.2,784.6,100.0,1.0
70486,441,155,-5.612288,0.2,0.660901,0.003902,0.0,0.00215864,-0.89297,-1.0,-0.937587,-1.0,0.596846,1274.9,81.9,39.1,727.8,100.0,1.0
70646,442,160,-4.243573,0.303651,0.783957,0.004191,0.013041,0.00258979,-0.736524,-1.0,0.761823,-1.0,0.650825,2693.7,89.5,40.4,651.3,100.0,1.0
70803,443,157,6.00976,0.85648,-0.064145,0.0,0.0,0.0023244,0.090863,-0.583593,0.520523,0.807302,0.552849,5396.5,74.6,50.5,400.7,100.0,1.0
70961,444,158,-5.748268,0.2,-0.256878,0.002192,0.118111,0.00174167,-0.711026,-0.766468,0.379353,-1.0,0.629378,4699.8,85.2,55.2,703.4,100.0,1.0
71122,445,161,-5.200642,0.532862,-0.272357,0.010571,1.5e-05,0.00226761,-0.770111,-0.696667,-0.160673,-1.0,0.71951,4965.7,98.3,52.5,583.7,100.0,1.0
71288,446,166,3.733202,0.682798,-0.161673,0.00586,0.0,0.00180936,-0.017343,-0.572774,0.262411,0.628685,0.60746,5437.7,83.5,38.6,787.9,100.0,1.0
71449,447,161,0.076687,0.2,-0.243691,0.001601,0.174629,0.00146249,-0.229514,-0.634175,-0.016874,0.27972,0.724685,5203.8,101.7,41.1,910.1,100.0,1.0
71603,448,154,3.989939,1.0,-0.072486,0.0,0.0,0.0020938,-0.020446,-0.485111,0.083744,0.638141,0.651196,5771.7,88.1,57.7,447.5,100.0,1.0
71761,449,158,-6.747203,0.364466,-0.391795,0.0,0.0,0.00156026,-0.9079,-1.0,-1.0,-1.0,0.6316,2624.6,87.4,32.8,796.1,100.0,1.0
71926,450,165,-4.228955,0.368764,-0.401823,0.008083,6e-06,0.00264876,-0.765492,-0.812669,0.122595,-1.0,0.698336,4523.7,95.2,53.5,691.5,100.0,1.0
72082,451,156,-5.975859,0.244452,0.76227,0.002628,5.2e-05,0.00196765,-0.870357,-1.0,-0.66204,-1.0,0.616612,2953.0,84.6,40.4,434.8,100.0,1.0
72238,452,156,3.22431,1.0,-0.29746,0.012003,0.0,0.00208963,-0.08189,-0.651975,0.397536,0.500859,0.635976,5136.0,85.6,61.9,348.8,100.0,1.0
72397,453,159,-5.650166,0.744806,-0.301782,0.004721,0.0,0.0020819,-0.82454,-0.8972,-0.336017,-1.0,0.666554,4201.7,91.5,43.4,498.9,100.0,1.0
72556,454,159,7.993666,0.468256,0.094095,0.017279,0.0,0.00191685,0.299844,0.039099,0.677423,1.0,0.710692,7769.0,96.6,57.4,564.7,100.0,1.0
72717,455,161,-3.721605,1.0,0.660865,0.004402,0.0,0.0029784,-0.898312,-1.0,-1.0,-1.0,0.593246,1805.9,81.1,42.5,298.1,100.0,1.0
72877,456,160,-6.359328,0.422366,-0.366724,0.030906,0.0,0.00172568,-0.804238,-0.979854,-0.041391,-1.0,0.620541,3886.8,85.1,41.1,487.3,100.0,1.0
73029,457,152,5.228247,0.292415,0.047177,0.0,0.0,0.00170258,0.136679,-0.260495,0.343806,0.835142,0.666538,6627.5,90.3,57.6,572.0,100.0,1.0
73189,458,160,-4.590682,0.419624,0.6,0.002842,0.0,0.00257224,-0.911684,-1.0,-0.900463,-1.0,0.686549,1177.2,94.3,43.9,437.9,100.0,1.0
73353,459,164,4.960353,0.734724,-0.13256,0.001677,0.0,0.00157509,0.11674,-0.292168,0.832641,0.702269,0.697558,6506.8,95.6,47.7,762.2,100.0,1.0
73511,460,158,6.816042,0.836541,-0.072631,0.000377,0.0,0.00250873,0.118709,-0.307017,0.604572,0.75547,0.668728,6450.3,91.9,42.9,523.7,100.0,1.0
73672,461,161,-6.349251,0.249458,-0.205686,0.0,0.013699,0.00171624,-0.791429,-0.784765,-0.130156,-1.0,0.728888,4630.0,105.4,48.1,585.4,100.0,1.0
73831,462,159,4.927991,0.333703,-0.054202,0.006644,7e-05,0.0017206,0.098743,-0.4115,0.176103,0.838928,0.606255,6052.2,82.3,50.5,607.1,100.0,1.0
73991,463,160,-5.252719,1.0,-0.330475,0.0,9e-06,0.00225799,-0.802791,-0.875212,-0.164978,-1.0,0.669961,4285.4,90.9,55.8,426.4,100.0,1.0
74151,464,160,-1.441204,0.680392,-0.299927,0.00976,0.0,0.00348336,-0.667236,-0.736237,0.531418,-1.0,0.545276,4814.9,73.6,50.6,317.4,100.0,1.0
74309,465,158,3.873014,0.433709,-0.126053,0.021775,4e-05,0.00184139,0.002021,-0.587312,0.070803,0.715356,0.577496,5382.3,78.4,47.3,640.8,100.0,1.0
74468,466,159,3.821609,0.669865,-0.054771,0.0,0.0,0.00201692,-0.031834,-0.539231,0.281776,0.588447,0.642329,5565.5,87.6,48.6,488.8,100.0,1.0
74633,467,165,2.745273,0.846052,-0.077953,0.0,0.0,0.0020228,-0.126351,-0.455471,-0.074755,0.446026,0.733672,5884.7,101.7,56.1,653.3,100.0,1.0
74787,468,154,-4.14195,0.313622,-0.286895,0.007098,0.036733,0.00265315,-0.721674,-0.821942,0.193532,-1.0,0.542166,4488.4,73.9,41.7,502.9,100.0,1.0
74942,469,155,-3.44719,0.726842,-0.350466,0.0,0.0,0.00278242,-0.69204,-0.88766,0.821004,-1.0,0.608902,4238.0,83.0,46.1,631.8,100.0,1.0
75106,470,164,-3.511199,0.220648,0.774922,0.003684,0.0,0.00289204,-0.740186,-1.0,0.668249,-1.0,0.628044,3093.5,86.2,41.0,349.7,100.0,1.0
75263,471,157,-4.475639,0.2,0.6,0.0,5.9e-05,0.00267214,-0.909738,-1.0,-1.0,-1.0,0.638951,1051.3,87.7,42.0,609.7,100.0,1.0
75420,472,157,-2.733688,0.345199,-0.210249,0.010816,0.0,0.00298955,-0.676678,-0.725594,0.578283,-1.0,0.612432,4855.5,82.9,53.6,256.2,100.0,1.0
75580,473,160,-5.262294,0.2,0.708743,0.005174,0.010879,0.00225411,-0.866147,-1.0,-0.485626,-1.0,0.670339,2645.1,92.1,42.4,820.4,100.0,1.0
75736,474,156,-5.78872,0.592849,0.66463,0.010593,1e-06,0.00206513,-0.932547,-1.0,-1.0,-1.0,0.73019,2333.5,103.6,50.3,602.6,100.0,1.0
75894,475,158,-5.823358,1.0,-0.536179,0.0,0.0,0.00201682,-0.894859,-1.0,-1.0,-1.0,0.579436,2242.3,79.3,41.0,368.1,100.0,1.0
76056,476,162,-4.803449,0.666597,0.6,0.002792,9e-06,0.00245069,-0.930575,-1.0,-1.0,-1.0,0.722301,938.7,112.7,37.2,503.2,100.0,1.0
76209,477,153,-6.128645,0.367574,-0.280582,0.009516,0.0,0.00182606,-0.743739,-0.74472,0.020486,-1.0,0.638431,4782.6,85.7,64.5,701.2,100.0,1.0
76370,478,161,-5.887788,0.2,-0.285985,0.0,0.030897,0.00193509,-0.902661,-1.0,-0.863545,-1.0,0.665226,3147.1,90.3,55.4,594.4,100.0,1.0
76528,479,158,-6.171856,0.2,-0.243465,0.0,0.036901,0.00158414,-0.717871,-0.759534,0.304477,-1.0,0.633739,4726.2,86.7,45.3,772.3,100.0,1.0
76690,480,162,2.371068,0.688101,-0.418013,0.001075,4e-06,0.00268817,-0.255932,-0.646253,0.270567,0.156527,0.736145,5157.8,111.5,60.2,634.2,100.0,1.0
76846,481,156,-6.450816,0.411277,-0.425722,0.005158,0.0,0.00172691,-0.835122,-1.0,-0.284475,-1.0,0.6267,3497.5,85.5,46.9,697.9,100.0,1.0
77001,482,155,-4.524566,0.768561,0.768359,0.011303,0.0,0.00270247,-0.784045,-1.0,0.19511,-1.0,0.614223,3034.0,83.2,52.6,376.6,100.0,1.0
77154,483,153,-4.27562,1.0,0.612619,0.002021,0.0,0.00286519,-0.898482,-1.0,-1.0,-1.0,0.59393,1657.2,81.0,45.2,347.7,100.0,1.0
77316,484,162,-5.529541,0.2,-0.474979,0.0,1.3e-05,0.00208982,-0.858935,-1.0,-0.273683,-1.0,0.726265,3081.4,106.5,43.8,797.4,100.0,1.0
77479,485,163,-5.917539,1.0,-0.474074,0.000209,0.0,0.00191374,-0.905166,-1.0,-0.85714,-1.0,0.677808,2841.6,92.2,54.4,570.6,100.0,1.0
77640,486,161,-4.946112,0.378984,0.738813,0.003352,0.0,0.00239644,-0.798603,-1.0,0.32974,-1.0,0.726309,2372.9,100.9,43.8,681.3,100.0,1.0
77799,487,159,-4.478898,0.2,0.793488,0.007013,0.026535,0.00264621,-0.778716,-1.0,0.538751,-1.0,0.730366,3170.9,115.8,50.6,636.6,100.0,1.0
77955,488,156,-5.754545,0.323461,-0.34553,0.0,0.0,0.00206648,-0.810836,-0.876508,-0.294944,-1.0,0.648857,4280.5,87.6,59.6,438.9,100.0,1.0
78115,489,160,-3.776069,0.201878,0.694679,0.0,0.103506,0.00296181,-0.820934,-1.0,0.066929,-1.0,0.710509,1928.4,97.3,48.6,413.5,100.0,1.0
78280,490,165,-5.586582,0.723291,-0.324035,0.003321,0.0,0.00204089,-0.800716,-0.90874,-0.194491,-1.0,0.616325,4157.7,83.4,53.9,630.9,100.0,1.0
78439,491,159,8.158951,1.0,-0.07888,0.0,0.0,0.00281356,0.171821,-0.525411,0.896494,0.883515,0.559527,5618.2,74.6,62.6,399.4,100.0,1.0
78596,492,157,-3.696789,0.690852,-0.336793,0.004253,0.0,0.00286691,-0.731163,-0.971902,0.302158,-1.0,0.473613,3917.1,63.7,46.8,297.0,100.0,1.0
78761,493,165,7.258841,0.397104,-0.033138,0.0,6.1e-05,0.00192278,0.233788,0.06731,0.685894,0.831434,0.736809,7876.5,107.5,61.3,601.8,100.0,1.0
78917,494,156,-3.707394,0.529362,0.722711,0.0,0.0,0.00303881,-0.756017,-1.0,0.444029,-1.0,0.60168,3054.8,82.3,42.6,437.9,100.0,1.0
79074,495,157,2.465335,0.2,-0.177744,0.00211,0.0,0.00206619,-0.137147,-0.625701,-0.177719,0.495864,0.645181,5236.1,87.5,54.4,553.8,100.0,1.0
79234,496,160,5.654445,0.2,-0.123304,0.0,0.040349,0.00276435,-0.013175,-0.626222,0.093738,0.696265,0.577999,5234.1,77.1,63.3,499.0,100.0,1.0
79391,497,157,2.495458,0.487002,-0.242052,0.002148,1e-06,0.00195419,-0.117361,-0.575748,0.094856,0.469036,0.682095,5426.4,92.3,59.5,669.3,100.0,1.0
79548,498,157,-6.119185,0.392019,-0.215431,0.010059,4.9e-05,0.00164224,-0.721969,-0.756792,0.103986,-1.0,0.572678,4736.6,77.1,55.2,749.2,100.0,1.0
79711,499,163,0.761183,0.937382,-0.273601,0.010288,0.0,0.00177038,-0.230745,-0.668479,0.178038,0.253238,0.730896,5073.1,101.2,51.5,623.7,100.0,1.0
79864,500,153,-5.014147,0.271014,0.6,0.0,0.047388,0.00248285,-0.929825,-1.0,-1.0,-1.0,0.719302,1250.9,97.6,60.1,376.7,100.0,1.0
80023,501,159,-5.644641,1.0,-0.315258,0.011551,0.0,0.00209407,-0.849678,-0.984628,-0.487744,-1.0,0.618986,3868.6,83.4,58.3,512.8,100.0,1.0
80191,502,168,5.993528,1.0,-0.043358,0.0,0.0,0.00215812,0.091702,-0.107939,0.101567,0.730988,0.735458,7208.8,104.1,59.1,460.2,100.0,1.0
80350,503,159,-5.2628,1.0,-0.294083,0.000273,0.0,0.0022753,-0.834751,-0.907951,-0.424619,-1.0,0.661204,4160.7,89.4,58.9,441.8,100.0,1.0
80512,504,162,-4.691973,1.0,0.7902,0.0,0.0,0.00251343,-0.794804,-1.0,0.038214,-1.0,0.5945,3321.9,80.5,52.0,490.5,100.0,1.0
80682,505,170,3.927054,0.929929,-0.019881,0.0,0.0,0.00194653,-0.033382,-0.334495,0.404615,0.480404,0.729524,6345.6,107.2,49.2,598.2,100.0,1.0
80842,506,160,4.366954,1.0,-0.177272,0.0,0.0,0.00246048,-0.063019,-0.523892,-0.075773,0.596075,0.651594,5624.0,88.1,58.3,371.7,100.0,1.0
81000,507,158,-5.261415,0.131712,0.634166,0.0,0.0,0.00228043,-0.931832,-1.0,-1.0,-1.0,0.727328,2023.4,113.3,45.5,582.3,100.0,1.0
81167,508,167,-4.460748,0.93557,0.744096,0.01727,0.0,0.00253865,-0.833645,-1.0,-0.369457,-1.0,0.586797,2504.1,80.1,43.4,472.0,100.0,1.0
81330,509,163,-6.140214,0.56131,-0.255635,0.002908,0.0,0.00180149,-0.830662,-0.959164,-0.354151,-1.0,0.621822,3965.6,85.1,43.0,660.4,100.0,1.0
81490,510,160,-3.750403,0.41582,0.697045,0.0,1.2e-05,0.00297523,-0.794514,-1.0,-0.087502,-1.0,0.543055,3464.3,73.6,46.3,349.1,100.0,1.0
81655,511,165,-4.008231,0.888386,0.6,0.002982,0.0,0.002777,-0.933548,-1.0,-1.0,-1.0,0.734192,2115.3,119.9,57.0,417.3,100.0,1.0
81825,512,170,-2.867697,0.524819,0.752481,0.005028,0.0,0.00302953,-0.733124,-1.0,1.0,-1.0,0.732496,3654.5,100.0,54.2,619.1,100.0,1.0
81987,513,162,-3.658131,0.2,0.683731,0.001315,0.0,0.0029825,-0.830391,-1.0,-0.458229,-1.0,0.538274,2228.1,72.5,50.8,301.1,100.0,1.0
82143,514,156,5.982437,0.2,-0.118303,0.00045,0.045218,0.0016554,0.195731,-0.345769,0.550375,0.943139,0.60048,6302.6,81.1,54.8,656.3,100.0,1.0
82302,515,159,6.846681,0.361677,0.011593,0.0,1e-06,0.00198868,0.203017,-0.259852,0.863993,0.864401,0.656718,6630.0,88.9,57.3,495.5,100.0,1.0
82463,516,161,-6.143884,1.0,-0.377337,0.0,0.0,0.00183251,-0.834643,-1.0,-0.259396,-1.0,0.634813,3703.7,85.3,63.0,522.1,100.0,1.0
82618,517,155,-4.8902,0.2,0.710098,0.016353,0.237173,0.00250971,-0.829876,-1.0,-0.364148,-1.0,0.573844,1930.0,77.5,52.3,568.0,100.0,1.0
82774,518,156,-6.114116,0.468904,-0.359406,0.0,0.0,0.00189437,-0.865091,-1.0,-0.612836,-1.0,0.615228,3420.0,82.9,58.1,678.2,100.0,1.0
82937,519,163,1.769976,0.2,-0.172508,0.007082,0.09049,0.00153862,-0.116538,-0.616356,0.159316,0.468514,0.663143,5271.7,89.7,58.2,644.2,100.0,1.0
83100,520,163,-5.599923,0.53433,-0.348386,0.0,0.0,0.00205229,-0.772189,-0.900269,0.2905,-1.0,0.704686,4190.0,95.8,56.6,609.4,100.0,1.0
83262,521,162,-6.248395,0.987109,-0.340301,0.0,0.0,0.00177148,-0.886788,-1.0,-0.531339,-1.0,0.734617,3210.1,104.6,57.7,699.7,100.0,1.0
83421,522,159,4.196662,0.2,-0.117264,0.0,0.202072,0.0022146,-0.034168,-0.606196,1.0,0.460072,0.666592,5310.4,90.9,50.2,703.6,100.0,1.0
83587,523,166,-3.495088,0.122926,-0.506997,0.0,0.0,0.00296457,-0.794156,-0.900865,-0.077044,-1.0,0.644943,4187.7,86.1,70.6,310.1,100.0,1.0
83750,524,163,-4.956018,0.67022,0.697181,0.004103,0.0,0.0023682,-0.916395,-1.0,-0.836435,-1.0,0.731005,2638.8,99.7,55.1,480.9,100.0,1.0
83909,525,159,-5.776319,0.710359,-0.442253,0.009767,0.0,0.00202363,-0.846448,-0.978458,-0.244479,-1.0,0.709544,3892.1,96.1,61.9,550.1,100.0,1.0
84066,526,157,-4.269532,0.832015,0.832814,0.004549,1.7e-05,0.00279626,-0.828665,-1.0,-0.090299,-1.0,0.678539,3287.7,92.0,57.9,406.1,100.0,1.0
84223,527,157,5.821933,0.2,-0.052399,0.009977,0.0,0.00207736,0.11531,-0.526455,0.917734,0.758139,0.59242,5614.2,79.8,56.0,604.2,100.0,1.0
84382,528,159,-5.960995,0.560548,-0.316068,0.003387,0.0,0.00193362,-0.774951,-0.737641,-0.052372,-1.0,0.741213,4809.6,103.6,68.7,584.5,100.0,1.0
84541,529,159,4.175375,0.501448,-0.033206,0.019872,0.0,0.00243707,-0.071053,-0.556909,0.385249,0.496144,0.675233,5498.2,91.9,53.5,492.3,100.0,1.0
84702,530,161,-6.11968,1.0,-0.330998,0.006617,0.0,0.00184341,-0.80701,-0.737877,-0.367574,-1.0,0.743134,4808.7,107.7,71.9,648.7,100.0,1.0
84862,531,160,-4.483025,0.699984,0.728248,0.008418,0.0,0.00263637,-0.852972,-1.0,-0.502042,-1.0,0.611072,2155.1,82.2,59.1,306.2,100.0,1.0
85024,532,162,3.404607,0.290492,-0.159793,0.003529,9e-06,0.00215409,-0.090965,-0.553667,1.0,0.330122,0.738387,5510.5,103.6,64.0,712.7,100.0,1.0
85180,533,156,8.434062,0.702015,0.019119,0.008464,0.0,0.00208959,0.31278,-0.048156,0.734953,1.0,0.594704,7436.5,79.4,65.0,558.0,100.0,1.0
85344,534,164,-4.72742,1.0,0.6,0.0,0.0,0.00246241,-0.904914,-1.0,-1.0,-1.0,0.619657,1207.6,84.2,50.9,418.6,100.0,1.0
85501,535,157,-5.024523,0.4766,0.718796,0.0,1.4e-05,0.00241926,-0.900262,-1.0,-0.743139,-1.0,0.703792,2545.2,94.8,67.3,673.9,100.0,1.0
85654,536,153,-5.425578,0.48551,-0.248622,0.003233,0.0,0.00195399,-0.709905,-0.792491,0.426999,-1.0,0.617928,4600.6,83.7,53.0,448.5,100.0,1.0
85813,537,159,-4.210752,0.309888,0.798718,0.000184,7.8e-05,0.0027739,-0.811327,-1.0,0.065481,-1.0,0.671499,3516.8,91.0,58.0,472.3,100.0,1.0
85973,538,160,-6.191519,0.651888,-0.305696,0.0,0.0,0.00174854,-0.748759,-0.794488,0.099691,-1.0,0.640426,4593.0,87.6,45.4,588.7,100.0,1.0
86136,539,163,2.668591,0.2,-0.250046,0.003949,0.095795,0.00179678,-0.090745,-0.64079,0.487771,0.461207,0.655228,5178.6,88.6,58.4,630.4,100.0,1.0
86295,540,159,-5.935607,0.2,-0.152007,0.003357,0.069592,0.00193643,-0.798168,-0.92009,-0.156686,-1.0,0.609906,4114.5,82.4,54.8,615.9,100.0,1.0
86452,541,157,-4.552674,0.2,0.799744,1.8e-05,0.0,0.00264066,-0.839848,-1.0,-0.049526,-1.0,0.739581,3246.0,104.7,66.0,631.0,100.0,1.0
86618,542,166,5.438958,0.641776,-0.082506,0.000567,0.0,0.0018131,0.110743,-0.321607,0.710335,0.726966,0.6827,6394.7,92.6,57.8,831.1,100.0,1.0
86779,543,161,-4.084632,0.594237,0.740823,0.018137,0.0,0.00280187,-0.816634,-1.0,-0.160626,-1.0,0.602285,3369.3,81.3,55.8,320.4,100.0,1.0
86937,544,158,2.711293,0.407351,0.063993,0.001789,1.4e-05,0.00151274,-0.033753,-0.585335,0.05681,0.650569,0.61331,5389.9,81.6,69.8,753.3,100.0,1.0
87104,545,167,-6.565308,0.869521,-0.395252,0.003465,3e-06,0.00156922,-0.802918,-0.844185,-0.073432,-1.0,0.738116,4403.7,110.9,63.5,750.7,100.0,1.0
87257,546,153,-4.263611,0.433744,-0.377471,0.0008,2.4e-05,0.00262058,-0.723803,-0.911005,0.519744,-1.0,0.592105,4149.1,79.8,55.4,409.9,100.0,1.0
87420,547,163,-6.082394,0.206244,0.731278,0.016232,0.075741,0.00183083,-0.8288,-1.0,-0.345027,-1.0,0.57719,2863.6,77.8,54.5,615.4,100.0,1.0
87581,548,161,-5.396181,0.395109,0.710323,0.013914,0.0,0.00218049,-0.800874,-1.0,0.288914,-1.0,0.71906,2242.5,98.4,51.0,667.1,100.0,1.0
87742,549,161,-6.235791,0.428306,-0.245092,0.002332,0.0,0.00155748,-0.72256,-0.708151,0.021769,-1.0,0.590798,4921.9,79.4,57.9,712.3,100.0,1.0
87906,550,164,-3.711483,0.553244,-0.20406,0.0,0.0,0.00254679,-0.698766,-0.813236,0.550408,-1.0,0.601991,4521.6,81.0,57.9,457.0,100.0,1.0
88067,551,161,6.272266,1.0,-0.002981,0.0,0.0,0.00191946,0.165494,-0.152245,0.89514,0.746979,0.739003,7039.9,100.7,65.0,652.2,100.0,1.0
88221,552,154,-5.558545,0.2,-0.285272,0.0,0.05796,0.00218116,-0.806999,-0.954793,0.005926,-1.0,0.675572,3982.2,91.5,58.5,644.7,100.0,1.0
88380,553,159,-5.618364,1.0,0.692969,0.020016,0.0,0.00211425,-0.919986,-1.0,-1.0,-1.0,0.679944,1829.1,92.1,58.8,619.2,100.0,1.0
88541,554,161,3.381286,1.0,-0.130463,0.0,0.0,0.00220306,-0.098936,-0.651223,0.254389,0.495855,0.639645,5138.8,85.9,64.1,565.2,100.0,1.0
88712,555,171,-5.585774,0.464188,0.652438,0.01067,0.0,0.00196802,-0.90973,-1.0,-1.0,-1.0,0.63892,2086.4,86.6,54.0,681.8,100.0,1.0
88877,556,165,-3.57397,0.516203,0.703239,0.0,0.0,0.00296349,-0.864421,-1.0,-0.562512,-1.0,0.63268,2016.1,84.3,70.7,178.8,100.0,1.0
89038,557,161,-5.225577,0.2,0.688357,0.002572,0.046399,0.00225501,-0.81239,-1.0,0.056066,-1.0,0.671987,2161.3,91.2,56.1,515.8,100.0,1.0
89197,558,159,-6.612039,0.772305,-0.396619,0.013905,1.1e-05,0.00162327,-0.878358,-1.0,-0.671131,-1.0,0.64498,3275.7,86.8,62.8,562.4,100.0,1.0
89360,559,163,-5.685585,1.0,-0.314713,0.006961,0.0,0.0020194,-0.904352,-1.0,-0.980008,-1.0,0.625404,2784.6,83.0,73.6,462.8,100.0,1.0
89523,560,163,-3.377848,0.372106,0.688006,0.0108,0.0,0.00308962,-0.839552,-1.0,-0.509046,-1.0,0.554589,1952.0,73.8,63.3,473.9,100.0,1.0
89685,561,162,-4.19782,0.406073,-0.190815,0.00077,0.0,0.00258262,-0.736558,-0.742171,0.155335,-1.0,0.666195,4792.3,90.1,59.3,475.8,100.0,1.0
89848,562,163,-5.589673,0.427731,0.685009,0.0,0.016579,0.00206636,-0.911222,-1.0,-1.0,-1.0,0.644886,1840.7,87.0,60.0,575.4,100.0,1.0
90010,563,162,-3.862839,0.2,0.756715,0.003989,0.084892,0.00278052,-0.743445,-1.0,0.894559,-1.0,0.731605,2815.6,109.4,52.7,630.6,100.0,1.0
90169,564,159,-6.561567,0.25505,-0.205896,0.0,0.0,0.00162649,-0.755829,-0.753118,-0.122901,-1.0,0.621039,4750.6,83.5,60.7,756.8,100.0,1.0
90328,565,159,-6.194771,0.308673,-0.321762,0.0,0.0,0.00181578,-0.853243,-0.995264,-0.426896,-1.0,0.646948,3828.0,85.8,76.9,549.0,100.0,1.0
90489,566,161,4.400325,0.489503,-0.168991,0.000473,0.0,0.00186589,0.032947,-0.543358,-0.048604,0.794002,0.575817,5549.8,77.3,57.4,495.3,100.0,1.0
90654,567,165,-3.43875,0.354299,-0.358838,0.010692,0.0,0.00243533,-0.662321,-0.739304,0.993544,-1.0,0.707398,4803.3,95.2,67.8,676.5,100.0,1.0
90813,568,159,-5.42003,0.393234,0.661528,0.0,0.0,0.00219768,-0.882595,-1.0,-0.547373,-1.0,0.711431,2414.9,96.4,61.4,525.1,100.0,1.0
90978,569,165,-5.853115,1.0,-0.365339,0.017477,0.0,0.00191942,-0.880894,-1.0,-0.51338,-1.0,0.718225,3742.7,96.8,67.3,499.2,100.0,1.0
91137,570,159,-4.790575,0.362099,0.709384,0.002236,0.0,0.00249782,-0.888139,-1.0,-0.617151,-1.0,0.705697,2930.1,96.2,53.4,682.2,100.0,1.0
91295,571,158,-3.966536,1.0,-0.423359,0.015658,0.0,0.00290922,-0.7877,-0.879557,-0.070879,-1.0,0.642891,4268.9,85.5,73.7,262.0,100.0,1.0
91453,572,158,-6.40677,0.739725,-0.257845,0.007869,0.0,0.00173645,-0.798351,-0.912152,-0.311175,-1.0,0.556781,4144.7,74.5,58.3,379.5,100.0,1.0
91613,573,160,-5.112277,0.996368,-0.244433,0.0,0.0,0.00208126,-0.720467,-0.878844,0.518032,-1.0,0.610238,4271.6,80.9,72.8,485.9,100.0,1.0
91770,574,157,-5.445283,0.645888,0.619224,0.005226,0.0,0.00222023,-0.904239,-1.0,-1.0,-1.0,0.616958,2208.4,82.7,64.0,352.5,100.0,1.0
91932,575,162,-6.002924,0.586117,-0.37375,0.0,0.0,0.00187761,-0.8283,-0.994015,-0.172303,-1.0,0.650266,3832.8,87.8,59.6,469.7,100.0,1.0
92091,576,159,-6.277249,0.939094,-0.376798,0.006619,0.0,0.00178986,-0.834983,-1.0,-0.446595,-1.0,0.561294,3365.9,76.0,48.8,520.5,100.0,1.0
92249,577,158,-2.09094,0.760917,0.744803,0.0,0.0,0.00339374,-0.695257,-0.955722,0.749017,-1.0,0.524912,3978.7,70.2,55.6,278.6,100.0,1.0
92405,578,156,-4.120598,0.903743,-0.300499,0.0,0.0,0.00266406,-0.728339,-1.0,0.407673,-1.0,0.476425,3776.2,62.5,64.5,286.8,100.0,1.0
92567,579,162,-4.370981,-0.141667,-0.385321,0.001601,0.0,0.00249057,-0.735159,-0.81152,0.356292,-1.0,0.671632,4528.1,90.8,60.0,555.5,100.0,1.0
92719,580,152,-5.606243,0.342558,-0.143679,0.000387,2.3e-05,0.00178671,-0.696805,-0.849764,0.441653,-1.0,0.514116,4382.4,68.2,61.1,427.2,100.0,1.0
92875,581,156,-3.509878,0.488167,0.680498,0.014572,3.8e-05,0.00317471,-0.827494,-1.0,0.06354,-1.0,0.735391,2000.2,99.2,68.5,318.3,100.0,1.0
93036,582,161,2.008737,-0.264809,-0.117469,0.0,0.0,0.00225148,-0.209999,-0.682785,0.747588,0.176251,0.738248,5018.6,106.7,63.7,621.5,100.0,1.0
93196,583,160,-5.523222,0.502508,-0.430128,0.003817,0.0,0.00212851,-0.833605,-1.0,-0.15393,-1.0,0.672849,3757.0,90.0,71.5,338.9,100.0,1.0
93353,584,157,-3.334903,1.0,-0.36419,0.0,0.0,0.00318307,-0.7534,-0.88483,0.16718,-1.0,0.595641,4248.8,78.8,72.8,174.7,100.0,1.0
93506,585,153,-5.877284,0.212821,0.694583,0.001316,0.120589,0.00205884,-0.909648,-1.0,-1.0,-1.0,0.638591,1968.7,86.5,55.6,525.2,100.0,1.0
93662,586,156,-4.2958,1.0,-0.03252,0.0,0.0,0.00220238,-0.669835,-0.70896,0.456055,-1.0,0.552802,4918.9,74.1,57.2,477.4,100.0,1.0
93826,587,164,-6.441904,0.30174,-0.395241,0.001513,0.0,0.00164896,-0.845984,-1.0,-0.206164,-1.0,0.70147,3621.0,95.3,56.8,797.5,100.0,1.0
93982,588,156,-5.95663,1.0,-0.424484,0.0,0.0,0.00198499,-0.801547,-1.0,0.011018,-1.0,0.610595,3227.4,80.9,73.2,289.2,100.0,1.0
94144,589,162,3.319136,0.399495,-0.176442,0.005164,0.0,0.00237494,-0.132707,-0.662101,-0.128253,0.511791,0.636289,5097.4,84.3,77.1,454.9,100.0,1.0
94310,590,166,-4.95274,0.580336,-0.238741,0.005732,0.0,0.00199992,-0.707962,-0.708238,0.560497,-1.0,0.74781,4921.6,116.4,79.7,878.3,100.0,1.0
94464,591,154,-4.352713,1.0,0.780915,0.003639,0.0,0.00281568,-0.836882,-1.0,-0.397965,-1.0,0.588343,2756.1,77.8,73.4,276.4,100.0,1.0
94622,592,158,-5.273809,0.544349,0.641783,0.000776,0.0,0.00229046,-0.899375,-1.0,-0.987814,-1.0,0.602376,1344.8,80.0,70.9,565.9,100.0,1.0
94784,593,162,-5.667737,0.828832,-0.333191,0.017373,0.0,0.00204348,-0.821955,-0.985095,-0.407545,-1.0,0.539706,3866.8,72.1,58.9,410.9,100.0,1.0
94949,594,165,7.022269,0.063661,-0.021972,0.0,0.0,0.00293699,0.048539,-0.469714,0.976815,0.595505,0.679664,5830.4,91.4,66.9,356.0,100.0,1.0
95109,595,160,-6.50274,0.891173,-0.336254,0.0,0.0,0.00167522,-0.798937,-0.74567,-0.251848,-1.0,0.749337,4779.0,105.5,82.2,688.0,100.0,1.0
95263,596,154,6.986244,0.736828,-0.200743,0.004495,0.0,0.00209594,0.207683,-0.6114,0.738658,1.0,0.453331,5290.6,59.2,64.5,354.6,100.0,1.0
95419,597,156,-4.450421,0.445636,0.68899,9e-05,0.0009,0.00271909,-0.832314,-1.0,-0.367892,-1.0,0.582099,2021.4,77.9,61.3,497.1,100.0,1.0
95573,598,154,-6.434001,0.2,0.759381,0.001584,0.036206,0.00177218,-0.820179,-1.0,-0.288651,-1.0,0.565257,2475.7,75.1,66.4,581.0,100.0,1.0
95733,599,160,-4.680204,0.42382,0.6,0.002782,0.0,0.00254117,-0.911697,-1.0,-1.0,-1.0,0.646788,1127.3,87.6,56.6,780.5,100.0,1.0
95893,600,160,-4.181571,1.0,0.6,0.010786,0.0,0.00279116,-0.938311,-1.0,-1.0,-1.0,0.753243,1917.9,107.9,88.7,398.9,100.0,1.0
96052,601,159,-3.25745,0.903631,-0.109089,0.0,0.0,0.00234717,-0.620773,-0.735263,0.961893,-1.0,0.532585,4818.6,71.2,57.0,373.5,100.0,1.0
96205,602,153,-6.311404,1.0,-0.2735,0.006958,0.0,0.00185078,-0.768378,-1.0,-0.042333,-1.0,0.456579,3136.5,60.8,51.2,465.2,100.0,1.0
96365,603,160,-6.497029,0.22534,-0.101358,0.008175,0.0,0.00166677,-0.812055,-0.839111,-0.339345,-1.0,0.67337,4423.0,91.1,59.7,849.6,100.0,1.0
96523,604,158,-6.820059,0.741641,-0.272767,0.001342,0.0,0.00154187,-0.795193,-0.862235,-0.057477,-1.0,0.695546,4334.9,94.0,62.2,937.8,100.0,1.0
96680,605,157,-5.811104,0.70143,-0.358259,0.0,0.0,0.00203785,-0.827169,-0.940921,-0.30354,-1.0,0.646337,4035.1,87.0,61.9,603.1,100.0,1.0
96841,606,161,8.526405,0.530646,-0.1483,0.003474,1.2e-05,0.0030397,0.158622,-0.422778,0.47608,0.916728,0.599932,6009.2,78.4,85.5,384.1,100.0,1.0
97005,607,164,-4.715219,0.400537,0.66353,0.006206,0.0,0.00246621,-0.935389,-1.0,-1.0,-1.0,0.741554,1731.1,106.8,69.3,504.1,100.0,1.0
97169,608,164,-5.580163,0.252843,-0.389104,0.001069,0.0,0.00204985,-0.800429,-1.0,-0.502359,-1.0,0.400773,2893.1,51.8,63.4,418.7,100.0,1.0
97325,609,156,-2.972791,0.467661,0.759359,6.9e-05,0.0,0.00325606,-0.734613,-1.0,0.566374,-1.0,0.565002,3723.8,75.2,64.2,309.0,100.0,1.0
97490,610,165,0.581344,0.347253,-0.253587,0.021124,0.0,0.00148652,-0.200956,-0.65571,0.293495,0.291539,0.731975,5121.7,99.1,63.3,590.7,100.0,1.0
97651,611,161,-6.139746,0.2,-0.145693,0.007576,0.294649,0.00166792,-0.735467,-0.737461,0.346428,-1.0,0.742976,4810.3,102.6,71.6,773.2,100.0,1.0
97810,612,159,3.32638,0.465251,-0.125513,0.012538,0.0,0.00203647,-0.070855,-0.662153,0.088913,0.590553,0.601716,5097.2,80.1,68.2,371.3,100.0,1.0
97971,613,161,9.664224,0.329723,0.028609,0.0,0.0,0.00289623,0.268303,-0.277336,0.855584,1.0,0.591683,6563.3,77.9,77.7,289.1,100.0,1.0
98131,614,160,-4.317672,0.4279,0.6,0.018806,0.0,0.00271614,-0.853671,-1.0,-0.242445,-1.0,0.717707,2451.3,97.0,64.3,496.6,100.0,1.0
98286,615,155,-3.510935,0.804615,-0.152612,0.0,0.0,0.00236635,-0.633876,-0.761689,0.928474,-1.0,0.545205,4718.0,73.3,53.5,644.2,100.0,1.0
98446,616,160,-3.893803,1.0,0.651217,0.001252,0.0,0.0029321,-0.858854,-1.0,-0.223998,-1.0,0.745818,2200.5,107.9,76.4,457.6,100.0,1.0
98606,617,160,-5.108058,0.875264,-0.478351,0.010024,0.0,0.00233892,-0.861583,-1.0,-0.253358,-1.0,0.744991,3785.9,106.4,75.0,469.9,100.0,1.0
98770,618,164,-5.271601,0.520807,-0.43459,0.025298,0.0,0.00219896,-0.873586,-1.0,-0.580359,-1.0,0.662201,3316.0,87.4,84.3,330.5,100.0,1.0
98930,619,160,-3.93382,0.276052,0.75588,0.000929,0.126591,0.00289935,-0.850401,-1.0,-0.148933,-1.0,0.742032,2702.4,112.5,70.1,561.9,100.0,1.0
99089,620,159,-0.670101,0.2,-0.327463,0.001271,0.199052,0.00193178,-0.358067,-0.64275,-0.233019,0.035111,0.752491,5171.1,124.9,87.5,654.1,100.0,1.0
99246,621,157,-5.186685,0.857775,-0.452772,0.010688,0.0,0.00234615,-0.85044,-1.0,-0.163151,-1.0,0.736499,3678.4,104.9,60.8,654.0,100.0,1.0
99408,622,162,-3.655877,0.664033,0.73321,0.0,2.3e-05,0.00300418,-0.834217,-1.0,-0.002304,-1.0,0.735946,3200.1,101.2,59.9,420.9,100.0,1.0
99572,623,164,8.451705,1.0,0.095018,0.014056,0.0,0.00262007,0.214028,-0.229484,0.305367,1.0,0.636549,6745.7,83.7,84.9,380.8,100.0,1.0
99735,624,163,5.11441,0.2,-0.024797,0.0,0.016996,0.00186684,0.085185,-0.429593,0.40407,0.778879,0.637502,5983.2,84.1,81.5,778.5,100.0,1.0
99898,625,163,6.980579,0.518544,-0.084039,0.0,0.0,0.00229639,0.157037,-0.406713,0.845695,0.828123,0.628416,6070.4,83.0,78.9,567.9,100.0,1.0
100058,626,160,-4.945088,0.303378,0.742518,0.0,0.02466,0.00241984,-0.860217,-1.0,-0.238644,-1.0,0.745412,3275.2,105.9,75.7,481.3,100.0,1.0
100222,627,164,-3.522281,0.792032,0.672089,0.020724,0.0,0.00303146,-0.899281,-1.0,-0.602165,-1.0,0.756257,2995.3,100.8,93.8,542.4,100.0,1.0
100381,628,159,-4.546668,0.872237,-0.3533,0.0,0.0,0.00227451,-0.70803,-0.782502,0.254282,-1.0,0.55133,4638.7,72.7,70.7,285.7,100.0,1.0
100547,629,166,4.26584,0.822483,-0.106468,0.0,0.0,0.00206674,-0.018171,-0.482967,0.176853,0.625984,0.662034,5779.9,88.9,66.6,490.7,100.0,1.0
100604,630,57,-8.415814,0.409806,0.617426,0.000272,0.0,0.00216297,-0.793583,-1.0,-1.0,-1.0,0.174333,0.0,23.2,19.7,87.0,100.0,1.0
100770,631,166,-6.466768,0.632577,-0.442282,0.025096,1.4e-05,0.00162864,-0.890783,-1.0,-0.531323,-1.0,0.750601,3321.1,107.9,84.3,880.2,100.0,1.0
100934,632,164,3.850135,0.2,-0.054674,0.003256,0.078543,0.00202342,-0.038583,-0.450657,1.0,0.394234,0.73445,5903.0,105.8,57.4,869.1,100.0,1.0
101091,633,157,-4.600907,1.0,0.674049,0.003342,0.0,0.00264869,-0.876436,-1.0,-0.561485,-1.0,0.681148,2125.6,92.6,54.6,345.7,100.0,1.0
101251,634,160,-6.563611,0.2,0.630051,0.00604,0.268696,0.00164483,-0.922903,-1.0,-0.950958,-1.0,0.71123,2122.1,96.8,55.8,930.6,100.0,1.0
101416,635,165,-4.352094,0.615421,-0.436535,0.004944,4.4e-05,0.00261408,-0.770906,-0.838869,0.276512,-1.0,0.755359,4423.9,110.3,92.3,532.4,100.0,1.0
101577,636,161,-4.923161,0.55133,-0.365831,0.0,5e-06,0.00240905,-0.768658,-0.817965,0.213294,-1.0,0.741985,4503.6,116.3,70.0,626.1,100.0,1.0
101732,637,155,-4.118883,1.0,-0.33939,0.0,0.0,0.00251121,-0.703065,-0.748048,0.294885,-1.0,0.582167,4769.9,76.4,79.0,265.2,100.0,1.0
101899,638,167,-5.434749,1.0,-0.315888,0.008356,0.0,0.00209909,-0.807944,-0.868468,-0.036376,-1.0,0.748759,4311.1,99.9,82.8,524.9,100.0,1.0
102060,639,161,-5.017866,-0.908001,0.6,0.004043,0.0,0.00234445,-0.93712,-1.0,-1.0,-1.0,0.748479,1660.9,122.9,80.8,586.7,100.0,1.0
102223,640,163,5.411797,0.661019,0.046831,0.0,1e-06,0.00214121,0.063251,-0.158525,0.601708,0.579284,0.756009,7016.0,111.1,93.3,661.0,100.0,1.0
102380,641,157,2.790264,1.0,-0.114722,0.011795,0.0,0.00193322,-0.091015,-0.450218,-0.040809,0.518535,0.727175,5904.7,97.2,77.8,463.4,100.0,1.0
102542,642,162,-5.690822,0.545167,0.707722,0.00127,0.0,0.0020447,-0.829854,-1.0,-0.181591,-1.0,0.646781,2695.6,86.9,64.3,510.3,100.0,1.0
102707,643,165,-6.87954,0.2,-0.348742,0.001786,0.261826,0.0014368,-0.834055,-0.898869,-0.252597,-1.0,0.736311,4195.3,101.7,60.5,1121.3,100.0,1.0
102871,644,164,9.072751,0.28478,0.045274,0.00077,0.0,0.00320117,0.165752,-0.41964,0.210386,0.993432,0.590999,6021.2,75.5,104.0,315.2,100.0,1.0
103036,645,165,7.938011,0.2,0.023363,0.0,0.0,0.00220699,0.240416,-0.332741,0.931953,0.95923,0.613144,6352.3,81.1,76.3,547.2,100.0,1.0
103206,646,170,-4.181904,0.540969,0.641978,0.0,0.0,0.00262447,-0.851888,-1.0,-0.14776,-1.0,0.748448,2613.2,104.3,80.7,521.0,100.0,1.0
103366,647,160,-4.709573,0.366893,0.636323,0.004317,0.0,0.00253411,-0.936394,-1.0,-1.0,-1.0,0.745577,2147.6,118.5,76.0,635.8,100.0,1.0
103527,648,161,1.952877,0.604705,-0.213693,0.001811,4.5e-05,0.00234492,-0.228707,-0.680515,-0.331826,0.374492,0.700768,5027.2,91.4,101.2,439.0,100.0,1.0
103687,649,160,-4.325841,1.0,0.695309,0.0,0.0,0.00273171,-0.928742,-1.0,-0.899253,-1.0,0.755267,2791.2,104.7,92.1,344.6,100.0,1.0
103850,650,163,1.991965,0.2,-0.080534,0.0,0.0,0.00178185,-0.138613,-0.612054,0.134745,0.438723,0.698252,5288.1,91.9,91.7,582.4,100.0,1.0
104016,651,166,-6.106326,0.532346,-0.282428,0.0,0.0,0.00179402,-0.873333,-1.0,-0.687956,-1.0,0.618151,3756.4,81.2,83.5,540.7,100.0,1.0
104174,652,158,5.144009,0.618961,-0.050479,0.019084,0.0,0.0019136,0.089379,-0.456749,0.234971,0.834164,0.614383,5879.8,80.1,89.0,570.1,100.0,1.0
104337,653,163,3.317284,0.2,-0.074318,0.017003,0.04918,0.00217642,-0.102212,-0.518496,0.194921,0.472132,0.723733,5644.5,95.9,87.9,556.9,100.0,1.0
104496,654,159,4.641359,0.341577,-0.015013,0.00256,0.0,0.00189463,0.05187,-0.473267,0.665478,0.668966,0.65579,5816.9,87.1,76.4,577.4,100.0,1.0
104657,655,161,-5.906643,0.193657,-0.380205,0.010575,0.0,0.00193262,-0.801871,-0.852578,-0.029689,-1.0,0.74303,4371.7,104.8,71.7,805.4,100.0,1.0
104814,656,157,7.216135,0.608838,-0.032592,0.01231,0.0,0.00196121,0.240743,-0.276112,0.636163,1.0,0.615381,6568.0,80.9,82.3,568.1,100.0,1.0
104978,657,164,3.623616,0.604928,-0.15262,0.0,1.2e-05,0.0016712,0.001347,-0.517028,0.504505,0.613125,0.660385,5650.1,87.6,79.1,654.8,100.0,1.0
105137,658,159,-5.42954,1.0,-0.312241,0.0,0.0,0.00220167,-0.882152,-0.971196,-0.710012,-1.0,0.673407,3919.7,89.0,83.8,499.6,100.0,1.0
105297,659,160,3.94843,0.2,-0.169411,0.002512,0.044085,0.00236524,-0.078461,-0.511874,1.0,0.336823,0.740888,5669.8,106.0,68.1,648.7,100.0,1.0
105457,660,160,-5.198298,0.68042,0.719272,0.002524,0.0,0.0023034,-0.858257,-1.0,-0.539978,-1.0,0.617038,2901.0,80.8,85.3,513.2,100.0,1.0
105627,661,170,-4.688555,0.875541,0.723784,0.003127,0.0,0.00239987,-0.854855,-1.0,-0.369103,-1.0,0.671779,2683.7,91.0,57.6,675.7,100.0,1.0
105794,662,167,6.914771,1.0,0.080068,0.011227,0.0,0.00242865,0.119753,-0.513782,0.086391,0.956807,0.572652,5662.5,72.3,110.4,403.9,100.0,1.0
105948,663,154,-6.229697,1.0,-0.262759,0.0,0.0,0.00187881,-0.864417,-0.967067,-0.632859,-1.0,0.637458,3935.5,84.1,80.8,513.8,100.0,1.0
106110,664,162,-5.886751,0.585515,-0.25977,0.009983,0.0,0.00193777,-0.836905,-0.915638,-0.524334,-1.0,0.622247,4131.4,82.0,80.2,511.8,100.0,1.0
106270,665,160,-4.458224,1.0,0.653215,0.003725,0.0,0.00266066,-0.931429,-1.0,-1.0,-1.0,0.725715,1452.3,96.7,80.8,389.7,100.0,1.0
106424,666,154,-5.180448,0.782817,0.67609,0.002734,0.0,0.00240409,-0.935391,-1.0,-1.0,-1.0,0.741564,1923.9,100.3,69.3,419.9,100.0,1.0
106586,667,162,-4.424681,0.600114,-0.282076,0.012533,2e-06,0.00251628,-0.744114,-0.753397,0.107359,-1.0,0.666001,4749.6,87.7,86.6,386.0,100.0,1.0
106741,668,155,3.292961,0.2,-0.294827,0.002567,0.005722,0.00196622,-0.054467,-0.620193,0.496627,0.529845,0.644078,5257.1,85.9,71.2,697.2,100.0,1.0
106895,669,154,-5.88679,0.424799,-0.298063,0.001948,0.006573,0.00203488,-0.842847,-1.0,-0.339603,-1.0,0.635546,3425.9,82.8,93.1,478.9,100.0,1.0
107052,670,157,-5.725009,0.245765,0.617491,0.000762,1.2e-05,0.00208216,-0.883386,-1.0,-0.789585,-1.0,0.617711,2156.5,81.1,83.3,601.6,100.0,1.0
107210,671,158,3.423037,0.52363,-0.121063,0.005195,2e-06,0.00160395,0.006677,-0.622416,0.335173,0.696983,0.60012,5248.6,77.3,98.1,687.0,100.0,1.0
107368,672,158,-5.326416,0.2,-0.327087,0.0,0.2703,0.00224418,-0.816939,-0.889534,-0.451461,-1.0,0.597637,4230.9,76.4,104.9,555.4,100.0,1.0
107525,673,157,-3.086372,0.2,-0.333993,0.016562,0.023246,0.00282999,-0.679063,-0.856782,0.976458,-1.0,0.650054,4355.7,85.4,86.9,498.4,100.0,1.0
107687,674,162,-5.748979,0.099817,-0.311575,0.006253,0.0,0.00199192,-0.790586,-0.915858,-0.001212,-1.0,0.645999,4130.6,86.2,71.0,409.2,100.0,1.0
107847,675,160,-4.546282,0.415084,0.758284,0.0,3.5e-05,0.00260843,-0.855356,-1.0,-0.528103,-1.0,0.610185,2539.2,78.5,100.9,451.0,100.0,1.0
108011,676,164,-5.98922,0.541128,-0.291445,0.0,0.0,0.00186667,-0.789238,-0.706447,-0.222964,-1.0,0.761319,4928.4,102.3,102.2,541.4,100.0,1.0
108170,677,159,-5.514964,-0.095125,-0.389005,0.0,0.0,0.00213668,-0.866272,-1.0,-0.55235,-1.0,0.644149,3764.2,83.9,95.3,444.3,100.0,1.0
108333,678,163,-4.65271,0.572746,-0.425469,0.003237,7e-06,0.0025004,-0.846468,-1.0,-0.164775,-1.0,0.71996,3761.7,94.3,100.0,537.9,100.0,1.0
108495,679,162,2.79869,0.2,-0.124513,0.003503,0.0,0.00195078,-0.103228,-0.682087,0.414401,0.471607,0.651157,5021.2,85.3,90.1,855.3,100.0,1.0
108651,680,156,-4.678125,0.950682,0.745168,0.0,0.0,0.00262317,-0.81855,-1.0,-0.451428,-1.0,0.493628,2460.5,62.9,89.3,306.0,100.0,1.0
108807,681,156,-5.781347,0.740962,-0.216145,0.017026,0.0,0.00206878,-0.809356,-0.867135,-0.384106,-1.0,0.616645,4316.2,80.9,83.5,610.0,100.0,1.0
108971,682,164,-5.377186,0.450903,-0.46264,0.00453,0.0,0.00214627,-0.894872,-1.0,-0.578736,-1.0,0.747993,3157.5,111.5,80.0,549.1,100.0,1.0
109130,683,159,-5.57236,1.0,-0.149608,0.002312,0.0,0.00187288,-0.721371,-0.756805,0.491049,-1.0,0.725099,4736.6,95.9,89.9,510.1,100.0,1.0
109290,684,160,-5.612041,0.389223,0.694514,0.004449,0.0,0.00210146,-0.920026,-1.0,-0.939141,-1.0,0.704446,2481.4,92.4,95.8,746.2,100.0,1.0
109452,685,162,-3.713181,0.831038,0.654111,0.005251,0.0,0.00297604,-0.93997,-1.0,-1.0,-1.0,0.759881,1663.1,104.0,99.8,418.9,100.0,1.0
109608,686,156,-6.671404,0.676116,-0.36675,0.0,0.0,0.00163326,-0.851631,-1.0,-0.60053,-1.0,0.566312,3089.5,73.4,87.5,657.6,100.0,1.0
109760,687,152,-4.365591,1.0,-0.337902,0.004205,0.0,0.00272383,-0.746295,-1.0,0.363735,-1.0,0.530672,3767.2,67.8,93.9,415.1,100.0,1.0
109917,688,157,-5.946305,0.452811,0.676303,0.022295,1e-06,0.00198236,-0.9071,-1.0,-1.0,-1.0,0.6284,2135.5,82.0,90.8,534.1,100.0,1.0
110076,689,159,-3.465601,0.2,-0.219332,0.003907,0.05241,0.00282863,-0.713849,-0.735586,0.445171,-1.0,0.697879,4817.4,92.0,90.2,478.2,100.0,1.0
110237,690,161,-5.336367,0.414381,-0.358855,0.0,0.0,0.00220933,-0.832604,-0.865119,-0.371998,-1.0,0.716499,4323.9,92.7,112.7,548.3,100.0,1.0
110396,691,159,7.001836,0.847733,-0.060463,0.003664,1.9e-05,0.00167245,0.266971,-0.241676,0.772367,1.0,0.599388,6699.2,77.9,90.3,745.6,100.0,1.0
110553,692,157,-4.583375,0.975008,-0.14851,0.010272,0.0,0.00206679,-0.673201,-0.771841,0.240328,-1.0,0.417095,4679.3,51.4,95.7,387.7,100.0,1.0
110709,693,156,-5.635432,0.289991,-0.376583,0.000857,0.010565,0.00187935,-0.721902,-0.875889,0.304377,-1.0,0.533471,4282.9,68.5,89.9,787.2,100.0,1.0
110869,694,160,8.020327,0.702358,-0.088527,0.007033,0.0,0.00286845,0.151235,-0.604419,0.168344,1.0,0.457977,5317.2,55.2,119.8,441.1,100.0,1.0
111029,695,160,-4.10965,0.2,0.6,0.0,0.013715,0.00281298,-0.938619,-1.0,-1.0,-1.0,0.754477,987.4,112.1,90.8,686.0,100.0,1.0
111188,696,159,-3.610659,0.390832,-0.367764,0.0,0.000361,0.0030638,-0.842359,-1.0,-0.864835,-1.0,0.423501,2634.1,50.1,121.9,260.5,100.0,1.0
111351,697,163,-7.10003,0.643396,-0.252487,0.014589,0.0,0.00136606,-0.827987,-0.896433,-0.309591,-1.0,0.69168,4204.6,90.6,95.6,1034.5,100.0,1.0
111512,698,161,-5.681541,0.729118,-0.376707,0.000598,3.7e-05,0.00205475,-0.791829,-1.0,-0.207138,-1.0,0.484459,3318.7,60.6,100.1,594.5,100.0,1.0
111680,699,168,-4.951453,0.874288,-0.276167,0.001559,0.0,0.00205396,-0.722328,-0.759704,0.316017,-1.0,0.656015,4725.5,83.9,114.9,678.6,100.0,1.0
111838,700,158,-4.818923,0.405315,-0.326134,0.0,0.0,0.0025029,-0.78729,-1.0,-0.275776,-1.0,0.438848,3732.5,53.4,108.8,340.4,100.0,1.0
111998,701,160,5.07832,0.2,-0.080721,0.004109,0.079083,0.00218889,0.036711,-0.554697,0.754821,0.653742,0.646377,5506.6,83.2,106.1,588.4,100.0,1.0
112159,702,161,3.337263,0.2,-0.040815,0.012969,0.02089,0.00176796,-0.030445,-0.539937,0.350473,0.590934,0.667525,5562.8,87.4,92.7,763.6,100.0,1.0
112319,703,160,-5.299866,0.2,-0.298917,0.0,0.0,0.00221461,-0.757976,-0.892145,0.170817,-1.0,0.608085,4220.9,78.3,100.4,542.9,100.0,1.0
112481,704,162,-5.562592,0.446923,-0.313921,0.0,0.003958,0.00209107,-0.868175,-1.0,-0.613722,-1.0,0.627211,3707.2,82.0,88.2,662.6,100.0,1.0
112637,705,156,3.764049,0.529904,-0.178969,0.003502,0.0,0.00168744,0.023325,-0.629897,0.336438,0.730708,0.580512,5220.1,75.4,87.8,509.0,100.0,1.0
112792,706,155,-6.055582,0.2,-0.199545,0.0,0.074589,0.00182852,-0.744291,-0.906642,-0.02537,-1.0,0.460374,4165.7,56.0,113.6,715.7,100.0,1.0
112959,707,167,-6.318893,1.0,-0.435071,0.0,0.0,0.00169294,-0.876068,-1.0,-0.380585,-1.0,0.752037,3718.8,102.4,86.7,607.7,100.0,1.0
113122,708,163,-6.611374,0.2,-0.231216,0.0,0.330106,0.00158027,-0.789937,-0.87566,-0.366536,-1.0,0.537475,4283.7,68.3,98.5,637.5,100.0,1.0
113280,709,158,-5.623001,0.646106,0.782423,0.0,1e-05,0.00213192,-0.812698,-1.0,0.2412,-1.0,0.747271,3562.9,104.0,78.8,728.3,100.0,1.0
113444,710,164,-5.456711,0.661572,-0.258113,0.019868,0.0,0.00211851,-0.777849,-0.855212,0.033262,-1.0,0.66949,4361.6,86.6,105.4,464.8,100.0,1.0
113610,711,166,-4.802581,0.249685,0.699504,0.001811,0.000118,0.00239607,-0.891118,-1.0,-0.69665,-1.0,0.685814,2478.1,89.7,96.5,651.9,100.0,1.0
113769,712,159,3.127542,0.640508,-0.038462,0.0,4e-06,0.00192069,-0.067348,-0.619159,0.154117,0.581219,0.641832,5261.0,83.2,99.3,860.5,100.0,1.0
113928,713,159,5.388154,0.666679,0.0109,0.001968,0.0,0.00192491,0.103792,-0.273546,0.414725,0.762698,0.697495,6577.8,93.3,74.1,619.5,100.0,1.0
114084,714,156,6.167044,0.432417,-0.10668,0.012532,6e-06,0.00194143,0.166006,-0.686351,0.523403,1.0,0.458987,5005.0,57.5,93.6,500.8,100.0,1.0
114239,715,155,-4.684398,0.252588,0.669638,0.002419,0.00809,0.00262058,-0.821265,-1.0,-0.544509,-1.0,0.467259,2009.5,58.7,94.2,427.6,100.0,1.0
114395,716,156,-5.65815,0.488993,-0.303705,0.011048,0.0,0.00212235,-0.868062,-1.0,-0.822959,-1.0,0.543066,2813.6,69.4,96.0,380.4,100.0,1.0
114550,717,155,7.865654,0.2,-0.063668,0.007143,0.034144,0.00276898,0.168794,-0.683017,0.446151,1.0,0.420266,5017.7,50.5,111.7,441.2,100.0,1.0
114702,718,152,-5.57258,0.388009,-0.309336,0.007336,8e-05,0.00221907,-0.82583,-1.0,-0.440224,-1.0,0.527231,3380.4,67.6,89.6,485.8,100.0,1.0
114866,719,164,-4.631739,0.2,-0.325579,0.000187,0.0,0.00248903,-0.796055,-1.0,-0.334731,-1.0,0.450327,3234.1,53.6,125.8,448.0,100.0,1.0
115027,720,161,-5.962064,1.0,-0.33131,0.019871,0.0,0.00191963,-0.762563,-1.0,0.273623,-1.0,0.5597,3786.0,71.8,95.1,547.6,100.0,1.0
115186,721,159,-5.709977,0.65479,-0.364091,0.0,0.0,0.00206163,-0.870215,-1.0,-0.833445,-1.0,0.547482,2903.3,69.4,103.4,397.4,100.0,1.0
115345,722,159,-4.610161,0.451148,-0.314112,0.002263,5e-06,0.00198419,-0.666119,-0.753086,0.53428,-1.0,0.525101,4750.7,65.6,109.8,445.2,100.0,1.0
115501,723,156,-6.015864,0.2,-0.253413,0.003257,0.184741,0.00194135,-0.79238,-1.0,-0.215855,-1.0,0.483179,3482.0,61.7,85.7,832.9,100.0,1.0
115660,724,159,-6.157554,0.721465,0.709647,6e-06,0.0,0.00186227,-0.83952,-1.0,-0.600019,-1.0,0.518071,2596.4,66.6,86.0,590.5,100.0,1.0
115818,725,158,-5.84503,0.606225,-0.068316,0.004034,0.0,0.00180409,-0.729512,-0.698278,-0.028294,-1.0,0.60845,4959.6,78.1,102.9,777.9,100.0,1.0
115980,726,162,4.454579,0.772275,-0.187016,0.0,0.0,0.00241132,-0.051938,-0.674284,-0.071781,0.683914,0.599019,5051.0,75.0,123.5,487.7,100.0,1.0
116143,727,163,-5.194253,0.2,0.778552,0.0,0.0,0.00225484,-0.864337,-1.0,-0.670711,-1.0,0.589065,2500.0,75.4,102.3,394.4,100.0,1.0
116303,728,160,-6.51599,0.2,-0.256586,0.001586,0.0,0.0016564,-0.765688,-0.782498,-0.016795,-1.0,0.673535,4638.7,88.5,89.7,536.8,100.0,1.0
116459,729,156,3.45694,0.384492,-0.131165,0.0,0.007129,0.00158177,0.016012,-0.659409,-0.087828,0.817587,0.549551,5107.7,70.3,96.3,813.2,100.0,1.0
116615,730,156,-6.219039,1.0,-0.310472,0.0,0.0,0.00185976,-0.792575,-1.0,0.044333,-1.0,0.588031,3767.3,73.5,122.0,578.3,100.0,1.0
116776,731,161,-4.877925,0.2,-0.333644,0.0,0.247135,0.00241491,-0.778378,-0.953107,-0.192378,-1.0,0.483453,3988.7,59.0,117.0,473.6,100.0,1.0
116930,732,154,-6.063942,0.626124,0.727268,0.0,0.0,0.00196582,-0.86674,-1.0,-0.45533,-1.0,0.684829,2822.3,89.3,99.0,611.4,100.0,1.0
117091,733,161,-4.898253,0.033725,-0.227197,0.0,0.0,0.00240585,-0.805935,-0.955711,-0.323194,-1.0,0.538753,3978.7,66.4,123.0,330.4,100.0,1.0
117253,734,162,-6.153661,0.411841,-0.313756,0.0,0.0,0.00180924,-0.822073,-1.0,-0.204258,-1.0,0.60659,3204.1,76.1,123.6,479.1,100.0,1.0
117417,735,164,-3.964474,0.841086,-0.310303,0.0,0.0,0.00281112,-0.834579,-1.0,-0.588679,-1.0,0.502844,3474.1,59.9,139.6,347.6,100.0,1.0
117578,736,161,-6.139593,0.2,0.702934,0.004488,2e-05,0.00183619,-0.840036,-1.0,-0.484487,-1.0,0.566351,2153.3,72.9,93.2,756.3,100.0,1.0
117737,737,159,-5.189141,0.2,0.649758,0.0,0.09941,0.00231234,-0.888519,-1.0,-1.0,-1.0,0.554074,1636.7,69.0,118.4,745.9,100.0,1.0
117895,738,158,-5.620029,0.743512,0.702064,0.000636,9.8e-05,0.00213358,-0.853763,-1.0,-0.533465,-1.0,0.601665,3006.3,78.2,90.8,466.9,100.0,1.0
118061,739,166,-4.882305,0.443498,0.692554,0.0,0.0,0.00236228,-0.896516,-1.0,-1.0,-1.0,0.586065,1465.2,74.5,108.0,315.3,100.0,1.0
118216,740,155,-6.333009,0.411504,-0.309863,0.0,3.7e-05,0.00180471,-0.816245,-1.0,-0.315939,-1.0,0.538606,3326.7,68.8,94.5,515.1,100.0,1.0
118376,741,160,-6.093982,0.222657,-0.29908,0.0,0.011659,0.00185778,-0.80214,-0.986749,-0.321952,-1.0,0.493029,3860.5,61.8,100.8,538.3,100.0,1.0
118537,742,161,6.682322,0.923675,-0.023209,0.0,9e-06,0.00190945,0.20075,-0.418465,0.510476,1.0,0.582726,6025.6,75.0,96.6,508.0,100.0,1.0
118691,743,154,-5.967939,0.202381,-0.241949,0.002206,0.008835,0.00199183,-0.844986,-1.0,-0.586211,-1.0,0.545459,3112.3,66.4,134.7,530.1,100.0,1.0
118853,744,162,-5.311723,0.546141,0.641866,0.001936,0.0,0.00221987,-0.865872,-1.0,-0.283694,-1.0,0.750009,2795.2,98.9,96.3,542.5,100.0,1.0
119018,745,165,-5.630302,0.309958,-0.302294,0.001749,0.018062,0.00201635,-0.827043,-0.864237,-0.311883,-1.0,0.71918,4327.3,90.1,147.7,709.2,100.0,1.0
119183,746,165,5.121141,0.412213,-0.085824,0.0,1e-05,0.00215367,0.034037,-0.613822,-0.001683,0.832509,0.58137,5281.3,72.1,128.4,561.9,100.0,1.0
119342,747,159,-6.736584,0.371148,-0.411636,0.00025,4.7e-05,0.00156308,-0.806087,-1.0,-0.17358,-1.0,0.554915,3009.8,69.5,113.8,879.7,100.0,1.0
119503,748,161,-6.551202,0.460575,-0.30395,0.0,0.0,0.00163442,-0.817816,-1.0,-0.273345,-1.0,0.561927,3433.1,71.5,102.3,614.9,100.0,1.0
119663,749,160,-5.86682,0.77141,-0.323332,0.013138,0.0,0.00197598,-0.845712,-1.0,-0.579739,-1.0,0.550953,3179.8,68.6,117.6,466.5,100.0,1.0
119820,750,157,-6.580124,0.281596,-0.411997,0.000587,0.008163,0.00152534,-0.739674,-1.0,0.447108,-1.0,0.537539,3738.3,69.4,86.1,647.5,100.0,1.0
119982,751,162,-5.150045,0.521399,-0.175495,0.00265,0.0,0.00208471,-0.72923,-0.698208,-0.109059,-1.0,0.575088,4959.8,71.6,123.3,1054.7,100.0,1.0
120143,752,161,-5.81422,0.776627,-0.251692,0.00292,0.0,0.00198955,-0.851006,-1.0,-0.686746,-1.0,0.529327,3316.5,67.8,91.2,425.9,100.0,1.0
120295,753,152,-6.162282,0.2,-0.334244,0.0,0.0369,0.00181687,-0.744538,-0.936247,0.222295,-1.0,0.530822,4052.9,66.4,109.8,471.6,100.0,1.0
120452,754,157,-4.735792,0.40233,-0.263924,0.019224,5.1e-05,0.00255346,-0.807454,-0.908123,-0.499957,-1.0,0.521712,4160.1,64.2,120.1,397.4,100.0,1.0
120607,755,155,-5.702434,1.0,-0.203192,0.001977,0.0,0.00212758,-0.763382,-0.783447,-0.306184,-1.0,0.547607,4635.1,68.7,111.5,459.2,100.0,1.0
120766,756,159,-5.990779,0.2,-0.420817,0.001739,0.57143,0.00191052,-0.827837,-0.892032,-0.414243,-1.0,0.653618,4221.4,84.3,106.3,593.2,100.0,1.0
120922,757,156,7.42786,0.409013,-0.062744,0.001865,0.0,0.00188503,0.270575,-0.38238,1.0,1.0,0.53532,6163.1,66.3,118.8,531.2,100.0,1.0
121084,758,162,-6.681828,0.403401,-0.377201,0.002509,0.0,0.00156065,-0.784448,-1.0,-0.022325,-1.0,0.528864,3353.9,66.5,106.0,638.5,100.0,1.0
121245,759,161,5.54768,0.382608,-0.280792,0.0,7e-06,0.00175599,0.138826,-0.592676,0.571361,0.916803,0.547449,5361.9,69.9,96.5,567.6,100.0,1.0
121404,760,159,-5.373729,0.2,0.624159,0.025699,0.019722,0.00222154,-0.851812,-1.0,-1.0,-1.0,0.407249,1262.8,48.5,113.0,456.4,100.0,1.0
121574,761,170,-5.700576,0.537915,-0.27893,0.020279,0.0,0.00192841,-0.787527,-0.91773,-0.070803,-1.0,0.604058,4123.5,75.6,125.3,774.3,100.0,1.0
121734,762,160,8.016225,0.838808,0.026469,0.0,0.0,0.00212299,0.269112,-0.2383,0.645096,1.0,0.543292,6712.1,68.2,109.8,343.5,100.0,1.0
121890,763,156,-5.754347,0.809226,-0.473384,0.003956,0.0,0.00207836,-0.879884,-1.0,-0.926597,-1.0,0.548897,2509.2,70.9,87.6,336.1,100.0,1.0
122049,764,159,-4.717766,0.267021,-0.16645,0.003876,0.0,0.00225734,-0.717185,-0.967797,0.421579,-1.0,0.469576,3932.7,56.3,125.5,441.2,100.0,1.0
122212,765,163,-4.670795,1.0,0.656592,0.0,0.0,0.00251164,-0.861519,-1.0,-0.30808,-1.0,0.722845,2544.6,95.4,91.2,465.3,100.0,1.0
122369,766,157,-3.388476,0.891071,-0.191866,0.0003,0.0,0.00268375,-0.678786,-0.803558,0.191608,-1.0,0.388229,4558.4,44.7,125.8,330.0,100.0,1.0
122525,767,156,-6.089272,0.2,-0.403366,0.021919,0.0,0.0019025,-0.864339,-1.0,-0.608817,-1.0,0.613829,2974.0,79.2,99.4,854.0,100.0,1.0
122684,768,159,-3.938305,0.2,-0.4991,0.0,0.180637,0.00289182,-0.777967,-1.0,-0.315272,-1.0,0.385757,2258.3,43.5,135.6,413.4,100.0,1.0
122846,769,162,-5.447572,0.28059,-0.125306,0.003083,0.048429,0.00212905,-0.758858,-0.881558,0.012538,-1.0,0.558888,4261.3,68.9,128.2,398.5,100.0,1.0
123001,770,155,-4.689538,0.270543,0.649565,0.0,0.011553,0.00261726,-0.900937,-1.0,-1.0,-1.0,0.603749,1516.0,73.9,144.1,401.8,100.0,1.0
123159,771,158,-5.736363,1.0,-0.306955,0.002638,0.0,0.00206871,-0.824947,-1.0,-0.594698,-1.0,0.461908,2791.3,54.3,136.6,480.8,100.0,1.0
123320,772,161,-5.843193,0.289426,-0.429242,0.0,0.006877,0.00196278,-0.811255,-0.937079,-0.235371,-1.0,0.613794,4049.7,76.4,132.2,539.9,100.0,1.0
123486,773,166,-6.234928,1.0,-0.274488,0.0,0.0,0.00174121,-0.842879,-0.877137,-0.364408,-1.0,0.748616,4278.1,98.0,104.7,728.3,100.0,1.0
123643,774,157,-7.037151,0.546183,-0.252862,0.0,1.2e-05,0.00138935,-0.752912,-0.857077,0.06556,-1.0,0.580795,4354.5,72.9,117.1,757.0,100.0,1.0
123798,775,155,-5.77686,0.096976,-0.127384,0.012607,0.0,0.00207044,-0.798208,-0.995036,-0.333665,-1.0,0.46433,3828.9,55.8,122.5,549.1,100.0,1.0
123963,776,165,8.88125,1.0,-0.052583,0.007209,0.0,0.00305849,0.170276,-0.521047,0.31729,1.0,0.524765,5634.8,62.2,149.2,283.1,100.0,1.0
124121,777,158,-4.446505,0.950227,-0.304374,0.021743,0.0,0.00268832,-0.789231,-1.0,-0.340093,-1.0,0.420887,2806.2,47.1,151.8,269.0,100.0,1.0
124275,778,154,-5.196868,0.619763,-0.158546,0.0,0.0,0.00238303,-0.777041,-0.967622,-0.298864,-1.0,0.420998,3933.4,49.3,126.5,430.1,100.0,1.0
124424,779,149,-6.513522,0.325264,-0.441413,0.018518,0.0,0.00178022,-0.844791,-1.0,-1.0,-1.0,0.379165,1838.4,43.6,123.0,432.8,100.0,1.0
124590,780,166,5.459315,0.353435,-0.039589,0.011455,0.0,0.00191973,0.096347,-0.442186,0.158252,0.868781,0.625774,5935.3,79.4,116.6,600.9,100.0,1.0
124748,781,158,-6.075707,0.968713,-0.378411,0.017579,0.0,0.00190387,-0.840652,-1.0,-0.565164,-1.0,0.536543,3505.1,63.8,149.7,505.1,100.0,1.0
124907,782,159,-7.476663,0.389012,-0.276784,0.0,4e-06,0.00121122,-0.851796,-1.0,-0.402275,-1.0,0.646274,3726.4,83.2,106.7,1108.7,100.0,1.0
125061,783,154,-5.871038,0.507496,-0.088079,0.0,0.0,0.00175662,-0.716787,-0.704556,0.322443,-1.0,0.691571,4935.6,91.7,83.2,635.2,100.0,1.0
125223,784,162,-5.315872,0.969352,-0.340875,0.009947,0.0,0.00217463,-0.756429,-0.925431,-0.026914,-1.0,0.489517,4094.1,59.8,118.4,413.4,100.0,1.0
125382,785,159,-5.349754,1.0,0.685594,0.002159,0.0,0.00225329,-0.824449,-1.0,-0.439744,-1.0,0.521898,2033.2,66.4,95.2,550.8,100.0,1.0
125538,786,156,7.714031,1.0,-0.131964,0.007181,0.0,0.00251299,0.194248,-0.491078,0.821384,0.950951,0.582004,5749.0,73.7,110.5,287.8,100.0,1.0
125697,787,159,-5.783153,1.0,-0.39437,0.001082,0.0,0.00203228,-0.894175,-1.0,-0.777856,-1.0,0.665558,3098.4,83.0,141.0,376.7,100.0,1.0
125864,788,167,-4.938872,1.0,-0.079355,0.0,0.0,0.00209984,-0.726009,-0.773291,0.266228,-1.0,0.637236,4673.8,82.9,94.9,493.1,100.0,1.0
126023,789,159,-6.611394,0.575318,-0.241425,0.003603,9.4e-05,0.00162889,-0.801179,-0.770762,-0.265013,-1.0,0.727949,4683.4,93.6,121.6,833.0,100.0,1.0
126185,790,162,-5.161524,0.850966,-0.376949,0.008939,0.0,0.00228291,-0.809755,-0.991299,-0.209028,-1.0,0.564109,3843.1,69.7,126.5,427.2,100.0,1.0
126344,791,159,-4.370811,1.0,-0.359727,0.015328,0.0,0.00270762,-0.838725,-1.0,-0.938361,-1.0,0.379555,2756.3,43.5,125.6,444.3,100.0,1.0
126510,792,166,-6.98326,0.542335,-0.17291,0.0,0.0,0.00139073,-0.80876,-0.918831,-0.027454,-1.0,0.705227,4119.3,92.1,101.3,734.0,100.0,1.0
126666,793,156,-6.926801,0.2,-0.325488,0.0,0.001753,0.00149768,-0.818378,-0.983309,-0.172507,-1.0,0.621199,3873.6,79.5,108.1,777.1,100.0,1.0
126832,794,166,-5.911245,0.642669,0.681833,0.004481,0.0,0.00189375,-0.846046,-1.0,-0.168454,-1.0,0.716803,3044.0,91.3,130.1,587.9,100.0,1.0
126986,795,154,-6.05545,0.632088,-0.431306,0.0,0.0,0.00195548,-0.849214,-1.0,-0.883216,-1.0,0.44357,2212.4,53.7,112.3,361.5,100.0,1.0
127143,796,157,4.165405,0.25264,-0.097553,0.0,0.0,0.00169012,0.051237,-0.470373,0.260991,0.763989,0.651459,5827.9,82.6,122.2,601.7,100.0,1.0
127309,797,166,-5.925571,0.781936,-0.295639,0.009454,0.0,0.00187746,-0.79856,-0.864614,-0.296866,-1.0,0.61088,4325.8,76.7,123.9,635.4,100.0,1.0
127471,798,162,-5.407343,0.442513,-0.346169,0.00059,0.0,0.00215884,-0.853872,-1.0,-0.669579,-1.0,0.547658,2873.9,63.7,169.3,373.8,100.0,1.0
127635,799,164,-5.891456,0.530589,-0.315025,0.003799,0.0,0.00191059,-0.790264,-1.0,-0.104329,-1.0,0.519326,3797.1,61.9,143.5,562.9,100.0,1.0
127793,800,158,-5.152667,1.0,-0.363548,2e-06,0.0,0.00234812,-0.795943,-0.950683,0.078464,-1.0,0.664474,3997.9,83.6,132.7,365.9,100.0,1.0
127957,801,164,7.083478,0.2,-0.019359,0.0,0.06607,0.0020988,0.193876,-0.410616,0.410088,1.0,0.577914,6055.6,70.2,143.8,563.8,100.0,1.0
128120,802,163,-6.172365,0.350586,-0.334426,0.006661,0.0,0.00178659,-0.824496,-1.0,-0.279583,-1.0,0.586152,3533.6,75.2,99.5,525.8,100.0,1.0
128281,803,161,-5.10715,0.2,-0.397698,0.00384,0.467682,0.00230299,-0.797368,-1.0,0.001802,-1.0,0.590191,3624.6,74.4,116.1,585.9,100.0,1.0
128442,804,161,-5.158058,0.421833,-0.303263,0.0,0.0,0.00228984,-0.845354,-1.0,-0.556719,-1.0,0.558728,3694.3,68.8,129.1,472.2,100.0,1.0
128604,805,162,-3.952122,0.455204,-0.201454,0.010342,0.0,0.00241163,-0.691064,-0.707556,0.29899,-1.0,0.576297,4924.2,69.4,150.6,344.9,100.0,1.0
128761,806,157,-6.704804,0.2,-0.352074,0.0,0.0,0.00159466,-0.818705,-1.0,-0.191069,-1.0,0.598391,3772.0,76.2,108.2,631.0,100.0,1.0
128924,807,163,-4.834837,0.582266,-0.221424,0.003248,0.0,0.00241735,-0.782209,-0.882074,-0.168386,-1.0,0.579409,4259.3,70.0,148.6,400.3,100.0,1.0
129088,808,164,-6.192557,1.0,-0.28293,0.0,0.0,0.00178201,-0.802997,-0.915206,0.085471,-1.0,0.730968,4133.1,94.7,113.0,820.1,100.0,1.0
129244,809,156,-4.736561,0.781385,0.727323,0.000138,0.0,0.00259054,-0.844741,-1.0,-0.026364,-1.0,0.768417,3676.6,100.7,114.0,622.5,100.0,1.0
129402,810,158,-6.190062,1.0,-0.21181,0.012587,0.0,0.00185171,-0.769168,-0.728047,-0.197848,-1.0,0.669486,4846.1,86.1,111.0,895.7,100.0,1.0
129555,811,153,-6.909418,0.557443,-0.256962,0.007629,0.0,0.00154427,-0.828855,-1.0,-0.404998,-1.0,0.55342,3719.2,69.2,115.1,712.9,100.0,1.0
129713,812,158,-6.224979,0.962179,-0.525432,0.011085,9e-06,0.0018301,-0.882598,-1.0,-1.0,-1.0,0.530393,1954.0,62.3,156.7,611.6,100.0,1.0
129867,813,154,-4.134782,1.0,-0.275554,0.000268,0.0,0.00267136,-0.725792,-0.888347,-0.004578,-1.0,0.412989,4235.4,47.6,132.8,375.1,100.0,1.0
130032,814,165,-4.766121,1.0,-0.246144,0.001961,0.0,0.00242916,-0.878257,-1.0,-0.704745,-1.0,0.631128,3579.5,78.6,134.9,582.9,100.0,1.0
130191,815,159,-5.602043,0.885578,-0.488581,0.0,0.0,0.00211617,-0.909834,-1.0,-1.0,-1.0,0.639336,2212.6,80.1,131.6,421.1,100.0,1.0
130350,816,159,-5.231709,0.262325,0.739764,0.000899,0.025834,0.00229499,-0.852433,-1.0,-0.714321,-1.0,0.524002,2071.9,63.6,131.8,366.0,100.0,1.0
130508,817,158,-6.16603,0.546498,-0.27934,0.0,0.0,0.00185371,-0.877987,-1.0,-0.656793,-1.0,0.64923,3115.2,83.4,109.1,859.3,100.0,1.0
130671,818,163,-4.454231,0.2,-0.183918,0.00095,0.166234,0.00258789,-0.777761,-0.999997,-0.207773,-1.0,0.427937,3810.0,50.3,126.9,411.4,100.0,1.0
130835,819,164,-6.512533,0.536993,-0.413413,0.000438,0.0,0.00162382,-0.903345,-1.0,-0.937933,-1.0,0.638207,2765.4,81.4,114.2,614.7,100.0,1.0
130999,820,164,7.151881,0.929749,-0.236539,0.0,0.0,0.00209293,0.200698,-0.552706,0.758343,1.0,0.54784,5514.2,64.9,156.1,403.9,100.0,1.0
131158,821,159,-5.602455,0.725217,-0.313466,0.002649,0.0,0.00211492,-0.825682,-1.0,-0.465082,-1.0,0.516695,3749.0,60.9,151.0,472.0,100.0,1.0
131319,822,161,-5.965893,0.625609,-0.339738,0.001579,0.0,0.00191461,-0.892766,-1.0,-0.566592,-1.0,0.744425,3518.9,96.0,120.9,599.3,100.0,1.0
131476,823,157,-6.805107,0.2,-0.337035,0.001715,0.0,0.00154764,-0.83387,-1.0,-0.538271,-1.0,0.520173,2748.6,65.8,99.2,876.1,100.0,1.0
131633,824,157,-5.596912,0.355882,-0.286213,0.003268,4e-06,0.00213695,-0.824792,-1.0,-0.505533,-1.0,0.496954,3511.3,60.3,125.1,486.3,100.0,1.0
131794,825,161,-6.430469,1.0,-0.168381,0.0,0.0,0.00170571,-0.812335,-1.0,-0.427121,-1.0,0.478493,3310.4,58.1,120.1,626.5,100.0,1.0
131950,826,156,-6.478248,0.2,-0.338399,0.0,0.054176,0.00171633,-0.855778,-1.0,-0.591692,-1.0,0.586434,3029.8,72.4,133.2,508.2,100.0,1.0
132112,827,162,-5.930778,0.330085,-0.341647,0.003555,0.0,0.00191297,-0.847459,-1.0,-0.741911,-1.0,0.493072,2190.3,57.3,153.2,439.5,100.0,1.0
132269,828,157,-6.790734,0.2,-0.541694,0.003975,0.447354,0.00154775,-0.874107,-1.0,-0.844984,-1.0,0.558436,2275.5,70.5,108.0,772.7,100.0,1.0
132430,829,161,-6.983786,0.2,-0.294843,0.000725,0.153838,0.00142407,-0.82244,-0.796011,-0.287912,-1.0,0.778585,4587.2,114.7,131.0,864.1,100.0,1.0
132593,830,163,-5.752353,0.857791,-0.399785,0.0,0.0,0.00199529,-0.836589,-1.0,-0.62966,-1.0,0.494491,2852.4,61.5,107.2,649.6,100.0,1.0
132752,831,159,-5.683628,0.727938,-0.47389,0.016027,0.0,0.00207433,-0.828684,-1.0,-0.310031,-1.0,0.590724,3019.4,73.5,127.4,410.9,100.0,1.0
132917,832,165,-6.46969,0.657484,-0.41644,0.0,0.0,0.0016362,-0.895677,-1.0,-0.735118,-1.0,0.688662,3199.7,88.3,117.9,802.8,100.0,1.0
133081,833,164,4.615669,0.724799,-0.107493,0.019536,0.0,0.00189415,0.040414,-0.645378,0.510016,0.751413,0.599234,5161.1,73.7,139.2,467.6,100.0,1.0
133241,834,160,-4.998411,0.456258,-0.267666,0.002356,1e-05,0.00203137,-0.70511,-0.895517,0.529493,-1.0,0.536721,4208.1,64.9,137.3,604.6,100.0,1.0
133401,835,160,-4.105959,0.465363,-0.075027,0.0,1.6e-05,0.00191333,-0.618267,-0.716889,0.868641,-1.0,0.503635,4888.7,59.0,150.9,623.0,100.0,1.0
133557,836,156,5.527771,0.539638,-0.10091,0.025256,4e-06,0.00211273,0.090586,-0.630396,0.650459,0.823311,0.584742,5218.2,71.5,139.8,566.5,100.0,1.0
133711,837,154,8.400119,0.908863,-0.120215,0.0,0.0,0.00276848,0.21205,-0.619189,0.827815,1.0,0.463735,5260.9,53.2,151.9,473.1,100.0,1.0
133872,838,161,-5.864431,1.0,-0.436963,0.0,0.0,0.00196839,-0.872233,-1.0,-0.614181,-1.0,0.643259,3480.7,82.3,112.1,800.0,100.0,1.0
134032,839,160,3.611926,1.0,-0.079634,0.0,0.0,0.00194071,-0.036005,-0.685409,0.117354,0.678686,0.591451,5008.6,74.6,115.5,436.4,100.0,1.0
134187,840,155,-5.736395,0.2,-0.222761,0.0,0.003264,0.00209123,-0.840237,-1.0,-0.683587,-1.0,0.487511,2890.8,57.0,147.3,525.1,100.0,1.0
134345,841,158,-5.769705,0.72591,-0.372053,0.0,5.7e-05,0.00204541,-0.822387,-1.0,-0.39676,-1.0,0.530845,3173.7,62.5,155.9,647.6,100.0,1.0
134506,842,161,4.002535,0.614841,-0.097127,0.0,0.0,0.00193121,-0.006831,-0.63249,0.187776,0.710032,0.605996,5210.2,76.2,121.3,619.6,100.0,1.0
134664,843,158,-7.18458,0.326201,-0.307254,0.003657,0.0,0.00135647,-0.854963,-1.0,-0.394024,-1.0,0.662242,3382.4,85.8,102.8,777.7,100.0,1.0
134823,844,159,5.420391,0.55603,0.000466,0.01312,1.2e-05,0.00184238,0.118688,-0.659827,0.635543,0.892512,0.547658,5106.1,67.5,125.8,549.4,100.0,1.0
134986,845,163,-3.853398,0.494186,-0.485747,0.009986,0.0,0.00286761,-0.854881,-1.0,-0.510365,-1.0,0.615379,2903.1,70.7,200.5,367.7,100.0,1.0
135137,846,151,-5.957514,1.0,-0.413557,0.0,0.0,0.00205157,-0.869862,-1.0,-0.681267,-1.0,0.606943,2878.9,76.0,124.8,368.1,100.0,1.0
135295,847,158,-6.188586,0.348598,-0.184304,0.001724,0.000107,0.00179716,-0.754197,-0.837455,0.007393,-1.0,0.582288,4429.3,72.0,130.5,593.7,100.0,1.0
135460,848,165,-5.543408,0.2,-0.283065,0.003517,7e-06,0.00205273,-0.863559,-0.929501,-0.5371,-1.0,0.709895,4078.6,89.7,136.4,499.8,100.0,1.0
135624,849,164,-6.170519,0.33772,0.667886,0.0,0.0,0.00178935,-0.893967,-1.0,-0.477822,-1.0,0.784738,2802.3,99.0,152.9,540.3,100.0,1.0
135788,850,164,-5.890268,0.387142,-0.377119,0.003006,1e-06,0.00190751,-0.854906,-1.0,-0.370119,-1.0,0.671577,3593.5,84.4,134.1,554.4,100.0,1.0
135944,851,156,-5.656253,0.2,-0.257198,0.0,0.298381,0.0021138,-0.812572,-1.0,-0.46884,-1.0,0.462752,3741.3,53.6,145.4,503.2,100.0,1.0
136101,852,157,-5.577152,0.806037,-0.310099,0.001995,0.0,0.00215426,-0.84128,-1.0,-0.473804,-1.0,0.5756,3008.5,66.8,180.5,478.6,100.0,1.0
136265,853,164,-6.351535,1.0,-0.349448,0.0,0.0,0.00170734,-0.861185,-0.973652,-0.338608,-1.0,0.735645,3910.4,94.0,129.4,673.7,100.0,1.0
136429,854,164,-6.301024,1.0,-0.357382,0.0,0.0,0.00173062,-0.803191,-1.0,-0.124242,-1.0,0.563069,3483.1,71.7,101.6,491.1,100.0,1.0
136592,855,163,-5.741362,0.084214,-0.310367,0.012575,0.0,0.00198268,-0.760793,-0.720226,0.13486,-1.0,0.776891,4875.9,106.9,128.2,570.4,100.0,1.0
136752,856,160,-3.595998,0.2,-0.182923,0.001232,0.001192,0.0026905,-0.703884,-0.729909,0.159524,-1.0,0.549438,4839.0,62.6,185.7,331.4,100.0,1.0
136914,857,162,-5.994667,0.774478,-0.463821,0.00957,1e-05,0.00188956,-0.854354,-1.0,-0.516916,-1.0,0.61065,3126.6,73.9,156.1,662.0,100.0,1.0
137081,858,167,-5.977095,0.598513,-0.467733,0.0,3e-06,0.00183753,-0.855393,-1.0,-0.668172,-1.0,0.554305,2565.0,64.7,168.5,383.9,100.0,1.0
137241,859,160,3.674279,0.253198,-0.327041,0.0,0.006837,0.00222574,-0.076873,-0.661382,0.299472,0.554412,0.65296,5100.1,82.0,131.3,457.8,100.0,1.0
137405,860,164,8.350603,0.643159,-0.040081,0.0,8e-06,0.00263772,0.201944,-0.580845,0.552954,1.0,0.432559,5407.0,48.8,151.6,398.3,100.0,1.0
137566,861,161,-6.039622,0.2,-0.30259,0.004482,0.034301,0.00186921,-0.8334,-1.0,-0.219305,-1.0,0.64588,3649.5,79.7,146.8,919.7,100.0,1.0
137724,862,158,-6.192313,0.563404,-0.130361,0.0,3e-06,0.00165209,-0.731549,-0.846707,0.046792,-1.0,0.498208,4394.0,62.8,98.2,663.3,100.0,1.0
137883,863,159,4.260321,0.053677,-0.004045,0.001028,0.0,0.00184416,0.030438,-0.522783,0.440697,0.705119,0.659933,5628.2,82.5,137.2,718.7,100.0,1.0
138043,864,160,-6.126589,0.399662,-0.45803,0.001417,7.5e-05,0.00184152,-0.913875,-1.0,-0.965612,-1.0,0.669255,2491.2,83.0,147.0,468.3,100.0,1.0
138199,865,156,-6.155676,1.0,-0.310789,0.0,0.0,0.0018901,-0.830193,-0.950165,-0.412097,-1.0,0.60577,3999.9,76.3,119.4,849.8,100.0,1.0
138360,866,161,-5.013107,0.678732,-0.305632,0.01271,0.0,0.00236339,-0.840941,-0.907188,-0.427645,-1.0,0.685517,4163.6,84.6,155.4,546.7,100.0,1.0
138522,867,162,-6.55934,0.840566,-0.372816,0.004989,0.0,0.00162684,-0.866133,-1.0,-0.291818,-1.0,0.747806,3741.7,95.8,128.8,844.8,100.0,1.0
138673,868,151,-6.90896,0.2,-0.302693,0.0,0.026821,0.00155546,-0.833295,-1.0,-0.479618,-1.0,0.541332,3379.5,66.2,130.4,765.9,100.0,1.0
138840,869,167,-5.422899,0.468989,-0.03664,0.0,7.3e-05,0.00168982,-0.694176,-0.733529,0.351529,-1.0,0.583789,4825.3,72.8,123.4,969.7,100.0,1.0
139000,870,160,-5.809463,0.6735,-0.324429,0.003124,0.0,0.00200002,-0.775612,-1.0,0.0714,-1.0,0.53101,3618.0,65.6,120.0,470.3,100.0,1.0
139158,871,158,-6.362041,1.0,-0.178657,2.9e-05,0.0,0.00176871,-0.776852,-0.755174,-0.273769,-1.0,0.642725,4742.8,80.1,137.3,600.6,100.0,1.0
139315,872,157,5.250538,0.651553,-0.007603,0.001755,2e-06,0.00205872,0.07553,-0.619705,0.09379,0.906862,0.566669,5258.9,68.9,140.1,590.5,100.0,1.0
139478,873,163,-6.414662,0.679836,-0.468414,0.0,0.0,0.00167875,-0.877519,-1.0,-0.730342,-1.0,0.61794,3090.3,77.4,126.8,599.7,100.0,1.0
139638,874,160,-6.773228,0.698345,-0.203719,0.00121,0.0,0.00154377,-0.764158,-0.758062,0.033094,-1.0,0.711807,4731.8,92.1,111.6,1020.8,100.0,1.0
139797,875,159,-5.9014,0.899915,-0.288568,0.001319,0.0,0.00197288,-0.845467,-1.0,-0.673073,-1.0,0.51264,3175.6,62.5,125.0,525.0,100.0,1.0
139956,876,159,-6.02462,0.779249,-0.481468,0.001067,0.0,0.00190898,-0.891942,-1.0,-0.748009,-1.0,0.668563,2787.6,83.3,142.0,527.3,100.0,1.0
140121,877,165,-6.719095,0.219132,-0.283081,0.0,0.056818,0.00151017,-0.860177,-0.995087,-0.524726,-1.0,0.635732,3828.7,80.9,115.8,856.0,100.0,1.0
140283,878,162,-5.605408,0.2,-0.309198,0.0,0.200851,0.00205794,-0.823464,-1.0,-0.311023,-1.0,0.569448,3209.2,70.6,125.7,734.3,100.0,1.0
140444,879,161,-5.591074,0.343849,-0.24035,0.0,0.030749,0.00208305,-0.802995,-1.0,-0.415473,-1.0,0.445789,2792.8,52.7,128.5,471.3,100.0,1.0
140599,880,155,-5.546947,0.2,-0.337269,0.0,0.0,0.00218108,-0.824238,-1.0,-0.723222,-1.0,0.407664,2624.1,47.9,120.9,693.4,100.0,1.0
140763,881,164,-5.495889,0.2,-0.295662,0.005653,0.006155,0.00208551,-0.800832,-0.958527,-0.137967,-1.0,0.589615,3968.0,70.2,163.9,803.5,100.0,1.0
140922,882,159,-5.64132,1.0,-0.457186,0.011409,0.0,0.00209727,-0.866149,-1.0,-0.668126,-1.0,0.597347,3007.8,73.2,142.0,410.1,100.0,1.0
141083,883,161,-6.768214,0.007421,-0.255529,0.0,2e-06,0.00152107,-0.809913,-0.860476,-0.328829,-1.0,0.647643,4341.6,81.4,130.1,830.8,100.0,1.0
141244,884,161,3.931976,0.2,-0.165192,0.0,0.051128,0.00181032,0.007069,-0.674913,0.382528,0.714389,0.592843,5048.6,73.6,129.2,854.9,100.0,1.0
141403,885,159,-6.036218,0.330861,-0.366962,0.002767,0.0,0.00189462,-0.829815,-1.0,-0.358198,-1.0,0.575979,3684.8,72.6,112.9,517.3,100.0,1.0
141562,886,159,-6.392504,0.2,-0.133714,0.0,0.076915,0.0017239,-0.768002,-1.0,0.350161,-1.0,0.612072,3760.5,79.3,94.4,908.5,100.0,1.0
141724,887,162,-5.127917,1.0,-0.256068,0.000467,0.0,0.00230078,-0.788022,-0.860549,-0.192716,-1.0,0.614452,4341.3,74.9,150.4,546.7,100.0,1.0
141881,888,157,-6.212653,0.2,-0.236236,0.0,0.0,0.00183225,-0.838696,-0.988639,-0.46435,-1.0,0.580405,3853.3,72.0,127.2,594.1,100.0,1.0
142044,889,163,-5.885929,0.765673,-0.461037,0.003056,0.0,0.00192625,-0.863685,-1.0,-0.29376,-1.0,0.737238,2875.0,92.6,148.2,512.3,100.0,1.0
142208,890,164,-6.289685,0.693515,-0.252709,0.0,0.0,0.00172879,-0.815801,-0.978641,-0.223201,-1.0,0.595282,3891.4,75.3,113.9,731.5,100.0,1.0
142363,891,155,-5.520398,1.0,-0.292471,0.0,0.0,0.00221215,-0.838275,-1.0,-0.658559,-1.0,0.489678,3262.0,58.1,138.3,404.5,100.0,1.0
142526,892,163,-4.740404,0.418648,-0.075035,0.000808,2.4e-05,0.00222566,-0.7227,-0.714915,0.045639,-1.0,0.594142,4896.2,72.0,150.4,603.7,100.0,1.0
142687,893,161,-5.156508,0.2,-0.192291,0.002286,0.35,0.00216171,-0.739478,-0.763978,0.356953,-1.0,0.736713,4709.2,95.1,118.6,735.0,100.0,1.0
142844,894,157,-6.623688,0.534242,-0.287798,0.014103,0.0,0.00164019,-0.812436,-0.849808,-0.123846,-1.0,0.750398,4382.2,96.2,128.8,955.1,100.0,1.0
143001,895,157,-6.01887,0.396045,-0.156998,0.0,0.0,0.00193135,-0.76189,-0.791152,-0.08435,-1.0,0.622669,4605.7,80.2,101.5,620.8,100.0,1.0
143162,896,161,-4.070484,0.479035,-0.174135,0.0,6.5e-05,0.00280349,-0.833658,-1.0,-0.532676,-1.0,0.521562,3705.6,60.0,169.0,473.8,100.0,1.0
143320,897,158,-6.553824,0.2,-0.282941,0.003234,0.113356,0.00165571,-0.84925,-1.0,-0.529327,-1.0,0.585271,3402.2,74.5,106.5,769.2,100.0,1.0
143481,898,161,-6.471211,0.721643,-0.195241,0.0,0.0,0.00167732,-0.796177,-0.967968,-0.271522,-1.0,0.508132,3932.0,62.6,116.9,662.4,100.0,1.0
143643,899,162,-4.790529,0.2,-0.352656,0.0,0.010829,0.00244132,-0.867741,-1.0,-0.726832,-1.0,0.580233,2851.4,68.2,171.6,535.8,100.0,1.0
143798,900,155,-5.996004,0.98826,-0.217797,0.0,0.0,0.00170353,-0.719422,-0.780521,0.08053,-1.0,0.529379,4646.2,66.6,104.9,401.5,100.0,1.0
143961,901,163,3.62571,0.432855,-0.080716,0.001198,0.0,0.0015756,0.018491,-0.531601,0.234189,0.719618,0.6395,5594.6,81.3,116.9,738.3,100.0,1.0
144124,902,163,6.777466,0.540301,-0.044241,0.002009,0.0,0.00179842,0.22124,-0.245461,0.57825,0.978331,0.666209,6684.8,84.5,124.8,503.8,100.0,1.0
144288,903,164,-6.618173,0.42891,-0.368166,0.0,8e-06,0.0015693,-0.897259,-1.0,-0.531411,-1.0,0.776471,3413.8,99.3,136.0,885.2,100.0,1.0
144445,904,157,-5.813103,0.735815,-0.318675,0.002256,0.0,0.00203599,-0.863539,-1.0,-0.625257,-1.0,0.604053,3462.7,74.2,141.3,876.8,100.0,1.0
144609,905,164,-4.411561,1.0,0.687343,0.001613,0.0,0.0026156,-0.872518,-1.0,-0.668147,-1.0,0.622814,2367.0,77.4,135.4,240.8,100.0,1.0
144767,906,158,-5.359278,0.2,-0.422353,0.0,0.075061,0.00222758,-0.795059,-1.0,-0.515542,-1.0,0.374021,2559.5,40.7,148.2,529.9,100.0,1.0
144926,907,159,-5.82163,0.25566,-0.295604,0.0,0.008829,0.00199663,-0.836765,-0.991655,-0.489042,-1.0,0.559789,3841.8,69.7,120.3,681.4,100.0,1.0
145086,908,160,-5.128249,0.948923,-0.266365,0.0,0.0,0.00196481,-0.703669,-0.728164,0.396283,-1.0,0.645024,4845.7,80.6,134.4,469.7,100.0,1.0
145258,909,172,-6.74827,0.351042,-0.211415,0.003007,0.007826,0.00143955,-0.793061,-0.905452,-0.312439,-1.0,0.541815,4170.2,67.9,111.4,897.5,100.0,1.0
145419,910,161,6.118369,0.001624,-0.046577,0.007355,0.0,0.00196575,0.147849,-0.454464,0.89397,0.825846,0.633081,5888.5,80.6,114.5,498.9,100.0,1.0
145575,911,156,-6.013019,0.212212,0.71236,0.001283,0.0,0.00195296,-0.883755,-1.0,-0.623585,-1.0,0.685588,2141.9,89.4,99.7,807.7,100.0,1.0
145736,912,161,7.283465,1.0,-0.04478,0.0,0.0,0.00227912,0.185679,-0.57613,0.647817,1.0,0.540281,5424.9,65.7,134.4,513.5,100.0,1.0
145895,913,159,-5.500232,0.782758,-0.276178,0.0,0.0,0.00216054,-0.842923,-1.0,-0.781834,-1.0,0.458957,2676.4,55.2,120.9,475.5,100.0,1.0
146064,914,169,2.945599,0.2,0.045667,0.002519,0.01386,0.00173412,-0.069601,-0.441795,0.20126,0.513656,0.738962,5936.8,98.1,87.6,925.6,100.0,1.0
146223,915,159,-4.271876,0.236984,-0.17827,0.00042,2.1e-05,0.0022583,-0.683055,-0.836243,0.482635,-1.0,0.489032,4433.9,58.3,135.0,375.6,100.0,1.0
146381,916,158,-6.192126,0.2,-0.430011,0.0,0.0,0.00182645,-0.83836,-1.0,-0.407901,-1.0,0.59028,3145.8,72.9,132.8,662.7,100.0,1.0
146545,917,164,-6.592506,0.2,-0.390243,0.010253,0.0,0.00157487,-0.881617,-1.0,-0.764908,-1.0,0.620505,2884.5,76.5,141.5,884.9,100.0,1.0
146701,918,156,-5.545792,1.0,-0.330606,0.02239,0.0,0.00218301,-0.851511,-1.0,-0.918503,-1.0,0.438644,2708.0,52.1,123.5,351.7,100.0,1.0
146860,919,159,-6.486124,0.42733,-0.366026,0.0,0.0,0.00168086,-0.85463,-1.0,-0.675988,-1.0,0.548125,3017.4,67.1,130.2,840.6,100.0,1.0
147018,920,158,2.850777,0.682437,-0.102387,0.0,0.0,0.00126515,0.016318,-0.669143,0.37866,0.725764,0.578272,5070.6,73.5,106.8,944.0,100.0,1.0
147170,921,152,4.642209,0.221351,-0.038781,0.0,0.01828,0.00166345,0.099074,-0.450998,0.162538,0.878558,0.623413,5901.7,78.5,122.7,509.6,100.0,1.0
147325,922,155,-6.70597,0.330697,-0.430668,0.002325,0.01326,0.00161234,-0.878419,-1.0,-0.996894,-1.0,0.51492,2137.6,59.8,160.9,831.2,100.0,1.0
147488,923,163,4.264745,0.979836,-0.038027,0.00589,0.0,0.00192413,0.009601,-0.539799,-0.001611,0.759201,0.635872,5563.4,79.1,137.4,552.6,100.0,1.0
147654,924,166,-5.502663,0.687655,-0.252734,0.003236,0.0,0.00206404,-0.794908,-0.953433,-0.088815,-1.0,0.590673,3987.4,70.8,158.0,421.4,100.0,1.0
147810,925,156,-5.810803,1.0,-0.409578,0.001554,0.0,0.00205183,-0.869085,-1.0,-0.518662,-1.0,0.668877,3743.1,83.7,137.8,493.8,100.0,1.0
147967,926,157,-5.912475,1.0,-0.055836,0.0,0.0,0.0018508,-0.738608,-0.747866,-0.139101,-1.0,0.550927,4770.6,69.4,108.3,604.9,100.0,1.0
148119,927,152,-5.835102,0.493735,-0.121987,0.004029,0.0,0.00187322,-0.726894,-0.788049,-0.106633,-1.0,0.476875,4617.5,57.4,125.1,600.1,100.0,1.0
148278,928,159,-6.197839,0.690625,-0.340216,0.0,5.2e-05,0.00182265,-0.843641,-1.0,-0.337624,-1.0,0.639515,3694.2,78.6,148.7,484.0,100.0,1.0
148435,929,157,-5.360529,0.2,-0.13988,0.001305,0.098086,0.00151773,-0.644384,-0.708232,0.77579,-1.0,0.579618,4921.6,72.2,123.7,756.3,100.0,1.0
148598,930,163,7.7035,0.8676,-0.100976,0.018829,0.0,0.00228042,0.211839,-0.407964,0.568075,1.0,0.57191,6065.7,68.3,156.5,364.4,100.0,1.0
148753,931,155,-5.506274,0.725361,-0.026175,0.000371,0.0,0.00178008,-0.692932,-0.694515,0.191466,-1.0,0.5538,4973.9,68.0,129.3,737.2,100.0,1.0
148908,932,155,-4.941289,1.0,-0.299287,0.0,0.0,0.00249027,-0.8056,-1.0,-0.40217,-1.0,0.46153,3586.3,53.4,145.8,296.5,100.0,1.0
149070,933,162,-5.033485,0.895291,-0.364384,0.001763,7.2e-05,0.00233678,-0.866057,-1.0,-0.773126,-1.0,0.554979,3288.6,68.1,130.1,483.3,100.0,1.0
149226,934,156,-6.520528,1.0,-0.308505,0.0,0.0,0.00170806,-0.850681,-1.0,-0.662006,-1.0,0.537921,3261.8,66.8,116.9,674.9,100.0,1.0
149388,935,162,2.821258,0.346457,-0.122626,0.000492,0.0,0.00164957,-0.053495,-0.629483,0.371798,0.582006,0.664429,5221.7,82.5,144.7,560.2,100.0,1.0
149539,936,151,5.933755,0.2,-0.187526,0.000407,0.220964,0.00204304,0.140777,-0.679914,0.575903,0.962554,0.527425,5029.5,64.1,131.6,524.6,100.0,1.0
149696,937,157,-5.471052,0.455018,-0.310134,0.003038,7.4e-05,0.00218977,-0.774972,-1.0,-0.14744,-1.0,0.440912,3296.1,50.3,147.9,350.0,100.0,1.0
149855,938,159,-6.146941,0.304526,-0.415803,0.002535,0.032742,0.00183558,-0.883652,-1.0,-0.632841,-1.0,0.681471,3298.8,85.2,141.2,547.4,100.0,1.0
150009,939,154,-6.841293,0.2,-0.384815,0.002315,0.10071,0.00155136,-0.846039,-1.0,-0.368284,-1.0,0.636842,3115.1,82.5,98.6,779.5,100.0,1.0
150171,940,162,-4.524793,0.510164,0.704107,0.0,2e-06,0.00257863,-0.820802,-1.0,-0.381509,-1.0,0.530604,2421.0,64.9,127.7,434.4,100.0,1.0
150334,941,163,-4.39022,0.337786,-0.242574,0.009186,0.0,0.00261032,-0.783978,-0.979713,-0.163539,-1.0,0.490785,3887.3,57.1,151.3,228.8,100.0,1.0
150499,942,165,-4.86527,1.0,-0.311531,0.0,0.0,0.00226617,-0.742447,-0.7595,-0.1216,-1.0,0.561649,4726.3,67.6,147.1,457.6,100.0,1.0
150656,943,157,-6.922735,0.2,-0.177923,0.0,0.020187,0.0014864,-0.786481,-0.961262,-0.111427,-1.0,0.54009,3957.6,67.0,118.9,845.4,100.0,1.0
150816,944,160,-5.043945,1.0,-0.184442,0.0,0.0,0.00221794,-0.736871,-0.720715,0.156026,-1.0,0.689178,4874.1,87.4,129.2,504.7,100.0,1.0
150975,945,159,6.791749,0.2,0.006488,0.0,0.031679,0.00187878,0.215514,-0.365803,0.427787,1.0,0.543254,6226.3,68.7,104.1,601.6,100.0,1.0
151133,946,158,-5.945731,0.2,-0.467097,0.000249,0.093891,0.00194,-0.820144,-1.0,-0.460699,-1.0,0.496295,2355.4,60.2,125.0,451.6,100.0,1.0
151292,947,159,-5.920822,0.845545,-0.328362,0.005712,0.0,0.0019564,-0.850893,-1.0,-0.810058,-1.0,0.479547,2430.1,56.5,140.1,505.9,100.0,1.0
151442,948,150,-6.165357,0.498221,-0.333391,9e-05,0.0,0.00194237,-0.827875,-1.0,-0.571857,-1.0,0.482758,2934.4,57.9,129.6,550.2,100.0,1.0
151606,949,164,-5.511082,0.2,-0.137111,0.017511,0.038646,0.00181932,-0.715555,-0.817987,0.141317,-1.0,0.500761,4503.5,62.1,110.4,622.0,100.0,1.0
151765,950,159,-5.553044,1.0,-0.223045,0.006696,2e-05,0.00210148,-0.754483,-0.790314,-0.094645,-1.0,0.589761,4608.9,73.4,127.0,465.1,100.0,1.0
151925,951,160,-6.20082,0.477833,-0.367807,0.004933,6e-06,0.00180288,-0.86319,-1.0,-0.445259,-1.0,0.674656,3632.1,83.8,146.6,732.5,100.0,1.0
152089,952,164,4.168732,0.582722,-0.120812,0.0,2e-06,0.00196112,-0.006109,-0.515916,0.294199,0.660257,0.68261,5654.4,85.1,144.4,684.6,100.0,1.0
152245,953,156,-5.784689,0.628032,-0.358858,0.0,4.6e-05,0.00205401,-0.803186,-0.978398,-0.330861,-1.0,0.502001,3892.3,60.3,133.7,463.9,100.0,1.0
152405,954,160,-6.373549,1.0,-0.249801,0.000446,0.0,0.00173374,-0.792642,-0.961854,-0.037161,-1.0,0.593849,3955.3,75.2,112.4,488.8,100.0,1.0
152566,955,161,-4.759477,0.65561,-0.235421,0.009329,0.0,0.00247407,-0.786626,-0.981495,-0.294491,-1.0,0.447213,3880.5,50.8,152.6,385.3,100.0,1.0
152723,956,157,-6.297166,0.875799,-0.39388,0.0,0.0,0.00179933,-0.774667,-1.0,0.132345,-1.0,0.551605,3464.9,68.6,119.2,449.5,100.0,1.0
152884,957,161,-5.814318,0.37627,-0.320113,0.005545,0.0,0.00197143,-0.827283,-1.0,-0.40881,-1.0,0.545606,3186.0,64.1,161.2,558.0,100.0,1.0
153043,958,159,4.143116,0.412051,-0.060362,0.0,0.013553,0.0020887,-0.018577,-0.636168,-0.201863,0.769369,0.588385,5196.2,73.4,124.1,476.9,100.0,1.0
153202,959,159,-6.175034,0.469228,-0.469946,0.022909,0.0,0.00182385,-0.813874,-1.0,-0.243313,-1.0,0.558169,2864.2,66.1,159.3,442.7,100.0,1.0
153361,960,159,-6.776368,0.666835,-0.386015,0.001183,0.0,0.00154355,-0.843787,-0.968882,-0.148555,-1.0,0.746845,3928.6,94.8,138.5,632.1,100.0,1.0
153521,961,160,-5.446537,1.0,-0.206933,0.0,0.0,0.00217216,-0.8403,-1.0,-0.529647,-1.0,0.549343,3539.5,66.7,137.4,589.4,100.0,1.0
153687,962,166,4.588858,0.71229,-0.118998,0.004219,7e-06,0.00233054,-0.039712,-0.562459,0.13793,0.629801,0.659242,5477.0,84.0,118.6,426.1,100.0,1.0
153847,963,160,-5.460564,0.81627,-0.30206,0.0,0.0,0.00215997,-0.826735,-1.0,-0.538148,-1.0,0.491681,3269.5,58.6,136.2,384.6,100.0,1.0
154010,964,163,-4.902208,0.618795,-0.323019,0.001397,0.0,0.00237489,-0.809673,-1.0,-0.25089,-1.0,0.538337,3311.6,64.7,142.9,321.5,100.0,1.0
154172,965,162,-5.576641,1.0,0.660121,0.004466,0.0,0.00209503,-0.863095,-1.0,-0.824226,-1.0,0.522691,1996.7,64.5,118.7,291.0,100.0,1.0
154339,966,167,-5.835859,0.319373,-0.343284,0.0,0.0091,0.00188868,-0.850867,-1.0,-0.455067,-1.0,0.621439,3752.0,76.9,138.3,691.3,100.0,1.0
154502,967,163,-5.190769,-0.630734,-0.396211,6.3e-05,0.438065,0.00220955,-0.88275,-1.0,-0.700412,-1.0,0.650836,3293.6,80.7,143.2,577.6,100.0,1.0
154667,968,165,4.619504,1.0,-0.057912,0.0,0.0,0.00205861,0.009853,-0.522133,0.094409,0.734435,0.651315,5630.7,81.2,138.7,660.7,100.0,1.0
154832,969,165,-7.066681,0.580179,-0.148673,0.0,0.0,0.00135518,-0.792328,-0.836731,-0.19617,-1.0,0.654112,4432.1,82.4,129.0,887.4,100.0,1.0
154991,970,159,7.286287,0.2,-0.181282,0.002916,0.074452,0.00205267,0.224686,-0.466897,0.890319,1.0,0.590489,5841.1,72.7,135.4,424.9,100.0,1.0
155150,971,159,-4.924209,0.718017,-0.16835,0.014051,0.0,0.0021566,-0.715302,-0.738235,0.051128,-1.0,0.543424,4807.3,66.9,125.1,861.8,100.0,1.0
155312,972,162,-6.044032,0.635687,-0.407029,0.0,0.0,0.00185515,-0.882267,-1.0,-0.664787,-1.0,0.663153,3001.7,81.3,156.9,504.8,100.0,1.0
155469,973,157,-5.673251,0.423632,-0.258193,0.0,2e-06,0.00209018,-0.759926,-0.920162,-0.079923,-1.0,0.487571,4114.2,57.9,136.8,619.8,100.0,1.0
155632,974,163,-4.544725,0.167688,-0.365081,0.002179,0.0,0.00253007,-0.863272,-1.0,-0.808014,-1.0,0.529883,3110.7,59.8,185.1,301.8,100.0,1.0
155791,975,159,-6.63644,0.496403,-0.394128,0.000882,0.0,0.00160611,-0.832695,-1.0,-0.460134,-1.0,0.546728,3142.4,67.2,126.7,492.7,100.0,1.0
155961,976,170,-6.449733,0.2,-0.244929,0.0,0.129333,0.00157978,-0.77768,-0.759423,-0.135599,-1.0,0.697055,4726.6,86.6,151.9,768.3,100.0,1.0
156124,977,163,-5.578566,0.257709,-0.440477,0.0,4.9e-05,0.0020517,-0.833611,-1.0,-0.275852,-1.0,0.624102,3487.5,77.8,132.9,542.8,100.0,1.0
156282,978,158,4.283929,0.679011,-0.045873,0.0,0.0,0.00223191,-0.028617,-0.671577,-0.122758,0.744455,0.584916,5061.3,72.5,128.6,476.3,100.0,1.0
156435,979,153,-6.131051,0.745098,-0.090655,0.0,0.0,0.00175782,-0.732538,-0.712987,-0.108026,-1.0,0.573954,4903.5,69.4,147.2,551.3,100.0,1.0
156590,980,155,-4.74244,0.752906,-0.132106,0.01198,0.0,0.00229076,-0.713709,-0.735157,0.188487,-1.0,0.595073,4819.1,71.1,161.9,379.4,100.0,1.0
156750,981,160,-4.831466,0.537627,0.77246,0.00596,9e-06,0.00246356,-0.880401,-1.0,-0.358048,-1.0,0.778385,2741.5,101.0,130.6,597.3,100.0,1.0
156908,982,158,-5.147308,0.406172,-0.19723,0.0,5e-06,0.00232886,-0.798694,-1.0,-0.168283,-1.0,0.527463,3762.6,64.6,125.5,689.3,100.0,1.0
157073,983,165,-4.62589,0.531255,-0.232037,0.002326,0.0,0.00247129,-0.78545,-0.912746,0.005513,-1.0,0.63126,4142.4,76.6,158.5,470.8,100.0,1.0
157232,984,159,-5.569308,0.2,-0.042296,0.010873,0.0,0.00170196,-0.691779,-0.691823,0.452235,-1.0,0.656188,4984.2,83.1,123.9,540.1,100.0,1.0
157388,985,156,-6.577769,0.909872,-0.349921,0.0,0.0,0.00167468,-0.853611,-1.0,-0.440891,-1.0,0.638087,3497.1,81.4,114.2,507.5,100.0,1.0
157549,986,161,-5.379311,0.2,-0.318242,0.002415,0.006482,0.00217045,-0.869234,-1.0,-0.867003,-1.0,0.530136,2890.9,62.6,153.7,484.2,100.0,1.0
157711,987,162,-6.304226,0.434319,-0.253696,0.013968,0.0,0.00173128,-0.773266,-0.893972,-0.057085,-1.0,0.576257,4214.0,70.4,138.6,711.9,100.0,1.0
157869,988,158,6.463655,0.026909,-0.037842,0.0,0.0,0.00227084,0.129997,-0.639974,0.135639,1.0,0.494292,5181.7,61.1,110.4,321.1,100.0,1.0
158024,989,155,-5.116789,0.411099,-0.266303,0.013418,1.3e-05,0.00238757,-0.78972,-1.0,-0.068344,-1.0,0.531541,3086.2,61.9,163.7,353.9,100.0,1.0
158186,990,162,-5.150013,0.659672,-0.112222,0.0,0.0,0.00224386,-0.752991,-0.856143,-0.029766,-1.0,0.543915,4358.1,62.4,179.1,352.1,100.0,1.0
158340,991,154,-6.957172,0.775273,0.681927,0.0,0.0,0.00152046,-0.929264,-1.0,-1.0,-1.0,0.717057,2323.5,92.2,118.9,875.2,100.0,1.0
158505,992,165,5.237899,0.665659,-0.144463,0.0,0.0,0.00188146,0.085636,-0.641805,0.632327,0.828229,0.593748,5174.7,70.8,164.0,500.1,100.0,1.0
158662,993,157,-6.206195,0.667519,-0.396153,0.001303,0.0,0.00183655,-0.851059,-1.0,-0.500381,-1.0,0.604083,3072.6,75.0,131.6,447.6,100.0,1.0
158820,994,158,-5.204418,0.2,-0.426772,0.0,0.048754,0.00229314,-0.891981,-1.0,-0.934964,-1.0,0.593938,2520.8,70.2,170.9,366.1,100.0,1.0
158977,995,157,-5.645622,0.266654,-0.305148,0.002214,0.041718,0.00209866,-0.80421,-1.0,-0.463643,-1.0,0.431383,3091.7,49.4,142.8,466.3,100.0,1.0
159134,996,157,-6.636312,0.486375,-0.241016,0.014298,0.0,0.00154967,-0.745109,-0.773719,0.209447,-1.0,0.690494,4672.1,87.7,127.3,980.7,100.0,1.0
159297,997,163,-5.826932,1.0,-0.329406,0.002946,0.0,0.00195296,-0.870953,-1.0,-0.908933,-1.0,0.52024,3066.7,61.5,150.0,495.0,100.0,1.0
159450,998,153,-3.852694,0.76453,-0.153942,0.0,0.0,0.0030536,-0.796461,-1.0,-0.514186,-1.0,0.380169,3560.7,40.9,156.0,390.1,100.0,1.0
159603,999,153,-6.460948,1.0,-0.358346,0.003285,2.8e-05,0.00176774,-0.76614,-1.0,0.190635,-1.0,0.540813,3590.4,67.9,109.6,467.0,100.0,1.0
159761,1000,158,-5.755763,0.472353,-0.114907,0.0,0.0,0.00193263,-0.740745,-0.745947,-0.002286,-1.0,0.61612,4777.9,77.1,127.4,509.9,100.0,1.0
159923,1001,162,-6.043666,0.801616,-0.32971,0.0,0.0,0.0018603,-0.832935,-0.949811,-0.331474,-1.0,0.64934,4001.2,82.9,115.3,517.7,100.0,1.0
160080,1002,157,6.734374,0.957859,-0.036968,0.0,0.0,0.00224473,0.15688,-0.493679,0.185887,1.0,0.553156,5739.1,68.0,128.2,403.0,100.0,1.0
160243,1003,163,-5.507629,0.597191,-0.343276,0.0,5e-06,0.00209257,-0.866954,-1.0,-0.426486,-1.0,0.697221,3778.0,87.6,139.5,564.3,100.0,1.0
160402,1004,159,-5.668141,0.2,-0.180287,0.003819,0.236952,0.0020601,-0.76853,-0.824299,-0.169202,-1.0,0.582139,4479.4,68.8,167.3,651.9,100.0,1.0
160559,1005,157,-5.92038,0.250995,-0.350484,0.0,0.0,0.00196619,-0.866289,-1.0,-0.726841,-1.0,0.574421,3499.6,69.7,143.8,555.1,100.0,1.0
160723,1006,164,7.447556,0.2,0.019107,0.0,0.0,0.00239955,0.169733,-0.42522,0.225188,1.0,0.585923,5999.9,72.5,131.2,440.5,100.0,1.0
160886,1007,163,-5.542498,0.352266,-0.155161,0.000112,7e-06,0.00207352,-0.816171,-0.997623,-0.294053,-1.0,0.54944,3819.1,67.2,132.1,678.8,100.0,1.0
161040,1008,154,-5.755863,1.0,-0.507819,0.00304,0.0,0.00209996,-0.877833,-1.0,-0.689186,-1.0,0.635658,2629.5,78.5,143.3,273.6,100.0,1.0
161198,1009,158,-6.374343,0.913094,-0.189925,0.0,0.0,0.00175303,-0.759153,-0.806037,0.083159,-1.0,0.663838,4549.0,84.0,125.9,673.6,100.0,1.0
161358,1010,160,4.411846,0.513423,-0.064597,0.0,3e-06,0.00181021,0.043945,-0.580566,0.201905,0.802477,0.608378,5408.0,75.0,138.9,519.3,100.0,1.0
161521,1011,163,7.705547,-0.14076,0.014164,0.001629,0.0,0.00248219,0.177831,-0.421133,0.24027,1.0,0.563653,6015.5,69.4,129.7,391.2,100.0,1.0
161682,1012,161,-6.366598,0.637299,-0.207541,0.0,0.0,0.00171684,-0.830748,-0.885335,-0.41398,-1.0,0.672065,4246.9,86.5,110.9,617.9,100.0,1.0
161841,1013,159,-4.790185,1.0,-0.323238,0.005638,0.0,0.00249417,-0.858982,-1.0,-0.765371,-1.0,0.529779,3245.5,65.0,124.3,323.4,100.0,1.0
162000,1014,159,-7.12761,0.2,-0.374514,0.0,0.024287,0.00136499,-0.848506,-1.0,-0.209991,-1.0,0.710028,3751.1,95.1,74.3,1285.7,100.0,1.0
162163,1015,163,-4.60978,1.0,-0.151031,0.002361,0.0,0.00225386,-0.715897,-0.761456,0.364035,-1.0,0.647747,4718.9,79.7,150.2,455.3,100.0,1.0
162320,1016,157,-4.868924,0.527775,-0.187002,0.0,0.0,0.00230916,-0.730673,-0.751111,0.146063,-1.0,0.630007,4758.3,76.3,160.0,430.6,100.0,1.0
162479,1017,159,3.642031,0.775471,-0.048519,0.018445,0.0,0.00182712,-0.015201,-0.579635,0.062554,0.708989,0.640571,5411.6,79.2,144.0,820.9,100.0,1.0
162639,1018,160,7.124425,0.617404,0.061045,0.0,0.0,0.00234865,0.162548,-0.478897,0.251949,1.0,0.571689,5795.4,69.0,147.7,398.0,100.0,1.0
162802,1019,163,-6.405951,1.0,-0.408602,0.0,0.0,0.00168222,-0.904201,-1.0,-0.739895,-1.0,0.720848,2807.5,91.5,133.8,717.4,100.0,1.0
162961,1020,159,-5.709012,0.2,-0.316001,0.0,0.311477,0.00203643,-0.849917,-1.0,-0.450588,-1.0,0.619433,3776.3,76.9,135.3,467.4,100.0,1.0
163123,1021,162,6.241106,0.2,-0.002226,0.004611,0.35,0.00214503,0.124027,-0.381665,0.378696,0.873524,0.671343,6165.9,82.3,159.0,480.4,100.0,1.0
163284,1022,161,1.883738,0.684873,-0.1464,0.0,0.0,0.00141027,-0.084744,-0.632035,-0.043247,0.600011,0.64966,5211.9,81.4,132.7,1036.0,100.0,1.0
163445,1023,161,-6.081586,0.484404,-0.109573,0.000652,0.0,0.00184691,-0.79413,-0.815987,-0.267016,-1.0,0.653727,4511.1,80.4,152.0,652.4,100.0,1.0
163613,1024,168,7.390363,0.718735,0.021744,0.005781,0.0,0.00185622,0.246136,-0.089267,0.686319,0.966112,0.746496,7279.9,92.6,164.2,853.4,100.0,1.0
163767,1025,154,-6.105839,0.2,-0.388476,0.001111,0.016264,0.00190808,-0.853368,-1.0,-0.652237,-1.0,0.552578,2527.8,68.9,117.5,695.9,100.0,1.0
163933,1026,166,9.226704,0.2,-0.030203,0.007813,0.010917,0.00288539,0.217664,-0.364851,0.526741,1.0,0.575188,6229.9,66.9,178.0,493.9,100.0,1.0
164095,1027,162,3.732377,0.705509,-0.033241,0.0,0.0,0.00163503,0.016948,-0.392938,0.978861,0.52997,0.778765,6122.9,100.0,131.3,611.4,100.0,1.0
164257,1028,162,5.389964,1.0,0.117032,0.001024,0.0,0.00185929,0.105593,-0.239315,0.283186,0.80212,0.734979,6708.2,93.1,139.3,641.8,100.0,1.0
164413,1029,156,-6.728026,1.0,-0.319163,0.019265,0.0,0.00160054,-0.836049,-1.0,-0.27736,-1.0,0.633251,3514.2,80.3,118.9,811.0,100.0,1.0
164578,1030,165,-5.279547,0.561526,-0.217394,0.000497,0.0,0.00187819,-0.708279,-0.716997,0.383246,-1.0,0.669418,4888.2,83.1,146.5,562.5,100.0,1.0
164744,1031,166,5.389401,0.2,-0.128087,0.006521,0.014095,0.00232222,0.021133,-0.518028,0.091982,0.761012,0.651854,5646.3,80.2,151.3,387.1,100.0,1.0
164906,1032,162,-5.880599,0.550828,-0.24367,0.0,0.0,0.00190163,-0.751694,-0.727365,-0.080623,-1.0,0.647161,4848.7,80.3,141.3,583.1,100.0,1.0
165058,1033,152,4.271791,0.331364,-0.050588,0.0,0.0,0.00220536,-0.012993,-0.644455,-0.000434,0.751824,0.610263,5164.6,73.7,157.2,355.1,100.0,1.0
165217,1034,159,-6.222833,0.2,-0.322449,0.00496,0.066541,0.00179105,-0.897071,-1.0,-0.548898,-1.0,0.768724,3708.9,100.1,114.5,774.7,100.0,1.0
165380,1035,163,3.778065,0.309943,0.047846,0.0,1e-06,0.00175871,-0.001748,-0.39221,0.249269,0.642855,0.743057,6125.7,93.2,150.9,901.0,100.0,1.0
165539,1036,159,2.065467,0.367958,-0.097964,0.0,1e-05,0.00196455,-0.156628,-0.606199,0.14291,0.422201,0.753001,5310.4,93.3,165.9,688.3,100.0,1.0
165692,1037,153,-5.03655,0.2,-0.429719,0.0,0.074873,0.00244318,-0.777496,-1.0,0.141151,-1.0,0.566445,3800.3,67.0,162.8,312.3,100.0,1.0
165855,1038,163,5.715081,0.2,-0.16454,0.003002,0.015683,0.00239152,0.040958,-0.420017,0.277633,0.737379,0.707011,6019.7,86.6,167.8,406.8,100.0,1.0
166014,1039,159,7.118566,0.662078,0.035686,0.006216,2.8e-05,0.00183928,0.243963,-0.179099,0.593786,1.0,0.682562,6937.6,86.6,127.4,519.6,100.0,1.0
166171,1040,157,-4.909483,0.459549,-0.354863,0.009801,4.8e-05,0.00244837,-0.804226,-1.0,-0.070084,-1.0,0.58887,3711.8,70.4,160.6,364.1,100.0,1.0
166332,1041,161,-5.714383,0.530626,0.763994,0.0,0.0,0.00202679,-0.888995,-1.0,-0.592688,-1.0,0.718904,2924.9,91.0,136.9,433.4,100.0,1.0
166501,1042,169,4.214056,0.2,0.02087,0.0,0.052381,0.00192534,-0.007826,-0.464917,0.406712,0.615449,0.713791,5848.7,90.5,133.7,912.6,100.0,1.0
166662,1043,161,2.921533,0.539278,-0.010896,0.000207,1.2e-05,0.00163881,-0.043754,-0.605781,0.426594,0.575398,0.660509,5312.0,84.3,117.4,694.1,100.0,1.0
166814,1044,152,-5.045253,0.342765,-0.437208,0.0,0.0,0.00245692,-0.887734,-1.0,-0.864965,-1.0,0.60495,2702.9,72.8,158.4,364.6,100.0,1.0
166973,1045,159,3.808939,0.481834,-0.02687,0.0,0.0,0.00174219,0.009871,-0.5232,0.307814,0.68919,0.663145,5626.6,83.3,133.7,482.2,100.0,1.0
167135,1046,162,-5.51401,0.47576,-0.118455,0.013504,1e-06,0.00208991,-0.753845,-0.70426,-0.224045,-1.0,0.621503,4936.8,77.4,133.1,771.5,100.0,1.0
167294,1047,159,4.909127,0.956183,-0.130538,0.007392,0.0,0.00215752,0.026581,-0.536639,0.041858,0.782479,0.625747,5575.4,78.2,130.6,465.2,100.0,1.0
167449,1048,155,3.131718,0.2,-0.103482,5e-06,0.016838,0.00186714,-0.053663,-0.618363,0.165648,0.620217,0.654894,5264.0,81.2,143.9,840.2,100.0,1.0
167612,1049,163,6.783835,0.410321,0.000848,0.0,0.0,0.00204004,0.177917,-0.437115,0.318505,1.0,0.578617,5954.6,71.5,130.0,540.3,100.0,1.0
167773,1050,161,-6.500873,0.559063,0.004145,0.003364,0.0,0.00145093,-0.722685,-0.70628,0.155262,-1.0,0.646565,4929.1,81.9,122.3,957.2,100.0,1.0
167935,1051,162,-6.254985,0.669407,-0.288006,0.001463,0.0,0.00174985,-0.756525,-0.8479,0.328951,-1.0,0.709779,4389.5,87.9,157.6,582.5,100.0,1.0
168098,1052,163,-5.136355,0.582434,-0.570109,0.006555,0.0,0.00224975,-0.935079,-1.0,-0.969739,-1.0,0.752419,2423.9,93.5,163.0,459.6,100.0,1.0
168254,1053,156,-5.487983,1.0,-0.386929,0.000626,8e-06,0.0021933,-0.848273,-1.0,-0.602548,-1.0,0.552073,2878.3,62.9,186.2,499.2,100.0,1.0
168417,1054,163,-5.859603,0.2,-0.333325,0.0,0.068683,0.00191062,-0.820641,-1.0,-0.319389,-1.0,0.554809,3788.5,68.8,122.5,959.0,100.0,1.0
168580,1055,163,-6.006543,0.2,-0.254551,0.006298,0.0,0.00184431,-0.854128,-1.0,-0.272977,-1.0,0.707321,3726.6,86.2,172.8,646.3,100.0,1.0
168740,1056,160,3.243849,0.519207,-0.123216,0.009072,1e-06,0.00156921,-0.007003,-0.529067,0.663261,0.586417,0.702515,5604.3,88.3,140.5,870.0,100.0,1.0
168902,1057,162,-5.726823,0.289447,-0.225502,0.0,0.001668,0.00198742,-0.845475,-0.939306,-0.472624,-1.0,0.653545,4041.2,82.6,125.5,576.9,100.0,1.0
169057,1058,155,-4.810791,0.652806,-0.566454,0.0,0.0,0.00252558,-0.879438,-1.0,-0.796618,-1.0,0.599105,2661.7,72.8,149.5,210.2,100.0,1.0
169211,1059,154,-5.370444,0.584465,-0.096607,0.0,0.0,0.00227353,-0.780144,-0.8442,-0.350336,-1.0,0.536243,4403.6,64.3,143.3,500.8,100.0,1.0
169374,1060,163,-4.18015,0.830316,-0.394426,0.0,0.0,0.00269924,-0.894146,-1.0,-0.790956,-1.0,0.660203,3791.1,81.6,147.8,264.1,100.0,1.0
169529,1061,155,3.019884,0.2,0.028436,0.001516,0.0,0.00166456,-0.030735,-0.516498,0.427743,0.573911,0.695797,5652.1,89.8,112.2,667.0,100.0,1.0
169686,1062,157,-6.598792,0.2,-0.303002,0.0,0.125717,0.00162917,-0.83274,-1.0,-0.261695,-1.0,0.626282,3420.7,75.4,164.6,582.3,100.0,1.0
169845,1063,159,-6.357005,0.882836,-0.457693,0.00028,0.0,0.00173737,-0.88444,-1.0,-0.686033,-1.0,0.663347,3070.0,81.1,159.0,487.2,100.0,1.0
170009,1064,164,6.357333,0.2,-0.307998,0.003077,0.008224,0.00288851,0.004637,-0.681458,0.499904,0.707453,0.631879,5023.6,73.6,195.0,307.7,100.0,1.0
170172,1065,163,4.146122,0.470145,-0.15641,0.0,0.0,0.00254973,-0.103579,-0.673379,-0.028657,0.57397,0.647824,5054.4,80.3,143.1,567.0,100.0,1.0
170333,1066,161,-5.281209,0.301202,-0.345855,0.00795,9e-06,0.00181095,-0.688985,-0.732119,0.662163,-1.0,0.688685,4830.6,83.2,177.0,624.4,100.0,1.0
170488,1067,155,6.251005,1.0,0.022708,0.0,0.0,0.00196216,0.166179,-0.435564,0.177956,1.0,0.570903,5960.5,70.6,127.3,442.7,100.0,1.0
170644,1068,156,-5.557956,0.2,-0.374483,0.007859,0.067165,0.00214078,-0.860108,-1.0,-0.350843,-1.0,0.700096,3317.6,84.0,186.5,386.2,100.0,1.0
170799,1069,155,-5.828802,0.497114,-0.321051,0.002641,8.7e-05,0.00203149,-0.862872,-0.995335,-0.50204,-1.0,0.655338,3827.8,79.9,159.6,536.6,100.0,1.0
170960,1070,161,-6.625314,0.798395,-0.318637,0.0,2.6e-05,0.00159033,-0.864906,-1.0,-0.565079,-1.0,0.633593,3468.7,77.6,150.3,494.7,100.0,1.0
171116,1071,156,-5.868293,1.0,-0.395884,0.0,0.0,0.00200991,-0.813034,-1.0,0.078637,-1.0,0.683591,3425.6,85.8,138.8,696.7,100.0,1.0
171279,1072,163,-6.003984,0.656146,-0.323422,0.0,7e-06,0.00185449,-0.876522,-1.0,-0.594947,-1.0,0.668107,3571.8,82.1,155.1,770.7,100.0,1.0
171440,1073,161,-5.334395,0.585988,-0.184073,0.0,5e-06,0.00219074,-0.797669,-0.828422,-0.256062,-1.0,0.659829,4463.7,79.8,168.8,395.5,100.0,1.0
171599,1074,159,-6.159406,0.501276,-0.260851,0.008262,0.0,0.00182497,-0.777847,-0.85838,0.068662,-1.0,0.680472,4349.6,84.5,147.9,585.4,100.0,1.0
171756,1075,157,-5.882895,-0.18464,-0.321062,0.0,0.0,0.00196476,-0.839113,-1.0,-0.481654,-1.0,0.563789,3782.8,69.0,134.3,434.4,100.0,1.0
171913,1076,157,-3.605924,0.514914,-0.298056,0.000474,0.0,0.0030722,-0.825861,-0.964584,-0.412874,-1.0,0.573709,3944.9,64.3,206.5,312.8,100.0,1.0
172079,1077,166,-6.811198,0.894952,-0.317767,0.0,0.0,0.00146119,-0.869073,-0.999316,-0.345176,-1.0,0.738907,3812.6,95.9,112.3,1012.7,100.0,1.0
172232,1078,153,-6.023467,0.556737,-0.280075,0.008175,0.0,0.00196563,-0.828269,-0.965035,-0.426553,-1.0,0.57742,3943.2,69.7,149.1,379.1,100.0,1.0
172393,1079,161,-5.028173,1.0,-0.265738,0.0,0.0,0.00234341,-0.871326,-0.985538,-0.527673,-1.0,0.688697,3865.1,82.4,186.5,394.0,100.0,1.0
172554,1080,161,-5.09189,0.737727,-0.27414,0.001741,0.0,0.00230814,-0.764807,-0.742393,-0.15018,-1.0,0.656763,4791.5,77.7,187.7,445.4,100.0,1.0
172719,1081,165,1.810751,0.046635,-0.064789,0.0,0.0,0.00210036,-0.210164,-0.637772,-0.29365,0.411395,0.743657,5190.1,91.9,166.9,588.9,100.0,1.0
172880,1082,161,8.317465,1.0,-0.100729,0.0,0.0,0.00272313,0.187834,-0.311354,0.770416,0.907626,0.697679,6433.7,84.3,179.1,373.2,100.0,1.0
173038,1083,158,-5.460423,0.2,-0.274338,0.000678,1.7e-05,0.00216417,-0.845087,-0.933349,-0.464056,-1.0,0.661377,4063.9,82.5,140.3,384.0,100.0,1.0
173200,1084,162,5.211275,0.45193,-0.088989,0.0,0.0,0.00172648,0.112667,-0.22668,0.764277,0.72151,0.78278,6756.3,98.1,159.9,550.8,100.0,1.0
173361,1085,161,-6.156315,0.706057,-0.198377,0.0,0.0,0.00180984,-0.839587,-0.828803,-0.414128,-1.0,0.763892,4462.3,94.6,169.9,448.8,100.0,1.0
173515,1086,154,-6.037219,0.2,-0.282488,0.0,0.021867,0.00193754,-0.784298,-0.908461,-0.05647,-1.0,0.606142,4158.8,72.0,170.5,519.1,100.0,1.0
173682,1087,167,7.618139,0.801951,-0.115852,0.000443,0.0,0.00273366,0.116964,-0.567264,0.025269,1.0,0.574989,5458.7,67.2,174.3,518.2,100.0,1.0
173848,1088,166,2.927552,0.287399,-0.057636,0.0,0.0,0.00207599,-0.124206,-0.489304,0.08893,0.468377,0.792494,5755.8,98.0,177.5,647.2,100.0,1.0
174007,1089,159,-6.041785,1.0,-0.21375,0.0,0.0,0.00189284,-0.862467,-1.0,-0.633962,-1.0,0.596285,3391.5,71.7,157.2,376.0,100.0,1.0
174163,1090,156,-6.112897,0.705474,-0.358085,0.0,0.0,0.00188654,-0.887742,-0.993007,-0.585285,-1.0,0.723848,3836.6,93.0,121.2,653.2,100.0,1.0
174323,1091,160,3.374248,0.2,-0.109958,0.000226,0.045414,0.00178408,-0.031487,-0.659864,0.46752,0.618114,0.642072,5105.9,78.9,149.8,981.7,100.0,1.0
174486,1092,163,-6.120023,0.330118,-0.11742,0.0,8e-06,0.0017966,-0.776721,-0.723477,-0.246849,-1.0,0.684667,4863.6,86.3,134.6,856.9,100.0,1.0
174644,1093,158,-5.138372,0.67977,-0.157137,0.0018,0.0,0.00217652,-0.730554,-0.819303,0.112058,-1.0,0.547734,4498.5,65.1,153.6,407.0,100.0,1.0
174809,1094,165,-5.475551,0.2,-0.269193,0.002917,0.065851,0.00206336,-0.778797,-0.704392,-0.1417,-1.0,0.754115,4936.3,93.5,165.9,614.9,100.0,1.0
174965,1095,156,0.886929,0.346037,-0.176213,0.011341,3e-06,0.00157038,-0.178211,-0.605042,0.03107,0.392023,0.747468,5314.8,95.5,132.2,778.3,100.0,1.0
175125,1096,160,-5.604294,1.0,-0.306389,0.0,0.0,0.00208426,-0.849414,-0.930307,-0.444932,-1.0,0.689377,4075.5,85.6,150.6,543.6,100.0,1.0
175288,1097,163,4.666474,-0.001167,-0.034402,0.009826,0.0,0.00226815,-0.018723,-0.583455,-0.102737,0.741426,0.636625,5397.0,77.5,157.1,468.7,100.0,1.0
175449,1098,161,-5.615559,0.649027,-0.316914,0.019648,1e-06,0.00205777,-0.807381,-0.827717,-0.117773,-1.0,0.754696,4466.4,93.5,166.8,435.2,100.0,1.0
175608,1099,159,8.601916,0.652295,-0.126465,0.016837,0.0,0.00237669,0.269039,-0.112856,0.654924,1.0,0.672959,7190.0,83.6,146.1,583.6,100.0,1.0
175767,1100,159,4.721437,0.2,-0.266964,0.0,0.012118,0.00274989,-0.082174,-0.636386,0.257806,0.555032,0.683484,5195.4,83.5,164.7,411.0,100.0,1.0
175929,1101,162,1.700358,0.801643,-0.232779,0.0,0.0,0.00181155,-0.165555,-0.62171,0.120308,0.40462,0.736026,5251.3,93.5,136.3,730.2,100.0,1.0
176088,1102,159,-5.687281,0.551021,-0.410665,0.006476,0.0,0.0020462,-0.883841,-1.0,-0.483005,-1.0,0.742163,3022.4,91.5,169.4,622.4,100.0,1.0
176249,1103,161,4.13499,0.2,0.004578,0.003554,0.128913,0.0019781,-0.007543,-0.27945,0.170602,0.603938,0.785265,6555.3,102.2,142.1,590.7,100.0,1.0
176409,1104,160,6.865037,0.601967,0.067931,0.0,0.0,0.00223729,0.158081,-0.179157,0.636534,0.822543,0.759201,6937.4,95.2,155.1,391.0,100.0,1.0
176565,1105,156,-6.380478,0.543627,-0.143532,0.0,0.0,0.00175413,-0.764584,-0.782251,-0.15735,-1.0,0.613146,4639.6,75.8,137.7,771.2,100.0,1.0
176730,1106,165,-5.325163,0.526849,-0.342455,0.019412,0.0,0.00213598,-0.881938,-0.893543,-0.560713,-1.0,0.809923,4215.6,100.1,183.2,471.7,100.0,1.0
176889,1107,159,-6.353244,0.2,-0.220562,0.001121,0.0,0.00172552,-0.824721,-0.820969,-0.363679,-1.0,0.732443,4492.1,92.5,141.3,679.0,100.0,1.0
177049,1108,160,7.428212,0.641776,-0.1467,0.0,0.0,0.002155,0.213519,-0.359365,0.802606,0.967814,0.656104,6250.8,79.4,167.0,596.6,100.0,1.0
177210,1109,161,-5.725823,0.451991,-0.316841,0.003301,0.000127,0.00200082,-0.90035,-0.960061,-0.636789,-1.0,0.786626,3962.2,106.3,144.4,767.2,100.0,1.0
177370,1110,160,0.336719,0.310452,-0.111586,0.000222,0.030593,0.00170335,-0.247178,-0.618795,-0.219258,0.312294,0.781884,5262.4,100.3,136.5,731.4,100.0,1.0
177526,1111,156,-5.411128,0.2,-0.450804,0.0,0.016351,0.00220863,-0.883162,-0.989075,-0.462247,-1.0,0.758675,3851.6,93.4,174.9,678.7,100.0,1.0
177679,1112,153,-4.681204,0.2,-0.391084,0.022421,0.019831,0.00261126,-0.881141,-0.981272,-0.570055,-1.0,0.71527,3881.4,85.7,192.2,575.0,100.0,1.0
177839,1113,160,3.951764,0.561065,-0.088066,0.0,0.0,0.00234762,-0.078531,-0.426869,-0.037194,0.569911,0.784235,5993.6,95.4,193.5,607.0,100.0,1.0
178000,1114,161,-5.823135,0.287907,-0.391392,0.003221,0.058872,0.00195099,-0.779582,-0.769275,0.140891,-1.0,0.805409,4689.1,112.5,175.7,593.2,100.0,1.0
178156,1115,156,-5.851773,0.583884,-0.300136,0.0,0.0,0.00200819,-0.789374,-0.702733,-0.169297,-1.0,0.787043,4942.6,98.2,166.0,396.4,100.0,1.0
178307,1116,151,5.512506,0.515212,0.091963,0.0,1.1e-05,0.0018784,0.130721,-0.315783,0.278275,0.882056,0.683933,6416.9,85.2,145.5,501.8,100.0,1.0
178472,1117,165,5.270849,1.0,0.028182,0.0,0.0,0.00194043,0.075912,-0.318143,0.594028,0.70803,0.748668,6407.9,93.8,153.6,454.0,100.0,1.0
178630,1118,158,5.070644,0.254963,0.085459,0.0,0.0,0.00178389,0.09906,-0.274122,0.47039,0.762614,0.737977,6575.6,93.3,141.9,544.6,100.0,1.0
178792,1119,162,-6.2936,0.837037,-0.211465,0.000262,4e-06,0.00173376,-0.818932,-0.740433,-0.363151,-1.0,0.790034,4798.9,105.8,150.1,714.1,100.0,1.0
178957,1120,165,8.021077,0.343105,0.039821,0.0,0.015674,0.0027734,0.144894,-0.265315,0.11402,0.943511,0.710336,6609.2,85.0,192.0,557.2,100.0,1.0
179121,1121,164,-5.916849,0.632306,-0.389706,0.0,0.0,0.00187903,-0.883958,-0.997229,-0.419693,-1.0,0.770726,3820.6,97.4,147.7,643.7,100.0,1.0
179277,1122,156,-5.617483,0.288153,-0.279647,0.0,0.000201,0.00211345,-0.852918,-1.0,-0.596389,-1.0,0.573115,3425.2,68.2,159.7,672.0,100.0,1.0
179437,1123,160,-6.108967,0.768683,-0.414149,0.0,0.0,0.00183883,-0.897794,-1.0,-0.725766,-1.0,0.700868,2789.5,89.7,122.0,743.8,100.0,1.0
179599,1124,162,-5.460891,0.800109,-0.486761,0.002566,0.0,0.00211662,-0.895628,-0.999463,-0.446868,-1.0,0.804303,3812.0,109.3,173.8,366.5,100.0,1.0
179759,1125,160,-5.540656,0.829302,-0.435739,0.0,0.0,0.00210717,-0.892655,-1.0,-0.458526,-1.0,0.787209,3763.6,115.9,145.3,485.2,100.0,1.0
179918,1126,159,3.33345,0.720425,-0.152463,0.0,3.5e-05,0.00203845,-0.073577,-0.637097,0.661177,0.482165,0.693144,5192.7,87.6,133.4,693.4,100.0,1.0
180079,1127,161,2.866725,0.294095,0.023557,0.0,0.0,0.00164258,-0.049067,-0.312051,0.274581,0.497821,0.790563,6431.1,107.3,150.9,703.4,100.0,1.0
180241,1128,162,2.678261,0.2,0.083813,0.000224,0.040287,0.00193798,-0.112782,-0.479501,0.351956,0.420355,0.784978,5793.1,102.0,141.6,814.9,100.0,1.0
180398,1129,157,-3.673087,0.29829,-0.433711,0.0,0.0,0.00302709,-0.848896,-0.811078,-0.476015,-1.0,0.794099,4529.8,114.1,156.8,311.5,100.0,1.0
180554,1130,156,3.759598,0.835248,-0.073934,0.0154,0.0,0.00229095,-0.07499,-0.506654,0.055737,0.58161,0.746175,5689.6,89.9,194.4,379.0,100.0,1.0
180716,1131,162,5.683467,0.326193,0.106026,2e-06,0.000292,0.00203011,0.097881,-0.057903,0.354185,0.687322,0.791961,7399.4,109.6,153.3,579.0,100.0,1.0
180872,1132,156,-6.58977,0.431495,-0.33384,0.001265,7e-06,0.00164651,-0.864876,-0.896568,-0.398207,-1.0,0.803651,4204.1,100.6,172.8,866.7,100.0,1.0
181032,1133,160,4.963081,0.33545,-0.016008,0.0,5.8e-05,0.00178983,0.086223,-0.244583,0.449471,0.735063,0.766413,6688.1,96.4,153.1,663.6,100.0,1.0
181196,1134,164,-4.544836,0.65355,-0.373922,0.0,0.0,0.00250603,-0.866248,-0.839094,-0.521017,-1.0,0.817492,4423.1,131.1,195.8,355.3,100.0,1.0
181362,1135,166,0.505617,0.621657,-0.132538,0.004301,0.0,0.0018982,-0.277095,-0.535162,-0.134831,0.178586,0.805023,5581.0,118.4,175.0,562.2,100.0,1.0
181522,1136,160,7.912939,0.64947,-0.034463,0.0,0.0,0.00217757,0.245394,-0.218728,0.588272,1.0,0.635003,6786.6,77.2,157.3,491.4,100.0,1.0
181677,1137,155,3.70898,1.0,-0.24531,0.001525,0.0,0.00252059,-0.112398,-0.61296,0.152272,0.520203,0.729866,5284.6,86.9,202.5,274.9,100.0,1.0
181840,1138,163,5.454886,0.2,-0.122487,0.0,0.120623,0.00248596,0.003994,-0.546479,0.273276,0.713547,0.68853,5537.9,80.8,204.9,480.6,100.0,1.0
182003,1139,163,4.724428,1.0,-0.0133,0.0,0.0,0.00212279,0.008344,-0.221806,0.246102,0.60868,0.817147,6774.9,105.3,195.2,489.1,100.0,1.0
182168,1140,165,-4.080607,0.596065,-0.330717,0.0,0.0,0.00269889,-0.911053,-1.0,-0.541381,-1.0,0.827659,3744.6,102.9,212.8,361.8,100.0,1.0
182331,1141,163,2.890013,0.2,-0.279204,0.0,5e-06,0.00260849,-0.208387,-0.687287,-0.052488,0.39156,0.751763,5001.4,89.9,204.7,394.0,100.0,1.0
182493,1142,162,-0.522354,0.587195,-0.034854,0.0,0.0,0.00125855,-0.243028,-0.602449,-0.163001,0.294468,0.775612,5324.7,102.8,126.0,1026.1,100.0,1.0
182654,1143,161,-4.45198,0.529897,-0.186975,0.001453,1.5e-05,0.00259395,-0.795773,-0.728965,-0.43325,-1.0,0.680827,4842.6,82.8,168.7,431.8,100.0,1.0
182817,1144,163,-5.223757,0.2,-0.271961,0.000547,0.0,0.00206706,-0.728943,-0.726419,0.197266,-1.0,0.668259,4852.3,79.6,185.0,412.3,100.0,1.0
182980,1145,163,5.49317,0.2,0.028862,0.005743,0.103467,0.00188731,0.104497,-0.204415,0.883781,0.664201,0.793829,6841.2,102.8,156.4,899.7,100.0,1.0
183153,1146,173,0.435039,0.401909,-0.23478,0.0,0.0,0.00187363,-0.291462,-0.584295,-0.104177,0.167745,0.808275,5393.8,115.5,180.5,543.0,100.0,1.0
183311,1147,158,-0.077641,0.522338,-0.255527,0.0,0.0,0.0017056,-0.275251,-0.679643,-0.237223,0.288126,0.787474,5030.6,97.6,173.4,577.6,100.0,1.0
183469,1148,158,-5.234791,1.0,-0.104054,0.010011,0.0,0.00226009,-0.749586,-0.71495,0.09758,-1.0,0.722426,4896.0,87.1,187.9,415.3,100.0,1.0
183636,1149,167,6.383633,0.459696,-0.07642,0.0,1.8e-05,0.00226912,0.099618,-0.202528,0.514918,0.749985,0.804943,6848.4,97.8,200.2,669.8,100.0,1.0
183792,1150,156,-5.705198,0.338241,-0.506155,0.0,0.011905,0.00206456,-0.880443,-1.0,-0.702571,-1.0,0.640745,2266.9,76.5,175.7,309.6,100.0,1.0
183949,1151,157,1.745274,0.2,-0.130429,0.004749,0.170056,0.00157672,-0.116691,-0.461416,0.139942,0.461653,0.799971,5862.0,100.3,166.6,713.5,100.0,1.0
184110,1152,161,1.660665,0.2,-0.214765,0.000598,0.05211,0.00198754,-0.195521,-0.488532,-0.104648,0.346041,0.80536,5758.7,107.0,175.6,720.7,100.0,1.0
184274,1153,164,1.145953,0.2,-0.172006,0.011925,0.0,0.00202945,-0.246949,-0.611365,0.119371,0.238636,0.805997,5290.7,106.8,176.7,864.0,100.0,1.0
184436,1154,162,2.01713,0.424339,-0.063558,0.000283,0.0,0.00207559,-0.185147,-0.423191,-0.040928,0.325773,0.822261,6007.6,113.3,203.8,770.5,100.0,1.0
184594,1155,158,0.592647,0.770041,-0.179507,0.022333,0.0,0.00199403,-0.270641,-0.662859,-0.011718,0.245924,0.808498,5094.5,102.2,180.8,598.8,100.0,1.0
184756,1156,162,-5.378091,1.0,-0.374744,0.009332,0.0,0.00215256,-0.878777,-0.950691,-0.394483,-1.0,0.806625,3997.9,125.7,177.7,405.2,100.0,1.0
184913,1157,157,6.907824,0.792466,-0.067739,0.0,0.0,0.00274792,0.085769,-0.403131,-0.111101,0.911017,0.666979,6084.1,79.6,183.1,557.6,100.0,1.0
185078,1158,165,-6.667797,0.332485,-0.173575,0.004135,1e-06,0.00151693,-0.806146,-0.750955,-0.208538,-1.0,0.790213,4758.9,100.2,150.4,945.6,100.0,1.0
185242,1159,164,-4.686768,0.2,0.789431,0.0,0.066918,0.00243883,-0.88943,-1.0,-0.388006,-1.0,0.802516,3487.0,114.8,170.9,566.7,100.0,1.0
185397,1160,155,8.39959,1.0,-0.007079,0.0,0.0,0.00267999,0.213578,-0.225301,0.36556,1.0,0.666612,6761.6,79.8,180.3,369.7,100.0,1.0
185554,1161,157,1.729844,0.331004,-0.148876,0.010913,0.0,0.00217927,-0.212597,-0.593628,-0.132051,0.37558,0.804867,5358.3,97.4,205.3,518.6,100.0,1.0
185711,1162,157,-6.269,0.385811,-0.454261,0.001572,0.0,0.00178192,-0.888359,-0.99262,-0.424195,-1.0,0.79114,3838.1,112.7,151.9,524.7,100.0,1.0
185870,1163,159,9.169256,1.0,0.08072,0.015679,0.0,0.00284334,0.234466,-0.057039,0.355317,1.0,0.747224,7402.7,89.7,198.8,385.3,100.0,1.0
186033,1164,163,9.734208,0.915445,0.09278,0.0,0.0,0.00255403,0.312599,0.222233,0.626372,1.0,0.822385,8466.7,102.9,204.0,412.9,100.0,1.0
186195,1165,162,4.334078,0.613103,-0.026677,0.001424,3e-06,0.0024612,-0.074177,-0.486677,0.007357,0.591357,0.759147,5765.8,90.6,208.5,634.2,100.0,1.0
186356,1166,161,2.484451,0.710702,0.011417,0.0,0.0,0.00209913,-0.151912,-0.407018,-0.151755,0.413965,0.802273,6069.3,107.3,170.5,624.2,100.0,1.0
186517,1167,161,4.243943,0.656679,0.058182,0.0,1e-05,0.00225716,-0.045699,-0.22163,0.241004,0.465532,0.802418,6775.6,115.6,170.7,601.1,100.0,1.0
186672,1168,155,5.241336,0.369168,0.004823,0.001124,0.0,0.00188574,0.099977,-0.403765,0.517328,0.812286,0.702915,6081.7,83.9,192.8,442.5,100.0,1.0
186825,1169,153,-6.258592,0.2,-0.343174,0.0,0.0,0.00182983,-0.822618,-0.969784,-0.142052,-1.0,0.663867,3925.1,79.1,183.6,498.8,100.0,1.0
186979,1170,154,-5.143166,0.498868,0.675953,0.002028,0.0,0.00237989,-0.893998,-1.0,-0.457264,-1.0,0.793086,2712.8,103.2,155.1,426.4,100.0,1.0
187137,1171,158,-4.002762,0.812397,-0.398834,0.001098,0.0,0.00285354,-0.895463,-1.0,-0.797579,-1.0,0.66282,3439.0,78.4,189.5,287.4,100.0,1.0
187307,1172,170,5.505167,0.2,0.081329,0.000682,0.0,0.00201067,0.070293,-0.104048,0.299815,0.672195,0.810217,7223.6,108.0,183.7,657.3,100.0,1.0
187463,1173,156,-5.842898,1.0,-0.343203,0.0,0.0,0.00201238,-0.867485,-0.827538,-0.586781,-1.0,0.807691,4467.1,116.3,179.5,571.5,100.0,1.0
187616,1174,153,4.499798,-0.274788,0.049794,0.006029,0.0,0.00166566,0.081916,-0.316745,0.209718,0.787944,0.700188,6413.2,89.7,120.8,639.0,100.0,1.0
187774,1175,158,-5.750204,0.303093,-0.274954,0.002358,8e-06,0.00201572,-0.784597,-0.705465,-0.191863,-1.0,0.756177,4932.2,92.4,182.8,567.3,100.0,1.0
187934,1176,160,2.140893,0.667167,0.045623,0.028127,0.0,0.00183001,-0.132583,-0.509819,0.196131,0.437656,0.799214,5677.6,98.7,180.2,614.7,100.0,1.0
188095,1177,161,-4.495315,0.58761,0.675465,0.019345,0.0,0.00257832,-0.908795,-1.0,-0.558556,-1.0,0.811759,3036.7,113.3,186.3,496.9,100.0,1.0
188249,1178,154,-6.129787,0.628941,-0.254985,0.0,9e-06,0.00189108,-0.870115,-0.897503,-0.471601,-1.0,0.794318,4200.5,107.8,157.2,661.5,100.0,1.0
188408,1179,159,3.248289,0.542228,0.027662,0.000912,0.0,0.00184182,-0.04981,-0.319204,0.020852,0.556352,0.77854,6403.8,102.9,130.9,665.5,100.0,1.0
188566,1180,158,-5.730907,0.2,-0.339487,0.009809,0.012309,0.00202076,-0.878045,-0.876118,-0.542977,-1.0,0.818872,4282.0,108.6,198.1,528.4,100.0,1.0
188719,1181,153,-6.074445,1.0,-0.317674,0.0,0.0,0.00193787,-0.867239,-0.999028,-0.607963,-1.0,0.626745,3813.7,74.9,170.6,444.2,100.0,1.0
188875,1182,156,5.833846,0.90992,0.04612,0.001652,0.0,0.00215839,0.099664,-0.118656,0.465834,0.710794,0.806295,7167.9,104.7,177.2,487.1,100.0,1.0
189040,1183,165,0.65615,0.401844,-0.072847,0.0,0.0,0.00194256,-0.271403,-0.596533,-0.407739,0.292253,0.793587,5347.2,103.4,156.0,779.1,100.0,1.0
189196,1184,156,7.061878,0.392044,-0.092263,0.00442,0.013611,0.00313219,0.039423,-0.553296,0.383556,0.772055,0.677724,5511.9,77.8,222.3,305.8,100.0,1.0
189355,1185,159,7.827468,0.541765,-0.10654,0.00059,7e-06,0.00276718,0.145482,-0.3523,0.231672,0.943796,0.668513,6277.7,80.7,172.2,363.4,100.0,1.0
189513,1186,158,4.307073,0.2,0.010906,0.017625,0.046076,0.00164249,0.062638,-0.229829,0.406099,0.69427,0.79289,6744.4,99.5,160.5,1017.0,100.0,1.0
189668,1187,155,-5.48806,0.853858,-0.371126,0.00324,0.0,0.00219107,-0.873446,-0.939596,-0.632961,-1.0,0.701004,4040.1,86.7,156.5,327.6,100.0,1.0
189829,1188,161,-5.985539,1.0,-0.433099,0.0,0.0,0.00188093,-0.916786,-1.0,-0.73818,-1.0,0.771872,3668.9,95.3,174.9,730.0,100.0,1.0
189985,1189,156,-6.04622,0.241079,0.945164,0.000193,0.000203,0.00191292,-0.884331,-1.0,-0.585426,-1.0,0.703155,2892.7,87.2,154.2,396.7,100.0,1.0
190143,1190,158,-4.601357,0.355463,-0.306623,0.024277,4.2e-05,0.00255919,-0.771285,-0.753925,-0.080509,-1.0,0.69901,4747.5,79.6,236.4,445.6,100.0,1.0
190307,1191,164,-5.503873,1.0,-0.417813,0.0,0.0,0.00206725,-0.892017,-1.0,-0.492151,-1.0,0.771206,2969.5,97.5,148.1,516.1,100.0,1.0
190471,1192,164,-4.829738,0.695667,-0.373629,0.00277,0.0,0.00236896,-0.798165,-0.713875,-0.162651,-1.0,0.813722,4900.1,112.5,189.5,467.6,100.0,1.0
190632,1193,161,-5.545439,0.824013,-0.250494,0.0,0.0,0.00208515,-0.80006,-0.718596,-0.136498,-1.0,0.827044,4882.1,101.1,211.7,457.8,100.0,1.0
190793,1194,161,-2.814752,1.0,-0.227936,0.022911,0.0,0.00335854,-0.775692,-0.721108,-0.206539,-1.0,0.699043,4872.6,79.6,236.7,250.4,100.0,1.0
190947,1195,154,7.617484,1.0,0.012292,0.0,0.0,0.00266393,0.160138,-0.19245,0.30267,0.909765,0.743691,6886.8,90.2,187.7,539.3,100.0,1.0
191102,1196,155,-4.39524,0.622029,-0.295955,0.0,0.0,0.0027177,-0.899372,-1.0,-0.8067,-1.0,0.67481,3354.5,79.6,195.7,360.2,100.0,1.0
191260,1197,158,-6.429679,0.75802,-0.391969,0.003114,0.0,0.00170414,-0.858353,-0.9783,-0.281812,-1.0,0.742385,3892.7,93.2,149.6,578.5,100.0,1.0
191423,1198,163,3.655089,0.277115,-0.007401,0.001198,0.011088,0.00226141,-0.094847,-0.491807,0.12488,0.521341,0.771679,5746.2,94.4,184.5,469.4,100.0,1.0
191584,1199,161,0.899936,0.2,-0.114761,0.001704,0.267593,0.00163001,-0.194996,-0.511278,-0.020473,0.316647,0.767151,5672.0,107.7,111.9,731.8,100.0,1.0
191745,1200,161,5.72261,0.034141,0.071885,0.0,0.0,0.00196863,0.111437,-0.209503,0.38174,0.798153,0.774488,6821.8,94.8,184.3,517.7,100.0,1.0
191905,1201,160,-5.532468,0.536292,-0.451897,0.0,0.0,0.0020958,-0.905818,-1.0,-0.587835,-1.0,0.788137,3419.4,106.4,146.9,398.8,100.0,1.0
192067,1202,162,2.438435,0.978268,-0.042701,0.0,0.0,0.00216001,-0.167389,-0.673393,0.101968,0.432338,0.728691,5054.4,88.2,185.3,437.1,100.0,1.0
192221,1203,154,-6.033177,1.0,0.767528,0.002049,0.0,0.00196016,-0.90258,-1.0,-0.509182,-1.0,0.806648,3000.4,100.6,177.7,541.5,100.0,1.0
192378,1204,157,-5.023923,1.0,-0.326529,0.0,0.0,0.00239001,-0.835528,-0.951543,-0.402017,-1.0,0.629764,3994.6,71.6,214.3,286.0,100.0,1.0
192535,1205,157,4.135073,0.999515,0.073652,0.00412,1e-05,0.00176099,0.032989,-0.330736,0.672695,0.610839,0.783731,6359.9,98.7,154.7,460.6,100.0,1.0
192702,1206,167,6.651867,1.0,-0.024246,6.8e-05,0.0,0.00290802,0.012088,-0.519306,0.096303,0.768433,0.700356,5641.4,79.8,236.8,350.3,100.0,1.0
192865,1207,163,0.980794,0.2,-0.153876,0.013686,0.029239,0.00194794,-0.24409,-0.672172,-0.181484,0.341715,0.778337,5059.0,94.3,197.5,738.1,100.0,1.0
193017,1208,152,-5.06705,1.0,-0.350098,0.017071,7e-06,0.00244606,-0.853543,-0.944725,-0.345315,-1.0,0.731319,4020.6,86.8,206.7,315.9,100.0,1.0
193179,1209,162,4.506193,0.84134,0.057239,0.003505,0.0,0.00222069,-0.022578,-0.375523,0.166375,0.62013,0.773547,6189.3,95.5,175.0,487.2,100.0,1.0
193342,1210,163,-4.063884,0.442595,-0.096208,0.014097,0.0,0.00261847,-0.730977,-0.699937,0.203192,-1.0,0.70525,4953.2,79.6,246.2,255.3,100.0,1.0
193496,1211,154,-5.917662,0.503378,-0.212438,0.012944,0.0,0.00199175,-0.846106,-0.870375,-0.294958,-1.0,0.796065,4303.9,94.2,227.9,630.0,100.0,1.0
193652,1212,156,1.042021,0.942289,-0.002331,0.0,0.0,0.00143072,-0.145199,-0.457245,0.063102,0.396399,0.783031,5877.9,105.2,138.4,835.6,100.0,1.0
193814,1213,162,-5.624619,0.524639,-0.309497,0.0,0.0,0.00202759,-0.85412,-1.0,-0.264206,-1.0,0.710798,3235.0,83.3,212.4,287.3,100.0,1.0
193969,1214,155,-6.307,0.2,-0.338316,0.00425,0.174505,0.00178048,-0.836548,-0.9167,-0.410686,-1.0,0.665217,4127.4,84.5,123.2,560.3,100.0,1.0
194129,1215,160,-4.208304,1.0,-0.339628,0.0,0.0,0.0027253,-0.795399,-0.817061,-0.031942,-1.0,0.75176,4507.0,88.3,222.5,194.5,100.0,1.0
194288,1216,159,-4.599161,0.2,-0.387789,0.002646,0.00457,0.00254082,-0.871373,-0.956261,-0.406187,-1.0,0.766754,3976.6,90.5,222.5,493.4,100.0,1.0
194448,1217,160,8.64008,0.2,0.030485,0.002624,0.010689,0.0027867,0.200869,-0.293755,0.345179,1.0,0.64084,6500.8,74.7,196.6,486.3,100.0,1.0
194606,1218,158,3.622635,0.345595,-0.092213,0.002917,0.0,0.00178849,-0.011398,-0.272732,0.338785,0.566771,0.815209,6580.9,105.0,192.0,622.2,100.0,1.0
194765,1219,159,-6.671816,0.223432,-0.217921,0.00014,0.032952,0.00156832,-0.805552,-0.703296,-0.31864,-1.0,0.791455,4940.4,110.6,152.4,712.2,100.0,1.0
194926,1220,161,7.623058,-0.462236,0.079403,0.024748,0.207069,0.00270804,0.13452,-0.269041,0.193349,0.913331,0.731546,6595.0,86.2,213.9,361.9,100.0,1.0
195087,1221,161,-5.050936,0.328809,-0.26192,0.0,0.0,0.00230449,-0.793672,-0.926485,-0.000437,-1.0,0.648026,4090.1,75.6,197.5,403.8,100.0,1.0
195248,1222,161,4.361777,0.820911,0.008344,0.0,0.0,0.00229398,-0.042845,-0.410744,0.24644,0.579933,0.787104,6055.1,95.8,194.0,566.2,100.0,1.0
195407,1223,159,-6.060438,0.2,-0.239574,0.005976,0.35,0.00185218,-0.865316,-0.922264,-0.335559,-1.0,0.804776,4106.2,100.6,174.6,563.0,100.0,1.0
195568,1224,161,5.614176,0.833127,0.037671,0.002113,0.0,0.00221154,0.064088,-0.007905,0.263481,0.610374,0.817733,7589.9,117.8,196.2,485.8,100.0,1.0
195733,1225,165,-5.6674,1.0,-0.322051,0.0,0.0,0.00198194,-0.867992,-0.87926,-0.480486,-1.0,0.800515,4270.0,101.0,167.5,597.5,100.0,1.0
195889,1226,156,-5.575872,1.0,-0.327098,0.004128,0.0,0.00214013,-0.852179,-0.874786,-0.338638,-1.0,0.798476,4287.1,100.7,164.1,393.3,100.0,1.0
196054,1227,165,-4.470471,0.959042,0.708138,0.036323,0.0,0.00253587,-0.939545,-1.0,-0.855314,-1.0,0.816054,3146.8,125.5,193.4,417.2,100.0,1.0
196219,1228,165,2.435285,1.0,0.003114,0.0,0.0,0.00166438,-0.092354,-0.374662,0.078967,0.479639,0.793761,6192.5,104.6,156.3,622.8,100.0,1.0
196382,1229,163,-6.142732,0.666582,0.68975,0.014066,7.8e-05,0.00179289,-0.911266,-1.0,-0.623213,-1.0,0.795779,3224.0,108.3,159.6,658.0,100.0,1.0
196544,1230,162,-5.822789,0.761858,-0.193054,0.018354,3e-06,0.00194294,-0.827399,-0.730384,-0.392086,-1.0,0.822379,4837.2,112.6,204.0,511.3,100.0,1.0
196704,1231,160,1.893401,0.373718,-0.151753,0.0,0.0,0.00186878,-0.157315,-0.510308,0.052987,0.41015,0.796386,5675.7,100.6,160.6,507.7,100.0,1.0
196861,1232,157,-5.237914,0.682181,-0.178516,0.0,0.0,0.00228176,-0.829112,-0.743629,-0.495212,-1.0,0.774733,4786.8,94.4,190.0,334.8,100.0,1.0
197018,1233,157,-4.887018,0.333065,0.691139,0.011603,0.000373,0.00245212,-0.954099,-1.0,-1.0,-1.0,0.816396,2983.9,107.3,194.0,322.5,100.0,1.0
197179,1234,161,-5.302346,1.0,-0.483822,0.005386,0.0,0.00219859,-0.917061,-1.0,-0.639299,-1.0,0.812525,3309.2,98.3,207.1,228.2,100.0,1.0
197337,1235,158,2.445643,0.2,0.001353,0.00075,0.0,0.00186536,-0.111711,-0.539486,0.267736,0.471875,0.769454,5564.6,94.5,179.8,816.1,100.0,1.0
197495,1236,158,8.438232,0.2,-0.03258,9e-05,0.024457,0.00252673,0.232049,-0.128193,0.460026,1.0,0.72762,7131.6,88.0,186.4,667.6,100.0,1.0
197653,1237,158,8.432208,0.2,0.107785,0.002261,0.189353,0.00236271,0.257511,-0.02163,0.531469,1.0,0.760913,7537.6,93.3,179.5,436.8,100.0,1.0
197815,1238,162,5.016484,0.828956,0.01029,0.0,0.0,0.00198665,0.053409,-0.303412,0.422821,0.693826,0.762204,6464.0,95.4,157.3,515.5,100.0,1.0
197977,1239,162,2.373911,0.582363,0.004767,0.0,0.0,0.00218266,-0.176036,-0.429633,-0.092983,0.367148,0.824753,5983.1,109.4,207.9,722.3,100.0,1.0
198131,1240,154,5.676706,0.547828,-0.104257,0.004407,0.0,0.00188104,0.134754,-0.284769,0.534108,0.829882,0.71767,6535.0,89.3,154.5,578.8,100.0,1.0
198291,1241,160,1.052807,1.0,-0.220313,0.0,0.0,0.0021811,-0.270245,-0.676792,-0.239292,0.300832,0.789805,5041.4,96.9,186.0,422.8,100.0,1.0
198453,1242,162,4.844205,-0.008103,-0.031637,0.004636,4e-06,0.00190847,0.052856,-0.285124,0.17891,0.739899,0.758854,6533.7,93.9,169.5,590.4,100.0,1.0
198617,1243,164,3.783226,0.636523,-0.047645,0.033554,0.0,0.00193903,-0.03533,-0.280517,0.046116,0.581678,0.809933,6551.2,103.5,183.2,456.9,100.0,1.0
198776,1244,159,-5.829673,0.287388,-0.336959,0.0,0.0,0.00196127,-0.832899,-0.787471,-0.5138,-1.0,0.738603,4619.7,91.4,164.5,448.9,100.0,1.0
198937,1245,161,-4.668212,0.2,-0.397463,0.002532,0.092984,0.00247232,-0.845665,-0.932702,-0.28215,-1.0,0.737096,4066.4,88.6,194.6,420.9,100.0,1.0
199104,1246,167,5.563204,0.559058,-0.130522,0.001921,0.0,0.00194482,0.090841,-0.019913,0.671883,0.577973,0.810232,7544.1,119.5,183.7,740.2,100.0,1.0
199268,1247,164,-6.598455,0.563436,-0.299594,0.008253,0.0,0.00155747,-0.873673,-1.0,-0.254883,-1.0,0.792738,3778.4,96.3,197.9,513.3,100.0,1.0
199430,1248,162,7.029101,0.2,0.012471,0.000127,0.014835,0.00274319,0.080713,-0.281715,0.236414,0.798329,0.767327,6546.7,91.0,217.1,418.4,100.0,1.0
199591,1249,161,4.300637,0.45509,-0.034374,0.0,0.0,0.00207032,-0.012029,-0.238241,0.35105,0.548038,0.827154,6712.3,108.4,211.9,331.3,100.0,1.0
199747,1250,156,1.855732,0.012474,-0.13958,0.0,0.0,0.00198852,-0.171582,-0.566227,0.114664,0.388482,0.787538,5462.7,98.4,165.1,510.0,100.0,1.0
199909,1251,162,8.142551,0.2,0.12411,0.001388,0.029166,0.00216072,0.257982,0.126936,0.550703,0.938157,0.816339,8103.6,104.5,193.9,748.6,100.0,1.0
200069,1252,160,1.331224,0.066629,-0.173642,0.017917,0.0,0.00244854,-0.292365,-0.634437,-0.302301,0.26112,0.831896,5202.8,103.1,219.8,286.8,100.0,1.0
200226,1253,157,-6.081968,0.2,-0.28266,0.003106,0.026948,0.0018636,-0.832772,-0.829334,-0.287658,-1.0,0.78669,4460.2,102.5,144.5,508.4,100.0,1.0
200385,1254,159,-4.312686,0.2,0.71136,0.0,0.117979,0.00268269,-0.904585,-1.0,-0.484594,-1.0,0.824504,3505.9,101.1,207.5,425.7,100.0,1.0
200543,1255,158,6.959364,0.2,-0.067532,0.00248,0.0,0.00248765,0.12666,-0.340196,0.235058,0.913983,0.70956,6323.9,82.6,218.9,443.5,100.0,1.0
200703,1256,160,-5.366246,0.13986,-0.353716,0.0,0.0,0.0021612,-0.851597,-0.842539,-0.325535,-1.0,0.833634,4409.9,100.4,222.7,261.6,100.0,1.0
200857,1257,154,1.691681,0.268944,-0.145059,0.015145,3.5e-05,0.00238664,-0.241193,-0.632764,0.015077,0.305271,0.826473,5209.2,99.8,213.5,372.9,100.0,1.0
201019,1258,162,5.526592,0.904044,0.041348,0.0,0.0,0.00197679,0.092376,-0.113635,0.416853,0.714834,0.827337,7187.1,104.8,212.2,601.6,100.0,1.0
201172,1259,153,-4.74538,0.701344,-0.361788,0.0,0.0,0.00257498,-0.81442,-0.760234,-0.279329,-1.0,0.785713,4723.5,93.5,218.5,251.6,100.0,1.0
201327,1260,155,-6.167844,0.642001,-0.37921,0.00205,3e-05,0.00185537,-0.911828,-1.0,-0.606849,-1.0,0.804574,3636.5,99.2,184.0,532.5,100.0,1.0
201481,1261,154,-5.511864,0.2,-0.342569,0.0052,0.032769,0.00217562,-0.866126,-0.874844,-0.414341,-1.0,0.823925,4286.8,98.8,220.8,503.6,100.0,1.0
201641,1262,160,3.261228,1.0,-0.006799,0.0,0.0,0.00241432,-0.142764,-0.517167,0.113847,0.440164,0.803688,5649.6,98.1,195.3,353.2,100.0,1.0
201796,1263,155,-5.331305,1.0,-0.124313,0.0,0.0,0.00226973,-0.772256,-0.838878,0.194024,-1.0,0.727754,4423.9,84.9,222.2,442.5,100.0,1.0
201950,1264,154,-4.696911,0.604033,-0.470354,0.0,0.0,0.00257871,-0.91824,-1.0,-0.752048,-1.0,0.772142,3233.9,92.8,204.3,378.3,100.0,1.0
202108,1265,158,-6.339629,0.599143,-0.205285,0.007302,0.0,0.00174066,-0.805345,-0.714121,-0.237568,-1.0,0.81223,4899.2,107.5,187.0,773.3,100.0,1.0
202261,1266,153,6.954348,0.451954,0.035247,0.000849,0.0,0.00198425,0.215732,-0.235291,0.411069,1.0,0.66621,6723.5,75.6,228.7,446.2,100.0,1.0
202420,1267,159,6.837463,1.0,0.060551,0.0,0.0,0.00233575,0.139108,-0.085694,0.354815,0.821043,0.813471,7293.5,100.1,189.1,409.8,100.0,1.0
202583,1268,163,-5.530329,0.979087,-0.352304,0.0,0.0,0.00206368,-0.875721,-0.874029,-0.478453,-1.0,0.837473,4290.0,122.4,229.1,771.3,100.0,1.0
202742,1269,159,-6.169869,-0.136942,-0.421023,0.0,0.002492,0.00179,-0.8541,-0.812561,-0.459359,-1.0,0.820096,4524.1,108.7,200.2,466.6,100.0,1.0
202906,1270,164,4.642056,0.2,-0.037885,0.002654,0.00884,0.00225439,-0.023149,-0.334127,0.404449,0.568122,0.829243,6347.0,101.2,215.4,563.3,100.0,1.0
203056,1271,150,-6.498279,0.2,-0.350937,0.003441,0.073862,0.00174168,-0.879435,-0.925077,-0.495301,-1.0,0.794544,4095.5,105.4,157.6,678.4,100.0,1.0
203211,1272,155,-4.550392,1.0,0.72908,0.005533,0.0,0.0026564,-0.92694,-1.0,-0.718599,-1.0,0.82032,3017.3,111.5,200.5,523.9,100.0,1.0
203372,1273,161,3.169424,0.2,-0.07736,0.0,0.141949,0.0020056,-0.086263,-0.499623,-0.179021,0.597943,0.730527,5716.4,89.4,174.1,640.7,100.0,1.0
203532,1274,160,4.308174,0.2,-0.05141,0.015637,2.6e-05,0.00227205,-0.041953,-0.588423,0.021118,0.681873,0.678833,5378.1,79.9,198.7,550.4,100.0,1.0
203688,1275,156,3.602698,0.2,-0.122466,0.005334,0.0,0.00210278,-0.059149,-0.333992,0.286482,0.505996,0.826789,6347.5,105.4,211.3,502.8,100.0,1.0
203848,1276,160,-4.718766,0.162464,0.644259,0.006534,0.0,0.00247424,-0.94904,-1.0,-0.919873,-1.0,0.82821,2463.3,104.1,213.7,443.3,100.0,1.0
204010,1277,162,4.029133,0.2,0.045638,0.013941,0.0,0.00190194,-0.007449,-0.262906,0.573784,0.516071,0.822116,6618.3,109.1,203.5,855.3,100.0,1.0
204166,1278,156,-3.691096,1.0,-0.338788,0.0,0.0,0.00303547,-0.875677,-1.0,-0.467174,-1.0,0.715837,3667.3,82.9,226.4,163.3,100.0,1.0
204326,1279,160,-4.522331,0.487907,-0.205859,0.003542,0.0,0.00256332,-0.856462,-0.849708,-0.478018,-1.0,0.784932,4382.6,91.5,240.8,289.3,100.0,1.0
204490,1280,164,2.769078,0.891924,-0.176591,0.0,0.0,0.00256337,-0.213672,-0.566672,-0.203581,0.3966,0.841143,5461.0,97.8,261.4,333.5,100.0,1.0
204648,1281,158,-5.338113,0.276759,-0.367681,0.011332,0.023261,0.00220379,-0.914621,-0.957666,-0.68785,-1.0,0.825677,3971.3,111.2,209.5,466.8,100.0,1.0
204811,1282,163,-6.019089,1.0,-0.232861,0.0,0.0,0.00184211,-0.834724,-0.853385,-0.169891,-1.0,0.817556,4368.6,104.1,195.9,498.3,100.0,1.0
204969,1283,158,-5.672996,0.433194,-0.247235,0.0,0.000368,0.00205128,-0.842172,-0.809482,-0.419974,-1.0,0.791218,4535.9,95.2,208.5,502.6,100.0,1.0
205131,1284,162,4.160187,0.727066,-0.082467,0.0,0.0,0.00209717,-0.029095,-0.283387,-0.032007,0.636136,0.838008,6540.3,99.9,230.8,401.5,100.0,1.0
205290,1285,159,6.486303,0.936415,0.107231,0.012962,0.0,0.00164787,0.222179,-0.001164,0.545426,0.921984,0.803464,7615.6,99.1,183.4,647.1,100.0,1.0
205445,1286,155,-5.899464,1.0,-0.275135,0.0,0.0,0.00199348,-0.879369,-0.981972,-0.368135,-1.0,0.78825,3878.7,98.1,169.3,680.6,100.0,1.0
205596,1287,151,-4.498772,0.796783,-0.341712,0.004579,0.0,0.00273321,-0.830571,-0.824212,-0.343994,-1.0,0.760475,4479.8,88.6,233.8,276.3,100.0,1.0
205761,1288,165,-4.681752,1.0,-0.355966,0.0,0.0,0.00242325,-0.874692,-0.981111,-0.422779,-1.0,0.748545,3882.0,85.7,248.3,228.2,100.0,1.0
205924,1289,163,7.278603,0.2,-0.044183,0.0,0.125567,0.00198173,0.220423,-0.092895,0.578692,0.955266,0.785315,7266.1,92.9,225.0,597.0,100.0,1.0
206086,1290,162,-3.847291,0.2,0.733626,0.0,0.204256,0.00284678,-0.916631,-1.0,-0.593255,-1.0,0.829224,3405.1,108.8,215.4,479.2,100.0,1.0
206240,1291,154,-6.452804,0.697289,-0.339174,0.004023,0.0,0.0017314,-0.863892,-0.872079,-0.47161,-1.0,0.794844,4297.4,98.9,170.8,640.7,100.0,1.0
206396,1292,156,-5.657051,0.599677,-0.311092,0.0,0.0,0.00208852,-0.847747,-0.736788,-0.598874,-1.0,0.814649,4812.8,108.3,191.1,533.2,100.0,1.0
206563,1293,167,-5.621265,1.0,-0.337927,0.0,0.0,0.00197518,-0.871518,-0.919501,-0.364324,-1.0,0.820839,4116.7,99.6,206.6,739.4,100.0,1.0
206724,1294,161,-0.601984,0.536316,-0.212918,0.001082,0.0,0.0014889,-0.284623,-0.635814,-0.17652,0.216731,0.778841,5197.5,106.8,131.4,797.5,100.0,1.0
206884,1295,160,1.718967,0.717353,-0.015732,0.0,0.0,0.00155678,-0.120705,-0.536002,-0.115877,0.52134,0.734614,5577.8,91.7,155.0,898.6,100.0,1.0
207050,1296,166,-5.87769,0.347702,-0.388031,0.001506,0.000109,0.00185634,-0.903409,-1.0,-0.467873,-1.0,0.826488,3262.2,100.7,210.8,996.7,100.0,1.0
207204,1297,154,9.609791,0.858335,0.032795,0.0,0.0,0.00301111,0.253786,-0.272253,0.625418,1.0,0.562771,6582.7,60.6,231.0,331.9,100.0,1.0
207365,1298,161,1.123691,0.82192,-0.211419,0.00537,0.0,0.00198996,-0.23645,-0.604551,-0.31241,0.362606,0.796454,5316.7,97.5,189.4,462.8,100.0,1.0
207520,1299,155,-4.973104,0.2,-0.3174,0.002351,0.153104,0.00241997,-0.830914,-0.912029,-0.333641,-1.0,0.678169,4145.2,79.8,199.5,422.0,100.0,1.0
207680,1300,160,5.833436,0.355558,-0.016491,0.0,1e-05,0.00141091,0.20974,0.128566,0.602379,0.806798,0.821433,8109.8,112.2,202.4,704.5,100.0,1.0
207836,1301,156,3.323324,0.2,-0.023584,0.0,0.017915,0.00135353,0.0369,-0.147083,0.679957,0.522085,0.812637,7059.6,116.0,187.7,966.6,100.0,1.0
207994,1302,158,-6.089674,1.0,-0.238773,0.0,0.0,0.00186591,-0.859576,-0.902884,-0.382146,-1.0,0.782563,4180.0,102.7,137.6,673.6,100.0,1.0
208155,1303,161,3.522649,0.2,-0.150221,0.0159,0.0,0.00252438,-0.143546,-0.477525,0.10122,0.438775,0.839187,5800.6,100.8,232.0,526.6,100.0,1.0
208311,1304,156,0.894908,0.2,-0.279717,0.006954,0.002576,0.00187096,-0.225054,-0.61031,-0.007179,0.320999,0.800634,5294.7,100.2,167.7,578.3,100.0,1.0
208470,1305,159,-3.689494,1.0,-0.14621,0.0,0.0,0.00298126,-0.759842,-0.696903,-0.286529,-1.0,0.627853,4964.8,70.8,219.9,311.8,100.0,1.0
208623,1306,153,4.718557,0.720565,-0.092044,0.0,0.0,0.00227969,0.003352,-0.448082,0.062933,0.720314,0.716187,5912.8,85.9,191.2,413.2,100.0,1.0
208783,1307,160,-6.149567,1.0,-0.412198,0.0,0.0,0.00181237,-0.912043,-1.0,-0.62551,-1.0,0.797966,3484.1,100.3,163.3,575.8,100.0,1.0
208936,1308,153,-6.318621,-0.218667,-0.365908,0.008054,0.0,0.00178549,-0.913959,-1.0,-0.585465,-1.0,0.821648,3797.2,111.4,202.7,743.4,100.0,1.0
209094,1309,158,6.006184,0.628612,0.074776,0.0,9e-06,0.00188928,0.149683,0.010866,0.514708,0.767006,0.845227,7661.4,108.4,242.0,575.8,100.0,1.0
209259,1310,165,5.297179,0.200388,0.031301,0.000432,0.0,0.00177178,0.10285,-0.068666,0.435007,0.698814,0.81204,7358.4,108.3,186.7,1083.8,100.0,1.0
209417,1311,158,6.012669,1.0,0.064693,0.0,0.0,0.00185154,0.155906,-0.168467,0.420848,0.872191,0.771754,6978.1,93.2,199.1,493.6,100.0,1.0
209576,1312,159,-5.40408,0.240937,-0.34478,0.0,0.0,0.00215638,-0.936449,-1.0,-0.861918,-1.0,0.801029,3371.6,95.4,221.6,359.2,100.0,1.0
209741,1313,165,-5.866586,0.506032,-0.435464,0.000162,0.0,0.00187367,-0.932952,-1.0,-0.743596,-1.0,0.834371,2876.5,111.3,224.0,570.4,100.0,1.0
209900,1314,159,-6.92379,0.2,-0.267015,0.000347,0.0,0.00144407,-0.839666,-0.768926,-0.412405,-1.0,0.824776,4690.4,117.4,208.0,652.1,100.0,1.0
210061,1315,161,1.062545,1.0,-0.075943,0.0,0.0,0.00199595,-0.242061,-0.487249,-0.23829,0.286869,0.844669,5763.6,112.0,241.1,458.6,100.0,1.0
210216,1316,155,8.351043,1.0,0.062846,0.0,0.0,0.00255848,0.226198,-0.124994,0.398608,1.0,0.729657,7143.8,85.5,218.5,461.3,100.0,1.0
210377,1317,161,-4.725725,1.0,-0.333972,0.0,0.0,0.00246051,-0.871539,-0.84673,-0.482654,-1.0,0.846363,4394.0,100.7,243.9,318.8,100.0,1.0
210538,1318,161,0.946704,0.2,-0.229907,0.000966,0.134721,0.00195359,-0.243897,-0.562589,0.118394,0.238806,0.842446,5476.5,110.5,237.4,797.7,100.0,1.0
210698,1319,160,6.059778,0.530771,-0.000789,0.005047,0.0,0.00191239,0.145893,-0.091539,0.564461,0.798049,0.827551,7271.2,101.1,212.6,783.7,100.0,1.0
210860,1320,162,10.262913,1.0,-0.050679,0.0,0.0,0.00303707,0.273264,-0.032064,0.668117,1.0,0.742126,7497.8,82.1,278.7,257.3,100.0,1.0
211020,1321,160,3.431353,0.319528,-0.187117,0.000427,0.002451,0.00259704,-0.159646,-0.65034,-0.204377,0.525273,0.746929,5142.2,84.3,261.6,492.7,100.0,1.0
211184,1322,164,-0.01255,0.231465,-0.111733,0.0,0.077472,0.00147866,-0.243392,-0.583469,-0.053662,0.281173,0.818511,5397.0,105.3,197.5,682.3,100.0,1.0
211342,1323,158,-4.798951,0.346853,-0.433026,0.003493,1.5e-05,0.00245646,-0.940192,-1.0,-1.0,-1.0,0.760769,2775.1,87.7,244.6,531.7,100.0,1.0
211499,1324,157,2.272052,0.662278,-0.213697,0.0,0.0,0.00204527,-0.151635,-0.493873,0.191574,0.401478,0.831662,5738.3,102.4,219.4,629.7,100.0,1.0
211656,1325,157,2.95938,0.368986,-0.143841,0.001386,0.000148,0.00187692,-0.074004,-0.528028,0.33186,0.53878,0.76278,5608.2,91.1,208.3,508.4,100.0,1.0
211818,1326,162,-5.843491,0.679004,-0.320467,0.009128,0.0,0.00192314,-0.830568,-0.803181,-0.227247,-1.0,0.828193,4559.9,107.5,213.7,461.1,100.0,1.0
211980,1327,162,4.104072,1.0,0.027477,0.0,0.0,0.00212008,-0.037509,-0.262299,0.454167,0.485933,0.846895,6620.6,111.4,244.8,745.8,100.0,1.0
212142,1328,162,4.50146,-0.027479,0.044295,0.001009,0.0,0.00170828,0.058744,-0.225572,0.096024,0.762983,0.798637,6760.6,95.9,212.6,511.8,100.0,1.0
212300,1329,158,3.440837,0.637644,-0.065031,0.005572,0.0,0.00234082,-0.113461,-0.578947,-0.178619,0.58415,0.73809,5414.2,85.4,233.3,421.6,100.0,1.0
212454,1330,154,-6.009352,0.2,-0.24638,0.0,0.019695,0.00193177,-0.875012,-0.928705,-0.347529,-1.0,0.832331,4081.6,99.0,232.5,597.7,100.0,1.0
212614,1331,160,-5.296259,0.2,-0.404366,0.006514,0.019294,0.00218941,-0.885505,-0.97256,-0.403764,-1.0,0.807955,3914.5,94.0,249.4,341.1,100.0,1.0
212772,1332,158,1.403078,0.74394,-0.248483,0.001927,0.0,0.00184815,-0.187427,-0.575697,0.012933,0.384111,0.793763,5426.6,98.0,179.4,531.1,100.0,1.0
212928,1333,156,8.486739,0.183815,0.013122,0.0,0.0,0.00301185,0.162437,-0.524185,0.406404,1.0,0.58863,5622.9,63.2,243.8,159.7,100.0,1.0
213094,1334,166,-6.330699,0.366202,-0.391531,0.001749,2.2e-05,0.00164983,-0.906566,-1.0,-0.439109,-1.0,0.850621,3376.2,113.9,251.0,585.4,100.0,1.0
213255,1335,161,-6.161191,0.2,-0.394915,7e-06,0.002123,0.001776,-0.919,-1.0,-0.588957,-1.0,0.840416,3714.7,99.7,237.1,519.1,100.0,1.0
213419,1336,164,3.0263,0.2,-0.122433,0.0,9.1e-05,0.00192129,-0.089572,-0.345145,0.158347,0.487897,0.857119,6305.0,105.9,261.9,645.4,100.0,1.0
213577,1337,158,5.687634,0.34254,-0.063793,0.0,0.000128,0.00178834,0.14113,-0.073426,0.599888,0.767895,0.83064,7340.2,103.8,217.7,779.0,100.0,1.0
213741,1338,164,2.300228,0.828443,-0.091408,0.0,0.0,0.00169474,-0.106604,-0.490848,-0.144599,0.562333,0.77746,5749.9,92.0,222.3,604.6,100.0,1.0
213903,1339,162,-3.91612,1.0,-0.197842,0.017398,0.0,0.00281511,-0.771635,-0.703055,-0.124892,-1.0,0.733528,4941.4,81.4,273.4,265.9,100.0,1.0
214066,1340,163,-4.780164,1.0,-0.220695,0.0,0.0,0.00240362,-0.818254,-0.754183,-0.453018,-1.0,0.737624,4746.6,85.7,229.1,626.4,100.0,1.0
214232,1341,166,4.418271,1.0,-0.086874,0.0,0.0,0.00250121,-0.08613,-0.465019,-0.225746,0.622521,0.785238,5848.3,90.1,257.4,377.8,100.0,1.0
214392,1342,160,4.366884,0.2,-0.093948,0.007761,0.050232,0.00147676,0.0889,-0.042001,0.810972,0.567798,0.835263,7460.0,119.0,225.4,965.8,100.0,1.0
214548,1343,156,-5.652377,0.554632,-0.202997,0.009347,5e-06,0.00208458,-0.779234,-0.697214,-0.222295,-1.0,0.730804,4963.6,87.7,194.8,674.2,100.0,1.0
214707,1344,159,-6.387551,0.389095,-0.272934,0.0,0.0,0.00169672,-0.884808,-0.949936,-0.43717,-1.0,0.814428,4000.7,102.8,190.7,682.0,100.0,1.0
214760,1345,53,-8.867194,0.2,-0.591316,0.011532,0.003594,0.00158173,-0.783794,-1.0,-1.0,-1.0,0.135175,0.0,12.3,81.6,113.4,100.0,1.0
214914,1346,154,-4.567589,0.277871,-0.294056,0.001504,0.048836,0.00262931,-0.808783,-0.719944,-0.347401,-1.0,0.776228,4877.0,88.8,258.1,346.1,100.0,1.0
215076,1347,162,-5.895961,0.273558,-0.278592,0.0,0.050316,0.00188916,-0.844265,-0.767692,-0.435103,-1.0,0.835328,4695.1,104.8,225.5,661.6,100.0,1.0
215242,1348,166,3.346305,1.0,-0.006615,0.0,0.0,0.00212383,-0.103259,-0.541732,0.274266,0.510511,0.797829,5556.0,92.0,256.9,624.4,100.0,1.0
215394,1349,152,2.931383,0.385266,-0.136547,0.001375,8.4e-05,0.00208478,-0.098535,-0.507692,0.007623,0.551942,0.772604,5685.7,91.6,219.1,471.4,100.0,1.0
215552,1350,158,3.539448,0.733722,-0.086368,0.0,0.0,0.0017444,-0.012044,-0.325231,0.30335,0.607028,0.815531,6380.9,99.3,201.1,855.2,100.0,1.0
215714,1351,162,-5.99751,0.752805,-0.331117,0.012136,0.0,0.00185122,-0.870039,-0.909027,-0.393947,-1.0,0.813552,4156.6,95.8,238.5,600.8,100.0,1.0
215882,1352,168,1.996054,0.2,0.069976,0.021502,0.065237,0.00134439,-0.077239,-0.29207,0.186969,0.465032,0.835726,6507.2,111.0,226.2,854.2,100.0,1.0
216047,1353,165,3.680938,0.819226,-0.008936,0.019299,0.0,0.00165649,0.000638,-0.206577,0.238546,0.590024,0.83033,6832.9,107.4,217.2,738.8,100.0,1.0
216202,1354,155,3.65446,0.2,-0.079321,0.002162,0.017577,0.00206683,-0.048443,-0.485677,0.022638,0.631413,0.72741,5769.6,88.4,180.9,672.4,100.0,1.0
216361,1355,159,3.923461,0.591634,-0.015937,0.002652,0.0,0.00213566,-0.04769,-0.326859,0.138019,0.574939,0.83901,6374.7,101.2,231.7,552.8,100.0,1.0
216526,1356,165,2.680916,0.523456,-0.087166,0.0,0.0,0.00214914,-0.155188,-0.469407,-0.196663,0.477735,0.837057,5831.6,98.7,244.1,470.5,100.0,1.0
216688,1357,162,0.656761,0.409023,-0.109307,0.009582,0.0,0.00197094,-0.270416,-0.64623,-0.186844,0.302525,0.844736,5157.9,99.0,252.9,479.6,100.0,1.0
216854,1358,166,4.126984,0.458494,-0.063188,0.020131,0.0,0.00192534,-0.012762,-0.319425,-0.050092,0.682344,0.803336,6403.0,95.1,228.8,547.9,100.0,1.0
217018,1359,164,4.583583,0.641351,-0.017063,0.0,0.0,0.00266285,-0.095982,-0.601055,-0.174028,0.625564,0.714165,5330.0,82.0,233.9,379.5,100.0,1.0
217176,1360,158,-6.245706,0.457525,-0.30346,0.002759,5e-06,0.0017726,-0.819599,-0.762998,-0.173489,-1.0,0.846004,4713.0,104.8,243.3,456.1,100.0,1.0
217335,1361,159,5.339427,1.0,0.044582,0.003253,0.0,0.00212908,0.058392,-0.315321,0.542117,0.71624,0.813942,6418.6,93.5,265.8,618.3,100.0,1.0
217493,1362,158,4.002081,0.904667,0.009941,0.0,0.0,0.00232686,-0.07019,-0.473689,-0.218553,0.637634,0.739865,5815.2,88.8,197.4,598.3,100.0,1.0
217658,1363,165,-4.756349,0.006424,-0.146338,0.005462,0.004789,0.00235976,-0.80193,-0.762818,-0.091171,-1.0,0.808435,4713.7,97.6,209.3,508.3,100.0,1.0
217824,1364,166,-6.302383,0.848819,-0.092784,0.040189,0.0,0.00167131,-0.864886,-0.790238,-0.550362,-1.0,0.849162,4609.2,99.9,249.3,583.8,100.0,1.0
217981,1365,157,3.758487,0.2,-0.005428,0.0191,0.295584,0.00178208,-0.000483,-0.412831,-0.000537,0.728061,0.753781,6047.1,87.5,235.7,633.1,100.0,1.0
218148,1366,167,6.362027,0.360705,-0.167026,0.0,0.0,0.00241766,0.068927,-0.246217,0.375066,0.75592,0.837574,6681.9,95.1,286.1,385.5,100.0,1.0
218309,1367,161,3.158853,0.580034,-0.055423,0.010523,0.0,0.00202343,-0.091089,-0.371198,0.000135,0.539692,0.856717,6205.7,100.8,261.2,563.3,100.0,1.0
218464,1368,155,-5.520746,0.836265,-0.244222,0.000321,0.0,0.00216206,-0.896571,-1.0,-0.634083,-1.0,0.732652,3674.2,86.3,214.5,601.9,100.0,1.0
218629,1369,165,-3.971463,1.0,-0.363954,0.020606,0.0,0.00273026,-0.906527,-1.0,-0.671407,-1.0,0.757545,3537.1,86.1,258.2,289.0,100.0,1.0
218783,1370,154,2.937968,0.681821,-0.041238,0.001143,0.0,0.0013825,0.005362,-0.313133,0.388471,0.616958,0.807941,6427.0,99.4,187.3,934.8,100.0,1.0
218945,1371,162,4.46265,0.2,0.032837,0.000276,0.195094,0.00234605,-0.04859,-0.453031,0.167018,0.606203,0.778059,5894.0,91.7,226.5,607.3,100.0,1.0
219099,1372,154,3.962843,0.2,-0.013957,0.002791,0.019031,0.00171239,0.030599,-0.46696,0.57934,0.682475,0.734341,5840.9,86.8,211.4,593.9,100.0,1.0
219259,1373,160,4.460378,1.0,-0.021997,0.0,0.0,0.00172559,0.055073,-0.202636,0.573387,0.657327,0.85815,6848.0,103.3,263.6,565.9,100.0,1.0
219420,1374,161,3.375107,0.2,-0.067564,0.012477,0.018981,0.00214846,-0.095359,-0.434445,-0.023327,0.55485,0.82542,5964.8,95.9,256.8,492.7,100.0,1.0
219584,1375,164,0.121125,0.661696,-0.145939,0.0,0.0,0.00146649,-0.231473,-0.664425,-0.175582,0.371843,0.786184,5088.5,92.7,228.4,788.2,100.0,1.0
219746,1376,162,5.294594,0.870832,0.043536,0.003954,0.0,0.00189131,0.086443,-0.416768,0.388392,0.820108,0.704989,6032.1,82.9,208.4,656.2,100.0,1.0
219908,1377,162,-6.228973,0.701849,-0.364214,0.0,0.0,0.00173743,-0.910408,-1.0,-0.536122,-1.0,0.827181,3581.4,102.7,212.0,497.2,100.0,1.0
220066,1378,158,6.930701,0.534215,-0.131722,0.0,0.0,0.00189978,0.213961,-0.065195,0.535458,0.937057,0.792436,7371.6,95.1,210.8,544.5,100.0,1.0
220229,1379,163,-3.238529,1.0,-0.279647,0.0,0.0,0.00309492,-0.850775,-0.819693,-0.527735,-1.0,0.772312,4497.0,85.3,292.3,268.0,100.0,1.0
220392,1380,163,6.118433,0.800291,0.008533,0.0,0.0,0.0023447,0.071806,-0.287665,0.33575,0.774267,0.798238,6524.0,91.9,257.9,387.8,100.0,1.0
220549,1381,157,-5.79459,0.533246,-0.235309,0.008061,0.0,0.00199598,-0.850529,-0.871306,-0.405542,-1.0,0.768591,4300.3,87.8,256.9,436.6,100.0,1.0
220713,1382,164,5.085542,0.2,-0.090787,0.001799,0.061388,0.00191203,0.063751,-0.198156,0.047439,0.769747,0.797411,6865.0,97.0,197.6,637.3,100.0,1.0
220876,1383,163,-5.115889,0.563757,-0.129743,0.021754,0.0,0.00223287,-0.881142,-0.918752,-0.441206,-1.0,0.829334,4119.6,95.4,269.5,499.3,100.0,1.0
221037,1384,161,8.734214,0.2,-0.028225,0.008011,0.0,0.00236092,0.267886,0.043078,0.680201,0.98759,0.823757,7784.1,97.9,230.7,459.7,100.0,1.0
221199,1385,162,3.524939,0.726343,-0.045713,0.0,0.0,0.00144565,0.027297,-0.150432,0.120997,0.654093,0.835328,7046.9,106.5,225.5,683.4,100.0,1.0
221359,1386,160,1.46457,0.800895,-0.247289,0.005602,0.0,0.00193842,-0.201501,-0.507008,-0.123944,0.376236,0.851395,5688.3,103.3,252.3,590.2,100.0,1.0
221514,1387,155,-5.363457,1.0,-0.378591,0.002565,0.0,0.00223572,-0.827038,-0.801699,-0.348884,-1.0,0.766901,4565.5,90.1,227.0,282.7,100.0,1.0
221679,1388,165,4.414858,0.886772,-0.028795,0.0,0.0,0.00241456,-0.071018,-0.52257,-0.012818,0.618008,0.745188,5629.0,87.0,227.3,731.4,100.0,1.0
221836,1389,157,2.160866,0.698077,-0.203169,0.005998,0.0,0.00215547,-0.17817,-0.604629,-0.01919,0.42638,0.782581,5316.4,93.2,217.2,254.4,100.0,1.0
222000,1390,164,-5.611343,0.282023,-0.148172,0.026144,0.078186,0.00198677,-0.830364,-0.735201,-0.301429,-1.0,0.865684,4818.9,106.2,276.1,535.4,100.0,1.0
222160,1391,160,-4.684177,0.593872,-0.048032,0.011084,0.0,0.00247524,-0.744794,-0.703509,0.120257,-1.0,0.723769,4939.6,79.3,280.8,315.7,100.0,1.0
222324,1392,164,8.731029,1.0,-0.024084,0.013639,0.0,0.0026457,0.213425,-0.132742,0.465081,0.985354,0.776155,7114.3,89.6,248.4,300.6,100.0,1.0
222483,1393,159,-5.117493,0.333766,-0.379154,0.012035,5.2e-05,0.00227894,-0.897228,-1.0,-0.563049,-1.0,0.763691,3706.1,86.2,266.6,603.2,100.0,1.0
222643,1394,160,4.253033,0.61947,-0.053398,0.007416,1.3e-05,0.00212947,-0.025338,-0.353936,0.236346,0.613062,0.822854,6271.5,97.2,237.4,535.0,100.0,1.0
222804,1395,161,4.788741,0.2,-0.103267,0.0,0.017401,0.00225986,-0.008785,-0.464923,-0.0392,0.729396,0.721573,5848.6,84.5,216.2,560.9,100.0,1.0
222961,1396,157,-4.876258,0.722457,-0.212708,0.0,0.0,0.0024328,-0.827614,-0.776519,-0.390469,-1.0,0.777748,4661.5,87.6,273.8,359.9,100.0,1.0
223123,1397,162,-6.068312,0.2,-0.245642,0.004562,0.0,0.00180055,-0.822177,-0.736896,-0.292909,-1.0,0.834648,4812.4,108.4,224.4,758.1,100.0,1.0
223283,1398,160,-5.848723,0.789012,-0.237132,0.000323,0.0,0.00193787,-0.859284,-0.871293,-0.531523,-1.0,0.753235,4300.4,87.8,231.0,522.3,100.0,1.0
223447,1399,164,-0.13741,0.2,-0.078899,0.016142,0.016525,0.00146318,-0.250106,-0.440748,-0.04824,0.199248,0.859177,5940.8,123.8,265.3,1205.7,100.0,1.0
223602,1400,155,0.989148,0.2,-0.049446,0.016257,3e-06,0.0015859,-0.172463,-0.603468,0.04704,0.426578,0.787725,5320.8,93.2,225.0,667.0,100.0,1.0
223758,1401,156,5.738233,1.0,-0.11798,0.0,0.0,0.00257282,0.023884,-0.633045,0.24194,0.788914,0.630458,5208.1,72.8,201.6,334.9,100.0,1.0
223921,1402,163,3.021974,0.2,-0.096303,0.0,0.0,0.0019838,-0.099424,-0.347465,-0.023188,0.494968,0.832903,6296.2,105.3,221.5,650.9,100.0,1.0
224083,1403,162,1.642571,0.95821,-0.114388,0.0,0.0,0.00208854,-0.216634,-0.556691,-0.098135,0.343486,0.82017,5499.0,102.3,200.3,600.1,100.0,1.0
224240,1404,157,1.917444,0.35626,-0.121578,0.0,0.0,0.00224253,-0.210031,-0.623862,-0.258495,0.418864,0.783045,5243.1,92.4,227.3,572.2,100.0,1.0
224403,1405,163,-5.606582,0.614813,-0.264009,0.0,0.0,0.00200602,-0.800453,-0.739103,-0.192964,-1.0,0.785525,4804.0,94.1,211.9,444.1,100.0,1.0
224566,1406,163,3.875814,1.0,0.031008,0.0,0.0,0.00187375,-0.018394,-0.368211,0.115007,0.633296,0.764641,6217.1,95.2,164.2,583.0,100.0,1.0
224724,1407,158,7.35201,0.310897,-0.023006,0.0,0.010691,0.00276572,0.107389,-0.351297,0.055391,0.918811,0.711399,6281.6,81.8,230.8,561.4,100.0,1.0
224885,1408,161,3.557141,0.640727,-0.060865,0.002054,3.6e-05,0.00178673,-0.024255,-0.339878,0.205766,0.606577,0.809973,6325.1,98.4,201.7,493.7,100.0,1.0
225047,1409,162,9.372274,0.932798,0.016291,0.0,0.0,0.00265445,0.263813,0.038046,0.517586,1.0,0.789829,7765.0,94.5,213.8,384.0,100.0,1.0
225209,1410,162,-5.735767,0.2,-0.267499,0.0,0.033908,0.00194923,-0.870706,-0.882807,-0.446102,-1.0,0.821577,4256.5,97.9,227.1,721.1,100.0,1.0
225364,1411,155,6.35158,0.236156,0.140037,0.0,0.093241,0.00192139,0.172364,-0.013163,0.518091,0.832172,0.836095,7569.9,103.3,226.8,478.3,100.0,1.0
225525,1412,161,-6.38227,0.718037,-0.250503,0.0,0.0,0.00167561,-0.840273,-0.821115,-0.348141,-1.0,0.80072,4491.6,99.0,179.7,659.5,100.0,1.0
225690,1413,165,4.732138,0.925345,0.069646,0.011391,0.0,0.00182367,0.049325,-0.224101,0.200541,0.712478,0.798781,6766.2,98.8,178.9,565.8,100.0,1.0
225848,1414,158,-6.163156,0.781079,-0.382803,0.0,0.0,0.00180932,-0.910474,-0.974886,-0.602477,-1.0,0.826018,3905.7,101.0,210.0,477.6,100.0,1.0
226012,1415,164,-6.036767,0.248165,-0.202426,0.007809,0.06332,0.00179041,-0.88012,-0.85421,-0.567304,-1.0,0.83935,4365.5,119.7,232.3,700.7,100.0,1.0
226169,1416,157,3.852084,0.508091,-0.060051,0.003594,0.0,0.00196564,-0.023523,-0.353411,-0.082103,0.673733,0.785811,6273.5,93.7,216.5,454.4,100.0,1.0
226324,1417,155,2.844517,0.2,-0.154043,0.012633,0.003904,0.00205577,-0.108161,-0.577317,-0.090258,0.570729,0.73239,5420.4,86.3,214.1,437.2,100.0,1.0
226490,1418,166,0.904383,1.0,-0.245924,0.006901,0.0,0.00217937,-0.294855,-0.680679,-0.120725,0.241958,0.837582,5026.6,101.2,229.3,673.4,100.0,1.0
226649,1419,159,8.582205,0.88488,0.01846,0.000718,1.7e-05,0.0026439,0.214399,-0.309897,0.526329,1.0,0.643038,6439.3,74.0,208.0,494.5,100.0,1.0
226802,1420,153,5.199443,0.2,0.093689,0.001765,0.0,0.00177894,0.112361,-0.227223,0.281614,0.842264,0.7836,6754.3,91.7,236.7,551.9,100.0,1.0
226959,1421,157,4.34499,0.345108,-0.076845,0.001726,1e-06,0.00283988,-0.124576,-0.590949,-0.076666,0.551891,0.759714,5368.5,86.5,257.2,357.0,100.0,1.0
227120,1422,161,-6.19186,0.2,-0.25564,0.0,0.0,0.00175039,-0.900849,-0.959237,-0.498981,-1.0,0.844565,3965.3,102.9,240.9,672.7,100.0,1.0
227277,1423,157,2.887378,0.2,-0.306587,0.0,0.351951,0.00190781,-0.085966,-0.505674,0.155149,0.550439,0.780954,5693.4,91.8,230.6,545.3,100.0,1.0
227437,1424,160,3.075402,0.334346,-0.114098,0.0,2e-06,0.0020497,-0.100543,-0.413646,-0.132037,0.556024,0.825349,6044.0,97.1,242.7,600.2,100.0,1.0
227596,1425,159,-5.679198,0.2,-0.250251,0.000339,0.0,0.00201014,-0.959992,-1.0,-0.999022,-1.0,0.840359,2867.9,104.0,233.9,576.8,100.0,1.0
227752,1426,156,-6.484603,0.697762,-0.39594,0.005838,0.0,0.00167658,-0.940162,-1.0,-0.817229,-1.0,0.833756,3077.7,104.3,222.9,595.6,100.0,1.0
227918,1427,166,-5.316334,0.319904,-0.229024,0.00413,0.0,0.00209022,-0.867609,-0.870185,-0.386683,-1.0,0.845576,4304.6,101.7,242.6,535.0,100.0,1.0
228075,1428,157,-3.094307,0.388935,-0.159648,0.002478,4.2e-05,0.00325965,-0.806896,-0.696875,-0.504187,-1.0,0.729036,4964.9,81.8,260.8,311.4,100.0,1.0
228241,1429,166,5.210537,0.350478,0.008199,0.0,0.0,0.00192291,0.066311,-0.328869,-0.006187,0.844583,0.754744,6367.0,86.3,251.2,562.1,100.0,1.0
228398,1430,157,4.489849,1.0,0.025356,0.009385,0.0,0.00201842,0.01522,-0.280564,0.144374,0.682884,0.808919,6551.1,97.3,212.8,576.7,100.0,1.0
228553,1431,155,-5.840493,1.0,-0.198103,0.0,0.0,0.00200451,-0.87442,-0.898417,-0.566271,-1.0,0.772754,4197.0,92.6,207.5,707.7,100.0,1.0
228715,1432,162,2.270278,0.304505,-0.149326,0.013823,0.0,0.0022822,-0.201809,-0.560861,0.048405,0.375571,0.866649,5483.1,99.7,281.8,411.0,100.0,1.0
228875,1433,160,0.020555,0.2,-0.107524,0.005385,0.0,0.00174703,-0.277965,-0.627164,-0.350608,0.306523,0.834892,5230.5,100.1,224.8,585.0,100.0,1.0
229042,1434,167,0.765497,0.823176,-0.116593,0.012179,0.0,0.00190868,-0.262124,-0.613889,-0.091929,0.275561,0.838731,5281.1,103.5,231.2,511.5,100.0,1.0
229206,1435,164,1.828,0.944,0.006719,0.032687,0.0,0.00166982,-0.138715,-0.544659,0.067501,0.45705,0.768482,5544.8,95.1,170.9,923.4,100.0,1.0
229366,1436,160,2.789014,0.491091,-0.017053,0.0,0.0,0.00169894,-0.065727,-0.352364,0.577918,0.434248,0.83651,6277.5,109.4,227.5,999.0,100.0,1.0
229528,1437,162,5.06169,0.872358,0.111138,0.0,0.0,0.00223257,0.012253,-0.259794,0.192922,0.655083,0.816498,6630.2,100.1,194.2,508.8,100.0,1.0
229682,1438,154,2.672655,0.314482,-0.048249,0.0,0.0,0.00167835,-0.061046,-0.295947,0.087151,0.529744,0.830689,6492.4,106.1,217.8,477.7,100.0,1.0
229843,1439,161,0.507926,0.547841,-0.264199,0.016511,0.0,0.00192606,-0.272557,-0.677109,-0.137804,0.28708,0.817324,5040.2,97.9,220.0,491.1,100.0,1.0
230005,1440,162,-5.614089,0.455652,-0.255475,0.00527,0.0,0.00200541,-0.828673,-0.773953,-0.226738,-1.0,0.850044,4671.2,100.5,250.1,690.2,100.0,1.0
230167,1441,162,3.42266,1.0,-0.023171,0.0,0.0,0.0016183,-0.009463,-0.282363,0.020554,0.651794,0.806579,6544.2,99.0,188.8,727.0,100.0,1.0
230323,1442,156,-5.624954,1.0,-0.206559,0.012083,0.0,0.00208962,-0.819926,-0.915452,-0.321966,-1.0,0.635466,4132.1,74.8,186.0,522.8,100.0,1.0
230473,1443,150,3.287275,0.769944,-0.071341,0.0,0.0,0.00161921,-0.00024,-0.605638,0.118943,0.750226,0.643261,5312.5,75.9,186.8,619.7,100.0,1.0
230636,1444,163,-5.954609,0.42319,-0.454902,0.009365,0.0,0.00183478,-0.940983,-1.0,-0.735324,-1.0,0.869802,3596.8,103.3,283.0,458.2,100.0,1.0
230797,1445,161,9.48223,0.738064,0.128033,0.005162,1e-06,0.00237871,0.316819,0.089939,0.6123,1.0,0.667583,7962.7,78.1,201.2,395.0,100.0,1.0
230961,1446,164,0.889398,0.61396,-0.142258,0.0,9.5e-05,0.00170613,-0.214136,-0.473612,-0.284467,0.343323,0.818461,5815.5,108.2,197.4,688.7,100.0,1.0
231120,1447,159,4.106905,1.0,-0.095454,0.0,0.0,0.00220245,-0.047195,-0.576717,0.23956,0.634207,0.722618,5422.7,83.0,236.5,454.4,100.0,1.0
231276,1448,156,-5.708912,0.2,-0.243274,0.0,0.0,0.00203031,-0.88759,-1.0,-0.586148,-1.0,0.715901,3692.6,82.1,235.4,561.5,100.0,1.0
231435,1449,159,-4.701915,1.0,-0.298273,0.005521,0.0,0.00247618,-0.862675,-0.87228,-0.619887,-1.0,0.730464,4296.6,84.4,232.9,548.7,100.0,1.0
231596,1450,161,6.247951,0.5127,0.052,0.0,0.0,0.00161905,0.200261,0.119787,0.516672,0.82154,0.839874,8076.4,110.8,233.1,550.8,100.0,1.0
231753,1451,157,7.921565,0.562636,-0.048878,0.0,0.0,0.00278515,0.147058,-0.394932,0.087812,1.0,0.65196,6115.3,73.6,228.4,359.0,100.0,1.0
231911,1452,158,-4.737928,0.2,-0.336927,0.002892,0.105483,0.00245573,-0.919938,-0.967781,-0.775962,-1.0,0.801587,3932.8,93.7,242.8,562.1,100.0,1.0
232072,1453,161,3.832363,1.0,-0.08628,0.004982,0.0,0.00231008,-0.089179,-0.597275,0.171831,0.566122,0.733968,5344.4,85.3,228.0,490.4,100.0,1.0
232237,1454,165,2.213459,0.56302,-0.149723,0.000794,0.0,0.00217106,-0.194933,-0.553162,-0.329322,0.446427,0.809124,5512.5,95.3,237.0,398.2,100.0,1.0
232399,1455,162,-6.181029,0.412785,-0.206948,0.0,8.7e-05,0.00174495,-0.878255,-0.887704,-0.669517,-1.0,0.757508,4237.8,90.9,202.4,705.2,100.0,1.0
232556,1456,157,5.865377,1.0,-0.014351,0.0,0.0,0.00234257,0.064804,-0.337056,0.29264,0.79401,0.791198,6335.8,88.3,288.6,408.7,100.0,1.0
232719,1457,163,5.071269,0.470513,0.044346,0.0,0.0,0.00158299,0.115928,-0.087287,0.524904,0.744619,0.850352,7287.4,104.4,250.6,821.4,100.0,1.0
232884,1458,165,-4.561123,1.0,-0.262768,0.004197,0.0,0.00244818,-0.885108,-0.822637,-0.66225,-1.0,0.852895,4485.8,98.8,268.8,336.6,100.0,1.0
233041,1459,157,-4.79055,0.408512,-0.006446,0.0,1.7e-05,0.00245574,-0.760295,-0.702185,-0.421671,-1.0,0.570327,4944.7,64.4,199.1,427.1,100.0,1.0
233205,1460,164,2.677356,0.82347,-0.094819,0.0,0.0,0.00213919,-0.153367,-0.466555,0.042401,0.423189,0.840978,5842.4,102.6,235.0,576.5,100.0,1.0
233369,1461,164,3.574138,0.2,0.121263,0.032208,0.318034,0.00182766,-0.036204,-0.254959,0.261512,0.546895,0.869493,6648.6,107.5,282.5,672.3,100.0,1.0
233527,1462,158,-5.645495,0.2,-0.253042,0.0,0.184373,0.00203108,-0.881396,-0.873684,-0.614578,-1.0,0.806069,4291.3,95.6,228.3,519.5,100.0,1.0
233687,1463,160,2.410154,0.608641,-0.063495,0.010632,1.1e-05,0.00184669,-0.117771,-0.419675,0.237054,0.449698,0.865746,6021.0,103.8,276.2,372.2,100.0,1.0
233844,1464,157,-5.200807,0.2,-0.24306,0.009899,0.0,0.00225414,-0.797474,-0.796083,-0.206196,-1.0,0.711334,4586.9,82.0,228.9,417.5,100.0,1.0
234007,1465,163,6.235226,0.2,0.080755,0.004775,0.118599,0.00204533,0.126184,-0.053508,0.406877,0.774756,0.844115,7416.1,104.5,240.2,694.3,100.0,1.0
234171,1466,164,-5.149867,0.687372,-0.337615,0.0,0.0,0.00219001,-0.825034,-0.76513,-0.274404,-1.0,0.825246,4704.9,95.4,262.3,325.9,100.0,1.0
234333,1467,162,4.611924,0.255086,0.01717,0.0,0.000106,0.00150124,0.096683,-0.079611,0.601674,0.660514,0.831151,7316.7,110.2,218.6,1174.8,100.0,1.0
234499,1468,166,-5.365519,0.963804,-0.213784,0.005721,0.0,0.00207474,-0.854411,-0.92984,-0.469182,-1.0,0.700131,4077.3,78.4,252.5,514.8,100.0,1.0
234661,1469,162,7.591524,0.977273,0.074882,0.0,0.0,0.0020118,0.233457,0.073966,0.742878,0.864188,0.819989,7901.8,106.0,200.0,733.6,100.0,1.0
234823,1470,162,-5.749466,0.406222,-0.279337,0.004174,9.1e-05,0.00193825,-0.811213,-0.688148,-0.323429,-1.0,0.827333,4998.2,106.0,212.2,627.5,100.0,1.0
234986,1471,163,-5.381658,1.0,-0.266058,0.001095,1.6e-05,0.00210556,-0.835552,-0.842168,-0.322811,-1.0,0.770917,4411.3,88.7,249.8,624.3,100.0,1.0
235144,1472,158,-5.040763,0.2,-0.239065,0.040844,0.000128,0.0023131,-0.848585,-0.840654,-0.398902,-1.0,0.794125,4417.1,89.5,279.8,565.2,100.0,1.0
235306,1473,162,2.542004,-0.128265,-0.05421,0.0,0.0,0.00196154,-0.130455,-0.441446,-0.151914,0.50803,0.832458,5938.1,98.4,238.9,473.7,100.0,1.0
235464,1474,158,9.608149,1.0,0.082524,0.002883,0.0,0.00276146,0.271541,-0.182685,0.654628,1.0,0.593003,6924.0,68.7,186.5,438.6,100.0,1.0
235618,1475,154,-5.93797,1.0,-0.317531,0.0,0.0,0.00196182,-0.88499,-1.0,-0.782624,-1.0,0.626909,2680.7,74.4,177.3,541.5,100.0,1.0
235779,1476,161,-5.294441,1.0,-0.272832,0.0,0.0,0.00217171,-0.853594,-0.808466,-0.520488,-1.0,0.797713,4539.7,95.0,221.1,389.1,100.0,1.0
235939,1477,160,2.388419,0.927276,-0.08712,0.0,0.0,0.00195742,-0.137184,-0.543055,-0.224402,0.53356,0.769617,5551.0,90.5,227.0,639.8,100.0,1.0
236092,1478,153,-6.225187,0.356814,-0.158229,0.01253,0.0,0.00182332,-0.799412,-0.770445,-0.200702,-1.0,0.746922,4684.6,85.8,243.5,520.3,100.0,1.0
236257,1479,165,0.261973,0.789042,-0.068197,0.0,0.0,0.00171909,-0.264312,-0.614088,-0.28135,0.298976,0.80898,5280.3,101.6,181.6,944.4,100.0,1.0
236421,1480,164,7.718001,0.548233,0.06224,0.016286,0.0,0.00284329,0.102205,-0.240912,0.070264,0.882584,0.790506,6702.1,89.0,279.2,503.6,100.0,1.0
236580,1481,159,7.226756,0.2,0.091219,0.012332,0.149603,0.00218296,0.185293,-0.25086,0.426162,0.977576,0.742554,6664.2,84.2,254.7,557.2,100.0,1.0
236735,1482,155,7.061406,0.2,-0.058938,0.01319,0.031162,0.00204388,0.20334,-0.240106,0.328402,1.0,0.677895,6705.2,76.1,242.0,598.7,100.0,1.0
236893,1483,158,5.145936,0.267908,0.028824,0.000505,7e-06,0.00130585,0.172655,-0.093754,0.556511,0.837324,0.777949,7262.8,98.8,143.6,968.6,100.0,1.0
237056,1484,163,-6.28463,0.510672,-0.331431,0.0,0.0,0.00168535,-0.827621,-0.737488,-0.309973,-1.0,0.849007,4810.2,103.8,248.3,790.6,100.0,1.0
237222,1485,166,2.502446,0.598152,-0.106042,0.0,0.0,0.00193409,-0.136762,-0.466473,-0.172781,0.506852,0.822426,5842.7,96.9,239.8,459.4,100.0,1.0
237383,1486,161,2.568433,0.2,-0.109163,0.02126,0.009336,0.00182702,-0.105036,-0.549137,0.116524,0.534242,0.772404,5527.8,90.1,236.5,706.2,100.0,1.0
237540,1487,157,-6.856345,0.2,-0.284433,0.0,0.317911,0.00147159,-0.821878,-0.732122,-0.291988,-1.0,0.838593,4830.6,108.1,231.0,786.4,100.0,1.0
237704,1488,164,3.668997,0.73662,-0.079397,0.0,3e-06,0.00183729,-0.031251,-0.382442,-0.045804,0.665127,0.788443,6162.9,92.5,234.6,667.9,100.0,1.0
237858,1489,154,-4.929494,0.867785,-0.127559,0.0,0.0,0.00244102,-0.765166,-0.746611,-0.262573,-1.0,0.609024,4775.4,68.9,211.0,379.8,100.0,1.0
238013,1490,155,2.983461,0.658728,-0.126203,0.005885,0.0,0.00201475,-0.092712,-0.551124,-0.134343,0.613039,0.746851,5520.2,85.6,246.6,621.0,100.0,1.0
238172,1491,159,-5.936471,0.799523,-0.320624,0.0,0.0,0.00189405,-0.890138,-1.0,-0.540884,-1.0,0.744199,3760.2,84.6,253.8,626.2,100.0,1.0
238325,1492,153,8.693336,0.951849,0.082521,0.000853,0.0,0.00242206,0.269141,-0.092734,0.710836,1.0,0.715036,7266.7,81.6,239.9,359.3,100.0,1.0
238484,1493,159,1.79732,1.0,-0.179784,0.001818,0.0,0.00211801,-0.204492,-0.564851,-0.261245,0.411036,0.806277,5467.9,96.9,213.6,529.3,100.0,1.0
238646,1494,162,1.891059,0.595869,-0.139014,0.008012,0.0,0.00182501,-0.156498,-0.490525,-0.259583,0.486738,0.810414,5751.1,96.7,222.4,563.9,100.0,1.0
238811,1495,165,0.897373,0.2,-0.151213,0.01218,0.025267,0.00186411,-0.241542,-0.572114,-0.149303,0.308686,0.828231,5440.2,103.9,213.7,629.4,100.0,1.0
238973,1496,162,3.148033,0.689155,0.000764,0.000249,0.0,0.00163397,-0.033195,-0.317186,0.358441,0.540854,0.824336,6411.5,104.0,207.2,984.5,100.0,1.0
239135,1497,162,2.794043,0.666595,-0.094163,0.0,0.0,0.00197425,-0.114391,-0.338962,0.059119,0.429059,0.828743,6328.6,110.7,214.6,642.1,100.0,1.0
239294,1498,159,-5.292994,0.2,-0.026457,0.0,0.129815,0.00217889,-0.777575,-0.745761,-0.203949,-1.0,0.682961,4778.7,81.1,192.4,548.7,100.0,1.0
239452,1499,158,-6.189123,0.2,-0.158908,0.010638,2.6e-05,0.00177516,-0.814693,-0.694287,-0.447344,-1.0,0.785546,4974.8,94.8,203.8,585.6,100.0,1.0
239613,1500,161,8.390017,1.0,0.088123,0.0,0.0,0.00242855,0.225725,-0.138294,0.457726,1.0,0.741895,7093.1,86.4,228.1,517.5,100.0,1.0
239774,1501,161,-5.929251,0.923082,-0.244445,0.0,0.0,0.00187544,-0.851795,-0.787108,-0.490142,-1.0,0.824013,4621.1,99.3,215.4,478.8,100.0,1.0
239932,1502,158,7.647725,0.734719,0.052255,0.00277,5e-06,0.00205754,0.237007,-0.017701,0.433334,1.0,0.807603,7552.6,93.0,261.1,541.0,100.0,1.0
240091,1503,159,2.005913,0.967908,-0.100075,0.0,0.0,0.00178756,-0.136792,-0.52152,0.015964,0.485284,0.808488,5633.0,94.8,241.3,495.5,100.0,1.0
240246,1504,155,-5.612348,1.0,-0.180772,0.004972,0.0,0.00209994,-0.85228,-0.830118,-0.512868,-1.0,0.773855,4457.3,87.3,270.8,286.6,100.0,1.0
240396,1505,150,2.813579,0.521504,-0.20238,0.0,0.0,0.00176319,-0.057739,-0.611371,0.276022,0.596186,0.683894,5290.7,82.9,173.1,383.8,100.0,1.0
240556,1506,160,-5.886055,1.0,-0.22803,0.0,0.0,0.00190782,-0.81201,-0.763254,-0.284412,-1.0,0.771019,4712.0,94.8,179.1,668.2,100.0,1.0
240718,1507,162,-6.081486,0.691447,-0.372153,0.0,0.0,0.00178726,-0.840781,-0.759483,-0.363549,-1.0,0.858221,4726.4,108.5,263.7,536.1,100.0,1.0
240870,1508,152,3.497474,0.635704,0.064383,0.0,1.7e-05,0.00230526,-0.093448,-0.451636,0.034071,0.551047,0.817461,5899.3,95.1,253.1,607.2,100.0,1.0
241032,1509,162,1.280822,1.0,-0.162282,0.0,0.0,0.00209242,-0.244861,-0.645808,-0.194122,0.353894,0.822219,5159.5,95.3,258.9,353.7,100.0,1.0
241184,1510,152,-5.229073,1.0,-0.399914,0.0,0.0,0.00232292,-0.878483,-1.0,-0.583283,-1.0,0.680617,3349.0,75.4,254.6,288.9,100.0,1.0
241339,1511,155,3.411515,1.0,-0.152276,0.0,0.0,0.00284235,-0.189998,-0.67443,-0.383207,0.502423,0.736154,5050.4,84.0,246.5,443.5,100.0,1.0
241497,1512,158,2.865193,1.0,-0.18475,0.0,0.0,0.00208916,-0.119635,-0.570977,0.163362,0.486188,0.750808,5444.6,91.6,182.8,321.9,100.0,1.0
241663,1513,166,2.140638,0.396136,-0.077796,0.008935,0.0,0.00208779,-0.189359,-0.493443,-0.008108,0.363442,0.842256,5740.0,105.2,237.1,488.0,100.0,1.0
241823,1514,160,6.423596,0.306389,-0.116153,0.025326,0.018318,0.00190376,0.166977,0.0068,0.567173,0.808993,0.86015,7645.9,105.7,266.9,519.3,100.0,1.0
241982,1515,159,-6.256528,0.653683,-0.18177,0.006585,8e-06,0.00174016,-0.842376,-0.736781,-0.494359,-1.0,0.834982,4812.9,105.9,225.0,690.9,100.0,1.0
242135,1516,153,-0.200306,0.2,-0.198455,0.0,0.038108,0.00152878,-0.248569,-0.612884,-0.324803,0.343627,0.801276,5284.9,98.3,188.2,653.1,100.0,1.0
242296,1517,161,6.302824,0.700059,0.023693,0.024203,3e-06,0.00215244,0.116023,-0.31114,0.245845,0.893211,0.752243,6434.6,85.0,262.4,453.9,100.0,1.0
242460,1518,164,7.869773,0.2,0.071784,0.0,0.16791,0.00206779,0.238373,-0.070354,0.466717,1.0,0.76284,7351.9,91.8,200.1,662.8,100.0,1.0
242622,1519,162,-6.522063,0.624649,-0.237201,0.004319,0.0,0.00158573,-0.799188,-0.706778,-0.236775,-1.0,0.795264,4927.2,106.9,158.8,873.9,100.0,1.0
242780,1520,158,5.830343,0.2,-0.053116,0.018636,0.095419,0.0018325,0.138224,-0.037402,0.503498,0.765367,0.835691,7477.5,105.9,226.2,604.7,100.0,1.0
242942,1521,162,3.126757,0.2,0.043504,0.017762,0.049772,0.0016096,-0.031387,-0.226591,0.063994,0.591899,0.871594,6756.7,106.1,286.0,771.4,100.0,1.0
243102,1522,160,6.349749,0.377273,-0.071437,0.002008,4e-06,0.00194303,0.154766,-0.124408,0.228687,0.910365,0.804586,7146.0,93.5,250.0,516.3,100.0,1.0
243257,1523,155,0.282077,0.2,-0.13916,0.002429,0.173372,0.00183099,-0.263088,-0.63967,-0.14673,0.28856,0.815688,5182.9,100.6,192.8,784.4,100.0,1.0
243412,1524,155,4.38725,1.0,-0.078131,0.03233,0.0,0.00273367,-0.102097,-0.656902,-0.331205,0.664312,0.681904,5117.2,76.9,239.7,240.2,100.0,1.0
243570,1525,158,-0.556416,0.29962,-0.294994,0.015451,0.010214,0.00182019,-0.328352,-0.685315,-0.240914,0.202752,0.856131,5008.9,104.1,260.2,699.4,100.0,1.0
243728,1526,158,-5.732466,0.723288,-0.297042,0.000526,0.0,0.00199201,-0.92802,-1.0,-0.658952,-1.0,0.8485,3569.3,100.6,247.5,485.5,100.0,1.0
243889,1527,161,-6.587036,0.692241,-0.238804,0.001003,0.0,0.00156606,-0.8672,-0.952875,-0.574509,-1.0,0.68612,3989.5,83.7,167.6,616.0,100.0,1.0
244050,1528,161,3.976773,0.664358,-0.148178,0.0,0.0,0.00184494,-0.005497,-0.422038,0.113898,0.69756,0.761606,6012.0,88.5,236.4,548.9,100.0,1.0
244214,1529,164,4.589312,1.0,-0.031615,0.00029,0.0,0.00229136,-0.03941,-0.325851,-0.006033,0.635788,0.846636,6378.5,97.5,273.7,391.4,100.0,1.0
244376,1530,162,9.458093,1.0,0.021687,0.014167,0.0,0.00324646,0.167322,-0.277163,0.10316,1.0,0.694814,6564.0,79.5,230.9,311.7,100.0,1.0
244534,1531,158,2.305869,0.920597,-0.023561,0.0,3e-06,0.00184025,-0.121705,-0.465171,-0.126595,0.513588,0.79275,5847.7,96.6,194.4,524.2,100.0,1.0
244692,1532,158,-0.239333,0.428396,-0.154745,0.0,0.0,0.00155974,-0.263942,-0.684269,-0.18433,0.309596,0.793122,5012.9,95.7,205.4,885.4,100.0,1.0
244854,1533,162,-5.807183,1.0,-0.240525,0.0,0.0,0.00191507,-0.863254,-0.816553,-0.680139,-1.0,0.764409,4508.9,94.2,174.9,659.7,100.0,1.0
245005,1534,151,-5.772171,0.866952,-0.362135,0.021557,0.0,0.00206655,-0.924962,-0.973571,-0.747318,-1.0,0.827348,3910.7,91.6,310.8,324.2,100.0,1.0
245168,1535,163,-4.006322,0.838329,-0.208016,0.008059,0.0,0.00271025,-0.789304,-0.734176,-0.423011,-1.0,0.653837,4822.8,72.1,248.9,234.0,100.0,1.0
245328,1536,160,8.177561,0.657834,0.085128,0.005412,0.0,0.00264146,0.176849,-0.044546,0.302994,0.907394,0.821087,7450.3,97.6,229.2,507.7,100.0,1.0
245490,1537,162,1.668382,0.429954,-0.09458,0.027517,2e-05,0.00212373,-0.22172,-0.603323,-0.34112,0.414571,0.810424,5321.3,94.0,253.5,420.5,100.0,1.0
245654,1538,164,7.586233,0.2,0.018952,0.002808,0.067693,0.00227815,0.1824,0.042277,0.502528,0.837715,0.854034,7781.1,105.9,256.7,687.3,100.0,1.0
245812,1539,158,-5.483738,0.470045,-0.36712,0.0,0.0,0.00210055,-0.905541,-1.0,-0.668589,-1.0,0.754728,3621.6,89.4,214.4,468.7,100.0,1.0
245972,1540,160,3.642056,1.0,-0.23004,0.0,0.0,0.00283218,-0.186218,-0.639986,-0.531126,0.528378,0.737841,5181.7,84.8,240.9,315.1,100.0,1.0
246130,1541,158,8.389192,0.965323,0.057027,0.004575,0.0,0.00291806,0.153904,-0.340996,0.150065,1.0,0.703412,6320.8,76.1,284.7,305.7,100.0,1.0
246290,1542,160,7.359616,1.0,-0.051004,0.0,0.0,0.002496,0.140145,-0.172799,0.345804,0.865799,0.790222,6961.6,93.3,228.8,364.0,100.0,1.0
246443,1543,153,-5.790063,0.411322,-0.360932,0.0,0.0,0.00202163,-0.915442,-0.944945,-0.752814,-1.0,0.815697,4019.8,98.9,205.6,447.5,100.0,1.0
246603,1544,160,3.39391,0.781913,-0.104096,0.002328,0.0,0.00183155,-0.044244,-0.291893,0.195979,0.547082,0.838804,6507.9,105.2,231.3,619.2,100.0,1.0
246763,1545,160,2.70018,0.347875,-0.08532,0.024851,2.4e-05,0.00236726,-0.18086,-0.405933,-0.219127,0.392862,0.858434,6073.4,109.0,264.1,520.3,100.0,1.0
246923,1546,160,7.665958,0.2,-0.024182,0.001619,9e-06,0.00234902,0.185913,-0.173118,0.22591,0.984881,0.749403,6960.4,87.7,226.2,491.2,100.0,1.0
247079,1547,156,6.135896,0.266459,-0.075312,0.027994,0.0,0.00187615,0.156892,-0.217725,0.589678,0.856338,0.76072,6790.5,91.4,201.0,696.5,100.0,1.0
247234,1548,155,-3.550494,0.884895,-0.275094,0.016452,1.1e-05,0.00306463,-0.817829,-0.759481,-0.431885,-1.0,0.739082,4726.4,83.5,257.5,322.1,100.0,1.0
247400,1549,166,6.388274,0.2,0.024428,0.0,0.0,0.00216739,0.1084,-0.038478,0.34871,0.735945,0.844919,7473.4,107.6,241.5,705.7,100.0,1.0
247564,1550,164,5.159281,1.0,0.046696,0.0,0.0,0.0020073,0.04887,-0.150843,0.140256,0.707744,0.842168,7045.3,103.1,236.9,523.9,100.0,1.0
247721,1551,157,3.23154,0.2,-0.060784,0.00213,0.0,0.0020615,-0.086879,-0.491488,-0.235978,0.622282,0.757289,5747.4,88.6,228.8,472.8,100.0,1.0
247877,1552,156,-4.801188,0.887389,-0.387233,0.020853,1.1e-05,0.00245581,-0.903524,-0.992199,-0.624138,-1.0,0.772241,3839.7,91.7,217.6,356.9,100.0,1.0
248035,1553,158,-4.954041,0.691775,-0.043997,0.0,0.0,0.00235464,-0.759552,-0.688518,-0.318059,-1.0,0.622467,4996.7,71.3,205.5,313.6,100.0,1.0
248203,1554,168,7.516546,0.577428,0.046983,0.0,0.0,0.00229384,0.165362,-0.128072,0.299537,0.924901,0.810137,7132.0,92.6,269.6,413.7,100.0,1.0
248363,1555,160,3.888277,0.496484,0.026511,0.0,0.0,0.00199358,-0.03411,-0.2286,0.465077,0.459751,0.829471,6749.0,115.6,215.8,628.1,100.0,1.0
248522,1556,159,7.514795,1.0,0.019573,0.0,0.0,0.00261301,0.134953,-0.325074,0.490685,0.882285,0.743042,6381.5,84.8,249.6,324.4,100.0,1.0
248682,1557,160,8.623025,0.929767,0.004908,0.0,0.0,0.00215785,0.286262,0.149395,0.644293,1.0,0.862064,8189.2,100.5,270.1,403.2,100.0,1.0
248843,1558,161,7.096532,0.2,0.036356,0.003333,0.033341,0.00181109,0.228056,-0.007494,0.636437,0.912254,0.794463,7591.4,99.2,166.2,642.6,100.0,1.0
249006,1559,163,9.404274,0.764246,-0.082987,0.0,5.2e-05,0.00271722,0.245683,0.122089,0.700929,0.910184,0.876023,8085.2,105.8,293.4,449.1,100.0,1.0
249163,1560,157,-3.981152,0.363141,-0.317725,0.019412,0.000103,0.00281086,-0.938186,-1.0,-0.744426,-1.0,0.854974,3633.9,101.4,258.3,298.7,100.0,1.0
249327,1561,164,3.696627,0.2,-0.144774,0.001309,0.060672,0.00208888,-0.071813,-0.307909,0.099152,0.526221,0.86096,6446.9,105.6,268.3,671.8,100.0,1.0
249490,1562,163,4.25519,1.0,-0.076659,0.0,0.0,0.00198119,-0.01131,-0.303764,0.420166,0.589049,0.852019,6462.7,101.7,253.4,417.5,100.0,1.0
249644,1563,154,-6.11976,0.199996,-0.368854,0.002106,0.0,0.00184459,-0.840122,-0.859873,-0.40499,-1.0,0.73862,4343.9,89.8,183.5,387.5,100.0,1.0
249808,1564,164,-5.472898,0.429229,0.764267,0.0,0.000115,0.00203971,-0.912744,-1.0,-0.664338,-1.0,0.78524,3086.3,112.7,142.1,895.8,100.0,1.0
249970,1565,162,2.328697,0.30205,0.00764,0.023733,5e-06,0.00177307,-0.116691,-0.451804,-0.03006,0.520137,0.835155,5898.6,97.0,260.2,814.4,100.0,1.0
250130,1566,160,-4.631046,0.726888,-0.22831,0.004358,0.0,0.00246973,-0.855884,-0.832588,-0.447583,-1.0,0.811917,4447.8,91.5,286.2,279.3,100.0,1.0
250298,1567,168,-4.317105,0.532695,-0.27334,0.011733,0.0,0.00248456,-0.83577,-0.720836,-0.348639,-1.0,0.88279,4873.6,105.3,304.6,424.0,100.0,1.0
250457,1568,159,-0.249956,0.2,-0.200923,0.0,0.07437,0.00165415,-0.281279,-0.662648,-0.025393,0.223193,0.809421,5095.3,104.1,182.4,778.1,100.0,1.0
250619,1569,162,-5.121179,1.0,-0.240149,0.002279,0.0,0.00222386,-0.823511,-0.786771,-0.16524,-1.0,0.841176,4622.4,99.3,243.9,580.7,100.0,1.0
250777,1570,158,5.082401,0.968655,-0.142857,0.006129,0.0,0.00280438,-0.070901,-0.509044,-0.168581,0.671062,0.780825,5680.5,85.0,309.9,330.1,100.0,1.0
250940,1571,163,2.981785,0.372436,0.098832,0.014592,0.011529,0.00151087,-0.027901,-0.239252,0.207545,0.548082,0.832302,6708.4,108.3,220.5,909.6,100.0,1.0
251101,1572,161,3.749885,0.2,0.145997,9e-06,0.187621,0.00159971,0.016995,-0.218132,0.2709,0.633437,0.835748,6788.9,103.9,226.2,745.3,100.0,1.0
251253,1573,152,-5.604247,-0.084891,-0.260026,0.0,0.0,0.00211149,-0.827477,-0.753728,-0.373557,-1.0,0.806758,4748.3,94.6,241.2,330.0,100.0,1.0
251408,1574,155,0.665706,0.286743,-0.140512,0.0,0.017797,0.00157786,-0.195807,-0.478038,-0.143619,0.353507,0.813352,5798.7,107.1,188.9,1013.6,100.0,1.0
251570,1575,162,7.61242,0.073344,0.06834,0.020156,0.0,0.00188183,0.252262,0.114079,0.647225,0.920166,0.836185,8054.6,104.9,227.0,620.4,100.0,1.0
251732,1576,162,5.990662,0.251553,0.057517,0.000362,0.0,0.00175323,0.15433,0.090174,0.274851,0.769981,0.814763,7963.6,112.5,191.3,771.6,100.0,1.0
251898,1577,166,2.5752,1.0,0.035004,0.0,0.0,0.00219539,-0.176019,-0.44157,-0.116074,0.411109,0.873853,5937.6,105.2,289.8,470.6,100.0,1.0
252057,1578,159,7.372329,0.514611,0.046037,0.0,4.9e-05,0.00220262,0.189099,-0.103386,0.291771,0.968675,0.806805,7226.1,91.8,274.1,483.6,100.0,1.0
252213,1579,156,-5.835838,0.7904,-0.341486,0.005021,0.0,0.0019658,-0.916211,-1.0,-0.690793,-1.0,0.788527,3653.5,93.5,223.0,569.7,100.0,1.0
252374,1580,161,2.388904,0.2,-0.156637,0.0,0.029159,0.0025575,-0.237003,-0.61507,-0.282231,0.386417,0.838316,5276.6,95.1,287.1,435.1,100.0,1.0
252538,1581,164,5.420901,0.612082,0.153269,0.000884,7e-06,0.00234738,0.011573,-0.387525,0.181442,0.712921,0.779431,6143.5,89.7,253.0,486.3,100.0,1.0
252701,1582,163,8.194281,0.606777,0.070831,0.0,0.0,0.00216769,0.245989,0.028467,0.358448,1.0,0.787888,7728.5,93.1,227.1,408.0,100.0,1.0
252859,1583,158,9.185416,0.928564,0.104181,0.000729,0.0,0.00292005,0.210438,-0.309942,0.471686,1.0,0.636981,6439.1,68.5,262.0,396.0,100.0,1.0
253023,1584,164,3.196038,-0.110252,-0.077501,0.0,0.0,0.00222172,-0.130592,-0.40866,-0.188318,0.507124,0.849777,6063.0,100.6,249.6,421.7,100.0,1.0
253182,1585,159,2.599,0.800168,-0.023996,0.0,0.0,0.00193974,-0.118342,-0.433253,0.139804,0.461004,0.833644,5969.3,102.1,222.7,490.9,100.0,1.0
253345,1586,163,-4.661735,-0.136467,-0.187871,0.001842,0.0,0.00238911,-0.787961,-0.690773,-0.207812,-1.0,0.777945,4988.2,86.0,293.6,285.0,100.0,1.0
253501,1587,156,6.467126,0.456956,-0.006248,0.0,1e-06,0.00180411,0.19138,-0.098141,0.429014,0.899556,0.747234,7246.1,95.4,132.8,672.2,100.0,1.0
253662,1588,161,2.721661,0.676759,-0.093364,0.004312,2e-06,0.00211793,-0.142016,-0.451284,0.107871,0.436407,0.858178,5900.6,102.7,263.6,573.3,100.0,1.0
253819,1589,157,5.655443,0.535303,-0.008273,0.0,0.0,0.00169088,0.147847,-0.31233,0.466124,0.901347,0.724889,6430.0,84.5,221.8,610.2,100.0,1.0
253977,1590,158,4.254906,0.2,-0.062338,0.0,0.016026,0.00155111,0.065832,-0.18807,0.393574,0.704051,0.832514,6903.5,101.3,220.9,806.6,100.0,1.0
254135,1591,158,9.319412,1.0,-0.023339,0.0,0.0,0.00294939,0.21489,-0.200253,0.418782,1.0,0.7077,6857.0,76.9,281.9,221.4,100.0,1.0
254287,1592,152,5.575635,0.2,-0.008912,0.0,0.201216,0.00199934,0.103472,-0.389754,0.191113,0.88862,0.694596,6135.0,81.2,210.2,577.5,100.0,1.0
254444,1593,157,5.252818,1.0,0.053146,0.001059,0.0,0.00219202,0.039575,-0.246103,0.16307,0.734716,0.836369,6682.3,96.3,270.4,569.2,100.0,1.0
254609,1594,165,5.836603,0.473165,-0.065262,0.001287,0.000106,0.00248198,0.016779,-0.129488,0.276171,0.605028,0.881907,7126.6,111.0,303.2,385.1,100.0,1.0
254767,1595,158,0.811353,1.0,-0.099562,0.0,0.0,0.00179549,-0.224401,-0.500861,-0.14066,0.326503,0.862885,5711.7,107.6,271.5,554.7,100.0,1.0
254927,1596,160,8.19908,0.2,-0.064221,0.0,0.023896,0.00224113,0.240117,0.09374,0.591804,0.936702,0.868718,7977.2,103.0,281.2,849.6,100.0,1.0
255094,1597,167,2.473986,0.2,-0.104916,0.011466,0.188598,0.00200684,-0.154489,-0.400399,-0.071092,0.443674,0.898999,6094.5,105.5,331.7,498.8,100.0,1.0
255259,1598,165,2.42575,0.799953,-0.048502,0.0,0.0,0.00186911,-0.13131,-0.407122,0.045346,0.45425,0.863057,6068.9,104.3,271.8,539.6,100.0,1.0
255415,1599,156,7.981559,0.509584,0.003014,0.007462,2.9e-05,0.0025815,0.179843,-0.147937,0.591255,0.91099,0.826778,7056.4,92.3,301.0,400.4,100.0,1.0
255579,1600,164,3.295365,0.358263,-0.01982,0.001621,0.0,0.00188826,-0.069152,-0.32159,0.133103,0.528627,0.854063,6394.7,104.6,256.8,499.0,100.0,1.0
255741,1601,162,5.273023,0.2,-0.048681,0.000918,2.1e-05,0.00169431,0.110285,-0.044727,0.419635,0.720687,0.835086,7449.6,108.2,225.1,680.5,100.0,1.0
255903,1602,162,6.72972,0.842047,0.056867,0.0,1.7e-05,0.00217937,0.137905,0.07476,0.400965,0.734493,0.858715,7904.8,113.9,264.5,551.9,100.0,1.0
256060,1603,157,2.384508,0.801602,-0.096972,0.0,0.0,0.00161999,-0.080383,-0.329851,-0.18282,0.566629,0.82516,6363.3,101.5,208.6,657.3,100.0,1.0
256218,1604,158,-6.451975,0.879936,-0.31366,0.0,0.0,0.00165327,-0.857536,-0.848598,-0.368686,-1.0,0.834071,4386.8,105.3,223.5,679.4,100.0,1.0
256376,1605,158,1.123228,0.263236,-0.103361,0.000232,3.6e-05,0.00172767,-0.191021,-0.475637,0.049764,0.346768,0.863184,5807.8,107.8,272.0,718.3,100.0,1.0
256535,1606,159,4.391108,0.2,0.036744,0.005082,0.030339,0.00175847,0.040603,-0.00324,0.253674,0.567728,0.844182,7607.7,121.3,240.3,627.2,100.0,1.0
256698,1607,163,4.951655,0.2,0.049476,0.0,0.000294,0.00204701,0.027331,-0.170489,0.242757,0.628156,0.82234,6970.4,107.0,203.9,577.7,100.0,1.0
256857,1608,159,-5.458724,-0.134027,-0.271242,0.0,0.0,0.00207545,-0.836729,-0.708679,-0.493762,-1.0,0.840733,4919.9,106.7,234.6,509.8,100.0,1.0
257019,1609,162,6.870464,0.2,0.052484,0.006707,0.033358,0.00252431,0.091899,-0.260388,0.313225,0.810079,0.793433,6627.9,91.5,254.4,492.5,100.0,1.0
257183,1610,164,7.43075,1.0,0.099417,0.020924,0.0,0.00217255,0.185367,-0.137504,0.445288,0.9431,0.8081,7096.1,91.3,281.7,529.9,100.0,1.0
257342,1611,159,-6.141555,0.2,-0.303575,0.000285,0.067706,0.00176867,-0.923573,-1.0,-0.661193,-1.0,0.829815,3621.4,103.1,216.4,574.6,100.0,1.0
257502,1612,160,6.857585,0.2,0.056842,0.0,0.011011,0.00221528,0.145414,-0.168183,0.323643,0.893494,0.809207,6979.2,92.1,273.6,515.2,100.0,1.0
257665,1613,163,3.546719,0.986934,-0.061541,0.003454,0.0,0.00215128,-0.092155,-0.384943,-0.175601,0.588869,0.855625,6153.4,96.8,296.5,419.6,100.0,1.0
257822,1614,157,-4.402182,0.783092,-0.129656,0.002012,0.0,0.00261403,-0.792328,-0.693879,-0.250431,-1.0,0.775261,4976.3,86.2,287.0,286.4,100.0,1.0
257982,1615,160,0.388696,0.358721,-0.167862,0.000125,4.7e-05,0.00188333,-0.272974,-0.6412,-0.035833,0.258478,0.849927,5177.0,102.8,249.9,704.9,100.0,1.0
258139,1616,157,3.728471,0.557828,-0.02785,0.009692,7e-06,0.00176571,-0.005528,-0.265402,0.199546,0.642693,0.864837,6608.8,100.6,274.7,799.3,100.0,1.0
258301,1617,162,4.585323,0.921934,-0.006859,0.005452,2.8e-05,0.00191548,0.023746,-0.202967,-0.029765,0.735618,0.867131,6846.7,98.6,294.6,542.9,100.0,1.0
258459,1618,158,3.931697,1.0,-0.086923,0.001529,0.0,0.00239132,-0.091439,-0.598994,-0.356757,0.679837,0.711797,5337.8,79.4,259.5,565.6,100.0,1.0
258614,1619,155,3.594459,1.0,-0.072552,0.01126,0.0,0.002026,-0.052237,-0.546959,0.106101,0.648074,0.741347,5536.1,84.0,255.8,360.6,100.0,1.0
258768,1620,154,-5.995231,0.44997,-0.237089,0.0,0.0,0.0019007,-0.837532,-0.791421,-0.459956,-1.0,0.774724,4604.7,87.9,266.1,578.4,100.0,1.0
258922,1621,154,5.635001,0.677244,0.067463,0.0,0.0,0.0021133,0.084871,-0.286627,0.185663,0.834329,0.78308,6527.9,89.0,267.2,412.6,100.0,1.0
259081,1622,159,3.371461,0.567048,-0.018616,0.0,0.0,0.00180142,-0.040961,-0.388607,-0.036977,0.660653,0.817491,6139.4,92.4,284.2,534.7,100.0,1.0
259239,1623,158,7.23739,0.286751,0.066003,0.0,0.0,0.00290688,0.067567,-0.364043,0.25918,0.802996,0.754155,6233.0,86.4,248.6,320.1,100.0,1.0
259398,1624,159,3.690294,0.668818,-0.098624,0.022964,0.0,0.0024991,-0.128705,-0.651642,-0.294808,0.606685,0.715952,5137.2,79.9,260.7,565.7,100.0,1.0
259564,1625,166,-0.468576,0.169615,-0.095568,0.0,0.0,0.00154901,-0.291204,-0.538912,-0.323636,0.222505,0.852459,5566.7,113.8,254.1,647.2,100.0,1.0
259723,1626,159,4.334866,0.2,-0.095636,0.0,0.014182,0.00211638,-0.021024,-0.408994,0.273127,0.640523,0.80919,6061.7,92.4,270.9,600.1,100.0,1.0
259887,1627,164,0.44538,0.2,-0.042644,0.002658,0.21566,0.00150972,-0.215154,-0.502923,-0.109414,0.329094,0.840476,5703.9,107.3,234.1,883.8,100.0,1.0
260049,1628,162,0.864442,0.696982,-0.223731,0.0,0.0,0.00199869,-0.260871,-0.565055,-0.269728,0.320953,0.884063,5467.1,103.5,306.8,417.1,100.0,1.0
260210,1629,161,3.712505,0.932151,-0.026824,0.001643,0.0,0.00186122,-0.029612,-0.370793,-0.154416,0.706053,0.815574,6207.3,91.0,298.1,367.1,100.0,1.0
260366,1630,156,2.075026,0.882514,-0.141075,0.007362,0.0,0.00215339,-0.185008,-0.641938,-0.299276,0.487119,0.757773,5174.2,87.0,248.1,492.5,100.0,1.0
260536,1631,170,7.841661,1.0,0.032682,0.0,0.0,0.00281166,0.092234,-0.04556,0.097726,0.786193,0.882504,7446.4,104.2,304.2,372.2,100.0,1.0
260698,1632,162,-5.71071,0.52475,-0.258996,0.0,0.0,0.00193343,-0.813307,-0.718384,-0.21991,-1.0,0.846879,4883.0,103.2,244.8,784.2,100.0,1.0
260853,1633,155,-6.23859,0.896547,-0.127701,0.009792,0.0,0.00178307,-0.787121,-0.837796,-0.214511,-1.0,0.624883,4428.0,73.0,189.7,666.6,100.0,1.0
261015,1634,162,6.54844,0.2,-0.028653,0.000255,0.122682,0.00218581,0.122094,0.014101,0.371688,0.750304,0.874887,7673.7,109.6,291.5,590.2,100.0,1.0
261178,1635,163,3.537196,0.887706,0.042229,0.0,0.0,0.00146618,0.018206,-0.254987,0.375048,0.628807,0.828299,6648.5,102.0,213.8,720.2,100.0,1.0
261335,1636,157,5.125195,0.406981,-0.100696,0.002858,0.0,0.00200792,0.057332,-0.221043,0.520395,0.673346,0.835142,6777.8,101.3,225.2,664.7,100.0,1.0
261502,1637,167,-5.704502,1.0,0.765004,0.0,0.0,0.00189961,-0.921516,-1.0,-0.70285,-1.0,0.804922,3725.7,116.7,174.9,502.0,100.0,1.0
261664,1638,162,-0.911013,0.2,-0.178089,0.0,0.0,0.00171066,-0.343303,-0.683528,-0.363077,0.200483,0.865226,5015.8,104.5,275.4,641.9,100.0,1.0
261828,1639,164,3.16596,0.773932,0.05016,0.0,0.0,0.0019886,-0.096039,-0.492542,0.278969,0.50907,0.817712,5743.4,95.1,252.8,562.3,100.0,1.0
261992,1640,164,6.287924,0.866558,0.007172,0.0,0.0,0.0018239,0.157731,0.001631,0.499987,0.802754,0.855109,7626.2,105.8,258.5,721.8,100.0,1.0
262152,1641,160,2.061944,0.716476,-0.040679,0.0,0.0,0.00158783,-0.104245,-0.468716,-0.097487,0.566541,0.815735,5834.2,93.1,273.3,659.7,100.0,1.0
262309,1642,157,2.049861,0.476131,0.048249,0.001724,0.0,0.0013203,-0.058394,-0.301427,0.109306,0.540609,0.840845,6471.6,105.0,234.7,1000.1,100.0,1.0
262467,1643,158,2.572797,0.954825,-0.056994,0.011287,0.0,0.00224712,-0.168205,-0.430215,-0.202086,0.452252,0.885372,5980.9,103.0,309.0,597.2,100.0,1.0
262629,1644,162,5.404228,0.870064,-0.014189,0.013741,0.0,0.00225512,0.027033,-0.245191,0.256901,0.697523,0.865474,6685.8,98.5,293.7,443.1,100.0,1.0
262790,1645,161,6.244005,0.2,-0.087001,0.015376,0.025786,0.00257855,0.038132,-0.333182,0.10518,0.78604,0.814025,6350.6,88.9,319.6,409.1,100.0,1.0
262952,1646,162,4.292969,0.471839,0.084501,0.001466,0.0,0.00159208,0.053705,-0.085341,0.461231,0.595876,0.837733,7294.9,114.3,229.6,657.9,100.0,1.0
263115,1647,163,1.849881,0.349669,-0.107703,0.001768,0.0,0.00216233,-0.218186,-0.634749,-0.104646,0.401627,0.838741,5201.6,92.8,315.5,466.8,100.0,1.0
263273,1648,158,5.478201,0.665836,-0.07646,0.01242,0.0,0.00235836,0.024909,-0.522591,-0.15652,0.862353,0.694929,5628.9,75.6,276.7,383.4,100.0,1.0
263431,1649,158,-6.660202,0.685855,-0.314303,0.027487,0.0,0.0015445,-0.834767,-0.691378,-0.531956,-1.0,0.834908,4985.9,96.1,270.8,597.4,100.0,1.0
263593,1650,162,7.811214,0.323704,-0.002329,0.007907,3.3e-05,0.0020215,0.239317,-0.081918,0.636215,0.983004,0.788105,7307.9,92.1,238.6,656.2,100.0,1.0
263750,1651,157,6.888692,0.2,0.004947,0.015069,0.064697,0.00264611,0.084398,-0.302462,0.328729,0.817245,0.799031,6467.6,89.0,293.7,416.1,100.0,1.0
263902,1652,152,0.759208,0.696726,-0.138752,0.007614,0.0,0.00213153,-0.268882,-0.677375,-0.136892,0.311584,0.841929,5039.2,96.1,282.6,413.9,100.0,1.0
264058,1653,156,5.69166,0.337447,-0.034729,0.0,1e-06,0.00182852,0.127638,-0.010327,0.391768,0.776707,0.87856,7580.7,106.7,297.6,548.1,100.0,1.0
264221,1654,163,1.849883,0.2,-0.014643,0.000246,0.027819,0.00167124,-0.138216,-0.585435,-0.164191,0.539773,0.765388,5389.5,87.5,254.8,545.4,100.0,1.0
264382,1655,161,3.327093,1.0,0.104212,0.0,0.0,0.0016941,-0.031486,-0.264208,0.154712,0.574235,0.842395,6613.4,105.0,237.3,694.5,100.0,1.0
264541,1656,159,4.547113,0.373278,-0.021008,0.009861,6.3e-05,0.0017483,0.051671,-0.30684,0.31475,0.751972,0.81553,6450.9,92.1,285.3,519.6,100.0,1.0
264702,1657,161,2.835064,0.698092,-0.050148,0.0,3.4e-05,0.00165403,-0.060796,-0.316363,0.035516,0.560393,0.837657,6414.7,102.8,229.4,608.5,100.0,1.0
264863,1658,161,8.984479,0.519719,0.003214,0.0,0.0,0.00236816,0.269815,0.086198,0.63444,1.0,0.860713,7948.4,95.8,316.7,444.3,100.0,1.0
265016,1659,153,0.38461,0.2,-0.141015,0.0,0.160962,0.00171492,-0.234483,-0.563927,-0.226505,0.341484,0.82978,5471.4,102.0,216.3,770.0,100.0,1.0
265178,1660,162,6.93275,1.0,0.078924,0.0,0.0,0.00191819,0.191522,-0.0643,0.272162,0.974739,0.838057,7375.0,93.4,307.5,503.3,100.0,1.0
265340,1661,162,3.952515,0.550338,-0.049381,0.001713,0.0,0.00182919,-0.010005,-0.355318,0.059747,0.679596,0.795954,6266.2,93.3,238.4,684.3,100.0,1.0
265503,1662,163,-0.353366,0.636151,-0.055718,0.000425,0.0,0.0016685,-0.29752,-0.50628,-0.079405,0.140017,0.876065,5691.1,124.8,293.4,1297.8,100.0,1.0
265658,1663,155,6.52882,0.674584,0.070218,0.0,0.0,0.00220704,0.13068,-0.042614,0.276549,0.849925,0.905167,7457.6,100.8,341.9,495.5,100.0,1.0
265816,1664,158,2.173199,1.0,-0.222237,0.000101,0.0,0.00173686,-0.117055,-0.358151,0.196445,0.400752,0.829852,6255.4,111.6,216.4,661.7,100.0,1.0
265982,1665,166,7.115024,0.565427,0.02755,0.0,0.0,0.00227825,0.136904,0.05562,0.198274,0.814808,0.891005,7831.9,107.9,318.3,578.1,100.0,1.0
266145,1666,163,7.728389,0.363312,0.066806,0.0,6e-06,0.0019255,0.245598,0.276873,0.589594,0.839933,0.874212,8674.9,117.9,290.4,724.6,100.0,1.0
266305,1667,160,1.092344,0.503976,-0.038397,0.008364,0.0,0.00169797,-0.192585,-0.513896,0.007827,0.390922,0.88505,5662.1,101.8,308.4,890.3,100.0,1.0
266464,1668,159,8.891928,0.882513,0.029689,0.0,0.0,0.00254046,0.239569,0.023112,0.509201,0.993578,0.85824,7708.1,96.7,302.7,614.7,100.0,1.0
266626,1669,162,2.417698,0.2,0.05974,0.013126,0.0,0.00188987,-0.131173,-0.332909,0.037372,0.409176,0.861414,6351.6,112.7,269.0,646.3,100.0,1.0
266789,1670,163,3.5953,0.508257,-0.018661,0.015935,1.6e-05,0.00151171,0.013721,-0.228094,0.171018,0.671318,0.859535,6751.0,101.0,265.9,766.8,100.0,1.0
266942,1671,153,1.569433,0.681162,-0.135161,0.0,0.0,0.00209627,-0.207186,-0.686247,-0.17246,0.442432,0.781406,5005.4,86.8,290.2,460.1,100.0,1.0
267100,1672,158,2.725318,0.2,-0.070367,0.008506,0.027951,0.00227434,-0.162223,-0.463537,-0.350085,0.499353,0.844285,5853.9,97.6,268.4,505.2,100.0,1.0
267263,1673,163,5.850544,0.797459,0.11151,0.000429,0.0,0.00198456,0.099598,-0.087742,0.229295,0.7889,0.867825,7285.7,101.8,279.7,576.8,100.0,1.0
267417,1674,154,1.287293,1.0,-0.038032,0.016313,0.0,0.00178841,-0.182316,-0.601179,-0.262546,0.487769,0.8035,5329.5,89.6,294.4,555.7,100.0,1.0
267580,1675,163,9.220843,0.798782,0.053384,0.016434,0.0,0.0023595,0.281998,0.118801,0.614497,1.0,0.836609,8072.6,90.8,334.8,617.7,100.0,1.0
267736,1676,156,6.342112,0.349324,0.022836,0.021125,0.0,0.00187202,0.166403,-0.147065,0.158376,0.987637,0.83089,7059.7,88.8,348.9,637.2,100.0,1.0
267897,1677,161,5.144089,0.234383,-0.045233,0.011048,0.016363,0.00262149,-0.050262,-0.496539,-0.009406,0.686079,0.798475,5728.2,84.9,339.9,347.3,100.0,1.0
268054,1678,157,7.845242,0.479025,-0.012344,0.016626,0.0,0.00197059,0.257605,0.06979,0.529104,1.0,0.851012,7885.9,93.9,323.1,394.4,100.0,1.0
268217,1679,163,2.699768,0.528861,0.043479,0.0,0.000111,0.00180646,-0.099346,-0.37908,0.139712,0.50054,0.875054,6175.7,102.9,291.8,752.6,100.0,1.0
268376,1680,159,2.976688,0.654064,-0.064624,0.0,9e-06,0.00184867,-0.078862,-0.398543,0.14163,0.567289,0.881218,6101.6,97.3,333.2,414.1,100.0,1.0
268538,1681,162,3.856741,0.479598,-0.019501,0.029339,0.0,0.00226639,-0.088548,-0.433981,-0.169332,0.609964,0.828421,5966.5,92.7,299.8,462.6,100.0,1.0
268695,1682,157,1.36043,0.423286,0.029893,0.0,0.0,0.00158388,-0.150381,-0.381665,-0.014305,0.406342,0.864282,6165.9,109.6,273.8,463.2,100.0,1.0
268850,1683,155,3.84547,0.2,0.091686,0.012553,0.370583,0.00182468,-0.005113,-0.349681,0.007419,0.718932,0.82403,6287.7,91.4,306.5,578.7,100.0,1.0
269008,1684,158,4.227927,0.765069,-0.055099,0.001005,0.0,0.00174244,0.029967,-0.285935,0.189582,0.719419,0.821098,6530.6,95.0,260.7,676.2,100.0,1.0
269170,1685,162,4.281652,1.0,0.063686,0.0,0.0,0.00217626,-0.043462,-0.253169,0.073579,0.590881,0.895519,6655.4,104.6,325.9,574.5,100.0,1.0
269333,1686,163,2.272109,0.78942,0.000164,0.010124,0.00011,0.00155843,-0.090015,-0.340944,-0.031387,0.544506,0.87777,6321.0,102.3,296.3,597.0,100.0,1.0
269484,1687,151,-5.829751,0.267081,-0.179398,0.007586,0.054157,0.00199608,-0.832567,-0.832409,-0.481511,-1.0,0.705257,4448.5,78.7,257.3,519.4,100.0,1.0
269641,1688,157,2.503102,0.838897,-0.286494,0.01307,0.0,0.00249989,-0.21184,-0.610918,-0.243755,0.436529,0.837387,5292.4,92.1,321.1,400.6,100.0,1.0
269804,1689,163,7.015761,1.0,-0.011306,0.008228,0.0,0.00260846,0.081115,-0.241883,0.151861,0.844947,0.846318,6698.4,90.8,351.6,392.1,100.0,1.0
269965,1690,161,3.698318,0.641029,-0.073822,0.0,0.0,0.00166811,-0.001684,-0.429797,0.142714,0.70783,0.766551,5982.5,87.6,255.9,759.9,100.0,1.0
270126,1691,161,-6.272112,0.2,-0.299587,0.000422,0.033934,0.00167087,-0.812808,-0.715059,-0.351339,-1.0,0.795637,4895.6,93.0,240.6,702.5,100.0,1.0
270288,1692,162,-3.682748,0.817833,-0.352118,0.0,0.0,0.00282696,-0.91478,-0.947495,-0.789031,-1.0,0.796011,4010.0,85.1,333.8,199.2,100.0,1.0
270452,1693,164,-1.103989,0.2,-0.132225,0.001515,0.231073,0.00137977,-0.305926,-0.57795,-0.418982,0.255696,0.887274,5418.0,107.9,312.1,712.6,100.0,1.0
270614,1694,162,-0.526326,0.2,-0.10409,0.0,0.020293,0.00163217,-0.302352,-0.592627,-0.380779,0.293422,0.933943,5362.1,103.6,389.9,502.1,100.0,1.0
270771,1695,157,2.667263,0.2,0.046264,0.00148,0.026853,0.00164553,-0.065903,-0.463648,0.194829,0.590849,0.823253,5853.5,92.0,298.9,812.0,100.0,1.0
270930,1696,159,0.973619,0.2,-0.021293,0.001043,3e-06,0.00163027,-0.188957,-0.488922,-0.13322,0.415349,0.878177,5757.2,101.7,297.0,690.2,100.0,1.0
271088,1697,158,5.837772,1.0,0.120475,0.005194,0.0,0.0017992,0.136735,-0.079454,0.415749,0.85545,0.908624,7317.3,98.6,364.1,488.1,100.0,1.0
271243,1698,155,5.070246,0.75086,-0.016274,0.005487,0.0,0.00209006,0.041637,-0.388475,-0.133323,0.864009,0.774062,6139.9,82.3,329.4,342.5,100.0,1.0
271407,1699,164,5.423748,0.2,0.04482,0.016309,0.012977,0.0015635,0.134597,0.043734,0.271826,0.816571,0.920592,7786.6,107.2,367.7,509.1,100.0,1.0
271568,1700,161,6.071737,0.523395,0.041575,0.0,1.2e-05,0.00197353,0.119901,-0.103237,0.189172,0.859342,0.867776,7226.7,97.2,312.7,527.7,100.0,1.0
271734,1701,166,-6.657234,0.2,-0.283761,0.023197,0.04911,0.00145119,-0.874497,-0.745343,-0.619561,-1.0,0.90482,4780.2,103.5,341.4,837.0,100.0,1.0
271896,1702,162,-0.139797,0.43209,-0.06332,0.008864,0.0,0.00145996,-0.246553,-0.516839,-0.176461,0.309971,0.894744,5650.8,107.8,324.6,858.9,100.0,1.0
272059,1703,163,4.32913,0.294201,0.038003,0.007565,9e-06,0.00208742,-0.028301,-0.170926,-0.098179,0.624977,0.902968,6968.8,107.2,338.3,570.9,100.0,1.0
272222,1704,163,7.927175,0.726416,0.072003,0.012288,0.0,0.00198235,0.247972,0.128941,0.449003,1.0,0.916656,8111.3,101.0,361.1,668.0,100.0,1.0
272376,1705,154,0.273093,1.0,-0.12884,0.007131,0.0,0.00183207,-0.262439,-0.618665,-0.317291,0.368595,0.893925,5262.9,96.1,368.3,412.6,100.0,1.0
272539,1706,163,-0.188727,0.2,-0.209721,0.013888,0.006052,0.00185916,-0.316601,-0.656167,-0.558651,0.29433,0.857704,5120.0,98.9,275.8,553.5,100.0,1.0
272707,1707,168,0.973216,1.0,-0.038458,0.009361,0.0,0.00193218,-0.254499,-0.534767,-0.251777,0.315908,0.88797,5582.5,106.1,313.3,412.3,100.0,1.0
272863,1708,156,3.277217,1.0,-0.083086,0.0,0.0,0.00229345,-0.121826,-0.465364,-0.056022,0.529762,0.847149,5847.0,95.6,297.1,321.6,100.0,1.0
273026,1709,163,3.672962,0.921576,-0.03338,0.026708,0.0,0.00222811,-0.098767,-0.387716,-0.067326,0.567168,0.88789,6142.8,98.0,336.6,537.0,100.0,1.0
273185,1710,159,3.566539,1.0,0.004129,0.0,0.0,0.00227534,-0.105049,-0.453971,-0.152649,0.58579,0.842428,5890.4,92.9,320.7,558.4,100.0,1.0
273350,1711,165,0.950383,0.348518,0.011193,0.000234,6e-06,0.00153903,-0.185514,-0.558099,-0.151957,0.458854,0.85734,5493.6,94.1,330.6,748.2,100.0,1.0
273499,1712,149,5.436561,0.755296,-0.011622,0.0,3.8e-05,0.00149204,0.168872,-0.277041,0.208483,1.0,0.730866,6564.5,80.3,281.2,476.9,100.0,1.0
273658,1713,159,6.088713,0.2,-0.001417,0.011156,0.055341,0.00194955,0.128061,-0.152879,0.423513,0.842198,0.851801,7037.5,95.5,305.4,430.8,100.0,1.0
273816,1714,158,4.676163,0.765373,-0.04384,0.0,0.0,0.00221062,-0.012907,-0.477667,-0.007583,0.753895,0.77716,5800.1,82.7,330.7,334.5,100.0,1.0
273980,1715,164,0.746904,1.0,-0.031916,0.013259,0.0,0.00157431,-0.204438,-0.462742,-0.247928,0.392559,0.883931,5857.0,105.1,306.6,503.7,100.0,1.0
274146,1716,166,2.04851,0.753341,0.015264,0.0,0.0,0.00170634,-0.135928,-0.380723,-0.061972,0.475309,0.898696,6169.4,104.5,331.2,619.1,100.0,1.0
274298,1717,152,-6.605855,1.0,-0.140072,0.015742,0.0,0.00162621,-0.839525,-0.743553,-0.453079,-1.0,0.833316,4787.1,97.2,255.3,716.9,100.0,1.0
274462,1718,164,3.110059,0.567649,0.022308,0.008623,0.0,0.00190705,-0.089152,-0.25279,0.118713,0.455164,0.879563,6656.9,114.4,299.3,580.2,100.0,1.0
274621,1719,159,-5.812884,0.253468,-0.329502,0.0,0.031834,0.00189406,-0.890151,-0.856094,-0.536379,-1.0,0.889959,4358.3,103.6,316.6,471.3,100.0,1.0
274784,1720,163,0.975407,0.2,-0.044856,0.002359,0.0,0.00155205,-0.182842,-0.327838,-0.070707,0.325459,0.895981,6370.9,120.2,326.6,610.2,100.0,1.0
274945,1721,161,3.830626,0.685684,0.019851,0.009867,2.8e-05,0.00157579,0.021608,-0.127156,0.164308,0.658957,0.906464,7135.5,107.5,344.1,664.0,100.0,1.0
275102,1722,157,3.781463,0.741163,-0.026176,0.000628,0.0,0.00181103,-0.012601,-0.196043,0.230998,0.592865,0.895344,6873.1,107.9,325.6,426.5,100.0,1.0
275266,1723,164,4.777156,0.430077,0.110722,0.0,4e-06,0.00201533,0.012697,-0.085604,0.275853,0.587667,0.914219,7293.9,114.9,357.0,650.2,100.0,1.0
275418,1724,152,7.381237,1.0,0.070299,0.003802,0.0,0.00194695,0.234244,-0.013005,0.46393,1.0,0.835591,7570.5,93.6,300.4,368.5,100.0,1.0
275579,1725,161,2.522597,0.648593,-0.149916,0.001071,0.0,0.00232987,-0.193929,-0.487753,-0.199769,0.43614,0.905879,5761.7,100.3,343.1,508.0,100.0,1.0
275735,1726,156,1.888102,0.566497,-0.037861,0.0,0.0,0.00132883,-0.071692,-0.307304,-0.085115,0.59948,0.904588,6449.2,100.8,341.0,490.1,100.0,1.0
275896,1727,161,6.000187,0.850175,0.027848,0.008778,0.0,0.00181994,0.137792,0.050965,0.504987,0.753273,0.907029,7814.2,111.4,345.0,466.0,100.0,1.0
276066,1728,170,5.120791,0.390518,0.056674,0.002273,8.6e-05,0.00186743,0.050138,0.001064,0.34073,0.623614,0.934585,7624.1,117.4,391.0,730.1,100.0,1.0
276230,1729,164,2.1865,1.0,-0.006595,0.0,0.0,0.00164687,-0.113136,-0.326711,-0.020208,0.502914,0.922412,6375.2,106.0,370.7,450.8,100.0,1.0
276388,1730,158,4.398547,0.766156,0.073966,0.012802,0.0,0.00174463,0.039993,-0.171015,0.19186,0.701252,0.867759,6968.4,102.4,279.6,920.3,100.0,1.0
276546,1731,158,6.85403,0.432227,0.071736,0.0,0.0,0.00165157,0.230799,-0.053185,0.45871,1.0,0.807103,7417.4,90.6,288.2,731.1,100.0,1.0
276709,1732,163,-1.742444,0.2,-0.218551,0.0,0.0,0.00164992,-0.393898,-0.639367,-0.232988,0.04263,0.911238,5184.0,124.3,352.1,652.1,100.0,1.0
276873,1733,164,6.324699,0.298407,0.037657,0.026353,0.027039,0.00196267,0.131755,0.21007,0.466788,0.663678,0.931651,8420.4,126.5,386.1,454.7,100.0,1.0
277037,1734,164,-5.821192,-0.088475,-0.287783,0.0,0.12778,0.00182073,-0.849262,-0.76255,-0.335078,-1.0,0.900469,4714.7,106.6,334.1,484.5,100.0,1.0
277199,1735,162,6.935345,0.689967,0.088896,0.0,1.5e-05,0.00191124,0.187738,0.171497,0.478052,0.807164,0.903227,8273.4,114.5,338.7,565.8,100.0,1.0
277354,1736,155,3.115406,0.2,-0.067169,0.0,0.287287,0.00249551,-0.163425,-0.604429,0.856968,0.315095,0.896209,5317.1,101.1,327.0,614.4,100.0,1.0
277514,1737,160,6.105388,0.307752,0.054304,0.007433,0.000152,0.0021067,0.100688,-0.186625,0.325837,0.825478,0.861721,6909.0,94.6,332.3,383.1,100.0,1.0
277677,1738,163,5.138153,0.692681,0.053482,0.0,1e-06,0.00174035,0.08468,-0.009143,0.431732,0.65912,0.879421,7585.2,114.3,299.0,672.6,100.0,1.0
277836,1739,159,-0.357053,0.2,-0.103022,0.009843,0.0,0.00180827,-0.31307,-0.599075,-0.196922,0.189401,0.877479,5337.5,112.2,295.8,674.6,100.0,1.0
277991,1740,155,7.136785,0.643178,0.031004,0.010434,2e-06,0.00172995,0.243285,0.088451,0.596232,0.943984,0.864179,7957.0,102.3,273.6,589.3,100.0,1.0
278154,1741,163,0.464761,0.46379,-0.146165,0.00901,0.0,0.00202469,-0.296688,-0.550154,-0.378299,0.258269,0.898509,5523.9,109.8,330.8,329.5,100.0,1.0
278313,1742,159,5.873569,0.674449,0.052456,0.0,0.0,0.00180512,0.133742,-0.210624,0.070035,0.959925,0.818303,6817.5,87.0,349.3,342.2,100.0,1.0
278472,1743,159,7.829833,0.38719,0.086647,0.001107,0.013488,0.00169054,0.291992,0.28007,0.496233,1.0,0.910595,8687.1,107.1,351.0,856.5,100.0,1.0
278635,1744,163,4.838573,0.2,0.080132,0.0,0.01745,0.00185483,0.044167,-0.029434,0.163007,0.644906,0.890951,7507.9,114.1,318.3,671.3,100.0,1.0
278800,1745,165,5.434861,0.2,0.097646,0.0,6.4e-05,0.00167412,0.112884,-0.063018,0.233997,0.835309,0.915538,7379.9,100.5,359.2,543.1,100.0,1.0
278963,1746,163,0.591492,0.2,-0.104175,0.006766,0.060169,0.00205317,-0.292312,-0.638006,-0.348133,0.316278,0.898035,5189.2,98.6,346.9,658.3,100.0,1.0
279131,1747,168,7.035255,0.307807,0.090866,0.0,0.008139,0.00175371,0.208909,0.116037,0.560041,0.88133,0.914545,8062.1,107.1,357.6,555.0,100.0,1.0
279289,1748,158,4.140191,0.970708,0.042745,0.003051,0.0,0.00199485,-0.018904,-0.12056,0.057415,0.608661,0.951878,7160.7,111.3,419.8,323.3,100.0,1.0
279450,1749,161,4.708134,0.588448,0.034359,0.00746,0.0,0.00182953,0.0423,-0.141213,0.23498,0.700913,0.905039,7082.0,104.1,341.7,622.1,100.0,1.0
279604,1750,154,1.983783,0.489142,0.030673,0.0,0.0,0.00179373,-0.134305,-0.394052,0.043082,0.457879,0.893007,6118.7,104.9,321.7,617.6,100.0,1.0
279769,1751,165,4.538973,0.555129,0.067139,0.0,1e-06,0.00180379,0.027001,-0.0432,0.233631,0.618689,0.93215,7455.4,115.1,386.9,708.0,100.0,1.0
279927,1752,158,2.998759,1.0,0.066418,0.0,0.0,0.00166571,-0.048744,-0.199975,0.054487,0.53396,0.871132,6858.1,111.8,285.2,678.4,100.0,1.0
280086,1753,159,6.26821,-0.125727,0.020671,0.009029,0.0,0.00212171,0.110761,-0.170527,0.38206,0.830746,0.868448,6970.3,95.2,336.9,304.6,100.0,1.0
280241,1754,155,1.422846,0.597169,-0.052456,0.005338,0.0,0.00177267,-0.173032,-0.44257,-0.288088,0.474958,0.894255,5933.8,100.6,323.8,652.7,100.0,1.0
280395,1755,154,0.240871,0.887145,-0.055258,0.002811,0.0,0.00168357,-0.242031,-0.591645,-0.11841,0.355003,0.89712,5365.8,99.0,340.2,476.6,100.0,1.0
280562,1756,167,5.423948,0.2,-0.002627,0.0,0.0,0.00141063,0.151973,0.131165,0.564126,0.726289,0.910984,8119.7,117.6,351.6,727.2,100.0,1.0
280726,1757,164,4.393096,1.0,0.050968,0.026978,0.0,0.00187641,0.006111,-0.242909,0.132776,0.709068,0.920268,6694.5,97.9,391.3,438.0,100.0,1.0
280883,1758,157,6.278014,0.2,-0.038398,0.009896,0.09429,0.00222559,0.099009,-0.314296,0.31816,0.860494,0.793724,6422.5,86.3,316.0,455.3,100.0,1.0
281048,1759,165,2.897248,0.598528,-0.059474,0.0,0.0,0.00203325,-0.128548,-0.380586,-0.051434,0.514477,0.936194,6170.0,101.8,393.7,341.0,100.0,1.0
281205,1760,157,0.129041,0.972298,-0.060506,0.0,0.0,0.001316,-0.197373,-0.364851,-0.253968,0.354085,0.88959,6229.9,115.0,316.0,704.2,100.0,1.0
281369,1761,164,5.947459,1.0,0.008107,0.003048,0.0,0.00211041,0.078531,-0.289601,0.067483,0.875253,0.823673,6516.6,86.9,359.2,513.6,100.0,1.0
281521,1762,152,1.787452,0.2,-0.010087,0.017761,0.193848,0.00130313,-0.070458,-0.520799,0.064591,0.619079,0.777395,5635.8,87.0,280.4,976.0,100.0,1.0
281686,1763,165,2.555773,0.535996,-0.05659,0.0,0.0,0.00194571,-0.138603,-0.313975,-0.125877,0.459434,0.925181,6423.8,110.0,375.3,389.5,100.0,1.0
281853,1764,167,4.457616,0.2,0.040258,0.015499,0.081693,0.00231579,-0.068608,-0.36328,0.022753,0.62271,0.916587,6235.9,96.1,406.8,790.4,100.0,1.0
282007,1765,154,3.947561,1.0,0.043812,0.0,0.0,0.00208944,-0.040067,-0.320081,0.311938,0.581078,0.894687,6400.5,101.2,324.5,346.8,100.0,1.0
282168,1766,161,2.888316,0.421369,-0.052753,0.0,1.2e-05,0.00154808,-0.043152,-0.109401,0.102381,0.492963,0.892903,7203.2,120.6,321.5,928.4,100.0,1.0
282328,1767,160,-6.669552,0.2,-0.340786,0.034042,0.023659,0.00148415,-0.921579,-0.97363,-0.560766,-1.0,0.888381,3910.5,93.7,387.5,582.3,100.0,1.0
282485,1768,157,4.444356,0.764685,-0.032651,0.024098,0.0,0.00168887,0.051919,-0.294689,0.153308,0.787598,0.819114,6497.2,90.9,305.1,526.2,100.0,1.0
282645,1769,160,7.276568,0.693683,0.108231,0.011004,0.0,0.00180887,0.229602,0.077801,0.573355,0.961561,0.927232,7916.4,100.9,378.7,612.0,100.0,1.0
282811,1770,166,4.675639,-0.052124,0.015206,0.022913,0.0,0.00195926,0.008228,-0.099019,0.096596,0.638308,0.928001,7242.7,110.5,380.0,418.3,100.0,1.0
282969,1771,158,3.806113,0.312721,0.015976,0.005984,0.0,0.00154503,0.027291,-0.04077,0.209264,0.626097,0.935526,7464.7,114.8,392.5,562.2,100.0,1.0
283131,1772,162,2.549774,0.2,0.022134,0.0,0.045004,0.00152482,-0.065224,-0.21506,0.14399,0.516466,0.929777,6800.6,112.1,383.0,959.3,100.0,1.0
283295,1773,164,7.382172,1.0,0.052842,0.01492,0.0,0.0018539,0.222142,0.316381,0.611457,0.790973,0.937952,8825.4,123.2,396.6,465.5,100.0,1.0
283457,1774,162,1.130238,0.555726,-0.02212,0.0,0.0,0.00140163,-0.146491,-0.321436,-0.100167,0.441313,0.930563,6395.3,110.9,384.3,674.8,100.0,1.0
283619,1775,162,9.051809,0.704956,0.073905,0.0,4e-06,0.00220721,0.28742,0.305295,0.580937,0.968339,0.937331,8783.2,111.6,395.6,394.5,100.0,1.0
283770,1776,151,6.805014,1.0,0.069255,0.00219,0.0,0.00212932,0.163316,-0.002142,0.439691,0.8877,0.940791,7611.8,100.8,401.3,399.7,100.0,1.0
283932,1777,162,5.6958,0.251924,0.080079,0.010706,0.0,0.00198523,0.084161,0.004356,0.324001,0.699755,0.916921,7636.6,112.3,361.5,604.0,100.0,1.0
284092,1778,160,1.379991,0.905136,-0.134473,0.001473,0.0,0.00190266,-0.206105,-0.498464,-0.042364,0.374705,0.908539,5720.9,104.0,347.6,370.1,100.0,1.0
284250,1779,158,3.933572,1.0,0.039075,0.020153,0.0,0.00209221,-0.050422,-0.248415,-0.074001,0.639402,0.946718,6673.5,101.8,411.2,257.8,100.0,1.0
284409,1780,159,1.290736,1.0,0.071448,0.034806,0.0,0.00157013,-0.15772,-0.334667,0.030888,0.370674,0.901648,6344.9,115.7,336.1,787.2,100.0,1.0
284572,1781,163,5.791426,0.2,0.126064,0.0,0.047155,0.0017332,0.129792,-0.011763,0.339832,0.822694,0.921311,7575.2,103.9,368.9,467.2,100.0,1.0
284730,1782,158,9.013777,0.424396,0.099877,0.017298,0.0,0.00214142,0.303247,0.242026,0.615085,1.0,0.87507,8542.1,98.9,304.5,445.0,100.0,1.0
284891,1783,161,2.394013,0.381521,0.017327,0.0,0.0,0.00137891,-0.051608,-0.312768,0.092331,0.623567,0.928303,6428.4,99.0,392.3,571.1,100.0,1.0
285046,1784,155,2.029135,0.2,-0.106791,0.0,0.165523,0.00185555,-0.143205,-0.38893,-0.058294,0.48013,0.92878,6138.2,103.7,381.3,568.0,100.0,1.0
285209,1785,163,6.570835,0.339174,0.088766,0.0,0.0,0.00192161,0.154258,0.069698,0.388485,0.812825,0.908579,7885.5,108.7,347.6,517.4,100.0,1.0
285369,1786,160,3.843838,-0.18336,0.019428,0.002609,1e-06,0.00149136,0.034814,-0.040093,0.336893,0.60166,0.918063,7467.2,116.6,363.4,883.6,100.0,1.0
285533,1787,164,0.313093,0.484971,-0.200299,0.0,0.0,0.00183524,-0.278686,-0.556812,-0.20814,0.282991,0.92746,5498.5,107.1,379.1,356.9,100.0,1.0
285702,1788,169,7.746527,0.468942,0.080394,0.000118,0.0,0.00189473,0.23063,0.256605,0.709736,0.811045,0.915653,8597.7,118.7,359.4,776.1,100.0,1.0
285864,1789,162,4.420157,1.0,0.069513,0.004244,0.0,0.00188372,0.009107,-0.219776,0.187238,0.69291,0.927348,6782.7,100.2,378.9,396.7,100.0,1.0
286027,1790,163,3.496288,0.2,-0.126902,0.008079,0.017371,0.00174702,-0.036228,-0.166909,0.298052,0.527837,0.941763,6984.1,114.3,402.9,599.7,100.0,1.0
286187,1791,160,-1.325749,-0.652162,-0.244772,0.0,0.153976,0.00152406,-0.338032,-0.604846,-0.505945,0.216512,0.891324,5315.5,109.2,318.9,497.7,100.0,1.0
286349,1792,162,5.923154,0.634982,0.065864,0.0,0.0,0.00186932,0.118051,0.034822,0.105292,0.827822,0.929249,7752.7,106.0,382.1,555.8,100.0,1.0
286509,1793,160,4.676186,0.469716,-0.03431,0.0,5e-06,0.00189102,0.029668,-0.13229,0.206578,0.676067,0.913377,7116.0,106.1,355.6,467.3,100.0,1.0
286674,1794,165,2.526494,0.912775,-0.091448,0.006311,0.0,0.00182731,-0.122019,-0.253405,-0.056545,0.455682,0.941144,6654.5,114.3,401.9,440.1,100.0,1.0
286834,1795,160,5.245578,0.732265,-0.01214,0.007828,0.0,0.00147883,0.135938,0.000466,0.271187,0.846821,0.920104,7621.8,103.2,366.8,489.0,100.0,1.0
286999,1796,165,4.701236,0.778477,0.020296,0.00533,0.0,0.00205197,-0.004739,-0.184436,0.095068,0.664521,0.935779,6917.3,103.9,393.0,346.1,100.0,1.0
287160,1797,161,-1.779143,0.398985,-0.334449,0.009788,0.0,0.00172809,-0.40451,-0.642621,-0.380667,0.061714,0.921895,5171.6,121.8,369.8,585.3,100.0,1.0
287320,1798,160,4.830882,0.2,0.084998,0.0,0.0,0.00222585,-0.013191,-0.147756,0.182927,0.583718,0.912127,7057.0,111.4,353.5,561.1,100.0,1.0
287485,1799,165,4.356528,0.6383,0.049507,0.000774,0.0,0.00180907,0.010738,-0.025503,0.151909,0.577585,0.916445,7522.8,119.2,360.7,452.1,100.0,1.0
287645,1800,160,1.417989,0.2,-0.12296,0.0,0.029151,0.0018774,-0.199731,-0.350109,-0.43658,0.400341,0.914729,6286.1,112.2,357.9,706.0,100.0,1.0
287805,1801,160,1.860357,0.872546,-0.057941,0.0,0.0,0.00151271,-0.110011,-0.234673,-0.136115,0.480934,0.920421,6725.9,113.5,367.4,543.3,100.0,1.0
287962,1802,157,7.530086,0.2,0.002475,0.015136,0.075519,0.00173386,0.261987,0.068907,0.50957,1.0,0.824789,7882.5,89.3,332.7,603.9,100.0,1.0
288127,1803,165,-5.203239,1.0,-0.301607,0.0,0.0,0.00207969,-0.859023,-0.70545,-0.454729,-1.0,0.948752,4932.2,125.5,414.6,368.4,100.0,1.0
288286,1804,159,3.347644,0.968368,0.03463,0.001124,0.0,0.00183651,-0.054525,-0.303562,0.129666,0.59287,0.914996,6463.4,101.4,358.3,586.0,100.0,1.0
288441,1805,155,6.000718,0.2,0.020791,0.006659,0.184467,0.00176012,0.15276,0.033637,0.514148,0.810409,0.92491,7748.2,107.0,374.9,596.1,100.0,1.0
288603,1806,162,5.201909,1.0,-0.084111,0.0,0.0,0.00227871,-0.000273,-0.075439,-0.020445,0.638327,0.9388,7332.6,111.9,398.0,314.4,100.0,1.0
288760,1807,157,2.863375,0.50257,-0.044603,0.024319,0.0,0.00166591,-0.05852,-0.235341,0.107532,0.539033,0.904206,6723.4,109.2,340.3,566.6,100.0,1.0
288913,1808,153,5.423117,0.859819,0.069782,0.00674,0.0,0.00187521,0.097533,-0.020081,0.233036,0.789102,0.945564,7543.5,105.4,409.3,378.8,100.0,1.0
289073,1809,160,5.912428,0.757739,0.12329,0.0,0.0,0.00153402,0.17361,0.181575,0.427931,0.789607,0.921677,8311.8,116.1,369.5,607.3,100.0,1.0
289233,1810,160,4.82052,0.637092,0.03701,0.0,0.0,0.00171295,0.067538,-0.163829,0.22143,0.790895,0.920022,6995.8,97.7,394.0,518.3,100.0,1.0
289392,1811,159,1.546603,0.349742,-0.199066,0.0,1.6e-05,0.00168059,-0.157607,-0.317719,-0.160483,0.423517,0.926143,6409.5,112.6,376.9,515.6,100.0,1.0
289555,1812,163,7.644835,0.875643,0.150493,0.00985,0.0,0.00194229,0.224981,0.309007,0.334366,0.856194,0.912742,8797.3,118.5,354.6,637.4,100.0,1.0
289715,1813,160,6.06767,0.411107,0.107152,0.000139,0.0,0.00178532,0.144136,0.019657,0.334069,0.835296,0.913213,7694.9,104.8,355.4,601.7,100.0,1.0
289876,1814,161,3.295629,0.596302,0.131732,0.0,0.0,0.00147237,-0.003644,-0.031191,0.387502,0.508395,0.951816,7501.2,124.3,419.7,696.6,100.0,1.0
290035,1815,159,2.795158,0.895224,-0.080382,0.0,0.0,0.00192113,-0.10753,-0.145191,0.007223,0.398322,0.925134,7066.8,126.3,375.2,387.8,100.0,1.0
290190,1816,155,9.09302,0.86615,0.05545,0.006286,0.0,0.0020162,0.331219,0.349263,0.674888,1.0,0.894341,8950.7,108.0,323.9,415.1,100.0,1.0
290351,1817,161,9.151022,1.0,0.081983,0.011292,0.0,0.00251768,0.242421,0.309641,0.498234,0.862754,0.919655,8799.7,118.1,366.1,342.8,100.0,1.0
290513,1818,162,5.241263,0.315242,0.062934,0.012648,0.0,0.00209324,0.031878,0.052434,-0.007567,0.640588,0.946835,7819.8,119.2,411.4,299.7,100.0,1.0
290676,1819,163,5.085884,0.2,0.081689,0.028049,1e-06,0.00172281,0.07911,-0.007711,0.639277,0.606267,0.901588,7590.6,118.1,336.0,625.2,100.0,1.0
290841,1820,165,0.460868,0.2,-0.0451,0.003847,0.048218,0.00134555,-0.189377,-0.348474,-0.148794,0.353118,0.914505,6292.3,116.3,357.5,1173.8,100.0,1.0
290999,1821,158,4.920484,0.219147,0.022032,0.0,0.064629,0.00184515,0.056552,-0.085399,0.179504,0.719243,0.910984,7294.6,106.1,351.6,437.2,100.0,1.0
291155,1822,156,5.248637,0.650964,0.078635,0.0,1.6e-05,0.00142226,0.149357,0.104101,0.250628,0.817978,0.915688,8016.6,110.2,359.5,792.6,100.0,1.0
291313,1823,158,2.548988,1.0,-0.252436,0.0,0.0,0.00233593,-0.188804,-0.366456,-0.094885,0.373357,0.948177,6223.8,113.3,413.6,178.6,100.0,1.0
291468,1824,155,5.098325,0.532131,-0.014468,0.0,0.0,0.00187209,0.070314,-0.105917,0.24211,0.746144,0.903501,7216.5,103.3,339.2,325.7,100.0,1.0
291631,1825,163,6.365073,0.5697,0.116279,0.006198,0.0,0.00160332,0.188617,0.115962,0.446465,0.853056,0.904972,8061.8,108.8,341.6,606.6,100.0,1.0
291796,1826,165,5.407884,0.476189,0.028144,0.0,0.0,0.00197441,0.056454,0.077886,0.075039,0.654344,0.929036,7916.7,119.6,381.7,424.6,100.0,1.0
291961,1827,165,2.542955,0.541467,0.010264,0.000991,0.0,0.00150322,-0.068311,-0.115227,0.09337,0.43807,0.896278,7181.0,124.8,327.1,543.4,100.0,1.0
292120,1828,159,1.823938,0.2,-0.021281,0.010191,0.084343,0.00166579,-0.135966,-0.364513,-0.096089,0.478702,0.906839,6231.2,105.3,344.7,619.6,100.0,1.0
292283,1829,163,2.642944,0.406433,0.020319,0.0,1.9e-05,0.00152549,-0.061942,-0.332577,-0.005271,0.603109,0.878056,6352.9,99.1,307.6,697.6,100.0,1.0
292442,1830,159,2.723079,1.0,-0.13953,0.0,0.0,0.002307,-0.174478,-0.40056,-0.210382,0.440836,0.918536,6093.9,105.7,364.2,254.9,100.0,1.0
292610,1831,168,5.427076,0.236351,0.229889,0.002635,0.0,0.00155454,0.122079,0.115851,0.335428,0.702346,0.885459,8061.4,118.4,309.1,635.5,100.0,1.0
292768,1832,158,6.801751,0.4173,0.01272,0.0,0.0,0.00141844,0.256103,0.228213,0.50129,0.916932,0.871409,8489.5,110.7,285.7,846.7,100.0,1.0
292924,1833,156,2.877267,0.2,-0.040865,0.0,0.037489,0.00220536,-0.140909,-0.294821,-0.170146,0.457037,0.932016,6496.7,111.5,386.7,347.2,100.0,1.0
293086,1834,162,6.158567,0.903539,0.080427,0.011251,9.6e-05,0.00159146,0.176861,0.216696,0.443635,0.767731,0.915076,8445.6,119.4,358.5,421.5,100.0,1.0
293245,1835,159,7.403742,0.731699,0.051022,0.003699,5.7e-05,0.00256748,0.114284,0.019344,0.17425,0.80683,0.922838,7693.7,106.5,371.4,320.1,100.0,1.0
293403,1836,158,4.701471,0.2,-0.049963,0.001924,0.219917,0.00209767,0.000357,-0.156044,0.171021,0.621439,0.905238,7025.5,108.3,342.1,488.2,100.0,1.0
293569,1837,166,7.718856,0.606473,0.029021,0.0,0.0,0.00150873,0.294164,0.277592,0.565802,0.993952,0.917579,8677.6,108.8,362.6,684.9,100.0,1.0
293724,1838,155,2.191119,0.2,-0.118515,0.00412,0.013793,0.00170474,-0.109639,-0.253085,0.091329,0.403283,0.867253,6655.7,118.6,278.8,786.9,100.0,1.0
293886,1839,162,7.930428,0.373744,0.046784,0.002151,0.0,0.00215972,0.209473,0.026299,0.346928,0.978212,0.892318,7720.2,97.6,348.9,342.4,100.0,1.0
294049,1840,163,5.249059,0.850849,-0.054106,0.0,0.0,0.00189158,0.061851,-0.075593,0.267111,0.711527,0.922291,7332.0,107.1,370.5,416.0,100.0,1.0
294210,1841,161,7.973798,0.751178,0.067263,0.009812,0.0,0.00185338,0.263823,0.330415,0.572465,0.8833,0.91739,8878.9,117.9,362.3,668.0,100.0,1.0
294366,1842,156,2.145064,1.0,-0.11603,0.0,0.0,0.00168981,-0.112369,-0.320931,0.059141,0.462922,0.892879,6397.3,109.3,321.5,491.4,100.0,1.0
294527,1843,161,2.120819,0.2,0.015814,0.019652,0.054037,0.00194041,-0.162893,-0.281556,-0.089008,0.368174,0.923491,6547.3,119.6,372.5,582.4,100.0,1.0
294691,1844,164,5.155784,1.0,0.066153,0.000342,0.0,0.00188278,0.054563,-0.132596,0.292022,0.716099,0.911718,7114.8,103.6,352.9,489.5,100.0,1.0
294847,1845,156,5.917461,0.2,-0.072876,0.000833,0.070477,0.00159348,0.168345,-0.040561,0.359102,0.910215,0.886042,7465.5,97.7,336.9,629.4,100.0,1.0
295012,1846,165,7.232298,0.2,0.130138,0.0,0.0,0.00213674,0.15694,0.195198,0.393757,0.753667,0.930809,8363.7,119.2,384.7,547.2,100.0,1.0
295173,1847,161,3.610773,0.2,0.028546,0.013944,0.254562,0.00176029,-0.029056,-0.172936,0.031234,0.595548,0.908658,6961.1,109.1,347.8,481.0,100.0,1.0
295337,1848,164,5.689411,0.2,0.052238,0.004164,0.034479,0.00213876,0.049939,-0.00226,-0.005155,0.699748,0.91552,7611.4,111.9,359.2,638.6,100.0,1.0
295506,1849,169,8.812841,0.2,0.010344,0.00942,0.0,0.00213427,0.259886,0.170698,0.585552,0.966435,0.911673,8270.4,105.1,352.8,435.2,100.0,1.0
295669,1850,163,8.531569,0.473447,0.051355,0.007309,1e-06,0.00239646,0.210117,0.177494,0.381856,0.90043,0.930456,8296.3,109.1,384.1,369.6,100.0,1.0
295824,1851,155,3.911947,0.348782,-0.087669,0.00085,0.0,0.0019958,-0.033895,-0.337407,0.36481,0.577539,0.868159,6334.5,100.4,280.3,609.8,100.0,1.0
295986,1852,162,1.866187,0.622535,0.008411,0.0,6e-06,0.00153925,-0.117964,-0.255388,0.073641,0.410103,0.902087,6647.0,117.8,336.8,606.0,100.0,1.0
296145,1853,159,7.09603,0.253084,0.052182,0.0,0.0,0.00212535,0.161503,0.175998,0.243202,0.809701,0.922787,8290.6,114.5,371.3,402.9,100.0,1.0
296307,1854,162,7.749428,0.616545,0.065073,0.0,2e-06,0.0022323,0.183737,-0.009129,0.37317,0.927372,0.888988,7585.2,98.4,333.8,737.7,100.0,1.0
296461,1855,154,3.529719,0.2,0.000224,0.003948,0.077451,0.00153771,0.011584,-0.262303,0.227236,0.673353,0.85962,6620.6,98.9,278.7,743.4,100.0,1.0
296619,1856,158,3.392828,0.595466,0.049748,0.0,1e-06,0.00160282,-0.014528,-0.140454,0.171097,0.564392,0.889126,7084.9,113.2,315.2,529.5,100.0,1.0
296777,1857,158,-0.23633,0.573173,-0.082367,0.0,1e-05,0.00166972,-0.280413,-0.522598,-0.333156,0.281902,0.916835,5628.9,109.8,361.4,526.5,100.0,1.0
296939,1858,162,5.919452,0.519563,0.019541,0.0,2e-06,0.00208137,0.079166,0.047168,0.092749,0.701109,0.88938,7799.7,114.6,315.6,588.6,100.0,1.0
297100,1859,161,6.904784,0.509657,0.193323,0.0,2e-06,0.00170091,0.211739,0.137149,0.494385,0.887864,0.90853,8142.5,107.8,347.5,693.8,100.0,1.0
297258,1860,158,8.835085,0.252668,0.072993,0.028639,0.0,0.00199467,0.306094,0.256406,0.678687,1.0,0.903503,8596.9,104.4,339.2,585.7,100.0,1.0
297411,1861,153,5.968854,0.441101,0.090176,0.023551,0.0,0.00170993,0.158038,-0.11538,0.374524,0.902261,0.845897,7180.4,94.4,308.9,559.7,100.0,1.0
297564,1862,153,2.274011,0.327179,-0.140949,0.019828,0.0,0.00159052,-0.083479,-0.37937,0.129249,0.532006,0.857457,6174.6,100.8,262.4,552.8,100.0,1.0
297721,1863,157,5.697778,0.166019,0.030953,0.013675,0.0,0.00179442,0.118749,0.0466,0.234035,0.786999,0.924416,7797.5,109.1,374.0,266.1,100.0,1.0
297878,1864,157,4.518241,1.0,-0.067467,0.0,0.0,0.00221956,-0.030935,-0.082723,-0.098842,0.565106,0.90565,7304.8,116.7,342.7,415.0,100.0,1.0
298035,1865,157,8.251977,0.285666,0.146116,0.000957,0.00459,0.00187169,0.285996,0.250055,0.492012,1.0,0.902877,8572.7,104.7,338.1,704.9,100.0,1.0
298193,1866,158,2.179725,0.313812,-0.007977,0.0,0.0,0.00171124,-0.117212,-0.355682,0.015454,0.489824,0.903068,6264.9,105.1,338.4,631.1,100.0,1.0
298358,1867,165,4.527397,0.353932,0.058544,0.0,0.000749,0.00119229,0.121309,0.028888,0.491761,0.730965,0.909902,7730.1,111.6,349.8,909.7,100.0,1.0
298522,1868,164,5.234641,0.427032,0.086454,0.0,0.0,0.00217283,0.011325,-0.195658,0.008493,0.707595,0.89459,6874.5,100.6,324.3,601.1,100.0,1.0
298685,1869,163,6.577021,0.988987,0.129027,0.003669,0.0,0.00235242,0.078461,0.080123,0.246708,0.666661,0.931618,7925.3,118.9,386.0,302.5,100.0,1.0
298842,1870,157,8.97321,0.695112,0.041969,0.0,0.0,0.00203166,0.311127,0.310662,0.542993,1.0,0.883349,8803.6,107.3,305.6,433.8,100.0,1.0
299000,1871,158,5.861619,0.292702,-0.064771,0.000537,2.7e-05,0.0014959,0.175194,-0.007035,0.487714,0.88112,0.897067,7593.2,100.9,328.4,882.9,100.0,1.0
299153,1872,153,4.156978,0.2,-0.015093,0.0,0.0,0.0019429,-0.005432,-0.185366,-0.146084,0.709816,0.913634,6913.8,101.1,356.1,340.2,100.0,1.0
299316,1873,163,6.864835,0.2,0.10248,0.0,0.000393,0.00139243,0.254856,0.459926,0.535959,0.782964,0.90763,9372.3,131.4,346.1,700.5,100.0,1.0
299475,1874,159,7.41843,0.280921,0.112696,0.029133,0.015618,0.00184589,0.227087,0.079476,0.447744,0.973004,0.907034,7922.8,100.4,345.1,517.8,100.0,1.0
299633,1875,158,2.513494,0.544499,-0.079054,0.017725,0.0,0.00205365,-0.148095,-0.405272,-0.212124,0.495342,0.894805,6075.9,101.6,324.7,379.3,100.0,1.0
299792,1876,159,10.718745,0.789627,0.082722,0.010878,0.0,0.0026043,0.33794,0.453286,0.563781,1.0,0.92704,9347.0,109.2,378.4,353.5,100.0,1.0
299954,1877,162,6.362477,0.588943,0.04895,0.0,0.0,0.00220764,0.088758,-0.124865,0.139266,0.801924,0.858887,7144.3,99.1,275.1,586.1,100.0,1.0
300110,1878,156,5.217681,0.2,0.06912,0.034239,0.141847,0.0022239,0.019117,-0.110716,0.035044,0.681978,0.917996,7198.2,107.0,363.3,493.7,100.0,1.0
300269,1879,159,6.713421,0.496624,-0.010658,0.0,0.0,0.00139822,0.248586,0.186909,0.536472,0.93622,0.905105,8332.1,107.6,341.8,562.4,100.0,1.0
300432,1880,163,9.111158,0.2,-0.004571,2.8e-05,0.22863,0.002271,0.268844,0.069141,0.649899,1.0,0.853726,7883.4,94.6,318.7,558.7,100.0,1.0
300589,1881,157,5.321507,0.559909,0.083059,0.0,6e-06,0.00156276,0.127833,-0.093194,0.367415,0.830804,0.871728,7264.9,99.2,295.5,521.5,100.0,1.0
300745,1882,156,4.84882,1.0,0.086626,0.009507,0.0,0.00174654,0.067529,-0.037911,0.166049,0.716096,0.904147,7475.6,108.9,340.2,638.2,100.0,1.0
300905,1883,160,5.794034,0.50797,0.117892,0.0,0.0,0.00160086,0.150052,0.051802,0.486035,0.759272,0.860844,7817.4,111.1,268.1,621.2,100.0,1.0
301068,1884,163,7.862672,0.545655,0.118515,0.000193,1.3e-05,0.00169026,0.275601,0.259472,0.627453,0.916579,0.874577,8608.6,112.3,291.0,683.7,100.0,1.0
301232,1885,164,-1.028336,0.763524,-0.194555,0.022466,7.4e-05,0.00176794,-0.361982,-0.5974,-0.540558,0.179238,0.921086,5343.9,113.3,368.5,475.3,100.0,1.0
301390,1886,158,5.392071,1.0,0.067247,0.000317,0.0,0.00188651,0.079772,-0.104109,0.278446,0.76269,0.908485,7223.3,102.4,347.5,375.4,100.0,1.0
301544,1887,154,7.616085,1.0,0.105001,0.005782,0.0,0.00232168,0.176053,0.07639,0.489488,0.842608,0.916146,7911.0,107.3,360.2,385.5,100.0,1.0
301706,1888,162,9.551668,0.2,0.058144,0.000614,0.049136,0.00263964,0.241584,0.236033,0.278334,0.971668,0.9357,8519.3,108.0,392.8,572.2,100.0,1.0
301871,1889,165,8.305628,0.416269,0.059452,0.0,0.000112,0.00188962,0.270142,0.299021,0.542025,0.907357,0.887037,8759.3,114.8,311.7,1111.3,100.0,1.0
302033,1890,162,6.624432,0.219308,0.041369,0.017564,0.0,0.00213109,0.118863,0.068988,0.311228,0.766532,0.944481,7882.8,111.6,407.5,534.6,100.0,1.0
302191,1891,158,9.926423,0.964988,0.0795,0.007358,2.6e-05,0.00258586,0.286827,0.201744,0.615774,1.0,0.900746,8388.6,103.3,334.6,294.1,100.0,1.0
302347,1892,156,7.183291,1.0,0.046185,0.017273,0.0,0.00253468,0.107805,-0.111865,0.197274,0.848376,0.893225,7193.8,97.3,353.6,396.3,100.0,1.0
302512,1893,165,7.966439,0.593713,0.138002,0.0,0.0,0.0018765,0.248412,0.200086,0.256208,0.990777,0.894163,8382.3,105.3,323.6,537.0,100.0,1.0
302673,1894,161,4.353545,1.0,-0.003491,0.006877,0.0,0.0014824,0.066254,-0.113526,0.253932,0.70876,0.857048,7187.5,105.2,261.7,668.7,100.0,1.0
302833,1895,160,5.228158,0.703522,0.130368,0.014496,1.1e-05,0.00133388,0.152691,0.145847,0.462391,0.727504,0.884047,8175.7,118.3,306.7,825.2,100.0,1.0
302990,1896,157,3.987417,0.768857,-0.098911,0.0,0.0,0.00182379,-0.007146,-0.328469,0.156777,0.668152,0.831868,6368.5,95.4,272.9,692.5,100.0,1.0
303149,1897,159,3.52792,0.280581,-0.021261,5.2e-05,0.000211,0.00159491,-0.006616,-0.190681,0.015724,0.683908,0.936325,6893.5,102.3,393.9,409.5,100.0,1.0
303318,1898,169,4.26277,1.0,0.025856,0.0,0.0,0.00219381,-0.072388,-0.208915,0.01614,0.537487,0.947073,6824.0,111.0,411.8,410.6,100.0,1.0
303476,1899,158,9.929168,0.2,0.062746,0.007785,3e-05,0.00241243,0.313762,0.33325,0.561038,1.0,0.902618,8889.7,99.2,347.3,444.2,100.0,1.0
303632,1900,156,4.262446,1.0,-0.009601,0.001941,0.0,0.0023321,-0.065482,-0.308566,0.012088,0.606063,0.927896,6444.4,100.3,379.8,274.1,100.0,1.0
303793,1901,161,3.258631,0.4371,-0.043208,0.002651,0.0,0.00198195,-0.091039,-0.447394,0.069481,0.581941,0.875661,5915.4,93.5,368.8,350.0,100.0,1.0
303956,1902,163,3.863893,0.648599,-0.004394,0.0,0.0,0.0021864,-0.086017,-0.203491,-0.108962,0.524452,0.936116,6844.7,112.2,393.5,367.4,100.0,1.0
304112,1903,156,9.066173,0.2,0.043983,0.0,0.08426,0.00252039,0.241132,0.019163,0.549727,1.0,0.874524,7693.0,92.8,374.5,514.7,100.0,1.0
304265,1904,153,-6.407379,0.2,-0.166344,0.009857,0.75,0.00163768,-0.910388,-0.928161,-0.704205,-1.0,0.83171,4083.7,91.6,317.9,768.0,100.0,1.0
304425,1905,160,7.264618,1.0,0.115981,0.017402,0.0,0.0018643,0.21,0.051659,0.342982,0.947291,0.864516,7816.8,100.4,274.2,554.5,100.0,1.0
304588,1906,163,3.361543,0.2,-0.025784,0.00637,0.069931,0.00181809,-0.061168,-0.230289,-0.13072,0.594952,0.914017,6742.6,105.7,356.7,767.2,100.0,1.0
304750,1907,162,8.303099,0.2,0.026987,0.0,0.030098,0.00194695,0.265374,0.120275,0.517721,1.0,0.865866,8078.2,93.5,352.1,490.8,100.0,1.0
304910,1908,160,5.958532,0.605037,0.06809,0.0,0.0,0.00180091,0.128588,-0.065202,0.32338,0.847915,0.906461,7371.6,99.7,347.3,603.8,100.0,1.0
305065,1909,155,7.741048,0.2,0.116817,0.0,0.013975,0.00173648,0.272143,0.125379,0.576771,1.0,0.867513,8097.7,97.3,310.7,651.5,100.0,1.0
305224,1910,159,8.422667,0.217818,0.100752,0.003304,0.058088,0.00205,0.262938,0.112962,0.492011,1.0,0.858013,8050.4,92.9,346.6,526.5,100.0,1.0
305387,1911,163,6.545668,1.0,0.07744,0.0,0.0,0.00180539,0.163317,0.219362,0.248968,0.778321,0.910995,8455.8,118.9,351.7,378.8,100.0,1.0
305546,1912,159,4.93366,0.319505,-0.00902,0.022582,0.0,0.00236759,-0.031589,-0.221865,0.08735,0.620028,0.931475,6774.7,104.5,385.8,206.9,100.0,1.0
305706,1913,160,4.981937,0.46812,0.111155,0.008621,0.0,0.00172306,0.072497,-0.155192,0.33876,0.740571,0.875238,7028.7,101.0,292.1,721.2,100.0,1.0
305866,1914,160,2.049946,0.572928,0.004478,0.0,0.0,0.00185944,-0.154243,-0.398091,-0.149365,0.459397,0.89417,6103.3,104.6,323.6,513.9,100.0,1.0
306026,1915,160,3.149722,0.732214,0.024959,0.020489,0.0,0.0018467,-0.07541,-0.312818,0.183699,0.523016,0.89913,6428.2,105.5,331.9,443.1,100.0,1.0
306180,1916,154,7.95554,0.874597,0.093281,0.003794,1.5e-05,0.00186008,0.269235,0.181846,0.433574,1.0,0.878336,8312.8,96.7,336.2,347.8,100.0,1.0
306346,1917,166,3.962584,1.0,0.043277,0.0,0.0,0.00166358,0.000599,-0.181696,0.086774,0.642189,0.878119,6927.7,105.5,296.9,655.8,100.0,1.0
306505,1918,159,6.964197,0.2,0.10292,0.008776,0.023975,0.00185392,0.191501,0.05874,0.556822,0.872575,0.911585,7843.8,104.7,352.6,598.8,100.0,1.0
306660,1919,155,3.221222,0.2,-0.053932,0.0,0.185222,0.00189422,-0.068704,-0.310577,0.027623,0.572899,0.891928,6436.7,102.3,319.9,596.1,100.0,1.0
306817,1920,157,7.301549,0.909829,0.055452,0.0,0.0,0.001777,0.230677,0.101134,0.259814,1.0,0.882352,8005.3,99.4,311.5,575.7,100.0,1.0
306970,1921,153,7.572299,0.397804,0.010095,0.0,0.0,0.00200801,0.221261,-0.076931,0.358822,1.0,0.781552,7326.9,86.4,295.1,536.3,100.0,1.0
307130,1922,160,9.659985,0.2,0.047166,0.00061,0.031059,0.00250381,0.273541,0.189734,0.510026,1.0,0.899579,8342.9,101.8,332.6,543.5,100.0,1.0
307288,1923,158,7.677317,0.224309,0.087955,0.0,0.0,0.00175082,0.259125,0.137891,0.425191,1.0,0.871468,8145.4,97.3,317.6,594.9,100.0,1.0
307441,1924,153,6.719694,1.0,0.052331,0.0,0.0,0.00217676,0.135823,-0.282389,0.103026,0.986967,0.794677,6544.1,82.3,363.9,245.3,100.0,1.0
307600,1925,159,11.670441,0.66737,0.040094,0.0,4.2e-05,0.00296907,0.342296,0.456298,0.597666,1.0,0.926179,9358.5,104.9,377.0,413.0,100.0,1.0
307762,1926,162,-0.203337,0.2,-0.109408,0.011878,2e-06,0.00171413,-0.291843,-0.592486,-0.46369,0.328909,0.915665,5362.6,100.9,359.4,527.3,100.0,1.0
307921,1927,159,6.613425,0.794678,0.106474,0.0,0.0,0.00214444,0.120488,-0.102696,0.256257,0.841791,0.864719,7228.7,98.1,296.5,678.1,100.0,1.0
308079,1928,158,5.945023,1.0,0.021082,0.021501,0.0,0.00214749,0.075456,-0.227178,0.201291,0.814889,0.855336,6754.5,93.0,340.1,353.6,100.0,1.0
308239,1929,160,4.907475,1.0,0.051624,0.010593,0.0,0.00190149,0.038087,-0.208308,0.149079,0.74329,0.888239,6826.3,97.9,338.3,746.2,100.0,1.0
308397,1930,158,6.42748,0.652661,0.078988,0.0,1.1e-05,0.00167833,0.183091,0.099635,0.485583,0.818656,0.871355,7999.6,110.0,285.6,841.7,100.0,1.0
308555,1931,158,3.139167,1.0,0.021652,0.001773,0.0,0.00164875,-0.041597,-0.390115,-0.067616,0.683287,0.842485,6133.7,91.1,341.3,322.6,100.0,1.0
308717,1932,162,7.314126,0.541852,0.017706,0.0,3e-06,0.00159137,0.252121,0.209614,0.514749,0.928497,0.892624,8418.6,109.1,321.0,680.1,100.0,1.0
308878,1933,161,6.526311,0.673086,0.036967,0.006001,0.0,0.00161892,0.194284,0.069784,0.533432,0.876414,0.908283,7885.9,105.1,347.1,697.7,100.0,1.0
309037,1934,159,2.718381,0.2,0.03206,0.013677,0.000506,0.00163798,-0.070963,-0.419634,-0.187812,0.6577,0.841415,6021.2,90.8,343.0,501.7,100.0,1.0
309191,1935,154,5.571866,1.0,0.047256,0.000425,0.0,0.00186388,0.101235,-0.122069,0.224318,0.811059,0.860414,7154.9,98.8,281.7,343.9,100.0,1.0
309356,1936,165,3.027309,0.610323,0.005219,0.009852,0.0,0.00180147,-0.086308,-0.311925,-0.12202,0.584799,0.920176,6431.6,101.5,367.0,390.5,100.0,1.0
309519,1937,163,4.631741,1.0,-0.019574,0.009838,0.0,0.00222467,-0.039972,-0.14365,-0.07459,0.583973,0.920759,7072.7,111.6,367.9,555.5,100.0,1.0
309674,1938,155,9.752623,0.433298,0.048634,0.0,1e-06,0.00254778,0.284439,0.158607,0.573313,1.0,0.850175,8224.3,95.3,305.4,539.9,100.0,1.0
309836,1939,162,1.429857,0.2,-0.013234,0.009716,0.121503,0.0013064,-0.11202,-0.329802,-0.139463,0.522055,0.89778,6363.5,104.5,329.6,868.2,100.0,1.0
309992,1940,156,6.193499,0.2,0.043279,0.0,0.18583,0.00200836,0.11803,-0.1923,0.224161,0.892752,0.853647,6887.3,91.0,361.4,591.8,100.0,1.0
310143,1941,151,7.015942,0.2,0.042841,0.013194,0.576653,0.001782,0.219455,-0.075037,0.473318,0.983046,0.809343,7334.1,92.5,270.2,858.0,100.0,1.0
310195,1942,52,-8.404331,0.221543,0.633509,0.035787,2.9e-05,0.00217381,-0.768367,-1.0,-1.0,-1.0,0.073469,0.0,4.9,65.4,349.4,100.0,1.0
310353,1943,158,3.328472,0.419543,0.094932,0.0,1.6e-05,0.00186386,-0.062698,-0.344825,-0.102701,0.6271,0.868248,6306.2,96.9,316.7,465.6,100.0,1.0
310507,1944,154,6.823701,0.2,0.139869,0.0,0.114638,0.00172011,0.210194,-0.000449,0.509193,0.956095,0.892205,7618.3,97.4,351.1,665.4,100.0,1.0
310662,1945,155,7.190955,0.360159,0.119752,0.0,9e-06,0.00242279,0.12508,-0.119993,0.165224,0.896838,0.880718,7162.8,94.4,366.5,411.5,100.0,1.0
310813,1946,151,7.117192,0.35834,0.07379,0.0,0.0,0.00193927,0.202597,-0.097841,0.23146,1.0,0.784355,7247.2,87.5,287.0,356.3,100.0,1.0
310970,1947,157,1.827453,0.898904,-0.030055,0.0,0.0,0.00122378,-0.064931,-0.404534,-0.038771,0.628869,0.845874,6078.7,93.3,321.3,781.9,100.0,1.0
311130,1948,160,5.32157,0.74282,-0.00632,0.009904,0.0,0.00210848,0.032981,-0.168,0.019047,0.753476,0.913256,6979.9,99.5,361.1,414.9,100.0,1.0
311294,1949,164,5.786774,0.459164,0.066518,0.0,0.0,0.00165942,0.130502,0.019612,0.43663,0.765296,0.896729,7694.7,109.0,327.9,755.4,100.0,1.0
311457,1950,163,7.362501,0.362856,0.067404,0.0,0.0,0.00259649,0.089011,0.035571,0.10363,0.744586,0.912319,7755.5,111.1,353.9,344.8,100.0,1.0
311618,1951,161,6.038583,0.28618,0.068729,0.0,0.006752,0.00185171,0.121992,0.082854,0.309343,0.734148,0.893261,7935.7,114.4,322.1,674.7,100.0,1.0
311783,1952,165,6.835738,0.65302,0.148745,0.026131,3e-06,0.00163883,0.205079,0.154744,0.537499,0.839095,0.891978,8209.6,111.6,320.0,741.0,100.0,1.0
311942,1953,159,6.977048,0.200965,0.18106,0.0,0.042256,0.00234649,0.112179,-0.041203,0.088138,0.817276,0.852979,7463.0,102.7,255.0,534.3,100.0,1.0
312096,1954,154,5.103951,0.719334,0.059439,0.0,0.0,0.00192263,0.05888,-0.158616,0.520927,0.660926,0.871714,7015.7,105.6,286.2,732.0,100.0,1.0
312250,1955,154,4.785043,0.896198,0.02754,0.0,0.0,0.00143994,0.110975,-0.242669,0.291964,0.857326,0.801937,6695.4,90.1,285.1,785.4,100.0,1.0
312410,1956,160,7.445174,-0.117038,0.048884,1e-05,1.4e-05,0.00146957,0.282473,0.18675,0.581819,1.0,0.889587,8331.5,103.8,316.0,566.9,100.0,1.0
312572,1957,162,2.322798,0.968243,-0.068004,0.0,0.0,0.00186343,-0.140395,-0.387112,-0.097474,0.466952,0.8826,6145.1,104.7,304.3,428.8,100.0,1.0
312735,1958,163,4.626567,1.0,-0.01079,0.0,0.0,0.00212694,-0.02513,-0.314627,0.048793,0.66159,0.863956,6421.3,96.6,312.8,361.4,100.0,1.0
312893,1959,158,6.721368,1.0,0.06859,0.002836,0.0,0.0026101,0.054709,-0.233264,0.005863,0.809263,0.845066,6731.3,93.0,323.3,430.7,100.0,1.0
313059,1960,166,6.306625,0.717534,0.050248,0.001681,7e-06,0.00141541,0.203299,0.08888,0.637216,0.844612,0.88195,7958.6,107.9,303.2,886.8,100.0,1.0
313215,1961,156,6.995133,0.126464,0.094178,0.033422,0.0,0.00179144,0.206568,0.003983,0.282974,0.984168,0.865568,7635.2,96.2,320.3,478.6,100.0,1.0
313377,1962,162,7.525158,0.2,0.047388,0.0,0.077743,0.00146944,0.284727,0.201466,0.59771,1.0,0.901642,8387.6,104.3,336.1,737.4,100.0,1.0
313534,1963,157,5.27709,0.2,0.000173,0.021423,0.0,0.00229884,0.005656,-0.253894,-0.105882,0.737509,0.861141,6652.7,95.7,318.5,720.0,100.0,1.0
313697,1964,163,4.34215,0.2,0.021894,0.006919,0.059426,0.00184122,0.001496,-0.160055,0.009581,0.65947,0.892947,7010.2,105.6,321.6,619.9,100.0,1.0
313859,1965,162,3.469048,1.0,-0.009047,0.009994,0.0,0.0018291,-0.055384,-0.252027,-0.029756,0.592435,0.905501,6659.8,104.6,342.5,469.3,100.0,1.0
314016,1966,157,5.190487,0.863305,0.007446,0.0,0.0,0.00185149,0.069713,-0.195195,0.255509,0.778034,0.873012,6876.3,96.7,327.0,641.1,100.0,1.0
314179,1967,163,7.666883,0.2,0.054519,0.0,0.0,0.0018982,0.222845,0.059455,0.554811,0.919882,0.861811,7846.5,102.2,269.7,725.0,100.0,1.0
314341,1968,162,8.685806,0.696287,0.064776,0.001462,0.0,0.00201431,0.276603,0.212582,0.547475,0.978249,0.890359,8429.9,106.5,317.3,549.2,100.0,1.0
314506,1969,165,5.165917,0.266244,0.060467,0.021291,0.0,0.00170306,0.077554,0.015594,0.103464,0.718704,0.89669,7679.4,111.7,327.8,766.1,100.0,1.0
314673,1970,167,8.390492,0.904015,0.148572,0.012337,0.0,0.00177416,0.285972,0.242738,0.528759,0.994484,0.901526,8544.8,107.1,335.9,768.5,100.0,1.0
314828,1971,155,1.606698,0.797746,-0.041325,0.001948,0.0,0.00164156,-0.142938,-0.409678,-0.248529,0.492145,0.850093,6059.1,101.5,250.2,622.3,100.0,1.0
314988,1972,160,10.396633,0.867827,0.130228,0.0,0.0,0.00261576,0.302807,0.324072,0.455604,1.0,0.895086,8854.7,98.3,345.5,380.7,100.0,1.0
315145,1973,157,1.9167,0.2,-0.079614,0.0011,0.017523,0.00145907,-0.096077,-0.466203,0.021749,0.568512,0.836425,5843.8,93.1,307.4,639.0,100.0,1.0
315303,1974,158,5.842982,0.2,0.084043,0.015443,0.027395,0.00162271,0.148933,-0.100641,0.404741,0.885417,0.882191,7236.6,96.0,350.9,770.4,100.0,1.0
315463,1975,160,1.623264,0.829662,-0.195202,0.018868,0.0,0.00222438,-0.243303,-0.530922,-0.548219,0.425622,0.904,5597.2,98.2,361.5,315.1,100.0,1.0
315622,1976,159,6.92952,0.689053,0.11788,0.004342,2e-06,0.00193084,0.173592,0.11668,0.449146,0.811933,0.901065,8064.6,111.3,335.1,456.9,100.0,1.0
315787,1977,165,5.175558,0.438151,-0.00896,0.001016,2.3e-05,0.00193764,0.039201,-0.135191,0.101425,0.708423,0.882053,7104.9,104.0,303.4,604.9,100.0,1.0
315948,1978,161,4.683582,0.340449,0.015499,0.011926,1.5e-05,0.00157879,0.070556,-0.107733,0.215204,0.728721,0.862077,7209.5,104.3,270.1,546.9,100.0,1.0
316105,1979,157,7.416183,0.72709,0.146371,0.00242,0.0,0.00197887,0.203423,0.025961,0.501661,0.928705,0.898862,7718.9,100.1,331.4,495.1,100.0,1.0
316265,1980,160,9.125187,0.2,0.128354,0.002083,0.08602,0.00205729,0.303358,0.228052,0.557933,1.0,0.837793,8488.9,95.5,282.0,690.9,100.0,1.0
316423,1981,158,8.207467,1.0,0.039713,0.018322,0.0,0.00223152,0.216286,0.07314,0.391544,0.958431,0.898105,7898.7,100.8,330.2,578.5,100.0,1.0
316582,1982,159,8.962069,0.056434,-0.004124,0.022881,0.0,0.00247707,0.227279,0.198803,0.48086,0.88655,0.900509,8377.4,111.0,334.2,358.3,100.0,1.0
316738,1983,156,7.515548,0.353072,0.10095,0.0,0.001018,0.00167914,0.258886,0.095805,0.375747,1.0,0.810559,7985.0,95.8,233.1,665.1,100.0,1.0
316894,1984,156,7.97018,0.499527,0.071763,0.00056,1.5e-05,0.00181905,0.268476,0.096187,0.49981,1.0,0.822209,7986.5,91.6,301.8,500.8,100.0,1.0
317052,1985,158,1.721869,0.621019,-0.022146,0.008251,3e-06,0.0017875,-0.163113,-0.443469,-0.160065,0.451269,0.866985,5930.4,102.2,278.3,764.3,100.0,1.0
317214,1986,162,3.452006,0.346804,-0.064508,0.0,0.0,0.00166227,-0.030165,-0.291681,-0.066364,0.64088,0.827844,6508.7,99.2,222.8,647.4,100.0,1.0
317371,1987,157,5.851624,0.541284,0.022061,0.0,4.9e-05,0.00226542,0.049592,-0.226742,0.393849,0.695793,0.8457,6756.1,99.6,247.5,575.6,100.0,1.0
317526,1988,155,6.333208,0.518017,0.051695,0.0,7.7e-05,0.00213887,0.107055,-0.196979,0.125138,0.867641,0.813083,6869.5,92.0,282.3,369.1,100.0,1.0
317691,1989,165,5.507237,0.613258,0.022489,0.0,0.0,0.00145844,0.140683,0.018691,0.30873,0.829572,0.906766,7691.2,105.1,344.6,735.4,100.0,1.0
317849,1990,158,0.543172,0.706284,-0.094137,0.0,0.0,0.00177416,-0.242689,-0.526458,-0.420249,0.380763,0.885421,5614.2,101.7,309.0,502.8,100.0,1.0
318002,1991,153,3.770885,0.2,0.098988,0.009484,0.103197,0.00180254,-0.014757,-0.214977,0.118929,0.624681,0.891112,6800.9,104.7,318.5,618.4,100.0,1.0
318168,1992,166,6.861769,0.690493,0.071301,0.0,0.0,0.00178585,0.178444,0.006297,0.210007,0.913435,0.838019,7644.0,99.9,231.5,649.9,100.0,1.0
318325,1993,157,8.910783,0.209895,0.114635,0.0,0.0,0.00246308,0.229929,0.096965,0.480963,0.962778,0.91008,7989.4,101.8,350.1,480.0,100.0,1.0
318484,1994,159,8.054009,0.919264,0.082673,0.004748,8.5e-05,0.00208388,0.225986,0.045212,0.468484,0.960761,0.865881,7792.3,99.4,284.0,752.0,100.0,1.0
318652,1995,168,5.411439,1.0,0.036093,0.0,0.0,0.00180952,0.070419,-0.072026,0.358179,0.642846,0.818124,7345.6,111.8,196.9,723.6,100.0,1.0
318807,1996,155,5.513314,0.2,0.041058,0.007054,0.171105,0.00166513,0.123307,0.030371,0.386819,0.74114,0.877693,7735.7,111.1,296.2,841.9,100.0,1.0
318963,1997,156,9.706704,1.0,0.04029,0.016112,1.4e-05,0.00276094,0.240751,0.044661,0.442933,1.0,0.858832,7790.2,94.7,326.2,366.7,100.0,1.0
319119,1998,156,7.044186,0.842161,0.074482,0.0,0.0,0.00182309,0.20286,-0.063047,0.27247,0.980164,0.802763,7379.8,93.2,250.9,639.9,100.0,1.0
319274,1999,155,4.458256,0.45042,0.049045,0.004194,5e-06,0.00189095,0.015252,-0.241062,0.257925,0.68114,0.890923,6701.6,99.7,322.2,625.6,100.0,1.0
319433,2000,159,4.661181,0.2,0.076455,0.000741,0.090485,0.00188267,0.022991,-0.190585,0.036658,0.72579,0.893379,6893.9,99.9,323.9,570.0,100.0,1.0
319595,2001,162,9.990337,0.517566,0.072433,0.0,1.3e-05,0.00214729,0.342924,0.436753,0.575124,1.0,0.895107,9284.0,105.7,325.2,827.6,100.0,1.0
319755,2002,160,8.237913,0.732154,0.061948,0.00246,0.0,0.00254788,0.161941,0.163211,0.416583,0.76312,0.903071,8241.8,116.9,338.5,298.4,100.0,1.0
319915,2003,160,8.65154,0.918534,0.101825,0.012235,0.0,0.00191433,0.291876,0.248549,0.577505,0.972782,0.868499,8567.0,108.6,280.8,587.7,100.0,1.0
320077,2004,162,9.485624,0.522396,0.046226,0.0,0.0,0.00223091,0.294394,0.287919,0.539437,0.996369,0.920309,8717.0,109.2,367.2,377.0,100.0,1.0
320234,2005,157,7.917617,1.0,0.098857,0.023804,0.0,0.00168724,0.282452,0.271147,0.430268,1.0,0.913447,8653.1,103.4,355.7,385.4,100.0,1.0
320394,2006,160,7.261619,0.2,0.084103,0.000809,0.048327,0.00184699,0.206416,0.099718,0.473315,0.902296,0.907053,7999.9,105.1,345.1,545.5,100.0,1.0
320549,2007,155,7.645733,0.552691,0.083271,0.005874,1e-06,0.00183487,0.244018,0.005599,0.447592,1.0,0.808563,7641.3,91.2,283.1,751.7,100.0,1.0
320705,2008,156,8.074292,0.209499,0.070886,0.0,0.0,0.0020025,0.245597,0.013718,0.479108,1.0,0.822975,7672.3,90.8,312.2,648.4,100.0,1.0
320858,2009,153,8.209679,1.0,-0.009718,0.0,0.0,0.00221535,0.228331,0.024086,0.568286,0.963784,0.880129,7711.8,98.2,321.5,273.1,100.0,1.0
321021,2010,163,0.655475,0.624169,-0.030119,0.0,1.5e-05,0.00127887,-0.163147,-0.243169,-0.177614,0.316113,0.844152,6693.5,127.1,240.3,793.6,100.0,1.0
321184,2011,163,6.936648,0.202776,0.069716,0.0,1.1e-05,0.00148051,0.23785,0.078255,0.379172,0.973921,0.836796,7918.2,100.3,228.0,930.0,100.0,1.0
321339,2012,155,6.761597,0.365959,0.048679,0.0,0.0,0.00134678,0.258256,0.120914,0.426364,1.0,0.858436,8080.7,99.8,266.7,752.0,100.0,1.0
321499,2013,160,1.693255,0.2,-0.013102,0.027792,0.00666,0.00165832,-0.14838,-0.362453,-0.21382,0.470657,0.89859,6239.1,106.1,331.0,573.1,100.0,1.0
321659,2014,160,11.476886,1.0,0.11076,0.014207,0.0,0.00357946,0.219978,0.242844,0.261188,0.936867,0.966396,8545.2,110.3,444.0,120.7,100.0,1.0
321819,2015,160,3.387091,0.752919,0.03641,0.006187,1.5e-05,0.00154601,-0.013354,-0.230268,0.039518,0.649665,0.878419,6742.7,102.2,297.4,659.8,100.0,1.0
321981,2016,162,7.67383,1.0,0.101184,0.0,0.0,0.00170395,0.254009,0.201126,0.546576,0.915732,0.868892,8386.3,109.4,281.5,742.9,100.0,1.0
322144,2017,163,5.781255,0.675223,0.095247,0.0,0.0,0.0022026,0.040256,-0.074995,0.138098,0.688165,0.920282,7334.3,108.6,367.1,315.6,100.0,1.0
322304,2018,160,4.378921,0.2,0.012752,0.009778,0.380207,0.00227104,-0.060974,-0.186618,0.001833,0.528471,0.903563,6909.0,113.0,339.3,543.1,100.0,1.0
322465,2019,161,6.629271,0.2,0.073976,0.0,0.0269,0.00159172,0.201449,0.091716,0.482145,0.880994,0.888368,7969.4,105.9,313.9,729.3,100.0,1.0
322624,2020,159,5.94198,0.2,0.07479,0.0,0.158978,0.00145032,0.179596,-0.092173,0.436805,0.929051,0.850649,7268.8,94.2,318.7,528.3,100.0,1.0
322783,2021,159,2.77089,0.2,0.012612,0.0,0.009776,0.0015677,-0.057996,-0.304339,0.143428,0.549512,0.864236,6460.5,104.2,273.7,795.1,100.0,1.0
322941,2022,158,2.015209,0.485084,-0.008066,0.000654,0.0,0.00161891,-0.116696,-0.41689,-0.051851,0.49864,0.82698,6031.7,100.6,211.6,675.6,100.0,1.0
323104,2023,163,6.671477,0.570735,0.059048,0.0,0.0,0.00184001,0.160392,0.0558,0.379533,0.819609,0.877419,7832.6,107.6,295.7,674.6,100.0,1.0
323267,2024,163,8.538694,0.695443,0.114218,0.011233,5e-05,0.00199801,0.263389,0.209986,0.410427,0.986599,0.89916,8420.0,106.0,331.9,511.1,100.0,1.0
323429,2025,162,9.645283,0.2,0.151407,0.004817,0.182304,0.00216096,0.315274,0.315298,0.562132,1.0,0.879056,8821.3,105.5,298.4,476.0,100.0,1.0
323588,2026,159,5.468724,1.0,-0.008236,0.002939,0.0,0.00209428,0.044224,-0.147378,0.276973,0.677923,0.871194,7058.5,105.2,285.3,634.0,100.0,1.0
323746,2027,158,5.835218,0.2,0.074933,0.000418,0.0,0.00189824,0.102507,-0.054203,0.195709,0.790337,0.878592,7413.5,103.5,297.7,530.5,100.0,1.0
323907,2028,161,7.258093,0.843752,0.057366,0.0,0.0,0.00233434,0.12466,0.068305,0.230295,0.782588,0.913925,7880.2,110.5,356.5,610.0,100.0,1.0
324067,2029,160,6.727487,0.974379,0.114685,0.0,0.0,0.00203085,0.138916,0.067965,0.397334,0.756952,0.882357,7878.9,112.1,303.9,462.9,100.0,1.0
324232,2030,165,7.83825,0.448845,0.103051,0.0,4e-06,0.00177502,0.247486,0.2733,0.472498,0.885136,0.888573,8661.3,114.9,314.3,602.0,100.0,1.0
324390,2031,158,6.74136,0.472935,0.077128,0.009967,2.7e-05,0.00164104,0.205392,0.044167,0.435326,0.918029,0.865575,7788.3,101.5,276.0,892.4,100.0,1.0
324554,2032,164,10.615186,-0.095356,0.101348,0.011764,0.0,0.00252097,0.318253,0.410971,0.426017,1.0,0.908363,9185.8,110.2,347.3,449.6,100.0,1.0
324710,2033,156,7.276187,0.2,0.098323,0.00891,0.0,0.00187284,0.209378,0.05392,0.33868,0.956119,0.88167,7825.4,100.0,302.8,493.3,100.0,1.0
324872,2034,162,6.942194,0.415668,0.10288,0.0,9.3e-05,0.00152442,0.231494,0.242734,0.596721,0.828519,0.881075,8544.8,116.8,301.8,642.2,100.0,1.0
325031,2035,159,6.142171,0.0916,-0.002234,0.019742,0.0,0.00249511,0.026547,-0.045106,0.095705,0.649069,0.9255,7448.1,112.9,375.8,275.1,100.0,1.0
325191,2036,160,8.32345,0.2,0.098412,0.0,0.0,0.00176302,0.291434,0.363037,0.501579,0.91476,0.86155,9003.2,117.5,269.2,577.6,100.0,1.0
325351,2037,160,9.775543,0.566965,0.1321,0.000618,0.0,0.0023892,0.291242,0.301494,0.434033,1.0,0.910137,8768.7,107.6,350.2,506.6,100.0,1.0
325511,2038,160,7.529805,0.926503,0.074586,0.004189,0.0,0.00157275,0.267099,0.177096,0.383063,1.0,0.861924,8294.7,102.3,269.9,561.0,100.0,1.0
325670,2039,159,10.566531,0.2,0.202172,0.0,0.056773,0.0023587,0.352868,0.497081,0.537517,1.0,0.900614,9513.9,106.8,334.4,520.4,100.0,1.0
325828,2040,158,9.688593,0.223844,0.114479,0.013068,0.00915,0.00231374,0.301852,0.271179,0.559405,1.0,0.887533,8653.2,98.1,334.3,421.5,100.0,1.0
325988,2041,160,3.587564,1.0,-0.019009,0.0,0.0,0.00214796,-0.09654,-0.319483,-0.142331,0.5436,0.879506,6402.8,103.7,299.2,372.7,100.0,1.0
326143,2042,155,9.824002,0.2,0.04333,0.0,0.006792,0.00243547,0.299179,0.307368,0.487918,1.0,0.905821,8791.1,99.6,347.8,606.5,100.0,1.0
326303,2043,160,5.86916,0.565817,0.080411,4.2e-05,0.0,0.00165897,0.138818,0.113394,0.232166,0.765283,0.875442,8052.0,114.0,292.4,543.9,100.0,1.0
326462,2044,159,3.590192,1.0,-0.095884,0.017513,0.0,0.0025252,-0.154254,-0.369136,-0.271961,0.484434,0.914189,6213.6,104.6,357.0,293.1,100.0,1.0
326625,2045,163,9.097707,0.759054,0.051744,0.0,0.0,0.00180639,0.332032,0.362165,0.566568,1.0,0.860662,8999.8,111.1,267.8,541.1,100.0,1.0
326780,2046,155,5.534014,0.011954,0.070146,0.00497,3.7e-05,0.00191074,0.084868,-0.013782,0.302593,0.701923,0.890861,7567.5,111.2,318.1,363.9,100.0,1.0
326939,2047,159,6.867683,1.0,0.123046,0.019523,0.000145,0.00145146,0.241995,0.11082,0.444488,0.977467,0.884584,8042.2,101.7,307.6,536.5,100.0,1.0
327099,2048,160,4.943516,-0.259355,0.090311,0.0,2e-06,0.00139614,0.11689,-0.073256,0.261021,0.810598,0.860549,7340.9,101.4,267.6,733.3,100.0,1.0
327261,2049,162,10.167878,0.240982,0.118442,0.020581,0.0,0.00261117,0.276833,0.200547,0.480493,1.0,0.885413,8384.1,95.1,366.2,325.8,100.0,1.0
327424,2050,163,6.82576,0.671477,0.075716,0.0,0.0,0.00188916,0.161864,0.204479,0.211783,0.788857,0.903908,8399.1,117.4,339.8,570.9,100.0,1.0
327585,2051,161,7.253088,0.48658,0.083479,0.0,0.0,0.00215619,0.152004,0.142858,0.272488,0.782626,0.896039,8164.3,114.5,326.7,571.7,100.0,1.0
327742,2052,157,1.906656,0.534095,0.012006,0.0,3.5e-05,0.00158701,-0.117942,-0.318082,-0.043895,0.448258,0.85334,6408.1,110.6,255.6,724.9,100.0,1.0
327904,2053,162,8.881929,0.2,0.116246,0.0,0.006995,0.00200221,0.286714,0.243824,0.465807,1.0,0.883291,8549.0,104.0,305.5,568.0,100.0,1.0
328071,2054,167,5.29569,0.679036,0.111978,0.0,0.0,0.00146266,0.120027,0.017966,0.401661,0.713173,0.839598,7688.4,112.2,232.7,764.2,100.0,1.0
328235,2055,164,5.964997,1.0,0.114557,0.003205,0.0,0.00183585,0.109188,0.048047,0.318414,0.709564,0.873964,7803.1,114.1,289.9,703.3,100.0,1.0
328391,2056,156,11.207867,0.486037,0.114403,0.032728,4.5e-05,0.0031316,0.282386,0.315864,0.361475,1.0,0.930909,8823.4,107.4,384.8,261.7,100.0,1.0
328554,2057,163,8.86018,1.0,0.111049,0.0,0.0,0.00170399,0.331736,0.378852,0.575402,1.0,0.882067,9063.4,112.4,303.4,532.9,100.0,1.0
328713,2058,159,6.631693,0.510533,0.125819,0.0,0.0,0.00182065,0.166655,0.122827,0.400486,0.781753,0.867206,8088.0,113.5,278.7,540.1,100.0,1.0
328873,2059,160,7.897669,0.659252,0.090998,0.001933,0.0,0.0021785,0.194607,0.064582,0.156974,0.958245,0.882135,7866.1,100.4,303.6,419.7,100.0,1.0
329030,2060,157,6.363529,0.563305,0.094609,0.0,0.0,0.0016315,0.181467,0.131189,0.21052,0.852423,0.853404,8119.8,109.6,255.7,578.5,100.0,1.0
329192,2061,162,10.173652,1.0,0.125946,0.02812,0.0,0.00272224,0.258602,0.269071,0.273802,1.0,0.944185,8645.2,103.0,407.0,250.4,100.0,1.0
329355,2062,163,8.140709,0.426088,0.032516,0.0,0.0,0.00175683,0.273438,0.229047,0.523519,0.968083,0.893634,8492.7,107.9,322.7,560.9,100.0,1.0
329512,2063,157,10.686839,1.0,0.075206,0.0,1e-05,0.0029354,0.274037,0.224814,0.453636,1.0,0.910122,8476.5,99.9,351.8,455.2,100.0,1.0
329671,2064,159,3.695273,0.428265,0.004242,0.01447,0.0,0.00210178,-0.08005,-0.114094,-0.128382,0.47537,0.915347,7185.3,121.8,358.9,309.1,100.0,1.0
329836,2065,165,7.988322,1.0,-0.019274,0.0,0.0,0.0024643,0.142683,0.118919,0.333721,0.7742,0.920396,8073.1,113.8,367.3,298.8,100.0,1.0
329998,2066,162,9.485528,0.549787,0.165115,0.0,1.2e-05,0.00189109,0.345855,0.47721,0.527675,1.0,0.90486,9438.2,113.4,341.4,577.2,100.0,1.0
330152,2067,154,4.648627,0.2,0.076608,0.003813,0.032498,0.00172654,0.053722,-0.192577,0.033524,0.775551,0.846827,6886.3,97.0,280.2,768.9,100.0,1.0
330310,2068,158,7.947777,0.48322,0.130783,0.0,3e-06,0.00194255,0.239416,0.283796,0.328626,0.886732,0.876353,8701.3,115.3,293.9,413.3,100.0,1.0
330470,2069,160,11.038968,-0.784764,0.026043,0.0,0.0,0.00254625,0.351428,0.471479,0.576384,1.0,0.896319,9416.3,113.5,327.2,486.9,100.0,1.0
330629,2070,159,8.45283,0.932291,0.09645,0.0,0.0,0.00203658,0.257231,0.185664,0.497645,0.946208,0.869731,8327.4,107.0,282.9,640.0,100.0,1.0
330784,2071,155,9.114546,0.2,0.104762,0.003486,0.0,0.00246429,0.244546,0.097086,0.357799,1.0,0.862021,7989.9,93.2,349.9,736.5,100.0,1.0
330946,2072,162,6.079161,0.416566,0.102421,0.022234,1.6e-05,0.00212634,0.073392,0.050286,0.075347,0.697561,0.902955,7811.6,115.0,338.3,468.4,100.0,1.0
331103,2073,157,4.640884,0.2,0.038689,0.0,0.0,0.00215087,-0.018714,-0.10408,-0.025028,0.574957,0.880694,7223.5,114.7,301.2,376.3,100.0,1.0
331267,2074,164,5.793973,0.847501,0.117515,0.0,1.4e-05,0.00162077,0.132336,0.018879,0.351867,0.758337,0.84362,7691.9,109.4,239.4,552.3,100.0,1.0
331433,2075,166,7.753467,0.318947,0.122609,0.002852,3.6e-05,0.00189008,0.218959,0.210901,0.323008,0.908716,0.918211,8423.5,110.3,363.7,467.7,100.0,1.0
331591,2076,158,5.970393,0.2,0.135776,0.0,0.011278,0.00156568,0.162778,0.014818,0.377784,0.844334,0.865754,7676.5,104.1,276.3,880.8,100.0,1.0
331752,2077,161,6.711864,0.678423,0.072611,0.00979,0.0,0.0020417,0.132318,-0.009051,0.152228,0.837804,0.863056,7585.5,103.2,271.8,439.1,100.0,1.0
331911,2078,159,10.490857,0.648175,0.100139,0.0,0.0,0.00258666,0.30931,0.325321,0.563989,1.0,0.913678,8859.5,98.9,368.7,439.1,100.0,1.0
332074,2079,163,11.123774,0.2,0.065827,0.0,0.058108,0.00282436,0.303819,0.324387,0.543694,1.0,0.926588,8855.9,103.6,377.6,357.8,100.0,1.0
332237,2080,163,4.854888,0.796951,-0.002411,0.014897,0.0,0.0021785,-0.021546,-0.183593,-0.159197,0.681907,0.929961,6920.5,102.9,383.3,409.5,100.0,1.0
332393,2081,156,8.789328,1.0,0.058692,0.0,0.0,0.00213579,0.270591,0.226417,0.386983,1.0,0.898846,8482.6,101.1,331.4,312.7,100.0,1.0
332549,2082,156,6.585471,0.455663,0.064217,0.001012,0.0,0.00217318,0.113323,0.037767,0.400742,0.723877,0.902973,7763.9,112.6,338.3,679.8,100.0,1.0
332715,2083,166,5.775138,0.41652,0.142025,0.0,0.0,0.00123796,0.191125,0.228422,0.456192,0.765304,0.870886,8490.3,120.2,284.8,796.8,100.0,1.0
332884,2084,169,7.880855,1.0,0.100241,0.0,0.0,0.00210264,0.185826,0.279356,0.534459,0.730144,0.918067,8684.3,125.5,363.4,556.8,100.0,1.0
333045,2085,161,6.613258,0.283585,0.100309,0.01157,6e-06,0.00153432,0.207044,0.13749,0.391264,0.861505,0.844226,8143.8,109.4,240.4,941.2,100.0,1.0
333207,2086,162,4.892645,0.2,0.125495,0.001649,0.157289,0.0017789,0.047705,-0.077111,0.040883,0.706547,0.878898,7326.2,107.3,298.2,677.2,100.0,1.0
333366,2087,159,8.67032,0.388541,0.017702,0.0,0.0,0.00249174,0.198964,0.144796,0.448791,0.858976,0.90282,8171.7,109.9,338.0,347.1,100.0,1.0
333524,2088,158,8.16108,0.475645,0.081009,0.017785,4e-06,0.00161767,0.304565,0.320004,0.497249,0.98034,0.869187,8839.2,111.6,282.0,592.2,100.0,1.0
333682,2089,158,0.652661,0.746362,-0.278459,0.002297,0.0,0.00220681,-0.303872,-0.506845,-0.571357,0.275636,0.921119,5688.9,111.5,368.5,391.5,100.0,1.0
333843,2090,161,9.714129,1.0,0.13231,0.023235,0.0,0.00296423,0.189482,0.239148,0.313692,0.83219,0.938201,8531.2,116.4,397.0,340.8,100.0,1.0
334003,2091,160,6.520153,0.2,0.089029,0.0,0.098494,0.00174534,0.168268,0.090802,0.271271,0.841381,0.872447,7966.0,108.2,287.4,571.8,100.0,1.0
334169,2092,166,6.665517,0.600599,0.147841,0.0,0.0,0.00171847,0.172165,0.064798,0.178403,0.888768,0.86953,7866.9,104.1,282.5,737.1,100.0,1.0
334327,2093,158,7.113332,0.2,0.089108,0.0,0.0,0.0017137,0.217315,0.017388,0.235202,1.0,0.842208,7686.2,93.3,315.2,454.4,100.0,1.0
334487,2094,160,7.526117,0.256809,0.123102,0.0,0.052791,0.00144231,0.285558,0.273392,0.550156,0.946078,0.864947,8661.6,111.3,274.9,800.8,100.0,1.0
334642,2095,155,9.214065,0.751081,0.087452,0.016923,0.0,0.00259662,0.22963,0.155055,0.207227,1.0,0.919425,8210.8,99.7,369.0,351.0,100.0,1.0
334807,2096,165,6.746634,1.0,0.110019,0.00605,0.0,0.00199812,0.133138,0.18982,0.221614,0.711223,0.88387,8343.2,121.9,306.4,632.3,100.0,1.0
334967,2097,160,7.113235,0.674613,0.012808,0.032795,0.0,0.0029111,0.022195,0.002474,0.008415,0.627693,0.921368,7629.4,117.2,368.9,247.0,100.0,1.0
335125,2098,158,6.037971,0.2,0.010022,0.0,0.074702,0.00188687,0.116129,0.064952,0.128608,0.771561,0.886379,7867.5,111.0,310.6,559.7,100.0,1.0
335288,2099,163,8.510474,0.2,0.123247,0.0,0.052117,0.00193591,0.268269,0.296973,0.498421,0.916012,0.888884,8751.5,114.2,314.8,539.6,100.0,1.0
335445,2100,157,8.991102,0.774584,0.11475,0.0,0.0,0.00255724,0.215285,0.031454,0.154145,1.0,0.831972,7739.8,92.1,312.0,442.9,100.0,1.0
335599,2101,154,8.080148,1.0,0.084987,0.016496,0.0,0.00279981,0.123135,-0.129684,0.234045,0.879474,0.878552,7125.9,94.8,358.4,482.5,100.0,1.0
335763,2102,164,5.759832,0.501279,0.063218,0.0,0.0,0.00155359,0.140336,0.091558,0.219205,0.791736,0.884671,7968.8,111.2,307.8,954.8,100.0,1.0
335918,2103,155,10.008379,0.2,0.056874,0.01473,0.056974,0.0023464,0.322837,0.39364,0.479906,1.0,0.894256,9119.8,106.4,323.8,554.4,100.0,1.0
336076,2104,158,8.696282,0.498322,0.12975,0.011645,0.0,0.00192336,0.292609,0.293976,0.402763,1.0,0.884643,8740.0,103.5,307.7,370.1,100.0,1.0
336233,2105,157,6.351025,1.0,0.097894,0.036505,0.0,0.00183683,0.147202,0.029291,0.288112,0.820592,0.868673,7731.6,106.2,281.1,497.7,100.0,1.0
336396,2106,163,9.612028,0.295318,0.13204,0.0,0.000148,0.00193647,0.34351,0.470188,0.496262,1.0,0.894653,9411.4,112.7,324.4,490.5,100.0,1.0
336556,2107,160,8.580308,0.506303,0.086987,0.0,1.2e-05,0.00158437,0.334838,0.357907,0.620764,1.0,0.866863,8983.6,111.7,278.1,631.2,100.0,1.0
336712,2108,156,7.891874,0.2,0.102,0.005777,0.084881,0.00157923,0.294703,0.276405,0.478156,0.994952,0.880778,8673.1,108.7,301.3,710.9,100.0,1.0
336876,2109,164,8.77624,0.844417,0.16879,0.000413,0.0,0.00189222,0.291286,0.37872,0.490852,0.923052,0.886801,9062.9,117.8,311.3,632.0,100.0,1.0
337033,2110,157,7.485674,0.974467,0.03645,0.0,0.0,0.00206992,0.188098,0.156216,0.314547,0.847709,0.885975,8215.2,111.2,310.0,338.5,100.0,1.0
337194,2111,161,6.318939,0.396016,0.13548,0.0,0.0,0.00171157,0.157485,0.139086,0.319424,0.765978,0.862482,8149.9,115.4,270.8,672.0,100.0,1.0
337352,2112,158,5.674461,0.501517,0.047286,0.0,0.0,0.0020096,0.071321,0.152684,0.167846,0.601278,0.896583,8201.7,128.0,327.6,636.5,100.0,1.0
337514,2113,162,8.658134,0.629286,0.102273,0.0,0.0,0.00174267,0.310896,0.434001,0.514367,0.930687,0.885262,9273.5,120.1,308.8,723.1,100.0,1.0
337676,2114,162,5.119343,0.837693,0.023988,0.0,0.0,0.00220919,-0.007167,-0.115333,-0.112267,0.641634,0.895042,7180.6,109.4,325.1,487.3,100.0,1.0
337839,2115,163,10.440256,0.375177,0.068918,0.0,0.044782,0.00254438,0.300502,0.332165,0.419911,1.0,0.898123,8885.5,106.6,330.2,482.1,100.0,1.0
337996,2116,157,7.311607,0.397069,0.094321,0.019108,3.3e-05,0.00186509,0.20808,0.144064,0.387767,0.882215,0.878396,8168.9,108.5,297.3,582.5,100.0,1.0
338159,2117,163,10.064701,0.2,0.081025,0.013769,0.053997,0.00264457,0.258456,0.24873,0.478124,0.943846,0.916308,8567.7,110.2,360.5,541.6,100.0,1.0
338326,2118,167,5.175283,0.506937,0.045743,0.003236,0.0,0.00201289,0.018416,-0.026163,-0.042434,0.627679,0.887485,7520.3,115.5,312.5,709.3,100.0,1.0
338483,2119,157,6.547858,0.2,0.080485,0.001612,2.2e-05,0.00155537,0.204341,0.041873,0.390415,0.944863,0.892457,7779.5,100.0,320.8,591.5,100.0,1.0
338640,2120,157,10.392577,0.99309,0.084924,0.006238,0.0,0.00287772,0.260062,0.303341,0.40427,0.928526,0.910444,8775.7,113.8,350.7,270.5,100.0,1.0
338795,2121,155,8.358233,0.784367,0.148394,0.003671,0.0,0.00212559,0.243058,0.185092,0.449599,0.917574,0.860818,8325.2,108.5,268.0,551.6,100.0,1.0
338952,2122,157,9.789791,0.2,0.099951,0.0,0.013959,0.00270409,0.246061,0.208643,0.226854,1.0,0.91514,8414.9,101.3,358.6,487.8,100.0,1.0
339107,2123,155,10.312585,0.2,0.160648,0.0,0.035646,0.00259927,0.303619,0.338302,0.449302,1.0,0.903548,8908.9,106.5,339.2,481.6,100.0,1.0
339263,2124,156,7.621699,0.2,0.129703,0.0,0.03843,0.00173661,0.251239,0.191875,0.525296,0.913792,0.859104,8351.0,109.1,265.2,654.8,100.0,1.0
339421,2125,158,10.069348,0.226761,0.135337,0.0,0.0,0.00228434,0.328877,0.389289,0.578729,1.0,0.905273,9103.2,110.4,342.1,523.5,100.0,1.0
339591,2126,170,6.990757,0.2,0.108158,0.0,0.010401,0.00183206,0.167423,0.107483,0.310954,0.822485,0.878148,8029.5,110.1,296.9,807.2,100.0,1.0
339749,2127,158,7.708982,0.39164,0.123168,0.006104,0.0,0.00237386,0.152947,0.129557,0.374933,0.775404,0.908389,8113.6,114.3,347.3,475.9,100.0,1.0
339906,2128,157,5.859239,0.572833,0.062419,0.014191,0.0,0.00215418,0.063093,-0.016368,0.235109,0.676171,0.907175,7557.6,112.7,345.3,580.0,100.0,1.0
340073,2129,167,4.692913,0.2,0.047507,0.0,1.5e-05,0.00129835,0.104556,0.053784,0.294266,0.697193,0.868775,7824.9,115.3,281.3,862.7,100.0,1.0
340233,2130,160,9.456609,0.225476,0.126964,0.007994,0.0,0.00219834,0.295796,0.309811,0.411916,1.0,0.891395,8800.4,107.8,319.0,457.9,100.0,1.0
340391,2131,158,7.088189,0.776776,0.016258,0.0,0.0,0.00237785,0.10964,-0.030789,0.107982,0.825689,0.894945,7502.7,102.7,324.9,464.0,100.0,1.0
340554,2132,163,6.89166,0.374764,0.12737,0.008784,0.0,0.00200835,0.14449,0.183187,0.328886,0.740636,0.921801,8317.9,119.5,369.7,496.7,100.0,1.0
340718,2133,164,7.927979,0.386232,0.045296,0.0,0.0,0.00169158,0.265292,0.339694,0.488116,0.875305,0.87426,8914.2,118.8,290.4,660.5,100.0,1.0
340878,2134,160,10.598423,0.2,0.127906,0.00239,0.0,0.00249121,0.326913,0.370386,0.583294,1.0,0.89605,9031.2,101.2,326.7,475.1,100.0,1.0
341039,2135,161,7.432169,0.2,0.025435,0.015437,0.036899,0.00169296,0.236178,0.177817,0.420184,0.922261,0.876796,8297.5,107.9,294.7,478.8,100.0,1.0
341203,2136,164,9.32107,0.542813,0.137144,0.0,2e-06,0.00179197,0.344073,0.518687,0.530766,0.962445,0.894613,9596.2,122.2,324.4,525.3,100.0,1.0
341363,2137,160,2.655839,0.639603,0.028662,0.012703,0.0,0.00195784,-0.131484,-0.156793,-0.162972,0.379575,0.911275,7022.6,127.3,352.1,614.7,100.0,1.0
341522,2138,159,8.163074,1.0,0.112206,0.0,3.3e-05,0.00195114,0.248336,0.235238,0.422087,0.916222,0.876685,8516.3,111.1,294.5,481.2,100.0,1.0
341683,2139,161,9.266995,0.610795,0.094953,0.0,0.0,0.00205188,0.303693,0.317015,0.48607,1.0,0.896672,8827.8,109.8,327.8,452.9,100.0,1.0
341849,2140,166,8.774283,0.410029,0.125958,0.0,1.8e-05,0.00182437,0.297443,0.425013,0.504038,0.899676,0.876339,9239.3,121.6,293.9,768.7,100.0,1.0
342014,2141,165,9.275295,0.656788,0.115186,0.0,2e-06,0.001894,0.321988,0.305098,0.5955,1.0,0.855347,8782.4,107.9,258.9,739.7,100.0,1.0
342171,2142,157,10.528755,0.2,0.039326,0.001341,0.032541,0.00260401,0.311406,0.329141,0.570276,1.0,0.911627,8874.0,101.1,352.7,516.6,100.0,1.0
342333,2143,162,11.478927,0.78678,0.036586,0.0,0.0,0.0027533,0.339266,0.492687,0.512982,0.973664,0.89868,9497.1,120.3,331.1,392.3,100.0,1.0
342493,2144,160,8.902333,0.2,0.09307,0.00031,0.001278,0.00168687,0.339118,0.437709,0.592839,0.986256,0.896384,9287.7,116.9,327.3,429.7,100.0,1.0
342653,2145,160,8.043357,0.443276,0.070524,0.0,0.0,0.00161415,0.291919,0.352287,0.571275,0.919316,0.884028,8962.2,116.7,306.7,837.3,100.0,1.0
342809,2146,156,8.43725,0.352937,0.049696,0.0,0.000231,0.00287644,0.128391,0.081968,0.015158,0.847069,0.929779,7932.3,107.4,383.0,337.3,100.0,1.0
342974,2147,165,4.368246,0.817669,0.060514,0.011832,1.4e-05,0.00140724,0.06661,0.047059,0.131469,0.641925,0.860287,7799.3,118.8,267.1,782.7,100.0,1.0
343127,2148,153,11.759025,0.484069,0.098461,0.0,0.0,0.00296468,0.350794,0.493133,0.591332,1.0,0.926491,9498.8,108.3,377.5,273.7,100.0,1.0
343290,2149,163,8.238353,0.2,0.092242,0.0,0.0,0.0020587,0.228026,0.139681,0.424234,0.940284,0.901724,8152.2,105.0,336.2,518.7,100.0,1.0
343448,2150,158,8.534541,0.808727,0.103537,0.030708,1.9e-05,0.00259395,0.174004,0.223471,0.202014,0.819887,0.920082,8471.4,116.4,366.8,471.8,100.0,1.0
343612,2151,164,10.165525,1.0,0.093292,0.002565,0.0,0.00244929,0.293801,0.374072,0.302286,1.0,0.919782,9045.2,110.8,366.3,449.6,100.0,1.0
343766,2152,154,7.417506,0.2,0.010407,0.0,0.104401,0.00186756,0.219852,0.138751,0.407545,0.923711,0.900298,8148.6,105.9,333.8,493.1,100.0,1.0
343923,2153,157,10.992333,0.660667,0.11199,0.00453,0.0,0.00303245,0.275984,0.288933,0.345609,1.0,0.923241,8720.8,108.1,372.1,412.4,100.0,1.0
344087,2154,164,4.802491,0.622495,0.063823,0.027893,2e-06,0.00204014,-0.005963,0.017961,0.014938,0.535096,0.903944,7688.4,125.2,339.9,423.8,100.0,1.0
344248,2155,161,3.542806,1.0,0.07177,0.0,0.0,0.00186331,-0.057594,-0.238866,-0.083442,0.588792,0.900199,6709.9,105.6,333.7,456.7,100.0,1.0
344413,2156,165,6.441238,0.555066,0.073661,0.001958,0.0,0.00230555,0.060227,0.173802,0.184778,0.564704,0.910331,8282.2,132.3,350.6,678.9,100.0,1.0
344573,2157,160,8.834094,0.2,0.105582,0.007932,0.127532,0.0020076,0.283097,0.216796,0.419154,1.0,0.85207,8446.0,101.6,253.5,672.8,100.0,1.0
344737,2158,164,8.372476,0.809529,0.098077,0.022808,0.0,0.00181531,0.27496,0.471248,0.356547,0.851404,0.876272,9415.5,127.1,293.8,479.0,100.0,1.0
344899,2159,162,7.353917,0.612952,0.139578,0.010709,0.0,0.00200847,0.177573,0.275349,0.431421,0.723752,0.895627,8669.1,125.7,326.0,578.0,100.0,1.0
345059,2160,160,9.633288,0.489359,0.091304,0.0,2.2e-05,0.0026382,0.23671,0.416258,0.291952,0.824707,0.90573,9205.9,126.1,342.9,348.1,100.0,1.0
345225,2161,166,8.453535,0.2,0.113329,0.0075,0.01622,0.00186982,0.267749,0.346969,0.346706,0.926474,0.897012,8942.0,116.0,328.4,841.8,100.0,1.0
345386,2162,161,9.7669,1.0,0.05612,0.0,0.0,0.00356456,0.094142,0.176752,0.01634,0.722488,0.962703,8293.4,120.4,437.8,186.7,100.0,1.0
345546,2163,160,9.071244,0.755698,0.094258,0.0,0.0,0.00191244,0.314634,0.325039,0.469496,1.0,0.854303,8858.4,110.0,257.2,592.3,100.0,1.0
345703,2164,157,6.966256,0.537496,0.101106,0.0,0.0,0.00201176,0.160716,0.132698,0.184234,0.825772,0.884763,8125.6,111.3,307.9,555.7,100.0,1.0
345862,2165,159,4.960182,0.673673,0.104137,0.0,0.0,0.00158888,0.086659,-0.020891,0.113023,0.75803,0.890528,7540.4,107.2,317.5,819.4,100.0,1.0
346026,2166,164,6.009724,0.924409,0.120694,0.000599,0.0,0.00176563,0.12145,0.096825,0.243619,0.737542,0.88854,7988.9,114.9,314.2,502.0,100.0,1.0
346189,2167,163,8.709442,0.436853,0.136849,0.000156,0.0,0.00172868,0.313782,0.33532,0.46268,1.0,0.865264,8897.6,110.7,275.4,789.3,100.0,1.0
346350,2168,161,5.277967,0.2,0.003623,0.0,0.005691,0.00166369,0.09302,-0.013604,0.206478,0.733373,0.870305,7568.2,109.2,283.8,714.4,100.0,1.0
346514,2169,164,4.127979,1.0,0.050184,0.0,0.0,0.00182027,-0.016313,-0.153341,-0.094231,0.621756,0.869028,7035.8,108.5,281.7,766.0,100.0,1.0
346669,2170,155,7.500969,0.35249,0.043847,0.0,0.0,0.00143959,0.28956,0.189249,0.553244,1.0,0.852306,8341.0,100.6,253.8,755.4,100.0,1.0
346833,2171,164,8.585477,0.895451,0.070884,0.0,0.0,0.00189647,0.27572,0.303088,0.488591,0.915033,0.859699,8774.8,114.6,266.2,526.2,100.0,1.0
346988,2172,155,9.182588,1.0,0.096731,0.0,0.0,0.00237641,0.259141,0.189363,0.375994,1.0,0.903196,8341.5,102.5,338.7,255.8,100.0,1.0
347148,2173,160,10.038301,1.0,0.111741,0.0,0.0,0.00227176,0.322459,0.376297,0.531668,1.0,0.899126,9053.7,102.9,331.9,517.1,100.0,1.0
347308,2174,160,9.243184,0.719554,0.091305,0.004404,0.0,0.00203487,0.306006,0.265198,0.599036,1.0,0.88079,8630.4,107.5,301.3,766.2,100.0,1.0
347466,2175,158,7.44,0.682039,0.050685,0.0,1e-05,0.00133153,0.297939,0.346527,0.426628,0.962847,0.865978,8940.3,113.9,276.6,643.9,100.0,1.0
347626,2176,160,9.583103,0.2,0.089279,0.020577,0.036457,0.00190735,0.349505,0.418642,0.672396,1.0,0.889581,9215.0,110.7,316.0,543.6,100.0,1.0
347791,2177,165,9.531667,0.580082,0.096943,0.0,3.8e-05,0.00206634,0.310178,0.507115,0.561288,0.879899,0.898758,9552.1,127.0,331.3,508.8,100.0,1.0
347952,2178,161,10.006652,0.917749,-0.007859,0.005764,0.0,0.00207245,0.349847,0.480725,0.586248,1.0,0.915836,9451.6,110.4,359.7,297.8,100.0,1.0
348112,2179,160,9.00431,0.861878,0.050432,0.017493,0.0,0.00187015,0.315755,0.329967,0.53213,1.0,0.8798,8877.2,101.1,299.7,537.3,100.0,1.0
348276,2180,164,10.165467,0.55916,0.075139,0.0,3.3e-05,0.00221862,0.330395,0.506379,0.563727,0.937541,0.910356,9549.3,123.2,350.6,600.7,100.0,1.0
348433,2181,157,4.469856,0.2,0.056166,0.002051,0.030362,0.00172898,0.033806,-0.034316,0.193661,0.619309,0.898821,7489.3,115.6,331.4,645.1,100.0,1.0
348592,2182,159,9.52772,0.492373,0.049339,0.001617,0.0,0.00198628,0.33475,0.391287,0.576891,1.0,0.883043,9110.8,113.4,305.1,411.3,100.0,1.0
348751,2183,159,9.473878,0.2,0.104083,0.0,0.006919,0.00246373,0.255139,0.376963,0.481691,0.848666,0.906951,9056.2,122.5,344.9,1053.8,100.0,1.0
348910,2184,159,7.892265,0.391073,0.091542,0.012229,2e-06,0.00197947,0.224129,0.063409,0.351496,0.969991,0.859475,7861.6,99.8,268.5,526.9,100.0,1.0
349067,2185,157,12.370953,0.573592,0.118623,0.00748,0.0,0.00315436,0.349508,0.531419,0.518838,1.0,0.940923,9644.7,110.8,401.5,238.7,100.0,1.0
349225,2186,158,8.483221,0.2,0.135914,0.0,1e-06,0.00217306,0.235983,0.198122,0.377349,0.927311,0.888829,8374.8,108.6,314.7,526.4,100.0,1.0
349383,2187,158,9.059779,0.521701,0.062291,0.006823,0.0,0.00247425,0.227762,0.240639,0.162193,0.936223,0.892426,8536.8,110.2,320.7,393.3,100.0,1.0
349540,2188,157,7.230231,0.2,0.081722,0.0,0.030383,0.00179082,0.21258,0.244451,0.294424,0.863324,0.893221,8551.4,114.7,322.0,558.7,100.0,1.0
349702,2189,162,8.819669,0.882251,0.031449,0.0,0.0,0.0025604,0.187471,0.177871,0.116776,0.889645,0.898128,8297.7,109.8,330.2,396.6,100.0,1.0
349860,2190,158,9.192229,0.937909,0.052467,0.016798,0.0,0.00249162,0.234052,0.278741,0.190793,0.924075,0.89737,8682.0,112.8,328.9,371.0,100.0,1.0
350012,2191,152,5.666336,0.2,0.030925,0.00016,0.066273,0.0015351,0.153589,-0.052843,0.269645,0.869498,0.831857,7418.7,99.2,229.0,908.9,100.0,1.0
350169,2192,157,8.006659,0.419858,0.082355,0.0,0.0,0.00196111,0.238761,0.238322,0.241283,0.941956,0.886921,8528.0,109.8,311.5,739.0,100.0,1.0
350328,2193,159,6.552956,0.2,0.079593,0.0,0.0,0.00185869,0.151827,0.185268,0.210697,0.763309,0.883535,8325.9,118.0,305.9,510.9,100.0,1.0
350485,2194,157,6.87844,0.306684,0.097481,0.0,0.0,0.00225025,0.116249,0.040106,0.134013,0.79194,0.895819,7772.8,108.4,326.4,413.1,100.0,1.0
350648,2195,163,6.136003,0.863161,0.050603,0.0,0.0,0.00273931,-0.027661,0.010434,-0.00459,0.507283,0.930896,7659.8,127.0,384.8,406.4,100.0,1.0
350812,2196,164,8.179699,0.2,0.122524,0.0,0.004403,0.00196342,0.236376,0.377306,0.351005,0.819839,0.883945,9057.5,124.4,306.6,579.8,100.0,1.0
350971,2197,159,9.469941,0.874115,0.078735,0.0,0.0,0.00209882,0.312665,0.36367,0.539044,0.970387,0.881248,9005.6,114.3,302.1,558.8,100.0,1.0
351132,2198,161,9.257959,0.2,0.072447,0.0,0.090422,0.00211946,0.290624,0.289834,0.496077,0.981819,0.896677,8724.3,110.1,327.8,627.7,100.0,1.0
351290,2199,158,6.424578,0.2,0.04301,0.0,0.173849,0.00171687,0.167169,0.16067,0.419996,0.756459,0.870325,8232.2,117.2,283.9,490.5,100.0,1.0
351444,2200,154,8.05269,0.557765,0.137515,0.0,0.0,0.00160233,0.302702,0.218642,0.554806,1.0,0.829758,8453.0,99.7,220.3,740.4,100.0,1.0
351601,2201,157,5.367528,1.0,0.057132,0.017447,0.0,0.00173848,0.093261,-0.058927,0.223722,0.751518,0.859948,7395.5,105.6,266.6,491.6,100.0,1.0
351764,2202,163,11.45418,0.2,0.119429,0.007396,0.120496,0.00255878,0.364345,0.502204,0.603471,1.0,0.886212,9533.4,110.2,310.4,513.5,100.0,1.0
351930,2203,166,4.513683,0.2,0.074438,0.000809,0.03003,0.00171121,0.023873,-0.034777,0.256269,0.581501,0.90264,7487.5,118.4,337.7,878.5,100.0,1.0
352093,2204,163,5.965895,0.380668,0.021696,0.0,0.0,0.00227855,0.035552,0.029102,0.029785,0.629902,0.90665,7730.9,118.6,344.4,407.2,100.0,1.0
352252,2205,159,6.820444,0.234206,0.100086,0.026006,1e-06,0.00185364,0.170472,0.147033,0.459194,0.767158,0.876275,8180.2,115.7,293.8,684.7,100.0,1.0
352412,2206,160,7.180257,0.696464,0.155342,0.0,0.0,0.0023284,0.117151,0.192977,0.206237,0.687901,0.907509,8355.2,123.8,345.8,393.8,100.0,1.0
352572,2207,160,10.192455,0.894626,0.102043,0.0,1e-06,0.00195667,0.381998,0.574551,0.573395,1.0,0.875916,9809.0,111.9,293.2,537.3,100.0,1.0
352726,2208,154,9.348261,0.2,0.124753,0.001631,0.0,0.00206451,0.319503,0.319916,0.600406,1.0,0.882068,8838.9,102.8,303.4,448.7,100.0,1.0
352885,2209,159,11.913237,0.2,0.13706,0.020084,0.113022,0.00295242,0.342971,0.487707,0.489889,1.0,0.911778,9478.2,109.4,353.0,357.7,100.0,1.0
353049,2210,164,12.272304,0.488451,0.149716,0.009248,8e-06,0.00266191,0.400514,0.726365,0.530639,0.984052,0.911048,10387.4,130.9,351.7,393.5,100.0,1.0
353211,2211,162,8.188381,0.652525,0.145391,0.028604,0.0,0.00221247,0.200128,0.277951,0.252596,0.832398,0.910316,8679.0,118.4,350.5,419.4,100.0,1.0
353371,2212,160,6.9566,0.2,0.119597,0.002108,0.0,0.00236118,0.096719,0.156385,0.115568,0.686504,0.914143,8215.8,121.8,356.9,345.7,100.0,1.0
353533,2213,162,9.768027,-0.175259,0.11025,0.0,0.0,0.00240039,0.277397,0.524729,0.492467,0.820508,0.92494,9619.2,132.1,374.9,305.7,100.0,1.0
353700,2214,167,12.063089,0.57203,0.199161,0.0,2e-06,0.00276532,0.361084,0.572334,0.543848,0.990755,0.930746,9800.6,123.1,384.6,528.8,100.0,1.0
353860,2215,160,5.485246,0.903946,0.059373,0.0,0.0,0.00225918,0.012744,-0.023264,-0.017685,0.623206,0.915817,7531.4,116.0,359.7,383.4,100.0,1.0
354022,2216,162,11.467531,0.606113,0.128858,0.0,0.0,0.002681,0.348047,0.579725,0.407402,0.967221,0.89805,9828.8,124.9,330.1,444.9,100.0,1.0
354181,2217,159,6.965478,0.2,0.102557,0.0,0.073022,0.00206396,0.147078,0.158382,0.151441,0.769063,0.861148,8223.4,116.2,268.6,651.9,100.0,1.0
354344,2218,163,7.986865,0.2,0.093567,0.0,0.077045,0.00203518,0.213147,0.239804,0.315758,0.854658,0.880973,8533.7,115.0,301.6,655.3,100.0,1.0
354507,2219,163,10.0402,0.711129,0.092389,0.001065,0.0,0.00206016,0.34909,0.477212,0.478494,1.0,0.872251,9438.2,117.9,287.1,621.9,100.0,1.0
354670,2220,163,7.02244,0.366855,0.133373,0.0,0.0,0.00164366,0.211068,0.309398,0.493426,0.745948,0.856013,8798.8,126.0,260.0,690.3,100.0,1.0
354828,2221,158,8.543683,0.555586,0.113068,0.0,0.0,0.00242698,0.199246,0.125326,0.342695,0.89333,0.89475,8097.5,106.9,324.6,407.8,100.0,1.0
354987,2222,159,6.356859,0.535638,0.049769,0.0,0.0,0.00185268,0.138965,0.183437,0.181211,0.745032,0.892111,8318.9,119.2,320.2,547.0,100.0,1.0
355149,2223,162,3.330133,0.2,0.040112,0.006331,0.0,0.00174486,-0.055567,-0.019449,-0.016589,0.429826,0.883902,7545.9,131.9,306.5,881.6,100.0,1.0
355307,2224,158,8.787702,0.864948,0.123866,0.006548,0.0,0.00231457,0.233454,0.268868,0.633656,0.816702,0.895235,8644.4,119.0,325.4,429.0,100.0,1.0
355461,2225,154,8.901905,0.285806,0.130353,0.000654,1.3e-05,0.00243399,0.232093,0.092722,0.260122,1.0,0.868399,7973.3,99.0,291.8,622.1,100.0,1.0
355620,2226,159,8.192171,0.67287,0.088637,0.0,1.4e-05,0.00206849,0.229632,0.31921,0.252068,0.857447,0.873426,8836.2,118.9,289.0,495.2,100.0,1.0
355771,2227,151,6.095943,0.2,0.122074,0.0,0.004515,0.00142719,0.200056,0.143912,0.361859,0.841557,0.834922,8168.3,110.9,224.9,1200.4,100.0,1.0
355934,2228,163,9.864947,0.628859,0.089393,0.0,6e-06,0.002309,0.296086,0.395804,0.208843,1.0,0.894996,9128.0,111.0,325.0,501.6,100.0,1.0
356093,2229,159,9.612566,0.435882,0.081265,0.003007,0.0,0.00246352,0.263545,0.349164,0.331068,0.929399,0.91445,8950.3,116.0,357.4,380.2,100.0,1.0
356251,2230,158,9.096449,0.024745,0.053416,0.026214,0.0,0.00297905,0.149426,0.223794,0.157148,0.762087,0.908289,8472.7,120.2,347.1,354.4,100.0,1.0
356411,2231,160,9.17505,0.529702,0.126617,0.0,0.0,0.00185593,0.328579,0.373828,0.536446,1.0,0.874093,9044.3,112.7,290.2,633.9,100.0,1.0
356568,2232,157,7.656025,-0.011842,0.032678,0.0,0.0,0.00199445,0.208779,0.124349,0.427443,0.891125,0.886009,8093.8,107.0,310.0,538.6,100.0,1.0
356727,2233,159,8.418614,0.465768,0.143058,0.001722,0.003328,0.00210093,0.239794,0.323886,0.436287,0.843733,0.8892,8854.0,120.1,315.3,725.6,100.0,1.0
356884,2234,157,6.396791,0.2,0.078492,0.030313,0.0,0.00221102,0.08886,0.036351,0.095504,0.746979,0.914278,7758.5,111.0,357.1,352.8,100.0,1.0
357042,2235,158,12.543309,0.868134,0.10545,0.001344,0.0,0.00304576,0.373761,0.5989,0.515813,1.0,0.910179,9901.8,117.8,350.3,310.6,100.0,1.0
357196,2236,154,8.594277,0.573309,0.129198,0.0,0.0,0.0018466,0.301474,0.325956,0.361149,1.0,0.864521,8861.9,108.9,274.2,451.6,100.0,1.0
357362,2237,166,5.077221,0.510595,0.031463,0.00832,0.0,0.00202898,0.009266,0.12111,0.015706,0.510003,0.906334,8081.4,133.8,343.9,596.9,100.0,1.0
357519,2238,157,8.843117,0.250698,0.04271,0.0,0.041515,0.00176233,0.326009,0.356938,0.511209,1.0,0.857387,8979.9,110.6,262.3,702.2,100.0,1.0
357675,2239,156,6.495123,0.400447,0.132908,0.000195,0.0,0.00144291,0.21753,0.218284,0.376939,0.83787,0.83953,8451.7,115.0,232.6,750.3,100.0,1.0
357829,2240,154,5.865476,0.2,0.032486,0.005639,0.123031,0.0020428,0.085084,-0.069695,0.092907,0.791122,0.892928,7354.5,102.7,321.5,473.1,100.0,1.0
357984,2241,155,7.046612,0.955372,0.065321,0.0,0.0,0.00197541,0.173912,0.144741,0.279316,0.816845,0.867773,8171.5,112.4,279.6,552.0,100.0,1.0
358139,2242,155,4.683083,0.523481,0.081375,0.0,2e-05,0.00175099,0.047636,-0.084245,0.084074,0.693426,0.868325,7299.0,107.8,280.5,606.6,100.0,1.0
358299,2243,160,4.059117,1.0,-0.026187,0.018752,0.0,0.00236223,-0.101457,-0.273065,-0.13886,0.515842,0.902568,6579.6,108.5,337.6,306.2,100.0,1.0
358463,2244,164,5.54828,1.0,0.03971,0.005507,0.0,0.00217232,0.021657,0.006876,0.019899,0.5941,0.878766,7646.2,119.9,297.9,533.6,100.0,1.0
358623,2245,160,9.887669,0.2,0.098298,0.0,0.0,0.00205591,0.344478,0.455074,0.547992,1.0,0.89636,9353.8,114.4,327.3,577.2,100.0,1.0
358780,2246,157,8.069964,0.57012,0.091391,0.0,1.6e-05,0.00201136,0.233807,0.119103,0.51438,0.909821,0.845341,8073.8,105.7,242.2,517.0,100.0,1.0
358944,2247,164,9.622462,0.628234,0.109112,0.019955,0.0,0.00251999,0.242033,0.243901,0.250731,0.968913,0.926323,8549.3,108.6,377.2,487.9,100.0,1.0
359103,2248,159,6.285363,-0.018021,0.027749,0.0,0.0,0.00238921,0.048172,0.090173,0.125376,0.602576,0.911757,7963.6,124.2,352.9,256.0,100.0,1.0
359260,2249,157,5.371919,0.62579,0.116567,0.006892,0.0,0.00160151,0.11438,0.048472,0.241388,0.738259,0.868722,7804.7,112.2,281.2,604.4,100.0,1.0
359419,2250,159,8.792776,0.2,0.023183,0.0,0.027795,0.00176713,0.317707,0.338245,0.537865,1.0,0.882565,8908.7,110.0,304.3,652.5,100.0,1.0
359580,2251,161,11.137795,1.0,0.042035,0.001063,0.0,0.00285143,0.299273,0.378544,0.537979,0.953915,0.922909,9062.3,115.9,371.5,242.3,100.0,1.0
359737,2252,157,7.696961,0.651914,0.026657,0.0,7e-06,0.00284425,0.07758,0.02663,-0.05511,0.751215,0.89621,7721.5,110.2,327.0,292.2,100.0,1.0
359893,2253,156,7.938643,0.2,0.152086,0.00165,0.0,0.00175257,0.267193,0.190203,0.345233,1.0,0.859523,8344.7,103.9,265.9,429.8,100.0,1.0
360052,2254,159,4.821762,-0.541335,-0.027604,0.0,0.0,0.00214868,-0.01332,-0.102976,-0.149284,0.62215,0.886032,7227.7,111.4,310.1,631.2,100.0,1.0
360219,2255,167,7.942565,0.552655,0.139749,0.0,0.0,0.00208599,0.19242,0.310939,0.381434,0.75102,0.895466,8804.7,125.7,325.8,661.9,100.0,1.0
360383,2256,164,9.124547,0.454005,0.149598,0.008409,2.3e-05,0.00190426,0.30891,0.482407,0.580914,0.863622,0.860927,9458.0,126.9,268.2,750.9,100.0,1.0
360541,2257,158,10.516964,0.2,0.053535,0.00948,0.102322,0.00236669,0.342042,0.469737,0.474603,1.0,0.891409,9409.7,114.3,319.0,590.1,100.0,1.0
360698,2258,157,6.675765,0.2,0.037822,0.0,0.094212,0.0021523,0.11654,0.05795,0.308208,0.725653,0.876118,7840.8,113.6,293.5,671.2,100.0,1.0
360862,2259,164,8.651623,0.2,0.130456,0.0,0.0,0.00197283,0.265354,0.394947,0.328778,0.88141,0.875299,9124.7,121.2,292.2,633.3,100.0,1.0
361024,2260,162,8.200202,0.413921,0.115925,0.02996,2.1e-05,0.00230208,0.185216,0.213301,0.285746,0.815558,0.89163,8432.7,116.1,319.4,530.1,100.0,1.0
361186,2261,162,9.427637,1.0,0.109536,0.051255,0.0,0.00282359,0.184297,0.430016,0.405543,0.676132,0.936854,9258.4,138.1,394.8,273.8,99.962,1.0
361348,2262,162,9.569302,0.56281,0.113216,0.0,3e-06,0.00213633,0.305282,0.424753,0.483695,0.921438,0.871406,9238.3,120.2,285.7,510.1,100.0,1.0
361502,2263,154,9.42447,0.634043,0.157308,0.0,0.0,0.00252414,0.252787,0.293431,0.334858,0.927434,0.90012,8738.0,113.3,333.5,407.7,100.0,1.0
361660,2264,158,9.221653,0.541852,0.111748,0.001409,8e-06,0.00186872,0.332428,0.461492,0.527091,0.95151,0.865035,9378.3,120.1,275.1,565.2,100.0,1.0
361819,2265,159,11.414244,0.2,0.122243,0.001342,0.021903,0.00265381,0.354974,0.492507,0.586332,1.0,0.907142,9496.5,111.0,345.2,444.6,100.0,1.0
361982,2266,163,9.692197,0.862359,0.091418,0.0,0.0,0.0025741,0.240175,0.305572,0.289421,0.90398,0.907009,8784.2,115.3,345.0,286.9,100.0,1.0
362142,2267,160,9.214771,0.310202,0.074253,0.0,0.019465,0.00197784,0.310793,0.381738,0.524014,0.959743,0.883761,9074.4,115.8,306.3,532.3,100.0,1.0
362296,2268,154,12.088774,0.914361,0.144853,0.042689,6e-06,0.00326682,0.319917,0.407821,0.52274,1.0,0.937249,9173.8,103.3,395.4,283.0,100.0,1.0
362454,2269,158,10.656201,1.0,0.114225,0.011942,0.0,0.00303586,0.245985,0.471041,0.282067,0.848841,0.958071,9414.7,127.3,430.1,196.1,100.0,1.0
362611,2270,157,9.544119,0.2,0.073349,0.0,4e-06,0.00217274,0.30884,0.436283,0.398737,0.961559,0.898912,9282.2,118.3,331.5,352.1,100.0,1.0
362773,2271,162,8.080823,0.559334,0.143035,0.0,7e-06,0.00183538,0.252941,0.350857,0.506104,0.833706,0.875462,8956.8,122.1,292.4,809.5,100.0,1.0
362932,2272,159,9.639418,0.604067,0.125717,0.008954,9e-06,0.00196041,0.344655,0.510532,0.502042,0.975496,0.893524,9565.1,121.0,322.5,645.3,100.0,1.0
363091,2273,159,7.225122,0.2,0.078655,0.011099,0.458447,0.00240354,0.109796,0.099691,0.120224,0.743936,0.898892,7999.8,114.7,331.5,618.1,100.0,1.0
363247,2274,156,7.250472,1.0,0.119503,0.0,0.0,0.00184192,0.206319,0.181663,0.232211,0.870305,0.84176,8312.1,111.1,236.3,733.4,100.0,1.0
363411,2275,164,8.138505,1.0,0.181592,0.02417,0.0,0.00177182,0.263468,0.484829,0.391204,0.81418,0.890126,9467.2,130.5,316.9,458.1,100.0,1.0
363572,2276,161,8.948061,0.2,0.067099,0.0,0.031442,0.00221974,0.25175,0.36659,0.271292,0.889445,0.891217,9016.7,119.3,318.7,562.5,100.0,1.0
363740,2277,168,7.960304,0.616205,0.101308,0.000993,1.7e-05,0.00155646,0.280369,0.50718,0.468089,0.800445,0.853651,9552.4,132.6,256.1,872.0,100.0,1.0
363900,2278,160,8.746903,0.648147,0.105605,0.011737,0.0,0.00178306,0.310023,0.324819,0.536176,0.980468,0.867945,8857.6,111.8,279.9,459.8,100.0,1.0
364061,2279,161,8.683746,0.821329,0.113836,0.000109,0.0,0.00172493,0.313234,0.422457,0.407409,0.944604,0.843851,9229.6,118.7,239.8,622.9,100.0,1.0
364220,2280,159,8.075465,0.475499,0.158615,0.0,1.2e-05,0.00168772,0.281139,0.340364,0.527905,0.911373,0.885169,8916.8,116.6,308.6,521.3,100.0,1.0
364383,2281,163,10.389012,0.422306,0.161353,0.0,0.0,0.00241265,0.313602,0.550467,0.461,0.895721,0.913611,9717.3,128.1,356.0,351.1,100.0,1.0
364544,2282,161,6.462644,0.592829,0.085889,0.0,5e-06,0.00178457,0.152377,0.166418,0.176234,0.776679,0.870091,8254.1,116.1,283.5,744.5,100.0,1.0
364709,2283,165,3.536213,0.431073,-0.006424,0.004312,6e-06,0.00173768,-0.046144,-0.047529,-0.226052,0.523541,0.884293,7438.9,122.1,307.2,476.0,100.0,1.0
364873,2284,164,9.79322,0.710635,0.080058,0.0,0.0,0.00189249,0.355765,0.457415,0.629136,1.0,0.88601,9362.8,114.1,310.0,788.2,100.0,1.0
365029,2285,156,10.350965,0.367201,0.107232,0.0,0.0,0.00227455,0.349222,0.436097,0.635064,1.0,0.893235,9281.5,116.0,322.1,528.0,100.0,1.0
365182,2286,153,10.813473,0.214604,0.15886,0.008609,0.08757,0.00256268,0.343432,0.56939,0.554751,0.92754,0.901627,9789.4,127.0,336.0,405.5,100.0,1.0
365339,2287,157,6.406126,0.703572,0.056899,0.012906,0.0,0.00179092,0.154552,0.193164,0.226293,0.765412,0.890132,8356.0,118.3,316.9,639.6,100.0,1.0
365500,2288,161,5.065409,0.710574,0.08386,0.000951,8e-06,0.00166848,0.075871,0.120926,0.12411,0.617893,0.855713,8080.7,124.9,259.5,807.2,100.0,1.0
365667,2289,167,6.457473,1.0,0.102605,0.00069,0.0,0.00224399,0.064377,0.147888,0.017946,0.639812,0.921259,8183.5,124.8,368.8,518.2,100.0,1.0
365824,2290,157,5.334177,0.691247,0.098736,0.023172,2.8e-05,0.00171585,0.093328,0.066405,0.182401,0.691253,0.872059,7873.0,116.4,286.8,739.9,100.0,1.0
365983,2291,159,12.527682,1.0,0.122482,0.002358,0.0,0.00315538,0.350233,0.496381,0.576526,1.0,0.926059,9511.2,103.6,376.8,288.0,100.0,1.0
366143,2292,160,8.95276,0.2,0.109836,0.0,0.008062,0.00173897,0.330646,0.4136,0.511228,0.981356,0.865676,9195.8,116.0,276.1,647.1,100.0,1.0
366304,2293,161,11.327575,0.2,0.123498,0.009364,0.020243,0.00265778,0.342495,0.441974,0.558974,1.0,0.895582,9303.9,110.1,326.0,386.1,100.0,1.0
366460,2294,156,8.150018,1.0,0.061397,0.02651,0.0,0.00231944,0.192474,0.267246,0.188522,0.822384,0.888574,8638.2,118.5,314.3,324.2,100.0,1.0
366618,2295,158,8.959657,0.869034,0.108303,0.0069,2.5e-05,0.00237499,0.234088,0.216099,0.342655,0.930945,0.906318,8443.3,109.3,343.9,488.8,100.0,1.0
366785,2296,167,4.957459,0.659086,0.123705,0.0,0.0,0.00185744,0.026941,0.201969,0.139492,0.451234,0.871978,8389.5,144.5,286.6,612.6,100.0,1.0
366950,2297,165,11.42679,0.275345,0.05131,0.010906,0.0,0.00262723,0.343582,0.509259,0.494492,0.995196,0.92504,9560.3,119.8,375.1,647.8,100.0,1.0
367111,2298,161,12.090054,0.486257,0.114231,0.0,2.3e-05,0.0028504,0.363463,0.533361,0.567566,1.0,0.906534,9652.1,105.9,344.2,476.9,100.0,1.0
367275,2299,164,10.266156,0.560092,0.174634,0.0,2.9e-05,0.00217872,0.341107,0.475266,0.491841,1.0,0.907576,9430.8,111.5,346.0,467.9,100.0,1.0
367432,2300,157,11.200432,1.0,0.140432,0.004132,0.0,0.00299464,0.291887,0.365394,0.473549,0.978419,0.952735,9012.2,113.9,421.2,271.2,100.0,1.0
367587,2301,155,8.179306,0.682871,0.161795,0.000235,0.0,0.00184421,0.270666,0.361771,0.276673,0.945261,0.902193,8998.3,115.6,337.0,354.0,100.0,1.0
367746,2302,159,8.078929,0.2,0.0943,0.0,0.009156,0.00190923,0.246076,0.32164,0.3927,0.878719,0.900366,8845.4,117.7,333.9,677.0,100.0,1.0
367909,2303,163,7.339844,0.2,0.14813,0.0,0.096587,0.00151552,0.252272,0.393421,0.364139,0.830923,0.859464,9118.9,124.5,265.8,803.1,100.0,1.0
368067,2304,158,7.842821,0.368527,0.089587,0.005869,0.0,0.0015451,0.289321,0.38828,0.493577,0.888475,0.849986,9099.3,120.5,250.0,621.1,100.0,1.0
368232,2305,165,8.245372,0.2,0.147168,0.0,3e-06,0.0017428,0.273199,0.480083,0.387323,0.839777,0.88586,9449.1,128.4,309.8,519.5,100.0,1.0
368393,2306,161,10.369433,0.789546,0.102033,0.0,0.0,0.00206899,0.372058,0.559601,0.541833,1.0,0.888104,9752.1,117.9,313.5,453.4,100.0,1.0
368553,2307,160,5.734556,0.571772,0.129353,0.000534,0.0,0.00162886,0.129326,0.236866,0.207727,0.663845,0.864803,8522.5,128.1,274.7,738.9,100.0,1.0
368713,2308,160,6.23181,0.342625,0.061714,0.0,0.0,0.00190442,0.118995,0.180663,0.04471,0.720218,0.874915,8308.3,120.7,291.5,495.1,100.0,1.0
368872,2309,159,9.669674,1.0,0.202705,0.028082,0.0,0.00214055,0.317028,0.486454,0.403853,0.950866,0.901268,9473.4,121.4,335.4,414.9,100.0,1.0
369030,2310,158,9.962606,0.2,0.096852,0.0016,0.064509,0.00210474,0.344711,0.430197,0.583638,1.0,0.884806,9259.0,110.0,308.0,697.4,100.0,1.0
369193,2311,163,7.296425,0.495784,0.167803,0.002237,0.0,0.00189497,0.187099,0.306845,0.213532,0.773266,0.881089,8789.1,123.9,301.8,515.0,100.0,1.0
369354,2312,161,6.350091,0.2,0.124476,0.0,0.370424,0.00165557,0.165048,0.215955,0.357692,0.7191,0.849402,8442.8,122.8,249.0,918.3,100.0,1.0
369516,2313,162,8.336431,0.870765,0.065484,0.015923,0.0,0.00189022,0.260299,0.526708,0.525074,0.738749,0.87754,9626.8,138.4,295.9,623.1,100.0,1.0
369676,2314,160,10.631933,1.0,0.057399,0.010109,0.0,0.00258426,0.309002,0.45128,0.610839,0.922906,0.936256,9339.4,121.4,393.8,371.4,100.0,1.0
369840,2315,164,10.245543,0.63401,0.152774,0.0,0.0,0.00279102,0.238576,0.445554,0.381385,0.806576,0.934326,9317.6,128.9,390.5,523.4,100.0,1.0
369999,2316,159,11.563647,0.706119,0.130992,0.0,0.0,0.00269923,0.356826,0.52031,0.507839,1.0,0.896141,9602.4,110.7,326.9,370.9,100.0,1.0
370161,2317,162,9.032565,0.544646,0.127615,0.0,2.2e-05,0.00202071,0.286616,0.419943,0.532383,0.877089,0.889772,9220.0,122.8,316.3,798.3,100.0,1.0
370318,2318,157,8.172422,0.2,0.08893,0.000611,0.216011,0.00239254,0.179855,0.2409,0.170085,0.817432,0.897405,8537.8,117.4,329.0,506.0,100.0,1.0
370480,2319,162,8.033574,0.913675,0.113164,0.010271,3e-06,0.00201466,0.219638,0.377766,0.327823,0.783589,0.884084,9059.3,127.0,306.8,606.8,100.0,1.0
370643,2320,163,4.048013,0.433265,0.097569,0.0,8e-06,0.00185438,-0.027158,0.129873,0.05291,0.388477,0.881234,8114.8,146.1,302.1,661.8,100.0,1.0
370803,2321,160,6.039936,0.671539,0.067246,0.010945,0.0,0.00189242,0.107615,0.280755,0.200852,0.6051,0.898796,8689.7,135.3,331.3,567.5,100.0,1.0
370963,2322,160,9.399942,0.962705,0.1059,0.0,0.0,0.00253993,0.232291,0.414282,0.408815,0.783208,0.901778,9198.4,129.0,336.3,442.8,100.0,1.0
371125,2323,162,4.218815,0.2,0.057755,0.0,0.003795,0.0014961,0.044275,0.216975,0.003227,0.521316,0.875273,8446.7,138.8,292.1,681.4,100.0,1.0
371283,2324,158,8.587694,0.803956,0.151096,0.0,0.0,0.0019475,0.275679,0.475331,0.678774,0.773664,0.881986,9431.0,132.9,303.3,454.3,100.0,1.0
371444,2325,161,8.509369,0.411158,0.095779,0.025574,1.9e-05,0.00198974,0.257676,0.355399,0.514606,0.853871,0.896731,8974.1,121.0,327.9,798.9,100.0,1.0
371603,2326,159,6.924165,0.2,0.130022,0.01875,0.032299,0.00164633,0.208536,0.351339,0.268792,0.778332,0.870043,8958.6,125.9,283.4,508.8,100.0,1.0
371756,2327,153,9.410997,1.0,0.085827,0.017927,0.0,0.00203914,0.327143,0.441204,0.517933,0.971122,0.893601,9301.0,118.0,322.7,577.0,100.0,1.0
371919,2328,163,9.426242,0.227788,0.15699,0.005404,0.0,0.00191832,0.327419,0.410986,0.52754,0.962967,0.853073,9185.9,117.0,255.1,690.7,100.0,1.0
372079,2329,160,2.583235,0.516021,0.036691,0.01133,0.0,0.00172673,-0.100857,-0.147172,-0.09399,0.411673,0.877339,7059.3,125.0,295.6,717.2,100.0,1.0
372236,2330,157,5.195175,0.055926,0.07313,0.002602,0.0,0.00189741,0.054822,0.13457,0.066026,0.594095,0.892244,8132.7,127.5,320.4,625.3,100.0,1.0
372395,2331,159,7.588854,0.349811,0.055202,0.0,0.0,0.00182917,0.224312,0.254945,0.439645,0.835887,0.870976,8591.3,117.0,285.0,544.6,100.0,1.0
372556,2332,161,8.389307,0.035687,0.113926,0.010826,2e-06,0.0018117,0.277736,0.456718,0.505215,0.829949,0.875779,9360.1,127.9,293.0,785.4,100.0,1.0
372717,2333,161,7.95625,0.2,0.088249,0.0,0.075086,0.00247922,0.140845,0.308263,0.3059,0.659746,0.922837,8794.5,132.5,371.4,572.4,100.0,1.0
372878,2334,161,7.883886,1.0,0.134382,0.000271,0.0,0.00244,0.142262,0.189138,0.1871,0.761706,0.91366,8340.6,118.4,356.1,522.6,100.0,1.0
373038,2335,160,8.267343,0.2,0.076497,0.002183,0.0,0.00205446,0.232386,0.364322,0.264531,0.835433,0.877282,9008.1,122.7,295.5,400.1,100.0,1.0
373198,2336,160,8.490327,0.622069,0.164488,0.0,5e-06,0.00220948,0.222681,0.361847,0.33728,0.809714,0.901577,8998.6,124.3,336.0,396.0,100.0,1.0
373358,2337,160,9.5098,0.287188,0.149422,0.014106,0.022553,0.00255179,0.237123,0.296973,0.278007,0.91841,0.929142,8751.5,114.0,381.9,390.8,100.0,1.0
373521,2338,163,8.36474,0.868879,0.196427,0.0,0.0,0.00164779,0.299101,0.498262,0.495861,0.848977,0.858566,9518.4,128.7,264.3,791.3,100.0,1.0
373679,2339,158,10.033569,0.544051,0.045287,0.003817,0.0,0.00224232,0.326612,0.434018,0.518457,0.983136,0.907971,9273.6,116.9,346.6,438.6,100.0,1.0
373841,2340,162,7.796891,0.714914,0.146998,0.006527,0.0,0.00219965,0.172756,0.348105,0.260125,0.718723,0.911089,8946.3,130.1,351.8,419.4,100.0,1.0
374002,2341,161,9.765834,0.2,0.103226,0.0,0.013604,0.00208797,0.326502,0.605626,0.490899,0.876327,0.8981,9927.4,132.3,330.2,473.3,100.0,1.0
374164,2342,162,6.83967,0.2,0.117252,0.0,0.074262,0.00191641,0.153627,0.206623,0.169161,0.753029,0.864628,8407.2,119.9,274.4,1106.5,100.0,1.0
374319,2343,155,9.6436,0.2,0.095853,0.0,0.194261,0.00235133,0.289836,0.417304,0.508519,0.910432,0.918058,9209.9,120.5,363.4,437.7,100.0,1.0
374482,2344,163,12.301044,0.2,0.095418,0.0,0.062813,0.00294532,0.354625,0.550346,0.477942,1.0,0.923024,9716.8,120.8,371.7,357.8,100.0,1.0
374647,2345,165,9.27317,0.525439,0.124553,0.006185,0.0,0.00198595,0.301631,0.572553,0.432807,0.848607,0.896924,9801.4,132.6,328.2,581.9,100.0,1.0
374800,2346,153,8.250335,0.2,0.153722,0.0,0.0,0.00188271,0.271799,0.34619,0.505531,0.885711,0.878344,8939.0,118.5,297.2,701.9,100.0,1.0
374959,2347,159,5.947141,0.2,0.110193,0.0,0.038389,0.00175144,0.125045,0.235646,0.29111,0.657707,0.90424,8517.8,128.5,340.4,709.9,100.0,1.0
375123,2348,164,10.986691,0.678995,0.136803,0.0,1.7e-05,0.00266338,0.308665,0.62218,0.479839,0.854299,0.946334,9990.5,134.7,410.6,422.7,100.0,1.0
375282,2349,159,9.423087,0.216003,0.121124,0.016445,0.103699,0.00189743,0.33768,0.519536,0.654948,0.906334,0.88093,9599.4,125.9,301.5,577.5,100.0,1.0
375436,2350,154,8.271995,0.590939,0.116829,0.041484,0.0,0.00200992,0.251689,0.390156,0.453607,0.827038,0.888102,9106.5,124.6,313.5,422.4,100.0,1.0
375599,2351,163,6.987861,0.475074,0.094882,0.023904,0.0,0.00202241,0.144407,0.347875,0.386037,0.599126,0.883263,8945.4,139.8,305.4,759.4,100.0,1.0
375763,2352,164,6.802621,0.28768,0.109317,0.029946,0.0,0.0019555,0.140743,0.395546,0.164418,0.606723,0.869099,9127.0,142.0,281.8,359.1,100.0,1.0
375914,2353,151,6.089296,0.421692,0.104711,0.002444,8.1e-05,0.00176166,0.147002,0.185841,0.3151,0.729531,0.891123,8328.1,120.4,318.5,615.7,100.0,1.0
376071,2354,157,8.833665,0.756111,0.096136,0.0,0.0,0.00212961,0.264744,0.409748,0.473614,0.841931,0.887308,9181.1,124.6,312.2,625.1,100.0,1.0
376230,2355,159,10.776779,0.455451,0.109222,0.0,9e-06,0.00243958,0.342962,0.57374,0.50936,0.943411,0.915094,9805.9,126.1,358.5,456.0,100.0,1.0
376380,2356,150,9.259155,0.378379,0.030804,0.004881,0.0,0.00206948,0.317492,0.364249,0.486112,0.999149,0.887365,9007.8,112.6,312.3,424.5,100.0,1.0
376541,2357,161,6.84193,0.2,0.096939,0.007059,0.081884,0.0019957,0.142646,0.193314,0.260661,0.719224,0.877754,8356.5,121.5,296.3,707.8,100.0,1.0
376697,2358,156,7.219674,0.2,0.106368,0.0,0.0,0.00229999,0.130729,0.21552,0.181789,0.713879,0.907525,8441.1,123.1,345.9,507.0,100.0,1.0
376855,2359,158,5.651278,-0.053822,0.120313,0.0,9e-06,0.00145036,0.153995,0.321113,0.311396,0.645783,0.862947,8843.4,134.3,271.6,660.0,100.0,1.0
377019,2360,164,6.60819,0.873688,0.168295,0.0,0.0,0.00145407,0.209502,0.391509,0.344392,0.706901,0.8223,9111.6,133.5,203.8,988.2,100.0,1.0
377178,2361,159,7.460609,0.2,0.08782,0.0,0.065359,0.00156279,0.257208,0.596656,0.492886,0.69572,0.878131,9893.3,145.9,296.9,841.7,100.0,1.0
377336,2362,158,8.699443,0.2,0.147635,0.00124,0.000178,0.00220317,0.24151,0.39131,0.373017,0.834031,0.908925,9110.9,124.2,348.2,522.7,100.0,1.0
377496,2363,160,9.587636,0.2,0.116457,0.0,0.062485,0.00200229,0.329424,0.535744,0.533361,0.905019,0.879423,9661.2,126.8,299.0,691.9,100.0,1.0
377652,2364,156,4.53629,0.7962,0.028074,0.013476,6.6e-05,0.00221099,-0.037481,-0.012407,-0.088095,0.506502,0.912681,7572.7,125.7,354.5,375.1,100.0,1.0
377804,2365,152,7.043253,0.977965,0.104517,0.0,0.0,0.00186826,0.193312,0.203728,0.432604,0.787173,0.863,8396.2,117.5,271.7,644.7,100.0,1.0
377964,2366,160,4.181199,0.2,0.049264,0.0,0.009231,0.00142099,0.055955,0.004947,-0.000931,0.66704,0.84802,7638.8,114.6,246.7,817.5,100.0,1.0
378125,2367,161,7.962803,1.0,0.099784,0.005247,0.0,0.00245871,0.143635,0.150861,0.221582,0.781283,0.915008,8194.8,115.0,358.3,522.5,100.0,1.0
378288,2368,163,6.664858,0.2,-0.005732,0.0,0.086588,0.00260046,0.027675,0.110449,-0.179333,0.632466,0.939961,8040.8,123.1,399.9,603.3,100.0,1.0
378446,2369,158,9.952042,0.464439,0.123117,0.0,1.8e-05,0.00196816,0.363299,0.529697,0.471701,1.0,0.865183,9638.1,114.9,275.3,484.6,100.0,1.0
378612,2370,166,5.853084,0.408836,0.122154,0.011597,0.03634,0.00170772,0.113039,0.349407,0.31058,0.546066,0.895187,8951.2,144.7,325.3,655.7,100.0,1.0
378766,2371,154,7.072284,0.337955,0.138999,0.010179,0.0,0.00212113,0.152405,0.164012,0.226307,0.777809,0.889409,8244.9,115.9,315.7,445.9,100.0,1.0
378920,2372,154,5.963109,0.312566,0.073199,0.0,0.0,0.00184805,0.119291,0.183993,0.214776,0.690801,0.898021,8321.0,123.0,330.0,513.1,100.0,1.0
379085,2373,165,9.908599,0.894083,0.101575,0.0,0.0,0.00221895,0.304936,0.645444,0.539864,0.797392,0.917471,10079.1,140.2,362.5,474.6,100.0,1.0
379247,2374,162,7.100713,0.927563,0.089283,0.027931,1e-06,0.00172365,0.20163,0.267519,0.345051,0.806188,0.888918,8639.2,119.6,314.9,728.3,100.0,1.0
379408,2375,161,9.061942,0.2,0.125846,0.018836,1.4e-05,0.00234112,0.236722,0.518209,0.333497,0.771315,0.938823,9594.4,135.4,398.0,624.9,100.0,1.0
379472,2376,64,-7.885587,0.407648,0.665706,0.017883,0.0,0.0022795,-0.770067,-1.0,-1.0,-1.0,0.080266,0.0,6.9,52.8,279.7,100.0,1.0
379634,2377,162,8.092612,0.347613,0.106152,0.0,0.011135,0.00211363,0.205642,0.457303,0.227307,0.732019,0.89689,9362.3,135.1,328.2,460.0,100.0,1.0
379804,2378,170,8.690155,1.0,0.069026,0.014151,0.0,0.0022263,0.209999,0.362819,0.203001,0.820548,0.9169,9002.3,123.6,361.5,469.2,100.0,1.0
379963,2379,159,8.426873,1.0,0.113824,0.0,0.0,0.00214713,0.229197,0.410237,0.330699,0.799507,0.90494,9183.0,127.6,341.6,343.7,100.0,1.0
380125,2380,162,9.688527,0.467116,0.046203,0.0,0.0,0.00194798,0.340386,0.474516,0.507187,0.971834,0.870783,9427.9,119.5,284.6,587.8,100.0,1.0
380284,2381,159,9.549868,0.218914,0.095079,0.0,0.005759,0.00184583,0.353032,0.506023,0.519513,0.981091,0.871446,9547.9,120.5,285.7,715.2,100.0,1.0
380441,2382,157,9.068102,0.489137,0.060361,0.0,1.9e-05,0.00163309,0.357453,0.498829,0.612078,0.976545,0.876321,9520.5,120.4,293.9,794.5,100.0,1.0
380597,2383,156,9.273245,0.771074,0.079068,0.0,7e-06,0.00216829,0.289432,0.435712,0.554958,0.858749,0.873965,9280.1,124.8,289.9,572.3,100.0,1.0
380753,2384,156,8.745059,1.0,0.112857,0.0,0.0,0.00215077,0.25638,0.401616,0.335766,0.866375,0.896603,9150.2,122.6,327.7,543.8,100.0,1.0
380911,2385,158,7.660321,0.614467,0.170897,0.0,5e-06,0.00178907,0.235765,0.335955,0.499254,0.79489,0.864421,8900.0,124.0,274.0,671.8,100.0,1.0
381069,2386,158,6.974306,0.2,0.109569,0.0,0.186294,0.0022192,0.121346,0.28995,0.112708,0.658955,0.903977,8724.7,131.5,340.0,650.1,100.0,1.0
381226,2387,157,5.539198,0.518771,0.111648,0.0,5.4e-05,0.00193693,0.070746,0.155932,0.02856,0.638324,0.905688,8214.1,125.3,342.8,393.6,100.0,1.0
381390,2388,164,5.265671,1.0,0.053975,0.006297,0.0,0.00180031,0.061041,0.217151,0.171536,0.532915,0.894265,8447.3,137.8,323.8,649.8,100.0,1.0
381545,2389,155,6.858314,0.2,0.085266,0.0,0.082704,0.001522,0.228074,0.374292,0.394347,0.779441,0.86684,9046.1,127.1,278.1,883.0,100.0,1.0
381708,2390,163,7.826548,0.2,0.093509,0.0,0.251141,0.00147341,0.289252,0.505492,0.441315,0.84454,0.876273,9545.9,129.4,293.8,784.6,100.0,1.0
381873,2391,165,7.117215,0.39709,0.08862,0.001044,4.3e-05,0.00236323,0.091478,0.254259,0.153436,0.604996,0.917715,8588.7,133.8,362.9,470.1,100.0,1.0
382029,2392,156,7.093568,0.736469,0.101338,0.0,0.0,0.00219035,0.138101,0.326074,0.312633,0.634082,0.913253,8862.3,135.6,355.4,508.4,100.0,1.0
382184,2393,155,5.4772,0.680867,0.031994,0.010126,0.0,0.00204609,0.05329,0.154373,0.105083,0.575975,0.904805,8208.2,130.2,341.3,385.9,100.0,1.0
382340,2394,156,7.170518,0.31492,0.103774,0.000896,1e-05,0.00249682,0.095411,0.135063,0.119075,0.710206,0.937379,8134.6,118.9,395.6,454.0,100.0,1.0
382495,2395,155,10.112177,0.2,0.094901,0.003219,0.118075,0.0019834,0.376396,0.571113,0.574756,1.0,0.89543,9795.9,121.8,325.7,715.9,100.0,1.0
382659,2396,164,7.514191,0.642646,0.046475,0.002666,0.000137,0.00241283,0.112415,0.293816,0.180276,0.632077,0.92759,8739.4,133.9,379.3,483.3,100.0,1.0
382815,2397,156,9.443387,0.2,0.093288,0.0,0.051592,0.00190875,0.340782,0.608203,0.579101,0.893896,0.90695,9937.3,131.2,344.9,623.0,100.0,1.0
382977,2398,162,9.481906,0.2,0.131618,0.0,9e-06,0.00221617,0.282122,0.548969,0.477761,0.802592,0.895731,9711.6,134.7,326.2,663.7,100.0,1.0
383140,2399,163,1.282499,0.292394,-0.160102,0.0,0.0,0.00182831,-0.211279,-0.211658,-0.362136,0.247698,0.884919,6813.6,136.5,308.2,583.2,100.0,1.0
383300,2400,160,9.832127,0.444094,0.066,0.004881,0.0,0.00224528,0.305502,0.499899,0.499008,0.895188,0.909796,9524.6,125.6,349.7,518.8,100.0,1.0
383460,2401,160,10.456737,0.628681,0.161096,0.0,0.0,0.00267639,0.278791,0.571374,0.461695,0.797095,0.91624,9796.9,136.3,360.4,487.0,100.0,1.0
383622,2402,162,11.052329,0.549788,0.106979,0.0,6e-06,0.0021356,0.401348,0.822761,0.591992,0.916587,0.920705,10754.7,140.3,367.8,456.7,100.0,1.0
383776,2403,154,11.008208,0.2,0.14919,0.0,0.189144,0.00262191,0.340585,0.567463,0.388893,0.986132,0.938492,9782.0,123.1,397.5,390.0,100.0,1.0
383928,2404,152,7.242227,0.764414,0.139229,0.0,0.0,0.00203413,0.180515,0.372401,0.348975,0.693136,0.898949,9038.8,133.5,331.6,511.1,100.0,1.0
384091,2405,163,8.012311,0.888986,0.115429,0.001552,0.0,0.00201387,0.213458,0.427084,0.509487,0.692638,0.88527,9247.2,136.6,308.8,744.4,100.0,1.0
384250,2406,159,8.222268,0.708149,0.117964,0.0,0.0,0.00226452,0.195829,0.455907,0.27659,0.709142,0.917857,9357.0,136.9,363.1,588.6,100.0,1.0
384410,2407,160,9.809198,0.407636,0.1639,0.0,0.0,0.00191062,0.357448,0.701265,0.465345,0.910383,0.914224,10291.8,134.7,357.0,497.5,100.0,1.0
384572,2408,162,10.568439,0.547402,0.132043,0.0,0.0,0.00198057,0.393586,0.652305,0.543024,1.0,0.895169,10105.3,125.8,325.3,482.5,100.0,1.0
384729,2409,157,4.802578,0.818235,0.063108,0.037579,0.0,0.00211892,-0.008024,0.089761,0.014682,0.476355,0.889899,7962.0,134.8,316.5,426.0,100.0,1.0
384891,2410,162,7.827152,0.228572,0.115413,0.016088,0.0,0.00195302,0.212645,0.455527,0.183987,0.772572,0.914656,9355.6,131.9,357.8,570.3,100.0,1.0
385049,2411,158,8.345954,0.2,0.074592,0.001416,0.023991,0.00188085,0.266876,0.354965,0.43398,0.899994,0.901042,8972.4,118.1,335.1,477.5,100.0,1.0
385213,2412,164,7.7944,0.857801,0.135986,0.0,0.0,0.00181011,0.22987,0.582985,0.257154,0.695236,0.878744,9841.2,145.1,297.9,955.3,100.0,1.0
385375,2413,162,10.991309,0.2,0.149285,0.013819,0.163411,0.0024307,0.348988,0.666169,0.358304,0.933902,0.907782,10158.1,131.3,346.3,470.7,100.0,1.0
385536,2414,161,10.801228,0.2,0.110022,0.0,2e-06,0.00214163,0.385129,0.77715,0.581407,0.906389,0.919421,10580.9,138.8,365.7,420.7,100.0,1.0
385697,2415,161,10.960004,0.2,0.109299,0.0,0.016142,0.00222067,0.383138,0.618415,0.519137,1.0,0.893519,9976.2,119.3,322.5,442.9,100.0,1.0
385864,2416,167,9.224473,0.2,0.115067,0.011701,0.150578,0.00208215,0.275644,0.572646,0.428133,0.798818,0.919434,9801.8,136.2,365.7,605.1,100.0,1.0
386029,2417,165,9.74262,0.412558,0.135344,0.0,0.0,0.00237069,0.267204,0.464754,0.348026,0.874447,0.934265,9390.7,125.2,390.4,465.1,100.0,1.0
386195,2418,166,7.103585,-0.192304,0.008707,0.014626,0.0,0.0024748,0.069221,0.250978,0.091327,0.570998,0.924222,8576.2,136.5,373.7,370.5,100.0,1.0
386356,2419,161,6.187915,0.891681,-0.042394,0.020415,8.8e-05,0.00260038,-0.000499,0.182832,-0.143913,0.496092,0.92101,8316.6,139.0,368.4,313.2,100.0,1.0
386512,2420,156,8.961763,0.2,0.156315,0.0,0.015378,0.00161362,0.353875,0.60374,0.47673,0.944854,0.890697,9920.3,127.5,317.8,765.4,100.0,1.0
386675,2421,163,11.075908,0.480794,0.151963,0.0,2.6e-05,0.0028343,0.286523,0.597337,0.229847,0.866012,0.928802,9895.9,132.6,381.3,455.3,100.0,1.0
386833,2422,158,9.367009,0.048302,0.116294,0.0,8e-06,0.00187696,0.336521,0.440967,0.514801,1.0,0.900804,9300.1,115.3,334.7,570.5,100.0,1.0
386992,2423,159,5.543453,0.204111,0.117985,0.0,0.061001,0.00153762,0.13015,0.43661,0.233395,0.55663,0.899976,9283.5,149.1,333.3,702.5,100.0,1.0
387152,2424,160,9.578627,1.0,0.054874,0.026445,0.0,0.00310875,0.149947,0.419652,0.13055,0.67514,0.952308,9218.9,137.6,420.5,292.7,100.0,1.0
387307,2425,155,6.672983,0.288144,0.149463,0.028499,0.0,0.00192382,0.152825,0.312305,0.241321,0.68726,0.897151,8809.9,130.5,328.6,574.3,100.0,1.0
387468,2426,161,6.53229,0.720901,0.138601,0.016176,4e-06,0.00167851,0.171214,0.430878,0.321872,0.640892,0.900197,9261.6,141.1,333.7,829.7,100.0,1.0
387627,2427,159,8.403852,0.2,0.141219,0.001016,0.032411,0.00182409,0.277835,0.439954,0.52938,0.843992,0.890754,9296.2,126.0,317.9,780.9,100.0,1.0
387784,2428,157,7.460647,1.0,0.123855,0.014982,2.7e-05,0.00215375,0.165947,0.286104,0.193768,0.7471,0.895182,8710.1,124.6,325.3,421.2,100.0,1.0
387951,2429,167,6.88889,0.736769,0.166296,0.0,0.0,0.00207912,0.118207,0.25652,0.224858,0.643647,0.903469,8597.3,130.8,339.1,626.4,100.0,1.0
388107,2430,156,8.489824,0.552403,0.145753,0.0,1e-06,0.00172722,0.304069,0.555446,0.47868,0.851817,0.893549,9736.2,131.4,322.6,801.9,100.0,1.0
388265,2431,158,5.94879,1.0,0.088252,0.0,0.0,0.00188399,0.104147,0.337743,0.149762,0.58311,0.914035,8906.8,140.7,356.7,410.8,100.0,1.0
388425,2432,160,9.464031,0.869511,0.113345,0.0,0.0,0.00251456,0.236885,0.376883,0.240835,0.862314,0.90538,9055.9,121.6,342.3,396.5,100.0,1.0
388582,2433,157,8.219385,0.668902,0.117022,0.0,0.0,0.00201306,0.239097,0.398267,0.495116,0.794285,0.910783,9137.4,127.3,351.3,707.5,100.0,1.0
388742,2434,160,6.647678,0.486668,0.132748,0.001774,1.3e-05,0.00169184,0.178263,0.361834,0.227639,0.720749,0.893037,8998.6,130.7,321.7,675.3,100.0,1.0
388900,2435,158,10.16791,0.456723,0.122676,0.01618,0.0,0.00245225,0.299208,0.486467,0.438019,0.910853,0.922206,9473.4,123.9,370.3,456.1,100.0,1.0
389054,2436,154,7.402033,0.2,0.125418,0.0,0.026881,0.00186897,0.212037,0.399744,0.372729,0.734599,0.876048,9143.0,131.8,293.4,788.3,100.0,1.0
389216,2437,162,9.563294,-0.218626,0.080508,0.0,3.7e-05,0.00155605,0.393663,0.628899,0.543126,0.989357,0.854469,10016.1,125.9,257.4,787.8,100.0,1.0
389372,2438,156,6.626018,0.2,0.131055,0.0,0.008104,0.00198357,0.137943,0.360465,0.187895,0.626431,0.88614,8993.4,138.2,310.2,519.0,100.0,1.0
389538,2439,166,7.999021,0.343013,0.14214,0.0,0.0,0.00149542,0.291778,0.630554,0.438111,0.75943,0.853775,10022.4,142.4,256.3,1029.8,100.0,1.0
389696,2440,158,9.45388,0.2,0.084769,0.0,0.007417,0.00198859,0.323996,0.685891,0.532417,0.821954,0.918,10233.2,140.4,363.3,716.9,100.0,1.0
389861,2441,165,10.735951,0.796784,0.089568,0.0,0.0,0.00217655,0.365584,0.745244,0.545645,0.875161,0.901425,10459.4,139.4,335.7,706.0,100.0,1.0
390026,2442,165,6.219804,0.536952,0.083268,0.013005,2e-06,0.00201384,0.087556,0.378219,0.03898,0.530211,0.891925,9061.0,148.0,319.9,530.2,100.0,1.0
390189,2443,163,4.666174,1.0,0.075961,0.0,0.0,0.00173828,0.031603,0.101251,0.133121,0.523338,0.865429,8005.8,131.4,275.7,709.3,100.0,1.0
390352,2444,163,9.998491,0.423718,0.117368,0.006492,0.0,0.00190105,0.364883,0.728378,0.51624,0.904585,0.922678,10395.1,136.4,371.1,401.8,100.0,1.0
390515,2445,163,10.811642,1.0,0.120536,0.023779,6e-06,0.00236085,0.344804,0.823154,0.392955,0.831346,0.931275,10756.2,146.8,385.5,392.9,100.0,1.0
390670,2446,155,9.998334,0.233612,0.157772,0.02974,0.015931,0.0030431,0.20313,0.446526,0.383348,0.741715,0.97409,9321.3,133.8,456.8,263.8,100.0,1.0
390832,2447,162,8.348347,0.2,0.107816,0.00479,0.061167,0.00222925,0.202371,0.461485,0.280099,0.704475,0.8912,9378.3,137.6,318.7,422.0,100.0,1.0
390994,2448,162,8.9499,0.2,0.114404,0.0,0.022123,0.00197074,0.28484,0.591631,0.500647,0.786488,0.910913,9874.1,138.2,351.5,822.0,100.0,1.0
391154,2449,160,6.319848,0.2,0.08504,0.0,0.021994,0.00152092,0.1832,0.373672,0.227638,0.698051,0.848811,9043.7,133.1,248.0,751.0,100.0,1.0
391315,2450,161,9.804521,0.2,0.165801,0.001528,0.031006,0.00212556,0.319485,0.553063,0.479092,0.897658,0.903012,9727.2,128.1,338.4,574.7,100.0,1.0
391471,2451,156,9.642101,0.2,0.053159,0.0,0.02418,0.00173838,0.379525,0.591132,0.529637,1.0,0.884886,9872.2,119.8,308.1,690.3,100.0,1.0
391632,2452,161,4.295533,0.460823,0.12043,0.0,3.9e-05,0.00162458,0.028317,0.240736,0.129794,0.434273,0.874224,8537.2,148.8,290.4,946.9,100.0,1.0
391791,2453,159,9.441314,0.568588,0.124538,0.0,6.8e-05,0.00172296,0.363083,0.635331,0.513878,0.928814,0.874652,10040.6,130.1,291.1,613.1,100.0,1.0
391950,2454,159,7.608109,0.649233,0.087774,0.009205,0.0,0.00182732,0.22275,0.497536,0.333134,0.714085,0.882324,9515.6,138.8,303.9,504.9,100.0,1.0
392109,2455,159,5.862878,0.130718,0.006908,0.016052,0.0,0.00197582,0.08136,0.262748,0.069496,0.589331,0.908035,8621.1,135.6,346.7,383.1,100.0,1.0
392269,2456,160,9.197309,0.640471,0.144759,0.0,0.0,0.00195208,0.308058,0.623701,0.437619,0.83163,0.897123,9996.3,136.4,328.5,474.2,100.0,1.0
392430,2457,161,9.108885,0.5944,0.139023,0.0,0.0,0.00205317,0.28383,0.541664,0.378172,0.851287,0.919674,9683.7,130.8,366.1,481.8,100.0,1.0
392587,2458,157,7.925944,0.371074,0.127487,0.0,0.000125,0.00173146,0.262721,0.479832,0.474542,0.790172,0.883039,9448.2,131.9,305.1,617.7,100.0,1.0
392750,2459,163,5.868142,0.631082,0.10843,0.009826,0.0,0.00196247,0.075856,0.393444,0.143445,0.481913,0.918456,9119.0,153.8,364.1,613.6,100.0,1.0
392910,2460,160,9.413961,0.367185,0.136211,0.0,1.9e-05,0.0020461,0.307434,0.5908,0.346806,0.881473,0.910144,9870.9,131.2,350.2,540.3,100.0,1.0
393071,2461,161,6.995705,0.233329,0.097174,0.0,0.0,0.00173482,0.192404,0.459119,0.204551,0.683576,0.865045,9369.2,139.1,275.1,895.7,100.0,1.0
393239,2462,168,7.449323,1.0,0.108328,0.020924,0.0,0.0027302,0.043606,0.401003,0.170437,0.405126,0.942954,9147.8,162.8,404.9,566.9,100.0,1.0
393395,2463,156,7.006813,0.2,0.125455,0.0,0.08879,0.00199522,0.161207,0.427354,0.261465,0.629558,0.894407,9248.2,141.9,324.0,711.5,100.0,1.0
393557,2464,162,6.980905,-0.157057,0.09002,0.001553,1.8e-05,0.0021371,0.124469,0.334585,0.071075,0.659372,0.920133,8894.8,134.0,366.9,751.8,100.0,1.0
393719,2465,162,7.963699,0.549058,0.122197,0.0171,4e-06,0.00205618,0.203804,0.308206,0.195733,0.840026,0.915324,8794.3,119.5,358.9,494.3,100.0,1.0
393877,2466,158,7.761418,0.227785,0.144565,0.0,0.038889,0.00159681,0.270926,0.455179,0.464161,0.822549,0.873217,9354.2,128.3,288.7,801.9,100.0,1.0
394035,2467,158,6.567252,0.2,0.060267,0.008074,0.160026,0.00220395,0.094468,0.327099,0.160943,0.577427,0.937489,8866.2,140.5,395.8,504.5,100.0,1.0
394192,2468,157,3.568946,0.911417,-0.03772,0.017554,0.0,0.00211463,-0.091418,-0.074344,-0.191648,0.432886,0.907289,7336.8,128.0,345.5,553.0,100.0,1.0
394354,2469,162,7.385914,0.60927,0.147711,0.0,0.0,0.00156909,0.243608,0.493957,0.462002,0.731133,0.874136,9502.0,137.2,290.2,861.3,100.0,1.0
394517,2470,163,10.43036,0.397294,0.12319,0.0118,0.000141,0.00286576,0.235897,0.61388,0.44364,0.692518,0.955777,9958.9,147.1,426.3,398.9,100.0,1.0
394679,2471,162,9.262592,0.35198,0.083299,0.0,0.002094,0.00177412,0.336953,0.61038,0.508146,0.877665,0.870092,9945.5,132.4,283.5,821.9,100.0,1.0
394838,2472,159,10.373053,0.843068,0.110442,0.0,0.0,0.00226373,0.339246,0.563976,0.436276,0.958543,0.915169,9768.7,124.7,358.6,387.2,100.0,1.0
395001,2473,163,8.846799,0.634175,0.142665,0.0,1.2e-05,0.00194046,0.279984,0.709785,0.48882,0.698025,0.902215,10324.3,152.0,337.0,583.5,100.0,1.0
395165,2474,164,10.802216,0.445544,0.111304,0.002329,1.9e-05,0.00234523,0.343436,0.657907,0.501114,0.881895,0.89564,10126.6,134.5,326.1,462.0,100.0,1.0
395322,2475,157,8.615508,0.670073,0.136324,0.0,5e-06,0.00189501,0.28314,0.508983,0.357402,0.847525,0.875424,9559.2,129.4,292.4,588.2,100.0,1.0
395485,2476,163,8.123762,0.692072,0.117097,0.0,0.0,0.00205182,0.213037,0.485033,0.423786,0.693518,0.912031,9468.0,139.8,353.4,667.8,100.0,1.0
395648,2477,163,10.057432,0.486227,0.127632,0.0,7.4e-05,0.00220041,0.319098,0.615818,0.534003,0.842808,0.90152,9966.3,135.2,335.9,466.9,100.0,1.0
395807,2478,159,8.138061,0.2,0.097364,0.0,0.050203,0.00172925,0.273435,0.4319,0.440461,0.852696,0.878658,9265.5,125.0,297.8,865.9,100.0,1.0
395967,2479,160,6.140934,0.730803,0.043963,0.002452,5e-05,0.00229001,0.047384,0.276705,-0.088982,0.536297,0.909652,8674.2,141.2,349.4,324.0,100.0,1.0
396122,2480,155,5.531286,1.0,0.088054,0.008713,5e-06,0.00196317,0.068389,0.271116,0.153698,0.527628,0.903245,8653.0,141.6,338.7,498.9,100.0,1.0
396286,2481,164,8.743969,0.2,0.136035,0.0,0.0,0.00211388,0.242417,0.50613,0.396453,0.749424,0.89412,9548.4,136.4,323.5,895.4,100.0,1.0
396445,2482,159,5.951064,0.407499,0.079368,0.0,0.0,0.00205858,0.073599,0.271849,0.08779,0.560082,0.908698,8655.7,138.7,347.8,566.4,100.0,1.0
396604,2483,159,10.328614,0.968005,0.114779,0.003545,1e-05,0.00223238,0.340811,0.580682,0.497607,0.927869,0.901071,9832.4,127.5,335.1,510.0,100.0,1.0
396769,2484,165,12.978904,0.2,0.150219,0.003643,0.160489,0.00314624,0.355318,0.824204,0.517449,0.851251,0.971915,10760.2,145.3,453.2,317.5,100.0,1.0
396931,2485,162,11.10632,0.2,0.069623,0.0,0.069218,0.00283283,0.289557,0.690753,0.453109,0.760331,0.930297,10251.8,145.6,383.8,502.9,100.0,1.0
397091,2486,160,7.729842,0.507725,0.103422,0.005186,7.9e-05,0.00216334,0.174822,0.467701,0.145818,0.68045,0.915459,9401.9,139.9,359.1,561.3,100.0,1.0
397253,2487,162,6.601029,0.78244,0.054625,0.02873,0.0,0.0021323,0.099428,0.388235,0.028431,0.578706,0.927824,9099.2,144.1,379.7,435.3,100.0,1.0
397408,2488,155,9.520393,0.870771,0.154969,0.000159,1e-06,0.00191958,0.344014,0.619271,0.550628,0.892442,0.891372,9979.4,131.8,319.0,586.6,100.0,1.0
397572,2489,164,7.732602,0.604497,0.131924,0.0,0.0,0.00206267,0.182769,0.429734,0.182661,0.710986,0.909299,9257.3,135.3,348.8,488.0,100.0,1.0
397733,2490,161,9.094672,0.792292,0.093724,0.0,1e-06,0.00185342,0.314379,0.576503,0.550888,0.846223,0.8933,9816.5,132.9,322.2,532.0,100.0,1.0
397895,2491,162,3.446412,0.52466,-0.106107,0.0,0.0,0.00220431,-0.124893,-0.012581,-0.251493,0.326855,0.90936,7572.1,142.7,348.9,397.1,100.0,1.0
398055,2492,160,8.090174,0.481534,0.078463,0.010012,0.0,0.00205005,0.217017,0.39311,0.246881,0.787801,0.884275,9117.7,127.5,307.1,425.9,100.0,1.0
398210,2493,155,9.218685,0.634781,0.115915,0.0,1e-05,0.00175594,0.348826,0.693404,0.527707,0.865459,0.893917,10261.9,137.5,323.2,544.8,100.0,1.0
398366,2494,156,9.414979,0.557787,0.109867,0.0,0.0,0.00260746,0.227439,0.399048,0.273431,0.831843,0.929613,9140.4,124.7,382.7,305.4,100.0,1.0
398526,2495,160,5.934938,0.66449,0.108434,0.0,0.0,0.00172915,0.123107,0.311455,0.151619,0.635586,0.896611,8806.6,134.6,327.7,738.0,100.0,1.0
398685,2496,159,5.250833,0.2,0.076803,0.0,0.057059,0.0016552,0.090477,0.265433,0.142096,0.571059,0.874056,8631.3,137.3,290.1,688.2,100.0,1.0
398850,2497,165,7.734082,0.510099,0.120363,0.0,0.0,0.00227436,0.145581,0.502416,0.232776,0.579856,0.940971,9534.2,150.9,401.6,336.6,100.0,1.0
399011,2498,161,6.832795,0.710931,0.103802,0.017096,0.0,0.00201894,0.135071,0.341787,0.286996,0.61861,0.906078,8922.2,137.8,343.5,576.8,100.0,1.0
399172,2499,161,11.442138,0.528811,0.105717,0.0,0.0,0.00233356,0.394769,0.678298,0.568432,1.0,0.926594,10204.3,123.0,377.7,456.4,100.0,1.0
399335,2500,163,6.806956,1.0,0.126117,0.011292,1.5e-05,0.00153337,0.208391,0.519957,0.400401,0.649662,0.886013,9601.0,145.5,310.0,803.1,100.0,1.0
399496,2501,161,10.012065,0.247414,0.11164,0.012623,0.0,0.00197766,0.355662,0.70044,0.504805,0.897831,0.916244,10288.7,135.5,360.4,582.8,100.0,1.0
399658,2502,162,6.780988,0.536935,0.060798,0.015977,4.1e-05,0.00194296,0.141747,0.321209,0.186286,0.674002,0.90714,8843.8,132.1,345.2,550.3,100.0,1.0
399815,2503,157,8.268245,0.2,0.140397,0.0,0.019137,0.00187963,0.261482,0.547949,0.362409,0.778133,0.891999,9707.7,136.5,320.0,784.0,100.0,1.0
399973,2504,158,10.053998,0.500085,0.122413,0.0,0.020065,0.0022924,0.31456,0.48743,0.455583,0.948942,0.92973,9477.1,121.6,382.9,511.2,100.0,1.0
400135,2505,162,4.399615,0.770663,0.010609,0.001236,1.6e-05,0.0018664,-0.006213,0.079958,-0.16213,0.53635,0.898117,7924.6,129.0,330.2,529.3,100.0,1.0
400295,2506,160,6.727798,1.0,0.087792,0.029092,0.0,0.00197439,0.136893,0.265295,0.242665,0.687082,0.914122,8630.8,127.9,356.9,474.2,100.0,1.0
400458,2507,163,9.358697,0.2,0.090761,0.012256,0.0,0.00183721,0.330323,0.600586,0.538146,0.883101,0.907515,9908.2,131.5,345.9,506.0,100.0,1.0
400616,2508,158,5.949884,0.2,0.02262,0.005801,0.0,0.00192029,0.096964,0.244785,-0.005042,0.650349,0.895469,8552.6,129.6,325.8,554.2,100.0,1.0
400771,2509,155,8.247628,0.294048,0.140228,0.012214,0.0,0.00165584,0.298271,0.447816,0.431077,0.9184,0.896605,9326.2,121.5,327.7,585.4,100.0,1.0
400934,2510,163,6.287339,0.609827,0.061427,0.004654,4e-06,0.00258886,0.001036,0.056806,-0.138929,0.595181,0.949381,7836.4,122.8,415.6,459.8,100.0,1.0
401097,2511,163,10.877917,0.714048,0.13758,0.00634,0.0,0.0022513,0.365007,0.786138,0.481062,0.880053,0.926622,10615.2,141.2,377.7,487.0,100.0,1.0
401258,2512,161,9.4053,0.346323,0.121049,0.0,0.004815,0.00213827,0.288598,0.546649,0.441908,0.841025,0.914663,9702.7,131.8,357.8,688.2,100.0,1.0
401419,2513,161,7.496367,0.601526,0.053085,0.004768,0.0,0.0023568,0.124956,0.436641,0.060061,0.605754,0.93005,9283.6,144.5,383.4,409.8,100.0,1.0
401582,2514,163,11.200349,0.471637,0.148296,0.01921,0.008809,0.00252311,0.342413,0.580402,0.389388,0.983652,0.940348,9831.3,123.9,400.6,429.8,100.0,1.0
401744,2515,162,10.193258,0.587725,0.14538,0.000258,0.0,0.002436,0.291348,0.390353,0.439025,0.961227,0.938532,9107.2,116.1,397.6,568.6,100.0,1.0
401899,2516,155,10.80133,1.0,0.17035,0.002928,1e-05,0.00219208,0.387141,0.64761,0.521651,1.0,0.907707,10087.4,117.8,346.2,322.2,100.0,1.0
402055,2517,156,12.369966,0.405121,0.108337,0.0,8e-06,0.0028559,0.387018,0.647433,0.572905,1.0,0.928525,10086.7,124.6,380.9,328.7,100.0,1.0
402216,2518,161,7.666757,0.2,0.109225,0.001823,1.5e-05,0.00165171,0.250086,0.399881,0.464209,0.806595,0.875772,9143.5,126.5,293.0,1003.1,100.0,1.0
402376,2519,160,9.033448,0.429184,0.094202,0.0,0.0,0.00195344,0.295382,0.547943,0.462227,0.839744,0.894897,9707.7,131.9,324.8,496.2,100.0,1.0
402532,2520,156,7.964913,0.589739,0.138661,0.021534,0.0,0.00189886,0.239746,0.383208,0.335826,0.820603,0.871519,9080.0,124.7,285.9,668.3,100.0,1.0
402695,2521,163,5.746117,0.604904,0.113836,0.0,1e-05,0.00141916,0.1553,0.378201,0.176786,0.646271,0.861747,9060.9,137.6,269.6,759.7,100.0,1.0
402855,2522,160,6.724839,0.579585,0.136163,0.016438,3.7e-05,0.00201102,0.130664,0.436851,0.16989,0.574816,0.901857,9284.4,147.4,336.4,649.6,100.0,1.0
403016,2523,161,6.949638,0.724568,0.122157,0.036187,6.4e-05,0.00179548,0.178427,0.432854,0.271416,0.656314,0.877815,9269.2,139.9,296.4,687.7,100.0,1.0
403179,2524,163,6.713884,0.537047,0.114865,0.0,0.0,0.00181232,0.156179,0.42542,0.187413,0.64072,0.900822,9240.8,140.8,334.7,772.5,100.0,1.0
403339,2525,160,7.930576,0.819041,0.145159,0.034441,2.7e-05,0.0021637,0.187194,0.364365,0.156344,0.760464,0.894868,9008.2,127.9,324.8,623.7,100.0,1.0
403500,2526,161,9.154215,0.47538,0.104538,0.0,0.0,0.00173164,0.336852,0.642307,0.510509,0.878933,0.905397,10067.2,133.9,342.3,689.4,100.0,1.0
403662,2527,162,6.800776,1.0,0.112666,0.0,0.0,0.00216678,0.106317,0.301447,0.211279,0.595857,0.914063,8768.5,137.4,356.8,471.7,100.0,1.0
403827,2528,165,8.861405,0.2,0.140122,0.0,0.052695,0.0024864,0.185621,0.563861,0.248131,0.614267,0.903457,9768.3,151.3,339.1,528.2,100.0,1.0
403987,2529,160,6.849374,0.423451,0.121845,0.019484,5.2e-05,0.00188718,0.158619,0.379881,0.298662,0.642799,0.893346,9067.3,138.0,322.2,551.6,100.0,1.0
404146,2530,159,9.422794,0.643932,0.10982,0.0,6e-06,0.00248559,0.238373,0.374584,0.180179,0.8879,0.913804,9047.2,119.8,356.3,488.3,100.0,1.0
404307,2531,161,7.511243,0.431341,0.145931,0.005514,6.1e-05,0.00173326,0.225985,0.471272,0.358962,0.733817,0.885022,9415.5,135.8,308.4,579.5,100.0,1.0
404467,2532,160,10.709904,0.44346,0.067326,0.0,1e-06,0.00236554,0.341599,0.477773,0.503373,1.0,0.912728,9440.3,111.5,354.5,422.1,100.0,1.0
404627,2533,160,9.003953,0.2,0.121565,0.0,0.291379,0.00239883,0.221571,0.498548,0.345023,0.726212,0.912213,9519.5,137.9,353.7,556.6,100.0,1.0
404783,2534,156,9.220692,1.0,0.15366,0.018498,0.0,0.00195831,0.314427,0.309896,0.579038,1.0,0.883804,8800.7,106.2,306.3,517.1,100.0,1.0
404945,2535,162,8.950535,0.270914,0.058169,0.0,0.016952,0.00190018,0.293898,0.546769,0.535596,0.823144,0.902445,9703.2,133.1,337.4,1025.6,100.0,1.0
405108,2536,163,8.187663,0.658085,0.129189,0.033443,0.0,0.00196742,0.229712,0.406466,0.234125,0.818708,0.8912,9168.6,126.0,318.7,403.6,100.0,1.0
405265,2537,157,4.783942,0.910964,0.049924,0.003837,0.0,0.00165847,0.061187,0.158227,-0.019798,0.615572,0.890476,8222.8,127.2,317.5,708.6,100.0,1.0
405423,2538,158,6.687302,0.055092,0.005572,0.0,0.0,0.00227493,0.090021,0.29314,-0.002702,0.620675,0.925054,8736.9,134.8,375.1,281.7,100.0,1.0
405591,2539,168,8.908772,0.531888,0.089801,0.007383,5.3e-05,0.00192945,0.274587,0.595869,0.519243,0.735619,0.882209,9890.3,142.5,303.7,844.4,100.0,1.0
405749,2540,158,8.281807,0.54685,0.160941,0.0,0.0,0.00185846,0.262917,0.537705,0.337089,0.795524,0.893712,9668.7,134.6,322.9,561.5,100.0,1.0
405902,2541,153,10.242274,0.48539,0.114197,0.0,0.0,0.00189302,0.398617,0.641242,0.56934,1.0,0.874509,10063.1,121.7,290.8,709.0,100.0,1.0
406064,2542,162,9.912986,-0.08273,0.105355,0.042161,0.000172,0.00291353,0.194177,0.253684,0.218255,0.859041,0.938744,8586.5,115.5,397.9,362.0,100.0,1.0
406223,2543,159,7.187438,0.530016,0.070821,0.021955,0.0,0.00202849,0.160534,0.364522,0.152188,0.712647,0.923497,9008.8,131.5,372.5,311.8,100.0,1.0
406382,2544,159,10.785565,0.2,0.103112,0.009281,0.042158,0.00257052,0.316156,0.401242,0.476228,1.0,0.927107,9148.7,105.1,378.5,381.4,100.0,1.0
406546,2545,164,9.388358,0.884029,0.08475,0.0,0.0,0.00191865,0.316295,0.588088,0.501363,0.852909,0.888106,9860.6,133.0,313.5,578.7,100.0,1.0
406703,2546,157,11.735194,0.2,0.101352,0.0,0.018558,0.00235287,0.419249,0.769945,0.537937,1.0,0.908125,10553.5,124.2,346.9,489.0,100.0,1.0
406863,2547,160,11.808691,1.0,0.10776,0.01871,0.0,0.00294653,0.322189,0.498987,0.351559,1.0,0.950854,9521.1,115.7,418.1,174.1,100.0,1.0
407023,2548,160,6.039594,0.2,0.048443,0.000486,0.235853,0.0019038,0.101306,0.183353,-0.051442,0.706741,0.888337,8318.6,121.8,313.9,579.5,100.0,1.0
407181,2549,158,6.643599,0.726166,0.068533,0.000803,0.0,0.00211578,0.112172,0.221733,0.112872,0.680755,0.907403,8464.8,125.9,345.7,568.1,100.0,1.0
407340,2550,159,6.032929,0.19528,-0.040099,0.02325,0.0,0.00287709,-0.052048,-0.008151,-0.220586,0.529732,0.959378,7588.9,124.0,432.3,249.2,100.0,1.0
407499,2551,159,8.460325,0.2,0.109005,0.021788,0.0,0.00218474,0.221236,0.54881,0.299038,0.710978,0.921046,9711.0,141.9,368.4,703.5,100.0,1.0
407660,2552,161,12.325191,0.236988,0.1486,0.002588,0.0,0.00267424,0.397849,0.677742,0.626608,1.0,0.93699,10202.2,121.3,395.0,336.1,100.0,1.0
407825,2553,165,8.250067,0.2,0.109677,0.004577,0.040744,0.00170606,0.273006,0.541455,0.531588,0.761775,0.880908,9682.9,137.4,301.5,623.1,100.0,1.0
407985,2554,160,7.28284,1.0,0.164331,0.028468,0.0,0.00175167,0.209173,0.431049,0.407916,0.700857,0.878893,9262.3,136.1,298.2,587.2,100.0,1.0
408140,2555,155,5.254285,0.65792,0.0867,0.0,0.0,0.00164564,0.098006,0.210013,0.044842,0.671337,0.910063,8420.1,125.9,350.1,575.9,100.0,1.0
408302,2556,162,8.713701,1.0,0.16401,0.0,0.0,0.00221546,0.226589,0.429714,0.396085,0.773277,0.919034,9257.2,130.5,365.1,542.4,100.0,1.0
408467,2557,165,11.108243,0.654316,0.130331,0.026971,2.1e-05,0.00254935,0.325727,0.619015,0.500239,0.892315,0.943907,9978.4,131.8,406.5,413.3,100.0,1.0
408621,2558,154,8.580168,0.971319,0.109444,0.0,0.0,0.00180505,0.298505,0.496491,0.476295,0.8683,0.88227,9511.6,127.3,303.8,588.8,100.0,1.0
408786,2559,165,9.73846,0.704412,0.094035,0.000822,3.5e-05,0.00194371,0.333554,0.510143,0.502285,0.946775,0.89168,9563.6,122.8,319.5,677.3,100.0,1.0
408943,2560,157,5.442562,0.805581,0.060027,0.002101,0.0,0.00156125,0.120511,0.230209,0.107569,0.666188,0.857094,8497.1,127.5,261.8,674.0,100.0,1.0
409101,2561,158,10.448813,0.860716,0.130823,0.011016,4.8e-05,0.00219421,0.355203,0.610869,0.449476,0.962005,0.909055,9947.4,126.8,348.4,437.0,100.0,1.0
409256,2562,155,5.389259,0.79258,0.064526,0.017751,0.0,0.00216183,0.026927,0.128294,0.061143,0.537168,0.904513,8108.8,131.9,340.9,589.0,100.0,1.0
409417,2563,161,5.523471,0.450705,0.066838,0.0,0.0,0.00158787,0.115338,0.29502,0.148824,0.617862,0.881774,8744.0,135.1,303.0,687.1,100.0,1.0
409577,2564,160,8.657601,0.2,0.064323,0.0,0.018325,0.00161553,0.322934,0.591033,0.521723,0.85497,0.875937,9871.8,133.0,293.2,843.8,100.0,1.0
409739,2565,162,9.860506,0.828685,0.128171,0.001502,0.0,0.00239075,0.274881,0.630812,0.481261,0.75733,0.935521,10023.4,142.6,392.5,525.3,100.0,1.0
409893,2566,154,9.863152,0.2,0.113522,0.0,0.270058,0.00199782,0.354669,0.507784,0.532324,0.990057,0.88613,9554.7,120.0,310.2,634.4,100.0,1.0
410053,2567,160,13.789855,0.951267,0.12596,0.005943,3e-05,0.00339426,0.383092,0.661544,0.550599,1.0,0.949418,10140.5,115.5,415.7,219.7,100.0,1.0
410214,2568,161,9.428831,0.714542,0.124499,0.0,2e-06,0.00182373,0.33973,0.638287,0.39652,0.894733,0.869547,10051.9,132.6,282.6,581.4,100.0,1.0
410370,2569,156,9.213001,0.608409,0.087686,0.034557,0.0,0.00251096,0.227131,0.328205,0.110808,0.910742,0.921192,8870.5,116.1,368.7,437.9,100.0,1.0
410521,2570,151,8.310716,0.352493,0.123724,0.008237,0.0,0.00243357,0.190767,0.34106,0.263251,0.778086,0.928232,8919.4,125.4,380.4,257.1,100.0,1.0
410679,2571,158,5.367583,0.232436,0.088427,0.0,0.095643,0.00189978,0.060359,0.168163,0.083344,0.57957,0.887377,8260.7,130.7,312.3,641.7,100.0,1.0
410846,2572,167,10.169916,0.340166,0.111996,0.0,0.037685,0.00211045,0.330567,0.714414,0.463653,0.827862,0.902187,10341.9,141.4,337.0,493.2,100.0,1.0
411005,2573,159,12.291851,0.891492,0.075101,0.00679,0.0,0.00287712,0.368111,0.597576,0.596528,1.0,0.963741,9896.8,121.5,439.6,261.9,100.0,1.0
411161,2574,156,10.522508,0.524717,0.167217,0.0162,1.4e-05,0.00232948,0.343388,0.484114,0.52309,1.0,0.919799,9464.5,111.0,366.3,393.7,100.0,1.0
411318,2575,157,11.164286,1.0,0.124121,0.0,0.0,0.00292514,0.290701,0.417345,0.355296,0.966797,0.943534,9210.1,117.1,405.9,359.4,100.0,1.0
411478,2576,160,7.702969,1.0,-0.010819,0.035893,0.0,0.00276126,0.075697,0.230896,0.037836,0.606015,0.912866,8499.7,132.3,354.8,359.3,100.0,1.0
411638,2577,160,10.340448,0.2,0.091526,0.021226,0.220054,0.00229248,0.327932,0.594476,0.39128,0.92832,0.924571,9885.0,128.2,374.3,366.9,100.0,1.0
411802,2578,164,7.552822,0.372197,0.115132,0.0,0.038201,0.00177321,0.216609,0.518563,0.311278,0.687681,0.87693,9595.7,142.1,294.9,773.2,100.0,1.0
411961,2579,159,10.664259,1.0,0.043729,0.0,1.4e-05,0.00220145,0.366356,0.583593,0.539519,0.972701,0.890301,9843.5,124.7,317.2,483.4,100.0,1.0
412121,2580,160,8.69173,0.515437,0.177959,0.0,6.2e-05,0.00183971,0.289486,0.505109,0.343091,0.870528,0.877245,9544.5,127.6,295.4,699.9,100.0,1.0
412281,2581,160,11.173802,0.418365,0.128947,0.011773,1.8e-05,0.00245549,0.357677,0.607972,0.489641,0.9646,0.916482,9936.4,126.4,360.8,689.5,100.0,1.0
412447,2582,166,8.925515,0.411551,0.110421,0.02002,0.0,0.00222056,0.23093,0.527845,0.263363,0.754407,0.916521,9631.1,137.2,360.9,462.5,100.0,1.0
412610,2583,163,9.069391,-0.270595,0.087587,0.0,0.0,0.00206574,0.272481,0.629991,0.1449,0.806796,0.8889,10020.3,138.6,314.8,345.5,100.0,1.0
412764,2584,154,10.229612,0.734861,0.097848,0.0,3.2e-05,0.00226899,0.337681,0.53905,0.51665,0.939961,0.898923,9673.8,124.7,331.5,583.6,100.0,1.0
412924,2585,160,9.195293,1.0,0.121551,0.011123,0.0,0.0017485,0.337832,0.505682,0.448263,0.971553,0.888143,9546.6,121.1,313.6,534.3,100.0,1.0
413082,2586,158,5.999284,0.383291,0.047742,0.016597,0.0,0.00186829,0.107721,0.24344,-0.016602,0.674778,0.885561,8547.5,127.6,309.3,514.9,100.0,1.0
413239,2587,157,4.607499,0.2,0.080487,0.0,3.1e-05,0.0016522,0.050014,0.142887,-0.02283,0.592261,0.881316,8164.4,128.2,302.2,602.8,100.0,1.0
413398,2588,159,10.016913,0.343635,0.150213,0.0,4e-05,0.00198972,0.356226,0.518796,0.492774,0.993697,0.880915,9596.6,120.3,301.5,653.6,100.0,1.0
413558,2589,160,6.536059,0.513439,0.126778,0.0,1.4e-05,0.00161712,0.18009,0.408176,0.299122,0.674025,0.885903,9175.1,137.0,309.8,746.8,100.0,1.0
413726,2590,168,13.210472,0.723015,0.15063,0.008263,0.0,0.00297066,0.387969,0.710652,0.461288,1.0,0.943289,10327.6,128.3,405.5,498.6,100.0,1.0
413888,2591,162,7.399047,1.0,0.164655,0.0,0.0,0.00195777,0.17972,0.430844,0.390959,0.639059,0.890844,9261.5,141.3,318.1,703.9,100.0,1.0
414051,2592,163,10.651721,0.2,0.096857,0.001211,0.033712,0.00241552,0.321554,0.551296,0.475123,0.901613,0.897712,9720.4,127.8,329.5,521.6,100.0,1.0
414211,2593,160,6.259072,0.956166,0.074089,0.01069,2e-06,0.00231989,0.049121,0.169051,-0.025976,0.592796,0.910649,8264.1,129.7,351.1,395.6,100.0,1.0
414372,2594,161,9.241501,0.708824,0.108351,0.014139,0.0,0.00196487,0.304169,0.538299,0.489233,0.855957,0.886849,9670.9,130.3,311.4,448.9,100.0,1.0
414532,2595,160,9.338342,0.684525,0.109484,0.020593,0.0,0.00235367,0.250403,0.344353,0.256566,0.902203,0.888892,8932.0,117.4,314.8,429.9,100.0,1.0
414686,2596,154,8.927008,0.2,0.171947,0.001195,0.067511,0.00176065,0.328201,0.479204,0.488424,0.948482,0.87934,9445.8,121.2,298.9,776.0,100.0,1.0
414847,2597,161,10.083483,1.0,0.131489,0.006546,0.0,0.00248796,0.276416,0.467823,0.35023,0.882705,0.914578,9402.4,124.9,357.6,639.0,100.0,1.0
415003,2598,156,7.239983,1.0,0.106474,0.021654,0.0,0.00198417,0.176537,0.460685,0.157435,0.678207,0.902645,9375.2,139.7,337.7,427.7,100.0,1.0
415161,2599,158,6.827388,1.0,0.062892,0.00301,0.0,0.00262578,0.04347,0.134742,0.022813,0.602694,0.934298,8133.4,126.9,390.5,378.8,100.0,1.0
415324,2600,163,11.603453,0.2,0.09427,0.012116,0.102901,0.00238558,0.390161,0.784488,0.461625,0.943232,0.917664,10608.9,136.5,362.8,564.7,100.0,1.0
415480,2601,156,11.301394,0.31821,0.134305,0.0,8.5e-05,0.00251783,0.36599,0.593228,0.412123,1.0,0.894119,9880.2,120.4,323.5,319.1,100.0,1.0
415638,2602,158,9.031455,0.611083,0.096299,0.0,2.2e-05,0.00188064,0.309212,0.623351,0.458938,0.831323,0.900197,9995.0,136.4,333.7,489.4,100.0,1.0
415792,2603,154,8.404329,0.2,0.105087,0.008969,0.010584,0.00187232,0.275863,0.311171,0.483773,0.93432,0.89614,8805.6,113.8,326.9,766.2,100.0,1.0
415947,2604,155,6.172817,1.0,0.085957,0.001714,0.0,0.00250719,0.025761,0.166384,0.033657,0.540968,0.942353,8253.9,133.9,403.9,478.1,100.0,1.0
416107,2605,160,11.27854,0.761438,0.092597,0.0,0.0,0.00202367,0.433312,0.795974,0.549441,1.0,0.882504,10652.7,124.0,304.2,520.2,100.0,1.0
416269,2606,162,7.9108,1.0,0.097366,0.0,2.1e-05,0.00187743,0.226866,0.490996,0.234654,0.744066,0.867898,9490.7,136.0,279.8,811.9,100.0,1.0
416426,2607,157,10.301257,1.0,0.15888,0.00541,3e-06,0.0021104,0.360095,0.523076,0.501825,1.0,0.883426,9612.9,115.9,305.7,573.9,100.0,1.0
416576,2608,150,8.312451,0.232057,0.17419,0.003592,0.058344,0.00180894,0.286563,0.455,0.440502,0.875982,0.886522,9353.5,124.6,310.9,608.9,100.0,1.0
416734,2609,158,7.656722,0.690174,0.149117,0.0,1e-06,0.00170302,0.244767,0.230952,0.263759,0.94531,0.869884,8499.9,109.2,283.1,708.5,100.0,1.0
416895,2610,161,10.103084,0.25366,0.163094,0.0,8.6e-05,0.00226855,0.312752,0.658783,0.452785,0.824202,0.907614,10130.0,138.8,346.0,530.9,100.0,1.0
417059,2611,164,4.947456,0.646955,0.028875,0.015943,4.9e-05,0.00194619,0.012827,0.23072,-0.052677,0.45984,0.894086,8499.0,145.5,323.5,563.4,100.0,1.0
417213,2612,154,7.458696,0.2,0.092249,0.0,0.17723,0.00208746,0.17899,0.313705,0.190776,0.75118,0.875944,8815.2,125.8,293.2,739.7,100.0,1.0
417374,2613,161,10.024531,1.0,0.119632,0.006884,0.0,0.00267368,0.242133,0.555119,0.399901,0.748948,0.944863,9735.0,139.2,408.1,278.5,100.0,1.0
417533,2614,159,6.749113,0.793664,0.091163,0.008637,0.0,0.00154318,0.207454,0.406225,0.367998,0.714449,0.866727,9167.7,133.7,277.9,635.5,100.0,1.0
417699,2615,166,7.545942,0.2,0.089836,0.006379,2.7e-05,0.00188373,0.193533,0.515766,0.283669,0.65051,0.895919,9585.1,145.2,326.5,644.3,100.0,1.0
417860,2616,161,9.72085,0.223692,0.078347,4e-06,0.0,0.00186887,0.351208,0.519787,0.518991,0.97711,0.885927,9600.4,121.4,309.9,679.7,100.0,1.0
418021,2617,161,7.788384,0.640267,0.080707,0.0,9e-06,0.00224024,0.161769,0.459862,0.087984,0.65152,0.890412,9372.1,141.9,317.4,432.3,100.0,1.0
418178,2618,157,10.356133,0.2,0.077771,0.0,0.0489,0.00193336,0.391128,0.608954,0.559542,1.0,0.868258,9940.1,119.0,280.4,615.2,100.0,1.0
418338,2619,160,8.638015,0.211514,0.111135,0.01222,7.8e-05,0.00181155,0.289527,0.633997,0.429962,0.766701,0.874594,10035.5,142.0,291.0,535.1,100.0,1.0
418502,2620,164,8.260178,0.045547,0.126577,0.023349,0.0,0.00208454,0.212122,0.448433,0.312915,0.728524,0.890749,9328.5,134.9,317.9,565.6,100.0,1.0
418663,2621,161,5.997402,0.706343,0.080788,0.020465,0.0,0.0016556,0.135643,0.297422,0.194061,0.634642,0.8479,8753.2,133.9,246.5,736.9,100.0,1.0
418824,2622,161,7.254629,0.981505,0.143212,0.0,0.0,0.00211741,0.145563,0.203926,0.221957,0.720815,0.863762,8397.0,122.0,272.9,630.5,100.0,1.0
418988,2623,164,8.452343,0.723376,0.074414,0.006477,0.0,0.0020626,0.228474,0.555449,0.193077,0.727602,0.882949,9736.3,140.9,304.9,451.3,100.0,1.0
419150,2624,162,12.002516,1.0,0.164656,0.010016,0.0,0.00274511,0.360095,0.56567,0.511449,1.0,0.929872,9775.2,115.5,383.1,281.4,100.0,1.0
419303,2625,153,8.181699,1.0,0.150429,0.025095,0.0,0.00179778,0.273545,0.468353,0.338036,0.858487,0.882965,9404.4,126.5,304.9,596.2,100.0,1.0
419460,2626,157,8.059924,0.916006,0.116709,0.0,0.0,0.00243189,0.158596,0.328721,0.237818,0.695171,0.901738,8872.4,130.8,336.2,531.5,100.0,1.0
419620,2627,160,9.653821,0.515502,0.063526,0.0,0.0,0.00209959,0.311294,0.463804,0.467356,0.937349,0.905327,9387.1,121.1,342.2,464.7,100.0,1.0
419780,2628,160,6.391806,0.85456,0.018056,0.020867,0.0,0.00224207,0.069787,0.209389,-0.052954,0.619247,0.899857,8417.8,130.0,333.1,468.9,100.0,1.0
419943,2629,163,9.058238,-0.07459,0.106874,0.0,0.0,0.00196737,0.286559,0.58462,0.390918,0.820276,0.907194,9847.4,135.2,345.3,545.9,100.0,1.0
420102,2630,159,9.994879,0.2,0.157385,0.0,0.0,0.0020351,0.3464,0.603369,0.486809,0.90668,0.863179,9918.8,130.1,272.0,611.1,100.0,1.0
420266,2631,164,11.214421,0.710428,0.121492,0.0,8e-06,0.00227335,0.378887,0.658825,0.404438,0.973498,0.862647,10130.1,128.3,271.1,501.6,100.0,1.0
420431,2632,165,10.121223,0.26414,0.171636,0.0,0.0,0.00232991,0.293995,0.591724,0.401604,0.828921,0.902659,9874.5,135.0,337.8,405.8,100.0,1.0
420591,2633,160,11.405596,0.2,0.16709,0.0,0.013312,0.00296988,0.289446,0.486884,0.41871,0.879146,0.903215,9475.0,126.1,338.7,628.5,100.0,1.0
420754,2634,163,4.417287,1.0,0.04258,0.016787,0.0,0.00178378,0.00542,0.150523,-0.021971,0.461489,0.858439,8193.5,140.2,264.1,758.3,100.0,1.0
420920,2635,166,8.592208,1.0,0.154728,0.0,0.0,0.0020521,0.235379,0.47643,0.209637,0.794622,0.890161,9435.2,131.4,316.9,591.5,100.0,1.0
421074,2636,154,6.581509,0.829546,0.099731,0.0,2.9e-05,0.00145344,0.217358,0.322487,0.330352,0.785419,0.841868,8848.7,123.9,236.4,978.1,100.0,1.0
421233,2637,159,7.316721,1.0,0.012175,0.0,0.0,0.00219626,0.14122,0.297046,0.15734,0.686639,0.893723,8751.7,129.7,322.9,413.2,100.0,1.0
421399,2638,166,11.235639,0.44972,0.119027,0.0,9.3e-05,0.00248346,0.340846,0.654019,0.440953,0.899821,0.906731,10111.8,133.1,344.6,465.8,100.0,1.0
421562,2639,163,8.214961,0.93012,0.182972,0.00252,0.0,0.00209653,0.208888,0.435545,0.33562,0.727437,0.898141,9279.4,134.3,330.2,621.6,100.0,1.0
421721,2640,159,7.685997,0.354682,0.054144,0.0,0.015784,0.00234303,0.142598,0.326196,0.018713,0.716591,0.909832,8862.8,129.1,349.7,440.4,100.0,1.0
421881,2641,160,5.408579,0.651609,0.018949,0.0,0.0,0.0023238,-0.009304,0.027999,-0.115656,0.537625,0.879152,7726.7,125.6,298.6,573.3,100.0,1.0
422036,2642,155,7.727883,0.283271,0.093936,0.0,0.0,0.00224172,0.170483,0.268971,0.183281,0.775285,0.900809,8644.8,121.7,334.7,490.4,100.0,1.0
422204,2643,168,7.550224,1.0,0.126795,0.040845,0.0,0.00193162,0.181494,0.437424,0.252874,0.671656,0.887248,9286.6,138.9,312.1,603.8,100.0,1.0
422363,2644,159,8.928833,1.0,0.128213,0.001853,0.0,0.00211781,0.2616,0.458102,0.350781,0.845558,0.904908,9365.4,126.9,341.5,343.7,100.0,1.0
422525,2645,162,11.482254,0.2,0.102175,0.0,0.066946,0.00248748,0.366477,0.790772,0.529739,0.856366,0.906944,10632.8,143.2,344.9,727.6,100.0,1.0
422686,2646,161,11.030662,0.562405,0.155046,0.0,3.1e-05,0.00264609,0.313242,0.733053,0.474685,0.779127,0.916562,10412.9,146.3,360.9,458.4,100.0,1.0
422843,2647,157,11.68526,0.925396,0.093584,0.0,0.0,0.00240089,0.406268,0.751276,0.464228,1.0,0.911896,10482.4,126.9,353.2,468.0,100.0,1.0
423003,2648,160,5.214421,1.0,-0.004927,0.028765,0.0,0.002208,-0.003779,0.163692,-0.136826,0.492657,0.912331,8243.7,138.1,353.9,317.1,100.0,1.0
423166,2649,163,9.668665,0.483445,0.088135,0.0,2e-06,0.00209478,0.306544,0.557191,0.45888,0.869472,0.905724,9742.9,130.3,342.9,540.0,100.0,1.0
423324,2650,158,9.100023,0.830417,0.125258,0.0,5e-06,0.00225849,0.253039,0.328842,0.38494,0.881945,0.881773,8872.9,117.9,303.0,498.1,100.0,1.0
423487,2651,163,10.33855,0.989841,0.134954,0.00839,7e-06,0.00214721,0.342876,0.666865,0.438423,0.869739,0.862315,10160.8,135.9,270.5,535.4,100.0,1.0
423646,2652,159,6.122205,0.646994,0.106937,0.0,1.3e-05,0.00196449,0.097918,0.261715,0.106786,0.610076,0.888877,8617.1,133.8,314.8,559.0,100.0,1.0
423802,2653,156,8.905201,0.484455,0.122316,0.001138,2.2e-05,0.00217765,0.257013,0.423559,0.313056,0.863382,0.902142,9233.8,123.9,336.9,414.4,100.0,1.0
423965,2654,163,10.37033,0.771896,0.154013,0.010604,4e-06,0.00242063,0.300344,0.547317,0.278413,0.908077,0.910228,9705.3,127.2,350.4,523.0,100.0,1.0
424129,2655,164,10.651344,0.331588,0.120372,0.0,0.005578,0.00228118,0.339663,0.616416,0.49711,0.904356,0.903578,9968.5,130.9,339.3,638.0,100.0,1.0
424288,2656,159,9.559251,0.695113,0.158936,0.0,0.0,0.00208011,0.309847,0.499938,0.513702,0.888537,0.88769,9524.8,126.1,312.8,378.7,100.0,1.0
424451,2657,163,5.463052,0.644087,0.107237,0.001365,2.5e-05,0.00174138,0.082222,0.31024,0.15871,0.513388,0.866258,8802.0,145.4,277.1,839.5,100.0,1.0
424606,2658,155,12.4978,0.321074,0.162652,0.0,5.8e-05,0.00286548,0.393328,0.645553,0.535951,1.0,0.886621,10079.6,118.6,311.0,335.9,100.0,1.0
424766,2659,160,9.385453,0.2,0.110928,0.0,0.0,0.00172717,0.352606,0.563076,0.590766,0.91545,0.85368,9765.3,127.5,256.1,617.3,100.0,1.0
424929,2660,163,7.418695,0.393694,0.128864,0.0,0.00012,0.00151232,0.250607,0.450106,0.335748,0.789906,0.845828,9334.9,130.4,243.0,933.6,100.0,1.0
425088,2661,159,7.532938,0.330933,0.136336,0.0,0.010256,0.00169211,0.235676,0.401835,0.265993,0.807923,0.858204,9151.0,126.5,263.7,934.5,100.0,1.0
425254,2662,166,9.480586,0.754572,0.164589,0.0,1e-06,0.00212573,0.282304,0.641042,0.393349,0.74745,0.865084,10062.4,144.0,275.1,595.9,100.0,1.0
425412,2663,158,8.949334,0.2,0.151908,0.0,0.015848,0.00229477,0.236993,0.321972,0.31986,0.869537,0.893203,8846.7,118.3,322.0,529.4,100.0,1.0
425573,2664,161,8.707908,0.649785,0.130935,0.0,1e-06,0.00175293,0.301128,0.599679,0.413563,0.810488,0.857371,9904.8,136.8,262.3,703.6,100.0,1.0
425731,2665,158,10.230918,0.554505,0.170089,0.001813,0.0,0.00200639,0.368312,0.718443,0.462447,0.915188,0.894474,10357.3,135.2,324.1,535.4,100.0,1.0
425886,2666,155,9.626164,1.0,0.132641,0.0,0.0,0.00218278,0.306444,0.450076,0.468772,0.925874,0.893206,9334.8,121.2,322.0,591.0,100.0,1.0
426046,2667,160,5.206507,0.2,0.010961,0.0,0.0,0.00199217,0.029978,0.227559,-0.0495,0.495646,0.880882,8487.0,141.9,301.5,492.5,100.0,1.0
426202,2668,156,11.628619,0.756922,0.163127,0.0,0.0,0.00265205,0.365126,0.552079,0.489831,1.0,0.887507,9723.4,110.8,312.5,326.2,100.0,1.0
426364,2669,162,9.912712,0.2,0.153537,0.0,0.04802,0.00230185,0.291031,0.559777,0.4787,0.815549,0.892012,9752.8,134.3,320.0,626.3,100.0,1.0
426520,2670,156,6.560214,0.502705,0.077849,0.006013,1e-06,0.00195871,0.133807,0.234362,0.150381,0.698933,0.87758,8512.9,125.3,296.0,585.7,100.0,1.0
426677,2671,157,7.900836,0.578775,0.068444,0.0,0.0,0.00238428,0.154781,0.249464,0.169353,0.753578,0.903806,8570.5,122.2,339.7,404.1,100.0,1.0
426834,2672,157,8.081338,-0.192464,0.092096,0.019462,0.0,0.00208025,0.214588,0.411766,0.139649,0.782481,0.861245,9188.8,128.9,268.7,674.8,100.0,1.0
427000,2673,166,9.615865,0.2,0.113705,0.0,0.187697,0.00267427,0.200029,0.483642,0.182985,0.724367,0.915707,9462.7,137.2,359.5,472.3,100.0,1.0
427161,2674,161,7.569624,0.7058,0.131005,0.007037,1e-06,0.00209583,0.169498,0.449674,0.298184,0.612134,0.870369,9333.3,144.7,283.9,818.9,100.0,1.0
427319,2675,158,11.930896,0.959001,0.092124,0.0,0.0,0.00258724,0.390191,0.648988,0.573705,1.0,0.917705,10092.6,121.6,362.8,661.1,100.0,1.0
427481,2676,162,7.329107,0.2,0.085433,0.0,0.000114,0.00250889,0.084377,0.40298,0.137527,0.496234,0.914459,9155.4,153.0,357.4,434.0,100.0,1.0
427637,2677,156,8.268705,0.2,0.075758,0.0,0.176183,0.00213779,0.220235,0.428033,0.225696,0.770912,0.87083,9250.8,130.6,284.7,608.0,100.0,1.0
427796,2678,159,7.145628,0.497394,0.063962,0.000209,0.0,0.00219154,0.130045,0.285082,0.002825,0.697027,0.881276,8706.2,128.3,302.1,645.2,100.0,1.0
427959,2679,163,8.163189,0.538999,0.115667,0.0,5.2e-05,0.00200435,0.219912,0.493966,0.275955,0.72102,0.878331,9502.0,138.0,297.2,708.4,100.0,1.0
428116,2680,157,10.381747,0.20151,0.111366,0.0,0.00831,0.00194305,0.390082,0.604087,0.587683,1.0,0.878832,9921.6,122.9,298.1,554.5,100.0,1.0
428272,2681,156,9.568074,1.0,0.150316,0.008665,0.0,0.00199293,0.329728,0.493298,0.457001,0.952625,0.881387,9499.5,121.6,302.3,441.6,100.0,1.0
428428,2682,156,9.032482,0.047947,0.146862,0.020902,8e-06,0.00207452,0.281109,0.489397,0.388479,0.865082,0.904485,9484.6,127.1,340.8,405.4,100.0,1.0
428587,2683,159,8.672118,0.855403,0.099239,0.001862,0.0,0.0025689,0.172151,0.262282,0.124735,0.816202,0.929494,8619.3,118.6,382.5,358.8,100.0,1.0
428747,2684,160,8.754177,0.889514,0.130877,0.0,0.0,0.00201391,0.263876,0.595715,0.398271,0.744964,0.891463,9889.7,141.7,319.1,561.2,100.0,1.0
428908,2685,161,7.86491,0.2,0.160565,0.0,0.0,0.00178744,0.238741,0.525611,0.451193,0.694935,0.863022,9622.6,141.9,271.7,800.2,100.0,1.0
429069,2686,161,9.337023,0.857693,0.141674,0.0,0.0,0.00213391,0.281455,0.594373,0.382542,0.812785,0.922025,9884.6,136.3,370.0,428.6,100.0,1.0
429224,2687,155,6.018009,0.324129,0.063725,0.0,0.0,0.00165161,0.146817,0.250513,0.273822,0.66749,0.840757,8574.5,128.6,234.6,773.5,100.0,1.0
429391,2688,167,3.930923,0.2,0.084806,0.006202,0.018319,0.00180047,-0.037579,0.133876,0.069234,0.349818,0.871593,8130.1,150.6,286.0,837.7,100.0,1.0
429554,2689,163,13.201444,1.0,0.079925,0.019642,0.0,0.00300577,0.393639,0.741648,0.50087,1.0,0.967442,10445.7,118.4,445.7,185.6,100.0,1.0
429718,2690,164,9.660171,1.0,0.150679,0.0,0.0,0.00265297,0.211535,0.595621,0.245298,0.667343,0.915347,9889.3,148.3,358.9,365.5,100.0,1.0
429880,2691,162,9.085271,0.2,0.143019,0.002732,0.014221,0.00228404,0.238153,0.43569,0.431733,0.784848,0.911528,9280.0,130.0,352.5,775.8,100.0,1.0
430033,2692,153,12.230777,0.295984,0.138983,0.005184,0.0,0.00278733,0.392349,0.682744,0.5163,0.99286,0.908446,10221.3,128.2,347.4,380.9,100.0,1.0
430195,2693,162,10.6412,0.56689,0.136499,0.0,1.1e-05,0.00198845,0.390292,0.610794,0.549341,1.0,0.869364,9947.1,119.5,282.3,806.2,100.0,1.0
430349,2694,154,10.541075,0.2,0.140207,0.0,0.025868,0.00264714,0.298093,0.5137,0.385328,0.887548,0.895535,9577.2,126.8,325.9,518.8,100.0,1.0
430513,2695,164,8.58238,0.66458,0.080744,0.003439,0.0,0.00221782,0.21092,0.367193,0.475705,0.729632,0.881207,9019.0,130.4,302.0,648.5,100.0,1.0
430666,2696,153,7.684747,1.0,0.127705,0.014005,0.0,0.00255629,0.123425,0.28157,0.244293,0.662689,0.94589,8692.8,130.7,409.8,329.4,100.0,1.0
430824,2697,158,8.394296,1.0,0.101642,0.019071,0.0,0.00207368,0.234383,0.368745,0.355685,0.821044,0.887157,9024.9,123.9,311.9,540.9,100.0,1.0
430983,2698,159,10.610711,0.428169,0.090548,0.0,0.0,0.00249556,0.313619,0.572637,0.349769,0.89444,0.889173,9801.7,129.3,315.3,390.3,100.0,1.0
431146,2699,163,8.370135,0.664964,0.033991,0.017574,0.0,0.00247183,0.157488,0.311242,0.045081,0.759742,0.91491,8805.8,125.1,358.2,386.0,100.0,1.0
431312,2700,166,7.599205,0.224031,0.121991,0.0,0.060846,0.00159632,0.243756,0.637163,0.404903,0.653416,0.869564,10047.6,151.9,282.6,744.8,100.0,1.0
431468,2701,156,6.280164,0.345486,0.071545,0.0,8e-06,0.00213882,0.086746,0.217466,-0.054378,0.647215,0.884277,8448.5,128.2,307.1,475.5,100.0,1.0
431634,2702,166,9.476424,0.06685,0.139691,0.006566,9e-06,0.00218453,0.271687,0.451272,0.402258,0.847767,0.881853,9339.3,126.4,303.1,560.2,100.0,1.0
431790,2703,156,9.545598,0.539502,0.118766,0.0,0.0,0.00184288,0.351426,0.510165,0.442211,0.991283,0.867398,9563.7,120.1,279.0,510.0,100.0,1.0
431948,2704,158,7.758991,0.550384,0.167809,0.0,0.014019,0.00184648,0.227558,0.346515,0.37135,0.795539,0.857688,8940.2,124.5,262.8,608.0,100.0,1.0
432120,2705,172,8.39339,0.2,0.125253,0.0,0.03606,0.00172608,0.264828,0.686452,0.424733,0.65876,0.851049,10235.4,154.3,251.7,841.8,100.0,1.0
432276,2706,156,7.826639,0.2,0.12827,0.002779,0.050811,0.00179989,0.242957,0.426981,0.412244,0.769585,0.851384,9246.8,130.6,252.3,1047.6,100.0,1.0
432435,2707,159,13.010535,0.838608,0.108966,0.0,0.0,0.00302105,0.390344,0.699605,0.48381,1.0,0.931752,10285.5,126.8,386.3,313.6,100.0,1.0
432594,2708,159,7.570615,0.377657,-0.025686,0.0,0.0,0.00265264,0.084932,0.279937,0.022197,0.602996,0.913882,8686.6,135.5,356.5,354.8,100.0,1.0
432753,2709,159,8.791889,0.2,0.107686,0.0,0.017773,0.00187643,0.290103,0.491561,0.486436,0.825483,0.846495,9492.8,130.0,244.2,1093.7,100.0,1.0
432908,2710,155,11.979107,0.913883,0.144759,0.00103,3.6e-05,0.00273476,0.377926,0.634889,0.470967,0.996261,0.905591,10038.9,125.7,342.7,409.7,100.0,1.0
433068,2711,160,9.060511,0.178403,0.106467,0.00164,0.0,0.00186468,0.30812,0.47113,0.281154,0.944794,0.862781,9415.0,121.0,271.3,596.1,100.0,1.0
433229,2712,161,9.023608,0.2,0.124991,0.0,0.015289,0.0019444,0.290925,0.510078,0.43748,0.845604,0.874338,9563.4,129.5,290.6,722.2,100.0,1.0
433392,2713,163,10.650645,0.740168,0.104134,0.004209,5e-06,0.0021217,0.367013,0.653266,0.519118,0.944274,0.903702,10108.9,130.0,339.5,422.9,100.0,1.0
433542,2714,150,7.62082,0.2,0.116146,0.0,0.215222,0.00163192,0.265244,0.384709,0.361341,0.854728,0.835833,9085.7,122.5,226.4,760.3,100.0,1.0
433698,2715,156,7.535534,0.3408,0.11944,0.001381,7e-06,0.00182369,0.219793,0.395831,0.465683,0.727558,0.867026,9128.1,132.1,278.4,1023.8,100.0,1.0
433859,2716,161,7.830028,0.63867,0.082773,0.0,0.0,0.00220455,0.169034,0.34699,0.071037,0.740963,0.88481,8942.0,128.4,308.0,641.8,100.0,1.0
434019,2717,160,4.742362,0.2,0.005192,0.000495,0.026902,0.00199052,-0.001146,0.110969,-0.053394,0.48447,0.869348,8042.8,135.4,282.2,865.5,100.0,1.0
434181,2718,162,7.447251,0.573913,0.113536,0.003028,0.0,0.00201342,0.17212,0.479097,0.347473,0.60723,0.901172,9445.4,146.9,335.3,892.2,100.0,1.0
434336,2719,155,5.736191,0.2,0.03976,0.0,0.012816,0.00198329,0.07637,0.101382,0.086287,0.666716,0.897162,8006.3,120.1,328.6,619.5,100.0,1.0
434501,2720,165,5.700518,0.681056,0.048059,0.002915,5.7e-05,0.00241847,-0.01768,0.117538,-0.09815,0.466828,0.895921,8067.8,137.5,326.5,504.3,100.0,1.0
434654,2721,153,9.891639,0.356168,0.115796,0.003067,0.0,0.00209568,0.341124,0.503724,0.377296,1.0,0.890147,9539.2,116.3,316.9,435.5,100.0,1.0
434811,2722,157,10.909493,1.0,0.102938,0.0,0.0,0.00236041,0.359265,0.562531,0.44158,0.998949,0.900422,9763.2,122.1,334.0,379.4,100.0,1.0
434973,2723,162,5.361327,0.592746,0.057504,0.010821,0.0,0.00210942,0.016942,0.129261,-0.166101,0.571645,0.909683,8112.5,129.0,349.5,341.0,100.0,1.0
435133,2724,160,10.283877,0.202464,0.156999,0.0,0.076029,0.00196131,0.3741,0.626837,0.563331,0.939618,0.859156,10008.2,129.0,265.3,678.4,100.0,1.0
435295,2725,162,7.435546,0.581296,0.14783,0.0,1.5e-05,0.00184973,0.197689,0.386061,0.280274,0.730143,0.875642,9090.9,131.4,292.7,930.1,100.0,1.0
435452,2726,157,10.3007,0.743685,0.124378,0.0,2.4e-05,0.00225693,0.334617,0.552078,0.41186,0.953242,0.903542,9723.4,124.5,339.2,426.8,100.0,1.0
435616,2727,164,14.094762,0.226648,0.124896,0.0,0.016242,0.00347021,0.373836,0.660208,0.471487,1.0,0.953457,10135.4,119.2,422.4,279.2,100.0,1.0
435776,2728,160,9.194671,0.847616,0.107084,0.0,0.0,0.00184891,0.319427,0.53913,0.560888,0.856371,0.855972,9674.1,130.3,260.0,565.7,100.0,1.0
435938,2729,162,12.68459,0.44701,0.136707,0.0,0.0,0.00290908,0.377556,0.615385,0.551876,1.0,0.925912,9964.6,106.9,376.5,226.3,100.0,1.0
436105,2730,167,10.489014,0.535786,0.138372,0.0,0.0,0.00233912,0.311347,0.665185,0.416662,0.818213,0.895602,10154.4,139.6,326.0,495.4,100.0,1.0
436262,2731,157,9.122098,0.214126,0.096158,0.0,7e-06,0.00190333,0.311666,0.520501,0.325421,0.924138,0.882626,9603.1,124.8,304.4,595.5,100.0,1.0
436422,2732,160,8.534929,0.910217,0.135552,0.0,0.0,0.00239747,0.18759,0.370966,0.244683,0.729881,0.886287,9033.4,130.5,310.5,631.1,100.0,1.0
436576,2733,154,11.185636,0.498537,0.081786,0.0,8e-06,0.00229159,0.395699,0.653311,0.582447,1.0,0.903494,10109.1,118.9,339.2,439.2,100.0,1.0
436732,2734,156,9.339455,0.2,0.170964,0.00222,0.486735,0.00177495,0.348128,0.529735,0.439635,0.968696,0.862992,9638.3,122.4,271.7,1018.5,100.0,1.0
436897,2735,165,2.904411,0.777021,0.059831,0.008827,6e-06,0.0019704,-0.130747,0.054415,-0.143844,0.23585,0.897224,7827.3,158.3,328.7,870.1,100.0,1.0
437060,2736,163,7.808626,0.2,0.120825,0.0,0.012288,0.00210338,0.179634,0.414912,0.348448,0.671019,0.909386,9200.8,137.7,349.0,654.5,100.0,1.0
437217,2737,157,10.189881,0.267019,0.112835,0.025023,0.0,0.00205867,0.358556,0.535379,0.492148,1.0,0.898013,9659.8,117.0,330.0,354.2,100.0,1.0
437376,2738,159,9.575885,1.0,0.115932,0.007216,0.0,0.00197777,0.326181,0.586456,0.526884,0.878669,0.898357,9854.4,131.1,330.6,759.7,100.0,1.0
437539,2739,163,8.507208,0.600022,0.095876,0.000299,1.6e-05,0.00278075,0.115894,0.449215,-0.014221,0.613001,0.960752,9331.5,144.6,434.6,352.3,100.0,1.0
437698,2740,159,7.126096,0.817631,0.05981,0.0,0.0,0.00214604,0.13557,0.248631,0.031593,0.730711,0.888129,8567.3,123.8,313.5,562.7,100.0,1.0
437863,2741,165,10.89851,0.609659,0.1123,0.0,4.9e-05,0.00209851,0.382904,0.694047,0.592929,0.929716,0.887147,10264.3,133.0,311.9,705.9,100.0,1.0
438024,2742,161,9.799505,1.0,0.097324,0.035596,0.0,0.00250045,0.253051,0.619666,0.472456,0.691028,0.902088,9980.9,147.6,336.8,356.3,100.0,1.0
438179,2743,155,11.720655,0.2,0.151906,0.0,0.000405,0.00290904,0.333328,0.462906,0.429216,0.997015,0.896503,9383.7,117.5,327.5,448.2,100.0,1.0
438343,2744,164,7.382713,0.507234,0.150637,0.0,6e-06,0.00219336,0.134299,0.428471,0.210068,0.561937,0.874402,9252.5,148.1,290.7,713.7,100.0,1.0
438505,2745,162,10.112628,0.58796,0.117532,0.0,3.6e-05,0.00209047,0.33799,0.634624,0.399511,0.908657,0.896319,10037.9,131.5,327.2,506.7,100.0,1.0
438660,2746,155,11.160236,0.2,0.149264,0.002454,0.668222,0.00268382,0.330781,0.471784,0.427685,1.0,0.919733,9417.5,112.3,366.2,569.8,100.0,1.0
438818,2747,158,9.959753,0.494874,0.103487,0.0,0.0,0.00221073,0.317176,0.4155,0.39188,0.986845,0.8825,9203.1,115.8,304.2,446.9,100.0,1.0
438980,2748,162,8.771063,0.437528,0.148533,0.0,0.0,0.00238415,0.200682,0.466257,0.215378,0.722547,0.905754,9396.4,136.4,342.9,495.7,100.0,1.0
439139,2749,159,10.05412,0.2,0.120173,0.0,0.006485,0.00183126,0.381567,0.616756,0.458284,1.0,0.8738,9969.8,119.2,289.7,770.5,100.0,1.0
439296,2750,157,9.193756,1.0,0.105763,0.010443,0.0,0.00262296,0.203346,0.355041,0.069806,0.841792,0.916447,8972.7,121.8,360.7,305.4,100.0,1.0
439453,2751,157,11.211801,0.2,0.16316,0.002004,0.0,0.00268214,0.3291,0.49975,0.388818,0.990769,0.924109,9524.0,119.6,373.5,512.7,100.0,1.0
439611,2752,158,12.886419,0.654499,0.156066,0.0,2.8e-05,0.00317635,0.360537,0.560286,0.557541,1.0,0.941152,9754.7,110.5,401.9,282.9,100.0,1.0
439770,2753,159,5.636759,1.0,0.0352,0.036616,0.0,0.00214753,0.035821,0.17632,-0.147343,0.571301,0.888181,8291.8,131.9,313.6,500.2,100.0,1.0
439930,2754,160,9.712085,0.2,0.120321,0.003394,0.081758,0.00245312,0.257529,0.451025,0.397573,0.836005,0.917548,9338.4,127.2,362.6,487.4,100.0,1.0
440089,2755,159,6.785577,0.705005,0.122641,0.010192,4e-06,0.00156662,0.205043,0.443829,0.216513,0.701462,0.832603,9311.0,136.8,221.0,917.7,100.0,1.0
440252,2756,163,6.472459,0.2,0.100291,0.000659,0.004243,0.00180317,0.139226,0.32314,0.197574,0.643514,0.874887,8851.2,134.6,291.5,941.5,100.0,1.0
440410,2757,158,8.135515,1.0,0.123683,0.0,0.0,0.00205447,0.219774,0.344999,0.411692,0.780724,0.879737,8934.4,125.4,299.6,754.9,100.0,1.0
440569,2758,159,10.537901,0.448238,0.100385,0.000226,0.0,0.00241681,0.32083,0.603429,0.521569,0.851995,0.891929,9919.1,133.9,319.9,519.5,100.0,1.0
440725,2759,156,11.340716,0.251087,0.133248,0.0,1.2e-05,0.00253212,0.363835,0.610574,0.458615,1.0,0.938681,9946.3,122.3,397.8,351.7,100.0,1.0
440884,2760,159,11.717834,0.859716,0.085866,0.0,0.0,0.00282214,0.335421,0.466538,0.464881,1.0,0.910806,9397.5,112.6,351.3,330.4,100.0,1.0
441043,2761,159,9.468873,1.0,0.142518,0.0,0.0,0.00222204,0.280366,0.458909,0.246129,0.919095,0.906446,9368.4,122.0,344.1,437.3,100.0,1.0
441206,2762,163,6.468445,0.355276,0.07706,0.006691,4e-06,0.00196862,0.111978,0.298415,0.179933,0.596576,0.876999,8757.0,137.1,295.0,856.9,100.0,1.0
441367,2763,161,8.037324,0.150692,0.106173,0.006719,0.0,0.00199282,0.216954,0.468264,0.236745,0.734557,0.870436,9404.1,135.5,284.1,512.6,100.0,1.0
441526,2764,159,12.217045,0.2,0.115992,0.0,9e-06,0.00289378,0.357415,0.602995,0.376864,1.0,0.924081,9917.4,123.5,373.5,402.9,100.0,1.0
441686,2765,160,7.035724,0.636998,0.104925,0.006866,1.8e-05,0.00235145,0.094622,0.262409,0.12427,0.615133,0.917842,8619.8,133.4,363.1,433.4,100.0,1.0
441849,2766,163,10.120874,0.343936,0.129601,0.0,0.042829,0.00200431,0.350602,0.590071,0.467689,0.945471,0.887492,9868.2,126.8,312.5,723.6,100.0,1.0
442006,2767,157,11.597506,0.298853,0.087689,0.0,0.016456,0.00265922,0.358662,0.57099,0.428647,1.0,0.907802,9795.5,119.2,346.3,392.5,100.0,1.0
442171,2768,165,6.191339,0.469164,0.089689,0.003246,5e-06,0.00228415,0.037485,0.183395,-0.020345,0.554049,0.911797,8318.7,133.8,353.0,436.1,100.0,1.0
442331,2769,160,8.450942,1.0,0.113708,0.028154,0.0,0.0023918,0.182896,0.437717,0.19924,0.710656,0.92288,9287.7,135.7,371.5,385.1,100.0,1.0
442488,2770,157,12.730714,0.749821,0.146297,0.0,0.0,0.00296243,0.38696,0.690834,0.567308,1.0,0.969915,10252.1,119.1,449.9,228.3,100.0,1.0
442652,2771,164,10.006243,0.419723,0.094423,0.0,2.4e-05,0.00196586,0.347349,0.701529,0.452168,0.876607,0.895571,10292.8,137.1,326.0,527.5,100.0,1.0
442813,2772,161,10.941168,0.2,0.104933,0.0,0.038202,0.00250653,0.328791,0.583811,0.455437,0.919869,0.922612,9844.3,128.2,371.0,557.6,100.0,1.0
442973,2773,160,9.648395,0.521834,0.131981,8.6e-05,0.0,0.00216883,0.29881,0.697483,0.398899,0.776387,0.904019,10277.4,144.6,340.0,411.5,100.0,1.0
443135,2774,162,8.611494,0.558026,0.130091,0.0,0.0,0.0017988,0.284975,0.501914,0.540101,0.812241,0.877642,9532.3,131.5,296.1,647.5,100.0,1.0
443295,2775,160,9.624951,0.369408,0.087243,0.0,2.4e-05,0.00266878,0.21721,0.596632,0.264225,0.686087,0.931222,9893.2,146.7,385.4,446.9,100.0,1.0
443448,2776,153,12.900126,0.105773,0.119546,0.02431,0.0,0.00327738,0.36217,0.609024,0.497488,1.0,0.959341,9940.4,106.5,432.2,232.1,100.0,1.0
443600,2777,152,10.779307,0.681797,0.06964,0.0,2.9e-05,0.00236155,0.362763,0.488775,0.607536,1.0,0.880737,9482.2,105.7,301.2,395.0,100.0,1.0
443759,2778,159,7.903434,1.0,0.073197,0.001255,0.0,0.00247864,0.135069,0.304739,0.110704,0.676994,0.891935,8781.1,130.9,319.9,442.6,100.0,1.0
443922,2779,163,12.196528,0.332325,0.148132,0.022243,2.2e-05,0.00272774,0.372098,0.605755,0.483286,1.0,0.910679,9927.9,105.0,351.1,334.2,100.0,1.0
444080,2780,158,8.055218,0.393692,0.120146,0.011831,1e-06,0.00197416,0.227518,0.332852,0.302441,0.829359,0.870731,8888.2,121.5,284.6,755.1,100.0,1.0
444240,2781,160,5.721126,0.555731,0.114475,0.001824,4.1e-05,0.0019477,0.071474,0.242164,0.076466,0.569289,0.897715,8542.6,136.1,329.5,590.5,100.0,1.0
444399,2782,159,10.862825,0.941706,0.172674,0.0,0.0,0.00234879,0.353914,0.540128,0.482574,0.992796,0.905975,9677.9,121.4,343.3,353.3,100.0,1.0
444549,2783,150,12.036136,0.536007,0.09105,0.0,1.8e-05,0.00277843,0.38921,0.658867,0.565626,1.0,0.928279,10130.3,123.6,380.5,270.0,100.0,1.0
444714,2784,165,6.596583,0.2,0.153757,0.0,0.082562,0.00183689,0.138641,0.270439,0.230279,0.671871,0.882979,8650.4,129.4,305.0,747.6,100.0,1.0
444873,2785,159,12.527405,0.919684,0.09779,0.0,0.0,0.00299511,0.362689,0.589646,0.494283,1.0,0.936601,9866.5,106.5,394.3,284.2,100.0,1.0
445033,2786,160,6.382988,0.609886,0.08294,0.0,0.0,0.00225077,0.067361,0.295084,0.03694,0.545858,0.91379,8744.3,141.4,356.3,693.8,100.0,1.0
445204,2787,171,9.900329,0.2,0.111609,0.0,0.110575,0.00231059,0.267918,0.561823,0.493525,0.772268,0.923189,9760.5,137.7,372.0,540.1,100.0,1.0
445364,2788,160,10.570061,0.919424,0.138899,0.0,0.0,0.00199477,0.388699,0.663618,0.604352,0.960313,0.887063,10148.4,129.4,311.8,546.0,100.0,1.0
445529,2789,165,12.603547,0.319079,0.090207,3e-05,0.0,0.00270153,0.398299,0.696958,0.536595,1.0,0.918401,10275.4,127.6,364.0,475.9,100.0,1.0
445691,2790,162,6.759658,1.0,0.121167,0.018552,8e-06,0.00205961,0.119036,0.424514,0.062635,0.562615,0.873608,9237.4,147.8,289.3,597.5,100.0,1.0
445840,2791,149,7.939476,1.0,0.075423,0.014439,0.0,0.00275449,0.121272,0.037265,-0.028172,0.861647,0.919545,7762.0,104.2,365.9,241.2,100.0,1.0
446001,2792,161,11.557353,1.0,0.125851,0.019428,0.0,0.00294693,0.299587,0.581001,0.309529,0.913506,0.968073,9833.6,128.5,446.8,178.5,100.0,1.0
446158,2793,157,8.950585,0.377932,0.136557,0.0,2.1e-05,0.00202562,0.281466,0.464951,0.393754,0.852987,0.861368,9391.5,126.7,268.9,552.1,100.0,1.0
446322,2794,164,10.617646,0.582457,0.05715,0.0,3.9e-05,0.00258228,0.287653,0.595643,0.358829,0.832201,0.920085,9889.4,134.9,366.8,372.6,100.0,1.0
446486,2795,164,8.9811,0.344447,0.135735,0.0,0.0,0.00219818,0.241037,0.532952,0.472429,0.699941,0.87768,9650.5,141.9,296.1,647.1,100.0,1.0
446647,2796,161,8.749472,0.893929,0.134306,0.0,0.0,0.00183999,0.289747,0.640497,0.350046,0.775117,0.861712,10060.3,141.7,269.5,665.3,100.0,1.0
446809,2797,162,7.935153,0.652354,0.087594,0.004053,0.0,0.00224779,0.167263,0.379191,0.291112,0.673344,0.903933,9064.7,135.4,339.9,603.0,100.0,1.0
446972,2798,163,11.763001,-0.12504,0.124595,0.0,0.0,0.0026029,0.363499,0.624517,0.475067,0.980352,0.929111,9999.4,126.2,381.9,564.5,100.0,1.0
447127,2799,155,6.152105,0.966953,0.066591,0.0,0.0,0.00181261,0.131065,0.219356,0.138837,0.702126,0.874034,8455.7,124.2,290.1,577.8,100.0,1.0
447287,2800,160,6.46643,0.776195,0.128355,0.0,0.0,0.00164119,0.170437,0.257779,0.218416,0.742104,0.850763,8602.1,123.4,251.3,916.3,100.0,1.0
447449,2801,162,11.7366,0.2,0.144464,0.0,0.342547,0.00265844,0.355297,0.624297,0.33386,0.999212,0.935393,9998.6,125.0,392.3,441.5,100.0,1.0
447604,2802,155,9.717748,0.391906,0.129619,0.0,8e-06,0.00202392,0.337083,0.557222,0.424988,0.950809,0.900181,9743.0,124.9,333.6,581.0,100.0,1.0
447763,2803,159,8.784203,0.899549,0.122378,0.0,0.0,0.00205638,0.261278,0.594196,0.377026,0.750896,0.901326,9883.9,141.1,335.5,520.7,100.0,1.0
447923,2804,160,9.192581,0.2,0.132022,0.0,0.001444,0.00175994,0.333944,0.663852,0.471857,0.843431,0.866307,10149.3,137.6,277.2,808.8,100.0,1.0
448077,2805,154,8.803204,0.117479,0.121754,0.010847,0.0,0.00180938,0.310765,0.586455,0.33683,0.875328,0.878653,9854.4,131.4,297.8,471.6,100.0,1.0
448240,2806,163,6.030926,0.435312,0.070602,0.043128,0.0,0.00263352,-0.025481,0.006266,-0.174856,0.585235,0.974623,7643.9,120.5,457.7,402.5,100.0,1.0
448399,2807,159,13.473647,1.0,0.126593,0.022964,0.0,0.00348714,0.347848,0.586841,0.389926,1.0,0.951419,9855.9,120.3,419.0,213.7,100.0,1.0
448554,2808,155,4.86356,0.2,0.128405,0.026415,0.02617,0.00229151,-0.02943,0.070018,-0.048554,0.480352,0.936878,7886.8,133.2,394.8,687.8,100.0,1.0
448712,2809,158,8.441079,0.203748,0.121129,0.003915,0.0,0.00196156,0.255391,0.505222,0.461747,0.770983,0.90193,9544.9,134.7,336.6,523.8,100.0,1.0
448875,2810,163,9.468747,0.695286,0.120333,0.0,0.0,0.00207278,0.296242,0.534037,0.373468,0.851717,0.861202,9654.7,130.3,268.7,638.4,100.0,1.0
449037,2811,162,6.951836,0.484245,0.08413,0.017191,0.000172,0.00201786,0.13864,0.396655,0.175756,0.609849,0.888157,9131.3,141.8,313.6,774.0,100.0,1.0
449192,2812,155,11.780518,0.795241,0.139146,0.0,0.0,0.00253902,0.395342,0.69852,0.506143,1.0,0.919611,10281.4,114.7,366.0,296.9,100.0,1.0
449347,2813,155,7.624737,0.534934,0.158807,0.000274,1.9e-05,0.00156771,0.267593,0.614635,0.542762,0.676206,0.843298,9961.8,148.6,238.8,913.7,100.0,1.0
449506,2814,159,6.171789,1.0,0.092896,0.0,0.000121,0.00173837,0.136856,0.322271,0.150049,0.643856,0.865034,8847.9,134.6,275.1,575.6,100.0,1.0
449658,2815,152,9.624369,0.617778,0.077761,0.0,0.0,0.00249511,0.265144,0.31898,0.415062,0.927785,0.908886,8835.3,114.6,348.1,381.2,100.0,1.0
449813,2816,155,5.914125,0.2,0.081435,0.002944,0.050186,0.0016234,0.14434,0.334577,0.230229,0.629279,0.856155,8894.7,136.5,260.3,1214.6,100.0,1.0
449974,2817,161,7.120566,0.906016,0.133894,0.0,0.0,0.00164319,0.212136,0.343245,0.274424,0.796058,0.878164,8927.8,124.3,296.9,617.1,100.0,1.0
450133,2818,159,10.341088,0.2,0.158647,0.00916,0.0,0.00220414,0.341786,0.697058,0.544384,0.85282,0.912177,10275.8,138.7,353.6,519.0,100.0,1.0
450290,2819,157,6.70719,1.0,0.136102,0.004534,0.0,0.00214999,0.111422,0.21915,0.239486,0.646147,0.903093,8455.0,128.4,338.5,563.5,100.0,1.0
450452,2820,162,12.747301,0.751886,0.107176,0.0,9e-06,0.00292189,0.379962,0.648565,0.507436,1.0,0.931691,10091.0,125.7,386.2,375.5,100.0,1.0
450608,2821,156,6.376357,0.885736,0.074772,0.0,1.7e-05,0.00185021,0.138215,0.257538,0.119173,0.694788,0.864006,8601.2,126.9,273.3,629.2,100.0,1.0
450769,2822,161,9.685814,0.82212,0.1177,0.0,1.8e-05,0.00182265,0.354884,0.714182,0.440831,0.883631,0.88479,10341.0,137.2,308.0,463.4,100.0,1.0
450924,2823,155,8.801683,0.2,0.140998,0.019307,0.045219,0.0019628,0.284878,0.591757,0.318713,0.822751,0.896131,9874.6,135.4,326.9,793.1,100.0,1.0
451077,2824,153,10.049939,0.554485,0.137578,0.003585,0.0,0.00238447,0.307808,0.453282,0.382775,0.968239,0.924343,9347.0,118.7,373.9,521.5,100.0,1.0
451235,2825,158,9.999349,0.533321,0.136965,0.0,1.7e-05,0.00189952,0.369105,0.757573,0.520124,0.870925,0.882682,10506.4,140.4,304.5,556.4,100.0,1.0
451395,2826,160,6.027874,-0.658044,0.086546,0.000301,0.0,0.00192856,0.094842,0.269503,0.17746,0.570541,0.873985,8646.8,137.6,290.0,653.6,100.0,1.0
451552,2827,157,10.731719,0.777643,0.138324,0.005324,0.0,0.00213425,0.383064,0.698614,0.456737,0.959581,0.884384,10281.7,131.2,307.3,354.6,100.0,1.0
451709,2828,157,4.927231,0.76611,0.041746,0.0,0.0,0.00212836,-0.00445,0.081323,-0.084694,0.531014,0.914867,7929.8,129.5,358.1,373.8,100.0,1.0
451866,2829,157,11.256655,0.870788,0.110872,0.0,0.0,0.00251275,0.358682,0.554631,0.517243,1.0,0.926799,9733.1,118.6,378.0,287.0,100.0,1.0
452029,2830,163,5.293178,0.2,0.127338,0.003528,1.6e-05,0.00204567,0.020724,0.059385,-0.013,0.574386,0.890307,7846.3,124.6,317.2,882.6,100.0,1.0
452190,2831,161,8.143384,0.2,0.076102,0.0,0.0,0.00182766,0.250582,0.618336,0.450308,0.676753,0.878936,9975.9,148.7,298.2,855.5,100.0,1.0
452346,2832,156,11.363013,0.2,0.109199,0.006827,0.174134,0.0023008,0.401315,0.690082,0.560023,1.0,0.908829,10249.2,118.4,348.0,552.1,100.0,1.0
452503,2833,157,5.926376,0.2,0.090521,0.0,0.014742,0.00191055,0.096542,0.255737,0.08596,0.626503,0.906357,8594.4,132.1,343.9,810.7,100.0,1.0
452664,2834,161,8.385619,0.457751,0.141506,0.0,1.1e-05,0.00186354,0.260943,0.570541,0.389658,0.752581,0.886761,9793.8,139.7,311.3,648.9,100.0,1.0
452826,2835,162,6.965217,0.2,0.087982,0.013361,0.0,0.00194589,0.150686,0.369345,0.08922,0.680643,0.891316,9027.2,134.3,318.9,769.9,100.0,1.0
452991,2836,165,8.024242,0.285987,0.086872,0.0,0.067053,0.00225568,0.164546,0.411212,0.143015,0.701726,0.932997,9186.7,135.0,388.3,421.5,100.0,1.0
453150,2837,159,8.178279,0.898862,0.087707,0.0,0.0,0.00231097,0.179572,0.369904,0.240668,0.744613,0.939265,9029.3,129.4,398.8,505.9,100.0,1.0
453319,2838,169,10.610541,0.810697,0.105368,0.0,2.6e-05,0.00236563,0.309898,0.73229,0.304887,0.80774,0.907037,10410.0,144.0,345.1,441.6,100.0,1.0
453476,2839,157,10.761306,0.453988,0.096492,0.000476,0.0,0.00193859,0.415396,0.738564,0.705902,0.951713,0.882081,10433.9,133.7,303.5,475.7,100.0,1.0
453636,2840,160,8.049775,0.466099,0.086542,0.006325,0.0,0.00217019,0.191144,0.494696,0.348686,0.639774,0.893235,9504.8,144.9,322.1,531.4,100.0,1.0
453789,2841,153,11.683404,0.548276,0.063583,0.0,0.0,0.00282856,0.348639,0.515736,0.526427,1.0,0.931751,9585.0,117.8,386.3,317.9,100.0,1.0
453951,2842,162,5.089493,0.552061,0.073962,0.0,1.3e-05,0.00188887,0.034411,0.301664,0.016862,0.444846,0.88252,8769.3,151.7,304.2,992.7,100.0,1.0
454116,2843,165,7.811062,0.431955,0.153038,0.000265,3.5e-05,0.00222099,0.155942,0.463913,0.278721,0.601199,0.913553,9387.5,146.6,355.9,563.1,100.0,1.0
454282,2844,166,7.172386,0.870936,0.102525,0.001753,0.0,0.00204568,0.140085,0.48425,0.22943,0.559743,0.911273,9465.0,151.7,352.1,637.5,100.0,1.0
454443,2845,161,8.197464,0.2,0.103467,0.00498,0.0,0.00182071,0.255044,0.617974,0.269843,0.741864,0.892716,9974.5,143.2,321.2,900.9,100.0,1.0
454603,2846,160,7.703517,0.296568,0.088279,0.001905,3e-06,0.0018845,0.213585,0.521465,0.18642,0.715146,0.885928,9606.8,140.0,309.9,867.5,100.0,1.0
454765,2847,162,6.7584,0.008314,0.030455,0.007039,0.0,0.00171664,0.17377,0.448707,0.174209,0.65439,0.870333,9329.6,141.0,283.9,610.4,100.0,1.0
454923,2848,158,8.450666,1.0,0.091194,0.02077,0.0,0.00239827,0.186057,0.451742,0.122222,0.721601,0.910963,9341.1,135.6,351.6,383.7,100.0,1.0
455082,2849,159,8.976859,1.0,0.127705,0.000495,0.0,0.00219918,0.250483,0.559082,0.287554,0.784495,0.927366,9750.1,136.6,378.9,407.9,100.0,1.0
455241,2850,159,10.207314,1.0,0.135351,0.043582,0.0,0.00259904,0.269163,0.511239,0.382897,0.837801,0.928227,9567.8,130.2,380.4,589.3,100.0,1.0
455400,2851,159,8.934744,1.0,0.116951,0.0,0.0,0.00221644,0.244921,0.48743,0.275316,0.805255,0.90628,9477.1,131.2,343.8,372.4,100.0,1.0
455560,2852,160,9.404193,0.900648,0.11577,0.0,0.0,0.00247238,0.233142,0.476891,0.297386,0.764683,0.88677,9437.0,133.7,311.3,417.5,100.0,1.0
455719,2853,159,8.898829,0.36092,0.138192,0.0,0.0,0.00231835,0.226329,0.456902,0.251932,0.786186,0.910256,9360.8,131.0,350.4,539.6,100.0,1.0
455877,2854,158,9.790316,0.470421,0.126951,0.0,0.0,0.00183908,0.36395,0.658685,0.45995,0.921569,0.861375,10129.6,131.8,269.0,522.3,100.0,1.0
456034,2855,157,3.878767,0.2,0.058903,0.0,0.233628,0.00199037,-0.05318,-0.037876,-0.153842,0.496061,0.907004,7475.7,124.9,345.0,578.5,100.0,1.0
456195,2856,161,8.829183,0.414449,0.095714,0.001735,0.0,0.00207675,0.255848,0.479203,0.334247,0.807649,0.881748,9445.8,130.6,302.9,667.5,100.0,1.0
456352,2857,157,11.676821,0.328935,0.097287,0.0,0.024633,0.00229156,0.420777,0.814792,0.43535,1.0,0.905824,10724.4,129.0,343.0,487.6,100.0,1.0
456516,2858,164,12.524187,0.471917,0.131538,0.0,2.8e-05,0.00278211,0.380987,0.748601,0.433175,0.974906,0.957772,10472.2,132.6,429.6,347.9,100.0,1.0
456676,2859,160,8.293359,0.599487,0.15279,0.009383,0.0,0.00194003,0.244034,0.631666,0.273214,0.701478,0.887181,10026.6,147.3,312.0,718.9,100.0,1.0
456835,2860,159,6.823765,-0.279351,0.08273,0.011697,3.3e-05,0.00184459,0.162869,0.390639,0.164629,0.68471,0.900551,9108.3,135.2,334.3,642.0,100.0,1.0
456996,2861,161,10.293263,0.2,0.059761,0.008207,0.153574,0.00219884,0.334035,0.624049,0.589724,0.870962,0.917337,9997.6,133.6,362.2,630.0,100.0,1.0
457156,2862,160,1.132022,-0.140851,-0.138427,0.0,0.44764,0.00175873,-0.205715,-0.121005,-0.394276,0.214442,0.88725,7159.0,147.4,312.1,669.5,100.0,1.0
457315,2863,159,7.994836,0.246095,0.096789,0.0,0.024026,0.001738,0.257993,0.578607,0.519896,0.696795,0.869464,9824.5,144.8,282.4,712.2,100.0,1.0
457477,2864,162,8.731023,0.273786,0.098727,0.018294,0.0,0.00274926,0.138161,0.363825,0.148609,0.670467,0.943372,9006.2,134.8,405.6,339.4,100.0,1.0
457642,2865,165,11.795288,0.2,0.138955,0.0,0.048368,0.00277348,0.330844,0.533398,0.303976,1.0,0.931613,9652.2,114.4,386.0,437.9,100.0,1.0
457800,2866,158,6.106385,0.2,0.130399,0.006815,0.120352,0.00163494,0.149887,0.345126,0.293504,0.626109,0.864754,8934.9,137.4,274.6,885.3,100.0,1.0
457966,2867,166,5.575493,0.348013,0.088135,0.0,3.8e-05,0.00212547,0.019864,0.150419,-0.012935,0.526389,0.908012,8193.1,134.2,346.7,604.1,100.0,1.0
458118,2868,152,10.090867,0.871419,0.130958,0.00971,0.0,0.00210218,0.354952,0.542345,0.498403,0.98163,0.892506,9686.3,122.2,320.8,565.0,100.0,1.0
458279,2869,161,11.211071,0.787061,0.094067,0.0,1.2e-05,0.00229319,0.380154,0.624823,0.516084,1.0,0.910639,10000.6,120.7,351.1,682.9,100.0,1.0
458435,2870,156,8.39627,0.2,0.125734,0.006396,1e-06,0.00240141,0.186593,0.437615,0.227014,0.716378,0.928255,9287.3,135.3,380.4,390.6,100.0,1.0
458601,2871,166,6.453112,0.452743,-0.01994,0.009491,0.0,0.0022575,0.056583,0.251541,-0.054015,0.566901,0.910644,8578.4,136.9,351.1,550.0,100.0,1.0
458763,2872,162,9.862899,0.619675,0.125738,0.0,0.0,0.00261518,0.235613,0.437096,0.222313,0.835852,0.920933,9285.3,126.4,368.2,780.0,100.0,1.0
458921,2873,158,7.650761,0.281168,0.145266,0.0,0.007871,0.0018726,0.215548,0.515823,0.185521,0.735734,0.905013,9585.3,138.1,341.7,510.8,100.0,1.0
459081,2874,160,10.07888,0.250205,0.129682,0.029429,2.1e-05,0.00203938,0.347391,0.590951,0.408943,0.955101,0.893124,9871.5,126.2,321.9,669.3,100.0,1.0
459244,2875,163,7.889212,0.808267,0.130701,0.007861,1e-06,0.0019944,0.202227,0.53264,0.290286,0.670103,0.912012,9649.4,144.4,353.4,500.2,100.0,1.0
459405,2876,161,9.446568,-0.11993,0.042083,0.009438,0.0001,0.00273305,0.191394,0.337177,0.070347,0.832572,0.931856,8904.6,121.5,386.4,352.2,100.0,1.0
459558,2877,153,9.397667,0.765601,0.135426,0.0,0.0,0.00162084,0.380174,0.675482,0.512476,0.945721,0.87293,10193.6,131.0,288.2,599.2,100.0,1.0
459714,2878,156,9.228303,0.2,0.151129,0.002416,0.03944,0.00200691,0.303736,0.51197,0.480673,0.876859,0.892271,9570.6,127.5,320.5,669.0,100.0,1.0
459880,2879,166,8.104236,-0.174111,0.149526,0.008932,0.0,0.00196351,0.215708,0.576481,0.379883,0.639618,0.888992,9816.4,149.7,315.0,769.4,100.0,1.0
460037,2880,157,7.421138,0.2,0.14412,0.0,0.009512,0.00159622,0.24535,0.395617,0.31534,0.832234,0.871928,9127.3,124.5,286.5,947.7,100.0,1.0
460194,2881,157,5.419074,0.2,0.064893,0.000205,0.163931,0.00178898,0.08126,0.197802,0.025538,0.617521,0.871011,8373.6,129.4,285.0,922.7,100.0,1.0
460355,2882,161,10.32301,1.0,0.121435,0.021852,0.0,0.00228706,0.321548,0.627132,0.414287,0.888471,0.92821,10009.4,132.5,380.3,340.8,100.0,1.0
460515,2883,160,10.891368,0.224528,0.07651,0.003697,0.0,0.002335,0.354118,0.821731,0.500821,0.83101,0.935202,10750.8,146.8,392.0,395.0,100.0,1.0
460674,2884,159,7.349814,0.2,0.081093,0.005658,1.9e-05,0.00173518,0.21517,0.547387,0.467008,0.630306,0.882001,9705.5,148.8,303.3,744.5,100.0,1.0
460831,2885,157,8.76985,0.2,0.091808,0.0,0.324679,0.00198257,0.27462,0.459489,0.432796,0.851508,0.896539,9370.7,126.5,327.6,752.0,100.0,1.0
460994,2886,163,12.190147,1.0,0.07366,0.011434,0.0,0.00260795,0.389297,0.674327,0.581091,0.99034,0.93412,10189.2,128.0,390.2,389.1,100.0,1.0
461153,2887,159,7.618594,0.805773,0.110399,0.0,0.0,0.00210138,0.174859,0.384144,0.246,0.721042,0.936773,9083.6,131.9,394.6,434.8,100.0,1.0
461313,2888,160,11.721062,1.0,0.129849,0.018791,0.000145,0.00279399,0.336057,0.57224,0.27793,1.0,0.939183,9800.2,122.5,398.6,364.2,100.0,1.0
461475,2889,162,9.900751,0.936729,0.071665,0.0,0.0,0.00266131,0.230428,0.591635,0.197975,0.728193,0.914224,9874.1,142.8,357.0,505.1,100.0,1.0
461637,2890,162,9.0486,0.682923,0.037368,0.0,0.0,0.00200359,0.280043,0.596648,0.291593,0.806999,0.884314,9893.2,136.9,307.2,536.2,100.0,1.0
461803,2891,166,6.269382,0.2,0.111966,0.0,0.078719,0.00218261,0.056577,0.297852,0.048869,0.509625,0.906492,8754.8,145.0,344.2,626.1,100.0,1.0
461961,2892,158,8.134356,0.213058,0.103633,0.006176,0.0,0.00226255,0.185985,0.334107,0.215272,0.778844,0.922424,8892.9,125.0,370.7,423.6,100.0,1.0
462127,2893,166,8.713705,0.947118,0.090274,0.0,0.0,0.00248768,0.169212,0.397534,0.332618,0.678246,0.938927,9134.6,136.1,398.2,598.6,100.0,1.0
462284,2894,157,8.614772,0.2,0.067949,0.0,0.007697,0.00204658,0.25423,0.465879,0.37033,0.816019,0.902723,9395.0,129.3,337.9,486.7,100.0,1.0
462442,2895,158,10.541824,0.494779,0.139122,0.0,0.00017,0.0023183,0.337971,0.59302,0.388233,0.941413,0.902689,9879.4,127.2,337.8,360.8,100.0,1.0
462600,2896,158,10.802029,0.774138,0.107581,0.0,2.6e-05,0.00227426,0.362307,0.645588,0.475506,0.954187,0.913263,10079.7,128.9,355.4,456.3,100.0,1.0
462762,2897,162,11.890541,0.2,0.13805,0.0,0.012236,0.00248178,0.392349,0.707281,0.439333,1.0,0.913617,10314.7,128.0,356.0,418.4,100.0,1.0
462922,2898,160,8.390421,0.912076,0.079755,0.007401,2.5e-05,0.00300142,0.080374,0.149448,0.057147,0.693433,0.960303,8189.4,120.9,433.8,212.9,100.0,1.0
463084,2899,162,7.596849,0.293747,0.181573,0.0,0.009785,0.00164112,0.241754,0.526528,0.356608,0.728253,0.867358,9626.1,139.2,278.9,920.1,100.0,1.0
463244,2900,160,11.707197,0.839553,0.159085,0.0,9e-06,0.00284252,0.327497,0.557321,0.391267,0.952723,0.928194,9743.4,124.7,380.3,410.0,100.0,1.0
463406,2901,162,5.603499,0.2,0.057632,0.0,4e-06,0.00198528,0.052848,0.29947,0.012207,0.52688,0.935968,8761.0,143.4,393.3,616.2,100.0,1.0
463569,2902,163,9.705842,0.2,0.152283,0.02002,0.000582,0.00240539,0.256497,0.496482,0.323625,0.832456,0.931871,9511.6,129.8,386.5,417.6,100.0,1.0
463729,2903,160,7.467731,0.72286,0.113173,0.0,1.1e-05,0.00222404,0.143167,0.316044,0.229856,0.670848,0.908673,8824.1,132.0,347.8,652.7,100.0,1.0
463883,2904,154,9.528582,0.270489,0.130057,0.0,6e-05,0.00226169,0.288405,0.516132,0.399325,0.852506,0.886251,9586.5,129.4,310.4,536.2,100.0,1.0
464037,2905,154,8.343975,0.735712,0.100003,0.0,0.0,0.00216538,0.224061,0.443014,0.203145,0.783851,0.882192,9307.9,130.4,303.7,672.2,100.0,1.0
464192,2906,155,10.856838,0.675055,0.156478,0.003164,0.0,0.0022517,0.376384,0.60559,0.572272,1.0,0.928963,9927.3,121.5,381.6,275.6,100.0,1.0
464353,2907,161,6.488235,0.907999,0.040402,0.0,0.0,0.00188284,0.13035,0.250493,0.135191,0.695344,0.89572,8574.4,126.4,326.2,798.3,100.0,1.0
464513,2908,160,9.193722,0.468847,0.160315,0.0,1.4e-05,0.00214686,0.270705,0.483652,0.387058,0.841252,0.90166,9462.7,128.5,336.1,708.1,100.0,1.0
464674,2909,161,12.817571,0.860051,0.12384,0.000273,0.0,0.00284268,0.398706,0.707875,0.534931,1.0,0.927025,10317.0,125.6,378.4,435.7,100.0,1.0
464833,2910,159,9.100312,-0.165884,0.096278,0.01816,4e-05,0.00209326,0.275229,0.603428,0.479332,0.744305,0.885134,9919.1,142.2,308.6,793.9,100.0,1.0
464993,2911,160,9.533057,0.892009,0.113855,0.0,0.0,0.00223839,0.278807,0.589889,0.448803,0.784971,0.910137,9867.5,138.2,350.2,537.2,100.0,1.0
465154,2912,161,9.65432,0.2,0.129619,0.003629,0.028762,0.00203662,0.317136,0.673007,0.479625,0.816203,0.902236,10184.2,140.2,337.1,919.7,100.0,1.0
465319,2913,165,9.7537,0.716436,0.142314,0.0,8e-06,0.00240634,0.254632,0.610909,0.39672,0.734062,0.925568,9947.6,143.4,375.9,798.2,100.0,1.0
465477,2914,158,9.072392,0.536056,0.143145,0.017001,3.5e-05,0.00202356,0.286434,0.580846,0.397225,0.8174,0.901839,9833.0,135.3,336.4,479.3,100.0,1.0
465640,2915,163,10.114105,0.558686,0.14084,0.0,2e-06,0.00182232,0.378684,0.86162,0.521635,0.822358,0.87131,10902.8,149.6,285.5,769.0,100.0,1.0
465799,2916,159,10.45413,0.725612,0.135316,0.001056,0.0,0.00221611,0.346058,0.608524,0.442993,0.943252,0.910692,9938.5,127.9,351.2,462.5,100.0,1.0
465954,2917,155,11.109933,0.698031,0.192276,0.014372,0.0,0.0024154,0.367857,0.580047,0.50098,1.0,0.909011,9830.0,113.1,348.4,413.5,100.0,1.0
466114,2918,160,5.323848,1.0,0.10933,0.034365,0.0,0.00173731,0.077705,0.341526,0.059784,0.523646,0.892455,8921.2,146.4,320.8,695.3,100.0,1.0
466276,2919,162,10.435128,1.0,0.151202,0.0,0.0,0.00236207,0.314442,0.483373,0.40139,0.961539,0.924624,9461.6,120.6,374.4,370.4,100.0,1.0
466436,2920,160,10.60734,0.941005,0.158823,0.0,0.0,0.00233703,0.33469,0.569899,0.366005,0.960069,0.913652,9791.3,124.9,356.1,538.5,100.0,1.0
466589,2921,153,11.602149,0.643513,0.184332,0.007558,3e-06,0.00263986,0.371199,0.647749,0.422159,1.0,0.931818,10087.9,122.2,386.4,436.6,100.0,1.0
466745,2922,156,12.001224,0.964182,0.176536,0.000146,0.0,0.00261326,0.394124,0.706212,0.472578,1.0,0.918749,10310.7,124.7,364.6,263.6,100.0,1.0
466899,2923,154,9.454809,1.0,0.114916,0.002715,0.0,0.00217278,0.297054,0.566531,0.359762,0.86308,0.903148,9778.5,131.2,338.6,386.2,100.0,1.0
467059,2924,160,8.343324,0.2,0.107998,0.0,0.18283,0.00210459,0.220644,0.459023,0.131446,0.798523,0.906663,9368.9,130.2,344.4,719.4,100.0,1.0
467216,2925,157,5.920011,0.568202,0.052838,0.0,0.0,0.00222065,0.046833,0.07926,0.007079,0.643204,0.923886,7922.0,120.5,373.1,485.7,100.0,1.0
467377,2926,161,8.666225,-0.049127,0.072469,0.019268,1.2e-05,0.00261142,0.158492,0.450347,0.257448,0.637362,0.93914,9335.8,142.5,398.6,570.5,100.0,1.0
467540,2927,163,6.849391,0.671805,0.123315,0.0,0.0,0.00163332,0.191329,0.496384,0.171146,0.669789,0.871189,9511.2,142.4,285.3,558.8,100.0,1.0
467702,2928,162,9.805,0.911321,0.106196,0.010077,0.0,0.00248842,0.25186,0.404601,0.386063,0.866205,0.937515,9161.5,122.7,395.9,556.8,100.0,1.0
467855,2929,153,9.76756,1.0,0.136649,0.020433,0.0,0.00216073,0.321901,0.538988,0.378182,0.939441,0.905762,9673.5,124.7,342.9,368.2,100.0,1.0
468017,2930,162,11.169116,0.444394,0.110674,0.0,7e-06,0.00234684,0.365927,0.575944,0.528347,1.0,0.923573,9814.3,115.7,372.6,858.1,100.0,1.0
468169,2931,152,9.258522,0.892123,0.103215,0.0,0.0,0.00271422,0.205959,0.316107,0.236999,0.818122,0.896066,8824.4,121.3,326.8,413.8,100.0,1.0
468334,2932,165,10.098178,0.364196,0.162312,0.0,0.041382,0.00227872,0.298662,0.513026,0.472809,0.884926,0.923384,9574.6,127.0,372.3,553.8,100.0,1.0
468491,2933,157,8.389439,0.720177,0.071338,0.000859,0.0,0.00243501,0.178201,0.376712,0.117296,0.756681,0.921518,9055.3,128.9,369.2,288.9,100.0,1.0
468652,2934,161,9.973338,0.2,0.141657,0.000668,1.3e-05,0.00201309,0.342193,0.781625,0.402522,0.834998,0.909858,10598.0,144.4,349.8,448.6,100.0,1.0
468815,2935,163,9.151565,0.317467,0.140365,0.0,0.0,0.0020796,0.272403,0.634848,0.32233,0.778658,0.92002,10038.8,141.1,366.7,439.1,100.0,1.0
468978,2936,163,6.00048,0.419251,-0.022567,0.0,0.000105,0.00239166,0.011023,0.19231,-0.105178,0.499922,0.906024,8352.7,139.2,343.4,485.3,100.0,1.0
469133,2937,155,10.520296,0.530916,0.148442,0.0,8.2e-05,0.00215337,0.369066,0.613758,0.423139,1.0,0.90675,9958.4,119.5,344.6,424.7,100.0,1.0
469288,2938,155,9.671259,0.594712,0.077097,0.0,7e-06,0.00176131,0.373076,0.709755,0.55291,0.89973,0.878182,10324.2,135.9,297.0,687.0,100.0,1.0
469447,2939,159,10.524607,0.833508,0.111528,0.003014,2.6e-05,0.002195,0.354057,0.532509,0.488429,1.0,0.911652,9648.9,115.6,352.8,517.7,100.0,1.0
469604,2940,157,7.849833,0.546952,0.096165,0.0,0.0,0.00198398,0.212881,0.396127,0.306832,0.766994,0.894527,9129.2,129.2,324.2,652.3,100.0,1.0
469763,2941,159,6.628658,0.2,0.114476,0.0,0.056048,0.00200795,0.123501,0.387065,0.088168,0.619279,0.919174,9094.7,140.4,365.3,495.8,100.0,1.0
469921,2942,158,8.605465,0.373693,0.149636,0.0,0.0,0.00190998,0.272977,0.56116,0.278151,0.822633,0.896727,9758.0,133.8,327.9,635.0,100.0,1.0
470076,2943,155,11.31875,1.0,0.110086,0.0,0.0,0.00236605,0.389199,0.668736,0.518464,1.0,0.919326,10167.9,121.5,365.5,396.7,100.0,1.0
470238,2944,162,9.62833,0.2,0.165293,0.002217,0.017461,0.00200252,0.318632,0.672804,0.521985,0.815718,0.91222,10183.4,140.2,353.7,822.0,100.0,1.0
470399,2945,161,8.676064,0.2,0.072395,0.000709,0.109852,0.00200317,0.256928,0.457433,0.298073,0.839751,0.892553,9362.8,127.2,320.9,812.5,100.0,1.0
470566,2946,167,11.367555,0.2,0.112519,0.0,0.125864,0.00206065,0.415034,0.862426,0.514883,0.929358,0.895214,10905.8,141.3,325.4,590.1,100.0,1.0
470730,2947,164,8.084286,-0.117646,0.136001,0.0,2e-05,0.00161276,0.275372,0.622079,0.420924,0.752,0.89216,9990.1,142.6,320.3,671.2,100.0,1.0
470894,2948,164,6.922934,0.461844,0.083785,0.026654,0.000107,0.00200511,0.133447,0.405198,0.048308,0.626675,0.893415,9163.8,140.8,322.4,427.0,100.0,1.0
471056,2949,162,10.954632,0.868495,0.121225,0.0,7e-06,0.00208367,0.39392,0.845831,0.521503,0.898743,0.916742,10842.6,142.8,361.2,623.0,100.0,1.0
471219,2950,163,9.585503,0.590564,0.069812,0.0,0.0,0.00189816,0.330629,0.715883,0.508984,0.813009,0.897777,10347.5,142.7,329.6,804.4,100.0,1.0
471372,2951,153,8.636655,1.0,0.101846,0.033893,0.0,0.0025298,0.189586,0.384147,0.163615,0.798037,0.968107,9083.6,126.3,446.8,165.7,100.0,1.0
471536,2952,164,10.691011,0.554739,0.131543,0.0,0.0,0.00221439,0.350635,0.784808,0.373522,0.864025,0.914115,10610.1,142.3,356.9,492.9,100.0,1.0
471694,2953,158,8.513932,0.417416,0.118902,0.0,6.1e-05,0.00150071,0.331298,0.638917,0.483117,0.850851,0.868335,10054.3,135.8,280.6,794.9,100.0,1.0
471856,2954,162,11.594166,1.0,0.090369,0.0,2e-06,0.00254534,0.361697,0.709039,0.484701,0.927459,0.940068,10321.4,133.9,400.1,321.8,100.0,1.0
472014,2955,158,7.081051,0.2,0.271726,0.0,0.0,0.00210806,0.139667,0.3042,0.075739,0.728458,0.94136,8779.0,127.0,402.3,370.7,100.0,1.0
472171,2956,157,9.335111,0.2,0.09042,0.0,0.0,0.0018849,0.327245,0.568428,0.554206,0.875551,0.882011,9785.7,130.4,303.4,679.6,100.0,1.0
472336,2957,165,4.897873,0.397688,0.02495,0.005126,0.0,0.00234635,-0.060196,0.1483,-0.211914,0.389765,0.927943,8185.0,147.2,379.9,436.8,100.0,1.0
472495,2958,159,12.319741,1.0,0.120396,0.0,0.0,0.00272446,0.3892,0.675935,0.553871,1.0,0.940681,10195.3,118.2,401.1,310.8,100.0,1.0
472663,2959,168,8.346025,0.801173,0.066736,0.013743,0.0,0.00243782,0.147603,0.36857,0.242481,0.662021,0.934382,9024.3,135.7,390.6,568.9,100.0,1.0
472822,2960,159,7.897227,-0.194935,0.145652,0.0,9e-06,0.00189946,0.225181,0.559465,0.383577,0.674227,0.890934,9751.6,145.6,318.2,730.3,100.0,1.0
472975,2961,153,7.969284,0.500563,0.125105,0.0,5.6e-05,0.00156555,0.292438,0.663622,0.486506,0.747869,0.885063,10148.4,145.2,308.4,1060.5,100.0,1.0
473129,2962,154,7.065496,0.380327,0.143652,0.003769,1.7e-05,0.00168527,0.212069,0.4264,0.36008,0.717801,0.870636,9244.6,134.5,284.4,702.0,100.0,1.0
473287,2963,158,9.622107,1.0,0.150296,0.017915,0.0,0.00260147,0.231206,0.313549,0.187713,0.913191,0.924915,8814.6,115.2,374.9,486.1,100.0,1.0
473449,2964,162,7.847693,0.314584,0.094084,0.0,5e-06,0.00205918,0.190219,0.473497,0.221525,0.677801,0.885714,9424.0,140.4,309.5,503.7,100.0,1.0
473609,2965,160,5.217107,1.0,0.056685,0.000823,0.0,0.00167967,0.079454,0.381027,0.030223,0.517419,0.903172,9071.7,149.5,338.6,687.9,100.0,1.0
473770,2966,161,7.226952,0.40523,-0.000701,0.003453,0.0,0.00240543,0.095035,0.236736,-0.015027,0.675748,0.931781,8522.0,127.1,386.3,416.3,100.0,1.0
473930,2967,160,7.649325,0.795893,0.133952,0.0,7.5e-05,0.00192055,0.203198,0.556208,0.216019,0.666825,0.896741,9739.2,146.1,327.9,603.3,100.0,1.0
474089,2968,159,10.15728,0.842207,0.136484,0.0,0.0,0.00220694,0.326931,0.445521,0.539946,0.967528,0.901821,9317.4,118.4,336.4,677.6,100.0,1.0
474245,2969,156,9.035631,0.815711,0.139201,0.00636,2e-06,0.00201156,0.289168,0.630036,0.430393,0.777526,0.889565,10020.4,140.9,315.9,843.0,100.0,1.0
474405,2970,160,9.441148,0.490781,0.138053,0.0,0.0,0.00189056,0.327508,0.58943,0.549706,0.875062,0.899381,9865.7,131.5,332.3,664.8,100.0,1.0
474568,2971,163,3.614347,0.685732,0.018934,0.0,2e-06,0.00181106,-0.054026,0.165429,-0.183932,0.3534,0.873399,8250.3,152.4,289.0,611.0,100.0,1.0
474726,2972,158,12.187631,1.0,0.091419,0.023626,0.0,0.00290253,0.354652,0.576212,0.473249,1.0,0.946905,9815.4,117.5,411.5,346.3,100.0,1.0
474889,2973,163,6.209473,0.848407,0.076833,0.0,0.0,0.00167868,0.14073,0.387991,0.20728,0.625231,0.908353,9098.2,140.0,347.3,502.0,100.0,1.0
475039,2974,150,7.150055,0.911033,0.109333,0.0,1.5e-05,0.0020362,0.171645,0.35233,0.111504,0.731513,0.880771,8962.4,129.4,301.3,836.0,100.0,1.0
475200,2975,161,10.081829,0.2,0.075659,0.000145,0.022747,0.00211135,0.332737,0.468218,0.461972,1.0,0.922058,9403.9,116.4,370.1,791.3,100.0,1.0
475366,2976,166,8.364948,0.2,0.15147,0.014618,1.7e-05,0.00185201,0.25066,0.660711,0.357825,0.687875,0.901802,10137.3,150.1,336.3,909.6,100.0,1.0
475530,2977,164,11.658799,0.879404,0.104196,0.013913,1.1e-05,0.00261077,0.349702,0.636032,0.530094,0.926063,0.930963,10043.3,130.4,384.9,394.0,100.0,1.0
475693,2978,163,9.183831,0.73795,0.123943,0.0,0.0,0.00192623,0.298774,0.73245,0.512563,0.716513,0.888802,10410.6,151.6,314.7,866.6,100.0,1.0
475851,2979,158,7.121923,1.0,0.10613,0.033675,0.0,0.00214152,0.136791,0.311714,0.117823,0.690248,0.916077,8807.6,130.3,360.1,338.7,100.0,1.0
476005,2980,154,6.69217,1.0,0.108779,0.001747,0.0,0.00190712,0.152753,0.415469,0.218557,0.627308,0.895574,9202.9,141.4,326.0,555.7,100.0,1.0
476153,2981,148,6.193138,0.981521,0.094428,0.004528,0.0,0.00199469,0.11791,0.200585,0.109971,0.703759,0.898948,8384.2,123.0,331.6,581.0,100.0,1.0
476313,2982,160,9.949701,0.803294,0.168662,0.0,5e-06,0.00233671,0.289815,0.693595,0.318834,0.782034,0.913122,10262.6,144.0,355.2,465.3,100.0,1.0
476482,2983,169,6.13404,0.256845,0.117407,0.005354,0.047533,0.00179559,0.105704,0.404677,0.211587,0.515816,0.891803,9161.8,151.1,319.7,833.1,100.0,1.0
476640,2984,158,10.3649,0.2,0.121989,0.0,6.7e-05,0.00262887,0.275993,0.53062,0.410126,0.843228,0.939863,9641.7,130.8,399.8,376.3,100.0,1.0
476805,2985,165,10.288987,0.2,0.130218,0.0,0.300588,0.0019025,0.372383,0.770703,0.438403,0.905528,0.905375,10556.4,138.5,342.3,574.7,100.0,1.0
476965,2986,160,7.230226,0.400414,0.117667,0.0,2.4e-05,0.00177658,0.197993,0.461074,0.274793,0.709042,0.913487,9376.7,137.2,355.8,555.9,100.0,1.0
477138,2987,173,10.647444,0.702523,0.181204,0.0,4e-06,0.00253242,0.272063,0.627807,0.330241,0.789974,0.935609,10011.9,139.8,392.7,515.7,100.0,1.0
477302,2988,164,10.930339,0.56614,0.152763,0.0,0.0,0.00234861,0.343922,0.680187,0.387719,0.922624,0.935785,10211.5,132.8,393.0,359.6,100.0,1.0
477456,2989,154,9.62393,0.692303,0.119251,0.0,0.0,0.00237381,0.276397,0.423976,0.308984,0.928379,0.927386,9235.3,119.7,379.0,332.1,100.0,1.0
477616,2990,160,10.952835,0.2,0.146505,0.0,0.007059,0.00251469,0.328288,0.716948,0.385715,0.847303,0.913768,10351.6,140.1,356.3,572.0,100.0,1.0
477776,2991,160,6.886647,0.2,0.154113,0.011029,0.050113,0.00178719,0.173441,0.495043,0.241035,0.625261,0.898111,9506.1,146.2,330.2,749.2,100.0,1.0
477939,2992,163,10.429378,0.916249,0.083736,0.0,0.0,0.00206032,0.359819,0.866184,0.534174,0.789824,0.904296,10920.2,152.5,340.5,417.2,100.0,1.0
478099,2993,160,7.581627,0.912531,0.146398,0.007222,5e-06,0.00187751,0.205268,0.674848,0.357453,0.559082,0.891287,10191.2,163.4,318.8,813.8,100.0,1.0
478253,2994,154,8.757677,0.799059,0.124241,0.029294,0.0,0.00191295,0.289459,0.618996,0.312955,0.822588,0.902485,9978.4,136.9,337.5,334.2,100.0,1.0
478411,2995,158,6.704591,0.2,0.058999,0.0,0.064534,0.00250609,0.05116,0.215761,-0.063615,0.598234,0.942848,8442.0,132.1,404.7,539.5,100.0,1.0
478572,2996,161,7.913404,0.327837,0.147599,0.0,0.0,0.00196318,0.211663,0.420467,0.320559,0.756543,0.912508,9222.0,131.3,354.2,672.3,100.0,1.0
478738,2997,166,8.69363,0.345438,0.139271,0.0,5e-06,0.00208167,0.234179,0.518468,0.308245,0.752576,0.909173,9595.4,136.9,348.6,623.6,100.0,1.0
478898,2998,160,7.715086,0.979988,0.047601,0.0,0.0,0.0023933,0.13154,0.476206,0.027469,0.606434,0.931326,9434.3,146.8,385.5,328.3,100.0,1.0
479053,2999,155,8.202753,0.2,0.129596,0.001322,0.004712,0.00236078,0.181058,0.475757,0.247195,0.666325,0.916523,9432.6,141.5,360.9,468.7,100.0,1.0
479212,3000,159,8.985879,0.57081,0.116525,0.011921,1.2e-05,0.0018715,0.301606,0.619473,0.320331,0.8554,0.90982,9980.2,134.5,349.7,427.7,100.0,1.0
479377,3001,165,3.92529,0.614451,0.074556,0.0,0.0,0.00169994,-0.018764,0.241898,-0.035267,0.366783,0.889699,8541.6,156.2,316.2,643.8,100.0,1.0
479541,3002,164,6.731359,1.0,0.018803,0.0,0.0,0.00208853,0.106252,0.424267,0.107391,0.541782,0.909065,9236.5,149.8,348.4,865.5,100.0,1.0
479710,3003,169,9.063473,0.788466,0.12948,0.010245,6e-06,0.00165252,0.324913,0.670265,0.528766,0.81654,0.888584,10173.7,140.0,314.3,882.2,100.0,1.0
479867,3004,157,6.898286,0.451097,0.06641,0.0,7e-06,0.00230128,0.098533,0.406414,0.011463,0.564313,0.919767,9168.4,146.5,366.3,485.7,100.0,1.0
480031,3005,164,9.317741,0.2,0.138684,0.002146,0.003335,0.00208681,0.27886,0.675386,0.432244,0.737952,0.913566,10193.2,146.6,355.9,723.5,100.0,1.0
480185,3006,154,10.770365,0.432449,0.130418,0.012079,0.0,0.00214308,0.387869,0.629856,0.616715,1.0,0.925065,10019.8,114.6,375.1,292.9,100.0,1.0
480344,3007,159,8.725678,0.690544,0.121327,0.001692,0.0,0.00217302,0.236087,0.600069,0.319592,0.711199,0.921477,9906.3,144.7,369.1,568.9,100.0,1.0
480502,3008,158,6.51663,1.0,0.040903,0.029632,0.0,0.00249917,0.039476,0.097568,-0.01865,0.623326,0.929527,7991.7,123.1,382.5,346.7,100.0,1.0
480659,3009,157,9.514987,0.639129,0.145872,0.0,0.0,0.00185165,0.343454,0.736353,0.474733,0.848063,0.909333,10425.5,141.0,348.9,575.1,100.0,1.0
480817,3010,158,10.371276,0.326309,0.133172,0.0,1.4e-05,0.00242659,0.307836,0.546068,0.48161,0.889752,0.93097,9700.5,128.3,384.9,584.3,100.0,1.0
480982,3011,165,7.515542,0.105362,0.123778,0.010665,1.1e-05,0.00177197,0.208525,0.56377,0.30909,0.664703,0.916832,9768.0,146.7,361.4,627.8,100.0,1.0
481147,3012,165,7.288903,0.090402,0.077797,0.0,2.5e-05,0.00194258,0.165231,0.502557,0.120276,0.630549,0.898619,9534.7,146.2,331.0,607.8,100.0,1.0
481307,3013,160,11.654225,0.2,0.094944,0.0,0.149178,0.00300852,0.295352,0.450133,0.283092,0.977888,0.946584,9335.0,118.0,411.0,340.4,100.0,1.0
481463,3014,156,10.42796,1.0,0.121154,0.0,1.2e-05,0.00229579,0.336932,0.592834,0.393541,0.950926,0.924005,9878.7,126.6,373.3,512.8,100.0,1.0
481617,3015,154,8.694749,0.2,0.142071,0.0,0.059774,0.00163667,0.327484,0.669769,0.498632,0.828894,0.885518,10171.8,139.0,309.2,746.6,100.0,1.0
481772,3016,155,4.820731,1.0,0.007168,0.029516,0.000165,0.00228145,-0.032319,-0.027394,-0.190316,0.564634,0.92917,7515.6,120.1,381.9,321.2,100.0,1.0
481933,3017,161,10.420003,0.280834,0.118771,0.0,0.018587,0.00224532,0.332974,0.706376,0.480359,0.84137,0.912814,10311.3,140.0,354.7,513.5,100.0,1.0
482090,3018,157,7.305386,0.9224,0.096851,0.0,0.0,0.00207748,0.160707,0.417947,0.123613,0.667274,0.892202,9212.4,138.1,320.3,537.6,100.0,1.0
482256,3019,166,8.879551,0.2,0.105355,0.0,0.158865,0.0024996,0.176836,0.585618,0.238851,0.602086,0.93715,9851.2,153.7,395.2,513.8,100.0,1.0
482415,3020,159,12.141619,0.579038,0.132052,0.0,0.0,0.00257037,0.400554,0.729582,0.514393,1.0,0.933123,10399.7,124.2,388.5,346.0,100.0,1.0
482572,3021,157,13.191529,0.2,0.080583,0.0,0.059858,0.00313643,0.386966,0.726807,0.491098,1.0,0.975382,10389.1,122.4,459.0,386.6,100.0,1.0
482730,3022,158,10.301336,0.2,0.070521,0.0,0.004574,0.00209557,0.355699,0.6437,0.499144,0.92479,0.900224,10072.5,130.8,333.7,571.9,100.0,1.0
482889,3023,159,8.316247,-0.328412,0.122432,0.0,9.5e-05,0.00200307,0.235939,0.61403,0.434102,0.682929,0.936603,9959.5,147.9,394.3,447.5,100.0,1.0
483046,3024,157,4.524777,0.261422,0.013415,0.0,1.9e-05,0.0021426,-0.034744,0.098021,-0.110918,0.445855,0.905995,7993.5,138.2,343.3,455.6,100.0,1.0
483204,3025,158,11.67626,0.380835,0.092848,0.0,0.0,0.00276471,0.341556,0.622187,0.278,1.0,0.967162,9990.5,122.7,445.3,268.5,100.0,1.0
483364,3026,160,7.556347,0.522766,0.07154,0.005123,9e-06,0.002137,0.161832,0.356414,0.114202,0.735028,0.93081,8977.9,129.4,384.7,531.9,100.0,1.0
483522,3027,158,10.75498,0.29693,0.118005,0.0,0.005848,0.0024404,0.331422,0.57598,0.417414,0.938119,0.918247,9814.5,126.6,363.7,548.4,100.0,1.0
483682,3028,160,8.419081,0.2,0.110379,0.0,0.294007,0.00224131,0.202672,0.492752,0.231481,0.729395,0.941689,9497.4,137.3,402.8,556.6,100.0,1.0
483838,3029,156,9.167569,1.0,0.089494,0.018289,0.0,0.00214705,0.276205,0.480005,0.477876,0.834123,0.90093,9448.8,128.8,334.9,456.3,100.0,1.0
483997,3030,159,8.571476,0.774019,0.098783,0.011507,0.0,0.00247331,0.178136,0.417887,0.158119,0.721678,0.923275,9212.1,133.8,372.1,305.0,100.0,1.0
484156,3031,159,9.140619,0.2,0.091993,0.0,0.21821,0.00181327,0.321008,0.600566,0.493714,0.863021,0.894852,9908.2,133.0,324.8,756.2,100.0,1.0
484322,3032,166,9.42283,0.328269,0.101698,0.0,0.0,0.00251934,0.209935,0.43329,0.152105,0.801061,0.936091,9270.8,128.7,393.5,583.7,100.0,1.0
484482,3033,160,8.647372,0.910403,0.132762,0.0,0.0,0.00225291,0.216008,0.516198,0.412994,0.693373,0.926761,9586.7,141.5,377.9,462.9,100.0,1.0
484640,3034,158,6.68393,0.2,0.161074,0.0,0.021447,0.00179063,0.16264,0.43261,0.357237,0.593059,0.87384,9268.2,145.4,289.7,646.9,100.0,1.0
484796,3035,156,10.094497,-0.23247,0.083495,0.009602,4.1e-05,0.00215231,0.337108,0.700506,0.499966,0.849029,0.910506,10288.9,139.1,350.8,504.1,100.0,1.0
484950,3036,154,10.798325,0.2667,0.102131,0.0,0.0,0.00212328,0.392778,0.653988,0.5446,1.0,0.900716,10111.7,125.2,334.5,370.3,100.0,1.0
485110,3037,160,10.94944,0.667664,0.160479,0.005831,2e-05,0.00225013,0.369811,0.62484,0.521213,0.977292,0.917748,10000.6,126.4,362.9,560.3,100.0,1.0
485269,3038,159,4.57578,0.439753,0.07063,0.0,0.000167,0.00218492,-0.042406,0.084521,-0.192902,0.469267,0.92781,7942.0,135.1,379.7,583.5,100.0,1.0
485434,3039,165,8.795823,0.20853,0.104027,0.006826,0.00189,0.00273914,0.134325,0.291388,0.140152,0.724584,0.969482,8730.2,126.6,449.1,441.1,100.0,1.0
485592,3040,158,11.109783,-0.130485,0.128533,0.0,1.9e-05,0.002339,0.371017,0.717768,0.414981,0.947326,0.915413,10354.7,132.9,359.0,337.5,100.0,1.0
485753,3041,161,12.167367,0.329493,0.15527,0.0,0.0,0.00253169,0.40352,0.770616,0.449475,1.0,0.936327,10556.0,129.7,393.9,350.4,100.0,1.0
485912,3042,159,10.297583,0.557727,0.141749,0.0,0.0,0.00186013,0.390721,0.674158,0.504424,0.98637,0.891233,10188.5,128.2,318.7,632.2,100.0,1.0
486078,3043,166,11.693249,1.0,0.095025,0.0,0.0,0.00223938,0.40776,0.821462,0.510311,0.945407,0.907197,10749.8,138.1,345.3,401.7,100.0,1.0
486237,3044,159,8.337393,0.2,0.133469,0.01682,0.074885,0.00177076,0.274207,0.587356,0.465652,0.759605,0.892158,9857.8,140.1,320.3,697.2,100.0,1.0
486394,3045,157,8.987449,0.271292,0.149553,0.00692,0.000148,0.0023186,0.235057,0.269872,0.218657,0.934283,0.911957,8648.2,111.8,353.3,463.5,100.0,1.0
486552,3046,158,7.593705,0.555353,0.127244,0.0,0.0,0.00212729,0.170057,0.323215,0.087559,0.761476,0.896373,8851.4,125.6,327.3,468.2,100.0,1.0
486709,3047,157,7.999929,0.25963,0.110511,0.0,0.024978,0.00175827,0.25716,0.477712,0.445795,0.787675,0.887668,9440.1,132.0,312.8,617.7,100.0,1.0
486863,3048,154,7.567591,0.673313,0.114994,0.0,0.0,0.00189735,0.212158,0.435636,0.257078,0.746387,0.884054,9279.8,132.8,306.8,587.5,100.0,1.0
487022,3049,159,8.793995,0.574183,0.133306,0.0,5e-06,0.00195928,0.274507,0.473075,0.265433,0.88581,0.898517,9422.4,124.9,330.9,476.5,100.0,1.0
487183,3050,161,10.674198,0.470934,0.088254,0.0,6.2e-05,0.00233975,0.334601,0.522583,0.409536,0.986174,0.92587,9611.0,121.0,376.4,450.1,100.0,1.0
487347,3051,164,8.276443,0.441624,0.118135,0.0,0.0,0.00228683,0.176487,0.358286,0.22101,0.741499,0.92714,8985.1,129.0,378.6,409.3,100.0,1.0
487506,3052,159,10.252086,0.2,0.133273,0.0,0.004005,0.00186765,0.38621,0.736115,0.448452,0.944601,0.882018,10424.6,134.0,303.4,683.0,100.0,1.0
487666,3053,160,7.496499,0.61564,0.107256,0.011327,3.6e-05,0.0020261,0.175342,0.406847,0.107962,0.728778,0.914709,9170.1,132.6,357.8,458.3,100.0,1.0
487826,3054,160,9.136181,0.888816,0.136019,0.0,0.0,0.00184707,0.313204,0.647837,0.43546,0.824717,0.888754,10088.3,138.2,314.6,577.7,100.0,1.0
487988,3055,162,12.526892,0.836174,0.127648,0.006536,1e-06,0.00290178,0.364596,0.677917,0.450934,0.960681,0.936994,10202.9,130.1,395.0,375.5,100.0,1.0
488155,3056,167,9.230469,0.300588,0.175693,0.0,1e-06,0.00179329,0.315579,0.707256,0.47292,0.800323,0.914623,10314.6,143.2,357.7,669.6,100.0,1.0
488316,3057,161,11.77098,0.67599,0.136071,0.019136,2.2e-05,0.00204658,0.454814,0.888673,0.584801,1.0,0.903338,11005.8,132.1,338.9,357.5,100.0,1.0
488476,3058,160,10.2436,0.495659,0.065195,4.9e-05,1.4e-05,0.00201191,0.360631,0.599682,0.530699,0.961376,0.90764,9904.8,126.2,346.1,653.1,100.0,1.0
488639,3059,163,8.84638,-0.03335,0.124094,0.000485,0.0,0.00233174,0.209363,0.404965,0.224662,0.784224,0.912138,9162.9,128.4,353.6,679.2,100.0,1.0
488805,3060,166,9.044469,-0.073054,0.137412,0.0,1.8e-05,0.00207809,0.257665,0.545414,0.359327,0.781929,0.909572,9698.0,136.1,349.3,498.8,100.0,1.0
488964,3061,159,7.714092,0.706556,0.160433,0.0,2.5e-05,0.00187196,0.216313,0.50225,0.330925,0.687173,0.868846,9533.6,141.3,281.4,712.9,100.0,1.0
489118,3062,154,7.97844,0.355932,0.122832,0.021169,1e-06,0.00222893,0.188274,0.492464,0.26333,0.66246,0.904638,9496.3,142.8,341.1,653.9,100.0,1.0
489281,3063,163,9.752982,0.2,0.1037,0.0,0.095681,0.00177899,0.359733,0.706028,0.511926,0.89001,0.895884,10310.0,136.4,326.5,660.4,100.0,1.0
489448,3064,167,7.132335,1.0,0.0761,0.022921,0.0,0.0024105,0.072568,0.300401,0.004847,0.574537,0.931326,8764.5,139.2,385.5,482.7,100.0,1.0
489608,3065,160,5.724529,0.2,0.017007,0.0,0.0,0.00224886,0.021525,0.193425,-0.10965,0.538743,0.925454,8357.0,135.8,375.8,494.9,100.0,1.0
489765,3066,157,4.530703,0.449982,0.026587,0.041498,0.0,0.00205888,-0.021447,0.049134,-0.180786,0.535805,0.919896,7807.2,127.1,366.5,381.9,100.0,1.0
489925,3067,160,11.254963,0.645904,0.124042,0.0,8e-06,0.00238918,0.367413,0.707813,0.476865,0.915042,0.892974,10316.8,134.7,321.6,456.2,100.0,1.0
490086,3068,161,10.74903,0.856853,0.100498,0.0,4e-06,0.00214583,0.37052,0.679725,0.534394,0.941352,0.917565,10209.8,131.5,362.6,557.0,100.0,1.0
490244,3069,158,7.885465,0.2,0.065284,0.0,0.015611,0.00221314,0.175561,0.36954,0.179782,0.736647,0.917842,9027.9,130.0,363.1,501.9,100.0,1.0
490403,3070,159,7.671388,0.2,0.127662,0.0,0.32972,0.00201053,0.191269,0.456047,0.289617,0.698477,0.924379,9357.5,137.7,374.0,697.3,100.0,1.0
490564,3071,161,8.807631,0.857761,0.105101,0.0,0.0,0.00206124,0.254721,0.575079,0.268431,0.779837,0.911308,9811.1,137.8,352.2,443.3,100.0,1.0
490722,3072,158,11.002957,1.0,0.093356,0.031143,1e-06,0.00213121,0.396024,0.692522,0.518867,1.0,0.915973,10258.5,128.0,360.0,453.1,100.0,1.0
490879,3073,157,10.192812,0.2,0.081901,0.0,0.107787,0.00222633,0.329256,0.546828,0.487141,0.932728,0.917027,9703.4,125.5,361.7,459.4,100.0,1.0
491040,3074,161,7.973208,0.868954,0.10415,0.0,0.0,0.0021251,0.188824,0.539302,0.148674,0.661449,0.901796,9674.7,145.6,336.3,502.1,100.0,1.0
491195,3075,155,8.288212,0.233426,0.034981,0.0,0.030346,0.00177613,0.276615,0.429794,0.285581,0.898022,0.874402,9257.5,121.9,290.7,653.0,100.0,1.0
491355,3076,160,10.243811,0.495423,0.116858,0.0,0.0,0.00183595,0.388337,0.602766,0.556223,1.0,0.871906,9916.5,123.6,286.5,644.8,100.0,1.0
491519,3077,164,4.72193,0.4326,0.097308,0.009655,4.8e-05,0.00179342,0.020275,0.28015,0.076445,0.408798,0.883706,8687.4,154.2,306.2,948.5,100.0,1.0
491680,3078,161,11.756067,0.321166,0.106384,0.0,2.9e-05,0.00247641,0.383995,0.660013,0.484179,0.997097,0.913062,10134.6,126.9,355.1,379.1,100.0,1.0
491843,3079,163,8.398305,0.2,0.125103,0.006233,0.0,0.002281,0.187336,0.512856,0.224526,0.657376,0.905125,9574.0,144.4,341.9,445.5,100.0,1.0
491997,3080,154,11.088183,0.2,0.103241,0.0,0.074404,0.00253007,0.348592,0.522738,0.504647,1.0,0.930226,9611.6,115.1,383.7,396.7,100.0,1.0
492158,3081,161,5.602905,0.264983,0.013449,0.0,0.027155,0.00205455,0.042249,0.101729,-0.165932,0.650043,0.906428,8007.6,121.3,344.0,799.7,100.0,1.0
492318,3082,160,11.791888,0.611898,0.134724,0.0,4e-06,0.00255558,0.376198,0.637079,0.490175,0.992814,0.91686,10047.3,126.0,361.4,464.3,100.0,1.0
492473,3083,155,10.476644,1.0,0.149521,0.006543,0.0,0.00261925,0.291583,0.560182,0.354319,0.87062,0.92857,9754.3,130.4,381.0,462.8,100.0,1.0
492634,3084,161,7.347954,0.602366,0.114137,0.0,1.7e-05,0.00226421,0.124723,0.304794,0.103768,0.655514,0.896232,8781.3,132.6,327.1,774.7,100.0,1.0
492797,3085,163,8.862884,0.8499,0.144217,0.0,0.0,0.0019808,0.267246,0.440128,0.465068,0.844296,0.908043,9296.9,126.0,346.7,484.2,100.0,1.0
492956,3086,159,9.845882,0.632552,0.146114,0.0,0.0,0.00171451,0.38292,0.669711,0.598824,0.940532,0.882411,10171.6,131.0,304.0,756.6,100.0,1.0
493116,3087,160,5.843348,0.2,0.034672,0.0,0.237191,0.00168846,0.118869,0.329304,-0.045422,0.648085,0.872596,8874.6,134.6,287.7,773.3,100.0,1.0
493271,3088,155,10.442158,0.262857,0.076507,0.0,0.023507,0.00199413,0.386059,0.648159,0.520203,0.985769,0.889237,10089.5,127.0,315.4,830.9,100.0,1.0
493429,3089,158,8.594521,0.537087,0.124836,0.0,0.0,0.00209323,0.241401,0.509657,0.504573,0.723272,0.903115,9561.8,138.7,338.5,635.7,100.0,1.0
493592,3090,163,9.399128,0.57641,0.139014,0.0,0.0,0.00204829,0.291785,0.600198,0.30403,0.840486,0.899448,9906.8,134.6,332.4,461.5,100.0,1.0
493752,3091,160,8.530487,0.52447,0.110878,0.021531,0.0,0.00224688,0.208308,0.512956,0.197476,0.718744,0.908703,9574.4,139.3,347.8,479.1,100.0,1.0
493910,3092,158,7.083651,0.378491,0.127842,6.7e-05,3.1e-05,0.00181568,0.184596,0.39968,0.294053,0.690084,0.88305,9142.8,135.2,305.1,788.3,100.0,1.0
494069,3093,159,9.749152,0.752414,0.104531,0.000628,0.0,0.0022863,0.285324,0.600942,0.39476,0.808205,0.910679,9909.6,137.0,351.1,594.2,100.0,1.0
494224,3094,155,9.55712,0.2,0.103945,0.0,0.041353,0.00211053,0.308917,0.693791,0.40281,0.812998,0.920046,10263.3,141.5,366.7,574.6,100.0,1.0
494387,3095,163,8.444245,0.2,0.141313,0.0,0.332163,0.00177932,0.271925,0.667849,0.370481,0.722978,0.885105,10164.5,147.5,308.5,813.5,100.0,1.0
494541,3096,154,10.665866,0.625769,0.109715,0.0,3.2e-05,0.00229162,0.356877,0.628779,0.44593,0.95608,0.909369,10015.6,128.0,348.9,389.5,100.0,1.0
494702,3097,161,8.95803,0.617614,0.10113,0.0,1e-06,0.00245661,0.200639,0.42587,0.118238,0.779294,0.91748,9242.6,129.9,362.5,405.2,100.0,1.0
494858,3098,156,5.085778,0.620273,0.002098,0.0,5e-06,0.00224628,-0.011952,-0.012291,-0.24387,0.612034,0.917224,7573.2,117.4,362.0,610.1,100.0,1.0
495023,3099,165,5.550765,0.2,0.062723,0.0,0.013737,0.00171659,0.086161,0.388503,0.020371,0.522559,0.888102,9100.2,149.4,313.5,850.0,100.0,1.0
495183,3100,160,8.88638,0.373652,0.030113,0.0,0.0,0.00233333,0.217991,0.502796,0.161229,0.762869,0.915913,9535.7,135.2,359.9,346.9,100.0,1.0
495342,3101,159,12.791643,1.0,0.102069,0.0,0.0,0.00271072,0.420209,0.809127,0.51714,1.0,0.935147,10702.8,132.9,391.9,298.3,100.0,1.0
495502,3102,160,10.701485,0.236015,0.089526,0.0,0.073543,0.00263446,0.290653,0.655393,0.523773,0.762152,0.921733,10117.0,143.5,369.6,445.0,100.0,1.0
495662,3103,160,11.000137,1.0,0.15715,0.005878,0.0,0.00249107,0.333497,0.572308,0.3862,0.971916,0.947867,9800.5,124.3,413.1,310.1,100.0,1.0
495817,3104,155,9.861993,1.0,0.113584,0.009868,0.0,0.00236613,0.289565,0.558844,0.26861,0.87649,0.910409,9749.2,129.9,350.7,465.2,100.0,1.0
495976,3105,159,9.14505,0.481601,0.138706,0.0,0.0,0.00190355,0.30592,0.496761,0.358865,0.917767,0.885052,9512.7,124.0,308.4,683.9,100.0,1.0
496141,3106,165,9.153148,0.291427,0.047702,0.0,0.004686,0.00223642,0.240095,0.593811,0.21983,0.743312,0.910659,9882.4,141.7,351.1,445.5,100.0,1.0
496301,3107,160,8.878258,1.0,0.170154,0.009984,9e-06,0.00223121,0.233813,0.592036,0.191461,0.753782,0.939421,9875.7,140.8,399.0,452.0,100.0,1.0
496462,3108,161,7.750787,0.675042,0.070017,8e-06,8e-06,0.00231165,0.143587,0.462455,0.075404,0.629503,0.925475,9382.0,143.9,375.8,442.4,100.0,1.0
496628,3109,166,9.993018,0.731081,0.144041,0.0,0.0,0.00198661,0.335152,0.67053,0.32928,0.918671,0.931507,10174.7,132.6,385.8,419.8,100.0,1.0
496789,3110,161,10.565324,0.2,0.14866,0.0,0.13307,0.0021001,0.364868,0.702068,0.457328,0.918094,0.894476,10294.9,134.2,324.1,582.8,100.0,1.0
496951,3111,162,7.23864,0.689039,0.122284,0.0,0.0,0.00208983,0.143061,0.37749,0.216082,0.637389,0.911501,9058.2,138.3,352.5,602.3,100.0,1.0
497114,3112,163,5.812929,0.875915,0.103318,0.008965,3e-06,0.00180879,0.09189,0.357987,0.065223,0.556025,0.906157,8983.9,144.3,343.6,683.7,100.0,1.0
497276,3113,162,9.342484,0.365388,0.081951,0.0,6e-06,0.00196858,0.302564,0.61292,0.468345,0.815576,0.894924,9955.2,137.1,324.9,560.5,100.0,1.0
497434,3114,158,11.015258,0.015193,0.118951,0.0,0.0,0.00202967,0.412031,0.741184,0.525625,1.0,0.903308,10443.9,130.4,338.8,481.9,100.0,1.0
497593,3115,159,8.998147,-0.174415,0.144564,0.005891,1e-05,0.00187407,0.300528,0.537406,0.294602,0.887124,0.872532,9667.5,128.1,287.6,543.1,100.0,1.0
497760,3116,167,10.669119,0.446643,0.149789,0.0,0.0,0.00209687,0.359438,0.748946,0.501117,0.869235,0.902418,10473.5,140.1,337.4,580.0,100.0,1.0
497921,3117,161,5.735542,0.2,0.06269,0.01557,0.005743,0.00211816,0.040442,0.328241,-0.036245,0.465652,0.897017,8870.6,151.3,328.4,674.9,100.0,1.0
498079,3118,158,10.282762,0.576779,0.099878,0.017401,0.0,0.00200672,0.366781,0.711689,0.500917,0.908524,0.89857,10331.5,135.3,330.9,470.3,100.0,1.0
498236,3119,157,10.628907,0.706047,0.132631,0.0,7.3e-05,0.00217343,0.365617,0.610147,0.523133,0.966062,0.902632,9944.7,126.5,337.7,492.6,100.0,1.0
498396,3120,160,11.373105,0.376511,0.157021,0.00032,0.000221,0.00250632,0.355333,0.773039,0.503514,0.850889,0.914535,10565.3,142.7,357.6,396.2,100.0,1.0
498559,3121,163,8.581568,0.2,0.145098,0.0,0.051724,0.00164434,0.302661,0.659747,0.467391,0.771422,0.870333,10133.6,143.0,283.9,644.5,100.0,1.0
498717,3122,158,5.670222,0.573135,0.131412,0.0,1.1e-05,0.00158267,0.126993,0.299485,0.081037,0.663622,0.885723,8761.0,131.7,309.5,681.5,100.0,1.0
498872,3123,155,11.068383,0.2,0.119969,0.0,0.0,0.00200833,0.424686,0.761014,0.534211,1.0,0.875955,10519.5,131.1,293.3,693.9,100.0,1.0
499035,3124,163,7.652631,1.0,0.026218,0.011079,0.0,0.00186703,0.204505,0.569327,0.114886,0.678468,0.882811,9789.1,145.8,304.7,522.0,100.0,1.0
499191,3125,156,9.984506,0.64184,0.131297,0.0,0.0,0.00213535,0.330721,0.635118,0.441549,0.888033,0.909706,10039.8,132.9,349.5,523.3,100.0,1.0
499352,3126,161,5.812046,0.68261,0.059732,0.003968,0.0,0.00208467,0.050779,0.337232,-0.020728,0.492647,0.914059,8904.9,149.1,356.8,434.7,100.0,1.0
499514,3127,162,11.681739,1.0,0.096043,0.0,0.0,0.00264395,0.348361,0.778641,0.464811,0.847967,0.927868,10586.6,143.2,379.8,692.4,100.0,1.0
499675,3128,161,11.493209,0.505228,0.13663,0.0,0.0,0.00254864,0.353889,0.614328,0.403083,0.964822,0.90372,9960.6,126.7,339.5,586.5,100.0,1.0
499834,3129,159,11.161111,1.0,0.147216,0.006893,5e-06,0.00223108,0.387438,0.676904,0.486646,0.985501,0.89861,10199.0,128.4,331.0,688.0,100.0,1.0
499995,3130,161,10.774917,0.286974,0.145233,0.0,0.016871,0.00224145,0.355626,0.747099,0.483976,0.878814,0.924288,10466.4,139.3,373.8,513.5,100.0,1.0
500157,3131,162,10.381667,0.2,0.117428,0.005936,0.389892,0.00275296,0.24441,0.477489,0.235646,0.846043,0.947776,9439.2,127.8,413.0,388.3,100.0,1.0
500322,3132,165,9.417678,0.788676,0.065401,0.0,0.0,0.00193853,0.306451,0.584654,0.484753,0.848777,0.910796,9847.5,133.2,351.3,526.7,100.0,1.0
500483,3133,161,11.177741,0.470352,0.152933,0.0,0.0,0.00237519,0.360954,0.573146,0.465003,0.99808,0.912261,9803.7,122.7,353.8,472.2,100.0,1.0
500644,3134,161,7.018023,0.399857,0.129488,0.0,0.010249,0.00176242,0.182967,0.420087,0.272792,0.676974,0.880496,9220.5,137.5,300.8,797.1,100.0,1.0
500800,3135,156,10.149087,0.441465,0.133613,0.02403,0.0,0.00279443,0.238995,0.48571,0.198585,0.822801,0.925646,9470.6,129.9,376.1,213.4,100.0,1.0
500964,3136,164,7.76091,1.0,0.120049,0.016002,0.0,0.00223851,0.149016,0.346004,0.135758,0.701415,0.926508,8938.3,131.3,377.5,859.1,100.0,1.0
501125,3137,161,8.911848,0.493646,0.080887,0.0,0.0,0.00227111,0.227022,0.385287,0.157162,0.862517,0.92009,9087.9,122.0,366.8,591.9,100.0,1.0
501286,3138,161,7.506431,0.311942,0.121353,0.0,9.2e-05,0.00186034,0.19966,0.470177,0.310405,0.674156,0.874348,9411.4,140.5,290.6,780.0,100.0,1.0
501445,3139,159,9.235691,1.0,0.161729,0.0,0.0,0.00208398,0.282767,0.570617,0.479367,0.781463,0.881636,9794.1,137.4,302.7,561.2,100.0,1.0
501605,3140,160,11.787925,0.46053,0.124658,0.004335,0.0,0.00288314,0.322567,0.608263,0.335335,0.927262,0.935749,9937.5,128.9,392.9,237.4,100.0,1.0
501766,3141,161,10.644838,0.909302,0.10842,0.000185,0.0,0.00304368,0.217933,0.369162,0.137241,0.872886,0.948946,9026.5,120.5,414.9,245.5,100.0,1.0
501923,3142,157,9.934525,1.0,0.116455,0.002077,0.0,0.00210962,0.329578,0.56534,0.513678,0.920517,0.925327,9773.9,127.2,375.5,508.5,100.0,1.0
502081,3143,158,7.906939,0.246934,0.163807,0.009934,0.0,0.00156433,0.278731,0.508551,0.430705,0.811327,0.86403,9557.6,131.9,273.4,1050.4,100.0,1.0
502239,3144,158,8.085997,-0.08813,0.090238,0.0,0.0,0.00221434,0.187915,0.334519,0.102437,0.797455,0.899762,8894.5,123.7,332.9,365.3,100.0,1.0
502400,3145,161,8.719522,0.719639,0.150622,0.0,2.3e-05,0.0019064,0.272963,0.643354,0.444873,0.725472,0.890205,10071.2,145.9,317.0,812.8,100.0,1.0
502559,3146,159,10.326728,0.259357,0.13036,0.0,3e-06,0.00222279,0.333331,0.588099,0.462921,0.922035,0.915202,9860.7,128.3,358.7,391.7,100.0,1.0
502715,3147,156,8.846324,0.2,0.117619,0.0,3.7e-05,0.00245576,0.2052,0.45543,0.198282,0.751896,0.916978,9355.2,133.5,361.6,390.6,100.0,1.0
502875,3148,160,9.209819,0.638479,0.113467,0.0,0.0,0.00221669,0.257784,0.569087,0.486445,0.727754,0.896934,9788.2,141.6,328.2,601.2,100.0,1.0
503042,3149,167,13.795902,0.358103,0.071597,0.015684,0.0,0.00329954,0.366523,0.72923,0.359178,0.975377,0.967412,10398.4,131.6,445.7,240.9,100.0,1.0
503205,3150,163,9.97221,0.923378,0.125226,0.0,0.0,0.00208875,0.322848,0.728961,0.505141,0.796717,0.914371,10397.3,144.7,357.3,684.9,100.0,1.0
503360,3151,155,8.862651,0.859301,0.161325,0.0,0.0,0.00184191,0.303981,0.486471,0.400977,0.902409,0.874793,9473.5,124.5,291.3,759.8,100.0,1.0
503521,3152,161,11.007912,0.427546,0.137809,0.0,7e-06,0.00214615,0.386616,0.688473,0.386569,1.0,0.896638,10243.1,127.5,327.7,462.2,100.0,1.0
503682,3153,161,9.813327,-0.052362,0.140596,0.019652,1.1e-05,0.00202268,0.327035,0.693328,0.443943,0.826693,0.885473,10261.6,140.4,309.1,575.8,100.0,1.0
503846,3154,164,9.670184,0.264011,0.101385,0.01142,0.0,0.00229229,0.267244,0.445598,0.337931,0.87369,0.909701,9317.7,124.3,349.5,617.0,100.0,1.0
504009,3155,163,12.205414,0.900648,0.10379,0.0,6e-05,0.00335066,0.265779,0.590846,0.293485,0.814284,0.947977,9871.1,136.0,413.3,236.0,100.0,1.0
504168,3156,159,10.497415,0.2,0.183906,0.0,0.002442,0.0020821,0.367399,0.666815,0.478838,0.928028,0.8736,10160.6,131.7,289.3,921.5,100.0,1.0
504329,3157,161,12.587103,0.2,0.212559,0.0,0.11738,0.00261809,0.416027,0.791291,0.530729,1.0,0.939476,10634.8,126.6,399.1,352.7,100.0,1.0
504493,3158,164,10.295834,0.636438,0.121551,0.0,0.0,0.00228703,0.310038,0.693804,0.479881,0.791926,0.912687,10263.4,143.2,354.5,494.9,100.0,1.0
504648,3159,155,7.433166,0.2,0.119335,0.0,0.0,0.00170267,0.230688,0.455578,0.219158,0.780004,0.868497,9355.8,131.4,280.8,620.1,100.0,1.0
504811,3160,163,4.445828,0.299476,-0.035782,0.005591,0.0,0.00234208,-0.085946,0.015538,-0.319641,0.431709,0.922201,7679.2,134.1,370.3,497.7,100.0,1.0
504971,3161,160,8.496816,0.914228,0.152694,0.028155,0.0,0.00174676,0.285871,0.63449,0.326427,0.781898,0.872613,10037.4,140.8,287.7,672.9,100.0,1.0
505131,3162,160,10.451164,0.042272,0.114729,0.00952,3e-06,0.0019823,0.378168,0.653961,0.416609,1.0,0.907933,10111.6,123.0,346.6,421.9,100.0,1.0
505298,3163,167,6.471209,0.2,0.091109,0.0,0.0,0.00199553,0.097265,0.355056,0.126554,0.542234,0.884191,8972.8,145.5,307.0,738.9,100.0,1.0
505455,3164,157,8.067055,0.425943,0.135689,0.0,1e-06,0.00193061,0.233535,0.504123,0.269788,0.758794,0.89197,9540.7,135.6,319.9,647.5,100.0,1.0
505618,3165,163,8.735846,0.2,0.099062,0.0,0.57079,0.00228264,0.209046,0.412232,0.20882,0.78087,0.908968,9190.6,129.0,348.3,657.7,100.0,1.0
505781,3166,163,9.238544,0.458523,0.073477,0.0,0.0,0.0025225,0.203404,0.453792,0.157642,0.772676,0.939513,9348.9,131.8,399.2,492.6,100.0,1.0
505943,3167,162,6.587063,0.900794,0.10887,0.0,0.0,0.00156976,0.18388,0.470184,0.198463,0.649426,0.853131,9411.4,142.6,255.2,803.8,100.0,1.0
506108,3168,165,7.444385,0.2,0.078289,0.00033,0.091129,0.00186688,0.187135,0.576305,0.183428,0.622949,0.897856,9815.7,151.2,329.8,561.6,100.0,1.0
506267,3169,159,10.438204,0.2,0.147722,0.0,0.180966,0.00226281,0.334504,0.524532,0.358577,0.987562,0.910044,9618.5,121.0,350.1,742.2,100.0,1.0
506425,3170,158,8.613638,0.589895,0.131921,0.0,0.0,0.00171552,0.301859,0.602959,0.382179,0.817953,0.85712,9917.3,136.4,261.9,686.7,100.0,1.0
506583,3171,158,8.640758,0.349559,0.133767,0.002747,0.0,0.00234844,0.203645,0.446241,0.228262,0.747927,0.919649,9320.2,133.3,366.1,524.3,100.0,1.0
506750,3172,167,9.708827,0.502798,0.100082,0.0,0.0,0.00238834,0.246863,0.511624,0.228748,0.817788,0.92413,9569.3,131.6,373.6,504.4,100.0,1.0
506911,3173,161,9.276243,0.2,0.163184,0.002553,0.113774,0.00226752,0.25187,0.533187,0.26632,0.787715,0.892577,9651.4,135.0,321.0,593.0,100.0,1.0
507069,3174,158,9.658185,0.227056,0.120666,0.022073,3e-06,0.00207258,0.314852,0.55201,0.349425,0.915487,0.89715,9723.2,126.9,328.6,422.1,100.0,1.0
507232,3175,163,11.034245,0.829043,0.148647,0.0,5.4e-05,0.00207725,0.395222,0.705989,0.444762,1.0,0.903007,10309.8,126.3,338.3,588.6,100.0,1.0
507397,3176,165,9.855711,0.2,0.117484,0.0,0.0,0.00184762,0.350554,0.652295,0.539402,0.885256,0.882248,10105.2,134.0,303.7,617.8,100.0,1.0
507556,3177,159,9.12008,0.647661,0.173653,0.0,0.0,0.00191835,0.301438,0.415605,0.445871,0.938964,0.890546,9203.5,118.7,317.6,857.8,100.0,1.0
507720,3178,164,9.728845,0.2,0.14313,0.0,0.0,0.00217334,0.290487,0.647539,0.391656,0.795793,0.915523,10087.1,140.4,359.2,467.6,100.0,1.0
507878,3179,158,10.157308,0.710847,0.09608,0.009498,0.0,0.00253795,0.274415,0.588522,0.412692,0.796864,0.930923,9862.3,137.2,384.9,456.5,100.0,1.0
508041,3180,163,5.697616,0.2,0.122248,0.0,0.000108,0.00169458,0.102641,0.356829,0.261825,0.523526,0.888634,8979.5,147.3,314.4,899.6,100.0,1.0
508212,3181,171,8.086655,0.233978,0.089717,0.0,0.025285,0.00187041,0.217821,0.509471,0.12452,0.755573,0.896913,9561.1,136.2,328.2,550.7,100.0,1.0
508371,3182,159,7.777698,0.905075,0.102965,0.010063,0.0,0.0018018,0.230604,0.375321,0.302973,0.8122,0.873614,9050.0,124.8,289.4,764.9,100.0,1.0
508530,3183,159,6.678104,0.2,0.133867,0.0,0.0,0.00184975,0.14985,0.293649,0.175964,0.708822,0.898752,8738.8,127.8,331.3,728.7,100.0,1.0
508682,3184,152,10.213719,0.2,0.062814,0.0,5e-06,0.00194709,0.383005,0.629323,0.48047,1.0,0.88949,10017.7,124.3,315.8,615.8,100.0,1.0
508843,3185,161,8.48512,0.987657,0.122388,0.030129,0.0,0.00190673,0.257033,0.573399,0.386175,0.744439,0.890838,9804.7,140.5,318.1,535.0,100.0,1.0
509003,3186,160,4.953061,0.2,0.037464,0.006179,0.010066,0.00183032,0.036368,0.229632,-0.006844,0.5135,0.90302,8494.9,140.3,338.4,1036.2,100.0,1.0
509160,3187,157,9.618374,0.295234,0.12233,0.0,0.0,0.00225686,0.284935,0.583977,0.480814,0.785692,0.893669,9845.0,137.8,322.8,543.7,100.0,1.0
509317,3188,157,11.803702,0.659307,0.176662,0.0,0.0,0.0027227,0.35707,0.622413,0.397178,1.0,0.953004,9991.4,124.7,421.7,375.5,100.0,1.0
509480,3189,163,9.71239,0.2,0.130896,0.0,0.000802,0.00186606,0.341372,0.636788,0.497437,0.880314,0.878777,10046.2,133.6,298.0,580.2,100.0,1.0
509642,3190,162,5.994922,0.827271,0.133792,0.015581,2e-06,0.00169645,0.123605,0.364395,0.295925,0.553289,0.873606,9008.3,145.0,289.3,841.9,100.0,1.0
509805,3191,163,6.933056,0.289749,0.126186,0.0,1.2e-05,0.00143913,0.226158,0.540068,0.381962,0.645901,0.821663,9677.7,147.0,202.8,1028.9,100.0,1.0
509958,3192,153,12.086807,1.0,0.152175,0.0,0.0,0.00305281,0.336182,0.52097,0.459403,1.0,0.960002,9604.9,108.9,433.3,376.8,100.0,1.0
510121,3193,163,10.320763,1.0,0.122762,0.000783,0.0,0.00207121,0.348321,0.749948,0.453148,0.858516,0.911549,10477.3,140.9,352.6,479.5,100.0,1.0
510288,3194,167,7.812794,1.0,0.16481,0.0,3e-06,0.00197646,0.189149,0.459102,0.348213,0.650514,0.882615,9369.2,141.9,304.4,892.2,100.0,1.0
510445,3195,157,8.309472,0.2,0.188613,0.0,1e-06,0.00171171,0.283446,0.53224,0.492546,0.787889,0.856096,9647.8,134.9,260.2,719.1,100.0,1.0
510610,3196,165,6.398336,0.310905,0.03035,0.001023,1e-05,0.00242139,0.025635,0.257247,0.01719,0.496083,0.955315,8600.1,143.7,425.5,561.9,100.0,1.0
510769,3197,159,7.120762,0.2,0.15149,0.0,0.0,0.0018079,0.18569,0.508075,0.326086,0.615576,0.88067,9555.8,147.9,301.1,701.6,100.0,1.0
510926,3198,157,9.599808,0.428839,0.074434,0.0,2e-05,0.0026894,0.215633,0.300686,0.104953,0.898665,0.917998,8765.6,115.4,363.3,351.6,100.0,1.0
511088,3199,162,9.598241,0.336985,0.128995,0.000727,0.0,0.00200575,0.312838,0.600288,0.455461,0.861154,0.908966,9907.1,133.1,348.3,738.3,100.0,1.0
511244,3200,156,4.917934,0.603908,0.041593,0.0,0.0,0.00229761,-0.031658,0.093118,-0.127795,0.471967,0.923778,7974.8,135.4,373.0,368.9,100.0,1.0
511402,3201,158,5.462737,0.965016,0.056938,0.0,2e-06,0.0019,0.062748,0.255991,0.069509,0.538398,0.89424,8595.3,139.7,323.7,660.6,100.0,1.0
511559,3202,157,9.56019,0.483047,0.118295,0.0,2.8e-05,0.00243685,0.25258,0.337449,0.198574,0.927982,0.891329,8905.7,115.5,318.9,579.0,100.0,1.0
511716,3203,157,9.325169,0.411502,0.153822,0.005924,0.007947,0.0022581,0.265041,0.56941,0.292886,0.792379,0.894205,9789.5,136.5,323.7,734.1,100.0,1.0
511879,3204,163,9.780884,0.858871,0.151384,0.0,0.0,0.0024737,0.246621,0.519599,0.250571,0.801869,0.916333,9599.7,133.2,360.6,329.6,100.0,1.0
512036,3205,157,10.575911,0.687926,0.129073,0.0,0.0,0.0024787,0.313519,0.635476,0.423013,0.851073,0.912323,10041.2,135.6,353.9,587.3,100.0,1.0
512195,3206,159,10.885812,0.848466,0.109082,0.027025,0.0,0.0026003,0.309866,0.53351,0.487902,0.893566,0.918911,9652.7,127.4,364.9,481.2,100.0,1.0
512353,3207,158,9.561874,0.645401,0.121081,0.0,4e-06,0.00229985,0.271985,0.547141,0.288134,0.841318,0.920563,9704.6,131.8,367.6,427.6,100.0,1.0
512517,3208,164,10.072331,0.948815,0.132133,0.029199,0.0,0.00266555,0.232146,0.487995,0.235982,0.808187,0.946904,9479.3,131.1,411.5,304.9,100.0,1.0
512674,3209,157,8.070558,0.764858,0.138362,0.020938,0.0,0.002176,0.194664,0.389488,0.217552,0.75734,0.909595,9103.9,129.5,349.3,522.4,100.0,1.0
512837,3210,163,6.126296,0.842522,0.077911,0.000561,0.0,0.00209872,0.064995,0.167867,-0.033214,0.631577,0.905127,8259.6,126.6,341.9,494.4,100.0,1.0
512993,3211,156,7.593791,1.0,0.04006,0.025995,0.0,0.00226188,0.151716,0.267799,0.099456,0.752332,0.904448,8640.3,123.3,340.7,367.0,100.0,1.0
513152,3212,159,10.399341,0.640823,0.158467,0.0,0.0,0.00217888,0.344513,0.590767,0.444971,0.944083,0.901235,9870.8,126.9,335.4,489.6,100.0,1.0
513314,3213,162,8.623546,0.2,0.117067,0.0,0.029171,0.00205049,0.240763,0.573517,0.282517,0.746372,0.917667,9805.1,140.4,362.8,654.0,100.0,1.0
513464,3214,150,8.470368,0.208524,0.139298,0.0,0.110374,0.00195735,0.269125,0.458333,0.399976,0.838005,0.88263,9366.2,127.4,304.4,670.4,100.0,1.0
513621,3215,157,11.496114,1.0,0.097497,0.0,0.0,0.00238491,0.389303,0.657353,0.560215,1.0,0.924229,10124.5,126.1,373.7,381.8,100.0,1.0
513782,3216,161,8.976403,0.808093,0.094802,0.000139,1.9e-05,0.00194114,0.283808,0.549203,0.460937,0.803102,0.883309,9712.5,134.7,305.5,734.7,100.0,1.0
513941,3217,159,11.568666,1.0,0.136076,0.00818,0.0,0.0026934,0.34031,0.626742,0.457039,0.931491,0.938704,10007.9,129.5,397.8,682.5,100.0,1.0
514103,3218,162,11.181217,1.0,0.149092,0.02323,0.0,0.00218911,0.388212,0.657802,0.537163,1.0,0.919821,10126.2,126.3,366.4,377.5,100.0,1.0
514271,3219,168,10.432984,0.260046,0.127046,0.0,0.040387,0.00233172,0.301397,0.673043,0.414575,0.804866,0.921069,10184.3,141.1,368.4,472.2,100.0,1.0
514433,3220,162,7.681892,0.877333,0.105421,0.0,7e-06,0.00182933,0.213986,0.463849,0.126647,0.768557,0.888254,9387.3,132.7,313.8,705.6,100.0,1.0
514593,3221,160,8.363022,0.541455,0.149183,0.001056,0.0,0.00157849,0.302988,0.535558,0.381448,0.872623,0.872381,9660.5,129.0,287.3,813.0,100.0,1.0
514755,3222,162,8.800159,0.90811,-0.029287,0.001072,0.0,0.00329342,0.051068,0.112037,-0.187132,0.705684,0.962009,8046.9,117.9,436.7,239.0,100.0,1.0
514916,3223,161,11.921574,0.604446,0.16071,0.0,0.0,0.00280247,0.340975,0.509998,0.496384,0.999088,0.943193,9563.1,119.6,405.3,369.1,100.0,1.0
515080,3224,164,10.917345,0.2,0.089528,0.0002,0.042227,0.00230735,0.347108,0.66933,0.433084,0.924095,0.932683,10170.1,132.1,387.8,830.1,100.0,1.0
515243,3225,163,10.035892,0.612451,0.114631,0.002698,2.5e-05,0.00185143,0.365147,0.643531,0.435513,0.95998,0.893117,10071.9,128.5,321.9,726.9,100.0,1.0
515402,3226,159,10.722809,0.619344,0.150626,0.001586,0.0,0.00240588,0.33005,0.573682,0.434573,0.92418,0.905999,9805.7,127.4,343.3,790.5,100.0,1.0
515562,3227,160,8.055288,0.2,0.132021,0.0,0.0,0.00188632,0.233498,0.504481,0.280044,0.759953,0.898432,9542.1,135.5,330.7,629.8,100.0,1.0
515726,3228,164,11.091854,1.0,0.116386,0.002065,0.0,0.00247949,0.330464,0.70224,0.513037,0.822735,0.901975,10295.5,141.2,336.6,521.0,100.0,1.0
515887,3229,161,11.37263,0.2,0.077747,0.0,0.034145,0.00269797,0.321435,0.576418,0.425489,0.92116,0.934729,9816.2,127.7,391.2,549.0,100.0,1.0
516047,3230,160,10.572082,0.557443,0.121838,0.0,0.0,0.00198718,0.384673,0.682774,0.543786,0.965135,0.905812,10221.4,130.0,343.0,507.3,100.0,1.0
516209,3231,162,10.261388,1.0,0.128579,0.006912,0.0,0.0025229,0.273259,0.612832,0.349212,0.780461,0.908218,9954.9,139.8,347.0,662.1,100.0,1.0
516376,3232,167,5.000905,0.922056,0.094154,0.0,2.4e-05,0.00181888,0.028607,0.346189,0.021319,0.4013,0.882369,8939.0,159.5,303.9,861.1,100.0,1.0
516534,3233,158,10.170497,1.0,0.096089,0.002526,0.0,0.00212784,0.339688,0.578784,0.484146,0.926898,0.896726,9825.2,127.5,327.9,549.9,100.0,1.0
516693,3234,159,8.250051,0.736936,0.142268,0.00026,0.0,0.00200901,0.228797,0.473085,0.365651,0.737923,0.884833,9422.5,135.5,308.1,589.6,100.0,1.0
516852,3235,159,9.168296,1.0,0.124844,0.018074,0.0,0.0018789,0.310457,0.643261,0.533469,0.782701,0.867144,10070.8,141.2,278.6,830.1,100.0,1.0
517012,3236,160,9.084632,0.2,0.086194,0.011174,0.120589,0.00180441,0.314899,0.553229,0.495676,0.868382,0.881314,9727.8,130.2,302.2,946.0,100.0,1.0
517175,3237,163,10.838675,0.996893,0.092619,0.0,1e-06,0.00267022,0.284913,0.619511,0.428077,0.809018,0.945516,9980.3,137.9,409.2,485.9,100.0,1.0
517326,3238,151,9.298553,0.2,0.106647,0.0,0.097481,0.0022729,0.274636,0.402704,0.251895,0.940243,0.909306,9154.3,118.0,348.8,408.6,100.0,1.0
517487,3239,161,5.822339,0.2,0.124206,0.0,0.0,0.00164819,0.121486,0.33012,0.207223,0.58497,0.863017,8877.8,140.0,271.7,897.1,100.0,1.0
517647,3240,160,11.255303,0.245448,0.134197,0.0,0.036444,0.0021554,0.402912,0.779659,0.497409,0.95773,0.899342,10590.5,135.2,332.2,566.5,100.0,1.0
517809,3241,162,10.758919,0.2,0.090144,0.0,0.053537,0.002121,0.371191,0.673827,0.407005,0.984433,0.926959,10187.3,128.3,378.3,533.8,100.0,1.0
517971,3242,162,9.799638,0.846232,0.149706,0.006535,5e-06,0.00240917,0.260777,0.618479,0.364745,0.749312,0.920167,9976.4,142.6,366.9,613.2,100.0,1.0
518133,3243,162,7.588162,0.613331,0.129399,0.0,0.0,0.00157962,0.248231,0.563092,0.500175,0.671641,0.844862,9765.4,146.0,241.4,1114.7,100.0,1.0
518293,3244,160,10.783315,-0.045783,0.107605,0.016205,3e-06,0.00225419,0.35571,0.701305,0.548308,0.880315,0.906293,10292.0,136.8,343.8,578.5,100.0,1.0
518450,3245,157,8.48634,1.0,0.085148,0.011924,0.0,0.0024794,0.174526,0.263298,0.035551,0.83866,0.921269,8623.2,117.2,368.8,361.7,100.0,1.0
518611,3246,161,8.641444,1.0,0.163869,0.0,0.0,0.00230712,0.202656,0.501076,0.333296,0.6887,0.925692,9529.1,141.1,376.2,625.2,100.0,1.0
518779,3247,168,10.048285,0.137284,0.109057,0.006485,2e-06,0.0026217,0.227146,0.429075,0.143649,0.836563,0.916453,9254.8,126.0,360.8,502.4,100.0,1.0
518936,3248,157,8.315265,0.200544,0.10378,0.0,0.099218,0.00173387,0.280252,0.539331,0.469095,0.804569,0.893271,9674.9,134.0,322.1,623.8,100.0,1.0
519106,3249,170,10.55188,0.014026,0.144915,0.022491,7e-06,0.00199093,0.362574,0.780139,0.453945,0.862235,0.890996,10592.3,142.2,318.3,485.7,100.0,1.0
519269,3250,163,6.585772,0.75564,0.023458,0.0,4.6e-05,0.00260779,0.012466,0.246075,-0.026348,0.458641,0.919499,8557.5,146.7,365.8,525.2,100.0,1.0
519431,3251,162,5.395854,0.8766,0.048938,0.0,5.7e-05,0.00209684,0.018793,0.201837,-0.063712,0.495627,0.894185,8389.0,140.2,323.6,489.0,100.0,1.0
519595,3252,164,10.444773,0.832252,0.115803,0.0,0.0,0.00227366,0.320999,0.641101,0.481218,0.859907,0.925444,10062.6,135.3,375.7,648.2,100.0,1.0
519750,3253,155,11.573563,1.0,0.075163,0.029729,0.0,0.00273338,0.345216,0.520909,0.485513,1.0,0.934248,9604.7,117.5,390.4,279.2,100.0,1.0
519912,3254,162,8.885315,0.339556,0.151301,0.000809,0.0,0.00205583,0.257246,0.593029,0.326831,0.750247,0.895174,9879.4,141.1,325.3,491.2,100.0,1.0
520076,3255,164,13.496399,0.347821,0.08573,0.0,0.002775,0.00297059,0.409478,0.887154,0.558146,0.933323,0.965816,11000.1,142.2,443.0,257.0,100.0,1.0
520234,3256,158,6.717194,0.2,0.084128,0.0,0.123835,0.00194901,0.138337,0.295987,0.174069,0.65684,0.863208,8747.7,132.0,272.0,779.3,100.0,1.0
520395,3257,161,8.500882,0.323012,0.115047,0.0,0.006367,0.00190996,0.257232,0.53921,0.409171,0.76327,0.895181,9674.4,137.2,325.3,891.6,100.0,1.0
520556,3258,161,11.128618,0.2,0.1551,0.0,1.9e-05,0.00248289,0.339568,0.626902,0.503867,0.901338,0.912317,10008.5,131.6,353.9,738.9,100.0,1.0
520718,3259,162,8.239508,0.2,0.079483,0.0,0.247892,0.00237231,0.163089,0.357714,0.153253,0.722244,0.922249,8982.9,130.4,370.4,607.7,100.0,1.0
520872,3260,154,7.885054,0.974349,0.170814,0.0,0.0,0.0020677,0.205416,0.383586,0.104098,0.801416,0.885828,9081.5,126.0,309.7,413.4,100.0,1.0
521034,3261,162,10.864564,1.0,0.122604,0.008756,0.0,0.0023942,0.333913,0.719736,0.414657,0.85409,0.916491,10362.2,139.7,360.8,492.6,100.0,1.0
521194,3262,160,11.353409,0.960071,0.148464,0.0,0.0,0.00225929,0.39278,0.693992,0.574274,0.969143,0.90321,10264.1,130.3,338.7,540.2,100.0,1.0
521362,3263,168,10.939084,1.0,0.106475,0.013061,0.0,0.00223098,0.351934,0.671869,0.469172,0.913041,0.912669,10179.8,133.0,354.4,591.3,100.0,1.0
521518,3264,156,10.382964,0.416482,0.113372,0.0,0.0,0.00249393,0.300739,0.59897,0.38755,0.867779,0.939482,9902.1,132.5,399.1,396.9,100.0,1.0
521674,3265,156,6.583937,1.0,0.065791,0.016973,0.0,0.00245601,0.054267,0.067311,-0.082502,0.696504,0.931647,7876.5,116.1,386.1,480.2,100.0,1.0
521830,3266,156,6.835058,0.927554,0.122065,0.0,0.0,0.00207942,0.129679,0.288548,0.134912,0.669792,0.895464,8719.4,130.5,325.8,522.3,100.0,1.0
521996,3267,166,7.827976,0.604221,0.091164,0.000998,0.0,0.00239026,0.123221,0.287215,0.074371,0.678485,0.909656,8714.3,129.8,349.4,499.2,100.0,1.0
522150,3268,154,8.65911,0.553495,0.110335,0.0,0.0,0.00176441,0.303468,0.506897,0.496823,0.856249,0.861752,9551.3,128.6,269.6,946.6,100.0,1.0
522313,3269,163,11.68639,0.632634,0.125222,0.0,1e-06,0.00252805,0.364208,0.704557,0.361075,0.961662,0.930813,10304.4,131.3,384.7,403.3,100.0,1.0
522469,3270,156,6.192363,0.359394,0.094888,0.0,0.007035,0.0021502,0.075911,0.111624,0.066793,0.660565,0.8916,8045.3,121.1,319.3,802.1,100.0,1.0
522631,3271,162,6.549307,0.464609,0.108373,0.0,4.3e-05,0.00154691,0.184427,0.490946,0.255416,0.626193,0.857315,9490.5,145.9,262.2,773.9,100.0,1.0
522792,3272,161,11.963246,0.224024,0.140178,0.0,0.039869,0.00272299,0.356252,0.606443,0.406329,0.992079,0.931293,9930.5,124.6,385.5,345.3,100.0,1.0
522950,3273,158,10.749697,0.455457,0.129661,0.001789,4.4e-05,0.00206255,0.388197,0.785611,0.460392,0.929166,0.903644,10613.2,137.5,339.4,591.2,100.0,1.0
523113,3274,163,5.544832,1.0,0.100548,0.001961,0.0,0.00170211,0.090874,0.338849,0.039679,0.561999,0.890423,8911.0,142.6,317.4,1005.9,100.0,1.0
523274,3275,161,10.43094,0.948399,0.141305,0.030452,1.2e-05,0.00192755,0.382478,0.75943,0.582371,0.879603,0.869831,10513.4,139.8,283.1,662.1,100.0,1.0
523439,3276,165,12.004439,0.098143,0.140913,0.0,1.3e-05,0.00235941,0.408008,0.878393,0.518213,0.896882,0.88866,10966.7,144.5,314.4,400.6,100.0,1.0
523604,3277,165,10.285728,0.271876,0.125603,0.0,0.012429,0.00219358,0.321221,0.678855,0.484387,0.82381,0.905822,10206.4,139.9,343.0,742.6,100.0,1.0
523767,3278,163,3.450097,0.637699,0.004292,0.002182,8.6e-05,0.00198536,-0.094461,0.023779,-0.324123,0.404354,0.918939,7710.6,137.3,364.9,512.0,100.0,1.0
523919,3279,152,12.554089,0.408782,0.099974,0.0,0.0,0.00289336,0.394066,0.716381,0.452802,1.0,0.921236,10349.4,116.4,368.7,463.0,100.0,1.0
524083,3280,164,8.102919,1.0,0.113231,0.0,0.0,0.00219082,0.178937,0.435006,0.241073,0.684772,0.911322,9277.4,137.7,352.2,487.5,100.0,1.0
524237,3281,154,9.648124,0.379444,0.139307,0.025904,0.0,0.00177084,0.368122,0.67294,0.508719,0.918822,0.874054,10183.9,132.7,290.1,610.9,100.0,1.0
524391,3282,154,10.525476,0.319432,0.127806,0.0,0.0,0.00236949,0.334187,0.594579,0.383027,0.954703,0.938568,9885.3,126.4,397.6,567.4,100.0,1.0
524547,3283,156,6.565523,0.319649,0.120654,0.0,0.015089,0.00175427,0.162392,0.391257,0.220937,0.656417,0.880332,9110.7,137.5,300.6,672.3,100.0,1.0
524699,3284,152,11.69257,0.954855,0.090261,0.0,0.0,0.00224811,0.434822,0.821671,0.568398,1.0,0.90974,10750.6,127.2,349.6,288.2,100.0,1.0
524860,3285,161,9.735825,1.0,0.121782,0.011398,0.0,0.0021164,0.305832,0.571314,0.449334,0.857427,0.899602,9796.7,131.9,332.7,575.8,100.0,1.0
525027,3286,167,12.134915,0.833458,0.084844,0.002576,1.2e-05,0.0022858,0.424183,0.80268,0.483419,1.0,0.899313,10678.2,130.6,332.2,509.2,100.0,1.0
525190,3287,163,3.399005,0.2,0.072884,0.0,0.0,0.00159988,-0.035038,0.140295,-0.095495,0.406172,0.892123,8154.5,145.0,320.2,749.6,100.0,1.0
525353,3288,163,9.314546,0.28336,0.124119,0.024278,1.4e-05,0.00239512,0.228148,0.6022,0.246273,0.711414,0.926379,9914.4,144.8,377.3,456.7,100.0,1.0
525509,3289,156,9.02934,0.266509,0.100721,0.0,0.000253,0.00247841,0.21298,0.426834,0.08814,0.823544,0.927842,9246.2,126.8,379.7,399.9,100.0,1.0
525660,3290,151,6.7166,0.799627,0.060679,0.0,0.0,0.00227488,0.102524,0.234352,-0.049986,0.692574,0.912379,8512.9,125.7,354.0,484.1,100.0,1.0
525818,3291,158,9.765052,1.0,0.152766,0.024327,0.0,0.00240942,0.267774,0.514335,0.301468,0.844366,0.914811,9579.6,129.8,358.0,629.3,100.0,1.0
525979,3292,161,12.615408,1.0,0.185622,0.001912,0.0,0.00285215,0.378618,0.799744,0.512836,0.922896,0.967041,10667.0,138.7,445.1,436.1,100.0,1.0
526140,3293,161,11.47937,0.723752,0.160815,0.0,0.0,0.00245418,0.367291,0.749716,0.374994,0.942937,0.939251,10476.4,134.8,398.8,303.1,100.0,1.0
526296,3294,156,4.845535,0.251203,0.054595,0.0,0.014562,0.00168495,0.058966,0.265677,0.005665,0.536581,0.890608,8632.2,140.4,317.7,765.3,100.0,1.0
526454,3295,158,8.597609,0.874006,0.117106,0.0,7e-06,0.00221958,0.220272,0.462773,0.292995,0.757846,0.911436,9383.2,133.4,352.4,426.0,100.0,1.0
526618,3296,164,10.324762,1.0,0.107203,0.0,0.0,0.0023186,0.305397,0.699668,0.40072,0.804409,0.925421,10285.7,142.5,375.7,411.6,100.0,1.0
526779,3297,161,9.430115,1.0,0.136793,0.016017,0.0,0.0020754,0.292079,0.606921,0.421737,0.803176,0.89238,9932.4,137.7,320.6,629.6,100.0,1.0
526938,3298,159,7.207093,1.0,0.149375,0.007793,0.0,0.00246688,0.086345,0.223129,0.075626,0.638266,0.929223,8470.1,129.3,382.0,630.2,100.0,1.0
527097,3299,159,7.850501,0.2,0.142239,0.0,0.173903,0.00187945,0.222447,0.414159,0.279388,0.797295,0.911799,9197.9,127.9,353.0,508.4,100.0,1.0
527258,3300,161,7.802877,0.893634,0.06395,0.000471,0.0,0.00256182,0.10565,0.299356,0.055749,0.65028,0.939502,8760.5,132.7,399.2,396.7,100.0,1.0
527420,3301,162,8.278843,0.928029,0.124432,0.007779,0.0,0.00175072,0.266089,0.676946,0.352141,0.700391,0.87407,10199.2,150.0,290.1,865.9,100.0,1.0
527585,3302,165,10.598839,1.0,0.122667,0.010353,0.0,0.00281331,0.239566,0.515497,0.165534,0.840271,0.967881,9584.0,130.2,446.5,290.3,100.0,1.0
527742,3303,157,12.626839,1.0,0.11872,0.0,2.3e-05,0.00302726,0.363266,0.68043,0.333192,1.0,0.960642,10212.4,121.2,434.4,218.6,100.0,1.0
527901,3304,159,7.208806,0.508275,0.112256,0.001792,1.3e-05,0.0021498,0.136959,0.303221,0.143065,0.680892,0.902039,8775.3,130.5,336.7,552.8,100.0,1.0
528060,3305,159,10.35237,0.538405,0.184621,0.013918,0.0,0.00198318,0.372202,0.710955,0.465751,0.927407,0.892298,10328.7,134.0,320.5,514.3,100.0,1.0
528220,3306,160,7.212469,0.887102,0.137212,0.007476,0.0,0.00168244,0.209782,0.532431,0.138853,0.700721,0.869997,9648.6,141.8,283.3,653.9,100.0,1.0
528385,3307,165,10.646133,0.332769,0.167196,0.0,0.017278,0.00226907,0.332582,0.65532,0.459742,0.891575,0.935407,10116.8,133.7,392.3,540.7,100.0,1.0
528544,3308,159,10.362348,0.2,0.099698,0.0,0.200448,0.00258638,0.27694,0.548817,0.182091,0.88948,0.937062,9711.0,128.5,395.1,435.6,100.0,1.0
528699,3309,155,11.942432,1.0,0.146832,0.0,0.0,0.00273082,0.36989,0.695129,0.365216,1.0,0.961657,10268.4,127.1,436.1,278.1,100.0,1.0
528853,3310,154,8.054299,0.310448,0.15158,0.0,0.0,0.00220374,0.195562,0.403929,0.159694,0.766311,0.911655,9159.0,129.6,352.8,370.4,100.0,1.0
529014,3311,161,10.272978,0.2,0.087897,0.0,0.0,0.00299896,0.199481,0.432518,0.136084,0.792678,0.957313,9267.9,129.2,428.9,513.1,100.0,1.0
529172,3312,158,5.709017,0.2,0.086207,0.0,0.017283,0.00191328,0.076905,0.229122,0.025881,0.601249,0.893853,8493.0,132.6,323.1,786.4,100.0,1.0
529329,3313,157,9.426793,0.420328,0.086867,0.0,2.7e-05,0.00193811,0.321802,0.605817,0.52499,0.851099,0.890362,9928.2,134.1,317.3,536.1,100.0,1.0
529492,3314,163,7.347163,0.776059,0.135988,0.013493,0.0,0.00183009,0.189628,0.498364,0.149798,0.677822,0.884288,9518.8,141.8,307.1,584.1,100.0,1.0
529652,3315,160,6.573142,0.914707,0.104624,0.002015,0.0,0.00237152,0.057064,0.275751,0.007603,0.550783,0.93179,8670.6,139.8,386.3,557.6,100.0,1.0
529817,3316,165,10.868787,0.901376,0.126785,0.0,0.0,0.00204786,0.383853,0.76674,0.390317,0.938897,0.889688,10541.3,135.9,316.1,429.3,100.0,1.0
529980,3317,163,10.312743,0.2,0.091836,0.0,0.141461,0.00219827,0.326515,0.530726,0.486093,0.929461,0.906239,9642.1,124.9,343.7,827.6,100.0,1.0
530139,3318,159,10.220384,0.226725,0.044364,0.0,0.008377,0.00199212,0.36195,0.724233,0.499893,0.880523,0.885226,10379.3,138.0,308.7,652.5,100.0,1.0
530297,3319,158,9.960292,-0.233647,0.135804,0.0,0.0,0.00206957,0.334413,0.631822,0.313211,0.911834,0.878388,10027.2,131.1,297.3,523.0,100.0,1.0
530459,3320,162,9.693205,0.477021,0.141324,0.0,7.1e-05,0.00233438,0.265493,0.558152,0.305301,0.80989,0.914123,9746.6,134.6,356.9,569.4,100.0,1.0
530616,3321,157,8.747544,0.2,0.118671,0.0,0.034412,0.00164974,0.321842,0.545107,0.510373,0.889781,0.885536,9696.9,128.3,309.2,623.8,100.0,1.0
530775,3322,159,12.140518,0.714154,0.135814,0.000603,0.0,0.00252177,0.405199,0.735802,0.49376,1.0,0.912508,10423.4,121.7,354.2,518.3,100.0,1.0
530937,3323,162,10.451931,0.920959,0.125473,0.0,0.0,0.00243153,0.300169,0.643865,0.321,0.853743,0.937575,10073.1,135.8,396.0,346.9,100.0,1.0
531097,3324,160,5.370946,0.2,0.001068,0.0,0.03231,0.00212475,0.016708,0.132577,-0.12564,0.555824,0.904806,8125.1,130.6,341.3,513.8,100.0,1.0
531260,3325,163,8.497332,0.854033,0.153604,0.0,0.0,0.00165666,0.294198,0.639021,0.444918,0.741451,0.826516,10054.7,144.3,210.9,913.0,100.0,1.0
531426,3326,166,6.249708,0.949633,0.123498,0.000321,0.0,0.00191238,0.09751,0.373804,0.131089,0.547366,0.911987,9044.2,146.1,353.3,649.4,100.0,1.0
531580,3327,154,10.653995,1.0,0.123652,0.008604,0.0,0.00223864,0.362606,0.765331,0.529168,0.867513,0.914594,10535.9,141.0,357.7,318.1,100.0,1.0
531736,3328,156,9.78236,0.677132,0.1179,0.0,6e-06,0.00192253,0.349547,0.699303,0.506029,0.859342,0.878475,10284.3,138.3,297.5,487.8,100.0,1.0
531897,3329,161,10.842477,0.650846,0.141185,0.0,0.0,0.00197588,0.40169,0.739372,0.524973,0.971193,0.896508,10437.0,132.4,327.5,468.2,100.0,1.0
532056,3330,159,10.350947,0.890995,0.081105,0.0,2.3e-05,0.00220729,0.336191,0.560694,0.450495,0.941625,0.902729,9756.2,125.6,337.9,488.5,100.0,1.0
532217,3331,161,12.484994,0.591857,0.167722,0.0,0.0,0.00273386,0.388696,0.888046,0.476105,0.874618,0.923096,11003.5,146.7,371.8,359.1,100.0,1.0
532373,3332,156,11.242476,0.2,0.120157,0.0,3e-05,0.00272379,0.321519,0.548492,0.399936,0.948403,0.939833,9709.8,124.6,399.7,463.9,100.0,1.0
532532,3333,159,8.701845,0.2,0.105993,0.0,1.3e-05,0.00202012,0.25656,0.499603,0.428684,0.787125,0.904237,9523.5,133.2,340.4,711.5,100.0,1.0
532691,3334,159,8.10478,0.017877,0.110745,0.02256,0.0,0.00173385,0.2624,0.544405,0.49701,0.722383,0.849422,9694.2,140.7,249.0,980.1,100.0,1.0
532857,3335,166,8.309112,0.662995,0.04224,0.0,0.0,0.00267899,0.106917,0.36938,0.002787,0.625397,0.943464,9027.3,138.8,405.8,326.5,100.0,1.0
533020,3336,163,8.370518,0.2,0.088898,0.0,1.6e-05,0.00201997,0.226455,0.562934,0.198279,0.730658,0.905478,9764.8,141.1,342.5,801.2,100.0,1.0
533186,3337,166,11.317664,0.2,0.027999,0.0,0.017117,0.00254205,0.329405,0.77639,0.476286,0.802436,0.933182,10578.0,146.7,388.6,411.9,100.0,1.0
533344,3338,158,11.980895,0.2,0.02767,0.0,0.0,0.00256702,0.389882,0.69066,0.533695,1.0,0.944611,10251.4,121.7,407.7,388.3,100.0,1.0
533505,3339,161,13.149522,0.560013,0.13897,0.0193,0.0,0.00271618,0.435819,0.952038,0.552203,0.933375,0.923045,11247.3,145.4,371.7,319.7,100.0,1.0
533662,3340,157,10.613948,0.544617,0.088547,0.0,4.4e-05,0.00207638,0.378774,0.836841,0.505504,0.870991,0.91753,10808.4,144.4,362.6,460.3,100.0,1.0
533824,3341,162,5.202673,0.260121,-0.017674,0.0,0.04582,0.00200168,0.021173,0.297124,-0.172786,0.481861,0.914296,8752.0,147.7,357.2,496.6,100.0,1.0
533979,3342,155,10.163191,0.302496,0.136691,0.013364,5e-06,0.00186774,0.385254,0.718747,0.468217,0.958125,0.898017,10358.4,132.2,330.0,565.9,100.0,1.0
534139,3343,160,6.517006,1.0,0.131026,0.023096,1.1e-05,0.00183552,0.138971,0.386052,0.124518,0.612321,0.859689,9090.9,141.0,266.1,659.5,100.0,1.0
534304,3344,165,10.19597,0.442847,0.09192,0.0,2e-06,0.00252975,0.259463,0.706909,0.209682,0.755586,0.961867,10313.3,146.9,436.4,379.9,100.0,1.0
534464,3345,160,6.836588,0.2,0.10082,0.0,0.019382,0.00175307,0.173357,0.382858,0.24922,0.688978,0.891483,9078.7,134.4,319.1,629.8,100.0,1.0
534622,3346,158,10.785246,1.0,0.129332,0.0,2e-06,0.00239721,0.3372,0.546159,0.392469,0.964924,0.898224,9700.9,123.4,330.4,503.3,100.0,1.0
534783,3347,161,8.731537,0.114847,0.1218,0.03407,0.0,0.00206707,0.246827,0.584998,0.331113,0.73457,0.905448,9848.8,141.9,342.4,691.3,100.0,1.0
534940,3348,157,10.914316,0.2,0.09881,0.0,0.155316,0.00301513,0.251195,0.535013,0.253127,0.828228,0.956647,9658.4,132.1,427.7,354.5,100.0,1.0
535103,3349,163,10.486893,0.2,0.125557,0.0,0.0,0.00203509,0.364537,0.850965,0.478787,0.817762,0.892749,10862.2,149.4,321.2,659.0,100.0,1.0
535262,3350,159,10.496424,1.0,0.141104,0.013416,0.0,0.00190737,0.393598,0.766886,0.422681,0.952859,0.886141,10541.8,135.0,310.2,645.1,100.0,1.0
535418,3351,156,11.269183,1.0,0.156809,0.022339,0.0,0.00262966,0.337961,0.566101,0.440371,0.953294,0.915676,9776.8,125.1,359.5,483.4,100.0,1.0
535574,3352,156,9.18936,0.649793,0.143588,0.0,7e-06,0.00174304,0.338184,0.673101,0.49748,0.84473,0.870925,10184.5,138.0,284.9,706.0,100.0,1.0
535734,3353,160,9.638144,0.541365,0.139587,0.0,0.0,0.00184215,0.345117,0.695387,0.467998,0.861751,0.88092,10269.4,137.9,301.5,568.4,100.0,1.0
535892,3354,158,6.894285,-0.248689,0.086541,0.0,8e-06,0.00229804,0.094599,0.298038,-0.002637,0.631586,0.929123,8755.5,134.2,381.9,479.1,100.0,1.0
536050,3355,158,8.906012,0.584112,0.170164,0.002031,6.9e-05,0.00223688,0.237795,0.524257,0.345382,0.748249,0.908429,9617.4,137.5,347.4,745.3,100.0,1.0
536213,3356,163,10.8685,0.32327,0.139192,0.0,0.0,0.00235878,0.337034,0.744844,0.3855,0.856747,0.921704,10457.9,140.8,369.5,477.1,100.0,1.0
536376,3357,163,6.750144,0.2,0.062563,0.0,3.6e-05,0.00215555,0.096768,0.216298,0.082366,0.666151,0.928015,8444.1,126.7,380.0,561.4,100.0,1.0
536540,3358,164,10.067973,1.0,0.137519,0.0,0.0,0.00269596,0.226233,0.637422,0.274596,0.671106,0.9161,10048.6,150.3,360.2,343.8,100.0,1.0
536695,3359,155,5.514319,0.994868,0.047726,0.003056,0.0,0.00193082,0.066797,0.303185,0.116496,0.503259,0.88781,8775.1,145.9,313.0,576.9,100.0,1.0
536859,3360,164,4.872449,0.520904,0.025144,0.0,0.007426,0.00205577,-0.013701,0.184321,-0.138071,0.428947,0.870209,8322.3,145.6,283.7,779.6,100.0,1.0
537019,3361,160,8.839974,0.543175,0.155338,0.005267,6.5e-05,0.00187742,0.286371,0.60433,0.498204,0.770073,0.890244,9922.5,140.1,317.1,481.9,100.0,1.0
537176,3362,157,9.445978,0.026913,0.128104,0.0,1.1e-05,0.00218478,0.283944,0.569571,0.452966,0.810154,0.911228,9790.1,135.2,352.0,555.6,100.0,1.0
537338,3363,162,13.535718,-0.314215,0.116675,0.002003,8e-06,0.0027497,0.453018,0.96741,0.459828,0.996106,0.933041,11305.8,141.6,388.4,353.3,100.0,1.0
537500,3364,162,6.814625,0.984096,-0.03228,0.002066,0.0,0.00274805,0.007192,0.281883,-0.192724,0.490609,0.961,8694.0,145.8,435.0,466.9,100.0,1.0
537666,3365,166,7.224984,1.0,0.050262,0.0,0.0,0.00245059,0.072846,0.394099,0.006575,0.525498,0.946141,9121.5,149.5,410.2,469.8,100.0,1.0
537829,3366,163,14.62296,1.0,0.133499,0.0,0.0,0.00327319,0.437339,0.917326,0.477725,1.0,0.959061,11115.0,137.7,431.8,218.8,100.0,1.0
537988,3367,159,10.615447,0.440646,0.117608,0.0,3.9e-05,0.00228667,0.341278,0.814151,0.525327,0.78757,0.919282,10721.9,150.0,365.5,514.3,100.0,1.0
538148,3368,160,5.059901,0.596681,0.061571,0.00199,0.0,0.00194289,0.025104,0.191801,-0.028573,0.508612,0.893737,8350.8,138.4,322.9,607.9,100.0,1.0
538309,3369,161,10.621337,0.439813,0.118654,0.0,0.0,0.00211495,0.364666,0.767579,0.404328,0.899341,0.909591,10544.5,138.8,349.3,439.4,100.0,1.0
538462,3370,153,9.710077,0.2,0.123506,0.0,0.0,0.00186051,0.359982,0.627119,0.510052,0.941087,0.89695,10009.3,128.9,328.2,578.2,100.0,1.0
538622,3371,160,13.144993,0.833081,0.128179,0.0,1e-06,0.00287043,0.413489,0.823972,0.400473,1.0,0.930204,10759.3,133.1,383.7,523.5,100.0,1.0
538785,3372,163,8.736792,0.438322,0.152689,0.0,7e-06,0.00216372,0.227441,0.505568,0.288023,0.731146,0.880845,9546.2,137.9,301.4,639.4,100.0,1.0
538949,3373,164,11.137107,0.813357,0.110807,0.003452,1.1e-05,0.00244501,0.338545,0.595599,0.488939,0.931934,0.928088,9889.2,128.0,380.1,620.4,100.0,1.0
539107,3374,158,8.702199,-0.399186,0.140957,0.000912,0.0,0.00218748,0.23222,0.628836,0.294179,0.70098,0.939193,10015.9,147.2,398.7,580.6,100.0,1.0
539267,3375,160,11.01096,1.0,0.134463,0.000268,0.0,0.00268503,0.30155,0.598508,0.294494,0.883672,0.923979,9900.3,131.4,373.3,308.9,100.0,1.0
539427,3376,160,3.118157,0.827528,-0.101568,0.000855,0.000154,0.00218087,-0.141877,0.009389,-0.36235,0.302629,0.916164,7655.8,146.9,360.3,525.4,100.0,1.0
539587,3377,160,8.226675,0.135724,0.124291,0.019809,6.6e-05,0.00208298,0.212996,0.590912,0.24815,0.664881,0.901996,9871.4,148.2,336.7,428.3,100.0,1.0
539742,3378,155,10.170004,0.736776,0.175057,0.0,4e-06,0.00233218,0.313816,0.692824,0.378227,0.841075,0.93457,10259.7,139.3,391.0,392.0,100.0,1.0
539903,3379,161,10.796147,0.607634,0.130426,0.0,0.0,0.00255434,0.305642,0.675338,0.352639,0.833434,0.92732,10193.0,139.0,378.9,343.6,100.0,1.0
540070,3380,167,6.975297,1.0,0.107423,0.004947,0.0,0.00177179,0.167274,0.477351,0.141964,0.63166,0.875697,9438.7,144.6,292.8,653.0,100.0,1.0
540228,3381,158,10.38483,0.46233,0.159833,0.0,0.0,0.00227039,0.330804,0.670865,0.520026,0.859224,0.930416,10176.0,136.8,384.0,610.0,100.0,1.0
540394,3382,166,7.748487,1.0,0.131975,0.054936,1.2e-05,0.00225576,0.140028,0.384112,0.110017,0.660781,0.925255,9083.5,136.7,375.4,694.4,99.852,1.0
540553,3383,159,7.528541,1.0,0.147649,0.01952,0.0,0.0019061,0.196792,0.493457,0.334812,0.656196,0.890128,9500.1,143.4,316.9,567.4,100.0,1.0
540716,3384,163,6.107578,0.484403,0.085191,0.001742,0.0,0.00208666,0.065364,0.219103,-0.00942,0.609156,0.928528,8454.8,131.4,380.9,448.5,100.0,1.0
540882,3385,166,8.742836,0.2,0.08012,0.0,0.032232,0.00197682,0.252256,0.572789,0.4837,0.708005,0.890054,9802.3,143.5,316.8,818.4,100.0,1.0
541037,3386,155,6.17561,0.405237,0.106529,0.000777,4e-06,0.00178191,0.133755,0.392812,0.192789,0.592805,0.883398,9116.6,143.1,305.7,803.4,100.0,1.0
541194,3387,157,9.546707,1.0,0.166417,0.0,0.0,0.00219103,0.289691,0.627762,0.392068,0.815892,0.931251,10011.8,137.8,385.4,303.5,100.0,1.0
541352,3388,158,10.170045,0.344546,0.128595,0.0,0.0,0.00193107,0.369925,0.803922,0.415966,0.886114,0.908392,10682.9,141.6,347.3,472.5,100.0,1.0
541507,3389,155,6.839807,0.588274,0.104959,0.0083,0.0,0.0019557,0.150833,0.337888,0.098204,0.703944,0.900147,8907.4,130.7,333.6,428.6,100.0,1.0
541664,3390,157,10.18327,0.523113,0.127124,0.0,5e-06,0.00212154,0.342752,0.769408,0.536943,0.805277,0.901621,10551.4,146.1,336.0,541.8,100.0,1.0
541829,3391,165,3.775949,0.71943,-0.015012,0.004667,0.0,0.00197166,-0.074727,0.131242,-0.264361,0.370268,0.916835,8120.0,148.1,361.4,458.6,100.0,1.0
541990,3392,161,9.606844,0.736921,0.135416,0.0,6e-06,0.00187492,0.335637,0.686336,0.453079,0.849108,0.88359,10234.9,138.4,306.0,597.3,100.0,1.0
542149,3393,159,8.538242,1.0,0.123514,0.009353,0.0,0.00239381,0.185956,0.523676,0.170139,0.677276,0.93155,9615.2,143.3,385.9,308.6,100.0,1.0
542305,3394,156,9.964644,0.2,0.105408,0.000493,0.032628,0.00231686,0.299801,0.504922,0.392443,0.905545,0.911566,9543.8,125.2,352.6,582.9,100.0,1.0
542473,3395,168,10.066545,0.582707,0.123554,0.0,0.0,0.00262033,0.227804,0.650507,0.214953,0.703509,0.950888,10098.4,148.2,418.1,299.2,100.0,1.0
542636,3396,163,8.921689,0.2,0.088265,0.0,0.214917,0.00214649,0.24219,0.486705,0.257813,0.79894,0.899375,9474.3,131.7,332.3,856.4,100.0,1.0
542798,3397,162,7.699509,0.65,0.06458,0.003608,0.0,0.00225152,0.146207,0.450286,0.046523,0.654984,0.932042,9335.6,141.0,386.7,366.8,100.0,1.0
542955,3398,157,8.531184,1.0,0.094545,0.009092,0.0,0.00238328,0.191951,0.428581,0.209337,0.746444,0.938823,9252.9,132.5,398.0,293.9,100.0,1.0
543114,3399,159,7.818618,0.2,0.145328,0.0,1.7e-05,0.00162658,0.260189,0.479583,0.368925,0.799282,0.865249,9447.2,131.3,275.4,813.0,100.0,1.0
543276,3400,162,10.582138,0.481714,0.141983,0.012467,0.0,0.00212417,0.358033,0.799337,0.42376,0.852249,0.900306,10665.5,144.0,333.8,581.3,100.0,1.0
543431,3401,155,9.614941,0.814524,0.17398,0.0,0.0,0.00241234,0.26406,0.557747,0.3401,0.79395,0.907866,9745.0,135.8,346.4,638.5,100.0,1.0
543593,3402,162,9.468843,0.6939,0.154776,0.032128,0.0,0.00212203,0.284494,0.635034,0.328751,0.805995,0.918151,10039.5,139.0,363.6,417.3,100.0,1.0
543756,3403,163,10.913532,0.955672,0.1141,0.0,0.0,0.00297724,0.238873,0.561378,0.254142,0.773761,0.94556,9758.9,137.5,409.3,304.2,100.0,1.0
543918,3404,162,6.192155,0.315086,0.156304,0.001522,9e-06,0.00200745,0.085705,0.259166,0.031124,0.611314,0.906899,8607.4,133.5,344.8,519.8,100.0,1.0
544076,3405,158,5.315979,0.2,0.107566,0.0,1.2e-05,0.00196308,0.042578,0.266997,-0.038016,0.503628,0.887283,8637.3,143.6,312.1,530.7,100.0,1.0
544234,3406,158,10.252344,0.831372,0.12815,0.0,0.0,0.00212749,0.344112,0.791082,0.416677,0.824243,0.900094,10634.0,145.7,333.5,681.5,100.0,1.0
544391,3407,157,8.718472,0.400061,0.131346,0.000632,2.8e-05,0.00213448,0.243353,0.614854,0.460391,0.657572,0.877713,9962.6,150.3,296.2,764.7,100.0,1.0
544546,3408,155,6.079865,-0.708209,0.100264,0.0,0.042076,0.0015434,0.16415,0.487774,0.137588,0.611236,0.864187,9478.4,147.1,273.6,647.4,100.0,1.0
544711,3409,165,10.12532,0.36887,0.178527,0.0,0.003608,0.00262362,0.238883,0.619052,0.265857,0.725985,0.931438,9978.6,144.5,385.7,605.4,100.0,1.0
544874,3410,163,4.338171,0.419999,0.043813,0.00675,0.0,0.0020336,-0.043636,0.118988,-0.092397,0.408394,0.910003,8073.3,143.3,350.0,1216.2,100.0,1.0
545039,3411,165,8.916988,1.0,0.103889,0.018035,0.0,0.00271761,0.14323,0.426446,0.1202,0.678619,0.987396,9244.8,137.7,479.0,278.7,100.0,1.0
545202,3412,163,9.396626,0.724405,0.114316,0.0,1.8e-05,0.00191086,0.311982,0.744332,0.45235,0.754979,0.885311,10455.9,148.9,308.9,581.1,100.0,1.0
545366,3413,164,13.218009,0.856533,0.169509,0.007517,1e-06,0.00283709,0.411762,0.875847,0.527452,0.936803,0.938663,10957.0,141.4,397.8,666.2,100.0,1.0
545518,3414,152,10.28799,0.207486,0.148438,0.022319,0.0,0.00226853,0.337866,0.48857,0.433656,0.993207,0.8997,9481.5,118.9,332.8,358.5,100.0,1.0
545680,3415,162,10.635282,0.526802,0.098411,0.0,0.0,0.00239168,0.318275,0.704958,0.459132,0.810498,0.912306,10305.9,142.3,353.8,588.4,100.0,1.0
545837,3416,157,10.330935,0.584612,0.12585,0.0,1.8e-05,0.00221645,0.33754,0.692421,0.496368,0.860159,0.917061,10258.1,137.9,361.8,450.9,100.0,1.0
546002,3417,165,9.541859,0.772694,0.079657,0.0,0.0,0.00194748,0.311792,0.636367,0.425979,0.823646,0.877426,10044.6,137.7,295.7,565.8,100.0,1.0
546159,3418,157,9.967927,0.440887,0.173097,0.0,0.011552,0.00229,0.301842,0.708409,0.449646,0.790105,0.945068,10319.0,144.1,408.4,483.2,100.0,1.0
546321,3419,162,11.338109,0.285858,0.132389,0.003917,7.7e-05,0.00252688,0.342941,0.770786,0.499513,0.828346,0.92418,10556.7,144.3,373.6,483.1,100.0,1.0
546478,3420,157,9.248368,0.2,0.066937,0.0,0.227463,0.0020007,0.299525,0.563164,0.529458,0.824743,0.896437,9765.7,133.8,327.4,488.7,100.0,1.0
546637,3421,159,10.435086,1.0,0.164578,0.021409,0.0,0.00212888,0.353852,0.727617,0.427301,0.882911,0.895788,10392.2,138.0,326.3,394.7,100.0,1.0
546799,3422,162,10.499003,0.2,0.140619,0.0,0.006507,0.00205326,0.363942,0.772243,0.418822,0.88674,0.90279,10562.2,140.0,338.0,555.9,100.0,1.0
546957,3423,158,6.216145,0.867096,0.10653,0.023147,1e-06,0.00177743,0.13157,0.344375,0.069907,0.636904,0.865103,8932.1,136.4,275.2,797.6,100.0,1.0
547114,3424,157,11.367354,0.610457,0.101322,0.000164,0.0,0.00205283,0.431819,0.788243,0.566676,1.0,0.887639,10623.2,130.4,312.7,474.6,100.0,1.0
547272,3425,158,6.248569,0.710754,0.10516,0.0,2e-06,0.0017807,0.133164,0.413975,0.181728,0.582869,0.8866,9197.2,145.3,311.0,560.6,100.0,1.0
547429,3426,157,9.349455,1.0,0.127265,0.01032,0.0,0.0022364,0.269051,0.523913,0.372391,0.831443,0.926973,9616.1,131.3,378.3,338.0,100.0,1.0
547587,3427,158,8.642132,0.538018,0.151192,0.0,1.2e-05,0.00162008,0.317242,0.70494,0.440773,0.793281,0.881532,10305.8,143.7,302.6,646.9,100.0,1.0
547754,3428,167,8.075706,0.670109,0.152643,0.0,4.8e-05,0.00206172,0.191312,0.585629,0.156158,0.647839,0.919388,9851.2,149.5,365.6,517.4,100.0,1.0
547919,3429,165,10.787076,1.0,0.139688,0.040331,1.2e-05,0.00255249,0.294294,0.699447,0.403902,0.779459,0.930967,10284.9,144.5,384.9,577.2,100.0,1.0
548079,3430,160,9.429186,0.2,0.127238,0.0,0.025088,0.00187882,0.32479,0.628859,0.435609,0.861551,0.882425,10016.0,134.5,304.0,744.2,100.0,1.0
548239,3431,160,11.294113,0.812567,0.129307,0.002418,3e-06,0.0028842,0.287643,0.689921,0.300591,0.811734,0.95836,10248.6,141.4,430.6,327.7,100.0,1.0
548394,3432,155,11.99358,1.0,0.163278,0.034623,2.3e-05,0.00288087,0.34906,0.868899,0.510214,0.801909,0.959801,10930.5,151.7,433.0,266.3,100.0,1.0
548560,3433,166,13.076187,1.0,0.120319,0.015424,0.0,0.00286296,0.392271,0.714414,0.508029,1.0,0.948542,10341.9,127.7,414.2,349.1,100.0,1.0
548708,3434,148,10.442252,1.0,0.155397,0.02394,2.2e-05,0.00231065,0.35085,0.648379,0.495967,0.922388,0.919188,10090.3,131.2,365.3,533.9,100.0,1.0
548869,3435,161,10.407075,0.965084,0.074163,0.040605,0.000111,0.00228032,0.323357,0.691948,0.397999,0.840977,0.903285,10256.3,139.3,338.8,462.1,100.0,1.0
549030,3436,161,10.512311,0.630214,0.20016,0.005463,0.0,0.00201764,0.372627,0.824405,0.495299,0.855107,0.900188,10761.0,145.0,333.6,828.9,100.0,1.0
549187,3437,157,11.839941,1.0,0.155595,0.008993,0.0,0.00237594,0.41252,0.81409,0.460592,0.988354,0.929615,10721.7,134.8,382.7,385.9,100.0,1.0
549344,3438,157,8.50717,0.2,0.144059,0.0,4e-06,0.00206436,0.240313,0.629308,0.305723,0.686327,0.888468,10017.7,148.5,314.1,561.2,100.0,1.0
549503,3439,159,9.360815,0.632029,0.169327,0.0,7e-06,0.00181233,0.33286,0.709964,0.479337,0.823851,0.88842,10325.0,141.5,314.0,640.4,100.0,1.0
549659,3440,156,9.934897,0.662134,0.164054,0.005705,3.1e-05,0.00167634,0.397563,0.775202,0.552254,0.918827,0.875976,10573.5,137.8,293.3,662.5,100.0,1.0
549820,3441,161,12.269433,0.2,0.14188,0.0,4.8e-05,0.00292782,0.342624,0.784651,0.377824,0.868445,0.954796,10609.5,142.0,424.7,326.7,100.0,1.0
549980,3442,160,7.74058,0.956809,0.135106,0.02367,0.0,0.00193568,0.203864,0.510664,0.284895,0.664229,0.871931,9565.6,143.7,286.6,574.9,100.0,1.0
550136,3443,156,9.027,1.0,0.149502,0.033765,0.0,0.00207581,0.275049,0.625267,0.3623,0.761906,0.889042,10002.3,141.9,315.1,497.0,100.0,1.0
550289,3444,153,5.432689,0.612634,0.100618,0.0,6.4e-05,0.00203071,0.049706,0.340473,0.115498,0.434697,0.883365,8917.2,155.4,305.6,936.1,100.0,1.0
550443,3445,154,9.00941,0.2,0.061687,0.0,0.041321,0.00177801,0.323829,0.686057,0.478876,0.817397,0.890125,10233.9,140.8,316.9,600.0,100.0,1.0
550600,3446,157,8.715728,1.0,0.13812,0.041351,0.0,0.00200205,0.263811,0.70597,0.365659,0.691349,0.903147,10309.7,152.4,338.6,673.9,100.0,1.0
550757,3447,157,10.775074,1.0,0.121376,0.0,0.0,0.00276235,0.281052,0.66039,0.27537,0.795914,0.919793,10136.1,141.1,366.3,321.8,100.0,1.0
550918,3448,161,10.679624,1.0,0.136653,0.0,0.0,0.00245781,0.31272,0.720365,0.448202,0.796227,0.922729,10364.6,144.3,371.2,397.7,100.0,1.0
551080,3449,162,10.155585,0.2,0.139873,0.0,0.020167,0.00231883,0.298042,0.708973,0.436156,0.764465,0.91441,10321.2,146.2,357.4,823.7,100.0,1.0
551240,3450,160,7.670814,0.269649,0.127263,0.0,0.011927,0.00223084,0.15194,0.470561,0.244591,0.586846,0.89959,9412.8,148.3,332.7,796.9,100.0,1.0
551396,3451,156,6.809469,0.2,0.137931,0.0,0.0,0.0016113,0.200357,0.499486,0.239981,0.681473,0.884406,9523.0,141.6,307.3,769.7,100.0,1.0
551549,3452,153,9.468642,0.551231,0.117804,0.0,7e-06,0.00238668,0.262939,0.570342,0.25163,0.80299,0.904023,9793.0,135.8,340.0,391.5,100.0,1.0
551705,3453,156,7.579676,0.2,0.147532,0.0,0.025395,0.00180145,0.221761,0.59093,0.228447,0.678662,0.881124,9871.4,147.0,301.9,471.7,100.0,1.0
551864,3454,159,8.322604,1.0,0.135537,0.025593,1.6e-05,0.00247578,0.158397,0.524474,0.054154,0.618591,0.902294,9618.2,148.6,337.2,355.7,100.0,1.0
552025,3455,161,8.039362,0.532357,0.08218,0.0,0.0,0.00200671,0.210157,0.582152,0.062277,0.720548,0.91931,9838.0,142.9,365.5,347.0,100.0,1.0
552180,3456,155,7.75991,0.428429,0.079014,0.0,5.4e-05,0.00196383,0.210282,0.601705,0.318872,0.62846,0.893663,9912.5,152.2,322.8,753.0,100.0,1.0
552341,3457,161,10.166603,1.0,0.151654,0.025624,2.2e-05,0.00210809,0.334867,0.739311,0.442979,0.826262,0.899053,10436.8,142.9,331.8,520.3,100.0,1.0
552503,3458,162,10.675779,0.2,0.054949,0.0,0.147049,0.00272692,0.266283,0.742879,0.375958,0.706059,0.957822,10450.4,153.1,429.7,482.9,100.0,1.0
552662,3459,159,7.676978,0.448142,0.123931,0.0,0.0,0.00240661,0.126529,0.357978,0.064534,0.651663,0.920336,8983.9,136.0,367.2,519.4,100.0,1.0
552821,3460,159,9.301984,0.850749,0.127715,0.016845,1.4e-05,0.00206626,0.288401,0.609383,0.431164,0.776981,0.871413,9941.7,139.9,285.7,741.4,100.0,1.0
552977,3461,156,13.427948,0.2,0.187387,0.0,0.011258,0.00309932,0.40717,0.777612,0.546198,1.0,0.967412,10582.7,126.3,445.7,469.9,100.0,1.0
553136,3462,159,9.891145,0.338514,0.116581,0.016847,0.0,0.00203716,0.332219,0.63497,0.462828,0.87987,0.899017,10039.2,133.5,331.7,580.2,100.0,1.0
553300,3463,164,8.345862,0.25561,0.100177,0.0,0.000233,0.00181616,0.255751,0.709266,0.304827,0.674924,0.888072,10322.3,154.1,313.5,703.5,100.0,1.0
553458,3464,158,8.898277,0.399399,0.102805,0.0,1.5e-05,0.0021513,0.25031,0.71922,0.355633,0.660228,0.916597,10360.2,156.0,361.0,493.8,100.0,1.0
553623,3465,165,4.852094,0.774043,0.144667,0.0,0.0,0.00183133,0.019657,0.36427,0.008718,0.368902,0.879373,9007.9,164.5,299.0,944.4,100.0,1.0
553789,3466,166,10.797459,1.0,0.103739,0.025145,0.0,0.00249698,0.30164,0.787973,0.475345,0.72584,0.932893,10622.2,153.9,388.2,624.4,100.0,1.0
553945,3467,156,10.311391,0.2,0.140627,0.0,0.018759,0.0019863,0.374047,0.868896,0.480577,0.826155,0.886785,10930.5,149.6,311.3,701.9,100.0,1.0
554106,3468,161,4.849967,0.759565,0.162888,0.003088,0.0,0.0017143,0.045661,0.33393,0.108378,0.42666,0.877294,8892.3,155.8,295.5,830.7,100.0,1.0
554266,3469,160,11.864722,0.485044,0.144854,0.0,9e-06,0.00251464,0.384522,0.978011,0.519264,0.78787,0.908223,11346.2,158.7,347.0,610.5,100.0,1.0
554419,3470,153,10.633344,1.0,0.117391,0.017842,0.0,0.0030447,0.239427,0.472335,0.169163,0.849858,0.942064,9419.6,127.3,403.4,313.6,100.0,1.0
554589,3471,170,8.704279,1.0,0.10216,0.032992,2e-06,0.00185731,0.261607,0.758799,0.39659,0.643774,0.901046,10511.0,159.9,335.1,749.0,100.0,1.0
554752,3472,163,4.5346,1.0,0.055868,0.025852,0.000111,0.00208879,-0.039706,0.25183,-0.125706,0.343323,0.909687,8579.5,159.7,349.5,615.7,100.0,1.0
554912,3473,160,6.448399,0.243011,0.098466,0.023341,0.0,0.00173523,0.15003,0.496191,0.139679,0.575461,0.872679,9510.5,150.9,287.8,659.9,100.0,1.0
555074,3474,162,6.917827,0.490668,0.05471,0.000473,0.0,0.00212889,0.113899,0.492489,0.073233,0.524928,0.906069,9496.4,155.7,343.4,585.6,100.0,1.0
555237,3475,163,12.565222,0.651129,0.167097,0.0,0.0,0.00290386,0.360037,0.769325,0.444356,0.896871,0.941913,10551.1,139.1,403.2,429.4,100.0,1.0
555400,3476,163,11.373146,0.693214,0.099695,0.0,0.0,0.00253391,0.341368,0.852517,0.424138,0.79266,0.924954,10868.1,151.6,374.9,455.2,100.0,1.0
555556,3477,156,8.428534,0.81012,0.084948,0.014147,0.0,0.00244679,0.177379,0.49557,0.219883,0.668941,0.944311,9508.1,142.4,407.2,466.3,100.0,1.0
555712,3478,156,4.39963,1.0,0.026885,0.0,0.0,0.00197442,-0.016182,0.113489,-0.245968,0.521147,0.913664,8052.4,132.3,356.1,381.3,100.0,1.0
555868,3479,156,12.167674,0.333175,0.143031,0.0,0.0,0.00248196,0.419867,0.811728,0.477504,0.998234,0.920436,10712.7,134.0,367.4,504.8,100.0,1.0
556031,3480,163,11.580383,0.794341,0.142337,0.0,1.6e-05,0.00287084,0.300241,0.575217,0.306147,0.900055,0.936801,9811.6,129.1,394.7,398.1,100.0,1.0
556187,3481,156,4.175615,0.426552,0.132862,0.0,0.0,0.00159724,0.027845,0.285668,-0.011961,0.439789,0.873166,8708.4,151.2,288.6,1114.8,100.0,1.0
556349,3482,162,10.928415,0.579752,0.101383,0.0,1.5e-05,0.00222298,0.364839,0.733622,0.43111,0.901179,0.888597,10415.1,137.0,314.3,454.2,100.0,1.0
556503,3483,154,5.199143,0.244506,0.071112,0.0,0.016073,0.00184441,0.060857,0.246794,-0.056853,0.574006,0.899036,8560.3,136.0,331.7,667.3,100.0,1.0
556670,3484,167,9.587352,0.28278,0.158908,0.021686,0.0,0.00184428,0.327939,0.853674,0.465633,0.729466,0.895315,10872.5,157.2,325.5,613.7,100.0,1.0
556829,3485,159,12.491904,0.867262,0.136289,0.001055,7.6e-05,0.00273593,0.393595,0.89652,0.462393,0.897869,0.943689,11035.7,145.4,406.1,303.2,100.0,1.0
556989,3486,160,9.076093,0.2,0.119617,0.0,1.3e-05,0.0022899,0.235662,0.680035,0.217495,0.684105,0.918951,10210.9,151.6,364.9,504.4,100.0,1.0
557144,3487,155,12.633622,0.452346,0.151897,0.018197,0.0,0.00274983,0.411866,0.807034,0.41132,1.0,0.924098,10694.8,128.5,373.5,524.2,100.0,1.0
557305,3488,161,9.077448,1.0,0.150555,0.033348,0.0,0.00190428,0.29561,0.548973,0.412709,0.84957,0.890928,9711.6,131.3,318.2,549.9,100.0,1.0
557462,3489,157,4.949468,0.2,0.114992,0.0,0.0,0.00190456,0.029317,0.236488,0.033929,0.467952,0.881514,8521.0,145.1,302.5,738.3,100.0,1.0
557617,3490,155,9.4228,0.2,0.115905,0.0,0.270718,0.00178853,0.347799,0.622933,0.454748,0.929105,0.900205,9993.4,129.5,333.7,646.4,100.0,1.0
557773,3491,156,5.469136,0.610608,0.091106,0.00368,0.0,0.00179542,0.082666,0.28065,0.080616,0.575253,0.902637,8689.3,137.9,337.7,518.2,100.0,1.0
557934,3492,161,8.517594,0.846443,0.106697,0.0,1e-05,0.00167816,0.294709,0.648328,0.467431,0.759212,0.871202,10090.1,143.4,285.3,618.4,100.0,1.0
558096,3493,162,7.505689,1.0,0.116232,0.029105,0.0,0.00236796,0.114152,0.432326,0.111224,0.562668,0.920474,9267.2,148.3,367.5,383.0,100.0,1.0
558260,3494,164,7.306456,0.491736,0.173817,0.0,0.000167,0.00181089,0.18753,0.614684,0.231763,0.582046,0.888542,9961.9,157.4,314.2,638.2,100.0,1.0
558422,3495,162,12.310179,0.834769,0.096057,0.007014,0.0,0.00206357,0.481986,0.98785,0.544127,1.0,0.877555,11383.7,139.8,295.9,472.5,100.0,1.0
558575,3496,153,9.532496,0.2,0.107228,0.0,0.035268,0.00233024,0.275575,0.63581,0.373479,0.766297,0.908978,10042.4,142.1,348.3,521.7,100.0,1.0
558734,3497,159,5.898364,0.315128,0.133549,0.0,0.0,0.00166932,0.125689,0.463276,0.053669,0.565358,0.886557,9385.1,149.9,310.9,648.1,100.0,1.0
558895,3498,161,9.138948,1.0,0.141255,0.040065,0.0,0.00210135,0.267633,0.712611,0.395902,0.681452,0.890763,10335.0,153.7,317.9,629.6,100.0,1.0
559055,3499,160,11.559482,0.704144,0.140098,0.0,0.0,0.00244406,0.375383,0.705521,0.486446,0.937099,0.897923,10308.0,133.0,329.9,466.9,100.0,1.0
559217,3500,162,9.675016,0.259641,0.105747,0.0,0.012402,0.00215469,0.292429,0.705285,0.438273,0.752101,0.914241,10307.1,147.1,357.1,528.3,100.0,1.0
559376,3501,159,8.674445,1.0,0.143322,0.011669,0.0,0.00201474,0.25478,0.552841,0.352944,0.760865,0.892284,9726.3,138.1,320.5,685.2,100.0,1.0
559530,3502,154,12.000653,1.0,0.12973,0.007421,0.0,0.00244798,0.418642,0.785531,0.478664,1.0,0.902429,10612.9,132.2,337.4,324.7,100.0,1.0
559689,3503,159,10.343566,1.0,0.131025,0.023402,0.0,0.00290776,0.223458,0.631283,0.267317,0.693236,0.953554,10025.2,148.0,422.6,260.9,100.0,1.0
559850,3504,161,7.592902,0.925883,0.031767,0.0,0.0,0.00225529,0.140336,0.494711,0.031602,0.601654,0.908654,9504.8,148.4,347.8,354.9,100.0,1.0
560010,3505,160,6.729156,0.2,0.088379,0.0,0.028692,0.00252711,0.041817,0.308789,0.01151,0.50399,0.952507,8796.5,146.2,420.8,408.7,100.0,1.0
560176,3506,166,7.810333,0.2,0.107739,0.0,0.256463,0.00208823,0.171184,0.516466,0.165298,0.624572,0.897166,9587.7,147.5,328.6,617.0,100.0,1.0
560334,3507,158,8.698611,0.797606,0.153004,0.0,0.0,0.00195987,0.267026,0.669301,0.273687,0.734894,0.886501,10170.0,146.6,310.8,417.2,100.0,1.0
560494,3508,160,10.509654,0.39296,0.09874,0.0,0.0,0.00244469,0.305592,0.718573,0.359136,0.799964,0.919801,10357.8,143.9,366.3,506.3,100.0,1.0
560649,3509,155,8.754242,0.595817,0.127177,0.0,4.7e-05,0.00170461,0.316151,0.706393,0.461131,0.797751,0.902643,10311.4,143.4,337.7,755.0,100.0,1.0
560812,3510,163,9.507619,0.2,0.139254,0.0023,2e-06,0.00193356,0.315114,0.755682,0.3811,0.779293,0.894532,10499.1,147.5,324.2,796.0,100.0,1.0
560975,3511,163,8.324116,0.412549,0.146679,0.0,0.0,0.00174844,0.266806,0.723223,0.394176,0.658219,0.866821,10375.5,156.4,278.0,801.5,100.0,1.0
561134,3512,159,5.844434,0.972055,0.085,0.036261,2e-06,0.00172183,0.113635,0.384853,0.01875,0.583374,0.871212,9086.3,143.5,285.4,812.5,100.0,1.0
561301,3513,167,3.740598,0.834203,-0.007534,0.012768,8.2e-05,0.00162144,-0.022841,0.266069,-0.058196,0.330197,0.862471,8633.7,162.3,270.8,633.0,100.0,1.0
561459,3514,158,11.184013,0.605051,0.155865,0.0,0.0,0.00221908,0.390646,0.697853,0.454347,0.99577,0.910241,10278.8,128.8,350.4,558.2,100.0,1.0
561619,3515,160,9.949174,0.2,0.113832,0.0,0.148946,0.00221833,0.304482,0.706486,0.46164,0.767649,0.901454,10311.7,145.8,335.8,645.4,100.0,1.0
561778,3516,159,7.15982,1.0,0.125792,0.038769,0.0,0.00192324,0.168734,0.55408,0.161038,0.605807,0.912851,9731.0,151.5,354.8,594.7,100.0,1.0
561938,3517,160,6.35148,0.204685,0.046523,0.0,0.091821,0.00225626,0.059937,0.352118,0.020999,0.497696,0.917086,8961.6,149.6,361.8,588.4,100.0,1.0
562101,3518,163,9.481379,0.548464,0.156452,0.0,0.0,0.00198122,0.305401,0.778138,0.499087,0.702209,0.879703,10584.7,155.5,299.5,758.0,100.0,1.0
562258,3519,157,12.307332,0.635079,0.131528,0.001888,0.0,0.00258492,0.409779,0.751976,0.538468,0.988643,0.910078,10485.0,131.8,350.1,326.6,100.0,1.0
562419,3520,161,9.005468,0.200545,0.152217,0.0,4e-06,0.00196368,0.280629,0.806483,0.416751,0.655703,0.899794,10692.7,161.5,333.0,753.3,100.0,1.0
562575,3521,156,11.202034,0.541278,0.120368,0.0,7e-06,0.00204232,0.423712,0.807288,0.496888,1.0,0.911195,10695.8,133.6,352.0,544.3,100.0,1.0
562739,3522,164,12.636631,0.210381,0.167079,0.0,0.081967,0.00257417,0.415266,0.809888,0.41604,1.0,0.915241,10705.7,130.6,358.7,363.5,100.0,1.0
562893,3523,154,6.696033,0.938958,0.146347,0.024972,2.1e-05,0.001909,0.149769,0.40626,0.323187,0.587374,0.876255,9167.8,144.4,293.8,694.5,100.0,1.0
563054,3524,161,10.664402,0.07622,0.149788,0.00196,0.0,0.00231859,0.33342,0.696075,0.419537,0.880711,0.939346,10272.0,136.5,398.9,338.6,100.0,1.0
563218,3525,164,9.138777,0.774374,0.176638,0.00169,0.0,0.00267348,0.167173,0.605887,0.236972,0.57258,0.948112,9928.4,157.8,413.5,334.1,100.0,1.0
563380,3526,162,7.459433,0.8613,0.075796,0.0,3e-06,0.00198047,0.173502,0.553788,0.124717,0.630331,0.918197,9729.9,149.2,363.7,512.7,100.0,1.0
563549,3527,169,11.452225,0.986805,0.127421,0.0,0.0,0.00238052,0.356635,0.749198,0.346925,0.916832,0.928358,10474.4,136.6,380.6,718.3,100.0,1.0
563709,3528,160,7.992304,0.2,0.100906,0.0,0.072874,0.00231665,0.159008,0.437396,0.125009,0.664047,0.913843,9286.5,139.5,356.4,479.1,100.0,1.0
563866,3529,157,10.437302,0.376535,0.167146,0.0,0.012104,0.00186011,0.399666,0.782759,0.552298,0.913012,0.865834,10602.3,138.6,276.4,862.8,100.0,1.0
564027,3530,161,10.985698,0.607838,0.117836,0.0,2e-06,0.00280926,0.275806,0.609218,0.376017,0.786369,0.914591,9941.1,139.1,357.7,819.2,100.0,1.0
564189,3531,162,8.784023,0.873929,0.124691,0.0,1.9e-05,0.0019255,0.270286,0.653014,0.441229,0.708713,0.882304,10108.0,147.9,303.8,838.0,100.0,1.0
564352,3532,163,11.831181,0.38304,0.141186,0.0,2.3e-05,0.00241049,0.391263,0.952485,0.542174,0.822351,0.920066,11249.0,154.3,366.8,465.3,100.0,1.0
564509,3533,157,8.100153,0.2,0.136734,0.0,0.104748,0.0017726,0.258564,0.612736,0.330565,0.737384,0.890522,9954.5,143.2,317.5,774.6,100.0,1.0
564670,3534,161,7.496324,0.359142,0.078915,0.025603,0.0,0.00217919,0.145965,0.525177,0.252529,0.550738,0.923509,9620.9,155.1,372.5,576.8,100.0,1.0
564832,3535,162,11.536669,0.410364,0.145085,0.0,0.012429,0.00263349,0.337969,0.821649,0.300275,0.854355,0.95685,10750.5,144.9,428.1,492.1,100.0,1.0
564991,3536,159,10.054509,0.667048,0.126215,0.0,0.0,0.00213979,0.326146,0.855507,0.415753,0.744419,0.908295,10879.5,155.9,347.2,461.9,100.0,1.0
565159,3537,168,11.540116,1.0,0.130462,0.00258,0.0,0.00278743,0.296562,0.746518,0.308115,0.778598,0.929274,10464.2,147.1,382.1,359.4,100.0,1.0
565323,3538,164,11.897515,1.0,0.086466,0.003623,0.0,0.003157,0.2709,0.637599,0.199268,0.830983,0.963278,10049.3,137.2,438.8,269.4,100.0,1.0
565488,3539,165,9.440319,1.0,0.116996,0.003704,0.0,0.00219916,0.262968,0.663526,0.391869,0.717963,0.917145,10148.0,147.7,361.9,506.2,100.0,1.0
565640,3540,152,3.672523,-0.165828,-0.069575,0.014962,0.0,0.00205453,-0.068825,0.109043,-0.309832,0.408649,0.91425,8035.5,142.6,357.1,405.6,100.0,1.0
565801,3541,161,11.24908,0.2,0.131649,0.000158,0.032032,0.0021957,0.392156,0.698867,0.506049,1.0,0.932662,10282.7,127.7,387.8,493.1,100.0,1.0
565956,3542,155,8.53758,1.0,0.106452,0.034463,0.0,0.00225271,0.216754,0.497046,0.142292,0.77634,0.929092,9513.7,133.9,381.8,503.8,100.0,1.0
566114,3543,158,8.217659,0.2,0.092189,0.001169,0.122789,0.00190835,0.243175,0.597741,0.327802,0.708782,0.890212,9897.4,144.8,317.0,663.1,100.0,1.0
566271,3544,157,10.18137,0.536986,0.145202,0.0,8.2e-05,0.00218027,0.332523,0.629053,0.434626,0.881425,0.883092,10016.7,133.1,305.2,609.2,100.0,1.0
566426,3545,155,6.5601,0.870855,0.110981,0.016117,0.0,0.001891,0.141687,0.320393,0.177312,0.658885,0.878787,8840.7,133.2,298.0,536.7,100.0,1.0
566585,3546,159,11.233735,0.2,0.133529,0.005138,0.02081,0.00314933,0.243858,0.501776,0.296903,0.80417,0.931778,9531.8,132.1,386.3,345.5,100.0,1.0
566754,3547,169,6.089264,0.476829,0.062029,0.0,7e-05,0.00218713,0.034041,0.444754,-0.061897,0.394357,0.914804,9314.5,167.0,358.0,814.5,100.0,1.0
566916,3548,162,11.354613,1.0,0.103546,0.031993,0.0,0.00197194,0.433246,0.955056,0.452998,0.938164,0.904331,11258.8,145.2,340.6,546.3,100.0,1.0
567082,3549,166,6.213023,0.670227,0.079357,0.007418,0.0,0.00189392,0.097456,0.47533,0.135642,0.471857,0.894734,9431.0,160.2,324.6,721.8,100.0,1.0
567246,3550,164,7.183221,0.316351,0.071055,0.0,4e-06,0.00187386,0.168813,0.526887,0.112825,0.61628,0.882813,9627.4,148.9,304.7,548.0,100.0,1.0
567409,3551,163,9.715857,0.2,0.127,0.0,0.141142,0.0021072,0.300497,0.667442,0.382208,0.793286,0.887596,10163.0,141.7,312.7,649.6,100.0,1.0
567572,3552,163,9.730826,-0.13737,0.12636,0.046011,0.0,0.00235878,0.260485,0.629276,0.27814,0.749444,0.897703,10017.5,143.2,329.5,631.9,100.0,1.0
567736,3553,164,9.418149,0.799522,0.098367,0.0,0.0,0.00198962,0.297933,0.764993,0.419939,0.716994,0.888428,10534.6,153.4,314.0,531.5,100.0,1.0
567898,3554,162,8.277857,1.0,0.127052,0.0,0.0,0.00219614,0.192846,0.521642,0.242453,0.662729,0.907603,9607.5,144.5,346.0,617.0,100.0,1.0
568059,3555,161,5.778118,0.2,0.118206,0.0,0.086373,0.00219393,0.029711,0.285945,0.032653,0.459959,0.916097,8709.5,149.1,360.2,677.2,100.0,1.0
568219,3556,160,11.488029,0.2,0.090095,0.0,0.020218,0.00251433,0.359058,0.804093,0.4466,0.852487,0.91048,10683.6,144.2,350.8,468.9,100.0,1.0
568375,3557,156,9.352773,0.2,0.123443,0.026352,0.141715,0.00185196,0.330933,0.732901,0.400647,0.829761,0.897045,10412.4,142.3,328.4,720.9,100.0,1.0
568526,3558,151,8.943511,1.0,0.157101,0.023836,0.0,0.00222861,0.256164,0.542612,0.278244,0.812589,0.929393,9687.4,133.6,382.3,398.5,100.0,1.0
568688,3559,162,11.421306,0.625956,0.147813,0.053119,0.0,0.00265526,0.326738,0.711153,0.322324,0.878469,0.938681,10329.5,137.5,397.8,257.4,99.906,1.0
568854,3560,166,8.486528,0.586513,0.127375,9.5e-05,0.0,0.00211965,0.210557,0.64424,0.17732,0.648664,0.910802,10074.6,152.8,351.3,838.3,100.0,1.0
569012,3561,158,11.350371,1.0,0.12048,0.053738,0.0,0.00297831,0.281698,0.673459,0.318238,0.78177,0.924795,10185.9,142.9,374.7,246.4,99.888,1.0
569174,3562,162,8.173058,1.0,0.151785,0.018711,0.0,0.00225544,0.176349,0.479874,0.276721,0.639387,0.908186,9448.3,144.1,347.0,641.1,100.0,1.0
569333,3563,159,7.55447,0.566547,0.123972,0.006586,4e-06,0.00171389,0.228198,0.619376,0.195423,0.681952,0.875878,9979.8,148.3,293.1,617.2,100.0,1.0
569487,3564,154,13.023452,1.0,0.123001,0.015836,2.1e-05,0.00289052,0.418087,0.794116,0.535753,1.0,0.93607,10645.6,129.2,393.5,399.8,100.0,1.0
569644,3565,157,8.494159,0.2,0.055197,0.0,0.01275,0.00238173,0.189122,0.567431,0.038208,0.68597,0.923778,9781.9,145.0,373.0,401.9,100.0,1.0
569804,3566,160,12.73551,0.378438,0.143921,0.0,0.0,0.00270403,0.411608,0.821806,0.502518,0.969272,0.927219,10751.1,136.5,378.7,390.8,100.0,1.0
569964,3567,160,11.991268,0.81921,0.111522,0.0,0.000124,0.00275653,0.353945,0.734269,0.461044,0.906434,0.953203,10417.6,136.6,422.0,406.7,100.0,1.0
570129,3568,165,10.720849,0.931887,0.119487,0.013506,1e-06,0.00223439,0.342111,0.885305,0.472926,0.770425,0.938714,10993.0,155.2,397.9,451.2,100.0,1.0
570293,3569,164,7.977313,1.0,0.086323,0.019565,1e-06,0.0018572,0.22429,0.581353,0.241936,0.695822,0.894283,9835.0,145.0,323.8,556.9,100.0,1.0
570451,3570,158,9.411422,0.507013,0.141424,0.0,0.00641,0.00226412,0.2662,0.606667,0.261086,0.792633,0.914516,9931.4,138.5,357.5,601.5,100.0,1.0
570613,3571,162,9.724963,0.49494,0.097788,0.0,1.6e-05,0.0018893,0.338638,0.704117,0.48949,0.835628,0.882368,10302.7,140.3,303.9,687.0,100.0,1.0
570771,3572,158,7.471039,0.974934,0.129405,0.0,0.0,0.00207809,0.166921,0.51243,0.189653,0.6132,0.901729,9572.4,148.3,336.2,426.4,100.0,1.0
570927,3573,156,8.149768,0.981336,0.130967,0.02107,0.0,0.00199125,0.229585,0.431328,0.184389,0.815712,0.891881,9263.4,127.5,319.8,539.3,100.0,1.0
571085,3574,158,5.986724,0.451241,0.106497,0.0,0.000196,0.00182787,0.108015,0.354267,0.107356,0.580763,0.89437,8969.8,141.9,324.0,711.7,100.0,1.0
571247,3575,162,10.801793,0.687218,0.170774,0.0,1.2e-05,0.00202805,0.387392,0.904748,0.468894,0.848453,0.900265,11067.1,149.7,333.8,669.8,100.0,1.0
571405,3576,158,7.408297,0.743091,0.107518,0.004844,4e-06,0.00230759,0.126414,0.487762,0.097808,0.55852,0.914864,9478.4,152.0,358.1,765.8,100.0,1.0
571564,3577,159,11.287477,0.707288,0.137154,0.0,0.0,0.0023006,0.382313,0.894241,0.499338,0.840708,0.909857,11027.1,149.8,349.8,580.7,100.0,1.0
571727,3578,163,8.928183,1.0,0.061057,0.030003,0.0,0.00281607,0.132741,0.502786,0.091153,0.592731,0.95665,9535.6,149.7,427.8,286.9,100.0,1.0
571883,3579,156,10.110789,0.829966,0.133065,0.015117,0.0,0.00266949,0.253745,0.594669,0.213938,0.800438,0.945966,9885.7,137.3,409.9,322.4,100.0,1.0
572043,3580,160,11.798951,0.279784,0.127892,0.031491,0.0,0.00265676,0.357047,0.793234,0.405532,0.886741,0.946043,10642.2,141.0,410.1,390.2,100.0,1.0
572206,3581,163,11.068718,0.2,0.148217,0.0,0.109442,0.00202969,0.402914,0.779269,0.488447,0.954603,0.890358,10589.0,135.4,317.3,744.1,100.0,1.0
572366,3582,160,9.2963,0.316593,0.138391,0.0,0.0,0.00223633,0.258435,0.54846,0.166081,0.846566,0.935657,9709.6,131.5,392.8,449.7,100.0,1.0
572526,3583,160,9.418601,0.882715,0.112952,0.006479,0.0,0.00288543,0.1627,0.451843,0.096696,0.695617,0.95271,9341.5,137.7,421.2,314.8,100.0,1.0
572682,3584,156,11.038761,0.883874,0.144809,0.0,0.0,0.00256522,0.331642,0.732644,0.369835,0.853119,0.918998,10411.4,140.5,365.0,305.1,100.0,1.0
572849,3585,167,5.507477,1.0,0.075556,0.039945,0.0,0.00188569,0.050205,0.451387,0.100463,0.37857,0.896463,9339.8,169.4,327.4,777.2,100.0,1.0
573011,3586,162,9.43586,0.2,0.135881,0.0,0.0,0.0020836,0.287953,0.633938,0.360374,0.806326,0.916398,10035.3,138.9,360.7,570.9,100.0,1.0
573167,3587,156,10.315408,0.2,0.11404,0.0,0.025351,0.00185651,0.394162,0.701541,0.408628,0.993318,0.877652,10292.9,129.1,296.1,789.0,100.0,1.0
573330,3588,163,9.579295,0.583078,0.1308,0.0,6e-06,0.00233555,0.254284,0.698683,0.287501,0.687738,0.89693,10282.0,152.3,328.2,542.0,100.0,1.0
573487,3589,157,11.810293,0.372967,0.131206,0.0,0.000101,0.00265527,0.366024,0.82135,0.362042,0.884776,0.917713,10749.3,142.6,362.9,484.6,100.0,1.0
573650,3590,163,11.041743,-0.18003,0.136439,0.000497,2e-06,0.00254014,0.317954,0.883398,0.459543,0.724524,0.954637,10985.7,159.3,424.4,548.0,100.0,1.0
573808,3591,158,10.898111,0.2,0.127375,0.0,0.127947,0.00185677,0.429112,0.885103,0.52965,0.938548,0.88219,10992.2,141.8,303.6,581.0,100.0,1.0
573974,3592,166,6.352042,0.416646,0.097624,0.0,0.034578,0.00182589,0.117988,0.415381,0.142214,0.554944,0.888225,9202.6,148.0,313.7,655.7,100.0,1.0
574134,3593,160,9.008045,0.416375,0.118698,0.0,0.000208,0.00212514,0.257101,0.620721,0.334691,0.717948,0.874911,9984.9,145.3,291.5,546.1,100.0,1.0
574299,3594,165,9.059931,0.496511,0.164565,0.0,6.8e-05,0.00192665,0.282639,0.649955,0.379885,0.75041,0.872009,10096.3,144.2,286.7,527.6,100.0,1.0
574461,3595,162,7.803071,0.2,0.132126,0.000798,0.216955,0.00197839,0.196697,0.552937,0.165272,0.671025,0.905897,9726.7,145.5,343.2,730.1,100.0,1.0
574618,3596,157,10.547852,0.493261,0.14411,0.0,6.7e-05,0.00225872,0.344475,0.71282,0.423552,0.894267,0.935168,10335.8,136.4,391.9,703.9,100.0,1.0
574778,3597,160,8.420353,0.940346,0.098296,0.015636,0.0,0.00194009,0.247648,0.684432,0.333423,0.668708,0.897142,10227.7,153.2,328.6,582.9,100.0,1.0
574937,3598,159,8.47821,0.613527,0.085634,0.0,3e-06,0.00186217,0.265773,0.592081,0.453358,0.7338,0.884412,9875.8,142.4,307.4,764.2,100.0,1.0
575098,3599,161,9.510462,1.0,0.130647,0.034444,0.0,0.00244333,0.236874,0.62956,0.252001,0.705346,0.911418,10018.6,146.9,352.4,422.8,100.0,1.0
575261,3600,163,11.287819,0.824198,0.114805,0.0,0.0,0.00224046,0.382837,0.706932,0.483405,0.962127,0.908349,10313.4,131.4,347.2,497.1,100.0,1.0
575423,3601,162,8.428536,1.0,0.151317,0.011985,0.0,0.00201337,0.232365,0.598129,0.212164,0.711177,0.891417,9898.9,144.6,319.0,419.2,100.0,1.0
575590,3602,167,8.85717,1.0,0.139725,0.024064,0.0,0.00181134,0.284405,0.667563,0.501093,0.711932,0.869471,10163.4,148.4,282.5,840.6,100.0,1.0
575754,3603,164,9.695581,0.831665,0.135826,0.005143,0.0,0.00212135,0.294519,0.715359,0.366588,0.762911,0.904578,10345.5,146.7,341.0,548.8,100.0,1.0
575913,3604,159,11.102121,0.569142,0.159903,0.0,1.8e-05,0.00211339,0.399555,0.734718,0.514212,0.969579,0.893507,10419.3,132.3,322.5,504.0,100.0,1.0
576071,3605,158,11.783842,1.0,0.098742,0.018363,0.0,0.0034236,0.239896,0.622057,0.234034,0.751786,0.958945,9990.0,142.6,431.6,188.4,100.0,1.0
576228,3606,157,8.321097,0.74044,0.080645,0.0,0.0,0.0023911,0.176046,0.418177,0.041515,0.74417,0.92127,9213.3,132.1,368.8,570.8,100.0,1.0
576384,3607,156,8.532769,0.659038,0.093016,0.0,0.0,0.00249311,0.17656,0.474524,0.062262,0.710556,0.930078,9427.9,137.8,383.5,503.1,100.0,1.0
576546,3608,162,7.802578,0.534744,0.173292,0.0,1e-05,0.00174786,0.23393,0.552195,0.304008,0.70367,0.863952,9723.9,142.7,273.3,864.8,100.0,1.0
576701,3609,155,6.732436,0.802799,0.138275,0.003207,1.2e-05,0.00174324,0.175935,0.43076,0.19927,0.658845,0.860878,9261.2,139.6,268.1,583.8,100.0,1.0
576861,3610,160,15.019198,1.0,0.10889,0.016262,0.0,0.00350692,0.434296,0.893371,0.528867,1.0,0.967733,11023.7,122.5,446.2,159.9,100.0,1.0
577028,3611,167,8.420972,0.630295,0.112084,0.0,0.0,0.00226702,0.17958,0.576638,0.235017,0.6045,0.919526,9817.0,153.0,365.9,529.1,100.0,1.0
577186,3612,158,8.511062,0.669023,0.118468,0.0,6e-05,0.00244269,0.178184,0.564286,0.265394,0.616526,0.94415,9769.9,151.1,406.9,340.9,100.0,1.0
577339,3613,153,7.716597,0.688505,0.162228,0.004729,1e-06,0.00153533,0.276547,0.541867,0.357794,0.801776,0.861638,9684.5,134.4,269.4,830.0,100.0,1.0
577496,3614,157,11.227076,0.800233,0.165564,0.019326,7.8e-05,0.00232783,0.378649,0.634641,0.483565,1.0,0.91347,10038.0,119.7,355.8,432.4,100.0,1.0
577652,3615,156,11.432024,0.009139,0.056469,0.0,0.0,0.0026818,0.339379,0.607126,0.479497,0.938449,0.942926,9933.2,128.1,404.9,351.7,100.0,1.0
577822,3616,170,10.745808,0.698551,0.137926,0.0,0.0,0.00190789,0.387924,0.893779,0.433014,0.86021,0.891624,11025.3,148.2,319.4,559.5,100.0,1.0
577978,3617,156,8.671328,0.53618,0.137823,0.0,0.0,0.00182977,0.289297,0.674004,0.359238,0.775248,0.900907,10188.0,143.5,334.8,525.6,100.0,1.0
578139,3618,161,9.222064,0.2,0.07867,0.0,0.006661,0.00234393,0.233853,0.530512,0.093932,0.805334,0.921207,9641.3,133.5,368.7,412.1,100.0,1.0
578298,3619,159,12.394374,0.333198,0.127962,0.0,0.00019,0.00248043,0.427099,0.834266,0.480095,1.0,0.917908,10798.6,133.6,363.2,486.7,100.0,1.0
578457,3620,159,8.8682,0.2,0.082447,0.0,0.08231,0.00190942,0.284172,0.66251,0.338483,0.774251,0.900015,10144.2,142.9,333.4,631.6,100.0,1.0
578619,3621,162,8.258253,0.688511,0.127728,0.0,0.0,0.00186977,0.244413,0.587831,0.309571,0.717592,0.882156,9859.6,143.5,303.6,622.1,100.0,1.0
578780,3622,161,7.526516,0.622038,0.115742,0.0,0.0,0.00174127,0.218451,0.437867,0.259375,0.757331,0.879544,9288.3,132.1,299.2,967.1,100.0,1.0
578936,3623,156,10.667805,0.2,0.126798,0.002413,0.028644,0.00194767,0.403102,0.732763,0.538185,0.966531,0.882078,10411.8,132.4,303.5,526.4,100.0,1.0
579095,3624,159,11.755908,0.867186,0.1436,0.007709,0.000176,0.00218969,0.430875,0.854868,0.51152,0.969798,0.887654,10877.0,138.0,312.8,644.6,100.0,1.0
579251,3625,156,11.407129,0.91827,0.07789,0.0,0.0,0.00239786,0.381869,0.674054,0.44644,0.988937,0.907453,10188.1,128.1,345.8,400.9,100.0,1.0
579413,3626,162,9.264357,0.590253,0.143743,0.0,0.0,0.00208219,0.276607,0.783462,0.447022,0.644786,0.887501,10605.0,161.2,312.5,776.0,100.0,1.0
579571,3627,158,4.444173,0.703255,0.049534,0.025407,1.4e-05,0.00161618,0.039134,0.261304,-0.073529,0.494282,0.866207,8615.6,144.1,277.0,706.2,100.0,1.0
579732,3628,161,8.266495,0.296817,0.132144,0.0,0.0,0.00210477,0.208856,0.616148,0.229745,0.652621,0.916816,9967.5,150.8,361.4,503.5,100.0,1.0
579888,3629,156,9.777074,0.469187,0.139424,0.0,2.2e-05,0.00220142,0.304368,0.644334,0.452502,0.814439,0.910966,10074.9,138.8,351.6,590.3,100.0,1.0
580048,3630,160,10.185049,0.857556,0.099265,0.011581,0.0,0.00242894,0.286189,0.591574,0.168036,0.867463,0.901974,9873.9,132.2,336.6,481.1,100.0,1.0
580214,3631,166,8.461242,1.0,0.144275,0.042441,1.2e-05,0.00170527,0.277516,0.607938,0.359449,0.762478,0.861618,9936.2,140.9,269.4,900.7,100.0,1.0
580369,3632,155,11.575522,0.359543,0.162902,0.0,0.0,0.00243094,0.390095,0.652741,0.513391,1.0,0.897716,10106.9,120.4,329.5,437.0,100.0,1.0
580530,3633,161,14.745167,0.457537,0.162276,0.0,2.8e-05,0.0031947,0.462669,0.971601,0.517122,1.0,0.927775,11321.8,138.4,379.6,295.2,100.0,1.0
580692,3634,162,13.922604,0.2,0.117825,0.0,0.0,0.00276959,0.474026,1.0,0.580943,1.0,0.936275,11609.9,132.9,393.8,325.2,100.0,1.0
580849,3635,157,8.797977,0.699673,0.12106,0.000591,3e-06,0.00179732,0.300914,0.66029,0.330798,0.80353,0.874602,10135.7,140.5,291.0,763.6,100.0,1.0
581016,3636,167,5.287156,0.523463,0.00494,0.0,0.000108,0.00233794,-0.040038,0.145972,-0.221916,0.430814,0.906658,8176.2,142.9,344.4,512.4,100.0,1.0
581174,3637,158,7.460554,0.447237,0.054442,0.0,9e-06,0.00164178,0.235027,0.564836,0.240496,0.720417,0.873592,9772.0,142.0,289.3,750.8,100.0,1.0
581338,3638,164,10.060236,0.344873,0.12247,0.0,1e-06,0.00189856,0.355313,0.724587,0.414113,0.89055,0.893861,10380.7,137.3,323.1,590.5,100.0,1.0
581493,3639,155,11.449257,1.0,0.154194,0.029398,0.0,0.00230694,0.401129,0.70633,0.447444,1.0,0.880792,10311.1,128.4,301.3,520.3,100.0,1.0
581661,3640,168,9.482909,0.859443,0.140413,0.030902,1.1e-05,0.0023715,0.230003,0.581897,0.267597,0.713941,0.91123,9837.0,143.5,352.1,761.9,100.0,1.0
581826,3641,165,10.23647,0.446708,0.105086,0.0,0.0,0.00214386,0.324617,0.803387,0.50737,0.752807,0.912359,10680.9,152.3,353.9,507.2,100.0,1.0
581981,3642,155,9.217128,0.2,0.100598,0.0,0.392985,0.00212336,0.28166,0.609027,0.388388,0.793106,0.906714,9940.4,138.6,344.5,628.5,100.0,1.0
582140,3643,159,8.616713,0.2,0.08454,0.0,0.039491,0.00294493,0.102756,0.275687,0.016825,0.679921,0.959266,8670.4,129.0,432.1,530.3,100.0,1.0
582305,3644,165,7.934823,1.0,0.098044,0.045074,0.0,0.00292951,0.042507,0.40502,0.006796,0.452356,0.961478,9163.1,157.7,435.8,301.6,100.0,1.0
582467,3645,162,8.623286,0.554013,0.142642,0.0,0.0,0.00222602,0.210935,0.54918,0.28906,0.681009,0.91068,9712.4,144.4,351.1,500.2,100.0,1.0
582628,3646,161,9.003478,0.2,0.127376,0.0,0.085212,0.00208171,0.261577,0.635058,0.314946,0.737189,0.894228,10039.6,144.5,323.7,618.8,100.0,1.0
582787,3647,159,8.031064,0.2,0.090836,0.0,0.292344,0.00189222,0.231393,0.634066,0.16304,0.697403,0.889556,10035.8,147.8,315.9,587.1,100.0,1.0
582944,3648,157,9.576871,0.872818,0.145326,0.006635,0.0,0.00226737,0.278707,0.508366,0.36612,0.856614,0.910567,9556.9,128.7,350.9,634.3,100.0,1.0
583102,3649,158,8.370772,0.988703,0.134178,0.025168,0.0,0.00208026,0.22606,0.560614,0.330699,0.692832,0.897182,9755.9,144.1,328.6,705.4,100.0,1.0
583265,3650,163,8.906248,0.2,0.167245,0.000503,1.4e-05,0.00213491,0.242213,0.543289,0.278,0.75773,0.898005,9689.9,137.8,330.0,655.1,100.0,1.0
583419,3651,154,10.866134,0.2,0.10581,0.0,0.217495,0.00208854,0.398426,0.688672,0.519207,0.995847,0.896006,10243.8,128.3,326.7,825.8,100.0,1.0
583585,3652,166,11.997037,0.60541,0.169275,0.00016,0.01188,0.00256506,0.369222,0.968519,0.447037,0.783241,0.923632,11310.1,158.6,372.7,677.9,100.0,1.0
583743,3653,158,12.057314,1.0,0.162206,0.029344,0.0,0.00277195,0.361124,0.828776,0.458766,0.856914,0.93885,10777.6,145.1,398.1,262.7,100.0,1.0
583903,3654,160,13.56993,0.803146,0.125255,0.0,0.0,0.00314636,0.39605,0.847757,0.464496,0.946274,0.963395,10850.0,139.4,439.0,346.3,100.0,1.0
584072,3655,169,10.479462,0.769311,0.11941,0.0,1.4e-05,0.00217464,0.327167,0.805291,0.291435,0.80399,0.899583,10688.2,148.1,332.6,441.6,100.0,1.0
584231,3656,159,10.242862,0.243829,0.153792,0.0,0.022466,0.00212728,0.340749,0.882037,0.496063,0.751075,0.919184,10980.6,156.8,365.3,543.0,100.0,1.0
584388,3657,157,10.339537,0.367437,0.118254,0.0,3.3e-05,0.00184859,0.39514,0.718446,0.450186,1.0,0.917959,10357.3,125.6,363.3,587.7,100.0,1.0
584545,3658,157,11.350547,0.803191,0.143669,0.0,0.0,0.00258438,0.346638,0.708403,0.328325,0.92605,0.934862,10319.0,133.9,391.4,271.8,100.0,1.0
584710,3659,165,6.592327,0.372882,0.114774,0.007488,1.1e-05,0.00185091,0.131574,0.389381,0.074106,0.604727,0.860292,9103.5,141.8,267.2,893.6,100.0,1.0
584871,3660,161,9.129675,0.25768,0.131292,0.00104,0.007573,0.00194102,0.292608,0.742014,0.294396,0.75683,0.90027,10447.1,148.7,333.8,501.9,100.0,1.0
585039,3661,168,8.489824,0.786299,0.141598,5.9e-05,2.1e-05,0.00265608,0.11649,0.403823,0.134582,0.589973,0.93565,9158.6,144.0,392.8,804.7,100.0,1.0
585196,3662,157,9.742329,0.2,0.108575,0.000531,0.000128,0.0022609,0.290811,0.662523,0.277162,0.806911,0.901201,10144.2,140.4,335.3,657.0,100.0,1.0
585350,3663,154,8.798303,0.2,0.116287,0.0,0.082385,0.00167238,0.325632,0.701463,0.468865,0.796978,0.861645,10292.6,143.2,269.4,956.7,100.0,1.0
585512,3664,162,5.833415,1.0,0.105258,0.030555,0.0,0.00175974,0.10156,0.418945,0.115118,0.507578,0.870878,9216.2,152.8,284.8,765.2,100.0,1.0
585673,3665,161,7.259467,0.891393,0.087435,0.016729,0.0,0.00186153,0.181411,0.421619,0.139104,0.709087,0.886156,9226.4,135.0,310.3,645.7,100.0,1.0
585830,3666,157,10.830071,0.48553,0.109025,0.002235,5e-06,0.00198225,0.406504,0.739335,0.509838,0.981872,0.888249,10436.9,131.7,313.7,468.3,100.0,1.0
585984,3667,154,8.225159,0.989929,0.126348,0.019244,0.0,0.00185393,0.259564,0.487505,0.303851,0.823767,0.888817,9477.4,129.9,314.7,1116.2,100.0,1.0
586146,3668,162,10.408845,0.785674,0.154253,0.010786,0.0,0.00251513,0.282323,0.722386,0.296828,0.763962,0.934164,10372.3,147.0,390.3,498.2,100.0,1.0
586307,3669,161,8.541716,0.719497,0.134603,0.0,0.0,0.00241813,0.17674,0.513571,0.02805,0.695173,0.930107,9576.7,141.2,383.5,446.9,100.0,1.0
586467,3670,160,9.83279,1.0,0.137065,0.0,0.0,0.00205218,0.323263,0.678695,0.49245,0.821366,0.896807,10205.8,140.1,328.0,555.7,100.0,1.0
586634,3671,167,7.850702,0.399116,0.080843,0.0,1.9e-05,0.00185032,0.211231,0.705019,0.181457,0.590922,0.878152,10306.1,162.0,296.9,516.1,100.0,1.0
586799,3672,165,9.189975,0.2,0.155782,0.0,0.003354,0.00247021,0.201385,0.533185,0.143482,0.710792,0.922304,9651.4,141.0,370.5,573.5,100.0,1.0
586960,3673,161,6.744878,0.339303,0.044557,0.008094,3e-06,0.00213144,0.103789,0.404683,0.029076,0.558853,0.895322,9161.8,146.9,325.5,528.8,100.0,1.0
587123,3674,163,11.350586,1.0,0.10678,0.01158,0.0,0.00263707,0.322305,0.74477,0.290073,0.861041,0.949243,10457.6,140.5,415.4,330.4,100.0,1.0
587288,3675,165,9.343831,0.883154,0.156314,0.0,0.0,0.00196416,0.295083,0.727817,0.372313,0.740935,0.881904,10393.0,149.2,303.2,646.9,100.0,1.0
587448,3676,160,5.629064,1.0,0.121425,0.011471,0.0,0.00180786,0.083732,0.311843,-0.005256,0.569229,0.885578,8808.1,140.3,309.3,575.6,100.0,1.0
587606,3677,158,9.394961,0.2,0.093634,0.0,0.576819,0.00192895,0.317711,0.608431,0.378161,0.874155,0.887501,9938.1,132.6,312.5,646.3,100.0,1.0
587772,3678,166,7.389609,0.347379,0.158944,0.0,1.7e-05,0.00186563,0.179898,0.583565,0.274898,0.555042,0.862,9843.4,158.2,270.0,775.8,100.0,1.0
587926,3679,154,11.23993,1.0,0.159493,0.025661,0.0,0.00207225,0.425529,0.877186,0.586266,0.937187,0.909075,10962.1,141.5,348.5,489.0,100.0,1.0
588089,3680,163,9.739757,0.719906,0.156666,0.0,0.0,0.00202739,0.314778,0.714895,0.409483,0.787659,0.879829,10343.8,144.7,299.7,634.3,100.0,1.0
588246,3681,157,11.367001,0.35855,0.159869,0.0,0.026975,0.00266868,0.334079,0.575471,0.371415,0.947286,0.90338,9812.5,126.0,339.0,413.1,100.0,1.0
588404,3682,158,10.173178,0.432997,0.122698,0.004551,6.4e-05,0.00235412,0.302061,0.559707,0.251607,0.912736,0.912483,9752.5,127.5,354.1,350.7,100.0,1.0
588561,3683,157,11.43735,0.739455,0.136035,0.031529,0.0,0.00190326,0.45895,0.875468,0.621919,0.997253,0.884043,10955.5,137.1,306.7,543.0,100.0,1.0
588722,3684,161,6.218912,0.30323,0.09857,0.014421,0.008311,0.00206432,0.079655,0.352336,0.019822,0.551331,0.923773,8962.4,144.4,373.0,539.0,100.0,1.0
588885,3685,163,9.735509,0.75755,0.121291,0.003,0.0,0.00186974,0.340179,0.657163,0.449042,0.872687,0.872362,10123.8,135.2,287.3,907.2,100.0,1.0
589051,3686,166,5.152073,0.556061,0.055788,0.0,6.2e-05,0.00195641,0.016532,0.29456,-0.052512,0.428665,0.893292,8742.3,153.0,322.2,574.9,100.0,1.0
589209,3687,158,10.23178,0.2,0.139978,0.00025,0.004977,0.00205989,0.352281,0.743336,0.513319,0.856539,0.910002,10452.1,140.7,350.0,842.9,100.0,1.0
589374,3688,165,7.749857,0.22974,0.097879,0.026603,0.0,0.00186388,0.205785,0.637644,0.229894,0.602545,0.870536,10049.4,156.8,284.2,744.4,100.0,1.0
589532,3689,158,7.105415,0.824982,0.017512,0.011074,3.3e-05,0.00225956,0.113614,0.379585,0.074735,0.598559,0.912717,9066.2,141.8,354.5,503.1,100.0,1.0
589697,3690,165,9.223542,0.87907,0.113568,0.004037,0.0,0.00228539,0.23382,0.676457,0.421161,0.620427,0.902324,10197.3,157.3,337.2,476.7,100.0,1.0
589852,3691,155,5.975354,0.2,0.053708,0.0,0.032084,0.00191653,0.098703,0.32845,-0.023839,0.618341,0.91345,8871.4,137.0,355.8,810.2,100.0,1.0
590011,3692,159,11.563917,1.0,0.109364,0.002812,0.0,0.00236125,0.390457,0.742766,0.505808,0.971296,0.937335,10449.9,132.5,395.6,441.1,100.0,1.0
590172,3693,161,12.382598,0.899524,0.137854,0.004063,0.0,0.0028749,0.35734,0.725194,0.383157,0.938603,0.950863,10383.0,133.9,418.1,402.5,100.0,1.0
590329,3694,157,9.165006,0.952138,0.137607,0.0,0.0,0.00186458,0.314353,0.661618,0.50347,0.78767,0.865864,10140.8,141.8,276.4,645.6,100.0,1.0
590488,3695,159,9.497864,0.2,0.138552,0.0,1.7e-05,0.0022199,0.276152,0.659428,0.185521,0.814941,0.932933,10132.4,139.6,388.2,494.8,100.0,1.0
590647,3696,159,10.338852,0.577387,0.141974,0.0,9e-06,0.00216048,0.3413,0.780584,0.39939,0.857233,0.946713,10594.0,142.6,411.2,569.3,100.0,1.0
590807,3697,160,7.125457,0.489982,0.124684,0.0,6.6e-05,0.00195681,0.158873,0.477519,0.070929,0.649373,0.909394,9439.3,143.1,349.0,550.1,100.0,1.0
590968,3698,161,12.245766,0.510908,0.17047,0.0,0.0,0.00240337,0.42416,0.942729,0.468731,0.929028,0.920027,11211.8,145.3,366.7,341.0,100.0,1.0
591126,3699,158,11.040929,0.561707,0.166148,0.000302,4e-06,0.00202599,0.411194,0.741611,0.500295,1.0,0.896953,10445.5,124.7,328.3,541.5,100.0,1.0
591284,3700,158,11.795268,0.2,0.158731,0.0,5.2e-05,0.00227713,0.421476,0.875428,0.481444,0.966301,0.928185,10955.4,139.3,380.3,508.3,100.0,1.0
591447,3701,163,10.642819,0.415636,0.176066,0.0,0.039114,0.00259374,0.282184,0.820081,0.448215,0.661282,0.928683,10744.5,161.7,381.1,509.1,100.0,1.0
591611,3702,164,10.639375,0.457787,0.163299,0.0,6e-06,0.00225955,0.334208,0.772044,0.270612,0.850115,0.90364,10561.5,142.7,339.4,511.4,100.0,1.0
591775,3703,164,8.317014,0.870554,0.142365,0.003024,1.6e-05,0.00229629,0.174345,0.618634,0.149311,0.596032,0.934627,9977.0,156.3,391.0,581.5,100.0,1.0
591931,3704,156,8.662039,0.597786,0.094005,0.0,0.0,0.0020171,0.2591,0.563511,0.430744,0.747213,0.894947,9767.0,139.8,324.9,857.9,100.0,1.0
592087,3705,156,4.925138,0.2,0.040008,0.0,0.043108,0.0019315,0.02491,0.247503,0.051756,0.4508,0.889843,8563.0,147.6,316.4,734.7,100.0,1.0
592247,3706,160,8.23047,1.0,0.119991,0.030527,0.0,0.00249683,0.145637,0.471764,0.112607,0.632374,0.946057,9417.4,144.2,410.1,369.3,100.0,1.0
592405,3707,158,9.245906,0.2,0.132047,0.019134,0.051268,0.00209747,0.280969,0.695796,0.308763,0.767861,0.924001,10271.0,145.2,373.3,592.2,100.0,1.0
592562,3708,157,4.803404,0.604604,0.053436,0.028137,0.000212,0.00224619,-0.034522,0.203131,-0.14386,0.401106,0.925443,8393.9,149.8,375.7,475.6,100.0,1.0
592722,3709,160,8.046638,0.522888,0.122436,0.0,1.8e-05,0.00188226,0.231745,0.61221,0.190711,0.700465,0.882257,9952.5,146.3,303.8,585.2,100.0,1.0
592883,3710,161,7.266453,1.0,0.114686,0.045888,0.0,0.00244397,0.087745,0.374813,0.08041,0.54389,0.926221,9048.0,146.5,377.0,455.5,100.0,1.0
593043,3711,160,10.003699,0.2,0.0982,0.006596,7.1e-05,0.00281457,0.212202,0.617058,0.110964,0.718853,0.962802,9971.0,145.0,438.0,327.3,100.0,1.0
593202,3712,159,8.665663,0.2,0.149029,0.0,0.011247,0.00203334,0.250644,0.793156,0.275486,0.628469,0.906326,10641.9,163.4,343.9,494.4,100.0,1.0
593363,3713,161,11.870353,0.2,0.160103,0.0,0.013434,0.00268105,0.354591,0.941161,0.46255,0.770305,0.940306,11205.8,158.2,400.5,533.8,100.0,1.0
593517,3714,154,4.732063,0.446518,0.071991,0.000799,0.0,0.0019717,0.009807,0.159432,-0.065856,0.50207,0.897175,8227.4,136.9,328.6,548.5,100.0,1.0
593675,3715,158,12.131337,1.0,0.146888,0.043583,2.4e-05,0.00271315,0.374873,0.902479,0.459366,0.851946,0.949847,11058.4,149.3,416.4,320.3,100.0,1.0
593834,3716,159,9.288731,1.0,0.140566,0.017651,0.0,0.00196004,0.303615,0.68652,0.363587,0.798681,0.895384,10235.6,142.3,325.6,510.2,100.0,1.0
593991,3717,157,9.171161,0.370509,0.137319,0.002472,1.3e-05,0.00199662,0.293983,0.68501,0.339321,0.781281,0.894856,10229.9,143.6,324.8,655.2,100.0,1.0
594150,3718,159,8.34482,0.2,0.064647,0.0,0.077807,0.00216906,0.207833,0.516321,0.136616,0.727705,0.903964,9587.2,138.7,339.9,630.9,100.0,1.0
594308,3719,158,7.355735,0.80903,0.131039,0.018162,0.0,0.00172424,0.214756,0.658556,0.229733,0.605893,0.860855,10129.1,157.7,268.1,675.0,100.0,1.0
594469,3720,161,10.459796,0.2,0.134931,0.0,0.062425,0.00257946,0.277471,0.77577,0.228414,0.731548,0.927726,10575.7,152.7,379.5,342.3,100.0,1.0
594631,3721,162,10.364622,0.282235,0.145627,0.0,0.048041,0.0021337,0.340817,0.730512,0.497769,0.844376,0.917353,10403.3,141.0,362.3,688.6,100.0,1.0
594790,3722,159,9.968947,0.2,0.146386,0.0,0.0,0.00246623,0.268136,0.638306,0.44003,0.742594,0.929924,10051.9,144.2,383.2,520.6,100.0,1.0
594954,3723,164,9.819416,0.2,0.12948,0.00141,4.1e-05,0.00229179,0.274509,0.660507,0.293399,0.763769,0.90186,10136.5,143.7,336.4,645.5,100.0,1.0
595112,3724,158,9.169648,0.2,0.137089,0.0,0.104485,0.00182362,0.319175,0.831609,0.507441,0.709012,0.892305,10788.4,157.8,320.5,642.8,100.0,1.0
595271,3725,159,9.633547,0.881075,0.160336,0.0,0.0,0.00249414,0.241443,0.607472,0.356722,0.717654,0.932633,9934.5,144.6,387.7,402.5,100.0,1.0
595432,3726,161,12.489628,0.499113,0.151228,0.010922,0.0,0.00286905,0.365301,0.888825,0.441261,0.829763,0.931745,11006.4,150.4,386.2,414.5,100.0,1.0
595591,3727,159,12.493389,0.753048,0.150749,0.0,0.0,0.00271834,0.395339,0.850706,0.436698,0.931024,0.933665,10861.2,140.6,389.4,274.9,100.0,1.0
595752,3728,161,5.750662,1.0,0.008223,0.0,0.0,0.00224437,0.019586,0.337771,-0.130119,0.452363,0.93116,8906.9,153.3,385.3,308.9,100.0,1.0
595914,3729,162,7.83308,-0.164004,0.112954,0.008411,5e-06,0.00173011,0.238557,0.595597,0.43654,0.660565,0.872887,9889.2,148.9,288.1,1021.8,100.0,1.0
596074,3730,160,6.873156,0.795473,0.082216,0.0,0.0,0.00222721,0.098878,0.413137,0.002183,0.578086,0.943435,9194.1,145.7,405.7,383.4,100.0,1.0
596229,3731,155,7.691096,0.2,0.121505,0.0,1e-06,0.00191496,0.212569,0.496071,0.264209,0.710404,0.888126,9510.0,139.0,313.5,681.3,100.0,1.0
596386,3732,157,10.06714,1.0,0.171174,0.022377,0.0,0.00189777,0.368773,0.918404,0.444913,0.798905,0.899525,11119.1,154.5,332.5,551.9,100.0,1.0
596542,3733,156,8.372837,0.2,0.131568,0.0,0.035797,0.00192717,0.253848,0.585883,0.375474,0.742091,0.908028,9852.2,141.4,346.7,750.2,100.0,1.0
596706,3734,164,8.265865,1.0,0.125868,0.001218,0.0,0.00236514,0.159498,0.639571,0.243471,0.527706,0.943297,10056.8,164.6,405.5,488.4,100.0,1.0
596870,3735,164,11.912586,0.574022,0.133081,0.0,0.000119,0.0023754,0.399312,0.818446,0.466804,0.941056,0.913608,10738.3,138.3,356.0,615.7,100.0,1.0
597031,3736,161,11.458262,1.0,0.204538,0.03933,0.0,0.00243153,0.367349,0.66846,0.411197,0.978679,0.929429,10166.8,128.5,382.4,527.5,100.0,1.0
597186,3737,155,11.270616,0.685083,0.190069,0.0,9e-06,0.00232255,0.386425,0.680252,0.450426,1.0,0.914722,10211.8,123.4,357.9,413.5,100.0,1.0
597343,3738,157,5.772668,1.0,0.076734,0.006808,0.0,0.00202631,0.064169,0.400684,-0.130479,0.523997,0.93021,9146.6,150.0,383.7,452.2,100.0,1.0
597501,3739,158,9.0901,0.460909,0.078236,0.0,2.7e-05,0.00174258,0.326618,0.676986,0.498021,0.831944,0.900835,10199.3,139.2,334.7,893.0,100.0,1.0
597656,3740,155,9.778117,0.2,0.134827,0.011058,0.007201,0.0024354,0.27,0.592615,0.217095,0.829947,0.927368,9877.9,134.9,378.9,568.9,100.0,1.0
597816,3741,160,10.230033,1.0,0.125449,0.0,0.0,0.00284735,0.221868,0.557213,0.239737,0.741326,0.951758,9743.0,139.9,419.6,501.2,100.0,1.0
597984,3742,168,9.54809,-0.116003,0.158596,0.023965,0.0,0.00176552,0.335681,0.861287,0.29994,0.779395,0.885572,10901.5,153.2,309.3,526.3,100.0,1.0
598140,3743,156,7.713828,0.454197,0.12768,0.0,8e-05,0.00189039,0.215895,0.42361,0.197784,0.782047,0.890417,9234.0,129.5,317.4,764.4,100.0,1.0
598301,3744,161,8.384617,0.986345,0.153601,0.015853,0.0,0.00184143,0.25871,0.757429,0.279035,0.657035,0.885459,10505.8,158.5,309.1,617.1,100.0,1.0
598459,3745,158,9.651808,0.455556,0.132513,0.0,5e-05,0.00169489,0.371256,0.756817,0.430528,0.891898,0.87104,10503.5,138.8,285.1,1077.2,100.0,1.0
598614,3746,155,9.311611,0.2,0.100806,0.0,0.004758,0.00197026,0.311108,0.69193,0.283343,0.831721,0.89159,10256.3,140.0,319.3,613.4,100.0,1.0
598774,3747,160,8.389801,0.266241,0.075691,0.0,0.015063,0.00192767,0.247015,0.70385,0.348577,0.639564,0.878523,10301.7,157.1,297.5,718.3,100.0,1.0
598928,3748,154,8.176658,0.248673,0.129723,0.032641,2e-06,0.00193934,0.24265,0.642197,0.195431,0.714096,0.892324,10066.8,146.8,320.5,547.2,100.0,1.0
599085,3749,157,14.25845,1.0,0.117379,0.024791,0.0,0.00320015,0.441569,0.988551,0.461508,0.990308,0.991372,11386.4,143.0,485.6,219.2,100.0,1.0
599238,3750,153,11.67349,0.745192,0.122503,0.0,0.0,0.00229752,0.421398,0.930213,0.55136,0.905877,0.91457,11164.1,146.4,357.6,429.5,100.0,1.0
599397,3751,159,6.865215,0.2,0.086896,0.0,0.105846,0.00257073,0.045816,0.317327,-0.011858,0.508625,0.943119,8829.0,146.3,405.2,455.9,100.0,1.0
599560,3752,163,12.163378,1.0,0.110527,0.024727,0.0,0.00292382,0.32885,0.85374,0.387744,0.788851,0.9556,10872.7,152.0,426.0,333.5,100.0,1.0
599718,3753,158,9.428415,0.413897,0.159779,0.005947,0.0,0.00189936,0.324259,0.769321,0.337314,0.793021,0.876043,10551.1,147.1,293.4,616.7,100.0,1.0
599880,3754,162,10.174694,0.941251,0.103382,0.018433,5.1e-05,0.00264187,0.245801,0.660351,0.141949,0.750315,0.934432,10135.9,144.8,390.7,338.0,100.0,1.0
600042,3755,162,10.642224,-0.069702,0.152359,0.017633,0.0,0.00225176,0.339986,0.894514,0.425547,0.763051,0.925669,11028.1,156.4,376.1,354.7,100.0,1.0
600206,3756,164,7.436991,0.562468,0.094139,0.0,0.0,0.00196492,0.170251,0.549345,0.094597,0.622012,0.901399,9713.0,149.7,335.7,521.4,100.0,1.0
600366,3757,160,9.056116,0.895249,0.107146,0.015407,8e-06,0.00210959,0.262151,0.746446,0.398693,0.658892,0.911548,10464.0,157.7,352.6,407.7,100.0,1.0
600524,3758,158,8.666843,1.0,0.115961,0.027962,5.6e-05,0.00207313,0.24633,0.700515,0.252,0.682994,0.908786,10289.0,152.8,348.0,376.3,100.0,1.0
600683,3759,159,12.378376,0.373239,0.078863,0.0,0.0,0.00291838,0.355633,0.973466,0.462761,0.76385,0.958196,11328.9,160.6,430.3,307.5,100.0,1.0
600847,3760,164,9.581268,0.689161,0.148189,0.003258,2.1e-05,0.00221554,0.271118,0.751499,0.283513,0.708564,0.914137,10483.2,153.4,356.9,610.0,100.0,1.0
601008,3761,161,10.555299,1.0,0.129772,0.01953,0.0,0.00217228,0.349221,0.792671,0.5124,0.814406,0.903798,10640.1,146.6,339.7,531.1,100.0,1.0
601163,3762,155,9.326215,0.896547,0.129923,0.011192,0.0,0.0019216,0.319696,0.660501,0.476682,0.813361,0.873768,10136.5,139.7,289.6,635.2,100.0,1.0
601317,3763,154,8.116851,0.858918,0.099132,0.032247,0.0,0.00163297,0.285955,0.694485,0.400337,0.719412,0.861859,10266.0,149.3,269.8,688.7,100.0,1.0
601480,3764,163,9.038976,0.474604,0.166573,0.010119,8e-05,0.00177909,0.308467,0.657476,0.300131,0.834787,0.879318,10125.0,138.0,298.9,699.2,100.0,1.0
601643,3765,163,10.210561,0.927284,0.09879,0.017667,0.0,0.00181525,0.380111,0.87799,0.587371,0.793242,0.86168,10965.1,152.9,269.5,703.6,100.0,1.0
601806,3766,163,9.725359,-0.370654,0.135029,0.029858,0.007607,0.00207748,0.305231,0.862115,0.356762,0.70002,0.903928,10904.7,160.4,339.9,829.3,100.0,1.0
601965,3767,159,8.458454,0.714423,0.135273,0.0,1.2e-05,0.00191946,0.254766,0.671767,0.409462,0.665295,0.88096,10179.4,152.8,301.6,602.6,100.0,1.0
602124,3768,159,9.660855,0.648432,0.128492,0.00781,0.0,0.00203795,0.315496,0.727322,0.407433,0.793344,0.897663,10391.1,144.9,329.4,514.3,100.0,1.0
602285,3769,161,8.893221,0.2,0.110832,0.0,0.128845,0.00236866,0.207353,0.719714,0.252152,0.574412,0.910222,10362.1,164.5,350.4,487.3,100.0,1.0
602447,3770,162,14.068345,1.0,0.126308,0.031589,0.0,0.00307258,0.433623,0.994075,0.461287,0.947868,0.960685,11407.4,146.4,434.5,265.9,100.0,1.0
602607,3771,160,11.851295,0.61794,0.144596,0.0,4.1e-05,0.00270358,0.352139,0.865773,0.457086,0.792947,0.908764,10918.6,152.2,347.9,464.3,100.0,1.0
602771,3772,164,7.276011,1.0,0.077534,0.015817,0.0,0.00241765,0.085296,0.587544,0.04274,0.420143,0.935684,9858.5,173.5,392.8,413.1,100.0,1.0
602932,3773,161,8.327471,0.2,0.120149,0.0,0.008199,0.00250683,0.147823,0.555867,0.096269,0.568457,0.912612,9737.9,155.2,354.4,554.1,100.0,1.0
603093,3774,161,11.612364,0.802538,0.142119,0.005286,0.0,0.00232283,0.394996,1.0,0.484918,0.815009,0.917997,11551.3,159.1,363.3,493.7,100.0,1.0
603253,3775,160,9.848582,0.260917,0.13109,0.0,0.0,0.00202804,0.327681,0.757216,0.434292,0.809786,0.915867,10505.0,145.1,359.8,827.6,100.0,1.0
603416,3776,163,8.017326,0.523047,0.130467,0.0,3.8e-05,0.00224572,0.164841,0.630576,0.138495,0.547641,0.902835,10022.5,161.9,338.1,445.3,100.0,1.0
603577,3777,161,11.350682,0.2,0.121968,0.0,0.261997,0.00236637,0.370647,0.768166,0.390015,0.929637,0.929005,10546.7,136.6,381.7,487.9,100.0,1.0
603735,3778,158,8.256022,0.507844,0.152816,0.005763,8e-06,0.00183797,0.256304,0.637643,0.283184,0.732318,0.897409,10049.4,145.0,329.0,711.4,100.0,1.0
603899,3779,164,10.604012,1.0,0.149212,0.0,0.0,0.00228166,0.327959,0.80664,0.36601,0.800263,0.921627,10693.3,148.5,369.4,372.2,100.0,1.0
604054,3780,155,9.580119,1.0,0.056802,0.0,0.0,0.00277685,0.20394,0.682494,0.076806,0.660673,0.954533,10220.3,153.9,424.2,327.4,100.0,1.0
604216,3781,162,6.717017,0.2,0.098197,0.0,0.028459,0.00175299,0.16078,0.532982,0.218741,0.561595,0.875911,9650.7,154.5,293.2,697.3,100.0,1.0
604376,3782,160,10.520215,0.880419,0.075618,0.0,0.0,0.00229768,0.32894,0.631561,0.427859,0.868089,0.875885,10026.2,134.2,293.1,844.3,100.0,1.0
604532,3783,156,8.894888,0.2,0.184717,0.0,0.007691,0.00185661,0.299318,0.692948,0.414593,0.762009,0.880727,10260.1,145.6,301.2,784.7,100.0,1.0
604687,3784,155,10.780064,0.201248,0.160738,0.000336,0.054494,0.00201808,0.400953,0.87076,0.45256,0.919089,0.918514,10937.6,142.5,364.2,767.6,100.0,1.0
604846,3785,159,6.240902,0.759982,0.062651,0.0,5.2e-05,0.00230465,0.046768,0.492732,0.013125,0.38664,0.929535,9497.3,171.2,382.6,593.6,100.0,1.0
605005,3786,159,10.268315,0.2,0.155638,0.0,2e-05,0.00244408,0.291249,0.90618,0.319915,0.663802,0.931234,11072.5,166.4,385.4,491.3,100.0,1.0
605171,3787,166,6.113728,1.0,0.118394,0.0,0.0,0.00200982,0.071155,0.442062,-0.014523,0.472419,0.907502,9304.3,158.0,345.8,600.5,100.0,1.0
605334,3788,163,10.212939,0.369439,0.075313,0.014381,0.000104,0.00253459,0.263042,0.789353,0.413057,0.626478,0.904773,10627.4,163.4,341.3,583.3,100.0,1.0
605498,3789,164,6.744513,0.2,0.059154,0.004945,0.065327,0.00178491,0.153825,0.53086,0.011351,0.605268,0.88853,9642.6,150.2,314.2,715.9,100.0,1.0
605663,3790,165,8.46886,-0.018644,0.134313,0.000546,0.0,0.00209344,0.215265,0.74335,0.284592,0.575909,0.91758,10452.2,165.8,362.6,527.3,100.0,1.0
605821,3791,158,8.242098,1.0,0.106377,0.059758,0.0,0.00261063,0.133177,0.557101,0.073473,0.569923,0.96566,9742.6,155.1,442.8,239.9,99.707,1.0
605981,3792,160,8.593653,0.503826,0.137918,0.0,5e-06,0.00188304,0.267628,0.794171,0.288286,0.654231,0.885743,10645.8,160.9,309.6,774.9,100.0,1.0
606141,3793,160,9.516242,0.75775,0.144922,0.017671,0.0,0.00187183,0.330465,0.817595,0.42728,0.76031,0.883142,10735.0,152.5,305.2,716.8,100.0,1.0
606299,3794,158,8.739168,0.857019,0.080714,0.0,0.0,0.00273184,0.146889,0.43576,0.180712,0.617377,0.908293,9280.2,143.4,347.2,418.4,100.0,1.0
606459,3795,160,5.88271,0.2,0.014844,0.0,0.078476,0.00180705,0.100305,0.45937,-0.025655,0.521705,0.882614,9370.2,153.9,304.4,590.8,100.0,1.0
606630,3796,171,10.067254,0.717163,0.232687,0.0,5e-06,0.00224997,0.281682,0.872419,0.41349,0.634267,0.925915,10943.9,167.4,376.5,837.3,100.0,1.0
606784,3797,154,6.256426,0.875047,0.11247,0.018204,2.3e-05,0.00198706,0.108148,0.382928,0.165624,0.548875,0.894785,9079.0,146.5,324.6,605.3,100.0,1.0
606945,3798,161,7.010432,1.0,0.125918,0.049874,0.0,0.00218164,0.112802,0.473907,0.119085,0.535005,0.926341,9425.6,153.5,377.2,508.0,100.0,1.0
607103,3799,158,10.244788,0.999457,0.131844,0.019178,0.0,0.00235287,0.306359,0.87139,0.371624,0.703414,0.920065,10940.0,160.6,366.8,363.5,100.0,1.0
607262,3800,159,12.465296,0.800795,0.129508,0.0,9e-06,0.00281894,0.376942,0.969201,0.515523,0.788931,0.92993,11312.7,158.1,383.2,550.7,100.0,1.0
607429,3801,167,10.223895,0.2,0.186243,0.0,0.071347,0.00250765,0.258058,0.791706,0.322596,0.666435,0.954811,10636.4,159.6,424.7,790.4,100.0,1.0
607590,3802,161,7.889707,1.0,0.06613,0.046157,0.0,0.00249834,0.120096,0.585073,0.037616,0.52498,0.959703,9849.1,161.5,432.8,684.9,100.0,1.0
607749,3803,159,7.804127,0.651012,0.11567,0.0,0.0,0.00241858,0.132111,0.559584,0.111098,0.523991,0.913964,9752.0,160.0,356.6,427.5,100.0,1.0
607911,3804,162,10.820983,0.362031,0.125863,0.0,8e-06,0.00216407,0.365817,0.881029,0.438667,0.812093,0.892575,10976.7,151.4,321.0,656.2,100.0,1.0
608070,3805,159,11.480088,0.416752,0.105166,0.0,0.0,0.00280531,0.314012,0.954959,0.382359,0.702302,0.975538,11258.4,165.3,459.2,313.5,100.0,1.0
608229,3806,159,10.419979,0.81895,0.122499,0.010914,5e-05,0.00233427,0.318741,0.844181,0.498546,0.718518,0.918264,10836.3,157.6,363.8,477.8,100.0,1.0
608394,3807,165,8.961455,0.88388,0.083719,0.0,9e-06,0.00220548,0.22941,0.676312,0.170033,0.669714,0.898226,10196.8,152.7,330.4,469.6,100.0,1.0
608526,3808,132,-4.871598,0.2,0.6,0.00783,0.074748,0.00258557,-0.950486,-1.0,-1.0,-1.0,0.801943,0.0,211.5,169.9,237.0,100.0,1.0
608691,3809,165,9.188777,0.585597,0.167774,0.0,7.9e-05,0.00189787,0.295267,0.870953,0.399851,0.659628,0.905229,10938.3,164.8,342.0,904.0,100.0,1.0
608852,3810,161,6.987243,0.570728,0.024517,0.0,0.0,0.00218115,0.111467,0.567316,0.08067,0.471399,0.907955,9781.5,166.2,346.6,563.6,100.0,1.0
609012,3811,160,12.885201,0.516022,0.169777,0.030589,0.0,0.00271691,0.418474,0.940721,0.465705,0.922194,0.928617,11204.1,145.7,381.0,363.4,100.0,1.0
609164,3812,152,12.151729,0.211261,0.114241,0.0,0.006167,0.00288166,0.366699,0.695123,0.410806,0.959034,0.927103,10268.4,131.0,378.5,381.0,100.0,1.0
609325,3813,161,7.624298,1.0,0.08472,0.057926,0.0,0.00228393,0.137207,0.519135,0.091146,0.573103,0.923731,9597.9,152.5,372.9,367.7,99.762,1.0
609489,3814,164,10.241534,1.0,0.106264,0.017313,2.7e-05,0.00272478,0.231398,0.673914,0.294383,0.65655,0.916554,10187.6,153.7,360.9,507.4,100.0,1.0
609650,3815,161,9.459654,0.2,0.142756,0.0,0.001418,0.00207865,0.291842,0.780153,0.377487,0.697329,0.879504,10592.4,156.0,299.2,645.4,100.0,1.0
609805,3816,155,5.269554,0.720801,0.064624,0.0,0.0,0.00143915,0.125917,0.467332,0.108969,0.528027,0.852096,9400.5,153.8,253.5,766.6,100.0,1.0
609964,3817,159,6.794538,1.0,0.089471,0.020305,0.0,0.00243813,0.062296,0.560717,0.008735,0.399446,0.954142,9756.3,174.3,423.6,399.3,100.0,1.0
610125,3818,161,11.451225,0.322192,0.153584,0.0,0.000117,0.00258478,0.342199,0.849952,0.487257,0.779281,0.922907,10858.3,152.6,371.5,673.5,100.0,1.0
610290,3819,165,6.420657,0.395815,-0.004039,0.0,0.0,0.00179337,0.129295,0.575804,0.059771,0.499118,0.881123,9813.8,163.7,301.9,601.9,100.0,1.0
610447,3820,157,8.168553,0.976977,0.130163,0.0,6e-06,0.00177799,0.261762,0.680255,0.278335,0.693077,0.853462,10211.8,150.8,255.8,688.7,100.0,1.0
610606,3821,159,12.170974,0.287465,0.156723,0.0,0.000169,0.00246722,0.413639,0.900861,0.464416,0.920094,0.90422,11052.3,143.9,340.4,456.4,100.0,1.0
610763,3822,157,8.276904,0.2,0.157763,0.0,9e-05,0.00234094,0.180548,0.544574,0.107689,0.654452,0.912583,9694.8,146.5,354.3,477.4,100.0,1.0
610925,3823,162,8.373595,1.0,0.116179,0.022564,0.0,0.00215842,0.204794,0.67879,0.201903,0.60285,0.904935,10206.2,159.2,341.6,611.1,100.0,1.0
611073,3824,148,9.808416,1.0,0.180494,0.015532,1.3e-05,0.00236431,0.299531,0.641355,0.451148,0.811768,0.92252,10063.6,138.9,370.9,548.0,100.0,1.0
611235,3825,162,5.416642,0.415639,0.013772,0.0,6.7e-05,0.00205867,0.025146,0.365926,0.009962,0.37639,0.871553,9014.2,163.7,285.9,594.6,100.0,1.0
611400,3826,165,6.70911,-0.056179,-0.054235,0.0,3.5e-05,0.00270631,-0.002328,0.344058,-0.154985,0.39981,0.931073,8930.9,159.5,385.1,323.2,100.0,1.0
611565,3827,165,8.07451,0.778257,0.153468,0.0,0.0,0.00226759,0.160502,0.597727,0.177505,0.541585,0.893256,9897.3,160.5,322.1,485.7,100.0,1.0
611728,3828,163,8.674347,0.918428,0.139809,0.0,0.0,0.00197458,0.252483,0.732741,0.357244,0.637149,0.885144,10411.7,159.0,308.6,675.2,100.0,1.0
611892,3829,164,11.798654,0.732262,0.111297,0.0,0.0,0.00227848,0.407508,0.961904,0.51756,0.851775,0.901738,11284.9,152.4,336.2,495.0,100.0,1.0
612053,3830,161,6.77094,0.710715,0.143288,0.0,0.0,0.00188722,0.144445,0.53512,0.193986,0.529639,0.882355,9658.8,157.9,303.9,860.2,100.0,1.0
612211,3831,158,8.39235,1.0,0.140609,0.015316,0.0,0.00227697,0.195852,0.695005,0.231719,0.581484,0.93466,10268.0,162.3,391.1,504.2,100.0,1.0
612369,3832,158,8.893483,0.514228,0.116764,0.0,0.0,0.00190024,0.288526,0.676855,0.47224,0.740243,0.896036,10198.8,146.5,326.7,575.5,100.0,1.0
612527,3833,158,10.764971,0.647422,0.162588,0.0,0.0,0.0023928,0.334577,0.8041,0.392311,0.823933,0.941009,10683.6,146.4,401.7,619.4,100.0,1.0
612692,3834,165,6.316589,0.740516,0.069366,0.00541,0.0,0.00232732,0.034147,0.477995,-0.008052,0.367926,0.926868,9441.2,172.5,378.1,493.2,100.0,1.0
612855,3835,163,5.874269,0.910933,-0.058519,0.0,0.0,0.0024827,-0.01581,0.345152,-0.134959,0.352859,0.918984,8935.0,165.1,365.0,555.7,100.0,1.0
613018,3836,163,8.594394,0.491939,0.137375,0.021276,0.0,0.00221183,0.208411,0.673139,0.334784,0.602598,0.937566,10184.7,158.9,395.9,462.7,100.0,1.0
613178,3837,160,7.306713,0.801781,0.08491,0.010678,4.2e-05,0.00196314,0.169573,0.643845,0.199174,0.546709,0.919958,10073.0,162.8,366.6,392.6,100.0,1.0
613350,3838,172,7.445956,0.828798,0.125441,0.0,0.0,0.00178642,0.1856,0.739991,0.238786,0.491606,0.879677,10439.4,175.0,299.5,683.0,100.0,1.0
613510,3839,160,10.770689,0.639616,0.142648,0.0,0.0,0.00259069,0.298433,0.806419,0.347539,0.716167,0.89757,10692.5,155.8,329.3,814.0,100.0,1.0
613667,3840,157,9.524399,1.0,0.159917,0.020485,3e-06,0.00202479,0.31257,0.787898,0.411948,0.753645,0.908229,10621.9,151.4,347.0,656.0,100.0,1.0
613826,3841,159,8.971229,0.206032,0.113076,0.0,0.113451,0.00174071,0.317042,0.674282,0.450459,0.809226,0.881058,10189.0,140.8,301.8,528.3,100.0,1.0
613991,3842,165,10.181389,0.747227,0.192099,0.0,2e-05,0.00202231,0.340204,0.880629,0.462164,0.744164,0.895342,10975.2,157.3,325.6,716.7,100.0,1.0
614155,3843,164,9.498448,0.2,0.167263,0.0,0.013244,0.00201544,0.298131,0.862271,0.400643,0.662648,0.890242,10905.3,164.0,317.1,631.0,100.0,1.0
614316,3844,161,7.169087,0.40176,0.103694,0.0,0.000219,0.00208603,0.138626,0.621706,0.191331,0.469549,0.895013,9988.7,169.9,325.0,595.5,100.0,1.0
614475,3845,159,11.862567,1.0,0.098139,0.002038,0.0,0.00276334,0.345746,1.0,0.442405,0.712425,0.933857,11475.0,167.5,389.8,338.7,100.0,1.0
614637,3846,162,8.401288,0.438101,0.103289,0.0,0.0,0.00245516,0.158311,0.60655,0.128248,0.570098,0.936762,9931.0,158.1,394.6,420.4,100.0,1.0
614802,3847,165,8.904521,0.546456,0.108063,0.0,3e-06,0.00224744,0.218515,0.66673,0.17651,0.656935,0.91437,10160.2,153.3,357.3,545.5,100.0,1.0
614962,3848,160,8.551111,0.534723,0.149485,0.0,4.7e-05,0.0018889,0.263711,0.85204,0.397692,0.575529,0.877121,10866.3,172.4,295.2,747.5,100.0,1.0
615120,3849,158,7.662244,0.2,0.070083,0.0,0.0,0.00239819,0.128181,0.465738,0.0699,0.58078,0.91022,9394.5,148.6,350.4,394.1,100.0,1.0
615280,3850,160,9.468199,0.224392,0.161429,0.002959,5.5e-05,0.00177088,0.343262,0.869368,0.470983,0.763678,0.906599,10932.3,155.0,344.3,604.1,100.0,1.0
615433,3851,153,10.98494,0.2,0.176112,0.0,0.02812,0.00274309,0.307306,0.672883,0.275099,0.863864,0.935883,10183.7,136.6,393.1,362.8,100.0,1.0
615593,3852,160,8.917892,0.823949,0.101621,0.0,0.0,0.00224272,0.231378,0.634086,0.233924,0.696899,0.917181,10035.9,147.9,362.0,361.5,100.0,1.0
615752,3853,159,11.400026,0.546441,0.150744,0.000986,0.0,0.00261891,0.338086,0.703977,0.41638,0.865782,0.903438,10302.2,138.0,339.1,549.3,100.0,1.0
615908,3854,156,10.530092,0.356348,0.175416,0.023576,0.0,0.00193564,0.394963,0.974811,0.474401,0.823178,0.901803,11334.0,155.4,336.3,678.7,100.0,1.0
616065,3855,157,10.517641,0.787397,0.15472,0.00807,0.0,0.00226829,0.339967,0.825438,0.326616,0.831961,0.927354,10764.9,146.9,378.9,371.0,100.0,1.0
616229,3856,164,9.239719,0.781263,0.083401,0.0,6e-05,0.00217587,0.254663,0.870039,0.188675,0.619534,0.918113,10934.8,168.8,363.5,421.1,100.0,1.0
616386,3857,157,9.260997,1.0,0.136165,0.021363,0.0,0.00215836,0.274033,0.819977,0.337057,0.675782,0.939921,10744.1,160.3,399.9,415.3,100.0,1.0
616545,3858,159,5.188646,0.534662,0.075093,0.0,9.5e-05,0.00181977,0.054032,0.47121,0.078946,0.375594,0.887611,9415.3,171.1,312.7,729.0,100.0,1.0
616704,3859,159,10.300486,0.885268,0.150604,0.0,0.0,0.00291047,0.218895,0.869712,0.33965,0.531129,0.9798,10933.6,178.5,466.3,444.1,100.0,1.0
616862,3860,158,8.542346,0.621439,0.131201,0.0,0.0,0.00210095,0.233378,0.696325,0.21561,0.663727,0.911021,10273.0,154.4,351.7,585.5,100.0,1.0
617022,3861,160,5.815446,0.330852,0.081569,0.0,0.007866,0.00178118,0.099862,0.484087,-0.023125,0.507674,0.887667,9464.4,156.9,312.8,734.5,100.0,1.0
617188,3862,166,7.394636,0.03571,0.074227,0.014315,0.0,0.00198911,0.159134,0.537054,0.096515,0.580734,0.868296,9666.2,152.9,280.5,635.4,100.0,1.0
617351,3863,163,8.278424,1.0,0.081879,0.0,0.0,0.00230343,0.172318,0.705342,0.180285,0.513968,0.910532,10307.4,170.2,350.9,531.0,100.0,1.0
617513,3864,162,12.304942,0.276774,0.158334,0.0,0.038635,0.00259936,0.393125,1.0,0.471645,0.814617,0.919546,11503.8,158.5,365.9,514.4,100.0,1.0
617676,3865,163,10.323313,0.2,0.138571,0.0,0.015917,0.00187609,0.377303,0.859342,0.501668,0.827856,0.875368,10894.1,149.0,292.3,657.4,100.0,1.0
617833,3866,157,9.932964,0.288433,0.166407,0.0,0.0,0.00234686,0.288799,0.860893,0.39695,0.641871,0.89147,10900.0,166.0,319.1,497.8,100.0,1.0
617996,3867,163,7.057623,0.2,0.075442,0.0,0.039042,0.00233033,0.087156,0.464427,-0.077797,0.511559,0.903179,9389.5,155.3,338.6,788.6,100.0,1.0
618157,3868,161,4.088542,0.328931,-0.050455,0.027218,0.0,0.00198482,-0.049013,0.215125,-0.225528,0.363945,0.903279,8439.6,154.7,338.8,384.4,100.0,1.0
618316,3869,159,10.598184,0.233244,0.186095,0.0,4e-06,0.00225223,0.343146,0.89796,0.429663,0.748993,0.895632,11041.2,157.8,326.1,672.8,100.0,1.0
618482,3870,166,9.709532,0.2,0.116999,0.0,0.0,0.00244344,0.236842,0.742742,0.232208,0.63557,0.905169,10449.8,159.7,341.9,508.8,100.0,1.0
618646,3871,164,6.550205,0.2,0.007652,0.0,0.113594,0.00262445,0.003002,0.405285,0.056598,0.312779,0.916362,9164.1,174.5,360.6,449.7,100.0,1.0
618805,3872,159,9.318793,0.384188,0.097109,0.0,2.9e-05,0.00204079,0.292126,0.833998,0.585379,0.612973,0.880402,10797.5,167.4,300.7,733.3,100.0,1.0
618967,3873,162,7.986004,0.2,0.09968,0.0,0.0,0.002083,0.190958,0.619512,0.197833,0.59853,0.892462,9980.3,156.1,320.8,533.6,100.0,1.0
619129,3874,162,12.579272,0.295535,0.15411,0.0,8.3e-05,0.00288093,0.36568,0.951095,0.428473,0.782897,0.912401,11243.7,157.7,354.0,494.2,100.0,1.0
619287,3875,158,9.2942,0.2,0.063577,0.0,0.068863,0.00284697,0.165264,0.647109,0.07521,0.564017,0.918566,10085.5,161.2,364.3,419.1,100.0,1.0
619445,3876,158,8.620261,0.2,0.12681,0.015453,0.074384,0.00184436,0.279086,0.704487,0.424176,0.709226,0.892576,10304.1,150.7,321.0,797.3,100.0,1.0
619603,3877,158,9.337943,0.388475,0.078639,0.00222,0.0,0.0025197,0.219884,0.741704,0.223047,0.603808,0.917481,10445.9,162.8,362.5,459.8,100.0,1.0
619765,3878,162,10.520733,0.538353,0.108958,1.4e-05,1.2e-05,0.00207286,0.360489,0.905685,0.515195,0.76061,0.886783,11070.7,157.2,311.3,631.8,100.0,1.0
619928,3879,163,10.827545,1.0,0.140432,0.025378,7.2e-05,0.00255021,0.300941,0.966252,0.332028,0.63531,0.911795,11301.4,172.8,353.0,551.3,100.0,1.0
620084,3880,156,10.892688,0.808782,0.158653,0.034585,0.0,0.00210449,0.392641,0.914665,0.49073,0.848928,0.898678,11104.9,150.2,331.1,459.3,100.0,1.0
620242,3881,158,3.26713,0.2,-0.078214,0.0,0.0174,0.00180829,-0.069474,0.154124,-0.217372,0.323064,0.861972,8207.2,155.1,270.0,650.6,100.0,1.0
620404,3882,162,8.901828,0.577416,0.12237,0.0,0.0,0.00214377,0.241817,0.750012,0.383946,0.604507,0.903534,10477.5,163.3,339.2,503.5,100.0,1.0
620560,3883,156,10.553717,0.544947,0.106321,0.0,0.0,0.00191731,0.399296,0.926473,0.472193,0.857122,0.889561,11149.9,150.1,315.9,654.3,100.0,1.0
620725,3884,165,7.75276,0.2,0.08787,0.005617,0.230082,0.00238105,0.120164,0.558102,0.00901,0.526611,0.92363,9746.4,159.6,372.7,549.0,100.0,1.0
620886,3885,161,9.693679,0.35068,0.099698,0.019209,0.000165,0.00275745,0.197543,0.671472,0.142623,0.622456,0.93428,10178.3,156.8,390.5,267.6,100.0,1.0
621037,3886,151,7.867037,0.763867,0.0229,0.0,0.0,0.00234156,0.167047,0.519508,-0.005697,0.65114,0.890863,9599.3,145.3,318.1,336.2,100.0,1.0
621193,3887,156,8.907723,0.543266,0.161583,0.000861,1.8e-05,0.00202197,0.274049,0.801964,0.418156,0.624387,0.872051,10675.5,164.3,286.8,933.5,100.0,1.0
621355,3888,162,11.117262,0.745866,0.148625,0.0,1.3e-05,0.00294564,0.258547,0.845805,0.354413,0.6152,0.937703,10842.5,167.8,396.2,478.0,100.0,1.0
621519,3889,164,7.35801,0.2,0.138247,0.0,0.104361,0.00187819,0.178974,0.733367,0.135139,0.518708,0.901462,10414.1,171.4,335.8,918.0,100.0,1.0
621678,3890,159,9.08315,0.697495,0.09445,0.0,0.0,0.00212001,0.264065,0.790712,0.293622,0.657749,0.904299,10632.6,160.3,340.5,346.7,100.0,1.0
621840,3891,162,4.643387,0.900164,-0.077982,0.006634,0.0,0.00227323,-0.060959,0.272202,-0.1856,0.289343,0.904745,8657.1,167.9,341.2,438.9,100.0,1.0
621996,3892,156,12.285491,0.840318,0.072316,0.00037,0.0,0.00250488,0.422299,0.940177,0.492832,0.910193,0.904422,11202.1,146.6,340.7,417.1,100.0,1.0
622156,3893,160,9.211436,0.27384,0.115162,0.044135,0.0,0.00210616,0.27263,0.730955,0.296254,0.715294,0.903407,10404.9,151.6,339.0,514.3,100.0,1.0
622320,3894,164,6.635244,0.2,0.124777,0.012463,0.02786,0.00178284,0.146716,0.650691,4e-06,0.511506,0.882237,10099.1,167.0,303.7,838.0,100.0,1.0
622481,3895,161,10.937547,0.593303,0.133931,0.0,1.4e-05,0.00243381,0.331963,0.928258,0.425195,0.711683,0.909176,11156.7,162.9,348.6,664.9,100.0,1.0
622638,3896,157,10.023321,0.2,0.129645,0.0,0.025179,0.00305914,0.183079,0.565803,0.110888,0.679913,0.965704,9775.7,145.5,442.8,256.2,100.0,1.0
622798,3897,160,10.492872,0.309684,0.114582,0.0,0.000195,0.00198271,0.377253,0.978957,0.46869,0.774335,0.896355,11349.8,159.9,327.3,454.8,100.0,1.0
622951,3898,153,5.445916,0.211452,0.044404,0.0,0.073611,0.00195406,0.061463,0.328162,0.036371,0.492837,0.885399,8870.3,148.5,309.0,710.0,100.0,1.0
623112,3899,161,7.456673,0.814161,0.102091,0.014256,0.000118,0.00206746,0.160623,0.769258,0.09941,0.455282,0.894982,10550.9,181.3,325.0,591.1,100.0,1.0
623268,3900,156,10.838818,0.322143,0.15079,0.0,0.0,0.00250719,0.326196,0.849842,0.441575,0.73734,0.901433,10857.9,156.2,335.7,505.7,100.0,1.0
623425,3901,157,8.949405,0.617084,0.155473,0.032928,1.7e-05,0.00193586,0.288346,0.667996,0.374617,0.758656,0.878309,10165.1,144.5,297.2,801.4,100.0,1.0
623584,3902,159,10.899981,0.2,0.129185,0.0,0.022343,0.00166237,0.457019,0.886726,0.51006,1.0,0.862674,10998.4,136.9,271.1,668.4,100.0,1.0
623744,3903,160,10.026724,0.170765,0.143329,0.0,1.4e-05,0.00190823,0.358198,0.866926,0.439769,0.786827,0.868964,10923.0,152.8,281.6,582.9,100.0,1.0
623903,3904,159,5.091484,1.0,0.00071,0.03257,0.0,0.00233339,-0.03409,0.248571,-0.181398,0.363398,0.893811,8567.1,157.1,323.0,427.2,100.0,1.0
624058,3905,155,8.996752,1.0,0.15379,0.057155,1.1e-05,0.00177705,0.319865,0.858224,0.391373,0.707388,0.867135,10889.8,159.5,278.6,636.6,99.785,1.0
624226,3906,168,9.511226,0.517155,0.132956,0.004436,0.0,0.00193302,0.304571,0.843165,0.425567,0.683144,0.88814,10832.5,160.9,313.6,818.0,100.0,1.0
624387,3907,161,12.073086,0.341435,0.18238,0.0,0.0,0.00265081,0.372065,0.966427,0.342882,0.818844,0.92547,11302.1,155.3,375.8,385.3,100.0,1.0
624547,3908,160,9.17775,0.2,0.129847,0.0,6.4e-05,0.0022427,0.24846,0.849291,0.299252,0.584723,0.910708,10855.8,171.3,351.2,608.0,100.0,1.0
624715,3909,168,4.802581,0.4869,0.075392,0.00633,1.8e-05,0.00160722,0.047769,0.470829,0.034221,0.353691,0.859347,9413.9,173.9,265.6,849.9,100.0,1.0
624871,3910,156,11.565897,1.0,0.138746,0.012239,3e-06,0.00271907,0.341111,0.904062,0.458187,0.749939,0.922792,11064.5,158.1,371.3,445.8,100.0,1.0
625031,3911,160,7.512356,0.228533,0.127768,0.0,4e-06,0.00179366,0.210094,0.666236,0.264372,0.582846,0.864164,10158.4,160.4,273.6,813.8,100.0,1.0
625190,3912,159,6.865146,0.420038,0.089967,0.0,9.4e-05,0.00164102,0.193307,0.656303,0.207998,0.573056,0.883162,10120.5,160.8,305.3,864.3,100.0,1.0
625347,3913,157,9.091179,0.391713,0.123195,0.001134,0.0,0.00240319,0.22418,0.637849,0.238753,0.689028,0.939075,10050.2,148.8,398.5,348.6,100.0,1.0
625506,3914,159,10.809673,0.430731,0.148148,0.001528,0.000116,0.00226856,0.354472,0.999882,0.420108,0.714885,0.893855,11429.6,166.6,323.1,637.3,100.0,1.0
625667,3915,161,11.189278,0.2,0.175897,0.0,0.0,0.0022212,0.382675,0.980852,0.501474,0.780629,0.899749,11357.0,159.5,332.9,552.0,100.0,1.0
625832,3916,165,9.336323,0.2,0.141143,0.0,0.324805,0.00173986,0.3306,0.817547,0.409495,0.777199,0.902462,10734.9,151.0,337.4,766.3,100.0,1.0
625989,3917,157,8.99636,-0.132324,0.170625,0.0,2e-05,0.00178264,0.315286,0.747087,0.474587,0.743415,0.86524,10466.4,150.1,275.4,782.8,100.0,1.0
626148,3918,159,9.193994,0.2,0.165811,0.0,0.002709,0.00200195,0.289897,0.7643,0.360834,0.720427,0.901727,10532.0,153.0,336.2,523.2,100.0,1.0
626314,3919,166,7.952862,0.850362,0.133672,0.0,0.0,0.00192844,0.205954,0.766629,0.18205,0.532325,0.867353,10540.9,172.0,278.9,725.3,100.0,1.0
626474,3920,160,6.645291,0.2,0.093377,0.0,0.17736,0.00229831,0.071832,0.448251,0.160362,0.442268,0.932697,9327.8,161.7,387.8,697.2,100.0,1.0
626628,3921,154,7.965097,0.2,0.117516,0.000711,0.0504,0.0024656,0.147143,0.687514,0.254799,0.46367,0.942736,10239.4,174.9,404.6,480.4,100.0,1.0
626785,3922,157,10.180984,0.440999,0.174523,0.0,0.0,0.00188988,0.376682,0.872572,0.477595,0.82588,0.878291,10944.5,149.9,297.2,683.2,100.0,1.0
626942,3923,157,10.730036,0.164296,0.145205,0.002803,0.0,0.00311096,0.221331,0.708476,0.207207,0.648214,0.943178,10319.3,156.5,405.3,297.7,100.0,1.0
627101,3924,159,8.375761,0.437973,0.138974,0.0,8e-06,0.00217506,0.208247,0.619636,0.363936,0.607321,0.903937,9980.8,155.2,339.9,530.7,100.0,1.0
627234,3925,133,-4.349721,0.2,0.6,0.000877,0.143375,0.00282297,-0.947834,-1.0,-1.0,-1.0,0.791337,0.0,225.6,152.2,449.9,100.0,1.0
627387,3926,153,10.734064,0.497904,0.152665,0.0,0.0,0.00234481,0.351393,0.943245,0.434692,0.766667,0.938217,11213.8,158.7,397.0,323.6,100.0,1.0
627552,3927,165,11.264537,0.245372,0.119511,0.0,3e-05,0.00249801,0.333101,1.0,0.448344,0.671099,0.920691,11474.9,171.7,367.8,715.4,100.0,1.0
627711,3928,159,7.397802,0.2,0.121204,0.0,0.01086,0.00165665,0.226043,0.681601,0.305525,0.602076,0.862959,10216.9,159.4,271.6,821.3,100.0,1.0
627872,3929,161,11.634528,0.63947,0.134618,0.0,0.0,0.00240208,0.383014,0.883782,0.46331,0.856225,0.907011,10987.2,148.0,345.0,444.0,100.0,1.0
628031,3930,159,9.480701,0.753538,0.113688,0.018707,3.8e-05,0.00201782,0.306419,0.857078,0.42181,0.678273,0.885362,10885.5,162.2,308.9,567.3,100.0,1.0
628184,3931,153,8.571271,-0.286704,0.089185,0.0,7.6e-05,0.00264818,0.161911,0.655264,0.221873,0.511089,0.914111,10116.6,167.4,356.9,470.9,100.0,1.0
628346,3932,162,7.411514,1.0,0.127322,0.018847,6.6e-05,0.00222707,0.12958,0.64138,0.078687,0.450282,0.874984,10063.7,173.5,291.6,655.7,100.0,1.0
628519,3933,173,4.790405,0.2,-0.068523,0.0,0.239551,0.00211754,-0.049395,0.327955,-0.261233,0.315133,0.925255,8869.5,168.6,375.4,757.0,100.0,1.0
628677,3934,158,11.236044,-0.173482,0.138037,0.001289,9e-06,0.00232469,0.376071,0.886504,0.384256,0.861291,0.913987,10997.6,147.7,356.6,576.0,100.0,1.0
628839,3935,162,9.804473,0.84514,0.135133,0.001264,0.000111,0.00245213,0.251421,0.865624,0.299018,0.578357,0.904919,10918.0,172.9,341.5,608.2,100.0,1.0
628993,3936,154,5.504766,0.681986,0.055225,0.009774,0.000134,0.00227839,0.01333,0.271767,-0.122917,0.45086,0.890656,8655.4,149.1,317.8,500.8,100.0,1.0
629151,3937,158,5.915338,0.453771,0.077402,0.0,0.0,0.0022608,0.034152,0.300958,-0.006414,0.470034,0.913839,8766.7,149.1,356.4,427.8,100.0,1.0
629309,3938,158,9.101963,0.491846,0.161707,0.0,0.0,0.0020073,0.285006,0.74139,0.299253,0.715431,0.865757,10444.7,152.2,276.3,739.9,100.0,1.0
629470,3939,161,9.316136,1.0,0.155376,0.00349,0.0,0.00178906,0.328258,0.833666,0.382942,0.750664,0.874874,10796.3,154.2,291.5,715.5,100.0,1.0
629631,3940,161,12.653607,0.989851,0.119777,0.005101,0.0,0.00289547,0.370955,0.935561,0.42542,0.824198,0.940628,11184.5,153.3,401.0,563.2,100.0,1.0
629794,3941,163,9.913714,0.233831,0.180796,0.004205,3e-06,0.00232715,0.276576,0.794163,0.361345,0.675316,0.912901,10645.8,158.9,354.8,578.3,100.0,1.0
629952,3942,158,7.54574,0.401453,0.142135,0.0,0.0,0.00192673,0.194798,0.591642,0.170727,0.640006,0.90475,9874.2,150.5,341.2,536.1,100.0,1.0
630107,3943,155,9.551341,0.338857,0.129295,0.05363,1.7e-05,0.00310565,0.150558,0.486979,0.012682,0.671022,0.963456,9475.4,141.8,439.1,205.3,99.891,1.0
630260,3944,153,10.950459,0.2,0.100265,0.0,0.104679,0.00253488,0.336761,0.788249,0.431362,0.802347,0.897505,10623.2,147.4,329.2,790.2,100.0,1.0
630417,3945,157,10.867597,0.819799,0.122541,0.0,3e-05,0.00185365,0.42809,1.0,0.449875,0.882507,0.8796,11460.6,152.2,299.3,471.9,100.0,1.0
630581,3946,164,9.356454,1.0,0.104356,0.008848,0.0,0.00282845,0.155265,0.661017,0.147279,0.518597,0.928623,10138.5,166.9,381.0,338.5,100.0,1.0
630740,3947,159,9.154082,0.62916,0.144765,0.0,8e-06,0.00225667,0.246952,0.710789,0.318325,0.66064,0.907336,10328.1,155.5,345.6,582.7,100.0,1.0
630896,3948,156,10.454715,1.0,0.111679,0.04748,1e-06,0.00260627,0.28526,0.777581,0.373812,0.700085,0.906201,10582.6,155.6,343.7,310.1,100.0,1.0
631060,3949,164,11.436393,-0.137685,0.136506,0.024309,0.0,0.00282462,0.293617,0.82185,0.250577,0.747902,0.944256,10751.2,153.8,407.1,292.9,100.0,1.0
631220,3950,160,5.804783,0.2,0.072423,0.000692,0.0,0.00191838,0.077232,0.505827,0.084655,0.401978,0.873927,9547.2,170.2,289.9,857.8,100.0,1.0
631382,3951,162,7.73837,0.2,0.072365,0.0,0.072486,0.00229456,0.140392,0.594527,0.085232,0.524999,0.907052,9885.1,162.1,345.1,566.6,100.0,1.0
631545,3952,163,10.685004,0.622345,0.153263,0.0,5.7e-05,0.00203182,0.375906,0.917331,0.410544,0.819234,0.888699,11115.0,152.7,314.5,450.4,100.0,1.0
631706,3953,161,9.269229,0.680414,0.164927,0.0,9e-06,0.00214736,0.267677,0.871636,0.395947,0.579498,0.886504,10940.9,173.2,310.8,760.9,100.0,1.0
631866,3954,160,10.888371,0.497935,0.173357,0.0,1.2e-05,0.00239108,0.337972,0.755233,0.387919,0.831513,0.888932,10497.4,143.3,314.9,549.2,100.0,1.0
632025,3955,159,6.148532,0.103975,-0.039931,0.01746,0.0,0.00269874,-0.022216,0.401365,-0.137811,0.30498,0.923072,9149.2,175.3,371.8,630.7,100.0,1.0
632188,3956,163,11.885615,0.136208,0.108564,0.015528,1.6e-05,0.00363494,0.194204,0.804897,0.195541,0.551933,0.989389,10686.7,172.2,482.3,213.5,100.0,1.0
632352,3957,164,7.062232,0.423989,0.084343,0.0,1.2e-05,0.00202264,0.135835,0.698957,0.10961,0.43557,0.896373,10283.0,179.1,327.3,606.7,100.0,1.0
632516,3958,164,7.25804,0.394942,0.126109,0.002597,4.5e-05,0.00173083,0.196621,0.739474,0.246948,0.480053,0.819852,10437.4,176.3,199.8,911.2,100.0,1.0
632675,3959,159,7.984562,0.355397,0.093199,0.020539,0.0,0.00234719,0.155345,0.719546,0.109711,0.490313,0.926549,10361.5,173.8,377.6,318.1,100.0,1.0
632835,3960,160,11.579861,0.544441,0.135,0.006702,0.0,0.00227298,0.402851,0.958378,0.463717,0.848539,0.890123,11271.4,152.4,316.9,463.6,100.0,1.0
632993,3961,158,8.536387,0.589236,0.154787,0.0,0.0,0.00220901,0.216028,0.741138,0.246391,0.571445,0.889895,10443.7,166.1,316.5,491.3,100.0,1.0
633154,3962,161,10.081312,0.2,0.114873,0.0,0.00057,0.00223697,0.307138,0.90217,0.521888,0.621403,0.876619,11057.3,170.5,294.4,573.6,100.0,1.0
633312,3963,158,9.732769,-0.032481,0.125325,0.036995,3e-06,0.00180917,0.358357,1.0,0.477089,0.694911,0.869263,11441.7,168.8,282.1,1134.4,100.0,1.0
633477,3964,165,8.988165,0.2,0.126267,0.0,0.039697,0.00171497,0.31193,0.865562,0.457747,0.650022,0.840977,10917.8,165.4,235.0,933.6,100.0,1.0
633641,3965,164,5.609269,0.522206,0.115682,0.0,0.000113,0.00173975,0.085928,0.517232,0.106065,0.402483,0.85992,9590.7,171.0,266.5,915.4,100.0,1.0
633805,3966,164,6.418574,0.542764,0.049332,0.005415,0.0,0.00203796,0.090557,0.511591,0.02609,0.461824,0.898716,9569.2,163.7,331.2,616.0,100.0,1.0
633968,3967,163,7.541276,0.617632,0.066389,0.0,0.000116,0.00254831,0.083694,0.618634,-0.066873,0.400328,0.897636,9977.0,178.1,329.4,617.9,100.0,1.0
634132,3968,164,8.384559,0.298428,0.105436,0.0,4e-06,0.00272164,0.108551,0.54984,-0.001296,0.506932,0.926209,9714.9,161.2,377.0,407.9,100.0,1.0
634286,3969,154,4.737741,0.574132,0.033245,0.0,4e-05,0.00237411,-0.052053,0.257257,-0.165518,0.325053,0.919346,8600.1,162.3,365.6,593.0,100.0,1.0
634448,3970,162,6.671314,0.737444,0.082886,0.013966,0.0,0.00204523,0.110194,0.555339,0.050727,0.46513,0.879062,9735.8,166.1,298.4,641.0,100.0,1.0
634608,3971,160,9.748048,0.747274,0.14191,0.002969,3.8e-05,0.00210817,0.30781,0.887523,0.371824,0.65977,0.860645,11001.5,165.7,267.7,486.4,100.0,1.0
634772,3972,164,10.10812,0.802836,0.136684,0.0,1.9e-05,0.00220398,0.307479,1.0,0.322778,0.626935,0.902291,11916.6,183.1,337.2,796.6,100.0,1.0
634932,3973,160,6.698053,0.022089,0.113715,0.009954,0.000134,0.00194707,0.131718,0.575593,0.087079,0.51004,0.899616,9813.0,162.5,332.7,620.4,100.0,1.0
635095,3974,163,13.635252,1.0,0.096426,0.0,0.0,0.00332217,0.36086,1.0,0.542131,0.759374,0.988409,12412.1,176.4,480.7,194.1,100.0,1.0
635258,3975,163,9.991538,0.560459,0.07568,0.014708,0.0,0.00268331,0.22394,0.784508,0.122915,0.628066,0.942821,10609.0,162.9,404.7,316.2,100.0,1.0
635419,3976,161,8.860249,0.569157,0.076911,0.0,0.0,0.00281703,0.13294,0.511819,0.03812,0.573822,0.913422,9570.0,152.0,355.7,383.3,100.0,1.0
635582,3977,163,6.301226,0.936962,-0.01978,0.006719,1e-06,0.0025746,-0.002534,0.474658,-0.120281,0.300546,0.917553,9428.4,181.2,362.6,518.6,100.0,1.0
635742,3978,160,11.629333,0.946565,0.128877,0.000683,0.0,0.0025292,0.365222,1.0,0.379614,0.781005,0.940567,11506.9,161.5,400.9,593.5,100.0,1.0
635903,3979,161,9.220137,1.0,0.059934,0.017884,0.0,0.0029058,0.142586,0.584927,0.201362,0.509615,0.910512,9848.6,163.1,350.9,390.3,100.0,1.0
636062,3980,159,8.885321,0.2,0.158376,0.0,0.022457,0.00199088,0.271729,0.929953,0.46927,0.537239,0.890328,11163.1,181.5,317.2,1030.3,100.0,1.0
636217,3981,155,12.546559,1.0,0.123611,0.001884,0.0,0.00297378,0.369775,1.0,0.437746,0.77944,0.9431,11599.0,163.0,405.2,226.9,100.0,1.0
636375,3982,158,7.054003,0.533185,0.125264,0.0,2e-05,0.00173148,0.193486,0.736054,0.222987,0.496757,0.846113,10424.4,174.1,243.5,649.3,100.0,1.0
636537,3983,162,10.873991,0.886503,0.14362,0.0,0.0,0.00242816,0.326601,0.830616,0.44566,0.75378,0.908525,10784.6,153.7,347.5,342.8,100.0,1.0
636692,3984,155,10.431944,0.938725,0.147279,0.003529,1.3e-05,0.0026575,0.278801,0.777289,0.21856,0.734774,0.925145,10581.5,152.5,375.2,288.0,100.0,1.0
636848,3985,156,11.198831,0.753329,0.124602,0.004498,1.6e-05,0.00243871,0.36107,0.987063,0.540964,0.724963,0.91911,11380.7,164.9,365.2,484.2,100.0,1.0
637012,3986,164,7.478505,-0.106274,0.089062,0.001028,4.5e-05,0.00209106,0.152231,0.663717,0.069788,0.522194,0.918217,10148.8,166.7,363.7,488.5,100.0,1.0
637170,3987,158,10.500544,0.2,0.088267,0.0,0.171164,0.00229362,0.332842,0.975381,0.435184,0.67135,0.892248,11336.2,169.6,320.4,657.1,100.0,1.0
637332,3988,162,5.349943,1.0,0.002329,0.034615,8e-06,0.00246521,-0.045149,0.392168,-0.069063,0.232059,0.916434,9114.2,184.9,360.7,579.5,100.0,1.0
637485,3989,153,8.072063,0.2,0.13221,0.0,0.13686,0.00215284,0.205066,0.732081,0.26004,0.5587,0.909753,10409.2,167.0,349.6,514.3,100.0,1.0
637647,3990,162,11.545978,0.2,0.157579,0.0,0.0,0.00230515,0.391004,1.0,0.541428,0.791499,0.918954,11633.8,162.3,364.9,440.6,100.0,1.0
637807,3991,160,8.305246,-0.275884,0.101025,0.0,0.0,0.00202502,0.225862,0.73782,0.167431,0.611368,0.879531,10431.1,161.8,299.2,867.5,100.0,1.0
637964,3992,157,9.281959,0.778782,0.073589,0.0,0.0,0.00186767,0.321277,0.841602,0.399497,0.726905,0.879341,10826.5,156.7,298.9,613.8,100.0,1.0
638126,3993,162,12.158056,-0.092777,0.162923,0.024353,0.0,0.00288053,0.3383,0.969954,0.352956,0.727553,0.922021,11315.5,163.8,370.0,543.0,100.0,1.0
638279,3994,153,9.486286,1.0,0.159948,0.033553,0.0,0.00219797,0.291801,0.901584,0.383638,0.63069,0.896939,11055.0,169.5,328.2,521.9,100.0,1.0
638440,3995,161,9.326046,0.931389,0.132149,0.011571,8.7e-05,0.00247953,0.218282,0.768865,0.248981,0.560952,0.892853,10549.4,169.0,321.4,489.2,100.0,1.0
638600,3996,160,9.786718,0.183152,0.130758,0.048174,0.000125,0.00213832,0.305866,0.948628,0.411142,0.623582,0.887353,11234.3,173.0,312.3,601.9,100.0,1.0
638759,3997,159,9.83405,0.2,0.128557,0.0,0.006351,0.00226423,0.291114,0.831431,0.363248,0.667963,0.881016,10787.8,161.7,301.7,645.6,100.0,1.0
638918,3998,159,6.792975,1.0,0.093542,0.039384,0.0,0.00176109,0.169747,0.680794,0.081648,0.513425,0.855947,10213.8,168.7,259.9,779.1,100.0,1.0
639078,3999,160,13.568503,0.361599,0.126552,0.0,8.1e-05,0.00308052,0.405521,1.0,0.461765,0.86361,0.944398,11539.5,154.8,407.3,336.4,100.0,1.0
639241,4000,163,8.083053,0.408949,0.140474,0.0,0.0,0.00225593,0.167522,0.631682,0.206023,0.538262,0.905222,10026.7,163.0,342.0,534.2,100.0,1.0
639400,4001,159,7.265288,0.2,0.138255,0.007358,0.0,0.00199425,0.163989,0.545784,0.234736,0.565262,0.888142,9699.4,154.9,313.6,531.0,100.0,1.0
639562,4002,162,10.512054,0.2,0.136156,0.0,0.12476,0.00287593,0.230172,0.829048,0.194951,0.596006,0.939951,10778.7,168.8,399.9,383.9,100.0,1.0
639724,4003,162,8.324902,0.2,0.053884,0.004163,5e-05,0.00286361,0.087398,0.572876,0.009294,0.429381,0.914009,9802.7,171.4,356.7,475.1,100.0,1.0
639892,4004,168,5.841645,1.0,-0.04211,0.036747,0.0,0.0022082,0.01591,0.48972,-0.1389,0.340683,0.915612,9485.8,176.9,359.4,358.6,100.0,1.0
640053,4005,161,8.682273,0.681885,0.13266,0.0,0.0,0.00200716,0.251827,0.816233,0.388844,0.565887,0.869881,10729.8,171.3,283.1,601.1,100.0,1.0
640214,4006,161,9.505006,0.2,0.171267,0.0,0.037717,0.00201145,0.305601,0.754203,0.378024,0.737485,0.862983,10493.5,151.0,271.6,1149.8,100.0,1.0
640375,4007,161,10.556509,-0.139096,0.179497,0.038421,0.0,0.00192517,0.3891,0.964415,0.56883,0.772108,0.87092,11294.4,159.3,284.9,501.2,100.0,1.0
640543,4008,168,10.241187,0.934171,0.1154,0.013055,6e-06,0.00217611,0.312571,0.987144,0.438818,0.612473,0.892344,11381.0,176.5,320.6,633.1,100.0,1.0
640704,4009,161,7.811836,0.80827,0.106989,0.0,1.3e-05,0.00230757,0.145763,0.751276,0.152017,0.435267,0.925456,10482.4,182.6,375.8,583.8,100.0,1.0
640869,4010,165,8.101927,0.728599,0.144463,0.009875,0.000157,0.00213206,0.184688,0.70203,0.232592,0.532582,0.908447,10294.7,167.9,347.4,691.7,100.0,1.0
641024,4011,155,8.548583,0.158543,0.133424,0.01872,0.0,0.00204905,0.248424,0.777059,0.366529,0.603852,0.896137,10580.6,164.9,326.9,741.7,100.0,1.0
641187,4012,163,7.944689,1.0,0.069973,0.033834,0.0,0.00210295,0.18324,0.796743,0.213129,0.487506,0.929043,10655.6,179.1,381.7,551.5,100.0,1.0
641346,4013,159,8.521156,0.520748,0.191185,0.006668,4.1e-05,0.00243636,0.1768,0.672184,0.238283,0.543354,0.929665,10181.0,164.9,382.8,437.9,100.0,1.0
641507,4014,161,9.988766,0.610064,0.135442,0.0,0.0,0.00223546,0.301449,0.874972,0.385664,0.668088,0.892383,10953.6,164.2,320.6,625.6,100.0,1.0
641667,4015,160,11.291135,0.566301,0.162756,0.00065,7e-06,0.00273028,0.310795,0.866491,0.357016,0.716727,0.912881,10921.3,159.0,354.8,625.8,100.0,1.0
641826,4016,159,10.111751,0.91398,0.145104,0.0,1e-05,0.00228869,0.30569,1.0,0.406374,0.602093,0.903137,11478.5,179.1,338.6,670.6,100.0,1.0
641988,4017,162,10.249796,0.413273,0.164736,0.0,0.0,0.00231733,0.303324,0.874741,0.373103,0.685981,0.908255,10952.8,162.4,347.1,479.1,100.0,1.0
642150,4018,162,9.293518,0.981629,0.143861,0.002535,0.0,0.00227633,0.246634,0.766633,0.310517,0.623832,0.902434,10540.9,162.3,337.4,570.5,100.0,1.0
642308,4019,158,9.218499,0.2,0.080315,0.0,0.029384,0.00193409,0.304825,0.896017,0.410805,0.66992,0.91291,11033.8,165.2,354.9,700.2,100.0,1.0
642462,4020,154,9.49802,0.830987,0.060792,0.016549,3.3e-05,0.0030846,0.153913,0.512577,0.058179,0.631655,0.930842,9572.9,146.7,384.7,283.6,100.0,1.0
642625,4021,163,8.571436,0.735254,0.125439,0.009101,0.0,0.00190367,0.257321,0.851682,0.39206,0.565445,0.883935,10864.9,173.5,306.6,789.3,100.0,1.0
642782,4022,157,8.897057,0.2,0.166034,0.004391,3.3e-05,0.00155225,0.345446,0.929074,0.395413,0.721343,0.859606,11159.8,162.1,266.0,742.3,100.0,1.0
642950,4023,168,6.127822,0.658178,0.092443,0.013764,0.000132,0.00212535,0.048703,0.529019,0.058936,0.350172,0.918057,9635.6,178.4,363.4,560.4,100.0,1.0
643113,4024,163,9.655919,0.2,0.140094,0.0,0.015487,0.00253995,0.225366,0.856354,0.298666,0.525688,0.915456,10882.7,178.3,359.1,586.9,100.0,1.0
643268,4025,155,9.178479,0.566577,0.153153,0.0,3.7e-05,0.0021304,0.277563,0.77566,0.29176,0.705535,0.910967,10575.3,155.0,351.6,804.4,100.0,1.0
643425,4026,157,10.434421,0.997375,0.119982,0.009475,1e-05,0.00258116,0.285703,0.816056,0.420765,0.675273,0.921988,10729.2,160.1,370.0,714.9,100.0,1.0
643590,4027,165,3.956533,1.0,-0.098848,0.018471,1.7e-05,0.00194031,-0.05815,0.381869,-0.235086,0.233054,0.893322,9074.9,184.0,322.2,578.1,100.0,1.0
643748,4028,158,11.217579,0.462989,0.130947,0.0,0.012304,0.00257984,0.33519,0.927054,0.452173,0.722504,0.92317,11152.1,161.9,371.9,706.6,100.0,1.0
643910,4029,162,10.468141,0.737018,0.154813,0.00072,4.2e-05,0.00246313,0.294183,0.981986,0.357164,0.627505,0.952127,11361.4,174.5,420.2,460.0,100.0,1.0
644070,4030,160,11.207922,0.23368,0.118657,0.0,0.0,0.00225053,0.382133,1.0,0.374761,0.784929,0.877258,11613.2,162.7,295.4,680.1,100.0,1.0
644230,4031,160,11.351494,0.646134,0.143151,0.004226,8e-06,0.00280973,0.302218,0.998691,0.42935,0.586939,0.900661,11425.0,180.0,334.4,612.0,100.0,1.0
644386,4032,156,9.578637,0.2,0.105587,0.013637,0.0,0.00257603,0.232545,0.833351,0.49684,0.525634,0.942921,10795.1,176.9,404.9,494.1,100.0,1.0
644546,4033,160,9.04606,0.347586,0.155578,0.0,1.5e-05,0.00234602,0.223767,0.662473,0.328843,0.611774,0.877782,10144.0,157.3,296.3,616.2,100.0,1.0
644708,4034,162,6.419136,0.511538,0.000193,0.004817,3.6e-05,0.0025091,0.018673,0.450441,-0.05948,0.3489,0.910198,9336.2,173.0,350.3,781.5,100.0,1.0
644864,4035,156,8.621101,0.497009,0.108514,0.045695,0.0,0.00247344,0.185155,0.685826,0.1754,0.573084,0.9323,10233.0,162.6,387.2,325.5,100.0,1.0
645020,4036,156,7.80908,1.0,0.123416,0.009736,3e-06,0.00181599,0.233917,0.708284,0.220947,0.621289,0.855058,10318.6,159.1,258.4,784.3,100.0,1.0
645179,4037,159,10.444822,1.0,0.096446,0.007415,0.0,0.00265186,0.270139,0.970958,0.221932,0.577891,0.903802,11319.4,179.3,339.7,398.3,100.0,1.0
645342,4038,163,12.54846,0.2,0.144435,0.0,0.041144,0.00281965,0.371596,0.954149,0.40562,0.802092,0.913359,11255.3,156.1,355.6,408.7,100.0,1.0
645506,4039,164,11.954685,0.560912,0.109374,0.0,0.0,0.00310412,0.282906,0.996387,0.361731,0.580814,0.938759,11416.2,180.5,397.9,511.1,100.0,1.0
645667,4040,161,9.739916,0.456956,0.164113,0.045798,6e-06,0.00208436,0.309737,0.874137,0.47882,0.693175,0.935798,10950.5,161.7,393.0,527.4,100.0,1.0
645828,4041,161,11.166393,0.094157,0.103447,0.0,1.4e-05,0.00302657,0.252568,0.978593,0.299155,0.535746,0.945175,11348.4,184.7,408.6,278.5,100.0,1.0
645984,4042,156,6.353177,1.0,0.004548,0.02693,0.0,0.00245503,0.037982,0.457075,-0.148387,0.417849,0.914353,9361.5,165.1,357.3,398.5,100.0,1.0
646146,4043,162,8.489537,0.820412,0.055443,0.011653,1.6e-05,0.00286068,0.099103,0.571887,-0.012067,0.461532,0.909101,9798.9,167.6,348.5,379.1,100.0,1.0
646303,4044,157,7.77771,0.884327,0.060188,0.0,2.7e-05,0.00213635,0.179983,0.655449,0.199272,0.533701,0.869146,10117.3,164.9,281.9,428.3,100.0,1.0
646465,4045,162,8.780265,0.030558,0.099548,0.006403,0.0,0.00235257,0.200696,0.749525,0.184484,0.570059,0.93263,10475.7,166.8,387.7,388.4,100.0,1.0
646627,4046,162,9.842953,0.470984,0.156567,0.0,0.0,0.00258049,0.234201,0.775815,0.222179,0.620807,0.921175,10575.9,163.1,368.6,436.7,100.0,1.0
646788,4047,161,6.288744,0.595928,0.042839,0.022537,4.4e-05,0.00211109,0.076839,0.650666,-0.027814,0.355879,0.901589,10099.0,186.2,336.0,674.3,100.0,1.0
646950,4048,162,7.805277,0.512247,0.095358,0.0,0.000104,0.00251913,0.109114,0.669771,0.019911,0.42535,0.92184,10171.8,178.4,369.7,596.2,100.0,1.0
647112,4049,162,10.858971,0.2,0.129086,0.0,0.008151,0.00280992,0.264434,0.796049,0.334889,0.652578,0.916394,10652.9,161.2,360.7,652.3,100.0,1.0
647270,4050,158,10.687945,1.0,0.118493,0.005622,1.4e-05,0.00240776,0.327939,0.928691,0.385296,0.712803,0.91154,11158.3,162.9,352.6,347.2,100.0,1.0
647426,4051,156,10.466004,0.784521,0.137166,0.001159,9.7e-05,0.00261951,0.285016,0.86777,0.342311,0.664714,0.928173,10926.2,164.1,380.3,305.1,100.0,1.0
647592,4052,166,11.50013,0.531529,0.104598,0.0,0.0,0.0027619,0.303752,0.971042,0.331983,0.655743,0.938016,11319.7,170.9,396.7,325.3,100.0,1.0
647753,4053,161,11.28426,0.551881,0.14152,0.000387,0.0,0.00239129,0.362946,0.923036,0.476367,0.787218,0.921348,11136.8,155.8,368.9,540.0,100.0,1.0
647914,4054,161,11.052343,0.156371,0.135104,0.0,0.0,0.00255137,0.321834,1.0,0.415244,0.649016,0.917186,11491.7,174.2,362.0,647.3,100.0,1.0
648075,4055,161,10.426059,0.305295,0.137386,0.0,3e-05,0.00218612,0.339151,0.942052,0.402001,0.712313,0.885951,11209.2,163.7,309.9,727.5,100.0,1.0
648239,4056,164,11.540844,0.741239,0.096582,0.014346,0.0,0.00230491,0.386998,0.982649,0.508716,0.769794,0.869815,11363.9,160.5,283.0,513.6,100.0,1.0
648397,4057,158,7.941639,0.065431,0.112891,0.0,5.2e-05,0.0019769,0.214066,0.676458,0.283622,0.590427,0.878326,10197.3,160.3,297.2,558.3,100.0,1.0
648554,4058,157,8.071665,0.2,0.001885,0.0,0.074751,0.00335985,0.00755,0.432012,-0.079922,0.375382,0.970453,9266.0,168.4,450.8,298.0,100.0,1.0
648712,4059,158,7.934288,0.2,0.101143,0.0,0.166462,0.00210067,0.194121,0.775737,0.177271,0.521803,0.905044,10575.6,173.7,341.7,640.1,100.0,1.0
648875,4060,163,9.529256,0.339883,0.130481,0.0,0.031058,0.00196089,0.31212,0.952642,0.363582,0.659978,0.905559,11249.6,169.4,342.6,523.9,100.0,1.0
649031,4061,156,8.03788,0.359173,0.074335,0.0,0.000131,0.00230062,0.173965,0.785907,0.099589,0.501229,0.931849,10614.3,176.8,386.4,439.8,100.0,1.0
649188,4062,157,7.157634,0.964764,0.086321,0.018512,0.0,0.00204775,0.153001,0.644759,0.148761,0.498121,0.889254,10076.5,168.2,315.4,632.8,100.0,1.0
649345,4063,157,9.33735,-0.651793,0.158938,0.004051,0.002437,0.00179944,0.336459,0.904082,0.481262,0.687522,0.850787,11064.6,163.9,251.3,919.2,100.0,1.0
649507,4064,162,6.848599,0.708853,0.064614,0.0,0.000137,0.00221851,0.094581,0.536576,-0.050397,0.486094,0.915845,9664.4,162.6,359.7,525.2,100.0,1.0
649669,4065,162,6.365942,1.0,-0.077318,0.025398,4.6e-05,0.00230994,0.047764,0.473732,-0.025519,0.37939,0.879494,9424.9,170.8,299.2,606.8,100.0,1.0
649827,4066,158,10.660634,0.2,0.113384,0.0,0.084698,0.0021727,0.363365,0.993223,0.455412,0.725493,0.882716,11404.2,165.2,304.5,649.2,100.0,1.0
649985,4067,158,7.954957,0.2,0.015039,0.005835,0.12513,0.00262941,0.111863,0.563753,0.003241,0.507301,0.92928,9767.9,162.0,382.1,493.8,100.0,1.0
650145,4068,160,13.460434,1.0,0.117136,0.0,0.0,0.00344813,0.340691,0.856823,0.369727,0.820818,0.955258,10884.5,149.4,425.4,240.7,100.0,1.0
650305,4069,160,10.825106,0.915422,0.122329,0.0,2.6e-05,0.00295035,0.245753,0.840109,0.252751,0.610725,0.93536,10820.8,167.9,392.3,410.0,100.0,1.0
650460,4070,155,3.831146,0.39899,-0.157863,0.0,3e-06,0.00243967,-0.124087,0.094122,-0.186492,0.228927,0.882158,7978.6,162.3,303.6,582.3,100.0,1.0
650623,4071,163,8.403792,0.711979,0.087999,0.0,0.0,0.00235552,0.173352,0.641744,0.04264,0.583555,0.89908,10065.0,158.9,331.8,520.3,100.0,1.0
650780,4072,157,12.792196,0.2,0.12666,0.000556,0.362981,0.00319742,0.346439,1.0,0.443372,0.719669,0.943064,11862.5,172.5,405.1,536.7,100.0,1.0
650940,4073,160,9.489528,0.594863,0.103376,0.0,1.4e-05,0.00179927,0.341568,0.975748,0.449712,0.671745,0.864153,11337.6,169.5,273.6,683.2,100.0,1.0
651099,4074,159,8.36966,0.937888,0.139019,0.0,1.1e-05,0.00208544,0.223558,0.74336,0.115714,0.634384,0.910427,10452.2,159.9,350.7,444.9,100.0,1.0
651261,4075,162,10.540624,0.911031,0.118115,0.009869,2e-06,0.00225125,0.334425,1.0,0.392946,0.656313,0.869579,11612.6,175.3,282.6,598.5,100.0,1.0
651419,4076,158,8.112584,0.589801,0.105523,0.007857,2.1e-05,0.00226661,0.179954,0.695306,0.107143,0.54235,0.886108,10269.1,166.5,310.2,484.0,100.0,1.0
651591,4077,172,5.796447,0.468866,-0.060607,0.007897,0.0,0.00210738,0.021976,0.593524,0.031492,0.232199,0.889734,9881.3,200.5,316.2,768.1,100.0,1.0
651746,4078,155,7.739707,1.0,0.102275,0.042305,0.0,0.00210602,0.186875,0.636024,0.153981,0.591423,0.896394,10043.3,157.8,327.3,355.7,100.0,1.0
651906,4079,160,7.986135,0.910282,0.059894,0.0,0.0,0.00253532,0.123995,0.564376,0.011878,0.528965,0.919491,9770.3,159.8,365.8,349.9,100.0,1.0
652066,4080,160,9.49083,0.900036,0.076214,0.0,2.7e-05,0.00248499,0.231858,0.72739,0.092109,0.663682,0.898693,10391.4,156.1,331.2,424.8,100.0,1.0
652223,4081,157,9.203979,0.638402,0.13943,0.0,1.5e-05,0.00213009,0.276001,0.765326,0.374175,0.668407,0.880441,10535.9,157.9,300.7,631.3,100.0,1.0
652385,4082,162,6.097571,0.2,0.012263,0.0,0.010937,0.00190015,0.096564,0.601326,0.041169,0.416006,0.897148,9911.1,175.0,328.6,629.7,100.0,1.0
652544,4083,159,10.914498,1.0,0.116952,0.032648,0.0,0.00255831,0.317058,0.989196,0.298171,0.697564,0.956335,11388.8,167.7,427.2,528.9,100.0,1.0
652707,4084,163,11.920202,0.2,0.166185,0.0,7e-06,0.00263956,0.360319,1.0,0.413574,0.746092,0.917902,11845.8,169.6,363.2,477.1,100.0,1.0
652866,4085,159,9.53995,-0.1157,0.10909,0.021198,0.0,0.00197379,0.318885,0.83915,0.368202,0.719221,0.861643,10817.2,157.3,269.4,544.8,100.0,1.0
653022,4086,156,8.401984,0.379266,0.106087,3.6e-05,4.6e-05,0.0020095,0.243748,0.868463,0.344375,0.531368,0.881412,10928.8,178.4,302.4,664.6,100.0,1.0
653174,4087,152,11.402258,0.939176,0.14812,0.000723,2e-06,0.00272887,0.341428,0.855189,0.54537,0.74091,0.893084,10878.3,156.2,321.8,392.7,100.0,1.0
653334,4088,160,8.730168,0.68724,0.149819,0.0,3e-05,0.00232975,0.206243,0.759939,0.33547,0.521541,0.90362,10515.4,172.8,339.4,474.9,100.0,1.0
653494,4089,160,11.068727,0.2,0.095937,0.011511,0.014719,0.00286179,0.276257,0.994335,0.335029,0.561672,0.921994,11408.4,182.6,370.0,445.9,100.0,1.0
653652,4090,158,11.305812,0.421778,0.132843,0.026414,0.0,0.00232886,0.381968,1.0,0.470555,0.770081,0.892479,11446.8,161.7,320.8,419.1,100.0,1.0
653805,4091,153,5.368412,0.512976,0.095094,0.0,0.0,0.00207101,0.039222,0.340288,-0.053143,0.46797,0.910894,8916.5,151.9,351.5,671.2,100.0,1.0
653966,4092,161,10.237537,0.2,0.114286,0.0,0.0343,0.0023964,0.293213,0.948301,0.478571,0.575504,0.887685,11233.0,178.2,312.8,810.0,100.0,1.0
654127,4093,161,10.36769,0.906249,0.16434,0.0,0.0,0.00207302,0.353905,0.982243,0.444921,0.700943,0.866101,11362.3,167.0,276.8,859.9,100.0,1.0
654289,4094,162,9.878046,0.533438,0.161704,0.0,0.0,0.00252304,0.246444,0.863124,0.322799,0.588439,0.947969,10908.5,171.7,413.3,494.6,100.0,1.0
654448,4095,159,9.319171,-0.342092,0.111408,0.0,0.004371,0.00254652,0.213218,0.792921,0.24883,0.548285,0.916835,10641.0,171.8,361.4,466.0,100.0,1.0
654610,4096,162,9.357364,0.103959,0.06561,0.035872,0.0,0.00298576,0.137,0.808915,0.214997,0.365974,0.932473,10702.0,195.9,387.5,421.1,100.0,1.0
654769,4097,159,11.24295,1.0,0.11561,0.005692,3.4e-05,0.00306977,0.257813,0.841503,0.186467,0.661345,0.942992,10826.1,162.9,405.0,266.0,100.0,1.0
654933,4098,164,4.865298,0.742964,0.018514,0.0,0.0,0.00183779,0.02141,0.358674,-0.06242,0.390801,0.873347,8986.5,161.5,288.9,665.1,100.0,1.0
655095,4099,162,11.432478,0.13992,0.125954,0.015138,2.9e-05,0.00256495,0.342999,0.870757,0.287827,0.796233,0.887864,10937.6,152.2,313.1,496.0,100.0,1.0
655255,4100,160,10.122181,0.589259,0.127679,0.0,1e-05,0.00217732,0.323238,0.856151,0.336714,0.757684,0.91018,10881.9,154.8,350.3,479.9,100.0,1.0
655412,4101,157,10.250785,0.626427,0.135385,0.0,0.000218,0.00201771,0.363345,0.844339,0.426636,0.819343,0.872564,10836.9,148.9,287.6,437.0,100.0,1.0
655566,4102,154,8.754029,0.783995,0.138726,0.0,0.00018,0.00212253,0.253931,0.764185,0.274113,0.646107,0.891875,10531.5,159.9,319.8,581.0,100.0,1.0
655722,4103,156,9.10792,0.2,0.131197,0.0,0.156874,0.00259997,0.198691,0.713342,0.233248,0.566198,0.917793,10337.8,165.0,363.0,949.9,100.0,1.0
655884,4104,162,8.649143,0.738221,0.108858,0.003416,0.000106,0.00239647,0.185634,0.682589,0.193322,0.544571,0.888695,10220.7,165.4,314.5,540.6,100.0,1.0
656044,4105,160,10.787312,0.320103,0.15169,0.007162,0.070401,0.00249471,0.316588,1.0,0.455913,0.611141,0.893838,11554.3,179.3,323.1,644.6,100.0,1.0
656209,4106,165,7.97411,1.0,0.029072,0.007964,6.2e-05,0.00283053,0.062072,0.570568,-0.044574,0.385023,0.920486,9793.9,176.8,367.5,476.7,100.0,1.0
656365,4107,156,8.328269,0.912843,0.091242,0.004943,2e-06,0.00228256,0.19657,0.655499,0.089414,0.628546,0.91066,10117.5,155.3,351.1,566.5,100.0,1.0
656527,4108,162,7.081196,0.2,0.117179,0.0,0.065104,0.0019004,0.162017,0.710454,0.109208,0.482867,0.878657,10326.8,174.1,297.8,693.9,100.0,1.0
656686,4109,159,6.395746,0.245808,0.04419,0.020446,4.7e-05,0.00264294,0.004158,0.483324,0.019045,0.272882,0.91092,9461.5,185.8,351.5,591.3,100.0,1.0
656845,4110,159,10.18558,0.286889,0.141949,0.0,0.0,0.00212894,0.337374,0.912266,0.332142,0.739314,0.878528,11095.7,159.5,297.5,521.6,100.0,1.0
657001,4111,156,7.527694,0.2,0.025298,0.0,0.211154,0.00277221,0.067047,0.586048,0.02591,0.387616,0.94841,9852.8,177.5,414.0,453.9,100.0,1.0
657160,4112,159,8.045836,0.220638,0.089608,0.0,0.037296,0.00222676,0.179862,0.751167,0.045743,0.527404,0.893862,10481.9,171.6,323.1,706.7,100.0,1.0
657324,4113,164,3.632844,0.2,-0.028308,0.0,0.023591,0.00189182,-0.069184,0.291011,-0.199505,0.252243,0.891534,8728.8,174.3,319.2,666.4,100.0,1.0
657481,4114,157,8.855895,0.062853,-0.002611,0.005987,0.0,0.00332746,0.065248,0.490388,-0.121362,0.498577,0.978576,9488.4,158.3,464.3,244.0,100.0,1.0
657636,4115,155,8.899304,0.76104,0.140233,0.0,4.3e-05,0.00208667,0.267189,0.863945,0.390589,0.583893,0.885652,10911.6,172.2,309.4,793.3,100.0,1.0
657796,4116,160,10.554275,1.0,0.145013,0.0,0.0,0.00289372,0.237485,0.845307,0.221961,0.575327,0.904677,10840.6,172.0,341.1,495.7,100.0,1.0
657951,4117,155,6.774879,0.423461,0.100527,0.0,7.7e-05,0.00203063,0.134906,0.551559,0.170489,0.497223,0.875686,9721.4,162.3,292.8,803.4,100.0,1.0
658115,4118,164,8.213549,0.251431,0.146167,0.0,0.01191,0.00173574,0.260448,0.768507,0.357742,0.614755,0.853418,10548.0,163.3,255.7,856.1,100.0,1.0
658277,4119,162,8.534796,0.2,0.009752,0.0,0.0,0.00309584,0.064913,0.626961,-0.038657,0.379787,0.959507,10008.7,181.3,432.5,443.4,100.0,1.0
658439,4120,162,5.416455,0.266098,0.036559,0.0,0.029175,0.00194081,0.04511,0.453749,-0.046847,0.394805,0.886259,9348.8,167.6,310.4,640.3,100.0,1.0
658597,4121,158,11.236455,0.2,0.152114,0.0,0.032085,0.00264401,0.328057,1.0,0.421079,0.665957,0.921734,11604.5,174.1,369.6,413.1,100.0,1.0
658764,4122,167,9.189226,0.139242,0.1084,0.0,3.1e-05,0.00210946,0.257649,0.791467,0.351504,0.624128,0.900077,10635.5,163.7,333.5,490.7,100.0,1.0
658930,4123,166,7.927855,1.0,0.051329,0.031462,5.9e-05,0.00235995,0.13445,0.713865,0.037042,0.446308,0.904975,10339.8,178.7,341.6,498.0,100.0,1.0
659096,4124,166,9.597059,1.0,0.146539,0.031641,0.0,0.00249795,0.222342,0.713223,0.152242,0.663912,0.947012,10337.4,155.3,411.7,318.8,100.0,1.0
659253,4125,157,6.226876,0.722517,0.001272,0.0,8.7e-05,0.00235529,0.043529,0.419616,-0.159197,0.456141,0.911646,9218.7,158.3,352.7,489.5,100.0,1.0
659412,4126,159,7.583891,0.818671,0.038426,0.0,0.000158,0.00287054,0.046973,0.469983,0.016738,0.39943,0.927875,9410.6,168.1,379.8,311.5,100.0,1.0
659576,4127,164,4.956024,0.663393,-0.065043,0.028168,6.3e-05,0.00204112,-0.005769,0.38506,-0.082465,0.313131,0.876158,9087.1,173.0,293.6,617.9,100.0,1.0
659740,4128,164,7.578245,0.2,0.095366,0.0,0.136559,0.00197328,0.179386,0.659742,0.128916,0.552706,0.878096,10133.6,163.2,296.8,658.6,100.0,1.0
659896,4129,156,11.019041,0.731252,0.138294,0.0,3.9e-05,0.00256574,0.331136,0.946804,0.489706,0.673242,0.895331,11227.3,167.7,325.6,561.7,100.0,1.0
660054,4130,158,11.174017,0.962418,0.131232,0.0,0.0,0.00236213,0.36848,1.0,0.418992,0.775048,0.933754,11972.3,168.6,389.6,372.2,100.0,1.0
660219,4131,165,8.835686,0.968457,0.115954,0.0,0.0,0.00216385,0.229439,0.875159,0.266614,0.52479,0.903714,10954.4,179.6,339.5,477.5,100.0,1.0
660385,4132,166,12.216901,0.466893,0.11976,0.0,4.6e-05,0.00262348,0.375431,1.0,0.429102,0.788949,0.932234,11751.1,164.2,387.1,487.1,100.0,1.0
660545,4133,160,8.955189,1.0,0.096644,0.019381,4e-06,0.00260255,0.178049,0.727683,0.112093,0.538582,0.922057,10392.5,168.9,370.1,347.3,100.0,1.0
660709,4134,164,11.267535,0.444977,0.157978,0.003399,0.005046,0.00258719,0.32371,1.0,0.343345,0.652796,0.886972,11535.1,174.5,311.6,878.9,100.0,1.0
660868,4135,159,7.746294,0.662739,0.023804,0.0,0.0,0.00308702,0.023451,0.39968,-0.030636,0.405266,0.942046,9142.8,162.7,403.4,312.4,100.0,1.0
661025,4136,157,10.401612,0.480219,0.152709,0.009706,0.000179,0.00195437,0.383803,1.0,0.461515,0.775269,0.889825,11443.2,161.1,316.4,696.7,100.0,1.0
661187,4137,162,10.897489,0.412109,0.116605,0.002837,2e-06,0.00263761,0.296292,1.0,0.457047,0.576985,0.920826,11952.7,189.5,368.0,581.8,100.0,1.0
661344,4138,157,11.971164,0.757008,0.165821,0.0,4.2e-05,0.00303595,0.318335,0.758629,0.394015,0.803835,0.929028,10510.4,145.7,381.7,465.5,100.0,1.0
661506,4139,162,7.618651,0.386129,0.095701,0.0,2e-05,0.00193904,0.19185,0.758391,0.12106,0.514147,0.862048,10509.5,173.5,270.1,740.4,100.0,1.0
661671,4140,165,9.739314,0.427274,0.149795,0.0,7.4e-05,0.00252024,0.230955,0.776084,0.381403,0.550507,0.885636,10576.9,170.5,309.4,566.2,100.0,1.0
661831,4141,160,7.417435,0.61274,0.093853,0.011464,1.9e-05,0.00243056,0.103708,0.672106,0.122262,0.382823,0.918697,10180.7,184.1,364.5,601.3,100.0,1.0
661987,4142,156,9.357813,0.011392,0.14149,0.005157,8.7e-05,0.00219103,0.27965,0.89271,0.380788,0.600289,0.886889,11021.2,172.2,311.5,451.5,100.0,1.0
662150,4143,163,3.261557,0.552125,-0.08551,0.0,0.0,0.00217032,-0.137165,0.20404,-0.20778,0.134942,0.885493,8397.4,185.0,309.2,715.1,100.0,1.0
662312,4144,162,9.439846,0.2,0.124448,0.0,0.00197,0.00198163,0.305832,1.0,0.418596,0.566869,0.8511,11609.1,185.2,251.8,905.4,100.0,1.0
662472,4145,160,11.906051,0.530212,0.1472,0.0,0.0,0.00247375,0.394827,1.0,0.455895,0.811398,0.901287,11495.5,158.7,335.5,395.3,100.0,1.0
662635,4146,163,7.436257,0.489259,0.13821,0.010081,0.000171,0.00182871,0.195724,0.789018,0.199224,0.496661,0.880469,10626.2,177.5,300.8,803.8,100.0,1.0
662795,4147,160,10.172717,1.0,0.153735,0.015848,0.0,0.00265351,0.250942,0.864192,0.308458,0.590869,0.9292,10912.6,171.5,382.0,376.6,100.0,1.0
662956,4148,161,12.908845,0.775126,0.128645,0.0,1.2e-05,0.0034305,0.304985,1.0,0.391511,0.635376,0.953267,11731.5,179.3,422.1,248.4,100.0,1.0
663116,4149,160,4.516191,0.908199,0.029843,0.02093,0.000119,0.00241539,-0.086494,0.232654,-0.194304,0.264173,0.923585,8506.4,168.2,372.6,417.7,100.0,1.0
663269,4150,153,8.013294,0.972294,-0.000662,0.017977,0.0,0.00278562,0.106061,0.577515,-0.081728,0.489015,0.903006,9820.3,164.9,338.3,415.0,100.0,1.0
663430,4151,161,10.748576,0.2,0.081922,0.0,0.283471,0.00253299,0.306182,1.0,0.413508,0.608212,0.913816,11671.6,181.4,356.4,629.5,100.0,1.0
663591,4152,161,8.115502,0.419017,0.044041,0.001137,7.5e-05,0.00285846,0.0789,0.449256,-0.096029,0.512233,0.914818,9331.7,154.3,358.0,410.9,100.0,1.0
663760,4153,169,7.342358,0.267981,0.046304,0.006582,0.0,0.00217876,0.119564,0.610158,0.103218,0.431156,0.863041,9944.7,173.7,271.7,615.2,100.0,1.0
663915,4154,155,11.410845,0.2,0.134939,0.0,0.056219,0.00282451,0.320285,1.0,0.349001,0.660068,0.914568,11509.5,173.3,357.6,418.1,100.0,1.0
664070,4155,155,9.364702,1.0,0.115822,0.001054,5.1e-05,0.00231741,0.262974,0.820208,0.290677,0.620432,0.877273,10745.0,165.8,295.5,364.6,100.0,1.0
664228,4156,158,6.578038,0.420245,0.061699,0.014223,0.0,0.0021149,0.102867,0.56035,0.048487,0.462957,0.909008,9754.9,166.7,348.3,475.7,100.0,1.0
664388,4157,160,11.447978,0.267638,0.079692,0.0,0.013028,0.00243229,0.371385,0.981067,0.378922,0.778404,0.892541,11357.9,159.7,320.9,416.4,100.0,1.0
664543,4158,155,10.834851,0.575839,0.120668,0.0,0.0,0.00257894,0.320124,0.946397,0.389122,0.662183,0.881045,11225.8,168.8,301.7,541.1,100.0,1.0
664694,4159,151,7.508184,0.2,0.082356,0.012589,0.024276,0.00233122,0.146839,0.578948,0.118601,0.545668,0.912101,9825.8,158.9,353.5,652.1,100.0,1.0
664856,4160,162,7.713206,0.2,0.091725,0.0,0.125115,0.00222029,0.15278,0.667876,0.117474,0.507488,0.915725,10164.6,168.6,359.5,544.3,100.0,1.0
665022,4161,166,7.986088,1.0,0.118085,0.024361,0.0,0.00258037,0.102247,0.582727,0.090894,0.431825,0.901017,9840.2,171.8,335.0,537.2,100.0,1.0
665176,4162,154,8.555492,0.215939,0.121644,0.0,0.033689,0.00201208,0.258558,0.782361,0.288656,0.63412,0.878185,10600.8,162.2,297.0,839.0,100.0,1.0
665333,4163,157,7.938462,1.0,0.030342,0.023109,0.0,0.00254424,0.127971,0.657281,0.117792,0.441116,0.8983,10124.2,175.6,330.5,565.4,100.0,1.0
665489,4164,156,10.882326,0.2,0.086575,0.014866,0.053113,0.00289569,0.271304,0.94021,0.356641,0.5911,0.943409,11202.2,176.0,405.7,595.3,100.0,1.0
665659,4165,170,9.466215,0.576254,0.123695,0.0,0.0,0.00236276,0.22732,0.836259,0.312345,0.509347,0.866872,10806.1,179.0,278.1,642.2,100.0,1.0
665822,4166,163,9.220128,1.0,0.165297,0.009602,0.0,0.00203485,0.280947,0.873799,0.33374,0.617963,0.872248,10949.2,169.2,287.1,740.3,100.0,1.0
665982,4167,160,8.863159,0.2,0.070789,0.0,0.016438,0.00276869,0.145907,0.66722,-0.011318,0.5357,0.936184,10162.1,165.4,393.6,427.5,100.0,1.0
666139,4168,157,10.278738,0.754134,0.16058,0.000299,0.0,0.0023337,0.316573,0.785872,0.407672,0.756506,0.893061,10614.2,151.1,321.8,462.2,100.0,1.0
666298,4169,159,9.740263,0.082833,0.104144,0.0,8.5e-05,0.00195822,0.335816,0.950207,0.399404,0.683152,0.859748,11240.3,167.0,266.2,802.8,100.0,1.0
666466,4170,168,10.392676,0.229498,0.124384,0.026933,6.7e-05,0.00213901,0.331156,0.977131,0.4468,0.66381,0.893325,11342.9,170.4,322.2,633.1,100.0,1.0
666629,4171,163,8.786294,0.504317,0.104048,0.018484,4.8e-05,0.00247157,0.180919,0.796901,0.175911,0.469436,0.894686,10656.2,181.3,324.5,724.0,100.0,1.0
666788,4172,159,10.249188,0.627397,0.171616,0.0,0.0,0.00220856,0.329828,0.946427,0.457592,0.686189,0.908056,11225.9,166.4,346.8,663.3,100.0,1.0
666947,4173,159,12.05121,0.621421,0.165634,0.0,3.8e-05,0.00316024,0.298318,0.947362,0.302997,0.660196,0.931604,11229.5,169.1,386.0,444.6,100.0,1.0
667111,4174,164,9.311749,0.536004,0.09073,0.0,3.7e-05,0.00192843,0.302552,0.882633,0.302321,0.676584,0.87589,10982.8,163.8,293.1,741.8,100.0,1.0
667275,4175,164,7.601062,0.2,0.110715,0.0,0.009728,0.00232524,0.123781,0.767014,0.091829,0.364303,0.891506,10542.3,193.2,319.2,741.4,100.0,1.0
667432,4176,157,11.227384,0.745314,0.115262,0.0,7e-06,0.00268294,0.324905,0.92648,0.417336,0.695062,0.905895,11149.9,164.4,343.2,421.4,100.0,1.0
667588,4177,156,12.981394,1.0,0.115015,0.036223,1.7e-05,0.00283312,0.420805,1.0,0.450417,0.871204,0.890874,11816.3,157.9,318.1,334.3,100.0,1.0
667749,4178,161,7.440615,-0.179244,0.122943,0.0,3.1e-05,0.00185941,0.19517,0.851279,0.230284,0.474732,0.922283,10863.4,184.2,370.5,687.8,100.0,1.0
667913,4179,164,10.198407,1.0,0.046927,0.021307,0.0,0.00338693,0.1224,0.670939,-0.007013,0.483497,0.95213,10176.3,171.5,420.2,300.7,100.0,1.0
668066,4180,153,12.541892,0.402201,0.126295,0.0,0.0365,0.00294261,0.383562,1.0,0.394241,0.822025,0.938688,11519.2,158.1,397.8,300.9,100.0,1.0
668232,4181,166,11.05431,0.06722,0.129657,0.019546,9.3e-05,0.00247333,0.324374,1.0,0.372502,0.675549,0.932384,11560.0,172.5,387.3,556.0,100.0,1.0
668390,4182,158,12.910802,1.0,0.152318,0.000453,0.0,0.0036109,0.287981,0.839165,0.340646,0.704783,0.951155,10817.2,158.6,418.6,215.9,100.0,1.0
668551,4183,161,11.896204,0.2,0.07398,0.0,0.160615,0.00314915,0.28422,1.0,0.310265,0.607305,0.958912,11689.4,181.8,431.5,408.8,100.0,1.0
668711,4184,160,8.028351,0.2,0.095339,0.010173,0.005892,0.0022538,0.173422,0.69448,0.110252,0.531737,0.895674,10266.0,167.6,326.1,642.5,100.0,1.0
668866,4185,155,7.144644,1.0,0.076508,0.023171,0.0,0.00207345,0.153845,0.64089,0.172889,0.508344,0.908017,10061.8,166.8,346.7,510.8,100.0,1.0
669030,4186,164,9.70124,1.0,0.110297,0.004631,0.0,0.00250057,0.235176,0.885674,0.247512,0.533658,0.897827,10994.4,179.2,329.7,419.9,100.0,1.0
669191,4187,161,9.002919,0.326816,0.131004,0.0,2.4e-05,0.00269091,0.165598,0.662732,0.195528,0.511642,0.897181,10145.0,167.8,328.6,532.9,100.0,1.0
669352,4188,161,4.506644,0.681608,0.068022,0.007027,7.9e-05,0.00174446,0.018913,0.339349,-0.061964,0.395448,0.871626,8912.9,159.7,286.0,944.9,100.0,1.0
669511,4189,159,6.097499,0.294073,0.083087,0.0,2.4e-05,0.00200317,0.087056,0.572683,0.09253,0.374646,0.860904,9801.9,178.3,268.2,812.2,100.0,1.0
669667,4190,156,10.46216,0.531035,0.111039,0.0,0.0,0.00202007,0.380699,0.989365,0.444156,0.767292,0.871897,11389.5,161.1,286.5,654.3,100.0,1.0
669721,4191,54,-7.269644,1.0,0.614205,0.02815,0.0,0.00344885,-0.770945,-1.0,-1.0,-1.0,0.08378,0.0,5.7,73.0,34.8,100.0,1.0
669885,4192,164,9.646221,0.599178,0.07258,0.0,0.0,0.00285675,0.17313,0.748848,0.173609,0.481391,0.895997,10473.1,176.7,326.7,494.1,100.0,1.0
670039,4193,154,7.948933,0.547769,0.147743,0.0,1.4e-05,0.00184094,0.245257,0.8481,0.27325,0.554654,0.863819,10851.3,174.5,273.0,659.5,100.0,1.0
670194,4194,155,8.441779,0.795974,0.126127,0.029508,8e-06,0.00246042,0.180166,0.703005,0.228461,0.515301,0.898208,10298.4,169.9,330.3,646.6,100.0,1.0
670356,4195,162,11.027306,0.414038,0.131315,0.0,4.4e-05,0.00266092,0.30248,0.910969,0.366525,0.660782,0.904911,11090.8,167.0,341.5,534.9,100.0,1.0
670513,4196,157,10.021408,0.2,0.114801,0.0,0.095018,0.00204504,0.345586,0.900448,0.465541,0.744153,0.894965,11050.7,158.4,324.9,706.4,100.0,1.0
670671,4197,158,10.844394,1.0,0.158763,0.032806,0.0,0.00232675,0.353759,1.0,0.423426,0.747653,0.950579,11817.2,169.0,417.6,367.5,100.0,1.0
670834,4198,163,7.451632,0.485243,0.119929,0.0,2e-05,0.00222099,0.133672,0.674999,0.054111,0.44295,0.870674,10191.7,176.6,284.5,1271.0,100.0,1.0
670995,4199,161,8.422967,0.2,0.114183,0.0,0.02681,0.00201893,0.235253,0.814942,0.250944,0.577158,0.897761,10724.9,170.0,329.6,562.2,100.0,1.0
671160,4200,165,8.900291,0.201364,0.0882,0.0,0.044387,0.00188336,0.281275,0.96722,0.417984,0.542804,0.877799,11305.1,183.2,296.3,986.3,100.0,1.0
671325,4201,165,9.026567,0.900224,0.115505,0.0,2.5e-05,0.00258459,0.173974,0.679653,0.182037,0.530531,0.90542,10209.5,166.8,342.4,530.0,100.0,1.0
671487,4202,162,8.560691,0.2,0.119445,0.0,0.04087,0.00226092,0.203193,0.75516,0.237678,0.528161,0.882518,10497.2,171.7,304.2,618.2,100.0,1.0
671650,4203,163,8.539175,0.719128,0.039197,0.019472,0.0,0.00274098,0.121257,0.642984,0.164539,0.434298,0.91865,10069.8,175.5,364.4,452.4,100.0,1.0
671806,4204,156,10.82855,0.2,0.135856,0.002806,0.002014,0.00201317,0.406295,0.965585,0.448386,0.846659,0.874415,11298.9,153.0,290.7,635.3,100.0,1.0
671965,4205,159,12.228087,0.780612,0.088367,0.0,1e-06,0.00269083,0.385644,1.0,0.359918,0.82728,0.92504,11490.9,157.2,375.1,381.3,100.0,1.0
672125,4206,160,7.220048,0.824198,0.126198,0.007213,3.8e-05,0.00195905,0.166883,0.648878,0.301665,0.482762,0.874433,10092.2,170.2,290.7,848.4,100.0,1.0
672284,4207,159,10.912754,0.257773,0.149244,0.0,0.06045,0.00196246,0.413936,1.0,0.434524,0.855202,0.886387,11922.9,160.7,310.6,775.6,100.0,1.0
672441,4208,157,9.504436,0.36459,0.114536,0.046363,0.0,0.00236992,0.260195,0.804669,0.162513,0.661815,0.887797,10685.8,160.8,313.0,374.9,100.0,1.0
672603,4209,162,11.263469,0.628577,0.145516,0.0,0.000119,0.00263882,0.321817,0.956612,0.40093,0.662139,0.88914,11264.7,169.4,315.2,510.1,100.0,1.0
672760,4210,157,9.01857,0.951655,0.116031,0.023929,4e-05,0.00222803,0.250168,0.861703,0.332416,0.553843,0.880148,10903.1,175.4,300.2,610.5,100.0,1.0
672919,4211,159,10.521921,0.651238,0.103255,0.0,9e-06,0.00239204,0.319625,1.0,0.438115,0.624525,0.895985,11434.1,176.0,326.6,417.1,100.0,1.0
673076,4212,157,6.938664,0.625219,0.035917,0.002801,2.2e-05,0.0021574,0.122872,0.614501,0.102375,0.45172,0.886717,9961.3,171.5,311.2,596.4,100.0,1.0
673231,4213,155,4.917316,-0.094431,-0.041198,0.01553,2.1e-05,0.00242559,-0.048854,0.364923,-0.255944,0.306203,0.947889,9010.4,172.5,413.1,637.1,100.0,1.0
673390,4214,159,12.301156,0.477479,0.10577,0.0,0.000225,0.00321218,0.307647,1.0,0.452891,0.616457,0.9369,11609.9,179.6,394.8,367.4,100.0,1.0
673555,4215,165,11.688686,0.562124,0.166134,0.015543,5.8e-05,0.00278785,0.317789,1.0,0.497877,0.621168,0.921862,11794.6,181.9,369.8,470.5,100.0,1.0
673714,4216,159,8.398318,0.347265,0.125209,0.0044,6.9e-05,0.00219208,0.210324,0.770173,0.186504,0.55338,0.888885,10554.4,169.9,314.8,500.5,100.0,1.0
673871,4217,157,10.851076,0.643562,0.153491,0.0,6.5e-05,0.00270827,0.296907,0.982169,0.372818,0.604334,0.910602,11362.1,177.1,351.0,589.1,100.0,1.0
674033,4218,162,5.660848,0.253844,-0.053073,0.0,0.010823,0.00237134,-0.007429,0.460977,-0.10711,0.29582,0.921162,9376.3,180.9,368.6,439.5,100.0,1.0
674203,4219,170,5.652193,0.911189,0.088755,0.006218,0.000103,0.00192987,0.048071,0.459034,0.004261,0.36588,0.853862,9368.9,171.5,256.4,762.3,100.0,1.0
674363,4220,160,11.628989,0.323768,0.11395,0.0,0.000941,0.00271795,0.339035,0.907609,0.464279,0.715313,0.881684,11078.0,161.5,302.8,633.8,100.0,1.0
674522,4221,159,9.92001,0.608579,0.125665,0.0,6e-06,0.00255639,0.253748,0.799419,0.350111,0.611988,0.903649,10665.8,165.4,339.4,558.9,100.0,1.0
674684,4222,162,7.164638,0.323221,0.091186,0.0,0.017692,0.00188706,0.171123,0.69463,0.159548,0.515566,0.898862,10266.5,169.4,331.4,738.1,100.0,1.0
674843,4223,159,11.195758,0.445213,0.163219,0.038015,0.0,0.00232309,0.375713,0.790548,0.439946,0.899763,0.903298,10632.0,139.9,338.8,596.4,100.0,1.0
674999,4224,156,6.922843,0.2,0.081559,0.008483,0.057136,0.00232032,0.098744,0.531675,0.275351,0.382034,0.858093,9645.7,174.5,263.5,1119.2,100.0,1.0
675158,4225,159,11.326313,0.2,0.137257,0.006642,0.155144,0.00275351,0.315985,1.0,0.486067,0.609481,0.905657,11956.2,185.7,342.8,603.8,100.0,1.0
675316,4226,158,9.596788,1.0,0.159379,0.011311,0.0,0.00202732,0.318386,0.856237,0.452931,0.702615,0.888049,10882.3,159.8,313.4,546.1,100.0,1.0
675473,4227,157,9.524984,1.0,0.144953,0.022868,2e-06,0.0022778,0.276294,0.863143,0.288234,0.634721,0.888813,10908.6,166.8,314.7,479.4,100.0,1.0
675629,4228,156,10.717794,1.0,0.0361,0.0,0.0,0.00338075,0.185931,0.732216,0.246636,0.525565,0.92805,10409.7,170.6,380.1,271.2,100.0,1.0
675795,4229,166,4.845147,0.447726,0.038606,0.00746,0.0,0.00190098,0.006944,0.428623,0.03128,0.286579,0.871887,9253.1,179.8,286.5,824.1,100.0,1.0
675952,4230,157,9.719338,0.2,0.148332,0.0,0.149426,0.00216099,0.307641,1.0,0.510692,0.563041,0.874579,11710.8,187.3,291.0,767.4,100.0,1.0
676117,4231,165,6.839393,1.0,0.037651,0.024299,0.0,0.0024199,0.055934,0.636606,-0.006846,0.325273,0.930567,10045.5,189.5,384.3,488.6,100.0,1.0
676275,4232,158,11.087914,1.0,0.182612,0.026758,0.0,0.00277371,0.299732,0.912897,0.393115,0.660371,0.927808,11098.1,167.1,379.7,333.8,100.0,1.0
676433,4233,158,5.135615,0.474637,-0.160765,0.008789,0.0,0.00285887,-0.109896,0.32645,-0.200515,0.141833,0.912761,8863.8,194.1,354.6,693.6,100.0,1.0
676589,4234,156,9.147856,0.820372,0.1165,0.034317,5e-06,0.00297477,0.144885,0.732766,0.164884,0.447408,0.935031,10411.8,179.8,391.7,385.9,100.0,1.0
676751,4235,162,9.662406,0.486461,0.12716,0.0,0.0,0.00224443,0.279648,0.913965,0.299651,0.594623,0.86663,11102.2,174.1,277.7,598.7,100.0,1.0
676910,4236,159,9.07853,0.531489,0.156027,0.019041,3.5e-05,0.00212262,0.266871,0.865253,0.465349,0.558997,0.878303,10916.6,175.1,297.2,663.8,100.0,1.0
677064,4237,154,9.90602,1.0,0.118638,0.016925,0.0,0.00260659,0.25804,0.756012,0.260332,0.663171,0.889057,10500.4,157.8,315.1,388.4,100.0,1.0
677223,4238,159,12.983722,0.400563,0.112027,0.025972,0.000123,0.00348847,0.309804,1.0,0.490545,0.631432,0.967294,12129.6,185.9,445.5,308.1,100.0,1.0
677377,4239,154,9.169101,0.2,0.051777,0.017635,0.148577,0.00257138,0.214605,0.827767,0.187108,0.540739,0.909374,10773.8,174.8,349.0,425.0,100.0,1.0
677541,4240,164,10.497746,0.391586,0.089812,0.0,0.000188,0.00288633,0.225757,0.873725,0.213711,0.554498,0.943377,10948.9,176.1,405.6,437.3,100.0,1.0
677709,4241,168,8.049958,0.2,0.116114,0.019913,0.00843,0.00210952,0.181737,0.794017,0.205525,0.457172,0.880755,10645.2,182.6,301.3,674.2,100.0,1.0
677869,4242,160,10.628716,0.433182,0.185978,0.0,5.2e-05,0.00228512,0.342242,1.0,0.462063,0.678707,0.901787,11599.6,172.7,336.3,551.8,100.0,1.0
678030,4243,161,10.700466,0.2,0.128805,0.0,0.034803,0.00286404,0.251564,0.896996,0.339857,0.553197,0.911798,11037.6,177.7,353.0,565.1,100.0,1.0
678189,4244,159,8.364654,0.2,0.114198,0.000115,0.015329,0.00184816,0.263277,0.816956,0.398149,0.604201,0.889831,10732.6,167.3,316.4,787.6,100.0,1.0
678349,4245,160,6.965065,0.495316,0.130232,0.0,4.3e-05,0.00210181,0.127607,0.610403,0.202755,0.438468,0.882627,9945.6,172.9,304.4,785.6,100.0,1.0
678510,4246,161,7.785586,0.54578,0.033636,0.0,1.1e-05,0.00286602,0.057114,0.594248,0.013334,0.360079,0.947253,9884.1,181.7,412.1,488.5,100.0,1.0
678664,4247,154,8.212237,0.2,0.10631,0.0,0.036879,0.00187358,0.25846,0.768533,0.335217,0.636837,0.887721,10548.1,161.1,312.9,633.0,100.0,1.0
678822,4248,158,10.098728,0.306264,0.13307,0.034248,1.4e-05,0.00222494,0.321078,0.984271,0.37811,0.655254,0.89961,11370.1,171.7,332.7,438.5,100.0,1.0
678975,4249,153,10.469876,1.0,0.133239,0.0,0.0,0.0027211,0.281007,0.969032,0.475108,0.559201,0.92977,11312.0,181.4,382.9,314.7,100.0,1.0
679135,4250,160,7.831025,0.2,0.097302,0.006788,4e-06,0.00228714,0.155634,0.673672,0.137074,0.48329,0.879228,10186.7,171.7,298.7,516.0,100.0,1.0
679295,4251,160,9.031841,0.171342,0.096106,0.01006,0.0,0.00257803,0.189063,0.846687,0.180869,0.4785,0.928383,10845.9,183.4,380.6,352.9,100.0,1.0
679450,4252,155,9.860003,0.2,0.109881,0.0,0.244011,0.00229129,0.301559,0.941543,0.308939,0.656846,0.909836,11207.3,169.1,349.7,464.7,100.0,1.0
679612,4253,162,9.457353,1.0,0.127492,0.019932,0.0,0.00217543,0.277456,0.932893,0.345509,0.587669,0.901544,11174.3,176.0,335.9,577.1,100.0,1.0
679767,4254,155,10.084766,0.111069,0.113628,0.026402,0.0,0.00269641,0.253716,0.811162,0.373024,0.612776,0.925948,10710.5,166.0,376.6,329.5,100.0,1.0
679924,4255,157,9.47145,0.412766,0.095808,0.0,5.6e-05,0.00201954,0.313739,0.979988,0.43095,0.608526,0.871054,11353.8,176.5,285.1,719.2,100.0,1.0
680084,4256,160,4.222053,0.443076,-0.036063,0.003138,2.3e-05,0.00239232,-0.101585,0.207861,-0.234892,0.23543,0.896934,8412.0,170.2,328.2,489.8,100.0,1.0
680242,4257,158,5.599624,0.548701,-0.026007,0.0,6.6e-05,0.00246865,-0.017119,0.468224,-0.138243,0.272207,0.916936,9403.9,184.8,361.6,594.7,100.0,1.0
680398,4258,156,9.4212,0.2,0.132963,0.001063,0.012652,0.00200382,0.314837,0.953227,0.405737,0.649819,0.895883,11251.8,170.5,326.5,729.5,100.0,1.0
680553,4259,155,9.807157,1.0,0.141007,0.004752,0.0,0.00202458,0.339304,1.0,0.451421,0.67127,0.897386,11454.0,171.3,329.0,606.4,100.0,1.0
680709,4260,156,10.200037,0.2,0.120724,0.0,0.038206,0.00225156,0.328028,0.91242,0.38489,0.71822,0.903419,11096.3,161.5,339.0,472.4,100.0,1.0
680870,4261,161,10.305041,1.0,0.159101,0.0,0.0,0.00240547,0.298979,0.957891,0.408015,0.615414,0.909844,11269.6,174.4,349.7,431.0,100.0,1.0
681032,4262,162,7.3754,0.637894,0.077629,0.00937,2.2e-05,0.00221135,0.132923,0.728107,0.219419,0.365341,0.868728,10394.1,190.3,281.2,766.4,100.0,1.0
681192,4263,160,5.930769,1.0,-0.027068,0.002571,4e-06,0.00249614,-0.004427,0.392893,-0.096882,0.321028,0.885494,9116.9,172.5,309.2,533.3,100.0,1.0
681348,4264,156,9.834496,0.2,0.044087,0.0,0.157206,0.00221074,0.310037,0.882383,0.368015,0.696983,0.904615,10981.9,161.8,341.0,533.6,100.0,1.0
681508,4265,160,8.588964,0.351994,0.064189,0.0,0.0,0.00172107,0.296573,0.915096,0.367803,0.615377,0.860526,11106.5,171.9,267.5,715.8,100.0,1.0
681663,4266,155,10.799563,0.594653,0.144272,0.0,8e-05,0.00217073,0.382668,0.935065,0.416935,0.80869,0.86507,11182.6,154.6,275.1,685.1,100.0,1.0
681826,4267,163,5.309695,0.2,-0.067042,0.0,0.138022,0.00211687,0.008516,0.511361,-0.079191,0.281755,0.896429,9568.3,186.6,327.4,675.4,100.0,1.0
681982,4268,156,6.972004,1.0,0.089081,0.023663,0.0,0.00230626,0.104462,0.617724,-0.020534,0.455423,0.920337,9973.5,171.3,367.2,523.6,100.0,1.0
682139,4269,157,10.120251,1.0,0.127879,0.007136,0.0,0.00214624,0.336887,1.0,0.37329,0.699682,0.921258,11581.5,170.3,368.8,499.4,100.0,1.0
682301,4270,162,10.400869,0.2,0.126086,0.0,0.069523,0.00211424,0.350003,1.0,0.493787,0.68471,0.89304,11834.4,175.6,321.7,682.7,100.0,1.0
682465,4271,164,7.917464,0.47509,0.095283,0.004956,0.015438,0.00231115,0.148119,0.846759,0.125486,0.385859,0.921851,10846.2,195.7,369.8,443.9,100.0,1.0
682629,4272,164,6.817302,0.547982,0.092476,0.0,0.000141,0.00210695,0.108346,0.568884,0.051749,0.440741,0.861385,9787.4,169.8,269.0,687.6,100.0,1.0
682790,4273,161,7.947762,0.2,0.020603,0.00574,0.075649,0.00246949,0.13155,0.808384,0.128545,0.34731,0.889296,10699.9,198.5,315.5,619.7,100.0,1.0
682948,4274,158,9.926869,0.436452,0.118618,0.0,3.1e-05,0.00224805,0.305723,0.880102,0.456525,0.643454,0.869344,10973.2,166.9,282.2,521.6,100.0,1.0
683108,4275,160,8.970565,0.658199,0.124369,0.013134,0.0,0.00208215,0.264093,0.817716,0.213826,0.670576,0.919797,10735.5,160.7,366.3,462.4,100.0,1.0
683267,4276,159,12.517874,1.0,0.149258,0.042185,0.0,0.00292861,0.367786,1.0,0.449858,0.7833,0.962078,11450.7,160.5,436.8,287.9,100.0,1.0
683429,4277,162,9.163653,0.2,0.088653,0.0,0.0,0.00270058,0.172653,0.824724,0.221416,0.444821,0.934392,10762.2,186.2,390.7,481.6,100.0,1.0
683589,4278,160,10.898092,0.213407,0.141086,0.0,2e-06,0.00263603,0.303915,0.999103,0.337908,0.620958,0.912141,11426.6,176.2,353.6,472.8,100.0,1.0
683748,4279,159,7.692102,0.884769,0.035795,0.04962,7.4e-05,0.00259167,0.100145,0.663617,0.021045,0.39974,0.911039,10148.4,181.3,351.7,501.1,100.0,1.0
683908,4280,160,9.772818,0.268998,0.143501,0.016109,1.5e-05,0.00213818,0.308671,0.912932,0.342378,0.674814,0.8949,11098.3,165.7,324.8,490.4,100.0,1.0
684065,4281,157,7.586927,0.2,0.052773,0.005939,0.027517,0.00215366,0.167083,0.838359,0.178677,0.4003,0.881977,10814.1,193.1,303.3,603.7,100.0,1.0
684225,4282,160,9.58199,0.607929,0.146446,0.0,0.0,0.00232495,0.266045,0.949758,0.350025,0.547908,0.902242,11238.6,181.5,337.1,504.5,100.0,1.0
684382,4283,157,7.519911,1.0,-0.027388,0.009674,1.5e-05,0.00293412,0.040078,0.55463,-0.073175,0.342849,0.913606,9733.1,181.2,356.0,423.4,100.0,1.0
684545,4284,163,5.756641,0.618155,0.098303,0.017146,9.3e-05,0.00190618,0.072641,0.539083,-0.014774,0.419515,0.913832,9673.9,170.4,356.4,488.9,100.0,1.0
684707,4285,162,6.82767,0.753537,0.024059,0.015252,0.000143,0.00211825,0.111493,0.727084,-0.032649,0.395697,0.901167,10390.2,186.1,335.3,536.6,100.0,1.0
684865,4286,158,11.481277,1.0,0.139821,0.023108,0.0,0.00274624,0.330634,1.0,0.451506,0.67594,0.939573,12011.2,179.2,399.3,347.3,100.0,1.0
685029,4287,164,7.176776,0.2,-0.050376,0.0,0.039306,0.00268883,0.036948,0.520128,-0.083442,0.371392,0.933185,9601.7,175.0,388.6,397.3,100.0,1.0
685184,4288,155,8.826699,0.2,0.060312,0.0,0.058401,0.00193326,0.288136,0.759879,0.399953,0.701857,0.890287,10515.1,154.5,317.1,684.8,100.0,1.0
685338,4289,154,10.241784,0.205216,0.170948,0.0,0.0,0.00271049,0.264609,0.843851,0.354256,0.62389,0.925341,10835.1,166.8,375.6,387.0,100.0,1.0
685499,4290,161,9.137819,0.834311,0.128471,0.009561,4e-06,0.00177805,0.322242,0.933193,0.403184,0.644643,0.836925,11175.5,169.9,228.2,910.7,100.0,1.0
685654,4291,155,7.96997,0.531709,0.125702,0.020098,0.050652,0.00218162,0.192575,0.754798,0.207661,0.538279,0.928809,10495.8,170.6,381.3,449.0,100.0,1.0
685815,4292,161,8.273835,0.832865,0.11544,0.009709,0.0,0.00255644,0.139364,0.72041,0.08008,0.462162,0.934446,10364.8,177.2,390.7,598.3,100.0,1.0
685976,4293,161,11.082092,0.26178,0.1704,0.0,0.0,0.00253162,0.330371,0.93927,0.430682,0.71412,0.93265,11198.6,163.3,387.7,418.3,100.0,1.0
686133,4294,157,9.233727,0.397609,0.181848,0.0,2.1e-05,0.0019608,0.307031,0.910668,0.465597,0.624986,0.86876,11089.6,170.6,281.3,750.0,100.0,1.0
686298,4295,165,4.084645,0.019468,-0.032455,0.036416,3.7e-05,0.00170202,-0.00884,0.461422,-0.126004,0.267652,0.874624,9378.0,184.9,291.0,799.0,100.0,1.0
686456,4296,158,9.617408,0.080844,0.130404,0.040881,0.0,0.00238118,0.264147,0.912577,0.218897,0.605375,0.91215,11096.9,172.8,353.6,635.0,100.0,1.0
686623,4297,167,7.849062,0.772276,0.120835,0.02265,0.0,0.00186488,0.21118,0.851495,0.358517,0.4558,0.879463,10864.2,186.6,299.1,800.7,100.0,1.0
686782,4298,159,10.150892,0.2,0.146228,0.014369,0.010388,0.00234505,0.303001,0.793858,0.378419,0.725714,0.894367,10644.6,154.2,323.9,618.9,100.0,1.0
686949,4299,167,10.762186,0.993606,0.049029,0.009619,1.8e-05,0.0030145,0.21318,0.879987,0.151122,0.537919,0.948385,10972.7,178.4,414.0,462.4,100.0,1.0
687105,4300,156,9.343227,0.2,0.046665,0.0,0.085175,0.00288562,0.172044,0.87455,0.131408,0.446738,0.953719,10952.0,189.3,422.9,565.5,100.0,1.0
687269,4301,164,8.958143,0.2,0.117885,0.006962,0.047826,0.00217289,0.240246,0.773451,0.285775,0.59159,0.873323,10566.8,166.0,288.9,781.2,100.0,1.0
687431,4302,162,7.253325,1.0,0.110374,0.01246,0.0,0.00258258,0.064674,0.623381,0.126269,0.341844,0.962145,9995.1,186.2,436.9,439.5,100.0,1.0
687595,4303,164,7.715687,0.2,0.113296,0.0,5.8e-05,0.00220561,0.152109,0.7188,0.209846,0.428231,0.87947,10358.6,181.3,299.1,579.8,100.0,1.0
687755,4304,160,12.508736,1.0,0.102962,0.044826,0.0,0.00380298,0.224646,1.0,0.183081,0.515845,1.0,11623.2,191.7,508.7,144.6,100.0,1.0
687917,4305,162,11.529245,1.0,0.139304,0.043497,9e-06,0.00271806,0.327727,0.973651,0.227681,0.733422,0.92729,11329.6,163.4,378.8,403.6,100.0,1.0
688075,4306,158,7.808897,0.54517,0.10093,0.0,0.0,0.00198621,0.20639,0.849693,0.157346,0.506534,0.897526,10857.3,180.2,329.2,514.9,100.0,1.0
688240,4307,165,12.993525,0.402203,0.105284,0.031634,1.6e-05,0.00326427,0.327082,1.0,0.526727,0.644925,0.934243,12094.9,183.8,390.4,334.9,100.0,1.0
688401,4308,161,8.146742,0.358184,0.019783,0.04442,0.0,0.00262332,0.120502,0.753892,-0.014803,0.418526,0.935607,10492.3,184.9,392.7,421.2,100.0,1.0
688567,4309,166,8.054367,1.0,0.088642,0.024076,0.0,0.0022686,0.160122,0.692962,0.025438,0.517173,0.890124,10260.2,169.1,316.9,528.2,100.0,1.0
688727,4310,160,8.73972,1.0,0.14539,0.052641,0.0,0.00229602,0.215005,0.737148,0.191604,0.60052,0.914602,10428.5,162.9,357.7,393.0,99.921,1.0
688886,4311,159,7.1402,0.281457,0.0986,0.001587,0.0,0.00219523,0.126728,0.631867,0.06322,0.465321,0.894756,10027.4,171.1,324.6,488.9,100.0,1.0
689052,4312,166,9.163655,1.0,0.154453,0.01519,9e-06,0.0021369,0.255855,0.83783,0.414351,0.57197,0.895301,10812.1,172.0,325.5,661.8,100.0,1.0
689212,4313,160,7.911823,0.867041,0.097985,0.028042,7.5e-05,0.00203316,0.201857,0.724762,0.339004,0.501862,0.855915,10381.3,172.8,259.9,714.1,100.0,1.0
689376,4314,164,9.568898,0.2,0.114614,0.0,0.082046,0.00256752,0.216505,0.743326,0.191908,0.590642,0.899097,10452.1,164.3,331.8,477.6,100.0,1.0
689538,4315,162,5.967838,0.2,0.076355,0.0175,0.0,0.0018288,0.101377,0.588827,0.082228,0.40291,0.860865,9863.4,175.8,268.1,624.1,100.0,1.0
689698,4316,160,11.802484,0.318059,0.106675,0.0,0.023353,0.00260938,0.3689,0.991899,0.342685,0.792062,0.920672,11399.1,159.0,367.8,371.4,100.0,1.0
689864,4317,166,7.598636,0.355982,0.045742,0.0,0.0,0.00215666,0.148299,0.720121,0.06714,0.458674,0.887658,10363.7,177.6,312.8,637.5,100.0,1.0
690019,4318,155,3.559985,1.0,-0.070909,0.031676,0.0,0.00186802,-0.052342,0.221036,-0.143665,0.308619,0.866726,8462.1,161.7,277.9,441.2,100.0,1.0
690182,4319,163,7.32911,0.877121,0.010698,0.0,3.7e-05,0.00229302,0.114548,0.764489,-0.022718,0.364803,0.880894,10532.7,192.9,301.5,1073.1,100.0,1.0
690339,4320,157,9.156495,0.2,0.159417,0.017127,0.023719,0.00197521,0.299951,0.844645,0.523255,0.627392,0.857968,10838.1,166.5,263.3,744.9,100.0,1.0
690495,4321,156,5.886571,0.2,0.056518,0.0,0.07516,0.00185898,0.102186,0.475096,-0.0489,0.50857,0.860504,9430.1,156.3,267.5,635.0,100.0,1.0
690655,4322,160,8.112109,0.525265,0.075667,0.003657,0.000148,0.00242256,0.152834,0.696914,0.097679,0.49032,0.90916,10275.2,172.4,348.6,497.4,100.0,1.0
690810,4323,155,12.469307,0.873136,0.127757,0.0,0.0,0.00309196,0.35152,1.0,0.400053,0.749673,0.953419,12072.6,172.5,422.4,221.2,100.0,1.0
690965,4324,155,10.658077,0.456909,0.172373,0.0,8e-06,0.0023964,0.338688,0.912932,0.452294,0.721744,0.89389,11098.3,161.1,323.2,682.4,100.0,1.0
691126,4325,161,4.321767,0.353744,-0.093541,0.007368,4e-05,0.00214503,-0.057398,0.312009,-0.206732,0.274485,0.898085,8808.8,172.8,330.1,542.7,100.0,1.0
691293,4326,167,5.807582,0.2,0.094678,0.0,0.119786,0.00211142,0.034322,0.482543,0.069472,0.311133,0.870859,9458.5,180.3,284.8,949.4,100.0,1.0
691449,4327,156,13.23577,1.0,0.081104,0.009682,1e-06,0.00375236,0.296559,0.902391,0.319933,0.700153,0.964372,11058.1,162.6,440.6,187.6,100.0,1.0
691606,4328,157,7.50102,0.2,0.110572,0.004883,0.037172,0.00182714,0.213024,0.683399,0.304138,0.566574,0.859475,10223.8,163.2,265.8,794.8,100.0,1.0
691766,4329,160,5.850116,0.913895,0.035528,0.030743,3e-06,0.00200672,0.068774,0.570285,0.022856,0.362856,0.884903,9792.8,179.6,308.2,779.5,100.0,1.0
691927,4330,161,11.634635,1.0,0.129032,0.011948,0.0,0.00244895,0.381019,0.94843,0.461107,0.795855,0.882166,11233.5,156.4,303.6,402.1,100.0,1.0
692090,4331,163,11.023448,0.954756,0.141484,0.0,3.7e-05,0.00301718,0.242819,0.94889,0.306192,0.52892,0.946363,11235.3,183.7,410.6,446.7,100.0,1.0
692255,4332,165,8.628723,0.2,-0.016483,0.00464,0.06292,0.00295229,0.087967,0.693664,0.022738,0.37384,0.949037,10262.9,186.8,415.1,534.2,100.0,1.0
692417,4333,162,8.799986,1.0,0.09729,0.03809,0.0,0.00248468,0.18405,0.860598,0.217672,0.45412,0.938061,10898.9,187.4,396.8,515.7,100.0,1.0
692580,4334,163,12.612141,-0.19101,0.179527,0.028028,0.0,0.00285972,0.374579,1.0,0.50018,0.763976,0.92412,11457.2,162.4,373.5,502.5,100.0,1.0
692739,4335,159,9.111545,0.2,0.035651,0.0,0.146467,0.00195357,0.296767,0.835286,0.419492,0.659328,0.870939,10802.4,162.8,284.9,846.5,100.0,1.0
692896,4336,157,7.757869,0.952498,0.108533,0.021821,4e-06,0.00189912,0.218962,0.718456,0.258174,0.589288,0.888737,10357.3,162.9,314.6,808.0,100.0,1.0
693063,4337,167,9.072793,0.2,0.096768,0.016387,0.007819,0.00198632,0.273026,0.966239,0.298438,0.55023,0.87388,11301.4,182.3,289.8,747.8,100.0,1.0
693218,4338,155,9.823832,0.699464,0.172103,0.021638,3.7e-05,0.0020577,0.335832,0.883162,0.411719,0.752578,0.908646,10984.8,156.7,347.7,426.8,100.0,1.0
693374,4339,156,7.719064,0.2,0.091395,0.0,0.138839,0.00203985,0.196259,0.667312,0.201284,0.576905,0.885838,10162.5,161.1,309.7,632.0,100.0,1.0
693535,4340,161,11.411453,0.686186,0.137659,0.0,8.1e-05,0.00258817,0.343877,1.0,0.36748,0.729193,0.938194,11562.2,167.2,397.0,395.9,100.0,1.0
693696,4341,161,7.987265,0.230407,0.152905,0.0,2.5e-05,0.00240564,0.145051,0.665006,0.290755,0.431759,0.891919,10153.7,177.3,319.9,741.1,100.0,1.0
693861,4342,165,8.249453,0.681555,0.06295,0.0,0.0,0.00232406,0.166366,0.733113,0.051853,0.50144,0.890694,10413.2,173.4,317.8,488.5,100.0,1.0
694022,4343,161,9.672585,0.827723,0.128674,0.010001,2.4e-05,0.00259058,0.227604,0.784218,0.250119,0.568866,0.884035,10607.9,169.0,306.7,398.1,100.0,1.0
694184,4344,162,9.363438,0.777542,0.17498,0.021595,0.0,0.00211118,0.28207,0.813256,0.305603,0.653978,0.853581,10718.5,162.0,256.0,675.4,100.0,1.0
694348,4345,164,11.662019,0.862553,0.084147,0.016533,1.2e-05,0.00290936,0.300175,1.0,0.410323,0.609332,0.938361,11818.1,183.6,397.3,422.6,100.0,1.0
694506,4346,158,10.4143,0.2,0.143212,0.0,0.032587,0.00261385,0.281217,0.900619,0.292025,0.641257,0.918574,11051.4,168.3,364.3,410.5,100.0,1.0
694669,4347,163,7.673436,0.2,0.16363,0.0,0.081731,0.00193028,0.196872,0.735948,0.292462,0.491385,0.851659,10424.0,174.7,252.8,957.0,100.0,1.0
694824,4348,155,11.486942,-0.218243,0.091038,0.0,0.000107,0.00288729,0.318205,1.0,0.478673,0.620909,0.912105,11719.0,180.7,353.5,408.6,100.0,1.0
694980,4349,156,8.241097,0.711295,0.109772,0.0,1.9e-05,0.0021846,0.20859,0.875715,0.284255,0.465465,0.899799,10956.5,186.9,333.0,732.3,100.0,1.0
695139,4350,159,11.523347,0.261357,0.162317,0.006255,4e-06,0.00260808,0.35354,1.0,0.489417,0.702477,0.905567,11557.0,169.7,342.6,412.7,100.0,1.0
695294,4351,155,5.315881,0.835473,0.028551,0.002171,0.0,0.00210313,0.028418,0.458255,-0.081204,0.372631,0.90831,9366.0,170.6,347.2,490.0,100.0,1.0
695451,4352,157,5.94913,0.2,0.06293,0.0,0.017887,0.00197733,0.086161,0.485449,0.025293,0.459392,0.88595,9469.6,162.2,309.9,613.8,100.0,1.0
695614,4353,163,7.153959,1.0,-0.016707,0.008744,0.0,0.00270692,0.035686,0.600961,-0.066208,0.322626,0.947935,9909.7,187.3,413.2,708.0,100.0,1.0
695775,4354,161,10.904859,0.798624,0.132481,0.0,0.000105,0.00242291,0.336925,1.0,0.431817,0.672607,0.901198,11750.8,175.6,335.3,605.0,100.0,1.0
695932,4355,157,10.640264,0.489287,0.177625,0.0,0.00013,0.00233802,0.342315,1.0,0.339219,0.725262,0.926847,11676.1,169.2,378.1,462.0,100.0,1.0
696089,4356,157,6.451951,0.2,0.07965,0.0,0.131531,0.00244941,0.045587,0.428216,-0.01581,0.418449,0.909062,9251.5,163.1,348.4,399.6,100.0,1.0
696246,4357,157,8.297222,0.815574,0.071611,0.016338,0.000111,0.00292691,0.093646,0.473024,0.057434,0.509033,0.935864,9422.2,156.1,393.1,329.0,100.0,1.0
696406,4358,160,9.146951,0.270451,0.07514,0.0,0.007022,0.00184935,0.313967,0.864561,0.402948,0.693706,0.879804,10914.0,161.1,299.7,942.7,100.0,1.0
696564,4359,158,6.669448,0.2,0.043717,0.01869,0.000132,0.0024484,0.057818,0.434621,0.026248,0.442908,0.922502,9275.9,160.7,370.8,465.5,100.0,1.0
696729,4360,165,13.084758,1.0,0.14067,0.032702,0.0,0.00292586,0.389671,1.0,0.494148,0.803417,0.92444,11753.9,162.9,374.1,338.7,100.0,1.0
696884,4361,155,11.047183,0.252489,0.093904,0.0,0.0,0.00233727,0.374347,0.975327,0.405685,0.802453,0.924137,11336.0,157.2,373.6,396.6,100.0,1.0
697039,4362,155,9.132969,1.0,0.108755,0.024321,0.0,0.00255573,0.21284,0.703641,0.202098,0.616806,0.92001,10300.9,159.3,366.7,297.7,100.0,1.0
697200,4363,161,10.293127,0.2,0.102632,0.0,0.067216,0.00207821,0.351736,0.989931,0.4224,0.724627,0.911351,11391.6,165.1,352.3,592.3,100.0,1.0
697360,4364,160,9.919025,0.350772,0.139075,0.001604,0.0,0.00235702,0.284255,0.815246,0.248416,0.688423,0.879068,10726.1,158.8,298.4,582.5,100.0,1.0
697518,4365,158,6.696328,0.886386,0.124647,0.033671,0.0,0.00183534,0.1565,0.529167,0.238979,0.534894,0.85459,9636.1,157.0,257.7,756.8,100.0,1.0
697681,4366,163,3.680324,0.2,0.014646,0.0,0.024955,0.00166093,-0.025349,0.29951,-0.176123,0.322603,0.846622,8761.1,165.6,244.4,1110.4,100.0,1.0
697834,4367,153,8.396719,0.872362,0.100394,0.047129,2.2e-05,0.00177525,0.288185,0.897906,0.308028,0.636166,0.886241,11041.0,168.7,310.4,778.1,100.0,1.0
697999,4368,165,10.11276,0.806825,0.114351,0.005757,9.6e-05,0.00244535,0.270722,0.897511,0.276991,0.600976,0.886982,11039.5,172.4,311.6,511.2,100.0,1.0
698157,4369,158,7.713125,0.551611,0.108471,0.017763,7.9e-05,0.0022353,0.161054,0.728992,0.076159,0.496242,0.909228,10397.5,173.7,348.7,491.5,100.0,1.0
698315,4370,158,8.259834,-0.014585,0.080818,0.026381,0.000222,0.00240128,0.171276,0.721955,0.118075,0.517882,0.912692,10370.6,170.8,354.5,552.1,100.0,1.0
698476,4371,161,9.408166,0.475662,0.13876,0.0,0.000247,0.00207986,0.292378,0.819342,0.489866,0.658748,0.899772,10741.7,161.9,333.0,742.5,100.0,1.0
698637,4372,161,11.845161,0.537819,0.103622,0.01211,0.0,0.00299387,0.307744,0.907658,0.411684,0.678321,0.926671,11078.2,165.0,377.8,559.2,100.0,1.0
698794,4373,157,9.971885,0.888143,0.111232,0.0,7e-06,0.00212535,0.331228,0.970769,0.384689,0.695669,0.912805,11318.6,166.9,354.7,622.5,100.0,1.0
698960,4374,166,11.197666,1.0,0.105557,0.025482,0.0,0.00269573,0.299168,1.0,0.383673,0.609747,0.932391,11796.5,183.2,387.3,385.0,100.0,1.0
699124,4375,164,8.60987,1.0,0.124756,0.039084,0.0,0.00258032,0.150954,0.819725,0.093606,0.431445,0.943664,10743.2,187.6,406.1,458.0,100.0,1.0
699283,4376,159,5.621809,0.702536,0.034899,0.013404,5.4e-05,0.00234234,0.002444,0.434159,-0.153032,0.348263,0.92039,9274.1,172.0,367.3,746.9,100.0,1.0
699443,4377,160,10.179152,1.0,0.142637,0.026623,0.0,0.0024241,0.2909,0.877205,0.360105,0.675904,0.939095,10962.2,163.5,398.5,360.8,100.0,1.0
699599,4378,156,9.597955,0.234853,0.106287,0.0,0.015886,0.00269544,0.219524,0.842212,0.125176,0.582508,0.9462,10828.8,171.1,410.3,786.6,100.0,1.0
699760,4379,161,9.324823,0.2,0.101218,0.005774,0.023676,0.00280638,0.170024,0.705858,0.121609,0.53259,0.926549,10309.3,168.2,377.6,538.5,100.0,1.0
699922,4380,162,9.53982,0.2,0.124583,0.0,0.035826,0.00227556,0.267589,0.917509,0.365523,0.558921,0.887634,11115.7,178.3,312.7,537.2,100.0,1.0
700080,4381,158,9.371193,0.834656,0.145226,0.013692,0.0,0.00266921,0.203262,0.574426,0.124561,0.700581,0.932133,9808.6,144.2,386.9,368.5,100.0,1.0
700244,4382,164,7.836673,0.204174,0.058724,0.0,7.1e-05,0.00264298,0.089225,0.58118,0.003274,0.429775,0.913232,9834.3,172.0,355.4,558.3,100.0,1.0
700402,4383,158,10.962664,0.545422,0.122421,0.003725,0.0,0.00265872,0.311134,0.970097,0.352751,0.6686,0.936423,11316.1,169.5,394.0,444.9,100.0,1.0
700559,4384,157,9.393321,0.885707,0.043368,0.012299,0.0,0.00281421,0.184738,0.69884,0.109623,0.575721,0.924888,10282.6,163.1,374.8,361.1,100.0,1.0
700721,4385,162,8.371088,0.2,-0.002437,0.0,0.069791,0.00362431,-0.028714,0.517144,-0.051412,0.222798,0.967912,9590.3,196.1,446.5,562.4,100.0,1.0
700880,4386,159,7.925549,0.927496,0.105172,0.052122,0.0,0.00198132,0.213804,0.758209,0.222724,0.566234,0.898057,10508.8,167.7,330.1,444.4,99.936,1.0
701043,4387,163,6.599357,0.242754,0.03621,0.0,0.000284,0.00264924,0.008513,0.447644,-0.091689,0.350751,0.938116,9325.5,172.6,396.9,589.3,100.0,1.0
701204,4388,161,3.372797,0.2,-0.093449,0.001745,0.083148,0.00209548,-0.112312,0.285315,-0.213721,0.141788,0.875935,8707.0,190.6,293.2,778.6,100.0,1.0
701364,4389,160,10.324663,0.771128,0.128548,0.022001,1.4e-05,0.00239627,0.305519,1.0,0.399684,0.601647,0.900433,11691.9,182.5,334.1,659.5,100.0,1.0
701525,4390,161,10.352769,0.720992,0.140742,0.015157,0.0,0.00233511,0.314856,0.882362,0.366924,0.714937,0.913608,10981.8,160.1,356.0,452.9,100.0,1.0
701684,4391,159,11.217579,1.0,0.114752,0.049929,0.0,0.0026654,0.324738,1.0,0.433748,0.662107,0.93392,11587.2,174.3,389.9,434.9,100.0,1.0
701842,4392,158,7.718478,0.995677,0.089627,0.011081,0.0,0.00182748,0.226305,0.69761,0.188749,0.633159,0.880945,10277.9,157.3,301.6,842.4,100.0,1.0
701996,4393,154,8.17851,0.426467,0.103431,0.0,0.026973,0.00229929,0.191633,0.714669,0.308878,0.540027,0.935733,10342.9,167.9,392.9,628.2,100.0,1.0
702154,4394,158,5.094591,0.950147,0.036747,0.044655,1.1e-05,0.00184799,0.047952,0.446389,-0.169486,0.437388,0.886606,9320.7,162.1,311.0,853.8,100.0,1.0
702307,4395,153,9.459439,1.0,0.122005,0.037595,0.0,0.00258717,0.235311,0.786877,0.213143,0.630098,0.939048,10618.0,162.8,398.4,338.9,100.0,1.0
702467,4396,160,10.045066,0.2,0.113048,0.0,4.2e-05,0.00225619,0.309237,1.0,0.407347,0.602911,0.890649,11440.6,178.4,317.7,462.8,100.0,1.0
702624,4397,157,7.415275,0.363801,0.132236,0.0,0.0,0.002433,0.112785,0.64618,0.137307,0.424978,0.929926,10081.9,176.9,383.2,703.0,100.0,1.0
702783,4398,159,10.570944,0.203421,0.124273,0.0,3.6e-05,0.0026497,0.284033,1.0,0.33736,0.576993,0.922002,11819.8,187.4,370.0,362.4,100.0,1.0
702950,4399,167,9.647509,0.510769,0.101006,0.0,0.000189,0.00215033,0.284626,0.948218,0.315339,0.591291,0.881914,11232.7,176.5,303.2,508.7,100.0,1.0
703108,4400,158,11.81349,0.601156,0.150111,0.0,7.2e-05,0.00256814,0.3825,1.0,0.451979,0.790323,0.915309,12088.1,168.8,358.8,510.1,100.0,1.0
703269,4401,161,9.803976,0.763435,0.109953,0.013424,0.0,0.00214452,0.308923,1.0,0.386732,0.619221,0.909754,11675.6,180.3,349.6,601.3,100.0,1.0
703430,4402,161,9.357946,0.20468,0.075694,0.0,0.042315,0.00277587,0.177533,0.744254,0.25437,0.490518,0.920701,10455.6,175.4,367.8,499.7,100.0,1.0
703587,4403,157,11.269201,0.805914,0.100241,0.018254,0.0,0.00315537,0.25669,1.0,0.323491,0.520533,0.935487,11525.2,189.5,392.5,351.4,100.0,1.0
703748,4404,161,12.318523,0.872036,0.121309,0.0,0.0,0.00299013,0.340843,0.962339,0.401429,0.722062,0.914837,11286.5,163.9,358.1,403.0,100.0,1.0
703915,4405,167,10.082659,0.3891,0.13766,0.0,7e-06,0.00219882,0.30585,1.0,0.439811,0.594296,0.903397,11551.4,181.1,339.0,708.2,100.0,1.0
704073,4406,158,9.513745,0.277595,0.123125,0.0,1e-05,0.00227609,0.275461,0.882392,0.276379,0.631414,0.901362,10981.9,168.3,335.6,589.8,100.0,1.0
704231,4407,158,9.079024,0.313984,0.151504,0.0,0.000203,0.00221708,0.255755,0.880653,0.394585,0.527963,0.860209,10975.3,179.6,267.0,827.1,100.0,1.0
704390,4408,159,11.021356,0.833741,0.088996,0.016208,0.0,0.00230168,0.369727,0.965255,0.500591,0.771446,0.920899,11297.6,159.4,368.2,629.8,100.0,1.0
704556,4409,166,6.175464,-0.937442,0.1322,0.003704,2.1e-05,0.001852,0.104783,0.664249,0.063132,0.381509,0.880785,10150.8,183.7,301.3,995.8,100.0,1.0
704714,4410,158,12.727525,0.84063,0.143316,0.041097,3.3e-05,0.00270676,0.421915,1.0,0.463643,0.88506,0.913891,11918.9,158.1,356.5,426.4,100.0,1.0
704870,4411,156,7.068414,1.0,0.10433,0.014639,4e-06,0.0020819,0.147064,0.644901,0.093302,0.503033,0.898821,10077.1,167.6,331.4,582.6,100.0,1.0
705032,4412,162,6.718291,0.2,0.03805,0.017978,0.011058,0.00192608,0.136423,0.644958,0.027884,0.479417,0.877485,10077.3,170.3,295.8,901.7,100.0,1.0
705198,4413,166,8.084617,0.400838,0.125135,0.002131,0.02272,0.00250581,0.12367,0.689689,0.15783,0.392414,0.886001,10247.7,184.0,310.0,822.5,100.0,1.0
705359,4414,161,12.332335,1.0,0.102616,0.018334,0.0,0.00293177,0.351218,1.0,0.444051,0.706188,0.902648,11764.8,172.4,337.7,355.7,100.0,1.0
705513,4415,154,9.153537,0.530144,0.140833,0.001021,0.0,0.00200625,0.302096,0.776834,0.420917,0.709417,0.871885,10579.7,154.7,286.5,946.6,100.0,1.0
705670,4416,157,11.333077,0.2,0.111718,0.007231,0.15134,0.00336107,0.228914,0.879329,0.172732,0.592491,0.980753,10970.2,172.2,467.9,493.9,100.0,1.0
705828,4417,158,7.107486,0.988101,0.07777,0.021098,0.0,0.00238925,0.097049,0.565272,0.065466,0.434275,0.898101,9773.7,170.4,330.2,528.1,100.0,1.0
705987,4418,159,8.079239,0.511989,0.140231,0.0,2e-06,0.00185214,0.244927,0.747447,0.373123,0.582067,0.848296,10467.8,165.4,247.2,893.3,100.0,1.0
706146,4419,159,9.688386,0.4245,0.142544,0.0,9e-06,0.00216939,0.301902,0.955594,0.492018,0.58219,0.876299,11260.8,177.9,293.8,842.3,100.0,1.0
706304,4420,158,7.356218,1.0,0.130318,0.029808,1e-05,0.00203438,0.169689,0.624863,0.086437,0.572077,0.896005,10000.7,159.0,326.7,732.9,100.0,1.0
706454,4421,150,10.353357,0.294514,0.040127,0.0,0.067517,0.00211655,0.373711,0.984552,0.442748,0.763792,0.888874,11371.1,161.2,314.8,456.7,100.0,1.0
706615,4422,161,6.945641,0.067721,0.064669,0.005024,2e-06,0.00176101,0.180153,0.742818,0.140902,0.494757,0.87018,10450.1,174.8,283.6,733.7,100.0,1.0
706777,4423,162,8.290148,0.617152,0.073154,0.019005,3e-06,0.00240537,0.163746,0.788474,0.108582,0.460492,0.913709,10624.1,181.9,356.2,459.7,100.0,1.0
706932,4424,155,5.525635,0.866225,0.052094,0.015009,0.0,0.00188292,0.077011,0.522446,0.001725,0.424822,0.894805,9610.5,168.6,324.7,483.0,100.0,1.0
707093,4425,161,9.896831,0.903893,0.125181,0.035288,1.2e-05,0.00232488,0.28633,0.882643,0.311119,0.641448,0.888089,10982.9,167.3,313.5,609.9,100.0,1.0
707258,4426,165,9.635779,0.513292,0.156888,0.006647,1e-05,0.00202648,0.308832,1.0,0.42669,0.610351,0.91191,11614.5,180.3,353.2,756.0,100.0,1.0
707417,4427,159,9.690092,0.2,0.177757,0.0,5.7e-05,0.00192027,0.341482,1.0,0.473343,0.669541,0.894677,11618.4,174.0,324.5,568.1,100.0,1.0
707577,4428,160,11.618455,0.2,0.12205,0.0,0.056244,0.00274374,0.336555,1.0,0.498311,0.659099,0.907663,11736.6,176.9,346.1,599.2,100.0,1.0
707739,4429,162,9.853366,1.0,0.052747,0.022351,0.0,0.00265832,0.227118,0.901941,0.195241,0.531928,0.922652,11056.4,180.4,371.1,287.3,100.0,1.0
707899,4430,160,9.876153,1.0,0.141615,0.047113,0.0,0.00272577,0.223182,0.833483,0.291229,0.568897,0.967484,10795.6,172.0,445.8,307.8,100.0,1.0
708061,4431,162,11.064827,0.825577,0.133481,0.040236,7e-05,0.00239174,0.351207,1.0,0.481993,0.710076,0.924089,12197.8,178.3,373.5,600.8,100.0,1.0
708222,4432,161,10.18001,0.622841,0.105371,0.0,0.0,0.0023521,0.300917,0.905447,0.402834,0.64026,0.887329,11069.8,168.7,312.2,495.6,100.0,1.0
708379,4433,157,7.371858,0.930369,0.069013,0.022346,1.3e-05,0.00256938,0.088746,0.617916,0.144636,0.358106,0.893754,9974.3,183.6,322.9,717.4,100.0,1.0
708537,4434,158,9.880667,0.931725,0.101008,0.012508,0.0,0.00312098,0.16655,0.774104,0.21133,0.485685,0.96953,10569.3,177.9,449.2,292.5,100.0,1.0
708697,4435,160,8.998603,0.820413,0.123859,0.020723,6.8e-05,0.0026716,0.173379,0.762121,0.287744,0.467431,0.931592,10523.7,179.3,386.0,391.4,100.0,1.0
708857,4436,160,11.098927,0.2,0.080944,0.0,0.051598,0.00256988,0.329943,0.846352,0.42989,0.732032,0.869787,10844.6,156.5,283.0,512.3,100.0,1.0
709014,4437,157,11.705974,0.638501,0.120847,0.0,1.8e-05,0.00280184,0.341823,1.0,0.411495,0.717349,0.945063,11669.7,169.9,408.4,413.1,100.0,1.0
709179,4438,165,9.289729,0.423226,0.172149,0.0,0.006539,0.00237117,0.229137,0.774276,0.28516,0.564967,0.875739,10570.0,168.9,292.9,650.5,100.0,1.0
709340,4439,161,12.507066,1.0,0.139136,0.025563,6e-06,0.00337416,0.29209,1.0,0.377425,0.615022,0.966647,11721.9,181.5,444.4,390.9,100.0,1.0
709501,4440,161,9.760819,0.852079,0.177606,0.012707,0.0,0.00219669,0.29833,1.0,0.403728,0.578918,0.894439,11446.9,181.2,324.1,775.9,100.0,1.0
709667,4441,166,11.211799,0.599773,0.125714,0.010726,2e-05,0.00260117,0.317149,1.0,0.354679,0.650978,0.91484,11814.8,178.9,358.1,550.2,100.0,1.0
709825,4442,158,7.193958,0.2,0.072072,0.014102,7.7e-05,0.00206336,0.154555,0.835149,0.21316,0.391425,0.928472,10801.9,194.1,380.8,676.1,100.0,1.0
709984,4443,159,8.757463,0.2,0.105412,0.0,0.012454,0.00239559,0.204099,0.805705,0.286609,0.5029,0.908593,10689.7,177.8,347.7,555.1,100.0,1.0
710148,4444,164,12.356201,0.2,0.071444,0.0,0.101613,0.00318512,0.303099,1.0,0.490297,0.587039,0.922984,12131.8,191.1,371.6,490.9,100.0,1.0
710304,4445,156,10.569298,0.618066,0.166429,0.0,1.1e-05,0.00256936,0.305348,1.0,0.437349,0.595107,0.905716,11526.8,180.7,342.9,672.3,100.0,1.0
710463,4446,159,10.605338,0.2,0.163032,0.003987,0.007644,0.00243962,0.320695,1.0,0.519522,0.605754,0.894233,11685.6,181.9,323.7,482.2,100.0,1.0
710629,4447,166,9.484724,1.0,0.026949,0.033925,0.0,0.00320766,0.101287,0.71896,0.073441,0.379496,0.950381,10359.2,187.7,417.3,298.6,100.0,1.0
710779,4448,150,10.269027,0.2,0.114003,0.0,0.010769,0.00197268,0.390331,0.922618,0.428547,0.833941,0.86702,11135.2,151.8,278.4,558.2,100.0,1.0
710937,4449,158,9.882347,0.766755,0.149018,0.0,0.0,0.00236107,0.287323,0.884299,0.36475,0.619343,0.871858,10989.2,169.7,286.4,476.3,100.0,1.0
711096,4450,159,9.51633,0.652763,0.081559,0.0,0.0,0.00295203,0.166561,0.772744,0.0761,0.495238,0.929319,10564.2,176.6,382.2,386.4,100.0,1.0
711251,4451,155,7.816407,0.793722,0.106019,0.019536,0.000318,0.00247913,0.138107,0.660247,0.155557,0.467706,0.91837,10135.5,172.6,363.9,467.9,100.0,1.0
711411,4452,160,10.240524,0.412254,0.13921,0.0,4.3e-05,0.00204717,0.356815,1.0,0.474974,0.710217,0.899077,12152.5,177.6,331.8,554.6,100.0,1.0
711573,4453,162,9.6086,0.775473,0.12489,0.0,0.0,0.00211326,0.299767,1.0,0.408207,0.589407,0.907268,11592.8,182.3,345.4,721.0,100.0,1.0
711731,4454,158,10.070909,0.2,0.095124,0.0,0.014707,0.00225012,0.317488,0.977482,0.471276,0.597713,0.852379,11344.2,177.5,254.0,983.5,100.0,1.0
711894,4455,163,5.193949,0.600322,0.086005,0.0,0.0,0.00187186,0.041977,0.412919,-0.010699,0.391307,0.86682,9193.2,165.2,278.0,603.0,100.0,1.0
712056,4456,162,9.195566,-0.131015,0.157845,0.017937,3e-06,0.00197673,0.294231,1.0,0.429677,0.566134,0.90076,11453.9,182.8,334.6,720.7,100.0,1.0
712214,4457,158,10.707187,0.4816,0.136333,0.000111,6.8e-05,0.00303633,0.235763,0.875027,0.226604,0.574372,0.941613,10953.9,173.9,402.7,465.1,100.0,1.0
712378,4458,164,6.743368,0.2,0.011106,0.000576,0.02179,0.00226475,0.079249,0.593052,-0.015915,0.39395,0.900011,9879.5,177.2,333.4,624.9,100.0,1.0
712543,4459,165,10.065198,1.0,0.129602,0.020986,0.0,0.00229242,0.294421,1.0,0.4217,0.570951,0.904517,11688.2,186.0,340.9,522.4,100.0,1.0
712697,4460,154,8.944081,0.577186,0.080795,0.0,7.4e-05,0.00331932,0.08659,0.62132,0.154805,0.388309,0.958178,9987.2,179.8,430.3,432.3,100.0,1.0
712853,4461,156,5.733245,0.2,0.049488,0.0,0.01038,0.00210925,0.054176,0.430993,-0.074357,0.432077,0.87587,9262.1,161.7,293.1,616.8,100.0,1.0
713014,4462,161,13.224796,1.0,0.111287,0.040252,0.0,0.00367482,0.292413,1.0,0.255351,0.653079,0.977415,11520.0,174.2,462.4,191.5,100.0,1.0
713177,4463,163,9.825478,0.306226,0.104912,0.0,0.046464,0.00205788,0.321478,1.0,0.452469,0.626613,0.897657,11823.8,181.7,329.4,569.1,100.0,1.0
713339,4464,162,9.165593,0.741797,0.140994,0.0,0.0,0.0028461,0.151739,0.838938,0.156762,0.393573,0.924406,10816.4,194.0,374.0,546.0,100.0,1.0
713490,4465,151,10.115622,0.637985,0.129975,0.014591,0.0,0.00221892,0.341306,1.0,0.421802,0.692075,0.910817,11438.5,169.0,351.4,817.8,100.0,1.0
713653,4466,163,9.252085,0.000278,0.095338,0.007448,0.000128,0.00241332,0.225258,0.891723,0.269107,0.50946,0.91347,11017.5,182.5,355.8,635.8,100.0,1.0
713814,4467,161,8.886597,0.2,0.09556,0.0,2e-06,0.00222085,0.23664,0.952448,0.370159,0.458644,0.887782,11248.8,192.8,313.0,855.5,100.0,1.0
713975,4468,161,5.20638,0.210057,-0.083096,0.0,0.091527,0.00230506,-0.022997,0.403672,-0.119857,0.301791,0.930582,9158.0,175.9,384.3,502.9,100.0,1.0
714136,4469,161,11.656171,0.403473,0.129098,0.0,5e-05,0.00282632,0.324374,1.0,0.45284,0.640555,0.908527,11988.3,182.7,347.5,467.5,100.0,1.0
714295,4470,159,5.815843,0.779041,-0.003053,0.0,3.5e-05,0.00234403,0.016208,0.436761,-0.112531,0.373799,0.924996,9284.1,168.9,375.0,566.2,100.0,1.0
714455,4471,160,7.783033,0.357719,0.074645,0.004524,0.0,0.00240192,0.136135,0.747831,0.172761,0.409294,0.927265,10469.2,185.7,378.8,427.6,100.0,1.0
714615,4472,160,9.877077,0.2,0.096834,0.029289,0.0,0.00247252,0.264861,0.889524,0.217598,0.611752,0.895921,11009.1,170.8,326.5,400.1,100.0,1.0
714770,4473,155,8.985428,0.2,0.099279,0.000936,4e-06,0.00241013,0.22727,0.862915,0.303068,0.521652,0.909705,10907.7,179.2,349.5,572.8,100.0,1.0
714927,4474,157,10.457688,0.223855,0.163107,0.027732,1e-06,0.00248197,0.309624,0.983701,0.40429,0.631625,0.917519,11367.9,174.2,362.5,542.5,100.0,1.0
715084,4475,157,10.035185,-0.296969,0.14843,0.0,1.8e-05,0.00214325,0.334543,1.0,0.491408,0.641068,0.884101,11778.8,179.4,306.8,674.0,100.0,1.0
715248,4476,164,11.443729,0.221729,0.127016,0.0,0.009907,0.00249133,0.356656,1.0,0.417005,0.718045,0.88905,12062.3,175.5,315.1,499.7,100.0,1.0
715403,4477,155,10.992714,0.969497,0.095231,0.020606,0.0,0.00318709,0.241136,0.859756,0.203409,0.604523,0.943811,10895.7,169.8,406.4,266.2,99.386,1.0
715568,4478,165,6.603656,1.0,0.069918,0.013079,2.6e-05,0.00232723,0.057657,0.61598,0.026942,0.324962,0.916067,9966.9,188.1,360.1,556.3,100.0,1.0
715735,4479,167,9.372582,0.74786,0.144791,0.020671,2e-06,0.00210142,0.275879,0.97201,0.26955,0.569305,0.887201,11323.4,180.4,312.0,708.3,100.0,1.0
715887,4480,152,11.788922,0.468406,0.172013,0.0,4.3e-05,0.00269374,0.378986,1.0,0.493904,0.772511,0.917636,12381.4,174.6,362.7,607.4,100.0,1.0
716052,4481,165,10.539735,1.0,0.110219,0.011838,0.0,0.00290242,0.22603,0.888953,0.30636,0.513499,0.928976,11006.9,181.8,381.6,338.7,100.0,1.0
716212,4482,160,7.735308,0.2,0.06758,0.0,0.061202,0.0026611,0.09161,0.648484,-0.007667,0.389938,0.902877,10090.7,181.5,338.1,582.9,100.0,1.0
716370,4483,158,7.354798,0.2,0.144894,0.0,0.023569,0.00183167,0.20254,0.834401,0.27721,0.455893,0.864552,10799.1,185.4,274.3,913.4,100.0,1.0
716525,4484,155,9.574685,0.600374,0.087435,0.0,0.0,0.00211103,0.313192,1.0,0.509862,0.603151,0.916218,11464.1,178.8,360.4,483.2,100.0,1.0
716682,4485,157,8.300637,0.548906,0.089545,0.009287,4.6e-05,0.00270107,0.131118,0.71288,0.059514,0.456329,0.942339,10336.1,177.4,403.9,437.9,100.0,1.0
716841,4486,159,10.301393,0.2,0.070333,0.011389,0.083673,0.00278093,0.246867,0.903028,0.356207,0.539939,0.921944,11060.5,179.6,369.9,519.6,100.0,1.0
716996,4487,155,7.429959,0.792103,0.107167,0.0,8.4e-05,0.00197181,0.19135,0.710641,0.209813,0.511839,0.848108,10327.5,170.8,246.8,662.3,100.0,1.0
717159,4488,163,10.521417,0.398341,0.152667,0.0,0.0,0.00229497,0.329662,1.0,0.354686,0.674647,0.902661,11623.8,173.5,337.8,421.1,100.0,1.0
717324,4489,165,11.371852,0.2,0.104722,0.0,0.024417,0.00256025,0.338206,1.0,0.410855,0.674824,0.891237,11957.3,178.5,318.7,547.9,100.0,1.0
717488,4490,164,7.872856,0.174544,-0.008662,0.007494,0.0,0.00274412,0.076593,0.657086,0.094243,0.325459,0.909144,10123.5,190.9,348.6,440.5,100.0,1.0
717648,4491,160,9.061019,0.2,0.074157,0.0,0.036594,0.00226953,0.243006,0.982741,0.353953,0.473502,0.909902,11364.2,192.8,349.8,754.1,100.0,1.0
717813,4492,165,5.77794,0.2,-0.146605,0.0,0.312411,0.00254243,-0.032988,0.436525,-0.145434,0.244457,0.901435,9283.2,186.5,335.7,511.4,100.0,1.0
717975,4493,162,12.586673,0.850079,0.112492,0.007801,0.0,0.00335006,0.299375,1.0,0.36028,0.645786,0.979868,12126.3,184.2,466.4,233.8,100.0,1.0
718141,4494,166,3.811568,0.218393,-0.058633,0.002834,0.0,0.00205854,-0.086684,0.333267,-0.231151,0.190923,0.89302,8889.7,186.6,321.7,607.0,100.0,1.0
718301,4495,160,8.558731,1.0,0.132229,0.00879,0.0,0.00240388,0.188008,0.820048,0.21769,0.473044,0.911963,10744.4,182.3,353.3,481.5,100.0,1.0
718459,4496,158,10.127517,0.2,0.092744,0.0,0.288573,0.00267053,0.25565,1.0,0.340689,0.516508,0.940089,11612.3,191.4,400.1,488.2,100.0,1.0
718615,4497,156,11.098826,1.0,0.110962,0.036161,0.0,0.00274416,0.314524,1.0,0.445125,0.644405,0.951001,11632.2,176.8,418.3,635.7,100.0,1.0
718780,4498,165,8.932094,0.344605,0.149486,0.0,2.3e-05,0.00186243,0.290338,1.0,0.389512,0.555432,0.883142,11632.0,187.0,305.2,655.2,100.0,1.0
718943,4499,163,7.099652,0.420275,0.160311,0.0,0.0,0.00190285,0.164844,0.690079,0.183311,0.481241,0.874015,10249.2,173.0,290.0,842.0,100.0,1.0
719099,4500,156,13.029157,0.82723,0.148717,0.017972,0.000157,0.00307149,0.392613,1.0,0.549824,0.794597,0.920835,12593.4,175.4,368.1,375.4,100.0,1.0
719258,4501,159,9.926817,0.71186,0.138792,0.0,2.8e-05,0.00259713,0.251303,0.898004,0.387776,0.541231,0.913872,11041.4,179.1,356.5,592.4,100.0,1.0
719421,4502,163,8.251379,0.2,0.048297,0.0,8.2e-05,0.00285208,0.08727,0.669176,0.103727,0.358107,0.934558,10169.6,187.2,390.9,408.5,100.0,1.0
719575,4503,154,11.425089,0.2,0.112567,0.0,0.061427,0.0025871,0.366185,0.940954,0.527169,0.767824,0.915601,11205.0,158.5,359.3,370.4,100.0,1.0
719738,4504,163,8.318929,0.672539,0.147267,0.014421,9.2e-05,0.00198426,0.233285,0.89979,0.28422,0.497248,0.875934,11048.2,184.5,293.2,1007.0,100.0,1.0
719892,4505,154,11.181035,1.0,0.111098,0.018839,0.0,0.002686,0.334621,1.0,0.445853,0.685829,0.937182,12071.4,179.0,395.3,284.0,100.0,1.0
720054,4506,162,8.201238,0.541814,0.142156,0.0,1.2e-05,0.00209283,0.209821,0.850512,0.219682,0.478368,0.86449,10860.5,183.7,274.2,935.0,100.0,1.0
720214,4507,160,10.155871,0.214102,0.115309,0.0,0.000168,0.00244917,0.287804,1.0,0.335415,0.593746,0.932943,12087.9,189.6,388.2,561.7,100.0,1.0
720379,4508,165,9.503034,0.929459,0.118793,0.015947,0.0,0.00253107,0.21837,0.903925,0.208463,0.508348,0.927187,11064.0,183.4,378.6,442.8,100.0,1.0
720540,4509,161,7.66385,0.651302,0.087666,0.010026,0.0,0.00229348,0.14366,0.756141,0.104018,0.440874,0.928506,10500.9,182.2,380.8,462.6,100.0,1.0
720705,4510,165,6.520397,0.346719,0.068223,0.025244,0.0,0.00222383,0.069435,0.61485,0.028479,0.341834,0.895435,9962.6,185.6,325.7,478.6,100.0,1.0
720864,4511,159,8.331651,0.57438,0.116939,0.001902,0.000101,0.00203344,0.234237,0.744566,0.257451,0.604382,0.877609,10456.8,162.9,296.0,665.3,100.0,1.0
721023,4512,159,10.425587,0.2,0.114883,0.0,0.01878,0.00245042,0.308063,1.0,0.484029,0.587696,0.901673,11594.2,182.6,336.1,793.8,100.0,1.0
721186,4513,163,9.330508,0.64586,0.077181,0.00042,6e-06,0.00245717,0.223896,0.940455,0.265598,0.470222,0.903467,11203.1,190.5,339.1,512.2,100.0,1.0
721347,4514,161,9.280537,1.0,0.046851,0.030864,0.0,0.00284394,0.163218,0.834606,0.139134,0.4512,0.959308,10799.8,186.1,432.2,367.9,100.0,1.0
721513,4515,166,9.498037,0.350718,0.100611,0.0,1.3e-05,0.0025845,0.206671,0.867377,0.240093,0.464393,0.879759,10924.7,186.5,299.6,824.7,100.0,1.0
721673,4516,160,7.336261,0.831963,0.087676,0.008251,0.0,0.00198249,0.17383,0.771853,0.109552,0.465312,0.864854,10560.8,180.2,274.8,653.9,100.0,1.0
721832,4517,159,12.055866,1.0,0.09844,0.015219,0.0,0.00357717,0.238213,0.960774,0.34839,0.504253,0.954081,11280.5,187.5,423.5,260.8,100.0,1.0
721994,4518,162,10.409154,1.0,0.063914,0.031856,0.0,0.00256924,0.280645,1.0,0.392907,0.548643,0.91241,11819.3,190.8,354.0,413.7,100.0,1.0
722155,4519,161,7.760051,0.536978,0.029289,0.0,9.3e-05,0.00235598,0.140204,0.822071,0.231255,0.342751,0.902157,10752.1,200.2,336.9,532.1,100.0,1.0
722319,4520,164,8.593003,0.402704,0.01658,0.0,5.3e-05,0.00278663,0.118288,0.863715,0.021468,0.343457,0.948682,10910.8,203.0,414.5,500.3,100.0,1.0
722474,4521,155,11.492974,1.0,0.048997,0.0,0.0,0.00365009,0.203797,0.941881,0.30307,0.454562,0.975222,11208.6,192.6,458.7,182.3,100.0,1.0
722631,4522,157,11.20122,0.2,0.124658,0.0,0.000276,0.00297267,0.283462,1.0,0.326044,0.57034,0.909114,11439.0,182.1,348.5,446.0,100.0,1.0
722787,4523,156,12.238081,0.869823,0.093892,0.0,0.000126,0.00331764,0.302187,1.0,0.497936,0.58024,0.918809,11990.2,189.7,364.7,518.2,100.0,1.0
722954,4524,167,10.759161,0.2,0.097469,0.0,0.038157,0.00319692,0.186927,0.94129,0.212961,0.416695,0.945478,11206.3,197.8,409.1,462.7,100.0,1.0
723112,4525,158,8.676053,0.626218,0.082587,0.015736,1.4e-05,0.00259355,0.171571,0.857192,0.23468,0.390913,0.89024,10885.9,195.7,317.1,777.2,100.0,1.0
723276,4526,164,7.907721,0.2,0.026222,0.002093,0.110577,0.00255032,0.111636,0.797019,0.05008,0.346714,0.925248,10656.6,197.8,375.4,540.6,100.0,1.0
723426,4527,150,11.534593,1.0,0.174087,0.043,0.0,0.00287373,0.341916,1.0,0.363652,0.730376,0.946397,11505.5,166.2,410.7,391.3,100.0,1.0
723587,4528,161,8.837095,0.941877,0.064653,0.027559,0.0,0.0026401,0.167177,0.901078,0.188565,0.383605,0.921565,11053.1,199.7,369.3,735.8,100.0,1.0
723747,4529,160,11.532789,-0.571721,0.178366,0.0,5e-06,0.00283391,0.319525,1.0,0.376727,0.647271,0.908226,11467.2,174.0,347.0,688.4,100.0,1.0
723907,4530,160,10.977078,0.589026,0.141894,0.0,0.000101,0.00241934,0.348665,1.0,0.508052,0.674543,0.887828,11851.0,176.9,313.0,521.2,100.0,1.0
724059,4531,152,8.035451,1.0,0.065968,0.040607,0.000178,0.00227889,0.192203,0.913005,0.23994,0.417301,0.907851,11098.5,195.8,346.4,465.3,100.0,1.0
724216,4532,157,10.320111,0.383669,0.146752,0.002416,0.008218,0.00242883,0.310399,0.954634,0.354705,0.669161,0.925578,11257.2,168.6,376.0,476.3,100.0,1.0
724379,4533,163,8.936758,0.424811,0.150947,0.0,4.9e-05,0.0020617,0.262945,0.858683,0.343063,0.570032,0.856178,10891.6,173.4,260.3,831.3,100.0,1.0
724543,4534,164,8.596783,0.664043,0.079112,0.024961,7e-06,0.00203734,0.242072,0.943368,0.176295,0.531685,0.896295,11214.2,183.0,327.2,741.8,100.0,1.0
724703,4535,160,9.505096,0.845388,0.114877,0.008053,0.0,0.00277082,0.193756,0.748094,0.167552,0.542518,0.90812,10470.2,169.7,346.9,532.1,100.0,1.0
724861,4536,158,8.203701,0.2,-0.01076,0.0,0.164918,0.00251249,0.152919,0.781237,0.075981,0.433367,0.893341,10596.5,184.8,322.2,612.9,100.0,1.0
725025,4537,164,6.936731,0.582528,0.061848,0.0,1e-05,0.00193014,0.148425,0.74698,0.15393,0.398819,0.852963,10466.0,187.1,254.9,638.8,100.0,1.0
725181,4538,156,8.311638,0.540999,0.110966,0.010133,8.1e-05,0.00185145,0.268277,0.888883,0.197264,0.598794,0.85275,11006.6,172.1,254.6,813.2,100.0,1.0
725345,4539,164,10.424438,0.293242,0.117164,0.000405,0.0,0.00218267,0.340747,1.0,0.48369,0.654001,0.87689,11897.2,179.8,294.8,540.3,100.0,1.0
725503,4540,158,8.17132,0.896261,0.13004,0.0,0.0,0.00229722,0.184722,0.88839,0.160634,0.44457,0.925069,11004.8,190.5,375.1,568.6,100.0,1.0
725667,4541,164,8.645893,0.521551,0.048962,0.003934,0.000112,0.00247754,0.173164,0.872173,0.286371,0.363514,0.875685,10943.0,200.6,292.8,631.2,100.0,1.0
725831,4542,164,8.863048,0.464426,0.140285,0.007713,9.2e-05,0.00214556,0.242158,0.988073,0.443322,0.443589,0.906513,11384.6,197.2,344.2,739.4,100.0,1.0
725990,4543,159,7.587,0.2,0.06022,0.0,0.234846,0.00221571,0.156197,0.747306,0.224694,0.413639,0.874218,10467.2,185.1,290.4,576.8,100.0,1.0
726151,4544,161,10.892768,0.946599,0.131911,0.005746,6.1e-05,0.00290296,0.262702,0.946395,0.349823,0.553977,0.921878,11225.8,180.6,369.8,590.0,100.0,1.0
726307,4545,156,7.025733,1.0,-0.037464,0.027507,0.0,0.00263709,0.059528,0.560655,-0.078833,0.399895,0.930845,9756.1,174.2,384.7,409.0,100.0,1.0
726469,4546,162,10.30077,0.574991,0.130657,0.0,0.0,0.00278347,0.239528,1.0,0.365456,0.45096,0.909608,11703.0,201.6,349.3,615.1,100.0,1.0
726629,4547,160,10.101489,0.835942,0.02655,0.003611,0.0,0.00287531,0.217107,0.889769,0.171711,0.52659,0.932571,11010.0,180.3,387.6,456.3,100.0,1.0
726792,4548,163,8.729063,0.458646,0.001634,0.0,0.0,0.00293108,0.10744,0.769413,0.000714,0.371212,0.933876,10551.5,192.4,389.8,492.6,100.0,1.0
726955,4549,163,10.491166,0.939492,0.158008,0.037774,5.7e-05,0.00239983,0.312221,1.0,0.446257,0.608579,0.903346,11587.5,180.1,338.9,451.2,100.0,1.0
727116,4550,161,8.686135,0.2,0.122285,0.001968,0.005286,0.00229713,0.212533,0.773267,0.297068,0.506139,0.851786,10566.1,175.4,253.0,817.9,100.0,1.0
727276,4551,160,5.975617,0.966202,-0.147893,0.005396,2.7e-05,0.00250505,-0.000165,0.588178,-0.209987,0.24884,0.902987,9861.0,197.4,338.3,529.4,100.0,1.0
727435,4552,159,5.037727,0.855653,0.010836,0.0,0.0,0.0022784,-0.024499,0.508768,-0.208393,0.251283,0.925461,9558.4,191.0,375.8,425.9,100.0,1.0
727595,4553,160,9.142364,0.353933,0.126514,0.036371,1.4e-05,0.00212033,0.273697,0.852224,0.28412,0.631724,0.881841,10867.0,166.5,303.1,843.0,100.0,1.0
727746,4554,151,8.582079,0.2,0.121108,0.000116,0.0,0.00239762,0.213336,0.841085,0.257905,0.522312,0.926602,10824.5,177.8,377.7,474.1,100.0,1.0
727902,4555,156,10.01747,0.2,0.044824,0.019196,0.162093,0.00234252,0.306179,1.0,0.448195,0.588844,0.896715,11438.1,180.0,327.9,788.0,100.0,1.0
728057,4556,155,4.004811,0.239903,-0.234029,0.0,0.013346,0.00234629,-0.095175,0.337463,-0.137579,0.151292,0.905199,8905.7,193.4,342.0,633.1,100.0,1.0
728217,4557,160,7.274003,0.535083,-0.199994,0.001877,0.0,0.00302474,0.003724,0.573623,-0.116055,0.279108,0.958876,9805.5,191.6,431.5,427.8,100.0,1.0
728376,4558,159,11.340866,0.2,0.077991,0.0,0.035536,0.00286633,0.304686,1.0,0.549916,0.580633,0.930235,11961.2,189.2,383.7,525.6,100.0,1.0
728538,4559,162,9.945517,0.540428,0.149819,0.004413,1.9e-05,0.00238273,0.2809,0.912085,0.447949,0.586669,0.906333,11095.0,174.8,343.9,535.1,100.0,1.0
728697,4560,159,11.413578,0.858764,0.097054,0.008197,1.3e-05,0.00308683,0.274592,0.943603,0.303325,0.593696,0.91648,11215.1,175.9,360.8,422.3,100.0,1.0
728852,4561,155,8.619899,0.323969,-0.124504,0.0,2.1e-05,0.00364359,0.013377,0.605297,-0.114803,0.295114,0.97805,9926.2,191.6,463.4,368.8,100.0,1.0
729007,4562,155,9.756075,0.537022,0.143545,0.014772,0.0,0.00241042,0.280862,0.98713,0.329809,0.571423,0.909882,11381.0,181.1,349.8,440.6,100.0,1.0
729162,4563,155,6.194654,0.781678,-0.06619,0.0,0.0,0.00295866,-0.04303,0.425663,-0.087781,0.232667,0.934938,9241.8,187.4,391.6,335.5,100.0,1.0
729328,4564,166,5.961601,0.961638,-0.004732,0.050589,0.0,0.00263966,-0.038235,0.374479,-0.154659,0.277046,0.908829,9046.8,177.1,348.0,573.9,99.982,1.0
729484,4565,156,10.13829,0.2,0.035897,0.016631,0.085542,0.00297305,0.216417,0.929485,0.278451,0.469838,0.926939,11161.3,189.8,378.2,496.3,100.0,1.0
729642,4566,158,8.248833,0.2,0.030067,0.00315,0.123185,0.00242944,0.169631,0.803559,0.043022,0.488648,0.924082,10681.6,179.4,373.5,561.8,100.0,1.0
729797,4567,155,10.885482,0.604359,0.111882,0.000293,0.0,0.00247247,0.347171,1.0,0.452911,0.693208,0.901612,11789.3,174.1,336.0,454.1,100.0,1.0
729956,4568,159,8.300974,0.226345,0.128124,0.0,0.084743,0.00216134,0.21333,0.853593,0.312727,0.479246,0.892158,10872.2,183.7,320.3,556.1,100.0,1.0
730114,4569,158,10.19094,1.0,0.141452,0.063779,0.0,0.00227003,0.325115,1.0,0.444637,0.640654,0.902443,11896.8,181.3,337.4,500.7,99.587,1.0
730280,4570,166,10.153598,0.2,0.080375,0.0,0.098333,0.00258198,0.252685,1.0,0.376249,0.48431,0.914653,11746.2,197.8,357.8,693.4,100.0,1.0
730443,4571,163,10.256274,0.2,0.125435,0.0,0.0,0.00241394,0.294748,0.936299,0.485598,0.572228,0.867109,11187.3,177.9,278.5,746.7,100.0,1.0
730601,4572,158,8.75211,0.2,0.126098,0.0,0.092885,0.0020276,0.266925,0.9623,0.382305,0.530332,0.89605,11286.4,184.4,326.8,738.3,100.0,1.0
730764,4573,163,10.513881,0.2,-0.045106,0.0,0.219815,0.00342028,0.148029,0.915531,0.153636,0.371278,0.978915,11108.2,202.5,464.9,293.7,100.0,1.0
730930,4574,166,8.562295,0.2,-0.006035,0.014132,0.089365,0.0024591,0.166452,0.873214,0.09977,0.417224,0.914873,10946.9,193.1,358.1,570.8,100.0,1.0
731086,4575,156,10.698638,0.81046,0.103642,0.025993,2e-05,0.0027135,0.294769,1.0,0.309965,0.607791,0.917375,11793.2,183.4,362.3,514.9,100.0,1.0
731243,4576,157,8.025376,0.2,0.073374,0.0,0.007595,0.00227431,0.181593,0.818593,0.217254,0.444138,0.889742,10738.8,185.9,316.2,591.5,100.0,1.0
731397,4577,154,9.117339,0.351729,0.118285,0.0,0.009768,0.00215831,0.279566,0.974103,0.410088,0.536739,0.878656,11331.3,184.3,297.8,1012.6,100.0,1.0
731552,4578,155,10.10897,0.2,0.083655,0.002172,0.051712,0.0032134,0.180467,0.773327,0.273761,0.469801,0.912645,10566.4,179.7,354.4,481.6,100.0,1.0
731711,4579,159,11.287302,0.493616,0.103431,0.005422,3.5e-05,0.00303123,0.275807,0.87906,0.248432,0.663255,0.936413,10969.2,164.9,394.0,335.0,100.0,1.0
731866,4580,155,7.639227,1.0,0.120441,0.018103,0.0,0.00252706,0.1212,0.742182,0.100762,0.391287,0.923748,10447.7,187.7,372.9,498.9,100.0,1.0
732023,4581,157,7.291373,0.2,0.033286,0.0,0.03433,0.00231909,0.125437,0.757742,0.157156,0.363047,0.899729,10507.0,192.7,332.9,576.6,100.0,1.0
732185,4582,162,10.211055,0.480004,0.121605,0.002809,9e-05,0.00234163,0.306203,1.0,0.490359,0.563465,0.872874,11480.7,183.6,288.1,667.9,100.0,1.0
732344,4583,159,4.868613,1.0,-0.038026,0.018923,0.0,0.00263706,-0.092424,0.356685,-0.212536,0.17386,0.919542,8979.0,191.2,365.9,571.0,100.0,1.0
732499,4584,155,8.969248,0.290943,0.05514,0.0,1e-06,0.00283073,0.163439,0.825915,0.181137,0.41566,0.909668,10766.7,190.1,349.4,508.4,100.0,1.0
732656,4585,157,10.390846,0.580721,0.104602,0.0,0.0,0.00240328,0.320372,0.988288,0.434485,0.649692,0.920102,11385.4,172.5,366.8,344.2,100.0,1.0
732819,4586,163,11.966408,0.821427,0.117655,0.018229,4.1e-05,0.00324959,0.273866,1.0,0.297204,0.581284,0.95347,11658.8,184.3,422.5,378.1,100.0,1.0
732978,4587,159,10.473841,0.8834,0.107898,0.01775,0.0,0.00277995,0.261417,0.940738,0.247148,0.563359,0.895302,11204.2,179.2,325.5,530.8,100.0,1.0
733131,4588,153,11.942685,0.76884,0.102881,0.01445,2.1e-05,0.00316362,0.318134,1.0,0.518347,0.627636,0.93902,11915.1,183.0,398.4,304.6,100.0,1.0
733295,4589,164,9.962879,0.454984,0.083799,0.011847,2.7e-05,0.00242125,0.272164,1.0,0.414383,0.514818,0.900805,11835.4,195.3,334.7,624.6,100.0,1.0
733460,4590,165,8.391752,0.690247,0.096676,0.009982,3.7e-05,0.00248875,0.153076,0.835105,0.16066,0.382616,0.899253,10801.7,195.3,332.1,745.7,100.0,1.0
733620,4591,160,13.770284,0.315,0.141788,0.0,8e-05,0.00361055,0.347466,1.0,0.556787,0.716919,0.979923,12862.8,187.3,466.5,226.0,100.0,1.0
733780,4592,160,8.519208,0.912568,0.109392,0.035543,5.1e-05,0.00232463,0.200505,0.874535,0.34214,0.43251,0.901386,10952.0,191.1,335.6,768.7,100.0,1.0
733942,4593,162,11.362098,0.2,0.118001,0.00612,0.017421,0.00267471,0.330197,1.0,0.483104,0.65021,0.912787,12221.9,185.2,354.6,564.5,100.0,1.0
734107,4594,165,8.740028,0.573688,0.114652,0.000259,2.5e-05,0.00227562,0.21185,0.929797,0.265675,0.43225,0.880268,11162.5,194.8,300.4,657.9,100.0,1.0
734270,4595,163,8.897962,-0.129959,0.081829,0.01674,0.0,0.00253613,0.184556,0.948613,0.292457,0.356847,0.898326,11234.2,207.0,330.5,919.7,100.0,1.0
734432,4596,162,10.433476,0.379668,0.110022,0.0,0.031583,0.00234079,0.32194,1.0,0.454896,0.637352,0.91396,11654.9,178.0,356.6,648.2,100.0,1.0
734591,4597,159,10.081507,0.2,0.104606,0.0,0.0,0.00261712,0.261385,1.0,0.322161,0.522278,0.918972,11632.6,191.0,365.0,497.7,100.0,1.0
734753,4598,162,8.546768,1.0,0.001218,0.05339,0.0,0.00301757,0.085546,0.703538,0.108922,0.335475,0.941684,10300.5,192.8,402.8,476.5,99.898,1.0
734918,4599,165,4.456642,0.707172,-0.010905,0.006427,2.4e-05,0.00182491,-0.001576,0.452176,0.012848,0.245567,0.856528,9342.8,187.5,260.9,756.4,100.0,1.0
735074,4600,156,9.605156,1.0,0.078425,0.020631,0.0,0.00259354,0.240954,0.975204,0.170397,0.525363,0.920128,11335.5,185.8,366.9,495.6,100.0,1.0
735233,4601,159,10.862454,0.99375,0.109618,0.028071,0.0,0.00329956,0.205465,0.893765,0.300395,0.469365,0.943047,11025.2,187.6,405.1,346.4,100.0,1.0
735393,4602,160,10.584419,0.457239,0.04511,0.004648,2.6e-05,0.00336775,0.172677,0.82611,0.304055,0.426424,0.939303,10767.5,188.7,398.8,309.3,100.0,1.0
735553,4603,160,10.609686,0.2,0.125532,0.0,9.9e-05,0.00274426,0.274245,1.0,0.41806,0.531517,0.920669,11846.6,193.4,367.8,618.3,100.0,1.0
735714,4604,161,8.596731,0.950141,0.077028,0.01577,0.0,0.00251672,0.172822,0.911727,0.228376,0.374717,0.911337,11093.7,201.7,352.2,571.0,100.0,1.0
735877,4605,163,8.126329,0.235667,0.046213,0.0,0.022974,0.00226854,0.176616,0.87475,0.201761,0.391465,0.875334,10952.8,196.8,292.2,722.4,100.0,1.0
736042,4606,165,8.993791,0.2,0.01154,0.0,0.302681,0.00251356,0.189978,0.836982,0.238293,0.449472,0.891544,10808.9,186.4,319.2,455.0,100.0,1.0
736199,4607,157,12.196112,1.0,0.137368,0.016241,0.0,0.00296819,0.354069,1.0,0.550732,0.70007,0.924128,11639.2,171.2,373.5,381.8,100.0,1.0
736366,4608,167,8.278811,0.979305,0.094021,0.030191,1e-06,0.00240974,0.154272,0.791774,0.165545,0.422111,0.916282,10636.7,187.0,360.5,534.5,100.0,1.0
736525,4609,159,10.22736,0.422807,0.075323,0.0,0.0,0.00277007,0.247306,0.960133,0.297829,0.507424,0.901917,11278.1,187.0,336.5,584.2,100.0,1.0
736687,4610,162,10.018344,0.2,0.109154,0.0,0.052403,0.00229072,0.302627,1.0,0.430269,0.593335,0.910935,11727.1,184.0,351.6,770.0,100.0,1.0
736843,4611,156,11.7761,1.0,0.091805,0.040985,0.0,0.00324713,0.285437,0.988382,0.357553,0.606194,0.959568,11385.7,177.2,432.6,452.2,100.0,1.0
737000,4612,157,9.540904,1.0,-0.000401,0.025089,0.0,0.00296053,0.176935,0.88268,0.33308,0.382041,0.919437,10983.0,198.7,365.7,565.8,100.0,1.0
737151,4613,151,6.299536,1.0,0.129864,0.026805,0.0,0.00228107,0.079293,0.661823,0.092172,0.344139,0.932142,10141.5,188.6,386.9,511.4,99.763,1.0
737311,4614,160,9.686329,1.0,-0.06733,0.022446,0.0,0.003592,0.076853,0.651848,-0.010669,0.38842,0.961641,10103.5,181.9,436.1,292.7,100.0,1.0
737473,4615,162,9.161833,1.0,0.044643,0.047907,0.0,0.00271903,0.175923,0.90755,0.08278,0.428534,0.922624,11077.8,193.9,371.0,342.2,100.0,1.0
737634,4616,161,7.890134,0.175677,0.118262,0.034461,0.0,0.00227071,0.165268,0.721387,0.189687,0.463647,0.878026,10368.5,177.1,296.7,633.6,100.0,1.0
737800,4617,166,9.982494,0.222889,0.152319,0.003137,0.018564,0.00245992,0.263277,1.0,0.321473,0.531214,0.925423,11617.8,189.7,375.7,651.9,100.0,1.0
737958,4618,158,8.939021,0.2,0.00608,0.0,0.140768,0.00276689,0.164267,0.813223,0.23207,0.413304,0.910271,10718.4,189.6,350.5,497.4,100.0,1.0
738121,4619,163,11.453122,0.494786,0.153381,0.0,0.000111,0.00280404,0.313603,1.0,0.481257,0.629527,0.945334,11901.9,182.6,408.9,594.3,100.0,1.0
738279,4620,158,7.071565,0.422831,0.061614,0.0,2.1e-05,0.00258789,0.066967,0.659539,0.002101,0.354402,0.959554,10132.8,187.0,432.6,497.2,100.0,1.0
738437,4621,158,9.212623,0.2,0.088279,0.0,0.044044,0.00266947,0.198173,0.931839,0.283799,0.398787,0.890725,11170.3,199.6,317.9,722.7,100.0,1.0
738594,4622,157,8.579639,0.2,0.070811,0.037207,0.080655,0.00245289,0.192276,0.829606,0.245524,0.457305,0.890397,10780.8,184.9,317.3,464.9,100.0,1.0
738751,4623,157,9.366552,0.865489,0.055451,0.047987,0.0,0.00304693,0.151996,0.816143,0.165837,0.405343,0.923042,10729.5,190.9,371.7,370.8,100.0,1.0
738906,4624,155,8.067411,0.956331,0.060364,0.015256,0.0,0.0026661,0.12973,0.716532,0.111412,0.430067,0.930282,10350.0,180.9,383.8,362.2,100.0,1.0
739072,4625,166,7.804478,0.2,-0.09159,0.0,0.017114,0.00300311,0.026778,0.656211,-0.074319,0.240915,0.904836,10120.2,203.9,341.4,467.5,100.0,1.0
739238,4626,166,10.229216,0.424907,0.067381,0.0,7.8e-05,0.00298712,0.19273,0.871905,0.2827,0.457778,0.946511,10942.0,187.6,410.9,351.8,100.0,1.0
739401,4627,163,6.01782,1.0,-0.117735,0.035998,0.0,0.00281606,-0.053891,0.469326,-0.214998,0.212562,0.938991,9408.1,194.0,398.3,366.2,100.0,1.0
739556,4628,155,8.713145,0.980573,0.088804,0.007986,2e-06,0.00247434,0.203077,0.909771,0.23268,0.451042,0.912204,11086.2,191.0,353.7,616.3,100.0,1.0
739713,4629,157,7.375831,1.0,0.015321,0.005332,7e-06,0.00270872,0.071305,0.659516,-0.001496,0.330521,0.902531,10132.8,190.4,337.6,483.6,100.0,1.0
739871,4630,158,10.526848,0.216434,0.122186,0.0,4.3e-05,0.0025227,0.310148,1.0,0.557711,0.582915,0.915158,12013.3,189.7,358.6,512.7,100.0,1.0
740029,4631,158,8.218723,0.843393,0.104085,0.028408,2.5e-05,0.00237753,0.17769,0.875233,0.268718,0.400959,0.913493,10954.6,195.5,355.8,502.1,100.0,1.0
740187,4632,158,7.443262,0.2,0.056214,0.0,0.133156,0.00227118,0.14228,0.6842,0.250108,0.425434,0.895818,10226.8,179.4,326.4,697.5,100.0,1.0
740347,4633,160,5.531511,0.593602,0.017237,0.0,6.5e-05,0.00204159,0.045756,0.637803,0.005324,0.271411,0.891167,10050.0,197.6,318.6,637.1,100.0,1.0
740509,4634,162,9.767975,0.883312,0.05426,0.024868,1.3e-05,0.00251386,0.250365,1.0,0.343944,0.4908,0.921399,11727.5,196.7,369.0,460.1,100.0,1.0
740670,4635,161,10.294436,0.359537,0.130801,0.0,0.000248,0.00238702,0.308753,1.0,0.516732,0.576535,0.894136,11943.9,189.4,323.6,733.0,100.0,1.0
740834,4636,164,8.788694,0.376758,0.101106,0.0,0.0,0.00260193,0.164986,0.952819,0.201008,0.337901,0.913919,11250.2,210.2,356.5,691.7,100.0,1.0
740993,4637,159,10.346698,0.2,0.147441,0.0,0.013166,0.00254448,0.292049,1.0,0.442029,0.597067,0.963922,12048.6,188.6,439.9,487.5,100.0,1.0
741151,4638,158,9.159267,0.2,0.078165,0.0,0.037235,0.00222206,0.265588,1.0,0.392488,0.515215,0.918986,11455.1,189.0,365.0,594.7,100.0,1.0
741317,4639,166,6.635096,0.944896,0.033177,0.02189,5e-06,0.00229811,0.065232,0.590987,0.002051,0.349248,0.889674,9871.7,182.9,316.1,582.8,100.0,1.0
741475,4640,158,6.842066,0.379023,-0.012976,0.0,0.000347,0.00222569,0.108976,0.723524,0.011795,0.37537,0.892929,10376.6,188.6,321.5,512.3,100.0,1.0
741628,4641,153,8.519663,0.2,0.091702,0.0,0.050024,0.00260996,0.17425,0.836919,0.135203,0.446635,0.908614,10808.7,186.8,347.7,653.7,100.0,1.0
741790,4642,162,8.902626,0.2,0.111212,0.016847,0.019519,0.00248802,0.196321,1.0,0.482273,0.30788,0.900233,11557.0,220.9,333.7,890.7,100.0,1.0
741951,4643,161,7.301936,0.822303,0.014459,0.027283,0.0,0.00230227,0.120955,0.670279,0.076826,0.4091,0.871749,10173.8,180.5,286.2,483.6,100.0,1.0
742110,4644,159,10.171906,0.700657,0.102251,0.041644,6e-05,0.00267323,0.259809,1.0,0.371171,0.513068,0.930142,11567.1,191.1,383.6,556.3,100.0,1.0
742266,4645,156,9.165329,0.2,0.092065,0.0,0.0,0.0021058,0.288584,0.928499,0.461576,0.562518,0.858823,11157.6,178.5,264.7,738.6,100.0,1.0
742429,4646,163,9.496311,1.0,0.11638,0.042704,0.0,0.00230692,0.263333,1.0,0.462837,0.483589,0.905543,11699.8,197.2,342.6,628.8,100.0,1.0
742592,4647,163,7.445363,0.2,-0.038097,0.009633,0.0,0.00276322,0.05087,0.629474,-0.117782,0.344304,0.929767,10018.3,186.3,382.9,464.0,100.0,1.0
742749,4648,157,10.154599,0.2,0.141973,0.0,0.085908,0.00229522,0.323353,0.951468,0.441336,0.663958,0.896925,11245.1,169.0,328.2,774.4,100.0,1.0
742907,4649,158,10.00338,0.2,0.131874,0.0,1e-05,0.00253123,0.2736,1.0,0.504294,0.508135,0.920333,11820.5,195.9,367.2,785.8,100.0,1.0
743069,4650,162,9.244779,0.2,0.09056,0.0,0.161925,0.00237917,0.237035,0.938859,0.456462,0.442893,0.881935,11197.1,194.0,303.2,695.1,100.0,1.0
743235,4651,166,7.110152,0.704047,-0.068379,0.023889,0.0,0.00261424,0.044771,0.686614,-0.061996,0.272441,0.918639,10236.0,201.1,364.4,465.2,100.0,1.0
743390,4652,155,9.57909,0.2,0.06173,0.013211,0.228068,0.00257372,0.246066,0.963455,0.38733,0.47877,0.900153,11290.8,190.9,333.6,512.8,100.0,1.0
743547,4653,157,8.685135,0.214037,-0.035453,0.0,0.000175,0.00284087,0.138815,0.837446,0.076326,0.379871,0.920508,10810.7,195.9,367.5,537.1,100.0,1.0
743706,4654,159,6.94462,0.949644,-0.054382,0.043049,0.0,0.00273401,0.032957,0.61412,-0.051317,0.279852,0.909529,9959.8,194.5,349.2,353.5,100.0,1.0
743864,4655,158,7.233358,-0.21006,0.02463,0.021448,9.7e-05,0.0023448,0.116645,0.713882,0.2173,0.338594,0.87597,10339.9,193.1,293.3,558.3,100.0,1.0
744028,4656,164,9.19206,1.0,0.040078,0.039529,0.0,0.00334533,0.07043,0.761193,0.168005,0.259812,0.962374,10520.1,208.8,437.3,381.9,100.0,1.0
744189,4657,161,5.7511,0.641739,-0.043838,0.02396,4.7e-05,0.00231549,0.014581,0.586515,-0.064259,0.250988,0.90407,9854.6,196.9,340.1,595.6,100.0,1.0
744349,4658,160,7.666874,0.241293,0.053763,0.0,8.2e-05,0.00199912,0.196535,0.869044,0.20257,0.452478,0.887896,10931.1,188.1,313.2,654.6,100.0,1.0
744507,4659,158,9.520306,0.626353,-0.063848,0.0,5.6e-05,0.00322064,0.132384,0.9534,0.151384,0.305167,0.972685,11252.5,215.5,454.5,506.2,100.0,1.0
744666,4660,159,6.16386,0.244825,-0.05811,0.0,6.5e-05,0.00238226,0.036431,0.5894,-0.013498,0.294524,0.909515,9865.6,190.5,349.2,724.3,100.0,1.0
744827,4661,161,7.052108,0.556067,0.136063,0.000427,0.0,0.00211952,0.133789,0.752868,0.162687,0.375517,0.883614,10488.4,190.6,306.0,802.3,100.0,1.0
744989,4662,162,9.10654,0.929387,0.140242,0.0,0.0,0.00236334,0.230532,0.925202,0.300764,0.484629,0.898786,11145.0,187.7,331.3,504.9,100.0,1.0
745150,4663,161,9.680911,0.540105,0.08457,0.013599,0.0,0.00281279,0.199231,1.0,0.292266,0.376098,0.921741,11504.4,209.0,369.6,593.5,100.0,1.0
745314,4664,164,10.418225,0.2,-0.060082,0.0,0.121796,0.00328706,0.162743,0.994073,0.205693,0.343496,0.974972,11407.4,212.3,458.3,285.7,100.0,1.0
745471,4665,157,11.156952,0.490108,0.091652,0.0,0.0,0.00330398,0.233005,0.892156,0.338185,0.533104,0.948377,11019.1,179.7,414.0,312.0,100.0,1.0
745632,4666,161,10.427526,0.2,0.116698,0.0,6.6e-05,0.00269369,0.268974,1.0,0.443747,0.50864,0.915425,11539.2,191.2,359.0,611.5,100.0,1.0
745789,4667,157,8.011299,0.37032,0.113129,0.0,0.017562,0.00251103,0.145629,0.707513,0.312358,0.388895,0.872172,10315.6,185.7,287.0,730.0,100.0,1.0
745949,4668,160,8.737696,1.0,0.12784,0.026135,1.3e-05,0.00210459,0.252072,0.976124,0.462475,0.474725,0.912388,11339.0,192.2,354.0,567.7,100.0,1.0
746108,4669,159,10.560749,1.0,0.099115,0.030291,0.0,0.00303374,0.229311,0.890711,0.112235,0.589386,0.96138,11013.6,173.2,435.6,273.0,100.0,1.0
746267,4670,159,5.116363,1.0,-0.095804,0.023602,0.0,0.00196965,0.031628,0.594527,0.014131,0.230173,0.841946,9885.1,200.9,236.6,714.9,100.0,1.0
746426,4671,159,6.479465,0.687925,-0.1702,0.013124,3.4e-05,0.00300596,-0.041297,0.449464,-0.185848,0.219559,0.891608,9332.5,191.3,319.3,469.0,100.0,1.0
746581,4672,155,10.101951,0.623608,0.181699,0.028283,0.0,0.00245121,0.300894,1.0,0.535759,0.563271,0.911961,11788.0,188.5,353.3,570.6,100.0,1.0
746752,4673,171,5.17549,0.279518,-0.0648,0.007535,6.8e-05,0.00222327,-0.031375,0.505845,-0.12503,0.195798,0.894611,9547.3,199.6,324.4,554.7,100.0,1.0
746903,4674,151,8.534312,0.534448,0.121187,0.0,1.9e-05,0.00258513,0.184802,0.800859,0.16838,0.492913,0.917666,10671.3,178.7,362.8,496.6,100.0,1.0
747063,4675,160,9.057334,0.2,0.137767,0.0,0.237335,0.00214037,0.26794,1.0,0.493326,0.487861,0.906149,11997.1,201.6,343.6,732.9,100.0,1.0
747220,4676,157,8.618706,0.2,0.033921,0.0,0.12479,0.00281677,0.138606,0.831282,0.109986,0.389825,0.944574,10787.2,194.0,407.6,511.6,100.0,1.0
747376,4677,156,7.246432,0.799433,0.099925,0.012593,1.2e-05,0.00246799,0.103369,0.627784,0.126906,0.382175,0.876551,10011.9,181.1,294.3,775.7,100.0,1.0
747534,4678,158,7.476038,0.545254,0.122595,0.0,0.0,0.00195991,0.194175,0.858922,0.264182,0.426613,0.870474,10892.5,190.9,284.1,726.2,100.0,1.0
747691,4679,157,11.342928,0.681109,0.123455,0.008047,2.1e-05,0.00292573,0.305109,1.0,0.422733,0.621936,0.943757,12585.6,194.0,406.3,383.3,100.0,1.0
747852,4680,161,10.88995,0.735395,0.146395,0.0,1.4e-05,0.00247951,0.334756,1.0,0.424477,0.674037,0.909228,12162.7,181.6,348.7,489.9,100.0,1.0
748016,4681,164,10.034649,0.2,0.135433,0.0,0.052648,0.00254623,0.258755,0.993287,0.353299,0.499645,0.89902,11404.4,190.1,331.7,564.8,100.0,1.0
748171,4682,155,8.534209,0.595146,0.129288,0.0,0.0,0.00225527,0.225653,0.807216,0.339564,0.54121,0.906366,10695.5,173.5,343.9,591.0,100.0,1.0
748329,4683,158,9.704144,0.873641,0.105959,0.0,4e-06,0.00236453,0.280473,0.987587,0.443065,0.524986,0.8829,11382.7,186.6,304.8,840.1,100.0,1.0
748487,4684,158,6.94838,1.0,-0.209687,0.045412,0.0,0.00306893,-0.016561,0.526433,0.001027,0.216073,0.938804,9625.7,197.9,398.0,322.9,100.0,1.0
748651,4685,164,5.381054,0.507843,-0.006144,0.035168,1.3e-05,0.00210615,0.017314,0.565078,-0.134793,0.265956,0.867435,9772.9,193.0,279.1,659.5,100.0,1.0
748810,4686,159,9.636324,0.892715,0.119693,0.036736,1.4e-05,0.00266242,0.226227,1.0,0.268762,0.453343,0.927945,11430.9,196.6,379.9,564.1,100.0,1.0
748964,4687,154,10.173394,0.989519,0.054678,0.031088,1.9e-05,0.00303754,0.218019,1.0,0.299938,0.428112,0.93288,12021.7,210.4,388.1,390.4,100.0,1.0
749120,4688,156,9.76242,-0.133924,0.096384,0.025213,0.0,0.00275349,0.228607,0.970472,0.395252,0.463275,0.955385,11317.5,193.4,425.6,552.9,100.0,1.0
749279,4689,159,7.883937,0.692746,0.074989,0.01674,1.1e-05,0.00254463,0.126925,0.720647,0.175425,0.381138,0.892939,10365.7,187.6,321.6,504.6,100.0,1.0
749434,4690,155,8.833769,0.955095,0.095194,0.028942,1.7e-05,0.00271295,0.175064,0.785922,0.208898,0.480902,0.938668,10614.4,179.2,397.8,359.9,100.0,1.0
749595,4691,161,11.279528,0.948895,0.094371,0.031449,0.0,0.00303603,0.271726,1.0,0.383432,0.531263,0.916492,11855.9,193.6,360.8,466.4,100.0,1.0
749756,4692,161,10.225858,0.383511,0.068405,0.0,5.5e-05,0.00269846,0.255105,1.0,0.346604,0.496493,0.912611,11961.1,199.8,354.4,632.5,100.0,1.0
749917,4693,161,10.220906,0.800485,0.099202,0.025185,0.0,0.00257029,0.27544,0.992198,0.291872,0.57291,0.923843,11400.3,181.2,373.1,422.4,100.0,1.0
750080,4694,163,9.378617,0.2,0.121043,0.0,0.091688,0.00252371,0.221109,1.0,0.342961,0.401324,0.894868,11592.0,206.8,324.8,697.6,100.0,1.0
750235,4695,155,7.80019,0.430537,0.071163,0.018749,0.023376,0.00258802,0.124898,0.677527,0.159246,0.422042,0.916901,10201.4,179.3,361.5,571.6,100.0,1.0
750401,4696,166,11.009505,1.0,0.151245,0.041087,0.0,0.00248545,0.329908,1.0,0.57979,0.623486,0.909861,12060.6,185.7,349.8,581.7,99.934,1.0
750564,4697,163,10.268392,0.2,0.078657,0.000487,0.055211,0.00258824,0.270654,1.0,0.376383,0.516152,0.893782,12192.4,201.0,323.0,714.4,100.0,1.0
750723,4698,159,9.184933,0.798379,0.107287,0.027998,4e-06,0.00270341,0.189659,0.844457,0.222404,0.457791,0.90725,10837.4,185.9,345.4,596.3,100.0,1.0
750885,4699,162,7.993251,1.0,0.083907,0.05775,2.3e-05,0.00233609,0.160694,0.864188,0.224025,0.360756,0.888233,10912.6,200.5,313.7,538.6,99.767,1.0
751045,4700,160,10.509339,0.2,0.146467,0.0,0.041841,0.00231046,0.33917,1.0,0.468268,0.664007,0.893038,11731.4,176.3,321.7,802.1,100.0,1.0
751198,4701,153,6.079938,0.778181,-0.026602,0.0325,9.2e-05,0.00260409,0.011659,0.538652,-0.079375,0.284222,0.91502,9672.3,188.3,358.4,465.5,100.0,1.0
751363,4702,165,8.087497,0.610089,0.020112,0.00806,5.9e-05,0.00273843,0.093668,0.752639,-0.014617,0.359176,0.946801,10487.6,192.9,411.3,543.2,100.0,1.0
751521,4703,158,6.41898,0.805735,-0.002046,0.023378,0.0,0.00239244,0.05498,0.637114,0.040622,0.283884,0.887657,10047.4,195.6,312.8,583.3,100.0,1.0
751681,4704,160,5.605986,0.20571,3.7e-05,0.0,0.056409,0.00207431,0.046251,0.5646,-0.009326,0.296532,0.850316,9771.1,188.4,250.5,1141.1,100.0,1.0
751845,4705,164,8.292332,0.529888,0.048077,0.018451,0.000243,0.00241159,0.163829,0.902323,0.117631,0.382015,0.905281,11057.9,200.0,342.1,565.5,100.0,1.0
752007,4706,162,9.121206,0.2,0.094757,0.0,0.224173,0.00216151,0.265068,1.0,0.469361,0.461898,0.866509,11485.5,196.4,277.5,751.2,100.0,1.0
752168,4707,161,10.370849,0.711862,0.127362,0.015964,1.4e-05,0.00273705,0.258867,1.0,0.355066,0.507752,0.918963,11983.9,198.7,364.9,434.0,100.0,1.0
752327,4708,159,10.118965,0.2,0.101724,0.0,9e-06,0.0024269,0.296693,1.0,0.439696,0.557288,0.880769,11551.5,185.4,301.3,716.3,100.0,1.0
752490,4709,163,10.074053,1.0,0.100099,0.036869,0.0,0.00271421,0.237141,1.0,0.363401,0.458739,0.930778,11724.9,200.9,384.6,501.9,100.0,1.0
752652,4710,162,8.344315,0.955329,0.142141,0.053554,4.2e-05,0.00226235,0.196384,0.848972,0.313611,0.434396,0.883914,10854.6,189.2,306.5,748.9,99.893,1.0
752812,4711,160,10.112939,0.821594,0.141222,0.015501,1.2e-05,0.00208789,0.348108,0.989757,0.436053,0.668945,0.842058,11391.0,170.6,236.8,750.7,100.0,1.0
752970,4712,158,5.717315,0.498887,0.035199,0.0,0.000199,0.00237064,0.011096,0.580063,0.018443,0.233782,0.917107,9830.0,199.2,361.8,612.5,100.0,1.0
753132,4713,162,11.3142,1.0,0.15036,0.018379,0.0,0.00259894,0.342162,1.0,0.452007,0.669151,0.882794,11637.0,174.3,304.7,733.5,100.0,1.0
753291,4714,159,9.491463,0.855849,0.099956,0.009395,1.3e-05,0.00246572,0.248204,0.992509,0.260603,0.496152,0.897778,11401.5,190.5,329.6,631.4,100.0,1.0
753452,4715,161,8.041347,1.0,0.075337,0.035769,0.0,0.00231255,0.170109,0.920971,0.217751,0.367582,0.915765,11128.9,203.4,359.6,496.4,100.0,1.0
753618,4716,166,9.988738,0.911212,0.125608,0.03242,0.0,0.00219947,0.308665,1.0,0.429143,0.588638,0.878818,11770.9,185.2,298.0,720.1,100.0,1.0
753779,4717,161,8.030455,0.389468,0.108612,0.002135,0.005294,0.00167397,0.272159,0.95621,0.33858,0.53322,0.856159,11263.2,183.7,260.3,821.9,100.0,1.0
753936,4718,157,7.421656,0.964951,-0.004509,0.03779,0.0,0.00242388,0.12004,0.7726,0.001535,0.386037,0.910714,10563.6,190.5,351.2,462.0,99.944,1.0
754087,4719,151,10.270262,0.594111,0.166849,0.0,0.0,0.00227582,0.349063,1.0,0.517548,0.678165,0.89583,11649.5,173.5,326.4,632.7,100.0,1.0
754253,4720,166,9.244814,0.843785,0.129692,0.003595,0.0,0.00224979,0.250065,0.994251,0.320491,0.497342,0.917934,11408.1,190.5,363.2,810.8,100.0,1.0
754412,4721,159,8.025531,0.297607,0.084785,0.0,0.0,0.00232944,0.1709,0.739828,0.196225,0.47083,0.888047,10438.7,177.4,313.4,625.9,100.0,1.0
754570,4722,158,9.66348,0.532931,0.137676,0.011332,9.7e-05,0.00236951,0.277349,0.974562,0.430269,0.559,0.931673,11333.1,181.7,386.1,643.9,100.0,1.0
754730,4723,160,9.554548,0.432122,0.039255,0.022669,3.1e-05,0.00285853,0.187042,0.905155,0.149289,0.433411,0.910159,11068.6,193.0,350.3,600.6,100.0,1.0
754885,4724,155,7.96868,0.210135,0.08916,0.0,1.3e-05,0.00236344,0.171158,0.698687,0.177456,0.487536,0.865095,10282.0,172.8,275.2,639.6,100.0,1.0
755047,4725,162,9.866499,1.0,0.127707,0.039356,0.0,0.00242903,0.272,0.955637,0.479232,0.531689,0.910031,11261.0,183.8,350.1,652.7,99.958,1.0
755205,4726,158,12.188052,0.802638,0.144171,0.016221,1e-06,0.00298497,0.350507,1.0,0.516083,0.72322,0.961558,11914.1,172.8,435.9,315.1,100.0,1.0
755373,4727,168,9.50871,0.821273,0.050707,0.015859,0.0,0.00308367,0.123392,0.831724,0.146374,0.34729,0.952367,10788.9,200.2,420.6,386.6,100.0,1.0
755538,4728,165,9.384003,0.2,0.045089,0.001317,0.055496,0.00264428,0.196799,0.963616,0.290895,0.392803,0.921263,11291.4,202.7,368.8,611.1,100.0,1.0
755692,4729,154,10.016316,0.309801,0.114072,0.0,0.007345,0.00224283,0.330382,1.0,0.397543,0.664284,0.900345,11483.4,172.5,333.9,464.7,100.0,1.0
755852,4730,160,9.176651,0.819205,0.11922,0.019345,6e-06,0.00227514,0.255096,0.921887,0.389224,0.504209,0.863925,11132.4,185.0,273.2,770.9,100.0,1.0
756009,4731,157,10.379168,0.744307,0.095414,0.031357,4.4e-05,0.00276952,0.26545,1.0,0.327501,0.533943,0.923508,11438.2,186.4,372.5,373.5,100.0,1.0
756165,4732,156,10.639392,0.576292,0.092358,0.010826,3.9e-05,0.00298599,0.252065,1.0,0.437707,0.480782,0.936075,11883.6,200.6,393.5,453.0,100.0,1.0
756319,4733,154,11.301684,0.641216,0.058558,0.0,0.00013,0.00324823,0.262427,1.0,0.358857,0.537508,0.953846,11646.3,189.4,423.1,271.8,100.0,1.0
756481,4734,162,7.804535,0.2,0.102393,0.010492,3e-06,0.00222025,0.167019,0.821685,0.298603,0.377283,0.876702,10750.6,195.1,294.5,1004.6,100.0,1.0
756645,4735,164,8.225562,0.2,0.052053,0.001316,0.016409,0.0021595,0.200949,0.94821,0.219152,0.415204,0.896403,11232.7,198.4,327.3,703.5,100.0,1.0
756801,4736,156,6.760534,0.2,-0.047667,0.004781,0.000147,0.00312769,-0.031685,0.527849,-0.044098,0.193373,0.946346,9631.1,201.8,410.6,432.5,100.0,1.0
756962,4737,161,4.582994,0.458952,-0.029066,0.0,0.000162,0.00210458,-0.029524,0.512129,-0.116161,0.203386,0.909178,9571.2,198.8,348.6,750.8,100.0,1.0
757122,4738,160,11.69433,0.594842,0.109907,0.0,0.0,0.00305799,0.300006,1.0,0.519336,0.572247,0.923307,12060.1,191.8,372.2,466.9,100.0,1.0
757279,4739,157,8.303694,0.263825,0.015625,0.0,0.03861,0.00292686,0.10098,0.774937,0.241097,0.279245,0.914247,10572.5,206.6,357.1,795.2,100.0,1.0
757443,4740,164,7.632719,0.3547,0.113562,0.03088,0.0,0.00220202,0.154108,0.827167,0.191772,0.385523,0.90428,10771.5,194.4,340.5,580.8,100.0,1.0
757605,4741,162,6.066905,0.803861,-0.141773,0.0133,0.0,0.00293342,-0.065687,0.397752,-0.093373,0.184766,0.918776,9135.4,192.8,364.6,451.7,100.0,1.0
757759,4742,154,6.829075,0.2,0.13167,0.0,0.026828,0.00206882,0.142406,0.68977,0.180936,0.434961,0.888456,10248.0,178.5,314.1,881.2,100.0,1.0
757917,4743,158,9.758927,0.488551,0.084801,0.0,6e-06,0.00267251,0.236522,0.927426,0.342561,0.476878,0.881367,11153.5,188.8,302.3,410.6,100.0,1.0
758071,4744,154,7.07309,0.906017,-0.06418,0.03141,0.0,0.00263098,0.072309,0.73232,-0.041697,0.307363,0.918184,10410.1,199.1,363.6,354.0,100.0,1.0
758231,4745,160,7.280869,0.2,0.063294,0.0,0.02026,0.00193762,0.181482,0.81711,0.150042,0.45447,0.878348,10733.2,184.5,297.2,745.5,100.0,1.0
758389,4746,158,11.67552,0.468878,0.132755,0.0,5.1e-05,0.00309788,0.298736,1.0,0.346565,0.627773,0.94812,11734.6,180.2,413.5,358.7,100.0,1.0
758543,4747,154,9.627655,0.488071,0.096579,0.0,0.0,0.00250937,0.263552,0.924264,0.463932,0.521962,0.890767,11141.4,183.0,317.9,461.5,100.0,1.0
758703,4748,160,7.296279,0.310175,-0.099371,0.0,0.017119,0.00318149,-0.016433,0.47261,-0.104373,0.265981,0.922162,9420.6,186.0,370.3,412.3,100.0,1.0
758862,4749,159,9.059935,1.0,0.045623,0.026193,0.0,0.00287348,0.154896,0.858225,0.114949,0.409649,0.940057,10889.8,193.1,400.1,447.2,100.0,1.0
759022,4750,160,10.579447,1.0,0.133048,0.043743,0.0,0.00283551,0.26074,1.0,0.323561,0.557767,0.978892,11975.0,192.2,464.8,310.1,100.0,1.0
759189,4751,167,11.981385,0.405942,0.080459,0.00313,0.000127,0.00332724,0.253543,1.0,0.503717,0.473497,0.944911,12228.7,207.5,408.2,463.0,100.0,1.0
759346,4752,157,7.611688,1.0,-0.00404,0.019295,0.0,0.00289538,0.059582,0.681351,0.102658,0.272722,0.92044,10215.9,200.7,367.4,386.3,100.0,1.0
759506,4753,160,9.633719,1.0,0.125259,0.041169,0.0,0.00250456,0.250045,0.97373,0.312882,0.501598,0.901261,11329.9,188.6,335.4,700.7,100.0,1.0
759667,4754,161,8.224594,0.711618,0.035953,0.0,2.9e-05,0.00269094,0.122359,0.825223,0.198323,0.305001,0.903118,10764.1,206.2,338.5,468.7,100.0,1.0
759824,4755,157,7.43855,0.2,-0.213411,0.0,0.21054,0.00307457,0.019813,0.61998,-0.100739,0.266505,0.926839,9982.1,197.0,378.1,357.0,100.0,1.0
759987,4756,163,11.027639,1.0,0.157666,0.039151,1e-06,0.00265761,0.311864,1.0,0.395907,0.617275,0.898547,11952.8,184.8,330.9,431.7,100.0,1.0
760150,4757,163,10.4989,0.721137,0.100179,0.005581,9e-06,0.00290918,0.235181,0.972362,0.32499,0.454285,0.888489,11324.7,194.7,314.1,590.3,100.0,1.0
760312,4758,162,8.428173,0.896848,0.083717,0.024134,0.0,0.00271494,0.129685,0.789288,0.25206,0.340174,0.915651,10627.2,198.2,359.4,418.0,100.0,1.0
760466,4759,154,11.851618,1.0,0.013781,0.032856,0.0,0.00353229,0.25693,1.0,0.3367,0.524707,0.946492,11787.3,193.3,410.8,218.5,100.0,1.0
760626,4760,160,1.229578,0.2,-0.318999,0.0,0.439254,0.00226366,-0.279081,0.022717,-0.385946,-0.058438,0.891163,7706.6,204.6,318.6,816.9,100.0,1.0
760784,4761,158,9.978706,0.75623,0.10248,0.007292,0.0,0.00257474,0.267592,0.842321,0.231371,0.64655,0.898981,10829.2,164.4,331.6,430.0,100.0,1.0
760943,4762,159,11.610838,0.572907,0.099695,0.000313,9.5e-05,0.0030263,0.303595,1.0,0.484629,0.590878,0.924877,12238.3,192.3,374.8,423.5,100.0,1.0
761099,4763,156,8.44733,0.725315,0.065916,0.027301,0.0,0.0025196,0.177944,0.925481,0.337811,0.356597,0.919386,11146.1,205.4,365.6,861.9,100.0,1.0
761258,4764,159,10.13812,0.684211,0.163253,0.024883,5.2e-05,0.00245176,0.295469,1.0,0.391629,0.582033,0.906027,11875.1,187.7,343.4,549.2,100.0,1.0
761421,4765,163,7.289746,0.367395,0.069642,0.0,0.0,0.00219365,0.135193,0.799283,0.094919,0.381906,0.907529,10665.3,192.9,345.9,686.4,100.0,1.0
761576,4766,155,9.89407,0.527506,0.11296,0.0,6.5e-05,0.00247001,0.285935,1.0,0.483242,0.537669,0.909825,11567.2,188.1,349.7,590.2,100.0,1.0
761735,4767,159,8.9899,0.816083,-0.022283,0.003246,9e-06,0.00313989,0.108454,0.856603,0.025009,0.324398,0.951829,10883.7,205.4,419.7,373.5,100.0,1.0
761895,4768,160,8.816267,0.59967,0.084615,0.003433,3.1e-05,0.00279837,0.148282,0.947932,0.192588,0.307173,0.923318,11231.6,214.8,372.2,618.6,100.0,1.0
762042,4769,147,9.35879,0.319562,0.087557,0.012933,2.6e-05,0.00294262,0.200181,0.756636,0.23052,0.524352,0.887082,10502.8,172.3,311.8,427.1,100.0,1.0
762207,4770,165,9.699175,0.769795,0.065994,0.042346,7.6e-05,0.00244293,0.252711,1.0,0.238094,0.501649,0.887034,11734.2,195.4,311.7,429.3,100.0,1.0
762367,4771,160,8.887145,0.652442,-0.021408,0.022272,0.000115,0.00296844,0.125968,0.860956,0.092138,0.336746,0.932732,10900.2,203.9,387.9,560.8,100.0,1.0
762534,4772,167,6.951023,0.46912,-0.144317,0.0,0.0,0.0030298,-0.035931,0.560917,-0.03227,0.162181,0.951221,9757.1,209.9,418.7,632.2,100.0,1.0
762693,4773,159,11.656607,0.726244,0.076961,0.0293,0.000133,0.00342452,0.243911,1.0,0.163816,0.541928,0.956965,11566.6,187.5,428.3,364.6,100.0,1.0
762852,4774,159,8.556467,0.663232,0.011158,0.007751,0.0,0.00271662,0.14687,0.870297,0.11768,0.366567,0.916398,10935.8,200.1,360.7,503.8,100.0,1.0
762909,4775,57,-8.61078,0.2,0.6,0.0,0.071563,0.00168022,-0.760297,-1.0,-1.0,-1.0,0.041189,0.0,2.3,41.9,448.0,100.0,1.0
763068,4776,159,9.054953,0.641768,-0.002324,0.027896,1.3e-05,0.00320902,0.1024,0.805688,0.12969,0.305209,0.936298,10689.7,204.8,393.8,353.9,100.0,1.0
763220,4777,152,11.200866,0.224953,0.08494,0.0,4.1e-05,0.00283561,0.326903,1.0,0.45109,0.643069,0.901733,11744.0,178.7,336.2,345.1,100.0,1.0
763384,4778,164,10.497867,0.596797,0.162533,0.01204,8e-06,0.00268992,0.269229,1.0,0.354072,0.533598,0.918469,12153.8,198.1,364.1,482.7,100.0,1.0
763545,4779,161,9.86396,0.2,0.089527,0.018739,0.000921,0.00237383,0.285303,1.0,0.350379,0.558376,0.892342,11434.7,183.4,320.6,715.2,100.0,1.0
763705,4780,160,7.076697,1.0,-0.258361,0.00698,0.0,0.00319862,-0.0329,0.4713,-0.140764,0.236454,0.92492,9415.7,190.4,374.9,277.1,100.0,1.0
763867,4781,162,8.206978,1.0,0.05514,0.037776,0.0,0.00274691,0.110435,0.704644,0.138989,0.367412,0.90636,10304.7,188.4,343.9,462.5,100.0,1.0
764028,4782,161,5.621058,0.915672,-0.031424,0.050762,1.3e-05,0.00234181,0.003406,0.625452,0.046238,0.155636,0.879342,10003.0,216.4,298.9,1016.7,99.977,1.0
764187,4783,159,9.265015,0.202536,-0.013545,0.016895,0.0,0.00311889,0.131186,0.821918,0.122935,0.368127,0.935354,10751.5,196.5,392.3,475.5,100.0,1.0
764344,4784,157,8.584864,1.0,0.121279,0.030553,0.0,0.00227345,0.224167,0.862933,0.209971,0.533094,0.903205,10907.8,177.9,338.7,432.0,100.0,1.0
764504,4785,160,6.412472,0.9782,-0.072851,0.0487,0.0,0.00298433,-0.043443,0.482893,-0.090356,0.179304,0.90741,9459.8,200.5,345.7,540.2,100.0,1.0
764667,4786,163,10.427376,0.636352,0.161558,0.013985,0.0,0.00243288,0.30934,1.0,0.38745,0.606586,0.888158,12314.9,191.6,313.6,605.6,100.0,1.0
764832,4787,165,9.564563,0.2,0.072232,0.0,0.0,0.0029396,0.162483,0.792278,0.183704,0.445187,0.928126,10638.6,184.0,380.2,401.6,100.0,1.0
764990,4788,158,10.310871,0.713934,0.104262,0.0,0.0,0.00312342,0.204598,0.959696,0.225914,0.455987,0.961248,11276.4,193.6,435.4,262.3,100.0,1.0
765143,4789,153,9.649545,0.766893,0.142789,0.017986,9e-06,0.00187272,0.366823,1.0,0.494331,0.688789,0.832505,11449.8,169.5,220.8,866.5,100.0,1.0
765303,4790,160,8.758591,0.915936,0.030351,0.0,0.0,0.00282969,0.14027,0.828876,0.076884,0.395173,0.930826,10778.0,193.1,384.7,328.3,100.0,1.0
765465,4791,162,8.428406,1.0,-0.038809,0.049939,0.0,0.00344166,0.013143,0.55967,-0.015883,0.292548,0.968822,9752.3,188.6,448.0,255.0,100.0,1.0
765623,4792,158,10.254202,0.629931,0.105142,0.025763,7.4e-05,0.00290412,0.235588,0.997971,0.239306,0.469037,0.901801,11422.3,194.4,336.3,453.6,100.0,1.0
765786,4793,163,5.956559,0.2,0.050957,0.0,0.030263,0.00215676,0.051855,0.577263,0.03519,0.306381,0.874127,9819.4,187.9,290.2,644.0,100.0,1.0
765951,4794,165,9.135128,0.507383,0.068911,0.0,0.000125,0.00250978,0.204552,1.0,0.24523,0.396511,0.914302,11457.7,205.1,357.2,543.8,100.0,1.0
766106,4795,155,7.178417,0.77649,0.089304,0.018793,6e-05,0.00230802,0.128418,0.690061,0.098804,0.416679,0.882596,10249.1,180.9,304.3,642.0,100.0,1.0
766256,4796,150,7.516666,0.512062,0.020693,0.010724,5.4e-05,0.00285635,0.080621,0.671266,0.140708,0.309923,0.900943,10177.5,194.2,334.9,500.2,100.0,1.0
766409,4797,153,9.372449,0.836414,0.130799,0.031921,0.0,0.00271406,0.219545,1.0,0.322045,0.427615,0.934824,11441.6,200.4,391.4,486.5,100.0,1.0
766575,4798,166,9.4165,0.2,0.192467,0.0,3.4e-05,0.00233767,0.249736,1.0,0.404287,0.456287,0.892829,11755.8,201.8,321.4,666.7,100.0,1.0
766741,4799,166,7.914392,0.2,-0.004825,0.007842,0.0,0.00276574,0.07694,0.674244,0.10209,0.313465,0.908863,10188.9,193.9,348.1,629.2,100.0,1.0
766897,4800,156,10.037816,0.2,0.114764,0.019456,0.028346,0.00266124,0.264756,1.0,0.403574,0.496152,0.896248,11596.4,193.8,327.1,500.5,100.0,1.0
767050,4801,153,9.652895,0.526953,0.081179,0.027455,0.0,0.00284066,0.219242,0.814157,0.280292,0.554445,0.936418,10721.9,172.4,394.0,521.5,100.0,1.0
767205,4802,155,5.661222,0.99175,-0.062131,0.035785,2e-05,0.00274885,-0.042586,0.445672,-0.126609,0.229373,0.932371,9318.0,189.5,387.3,417.7,100.0,1.0
767368,4803,163,11.184317,1.0,0.08941,0.02989,0.0,0.00315841,0.242858,1.0,0.434983,0.469936,0.954457,12062.6,205.2,424.1,284.1,100.0,1.0
767533,4804,165,10.010609,0.723827,0.062927,0.000609,0.000113,0.00284546,0.208754,0.960043,0.203652,0.428729,0.892454,11277.8,197.3,320.8,511.2,100.0,1.0
767695,4805,162,5.722341,0.2,0.071326,0.0,0.0,0.00207666,0.051313,0.568346,0.048344,0.299352,0.861396,9785.4,188.3,269.0,738.3,100.0,1.0
767855,4806,160,7.305176,0.2,0.046458,0.0,0.025135,0.0022726,0.131348,0.746973,0.112092,0.386459,0.884751,10466.0,188.7,307.9,480.5,100.0,1.0
768019,4807,164,3.326349,0.657424,-0.18308,0.027859,1.3e-05,0.00228499,-0.149361,0.277595,-0.266346,0.072669,0.884772,8677.6,202.2,308.0,674.1,100.0,1.0
768182,4808,163,12.353961,1.0,0.123987,0.036378,0.0,0.00338864,0.284738,1.0,0.541758,0.552618,0.96194,12357.1,199.0,436.6,283.3,100.0,1.0
768349,4809,167,8.334409,0.394575,-0.059584,0.0,0.0,0.00310401,0.046429,0.616547,-0.043112,0.326441,0.935892,9969.0,187.9,393.2,422.4,100.0,1.0
768515,4810,166,7.01691,0.640527,-0.031657,0.039203,0.0,0.00266566,0.033076,0.610745,-0.095822,0.268341,0.86946,9946.9,196.1,282.4,768.4,100.0,1.0
768679,4811,164,8.332624,0.535037,-0.027314,0.010788,0.0,0.00294066,0.082526,0.767987,0.06876,0.277389,0.909211,10546.0,206.4,348.7,568.2,100.0,1.0
768841,4812,162,10.431214,0.279539,0.049481,0.0,0.0,0.00320465,0.187974,1.0,0.358354,0.359643,0.966873,11637.4,214.0,444.8,294.2,100.0,1.0
768998,4813,157,7.841831,0.2,0.087044,0.0,0.0,0.00246749,0.14424,0.751763,0.277321,0.359738,0.861313,10484.2,192.8,268.9,736.3,100.0,1.0
769159,4814,161,10.439149,0.578673,0.075315,0.022887,7e-05,0.00220986,0.351936,1.0,0.463614,0.690605,0.88267,12100.2,178.9,304.4,632.5,100.0,1.0
769316,4815,157,7.557386,0.802004,-0.090932,0.030859,0.000331,0.00289922,0.057181,0.779143,-0.113081,0.28441,0.960245,10588.5,206.1,433.7,337.6,100.0,1.0
769479,4816,163,6.322387,0.2,-0.012543,0.0,0.35417,0.00225919,0.060401,0.676509,-0.042812,0.29338,0.887189,10197.5,197.1,312.0,582.1,100.0,1.0
769642,4817,163,9.725521,1.0,-0.023709,0.016339,0.0,0.00323709,0.131761,0.842255,0.030621,0.393292,0.956727,10829.0,194.3,427.9,288.7,100.0,1.0
769800,4818,158,8.417016,0.2,0.097521,0.0,0.003904,0.00240949,0.190052,0.79047,0.257032,0.467596,0.881229,10631.7,181.1,302.0,750.1,100.0,1.0
769961,4819,161,7.532233,0.2,0.107216,0.0,0.099961,0.00210497,0.171851,0.703149,0.210682,0.466456,0.846347,10299.0,175.6,243.9,900.1,100.0,1.0
770124,4820,163,7.491127,1.0,0.037383,0.029717,0.0,0.00240272,0.116305,0.75604,0.108413,0.337483,0.874157,10500.5,196.3,290.3,549.2,100.0,1.0
770289,4821,165,5.744718,0.2,0.028223,0.00452,2.4e-05,0.00202029,0.056174,0.630484,0.026499,0.286499,0.874785,10022.1,194.8,291.3,623.5,100.0,1.0
770452,4822,163,10.13717,0.566265,0.052623,0.0,0.0,0.00227985,0.315715,1.0,0.406439,0.620611,0.892694,11958.6,184.5,321.2,493.3,100.0,1.0
770616,4823,164,12.738282,1.0,0.131758,0.024077,0.0,0.00320926,0.337423,1.0,0.523121,0.686693,0.958264,12849.0,190.4,430.4,247.7,100.0,1.0
770773,4824,157,10.281358,0.473826,0.167792,0.027126,6.3e-05,0.00249185,0.305973,1.0,0.538267,0.577409,0.915269,11726.2,185.8,358.8,612.1,100.0,1.0
770931,4825,158,5.166247,0.2,-0.102383,0.003472,0.101866,0.00224484,-0.004356,0.531453,-0.053597,0.229619,0.894827,9644.8,196.1,324.7,513.3,100.0,1.0
771092,4826,161,7.590954,0.647026,-0.067777,0.019563,3.2e-05,0.00293298,0.042538,0.625054,0.006558,0.274027,0.895966,10001.5,196.3,326.6,694.1,100.0,1.0
771255,4827,163,7.395995,0.865949,-0.084312,0.017146,0.0,0.00263265,0.072446,0.760881,-0.107075,0.293219,0.897417,10519.0,203.3,329.0,403.4,100.0,1.0
771413,4828,158,5.214915,0.738535,0.091597,0.031354,5.6e-05,0.0017262,0.080916,0.595842,0.006273,0.355287,0.843146,9890.2,182.4,238.6,1309.2,100.0,1.0
771568,4829,155,9.483282,0.726086,0.103932,0.036077,7e-06,0.0026183,0.237271,0.957153,0.209573,0.521604,0.926463,11266.8,185.1,377.4,570.7,100.0,1.0
771734,4830,166,8.840165,0.92672,0.064151,0.050628,4.2e-05,0.00253123,0.179328,0.98607,0.138473,0.364035,0.906601,11376.9,208.5,344.3,777.1,99.981,1.0
771894,4831,160,8.226465,0.2,-0.183091,0.0,0.026067,0.00326059,0.036224,0.644755,0.032751,0.267032,0.940212,10076.5,198.8,400.4,610.4,100.0,1.0
772056,4832,162,5.471088,0.674243,-0.029155,0.026673,6e-06,0.00225336,0.006049,0.52557,-0.114995,0.27239,0.891198,9622.4,189.1,318.7,520.9,100.0,1.0
772214,4833,158,10.004988,0.893725,0.124107,0.006051,0.0,0.002442,0.292772,1.0,0.411642,0.565903,0.899014,11696.8,186.7,331.7,601.8,100.0,1.0
772381,4834,167,8.634169,1.0,0.06315,0.021627,0.0,0.00246742,0.173567,0.916874,0.191897,0.37939,0.906387,11113.3,201.4,344.0,473.6,100.0,1.0
772547,4835,166,9.789967,0.678271,0.113655,0.010899,3e-06,0.00243409,0.259957,1.0,0.363511,0.504589,0.912921,11722.5,194.8,354.9,596.0,100.0,1.0
772703,4836,156,8.92631,0.429045,0.135162,0.003827,0.0,0.0020595,0.284148,0.955069,0.249569,0.597739,0.874686,11258.8,176.2,291.1,553.8,100.0,1.0
772870,4837,167,11.54439,0.2,0.153749,0.012779,0.069089,0.00259302,0.349984,1.0,0.447113,0.700738,0.900089,12266.0,180.3,333.5,481.0,100.0,1.0
773025,4838,155,10.216731,0.535783,0.125871,0.01327,0.000124,0.00256851,0.294878,1.0,0.483603,0.546134,0.887742,11820.8,191.1,312.9,602.0,100.0,1.0
773188,4839,163,10.506482,0.562532,0.11746,0.006503,2.3e-05,0.00250289,0.304709,1.0,0.281653,0.625161,0.894081,11586.9,178.2,323.5,519.7,100.0,1.0
773348,4840,160,8.021334,0.326777,-0.046629,0.0,0.072254,0.00287158,0.084669,0.743828,0.078205,0.298625,0.914235,10454.0,201.3,357.1,500.5,100.0,1.0
773514,4841,166,8.97534,0.239632,0.133631,0.0,1.1e-05,0.00221078,0.241873,0.897638,0.403844,0.488604,0.87345,11040.0,185.4,289.1,746.8,100.0,1.0
773676,4842,162,8.544082,0.937403,0.032253,0.034676,0.0,0.00255242,0.166112,0.84287,0.129246,0.426757,0.912933,10831.3,189.8,354.9,468.6,99.402,1.0
773839,4843,163,8.876848,0.83565,0.104039,0.036551,0.0,0.00245324,0.202309,0.885038,0.300543,0.445239,0.9084,10992.0,190.1,347.3,439.9,100.0,1.0
774002,4844,163,10.381228,0.235636,0.079466,0.0,0.006047,0.00259107,0.281927,1.0,0.465595,0.519377,0.889532,12062.4,198.5,315.9,695.4,100.0,1.0
774162,4845,160,6.393387,1.0,-0.008399,0.016313,0.0,0.00251063,0.032044,0.649817,-0.024672,0.253905,0.918019,10095.8,201.3,363.4,418.4,100.0,1.0
774327,4846,165,6.564603,0.549194,0.132755,0.0,2.8e-05,0.00193457,0.126142,0.694405,0.145113,0.362081,0.827212,10265.7,188.4,212.0,1092.0,100.0,1.0
774488,4847,161,8.85434,0.2,0.131762,0.0,0.065741,0.00214418,0.25544,0.855278,0.24269,0.600298,0.891069,10878.6,169.9,318.4,677.2,100.0,1.0
774652,4848,164,11.210002,0.2,0.094974,0.003925,0.035888,0.00303533,0.262694,1.0,0.301083,0.534182,0.92435,11433.2,186.3,373.9,373.9,100.0,1.0
774803,4849,151,11.550254,0.2,0.119717,0.010044,0.004121,0.00309557,0.316242,1.0,0.608953,0.579045,0.905087,11493.2,182.0,341.8,657.3,100.0,1.0
774960,4850,157,7.939931,0.276141,0.011529,0.020784,0.008455,0.00272745,0.110543,0.756395,0.23875,0.309729,0.905289,10501.9,200.5,342.1,481.4,100.0,1.0
775116,4851,156,8.90138,0.665601,0.075985,0.043821,1.1e-05,0.00254338,0.207245,0.8912,0.180848,0.483501,0.908159,11015.5,185.6,346.9,470.4,100.0,1.0
775281,4852,165,8.864769,0.492704,0.080364,0.0,1e-06,0.00250533,0.188162,0.897126,0.165233,0.427596,0.894726,11038.1,193.3,324.5,760.1,100.0,1.0
775441,4853,160,10.758981,0.2,0.105916,0.0,0.015634,0.00251688,0.327394,1.0,0.428727,0.659632,0.917326,11465.4,172.7,362.2,446.0,100.0,1.0
775598,4854,157,3.187813,0.84257,-0.123023,0.015199,0.0,0.00209378,-0.112397,0.347039,-0.207358,0.117719,0.902034,8942.2,200.0,336.7,533.2,100.0,1.0
775766,4855,168,9.402182,0.812333,0.093278,0.027663,0.0,0.00220061,0.268285,0.981679,0.38137,0.52618,0.902977,11360.2,186.1,338.3,818.0,100.0,1.0
775928,4856,162,7.285531,0.772059,0.008838,0.024473,2.2e-05,0.0027356,0.051187,0.618415,0.049098,0.298254,0.910511,9976.2,192.1,350.9,445.4,100.0,1.0
776085,4857,157,6.828816,0.568615,0.059211,0.024046,3.6e-05,0.00239158,0.08789,0.710806,0.132212,0.29842,0.889601,10328.2,198.9,316.0,724.9,100.0,1.0
776244,4858,159,9.252169,0.530507,-0.062469,0.029911,5.3e-05,0.00311273,0.132893,0.749687,0.036064,0.426489,0.914922,10476.3,183.6,358.2,337.5,100.0,1.0
776402,4859,158,10.277415,0.597618,0.139601,0.008346,2.2e-05,0.00241881,0.315269,1.0,0.479686,0.60629,0.900863,12017.8,187.0,334.8,482.6,100.0,1.0
776570,4860,168,11.394675,0.830914,0.143344,0.023408,2.3e-05,0.00279368,0.30395,0.964573,0.434245,0.601707,0.885202,11295.0,176.3,308.7,510.8,100.0,1.0
776722,4861,152,9.127079,0.812412,0.138423,0.041129,0.0,0.00281043,0.192253,0.785932,0.259482,0.486931,0.899803,10614.4,178.5,333.0,449.8,100.0,1.0
776887,4862,165,6.397562,0.232674,-0.174457,0.015744,0.007621,0.00260129,0.004992,0.745728,-0.127962,0.158249,0.927772,10461.2,225.8,379.6,574.6,100.0,1.0
777045,4863,158,10.251217,0.766599,-0.02497,0.027364,0.0,0.00327087,0.179022,1.0,0.256921,0.355855,0.956051,11561.0,213.2,426.8,238.7,100.0,1.0
777206,4864,161,8.101886,0.2,-0.037406,0.0,0.0,0.00293013,0.078235,0.68725,-0.017655,0.338292,0.908514,10238.4,191.3,347.5,348.4,100.0,1.0
777372,4865,166,7.21123,0.357266,-0.11517,0.0,0.0002,0.00278191,0.027759,0.773289,-0.064217,0.190648,0.941602,10566.2,221.9,402.7,475.0,100.0,1.0
777536,4866,164,10.604542,1.0,0.147302,0.039274,0.0,0.00261669,0.290819,1.0,0.488677,0.545415,0.90486,11562.9,187.1,341.4,414.7,100.0,1.0
777696,4867,160,6.55427,0.448229,0.010674,0.0,0.000221,0.002262,0.083058,0.644065,0.053753,0.366583,0.919865,10073.9,184.3,366.4,495.8,100.0,1.0
777857,4868,161,7.076503,0.881047,0.00536,0.052783,2.2e-05,0.00220714,0.125072,0.776628,0.057919,0.371149,0.893345,10579.0,192.9,322.2,477.7,99.93,1.0
778016,4869,159,12.370525,0.235298,0.144517,0.0,0.0,0.00307117,0.351549,1.0,0.533839,0.703403,0.932783,11841.0,173.8,388.0,384.4,100.0,1.0
778181,4870,165,8.076581,0.2,-0.02285,0.0,0.12412,0.00259768,0.119758,0.90358,0.047135,0.318684,0.953296,11062.6,209.7,422.2,493.2,100.0,1.0
778336,4871,155,8.48021,0.376865,0.096673,0.0,0.0,0.00195276,0.273113,0.896087,0.288867,0.592765,0.867607,11034.1,173.2,279.3,889.0,100.0,1.0
778496,4872,160,9.98434,0.909122,0.101895,0.012771,0.0,0.00252276,0.274262,1.0,0.29423,0.565344,0.925195,11867.7,189.5,375.3,458.3,100.0,1.0
778655,4873,159,10.832283,0.335778,0.152618,0.0,0.0,0.00255286,0.329585,1.0,0.553785,0.629955,0.9111,12618.0,193.5,351.8,462.9,100.0,1.0
778818,4874,163,10.527125,0.234119,0.10808,0.004238,0.009465,0.00270643,0.273654,1.0,0.333022,0.530473,0.887349,11482.7,187.6,312.2,834.0,100.0,1.0
778975,4875,157,8.456438,0.543172,0.148044,0.018559,9.2e-05,0.00205779,0.25114,0.863667,0.3178,0.536386,0.844443,10910.6,177.5,240.7,692.4,100.0,1.0
779140,4876,165,11.688118,0.2,0.144398,0.010662,0.182072,0.00325792,0.256138,1.0,0.490999,0.472219,0.927397,12168.1,206.6,379.0,650.3,100.0,1.0
779301,4877,161,7.673059,0.280306,-0.072943,0.0,0.017685,0.00292258,0.050577,0.618185,0.002802,0.30687,0.907989,9975.3,190.8,346.6,528.8,100.0,1.0
779458,4878,157,8.436742,0.2,0.105562,0.0,0.013006,0.00231941,0.208869,0.90825,0.235308,0.460321,0.90341,11080.4,189.7,339.0,623.3,100.0,1.0
779618,4879,160,9.329222,0.595272,0.141213,0.001517,1.1e-05,0.00228188,0.268522,1.0,0.389469,0.500086,0.881839,11841.9,197.4,303.1,736.3,100.0,1.0
779778,4880,160,9.13404,0.23137,0.098281,0.0,0.000117,0.00229876,0.25256,0.93301,0.244924,0.548666,0.898605,11174.8,180.4,331.0,481.1,100.0,1.0
779943,4881,165,8.498265,0.97616,0.044226,0.008662,0.0,0.00285382,0.106301,0.798167,-0.015554,0.369517,0.957967,10661.0,194.6,429.9,338.7,100.0,1.0
780104,4882,161,7.173332,0.587234,0.023629,0.0,4e-06,0.0024128,0.098745,0.660797,-0.006072,0.389335,0.886326,10137.6,182.4,310.5,522.6,100.0,1.0
780262,4883,158,8.701732,0.2,0.05679,0.0,0.033249,0.00252107,0.192675,0.890643,0.238022,0.417129,0.882557,11013.4,194.3,304.3,642.1,100.0,1.0
780421,4884,159,10.274615,0.690856,0.16325,0.009195,8e-05,0.00244304,0.30939,1.0,0.481898,0.589151,0.897839,12076.6,190.0,329.7,631.3,100.0,1.0
780586,4885,165,5.019669,0.825198,0.021534,0.039716,0.0,0.00191344,0.025205,0.54263,-0.013077,0.265578,0.861505,9687.4,191.4,269.2,872.9,100.0,1.0
780745,4886,159,7.200804,0.450498,0.024683,0.006469,0.000115,0.00266835,0.064773,0.655945,0.10197,0.279956,0.885569,10119.1,197.6,309.3,656.7,100.0,1.0
780907,4887,162,10.267372,0.2,0.095688,0.0,0.0,0.00228899,0.326505,1.0,0.40503,0.63847,0.877542,11678.2,178.2,295.9,552.7,100.0,1.0
781071,4888,164,10.037591,1.0,0.053844,0.019595,1.2e-05,0.00288759,0.208164,0.929468,0.170861,0.458874,0.899355,11161.3,191.3,332.3,358.0,100.0,1.0
781235,4889,164,6.145118,0.28891,0.030268,0.0,0.000152,0.00226643,0.045679,0.567915,0.098173,0.273287,0.861726,9783.8,192.1,269.5,764.3,100.0,1.0
781395,4890,160,7.75845,0.2,-0.006519,0.0,0.118791,0.00249147,0.128316,0.78935,0.144162,0.347187,0.889248,10627.4,197.2,315.4,804.1,100.0,1.0
781556,4891,161,6.861698,0.2,0.067237,0.0,0.208346,0.00212405,0.124074,0.630651,0.030383,0.452699,0.870826,10022.8,172.5,284.7,793.2,100.0,1.0
781716,4892,160,10.648382,0.2,0.084433,0.0,0.018909,0.00230148,0.354985,1.0,0.393316,0.712944,0.878096,12279.7,179.2,296.8,574.3,100.0,1.0
781872,4893,156,9.545547,0.816684,0.084099,0.040826,9e-06,0.00266058,0.233276,0.953708,0.235637,0.493573,0.904576,11253.6,188.4,341.0,406.8,100.0,1.0
782030,4894,158,12.419336,0.387578,0.087424,0.0,3.2e-05,0.00339967,0.306458,1.0,0.487858,0.607063,0.940614,11578.6,180.1,401.0,385.6,100.0,1.0
782190,4895,160,11.487991,0.976541,0.021931,0.030137,0.0,0.00338614,0.238716,0.994122,0.152751,0.537714,0.960703,11407.6,185.5,434.5,440.9,100.0,1.0
782349,4896,159,9.43348,0.366176,0.153723,0.004178,1.3e-05,0.00232793,0.270828,1.0,0.302527,0.530806,0.886989,11572.0,189.0,311.6,738.3,100.0,1.0
782510,4897,161,5.812862,0.88838,0.0122,0.020597,3.1e-05,0.0022039,0.040132,0.525036,-0.046484,0.316556,0.852406,9620.4,182.7,254.0,831.1,100.0,1.0
782670,4898,160,8.406196,0.859907,0.010324,0.044413,9e-06,0.00295969,0.097611,0.746089,0.133904,0.297159,0.88466,10462.6,201.6,307.8,406.7,100.0,1.0
782829,4899,159,9.375376,0.329117,0.075409,0.0,0.025696,0.00298798,0.161992,0.77187,0.264372,0.429729,0.917217,10560.8,184.7,362.0,676.6,100.0,1.0
782988,4900,159,8.302458,0.204554,0.026922,0.0,0.059199,0.00259769,0.151194,0.776915,0.260911,0.402458,0.920439,10580.0,188.6,367.4,546.4,100.0,1.0
783150,4901,162,8.314386,0.443424,0.070163,0.0,2.9e-05,0.00224863,0.200766,0.888724,0.253517,0.420098,0.859221,11006.0,193.8,265.4,768.8,100.0,1.0
783306,4902,156,8.012933,0.649776,0.11153,0.004007,2.3e-05,0.00237833,0.173531,0.881526,0.185472,0.406088,0.911333,10978.6,195.2,352.2,631.4,100.0,1.0
783459,4903,153,10.552725,0.981085,0.125403,0.018569,0.0,0.00261466,0.317109,1.0,0.400071,0.643654,0.921438,12291.0,186.9,369.1,684.0,100.0,1.0
783624,4904,165,5.42942,0.2,-0.072377,0.0,0.099007,0.00256389,-0.054066,0.434618,-0.234598,0.211155,0.89489,9275.9,191.5,324.8,505.2,100.0,1.0
783785,4905,161,7.783628,0.375443,0.058166,0.0,6.6e-05,0.00270232,0.093898,0.737904,0.078463,0.330127,0.921901,10431.4,196.1,369.8,411.1,100.0,1.0
783944,4906,159,6.939313,0.741245,0.075383,0.0,0.0,0.00223523,0.116199,0.639558,-0.016111,0.444419,0.87939,10056.7,174.1,299.0,781.9,100.0,1.0
784107,4907,163,10.357158,0.948891,0.120503,0.027099,3e-06,0.00264839,0.272184,1.0,0.443411,0.513759,0.910643,11850.5,195.7,351.1,564.7,100.0,1.0
784262,4908,155,9.50298,0.508075,0.154408,0.023556,8e-06,0.00243441,0.268508,1.0,0.334902,0.534917,0.915797,11774.3,191.8,359.7,644.9,100.0,1.0
784425,4909,163,6.164584,0.4983,-0.120158,0.007083,2.8e-05,0.00245532,0.018741,0.597684,-0.149523,0.277888,0.90753,9897.2,193.6,345.9,548.1,100.0,1.0
784587,4910,162,10.483832,0.389035,0.037389,0.0,0.000114,0.00332455,0.173979,0.897183,0.093171,0.436338,0.936678,11038.3,192.1,394.5,432.5,100.0,1.0
784743,4911,156,9.345989,0.682247,0.085974,0.02357,2e-06,0.00236264,0.266735,1.0,0.374042,0.489485,0.865853,11569.8,194.2,276.4,668.6,100.0,1.0
784900,4912,157,8.840821,0.2,-0.040931,0.0,0.0,0.00313457,0.108861,0.713817,0.015757,0.417361,0.952455,10339.6,182.4,420.8,325.1,100.0,1.0
785058,4913,158,7.09503,0.2,-0.056742,0.0,0.0,0.0029716,0.012839,0.492859,-0.037003,0.304913,0.914564,9497.8,182.0,357.6,485.4,100.0,1.0
785227,4914,169,7.7356,0.37953,-0.008929,0.014624,0.0,0.00253694,0.097195,0.701338,0.091873,0.34988,0.909117,10292.1,190.6,348.5,520.0,100.0,1.0
785384,4915,157,9.907967,0.2,0.060898,0.0,0.128418,0.00283656,0.228324,0.9247,0.2805,0.494714,0.915148,11143.1,186.4,358.6,478.8,100.0,1.0
785546,4916,162,8.828812,0.2,0.022185,0.0,0.023459,0.00314325,0.091123,0.647118,0.091659,0.384408,0.934341,10085.5,182.1,390.6,438.0,100.0,1.0
785711,4917,165,8.804266,0.886694,0.041653,0.027476,0.0,0.00273393,0.147616,0.853897,0.194267,0.356273,0.911175,10873.3,200.4,352.0,623.6,100.0,1.0
785875,4918,164,8.963981,0.634114,-0.003507,0.0,4.8e-05,0.00308614,0.10348,0.828851,0.115217,0.277548,0.905096,10777.9,210.9,341.8,422.2,100.0,1.0
786033,4919,158,9.145481,0.2,0.0945,0.0,0.199562,0.00212576,0.286131,0.946903,0.32658,0.578618,0.858801,11227.7,177.8,264.7,964.5,100.0,1.0
786196,4920,163,7.534558,0.232236,0.101575,0.0,0.0,0.00197115,0.191131,0.79236,0.266142,0.461042,0.871958,10638.9,182.0,286.6,770.7,100.0,1.0
786357,4921,161,9.500193,0.376399,0.114474,0.005952,0.0,0.00282035,0.192029,0.940606,0.20034,0.426778,0.93547,11203.7,196.3,392.4,347.1,100.0,1.0
786523,4922,166,6.117001,0.686354,-0.065335,0.013865,0.000154,0.00266897,-0.027024,0.504376,-0.043909,0.183465,0.888451,9541.7,201.6,314.1,594.3,100.0,1.0
786688,4923,165,8.03785,0.900462,0.038554,0.031933,0.0,0.00254547,0.126678,0.783392,0.256324,0.314491,0.882395,10604.7,201.7,304.0,499.1,100.0,1.0
786851,4924,163,12.351171,0.511373,0.109439,0.0,8.4e-05,0.0035032,0.269122,1.0,0.327234,0.568691,0.964313,12192.1,194.3,440.5,474.3,100.0,1.0
787012,4925,161,11.680822,0.2,0.10077,0.0,0.024559,0.00294685,0.320271,1.0,0.466989,0.643864,0.935895,12119.6,184.3,393.2,371.0,100.0,1.0
787170,4926,158,10.860966,0.345228,0.13375,0.001625,3e-06,0.00271281,0.310382,1.0,0.414312,0.606529,0.894641,11999.6,186.7,324.4,601.8,100.0,1.0
787334,4927,164,8.736109,0.889692,0.15526,0.007833,1e-06,0.00234859,0.209274,0.89649,0.276221,0.437489,0.869866,11035.6,191.9,283.1,729.1,100.0,1.0
787499,4928,165,9.444336,0.526668,0.07247,0.020406,3.5e-05,0.00298704,0.149784,0.869175,0.179212,0.377218,0.945274,10931.6,198.4,408.8,341.4,100.0,1.0
787662,4929,163,8.414243,1.0,0.002449,0.009407,0.0,0.00258076,0.151923,0.902925,0.089114,0.372126,0.92628,11060.1,201.5,377.1,469.4,100.0,1.0
787831,4930,169,8.654757,0.279281,-0.077817,0.002453,2e-05,0.00302637,0.077512,0.762518,0.01745,0.298088,0.93639,10525.2,202.7,394.0,789.0,100.0,1.0
787991,4931,160,11.657995,0.966214,0.118017,0.043496,0.0,0.00284894,0.337625,1.0,0.587461,0.649592,0.923832,12046.8,182.6,373.1,421.0,100.0,1.0
788153,4932,162,11.573005,0.2,0.111639,0.0,0.048317,0.00328213,0.256062,1.0,0.412022,0.501825,0.94348,11843.3,197.1,405.8,492.5,100.0,1.0
788320,4933,167,8.825648,0.362124,0.029386,0.015036,0.0,0.00262984,0.161653,0.89237,0.089016,0.384759,0.896981,11019.9,199.0,328.3,401.0,100.0,1.0
788475,4934,155,10.352922,0.2,0.078893,0.005788,0.103194,0.00269972,0.286382,1.0,0.369519,0.550977,0.883845,11473.0,184.9,306.4,465.4,100.0,1.0
788639,4935,164,7.943839,0.2,0.132771,0.005026,0.041548,0.00197587,0.216785,0.828424,0.24588,0.506929,0.870723,10776.3,178.8,284.5,703.2,100.0,1.0
788800,4936,161,8.121091,0.822179,0.071889,0.051286,0.0,0.00266596,0.123671,0.659646,0.090869,0.438775,0.90335,10133.3,176.1,338.9,598.6,99.961,1.0
788957,4937,157,10.334128,0.447823,0.096009,0.021744,0.023631,0.00255398,0.30261,1.0,0.405117,0.603917,0.917876,11852.3,184.7,363.1,467.2,100.0,1.0
789120,4938,163,11.914308,0.859903,0.134175,0.0,0.0,0.00296838,0.327363,1.0,0.496164,0.649245,0.927806,12035.0,182.4,379.7,350.5,100.0,1.0
789279,4939,159,6.004405,0.926328,-0.125103,0.013593,0.0,0.00244941,0.019377,0.615407,-0.031584,0.238035,0.90612,9964.7,201.2,343.5,497.6,100.0,1.0
789431,4940,152,10.010879,0.687782,0.074724,0.010734,0.0,0.00287641,0.244417,0.937447,0.409921,0.502484,0.927721,11191.7,186.2,379.5,343.9,100.0,1.0
789591,4941,160,7.129105,0.2,0.020198,0.0,1e-05,0.00223102,0.128456,0.842485,0.11254,0.350198,0.933993,10829.9,200.5,390.0,546.1,100.0,1.0
789758,4942,167,9.739151,1.0,0.158839,0.026295,0.0,0.00265795,0.219262,0.865211,0.377617,0.485578,0.916134,10916.5,183.7,360.2,701.6,100.0,1.0
789920,4943,162,8.069669,0.893448,0.067612,0.032773,0.0,0.00224356,0.18601,0.837682,0.094148,0.479228,0.898065,10811.6,182.7,330.1,731.8,100.0,1.0
790076,4944,156,9.934216,0.2,0.124209,0.0,0.017825,0.00233615,0.311967,0.937676,0.467885,0.616844,0.863913,11192.5,173.1,273.2,616.2,100.0,1.0
790235,4945,159,8.127454,0.465989,0.031601,0.0,0.0,0.00272557,0.120023,0.711939,0.005554,0.430882,0.923482,10332.5,180.5,372.5,365.7,100.0,1.0
790399,4946,164,7.855198,0.936121,0.053974,0.015715,6.9e-05,0.00242839,0.136598,0.745998,0.101664,0.407586,0.892408,10462.3,185.8,320.7,375.6,100.0,1.0
790565,4947,166,9.945942,0.745831,0.085433,0.007129,0.0,0.0028041,0.211741,0.983887,0.258425,0.422837,0.91683,11368.6,199.8,361.4,552.4,100.0,1.0
790726,4948,161,10.949509,0.2,0.092202,0.002423,0.011851,0.00310634,0.245497,1.0,0.300914,0.515866,0.963762,11551.5,190.5,439.6,436.7,100.0,1.0
790884,4949,158,9.588059,0.2,0.116479,0.0,0.0,0.00192386,0.348975,0.994404,0.429121,0.672142,0.845579,11408.7,170.6,242.6,815.0,100.0,1.0
791042,4950,158,8.203454,0.504948,0.112693,0.0,0.0,0.00236766,0.184552,0.807636,0.223404,0.447946,0.875503,10697.1,184.7,292.5,650.2,100.0,1.0
791193,4951,151,6.734504,0.2,0.075088,0.000521,0.184418,0.00220948,0.124972,0.721469,0.158758,0.391482,0.911454,10368.8,186.3,352.4,684.2,100.0,1.0
791355,4952,162,9.544315,0.842552,0.102718,0.039175,0.0,0.00188106,0.345188,1.0,0.509907,0.654605,0.870578,12095.8,182.8,284.3,775.1,100.0,1.0
791510,4953,155,9.971664,0.2,0.12836,0.004058,0.008127,0.00255466,0.28305,0.970442,0.42326,0.54975,0.887147,11317.4,182.6,311.9,673.4,100.0,1.0
791668,4954,158,8.548709,0.2,0.037978,0.0,1.5e-05,0.00265388,0.162833,0.861408,-0.023046,0.461419,0.939128,10902.0,186.5,398.5,556.6,100.0,1.0
791824,4955,156,10.696598,0.603068,0.123573,0.037169,1e-05,0.00271351,0.30515,0.982401,0.332626,0.640201,0.919172,11362.9,173.2,365.3,897.1,100.0,1.0
791985,4956,161,4.856214,0.2,-0.064981,0.0,0.066148,0.00239267,-0.054491,0.374773,-0.095212,0.207407,0.886505,9047.9,187.3,310.8,923.7,100.0,1.0
792146,4957,161,9.657736,0.2,-0.046343,0.0,0.022392,0.00326918,0.131422,0.844082,0.103283,0.35537,0.9283,10836.0,199.9,380.5,367.0,100.0,1.0
792304,4958,158,5.573274,1.0,0.005167,0.055047,0.0,0.00256318,-0.025361,0.466658,-0.143471,0.24338,0.900121,9398.0,189.0,333.5,913.0,99.849,1.0
792467,4959,163,7.641304,0.817631,-0.025997,0.010652,3.5e-05,0.00289071,0.049303,0.672206,0.03666,0.266181,0.915549,10181.1,201.0,359.2,584.0,100.0,1.0
792623,4960,156,9.221912,0.2,0.120052,0.0,0.086668,0.00230744,0.268217,1.0,0.372287,0.523783,0.914097,11442.2,187.7,356.8,661.8,100.0,1.0
792785,4961,162,8.330778,0.889884,0.039678,0.0,0.0,0.0027642,0.119679,0.769489,0.229305,0.322411,0.898351,10551.8,199.5,330.6,529.4,100.0,1.0
792945,4962,160,7.025752,0.609984,-0.001977,0.000319,1.2e-05,0.00224603,0.119229,0.828798,0.055789,0.319301,0.885077,10777.7,204.2,308.5,503.7,100.0,1.0
793106,4963,161,8.782305,0.915744,-0.136106,0.024712,0.0,0.00347668,0.03851,0.574861,-0.040821,0.356624,0.97509,9810.2,180.8,458.5,219.4,100.0,1.0
793265,4964,159,10.335883,1.0,0.113684,0.01858,0.0,0.00244661,0.31516,1.0,0.524118,0.614628,0.932413,12079.4,187.0,387.4,579.0,100.0,1.0
793427,4965,162,5.806513,0.724778,-0.039751,0.034501,1.7e-05,0.00214079,0.048777,0.659332,0.066471,0.239373,0.873809,10132.1,204.4,289.7,558.3,100.0,1.0
793582,4966,155,8.26887,0.2,0.052627,0.0,9.2e-05,0.00320292,0.066884,0.598065,0.105114,0.3632,0.953696,9898.6,181.5,422.8,371.8,100.0,1.0
793742,4967,160,11.595196,0.743091,0.130529,0.008616,0.0,0.00302124,0.306668,1.0,0.353171,0.641589,0.94114,12542.7,191.0,401.9,380.7,100.0,1.0
793903,4968,161,8.654528,0.2,0.041344,0.0,0.10527,0.0027524,0.146605,0.815097,0.171915,0.370246,0.889838,10725.5,195.7,316.4,618.8,100.0,1.0
794057,4969,154,10.012064,0.592714,0.153075,0.015201,2.1e-05,0.00224671,0.336268,1.0,0.594732,0.624643,0.892249,11886.3,182.9,320.4,681.7,100.0,1.0
794220,4970,163,10.031827,0.7767,0.058624,0.036207,0.0,0.00272493,0.239457,1.0,0.459802,0.41866,0.895951,11782.4,207.6,326.6,800.8,100.0,1.0
794379,4971,159,8.293822,0.717538,0.108254,0.004207,0.0,0.00244923,0.175774,0.799003,0.38444,0.391505,0.876093,10664.2,191.6,293.5,642.0,100.0,1.0
794537,4972,158,8.161789,0.856302,0.105824,0.039752,3.2e-05,0.00269943,0.129699,0.668945,0.230407,0.405298,0.89079,10168.7,180.9,318.0,535.5,100.0,1.0
794694,4973,157,7.964831,0.542386,-0.070443,0.018307,0.000209,0.00299066,0.073274,0.651936,-0.034597,0.346701,0.899721,10103.9,187.6,332.9,403.7,100.0,1.0
794856,4974,162,7.962139,0.2,0.113015,0.0,6.9e-05,0.00238097,0.156943,0.811672,0.279887,0.367146,0.883291,10712.5,195.9,305.5,706.2,100.0,1.0
795011,4975,155,8.994749,0.486595,0.097879,0.01189,1e-06,0.00202584,0.29902,1.0,0.553655,0.548908,0.903637,12163.4,196.3,339.4,912.2,100.0,1.0
795172,4976,161,7.234365,0.882987,0.039125,0.019542,0.0,0.00268626,0.060555,0.673927,0.043862,0.297046,0.924526,10187.7,196.4,374.2,476.0,100.0,1.0
795338,4977,166,9.156308,1.0,0.052465,0.055622,0.0,0.00318546,0.095273,0.881101,0.094835,0.259934,0.953838,10977.0,217.8,423.1,449.2,99.831,1.0
795501,4978,163,9.103334,0.316289,0.076868,0.0,0.0,0.00250978,0.211415,1.0,0.218576,0.430933,0.931263,11674.7,204.0,385.4,545.9,100.0,1.0
795661,4979,160,5.597402,0.779693,-0.059109,0.028119,1.3e-05,0.00231024,0.011901,0.46866,-0.042418,0.307161,0.895547,9405.6,179.9,325.9,720.0,100.0,1.0
795821,4980,160,8.621468,0.2,0.015368,0.0,0.042329,0.00296878,0.112664,0.695835,0.194378,0.358472,0.896483,10271.1,189.0,327.5,538.9,100.0,1.0
795977,4981,156,7.482375,0.462807,0.140853,0.013791,0.0,0.00218861,0.168635,0.720902,0.272342,0.448984,0.873674,10366.6,178.9,289.5,668.1,100.0,1.0
796139,4982,162,8.816611,0.2,0.048417,0.0,4.4e-05,0.00286782,0.136418,0.825367,0.160885,0.34825,0.901252,10764.6,199.6,335.4,492.7,100.0,1.0
796301,4983,162,8.705965,1.0,0.01978,0.08056,0.0,0.00300224,0.107139,0.721234,0.144769,0.360329,0.927114,10367.9,190.5,378.5,480.5,99.083,1.0
796467,4984,166,5.674047,0.2,-0.056202,0.010449,0.03826,0.00265099,-0.053236,0.477252,-0.135769,0.169277,0.906731,9438.3,201.8,344.6,589.9,100.0,1.0
796631,4985,164,7.634693,0.2,0.105656,0.0,0.012106,0.00243171,0.121713,0.769224,0.080347,0.364212,0.89725,10550.7,193.3,328.8,741.4,100.0,1.0
796797,4986,166,7.557982,0.546377,0.048566,0.0,0.0,0.00242622,0.112532,0.773563,0.08757,0.331064,0.888163,10567.3,198.5,313.6,475.5,100.0,1.0
796955,4987,158,7.474279,0.321007,0.013926,0.0,0.000171,0.00238356,0.132969,0.808428,0.146939,0.357679,0.907615,10700.1,197.0,346.0,449.9,100.0,1.0
797120,4988,165,10.386216,0.2,0.08639,0.001628,0.047138,0.00270985,0.260984,1.0,0.385525,0.494199,0.900992,11991.9,200.6,335.0,650.4,100.0,1.0
797283,4989,163,9.131122,0.854839,0.102681,0.038559,4.3e-05,0.00250988,0.213457,0.91729,0.214807,0.454101,0.875947,11114.9,191.1,293.2,527.6,100.0,1.0
797439,4990,156,9.353066,0.976358,-0.008453,0.021519,0.0,0.00337897,0.110611,0.756487,-0.043247,0.414117,0.959332,10502.2,185.7,432.2,243.7,100.0,1.0
797596,4991,157,8.482028,0.2,0.100321,0.0,0.03468,0.00269651,0.155057,0.806899,0.258959,0.377507,0.894266,10694.3,194.1,323.8,653.7,100.0,1.0
797761,4992,165,8.191879,1.0,0.093063,0.051042,0.0,0.00254932,0.137994,0.84195,0.245592,0.334179,0.922897,10827.8,202.9,371.5,789.3,99.969,1.0
797919,4993,158,9.517378,0.2,0.118805,0.0,1.6e-05,0.00260665,0.237176,1.0,0.300442,0.473592,0.929219,12251.0,207.8,382.0,460.6,100.0,1.0
798072,4994,153,10.256427,0.2,0.07699,0.0,0.14425,0.00271687,0.283756,1.0,0.431156,0.53573,0.894608,11543.9,187.9,324.3,429.1,100.0,1.0
798226,4995,154,10.144365,0.482922,0.062037,0.000135,0.0,0.00323422,0.193772,0.943529,0.113631,0.466694,0.960605,11214.8,191.2,434.3,345.0,100.0,1.0
798388,4996,162,5.692536,1.0,-0.029269,0.05431,0.0,0.00254957,-0.024775,0.521199,-0.025293,0.194792,0.921847,9605.8,201.0,369.7,829.4,99.871,1.0
798548,4997,160,8.839103,0.930956,0.08326,0.04229,0.0,0.00260456,0.186136,0.845991,0.094014,0.481166,0.908916,10843.2,183.0,348.2,445.9,100.0,1.0
798715,4998,167,9.205376,0.2,-0.030761,0.007713,0.098124,0.00304315,0.119663,0.788029,0.075487,0.37329,0.936834,10622.4,193.4,394.7,521.7,100.0,1.0
798876,4999,161,11.212155,0.493761,0.088706,0.0,4e-06,0.00284958,0.306059,1.0,0.538459,0.577084,0.914481,12195.2,193.3,357.5,590.3,100.0,1.0
799031,5000,155,5.583567,0.2,0.007689,0.000795,0.193096,0.00214089,0.049062,0.594694,-0.016928,0.310814,0.888977,9885.8,188.5,315.0,640.0,100.0,1.0
799195,5001,164,10.789647,0.331865,0.106548,0.025457,0.008251,0.00274264,0.286242,1.0,0.440117,0.555379,0.919683,12430.9,199.8,366.1,501.4,100.0,1.0
799359,5002,164,8.272464,0.2,-0.184144,0.0,0.209594,0.00320823,0.038195,0.696697,0.156445,0.206523,0.936932,10274.4,212.9,394.9,397.5,100.0,1.0
799520,5003,161,10.934856,0.712976,0.032013,0.026927,4.7e-05,0.0036206,0.163182,0.899301,0.216525,0.402957,0.977914,11046.3,196.8,463.2,277.3,100.0,1.0
799684,5004,164,9.986773,1.0,0.072423,0.030013,0.0,0.00277782,0.22596,0.884093,0.343829,0.488255,0.898996,10988.4,184.6,331.7,371.1,100.0,1.0
799848,5005,164,10.667176,0.892752,0.1334,0.025277,2.1e-05,0.00302147,0.232475,1.0,0.366014,0.459912,0.952364,12058.0,206.5,420.6,390.5,100.0,1.0
800006,5006,158,10.41427,0.254426,0.128999,0.0,0.0,0.00252852,0.311278,1.0,0.561612,0.563851,0.881693,11922.8,190.6,302.8,530.9,100.0,1.0
800168,5007,162,10.361777,0.2,0.112047,0.0,0.026262,0.00283034,0.248715,1.0,0.238133,0.507396,0.912226,11474.0,190.3,353.7,505.7,100.0,1.0
800333,5008,165,7.555401,0.988826,-0.012861,0.07389,0.0,0.00297569,0.024722,0.600643,0.016294,0.260433,0.924966,9908.5,196.5,374.9,466.5,99.283,1.0
800493,5009,160,7.031481,1.0,-0.083035,0.048816,0.0,0.00303956,-0.006351,0.599965,-0.091607,0.226447,0.951043,9905.9,201.9,418.4,272.8,100.0,1.0
800658,5010,165,10.352831,0.394186,0.140187,0.0,0.012144,0.00248524,0.296678,1.0,0.543306,0.52259,0.866754,12004.4,197.1,277.9,883.9,100.0,1.0
800817,5011,159,6.506051,0.2,0.076974,0.0,0.00885,0.00233316,0.073178,0.724605,0.058755,0.272174,0.890872,10380.7,204.0,318.1,889.1,100.0,1.0
800980,5012,163,9.220876,0.748413,-0.036422,0.021184,6e-06,0.00339308,0.076431,0.766625,0.156702,0.27646,0.965917,10540.8,206.4,443.2,448.4,100.0,1.0
801142,5013,162,7.695179,0.2,-0.018709,0.00928,0.194997,0.00272114,0.084596,0.719631,-0.041079,0.32773,0.889185,10361.8,195.1,315.3,871.7,100.0,1.0
801294,5014,152,7.53612,0.671057,0.037789,0.032362,1e-06,0.00238179,0.152559,0.79999,0.051534,0.439533,0.913621,10668.0,185.3,356.0,497.8,100.0,1.0
801456,5015,162,10.488571,0.786572,-0.025226,0.0,9e-06,0.00354071,0.142633,0.83771,0.190208,0.37719,0.946764,10811.7,196.3,411.3,288.3,100.0,1.0
801617,5016,161,9.36103,1.0,0.113672,0.043718,0.0,0.00280007,0.188513,0.85569,0.313531,0.435953,0.924575,10880.2,189.4,374.3,541.7,100.0,1.0
801779,5017,162,8.06269,0.222139,-0.027756,0.0,0.079052,0.0026668,0.11864,0.773027,-0.04031,0.395311,0.914841,10565.2,189.3,358.1,370.2,100.0,1.0
801943,5018,164,7.78664,0.492881,0.071952,0.0,6e-06,0.00272695,0.084593,0.781491,0.192644,0.257822,0.932691,10597.5,210.6,387.8,483.8,100.0,1.0
802109,5019,166,8.27239,1.0,0.042922,0.039416,0.0,0.00267478,0.120983,0.846765,0.12238,0.32257,0.927895,10846.2,205.0,379.8,537.1,100.0,1.0
802270,5020,161,7.893678,0.57771,0.080737,0.008032,0.0,0.00258969,0.122207,0.776914,0.155135,0.346521,0.904575,10580.0,196.4,341.0,860.7,100.0,1.0
802433,5021,163,5.425466,0.742046,-0.030736,0.036471,4e-06,0.00240643,-0.021678,0.512296,-0.019025,0.183622,0.885194,9571.8,202.2,308.7,700.5,100.0,1.0
802595,5022,162,9.431821,1.0,-0.000569,0.068258,0.0,0.00312743,0.137594,0.887772,0.094878,0.372334,0.971083,11002.4,200.4,451.8,236.7,99.456,1.0
802756,5023,161,6.490014,0.763814,-0.037814,0.036409,0.000106,0.0024894,0.042537,0.590023,0.048976,0.277879,0.88407,9868.0,193.1,306.8,690.0,100.0,1.0
802918,5024,162,9.393832,0.2,-0.07347,0.000165,0.274964,0.00326447,0.11288,0.81234,0.141905,0.307792,0.910048,10715.0,204.8,350.1,475.3,100.0,1.0
803077,5025,159,11.423653,0.578654,0.13373,0.004996,0.0,0.00311457,0.285301,1.0,0.362903,0.590475,0.948716,11835.6,186.0,414.5,365.7,100.0,1.0
803234,5026,157,8.194889,0.2,0.112762,0.0,0.376358,0.00234689,0.191491,0.766397,0.406411,0.452753,0.887401,10540.0,181.4,312.3,698.5,100.0,1.0
803384,5027,150,7.426867,1.0,0.095368,0.030373,0.0,0.00222235,0.174114,0.771017,0.101364,0.476955,0.878236,10557.6,178.7,297.1,508.3,100.0,1.0
803536,5028,152,10.860278,0.2,0.030668,1.1e-05,0.045978,0.00346123,0.215989,0.902582,0.146884,0.564137,1.0,11058.8,176.8,502.1,241.6,100.0,1.0
803701,5029,165,10.365572,1.0,0.020257,0.039835,0.0,0.00341876,0.144315,0.820367,0.070786,0.439849,0.975182,10745.6,186.6,458.6,235.4,100.0,1.0
803860,5030,159,9.587557,0.2,0.091246,0.003243,0.090094,0.00268827,0.227894,0.970365,0.267737,0.453408,0.891337,11317.1,194.7,318.9,572.7,100.0,1.0
804017,5031,157,8.388361,0.307481,0.102056,0.0,0.0,0.00230458,0.211545,0.896992,0.243762,0.473203,0.905444,11037.5,187.3,342.4,648.7,100.0,1.0
804179,5032,162,10.489793,0.836988,0.163383,0.022027,0.000127,0.00228807,0.34632,1.0,0.536851,0.652131,0.872871,11603.4,175.6,288.1,633.6,100.0,1.0
804333,5033,154,10.499661,1.0,0.136384,0.050465,0.0,0.00273265,0.296841,1.0,0.559252,0.551765,0.919162,12172.1,196.1,365.3,489.0,99.986,1.0
804482,5034,149,8.412163,1.0,0.105295,0.034783,0.0,0.00216793,0.25196,1.0,0.212022,0.528389,0.922391,11535.0,188.7,370.7,428.8,100.0,1.0
804638,5035,156,7.173075,0.3386,-0.067973,0.000166,0.000101,0.00274935,0.061386,0.703959,-0.016638,0.276939,0.894861,10302.1,201.7,324.8,561.8,100.0,1.0
804804,5036,166,7.613273,0.2,0.047719,0.0,0.0,0.00222833,0.150488,0.832482,0.102513,0.368607,0.861305,10791.8,197.1,268.8,634.4,100.0,1.0
804958,5037,154,7.903663,0.2,-0.033979,0.00119,0.306924,0.00291448,0.091414,0.793175,-0.010277,0.323343,0.940757,10642.0,201.0,401.3,452.3,100.0,1.0
805117,5038,159,9.673876,0.609666,0.122508,0.026845,9e-06,0.00222231,0.307929,1.0,0.554085,0.560654,0.886965,12084.8,193.6,311.6,847.1,100.0,1.0
805283,5039,166,9.426959,1.0,0.031589,0.021597,0.0,0.00331289,0.094487,0.888747,0.073322,0.261201,0.958049,11006.1,218.2,430.1,449.2,100.0,1.0
805440,5040,157,8.868438,0.2,0.116616,0.0,0.025557,0.00242241,0.225998,1.0,0.296768,0.429558,0.902009,11438.5,200.0,336.7,679.3,100.0,1.0
805597,5041,157,9.548826,0.737127,0.087451,0.023014,4e-06,0.00239677,0.276539,1.0,0.517563,0.503271,0.906104,12361.0,205.6,343.5,629.7,100.0,1.0
805753,5042,156,6.269598,0.2,-0.087543,0.0,0.027679,0.00281729,-0.010856,0.547554,-0.053554,0.200212,0.889894,9706.2,202.2,316.5,734.6,100.0,1.0
805915,5043,162,9.664308,0.2,0.080855,0.0,0.195263,0.00273703,0.217381,1.0,0.387694,0.390307,0.910044,12036.4,216.4,350.1,644.8,100.0,1.0
806072,5044,157,7.575871,0.467923,0.064297,0.009146,3.8e-05,0.0021933,0.173647,0.923817,0.252755,0.349175,0.889011,11139.7,206.4,315.0,763.3,100.0,1.0
806231,5045,159,9.911256,0.802847,0.08482,0.021185,0.0,0.00304993,0.192751,0.886207,0.300146,0.437863,0.935844,10996.5,191.2,393.1,398.0,100.0,1.0
806395,5046,164,9.07808,0.884795,0.063246,0.041362,0.0,0.0026648,0.183736,0.935686,0.166366,0.403516,0.912916,11185.0,199.2,354.9,643.7,100.0,1.0
806560,5047,165,8.984548,0.611314,0.052466,0.005416,8e-06,0.0025302,0.196906,0.982432,0.31301,0.361052,0.897696,11363.1,208.7,329.5,531.1,100.0,1.0
806722,5048,162,7.950754,0.259563,-0.027325,0.0,0.084101,0.00240879,0.153475,0.864726,0.10914,0.367377,0.882284,10914.6,199.6,303.8,461.7,100.0,1.0
806885,5049,163,9.90848,0.96741,0.152412,0.025221,0.0,0.00256586,0.259334,1.0,0.454706,0.488224,0.925706,12016.7,201.9,376.2,424.1,100.0,1.0
807049,5050,164,12.662974,0.583528,0.117656,0.015107,0.0,0.00344011,0.301822,1.0,0.442908,0.627049,0.973156,12594.6,193.5,455.3,274.2,100.0,1.0
807205,5051,156,8.145349,0.2,-0.131293,0.0,0.077394,0.00305082,0.081184,0.774866,0.229997,0.239945,0.926043,10572.2,213.2,376.7,447.1,100.0,1.0
807360,5052,155,8.31974,0.485114,0.130844,0.029175,7.9e-05,0.00214983,0.235848,0.9586,0.393787,0.417151,0.840164,11272.3,198.9,233.6,913.7,100.0,1.0
807515,5053,155,8.848537,1.0,-0.10441,0.028403,0.0001,0.00353064,0.058004,0.672479,0.054173,0.306012,0.951753,10182.1,194.9,419.6,247.9,100.0,1.0
807671,5054,156,9.507154,0.716907,0.109229,0.050061,1.4e-05,0.00268609,0.231356,1.0,0.3021,0.455754,0.924625,11637.8,199.9,374.4,470.8,100.0,1.0
807840,5055,169,8.144409,0.873244,-0.06185,0.046893,3.8e-05,0.00322136,0.012772,0.688678,-0.007386,0.199459,0.953771,10243.9,213.5,423.0,430.1,100.0,1.0
808002,5056,162,11.364945,0.829733,0.123606,0.0,0.0,0.00332659,0.238725,1.0,0.367859,0.467977,0.941007,11695.0,199.2,401.7,305.3,100.0,1.0
808169,5057,167,7.561728,0.86462,-0.163586,0.0,0.0,0.00306466,0.005648,0.614912,-0.008684,0.198778,0.906891,9962.8,207.8,344.8,352.4,100.0,1.0
808326,5058,157,10.192798,0.762483,0.038025,0.005129,0.0,0.0032137,0.193018,0.978645,0.070285,0.467587,0.982827,11348.6,193.3,471.4,266.4,100.0,1.0
808490,5059,164,5.634284,0.938667,-0.044593,0.038009,0.0,0.00225714,0.015448,0.583304,0.013394,0.223427,0.884351,9842.4,201.1,307.3,673.9,100.0,1.0
808648,5060,158,5.190244,0.894635,-0.015177,0.012158,0.0,0.00205173,0.031043,0.513092,-0.136384,0.339243,0.877156,9574.9,178.7,295.3,853.8,100.0,1.0
808813,5061,165,5.620689,0.332865,0.012563,0.007904,0.0,0.00252497,-0.031958,0.479518,0.017119,0.179633,0.901609,9447.0,200.2,336.0,751.4,100.0,1.0
808966,5062,153,5.259234,0.434985,-0.131763,0.0,0.014527,0.00247926,-0.019398,0.468069,-0.119093,0.236823,0.876941,9403.3,190.1,294.9,527.0,100.0,1.0
809126,5063,160,9.572172,0.456787,0.069305,0.004286,9e-05,0.00250567,0.254205,1.0,0.424333,0.463867,0.895101,12078.7,206.3,325.2,911.3,100.0,1.0
809286,5064,160,7.475896,0.949904,0.104673,0.028135,0.0,0.00245458,0.118926,0.754632,0.238812,0.324174,0.893132,10495.1,198.1,321.9,760.2,100.0,1.0
809448,5065,162,8.991623,0.772321,0.05567,0.002383,0.0,0.00297552,0.133375,0.773021,0.169079,0.378359,0.912527,10565.2,191.6,354.2,337.0,100.0,1.0
809610,5066,162,10.439186,0.65267,0.116992,0.0,0.0,0.00245359,0.317034,1.0,0.520004,0.599453,0.898992,12631.0,197.4,331.7,406.5,100.0,1.0
809771,5067,161,6.625698,0.2,-0.020217,0.009314,0.134078,0.00234203,0.076431,0.735056,0.12814,0.23852,0.86222,10420.6,210.3,270.4,948.4,100.0,1.0
809933,5068,162,10.666885,0.964131,0.149655,0.003824,0.0,0.00271239,0.29069,1.0,0.485394,0.555665,0.920461,12051.7,193.7,367.4,531.8,100.0,1.0
810090,5069,157,8.661777,0.2,0.091927,0.0,0.223247,0.0027305,0.164175,0.86989,0.298709,0.37107,0.926385,10934.3,199.4,377.3,501.1,100.0,1.0
810253,5070,163,9.743627,0.458592,0.141687,0.0,4.9e-05,0.00238174,0.278692,1.0,0.475073,0.500824,0.876578,12038.2,200.5,294.3,565.4,100.0,1.0
810408,5071,155,9.458669,0.207307,0.161326,0.000182,1.5e-05,0.00220867,0.305064,1.0,0.467744,0.572922,0.883517,11904.7,189.2,305.9,685.1,100.0,1.0
810568,5072,160,8.198116,0.2,0.069027,0.008448,0.035659,0.00222982,0.204349,0.894292,0.299851,0.395422,0.829511,11027.3,197.6,215.9,787.0,100.0,1.0
810725,5073,157,9.228649,0.2,0.146041,0.0,0.138833,0.0024574,0.245842,0.980908,0.393195,0.46068,0.891908,11357.3,194.4,319.8,664.4,100.0,1.0
810884,5074,159,11.488881,0.267477,0.106844,0.0,0.000159,0.0032122,0.27566,1.0,0.379051,0.566898,0.956016,11890.1,189.7,426.7,296.1,100.0,1.0
811045,5075,161,6.440745,0.814067,0.054795,0.032905,0.0,0.00234358,0.063575,0.723475,0.111048,0.239797,0.897268,10376.4,209.2,328.8,589.4,100.0,1.0
811205,5076,160,10.296256,0.934167,0.119675,0.019436,0.0,0.00272642,0.26859,1.0,0.409753,0.533297,0.942817,12315.8,200.8,404.7,425.3,100.0,1.0
811369,5077,164,6.464932,0.042586,-0.006338,0.032195,4.4e-05,0.00242454,0.044932,0.671953,0.010312,0.250754,0.897555,10180.1,203.5,329.3,584.2,100.0,1.0
811533,5078,164,9.756267,0.471007,0.128284,0.0,0.000186,0.00271812,0.222094,1.0,0.421807,0.391437,0.906648,12020.9,216.0,344.4,624.1,100.0,1.0
811694,5079,161,12.115597,0.2,0.042718,0.0,0.02191,0.00327162,0.302743,1.0,0.365475,0.644038,0.965677,12591.0,191.5,442.8,599.7,100.0,1.0
811856,5080,162,9.67354,0.894327,0.099173,0.027976,0.0,0.00316482,0.149688,0.795793,0.157921,0.426038,0.941868,10652.0,186.7,403.1,532.7,100.0,1.0
812016,5081,160,9.120561,0.2,0.075003,0.0,0.022939,0.00238158,0.243526,0.992152,0.435669,0.417265,0.859939,11400.1,201.1,266.6,614.7,100.0,1.0
812180,5082,164,9.839023,0.413208,-0.014095,0.00409,2.4e-05,0.00301712,0.179005,0.928333,0.20234,0.394119,0.923839,11156.9,200.1,373.1,472.8,100.0,1.0
812328,5083,148,8.413995,0.617883,0.11338,0.015606,3e-06,0.00180449,0.309201,1.0,0.328433,0.589988,0.838548,11543.9,181.5,230.9,727.8,100.0,1.0
812488,5084,160,7.101304,0.553805,-0.199796,0.025741,0.000105,0.00330148,-0.041882,0.556291,-0.162882,0.189412,0.961726,9739.5,204.7,436.2,393.8,100.0,1.0
812651,5085,163,9.054218,0.22478,0.020384,0.001087,0.028804,0.00304033,0.124635,0.76908,0.079218,0.400688,0.943327,10550.2,188.3,405.5,574.8,100.0,1.0
812808,5086,157,7.247115,0.2,0.025566,0.0,0.000294,0.00248006,0.107094,0.766073,0.081195,0.325195,0.890488,10538.7,198.8,317.5,485.5,100.0,1.0
812969,5087,161,10.895011,0.2,0.133185,0.006627,1.3e-05,0.00293832,0.273318,1.0,0.425272,0.527988,0.92162,11516.8,188.4,369.4,435.5,100.0,1.0
813122,5088,153,10.233539,0.53879,0.107394,0.0,0.0,0.00292655,0.253364,0.964614,0.223818,0.544197,0.911402,11295.2,182.9,352.3,450.2,100.0,1.0
813277,5089,155,11.462212,1.0,0.132181,0.033512,0.0,0.00308358,0.307411,1.0,0.439618,0.628891,0.95243,11955.8,183.5,420.7,340.1,100.0,1.0
813439,5090,162,9.300695,0.432263,0.085762,0.014326,6e-05,0.00234084,0.25807,1.0,0.312394,0.489234,0.875455,11871.6,199.3,292.4,696.8,100.0,1.0
813599,5091,160,8.157347,0.695292,0.080569,0.0,0.0,0.00216574,0.212419,0.884224,0.242078,0.464718,0.874928,10988.9,187.6,291.5,563.2,100.0,1.0
813756,5092,157,7.77662,1.0,0.014144,0.071388,0.0,0.00285904,0.083977,0.687795,0.004815,0.349797,0.913488,10240.5,189.7,355.8,442.4,99.358,1.0
813915,5093,159,10.808213,0.859067,0.106058,0.039269,0.0,0.00321037,0.230177,0.941508,0.396989,0.46637,0.92579,11207.1,191.1,376.3,323.9,100.0,1.0
814076,5094,161,9.104274,0.333795,0.032811,0.002261,5.2e-05,0.00266023,0.195624,1.0,0.241931,0.372018,0.909506,11718.1,213.5,349.2,556.2,100.0,1.0
814240,5095,164,6.402834,0.987901,0.031653,0.0,0.0,0.00256571,0.018021,0.518112,-0.024476,0.2829,0.888878,9594.0,187.0,314.8,475.5,100.0,1.0
814398,5096,158,10.065964,0.949907,0.043402,0.027507,0.0,0.00301694,0.213175,1.0,0.271201,0.400449,0.896499,11476.3,204.9,327.5,476.7,100.0,1.0
814559,5097,161,9.998396,0.2,0.119925,0.0,0.071251,0.00237254,0.303284,1.0,0.479688,0.557109,0.870115,11871.7,190.6,283.5,675.4,100.0,1.0
814720,5098,161,9.35557,0.506201,0.129476,0.008221,1.1e-05,0.00208771,0.305078,1.0,0.58601,0.539029,0.87654,12459.0,202.4,294.2,642.3,100.0,1.0
814888,5099,168,3.467868,0.80195,-0.368407,0.021647,3e-06,0.00290599,-0.250549,0.123933,-0.353746,-0.049197,0.905916,8092.2,212.8,343.2,594.8,100.0,1.0
815048,5100,160,8.308629,0.947011,0.108044,0.057053,0.0,0.00240635,0.184465,0.873054,0.118661,0.447445,0.898569,10946.3,189.1,330.9,672.1,99.788,1.0
815202,5101,154,8.390597,0.433612,0.068925,0.0,2.4e-05,0.00237011,0.210098,0.943582,0.331487,0.389729,0.859353,11215.0,201.7,265.6,769.4,100.0,1.0
815357,5102,155,9.277804,0.766695,0.052607,0.048279,2.9e-05,0.00274359,0.210662,0.91434,0.166858,0.471494,0.892827,11103.6,188.6,321.4,485.8,100.0,1.0
815517,5103,160,9.050222,0.579241,0.046356,0.0,5e-05,0.00286235,0.162364,0.935793,0.250732,0.34306,0.935524,11185.4,208.2,392.5,521.9,100.0,1.0
815676,5104,159,10.992516,0.528794,0.110631,0.0,0.0,0.00274926,0.316386,1.0,0.355374,0.620133,0.868818,11775.0,181.7,281.4,431.5,100.0,1.0
815837,5105,161,8.873781,0.2,0.073097,0.0,0.133656,0.00221956,0.250945,1.0,0.266297,0.469567,0.854047,11460.6,195.0,256.7,727.9,100.0,1.0
815999,5106,162,8.751552,1.0,0.08486,0.018691,0.0,0.00272607,0.15829,0.834851,0.206314,0.366524,0.870656,10800.8,197.6,284.4,582.5,100.0,1.0
816161,5107,162,7.031994,0.48749,-0.00868,0.008371,0.0,0.00252391,0.073176,0.638903,0.110253,0.321662,0.90496,10054.2,190.2,341.6,585.6,100.0,1.0
816319,5108,158,10.436684,0.258927,0.09231,0.0,0.011336,0.0024233,0.332575,1.0,0.501458,0.626752,0.873089,12281.0,188.7,288.5,688.2,100.0,1.0
816478,5109,159,9.08738,0.271041,-0.042994,0.0,0.023008,0.00292085,0.158569,0.928507,0.016441,0.381562,0.911308,11157.6,201.9,352.2,536.0,100.0,1.0
816635,5110,157,5.833785,0.300124,-0.049379,0.0,9.7e-05,0.00247023,0.012134,0.650179,-0.026317,0.190106,0.895286,10097.2,212.1,325.5,646.3,100.0,1.0
816797,5111,162,8.652161,0.686581,0.058381,0.013623,1.8e-05,0.00247046,0.192979,1.0,0.220136,0.372851,0.912699,11509.8,209.6,354.5,525.0,100.0,1.0
816951,5112,154,5.161136,0.2,-0.031972,0.010897,2.9e-05,0.00242508,-0.019613,0.468835,-0.03452,0.212207,0.87301,9406.3,194.0,288.4,628.5,100.0,1.0
817109,5113,158,10.09972,0.778877,0.047489,0.047677,0.000141,0.00312357,0.198935,0.976671,0.204856,0.419234,0.933649,11341.1,199.8,389.4,427.3,100.0,1.0
817270,5114,161,8.823843,0.213861,0.05169,0.0,0.059928,0.00244961,0.210644,0.848041,0.373952,0.445635,0.868064,10851.0,187.7,280.1,883.8,100.0,1.0
817428,5115,158,10.386383,0.807364,0.130238,0.045461,0.0,0.00272749,0.281236,1.0,0.390254,0.553603,0.916921,11508.5,185.2,361.5,409.6,100.0,1.0
817597,5116,169,10.10112,0.991769,0.069266,0.036398,0.0,0.00309158,0.170172,0.97147,0.212533,0.349503,0.935001,11321.3,209.7,391.7,506.5,100.0,1.0
817760,5117,163,10.228075,1.0,0.107324,0.070193,0.0,0.00252537,0.289779,1.0,0.383219,0.564146,0.896805,11682.6,186.7,328.0,418.0,99.394,1.0
817918,5118,158,9.790428,0.535949,0.122216,0.014205,4e-05,0.00234887,0.300278,1.0,0.592389,0.519746,0.867438,11777.8,193.7,279.1,746.9,100.0,1.0
818081,5119,163,8.420765,0.582516,0.130606,0.009483,0.000194,0.00213102,0.230106,0.987014,0.404287,0.394878,0.860111,11380.5,204.0,266.9,833.6,100.0,1.0
818242,5120,161,4.875077,0.602431,-0.118675,0.0,3e-05,0.00257786,-0.080728,0.411463,-0.024505,0.114922,0.908446,9187.7,206.0,347.4,967.8,100.0,1.0
818398,5121,156,10.217431,0.2,0.093803,0.003828,0.083343,0.00265232,0.286914,1.0,0.517994,0.525577,0.900464,11956.0,195.9,334.1,528.5,100.0,1.0
818550,5122,152,9.427358,1.0,0.121824,0.020815,0.0,0.00269827,0.236368,1.0,0.507967,0.401281,0.899765,11617.1,207.3,332.9,495.2,100.0,1.0
818713,5123,163,8.127598,1.0,0.086295,0.060991,0.0,0.00247016,0.154738,0.824471,0.151523,0.390886,0.891544,10761.2,193.4,319.2,862.9,99.67,1.0
818877,5124,164,10.034218,0.561833,0.108426,0.0,1e-05,0.00242911,0.289759,1.0,0.398029,0.5762,0.922095,12052.6,191.2,370.2,598.8,100.0,1.0
819039,5125,162,8.432498,0.2,0.060076,0.0,0.077502,0.00233184,0.200537,0.975382,0.221722,0.381916,0.872988,11336.2,205.1,288.3,907.7,100.0,1.0
819198,5126,159,7.338449,0.2,-0.000695,0.005425,0.057276,0.00249314,0.106855,0.736198,0.039341,0.378293,0.929782,10424.9,189.1,383.0,501.7,100.0,1.0
819359,5127,161,10.013114,0.205588,0.11205,0.0,0.057877,0.00262432,0.264193,1.0,0.478459,0.481756,0.905419,11974.2,202.0,342.4,933.3,100.0,1.0
819515,5128,156,8.808896,0.2,0.060175,0.019195,0.008703,0.00240711,0.228626,1.0,0.232523,0.461814,0.917408,11523.2,197.1,362.3,558.6,100.0,1.0
819675,5129,160,10.444594,1.0,0.101955,0.045581,0.0,0.00288908,0.254063,1.0,0.396535,0.498672,0.940237,11619.1,193.8,400.4,367.8,100.0,1.0
819836,5130,161,8.602829,0.692368,0.098456,0.010183,0.000106,0.00222751,0.231381,0.884455,0.439208,0.442386,0.842431,10989.8,190.5,237.4,1019.8,100.0,1.0
819997,5131,161,10.013016,0.2,0.143618,0.0,0.005964,0.00248172,0.287176,1.0,0.357957,0.571147,0.908315,11966.1,190.4,347.2,872.6,100.0,1.0
820157,5132,160,7.512679,0.2,-0.144921,0.0,5.8e-05,0.00327432,-0.008627,0.62085,-0.029537,0.17846,0.929077,9985.4,211.8,381.8,349.7,100.0,1.0
820322,5133,165,8.042049,0.2,-0.079961,0.0,0.034124,0.00314554,0.032644,0.635765,-0.011379,0.26259,0.920782,10042.3,198.8,368.0,397.2,100.0,1.0
820484,5134,162,7.035803,0.789529,-0.056486,0.000644,0.0,0.00321941,-0.038852,0.535765,-0.089095,0.177494,0.939526,9661.3,205.1,399.2,353.1,100.0,1.0
820642,5135,158,8.331477,1.0,-0.032419,0.034801,0.0,0.00276144,0.135333,0.866223,0.154892,0.320716,0.899993,10920.3,206.7,333.3,510.4,100.0,1.0
820800,5136,158,5.731591,1.0,-0.167972,0.037706,0.0,0.00277263,-0.04481,0.526098,-0.135744,0.176534,0.933493,9624.4,204.5,389.2,309.0,100.0,1.0
820957,5137,157,9.803194,1.0,0.082654,0.031119,0.0,0.00278732,0.235038,1.0,0.251329,0.482671,0.932656,11702.9,197.3,387.8,336.6,100.0,1.0
821113,5138,156,8.838497,1.0,-0.041984,0.0544,0.0,0.00309755,0.123255,0.86751,0.161297,0.320028,0.951053,10925.2,206.9,418.4,361.6,99.868,1.0
821271,5139,158,8.492422,1.0,0.114541,0.044122,0.0,0.00254977,0.179894,0.897704,0.262335,0.384728,0.898628,11040.3,199.3,331.0,1121.3,100.0,1.0
821437,5140,166,10.823144,0.2,0.008697,0.002,0.0,0.00312318,0.224288,1.0,0.302787,0.448742,0.941951,11940.3,206.0,403.3,409.1,100.0,1.0
821595,5141,158,10.781775,0.894488,0.001979,0.038188,0.0,0.00338923,0.204492,0.999542,0.235655,0.420697,0.94895,11428.3,201.1,414.9,261.8,100.0,1.0
821758,5142,163,10.01229,0.839633,0.079132,0.020887,0.0,0.0029108,0.212803,1.0,0.335978,0.403952,0.929504,11814.4,210.4,382.5,512.6,100.0,1.0
821922,5143,164,9.81265,0.4415,0.083044,0.0,3.3e-05,0.00269666,0.231357,0.991954,0.326066,0.437692,0.897259,11399.3,198.2,328.8,474.0,100.0,1.0
822081,5144,159,9.592614,0.791964,0.042714,0.003747,0.000122,0.0027531,0.220798,1.0,0.251541,0.429967,0.905374,11554.9,202.0,342.3,507.2,100.0,1.0
822243,5145,162,7.992213,0.872633,0.074265,0.026824,0.0,0.00251966,0.140507,0.813777,0.218134,0.344882,0.890813,10720.5,199.3,318.0,683.8,100.0,1.0
822402,5146,159,8.722085,0.681076,0.028852,0.024424,4.2e-05,0.00304003,0.115458,0.86358,0.172642,0.286679,0.929493,10910.2,212.0,382.5,444.9,100.0,1.0
822559,5147,157,7.145985,0.2,-0.081228,0.007922,0.007204,0.00261016,0.080856,0.66831,-0.065434,0.357449,0.890631,10166.3,187.2,317.7,430.0,100.0,1.0
822714,5148,155,7.61403,0.676761,-0.059208,0.015023,4.3e-05,0.00292947,0.068739,0.621776,0.147102,0.307957,0.898393,9989.0,190.9,330.7,451.8,100.0,1.0
822877,5149,163,6.121937,0.2,-0.260799,0.0,0.184949,0.00299977,-0.068587,0.508536,-0.160742,0.115712,0.903727,9557.5,214.2,339.5,562.5,100.0,1.0
823038,5150,161,9.676979,0.2,0.098535,0.0,0.036096,0.00278053,0.216907,1.0,0.299942,0.421072,0.926063,11830.0,208.1,376.8,502.8,100.0,1.0
823195,5151,157,7.92726,0.684482,0.01961,0.0,0.0,0.00258253,0.138973,0.91172,0.264771,0.293011,0.930555,11093.7,214.5,384.3,696.9,100.0,1.0
823361,5152,166,6.179189,0.513122,-0.084237,0.022214,4e-06,0.00257386,-0.002886,0.689504,0.010157,0.134151,0.919751,10247.0,225.9,366.3,709.6,100.0,1.0
823524,5153,163,8.982051,0.2,-0.066489,0.0,0.056189,0.00301795,0.124965,0.977282,0.103846,0.258019,0.93179,11343.4,225.4,386.3,651.8,100.0,1.0
823688,5154,164,7.748634,0.722842,-0.052798,0.010855,0.0,0.00306708,0.029229,0.538268,0.024705,0.297863,0.907817,9670.8,186.3,346.4,557.5,100.0,1.0
823843,5155,155,9.674709,0.941603,0.096975,0.035796,8.6e-05,0.00261962,0.258551,1.0,0.533555,0.44734,0.894961,12162.1,210.1,324.9,490.7,100.0,1.0
823997,5156,154,6.190764,0.512231,-0.275136,0.0,0.000188,0.00311007,-0.053678,0.501574,-0.24687,0.207832,0.950066,9531.0,197.3,416.8,404.7,100.0,1.0
824158,5157,161,10.013048,0.564102,0.123428,0.0,6e-06,0.00253219,0.280228,1.0,0.425248,0.542331,0.916918,12060.6,195.5,361.5,569.6,100.0,1.0
824318,5158,160,9.805299,0.9169,0.002613,0.034581,0.0,0.00311459,0.175332,0.959772,0.233762,0.363496,0.933542,11276.7,206.8,389.2,346.3,100.0,1.0
824479,5159,161,10.308134,0.463364,0.032824,0.0,0.00012,0.00306073,0.215511,0.986212,0.162287,0.442762,0.897504,11377.5,197.1,329.2,570.6,100.0,1.0
824638,5160,159,8.862003,0.2,0.084849,0.0,0.035285,0.00216409,0.264871,1.0,0.40331,0.496287,0.895897,12049.8,201.3,326.5,790.3,100.0,1.0
824798,5161,160,9.80808,0.406775,0.102474,0.0,7.5e-05,0.00291552,0.20751,0.964211,0.298928,0.414875,0.917542,11293.6,199.6,362.6,675.4,100.0,1.0
824954,5162,156,9.587559,0.763002,0.064456,0.0,2.3e-05,0.00304491,0.183895,0.895041,0.239789,0.419516,0.926601,11030.1,194.3,377.7,427.3,100.0,1.0
825113,5163,159,9.083657,0.463557,0.117845,0.0,9.3e-05,0.00256794,0.216007,0.936142,0.372232,0.41869,0.890909,11186.7,197.1,318.2,742.4,100.0,1.0
825278,5164,165,5.554965,0.420597,-0.330153,0.010251,0.0,0.00326834,-0.157503,0.339503,-0.335668,0.070669,0.948318,8913.5,208.1,413.9,391.9,100.0,1.0
825438,5165,160,5.380813,0.123731,-0.033878,0.024698,0.0,0.00219538,0.01861,0.604292,-0.003469,0.208951,0.862786,9922.4,205.2,271.3,809.3,100.0,1.0
825594,5166,156,8.843699,0.663055,0.043057,0.009754,0.0,0.00251372,0.215749,0.936604,0.227586,0.443724,0.874602,11188.5,193.7,291.0,453.2,100.0,1.0
825747,5167,153,10.046016,0.815045,0.084401,0.046859,0.0,0.00302264,0.228086,0.936165,0.236265,0.498058,0.915217,11186.8,186.7,358.7,344.5,100.0,1.0
825905,5168,158,10.125928,0.889136,0.10715,0.011853,0.0,0.00330282,0.174258,0.811551,0.209801,0.478474,0.963998,10712.0,181.1,440.0,292.5,100.0,1.0
826065,5169,160,5.852699,0.405857,-0.122493,0.0,0.013392,0.00254855,-0.005397,0.618986,0.003958,0.175083,0.92229,9978.3,212.3,370.5,676.2,100.0,1.0
826224,5170,159,5.956998,0.680285,-0.188365,0.020223,9.5e-05,0.00288003,-0.04838,0.449464,-0.185848,0.20672,0.899397,9332.5,193.3,332.3,469.0,100.0,1.0
826387,5171,163,10.6708,0.502438,0.11514,0.0,0.0,0.00303097,0.239645,1.0,0.272872,0.4886,0.932329,12129.6,203.7,387.2,497.3,100.0,1.0
826543,5172,156,8.52661,0.823773,-0.038777,0.003705,0.0,0.00312499,0.098813,0.815309,0.040948,0.318057,0.945328,10726.3,203.4,408.9,276.9,100.0,1.0
826700,5173,157,8.809263,1.0,0.088249,0.035155,0.0,0.00277704,0.16979,0.936812,0.282405,0.323326,0.887937,11189.3,211.4,313.2,639.4,100.0,1.0
826857,5174,157,10.066226,0.425689,0.096686,0.001039,6e-05,0.00295832,0.227812,0.949884,0.274969,0.463413,0.890083,11239.1,192.0,316.8,733.5,100.0,1.0
827014,5175,157,9.834338,0.288307,0.054326,0.0,0.055974,0.00270309,0.251992,1.0,0.362039,0.478749,0.902848,11609.7,196.3,338.1,539.9,100.0,1.0
827177,5176,163,6.882718,0.560989,-0.043827,0.0,0.0,0.00260269,0.049153,0.63267,-0.014411,0.27185,0.865255,10030.5,197.2,275.4,674.3,100.0,1.0
827335,5177,158,9.722254,0.2,0.096083,0.010117,6.5e-05,0.00263688,0.252087,1.0,0.332132,0.491329,0.91063,11942.0,200.2,351.1,627.1,100.0,1.0
827504,5178,169,7.028969,0.930934,-0.116875,0.012462,2.7e-05,0.00276939,0.015449,0.689846,-0.009734,0.179413,0.911217,10248.3,217.2,352.0,693.6,100.0,1.0
827667,5179,163,6.748084,0.772179,0.07792,0.0,0.0,0.00246057,0.063105,0.677041,0.116859,0.259209,0.8861,10199.5,202.5,310.2,685.2,100.0,1.0
827831,5180,164,9.404766,0.2,-0.046981,0.0,0.0,0.00289121,0.172778,1.0,0.075279,0.344428,0.890084,11448.4,212.9,316.8,403.1,100.0,1.0
827992,5181,161,10.07541,0.448622,0.132017,0.0,0.0,0.00292373,0.222398,0.959753,0.474828,0.41342,0.921565,11276.7,199.5,369.3,434.1,100.0,1.0
828156,5182,164,9.167028,0.886398,0.036782,0.018082,0.0,0.00264404,0.19703,0.99949,0.164234,0.387396,0.896897,11428.1,205.9,328.2,468.5,100.0,1.0
828320,5183,164,10.144683,0.2,0.117334,0.0,3.3e-05,0.00243663,0.298315,1.0,0.535661,0.54302,0.889837,12611.7,204.3,316.4,689.8,100.0,1.0
828478,5184,158,11.118358,0.765859,0.07068,0.025954,0.0,0.00340074,0.22765,1.0,0.257358,0.464796,0.936018,11477.4,195.9,393.4,304.5,100.0,1.0
828644,5185,166,7.950568,0.2,-0.0033,0.000445,0.009791,0.002982,0.052066,0.757527,0.079633,0.211207,0.919045,10506.2,216.9,365.1,611.2,100.0,1.0
828798,5186,154,8.141253,0.790319,0.000172,0.006102,1e-06,0.00278714,0.131013,0.890643,0.177395,0.304358,0.92452,11013.3,211.1,374.2,479.8,100.0,1.0
828961,5187,163,8.875031,0.390631,0.100094,0.005985,0.0,0.00254314,0.196199,0.957342,0.103201,0.421967,0.888972,11267.5,198.1,315.0,484.3,100.0,1.0
829113,5188,152,7.43773,0.625552,-0.027584,0.0,0.0,0.0026167,0.114086,0.810837,0.321933,0.255326,0.891788,10709.3,213.3,319.6,534.6,100.0,1.0
829273,5189,160,10.440335,0.636235,0.131546,0.0,2e-06,0.00261391,0.300237,1.0,0.573514,0.530426,0.877139,12009.7,196.2,295.2,664.8,100.0,1.0
829441,5190,168,6.412982,0.2,-0.250431,0.002389,0.089012,0.00303127,-0.067932,0.522895,-0.116325,0.127702,0.952416,9612.2,213.1,420.7,543.7,100.0,1.0
829602,5191,161,8.135091,0.695382,-0.019051,0.009622,0.000189,0.00277234,0.113544,0.897142,0.017165,0.295029,0.921878,11038.1,213.1,369.8,720.4,100.0,1.0
829763,5192,161,10.598373,0.705018,0.032109,0.025984,0.0,0.00343889,0.175842,0.923484,0.24144,0.387497,0.936687,11138.5,200.7,394.5,617.2,100.0,1.0
829923,5193,160,4.59059,0.2,-0.198316,0.0,0.292903,0.00290129,-0.148197,0.272942,-0.211244,0.06761,0.889409,8659.9,202.8,315.7,838.7,100.0,1.0
830080,5194,157,7.34049,0.847836,0.025508,0.0,3e-05,0.00279273,0.066913,0.678375,0.011699,0.294766,0.887026,10204.6,197.0,311.7,544.3,100.0,1.0
830237,5195,157,7.489481,0.714662,-0.036762,0.004345,0.0,0.00270852,0.090409,0.782689,-0.012372,0.316461,0.922442,10602.0,201.3,370.7,338.1,100.0,1.0
830393,5196,156,8.120174,0.959442,0.006817,0.04528,1.2e-05,0.00290664,0.105641,0.68965,0.095073,0.386223,0.923071,10247.6,184.8,371.8,421.8,100.0,1.0
830558,5197,165,6.772849,0.284692,-0.02445,0.0,2.3e-05,0.00244503,0.062902,0.659354,0.087302,0.263869,0.864855,10132.1,200.4,274.8,613.4,100.0,1.0
830723,5198,165,9.102515,0.2,0.078283,0.002918,0.028776,0.00271979,0.177988,0.909297,0.173386,0.397109,0.902074,11084.4,198.3,336.8,641.9,100.0,1.0
830880,5199,157,7.006154,1.0,-0.000378,0.035914,1.5e-05,0.00227456,0.125315,0.780424,0.003981,0.387302,0.900438,10593.4,190.9,334.1,438.5,100.0,1.0
831042,5200,162,9.573233,0.964481,0.053747,0.029857,4e-05,0.00264611,0.230499,1.0,0.5459,0.366834,0.8833,11612.3,212.4,305.5,611.4,100.0,1.0
831199,5201,157,6.439652,0.628557,0.031102,0.010332,2e-05,0.00266644,0.024783,0.576132,0.026959,0.266658,0.914434,9815.1,193.7,357.4,580.2,100.0,1.0
831361,5202,162,7.275293,0.244357,0.01999,0.0,0.017605,0.00233472,0.122732,0.761391,0.055631,0.378496,0.898308,10520.9,190.8,330.5,660.8,100.0,1.0
831522,5203,161,8.795962,0.987169,0.035319,0.04211,4.8e-05,0.00283152,0.149797,0.850722,0.242452,0.337761,0.888931,10861.3,203.0,314.9,530.9,100.0,1.0
831691,5204,169,8.45794,0.2,0.081192,0.000832,0.026499,0.00236022,0.183537,0.906817,0.244523,0.37809,0.875423,11075.0,200.9,292.4,793.6,100.0,1.0
831849,5205,158,9.349072,0.788346,0.094624,0.012881,0.000108,0.00284676,0.194005,0.804738,0.313324,0.446878,0.869055,10686.1,184.6,281.8,515.6,100.0,1.0
832008,5206,159,8.183115,0.2,0.138229,0.0,0.0,0.00220439,0.213026,0.926749,0.36474,0.39744,0.856444,11150.9,199.5,260.7,985.8,100.0,1.0
832166,5207,158,8.421858,0.678283,0.081646,0.012444,0.0,0.0024409,0.194296,0.952836,0.298087,0.366851,0.881847,11250.3,205.8,303.1,643.0,100.0,1.0
832324,5208,158,10.390032,0.2,0.070658,0.0,0.094846,0.00304935,0.233721,1.0,0.336445,0.45746,0.931631,11869.9,203.6,386.1,392.3,100.0,1.0
832488,5209,164,7.724481,0.318141,-0.067384,0.00632,0.0,0.002871,0.061149,0.746233,0.054886,0.229341,0.890536,10463.1,212.8,317.6,545.5,100.0,1.0
832647,5210,159,11.427584,0.310914,0.11178,0.0,0.010001,0.00309552,0.294942,1.0,0.387246,0.593804,0.925216,12430.0,195.0,375.4,440.5,100.0,1.0
832802,5211,155,8.863037,0.249152,0.113581,0.007851,4e-06,0.00243691,0.232807,1.0,0.283247,0.446902,0.897113,11720.2,202.5,328.5,607.0,100.0,1.0
832964,5212,162,6.630094,0.710661,-0.024797,0.006957,3.8e-05,0.00247622,0.055559,0.686165,0.106763,0.246623,0.901231,10234.3,205.2,335.4,606.0,100.0,1.0
833127,5213,163,9.199095,0.474212,0.040345,0.0,0.0,0.00286735,0.166298,0.915913,0.173631,0.357568,0.892281,11109.6,204.6,320.5,476.5,100.0,1.0
833284,5214,157,9.707839,0.551051,0.092892,0.002802,0.0,0.00274742,0.2374,0.985479,0.364924,0.456816,0.912753,11374.7,195.2,354.6,368.9,100.0,1.0
833442,5215,158,7.666485,0.523886,0.079124,0.0,6.4e-05,0.00230567,0.16383,0.829129,0.204025,0.392505,0.883429,10779.0,193.5,305.7,512.6,100.0,1.0
833601,5216,159,6.767167,0.641408,0.000307,0.023466,5e-06,0.00240592,0.083626,0.787125,-0.005917,0.281401,0.900494,10618.9,207.2,334.2,803.1,100.0,1.0
833763,5217,162,8.807334,0.2,0.070432,0.0,0.007252,0.00266743,0.174593,0.94703,0.156873,0.360172,0.887681,11228.2,206.4,312.8,661.6,100.0,1.0
833925,5218,162,8.608293,0.2,0.101844,0.0,0.020545,0.002522,0.184468,1.0,0.483644,0.272469,0.891537,11521.5,226.4,319.2,890.7,100.0,1.0
834086,5219,161,10.398977,0.2,0.056209,0.0,0.033189,0.00280952,0.264086,1.0,0.592208,0.464768,0.924168,12099.5,206.5,373.6,493.1,100.0,1.0
834249,5220,163,9.801697,0.30028,0.097256,0.000191,0.000168,0.00273846,0.228948,1.0,0.261001,0.434908,0.884461,11787.2,205.4,307.4,683.9,100.0,1.0
834407,5221,158,7.374388,0.923739,0.053595,0.01177,7e-06,0.00227221,0.149091,0.822305,0.150493,0.362866,0.866722,10753.0,197.2,277.9,758.5,100.0,1.0
834567,5222,160,10.780844,0.70649,0.134002,0.01255,0.0,0.00255791,0.333545,1.0,0.502424,0.634325,0.881709,11753.1,179.8,302.8,515.9,100.0,1.0
834723,5223,156,9.130944,1.0,0.105332,0.020536,0.0,0.00287749,0.180252,0.91035,0.17873,0.412588,0.920975,11088.4,196.2,368.3,354.7,100.0,1.0
834884,5224,161,10.070177,0.579717,0.123481,0.0,1.6e-05,0.00274421,0.252053,1.0,0.394974,0.470179,0.902063,12349.5,210.0,336.8,522.4,100.0,1.0
835036,5225,152,7.194323,0.964854,-0.000655,0.037302,3e-06,0.0028491,0.062668,0.676826,0.023152,0.28968,0.898904,10198.7,197.7,331.5,402.4,100.0,1.0
835205,5226,169,5.736694,0.2,-0.056734,0.0,0.019771,0.00248222,-0.024193,0.455286,0.018029,0.168546,0.828943,9354.6,200.1,214.9,838.9,100.0,1.0
835358,5227,153,4.259048,0.953613,-0.251565,0.03839,3.1e-05,0.00259851,-0.104088,0.359386,-0.168182,0.127125,0.911867,8989.3,199.4,353.1,526.1,100.0,1.0
835519,5228,161,8.810101,0.2,0.015799,0.001394,0.350808,0.00245605,0.211656,1.0,0.252861,0.389816,0.878226,11620.1,209.0,297.0,552.1,100.0,1.0
835676,5229,157,7.90933,0.87179,0.075522,0.04862,2.4e-05,0.00246612,0.157822,0.813265,0.442714,0.31625,0.865063,10718.5,203.6,275.1,898.1,100.0,1.0
835836,5230,160,5.884966,0.779979,-0.290161,0.042565,0.000338,0.00340146,-0.138734,0.320254,-0.163628,0.080452,0.938464,8840.2,204.5,397.4,363.1,100.0,1.0
835994,5231,158,10.623837,0.2,0.050808,0.0,2.3e-05,0.00348073,0.182258,0.942363,0.237936,0.399365,0.947489,11210.4,200.3,412.5,430.6,100.0,1.0
836150,5232,156,9.712497,0.2,0.127244,0.0,0.047344,0.00246137,0.285509,0.986325,0.441075,0.521953,0.855844,11377.9,186.9,259.7,662.4,100.0,1.0
836315,5233,165,6.847479,0.827035,-0.031502,0.012948,0.0,0.00262455,0.038944,0.725941,-0.00809,0.223376,0.92433,10385.8,212.2,373.9,489.8,100.0,1.0
836478,5234,163,8.813888,0.2,-0.054029,0.0,0.020359,0.00257116,0.188441,0.992189,0.216437,0.341642,0.871627,11400.2,212.4,286.0,530.9,100.0,1.0
836646,5235,168,6.395324,0.838632,-0.208685,0.001612,0.0,0.00299631,-0.062543,0.555651,-0.0417,0.077419,0.913014,9737.0,225.9,355.0,581.5,100.0,1.0
836810,5236,164,10.010642,0.75144,0.004261,0.012016,3.6e-05,0.00310022,0.181709,1.0,0.173838,0.366574,0.929217,11495.1,210.3,382.0,458.3,100.0,1.0
836965,5237,155,7.944726,0.2,0.039359,0.001446,0.093237,0.00209327,0.2233,1.0,0.28648,0.413443,0.8829,11509.5,203.6,304.8,787.6,100.0,1.0
837125,5238,160,8.354814,0.847577,0.104792,0.016704,2e-06,0.00234948,0.200101,1.0,0.285706,0.354734,0.881452,11695.2,215.8,302.4,933.6,100.0,1.0
837286,5239,161,8.95144,0.408879,0.057959,0.0,0.031641,0.00251307,0.212539,0.97452,0.201039,0.417756,0.873189,11332.9,199.8,288.6,535.7,100.0,1.0
837447,5240,161,10.859758,0.640732,0.126518,0.016034,7e-06,0.00304792,0.258025,1.0,0.392143,0.496291,0.918822,11500.3,192.1,364.7,652.8,100.0,1.0
837609,5241,162,10.073157,0.585297,0.083202,0.002406,5.2e-05,0.00271598,0.254585,1.0,0.436488,0.465326,0.900776,11500.6,196.2,334.6,640.6,100.0,1.0
837773,5242,164,8.63558,1.0,0.014745,0.031291,5e-06,0.00257763,0.172745,0.917744,0.078201,0.401727,0.900807,11116.6,198.3,334.7,708.6,100.0,1.0
837937,5243,164,8.017565,0.2,0.021506,0.0,0.231359,0.00244635,0.151661,0.911731,0.135682,0.336949,0.898476,11093.7,207.4,330.8,751.8,100.0,1.0
838099,5244,162,9.633694,0.996152,0.01994,0.039989,0.0,0.00319451,0.14683,0.854638,0.208327,0.361139,0.928471,10876.2,199.8,380.8,355.3,100.0,1.0
838249,5245,150,9.926376,1.0,-0.051743,0.036743,0.0,0.00357389,0.148542,0.844554,0.131092,0.402503,0.946826,10837.8,193.2,411.4,271.3,100.0,1.0
838411,5246,162,9.773453,1.0,0.0863,0.018659,0.0,0.00292648,0.200066,1.0,0.367682,0.365525,0.931649,11751.8,215.2,386.1,464.5,100.0,1.0
838578,5247,167,4.127612,1.0,-0.315377,0.028348,7e-06,0.00242899,-0.120918,0.424764,-0.242143,0.030931,0.861068,9238.4,224.0,268.4,944.0,100.0,1.0
838739,5248,161,10.266755,0.226341,0.126309,0.011726,6.2e-05,0.00276072,0.26376,1.0,0.601241,0.427649,0.869695,12097.5,211.8,282.8,874.4,100.0,1.0
838896,5249,157,5.652403,0.869726,-0.171688,0.02635,3.8e-05,0.00267158,-0.029497,0.545485,-0.02677,0.145197,0.885082,9698.3,211.7,308.5,406.2,100.0,1.0
839058,5250,162,8.462909,0.657706,0.015966,0.001738,6.8e-05,0.00261565,0.160103,0.968267,0.209137,0.302708,0.895842,11309.1,217.0,326.4,552.1,100.0,1.0
839219,5251,161,9.757128,0.313069,-0.001367,0.000926,0.045081,0.0030233,0.186414,0.991598,0.250102,0.350884,0.907396,11398.0,210.9,345.7,594.9,100.0,1.0
839377,5252,158,6.456076,0.617683,-0.061603,0.027509,6.5e-05,0.00304323,-0.035379,0.431733,0.052543,0.209286,0.929124,9264.9,191.5,381.9,423.8,100.0,1.0
839537,5253,160,7.688986,0.2,-0.158819,0.000376,0.099566,0.00357114,-0.040825,0.505177,-0.108039,0.214444,0.968372,9544.7,196.5,447.3,538.1,100.0,1.0
839695,5254,158,7.943701,0.503602,0.108375,0.03221,2.2e-05,0.00250336,0.152706,0.826291,0.206848,0.358648,0.872044,10768.2,198.1,286.7,686.5,100.0,1.0
839853,5255,158,10.486174,0.679212,0.069454,0.036669,1e-06,0.00326474,0.207914,1.0,0.274179,0.415744,0.943205,11875.5,209.7,405.3,431.8,100.0,1.0
840004,5256,151,5.89515,0.2,-0.042792,0.005241,0.292531,0.00275766,-0.009498,0.447787,0.118214,0.226087,0.894804,9326.1,190.2,324.7,723.9,100.0,1.0
840169,5257,165,9.22313,0.724362,-0.05688,0.0,0.0,0.00306057,0.13166,0.88012,0.142488,0.309,0.904876,10973.3,209.6,341.5,437.4,100.0,1.0
840327,5258,158,11.525092,0.317157,0.162003,0.0,0.0,0.00313234,0.300721,1.0,0.427818,0.578873,0.894439,11579.2,183.3,324.1,450.8,100.0,1.0
840492,5259,165,9.604281,0.465314,0.016402,0.0,2.6e-05,0.00282538,0.196904,1.0,0.195275,0.386457,0.908824,11636.4,209.8,348.0,524.5,100.0,1.0
840649,5260,157,8.017914,0.613008,-0.076155,0.0,5.6e-05,0.00330502,0.034728,0.752006,0.03796,0.190506,0.933089,10485.1,220.2,388.5,441.0,100.0,1.0
840804,5261,155,8.89166,0.2,0.118401,0.0,0.111789,0.00242124,0.238725,0.977018,0.439848,0.431498,0.888455,11342.4,198.1,314.1,614.3,100.0,1.0
840963,5262,159,9.543115,-0.056062,0.102156,0.029209,0.0,0.00253083,0.2566,1.0,0.459123,0.46736,0.905025,12023.0,204.8,341.7,759.7,100.0,1.0
841124,5263,161,6.183357,0.929237,-0.178493,0.034675,0.0,0.00279022,-0.022234,0.595187,-0.187641,0.188511,0.910685,9887.7,208.0,351.1,469.1,100.0,1.0
841286,5264,162,8.075854,0.2,0.059125,0.0,0.011663,0.00264431,0.129308,0.869352,0.24623,0.296115,0.924396,10932.2,210.9,374.0,598.4,100.0,1.0
841445,5265,159,7.940989,0.2,0.126704,0.002648,0.039945,0.00238449,0.169253,0.87242,0.350889,0.328,0.860564,10943.9,206.0,267.6,1093.7,100.0,1.0
841608,5266,163,9.909994,0.926586,0.125408,0.0,5.4e-05,0.00235166,0.301045,1.0,0.422442,0.579827,0.892519,12727.8,201.4,320.9,617.6,100.0,1.0
841758,5267,150,9.813202,0.59796,0.104595,0.002703,0.0,0.00267972,0.275732,1.0,0.43221,0.522188,0.905456,11749.7,193.0,342.4,427.0,100.0,1.0
841919,5268,161,10.010091,0.794293,-0.105557,0.016268,4e-05,0.00362848,0.107148,0.903468,0.170573,0.268896,0.973337,11062.2,217.9,455.6,277.3,100.0,1.0
842086,5269,167,9.262301,0.2,0.078961,0.017533,0.110887,0.00263364,0.199968,0.949632,0.196262,0.41069,0.885367,11238.1,199.2,308.9,595.1,100.0,1.0
842243,5270,157,9.37702,0.2,0.048301,0.000769,0.0,0.00243499,0.265428,1.0,0.434383,0.46571,0.857176,11777.8,200.9,262.0,834.8,100.0,1.0
842399,5271,156,8.381542,0.607626,0.048319,0.016968,0.000377,0.00276643,0.147403,0.843432,0.201506,0.345897,0.887858,10833.5,201.2,313.1,461.5,100.0,1.0
842557,5272,158,9.321411,0.485206,-0.015384,0.0,0.000221,0.00321493,0.135965,0.909074,0.08391,0.326053,0.920462,11083.6,209.0,367.4,436.8,100.0,1.0
842720,5273,163,5.956947,1.0,-0.186447,0.040667,0.000154,0.00295077,-0.069439,0.474394,-0.193694,0.144488,0.905851,9427.4,205.9,343.1,529.6,100.0,1.0
842879,5274,159,9.943476,0.385672,0.093642,0.003404,4.6e-05,0.002857,0.232754,1.0,0.368615,0.437878,0.917037,12224.6,212.5,361.7,491.4,100.0,1.0
843038,5275,159,9.226656,0.34685,0.071676,0.009715,0.034458,0.00267912,0.211547,0.997512,0.455567,0.361512,0.911968,11420.5,209.7,353.3,570.9,100.0,1.0
843197,5276,159,6.242372,0.468745,-0.015979,0.000853,0.0,0.00254516,0.026652,0.691847,0.090953,0.175352,0.902184,10255.9,218.1,337.0,596.7,100.0,1.0
843358,5277,161,6.972296,0.202894,0.041585,0.0,6.6e-05,0.00205209,0.151377,0.881906,0.177231,0.328084,0.872225,10980.1,206.7,287.0,780.4,100.0,1.0
843518,5278,160,9.824449,0.956745,-0.012234,0.042262,0.0,0.0033033,0.150326,0.933509,0.168996,0.347333,0.955538,11176.7,207.4,425.9,490.6,100.0,1.0
843676,5279,158,9.801216,0.764767,0.097685,0.036189,0.0,0.00281513,0.232528,1.0,0.431214,0.426153,0.924217,12686.1,222.4,373.7,700.4,100.0,1.0
843838,5280,162,6.384907,0.439979,-0.010998,0.0,0.019853,0.0025939,0.021036,0.612895,0.111972,0.200821,0.894852,9955.1,207.3,324.8,817.1,100.0,1.0
844004,5281,166,6.106301,0.710099,0.002616,0.0,0.0,0.00238055,0.026833,0.673248,0.01495,0.174038,0.850357,10185.1,216.9,250.6,692.5,100.0,1.0
844163,5282,159,9.84735,0.2,0.066847,0.001359,0.138392,0.00286626,0.224829,0.985867,0.387993,0.408267,0.894977,11376.2,202.0,325.0,674.0,100.0,1.0
844320,5283,157,8.682498,1.0,0.113504,0.032083,0.0,0.00238002,0.226422,0.993108,0.325498,0.432594,0.909769,11403.7,199.0,349.6,646.4,100.0,1.0
844479,5284,159,11.55138,1.0,0.137431,0.023321,0.0,0.00322692,0.285307,1.0,0.488057,0.574979,0.973963,12307.3,195.4,456.6,296.3,100.0,1.0
844640,5285,161,10.7061,0.924622,0.099011,0.013968,8.4e-05,0.00283527,0.283533,1.0,0.598596,0.509584,0.920639,12539.7,207.7,367.7,459.6,100.0,1.0
844799,5286,159,10.044115,0.822222,0.110366,0.021368,8.4e-05,0.00246889,0.30172,1.0,0.44513,0.576559,0.893668,12347.5,195.8,322.8,508.6,100.0,1.0
844961,5287,162,4.618975,0.344811,-0.204851,0.0,2.3e-05,0.00307019,-0.178107,0.301897,-0.23782,0.002393,0.923025,8770.2,218.7,371.7,545.3,100.0,1.0
845127,5288,166,7.831641,0.2,-0.019052,0.0,0.183,0.00274688,0.08541,0.831866,0.098654,0.232295,0.901358,10789.4,218.9,335.6,655.9,100.0,1.0
845287,5289,160,8.123371,0.738658,0.092463,0.021241,0.0,0.00252509,0.157561,1.0,0.220005,0.275435,0.898452,11433.3,224.1,330.8,707.5,100.0,1.0
845448,5290,161,10.207358,0.704736,0.082608,0.00027,0.0,0.00272863,0.266343,1.0,0.37493,0.514345,0.90755,11666.0,192.6,345.9,350.7,100.0,1.0
845612,5291,164,9.02331,0.785193,0.071647,0.0,0.0,0.00269118,0.182456,1.0,0.351968,0.286768,0.869794,11820.2,229.6,283.0,567.6,100.0,1.0
845778,5292,166,7.882221,0.516692,0.053455,0.00032,0.0,0.00252654,0.125523,0.804745,0.16231,0.319145,0.878209,10686.1,202.5,297.0,733.7,100.0,1.0
845935,5293,157,4.630653,0.829496,-0.323711,0.042295,0.000145,0.00247107,-0.067821,0.557568,-0.189995,0.093321,0.902168,9744.3,222.8,336.9,732.7,100.0,1.0
846090,5294,155,6.890754,0.571163,-0.130183,0.009037,2e-05,0.00259371,0.074353,0.775222,0.144374,0.229358,0.90253,10573.6,215.0,337.6,397.4,100.0,1.0
846252,5295,162,8.538213,0.694838,0.118581,0.01575,1.6e-05,0.00242403,0.197586,0.90394,0.335427,0.398292,0.885035,11064.0,197.8,308.4,1140.1,100.0,1.0
846414,5296,162,7.960191,0.2,-0.027258,0.0,0.027397,0.00229101,0.179174,1.0,0.067623,0.359345,0.885305,11537.4,212.2,308.8,637.7,100.0,1.0
846576,5297,162,10.100671,0.565352,0.052219,0.04127,0.0,0.00325449,0.171082,1.0,0.157578,0.369535,0.969959,11701.6,213.6,449.9,430.3,100.0,1.0
846740,5298,164,5.353321,0.803466,-0.216357,0.026225,5.1e-05,0.00241922,-0.026629,0.589524,-0.055222,0.124656,0.8734,9866.1,219.3,289.0,641.8,100.0,1.0
846901,5299,161,7.152349,0.958776,0.028007,0.02616,0.0,0.00276184,0.049849,0.642926,0.126922,0.249792,0.893966,10069.5,201.4,323.3,574.5,100.0,1.0
847062,5300,161,9.96129,0.41204,0.032716,0.003412,0.00023,0.00331982,0.154263,0.946349,0.230478,0.318876,0.931691,11225.6,212.8,386.2,327.3,100.0,1.0
847225,5301,163,9.829678,0.426528,-0.032244,0.00765,0.0,0.00324629,0.150618,0.954033,0.009927,0.37553,0.95638,11254.9,204.6,427.3,316.2,100.0,1.0
847385,5302,160,7.150736,0.600064,-0.14935,0.0,0.0,0.00313078,-0.006371,0.671771,-0.136916,0.172151,0.917928,10179.4,217.1,363.2,636.7,100.0,1.0
847549,5303,164,8.478974,0.244464,0.028963,0.002172,0.039659,0.00254331,0.169367,1.0,0.171353,0.304035,0.877531,11635.1,223.1,295.9,643.7,100.0,1.0
847609,5304,60,-8.282137,0.2,-0.599934,0.0,0.154069,0.0019682,-0.772794,-1.0,-1.0,-1.0,0.091175,0.0,6.9,72.0,166.2,100.0,1.0
847772,5305,163,8.762154,0.79954,0.003603,0.0,5.6e-05,0.00270485,0.165228,0.94958,0.188906,0.343482,0.913801,11237.9,209.1,356.3,502.3,100.0,1.0
847936,5306,164,9.012327,1.0,0.005774,0.015584,0.0,0.00310086,0.114919,0.787776,0.16509,0.329753,0.921743,10621.4,199.7,369.6,406.3,100.0,1.0
848095,5307,159,7.16412,0.341108,0.059633,0.0,0.000474,0.00254662,0.090718,0.724956,0.058226,0.319313,0.896275,10382.1,196.7,327.1,546.3,100.0,1.0
848256,5308,161,10.377749,0.443022,0.142824,0.0,1.3e-05,0.00264329,0.292402,1.0,0.508718,0.56412,0.936469,12018.1,192.1,394.1,523.4,100.0,1.0
848420,5309,164,6.770508,0.913111,0.009525,0.015671,3.3e-05,0.0025556,0.049298,0.656306,0.12459,0.228275,0.874191,10120.5,206.0,290.3,593.6,100.0,1.0
848582,5310,162,7.079267,0.893655,-0.025459,0.041516,0.0,0.00269441,0.053286,0.782391,-0.090158,0.253402,0.938627,10600.9,211.4,397.7,586.0,100.0,1.0
848738,5311,156,9.964936,1.0,0.05284,0.04737,0.0,0.00290752,0.235881,1.0,0.406212,0.434577,0.914286,12045.2,209.9,357.1,347.7,100.0,1.0
848898,5312,160,8.746126,0.56358,0.129041,0.011712,0.000149,0.00237082,0.225813,0.978203,0.383578,0.401371,0.870575,11347.0,202.4,284.3,733.6,100.0,1.0
849064,5313,166,9.663252,0.533664,0.089435,0.002891,0.000165,0.00291981,0.183932,1.0,0.30841,0.330314,0.916138,11689.0,219.7,360.2,559.0,100.0,1.0
849220,5314,156,8.114393,0.945173,0.002264,0.005108,0.0,0.00264706,0.148545,0.946249,0.079709,0.345171,0.936226,11225.2,208.6,393.7,404.5,100.0,1.0
849379,5315,159,10.50011,0.463234,0.115421,0.012517,2.7e-05,0.00278809,0.283283,1.0,0.49252,0.524999,0.903873,12411.8,203.5,339.8,615.7,100.0,1.0
849539,5316,160,8.811958,0.2,0.04916,0.0,1.1e-05,0.00289421,0.146738,0.844005,0.198034,0.363085,0.917203,10835.7,198.7,362.0,461.6,100.0,1.0
849697,5317,158,10.561233,1.0,0.060822,0.030887,0.0,0.00325491,0.216665,0.957339,0.44146,0.411004,0.92487,11267.5,199.6,374.8,355.4,100.0,1.0
849852,5318,155,7.822131,0.574937,0.088611,0.005016,1e-05,0.00296731,0.081477,0.751306,0.077302,0.282774,0.908758,10482.5,204.3,347.9,547.9,100.0,1.0
850015,5319,163,11.058288,0.430216,0.009504,0.0,0.0,0.0036716,0.167024,0.886316,0.188913,0.404759,0.941398,10996.9,195.7,402.3,290.1,100.0,1.0
850175,5320,160,6.387211,1.0,-0.065643,0.026934,0.0,0.00271088,0.008475,0.687358,-0.039662,0.180802,0.926874,10238.8,216.8,378.1,418.4,100.0,1.0
850336,5321,161,8.710116,0.830284,0.068494,0.025097,0.0,0.0028216,0.148764,0.978844,0.188838,0.301431,0.941613,11349.4,218.0,402.7,585.0,100.0,1.0
850498,5322,162,9.851234,0.640122,0.021677,0.028183,0.00013,0.00294735,0.204607,1.0,0.315721,0.374007,0.906272,11876.8,216.1,343.8,442.3,100.0,1.0
850656,5323,158,8.63295,0.222232,0.006567,0.001438,0.09043,0.00299624,0.12437,0.857314,0.182673,0.326297,0.954976,10886.4,205.2,425.0,454.9,100.0,1.0
850818,5324,162,9.80012,0.2,0.083028,0.006928,0.008681,0.00276831,0.230193,1.0,0.384868,0.419509,0.904388,11471.2,202.0,340.6,758.6,100.0,1.0
850972,5325,154,6.021598,1.0,-0.056947,0.0508,0.0,0.00298939,-0.043352,0.37537,-0.113965,0.269654,0.93464,9050.2,178.2,391.1,316.9,99.976,1.0
851130,5326,158,7.320871,0.2,0.01767,0.011913,0.012109,0.00269469,0.08125,0.74395,0.064431,0.287053,0.904005,10454.4,203.1,340.0,624.6,100.0,1.0
851286,5327,156,6.012244,0.429478,-0.130887,0.00025,0.000193,0.00265632,0.002001,0.542724,-0.077179,0.249589,0.903192,9687.8,193.8,338.7,484.8,100.0,1.0
851445,5328,159,8.595834,1.0,-0.061598,0.030919,0.0,0.00338867,0.056556,0.737177,0.134329,0.235258,0.9411,10428.6,211.1,401.8,413.3,100.0,1.0
851610,5329,165,9.919755,0.430458,0.145164,0.0,0.0,0.00242746,0.286608,1.0,0.444307,0.514185,0.853986,11949.6,197.3,256.6,703.9,100.0,1.0
851766,5330,156,6.623678,0.43966,-0.083865,0.011209,0.000135,0.00293158,0.001497,0.608851,-0.067973,0.194687,0.887174,9939.7,208.0,312.0,509.0,100.0,1.0
851926,5331,160,9.110463,0.674556,0.134564,0.004234,0.0,0.00229022,0.264668,1.0,0.456274,0.466702,0.870562,12233.7,208.5,284.3,860.1,100.0,1.0
852086,5332,160,10.880012,0.55366,0.057493,0.0,0.0,0.00328711,0.227777,1.0,0.315942,0.444726,0.926829,12072.6,208.9,378.0,438.5,100.0,1.0
852245,5333,159,11.113471,0.2,0.033834,0.0,0.336231,0.00360904,0.196169,1.0,0.225863,0.398692,0.943577,11825.2,211.4,406.0,422.3,100.0,1.0
852404,5334,159,10.640234,0.634795,0.142828,0.0,1.7e-05,0.00298918,0.262069,1.0,0.377077,0.510046,0.918628,12367.3,204.8,364.4,720.8,100.0,1.0
852569,5335,165,8.695885,1.0,0.041089,0.036116,5.1e-05,0.00283932,0.134162,0.844555,0.209788,0.319386,0.902842,10837.8,205.4,338.1,427.2,100.0,1.0
852727,5336,158,6.737056,0.2,-0.011719,0.0,0.028679,0.00241167,0.085871,0.765029,0.157128,0.251991,0.887582,10534.8,210.4,312.6,714.8,100.0,1.0
852885,5337,158,7.350081,1.0,0.065878,0.018605,0.0,0.00250941,0.11291,0.750204,0.132128,0.335014,0.887437,10478.3,196.2,312.4,631.1,100.0,1.0
853038,5338,153,6.107233,0.2,-0.241903,0.0,0.183266,0.00280867,-0.006468,0.559275,0.089292,0.180122,0.909059,9750.8,206.6,348.4,595.0,100.0,1.0
853195,5339,157,9.099152,0.370182,0.113983,0.0,5.6e-05,0.00222196,0.281778,0.921059,0.464983,0.542348,0.847697,11129.2,180.4,246.2,803.6,100.0,1.0
853353,5340,158,8.043045,0.656455,-0.080315,0.011407,9.1e-05,0.00334987,0.028161,0.679936,-0.053428,0.249396,0.944954,10210.6,204.3,408.3,317.5,100.0,1.0
853513,5341,160,9.280564,1.0,0.054608,0.023085,0.0,0.00246819,0.248362,0.961335,0.56243,0.413381,0.854267,11282.7,199.6,257.1,654.5,100.0,1.0
853668,5342,155,8.91127,0.339343,-0.034867,0.0,0.0,0.00298427,0.155122,0.997783,0.054335,0.33473,0.934597,11421.6,213.9,391.0,555.8,100.0,1.0
853827,5343,159,9.890983,0.877462,0.068314,0.013399,0.0,0.00257541,0.276131,1.0,0.470907,0.488201,0.86496,12499.5,210.0,274.9,469.2,100.0,1.0
853986,5344,159,9.017487,1.0,0.131665,0.027085,2.6e-05,0.00230219,0.259022,1.0,0.43514,0.445844,0.851318,11640.0,201.3,252.2,579.7,100.0,1.0
854143,5345,157,8.994864,0.2,0.083117,0.0,0.100143,0.00248219,0.233795,1.0,0.333199,0.451709,0.920833,11933.1,205.5,368.1,687.5,100.0,1.0
854301,5346,158,10.559822,1.0,0.058392,0.007884,0.0,0.00345846,0.185584,1.0,0.253861,0.385628,0.976212,11642.9,210.1,460.4,275.0,100.0,1.0
854468,5347,167,8.185925,0.276823,0.043763,0.0,0.027464,0.00276107,0.106414,0.885441,0.213436,0.237822,0.925674,10993.5,222.0,376.1,639.5,100.0,1.0
854630,5348,162,7.812698,1.0,0.004391,0.034356,0.0,0.00314952,0.031444,0.685836,0.126387,0.211209,0.948548,10233.0,211.2,414.2,520.8,100.0,1.0
854792,5349,162,9.315928,0.425198,-0.005128,0.005456,7.9e-05,0.00279198,0.193654,1.0,0.080678,0.404924,0.905534,11556.5,205.6,342.6,480.6,100.0,1.0
854951,5350,159,8.536489,0.449907,0.123008,0.014394,0.0,0.00229839,0.226487,0.99843,0.349535,0.412185,0.891792,11424.0,202.2,319.7,726.1,100.0,1.0
855110,5351,159,10.755167,1.0,0.133191,0.022223,2e-05,0.00283809,0.294537,1.0,0.513798,0.54605,0.901053,11977.3,193.7,335.1,636.6,100.0,1.0
855271,5352,161,10.322361,0.2,0.140098,0.0,0.0,0.0025582,0.303935,1.0,0.555095,0.532421,0.858172,12172.1,198.6,263.6,561.9,100.0,1.0
855433,5353,162,10.293404,0.449421,0.109692,0.004645,0.000271,0.00269825,0.2767,1.0,0.486481,0.509694,0.903305,11802.6,195.4,338.8,552.2,100.0,1.0
855593,5354,160,8.928724,0.569277,0.079357,0.014972,7.4e-05,0.00230169,0.250922,1.0,0.34426,0.465993,0.879605,12131.6,206.9,299.3,729.4,100.0,1.0
855753,5355,160,9.538611,0.945392,-0.050017,0.021783,0.0,0.00319936,0.149605,0.959772,0.215102,0.302867,0.931979,11276.7,216.4,386.6,346.3,100.0,1.0
855909,5356,156,5.131612,0.294417,-0.057842,0.0,0.0,0.0024082,-0.01978,0.554402,-0.013344,0.147163,0.863647,9732.3,212.1,272.7,544.9,100.0,1.0
856066,5357,157,9.204768,0.286722,0.041582,0.0,0.030138,0.00270156,0.214236,0.936697,0.297867,0.427138,0.882321,11188.8,196.0,303.9,472.2,100.0,1.0
856230,5358,164,8.138567,0.826363,-0.03558,0.00627,0.0,0.0027756,0.109256,0.819503,0.126571,0.282724,0.885467,10742.3,209.4,309.1,620.7,100.0,1.0
856393,5359,163,4.928598,1.0,-0.244714,0.0,0.0,0.00272873,-0.102948,0.35141,-0.139069,0.128445,0.913086,8958.9,198.5,355.1,400.4,100.0,1.0
856551,5360,158,10.138049,0.2,0.139034,0.0,0.000126,0.00277308,0.265025,1.0,0.399222,0.490646,0.884624,11502.8,192.9,307.7,476.4,100.0,1.0
856718,5361,167,9.37642,0.373194,0.115184,0.006606,0.014649,0.00252832,0.228132,1.0,0.353228,0.42875,0.914764,11865.9,207.6,357.9,501.5,100.0,1.0
856878,5362,160,4.07303,0.718344,-0.116867,0.015138,0.0,0.00245933,-0.110981,0.369538,-0.212494,0.091174,0.874342,9027.9,206.8,290.6,537.6,100.0,1.0
857038,5363,160,7.018484,1.0,0.025975,0.033048,5e-05,0.00257577,0.07467,0.646584,0.134236,0.302073,0.884914,10083.5,193.6,308.2,812.4,100.0,1.0
857205,5364,167,9.342668,0.2,0.0944,0.0,5.2e-05,0.00238641,0.249465,1.0,0.342763,0.464534,0.882502,12064.3,205.9,304.2,587.6,100.0,1.0
857362,5365,157,8.270217,0.211281,0.082536,0.0,1.1e-05,0.00227707,0.216104,0.97527,0.324741,0.397805,0.877237,11335.8,202.7,295.4,812.3,100.0,1.0
857519,5366,157,8.016152,0.215723,0.017832,0.005261,0.082665,0.00271104,0.130346,0.827158,0.202366,0.336647,0.925357,10771.5,201.5,375.6,426.2,100.0,1.0
857677,5367,158,9.155398,0.921449,0.069666,0.017274,0.0,0.00266521,0.213907,0.996682,0.20179,0.416134,0.887585,11417.4,201.6,312.6,391.0,100.0,1.0
857841,5368,164,9.709584,0.723108,0.103826,0.04736,2.2e-05,0.00290954,0.196308,1.0,0.373448,0.356975,0.935306,12051.1,222.0,392.2,515.7,99.634,1.0
858001,5369,160,7.213341,0.61731,-0.005945,0.0,9.5e-05,0.00242109,0.112975,0.826008,0.081501,0.302988,0.891488,10767.1,206.6,319.1,518.1,100.0,1.0
858161,5370,160,7.92918,0.226252,0.050694,0.0,0.106549,0.00269556,0.118712,0.825932,0.243005,0.290211,0.912624,10766.8,208.6,354.4,543.9,100.0,1.0
858324,5371,163,6.257728,0.914019,-0.163318,0.0,0.0,0.00277047,-0.017512,0.635735,-0.085581,0.149783,0.911203,10042.2,218.3,352.0,746.0,100.0,1.0
858480,5372,156,10.098152,0.549117,0.090747,0.0,0.000104,0.0029804,0.23559,1.0,0.367332,0.463593,0.94632,12309.8,210.3,410.5,546.9,100.0,1.0
858639,5373,159,10.007252,0.2,0.080369,0.0,0.047856,0.0028584,0.239791,1.0,0.349592,0.485857,0.958045,12152.4,204.5,430.1,482.8,100.0,1.0
858795,5374,156,10.199692,1.0,0.018414,0.03562,0.0,0.00324909,0.200823,1.0,0.259356,0.405794,0.949719,11454.0,203.7,416.2,480.4,100.0,1.0
858955,5375,160,9.90928,0.918974,0.09846,0.02953,0.0,0.00297905,0.210951,1.0,0.440396,0.394162,0.963013,11856.4,212.6,438.4,437.5,100.0,1.0
859117,5376,162,6.572264,1.0,-0.149368,0.006416,0.0,0.00269942,0.018761,0.624922,0.003521,0.216537,0.897747,10001.0,205.5,329.6,520.0,100.0,1.0
859274,5377,157,9.468742,0.2,0.055368,0.000826,0.033252,0.00265568,0.240144,1.0,0.37703,0.439789,0.893901,11836.9,205.5,323.2,521.7,100.0,1.0
859436,5378,162,10.896919,1.0,0.032142,0.021052,0.0,0.00332136,0.218187,1.0,0.332661,0.444711,0.971853,11819.7,204.5,453.1,330.2,100.0,1.0
859599,5379,163,5.138965,0.626471,0.000517,0.015275,9e-06,0.00213284,0.00902,0.630283,0.035752,0.1622,0.868024,10021.4,215.6,280.0,1055.1,100.0,1.0
859763,5380,164,7.827987,0.423476,0.100793,0.0,0.000132,0.0022544,0.17356,0.938993,0.285642,0.299864,0.838793,11197.6,215.4,231.3,1134.1,100.0,1.0
859928,5381,165,8.514623,0.2,0.085061,0.000567,0.031727,0.00268956,0.147153,0.88446,0.356381,0.279312,0.885301,10989.8,214.8,308.8,834.4,100.0,1.0
860088,5382,160,6.964008,1.0,-0.085196,0.04793,0.0,0.00286126,0.025525,0.691273,0.006531,0.216127,0.937586,10253.8,210.8,396.0,394.8,100.0,1.0
860244,5383,156,9.501597,0.2,-0.071196,0.006913,0.03636,0.00289409,0.208005,1.0,0.201841,0.398169,0.885788,11473.6,205.2,309.6,585.3,100.0,1.0
860406,5384,162,7.533429,0.2,-0.141016,0.002028,6e-06,0.00307692,0.024444,0.6938,-0.006708,0.186612,0.891919,10263.4,216.2,319.9,467.9,100.0,1.0
860565,5385,159,9.6901,0.393196,0.072702,0.0,4.5e-05,0.00311692,0.17708,0.964487,0.259981,0.348848,0.918317,11294.7,209.3,363.9,541.9,100.0,1.0
860728,5386,163,10.547646,0.316334,0.118451,0.0,0.00021,0.00271016,0.290491,1.0,0.328376,0.596505,0.923797,11913.1,186.5,373.0,419.5,100.0,1.0
860888,5387,160,11.140998,0.47884,0.127781,0.0,2e-06,0.00277718,0.329127,1.0,0.561554,0.617471,0.896068,11975.9,185.1,326.8,655.0,100.0,1.0
861048,5388,160,8.950175,0.2,0.154724,0.0,0.081548,0.00261575,0.202876,0.916332,0.31126,0.404846,0.877087,11111.2,197.7,295.1,643.3,100.0,1.0
861205,5389,157,10.295648,0.2,0.110512,0.001851,0.113631,0.00282322,0.271587,1.0,0.563153,0.49596,0.932448,12369.1,206.7,387.4,508.1,100.0,1.0
861361,5390,156,5.060194,0.2,-0.258074,0.009561,0.012086,0.00262753,-0.058554,0.522912,-0.185718,0.115774,0.868077,9612.3,215.4,280.1,682.4,100.0,1.0
861523,5391,162,8.157882,1.0,0.04257,0.051585,0.0,0.00254949,0.153412,0.9583,0.118339,0.338276,0.933227,11271.1,210.6,388.7,427.7,99.952,1.0
861689,5392,166,8.241867,1.0,-0.00996,0.029952,0.0,0.00288399,0.093529,0.859828,0.053962,0.242054,0.894584,10895.9,219.3,324.3,511.9,100.0,1.0
861846,5393,157,6.343045,0.941734,-0.114497,0.030857,6.4e-05,0.00289266,-0.013698,0.644041,-0.066868,0.147891,0.908714,10073.8,219.4,347.9,402.8,100.0,1.0
862001,5394,155,7.931826,1.0,0.074262,0.056821,9e-06,0.00281301,0.114784,0.802779,0.13534,0.329437,0.924879,10678.6,200.8,374.8,544.7,99.795,1.0
862160,5395,159,9.183929,0.815035,0.156125,0.008597,5.2e-05,0.00236165,0.26226,1.0,0.51778,0.437617,0.85826,11633.9,202.3,263.8,825.4,100.0,1.0
862320,5396,160,5.086106,0.459975,-0.030652,0.0,2.5e-05,0.00236791,-0.025672,0.549699,-0.044196,0.152113,0.878089,9714.4,210.8,296.8,701.5,100.0,1.0
862480,5397,160,8.253489,0.782478,0.00026,0.004181,1.5e-05,0.00275413,0.132489,0.90287,0.158668,0.30446,0.923519,11059.9,212.0,372.5,493.6,100.0,1.0
862642,5398,162,6.869141,0.979753,-0.129703,0.015303,0.0,0.00341168,-0.075662,0.407813,-0.091285,0.157451,0.925868,9173.8,198.1,376.4,388.9,100.0,1.0
862803,5399,161,10.437082,0.2,0.081414,0.0,0.22103,0.00290283,0.257545,1.0,0.421018,0.488862,0.920407,11642.6,195.5,367.3,438.4,100.0,1.0
862965,5400,162,9.121407,1.0,0.136039,0.036125,0.0,0.00264235,0.205486,1.0,0.480472,0.330667,0.899311,11661.3,219.1,332.2,652.7,100.0,1.0
863120,5401,155,7.888518,0.370293,-0.062816,0.0,0.0,0.00285215,0.105839,0.809818,0.162752,0.273117,0.88855,10705.4,210.2,314.3,501.9,100.0,1.0
863281,5402,161,9.021248,0.841511,0.084853,0.004664,0.0,0.00262007,0.204784,1.0,0.255079,0.390945,0.908406,11592.5,208.4,347.3,426.7,100.0,1.0
863441,5403,160,12.018491,1.0,0.096597,0.036303,0.0,0.00332802,0.30237,1.0,0.595914,0.558082,0.921819,12046.3,193.3,369.7,288.7,100.0,1.0
863596,5404,155,5.656047,0.928168,-0.044421,0.027818,0.00011,0.00246651,0.010605,0.585924,0.041355,0.200928,0.881529,9852.4,205.1,302.5,739.4,100.0,1.0
863752,5405,156,5.750539,1.0,-0.308226,0.04467,0.0,0.00330115,-0.115506,0.388119,-0.095637,0.081179,0.941773,9098.7,210.4,403.0,275.8,100.0,1.0
863912,5406,160,9.981059,0.749168,0.133199,0.023219,0.000135,0.00251253,0.291406,1.0,0.416972,0.549799,0.880843,12748.5,205.6,301.4,507.9,100.0,1.0
864077,5407,165,6.707233,1.0,-0.300269,0.040094,0.0,0.00336716,-0.089612,0.521384,-0.154443,0.096914,0.973117,9606.5,218.9,455.2,465.1,100.0,1.0
864241,5408,164,8.11587,0.443383,-0.123363,0.0,3.6e-05,0.0031101,0.053861,0.656573,-0.031861,0.292394,0.896214,10121.5,195.8,327.0,420.4,100.0,1.0
864404,5409,163,5.733144,0.296049,-0.165133,0.0,0.005899,0.00332156,-0.143033,0.274148,-0.300032,0.128512,0.931887,8664.5,191.9,386.5,403.1,100.0,1.0
864565,5410,161,9.526026,1.0,0.026408,0.001184,0.0,0.00281912,0.208172,1.0,0.270752,0.392325,0.903333,11555.9,207.5,338.9,432.8,100.0,1.0
864727,5411,162,8.647348,0.642043,-0.005384,0.001383,0.0,0.00316378,0.088475,0.75748,0.069197,0.326916,0.954323,10506.0,197.9,423.9,393.6,100.0,1.0
864888,5412,161,10.318095,0.503675,0.051229,0.008811,9e-06,0.00328152,0.188877,0.976093,0.184169,0.417219,0.961802,11338.9,200.0,436.3,356.3,100.0,1.0
865050,5413,162,9.629299,0.396228,0.040272,0.0,3.1e-05,0.00253599,0.258547,1.0,0.459315,0.457061,0.880834,11794.0,202.4,301.4,844.5,100.0,1.0
865212,5414,162,9.617661,1.0,0.096288,0.05008,0.0,0.00278112,0.218032,0.993573,0.24588,0.43048,0.908566,11405.5,199.3,347.6,486.5,99.998,1.0
865382,5415,170,8.381172,0.2,-0.283859,0.0,5.3e-05,0.00302628,0.068162,0.8801,-0.039866,0.200815,0.912811,10973.2,228.5,354.7,490.5,100.0,1.0
865544,5416,162,8.470272,0.311086,0.023585,0.0,0.003055,0.00241279,0.198004,1.0,0.164275,0.377978,0.87846,11873.4,215.4,297.4,743.8,100.0,1.0
865707,5417,163,8.922937,0.640637,0.121674,0.005492,8.2e-05,0.00240284,0.228682,1.0,0.300763,0.436136,0.903394,12466.2,217.0,339.0,749.8,100.0,1.0
865867,5418,160,9.132744,0.59611,0.090003,0.028305,2.2e-05,0.00272655,0.198695,1.0,0.385835,0.364113,0.942133,12172.1,223.1,403.6,425.3,100.0,1.0
866025,5419,158,8.031607,0.484764,0.050478,0.0,0.0,0.0025752,0.15152,0.887986,0.203127,0.329197,0.889872,11003.2,207.0,316.5,796.5,100.0,1.0
866180,5420,155,9.959598,0.2,0.106973,0.0,0.0,0.00274388,0.267151,1.0,0.460181,0.49444,0.906573,11520.6,192.7,344.3,398.9,100.0,1.0
866342,5421,162,9.323842,0.2,0.064707,0.000545,0.024726,0.00280421,0.194,0.970438,0.326976,0.351362,0.88741,11317.4,209.4,312.4,575.7,100.0,1.0
866498,5422,156,7.313338,0.488173,-0.170067,0.01644,0.006661,0.00322331,0.005683,0.63037,-0.144248,0.250268,0.950367,10021.7,200.4,417.3,337.3,100.0,1.0
866656,5423,158,6.329481,0.451852,-0.186355,0.0264,0.000344,0.0032314,-0.070416,0.492156,-0.130587,0.139268,0.944415,9495.1,208.4,407.4,516.8,100.0,1.0
866821,5424,165,8.246671,0.769153,0.050951,0.003882,7e-06,0.0027682,0.116781,0.866533,0.00613,0.329822,0.929575,10921.5,205.3,382.6,576.1,100.0,1.0
866977,5425,156,9.540183,1.0,0.11523,0.024769,0.0,0.0023609,0.295211,1.0,0.544195,0.529364,0.883818,11504.1,188.1,306.4,518.3,100.0,1.0
867133,5426,156,9.388685,0.650739,0.02064,0.014707,9.4e-05,0.00331075,0.136518,0.741972,0.208368,0.397257,0.914859,10446.9,186.9,358.1,590.3,100.0,1.0
867297,5427,164,8.138011,1.0,-0.15922,0.054998,0.0,0.00323566,0.035423,0.706105,-0.07115,0.244868,0.927742,10310.3,207.1,379.6,330.9,99.372,1.0
867457,5428,160,7.286708,0.889906,-0.050498,0.013541,3e-05,0.00274821,0.067189,0.731171,0.006095,0.261387,0.883074,10405.8,206.2,305.1,562.0,100.0,1.0
867619,5429,162,9.188335,0.2,0.028255,0.0,0.000107,0.0032717,0.109204,0.835143,0.074188,0.326411,0.950261,10801.9,203.6,417.1,642.2,100.0,1.0
867784,5430,165,8.587933,0.591107,0.067145,0.0,0.0,0.00262937,0.163664,0.973232,0.208367,0.302455,0.885851,11328.0,217.4,309.8,529.8,100.0,1.0
867945,5431,161,8.975442,0.568637,0.021694,0.006029,0.0,0.0025237,0.218163,1.0,0.171413,0.461866,0.934899,11873.9,203.1,391.5,591.9,100.0,1.0
868106,5432,161,8.443402,0.568154,0.030038,0.00191,0.0,0.00280606,0.135695,0.884761,0.169077,0.31391,0.911867,10990.9,209.1,353.1,674.2,100.0,1.0
868261,5433,155,10.415017,0.876859,0.047982,0.012502,0.0,0.00322509,0.224819,0.932763,0.268319,0.490596,0.925767,11173.8,187.4,376.3,418.3,100.0,1.0
868421,5434,160,7.018928,0.655002,-0.10826,0.0,7.9e-05,0.00258548,0.07476,0.791198,0.045467,0.236968,0.889493,10634.5,214.9,315.8,710.8,100.0,1.0
868577,5435,156,8.95977,0.2,-0.084921,0.0,0.120705,0.00289009,0.172671,0.90772,0.188069,0.377718,0.896612,11078.4,201.0,327.7,501.9,100.0,1.0
868743,5436,166,8.794399,0.480558,0.046532,0.0,1.2e-05,0.0029653,0.119814,0.848292,0.141222,0.30502,0.913558,10852.0,207.9,355.9,472.2,100.0,1.0
868898,5437,155,9.261993,1.0,0.047462,0.020445,0.0,0.00306685,0.169281,0.928649,0.141089,0.395706,0.941089,11158.2,199.9,401.8,345.4,100.0,1.0
869060,5438,162,8.150983,0.917636,0.096287,0.020548,0.000262,0.00251969,0.159146,0.912905,0.301453,0.286541,0.855367,11098.2,215.7,258.9,793.7,100.0,1.0
869218,5439,158,7.021664,0.813114,-0.063404,0.031867,0.0,0.00275107,0.054065,0.737104,0.024406,0.233354,0.903972,10428.4,211.4,340.0,568.1,100.0,1.0
869374,5440,156,10.412,0.987138,0.090085,0.037742,0.000181,0.00285018,0.280114,1.0,0.415279,0.527995,0.890447,11913.2,194.9,317.4,400.0,100.0,1.0
869533,5441,159,7.564441,0.737556,0.032905,0.017837,0.0,0.00256884,0.118101,0.789825,0.277065,0.281926,0.879331,10629.2,207.3,298.9,642.0,100.0,1.0
869696,5442,163,9.080575,1.0,0.011067,0.044335,0.0,0.00292306,0.155636,0.993759,0.165031,0.295501,0.910031,11406.2,220.1,350.1,387.4,100.0,1.0
869864,5443,168,5.117867,0.560194,-0.270787,0.003067,0.0,0.00275345,-0.106319,0.493877,-0.213014,0.03842,0.895419,9501.7,228.8,325.7,624.0,100.0,1.0
870030,5444,166,11.162285,0.31187,0.106469,0.0,0.000106,0.00303126,0.273908,1.0,0.573218,0.487947,0.914371,11714.0,196.8,357.3,494.4,100.0,1.0
870180,5445,150,9.859725,0.219582,0.088146,0.009915,8.3e-05,0.00281959,0.263541,1.0,0.422736,0.513795,0.937003,12161.6,200.8,395.0,675.0,100.0,1.0
870338,5446,158,8.410093,1.0,0.062302,0.029834,7.4e-05,0.0029339,0.12202,0.895177,0.135001,0.30745,0.953019,11030.6,210.9,421.7,442.8,100.0,1.0
870497,5447,159,9.018985,0.639063,0.073432,0.004959,1.1e-05,0.00258595,0.216839,1.0,0.318901,0.385049,0.876281,12077.5,218.0,293.8,673.3,100.0,1.0
870655,5448,158,9.214713,0.963421,0.097801,0.036224,0.0,0.00263494,0.225323,1.0,0.208649,0.435363,0.878748,11530.0,200.8,297.9,511.5,100.0,1.0
870815,5449,160,9.737804,1.0,0.118682,0.033148,0.0,0.00283908,0.223835,1.0,0.292006,0.439556,0.924752,12277.4,213.2,374.6,439.6,100.0,1.0
870973,5450,158,8.345792,0.902328,-0.052047,0.001061,0.0,0.00289535,0.123719,0.913343,0.140796,0.263187,0.895882,11099.8,219.7,326.5,450.6,100.0,1.0
871131,5451,158,8.224892,0.311392,-0.010938,0.0,0.000352,0.00247583,0.18161,0.992597,0.189146,0.351914,0.904877,11401.8,210.8,341.5,673.7,100.0,1.0
871291,5452,160,8.492846,0.578476,-0.085386,0.000429,0.000212,0.00307665,0.099203,0.918709,0.064339,0.240679,0.932719,11120.3,224.1,387.9,453.2,100.0,1.0
871454,5453,163,8.886487,0.855712,0.037535,0.038789,7e-06,0.00282101,0.159113,0.80678,0.076636,0.449172,0.919657,10693.8,184.5,366.1,402.5,100.0,1.0
871618,5454,164,9.67185,1.0,0.071778,0.013768,0.0,0.00286493,0.203829,1.0,0.275873,0.391722,0.921787,12027.4,216.1,369.6,530.2,100.0,1.0
871782,5455,164,6.963077,0.386013,0.083696,0.0,1e-06,0.00230374,0.107199,0.824378,0.173978,0.242601,0.853333,10760.9,216.5,255.6,728.0,100.0,1.0
871941,5456,159,8.081292,0.720707,-0.023294,0.0,0.000182,0.00264086,0.142996,0.871836,0.179156,0.318011,0.880331,10941.7,207.5,300.6,539.9,100.0,1.0
872100,5457,159,8.650944,0.2,0.03542,0.0,0.17207,0.00242265,0.217367,1.0,0.414506,0.353732,0.862303,11543.5,213.2,270.5,865.7,100.0,1.0
872258,5458,158,6.265314,0.870514,0.09921,0.015192,0.0,0.0022865,0.075126,0.670184,0.209885,0.253754,0.85964,10173.4,202.9,266.1,841.7,100.0,1.0
872418,5459,160,9.170049,0.2,-0.079434,0.0,0.001438,0.00326516,0.116295,0.872129,0.016261,0.331293,0.943522,10942.8,205.5,405.9,287.3,100.0,1.0
872577,5460,159,10.241537,0.061924,0.072099,0.011391,4e-06,0.0033958,0.173512,0.893765,0.261673,0.387295,0.924059,11025.2,198.7,373.4,346.4,100.0,1.0
872746,5461,169,6.221905,0.2,-0.182091,0.0,0.010606,0.00277086,-0.034809,0.600012,-0.143761,0.129917,0.88961,9906.0,219.2,316.0,812.9,100.0,1.0
872912,5462,166,6.486728,0.623389,-0.194804,1.6e-05,0.0,0.00265319,0.011512,0.723172,-0.069492,0.162571,0.90944,10375.3,223.1,349.1,465.2,100.0,1.0
873076,5463,164,8.514131,0.786475,0.016596,0.020953,3.2e-05,0.00255145,0.174769,1.0,0.199984,0.327858,0.905492,11489.0,216.3,342.5,548.8,100.0,1.0
873235,5464,159,4.706788,0.411569,-0.307014,0.0,0.000108,0.00301347,-0.151214,0.339184,-0.186789,0.023114,0.906306,8912.3,217.8,343.8,446.4,100.0,1.0
873397,5465,162,9.410754,0.585457,0.043216,0.005855,9.4e-05,0.00279167,0.203468,1.0,0.226318,0.378092,0.881602,11447.0,207.7,302.7,565.6,100.0,1.0
873561,5466,164,8.942011,0.2,-0.06286,0.0,0.117561,0.00271721,0.177459,1.0,0.147445,0.340064,0.893243,11898.3,222.0,322.1,635.4,100.0,1.0
873719,5467,158,8.7401,0.326376,0.128193,0.000452,0.000122,0.00216725,0.266598,1.0,0.425111,0.450877,0.825056,11942.3,205.8,208.4,968.6,100.0,1.0
873881,5468,162,9.981832,0.586591,0.096386,0.002344,0.000125,0.00269435,0.259076,1.0,0.472825,0.453238,0.878006,11969.1,205.9,296.7,722.4,100.0,1.0
874038,5469,157,10.888963,0.544415,0.080395,0.007584,0.000243,0.00305098,0.279819,1.0,0.478038,0.516207,0.89787,11730.2,193.4,329.8,486.3,100.0,1.0
874194,5470,156,8.674403,0.731569,-0.003684,0.015626,1.5e-05,0.00317851,0.108699,0.713525,0.03667,0.409369,0.948387,10338.5,183.4,414.0,344.3,100.0,1.0
874351,5471,157,9.033862,0.752808,0.077785,0.027606,2.6e-05,0.00304892,0.150978,0.829743,0.210472,0.384868,0.925808,10781.3,194.6,376.3,410.5,100.0,1.0
874520,5472,169,8.0436,0.928143,0.014953,0.0,0.000171,0.00251797,0.135135,0.975138,0.137414,0.230165,0.857828,11335.3,230.4,263.0,805.7,100.0,1.0
874682,5473,162,9.035008,0.135338,0.062239,0.03098,8.1e-05,0.0025064,0.223746,1.0,0.43876,0.37789,0.885144,11968.4,217.2,308.6,607.1,100.0,1.0
874835,5474,153,5.09475,0.387799,-0.304544,0.001035,0.048839,0.00278472,-0.070934,0.468017,-0.11849,0.107166,0.875822,9403.1,212.3,293.0,527.0,100.0,1.0
874996,5475,161,6.770096,0.689294,-0.048281,0.004547,0.0,0.00247733,0.073078,0.815069,0.164018,0.168054,0.857252,10725.4,229.6,262.1,794.0,100.0,1.0
875153,5476,157,12.669238,0.587427,0.127696,0.002845,7e-06,0.00357231,0.322374,1.0,0.543668,0.659704,0.983497,12677.8,191.0,472.5,257.1,100.0,1.0
875320,5477,167,6.559443,0.351216,-0.105609,0.004373,0.000456,0.0029418,-0.033943,0.549102,-0.070422,0.161406,0.914954,9712.1,209.1,358.3,419.6,100.0,1.0
875483,5478,163,9.146078,0.221968,0.126622,0.010586,0.0,0.00248887,0.232033,1.0,0.454596,0.38898,0.876076,12000.1,216.0,293.5,637.0,100.0,1.0
875649,5479,166,8.419585,1.0,-0.159559,0.028724,7e-06,0.00306135,0.078892,0.874736,0.005486,0.218926,0.911642,10952.7,224.6,352.7,390.9,100.0,1.0
875804,5480,155,7.163301,0.378258,-0.066722,0.0,0.00013,0.00304611,0.027363,0.626589,-0.014157,0.242989,0.900257,10007.3,201.3,333.8,455.4,100.0,1.0
875967,5481,163,10.279734,0.2,0.053931,0.0,0.216481,0.00334365,0.171891,0.854118,0.18867,0.418114,0.911006,10874.2,191.7,351.7,532.6,100.0,1.0
876129,5482,162,10.277674,0.214076,0.120904,0.0,0.022683,0.00276945,0.268207,1.0,0.504524,0.485927,0.906467,12478.5,209.9,344.1,514.4,100.0,1.0
876288,5483,159,6.114985,0.2,-0.175736,0.0,0.099317,0.00285337,-0.02716,0.600518,-0.030523,0.133341,0.910296,9908.0,218.6,350.5,541.0,100.0,1.0
876449,5484,161,9.413769,0.699611,0.011735,0.023534,0.000229,0.00318637,0.143658,0.806726,0.309444,0.343635,0.905686,10693.6,199.0,342.8,377.3,100.0,1.0
876610,5485,161,5.28152,0.283934,-0.160706,0.0,0.000103,0.00250035,-0.03411,0.556448,-0.052746,0.127767,0.876217,9740.1,215.9,293.7,764.6,100.0,1.0
876770,5486,160,5.94637,1.0,-0.060067,0.030019,0.0,0.00263615,-0.006959,0.573762,0.034006,0.16793,0.88389,9806.0,209.9,306.5,722.8,100.0,1.0
876928,5487,158,4.07307,0.730933,-0.25657,0.008309,6.8e-05,0.00254928,-0.118645,0.400357,-0.199914,0.060747,0.892168,9145.4,215.5,320.3,556.7,100.0,1.0
877082,5488,154,10.790301,0.679064,0.125167,0.0,0.0,0.0034261,0.22517,0.833314,0.455037,0.509947,0.930563,10794.9,178.7,384.3,473.1,100.0,1.0
877243,5489,161,7.745902,1.0,0.004095,0.00346,0.0,0.00292616,0.069339,0.737468,0.061949,0.268195,0.914004,10429.8,205.6,356.7,379.4,100.0,1.0
877409,5490,166,11.77893,1.0,0.047551,0.010307,0.0,0.00326884,0.27927,1.0,0.548351,0.509745,0.917853,12938.7,214.3,363.1,332.6,100.0,1.0
877573,5491,164,11.644633,0.2,0.065332,0.0,0.180937,0.00358618,0.224517,1.0,0.267042,0.479887,0.976567,11584.7,195.7,460.9,347.6,100.0,1.0
877735,5492,162,4.296829,0.757525,-0.263863,0.015142,0.0,0.00262494,-0.125334,0.39106,-0.223735,0.057661,0.895161,9109.9,215.3,325.3,592.4,100.0,1.0
877896,5493,161,9.130695,0.786332,0.042352,0.032239,0.00021,0.00258189,0.221617,0.961836,0.741908,0.318361,0.88151,11284.6,214.0,302.5,683.9,100.0,1.0
878064,5494,168,8.172111,0.2,-0.133863,0.000584,0.117974,0.00314897,0.041383,0.742411,0.048999,0.20322,0.921631,10448.6,217.1,369.4,516.1,100.0,1.0
878227,5495,163,7.621749,0.26198,0.00771,0.0,1.6e-05,0.00246309,0.130554,0.793057,0.021911,0.36742,0.867476,10641.5,194.6,279.1,505.3,100.0,1.0
878388,5496,161,11.315287,0.534956,0.121612,0.027529,0.0,0.002944,0.315901,1.0,0.640403,0.587619,0.93275,12520.2,197.2,387.9,463.7,100.0,1.0
878544,5497,156,8.950866,0.2,0.065608,0.0,0.114967,0.00244939,0.24275,1.0,0.407515,0.44935,0.910963,11635.9,200.7,351.6,660.0,100.0,1.0
878701,5498,157,7.553222,1.0,0.094961,0.020931,0.0,0.00252969,0.130129,0.785126,0.199312,0.35866,0.918191,10611.3,195.3,363.7,801.2,100.0,1.0
878861,5499,160,5.401486,1.0,-0.124984,0.063309,0.0,0.00291149,-0.088763,0.428981,-0.063559,0.092021,0.905844,9254.4,211.9,343.1,455.5,99.601,1.0
879025,5500,164,6.865618,0.769631,-0.044098,0.010074,5e-06,0.0023406,0.095447,0.778843,0.088202,0.254928,0.840218,10587.4,210.9,233.7,769.5,100.0,1.0
879183,5501,158,9.677467,0.548675,0.080341,0.028296,9.4e-05,0.0029373,0.211518,1.0,0.278855,0.417728,0.933834,11570.3,204.0,389.7,429.7,100.0,1.0
879336,5502,153,11.062721,0.68567,0.096806,0.008097,9e-06,0.00312984,0.293518,1.0,0.509764,0.568761,0.939849,12365.2,197.1,399.7,426.1,100.0,1.0
879495,5503,159,9.517585,0.299809,0.102079,0.001382,0.000274,0.00271058,0.233567,1.0,0.534759,0.38519,0.89594,11500.3,207.6,326.6,607.4,100.0,1.0
879658,5504,163,8.758316,0.777187,-0.015238,0.005292,0.000168,0.00268412,0.174039,0.948923,0.258116,0.321742,0.870798,11235.4,212.5,284.7,645.0,100.0,1.0
879820,5505,162,6.274128,0.431022,-0.026765,0.0,0.0,0.00253768,0.026996,0.654384,-0.046538,0.212193,0.867294,10113.2,208.6,278.8,596.5,100.0,1.0
879984,5506,164,6.440714,0.631214,0.026302,0.0,8.6e-05,0.00260927,0.021816,0.593204,0.094039,0.207583,0.875689,9880.1,204.5,292.8,754.7,100.0,1.0
880146,5507,162,8.504528,0.767388,-0.010367,0.007697,0.0,0.00279296,0.141413,0.93816,0.08636,0.310502,0.903853,11194.4,213.6,339.8,1054.7,100.0,1.0
880310,5508,164,6.934334,0.687104,-0.063426,0.018753,0.000208,0.00243758,0.084477,0.818873,0.082906,0.200029,0.834174,10739.9,223.7,223.6,638.8,100.0,1.0
880463,5509,153,6.718015,0.735433,0.016292,0.0,7e-06,0.00255027,0.07894,0.756669,0.181207,0.235917,0.89086,10502.9,212.5,318.1,642.8,100.0,1.0
880623,5510,160,11.461928,1.0,0.035017,0.015316,0.0,0.00358421,0.22698,1.0,0.186979,0.511692,0.98558,12103.2,200.2,476.0,174.3,100.0,1.0
880777,5511,154,9.834336,0.946889,0.092387,0.036596,0.000181,0.00277654,0.259273,1.0,0.328609,0.534376,0.949352,11792.9,192.1,415.6,273.6,100.0,1.0
880934,5512,157,8.579006,0.305948,-0.043286,0.0,0.026026,0.00253966,0.200475,1.0,0.135407,0.384058,0.866755,11526.5,208.2,277.9,821.1,100.0,1.0
881091,5513,157,5.966765,0.2,-0.134524,0.0,0.124252,0.00255751,0.015225,0.581117,0.054936,0.203157,0.867243,9834.1,204.3,278.7,596.1,100.0,1.0
881251,5514,160,8.924586,0.998308,0.029769,0.023123,0.0,0.00319332,0.112439,0.865913,0.016653,0.341346,0.968972,10919.1,203.5,448.3,446.8,100.0,1.0
881413,5515,162,8.918074,0.835535,0.021277,0.020573,4e-05,0.0028222,0.165778,0.921805,0.323837,0.33231,0.919925,11132.1,208.9,366.5,459.7,100.0,1.0
881571,5516,158,7.53315,1.0,-0.050493,0.047283,0.0,0.00286234,0.074006,0.720059,0.096516,0.279175,0.909322,10363.4,202.5,348.9,501.4,100.0,1.0
881730,5517,159,7.896462,0.83448,-0.033829,0.035394,8.9e-05,0.00272031,0.119134,0.838995,0.034363,0.311276,0.874246,10816.6,206.2,290.4,642.8,100.0,1.0
881891,5518,161,9.616272,1.0,-0.046666,0.045071,0.0,0.00310297,0.172271,1.0,0.324161,0.304885,0.928399,11678.3,223.7,380.7,613.6,100.0,1.0
882045,5519,154,9.616754,0.53734,0.113688,0.0,0.0,0.00289051,0.226798,1.0,0.259804,0.470733,0.949903,11631.6,197.7,416.5,412.6,100.0,1.0
882208,5520,163,8.757018,0.306294,0.082579,0.00867,0.000158,0.00229167,0.238347,1.0,0.311997,0.433855,0.865581,11826.9,206.2,276.0,701.5,100.0,1.0
882372,5521,164,5.571023,0.416214,-0.148302,0.011347,7.3e-05,0.00306949,-0.114131,0.415872,-0.189423,0.072198,0.912144,9204.5,214.6,353.6,512.3,100.0,1.0
882541,5522,169,5.872507,0.252251,-0.172486,0.046585,0.0,0.00260768,-0.030321,0.573908,-0.119618,0.153302,0.892629,9806.6,212.6,321.0,763.9,100.0,1.0
882704,5523,163,5.70061,0.833175,-0.046567,0.024759,1.1e-05,0.00250328,-0.009659,0.582215,-0.059141,0.175944,0.878706,9838.2,209.2,297.8,778.8,100.0,1.0
882871,5524,167,8.149763,1.0,0.025946,0.025367,0.0,0.00265454,0.126232,0.923777,0.051915,0.300805,0.920904,11139.6,214.1,368.2,492.2,100.0,1.0
883031,5525,160,6.677391,0.817796,0.047924,5.6e-05,0.0,0.00264552,0.043368,0.656972,0.10426,0.240261,0.909621,10123.1,204.1,349.4,484.6,100.0,1.0
883192,5526,161,9.099154,0.834149,0.033917,0.007577,2.3e-05,0.00291752,0.166196,0.972841,0.236135,0.322298,0.918189,11326.5,214.1,363.6,644.1,100.0,1.0
883359,5527,167,6.974462,0.382417,-0.048122,0.0,0.0,0.00280149,0.0196,0.739526,0.056461,0.142675,0.911989,10437.6,228.4,353.3,436.4,100.0,1.0
883522,5528,163,7.215006,0.899371,-0.064542,0.01245,0.0,0.00272064,0.060812,0.793339,0.001714,0.234451,0.925898,10642.6,215.5,376.5,627.1,100.0,1.0
883681,5529,159,10.384918,0.2,0.124932,0.0,0.096986,0.00296077,0.255096,1.0,0.337191,0.493421,0.903964,11512.2,192.7,339.9,445.4,100.0,1.0
883838,5530,157,8.973302,0.246205,-0.048714,0.0,0.000125,0.00318053,0.127898,0.840338,0.061517,0.350632,0.914362,10821.7,200.3,357.3,537.1,100.0,1.0
883995,5531,157,7.82876,0.312667,-0.063959,0.02805,4.5e-05,0.00277387,0.111791,0.842275,0.121165,0.287191,0.903081,10829.1,210.3,338.5,447.7,100.0,1.0
884152,5532,157,10.629768,1.0,0.104905,0.00963,0.0,0.00302388,0.268385,1.0,0.374387,0.527246,0.919807,12147.4,198.8,366.3,374.6,100.0,1.0
884309,5533,157,10.220028,1.0,0.039482,0.031192,0.0,0.00358288,0.152037,0.826075,0.211201,0.409721,0.957963,10767.3,190.9,429.9,237.6,100.0,1.0
884466,5534,157,7.782055,0.2,-0.178511,0.0,0.095386,0.00377257,-0.048135,0.464246,-0.116737,0.226154,0.971938,9388.8,191.4,453.2,298.0,100.0,1.0
884628,5535,162,6.895805,0.2,0.076301,0.0,0.188545,0.00251128,0.075456,0.75821,0.125277,0.23211,0.877875,10508.8,213.2,296.5,1106.5,100.0,1.0
884784,5536,156,9.143598,0.2,0.115691,0.0,0.033756,0.00252446,0.245674,1.0,0.62713,0.385409,0.884808,11494.0,207.4,308.0,604.3,100.0,1.0
884947,5537,163,7.582599,0.824751,-0.086756,0.001698,0.0,0.00270955,0.088662,0.791119,0.054815,0.263847,0.880552,10634.2,210.4,300.9,505.3,100.0,1.0
885112,5538,165,8.989835,0.258407,0.090752,0.012899,0.006602,0.00228152,0.252295,1.0,0.357887,0.45145,0.856293,12064.9,207.8,260.5,810.4,100.0,1.0
885275,5539,163,4.795701,0.797242,-0.283763,0.020459,0.0,0.00342138,-0.222289,0.214496,-0.324458,-0.016358,0.947699,8437.2,214.4,412.8,303.5,100.0,1.0
885435,5540,160,5.903266,0.958771,-0.129278,0.028638,0.0,0.00296675,-0.061773,0.476755,-0.166839,0.146677,0.891797,9436.4,205.7,319.7,426.0,100.0,1.0
885597,5541,162,4.590822,1.0,-0.363455,0.019523,0.0,0.00288251,-0.145852,0.42023,-0.280307,-0.011327,0.873392,9221.1,233.2,289.0,550.2,100.0,1.0
885755,5542,158,9.327307,0.882478,0.076902,0.01428,6e-06,0.00282238,0.206514,1.0,0.347519,0.376855,0.915921,11689.0,212.2,359.9,602.4,100.0,1.0
885920,5543,165,6.28086,0.382677,-0.265748,0.0,0.046482,0.00321505,-0.091129,0.4971,-0.255421,0.119593,0.950796,9514.0,212.4,418.0,366.9,100.0,1.0
886080,5544,160,9.433604,0.2,-0.102632,0.000449,0.017574,0.00333733,0.126004,0.780026,0.221109,0.341283,0.910507,10591.9,197.4,350.8,407.5,100.0,1.0
886242,5545,162,6.941141,0.303751,-0.054803,0.0,0.0,0.00233113,0.107996,0.877825,0.118012,0.237829,0.873571,10964.5,221.4,289.3,519.1,100.0,1.0
886405,5546,163,10.273553,0.824776,0.068891,0.0,5e-06,0.00265818,0.285502,1.0,0.467538,0.528283,0.89026,12086.1,197.7,317.1,407.4,100.0,1.0
886562,5547,157,9.59861,0.795339,0.102006,0.031261,4.8e-05,0.00295499,0.207654,0.936836,0.169753,0.476963,0.93726,11189.3,189.4,395.4,599.4,100.0,1.0
886723,5548,161,9.45722,1.0,0.039418,0.019477,0.0,0.00285089,0.202746,0.963692,0.285266,0.380151,0.875057,11291.7,204.5,291.8,507.6,100.0,1.0
886883,5549,160,7.257389,0.484904,-0.170944,0.003139,8.3e-05,0.00341651,-0.038811,0.481993,-0.052845,0.205553,0.944982,9456.4,196.1,408.3,300.2,100.0,1.0
887044,5550,161,8.799374,0.675636,0.077149,0.016192,1.3e-05,0.0024137,0.227206,0.977753,0.411633,0.397239,0.869163,11345.2,203.0,281.9,718.2,100.0,1.0
887203,5551,159,9.55833,0.592574,0.126204,0.001865,3e-06,0.0027563,0.230689,1.0,0.413508,0.385725,0.859808,11729.1,211.6,266.3,589.5,100.0,1.0
887361,5552,158,11.051452,0.606961,0.127679,0.013096,2.6e-05,0.00311281,0.281653,1.0,0.549482,0.536577,0.951706,12074.0,196.4,419.5,443.6,100.0,1.0
887520,5553,159,10.074436,0.2,0.089895,0.015799,0.004022,0.00293122,0.239084,1.0,0.433828,0.435856,0.914564,11988.5,208.7,357.6,453.4,100.0,1.0
887679,5554,159,7.959194,0.826309,-0.104916,0.042668,2.3e-05,0.0028717,0.100512,0.790616,0.291209,0.236741,0.883836,10632.2,214.9,306.4,457.7,100.0,1.0
887841,5555,162,4.876978,0.785618,-0.189745,0.0,0.0,0.00290139,-0.12865,0.334119,-0.16946,0.071408,0.895188,8893.0,207.5,325.3,616.6,100.0,1.0
887998,5556,157,10.297137,0.862406,0.123264,0.038388,3e-05,0.00265312,0.30429,1.0,0.563513,0.564563,0.911544,12143.0,194.0,352.6,604.9,100.0,1.0
888159,5557,161,12.737683,0.466176,0.134312,0.0,0.0,0.003119,0.389593,1.0,0.544168,0.814367,0.96228,11962.7,164.8,437.1,352.6,100.0,1.0
888319,5558,160,6.832892,0.2,-0.247346,0.0,0.000278,0.00287776,0.017955,0.705371,0.055706,0.165722,0.92099,10307.5,221.1,368.3,472.5,100.0,1.0
888475,5559,156,10.12767,0.909099,0.097564,0.042682,0.0,0.00260356,0.302944,1.0,0.62122,0.51315,0.857753,12009.9,198.4,262.9,519.7,100.0,1.0
888642,5560,167,9.486714,0.2,0.064492,0.004006,0.049902,0.00275518,0.20412,1.0,0.379369,0.370806,0.928556,11737.1,214.1,380.9,470.6,100.0,1.0
888800,5561,158,5.189877,0.942159,-0.140621,0.048551,0.0,0.00275769,-0.072322,0.404519,-0.067893,0.156106,0.916419,9161.2,198.1,360.7,596.2,100.0,1.0
888959,5562,159,7.095267,0.662251,0.077703,0.037471,2.3e-05,0.0024617,0.105409,0.79318,0.104482,0.284026,0.867777,10642.0,207.2,279.6,731.6,100.0,1.0
889118,5563,159,8.620738,0.523035,0.048421,0.011244,0.000149,0.00264552,0.183003,0.901039,0.212513,0.391525,0.880472,11053.0,198.6,300.8,592.1,100.0,1.0
889280,5564,162,9.061595,0.2,-0.05198,0.0,0.0,0.00309528,0.133106,0.857852,0.119669,0.355935,0.942794,10888.4,200.8,404.7,366.4,100.0,1.0
889438,5565,158,6.898267,1.0,0.078128,0.021763,0.0,0.00265691,0.063292,0.702308,0.097877,0.240819,0.873601,10295.8,207.4,289.3,574.9,100.0,1.0
889600,5566,162,3.797133,1.0,-0.410624,0.020165,0.0,0.0033207,-0.272065,0.090978,-0.341025,-0.081202,0.912903,7966.6,216.8,354.8,504.5,100.0,1.0
889762,5567,162,10.706673,0.641015,0.06453,0.000203,3e-05,0.0033122,0.213322,1.0,0.235665,0.448902,0.959223,11813.2,203.8,432.0,310.6,100.0,1.0
889923,5568,161,7.647935,0.903637,-0.064891,0.002547,1.2e-05,0.00286062,0.07515,0.781649,0.026805,0.260533,0.908625,10598.1,210.2,347.7,610.0,100.0,1.0
890082,5569,159,4.774938,1.0,-0.247036,0.037878,0.0,0.00273848,-0.100943,0.432932,-0.131474,0.077351,0.907875,9269.5,215.1,346.5,422.0,100.0,1.0
890246,5570,164,8.951312,0.741001,0.12787,0.007856,4.8e-05,0.00257506,0.204717,1.0,0.366489,0.349194,0.886439,12397.4,229.7,310.7,634.3,100.0,1.0
890405,5571,159,10.541762,0.2,0.135329,0.01394,0.035548,0.00259918,0.325176,1.0,0.543097,0.601603,0.879102,12111.2,189.0,298.5,681.1,100.0,1.0
890568,5572,163,7.490517,1.0,-0.163013,0.001433,0.0,0.00277127,0.072994,0.801225,0.121989,0.2164,0.904286,10672.7,219.3,340.5,435.6,100.0,1.0
890724,5573,156,11.065648,0.736311,0.069191,0.02214,4e-05,0.0032295,0.271388,1.0,0.441391,0.526686,0.9337,12455.7,204.0,389.5,529.8,100.0,1.0
890890,5574,166,9.891638,0.590924,0.073372,0.0,0.0,0.00279661,0.228774,0.991754,0.146302,0.490759,0.920396,11398.6,191.2,367.3,584.5,100.0,1.0
891053,5575,163,4.820023,0.647079,-0.102738,0.033142,0.000179,0.00241123,-0.055328,0.481031,0.023024,0.099526,0.870793,9452.7,214.9,284.7,895.5,100.0,1.0
891210,5576,157,8.651055,0.269911,0.109523,0.011563,0.000104,0.00232871,0.240496,1.0,0.439607,0.409811,0.869555,11867.6,210.4,282.6,813.5,100.0,1.0
891372,5577,162,7.923918,0.416763,0.016915,0.0,0.000113,0.00259825,0.134241,0.851852,0.28485,0.277992,0.873615,10865.6,212.6,289.4,595.7,100.0,1.0
891530,5578,158,8.358217,1.0,-0.002188,0.0,0.0,0.00271902,0.155981,0.923359,0.227552,0.303274,0.875693,11138.0,213.7,292.8,417.2,100.0,1.0
891689,5579,159,10.224408,0.266355,0.08993,0.000972,2e-05,0.00278909,0.272883,1.0,0.40742,0.520614,0.904418,11887.4,195.4,340.7,411.3,100.0,1.0
891853,5580,164,8.769091,0.2,0.016723,0.0,0.02552,0.00292493,0.134724,0.8167,0.304958,0.319519,0.911016,10731.6,203.3,351.7,775.7,100.0,1.0
892015,5581,162,8.957797,0.90123,0.060618,0.01537,0.000185,0.00305342,0.13304,0.790658,0.143363,0.374931,0.915733,10632.4,193.3,359.6,533.8,100.0,1.0
892174,5582,159,6.885051,0.2,0.025089,0.0,0.018912,0.00245499,0.092141,0.801587,0.198152,0.233072,0.8852,10674.0,216.4,308.7,644.6,100.0,1.0
892330,5583,156,8.324645,0.511143,-0.069191,0.029781,0.0,0.00302992,0.110701,0.821634,0.148348,0.308531,0.931818,10750.4,205.4,386.4,318.1,100.0,1.0
892489,5584,159,10.688279,1.0,0.106994,0.0,0.0,0.00328839,0.226208,1.0,0.322156,0.462921,0.964706,11947.2,204.2,441.2,249.1,100.0,1.0
892652,5585,163,7.239496,0.041094,0.005419,0.029727,2.9e-05,0.00248531,0.102286,0.807085,0.117481,0.263083,0.865867,10695.0,211.7,276.4,687.6,100.0,1.0
892811,5586,159,8.700908,0.611782,0.08527,0.000539,2.8e-05,0.00260911,0.194971,1.0,0.36861,0.340146,0.911794,11762.6,219.4,353.0,711.4,100.0,1.0
892971,5587,160,9.24654,0.242526,0.116961,0.001423,0.0,0.00248634,0.250256,1.0,0.309278,0.475245,0.883079,12314.5,208.7,305.1,1248.4,100.0,1.0
893124,5588,153,5.901335,1.0,-0.10049,0.039689,0.0,0.00281673,-0.017349,0.497877,0.085744,0.204393,0.928597,9516.9,197.5,381.0,427.1,100.0,1.0
893283,5589,159,6.346497,0.2,-0.28966,0.0,0.136422,0.00303457,-0.037681,0.655164,0.019962,0.070196,0.926186,10116.2,236.3,377.0,734.1,100.0,1.0
893445,5590,162,11.634918,0.341389,0.061478,0.0,0.00022,0.00348342,0.251268,1.0,0.278932,0.524414,0.945566,11766.9,193.0,409.3,442.9,100.0,1.0
893598,5591,153,2.964963,0.282759,-0.249841,0.0,3.3e-05,0.00251374,-0.176738,0.258015,-0.265789,0.01861,0.888428,8603.0,211.1,314.0,588.8,100.0,1.0
893756,5592,158,9.768608,0.341425,0.072609,0.003471,0.0,0.00278705,0.244502,1.0,0.299806,0.475237,0.902293,11486.8,194.7,337.2,386.0,100.0,1.0
893915,5593,159,7.215502,0.999826,-0.10633,0.014069,1.7e-05,0.00275184,0.068332,0.689822,0.048143,0.293971,0.906104,10248.2,198.0,343.5,389.9,100.0,1.0
894071,5594,156,10.922575,0.377654,0.067141,0.00341,0.000147,0.00298992,0.299377,1.0,0.621664,0.529242,0.897947,11988.2,196.0,329.9,510.1,100.0,1.0
894225,5595,154,9.107536,1.0,-0.043415,0.042365,0.0,0.00356459,0.089652,0.781606,0.092459,0.311207,0.957913,10597.9,202.1,429.9,302.1,100.0,1.0
894385,5596,160,6.938155,1.0,0.060404,0.028975,0.0,0.00212436,0.146631,0.853177,0.103629,0.339061,0.850604,10870.6,203.0,251.0,944.8,100.0,1.0
894541,5597,156,10.533638,0.680936,0.143429,0.036152,2e-06,0.0028764,0.289941,1.0,0.395792,0.580133,0.926767,11439.4,181.0,377.9,452.6,100.0,1.0
894701,5598,160,9.467972,0.523201,0.091886,0.0,0.000141,0.00296223,0.190011,1.0,0.198231,0.374597,0.918605,11472.7,208.7,364.3,637.6,100.0,1.0
894864,5599,163,8.414775,0.2,0.055097,0.0,0.027003,0.00277266,0.138198,0.851687,0.14291,0.315027,0.860104,10864.9,206.6,266.8,732.7,100.0,1.0
895023,5600,159,7.284678,0.629955,-0.049691,0.018884,1.2e-05,0.00273742,0.075657,0.81536,0.152155,0.209608,0.908967,10726.5,221.7,348.3,648.7,100.0,1.0
895185,5601,162,6.943726,0.601582,0.051641,0.0,0.0,0.002891,0.018664,0.582224,0.144821,0.209564,0.900798,9838.3,203.3,334.7,602.5,100.0,1.0
895342,5602,157,9.216397,1.0,0.096695,0.026229,0.0,0.00278614,0.209011,1.0,0.297991,0.395078,0.915276,11862.8,212.6,358.8,439.6,100.0,1.0
895503,5603,161,8.054977,0.466302,0.040405,0.00487,9e-06,0.00285933,0.104644,0.621645,0.063513,0.433968,0.922821,9988.5,174.1,371.4,418.2,100.0,1.0
895659,5604,156,5.574384,0.60097,0.000504,0.0,3e-06,0.00234046,0.025906,0.580415,-0.035672,0.247818,0.85903,9831.4,197.0,265.1,609.1,100.0,1.0
895823,5605,164,9.012076,0.362926,0.028584,0.039826,0.0,0.00272615,0.185058,0.973319,0.22243,0.350502,0.882863,11328.3,209.7,304.8,526.3,100.0,1.0
895973,5606,150,8.639052,0.2,0.100199,0.0,6e-06,0.00266409,0.206383,0.832738,0.208277,0.497677,0.886802,10792.7,180.2,311.3,498.8,100.0,1.0
896133,5607,160,11.281818,0.922085,0.113752,0.021351,0.0,0.00319159,0.280767,1.0,0.551422,0.521636,0.932117,12086.6,198.6,386.9,439.6,100.0,1.0
896294,5608,161,9.497921,0.2,0.087453,0.0,0.071569,0.002696,0.232265,1.0,0.37641,0.415411,0.886161,11583.4,204.6,310.3,549.2,100.0,1.0
896456,5609,162,11.155205,0.207628,0.123792,0.000652,0.067289,0.00306625,0.285893,1.0,0.326702,0.596157,0.94096,11765.2,184.3,401.6,339.5,100.0,1.0
896613,5610,157,10.267466,0.970258,0.052936,0.02097,0.0,0.00343447,0.181214,0.920398,0.172088,0.433322,0.957693,11126.7,194.1,429.5,410.7,100.0,1.0
896775,5611,162,10.304916,0.2,0.047036,0.002481,0.0,0.00310345,0.220395,1.0,0.305621,0.409404,0.895715,11802.8,209.4,326.2,479.2,100.0,1.0
896936,5612,161,8.750541,0.2,-0.063163,0.000312,0.236793,0.00357786,0.0381,0.706405,-0.024274,0.249436,0.943392,10311.4,206.3,405.7,490.3,100.0,1.0
897089,5613,153,8.578986,0.312097,0.042419,0.004393,0.000131,0.0023843,0.237395,0.89841,0.572212,0.430686,0.866812,11042.9,193.0,278.0,600.1,100.0,1.0
897244,5614,155,9.842834,0.685286,0.099674,0.016034,0.0,0.00270962,0.270921,0.998318,0.294995,0.519723,0.86419,11423.6,187.9,273.6,481.2,100.0,1.0
897402,5615,158,13.004076,1.0,0.121501,0.032586,0.0,0.00337508,0.379615,1.0,0.574297,0.782429,0.963144,12615.4,176.9,438.6,193.1,100.0,1.0
897569,5616,167,5.085366,0.54411,-0.101072,0.0,0.0,0.00235251,-0.035859,0.59373,-0.026432,0.087463,0.866533,9882.1,227.2,277.6,612.6,100.0,1.0
897730,5617,161,8.178797,0.879855,0.06343,0.033709,0.0,0.00277911,0.126735,0.825777,0.187386,0.305578,0.882716,10766.2,206.2,304.5,588.8,100.0,1.0
897894,5618,164,10.790353,0.2,0.12388,0.0,1.3e-05,0.00261698,0.328365,1.0,0.445957,0.642428,0.892809,12368.5,188.3,321.3,784.2,100.0,1.0
898054,5619,160,10.649224,0.566371,0.084325,0.020201,0.0,0.00283322,0.294358,1.0,0.47317,0.553791,0.897899,12383.5,199.2,329.8,425.5,100.0,1.0
898217,5620,163,9.062226,0.348982,0.003497,0.0,2.8e-05,0.00293,0.158688,0.956484,-0.005556,0.372288,0.915171,11264.2,205.2,358.6,470.8,100.0,1.0
898377,5621,160,9.096461,0.857332,0.14661,0.006308,0.0,0.00248725,0.240759,1.0,0.548318,0.383,0.869089,12133.1,219.3,281.8,794.4,100.0,1.0
898537,5622,160,10.536359,1.0,0.174218,0.033692,2.8e-05,0.0028643,0.281551,1.0,0.322638,0.554076,0.889376,11513.4,185.2,315.6,513.4,100.0,1.0
898701,5623,164,6.592625,0.2,0.033616,0.00288,0.056115,0.00231288,0.083609,0.673412,0.196131,0.28154,0.86789,10185.7,198.7,279.8,738.3,100.0,1.0
898863,5624,162,9.311653,0.799453,0.055856,0.013834,8.1e-05,0.00289191,0.185358,0.944799,0.158258,0.404349,0.91363,11219.7,199.7,356.1,569.1,100.0,1.0
899017,5625,154,9.272106,0.335253,0.077985,0.0,0.047928,0.00258961,0.252296,1.0,0.344059,0.474773,0.888075,11831.4,200.6,313.5,688.6,100.0,1.0
899175,5626,158,5.175819,0.904509,-0.157756,0.040773,5.5e-05,0.00268543,-0.060844,0.545046,-0.202357,0.125037,0.907538,9696.6,215.5,345.9,527.1,100.0,1.0
899334,5627,159,5.688046,0.813321,-0.187843,0.012111,0.0,0.00287557,-0.057791,0.528577,-0.053636,0.129573,0.945604,9633.9,213.2,409.3,451.1,100.0,1.0
899491,5628,157,5.873148,0.2,-0.084304,0.000535,0.255926,0.00261432,0.001981,0.573318,0.027337,0.193242,0.885516,9804.3,205.4,309.2,659.9,100.0,1.0
899652,5629,161,10.096632,0.703326,0.060585,0.001846,0.0,0.00290636,0.241105,1.0,0.222346,0.497458,0.920453,11645.0,194.4,367.4,464.7,100.0,1.0
899807,5630,155,7.857966,1.0,0.022693,0.043425,0.0,0.00293246,0.097309,0.748502,-0.057496,0.383272,0.949504,10471.8,189.3,415.8,327.2,99.752,1.0
899965,5631,158,9.631449,1.0,0.019705,0.039782,0.0,0.0029704,0.207085,1.0,0.204004,0.433231,0.946429,11812.4,206.0,410.7,442.7,100.0,1.0
900126,5632,161,5.332803,1.0,-0.149344,0.015685,0.0,0.00322898,-0.145346,0.332558,-0.15155,0.058668,0.94719,8887.0,209.9,412.0,338.5,100.0,1.0
900286,5633,160,8.751874,0.2,-0.029149,0.0006,0.090505,0.00337667,0.074457,0.68184,0.068482,0.318841,0.92155,10217.8,193.7,369.3,525.0,100.0,1.0
900441,5634,155,9.644364,0.659651,0.157331,0.003086,1.3e-05,0.00262326,0.270903,1.0,0.472914,0.514407,0.928606,12010.3,198.3,381.0,584.2,100.0,1.0
900598,5635,157,11.235989,1.0,0.120112,0.031911,0.0,0.00287169,0.338494,1.0,0.549644,0.670797,0.939156,12621.1,188.8,398.6,408.7,100.0,1.0
900763,5636,165,8.248037,0.603778,0.044175,0.019761,0.0,0.00239784,0.183806,0.983005,0.151112,0.357742,0.880613,11365.2,209.3,301.0,538.0,100.0,1.0
900922,5637,159,8.204505,0.2,0.03673,0.000137,6.9e-05,0.00281632,0.128597,0.788763,0.104703,0.35565,0.885298,10625.2,195.9,308.8,563.9,100.0,1.0
901084,5638,162,8.955656,0.649852,0.131134,0.027404,2.3e-05,0.00262733,0.203544,1.0,0.34816,0.337256,0.864696,11511.5,215.2,274.5,716.3,100.0,1.0
901244,5639,160,10.07567,0.2,0.048457,0.0,0.0,0.00296203,0.233959,0.992384,0.157569,0.478824,0.885693,11401.0,192.7,309.5,489.7,100.0,1.0
901401,5640,157,8.48833,0.59148,0.114221,0.022652,2.3e-05,0.0021941,0.25191,1.0,0.238737,0.496547,0.882328,11802.6,197.2,303.9,644.7,100.0,1.0
901566,5641,165,7.889081,0.719978,0.00486,0.008648,1.8e-05,0.00268632,0.111039,0.89302,0.170993,0.221315,0.871364,11022.4,225.6,285.6,783.8,100.0,1.0
901725,5642,159,7.385157,0.720636,-0.039142,0.013449,2e-05,0.00272473,0.085663,0.738965,0.110173,0.266279,0.866426,10435.5,206.0,277.4,860.9,100.0,1.0
901881,5643,156,8.396507,0.342727,0.042698,0.0,0.0,0.00253535,0.194452,0.967647,0.159686,0.392331,0.881442,11306.7,203.0,302.4,569.1,100.0,1.0
902037,5644,156,9.487329,0.79967,0.028608,0.004787,2e-05,0.00309484,0.183833,0.957291,0.164437,0.3996,0.927097,11267.3,201.3,378.5,405.0,100.0,1.0
902193,5645,156,9.046326,0.601915,-0.028324,0.027329,0.000114,0.00315487,0.143532,0.818813,0.138768,0.389808,0.923886,10739.7,193.2,373.1,314.0,100.0,1.0
902358,5646,165,11.385184,0.681355,0.030189,0.017044,1e-05,0.00330953,0.254078,1.0,0.262893,0.533155,0.941893,11435.6,186.5,403.2,399.9,100.0,1.0
902522,5647,164,8.310179,0.31838,0.128392,0.0,0.00026,0.00215213,0.231139,0.941679,0.295614,0.452249,0.858967,11207.8,192.9,264.9,733.6,100.0,1.0
902678,5648,156,8.415506,0.552853,0.051988,0.020735,0.000158,0.00274315,0.163557,0.79849,0.177643,0.414221,0.878073,10662.2,188.5,296.8,514.5,100.0,1.0
902836,5649,158,10.681095,0.692712,0.088944,0.0,0.0,0.00306632,0.266293,1.0,0.346248,0.543001,0.942129,11564.0,187.4,403.5,369.2,100.0,1.0
903001,5650,165,7.929185,0.491606,0.135631,0.017409,1.1e-05,0.00204003,0.22075,0.956222,0.386949,0.402806,0.872489,11263.2,200.7,287.5,870.6,100.0,1.0
903160,5651,159,7.974184,0.2,0.083327,0.0,0.032879,0.00214814,0.218947,0.96254,0.33016,0.395905,0.852265,11287.3,202.1,253.8,870.0,100.0,1.0
903316,5652,156,10.061075,0.279456,0.078093,9.7e-05,0.0,0.00305349,0.230849,1.0,0.221626,0.481392,0.935481,12002.5,202.6,392.5,436.7,100.0,1.0
903474,5653,158,7.223284,0.664142,0.054721,0.026399,4e-06,0.00247835,0.116164,0.740331,0.104582,0.341488,0.863888,10440.7,194.6,273.1,920.3,100.0,1.0
903629,5654,155,8.543218,0.506389,0.109731,0.013407,1.5e-05,0.00234986,0.236295,1.0,0.215362,0.455399,0.869604,11445.7,196.6,282.7,688.5,100.0,1.0
903793,5655,164,9.850472,0.2,0.091483,0.0,0.108889,0.00280743,0.232002,1.0,0.327782,0.426519,0.885534,11728.7,205.5,309.2,564.6,100.0,1.0
903955,5656,162,6.383528,0.781502,-0.037094,0.032464,1.9e-05,0.00244373,0.052846,0.693371,0.095793,0.206259,0.850319,10261.7,212.7,250.5,989.2,100.0,1.0
904115,5657,160,6.749211,0.862567,-0.045498,0.024838,0.0,0.00262808,0.053937,0.710519,-0.034145,0.255252,0.889518,10327.1,205.7,315.9,521.0,100.0,1.0
904271,5658,156,8.435011,0.499158,-0.024938,0.0,0.000206,0.00323206,0.088739,0.695968,0.008884,0.371621,0.93916,10271.6,187.2,398.6,396.9,100.0,1.0
904428,5659,157,6.885197,1.0,-0.191548,0.037154,0.0,0.00354494,-0.072528,0.369376,-0.212329,0.222908,0.931208,9027.3,184.5,385.3,257.4,99.677,1.0
904589,5660,161,3.710841,0.2,-0.210155,0.010528,0.119138,0.0025894,-0.155993,0.308314,-0.217681,0.015499,0.870012,8794.7,216.5,283.4,778.6,100.0,1.0
904750,5661,161,11.465004,0.2,0.136095,0.0,0.047191,0.00321082,0.289203,1.0,0.484335,0.546477,0.911284,12224.1,197.6,352.1,537.2,100.0,1.0
904907,5662,157,7.712762,1.0,-0.184563,0.016605,5.9e-05,0.00354692,-0.014506,0.554546,-0.009582,0.199984,0.928712,9732.8,202.8,381.2,259.2,100.0,1.0
905067,5663,160,8.950685,0.576092,0.121018,0.011118,5.6e-05,0.00246019,0.235857,1.0,0.287923,0.461106,0.909513,11963.7,204.7,349.2,672.6,100.0,1.0
905224,5664,157,9.119281,0.2,0.06506,0.0,0.190528,0.00268423,0.219921,1.0,0.259565,0.424024,0.902578,11494.9,201.8,337.6,453.1,100.0,1.0
905380,5665,156,6.54095,1.0,0.027443,0.023687,0.0,0.00269941,0.038912,0.556756,0.261282,0.24131,0.891717,9741.2,196.2,319.5,711.2,100.0,1.0
905542,5666,162,7.955858,0.348482,0.097497,0.029563,1.9e-05,0.00276248,0.112015,0.720448,0.403157,0.2776,0.877812,10364.9,202.8,296.4,569.7,100.0,1.0
905705,5667,163,9.868334,0.630369,0.038905,0.02287,8.3e-05,0.00317178,0.177081,0.911697,0.215612,0.409069,0.944126,11093.6,196.8,406.9,478.9,100.0,1.0
905863,5668,158,10.268509,0.551604,0.043313,0.009559,0.000137,0.00359855,0.153752,0.913277,0.271328,0.35182,0.969714,11099.6,205.3,449.5,273.2,100.0,1.0
906020,5669,157,10.596468,0.296677,0.11805,0.003561,0.000322,0.00266078,0.327749,1.0,0.516125,0.616789,0.882319,11826.5,182.9,303.9,511.0,100.0,1.0
906178,5670,158,10.717819,1.0,0.087178,0.026302,0.0,0.00308186,0.267123,1.0,0.352618,0.535468,0.929305,11930.4,194.2,382.2,357.5,100.0,1.0
906345,5671,167,10.937335,0.337406,-0.013991,0.0,8.5e-05,0.00376965,0.140052,0.854485,0.198599,0.37405,0.972195,10875.6,197.9,453.7,276.5,100.0,1.0
906505,5672,160,8.757435,1.0,0.104127,0.035198,0.0,0.00296326,0.14219,0.852116,0.201188,0.351635,0.926447,10866.6,201.0,377.4,358.9,100.0,1.0
906667,5673,162,9.076622,0.281449,0.025609,0.038659,0.026614,0.00250856,0.232404,1.0,0.370168,0.400443,0.859161,11818.2,211.0,265.3,668.9,100.0,1.0
906828,5674,161,7.903385,-0.023186,0.12445,0.01226,2e-06,0.00238237,0.172666,0.878338,0.207917,0.373001,0.867642,10966.5,199.7,279.4,964.8,100.0,1.0
906980,5675,152,7.857301,0.228249,0.056059,0.0,0.0,0.00252529,0.169135,0.840576,0.217279,0.408761,0.904966,10822.6,192.1,341.6,397.4,100.0,1.0
907141,5676,161,6.047861,0.2,0.087477,0.0,0.0,0.00259815,0.007325,0.539823,0.021856,0.254481,0.926434,9676.7,192.8,377.4,613.1,100.0,1.0
907303,5677,162,9.782248,0.2,0.082412,0.009241,0.095086,0.00250903,0.281978,1.0,0.448493,0.509376,0.866486,12562.9,208.1,277.5,607.8,100.0,1.0
907467,5678,164,9.755198,1.0,0.11501,0.010135,0.0,0.0025751,0.264221,1.0,0.504654,0.507798,0.957455,13005.8,215.6,429.1,556.4,100.0,1.0
907628,5679,161,7.257364,0.577716,-0.050666,0.042585,0.0,0.00273938,0.069713,0.725137,0.100664,0.25212,0.889943,10382.8,207.3,316.6,768.5,100.0,1.0
907783,5680,155,9.424779,0.530313,0.09774,0.000257,2.9e-05,0.00257816,0.263691,0.99192,0.277352,0.527446,0.892012,11399.2,186.6,320.0,599.6,100.0,1.0
907945,5681,162,9.735467,0.2,0.138701,0.0,0.227628,0.0027939,0.232574,0.979995,0.339147,0.46321,0.926493,11353.8,194.0,377.5,602.0,100.0,1.0
908111,5682,166,7.256772,0.232349,0.059214,0.000894,0.00823,0.00253749,0.089528,0.752257,0.09276,0.280784,0.880504,10486.1,204.7,300.8,907.8,100.0,1.0
908270,5683,159,5.137827,0.503516,-0.256291,0.011696,0.0,0.00264795,-0.059405,0.466706,-0.171658,0.148674,0.873539,9398.1,204.5,289.2,448.7,100.0,1.0
908431,5684,161,6.393619,0.373998,-0.069551,0.0,0.000146,0.00279936,-0.000686,0.603994,-0.100571,0.204565,0.893811,9921.2,205.9,323.0,607.2,100.0,1.0
908594,5685,163,7.848538,0.366402,0.009723,0.015111,0.00011,0.00268989,0.113983,0.783212,0.002584,0.358405,0.901764,10604.0,195.2,336.3,492.3,100.0,1.0
908745,5686,151,8.079871,1.0,0.125645,0.041826,0.0,0.00266368,0.166507,0.799183,0.165129,0.459678,0.934693,10664.9,182.7,391.2,398.5,100.0,1.0
908906,5687,161,7.974854,0.552251,-0.04754,0.027204,0.0,0.00265805,0.133381,0.907499,0.113189,0.288515,0.880873,11077.6,214.9,301.5,837.8,100.0,1.0
909064,5688,158,11.208732,0.406446,0.042936,0.031899,0.0,0.00289879,0.330974,1.0,0.577879,0.613748,0.889253,11911.4,184.5,315.4,453.0,100.0,1.0
909226,5689,162,9.246287,1.0,-0.012972,0.041652,0.0,0.00342387,0.096218,0.773519,0.16864,0.296248,0.930098,10567.1,203.8,383.5,306.9,100.0,1.0
909389,5690,163,7.530162,0.65312,-0.113752,0.0,0.0,0.00323444,0.002913,0.550614,0.029281,0.231801,0.921556,9717.8,197.2,369.3,363.2,100.0,1.0
909546,5691,157,10.305016,0.208761,0.079981,0.0075,0.100045,0.00268632,0.303806,1.0,0.474234,0.574777,0.894112,12123.7,192.5,323.5,539.8,100.0,1.0
909709,5692,163,5.929321,0.2,-0.130721,0.003251,0.087879,0.00251021,0.008318,0.561791,-0.122807,0.255316,0.887899,9760.4,194.4,313.2,767.2,100.0,1.0
909865,5693,156,9.145274,0.527203,0.059356,0.019868,0.000101,0.00304614,0.168749,0.869984,0.074792,0.415096,0.889058,10934.6,193.2,315.1,585.5,100.0,1.0
910021,5694,156,10.844237,0.62781,0.152436,0.0,0.0,0.0029232,0.307623,1.0,0.516106,0.602564,0.940051,12425.9,193.8,400.1,368.6,100.0,1.0
910184,5695,163,7.280213,0.649127,0.075624,0.013018,0.0,0.00221114,0.152263,0.87621,0.138329,0.347964,0.879231,10958.4,203.2,298.7,835.9,100.0,1.0
910344,5696,160,10.246768,0.2,0.14731,0.0,0.001032,0.00277564,0.277488,1.0,0.436186,0.509131,0.879132,11866.5,196.6,298.6,641.5,100.0,1.0
910506,5697,162,6.931485,1.0,-0.065436,0.038449,0.0,0.00292374,0.014494,0.58884,-0.03056,0.245141,0.910865,9863.5,198.0,351.4,616.5,100.0,1.0
910666,5698,160,10.982346,1.0,0.1162,0.023821,0.0,0.0029415,0.302821,1.0,0.508152,0.574407,0.911027,12360.8,196.3,351.7,465.7,100.0,1.0
910828,5699,162,9.030929,0.2,0.090194,0.000641,0.212697,0.00258266,0.217662,0.937793,0.284239,0.460079,0.916966,11193.0,191.7,361.6,774.1,100.0,1.0
910978,5700,150,8.909717,0.2,0.112496,0.001474,0.14079,0.00217904,0.300666,1.0,0.456235,0.552309,0.863522,11716.4,188.7,272.5,856.8,100.0,1.0
911134,5701,156,8.847185,0.448748,0.065861,0.007394,0.000205,0.00286101,0.176805,0.776733,0.210338,0.448681,0.871538,10579.4,182.6,285.9,562.5,100.0,1.0
911291,5702,157,5.861267,0.9352,-0.058137,0.012295,1e-05,0.00249224,0.021547,0.550211,-0.111986,0.276941,0.862335,9716.3,190.2,270.6,578.5,100.0,1.0
911447,5703,156,8.220422,0.285243,-0.002817,0.00377,0.013843,0.0029057,0.125711,0.844386,0.038488,0.338507,0.898548,10837.1,202.4,330.9,587.5,100.0,1.0
911606,5704,159,7.810095,1.0,0.043145,0.030402,7e-06,0.00297053,0.077807,0.734882,0.091083,0.291615,0.926672,10419.9,201.7,377.8,339.1,100.0,1.0
911765,5705,159,7.715372,0.2,-0.075858,0.007887,0.0,0.00314301,0.043725,0.718693,-0.129743,0.277244,0.935487,10358.2,202.7,392.5,362.0,100.0,1.0
911925,5706,160,8.753055,0.2,0.092022,0.0,0.208338,0.00237807,0.236111,0.973542,0.285973,0.472079,0.898816,11329.2,192.4,331.4,552.1,100.0,1.0
912085,5707,160,9.421565,0.816303,0.038966,0.020159,0.0,0.00284927,0.207816,1.0,0.219318,0.405248,0.90486,11696.7,208.1,341.4,422.8,100.0,1.0
912247,5708,162,10.416225,0.524323,0.132996,0.02294,0.000211,0.00291176,0.262097,1.0,0.424346,0.477459,0.885285,11768.1,199.1,308.8,510.1,100.0,1.0
912403,5709,156,9.08024,0.35986,-0.031559,0.0,1.5e-05,0.00279487,0.203709,1.0,0.186699,0.406992,0.911031,11445.7,203.4,351.7,496.4,100.0,1.0
912566,5710,163,7.468801,1.0,0.018963,0.034001,0.0,0.00255732,0.109344,0.866973,0.073316,0.280344,0.907475,10923.2,213.3,345.8,591.9,100.0,1.0
912722,5711,156,8.218066,0.851055,0.080744,0.008694,2.8e-05,0.00251061,0.187318,0.872297,0.240286,0.411879,0.878145,10943.5,193.8,296.9,626.5,100.0,1.0
912883,5712,161,9.018082,0.220077,0.112915,0.005962,0.038252,0.00218797,0.283071,1.0,0.377252,0.524171,0.857291,12181.6,199.8,262.2,813.1,100.0,1.0
913041,5713,158,6.37143,0.553889,-0.074537,0.00498,0.000125,0.00276104,0.012628,0.676602,-0.026677,0.184752,0.911023,10197.9,215.2,351.7,704.3,100.0,1.0
913194,5714,153,9.580142,0.212694,0.105624,0.055204,0.0,0.00281943,0.243586,1.0,0.428459,0.453838,0.92318,11513.1,198.0,372.0,832.9,99.423,1.0
913350,5715,156,8.695088,0.270482,0.08947,0.0,0.023318,0.00267027,0.196065,0.759677,0.25237,0.521992,0.911553,10514.4,172.7,352.6,694.0,100.0,1.0
913503,5716,153,11.258869,0.2,0.112356,0.0,0.131191,0.00314515,0.31211,1.0,0.452309,0.612787,0.912942,11665.6,180.8,354.9,790.2,100.0,1.0
913660,5717,157,7.500259,0.2,0.073019,0.0,0.0,0.00259997,0.120314,0.788915,0.098017,0.351138,0.908687,10625.8,196.6,347.8,641.5,100.0,1.0
913818,5718,158,8.031312,0.879569,0.044072,0.022787,1e-05,0.00247848,0.174331,0.917872,0.201453,0.35695,0.872249,11117.1,204.8,287.1,578.7,100.0,1.0
913975,5719,157,8.859446,0.972508,0.087656,0.00789,0.0,0.00276657,0.189929,0.964304,0.151293,0.412532,0.925157,11294.0,199.9,375.3,331.5,100.0,1.0
914135,5720,160,9.869062,0.392733,0.140385,0.003218,0.0,0.0026299,0.274657,1.0,0.563245,0.471029,0.880317,12062.8,205.0,300.5,660.3,100.0,1.0
914294,5721,159,8.070655,0.2,0.030207,0.013809,0.033675,0.00291945,0.10454,0.671232,0.226415,0.34432,0.894549,10177.4,189.3,324.2,477.4,100.0,1.0
914455,5722,161,8.471534,0.691426,-0.043627,0.0,0.0,0.00317649,0.085595,0.74,0.072506,0.320977,0.940184,10439.4,197.6,400.3,379.1,100.0,1.0
914617,5723,162,9.883566,0.2,0.099175,0.0,0.581151,0.00290419,0.226092,1.0,0.282916,0.45322,0.93395,11448.3,196.9,389.9,796.9,100.0,1.0
914782,5724,165,11.818781,0.742412,0.109186,0.013234,7e-06,0.00324591,0.297471,1.0,0.441098,0.596331,0.940685,12481.7,195.5,401.1,483.3,100.0,1.0
914939,5725,157,8.396461,1.0,0.006528,0.042802,1.1e-05,0.00326184,0.079765,0.74288,0.009316,0.337744,0.967935,10450.4,195.3,446.6,288.3,100.0,1.0
915096,5726,157,6.267817,0.415159,-0.003903,0.002753,1e-05,0.00244743,0.057603,0.528789,-0.060261,0.371402,0.868518,9634.7,175.6,280.9,697.4,100.0,1.0
915254,5727,158,10.78918,0.641987,0.112723,0.020946,0.0,0.0027496,0.32616,1.0,0.663785,0.583261,0.894091,12570.1,198.5,323.5,424.7,100.0,1.0
915413,5728,159,6.634649,1.0,0.003276,0.0265,0.0,0.0022595,0.108462,0.81709,0.046577,0.292451,0.869795,10733.1,207.6,283.0,890.3,100.0,1.0
915570,5729,157,8.769014,0.639306,0.093316,0.020421,0.0,0.00247611,0.229429,0.911849,0.502453,0.423073,0.87203,11094.1,194.9,286.7,654.0,100.0,1.0
915723,5730,153,9.897429,0.235103,0.125288,0.008463,0.110297,0.00272634,0.280602,1.0,0.451823,0.544894,0.93015,11569.7,187.2,383.6,614.2,100.0,1.0
915883,5731,160,8.937023,0.581214,0.089169,0.0,6e-06,0.0022555,0.269154,1.0,0.34723,0.523989,0.900658,11958.1,196.2,334.4,544.5,100.0,1.0
916040,5732,157,8.940193,0.2,0.066276,0.0,2.2e-05,0.0026881,0.208231,0.969262,0.324361,0.389668,0.889552,11312.9,203.5,315.9,552.7,100.0,1.0
916201,5733,161,8.123242,0.536119,0.044219,0.047386,6e-06,0.00237535,0.190244,0.98718,0.203911,0.351063,0.869469,11381.2,210.6,282.4,763.9,100.0,1.0
916362,5734,161,6.177528,0.717075,-0.00472,0.013531,1e-06,0.00241499,0.046684,0.722516,0.014459,0.198497,0.859158,10372.8,216.4,265.3,735.1,100.0,1.0
916525,5735,163,7.216969,0.2,0.118634,0.0,7e-06,0.00231644,0.131191,0.777564,0.249793,0.312828,0.85324,10582.5,201.5,255.4,1255.6,100.0,1.0
916683,5736,158,7.831433,0.900534,0.073158,0.027423,0.0,0.0028962,0.094496,0.752775,-0.078956,0.38171,0.953945,10488.1,189.8,423.2,491.6,100.0,1.0
916842,5737,159,8.544298,0.696721,0.145922,0.052422,2.2e-05,0.00219044,0.254077,1.0,0.416737,0.440786,0.855646,11715.0,203.3,259.4,1010.3,99.927,1.0
917001,5738,159,6.318241,1.0,-0.092119,0.052216,0.0,0.00260669,0.030955,0.634627,0.001935,0.226829,0.874507,10037.9,204.6,290.8,525.5,99.934,1.0
917159,5739,158,10.447878,0.2,0.048395,0.004652,0.0,0.00315513,0.238064,1.0,0.307769,0.47486,0.930626,11830.0,200.5,384.4,345.4,100.0,1.0
917318,5740,159,8.658246,0.869196,0.082387,0.038854,5e-06,0.00271193,0.179242,0.877874,0.125653,0.450346,0.931719,10964.7,189.0,386.2,507.1,100.0,1.0
917475,5741,157,9.171038,0.783359,0.104232,0.057652,0.0,0.00226455,0.291064,1.0,0.471488,0.547274,0.899976,12560.7,202.9,333.3,543.4,99.77,1.0
917635,5742,160,6.961928,0.2,-0.02067,0.000889,0.0,0.00274871,0.05105,0.526806,0.021163,0.361714,0.909813,9627.1,176.7,349.7,595.7,100.0,1.0
917793,5743,158,9.676008,1.0,0.072666,0.044522,0.0,0.00285559,0.231039,1.0,0.308739,0.442327,0.907063,11832.0,205.1,345.1,444.9,100.0,1.0
917950,5744,157,6.770066,0.40154,-0.02955,0.020852,0.000116,0.00257774,0.072639,0.677804,0.077584,0.284784,0.873935,10202.4,198.5,289.9,584.2,100.0,1.0
918107,5745,157,6.802695,0.928962,-0.112924,0.008767,0.0,0.00320982,-0.024288,0.41322,-0.097996,0.285882,0.928585,9194.4,178.8,381.0,319.6,100.0,1.0
918265,5746,158,8.547701,0.961742,0.148349,0.036027,0.0,0.00259403,0.192888,0.813103,0.408957,0.42312,0.882126,10717.9,188.3,303.5,865.8,100.0,1.0
918425,5747,160,7.782241,0.816093,-0.16279,0.004233,0.0,0.00309475,0.053618,0.744469,-0.133902,0.292581,0.944567,10456.4,202.2,407.6,228.7,100.0,1.0
918577,5748,152,8.082172,1.0,0.068738,0.023729,0.0,0.00322405,0.079898,0.690729,0.112453,0.331998,0.947314,10251.7,192.4,412.2,308.3,100.0,1.0
918739,5749,162,8.908042,0.688926,0.020207,0.0,0.0,0.00322581,0.105651,0.777917,0.092056,0.330564,0.92104,10583.9,198.9,368.4,408.6,100.0,1.0
918901,5750,162,5.403198,0.631632,0.09093,0.032079,1e-06,0.00184839,0.081637,0.701105,-0.035242,0.310601,0.85742,10291.2,196.3,262.4,863.7,100.0,1.0
919059,5751,158,9.421597,0.2,0.116088,0.0,0.082952,0.00278672,0.224176,1.0,0.314796,0.430628,0.918217,11494.1,200.9,363.7,718.8,100.0,1.0
919225,5752,166,5.801689,0.656726,-0.043278,0.029555,0.000126,0.00275968,-0.048919,0.479606,-0.138154,0.174325,0.898941,9447.3,201.1,331.6,559.9,100.0,1.0
919382,5753,157,11.026536,0.349783,0.118171,0.003152,2.1e-05,0.00319316,0.276425,0.83238,0.409256,0.620385,0.883,10791.4,166.5,305.0,573.2,100.0,1.0
919539,5754,157,7.290124,0.430347,-0.02944,0.010059,1.4e-05,0.00306625,0.032837,0.553884,-0.017478,0.311877,0.91455,9730.3,185.4,357.6,395.7,100.0,1.0
919702,5755,163,11.297628,0.2,0.131701,0.0,0.230396,0.0029496,0.316216,1.0,0.465367,0.620456,0.914013,11735.2,181.0,356.7,598.6,100.0,1.0
919859,5756,157,10.203739,0.343159,0.134888,0.010591,2e-05,0.00268529,0.298285,1.0,0.534758,0.56252,0.920797,11747.3,188.0,368.0,475.1,100.0,1.0
920020,5757,161,7.942923,0.240765,0.060343,0.0,0.010335,0.00238882,0.175786,0.839357,0.212142,0.406064,0.870773,10817.9,192.3,284.6,736.7,100.0,1.0
920177,5758,157,9.789975,0.436221,0.114626,0.026031,0.000101,0.00300411,0.219074,0.868288,0.433618,0.457157,0.896891,10928.2,187.5,328.2,619.1,100.0,1.0
920339,5759,162,9.177274,0.488909,-0.064548,0.021968,2.1e-05,0.00340199,0.09643,0.828649,0.116198,0.286806,0.948298,10777.2,209.4,413.8,388.4,100.0,1.0
920501,5760,162,6.956336,0.388349,0.091855,0.010561,2.8e-05,0.00223094,0.129477,0.754168,0.133487,0.341165,0.835518,10493.4,195.6,225.9,919.7,100.0,1.0
920662,5761,161,10.090645,0.872853,0.038312,0.015823,1.4e-05,0.00328472,0.18324,0.872069,0.190482,0.44748,0.931269,10942.6,189.0,385.4,317.1,100.0,1.0
920823,5762,161,6.928049,1.0,-0.068597,0.030982,0.0,0.00292666,0.017742,0.600518,-0.045554,0.250865,0.912711,9908.0,198.0,354.5,395.7,100.0,1.0
920981,5763,158,8.351368,0.2,0.115651,0.0,0.025833,0.00213589,0.251924,1.0,0.305701,0.470605,0.867551,11656.8,198.2,279.3,854.2,100.0,1.0
921137,5764,156,9.085142,1.0,0.130077,0.030221,0.0,0.00268067,0.222984,0.937889,0.209354,0.490529,0.914541,11193.4,187.7,357.6,503.1,100.0,1.0
921294,5765,157,7.996005,0.611459,0.057859,0.014797,0.0,0.0022599,0.209496,0.969594,0.372233,0.368606,0.870273,11314.2,206.7,283.8,798.4,100.0,1.0
921452,5766,158,12.152816,0.341214,0.103711,0.0,0.0,0.00344678,0.313109,1.0,0.513033,0.608102,0.925739,12775.0,198.6,376.2,332.1,100.0,1.0
921604,5767,152,12.675429,0.364425,0.164014,0.000755,0.000163,0.00368429,0.33472,1.0,0.41293,0.725071,0.986407,12034.8,174.4,477.3,202.2,100.0,1.0
921769,5768,165,8.611646,0.630058,0.089039,0.013995,0.0,0.00248374,0.198121,1.0,0.268377,0.353692,0.880775,11600.7,214.2,301.3,802.3,100.0,1.0
921935,5769,166,7.851994,1.0,0.001603,0.032621,0.0,0.00280609,0.088512,0.832626,0.119379,0.245233,0.918701,10792.3,216.7,364.5,823.8,100.0,1.0
922096,5770,161,9.257541,0.787668,0.07791,0.023652,6e-06,0.00265869,0.225536,0.97323,0.191477,0.486739,0.926457,11328.0,190.5,377.4,567.1,100.0,1.0
922256,5771,160,6.974151,1.0,-0.284664,0.027953,9.1e-05,0.00348454,-0.065137,0.519192,-0.1168,0.125283,0.933473,9598.1,213.2,389.1,262.9,100.0,1.0
922422,5772,166,8.343962,0.308274,0.02673,0.0,0.0,0.00243479,0.184997,1.0,0.289728,0.306568,0.866411,11816.6,226.1,277.4,890.9,100.0,1.0
922587,5773,165,8.192376,0.456062,0.019323,0.021396,0.0,0.00248875,0.167833,0.92084,0.22365,0.332181,0.870458,11128.4,208.8,284.1,586.0,100.0,1.0
922742,5774,155,8.337619,0.787983,0.097627,0.015331,0.0,0.00273139,0.165372,0.809945,0.267425,0.404773,0.903066,10705.9,190.5,338.4,707.7,100.0,1.0
922899,5775,157,11.963318,0.496936,0.148482,0.002744,8e-06,0.00306579,0.363468,1.0,0.434064,0.737716,0.900098,12274.5,176.6,333.5,522.1,100.0,1.0
923055,5776,156,9.636113,1.0,0.103525,0.049116,0.0,0.00301636,0.209962,0.928348,0.430661,0.404602,0.908126,11157.0,198.6,346.9,693.6,100.0,1.0
923215,5777,160,8.905529,0.2,0.132806,0.0,0.000154,0.00235263,0.252522,1.0,0.385138,0.474118,0.902556,11804.8,200.2,337.6,604.1,100.0,1.0
923381,5778,166,7.788009,0.684033,0.095185,0.0,0.0,0.00259152,0.119827,0.800472,0.143346,0.318006,0.887314,10669.8,202.4,312.2,713.6,100.0,1.0
923538,5779,157,11.33566,0.243721,0.182303,0.0,3.1e-05,0.00315562,0.305168,1.0,0.512931,0.594092,0.935047,12020.7,188.5,391.7,418.7,100.0,1.0
923697,5780,159,8.923555,0.789084,0.068695,0.017392,0.0,0.00270332,0.200447,0.989323,0.228253,0.370941,0.872344,11389.3,207.7,287.2,503.7,100.0,1.0
923857,5781,160,7.82205,0.678073,0.030551,0.034692,4.8e-05,0.0026616,0.126627,0.817894,0.224831,0.292492,0.869307,10736.2,207.7,282.2,697.6,100.0,1.0
924018,5782,161,11.099476,0.353404,0.059767,0.0,0.000142,0.00298215,0.303882,1.0,0.456265,0.598974,0.925337,12542.6,196.1,375.6,432.4,100.0,1.0
924175,5783,157,10.41537,0.766064,0.133355,0.016887,7e-06,0.00289286,0.281553,1.0,0.377061,0.568311,0.933911,11821.3,188.4,389.9,390.7,100.0,1.0
924334,5784,159,13.699478,0.2,0.076971,0.0,0.131944,0.00391408,0.345501,1.0,0.569044,0.697958,0.962345,11849.9,174.5,437.2,260.5,100.0,1.0
924489,5785,155,6.678266,0.535174,0.006141,0.025112,0.023913,0.00267089,0.057874,0.690592,-0.021676,0.273935,0.888719,10251.2,201.2,314.5,590.5,100.0,1.0
924648,5786,159,9.923018,0.537228,0.060666,0.018473,5e-05,0.00305112,0.216016,0.95707,0.180514,0.47275,0.921611,11266.4,191.2,369.4,426.4,100.0,1.0
924809,5787,161,6.747097,1.0,-0.062413,0.045365,0.0,0.00286628,0.01529,0.587965,0.029456,0.223103,0.895552,9860.1,201.5,325.9,435.2,100.0,1.0
924971,5788,162,9.448843,0.810381,0.095182,0.025476,4e-05,0.00262825,0.241912,1.0,0.401039,0.440867,0.898155,11968.4,207.7,330.3,566.9,100.0,1.0
925133,5789,162,9.08482,0.952882,0.017445,0.01744,0.0,0.00309977,0.139828,0.823359,0.086095,0.383125,0.911484,10757.0,194.4,352.5,437.2,100.0,1.0
925298,5790,165,11.405216,0.413308,0.120687,0.002591,1e-06,0.00316518,0.283794,1.0,0.462414,0.554065,0.936294,12594.6,202.6,393.8,502.1,100.0,1.0
925459,5791,161,8.118246,0.593229,0.072968,0.018089,6.8e-05,0.00242692,0.183047,0.929716,0.490215,0.313533,0.895266,11162.2,212.4,325.4,723.9,100.0,1.0
925620,5792,161,8.379156,1.0,0.041495,0.028785,0.0,0.00271786,0.154645,0.907202,0.104239,0.37191,0.925373,11076.4,201.8,375.6,444.6,100.0,1.0
925781,5793,161,9.8519,0.707497,0.113462,0.02407,0.0,0.00252266,0.290167,1.0,0.594999,0.503485,0.882909,11694.0,194.4,304.8,684.4,100.0,1.0
925945,5794,164,8.858523,0.864736,0.098619,0.045418,0.0,0.00269791,0.18366,0.920619,0.316796,0.365992,0.898284,11127.6,203.7,330.5,627.4,100.0,1.0
926110,5795,165,9.090564,0.2,-0.005623,0.0,0.173453,0.00332192,0.09443,0.84665,0.115692,0.280468,0.963957,10845.7,211.8,439.9,393.8,100.0,1.0
926265,5796,155,6.606638,0.2,-0.008089,0.003722,0.283127,0.00250342,0.07898,0.699104,0.24817,0.234031,0.856903,10283.6,208.3,261.5,677.7,100.0,1.0
926423,5797,158,8.461585,0.2,-0.049977,0.0,0.010308,0.00280201,0.155423,0.891545,0.236245,0.33934,0.907293,11016.8,205.6,345.5,682.3,100.0,1.0
926581,5798,158,9.493297,0.884779,0.168644,0.040432,3e-06,0.00237477,0.295865,1.0,0.555275,0.524896,0.878483,11952.8,196.0,297.5,694.7,100.0,1.0
926745,5799,164,10.607509,0.532406,0.110209,0.042455,5.2e-05,0.00284377,0.283482,1.0,0.47121,0.545082,0.926688,11654.9,188.6,377.8,578.0,100.0,1.0
926900,5800,155,9.267804,0.495448,-0.019628,0.0,0.0,0.00307927,0.177909,0.979246,0.203583,0.37356,0.946741,11350.9,206.6,411.2,275.7,100.0,1.0
927056,5801,156,9.063191,0.951754,0.118573,0.021564,0.0,0.00295069,0.180464,0.908503,0.23854,0.410395,0.938694,11081.4,196.4,397.8,498.7,100.0,1.0
927220,5802,164,9.631904,1.0,0.012395,0.030721,0.0,0.00293689,0.199355,1.0,0.259281,0.393913,0.936553,11572.3,207.5,394.3,402.6,100.0,1.0
927373,5803,153,7.124289,0.792849,-0.08432,0.006948,1.5e-05,0.00306523,0.034746,0.656904,-0.13303,0.307314,0.95641,10122.8,193.6,427.3,456.8,100.0,1.0
927531,5804,158,9.571964,0.305086,0.062404,0.0,0.0,0.00296488,0.208392,0.984468,0.191344,0.425358,0.908011,11370.8,199.4,346.7,471.0,100.0,1.0
927688,5805,157,10.830272,0.490284,0.030858,0.0,1.5e-05,0.0036533,0.192329,0.891397,0.207564,0.453791,0.931174,11016.2,189.4,385.3,329.0,100.0,1.0
927846,5806,158,9.110209,0.68698,0.128979,0.029722,0.0,0.00271282,0.215721,1.0,0.361713,0.389987,0.90578,11810.4,212.4,343.0,940.1,100.0,1.0
928005,5807,159,11.090747,0.2,0.035304,0.0,0.0,0.00357018,0.216835,1.0,0.253878,0.460077,0.970334,11605.4,198.7,450.6,262.7,100.0,1.0
928168,5808,163,6.78956,1.0,-0.019565,0.020931,0.0,0.0028875,0.009645,0.642644,-0.021807,0.208215,0.928486,10068.5,208.3,380.8,462.9,100.0,1.0
928326,5809,158,8.736227,1.0,0.063121,0.042034,0.0,0.00283099,0.170752,0.84258,0.206739,0.391746,0.869061,10830.2,194.5,281.8,517.7,100.0,1.0
928488,5810,162,7.384799,0.629484,0.016541,0.042667,0.000122,0.00244826,0.125835,0.956488,0.078206,0.242143,0.87186,11264.2,226.7,286.4,617.7,100.0,1.0
928649,5811,161,9.165152,0.788197,0.151943,0.02607,0.0,0.00271826,0.210772,1.0,0.227911,0.430922,0.937549,11962.4,209.0,395.9,568.4,100.0,1.0
928813,5812,164,9.407198,0.60409,0.027858,0.017804,0.0,0.00336327,0.113994,0.78828,0.110451,0.352816,0.940991,10623.3,196.3,401.7,348.5,100.0,1.0
928972,5813,159,8.379656,0.2,0.028137,0.0,0.250333,0.00254459,0.188338,0.876461,0.230931,0.414447,0.878597,10959.3,193.7,297.7,795.4,100.0,1.0
929130,5814,158,3.226536,0.2,-0.271172,0.0,0.072077,0.002496,-0.166063,0.246274,-0.205608,0.025019,0.868315,8558.3,208.7,280.5,592.3,100.0,1.0
929288,5815,158,7.901551,1.0,-0.157059,0.05475,3.7e-05,0.00346713,0.011298,0.66665,-0.061492,0.250869,0.998252,10159.9,203.1,497.1,254.3,99.857,1.0
929444,5816,156,7.334563,1.0,-0.104974,0.040954,0.0,0.00299203,0.052273,0.749228,-0.013928,0.235634,0.911582,10474.6,211.9,352.6,536.1,100.0,1.0
929609,5817,165,8.318608,0.921889,-0.019808,0.001943,0.0,0.00273625,0.137189,0.959837,0.180652,0.256756,0.894153,11277.0,224.3,323.6,517.8,100.0,1.0
929770,5818,161,8.962474,1.0,0.086627,0.030224,0.0,0.00293081,0.162382,0.928651,0.318396,0.309296,0.901353,11158.2,213.1,335.6,482.5,100.0,1.0
929935,5819,165,9.644553,0.872628,-0.048389,0.009888,0.0,0.00344417,0.114258,0.861104,0.104704,0.317507,0.953967,10900.8,206.8,423.3,279.8,100.0,1.0
930097,5820,162,7.215358,0.210711,-0.034125,0.005255,1.2e-05,0.00268884,0.075084,0.728419,0.014941,0.290734,0.899234,10395.3,201.3,332.1,606.6,100.0,1.0
930260,5821,163,8.919392,0.2,0.156164,0.003968,0.036689,0.00253595,0.217948,1.0,0.463761,0.354748,0.88131,12012.3,221.7,302.2,1105.3,100.0,1.0
930422,5822,162,10.42127,0.41179,0.095306,0.003659,4.4e-05,0.00293552,0.262088,1.0,0.300092,0.540708,0.936815,11486.8,186.4,394.7,547.4,100.0,1.0
930585,5823,163,6.357355,1.0,-0.055727,0.058531,2.1e-05,0.00236301,0.064835,0.835933,-0.057132,0.209929,0.889626,10804.9,223.3,316.0,612.9,99.744,1.0
930747,5824,162,8.33119,0.787898,0.120798,0.019009,0.0,0.00223681,0.22735,0.983694,0.363345,0.379439,0.826737,11367.9,206.0,211.2,920.0,100.0,1.0
930908,5825,161,7.757864,0.2,-0.044051,0.0,0.213904,0.00277148,0.102929,0.793097,0.144409,0.26727,0.866778,10641.7,209.9,278.0,812.5,100.0,1.0
931063,5826,155,9.359941,0.918686,0.109195,0.038597,0.0,0.00299979,0.197601,0.865101,0.382075,0.429659,0.914982,10916.0,190.9,358.3,428.6,100.0,1.0
931221,5827,158,8.211323,0.729357,0.070435,0.044623,0.00012,0.00229924,0.217988,1.0,0.262521,0.409283,0.887908,12394.9,219.9,313.2,604.8,100.0,1.0
931383,5828,162,8.385864,0.954239,0.078937,0.033538,0.0,0.00260118,0.172231,0.956735,0.191095,0.339115,0.886835,11265.2,210.3,311.4,776.4,100.0,1.0
931537,5829,154,9.265636,0.795012,0.112441,0.039699,0.0,0.00307572,0.182256,0.890142,0.233908,0.426661,0.937339,11011.4,193.0,395.6,421.1,100.0,1.0
931698,5830,161,9.235301,0.950123,0.037609,0.031989,0.0,0.00301569,0.168273,0.946781,0.231142,0.348133,0.923158,11227.2,208.2,371.9,364.7,100.0,1.0
931849,5831,151,8.510965,1.0,0.112525,0.037283,9.1e-05,0.00304548,0.142675,0.746097,0.349287,0.390544,0.939982,10462.6,188.1,400.0,456.4,100.0,1.0
932017,5832,168,6.53155,0.308163,0.005917,0.0,0.0,0.00201545,0.123811,0.828446,0.057599,0.307742,0.848628,10776.4,206.0,247.7,838.2,100.0,1.0
932172,5833,155,9.418883,1.0,-0.014474,0.051924,0.0,0.00321152,0.169023,0.974793,0.030896,0.398549,0.94874,11334.0,202.6,414.6,255.3,99.942,1.0
932332,5834,160,7.297026,0.634354,0.028084,0.0,3.1e-05,0.00267661,0.088352,0.733096,0.084553,0.308854,0.907677,10413.1,198.9,346.1,464.2,100.0,1.0
932487,5835,155,8.011071,0.934999,0.076707,0.021049,0.000223,0.00205774,0.248201,1.0,0.239421,0.471707,0.857697,11864.5,201.5,262.8,550.6,100.0,1.0
932646,5836,159,10.398526,0.266113,0.015351,0.0,0.000226,0.00327358,0.215702,1.0,0.307218,0.426819,0.942991,11560.7,202.6,405.0,412.3,100.0,1.0
932806,5837,160,6.391216,0.2,-0.003405,0.0,0.056223,0.00248768,0.054498,0.658255,0.087484,0.242339,0.863,10128.0,203.8,271.7,769.9,100.0,1.0
932962,5838,156,5.264055,0.483003,-0.287365,0.030232,2.9e-05,0.00292528,-0.083631,0.439168,-0.233077,0.159535,0.935715,9293.2,200.4,392.9,295.1,100.0,1.0
933125,5839,163,8.81236,0.2,0.081681,0.0,2.7e-05,0.00252403,0.212561,1.0,0.339042,0.387888,0.905992,12119.5,218.3,343.3,537.5,100.0,1.0
933282,5840,157,8.284982,0.2,0.045168,0.0,0.02987,0.00282974,0.142372,0.828391,0.158037,0.376021,0.923749,10776.2,195.8,372.9,562.0,100.0,1.0
933437,5841,155,4.704508,0.2,0.011137,0.0,0.0,0.002145,0.000645,0.568106,-0.120799,0.225346,0.877759,9784.5,199.6,296.3,657.6,100.0,1.0
933603,5842,166,7.121375,0.2,0.002801,0.003674,0.0,0.00239922,0.105967,0.870521,0.111802,0.261853,0.91034,10936.7,216.7,350.6,643.6,100.0,1.0
933761,5843,158,8.303626,0.460839,0.01236,0.0,0.0,0.00279402,0.14649,0.897234,-0.020311,0.39521,0.935487,11038.5,197.8,392.5,430.8,100.0,1.0
933923,5844,162,7.292103,0.919673,-0.063973,0.011733,0.000117,0.00275221,0.070475,0.793679,0.10084,0.219689,0.903617,10643.9,218.2,339.4,592.2,100.0,1.0
934085,5845,162,11.98153,1.0,0.067584,0.021224,0.0,0.0038163,0.23022,1.0,0.306582,0.47741,0.965611,12028.3,203.5,442.7,241.0,100.0,1.0
934244,5846,159,10.720255,0.800019,0.078348,0.0,0.0,0.0038552,0.146316,0.819291,0.314009,0.370867,0.953017,10741.5,195.9,421.7,291.4,100.0,1.0
934408,5847,164,4.658244,0.2,-0.135577,0.008073,0.0,0.00258094,-0.093298,0.45892,-0.189916,0.086017,0.893771,9368.5,215.7,323.0,565.6,100.0,1.0
934566,5848,158,6.993207,0.374622,-0.00881,0.00011,4e-05,0.00256036,0.090838,0.771822,-0.027527,0.305382,0.886073,10560.6,202.3,310.1,492.5,100.0,1.0
934724,5849,158,9.736596,0.397083,0.083527,0.006069,0.000331,0.00272835,0.258639,1.0,0.446288,0.466577,0.890483,12068.1,205.7,317.5,442.1,100.0,1.0
934883,5850,159,6.522113,0.640934,-0.09938,0.033245,3.2e-05,0.00285088,0.008731,0.618863,-0.070187,0.213409,0.89732,9977.9,205.6,328.9,564.0,100.0,1.0
935041,5851,158,9.153659,0.687652,0.122823,0.007826,0.0,0.00251416,0.251224,1.0,0.509663,0.430527,0.887811,11764.7,205.6,313.0,738.5,100.0,1.0
935201,5852,160,8.313656,0.2,0.000146,0.0,0.0,0.00263497,0.16737,1.0,0.196614,0.292061,0.876462,11464.5,221.8,294.1,733.8,100.0,1.0
935362,5853,161,9.295533,0.900123,0.007504,0.058203,7e-06,0.00279317,0.208842,0.955322,0.172431,0.455587,0.917865,11259.8,193.4,363.1,432.5,99.754,1.0
935520,5854,158,8.553498,0.2,0.090973,0.00825,0.011067,0.0026744,0.183435,0.927991,0.152618,0.418481,0.924865,11155.6,196.6,374.8,624.4,100.0,1.0
935684,5855,164,8.437906,0.573508,0.085092,0.019767,9.3e-05,0.00258866,0.173271,0.93492,0.211561,0.356203,0.896385,11182.0,206.1,327.3,630.1,100.0,1.0
935843,5856,159,8.44265,0.2,0.123069,0.0,0.128274,0.00214397,0.257261,1.0,0.491321,0.425599,0.848442,12399.4,217.4,247.4,932.7,100.0,1.0
935993,5857,150,9.215917,0.330703,0.092898,0.004519,0.029038,0.0024893,0.279535,1.0,0.496905,0.50191,0.883677,11835.0,197.0,306.1,604.6,100.0,1.0
936151,5858,158,8.8072,0.2,-0.004946,0.007653,0.31782,0.00303897,0.14383,0.847993,0.141976,0.366919,0.916535,10850.9,198.5,360.9,823.4,100.0,1.0
936317,5859,166,7.279818,0.35494,-0.029632,0.0,0.0,0.00262289,0.080399,0.831582,0.053213,0.219015,0.881693,10788.3,221.3,302.8,708.2,100.0,1.0
936475,5860,158,10.676989,0.69771,0.097109,0.0,1.3e-05,0.00304457,0.275493,1.0,0.323622,0.559814,0.92318,11595.7,185.9,372.0,368.3,100.0,1.0
936638,5861,163,5.571675,0.2,-0.050901,0.0,0.088092,0.00231088,0.018131,0.711743,-0.054764,0.148927,0.855596,10331.7,224.8,259.3,791.3,100.0,1.0
936800,5862,162,7.339739,1.0,-0.001691,0.042797,3.8e-05,0.0024833,0.117783,0.921034,0.052306,0.252313,0.874526,11129.1,222.2,290.9,811.9,100.0,1.0
936965,5863,165,7.27225,0.847905,-0.067939,0.046256,0.0,0.00264007,0.079681,0.830596,0.016047,0.259984,0.934263,10784.6,214.0,390.4,605.9,100.0,1.0
937130,5864,165,8.22949,0.364498,-0.024793,0.0,5.1e-05,0.00294072,0.097918,0.772688,-0.015482,0.345821,0.928139,10563.9,196.2,380.2,515.3,100.0,1.0
937289,5865,159,6.040332,0.832802,-0.031356,0.017447,2.4e-05,0.00239008,0.048009,0.711205,0.033862,0.209822,0.868428,10329.7,213.5,280.7,588.1,100.0,1.0
937443,5866,154,10.78051,0.979606,0.064103,0.0,0.0,0.00313462,0.281212,0.990342,0.411074,0.55645,0.920245,11393.2,183.0,367.1,319.0,100.0,1.0
937603,5867,160,9.969124,0.751358,0.096141,0.036825,3e-06,0.00308012,0.213676,0.96485,0.258953,0.463133,0.954742,11296.1,193.0,424.6,613.1,100.0,1.0
937764,5868,161,5.707762,0.701251,-0.068568,0.032311,0.0,0.0023492,0.026299,0.605729,0.125314,0.189945,0.854573,9927.8,208.6,257.6,732.1,100.0,1.0
937930,5869,166,6.615444,0.933995,-0.036179,0.015986,0.0,0.0022828,0.089898,0.847016,0.154275,0.18141,0.839389,10847.1,229.5,232.3,909.5,100.0,1.0
938083,5870,153,6.761092,0.642999,-0.163913,0.031327,4.8e-05,0.0032148,-0.012702,0.455628,-0.128487,0.287626,0.915244,9355.9,181.7,358.7,304.5,100.0,1.0
938241,5871,158,8.530492,0.840932,0.096557,0.052492,2e-06,0.00242645,0.221223,1.0,0.323853,0.397112,0.880027,11480.5,205.4,300.0,806.0,99.741,1.0
938405,5872,164,7.206037,0.478729,-0.013461,0.011443,0.0,0.00282644,0.047199,0.747504,0.059864,0.189726,0.886215,10468.0,220.0,310.4,482.2,100.0,1.0
938567,5873,162,7.249825,0.660634,0.056891,0.010496,5.1e-05,0.00243357,0.119612,0.870934,0.180069,0.258636,0.878331,10938.3,217.3,297.2,578.7,100.0,1.0
938731,5874,164,6.966034,0.791652,-0.14197,0.050001,0.0,0.0028024,0.034138,0.731546,0.036571,0.19174,0.916406,10407.2,218.3,360.7,477.1,100.0,1.0
938888,5875,157,9.357157,0.848193,0.11731,0.02861,3e-06,0.00291439,0.205673,0.895095,0.347661,0.428554,0.897153,11030.3,193.0,328.6,543.4,100.0,1.0
939042,5876,154,5.739972,0.747585,-0.099733,0.003333,0.0,0.00257094,0.010934,0.575672,-0.103541,0.24944,0.889625,9813.3,196.4,316.0,469.9,100.0,1.0
939209,5877,167,8.453482,0.619886,0.053728,0.011912,0.0,0.00242831,0.193661,1.0,0.157025,0.369941,0.880071,11477.7,209.5,300.1,708.3,100.0,1.0
939366,5878,157,10.898998,0.929112,0.108465,0.035434,0.0,0.00317434,0.274192,1.0,0.448605,0.521386,0.91689,11469.5,188.5,361.5,469.5,100.0,1.0
939521,5879,155,10.571589,0.2,0.125271,0.0,0.000128,0.00324087,0.247089,1.0,0.407348,0.473294,0.931853,12005.4,203.7,386.4,423.3,100.0,1.0
939679,5880,158,10.505348,0.2,0.042911,0.0,0.007836,0.00312239,0.251442,1.0,0.44482,0.462127,0.911562,11951.2,204.3,352.6,631.6,100.0,1.0
939840,5881,161,11.405439,0.2,0.114188,0.0,0.096185,0.00321823,0.290517,1.0,0.504677,0.564791,0.94347,12781.6,204.2,405.8,341.1,100.0,1.0
939997,5882,157,6.783952,0.2,0.018559,0.0,0.000187,0.00249709,0.08896,0.681279,0.12036,0.328583,0.899315,10215.7,192.2,332.2,458.2,100.0,1.0
940157,5883,160,10.726279,0.624111,0.084438,0.029794,0.000103,0.00339223,0.217808,1.0,0.330949,0.40275,0.905545,12082.8,215.3,342.6,383.3,100.0,1.0
940320,5884,163,8.950927,0.2,0.11934,0.002902,0.226674,0.0025117,0.225335,1.0,0.432774,0.368984,0.862146,11998.9,219.1,270.2,868.1,100.0,1.0
940479,5885,159,10.217146,0.2,0.066707,0.0,0.178579,0.00295499,0.254712,1.0,0.466172,0.470868,0.921008,12169.1,206.8,368.3,539.4,100.0,1.0
940636,5886,157,8.292383,0.805965,0.028224,0.029671,3e-05,0.00288895,0.134527,0.831413,0.104794,0.368125,0.924221,10787.7,197.1,373.7,641.4,100.0,1.0
940798,5887,162,9.953903,0.76051,0.012346,0.013683,1.7e-05,0.00325163,0.179221,1.0,0.17905,0.362822,0.935253,11784.5,216.2,392.1,354.6,100.0,1.0
940955,5888,157,9.210748,0.2,0.062843,0.00406,0.005383,0.00277851,0.217108,1.0,0.198541,0.442327,0.918706,11800.6,204.5,364.5,456.0,100.0,1.0
941112,5889,157,7.016313,0.990996,0.050754,0.03559,0.000117,0.00289617,0.042992,0.662197,0.089201,0.251453,0.928234,10143.0,202.6,380.4,491.8,100.0,1.0
941275,5890,163,12.332661,0.867892,0.089788,0.0,0.0,0.0037288,0.267081,1.0,0.351289,0.560285,0.968649,12101.8,193.9,447.7,296.3,100.0,1.0
941439,5891,164,9.662132,0.2,0.087553,0.001283,0.057144,0.00257277,0.263581,1.0,0.420335,0.477902,0.878452,12019.3,203.3,297.4,667.0,100.0,1.0
941600,5892,161,7.40459,0.838801,0.025581,0.048169,0.0,0.00289679,0.058977,0.714849,0.08178,0.273744,0.949643,10343.6,203.0,416.1,507.3,100.0,1.0
941758,5893,158,8.367316,0.619642,0.116048,0.009823,0.0,0.00236637,0.219797,0.998641,0.293789,0.408547,0.890644,11424.8,202.8,317.7,643.0,100.0,1.0
941914,5894,156,10.68116,0.454001,0.108893,0.0,1.1e-05,0.00322621,0.254587,0.924103,0.457768,0.522379,0.924667,11140.8,183.0,374.4,455.2,100.0,1.0
942074,5895,160,8.532717,0.2,0.081025,0.025187,0.005399,0.00240962,0.219926,0.967379,0.30584,0.418793,0.880079,11305.7,199.2,300.1,822.9,100.0,1.0
942236,5896,162,5.302153,0.2,-0.160855,0.0,0.134116,0.00264535,-0.052317,0.584781,-0.108627,0.085075,0.886718,9848.0,226.9,311.2,845.4,100.0,1.0
942393,5897,157,9.008405,0.2,0.041424,0.0,0.298672,0.00255144,0.238653,1.0,0.313746,0.467891,0.919514,11580.0,197.2,365.9,603.2,100.0,1.0
942548,5898,155,6.556202,0.2,-0.042932,0.0,0.322131,0.00262305,0.058652,0.674796,0.016145,0.260704,0.863771,10191.0,202.1,273.0,564.6,100.0,1.0
942708,5899,160,9.140211,0.2,0.069742,0.0,0.00025,0.00251989,0.245412,1.0,0.393609,0.450323,0.896311,11963.0,206.2,327.2,429.7,100.0,1.0
942869,5900,161,9.020324,0.700693,0.068739,0.000426,0.0,0.00284524,0.182026,0.939212,0.057722,0.427861,0.918773,11198.4,196.1,364.6,599.0,100.0,1.0
943026,5901,157,9.381528,0.515678,0.122237,0.000284,0.000513,0.00238027,0.292062,1.0,0.379036,0.567624,0.891564,12604.3,201.0,319.3,471.9,100.0,1.0
943179,5902,153,9.424777,0.295882,0.072662,0.0,0.010189,0.00261266,0.269094,0.983485,0.451031,0.515763,0.912741,11367.1,187.5,354.6,522.3,100.0,1.0
943342,5903,163,8.748382,0.200891,0.079798,0.003129,0.037689,0.00299453,0.132742,0.882512,0.201146,0.316533,0.938453,10982.4,208.5,397.4,495.8,100.0,1.0
943503,5904,161,9.826736,1.0,0.078037,0.043399,0.0,0.00287537,0.234503,1.0,0.329126,0.455882,0.923048,11556.9,198.5,371.7,477.4,100.0,1.0
943662,5905,159,9.612203,-0.268246,0.115547,0.0,0.0,0.00274899,0.245151,1.0,0.275204,0.5056,0.938438,11518.8,191.3,397.4,590.2,100.0,1.0
943819,5906,157,8.821216,0.324858,0.000199,0.005972,0.029451,0.00279926,0.186634,0.927153,0.230077,0.399819,0.91236,11152.5,199.2,353.9,465.0,100.0,1.0
943975,5907,156,6.345824,0.484154,-0.08029,0.000161,1.4e-05,0.00279883,0.013812,0.622569,0.042245,0.220637,0.93724,9992.0,204.6,395.4,415.7,100.0,1.0
944137,5908,162,5.747366,0.2,-0.222581,0.0,0.0,0.00304908,-0.085996,0.455499,-0.081437,0.086243,0.904897,9355.5,215.3,341.5,404.7,100.0,1.0
944299,5909,162,9.184632,0.622601,-0.021846,0.024533,3e-06,0.00315795,0.14039,0.809779,0.205198,0.3975,0.966297,10705.3,191.5,443.8,314.8,100.0,1.0
944454,5910,155,8.83902,0.643512,0.039016,0.035668,7.5e-05,0.00286064,0.184092,0.901678,0.17617,0.420977,0.909341,11055.4,194.5,348.9,426.9,100.0,1.0
944619,5911,165,9.16677,0.731841,0.008019,0.017336,0.0,0.00302842,0.151106,1.0,0.245306,0.27378,0.931746,11461.6,225.0,386.2,544.6,100.0,1.0
944781,5912,162,11.012313,0.2,0.128679,0.0,2.1e-05,0.00274611,0.337004,1.0,0.595166,0.652448,0.933967,13356.0,202.1,389.9,559.4,100.0,1.0
944947,5913,166,7.824665,1.0,0.013138,0.052045,0.0,0.00272741,0.102814,0.857522,0.140662,0.239255,0.885338,10887.2,219.6,308.9,732.9,99.939,1.0
945106,5914,159,9.807986,1.0,0.099461,0.043672,0.0,0.00354418,0.13289,0.766765,0.325086,0.358368,0.938629,10541.4,194.0,397.7,444.2,100.0,1.0
945266,5915,160,11.172968,0.68738,0.116912,0.0,1.6e-05,0.00303145,0.308389,1.0,0.44832,0.612559,0.925867,12776.7,198.1,376.4,523.8,100.0,1.0
945430,5916,164,9.634383,0.24269,0.099535,0.001468,0.027289,0.00269586,0.242092,1.0,0.353586,0.448625,0.890866,11759.1,202.9,318.1,790.6,100.0,1.0
945597,5917,167,8.275117,0.931708,0.019322,0.01185,2.6e-05,0.00280921,0.118562,0.875458,0.076198,0.29487,0.903482,10955.5,211.5,339.1,698.7,100.0,1.0
945754,5918,157,6.691839,0.2,-0.07884,0.0,0.016103,0.00295023,0.012081,0.600547,-0.013188,0.218788,0.897007,9908.1,203.2,328.3,489.8,100.0,1.0
945912,5919,158,9.546452,0.593874,0.099209,0.019756,3.5e-05,0.00282342,0.231941,0.990812,0.257471,0.455264,0.89446,11395.0,195.8,324.1,701.1,100.0,1.0
946073,5920,161,7.213284,0.2,-0.088121,0.008421,0.247018,0.00252925,0.105134,0.787962,0.022576,0.308444,0.869968,10622.1,203.0,283.3,628.8,100.0,1.0
946221,5921,148,6.883337,0.998739,0.053932,0.054182,0.0,0.0023342,0.143446,0.780523,0.099273,0.400486,0.887226,10593.8,189.1,312.0,568.2,99.875,1.0
946382,5922,161,8.638118,0.530428,0.104926,0.006441,6.4e-05,0.00324232,0.091531,0.729791,-0.005429,0.349874,0.921294,10400.5,192.6,368.8,387.6,100.0,1.0
946543,5923,161,8.07419,0.2,-0.097087,0.009565,0.35,0.00270819,0.137514,0.902101,0.188771,0.283566,0.881259,11057.0,215.4,302.1,501.6,100.0,1.0
946707,5924,164,4.350095,0.826703,-0.22313,0.025232,0.0,0.00268811,-0.131848,0.356684,-0.079651,0.018646,0.88205,8979.0,220.4,303.4,578.5,100.0,1.0
946863,5925,156,9.952583,1.0,0.013093,0.068662,0.0,0.00386867,0.103509,0.748006,0.148692,0.337625,0.933648,10469.9,195.7,389.4,251.5,99.44,1.0
947019,5926,156,7.381428,0.73198,0.066511,0.017011,0.0,0.00236037,0.156211,0.907834,0.174096,0.352129,0.916037,11078.8,204.8,360.1,726.5,100.0,1.0
947180,5927,161,6.868959,0.70239,0.051947,0.013162,5e-06,0.0022187,0.130799,0.795361,0.199433,0.301852,0.834902,10650.3,204.5,224.8,695.9,100.0,1.0
947342,5928,162,10.69212,0.2,0.123661,0.0,0.0,0.00283123,0.300977,1.0,0.460941,0.57898,0.906837,13341.2,211.2,344.7,567.6,100.0,1.0
947506,5929,164,7.598569,1.0,0.027759,0.018972,0.0,0.00274374,0.08989,0.789513,0.246116,0.215521,0.873233,10628.0,218.6,288.7,539.7,100.0,1.0
947667,5930,161,10.414243,0.324033,0.009609,0.0,0.000207,0.00320127,0.22453,1.0,0.197869,0.453964,0.907368,11566.5,198.9,345.6,405.3,100.0,1.0
947829,5931,162,7.373484,0.2,-0.09009,0.020275,0.061528,0.00282283,0.066613,0.828019,0.011145,0.20347,0.891575,10774.8,223.8,319.3,469.4,100.0,1.0
947983,5932,154,10.614023,0.24176,0.082091,0.0,0.036548,0.0028893,0.309239,1.0,0.483874,0.594742,0.908182,12574.3,197.1,347.0,585.0,100.0,1.0
948147,5933,164,5.712365,0.367581,-0.096643,0.02446,5e-06,0.00277793,-0.049675,0.494869,-0.007865,0.124776,0.890064,9505.4,211.3,316.8,574.4,100.0,1.0
948312,5934,165,5.528689,0.2,-0.282654,0.0,0.077547,0.00308219,-0.115705,0.397626,-0.244048,0.098985,0.921201,9135.0,207.8,368.7,550.3,100.0,1.0
948474,5935,162,7.975812,0.2,0.009409,0.0,0.055995,0.00247981,0.165046,0.897484,0.153351,0.350703,0.859764,11039.4,204.3,266.3,776.8,100.0,1.0
948628,5936,154,9.572624,0.226678,0.069186,0.0,0.007562,0.0027015,0.264227,1.0,0.465053,0.479739,0.896696,11515.3,194.5,327.8,770.1,100.0,1.0
948792,5937,164,7.56142,0.589247,-0.094555,0.0,0.0,0.00280079,0.078023,0.790734,0.10272,0.252319,0.923441,10632.7,212.3,372.4,510.3,100.0,1.0
948946,5938,154,9.264332,0.59795,0.108947,0.00364,0.0,0.00286285,0.217514,0.866997,0.5277,0.421323,0.882135,10923.3,192.1,303.6,770.3,100.0,1.0
949101,5939,155,10.853695,0.531835,0.110799,0.022324,2.5e-05,0.00301831,0.303559,1.0,0.457391,0.572197,0.884237,12130.8,192.9,307.1,552.9,100.0,1.0
949258,5940,157,6.503949,0.931079,-0.221054,0.006308,0.0,0.00284082,0.016266,0.684513,0.021188,0.162898,0.88856,10228.0,219.9,314.3,395.6,100.0,1.0
949413,5941,155,8.510382,0.237201,0.095221,0.013267,0.112496,0.00235123,0.240458,0.874596,0.67851,0.409867,0.839955,10952.2,194.2,233.3,644.8,100.0,1.0
949572,5942,159,7.887341,0.2,0.110805,0.000832,0.027814,0.00223872,0.204653,0.995894,0.289299,0.372325,0.888724,11414.4,207.9,314.5,787.6,100.0,1.0
949741,5943,169,5.691129,0.2,-0.121073,0.0,0.120668,0.00273121,-0.057072,0.586753,-0.067684,0.059073,0.882485,9855.5,232.6,304.1,912.6,100.0,1.0
949906,5944,165,8.074909,0.2,0.00522,0.0,0.110152,0.00248452,0.164007,0.965618,0.136737,0.324051,0.882766,11299.0,213.3,304.6,595.1,100.0,1.0
950066,5945,160,6.893419,0.468418,-0.256548,0.010343,0.0,0.00312504,-0.010031,0.573892,-0.122474,0.236401,0.943267,9806.5,198.3,405.4,427.8,100.0,1.0
950226,5946,160,6.907192,0.380977,0.075269,0.021764,0.000228,0.00225642,0.129953,0.83033,0.26846,0.275167,0.858169,10783.6,211.4,263.6,992.6,100.0,1.0
950386,5947,160,8.53316,0.305995,0.054532,0.015769,0.017047,0.00248271,0.209313,1.0,0.201199,0.407258,0.894843,11599.8,206.1,324.7,617.7,100.0,1.0
950548,5948,162,3.640982,0.485345,-0.373472,0.020158,7.4e-05,0.00296488,-0.221515,0.220925,-0.452653,-0.01928,0.895075,8461.7,215.7,325.1,472.1,100.0,1.0
950711,5949,163,5.847643,0.720944,-0.269497,0.01565,0.0,0.00297384,-0.069072,0.510609,-0.101829,0.093498,0.895763,9565.4,218.7,326.3,389.8,100.0,1.0
950873,5950,162,7.924274,0.695165,0.047496,0.01479,0.0,0.00236392,0.180334,1.0,0.175429,0.317739,0.857219,11515.7,218.5,262.0,638.6,100.0,1.0
951030,5951,157,7.632262,0.395696,-0.033744,0.016489,7.8e-05,0.00290766,0.086031,0.795421,0.058886,0.267264,0.902476,10650.6,210.1,337.5,791.4,100.0,1.0
951191,5952,161,5.328423,0.2,-0.030691,0.0,0.010696,0.00227979,0.011732,0.62055,0.081651,0.144361,0.837263,9984.3,218.1,228.8,1157.8,100.0,1.0
951354,5953,163,7.042495,0.685597,-0.05082,0.008159,1.5e-05,0.00289778,0.028274,0.738116,0.014082,0.177872,0.915249,10432.2,221.4,358.7,552.9,100.0,1.0
951511,5954,157,8.245938,0.465018,0.086254,0.007016,0.000147,0.00250736,0.192523,1.0,0.25055,0.345412,0.882787,11762.0,218.6,304.6,733.8,100.0,1.0
951666,5955,155,9.443445,0.892259,0.111663,0.0,0.0,0.00273983,0.246638,1.0,0.47206,0.435932,0.899764,11903.3,207.2,332.9,784.4,100.0,1.0
951825,5956,159,11.448534,0.785393,0.116947,0.042504,5.8e-05,0.0033553,0.280415,1.0,0.456277,0.543887,0.931069,12291.1,199.0,385.1,409.5,100.0,1.0
951986,5957,161,9.065381,0.951463,0.122636,0.010156,3.8e-05,0.0027,0.209839,1.0,0.409819,0.372907,0.921225,11738.1,213.7,368.7,487.2,100.0,1.0
952150,5958,164,10.588159,-0.445723,0.092675,0.01133,2.1e-05,0.0031678,0.233329,1.0,0.370367,0.445972,0.928386,11726.1,202.7,380.6,579.0,100.0,1.0
952304,5959,154,8.828217,0.661459,0.126053,0.039378,0.0,0.00244738,0.250862,1.0,0.517571,0.428937,0.88988,12212.7,213.7,316.5,659.3,100.0,1.0
952464,5960,160,8.86724,0.297806,0.130793,0.001538,0.034661,0.00244159,0.239871,1.0,0.385867,0.429969,0.882812,11739.3,205.2,304.7,609.7,100.0,1.0
952621,5961,157,4.501592,0.2,-0.112308,0.0,4e-05,0.00279772,-0.119152,0.351458,-0.124672,0.067957,0.886928,8959.1,209.7,311.5,643.7,100.0,1.0
952780,5962,159,5.712344,0.739712,-0.303023,0.015101,0.0,0.00281464,-0.041344,0.624758,-0.081454,0.092638,0.905774,10000.3,228.8,343.0,497.6,100.0,1.0
952935,5963,155,9.032435,0.968373,0.065031,0.036478,0.0,0.00257346,0.24339,1.0,0.297344,0.475885,0.906791,11469.9,194.3,344.7,400.9,100.0,1.0
953096,5964,161,8.965222,1.0,0.001754,0.024936,1.1e-05,0.0028522,0.1783,1.0,0.253794,0.313003,0.889124,11780.3,224.3,315.2,507.3,100.0,1.0
953250,5965,154,8.272147,0.697497,0.085006,0.027348,0.000156,0.00249107,0.204601,1.0,0.279504,0.384836,0.909136,11950.5,215.7,348.6,563.8,100.0,1.0
953414,5966,164,8.449686,0.689406,-0.051441,0.034706,0.000105,0.00319083,0.077558,0.823323,0.107447,0.238129,0.937075,10756.9,217.2,395.1,483.3,100.0,1.0
953572,5967,158,6.915966,1.0,-0.047082,0.048919,0.0,0.00312799,-0.002392,0.644128,-0.01416,0.169198,0.918751,10074.1,215.4,364.6,428.1,100.0,1.0
953731,5968,159,9.414676,0.741032,0.010171,0.03273,1.4e-05,0.0028944,0.209368,0.986597,0.241109,0.418578,0.915295,11378.9,200.5,358.8,578.9,100.0,1.0
953892,5969,161,6.033063,0.412624,-0.023476,0.018496,0.00015,0.00282273,-0.025365,0.618774,0.020814,0.091324,0.874679,9977.5,228.6,291.1,942.2,100.0,1.0
954053,5970,161,5.602693,1.0,0.031999,0.033662,0.0,0.00230532,0.027341,0.629746,0.105931,0.208658,0.896608,10019.3,207.2,327.7,629.3,100.0,1.0
954210,5971,157,9.182548,0.350048,0.125504,0.014324,0.0,0.00248642,0.26273,1.0,0.378465,0.486964,0.879606,12202.6,205.2,299.3,596.4,100.0,1.0
954372,5972,162,9.046733,0.517741,0.045768,0.0,0.0,0.00267236,0.210519,1.0,0.217673,0.399736,0.88457,11482.2,205.1,307.6,667.2,100.0,1.0
954536,5973,164,11.059175,0.640184,0.11441,0.030945,3e-06,0.00354653,0.205004,0.974517,0.181067,0.443938,0.93723,11332.9,196.2,395.4,517.3,100.0,1.0
954697,5974,161,10.099789,0.804163,0.065241,0.015931,3e-06,0.00311739,0.216593,0.989577,0.214653,0.439845,0.912818,11390.3,197.8,354.7,461.2,100.0,1.0
954862,5975,165,9.506711,0.555325,0.104419,0.006884,3e-05,0.00272137,0.227319,1.0,0.401535,0.411664,0.91,11450.1,202.8,350.0,861.9,100.0,1.0
955024,5976,162,7.592176,0.411461,-0.066196,0.009168,0.000171,0.00287284,0.074759,0.772887,0.082094,0.251445,0.909,10564.7,211.0,348.3,476.2,100.0,1.0
955184,5977,160,6.669629,1.0,0.025143,0.054568,0.0,0.00253695,0.068632,0.841862,0.047987,0.185626,0.883529,10827.5,228.3,305.9,735.2,99.863,1.0
955342,5978,158,8.306817,0.225755,-0.037312,0.00382,0.106701,0.00268912,0.166154,0.994417,0.196862,0.326469,0.930898,11408.7,215.0,384.8,454.9,100.0,1.0
955506,5979,164,10.623628,0.2,0.120199,0.0,0.023057,0.00320006,0.231102,1.0,0.474127,0.401287,0.907304,11619.9,207.3,345.5,541.1,100.0,1.0
955670,5980,164,6.920562,0.2,0.035914,0.0,0.333166,0.00262121,0.062573,0.766677,0.03239,0.225964,0.890883,10541.0,215.0,318.1,828.6,100.0,1.0
955830,5981,160,10.495736,0.360403,0.120071,0.0,0.000102,0.00287914,0.286215,1.0,0.501722,0.550574,0.936745,13037.5,210.2,394.6,402.8,100.0,1.0
955989,5982,159,10.672881,0.412347,0.065503,0.016143,0.022893,0.00283896,0.308132,1.0,0.475372,0.59819,0.914724,11816.8,184.8,357.9,385.1,100.0,1.0
956147,5983,158,9.115589,0.2,-0.000887,0.002373,0.00791,0.00278416,0.208842,1.0,0.327327,0.365781,0.880812,11645.1,213.2,301.4,813.8,100.0,1.0
956292,5984,145,8.650162,0.2,0.089865,0.018518,0.0,0.0028156,0.207376,0.889073,0.195535,0.465615,0.882766,11007.4,187.8,304.6,397.2,100.0,1.0
956452,5985,160,1.191513,0.465791,-0.484643,0.00019,0.0,0.00306097,-0.404971,-0.160131,-0.636569,-0.195996,0.891531,7009.9,218.0,319.2,505.3,100.0,1.0
956622,5986,170,5.644149,0.493911,-0.183952,0.0,6.1e-05,0.00278935,-0.072475,0.594304,-0.066017,0.036276,0.915841,9884.3,238.5,359.7,593.1,100.0,1.0
956781,5987,159,7.60492,0.75345,-0.010667,0.005241,0.0,0.00279693,0.096583,0.764324,0.077425,0.30151,0.891379,10532.1,202.3,319.0,474.3,100.0,1.0
956939,5988,158,7.072422,0.2,-0.007847,0.00639,0.0,0.00277917,0.064292,0.700807,0.052488,0.268347,0.893987,10290.1,202.8,323.3,608.3,100.0,1.0
957103,5989,164,7.465963,1.0,-0.134671,0.011771,0.0,0.00284025,0.065625,0.786379,0.134764,0.193531,0.887434,10616.1,222.4,312.4,456.3,100.0,1.0
957260,5990,157,7.196344,0.2,-0.163966,0.0,0.400053,0.00340832,-0.022858,0.549321,-0.149672,0.233622,0.954681,9712.9,196.8,424.5,404.6,100.0,1.0
957418,5991,158,8.678222,1.0,0.099544,0.022065,0.0,0.0026287,0.202448,0.988328,0.252071,0.378324,0.884683,11385.5,206.5,307.8,626.3,100.0,1.0
957580,5992,162,8.373701,0.603217,-0.008437,0.035354,3.9e-05,0.00341705,0.042559,0.659394,-0.032189,0.283382,0.929693,10132.3,197.4,382.8,441.3,100.0,1.0
957737,5993,157,5.602699,0.2,-0.065991,0.0,0.060769,0.00233016,0.033068,0.565378,-0.028433,0.282182,0.873223,9774.1,190.6,288.7,729.4,100.0,1.0
957892,5994,155,8.461352,0.330191,0.081334,0.01303,0.000147,0.00244524,0.223405,1.0,0.385453,0.387112,0.879938,11804.1,212.7,299.9,741.7,100.0,1.0
958059,5995,167,6.595633,0.711812,-0.313508,0.014927,1.3e-05,0.00358589,-0.129269,0.461745,-0.277276,0.067606,0.97608,9379.2,219.6,460.1,337.4,100.0,1.0
958214,5996,155,9.12215,0.888482,0.099862,0.016534,1.7e-05,0.00287438,0.204035,0.988283,0.222013,0.411363,0.919128,11385.4,201.7,365.2,446.2,100.0,1.0
958374,5997,160,8.044579,0.509523,0.108199,0.030183,0.000226,0.00244141,0.182219,0.954545,0.260182,0.337883,0.870355,11256.8,210.3,283.9,692.5,100.0,1.0
958535,5998,161,7.895465,0.679716,0.092467,0.014519,4.2e-05,0.00231496,0.189513,1.0,0.323521,0.322806,0.887848,11552.6,218.3,313.1,796.6,100.0,1.0
958689,5999,154,9.673796,1.0,0.038347,0.047594,0.0,0.00317024,0.200643,0.921297,0.330262,0.412661,0.911087,11130.1,197.0,351.8,363.5,100.0,1.0
958849,6000,160,9.295484,0.841564,0.089918,0.023843,0.0,0.00255601,0.252988,1.0,0.378738,0.480227,0.907908,12708.5,214.6,346.5,656.4,100.0,1.0
959010,6001,161,9.769593,0.308031,0.023977,0.0,0.035048,0.00282589,0.240751,1.0,0.435427,0.423561,0.888865,12108.1,212.6,314.8,587.9,100.0,1.0
959169,6002,159,9.73442,0.2,0.086597,0.0,0.009685,0.00267632,0.267712,1.0,0.545967,0.470221,0.899893,11622.0,197.6,333.2,661.2,100.0,1.0
959330,6003,161,4.898085,0.541261,-0.198496,0.010721,0.0,0.00273027,-0.090746,0.456282,-0.208071,0.104949,0.903957,9358.4,211.7,339.9,746.7,100.0,1.0
959494,6004,164,11.195056,0.2,0.088768,0.006052,0.014461,0.00317357,0.276866,1.0,0.291934,0.585709,0.946444,11965.3,188.6,410.7,352.4,100.0,1.0
959652,6005,158,5.921378,0.302738,-0.150512,0.0,0.000189,0.00255792,0.017605,0.661599,-0.106921,0.211035,0.886065,10140.7,209.3,310.1,514.7,100.0,1.0
959817,6006,165,9.184259,0.540827,0.039132,0.009488,3.8e-05,0.00301005,0.157519,0.883462,0.173499,0.365459,0.90752,10986.0,201.1,345.9,442.0,100.0,1.0
959980,6007,163,9.148121,1.0,-0.126795,0.025383,5.1e-05,0.00357415,0.069072,0.706194,0.083694,0.282493,0.915371,10310.6,201.0,359.0,318.2,100.0,1.0
960137,6008,157,4.6187,0.2,-0.087661,0.0,0.0,0.0025835,-0.076568,0.441251,-0.054975,0.086575,0.864051,9301.2,214.0,273.4,738.3,100.0,1.0
960300,6009,163,7.702964,0.2,-0.090103,0.00701,0.000537,0.00275287,0.100049,0.919672,0.142523,0.204486,0.903662,11124.0,230.9,339.4,492.5,100.0,1.0
960459,6010,159,10.042653,1.0,-0.019669,0.055808,0.0,0.0033895,0.176552,0.987366,0.285552,0.354646,0.962811,11381.9,210.1,438.0,253.1,99.826,1.0
960617,6011,158,8.604423,0.2,0.063182,0.012333,0.025486,0.00280679,0.169591,0.836284,0.159005,0.428376,0.906924,10806.2,189.1,344.9,523.0,100.0,1.0
960780,6012,163,9.892879,0.982156,0.097265,0.047828,0.0,0.0031835,0.185992,1.0,0.231133,0.355702,0.917609,11450.5,211.2,362.7,587.2,100.0,1.0
960938,6013,158,10.582168,0.864071,0.117112,0.036887,3.3e-05,0.0031303,0.259484,0.957481,0.251932,0.566018,0.925948,11268.0,179.9,376.6,317.9,100.0,1.0
961102,6014,164,8.835574,0.374354,0.049468,0.0,0.0,0.00282127,0.166951,1.0,0.34284,0.273901,0.907574,11678.7,229.2,346.0,549.1,100.0,1.0
961260,6015,158,7.310674,0.941229,-0.047964,0.031009,2.2e-05,0.00256001,0.116504,0.809989,0.246373,0.267194,0.870032,10706.1,211.2,283.4,573.4,100.0,1.0
961418,6016,158,8.808001,0.262813,0.001358,0.008322,0.016395,0.00318028,0.125231,0.793091,0.127104,0.360083,0.919143,10641.7,195.6,365.2,640.8,100.0,1.0
961578,6017,160,6.428044,0.304602,-0.05681,0.0,0.016353,0.00250882,0.056723,0.7866,0.095689,0.158499,0.851583,10616.9,229.1,252.6,727.6,100.0,1.0
961739,6018,161,10.223354,0.679107,0.127735,0.008001,1.7e-05,0.00279412,0.278797,1.0,0.322037,0.571312,0.927727,11617.9,184.8,379.5,606.5,100.0,1.0
961898,6019,159,9.230606,0.20623,0.098998,0.011691,0.064627,0.00247635,0.264173,1.0,0.372435,0.51567,0.917353,12311.6,203.1,362.3,653.7,100.0,1.0
962053,6020,155,7.316476,0.319343,-0.063076,0.0,0.0,0.00270455,0.102277,0.76801,0.134107,0.299449,0.891662,10546.1,202.9,319.4,689.8,100.0,1.0
962215,6021,162,8.748848,0.83468,0.00976,0.030248,0.0,0.0028659,0.159312,0.962304,0.108521,0.331967,0.89961,11286.4,211.8,332.7,564.8,100.0,1.0
962373,6022,158,9.631405,0.66127,0.037604,0.0,0.0,0.00323829,0.174884,0.906634,0.170797,0.420653,0.948459,11074.3,194.9,414.1,369.8,100.0,1.0
962539,6023,166,9.826931,1.0,0.005786,0.04637,0.0,0.00303595,0.196564,1.0,0.273957,0.369015,0.91375,11950.2,218.2,356.3,385.0,100.0,1.0
962704,6024,165,8.271263,0.2,0.058865,0.0,0.092977,0.00266044,0.150687,1.0,0.291345,0.231167,0.883656,11523.6,234.0,306.1,877.9,100.0,1.0
962867,6025,163,7.098328,0.382711,-0.061549,0.009327,1e-05,0.00270361,0.065362,0.751426,0.057011,0.226121,0.874574,10482.9,213.7,291.0,661.9,100.0,1.0
963023,6026,156,8.466434,0.2,0.109601,0.00104,0.0,0.00228784,0.246685,1.0,0.40284,0.432963,0.867136,11704.0,204.2,278.6,673.2,100.0,1.0
963181,6027,158,10.515488,0.721048,0.088776,0.012814,2e-05,0.00317159,0.248579,1.0,0.328616,0.500563,0.938032,11868.4,197.7,396.7,360.8,100.0,1.0
963339,6028,158,7.642945,0.2,0.042827,0.0,0.081404,0.0025613,0.140238,0.847646,0.2934,0.314423,0.907131,10849.5,206.4,345.2,544.9,100.0,1.0
963496,6029,157,6.709601,0.695236,-0.09823,0.010583,0.000203,0.00297368,0.011515,0.6336,0.112941,0.157252,0.884319,10034.0,216.8,307.2,544.6,100.0,1.0
963656,6030,160,10.224045,1.0,0.133372,0.03132,0.0,0.00283592,0.275238,1.0,0.413268,0.55331,0.949651,12174.4,195.9,416.1,321.5,100.0,1.0
963814,6031,158,12.381461,0.268141,0.065674,0.0,0.000153,0.00352353,0.326167,1.0,0.462211,0.676313,0.962318,12330.8,183.9,437.2,303.8,100.0,1.0
963977,6032,163,5.496622,0.62327,-0.133781,0.024195,7e-06,0.00285359,-0.073161,0.46917,-0.138465,0.151768,0.949256,9407.5,204.2,415.4,455.2,100.0,1.0
964138,6033,161,9.415981,0.730494,0.053555,0.027665,8.3e-05,0.00295416,0.195892,0.996512,0.187652,0.388262,0.909221,11416.7,205.6,348.7,382.8,100.0,1.0
964291,6034,153,9.732999,0.2,0.005291,0.008256,0.108464,0.00296464,0.240567,1.0,0.454945,0.423362,0.897088,11753.6,206.4,328.5,486.5,100.0,1.0
964461,6035,170,8.905922,0.2,-0.06847,0.013381,0.000132,0.00303635,0.119022,0.931176,0.186137,0.230049,0.897621,11167.8,227.0,329.4,565.1,100.0,1.0
964619,6036,158,6.224855,1.0,-0.123474,0.023763,0.0,0.00290025,-0.014242,0.522444,-0.096865,0.248124,0.937663,9610.5,192.5,396.1,551.2,100.0,1.0
964783,6037,164,6.680918,0.2,0.018644,0.0,0.106897,0.00241242,0.080897,0.837667,0.152618,0.16933,0.846054,10811.5,231.1,243.4,883.4,100.0,1.0
964942,6038,159,7.662022,0.2,0.074525,0.005073,0.000233,0.00283725,0.095392,0.702138,0.256943,0.291047,0.889021,10295.1,199.4,315.0,595.4,100.0,1.0
965103,6039,161,7.498666,0.2,-0.014694,0.00588,0.034077,0.00259961,0.116345,0.851203,0.119573,0.297183,0.909143,10863.1,209.4,348.6,553.1,100.0,1.0
965261,6040,158,7.271673,1.0,-0.031972,0.025783,0.0,0.00296905,0.049589,0.691201,0.066367,0.256968,0.930538,10253.5,203.9,384.2,536.5,100.0,1.0
965424,6041,163,6.799661,0.2,-0.11978,0.0,0.035926,0.00263211,0.056005,0.765282,0.049551,0.188856,0.863254,10535.7,221.6,272.1,645.1,100.0,1.0
965587,6042,163,9.757908,0.2,0.120382,0.0,8e-06,0.00272184,0.252404,1.0,0.435031,0.448792,0.882465,11990.2,206.9,304.1,708.7,100.0,1.0
965754,6043,167,6.340434,0.782647,-0.256046,0.002426,0.0,0.00279195,-0.013967,0.641116,-0.055088,0.133143,0.887976,10062.7,222.0,313.3,448.7,100.0,1.0
965911,6044,157,5.471872,0.919806,-0.132108,0.02462,0.0,0.00296066,-0.074486,0.511576,-0.143981,0.107198,0.923443,9569.1,216.1,372.4,709.5,100.0,1.0
966077,6045,166,9.719635,1.0,0.082535,0.034658,0.0,0.00295955,0.202118,1.0,0.211817,0.412249,0.93585,11713.1,207.3,393.1,519.0,100.0,1.0
966238,6046,161,7.143388,0.2,0.002782,0.015262,0.038268,0.00263979,0.084625,0.775055,0.179305,0.219625,0.859677,10573.0,216.7,266.1,790.3,100.0,1.0
966395,6047,157,7.977528,0.897091,0.05844,0.008886,0.0,0.00313783,0.076516,0.746127,0.106827,0.260646,0.899828,10462.7,207.5,333.0,398.8,100.0,1.0
966554,6048,159,7.964359,0.2,0.071308,0.0,3.6e-05,0.00276739,0.128233,0.857069,0.203337,0.313508,0.927083,10885.4,207.2,378.5,672.2,100.0,1.0
966713,6049,159,6.963027,0.202759,-0.129812,0.000117,0.086272,0.0025801,0.086578,0.823756,0.183649,0.206545,0.881376,10758.5,222.9,302.3,742.2,100.0,1.0
966878,6050,165,6.610057,0.409887,-0.118301,0.019493,9.4e-05,0.00245504,0.066547,0.854888,0.14779,0.130969,0.857368,10877.1,240.4,262.3,569.9,100.0,1.0
967037,6051,159,11.860003,0.382258,0.058254,0.012633,2e-05,0.00329556,0.322263,1.0,0.469394,0.668793,0.968776,11766.9,176.3,448.0,444.1,100.0,1.0
967203,6052,166,7.626458,1.0,-0.027657,0.052337,2.1e-05,0.00272036,0.092636,0.903999,0.111624,0.191474,0.884461,11064.2,232.2,307.4,650.6,99.93,1.0
967361,6053,158,7.982558,0.2,0.034538,0.0,0.007964,0.00289978,0.111475,0.760294,0.094003,0.339338,0.894934,10516.7,196.3,324.9,785.9,100.0,1.0
967518,6054,157,8.567889,0.571691,0.114316,0.007979,0.0,0.00267395,0.191626,0.90758,0.399617,0.370898,0.89436,11077.9,202.0,323.9,820.3,100.0,1.0
967676,6055,158,7.006229,0.367923,-0.02689,0.000529,5.9e-05,0.00291051,0.040133,0.536839,0.05385,0.318006,0.906659,9665.4,183.3,344.4,407.7,100.0,1.0
967842,6056,166,8.616897,0.254617,-0.054441,0.0,0.0,0.00294262,0.12649,0.973551,0.17082,0.253244,0.941112,11329.2,226.0,401.9,607.5,100.0,1.0
968001,6057,159,10.149636,0.2,0.111928,0.004414,1.1e-05,0.00287712,0.26693,1.0,0.454551,0.508427,0.927585,12583.4,208.6,379.3,594.1,100.0,1.0
968158,6058,157,6.844235,0.814323,0.024941,0.013743,0.0,0.00259204,0.081545,0.812971,0.119683,0.226825,0.897584,10717.4,218.4,329.3,881.1,100.0,1.0
968323,6059,165,8.752134,0.827519,0.017016,0.001262,0.0,0.00295061,0.137819,0.960559,0.197237,0.257444,0.900088,11279.7,224.3,333.5,411.7,100.0,1.0
968473,6060,150,9.748225,0.54135,0.108838,0.002973,0.0,0.00312443,0.227132,0.819653,0.271231,0.558851,0.913781,10742.9,172.3,356.3,291.4,100.0,1.0
968632,6061,159,8.003972,0.2,0.024274,0.0,0.042031,0.00270503,0.141219,0.830445,0.172686,0.364861,0.918423,10784.0,197.5,364.0,507.2,100.0,1.0
968791,6062,159,6.409411,1.0,0.016891,0.016252,0.0,0.00246389,0.065744,0.738005,-0.016008,0.255985,0.878204,10431.8,207.6,297.0,593.6,100.0,1.0
968952,6063,161,9.299066,0.470685,0.016667,0.0,3.1e-05,0.00315469,0.155864,0.932619,0.170173,0.343535,0.926887,11173.3,207.9,378.1,444.3,100.0,1.0
969107,6064,155,9.680219,0.313481,0.098227,0.0,2e-06,0.00283701,0.251291,1.0,0.419433,0.459053,0.897095,12154.9,208.3,328.5,493.3,100.0,1.0
969264,6065,157,5.231491,0.464876,-0.067115,0.0,0.0,0.00249846,-0.018802,0.593216,-0.018984,0.141149,0.886668,9880.2,216.5,311.1,637.1,100.0,1.0
969427,6066,163,7.95819,0.422708,0.027363,0.024637,0.000331,0.00233652,0.187245,1.0,0.204429,0.349233,0.891565,11466.2,212.5,319.3,463.9,100.0,1.0
969591,6067,164,9.574894,0.704169,-0.026301,0.011816,0.000184,0.0029704,0.196363,1.0,0.280852,0.352594,0.891037,11777.7,217.7,318.4,455.1,100.0,1.0
969757,6068,166,7.742809,0.330781,0.123511,0.003984,2.9e-05,0.00217323,0.191974,0.998009,0.312174,0.304672,0.842459,11422.4,218.9,237.4,1194.3,100.0,1.0
969918,6069,161,8.232235,0.330783,-0.057062,0.031186,0.000205,0.00356616,0.013517,0.603634,0.026536,0.254898,0.968016,9919.8,197.6,446.7,384.5,100.0,1.0
970069,6070,151,9.212329,0.220645,0.092243,0.0,0.0,0.00271954,0.247073,1.0,0.369573,0.480342,0.928086,11850.4,200.1,380.1,713.4,100.0,1.0
970234,6071,165,7.436131,0.2,0.087164,0.0,0.018619,0.00228338,0.15415,0.957929,0.20827,0.29989,0.904462,11269.7,216.7,340.8,806.5,100.0,1.0
970390,6072,156,9.140254,0.961986,0.059249,0.035077,0.0,0.00289704,0.20063,1.0,0.291009,0.376695,0.916595,11664.0,211.8,361.0,384.1,100.0,1.0
970550,6073,160,7.83407,0.2,-0.109122,0.004795,0.173889,0.00297538,0.083271,0.834419,0.072306,0.247715,0.926601,10799.1,216.4,377.7,1043.3,100.0,1.0
970711,6074,161,7.663225,0.797987,-0.018918,0.018844,1.6e-05,0.00276906,0.101345,0.763124,0.153072,0.29032,0.883486,10527.5,204.0,305.8,532.7,100.0,1.0
970868,6075,157,10.644171,0.960971,0.118026,0.021642,0.0,0.00304373,0.28217,1.0,0.525712,0.529548,0.92888,11707.8,191.4,381.5,363.2,100.0,1.0
971023,6076,155,5.468713,0.316921,-0.11175,0.013069,0.010058,0.00260662,-0.013526,0.62661,-0.020743,0.138085,0.893351,10007.4,219.8,322.3,726.7,100.0,1.0
971184,6077,161,9.146405,0.679029,0.087367,0.03792,7e-06,0.00287132,0.19084,0.98456,0.236506,0.376856,0.918771,11371.2,206.5,364.6,644.1,100.0,1.0
971344,6078,160,9.040847,1.0,0.106231,0.005861,0.0,0.0028127,0.195577,1.0,0.31191,0.372193,0.937967,11864.9,216.2,396.6,543.3,100.0,1.0
971493,6079,149,9.890356,0.275867,0.120332,0.001098,0.024418,0.00276043,0.294983,1.0,0.402388,0.572357,0.896792,11954.5,190.1,328.0,468.8,100.0,1.0
971652,6080,159,10.377243,0.591519,0.081339,0.006289,4.1e-05,0.00313371,0.242829,1.0,0.344824,0.467451,0.914534,11812.7,201.2,357.6,408.8,100.0,1.0
971813,6081,161,8.115239,0.910479,0.054166,0.020198,6.4e-05,0.00250043,0.177007,0.975406,0.283431,0.308606,0.874519,11336.3,216.6,290.9,602.7,100.0,1.0
971971,6082,158,11.47316,0.772835,0.125361,0.00813,0.0,0.00327847,0.301419,1.0,0.535791,0.570688,0.921741,12326.1,196.2,369.6,359.8,100.0,1.0
972127,6083,156,8.498883,0.498762,-0.075227,0.004221,1.6e-05,0.00318261,0.110543,0.832801,0.085566,0.319164,0.935517,10793.0,204.5,392.5,318.1,100.0,1.0
972284,6084,157,8.741108,0.2,0.023508,0.0,0.086191,0.00334709,0.098878,0.784586,0.109733,0.324453,0.952093,10609.3,200.3,420.2,298.7,100.0,1.0
972439,6085,155,7.444863,0.238709,-0.155418,0.0,0.021778,0.00281347,0.095721,0.737254,0.075453,0.316985,0.891725,10428.9,198.0,319.5,505.6,100.0,1.0
972594,6086,155,8.896948,0.423551,0.129007,0.035349,0.01737,0.00258731,0.234524,1.0,0.367958,0.443983,0.919458,11894.1,205.9,365.8,658.1,100.0,1.0
972754,6087,160,7.916853,0.2,0.008657,0.0,0.318391,0.00241449,0.179229,0.979105,0.341616,0.293586,0.868574,11350.4,219.4,281.0,854.0,100.0,1.0
972910,6088,156,6.748753,0.349788,0.007215,0.002416,0.022952,0.00226282,0.129101,0.909055,0.141695,0.261999,0.868526,11083.5,219.6,280.9,782.5,100.0,1.0
973071,6089,161,10.433931,0.843526,0.132907,0.032058,0.0,0.00303458,0.256791,1.0,0.378722,0.505496,0.93312,12394.0,205.8,388.5,404.8,100.0,1.0
973230,6090,159,5.995426,0.62194,-0.271285,0.0,0.0,0.0030494,-0.056552,0.549125,-0.025866,0.098681,0.922876,9712.2,221.0,371.5,487.0,100.0,1.0
973391,6091,161,9.533608,0.526285,0.039261,0.008979,0.0,0.00291108,0.212423,0.967355,0.152109,0.441054,0.884195,11305.6,196.1,307.0,582.3,100.0,1.0
973551,6092,160,9.936884,0.941516,0.062321,0.030796,0.0,0.00288577,0.248215,1.0,0.530855,0.428622,0.905276,11653.1,203.9,342.1,413.4,100.0,1.0
973709,6093,158,6.719287,0.647671,0.020418,0.019523,0.000103,0.00241588,0.09835,0.833693,0.08402,0.249303,0.872786,10796.4,216.0,288.0,669.7,100.0,1.0
973873,6094,164,4.327367,0.842985,-0.144678,0.024624,0.0,0.0026254,-0.121403,0.355834,-0.06479,0.038726,0.877491,8975.7,216.0,295.8,578.5,100.0,1.0
974036,6095,163,8.970213,0.358048,0.064339,0.0035,0.0,0.00276214,0.190642,1.0,0.278313,0.320243,0.861143,11605.4,219.8,268.6,567.8,100.0,1.0
974193,6096,157,7.40189,0.866242,-0.032167,0.052124,0.0,0.0026631,0.11072,0.814562,0.108984,0.310058,0.911369,10723.5,204.6,352.3,431.2,99.936,1.0
974350,6097,157,9.213532,0.624087,0.084251,0.023218,0.0,0.00263446,0.244656,1.0,0.379093,0.44244,0.880917,12010.2,208.2,301.5,476.2,100.0,1.0
974509,6098,159,9.35894,0.856926,0.066601,0.012256,0.0,0.00264645,0.247879,1.0,0.310132,0.484352,0.9075,11978.6,201.7,345.8,758.3,100.0,1.0
974665,6099,156,9.827857,0.571726,0.108499,0.038229,4.4e-05,0.00304588,0.227033,1.0,0.277814,0.433952,0.897315,11880.9,207.1,328.9,651.5,100.0,1.0
974820,6100,155,4.018539,0.2,-0.313701,0.0,0.084391,0.00326578,-0.219073,0.191119,-0.222599,-0.043153,0.909327,8348.2,218.1,348.9,411.1,100.0,1.0
974985,6101,165,9.752071,0.851339,0.051012,0.046315,0.0,0.00296252,0.208045,0.955407,0.191059,0.443574,0.909368,11260.1,195.0,348.9,374.7,100.0,1.0
975144,6102,159,8.457464,0.730737,0.073746,0.0,8e-06,0.00251461,0.204548,1.0,0.293446,0.350027,0.859231,11459.9,212.2,265.4,810.4,100.0,1.0
975306,6103,162,8.25994,1.0,0.014834,0.044101,0.0,0.00262459,0.165078,0.898064,0.210952,0.349647,0.881568,11041.6,204.5,302.6,570.2,100.0,1.0
975463,6104,157,10.78502,0.587861,0.122114,0.0,0.0,0.00281451,0.328854,1.0,0.511597,0.642188,0.916725,12386.8,188.6,361.2,432.2,100.0,1.0
975623,6105,160,8.882978,0.413884,0.101561,0.020853,0.000309,0.00238987,0.252442,1.0,0.493669,0.421563,0.8622,11996.0,211.0,270.3,678.8,100.0,1.0
975789,6106,166,5.39417,0.758053,-0.179694,0.020968,8.8e-05,0.00271742,-0.065599,0.530722,-0.137256,0.095782,0.891468,9642.0,220.0,319.1,903.9,100.0,1.0
975953,6107,164,9.272457,0.393967,0.051939,0.007474,0.000246,0.00284872,0.195499,1.0,0.324245,0.335913,0.885161,11602.4,217.1,308.6,527.5,100.0,1.0
976114,6108,161,10.050083,0.788437,0.11091,0.013637,5.2e-05,0.00273581,0.27784,1.0,0.475686,0.522046,0.91419,12112.1,198.9,357.0,913.2,100.0,1.0
976270,6109,156,4.849649,0.604068,-0.08252,0.0,1.1e-05,0.0023048,-0.012925,0.591142,-0.114978,0.180911,0.886309,9872.3,209.0,310.5,699.5,100.0,1.0
976434,6110,164,9.245961,0.64193,-0.078841,0.041158,0.000163,0.00337449,0.10744,0.784931,0.034682,0.350588,0.929985,10610.6,196.4,383.3,428.5,100.0,1.0
976590,6111,156,11.159866,0.2,0.119837,0.01353,0.36064,0.00326801,0.287952,1.0,0.386032,0.558244,0.895794,12033.6,193.1,326.3,455.4,100.0,1.0
976752,6112,162,9.410098,0.2,0.06281,0.0,0.14991,0.00292885,0.198255,0.95491,0.262632,0.427856,0.95151,11258.2,197.1,419.2,584.1,100.0,1.0
976910,6113,158,8.439007,0.20026,0.036188,0.0,0.09585,0.00265322,0.18412,0.871849,0.17277,0.444528,0.91572,10941.7,189.4,359.5,396.6,100.0,1.0
977073,6114,163,9.441373,0.634625,0.083574,0.0,3e-06,0.00260724,0.250021,1.0,0.51149,0.431009,0.894126,12201.7,213.2,323.5,884.1,100.0,1.0
977238,6115,165,9.065329,0.220883,-0.030193,0.0,0.011222,0.00316482,0.125947,0.887718,0.126618,0.321231,0.948545,11002.2,208.2,414.2,420.8,100.0,1.0
977392,6116,154,9.621734,0.735106,0.129755,0.004287,0.0,0.00287448,0.245302,0.976335,0.472503,0.444572,0.895444,11339.8,196.2,325.7,586.7,100.0,1.0
977555,6117,163,9.739698,0.308435,0.108748,0.0,0.000156,0.00279023,0.241621,1.0,0.489511,0.433525,0.92296,12639.9,220.4,371.6,555.7,100.0,1.0
977718,6118,163,7.403854,0.2,-0.027128,0.003747,0.145035,0.00252866,0.117245,0.840086,0.09046,0.310237,0.903669,10820.7,206.5,339.4,615.2,100.0,1.0
977878,6119,160,9.199936,0.713269,0.078733,0.00499,0.0,0.00288558,0.196162,1.0,0.241066,0.3955,0.944578,11811.0,211.6,407.6,408.4,100.0,1.0
978037,6120,159,9.682346,0.2,0.116556,0.0,0.007961,0.00298193,0.218248,0.972619,0.304161,0.454817,0.949001,11325.7,194.6,415.0,413.1,100.0,1.0
978197,6121,160,7.633745,0.31233,-0.147956,0.0,6.7e-05,0.00316029,0.040248,0.709888,-0.051546,0.245457,0.921007,10324.7,207.2,368.3,367.2,100.0,1.0
978357,6122,160,6.002733,0.983825,-0.040544,0.029028,4.8e-05,0.00266368,0.003092,0.65335,0.010428,0.138198,0.866268,10109.3,222.0,277.1,612.5,100.0,1.0
978515,6123,158,7.27608,0.472723,0.06031,0.025468,0.025003,0.00246661,0.130626,0.853696,0.181089,0.300385,0.884243,10872.6,209.0,307.1,653.3,100.0,1.0
978673,6124,158,8.952416,0.2,0.08027,0.003582,0.037941,0.00265651,0.220506,1.0,0.398378,0.391099,0.903087,11737.4,210.9,338.5,519.7,100.0,1.0
978833,6125,160,9.777552,0.808833,0.0575,0.027554,0.0,0.00307216,0.207724,0.892429,0.172274,0.493722,0.920399,11020.2,184.4,367.3,359.4,100.0,1.0
978990,6126,157,10.391994,0.759605,0.107889,0.02717,0.0,0.00283247,0.298553,1.0,0.550695,0.569241,0.936853,12555.6,200.0,394.8,356.0,100.0,1.0
979147,6127,157,8.812324,0.2,0.025145,0.0,0.078869,0.00290494,0.174218,1.0,0.204321,0.335313,0.921358,11438.3,214.2,368.9,635.2,100.0,1.0
979302,6128,155,10.220397,0.470759,0.109162,0.0,5.5e-05,0.00280138,0.296827,0.888991,0.46947,0.638694,0.911383,11007.1,167.9,352.3,641.9,100.0,1.0
979458,6129,156,10.212925,0.2,0.119751,0.013312,0.024002,0.00273637,0.303658,1.0,0.520017,0.562494,0.893365,11669.3,186.7,322.3,693.8,100.0,1.0
979613,6130,155,9.678266,0.722252,0.123711,0.016553,0.0,0.00289498,0.243593,1.0,0.334728,0.474636,0.918937,11447.4,194.1,364.9,624.3,100.0,1.0
979768,6131,155,9.915285,0.440188,0.129541,0.0,8e-06,0.00281315,0.273257,1.0,0.436728,0.516439,0.907964,11932.5,196.7,346.6,566.1,100.0,1.0
979924,6132,156,9.018374,0.2,0.028732,0.0,0.024887,0.00272143,0.220611,1.0,0.217953,0.419145,0.875369,11609.2,204.5,292.3,522.0,100.0,1.0
980078,6133,154,7.126901,0.354682,0.009105,0.0,2.7e-05,0.00248438,0.12725,0.867733,0.097962,0.310118,0.894106,10926.1,208.5,323.5,517.5,100.0,1.0
980239,6134,161,11.114212,0.624837,0.146975,0.0,7.7e-05,0.00322126,0.276494,1.0,0.435252,0.534849,0.923882,11709.0,190.7,373.1,385.6,100.0,1.0
980406,6135,167,8.615671,0.2,0.059577,0.005873,0.059867,0.00258034,0.185494,0.959693,0.204651,0.34907,0.858091,11276.4,209.0,263.5,828.7,100.0,1.0
980567,6136,161,9.62825,1.0,0.081572,0.054126,0.0,0.00297831,0.209359,1.0,0.272783,0.403753,0.917682,11799.8,210.1,362.8,360.2,99.876,1.0
980725,6137,158,11.580356,0.489709,0.112669,0.017829,1.8e-05,0.00335146,0.299067,1.0,0.550334,0.570752,0.93707,11873.2,189.0,395.1,503.2,100.0,1.0
980888,6138,163,11.944436,0.376421,0.103462,0.00315,0.013362,0.00325618,0.324001,1.0,0.517747,0.647743,0.947485,11841.1,179.7,412.5,326.0,100.0,1.0
981045,6139,157,6.339644,0.2,-0.003048,0.0,0.088008,0.00275448,0.021246,0.561161,0.055992,0.236217,0.87652,9758.0,197.3,294.2,591.1,100.0,1.0
981207,6140,162,7.910726,0.2,0.011145,0.009244,0.027766,0.00234766,0.185806,1.0,0.301348,0.294928,0.849199,11549.0,223.0,248.7,693.0,100.0,1.0
981369,6141,162,9.628645,0.750663,0.116425,0.025651,0.0,0.00256096,0.274182,1.0,0.346127,0.512866,0.862308,11991.1,198.2,270.5,589.7,100.0,1.0
981526,6142,157,8.979433,-0.213466,0.105977,0.000859,0.0,0.00273925,0.212533,1.0,0.283603,0.389868,0.887097,11665.7,209.8,311.8,484.0,100.0,1.0
981683,6143,157,7.834959,1.0,-0.140597,0.053999,0.0,0.00307733,0.077561,0.697304,0.15195,0.297456,0.92377,10276.7,198.0,373.0,413.9,99.88,1.0
981837,6144,154,10.062097,0.398642,0.097858,0.0,0.0,0.00297026,0.262699,1.0,0.510382,0.464775,0.896997,12252.2,209.1,328.3,498.4,100.0,1.0
981994,6145,157,6.015161,0.2,-0.103834,0.0,0.000321,0.00265563,0.013569,0.642523,-0.109978,0.221923,0.899335,10068.0,206.0,332.2,637.2,100.0,1.0
982149,6146,155,6.069371,0.428592,-0.115862,0.000583,0.000101,0.0026302,0.026705,0.677553,0.013574,0.165828,0.841488,10201.5,218.8,235.8,512.2,100.0,1.0
982310,6147,161,6.673944,0.500866,-0.190112,0.019512,5.2e-05,0.00300907,-0.006801,0.530866,0.00833,0.22326,0.918619,9642.6,197.1,364.4,639.9,100.0,1.0
982473,6148,163,6.64753,0.56806,-0.034353,0.016625,0.0,0.00273261,0.030374,0.754475,0.08619,0.141458,0.893788,10494.5,229.8,323.0,633.7,100.0,1.0
982634,6149,161,10.086956,0.203722,0.11465,0.0,0.014833,0.00278256,0.273981,1.0,0.503683,0.472876,0.86215,11934.2,202.6,270.3,723.7,100.0,1.0
982800,6150,166,8.854281,1.0,0.037572,0.060028,1.1e-05,0.00273593,0.179597,1.0,0.19874,0.343424,0.910589,11534.0,214.6,351.0,467.7,99.699,1.0
982964,6151,164,9.95857,0.2,0.086038,0.0,0.258017,0.00289174,0.23859,1.0,0.275439,0.481016,0.92544,11618.9,196.1,375.7,529.7,100.0,1.0
983123,6152,159,11.202566,0.2,0.06282,0.0,5.2e-05,0.00359734,0.229982,1.0,0.216217,0.494783,0.958212,11687.7,195.5,430.4,367.6,100.0,1.0
983285,6153,162,9.952168,0.690415,0.120332,0.011548,5.1e-05,0.00268693,0.277246,1.0,0.344482,0.528129,0.873815,12121.1,198.3,289.7,805.9,100.0,1.0
983445,6154,160,9.41207,0.956465,0.082402,0.037155,0.0,0.00277783,0.229418,1.0,0.34923,0.427341,0.905765,12014.9,210.4,342.9,671.4,100.0,1.0
983604,6155,159,11.231665,0.2,0.117317,0.015597,0.009874,0.00307306,0.315573,1.0,0.439914,0.638874,0.935871,12394.2,189.1,393.1,541.5,100.0,1.0
983766,6156,162,9.57361,0.2,0.015738,0.0,0.015936,0.00324752,0.159427,0.884488,0.157069,0.37518,0.909895,10989.9,199.8,349.8,541.5,100.0,1.0
983921,6157,155,8.683905,0.2,0.094685,0.001658,0.034135,0.00250889,0.232977,1.0,0.419481,0.377273,0.83952,11739.9,213.1,232.5,845.9,100.0,1.0
984084,6158,163,4.56454,1.0,-0.098113,0.034462,0.0,0.00240464,-0.065091,0.438275,-0.118533,0.157037,0.902483,9289.8,200.7,337.5,632.1,99.957,1.0
984248,6159,164,7.531016,1.0,-0.049441,0.039494,0.0,0.00282908,0.075314,0.8102,-0.022113,0.262698,0.920414,10706.9,212.0,367.4,420.0,100.0,1.0
984408,6160,160,8.097226,1.0,0.0712,0.00729,0.0,0.00270042,0.147767,0.936986,0.164175,0.287056,0.870875,11189.9,217.4,284.8,602.5,100.0,1.0
984573,6161,165,8.928917,0.655609,0.026208,0.019811,3.2e-05,0.00288166,0.163918,1.0,0.157253,0.325466,0.927972,11543.2,217.7,380.0,489.4,100.0,1.0
984734,6162,161,5.866566,0.377244,-0.181724,0.0,8e-06,0.00251569,0.015083,0.754276,-0.002967,0.13943,0.915843,10493.8,230.2,359.7,640.6,100.0,1.0
984894,6163,160,7.669212,0.2,-0.021029,0.0,0.036915,0.00285988,0.09162,0.795187,0.065622,0.270244,0.887348,10649.7,209.6,312.2,522.1,100.0,1.0
985061,6164,167,8.419225,0.828886,-0.027096,0.0,0.0,0.0031124,0.083159,0.781783,-0.023151,0.296851,0.914847,10598.6,204.3,358.1,356.9,100.0,1.0
985223,6165,162,2.065525,0.2,-0.314894,0.0,0.025245,0.002013,-0.178174,0.343615,-0.332127,-0.048325,0.84614,8929.2,234.6,243.6,1061.2,100.0,1.0
985385,6166,162,10.253584,0.274525,0.12212,0.0,0.020236,0.00314436,0.224943,1.0,0.278998,0.477545,0.975901,11453.5,193.8,459.8,455.5,100.0,1.0
985545,6167,160,9.028697,0.2,0.128867,0.0,7e-06,0.00280939,0.197139,1.0,0.376023,0.343374,0.91125,11790.8,219.4,352.1,558.7,100.0,1.0
985699,6168,154,8.113645,0.495242,0.044481,0.02053,0.003296,0.00291691,0.131925,0.857453,0.084638,0.330009,0.891625,10886.9,204.6,319.4,685.4,100.0,1.0
985856,6169,157,9.511849,0.477286,0.121869,0.021151,8.7e-05,0.00257235,0.277436,1.0,0.533565,0.49073,0.888848,13029.7,218.5,314.7,509.3,100.0,1.0
986018,6170,162,6.484576,0.533561,-0.043813,0.026266,4.4e-05,0.00331478,-0.072528,0.427847,-0.069732,0.129627,0.897468,9250.1,204.7,329.1,626.2,100.0,1.0
986182,6171,164,9.929211,0.558955,0.133182,0.012038,4.2e-05,0.00278285,0.254891,1.0,0.357986,0.47804,0.888494,11931.4,201.8,314.2,515.1,100.0,1.0
986346,6172,164,8.188304,0.913828,-0.057151,0.019175,0.0,0.00314492,0.070817,0.694198,0.158687,0.26848,0.903974,10264.9,202.3,340.0,343.8,100.0,1.0
986511,6173,165,7.6545,0.411042,-0.143202,0.017713,0.000176,0.00291947,0.066659,0.741565,0.045461,0.238332,0.874443,10445.4,210.9,290.7,533.7,100.0,1.0
986668,6174,157,3.921255,0.661322,-0.295817,0.0,0.0,0.00285612,-0.167477,0.289269,-0.215155,0.024766,0.912742,8722.1,212.8,354.6,553.0,100.0,1.0
986825,6175,157,7.607106,0.2,0.043582,0.0,0.058472,0.00273242,0.116027,0.869771,0.097277,0.272043,0.879843,10933.8,214.9,299.7,632.0,100.0,1.0
986984,6176,159,10.244033,0.959509,0.150979,0.036586,0.0,0.00307679,0.244745,1.0,0.490445,0.448009,0.934011,11773.4,203.3,390.0,518.8,100.0,1.0
987146,6177,162,8.725588,0.431941,0.032979,0.008007,1.1e-05,0.00299502,0.139999,0.802218,0.046526,0.410302,0.917317,10676.5,189.3,362.2,555.8,100.0,1.0
987309,6178,163,8.699419,0.816317,0.008098,0.016616,2.8e-05,0.00280408,0.166279,0.906421,0.242203,0.346285,0.89224,11073.5,205.6,320.4,424.2,100.0,1.0
987470,6179,161,8.185433,0.780285,0.091573,0.028878,0.0,0.00216674,0.237672,1.0,0.379735,0.401112,0.842985,12040.6,214.8,238.3,910.7,100.0,1.0
987629,6180,159,7.350854,1.0,0.027941,0.055133,7e-06,0.00250081,0.129077,0.813312,0.094964,0.340199,0.879307,10718.7,199.9,298.8,582.8,99.846,1.0
987789,6181,160,7.266812,0.922688,0.06628,0.017809,0.0,0.00242519,0.132648,0.769238,0.093853,0.370088,0.868327,10550.8,192.5,280.5,642.8,100.0,1.0
987946,6182,157,6.229934,1.0,-0.159003,0.057148,0.0,0.00300813,-0.025891,0.580333,-0.044485,0.152039,0.909365,9831.1,213.3,348.9,537.4,99.786,1.0
988110,6183,164,6.284768,0.772938,-0.033027,0.039201,0.0,0.00241183,0.054791,0.806859,-0.121722,0.217147,0.886442,10694.1,219.7,310.7,769.9,100.0,1.0
988266,6184,156,10.563289,0.770809,0.112804,0.0,0.0,0.00298903,0.290629,1.0,0.452394,0.562971,0.919195,12049.0,192.7,365.3,481.7,100.0,1.0
988418,6185,152,8.757677,-0.117784,0.019412,0.054082,3.8e-05,0.00315914,0.147381,0.88018,0.036779,0.389905,0.929216,10973.5,197.4,382.0,371.3,99.878,1.0
988577,6186,159,7.324758,1.0,0.031872,0.01462,0.0,0.00275887,0.086249,0.874324,0.097182,0.208465,0.901745,10951.2,226.6,336.2,452.3,100.0,1.0
988736,6187,159,8.552791,0.2,0.027064,0.0,0.543909,0.0026067,0.198457,1.0,0.206071,0.37805,0.89348,11616.3,210.7,322.5,629.2,100.0,1.0
988900,6188,164,6.594704,0.61149,-0.116908,0.00367,0.0,0.00290878,-0.004435,0.612338,-0.093551,0.181867,0.883646,9953.0,210.5,306.1,401.6,100.0,1.0
989064,6189,164,5.02341,0.786238,-0.12293,0.028907,0.00017,0.00224671,-0.008448,0.65563,-0.009215,0.102176,0.849217,10118.0,229.5,248.7,766.8,100.0,1.0
989224,6190,160,9.263079,0.458192,0.124499,0.0,3.3e-05,0.00242547,0.275776,1.0,0.467398,0.501314,0.885957,12845.8,213.9,309.9,871.0,100.0,1.0
989384,6191,160,9.735507,1.0,0.093522,0.032259,0.0,0.0029237,0.229933,1.0,0.203609,0.498045,0.958586,12420.0,207.3,431.0,509.4,100.0,1.0
989545,6192,161,7.231501,0.48827,-0.095595,0.023181,0.0,0.00288825,0.053274,0.682079,-0.028858,0.272206,0.89297,10218.7,200.8,321.6,563.6,100.0,1.0
989704,6193,159,7.31946,0.2,0.042789,0.00573,0.035893,0.00229385,0.159876,0.94232,0.197853,0.302394,0.865786,11210.2,215.2,276.3,670.4,100.0,1.0
989860,6194,156,9.746794,0.840038,0.054814,0.014625,0.0,0.00321965,0.196309,0.936961,0.324098,0.410603,0.93833,11189.8,198.3,397.2,396.9,100.0,1.0
990025,6195,165,4.839719,0.2,-0.172882,0.031301,0.040227,0.0023924,-0.047862,0.669435,-0.182175,0.05947,0.883165,10170.5,240.0,305.3,667.5,100.0,1.0
990192,6196,167,8.880459,0.350017,0.055174,0.021687,0.003848,0.00266684,0.191132,1.0,0.364746,0.311862,0.88035,11567.0,220.4,300.6,700.0,100.0,1.0
990348,6197,156,8.893472,1.0,0.121323,0.02541,0.0,0.00277585,0.20441,0.92197,0.352491,0.408055,0.898214,11132.7,197.7,330.4,755.6,100.0,1.0
990509,6198,161,8.667919,0.886157,0.066645,0.020147,0.0,0.00267248,0.191013,0.968396,0.202658,0.388629,0.907212,11309.6,203.6,345.4,543.9,100.0,1.0
990667,6199,158,5.281877,0.2,-0.135361,0.003818,0.054795,0.00217525,0.034896,0.665749,0.087729,0.178762,0.847276,10156.5,215.4,245.5,954.4,100.0,1.0
990821,6200,154,7.929966,0.2,0.05301,0.006517,1e-06,0.00273179,0.147684,0.849011,0.266285,0.315701,0.86991,10854.7,206.3,283.2,649.7,100.0,1.0
990976,6201,155,7.519644,0.451442,0.06042,0.02403,8.9e-05,0.0025648,0.141432,0.88243,0.285286,0.277418,0.874686,10982.1,214.9,291.1,539.0,100.0,1.0
991133,6202,157,9.373709,0.2,0.058008,0.0,0.014379,0.00303716,0.195055,0.951129,0.289461,0.407809,0.939188,11243.8,199.7,398.6,580.3,100.0,1.0
991298,6203,165,10.38679,1.0,0.112859,0.034681,0.0,0.00297892,0.253028,1.0,0.461931,0.473729,0.930628,12842.5,217.9,384.4,441.0,100.0,1.0
991461,6204,163,5.909716,1.0,0.003647,0.03924,1.9e-05,0.00227715,0.052452,0.729728,0.014369,0.227621,0.889862,10400.3,211.8,316.4,782.1,100.0,1.0
991622,6205,161,7.817416,0.256179,-0.051145,0.001069,0.0,0.00303341,0.071992,0.83136,-0.022689,0.223378,0.891723,10787.5,220.4,319.5,371.8,100.0,1.0
991787,6206,165,7.331956,1.0,0.050248,0.041836,0.0,0.00258168,0.099606,0.831923,0.149604,0.263099,0.914298,10789.6,213.6,357.2,523.2,100.0,1.0
991944,6207,157,8.423385,0.534995,0.076574,0.003442,0.0,0.00261321,0.193545,0.980145,0.263177,0.35247,0.875188,11354.4,209.9,292.0,706.2,100.0,1.0
992102,6208,158,8.910008,0.2,0.017962,0.00117,0.088741,0.00280286,0.195858,0.969605,0.154608,0.40546,0.896755,11314.2,201.3,327.9,569.9,100.0,1.0
992259,6209,157,10.448594,0.2,0.165913,0.0,0.208196,0.00297126,0.282554,0.931816,0.309273,0.633512,0.938928,11170.2,171.0,398.2,543.7,100.0,1.0
992419,6210,160,8.944497,0.526764,0.017725,0.000162,1.3e-05,0.00286406,0.182996,1.0,0.069409,0.396051,0.929461,11499.6,205.9,382.4,414.9,100.0,1.0
992577,6211,158,8.051881,0.481124,0.036854,0.0,0.0,0.00239161,0.199386,1.0,0.214627,0.356591,0.858854,11484.3,211.6,264.8,592.2,100.0,1.0
992740,6212,163,10.00855,0.647107,0.116474,0.0,0.0,0.00297331,0.232902,1.0,0.397929,0.40253,0.871611,11991.1,213.7,286.0,652.4,100.0,1.0
992899,6213,159,8.80032,0.2,0.053143,0.0,0.004125,0.00274506,0.19449,0.991877,0.261726,0.349057,0.877098,11399.1,211.2,295.2,523.2,100.0,1.0
993054,6214,155,10.414376,-0.104826,0.115764,0.026974,3e-06,0.00309228,0.267402,1.0,0.406942,0.519143,0.923796,11766.3,193.6,373.0,639.6,100.0,1.0
993214,6215,160,5.566051,0.388702,-0.085411,0.0,7.5e-05,0.00238818,0.016992,0.639786,-0.021608,0.184726,0.858736,10057.6,212.2,264.6,725.8,100.0,1.0
993375,6216,161,9.215723,0.884123,0.089543,0.018049,0.0,0.00269736,0.226511,1.0,0.372817,0.393361,0.872458,11659.0,209.2,287.4,512.7,100.0,1.0
993538,6217,163,4.203298,0.534935,-0.098411,0.015795,0.000102,0.00220026,-0.057254,0.532557,0.022908,0.024238,0.809518,9649.0,235.5,182.5,1157.0,100.0,1.0
993701,6218,163,8.356217,1.0,0.027374,0.052602,0.0,0.00284156,0.135978,0.855551,0.247869,0.29676,0.885602,10879.6,209.7,309.3,515.9,99.922,1.0
993855,6219,154,8.63686,0.2,0.107294,0.0,0.062317,0.00235795,0.256165,1.0,0.409966,0.472799,0.895805,11567.0,196.3,326.3,839.7,100.0,1.0
994009,6220,154,8.136314,0.416426,0.083888,0.0,2.4e-05,0.00262653,0.178911,0.899944,0.263997,0.387041,0.909165,11048.8,199.1,348.6,449.6,100.0,1.0
994165,6221,156,9.464984,0.2,0.065926,0.0,0.03313,0.00240066,0.304163,1.0,0.477301,0.56571,0.879402,12202.0,194.8,299.0,600.4,100.0,1.0
994318,6222,153,9.95438,1.0,-0.03845,0.043451,0.0,0.00362108,0.159751,0.882382,0.169092,0.396548,0.945492,10981.9,196.6,409.2,289.1,100.0,1.0
994474,6223,156,11.497417,0.859257,0.113912,0.013752,0.0,0.00315412,0.332447,1.0,0.689088,0.607864,0.918427,11663.3,181.3,364.0,316.7,100.0,1.0
994635,6224,161,7.431747,0.2,0.0383,0.000608,0.000175,0.00234949,0.154688,0.942729,0.238555,0.287014,0.878623,11211.8,217.8,297.7,676.9,100.0,1.0
994795,6225,160,9.385266,1.0,0.09654,0.019882,0.0,0.00281023,0.223417,1.0,0.385972,0.392155,0.888168,11978.4,215.1,313.6,487.7,100.0,1.0
994955,6226,160,8.020127,0.998165,0.101865,0.032207,0.0,0.00257024,0.163927,0.890289,0.324598,0.34214,0.911845,11012.0,205.1,353.1,520.5,100.0,1.0
995116,6227,161,9.866165,1.0,-0.082141,0.031845,0.0,0.00380138,0.095563,0.839392,0.036779,0.287261,0.931467,10818.1,210.1,385.8,231.3,100.0,1.0
995271,6228,155,6.995484,1.0,0.083073,0.022807,0.0,0.00256679,0.103906,0.672272,0.23492,0.309553,0.845901,10181.4,194.4,243.2,575.8,100.0,1.0
995429,6229,158,10.916059,0.2,0.093915,0.0,0.128822,0.00283167,0.335567,1.0,0.400697,0.699867,0.937799,12568.1,184.8,396.3,423.9,100.0,1.0
995585,6230,156,8.69524,0.725518,-0.131282,0.026601,5e-06,0.00358193,0.06493,0.684909,0.074994,0.308113,0.948169,10229.5,195.5,413.6,278.2,100.0,1.0
995745,6231,160,10.312425,0.2,0.095874,0.0,0.007528,0.00354714,0.172286,0.789643,0.189655,0.462212,0.9159,10628.5,181.7,359.8,457.1,100.0,1.0
995908,6232,163,6.488086,0.350704,-0.274349,0.0,0.0,0.00335741,-0.08174,0.440671,-0.149826,0.130155,0.915948,9299.0,205.7,359.9,332.7,100.0,1.0
996067,6233,159,9.427666,0.536852,0.09562,0.0,2.8e-05,0.0027823,0.234119,0.842168,0.158665,0.606736,0.939936,10828.7,168.5,399.9,603.2,100.0,1.0
996225,6234,158,8.061199,0.2,0.088169,0.001946,0.010685,0.00252097,0.180152,0.922442,0.317998,0.356658,0.899686,11134.5,205.2,332.8,613.5,100.0,1.0
996382,6235,157,8.476781,0.2,0.097331,0.0,0.193898,0.00290938,0.151514,0.870786,0.287048,0.329606,0.906919,10937.7,205.7,344.9,501.1,100.0,1.0
996538,6236,156,7.31471,0.374272,-0.009876,0.028753,0.000234,0.00303409,0.051592,0.612283,-0.001509,0.322724,0.921668,9952.8,188.1,369.4,436.7,100.0,1.0
996698,6237,160,7.152289,0.68557,-0.000708,0.02049,0.0,0.00249694,0.113767,0.834579,0.200084,0.2618,0.878425,10799.7,214.0,297.4,643.6,100.0,1.0
996858,6238,160,11.037029,0.316218,0.085008,0.0,0.009511,0.00341228,0.246126,0.986053,0.308902,0.491803,0.911994,11376.9,190.7,353.3,347.3,100.0,1.0
997020,6239,162,7.651201,0.2,0.038956,0.0,0.207955,0.00229356,0.177579,1.0,0.129424,0.332419,0.873324,11511.4,216.0,288.9,710.6,100.0,1.0
997187,6240,167,8.910857,1.0,-0.063013,0.051086,0.0,0.00317269,0.109709,0.853034,0.121484,0.253279,0.868039,10870.1,216.8,280.1,389.0,99.967,1.0
997349,6241,162,8.955221,0.756139,0.012379,0.05966,8.9e-05,0.00317231,0.128869,0.845397,0.053171,0.383704,0.965116,10841.0,195.9,441.9,354.6,99.71,1.0
997510,6242,161,8.573099,0.838692,0.04455,0.025313,0.00019,0.00265398,0.188105,0.919337,0.111932,0.438726,0.913651,11122.7,193.3,356.1,392.4,100.0,1.0
997676,6243,166,7.719524,0.246256,0.006683,0.0,0.0,0.00249897,0.139297,0.853602,0.256664,0.289207,0.861813,10872.2,210.8,269.7,680.6,100.0,1.0
997841,6244,165,5.860731,0.595556,-0.172,0.013794,5.1e-05,0.00280708,-0.042471,0.578288,-0.026377,0.089676,0.881105,9823.3,225.4,301.8,585.8,100.0,1.0
997991,6245,150,3.450282,0.2,-0.338699,0.009351,6.6e-05,0.00276604,-0.16723,0.25301,-0.244529,0.038386,0.885537,8584.0,206.7,309.2,495.9,100.0,1.0
998147,6246,156,6.502042,0.600414,-0.002994,0.007859,0.0,0.00256569,0.066501,0.752866,0.136058,0.212511,0.881303,10488.4,216.3,302.2,714.6,100.0,1.0
998309,6247,162,9.92548,0.455733,0.062683,0.0,3e-05,0.00305982,0.216824,1.0,0.415884,0.369693,0.890566,11736.4,214.2,317.6,454.9,100.0,1.0
998464,6248,155,5.657031,0.268007,-0.092114,0.001312,5e-06,0.00242762,0.029834,0.652361,-0.105799,0.240838,0.876047,10105.5,203.6,293.4,702.2,100.0,1.0
998625,6249,161,9.392582,0.947318,0.091008,0.0,0.0,0.00290735,0.206208,1.0,0.248851,0.375442,0.875414,11884.4,216.0,292.4,470.6,100.0,1.0
998781,6250,156,8.478298,0.94464,0.082037,0.01376,0.0,0.00261216,0.201172,0.935649,0.158254,0.439373,0.897259,11184.8,194.3,328.8,784.2,100.0,1.0
998944,6251,163,2.822202,0.456413,-0.324238,0.020465,8.1e-05,0.00270855,-0.238888,0.121228,-0.398335,-0.036539,0.858983,8081.9,209.7,265.0,845.5,100.0,1.0
999099,6252,155,6.773678,0.465009,0.046453,0.029173,1.5e-05,0.00243059,0.109555,0.83676,0.084699,0.264168,0.85509,10808.1,213.7,258.5,699.7,100.0,1.0
999262,6253,163,8.220023,1.0,-0.071187,0.058666,0.0,0.00318214,0.071447,0.782529,-0.014965,0.283152,0.943801,10601.4,206.6,406.3,403.6,99.74,1.0
999421,6254,159,9.84708,0.351594,0.036535,0.0,0.0,0.00321549,0.195747,0.879507,0.247899,0.441304,0.901766,10970.9,190.3,336.3,485.8,100.0,1.0
999578,6255,157,11.508187,0.622319,0.103943,0.031692,5.8e-05,0.003142,0.333062,1.0,0.56646,0.643184,0.923432,12186.4,185.4,372.4,356.1,100.0,1.0
999737,6256,159,4.610855,0.2,-0.158457,0.0,0.0263,0.00261174,-0.084166,0.417477,-0.000418,0.074413,0.873036,9210.6,214.3,288.4,593.6,100.0,1.0
999897,6257,160,8.469079,0.239957,0.074076,0.0,2.7e-05,0.00290398,0.143521,0.797225,0.248684,0.377949,0.927331,10657.4,193.4,378.9,673.0,100.0,1.0
1000055,6258,158,7.462969,0.866703,0.134303,0.037178,0.0,0.00240318,0.156218,0.93218,0.25965,0.293365,0.880553,11171.6,215.9,300.9,508.6,100.0,1.0
1000218,6259,163,8.933997,0.921667,0.127235,0.035172,6.3e-05,0.00266262,0.20754,1.0,0.394572,0.329515,0.854894,11584.6,217.8,258.2,719.6,100.0,1.0
1000372,6260,154,10.288991,0.217342,0.117078,0.0,0.021488,0.00272312,0.319504,1.0,0.444145,0.628639,0.905463,11919.1,183.0,342.4,533.1,100.0,1.0
1000533,6261,161,9.094278,1.0,0.087887,0.06519,0.0,0.00278404,0.204856,1.0,0.292901,0.391253,0.92374,11488.7,206.4,372.9,368.8,99.544,1.0
1000692,6262,159,8.307813,1.0,0.12278,0.051098,0.0,0.0025437,0.192167,0.901701,0.293147,0.403219,0.89544,11055.5,197.0,325.7,556.0,99.967,1.0
1000850,6263,158,6.151185,0.2,-0.047241,0.005045,0.093821,0.00257899,0.034259,0.688467,0.083656,0.165349,0.849451,10243.1,219.7,249.1,646.1,100.0,1.0
1001005,6264,155,7.91428,1.0,0.048097,0.014541,0.0,0.00311659,0.085287,0.750479,0.109918,0.291519,0.919726,10479.3,202.8,366.2,373.7,100.0,1.0
1001165,6265,160,8.318755,0.850064,0.127919,0.0,0.0,0.00224044,0.238943,1.0,0.367961,0.4143,0.854292,11749.9,207.7,257.2,719.0,100.0,1.0
1001325,6266,160,8.267733,0.436389,0.05313,0.0,0.0,0.00282949,0.141029,0.896144,0.205029,0.313598,0.915797,11034.3,210.0,359.7,492.7,100.0,1.0
1001483,6267,158,5.954014,0.469678,-0.111523,0.0,0.0,0.00256912,0.021671,0.621158,-0.032821,0.228832,0.887476,9986.6,203.2,312.5,454.8,100.0,1.0
1001646,6268,163,9.253679,0.885878,0.041739,0.021385,6.6e-05,0.00319541,0.143719,0.871718,0.234411,0.328252,0.915811,10941.2,205.9,359.7,448.0,100.0,1.0
1001801,6269,155,4.988876,0.469923,-0.279465,0.0,8.9e-05,0.00307676,-0.118596,0.387597,-0.126271,0.047514,0.887495,9096.7,217.1,312.5,597.3,100.0,1.0
1001956,6270,155,10.174427,0.699829,0.048347,0.045799,6.5e-05,0.00330408,0.218645,0.995164,0.199049,0.448433,0.917698,11411.6,197.0,362.8,348.9,100.0,1.0
1002118,6271,162,9.633154,1.0,0.095845,0.026283,0.0,0.00287403,0.226362,1.0,0.274478,0.432472,0.896299,11472.8,200.2,327.2,439.6,100.0,1.0
1002277,6272,159,9.336868,0.979777,0.02982,0.014189,0.0,0.00298046,0.196799,1.0,0.23656,0.374919,0.9073,11568.5,210.3,345.5,427.2,100.0,1.0
1002442,6273,165,8.44028,0.2,-0.007475,0.0,0.238898,0.00267565,0.164815,0.96976,0.172349,0.306233,0.869413,11314.8,216.6,282.4,594.9,100.0,1.0
1002602,6274,160,5.075288,0.72072,-0.167343,0.017322,3.3e-05,0.00248521,-0.033054,0.516509,-0.120396,0.161397,0.858801,9587.9,206.4,264.7,777.4,100.0,1.0
1002763,6275,161,4.558827,0.241347,-0.272193,0.0,0.000548,0.00300643,-0.15656,0.293284,-0.330041,0.058509,0.881123,8737.4,206.4,301.9,541.0,100.0,1.0
1002927,6276,164,8.650649,0.2,0.023338,0.0,0.022973,0.00278261,0.165113,0.909244,0.235795,0.339048,0.885585,11084.2,206.9,309.3,846.1,100.0,1.0
1003086,6277,159,8.568022,0.2,0.19997,0.0,1.2e-05,0.00265454,0.193476,0.922996,0.202931,0.405572,0.879179,11136.6,198.1,298.6,680.3,100.0,1.0
1003250,6278,164,6.340156,0.869037,-0.181147,0.010626,0.0,0.00284431,-0.010967,0.622371,-0.059843,0.142009,0.869517,9991.2,218.7,282.5,701.4,100.0,1.0
1003414,6279,164,8.896666,0.767685,0.109611,0.028588,1e-05,0.00239549,0.246322,1.0,0.445942,0.406914,0.844149,11993.1,213.1,240.2,918.0,100.0,1.0
