==============================================================================
SIMPLE PPO — CONFIGURATION
==============================================================================
  Environment
    mode                 all
    random_weather       True
    enable_faults        False
    dssat_seed           123

  PPO Hyperparameters
    total_timesteps      1,000,000
    n_steps              4,096
    batch_size           64
    n_epochs             10
    learning_rate        0.0003
    gamma                0.99
    gae_lambda           0.95
    clip_range           0.2
    ent_coef             0.01
    max_grad_norm        0.5
    device               cpu

  Normalisation (VecNormalize)
    norm_obs             True
    norm_reward          True
    clip_obs             5.0
    clip_reward          10.0

  Reward Weights (seasonal)
    W_yield              0.40
    W_hiad               0.10
    W_ane                0.30
    W_penalty            0.20
==============================================================================

==============================================================================
TRAINING — 1,000,000 timesteps  |  n_steps=4096
==============================================================================

  Episode log  → /workspace/episode_log_nitrogen_v3.csv
  Metrics log  → /workspace/training_metrics_nitrogen_v3.csv

     ep      step   len    cum_R   yield      N      W   R_seas    R_yld   R_hiad    R_ane
  -----  --------  ----  -------  ------  -----  -----  -------  -------  -------  -------
      1       161   161   +6.042    2298     58     80  -0.8242  -1.0000  -0.6051  -1.0000
      2       321   160   -5.747    3696     68     69  -0.8217  -1.0000  -0.4246  -1.0000
      3       482   161   -6.408    1627     52     66  -0.8504  -1.0000  -1.0000  -1.0000
      4       643   161   -5.677    2356     72     72  -0.8289  -1.0000  -0.4146  -1.0000
      5       800   157   -5.450    3992     64     69  -0.7488  -0.9523  +0.1201  -1.0000
      6       959   159   -5.571    3411     74     58  -0.8228  -1.0000  -0.3475  -1.0000
      7      1120   161   -4.817    1314     68     61  -0.8775  -1.0000  -1.0000  -1.0000
      8      1273   153   -2.431    2959     64     56  -0.7515  -1.0000  +0.1798  -1.0000
      9      1435   162   -6.205    1698     62     76  -0.8706  -1.0000  -1.0000  -1.0000
     10      1597   162   -4.185    4703     63     68  -0.7029  -0.7656  +0.0856  -1.0000
     11      1761   164   -5.365    2604     58     64  -0.8524  -1.0000  -0.9231  -1.0000
     12      1925   164   -5.728    1814     70     56  -0.8817  -1.0000  -1.0000  -1.0000
     13      2080   155   -7.537    1819     54     64  -0.8542  -1.0000  -1.0000  -1.0000
     14      2241   161   -4.091    1195     54     60  -0.8484  -1.0000  -0.9417  -1.0000
     15      2403   162   -5.808    3021     70     56  -0.8191  -1.0000  -0.3787  -1.0000
     16      2561   158   -5.894    3169     61     62  -0.8290  -1.0000  -0.6303  -1.0000
     17      2724   163   -4.834    4165     67     55  -0.7428  -0.9067  +0.0931  -1.0000
     18      2886   162   -6.690    2287     56     68  -0.8282  -1.0000  -0.6968  -1.0000
     19      3044   158   -5.678    2125     55     83  -0.8242  -1.0000  -0.6473  -1.0000
     20      3208   164   -4.376    4530     67     70  -0.7389  -0.8111  -0.0902  -1.0000
     21      3363   155   -5.836    4255     57     61  -0.7273  -0.8833  +0.0225  -1.0000
     22      3524   161   -6.104    4060     64     61  -0.7863  -0.9345  -0.3106  -1.0000
     23      3679   155   -6.535    3050     80     66  -0.8299  -1.0000  -0.2933  -1.0000
     24      3844   165   -6.270    3957     68     68  -0.7840  -0.9613  -0.1474  -1.0000
     25      3997   153   -7.032    2296     57     60  -0.8441  -1.0000  -0.8484  -1.0000
     26      4156   159   -4.737    4495     63     62  -0.6925  -0.8203  +0.3279  -1.0000
     27      4313   157   -5.781    3430     70     63  -0.8127  -1.0000  -0.2993  -1.0000
     28      4468   155   -5.216    2847     61     55  -0.8203  -1.0000  -0.5535  -1.0000
     29      4631   163   -5.579    3861     73     59  -0.8165  -0.9866  -0.3381  -1.0000
     30      4792   161   -5.498    2940     70     62  -0.8611  -1.0000  -0.7840  -1.0000
     31      4953   161   -6.366    3801     65     65  -0.7707  -1.0000  +0.0210  -1.0000
     32      5115   162   -5.331    2299     73     63  -0.8354  -1.0000  -0.4747  -1.0000
     33      5278   163   -5.029    1305     67     75  -0.8780  -1.0000  -1.0000  -1.0000
     34      5433   155   -6.349    2776     61     51  -0.8077  -1.0000  -0.4304  -1.0000
     35      5590   157   -5.678    3930     57     48  -0.7130  -0.9685  +0.3668  -1.0000
     36      5745   155   -5.866     899     80     51  -0.8978  -1.0000  -1.0000  -1.0000
     37      5906   161   -5.293    2454     63     60  -0.7657  -1.0000  +0.0378  -1.0000
     38      6075   169   -3.424    1294     57     62  -0.8083  -1.0000  -0.4929  -1.0000
     39      6234   159   -6.160    3004     62     60  -0.7738  -1.0000  -0.0693  -1.0000
     40      6391   157   -6.259    2254     70     56  -0.8674  -1.0000  -0.8739  -1.0000
     41      6551   160   -6.407    4117     73     66  -0.7688  -0.9195  -0.0167  -1.0000
     42      6711   160   -6.209    3452     62     63  -0.8065  -1.0000  -0.3841  -1.0000
     43      6866   155   -6.600    3796     59     60  -0.7875  -1.0000  -0.2569  -1.0000
     44      7029   163   -4.747    4954     75     64  -0.6738  -0.6997  +0.4179  -1.0000
     45      7189   160   -5.918    3221     62     66  -0.7717  -1.0000  -0.0366  -1.0000
     46      7350   161   -6.185    2070     60     53  -0.8243  -1.0000  -0.6080  -1.0000
     47      7514   164   -5.721    2831     65     56  -0.8073  -1.0000  -0.3582  -1.0000
     48      7674   160   -5.126    3948     66     63  -0.7809  -0.9637  -0.1425  -1.0000
     49      7838   164   -5.430    3058     68     73  -0.8445  -1.0000  -0.6364  -1.0000
     50      8003   165   -5.786    4389     68     62  -0.7359  -0.8481  +0.0446  -1.0000
     51      8161   158   -5.843    2863     56     71  -0.8181  -1.0000  -0.5959  -1.0000
     52      8317   156   -6.494    2598     47     78  -0.7906  -1.0000  -0.4602  -1.0000
     53      8477   160   -6.559    2177     70     58  -0.8740  -1.0000  -0.9333  -1.0000
     54      8637   160   -5.531     986     59     73  -0.8644  -1.0000  -1.0000  -1.0000
     55      8802   165   -5.504    4007     67     69  -0.7875  -0.9483  -0.2312  -1.0000
     56      8958   156   -6.326    1943     62     54  -0.8609  -1.0000  -0.9338  -1.0000
     57      9118   160   -5.791    4109     63     57  -0.7570  -0.9216  -0.0738  -1.0000
     58      9278   160   -5.232    1759     83     41  -0.8832  -1.0000  -0.8234  -1.0000
     59      9440   162   -5.120    1614     51     62  -0.8480  -1.0000  -1.0000  -1.0000
     60      9603   163   -6.692    2555     76     79  -0.8797  -1.0000  -0.8530  -1.0000
     61      9763   160   -6.017    3708     62     44  -0.7992  -1.0000  -0.3403  -1.0000
     62      9922   159   -5.469    1903     58     40  -0.8576  -1.0000  -1.0000  -1.0000
     63     10085   163   -6.090    2560     58     62  -0.8225  -1.0000  -0.6092  -1.0000
     64     10247   162   -5.783    3370     68     62  -0.6862  -1.0000  +0.9295  -1.0000
     65     10405   158   -5.634    4036     62     47  -0.7083  -0.9408  +0.4294  -1.0000
     66     10565   160   -5.827    3019     55     64  -0.8260  -1.0000  -0.6952  -1.0000
     67     10725   160   -3.473    3507     61     56  -0.6783  -1.0000  +0.8627  -1.0000
     68     10884   159   -5.038    2367     53     82  -0.8445  -1.0000  -0.8944  -1.0000
     69     11043   159   -4.179    4873     63     62  -0.6541  -0.7209  +0.4579  -1.0000
     70     11201   158   -6.246    1921     74     52  -0.8603  -1.0000  -0.7274  -1.0000
     71     11362   161   -6.365    1691     52     74  -0.8517  -1.0000  -1.0000  -1.0000
     72     11521   159   -6.139    2470     64     75  -0.8427  -1.0000  -0.6940  -1.0000
     73     11680   159   -5.532     995     62     84  -0.8708  -1.0000  -1.0000  -1.0000
     74     11838   158   -6.329    1510     56     61  -0.8570  -1.0000  -1.0000  -1.0000
     75     11994   156   -5.800    1824     73     64  -0.8725  -1.0000  -0.8508  -1.0000
     76     12145   151   -4.656    1544     68     68  -0.8801  -1.0000  -1.0000  -1.0000
     77     12310   165   -6.169    1832     68     43  -0.8689  -1.0000  -0.9402  -1.0000
     78     12475   165   -5.147    3880     71     55  -0.8309  -0.9816  -0.5336  -1.0000
     79     12637   162   -3.650    4986     68     46  -0.6258  -0.6913  +0.7227  -1.0000
     80     12791   154   -5.624    1357     58     60  -0.8600  -1.0000  -1.0000  -1.0000
     81     12959   168   -5.105    3765     81     68  -0.7522  -1.0000  +0.4902  -1.0000
     82     13121   162   +4.162    5119     74     79  +0.0620  -0.6563  +0.7225  +0.7365
     83     13278   157   -3.170    1051     67     53  -0.8682  -1.0000  -0.9304  -1.0000
     84     13433   155   -6.902    2578     55     75  -0.8059  -1.0000  -0.4839  -1.0000
     85     13594   161   -5.634    4673     72     60  -0.7162  -0.7735  +0.1228  -1.0000
     86     13755   161   -5.694    4255     62     65  -0.7147  -0.8832  +0.2489  -1.0000
     87     13912   157   -5.354    2366     54     64  -0.8437  -1.0000  -0.8940  -1.0000
     88     14074   162   -4.286    2170     70     53  -0.8269  -1.0000  -0.4603  -1.0000
     89     14235   161   -5.933    2589     57     58  -0.7654  -1.0000  -0.0752  -1.0000
     90     14391   156   -6.762    3384     77     62  -0.8333  -1.0000  -0.3946  -1.0000
     91     14555   164   -5.533    2974     74     57  -0.8674  -1.0000  -0.7934  -1.0000
     92     14713   158   -5.054    2068     79     67  -0.8161  -1.0000  -0.1853  -1.0000
     93     14873   160   -4.804    4477     60     67  -0.6848  -0.8249  +0.3558  -1.0000
     94     15029   156   +5.444    5358     71     53  +0.0718  -0.5936  -0.0470  +0.8919
     95     15187   158   -5.915    4173     60     60  -0.7059  -0.9047  +0.3528  -1.0000
     96     15350   163   -5.769    4966     74     57  -0.7014  -0.6967  +0.1015  -1.0000
     97     15507   157   +6.753    5989     74     73  +0.1664  -0.4280  +0.1395  +1.0000
     98     15669   162   -5.616    3297     65     65  -0.8181  -1.0000  -0.4439  -1.0000
     99     15828   159   -5.705    4832     77     60  -0.7089  -0.7319  +0.1848  -1.0000
    100     15991   163   -6.164    3110     59     58  -0.7795  -1.0000  -0.1686  -1.0000

  ── rolling mean (last 100 ep) ──  cum_R=-5.142  yield=3010 kg/ha  N=65  W=62 mm  R_seas=-0.7758  R_ane=-0.9437

    101     16151   160   -5.932    3149     74     54  -0.8284  -1.0000  -0.3997  -1.0000
    102     16318   167   -5.966    3712     68     71  -0.8326  -1.0000  -0.5333  -1.0000
    103     16477   159   -5.413    1970     74     51  -0.8869  -1.0000  -1.0000  -1.0000
    104     16637   160   +8.611    6599     60     78  +0.3074  -0.2680  +0.9103  +1.0000
    105     16803   166   -6.518    3899     72     59  -0.7932  -0.9767  -0.1389  -1.0000
    106     16970   167   +8.198    6259     70     52  +0.2404  -0.3571  +0.6042  +1.0000
    107     17127   157   -5.921    1869     55     70  -0.8531  -1.0000  -0.9657  -1.0000
    108     17290   163   +7.230    5380     67     61  +0.2047  -0.5879  +0.7807  +1.0000
    109     17456   166   -5.570    2346     49     72  -0.8388  -1.0000  -0.9183  -1.0000
    110     17618   162   -5.342    1931     72     61  -0.8847  -1.0000  -1.0000  -1.0000
    111     17774   156   -5.637    3752     51     56  -0.7817  -1.0000  -0.3456  -1.0000
    112     17936   162   -4.985    2811     50     73  -0.8081  -1.0000  -0.5959  -1.0000
    113     18091   155   -4.020    4477     59     76  -0.6282  -0.8249  +0.9254  -1.0000
    114     18249   158   -6.283    2659     62     63  -0.7974  -1.0000  -0.2961  -1.0000
    115     18410   161   -4.240    2882     70     61  -0.7988  -1.0000  -0.1723  -1.0000
    116     18568   158   -6.182    1940     69     45  -0.8743  -1.0000  -0.9709  -1.0000
    117     18733   165   +5.310    5278     75     56  +0.0953  -0.6146  +0.8253  +0.7643
    118     18897   164   -5.504    1236     57     56  -0.8582  -1.0000  -1.0000  -1.0000
    119     19055   158   -4.517    1056     78     50  -0.8935  -1.0000  -1.0000  -1.0000
    120     19211   156   -6.008    4323     64     52  -0.7628  -0.8654  -0.2688  -1.0000
    121     19373   162   +5.274    5557     75     54  +0.0836  -0.5414  +0.2098  +0.8446
    122     19533   160   -6.399    3211     62     61  -0.7822  -1.0000  -0.1429  -1.0000
    123     19687   154   -5.055    2416     60     64  -0.8065  -1.0000  -0.4196  -1.0000
    124     19846   159   -5.275    2818     63     44  -0.7915  -1.0000  -0.2488  -1.0000
    125     20008   162   -5.829    2124     60     75  -0.8239  -1.0000  -0.5700  -1.0000
    126     20165   157   -5.913    2650     69     62  -0.8729  -1.0000  -0.9229  -1.0000
    127     20321   156   +6.801    5385     59     60  +0.1824  -0.5866  +0.4196  +1.0000
    128     20481   160   -4.262    1952     65     66  -0.8476  -1.0000  -0.7366  -1.0000
    129     20642   161   -5.480    4234     71     57  -0.7065  -0.8887  +0.4869  -1.0000
    130     20805   163   -5.971    1285     80     59  -0.8995  -1.0000  -1.0000  -1.0000
    131     20969   164   -5.656    3186     74     73  -0.8264  -1.0000  -0.3611  -1.0000
    132     21137   168   -6.646    3099     81     74  -0.8409  -1.0000  -0.3871  -1.0000
    133     21298   161   -4.508    2674     84     51  -0.8483  -1.0000  -0.4289  -1.0000
    134     21462   164   -5.935    3038     83     61  -0.8709  -1.0000  -0.6615  -1.0000
    135     21619   157   -6.012    2387     78     61  -0.8380  -1.0000  -0.4290  -1.0000
    136     21772   153   -5.953    1718     66     56  -0.8739  -1.0000  -1.0000  -1.0000
    137     21931   159   -6.447    3055     65     61  -0.8157  -1.0000  -0.4258  -1.0000
    138     22091   160   -5.058    4250     66     63  -0.7272  -0.8846  +0.1860  -1.0000
    139     22252   161   -6.006    3763     81     63  -0.7758  -1.0000  +0.2518  -1.0000
    140     22409   157   -6.172    2797     68     40  -0.8422  -1.0000  -0.6733  -1.0000
    141     22571   162   -5.345    3328     76     41  -0.8245  -1.0000  -0.3499  -1.0000
    142     22731   160   -5.748    2672     62     50  -0.8344  -1.0000  -0.6786  -1.0000
    143     22886   155   -3.382    1201     71     42  -0.8719  -1.0000  -0.9094  -1.0000
    144     23045   159   -4.497    1774     71     67  -0.8458  -1.0000  -0.6215  -1.0000
    145     23203   158   -6.374    3869     69     48  -0.8202  -0.9844  -0.4602  -1.0000
    146     23361   158   -6.187    4225     78     45  -0.7855  -0.8911  -0.1895  -1.0000
    147     23519   158   -5.690    3150     63     80  -0.8108  -1.0000  -0.3903  -1.0000
    148     23677   158   -5.938    3180     78     52  -0.8473  -1.0000  -0.5369  -1.0000
    149     23839   162   -5.225    2822     89     52  -0.8582  -1.0000  -0.4498  -1.0000
    150     23997   158   -5.924    2292     70     64  -0.8388  -1.0000  -0.5624  -1.0000
    151     24157   160   -5.719    3737     72     41  -0.8019  -1.0000  -0.2017  -1.0000
    152     24323   166   -5.987    3789     70     50  -0.8259  -1.0000  -0.4536  -1.0000
    153     24484   161   -4.998    3639     68     48  -0.8411  -1.0000  -0.6391  -1.0000
    154     24645   161   -5.023    2016     70     57  -0.8425  -1.0000  -0.6108  -1.0000
    155     24805   160   -6.068    2477     64     67  -0.8634  -1.0000  -0.9204  -1.0000
    156     24973   168   -6.753    3546     72     58  -0.8258  -1.0000  -0.4117  -1.0000
    157     25130   157   -3.274     679     77     53  -0.8929  -1.0000  -1.0000  -1.0000
    158     25292   162   -4.303    4862     74     50  -0.6860  -0.7238  +0.3289  -1.0000
    159     25457   165   -5.503    2106     66     82  -0.8327  -1.0000  -0.5481  -1.0000
    160     25621   164   -4.939    4518     72     53  -0.7089  -0.8142  +0.2791  -1.0000
    161     25782   161   -4.857    2515     64     64  -0.8123  -1.0000  -0.4131  -1.0000
    162     25940   158   -6.537    3268     74     42  -0.8205  -1.0000  -0.3486  -1.0000
    163     26094   154   -5.144    1393     71     59  -0.8828  -1.0000  -1.0000  -1.0000
    164     26256   162   -6.455    4014     88     37  -0.8268  -0.9463  -0.3086  -1.0000
    165     26408   152   -6.128    1895     47     94  -0.8467  -1.0000  -0.9969  -1.0000
    166     26564   156   -6.584    4508     75     36  -0.7655  -0.8168  -0.2396  -1.0000
    167     26719   155   +7.756    5426     62    101  +0.2147  -0.5759  +0.8293  +1.0000
    168     26885   166   -5.947    2151     80     63  -0.8705  -1.0000  -0.7132  -1.0000
    169     27046   161   -5.812    2528     83     35  -0.8437  -1.0000  -0.4278  -1.0000
    170     27210   164   -6.738    4261     76     69  -0.7414  -0.8815  +0.2252  -1.0000
    171     27376   166   -5.483    3529     78     58  -0.8386  -1.0000  -0.4369  -1.0000
    172     27542   166   +2.433    5141     86     44  -0.1197  -0.6507  -0.0136  +0.5018
    173     27700   158   +6.516    5210     67     78  +0.1880  -0.6325  +1.0000  +0.9386
    174     27862   162   +6.620    5501     72     52  +0.1770  -0.5561  +0.8553  +0.9107
    175     28020   158   -6.182    3487     69     39  -0.8165  -1.0000  -0.4042  -1.0000
    176     28174   154   -5.916    3314     67     71  -0.8398  -1.0000  -0.6121  -1.0000
    177     28334   160   -5.845    4229     61     84  -0.7581  -0.8901  -0.1674  -1.0000
    178     28494   160   -4.435    2283     76     58  -0.7644  -1.0000  +0.2725  -1.0000
    179     28653   159   +9.512    6482     68     62  +0.2899  -0.2986  +0.9307  +1.0000
    180     28812   159   -4.530    4998     79     74  -0.6707  -0.6881  +0.5106  -1.0000
    181     28971   159   -6.334    2787     91     43  -0.8622  -1.0000  -0.4694  -1.0000
    182     29124   153   -4.826    2396     80     26  -0.8837  -1.0000  -0.9015  -1.0000
    183     29283   159   -4.940    4658     68     50  -0.7084  -0.7774  +0.1210  -1.0000
    184     29441   158   -5.678    1792     72     46  -0.8788  -1.0000  -0.9508  -1.0000
    185     29598   157   -6.536    4077     81     44  -0.7760  -0.9299  +0.0545  -1.0000
    186     29757   159   -6.751    4310     81     40  -0.7822  -0.8688  -0.1764  -1.0000
    187     29916   159   -7.500    3756     84     41  -0.8381  -1.0000  -0.3510  -1.0000
    188     30071   155   -6.575    3871     74     75  -0.7940  -0.9840  -0.0795  -1.0000
    189     30226   155   +4.406    5268     76     60  +0.0172  -0.6174  +0.1612  +0.7418
    190     30387   161   -4.618    2620     76     46  -0.8418  -1.0000  -0.5153  -1.0000
    191     30542   155   -6.151    3096     73     57  -0.8502  -1.0000  -0.6308  -1.0000
    192     30706   164   -4.634    1928     73     50  -0.8655  -1.0000  -0.7957  -1.0000
    193     30866   160   +6.603    5928     73     65  +0.2202  -0.4442  +0.6863  +1.0000
    194     31028   162   -4.963    2795     76     46  -0.8192  -1.0000  -0.3001  -1.0000
    195     31186   158   -4.402    3709     84     26  -0.7772  -1.0000  +0.2440  -1.0000
    196     31344   158   -5.152    3102     62     46  -0.7868  -1.0000  -0.2185  -1.0000
    197     31509   165   -5.375    2048     88     46  -0.8154  -1.0000  -0.0460  -1.0000
    198     31665   156   -5.100    3780     85     38  -0.7589  -1.0000  +0.4621  -1.0000
    199     31828   163   -5.777    2109     70     84  -0.8391  -1.0000  -0.5455  -1.0000
    200     31987   159   -4.246    4700     88     33  -0.7418  -0.7663  +0.0840  -1.0000

  ── rolling mean (last 100 ep) ──  cum_R=-3.984  yield=3339 kg/ha  N=71  W=57 mm  R_seas=-0.6899  R_ane=-0.7530

    201     32148   161   +4.138    5154     73     61  +0.0709  -0.6472  +0.6184  +0.7687
    202     32308   160   -6.295    2101     69     54  -0.8791  -1.0000  -1.0000  -1.0000
    203     32463   155   -5.375    1553     84     32  -0.9013  -1.0000  -0.9888  -1.0000
    204     32522    59   -8.574       0     32     11  -0.8083  -1.0000  -1.0000  -1.0000
    205     32685   163   -5.154    4313     75     50  -0.7077  -0.8681  +0.4820  -1.0000
    206     32846   161   +6.393    5446     71     40  +0.1461  -0.5705  +0.5215  +0.9170
    207     33010   164   -5.051    4839     81     53  -0.7167  -0.7299  +0.1567  -1.0000
    208     33168   158   -4.276    2139     90     31  -0.8844  -1.0000  -0.7158  -1.0000
    209     33328   160   -6.443    4188     91     41  -0.7788  -0.9008  +0.1191  -1.0000
    210     33485   157   -6.218    3013     64     77  -0.8042  -1.0000  -0.3059  -1.0000
    211     33643   158   -6.159    3705     54     87  -0.7874  -1.0000  -0.3042  -1.0000
    212     33804   161   -5.696    4664    100     49  -0.7462  -0.7758  +0.3012  -1.0000
    213     33966   162   -6.028    4295     75     71  -0.8119  -0.8727  -0.5251  -1.0000
    214     34127   161   -4.750    1634    101     31  -0.9297  -1.0000  -1.0000  -1.0000
    215     34292   165   +5.510    6019     89     37  +0.0636  -0.4202  +0.5146  +0.6952
    216     34455   163   -5.113    3615     92     62  -0.7518  -1.0000  +0.6820  -1.0000
    217     34615   160   -4.401    1682     88     31  -0.8591  -1.0000  -0.4967  -1.0000
    218     34774   159   -5.649    3308     79     42  -0.8226  -1.0000  -0.2723  -1.0000
    219     34937   163   -4.980    4763     97     31  -0.7181  -0.7499  +0.4458  -1.0000
    220     35101   164   -5.912    3531     78     47  -0.8391  -1.0000  -0.4474  -1.0000
    221     35255   154   -5.431    2236     73     50  -0.8266  -1.0000  -0.4160  -1.0000
    222     35421   166   -3.521    3966     85     42  -0.7264  -0.9589  +0.6885  -1.0000
    223     35587   166   -6.125    4307     94     46  -0.7709  -0.8695  +0.1773  -1.0000
    224     35751   164   -6.960    4238     79     41  -0.7958  -0.8876  -0.2889  -1.0000
    225     35912   161   -6.122    3358     75     71  -0.8282  -1.0000  -0.3696  -1.0000
    226     36077   165   -5.465    4967     86     42  -0.7113  -0.6964  +0.2014  -1.0000
    227     36235   158   -4.948    2789     69     72  -0.8180  -1.0000  -0.3685  -1.0000
    228     36392   157   -5.815    3532     71     67  -0.8450  -1.0000  -0.6089  -1.0000
    229     36551   159   -5.880    3684     87     54  -0.8678  -1.0000  -0.5768  -1.0000
    230     36707   156   -5.113    4652     78     39  -0.7192  -0.7789  +0.1731  -1.0000
    231     36870   163   -6.008    3916     81     45  -0.8442  -0.9723  -0.5188  -1.0000
    232     37032   162   -5.197    4311     73     40  -0.7376  -0.8685  +0.1344  -1.0000
    233     37187   155   -4.823    1683     85     38  -0.9047  -1.0000  -1.0000  -1.0000
    234     37352   165   -5.543    3365     80     39  -0.8502  -1.0000  -0.5418  -1.0000
    235     37512   160   -5.123    4551     72     54  -0.7202  -0.8054  +0.1620  -1.0000
    236     37671   159   -6.303    3800     81     40  -0.7761  -1.0000  +0.2203  -1.0000
    237     37829   158   -6.307    2016     79     54  -0.8620  -1.0000  -0.6643  -1.0000
    238     37985   156   -6.329    2644     71     56  -0.8663  -1.0000  -0.8347  -1.0000
    239     38148   163   -6.166    4840     78     56  -0.7126  -0.7297  +0.1470  -1.0000
    240     38311   163   -5.370    4772     80     50  -0.7839  -0.7476  -0.4917  -1.0000
    241     38475   164   -5.583    4464     86     55  -0.7269  -0.8284  +0.3929  -1.0000
    242     38639   164   +4.445    5149     70     76  +0.0953  -0.6486  +0.5221  +0.8464
    243     38804   165   -5.289    2851     79     58  -0.8402  -1.0000  -0.4376  -1.0000
    244     38966   162   +6.475    5741     75     53  +0.1470  -0.4931  +0.4523  +0.9111
    245     39122   156   +6.381    5430     73     46  +0.1019  -0.5747  +0.4125  +0.8492
    246     39284   162   -5.556    2580     84     62  -0.9007  -1.0000  -0.9497  -1.0000
    247     39444   160   -6.245    3194     77     45  -0.8695  -1.0000  -0.7785  -1.0000
    248     39609   165   -5.299    1551     87     40  -0.9083  -1.0000  -1.0000  -1.0000
    249     39771   162   -3.923    1806     83     46  -0.8839  -1.0000  -0.8204  -1.0000
    250     39932   161   +5.210    5305     76     45  +0.0563  -0.6075  +0.4485  +0.7559
    251     40091   159   -5.524    1995     64     74  -0.8730  -1.0000  -1.0000  -1.0000
    252     40243   152   -4.873    3096     83     48  -0.7621  -1.0000  +0.3992  -1.0000
    253     40406   163   +3.059    5181     87     51  -0.1125  -0.6401  +0.1076  +0.4912
    254     40560   154   -4.726    2598     77     64  -0.7554  -1.0000  +0.3814  -1.0000
    255     40716   156   +2.520    5066     85     55  -0.0892  -0.6702  +0.3742  +0.4940
    256     40882   166   -4.201    2600     94     55  -0.8712  -1.0000  -0.4924  -1.0000
    257     41043   161   -4.707    2282     81     32  -0.7506  -1.0000  +0.4553  -1.0000
    258     41197   154   -4.769    3212     79     24  -0.8189  -1.0000  -0.2751  -1.0000
    259     41354   157   -4.712    3115     66     48  -0.7756  -1.0000  -0.0292  -1.0000
    260     41515   161   +4.755    5103     74     51  +0.0165  -0.6607  +0.2598  +0.7307
    261     41672   157   -5.519    4914     81     42  -0.6907  -0.7104  +0.3469  -1.0000
    262     41836   164   -3.452    4406     69     56  -0.7158  -0.8437  +0.2496  -1.0000
    263     41992   156   -4.352    1808     73     48  -0.8350  -1.0000  -0.5043  -1.0000
    264     42158   166   -6.123    4732     81     62  -0.7653  -0.7581  -0.2492  -1.0000
    265     42318   160   -6.017    2898     79     46  -0.8666  -1.0000  -0.7161  -1.0000
    266     42482   164   +6.812    6162     77     56  +0.2271  -0.3827  +0.6967  +0.9920
    267     42639   157   -6.353    3444     70     59  -0.8232  -1.0000  -0.4252  -1.0000
    268     42802   163   +3.732    5533     91     43  -0.0809  -0.5477  +0.1600  +0.5154
    269     42963   161   -4.829    4711     66     60  -0.7262  -0.7636  -0.1145  -1.0000
    270     43118   155   -4.132    2584     86     46  -0.8560  -1.0000  -0.4875  -1.0000
    271     43279   161   -5.246    1718     92     30  -0.9155  -1.0000  -1.0000  -1.0000
    272     43440   161   -4.169    3200     63     74  -0.8288  -1.0000  -0.5675  -1.0000
    273     43599   159   -4.920    1069     80     36  -0.8961  -1.0000  -1.0000  -1.0000
    274     43760   161   -4.700    1803     96     41  -0.8697  -1.0000  -0.4599  -1.0000
    275     43921   161   -6.645    4178     73     67  -0.7499  -0.9034  +0.1413  -1.0000
    276     44079   158   -6.068    3249     78     37  -0.8251  -1.0000  -0.3272  -1.0000
    277     44235   156   -5.578    3127     68     64  -0.8241  -1.0000  -0.4609  -1.0000
    278     44402   167   +6.222    6420     85     32  +0.1949  -0.3149  +0.7098  +0.8903
    279     44566   164   -3.789    4286     84     70  -0.7667  -0.8751  +0.0962  -1.0000
    280     44725   159   -7.147    3395     80     27  -0.8486  -1.0000  -0.5489  -1.0000
    281     44881   156   -4.772    2820     88     45  -0.7703  -1.0000  +0.3991  -1.0000
    282     45033   152   +6.509    5109     64     53  +0.1687  -0.6591  +0.6035  +0.9842
    283     45193   160   -5.035    1807     84     32  -0.9023  -1.0000  -1.0000  -1.0000
    284     45360   167   -4.096    1493     84     43  -0.8005  -1.0000  +0.0391  -1.0000
    285     45513   153   -4.078    2801     88     24  -0.7785  -1.0000  +0.2977  -1.0000
    286     45666   153   -5.294    1652     67     52  -0.8751  -1.0000  -1.0000  -1.0000
    287     45830   164   +4.400    5722     84     48  +0.0259  -0.4981  +0.1900  +0.7123
    288     45990   160   -5.514    4794     75     50  -0.6924  -0.7417  +0.3102  -1.0000
    289     46150   160   +7.373    6582     76     40  +0.2493  -0.2726  +0.5732  +1.0000
    290     46317   167   -5.806    3513     88     32  -0.8282  -1.0000  -0.1995  -1.0000
    291     46476   159   +1.491    5059     90     38  -0.1593  -0.6722  +0.0840  +0.4080
    292     46636   160   -3.607    4102     61     79  -0.7543  -0.9234  -0.0563  -1.0000
    293     46797   161   -4.967    1183     83     38  -0.9006  -1.0000  -1.0000  -1.0000
    294     46959   162   -4.916    4205     68     47  -0.7251  -0.8962  +0.2458  -1.0000
    295     47125   166   -4.656    2507     83     47  -0.8518  -1.0000  -0.5025  -1.0000
    296     47285   160   -4.858    4819     79     35  -0.6792  -0.7352  +0.4830  -1.0000
    297     47443   158   -4.661    2008     77     47  -0.8921  -1.0000  -1.0000  -1.0000
    298     47608   165   -5.482    3419     88     55  -0.8604  -1.0000  -0.4852  -1.0000
    299     47759   151   -5.345    2267     82     47  -0.8218  -1.0000  -0.2038  -1.0000
    300     47916   157   -5.016    3668     95     43  -0.7966  -1.0000  +0.2555  -1.0000

  ── rolling mean (last 100 ep) ──  cum_R=-3.557  yield=3591 kg/ha  N=79  W=49 mm  R_seas=-0.6606  R_ane=-0.7004

    301     48080   164   -5.773    4939     80     31  -0.7397  -0.7036  -0.1900  -1.0000
    302     48242   162   -5.108    4014     89     37  -0.8363  -0.9464  -0.3846  -1.0000
    303     48404   162   +7.642    6611     81     33  +0.2724  -0.2648  +0.8599  +1.0000
    304     48560   156   -5.995    3768     74     46  -0.7850  -1.0000  +0.0242  -1.0000
    305     48720   160   -4.857    1352     89     36  -0.9114  -1.0000  -1.0000  -1.0000
    306     48874   154   -6.588    2406     74     43  -0.8749  -1.0000  -0.8869  -1.0000
    307     49033   159   -4.552    2359     82     51  -0.7895  -1.0000  +0.1202  -1.0000
    308     49194   161   -3.515    1638    106     45  -0.8999  -1.0000  -0.6813  -1.0000
    309     49354   160   -6.327    3479     77     53  -0.8399  -1.0000  -0.4766  -1.0000
    310     49508   154   -5.969    3583     76     41  -0.8352  -1.0000  -0.4583  -1.0000
    311     49672   164   -5.022    4639     97     40  -0.6863  -0.7825  +0.8483  -1.0000
    312     49833   161   -4.518    1450     86     44  -0.9073  -1.0000  -1.0000  -1.0000
    313     49989   156   -5.163    1992     75     45  -0.8272  -1.0000  -0.3858  -1.0000
    314     50146   157   -2.638    2774     54     76  -0.7611  -1.0000  -0.0569  -1.0000
    315     50310   164   -4.487    1372     87     42  -0.9079  -1.0000  -1.0000  -1.0000
    316     50469   159   -5.002    3132     87     56  -0.7979  -1.0000  +0.1274  -1.0000
    317     50636   167   -4.907    4849     83     43  -0.7041  -0.7273  +0.2996  -1.0000
    318     50801   165   +5.465    5853     87     50  +0.0535  -0.4637  +0.5737  +0.6798
    319     50962   161   -5.799    2270     88     50  -0.8979  -1.0000  -0.8709  -1.0000
    320     51124   162   +6.748    6358     82     46  +0.2017  -0.3312  +0.5762  +0.9425
    321     51279   155   -5.117    4643     74     28  -0.6646  -0.7814  +0.6365  -1.0000
    322     51438   159   -3.877    3332     94     47  -0.8028  -1.0000  +0.1789  -1.0000
    323     51599   161   -4.978    4843     74     45  -0.7240  -0.7290  -0.0476  -1.0000
    324     51760   161   -6.450    3602     84     38  -0.8275  -1.0000  -0.2511  -1.0000
    325     51920   160   -4.873    4728     76     50  -0.6751  -0.7591  +0.5595  -1.0000
    326     52083   163   -4.598    1300     75     40  -0.8868  -1.0000  -1.0000  -1.0000
    327     52245   162   -4.893    1540     92     59  -0.9200  -1.0000  -1.0000  -1.0000
    328     52405   160   +7.733    7256     82     61  +0.2778  -0.0955  +0.5520  +1.0000
    329     52572   167   -4.759    3109    100     33  -0.8209  -1.0000  +0.0845  -1.0000
    330     52726   154   -5.044    1044     81     53  -0.8991  -1.0000  -1.0000  -1.0000
    331     52885   159   -6.632    4563     96     37  -0.7627  -0.8024  +0.1190  -1.0000
    332     53050   165   -5.427    3211     90     50  -0.8577  -1.0000  -0.4190  -1.0000
    333     53207   157   -2.205    3500     63     37  -0.6740  -1.0000  +0.9149  -1.0000
    334     53366   159   -5.898    4198     80     52  -0.7672  -0.8980  +0.0543  -1.0000
    335     53522   156   -5.610    1880     75     35  -0.8857  -1.0000  -1.0000  -1.0000
    336     53683   161   -5.178    1956     84     40  -0.9023  -1.0000  -1.0000  -1.0000
    337     53846   163   -6.409    3824     75     58  -0.8261  -0.9964  -0.3702  -1.0000
    338     54006   160   -4.983    3662     69     49  -0.8027  -1.0000  -0.2416  -1.0000
    339     54165   159   -5.339    2172     88     59  -0.8589  -1.0000  -0.4680  -1.0000
    340     54326   161   -6.704    2764     92     35  -0.8727  -1.0000  -0.5713  -1.0000
    341     54489   163   +6.155    5499     72     55  +0.1232  -0.5568  +0.3669  +0.9013
    342     54651   162   -4.653    2750     92     60  -0.8764  -1.0000  -0.5590  -1.0000
    343     54813   162   -6.332    2980     81     66  -0.8459  -1.0000  -0.4393  -1.0000
    344     54969   156   -5.308    4162     78     54  -0.7035  -0.9076  +0.6862  -1.0000
    345     55134   165   -5.869    1899     90     31  -0.9126  -1.0000  -1.0000  -1.0000
    346     55293   159   -6.162    2216     78     48  -0.8845  -1.0000  -0.9044  -1.0000
    347     55451   158   -5.955    3817     82     46  -0.7795  -0.9983  +0.2039  -1.0000
    348     55618   167   -4.978    4460    108     39  -0.7399  -0.8295  +0.4831  -1.0000
    349     55779   161   -4.951    1329     80     40  -0.8969  -1.0000  -1.0000  -1.0000
    350     55939   160   -5.400    4839     80     56  -0.7433  -0.7299  -0.1193  -1.0000
    351     56100   161   -4.078    1192     76     39  -0.8885  -1.0000  -1.0000  -1.0000
    352     56255   155   -3.546    3752     75     34  -0.7157  -1.0000  +0.7001  -1.0000
    353     56419   164   +7.809    6259     77     51  +0.2472  -0.3573  +0.7820  +1.0000
    354     56581   162   -3.916    4796     67     52  -0.6456  -0.7413  +0.6494  -1.0000
    355     56736   155   -5.631    1437     74     36  -0.8787  -1.0000  -0.9330  -1.0000
    356     56896   160   -3.268    3384     69     67  -0.7244  -1.0000  +0.5690  -1.0000
    357     57062   166   -5.765    3144     70     43  -0.8595  -1.0000  -0.8139  -1.0000
    358     57223   161   -2.911    2602     76     42  -0.7113  -1.0000  +0.7878  -1.0000
    359     57387   164   +5.210    6037     98     54  +0.0262  -0.4155  +0.9322  +0.5409
    360     57545   158   -6.033    3713     85     56  -0.8509  -1.0000  -0.4401  -1.0000
    361     57709   164   -5.782    3597     94     36  -0.8764  -1.0000  -0.5714  -1.0000
    362     57875   166   -6.768    3243    104     45  -0.8983  -1.0000  -0.6656  -1.0000
    363     58031   156   -5.858    2546     96     39  -0.9007  -1.0000  -0.7753  -1.0000
    364     58194   163   -5.983    4372     78     38  -0.7048  -0.8526  +0.5040  -1.0000
    365     58349   155   -5.678    3897     74     50  -0.7231  -0.9773  +0.5783  -1.0000
    366     58516   167   -3.541    3027    112     33  -0.8481  -1.0000  -0.1818  -1.0000
    367     58683   167   +2.985    5443     85     38  -0.0534  -0.5713  +0.0525  +0.5973
    368     58844   161   -5.931    3764     93     49  -0.8268  -1.0000  -0.0715  -1.0000
    369     58996   152   -4.921    3721     78     36  -0.7622  -1.0000  +0.2876  -1.0000
    370     59156   160   +5.718    5542     74     36  +0.1700  -0.5453  +0.9596  +0.8645
    371     59317   161   -5.540    4515     77     55  -0.7564  -0.8150  -0.0923  -1.0000
    372     59477   160   -5.664    2598     78     36  -0.8795  -1.0000  -0.8824  -1.0000
    373     59636   159   -6.312    4794    106     41  -0.7612  -0.7418  +0.0535  -1.0000
    374     59796   160   +2.714    5152     82     39  -0.0423  -0.6478  +0.3909  +0.5739
    375     59956   160   -4.579    1645    100     33  -0.9181  -1.0000  -0.8866  -1.0000
    376     60112   156   +1.523    5043     88     40  -0.1872  -0.6765  -0.2677  +0.4241
    377     60269   157   +5.734    5162     72     69  +0.0211  -0.6451  +0.0451  +0.7866
    378     60426   157   -6.197    3754     85     41  -0.8328  -1.0000  -0.2847  -1.0000
    379     60586   160   +2.943    5140     95     40  -0.0930  -0.6510  +1.0000  +0.3544
    380     60748   162   -2.467    3962     86     36  -0.7471  -0.9600  +0.4801  -1.0000
    381     60908   160   -4.575    1677     90     41  -0.8927  -1.0000  -0.7973  -1.0000
    382     61062   154   -5.695    1775     87     33  -0.8128  -1.0000  -0.0623  -1.0000
    383     61221   159   -5.287    1833     92     37  -0.8793  -1.0000  -0.6254  -1.0000
    384     61386   165   +7.539    7332     97     67  +0.2401  -0.0756  +0.8089  +0.8938
    385     61534   148   -4.663    4464     78     43  -0.6733  -0.8284  +0.7592  -1.0000
    386     61694   160   -4.307    3740     81     36  -0.8103  -1.0000  -0.1292  -1.0000
    387     61852   158   -5.150    4380     60     70  -0.7344  -0.8504  -0.0575  -1.0000
    388     62006   154   -3.045    3398     88     32  -0.7182  -1.0000  +0.8973  -1.0000
    389     62171   165   +4.284    5583     87     43  -0.0188  -0.5347  +0.3553  +0.5968
    390     62328   157   +5.084    5062     82     49  -0.0172  -0.6713  +0.8307  +0.5453
    391     62488   160   -6.479    4503     87     35  -0.7784  -0.8181  -0.1611  -1.0000
    392     62648   160   +2.498    5091     86     37  -0.1307  -0.6637  +0.0151  +0.4756
    393     62802   154   +5.647    5571     83     29  +0.0455  -0.5378  +0.5525  +0.6843
    394     62960   158   -5.408    2022     93     56  -0.9140  -1.0000  -0.9334  -1.0000
    395     63119   159   -5.124    4474     86     35  -0.7282  -0.8258  +0.3416  -1.0000
    396     63282   163   -5.138    1403     92     32  -0.8740  -1.0000  -0.5737  -1.0000
    397     63443   161   -6.667    4347     90     45  -0.8008  -0.8592  -0.2122  -1.0000
    398     63600   157   -6.346    3035    104     25  -0.9173  -1.0000  -0.8860  -1.0000
    399     63762   162   -5.831    3773     84     30  -0.7915  -1.0000  +0.1073  -1.0000
    400     63932   170   -6.083    4510    104     31  -0.8189  -0.8163  -0.3514  -1.0000

  ── rolling mean (last 100 ep) ──  cum_R=-3.315  yield=3651 kg/ha  N=84  W=44 mm  R_seas=-0.6553  R_ane=-0.6914

    401     64091   159   -4.090    3182     88     34  -0.8132  -1.0000  -0.0468  -1.0000
    402     64252   161   -6.060    3314     88     39  -0.8632  -1.0000  -0.5294  -1.0000
    403     64417   165   +6.518    5660     82     47  +0.0976  -0.5144  +0.8331  +0.7323
    404     64577   160   -5.967    4345     74     60  -0.7202  -0.8595  +0.3377  -1.0000
    405     64738   161   +6.327    5873     79     64  +0.1224  -0.4586  +0.3919  +0.8632
    406     64896   158   -4.900    4414     98     39  -0.7873  -0.8415  -0.0023  -1.0000
    407     65056   160   +4.685    5700     92     45  -0.0083  -0.5041  +0.6351  +0.5537
    408     65219   163   +3.846    5245     90     35  -0.0358  -0.6235  +0.9764  +0.4616
    409     65376   157   -3.733     814     96     27  -0.9155  -1.0000  -0.9381  -1.0000
    410     65532   156   -4.821    4240     68     48  -0.6952  -0.8872  +0.5222  -1.0000
    411     65686   154   -3.645    1600     84     28  -0.8953  -1.0000  -0.9438  -1.0000
    412     65845   159   -6.273    4741     81     34  -0.7610  -0.7557  -0.2562  -1.0000
    413     66009   164   -4.892    3432     82     79  -0.8685  -1.0000  -0.6332  -1.0000
    414     66169   160   -4.289    4886     78     45  -0.6424  -0.7177  +0.8041  -1.0000
    415     66322   153   +2.932    5521     94     48  -0.0785  -0.5510  +0.4046  +0.4746
    416     66483   161   -5.395    1231     93     38  -0.9178  -1.0000  -1.0000  -1.0000
    417     66644   161   -3.050    4743     69     50  -0.6764  -0.7552  +0.3988  -1.0000
    418     66799   155   -5.622    4664     86     48  -0.7218  -0.7757  +0.2969  -1.0000
    419     66966   167   +7.901    7004     84     50  +0.2632  -0.1616  +0.5776  +1.0000
    420     67123   157   -5.132    2932     99     47  -0.8665  -1.0000  -0.3649  -1.0000
    421     67283   160   +5.446    6687     93     44  +0.1015  -0.2449  +0.1053  +0.8028
    422     67438   155   -4.161    2058     74     29  -0.8192  -1.0000  -0.3559  -1.0000
    423     67601   163   -2.924    4235     72     57  -0.7206  -0.8883  +0.3515  -1.0000
    424     67759   158   -5.266    2522    100     27  -0.8587  -1.0000  -0.2968  -1.0000
    425     67923   164   +3.620    5734     88     48  +0.0127  -0.4949  +0.4947  +0.6220
    426     68083   160   +3.733    5622     82     45  +0.0376  -0.5244  +0.3198  +0.7167
    427     68244   161   -5.008    2841    101     34  -0.8371  -1.0000  -0.0703  -1.0000
    428     68411   167   +3.636    5477     90     67  -0.0958  -0.5624  +0.0719  +0.5146
    429     68570   159   -6.297    3326     89     39  -0.8604  -1.0000  -0.4860  -1.0000
    430     68728   158   -5.604    4996     89     33  -0.7091  -0.6886  +0.2340  -1.0000
    431     68889   161   +8.703    6044     72     61  +0.2386  -0.4136  +0.7657  +1.0000
    432     69051   162   +5.030    5584     82     54  -0.0175  -0.5343  -0.1792  +0.7119
    433     69215   164   -6.482    2982     88     34  -0.8419  -1.0000  -0.3249  -1.0000
    434     69377   162   -4.318    3220     99     35  -0.8246  -1.0000  +0.0383  -1.0000
    435     69542   165   -3.215    4298     78     53  -0.7129  -0.8720  +0.4912  -1.0000
    436     69699   157   -5.877    4605     92     29  -0.7916  -0.7914  -0.2768  -1.0000
    437     69859   160   -4.131    2184     81     42  -0.8084  -1.0000  -0.0970  -1.0000
    438     70015   156   -5.110    1934     74     39  -0.8630  -1.0000  -0.7791  -1.0000
    439     70170   155   -5.046    2295    101     49  -0.9323  -1.0000  -1.0000  -1.0000
    440     70331   161   -6.855    4084     85     39  -0.7703  -0.9282  +0.1640  -1.0000
    441     70486   155   -5.612    1275     82     39  -0.8930  -1.0000  -0.9376  -1.0000
    442     70646   160   -4.244    2694     90     40  -0.7365  -1.0000  +0.7618  -1.0000
    443     70803   157   +6.010    5396     75     50  +0.0909  -0.5836  +0.5205  +0.8073
    444     70961   158   -5.748    4700     85     55  -0.7110  -0.7665  +0.3794  -1.0000
    445     71122   161   -5.201    4966     98     52  -0.7701  -0.6967  -0.1607  -1.0000
    446     71288   166   +3.733    5438     84     39  -0.0173  -0.5728  +0.2624  +0.6287
    447     71449   161   +0.077    5204    102     41  -0.2295  -0.6342  -0.0169  +0.2797
    448     71603   154   +3.990    5772     88     58  -0.0204  -0.4851  +0.0837  +0.6381
    449     71761   158   -6.747    2625     87     33  -0.9079  -1.0000  -1.0000  -1.0000
    450     71926   165   -4.229    4524     95     54  -0.7655  -0.8127  +0.1226  -1.0000
    451     72082   156   -5.976    2953     85     40  -0.8704  -1.0000  -0.6620  -1.0000
    452     72238   156   +3.224    5136     86     62  -0.0819  -0.6520  +0.3975  +0.5009
    453     72397   159   -5.650    4202     92     43  -0.8245  -0.8972  -0.3360  -1.0000
    454     72556   159   +7.994    7769     97     57  +0.2998  +0.0391  +0.6774  +1.0000
    455     72717   161   -3.722    1806     81     42  -0.8983  -1.0000  -1.0000  -1.0000
    456     72877   160   -6.359    3887     85     41  -0.8042  -0.9799  -0.0414  -1.0000
    457     73029   152   +5.228    6628     90     58  +0.1367  -0.2605  +0.3438  +0.8351
    458     73189   160   -4.591    1177     94     44  -0.9117  -1.0000  -0.9005  -1.0000
    459     73353   164   +4.960    6507     96     48  +0.1167  -0.2922  +0.8326  +0.7023
    460     73511   158   +6.816    6450     92     43  +0.1187  -0.3070  +0.6046  +0.7555
    461     73672   161   -6.349    4630    105     48  -0.7914  -0.7848  -0.1302  -1.0000
    462     73831   159   +4.928    6052     82     50  +0.0987  -0.4115  +0.1761  +0.8389
    463     73991   160   -5.253    4285     91     56  -0.8028  -0.8752  -0.1650  -1.0000
    464     74151   160   -1.441    4815     74     51  -0.6672  -0.7362  +0.5314  -1.0000
    465     74309   158   +3.873    5382     78     47  +0.0020  -0.5873  +0.0708  +0.7154
    466     74468   159   +3.822    5566     88     49  -0.0318  -0.5392  +0.2818  +0.5884
    467     74633   165   +2.745    5885    102     56  -0.1264  -0.4555  -0.0748  +0.4460
    468     74787   154   -4.142    4488     74     42  -0.7217  -0.8219  +0.1935  -1.0000
    469     74942   155   -3.447    4238     83     46  -0.6920  -0.8877  +0.8210  -1.0000
    470     75106   164   -3.511    3094     86     41  -0.7402  -1.0000  +0.6682  -1.0000
    471     75263   157   -4.476    1051     88     42  -0.9097  -1.0000  -1.0000  -1.0000
    472     75420   157   -2.734    4856     83     54  -0.6767  -0.7256  +0.5783  -1.0000
    473     75580   160   -5.262    2645     92     42  -0.8661  -1.0000  -0.4856  -1.0000
    474     75736   156   -5.789    2334    104     50  -0.9325  -1.0000  -1.0000  -1.0000
    475     75894   158   -5.823    2242     79     41  -0.8949  -1.0000  -1.0000  -1.0000
    476     76056   162   -4.803     939    113     37  -0.9306  -1.0000  -1.0000  -1.0000
    477     76209   153   -6.129    4783     86     64  -0.7437  -0.7447  +0.0205  -1.0000
    478     76370   161   -5.888    3147     90     55  -0.9027  -1.0000  -0.8635  -1.0000
    479     76528   158   -6.172    4726     87     45  -0.7179  -0.7595  +0.3045  -1.0000
    480     76690   162   +2.371    5158    112     60  -0.2559  -0.6463  +0.2706  +0.1565
    481     76846   156   -6.451    3498     86     47  -0.8351  -1.0000  -0.2845  -1.0000
    482     77001   155   -4.525    3034     83     53  -0.7840  -1.0000  +0.1951  -1.0000
    483     77154   153   -4.276    1657     81     45  -0.8985  -1.0000  -1.0000  -1.0000
    484     77316   162   -5.530    3081    106     44  -0.8589  -1.0000  -0.2737  -1.0000
    485     77479   163   -5.918    2842     92     54  -0.9052  -1.0000  -0.8571  -1.0000
    486     77640   161   -4.946    2373    101     44  -0.7986  -1.0000  +0.3297  -1.0000
    487     77799   159   -4.479    3171    116     51  -0.7787  -1.0000  +0.5388  -1.0000
    488     77955   156   -5.755    4280     88     60  -0.8108  -0.8765  -0.2949  -1.0000
    489     78115   160   -3.776    1928     97     49  -0.8209  -1.0000  +0.0669  -1.0000
    490     78280   165   -5.587    4158     83     54  -0.8007  -0.9087  -0.1945  -1.0000
    491     78439   159   +8.159    5618     75     63  +0.1718  -0.5254  +0.8965  +0.8835
    492     78596   157   -3.697    3917     64     47  -0.7312  -0.9719  +0.3022  -1.0000
    493     78761   165   +7.259    7876    108     61  +0.2338  +0.0673  +0.6859  +0.8314
    494     78917   156   -3.707    3055     82     43  -0.7560  -1.0000  +0.4440  -1.0000
    495     79074   157   +2.465    5236     88     54  -0.1371  -0.6257  -0.1777  +0.4959
    496     79234   160   +5.654    5234     77     63  -0.0132  -0.6262  +0.0937  +0.6963
    497     79391   157   +2.495    5426     92     60  -0.1174  -0.5757  +0.0949  +0.4690
    498     79548   157   -6.119    4737     77     55  -0.7220  -0.7568  +0.1040  -1.0000
    499     79711   163   +0.761    5073    101     52  -0.2307  -0.6685  +0.1780  +0.2532
    500     79864   153   -5.014    1251     98     60  -0.9298  -1.0000  -1.0000  -1.0000

  ── rolling mean (last 100 ep) ──  cum_R=-1.883  yield=4111 kg/ha  N=88  W=47 mm  R_seas=-0.5436  R_ane=-0.4702

    501     80023   159   -5.645    3869     83     58  -0.8497  -0.9846  -0.4877  -1.0000
    502     80191   168   +5.994    7209    104     59  +0.0917  -0.1079  +0.1016  +0.7310
    503     80350   159   -5.263    4161     89     59  -0.8348  -0.9080  -0.4246  -1.0000
    504     80512   162   -4.692    3322     80     52  -0.7948  -1.0000  +0.0382  -1.0000
    505     80682   170   +3.927    6346    107     49  -0.0334  -0.3345  +0.4046  +0.4804
    506     80842   160   +4.367    5624     88     58  -0.0630  -0.5239  -0.0758  +0.5961
    507     81000   158   -5.261    2023    113     46  -0.9318  -1.0000  -1.0000  -1.0000
    508     81167   167   -4.461    2504     80     43  -0.8336  -1.0000  -0.3695  -1.0000
    509     81330   163   -6.140    3966     85     43  -0.8307  -0.9592  -0.3542  -1.0000
    510     81490   160   -3.750    3464     74     46  -0.7945  -1.0000  -0.0875  -1.0000
    511     81655   165   -4.008    2115    120     57  -0.9335  -1.0000  -1.0000  -1.0000
    512     81825   170   -2.868    3654    100     54  -0.7331  -1.0000  +1.0000  -1.0000
    513     81987   162   -3.658    2228     72     51  -0.8304  -1.0000  -0.4582  -1.0000
    514     82143   156   +5.982    6303     81     55  +0.1957  -0.3458  +0.5504  +0.9431
    515     82302   159   +6.847    6630     89     57  +0.2030  -0.2599  +0.8640  +0.8644
    516     82463   161   -6.144    3704     85     63  -0.8346  -1.0000  -0.2594  -1.0000
    517     82618   155   -4.890    1930     78     52  -0.8299  -1.0000  -0.3641  -1.0000
    518     82774   156   -6.114    3420     83     58  -0.8651  -1.0000  -0.6128  -1.0000
    519     82937   163   +1.770    5272     90     58  -0.1165  -0.6164  +0.1593  +0.4685
    520     83100   163   -5.600    4190     96     57  -0.7722  -0.9003  +0.2905  -1.0000
    521     83262   162   -6.248    3210    105     58  -0.8868  -1.0000  -0.5313  -1.0000
    522     83421   159   +4.197    5310     91     50  -0.0342  -0.6062  +1.0000  +0.4601
    523     83587   166   -3.495    4188     86     71  -0.7942  -0.9009  -0.0770  -1.0000
    524     83750   163   -4.956    2639    100     55  -0.9164  -1.0000  -0.8364  -1.0000
    525     83909   159   -5.776    3892     96     62  -0.8464  -0.9785  -0.2445  -1.0000
    526     84066   157   -4.270    3288     92     58  -0.8287  -1.0000  -0.0903  -1.0000
    527     84223   157   +5.822    5614     80     56  +0.1153  -0.5265  +0.9177  +0.7581
    528     84382   159   -5.961    4810    104     69  -0.7750  -0.7376  -0.0524  -1.0000
    529     84541   159   +4.175    5498     92     54  -0.0711  -0.5569  +0.3852  +0.4961
    530     84702   161   -6.120    4809    108     72  -0.8070  -0.7379  -0.3676  -1.0000
    531     84862   160   -4.483    2155     82     59  -0.8530  -1.0000  -0.5020  -1.0000
    532     85024   162   +3.405    5510    104     64  -0.0910  -0.5537  +1.0000  +0.3301
    533     85180   156   +8.434    7436     79     65  +0.3128  -0.0482  +0.7350  +1.0000
    534     85344   164   -4.727    1208     84     51  -0.9049  -1.0000  -1.0000  -1.0000
    535     85501   157   -5.025    2545     95     67  -0.9003  -1.0000  -0.7431  -1.0000
    536     85654   153   -5.426    4601     84     53  -0.7099  -0.7925  +0.4270  -1.0000
    537     85813   159   -4.211    3517     91     58  -0.8113  -1.0000  +0.0655  -1.0000
    538     85973   160   -6.192    4593     88     45  -0.7488  -0.7945  +0.0997  -1.0000
    539     86136   163   +2.669    5179     89     58  -0.0907  -0.6408  +0.4878  +0.4612
    540     86295   159   -5.936    4114     82     55  -0.7982  -0.9201  -0.1567  -1.0000
    541     86452   157   -4.553    3246    105     66  -0.8398  -1.0000  -0.0495  -1.0000
    542     86618   166   +5.439    6395     93     58  +0.1107  -0.3216  +0.7103  +0.7270
    543     86779   161   -4.085    3369     81     56  -0.8166  -1.0000  -0.1606  -1.0000
    544     86937   158   +2.711    5390     82     70  -0.0338  -0.5853  +0.0568  +0.6506
    545     87104   167   -6.565    4404    111     64  -0.8029  -0.8442  -0.0734  -1.0000
    546     87257   153   -4.264    4149     80     55  -0.7238  -0.9110  +0.5197  -1.0000
    547     87420   163   -6.082    2864     78     54  -0.8288  -1.0000  -0.3450  -1.0000
    548     87581   161   -5.396    2242     98     51  -0.8009  -1.0000  +0.2889  -1.0000
    549     87742   161   -6.236    4922     79     58  -0.7226  -0.7082  +0.0218  -1.0000
    550     87906   164   -3.711    4522     81     58  -0.6988  -0.8132  +0.5504  -1.0000
    551     88067   161   +6.272    7040    101     65  +0.1655  -0.1522  +0.8951  +0.7470
    552     88221   154   -5.559    3982     92     58  -0.8070  -0.9548  +0.0059  -1.0000
    553     88380   159   -5.618    1829     92     59  -0.9200  -1.0000  -1.0000  -1.0000
    554     88541   161   +3.381    5139     86     64  -0.0989  -0.6512  +0.2544  +0.4959
    555     88712   171   -5.586    2086     87     54  -0.9097  -1.0000  -1.0000  -1.0000
    556     88877   165   -3.574    2016     84     71  -0.8644  -1.0000  -0.5625  -1.0000
    557     89038   161   -5.226    2161     91     56  -0.8124  -1.0000  +0.0561  -1.0000
    558     89197   159   -6.612    3276     87     63  -0.8784  -1.0000  -0.6711  -1.0000
    559     89360   163   -5.686    2785     83     74  -0.9044  -1.0000  -0.9800  -1.0000
    560     89523   163   -3.378    1952     74     63  -0.8396  -1.0000  -0.5090  -1.0000
    561     89685   162   -4.198    4792     90     59  -0.7366  -0.7422  +0.1553  -1.0000
    562     89848   163   -5.590    1841     87     60  -0.9112  -1.0000  -1.0000  -1.0000
    563     90010   162   -3.863    2816    109     53  -0.7434  -1.0000  +0.8946  -1.0000
    564     90169   159   -6.562    4751     84     61  -0.7558  -0.7531  -0.1229  -1.0000
    565     90328   159   -6.195    3828     86     77  -0.8532  -0.9953  -0.4269  -1.0000
    566     90489   161   +4.400    5550     77     57  +0.0329  -0.5434  -0.0486  +0.7940
    567     90654   165   -3.439    4803     95     68  -0.6623  -0.7393  +0.9935  -1.0000
    568     90813   159   -5.420    2415     96     61  -0.8826  -1.0000  -0.5474  -1.0000
    569     90978   165   -5.853    3743     97     67  -0.8809  -1.0000  -0.5134  -1.0000
    570     91137   159   -4.791    2930     96     53  -0.8881  -1.0000  -0.6172  -1.0000
    571     91295   158   -3.967    4269     86     74  -0.7877  -0.8796  -0.0709  -1.0000
    572     91453   158   -6.407    4145     74     58  -0.7984  -0.9122  -0.3112  -1.0000
    573     91613   160   -5.112    4272     81     73  -0.7205  -0.8788  +0.5180  -1.0000
    574     91770   157   -5.445    2208     83     64  -0.9042  -1.0000  -1.0000  -1.0000
    575     91932   162   -6.003    3833     88     60  -0.8283  -0.9940  -0.1723  -1.0000
    576     92091   159   -6.277    3366     76     49  -0.8350  -1.0000  -0.4466  -1.0000
    577     92249   158   -2.091    3979     70     56  -0.6953  -0.9557  +0.7490  -1.0000
    578     92405   156   -4.121    3776     62     64  -0.7283  -1.0000  +0.4077  -1.0000
    579     92567   162   -4.371    4528     91     60  -0.7352  -0.8115  +0.3563  -1.0000
    580     92719   152   -5.606    4382     68     61  -0.6968  -0.8498  +0.4417  -1.0000
    581     92875   156   -3.510    2000     99     68  -0.8275  -1.0000  +0.0635  -1.0000
    582     93036   161   +2.009    5019    107     64  -0.2100  -0.6828  +0.7476  +0.1763
    583     93196   160   -5.523    3757     90     72  -0.8336  -1.0000  -0.1539  -1.0000
    584     93353   157   -3.335    4249     79     73  -0.7534  -0.8848  +0.1672  -1.0000
    585     93506   153   -5.877    1969     86     56  -0.9096  -1.0000  -1.0000  -1.0000
    586     93662   156   -4.296    4919     74     57  -0.6698  -0.7090  +0.4561  -1.0000
    587     93826   164   -6.442    3621     95     57  -0.8460  -1.0000  -0.2062  -1.0000
    588     93982   156   -5.957    3227     81     73  -0.8015  -1.0000  +0.0110  -1.0000
    589     94144   162   +3.319    5097     84     77  -0.1327  -0.6621  -0.1283  +0.5118
    590     94310   166   -4.953    4922    116     80  -0.7080  -0.7082  +0.5605  -1.0000
    591     94464   154   -4.353    2756     78     73  -0.8369  -1.0000  -0.3980  -1.0000
    592     94622   158   -5.274    1345     80     71  -0.8994  -1.0000  -0.9878  -1.0000
    593     94784   162   -5.668    3867     72     59  -0.8220  -0.9851  -0.4075  -1.0000
    594     94949   165   +7.022    5830     91     67  +0.0485  -0.4697  +0.9768  +0.5955
    595     95109   160   -6.503    4779    106     82  -0.7989  -0.7457  -0.2518  -1.0000
    596     95263   154   +6.986    5291     59     64  +0.2077  -0.6114  +0.7387  +1.0000
    597     95419   156   -4.450    2021     78     61  -0.8323  -1.0000  -0.3679  -1.0000
    598     95573   154   -6.434    2476     75     66  -0.8202  -1.0000  -0.2887  -1.0000
    599     95733   160   -4.680    1127     88     57  -0.9117  -1.0000  -1.0000  -1.0000
    600     95893   160   -4.182    1918    108     89  -0.9383  -1.0000  -1.0000  -1.0000

  ── rolling mean (last 100 ep) ──  cum_R=-3.011  yield=3862 kg/ha  N=88  W=61 mm  R_seas=-0.6416  R_ane=-0.6571

    601     96052   159   -3.257    4819     71     57  -0.6208  -0.7353  +0.9619  -1.0000
    602     96205   153   -6.311    3136     61     51  -0.7684  -1.0000  -0.0423  -1.0000
    603     96365   160   -6.497    4423     91     60  -0.8121  -0.8391  -0.3393  -1.0000
    604     96523   158   -6.820    4335     94     62  -0.7952  -0.8622  -0.0575  -1.0000
    605     96680   157   -5.811    4035     87     62  -0.8272  -0.9409  -0.3035  -1.0000
    606     96841   161   +8.526    6009     78     86  +0.1586  -0.4228  +0.4761  +0.9167
    607     97005   164   -4.715    1731    107     69  -0.9354  -1.0000  -1.0000  -1.0000
    608     97169   164   -5.580    2893     52     63  -0.8004  -1.0000  -0.5024  -1.0000
    609     97325   156   -2.973    3724     75     64  -0.7346  -1.0000  +0.5664  -1.0000
    610     97490   165   +0.581    5122     99     63  -0.2010  -0.6557  +0.2935  +0.2915
    611     97651   161   -6.140    4810    103     72  -0.7355  -0.7375  +0.3464  -1.0000
    612     97810   159   +3.326    5097     80     68  -0.0709  -0.6622  +0.0889  +0.5906
    613     97971   161   +9.664    6563     78     78  +0.2683  -0.2773  +0.8556  +1.0000
    614     98131   160   -4.318    2451     97     64  -0.8537  -1.0000  -0.2424  -1.0000
    615     98286   155   -3.511    4718     73     54  -0.6339  -0.7617  +0.9285  -1.0000
    616     98446   160   -3.894    2200    108     76  -0.8589  -1.0000  -0.2240  -1.0000
    617     98606   160   -5.108    3786    106     75  -0.8616  -1.0000  -0.2534  -1.0000
    618     98770   164   -5.272    3316     87     84  -0.8736  -1.0000  -0.5804  -1.0000
    619     98930   160   -3.934    2702    112     70  -0.8504  -1.0000  -0.1489  -1.0000
    620     99089   159   -0.670    5171    125     88  -0.3581  -0.6428  -0.2330  +0.0351
    621     99246   157   -5.187    3678    105     61  -0.8504  -1.0000  -0.1632  -1.0000
    622     99408   162   -3.656    3200    101     60  -0.8342  -1.0000  -0.0023  -1.0000
    623     99572   164   +8.452    6746     84     85  +0.2140  -0.2295  +0.3054  +1.0000
    624     99735   163   +5.114    5983     84     82  +0.0852  -0.4296  +0.4041  +0.7789
    625     99898   163   +6.981    6070     83     79  +0.1570  -0.4067  +0.8457  +0.8281
    626    100058   160   -4.945    3275    106     76  -0.8602  -1.0000  -0.2386  -1.0000
    627    100222   164   -3.522    2995    101     94  -0.8993  -1.0000  -0.6022  -1.0000
    628    100381   159   -4.547    4639     73     71  -0.7080  -0.7825  +0.2543  -1.0000
    629    100547   166   +4.266    5780     89     67  -0.0182  -0.4830  +0.1769  +0.6260
    630    100604    57   -8.416       0     23     20  -0.7936  -1.0000  -1.0000  -1.0000
    631    100770   166   -6.467    3321    108     84  -0.8908  -1.0000  -0.5313  -1.0000
    632    100934   164   +3.850    5903    106     57  -0.0386  -0.4507  +1.0000  +0.3942
    633    101091   157   -4.601    2126     93     55  -0.8764  -1.0000  -0.5615  -1.0000
    634    101251   160   -6.564    2122     97     56  -0.9229  -1.0000  -0.9510  -1.0000
    635    101416   165   -4.352    4424    110     92  -0.7709  -0.8389  +0.2765  -1.0000
    636    101577   161   -4.923    4504    116     70  -0.7687  -0.8180  +0.2133  -1.0000
    637    101732   155   -4.119    4770     76     79  -0.7031  -0.7480  +0.2949  -1.0000
    638    101899   167   -5.435    4311    100     83  -0.8079  -0.8685  -0.0364  -1.0000
    639    102060   161   -5.018    1661    123     81  -0.9371  -1.0000  -1.0000  -1.0000
    640    102223   163   +5.412    7016    111     93  +0.0633  -0.1585  +0.6017  +0.5793
    641    102380   157   +2.790    5905     97     78  -0.0910  -0.4502  -0.0408  +0.5185
    642    102542   162   -5.691    2696     87     64  -0.8299  -1.0000  -0.1816  -1.0000
    643    102707   165   -6.880    4195    102     60  -0.8341  -0.8989  -0.2526  -1.0000
    644    102871   164   +9.073    6021     76    104  +0.1658  -0.4196  +0.2104  +0.9934
    645    103036   165   +7.938    6352     81     76  +0.2404  -0.3327  +0.9320  +0.9592
    646    103206   170   -4.182    2613    104     81  -0.8519  -1.0000  -0.1478  -1.0000
    647    103366   160   -4.710    2148    118     76  -0.9364  -1.0000  -1.0000  -1.0000
    648    103527   161   +1.953    5027     91    101  -0.2287  -0.6805  -0.3318  +0.3745
    649    103687   160   -4.326    2791    105     92  -0.9287  -1.0000  -0.8993  -1.0000
    650    103850   163   +1.992    5288     92     92  -0.1386  -0.6121  +0.1347  +0.4387
    651    104016   166   -6.106    3756     81     84  -0.8733  -1.0000  -0.6880  -1.0000
    652    104174   158   +5.144    5880     80     89  +0.0894  -0.4567  +0.2350  +0.8342
    653    104337   163   +3.317    5644     96     88  -0.1022  -0.5185  +0.1949  +0.4721
    654    104496   159   +4.641    5817     87     76  +0.0519  -0.4733  +0.6655  +0.6690
    655    104657   161   -5.907    4372    105     72  -0.8019  -0.8526  -0.0297  -1.0000
    656    104814   157   +7.216    6568     81     82  +0.2407  -0.2761  +0.6362  +1.0000
    657    104978   164   +3.624    5650     88     79  +0.0013  -0.5170  +0.5045  +0.6131
    658    105137   159   -5.430    3920     89     84  -0.8822  -0.9712  -0.7100  -1.0000
    659    105297   160   +3.948    5670    106     68  -0.0785  -0.5119  +1.0000  +0.3368
    660    105457   160   -5.198    2901     81     85  -0.8583  -1.0000  -0.5400  -1.0000
    661    105627   170   -4.689    2684     91     58  -0.8549  -1.0000  -0.3691  -1.0000
    662    105794   167   +6.915    5662     72    110  +0.1198  -0.5138  +0.0864  +0.9568
    663    105948   154   -6.230    3936     84     81  -0.8644  -0.9671  -0.6329  -1.0000
    664    106110   162   -5.887    4131     82     80  -0.8369  -0.9156  -0.5243  -1.0000
    665    106270   160   -4.458    1452     97     81  -0.9314  -1.0000  -1.0000  -1.0000
    666    106424   154   -5.180    1924    100     69  -0.9354  -1.0000  -1.0000  -1.0000
    667    106586   162   -4.425    4750     88     87  -0.7441  -0.7534  +0.1074  -1.0000
    668    106741   155   +3.293    5257     86     71  -0.0545  -0.6202  +0.4966  +0.5298
    669    106895   154   -5.887    3426     83     93  -0.8428  -1.0000  -0.3396  -1.0000
    670    107052   157   -5.725    2156     81     83  -0.8834  -1.0000  -0.7896  -1.0000
    671    107210   158   +3.423    5249     77     98  +0.0067  -0.6224  +0.3352  +0.6970
    672    107368   158   -5.326    4231     76    105  -0.8169  -0.8895  -0.4515  -1.0000
    673    107525   157   -3.086    4356     85     87  -0.6791  -0.8568  +0.9765  -1.0000
    674    107687   162   -5.749    4131     86     71  -0.7906  -0.9159  -0.0012  -1.0000
    675    107847   160   -4.546    2539     78    101  -0.8554  -1.0000  -0.5281  -1.0000
    676    108011   164   -5.989    4928    102    102  -0.7892  -0.7064  -0.2230  -1.0000
    677    108170   159   -5.515    3764     84     95  -0.8663  -1.0000  -0.5524  -1.0000
    678    108333   163   -4.653    3762     94    100  -0.8465  -1.0000  -0.1648  -1.0000
    679    108495   162   +2.799    5021     85     90  -0.1032  -0.6821  +0.4144  +0.4716
    680    108651   156   -4.678    2460     63     89  -0.8185  -1.0000  -0.4514  -1.0000
    681    108807   156   -5.781    4316     81     84  -0.8094  -0.8671  -0.3841  -1.0000
    682    108971   164   -5.377    3158    112     80  -0.8949  -1.0000  -0.5787  -1.0000
    683    109130   159   -5.572    4737     96     90  -0.7214  -0.7568  +0.4910  -1.0000
    684    109290   160   -5.612    2481     92     96  -0.9200  -1.0000  -0.9391  -1.0000
    685    109452   162   -3.713    1663    104    100  -0.9400  -1.0000  -1.0000  -1.0000
    686    109608   156   -6.671    3090     73     88  -0.8516  -1.0000  -0.6005  -1.0000
    687    109760   152   -4.366    3767     68     94  -0.7463  -1.0000  +0.3637  -1.0000
    688    109917   157   -5.946    2136     82     91  -0.9071  -1.0000  -1.0000  -1.0000
    689    110076   159   -3.466    4817     92     90  -0.7138  -0.7356  +0.4452  -1.0000
    690    110237   161   -5.336    4324     93    113  -0.8326  -0.8651  -0.3720  -1.0000
    691    110396   159   +7.002    6699     78     90  +0.2670  -0.2417  +0.7724  +1.0000
    692    110553   157   -4.583    4679     51     96  -0.6732  -0.7718  +0.2403  -1.0000
    693    110709   156   -5.635    4283     68     90  -0.7219  -0.8759  +0.3044  -1.0000
    694    110869   160   +8.020    5317     55    120  +0.1512  -0.6044  +0.1683  +1.0000
    695    111029   160   -4.110     987    112     91  -0.9386  -1.0000  -1.0000  -1.0000
    696    111188   159   -3.611    2634     50    122  -0.8424  -1.0000  -0.8648  -1.0000
    697    111351   163   -7.100    4205     91     96  -0.8280  -0.8964  -0.3096  -1.0000
    698    111512   161   -5.682    3319     61    100  -0.7918  -1.0000  -0.2071  -1.0000
    699    111680   168   -4.951    4726     84    115  -0.7223  -0.7597  +0.3160  -1.0000
    700    111838   158   -4.819    3732     53    109  -0.7873  -1.0000  -0.2758  -1.0000

  ── rolling mean (last 100 ep) ──  cum_R=-2.301  yield=4077 kg/ha  N=88  W=81 mm  R_seas=-0.5858  R_ane=-0.5309

    701    111998   160   +5.078    5507     83    106  +0.0367  -0.5547  +0.7548  +0.6537
    702    112159   161   +3.337    5563     87     93  -0.0304  -0.5399  +0.3505  +0.5909
    703    112319   160   -5.300    4221     78    100  -0.7580  -0.8921  +0.1708  -1.0000
    704    112481   162   -5.563    3707     82     88  -0.8682  -1.0000  -0.6137  -1.0000
    705    112637   156   +3.764    5220     75     88  +0.0233  -0.6299  +0.3364  +0.7307
    706    112792   155   -6.056    4166     56    114  -0.7443  -0.9066  -0.0254  -1.0000
    707    112959   167   -6.319    3719    102     87  -0.8761  -1.0000  -0.3806  -1.0000
    708    113122   163   -6.611    4284     68     98  -0.7899  -0.8757  -0.3665  -1.0000
    709    113280   158   -5.623    3563    104     79  -0.8127  -1.0000  +0.2412  -1.0000
    710    113444   164   -5.457    4362     87    105  -0.7778  -0.8552  +0.0333  -1.0000
    711    113610   166   -4.803    2478     90     96  -0.8911  -1.0000  -0.6966  -1.0000
    712    113769   159   +3.128    5261     83     99  -0.0673  -0.6192  +0.1541  +0.5812
    713    113928   159   +5.388    6578     93     74  +0.1038  -0.2735  +0.4147  +0.7627
    714    114084   156   +6.167    5005     58     94  +0.1660  -0.6864  +0.5234  +1.0000
    715    114239   155   -4.684    2010     59     94  -0.8213  -1.0000  -0.5445  -1.0000
    716    114395   156   -5.658    2814     69     96  -0.8681  -1.0000  -0.8230  -1.0000
    717    114550   155   +7.866    5018     50    112  +0.1688  -0.6830  +0.4462  +1.0000
    718    114702   152   -5.573    3380     68     90  -0.8258  -1.0000  -0.4402  -1.0000
    719    114866   164   -4.632    3234     54    126  -0.7961  -1.0000  -0.3347  -1.0000
    720    115027   161   -5.962    3786     72     95  -0.7626  -1.0000  +0.2736  -1.0000
    721    115186   159   -5.710    2903     69    103  -0.8702  -1.0000  -0.8334  -1.0000
    722    115345   159   -4.610    4751     66    110  -0.6661  -0.7531  +0.5343  -1.0000
    723    115501   156   -6.016    3482     62     86  -0.7924  -1.0000  -0.2159  -1.0000
    724    115660   159   -6.158    2596     67     86  -0.8395  -1.0000  -0.6000  -1.0000
    725    115818   158   -5.845    4960     78    103  -0.7295  -0.6983  -0.0283  -1.0000
    726    115980   162   +4.455    5051     75    124  -0.0519  -0.6743  -0.0718  +0.6839
    727    116143   163   -5.194    2500     75    102  -0.8643  -1.0000  -0.6707  -1.0000
    728    116303   160   -6.516    4639     88     90  -0.7657  -0.7825  -0.0168  -1.0000
    729    116459   156   +3.457    5108     70     96  +0.0160  -0.6594  -0.0878  +0.8176
    730    116615   156   -6.219    3767     74    122  -0.7926  -1.0000  +0.0443  -1.0000
    731    116776   161   -4.878    3989     59    117  -0.7784  -0.9531  -0.1924  -1.0000
    732    116930   154   -6.064    2822     89     99  -0.8667  -1.0000  -0.4553  -1.0000
    733    117091   161   -4.898    3979     66    123  -0.8059  -0.9557  -0.3232  -1.0000
    734    117253   162   -6.154    3204     76    124  -0.8221  -1.0000  -0.2043  -1.0000
    735    117417   164   -3.964    3474     60    140  -0.8346  -1.0000  -0.5887  -1.0000
    736    117578   161   -6.140    2153     73     93  -0.8400  -1.0000  -0.4845  -1.0000
    737    117737   159   -5.189    1637     69    118  -0.8885  -1.0000  -1.0000  -1.0000
    738    117895   158   -5.620    3006     78     91  -0.8538  -1.0000  -0.5335  -1.0000
    739    118061   166   -4.882    1465     74    108  -0.8965  -1.0000  -1.0000  -1.0000
    740    118216   155   -6.333    3327     69     94  -0.8162  -1.0000  -0.3159  -1.0000
    741    118376   160   -6.094    3860     62    101  -0.8021  -0.9867  -0.3220  -1.0000
    742    118537   161   +6.682    6026     75     97  +0.2008  -0.4185  +0.5105  +1.0000
    743    118691   154   -5.968    3112     66    135  -0.8450  -1.0000  -0.5862  -1.0000
    744    118853   162   -5.312    2795     99     96  -0.8659  -1.0000  -0.2837  -1.0000
    745    119018   165   -5.630    4327     90    148  -0.8270  -0.8642  -0.3119  -1.0000
    746    119183   165   +5.121    5281     72    128  +0.0340  -0.6138  -0.0017  +0.8325
    747    119342   159   -6.737    3010     70    114  -0.8061  -1.0000  -0.1736  -1.0000
    748    119503   161   -6.551    3433     72    102  -0.8178  -1.0000  -0.2733  -1.0000
    749    119663   160   -5.867    3180     69    118  -0.8457  -1.0000  -0.5797  -1.0000
    750    119820   157   -6.580    3738     69     86  -0.7397  -1.0000  +0.4471  -1.0000
    751    119982   162   -5.150    4960     72    123  -0.7292  -0.6982  -0.1091  -1.0000
    752    120143   161   -5.814    3316     68     91  -0.8510  -1.0000  -0.6867  -1.0000
    753    120295   152   -6.162    4053     66    110  -0.7445  -0.9362  +0.2223  -1.0000
    754    120452   157   -4.736    4160     64    120  -0.8075  -0.9081  -0.5000  -1.0000
    755    120607   155   -5.702    4635     69    112  -0.7634  -0.7834  -0.3062  -1.0000
    756    120766   159   -5.991    4221     84    106  -0.8278  -0.8920  -0.4142  -1.0000
    757    120922   156   +7.428    6163     66    119  +0.2706  -0.3824  +1.0000  +1.0000
    758    121084   162   -6.682    3354     66    106  -0.7844  -1.0000  -0.0223  -1.0000
    759    121245   161   +5.548    5362     70     96  +0.1388  -0.5927  +0.5714  +0.9168
    760    121404   159   -5.374    1263     48    113  -0.8518  -1.0000  -1.0000  -1.0000
    761    121574   170   -5.701    4124     76    125  -0.7875  -0.9177  -0.0708  -1.0000
    762    121734   160   +8.016    6712     68    110  +0.2691  -0.2383  +0.6451  +1.0000
    763    121890   156   -5.754    2509     71     88  -0.8799  -1.0000  -0.9266  -1.0000
    764    122049   159   -4.718    3933     56    126  -0.7172  -0.9678  +0.4216  -1.0000
    765    122212   163   -4.671    2545     95     91  -0.8615  -1.0000  -0.3081  -1.0000
    766    122369   157   -3.388    4558     45    126  -0.6788  -0.8036  +0.1916  -1.0000
    767    122525   156   -6.089    2974     79     99  -0.8643  -1.0000  -0.6088  -1.0000
    768    122684   159   -3.938    2258     44    136  -0.7780  -1.0000  -0.3153  -1.0000
    769    122846   162   -5.448    4261     69    128  -0.7589  -0.8816  +0.0125  -1.0000
    770    123001   155   -4.690    1516     74    144  -0.9009  -1.0000  -1.0000  -1.0000
    771    123159   158   -5.736    2791     54    137  -0.8249  -1.0000  -0.5947  -1.0000
    772    123320   161   -5.843    4050     76    132  -0.8113  -0.9371  -0.2354  -1.0000
    773    123486   166   -6.235    4278     98    105  -0.8429  -0.8771  -0.3644  -1.0000
    774    123643   157   -7.037    4354     73    117  -0.7529  -0.8571  +0.0656  -1.0000
    775    123798   155   -5.777    3829     56    122  -0.7982  -0.9950  -0.3337  -1.0000
    776    123963   165   +8.881    5635     62    149  +0.1703  -0.5210  +0.3173  +1.0000
    777    124121   158   -4.447    2806     47    152  -0.7892  -1.0000  -0.3401  -1.0000
    778    124275   154   -5.197    3933     49    126  -0.7770  -0.9676  -0.2989  -1.0000
    779    124424   149   -6.514    1838     44    123  -0.8448  -1.0000  -1.0000  -1.0000
    780    124590   166   +5.459    5935     79    117  +0.0963  -0.4422  +0.1583  +0.8688
    781    124748   158   -6.076    3505     64    150  -0.8407  -1.0000  -0.5652  -1.0000
    782    124907   159   -7.477    3726     83    107  -0.8518  -1.0000  -0.4023  -1.0000
    783    125061   154   -5.871    4936     92     83  -0.7168  -0.7046  +0.3224  -1.0000
    784    125223   162   -5.316    4094     60    118  -0.7564  -0.9254  -0.0269  -1.0000
    785    125382   159   -5.350    2033     66     95  -0.8244  -1.0000  -0.4397  -1.0000
    786    125538   156   +7.714    5749     74    110  +0.1942  -0.4911  +0.8214  +0.9510
    787    125697   159   -5.783    3098     83    141  -0.8942  -1.0000  -0.7779  -1.0000
    788    125864   167   -4.939    4674     83     95  -0.7260  -0.7733  +0.2662  -1.0000
    789    126023   159   -6.611    4683     94    122  -0.8012  -0.7708  -0.2650  -1.0000
    790    126185   162   -5.162    3843     70    126  -0.8098  -0.9913  -0.2090  -1.0000
    791    126344   159   -4.371    2756     44    126  -0.8387  -1.0000  -0.9384  -1.0000
    792    126510   166   -6.983    4119     92    101  -0.8088  -0.9188  -0.0275  -1.0000
    793    126666   156   -6.927    3874     80    108  -0.8184  -0.9833  -0.1725  -1.0000
    794    126832   166   -5.911    3044     91    130  -0.8460  -1.0000  -0.1685  -1.0000
    795    126986   154   -6.055    2212     54    112  -0.8492  -1.0000  -0.8832  -1.0000
    796    127143   157   +4.165    5828     83    122  +0.0512  -0.4704  +0.2610  +0.7640
    797    127309   166   -5.926    4326     77    124  -0.7986  -0.8646  -0.2969  -1.0000
    798    127471   162   -5.407    2874     64    169  -0.8539  -1.0000  -0.6696  -1.0000
    799    127635   164   -5.891    3797     62    144  -0.7903  -1.0000  -0.1043  -1.0000
    800    127793   158   -5.153    3998     84    133  -0.7959  -0.9507  +0.0785  -1.0000

  ── rolling mean (last 100 ep) ──  cum_R=-3.617  yield=3849 kg/ha  N=72  W=112 mm  R_seas=-0.6472  R_ane=-0.6685

    801    127957   164   +7.083    6056     70    144  +0.1939  -0.4106  +0.4101  +1.0000
    802    128120   163   -6.172    3534     75    100  -0.8245  -1.0000  -0.2796  -1.0000
    803    128281   161   -5.107    3625     74    116  -0.7974  -1.0000  +0.0018  -1.0000
    804    128442   161   -5.158    3694     69    129  -0.8454  -1.0000  -0.5567  -1.0000
    805    128604   162   -3.952    4924     69    151  -0.6911  -0.7076  +0.2990  -1.0000
    806    128761   157   -6.705    3772     76    108  -0.8187  -1.0000  -0.1911  -1.0000
    807    128924   163   -4.835    4259     70    149  -0.7822  -0.8821  -0.1684  -1.0000
    808    129088   164   -6.193    4133     95    113  -0.8030  -0.9152  +0.0855  -1.0000
    809    129244   156   -4.737    3677    101    114  -0.8447  -1.0000  -0.0264  -1.0000
    810    129402   158   -6.190    4846     86    111  -0.7692  -0.7280  -0.1978  -1.0000
    811    129555   153   -6.909    3719     69    115  -0.8289  -1.0000  -0.4050  -1.0000
    812    129713   158   -6.225    1954     62    157  -0.8826  -1.0000  -1.0000  -1.0000
    813    129867   154   -4.135    4235     48    133  -0.7258  -0.8883  -0.0046  -1.0000
    814    130032   165   -4.766    3580     79    135  -0.8783  -1.0000  -0.7047  -1.0000
    815    130191   159   -5.602    2213     80    132  -0.9098  -1.0000  -1.0000  -1.0000
    816    130350   159   -5.232    2072     64    132  -0.8524  -1.0000  -0.7143  -1.0000
    817    130508   158   -6.166    3115     83    109  -0.8780  -1.0000  -0.6568  -1.0000
    818    130671   163   -4.454    3810     50    127  -0.7778  -1.0000  -0.2078  -1.0000
    819    130835   164   -6.513    2765     81    114  -0.9033  -1.0000  -0.9379  -1.0000
    820    130999   164   +7.152    5514     65    156  +0.2007  -0.5527  +0.7583  +1.0000
    821    131158   159   -5.602    3749     61    151  -0.8257  -1.0000  -0.4651  -1.0000
    822    131319   161   -5.966    3519     96    121  -0.8928  -1.0000  -0.5666  -1.0000
    823    131476   157   -6.805    2749     66     99  -0.8339  -1.0000  -0.5383  -1.0000
    824    131633   157   -5.597    3511     60    125  -0.8248  -1.0000  -0.5055  -1.0000
    825    131794   161   -6.430    3310     58    120  -0.8123  -1.0000  -0.4271  -1.0000
    826    131950   156   -6.478    3030     72    133  -0.8558  -1.0000  -0.5917  -1.0000
    827    132112   162   -5.931    2190     57    153  -0.8475  -1.0000  -0.7419  -1.0000
    828    132269   157   -6.791    2276     70    108  -0.8741  -1.0000  -0.8450  -1.0000
    829    132430   161   -6.984    4587    115    131  -0.8224  -0.7960  -0.2879  -1.0000
    830    132593   163   -5.752    2852     62    107  -0.8366  -1.0000  -0.6297  -1.0000
    831    132752   159   -5.684    3019     74    127  -0.8287  -1.0000  -0.3100  -1.0000
    832    132917   165   -6.470    3200     88    118  -0.8957  -1.0000  -0.7351  -1.0000
    833    133081   164   +4.616    5161     74    139  +0.0404  -0.6454  +0.5100  +0.7514
    834    133241   160   -4.998    4208     65    137  -0.7051  -0.8955  +0.5295  -1.0000
    835    133401   160   -4.106    4889     59    151  -0.6183  -0.7169  +0.8686  -1.0000
    836    133557   156   +5.528    5218     72    140  +0.0906  -0.6304  +0.6505  +0.8233
    837    133711   154   +8.400    5261     53    152  +0.2120  -0.6192  +0.8278  +1.0000
    838    133872   161   -5.864    3481     82    112  -0.8722  -1.0000  -0.6142  -1.0000
    839    134032   160   +3.612    5009     75    116  -0.0360  -0.6854  +0.1174  +0.6787
    840    134187   155   -5.736    2891     57    147  -0.8402  -1.0000  -0.6836  -1.0000
    841    134345   158   -5.770    3174     62    156  -0.8224  -1.0000  -0.3968  -1.0000
    842    134506   161   +4.003    5210     76    121  -0.0068  -0.6325  +0.1878  +0.7100
    843    134664   158   -7.185    3382     86    103  -0.8550  -1.0000  -0.3940  -1.0000
    844    134823   159   +5.420    5106     68    126  +0.1187  -0.6598  +0.6355  +0.8925
    845    134986   163   -3.853    2903     71    200  -0.8549  -1.0000  -0.5104  -1.0000
    846    135137   151   -5.958    2879     76    125  -0.8699  -1.0000  -0.6813  -1.0000
    847    135295   158   -6.189    4429     72    130  -0.7542  -0.8375  +0.0074  -1.0000
    848    135460   165   -5.543    4079     90    136  -0.8636  -0.9295  -0.5371  -1.0000
    849    135624   164   -6.171    2802     99    153  -0.8940  -1.0000  -0.4778  -1.0000
    850    135788   164   -5.890    3594     84    134  -0.8549  -1.0000  -0.3701  -1.0000
    851    135944   156   -5.656    3741     54    145  -0.8126  -1.0000  -0.4688  -1.0000
    852    136101   157   -5.577    3008     67    180  -0.8413  -1.0000  -0.4738  -1.0000
    853    136265   164   -6.352    3910     94    129  -0.8612  -0.9737  -0.3386  -1.0000
    854    136429   164   -6.301    3483     72    102  -0.8032  -1.0000  -0.1242  -1.0000
    855    136592   163   -5.741    4876    107    128  -0.7608  -0.7202  +0.1349  -1.0000
    856    136752   160   -3.596    4839     63    186  -0.7039  -0.7299  +0.1595  -1.0000
    857    136914   162   -5.995    3127     74    156  -0.8544  -1.0000  -0.5169  -1.0000
    858    137081   167   -5.977    2565     65    168  -0.8554  -1.0000  -0.6682  -1.0000
    859    137241   160   +3.674    5100     82    131  -0.0769  -0.6614  +0.2995  +0.5544
    860    137405   164   +8.351    5407     49    152  +0.2019  -0.5808  +0.5530  +1.0000
    861    137566   161   -6.040    3650     80    147  -0.8334  -1.0000  -0.2193  -1.0000
    862    137724   158   -6.192    4394     63     98  -0.7315  -0.8467  +0.0468  -1.0000
    863    137883   159   +4.260    5628     82    137  +0.0304  -0.5228  +0.4407  +0.7051
    864    138043   160   -6.127    2491     83    147  -0.9139  -1.0000  -0.9656  -1.0000
    865    138199   156   -6.156    4000     76    119  -0.8302  -0.9502  -0.4121  -1.0000
    866    138360   161   -5.013    4164     85    155  -0.8409  -0.9072  -0.4276  -1.0000
    867    138522   162   -6.559    3742     96    129  -0.8661  -1.0000  -0.2918  -1.0000
    868    138673   151   -6.909    3380     66    130  -0.8333  -1.0000  -0.4796  -1.0000
    869    138840   167   -5.423    4825     73    123  -0.6942  -0.7335  +0.3515  -1.0000
    870    139000   160   -5.809    3618     66    120  -0.7756  -1.0000  +0.0714  -1.0000
    871    139158   158   -6.362    4743     80    137  -0.7769  -0.7552  -0.2738  -1.0000
    872    139315   157   +5.251    5259     69    140  +0.0755  -0.6197  +0.0938  +0.9069
    873    139478   163   -6.415    3090     77    127  -0.8775  -1.0000  -0.7303  -1.0000
    874    139638   160   -6.773    4732     92    112  -0.7642  -0.7581  +0.0331  -1.0000
    875    139797   159   -5.901    3176     62    125  -0.8455  -1.0000  -0.6731  -1.0000
    876    139956   159   -6.025    2788     83    142  -0.8919  -1.0000  -0.7480  -1.0000
    877    140121   165   -6.719    3829     81    116  -0.8602  -0.9951  -0.5247  -1.0000
    878    140283   162   -5.605    3209     71    126  -0.8235  -1.0000  -0.3110  -1.0000
    879    140444   161   -5.591    2793     53    128  -0.8030  -1.0000  -0.4155  -1.0000
    880    140599   155   -5.547    2624     48    121  -0.8242  -1.0000  -0.7232  -1.0000
    881    140763   164   -5.496    3968     70    164  -0.8008  -0.9585  -0.1380  -1.0000
    882    140922   159   -5.641    3008     73    142  -0.8661  -1.0000  -0.6681  -1.0000
    883    141083   161   -6.768    4342     81    130  -0.8099  -0.8605  -0.3288  -1.0000
    884    141244   161   +3.932    5049     74    129  +0.0071  -0.6749  +0.3825  +0.7144
    885    141403   159   -6.036    3685     73    113  -0.8298  -1.0000  -0.3582  -1.0000
    886    141562   159   -6.393    3760     79     94  -0.7680  -1.0000  +0.3502  -1.0000
    887    141724   162   -5.128    4341     75    150  -0.7880  -0.8605  -0.1927  -1.0000
    888    141881   157   -6.213    3853     72    127  -0.8387  -0.9886  -0.4643  -1.0000
    889    142044   163   -5.886    2875     93    148  -0.8637  -1.0000  -0.2938  -1.0000
    890    142208   164   -6.290    3891     75    114  -0.8158  -0.9786  -0.2232  -1.0000
    891    142363   155   -5.520    3262     58    138  -0.8383  -1.0000  -0.6586  -1.0000
    892    142526   163   -4.740    4896     72    150  -0.7227  -0.7149  +0.0456  -1.0000
    893    142687   161   -5.157    4709     95    119  -0.7395  -0.7640  +0.3570  -1.0000
    894    142844   157   -6.624    4382     96    129  -0.8124  -0.8498  -0.1238  -1.0000
    895    143001   157   -6.019    4606     80    102  -0.7619  -0.7912  -0.0843  -1.0000
    896    143162   161   -4.070    3706     60    169  -0.8337  -1.0000  -0.5327  -1.0000
    897    143320   158   -6.554    3402     74    106  -0.8492  -1.0000  -0.5293  -1.0000
    898    143481   161   -6.471    3932     63    117  -0.7962  -0.9680  -0.2715  -1.0000
    899    143643   162   -4.791    2851     68    172  -0.8677  -1.0000  -0.7268  -1.0000
    900    143798   155   -5.996    4646     67    105  -0.7194  -0.7805  +0.0805  -1.0000

  ── rolling mean (last 100 ep) ──  cum_R=-4.337  yield=3825 kg/ha  N=74  W=132 mm  R_seas=-0.7032  R_ane=-0.7626

    901    143961   163   +3.626    5595     81    117  +0.0185  -0.5316  +0.2342  +0.7196
    902    144124   163   +6.777    6685     84    125  +0.2212  -0.2455  +0.5783  +0.9783
    903    144288   164   -6.618    3414     99    136  -0.8973  -1.0000  -0.5314  -1.0000
    904    144445   157   -5.813    3463     74    141  -0.8635  -1.0000  -0.6253  -1.0000
    905    144609   164   -4.412    2367     77    135  -0.8725  -1.0000  -0.6681  -1.0000
    906    144767   158   -5.359    2560     41    148  -0.7951  -1.0000  -0.5155  -1.0000
    907    144926   159   -5.822    3842     70    120  -0.8368  -0.9917  -0.4890  -1.0000
    908    145086   160   -5.128    4846     81    134  -0.7037  -0.7282  +0.3963  -1.0000
    909    145258   172   -6.748    4170     68    111  -0.7931  -0.9055  -0.3124  -1.0000
    910    145419   161   +6.118    5888     81    114  +0.1478  -0.4545  +0.8940  +0.8258
    911    145575   156   -6.013    2142     89    100  -0.8838  -1.0000  -0.6236  -1.0000
    912    145736   161   +7.283    5425     66    134  +0.1857  -0.5761  +0.6478  +1.0000
    913    145895   159   -5.500    2676     55    121  -0.8429  -1.0000  -0.7818  -1.0000
    914    146064   169   +2.946    5937     98     88  -0.0696  -0.4418  +0.2013  +0.5137
    915    146223   159   -4.272    4434     58    135  -0.6831  -0.8362  +0.4826  -1.0000
    916    146381   158   -6.192    3146     73    133  -0.8384  -1.0000  -0.4079  -1.0000
    917    146545   164   -6.593    2884     76    142  -0.8816  -1.0000  -0.7649  -1.0000
    918    146701   156   -5.546    2708     52    124  -0.8515  -1.0000  -0.9185  -1.0000
    919    146860   159   -6.486    3017     67    130  -0.8546  -1.0000  -0.6760  -1.0000
    920    147018   158   +2.851    5071     74    107  +0.0163  -0.6691  +0.3787  +0.7258
    921    147170   152   +4.642    5902     78    123  +0.0991  -0.4510  +0.1625  +0.8786
    922    147325   155   -6.706    2138     60    161  -0.8784  -1.0000  -0.9969  -1.0000
    923    147488   163   +4.265    5563     79    137  +0.0096  -0.5398  -0.0016  +0.7592
    924    147654   166   -5.503    3987     71    158  -0.7949  -0.9534  -0.0888  -1.0000
    925    147810   156   -5.811    3743     84    138  -0.8691  -1.0000  -0.5187  -1.0000
    926    147967   157   -5.912    4771     69    108  -0.7386  -0.7479  -0.1391  -1.0000
    927    148119   152   -5.835    4618     57    125  -0.7269  -0.7880  -0.1066  -1.0000
    928    148278   159   -6.198    3694     79    149  -0.8436  -1.0000  -0.3376  -1.0000
    929    148435   157   -5.361    4922     72    124  -0.6444  -0.7082  +0.7758  -1.0000
    930    148598   163   +7.704    6066     68    156  +0.2118  -0.4080  +0.5681  +1.0000
    931    148753   155   -5.506    4974     68    129  -0.6929  -0.6945  +0.1915  -1.0000
    932    148908   155   -4.941    3586     53    146  -0.8056  -1.0000  -0.4022  -1.0000
    933    149070   162   -5.033    3289     68    130  -0.8661  -1.0000  -0.7731  -1.0000
    934    149226   156   -6.521    3262     67    117  -0.8507  -1.0000  -0.6620  -1.0000
    935    149388   162   +2.821    5222     82    145  -0.0535  -0.6295  +0.3718  +0.5820
    936    149539   151   +5.934    5030     64    132  +0.1408  -0.6799  +0.5759  +0.9626
    937    149696   157   -5.471    3296     50    148  -0.7750  -1.0000  -0.1474  -1.0000
    938    149855   159   -6.147    3299     85    141  -0.8837  -1.0000  -0.6328  -1.0000
    939    150009   154   -6.841    3115     82     99  -0.8460  -1.0000  -0.3683  -1.0000
    940    150171   162   -4.525    2421     65    128  -0.8208  -1.0000  -0.3815  -1.0000
    941    150334   163   -4.390    3887     57    151  -0.7840  -0.9797  -0.1635  -1.0000
    942    150499   165   -4.865    4726     68    147  -0.7424  -0.7595  -0.1216  -1.0000
    943    150656   157   -6.923    3958     67    119  -0.7865  -0.9613  -0.1114  -1.0000
    944    150816   160   -5.044    4874     87    129  -0.7369  -0.7207  +0.1560  -1.0000
    945    150975   159   +6.792    6226     69    104  +0.2155  -0.3658  +0.4278  +1.0000
    946    151133   158   -5.946    2355     60    125  -0.8201  -1.0000  -0.4607  -1.0000
    947    151292   159   -5.921    2430     56    140  -0.8509  -1.0000  -0.8101  -1.0000
    948    151442   150   -6.165    2934     58    130  -0.8279  -1.0000  -0.5719  -1.0000
    949    151606   164   -5.511    4504     62    110  -0.7156  -0.8180  +0.1413  -1.0000
    950    151765   159   -5.553    4609     73    127  -0.7545  -0.7903  -0.0946  -1.0000
    951    151925   160   -6.201    3632     84    147  -0.8632  -1.0000  -0.4453  -1.0000
    952    152089   164   +4.169    5654     85    144  -0.0061  -0.5159  +0.2942  +0.6603
    953    152245   156   -5.785    3892     60    134  -0.8032  -0.9784  -0.3309  -1.0000
    954    152405   160   -6.374    3955     75    112  -0.7926  -0.9619  -0.0372  -1.0000
    955    152566   161   -4.759    3880     51    153  -0.7866  -0.9815  -0.2945  -1.0000
    956    152723   157   -6.297    3465     69    119  -0.7747  -1.0000  +0.1323  -1.0000
    957    152884   161   -5.814    3186     64    161  -0.8273  -1.0000  -0.4088  -1.0000
    958    153043   159   +4.143    5196     73    124  -0.0186  -0.6362  -0.2019  +0.7694
    959    153202   159   -6.175    2864     66    159  -0.8139  -1.0000  -0.2433  -1.0000
    960    153361   159   -6.776    3929     95    138  -0.8438  -0.9689  -0.1486  -1.0000
    961    153521   160   -5.447    3540     67    137  -0.8403  -1.0000  -0.5296  -1.0000
    962    153687   166   +4.589    5477     84    119  -0.0397  -0.5625  +0.1379  +0.6298
    963    153847   160   -5.461    3270     59    136  -0.8267  -1.0000  -0.5381  -1.0000
    964    154010   163   -4.902    3312     65    143  -0.8097  -1.0000  -0.2509  -1.0000
    965    154172   162   -5.577    1997     64    119  -0.8631  -1.0000  -0.8242  -1.0000
    966    154339   167   -5.836    3752     77    138  -0.8509  -1.0000  -0.4551  -1.0000
    967    154502   163   -5.191    3294     81    143  -0.8828  -1.0000  -0.7004  -1.0000
    968    154667   165   +4.620    5631     81    139  +0.0099  -0.5221  +0.0944  +0.7344
    969    154832   165   -7.067    4432     82    129  -0.7923  -0.8367  -0.1962  -1.0000
    970    154991   159   +7.286    5841     73    135  +0.2247  -0.4669  +0.8903  +1.0000
    971    155150   159   -4.924    4807     67    125  -0.7153  -0.7382  +0.0511  -1.0000
    972    155312   162   -6.044    3002     81    157  -0.8823  -1.0000  -0.6648  -1.0000
    973    155469   157   -5.673    4114     58    137  -0.7599  -0.9202  -0.0799  -1.0000
    974    155632   163   -4.545    3111     60    185  -0.8633  -1.0000  -0.8080  -1.0000
    975    155791   159   -6.636    3142     67    127  -0.8327  -1.0000  -0.4601  -1.0000
    976    155961   170   -6.450    4727     87    152  -0.7777  -0.7594  -0.1356  -1.0000
    977    156124   163   -5.579    3488     78    133  -0.8336  -1.0000  -0.2759  -1.0000
    978    156282   158   +4.284    5061     72    129  -0.0286  -0.6716  -0.1228  +0.7445
    979    156435   153   -6.131    4904     69    147  -0.7325  -0.7130  -0.1080  -1.0000
    980    156590   155   -4.742    4819     71    162  -0.7137  -0.7352  +0.1885  -1.0000
    981    156750   160   -4.831    2742    101    131  -0.8804  -1.0000  -0.3580  -1.0000
    982    156908   158   -5.147    3763     65    126  -0.7987  -1.0000  -0.1683  -1.0000
    983    157073   165   -4.626    4142     77    158  -0.7854  -0.9127  +0.0055  -1.0000
    984    157232   159   -5.569    4984     83    124  -0.6918  -0.6918  +0.4522  -1.0000
    985    157388   156   -6.578    3497     81    114  -0.8536  -1.0000  -0.4409  -1.0000
    986    157549   161   -5.379    2891     63    154  -0.8692  -1.0000  -0.8670  -1.0000
    987    157711   162   -6.304    4214     70    139  -0.7733  -0.8940  -0.0571  -1.0000
    988    157869   158   +6.464    5182     61    110  +0.1300  -0.6400  +0.1356  +1.0000
    989    158024   155   -5.117    3086     62    164  -0.7897  -1.0000  -0.0683  -1.0000
    990    158186   162   -5.150    4358     62    179  -0.7530  -0.8561  -0.0298  -1.0000
    991    158340   154   -6.957    2324     92    119  -0.9293  -1.0000  -1.0000  -1.0000
    992    158505   165   +5.238    5175     71    164  +0.0856  -0.6418  +0.6323  +0.8282
    993    158662   157   -6.206    3073     75    132  -0.8511  -1.0000  -0.5004  -1.0000
    994    158820   158   -5.204    2521     70    171  -0.8920  -1.0000  -0.9350  -1.0000
    995    158977   157   -5.646    3092     49    143  -0.8042  -1.0000  -0.4636  -1.0000
    996    159134   157   -6.636    4672     88    127  -0.7451  -0.7737  +0.2094  -1.0000
    997    159297   163   -5.827    3067     62    150  -0.8710  -1.0000  -0.9089  -1.0000
    998    159450   153   -3.853    3561     41    156  -0.7965  -1.0000  -0.5142  -1.0000
    999    159603   153   -6.461    3590     68    110  -0.7661  -1.0000  +0.1906  -1.0000
   1000    159761   158   -5.756    4778     77    127  -0.7407  -0.7459  -0.0023  -1.0000

  ── rolling mean (last 100 ep) ──  cum_R=-3.542  yield=3998 kg/ha  N=71  W=135 mm  R_seas=-0.6323  R_ane=-0.6369

   1001    159923   162   -6.044    4001     83    115  -0.8329  -0.9498  -0.3315  -1.0000
   1002    160080   157   +6.734    5739     68    128  +0.1569  -0.4937  +0.1859  +1.0000
   1003    160243   163   -5.508    3778     88    140  -0.8670  -1.0000  -0.4265  -1.0000
   1004    160402   159   -5.668    4479     69    167  -0.7685  -0.8243  -0.1692  -1.0000
   1005    160559   157   -5.920    3500     70    144  -0.8663  -1.0000  -0.7268  -1.0000
   1006    160723   164   +7.448    6000     72    131  +0.1697  -0.4252  +0.2252  +1.0000
   1007    160886   163   -5.542    3819     67    132  -0.8162  -0.9976  -0.2941  -1.0000
   1008    161040   154   -5.756    2630     78    143  -0.8778  -1.0000  -0.6892  -1.0000
   1009    161198   158   -6.374    4549     84    126  -0.7592  -0.8060  +0.0832  -1.0000
   1010    161358   160   +4.412    5408     75    139  +0.0439  -0.5806  +0.2019  +0.8025
   1011    161521   163   +7.706    6016     69    130  +0.1778  -0.4211  +0.2403  +1.0000
   1012    161682   161   -6.367    4247     86    111  -0.8307  -0.8853  -0.4140  -1.0000
   1013    161841   159   -4.790    3246     65    124  -0.8590  -1.0000  -0.7654  -1.0000
   1014    162000   159   -7.128    3751     95     74  -0.8485  -1.0000  -0.2100  -1.0000
   1015    162163   163   -4.610    4719     80    150  -0.7159  -0.7615  +0.3640  -1.0000
   1016    162320   157   -4.869    4758     76    160  -0.7307  -0.7511  +0.1461  -1.0000
   1017    162479   159   +3.642    5412     79    144  -0.0152  -0.5796  +0.0626  +0.7090
   1018    162639   160   +7.124    5795     69    148  +0.1625  -0.4789  +0.2519  +1.0000
   1019    162802   163   -6.406    2808     92    134  -0.9042  -1.0000  -0.7399  -1.0000
   1020    162961   159   -5.709    3776     77    135  -0.8499  -1.0000  -0.4506  -1.0000
   1021    163123   162   +6.241    6166     82    159  +0.1240  -0.3817  +0.3787  +0.8735
   1022    163284   161   +1.884    5212     81    133  -0.0847  -0.6320  -0.0432  +0.6000
   1023    163445   161   -6.082    4511     80    152  -0.7941  -0.8160  -0.2670  -1.0000
   1024    163613   168   +7.390    7280     93    164  +0.2461  -0.0893  +0.6863  +0.9661
   1025    163767   154   -6.106    2528     69    118  -0.8534  -1.0000  -0.6522  -1.0000
   1026    163933   166   +9.227    6230     67    178  +0.2177  -0.3649  +0.5267  +1.0000
   1027    164095   162   +3.732    6123    100    131  +0.0169  -0.3929  +0.9789  +0.5300
   1028    164257   162   +5.390    6708     93    139  +0.1056  -0.2393  +0.2832  +0.8021
   1029    164413   156   -6.728    3514     80    119  -0.8360  -1.0000  -0.2774  -1.0000
   1030    164578   165   -5.280    4888     83    146  -0.7083  -0.7170  +0.3832  -1.0000
   1031    164744   166   +5.389    5646     80    151  +0.0211  -0.5180  +0.0920  +0.7610
   1032    164906   162   -5.881    4849     80    141  -0.7517  -0.7274  -0.0806  -1.0000
   1033    165058   152   +4.272    5165     74    157  -0.0130  -0.6445  -0.0004  +0.7518
   1034    165217   159   -6.223    3709    100    114  -0.8971  -1.0000  -0.5489  -1.0000
   1035    165380   163   +3.778    6126     93    151  -0.0017  -0.3922  +0.2493  +0.6429
   1036    165539   159   +2.065    5310     93    166  -0.1566  -0.6062  +0.1429  +0.4222
   1037    165692   153   -5.037    3800     67    163  -0.7775  -1.0000  +0.1412  -1.0000
   1038    165855   163   +5.715    6020     87    168  +0.0410  -0.4200  +0.2776  +0.7374
   1039    166014   159   +7.119    6938     87    127  +0.2440  -0.1791  +0.5938  +1.0000
   1040    166171   157   -4.909    3712     70    161  -0.8042  -1.0000  -0.0701  -1.0000
   1041    166332   161   -5.714    2925     91    137  -0.8890  -1.0000  -0.5927  -1.0000
   1042    166501   169   +4.214    5849     90    134  -0.0078  -0.4649  +0.4067  +0.6154
   1043    166662   161   +2.922    5312     84    117  -0.0438  -0.6058  +0.4266  +0.5754
   1044    166814   152   -5.045    2703     73    158  -0.8877  -1.0000  -0.8650  -1.0000
   1045    166973   159   +3.809    5627     83    134  +0.0099  -0.5232  +0.3078  +0.6892
   1046    167135   162   -5.514    4937     77    133  -0.7538  -0.7043  -0.2240  -1.0000
   1047    167294   159   +4.909    5575     78    131  +0.0266  -0.5366  +0.0419  +0.7825
   1048    167449   155   +3.132    5264     81    144  -0.0537  -0.6184  +0.1656  +0.6202
   1049    167612   163   +6.784    5955     72    130  +0.1779  -0.4371  +0.3185  +1.0000
   1050    167773   161   -6.501    4929     82    122  -0.7227  -0.7063  +0.1553  -1.0000
   1051    167935   162   -6.255    4390     88    158  -0.7565  -0.8479  +0.3290  -1.0000
   1052    168098   163   -5.136    2424     94    163  -0.9351  -1.0000  -0.9697  -1.0000
   1053    168254   156   -5.488    2878     63    186  -0.8483  -1.0000  -0.6025  -1.0000
   1054    168417   163   -5.860    3788     69    122  -0.8206  -1.0000  -0.3194  -1.0000
   1055    168580   163   -6.007    3727     86    173  -0.8541  -1.0000  -0.2730  -1.0000
   1056    168740   160   +3.244    5604     88    140  -0.0070  -0.5291  +0.6633  +0.5864
   1057    168902   162   -5.727    4041     83    126  -0.8455  -0.9393  -0.4726  -1.0000
   1058    169057   155   -4.811    2662     73    150  -0.8794  -1.0000  -0.7966  -1.0000
   1059    169211   154   -5.370    4404     64    143  -0.7801  -0.8442  -0.3503  -1.0000
   1060    169374   163   -4.180    3791     82    148  -0.8941  -1.0000  -0.7910  -1.0000
   1061    169529   155   +3.020    5652     90    112  -0.0307  -0.5165  +0.4277  +0.5739
   1062    169686   157   -6.599    3421     75    165  -0.8327  -1.0000  -0.2617  -1.0000
   1063    169845   159   -6.357    3070     81    159  -0.8844  -1.0000  -0.6860  -1.0000
   1064    170009   164   +6.357    5024     74    195  +0.0046  -0.6815  +0.4999  +0.7075
   1065    170172   163   +4.146    5054     80    143  -0.1036  -0.6734  -0.0287  +0.5740
   1066    170333   161   -5.281    4831     83    177  -0.6890  -0.7321  +0.6622  -1.0000
   1067    170488   155   +6.251    5960     71    127  +0.1662  -0.4356  +0.1780  +1.0000
   1068    170644   156   -5.558    3318     84    186  -0.8601  -1.0000  -0.3508  -1.0000
   1069    170799   155   -5.829    3828     80    160  -0.8629  -0.9953  -0.5020  -1.0000
   1070    170960   161   -6.625    3469     78    150  -0.8649  -1.0000  -0.5651  -1.0000
   1071    171116   156   -5.868    3426     86    139  -0.8130  -1.0000  +0.0786  -1.0000
   1072    171279   163   -6.004    3572     82    155  -0.8765  -1.0000  -0.5949  -1.0000
   1073    171440   161   -5.334    4464     80    169  -0.7977  -0.8284  -0.2561  -1.0000
   1074    171599   159   -6.159    4350     84    148  -0.7778  -0.8584  +0.0687  -1.0000
   1075    171756   157   -5.883    3783     69    134  -0.8391  -1.0000  -0.4817  -1.0000
   1076    171913   157   -3.606    3945     64    206  -0.8259  -0.9646  -0.4129  -1.0000
   1077    172079   166   -6.811    3813     96    112  -0.8691  -0.9993  -0.3452  -1.0000
   1078    172232   153   -6.023    3943     70    149  -0.8283  -0.9650  -0.4266  -1.0000
   1079    172393   161   -5.028    3865     82    186  -0.8713  -0.9855  -0.5277  -1.0000
   1080    172554   161   -5.092    4792     78    188  -0.7648  -0.7424  -0.1502  -1.0000
   1081    172719   165   +1.811    5190     92    167  -0.2102  -0.6378  -0.2937  +0.4114
   1082    172880   161   +8.317    6434     84    179  +0.1878  -0.3114  +0.7704  +0.9076
   1083    173038   158   -5.460    4064     82    140  -0.8451  -0.9333  -0.4641  -1.0000
   1084    173200   162   +5.211    6756     98    160  +0.1127  -0.2267  +0.7643  +0.7215
   1085    173361   161   -6.156    4462     95    170  -0.8396  -0.8288  -0.4141  -1.0000
   1086    173515   154   -6.037    4159     72    170  -0.7843  -0.9085  -0.0565  -1.0000
   1087    173682   167   +7.618    5459     67    174  +0.1170  -0.5673  +0.0253  +1.0000
   1088    173848   166   +2.928    5756     98    178  -0.1242  -0.4893  +0.0889  +0.4684
   1089    174007   159   -6.042    3392     72    157  -0.8625  -1.0000  -0.6340  -1.0000
   1090    174163   156   -6.113    3837     93    121  -0.8877  -0.9930  -0.5853  -1.0000
   1091    174323   160   +3.374    5106     79    150  -0.0315  -0.6599  +0.4675  +0.6181
   1092    174486   163   -6.120    4864     86    135  -0.7767  -0.7235  -0.2468  -1.0000
   1093    174644   158   -5.138    4498     65    154  -0.7306  -0.8193  +0.1121  -1.0000
   1094    174809   165   -5.476    4936     94    166  -0.7788  -0.7044  -0.1417  -1.0000
   1095    174965   156   +0.887    5315     96    132  -0.1782  -0.6050  +0.0311  +0.3920
   1096    175125   160   -5.604    4076     86    151  -0.8494  -0.9303  -0.4449  -1.0000
   1097    175288   163   +4.666    5397     78    157  -0.0187  -0.5835  -0.1027  +0.7414
   1098    175449   161   -5.616    4466     94    167  -0.8074  -0.8277  -0.1178  -1.0000
   1099    175608   159   +8.602    7190     84    146  +0.2690  -0.1129  +0.6549  +1.0000
   1100    175767   159   +4.721    5195     84    165  -0.0822  -0.6364  +0.2578  +0.5550

  ── rolling mean (last 100 ep) ──  cum_R=-1.522  yield=4638 kg/ha  N=81  W=148 mm  R_seas=-0.4860  R_ane=-0.3186

   1101    175929   162   +1.700    5251     94    136  -0.1656  -0.6217  +0.1203  +0.4046
   1102    176088   159   -5.687    3022     92    169  -0.8838  -1.0000  -0.4830  -1.0000
   1103    176249   161   +4.135    6555    102    142  -0.0075  -0.2794  +0.1706  +0.6039
   1104    176409   160   +6.865    6937     95    155  +0.1581  -0.1792  +0.6365  +0.8225
   1105    176565   156   -6.380    4640     76    138  -0.7646  -0.7823  -0.1573  -1.0000
   1106    176730   165   -5.325    4216    100    183  -0.8819  -0.8935  -0.5607  -1.0000
   1107    176889   159   -6.353    4492     92    141  -0.8247  -0.8210  -0.3637  -1.0000
   1108    177049   160   +7.428    6251     79    167  +0.2135  -0.3594  +0.8026  +0.9678
   1109    177210   161   -5.726    3962    106    144  -0.9003  -0.9601  -0.6368  -1.0000
   1110    177370   160   +0.337    5262    100    136  -0.2472  -0.6188  -0.2193  +0.3123
   1111    177526   156   -5.411    3852     93    175  -0.8832  -0.9891  -0.4622  -1.0000
   1112    177679   153   -4.681    3881     86    192  -0.8811  -0.9813  -0.5701  -1.0000
   1113    177839   160   +3.952    5994     95    194  -0.0785  -0.4269  -0.0372  +0.5699
   1114    178000   161   -5.823    4689    112    176  -0.7796  -0.7693  +0.1409  -1.0000
   1115    178156   156   -5.852    4943     98    166  -0.7894  -0.7027  -0.1693  -1.0000
   1116    178307   151   +5.513    6417     85    146  +0.1307  -0.3158  +0.2783  +0.8821
   1117    178472   165   +5.271    6408     94    154  +0.0759  -0.3181  +0.5940  +0.7080
   1118    178630   158   +5.071    6576     93    142  +0.0991  -0.2741  +0.4704  +0.7626
   1119    178792   162   -6.294    4799    106    150  -0.8189  -0.7404  -0.3632  -1.0000
   1120    178957   165   +8.021    6609     85    192  +0.1449  -0.2653  +0.1140  +0.9435
   1121    179121   164   -5.917    3821     97    148  -0.8840  -0.9972  -0.4197  -1.0000
   1122    179277   156   -5.617    3425     68    160  -0.8529  -1.0000  -0.5964  -1.0000
   1123    179437   160   -6.109    2790     90    122  -0.8978  -1.0000  -0.7258  -1.0000
   1124    179599   162   -5.461    3812    109    174  -0.8956  -0.9995  -0.4469  -1.0000
   1125    179759   160   -5.541    3764    116    145  -0.8927  -1.0000  -0.4585  -1.0000
   1126    179918   159   +3.333    5193     88    133  -0.0736  -0.6371  +0.6612  +0.4822
   1127    180079   161   +2.867    6431    107    151  -0.0491  -0.3121  +0.2746  +0.4978
   1128    180241   162   +2.678    5793    102    142  -0.1128  -0.4795  +0.3520  +0.4204
   1129    180398   157   -3.673    4530    114    157  -0.8489  -0.8111  -0.4760  -1.0000
   1130    180554   156   +3.760    5690     90    194  -0.0750  -0.5067  +0.0557  +0.5816
   1131    180716   162   +5.683    7399    110    153  +0.0979  -0.0579  +0.3542  +0.6873
   1132    180872   156   -6.590    4204    101    173  -0.8649  -0.8966  -0.3982  -1.0000
   1133    181032   160   +4.963    6688     96    153  +0.0862  -0.2446  +0.4495  +0.7351
   1134    181196   164   -4.545    4423    131    196  -0.8662  -0.8391  -0.5210  -1.0000
   1135    181362   166   +0.506    5581    118    175  -0.2771  -0.5352  -0.1348  +0.1786
   1136    181522   160   +7.913    6787     77    157  +0.2454  -0.2187  +0.5883  +1.0000
   1137    181677   155   +3.709    5285     87    202  -0.1124  -0.6130  +0.1523  +0.5202
   1138    181840   163   +5.455    5538     81    205  +0.0040  -0.5465  +0.2733  +0.7135
   1139    182003   163   +4.724    6775    105    195  +0.0083  -0.2218  +0.2461  +0.6087
   1140    182168   165   -4.081    3745    103    213  -0.9111  -1.0000  -0.5414  -1.0000
   1141    182331   163   +2.890    5001     90    205  -0.2084  -0.6873  -0.0525  +0.3916
   1142    182493   162   -0.522    5325    103    126  -0.2430  -0.6024  -0.1630  +0.2945
   1143    182654   161   -4.452    4843     83    169  -0.7958  -0.7290  -0.4333  -1.0000
   1144    182817   163   -5.224    4852     80    185  -0.7289  -0.7264  +0.1973  -1.0000
   1145    182980   163   +5.493    6841    103    156  +0.1045  -0.2044  +0.8838  +0.6642
   1146    183153   173   +0.435    5394    116    180  -0.2915  -0.5843  -0.1042  +0.1677
   1147    183311   158   -0.078    5031     98    173  -0.2753  -0.6796  -0.2372  +0.2881
   1148    183469   158   -5.235    4896     87    188  -0.7496  -0.7149  +0.0976  -1.0000
   1149    183636   167   +6.384    6848     98    200  +0.0996  -0.2025  +0.5149  +0.7500
   1150    183792   156   -5.705    2267     76    176  -0.8804  -1.0000  -0.7026  -1.0000
   1151    183949   157   +1.745    5862    100    167  -0.1167  -0.4614  +0.1399  +0.4617
   1152    184110   161   +1.661    5759    107    176  -0.1955  -0.4885  -0.1046  +0.3460
   1153    184274   164   +1.146    5291    107    177  -0.2469  -0.6114  +0.1194  +0.2386
   1154    184436   162   +2.017    6008    113    204  -0.1851  -0.4232  -0.0409  +0.3258
   1155    184594   158   +0.593    5094    102    181  -0.2706  -0.6629  -0.0117  +0.2459
   1156    184756   162   -5.378    3998    126    178  -0.8788  -0.9507  -0.3945  -1.0000
   1157    184913   157   +6.908    6084     80    183  +0.0858  -0.4031  -0.1111  +0.9110
   1158    185078   165   -6.668    4759    100    150  -0.8061  -0.7510  -0.2085  -1.0000
   1159    185242   164   -4.687    3487    115    171  -0.8894  -1.0000  -0.3880  -1.0000
   1160    185397   155   +8.400    6762     80    180  +0.2136  -0.2253  +0.3656  +1.0000
   1161    185554   157   +1.730    5358     97    205  -0.2126  -0.5936  -0.1321  +0.3756
   1162    185711   157   -6.269    3838    113    152  -0.8884  -0.9926  -0.4242  -1.0000
   1163    185870   159   +9.169    7403     90    199  +0.2345  -0.0570  +0.3553  +1.0000
   1164    186033   163   +9.734    8467    103    204  +0.3126  +0.2222  +0.6264  +1.0000
   1165    186195   162   +4.334    5766     91    208  -0.0742  -0.4867  +0.0074  +0.5914
   1166    186356   161   +2.484    6069    107    170  -0.1519  -0.4070  -0.1518  +0.4140
   1167    186517   161   +4.244    6776    116    171  -0.0457  -0.2216  +0.2410  +0.4655
   1168    186672   155   +5.241    6082     84    193  +0.1000  -0.4038  +0.5173  +0.8123
   1169    186825   153   -6.259    3925     79    184  -0.8226  -0.9698  -0.1421  -1.0000
   1170    186979   154   -5.143    2713    103    155  -0.8940  -1.0000  -0.4573  -1.0000
   1171    187137   158   -4.003    3439     78    190  -0.8955  -1.0000  -0.7976  -1.0000
   1172    187307   170   +5.505    7224    108    184  +0.0703  -0.1040  +0.2998  +0.6722
   1173    187463   156   -5.843    4467    116    180  -0.8675  -0.8275  -0.5868  -1.0000
   1174    187616   153   +4.500    6413     90    121  +0.0819  -0.3167  +0.2097  +0.7879
   1175    187774   158   -5.750    4932     92    183  -0.7846  -0.7055  -0.1919  -1.0000
   1176    187934   160   +2.141    5678     99    180  -0.1326  -0.5098  +0.1961  +0.4377
   1177    188095   161   -4.495    3037    113    186  -0.9088  -1.0000  -0.5586  -1.0000
   1178    188249   154   -6.130    4200    108    157  -0.8701  -0.8975  -0.4716  -1.0000
   1179    188408   159   +3.248    6404    103    131  -0.0498  -0.3192  +0.0209  +0.5564
   1180    188566   158   -5.731    4282    109    198  -0.8780  -0.8761  -0.5430  -1.0000
   1181    188719   153   -6.074    3814     75    171  -0.8672  -0.9990  -0.6080  -1.0000
   1182    188875   156   +5.834    7168    105    177  +0.0997  -0.1187  +0.4658  +0.7108
   1183    189040   165   +0.656    5347    103    156  -0.2714  -0.5965  -0.4077  +0.2923
   1184    189196   156   +7.062    5512     78    222  +0.0394  -0.5533  +0.3836  +0.7721
   1185    189355   159   +7.827    6278     81    172  +0.1455  -0.3523  +0.2317  +0.9438
   1186    189513   158   +4.307    6744    100    160  +0.0626  -0.2298  +0.4061  +0.6943
   1187    189668   155   -5.488    4040     87    156  -0.8734  -0.9396  -0.6330  -1.0000
   1188    189829   161   -5.986    3669     95    175  -0.9168  -1.0000  -0.7382  -1.0000
   1189    189985   156   -6.046    2893     87    154  -0.8843  -1.0000  -0.5854  -1.0000
   1190    190143   158   -4.601    4748     80    236  -0.7713  -0.7539  -0.0805  -1.0000
   1191    190307   164   -5.504    2970     98    148  -0.8920  -1.0000  -0.4922  -1.0000
   1192    190471   164   -4.830    4900    112    190  -0.7982  -0.7139  -0.1627  -1.0000
   1193    190632   161   -5.545    4882    101    212  -0.8001  -0.7186  -0.1365  -1.0000
   1194    190793   161   -2.815    4873     80    237  -0.7757  -0.7211  -0.2065  -1.0000
   1195    190947   154   +7.617    6887     90    188  +0.1601  -0.1925  +0.3027  +0.9098
   1196    191102   155   -4.395    3354     80    196  -0.8994  -1.0000  -0.8067  -1.0000
   1197    191260   158   -6.430    3893     93    150  -0.8584  -0.9783  -0.2818  -1.0000
   1198    191423   163   +3.655    5746     94    184  -0.0948  -0.4918  +0.1249  +0.5213
   1199    191584   161   +0.900    5672    108    112  -0.1950  -0.5113  -0.0205  +0.3166
   1200    191745   161   +5.723    6822     95    184  +0.1114  -0.2095  +0.3817  +0.7982

  ── rolling mean (last 100 ep) ──  cum_R=-0.229  yield=5175 kg/ha  N=97  W=172 mm  R_seas=-0.4047  R_ane=-0.1344

   1201    191905   160   -5.532    3419    106    147  -0.9058  -1.0000  -0.5878  -1.0000
   1202    192067   162   +2.438    5054     88    185  -0.1674  -0.6734  +0.1020  +0.4323
   1203    192221   154   -6.033    3000    101    178  -0.9026  -1.0000  -0.5092  -1.0000
   1204    192378   157   -5.024    3995     72    214  -0.8355  -0.9515  -0.4020  -1.0000
   1205    192535   157   +4.135    6360     99    155  +0.0330  -0.3307  +0.6727  +0.6108
   1206    192702   167   +6.652    5641     80    237  +0.0121  -0.5193  +0.0963  +0.7684
   1207    192865   163   +0.981    5059     94    198  -0.2441  -0.6722  -0.1815  +0.3417
   1208    193017   152   -5.067    4021     87    207  -0.8535  -0.9447  -0.3453  -1.0000
   1209    193179   162   +4.506    6189     96    175  -0.0226  -0.3755  +0.1664  +0.6201
   1210    193342   163   -4.064    4953     80    246  -0.7310  -0.6999  +0.2032  -1.0000
   1211    193496   154   -5.918    4304     94    228  -0.8461  -0.8704  -0.2950  -1.0000
   1212    193652   156   +1.042    5878    105    138  -0.1452  -0.4572  +0.0631  +0.3964
   1213    193814   162   -5.625    3235     83    212  -0.8541  -1.0000  -0.2642  -1.0000
   1214    193969   155   -6.307    4127     84    123  -0.8365  -0.9167  -0.4107  -1.0000
   1215    194129   160   -4.208    4507     88    222  -0.7954  -0.8171  -0.0319  -1.0000
   1216    194288   159   -4.599    3977     90    222  -0.8714  -0.9563  -0.4062  -1.0000
   1217    194448   160   +8.640    6501     75    197  +0.2009  -0.2938  +0.3452  +1.0000
   1218    194606   158   +3.623    6581    105    192  -0.0114  -0.2727  +0.3388  +0.5668
   1219    194765   159   -6.672    4940    111    152  -0.8056  -0.7033  -0.3186  -1.0000
   1220    194926   161   +7.623    6595     86    214  +0.1345  -0.2690  +0.1933  +0.9133
   1221    195087   161   -5.051    4090     76    198  -0.7937  -0.9265  -0.0004  -1.0000
   1222    195248   161   +4.362    6055     96    194  -0.0428  -0.4107  +0.2464  +0.5799
   1223    195407   159   -6.060    4106    101    175  -0.8653  -0.9223  -0.3356  -1.0000
   1224    195568   161   +5.614    7590    118    196  +0.0641  -0.0079  +0.2635  +0.6104
   1225    195733   165   -5.667    4270    101    168  -0.8680  -0.8793  -0.4805  -1.0000
   1226    195889   156   -5.576    4287    101    164  -0.8522  -0.8748  -0.3386  -1.0000
   1227    196054   165   -4.470    3147    126    193  -0.9395  -1.0000  -0.8553  -1.0000
   1228    196219   165   +2.435    6192    105    156  -0.0924  -0.3747  +0.0790  +0.4796
   1229    196382   163   -6.143    3224    108    160  -0.9113  -1.0000  -0.6232  -1.0000
   1230    196544   162   -5.823    4837    113    204  -0.8274  -0.7304  -0.3921  -1.0000
   1231    196704   160   +1.893    5676    101    161  -0.1573  -0.5103  +0.0530  +0.4102
   1232    196861   157   -5.238    4787     94    190  -0.8291  -0.7436  -0.4952  -1.0000
   1233    197018   157   -4.887    2984    107    194  -0.9541  -1.0000  -1.0000  -1.0000
   1234    197179   161   -5.302    3309     98    207  -0.9171  -1.0000  -0.6393  -1.0000
   1235    197337   158   +2.446    5565     94    180  -0.1117  -0.5395  +0.2677  +0.4719
   1236    197495   158   +8.438    7132     88    186  +0.2320  -0.1282  +0.4600  +1.0000
   1237    197653   158   +8.432    7538     93    180  +0.2575  -0.0216  +0.5315  +1.0000
   1238    197815   162   +5.016    6464     95    157  +0.0534  -0.3034  +0.4228  +0.6938
   1239    197977   162   +2.374    5983    109    208  -0.1760  -0.4296  -0.0930  +0.3671
   1240    198131   154   +5.677    6535     89    154  +0.1348  -0.2848  +0.5341  +0.8299
   1241    198291   160   +1.053    5041     97    186  -0.2702  -0.6768  -0.2393  +0.3008
   1242    198453   162   +4.844    6534     94    170  +0.0529  -0.2851  +0.1789  +0.7399
   1243    198617   164   +3.783    6551    104    183  -0.0353  -0.2805  +0.0461  +0.5817
   1244    198776   159   -5.830    4620     91    164  -0.8329  -0.7875  -0.5138  -1.0000
   1245    198937   161   -4.668    4066     89    195  -0.8457  -0.9327  -0.2822  -1.0000
   1246    199104   167   +5.563    7544    120    184  +0.0908  -0.0199  +0.6719  +0.5780
   1247    199268   164   -6.598    3778     96    198  -0.8737  -1.0000  -0.2549  -1.0000
   1248    199430   162   +7.029    6547     91    217  +0.0807  -0.2817  +0.2364  +0.7983
   1249    199591   161   +4.301    6712    108    212  -0.0120  -0.2382  +0.3510  +0.5480
   1250    199747   156   +1.856    5463     98    165  -0.1716  -0.5662  +0.1147  +0.3885
   1251    199909   162   +8.143    8104    104    194  +0.2580  +0.1269  +0.5507  +0.9382
   1252    200069   160   +1.331    5203    103    220  -0.2924  -0.6344  -0.3023  +0.2611
   1253    200226   157   -6.082    4460    102    144  -0.8328  -0.8293  -0.2877  -1.0000
   1254    200385   159   -4.313    3506    101    208  -0.9046  -1.0000  -0.4846  -1.0000
   1255    200543   158   +6.959    6324     83    219  +0.1267  -0.3402  +0.2351  +0.9140
   1256    200703   160   -5.366    4410    100    223  -0.8516  -0.8425  -0.3255  -1.0000
   1257    200857   154   +1.692    5209    100    214  -0.2412  -0.6328  +0.0151  +0.3053
   1258    201019   162   +5.527    7187    105    212  +0.0924  -0.1136  +0.4169  +0.7148
   1259    201172   153   -4.745    4724     94    218  -0.8144  -0.7602  -0.2793  -1.0000
   1260    201327   155   -6.168    3636     99    184  -0.9118  -1.0000  -0.6068  -1.0000
   1261    201481   154   -5.512    4287     99    221  -0.8661  -0.8748  -0.4143  -1.0000
   1262    201641   160   +3.261    5650     98    195  -0.1428  -0.5172  +0.1138  +0.4402
   1263    201796   155   -5.331    4424     85    222  -0.7723  -0.8389  +0.1940  -1.0000
   1264    201950   154   -4.697    3234     93    204  -0.9182  -1.0000  -0.7520  -1.0000
   1265    202108   158   -6.340    4899    108    187  -0.8053  -0.7141  -0.2376  -1.0000
   1266    202261   153   +6.954    6724     76    229  +0.2157  -0.2353  +0.4111  +1.0000
   1267    202420   159   +6.837    7294    100    189  +0.1391  -0.0857  +0.3548  +0.8210
   1268    202583   163   -5.530    4290    122    229  -0.8757  -0.8740  -0.4785  -1.0000
   1269    202742   159   -6.170    4524    109    200  -0.8541  -0.8126  -0.4594  -1.0000
   1270    202906   164   +4.642    6347    101    215  -0.0231  -0.3341  +0.4044  +0.5681
   1271    203056   150   -6.498    4096    105    158  -0.8794  -0.9251  -0.4953  -1.0000
   1272    203211   155   -4.550    3017    112    200  -0.9269  -1.0000  -0.7186  -1.0000
   1273    203372   161   +3.169    5716     89    174  -0.0863  -0.4996  -0.1790  +0.5979
   1274    203532   160   +4.308    5378     80    199  -0.0420  -0.5884  +0.0211  +0.6819
   1275    203688   156   +3.603    6348    105    211  -0.0591  -0.3340  +0.2865  +0.5060
   1276    203848   160   -4.719    2463    104    214  -0.9490  -1.0000  -0.9199  -1.0000
   1277    204010   162   +4.029    6618    109    204  -0.0074  -0.2629  +0.5738  +0.5161
   1278    204166   156   -3.691    3667     83    226  -0.8757  -1.0000  -0.4672  -1.0000
   1279    204326   160   -4.522    4383     92    241  -0.8565  -0.8497  -0.4780  -1.0000
   1280    204490   164   +2.769    5461     98    261  -0.2137  -0.5667  -0.2036  +0.3966
   1281    204648   158   -5.338    3971    111    210  -0.9146  -0.9577  -0.6878  -1.0000
   1282    204811   163   -6.019    4369    104    196  -0.8347  -0.8534  -0.1699  -1.0000
   1283    204969   158   -5.673    4536     95    208  -0.8422  -0.8095  -0.4200  -1.0000
   1284    205131   162   +4.160    6540    100    231  -0.0291  -0.2834  -0.0320  +0.6361
   1285    205290   159   +6.486    7616     99    183  +0.2222  -0.0012  +0.5454  +0.9220
   1286    205445   155   -5.899    3879     98    169  -0.8794  -0.9820  -0.3681  -1.0000
   1287    205596   151   -4.499    4480     89    234  -0.8306  -0.8242  -0.3440  -1.0000
   1288    205761   165   -4.682    3882     86    248  -0.8747  -0.9811  -0.4228  -1.0000
   1289    205924   163   +7.279    7266     93    225  +0.2204  -0.0929  +0.5787  +0.9553
   1290    206086   162   -3.847    3405    109    215  -0.9166  -1.0000  -0.5933  -1.0000
   1291    206240   154   -6.453    4297     99    171  -0.8639  -0.8721  -0.4716  -1.0000
   1292    206396   156   -5.657    4813    108    191  -0.8477  -0.7368  -0.5989  -1.0000
   1293    206563   167   -5.621    4117    100    207  -0.8715  -0.9195  -0.3643  -1.0000
   1294    206724   161   -0.602    5198    107    131  -0.2846  -0.6358  -0.1765  +0.2167
   1295    206884   160   +1.719    5578     92    155  -0.1207  -0.5360  -0.1159  +0.5213
   1296    207050   166   -5.878    3262    101    211  -0.9034  -1.0000  -0.4679  -1.0000
   1297    207204   154   +9.610    6583     61    231  +0.2538  -0.2723  +0.6254  +1.0000
   1298    207365   161   +1.124    5317     98    189  -0.2364  -0.6046  -0.3124  +0.3626
   1299    207520   155   -4.973    4145     80    200  -0.8309  -0.9120  -0.3336  -1.0000
   1300    207680   160   +5.833    8110    112    202  +0.2097  +0.1286  +0.6024  +0.8068

  ── rolling mean (last 100 ep) ──  cum_R=-0.655  yield=5119 kg/ha  N=97  W=196 mm  R_seas=-0.4521  R_ane=-0.2189

   1301    207836   156   +3.323    7060    116    188  +0.0369  -0.1471  +0.6800  +0.5221
   1302    207994   158   -6.090    4180    103    138  -0.8596  -0.9029  -0.3821  -1.0000
   1303    208155   161   +3.523    5801    101    232  -0.1435  -0.4775  +0.1012  +0.4388
   1304    208311   156   +0.895    5295    100    168  -0.2251  -0.6103  -0.0072  +0.3210
   1305    208470   159   -3.689    4965     71    220  -0.7598  -0.6969  -0.2865  -1.0000
   1306    208623   153   +4.719    5913     86    191  +0.0034  -0.4481  +0.0629  +0.7203
   1307    208783   160   -6.150    3484    100    163  -0.9120  -1.0000  -0.6255  -1.0000
   1308    208936   153   -6.319    3797    111    203  -0.9140  -1.0000  -0.5855  -1.0000
   1309    209094   158   +6.006    7661    108    242  +0.1497  +0.0109  +0.5147  +0.7670
   1310    209259   165   +5.297    7358    108    187  +0.1028  -0.0687  +0.4350  +0.6988
   1311    209417   158   +6.013    6978     93    199  +0.1559  -0.1685  +0.4208  +0.8722
   1312    209576   159   -5.404    3372     95    222  -0.9364  -1.0000  -0.8619  -1.0000
   1313    209741   165   -5.867    2876    111    224  -0.9330  -1.0000  -0.7436  -1.0000
   1314    209900   159   -6.924    4690    117    208  -0.8397  -0.7689  -0.4124  -1.0000
   1315    210061   161   +1.063    5764    112    241  -0.2421  -0.4872  -0.2383  +0.2869
   1316    210216   155   +8.351    7144     86    218  +0.2262  -0.1250  +0.3986  +1.0000
   1317    210377   161   -4.726    4394    101    244  -0.8715  -0.8467  -0.4827  -1.0000
   1318    210538   161   +0.947    5476    110    237  -0.2439  -0.5626  +0.1184  +0.2388
   1319    210698   160   +6.060    7271    101    213  +0.1459  -0.0915  +0.5645  +0.7980
   1320    210860   162  +10.263    7498     82    279  +0.2733  -0.0321  +0.6681  +1.0000
   1321    211020   160   +3.431    5142     84    262  -0.1596  -0.6503  -0.2044  +0.5253
   1322    211184   164   -0.013    5397    105    198  -0.2434  -0.5835  -0.0537  +0.2812
   1323    211342   158   -4.799    2775     88    245  -0.9402  -1.0000  -1.0000  -1.0000
   1324    211499   157   +2.272    5738    102    219  -0.1516  -0.4939  +0.1916  +0.4015
   1325    211656   157   +2.959    5608     91    208  -0.0740  -0.5280  +0.3319  +0.5388
   1326    211818   162   -5.843    4560    108    214  -0.8306  -0.8032  -0.2272  -1.0000
   1327    211980   162   +4.104    6621    111    245  -0.0375  -0.2623  +0.4542  +0.4859
   1328    212142   162   +4.501    6761     96    213  +0.0587  -0.2256  +0.0960  +0.7630
   1329    212300   158   +3.441    5414     85    233  -0.1135  -0.5789  -0.1786  +0.5841
   1330    212454   154   -6.009    4082     99    232  -0.8750  -0.9287  -0.3475  -1.0000
   1331    212614   160   -5.296    3914     94    249  -0.8855  -0.9726  -0.4038  -1.0000
   1332    212772   158   +1.403    5427     98    179  -0.1874  -0.5757  +0.0129  +0.3841
   1333    212928   156   +8.487    5623     63    244  +0.1624  -0.5242  +0.4064  +1.0000
   1334    213094   166   -6.331    3376    114    251  -0.9066  -1.0000  -0.4391  -1.0000
   1335    213255   161   -6.161    3715    100    237  -0.9190  -1.0000  -0.5890  -1.0000
   1336    213419   164   +3.026    6305    106    262  -0.0896  -0.3451  +0.1583  +0.4879
   1337    213577   158   +5.688    7340    104    218  +0.1411  -0.0734  +0.5999  +0.7679
   1338    213741   164   +2.300    5750     92    222  -0.1066  -0.4908  -0.1446  +0.5623
   1339    213903   162   -3.916    4941     81    273  -0.7716  -0.7031  -0.1249  -1.0000
   1340    214066   163   -4.780    4747     86    229  -0.8183  -0.7542  -0.4530  -1.0000
   1341    214232   166   +4.418    5848     90    257  -0.0861  -0.4650  -0.2257  +0.6225
   1342    214392   160   +4.367    7460    119    225  +0.0889  -0.0420  +0.8110  +0.5678
   1343    214548   156   -5.652    4964     88    195  -0.7792  -0.6972  -0.2223  -1.0000
   1344    214707   159   -6.388    4001    103    191  -0.8848  -0.9499  -0.4372  -1.0000
   1345    214760    53   -8.867       0     12     82  -0.7838  -1.0000  -1.0000  -1.0000
   1346    214914   154   -4.568    4877     89    258  -0.8088  -0.7199  -0.3474  -1.0000
   1347    215076   162   -5.896    4695    105    226  -0.8443  -0.7677  -0.4351  -1.0000
   1348    215242   166   +3.346    5556     92    257  -0.1033  -0.5417  +0.2743  +0.5105
   1349    215394   152   +2.931    5686     92    219  -0.0985  -0.5077  +0.0076  +0.5519
   1350    215552   158   +3.539    6381     99    201  -0.0120  -0.3252  +0.3034  +0.6070
   1351    215714   162   -5.998    4157     96    238  -0.8700  -0.9090  -0.3939  -1.0000
   1352    215882   168   +1.996    6507    111    226  -0.0772  -0.2921  +0.1870  +0.4650
   1353    216047   165   +3.681    6833    107    217  +0.0006  -0.2066  +0.2385  +0.5900
   1354    216202   155   +3.654    5770     88    181  -0.0484  -0.4857  +0.0226  +0.6314
   1355    216361   159   +3.923    6375    101    232  -0.0477  -0.3269  +0.1380  +0.5749
   1356    216526   165   +2.681    5832     99    244  -0.1552  -0.4694  -0.1967  +0.4777
   1357    216688   162   +0.657    5158     99    253  -0.2704  -0.6462  -0.1868  +0.3025
   1358    216854   166   +4.127    6403     95    229  -0.0128  -0.3194  -0.0501  +0.6823
   1359    217018   164   +4.584    5330     82    234  -0.0960  -0.6011  -0.1740  +0.6256
   1360    217176   158   -6.246    4713    105    243  -0.8196  -0.7630  -0.1735  -1.0000
   1361    217335   159   +5.339    6419     94    266  +0.0584  -0.3153  +0.5421  +0.7162
   1362    217493   158   +4.002    5815     89    197  -0.0702  -0.4737  -0.2186  +0.6376
   1363    217658   165   -4.756    4714     98    209  -0.8019  -0.7628  -0.0912  -1.0000
   1364    217824   166   -6.302    4609    100    249  -0.8649  -0.7902  -0.5504  -1.0000
   1365    217981   157   +3.758    6047     88    236  -0.0005  -0.4128  -0.0005  +0.7281
   1366    218148   167   +6.362    6682     95    286  +0.0689  -0.2462  +0.3751  +0.7559
   1367    218309   161   +3.159    6206    101    261  -0.0911  -0.3712  +0.0001  +0.5397
   1368    218464   155   -5.521    3674     86    214  -0.8966  -1.0000  -0.6341  -1.0000
   1369    218629   165   -3.971    3537     86    258  -0.9065  -1.0000  -0.6714  -1.0000
   1370    218783   154   +2.938    6427     99    187  +0.0054  -0.3131  +0.3885  +0.6170
   1371    218945   162   +4.463    5894     92    226  -0.0486  -0.4530  +0.1670  +0.6062
   1372    219099   154   +3.963    5841     87    211  +0.0306  -0.4670  +0.5793  +0.6825
   1373    219259   160   +4.460    6848    103    264  +0.0551  -0.2026  +0.5734  +0.6573
   1374    219420   161   +3.375    5965     96    257  -0.0954  -0.4344  -0.0233  +0.5548
   1375    219584   164   +0.121    5088     93    228  -0.2315  -0.6644  -0.1756  +0.3718
   1376    219746   162   +5.295    6032     83    208  +0.0864  -0.4168  +0.3884  +0.8201
   1377    219908   162   -6.229    3581    103    212  -0.9104  -1.0000  -0.5361  -1.0000
   1378    220066   158   +6.931    7372     95    211  +0.2140  -0.0652  +0.5355  +0.9371
   1379    220229   163   -3.239    4497     85    292  -0.8508  -0.8197  -0.5277  -1.0000
   1380    220392   163   +6.118    6524     92    258  +0.0718  -0.2877  +0.3357  +0.7743
   1381    220549   157   -5.795    4300     88    257  -0.8505  -0.8713  -0.4055  -1.0000
   1382    220713   164   +5.086    6865     97    198  +0.0638  -0.1982  +0.0474  +0.7697
   1383    220876   163   -5.116    4120     95    270  -0.8811  -0.9188  -0.4412  -1.0000
   1384    221037   161   +8.734    7784     98    231  +0.2679  +0.0431  +0.6802  +0.9876
   1385    221199   162   +3.525    7047    106    226  +0.0273  -0.1504  +0.1210  +0.6541
   1386    221359   160   +1.465    5688    103    252  -0.2015  -0.5070  -0.1239  +0.3762
   1387    221514   155   -5.363    4566     90    227  -0.8270  -0.8017  -0.3489  -1.0000
   1388    221679   165   +4.415    5629     87    227  -0.0710  -0.5226  -0.0128  +0.6180
   1389    221836   157   +2.161    5316     93    217  -0.1782  -0.6046  -0.0192  +0.4264
   1390    222000   164   -5.611    4819    106    276  -0.8304  -0.7352  -0.3014  -1.0000
   1391    222160   160   -4.684    4940     79    281  -0.7448  -0.7035  +0.1203  -1.0000
   1392    222324   164   +8.731    7114     90    248  +0.2134  -0.1327  +0.4651  +0.9854
   1393    222483   159   -5.117    3706     86    267  -0.8972  -1.0000  -0.5630  -1.0000
   1394    222643   160   +4.253    6272     97    237  -0.0253  -0.3539  +0.2363  +0.6131
   1395    222804   161   +4.789    5849     84    216  -0.0088  -0.4649  -0.0392  +0.7294
   1396    222961   157   -4.876    4662     88    274  -0.8276  -0.7765  -0.3905  -1.0000
   1397    223123   162   -6.068    4812    108    224  -0.8222  -0.7369  -0.2929  -1.0000
   1398    223283   160   -5.849    4300     88    231  -0.8593  -0.8713  -0.5315  -1.0000
   1399    223447   164   -0.137    5941    124    265  -0.2501  -0.4407  -0.0482  +0.1992
   1400    223602   155   +0.989    5321     93    225  -0.1725  -0.6035  +0.0470  +0.4266

  ── rolling mean (last 100 ep) ──  cum_R=+0.358  yield=5416 kg/ha  N=96  W=228 mm  R_seas=-0.3430  R_ane=-0.0016

   1401    223758   156   +5.738    5208     73    202  +0.0239  -0.6330  +0.2419  +0.7889
   1402    223921   163   +3.022    6296    105    222  -0.0994  -0.3475  -0.0232  +0.4950
   1403    224083   162   +1.643    5499    102    200  -0.2166  -0.5567  -0.0981  +0.3435
   1404    224240   157   +1.917    5243     92    227  -0.2100  -0.6239  -0.2585  +0.4189
   1405    224403   163   -5.607    4804     94    212  -0.8005  -0.7391  -0.1930  -1.0000
   1406    224566   163   +3.876    6217     95    164  -0.0184  -0.3682  +0.1150  +0.6333
   1407    224724   158   +7.352    6282     82    231  +0.1074  -0.3513  +0.0554  +0.9188
   1408    224885   161   +3.557    6325     98    202  -0.0243  -0.3399  +0.2058  +0.6066
   1409    225047   162   +9.372    7765     94    214  +0.2638  +0.0380  +0.5176  +1.0000
   1410    225209   162   -5.736    4256     98    227  -0.8707  -0.8828  -0.4461  -1.0000
   1411    225364   155   +6.352    7570    103    227  +0.1724  -0.0132  +0.5181  +0.8322
   1412    225525   161   -6.382    4492     99    180  -0.8403  -0.8211  -0.3481  -1.0000
   1413    225690   165   +4.732    6766     99    179  +0.0493  -0.2241  +0.2005  +0.7125
   1414    225848   158   -6.163    3906    101    210  -0.9105  -0.9749  -0.6025  -1.0000
   1415    226012   164   -6.037    4366    120    232  -0.8801  -0.8542  -0.5673  -1.0000
   1416    226169   157   +3.852    6274     94    216  -0.0235  -0.3534  -0.0821  +0.6737
   1417    226324   155   +2.845    5420     86    214  -0.1082  -0.5773  -0.0903  +0.5707
   1418    226490   166   +0.904    5027    101    229  -0.2949  -0.6807  -0.1207  +0.2420
   1419    226649   159   +8.582    6439     74    208  +0.2144  -0.3099  +0.5263  +1.0000
   1420    226802   153   +5.199    6754     92    237  +0.1124  -0.2272  +0.2816  +0.8423
   1421    226959   157   +4.345    5368     86    257  -0.1246  -0.5909  -0.0767  +0.5519
   1422    227120   161   -6.192    3965    103    241  -0.9008  -0.9592  -0.4990  -1.0000
   1423    227277   157   +2.887    5693     92    231  -0.0860  -0.5057  +0.1551  +0.5504
   1424    227437   160   +3.075    6044     97    243  -0.1005  -0.4136  -0.1320  +0.5560
   1425    227596   159   -5.679    2868    104    234  -0.9600  -1.0000  -0.9990  -1.0000
   1426    227752   156   -6.485    3078    104    223  -0.9402  -1.0000  -0.8172  -1.0000
   1427    227918   166   -5.316    4305    102    243  -0.8676  -0.8702  -0.3867  -1.0000
   1428    228075   157   -3.094    4965     82    261  -0.8069  -0.6969  -0.5042  -1.0000
   1429    228241   166   +5.211    6367     86    251  +0.0663  -0.3289  -0.0062  +0.8446
   1430    228398   157   +4.490    6551     97    213  +0.0152  -0.2806  +0.1444  +0.6829
   1431    228553   155   -5.840    4197     93    208  -0.8744  -0.8984  -0.5663  -1.0000
   1432    228715   162   +2.270    5483    100    282  -0.2018  -0.5609  +0.0484  +0.3756
   1433    228875   160   +0.021    5230    100    225  -0.2780  -0.6272  -0.3506  +0.3065
   1434    229042   167   +0.765    5281    104    231  -0.2621  -0.6139  -0.0919  +0.2756
   1435    229206   164   +1.828    5545     95    171  -0.1387  -0.5447  +0.0675  +0.4571
   1436    229366   160   +2.789    6278    109    228  -0.0657  -0.3524  +0.5779  +0.4342
   1437    229528   162   +5.062    6630    100    194  +0.0123  -0.2598  +0.1929  +0.6551
   1438    229682   154   +2.673    6492    106    218  -0.0610  -0.2959  +0.0872  +0.5297
   1439    229843   161   +0.508    5040     98    220  -0.2726  -0.6771  -0.1378  +0.2871
   1440    230005   162   -5.614    4671    100    250  -0.8287  -0.7740  -0.2267  -1.0000
   1441    230167   162   +3.423    6544     99    189  -0.0095  -0.2824  +0.0206  +0.6518
   1442    230323   156   -5.625    4132     75    186  -0.8199  -0.9155  -0.3220  -1.0000
   1443    230473   150   +3.287    5312     76    187  -0.0002  -0.6056  +0.1189  +0.7502
   1444    230636   163   -5.955    3597    103    283  -0.9410  -1.0000  -0.7353  -1.0000
   1445    230797   161   +9.482    7963     78    201  +0.3168  +0.0899  +0.6123  +1.0000
   1446    230961   164   +0.889    5816    108    197  -0.2141  -0.4736  -0.2845  +0.3433
   1447    231120   159   +4.107    5423     83    236  -0.0472  -0.5767  +0.2396  +0.6342
   1448    231276   156   -5.709    3693     82    235  -0.8876  -1.0000  -0.5861  -1.0000
   1449    231435   159   -4.702    4297     84    233  -0.8627  -0.8723  -0.6199  -1.0000
   1450    231596   161   +6.248    8076    111    233  +0.2003  +0.1198  +0.5167  +0.8215
   1451    231753   157   +7.922    6115     74    228  +0.1471  -0.3949  +0.0878  +1.0000
   1452    231911   158   -4.738    3933     94    243  -0.9199  -0.9678  -0.7760  -1.0000
   1453    232072   161   +3.832    5344     85    228  -0.0892  -0.5973  +0.1718  +0.5661
   1454    232237   165   +2.213    5512     95    237  -0.1949  -0.5532  -0.3293  +0.4464
   1455    232399   162   -6.181    4238     91    202  -0.8783  -0.8877  -0.6695  -1.0000
   1456    232556   157   +5.865    6336     88    289  +0.0648  -0.3371  +0.2926  +0.7940
   1457    232719   163   +5.071    7287    104    251  +0.1159  -0.0873  +0.5249  +0.7446
   1458    232884   165   -4.561    4486     99    269  -0.8851  -0.8226  -0.6623  -1.0000
   1459    233041   157   -4.791    4945     64    199  -0.7603  -0.7022  -0.4217  -1.0000
   1460    233205   164   +2.677    5842    103    235  -0.1534  -0.4666  +0.0424  +0.4232
   1461    233369   164   +3.574    6649    108    282  -0.0362  -0.2550  +0.2615  +0.5469
   1462    233527   158   -5.645    4291     96    228  -0.8814  -0.8737  -0.6146  -1.0000
   1463    233687   160   +2.410    6021    104    276  -0.1178  -0.4197  +0.2371  +0.4497
   1464    233844   157   -5.201    4587     82    229  -0.7975  -0.7961  -0.2062  -1.0000
   1465    234007   163   +6.235    7416    104    240  +0.1262  -0.0535  +0.4069  +0.7748
   1466    234171   164   -5.150    4705     95    262  -0.8250  -0.7651  -0.2744  -1.0000
   1467    234333   162   +4.612    7317    110    219  +0.0967  -0.0796  +0.6017  +0.6605
   1468    234499   166   -5.366    4077     78    252  -0.8544  -0.9298  -0.4692  -1.0000
   1469    234661   162   +7.592    7902    106    200  +0.2335  +0.0740  +0.7429  +0.8642
   1470    234823   162   -5.749    4998    106    212  -0.8112  -0.6881  -0.3234  -1.0000
   1471    234986   163   -5.382    4411     89    250  -0.8356  -0.8422  -0.3228  -1.0000
   1472    235144   158   -5.041    4417     90    280  -0.8486  -0.8407  -0.3989  -1.0000
   1473    235306   162   +2.542    5938     98    239  -0.1305  -0.4414  -0.1519  +0.5080
   1474    235464   158   +9.608    6924     69    186  +0.2715  -0.1827  +0.6546  +1.0000
   1475    235618   154   -5.938    2681     74    177  -0.8850  -1.0000  -0.7826  -1.0000
   1476    235779   161   -5.294    4540     95    221  -0.8536  -0.8085  -0.5205  -1.0000
   1477    235939   160   +2.388    5551     90    227  -0.1372  -0.5431  -0.2244  +0.5336
   1478    236092   153   -6.225    4685     86    244  -0.7994  -0.7704  -0.2007  -1.0000
   1479    236257   165   +0.262    5280    102    182  -0.2643  -0.6141  -0.2813  +0.2990
   1480    236421   164   +7.718    6702     89    279  +0.1022  -0.2409  +0.0703  +0.8826
   1481    236580   159   +7.227    6664     84    255  +0.1853  -0.2509  +0.4262  +0.9776
   1482    236735   155   +7.061    6705     76    242  +0.2033  -0.2401  +0.3284  +1.0000
   1483    236893   158   +5.146    7263     99    144  +0.1727  -0.0938  +0.5565  +0.8373
   1484    237056   163   -6.285    4810    104    248  -0.8276  -0.7375  -0.3100  -1.0000
   1485    237222   166   +2.502    5843     97    240  -0.1368  -0.4665  -0.1728  +0.5069
   1486    237383   161   +2.568    5528     90    236  -0.1050  -0.5491  +0.1165  +0.5342
   1487    237540   157   -6.856    4831    108    231  -0.8219  -0.7321  -0.2920  -1.0000
   1488    237704   164   +3.669    6163     92    235  -0.0313  -0.3824  -0.0458  +0.6651
   1489    237858   154   -4.929    4775     69    211  -0.7652  -0.7466  -0.2626  -1.0000
   1490    238013   155   +2.983    5520     86    247  -0.0927  -0.5511  -0.1343  +0.6130
   1491    238172   159   -5.936    3760     85    254  -0.8901  -1.0000  -0.5409  -1.0000
   1492    238325   153   +8.693    7267     82    240  +0.2691  -0.0927  +0.7108  +1.0000
   1493    238484   159   +1.797    5468     97    214  -0.2045  -0.5649  -0.2612  +0.4110
   1494    238646   162   +1.891    5751     97    222  -0.1565  -0.4905  -0.2596  +0.4867
   1495    238811   165   +0.897    5440    104    214  -0.2415  -0.5721  -0.1493  +0.3087
   1496    238973   162   +3.148    6412    104    207  -0.0332  -0.3172  +0.3584  +0.5409
   1497    239135   162   +2.794    6329    111    215  -0.1144  -0.3390  +0.0591  +0.4291
   1498    239294   159   -5.293    4779     81    192  -0.7776  -0.7458  -0.2039  -1.0000
   1499    239452   158   -6.189    4975     95    204  -0.8147  -0.6943  -0.4473  -1.0000
   1500    239613   161   +8.390    7093     86    228  +0.2257  -0.1383  +0.4577  +1.0000

  ── rolling mean (last 100 ep) ──  cum_R=+0.647  yield=5523 kg/ha  N=94  W=226 mm  R_seas=-0.3205  R_ane=+0.0459

   1501    239774   161   -5.929    4621     99    215  -0.8518  -0.7871  -0.4901  -1.0000
   1502    239932   158   +7.648    7553     93    261  +0.2370  -0.0177  +0.4333  +1.0000
   1503    240091   159   +2.006    5633     95    241  -0.1368  -0.5215  +0.0160  +0.4853
   1504    240246   155   -5.612    4457     87    271  -0.8523  -0.8301  -0.5129  -1.0000
   1505    240396   150   +2.814    5291     83    173  -0.0577  -0.6114  +0.2760  +0.5962
   1506    240556   160   -5.886    4712     95    179  -0.8120  -0.7633  -0.2844  -1.0000
   1507    240718   162   -6.081    4726    108    264  -0.8408  -0.7595  -0.3635  -1.0000
   1508    240870   152   +3.497    5899     95    253  -0.0934  -0.4516  +0.0341  +0.5510
   1509    241032   162   +1.281    5160     95    259  -0.2449  -0.6458  -0.1941  +0.3539
   1510    241184   152   -5.229    3349     75    255  -0.8785  -1.0000  -0.5833  -1.0000
   1511    241339   155   +3.412    5050     84    246  -0.1900  -0.6744  -0.3832  +0.5024
   1512    241497   158   +2.865    5445     92    183  -0.1196  -0.5710  +0.1634  +0.4862
   1513    241663   166   +2.141    5740    105    237  -0.1894  -0.4934  -0.0081  +0.3634
   1514    241823   160   +6.424    7646    106    267  +0.1670  +0.0068  +0.5672  +0.8090
   1515    241982   159   -6.257    4813    106    225  -0.8424  -0.7368  -0.4944  -1.0000
   1516    242135   153   -0.200    5285     98    188  -0.2486  -0.6129  -0.3248  +0.3436
   1517    242296   161   +6.303    6435     85    262  +0.1160  -0.3111  +0.2458  +0.8932
   1518    242460   164   +7.870    7352     92    200  +0.2384  -0.0704  +0.4667  +1.0000
   1519    242622   162   -6.522    4927    107    159  -0.7992  -0.7068  -0.2368  -1.0000
   1520    242780   158   +5.830    7478    106    226  +0.1382  -0.0374  +0.5035  +0.7654
   1521    242942   162   +3.127    6757    106    286  -0.0314  -0.2266  +0.0640  +0.5919
   1522    243102   160   +6.350    7146     94    250  +0.1548  -0.1244  +0.2287  +0.9104
   1523    243257   155   +0.282    5183    101    193  -0.2631  -0.6397  -0.1467  +0.2886
   1524    243412   155   +4.387    5117     77    240  -0.1021  -0.6569  -0.3312  +0.6643
   1525    243570   158   -0.556    5009    104    260  -0.3284  -0.6853  -0.2409  +0.2028
   1526    243728   158   -5.732    3569    101    248  -0.9280  -1.0000  -0.6590  -1.0000
   1527    243889   161   -6.587    3990     84    168  -0.8672  -0.9529  -0.5745  -1.0000
   1528    244050   161   +3.977    6012     88    236  -0.0055  -0.4220  +0.1139  +0.6976
   1529    244214   164   +4.589    6378     98    274  -0.0394  -0.3259  -0.0060  +0.6358
   1530    244376   162   +9.458    6564     80    231  +0.1673  -0.2772  +0.1032  +1.0000
   1531    244534   158   +2.306    5848     97    194  -0.1217  -0.4652  -0.1266  +0.5136
   1532    244692   158   -0.239    5013     96    205  -0.2639  -0.6843  -0.1843  +0.3096
   1533    244854   162   -5.807    4509     94    175  -0.8633  -0.8166  -0.6801  -1.0000
   1534    245005   151   -5.772    3911     92    311  -0.9250  -0.9736  -0.7473  -1.0000
   1535    245168   163   -4.006    4823     72    249  -0.7893  -0.7342  -0.4230  -1.0000
   1536    245328   160   +8.178    7450     98    229  +0.1768  -0.0445  +0.3030  +0.9074
   1537    245490   162   +1.668    5321     94    254  -0.2217  -0.6033  -0.3411  +0.4146
   1538    245654   164   +7.586    7781    106    257  +0.1824  +0.0423  +0.5025  +0.8377
   1539    245812   158   -5.484    3622     89    214  -0.9055  -1.0000  -0.6686  -1.0000
   1540    245972   160   +3.642    5182     85    241  -0.1862  -0.6400  -0.5311  +0.5284
   1541    246130   158   +8.389    6321     76    285  +0.1539  -0.3410  +0.1501  +1.0000
   1542    246290   160   +7.360    6962     93    229  +0.1401  -0.1728  +0.3458  +0.8658
   1543    246443   153   -5.790    4020     99    206  -0.9154  -0.9449  -0.7528  -1.0000
   1544    246603   160   +3.394    6508    105    231  -0.0442  -0.2919  +0.1960  +0.5471
   1545    246763   160   +2.700    6073    109    264  -0.1809  -0.4059  -0.2191  +0.3929
   1546    246923   160   +7.666    6960     88    226  +0.1859  -0.1731  +0.2259  +0.9849
   1547    247079   156   +6.136    6790     91    201  +0.1569  -0.2177  +0.5897  +0.8563
   1548    247234   155   -3.550    4726     84    258  -0.8178  -0.7595  -0.4319  -1.0000
   1549    247400   166   +6.388    7473    108    242  +0.1084  -0.0385  +0.3487  +0.7359
   1550    247564   164   +5.159    7045    103    237  +0.0489  -0.1508  +0.1403  +0.7077
   1551    247721   157   +3.232    5747     89    229  -0.0869  -0.4915  -0.2360  +0.6223
   1552    247877   156   -4.801    3840     92    218  -0.9035  -0.9922  -0.6241  -1.0000
   1553    248035   158   -4.954    4997     71    206  -0.7596  -0.6885  -0.3181  -1.0000
   1554    248203   168   +7.517    7132     93    270  +0.1654  -0.1281  +0.2995  +0.9249
   1555    248363   160   +3.888    6749    116    216  -0.0341  -0.2286  +0.4651  +0.4598
   1556    248522   159   +7.515    6382     85    250  +0.1350  -0.3251  +0.4907  +0.8823
   1557    248682   160   +8.623    8189    100    270  +0.2863  +0.1494  +0.6443  +1.0000
   1558    248843   161   +7.097    7591     99    166  +0.2281  -0.0075  +0.6364  +0.9123
   1559    249006   163   +9.404    8085    106    293  +0.2457  +0.1221  +0.7009  +0.9102
   1560    249163   157   -3.981    3634    101    258  -0.9382  -1.0000  -0.7444  -1.0000
   1561    249327   164   +3.697    6447    106    268  -0.0718  -0.3079  +0.0992  +0.5262
   1562    249490   163   +4.255    6463    102    253  -0.0113  -0.3038  +0.4202  +0.5890
   1563    249644   154   -6.120    4344     90    184  -0.8401  -0.8599  -0.4050  -1.0000
   1564    249808   164   -5.473    3086    113    142  -0.9127  -1.0000  -0.6643  -1.0000
   1565    249970   162   +2.329    5899     97    260  -0.1167  -0.4518  -0.0301  +0.5201
   1566    250130   160   -4.631    4448     92    286  -0.8559  -0.8326  -0.4476  -1.0000
   1567    250298   168   -4.317    4874    105    305  -0.8358  -0.7208  -0.3486  -1.0000
   1568    250457   159   -0.250    5095    104    182  -0.2813  -0.6626  -0.0254  +0.2232
   1569    250619   162   -5.121    4622     99    244  -0.8235  -0.7868  -0.1652  -1.0000
   1570    250777   158   +5.082    5680     85    310  -0.0709  -0.5090  -0.1686  +0.6711
   1571    250940   163   +2.982    6708    108    220  -0.0279  -0.2393  +0.2075  +0.5481
   1572    251101   161   +3.750    6789    104    226  +0.0170  -0.2181  +0.2709  +0.6334
   1573    251253   152   -5.604    4748     95    241  -0.8275  -0.7537  -0.3736  -1.0000
   1574    251408   155   +0.666    5799    107    189  -0.1958  -0.4780  -0.1436  +0.3535
   1575    251570   162   +7.612    8055    105    227  +0.2523  +0.1141  +0.6472  +0.9202
   1576    251732   162   +5.991    7964    112    191  +0.1543  +0.0902  +0.2749  +0.7700
   1577    251898   166   +2.575    5938    105    290  -0.1760  -0.4416  -0.1161  +0.4111
   1578    252057   159   +7.372    7226     92    274  +0.1891  -0.1034  +0.2918  +0.9687
   1579    252213   156   -5.836    3654     94    223  -0.9162  -1.0000  -0.6908  -1.0000
   1580    252374   161   +2.389    5277     95    287  -0.2370  -0.6151  -0.2822  +0.3864
   1581    252538   164   +5.421    6144     90    253  +0.0116  -0.3875  +0.1814  +0.7129
   1582    252701   163   +8.194    7728     93    227  +0.2460  +0.0285  +0.3584  +1.0000
   1583    252859   158   +9.185    6439     68    262  +0.2104  -0.3099  +0.4717  +1.0000
   1584    253023   164   +3.196    6063    101    250  -0.1306  -0.4087  -0.1883  +0.5071
   1585    253182   159   +2.599    5969    102    223  -0.1183  -0.4333  +0.1398  +0.4610
   1586    253345   163   -4.662    4988     86    294  -0.7880  -0.6908  -0.2078  -1.0000
   1587    253501   156   +6.467    7246     95    133  +0.1914  -0.0981  +0.4290  +0.8996
   1588    253662   161   +2.722    5901    103    264  -0.1420  -0.4513  +0.1079  +0.4364
   1589    253819   157   +5.655    6430     84    222  +0.1478  -0.3123  +0.4661  +0.9013
   1590    253977   158   +4.255    6904    101    221  +0.0658  -0.1881  +0.3936  +0.7041
   1591    254135   158   +9.319    6857     77    282  +0.2149  -0.2003  +0.4188  +1.0000
   1592    254287   152   +5.576    6135     81    210  +0.1035  -0.3898  +0.1911  +0.8886
   1593    254444   157   +5.253    6682     96    270  +0.0396  -0.2461  +0.1631  +0.7347
   1594    254609   165   +5.837    7127    111    303  +0.0168  -0.1295  +0.2762  +0.6050
   1595    254767   158   +0.811    5712    108    272  -0.2244  -0.5009  -0.1407  +0.3265
   1596    254927   160   +8.199    7977    103    281  +0.2401  +0.0937  +0.5918  +0.9367
   1597    255094   167   +2.474    6094    106    332  -0.1545  -0.4004  -0.0711  +0.4437
   1598    255259   165   +2.426    6069    104    272  -0.1313  -0.4071  +0.0453  +0.4542
   1599    255415   156   +7.982    7056     92    301  +0.1798  -0.1479  +0.5913  +0.9110
   1600    255579   164   +3.295    6395    105    257  -0.0692  -0.3216  +0.1331  +0.5286

  ── rolling mean (last 100 ep) ──  cum_R=+2.087  yield=5890 kg/ha  N=96  W=240 mm  R_seas=-0.2193  R_ane=+0.2343

   1601    255741   162   +5.273    7450    108    225  +0.1103  -0.0447  +0.4196  +0.7207
   1602    255903   162   +6.730    7905    114    264  +0.1379  +0.0748  +0.4010  +0.7345
   1603    256060   157   +2.385    6363    102    209  -0.0804  -0.3299  -0.1828  +0.5666
   1604    256218   158   -6.452    4387    105    224  -0.8575  -0.8486  -0.3687  -1.0000
   1605    256376   158   +1.123    5808    108    272  -0.1910  -0.4756  +0.0498  +0.3468
   1606    256535   159   +4.391    7608    121    240  +0.0406  -0.0032  +0.2537  +0.5677
   1607    256698   163   +4.952    6970    107    204  +0.0273  -0.1705  +0.2428  +0.6282
   1608    256857   159   -5.459    4920    107    235  -0.8367  -0.7087  -0.4938  -1.0000
   1609    257019   162   +6.870    6628     92    254  +0.0919  -0.2604  +0.3132  +0.8101
   1610    257183   164   +7.431    7096     91    282  +0.1854  -0.1375  +0.4453  +0.9431
   1611    257342   159   -6.142    3621    103    216  -0.9236  -1.0000  -0.6612  -1.0000
   1612    257502   160   +6.858    6979     92    274  +0.1454  -0.1682  +0.3236  +0.8935
   1613    257665   163   +3.547    6153     97    296  -0.0922  -0.3849  -0.1756  +0.5889
   1614    257822   157   -4.402    4976     86    287  -0.7923  -0.6939  -0.2504  -1.0000
   1615    257982   160   +0.389    5177    103    250  -0.2730  -0.6412  -0.0358  +0.2585
   1616    258139   157   +3.728    6609    101    275  -0.0055  -0.2654  +0.1995  +0.6427
   1617    258301   162   +4.585    6847     99    295  +0.0237  -0.2030  -0.0298  +0.7356
   1618    258459   158   +3.932    5338     79    260  -0.0914  -0.5990  -0.3568  +0.6798
   1619    258614   155   +3.594    5536     84    256  -0.0522  -0.5470  +0.1061  +0.6481
   1620    258768   154   -5.995    4605     88    266  -0.8375  -0.7914  -0.4600  -1.0000
   1621    258922   154   +5.635    6528     89    267  +0.0849  -0.2866  +0.1857  +0.8343
   1622    259081   159   +3.371    6139     92    284  -0.0410  -0.3886  -0.0370  +0.6607
   1623    259239   158   +7.237    6233     86    249  +0.0676  -0.3640  +0.2592  +0.8030
   1624    259398   159   +3.690    5137     80    261  -0.1287  -0.6516  -0.2948  +0.6067
   1625    259564   166   -0.469    5567    114    254  -0.2912  -0.5389  -0.3236  +0.2225
   1626    259723   159   +4.335    6062     92    271  -0.0210  -0.4090  +0.2731  +0.6405
   1627    259887   164   +0.445    5704    107    234  -0.2152  -0.5029  -0.1094  +0.3291
   1628    260049   162   +0.864    5467    104    307  -0.2609  -0.5651  -0.2697  +0.3210
   1629    260210   161   +3.713    6207     91    298  -0.0296  -0.3708  -0.1544  +0.7061
   1630    260366   156   +2.075    5174     87    248  -0.1850  -0.6419  -0.2993  +0.4871
   1631    260536   170   +7.842    7446    104    304  +0.0922  -0.0456  +0.0977  +0.7862
   1632    260698   162   -5.711    4883    103    245  -0.8133  -0.7184  -0.2199  -1.0000
   1633    260853   155   -6.239    4428     73    190  -0.7871  -0.8378  -0.2145  -1.0000
   1634    261015   162   +6.548    7674    110    292  +0.1221  +0.0141  +0.3717  +0.7503
   1635    261178   163   +3.537    6648    102    214  +0.0182  -0.2550  +0.3750  +0.6288
   1636    261335   157   +5.125    6778    101    225  +0.0573  -0.2210  +0.5204  +0.6733
   1637    261502   167   -5.705    3726    117    175  -0.9215  -1.0000  -0.7028  -1.0000
   1638    261664   162   -0.911    5016    104    275  -0.3433  -0.6835  -0.3631  +0.2005
   1639    261828   164   +3.166    5743     95    253  -0.0960  -0.4925  +0.2790  +0.5091
   1640    261992   164   +6.288    7626    106    258  +0.1577  +0.0016  +0.5000  +0.8028
   1641    262152   160   +2.062    5834     93    273  -0.1042  -0.4687  -0.0975  +0.5665
   1642    262309   157   +2.050    6472    105    235  -0.0584  -0.3014  +0.1093  +0.5406
   1643    262467   158   +2.573    5981    103    309  -0.1682  -0.4302  -0.2021  +0.4523
   1644    262629   162   +5.404    6686     98    294  +0.0270  -0.2452  +0.2569  +0.6975
   1645    262790   161   +6.244    6351     89    320  +0.0381  -0.3332  +0.1052  +0.7860
   1646    262952   162   +4.293    7295    114    230  +0.0537  -0.0853  +0.4612  +0.5959
   1647    263115   163   +1.850    5202     93    316  -0.2182  -0.6347  -0.1046  +0.4016
   1648    263273   158   +5.478    5629     76    277  +0.0249  -0.5226  -0.1565  +0.8624
   1649    263431   158   -6.660    4986     96    271  -0.8348  -0.6914  -0.5320  -1.0000
   1650    263593   162   +7.811    7308     92    239  +0.2393  -0.0819  +0.6362  +0.9830
   1651    263750   157   +6.889    6468     89    294  +0.0844  -0.3025  +0.3287  +0.8172
   1652    263902   152   +0.759    5039     96    283  -0.2689  -0.6774  -0.1369  +0.3116
   1653    264058   156   +5.692    7581    107    298  +0.1276  -0.0103  +0.3918  +0.7767
   1654    264221   163   +1.850    5390     88    255  -0.1382  -0.5854  -0.1642  +0.5398
   1655    264382   161   +3.327    6613    105    237  -0.0315  -0.2642  +0.1547  +0.5742
   1656    264541   159   +4.547    6451     92    285  +0.0517  -0.3068  +0.3147  +0.7520
   1657    264702   161   +2.835    6415    103    229  -0.0608  -0.3164  +0.0355  +0.5604
   1658    264863   161   +8.984    7948     96    317  +0.2698  +0.0862  +0.6344  +1.0000
   1659    265016   153   +0.385    5471    102    216  -0.2345  -0.5639  -0.2265  +0.3415
   1660    265178   162   +6.933    7375     93    308  +0.1915  -0.0643  +0.2722  +0.9747
   1661    265340   162   +3.953    6266     93    238  -0.0100  -0.3553  +0.0597  +0.6796
   1662    265503   163   -0.353    5691    125    293  -0.2975  -0.5063  -0.0794  +0.1400
   1663    265658   155   +6.529    7458    101    342  +0.1307  -0.0426  +0.2765  +0.8499
   1664    265816   158   +2.173    6255    112    216  -0.1171  -0.3582  +0.1964  +0.4008
   1665    265982   166   +7.115    7832    108    318  +0.1369  +0.0556  +0.1983  +0.8148
   1666    266145   163   +7.728    8675    118    290  +0.2456  +0.2769  +0.5896  +0.8399
   1667    266305   160   +1.092    5662    102    308  -0.1926  -0.5139  +0.0078  +0.3909
   1668    266464   159   +8.892    7708     97    303  +0.2396  +0.0231  +0.5092  +0.9936
   1669    266626   162   +2.418    6352    113    269  -0.1312  -0.3329  +0.0374  +0.4092
   1670    266789   163   +3.595    6751    101    266  +0.0137  -0.2281  +0.1710  +0.6713
   1671    266942   153   +1.569    5005     87    290  -0.2072  -0.6862  -0.1725  +0.4424
   1672    267100   158   +2.725    5854     98    268  -0.1622  -0.4635  -0.3501  +0.4994
   1673    267263   163   +5.851    7286    102    280  +0.0996  -0.0877  +0.2293  +0.7889
   1674    267417   154   +1.287    5330     90    294  -0.1823  -0.6012  -0.2625  +0.4878
   1675    267580   163   +9.221    8073     91    335  +0.2820  +0.1188  +0.6145  +1.0000
   1676    267736   156   +6.342    7060     89    349  +0.1664  -0.1471  +0.1584  +0.9876
   1677    267897   161   +5.144    5728     85    340  -0.0503  -0.4965  -0.0094  +0.6861
   1678    268054   157   +7.845    7886     94    323  +0.2576  +0.0698  +0.5291  +1.0000
   1679    268217   163   +2.700    6176    103    292  -0.0993  -0.3791  +0.1397  +0.5005
   1680    268376   159   +2.977    6102     97    333  -0.0789  -0.3985  +0.1416  +0.5673
   1681    268538   162   +3.857    5966     93    300  -0.0885  -0.4340  -0.1693  +0.6100
   1682    268695   157   +1.360    6166    110    274  -0.1504  -0.3817  -0.0143  +0.4063
   1683    268850   155   +3.845    6288     91    306  -0.0051  -0.3497  +0.0074  +0.7189
   1684    269008   158   +4.228    6531     95    261  +0.0300  -0.2859  +0.1896  +0.7194
   1685    269170   162   +4.282    6655    105    326  -0.0435  -0.2532  +0.0736  +0.5909
   1686    269333   163   +2.272    6321    102    296  -0.0900  -0.3409  -0.0314  +0.5445
   1687    269484   151   -5.830    4448     79    257  -0.8326  -0.8324  -0.4815  -1.0000
   1688    269641   157   +2.503    5292     92    321  -0.2118  -0.6109  -0.2438  +0.4365
   1689    269804   163   +7.016    6698     91    352  +0.0811  -0.2419  +0.1519  +0.8449
   1690    269965   161   +3.698    5982     88    256  -0.0017  -0.4298  +0.1427  +0.7078
   1691    270126   161   -6.272    4896     93    241  -0.8128  -0.7151  -0.3513  -1.0000
   1692    270288   162   -3.683    4010     85    334  -0.9148  -0.9475  -0.7890  -1.0000
   1693    270452   164   -1.104    5418    108    312  -0.3059  -0.5779  -0.4190  +0.2557
   1694    270614   162   -0.526    5362    104    390  -0.3024  -0.5926  -0.3808  +0.2934
   1695    270771   157   +2.667    5854     92    299  -0.0659  -0.4636  +0.1948  +0.5908
   1696    270930   159   +0.974    5757    102    297  -0.1890  -0.4889  -0.1332  +0.4153
   1697    271088   158   +5.838    7317     99    364  +0.1367  -0.0795  +0.4157  +0.8555
   1698    271243   155   +5.070    6140     82    329  +0.0416  -0.3885  -0.1333  +0.8640
   1699    271407   164   +5.424    7787    107    368  +0.1346  +0.0437  +0.2718  +0.8166
   1700    271568   161   +6.072    7227     97    313  +0.1199  -0.1032  +0.1892  +0.8593

  ── rolling mean (last 100 ep) ──  cum_R=+2.860  yield=6189 kg/ha  N=98  W=278 mm  R_seas=-0.1224  R_ane=+0.4394

   1701    271734   166   -6.657    4780    104    341  -0.8745  -0.7453  -0.6196  -1.0000
   1702    271896   162   -0.140    5651    108    325  -0.2466  -0.5168  -0.1765  +0.3100
   1703    272059   163   +4.329    6969    107    338  -0.0283  -0.1709  -0.0982  +0.6250
   1704    272222   163   +7.927    8111    101    361  +0.2480  +0.1289  +0.4490  +1.0000
   1705    272376   154   +0.273    5263     96    368  -0.2624  -0.6187  -0.3173  +0.3686
   1706    272539   163   -0.189    5120     99    276  -0.3166  -0.6562  -0.5587  +0.2943
   1707    272707   168   +0.973    5582    106    313  -0.2545  -0.5348  -0.2518  +0.3159
   1708    272863   156   +3.277    5847     96    297  -0.1218  -0.4654  -0.0560  +0.5298
   1709    273026   163   +3.673    6143     98    337  -0.0988  -0.3877  -0.0673  +0.5672
   1710    273185   159   +3.567    5890     93    321  -0.1050  -0.4540  -0.1526  +0.5858
   1711    273350   165   +0.950    5494     94    331  -0.1855  -0.5581  -0.1520  +0.4589
   1712    273499   149   +5.437    6564     80    281  +0.1689  -0.2770  +0.2085  +1.0000
   1713    273658   159   +6.089    7038     96    305  +0.1281  -0.1529  +0.4235  +0.8422
   1714    273816   158   +4.676    5800     83    331  -0.0129  -0.4777  -0.0076  +0.7539
   1715    273980   164   +0.747    5857    105    307  -0.2044  -0.4627  -0.2479  +0.3926
   1716    274146   166   +2.049    6169    104    331  -0.1359  -0.3807  -0.0620  +0.4753
   1717    274298   152   -6.606    4787     97    255  -0.8395  -0.7436  -0.4531  -1.0000
   1718    274462   164   +3.110    6657    114    299  -0.0892  -0.2528  +0.1187  +0.4552
   1719    274621   159   -5.813    4358    104    317  -0.8902  -0.8561  -0.5364  -1.0000
   1720    274784   163   +0.975    6371    120    327  -0.1828  -0.3278  -0.0707  +0.3255
   1721    274945   161   +3.831    7136    108    344  +0.0216  -0.1272  +0.1643  +0.6590
   1722    275102   157   +3.781    6873    108    326  -0.0126  -0.1960  +0.2310  +0.5929
   1723    275266   164   +4.777    7294    115    357  +0.0127  -0.0856  +0.2759  +0.5877
   1724    275418   152   +7.381    7570     94    300  +0.2342  -0.0130  +0.4639  +1.0000
   1725    275579   161   +2.523    5762    100    343  -0.1939  -0.4878  -0.1998  +0.4361
   1726    275735   156   +1.888    6449    101    341  -0.0717  -0.3073  -0.0851  +0.5995
   1727    275896   161   +6.000    7814    111    345  +0.1378  +0.0510  +0.5050  +0.7533
   1728    276066   170   +5.121    7624    117    391  +0.0501  +0.0011  +0.3407  +0.6236
   1729    276230   164   +2.187    6375    106    371  -0.1131  -0.3267  -0.0202  +0.5029
   1730    276388   158   +4.399    6968    102    280  +0.0400  -0.1710  +0.1919  +0.7013
   1731    276546   158   +6.854    7417     91    288  +0.2308  -0.0532  +0.4587  +1.0000
   1732    276709   163   -1.742    5184    124    352  -0.3939  -0.6394  -0.2330  +0.0426
   1733    276873   164   +6.325    8420    126    386  +0.1318  +0.2101  +0.4668  +0.6637
   1734    277037   164   -5.821    4715    107    334  -0.8493  -0.7625  -0.3351  -1.0000
   1735    277199   162   +6.935    8273    114    339  +0.1877  +0.1715  +0.4781  +0.8072
   1736    277354   155   +3.115    5317    101    327  -0.1634  -0.6044  +0.8570  +0.3151
   1737    277514   160   +6.105    6909     95    332  +0.1007  -0.1866  +0.3258  +0.8255
   1738    277677   163   +5.138    7585    114    299  +0.0847  -0.0091  +0.4317  +0.6591
   1739    277836   159   -0.357    5338    112    296  -0.3131  -0.5991  -0.1969  +0.1894
   1740    277991   155   +7.137    7957    102    274  +0.2433  +0.0885  +0.5962  +0.9440
   1741    278154   163   +0.465    5524    110    331  -0.2967  -0.5502  -0.3783  +0.2583
   1742    278313   159   +5.874    6818     87    349  +0.1337  -0.2106  +0.0700  +0.9599
   1743    278472   159   +7.830    8687    107    351  +0.2920  +0.2801  +0.4962  +1.0000
   1744    278635   163   +4.839    7508    114    318  +0.0442  -0.0294  +0.1630  +0.6449
   1745    278800   165   +5.435    7380    100    359  +0.1129  -0.0630  +0.2340  +0.8353
   1746    278963   163   +0.591    5189     99    347  -0.2923  -0.6380  -0.3481  +0.3163
   1747    279131   168   +7.035    8062    107    358  +0.2089  +0.1160  +0.5600  +0.8813
   1748    279289   158   +4.140    7161    111    420  -0.0189  -0.1206  +0.0574  +0.6087
   1749    279450   161   +4.708    7082    104    342  +0.0423  -0.1412  +0.2350  +0.7009
   1750    279604   154   +1.984    6119    105    322  -0.1343  -0.3941  +0.0431  +0.4579
   1751    279769   165   +4.539    7455    115    387  +0.0270  -0.0432  +0.2336  +0.6187
   1752    279927   158   +2.999    6858    112    285  -0.0487  -0.2000  +0.0545  +0.5340
   1753    280086   159   +6.268    6970     95    337  +0.1108  -0.1705  +0.3821  +0.8307
   1754    280241   155   +1.423    5934    101    324  -0.1730  -0.4426  -0.2881  +0.4750
   1755    280395   154   +0.241    5366     99    340  -0.2420  -0.5916  -0.1184  +0.3550
   1756    280562   167   +5.424    8120    118    352  +0.1520  +0.1312  +0.5641  +0.7263
   1757    280726   164   +4.393    6694     98    391  +0.0061  -0.2429  +0.1328  +0.7091
   1758    280883   157   +6.278    6422     86    316  +0.0990  -0.3143  +0.3182  +0.8605
   1759    281048   165   +2.897    6170    102    394  -0.1285  -0.3806  -0.0514  +0.5145
   1760    281205   157   +0.129    6230    115    316  -0.1974  -0.3649  -0.2540  +0.3541
   1761    281369   164   +5.947    6517     87    359  +0.0785  -0.2896  +0.0675  +0.8753
   1762    281521   152   +1.787    5636     87    280  -0.0705  -0.5208  +0.0646  +0.6191
   1763    281686   165   +2.556    6424    110    375  -0.1386  -0.3140  -0.1259  +0.4594
   1764    281853   167   +4.458    6236     96    407  -0.0686  -0.3633  +0.0228  +0.6227
   1765    282007   154   +3.948    6400    101    324  -0.0401  -0.3201  +0.3119  +0.5811
   1766    282168   161   +2.888    7203    121    322  -0.0432  -0.1094  +0.1024  +0.4930
   1767    282328   160   -6.670    3910     94    388  -0.9216  -0.9736  -0.5608  -1.0000
   1768    282485   157   +4.444    6497     91    305  +0.0519  -0.2947  +0.1533  +0.7876
   1769    282645   160   +7.277    7916    101    379  +0.2296  +0.0778  +0.5734  +0.9616
   1770    282811   166   +4.676    7243    110    380  +0.0082  -0.0990  +0.0966  +0.6383
   1771    282969   158   +3.806    7465    115    392  +0.0273  -0.0408  +0.2093  +0.6261
   1772    283131   162   +2.550    6801    112    383  -0.0652  -0.2151  +0.1440  +0.5165
   1773    283295   164   +7.382    8825    123    397  +0.2221  +0.3164  +0.6115  +0.7910
   1774    283457   162   +1.130    6395    111    384  -0.1465  -0.3214  -0.1002  +0.4413
   1775    283619   162   +9.052    8783    112    396  +0.2874  +0.3053  +0.5809  +0.9683
   1776    283770   151   +6.805    7612    101    401  +0.1633  -0.0021  +0.4397  +0.8877
   1777    283932   162   +5.696    7637    112    362  +0.0842  +0.0044  +0.3240  +0.6998
   1778    284092   160   +1.380    5721    104    348  -0.2061  -0.4985  -0.0424  +0.3747
   1779    284250   158   +3.934    6674    102    411  -0.0504  -0.2484  -0.0740  +0.6394
   1780    284409   159   +1.291    6345    116    336  -0.1577  -0.3347  +0.0309  +0.3707
   1781    284572   163   +5.791    7575    104    369  +0.1298  -0.0118  +0.3398  +0.8227
   1782    284730   158   +9.014    8542     99    304  +0.3032  +0.2420  +0.6151  +1.0000
   1783    284891   161   +2.394    6428     99    392  -0.0516  -0.3128  +0.0923  +0.6236
   1784    285046   155   +2.029    6138    104    381  -0.1432  -0.3889  -0.0583  +0.4801
   1785    285209   163   +6.571    7886    109    348  +0.1543  +0.0697  +0.3885  +0.8128
   1786    285369   160   +3.844    7467    117    363  +0.0348  -0.0401  +0.3369  +0.6017
   1787    285533   164   +0.313    5498    107    379  -0.2787  -0.5568  -0.2081  +0.2830
   1788    285702   169   +7.747    8598    119    359  +0.2306  +0.2566  +0.7097  +0.8110
   1789    285864   162   +4.420    6783    100    379  +0.0091  -0.2198  +0.1872  +0.6929
   1790    286027   163   +3.496    6984    114    403  -0.0362  -0.1669  +0.2981  +0.5278
   1791    286187   160   -1.326    5316    109    319  -0.3380  -0.6048  -0.5059  +0.2165
   1792    286349   162   +5.923    7753    106    382  +0.1181  +0.0348  +0.1053  +0.8278
   1793    286509   160   +4.676    7116    106    356  +0.0297  -0.1323  +0.2066  +0.6761
   1794    286674   165   +2.526    6654    114    402  -0.1220  -0.2534  -0.0565  +0.4557
   1795    286834   160   +5.246    7622    103    367  +0.1359  +0.0005  +0.2712  +0.8468
   1796    286999   165   +4.701    6917    104    393  -0.0047  -0.1844  +0.0951  +0.6645
   1797    287160   161   -1.779    5172    122    370  -0.4045  -0.6426  -0.3807  +0.0617
   1798    287320   160   +4.831    7057    111    354  -0.0132  -0.1478  +0.1829  +0.5837
   1799    287485   165   +4.357    7523    119    361  +0.0107  -0.0255  +0.1519  +0.5776
   1800    287645   160   +1.418    6286    112    358  -0.1997  -0.3501  -0.4366  +0.4003

  ── rolling mean (last 100 ep) ──  cum_R=+3.322  yield=6667 kg/ha  N=105  W=346 mm  R_seas=-0.0643  R_ane=+0.5316

   1801    287805   160   +1.860    6726    114    367  -0.1100  -0.2347  -0.1361  +0.4809
   1802    287962   157   +7.530    7882     89    333  +0.2620  +0.0689  +0.5096  +1.0000
   1803    288127   165   -5.203    4932    126    415  -0.8590  -0.7055  -0.4547  -1.0000
   1804    288286   159   +3.348    6463    101    358  -0.0545  -0.3036  +0.1297  +0.5929
   1805    288441   155   +6.001    7748    107    375  +0.1528  +0.0336  +0.5141  +0.8104
   1806    288603   162   +5.202    7333    112    398  -0.0003  -0.0754  -0.0204  +0.6383
   1807    288760   157   +2.863    6723    109    340  -0.0585  -0.2353  +0.1075  +0.5390
   1808    288913   153   +5.423    7544    105    409  +0.0975  -0.0201  +0.2330  +0.7891
   1809    289073   160   +5.912    8312    116    370  +0.1736  +0.1816  +0.4279  +0.7896
   1810    289233   160   +4.821    6996     98    394  +0.0675  -0.1638  +0.2214  +0.7909
   1811    289392   159   +1.547    6410    113    377  -0.1576  -0.3177  -0.1605  +0.4235
   1812    289555   163   +7.645    8797    118    355  +0.2250  +0.3090  +0.3344  +0.8562
   1813    289715   160   +6.068    7695    105    355  +0.1441  +0.0197  +0.3341  +0.8353
   1814    289876   161   +3.296    7501    124    420  -0.0036  -0.0312  +0.3875  +0.5084
   1815    290035   159   +2.795    7067    126    375  -0.1075  -0.1452  +0.0072  +0.3983
   1816    290190   155   +9.093    8951    108    324  +0.3312  +0.3493  +0.6749  +1.0000
   1817    290351   161   +9.151    8800    118    366  +0.2424  +0.3096  +0.4982  +0.8628
   1818    290513   162   +5.241    7820    119    411  +0.0319  +0.0524  -0.0076  +0.6406
   1819    290676   163   +5.086    7591    118    336  +0.0791  -0.0077  +0.6393  +0.6063
   1820    290841   165   +0.461    6292    116    358  -0.1894  -0.3485  -0.1488  +0.3531
   1821    290999   158   +4.920    7295    106    352  +0.0566  -0.0854  +0.1795  +0.7192
   1822    291155   156   +5.249    8017    110    360  +0.1494  +0.1041  +0.2506  +0.8180
   1823    291313   158   +2.549    6224    113    414  -0.1888  -0.3665  -0.0949  +0.3734
   1824    291468   155   +5.098    7216    103    339  +0.0703  -0.1059  +0.2421  +0.7461
   1825    291631   163   +6.365    8062    109    342  +0.1886  +0.1160  +0.4465  +0.8531
   1826    291796   165   +5.408    7917    120    382  +0.0565  +0.0779  +0.0750  +0.6543
   1827    291961   165   +2.543    7181    125    327  -0.0683  -0.1152  +0.0934  +0.4381
   1828    292120   159   +1.824    6231    105    345  -0.1360  -0.3645  -0.0961  +0.4787
   1829    292283   163   +2.643    6353     99    308  -0.0619  -0.3326  -0.0053  +0.6031
   1830    292442   159   +2.723    6094    106    364  -0.1745  -0.4006  -0.2104  +0.4408
   1831    292610   168   +5.427    8061    118    309  +0.1221  +0.1159  +0.3354  +0.7023
   1832    292768   158   +6.802    8490    111    286  +0.2561  +0.2282  +0.5013  +0.9169
   1833    292924   156   +2.877    6497    112    387  -0.1409  -0.2948  -0.1701  +0.4570
   1834    293086   162   +6.159    8446    119    358  +0.1769  +0.2167  +0.4436  +0.7677
   1835    293245   159   +7.404    7694    106    371  +0.1143  +0.0193  +0.1742  +0.8068
   1836    293403   158   +4.701    7026    108    342  +0.0004  -0.1560  +0.1710  +0.6214
   1837    293569   166   +7.719    8678    109    363  +0.2942  +0.2776  +0.5658  +0.9940
   1838    293724   155   +2.191    6656    119    279  -0.1096  -0.2531  +0.0913  +0.4033
   1839    293886   162   +7.930    7720     98    349  +0.2095  +0.0263  +0.3469  +0.9782
   1840    294049   163   +5.249    7332    107    370  +0.0619  -0.0756  +0.2671  +0.7115
   1841    294210   161   +7.974    8879    118    362  +0.2638  +0.3304  +0.5725  +0.8833
   1842    294366   156   +2.145    6397    109    322  -0.1124  -0.3209  +0.0591  +0.4629
   1843    294527   161   +2.121    6547    120    372  -0.1629  -0.2816  -0.0890  +0.3682
   1844    294691   164   +5.156    7115    104    353  +0.0546  -0.1326  +0.2920  +0.7161
   1845    294847   156   +5.917    7466     98    337  +0.1683  -0.0406  +0.3591  +0.9102
   1846    295012   165   +7.232    8364    119    385  +0.1569  +0.1952  +0.3938  +0.7537
   1847    295173   161   +3.611    6961    109    348  -0.0291  -0.1729  +0.0312  +0.5955
   1848    295337   164   +5.689    7611    112    359  +0.0499  -0.0023  -0.0052  +0.6997
   1849    295506   169   +8.813    8270    105    353  +0.2599  +0.1707  +0.5856  +0.9664
   1850    295669   163   +8.532    8296    109    384  +0.2101  +0.1775  +0.3819  +0.9004
   1851    295824   155   +3.912    6334    100    280  -0.0339  -0.3374  +0.3648  +0.5775
   1852    295986   162   +1.866    6647    118    337  -0.1180  -0.2554  +0.0736  +0.4101
   1853    296145   159   +7.096    8291    114    371  +0.1615  +0.1760  +0.2432  +0.8097
   1854    296307   162   +7.749    7585     98    334  +0.1837  -0.0091  +0.3732  +0.9274
   1855    296461   154   +3.530    6621     99    279  +0.0116  -0.2623  +0.2272  +0.6734
   1856    296619   158   +3.393    7085    113    315  -0.0145  -0.1405  +0.1711  +0.5644
   1857    296777   158   -0.236    5629    110    361  -0.2804  -0.5226  -0.3332  +0.2819
   1858    296939   162   +5.919    7800    115    316  +0.0792  +0.0472  +0.0927  +0.7011
   1859    297100   161   +6.905    8142    108    348  +0.2117  +0.1371  +0.4944  +0.8879
   1860    297258   158   +8.835    8597    104    339  +0.3061  +0.2564  +0.6787  +1.0000
   1861    297411   153   +5.969    7180     94    309  +0.1580  -0.1154  +0.3745  +0.9023
   1862    297564   153   +2.274    6175    101    262  -0.0835  -0.3794  +0.1292  +0.5320
   1863    297721   157   +5.698    7798    109    374  +0.1187  +0.0466  +0.2340  +0.7870
   1864    297878   157   +4.518    7305    117    343  -0.0309  -0.0827  -0.0988  +0.5651
   1865    298035   157   +8.252    8573    105    338  +0.2860  +0.2501  +0.4920  +1.0000
   1866    298193   158   +2.180    6265    105    338  -0.1172  -0.3557  +0.0155  +0.4898
   1867    298358   165   +4.527    7730    112    350  +0.1213  +0.0289  +0.4918  +0.7310
   1868    298522   164   +5.235    6874    101    324  +0.0113  -0.1957  +0.0085  +0.7076
   1869    298685   163   +6.577    7925    119    386  +0.0785  +0.0801  +0.2467  +0.6667
   1870    298842   157   +8.973    8804    107    306  +0.3111  +0.3107  +0.5430  +1.0000
   1871    299000   158   +5.862    7593    101    328  +0.1752  -0.0070  +0.4877  +0.8811
   1872    299153   153   +4.157    6914    101    356  -0.0054  -0.1854  -0.1461  +0.7098
   1873    299316   163   +6.865    9372    131    346  +0.2549  +0.4599  +0.5360  +0.7830
   1874    299475   159   +7.418    7923    100    345  +0.2271  +0.0795  +0.4477  +0.9730
   1875    299633   158   +2.513    6076    102    325  -0.1481  -0.4053  -0.2121  +0.4953
   1876    299792   159  +10.719    9347    109    378  +0.3379  +0.4533  +0.5638  +1.0000
   1877    299954   162   +6.362    7144     99    275  +0.0888  -0.1249  +0.1393  +0.8019
   1878    300110   156   +5.218    7198    107    363  +0.0191  -0.1107  +0.0350  +0.6820
   1879    300269   159   +6.713    8332    108    342  +0.2486  +0.1869  +0.5365  +0.9362
   1880    300432   163   +9.111    7883     95    319  +0.2688  +0.0691  +0.6499  +1.0000
   1881    300589   157   +5.322    7265     99    296  +0.1278  -0.0932  +0.3674  +0.8308
   1882    300745   156   +4.849    7476    109    340  +0.0675  -0.0379  +0.1660  +0.7161
   1883    300905   160   +5.794    7817    111    268  +0.1501  +0.0518  +0.4860  +0.7593
   1884    301068   163   +7.863    8609    112    291  +0.2756  +0.2595  +0.6275  +0.9166
   1885    301232   164   -1.028    5344    113    368  -0.3620  -0.5974  -0.5406  +0.1792
   1886    301390   158   +5.392    7223    102    348  +0.0798  -0.1041  +0.2784  +0.7627
   1887    301544   154   +7.616    7911    107    360  +0.1761  +0.0764  +0.4895  +0.8426
   1888    301706   162   +9.552    8519    108    393  +0.2416  +0.2360  +0.2783  +0.9717
   1889    301871   165   +8.306    8759    115    312  +0.2701  +0.2990  +0.5420  +0.9074
   1890    302033   162   +6.624    7883    112    408  +0.1189  +0.0690  +0.3112  +0.7665
   1891    302191   158   +9.926    8389    103    335  +0.2868  +0.2017  +0.6158  +1.0000
   1892    302347   156   +7.183    7194     97    354  +0.1078  -0.1119  +0.1973  +0.8484
   1893    302512   165   +7.966    8382    105    324  +0.2484  +0.2001  +0.2562  +0.9908
   1894    302673   161   +4.354    7188    105    262  +0.0663  -0.1135  +0.2539  +0.7088
   1895    302833   160   +5.228    8176    118    307  +0.1527  +0.1458  +0.4624  +0.7275
   1896    302990   157   +3.987    6368     95    273  -0.0071  -0.3285  +0.1568  +0.6682
   1897    303149   159   +3.528    6894    102    394  -0.0066  -0.1907  +0.0157  +0.6839
   1898    303318   169   +4.263    6824    111    412  -0.0724  -0.2089  +0.0161  +0.5375
   1899    303476   158   +9.929    8890     99    347  +0.3138  +0.3332  +0.5610  +1.0000
   1900    303632   156   +4.262    6444    100    380  -0.0655  -0.3086  +0.0121  +0.6061

  ── rolling mean (last 100 ep) ──  cum_R=+5.301  yield=7474 kg/ha  N=109  W=347 mm  R_seas=+0.0700  R_ane=+0.7056

   1901    303793   161   +3.259    5915     94    369  -0.0910  -0.4474  +0.0695  +0.5819
   1902    303956   163   +3.864    6845    112    394  -0.0860  -0.2035  -0.1090  +0.5245
   1903    304112   156   +9.066    7693     93    374  +0.2411  +0.0192  +0.5497  +1.0000
   1904    304265   153   -6.407    4084     92    318  -0.9104  -0.9282  -0.7042  -1.0000
   1905    304425   160   +7.265    7817    100    274  +0.2100  +0.0517  +0.3430  +0.9473
   1906    304588   163   +3.362    6743    106    357  -0.0612  -0.2303  -0.1307  +0.5950
   1907    304750   162   +8.303    8078     94    352  +0.2654  +0.1203  +0.5177  +1.0000
   1908    304910   160   +5.959    7372    100    347  +0.1286  -0.0652  +0.3234  +0.8479
   1909    305065   155   +7.741    8098     97    311  +0.2721  +0.1254  +0.5768  +1.0000
   1910    305224   159   +8.423    8050     93    347  +0.2629  +0.1130  +0.4920  +1.0000
   1911    305387   163   +6.546    8456    119    352  +0.1633  +0.2194  +0.2490  +0.7783
   1912    305546   159   +4.934    6775    104    386  -0.0316  -0.2219  +0.0873  +0.6200
   1913    305706   160   +4.982    7029    101    292  +0.0725  -0.1552  +0.3388  +0.7406
   1914    305866   160   +2.050    6103    105    324  -0.1542  -0.3981  -0.1494  +0.4594
   1915    306026   160   +3.150    6428    106    332  -0.0754  -0.3128  +0.1837  +0.5230
   1916    306180   154   +7.956    8313     97    336  +0.2692  +0.1818  +0.4336  +1.0000
   1917    306346   166   +3.963    6928    106    297  +0.0006  -0.1817  +0.0868  +0.6422
   1918    306505   159   +6.964    7844    105    353  +0.1915  +0.0587  +0.5568  +0.8726
   1919    306660   155   +3.221    6437    102    320  -0.0687  -0.3106  +0.0276  +0.5729
   1920    306817   157   +7.302    8005     99    312  +0.2307  +0.1011  +0.2598  +1.0000
   1921    306970   153   +7.572    7327     86    295  +0.2213  -0.0769  +0.3588  +1.0000
   1922    307130   160   +9.660    8343    102    333  +0.2735  +0.1897  +0.5100  +1.0000
   1923    307288   158   +7.677    8145     97    318  +0.2591  +0.1379  +0.4252  +1.0000
   1924    307441   153   +6.720    6544     82    364  +0.1358  -0.2824  +0.1030  +0.9870
   1925    307600   159  +11.670    9358    105    377  +0.3423  +0.4563  +0.5977  +1.0000
   1926    307762   162   -0.203    5363    101    359  -0.2918  -0.5925  -0.4637  +0.3289
   1927    307921   159   +6.613    7229     98    296  +0.1205  -0.1027  +0.2563  +0.8418
   1928    308079   158   +5.945    6754     93    340  +0.0755  -0.2272  +0.2013  +0.8149
   1929    308239   160   +4.907    6826     98    338  +0.0381  -0.2083  +0.1491  +0.7433
   1930    308397   158   +6.427    8000    110    286  +0.1831  +0.0996  +0.4856  +0.8187
   1931    308555   158   +3.139    6134     91    341  -0.0416  -0.3901  -0.0676  +0.6833
   1932    308717   162   +7.314    8419    109    321  +0.2521  +0.2096  +0.5147  +0.9285
   1933    308878   161   +6.526    7886    105    347  +0.1943  +0.0698  +0.5334  +0.8764
   1934    309037   159   +2.718    6021     91    343  -0.0710  -0.4196  -0.1878  +0.6577
   1935    309191   154   +5.572    7155     99    282  +0.1012  -0.1221  +0.2243  +0.8111
   1936    309356   165   +3.027    6432    102    367  -0.0863  -0.3119  -0.1220  +0.5848
   1937    309519   163   +4.632    7073    112    368  -0.0400  -0.1436  -0.0746  +0.5840
   1938    309674   155   +9.753    8224     95    305  +0.2844  +0.1586  +0.5733  +1.0000
   1939    309836   162   +1.430    6364    104    330  -0.1120  -0.3298  -0.1395  +0.5221
   1940    309992   156   +6.193    6887     91    361  +0.1180  -0.1923  +0.2242  +0.8928
   1941    310143   151   +7.016    7334     92    270  +0.2195  -0.0750  +0.4733  +0.9830
   1942    310195    52   -8.404       0      5     65  -0.7684  -1.0000  -1.0000  -1.0000
   1943    310353   158   +3.328    6306     97    317  -0.0627  -0.3448  -0.1027  +0.6271
   1944    310507   154   +6.824    7618     97    351  +0.2102  -0.0004  +0.5092  +0.9561
   1945    310662   155   +7.191    7163     94    366  +0.1251  -0.1200  +0.1652  +0.8968
   1946    310813   151   +7.117    7247     88    287  +0.2026  -0.0978  +0.2315  +1.0000
   1947    310970   157   +1.827    6079     93    321  -0.0649  -0.4045  -0.0388  +0.6289
   1948    311130   160   +5.322    6980    100    361  +0.0330  -0.1680  +0.0190  +0.7535
   1949    311294   164   +5.787    7695    109    328  +0.1305  +0.0196  +0.4366  +0.7653
   1950    311457   163   +7.363    7756    111    354  +0.0890  +0.0356  +0.1036  +0.7446
   1951    311618   161   +6.039    7936    114    322  +0.1220  +0.0829  +0.3093  +0.7341
   1952    311783   165   +6.836    8210    112    320  +0.2051  +0.1547  +0.5375  +0.8391
   1953    311942   159   +6.977    7463    103    255  +0.1122  -0.0412  +0.0881  +0.8173
   1954    312096   154   +5.104    7016    106    286  +0.0589  -0.1586  +0.5209  +0.6609
   1955    312250   154   +4.785    6695     90    285  +0.1110  -0.2427  +0.2920  +0.8573
   1956    312410   160   +7.445    8332    104    316  +0.2825  +0.1867  +0.5818  +1.0000
   1957    312572   162   +2.323    6145    105    304  -0.1404  -0.3871  -0.0975  +0.4670
   1958    312735   163   +4.627    6421     97    313  -0.0251  -0.3146  +0.0488  +0.6616
   1959    312893   158   +6.721    6731     93    323  +0.0547  -0.2333  +0.0059  +0.8093
   1960    313059   166   +6.307    7959    108    303  +0.2033  +0.0889  +0.6372  +0.8446
   1961    313215   156   +6.995    7635     96    320  +0.2066  +0.0040  +0.2830  +0.9842
   1962    313377   162   +7.525    8388    104    336  +0.2847  +0.2015  +0.5977  +1.0000
   1963    313534   157   +5.277    6653     96    318  +0.0057  -0.2539  -0.1059  +0.7375
   1964    313697   163   +4.342    7010    106    322  +0.0015  -0.1601  +0.0096  +0.6595
   1965    313859   162   +3.469    6660    105    342  -0.0554  -0.2520  -0.0298  +0.5924
   1966    314016   157   +5.190    6876     97    327  +0.0697  -0.1952  +0.2555  +0.7780
   1967    314179   163   +7.667    7846    102    270  +0.2228  +0.0595  +0.5548  +0.9199
   1968    314341   162   +8.686    8430    106    317  +0.2766  +0.2126  +0.5475  +0.9782
   1969    314506   165   +5.166    7679    112    328  +0.0776  +0.0156  +0.1035  +0.7187
   1970    314673   167   +8.390    8545    107    336  +0.2860  +0.2427  +0.5288  +0.9945
   1971    314828   155   +1.607    6059    102    250  -0.1429  -0.4097  -0.2485  +0.4921
   1972    314988   160  +10.397    8855     98    346  +0.3028  +0.3241  +0.4556  +1.0000
   1973    315145   157   +1.917    5844     93    307  -0.0961  -0.4662  +0.0217  +0.5685
   1974    315303   158   +5.843    7237     96    351  +0.1489  -0.1006  +0.4047  +0.8854
   1975    315463   160   +1.623    5597     98    362  -0.2433  -0.5309  -0.5482  +0.4256
   1976    315622   159   +6.930    8065    111    335  +0.1736  +0.1167  +0.4491  +0.8119
   1977    315787   165   +5.176    7105    104    303  +0.0392  -0.1352  +0.1014  +0.7084
   1978    315948   161   +4.684    7210    104    270  +0.0706  -0.1077  +0.2152  +0.7287
   1979    316105   157   +7.416    7719    100    331  +0.2034  +0.0260  +0.5017  +0.9287
   1980    316265   160   +9.125    8489     96    282  +0.3034  +0.2281  +0.5579  +1.0000
   1981    316423   158   +8.207    7899    101    330  +0.2163  +0.0731  +0.3915  +0.9584
   1982    316582   159   +8.962    8377    111    334  +0.2273  +0.1988  +0.4809  +0.8865
   1983    316738   156   +7.516    7985     96    233  +0.2589  +0.0958  +0.3757  +1.0000
   1984    316894   156   +7.970    7986     92    302  +0.2685  +0.0962  +0.4998  +1.0000
   1985    317052   158   +1.722    5930    102    278  -0.1631  -0.4435  -0.1601  +0.4513
   1986    317214   162   +3.452    6509     99    223  -0.0302  -0.2917  -0.0664  +0.6409
   1987    317371   157   +5.852    6756    100    248  +0.0496  -0.2267  +0.3938  +0.6958
   1988    317526   155   +6.333    6870     92    282  +0.1071  -0.1970  +0.1251  +0.8676
   1989    317691   165   +5.507    7691    105    345  +0.1407  +0.0187  +0.3087  +0.8296
   1990    317849   158   +0.543    5614    102    309  -0.2427  -0.5265  -0.4202  +0.3808
   1991    318002   153   +3.771    6801    105    318  -0.0148  -0.2150  +0.1189  +0.6247
   1992    318168   166   +6.862    7644    100    232  +0.1784  +0.0063  +0.2100  +0.9134
   1993    318325   157   +8.911    7989    102    350  +0.2299  +0.0970  +0.4810  +0.9628
   1994    318484   159   +8.054    7792     99    284  +0.2260  +0.0452  +0.4685  +0.9608
   1995    318652   168   +5.411    7346    112    197  +0.0704  -0.0720  +0.3582  +0.6428
   1996    318807   155   +5.513    7736    111    296  +0.1233  +0.0304  +0.3868  +0.7411
   1997    318963   156   +9.707    7790     95    326  +0.2408  +0.0447  +0.4429  +1.0000
   1998    319119   156   +7.044    7380     93    251  +0.2029  -0.0630  +0.2725  +0.9802
   1999    319274   155   +4.458    6702    100    322  +0.0153  -0.2411  +0.2579  +0.6811
   2000    319433   159   +4.661    6894    100    324  +0.0230  -0.1906  +0.0367  +0.7258

  ── rolling mean (last 100 ep) ──  cum_R=+5.576  yield=7182 kg/ha  N=100  W=316 mm  R_seas=+0.0815  R_ane=+0.7568

   2001    319595   162   +9.990    9284    106    325  +0.3429  +0.4368  +0.5751  +1.0000
   2002    319755   160   +8.238    8242    117    338  +0.1619  +0.1632  +0.4166  +0.7631
   2003    319915   160   +8.652    8567    109    281  +0.2919  +0.2485  +0.5775  +0.9728
   2004    320077   162   +9.486    8717    109    367  +0.2944  +0.2879  +0.5394  +0.9964
   2005    320234   157   +7.918    8653    103    356  +0.2825  +0.2711  +0.4303  +1.0000
   2006    320394   160   +7.262    8000    105    345  +0.2064  +0.0997  +0.4733  +0.9023
   2007    320549   155   +7.646    7641     91    283  +0.2440  +0.0056  +0.4476  +1.0000
   2008    320705   156   +8.074    7672     91    312  +0.2456  +0.0137  +0.4791  +1.0000
   2009    320858   153   +8.210    7712     98    322  +0.2283  +0.0241  +0.5683  +0.9638
   2010    321021   163   +0.655    6694    127    240  -0.1631  -0.2432  -0.1776  +0.3161
   2011    321184   163   +6.937    7918    100    228  +0.2379  +0.0783  +0.3792  +0.9739
   2012    321339   155   +6.762    8081    100    267  +0.2583  +0.1209  +0.4264  +1.0000
   2013    321499   160   +1.693    6239    106    331  -0.1484  -0.3625  -0.2138  +0.4707
   2014    321659   160  +11.477    8545    110    444  +0.2200  +0.2428  +0.2612  +0.9369
   2015    321819   160   +3.387    6743    102    297  -0.0134  -0.2303  +0.0395  +0.6497
   2016    321981   162   +7.674    8386    109    282  +0.2540  +0.2011  +0.5466  +0.9157
   2017    322144   163   +5.781    7334    109    367  +0.0403  -0.0750  +0.1381  +0.6882
   2018    322304   160   +4.379    6909    113    339  -0.0610  -0.1866  +0.0018  +0.5285
   2019    322465   161   +6.629    7969    106    314  +0.2014  +0.0917  +0.4821  +0.8810
   2020    322624   159   +5.942    7269     94    319  +0.1796  -0.0922  +0.4368  +0.9291
   2021    322783   159   +2.771    6460    104    274  -0.0580  -0.3043  +0.1434  +0.5495
   2022    322941   158   +2.015    6032    101    212  -0.1167  -0.4169  -0.0519  +0.4986
   2023    323104   163   +6.671    7833    108    296  +0.1604  +0.0558  +0.3795  +0.8196
   2024    323267   163   +8.539    8420    106    332  +0.2634  +0.2100  +0.4104  +0.9866
   2025    323429   162   +9.645    8821    106    298  +0.3153  +0.3153  +0.5621  +1.0000
   2026    323588   159   +5.469    7058    105    285  +0.0442  -0.1474  +0.2770  +0.6779
   2027    323746   158   +5.835    7414    104    298  +0.1025  -0.0542  +0.1957  +0.7903
   2028    323907   161   +7.258    7880    110    356  +0.1247  +0.0683  +0.2303  +0.7826
   2029    324067   160   +6.727    7879    112    304  +0.1389  +0.0680  +0.3973  +0.7570
   2030    324232   165   +7.838    8661    115    314  +0.2475  +0.2733  +0.4725  +0.8851
   2031    324390   158   +6.741    7788    102    276  +0.2054  +0.0442  +0.4353  +0.9180
   2032    324554   164  +10.615    9186    110    347  +0.3183  +0.4110  +0.4260  +1.0000
   2033    324710   156   +7.276    7825    100    303  +0.2094  +0.0539  +0.3387  +0.9561
   2034    324872   162   +6.942    8545    117    302  +0.2315  +0.2427  +0.5967  +0.8285
   2035    325031   159   +6.142    7448    113    376  +0.0265  -0.0451  +0.0957  +0.6491
   2036    325191   160   +8.323    9003    118    269  +0.2914  +0.3630  +0.5016  +0.9148
   2037    325351   160   +9.776    8769    108    350  +0.2912  +0.3015  +0.4340  +1.0000
   2038    325511   160   +7.530    8295    102    270  +0.2671  +0.1771  +0.3831  +1.0000
   2039    325670   159  +10.567    9514    107    334  +0.3529  +0.4971  +0.5375  +1.0000
   2040    325828   158   +9.689    8653     98    334  +0.3019  +0.2712  +0.5594  +1.0000
   2041    325988   160   +3.588    6403    104    299  -0.0965  -0.3195  -0.1423  +0.5436
   2042    326143   155   +9.824    8791    100    348  +0.2992  +0.3074  +0.4879  +1.0000
   2043    326303   160   +5.869    8052    114    292  +0.1388  +0.1134  +0.2322  +0.7653
   2044    326462   159   +3.590    6214    105    357  -0.1543  -0.3691  -0.2720  +0.4844
   2045    326625   163   +9.098    9000    111    268  +0.3320  +0.3622  +0.5666  +1.0000
   2046    326780   155   +5.534    7568    111    318  +0.0849  -0.0138  +0.3026  +0.7019
   2047    326939   159   +6.868    8042    102    308  +0.2420  +0.1108  +0.4445  +0.9775
   2048    327099   160   +4.944    7341    101    268  +0.1169  -0.0733  +0.2610  +0.8106
   2049    327261   162  +10.168    8384     95    366  +0.2768  +0.2005  +0.4805  +1.0000
   2050    327424   163   +6.826    8399    117    340  +0.1619  +0.2045  +0.2118  +0.7889
   2051    327585   161   +7.253    8164    114    327  +0.1520  +0.1429  +0.2725  +0.7826
   2052    327742   157   +1.907    6408    111    256  -0.1179  -0.3181  -0.0439  +0.4483
   2053    327904   162   +8.882    8549    104    306  +0.2867  +0.2438  +0.4658  +1.0000
   2054    328071   167   +5.296    7688    112    233  +0.1200  +0.0180  +0.4017  +0.7132
   2055    328235   164   +5.965    7803    114    290  +0.1092  +0.0480  +0.3184  +0.7096
   2056    328391   156  +11.208    8823    107    385  +0.2824  +0.3159  +0.3615  +1.0000
   2057    328554   163   +8.860    9063    112    303  +0.3317  +0.3789  +0.5754  +1.0000
   2058    328713   159   +6.632    8088    114    279  +0.1667  +0.1228  +0.4005  +0.7818
   2059    328873   160   +7.898    7866    100    304  +0.1946  +0.0646  +0.1570  +0.9582
   2060    329030   157   +6.364    8120    110    256  +0.1815  +0.1312  +0.2105  +0.8524
   2061    329192   162  +10.174    8645    103    407  +0.2586  +0.2691  +0.2738  +1.0000
   2062    329355   163   +8.141    8493    108    323  +0.2734  +0.2290  +0.5235  +0.9681
   2063    329512   157  +10.687    8476    100    352  +0.2740  +0.2248  +0.4536  +1.0000
   2064    329671   159   +3.695    7185    122    359  -0.0800  -0.1141  -0.1284  +0.4754
   2065    329836   165   +7.988    8073    114    367  +0.1427  +0.1189  +0.3337  +0.7742
   2066    329998   162   +9.486    9438    113    341  +0.3459  +0.4772  +0.5277  +1.0000
   2067    330152   154   +4.649    6886     97    280  +0.0537  -0.1926  +0.0335  +0.7756
   2068    330310   158   +7.948    8701    115    294  +0.2394  +0.2838  +0.3286  +0.8867
   2069    330470   160  +11.039    9416    114    327  +0.3514  +0.4715  +0.5764  +1.0000
   2070    330629   159   +8.453    8327    107    283  +0.2572  +0.1857  +0.4976  +0.9462
   2071    330784   155   +9.115    7990     93    350  +0.2445  +0.0971  +0.3578  +1.0000
   2072    330946   162   +6.079    7812    115    338  +0.0734  +0.0503  +0.0753  +0.6976
   2073    331103   157   +4.641    7224    115    301  -0.0187  -0.1041  -0.0250  +0.5750
   2074    331267   164   +5.794    7692    109    239  +0.1323  +0.0189  +0.3519  +0.7583
   2075    331433   166   +7.753    8424    110    364  +0.2190  +0.2109  +0.3230  +0.9087
   2076    331591   158   +5.970    7676    104    276  +0.1628  +0.0148  +0.3778  +0.8443
   2077    331752   161   +6.712    7586    103    272  +0.1323  -0.0091  +0.1522  +0.8378
   2078    331911   159  +10.491    8860     99    369  +0.3093  +0.3253  +0.5640  +1.0000
   2079    332074   163  +11.124    8856    104    378  +0.3038  +0.3244  +0.5437  +1.0000
   2080    332237   163   +4.855    6920    103    383  -0.0215  -0.1836  -0.1592  +0.6819
   2081    332393   156   +8.789    8483    101    331  +0.2706  +0.2264  +0.3870  +1.0000
   2082    332549   156   +6.585    7764    113    338  +0.1133  +0.0378  +0.4007  +0.7239
   2083    332715   166   +5.775    8490    120    285  +0.1911  +0.2284  +0.4562  +0.7653
   2084    332884   169   +7.881    8684    126    363  +0.1858  +0.2794  +0.5345  +0.7301
   2085    333045   161   +6.613    8144    109    240  +0.2070  +0.1375  +0.3913  +0.8615
   2086    333207   162   +4.893    7326    107    298  +0.0477  -0.0771  +0.0409  +0.7065
   2087    333366   159   +8.670    8172    110    338  +0.1990  +0.1448  +0.4488  +0.8590
   2088    333524   158   +8.161    8839    112    282  +0.3046  +0.3200  +0.4972  +0.9803
   2089    333682   158   +0.653    5689    112    368  -0.3039  -0.5068  -0.5714  +0.2756
   2090    333843   161   +9.714    8531    116    397  +0.1895  +0.2391  +0.3137  +0.8322
   2091    334003   160   +6.520    7966    108    287  +0.1683  +0.0908  +0.2713  +0.8414
   2092    334169   166   +6.666    7867    104    282  +0.1722  +0.0648  +0.1784  +0.8888
   2093    334327   158   +7.113    7686     93    315  +0.2173  +0.0174  +0.2352  +1.0000
   2094    334487   160   +7.526    8662    111    275  +0.2856  +0.2734  +0.5502  +0.9461
   2095    334642   155   +9.214    8211    100    369  +0.2296  +0.1551  +0.2072  +1.0000
   2096    334807   165   +6.747    8343    122    306  +0.1331  +0.1898  +0.2216  +0.7112
   2097    334967   160   +7.113    7629    117    369  +0.0222  +0.0025  +0.0084  +0.6277
   2098    335125   158   +6.038    7868    111    311  +0.1161  +0.0650  +0.1286  +0.7716
   2099    335288   163   +8.510    8752    114    315  +0.2683  +0.2970  +0.4984  +0.9160
   2100    335445   157   +8.991    7740     92    312  +0.2153  +0.0315  +0.1541  +1.0000

  ── rolling mean (last 100 ep) ──  cum_R=+7.167  yield=8004 kg/ha  N=108  W=316 mm  R_seas=+0.1702  R_ane=+0.8379

   2101    335599   154   +8.080    7126     95    358  +0.1231  -0.1297  +0.2340  +0.8795
   2102    335763   164   +5.760    7969    111    308  +0.1403  +0.0916  +0.2192  +0.7917
   2103    335918   155  +10.008    9120    106    324  +0.3228  +0.3936  +0.4799  +1.0000
   2104    336076   158   +8.696    8740    104    308  +0.2926  +0.2940  +0.4028  +1.0000
   2105    336233   157   +6.351    7732    106    281  +0.1472  +0.0293  +0.2881  +0.8206
   2106    336396   163   +9.612    9411    113    324  +0.3435  +0.4702  +0.4963  +1.0000
   2107    336556   160   +8.580    8984    112    278  +0.3348  +0.3579  +0.6208  +1.0000
   2108    336712   156   +7.892    8673    109    301  +0.2947  +0.2764  +0.4782  +0.9950
   2109    336876   164   +8.776    9063    118    311  +0.2913  +0.3787  +0.4909  +0.9231
   2110    337033   157   +7.486    8215    111    310  +0.1881  +0.1562  +0.3145  +0.8477
   2111    337194   161   +6.319    8150    115    271  +0.1575  +0.1391  +0.3194  +0.7660
   2112    337352   158   +5.674    8202    128    328  +0.0713  +0.1527  +0.1678  +0.6013
   2113    337514   162   +8.658    9274    120    309  +0.3109  +0.4340  +0.5144  +0.9307
   2114    337676   162   +5.119    7181    109    325  -0.0072  -0.1153  -0.1123  +0.6416
   2115    337839   163  +10.440    8886    107    330  +0.3005  +0.3322  +0.4199  +1.0000
   2116    337996   157   +7.312    8169    108    297  +0.2081  +0.1441  +0.3878  +0.8822
   2117    338159   163  +10.065    8568    110    360  +0.2585  +0.2487  +0.4781  +0.9438
   2118    338326   167   +5.175    7520    116    312  +0.0184  -0.0262  -0.0424  +0.6277
   2119    338483   157   +6.548    7780    100    321  +0.2043  +0.0419  +0.3904  +0.9449
   2120    338640   157  +10.393    8776    114    351  +0.2601  +0.3033  +0.4043  +0.9285
   2121    338795   155   +8.358    8325    108    268  +0.2431  +0.1851  +0.4496  +0.9176
   2122    338952   157   +9.790    8415    101    359  +0.2461  +0.2086  +0.2269  +1.0000
   2123    339107   155  +10.313    8909    106    339  +0.3036  +0.3383  +0.4493  +1.0000
   2124    339263   156   +7.622    8351    109    265  +0.2512  +0.1919  +0.5253  +0.9138
   2125    339421   158  +10.069    9103    110    342  +0.3289  +0.3893  +0.5787  +1.0000
   2126    339591   170   +6.991    8030    110    297  +0.1674  +0.1075  +0.3110  +0.8225
   2127    339749   158   +7.709    8114    114    347  +0.1529  +0.1296  +0.3749  +0.7754
   2128    339906   157   +5.859    7558    113    345  +0.0631  -0.0164  +0.2351  +0.6762
   2129    340073   167   +4.693    7825    115    281  +0.1046  +0.0538  +0.2943  +0.6972
   2130    340233   160   +9.457    8800    108    319  +0.2958  +0.3098  +0.4119  +1.0000
   2131    340391   158   +7.088    7503    103    325  +0.1096  -0.0308  +0.1080  +0.8257
   2132    340554   163   +6.892    8318    120    370  +0.1445  +0.1832  +0.3289  +0.7406
   2133    340718   164   +7.928    8914    119    290  +0.2653  +0.3397  +0.4881  +0.8753
   2134    340878   160  +10.598    9031    101    327  +0.3269  +0.3704  +0.5833  +1.0000
   2135    341039   161   +7.432    8298    108    295  +0.2362  +0.1778  +0.4202  +0.9223
   2136    341203   164   +9.321    9596    122    324  +0.3441  +0.5187  +0.5308  +0.9624
   2137    341363   160   +2.656    7023    127    352  -0.1315  -0.1568  -0.1630  +0.3796
   2138    341522   159   +8.163    8516    111    294  +0.2483  +0.2352  +0.4221  +0.9162
   2139    341683   161   +9.267    8828    110    328  +0.3037  +0.3170  +0.4861  +1.0000
   2140    341849   166   +8.774    9239    122    294  +0.2974  +0.4250  +0.5040  +0.8997
   2141    342014   165   +9.275    8782    108    259  +0.3220  +0.3051  +0.5955  +1.0000
   2142    342171   157  +10.529    8874    101    353  +0.3114  +0.3291  +0.5703  +1.0000
   2143    342333   162  +11.479    9497    120    331  +0.3393  +0.4927  +0.5130  +0.9737
   2144    342493   160   +8.902    9288    117    327  +0.3391  +0.4377  +0.5928  +0.9863
   2145    342653   160   +8.043    8962    117    307  +0.2919  +0.3523  +0.5713  +0.9193
   2146    342809   156   +8.437    7932    107    383  +0.1284  +0.0820  +0.0152  +0.8471
   2147    342974   165   +4.368    7799    119    267  +0.0666  +0.0471  +0.1315  +0.6419
   2148    343127   153  +11.759    9499    108    378  +0.3508  +0.4931  +0.5913  +1.0000
   2149    343290   163   +8.238    8152    105    336  +0.2280  +0.1397  +0.4242  +0.9403
   2150    343448   158   +8.535    8471    116    367  +0.1740  +0.2235  +0.2020  +0.8199
   2151    343612   164  +10.166    9045    111    366  +0.2938  +0.3741  +0.3023  +1.0000
   2152    343766   154   +7.418    8149    106    334  +0.2199  +0.1388  +0.4075  +0.9237
   2153    343923   157  +10.992    8721    108    372  +0.2760  +0.2889  +0.3456  +1.0000
   2154    344087   164   +4.802    7688    125    340  -0.0060  +0.0180  +0.0149  +0.5351
   2155    344248   161   +3.543    6710    106    334  -0.0576  -0.2389  -0.0834  +0.5888
   2156    344413   165   +6.441    8282    132    351  +0.0602  +0.1738  +0.1848  +0.5647
   2157    344573   160   +8.834    8446    102    254  +0.2831  +0.2168  +0.4192  +1.0000
   2158    344737   164   +8.372    9416    127    294  +0.2750  +0.4712  +0.3565  +0.8514
   2159    344899   162   +7.354    8669    126    326  +0.1776  +0.2753  +0.4314  +0.7238
   2160    345059   160   +9.633    9206    126    343  +0.2367  +0.4163  +0.2920  +0.8247
   2161    345225   166   +8.454    8942    116    328  +0.2677  +0.3470  +0.3467  +0.9265
   2162    345386   161   +9.767    8293    120    438  +0.0941  +0.1768  +0.0163  +0.7225
   2163    345546   160   +9.071    8858    110    257  +0.3146  +0.3250  +0.4695  +1.0000
   2164    345703   157   +6.966    8126    111    308  +0.1607  +0.1327  +0.1842  +0.8258
   2165    345862   159   +4.960    7540    107    318  +0.0867  -0.0209  +0.1130  +0.7580
   2166    346026   164   +6.010    7989    115    314  +0.1215  +0.0968  +0.2436  +0.7375
   2167    346189   163   +8.709    8898    111    275  +0.3138  +0.3353  +0.4627  +1.0000
   2168    346350   161   +5.278    7568    109    284  +0.0930  -0.0136  +0.2065  +0.7334
   2169    346514   164   +4.128    7036    108    282  -0.0163  -0.1533  -0.0942  +0.6218
   2170    346669   155   +7.501    8341    101    254  +0.2896  +0.1892  +0.5532  +1.0000
   2171    346833   164   +8.585    8775    115    266  +0.2757  +0.3031  +0.4886  +0.9150
   2172    346988   155   +9.183    8342    102    339  +0.2591  +0.1894  +0.3760  +1.0000
   2173    347148   160  +10.038    9054    103    332  +0.3225  +0.3763  +0.5317  +1.0000
   2174    347308   160   +9.243    8630    108    301  +0.3060  +0.2652  +0.5990  +1.0000
   2175    347466   158   +7.440    8940    114    277  +0.2979  +0.3465  +0.4266  +0.9628
   2176    347626   160   +9.583    9215    111    316  +0.3495  +0.4186  +0.6724  +1.0000
   2177    347791   165   +9.532    9552    127    331  +0.3102  +0.5071  +0.5613  +0.8799
   2178    347952   161  +10.007    9452    110    360  +0.3498  +0.4807  +0.5862  +1.0000
   2179    348112   160   +9.004    8877    101    300  +0.3158  +0.3300  +0.5321  +1.0000
   2180    348276   164  +10.165    9549    123    351  +0.3304  +0.5064  +0.5637  +0.9375
   2181    348433   157   +4.470    7489    116    331  +0.0338  -0.0343  +0.1937  +0.6193
   2182    348592   159   +9.528    9111    113    305  +0.3347  +0.3913  +0.5769  +1.0000
   2183    348751   159   +9.474    9056    122    345  +0.2551  +0.3770  +0.4817  +0.8487
   2184    348910   159   +7.892    7862    100    268  +0.2241  +0.0634  +0.3515  +0.9700
   2185    349067   157  +12.371    9645    111    402  +0.3495  +0.5314  +0.5188  +1.0000
   2186    349225   158   +8.483    8375    109    315  +0.2360  +0.1981  +0.3773  +0.9273
   2187    349383   158   +9.060    8537    110    321  +0.2278  +0.2406  +0.1622  +0.9362
   2188    349540   157   +7.230    8551    115    322  +0.2126  +0.2445  +0.2944  +0.8633
   2189    349702   162   +8.820    8298    110    330  +0.1875  +0.1779  +0.1168  +0.8896
   2190    349860   158   +9.192    8682    113    329  +0.2341  +0.2787  +0.1908  +0.9241
   2191    350012   152   +5.666    7419     99    229  +0.1536  -0.0528  +0.2696  +0.8695
   2192    350169   157   +8.007    8528    110    312  +0.2388  +0.2383  +0.2413  +0.9420
   2193    350328   159   +6.553    8326    118    306  +0.1518  +0.1853  +0.2107  +0.7633
   2194    350485   157   +6.878    7773    108    326  +0.1162  +0.0401  +0.1340  +0.7919
   2195    350648   163   +6.136    7660    127    385  -0.0277  +0.0104  -0.0046  +0.5073
   2196    350812   164   +8.180    9058    124    307  +0.2364  +0.3773  +0.3510  +0.8198
   2197    350971   159   +9.470    9006    114    302  +0.3127  +0.3637  +0.5390  +0.9704
   2198    351132   161   +9.258    8724    110    328  +0.2906  +0.2898  +0.4961  +0.9818
   2199    351290   158   +6.425    8232    117    284  +0.1672  +0.1607  +0.4200  +0.7565
   2200    351444   154   +8.053    8453    100    220  +0.3027  +0.2186  +0.5548  +1.0000

  ── rolling mean (last 100 ep) ──  cum_R=+8.078  yield=8486 kg/ha  N=112  W=318 mm  R_seas=+0.2195  R_ane=+0.8739

   2201    351601   157   +5.368    7396    106    267  +0.0933  -0.0589  +0.2237  +0.7515
   2202    351764   163  +11.454    9533    110    310  +0.3643  +0.5022  +0.6035  +1.0000
   2203    351930   166   +4.514    7488    118    338  +0.0239  -0.0348  +0.2563  +0.5815
   2204    352093   163   +5.966    7731    119    344  +0.0356  +0.0291  +0.0298  +0.6299
   2205    352252   159   +6.820    8180    116    294  +0.1705  +0.1470  +0.4592  +0.7672
   2206    352412   160   +7.180    8355    124    346  +0.1172  +0.1930  +0.2062  +0.6879
   2207    352572   160  +10.192    9809    112    293  +0.3820  +0.5746  +0.5734  +1.0000
   2208    352726   154   +9.348    8839    103    303  +0.3195  +0.3199  +0.6004  +1.0000
   2209    352885   159  +11.913    9478    109    353  +0.3430  +0.4877  +0.4899  +1.0000
   2210    353049   164  +12.272   10387    131    352  +0.4005  +0.7264  +0.5306  +0.9841
   2211    353211   162   +8.188    8679    118    350  +0.2001  +0.2780  +0.2526  +0.8324
   2212    353371   160   +6.957    8216    122    357  +0.0967  +0.1564  +0.1156  +0.6865
   2213    353533   162   +9.768    9619    132    375  +0.2774  +0.5247  +0.4925  +0.8205
   2214    353700   167  +12.063    9801    123    385  +0.3611  +0.5723  +0.5438  +0.9908
   2215    353860   160   +5.485    7531    116    360  +0.0127  -0.0233  -0.0177  +0.6232
   2216    354022   162  +11.468    9829    125    330  +0.3480  +0.5797  +0.4074  +0.9672
   2217    354181   159   +6.965    8223    116    269  +0.1471  +0.1584  +0.1514  +0.7691
   2218    354344   163   +7.987    8534    115    302  +0.2131  +0.2398  +0.3158  +0.8547
   2219    354507   163  +10.040    9438    118    287  +0.3491  +0.4772  +0.4785  +1.0000
   2220    354670   163   +7.022    8799    126    260  +0.2111  +0.3094  +0.4934  +0.7459
   2221    354828   158   +8.544    8098    107    325  +0.1992  +0.1253  +0.3427  +0.8933
   2222    354987   159   +6.357    8319    119    320  +0.1390  +0.1834  +0.1812  +0.7450
   2223    355149   162   +3.330    7546    132    306  -0.0556  -0.0194  -0.0166  +0.4298
   2224    355307   158   +8.788    8644    119    325  +0.2335  +0.2689  +0.6337  +0.8167
   2225    355461   154   +8.902    7973     99    292  +0.2321  +0.0927  +0.2601  +1.0000
   2226    355620   159   +8.192    8836    119    289  +0.2296  +0.3192  +0.2521  +0.8574
   2227    355771   151   +6.096    8168    111    225  +0.2001  +0.1439  +0.3619  +0.8416
   2228    355934   163   +9.865    9128    111    325  +0.2961  +0.3958  +0.2088  +1.0000
   2229    356093   159   +9.613    8950    116    357  +0.2635  +0.3492  +0.3311  +0.9294
   2230    356251   158   +9.096    8473    120    347  +0.1494  +0.2238  +0.1571  +0.7621
   2231    356411   160   +9.175    9044    113    290  +0.3286  +0.3738  +0.5364  +1.0000
   2232    356568   157   +7.656    8094    107    310  +0.2088  +0.1243  +0.4274  +0.8911
   2233    356727   159   +8.419    8854    120    315  +0.2398  +0.3239  +0.4363  +0.8437
   2234    356884   157   +6.397    7758    111    357  +0.0889  +0.0364  +0.0955  +0.7470
   2235    357042   158  +12.543    9902    118    350  +0.3738  +0.5989  +0.5158  +1.0000
   2236    357196   154   +8.594    8862    109    274  +0.3015  +0.3260  +0.3611  +1.0000
   2237    357362   166   +5.077    8081    134    344  +0.0093  +0.1211  +0.0157  +0.5100
   2238    357519   157   +8.843    8980    111    262  +0.3260  +0.3569  +0.5112  +1.0000
   2239    357675   156   +6.495    8452    115    233  +0.2175  +0.2183  +0.3769  +0.8379
   2240    357829   154   +5.865    7354    103    322  +0.0851  -0.0697  +0.0929  +0.7911
   2241    357984   155   +7.047    8172    112    280  +0.1739  +0.1447  +0.2793  +0.8168
   2242    358139   155   +4.683    7299    108    280  +0.0476  -0.0842  +0.0841  +0.6934
   2243    358299   160   +4.059    6580    108    338  -0.1015  -0.2731  -0.1389  +0.5158
   2244    358463   164   +5.548    7646    120    298  +0.0217  +0.0069  +0.0199  +0.5941
   2245    358623   160   +9.888    9354    114    327  +0.3445  +0.4551  +0.5480  +1.0000
   2246    358780   157   +8.070    8074    106    242  +0.2338  +0.1191  +0.5144  +0.9098
   2247    358944   164   +9.622    8549    109    377  +0.2420  +0.2439  +0.2507  +0.9689
   2248    359103   159   +6.285    7964    124    353  +0.0482  +0.0902  +0.1254  +0.6026
   2249    359260   157   +5.372    7805    112    281  +0.1144  +0.0485  +0.2414  +0.7383
   2250    359419   159   +8.793    8909    110    304  +0.3177  +0.3382  +0.5379  +1.0000
   2251    359580   161  +11.138    9062    116    372  +0.2993  +0.3785  +0.5380  +0.9539
   2252    359737   157   +7.697    7722    110    327  +0.0776  +0.0266  -0.0551  +0.7512
   2253    359893   156   +7.939    8345    104    266  +0.2672  +0.1902  +0.3452  +1.0000
   2254    360052   159   +4.822    7228    111    310  -0.0133  -0.1030  -0.1493  +0.6221
   2255    360219   167   +7.943    8805    126    326  +0.1924  +0.3109  +0.3814  +0.7510
   2256    360383   164   +9.125    9458    127    268  +0.3089  +0.4824  +0.5809  +0.8636
   2257    360541   158  +10.517    9410    114    319  +0.3420  +0.4697  +0.4746  +1.0000
   2258    360698   157   +6.676    7841    114    294  +0.1165  +0.0580  +0.3082  +0.7257
   2259    360862   164   +8.652    9125    121    292  +0.2654  +0.3949  +0.3288  +0.8814
   2260    361024   162   +8.200    8433    116    319  +0.1852  +0.2133  +0.2857  +0.8156
   2261    361186   162   +9.428    9258    138    395  +0.1843  +0.4300  +0.4055  +0.6761
   2262    361348   162   +9.569    9238    120    286  +0.3053  +0.4248  +0.4837  +0.9214
   2263    361502   154   +9.424    8738    113    334  +0.2528  +0.2934  +0.3349  +0.9274
   2264    361660   158   +9.222    9378    120    275  +0.3324  +0.4615  +0.5271  +0.9515
   2265    361819   159  +11.414    9496    111    345  +0.3550  +0.4925  +0.5863  +1.0000
   2266    361982   163   +9.692    8784    115    345  +0.2402  +0.3056  +0.2894  +0.9040
   2267    362142   160   +9.215    9074    116    306  +0.3108  +0.3817  +0.5240  +0.9597
   2268    362296   154  +12.089    9174    103    395  +0.3199  +0.4078  +0.5227  +1.0000
   2269    362454   158  +10.656    9415    127    430  +0.2460  +0.4710  +0.2821  +0.8488
   2270    362611   157   +9.544    9282    118    332  +0.3088  +0.4363  +0.3987  +0.9616
   2271    362773   162   +8.081    8957    122    292  +0.2529  +0.3509  +0.5061  +0.8337
   2272    362932   159   +9.639    9565    121    322  +0.3447  +0.5105  +0.5020  +0.9755
   2273    363091   159   +7.225    8000    115    332  +0.1098  +0.0997  +0.1202  +0.7439
   2274    363247   156   +7.250    8312    111    236  +0.2063  +0.1817  +0.2322  +0.8703
   2275    363411   164   +8.139    9467    130    317  +0.2635  +0.4848  +0.3912  +0.8142
   2276    363572   161   +8.948    9017    119    319  +0.2517  +0.3666  +0.2713  +0.8894
   2277    363740   168   +7.960    9552    133    256  +0.2804  +0.5072  +0.4681  +0.8004
   2278    363900   160   +8.747    8858    112    280  +0.3100  +0.3248  +0.5362  +0.9805
   2279    364061   161   +8.684    9230    119    240  +0.3132  +0.4225  +0.4074  +0.9446
   2280    364220   159   +8.075    8917    117    309  +0.2811  +0.3404  +0.5279  +0.9114
   2281    364383   163  +10.389    9717    128    356  +0.3136  +0.5505  +0.4610  +0.8957
   2282    364544   161   +6.463    8254    116    284  +0.1524  +0.1664  +0.1762  +0.7767
   2283    364709   165   +3.536    7439    122    307  -0.0461  -0.0475  -0.2261  +0.5235
   2284    364873   164   +9.793    9363    114    310  +0.3558  +0.4574  +0.6291  +1.0000
   2285    365029   156  +10.351    9282    116    322  +0.3492  +0.4361  +0.6351  +1.0000
   2286    365182   153  +10.813    9789    127    336  +0.3434  +0.5694  +0.5548  +0.9275
   2287    365339   157   +6.406    8356    118    317  +0.1546  +0.1932  +0.2263  +0.7654
   2288    365500   161   +5.065    8081    125    260  +0.0759  +0.1209  +0.1241  +0.6179
   2289    365667   167   +6.457    8184    125    369  +0.0644  +0.1479  +0.0179  +0.6398
   2290    365824   157   +5.334    7873    116    287  +0.0933  +0.0664  +0.1824  +0.6913
   2291    365983   159  +12.528    9511    104    377  +0.3502  +0.4964  +0.5765  +1.0000
   2292    366143   160   +8.953    9196    116    276  +0.3306  +0.4136  +0.5112  +0.9814
   2293    366304   161  +11.328    9304    110    326  +0.3425  +0.4420  +0.5590  +1.0000
   2294    366460   156   +8.150    8638    118    314  +0.1925  +0.2672  +0.1885  +0.8224
   2295    366618   158   +8.960    8443    109    344  +0.2341  +0.2161  +0.3427  +0.9309
   2296    366785   167   +4.957    8390    144    287  +0.0269  +0.2020  +0.1395  +0.4512
   2297    366950   165  +11.427    9560    120    375  +0.3436  +0.5093  +0.4945  +0.9952
   2298    367111   161  +12.090    9652    106    344  +0.3635  +0.5334  +0.5676  +1.0000
   2299    367275   164  +10.266    9431    112    346  +0.3411  +0.4753  +0.4918  +1.0000
   2300    367432   157  +11.200    9012    114    421  +0.2919  +0.3654  +0.4735  +0.9784

  ── rolling mean (last 100 ep) ──  cum_R=+8.384  yield=8703 kg/ha  N=117  W=317 mm  R_seas=+0.2216  R_ane=+0.8470

   2301    367587   155   +8.179    8998    116    337  +0.2707  +0.3618  +0.2767  +0.9453
   2302    367746   159   +8.079    8845    118    334  +0.2461  +0.3216  +0.3927  +0.8787
   2303    367909   163   +7.340    9119    124    266  +0.2523  +0.3934  +0.3641  +0.8309
   2304    368067   158   +7.843    9099    120    250  +0.2893  +0.3883  +0.4936  +0.8885
   2305    368232   165   +8.245    9449    128    310  +0.2732  +0.4801  +0.3873  +0.8398
   2306    368393   161  +10.369    9752    118    314  +0.3721  +0.5596  +0.5418  +1.0000
   2307    368553   160   +5.735    8522    128    275  +0.1293  +0.2369  +0.2077  +0.6638
   2308    368713   160   +6.232    8308    121    292  +0.1190  +0.1807  +0.0447  +0.7202
   2309    368872   159   +9.670    9473    121    335  +0.3170  +0.4865  +0.4039  +0.9509
   2310    369030   158   +9.963    9259    110    308  +0.3447  +0.4302  +0.5836  +1.0000
   2311    369193   163   +7.296    8789    124    302  +0.1871  +0.3068  +0.2135  +0.7733
   2312    369354   161   +6.350    8443    123    249  +0.1650  +0.2160  +0.3577  +0.7191
   2313    369516   162   +8.336    9627    138    296  +0.2603  +0.5267  +0.5251  +0.7387
   2314    369676   160  +10.632    9339    121    394  +0.3090  +0.4513  +0.6108  +0.9229
   2315    369840   164  +10.246    9318    129    390  +0.2386  +0.4456  +0.3814  +0.8066
   2316    369999   159  +11.564    9602    111    327  +0.3568  +0.5203  +0.5078  +1.0000
   2317    370161   162   +9.033    9220    123    316  +0.2866  +0.4199  +0.5324  +0.8771
   2318    370318   157   +8.172    8538    117    329  +0.1799  +0.2409  +0.1701  +0.8174
   2319    370480   162   +8.034    9059    127    307  +0.2196  +0.3778  +0.3278  +0.7836
   2320    370643   163   +4.048    8115    146    302  -0.0272  +0.1299  +0.0529  +0.3885
   2321    370803   160   +6.040    8690    135    331  +0.1076  +0.2808  +0.2009  +0.6051
   2322    370963   160   +9.400    9198    129    336  +0.2323  +0.4143  +0.4088  +0.7832
   2323    371125   162   +4.219    8447    139    292  +0.0443  +0.2170  +0.0032  +0.5213
   2324    371283   158   +8.588    9431    133    303  +0.2757  +0.4753  +0.6788  +0.7737
   2325    371444   161   +8.509    8974    121    328  +0.2577  +0.3554  +0.5146  +0.8539
   2326    371603   159   +6.924    8959    126    283  +0.2085  +0.3513  +0.2688  +0.7783
   2327    371756   153   +9.411    9301    118    323  +0.3271  +0.4412  +0.5179  +0.9711
   2328    371919   163   +9.426    9186    117    255  +0.3274  +0.4110  +0.5275  +0.9630
   2329    372079   160   +2.583    7059    125    296  -0.1009  -0.1472  -0.0940  +0.4117
   2330    372236   157   +5.195    8133    128    320  +0.0548  +0.1346  +0.0660  +0.5941
   2331    372395   159   +7.589    8591    117    285  +0.2243  +0.2549  +0.4396  +0.8359
   2332    372556   161   +8.389    9360    128    293  +0.2777  +0.4567  +0.5052  +0.8299
   2333    372717   161   +7.956    8794    132    371  +0.1408  +0.3083  +0.3059  +0.6597
   2334    372878   161   +7.884    8341    118    356  +0.1423  +0.1891  +0.1871  +0.7617
   2335    373038   160   +8.267    9008    123    296  +0.2324  +0.3643  +0.2645  +0.8354
   2336    373198   160   +8.490    8999    124    336  +0.2227  +0.3618  +0.3373  +0.8097
   2337    373358   160   +9.510    8752    114    382  +0.2371  +0.2970  +0.2780  +0.9184
   2338    373521   163   +8.365    9518    129    264  +0.2991  +0.4983  +0.4959  +0.8490
   2339    373679   158  +10.034    9274    117    347  +0.3266  +0.4340  +0.5185  +0.9831
   2340    373841   162   +7.797    8946    130    352  +0.1728  +0.3481  +0.2601  +0.7187
   2341    374002   161   +9.766    9927    132    330  +0.3265  +0.6056  +0.4909  +0.8763
   2342    374164   162   +6.840    8407    120    274  +0.1536  +0.2066  +0.1692  +0.7530
   2343    374319   155   +9.644    9210    120    363  +0.2898  +0.4173  +0.5085  +0.9104
   2344    374482   163  +12.301    9717    121    372  +0.3546  +0.5503  +0.4779  +1.0000
   2345    374647   165   +9.273    9801    133    328  +0.3016  +0.5726  +0.4328  +0.8486
   2346    374800   153   +8.250    8939    118    297  +0.2718  +0.3462  +0.5055  +0.8857
   2347    374959   159   +5.947    8518    128    340  +0.1250  +0.2356  +0.2911  +0.6577
   2348    375123   164  +10.987    9990    135    411  +0.3087  +0.6222  +0.4798  +0.8543
   2349    375282   159   +9.423    9599    126    302  +0.3377  +0.5195  +0.6549  +0.9063
   2350    375436   154   +8.272    9106    125    314  +0.2517  +0.3902  +0.4536  +0.8270
   2351    375599   163   +6.988    8945    140    305  +0.1444  +0.3479  +0.3860  +0.5991
   2352    375763   164   +6.803    9127    142    282  +0.1407  +0.3955  +0.1644  +0.6067
   2353    375914   151   +6.089    8328    120    318  +0.1470  +0.1858  +0.3151  +0.7295
   2354    376071   157   +8.834    9181    125    312  +0.2647  +0.4097  +0.4736  +0.8419
   2355    376230   159  +10.777    9806    126    358  +0.3430  +0.5737  +0.5094  +0.9434
   2356    376380   150   +9.259    9008    113    312  +0.3175  +0.3642  +0.4861  +0.9991
   2357    376541   161   +6.842    8356    122    296  +0.1426  +0.1933  +0.2607  +0.7192
   2358    376697   156   +7.220    8441    123    346  +0.1307  +0.2155  +0.1818  +0.7139
   2359    376855   158   +5.651    8843    134    272  +0.1540  +0.3211  +0.3114  +0.6458
   2360    377019   164   +6.608    9112    134    204  +0.2095  +0.3915  +0.3444  +0.7069
   2361    377178   159   +7.461    9893    146    297  +0.2572  +0.5967  +0.4929  +0.6957
   2362    377336   158   +8.699    9111    124    348  +0.2415  +0.3913  +0.3730  +0.8340
   2363    377496   160   +9.588    9661    127    299  +0.3294  +0.5357  +0.5334  +0.9050
   2364    377652   156   +4.536    7573    126    354  -0.0375  -0.0124  -0.0881  +0.5065
   2365    377804   152   +7.043    8396    118    272  +0.1933  +0.2037  +0.4326  +0.7872
   2366    377964   160   +4.181    7639    115    247  +0.0560  +0.0049  -0.0009  +0.6670
   2367    378125   161   +7.963    8195    115    358  +0.1436  +0.1509  +0.2216  +0.7813
   2368    378288   163   +6.665    8041    123    400  +0.0277  +0.1104  -0.1793  +0.6325
   2369    378446   158   +9.952    9638    115    275  +0.3633  +0.5297  +0.4717  +1.0000
   2370    378612   166   +5.853    8951    145    325  +0.1130  +0.3494  +0.3106  +0.5461
   2371    378766   154   +7.072    8245    116    316  +0.1524  +0.1640  +0.2263  +0.7778
   2372    378920   154   +5.963    8321    123    330  +0.1193  +0.1840  +0.2148  +0.6908
   2373    379085   165   +9.909   10079    140    362  +0.3049  +0.6454  +0.5399  +0.7974
   2374    379247   162   +7.101    8639    120    315  +0.2016  +0.2675  +0.3451  +0.8062
   2375    379408   161   +9.062    9594    135    398  +0.2367  +0.5182  +0.3335  +0.7713
   2376    379472    64   -7.886       0      7     53  -0.7701  -1.0000  -1.0000  -1.0000
   2377    379634   162   +8.093    9362    135    328  +0.2056  +0.4573  +0.2273  +0.7320
   2378    379804   170   +8.690    9002    124    362  +0.2100  +0.3628  +0.2030  +0.8205
   2379    379963   159   +8.427    9183    128    342  +0.2292  +0.4102  +0.3307  +0.7995
   2380    380125   162   +9.689    9428    120    285  +0.3404  +0.4745  +0.5072  +0.9718
   2381    380284   159   +9.550    9548    120    286  +0.3530  +0.5060  +0.5195  +0.9811
   2382    380441   157   +9.068    9520    120    294  +0.3575  +0.4988  +0.6121  +0.9765
   2383    380597   156   +9.273    9280    125    290  +0.2894  +0.4357  +0.5550  +0.8587
   2384    380753   156   +8.745    9150    123    328  +0.2564  +0.4016  +0.3358  +0.8664
   2385    380911   158   +7.660    8900    124    274  +0.2358  +0.3360  +0.4993  +0.7949
   2386    381069   158   +6.974    8725    132    340  +0.1213  +0.2899  +0.1127  +0.6590
   2387    381226   157   +5.539    8214    125    343  +0.0707  +0.1559  +0.0286  +0.6383
   2388    381390   164   +5.266    8447    138    324  +0.0610  +0.2172  +0.1715  +0.5329
   2389    381545   155   +6.858    9046    127    278  +0.2281  +0.3743  +0.3943  +0.7794
   2390    381708   163   +7.827    9546    129    294  +0.2893  +0.5055  +0.4413  +0.8445
   2391    381873   165   +7.117    8589    134    363  +0.0915  +0.2543  +0.1534  +0.6050
   2392    382029   156   +7.094    8862    136    355  +0.1381  +0.3261  +0.3126  +0.6341
   2393    382184   155   +5.477    8208    130    341  +0.0533  +0.1544  +0.1051  +0.5760
   2394    382340   156   +7.171    8135    119    396  +0.0954  +0.1351  +0.1191  +0.7102
   2395    382495   155  +10.112    9796    122    326  +0.3764  +0.5711  +0.5748  +1.0000
   2396    382659   164   +7.514    8739    134    379  +0.1124  +0.2938  +0.1803  +0.6321
   2397    382815   156   +9.443    9937    131    345  +0.3408  +0.6082  +0.5791  +0.8939
   2398    382977   162   +9.482    9712    135    326  +0.2821  +0.5490  +0.4778  +0.8026
   2399    383140   163   +1.282    6814    136    308  -0.2113  -0.2117  -0.3621  +0.2477
   2400    383300   160   +9.832    9525    126    350  +0.3055  +0.4999  +0.4990  +0.8952

  ── rolling mean (last 100 ep) ──  cum_R=+7.751  yield=8878 kg/ha  N=125  W=317 mm  R_seas=+0.2028  R_ane=+0.7648

   2401    383460   160  +10.457    9797    136    360  +0.2788  +0.5714  +0.4617  +0.7971
   2402    383622   162  +11.052   10755    140    368  +0.4013  +0.8228  +0.5920  +0.9166
   2403    383776   154  +11.008    9782    123    398  +0.3406  +0.5675  +0.3889  +0.9861
   2404    383928   152   +7.242    9039    134    332  +0.1805  +0.3724  +0.3490  +0.6931
   2405    384091   163   +8.012    9247    137    309  +0.2135  +0.4271  +0.5095  +0.6926
   2406    384250   159   +8.222    9357    137    363  +0.1958  +0.4559  +0.2766  +0.7091
   2407    384410   160   +9.809   10292    135    357  +0.3574  +0.7013  +0.4653  +0.9104
   2408    384572   162  +10.568   10105    126    325  +0.3936  +0.6523  +0.5430  +1.0000
   2409    384729   157   +4.803    7962    135    316  -0.0080  +0.0898  +0.0147  +0.4764
   2410    384891   162   +7.827    9356    132    358  +0.2126  +0.4555  +0.1840  +0.7726
   2411    385049   158   +8.346    8972    118    335  +0.2669  +0.3550  +0.4340  +0.9000
   2412    385213   164   +7.794    9841    145    298  +0.2299  +0.5830  +0.2572  +0.6952
   2413    385375   162  +10.991   10158    131    346  +0.3490  +0.6662  +0.3583  +0.9339
   2414    385536   161  +10.801   10581    139    366  +0.3851  +0.7772  +0.5814  +0.9064
   2415    385697   161  +10.960    9976    119    322  +0.3831  +0.6184  +0.5191  +1.0000
   2416    385864   167   +9.224    9802    136    366  +0.2756  +0.5726  +0.4281  +0.7988
   2417    386029   165   +9.743    9391    125    390  +0.2672  +0.4648  +0.3480  +0.8744
   2418    386195   166   +7.104    8576    136    374  +0.0692  +0.2510  +0.0913  +0.5710
   2419    386356   161   +6.188    8317    139    368  -0.0005  +0.1828  -0.1439  +0.4961
   2420    386512   156   +8.962    9920    128    318  +0.3539  +0.6037  +0.4767  +0.9449
   2421    386675   163  +11.076    9896    133    381  +0.2865  +0.5973  +0.2298  +0.8660
   2422    386833   158   +9.367    9300    115    335  +0.3365  +0.4410  +0.5148  +1.0000
   2423    386992   159   +5.543    9284    149    333  +0.1301  +0.4366  +0.2334  +0.5566
   2424    387152   160   +9.579    9219    138    420  +0.1499  +0.4197  +0.1305  +0.6751
   2425    387307   155   +6.673    8810    130    329  +0.1528  +0.3123  +0.2413  +0.6873
   2426    387468   161   +6.532    9262    141    334  +0.1712  +0.4309  +0.3219  +0.6409
   2427    387627   159   +8.404    9296    126    318  +0.2778  +0.4400  +0.5294  +0.8440
   2428    387784   157   +7.461    8710    125    325  +0.1659  +0.2861  +0.1938  +0.7471
   2429    387951   167   +6.889    8597    131    339  +0.1182  +0.2565  +0.2249  +0.6436
   2430    388107   156   +8.490    9736    131    323  +0.3041  +0.5554  +0.4787  +0.8518
   2431    388265   158   +5.949    8907    141    357  +0.1041  +0.3377  +0.1498  +0.5831
   2432    388425   160   +9.464    9056    122    342  +0.2369  +0.3769  +0.2408  +0.8623
   2433    388582   157   +8.219    9137    127    351  +0.2391  +0.3983  +0.4951  +0.7943
   2434    388742   160   +6.648    8999    131    322  +0.1783  +0.3618  +0.2276  +0.7207
   2435    388900   158  +10.168    9473    124    370  +0.2992  +0.4865  +0.4380  +0.9109
   2436    389054   154   +7.402    9143    132    293  +0.2120  +0.3997  +0.3727  +0.7346
   2437    389216   162   +9.563   10016    126    257  +0.3937  +0.6289  +0.5431  +0.9894
   2438    389372   156   +6.626    8993    138    310  +0.1379  +0.3605  +0.1879  +0.6264
   2439    389538   166   +7.999   10022    142    256  +0.2918  +0.6306  +0.4381  +0.7594
   2440    389696   158   +9.454   10233    140    363  +0.3240  +0.6859  +0.5324  +0.8220
   2441    389861   165  +10.736   10459    139    336  +0.3656  +0.7452  +0.5456  +0.8752
   2442    390026   165   +6.220    9061    148    320  +0.0876  +0.3782  +0.0390  +0.5302
   2443    390189   163   +4.666    8006    131    276  +0.0316  +0.1013  +0.1331  +0.5233
   2444    390352   163   +9.998   10395    136    371  +0.3649  +0.7284  +0.5162  +0.9046
   2445    390515   163  +10.812   10756    147    386  +0.3448  +0.8232  +0.3930  +0.8313
   2446    390670   155   +9.998    9321    134    457  +0.2031  +0.4465  +0.3833  +0.7417
   2447    390832   162   +8.348    9378    138    319  +0.2024  +0.4615  +0.2801  +0.7045
   2448    390994   162   +8.950    9874    138    352  +0.2848  +0.5916  +0.5006  +0.7865
   2449    391154   160   +6.320    9044    133    248  +0.1832  +0.3737  +0.2276  +0.6981
   2450    391315   161   +9.805    9727    128    338  +0.3195  +0.5531  +0.4791  +0.8977
   2451    391471   156   +9.642    9872    120    308  +0.3795  +0.5911  +0.5296  +1.0000
   2452    391632   161   +4.296    8537    149    290  +0.0283  +0.2407  +0.1298  +0.4343
   2453    391791   159   +9.441   10041    130    291  +0.3631  +0.6353  +0.5139  +0.9288
   2454    391950   159   +7.608    9516    139    304  +0.2228  +0.4975  +0.3331  +0.7141
   2455    392109   159   +5.863    8621    136    347  +0.0814  +0.2627  +0.0695  +0.5893
   2456    392269   160   +9.197    9996    136    328  +0.3081  +0.6237  +0.4376  +0.8316
   2457    392430   161   +9.109    9684    131    366  +0.2838  +0.5417  +0.3782  +0.8513
   2458    392587   157   +7.926    9448    132    305  +0.2627  +0.4798  +0.4745  +0.7902
   2459    392750   163   +5.868    9119    154    364  +0.0759  +0.3934  +0.1434  +0.4819
   2460    392910   160   +9.414    9871    131    350  +0.3074  +0.5908  +0.3468  +0.8815
   2461    393071   161   +6.996    9369    139    275  +0.1924  +0.4591  +0.2046  +0.6836
   2462    393239   168   +7.449    9148    163    405  +0.0436  +0.4010  +0.1704  +0.4051
   2463    393395   156   +7.007    9248    142    324  +0.1612  +0.4274  +0.2615  +0.6296
   2464    393557   162   +6.981    8895    134    367  +0.1245  +0.3346  +0.0711  +0.6594
   2465    393719   162   +7.964    8794    120    359  +0.2038  +0.3082  +0.1957  +0.8400
   2466    393877   158   +7.761    9354    128    289  +0.2709  +0.4552  +0.4642  +0.8225
   2467    394035   158   +6.567    8866    140    396  +0.0945  +0.3271  +0.1609  +0.5774
   2468    394192   157   +3.569    7337    128    346  -0.0914  -0.0743  -0.1916  +0.4329
   2469    394354   162   +7.386    9502    137    290  +0.2436  +0.4940  +0.4620  +0.7311
   2470    394517   163  +10.430    9959    147    426  +0.2359  +0.6139  +0.4436  +0.6925
   2471    394679   162   +9.263    9946    132    284  +0.3370  +0.6104  +0.5081  +0.8777
   2472    394838   159  +10.373    9769    125    359  +0.3392  +0.5640  +0.4363  +0.9585
   2473    395001   163   +8.847   10324    152    337  +0.2800  +0.7098  +0.4888  +0.6980
   2474    395165   164  +10.802   10127    134    326  +0.3434  +0.6579  +0.5011  +0.8819
   2475    395322   157   +8.616    9559    129    292  +0.2831  +0.5090  +0.3574  +0.8475
   2476    395485   163   +8.124    9468    140    353  +0.2130  +0.4850  +0.4238  +0.6935
   2477    395648   163  +10.057    9966    135    336  +0.3191  +0.6158  +0.5340  +0.8428
   2478    395807   159   +8.138    9266    125    298  +0.2734  +0.4319  +0.4405  +0.8527
   2479    395967   160   +6.141    8674    141    349  +0.0474  +0.2767  -0.0890  +0.5363
   2480    396122   155   +5.531    8653    142    339  +0.0684  +0.2711  +0.1537  +0.5276
   2481    396286   164   +8.744    9548    136    324  +0.2424  +0.5061  +0.3965  +0.7494
   2482    396445   159   +5.951    8656    139    348  +0.0736  +0.2718  +0.0878  +0.5601
   2483    396604   159  +10.329    9832    128    335  +0.3408  +0.5807  +0.4976  +0.9279
   2484    396769   165  +12.979   10760    145    453  +0.3553  +0.8242  +0.5174  +0.8513
   2485    396931   162  +11.106   10252    146    384  +0.2896  +0.6908  +0.4531  +0.7603
   2486    397091   160   +7.730    9402    140    359  +0.1748  +0.4677  +0.1458  +0.6804
   2487    397253   162   +6.601    9099    144    380  +0.0994  +0.3882  +0.0284  +0.5787
   2488    397408   155   +9.520    9979    132    319  +0.3440  +0.6193  +0.5506  +0.8924
   2489    397572   164   +7.733    9257    135    349  +0.1828  +0.4297  +0.1827  +0.7110
   2490    397733   161   +9.095    9816    133    322  +0.3144  +0.5765  +0.5509  +0.8462
   2491    397895   162   +3.446    7572    143    349  -0.1249  -0.0126  -0.2515  +0.3269
   2492    398055   160   +8.090    9118    128    307  +0.2170  +0.3931  +0.2469  +0.7878
   2493    398210   155   +9.219   10262    138    323  +0.3488  +0.6934  +0.5277  +0.8655
   2494    398366   156   +9.415    9140    125    383  +0.2274  +0.3990  +0.2734  +0.8318
   2495    398526   160   +5.935    8807    135    328  +0.1231  +0.3115  +0.1516  +0.6356
   2496    398685   159   +5.251    8631    137    290  +0.0905  +0.2654  +0.1421  +0.5711
   2497    398850   165   +7.734    9534    151    402  +0.1456  +0.5024  +0.2328  +0.5799
   2498    399011   161   +6.833    8922    138    344  +0.1351  +0.3418  +0.2870  +0.6186
   2499    399172   161  +11.442   10204    123    378  +0.3948  +0.6783  +0.5684  +1.0000
   2500    399335   163   +6.807    9601    146    310  +0.2084  +0.5200  +0.4004  +0.6497

  ── rolling mean (last 100 ep) ──  cum_R=+8.268  yield=9427 kg/ha  N=135  W=340 mm  R_seas=+0.2252  R_ane=+0.7500

   2501    399496   161  +10.012   10289    136    360  +0.3557  +0.7004  +0.5048  +0.8978
   2502    399658   162   +6.781    8844    132    345  +0.1417  +0.3212  +0.1863  +0.6740
   2503    399815   157   +8.268    9708    136    320  +0.2615  +0.5479  +0.3624  +0.7781
   2504    399973   158  +10.054    9477    122    383  +0.3146  +0.4874  +0.4556  +0.9489
   2505    400135   162   +4.400    7925    129    330  -0.0062  +0.0800  -0.1621  +0.5363
   2506    400295   160   +6.728    8631    128    357  +0.1369  +0.2653  +0.2427  +0.6871
   2507    400458   163   +9.359    9908    132    346  +0.3303  +0.6006  +0.5381  +0.8831
   2508    400616   158   +5.950    8553    130    326  +0.0970  +0.2448  -0.0050  +0.6503
   2509    400771   155   +8.248    9326    122    328  +0.2983  +0.4478  +0.4311  +0.9184
   2510    400934   163   +6.287    7836    123    416  +0.0010  +0.0568  -0.1389  +0.5952
   2511    401097   163  +10.878   10615    141    378  +0.3650  +0.7861  +0.4811  +0.8801
   2512    401258   161   +9.405    9703    132    358  +0.2886  +0.5466  +0.4419  +0.8410
   2513    401419   161   +7.496    9284    144    383  +0.1250  +0.4366  +0.0601  +0.6058
   2514    401582   163  +11.200    9831    124    401  +0.3424  +0.5804  +0.3894  +0.9837
   2515    401744   162  +10.193    9107    116    398  +0.2913  +0.3904  +0.4390  +0.9612
   2516    401899   155  +10.801   10087    118    346  +0.3871  +0.6476  +0.5217  +1.0000
   2517    402055   156  +12.370   10087    125    381  +0.3870  +0.6474  +0.5729  +1.0000
   2518    402216   161   +7.667    9144    126    293  +0.2501  +0.3999  +0.4642  +0.8066
   2519    402376   160   +9.033    9708    132    325  +0.2954  +0.5479  +0.4622  +0.8397
   2520    402532   156   +7.965    9080    125    286  +0.2397  +0.3832  +0.3358  +0.8206
   2521    402695   163   +5.746    9061    138    270  +0.1553  +0.3782  +0.1768  +0.6463
   2522    402855   160   +6.725    9284    147    336  +0.1307  +0.4369  +0.1699  +0.5748
   2523    403016   161   +6.950    9269    140    296  +0.1784  +0.4329  +0.2714  +0.6563
   2524    403179   163   +6.714    9241    141    335  +0.1562  +0.4254  +0.1874  +0.6407
   2525    403339   160   +7.931    9008    128    325  +0.1872  +0.3644  +0.1563  +0.7605
   2526    403500   161   +9.154   10067    134    342  +0.3369  +0.6423  +0.5105  +0.8789
   2527    403662   162   +6.801    8768    137    357  +0.1063  +0.3014  +0.2113  +0.5959
   2528    403827   165   +8.861    9768    151    339  +0.1856  +0.5639  +0.2481  +0.6143
   2529    403987   160   +6.849    9067    138    322  +0.1586  +0.3799  +0.2987  +0.6428
   2530    404146   159   +9.423    9047    120    356  +0.2384  +0.3746  +0.1802  +0.8879
   2531    404307   161   +7.511    9416    136    308  +0.2260  +0.4713  +0.3590  +0.7338
   2532    404467   160  +10.710    9440    112    354  +0.3416  +0.4778  +0.5034  +1.0000
   2533    404627   160   +9.004    9520    138    354  +0.2216  +0.4985  +0.3450  +0.7262
   2534    404783   156   +9.221    8801    106    306  +0.3144  +0.3099  +0.5790  +1.0000
   2535    404945   162   +8.951    9703    133    337  +0.2939  +0.5468  +0.5356  +0.8231
   2536    405108   163   +8.188    9169    126    319  +0.2297  +0.4065  +0.2341  +0.8187
   2537    405265   157   +4.784    8223    127    318  +0.0612  +0.1582  -0.0198  +0.6156
   2538    405423   158   +6.687    8737    135    375  +0.0900  +0.2931  -0.0027  +0.6207
   2539    405591   168   +8.909    9890    142    304  +0.2746  +0.5959  +0.5192  +0.7356
   2540    405749   158   +8.282    9669    135    323  +0.2629  +0.5377  +0.3371  +0.7955
   2541    405902   153  +10.242   10063    122    291  +0.3986  +0.6412  +0.5693  +1.0000
   2542    406064   162   +9.913    8586    116    398  +0.1942  +0.2537  +0.2183  +0.8590
   2543    406223   159   +7.187    9009    132    372  +0.1605  +0.3645  +0.1522  +0.7126
   2544    406382   159  +10.786    9149    105    378  +0.3162  +0.4012  +0.4762  +1.0000
   2545    406546   164   +9.388    9861    133    314  +0.3163  +0.5881  +0.5014  +0.8529
   2546    406703   157  +11.735   10554    124    347  +0.4192  +0.7699  +0.5379  +1.0000
   2547    406863   160  +11.809    9521    116    418  +0.3222  +0.4990  +0.3516  +1.0000
   2548    407023   160   +6.040    8319    122    314  +0.1013  +0.1834  -0.0514  +0.7067
   2549    407181   158   +6.644    8465    126    346  +0.1122  +0.2217  +0.1129  +0.6808
   2550    407340   159   +6.033    7589    124    432  -0.0520  -0.0082  -0.2206  +0.5297
   2551    407499   159   +8.460    9711    142    368  +0.2212  +0.5488  +0.2990  +0.7110
   2552    407660   161  +12.325   10202    121    395  +0.3978  +0.6777  +0.6266  +1.0000
   2553    407825   165   +8.250    9683    137    302  +0.2730  +0.5415  +0.5316  +0.7618
   2554    407985   160   +7.283    9262    136    298  +0.2092  +0.4310  +0.4079  +0.7009
   2555    408140   155   +5.254    8420    126    350  +0.0980  +0.2100  +0.0448  +0.6713
   2556    408302   162   +8.714    9257    130    365  +0.2266  +0.4297  +0.3961  +0.7733
   2557    408467   165  +11.108    9978    132    406  +0.3257  +0.6190  +0.5002  +0.8923
   2558    408621   154   +8.580    9512    127    304  +0.2985  +0.4965  +0.4763  +0.8683
   2559    408786   165   +9.738    9564    123    320  +0.3336  +0.5101  +0.5023  +0.9468
   2560    408943   157   +5.443    8497    128    262  +0.1205  +0.2302  +0.1076  +0.6662
   2561    409101   158  +10.449    9947    127    348  +0.3552  +0.6109  +0.4495  +0.9620
   2562    409256   155   +5.389    8109    132    341  +0.0269  +0.1283  +0.0611  +0.5372
   2563    409417   161   +5.523    8744    135    303  +0.1153  +0.2950  +0.1488  +0.6179
   2564    409577   160   +8.658    9872    133    293  +0.3229  +0.5910  +0.5217  +0.8550
   2565    409739   162   +9.861   10023    143    392  +0.2749  +0.6308  +0.4813  +0.7573
   2566    409893   154   +9.863    9555    120    310  +0.3547  +0.5078  +0.5323  +0.9901
   2567    410053   160  +13.790   10140    116    416  +0.3831  +0.6615  +0.5506  +1.0000
   2568    410214   161   +9.429   10052    133    283  +0.3397  +0.6383  +0.3965  +0.8947
   2569    410370   156   +9.213    8870    116    369  +0.2271  +0.3282  +0.1108  +0.9107
   2570    410521   151   +8.311    8919    125    380  +0.1908  +0.3411  +0.2633  +0.7781
   2571    410679   158   +5.368    8261    131    312  +0.0604  +0.1682  +0.0833  +0.5796
   2572    410846   167  +10.170   10342    141    337  +0.3306  +0.7144  +0.4637  +0.8279
   2573    411005   159  +12.292    9897    122    440  +0.3681  +0.5976  +0.5965  +1.0000
   2574    411161   156  +10.523    9464    111    366  +0.3434  +0.4841  +0.5231  +1.0000
   2575    411318   157  +11.164    9210    117    406  +0.2907  +0.4173  +0.3553  +0.9668
   2576    411478   160   +7.703    8500    132    355  +0.0757  +0.2309  +0.0378  +0.6060
   2577    411638   160  +10.340    9885    128    374  +0.3279  +0.5945  +0.3913  +0.9283
   2578    411802   164   +7.553    9596    142    295  +0.2166  +0.5186  +0.3113  +0.6877
   2579    411961   159  +10.664    9844    125    317  +0.3664  +0.5836  +0.5395  +0.9727
   2580    412121   160   +8.692    9544    128    295  +0.2895  +0.5051  +0.3431  +0.8705
   2581    412281   160  +11.174    9936    126    361  +0.3577  +0.6080  +0.4896  +0.9646
   2582    412447   166   +8.926    9631    137    361  +0.2309  +0.5278  +0.2634  +0.7544
   2583    412610   163   +9.069   10020    139    315  +0.2725  +0.6300  +0.1449  +0.8068
   2584    412764   154  +10.230    9674    125    332  +0.3377  +0.5391  +0.5167  +0.9400
   2585    412924   160   +9.195    9547    121    314  +0.3378  +0.5057  +0.4483  +0.9716
   2586    413082   158   +5.999    8548    128    309  +0.1077  +0.2434  -0.0166  +0.6748
   2587    413239   157   +4.607    8164    128    302  +0.0500  +0.1429  -0.0228  +0.5923
   2588    413398   159  +10.017    9597    120    302  +0.3562  +0.5188  +0.4928  +0.9937
   2589    413558   160   +6.536    9175    137    310  +0.1801  +0.4082  +0.2991  +0.6740
   2590    413726   168  +13.210   10328    128    406  +0.3880  +0.7107  +0.4613  +1.0000
   2591    413888   162   +7.399    9262    141    318  +0.1797  +0.4308  +0.3910  +0.6391
   2592    414051   163  +10.652    9720    128    330  +0.3216  +0.5513  +0.4751  +0.9016
   2593    414211   160   +6.259    8264    130    351  +0.0491  +0.1691  -0.0260  +0.5928
   2594    414372   161   +9.242    9671    130    311  +0.3042  +0.5383  +0.4892  +0.8560
   2595    414532   160   +9.338    8932    117    315  +0.2504  +0.3444  +0.2566  +0.9022
   2596    414686   154   +8.927    9446    121    299  +0.3282  +0.4792  +0.4884  +0.9485
   2597    414847   161  +10.083    9402    125    358  +0.2764  +0.4678  +0.3502  +0.8827
   2598    415003   156   +7.240    9375    140    338  +0.1765  +0.4607  +0.1574  +0.6782
   2599    415161   158   +6.827    8133    127    390  +0.0435  +0.1347  +0.0228  +0.6027
   2600    415324   163  +11.603   10609    136    363  +0.3902  +0.7845  +0.4616  +0.9432

  ── rolling mean (last 100 ep) ──  cum_R=+8.669  yield=9337 kg/ha  N=129  W=342 mm  R_seas=+0.2404  R_ane=+0.8047

   2601    415480   156  +11.301    9880    120    324  +0.3660  +0.5932  +0.4121  +1.0000
   2602    415638   158   +9.031    9995    136    334  +0.3092  +0.6234  +0.4589  +0.8313
   2603    415792   154   +8.404    8806    114    327  +0.2759  +0.3112  +0.4838  +0.9343
   2604    415947   155   +6.173    8254    134    404  +0.0258  +0.1664  +0.0337  +0.5410
   2605    416107   160  +11.279   10653    124    304  +0.4333  +0.7960  +0.5494  +1.0000
   2606    416269   162   +7.911    9491    136    280  +0.2269  +0.4910  +0.2347  +0.7441
   2607    416426   157  +10.301    9613    116    306  +0.3601  +0.5231  +0.5018  +1.0000
   2608    416576   150   +8.312    9354    125    311  +0.2866  +0.4550  +0.4405  +0.8760
   2609    416734   158   +7.657    8500    109    283  +0.2448  +0.2310  +0.2638  +0.9453
   2610    416895   161  +10.103   10130    139    346  +0.3128  +0.6588  +0.4528  +0.8242
   2611    417059   164   +4.947    8499    146    324  +0.0128  +0.2307  -0.0527  +0.4598
   2612    417213   154   +7.459    8815    126    293  +0.1790  +0.3137  +0.1908  +0.7512
   2613    417374   161  +10.025    9735    139    408  +0.2421  +0.5551  +0.3999  +0.7489
   2614    417533   159   +6.749    9168    134    278  +0.2075  +0.4062  +0.3680  +0.7144
   2615    417699   166   +7.546    9585    145    326  +0.1935  +0.5158  +0.2837  +0.6505
   2616    417860   161   +9.721    9600    121    310  +0.3512  +0.5198  +0.5190  +0.9771
   2617    418021   161   +7.788    9372    142    317  +0.1618  +0.4599  +0.0880  +0.6515
   2618    418178   157  +10.356    9940    119    280  +0.3911  +0.6090  +0.5595  +1.0000
   2619    418338   160   +8.638   10036    142    291  +0.2895  +0.6340  +0.4300  +0.7667
   2620    418502   164   +8.260    9328    135    318  +0.2121  +0.4484  +0.3129  +0.7285
   2621    418663   161   +5.997    8753    134    246  +0.1356  +0.2974  +0.1941  +0.6346
   2622    418824   161   +7.255    8397    122    273  +0.1456  +0.2039  +0.2220  +0.7208
   2623    418988   164   +8.452    9736    141    305  +0.2285  +0.5554  +0.1931  +0.7276
   2624    419150   162  +12.003    9775    116    383  +0.3601  +0.5657  +0.5114  +1.0000
   2625    419303   153   +8.182    9404    126    305  +0.2735  +0.4684  +0.3380  +0.8585
   2626    419460   157   +8.060    8872    131    336  +0.1586  +0.3287  +0.2378  +0.6952
   2627    419620   160   +9.654    9387    121    342  +0.3113  +0.4638  +0.4674  +0.9373
   2628    419780   160   +6.392    8418    130    333  +0.0698  +0.2094  -0.0530  +0.6192
   2629    419943   163   +9.058    9847    135    345  +0.2866  +0.5846  +0.3909  +0.8203
   2630    420102   159   +9.995    9919    130    272  +0.3464  +0.6034  +0.4868  +0.9067
   2631    420266   164  +11.214   10130    128    271  +0.3789  +0.6588  +0.4044  +0.9735
   2632    420431   165  +10.121    9874    135    338  +0.2940  +0.5917  +0.4016  +0.8289
   2633    420591   160  +11.406    9475    126    339  +0.2894  +0.4869  +0.4187  +0.8791
   2634    420754   163   +4.417    8194    140    264  +0.0054  +0.1505  -0.0220  +0.4615
   2635    420920   166   +8.592    9435    131    317  +0.2354  +0.4764  +0.2096  +0.7946
   2636    421074   154   +6.582    8849    124    236  +0.2174  +0.3225  +0.3304  +0.7854
   2637    421233   159   +7.317    8752    130    323  +0.1412  +0.2970  +0.1573  +0.6866
   2638    421399   166  +11.236   10112    133    345  +0.3408  +0.6540  +0.4410  +0.8998
   2639    421562   163   +8.215    9279    134    330  +0.2089  +0.4355  +0.3356  +0.7274
   2640    421721   159   +7.686    8863    129    350  +0.1426  +0.3262  +0.0187  +0.7166
   2641    421881   160   +5.409    7727    126    299  -0.0093  +0.0280  -0.1157  +0.5376
   2642    422036   155   +7.728    8645    122    335  +0.1705  +0.2690  +0.1833  +0.7753
   2643    422204   168   +7.550    9287    139    312  +0.1815  +0.4374  +0.2529  +0.6717
   2644    422363   159   +8.929    9365    127    342  +0.2616  +0.4581  +0.3508  +0.8456
   2645    422525   162  +11.482   10633    143    345  +0.3665  +0.7908  +0.5297  +0.8564
   2646    422686   161  +11.031   10413    146    361  +0.3132  +0.7331  +0.4747  +0.7791
   2647    422843   157  +11.685   10482    127    353  +0.4063  +0.7513  +0.4642  +1.0000
   2648    423003   160   +5.214    8244    138    354  -0.0038  +0.1637  -0.1368  +0.4927
   2649    423166   163   +9.669    9743    130    343  +0.3065  +0.5572  +0.4589  +0.8695
   2650    423324   158   +9.100    8873    118    303  +0.2530  +0.3288  +0.3849  +0.8819
   2651    423487   163  +10.339   10161    136    270  +0.3429  +0.6669  +0.4384  +0.8697
   2652    423646   159   +6.122    8617    134    315  +0.0979  +0.2617  +0.1068  +0.6101
   2653    423802   156   +8.905    9234    124    337  +0.2570  +0.4236  +0.3131  +0.8634
   2654    423965   163  +10.370    9705    127    350  +0.3003  +0.5473  +0.2784  +0.9081
   2655    424129   164  +10.651    9968    131    339  +0.3397  +0.6164  +0.4971  +0.9044
   2656    424288   159   +9.559    9525    126    313  +0.3098  +0.4999  +0.5137  +0.8885
   2657    424451   163   +5.463    8802    145    277  +0.0822  +0.3102  +0.1587  +0.5134
   2658    424606   155  +12.498   10080    119    311  +0.3933  +0.6456  +0.5360  +1.0000
   2659    424766   160   +9.385    9765    128    256  +0.3526  +0.5631  +0.5908  +0.9154
   2660    424929   163   +7.419    9335    130    243  +0.2506  +0.4501  +0.3357  +0.7899
   2661    425088   159   +7.533    9151    126    264  +0.2357  +0.4018  +0.2660  +0.8079
   2662    425254   166   +9.481   10062    144    275  +0.2823  +0.6410  +0.3933  +0.7474
   2663    425412   158   +8.949    8847    118    322  +0.2370  +0.3220  +0.3199  +0.8695
   2664    425573   161   +8.708    9905    137    262  +0.3011  +0.5997  +0.4136  +0.8105
   2665    425731   158  +10.231   10357    135    324  +0.3683  +0.7184  +0.4624  +0.9152
   2666    425886   155   +9.626    9335    121    322  +0.3064  +0.4501  +0.4688  +0.9259
   2667    426046   160   +5.207    8487    142    302  +0.0300  +0.2276  -0.0495  +0.4956
   2668    426202   156  +11.629    9723    111    312  +0.3651  +0.5521  +0.4898  +1.0000
   2669    426364   162   +9.913    9753    134    320  +0.2910  +0.5598  +0.4787  +0.8155
   2670    426520   156   +6.560    8513    125    296  +0.1338  +0.2344  +0.1504  +0.6989
   2671    426677   157   +7.901    8570    122    340  +0.1548  +0.2495  +0.1694  +0.7536
   2672    426834   157   +8.081    9189    129    269  +0.2146  +0.4118  +0.1396  +0.7825
   2673    427000   166   +9.616    9463    137    360  +0.2000  +0.4836  +0.1830  +0.7244
   2674    427161   161   +7.570    9333    145    284  +0.1695  +0.4497  +0.2982  +0.6121
   2675    427319   158  +11.931   10093    122    363  +0.3902  +0.6490  +0.5737  +1.0000
   2676    427481   162   +7.329    9155    153    357  +0.0844  +0.4030  +0.1375  +0.4962
   2677    427637   156   +8.269    9251    131    285  +0.2202  +0.4280  +0.2257  +0.7709
   2678    427796   159   +7.146    8706    128    302  +0.1300  +0.2851  +0.0028  +0.6970
   2679    427959   163   +8.163    9502    138    297  +0.2199  +0.4940  +0.2760  +0.7210
   2680    428116   157  +10.382    9922    123    298  +0.3901  +0.6041  +0.5877  +1.0000
   2681    428272   156   +9.568    9500    122    302  +0.3297  +0.4933  +0.4570  +0.9526
   2682    428428   156   +9.032    9485    127    341  +0.2811  +0.4894  +0.3885  +0.8651
   2683    428587   159   +8.672    8619    119    382  +0.1722  +0.2623  +0.1247  +0.8162
   2684    428747   160   +8.754    9890    142    319  +0.2639  +0.5957  +0.3983  +0.7450
   2685    428908   161   +7.865    9623    142    272  +0.2387  +0.5256  +0.4512  +0.6949
   2686    429069   161   +9.337    9885    136    370  +0.2815  +0.5944  +0.3825  +0.8128
   2687    429224   155   +6.018    8574    129    235  +0.1468  +0.2505  +0.2738  +0.6675
   2688    429391   167   +3.931    8130    151    286  -0.0376  +0.1339  +0.0692  +0.3498
   2689    429554   163  +13.201   10446    118    446  +0.3936  +0.7416  +0.5009  +1.0000
   2690    429718   164   +9.660    9889    148    359  +0.2115  +0.5956  +0.2453  +0.6673
   2691    429880   162   +9.085    9280    130    352  +0.2382  +0.4357  +0.4317  +0.7848
   2692    430033   153  +12.231   10221    128    347  +0.3923  +0.6827  +0.5163  +0.9929
   2693    430195   162  +10.641    9947    120    282  +0.3903  +0.6108  +0.5493  +1.0000
   2694    430349   154  +10.541    9577    127    326  +0.2981  +0.5137  +0.3853  +0.8875
   2695    430513   164   +8.582    9019    130    302  +0.2109  +0.3672  +0.4757  +0.7296
   2696    430666   153   +7.685    8693    131    410  +0.1234  +0.2816  +0.2443  +0.6627
   2697    430824   158   +8.394    9025    124    312  +0.2344  +0.3687  +0.3557  +0.8210
   2698    430983   159  +10.611    9802    129    315  +0.3136  +0.5726  +0.3498  +0.8944
   2699    431146   163   +8.370    8806    125    358  +0.1575  +0.3112  +0.0451  +0.7597
   2700    431312   166   +7.599   10048    152    283  +0.2438  +0.6372  +0.4049  +0.6534

  ── rolling mean (last 100 ep) ──  cum_R=+8.763  yield=9386 kg/ha  N=131  W=317 mm  R_seas=+0.2423  R_ane=+0.7919

   2701    431468   156   +6.280    8448    128    307  +0.0867  +0.2175  -0.0544  +0.6472
   2702    431634   166   +9.476    9339    126    303  +0.2717  +0.4513  +0.4023  +0.8478
   2703    431790   156   +9.546    9564    120    279  +0.3514  +0.5102  +0.4422  +0.9913
   2704    431948   158   +7.759    8940    124    263  +0.2276  +0.3465  +0.3714  +0.7955
   2705    432120   172   +8.393   10235    154    252  +0.2648  +0.6865  +0.4247  +0.6588
   2706    432276   156   +7.827    9247    131    252  +0.2430  +0.4270  +0.4122  +0.7696
   2707    432435   159  +13.011   10286    127    386  +0.3903  +0.6996  +0.4838  +1.0000
   2708    432594   159   +7.571    8687    136    356  +0.0849  +0.2799  +0.0222  +0.6030
   2709    432753   159   +8.792    9493    130    244  +0.2901  +0.4916  +0.4864  +0.8255
   2710    432908   155  +11.979   10039    126    343  +0.3779  +0.6349  +0.4710  +0.9963
   2711    433068   160   +9.061    9415    121    271  +0.3081  +0.4711  +0.2812  +0.9448
   2712    433229   161   +9.024    9563    130    291  +0.2909  +0.5101  +0.4375  +0.8456
   2713    433392   163  +10.651   10109    130    340  +0.3670  +0.6533  +0.5191  +0.9443
   2714    433542   150   +7.621    9086    122    226  +0.2652  +0.3847  +0.3613  +0.8547
   2715    433698   156   +7.536    9128    132    278  +0.2198  +0.3958  +0.4657  +0.7276
   2716    433859   161   +7.830    8942    128    308  +0.1690  +0.3470  +0.0710  +0.7410
   2717    434019   160   +4.742    8043    135    282  -0.0011  +0.1110  -0.0534  +0.4845
   2718    434181   162   +7.447    9445    147    335  +0.1721  +0.4791  +0.3475  +0.6072
   2719    434336   155   +5.736    8006    120    329  +0.0764  +0.1014  +0.0863  +0.6667
   2720    434501   165   +5.701    8068    138    326  -0.0177  +0.1175  -0.0982  +0.4668
   2721    434654   153   +9.892    9539    116    317  +0.3411  +0.5037  +0.3773  +1.0000
   2722    434811   157  +10.909    9763    122    334  +0.3593  +0.5625  +0.4416  +0.9989
   2723    434973   162   +5.361    8112    129    350  +0.0169  +0.1293  -0.1661  +0.5716
   2724    435133   160  +10.284   10008    129    265  +0.3741  +0.6268  +0.5633  +0.9396
   2725    435295   162   +7.436    9091    131    293  +0.1977  +0.3861  +0.2803  +0.7301
   2726    435452   157  +10.301    9723    124    339  +0.3346  +0.5521  +0.4119  +0.9532
   2727    435616   164  +14.095   10135    119    422  +0.3738  +0.6602  +0.4715  +1.0000
   2728    435776   160   +9.195    9674    130    260  +0.3194  +0.5391  +0.5609  +0.8564
   2729    435938   162  +12.685    9965    107    376  +0.3776  +0.6154  +0.5519  +1.0000
   2730    436105   167  +10.489   10154    140    326  +0.3113  +0.6652  +0.4167  +0.8182
   2731    436262   157   +9.122    9603    125    304  +0.3117  +0.5205  +0.3254  +0.9241
   2732    436422   160   +8.535    9033    130    310  +0.1876  +0.3710  +0.2447  +0.7299
   2733    436576   154  +11.186   10109    119    339  +0.3957  +0.6533  +0.5824  +1.0000
   2734    436732   156   +9.339    9638    122    272  +0.3481  +0.5297  +0.4396  +0.9687
   2735    436897   165   +2.904    7827    158    329  -0.1307  +0.0544  -0.1438  +0.2359
   2736    437060   163   +7.809    9201    138    349  +0.1796  +0.4149  +0.3484  +0.6710
   2737    437217   157  +10.190    9660    117    330  +0.3586  +0.5354  +0.4921  +1.0000
   2738    437376   159   +9.576    9854    131    331  +0.3262  +0.5865  +0.5269  +0.8787
   2739    437539   163   +8.507    9332    145    435  +0.1159  +0.4492  -0.0142  +0.6130
   2740    437698   159   +7.126    8567    124    314  +0.1356  +0.2486  +0.0316  +0.7307
   2741    437863   165  +10.899   10264    133    312  +0.3829  +0.6940  +0.5929  +0.9297
   2742    438024   161   +9.800    9981    148    337  +0.2531  +0.6197  +0.4725  +0.6910
   2743    438179   155  +11.721    9384    118    328  +0.3333  +0.4629  +0.4292  +0.9970
   2744    438343   164   +7.383    9252    148    291  +0.1343  +0.4285  +0.2101  +0.5619
   2745    438505   162  +10.113   10038    132    327  +0.3380  +0.6346  +0.3995  +0.9087
   2746    438660   155  +11.160    9418    112    366  +0.3308  +0.4718  +0.4277  +1.0000
   2747    438818   158   +9.960    9203    116    304  +0.3172  +0.4155  +0.3919  +0.9868
   2748    438980   162   +8.771    9396    136    343  +0.2007  +0.4663  +0.2154  +0.7225
   2749    439139   159  +10.054    9970    119    290  +0.3816  +0.6168  +0.4583  +1.0000
   2750    439296   157   +9.194    8973    122    361  +0.2033  +0.3550  +0.0698  +0.8418
   2751    439453   157  +11.212    9524    120    374  +0.3291  +0.4998  +0.3888  +0.9908
   2752    439611   158  +12.886    9755    110    402  +0.3605  +0.5603  +0.5575  +1.0000
   2753    439770   159   +5.637    8292    132    314  +0.0358  +0.1763  -0.1473  +0.5713
   2754    439930   160   +9.712    9338    127    363  +0.2575  +0.4510  +0.3976  +0.8360
   2755    440089   159   +6.786    9311    137    221  +0.2050  +0.4438  +0.2165  +0.7015
   2756    440252   163   +6.472    8851    135    292  +0.1392  +0.3231  +0.1976  +0.6435
   2757    440410   158   +8.136    8934    125    300  +0.2198  +0.3450  +0.4117  +0.7807
   2758    440569   159  +10.538    9919    134    320  +0.3208  +0.6034  +0.5216  +0.8520
   2759    440725   156  +11.341    9946    122    398  +0.3638  +0.6106  +0.4586  +1.0000
   2760    440884   159  +11.718    9398    113    351  +0.3354  +0.4665  +0.4649  +1.0000
   2761    441043   159   +9.469    9368    122    344  +0.2804  +0.4589  +0.2461  +0.9191
   2762    441206   163   +6.468    8757    137    295  +0.1120  +0.2984  +0.1799  +0.5966
   2763    441367   161   +8.037    9404    136    284  +0.2170  +0.4683  +0.2367  +0.7346
   2764    441526   159  +12.217    9917    124    374  +0.3574  +0.6030  +0.3769  +1.0000
   2765    441686   160   +7.036    8620    133    363  +0.0946  +0.2624  +0.1243  +0.6151
   2766    441849   163  +10.121    9868    127    312  +0.3506  +0.5901  +0.4677  +0.9455
   2767    442006   157  +11.598    9796    119    346  +0.3587  +0.5710  +0.4286  +1.0000
   2768    442171   165   +6.191    8319    134    353  +0.0375  +0.1834  -0.0203  +0.5540
   2769    442331   160   +8.451    9288    136    372  +0.1829  +0.4377  +0.1992  +0.7107
   2770    442488   157  +12.731   10252    119    450  +0.3870  +0.6908  +0.5673  +1.0000
   2771    442652   164  +10.006   10293    137    326  +0.3473  +0.7015  +0.4522  +0.8766
   2772    442813   161  +10.941    9844    128    371  +0.3288  +0.5838  +0.4554  +0.9199
   2773    442973   160   +9.648   10277    145    340  +0.2988  +0.6975  +0.3989  +0.7764
   2774    443135   162   +8.611    9532    132    296  +0.2850  +0.5019  +0.5401  +0.8122
   2775    443295   160   +9.625    9893    147    385  +0.2172  +0.5966  +0.2642  +0.6861
   2776    443448   153  +12.900    9940    106    432  +0.3622  +0.6090  +0.4975  +1.0000
   2777    443600   152  +10.779    9482    106    301  +0.3628  +0.4888  +0.6075  +1.0000
   2778    443759   159   +7.903    8781    131    320  +0.1351  +0.3047  +0.1107  +0.6770
   2779    443922   163  +12.197    9928    105    351  +0.3721  +0.6058  +0.4833  +1.0000
   2780    444080   158   +8.055    8888    122    285  +0.2275  +0.3329  +0.3024  +0.8294
   2781    444240   160   +5.721    8543    136    330  +0.0715  +0.2422  +0.0765  +0.5693
   2782    444399   159  +10.863    9678    121    343  +0.3539  +0.5401  +0.4826  +0.9928
   2783    444549   150  +12.036   10130    124    380  +0.3892  +0.6589  +0.5656  +1.0000
   2784    444714   165   +6.597    8650    129    305  +0.1386  +0.2704  +0.2303  +0.6719
   2785    444873   159  +12.527    9866    106    394  +0.3627  +0.5896  +0.4943  +1.0000
   2786    445033   160   +6.383    8744    141    356  +0.0674  +0.2951  +0.0369  +0.5459
   2787    445204   171   +9.900    9760    138    372  +0.2679  +0.5618  +0.4935  +0.7723
   2788    445364   160  +10.570   10148    129    312  +0.3887  +0.6636  +0.6044  +0.9603
   2789    445529   165  +12.604   10275    128    364  +0.3983  +0.6970  +0.5366  +1.0000
   2790    445691   162   +6.760    9237    148    289  +0.1190  +0.4245  +0.0626  +0.5626
   2791    445840   149   +7.939    7762    104    366  +0.1213  +0.0373  -0.0282  +0.8616
   2792    446001   161  +11.557    9834    128    447  +0.2996  +0.5810  +0.3095  +0.9135
   2793    446158   157   +8.951    9392    127    269  +0.2815  +0.4650  +0.3938  +0.8530
   2794    446322   164  +10.618    9889    135    367  +0.2877  +0.5956  +0.3588  +0.8322
   2795    446486   164   +8.981    9650    142    296  +0.2410  +0.5330  +0.4724  +0.6999
   2796    446647   161   +8.749   10060    142    270  +0.2897  +0.6405  +0.3500  +0.7751
   2797    446809   162   +7.935    9065    135    340  +0.1673  +0.3792  +0.2911  +0.6733
   2798    446972   163  +11.763    9999    126    382  +0.3635  +0.6245  +0.4751  +0.9804
   2799    447127   155   +6.152    8456    124    290  +0.1311  +0.2194  +0.1388  +0.7021
   2800    447287   160   +6.466    8602    123    251  +0.1704  +0.2578  +0.2184  +0.7421

  ── rolling mean (last 100 ep) ──  cum_R=+9.205  yield=9404 kg/ha  N=128  W=328 mm  R_seas=+0.2534  R_ane=+0.8181

   2801    447449   162  +11.737    9999    125    392  +0.3553  +0.6243  +0.3339  +0.9992
   2802    447604   155   +9.718    9743    125    334  +0.3371  +0.5572  +0.4250  +0.9508
   2803    447763   159   +8.784    9884    141    336  +0.2613  +0.5942  +0.3770  +0.7509
   2804    447923   160   +9.193   10149    138    277  +0.3339  +0.6639  +0.4719  +0.8434
   2805    448077   154   +8.803    9854    131    298  +0.3108  +0.5865  +0.3368  +0.8753
   2806    448240   163   +6.031    7644    120    458  -0.0255  +0.0063  -0.1749  +0.5852
   2807    448399   159  +13.474    9856    120    419  +0.3478  +0.5868  +0.3899  +1.0000
   2808    448554   155   +4.864    7887    133    395  -0.0294  +0.0700  -0.0486  +0.4804
   2809    448712   158   +8.441    9545    135    337  +0.2554  +0.5052  +0.4617  +0.7710
   2810    448875   163   +9.469    9655    130    269  +0.2962  +0.5340  +0.3735  +0.8517
   2811    449037   162   +6.952    9131    142    314  +0.1386  +0.3967  +0.1758  +0.6098
   2812    449192   155  +11.781   10281    115    366  +0.3953  +0.6985  +0.5061  +1.0000
   2813    449347   155   +7.625    9962    149    239  +0.2676  +0.6146  +0.5428  +0.6762
   2814    449506   159   +6.172    8848    135    275  +0.1369  +0.3223  +0.1500  +0.6439
   2815    449658   152   +9.624    8835    115    348  +0.2651  +0.3190  +0.4151  +0.9278
   2816    449813   155   +5.914    8895    136    260  +0.1443  +0.3346  +0.2302  +0.6293
   2817    449974   161   +7.121    8928    124    297  +0.2121  +0.3432  +0.2744  +0.7961
   2818    450133   159  +10.341   10276    139    354  +0.3418  +0.6971  +0.5444  +0.8528
   2819    450290   157   +6.707    8455    128    338  +0.1114  +0.2192  +0.2395  +0.6461
   2820    450452   162  +12.747   10091    126    386  +0.3800  +0.6486  +0.5074  +1.0000
   2821    450608   156   +6.376    8601    127    273  +0.1382  +0.2575  +0.1192  +0.6948
   2822    450769   161   +9.686   10341    137    308  +0.3549  +0.7142  +0.4408  +0.8836
   2823    450924   155   +8.802    9875    135    327  +0.2849  +0.5918  +0.3187  +0.8228
   2824    451077   153  +10.050    9347    119    374  +0.3078  +0.4533  +0.3828  +0.9682
   2825    451235   158   +9.999   10506    140    304  +0.3691  +0.7576  +0.5201  +0.8709
   2826    451395   160   +6.028    8647    138    290  +0.0948  +0.2695  +0.1775  +0.5705
   2827    451552   157  +10.732   10282    131    307  +0.3831  +0.6986  +0.4567  +0.9596
   2828    451709   157   +4.927    7930    130    358  -0.0044  +0.0813  -0.0847  +0.5310
   2829    451866   157  +11.257    9733    119    378  +0.3587  +0.5546  +0.5172  +1.0000
   2830    452029   163   +5.293    7846    125    317  +0.0207  +0.0594  -0.0130  +0.5744
   2831    452190   161   +8.143    9976    149    298  +0.2506  +0.6183  +0.4503  +0.6768
   2832    452346   156  +11.363   10249    118    348  +0.4013  +0.6901  +0.5600  +1.0000
   2833    452503   157   +5.926    8594    132    344  +0.0965  +0.2557  +0.0860  +0.6265
   2834    452664   161   +8.386    9794    140    311  +0.2609  +0.5705  +0.3897  +0.7526
   2835    452826   162   +6.965    9027    134    319  +0.1507  +0.3693  +0.0892  +0.6806
   2836    452991   165   +8.024    9187    135    388  +0.1645  +0.4112  +0.1430  +0.7017
   2837    453150   159   +8.178    9029    129    399  +0.1796  +0.3699  +0.2407  +0.7446
   2838    453319   169  +10.611   10410    144    345  +0.3099  +0.7323  +0.3049  +0.8077
   2839    453476   157  +10.761   10434    134    304  +0.4154  +0.7386  +0.7059  +0.9517
   2840    453636   160   +8.050    9505    145    322  +0.1911  +0.4947  +0.3487  +0.6398
   2841    453789   153  +11.683    9585    118    386  +0.3486  +0.5157  +0.5264  +1.0000
   2842    453951   162   +5.089    8769    152    304  +0.0344  +0.3017  +0.0169  +0.4448
   2843    454116   165   +7.811    9388    147    356  +0.1559  +0.4639  +0.2787  +0.6012
   2844    454282   166   +7.172    9465    152    352  +0.1401  +0.4843  +0.2294  +0.5597
   2845    454443   161   +8.197    9974    143    321  +0.2550  +0.6180  +0.2698  +0.7419
   2846    454603   160   +7.704    9607    140    310  +0.2136  +0.5215  +0.1864  +0.7151
   2847    454765   162   +6.758    9330    141    284  +0.1738  +0.4487  +0.1742  +0.6544
   2848    454923   158   +8.451    9341    136    352  +0.1861  +0.4517  +0.1222  +0.7216
   2849    455082   159   +8.977    9750    137    379  +0.2505  +0.5591  +0.2876  +0.7845
   2850    455241   159  +10.207    9568    130    380  +0.2692  +0.5112  +0.3829  +0.8378
   2851    455400   159   +8.935    9477    131    344  +0.2449  +0.4874  +0.2753  +0.8053
   2852    455560   160   +9.404    9437    134    311  +0.2331  +0.4769  +0.2974  +0.7647
   2853    455719   159   +8.899    9361    131    350  +0.2263  +0.4569  +0.2519  +0.7862
   2854    455877   158   +9.790   10130    132    269  +0.3639  +0.6587  +0.4600  +0.9216
   2855    456034   157   +3.879    7476    125    345  -0.0532  -0.0379  -0.1538  +0.4961
   2856    456195   161   +8.829    9446    131    303  +0.2558  +0.4792  +0.3342  +0.8076
   2857    456352   157  +11.677   10724    129    343  +0.4208  +0.8148  +0.4354  +1.0000
   2858    456516   164  +12.524   10472    133    430  +0.3810  +0.7486  +0.4332  +0.9749
   2859    456676   160   +8.293   10027    147    312  +0.2440  +0.6317  +0.2732  +0.7015
   2860    456835   159   +6.824    9108    135    334  +0.1629  +0.3906  +0.1646  +0.6847
   2861    456996   161  +10.293    9998    134    362  +0.3340  +0.6240  +0.5897  +0.8710
   2862    457156   160   +1.132    7159    147    312  -0.2057  -0.1210  -0.3943  +0.2144
   2863    457315   159   +7.995    9824    145    282  +0.2580  +0.5786  +0.5199  +0.6968
   2864    457477   162   +8.731    9006    135    406  +0.1382  +0.3638  +0.1486  +0.6705
   2865    457642   165  +11.795    9652    114    386  +0.3308  +0.5334  +0.3040  +1.0000
   2866    457800   158   +6.106    8935    137    275  +0.1499  +0.3451  +0.2935  +0.6261
   2867    457966   166   +5.575    8193    134    347  +0.0199  +0.1504  -0.0129  +0.5264
   2868    458118   152  +10.091    9686    122    321  +0.3550  +0.5423  +0.4984  +0.9816
   2869    458279   161  +11.211   10001    121    351  +0.3802  +0.6248  +0.5161  +1.0000
   2870    458435   156   +8.396    9287    135    380  +0.1866  +0.4376  +0.2270  +0.7164
   2871    458601   166   +6.453    8578    137    351  +0.0566  +0.2515  -0.0540  +0.5669
   2872    458763   162   +9.863    9285    126    368  +0.2356  +0.4371  +0.2223  +0.8359
   2873    458921   158   +7.651    9585    138    342  +0.2155  +0.5158  +0.1855  +0.7357
   2874    459081   160  +10.079    9872    126    322  +0.3474  +0.5910  +0.4089  +0.9551
   2875    459244   163   +7.889    9649    144    353  +0.2022  +0.5326  +0.2903  +0.6701
   2876    459405   161   +9.447    8905    122    386  +0.1914  +0.3372  +0.0703  +0.8326
   2877    459558   153   +9.398   10194    131    288  +0.3802  +0.6755  +0.5125  +0.9457
   2878    459714   156   +9.228    9571    128    320  +0.3037  +0.5120  +0.4807  +0.8769
   2879    459880   166   +8.104    9816    150    315  +0.2157  +0.5765  +0.3799  +0.6396
   2880    460037   157   +7.421    9127    124    286  +0.2454  +0.3956  +0.3153  +0.8322
   2881    460194   157   +5.419    8374    129    285  +0.0813  +0.1978  +0.0255  +0.6175
   2882    460355   161  +10.323   10009    132    380  +0.3215  +0.6271  +0.4143  +0.8885
   2883    460515   160  +10.891   10751    147    392  +0.3541  +0.8217  +0.5008  +0.8310
   2884    460674   159   +7.350    9706    149    303  +0.2152  +0.5474  +0.4670  +0.6303
   2885    460831   157   +8.770    9371    126    328  +0.2746  +0.4595  +0.4328  +0.8515
   2886    460994   163  +12.190   10189    128    390  +0.3893  +0.6743  +0.5811  +0.9903
   2887    461153   159   +7.619    9084    132    395  +0.1749  +0.3841  +0.2460  +0.7210
   2888    461313   160  +11.721    9800    122    399  +0.3361  +0.5722  +0.2779  +1.0000
   2889    461475   162   +9.901    9874    143    357  +0.2304  +0.5916  +0.1980  +0.7282
   2890    461637   162   +9.049    9893    137    307  +0.2800  +0.5966  +0.2916  +0.8070
   2891    461803   166   +6.269    8755    145    344  +0.0566  +0.2979  +0.0489  +0.5096
   2892    461961   158   +8.134    8893    125    371  +0.1860  +0.3341  +0.2153  +0.7788
   2893    462127   166   +8.714    9135    136    398  +0.1692  +0.3975  +0.3326  +0.6782
   2894    462284   157   +8.615    9395    129    338  +0.2542  +0.4659  +0.3703  +0.8160
   2895    462442   158  +10.542    9879    127    338  +0.3380  +0.5930  +0.3882  +0.9414
   2896    462600   158  +10.802   10080    129    355  +0.3623  +0.6456  +0.4755  +0.9542
   2897    462762   162  +11.891   10315    128    356  +0.3923  +0.7073  +0.4393  +1.0000
   2898    462922   160   +8.390    8189    121    434  +0.0804  +0.1494  +0.0571  +0.6934
   2899    463084   162   +7.597    9626    139    279  +0.2418  +0.5265  +0.3566  +0.7283
   2900    463244   160  +11.707    9743    125    380  +0.3275  +0.5573  +0.3913  +0.9527

  ── rolling mean (last 100 ep) ──  cum_R=+8.689  yield=9450 kg/ha  N=133  W=340 mm  R_seas=+0.2348  R_ane=+0.7766

   2901    463406   162   +5.603    8761    143    393  +0.0528  +0.2995  +0.0122  +0.5269
   2902    463569   163   +9.706    9512    130    386  +0.2565  +0.4965  +0.3236  +0.8325
   2903    463729   160   +7.468    8824    132    348  +0.1432  +0.3160  +0.2299  +0.6708
   2904    463883   154   +9.529    9586    129    310  +0.2884  +0.5161  +0.3993  +0.8525
   2905    464037   154   +8.344    9308    130    304  +0.2241  +0.4430  +0.2031  +0.7839
   2906    464192   155  +10.857    9927    122    382  +0.3764  +0.6056  +0.5723  +1.0000
   2907    464353   161   +6.488    8574    126    326  +0.1303  +0.2505  +0.1352  +0.6953
   2908    464513   160   +9.194    9463    128    336  +0.2707  +0.4837  +0.3871  +0.8413
   2909    464674   161  +12.818   10317    126    378  +0.3987  +0.7079  +0.5349  +1.0000
   2910    464833   159   +9.100    9919    142    309  +0.2752  +0.6034  +0.4793  +0.7443
   2911    464993   160   +9.533    9868    138    350  +0.2788  +0.5899  +0.4488  +0.7850
   2912    465154   161   +9.654   10184    140    337  +0.3171  +0.6730  +0.4796  +0.8162
   2913    465319   165   +9.754    9948    143    376  +0.2546  +0.6109  +0.3967  +0.7341
   2914    465477   158   +9.072    9833    135    336  +0.2864  +0.5808  +0.3972  +0.8174
   2915    465640   163  +10.114   10903    150    286  +0.3787  +0.8616  +0.5216  +0.8224
   2916    465799   159  +10.454    9938    128    351  +0.3461  +0.6085  +0.4430  +0.9433
   2917    465954   155  +11.110    9830    113    348  +0.3679  +0.5800  +0.5010  +1.0000
   2918    466114   160   +5.324    8921    146    321  +0.0777  +0.3415  +0.0598  +0.5236
   2919    466276   162  +10.435    9462    121    374  +0.3144  +0.4834  +0.4014  +0.9615
   2920    466436   160  +10.607    9791    125    356  +0.3347  +0.5699  +0.3660  +0.9601
   2921    466589   153  +11.602   10088    122    386  +0.3712  +0.6477  +0.4222  +1.0000
   2922    466745   156  +12.001   10311    125    365  +0.3941  +0.7062  +0.4726  +1.0000
   2923    466899   154   +9.455    9778    131    339  +0.2971  +0.5665  +0.3598  +0.8631
   2924    467059   160   +8.343    9369    130    344  +0.2206  +0.4590  +0.1314  +0.7985
   2925    467216   157   +5.920    7922    120    373  +0.0468  +0.0793  +0.0071  +0.6432
   2926    467377   161   +8.666    9336    142    399  +0.1585  +0.4503  +0.2574  +0.6374
   2927    467540   163   +6.849    9511    142    285  +0.1913  +0.4964  +0.1711  +0.6698
   2928    467702   162   +9.805    9162    123    396  +0.2519  +0.4046  +0.3861  +0.8662
   2929    467855   153   +9.768    9674    125    343  +0.3219  +0.5390  +0.3782  +0.9394
   2930    468017   162  +11.169    9814    116    373  +0.3659  +0.5759  +0.5283  +1.0000
   2931    468169   152   +9.259    8824    121    327  +0.2060  +0.3161  +0.2370  +0.8181
   2932    468334   165  +10.098    9575    127    372  +0.2987  +0.5130  +0.4728  +0.8849
   2933    468491   157   +8.389    9055    129    369  +0.1782  +0.3767  +0.1173  +0.7567
   2934    468652   161   +9.973   10598    144    350  +0.3422  +0.7816  +0.4025  +0.8350
   2935    468815   163   +9.152   10039    141    367  +0.2724  +0.6348  +0.3223  +0.7787
   2936    468978   163   +6.000    8353    139    343  +0.0110  +0.1923  -0.1052  +0.4999
   2937    469133   155  +10.520    9958    120    345  +0.3691  +0.6138  +0.4231  +1.0000
   2938    469288   155   +9.671   10324    136    297  +0.3731  +0.7098  +0.5529  +0.8997
   2939    469447   159  +10.525    9649    116    353  +0.3541  +0.5325  +0.4884  +1.0000
   2940    469604   157   +7.850    9129    129    324  +0.2129  +0.3961  +0.3068  +0.7670
   2941    469763   159   +6.629    9095    140    365  +0.1235  +0.3871  +0.0882  +0.6193
   2942    469921   158   +8.605    9758    134    328  +0.2730  +0.5612  +0.2782  +0.8226
   2943    470076   155  +11.319   10168    122    366  +0.3892  +0.6687  +0.5185  +1.0000
   2944    470238   162   +9.628   10183    140    354  +0.3186  +0.6728  +0.5220  +0.8157
   2945    470399   161   +8.676    9363    127    321  +0.2569  +0.4574  +0.2981  +0.8398
   2946    470566   167  +11.368   10906    141    325  +0.4150  +0.8624  +0.5149  +0.9294
   2947    470730   164   +8.084    9990    143    320  +0.2754  +0.6221  +0.4209  +0.7520
   2948    470894   164   +6.923    9164    141    322  +0.1334  +0.4052  +0.0483  +0.6267
   2949    471056   162  +10.955   10843    143    361  +0.3939  +0.8458  +0.5215  +0.8987
   2950    471219   163   +9.586   10348    143    330  +0.3306  +0.7159  +0.5090  +0.8130
   2951    471372   153   +8.637    9084    126    447  +0.1896  +0.3841  +0.1636  +0.7980
   2952    471536   164  +10.691   10610    142    357  +0.3506  +0.7848  +0.3735  +0.8640
   2953    471694   158   +8.514   10054    136    281  +0.3313  +0.6389  +0.4831  +0.8509
   2954    471856   162  +11.594   10321    134    400  +0.3617  +0.7090  +0.4847  +0.9275
   2955    472014   158   +7.081    8779    127    402  +0.1397  +0.3042  +0.0757  +0.7285
   2956    472171   157   +9.335    9786    130    303  +0.3272  +0.5684  +0.5542  +0.8756
   2957    472336   165   +4.898    8185    147    380  -0.0602  +0.1483  -0.2119  +0.3898
   2958    472495   159  +12.320   10195    118    401  +0.3892  +0.6759  +0.5539  +1.0000
   2959    472663   168   +8.346    9024    136    391  +0.1476  +0.3686  +0.2425  +0.6620
   2960    472822   159   +7.897    9752    146    318  +0.2252  +0.5595  +0.3836  +0.6742
   2961    472975   153   +7.969   10148    145    308  +0.2924  +0.6636  +0.4865  +0.7479
   2962    473129   154   +7.065    9245    134    284  +0.2121  +0.4264  +0.3601  +0.7178
   2963    473287   158   +9.622    8815    115    375  +0.2312  +0.3135  +0.1877  +0.9132
   2964    473449   162   +7.848    9424    140    310  +0.1902  +0.4735  +0.2215  +0.6778
   2965    473609   160   +5.217    9072    150    339  +0.0795  +0.3810  +0.0302  +0.5174
   2966    473770   161   +7.227    8522    127    386  +0.0950  +0.2367  -0.0150  +0.6757
   2967    473930   160   +7.649    9739    146    328  +0.2032  +0.5562  +0.2160  +0.6668
   2968    474089   159  +10.157    9317    118    336  +0.3269  +0.4455  +0.5399  +0.9675
   2969    474245   156   +9.036   10020    141    316  +0.2892  +0.6300  +0.4304  +0.7775
   2970    474405   160   +9.441    9866    132    332  +0.3275  +0.5894  +0.5497  +0.8751
   2971    474568   163   +3.614    8250    152    289  -0.0540  +0.1654  -0.1839  +0.3534
   2972    474726   158  +12.188    9815    118    412  +0.3547  +0.5762  +0.4732  +1.0000
   2973    474889   163   +6.209    9098    140    347  +0.1407  +0.3880  +0.2073  +0.6252
   2974    475039   150   +7.150    8962    129    301  +0.1716  +0.3523  +0.1115  +0.7315
   2975    475200   161  +10.082    9404    116    370  +0.3327  +0.4682  +0.4620  +1.0000
   2976    475366   166   +8.365   10137    150    336  +0.2507  +0.6607  +0.3578  +0.6879
   2977    475530   164  +11.659   10043    130    385  +0.3497  +0.6360  +0.5301  +0.9261
   2978    475693   163   +9.184   10411    152    315  +0.2988  +0.7325  +0.5126  +0.7165
   2979    475851   158   +7.122    8808    130    360  +0.1368  +0.3117  +0.1178  +0.6902
   2980    476005   154   +6.692    9203    141    326  +0.1528  +0.4155  +0.2186  +0.6273
   2981    476153   148   +6.193    8384    123    332  +0.1179  +0.2006  +0.1100  +0.7038
   2982    476313   160   +9.950   10263    144    355  +0.2898  +0.6936  +0.3188  +0.7820
   2983    476482   169   +6.134    9162    151    320  +0.1057  +0.4047  +0.2116  +0.5158
   2984    476640   158  +10.365    9642    131    400  +0.2760  +0.5306  +0.4101  +0.8432
   2985    476805   165  +10.289   10556    138    342  +0.3724  +0.7707  +0.4384  +0.9055
   2986    476965   160   +7.230    9377    137    356  +0.1980  +0.4611  +0.2748  +0.7090
   2987    477138   173  +10.647   10012    140    393  +0.2721  +0.6278  +0.3302  +0.7900
   2988    477302   164  +10.930   10212    133    393  +0.3439  +0.6802  +0.3877  +0.9226
   2989    477456   154   +9.624    9235    120    379  +0.2764  +0.4240  +0.3090  +0.9284
   2990    477616   160  +10.953   10352    140    356  +0.3283  +0.7169  +0.3857  +0.8473
   2991    477776   160   +6.887    9506    146    330  +0.1734  +0.4950  +0.2410  +0.6253
   2992    477939   163  +10.429   10920    152    340  +0.3598  +0.8662  +0.5342  +0.7898
   2993    478099   160   +7.582   10191    163    319  +0.2053  +0.6748  +0.3575  +0.5591
   2994    478253   154   +8.758    9978    137    338  +0.2895  +0.6190  +0.3130  +0.8226
   2995    478411   158   +6.705    8442    132    405  +0.0512  +0.2158  -0.0636  +0.5982
   2996    478572   161   +7.913    9222    131    354  +0.2117  +0.4205  +0.3206  +0.7565
   2997    478738   166   +8.694    9595    137    349  +0.2342  +0.5185  +0.3082  +0.7526
   2998    478898   160   +7.715    9434    147    386  +0.1315  +0.4762  +0.0275  +0.6064
   2999    479053   155   +8.203    9433    142    361  +0.1811  +0.4758  +0.2472  +0.6663
   3000    479212   159   +8.986    9980    134    350  +0.3016  +0.6195  +0.3203  +0.8554

  ── rolling mean (last 100 ep) ──  cum_R=+8.889  yield=9611 kg/ha  N=134  W=349 mm  R_seas=+0.2502  R_ane=+0.7873

   3001    479377   165   +3.925    8542    156    316  -0.0188  +0.2419  -0.0353  +0.3668
   3002    479541   164   +6.731    9236    150    348  +0.1063  +0.4243  +0.1074  +0.5418
   3003    479710   169   +9.063   10174    140    314  +0.3249  +0.6703  +0.5288  +0.8165
   3004    479867   157   +6.898    9168    146    366  +0.0985  +0.4064  +0.0115  +0.5643
   3005    480031   164   +9.318   10193    147    356  +0.2789  +0.6754  +0.4322  +0.7380
   3006    480185   154  +10.770   10020    115    375  +0.3879  +0.6299  +0.6167  +1.0000
   3007    480344   159   +8.726    9906    145    369  +0.2361  +0.6001  +0.3196  +0.7112
   3008    480502   158   +6.517    7992    123    382  +0.0395  +0.0976  -0.0186  +0.6233
   3009    480659   157   +9.515   10426    141    349  +0.3435  +0.7364  +0.4747  +0.8481
   3010    480817   158  +10.371    9700    128    385  +0.3078  +0.5461  +0.4816  +0.8898
   3011    480982   165   +7.516    9768    147    361  +0.2085  +0.5638  +0.3091  +0.6647
   3012    481147   165   +7.289    9535    146    331  +0.1652  +0.5026  +0.1203  +0.6305
   3013    481307   160  +11.654    9335    118    411  +0.2954  +0.4501  +0.2831  +0.9779
   3014    481463   156  +10.428    9879    127    373  +0.3369  +0.5928  +0.3935  +0.9509
   3015    481617   154   +8.695   10172    139    309  +0.3275  +0.6698  +0.4986  +0.8289
   3016    481772   155   +4.821    7516    120    382  -0.0323  -0.0274  -0.1903  +0.5646
   3017    481933   161  +10.420   10311    140    355  +0.3330  +0.7064  +0.4804  +0.8414
   3018    482090   157   +7.305    9212    138    320  +0.1607  +0.4179  +0.1236  +0.6673
   3019    482256   166   +8.880    9851    154    395  +0.1768  +0.5856  +0.2389  +0.6021
   3020    482415   159  +12.142   10400    124    388  +0.4006  +0.7296  +0.5144  +1.0000
   3021    482572   157  +13.192   10389    122    459  +0.3870  +0.7268  +0.4911  +1.0000
   3022    482730   158  +10.301   10072    131    334  +0.3557  +0.6437  +0.4991  +0.9248
   3023    482889   159   +8.316    9960    148    394  +0.2359  +0.6140  +0.4341  +0.6829
   3024    483046   157   +4.525    7994    138    343  -0.0347  +0.0980  -0.1109  +0.4459
   3025    483204   158  +11.676    9990    123    445  +0.3416  +0.6222  +0.2780  +1.0000
   3026    483364   160   +7.556    8978    129    385  +0.1618  +0.3564  +0.1142  +0.7350
   3027    483522   158  +10.755    9814    127    364  +0.3314  +0.5760  +0.4174  +0.9381
   3028    483682   160   +8.419    9497    137    403  +0.2027  +0.4928  +0.2315  +0.7294
   3029    483838   156   +9.168    9449    129    335  +0.2762  +0.4800  +0.4779  +0.8341
   3030    483997   159   +8.571    9212    134    372  +0.1781  +0.4179  +0.1581  +0.7217
   3031    484156   159   +9.141    9908    133    325  +0.3210  +0.6006  +0.4937  +0.8630
   3032    484322   166   +9.423    9271    129    394  +0.2099  +0.4333  +0.1521  +0.8011
   3033    484482   160   +8.647    9587    142    378  +0.2160  +0.5162  +0.4130  +0.6934
   3034    484640   158   +6.684    9268    145    290  +0.1626  +0.4326  +0.3572  +0.5931
   3035    484796   156  +10.094   10289    139    351  +0.3371  +0.7005  +0.5000  +0.8490
   3036    484950   154  +10.798   10112    125    334  +0.3928  +0.6540  +0.5446  +1.0000
   3037    485110   160  +10.949   10001    126    363  +0.3698  +0.6248  +0.5212  +0.9773
   3038    485269   159   +4.576    7942    135    380  -0.0424  +0.0845  -0.1929  +0.4693
   3039    485434   165   +8.796    8730    127    449  +0.1343  +0.2914  +0.1402  +0.7246
   3040    485592   158  +11.110   10355    133    359  +0.3710  +0.7178  +0.4150  +0.9473
   3041    485753   161  +12.167   10556    130    394  +0.4035  +0.7706  +0.4495  +1.0000
   3042    485912   159  +10.298   10188    128    319  +0.3907  +0.6742  +0.5044  +0.9864
   3043    486078   166  +11.693   10750    138    345  +0.4078  +0.8215  +0.5103  +0.9454
   3044    486237   159   +8.337    9858    140    320  +0.2742  +0.5874  +0.4657  +0.7596
   3045    486394   157   +8.987    8648    112    353  +0.2351  +0.2699  +0.2187  +0.9343
   3046    486552   158   +7.594    8851    126    327  +0.1701  +0.3232  +0.0876  +0.7615
   3047    486709   157   +8.000    9440    132    313  +0.2572  +0.4777  +0.4458  +0.7877
   3048    486863   154   +7.568    9280    133    307  +0.2122  +0.4356  +0.2571  +0.7464
   3049    487022   159   +8.794    9422    125    331  +0.2745  +0.4731  +0.2654  +0.8858
   3050    487183   161  +10.674    9611    121    376  +0.3346  +0.5226  +0.4095  +0.9862
   3051    487347   164   +8.276    8985    129    379  +0.1765  +0.3583  +0.2210  +0.7415
   3052    487506   159  +10.252   10425    134    303  +0.3862  +0.7361  +0.4485  +0.9446
   3053    487666   160   +7.496    9170    133    358  +0.1753  +0.4068  +0.1080  +0.7288
   3054    487826   160   +9.136   10088    138    315  +0.3132  +0.6478  +0.4355  +0.8247
   3055    487988   162  +12.527   10203    130    395  +0.3646  +0.6779  +0.4509  +0.9607
   3056    488155   167   +9.230   10315    143    358  +0.3156  +0.7073  +0.4729  +0.8003
   3057    488316   161  +11.771   11006    132    339  +0.4548  +0.8887  +0.5848  +1.0000
   3058    488476   160  +10.244    9905    126    346  +0.3606  +0.5997  +0.5307  +0.9614
   3059    488639   163   +8.846    9163    128    354  +0.2094  +0.4050  +0.2247  +0.7842
   3060    488805   166   +9.044    9698    136    349  +0.2577  +0.5454  +0.3593  +0.7819
   3061    488964   159   +7.714    9534    141    281  +0.2163  +0.5022  +0.3309  +0.6872
   3062    489118   154   +7.978    9496    143    341  +0.1883  +0.4925  +0.2633  +0.6625
   3063    489281   163   +9.753   10310    136    326  +0.3597  +0.7060  +0.5119  +0.8900
   3064    489448   167   +7.132    8764    139    386  +0.0726  +0.3004  +0.0048  +0.5745
   3065    489608   160   +5.725    8357    136    376  +0.0215  +0.1934  -0.1096  +0.5387
   3066    489765   157   +4.531    7807    127    366  -0.0214  +0.0491  -0.1808  +0.5358
   3067    489925   160  +11.255   10317    135    322  +0.3674  +0.7078  +0.4769  +0.9150
   3068    490086   161  +10.749   10210    132    363  +0.3705  +0.6797  +0.5344  +0.9414
   3069    490244   158   +7.885    9028    130    363  +0.1756  +0.3695  +0.1798  +0.7366
   3070    490403   159   +7.671    9358    138    374  +0.1913  +0.4560  +0.2896  +0.6985
   3071    490564   161   +8.808    9811    138    352  +0.2547  +0.5751  +0.2684  +0.7798
   3072    490722   158  +11.003   10258    128    360  +0.3960  +0.6925  +0.5189  +1.0000
   3073    490879   157  +10.193    9703    126    362  +0.3293  +0.5468  +0.4871  +0.9327
   3074    491040   161   +7.973    9675    146    336  +0.1888  +0.5393  +0.1487  +0.6614
   3075    491195   155   +8.288    9258    122    291  +0.2766  +0.4298  +0.2856  +0.8980
   3076    491355   160  +10.244    9916    124    286  +0.3883  +0.6028  +0.5562  +1.0000
   3077    491519   164   +4.722    8687    154    306  +0.0203  +0.2802  +0.0764  +0.4088
   3078    491680   161  +11.756   10135    127    355  +0.3840  +0.6600  +0.4842  +0.9971
   3079    491843   163   +8.398    9574    144    342  +0.1873  +0.5129  +0.2245  +0.6574
   3080    491997   154  +11.088    9612    115    384  +0.3486  +0.5227  +0.5046  +1.0000
   3081    492158   161   +5.603    8008    121    344  +0.0422  +0.1017  -0.1659  +0.6500
   3082    492318   160  +11.792   10047    126    361  +0.3762  +0.6371  +0.4902  +0.9928
   3083    492473   155  +10.477    9754    130    381  +0.2916  +0.5602  +0.3543  +0.8706
   3084    492634   161   +7.348    8781    133    327  +0.1247  +0.3048  +0.1038  +0.6555
   3085    492797   163   +8.863    9297    126    347  +0.2672  +0.4401  +0.4651  +0.8443
   3086    492956   159   +9.846   10172    131    304  +0.3829  +0.6697  +0.5988  +0.9405
   3087    493116   160   +5.843    8875    135    288  +0.1189  +0.3293  -0.0454  +0.6481
   3088    493271   155  +10.442   10090    127    315  +0.3861  +0.6482  +0.5202  +0.9858
   3089    493429   158   +8.595    9562    139    338  +0.2414  +0.5097  +0.5046  +0.7233
   3090    493592   163   +9.399    9907    135    332  +0.2918  +0.6002  +0.3040  +0.8405
   3091    493752   160   +8.530    9574    139    348  +0.2083  +0.5130  +0.1975  +0.7187
   3092    493910   158   +7.084    9143    135    305  +0.1846  +0.3997  +0.2941  +0.6901
   3093    494069   159   +9.749    9910    137    351  +0.2853  +0.6009  +0.3948  +0.8082
   3094    494224   155   +9.557   10263    142    367  +0.3089  +0.6938  +0.4028  +0.8130
   3095    494387   163   +8.444   10164    148    308  +0.2719  +0.6678  +0.3705  +0.7230
   3096    494541   154  +10.666   10016    128    349  +0.3569  +0.6288  +0.4459  +0.9561
   3097    494702   161   +8.958    9243    130    362  +0.2006  +0.4259  +0.1182  +0.7793
   3098    494858   156   +5.086    7573    117    362  -0.0120  -0.0123  -0.2439  +0.6120
   3099    495023   165   +5.551    9100    149    314  +0.0862  +0.3885  +0.0204  +0.5226
   3100    495183   160   +8.886    9536    135    360  +0.2180  +0.5028  +0.1612  +0.7629

  ── rolling mean (last 100 ep) ──  cum_R=+8.882  yield=9565 kg/ha  N=134  W=352 mm  R_seas=+0.2471  R_ane=+0.7913

   3101    495342   159  +12.792   10703    133    392  +0.4202  +0.8091  +0.5171  +1.0000
   3102    495502   160  +10.701   10117    144    370  +0.2907  +0.6554  +0.5238  +0.7622
   3103    495662   160  +11.000    9800    124    413  +0.3335  +0.5723  +0.3862  +0.9719
   3104    495817   155   +9.862    9749    130    351  +0.2896  +0.5588  +0.2686  +0.8765
   3105    495976   159   +9.145    9513    124    308  +0.3059  +0.4968  +0.3589  +0.9178
   3106    496141   165   +9.153    9882    142    351  +0.2401  +0.5938  +0.2198  +0.7433
   3107    496301   160   +8.878    9876    141    399  +0.2338  +0.5920  +0.1915  +0.7538
   3108    496462   161   +7.751    9382    144    376  +0.1436  +0.4625  +0.0754  +0.6295
   3109    496628   166   +9.993   10175    133    386  +0.3352  +0.6705  +0.3293  +0.9187
   3110    496789   161  +10.565   10295    134    324  +0.3649  +0.7021  +0.4573  +0.9181
   3111    496951   162   +7.239    9058    138    352  +0.1431  +0.3775  +0.2161  +0.6374
   3112    497114   163   +5.813    8984    144    344  +0.0919  +0.3580  +0.0652  +0.5560
   3113    497276   162   +9.342    9955    137    325  +0.3026  +0.6129  +0.4683  +0.8156
   3114    497434   158  +11.015   10444    130    339  +0.4120  +0.7412  +0.5256  +1.0000
   3115    497593   159   +8.998    9668    128    288  +0.3005  +0.5374  +0.2946  +0.8871
   3116    497760   167  +10.669   10474    140    337  +0.3594  +0.7489  +0.5011  +0.8692
   3117    497921   161   +5.736    8871    151    328  +0.0404  +0.3282  -0.0362  +0.4657
   3118    498079   158  +10.283   10332    135    331  +0.3668  +0.7117  +0.5009  +0.9085
   3119    498236   157  +10.629    9945    126    338  +0.3656  +0.6101  +0.5231  +0.9661
   3120    498396   160  +11.373   10565    143    358  +0.3553  +0.7730  +0.5035  +0.8509
   3121    498559   163   +8.582   10134    143    284  +0.3027  +0.6597  +0.4674  +0.7714
   3122    498717   158   +5.670    8761    132    310  +0.1270  +0.2995  +0.0810  +0.6636
   3123    498872   155  +11.068   10520    131    293  +0.4247  +0.7610  +0.5342  +1.0000
   3124    499035   163   +7.653    9789    146    305  +0.2045  +0.5693  +0.1149  +0.6785
   3125    499191   156   +9.985   10040    133    350  +0.3307  +0.6351  +0.4415  +0.8880
   3126    499352   161   +5.812    8905    149    357  +0.0508  +0.3372  -0.0207  +0.4926
   3127    499514   162  +11.682   10587    143    380  +0.3484  +0.7786  +0.4648  +0.8480
   3128    499675   161  +11.493    9961    127    340  +0.3539  +0.6143  +0.4031  +0.9648
   3129    499834   159  +11.161   10199    128    331  +0.3874  +0.6769  +0.4866  +0.9855
   3130    499995   161  +10.775   10466    139    374  +0.3556  +0.7471  +0.4840  +0.8788
   3131    500157   162  +10.382    9439    128    413  +0.2444  +0.4775  +0.2356  +0.8460
   3132    500322   165   +9.418    9848    133    351  +0.3065  +0.5847  +0.4848  +0.8488
   3133    500483   161  +11.178    9804    123    354  +0.3610  +0.5731  +0.4650  +0.9981
   3134    500644   161   +7.018    9220    138    301  +0.1830  +0.4201  +0.2728  +0.6770
   3135    500800   156  +10.149    9471    130    376  +0.2390  +0.4857  +0.1986  +0.8228
   3136    500964   164   +7.761    8938    131    378  +0.1490  +0.3460  +0.1358  +0.7014
   3137    501125   161   +8.912    9088    122    367  +0.2270  +0.3853  +0.1572  +0.8625
   3138    501286   161   +7.506    9411    140    291  +0.1997  +0.4702  +0.3104  +0.6742
   3139    501445   159   +9.236    9794    137    303  +0.2828  +0.5706  +0.4794  +0.7815
   3140    501605   160  +11.788    9938    129    393  +0.3226  +0.6083  +0.3353  +0.9273
   3141    501766   161  +10.645    9026    120    415  +0.2179  +0.3692  +0.1372  +0.8729
   3142    501923   157   +9.935    9774    127    376  +0.3296  +0.5653  +0.5137  +0.9205
   3143    502081   158   +7.907    9558    132    273  +0.2787  +0.5086  +0.4307  +0.8113
   3144    502239   158   +8.086    8894    124    333  +0.1879  +0.3345  +0.1024  +0.7975
   3145    502400   161   +8.720   10071    146    317  +0.2730  +0.6434  +0.4449  +0.7255
   3146    502559   159  +10.327    9861    128    359  +0.3333  +0.5881  +0.4629  +0.9220
   3147    502715   156   +8.846    9355    134    362  +0.2052  +0.4554  +0.1983  +0.7519
   3148    502875   160   +9.210    9788    142    328  +0.2578  +0.5691  +0.4864  +0.7278
   3149    503042   167  +13.796   10398    132    446  +0.3665  +0.7292  +0.3592  +0.9754
   3150    503205   163   +9.972   10397    145    357  +0.3228  +0.7290  +0.5051  +0.7967
   3151    503360   155   +8.863    9474    124    291  +0.3040  +0.4865  +0.4010  +0.9024
   3152    503521   161  +11.008   10243    128    328  +0.3866  +0.6885  +0.3866  +1.0000
   3153    503682   161   +9.813   10262    140    309  +0.3270  +0.6933  +0.4439  +0.8267
   3154    503846   164   +9.670    9318    124    350  +0.2672  +0.4456  +0.3379  +0.8737
   3155    504009   163  +12.205    9871    136    413  +0.2658  +0.5908  +0.2935  +0.8143
   3156    504168   159  +10.497   10161    132    289  +0.3674  +0.6668  +0.4788  +0.9280
   3157    504329   161  +12.587   10635    127    399  +0.4160  +0.7913  +0.5307  +1.0000
   3158    504493   164  +10.296   10263    143    354  +0.3100  +0.6938  +0.4799  +0.7919
   3159    504648   155   +7.433    9356    131    281  +0.2307  +0.4556  +0.2192  +0.7800
   3160    504811   163   +4.446    7679    134    370  -0.0859  +0.0155  -0.3196  +0.4317
   3161    504971   160   +8.497   10037    141    288  +0.2859  +0.6345  +0.3264  +0.7819
   3162    505131   160  +10.451   10112    123    347  +0.3782  +0.6540  +0.4166  +1.0000
   3163    505298   167   +6.471    8973    146    307  +0.0973  +0.3551  +0.1266  +0.5422
   3164    505455   157   +8.067    9541    136    320  +0.2335  +0.5041  +0.2698  +0.7588
   3165    505618   163   +8.736    9191    129    348  +0.2090  +0.4122  +0.2088  +0.7809
   3166    505781   163   +9.239    9349    132    399  +0.2034  +0.4538  +0.1576  +0.7727
   3167    505943   162   +6.587    9411    143    255  +0.1839  +0.4702  +0.1985  +0.6494
   3168    506108   165   +7.444    9816    151    330  +0.1871  +0.5763  +0.1834  +0.6229
   3169    506267   159  +10.438    9618    121    350  +0.3345  +0.5245  +0.3586  +0.9876
   3170    506425   158   +8.614    9917    136    262  +0.3019  +0.6030  +0.3822  +0.8180
   3171    506583   158   +8.641    9320    133    366  +0.2036  +0.4462  +0.2283  +0.7479
   3172    506750   167   +9.709    9569    132    374  +0.2469  +0.5116  +0.2287  +0.8178
   3173    506911   161   +9.276    9651    135    321  +0.2519  +0.5332  +0.2663  +0.7877
   3174    507069   158   +9.658    9723    127    329  +0.3149  +0.5520  +0.3494  +0.9155
   3175    507232   163  +11.034   10310    126    338  +0.3952  +0.7060  +0.4448  +1.0000
   3176    507397   165   +9.856   10105    134    304  +0.3506  +0.6523  +0.5394  +0.8853
   3177    507556   159   +9.120    9204    119    318  +0.3014  +0.4156  +0.4459  +0.9390
   3178    507720   164   +9.729   10087    140    359  +0.2905  +0.6475  +0.3917  +0.7958
   3179    507878   158  +10.157    9862    137    385  +0.2744  +0.5885  +0.4127  +0.7969
   3180    508041   163   +5.698    8980    147    314  +0.1026  +0.3568  +0.2618  +0.5235
   3181    508212   171   +8.087    9561    136    328  +0.2178  +0.5095  +0.1245  +0.7556
   3182    508371   159   +7.778    9050    125    289  +0.2306  +0.3753  +0.3030  +0.8122
   3183    508530   159   +6.678    8739    128    331  +0.1499  +0.2936  +0.1760  +0.7088
   3184    508682   152  +10.214   10018    124    316  +0.3830  +0.6293  +0.4805  +1.0000
   3185    508843   161   +8.485    9805    140    318  +0.2570  +0.5734  +0.3862  +0.7444
   3186    509003   160   +4.953    8495    140    338  +0.0364  +0.2296  -0.0068  +0.5135
   3187    509160   157   +9.618    9845    138    323  +0.2849  +0.5840  +0.4808  +0.7857
   3188    509317   157  +11.804    9991    125    422  +0.3571  +0.6224  +0.3972  +1.0000
   3189    509480   163   +9.712   10046    134    298  +0.3414  +0.6368  +0.4974  +0.8803
   3190    509642   162   +5.995    9008    145    289  +0.1236  +0.3644  +0.2959  +0.5533
   3191    509805   163   +6.933    9678    147    203  +0.2262  +0.5401  +0.3820  +0.6459
   3192    509958   153  +12.087    9605    109    433  +0.3362  +0.5210  +0.4594  +1.0000
   3193    510121   163  +10.321   10477    141    353  +0.3483  +0.7499  +0.4531  +0.8585
   3194    510288   167   +7.813    9369    142    304  +0.1891  +0.4591  +0.3482  +0.6505
   3195    510445   157   +8.309    9648    135    260  +0.2834  +0.5322  +0.4925  +0.7879
   3196    510610   165   +6.398    8600    144    426  +0.0256  +0.2572  +0.0172  +0.4961
   3197    510769   159   +7.121    9556    148    301  +0.1857  +0.5081  +0.3261  +0.6156
   3198    510926   157   +9.600    8766    115    363  +0.2156  +0.3007  +0.1050  +0.8987
   3199    511088   162   +9.598    9907    133    348  +0.3128  +0.6003  +0.4555  +0.8612
   3200    511244   156   +4.918    7975    135    373  -0.0317  +0.0931  -0.1278  +0.4720

  ── rolling mean (last 100 ep) ──  cum_R=+9.163  yield=9674 kg/ha  N=134  W=340 mm  R_seas=+0.2628  R_ane=+0.8037

   3201    511402   158   +5.463    8595    140    324  +0.0627  +0.2560  +0.0695  +0.5384
   3202    511559   157   +9.560    8906    116    319  +0.2526  +0.3374  +0.1986  +0.9280
   3203    511716   157   +9.325    9790    136    324  +0.2650  +0.5694  +0.2929  +0.7924
   3204    511879   163   +9.781    9600    133    361  +0.2466  +0.5196  +0.2506  +0.8019
   3205    512036   157  +10.576   10041    136    354  +0.3135  +0.6355  +0.4230  +0.8511
   3206    512195   159  +10.886    9653    127    365  +0.3099  +0.5335  +0.4879  +0.8936
   3207    512353   158   +9.562    9705    132    368  +0.2720  +0.5471  +0.2881  +0.8413
   3208    512517   164  +10.072    9479    131    412  +0.2321  +0.4880  +0.2360  +0.8082
   3209    512674   157   +8.071    9104    130    349  +0.1947  +0.3895  +0.2176  +0.7573
   3210    512837   163   +6.126    8260    127    342  +0.0650  +0.1679  -0.0332  +0.6316
   3211    512993   156   +7.594    8640    123    341  +0.1517  +0.2678  +0.0995  +0.7523
   3212    513152   159  +10.399    9871    127    335  +0.3445  +0.5908  +0.4450  +0.9441
   3213    513314   162   +8.624    9805    140    363  +0.2408  +0.5735  +0.2825  +0.7464
   3214    513464   150   +8.470    9366    127    304  +0.2691  +0.4583  +0.4000  +0.8380
   3215    513621   157  +11.496   10124    126    374  +0.3893  +0.6574  +0.5602  +1.0000
   3216    513782   161   +8.976    9712    135    306  +0.2838  +0.5492  +0.4609  +0.8031
   3217    513941   159  +11.569   10008    130    398  +0.3403  +0.6267  +0.4570  +0.9315
   3218    514103   162  +11.181   10126    126    366  +0.3882  +0.6578  +0.5372  +1.0000
   3219    514271   168  +10.433   10184    141    368  +0.3014  +0.6730  +0.4146  +0.8049
   3220    514433   162   +7.682    9387    133    314  +0.2140  +0.4638  +0.1266  +0.7686
   3221    514593   160   +8.363    9660    129    287  +0.3030  +0.5356  +0.3814  +0.8726
   3222    514755   162   +8.800    8047    118    437  +0.0511  +0.1120  -0.1871  +0.7057
   3223    514916   161  +11.922    9563    120    405  +0.3410  +0.5100  +0.4964  +0.9991
   3224    515080   164  +10.917   10170    132    388  +0.3471  +0.6693  +0.4331  +0.9241
   3225    515243   163  +10.036   10072    128    322  +0.3651  +0.6435  +0.4355  +0.9600
   3226    515402   159  +10.723    9806    127    343  +0.3301  +0.5737  +0.4346  +0.9242
   3227    515562   160   +8.055    9542    136    331  +0.2335  +0.5045  +0.2800  +0.7600
   3228    515726   164  +11.092   10296    141    337  +0.3305  +0.7022  +0.5130  +0.8227
   3229    515887   161  +11.373    9816    128    391  +0.3214  +0.5764  +0.4255  +0.9212
   3230    516047   160  +10.572   10221    130    343  +0.3847  +0.6828  +0.5438  +0.9651
   3231    516209   162  +10.261    9955    140    347  +0.2733  +0.6128  +0.3492  +0.7805
   3232    516376   167   +5.001    8939    160    304  +0.0286  +0.3462  +0.0213  +0.4013
   3233    516534   158  +10.170    9825    128    328  +0.3397  +0.5788  +0.4841  +0.9269
   3234    516693   159   +8.250    9422    136    308  +0.2288  +0.4731  +0.3657  +0.7379
   3235    516852   159   +9.168   10071    141    279  +0.3105  +0.6433  +0.5335  +0.7827
   3236    517012   160   +9.085    9728    130    302  +0.3149  +0.5532  +0.4957  +0.8684
   3237    517175   163  +10.839    9980    138    409  +0.2849  +0.6195  +0.4281  +0.8090
   3238    517326   151   +9.299    9154    118    349  +0.2746  +0.4027  +0.2519  +0.9402
   3239    517487   161   +5.822    8878    140    272  +0.1215  +0.3301  +0.2072  +0.5850
   3240    517647   160  +11.255   10590    135    332  +0.4029  +0.7797  +0.4974  +0.9577
   3241    517809   162  +10.759   10187    128    378  +0.3712  +0.6738  +0.4070  +0.9844
   3242    517971   162   +9.800    9976    143    367  +0.2608  +0.6185  +0.3647  +0.7493
   3243    518133   162   +7.588    9765    146    241  +0.2482  +0.5631  +0.5002  +0.6716
   3244    518293   160  +10.783   10292    137    344  +0.3557  +0.7013  +0.5483  +0.8803
   3245    518450   157   +8.486    8623    117    369  +0.1745  +0.2633  +0.0356  +0.8387
   3246    518611   161   +8.641    9529    141    376  +0.2027  +0.5011  +0.3333  +0.6887
   3247    518779   168  +10.048    9255    126    361  +0.2271  +0.4291  +0.1436  +0.8366
   3248    518936   157   +8.315    9675    134    322  +0.2803  +0.5393  +0.4691  +0.8046
   3249    519106   170  +10.552   10592    142    318  +0.3626  +0.7801  +0.4539  +0.8622
   3250    519269   163   +6.586    8558    147    366  +0.0125  +0.2461  -0.0263  +0.4586
   3251    519431   162   +5.396    8389    140    324  +0.0188  +0.2018  -0.0637  +0.4956
   3252    519595   164  +10.445   10063    135    376  +0.3210  +0.6411  +0.4812  +0.8599
   3253    519750   155  +11.574    9605    118    390  +0.3452  +0.5209  +0.4855  +1.0000
   3254    519912   162   +8.885    9879    141    325  +0.2572  +0.5930  +0.3268  +0.7502
   3255    520076   164  +13.496   11000    142    443  +0.4095  +0.8872  +0.5581  +0.9333
   3256    520234   158   +6.717    8748    132    272  +0.1383  +0.2960  +0.1741  +0.6568
   3257    520395   161   +8.501    9674    137    325  +0.2572  +0.5392  +0.4092  +0.7633
   3258    520556   161  +11.129   10008    132    354  +0.3396  +0.6269  +0.5039  +0.9013
   3259    520718   162   +8.240    8983    130    370  +0.1631  +0.3577  +0.1533  +0.7222
   3260    520872   154   +7.885    9082    126    310  +0.2054  +0.3836  +0.1041  +0.8014
   3261    521034   162  +10.865   10362    140    361  +0.3339  +0.7197  +0.4147  +0.8541
   3262    521194   160  +11.353   10264    130    339  +0.3928  +0.6940  +0.5743  +0.9691
   3263    521362   168  +10.939   10180    133    354  +0.3519  +0.6719  +0.4692  +0.9130
   3264    521518   156  +10.383    9902    132    399  +0.3007  +0.5990  +0.3876  +0.8678
   3265    521674   156   +6.584    7876    116    386  +0.0543  +0.0673  -0.0825  +0.6965
   3266    521830   156   +6.835    8719    130    326  +0.1297  +0.2885  +0.1349  +0.6698
   3267    521996   166   +7.828    8714    130    349  +0.1232  +0.2872  +0.0744  +0.6785
   3268    522150   154   +8.659    9551    129    270  +0.3035  +0.5069  +0.4968  +0.8562
   3269    522313   163  +11.686   10304    131    385  +0.3642  +0.7046  +0.3611  +0.9617
   3270    522469   156   +6.192    8045    121    319  +0.0759  +0.1116  +0.0668  +0.6606
   3271    522631   162   +6.549    9490    146    262  +0.1844  +0.4909  +0.2554  +0.6262
   3272    522792   161  +11.963    9930    125    386  +0.3563  +0.6064  +0.4063  +0.9921
   3273    522950   158  +10.750   10613    138    339  +0.3882  +0.7856  +0.4604  +0.9292
   3274    523113   163   +5.545    8911    143    317  +0.0909  +0.3388  +0.0397  +0.5620
   3275    523274   161  +10.431   10513    140    283  +0.3825  +0.7594  +0.5824  +0.8796
   3276    523439   165  +12.004   10967    144    314  +0.4080  +0.8784  +0.5182  +0.8969
   3277    523604   165  +10.286   10206    140    343  +0.3212  +0.6789  +0.4844  +0.8238
   3278    523767   163   +3.450    7711    137    365  -0.0945  +0.0238  -0.3241  +0.4044
   3279    523919   152  +12.554   10349    116    369  +0.3941  +0.7164  +0.4528  +1.0000
   3280    524083   164   +8.103    9277    138    352  +0.1789  +0.4350  +0.2411  +0.6848
   3281    524237   154   +9.648   10184    133    290  +0.3681  +0.6729  +0.5087  +0.9188
   3282    524391   154  +10.525    9885    126    398  +0.3342  +0.5946  +0.3830  +0.9547
   3283    524547   156   +6.566    9111    138    301  +0.1624  +0.3913  +0.2209  +0.6564
   3284    524699   152  +11.693   10751    127    350  +0.4348  +0.8217  +0.5684  +1.0000
   3285    524860   161   +9.736    9797    132    333  +0.3058  +0.5713  +0.4493  +0.8574
   3286    525027   167  +12.135   10678    131    332  +0.4242  +0.8027  +0.4834  +1.0000
   3287    525190   163   +3.399    8154    145    320  -0.0350  +0.1403  -0.0955  +0.4062
   3288    525353   163   +9.315    9914    145    377  +0.2281  +0.6022  +0.2463  +0.7114
   3289    525509   156   +9.029    9246    127    380  +0.2130  +0.4268  +0.0881  +0.8235
   3290    525660   151   +6.717    8513    126    354  +0.1025  +0.2344  -0.0500  +0.6926
   3291    525818   158   +9.765    9580    130    358  +0.2678  +0.5143  +0.3015  +0.8444
   3292    525979   161  +12.615   10667    139    445  +0.3786  +0.7997  +0.5128  +0.9229
   3293    526140   161  +11.479   10476    135    399  +0.3673  +0.7497  +0.3750  +0.9429
   3294    526296   156   +4.846    8632    140    318  +0.0590  +0.2657  +0.0057  +0.5366
   3295    526454   158   +8.598    9383    133    352  +0.2203  +0.4628  +0.2930  +0.7578
   3296    526618   164  +10.325   10286    142    376  +0.3054  +0.6997  +0.4007  +0.8044
   3297    526779   161   +9.430    9932    138    321  +0.2921  +0.6069  +0.4217  +0.8032
   3298    526938   159   +7.207    8470    129    382  +0.0863  +0.2231  +0.0756  +0.6383
   3299    527097   159   +7.851    9198    128    353  +0.2224  +0.4142  +0.2794  +0.7973
   3300    527258   161   +7.803    8760    133    399  +0.1056  +0.2994  +0.0557  +0.6503

  ── rolling mean (last 100 ep) ──  cum_R=+9.223  yield=9595 kg/ha  N=133  W=347 mm  R_seas=+0.2556  R_ane=+0.8038

   3301    527420   162   +8.279   10199    150    290  +0.2661  +0.6769  +0.3521  +0.7004
   3302    527585   165  +10.599    9584    130    446  +0.2396  +0.5155  +0.1655  +0.8403
   3303    527742   157  +12.627   10212    121    434  +0.3633  +0.6804  +0.3332  +1.0000
   3304    527901   159   +7.209    8775    130    337  +0.1370  +0.3032  +0.1431  +0.6809
   3305    528060   159  +10.352   10329    134    320  +0.3722  +0.7110  +0.4658  +0.9274
   3306    528220   160   +7.212    9649    142    283  +0.2098  +0.5324  +0.1389  +0.7007
   3307    528385   165  +10.646   10117    134    392  +0.3326  +0.6553  +0.4597  +0.8916
   3308    528544   159  +10.362    9711    128    395  +0.2769  +0.5488  +0.1821  +0.8895
   3309    528699   155  +11.942   10268    127    436  +0.3699  +0.6951  +0.3652  +1.0000
   3310    528853   154   +8.054    9159    130    353  +0.1956  +0.4039  +0.1597  +0.7663
   3311    529014   161  +10.273    9268    129    429  +0.1995  +0.4325  +0.1361  +0.7927
   3312    529172   158   +5.709    8493    133    323  +0.0769  +0.2291  +0.0259  +0.6012
   3313    529329   157   +9.427    9928    134    317  +0.3218  +0.6058  +0.5250  +0.8511
   3314    529492   163   +7.347    9519    142    307  +0.1896  +0.4984  +0.1498  +0.6778
   3315    529652   160   +6.573    8671    140    386  +0.0571  +0.2758  +0.0076  +0.5508
   3316    529817   165  +10.869   10541    136    316  +0.3839  +0.7667  +0.3903  +0.9389
   3317    529980   163  +10.313    9642    125    344  +0.3265  +0.5307  +0.4861  +0.9295
   3318    530139   159  +10.220   10379    138    309  +0.3619  +0.7242  +0.4999  +0.8805
   3319    530297   158   +9.960   10027    131    297  +0.3344  +0.6318  +0.3132  +0.9118
   3320    530459   162   +9.693    9747    135    357  +0.2655  +0.5582  +0.3053  +0.8099
   3321    530616   157   +8.748    9697    128    309  +0.3218  +0.5451  +0.5104  +0.8898
   3322    530775   159  +12.141   10423    122    354  +0.4052  +0.7358  +0.4938  +1.0000
   3323    530937   162  +10.452   10073    136    396  +0.3002  +0.6439  +0.3210  +0.8537
   3324    531097   160   +5.371    8125    131    341  +0.0167  +0.1326  -0.1256  +0.5558
   3325    531260   163   +8.497   10055    144    211  +0.2942  +0.6390  +0.4449  +0.7415
   3326    531426   166   +6.250    9044    146    353  +0.0975  +0.3738  +0.1311  +0.5474
   3327    531580   154  +10.654   10536    141    358  +0.3626  +0.7653  +0.5292  +0.8675
   3328    531736   156   +9.782   10284    138    298  +0.3495  +0.6993  +0.5060  +0.8593
   3329    531897   161  +10.842   10437    132    328  +0.4017  +0.7394  +0.5250  +0.9712
   3330    532056   159  +10.351    9756    126    338  +0.3362  +0.5607  +0.4505  +0.9416
   3331    532217   161  +12.485   11004    147    372  +0.3887  +0.8880  +0.4761  +0.8746
   3332    532373   156  +11.242    9710    125    400  +0.3215  +0.5485  +0.3999  +0.9484
   3333    532532   159   +8.702    9524    133    340  +0.2566  +0.4996  +0.4287  +0.7871
   3334    532691   159   +8.105    9694    141    249  +0.2624  +0.5444  +0.4970  +0.7224
   3335    532857   166   +8.309    9027    139    406  +0.1069  +0.3694  +0.0028  +0.6254
   3336    533020   163   +8.371    9765    141    342  +0.2265  +0.5629  +0.1983  +0.7307
   3337    533186   166  +11.318   10578    147    389  +0.3294  +0.7764  +0.4763  +0.8024
   3338    533344   158  +11.981   10251    122    408  +0.3899  +0.6907  +0.5337  +1.0000
   3339    533505   161  +13.150   11247    145    372  +0.4358  +0.9520  +0.5522  +0.9334
   3340    533662   157  +10.614   10808    144    363  +0.3788  +0.8368  +0.5055  +0.8710
   3341    533824   162   +5.203    8752    148    357  +0.0212  +0.2971  -0.1728  +0.4819
   3342    533979   155  +10.163   10358    132    330  +0.3853  +0.7187  +0.4682  +0.9581
   3343    534139   160   +6.517    9091    141    266  +0.1390  +0.3861  +0.1245  +0.6123
   3344    534304   165  +10.196   10313    147    436  +0.2595  +0.7069  +0.2097  +0.7556
   3345    534464   160   +6.837    9079    134    319  +0.1734  +0.3829  +0.2492  +0.6890
   3346    534622   158  +10.785    9701    123    330  +0.3372  +0.5462  +0.3925  +0.9649
   3347    534783   161   +8.732    9849    142    342  +0.2468  +0.5850  +0.3311  +0.7346
   3348    534940   157  +10.914    9658    132    428  +0.2512  +0.5350  +0.2531  +0.8282
   3349    535103   163  +10.487   10862    149    321  +0.3645  +0.8510  +0.4788  +0.8178
   3350    535262   159  +10.496   10542    135    310  +0.3936  +0.7669  +0.4227  +0.9529
   3351    535418   156  +11.269    9777    125    360  +0.3380  +0.5661  +0.4404  +0.9533
   3352    535574   156   +9.189   10184    138    285  +0.3382  +0.6731  +0.4975  +0.8447
   3353    535734   160   +9.638   10269    138    302  +0.3451  +0.6954  +0.4680  +0.8618
   3354    535892   158   +6.894    8756    134    382  +0.0946  +0.2980  -0.0026  +0.6316
   3355    536050   158   +8.906    9617    138    347  +0.2378  +0.5243  +0.3454  +0.7482
   3356    536213   163  +10.868   10458    141    370  +0.3370  +0.7448  +0.3855  +0.8567
   3357    536376   163   +6.750    8444    127    380  +0.0968  +0.2163  +0.0824  +0.6662
   3358    536540   164  +10.068   10049    150    360  +0.2262  +0.6374  +0.2746  +0.6711
   3359    536695   155   +5.514    8775    146    313  +0.0668  +0.3032  +0.1165  +0.5033
   3360    536859   164   +4.872    8322    146    284  -0.0137  +0.1843  -0.1381  +0.4289
   3361    537019   160   +8.840    9922    140    317  +0.2864  +0.6043  +0.4982  +0.7701
   3362    537176   157   +9.446    9790    135    352  +0.2839  +0.5696  +0.4530  +0.8102
   3363    537338   162  +13.536   11306    142    388  +0.4530  +0.9674  +0.4598  +0.9961
   3364    537500   162   +6.815    8694    146    435  +0.0072  +0.2819  -0.1927  +0.4906
   3365    537666   166   +7.225    9122    150    410  +0.0728  +0.3941  +0.0066  +0.5255
   3366    537829   163  +14.623   11115    138    432  +0.4373  +0.9173  +0.4777  +1.0000
   3367    537988   159  +10.615   10722    150    366  +0.3413  +0.8142  +0.5253  +0.7876
   3368    538148   160   +5.060    8351    138    323  +0.0251  +0.1918  -0.0286  +0.5086
   3369    538309   161  +10.621   10544    139    349  +0.3647  +0.7676  +0.4043  +0.8993
   3370    538462   153   +9.710   10009    129    328  +0.3600  +0.6271  +0.5101  +0.9411
   3371    538622   160  +13.145   10759    133    384  +0.4135  +0.8240  +0.4005  +1.0000
   3372    538785   163   +8.737    9546    138    301  +0.2274  +0.5056  +0.2880  +0.7311
   3373    538949   164  +11.137    9889    128    380  +0.3385  +0.5956  +0.4889  +0.9319
   3374    539107   158   +8.702   10016    147    399  +0.2322  +0.6288  +0.2942  +0.7010
   3375    539267   160  +11.011    9900    131    373  +0.3015  +0.5985  +0.2945  +0.8837
   3376    539427   160   +3.118    7656    147    360  -0.1419  +0.0094  -0.3624  +0.3026
   3377    539587   160   +8.227    9871    148    337  +0.2130  +0.5909  +0.2482  +0.6649
   3378    539742   155  +10.170   10260    139    391  +0.3138  +0.6928  +0.3782  +0.8411
   3379    539903   161  +10.796   10193    139    379  +0.3056  +0.6753  +0.3526  +0.8334
   3380    540070   167   +6.975    9439    145    293  +0.1673  +0.4774  +0.1420  +0.6317
   3381    540228   158  +10.385   10176    137    384  +0.3308  +0.6709  +0.5200  +0.8592
   3382    540394   166   +7.748    9084    137    375  +0.1400  +0.3841  +0.1100  +0.6608
   3383    540553   159   +7.529    9500    143    317  +0.1968  +0.4935  +0.3348  +0.6562
   3384    540716   163   +6.108    8455    131    381  +0.0654  +0.2191  -0.0094  +0.6092
   3385    540882   166   +8.743    9802    144    317  +0.2523  +0.5728  +0.4837  +0.7080
   3386    541037   155   +6.176    9117    143    306  +0.1338  +0.3928  +0.1928  +0.5928
   3387    541194   157   +9.547   10012    138    385  +0.2897  +0.6278  +0.3921  +0.8159
   3388    541352   158  +10.170   10683    142    347  +0.3699  +0.8039  +0.4160  +0.8861
   3389    541507   155   +6.840    8907    131    334  +0.1508  +0.3379  +0.0982  +0.7039
   3390    541664   157  +10.183   10551    146    336  +0.3428  +0.7694  +0.5369  +0.8053
   3391    541829   165   +3.776    8120    148    361  -0.0747  +0.1312  -0.2644  +0.3703
   3392    541990   161   +9.607   10235    138    306  +0.3356  +0.6863  +0.4531  +0.8491
   3393    542149   159   +8.538    9615    143    386  +0.1860  +0.5237  +0.1701  +0.6773
   3394    542305   156   +9.965    9544    125    353  +0.2998  +0.5049  +0.3924  +0.9055
   3395    542473   168  +10.067   10098    148    418  +0.2278  +0.6505  +0.2150  +0.7035
   3396    542636   163   +8.922    9474    132    332  +0.2422  +0.4867  +0.2578  +0.7989
   3397    542798   162   +7.700    9336    141    387  +0.1462  +0.4503  +0.0465  +0.6550
   3398    542955   157   +8.531    9253    132    398  +0.1920  +0.4286  +0.2093  +0.7464
   3399    543114   159   +7.819    9447    131    275  +0.2602  +0.4796  +0.3689  +0.7993
   3400    543276   162  +10.582   10666    144    334  +0.3580  +0.7993  +0.4238  +0.8522

  ── rolling mean (last 100 ep) ──  cum_R=+9.168  yield=9763 kg/ha  N=137  W=352 mm  R_seas=+0.2535  R_ane=+0.7773

   3401    543431   155   +9.615    9745    136    346  +0.2641  +0.5577  +0.3401  +0.7940
   3402    543593   162   +9.469   10040    139    364  +0.2845  +0.6350  +0.3288  +0.8060
   3403    543756   163  +10.914    9759    138    409  +0.2389  +0.5614  +0.2541  +0.7738
   3404    543918   162   +6.192    8607    134    345  +0.0857  +0.2592  +0.0311  +0.6113
   3405    544076   158   +5.316    8637    144    312  +0.0426  +0.2670  -0.0380  +0.5036
   3406    544234   158  +10.252   10634    146    334  +0.3441  +0.7911  +0.4167  +0.8242
   3407    544391   157   +8.718    9963    150    296  +0.2434  +0.6149  +0.4604  +0.6576
   3408    544546   155   +6.080    9478    147    274  +0.1641  +0.4878  +0.1376  +0.6112
   3409    544711   165  +10.125    9979    144    386  +0.2389  +0.6191  +0.2659  +0.7260
   3410    544874   163   +4.338    8073    143    350  -0.0436  +0.1190  -0.0924  +0.4084
   3411    545039   165   +8.917    9245    138    479  +0.1432  +0.4264  +0.1202  +0.6786
   3412    545202   163   +9.397   10456    149    309  +0.3120  +0.7443  +0.4523  +0.7550
   3413    545366   164  +13.218   10957    141    398  +0.4118  +0.8758  +0.5275  +0.9368
   3414    545518   152  +10.288    9482    119    333  +0.3379  +0.4886  +0.4337  +0.9932
   3415    545680   162  +10.635   10306    142    354  +0.3183  +0.7050  +0.4591  +0.8105
   3416    545837   157  +10.331   10258    138    362  +0.3375  +0.6924  +0.4964  +0.8602
   3417    546002   165   +9.542   10045    138    296  +0.3118  +0.6364  +0.4260  +0.8236
   3418    546159   157   +9.968   10319    144    408  +0.3018  +0.7084  +0.4496  +0.7901
   3419    546321   162  +11.338   10557    144    374  +0.3429  +0.7708  +0.4995  +0.8283
   3420    546478   157   +9.248    9766    134    327  +0.2995  +0.5632  +0.5295  +0.8247
   3421    546637   159  +10.435   10392    138    326  +0.3539  +0.7276  +0.4273  +0.8829
   3422    546799   162  +10.499   10562    140    338  +0.3639  +0.7722  +0.4188  +0.8867
   3423    546957   158   +6.216    8932    136    275  +0.1316  +0.3444  +0.0699  +0.6369
   3424    547114   157  +11.367   10623    130    313  +0.4318  +0.7882  +0.5667  +1.0000
   3425    547272   158   +6.249    9197    145    311  +0.1332  +0.4140  +0.1817  +0.5829
   3426    547429   157   +9.349    9616    131    378  +0.2691  +0.5239  +0.3724  +0.8314
   3427    547587   158   +8.642   10306    144    303  +0.3172  +0.7049  +0.4408  +0.7933
   3428    547754   167   +8.076    9851    150    366  +0.1913  +0.5856  +0.1562  +0.6478
   3429    547919   165  +10.787   10285    144    385  +0.2943  +0.6994  +0.4039  +0.7795
   3430    548079   160   +9.429   10016    134    304  +0.3248  +0.6289  +0.4356  +0.8616
   3431    548239   160  +11.294   10249    141    431  +0.2876  +0.6899  +0.3006  +0.8117
   3432    548394   155  +11.994   10930    152    433  +0.3491  +0.8689  +0.5102  +0.8019
   3433    548560   166  +13.076   10342    128    414  +0.3923  +0.7144  +0.5080  +1.0000
   3434    548708   148  +10.442   10090    131    365  +0.3508  +0.6484  +0.4960  +0.9224
   3435    548869   161  +10.407   10256    139    339  +0.3234  +0.6919  +0.3980  +0.8410
   3436    549030   161  +10.512   10761    145    334  +0.3726  +0.8244  +0.4953  +0.8551
   3437    549187   157  +11.840   10722    135    383  +0.4125  +0.8141  +0.4606  +0.9884
   3438    549344   157   +8.507   10018    148    314  +0.2403  +0.6293  +0.3057  +0.6863
   3439    549503   159   +9.361   10325    142    314  +0.3329  +0.7100  +0.4793  +0.8239
   3440    549659   156   +9.935   10574    138    293  +0.3976  +0.7752  +0.5523  +0.9188
   3441    549820   161  +12.269   10610    142    425  +0.3426  +0.7847  +0.3778  +0.8684
   3442    549980   160   +7.741    9566    144    287  +0.2039  +0.5107  +0.2849  +0.6642
   3443    550136   156   +9.027   10002    142    315  +0.2750  +0.6253  +0.3623  +0.7619
   3444    550289   153   +5.433    8917    155    306  +0.0497  +0.3405  +0.1155  +0.4347
   3445    550443   154   +9.009   10234    141    317  +0.3238  +0.6861  +0.4789  +0.8174
   3446    550600   157   +8.716   10310    152    339  +0.2638  +0.7060  +0.3657  +0.6913
   3447    550757   157  +10.775   10136    141    366  +0.2811  +0.6604  +0.2754  +0.7959
   3448    550918   161  +10.680   10365    144    371  +0.3127  +0.7204  +0.4482  +0.7962
   3449    551080   162  +10.156   10321    146    357  +0.2980  +0.7090  +0.4362  +0.7645
   3450    551240   160   +7.671    9413    148    333  +0.1519  +0.4706  +0.2446  +0.5868
   3451    551396   156   +6.809    9523    142    307  +0.2004  +0.4995  +0.2400  +0.6815
   3452    551549   153   +9.469    9793    136    340  +0.2629  +0.5703  +0.2516  +0.8030
   3453    551705   156   +7.580    9871    147    302  +0.2218  +0.5909  +0.2284  +0.6787
   3454    551864   159   +8.323    9618    149    337  +0.1584  +0.5245  +0.0542  +0.6186
   3455    552025   161   +8.039    9838    143    366  +0.2102  +0.5822  +0.0623  +0.7205
   3456    552180   155   +7.760    9912    152    323  +0.2103  +0.6017  +0.3189  +0.6285
   3457    552341   161  +10.167   10437    143    332  +0.3349  +0.7393  +0.4430  +0.8263
   3458    552503   162  +10.676   10450    153    430  +0.2663  +0.7429  +0.3760  +0.7061
   3459    552662   159   +7.677    8984    136    367  +0.1265  +0.3580  +0.0645  +0.6517
   3460    552821   159   +9.302    9942    140    286  +0.2884  +0.6094  +0.4312  +0.7770
   3461    552977   156  +13.428   10583    126    446  +0.4072  +0.7776  +0.5462  +1.0000
   3462    553136   159   +9.891   10039    134    332  +0.3322  +0.6350  +0.4628  +0.8799
   3463    553300   164   +8.346   10322    154    314  +0.2558  +0.7093  +0.3048  +0.6749
   3464    553458   158   +8.898   10360    156    361  +0.2503  +0.7192  +0.3556  +0.6602
   3465    553623   165   +4.852    9008    164    299  +0.0197  +0.3643  +0.0087  +0.3689
   3466    553789   166  +10.797   10622    154    388  +0.3016  +0.7880  +0.4753  +0.7258
   3467    553945   156  +10.311   10930    150    311  +0.3740  +0.8689  +0.4806  +0.8262
   3468    554106   161   +4.850    8892    156    296  +0.0457  +0.3339  +0.1084  +0.4267
   3469    554266   160  +11.865   11346    159    347  +0.3845  +0.9780  +0.5193  +0.7879
   3470    554419   153  +10.633    9420    127    403  +0.2394  +0.4723  +0.1692  +0.8499
   3471    554589   170   +8.704   10511    160    335  +0.2616  +0.7588  +0.3966  +0.6438
   3472    554752   163   +4.535    8580    160    350  -0.0397  +0.2518  -0.1257  +0.3433
   3473    554912   160   +6.448    9510    151    288  +0.1500  +0.4962  +0.1397  +0.5755
   3474    555074   162   +6.918    9496    156    343  +0.1139  +0.4925  +0.0732  +0.5249
   3475    555237   163  +12.565   10551    139    403  +0.3600  +0.7693  +0.4444  +0.8969
   3476    555400   163  +11.373   10868    152    375  +0.3414  +0.8525  +0.4241  +0.7927
   3477    555556   156   +8.429    9508    142    407  +0.1774  +0.4956  +0.2199  +0.6689
   3478    555712   156   +4.400    8052    132    356  -0.0162  +0.1135  -0.2460  +0.5211
   3479    555868   156  +12.168   10713    134    367  +0.4199  +0.8117  +0.4775  +0.9982
   3480    556031   163  +11.580    9812    129    395  +0.3002  +0.5752  +0.3061  +0.9001
   3481    556187   156   +4.176    8708    151    289  +0.0278  +0.2857  -0.0120  +0.4398
   3482    556349   162  +10.928   10415    137    314  +0.3648  +0.7336  +0.4311  +0.9012
   3483    556503   154   +5.199    8560    136    332  +0.0609  +0.2468  -0.0569  +0.5740
   3484    556670   167   +9.587   10872    157    326  +0.3279  +0.8537  +0.4656  +0.7295
   3485    556829   159  +12.492   11036    145    406  +0.3936  +0.8965  +0.4624  +0.8979
   3486    556989   160   +9.076   10211    152    365  +0.2357  +0.6800  +0.2175  +0.6841
   3487    557144   155  +12.634   10695    128    374  +0.4119  +0.8070  +0.4113  +1.0000
   3488    557305   161   +9.077    9712    131    318  +0.2956  +0.5490  +0.4127  +0.8496
   3489    557462   157   +4.949    8521    145    302  +0.0293  +0.2365  +0.0339  +0.4680
   3490    557617   155   +9.423    9993    130    334  +0.3478  +0.6229  +0.4547  +0.9291
   3491    557773   156   +5.469    8689    138    338  +0.0827  +0.2807  +0.0806  +0.5753
   3492    557934   161   +8.518   10090    143    285  +0.2947  +0.6483  +0.4674  +0.7592
   3493    558096   162   +7.506    9267    148    368  +0.1142  +0.4323  +0.1112  +0.5627
   3494    558260   164   +7.306    9962    157    314  +0.1875  +0.6147  +0.2318  +0.5820
   3495    558422   162  +12.310   11384    140    296  +0.4820  +0.9879  +0.5441  +1.0000
   3496    558575   153   +9.532   10042    142    348  +0.2756  +0.6358  +0.3735  +0.7663
   3497    558734   159   +5.898    9385    150    311  +0.1257  +0.4633  +0.0537  +0.5654
   3498    558895   161   +9.139   10335    154    318  +0.2676  +0.7126  +0.3959  +0.6815
   3499    559055   160  +11.559   10308    133    330  +0.3754  +0.7055  +0.4864  +0.9371
   3500    559217   162   +9.675   10307    147    357  +0.2924  +0.7053  +0.4383  +0.7521

  ── rolling mean (last 100 ep) ──  cum_R=+9.150  yield=9962 kg/ha  N=143  W=345 mm  R_seas=+0.2570  R_ane=+0.7456

   3501    559376   159   +8.674    9726    138    320  +0.2548  +0.5528  +0.3529  +0.7609
   3502    559530   154  +12.001   10613    132    337  +0.4186  +0.7855  +0.4787  +1.0000
   3503    559689   159  +10.344   10025    148    423  +0.2235  +0.6313  +0.2673  +0.6932
   3504    559850   161   +7.593    9505    148    348  +0.1403  +0.4947  +0.0316  +0.6017
   3505    560010   160   +6.729    8796    146    421  +0.0418  +0.3088  +0.0115  +0.5040
   3506    560176   166   +7.810    9588    148    329  +0.1712  +0.5165  +0.1653  +0.6246
   3507    560334   158   +8.699   10170    147    311  +0.2670  +0.6693  +0.2737  +0.7349
   3508    560494   160  +10.510   10358    144    366  +0.3056  +0.7186  +0.3591  +0.8000
   3509    560649   155   +8.754   10311    143    338  +0.3162  +0.7064  +0.4611  +0.7978
   3510    560812   163   +9.508   10499    148    324  +0.3151  +0.7557  +0.3811  +0.7793
   3511    560975   163   +8.324   10376    156    278  +0.2668  +0.7232  +0.3942  +0.6582
   3512    561134   159   +5.844    9086    144    285  +0.1136  +0.3849  +0.0187  +0.5834
   3513    561301   167   +3.741    8634    162    271  -0.0228  +0.2661  -0.0582  +0.3302
   3514    561459   158  +11.184   10279    129    350  +0.3906  +0.6979  +0.4543  +0.9958
   3515    561619   160   +9.949   10312    146    336  +0.3045  +0.7065  +0.4616  +0.7676
   3516    561778   159   +7.160    9731    152    355  +0.1687  +0.5541  +0.1610  +0.6058
   3517    561938   160   +6.351    8962    150    362  +0.0599  +0.3521  +0.0210  +0.4977
   3518    562101   163   +9.481   10585    156    300  +0.3054  +0.7781  +0.4991  +0.7022
   3519    562258   157  +12.307   10485    132    350  +0.4098  +0.7520  +0.5385  +0.9886
   3520    562419   161   +9.005   10693    162    333  +0.2806  +0.8065  +0.4168  +0.6557
   3521    562575   156  +11.202   10696    134    352  +0.4237  +0.8073  +0.4969  +1.0000
   3522    562739   164  +12.637   10706    131    359  +0.4153  +0.8099  +0.4160  +1.0000
   3523    562893   154   +6.696    9168    144    294  +0.1498  +0.4063  +0.3232  +0.5874
   3524    563054   161  +10.664   10272    136    399  +0.3334  +0.6961  +0.4195  +0.8807
   3525    563218   164   +9.139    9928    158    414  +0.1672  +0.6059  +0.2370  +0.5726
   3526    563380   162   +7.459    9730    149    364  +0.1735  +0.5538  +0.1247  +0.6303
   3527    563549   169  +11.452   10474    137    381  +0.3566  +0.7492  +0.3469  +0.9168
   3528    563709   160   +7.992    9286    140    356  +0.1590  +0.4374  +0.1250  +0.6640
   3529    563866   157  +10.437   10602    139    276  +0.3997  +0.7828  +0.5523  +0.9130
   3530    564027   161  +10.986    9941    139    358  +0.2758  +0.6092  +0.3760  +0.7864
   3531    564189   162   +8.784   10108    148    304  +0.2703  +0.6530  +0.4412  +0.7087
   3532    564352   163  +11.831   11249    154    367  +0.3913  +0.9525  +0.5422  +0.8224
   3533    564509   157   +8.100    9954    143    318  +0.2586  +0.6127  +0.3306  +0.7374
   3534    564670   161   +7.496    9621    155    372  +0.1460  +0.5252  +0.2525  +0.5507
   3535    564832   162  +11.537   10750    145    428  +0.3380  +0.8216  +0.3003  +0.8544
   3536    564991   159  +10.055   10880    156    347  +0.3261  +0.8555  +0.4158  +0.7444
   3537    565159   168  +11.540   10464    147    382  +0.2966  +0.7465  +0.3081  +0.7786
   3538    565323   164  +11.898   10049    137    439  +0.2709  +0.6376  +0.1993  +0.8310
   3539    565488   165   +9.440   10148    148    362  +0.2630  +0.6635  +0.3919  +0.7180
   3540    565640   152   +3.673    8036    143    357  -0.0688  +0.1090  -0.3098  +0.4086
   3541    565801   161  +11.249   10283    128    388  +0.3922  +0.6989  +0.5060  +1.0000
   3542    565956   155   +8.538    9514    134    382  +0.2168  +0.4970  +0.1423  +0.7763
   3543    566114   158   +8.218    9897    145    317  +0.2432  +0.5977  +0.3278  +0.7088
   3544    566271   157  +10.181   10017    133    305  +0.3325  +0.6291  +0.4346  +0.8814
   3545    566426   155   +6.560    8841    133    298  +0.1417  +0.3204  +0.1773  +0.6589
   3546    566585   159  +11.234    9532    132    386  +0.2439  +0.5018  +0.2969  +0.8042
   3547    566754   169   +6.089    9314    167    358  +0.0340  +0.4448  -0.0619  +0.3944
   3548    566916   162  +11.355   11259    145    341  +0.4332  +0.9551  +0.4530  +0.9382
   3549    567082   166   +6.213    9431    160    325  +0.0975  +0.4753  +0.1356  +0.4719
   3550    567246   164   +7.183    9627    149    305  +0.1688  +0.5269  +0.1128  +0.6163
   3551    567409   163   +9.716   10163    142    313  +0.3005  +0.6674  +0.3822  +0.7933
   3552    567572   163   +9.731   10018    143    330  +0.2605  +0.6293  +0.2781  +0.7494
   3553    567736   164   +9.418   10535    153    314  +0.2979  +0.7650  +0.4199  +0.7170
   3554    567898   162   +8.278    9608    144    346  +0.1928  +0.5216  +0.2425  +0.6627
   3555    568059   161   +5.778    8710    149    360  +0.0297  +0.2859  +0.0327  +0.4600
   3556    568219   160  +11.488   10684    144    351  +0.3591  +0.8041  +0.4466  +0.8525
   3557    568375   156   +9.353   10412    142    328  +0.3309  +0.7329  +0.4006  +0.8298
   3558    568526   151   +8.944    9687    134    382  +0.2562  +0.5426  +0.2782  +0.8126
   3559    568688   162  +11.421   10330    138    398  +0.3267  +0.7112  +0.3223  +0.8785
   3560    568854   166   +8.487   10075    153    351  +0.2106  +0.6442  +0.1773  +0.6487
   3561    569012   158  +11.350   10186    143    375  +0.2817  +0.6735  +0.3182  +0.7818
   3562    569174   162   +8.173    9448    144    347  +0.1763  +0.4799  +0.2767  +0.6394
   3563    569333   159   +7.554    9980    148    293  +0.2282  +0.6194  +0.1954  +0.6820
   3564    569487   154  +13.023   10646    129    394  +0.4181  +0.7941  +0.5358  +1.0000
   3565    569644   157   +8.494    9782    145    373  +0.1891  +0.5674  +0.0382  +0.6860
   3566    569804   160  +12.736   10751    136    379  +0.4116  +0.8218  +0.5025  +0.9693
   3567    569964   160  +11.991   10418    137    422  +0.3539  +0.7343  +0.4610  +0.9064
   3568    570129   165  +10.721   10993    155    398  +0.3421  +0.8853  +0.4729  +0.7704
   3569    570293   164   +7.977    9835    145    324  +0.2243  +0.5814  +0.2419  +0.6958
   3570    570451   158   +9.411    9931    138    358  +0.2662  +0.6067  +0.2611  +0.7926
   3571    570613   162   +9.725   10303    140    304  +0.3386  +0.7041  +0.4895  +0.8356
   3572    570771   158   +7.471    9572    148    336  +0.1669  +0.5124  +0.1897  +0.6132
   3573    570927   156   +8.150    9263    128    320  +0.2296  +0.4313  +0.1844  +0.8157
   3574    571085   158   +5.987    8970    142    324  +0.1080  +0.3543  +0.1074  +0.5808
   3575    571247   162  +10.802   11067    150    334  +0.3874  +0.9047  +0.4689  +0.8485
   3576    571405   158   +7.408    9478    152    358  +0.1264  +0.4878  +0.0978  +0.5585
   3577    571564   159  +11.287   11027    150    350  +0.3823  +0.8942  +0.4993  +0.8407
   3578    571727   163   +8.928    9536    150    428  +0.1327  +0.5028  +0.0912  +0.5927
   3579    571883   156  +10.111    9886    137    410  +0.2537  +0.5947  +0.2139  +0.8004
   3580    572043   160  +11.799   10642    141    410  +0.3570  +0.7932  +0.4055  +0.8867
   3581    572206   163  +11.069   10589    135    317  +0.4029  +0.7793  +0.4884  +0.9546
   3582    572366   160   +9.296    9710    132    393  +0.2584  +0.5485  +0.1661  +0.8466
   3583    572526   160   +9.419    9342    138    421  +0.1627  +0.4518  +0.0967  +0.6956
   3584    572682   156  +11.039   10411    140    365  +0.3316  +0.7326  +0.3698  +0.8531
   3585    572849   167   +5.507    9340    169    327  +0.0502  +0.4514  +0.1005  +0.3786
   3586    573011   162   +9.436   10035    139    361  +0.2880  +0.6339  +0.3604  +0.8063
   3587    573167   156  +10.315   10293    129    296  +0.3942  +0.7015  +0.4086  +0.9933
   3588    573330   163   +9.579   10282    152    328  +0.2543  +0.6987  +0.2875  +0.6877
   3589    573487   157  +11.810   10749    143    363  +0.3660  +0.8214  +0.3620  +0.8848
   3590    573650   163  +11.042   10986    159    424  +0.3180  +0.8834  +0.4595  +0.7245
   3591    573808   158  +10.898   10992    142    304  +0.4291  +0.8851  +0.5296  +0.9385
   3592    573974   166   +6.352    9203    148    314  +0.1180  +0.4154  +0.1422  +0.5549
   3593    574134   160   +9.008    9985    145    292  +0.2571  +0.6207  +0.3347  +0.7179
   3594    574299   165   +9.060   10096    144    287  +0.2826  +0.6500  +0.3799  +0.7504
   3595    574461   162   +7.803    9727    146    343  +0.1967  +0.5529  +0.1653  +0.6710
   3596    574618   157  +10.548   10336    136    392  +0.3445  +0.7128  +0.4236  +0.8943
   3597    574778   160   +8.420   10228    153    329  +0.2476  +0.6844  +0.3334  +0.6687
   3598    574937   159   +8.478    9876    142    307  +0.2658  +0.5921  +0.4534  +0.7338
   3599    575098   161   +9.510   10019    147    352  +0.2369  +0.6296  +0.2520  +0.7053
   3600    575261   163  +11.288   10313    131    347  +0.3828  +0.7069  +0.4834  +0.9621

  ── rolling mean (last 100 ep) ──  cum_R=+9.294  yield=10030 kg/ha  N=144  W=349 mm  R_seas=+0.2591  R_ane=+0.7456

   3601    575423   162   +8.429    9899    145    319  +0.2324  +0.5981  +0.2122  +0.7112
   3602    575590   167   +8.857   10163    148    282  +0.2844  +0.6676  +0.5011  +0.7119
   3603    575754   164   +9.696   10346    147    341  +0.2945  +0.7154  +0.3666  +0.7629
   3604    575913   159  +11.102   10419    132    322  +0.3996  +0.7347  +0.5142  +0.9696
   3605    576071   158  +11.784    9990    143    432  +0.2399  +0.6221  +0.2340  +0.7518
   3606    576228   157   +8.321    9213    132    369  +0.1760  +0.4182  +0.0415  +0.7442
   3607    576384   156   +8.533    9428    138    384  +0.1766  +0.4745  +0.0623  +0.7106
   3608    576546   162   +7.803    9724    143    273  +0.2339  +0.5522  +0.3040  +0.7037
   3609    576701   155   +6.732    9261    140    268  +0.1759  +0.4308  +0.1993  +0.6588
   3610    576861   160  +15.019   11024    122    446  +0.4343  +0.8934  +0.5289  +1.0000
   3611    577028   167   +8.421    9817    153    366  +0.1796  +0.5766  +0.2350  +0.6045
   3612    577186   158   +8.511    9770    151    407  +0.1782  +0.5643  +0.2654  +0.6165
   3613    577339   153   +7.717    9684    134    269  +0.2765  +0.5419  +0.3578  +0.8018
   3614    577496   157  +11.227   10038    120    356  +0.3786  +0.6346  +0.4836  +1.0000
   3615    577652   156  +11.432    9933    128    405  +0.3394  +0.6071  +0.4795  +0.9384
   3616    577822   170  +10.746   11025    148    319  +0.3879  +0.8938  +0.4330  +0.8602
   3617    577978   156   +8.671   10188    144    335  +0.2893  +0.6740  +0.3592  +0.7752
   3618    578139   161   +9.222    9641    134    369  +0.2339  +0.5305  +0.0939  +0.8053
   3619    578298   159  +12.394   10799    134    363  +0.4271  +0.8343  +0.4801  +1.0000
   3620    578457   159   +8.868   10144    143    333  +0.2842  +0.6625  +0.3385  +0.7743
   3621    578619   162   +8.258    9860    144    304  +0.2444  +0.5878  +0.3096  +0.7176
   3622    578780   161   +7.527    9288    132    299  +0.2185  +0.4379  +0.2594  +0.7573
   3623    578936   156  +10.668   10412    132    304  +0.4031  +0.7328  +0.5382  +0.9665
   3624    579095   159  +11.756   10877    138    313  +0.4309  +0.8549  +0.5115  +0.9698
   3625    579251   156  +11.407   10188    128    346  +0.3819  +0.6741  +0.4464  +0.9889
   3626    579413   162   +9.264   10605    161    312  +0.2766  +0.7835  +0.4470  +0.6448
   3627    579571   158   +4.444    8616    144    277  +0.0391  +0.2613  -0.0735  +0.4943
   3628    579732   161   +8.266    9968    151    361  +0.2089  +0.6161  +0.2297  +0.6526
   3629    579888   156   +9.777   10075    139    352  +0.3044  +0.6443  +0.4525  +0.8144
   3630    580048   160  +10.185    9874    132    337  +0.2862  +0.5916  +0.1680  +0.8675
   3631    580214   166   +8.461    9936    141    269  +0.2775  +0.6079  +0.3594  +0.7625
   3632    580369   155  +11.576   10107    120    330  +0.3901  +0.6527  +0.5134  +1.0000
   3633    580530   161  +14.745   11322    138    380  +0.4627  +0.9716  +0.5171  +1.0000
   3634    580692   162  +13.923   11610    133    394  +0.4740  +1.0000  +0.5809  +1.0000
   3635    580849   157   +8.798   10136    140    291  +0.3009  +0.6603  +0.3308  +0.8035
   3636    581016   167   +5.287    8176    143    344  -0.0400  +0.1460  -0.2219  +0.4308
   3637    581174   158   +7.461    9772    142    289  +0.2350  +0.5648  +0.2405  +0.7204
   3638    581338   164  +10.060   10381    137    323  +0.3553  +0.7246  +0.4141  +0.8905
   3639    581493   155  +11.449   10311    128    301  +0.4011  +0.7063  +0.4474  +1.0000
   3640    581661   168   +9.483    9837    144    352  +0.2300  +0.5819  +0.2676  +0.7139
   3641    581826   165  +10.236   10681    152    354  +0.3246  +0.8034  +0.5074  +0.7528
   3642    581981   155   +9.217    9940    139    344  +0.2817  +0.6090  +0.3884  +0.7931
   3643    582140   159   +8.617    8670    129    432  +0.1028  +0.2757  +0.0168  +0.6799
   3644    582305   165   +7.935    9163    158    436  +0.0425  +0.4050  +0.0068  +0.4524
   3645    582467   162   +8.623    9712    144    351  +0.2109  +0.5492  +0.2891  +0.6810
   3646    582628   161   +9.003   10040    144    324  +0.2616  +0.6351  +0.3149  +0.7372
   3647    582787   159   +8.031   10036    148    316  +0.2314  +0.6341  +0.1630  +0.6974
   3648    582944   157   +9.577    9557    129    351  +0.2787  +0.5084  +0.3661  +0.8566
   3649    583102   158   +8.371    9756    144    329  +0.2261  +0.5606  +0.3307  +0.6928
   3650    583265   163   +8.906    9690    138    330  +0.2422  +0.5433  +0.2780  +0.7577
   3651    583419   154  +10.866   10244    128    327  +0.3984  +0.6887  +0.5192  +0.9958
   3652    583585   166  +11.997   11310    159    373  +0.3692  +0.9685  +0.4470  +0.7832
   3653    583743   158  +12.057   10778    145    398  +0.3611  +0.8288  +0.4588  +0.8569
   3654    583903   160  +13.570   10850    139    439  +0.3961  +0.8478  +0.4645  +0.9463
   3655    584072   169  +10.479   10688    148    333  +0.3272  +0.8053  +0.2914  +0.8040
   3656    584231   159  +10.243   10981    157    365  +0.3407  +0.8820  +0.4961  +0.7511
   3657    584388   157  +10.340   10357    126    363  +0.3951  +0.7184  +0.4502  +1.0000
   3658    584545   157  +11.351   10319    134    391  +0.3466  +0.7084  +0.3283  +0.9261
   3659    584710   165   +6.592    9104    142    267  +0.1316  +0.3894  +0.0741  +0.6047
   3660    584871   161   +9.130   10447    149    334  +0.2926  +0.7420  +0.2944  +0.7568
   3661    585039   168   +8.490    9159    144    393  +0.1165  +0.4038  +0.1346  +0.5900
   3662    585196   157   +9.742   10144    140    335  +0.2908  +0.6625  +0.2772  +0.8069
   3663    585350   154   +8.798   10293    143    269  +0.3256  +0.7015  +0.4689  +0.7970
   3664    585512   162   +5.833    9216    153    285  +0.1016  +0.4189  +0.1151  +0.5076
   3665    585673   161   +7.259    9226    135    310  +0.1814  +0.4216  +0.1391  +0.7091
   3666    585830   157  +10.830   10437    132    314  +0.4065  +0.7393  +0.5098  +0.9819
   3667    585984   154   +8.225    9477    130    315  +0.2596  +0.4875  +0.3039  +0.8238
   3668    586146   162  +10.409   10372    147    390  +0.2823  +0.7224  +0.2968  +0.7640
   3669    586307   161   +8.542    9577    141    384  +0.1767  +0.5136  +0.0280  +0.6952
   3670    586467   160   +9.833   10206    140    328  +0.3233  +0.6787  +0.4924  +0.8214
   3671    586634   167   +7.851   10306    162    297  +0.2112  +0.7050  +0.1815  +0.5909
   3672    586799   165   +9.190    9651    141    370  +0.2014  +0.5332  +0.1435  +0.7108
   3673    586960   161   +6.745    9162    147    326  +0.1038  +0.4047  +0.0291  +0.5589
   3674    587123   163  +11.351   10458    140    415  +0.3223  +0.7448  +0.2901  +0.8610
   3675    587288   165   +9.344   10393    149    303  +0.2951  +0.7278  +0.3723  +0.7409
   3676    587448   160   +5.629    8808    140    309  +0.0837  +0.3118  -0.0053  +0.5692
   3677    587606   158   +9.395    9938    133    312  +0.3177  +0.6084  +0.3782  +0.8742
   3678    587772   166   +7.390    9843    158    270  +0.1799  +0.5836  +0.2749  +0.5550
   3679    587926   154  +11.240   10962    142    348  +0.4255  +0.8772  +0.5863  +0.9372
   3680    588089   163   +9.740   10344    145    300  +0.3148  +0.7149  +0.4095  +0.7877
   3681    588246   157  +11.367    9812    126    339  +0.3341  +0.5755  +0.3714  +0.9473
   3682    588404   158  +10.173    9752    128    354  +0.3021  +0.5597  +0.2516  +0.9127
   3683    588561   157  +11.437   10956    137    307  +0.4590  +0.8755  +0.6219  +0.9973
   3684    588722   161   +6.219    8962    144    373  +0.0797  +0.3523  +0.0198  +0.5513
   3685    588885   163   +9.736   10124    135    287  +0.3402  +0.6572  +0.4490  +0.8727
   3686    589051   166   +5.152    8742    153    322  +0.0165  +0.2946  -0.0525  +0.4287
   3687    589209   158  +10.232   10452    141    350  +0.3523  +0.7433  +0.5133  +0.8565
   3688    589374   165   +7.750   10049    157    284  +0.2058  +0.6376  +0.2299  +0.6025
   3689    589532   158   +7.105    9066    142    354  +0.1136  +0.3796  +0.0747  +0.5986
   3690    589697   165   +9.224   10197    157    337  +0.2338  +0.6765  +0.4212  +0.6204
   3691    589852   155   +5.975    8871    137    356  +0.0987  +0.3285  -0.0238  +0.6183
   3692    590011   159  +11.564   10450    132    396  +0.3905  +0.7428  +0.5058  +0.9713
   3693    590172   161  +12.383   10383    134    418  +0.3573  +0.7252  +0.3832  +0.9386
   3694    590329   157   +9.165   10141    142    276  +0.3144  +0.6616  +0.5035  +0.7877
   3695    590488   159   +9.498   10132    140    388  +0.2762  +0.6594  +0.1855  +0.8149
   3696    590647   159  +10.339   10594    143    411  +0.3413  +0.7806  +0.3994  +0.8572
   3697    590807   160   +7.125    9439    143    349  +0.1589  +0.4775  +0.0709  +0.6494
   3698    590968   161  +12.246   11212    145    367  +0.4242  +0.9427  +0.4687  +0.9290
   3699    591126   158  +11.041   10446    125    328  +0.4112  +0.7416  +0.5003  +1.0000
   3700    591284   158  +11.795   10955    139    380  +0.4215  +0.8754  +0.4814  +0.9663

  ── rolling mean (last 100 ep) ──  cum_R=+9.468  yield=10029 kg/ha  N=141  W=341 mm  R_seas=+0.2761  R_ane=+0.7823

   3701    591447   163  +10.643   10744    162    381  +0.2822  +0.8201  +0.4482  +0.6613
   3702    591611   164  +10.639   10562    143    339  +0.3342  +0.7720  +0.2706  +0.8501
   3703    591775   164   +8.317    9977    156    391  +0.1743  +0.6186  +0.1493  +0.5960
   3704    591931   156   +8.662    9767    140    325  +0.2591  +0.5635  +0.4307  +0.7472
   3705    592087   156   +4.925    8563    148    316  +0.0249  +0.2475  +0.0518  +0.4508
   3706    592247   160   +8.230    9417    144    410  +0.1456  +0.4718  +0.1126  +0.6324
   3707    592405   158   +9.246   10271    145    373  +0.2810  +0.6958  +0.3088  +0.7679
   3708    592562   157   +4.803    8394    150    376  -0.0345  +0.2031  -0.1439  +0.4011
   3709    592722   160   +8.047    9952    146    304  +0.2317  +0.6122  +0.1907  +0.7005
   3710    592883   161   +7.266    9048    146    377  +0.0877  +0.3748  +0.0804  +0.5439
   3711    593043   160  +10.004    9971    145    438  +0.2122  +0.6171  +0.1110  +0.7189
   3712    593202   159   +8.666   10642    163    344  +0.2506  +0.7932  +0.2755  +0.6285
   3713    593363   161  +11.870   11206    158    400  +0.3546  +0.9412  +0.4626  +0.7703
   3714    593517   154   +4.732    8227    137    329  +0.0098  +0.1594  -0.0659  +0.5021
   3715    593675   158  +12.131   11058    149    416  +0.3749  +0.9025  +0.4594  +0.8519
   3716    593834   159   +9.289   10236    142    326  +0.3036  +0.6865  +0.3636  +0.7987
   3717    593991   157   +9.171   10230    144    325  +0.2940  +0.6850  +0.3393  +0.7813
   3718    594150   159   +8.345    9587    139    340  +0.2078  +0.5163  +0.1366  +0.7277
   3719    594308   158   +7.356   10129    158    268  +0.2148  +0.6586  +0.2297  +0.6059
   3720    594469   161  +10.460   10576    153    380  +0.2775  +0.7758  +0.2284  +0.7315
   3721    594631   162  +10.365   10403    141    362  +0.3408  +0.7305  +0.4978  +0.8444
   3722    594790   159   +9.969   10052    144    383  +0.2681  +0.6383  +0.4400  +0.7426
   3723    594954   164   +9.819   10136    144    336  +0.2745  +0.6605  +0.2934  +0.7638
   3724    595112   158   +9.170   10788    158    320  +0.3192  +0.8316  +0.5074  +0.7090
   3725    595271   159   +9.634    9934    145    388  +0.2414  +0.6075  +0.3567  +0.7177
   3726    595432   161  +12.490   11006    150    386  +0.3653  +0.8888  +0.4413  +0.8298
   3727    595591   159  +12.493   10861    141    389  +0.3953  +0.8507  +0.4367  +0.9310
   3728    595752   161   +5.751    8907    153    385  +0.0196  +0.3378  -0.1301  +0.4524
   3729    595914   162   +7.833    9889    149    288  +0.2386  +0.5956  +0.4365  +0.6606
   3730    596074   160   +6.873    9194    146    406  +0.0989  +0.4131  +0.0022  +0.5781
   3731    596229   155   +7.691    9510    139    314  +0.2126  +0.4961  +0.2642  +0.7104
   3732    596386   157  +10.067   11119    154    332  +0.3688  +0.9184  +0.4449  +0.7989
   3733    596542   156   +8.373    9852    141    347  +0.2538  +0.5859  +0.3755  +0.7421
   3734    596706   164   +8.266   10057    165    406  +0.1595  +0.6396  +0.2435  +0.5277
   3735    596870   164  +11.913   10738    138    356  +0.3993  +0.8184  +0.4668  +0.9411
   3736    597031   161  +11.458   10167    128    382  +0.3673  +0.6685  +0.4112  +0.9787
   3737    597186   155  +11.271   10212    123    358  +0.3864  +0.6803  +0.4504  +1.0000
   3738    597343   157   +5.773    9147    150    384  +0.0642  +0.4007  -0.1305  +0.5240
   3739    597501   158   +9.090   10199    139    335  +0.3266  +0.6770  +0.4980  +0.8319
   3740    597656   155   +9.778    9878    135    379  +0.2700  +0.5926  +0.2171  +0.8299
   3741    597816   160  +10.230    9743    140    420  +0.2219  +0.5572  +0.2397  +0.7413
   3742    597984   168   +9.548   10902    153    309  +0.3357  +0.8613  +0.2999  +0.7794
   3743    598140   156   +7.714    9234    130    317  +0.2159  +0.4236  +0.1978  +0.7820
   3744    598301   161   +8.385   10506    158    309  +0.2587  +0.7574  +0.2790  +0.6570
   3745    598459   158   +9.652   10504    139    285  +0.3713  +0.7568  +0.4305  +0.8919
   3746    598614   155   +9.312   10256    140    319  +0.3111  +0.6919  +0.2833  +0.8317
   3747    598774   160   +8.390   10302    157    298  +0.2470  +0.7038  +0.3486  +0.6396
   3748    598928   154   +8.177   10067    147    320  +0.2427  +0.6422  +0.1954  +0.7141
   3749    599085   157  +14.258   11386    143    486  +0.4416  +0.9886  +0.4615  +0.9903
   3750    599238   153  +11.673   11164    146    358  +0.4214  +0.9302  +0.5514  +0.9059
   3751    599397   159   +6.865    8829    146    405  +0.0458  +0.3173  -0.0119  +0.5086
   3752    599560   163  +12.163   10873    152    426  +0.3288  +0.8537  +0.3877  +0.7889
   3753    599718   158   +9.428   10551    147    293  +0.3243  +0.7693  +0.3373  +0.7930
   3754    599880   162  +10.175   10136    145    391  +0.2458  +0.6604  +0.1419  +0.7503
   3755    600042   162  +10.642   11028    156    376  +0.3400  +0.8945  +0.4255  +0.7631
   3756    600206   164   +7.437    9713    150    336  +0.1703  +0.5493  +0.0946  +0.6220
   3757    600366   160   +9.056   10464    158    353  +0.2622  +0.7464  +0.3987  +0.6589
   3758    600524   158   +8.667   10289    153    348  +0.2463  +0.7005  +0.2520  +0.6830
   3759    600683   159  +12.378   11329    161    430  +0.3556  +0.9735  +0.4628  +0.7639
   3760    600847   164   +9.581   10483    153    357  +0.2711  +0.7515  +0.2835  +0.7086
   3761    601008   161  +10.555   10640    147    340  +0.3492  +0.7927  +0.5124  +0.8144
   3762    601163   155   +9.326   10136    140    290  +0.3197  +0.6605  +0.4767  +0.8134
   3763    601317   154   +8.117   10266    149    270  +0.2860  +0.6945  +0.4003  +0.7194
   3764    601480   163   +9.039   10125    138    299  +0.3085  +0.6575  +0.3001  +0.8348
   3765    601643   163  +10.211   10965    153    270  +0.3801  +0.8780  +0.5874  +0.7932
   3766    601806   163   +9.725   10905    160    340  +0.3052  +0.8621  +0.3568  +0.7000
   3767    601965   159   +8.458   10179    153    302  +0.2548  +0.6718  +0.4095  +0.6653
   3768    602124   159   +9.661   10391    145    329  +0.3155  +0.7273  +0.4074  +0.7933
   3769    602285   161   +8.893   10362    164    350  +0.2074  +0.7197  +0.2522  +0.5744
   3770    602447   162  +14.068   11407    146    434  +0.4336  +0.9941  +0.4613  +0.9479
   3771    602607   160  +11.851   10919    152    348  +0.3521  +0.8658  +0.4571  +0.7929
   3772    602771   164   +7.276    9858    174    393  +0.0853  +0.5875  +0.0427  +0.4201
   3773    602932   161   +8.327    9738    155    354  +0.1478  +0.5559  +0.0963  +0.5685
   3774    603093   161  +11.612   11551    159    363  +0.3950  +1.0000  +0.4849  +0.8150
   3775    603253   160   +9.849   10505    145    360  +0.3277  +0.7572  +0.4343  +0.8098
   3776    603416   163   +8.017   10022    162    338  +0.1648  +0.6306  +0.1385  +0.5476
   3777    603577   161  +11.351   10547    137    382  +0.3706  +0.7682  +0.3900  +0.9296
   3778    603735   158   +8.256   10049    145    329  +0.2563  +0.6376  +0.2832  +0.7323
   3779    603899   164  +10.604   10693    148    369  +0.3280  +0.8066  +0.3660  +0.8003
   3780    604054   155   +9.580   10220    154    424  +0.2039  +0.6825  +0.0768  +0.6607
   3781    604216   162   +6.717    9651    154    293  +0.1608  +0.5330  +0.2187  +0.5616
   3782    604376   160  +10.520   10026    134    293  +0.3289  +0.6316  +0.4279  +0.8681
   3783    604532   156   +8.895   10260    146    301  +0.2993  +0.6929  +0.4146  +0.7620
   3784    604687   155  +10.780   10938    142    364  +0.4010  +0.8708  +0.4526  +0.9191
   3785    604846   159   +6.241    9497    171    383  +0.0468  +0.4927  +0.0131  +0.3866
   3786    605005   159  +10.268   11072    166    385  +0.2912  +0.9062  +0.3199  +0.6638
   3787    605171   166   +6.114    9304    158    346  +0.0712  +0.4421  -0.0145  +0.4724
   3788    605334   163  +10.213   10627    163    341  +0.2630  +0.7894  +0.4131  +0.6265
   3789    605498   164   +6.745    9643    150    314  +0.1538  +0.5309  +0.0114  +0.6053
   3790    605663   165   +8.469   10452    166    363  +0.2153  +0.7433  +0.2846  +0.5759
   3791    605821   158   +8.242    9743    155    443  +0.1332  +0.5571  +0.0735  +0.5699
   3792    605981   160   +8.594   10646    161    310  +0.2676  +0.7942  +0.2883  +0.6542
   3793    606141   160   +9.516   10735    152    305  +0.3305  +0.8176  +0.4273  +0.7603
   3794    606299   158   +8.739    9280    143    347  +0.1469  +0.4358  +0.1807  +0.6174
   3795    606459   160   +5.883    9370    154    304  +0.1003  +0.4594  -0.0257  +0.5217
   3796    606630   171  +10.067   10944    167    376  +0.2817  +0.8724  +0.4135  +0.6343
   3797    606784   154   +6.256    9079    146    325  +0.1081  +0.3829  +0.1656  +0.5489
   3798    606945   161   +7.010    9426    154    377  +0.1128  +0.4739  +0.1191  +0.5350
   3799    607103   158  +10.245   10940    161    367  +0.3064  +0.8714  +0.3716  +0.7034
   3800    607262   159  +12.465   11313    158    383  +0.3769  +0.9692  +0.5155  +0.7889

  ── rolling mean (last 100 ep) ──  cum_R=+9.214  yield=10208 kg/ha  N=150  W=353 mm  R_seas=+0.2550  R_ane=+0.7106

   3801    607429   167  +10.224   10636    160    425  +0.2581  +0.7917  +0.3226  +0.6664
   3802    607590   161   +7.890    9849    162    433  +0.1201  +0.5851  +0.0376  +0.5250
   3803    607749   159   +7.804    9752    160    357  +0.1321  +0.5596  +0.1111  +0.5240
   3804    607911   162  +10.821   10977    151    321  +0.3658  +0.8810  +0.4387  +0.8121
   3805    608070   159  +11.480   11258    165    459  +0.3140  +0.9550  +0.3824  +0.7023
   3806    608229   159  +10.420   10836    158    364  +0.3187  +0.8442  +0.4985  +0.7185
   3807    608394   165   +8.961   10197    153    330  +0.2294  +0.6763  +0.1700  +0.6697
   3808    608526   132   -4.872       0    212    170  -0.9505  -1.0000  -1.0000  -1.0000
   3809    608691   165   +9.189   10938    165    342  +0.2953  +0.8710  +0.3999  +0.6596
   3810    608852   161   +6.987    9782    166    347  +0.1115  +0.5673  +0.0807  +0.4714
   3811    609012   160  +12.885   11204    146    381  +0.4185  +0.9407  +0.4657  +0.9222
   3812    609164   152  +12.152   10268    131    378  +0.3667  +0.6951  +0.4108  +0.9590
   3813    609325   161   +7.624    9598    152    373  +0.1372  +0.5191  +0.0911  +0.5731
   3814    609489   164  +10.242   10188    154    361  +0.2314  +0.6739  +0.2944  +0.6565
   3815    609650   161   +9.460   10592    156    299  +0.2918  +0.7802  +0.3775  +0.6973
   3816    609805   155   +5.270    9400    154    254  +0.1259  +0.4673  +0.1090  +0.5280
   3817    609964   159   +6.795    9756    174    424  +0.0623  +0.5607  +0.0087  +0.3994
   3818    610125   161  +11.451   10858    153    372  +0.3422  +0.8500  +0.4873  +0.7793
   3819    610290   165   +6.421    9814    164    302  +0.1293  +0.5758  +0.0598  +0.4991
   3820    610447   157   +8.169   10212    151    256  +0.2618  +0.6803  +0.2783  +0.6931
   3821    610606   159  +12.171   11052    144    340  +0.4136  +0.9009  +0.4644  +0.9201
   3822    610763   157   +8.277    9695    146    354  +0.1805  +0.5446  +0.1077  +0.6545
   3823    610925   162   +8.374   10206    159    342  +0.2048  +0.6788  +0.2019  +0.6028
   3824    611073   148   +9.808   10064    139    371  +0.2995  +0.6414  +0.4511  +0.8118
   3825    611235   162   +5.417    9014    164    286  +0.0251  +0.3659  +0.0100  +0.3764
   3826    611400   165   +6.709    8931    160    385  -0.0023  +0.3441  -0.1550  +0.3998
   3827    611565   165   +8.075    9897    160    322  +0.1605  +0.5977  +0.1775  +0.5416
   3828    611728   163   +8.674   10412    159    309  +0.2525  +0.7327  +0.3572  +0.6371
   3829    611892   164  +11.799   11285    152    336  +0.4075  +0.9619  +0.5176  +0.8518
   3830    612053   161   +6.771    9659    158    304  +0.1444  +0.5351  +0.1940  +0.5296
   3831    612211   158   +8.392   10268    162    391  +0.1959  +0.6950  +0.2317  +0.5815
   3832    612369   158   +8.893   10199    146    327  +0.2885  +0.6769  +0.4722  +0.7402
   3833    612527   158  +10.765   10684    146    402  +0.3346  +0.8041  +0.3923  +0.8239
   3834    612692   165   +6.317    9441    172    378  +0.0341  +0.4780  -0.0081  +0.3679
   3835    612855   163   +5.874    8935    165    365  -0.0158  +0.3452  -0.1350  +0.3529
   3836    613018   163   +8.594   10185    159    396  +0.2084  +0.6731  +0.3348  +0.6026
   3837    613178   160   +7.307   10073    163    367  +0.1696  +0.6438  +0.1992  +0.5467
   3838    613350   172   +7.446   10439    175    300  +0.1856  +0.7400  +0.2388  +0.4916
   3839    613510   160  +10.771   10692    156    329  +0.2984  +0.8064  +0.3475  +0.7162
   3840    613667   157   +9.524   10622    151    347  +0.3126  +0.7879  +0.4119  +0.7536
   3841    613826   159   +8.971   10189    141    302  +0.3170  +0.6743  +0.4505  +0.8092
   3842    613991   165  +10.181   10975    157    326  +0.3402  +0.8806  +0.4622  +0.7442
   3843    614155   164   +9.498   10905    164    317  +0.2981  +0.8623  +0.4006  +0.6626
   3844    614316   161   +7.169    9989    170    325  +0.1386  +0.6217  +0.1913  +0.4695
   3845    614475   159  +11.863   11475    168    390  +0.3457  +1.0000  +0.4424  +0.7124
   3846    614637   162   +8.401    9931    158    395  +0.1583  +0.6066  +0.1282  +0.5701
   3847    614802   165   +8.905   10160    153    357  +0.2185  +0.6667  +0.1765  +0.6569
   3848    614962   160   +8.551   10866    172    295  +0.2637  +0.8520  +0.3977  +0.5755
   3849    615120   158   +7.662    9394    149    350  +0.1282  +0.4657  +0.0699  +0.5808
   3850    615280   160   +9.468   10932    155    344  +0.3433  +0.8694  +0.4710  +0.7637
   3851    615433   153  +10.985   10184    137    393  +0.3073  +0.6729  +0.2751  +0.8639
   3852    615593   160   +8.918   10036    148    362  +0.2314  +0.6341  +0.2339  +0.6969
   3853    615752   159  +11.400   10302    138    339  +0.3381  +0.7040  +0.4164  +0.8658
   3854    615908   156  +10.530   11334    155    336  +0.3950  +0.9748  +0.4744  +0.8232
   3855    616065   157  +10.518   10765    147    379  +0.3400  +0.8254  +0.3266  +0.8320
   3856    616229   164   +9.240   10935    169    364  +0.2547  +0.8700  +0.1887  +0.6195
   3857    616386   157   +9.261   10744    160    400  +0.2740  +0.8200  +0.3371  +0.6758
   3858    616545   159   +5.189    9415    171    313  +0.0540  +0.4712  +0.0789  +0.3756
   3859    616704   159  +10.300   10934    178    466  +0.2189  +0.8697  +0.3397  +0.5311
   3860    616862   158   +8.542   10273    154    352  +0.2334  +0.6963  +0.2156  +0.6637
   3861    617022   160   +5.815    9464    157    313  +0.0999  +0.4841  -0.0231  +0.5077
   3862    617188   166   +7.395    9666    153    280  +0.1591  +0.5371  +0.0965  +0.5807
   3863    617351   163   +8.278   10307    170    351  +0.1723  +0.7053  +0.1803  +0.5140
   3864    617513   162  +12.305   11504    158    366  +0.3931  +1.0000  +0.4716  +0.8146
   3865    617676   163  +10.323   10894    149    292  +0.3773  +0.8593  +0.5017  +0.8279
   3866    617833   157   +9.933   10900    166    319  +0.2888  +0.8609  +0.3970  +0.6419
   3867    617996   163   +7.058    9390    155    339  +0.0872  +0.4644  -0.0778  +0.5116
   3868    618157   161   +4.089    8440    155    339  -0.0490  +0.2151  -0.2255  +0.3639
   3869    618316   159  +10.598   11041    158    326  +0.3431  +0.8980  +0.4297  +0.7490
   3870    618482   166   +9.710   10450    160    342  +0.2368  +0.7427  +0.2322  +0.6356
   3871    618646   164   +6.550    9164    174    361  +0.0030  +0.4053  +0.0566  +0.3128
   3872    618805   159   +9.319   10798    167    301  +0.2921  +0.8340  +0.5854  +0.6130
   3873    618967   162   +7.986    9980    156    321  +0.1910  +0.6195  +0.1978  +0.5985
   3874    619129   162  +12.579   11244    158    354  +0.3657  +0.9511  +0.4285  +0.7829
   3875    619287   158   +9.294   10086    161    364  +0.1653  +0.6471  +0.0752  +0.5640
   3876    619445   158   +8.620   10304    151    321  +0.2791  +0.7045  +0.4242  +0.7092
   3877    619603   158   +9.338   10446    163    362  +0.2199  +0.7417  +0.2230  +0.6038
   3878    619765   162  +10.521   11071    157    311  +0.3605  +0.9057  +0.5152  +0.7606
   3879    619928   163  +10.828   11301    173    353  +0.3009  +0.9663  +0.3320  +0.6353
   3880    620084   156  +10.893   11105    150    331  +0.3926  +0.9147  +0.4907  +0.8489
   3881    620242   158   +3.267    8207    155    270  -0.0695  +0.1541  -0.2174  +0.3231
   3882    620404   162   +8.902   10478    163    339  +0.2418  +0.7500  +0.3839  +0.6045
   3883    620560   156  +10.554   11150    150    316  +0.3993  +0.9265  +0.4722  +0.8571
   3884    620725   165   +7.753    9746    160    373  +0.1202  +0.5581  +0.0090  +0.5266
   3885    620886   161   +9.694   10178    157    390  +0.1975  +0.6715  +0.1426  +0.6225
   3886    621037   151   +7.867    9599    145    318  +0.1670  +0.5195  -0.0057  +0.6511
   3887    621193   156   +8.908   10676    164    287  +0.2740  +0.8020  +0.4182  +0.6244
   3888    621355   162  +11.117   10842    168    396  +0.2585  +0.8458  +0.3544  +0.6152
   3889    621519   164   +7.358   10414    171    336  +0.1790  +0.7334  +0.1351  +0.5187
   3890    621678   159   +9.083   10633    160    340  +0.2641  +0.7907  +0.2936  +0.6577
   3891    621840   162   +4.643    8657    168    341  -0.0610  +0.2722  -0.1856  +0.2893
   3892    621996   156  +12.285   11202    147    341  +0.4223  +0.9402  +0.4928  +0.9102
   3893    622156   160   +9.211   10405    152    339  +0.2726  +0.7310  +0.2963  +0.7153
   3894    622320   164   +6.635   10099    167    304  +0.1467  +0.6507  +0.0000  +0.5115
   3895    622481   161  +10.938   11157    163    349  +0.3320  +0.9283  +0.4252  +0.7117
   3896    622638   157  +10.023    9776    146    443  +0.1831  +0.5658  +0.1109  +0.6799
   3897    622798   160  +10.493   11350    160    327  +0.3773  +0.9790  +0.4687  +0.7743
   3898    622951   153   +5.446    8870    148    309  +0.0615  +0.3282  +0.0364  +0.4928
   3899    623112   161   +7.457   10551    181    325  +0.1606  +0.7693  +0.0994  +0.4553
   3900    623268   156  +10.839   10858    156    336  +0.3262  +0.8498  +0.4416  +0.7373

  ── rolling mean (last 100 ep) ──  cum_R=+8.788  yield=10200 kg/ha  N=158  W=344 mm  R_seas=+0.2179  R_ane=+0.6211

   3901    623425   157   +8.949   10165    144    297  +0.2883  +0.6680  +0.3746  +0.7587
   3902    623584   159  +10.900   10998    137    271  +0.4570  +0.8867  +0.5101  +1.0000
   3903    623744   160  +10.027   10923    153    282  +0.3582  +0.8669  +0.4398  +0.7868
   3904    623903   159   +5.091    8567    157    323  -0.0341  +0.2486  -0.1814  +0.3634
   3905    624058   155   +8.997   10890    160    279  +0.3199  +0.8582  +0.3914  +0.7074
   3906    624226   168   +9.511   10832    161    314  +0.3046  +0.8432  +0.4256  +0.6831
   3907    624387   161  +12.073   11302    155    376  +0.3721  +0.9664  +0.3429  +0.8188
   3908    624547   160   +9.178   10856    171    351  +0.2485  +0.8493  +0.2993  +0.5847
   3909    624715   168   +4.803    9414    174    266  +0.0478  +0.4708  +0.0342  +0.3537
   3910    624871   156  +11.566   11064    158    371  +0.3411  +0.9041  +0.4582  +0.7499
   3911    625031   160   +7.512   10158    160    274  +0.2101  +0.6662  +0.2644  +0.5828
   3912    625190   159   +6.865   10120    161    305  +0.1933  +0.6563  +0.2080  +0.5731
   3913    625347   157   +9.091   10050    149    398  +0.2242  +0.6378  +0.2388  +0.6890
   3914    625506   159  +10.810   11430    167    323  +0.3545  +0.9999  +0.4201  +0.7149
   3915    625667   161  +11.189   11357    160    333  +0.3827  +0.9809  +0.5015  +0.7806
   3916    625832   165   +9.336   10735    151    337  +0.3306  +0.8175  +0.4095  +0.7772
   3917    625989   157   +8.996   10466    150    275  +0.3153  +0.7471  +0.4746  +0.7434
   3918    626148   159   +9.194   10532    153    336  +0.2899  +0.7643  +0.3608  +0.7204
   3919    626314   166   +7.953   10541    172    279  +0.2060  +0.7666  +0.1820  +0.5323
   3920    626474   160   +6.645    9328    162    388  +0.0718  +0.4483  +0.1604  +0.4423
   3921    626628   154   +7.965   10239    175    405  +0.1471  +0.6875  +0.2548  +0.4637
   3922    626785   157  +10.181   10944    150    297  +0.3767  +0.8726  +0.4776  +0.8259
   3923    626942   157  +10.730   10319    156    405  +0.2213  +0.7085  +0.2072  +0.6482
   3924    627101   159   +8.376    9981    155    340  +0.2082  +0.6196  +0.3639  +0.6073
   3925    627234   133   -4.350       0    226    152  -0.9478  -1.0000  -1.0000  -1.0000
   3926    627387   153  +10.734   11214    159    397  +0.3514  +0.9432  +0.4347  +0.7667
   3927    627552   165  +11.265   11475    172    368  +0.3331  +1.0000  +0.4483  +0.6711
   3928    627711   159   +7.398   10217    159    272  +0.2260  +0.6816  +0.3055  +0.6021
   3929    627872   161  +11.635   10987    148    345  +0.3830  +0.8838  +0.4633  +0.8562
   3930    628031   159   +9.481   10886    162    309  +0.3064  +0.8571  +0.4218  +0.6783
   3931    628184   153   +8.571   10117    167    357  +0.1619  +0.6553  +0.2219  +0.5111
   3932    628346   162   +7.412   10064    174    292  +0.1296  +0.6414  +0.0787  +0.4503
   3933    628519   173   +4.790    8870    169    375  -0.0494  +0.3280  -0.2612  +0.3151
   3934    628677   158  +11.236   10998    148    357  +0.3761  +0.8865  +0.3843  +0.8613
   3935    628839   162   +9.804   10918    173    342  +0.2514  +0.8656  +0.2990  +0.5784
   3936    628993   154   +5.505    8655    149    318  +0.0133  +0.2718  -0.1229  +0.4509
   3937    629151   158   +5.915    8767    149    356  +0.0342  +0.3010  -0.0064  +0.4700
   3938    629309   158   +9.102   10445    152    276  +0.2850  +0.7414  +0.2993  +0.7154
   3939    629470   161   +9.316   10796    154    292  +0.3283  +0.8337  +0.3829  +0.7507
   3940    629631   161  +12.654   11184    153    401  +0.3710  +0.9356  +0.4254  +0.8242
   3941    629794   163   +9.914   10646    159    355  +0.2766  +0.7942  +0.3613  +0.6753
   3942    629952   158   +7.546    9874    150    341  +0.1948  +0.5916  +0.1707  +0.6400
   3943    630107   155   +9.551    9475    142    439  +0.1506  +0.4870  +0.0127  +0.6710
   3944    630260   153  +10.950   10623    147    329  +0.3368  +0.7882  +0.4314  +0.8023
   3945    630417   157  +10.868   11461    152    299  +0.4281  +1.0000  +0.4499  +0.8825
   3946    630581   164   +9.356   10138    167    381  +0.1553  +0.6610  +0.1473  +0.5186
   3947    630740   159   +9.154   10328    156    346  +0.2470  +0.7108  +0.3183  +0.6606
   3948    630896   156  +10.455   10583    156    344  +0.2853  +0.7776  +0.3738  +0.7001
   3949    631060   164  +11.436   10751    154    407  +0.2936  +0.8218  +0.2506  +0.7479
   3950    631220   160   +5.805    9547    170    290  +0.0772  +0.5058  +0.0847  +0.4020
   3951    631382   162   +7.738    9885    162    345  +0.1404  +0.5945  +0.0852  +0.5250
   3952    631545   163  +10.685   11115    153    314  +0.3759  +0.9173  +0.4105  +0.8192
   3953    631706   161   +9.269   10941    173    311  +0.2677  +0.8716  +0.3959  +0.5795
   3954    631866   160  +10.888   10497    143    315  +0.3380  +0.7552  +0.3879  +0.8315
   3955    632025   159   +6.149    9149    175    372  -0.0222  +0.4014  -0.1378  +0.3050
   3956    632188   163  +11.886   10687    172    482  +0.1942  +0.8049  +0.1955  +0.5519
   3957    632352   164   +7.062   10283    179    327  +0.1358  +0.6990  +0.1096  +0.4356
   3958    632516   164   +7.258   10437    176    200  +0.1966  +0.7395  +0.2469  +0.4801
   3959    632675   159   +7.985   10362    174    378  +0.1553  +0.7195  +0.1097  +0.4903
   3960    632835   160  +11.580   11271    152    317  +0.4029  +0.9584  +0.4637  +0.8485
   3961    632993   158   +8.536   10444    166    316  +0.2160  +0.7411  +0.2464  +0.5714
   3962    633154   161  +10.081   11057    170    294  +0.3071  +0.9022  +0.5219  +0.6214
   3963    633312   158   +9.733   11442    169    282  +0.3584  +1.0000  +0.4771  +0.6949
   3964    633477   165   +8.988   10918    165    235  +0.3119  +0.8656  +0.4577  +0.6500
   3965    633641   164   +5.609    9591    171    266  +0.0859  +0.5172  +0.1061  +0.4025
   3966    633805   164   +6.419    9569    164    331  +0.0906  +0.5116  +0.0261  +0.4618
   3967    633968   163   +7.541    9977    178    329  +0.0837  +0.6186  -0.0669  +0.4003
   3968    634132   164   +8.385    9715    161    377  +0.1086  +0.5498  -0.0013  +0.5069
   3969    634286   154   +4.738    8600    162    366  -0.0521  +0.2573  -0.1655  +0.3251
   3970    634448   162   +6.671    9736    166    298  +0.1102  +0.5553  +0.0507  +0.4651
   3971    634608   160   +9.748   11002    166    268  +0.3078  +0.8875  +0.3718  +0.6598
   3972    634772   164  +10.108   11917    183    337  +0.3075  +1.0000  +0.3228  +0.6269
   3973    634932   160   +6.698    9813    162    333  +0.1317  +0.5756  +0.0871  +0.5100
   3974    635095   163  +13.635   12412    176    481  +0.3609  +1.0000  +0.5421  +0.7594
   3975    635258   163   +9.992   10609    163    405  +0.2239  +0.7845  +0.1229  +0.6281
   3976    635419   161   +8.860    9570    152    356  +0.1329  +0.5118  +0.0381  +0.5738
   3977    635582   163   +6.301    9428    181    363  -0.0025  +0.4747  -0.1203  +0.3005
   3978    635742   160  +11.629   11507    162    401  +0.3652  +1.0000  +0.3796  +0.7810
   3979    635903   161   +9.220    9849    163    351  +0.1426  +0.5849  +0.2014  +0.5096
   3980    636062   159   +8.885   11163    182    317  +0.2717  +0.9300  +0.4693  +0.5372
   3981    636217   155  +12.547   11599    163    405  +0.3698  +1.0000  +0.4377  +0.7794
   3982    636375   158   +7.054   10424    174    244  +0.1935  +0.7361  +0.2230  +0.4968
   3983    636537   162  +10.874   10785    154    348  +0.3266  +0.8306  +0.4457  +0.7538
   3984    636692   155  +10.432   10582    152    375  +0.2788  +0.7773  +0.2186  +0.7348
   3985    636848   156  +11.199   11381    165    365  +0.3611  +0.9871  +0.5410  +0.7250
   3986    637012   164   +7.479   10149    167    364  +0.1522  +0.6637  +0.0698  +0.5222
   3987    637170   158  +10.501   11336    170    320  +0.3328  +0.9754  +0.4352  +0.6714
   3988    637332   162   +5.350    9114    185    361  -0.0451  +0.3922  -0.0691  +0.2321
   3989    637485   153   +8.072   10409    167    350  +0.2051  +0.7321  +0.2600  +0.5587
   3990    637647   162  +11.546   11634    162    365  +0.3910  +1.0000  +0.5414  +0.7915
   3991    637807   160   +8.305   10431    162    299  +0.2259  +0.7378  +0.1674  +0.6114
   3992    637964   157   +9.282   10826    157    299  +0.3213  +0.8416  +0.3995  +0.7269
   3993    638126   162  +12.158   11316    164    370  +0.3383  +0.9700  +0.3530  +0.7276
   3994    638279   153   +9.486   11055    170    328  +0.2918  +0.9016  +0.3836  +0.6307
   3995    638440   161   +9.326   10549    169    321  +0.2183  +0.7689  +0.2490  +0.5610
   3996    638600   160   +9.787   11234    173    312  +0.3059  +0.9486  +0.4111  +0.6236
   3997    638759   159   +9.834   10788    162    302  +0.2911  +0.8314  +0.3632  +0.6680
   3998    638918   159   +6.793   10214    169    260  +0.1697  +0.6808  +0.0816  +0.5134
   3999    639078   160  +13.569   11540    155    407  +0.4055  +1.0000  +0.4618  +0.8636
   4000    639241   163   +8.083   10027    163    342  +0.1675  +0.6317  +0.2060  +0.5383

  ── rolling mean (last 100 ep) ──  cum_R=+8.954  yield=10386 kg/ha  N=163  W=334 mm  R_seas=+0.2258  R_ane=+0.6069

   4001    639400   159   +7.265    9699    155    314  +0.1640  +0.5458  +0.2347  +0.5653
   4002    639562   162  +10.512   10779    169    400  +0.2302  +0.8290  +0.1950  +0.5960
   4003    639724   162   +8.325    9803    171    357  +0.0874  +0.5729  +0.0093  +0.4294
   4004    639892   168   +5.842    9486    177    359  +0.0159  +0.4897  -0.1389  +0.3407
   4005    640053   161   +8.682   10730    171    283  +0.2518  +0.8162  +0.3888  +0.5659
   4006    640214   161   +9.505   10494    151    272  +0.3056  +0.7542  +0.3780  +0.7375
   4007    640375   161  +10.557   11294    159    285  +0.3891  +0.9644  +0.5688  +0.7721
   4008    640543   168  +10.241   11381    176    321  +0.3126  +0.9871  +0.4388  +0.6125
   4009    640704   161   +7.812   10482    183    376  +0.1458  +0.7513  +0.1520  +0.4353
   4010    640869   165   +8.102   10295    168    347  +0.1847  +0.7020  +0.2326  +0.5326
   4011    641024   155   +8.549   10581    165    327  +0.2484  +0.7771  +0.3665  +0.6039
   4012    641187   163   +7.945   10656    179    382  +0.1832  +0.7967  +0.2131  +0.4875
   4013    641346   159   +8.521   10181    165    383  +0.1768  +0.6722  +0.2383  +0.5434
   4014    641507   161   +9.989   10954    164    321  +0.3014  +0.8750  +0.3857  +0.6681
   4015    641667   160  +11.291   10921    159    355  +0.3108  +0.8665  +0.3570  +0.7167
   4016    641826   159  +10.112   11478    179    339  +0.3057  +1.0000  +0.4064  +0.6021
   4017    641988   162  +10.250   10953    162    347  +0.3033  +0.8747  +0.3731  +0.6860
   4018    642150   162   +9.294   10541    162    337  +0.2466  +0.7666  +0.3105  +0.6238
   4019    642308   158   +9.218   11034    165    355  +0.3048  +0.8960  +0.4108  +0.6699
   4020    642462   154   +9.498    9573    147    385  +0.1539  +0.5126  +0.0582  +0.6317
   4021    642625   163   +8.571   10865    174    307  +0.2573  +0.8517  +0.3921  +0.5654
   4022    642782   157   +8.897   11160    162    266  +0.3454  +0.9291  +0.3954  +0.7213
   4023    642950   168   +6.128    9636    178    363  +0.0487  +0.5290  +0.0589  +0.3502
   4024    643113   163   +9.656   10883    178    359  +0.2254  +0.8564  +0.2987  +0.5257
   4025    643268   155   +9.178   10575    155    352  +0.2776  +0.7757  +0.2918  +0.7055
   4026    643425   157  +10.434   10729    160    370  +0.2857  +0.8161  +0.4208  +0.6753
   4027    643590   165   +3.957    9075    184    322  -0.0582  +0.3819  -0.2351  +0.2331
   4028    643748   158  +11.218   11152    162    372  +0.3352  +0.9271  +0.4522  +0.7225
   4029    643910   162  +10.468   11361    174    420  +0.2942  +0.9820  +0.3572  +0.6275
   4030    644070   160  +11.208   11613    163    295  +0.3821  +1.0000  +0.3748  +0.7849
   4031    644230   160  +11.351   11425    180    334  +0.3022  +0.9987  +0.4294  +0.5869
   4032    644386   156   +9.579   10795    177    405  +0.2325  +0.8334  +0.4968  +0.5256
   4033    644546   160   +9.046   10144    157    296  +0.2238  +0.6625  +0.3288  +0.6118
   4034    644708   162   +6.419    9336    173    350  +0.0187  +0.4504  -0.0595  +0.3489
   4035    644864   156   +8.621   10233    163    387  +0.1852  +0.6858  +0.1754  +0.5731
   4036    645020   156   +7.809   10319    159    258  +0.2339  +0.7083  +0.2209  +0.6213
   4037    645179   159  +10.445   11319    179    340  +0.2701  +0.9710  +0.2219  +0.5779
   4038    645342   163  +12.548   11255    156    356  +0.3716  +0.9541  +0.4056  +0.8021
   4039    645506   164  +11.955   11416    180    398  +0.2829  +0.9964  +0.3617  +0.5808
   4040    645667   161   +9.740   10950    162    393  +0.3097  +0.8741  +0.4788  +0.6932
   4041    645828   161  +11.166   11348    185    409  +0.2526  +0.9786  +0.2992  +0.5357
   4042    645984   156   +6.353    9362    165    357  +0.0380  +0.4571  -0.1484  +0.4178
   4043    646146   162   +8.490    9799    168    348  +0.0991  +0.5719  -0.0121  +0.4615
   4044    646303   157   +7.778   10117    165    282  +0.1800  +0.6554  +0.1993  +0.5337
   4045    646465   162   +8.780   10476    167    388  +0.2007  +0.7495  +0.1845  +0.5701
   4046    646627   162   +9.843   10576    163    369  +0.2342  +0.7758  +0.2222  +0.6208
   4047    646788   161   +6.289   10099    186    336  +0.0768  +0.6507  -0.0278  +0.3559
   4048    646950   162   +7.805   10172    178    370  +0.1091  +0.6698  +0.0199  +0.4254
   4049    647112   162  +10.859   10653    161    361  +0.2644  +0.7960  +0.3349  +0.6526
   4050    647270   158  +10.688   11158    163    353  +0.3279  +0.9287  +0.3853  +0.7128
   4051    647426   156  +10.466   10926    164    380  +0.2850  +0.8678  +0.3423  +0.6647
   4052    647592   166  +11.500   11320    171    397  +0.3038  +0.9710  +0.3320  +0.6557
   4053    647753   161  +11.284   11137    156    369  +0.3629  +0.9230  +0.4764  +0.7872
   4054    647914   161  +11.052   11492    174    362  +0.3218  +1.0000  +0.4152  +0.6490
   4055    648075   161  +10.426   11209    164    310  +0.3392  +0.9421  +0.4020  +0.7123
   4056    648239   164  +11.541   11364    160    283  +0.3870  +0.9826  +0.5087  +0.7698
   4057    648397   158   +7.942   10197    160    297  +0.2141  +0.6765  +0.2836  +0.5904
   4058    648554   157   +8.072    9266    168    451  +0.0076  +0.4320  -0.0799  +0.3754
   4059    648712   158   +7.934   10576    174    342  +0.1941  +0.7757  +0.1773  +0.5218
   4060    648875   163   +9.529   11250    169    343  +0.3121  +0.9526  +0.3636  +0.6600
   4061    649031   156   +8.038   10614    177    386  +0.1740  +0.7859  +0.0996  +0.5012
   4062    649188   157   +7.158   10076    168    315  +0.1530  +0.6448  +0.1488  +0.4981
   4063    649345   157   +9.337   11065    164    251  +0.3365  +0.9041  +0.4813  +0.6875
   4064    649507   162   +6.849    9664    163    360  +0.0946  +0.5366  -0.0504  +0.4861
   4065    649669   162   +6.366    9425    171    299  +0.0478  +0.4737  -0.0255  +0.3794
   4066    649827   158  +10.661   11404    165    304  +0.3634  +0.9932  +0.4554  +0.7255
   4067    649985   158   +7.955    9768    162    382  +0.1119  +0.5638  +0.0032  +0.5073
   4068    650145   160  +13.460   10884    149    425  +0.3407  +0.8568  +0.3697  +0.8208
   4069    650305   160  +10.825   10821    168    392  +0.2458  +0.8401  +0.2528  +0.6107
   4070    650460   155   +3.831    7979    162    304  -0.1241  +0.0941  -0.1865  +0.2289
   4071    650623   163   +8.404   10065    159    332  +0.1734  +0.6417  +0.0426  +0.5836
   4072    650780   157  +12.792   11862    172    405  +0.3464  +1.0000  +0.4434  +0.7197
   4073    650940   160   +9.490   11338    170    274  +0.3416  +0.9757  +0.4497  +0.6717
   4074    651099   159   +8.370   10452    160    351  +0.2236  +0.7434  +0.1157  +0.6344
   4075    651261   162  +10.541   11613    175    283  +0.3344  +1.0000  +0.3929  +0.6563
   4076    651419   158   +8.113   10269    166    310  +0.1800  +0.6953  +0.1071  +0.5423
   4077    651591   172   +5.796    9881    200    316  +0.0220  +0.5935  +0.0315  +0.2322
   4078    651746   155   +7.740   10043    158    327  +0.1869  +0.6360  +0.1540  +0.5914
   4079    651906   160   +7.986    9770    160    366  +0.1240  +0.5644  +0.0119  +0.5290
   4080    652066   160   +9.491   10391    156    331  +0.2319  +0.7274  +0.0921  +0.6637
   4081    652223   157   +9.204   10536    158    301  +0.2760  +0.7653  +0.3742  +0.6684
   4082    652385   162   +6.098    9911    175    329  +0.0966  +0.6013  +0.0412  +0.4160
   4083    652544   159  +10.914   11389    168    427  +0.3171  +0.9892  +0.2982  +0.6976
   4084    652707   163  +11.920   11846    170    363  +0.3603  +1.0000  +0.4136  +0.7461
   4085    652866   159   +9.540   10817    157    269  +0.3189  +0.8391  +0.3682  +0.7192
   4086    653022   156   +8.402   10929    178    302  +0.2437  +0.8685  +0.3444  +0.5314
   4087    653174   152  +11.402   10878    156    322  +0.3414  +0.8552  +0.5454  +0.7409
   4088    653334   160   +8.730   10515    173    339  +0.2062  +0.7599  +0.3355  +0.5215
   4089    653494   160  +11.069   11408    183    370  +0.2763  +0.9943  +0.3350  +0.5617
   4090    653652   158  +11.306   11447    162    321  +0.3820  +1.0000  +0.4706  +0.7701
   4091    653805   153   +5.368    8916    152    352  +0.0392  +0.3403  -0.0531  +0.4680
   4092    653966   161  +10.238   11233    178    313  +0.2932  +0.9483  +0.4786  +0.5755
   4093    654127   161  +10.368   11362    167    277  +0.3539  +0.9822  +0.4449  +0.7009
   4094    654289   162   +9.878   10908    172    413  +0.2464  +0.8631  +0.3228  +0.5884
   4095    654448   159   +9.319   10641    172    361  +0.2132  +0.7929  +0.2488  +0.5483
   4096    654610   162   +9.357   10702    196    388  +0.1370  +0.8089  +0.2150  +0.3660
   4097    654769   159  +11.243   10826    163    405  +0.2578  +0.8415  +0.1865  +0.6613
   4098    654933   164   +4.865    8986    162    289  +0.0214  +0.3587  -0.0624  +0.3908
   4099    655095   162  +11.432   10938    152    313  +0.3430  +0.8708  +0.2878  +0.7962
   4100    655255   160  +10.122   10882    155    350  +0.3232  +0.8562  +0.3367  +0.7577

  ── rolling mean (last 100 ep) ──  cum_R=+9.205  yield=10605 kg/ha  N=167  W=344 mm  R_seas=+0.2291  R_ane=+0.5882

   4101    655412   157  +10.251   10837    149    288  +0.3633  +0.8443  +0.4266  +0.8193
   4102    655566   154   +8.754   10532    160    320  +0.2539  +0.7642  +0.2741  +0.6461
   4103    655722   156   +9.108   10338    165    363  +0.1987  +0.7133  +0.2332  +0.5662
   4104    655884   162   +8.649   10221    165    314  +0.1856  +0.6826  +0.1933  +0.5446
   4105    656044   160  +10.787   11554    179    323  +0.3166  +1.0000  +0.4559  +0.6111
   4106    656209   165   +7.974    9794    177    368  +0.0621  +0.5706  -0.0446  +0.3850
   4107    656365   156   +8.328   10118    155    351  +0.1966  +0.6555  +0.0894  +0.6285
   4108    656527   162   +7.081   10327    174    298  +0.1620  +0.7105  +0.1092  +0.4829
   4109    656686   159   +6.396    9462    186    352  +0.0042  +0.4833  +0.0190  +0.2729
   4110    656845   159  +10.186   11096    160    298  +0.3374  +0.9123  +0.3321  +0.7393
   4111    657001   156   +7.528    9853    178    414  +0.0670  +0.5860  +0.0259  +0.3876
   4112    657160   159   +8.046   10482    172    323  +0.1799  +0.7512  +0.0457  +0.5274
   4113    657324   164   +3.633    8729    174    319  -0.0692  +0.2910  -0.1995  +0.2522
   4114    657481   157   +8.856    9488    158    464  +0.0652  +0.4904  -0.1214  +0.4986
   4115    657636   155   +8.899   10912    172    309  +0.2672  +0.8639  +0.3906  +0.5839
   4116    657796   160  +10.554   10841    172    341  +0.2375  +0.8453  +0.2220  +0.5753
   4117    657951   155   +6.775    9721    162    293  +0.1349  +0.5516  +0.1705  +0.4972
   4118    658115   164   +8.214   10548    163    256  +0.2604  +0.7685  +0.3577  +0.6148
   4119    658277   162   +8.535   10009    181    432  +0.0649  +0.6270  -0.0387  +0.3798
   4120    658439   162   +5.416    9349    168    310  +0.0451  +0.4537  -0.0468  +0.3948
   4121    658597   158  +11.236   11604    174    370  +0.3281  +1.0000  +0.4211  +0.6660
   4122    658764   167   +9.189   10636    164    334  +0.2576  +0.7915  +0.3515  +0.6241
   4123    658930   166   +7.928   10340    179    342  +0.1344  +0.7139  +0.0370  +0.4463
   4124    659096   166   +9.597   10337    155    412  +0.2223  +0.7132  +0.1522  +0.6639
   4125    659253   157   +6.227    9219    158    353  +0.0435  +0.4196  -0.1592  +0.4561
   4126    659412   159   +7.584    9411    168    380  +0.0470  +0.4700  +0.0167  +0.3994
   4127    659576   164   +4.956    9087    173    294  -0.0058  +0.3851  -0.0825  +0.3131
   4128    659740   164   +7.578   10134    163    297  +0.1794  +0.6597  +0.1289  +0.5527
   4129    659896   156  +11.019   11227    168    326  +0.3311  +0.9468  +0.4897  +0.6732
   4130    660054   158  +11.174   11972    169    390  +0.3685  +1.0000  +0.4190  +0.7750
   4131    660219   165   +8.836   10954    180    340  +0.2294  +0.8752  +0.2666  +0.5248
   4132    660385   166  +12.217   11751    164    387  +0.3754  +1.0000  +0.4291  +0.7889
   4133    660545   160   +8.955   10392    169    370  +0.1780  +0.7277  +0.1121  +0.5386
   4134    660709   164  +11.268   11535    174    312  +0.3237  +1.0000  +0.3433  +0.6528
   4135    660868   159   +7.746    9143    163    403  +0.0235  +0.3997  -0.0306  +0.4053
   4136    661025   157  +10.402   11443    161    316  +0.3838  +1.0000  +0.4615  +0.7753
   4137    661187   162  +10.897   11953    190    368  +0.2963  +1.0000  +0.4570  +0.5770
   4138    661344   157  +11.971   10510    146    382  +0.3183  +0.7586  +0.3940  +0.8038
   4139    661506   162   +7.619   10510    174    270  +0.1918  +0.7584  +0.1211  +0.5141
   4140    661671   165   +9.739   10577    170    309  +0.2310  +0.7761  +0.3814  +0.5505
   4141    661831   160   +7.417   10181    184    364  +0.1037  +0.6721  +0.1223  +0.3828
   4142    661987   156   +9.358   11021    172    312  +0.2797  +0.8927  +0.3808  +0.6003
   4143    662150   163   +3.262    8397    185    309  -0.1372  +0.2040  -0.2078  +0.1349
   4144    662312   162   +9.440   11609    185    252  +0.3058  +1.0000  +0.4186  +0.5669
   4145    662472   160  +11.906   11496    159    336  +0.3948  +1.0000  +0.4559  +0.8114
   4146    662635   163   +7.436   10626    178    301  +0.1957  +0.7890  +0.1992  +0.4967
   4147    662795   160  +10.173   10913    172    382  +0.2509  +0.8642  +0.3085  +0.5909
   4148    662956   161  +12.909   11732    179    422  +0.3050  +1.0000  +0.3915  +0.6354
   4149    663116   160   +4.516    8506    168    373  -0.0865  +0.2327  -0.1943  +0.2642
   4150    663269   153   +8.013    9820    165    338  +0.1061  +0.5775  -0.0817  +0.4890
   4151    663430   161  +10.749   11672    181    356  +0.3062  +1.0000  +0.4135  +0.6082
   4152    663591   161   +8.116    9332    154    358  +0.0789  +0.4493  -0.0960  +0.5122
   4153    663760   169   +7.342    9945    174    272  +0.1196  +0.6102  +0.1032  +0.4312
   4154    663915   155  +11.411   11510    173    358  +0.3203  +1.0000  +0.3490  +0.6601
   4155    664070   155   +9.365   10745    166    296  +0.2630  +0.8202  +0.2907  +0.6204
   4156    664228   158   +6.578    9755    167    348  +0.1029  +0.5604  +0.0485  +0.4630
   4157    664388   160  +11.448   11358    160    321  +0.3714  +0.9811  +0.3789  +0.7784
   4158    664543   155  +10.835   11226    169    302  +0.3201  +0.9464  +0.3891  +0.6622
   4159    664694   151   +7.508    9826    159    354  +0.1468  +0.5789  +0.1186  +0.5457
   4160    664856   162   +7.713   10165    169    360  +0.1528  +0.6679  +0.1175  +0.5075
   4161    665022   166   +7.986    9840    172    335  +0.1022  +0.5827  +0.0909  +0.4318
   4162    665176   154   +8.555   10601    162    297  +0.2586  +0.7824  +0.2887  +0.6341
   4163    665333   157   +7.938   10124    176    330  +0.1280  +0.6573  +0.1178  +0.4411
   4164    665489   156  +10.882   11202    176    406  +0.2713  +0.9402  +0.3566  +0.5911
   4165    665659   170   +9.466   10806    179    278  +0.2273  +0.8363  +0.3123  +0.5093
   4166    665822   163   +9.220   10949    169    287  +0.2809  +0.8738  +0.3337  +0.6180
   4167    665982   160   +8.863   10162    165    394  +0.1459  +0.6672  -0.0113  +0.5357
   4168    666139   157  +10.279   10614    151    322  +0.3166  +0.7859  +0.4077  +0.7565
   4169    666298   159   +9.740   11240    167    266  +0.3358  +0.9502  +0.3994  +0.6832
   4170    666466   168  +10.393   11343    170    322  +0.3312  +0.9771  +0.4468  +0.6638
   4171    666629   163   +8.786   10656    181    324  +0.1809  +0.7969  +0.1759  +0.4694
   4172    666788   159  +10.249   11226    166    347  +0.3298  +0.9464  +0.4576  +0.6862
   4173    666947   159  +12.051   11230    169    386  +0.2983  +0.9474  +0.3030  +0.6602
   4174    667111   164   +9.312   10983    164    293  +0.3026  +0.8826  +0.3023  +0.6766
   4175    667275   164   +7.601   10542    193    319  +0.1238  +0.7670  +0.0918  +0.3643
   4176    667432   157  +11.227   11150    164    343  +0.3249  +0.9265  +0.4173  +0.6951
   4177    667588   156  +12.981   11816    158    318  +0.4208  +1.0000  +0.4504  +0.8712
   4178    667749   161   +7.441   10863    184    370  +0.1952  +0.8513  +0.2303  +0.4747
   4179    667913   164  +10.198   10176    172    420  +0.1224  +0.6709  -0.0070  +0.4835
   4180    668066   153  +12.542   11519    158    398  +0.3836  +1.0000  +0.3942  +0.8220
   4181    668232   166  +11.054   11560    172    387  +0.3244  +1.0000  +0.3725  +0.6755
   4182    668390   158  +12.911   10817    159    419  +0.2880  +0.8392  +0.3406  +0.7048
   4183    668551   161  +11.896   11689    182    432  +0.2842  +1.0000  +0.3103  +0.6073
   4184    668711   160   +8.028   10266    168    326  +0.1734  +0.6945  +0.1103  +0.5317
   4185    668866   155   +7.145   10062    167    347  +0.1538  +0.6409  +0.1729  +0.5083
   4186    669030   164   +9.701   10994    179    330  +0.2352  +0.8857  +0.2475  +0.5337
   4187    669191   161   +9.003   10145    168    329  +0.1656  +0.6627  +0.1955  +0.5116
   4188    669352   161   +4.507    8913    160    286  +0.0189  +0.3393  -0.0620  +0.3954
   4189    669511   159   +6.097    9802    178    268  +0.0871  +0.5727  +0.0925  +0.3746
   4190    669667   156  +10.462   11390    161    286  +0.3807  +0.9894  +0.4442  +0.7673
   4191    669721    54   -7.270       0      6     73  -0.7709  -1.0000  -1.0000  -1.0000
   4192    669885   164   +9.646   10473    177    327  +0.1731  +0.7488  +0.1736  +0.4814
   4193    670039   154   +7.949   10851    174    273  +0.2453  +0.8481  +0.2732  +0.5547
   4194    670194   155   +8.442   10298    170    330  +0.1802  +0.7030  +0.2285  +0.5153
   4195    670356   162  +11.027   11091    167    342  +0.3025  +0.9110  +0.3665  +0.6608
   4196    670513   157  +10.021   11051    158    325  +0.3456  +0.9004  +0.4655  +0.7442
   4197    670671   158  +10.844   11817    169    418  +0.3538  +1.0000  +0.4234  +0.7477
   4198    670834   163   +7.452   10192    177    284  +0.1337  +0.6750  +0.0541  +0.4430
   4199    670995   161   +8.423   10725    170    330  +0.2353  +0.8149  +0.2509  +0.5772
   4200    671160   165   +8.900   11305    183    296  +0.2813  +0.9672  +0.4180  +0.5428

  ── rolling mean (last 100 ep) ──  cum_R=+8.876  yield=10473 kg/ha  N=168  W=336 mm  R_seas=+0.2036  R_ane=+0.5482

   4201    671325   165   +9.027   10210    167    342  +0.1740  +0.6797  +0.1820  +0.5305
   4202    671487   162   +8.561   10497    172    304  +0.2032  +0.7552  +0.2377  +0.5282
   4203    671650   163   +8.539   10070    176    364  +0.1213  +0.6430  +0.1645  +0.4343
   4204    671806   156  +10.829   11299    153    291  +0.4063  +0.9656  +0.4484  +0.8467
   4205    671965   159  +12.228   11491    157    375  +0.3856  +1.0000  +0.3599  +0.8273
   4206    672125   160   +7.220   10092    170    291  +0.1669  +0.6489  +0.3017  +0.4828
   4207    672284   159  +10.913   11923    161    311  +0.4139  +1.0000  +0.4345  +0.8552
   4208    672441   157   +9.504   10686    161    313  +0.2602  +0.8047  +0.1625  +0.6618
   4209    672603   162  +11.263   11265    169    315  +0.3218  +0.9566  +0.4009  +0.6621
   4210    672760   157   +9.019   10903    175    300  +0.2502  +0.8617  +0.3324  +0.5538
   4211    672919   159  +10.522   11434    176    327  +0.3196  +1.0000  +0.4381  +0.6245
   4212    673076   157   +6.939    9961    172    311  +0.1229  +0.6145  +0.1024  +0.4517
   4213    673231   155   +4.917    9010    172    413  -0.0489  +0.3649  -0.2559  +0.3062
   4214    673390   159  +12.301   11610    180    395  +0.3076  +1.0000  +0.4529  +0.6165
   4215    673555   165  +11.689   11795    182    370  +0.3178  +1.0000  +0.4979  +0.6212
   4216    673714   159   +8.398   10554    170    315  +0.2103  +0.7702  +0.1865  +0.5534
   4217    673871   157  +10.851   11362    177    351  +0.2969  +0.9822  +0.3728  +0.6043
   4218    674033   162   +5.661    9376    181    369  -0.0074  +0.4610  -0.1071  +0.2958
   4219    674203   170   +5.652    9369    172    256  +0.0481  +0.4590  +0.0043  +0.3659
   4220    674363   160  +11.629   11078    162    303  +0.3390  +0.9076  +0.4643  +0.7153
   4221    674522   159   +9.920   10666    165    339  +0.2537  +0.7994  +0.3501  +0.6120
   4222    674684   162   +7.165   10266    169    331  +0.1711  +0.6946  +0.1595  +0.5156
   4223    674843   159  +11.196   10632    140    339  +0.3757  +0.7905  +0.4399  +0.8998
   4224    674999   156   +6.923    9646    174    264  +0.0987  +0.5317  +0.2754  +0.3820
   4225    675158   159  +11.326   11956    186    343  +0.3160  +1.0000  +0.4861  +0.6095
   4226    675316   158   +9.597   10882    160    313  +0.3184  +0.8562  +0.4529  +0.7026
   4227    675473   157   +9.525   10909    167    315  +0.2763  +0.8631  +0.2882  +0.6347
   4228    675629   156  +10.718   10410    171    380  +0.1859  +0.7322  +0.2466  +0.5256
   4229    675795   166   +4.845    9253    180    286  +0.0069  +0.4286  +0.0313  +0.2866
   4230    675952   157   +9.719   11711    187    291  +0.3076  +1.0000  +0.5107  +0.5630
   4231    676117   165   +6.839   10046    190    384  +0.0559  +0.6366  -0.0068  +0.3253
   4232    676275   158  +11.088   11098    167    380  +0.2997  +0.9129  +0.3931  +0.6604
   4233    676433   158   +5.136    8864    194    355  -0.1099  +0.3265  -0.2005  +0.1418
   4234    676589   156   +9.148   10412    180    392  +0.1449  +0.7328  +0.1649  +0.4474
   4235    676751   162   +9.662   11102    174    278  +0.2796  +0.9140  +0.2997  +0.5946
   4236    676910   159   +9.079   10917    175    297  +0.2669  +0.8653  +0.4653  +0.5590
   4237    677064   154   +9.906   10500    158    315  +0.2580  +0.7560  +0.2603  +0.6632
   4238    677223   159  +12.984   12130    186    446  +0.3098  +1.0000  +0.4905  +0.6314
   4239    677377   154   +9.169   10774    175    349  +0.2146  +0.8278  +0.1871  +0.5407
   4240    677541   164  +10.498   10949    176    406  +0.2258  +0.8737  +0.2137  +0.5545
   4241    677709   168   +8.050   10645    183    301  +0.1817  +0.7940  +0.2055  +0.4572
   4242    677869   160  +10.629   11600    173    336  +0.3422  +1.0000  +0.4621  +0.6787
   4243    678030   161  +10.700   11038    178    353  +0.2516  +0.8970  +0.3399  +0.5532
   4244    678189   159   +8.365   10733    167    316  +0.2633  +0.8170  +0.3981  +0.6042
   4245    678349   160   +6.965    9946    173    304  +0.1276  +0.6104  +0.2028  +0.4385
   4246    678510   161   +7.786    9884    182    412  +0.0571  +0.5942  +0.0133  +0.3601
   4247    678664   154   +8.212   10548    161    313  +0.2585  +0.7685  +0.3352  +0.6368
   4248    678822   158  +10.099   11370    172    333  +0.3211  +0.9843  +0.3781  +0.6553
   4249    678975   153  +10.470   11312    181    383  +0.2810  +0.9690  +0.4751  +0.5592
   4250    679135   160   +7.831   10187    172    299  +0.1556  +0.6737  +0.1371  +0.4833
   4251    679295   160   +9.032   10846    183    381  +0.1891  +0.8467  +0.1809  +0.4785
   4252    679450   155   +9.860   11207    169    350  +0.3016  +0.9415  +0.3089  +0.6568
   4253    679612   162   +9.457   11174    176    336  +0.2775  +0.9329  +0.3455  +0.5877
   4254    679767   155  +10.085   10710    166    377  +0.2537  +0.8112  +0.3730  +0.6128
   4255    679924   157   +9.471   11354    176    285  +0.3137  +0.9800  +0.4309  +0.6085
   4256    680084   160   +4.222    8412    170    328  -0.1016  +0.2079  -0.2349  +0.2354
   4257    680242   158   +5.600    9404    185    362  -0.0171  +0.4682  -0.1382  +0.2722
   4258    680398   156   +9.421   11252    170    326  +0.3148  +0.9532  +0.4057  +0.6498
   4259    680553   155   +9.807   11454    171    329  +0.3393  +1.0000  +0.4514  +0.6713
   4260    680709   156  +10.200   11096    162    339  +0.3280  +0.9124  +0.3849  +0.7182
   4261    680870   161  +10.305   11270    174    350  +0.2990  +0.9579  +0.4080  +0.6154
   4262    681032   162   +7.375   10394    190    281  +0.1329  +0.7281  +0.2194  +0.3653
   4263    681192   160   +5.931    9117    172    309  -0.0044  +0.3929  -0.0969  +0.3210
   4264    681348   156   +9.834   10982    162    341  +0.3100  +0.8824  +0.3680  +0.6970
   4265    681508   160   +8.589   11106    172    268  +0.2966  +0.9151  +0.3678  +0.6154
   4266    681663   155  +10.800   11183    155    275  +0.3827  +0.9351  +0.4169  +0.8087
   4267    681826   163   +5.310    9568    187    327  +0.0085  +0.5114  -0.0792  +0.2818
   4268    681982   156   +6.972    9974    171    367  +0.1045  +0.6177  -0.0205  +0.4554
   4269    682139   157  +10.120   11582    170    369  +0.3369  +1.0000  +0.3733  +0.6997
   4270    682301   162  +10.401   11834    176    322  +0.3500  +1.0000  +0.4938  +0.6847
   4271    682465   164   +7.917   10846    196    370  +0.1481  +0.8468  +0.1255  +0.3859
   4272    682629   164   +6.817    9787    170    269  +0.1083  +0.5689  +0.0517  +0.4407
   4273    682790   161   +7.948   10700    198    316  +0.1316  +0.8084  +0.1285  +0.3473
   4274    682948   158   +9.927   10973    167    282  +0.3057  +0.8801  +0.4565  +0.6435
   4275    683108   160   +8.971   10736    161    366  +0.2641  +0.8177  +0.2138  +0.6706
   4276    683267   159  +12.518   11451    160    437  +0.3678  +1.0000  +0.4499  +0.7833
   4277    683429   162   +9.164   10762    186    391  +0.1727  +0.8247  +0.2214  +0.4448
   4278    683589   160  +10.898   11427    176    354  +0.3039  +0.9991  +0.3379  +0.6210
   4279    683748   159   +7.692   10148    181    352  +0.1001  +0.6636  +0.0210  +0.3997
   4280    683908   160   +9.773   11098    166    325  +0.3087  +0.9129  +0.3424  +0.6748
   4281    684065   157   +7.587   10814    193    303  +0.1671  +0.8384  +0.1787  +0.4003
   4282    684225   160   +9.582   11239    182    337  +0.2660  +0.9498  +0.3500  +0.5479
   4283    684382   157   +7.520    9733    181    356  +0.0401  +0.5546  -0.0732  +0.3428
   4284    684545   163   +5.757    9674    170    356  +0.0726  +0.5391  -0.0148  +0.4195
   4285    684707   162   +6.828   10390    186    335  +0.1115  +0.7271  -0.0326  +0.3957
   4286    684865   158  +11.481   12011    179    399  +0.3306  +1.0000  +0.4515  +0.6759
   4287    685029   164   +7.177    9602    175    389  +0.0369  +0.5201  -0.0834  +0.3714
   4288    685184   155   +8.827   10515    154    317  +0.2881  +0.7599  +0.4000  +0.7019
   4289    685338   154  +10.242   10835    167    376  +0.2646  +0.8439  +0.3543  +0.6239
   4290    685499   161   +9.138   11176    170    228  +0.3222  +0.9332  +0.4032  +0.6446
   4291    685654   155   +7.970   10496    171    381  +0.1926  +0.7548  +0.2077  +0.5383
   4292    685815   161   +8.274   10365    177    391  +0.1394  +0.7204  +0.0801  +0.4622
   4293    685976   161  +11.082   11199    163    388  +0.3304  +0.9393  +0.4307  +0.7141
   4294    686133   157   +9.234   11090    171    281  +0.3070  +0.9107  +0.4656  +0.6250
   4295    686298   165   +4.085    9378    185    291  -0.0088  +0.4614  -0.1260  +0.2677
   4296    686456   158   +9.617   11097    173    354  +0.2641  +0.9126  +0.2189  +0.6054
   4297    686623   167   +7.849   10864    187    299  +0.2112  +0.8515  +0.3585  +0.4558
   4298    686782   159  +10.151   10645    154    324  +0.3030  +0.7939  +0.3784  +0.7257
   4299    686949   167  +10.762   10973    178    414  +0.2132  +0.8800  +0.1511  +0.5379
   4300    687105   156   +9.343   10952    189    423  +0.1720  +0.8746  +0.1314  +0.4467

  ── rolling mean (last 100 ep) ──  cum_R=+8.961  yield=10693 kg/ha  N=173  W=338 mm  R_seas=+0.2176  R_ane=+0.5476

   4301    687269   164   +8.958   10567    166    289  +0.2402  +0.7735  +0.2858  +0.5916
   4302    687431   162   +7.253    9995    186    437  +0.0647  +0.6234  +0.1263  +0.3418
   4303    687595   164   +7.716   10359    181    299  +0.1521  +0.7188  +0.2098  +0.4282
   4304    687755   160  +12.509   11623    192    509  +0.2246  +1.0000  +0.1831  +0.5158
   4305    687917   162  +11.529   11330    163    379  +0.3277  +0.9737  +0.2277  +0.7334
   4306    688075   158   +7.809   10857    180    329  +0.2064  +0.8497  +0.1573  +0.5065
   4307    688240   165  +12.994   12095    184    390  +0.3271  +1.0000  +0.5267  +0.6449
   4308    688401   161   +8.147   10492    185    393  +0.1205  +0.7539  -0.0148  +0.4185
   4309    688567   166   +8.054   10260    169    317  +0.1601  +0.6930  +0.0254  +0.5172
   4310    688727   160   +8.740   10428    163    358  +0.2150  +0.7371  +0.1916  +0.6005
   4311    688886   159   +7.140   10027    171    325  +0.1267  +0.6319  +0.0632  +0.4653
   4312    689052   166   +9.164   10812    172    326  +0.2559  +0.8378  +0.4144  +0.5720
   4313    689212   160   +7.912   10381    173    260  +0.2019  +0.7248  +0.3390  +0.5019
   4314    689376   164   +9.569   10452    164    332  +0.2165  +0.7433  +0.1919  +0.5906
   4315    689538   162   +5.968    9863    176    268  +0.1014  +0.5888  +0.0822  +0.4029
   4316    689698   160  +11.802   11399    159    368  +0.3689  +0.9919  +0.3427  +0.7921
   4317    689864   166   +7.599   10364    178    313  +0.1483  +0.7201  +0.0671  +0.4587
   4318    690019   155   +3.560    8462    162    278  -0.0523  +0.2210  -0.1437  +0.3086
   4319    690182   163   +7.329   10533    193    302  +0.1145  +0.7645  -0.0227  +0.3648
   4320    690339   157   +9.156   10838    166    263  +0.3000  +0.8446  +0.5233  +0.6274
   4321    690495   156   +5.887    9430    156    268  +0.1022  +0.4751  -0.0489  +0.5086
   4322    690655   160   +8.112   10275    172    349  +0.1528  +0.6969  +0.0977  +0.4903
   4323    690810   155  +12.469   12073    172    422  +0.3515  +1.0000  +0.4001  +0.7497
   4324    690965   155  +10.658   11098    161    323  +0.3387  +0.9129  +0.4523  +0.7217
   4325    691126   161   +4.322    8809    173    330  -0.0574  +0.3120  -0.2067  +0.2745
   4326    691293   167   +5.808    9458    180    285  +0.0343  +0.4825  +0.0695  +0.3111
   4327    691449   156  +13.236   11058    163    441  +0.2966  +0.9024  +0.3199  +0.7002
   4328    691606   157   +7.501   10224    163    266  +0.2130  +0.6834  +0.3041  +0.5666
   4329    691766   160   +5.850    9793    180    308  +0.0688  +0.5703  +0.0229  +0.3629
   4330    691927   161  +11.635   11234    156    304  +0.3810  +0.9484  +0.4611  +0.7959
   4331    692090   163  +11.023   11235    184    411  +0.2428  +0.9489  +0.3062  +0.5289
   4332    692255   165   +8.629   10263    187    415  +0.0880  +0.6937  +0.0227  +0.3738
   4333    692417   162   +8.800   10899    187    397  +0.1840  +0.8606  +0.2177  +0.4541
   4334    692580   163  +12.612   11457    162    374  +0.3746  +1.0000  +0.5002  +0.7640
   4335    692739   159   +9.112   10802    163    285  +0.2968  +0.8353  +0.4195  +0.6593
   4336    692896   157   +7.758   10357    163    315  +0.2190  +0.7185  +0.2582  +0.5893
   4337    693063   167   +9.073   11301    182    290  +0.2730  +0.9662  +0.2984  +0.5502
   4338    693218   155   +9.824   10985    157    348  +0.3358  +0.8832  +0.4117  +0.7526
   4339    693374   156   +7.719   10162    161    310  +0.1963  +0.6673  +0.2013  +0.5769
   4340    693535   161  +11.411   11562    167    397  +0.3439  +1.0000  +0.3675  +0.7292
   4341    693696   161   +7.987   10154    177    320  +0.1451  +0.6650  +0.2908  +0.4318
   4342    693861   165   +8.249   10413    173    318  +0.1664  +0.7331  +0.0519  +0.5014
   4343    694022   161   +9.673   10608    169    307  +0.2276  +0.7842  +0.2501  +0.5689
   4344    694184   162   +9.363   10718    162    256  +0.2821  +0.8133  +0.3056  +0.6540
   4345    694348   164  +11.662   11818    184    397  +0.3002  +1.0000  +0.4103  +0.6093
   4346    694506   158  +10.414   11051    168    364  +0.2812  +0.9006  +0.2920  +0.6413
   4347    694669   163   +7.673   10424    175    253  +0.1969  +0.7359  +0.2925  +0.4914
   4348    694824   155  +11.487   11719    181    354  +0.3182  +1.0000  +0.4787  +0.6209
   4349    694980   156   +8.241   10956    187    333  +0.2086  +0.8757  +0.2843  +0.4655
   4350    695139   159  +11.523   11557    170    343  +0.3535  +1.0000  +0.4894  +0.7025
   4351    695294   155   +5.316    9366    171    347  +0.0284  +0.4583  -0.0812  +0.3726
   4352    695451   157   +5.949    9470    162    310  +0.0862  +0.4854  +0.0253  +0.4594
   4353    695614   163   +7.154    9910    187    413  +0.0357  +0.6010  -0.0662  +0.3226
   4354    695775   161  +10.905   11751    176    335  +0.3369  +1.0000  +0.4318  +0.6726
   4355    695932   157  +10.640   11676    169    378  +0.3423  +1.0000  +0.3392  +0.7253
   4356    696089   157   +6.452    9252    163    348  +0.0456  +0.4282  -0.0158  +0.4184
   4357    696246   157   +8.297    9422    156    393  +0.0936  +0.4730  +0.0574  +0.5090
   4358    696406   160   +9.147   10914    161    300  +0.3140  +0.8646  +0.4029  +0.6937
   4359    696564   158   +6.669    9276    161    371  +0.0578  +0.4346  +0.0262  +0.4429
   4360    696729   165  +13.085   11754    163    374  +0.3897  +1.0000  +0.4941  +0.8034
   4361    696884   155  +11.047   11336    157    374  +0.3743  +0.9753  +0.4057  +0.8025
   4362    697039   155   +9.133   10301    159    367  +0.2128  +0.7036  +0.2021  +0.6168
   4363    697200   161  +10.293   11392    165    352  +0.3517  +0.9899  +0.4224  +0.7246
   4364    697360   160   +9.919   10726    159    298  +0.2843  +0.8152  +0.2484  +0.6884
   4365    697518   158   +6.696    9636    157    258  +0.1565  +0.5292  +0.2390  +0.5349
   4366    697681   163   +3.680    8761    166    244  -0.0253  +0.2995  -0.1761  +0.3226
   4367    697834   153   +8.397   11041    169    310  +0.2882  +0.8979  +0.3080  +0.6362
   4368    697999   165  +10.113   11040    172    312  +0.2707  +0.8975  +0.2770  +0.6010
   4369    698157   158   +7.713   10398    174    349  +0.1611  +0.7290  +0.0762  +0.4962
   4370    698315   158   +8.260   10371    171    354  +0.1713  +0.7220  +0.1181  +0.5179
   4371    698476   161   +9.408   10742    162    333  +0.2924  +0.8193  +0.4899  +0.6587
   4372    698637   161  +11.845   11078    165    378  +0.3077  +0.9077  +0.4117  +0.6783
   4373    698794   157   +9.972   11319    167    355  +0.3312  +0.9708  +0.3847  +0.6957
   4374    698960   166  +11.198   11796    183    387  +0.2992  +1.0000  +0.3837  +0.6097
   4375    699124   164   +8.610   10743    188    406  +0.1510  +0.8197  +0.0936  +0.4314
   4376    699283   159   +5.622    9274    172    367  +0.0024  +0.4342  -0.1530  +0.3483
   4377    699443   160  +10.179   10962    164    398  +0.2909  +0.8772  +0.3601  +0.6759
   4378    699599   156   +9.598   10829    171    410  +0.2195  +0.8422  +0.1252  +0.5825
   4379    699760   161   +9.325   10309    168    378  +0.1700  +0.7059  +0.1216  +0.5326
   4380    699922   162   +9.540   11116    178    313  +0.2676  +0.9175  +0.3655  +0.5589
   4381    700080   158   +9.371    9809    144    387  +0.2033  +0.5744  +0.1246  +0.7006
   4382    700244   164   +7.837    9834    172    355  +0.0892  +0.5812  +0.0033  +0.4298
   4383    700402   158  +10.963   11316    170    394  +0.3111  +0.9701  +0.3528  +0.6686
   4384    700559   157   +9.393   10283    163    375  +0.1847  +0.6988  +0.1096  +0.5757
   4385    700721   162   +8.371    9590    196    446  -0.0287  +0.5171  -0.0514  +0.2228
   4386    700880   159   +7.926   10509    168    330  +0.2138  +0.7582  +0.2227  +0.5662
   4387    701043   163   +6.599    9326    173    397  +0.0085  +0.4476  -0.0917  +0.3508
   4388    701204   161   +3.373    8707    191    293  -0.1123  +0.2853  -0.2137  +0.1418
   4389    701364   160  +10.325   11692    182    334  +0.3055  +1.0000  +0.3997  +0.6016
   4390    701525   161  +10.353   10982    160    356  +0.3149  +0.8824  +0.3669  +0.7149
   4391    701684   159  +11.218   11587    174    390  +0.3247  +1.0000  +0.4337  +0.6621
   4392    701842   158   +7.718   10278    157    302  +0.2263  +0.6976  +0.1887  +0.6332
   4393    701996   154   +8.179   10343    168    393  +0.1916  +0.7147  +0.3089  +0.5400
   4394    702154   158   +5.095    9321    162    311  +0.0480  +0.4464  -0.1695  +0.4374
   4395    702307   153   +9.459   10618    163    398  +0.2353  +0.7869  +0.2131  +0.6301
   4396    702467   160  +10.045   11441    178    318  +0.3092  +1.0000  +0.4073  +0.6029
   4397    702624   157   +7.415   10082    177    383  +0.1128  +0.6462  +0.1373  +0.4250
   4398    702783   159  +10.571   11820    187    370  +0.2840  +1.0000  +0.3374  +0.5770
   4399    702950   167   +9.648   11233    176    303  +0.2846  +0.9482  +0.3153  +0.5913
   4400    703108   158  +11.813   12088    169    359  +0.3825  +1.0000  +0.4520  +0.7903

  ── rolling mean (last 100 ep) ──  cum_R=+8.905  yield=10598 kg/ha  N=171  W=345 mm  R_seas=+0.2093  R_ane=+0.5552

   4401    703269   161   +9.804   11676    180    350  +0.3089  +1.0000  +0.3867  +0.6192
   4402    703430   161   +9.358   10456    175    368  +0.1775  +0.7443  +0.2544  +0.4905
   4403    703587   157  +11.269   11525    190    392  +0.2567  +1.0000  +0.3235  +0.5205
   4404    703748   161  +12.319   11286    164    358  +0.3408  +0.9623  +0.4014  +0.7221
   4405    703915   167  +10.083   11551    181    339  +0.3059  +1.0000  +0.4398  +0.5943
   4406    704073   158   +9.514   10982    168    336  +0.2755  +0.8824  +0.2764  +0.6314
   4407    704231   158   +9.079   10975    180    267  +0.2558  +0.8807  +0.3946  +0.5280
   4408    704390   159  +11.021   11298    159    368  +0.3697  +0.9653  +0.5006  +0.7714
   4409    704556   166   +6.175   10151    184    301  +0.1048  +0.6642  +0.0631  +0.3815
   4410    704714   158  +12.728   11919    158    356  +0.4219  +1.0000  +0.4636  +0.8851
   4411    704870   156   +7.068   10077    168    331  +0.1471  +0.6449  +0.0933  +0.5030
   4412    705032   162   +6.718   10077    170    296  +0.1364  +0.6450  +0.0279  +0.4794
   4413    705198   166   +8.085   10248    184    310  +0.1237  +0.6897  +0.1578  +0.3924
   4414    705359   161  +12.332   11765    172    338  +0.3512  +1.0000  +0.4441  +0.7062
   4415    705513   154   +9.154   10580    155    286  +0.3021  +0.7768  +0.4209  +0.7094
   4416    705670   157  +11.333   10970    172    468  +0.2289  +0.8793  +0.1727  +0.5925
   4417    705828   158   +7.107    9774    170    330  +0.0970  +0.5653  +0.0655  +0.4343
   4418    705987   159   +8.079   10468    165    247  +0.2449  +0.7474  +0.3731  +0.5821
   4419    706146   159   +9.688   11261    178    294  +0.3019  +0.9556  +0.4920  +0.5822
   4420    706304   158   +7.356   10001    159    327  +0.1697  +0.6249  +0.0864  +0.5721
   4421    706454   150  +10.353   11371    161    315  +0.3737  +0.9846  +0.4427  +0.7638
   4422    706615   161   +6.946   10450    175    284  +0.1802  +0.7428  +0.1409  +0.4948
   4423    706777   162   +8.290   10624    182    356  +0.1637  +0.7885  +0.1086  +0.4605
   4424    706932   155   +5.526    9610    169    325  +0.0770  +0.5224  +0.0017  +0.4248
   4425    707093   161   +9.897   10983    167    314  +0.2863  +0.8826  +0.3111  +0.6414
   4426    707258   165   +9.636   11614    180    353  +0.3088  +1.0000  +0.4267  +0.6104
   4427    707417   159   +9.690   11618    174    324  +0.3415  +1.0000  +0.4733  +0.6695
   4428    707577   160  +11.618   11737    177    346  +0.3366  +1.0000  +0.4983  +0.6591
   4429    707739   162   +9.853   11056    180    371  +0.2271  +0.9019  +0.1952  +0.5319
   4430    707899   160   +9.876   10796    172    446  +0.2232  +0.8335  +0.2912  +0.5689
   4431    708061   162  +11.065   12198    178    374  +0.3512  +1.0000  +0.4820  +0.7101
   4432    708222   161  +10.180   11070    169    312  +0.3009  +0.9054  +0.4028  +0.6403
   4433    708379   157   +7.372    9974    184    323  +0.0887  +0.6179  +0.1446  +0.3581
   4434    708537   158   +9.881   10569    178    449  +0.1666  +0.7741  +0.2113  +0.4857
   4435    708697   160   +8.999   10524    179    386  +0.1734  +0.7621  +0.2877  +0.4674
   4436    708857   160  +11.099   10845    156    283  +0.3299  +0.8464  +0.4299  +0.7320
   4437    709014   157  +11.706   11670    170    408  +0.3418  +1.0000  +0.4115  +0.7173
   4438    709179   165   +9.290   10570    169    293  +0.2291  +0.7743  +0.2852  +0.5650
   4439    709340   161  +12.507   11722    182    444  +0.2921  +1.0000  +0.3774  +0.6150
   4440    709501   161   +9.761   11447    181    324  +0.2983  +1.0000  +0.4037  +0.5789
   4441    709667   166  +11.212   11815    179    358  +0.3171  +1.0000  +0.3547  +0.6510
   4442    709825   158   +7.194   10802    194    381  +0.1546  +0.8351  +0.2132  +0.3914
   4443    709984   159   +8.757   10690    178    348  +0.2041  +0.8057  +0.2866  +0.5029
   4444    710148   164  +12.356   12132    191    372  +0.3031  +1.0000  +0.4903  +0.5870
   4445    710304   156  +10.569   11527    181    343  +0.3053  +1.0000  +0.4373  +0.5951
   4446    710463   159  +10.605   11686    182    324  +0.3207  +1.0000  +0.5195  +0.6058
   4447    710629   166   +9.485   10359    188    417  +0.1013  +0.7190  +0.0734  +0.3795
   4448    710779   150  +10.269   11135    152    278  +0.3903  +0.9226  +0.4285  +0.8339
   4449    710937   158   +9.882   10989    170    286  +0.2873  +0.8843  +0.3648  +0.6193
   4450    711096   159   +9.516   10564    177    382  +0.1666  +0.7727  +0.0761  +0.4952
   4451    711251   155   +7.816   10136    173    364  +0.1381  +0.6602  +0.1556  +0.4677
   4452    711411   160  +10.241   12152    178    332  +0.3568  +1.0000  +0.4750  +0.7102
   4453    711573   162   +9.609   11593    182    345  +0.2998  +1.0000  +0.4082  +0.5894
   4454    711731   158  +10.071   11344    178    254  +0.3175  +0.9775  +0.4713  +0.5977
   4455    711894   163   +5.194    9193    165    278  +0.0420  +0.4129  -0.0107  +0.3913
   4456    712056   162   +9.196   11454    183    335  +0.2942  +1.0000  +0.4297  +0.5661
   4457    712214   158  +10.707   10954    174    403  +0.2358  +0.8750  +0.2266  +0.5744
   4458    712378   164   +6.743    9880    177    333  +0.0792  +0.5931  -0.0159  +0.3940
   4459    712543   165  +10.065   11688    186    341  +0.2944  +1.0000  +0.4217  +0.5710
   4460    712697   154   +8.944    9987    180    430  +0.0866  +0.6213  +0.1548  +0.3883
   4461    712853   156   +5.733    9262    162    293  +0.0542  +0.4310  -0.0744  +0.4321
   4462    713014   161  +13.225   11520    174    462  +0.2924  +1.0000  +0.2554  +0.6531
   4463    713177   163   +9.825   11824    182    329  +0.3215  +1.0000  +0.4525  +0.6266
   4464    713339   162   +9.166   10816    194    374  +0.1517  +0.8389  +0.1568  +0.3936
   4465    713490   151  +10.116   11438    169    351  +0.3413  +1.0000  +0.4218  +0.6921
   4466    713653   163   +9.252   11018    182    356  +0.2253  +0.8917  +0.2691  +0.5095
   4467    713814   161   +8.887   11249    193    313  +0.2366  +0.9524  +0.3702  +0.4586
   4468    713975   161   +5.206    9158    176    384  -0.0230  +0.4037  -0.1199  +0.3018
   4469    714136   161  +11.656   11988    183    348  +0.3244  +1.0000  +0.4528  +0.6406
   4470    714295   159   +5.816    9284    169    375  +0.0162  +0.4368  -0.1125  +0.3738
   4471    714455   160   +7.783   10469    186    379  +0.1361  +0.7478  +0.1728  +0.4093
   4472    714615   160   +9.877   11009    171    326  +0.2649  +0.8895  +0.2176  +0.6118
   4473    714770   155   +8.985   10908    179    350  +0.2273  +0.8629  +0.3031  +0.5217
   4474    714927   157  +10.458   11368    174    362  +0.3096  +0.9837  +0.4043  +0.6316
   4475    715084   157  +10.035   11779    179    307  +0.3345  +1.0000  +0.4914  +0.6411
   4476    715248   164  +11.444   12062    176    315  +0.3567  +1.0000  +0.4170  +0.7180
   4477    715403   155  +10.993   10896    170    406  +0.2411  +0.8598  +0.2034  +0.6045
   4478    715568   165   +6.604    9967    188    360  +0.0577  +0.6160  +0.0269  +0.3250
   4479    715735   167   +9.373   11323    180    312  +0.2759  +0.9720  +0.2696  +0.5693
   4480    715887   152  +11.789   12381    175    363  +0.3790  +1.0000  +0.4939  +0.7725
   4481    716052   165  +10.540   11007    182    382  +0.2260  +0.8890  +0.3064  +0.5135
   4482    716212   160   +7.735   10091    182    338  +0.0916  +0.6485  -0.0077  +0.3899
   4483    716370   158   +7.355   10799    185    274  +0.2025  +0.8344  +0.2772  +0.4559
   4484    716525   155   +9.575   11464    179    360  +0.3132  +1.0000  +0.5099  +0.6032
   4485    716682   157   +8.301   10336    177    404  +0.1311  +0.7129  +0.0595  +0.4563
   4486    716841   159  +10.301   11060    180    370  +0.2469  +0.9030  +0.3562  +0.5399
   4487    716996   155   +7.430   10328    171    247  +0.1913  +0.7106  +0.2098  +0.5118
   4488    717159   163  +10.521   11624    174    338  +0.3297  +1.0000  +0.3547  +0.6746
   4489    717324   165  +11.372   11957    178    319  +0.3382  +1.0000  +0.4109  +0.6748
   4490    717488   164   +7.873   10124    191    349  +0.0766  +0.6571  +0.0942  +0.3255
   4491    717648   160   +9.061   11364    193    350  +0.2430  +0.9827  +0.3540  +0.4735
   4492    717813   165   +5.778    9283    186    336  -0.0330  +0.4365  -0.1454  +0.2445
   4493    717975   162  +12.587   12126    184    466  +0.2994  +1.0000  +0.3603  +0.6458
   4494    718141   166   +3.812    8890    187    322  -0.0867  +0.3333  -0.2312  +0.1909
   4495    718301   160   +8.559   10744    182    353  +0.1880  +0.8200  +0.2177  +0.4730
   4496    718459   158  +10.128   11612    191    400  +0.2556  +1.0000  +0.3407  +0.5165
   4497    718615   156  +11.099   11632    177    418  +0.3145  +1.0000  +0.4451  +0.6444
   4498    718780   165   +8.932   11632    187    305  +0.2903  +1.0000  +0.3895  +0.5554
   4499    718943   163   +7.100   10249    173    290  +0.1648  +0.6901  +0.1833  +0.4812
   4500    719099   156  +13.029   12593    175    368  +0.3926  +1.0000  +0.5498  +0.7946

  ── rolling mean (last 100 ep) ──  cum_R=+9.376  yield=10962 kg/ha  N=177  W=347 mm  R_seas=+0.2340  R_ane=+0.5536

   4501    719258   159   +9.927   11041    179    356  +0.2513  +0.8980  +0.3878  +0.5412
   4502    719421   163   +8.251   10170    187    391  +0.0873  +0.6692  +0.1037  +0.3581
   4503    719575   154  +11.425   11205    158    359  +0.3662  +0.9410  +0.5272  +0.7678
   4504    719738   163   +8.319   11048    184    293  +0.2333  +0.8998  +0.2842  +0.4972
   4505    719892   154  +11.181   12071    179    395  +0.3346  +1.0000  +0.4459  +0.6858
   4506    720054   162   +8.201   10860    184    274  +0.2098  +0.8505  +0.2197  +0.4784
   4507    720214   160  +10.156   12088    190    388  +0.2878  +1.0000  +0.3354  +0.5937
   4508    720379   165   +9.503   11064    183    379  +0.2184  +0.9039  +0.2085  +0.5083
   4509    720540   161   +7.664   10501    182    381  +0.1437  +0.7561  +0.1040  +0.4409
   4510    720705   165   +6.520    9963    186    326  +0.0694  +0.6149  +0.0285  +0.3418
   4511    720864   159   +8.332   10457    163    296  +0.2342  +0.7446  +0.2575  +0.6044
   4512    721023   159  +10.426   11594    183    336  +0.3081  +1.0000  +0.4840  +0.5877
   4513    721186   163   +9.331   11203    190    339  +0.2239  +0.9405  +0.2656  +0.4702
   4514    721347   161   +9.281   10800    186    432  +0.1632  +0.8346  +0.1391  +0.4512
   4515    721513   166   +9.498   10925    186    300  +0.2067  +0.8674  +0.2401  +0.4644
   4516    721673   160   +7.336   10561    180    275  +0.1738  +0.7719  +0.1096  +0.4653
   4517    721832   159  +12.056   11280    188    424  +0.2382  +0.9608  +0.3484  +0.5043
   4518    721994   162  +10.409   11819    191    354  +0.2806  +1.0000  +0.3929  +0.5486
   4519    722155   161   +7.760   10752    200    337  +0.1402  +0.8221  +0.2313  +0.3428
   4520    722319   164   +8.593   10911    203    414  +0.1183  +0.8637  +0.0215  +0.3435
   4521    722474   155  +11.493   11209    193    459  +0.2038  +0.9419  +0.3031  +0.4546
   4522    722631   157  +11.201   11439    182    348  +0.2835  +1.0000  +0.3260  +0.5703
   4523    722787   156  +12.238   11990    190    365  +0.3022  +1.0000  +0.4979  +0.5802
   4524    722954   167  +10.759   11206    198    409  +0.1869  +0.9413  +0.2130  +0.4167
   4525    723112   158   +8.676   10886    196    317  +0.1716  +0.8572  +0.2347  +0.3909
   4526    723276   164   +7.908   10657    198    375  +0.1116  +0.7970  +0.0501  +0.3467
   4527    723426   150  +11.535   11506    166    411  +0.3419  +1.0000  +0.3637  +0.7304
   4528    723587   161   +8.837   11053    200    369  +0.1672  +0.9011  +0.1886  +0.3836
   4529    723747   160  +11.533   11467    174    347  +0.3195  +1.0000  +0.3767  +0.6473
   4530    723907   160  +10.977   11851    177    313  +0.3487  +1.0000  +0.5081  +0.6745
   4531    724059   152   +8.035   11098    196    346  +0.1922  +0.9130  +0.2399  +0.4173
   4532    724216   157  +10.320   11257    169    376  +0.3104  +0.9546  +0.3547  +0.6692
   4533    724379   163   +8.937   10892    173    260  +0.2629  +0.8587  +0.3431  +0.5700
   4534    724543   164   +8.597   11214    183    327  +0.2421  +0.9434  +0.1763  +0.5317
   4535    724703   160   +9.505   10470    170    347  +0.1938  +0.7481  +0.1676  +0.5425
   4536    724861   158   +8.204   10596    185    322  +0.1529  +0.7812  +0.0760  +0.4334
   4537    725025   164   +6.937   10466    187    255  +0.1484  +0.7470  +0.1539  +0.3988
   4538    725181   156   +8.312   11007    172    255  +0.2683  +0.8889  +0.1973  +0.5988
   4539    725345   164  +10.424   11897    180    295  +0.3407  +1.0000  +0.4837  +0.6540
   4540    725503   158   +8.171   11005    190    375  +0.1847  +0.8884  +0.1606  +0.4446
   4541    725667   164   +8.646   10943    201    293  +0.1732  +0.8722  +0.2864  +0.3635
   4542    725831   164   +8.863   11385    197    344  +0.2422  +0.9881  +0.4433  +0.4436
   4543    725990   159   +7.587   10467    185    290  +0.1562  +0.7473  +0.2247  +0.4136
   4544    726151   161  +10.893   11226    181    370  +0.2627  +0.9464  +0.3498  +0.5540
   4545    726307   156   +7.026    9756    174    385  +0.0595  +0.5607  -0.0788  +0.3999
   4546    726469   162  +10.301   11703    202    349  +0.2395  +1.0000  +0.3655  +0.4510
   4547    726629   160  +10.101   11010    180    388  +0.2171  +0.8898  +0.1717  +0.5266
   4548    726792   163   +8.729   10552    192    390  +0.1074  +0.7694  +0.0007  +0.3712
   4549    726955   163  +10.491   11588    180    339  +0.3122  +1.0000  +0.4463  +0.6086
   4550    727116   161   +8.686   10566    175    253  +0.2125  +0.7733  +0.2971  +0.5061
   4551    727276   160   +5.976    9861    197    338  -0.0002  +0.5882  -0.2100  +0.2488
   4552    727435   159   +5.038    9558    191    376  -0.0245  +0.5088  -0.2084  +0.2513
   4553    727595   160   +9.142   10867    166    303  +0.2737  +0.8522  +0.2841  +0.6317
   4554    727746   151   +8.582   10824    178    378  +0.2133  +0.8411  +0.2579  +0.5223
   4555    727902   156  +10.017   11438    180    328  +0.3062  +1.0000  +0.4482  +0.5888
   4556    728057   155   +4.005    8906    193    342  -0.0952  +0.3375  -0.1376  +0.1513
   4557    728217   160   +7.274    9806    192    432  +0.0037  +0.5736  -0.1161  +0.2791
   4558    728376   159  +11.341   11961    189    384  +0.3047  +1.0000  +0.5499  +0.5806
   4559    728538   162   +9.946   11095    175    344  +0.2809  +0.9121  +0.4479  +0.5867
   4560    728697   159  +11.414   11215    176    361  +0.2746  +0.9436  +0.3033  +0.5937
   4561    728852   155   +8.620    9926    192    463  +0.0134  +0.6053  -0.1148  +0.2951
   4562    729007   155   +9.756   11381    181    350  +0.2809  +0.9871  +0.3298  +0.5714
   4563    729162   155   +6.195    9242    187    392  -0.0430  +0.4257  -0.0878  +0.2327
   4564    729328   166   +5.962    9047    177    348  -0.0382  +0.3745  -0.1547  +0.2770
   4565    729484   156  +10.138   11161    190    378  +0.2164  +0.9295  +0.2785  +0.4698
   4566    729642   158   +8.249   10682    179    374  +0.1696  +0.8036  +0.0430  +0.4886
   4567    729797   155  +10.885   11789    174    336  +0.3472  +1.0000  +0.4529  +0.6932
   4568    729956   159   +8.301   10872    184    320  +0.2133  +0.8536  +0.3127  +0.4792
   4569    730114   158  +10.191   11897    181    337  +0.3251  +1.0000  +0.4446  +0.6407
   4570    730280   166  +10.154   11746    198    358  +0.2527  +1.0000  +0.3762  +0.4843
   4571    730443   163  +10.256   11187    178    278  +0.2947  +0.9363  +0.4856  +0.5722
   4572    730601   158   +8.752   11286    184    327  +0.2669  +0.9623  +0.3823  +0.5303
   4573    730764   163  +10.514   11108    202    465  +0.1480  +0.9155  +0.1536  +0.3713
   4574    730930   166   +8.562   10947    193    358  +0.1665  +0.8732  +0.0998  +0.4172
   4575    731086   156  +10.699   11793    183    362  +0.2948  +1.0000  +0.3100  +0.6078
   4576    731243   157   +8.025   10739    186    316  +0.1816  +0.8186  +0.2173  +0.4441
   4577    731397   154   +9.117   11331    184    298  +0.2796  +0.9741  +0.4101  +0.5367
   4578    731552   155  +10.109   10566    180    354  +0.1805  +0.7733  +0.2738  +0.4698
   4579    731711   159  +11.287   10969    165    394  +0.2758  +0.8791  +0.2484  +0.6633
   4580    731866   155   +7.639   10448    188    373  +0.1212  +0.7422  +0.1008  +0.3913
   4581    732023   157   +7.291   10507    193    333  +0.1254  +0.7577  +0.1572  +0.3630
   4582    732185   162  +10.211   11481    184    288  +0.3062  +1.0000  +0.4904  +0.5635
   4583    732344   159   +4.869    8979    191    366  -0.0924  +0.3567  -0.2125  +0.1739
   4584    732499   155   +8.969   10767    190    349  +0.1634  +0.8259  +0.1811  +0.4157
   4585    732656   157  +10.391   11385    172    367  +0.3204  +0.9883  +0.4345  +0.6497
   4586    732819   163  +11.966   11659    184    422  +0.2739  +1.0000  +0.2972  +0.5813
   4587    732978   159  +10.474   11204    179    326  +0.2614  +0.9407  +0.2471  +0.5634
   4588    733131   153  +11.943   11915    183    398  +0.3181  +1.0000  +0.5183  +0.6276
   4589    733295   164   +9.963   11835    195    335  +0.2722  +1.0000  +0.4144  +0.5148
   4590    733460   165   +8.392   10802    195    332  +0.1531  +0.8351  +0.1607  +0.3826
   4591    733620   160  +13.770   12863    187    466  +0.3475  +1.0000  +0.5568  +0.7169
   4592    733780   160   +8.519   10952    191    336  +0.2005  +0.8745  +0.3421  +0.4325
   4593    733942   162  +11.362   12222    185    355  +0.3302  +1.0000  +0.4831  +0.6502
   4594    734107   165   +8.740   11162    195    300  +0.2119  +0.9298  +0.2657  +0.4323
   4595    734270   163   +8.898   11234    207    330  +0.1846  +0.9486  +0.2925  +0.3568
   4596    734432   162  +10.433   11655    178    357  +0.3219  +1.0000  +0.4549  +0.6374
   4597    734591   159  +10.082   11633    191    365  +0.2614  +1.0000  +0.3222  +0.5223
   4598    734753   162   +8.547   10300    193    403  +0.0855  +0.7035  +0.1089  +0.3355
   4599    734918   165   +4.457    9343    188    261  -0.0016  +0.4522  +0.0128  +0.2456
   4600    735074   156   +9.605   11336    186    367  +0.2410  +0.9752  +0.1704  +0.5254

  ── rolling mean (last 100 ep) ──  cum_R=+9.231  yield=10996 kg/ha  N=185  W=351 mm  R_seas=+0.2077  R_ane=+0.4885

   4601    735233   159  +10.862   11025    188    405  +0.2055  +0.8938  +0.3004  +0.4694
   4602    735393   160  +10.584   10768    189    399  +0.1727  +0.8261  +0.3041  +0.4264
   4603    735553   160  +10.610   11847    193    368  +0.2742  +1.0000  +0.4181  +0.5315
   4604    735714   161   +8.597   11094    202    352  +0.1728  +0.9117  +0.2284  +0.3747
   4605    735877   163   +8.126   10953    197    292  +0.1766  +0.8748  +0.2018  +0.3915
   4606    736042   165   +8.994   10809    186    319  +0.1900  +0.8370  +0.2383  +0.4495
   4607    736199   157  +12.196   11639    171    374  +0.3541  +1.0000  +0.5507  +0.7001
   4608    736366   167   +8.279   10637    187    360  +0.1543  +0.7918  +0.1655  +0.4221
   4609    736525   159  +10.227   11278    187    336  +0.2473  +0.9601  +0.2978  +0.5074
   4610    736687   162  +10.018   11727    184    352  +0.3026  +1.0000  +0.4303  +0.5933
   4611    736843   156  +11.776   11386    177    433  +0.2854  +0.9884  +0.3576  +0.6062
   4612    737000   157   +9.541   10983    199    366  +0.1769  +0.8827  +0.3331  +0.3820
   4613    737151   151   +6.300   10142    189    387  +0.0793  +0.6618  +0.0922  +0.3441
   4614    737311   160   +9.686   10104    182    436  +0.0769  +0.6518  -0.0107  +0.3884
   4615    737473   162   +9.162   11078    194    371  +0.1759  +0.9075  +0.0828  +0.4285
   4616    737634   161   +7.890   10368    177    297  +0.1653  +0.7214  +0.1897  +0.4636
   4617    737800   166   +9.982   11618    190    376  +0.2633  +1.0000  +0.3215  +0.5312
   4618    737958   158   +8.939   10718    190    350  +0.1643  +0.8132  +0.2321  +0.4133
   4619    738121   163  +11.453   11902    183    409  +0.3136  +1.0000  +0.4813  +0.6295
   4620    738279   158   +7.072   10133    187    433  +0.0670  +0.6595  +0.0021  +0.3544
   4621    738437   158   +9.213   11170    200    318  +0.1982  +0.9318  +0.2838  +0.3988
   4622    738594   157   +8.580   10781    185    317  +0.1923  +0.8296  +0.2455  +0.4573
   4623    738751   157   +9.367   10730    191    372  +0.1520  +0.8161  +0.1658  +0.4053
   4624    738906   155   +8.067   10350    181    384  +0.1297  +0.7165  +0.1114  +0.4301
   4625    739072   166   +7.804   10120    204    341  +0.0268  +0.6562  -0.0743  +0.2409
   4626    739238   166  +10.229   10942    188    411  +0.1927  +0.8719  +0.2827  +0.4578
   4627    739401   163   +6.018    9408    194    398  -0.0539  +0.4693  -0.2150  +0.2126
   4628    739556   155   +8.713   11086    191    354  +0.2031  +0.9098  +0.2327  +0.4510
   4629    739713   157   +7.376   10133    190    338  +0.0713  +0.6595  -0.0015  +0.3305
   4630    739871   158  +10.527   12013    190    359  +0.3101  +1.0000  +0.5577  +0.5829
   4631    740029   158   +8.219   10955    196    356  +0.1777  +0.8752  +0.2687  +0.4010
   4632    740187   158   +7.443   10227    179    326  +0.1423  +0.6842  +0.2501  +0.4254
   4633    740347   160   +5.532   10050    198    319  +0.0458  +0.6378  +0.0053  +0.2714
   4634    740509   162   +9.768   11728    197    369  +0.2504  +1.0000  +0.3439  +0.4908
   4635    740670   161  +10.294   11944    189    324  +0.3088  +1.0000  +0.5167  +0.5765
   4636    740834   164   +8.789   11250    210    356  +0.1650  +0.9528  +0.2010  +0.3379
   4637    740993   159  +10.347   12049    189    440  +0.2920  +1.0000  +0.4420  +0.5971
   4638    741151   158   +9.159   11455    189    365  +0.2656  +1.0000  +0.3925  +0.5152
   4639    741317   166   +6.635    9872    183    316  +0.0652  +0.5910  +0.0021  +0.3492
   4640    741475   158   +6.842   10377    189    322  +0.1090  +0.7235  +0.0118  +0.3754
   4641    741628   153   +8.520   10809    187    348  +0.1742  +0.8369  +0.1352  +0.4466
   4642    741790   162   +8.903   11557    221    334  +0.1963  +1.0000  +0.4823  +0.3079
   4643    741951   161   +7.302   10174    180    286  +0.1210  +0.6703  +0.0768  +0.4091
   4644    742110   159  +10.172   11567    191    384  +0.2598  +1.0000  +0.3712  +0.5131
   4645    742266   156   +9.165   11158    178    265  +0.2886  +0.9285  +0.4616  +0.5625
   4646    742429   163   +9.496   11700    197    343  +0.2633  +1.0000  +0.4628  +0.4836
   4647    742592   163   +7.445   10018    186    383  +0.0509  +0.6295  -0.1178  +0.3443
   4648    742749   157  +10.155   11245    169    328  +0.3234  +0.9515  +0.4413  +0.6640
   4649    742907   158  +10.003   11820    196    367  +0.2736  +1.0000  +0.5043  +0.5081
   4650    743069   162   +9.245   11197    194    303  +0.2370  +0.9389  +0.4565  +0.4429
   4651    743235   166   +7.110   10236    201    364  +0.0448  +0.6866  -0.0620  +0.2724
   4652    743390   155   +9.579   11291    191    334  +0.2461  +0.9635  +0.3873  +0.4788
   4653    743547   157   +8.685   10811    196    368  +0.1388  +0.8374  +0.0763  +0.3799
   4654    743706   159   +6.945    9960    194    349  +0.0330  +0.6141  -0.0513  +0.2799
   4655    743864   158   +7.233   10340    193    293  +0.1166  +0.7139  +0.2173  +0.3386
   4656    744028   164   +9.192   10520    209    437  +0.0704  +0.7612  +0.1680  +0.2598
   4657    744189   161   +5.751    9855    197    340  +0.0146  +0.5865  -0.0643  +0.2510
   4658    744349   160   +7.667   10931    188    313  +0.1965  +0.8690  +0.2026  +0.4525
   4659    744507   158   +9.520   11252    216    454  +0.1324  +0.9534  +0.1514  +0.3052
   4660    744666   159   +6.164    9866    190    349  +0.0364  +0.5894  -0.0135  +0.2945
   4661    744827   161   +7.052   10488    191    306  +0.1338  +0.7529  +0.1627  +0.3755
   4662    744989   162   +9.107   11145    188    331  +0.2305  +0.9252  +0.3008  +0.4846
   4663    745150   161   +9.681   11504    209    370  +0.1992  +1.0000  +0.2923  +0.3761
   4664    745314   164  +10.418   11407    212    458  +0.1627  +0.9941  +0.2057  +0.3435
   4665    745471   157  +11.157   11019    180    414  +0.2330  +0.8922  +0.3382  +0.5331
   4666    745632   161  +10.428   11539    191    359  +0.2690  +1.0000  +0.4437  +0.5086
   4667    745789   157   +8.011   10316    186    287  +0.1456  +0.7075  +0.3124  +0.3889
   4668    745949   160   +8.738   11339    192    354  +0.2521  +0.9761  +0.4625  +0.4747
   4669    746108   159  +10.561   11014    173    436  +0.2293  +0.8907  +0.1122  +0.5894
   4670    746267   159   +5.116    9885    201    237  +0.0316  +0.5945  +0.0141  +0.2302
   4671    746426   159   +6.479    9332    191    319  -0.0413  +0.4495  -0.1858  +0.2196
   4672    746581   155  +10.102   11788    188    353  +0.3009  +1.0000  +0.5358  +0.5633
   4673    746752   171   +5.175    9547    200    324  -0.0314  +0.5058  -0.1250  +0.1958
   4674    746903   151   +8.534   10671    179    363  +0.1848  +0.8009  +0.1684  +0.4929
   4675    747063   160   +9.057   11997    202    344  +0.2679  +1.0000  +0.4933  +0.4879
   4676    747220   157   +8.619   10787    194    408  +0.1386  +0.8313  +0.1100  +0.3898
   4677    747376   156   +7.246   10012    181    294  +0.1034  +0.6278  +0.1269  +0.3822
   4678    747534   158   +7.476   10892    191    284  +0.1942  +0.8589  +0.2642  +0.4266
   4679    747691   157  +11.343   12586    194    406  +0.3051  +1.0000  +0.4227  +0.6219
   4680    747852   161  +10.890   12163    182    349  +0.3348  +1.0000  +0.4245  +0.6740
   4681    748016   164  +10.035   11404    190    332  +0.2588  +0.9933  +0.3533  +0.4996
   4682    748171   155   +8.534   10696    174    344  +0.2257  +0.8072  +0.3396  +0.5412
   4683    748329   158   +9.704   11383    187    305  +0.2805  +0.9876  +0.4431  +0.5250
   4684    748487   158   +6.948    9626    198    398  -0.0166  +0.5264  +0.0010  +0.2161
   4685    748651   164   +5.381    9773    193    279  +0.0173  +0.5651  -0.1348  +0.2660
   4686    748810   159   +9.636   11431    197    380  +0.2262  +1.0000  +0.2688  +0.4533
   4687    748964   154  +10.173   12022    210    388  +0.2180  +1.0000  +0.2999  +0.4281
   4688    749120   156   +9.762   11318    193    426  +0.2286  +0.9705  +0.3953  +0.4633
   4689    749279   159   +7.884   10366    188    322  +0.1269  +0.7206  +0.1754  +0.3811
   4690    749434   155   +8.834   10614    179    398  +0.1751  +0.7859  +0.2089  +0.4809
   4691    749595   161  +11.280   11856    194    361  +0.2717  +1.0000  +0.3834  +0.5313
   4692    749756   161  +10.226   11961    200    354  +0.2551  +1.0000  +0.3466  +0.4965
   4693    749917   161  +10.221   11400    181    373  +0.2754  +0.9922  +0.2919  +0.5729
   4694    750080   163   +9.379   11592    207    325  +0.2211  +1.0000  +0.3430  +0.4013
   4695    750235   155   +7.800   10201    179    362  +0.1249  +0.6775  +0.1592  +0.4220
   4696    750401   166  +11.010   12061    186    350  +0.3299  +1.0000  +0.5798  +0.6235
   4697    750564   163  +10.268   12192    201    323  +0.2707  +1.0000  +0.3764  +0.5162
   4698    750723   159   +9.185   10837    186    345  +0.1897  +0.8445  +0.2224  +0.4578
   4699    750885   162   +7.993   10913    200    314  +0.1607  +0.8642  +0.2240  +0.3608
   4700    751045   160  +10.509   11731    176    322  +0.3392  +1.0000  +0.4683  +0.6640

  ── rolling mean (last 100 ep) ──  cum_R=+8.874  yield=10960 kg/ha  N=191  W=354 mm  R_seas=+0.1830  R_ane=+0.4377

   4701    751198   153   +6.080    9672    188    358  +0.0117  +0.5387  -0.0794  +0.2842
   4702    751363   165   +8.087   10488    193    411  +0.0937  +0.7526  -0.0146  +0.3592
   4703    751521   158   +6.419   10047    196    313  +0.0550  +0.6371  +0.0406  +0.2839
   4704    751681   160   +5.606    9771    188    250  +0.0463  +0.5646  -0.0093  +0.2965
   4705    751845   164   +8.292   11058    200    342  +0.1638  +0.9023  +0.1176  +0.3820
   4706    752007   162   +9.121   11486    196    278  +0.2651  +1.0000  +0.4694  +0.4619
   4707    752168   161  +10.371   11984    199    365  +0.2589  +1.0000  +0.3551  +0.5078
   4708    752327   159  +10.119   11552    185    301  +0.2967  +1.0000  +0.4397  +0.5573
   4709    752490   163  +10.074   11725    201    385  +0.2371  +1.0000  +0.3634  +0.4587
   4710    752652   162   +8.344   10855    189    306  +0.1964  +0.8490  +0.3136  +0.4344
   4711    752812   160  +10.113   11391    171    237  +0.3481  +0.9898  +0.4361  +0.6689
   4712    752970   158   +5.717    9830    199    362  +0.0111  +0.5801  +0.0184  +0.2338
   4713    753132   162  +11.314   11637    174    305  +0.3422  +1.0000  +0.4520  +0.6692
   4714    753291   159   +9.491   11402    190    330  +0.2482  +0.9925  +0.2606  +0.4962
   4715    753452   161   +8.041   11129    203    360  +0.1701  +0.9210  +0.2178  +0.3676
   4716    753618   166   +9.989   11771    185    298  +0.3087  +1.0000  +0.4291  +0.5886
   4717    753779   161   +8.030   11263    184    260  +0.2722  +0.9562  +0.3386  +0.5332
   4718    753936   157   +7.422   10564    190    351  +0.1200  +0.7726  +0.0015  +0.3860
   4719    754087   151  +10.270   11650    174    326  +0.3491  +1.0000  +0.5175  +0.6782
   4720    754253   166   +9.245   11408    190    363  +0.2501  +0.9943  +0.3205  +0.4973
   4721    754412   159   +8.026   10439    177    313  +0.1709  +0.7398  +0.1962  +0.4708
   4722    754570   158   +9.663   11333    182    386  +0.2773  +0.9746  +0.4303  +0.5590
   4723    754730   160   +9.555   11069    193    350  +0.1870  +0.9052  +0.1493  +0.4334
   4724    754885   155   +7.969   10282    173    275  +0.1712  +0.6987  +0.1775  +0.4875
   4725    755047   162   +9.866   11261    184    350  +0.2720  +0.9556  +0.4792  +0.5317
   4726    755205   158  +12.188   11914    173    436  +0.3505  +1.0000  +0.5161  +0.7232
   4727    755373   168   +9.509   10789    200    421  +0.1234  +0.8317  +0.1464  +0.3473
   4728    755538   165   +9.384   11291    203    369  +0.1968  +0.9636  +0.2909  +0.3928
   4729    755692   154  +10.016   11483    172    334  +0.3304  +1.0000  +0.3975  +0.6643
   4730    755852   160   +9.177   11132    185    273  +0.2551  +0.9219  +0.3892  +0.5042
   4731    756009   157  +10.379   11438    186    372  +0.2655  +1.0000  +0.3275  +0.5339
   4732    756165   156  +10.639   11884    201    394  +0.2521  +1.0000  +0.4377  +0.4808
   4733    756319   154  +11.302   11646    189    423  +0.2624  +1.0000  +0.3589  +0.5375
   4734    756481   162   +7.805   10751    195    294  +0.1670  +0.8217  +0.2986  +0.3773
   4735    756645   164   +8.226   11233    198    327  +0.2009  +0.9482  +0.2192  +0.4152
   4736    756801   156   +6.761    9631    202    411  -0.0317  +0.5278  -0.0441  +0.1934
   4737    756962   161   +4.583    9571    199    349  -0.0295  +0.5121  -0.1162  +0.2034
   4738    757122   160  +11.694   12060    192    372  +0.3000  +1.0000  +0.5193  +0.5722
   4739    757279   157   +8.304   10572    207    357  +0.1010  +0.7749  +0.2411  +0.2792
   4740    757443   164   +7.633   10772    194    340  +0.1541  +0.8272  +0.1918  +0.3855
   4741    757605   162   +6.067    9135    193    365  -0.0657  +0.3978  -0.0934  +0.1848
   4742    757759   154   +6.829   10248    178    314  +0.1424  +0.6898  +0.1809  +0.4350
   4743    757917   158   +9.759   11154    189    302  +0.2365  +0.9274  +0.3426  +0.4769
   4744    758071   154   +7.073   10410    199    364  +0.0723  +0.7323  -0.0417  +0.3074
   4745    758231   160   +7.281   10733    184    297  +0.1815  +0.8171  +0.1500  +0.4545
   4746    758389   158  +11.676   11735    180    414  +0.2987  +1.0000  +0.3466  +0.6278
   4747    758543   154   +9.628   11141    183    318  +0.2636  +0.9243  +0.4639  +0.5220
   4748    758703   160   +7.296    9421    186    370  -0.0164  +0.4726  -0.1044  +0.2660
   4749    758862   159   +9.060   10890    193    400  +0.1549  +0.8582  +0.1149  +0.4096
   4750    759022   160  +10.579   11975    192    465  +0.2607  +1.0000  +0.3236  +0.5578
   4751    759189   167  +11.981   12229    208    408  +0.2535  +1.0000  +0.5037  +0.4735
   4752    759346   157   +7.612   10216    201    367  +0.0596  +0.6814  +0.1027  +0.2727
   4753    759506   160   +9.634   11330    189    335  +0.2500  +0.9737  +0.3129  +0.5016
   4754    759667   161   +8.225   10764    206    338  +0.1224  +0.8252  +0.1983  +0.3050
   4755    759824   157   +7.439    9982    197    378  +0.0198  +0.6200  -0.1007  +0.2665
   4756    759987   163  +11.028   11953    185    331  +0.3119  +1.0000  +0.3959  +0.6173
   4757    760150   163  +10.499   11325    195    314  +0.2352  +0.9724  +0.3250  +0.4543
   4758    760312   162   +8.428   10627    198    359  +0.1297  +0.7893  +0.2521  +0.3402
   4759    760466   154  +11.852   11787    193    411  +0.2569  +1.0000  +0.3367  +0.5247
   4760    760626   160   +1.230    7707    205    319  -0.2791  +0.0227  -0.3859  -0.0584
   4761    760784   158   +9.979   10829    164    332  +0.2676  +0.8423  +0.2314  +0.6465
   4762    760943   159  +11.611   12238    192    375  +0.3036  +1.0000  +0.4846  +0.5909
   4763    761099   156   +8.447   11146    205    366  +0.1779  +0.9255  +0.3378  +0.3566
   4764    761258   159  +10.138   11875    188    343  +0.2955  +1.0000  +0.3916  +0.5820
   4765    761421   163   +7.290   10665    193    346  +0.1352  +0.7993  +0.0949  +0.3819
   4766    761576   155   +9.894   11567    188    350  +0.2859  +1.0000  +0.4832  +0.5377
   4767    761735   159   +8.990   10884    205    420  +0.1085  +0.8566  +0.0250  +0.3244
   4768    761895   160   +8.816   11232    215    372  +0.1483  +0.9479  +0.1926  +0.3072
   4769    762042   147   +9.359   10503    172    312  +0.2002  +0.7566  +0.2305  +0.5244
   4770    762207   165   +9.699   11734    195    312  +0.2527  +1.0000  +0.2381  +0.5016
   4771    762367   160   +8.887   10900    204    388  +0.1260  +0.8610  +0.0921  +0.3367
   4772    762534   167   +6.951    9757    210    419  -0.0359  +0.5609  -0.0323  +0.1622
   4773    762693   159  +11.657   11567    188    428  +0.2439  +1.0000  +0.1638  +0.5419
   4774    762852   159   +8.556   10936    200    361  +0.1469  +0.8703  +0.1177  +0.3666
   4775    762909    57   -8.611       0      2     42  -0.7603  -1.0000  -1.0000  -1.0000
   4776    763068   159   +9.055   10690    205    394  +0.1024  +0.8057  +0.1297  +0.3052
   4777    763220   152  +11.201   11744    179    336  +0.3269  +1.0000  +0.4511  +0.6431
   4778    763384   164  +10.498   12154    198    364  +0.2692  +1.0000  +0.3541  +0.5336
   4779    763545   161   +9.864   11435    183    321  +0.2853  +1.0000  +0.3504  +0.5584
   4780    763705   160   +7.077    9416    190    375  -0.0329  +0.4713  -0.1408  +0.2365
   4781    763867   162   +8.207   10305    188    344  +0.1104  +0.7046  +0.1390  +0.3674
   4782    764028   161   +5.621   10003    216    299  +0.0034  +0.6255  +0.0462  +0.1556
   4783    764187   159   +9.265   10752    196    392  +0.1312  +0.8219  +0.1229  +0.3681
   4784    764344   157   +8.585   10908    178    339  +0.2242  +0.8629  +0.2100  +0.5331
   4785    764504   160   +6.412    9460    200    346  -0.0434  +0.4829  -0.0904  +0.1793
   4786    764667   163  +10.427   12315    192    314  +0.3093  +1.0000  +0.3875  +0.6066
   4787    764832   165   +9.565   10639    184    380  +0.1625  +0.7923  +0.1837  +0.4452
   4788    764990   158  +10.311   11276    194    435  +0.2046  +0.9597  +0.2259  +0.4560
   4789    765143   153   +9.650   11450    170    221  +0.3668  +1.0000  +0.4943  +0.6888
   4790    765303   160   +8.759   10778    193    385  +0.1403  +0.8289  +0.0769  +0.3952
   4791    765465   162   +8.428    9752    189    448  +0.0131  +0.5597  -0.0159  +0.2925
   4792    765623   158  +10.254   11422    194    336  +0.2356  +0.9980  +0.2393  +0.4690
   4793    765786   163   +5.957    9819    188    290  +0.0519  +0.5773  +0.0352  +0.3064
   4794    765951   165   +9.135   11458    205    357  +0.2046  +1.0000  +0.2452  +0.3965
   4795    766106   155   +7.178   10249    181    304  +0.1284  +0.6901  +0.0988  +0.4167
   4796    766256   150   +7.517   10178    194    335  +0.0806  +0.6713  +0.1407  +0.3099
   4797    766409   153   +9.372   11442    200    391  +0.2195  +1.0000  +0.3220  +0.4276
   4798    766575   166   +9.416   11756    202    321  +0.2497  +1.0000  +0.4043  +0.4563
   4799    766741   166   +7.914   10189    194    348  +0.0769  +0.6742  +0.1021  +0.3135
   4800    766897   156  +10.038   11596    194    327  +0.2648  +1.0000  +0.4036  +0.4962

  ── rolling mean (last 100 ep) ──  cum_R=+8.694  yield=10830 kg/ha  N=190  W=347 mm  R_seas=+0.1689  R_ane=+0.4169

   4801    767050   153   +9.653   10722    172    394  +0.2192  +0.8142  +0.2803  +0.5544
   4802    767205   155   +5.661    9318    190    387  -0.0426  +0.4457  -0.1266  +0.2294
   4803    767368   163  +11.184   12063    205    424  +0.2429  +1.0000  +0.4350  +0.4699
   4804    767533   165  +10.011   11278    197    321  +0.2088  +0.9600  +0.2037  +0.4287
   4805    767695   162   +5.722    9785    188    269  +0.0513  +0.5683  +0.0483  +0.2994
   4806    767855   160   +7.305   10466    189    308  +0.1313  +0.7470  +0.1121  +0.3865
   4807    768019   164   +3.326    8678    202    308  -0.1494  +0.2776  -0.2663  +0.0727
   4808    768182   163  +12.354   12357    199    437  +0.2847  +1.0000  +0.5418  +0.5526
   4809    768349   167   +8.334    9969    188    393  +0.0464  +0.6165  -0.0431  +0.3264
   4810    768515   166   +7.017    9947    196    282  +0.0331  +0.6107  -0.0958  +0.2683
   4811    768679   164   +8.333   10546    206    349  +0.0825  +0.7680  +0.0688  +0.2774
   4812    768841   162  +10.431   11637    214    445  +0.1880  +1.0000  +0.3584  +0.3596
   4813    768998   157   +7.842   10484    193    269  +0.1442  +0.7518  +0.2773  +0.3597
   4814    769159   161  +10.439   12100    179    304  +0.3519  +1.0000  +0.4636  +0.6906
   4815    769316   157   +7.557   10588    206    434  +0.0572  +0.7791  -0.1131  +0.2844
   4816    769479   163   +6.322   10198    197    312  +0.0604  +0.6765  -0.0428  +0.2934
   4817    769642   163   +9.726   10829    194    428  +0.1318  +0.8423  +0.0306  +0.3933
   4818    769800   158   +8.417   10632    181    302  +0.1901  +0.7905  +0.2570  +0.4676
   4819    769961   161   +7.532   10299    176    244  +0.1719  +0.7031  +0.2107  +0.4665
   4820    770124   163   +7.491   10500    196    290  +0.1163  +0.7560  +0.1084  +0.3375
   4821    770289   165   +5.745   10022    195    291  +0.0562  +0.6305  +0.0265  +0.2865
   4822    770452   163  +10.137   11959    184    321  +0.3157  +1.0000  +0.4064  +0.6206
   4823    770616   164  +12.738   12849    190    430  +0.3374  +1.0000  +0.5231  +0.6867
   4824    770773   157  +10.281   11726    186    359  +0.3060  +1.0000  +0.5383  +0.5774
   4825    770931   158   +5.166    9645    196    325  -0.0044  +0.5315  -0.0536  +0.2296
   4826    771092   161   +7.591   10002    196    327  +0.0425  +0.6251  +0.0066  +0.2740
   4827    771255   163   +7.396   10519    203    329  +0.0724  +0.7609  -0.1071  +0.2932
   4828    771413   158   +5.215    9890    182    239  +0.0809  +0.5958  +0.0063  +0.3553
   4829    771568   155   +9.483   11267    185    377  +0.2373  +0.9572  +0.2096  +0.5216
   4830    771734   166   +8.840   11377    208    344  +0.1793  +0.9861  +0.1385  +0.3640
   4831    771894   160   +8.226   10076    199    400  +0.0362  +0.6448  +0.0328  +0.2670
   4832    772056   162   +5.471    9622    189    319  +0.0060  +0.5256  -0.1150  +0.2724
   4833    772214   158  +10.005   11697    187    332  +0.2928  +1.0000  +0.4116  +0.5659
   4834    772381   167   +8.634   11113    201    344  +0.1736  +0.9169  +0.1919  +0.3794
   4835    772547   166   +9.790   11722    195    355  +0.2600  +1.0000  +0.3635  +0.5046
   4836    772703   156   +8.926   11259    176    291  +0.2841  +0.9551  +0.2496  +0.5977
   4837    772870   167  +11.544   12266    180    334  +0.3500  +1.0000  +0.4471  +0.7007
   4838    773025   155  +10.217   11821    191    313  +0.2949  +1.0000  +0.4836  +0.5461
   4839    773188   163  +10.506   11587    178    324  +0.3047  +1.0000  +0.2817  +0.6252
   4840    773348   160   +8.021   10454    201    357  +0.0847  +0.7438  +0.0782  +0.2986
   4841    773514   166   +8.975   11040    185    289  +0.2419  +0.8976  +0.4038  +0.4886
   4842    773676   162   +8.544   10831    190    355  +0.1661  +0.8429  +0.1292  +0.4268
   4843    773839   163   +8.877   10992    190    347  +0.2023  +0.8850  +0.3005  +0.4452
   4844    774002   163  +10.381   12062    198    316  +0.2819  +1.0000  +0.4656  +0.5194
   4845    774162   160   +6.393   10096    201    363  +0.0320  +0.6498  -0.0247  +0.2539
   4846    774327   165   +6.565   10266    188    212  +0.1261  +0.6944  +0.1451  +0.3621
   4847    774488   161   +8.854   10879    170    318  +0.2554  +0.8553  +0.2427  +0.6003
   4848    774652   164  +11.210   11433    186    374  +0.2627  +1.0000  +0.3011  +0.5342
   4849    774803   151  +11.550   11493    182    342  +0.3162  +1.0000  +0.6090  +0.5790
   4850    774960   157   +7.940   10502    200    342  +0.1105  +0.7564  +0.2387  +0.3097
   4851    775116   156   +8.901   11016    186    347  +0.2072  +0.8912  +0.1808  +0.4835
   4852    775281   165   +8.865   11038    193    324  +0.1882  +0.8971  +0.1652  +0.4276
   4853    775441   160  +10.759   11465    173    362  +0.3274  +1.0000  +0.4287  +0.6596
   4854    775598   157   +3.188    8942    200    337  -0.1124  +0.3470  -0.2074  +0.1177
   4855    775766   168   +9.402   11360    186    338  +0.2683  +0.9817  +0.3814  +0.5262
   4856    775928   162   +7.286    9976    192    351  +0.0512  +0.6184  +0.0491  +0.2983
   4857    776085   157   +6.829   10328    199    316  +0.0879  +0.7108  +0.1322  +0.2984
   4858    776244   159   +9.252   10476    184    358  +0.1329  +0.7497  +0.0361  +0.4265
   4859    776402   158  +10.277   12018    187    335  +0.3153  +1.0000  +0.4797  +0.6063
   4860    776570   168  +11.395   11295    176    309  +0.3039  +0.9646  +0.4342  +0.6017
   4861    776722   152   +9.127   10614    178    333  +0.1923  +0.7859  +0.2595  +0.4869
   4862    776887   165   +6.398   10461    226    380  +0.0050  +0.7457  -0.1280  +0.1582
   4863    777045   158  +10.251   11561    213    427  +0.1790  +1.0000  +0.2569  +0.3559
   4864    777206   161   +8.102   10238    191    348  +0.0782  +0.6873  -0.0177  +0.3383
   4865    777372   166   +7.211   10566    222    403  +0.0278  +0.7733  -0.0642  +0.1906
   4866    777536   164  +10.605   11563    187    341  +0.2908  +1.0000  +0.4887  +0.5454
   4867    777696   160   +6.554   10074    184    366  +0.0831  +0.6441  +0.0538  +0.3666
   4868    777857   161   +7.077   10579    193    322  +0.1251  +0.7766  +0.0579  +0.3711
   4869    778016   159  +12.371   11841    174    388  +0.3515  +1.0000  +0.5338  +0.7034
   4870    778181   165   +8.077   11063    210    422  +0.1198  +0.9036  +0.0471  +0.3187
   4871    778336   155   +8.480   11034    173    279  +0.2731  +0.8961  +0.2889  +0.5928
   4872    778496   160   +9.984   11868    190    375  +0.2743  +1.0000  +0.2942  +0.5653
   4873    778655   159  +10.832   12618    194    352  +0.3296  +1.0000  +0.5538  +0.6300
   4874    778818   163  +10.527   11483    188    312  +0.2737  +1.0000  +0.3330  +0.5305
   4875    778975   157   +8.456   10911    178    241  +0.2511  +0.8637  +0.3178  +0.5364
   4876    779140   165  +11.688   12168    207    379  +0.2561  +1.0000  +0.4910  +0.4722
   4877    779301   161   +7.673    9975    191    347  +0.0506  +0.6182  +0.0028  +0.3069
   4878    779458   157   +8.437   11080    190    339  +0.2089  +0.9083  +0.2353  +0.4603
   4879    779618   160   +9.329   11842    197    303  +0.2685  +1.0000  +0.3895  +0.5001
   4880    779778   160   +9.134   11175    180    331  +0.2526  +0.9330  +0.2449  +0.5487
   4881    779943   165   +8.498   10661    195    430  +0.1063  +0.7982  -0.0156  +0.3695
   4882    780104   161   +7.173   10138    182    310  +0.0987  +0.6608  -0.0061  +0.3893
   4883    780262   158   +8.702   11013    194    304  +0.1927  +0.8906  +0.2380  +0.4171
   4884    780421   159  +10.275   12077    190    330  +0.3094  +1.0000  +0.4819  +0.5892
   4885    780586   165   +5.020    9687    191    269  +0.0252  +0.5426  -0.0131  +0.2656
   4886    780745   159   +7.201   10119    198    309  +0.0648  +0.6559  +0.1020  +0.2800
   4887    780907   162  +10.267   11678    178    296  +0.3265  +1.0000  +0.4050  +0.6385
   4888    781071   164  +10.038   11161    191    332  +0.2082  +0.9295  +0.1709  +0.4589
   4889    781235   164   +6.145    9784    192    270  +0.0457  +0.5679  +0.0982  +0.2733
   4890    781395   160   +7.758   10627    197    315  +0.1283  +0.7893  +0.1442  +0.3472
   4891    781556   161   +6.862   10023    172    285  +0.1241  +0.6307  +0.0304  +0.4527
   4892    781716   160  +10.648   12280    179    297  +0.3550  +1.0000  +0.3933  +0.7129
   4893    781872   156   +9.546   11254    188    341  +0.2333  +0.9537  +0.2356  +0.4936
   4894    782030   158  +12.419   11579    180    401  +0.3065  +1.0000  +0.4879  +0.6071
   4895    782190   160  +11.488   11408    186    434  +0.2387  +0.9941  +0.1528  +0.5377
   4896    782349   159   +9.433   11572    189    312  +0.2708  +1.0000  +0.3025  +0.5308
   4897    782510   161   +5.813    9620    183    254  +0.0401  +0.5250  -0.0465  +0.3166
   4898    782670   160   +8.406   10463    202    308  +0.0976  +0.7461  +0.1339  +0.2972
   4899    782829   159   +9.375   10561    185    362  +0.1620  +0.7719  +0.2644  +0.4297
   4900    782988   159   +8.302   10580    189    367  +0.1512  +0.7769  +0.2609  +0.4025

  ── rolling mean (last 100 ep) ──  cum_R=+8.677  yield=10898 kg/ha  N=191  W=338 mm  R_seas=+0.1737  R_ane=+0.4324

   4901    783150   162   +8.314   11006    194    265  +0.2008  +0.8887  +0.2535  +0.4201
   4902    783306   156   +8.013   10979    195    352  +0.1735  +0.8815  +0.1855  +0.4061
   4903    783459   153  +10.553   12291    187    369  +0.3171  +1.0000  +0.4001  +0.6437
   4904    783624   165   +5.429    9276    192    325  -0.0541  +0.4346  -0.2346  +0.2112
   4905    783785   161   +7.784   10431    196    370  +0.0939  +0.7379  +0.0785  +0.3301
   4906    783944   159   +6.939   10057    174    299  +0.1162  +0.6396  -0.0161  +0.4444
   4907    784107   163  +10.357   11850    196    351  +0.2722  +1.0000  +0.4434  +0.5138
   4908    784262   155   +9.503   11774    192    360  +0.2685  +1.0000  +0.3349  +0.5349
   4909    784425   163   +6.165    9897    194    346  +0.0187  +0.5977  -0.1495  +0.2779
   4910    784587   162  +10.484   11038    192    394  +0.1740  +0.8972  +0.0932  +0.4363
   4911    784743   156   +9.346   11570    194    276  +0.2667  +1.0000  +0.3740  +0.4895
   4912    784900   157   +8.841   10340    182    421  +0.1089  +0.7138  +0.0158  +0.4174
   4913    785058   158   +7.095    9498    182    358  +0.0128  +0.4929  -0.0370  +0.3049
   4914    785227   169   +7.736   10292    191    348  +0.0972  +0.7013  +0.0919  +0.3499
   4915    785384   157   +9.908   11143    186    359  +0.2283  +0.9247  +0.2805  +0.4947
   4916    785546   162   +8.829   10086    182    391  +0.0911  +0.6471  +0.0917  +0.3844
   4917    785711   165   +8.804   10873    200    352  +0.1476  +0.8539  +0.1943  +0.3563
   4918    785875   164   +8.964   10778    211    342  +0.1035  +0.8289  +0.1152  +0.2775
   4919    786033   158   +9.145   11228    178    265  +0.2861  +0.9469  +0.3266  +0.5786
   4920    786196   163   +7.535   10639    182    287  +0.1911  +0.7924  +0.2661  +0.4610
   4921    786357   161   +9.500   11204    196    392  +0.1920  +0.9406  +0.2003  +0.4268
   4922    786523   166   +6.117    9542    202    314  -0.0270  +0.5044  -0.0439  +0.1835
   4923    786688   165   +8.038   10605    202    304  +0.1267  +0.7834  +0.2563  +0.3145
   4924    786851   163  +12.351   12192    194    440  +0.2691  +1.0000  +0.3272  +0.5687
   4925    787012   161  +11.681   12120    184    393  +0.3203  +1.0000  +0.4670  +0.6439
   4926    787170   158  +10.861   12000    187    324  +0.3104  +1.0000  +0.4143  +0.6065
   4927    787334   164   +8.736   11036    192    283  +0.2093  +0.8965  +0.2762  +0.4375
   4928    787499   165   +9.444   10932    198    409  +0.1498  +0.8692  +0.1792  +0.3772
   4929    787662   163   +8.414   11060    202    377  +0.1519  +0.9029  +0.0891  +0.3721
   4930    787831   169   +8.655   10525    203    394  +0.0775  +0.7625  +0.0175  +0.2981
   4931    787991   160  +11.658   12047    183    373  +0.3376  +1.0000  +0.5875  +0.6496
   4932    788153   162  +11.573   11843    197    406  +0.2561  +1.0000  +0.4120  +0.5018
   4933    788320   167   +8.826   11020    199    328  +0.1617  +0.8924  +0.0890  +0.3848
   4934    788475   155  +10.353   11473    185    306  +0.2864  +1.0000  +0.3695  +0.5510
   4935    788639   164   +7.944   10776    179    284  +0.2168  +0.8284  +0.2459  +0.5069
   4936    788800   161   +8.121   10133    176    339  +0.1237  +0.6596  +0.0909  +0.4388
   4937    788957   157  +10.334   11852    185    363  +0.3026  +1.0000  +0.4051  +0.6039
   4938    789120   163  +11.914   12035    182    380  +0.3274  +1.0000  +0.4962  +0.6492
   4939    789279   159   +6.004    9965    201    344  +0.0194  +0.6154  -0.0316  +0.2380
   4940    789431   152  +10.011   11192    186    380  +0.2444  +0.9374  +0.4099  +0.5025
   4941    789591   160   +7.129   10830    200    390  +0.1285  +0.8425  +0.1125  +0.3502
   4942    789758   167   +9.739   10916    184    360  +0.2193  +0.8652  +0.3776  +0.4856
   4943    789920   162   +8.070   10812    183    330  +0.1860  +0.8377  +0.0941  +0.4792
   4944    790076   156   +9.934   11192    173    273  +0.3120  +0.9377  +0.4679  +0.6168
   4945    790235   159   +8.127   10332    180    372  +0.1200  +0.7119  +0.0056  +0.4309
   4946    790399   164   +7.855   10462    186    321  +0.1366  +0.7460  +0.1017  +0.4076
   4947    790565   166   +9.946   11369    200    361  +0.2117  +0.9839  +0.2584  +0.4228
   4948    790726   161  +10.950   11552    190    440  +0.2455  +1.0000  +0.3009  +0.5159
   4949    790884   158   +9.588   11409    171    243  +0.3490  +0.9944  +0.4291  +0.6721
   4950    791042   158   +8.203   10697    185    292  +0.1846  +0.8076  +0.2234  +0.4479
   4951    791193   151   +6.735   10369    186    352  +0.1250  +0.7215  +0.1588  +0.3915
   4952    791355   162   +9.544   12096    183    284  +0.3452  +1.0000  +0.5099  +0.6546
   4953    791510   155   +9.972   11317    183    312  +0.2831  +0.9704  +0.4233  +0.5497
   4954    791668   158   +8.549   10902    186    398  +0.1628  +0.8614  -0.0230  +0.4614
   4955    791824   156  +10.697   11363    173    365  +0.3051  +0.9824  +0.3326  +0.6402
   4956    791985   161   +4.856    9048    187    311  -0.0545  +0.3748  -0.0952  +0.2074
   4957    792146   161   +9.658   10836    200    380  +0.1314  +0.8441  +0.1033  +0.3554
   4958    792304   158   +5.573    9398    189    334  -0.0254  +0.4667  -0.1435  +0.2434
   4959    792467   163   +7.641   10181    201    359  +0.0493  +0.6722  +0.0367  +0.2662
   4960    792623   156   +9.222   11442    188    357  +0.2682  +1.0000  +0.3723  +0.5238
   4961    792785   162   +8.331   10552    200    331  +0.1197  +0.7695  +0.2293  +0.3224
   4962    792945   160   +7.026   10778    204    308  +0.1192  +0.8288  +0.0558  +0.3193
   4963    793106   161   +8.782    9810    181    458  +0.0385  +0.5749  -0.0408  +0.3566
   4964    793265   159  +10.336   12079    187    387  +0.3152  +1.0000  +0.5241  +0.6146
   4965    793427   162   +5.807   10132    204    290  +0.0488  +0.6593  +0.0665  +0.2394
   4966    793582   155   +8.269    9899    182    423  +0.0669  +0.5981  +0.1051  +0.3632
   4967    793742   160  +11.595   12543    191    402  +0.3067  +1.0000  +0.3532  +0.6416
   4968    793903   161   +8.655   10726    196    316  +0.1466  +0.8151  +0.1719  +0.3702
   4969    794057   154  +10.012   11886    183    320  +0.3363  +1.0000  +0.5947  +0.6246
   4970    794220   163  +10.032   11782    208    327  +0.2395  +1.0000  +0.4598  +0.4187
   4971    794379   159   +8.294   10664    192    294  +0.1758  +0.7990  +0.3844  +0.3915
   4972    794537   158   +8.162   10169    181    318  +0.1297  +0.6689  +0.2304  +0.4053
   4973    794694   157   +7.965   10104    188    333  +0.0733  +0.6519  -0.0346  +0.3467
   4974    794856   162   +7.962   10712    196    306  +0.1569  +0.8117  +0.2799  +0.3671
   4975    795011   155   +8.995   12163    196    339  +0.2990  +1.0000  +0.5537  +0.5489
   4976    795172   161   +7.234   10188    196    374  +0.0606  +0.6739  +0.0439  +0.2970
   4977    795338   166   +9.156   10977    218    423  +0.0953  +0.8811  +0.0948  +0.2599
   4978    795501   163   +9.103   11675    204    385  +0.2114  +1.0000  +0.2186  +0.4309
   4979    795661   160   +5.597    9406    180    326  +0.0119  +0.4687  -0.0424  +0.3072
   4980    795821   160   +8.621   10271    189    328  +0.1127  +0.6958  +0.1944  +0.3585
   4981    795977   156   +7.482   10367    179    290  +0.1686  +0.7209  +0.2723  +0.4490
   4982    796139   162   +8.817   10765    200    335  +0.1364  +0.8254  +0.1609  +0.3483
   4983    796301   162   +8.706   10368    190    378  +0.1071  +0.7212  +0.1448  +0.3603
   4984    796467   166   +5.674    9438    202    345  -0.0532  +0.4773  -0.1358  +0.1693
   4985    796631   164   +7.635   10551    193    329  +0.1217  +0.7692  +0.0803  +0.3642
   4986    796797   166   +7.558   10567    198    314  +0.1125  +0.7736  +0.0876  +0.3311
   4987    796955   158   +7.474   10700    197    346  +0.1330  +0.8084  +0.1469  +0.3577
   4988    797120   165  +10.386   11992    201    335  +0.2610  +1.0000  +0.3855  +0.4942
   4989    797283   163   +9.131   11115    191    293  +0.2135  +0.9173  +0.2148  +0.4541
   4990    797439   156   +9.353   10502    186    432  +0.1106  +0.7565  -0.0432  +0.4141
   4991    797596   157   +8.482   10694    194    324  +0.1551  +0.8069  +0.2590  +0.3775
   4992    797761   165   +8.192   10828    203    372  +0.1380  +0.8419  +0.2456  +0.3342
   4993    797919   158   +9.517   12251    208    382  +0.2372  +1.0000  +0.3004  +0.4736
   4994    798072   153  +10.256   11544    188    324  +0.2838  +1.0000  +0.4312  +0.5357
   4995    798226   154  +10.144   11215    191    434  +0.1938  +0.9435  +0.1136  +0.4667
   4996    798388   162   +5.693    9606    201    370  -0.0248  +0.5212  -0.0253  +0.1948
   4997    798548   160   +8.839   10843    183    348  +0.1861  +0.8460  +0.0940  +0.4812
   4998    798715   167   +9.205   10622    193    395  +0.1197  +0.7880  +0.0755  +0.3733
   4999    798876   161  +11.212   12195    193    358  +0.3061  +1.0000  +0.5385  +0.5771
   5000    799031   155   +5.584    9886    188    315  +0.0491  +0.5947  -0.0169  +0.3108

  ── rolling mean (last 100 ep) ──  cum_R=+8.715  yield=10877 kg/ha  N=191  W=348 mm  R_seas=+0.1687  R_ane=+0.4256

   5001    799195   164  +10.790   12431    200    366  +0.2862  +1.0000  +0.4401  +0.5554
   5002    799359   164   +8.272   10274    213    395  +0.0382  +0.6967  +0.1564  +0.2065
   5003    799520   161  +10.935   11046    197    463  +0.1632  +0.8993  +0.2165  +0.4030
   5004    799684   164   +9.987   10988    185    332  +0.2260  +0.8841  +0.3438  +0.4883
   5005    799848   164  +10.667   12058    206    421  +0.2325  +1.0000  +0.3660  +0.4599
   5006    800006   158  +10.414   11923    191    303  +0.3113  +1.0000  +0.5616  +0.5639
   5007    800168   162  +10.362   11474    190    354  +0.2487  +1.0000  +0.2381  +0.5074
   5008    800333   165   +7.555    9908    196    375  +0.0247  +0.6006  +0.0163  +0.2604
   5009    800493   160   +7.031    9906    202    418  -0.0064  +0.6000  -0.0916  +0.2264
   5010    800658   165  +10.353   12004    197    278  +0.2967  +1.0000  +0.5433  +0.5226
   5011    800817   159   +6.506   10381    204    318  +0.0732  +0.7246  +0.0588  +0.2722
   5012    800980   163   +9.221   10541    206    443  +0.0764  +0.7666  +0.1567  +0.2765
   5013    801142   162   +7.695   10362    195    315  +0.0846  +0.7196  -0.0411  +0.3277
   5014    801294   152   +7.536   10668    185    356  +0.1526  +0.8000  +0.0515  +0.4395
   5015    801456   162  +10.489   10812    196    411  +0.1426  +0.8377  +0.1902  +0.3772
   5016    801617   161   +9.361   10880    189    374  +0.1885  +0.8557  +0.3135  +0.4360
   5017    801779   162   +8.063   10565    189    358  +0.1186  +0.7730  -0.0403  +0.3953
   5018    801943   164   +7.787   10598    211    388  +0.0846  +0.7815  +0.1926  +0.2578
   5019    802109   166   +8.272   10846    205    380  +0.1210  +0.8468  +0.1224  +0.3226
   5020    802270   161   +7.894   10580    196    341  +0.1222  +0.7769  +0.1551  +0.3465
   5021    802433   163   +5.425    9572    202    309  -0.0217  +0.5123  -0.0190  +0.1836
   5022    802595   162   +9.432   11002    200    452  +0.1376  +0.8878  +0.0949  +0.3723
   5023    802756   161   +6.490    9868    193    307  +0.0425  +0.5900  +0.0490  +0.2779
   5024    802918   162   +9.394   10715    205    350  +0.1129  +0.8123  +0.1419  +0.3078
   5025    803077   159  +11.424   11836    186    414  +0.2853  +1.0000  +0.3629  +0.5905
   5026    803234   157   +8.195   10540    181    312  +0.1915  +0.7664  +0.4064  +0.4528
   5027    803384   150   +7.427   10558    179    297  +0.1741  +0.7710  +0.1014  +0.4770
   5028    803536   152  +10.860   11059    177    502  +0.2160  +0.9026  +0.1469  +0.5641
   5029    803701   165  +10.366   10746    187    459  +0.1443  +0.8204  +0.0708  +0.4398
   5030    803860   159   +9.588   11317    195    319  +0.2279  +0.9704  +0.2677  +0.4534
   5031    804017   157   +8.388   11038    187    342  +0.2115  +0.8970  +0.2438  +0.4732
   5032    804179   162  +10.490   11603    176    288  +0.3463  +1.0000  +0.5369  +0.6521
   5033    804333   154  +10.500   12172    196    365  +0.2968  +1.0000  +0.5593  +0.5518
   5034    804482   149   +8.412   11535    189    371  +0.2520  +1.0000  +0.2120  +0.5284
   5035    804638   156   +7.173   10302    202    325  +0.0614  +0.7040  -0.0166  +0.2769
   5036    804804   166   +7.613   10792    197    269  +0.1505  +0.8325  +0.1025  +0.3686
   5037    804958   154   +7.904   10642    201    401  +0.0914  +0.7932  -0.0103  +0.3233
   5038    805117   159   +9.674   12085    194    312  +0.3079  +1.0000  +0.5541  +0.5607
   5039    805283   166   +9.427   11006    218    430  +0.0945  +0.8887  +0.0733  +0.2612
   5040    805440   157   +8.868   11438    200    337  +0.2260  +1.0000  +0.2968  +0.4296
   5041    805597   157   +9.549   12361    206    344  +0.2765  +1.0000  +0.5176  +0.5033
   5042    805753   156   +6.270    9706    202    316  -0.0109  +0.5476  -0.0536  +0.2002
   5043    805915   162   +9.664   12036    216    350  +0.2174  +1.0000  +0.3877  +0.3903
   5044    806072   157   +7.576   11140    206    315  +0.1736  +0.9238  +0.2528  +0.3492
   5045    806231   159   +9.911   10996    191    393  +0.1928  +0.8862  +0.3001  +0.4379
   5046    806395   164   +9.078   11185    199    355  +0.1837  +0.9357  +0.1664  +0.4035
   5047    806560   165   +8.985   11363    209    330  +0.1969  +0.9824  +0.3130  +0.3611
   5048    806722   162   +7.951   10915    200    304  +0.1535  +0.8647  +0.1091  +0.3674
   5049    806885   163   +9.908   12017    202    376  +0.2593  +1.0000  +0.4547  +0.4882
   5050    807049   164  +12.663   12595    194    455  +0.3018  +1.0000  +0.4429  +0.6270
   5051    807205   156   +8.145   10572    213    377  +0.0812  +0.7749  +0.2300  +0.2399
   5052    807360   155   +8.320   11272    199    234  +0.2358  +0.9586  +0.3938  +0.4172
   5053    807515   155   +8.849   10182    195    420  +0.0580  +0.6725  +0.0542  +0.3060
   5054    807671   156   +9.507   11638    200    374  +0.2314  +1.0000  +0.3021  +0.4558
   5055    807840   169   +8.144   10244    214    423  +0.0128  +0.6887  -0.0074  +0.1995
   5056    808002   162  +11.365   11695    199    402  +0.2387  +1.0000  +0.3679  +0.4680
   5057    808169   167   +7.562    9963    208    345  +0.0056  +0.6149  -0.0087  +0.1988
   5058    808326   157  +10.193   11349    193    471  +0.1930  +0.9786  +0.0703  +0.4676
   5059    808490   164   +5.634    9842    201    307  +0.0154  +0.5833  +0.0134  +0.2234
   5060    808648   158   +5.190    9575    179    295  +0.0310  +0.5131  -0.1364  +0.3392
   5061    808813   165   +5.621    9447    200    336  -0.0320  +0.4795  +0.0171  +0.1796
   5062    808966   153   +5.259    9403    190    295  -0.0194  +0.4681  -0.1191  +0.2368
   5063    809126   160   +9.572   12079    206    325  +0.2542  +1.0000  +0.4243  +0.4639
   5064    809286   160   +7.476   10495    198    322  +0.1189  +0.7546  +0.2388  +0.3242
   5065    809448   162   +8.992   10565    192    354  +0.1334  +0.7730  +0.1691  +0.3784
   5066    809610   162  +10.439   12631    197    332  +0.3170  +1.0000  +0.5200  +0.5995
   5067    809771   161   +6.626   10421    210    270  +0.0764  +0.7351  +0.1281  +0.2385
   5068    809933   162  +10.667   12052    194    367  +0.2907  +1.0000  +0.4854  +0.5557
   5069    810090   157   +8.662   10934    199    377  +0.1642  +0.8699  +0.2987  +0.3711
   5070    810253   163   +9.744   12038    200    294  +0.2787  +1.0000  +0.4751  +0.5008
   5071    810408   155   +9.459   11905    189    306  +0.3051  +1.0000  +0.4677  +0.5729
   5072    810568   160   +8.198   11027    198    216  +0.2043  +0.8943  +0.2999  +0.3954
   5073    810725   157   +9.229   11357    194    320  +0.2458  +0.9809  +0.3932  +0.4607
   5074    810884   159  +11.489   11890    190    427  +0.2757  +1.0000  +0.3791  +0.5669
   5075    811045   161   +6.441   10376    209    329  +0.0636  +0.7235  +0.1110  +0.2398
   5076    811205   160  +10.296   12316    201    405  +0.2686  +1.0000  +0.4098  +0.5333
   5077    811369   164   +6.465   10180    204    329  +0.0449  +0.6720  +0.0103  +0.2508
   5078    811533   164   +9.756   12021    216    344  +0.2221  +1.0000  +0.4218  +0.3914
   5079    811694   161  +12.116   12591    192    443  +0.3027  +1.0000  +0.3655  +0.6440
   5080    811856   162   +9.674   10652    187    403  +0.1497  +0.7958  +0.1579  +0.4260
   5081    812016   160   +9.121   11400    201    267  +0.2435  +0.9922  +0.4357  +0.4173
   5082    812180   164   +9.839   11157    200    373  +0.1790  +0.9283  +0.2023  +0.3941
   5083    812328   148   +8.414   11544    182    231  +0.3092  +1.0000  +0.3284  +0.5900
   5084    812488   160   +7.101    9740    205    436  -0.0419  +0.5563  -0.1629  +0.1894
   5085    812651   163   +9.054   10550    188    406  +0.1246  +0.7691  +0.0792  +0.4007
   5086    812808   157   +7.247   10539    199    318  +0.1071  +0.7661  +0.0812  +0.3252
   5087    812969   161  +10.895   11517    188    369  +0.2733  +1.0000  +0.4253  +0.5280
   5088    813122   153  +10.234   11295    183    352  +0.2534  +0.9646  +0.2238  +0.5442
   5089    813277   155  +11.462   11956    184    421  +0.3074  +1.0000  +0.4396  +0.6289
   5090    813439   162   +9.301   11872    199    292  +0.2581  +1.0000  +0.3124  +0.4892
   5091    813599   160   +8.157   10989    188    292  +0.2124  +0.8842  +0.2421  +0.4647
   5092    813756   157   +7.777   10240    190    356  +0.0840  +0.6878  +0.0048  +0.3498
   5093    813915   159  +10.808   11207    191    376  +0.2302  +0.9415  +0.3970  +0.4664
   5094    814076   161   +9.104   11718    214    349  +0.1956  +1.0000  +0.2419  +0.3720
   5095    814240   164   +6.403    9594    187    315  +0.0180  +0.5181  -0.0245  +0.2829
   5096    814398   158  +10.066   11476    205    328  +0.2132  +1.0000  +0.2712  +0.4004
   5097    814559   161   +9.998   11872    191    284  +0.3033  +1.0000  +0.4797  +0.5571
   5098    814720   161   +9.356   12459    202    294  +0.3051  +1.0000  +0.5860  +0.5390
   5099    814888   168   +3.468    8092    213    343  -0.2505  +0.1239  -0.3537  -0.0492
   5100    815048   160   +8.309   10946    189    331  +0.1845  +0.8731  +0.1187  +0.4474

  ── rolling mean (last 100 ep) ──  cum_R=+8.830  yield=11033 kg/ha  N=197  W=353 mm  R_seas=+0.1676  R_ane=+0.4030

   5101    815202   154   +8.391   11215    202    266  +0.2101  +0.9436  +0.3315  +0.3897
   5102    815357   155   +9.278   11104    189    321  +0.2107  +0.9143  +0.1669  +0.4715
   5103    815517   160   +9.050   11185    208    392  +0.1624  +0.9358  +0.2507  +0.3431
   5104    815676   159  +10.993   11775    182    281  +0.3164  +1.0000  +0.3554  +0.6201
   5105    815837   161   +8.874   11461    195    257  +0.2509  +1.0000  +0.2663  +0.4696
   5106    815999   162   +8.752   10801    198    284  +0.1583  +0.8349  +0.2063  +0.3665
   5107    816161   162   +7.032   10054    190    342  +0.0732  +0.6389  +0.1103  +0.3217
   5108    816319   158  +10.437   12281    189    288  +0.3326  +1.0000  +0.5015  +0.6268
   5109    816478   159   +9.087   11158    202    352  +0.1586  +0.9285  +0.0164  +0.3816
   5110    816635   157   +5.834   10097    212    326  +0.0121  +0.6502  -0.0263  +0.1901
   5111    816797   162   +8.652   11510    210    354  +0.1930  +1.0000  +0.2201  +0.3729
   5112    816951   154   +5.161    9406    194    288  -0.0196  +0.4688  -0.0345  +0.2122
   5113    817109   158  +10.100   11341    200    389  +0.1989  +0.9767  +0.2049  +0.4192
   5114    817270   161   +8.824   10851    188    280  +0.2106  +0.8480  +0.3740  +0.4456
   5115    817428   158  +10.386   11508    185    362  +0.2812  +1.0000  +0.3903  +0.5536
   5116    817597   169  +10.101   11321    210    392  +0.1702  +0.9715  +0.2125  +0.3495
   5117    817760   163  +10.228   11683    187    328  +0.2898  +1.0000  +0.3832  +0.5641
   5118    817918   158   +9.790   11778    194    279  +0.3003  +1.0000  +0.5924  +0.5197
   5119    818081   163   +8.421   11380    204    267  +0.2301  +0.9870  +0.4043  +0.3949
   5120    818242   161   +4.875    9188    206    347  -0.0807  +0.4115  -0.0245  +0.1149
   5121    818398   156  +10.217   11956    196    334  +0.2869  +1.0000  +0.5180  +0.5256
   5122    818550   152   +9.427   11617    207    333  +0.2364  +1.0000  +0.5080  +0.4013
   5123    818713   163   +8.128   10761    193    319  +0.1547  +0.8245  +0.1515  +0.3909
   5124    818877   164  +10.034   12053    191    370  +0.2898  +1.0000  +0.3980  +0.5762
   5125    819039   162   +8.432   11336    205    288  +0.2005  +0.9754  +0.2217  +0.3819
   5126    819198   159   +7.338   10425    189    383  +0.1069  +0.7362  +0.0393  +0.3783
   5127    819359   161  +10.013   11974    202    342  +0.2642  +1.0000  +0.4785  +0.4818
   5128    819515   156   +8.809   11523    197    362  +0.2286  +1.0000  +0.2325  +0.4618
   5129    819675   160  +10.445   11619    194    400  +0.2541  +1.0000  +0.3965  +0.4987
   5130    819836   161   +8.603   10990    190    237  +0.2314  +0.8845  +0.4392  +0.4424
   5131    819997   161  +10.013   11966    190    347  +0.2872  +1.0000  +0.3580  +0.5711
   5132    820157   160   +7.513    9985    212    382  -0.0086  +0.6209  -0.0295  +0.1785
   5133    820322   165   +8.042   10042    199    368  +0.0326  +0.6358  -0.0114  +0.2626
   5134    820484   162   +7.036    9661    205    399  -0.0389  +0.5358  -0.0891  +0.1775
   5135    820642   158   +8.331   10920    207    333  +0.1353  +0.8662  +0.1549  +0.3207
   5136    820800   158   +5.732    9624    204    389  -0.0448  +0.5261  -0.1357  +0.1765
   5137    820957   157   +9.803   11703    197    388  +0.2350  +1.0000  +0.2513  +0.4827
   5138    821113   156   +8.838   10925    207    418  +0.1233  +0.8675  +0.1613  +0.3200
   5139    821271   158   +8.492   11040    199    331  +0.1799  +0.8977  +0.2623  +0.3847
   5140    821437   166  +10.823   11940    206    403  +0.2243  +1.0000  +0.3028  +0.4487
   5141    821595   158  +10.782   11428    201    415  +0.2045  +0.9995  +0.2357  +0.4207
   5142    821758   163  +10.012   11814    210    382  +0.2128  +1.0000  +0.3360  +0.4040
   5143    821922   164   +9.813   11399    198    329  +0.2314  +0.9920  +0.3261  +0.4377
   5144    822081   159   +9.593   11555    202    342  +0.2208  +1.0000  +0.2515  +0.4300
   5145    822243   162   +7.992   10720    199    318  +0.1405  +0.8138  +0.2181  +0.3449
   5146    822402   159   +8.722   10910    212    382  +0.1155  +0.8636  +0.1726  +0.2867
   5147    822559   157   +7.146   10166    187    318  +0.0809  +0.6683  -0.0654  +0.3574
   5148    822714   155   +7.614    9989    191    331  +0.0687  +0.6218  +0.1471  +0.3080
   5149    822877   163   +6.122    9558    214    340  -0.0686  +0.5085  -0.1607  +0.1157
   5150    823038   161   +9.677   11830    208    377  +0.2169  +1.0000  +0.2999  +0.4211
   5151    823195   157   +7.927   11094    214    384  +0.1390  +0.9117  +0.2648  +0.2930
   5152    823361   166   +6.179   10247    226    366  -0.0029  +0.6895  +0.0102  +0.1342
   5153    823524   163   +8.982   11343    225    386  +0.1250  +0.9773  +0.1038  +0.2580
   5154    823688   164   +7.749    9671    186    346  +0.0292  +0.5383  +0.0247  +0.2979
   5155    823843   155   +9.675   12162    210    325  +0.2586  +1.0000  +0.5336  +0.4473
   5156    823997   154   +6.191    9531    197    417  -0.0537  +0.5016  -0.2469  +0.2078
   5157    824158   161  +10.013   12061    196    362  +0.2802  +1.0000  +0.4252  +0.5423
   5158    824318   160   +9.805   11277    207    389  +0.1753  +0.9598  +0.2338  +0.3635
   5159    824479   161  +10.308   11378    197    329  +0.2155  +0.9862  +0.1623  +0.4428
   5160    824638   159   +8.862   12050    201    326  +0.2649  +1.0000  +0.4033  +0.4963
   5161    824798   160   +9.808   11294    200    363  +0.2075  +0.9642  +0.2989  +0.4149
   5162    824954   156   +9.588   11030    194    378  +0.1839  +0.8950  +0.2398  +0.4195
   5163    825113   159   +9.084   11187    197    318  +0.2160  +0.9361  +0.3722  +0.4187
   5164    825278   165   +5.555    8914    208    414  -0.1575  +0.3395  -0.3357  +0.0707
   5165    825438   160   +5.381    9922    205    271  +0.0186  +0.6043  -0.0035  +0.2090
   5166    825594   156   +8.844   11188    194    291  +0.2157  +0.9366  +0.2276  +0.4437
   5167    825747   153  +10.046   11187    187    359  +0.2281  +0.9362  +0.2363  +0.4981
   5168    825905   158  +10.126   10712    181    440  +0.1743  +0.8116  +0.2098  +0.4785
   5169    826065   160   +5.853    9978    212    370  -0.0054  +0.6190  +0.0040  +0.1751
   5170    826224   159   +5.957    9332    193    332  -0.0484  +0.4495  -0.1858  +0.2067
   5171    826387   163  +10.671   12130    204    387  +0.2396  +1.0000  +0.2729  +0.4886
   5172    826543   156   +8.527   10726    203    409  +0.0988  +0.8153  +0.0409  +0.3181
   5173    826700   157   +8.809   11189    211    313  +0.1698  +0.9368  +0.2824  +0.3233
   5174    826857   157  +10.066   11239    192    317  +0.2278  +0.9499  +0.2750  +0.4634
   5175    827014   157   +9.834   11610    196    338  +0.2520  +1.0000  +0.3620  +0.4787
   5176    827177   163   +6.883   10030    197    275  +0.0492  +0.6327  -0.0144  +0.2718
   5177    827335   158   +9.722   11942    200    351  +0.2521  +1.0000  +0.3321  +0.4913
   5178    827504   169   +7.029   10248    217    352  +0.0154  +0.6898  -0.0097  +0.1794
   5179    827667   163   +6.748   10200    202    310  +0.0631  +0.6770  +0.1169  +0.2592
   5180    827831   164   +9.405   11448    213    317  +0.1728  +1.0000  +0.0753  +0.3444
   5181    827992   161  +10.075   11277    200    369  +0.2224  +0.9598  +0.4748  +0.4134
   5182    828156   164   +9.167   11428    206    328  +0.1970  +0.9995  +0.1642  +0.3874
   5183    828320   164  +10.145   12612    204    316  +0.2983  +1.0000  +0.5357  +0.5430
   5184    828478   158  +11.118   11477    196    393  +0.2276  +1.0000  +0.2574  +0.4648
   5185    828644   166   +7.951   10506    217    365  +0.0521  +0.7575  +0.0796  +0.2112
   5186    828798   154   +8.141   11013    211    374  +0.1310  +0.8906  +0.1774  +0.3044
   5187    828961   163   +8.875   11268    198    315  +0.1962  +0.9573  +0.1032  +0.4220
   5188    829113   152   +7.438   10709    213    320  +0.1141  +0.8108  +0.3219  +0.2553
   5189    829273   160  +10.440   12010    196    295  +0.3002  +1.0000  +0.5735  +0.5304
   5190    829441   168   +6.413    9612    213    421  -0.0679  +0.5229  -0.1163  +0.1277
   5191    829602   161   +8.135   11038    213    370  +0.1135  +0.8971  +0.0172  +0.2950
   5192    829763   161  +10.598   11138    201    394  +0.1758  +0.9235  +0.2414  +0.3875
   5193    829923   160   +4.591    8660    203    316  -0.1482  +0.2729  -0.2112  +0.0676
   5194    830080   157   +7.340   10205    197    312  +0.0669  +0.6784  +0.0117  +0.2948
   5195    830237   157   +7.489   10602    201    371  +0.0904  +0.7827  -0.0124  +0.3165
   5196    830393   156   +8.120   10248    185    372  +0.1056  +0.6896  +0.0951  +0.3862
   5197    830558   165   +6.773   10132    200    275  +0.0629  +0.6594  +0.0873  +0.2639
   5198    830723   165   +9.103   11084    198    337  +0.1780  +0.9093  +0.1734  +0.3971
   5199    830880   157   +7.006   10593    191    334  +0.1253  +0.7804  +0.0040  +0.3873
   5200    831042   162   +9.573   11612    212    306  +0.2305  +1.0000  +0.5459  +0.3668

  ── rolling mean (last 100 ep) ──  cum_R=+8.599  yield=10961 kg/ha  N=201  W=345 mm  R_seas=+0.1514  R_ane=+0.3677

   5201    831199   157   +6.440    9815    194    357  +0.0248  +0.5761  +0.0270  +0.2667
   5202    831361   162   +7.275   10521    191    330  +0.1227  +0.7614  +0.0556  +0.3785
   5203    831522   161   +8.796   10861    203    315  +0.1498  +0.8507  +0.2425  +0.3378
   5204    831691   169   +8.458   11075    201    292  +0.1835  +0.9068  +0.2445  +0.3781
   5205    831849   158   +9.349   10686    185    282  +0.1940  +0.8047  +0.3133  +0.4469
   5206    832008   159   +8.183   11151    200    261  +0.2130  +0.9267  +0.3647  +0.3974
   5207    832166   158   +8.422   11250    206    303  +0.1943  +0.9528  +0.2981  +0.3669
   5208    832324   158  +10.390   11870    204    386  +0.2337  +1.0000  +0.3364  +0.4575
   5209    832488   164   +7.724   10463    213    318  +0.0611  +0.7462  +0.0549  +0.2293
   5210    832647   159  +11.428   12430    195    375  +0.2949  +1.0000  +0.3872  +0.5938
   5211    832802   155   +8.863   11720    202    328  +0.2328  +1.0000  +0.2832  +0.4469
   5212    832964   162   +6.630   10234    205    335  +0.0556  +0.6862  +0.1068  +0.2466
   5213    833127   163   +9.199   11110    205    320  +0.1663  +0.9159  +0.1736  +0.3576
   5214    833284   157   +9.708   11375    195    355  +0.2374  +0.9855  +0.3649  +0.4568
   5215    833442   158   +7.666   10779    194    306  +0.1638  +0.8291  +0.2040  +0.3925
   5216    833601   159   +6.767   10619    207    334  +0.0836  +0.7871  -0.0059  +0.2814
   5217    833763   162   +8.807   11228    206    313  +0.1746  +0.9470  +0.1569  +0.3602
   5218    833925   162   +8.608   11522    226    319  +0.1845  +1.0000  +0.4836  +0.2725
   5219    834086   161  +10.399   12100    206    374  +0.2641  +1.0000  +0.5922  +0.4648
   5220    834249   163   +9.802   11787    205    307  +0.2289  +1.0000  +0.2610  +0.4349
   5221    834407   158   +7.374   10753    197    278  +0.1491  +0.8223  +0.1505  +0.3629
   5222    834567   160  +10.781   11753    180    303  +0.3335  +1.0000  +0.5024  +0.6343
   5223    834723   156   +9.131   11088    196    368  +0.1803  +0.9103  +0.1787  +0.4126
   5224    834884   161  +10.070   12350    210    337  +0.2521  +1.0000  +0.3950  +0.4702
   5225    835036   152   +7.194   10199    198    332  +0.0627  +0.6768  +0.0232  +0.2897
   5226    835205   169   +5.737    9355    200    215  -0.0242  +0.4553  +0.0180  +0.1685
   5227    835358   153   +4.259    8989    199    353  -0.1041  +0.3594  -0.1682  +0.1271
   5228    835519   161   +8.810   11620    209    297  +0.2117  +1.0000  +0.2529  +0.3898
   5229    835676   157   +7.909   10718    204    275  +0.1578  +0.8133  +0.4427  +0.3162
   5230    835836   160   +5.885    8840    204    397  -0.1387  +0.3203  -0.1636  +0.0805
   5231    835994   158  +10.624   11210    200    412  +0.1823  +0.9424  +0.2379  +0.3994
   5232    836150   156   +9.712   11378    187    260  +0.2855  +0.9863  +0.4411  +0.5220
   5233    836315   165   +6.847   10386    212    374  +0.0389  +0.7259  -0.0081  +0.2234
   5234    836478   163   +8.814   11400    212    286  +0.1884  +0.9922  +0.2164  +0.3416
   5235    836646   168   +6.395    9737    226    355  -0.0625  +0.5557  -0.0417  +0.0774
   5236    836810   164  +10.011   11495    210    382  +0.1817  +1.0000  +0.1738  +0.3666
   5237    836965   155   +7.945   11510    204    305  +0.2233  +1.0000  +0.2865  +0.4134
   5238    837125   160   +8.355   11695    216    302  +0.2001  +1.0000  +0.2857  +0.3547
   5239    837286   161   +8.951   11333    200    289  +0.2125  +0.9745  +0.2010  +0.4178
   5240    837447   161  +10.860   11500    192    365  +0.2580  +1.0000  +0.3921  +0.4963
   5241    837609   162  +10.073   11501    196    335  +0.2546  +1.0000  +0.4365  +0.4653
   5242    837773   164   +8.636   11117    198    335  +0.1727  +0.9177  +0.0782  +0.4017
   5243    837937   164   +8.018   11094    207    331  +0.1517  +0.9117  +0.1357  +0.3369
   5244    838099   162   +9.634   10876    200    381  +0.1468  +0.8546  +0.2083  +0.3611
   5245    838249   150   +9.926   10838    193    411  +0.1485  +0.8446  +0.1311  +0.4025
   5246    838411   162   +9.773   11752    215    386  +0.2001  +1.0000  +0.3677  +0.3655
   5247    838578   167   +4.128    9238    224    268  -0.1209  +0.4248  -0.2421  +0.0309
   5248    838739   161  +10.267   12098    212    283  +0.2638  +1.0000  +0.6012  +0.4276
   5249    838896   157   +5.652    9698    212    308  -0.0295  +0.5455  -0.0268  +0.1452
   5250    839058   162   +8.463   11309    217    326  +0.1601  +0.9683  +0.2091  +0.3027
   5251    839219   161   +9.757   11398    211    346  +0.1864  +0.9916  +0.2501  +0.3509
   5252    839377   158   +6.456    9265    192    382  -0.0354  +0.4317  +0.0525  +0.2093
   5253    839537   160   +7.689    9545    196    447  -0.0408  +0.5052  -0.1080  +0.2144
   5254    839695   158   +7.944   10768    198    287  +0.1527  +0.8263  +0.2068  +0.3586
   5255    839853   158  +10.486   11876    210    405  +0.2079  +1.0000  +0.2742  +0.4157
   5256    840004   151   +5.895    9326    190    325  -0.0095  +0.4478  +0.1182  +0.2261
   5257    840169   165   +9.223   10973    210    342  +0.1317  +0.8801  +0.1425  +0.3090
   5258    840327   158  +11.525   11579    183    324  +0.3007  +1.0000  +0.4278  +0.5789
   5259    840492   165   +9.604   11636    210    348  +0.1969  +1.0000  +0.1953  +0.3865
   5260    840649   157   +8.018   10485    220    388  +0.0347  +0.7520  +0.0380  +0.1905
   5261    840804   155   +8.892   11342    198    314  +0.2387  +0.9770  +0.4398  +0.4315
   5262    840963   159   +9.543   12023    205    342  +0.2566  +1.0000  +0.4591  +0.4674
   5263    841124   161   +6.183    9888    208    351  -0.0222  +0.5952  -0.1876  +0.1885
   5264    841286   162   +8.076   10932    211    374  +0.1293  +0.8694  +0.2462  +0.2961
   5265    841445   159   +7.941   10944    206    268  +0.1693  +0.8724  +0.3509  +0.3280
   5266    841608   163   +9.910   12728    201    321  +0.3010  +1.0000  +0.4224  +0.5798
   5267    841758   150   +9.813   11750    193    342  +0.2757  +1.0000  +0.4322  +0.5222
   5268    841919   161  +10.010   11062    218    456  +0.1071  +0.9035  +0.1706  +0.2689
   5269    842086   167   +9.262   11238    199    309  +0.2000  +0.9496  +0.1963  +0.4107
   5270    842243   157   +9.377   11778    201    262  +0.2654  +1.0000  +0.4344  +0.4657
   5271    842399   156   +8.382   10834    201    313  +0.1474  +0.8434  +0.2015  +0.3459
   5272    842557   158   +9.321   11084    209    367  +0.1360  +0.9091  +0.0839  +0.3261
   5273    842720   163   +5.957    9427    206    343  -0.0694  +0.4744  -0.1937  +0.1445
   5274    842879   159   +9.943   12225    212    362  +0.2328  +1.0000  +0.3686  +0.4379
   5275    843038   159   +9.227   11420    210    353  +0.2115  +0.9975  +0.4556  +0.3615
   5276    843197   159   +6.242   10256    218    337  +0.0267  +0.6918  +0.0910  +0.1754
   5277    843358   161   +6.972   10980    207    287  +0.1514  +0.8819  +0.1772  +0.3281
   5278    843518   160   +9.824   11177    207    426  +0.1503  +0.9335  +0.1690  +0.3473
   5279    843676   158   +9.801   12686    222    374  +0.2325  +1.0000  +0.4312  +0.4262
   5280    843838   162   +6.385    9955    207    325  +0.0210  +0.6129  +0.1120  +0.2008
   5281    844004   166   +6.106   10185    217    251  +0.0268  +0.6732  +0.0149  +0.1740
   5282    844163   159   +9.847   11376    202    325  +0.2248  +0.9859  +0.3880  +0.4083
   5283    844320   157   +8.682   11404    199    350  +0.2264  +0.9931  +0.3255  +0.4326
   5284    844479   159  +11.551   12307    195    457  +0.2853  +1.0000  +0.4881  +0.5750
   5285    844640   161  +10.706   12540    208    368  +0.2835  +1.0000  +0.5986  +0.5096
   5286    844799   159  +10.044   12348    196    323  +0.3017  +1.0000  +0.4451  +0.5766
   5287    844961   162   +4.619    8770    219    372  -0.1781  +0.3019  -0.2378  +0.0024
   5288    845127   166   +7.832   10789    219    336  +0.0854  +0.8319  +0.0987  +0.2323
   5289    845287   160   +8.123   11433    224    331  +0.1576  +1.0000  +0.2200  +0.2754
   5290    845448   161  +10.207   11666    193    346  +0.2663  +1.0000  +0.3749  +0.5143
   5291    845612   164   +9.023   11820    230    283  +0.1825  +1.0000  +0.3520  +0.2868
   5292    845778   166   +7.882   10686    202    297  +0.1255  +0.8047  +0.1623  +0.3191
   5293    845935   157   +4.631    9744    223    337  -0.0678  +0.5576  -0.1900  +0.0933
   5294    846090   155   +6.891   10574    215    338  +0.0744  +0.7752  +0.1444  +0.2294
   5295    846252   162   +8.538   11064    198    308  +0.1976  +0.9039  +0.3354  +0.3983
   5296    846414   162   +7.960   11537    212    309  +0.1792  +1.0000  +0.0676  +0.3593
   5297    846576   162  +10.101   11702    214    450  +0.1711  +1.0000  +0.1576  +0.3695
   5298    846740   164   +5.353    9866    219    289  -0.0266  +0.5895  -0.0552  +0.1247
   5299    846901   161   +7.152   10070    201    323  +0.0498  +0.6429  +0.1269  +0.2498
   5300    847062   161   +9.961   11226    213    386  +0.1543  +0.9463  +0.2305  +0.3189

  ── rolling mean (last 100 ep) ──  cum_R=+8.460  yield=11011 kg/ha  N=205  W=336 mm  R_seas=+0.1461  R_ane=+0.3441

   5301    847225   163   +9.830   11255    205    427  +0.1506  +0.9540  +0.0099  +0.3755
   5302    847385   160   +7.151   10179    217    363  -0.0064  +0.6718  -0.1369  +0.1722
   5303    847549   164   +8.479   11635    223    296  +0.1694  +1.0000  +0.1714  +0.3040
   5304    847609    60   -8.282       0      7     72  -0.7728  -1.0000  -1.0000  -1.0000
   5305    847772   163   +8.762   11238    209    356  +0.1652  +0.9496  +0.1889  +0.3435
   5306    847936   164   +9.012   10621    200    370  +0.1149  +0.7878  +0.1651  +0.3298
   5307    848095   159   +7.164   10382    197    327  +0.0907  +0.7250  +0.0582  +0.3193
   5308    848256   161  +10.378   12018    192    394  +0.2924  +1.0000  +0.5087  +0.5641
   5309    848420   164   +6.771   10120    206    290  +0.0493  +0.6563  +0.1246  +0.2283
   5310    848582   162   +7.079   10601    211    398  +0.0533  +0.7824  -0.0902  +0.2534
   5311    848738   156   +9.965   12045    210    357  +0.2359  +1.0000  +0.4062  +0.4346
   5312    848898   160   +8.746   11347    202    284  +0.2258  +0.9782  +0.3836  +0.4014
   5313    849064   166   +9.663   11689    220    360  +0.1839  +1.0000  +0.3084  +0.3303
   5314    849220   156   +8.114   11225    209    394  +0.1485  +0.9462  +0.0797  +0.3452
   5315    849379   159  +10.500   12412    204    340  +0.2833  +1.0000  +0.4925  +0.5250
   5316    849539   160   +8.812   10836    199    362  +0.1467  +0.8440  +0.1980  +0.3631
   5317    849697   158  +10.561   11268    200    375  +0.2167  +0.9573  +0.4415  +0.4110
   5318    849852   155   +7.822   10482    204    348  +0.0815  +0.7513  +0.0773  +0.2828
   5319    850015   163  +11.058   10997    196    402  +0.1670  +0.8863  +0.1889  +0.4048
   5320    850175   160   +6.387   10239    217    378  +0.0085  +0.6874  -0.0397  +0.1808
   5321    850336   161   +8.710   11349    218    403  +0.1488  +0.9788  +0.1888  +0.3014
   5322    850498   162   +9.851   11877    216    344  +0.2046  +1.0000  +0.3157  +0.3740
   5323    850656   158   +8.633   10886    205    425  +0.1244  +0.8573  +0.1827  +0.3263
   5324    850818   162   +9.800   11471    202    341  +0.2302  +1.0000  +0.3849  +0.4195
   5325    850972   154   +6.022    9050    178    391  -0.0434  +0.3754  -0.1140  +0.2697
   5326    851130   158   +7.321   10454    203    340  +0.0813  +0.7440  +0.0644  +0.2871
   5327    851286   156   +6.012    9688    194    339  +0.0020  +0.5427  -0.0772  +0.2496
   5328    851445   159   +8.596   10429    211    402  +0.0566  +0.7372  +0.1343  +0.2353
   5329    851610   165   +9.920   11950    197    257  +0.2866  +1.0000  +0.4443  +0.5142
   5330    851766   156   +6.624    9940    208    312  +0.0015  +0.6089  -0.0680  +0.1947
   5331    851926   160   +9.110   12234    208    284  +0.2647  +1.0000  +0.4563  +0.4667
   5332    852086   160  +10.880   12073    209    378  +0.2278  +1.0000  +0.3159  +0.4447
   5333    852245   159  +11.113   11825    211    406  +0.1962  +1.0000  +0.2259  +0.3987
   5334    852404   159  +10.640   12367    205    364  +0.2621  +1.0000  +0.3771  +0.5100
   5335    852569   165   +8.696   10838    205    338  +0.1342  +0.8446  +0.2098  +0.3194
   5336    852727   158   +6.737   10535    210    313  +0.0859  +0.7650  +0.1571  +0.2520
   5337    852885   158   +7.350   10478    196    312  +0.1129  +0.7502  +0.1321  +0.3350
   5338    853038   153   +6.107    9751    207    348  -0.0065  +0.5593  +0.0893  +0.1801
   5339    853195   157   +9.099   11129    180    246  +0.2818  +0.9211  +0.4650  +0.5423
   5340    853353   158   +8.043   10211    204    408  +0.0282  +0.6799  -0.0534  +0.2494
   5341    853513   160   +9.281   11283    200    257  +0.2484  +0.9613  +0.5624  +0.4134
   5342    853668   155   +8.911   11422    214    391  +0.1551  +0.9978  +0.0543  +0.3347
   5343    853827   159   +9.891   12500    210    275  +0.2761  +1.0000  +0.4709  +0.4882
   5344    853986   159   +9.017   11640    201    252  +0.2590  +1.0000  +0.4351  +0.4458
   5345    854143   157   +8.995   11933    206    368  +0.2338  +1.0000  +0.3332  +0.4517
   5346    854301   158  +10.560   11643    210    460  +0.1856  +1.0000  +0.2539  +0.3856
   5347    854468   167   +8.186   10994    222    376  +0.1064  +0.8854  +0.2134  +0.2378
   5348    854630   162   +7.813   10233    211    414  +0.0314  +0.6858  +0.1264  +0.2112
   5349    854792   162   +9.316   11556    206    343  +0.1937  +1.0000  +0.0807  +0.4049
   5350    854951   159   +8.536   11424    202    320  +0.2265  +0.9984  +0.3495  +0.4122
   5351    855110   159  +10.755   11977    194    335  +0.2945  +1.0000  +0.5138  +0.5461
   5352    855271   161  +10.322   12172    199    264  +0.3039  +1.0000  +0.5551  +0.5324
   5353    855433   162  +10.293   11803    195    339  +0.2767  +1.0000  +0.4865  +0.5097
   5354    855593   160   +8.929   12132    207    299  +0.2509  +1.0000  +0.3443  +0.4660
   5355    855753   160   +9.539   11277    216    387  +0.1496  +0.9598  +0.2151  +0.3029
   5356    855909   156   +5.132    9732    212    273  -0.0198  +0.5544  -0.0133  +0.1472
   5357    856066   157   +9.205   11189    196    304  +0.2142  +0.9367  +0.2979  +0.4271
   5358    856230   164   +8.139   10742    209    309  +0.1093  +0.8195  +0.1266  +0.2827
   5359    856393   163   +4.929    8959    198    355  -0.1029  +0.3514  -0.1391  +0.1284
   5360    856551   158  +10.138   11503    193    308  +0.2650  +1.0000  +0.3992  +0.4906
   5361    856718   167   +9.376   11866    208    358  +0.2281  +1.0000  +0.3532  +0.4288
   5362    856878   160   +4.073    9028    207    291  -0.1110  +0.3695  -0.2125  +0.0912
   5363    857038   160   +7.018   10084    194    308  +0.0747  +0.6466  +0.1342  +0.3021
   5364    857205   167   +9.343   12064    206    304  +0.2495  +1.0000  +0.3428  +0.4645
   5365    857362   157   +8.270   11336    203    295  +0.2161  +0.9753  +0.3247  +0.3978
   5366    857519   157   +8.016   10772    202    376  +0.1303  +0.8272  +0.2024  +0.3366
   5367    857677   158   +9.155   11417    202    313  +0.2139  +0.9967  +0.2018  +0.4161
   5368    857841   164   +9.710   12051    222    392  +0.1963  +1.0000  +0.3734  +0.3570
   5369    858001   160   +7.213   10767    207    319  +0.1130  +0.8260  +0.0815  +0.3030
   5370    858161   160   +7.929   10767    209    354  +0.1187  +0.8259  +0.2430  +0.2902
   5371    858324   163   +6.258   10042    218    352  -0.0175  +0.6357  -0.0856  +0.1498
   5372    858480   156  +10.098   12310    210    410  +0.2356  +1.0000  +0.3673  +0.4636
   5373    858639   159  +10.007   12152    204    430  +0.2398  +1.0000  +0.3496  +0.4859
   5374    858795   156  +10.200   11454    204    416  +0.2008  +1.0000  +0.2594  +0.4058
   5375    858955   160   +9.909   11856    213    438  +0.2110  +1.0000  +0.4404  +0.3942
   5376    859117   162   +6.572   10001    206    330  +0.0188  +0.6249  +0.0035  +0.2165
   5377    859274   157   +9.469   11837    206    323  +0.2401  +1.0000  +0.3770  +0.4398
   5378    859436   162  +10.897   11820    204    453  +0.2182  +1.0000  +0.3327  +0.4447
   5379    859599   163   +5.139   10021    216    280  +0.0090  +0.6303  +0.0358  +0.1622
   5380    859763   164   +7.828   11198    215    231  +0.1736  +0.9390  +0.2856  +0.2999
   5381    859928   165   +8.515   10990    215    309  +0.1472  +0.8845  +0.3564  +0.2793
   5382    860088   160   +6.964   10254    211    396  +0.0255  +0.6913  +0.0065  +0.2161
   5383    860244   156   +9.502   11474    205    310  +0.2080  +1.0000  +0.2018  +0.3982
   5384    860406   162   +7.533   10263    216    320  +0.0244  +0.6938  -0.0067  +0.1866
   5385    860565   159   +9.690   11295    209    364  +0.1771  +0.9645  +0.2600  +0.3488
   5386    860728   163  +10.548   11913    186    373  +0.2905  +1.0000  +0.3284  +0.5965
   5387    860888   160  +11.141   11976    185    327  +0.3291  +1.0000  +0.5616  +0.6175
   5388    861048   160   +8.950   11111    198    295  +0.2029  +0.9163  +0.3113  +0.4048
   5389    861205   157  +10.296   12369    207    387  +0.2716  +1.0000  +0.5632  +0.4960
   5390    861361   156   +5.060    9612    215    280  -0.0586  +0.5229  -0.1857  +0.1158
   5391    861523   162   +8.158   11271    211    389  +0.1534  +0.9583  +0.1183  +0.3383
   5392    861689   166   +8.242   10896    219    324  +0.0935  +0.8598  +0.0540  +0.2421
   5393    861846   157   +6.343   10074    219    348  -0.0137  +0.6440  -0.0669  +0.1479
   5394    862001   155   +7.932   10679    201    375  +0.1148  +0.8028  +0.1353  +0.3294
   5395    862160   159   +9.184   11634    202    264  +0.2623  +1.0000  +0.5178  +0.4376
   5396    862320   160   +5.086    9714    211    297  -0.0257  +0.5497  -0.0442  +0.1521
   5397    862480   160   +8.253   11060    212    372  +0.1325  +0.9029  +0.1587  +0.3045
   5398    862642   162   +6.869    9174    198    376  -0.0757  +0.4078  -0.0913  +0.1575
   5399    862803   161  +10.437   11643    196    367  +0.2575  +1.0000  +0.4210  +0.4889
   5400    862965   162   +9.121   11661    219    332  +0.2055  +1.0000  +0.4805  +0.3307

  ── rolling mean (last 100 ep) ──  cum_R=+8.394  yield=10971 kg/ha  N=204  W=343 mm  R_seas=+0.1402  R_ane=+0.3350

   5401    863120   155   +7.889   10705    210    314  +0.1058  +0.8098  +0.1628  +0.2731
   5402    863281   161   +9.021   11592    208    347  +0.2048  +1.0000  +0.2551  +0.3909
   5403    863441   160  +12.018   12046    193    370  +0.3024  +1.0000  +0.5959  +0.5581
   5404    863596   155   +5.656    9852    205    302  +0.0106  +0.5859  +0.0414  +0.2009
   5405    863752   156   +5.751    9099    210    403  -0.1155  +0.3881  -0.0956  +0.0812
   5406    863912   160   +9.981   12748    206    301  +0.2914  +1.0000  +0.4170  +0.5498
   5407    864077   165   +6.707    9606    219    455  -0.0896  +0.5214  -0.1544  +0.0969
   5408    864241   164   +8.116   10122    196    327  +0.0539  +0.6566  -0.0319  +0.2924
   5409    864404   163   +5.733    8664    192    386  -0.1430  +0.2741  -0.3000  +0.1285
   5410    864565   161   +9.526   11556    208    339  +0.2082  +1.0000  +0.2708  +0.3923
   5411    864727   162   +8.647   10506    198    424  +0.0885  +0.7575  +0.0692  +0.3269
   5412    864888   161  +10.318   11339    200    436  +0.1889  +0.9761  +0.1842  +0.4172
   5413    865050   162   +9.629   11794    202    301  +0.2585  +1.0000  +0.4593  +0.4571
   5414    865212   162   +9.618   11406    199    348  +0.2180  +0.9936  +0.2459  +0.4305
   5415    865382   170   +8.381   10973    228    355  +0.0682  +0.8801  -0.0399  +0.2008
   5416    865544   162   +8.470   11873    215    297  +0.1980  +1.0000  +0.1643  +0.3780
   5417    865707   163   +8.923   12466    217    339  +0.2287  +1.0000  +0.3008  +0.4361
   5418    865867   160   +9.133   12172    223    404  +0.1987  +1.0000  +0.3858  +0.3641
   5419    866025   158   +8.032   11003    207    316  +0.1515  +0.8880  +0.2031  +0.3292
   5420    866180   155   +9.960   11521    193    344  +0.2672  +1.0000  +0.4602  +0.4944
   5421    866342   162   +9.324   11317    209    312  +0.1940  +0.9704  +0.3270  +0.3514
   5422    866498   156   +7.313   10022    200    417  +0.0057  +0.6304  -0.1442  +0.2503
   5423    866656   158   +6.329    9495    208    407  -0.0704  +0.4922  -0.1306  +0.1393
   5424    866821   165   +8.247   10922    205    383  +0.1168  +0.8665  +0.0061  +0.3298
   5425    866977   156   +9.540   11504    188    306  +0.2952  +1.0000  +0.5442  +0.5294
   5426    867133   156   +9.389   10447    187    358  +0.1365  +0.7420  +0.2084  +0.3973
   5427    867297   164   +8.138   10310    207    380  +0.0354  +0.7061  -0.0712  +0.2449
   5428    867457   160   +7.287   10406    206    305  +0.0672  +0.7312  +0.0061  +0.2614
   5429    867619   162   +9.188   10802    204    417  +0.1092  +0.8351  +0.0742  +0.3264
   5430    867784   165   +8.588   11328    217    310  +0.1637  +0.9732  +0.2084  +0.3025
   5431    867945   161   +8.975   11874    203    392  +0.2182  +1.0000  +0.1714  +0.4619
   5432    868106   161   +8.443   10991    209    353  +0.1357  +0.8848  +0.1691  +0.3139
   5433    868261   155  +10.415   11174    187    376  +0.2248  +0.9328  +0.2683  +0.4906
   5434    868421   160   +7.019   10634    215    316  +0.0748  +0.7912  +0.0455  +0.2370
   5435    868577   156   +8.960   11078    201    328  +0.1727  +0.9077  +0.1881  +0.3777
   5436    868743   166   +8.794   10852    208    356  +0.1198  +0.8483  +0.1412  +0.3050
   5437    868898   155   +9.262   11158    200    402  +0.1693  +0.9286  +0.1411  +0.3957
   5438    869060   162   +8.151   11098    216    259  +0.1591  +0.9129  +0.3015  +0.2865
   5439    869218   158   +7.022   10428    211    340  +0.0541  +0.7371  +0.0244  +0.2334
   5440    869374   156  +10.412   11913    195    317  +0.2801  +1.0000  +0.4153  +0.5280
   5441    869533   159   +7.564   10629    207    299  +0.1181  +0.7898  +0.2771  +0.2819
   5442    869696   163   +9.081   11406    220    350  +0.1556  +0.9938  +0.1650  +0.2955
   5443    869864   168   +5.118    9502    229    326  -0.1063  +0.4939  -0.2130  +0.0384
   5444    870030   166  +11.162   11714    197    357  +0.2739  +1.0000  +0.5732  +0.4879
   5445    870180   150   +9.860   12162    201    395  +0.2635  +1.0000  +0.4227  +0.5138
   5446    870338   158   +8.410   11031    211    422  +0.1220  +0.8952  +0.1350  +0.3075
   5447    870497   159   +9.019   12078    218    294  +0.2168  +1.0000  +0.3189  +0.3850
   5448    870655   158   +9.215   11530    201    298  +0.2253  +1.0000  +0.2086  +0.4354
   5449    870815   160   +9.738   12277    213    375  +0.2238  +1.0000  +0.2920  +0.4396
   5450    870973   158   +8.346   11100    220    326  +0.1237  +0.9133  +0.1408  +0.2632
   5451    871131   158   +8.225   11402    211    342  +0.1816  +0.9926  +0.1891  +0.3519
   5452    871291   160   +8.493   11120    224    388  +0.0992  +0.9187  +0.0643  +0.2407
   5453    871454   163   +8.886   10694    184    366  +0.1591  +0.8068  +0.0766  +0.4492
   5454    871618   164   +9.672   12027    216    370  +0.2038  +1.0000  +0.2759  +0.3917
   5455    871782   164   +6.963   10761    216    256  +0.1072  +0.8244  +0.1740  +0.2426
   5456    871941   159   +8.081   10942    208    301  +0.1430  +0.8718  +0.1792  +0.3180
   5457    872100   159   +8.651   11544    213    270  +0.2174  +1.0000  +0.4145  +0.3537
   5458    872258   158   +6.265   10173    203    266  +0.0751  +0.6702  +0.2099  +0.2538
   5459    872418   160   +9.170   10943    206    406  +0.1163  +0.8721  +0.0163  +0.3313
   5460    872577   159  +10.242   11025    199    373  +0.1735  +0.8938  +0.2617  +0.3873
   5461    872746   169   +6.222    9906    219    316  -0.0348  +0.6000  -0.1438  +0.1299
   5462    872912   166   +6.487   10375    223    349  +0.0115  +0.7232  -0.0695  +0.1626
   5463    873076   164   +8.514   11489    216    342  +0.1748  +1.0000  +0.2000  +0.3279
   5464    873235   159   +4.707    8912    218    344  -0.1512  +0.3392  -0.1868  +0.0231
   5465    873397   162   +9.411   11447    208    303  +0.2035  +1.0000  +0.2263  +0.3781
   5466    873561   164   +8.942   11898    222    322  +0.1775  +1.0000  +0.1474  +0.3401
   5467    873719   158   +8.740   11942    206    208  +0.2666  +1.0000  +0.4251  +0.4509
   5468    873881   162   +9.982   11969    206    297  +0.2591  +1.0000  +0.4728  +0.4532
   5469    874038   157  +10.889   11730    193    330  +0.2798  +1.0000  +0.4780  +0.5162
   5470    874194   156   +8.674   10338    183    414  +0.1087  +0.7135  +0.0367  +0.4094
   5471    874351   157   +9.034   10781    195    376  +0.1510  +0.8297  +0.2105  +0.3849
   5472    874520   169   +8.044   11335    230    263  +0.1351  +0.9751  +0.1374  +0.2302
   5473    874682   162   +9.035   11968    217    309  +0.2237  +1.0000  +0.4388  +0.3779
   5474    874835   153   +5.095    9403    212    293  -0.0709  +0.4680  -0.1185  +0.1072
   5475    874996   161   +6.770   10725    230    262  +0.0731  +0.8151  +0.1640  +0.1681
   5476    875153   157  +12.669   12678    191    472  +0.3224  +1.0000  +0.5437  +0.6597
   5477    875320   167   +6.559    9712    209    358  -0.0339  +0.5491  -0.0704  +0.1614
   5478    875483   163   +9.146   12000    216    294  +0.2320  +1.0000  +0.4546  +0.3890
   5479    875649   166   +8.420   10953    225    353  +0.0789  +0.8747  +0.0055  +0.2189
   5480    875804   155   +7.163   10007    201    334  +0.0274  +0.6266  -0.0142  +0.2430
   5481    875967   163  +10.280   10874    192    352  +0.1719  +0.8541  +0.1887  +0.4181
   5482    876129   162  +10.278   12478    210    344  +0.2682  +1.0000  +0.5045  +0.4859
   5483    876288   159   +6.115    9908    219    350  -0.0272  +0.6005  -0.0305  +0.1333
   5484    876449   161   +9.414   10694    199    343  +0.1437  +0.8067  +0.3094  +0.3436
   5485    876610   161   +5.282    9740    216    294  -0.0341  +0.5564  -0.0527  +0.1278
   5486    876770   160   +5.946    9806    210    306  -0.0070  +0.5738  +0.0340  +0.1679
   5487    876928   158   +4.073    9145    216    320  -0.1186  +0.4004  -0.1999  +0.0607
   5488    877082   154  +10.790   10795    179    384  +0.2252  +0.8333  +0.4550  +0.5099
   5489    877243   161   +7.746   10430    206    357  +0.0693  +0.7375  +0.0619  +0.2682
   5490    877409   166  +11.779   12939    214    363  +0.2793  +1.0000  +0.5484  +0.5097
   5491    877573   164  +11.645   11585    196    461  +0.2245  +1.0000  +0.2670  +0.4799
   5492    877735   162   +4.297    9110    215    325  -0.1253  +0.3911  -0.2237  +0.0577
   5493    877896   161   +9.131   11285    214    302  +0.2216  +0.9618  +0.7419  +0.3184
   5494    878064   168   +8.172   10449    217    369  +0.0414  +0.7424  +0.0490  +0.2032
   5495    878227   163   +7.622   10642    195    279  +0.1306  +0.7931  +0.0219  +0.3674
   5496    878388   161  +11.315   12520    197    388  +0.3159  +1.0000  +0.6404  +0.5876
   5497    878544   156   +8.951   11636    201    352  +0.2427  +1.0000  +0.4075  +0.4494
   5498    878701   157   +7.553   10611    195    364  +0.1301  +0.7851  +0.1993  +0.3587
   5499    878861   160   +5.401    9254    212    343  -0.0888  +0.4290  -0.0636  +0.0920
   5500    879025   164   +6.866   10587    211    234  +0.0954  +0.7788  +0.0882  +0.2549

  ── rolling mean (last 100 ep) ──  cum_R=+8.416  yield=10969 kg/ha  N=207  W=343 mm  R_seas=+0.1304  R_ane=+0.3265

   5501    879183   158   +9.677   11570    204    390  +0.2115  +1.0000  +0.2789  +0.4177
   5502    879336   153  +11.063   12365    197    400  +0.2935  +1.0000  +0.5098  +0.5688
   5503    879495   159   +9.518   11500    208    327  +0.2336  +1.0000  +0.5348  +0.3852
   5504    879658   163   +8.758   11235    212    285  +0.1740  +0.9489  +0.2581  +0.3217
   5505    879820   162   +6.274   10113    209    279  +0.0270  +0.6544  -0.0465  +0.2122
   5506    879984   164   +6.441    9880    204    293  +0.0218  +0.5932  +0.0940  +0.2076
   5507    880146   162   +8.505   11194    214    340  +0.1414  +0.9382  +0.0864  +0.3105
   5508    880310   164   +6.934   10740    224    224  +0.0845  +0.8189  +0.0829  +0.2000
   5509    880463   153   +6.718   10503    212    318  +0.0789  +0.7567  +0.1812  +0.2359
   5510    880623   160  +11.462   12103    200    476  +0.2270  +1.0000  +0.1870  +0.5117
   5511    880777   154   +9.834   11793    192    416  +0.2593  +1.0000  +0.3286  +0.5344
   5512    880934   157   +8.579   11526    208    278  +0.2005  +1.0000  +0.1354  +0.3841
   5513    881091   157   +5.967    9834    204    279  +0.0152  +0.5811  +0.0549  +0.2032
   5514    881251   160   +8.925   10919    204    448  +0.1124  +0.8659  +0.0167  +0.3413
   5515    881413   162   +8.918   11132    209    366  +0.1658  +0.9218  +0.3238  +0.3323
   5516    881571   158   +7.533   10363    202    349  +0.0740  +0.7201  +0.0965  +0.2792
   5517    881730   159   +7.896   10817    206    290  +0.1191  +0.8390  +0.0344  +0.3113
   5518    881891   161   +9.616   11678    224    381  +0.1723  +1.0000  +0.3242  +0.3049
   5519    882045   154   +9.617   11632    198    416  +0.2268  +1.0000  +0.2598  +0.4707
   5520    882208   163   +8.757   11827    206    276  +0.2383  +1.0000  +0.3120  +0.4339
   5521    882372   164   +5.571    9204    215    354  -0.1141  +0.4159  -0.1894  +0.0722
   5522    882541   169   +5.873    9807    213    321  -0.0303  +0.5739  -0.1196  +0.1533
   5523    882704   163   +5.701    9838    209    298  -0.0097  +0.5822  -0.0591  +0.1759
   5524    882871   167   +8.150   11140    214    368  +0.1262  +0.9238  +0.0519  +0.3008
   5525    883031   160   +6.677   10123    204    349  +0.0434  +0.6570  +0.1043  +0.2403
   5526    883192   161   +9.099   11326    214    364  +0.1662  +0.9728  +0.2361  +0.3223
   5527    883359   167   +6.974   10438    228    353  +0.0196  +0.7395  +0.0565  +0.1427
   5528    883522   163   +7.215   10643    216    376  +0.0608  +0.7933  +0.0017  +0.2345
   5529    883681   159  +10.385   11512    193    340  +0.2551  +1.0000  +0.3372  +0.4934
   5530    883838   157   +8.973   10822    200    357  +0.1279  +0.8403  +0.0615  +0.3506
   5531    883995   157   +7.829   10829    210    338  +0.1118  +0.8423  +0.1212  +0.2872
   5532    884152   157  +10.630   12147    199    366  +0.2684  +1.0000  +0.3744  +0.5272
   5533    884309   157  +10.220   10767    191    430  +0.1520  +0.8261  +0.2112  +0.4097
   5534    884466   157   +7.782    9389    191    453  -0.0481  +0.4642  -0.1167  +0.2262
   5535    884628   162   +6.896   10509    213    296  +0.0755  +0.7582  +0.1253  +0.2321
   5536    884784   156   +9.144   11494    207    308  +0.2457  +1.0000  +0.6271  +0.3854
   5537    884947   163   +7.583   10634    210    301  +0.0887  +0.7911  +0.0548  +0.2638
   5538    885112   165   +8.990   12065    208    260  +0.2523  +1.0000  +0.3579  +0.4515
   5539    885275   163   +4.796    8437    214    413  -0.2223  +0.2145  -0.3245  -0.0164
   5540    885435   160   +5.903    9436    206    320  -0.0618  +0.4768  -0.1668  +0.1467
   5541    885597   162   +4.591    9221    233    289  -0.1459  +0.4202  -0.2803  -0.0113
   5542    885755   158   +9.327   11689    212    360  +0.2065  +1.0000  +0.3475  +0.3769
   5543    885920   165   +6.281    9514    212    418  -0.0911  +0.4971  -0.2554  +0.1196
   5544    886080   160   +9.434   10592    197    351  +0.1260  +0.7800  +0.2211  +0.3413
   5545    886242   162   +6.941   10964    221    289  +0.1080  +0.8778  +0.1180  +0.2378
   5546    886405   163  +10.274   12086    198    317  +0.2855  +1.0000  +0.4675  +0.5283
   5547    886562   157   +9.599   11189    189    395  +0.2077  +0.9368  +0.1698  +0.4770
   5548    886723   161   +9.457   11292    204    292  +0.2027  +0.9637  +0.2853  +0.3802
   5549    886883   160   +7.257    9456    196    408  -0.0388  +0.4820  -0.0528  +0.2056
   5550    887044   161   +8.799   11345    203    282  +0.2272  +0.9778  +0.4116  +0.3972
   5551    887203   159   +9.558   11729    212    266  +0.2307  +1.0000  +0.4135  +0.3857
   5552    887361   158  +11.051   12074    196    420  +0.2817  +1.0000  +0.5495  +0.5366
   5553    887520   159  +10.074   11988    209    358  +0.2391  +1.0000  +0.4338  +0.4359
   5554    887679   159   +7.959   10632    215    306  +0.1005  +0.7906  +0.2912  +0.2367
   5555    887841   162   +4.877    8893    208    325  -0.1286  +0.3341  -0.1695  +0.0714
   5556    887998   157  +10.297   12143    194    353  +0.3043  +1.0000  +0.5635  +0.5646
   5557    888159   161  +12.738   11963    165    437  +0.3896  +1.0000  +0.5442  +0.8144
   5558    888319   160   +6.833   10308    221    368  +0.0180  +0.7054  +0.0557  +0.1657
   5559    888475   156  +10.128   12010    198    263  +0.3029  +1.0000  +0.6212  +0.5131
   5560    888642   167   +9.487   11737    214    381  +0.2041  +1.0000  +0.3794  +0.3708
   5561    888800   158   +5.190    9161    198    361  -0.0723  +0.4045  -0.0679  +0.1561
   5562    888959   159   +7.095   10642    207    280  +0.1054  +0.7932  +0.1045  +0.2840
   5563    889118   159   +8.621   11053    199    301  +0.1830  +0.9010  +0.2125  +0.3915
   5564    889280   162   +9.062   10888    201    405  +0.1331  +0.8579  +0.1197  +0.3559
   5565    889438   158   +6.898   10296    207    289  +0.0633  +0.7023  +0.0979  +0.2408
   5566    889600   162   +3.797    7967    217    355  -0.2721  +0.0910  -0.3410  -0.0812
   5567    889762   162  +10.707   11813    204    432  +0.2133  +1.0000  +0.2357  +0.4489
   5568    889923   161   +7.648   10598    210    348  +0.0751  +0.7816  +0.0268  +0.2605
   5569    890082   159   +4.775    9270    215    346  -0.1009  +0.4329  -0.1315  +0.0774
   5570    890246   164   +8.951   12397    230    311  +0.2047  +1.0000  +0.3665  +0.3492
   5571    890405   159  +10.542   12111    189    298  +0.3252  +1.0000  +0.5431  +0.6016
   5572    890568   163   +7.491   10673    219    340  +0.0730  +0.8012  +0.1220  +0.2164
   5573    890724   156  +11.066   12456    204    390  +0.2714  +1.0000  +0.4414  +0.5267
   5574    890890   166   +9.892   11399    191    367  +0.2288  +0.9918  +0.1463  +0.4908
   5575    891053   163   +4.820    9453    215    285  -0.0553  +0.4810  +0.0230  +0.0995
   5576    891210   157   +8.651   11868    210    283  +0.2405  +1.0000  +0.4396  +0.4098
   5577    891372   162   +7.924   10866    213    289  +0.1342  +0.8519  +0.2848  +0.2780
   5578    891530   158   +8.358   11138    214    293  +0.1560  +0.9234  +0.2276  +0.3033
   5579    891689   159  +10.224   11887    195    341  +0.2729  +1.0000  +0.4074  +0.5206
   5580    891853   164   +8.769   10732    203    352  +0.1347  +0.8167  +0.3050  +0.3195
   5581    892015   162   +8.958   10632    193    360  +0.1330  +0.7907  +0.1434  +0.3749
   5582    892174   159   +6.885   10674    216    309  +0.0921  +0.8016  +0.1982  +0.2331
   5583    892330   156   +8.325   10750    205    386  +0.1107  +0.8216  +0.1483  +0.3085
   5584    892489   159  +10.688   11947    204    441  +0.2262  +1.0000  +0.3222  +0.4629
   5585    892652   163   +7.239   10695    212    276  +0.1023  +0.8071  +0.1175  +0.2631
   5586    892811   159   +8.701   11763    219    353  +0.1950  +1.0000  +0.3686  +0.3401
   5587    892971   160   +9.247   12314    209    305  +0.2503  +1.0000  +0.3093  +0.4752
   5588    893124   153   +5.901    9517    198    381  -0.0173  +0.4979  +0.0857  +0.2044
   5589    893283   159   +6.346   10116    236    377  -0.0377  +0.6552  +0.0200  +0.0702
   5590    893445   162  +11.635   11767    193    409  +0.2513  +1.0000  +0.2789  +0.5244
   5591    893598   153   +2.965    8603    211    314  -0.1767  +0.2580  -0.2658  +0.0186
   5592    893756   158   +9.769   11487    195    337  +0.2445  +1.0000  +0.2998  +0.4752
   5593    893915   159   +7.216   10248    198    344  +0.0683  +0.6898  +0.0481  +0.2940
   5594    894071   156  +10.923   11988    196    330  +0.2994  +1.0000  +0.6217  +0.5292
   5595    894225   154   +9.108   10598    202    430  +0.0897  +0.7816  +0.0925  +0.3112
   5596    894385   160   +6.938   10871    203    251  +0.1466  +0.8532  +0.1036  +0.3391
   5597    894541   156  +10.534   11439    181    378  +0.2899  +1.0000  +0.3958  +0.5801
   5598    894701   160   +9.468   11473    209    364  +0.1900  +1.0000  +0.1982  +0.3746
   5599    894864   163   +8.415   10865    207    267  +0.1382  +0.8517  +0.1429  +0.3150
   5600    895023   159   +7.285   10726    222    348  +0.0757  +0.8154  +0.1522  +0.2096

  ── rolling mean (last 100 ep) ──  cum_R=+8.274  yield=10893 kg/ha  N=206  W=343 mm  R_seas=+0.1260  R_ane=+0.3247

   5601    895185   162   +6.944    9838    203    335  +0.0187  +0.5822  +0.1448  +0.2096
   5602    895342   157   +9.216   11863    213    359  +0.2090  +1.0000  +0.2980  +0.3951
   5603    895503   161   +8.055    9988    174    371  +0.1046  +0.6216  +0.0635  +0.4340
   5604    895659   156   +5.574    9831    197    265  +0.0259  +0.5804  -0.0357  +0.2478
   5605    895823   164   +9.012   11328    210    305  +0.1851  +0.9733  +0.2224  +0.3505
   5606    895973   150   +8.639   10793    180    311  +0.2064  +0.8327  +0.2083  +0.4977
   5607    896133   160  +11.282   12087    199    387  +0.2808  +1.0000  +0.5514  +0.5216
   5608    896294   161   +9.498   11583    205    310  +0.2323  +1.0000  +0.3764  +0.4154
   5609    896456   162  +11.155   11765    184    402  +0.2859  +1.0000  +0.3267  +0.5962
   5610    896613   157  +10.267   11127    194    430  +0.1812  +0.9204  +0.1721  +0.4333
   5611    896775   162  +10.305   11803    209    326  +0.2204  +1.0000  +0.3056  +0.4094
   5612    896936   161   +8.751   10311    206    406  +0.0381  +0.7064  -0.0243  +0.2494
   5613    897089   153   +8.579   11043    193    278  +0.2374  +0.8984  +0.5722  +0.4307
   5614    897244   155   +9.843   11424    188    274  +0.2709  +0.9983  +0.2950  +0.5197
   5615    897402   158  +13.004   12615    177    439  +0.3796  +1.0000  +0.5743  +0.7824
   5616    897569   167   +5.085    9882    227    278  -0.0359  +0.5937  -0.0264  +0.0875
   5617    897730   161   +8.179   10766    206    304  +0.1267  +0.8258  +0.1874  +0.3056
   5618    897894   164  +10.790   12368    188    321  +0.3284  +1.0000  +0.4460  +0.6424
   5619    898054   160  +10.649   12384    199    330  +0.2944  +1.0000  +0.4732  +0.5538
   5620    898217   163   +9.062   11264    205    359  +0.1587  +0.9565  -0.0056  +0.3723
   5621    898377   160   +9.096   12133    219    282  +0.2408  +1.0000  +0.5483  +0.3830
   5622    898537   160  +10.536   11513    185    316  +0.2816  +1.0000  +0.3226  +0.5541
   5623    898701   164   +6.593   10186    199    280  +0.0836  +0.6734  +0.1961  +0.2815
   5624    898863   162   +9.312   11220    200    356  +0.1854  +0.9448  +0.1583  +0.4043
   5625    899017   154   +9.272   11831    201    314  +0.2523  +1.0000  +0.3441  +0.4748
   5626    899175   158   +5.176    9697    216    346  -0.0608  +0.5450  -0.2024  +0.1250
   5627    899334   159   +5.688    9634    213    409  -0.0578  +0.5286  -0.0536  +0.1296
   5628    899491   157   +5.873    9804    205    309  +0.0020  +0.5733  +0.0273  +0.1932
   5629    899652   161  +10.097   11645    194    367  +0.2411  +1.0000  +0.2223  +0.4975
   5630    899807   155   +7.858   10472    189    416  +0.0973  +0.7485  -0.0575  +0.3833
   5631    899965   158   +9.631   11812    206    411  +0.2071  +1.0000  +0.2040  +0.4332
   5632    900126   161   +5.333    8887    210    412  -0.1453  +0.3326  -0.1515  +0.0587
   5633    900286   160   +8.752   10218    194    369  +0.0745  +0.6818  +0.0685  +0.3188
   5634    900441   155   +9.644   12010    198    381  +0.2709  +1.0000  +0.4729  +0.5144
   5635    900598   157  +11.236   12621    189    399  +0.3385  +1.0000  +0.5496  +0.6708
   5636    900763   165   +8.248   11365    209    301  +0.1838  +0.9830  +0.1511  +0.3577
   5637    900922   159   +8.205   10625    196    309  +0.1286  +0.7888  +0.1047  +0.3557
   5638    901084   162   +8.956   11512    215    274  +0.2035  +1.0000  +0.3482  +0.3373
   5639    901244   160  +10.076   11401    193    310  +0.2340  +0.9924  +0.1576  +0.4788
   5640    901401   157   +8.488   11803    197    304  +0.2519  +1.0000  +0.2387  +0.4965
   5641    901566   165   +7.889   11022    226    286  +0.1110  +0.8930  +0.1710  +0.2213
   5642    901725   159   +7.385   10436    206    277  +0.0857  +0.7390  +0.1102  +0.2663
   5643    901881   156   +8.397   11307    203    302  +0.1945  +0.9676  +0.1597  +0.3923
   5644    902037   156   +9.487   11267    201    378  +0.1838  +0.9573  +0.1644  +0.3996
   5645    902193   156   +9.046   10740    193    373  +0.1435  +0.8188  +0.1388  +0.3898
   5646    902358   165  +11.385   11436    186    403  +0.2541  +1.0000  +0.2629  +0.5332
   5647    902522   164   +8.310   11208    193    265  +0.2311  +0.9417  +0.2956  +0.4522
   5648    902678   156   +8.416   10662    188    297  +0.1636  +0.7985  +0.1776  +0.4142
   5649    902836   158  +10.681   11564    187    404  +0.2663  +1.0000  +0.3462  +0.5430
   5650    903001   165   +7.929   11263    201    288  +0.2208  +0.9562  +0.3869  +0.4028
   5651    903160   159   +7.974   11287    202    254  +0.2189  +0.9625  +0.3302  +0.3959
   5652    903316   156  +10.061   12002    203    392  +0.2308  +1.0000  +0.2216  +0.4814
   5653    903474   158   +7.223   10441    195    273  +0.1162  +0.7403  +0.1046  +0.3415
   5654    903629   155   +8.543   11446    197    283  +0.2363  +1.0000  +0.2154  +0.4554
   5655    903793   164   +9.850   11729    206    309  +0.2320  +1.0000  +0.3278  +0.4265
   5656    903955   162   +6.384   10262    213    250  +0.0528  +0.6934  +0.0958  +0.2063
   5657    904115   160   +6.749   10327    206    316  +0.0539  +0.7105  -0.0341  +0.2553
   5658    904271   156   +8.435   10272    187    399  +0.0887  +0.6960  +0.0089  +0.3716
   5659    904428   157   +6.885    9027    184    385  -0.0725  +0.3694  -0.2123  +0.2229
   5660    904589   161   +3.711    8795    216    283  -0.1560  +0.3083  -0.2177  +0.0155
   5661    904750   161  +11.465   12224    198    352  +0.2892  +1.0000  +0.4843  +0.5465
   5662    904907   157   +7.713    9733    203    381  -0.0145  +0.5545  -0.0096  +0.2000
   5663    905067   160   +8.951   11964    205    349  +0.2359  +1.0000  +0.2879  +0.4611
   5664    905224   157   +9.119   11495    202    338  +0.2199  +1.0000  +0.2596  +0.4240
   5665    905380   156   +6.541    9741    196    320  +0.0389  +0.5568  +0.2613  +0.2413
   5666    905542   162   +7.956   10365    203    296  +0.1120  +0.7204  +0.4032  +0.2776
   5667    905705   163   +9.868   11094    197    407  +0.1771  +0.9117  +0.2156  +0.4091
   5668    905863   158  +10.269   11100    205    450  +0.1538  +0.9133  +0.2713  +0.3518
   5669    906020   157  +10.596   11826    183    304  +0.3277  +1.0000  +0.5161  +0.6168
   5670    906178   158  +10.718   11930    194    382  +0.2671  +1.0000  +0.3526  +0.5355
   5671    906345   167  +10.937   10876    198    454  +0.1401  +0.8545  +0.1986  +0.3740
   5672    906505   160   +8.757   10867    201    377  +0.1422  +0.8521  +0.2012  +0.3516
   5673    906667   162   +9.077   11818    211    265  +0.2324  +1.0000  +0.3702  +0.4004
   5674    906828   161   +7.903   10966    200    279  +0.1727  +0.8783  +0.2079  +0.3730
   5675    906980   152   +7.857   10823    192    342  +0.1691  +0.8406  +0.2173  +0.4088
   5676    907141   161   +6.048    9677    193    377  +0.0073  +0.5398  +0.0219  +0.2545
   5677    907303   162   +9.782   12563    208    278  +0.2820  +1.0000  +0.4485  +0.5094
   5678    907467   164   +9.755   13006    216    429  +0.2642  +1.0000  +0.5047  +0.5078
   5679    907628   161   +7.257   10383    207    317  +0.0697  +0.7251  +0.1007  +0.2521
   5680    907783   155   +9.425   11399    187    320  +0.2637  +0.9919  +0.2774  +0.5274
   5681    907945   162   +9.735   11354    194    378  +0.2326  +0.9800  +0.3391  +0.4632
   5682    908111   166   +7.257   10486    205    301  +0.0895  +0.7523  +0.0928  +0.2808
   5683    908270   159   +5.138    9398    204    289  -0.0594  +0.4667  -0.1717  +0.1487
   5684    908431   161   +6.394    9921    206    323  -0.0007  +0.6040  -0.1006  +0.2046
   5685    908594   163   +7.849   10604    195    336  +0.1140  +0.7832  +0.0026  +0.3584
   5686    908745   151   +8.080   10665    183    391  +0.1665  +0.7992  +0.1651  +0.4597
   5687    908906   161   +7.975   11078    215    302  +0.1334  +0.9075  +0.1132  +0.2885
   5688    909064   158  +11.209   11911    184    315  +0.3310  +1.0000  +0.5779  +0.6137
   5689    909226   162   +9.246   10567    204    384  +0.0962  +0.7735  +0.1686  +0.2962
   5690    909389   163   +7.530    9718    197    369  +0.0029  +0.5506  +0.0293  +0.2318
   5691    909546   157  +10.305   12124    192    324  +0.3038  +1.0000  +0.4742  +0.5748
   5692    909709   163   +5.929    9760    194    313  +0.0083  +0.5618  -0.1228  +0.2553
   5693    909865   156   +9.145   10935    193    315  +0.1687  +0.8700  +0.0748  +0.4151
   5694    910021   156  +10.844   12426    194    400  +0.3076  +1.0000  +0.5161  +0.6026
   5695    910184   163   +7.280   10958    203    299  +0.1523  +0.8762  +0.1383  +0.3480
   5696    910344   160  +10.247   11866    197    299  +0.2775  +1.0000  +0.4362  +0.5091
   5697    910506   162   +6.931    9864    198    351  +0.0145  +0.5888  -0.0306  +0.2451
   5698    910666   160  +10.982   12361    196    352  +0.3028  +1.0000  +0.5082  +0.5744
   5699    910828   162   +9.031   11193    192    362  +0.2177  +0.9378  +0.2842  +0.4601
   5700    910978   150   +8.910   11716    189    272  +0.3007  +1.0000  +0.4562  +0.5523

  ── rolling mean (last 100 ep) ──  cum_R=+8.667  yield=11037 kg/ha  N=199  W=338 mm  R_seas=+0.1633  R_ane=+0.3899

   5701    911134   156   +8.847   10579    183    286  +0.1768  +0.7767  +0.2103  +0.4487
   5702    911291   157   +5.861    9716    190    271  +0.0215  +0.5502  -0.1120  +0.2769
   5703    911447   156   +8.220   10837    202    331  +0.1257  +0.8444  +0.0385  +0.3385
   5704    911606   159   +7.810   10420    202    378  +0.0778  +0.7349  +0.0911  +0.2916
   5705    911765   159   +7.715   10358    203    392  +0.0437  +0.7187  -0.1297  +0.2772
   5706    911925   160   +8.753   11329    192    331  +0.2361  +0.9735  +0.2860  +0.4721
   5707    912085   160   +9.422   11697    208    341  +0.2078  +1.0000  +0.2193  +0.4052
   5708    912247   162  +10.416   11768    199    309  +0.2621  +1.0000  +0.4243  +0.4775
   5709    912403   156   +9.080   11446    203    352  +0.2037  +1.0000  +0.1867  +0.4070
   5710    912566   163   +7.469   10923    213    346  +0.1093  +0.8670  +0.0733  +0.2803
   5711    912722   156   +8.218   10944    194    297  +0.1873  +0.8723  +0.2403  +0.4119
   5712    912883   161   +9.018   12182    200    262  +0.2831  +1.0000  +0.3773  +0.5242
   5713    913041   158   +6.371   10198    215    352  +0.0126  +0.6766  -0.0267  +0.1848
   5714    913194   153   +9.580   11513    198    372  +0.2436  +1.0000  +0.4285  +0.4538
   5715    913350   156   +8.695   10514    173    353  +0.1961  +0.7597  +0.2524  +0.5220
   5716    913503   153  +11.259   11666    181    355  +0.3121  +1.0000  +0.4523  +0.6128
   5717    913660   157   +7.500   10626    197    348  +0.1203  +0.7889  +0.0980  +0.3511
   5718    913818   158   +8.031   11117    205    287  +0.1743  +0.9179  +0.2015  +0.3569
   5719    913975   157   +8.859   11294    200    375  +0.1899  +0.9643  +0.1513  +0.4125
   5720    914135   160   +9.869   12063    205    300  +0.2747  +1.0000  +0.5632  +0.4710
   5721    914294   159   +8.071   10177    189    324  +0.1045  +0.6712  +0.2264  +0.3443
   5722    914455   161   +8.472   10439    198    400  +0.0856  +0.7400  +0.0725  +0.3210
   5723    914617   162   +9.884   11448    197    390  +0.2261  +1.0000  +0.2829  +0.4532
   5724    914782   165  +11.819   12482    196    401  +0.2975  +1.0000  +0.4411  +0.5963
   5725    914939   157   +8.396   10450    195    447  +0.0798  +0.7429  +0.0093  +0.3377
   5726    915096   157   +6.268    9635    176    281  +0.0576  +0.5288  -0.0603  +0.3714
   5727    915254   158  +10.789   12570    198    324  +0.3262  +1.0000  +0.6638  +0.5833
   5728    915413   159   +6.635   10733    208    283  +0.1085  +0.8171  +0.0466  +0.2925
   5729    915570   157   +8.769   11094    195    287  +0.2294  +0.9118  +0.5025  +0.4231
   5730    915723   153   +9.897   11570    187    384  +0.2806  +1.0000  +0.4518  +0.5449
   5731    915883   160   +8.937   11958    196    334  +0.2692  +1.0000  +0.3472  +0.5240
   5732    916040   157   +8.940   11313    204    316  +0.2082  +0.9693  +0.3244  +0.3897
   5733    916201   161   +8.123   11381    211    282  +0.1902  +0.9872  +0.2039  +0.3511
   5734    916362   161   +6.178   10373    216    265  +0.0467  +0.7225  +0.0145  +0.1985
   5735    916525   163   +7.217   10582    202    255  +0.1312  +0.7776  +0.2498  +0.3128
   5736    916683   158   +7.831   10488    190    423  +0.0945  +0.7528  -0.0790  +0.3817
   5737    916842   159   +8.544   11715    203    259  +0.2541  +1.0000  +0.4167  +0.4408
   5738    917001   159   +6.318   10038    205    291  +0.0310  +0.6346  +0.0019  +0.2268
   5739    917159   158  +10.448   11830    200    384  +0.2381  +1.0000  +0.3078  +0.4749
   5740    917318   159   +8.658   10965    189    386  +0.1792  +0.8779  +0.1257  +0.4503
   5741    917475   157   +9.171   12561    203    333  +0.2911  +1.0000  +0.4715  +0.5473
   5742    917635   160   +6.962    9627    177    350  +0.0510  +0.5268  +0.0212  +0.3617
   5743    917793   158   +9.676   11832    205    345  +0.2310  +1.0000  +0.3087  +0.4423
   5744    917950   157   +6.770   10202    198    290  +0.0726  +0.6778  +0.0776  +0.2848
   5745    918107   157   +6.803    9194    179    381  -0.0243  +0.4132  -0.0980  +0.2859
   5746    918265   158   +8.548   10718    188    304  +0.1929  +0.8131  +0.4090  +0.4231
   5747    918425   160   +7.782   10456    202    408  +0.0536  +0.7445  -0.1339  +0.2926
   5748    918577   152   +8.082   10252    192    412  +0.0799  +0.6907  +0.1125  +0.3320
   5749    918739   162   +8.908   10584    199    368  +0.1057  +0.7779  +0.0921  +0.3306
   5750    918901   162   +5.403   10291    196    262  +0.0816  +0.7011  -0.0352  +0.3106
   5751    919059   158   +9.422   11494    201    364  +0.2242  +1.0000  +0.3148  +0.4306
   5752    919225   166   +5.802    9447    201    332  -0.0489  +0.4796  -0.1382  +0.1743
   5753    919382   157  +11.027   10791    166    305  +0.2764  +0.8324  +0.4093  +0.6204
   5754    919539   157   +7.290    9730    185    358  +0.0328  +0.5539  -0.0175  +0.3119
   5755    919702   163  +11.298   11735    181    357  +0.3162  +1.0000  +0.4654  +0.6205
   5756    919859   157  +10.204   11747    188    368  +0.2983  +1.0000  +0.5348  +0.5625
   5757    920020   161   +7.943   10818    192    285  +0.1758  +0.8394  +0.2121  +0.4061
   5758    920177   157   +9.790   10928    188    328  +0.2191  +0.8683  +0.4336  +0.4572
   5759    920339   162   +9.177   10777    209    414  +0.0964  +0.8286  +0.1162  +0.2868
   5760    920501   162   +6.956   10493    196    226  +0.1295  +0.7542  +0.1335  +0.3412
   5761    920662   161  +10.091   10943    189    385  +0.1832  +0.8721  +0.1905  +0.4475
   5762    920823   161   +6.928    9908    198    354  +0.0177  +0.6005  -0.0456  +0.2509
   5763    920981   158   +8.351   11657    198    279  +0.2519  +1.0000  +0.3057  +0.4706
   5764    921137   156   +9.085   11193    188    358  +0.2230  +0.9379  +0.2094  +0.4905
   5765    921294   157   +7.996   11314    207    284  +0.2095  +0.9696  +0.3722  +0.3686
   5766    921452   158  +12.153   12775    199    376  +0.3131  +1.0000  +0.5130  +0.6081
   5767    921604   152  +12.675   12035    174    477  +0.3347  +1.0000  +0.4129  +0.7251
   5768    921769   165   +8.612   11601    214    301  +0.1981  +1.0000  +0.2684  +0.3537
   5769    921935   166   +7.852   10792    217    364  +0.0885  +0.8326  +0.1194  +0.2452
   5770    922096   161   +9.258   11328    190    377  +0.2255  +0.9732  +0.1915  +0.4867
   5771    922256   160   +6.974    9598    213    389  -0.0651  +0.5192  -0.1168  +0.1253
   5772    922422   166   +8.344   11817    226    277  +0.1850  +1.0000  +0.2897  +0.3066
   5773    922587   165   +8.192   11128    209    284  +0.1678  +0.9208  +0.2236  +0.3322
   5774    922742   155   +8.338   10706    190    338  +0.1654  +0.8099  +0.2674  +0.4048
   5775    922899   157  +11.963   12274    177    334  +0.3635  +1.0000  +0.4341  +0.7377
   5776    923055   156   +9.636   11157    199    347  +0.2100  +0.9283  +0.4307  +0.4046
   5777    923215   160   +8.906   11805    200    338  +0.2525  +1.0000  +0.3851  +0.4741
   5778    923381   166   +7.788   10670    202    312  +0.1198  +0.8005  +0.1433  +0.3180
   5779    923538   157  +11.336   12021    188    392  +0.3052  +1.0000  +0.5129  +0.5941
   5780    923697   159   +8.924   11389    208    287  +0.2004  +0.9893  +0.2283  +0.3709
   5781    923857   160   +7.822   10736    208    282  +0.1266  +0.8179  +0.2248  +0.2925
   5782    924018   161  +11.099   12543    196    376  +0.3039  +1.0000  +0.4563  +0.5990
   5783    924175   157  +10.415   11821    188    390  +0.2816  +1.0000  +0.3771  +0.5683
   5784    924334   159  +13.699   11850    174    437  +0.3455  +1.0000  +0.5690  +0.6980
   5785    924489   155   +6.678   10251    201    314  +0.0579  +0.6906  -0.0217  +0.2739
   5786    924648   159   +9.923   11266    191    369  +0.2160  +0.9571  +0.1805  +0.4728
   5787    924809   161   +6.747    9860    202    326  +0.0153  +0.5880  +0.0295  +0.2231
   5788    924971   162   +9.449   11968    208    330  +0.2419  +1.0000  +0.4010  +0.4409
   5789    925133   162   +9.085   10757    194    352  +0.1398  +0.8234  +0.0861  +0.3831
   5790    925298   165  +11.405   12595    203    394  +0.2838  +1.0000  +0.4624  +0.5541
   5791    925459   161   +8.118   11162    212    325  +0.1830  +0.9297  +0.4902  +0.3135
   5792    925620   161   +8.379   11076    202    376  +0.1546  +0.9072  +0.1042  +0.3719
   5793    925781   161   +9.852   11694    194    305  +0.2902  +1.0000  +0.5950  +0.5035
   5794    925945   164   +8.859   11128    204    330  +0.1837  +0.9206  +0.3168  +0.3660
   5795    926110   165   +9.091   10846    212    440  +0.0944  +0.8467  +0.1157  +0.2805
   5796    926265   155   +6.607   10284    208    262  +0.0790  +0.6991  +0.2482  +0.2340
   5797    926423   158   +8.462   11017    206    346  +0.1554  +0.8915  +0.2362  +0.3393
   5798    926581   158   +9.493   11953    196    298  +0.2959  +1.0000  +0.5553  +0.5249
   5799    926745   164  +10.608   11655    189    378  +0.2835  +1.0000  +0.4712  +0.5451
   5800    926900   155   +9.268   11351    207    411  +0.1779  +0.9792  +0.2036  +0.3736

  ── rolling mean (last 100 ep) ──  cum_R=+8.767  yield=11080 kg/ha  N=197  W=340 mm  R_seas=+0.1761  R_ane=+0.4069

   5801    927056   156   +9.063   11081    196    398  +0.1805  +0.9085  +0.2385  +0.4104
   5802    927220   164   +9.632   11572    208    394  +0.1994  +1.0000  +0.2593  +0.3939
   5803    927373   153   +7.124   10123    194    427  +0.0347  +0.6569  -0.1330  +0.3073
   5804    927531   158   +9.572   11371    199    347  +0.2084  +0.9845  +0.1913  +0.4254
   5805    927688   157  +10.830   11016    189    385  +0.1923  +0.8914  +0.2076  +0.4538
   5806    927846   158   +9.110   11810    212    343  +0.2157  +1.0000  +0.3617  +0.3900
   5807    928005   159  +11.091   11605    199    451  +0.2168  +1.0000  +0.2539  +0.4601
   5808    928168   163   +6.790   10068    208    381  +0.0096  +0.6426  -0.0218  +0.2082
   5809    928326   158   +8.736   10830    194    282  +0.1708  +0.8426  +0.2067  +0.3917
   5810    928488   162   +7.385   11264    227    286  +0.1258  +0.9565  +0.0782  +0.2421
   5811    928649   161   +9.165   11962    209    396  +0.2108  +1.0000  +0.2279  +0.4309
   5812    928813   164   +9.407   10623    196    402  +0.1140  +0.7883  +0.1105  +0.3528
   5813    928972   159   +8.380   10959    194    298  +0.1883  +0.8765  +0.2309  +0.4144
   5814    929130   158   +3.227    8558    209    280  -0.1661  +0.2463  -0.2056  +0.0250
   5815    929288   158   +7.902   10160    203    497  +0.0113  +0.6666  -0.0615  +0.2509
   5816    929444   156   +7.335   10475    212    353  +0.0523  +0.7492  -0.0139  +0.2356
   5817    929609   165   +8.319   11277    224    324  +0.1372  +0.9598  +0.1807  +0.2568
   5818    929770   161   +8.962   11158    213    336  +0.1624  +0.9287  +0.3184  +0.3093
   5819    929935   165   +9.645   10901    207    423  +0.1143  +0.8611  +0.1047  +0.3175
   5820    930097   162   +7.215   10395    201    332  +0.0751  +0.7284  +0.0149  +0.2907
   5821    930260   163   +8.919   12012    222    302  +0.2179  +1.0000  +0.4638  +0.3547
   5822    930422   162  +10.421   11487    186    395  +0.2621  +1.0000  +0.3001  +0.5407
   5823    930585   163   +6.357   10805    223    316  +0.0648  +0.8359  -0.0571  +0.2099
   5824    930747   162   +8.331   11368    206    211  +0.2273  +0.9837  +0.3633  +0.3794
   5825    930908   161   +7.758   10642    210    278  +0.1029  +0.7931  +0.1444  +0.2673
   5826    931063   155   +9.360   10916    191    358  +0.1976  +0.8651  +0.3821  +0.4297
   5827    931221   158   +8.211   12395    220    313  +0.2180  +1.0000  +0.2625  +0.4093
   5828    931383   162   +8.386   11265    210    311  +0.1722  +0.9567  +0.1911  +0.3391
   5829    931537   154   +9.266   11011    193    396  +0.1823  +0.8901  +0.2339  +0.4267
   5830    931698   161   +9.235   11227    208    372  +0.1683  +0.9468  +0.2311  +0.3481
   5831    931849   151   +8.511   10463    188    400  +0.1427  +0.7461  +0.3493  +0.3905
   5832    932017   168   +6.532   10776    206    248  +0.1238  +0.8284  +0.0576  +0.3077
   5833    932172   155   +9.419   11334    203    415  +0.1690  +0.9748  +0.0309  +0.3985
   5834    932332   160   +7.297   10413    199    346  +0.0884  +0.7331  +0.0846  +0.3089
   5835    932487   155   +8.011   11864    202    263  +0.2482  +1.0000  +0.2394  +0.4717
   5836    932646   159  +10.399   11561    203    405  +0.2157  +1.0000  +0.3072  +0.4268
   5837    932806   160   +6.391   10128    204    272  +0.0545  +0.6583  +0.0875  +0.2423
   5838    932962   156   +5.264    9293    200    393  -0.0836  +0.4392  -0.2331  +0.1595
   5839    933125   163   +8.812   12120    218    343  +0.2126  +1.0000  +0.3390  +0.3879
   5840    933282   157   +8.285   10776    196    373  +0.1424  +0.8284  +0.1580  +0.3760
   5841    933437   155   +4.705    9784    200    296  +0.0006  +0.5681  -0.1208  +0.2253
   5842    933603   166   +7.121   10937    217    351  +0.1060  +0.8705  +0.1118  +0.2619
   5843    933761   158   +8.304   11038    198    392  +0.1465  +0.8972  -0.0203  +0.3952
   5844    933923   162   +7.292   10644    218    339  +0.0705  +0.7937  +0.1008  +0.2197
   5845    934085   162  +11.982   12028    204    443  +0.2302  +1.0000  +0.3066  +0.4774
   5846    934244   159  +10.720   10742    196    422  +0.1463  +0.8193  +0.3140  +0.3709
   5847    934408   164   +4.658    9368    216    323  -0.0933  +0.4589  -0.1899  +0.0860
   5848    934566   158   +6.993   10561    202    310  +0.0908  +0.7718  -0.0275  +0.3054
   5849    934724   158   +9.737   12068    206    318  +0.2586  +1.0000  +0.4463  +0.4666
   5850    934883   159   +6.522    9978    206    329  +0.0087  +0.6189  -0.0702  +0.2134
   5851    935041   158   +9.154   11765    206    313  +0.2512  +1.0000  +0.5097  +0.4305
   5852    935201   160   +8.314   11464    222    294  +0.1674  +1.0000  +0.1966  +0.2921
   5853    935362   161   +9.296   11260    193    363  +0.2088  +0.9553  +0.1724  +0.4556
   5854    935520   158   +8.553   11156    197    375  +0.1834  +0.9280  +0.1526  +0.4185
   5855    935684   164   +8.438   11182    206    327  +0.1733  +0.9349  +0.2116  +0.3562
   5856    935843   159   +8.443   12399    217    247  +0.2573  +1.0000  +0.4913  +0.4256
   5857    935993   150   +9.216   11835    197    306  +0.2795  +1.0000  +0.4969  +0.5019
   5858    936151   158   +8.807   10851    198    361  +0.1438  +0.8480  +0.1420  +0.3669
   5859    936317   166   +7.280   10788    221    303  +0.0804  +0.8316  +0.0532  +0.2190
   5860    936475   158  +10.677   11596    186    372  +0.2755  +1.0000  +0.3236  +0.5598
   5861    936638   163   +5.572   10332    225    259  +0.0181  +0.7117  -0.0548  +0.1489
   5862    936800   162   +7.340   11129    222    291  +0.1178  +0.9210  +0.0523  +0.2523
   5863    936965   165   +7.272   10785    214    390  +0.0797  +0.8306  +0.0160  +0.2600
   5864    937130   165   +8.229   10564    196    380  +0.0979  +0.7727  -0.0155  +0.3458
   5865    937289   159   +6.040   10330    214    281  +0.0480  +0.7112  +0.0339  +0.2098
   5866    937443   154  +10.781   11393    183    367  +0.2812  +0.9903  +0.4111  +0.5565
   5867    937603   160   +9.969   11296    193    425  +0.2137  +0.9648  +0.2590  +0.4631
   5868    937764   161   +5.708    9928    209    258  +0.0263  +0.6057  +0.1253  +0.1899
   5869    937930   166   +6.615   10847    230    232  +0.0899  +0.8470  +0.1543  +0.1814
   5870    938083   153   +6.761    9356    182    359  -0.0127  +0.4556  -0.1285  +0.2876
   5871    938241   158   +8.530   11480    205    300  +0.2212  +1.0000  +0.3239  +0.3971
   5872    938405   164   +7.206   10468    220    310  +0.0472  +0.7475  +0.0599  +0.1897
   5873    938567   162   +7.250   10938    217    297  +0.1196  +0.8709  +0.1801  +0.2586
   5874    938731   164   +6.966   10407    218    361  +0.0341  +0.7315  +0.0366  +0.1917
   5875    938888   157   +9.357   11030    193    329  +0.2057  +0.8951  +0.3477  +0.4286
   5876    939042   154   +5.740    9813    196    316  +0.0109  +0.5757  -0.1035  +0.2494
   5877    939209   167   +8.453   11478    210    300  +0.1937  +1.0000  +0.1570  +0.3699
   5878    939366   157  +10.899   11470    188    362  +0.2742  +1.0000  +0.4486  +0.5214
   5879    939521   155  +10.572   12005    204    386  +0.2471  +1.0000  +0.4073  +0.4733
   5880    939679   158  +10.505   11951    204    353  +0.2514  +1.0000  +0.4448  +0.4621
   5881    939840   161  +11.405   12782    204    406  +0.2905  +1.0000  +0.5047  +0.5648
   5882    939997   157   +6.784   10216    192    332  +0.0890  +0.6813  +0.1204  +0.3286
   5883    940157   160  +10.726   12083    215    343  +0.2178  +1.0000  +0.3309  +0.4027
   5884    940320   163   +8.951   11999    219    270  +0.2253  +1.0000  +0.4328  +0.3690
   5885    940479   159  +10.217   12169    207    368  +0.2547  +1.0000  +0.4662  +0.4709
   5886    940636   157   +8.292   10788    197    374  +0.1345  +0.8314  +0.1048  +0.3681
   5887    940798   162   +9.954   11784    216    392  +0.1792  +1.0000  +0.1790  +0.3628
   5888    940955   157   +9.211   11801    204    364  +0.2171  +1.0000  +0.1985  +0.4423
   5889    941112   157   +7.016   10143    203    380  +0.0430  +0.6622  +0.0892  +0.2515
   5890    941275   163  +12.333   12102    194    448  +0.2671  +1.0000  +0.3513  +0.5603
   5891    941439   164   +9.662   12019    203    297  +0.2636  +1.0000  +0.4203  +0.4779
   5892    941600   161   +7.405   10344    203    416  +0.0590  +0.7148  +0.0818  +0.2737
   5893    941758   158   +8.367   11425    203    318  +0.2198  +0.9986  +0.2938  +0.4085
   5894    941914   156  +10.681   11141    183    374  +0.2546  +0.9241  +0.4578  +0.5224
   5895    942074   160   +8.533   11306    199    300  +0.2199  +0.9674  +0.3058  +0.4188
   5896    942236   162   +5.302    9848    227    311  -0.0523  +0.5848  -0.1086  +0.0851
   5897    942393   157   +9.008   11580    197    366  +0.2387  +1.0000  +0.3137  +0.4679
   5898    942548   155   +6.556   10191    202    273  +0.0587  +0.6748  +0.0161  +0.2607
   5899    942708   160   +9.140   11963    206    327  +0.2454  +1.0000  +0.3936  +0.4503
   5900    942869   161   +9.020   11198    196    365  +0.1820  +0.9392  +0.0577  +0.4279

  ── rolling mean (last 100 ep) ──  cum_R=+8.386  yield=11044 kg/ha  N=205  W=344 mm  R_seas=+0.1474  R_ane=+0.3514

   5901    943026   157   +9.382   12604    201    319  +0.2921  +1.0000  +0.3790  +0.5676
   5902    943179   153   +9.425   11367    188    355  +0.2691  +0.9835  +0.4510  +0.5158
   5903    943342   163   +8.748   10982    208    397  +0.1327  +0.8825  +0.2011  +0.3165
   5904    943503   161   +9.827   11557    198    372  +0.2345  +1.0000  +0.3291  +0.4559
   5905    943662   159   +9.612   11519    191    397  +0.2452  +1.0000  +0.2752  +0.5056
   5906    943819   157   +8.821   11152    199    354  +0.1866  +0.9272  +0.2301  +0.3998
   5907    943975   156   +6.346    9992    205    395  +0.0138  +0.6226  +0.0422  +0.2206
   5908    944137   162   +5.747    9356    215    342  -0.0860  +0.4555  -0.0814  +0.0862
   5909    944299   162   +9.185   10705    192    444  +0.1404  +0.8098  +0.2052  +0.3975
   5910    944454   155   +8.839   11055    194    349  +0.1841  +0.9017  +0.1762  +0.4210
   5911    944619   165   +9.167   11462    225    386  +0.1511  +1.0000  +0.2453  +0.2738
   5912    944781   162  +11.012   13356    202    390  +0.3370  +1.0000  +0.5952  +0.6524
   5913    944947   166   +7.825   10887    220    309  +0.1028  +0.8575  +0.1407  +0.2393
   5914    945106   159   +9.808   10541    194    398  +0.1329  +0.7668  +0.3251  +0.3584
   5915    945266   160  +11.173   12777    198    376  +0.3084  +1.0000  +0.4483  +0.6126
   5916    945430   164   +9.634   11759    203    318  +0.2421  +1.0000  +0.3536  +0.4486
   5917    945597   167   +8.275   10956    212    339  +0.1186  +0.8755  +0.0762  +0.2949
   5918    945754   157   +6.692    9908    203    328  +0.0121  +0.6005  -0.0132  +0.2188
   5919    945912   158   +9.546   11395    196    324  +0.2319  +0.9908  +0.2575  +0.4553
   5920    946073   161   +7.213   10622    203    283  +0.1051  +0.7880  +0.0226  +0.3084
   5921    946221   148   +6.883   10594    189    312  +0.1434  +0.7805  +0.0993  +0.4005
   5922    946382   161   +8.638   10400    193    369  +0.0915  +0.7298  -0.0054  +0.3499
   5923    946543   161   +8.074   11057    215    302  +0.1375  +0.9021  +0.1888  +0.2836
   5924    946707   164   +4.350    8979    220    303  -0.1318  +0.3567  -0.0797  +0.0186
   5925    946863   156   +9.953   10470    196    389  +0.1035  +0.7480  +0.1487  +0.3376
   5926    947019   156   +7.381   11079    205    360  +0.1562  +0.9078  +0.1741  +0.3521
   5927    947180   161   +6.869   10650    204    225  +0.1308  +0.7954  +0.1994  +0.3019
   5928    947342   162  +10.692   13341    211    345  +0.3010  +1.0000  +0.4609  +0.5790
   5929    947506   164   +7.599   10628    219    289  +0.0899  +0.7895  +0.2461  +0.2155
   5930    947667   161  +10.414   11566    199    346  +0.2245  +1.0000  +0.1979  +0.4540
   5931    947829   162   +7.373   10775    224    319  +0.0666  +0.8280  +0.0111  +0.2035
   5932    947983   154  +10.614   12574    197    347  +0.3092  +1.0000  +0.4839  +0.5947
   5933    948147   164   +5.712    9505    211    317  -0.0497  +0.4949  -0.0079  +0.1248
   5934    948312   165   +5.529    9135    208    369  -0.1157  +0.3976  -0.2440  +0.0990
   5935    948474   162   +7.976   11039    204    266  +0.1650  +0.8975  +0.1534  +0.3507
   5936    948628   154   +9.573   11515    194    328  +0.2642  +1.0000  +0.4651  +0.4797
   5937    948792   164   +7.561   10633    212    372  +0.0780  +0.7907  +0.1027  +0.2523
   5938    948946   154   +9.264   10923    192    304  +0.2175  +0.8670  +0.5277  +0.4213
   5939    949101   155  +10.854   12131    193    307  +0.3036  +1.0000  +0.4574  +0.5722
   5940    949258   157   +6.504   10228    220    314  +0.0163  +0.6845  +0.0212  +0.1629
   5941    949413   155   +8.510   10952    194    233  +0.2405  +0.8746  +0.6785  +0.4099
   5942    949572   159   +7.887   11414    208    314  +0.2047  +0.9959  +0.2893  +0.3723
   5943    949741   169   +5.691    9856    233    304  -0.0571  +0.5868  -0.0677  +0.0591
   5944    949906   165   +8.075   11299    213    305  +0.1640  +0.9656  +0.1367  +0.3241
   5945    950066   160   +6.893    9806    198    405  -0.0100  +0.5739  -0.1225  +0.2364
   5946    950226   160   +6.907   10784    211    264  +0.1300  +0.8303  +0.2685  +0.2752
   5947    950386   160   +8.533   11600    206    325  +0.2093  +1.0000  +0.2012  +0.4073
   5948    950548   162   +3.641    8462    216    325  -0.2215  +0.2209  -0.4527  -0.0193
   5949    950711   163   +5.848    9565    219    326  -0.0691  +0.5106  -0.1018  +0.0935
   5950    950873   162   +7.924   11516    218    262  +0.1803  +1.0000  +0.1754  +0.3177
   5951    951030   157   +7.632   10651    210    338  +0.0860  +0.7954  +0.0589  +0.2673
   5952    951191   161   +5.328    9984    218    229  +0.0117  +0.6206  +0.0817  +0.1444
   5953    951354   163   +7.042   10432    221    359  +0.0283  +0.7381  +0.0141  +0.1779
   5954    951511   157   +8.246   11762    219    305  +0.1925  +1.0000  +0.2505  +0.3454
   5955    951666   155   +9.443   11903    207    333  +0.2466  +1.0000  +0.4721  +0.4359
   5956    951825   159  +11.449   12291    199    385  +0.2804  +1.0000  +0.4563  +0.5439
   5957    951986   161   +9.065   11738    214    369  +0.2098  +1.0000  +0.4098  +0.3729
   5958    952150   164  +10.588   11726    203    381  +0.2333  +1.0000  +0.3704  +0.4460
   5959    952304   154   +8.828   12213    214    316  +0.2509  +1.0000  +0.5176  +0.4289
   5960    952464   160   +8.867   11739    205    305  +0.2399  +1.0000  +0.3859  +0.4300
   5961    952621   157   +4.502    8959    210    312  -0.1192  +0.3515  -0.1247  +0.0680
   5962    952780   159   +5.712   10000    229    343  -0.0413  +0.6248  -0.0815  +0.0926
   5963    952935   155   +9.032   11470    194    345  +0.2434  +1.0000  +0.2973  +0.4759
   5964    953096   161   +8.965   11780    224    315  +0.1783  +1.0000  +0.2538  +0.3130
   5965    953250   154   +8.272   11950    216    349  +0.2046  +1.0000  +0.2795  +0.3848
   5966    953414   164   +8.450   10757    217    395  +0.0776  +0.8233  +0.1074  +0.2381
   5967    953572   158   +6.916   10074    215    365  -0.0024  +0.6441  -0.0142  +0.1692
   5968    953731   159   +9.415   11379    200    359  +0.2094  +0.9866  +0.2411  +0.4186
   5969    953892   161   +6.033    9978    229    291  -0.0254  +0.6188  +0.0208  +0.0913
   5970    954053   161   +5.603   10019    207    328  +0.0273  +0.6297  +0.1059  +0.2087
   5971    954210   157   +9.183   12203    205    299  +0.2627  +1.0000  +0.3785  +0.4870
   5972    954372   162   +9.047   11482    205    308  +0.2105  +1.0000  +0.2177  +0.3997
   5973    954536   164  +11.059   11333    196    395  +0.2050  +0.9745  +0.1811  +0.4439
   5974    954697   161  +10.100   11390    198    355  +0.2166  +0.9896  +0.2147  +0.4398
   5975    954862   165   +9.507   11450    203    350  +0.2273  +1.0000  +0.4015  +0.4117
   5976    955024   162   +7.592   10565    211    348  +0.0748  +0.7729  +0.0821  +0.2514
   5977    955184   160   +6.670   10828    228    306  +0.0686  +0.8419  +0.0480  +0.1856
   5978    955342   158   +8.307   11409    215    385  +0.1662  +0.9944  +0.1969  +0.3265
   5979    955506   164  +10.624   11620    207    346  +0.2311  +1.0000  +0.4741  +0.4013
   5980    955670   164   +6.921   10541    215    318  +0.0626  +0.7667  +0.0324  +0.2260
   5981    955830   160  +10.496   13038    210    395  +0.2862  +1.0000  +0.5017  +0.5506
   5982    955989   159  +10.673   11817    185    358  +0.3081  +1.0000  +0.4754  +0.5982
   5983    956147   158   +9.116   11645    213    301  +0.2088  +1.0000  +0.3273  +0.3658
   5984    956292   145   +8.650   11007    188    305  +0.2074  +0.8891  +0.1955  +0.4656
   5985    956452   160   +1.192    7010    218    319  -0.4050  -0.1601  -0.6366  -0.1960
   5986    956622   170   +5.644    9884    238    360  -0.0725  +0.5943  -0.0660  +0.0363
   5987    956781   159   +7.605   10532    202    319  +0.0966  +0.7643  +0.0774  +0.3015
   5988    956939   158   +7.072   10290    203    323  +0.0643  +0.7008  +0.0525  +0.2683
   5989    957103   164   +7.466   10616    222    312  +0.0656  +0.7864  +0.1348  +0.1935
   5990    957260   157   +7.196    9713    197    424  -0.0229  +0.5493  -0.1497  +0.2336
   5991    957418   158   +8.678   11386    206    308  +0.2024  +0.9883  +0.2521  +0.3783
   5992    957580   162   +8.374   10132    197    383  +0.0426  +0.6594  -0.0322  +0.2834
   5993    957737   157   +5.603    9774    191    289  +0.0331  +0.5654  -0.0284  +0.2822
   5994    957892   155   +8.461   11804    213    300  +0.2234  +1.0000  +0.3855  +0.3871
   5995    958059   167   +6.596    9379    220    460  -0.1293  +0.4617  -0.2773  +0.0676
   5996    958214   155   +9.122   11385    202    365  +0.2040  +0.9883  +0.2220  +0.4114
   5997    958374   160   +8.045   11257    210    284  +0.1822  +0.9545  +0.2602  +0.3379
   5998    958535   161   +7.895   11553    218    313  +0.1895  +1.0000  +0.3235  +0.3228
   5999    958689   154   +9.674   11130    197    352  +0.2006  +0.9213  +0.3303  +0.4127
   6000    958849   160   +9.295   12708    215    346  +0.2530  +1.0000  +0.3787  +0.4802

  ── rolling mean (last 100 ep) ──  cum_R=+8.133  yield=10961 kg/ha  N=208  W=337 mm  R_seas=+0.1302  R_ane=+0.3259

   6001    959010   161   +9.770   12108    213    315  +0.2408  +1.0000  +0.4354  +0.4236
   6002    959169   159   +9.734   11622    198    333  +0.2677  +1.0000  +0.5460  +0.4702
   6003    959330   161   +4.898    9358    212    340  -0.0907  +0.4563  -0.2081  +0.1049
   6004    959494   164  +11.195   11965    189    411  +0.2769  +1.0000  +0.2919  +0.5857
   6005    959652   158   +5.921   10141    209    310  +0.0176  +0.6616  -0.1069  +0.2110
   6006    959817   165   +9.184   10986    201    346  +0.1575  +0.8835  +0.1735  +0.3655
   6007    959980   163   +9.148   10311    201    359  +0.0691  +0.7062  +0.0837  +0.2825
   6008    960137   157   +4.619    9301    214    273  -0.0766  +0.4413  -0.0550  +0.0866
   6009    960300   163   +7.703   11124    231    339  +0.1000  +0.9197  +0.1425  +0.2045
   6010    960459   159  +10.043   11382    210    438  +0.1766  +0.9874  +0.2856  +0.3546
   6011    960617   158   +8.604   10806    189    345  +0.1696  +0.8363  +0.1590  +0.4284
   6012    960780   163   +9.893   11450    211    363  +0.1860  +1.0000  +0.2311  +0.3557
   6013    960938   158  +10.582   11268    180    377  +0.2595  +0.9575  +0.2519  +0.5660
   6014    961102   164   +8.836   11679    229    346  +0.1670  +1.0000  +0.3428  +0.2739
   6015    961260   158   +7.311   10706    211    283  +0.1165  +0.8100  +0.2464  +0.2672
   6016    961418   158   +8.808   10642    196    365  +0.1252  +0.7931  +0.1271  +0.3601
   6017    961578   160   +6.428   10617    229    253  +0.0567  +0.7866  +0.0957  +0.1585
   6018    961739   161  +10.223   11618    185    380  +0.2788  +1.0000  +0.3220  +0.5713
   6019    961898   159   +9.231   12312    203    362  +0.2642  +1.0000  +0.3724  +0.5157
   6020    962053   155   +7.316   10546    203    319  +0.1023  +0.7680  +0.1341  +0.2994
   6021    962215   162   +8.749   11286    212    333  +0.1593  +0.9623  +0.1085  +0.3320
   6022    962373   158   +9.631   11074    195    414  +0.1749  +0.9066  +0.1708  +0.4207
   6023    962539   166   +9.827   11950    218    356  +0.1966  +1.0000  +0.2740  +0.3690
   6024    962704   165   +8.271   11524    234    306  +0.1507  +1.0000  +0.2913  +0.2312
   6025    962867   163   +7.098   10483    214    291  +0.0654  +0.7514  +0.0570  +0.2261
   6026    963023   156   +8.466   11704    204    279  +0.2467  +1.0000  +0.4028  +0.4330
   6027    963181   158  +10.515   11868    198    397  +0.2486  +1.0000  +0.3286  +0.5006
   6028    963339   158   +7.643   10850    206    345  +0.1402  +0.8476  +0.2934  +0.3144
   6029    963496   157   +6.710   10034    217    307  +0.0115  +0.6336  +0.1129  +0.1573
   6030    963656   160  +10.224   12174    196    416  +0.2752  +1.0000  +0.4133  +0.5533
   6031    963814   158  +12.381   12331    184    437  +0.3262  +1.0000  +0.4622  +0.6763
   6032    963977   163   +5.497    9408    204    415  -0.0732  +0.4692  -0.1385  +0.1518
   6033    964138   161   +9.416   11417    206    349  +0.1959  +0.9965  +0.1877  +0.3883
   6034    964291   153   +9.733   11754    206    328  +0.2406  +1.0000  +0.4549  +0.4234
   6035    964461   170   +8.906   11168    227    329  +0.1190  +0.9312  +0.1861  +0.2300
   6036    964619   158   +6.225    9610    192    396  -0.0142  +0.5224  -0.0969  +0.2481
   6037    964783   164   +6.681   10812    231    243  +0.0809  +0.8377  +0.1526  +0.1693
   6038    964942   159   +7.662   10295    199    315  +0.0954  +0.7021  +0.2569  +0.2910
   6039    965103   161   +7.499   10863    209    349  +0.1163  +0.8512  +0.1196  +0.2972
   6040    965261   158   +7.272   10254    204    384  +0.0496  +0.6912  +0.0664  +0.2570
   6041    965424   163   +6.800   10536    222    272  +0.0560  +0.7653  +0.0496  +0.1889
   6042    965587   163   +9.758   11990    207    304  +0.2524  +1.0000  +0.4350  +0.4488
   6043    965754   167   +6.340   10063    222    313  -0.0140  +0.6411  -0.0551  +0.1331
   6044    965911   157   +5.472    9569    216    372  -0.0745  +0.5116  -0.1440  +0.1072
   6045    966077   166   +9.720   11713    207    393  +0.2021  +1.0000  +0.2118  +0.4122
   6046    966238   161   +7.143   10573    217    266  +0.0846  +0.7751  +0.1793  +0.2196
   6047    966395   157   +7.978   10463    208    333  +0.0765  +0.7461  +0.1068  +0.2606
   6048    966554   159   +7.964   10885    207    378  +0.1282  +0.8571  +0.2033  +0.3135
   6049    966713   159   +6.963   10758    223    302  +0.0866  +0.8238  +0.1836  +0.2065
   6050    966878   165   +6.610   10877    240    262  +0.0665  +0.8549  +0.1478  +0.1310
   6051    967037   159  +11.860   11767    176    448  +0.3223  +1.0000  +0.4694  +0.6688
   6052    967203   166   +7.626   11064    232    307  +0.0926  +0.9040  +0.1116  +0.1915
   6053    967361   158   +7.983   10517    196    325  +0.1115  +0.7603  +0.0940  +0.3393
   6054    967518   157   +8.568   11078    202    324  +0.1916  +0.9076  +0.3996  +0.3709
   6055    967676   158   +7.006    9665    183    344  +0.0401  +0.5368  +0.0539  +0.3180
   6056    967842   166   +8.617   11329    226    402  +0.1265  +0.9736  +0.1708  +0.2532
   6057    968001   159  +10.150   12583    209    379  +0.2669  +1.0000  +0.4546  +0.5084
   6058    968158   157   +6.844   10717    218    329  +0.0815  +0.8130  +0.1197  +0.2268
   6059    968323   165   +8.752   11280    224    334  +0.1378  +0.9606  +0.1972  +0.2574
   6060    968473   150   +9.748   10743    172    356  +0.2271  +0.8197  +0.2712  +0.5589
   6061    968632   159   +8.004   10784    198    364  +0.1412  +0.8304  +0.1727  +0.3649
   6062    968791   159   +6.409   10432    208    297  +0.0657  +0.7380  -0.0160  +0.2560
   6063    968952   161   +9.299   11173    208    378  +0.1559  +0.9326  +0.1702  +0.3435
   6064    969107   155   +9.680   12155    208    328  +0.2513  +1.0000  +0.4194  +0.4591
   6065    969264   157   +5.231    9880    216    311  -0.0188  +0.5932  -0.0190  +0.1411
   6066    969427   163   +7.958   11466    212    319  +0.1872  +1.0000  +0.2044  +0.3492
   6067    969591   164   +9.575   11778    218    318  +0.1964  +1.0000  +0.2809  +0.3526
   6068    969757   166   +7.743   11422    219    237  +0.1920  +0.9980  +0.3122  +0.3047
   6069    969918   161   +8.232    9920    198    447  +0.0135  +0.6036  +0.0265  +0.2549
   6070    970069   151   +9.212   11850    200    380  +0.2471  +1.0000  +0.3696  +0.4803
   6071    970234   165   +7.436   11270    217    341  +0.1542  +0.9579  +0.2083  +0.2999
   6072    970390   156   +9.140   11664    212    361  +0.2006  +1.0000  +0.2910  +0.3767
   6073    970550   160   +7.834   10799    216    378  +0.0833  +0.8344  +0.0723  +0.2477
   6074    970711   161   +7.663   10528    204    306  +0.1013  +0.7631  +0.1531  +0.2903
   6075    970868   157  +10.644   11708    191    382  +0.2822  +1.0000  +0.5257  +0.5295
   6076    971023   155   +5.469   10007    220    322  -0.0135  +0.6266  -0.0207  +0.1381
   6077    971184   161   +9.146   11371    206    365  +0.1908  +0.9846  +0.2365  +0.3769
   6078    971344   160   +9.041   11865    216    397  +0.1956  +1.0000  +0.3119  +0.3722
   6079    971493   149   +9.890   11954    190    328  +0.2950  +1.0000  +0.4024  +0.5724
   6080    971652   159  +10.377   11813    201    358  +0.2428  +1.0000  +0.3448  +0.4675
   6081    971813   161   +8.115   11336    217    291  +0.1770  +0.9754  +0.2834  +0.3086
   6082    971971   158  +11.473   12326    196    370  +0.3014  +1.0000  +0.5358  +0.5707
   6083    972127   156   +8.499   10793    204    392  +0.1105  +0.8328  +0.0856  +0.3192
   6084    972284   157   +8.741   10609    200    420  +0.0989  +0.7846  +0.1097  +0.3245
   6085    972439   155   +7.445   10429    198    320  +0.0957  +0.7373  +0.0755  +0.3170
   6086    972594   155   +8.897   11894    206    366  +0.2345  +1.0000  +0.3680  +0.4440
   6087    972754   160   +7.917   11350    219    281  +0.1792  +0.9791  +0.3416  +0.2936
   6088    972910   156   +6.749   11084    220    281  +0.1291  +0.9091  +0.1417  +0.2620
   6089    973071   161  +10.434   12394    206    388  +0.2568  +1.0000  +0.3787  +0.5055
   6090    973230   159   +5.995    9712    221    372  -0.0566  +0.5491  -0.0259  +0.0987
   6091    973391   161   +9.534   11306    196    307  +0.2124  +0.9674  +0.1521  +0.4411
   6092    973551   160   +9.937   11653    204    342  +0.2482  +1.0000  +0.5309  +0.4286
   6093    973709   158   +6.719   10796    216    288  +0.0984  +0.8337  +0.0840  +0.2493
   6094    973873   164   +4.327    8976    216    296  -0.1214  +0.3558  -0.0648  +0.0387
   6095    974036   163   +8.970   11605    220    269  +0.1906  +1.0000  +0.2783  +0.3202
   6096    974193   157   +7.402   10724    205    352  +0.1107  +0.8146  +0.1090  +0.3101
   6097    974350   157   +9.214   12010    208    302  +0.2447  +1.0000  +0.3791  +0.4424
   6098    974509   159   +9.359   11979    202    346  +0.2479  +1.0000  +0.3101  +0.4844
   6099    974665   156   +9.828   11881    207    329  +0.2270  +1.0000  +0.2778  +0.4340
   6100    974820   155   +4.019    8348    218    349  -0.2191  +0.1911  -0.2226  -0.0432

  ── rolling mean (last 100 ep) ──  cum_R=+8.313  yield=11040 kg/ha  N=208  W=342 mm  R_seas=+0.1406  R_ane=+0.3320

   6101    974985   165   +9.752   11260    195    349  +0.2080  +0.9554  +0.1911  +0.4436
   6102    975144   159   +8.457   11460    212    265  +0.2045  +1.0000  +0.2934  +0.3500
   6103    975306   162   +8.260   11042    204    303  +0.1651  +0.8981  +0.2110  +0.3496
   6104    975463   157  +10.785   12387    189    361  +0.3289  +1.0000  +0.5116  +0.6422
   6105    975623   160   +8.883   11996    211    270  +0.2524  +1.0000  +0.4937  +0.4216
   6106    975789   166   +5.394    9642    220    319  -0.0656  +0.5307  -0.1373  +0.0958
   6107    975953   164   +9.272   11602    217    309  +0.1955  +1.0000  +0.3242  +0.3359
   6108    976114   161  +10.050   12112    199    357  +0.2778  +1.0000  +0.4757  +0.5220
   6109    976270   156   +4.850    9872    209    310  -0.0129  +0.5911  -0.1150  +0.1809
   6110    976434   164   +9.246   10611    196    383  +0.1074  +0.7849  +0.0347  +0.3506
   6111    976590   156  +11.160   12034    193    326  +0.2880  +1.0000  +0.3860  +0.5582
   6112    976752   162   +9.410   11258    197    419  +0.1983  +0.9549  +0.2626  +0.4279
   6113    976910   158   +8.439   10942    189    360  +0.1841  +0.8718  +0.1728  +0.4445
   6114    977073   163   +9.441   12202    213    324  +0.2500  +1.0000  +0.5115  +0.4310
   6115    977238   165   +9.065   11002    208    414  +0.1259  +0.8877  +0.1266  +0.3212
   6116    977392   154   +9.622   11340    196    326  +0.2453  +0.9763  +0.4725  +0.4446
   6117    977555   163   +9.740   12640    220    372  +0.2416  +1.0000  +0.4895  +0.4335
   6118    977718   163   +7.404   10821    206    339  +0.1172  +0.8401  +0.0905  +0.3102
   6119    977878   160   +9.200   11811    212    408  +0.1962  +1.0000  +0.2411  +0.3955
   6120    978037   159   +9.682   11326    195    415  +0.2182  +0.9726  +0.3042  +0.4548
   6121    978197   160   +7.634   10325    207    368  +0.0402  +0.7099  -0.0515  +0.2455
   6122    978357   160   +6.003   10109    222    277  +0.0031  +0.6533  +0.0104  +0.1382
   6123    978515   158   +7.276   10873    209    307  +0.1306  +0.8537  +0.1811  +0.3004
   6124    978673   158   +8.952   11737    211    338  +0.2205  +1.0000  +0.3984  +0.3911
   6125    978833   160   +9.778   11020    184    367  +0.2077  +0.8924  +0.1723  +0.4937
   6126    978990   157  +10.392   12556    200    395  +0.2986  +1.0000  +0.5507  +0.5692
   6127    979147   157   +8.812   11438    214    369  +0.1742  +1.0000  +0.2043  +0.3353
   6128    979302   155  +10.220   11007    168    352  +0.2968  +0.8890  +0.4695  +0.6387
   6129    979458   156  +10.213   11669    187    322  +0.3037  +1.0000  +0.5200  +0.5625
   6130    979613   155   +9.678   11447    194    365  +0.2436  +1.0000  +0.3347  +0.4746
   6131    979768   155   +9.915   11932    197    347  +0.2733  +1.0000  +0.4367  +0.5164
   6132    979924   156   +9.018   11609    204    292  +0.2206  +1.0000  +0.2180  +0.4191
   6133    980078   154   +7.127   10926    208    324  +0.1273  +0.8677  +0.0980  +0.3101
   6134    980239   161  +11.114   11709    191    373  +0.2765  +1.0000  +0.4353  +0.5348
   6135    980406   167   +8.616   11276    209    264  +0.1855  +0.9597  +0.2047  +0.3491
   6136    980567   161   +9.628   11800    210    363  +0.2094  +1.0000  +0.2728  +0.4038
   6137    980725   158  +11.580   11873    189    395  +0.2991  +1.0000  +0.5503  +0.5708
   6138    980888   163  +11.944   11841    180    412  +0.3240  +1.0000  +0.5177  +0.6477
   6139    981045   157   +6.340    9758    197    294  +0.0212  +0.5612  +0.0560  +0.2362
   6140    981207   162   +7.911   11549    223    249  +0.1858  +1.0000  +0.3013  +0.2949
   6141    981369   162   +9.629   11991    198    270  +0.2742  +1.0000  +0.3461  +0.5129
   6142    981526   157   +8.979   11666    210    312  +0.2125  +1.0000  +0.2836  +0.3899
   6143    981683   157   +7.835   10277    198    373  +0.0776  +0.6973  +0.1520  +0.2975
   6144    981837   154  +10.062   12252    209    328  +0.2627  +1.0000  +0.5104  +0.4648
   6145    981994   157   +6.015   10068    206    332  +0.0136  +0.6425  -0.1100  +0.2219
   6146    982149   155   +6.069   10202    219    236  +0.0267  +0.6776  +0.0136  +0.1658
   6147    982310   161   +6.674    9643    197    364  -0.0068  +0.5309  +0.0083  +0.2233
   6148    982473   163   +6.648   10494    230    323  +0.0304  +0.7545  +0.0862  +0.1415
   6149    982634   161  +10.087   11934    203    270  +0.2740  +1.0000  +0.5037  +0.4729
   6150    982800   166   +8.854   11534    215    351  +0.1796  +1.0000  +0.1987  +0.3434
   6151    982964   164   +9.959   11619    196    376  +0.2386  +1.0000  +0.2754  +0.4810
   6152    983123   159  +11.203   11688    196    430  +0.2300  +1.0000  +0.2162  +0.4948
   6153    983285   162   +9.952   12121    198    290  +0.2772  +1.0000  +0.3445  +0.5281
   6154    983445   160   +9.412   12015    210    343  +0.2294  +1.0000  +0.3492  +0.4273
   6155    983604   159  +11.232   12394    189    393  +0.3156  +1.0000  +0.4399  +0.6389
   6156    983766   162   +9.574   10990    200    350  +0.1594  +0.8845  +0.1571  +0.3752
   6157    983921   155   +8.684   11740    213    232  +0.2330  +1.0000  +0.4195  +0.3773
   6158    984084   163   +4.565    9290    201    338  -0.0651  +0.4383  -0.1185  +0.1570
   6159    984248   164   +7.531   10707    212    367  +0.0753  +0.8102  -0.0221  +0.2627
   6160    984408   160   +8.097   11190    217    285  +0.1478  +0.9370  +0.1642  +0.2871
   6161    984573   165   +8.929   11543    218    380  +0.1639  +1.0000  +0.1573  +0.3255
   6162    984734   161   +5.867   10494    230    360  +0.0151  +0.7543  -0.0030  +0.1394
   6163    984894   160   +7.669   10650    210    312  +0.0916  +0.7952  +0.0656  +0.2702
   6164    985061   167   +8.419   10599    204    358  +0.0832  +0.7818  -0.0232  +0.2969
   6165    985223   162   +2.066    8929    235    244  -0.1782  +0.3436  -0.3321  -0.0483
   6166    985385   162  +10.254   11454    194    460  +0.2249  +1.0000  +0.2790  +0.4775
   6167    985545   160   +9.029   11791    219    352  +0.1971  +1.0000  +0.3760  +0.3434
   6168    985699   154   +8.114   10887    205    319  +0.1319  +0.8575  +0.0846  +0.3300
   6169    985856   157   +9.512   13030    218    315  +0.2774  +1.0000  +0.5336  +0.4907
   6170    986018   162   +6.485    9250    205    329  -0.0725  +0.4278  -0.0697  +0.1296
   6171    986182   164   +9.929   11931    202    314  +0.2549  +1.0000  +0.3580  +0.4780
   6172    986346   164   +8.188   10265    202    340  +0.0708  +0.6942  +0.1587  +0.2685
   6173    986511   165   +7.654   10445    211    291  +0.0667  +0.7416  +0.0455  +0.2383
   6174    986668   157   +3.921    8722    213    355  -0.1675  +0.2893  -0.2152  +0.0248
   6175    986825   157   +7.607   10934    215    300  +0.1160  +0.8698  +0.0973  +0.2720
   6176    986984   159  +10.244   11773    203    390  +0.2447  +1.0000  +0.4904  +0.4480
   6177    987146   162   +8.726   10676    189    362  +0.1400  +0.8022  +0.0465  +0.4103
   6178    987309   163   +8.699   11074    206    320  +0.1663  +0.9064  +0.2422  +0.3463
   6179    987470   161   +8.185   12041    215    238  +0.2377  +1.0000  +0.3797  +0.4011
   6180    987629   159   +7.351   10719    200    299  +0.1291  +0.8133  +0.0950  +0.3402
   6181    987789   160   +7.267   10551    192    280  +0.1326  +0.7692  +0.0939  +0.3701
   6182    987946   157   +6.230    9831    213    349  -0.0259  +0.5803  -0.0445  +0.1520
   6183    988110   164   +6.285   10694    220    311  +0.0548  +0.8069  -0.1217  +0.2171
   6184    988266   156  +10.563   12049    193    365  +0.2906  +1.0000  +0.4524  +0.5630
   6185    988418   152   +8.758   10974    197    382  +0.1474  +0.8802  +0.0368  +0.3899
   6186    988577   159   +7.325   10951    227    336  +0.0862  +0.8743  +0.0972  +0.2085
   6187    988736   159   +8.553   11616    211    322  +0.1985  +1.0000  +0.2061  +0.3780
   6188    988900   164   +6.595    9953    210    306  -0.0044  +0.6123  -0.0936  +0.1819
   6189    989064   164   +5.023   10118    230    249  -0.0084  +0.6556  -0.0092  +0.1022
   6190    989224   160   +9.263   12846    214    310  +0.2758  +1.0000  +0.4674  +0.5013
   6191    989384   160   +9.736   12420    207    431  +0.2299  +1.0000  +0.2036  +0.4980
   6192    989545   161   +7.232   10219    201    322  +0.0533  +0.6821  -0.0289  +0.2722
   6193    989704   159   +7.319   11210    215    276  +0.1599  +0.9423  +0.1979  +0.3024
   6194    989860   156   +9.747   11190    198    397  +0.1963  +0.9370  +0.3241  +0.4106
   6195    990025   165   +4.840   10170    240    305  -0.0479  +0.6694  -0.1822  +0.0595
   6196    990192   167   +8.880   11567    220    301  +0.1911  +1.0000  +0.3647  +0.3119
   6197    990348   156   +8.893   11133    198    330  +0.2044  +0.9220  +0.3525  +0.4081
   6198    990509   161   +8.668   11310    204    345  +0.1910  +0.9684  +0.2027  +0.3886
   6199    990667   158   +5.282   10156    215    246  +0.0349  +0.6657  +0.0877  +0.1788
   6200    990821   154   +7.930   10855    206    283  +0.1477  +0.8490  +0.2663  +0.3157

  ── rolling mean (last 100 ep) ──  cum_R=+8.426  yield=11146 kg/ha  N=206  W=334 mm  R_seas=+0.1565  R_ane=+0.3580

   6201    990976   155   +7.520   10982    215    291  +0.1414  +0.8824  +0.2853  +0.2774
   6202    991133   157   +9.374   11244    200    399  +0.1951  +0.9511  +0.2895  +0.4078
   6203    991298   165  +10.387   12842    218    384  +0.2530  +1.0000  +0.4619  +0.4737
   6204    991461   163   +5.910   10400    212    316  +0.0525  +0.7297  +0.0144  +0.2276
   6205    991622   161   +7.817   10788    220    320  +0.0720  +0.8314  -0.0227  +0.2234
   6206    991787   165   +7.332   10790    214    357  +0.0996  +0.8319  +0.1496  +0.2631
   6207    991944   157   +8.423   11354    210    292  +0.1935  +0.9801  +0.2632  +0.3525
   6208    992102   158   +8.910   11314    201    328  +0.1959  +0.9696  +0.1546  +0.4055
   6209    992259   157  +10.449   11170    171    398  +0.2826  +0.9318  +0.3093  +0.6335
   6210    992419   160   +8.944   11500    206    382  +0.1830  +1.0000  +0.0694  +0.3961
   6211    992577   158   +8.052   11484    212    265  +0.1994  +1.0000  +0.2146  +0.3566
   6212    992740   163  +10.009   11991    214    286  +0.2329  +1.0000  +0.3979  +0.4025
   6213    992899   159   +8.800   11399    211    295  +0.1945  +0.9919  +0.2617  +0.3491
   6214    993054   155  +10.414   11766    194    373  +0.2674  +1.0000  +0.4069  +0.5191
   6215    993214   160   +5.566   10058    212    265  +0.0170  +0.6398  -0.0216  +0.1847
   6216    993375   161   +9.216   11659    209    287  +0.2265  +1.0000  +0.3728  +0.3934
   6217    993538   163   +4.203    9649    236    182  -0.0573  +0.5326  +0.0229  +0.0242
   6218    993701   163   +8.356   10880    210    309  +0.1360  +0.8556  +0.2479  +0.2968
   6219    993855   154   +8.637   11567    196    326  +0.2562  +1.0000  +0.4100  +0.4728
   6220    994009   154   +8.136   11049    199    349  +0.1789  +0.8999  +0.2640  +0.3870
   6221    994165   156   +9.465   12202    195    299  +0.3042  +1.0000  +0.4773  +0.5657
   6222    994318   153   +9.954   10982    197    409  +0.1598  +0.8824  +0.1691  +0.3965
   6223    994474   156  +11.497   11663    181    364  +0.3324  +1.0000  +0.6891  +0.6079
   6224    994635   161   +7.432   11212    218    298  +0.1547  +0.9427  +0.2386  +0.2870
   6225    994795   160   +9.385   11978    215    314  +0.2234  +1.0000  +0.3860  +0.3922
   6226    994955   160   +8.020   11012    205    353  +0.1639  +0.8903  +0.3246  +0.3421
   6227    995116   161   +9.866   10818    210    386  +0.0956  +0.8394  +0.0368  +0.2873
   6228    995271   155   +6.995   10181    194    243  +0.1039  +0.6723  +0.2349  +0.3096
   6229    995429   158  +10.916   12568    185    396  +0.3356  +1.0000  +0.4007  +0.6999
   6230    995585   156   +8.695   10230    196    414  +0.0649  +0.6849  +0.0750  +0.3081
   6231    995745   160  +10.312   10628    182    360  +0.1723  +0.7896  +0.1897  +0.4622
   6232    995908   163   +6.488    9299    206    360  -0.0817  +0.4407  -0.1498  +0.1302
   6233    996067   159   +9.428   10829    168    400  +0.2341  +0.8422  +0.1587  +0.6067
   6234    996225   158   +8.061   11134    205    333  +0.1802  +0.9224  +0.3180  +0.3567
   6235    996382   157   +8.477   10938    206    345  +0.1515  +0.8708  +0.2870  +0.3296
   6236    996538   156   +7.315    9953    188    369  +0.0516  +0.6123  -0.0015  +0.3227
   6237    996698   160   +7.152   10800    214    297  +0.1138  +0.8346  +0.2001  +0.2618
   6238    996858   160  +11.037   11377    191    353  +0.2461  +0.9861  +0.3089  +0.4918
   6239    997020   162   +7.651   11511    216    289  +0.1776  +1.0000  +0.1294  +0.3324
   6240    997187   167   +8.911   10870    217    280  +0.1097  +0.8530  +0.1215  +0.2533
   6241    997349   162   +8.955   10841    196    442  +0.1289  +0.8454  +0.0532  +0.3837
   6242    997510   161   +8.573   11123    193    356  +0.1881  +0.9193  +0.1119  +0.4387
   6243    997676   166   +7.720   10872    211    270  +0.1393  +0.8536  +0.2567  +0.2892
   6244    997841   165   +5.861    9823    225    302  -0.0425  +0.5783  -0.0264  +0.0897
   6245    997991   150   +3.450    8584    207    309  -0.1672  +0.2530  -0.2445  +0.0384
   6246    998147   156   +6.502   10488    216    302  +0.0665  +0.7529  +0.1361  +0.2125
   6247    998309   162   +9.925   11736    214    318  +0.2168  +1.0000  +0.4159  +0.3697
   6248    998464   155   +5.657   10106    204    293  +0.0298  +0.6524  -0.1058  +0.2408
   6249    998625   161   +9.393   11884    216    292  +0.2062  +1.0000  +0.2489  +0.3754
   6250    998781   156   +8.478   11185    194    329  +0.2012  +0.9356  +0.1583  +0.4394
   6251    998944   163   +2.822    8082    210    265  -0.2389  +0.1212  -0.3983  -0.0365
   6252    999099   155   +6.774   10808    214    258  +0.1096  +0.8368  +0.0847  +0.2642
   6253    999262   163   +8.220   10601    207    406  +0.0714  +0.7825  -0.0150  +0.2832
   6254    999421   159   +9.847   10971    190    336  +0.1957  +0.8795  +0.2479  +0.4413
   6255    999578   157  +11.508   12186    185    372  +0.3331  +1.0000  +0.5665  +0.6432
   6256    999737   159   +4.611    9211    214    288  -0.0842  +0.4175  -0.0004  +0.0744
   6257    999897   160   +8.469   10657    193    379  +0.1435  +0.7972  +0.2487  +0.3779
   6258   1000055   158   +7.463   11172    216    301  +0.1562  +0.9322  +0.2596  +0.2934
   6259   1000218   163   +8.934   11585    218    258  +0.2075  +1.0000  +0.3946  +0.3295
   6260   1000372   154  +10.289   11919    183    342  +0.3195  +1.0000  +0.4441  +0.6286
   6261   1000533   161   +9.094   11489    206    373  +0.2049  +1.0000  +0.2929  +0.3913
   6262   1000692   159   +8.308   11056    197    326  +0.1922  +0.9017  +0.2931  +0.4032
   6263   1000850   158   +6.151   10243    220    249  +0.0343  +0.6885  +0.0837  +0.1653
   6264   1001005   155   +7.914   10479    203    366  +0.0853  +0.7505  +0.1099  +0.2915
   6265   1001165   160   +8.319   11750    208    257  +0.2389  +1.0000  +0.3680  +0.4143
   6266   1001325   160   +8.268   11034    210    360  +0.1410  +0.8961  +0.2050  +0.3136
   6267   1001483   158   +5.954    9987    203    312  +0.0217  +0.6212  -0.0328  +0.2288
   6268   1001646   163   +9.254   10941    206    360  +0.1437  +0.8717  +0.2344  +0.3283
   6269   1001801   155   +4.989    9097    217    312  -0.1186  +0.3876  -0.1263  +0.0475
   6270   1001956   155  +10.174   11412    197    363  +0.2186  +0.9952  +0.1990  +0.4484
   6271   1002118   162   +9.633   11473    200    327  +0.2264  +1.0000  +0.2745  +0.4325
   6272   1002277   159   +9.337   11568    210    346  +0.1968  +1.0000  +0.2366  +0.3749
   6273   1002442   165   +8.440   11315    217    282  +0.1648  +0.9698  +0.1723  +0.3062
   6274   1002602   160   +5.075    9588    206    265  -0.0331  +0.5165  -0.1204  +0.1614
   6275   1002763   161   +4.559    8737    206    302  -0.1566  +0.2933  -0.3300  +0.0585
   6276   1002927   164   +8.651   11084    207    309  +0.1651  +0.9092  +0.2358  +0.3390
   6277   1003086   159   +8.568   11137    198    299  +0.1935  +0.9230  +0.2029  +0.4056
   6278   1003250   164   +6.340    9991    219    282  -0.0110  +0.6224  -0.0598  +0.1420
   6279   1003414   164   +8.897   11993    213    240  +0.2463  +1.0000  +0.4459  +0.4069

✓ Episode log  saved → /workspace/episode_log_nitrogen_v3.csv
✓ Metrics log  saved → /workspace/training_metrics_nitrogen_v3.csv

✓ Training complete in 107.8 min
✓ Model    saved → /tmp/ppo_min_nitrogen_v3_1M.zip
✓ VecNorm  saved → /tmp/ppo_min_nitrogen_v3_1M_vecnorm.pkl
/workspace/gym-dssat-pdi/gym_dssat_pdi_samples/04c_ppo_min_nitrogen.py:339: MatplotlibDeprecationWarning: savefig() got unexpected keyword argument "orientation" which is no longer supported as of 3.3 and will become an error two minor releases later
  plt.savefig(PLOT_TRAINING, dpi=120, bbox_inches='tight')
/workspace/gym-dssat-pdi/gym_dssat_pdi_samples/04c_ppo_min_nitrogen.py:339: MatplotlibDeprecationWarning: savefig() got unexpected keyword argument "dpi" which is no longer supported as of 3.3 and will become an error two minor releases later
  plt.savefig(PLOT_TRAINING, dpi=120, bbox_inches='tight')
/workspace/gym-dssat-pdi/gym_dssat_pdi_samples/04c_ppo_min_nitrogen.py:339: MatplotlibDeprecationWarning: savefig() got unexpected keyword argument "facecolor" which is no longer supported as of 3.3 and will become an error two minor releases later
  plt.savefig(PLOT_TRAINING, dpi=120, bbox_inches='tight')
/workspace/gym-dssat-pdi/gym_dssat_pdi_samples/04c_ppo_min_nitrogen.py:339: MatplotlibDeprecationWarning: savefig() got unexpected keyword argument "edgecolor" which is no longer supported as of 3.3 and will become an error two minor releases later
  plt.savefig(PLOT_TRAINING, dpi=120, bbox_inches='tight')
/workspace/gym-dssat-pdi/gym_dssat_pdi_samples/04c_ppo_min_nitrogen.py:339: MatplotlibDeprecationWarning: savefig() got unexpected keyword argument "bbox_inches_restore" which is no longer supported as of 3.3 and will become an error two minor releases later
  plt.savefig(PLOT_TRAINING, dpi=120, bbox_inches='tight')
✓ Training plot  saved → /workspace/plot_training_nitrogen_v3.png
/workspace/gym-dssat-pdi/gym_dssat_pdi_samples/04c_ppo_min_nitrogen.py:374: MatplotlibDeprecationWarning: savefig() got unexpected keyword argument "orientation" which is no longer supported as of 3.3 and will become an error two minor releases later
  plt.savefig(PLOT_LOSSES, dpi=120, bbox_inches='tight')
/workspace/gym-dssat-pdi/gym_dssat_pdi_samples/04c_ppo_min_nitrogen.py:374: MatplotlibDeprecationWarning: savefig() got unexpected keyword argument "dpi" which is no longer supported as of 3.3 and will become an error two minor releases later
  plt.savefig(PLOT_LOSSES, dpi=120, bbox_inches='tight')
/workspace/gym-dssat-pdi/gym_dssat_pdi_samples/04c_ppo_min_nitrogen.py:374: MatplotlibDeprecationWarning: savefig() got unexpected keyword argument "facecolor" which is no longer supported as of 3.3 and will become an error two minor releases later
  plt.savefig(PLOT_LOSSES, dpi=120, bbox_inches='tight')
/workspace/gym-dssat-pdi/gym_dssat_pdi_samples/04c_ppo_min_nitrogen.py:374: MatplotlibDeprecationWarning: savefig() got unexpected keyword argument "edgecolor" which is no longer supported as of 3.3 and will become an error two minor releases later
  plt.savefig(PLOT_LOSSES, dpi=120, bbox_inches='tight')
/workspace/gym-dssat-pdi/gym_dssat_pdi_samples/04c_ppo_min_nitrogen.py:374: MatplotlibDeprecationWarning: savefig() got unexpected keyword argument "bbox_inches_restore" which is no longer supported as of 3.3 and will become an error two minor releases later
  plt.savefig(PLOT_LOSSES, dpi=120, bbox_inches='tight')
✓ Loss plot      saved → /workspace/plot_ppo_losses_nitrogen_v3.png

==============================================================================
EVAL — 5 deterministic episodes  |  model: ppo_min_nitrogen_v3_1M
==============================================================================

    ep    cum_R   yield      N      W   R_seas    R_yld   R_hiad    R_ane
  ----  -------  ------  -----  -----  -------  -------  -------  -------
     1   +0.818   12052    186    357  +0.3197  +1.0000  +0.4938  +0.6220
     2   +0.506    9950    198    276  +0.0468  +0.6117  +0.0802  +0.2558
     3   +0.649   11409    195    388  +0.2249  +0.9944  +0.2389  +0.4640
     4   +0.660   10977    205    351  +0.1502  +0.8810  +0.2101  +0.3413
     5   +0.752   11137    184    376  +0.2258  +0.9230  +0.2290  +0.5089

==============================================================================
  yield         mean= 11105  max= 12052  min=  9950  std=  684  kg/ha
  nitrogen      mean=   194  max=   205  min=   184  std=    8  kg/ha
  water         mean=   349  max=   388  min=   276  std=   39  mm
  R_seasonal    mean=+0.1935  R_yield=+0.8820  R_hiad=+0.2504  R_ane=+0.4384  R_penalty=+0.9097
  cum_R         mean=+0.6771  std=0.1060
==============================================================================

✓ Eval results saved → /workspace/eval_results_nitrogen_v3.csv
