==============================================================================
SIMPLE PPO — CONFIGURATION
==============================================================================
  Environment
    mode                 all
    random_weather       True
    enable_faults        False
    dssat_seed           123

  PPO Hyperparameters
    total_timesteps      1,000,000
    n_steps              4,096
    batch_size           64
    n_epochs             10
    learning_rate        0.0003
    gamma                0.99
    gae_lambda           0.95
    clip_range           0.2
    ent_coef             0.01
    max_grad_norm        0.5
    device               cpu

  Normalisation (VecNormalize)
    norm_obs             True
    norm_reward          True
    clip_obs             5.0
    clip_reward          10.0

  Reward Weights (seasonal)
    W_yield              0.40
    W_hiad               0.10
    W_ane                0.30
    W_penalty            0.20
==============================================================================

==============================================================================
TRAINING — 1,000,000 timesteps  |  n_steps=4096
==============================================================================

  Episode log  → /workspace/episode_log_nitrogen.csv
  Metrics log  → /workspace/training_metrics_nitrogen.csv

     ep      step   len    cum_R   yield      N      W   R_seas    R_yld   R_hiad    R_ane
  -----  --------  ----  -------  ------  -----  -----  -------  -------  -------  -------
      1       161   161   +7.484    2298     58     80  -0.5057  -1.0000  -0.6051  -0.0120
      2       321   160   -1.680    3696     68     69  -0.3697  -1.0000  -0.4246  +0.3604
      3       482   161   -5.119    1627     52     66  -0.6051  -1.0000  -1.0000  -0.2138
      4       643   161   -4.208    2356     72     72  -0.5666  -1.0000  -0.4146  -0.1860
      5       800   157   +1.844    3992     64     69  -0.2259  -0.9523  +0.1201  +0.5532
      6       959   159   -2.185    3411     74     58  -0.4415  -1.0000  -0.3475  +0.1533
      7      1120   161   -2.998    1314     68     61  -0.7319  -1.0000  -1.0000  -0.5141
      8      1273   153   +3.166    2959     64     56  -0.3697  -1.0000  +0.1798  +0.1654
      9      1435   162   -5.246    1698     62     76  -0.6582  -1.0000  -1.0000  -0.3192
     10      1597   162   +5.175    4703     63     68  -0.0492  -0.7656  +0.0856  +0.8750
     11      1761   164   -1.957    2604     58     64  -0.4838  -1.0000  -0.9231  +0.1331
     12      1925   164   -4.595    1814     70     56  -0.6801  -1.0000  -1.0000  -0.3564
     13      2080   155   -6.374    1819     54     64  -0.5891  -1.0000  -1.0000  -0.1592
     14      2241   161   -2.582    1195     54     60  -0.6854  -1.0000  -0.9417  -0.4512
     15      2403   162   -2.035    3021     70     56  -0.4663  -1.0000  -0.3787  +0.0758
     16      2561   158   -1.132    3169     61     62  -0.4007  -1.0000  -0.6303  +0.3002
     17      2724   163   +2.208    4165     67     55  -0.2140  -0.9067  +0.0931  +0.5555
     18      2886   162   -3.759    2287     56     68  -0.5000  -1.0000  -0.6968  +0.0185
     19      3044   158   -2.729    2125     55     83  -0.5170  -1.0000  -0.6473  -0.0420
     20      3208   164   +3.814    4530     67     70  -0.1496  -0.8111  -0.0902  +0.6998
     21      3363   155   +2.812    4255     57     61  -0.0902  -0.8833  +0.0225  +0.8677
     22      3524   161   +0.822    4060     64     61  -0.2529  -0.9345  -0.3106  +0.5786
     23      3679   155   -4.044    3050     80     66  -0.5177  -1.0000  -0.2933  -0.0511
     24      3844   165   -0.059    3957     68     68  -0.2940  -0.9613  -0.1474  +0.4581
     25      3997   153   -4.839    2296     57     60  -0.5215  -1.0000  -0.8484  +0.0021
     26      4156   159   +4.000    4511     64     61  -0.0808  -0.8161  +0.3301  +0.7673
     27      4313   157   -1.483    3434     71     63  -0.4129  -1.0000  -0.3039  +0.2119
     28      4468   155   -1.224    2839     61     54  -0.4434  -1.0000  -0.5623  +0.1577
     29      4631   163   -0.424    3891     73     58  -0.3693  -0.9787  -0.3325  +0.3309
     30      4792   161   -2.889    2929     71     62  -0.5240  -1.0000  -0.7855  +0.0323
     31      4953   161   -0.185    3810     65     65  -0.2851  -1.0000  +0.0147  +0.4638
     32      5115   162   -3.758    2304     74     63  -0.5848  -1.0000  -0.4713  -0.2193
     33      5278   163   -3.523    1210     67     76  -0.7450  -1.0000  -1.0000  -0.5488
     34      5433   155   -2.642    2790     62     50  -0.4403  -1.0000  -0.4240  +0.1277
     35      5590   157   +2.092    3936     58     48  -0.1450  -0.9669  +0.3616  +0.6976
     36      5745   155   -4.545     918     80     52  -0.8184  -1.0000  -1.0000  -0.7138
     37      5906   161   -1.603    2486     64     61  -0.4490  -1.0000  +0.0523  -0.0227
     38      6075   169   -1.604    1350     58     63  -0.6276  -1.0000  -0.4507  -0.4129
     39      6234   159   -1.361    2991     62     59  -0.3803  -1.0000  -0.0705  +0.2025
     40      6391   157   -5.173    2280     70     56  -0.6048  -1.0000  -0.8603  -0.1838
     41      6551   160   -0.341    4113     73     66  -0.2908  -0.9204  -0.0188  +0.4094
     42      6711   160   -0.940    3454     62     63  -0.3481  -1.0000  -0.3836  +0.3858
     43      6866   155   +0.150    3800     59     59  -0.2550  -1.0000  -0.2527  +0.6010
     44      7029   163   +3.269    4892     75     64  -0.1050  -0.7161  +0.3786  +0.6299
     45      7189   160   -0.519    3230     62     66  -0.3459  -1.0000  -0.0342  +0.2937
     46      7350   161   -4.332    2096     61     53  -0.5490  -1.0000  -0.5953  -0.1373
     47      7514   164   -2.195    2820     65     55  -0.4558  -1.0000  -0.3778  +0.0845
     48      7674   160   +1.553    3939     67     62  -0.2858  -0.9660  -0.1427  +0.4780
     49      7838   164   -1.995    3112     69     73  -0.4714  -1.0000  -0.6088  +0.1278
     50      8003   165   +1.839    4393     68     61  -0.1832  -0.8469  +0.0472  +0.6046
     51      8161   158   -1.334    2872     56     71  -0.4014  -1.0000  -0.5913  +0.2721
     52      8317   156   -1.429    2611     48     78  -0.3496  -1.0000  -0.4584  +0.3519
     53      8477   160   -5.503    2147     68     56  -0.6217  -1.0000  -0.9384  -0.2152
     54      8637   160   -4.068     984     59     74  -0.7461  -1.0000  -1.0000  -0.5840
     55      8802   165   +1.214    4000     66     68  -0.2777  -0.9500  -0.2222  +0.5086
     56      8958   156   -5.150    1920     61     53  -0.6072  -1.0000  -0.9344  -0.2075
     57      9118   160   +1.664    4000     61     56  -0.2146  -0.9501  -0.0990  +0.6298
     58      9278   160   -3.798    1744     77     40  -0.6954  -1.0000  -0.8026  -0.4352
     59      9440   162   -3.577    1623     51     61  -0.5976  -1.0000  -1.0000  -0.1982
     60      9603   163   -5.666    2553     76     80  -0.6076  -1.0000  -0.8498  -0.1614
     61      9763   160   +0.198    3608     60     42  -0.2938  -1.0000  -0.3616  +0.5161
     62      9922   159   -4.098    1856     56     38  -0.5915  -1.0000  -1.0000  -0.1682
     63     10085   163   -2.641    2581     58     62  -0.4601  -1.0000  -0.5953  +0.1094
     64     10247   162   -0.434    3384     67     63  -0.2610  -1.0000  +0.9581  +0.2687
     65     10405   158   +1.860    3917     60     45  -0.1662  -0.9719  +0.3915  +0.6396
     66     10565   160   -0.994    3023     56     63  -0.3770  -1.0000  -0.6882  +0.3631
     67     10725   160   +3.782    3497     60     56  -0.1938  -1.0000  +0.8691  +0.4571
     68     10884   159   -2.235    2438     56     84  -0.4935  -1.0000  -0.8831  +0.0941
     69     11043   159   +6.069    4795     62     60  +0.0161  -0.7414  +0.4486  +0.9284
     70     11201   158   -5.024    1880     72     52  -0.6550  -1.0000  -0.7509  -0.3499
     71     11362   161   -5.225    1699     53     74  -0.6017  -1.0000  -1.0000  -0.1966
     72     11521   159   -4.049    2495     64     76  -0.5301  -1.0000  -0.6898  -0.0333
     73     11680   159   -4.117    1028     63     85  -0.7563  -1.0000  -1.0000  -0.5933
     74     11838   158   -5.161    1512     56     60  -0.6471  -1.0000  -1.0000  -0.3201
     75     11994   156   -4.562    1792     71     63  -0.6737  -1.0000  -0.8567  -0.3728
     76     12145   151   -2.983    1493     68     68  -0.7113  -1.0000  -1.0000  -0.4513
     77     12310   165   -5.086    1782     64     42  -0.6454  -1.0000  -0.9482  -0.3029
     78     12475   165   +0.219    3849     68     55  -0.3600  -0.9897  -0.5401  +0.4076
     79     12637   162   +6.928    4841     62     44  +0.0612  -0.7294  +0.7204  +0.9605
     80     12791   154   -4.327    1340     55     60  -0.6728  -1.0000  -1.0000  -0.3946
     81     12959   168   +0.080    3720     75     67  -0.3343  -1.0000  +0.4753  +0.2335
     82     13121   162   +4.391    5145     73     78  +0.0037  -0.6497  +0.7322  +0.7687
     83     13278   157   -0.917    1084     64     55  -0.7372  -1.0000  -0.9109  -0.5733
     84     13433   155   -3.118    2532     54     76  -0.4208  -1.0000  -0.4927  +0.1791
     85     13594   161   +2.149    4461     68     58  -0.1590  -0.8293  +0.0697  +0.6461
     86     13755   161   +2.335    4044     58     62  -0.1408  -0.9386  +0.1852  +0.7376
     87     13912   157   -2.124    2382     52     64  -0.4710  -1.0000  -0.8775  +0.1365
     88     14074   162   -1.865    2150     65     53  -0.5551  -1.0000  -0.4528  -0.1772
     89     14235   161   -1.299    2549     54     59  -0.3846  -1.0000  -0.1136  +0.1713
     90     14391   156   -3.655    3301     74     61  -0.4627  -1.0000  -0.4134  +0.1135
     91     14555   164   -2.945    2867     68     55  -0.5157  -1.0000  -0.8206  +0.0524
     92     14713   158   -3.500    2088     73     67  -0.5772  -1.0000  -0.1768  -0.2841
     93     14873   160   +5.012    4453     58     67  -0.0236  -0.8314  +0.3512  +0.9186
     94     15029   156   +5.591    5188     67     51  -0.0048  -0.6382  -0.0728  +0.9314
     95     15187   158   +2.271    4021     57     60  -0.1248  -0.9446  +0.2877  +0.7555
     96     15350   163   +2.651    4739     68     55  -0.1043  -0.7561  +0.0628  +0.7326
     97     15507   157   +7.677    5980     74     74  +0.1010  -0.4303  +0.1332  +1.0000
     98     15669   162   -1.621    3135     62     65  -0.4066  -1.0000  -0.5433  +0.2638
     99     15828   159   +1.530    4545     73     58  -0.1842  -0.8070  +0.0941  +0.5644
    100     15991   163   -0.717    3035     56     58  -0.3325  -1.0000  -0.1925  +0.3498

  ── rolling mean (last 100 ep) ──  cum_R=-1.037  yield=2986 kg/ha  N=64  W=62 mm  R_seas=-0.4105  R_ane=+0.1690

    101     16151   160   -2.745    3022     69     53  -0.4662  -1.0000  -0.4377  +0.0889
    102     16318   167   -0.897    3704     65     70  -0.3531  -1.0000  -0.5211  +0.4241
    103     16477   159   -4.022    1917     72     49  -0.6751  -1.0000  -1.0000  -0.3371
    104     16637   160   +9.828    6458     58     78  +0.2440  -0.3050  +0.9092  +1.0000
    105     16803   166   -1.326    3685     67     62  -0.3370  -1.0000  -0.1858  +0.3788
    106     16970   167   +9.564    6219     70     53  +0.1819  -0.3677  +0.6436  +1.0000
    107     17127   157   -4.571    1868     53     74  -0.5704  -1.0000  -0.9440  -0.1221
    108     17290   163   +8.101    5265     63     61  +0.1178  -0.6181  +0.7983  +1.0000
    109     17456   166   -1.943    2312     48     75  -0.4449  -1.0000  -0.9176  +0.2081
    110     17618   162   -3.906    1807     70     63  -0.6793  -1.0000  -1.0000  -0.3539
    111     17774   156   +3.070    3708     49     55  -0.1491  -1.0000  -0.3395  +0.8865
    112     17936   162   +0.834    2815     49     77  -0.3318  -1.0000  -0.5781  +0.4392
    113     18091   155   +6.506    4348     54     78  +0.0588  -0.8589  +0.9441  +1.0000
    114     18249   158   -2.478    2555     58     65  -0.4341  -1.0000  -0.3417  +0.1098
    115     18410   161   -0.294    2882     66     65  -0.4338  -1.0000  -0.1666  +0.0941
    116     18568   158   -4.946    1867     64     45  -0.6337  -1.0000  -0.9677  -0.2648
    117     18733   165   +6.215    5153     70     58  +0.0477  -0.6475  +0.8226  +0.8475
    118     18897   164   -4.334    1173     55     56  -0.6952  -1.0000  -1.0000  -0.4628
    119     19055   158   -3.061     994     71     51  -0.7822  -1.0000  -1.0000  -0.6487
    120     19211   156   +2.335    4257     61     52  -0.1675  -0.8828  -0.2503  +0.7385
    121     19373   162   +4.837    5322     74     56  -0.0232  -0.6032  +0.1570  +0.8060
    122     19533   160   -0.791    3194     59     62  -0.3267  -1.0000  -0.1065  +0.3542
    123     19687   154   -1.441    2387     58     66  -0.4669  -1.0000  -0.4135  +0.0370
    124     19846   159   -0.836    2822     60     45  -0.3939  -1.0000  -0.1987  +0.1847
    125     20008   162   -3.719    2018     55     82  -0.5297  -1.0000  -0.6114  -0.0893
    126     20165   157   -4.211    2673     68     62  -0.5492  -1.0000  -0.8973  -0.0190
    127     20321   156   +7.804    5584     58     59  +0.1340  -0.5345  +0.5985  +1.0000
    128     20481   160   -2.494    1963     62     72  -0.5896  -1.0000  -0.7156  -0.2078
    129     20642   161   +2.687    4147     64     56  -0.1418  -0.9116  +0.5532  +0.6232
    130     20805   163   -5.072    1247     70     62  -0.7481  -1.0000  -1.0000  -0.5522
    131     20969   164   -1.802    3184     68     75  -0.4278  -1.0000  -0.3198  +0.1677
    132     21137   168   -4.203    2959     72     80  -0.4902  -1.0000  -0.4089  +0.0308
    133     21298   161   -2.635    2573     76     50  -0.5588  -1.0000  -0.4370  -0.1512
    134     21462   164   -3.943    3016     76     59  -0.5287  -1.0000  -0.6387  -0.0046
    135     21619   157   -4.610    2317     70     60  -0.5608  -1.0000  -0.4229  -0.1787
    136     21772   153   -4.844    1697     60     54  -0.6400  -1.0000  -1.0000  -0.2863
    137     21931   159   -2.042    2901     57     64  -0.3850  -1.0000  -0.4349  +0.2739
    138     22091   160   +3.325    4129     61     63  -0.1467  -0.9164  +0.2116  +0.7011
    139     22252   161   -1.116    3650     73     64  -0.3483  -1.0000  +0.2703  +0.2433
    140     22409   157   -3.255    2759     62     37  -0.4629  -1.0000  -0.6422  +0.1198
    141     22571   162   -1.632    3137     67     39  -0.4263  -1.0000  -0.3519  +0.1651
    142     22731   160   -2.719    2485     56     47  -0.4622  -1.0000  -0.6916  +0.1160
    143     22886   155   -1.336    1167     60     42  -0.7109  -1.0000  -0.9416  -0.5097
    144     23045   159   -2.907    1710     61     67  -0.6149  -1.0000  -0.6461  -0.3038
    145     23203   158   -1.000    3735     63     45  -0.3176  -1.0000  -0.4361  +0.4843
    146     23361   158   -0.821    3994     71     43  -0.3177  -0.9517  -0.2306  +0.4082
    147     23519   158   -0.779    3153     59     81  -0.3637  -1.0000  -0.3704  +0.3313
    148     23677   158   -3.090    3052     69     52  -0.4659  -1.0000  -0.5082  +0.1076
    149     23839   162   -3.889    2607     79     52  -0.5820  -1.0000  -0.5316  -0.1765
    150     23997   158   -4.433    2216     64     65  -0.5495  -1.0000  -0.5579  -0.1326
    151     24157   160   -0.420    3554     66     37  -0.3477  -1.0000  -0.2037  +0.3423
    152     24323   166   -0.721    3701     65     47  -0.3405  -1.0000  -0.4413  +0.4284
    153     24484   161   +0.058    3510     66     46  -0.3912  -1.0000  -0.6322  +0.3408
    154     24645   161   -3.398    1990     58     57  -0.5456  -1.0000  -0.5986  -0.1377
    155     24805   160   -3.339    2326     53     66  -0.4938  -1.0000  -0.9384  +0.0928
    156     24973   168   -2.372    3060     59     60  -0.3843  -1.0000  -0.4962  +0.2996
    157     25130   157   -1.842     679     62     53  -0.7970  -1.0000  -1.0000  -0.7257
    158     25292   162   +4.537    4641     68     49  -0.0924  -0.7819  +0.3096  +0.7166
    159     25457   165   -4.317    1900     54     82  -0.5411  -1.0000  -0.6608  -0.1144
    160     25621   164   +2.920    4172     63     50  -0.1617  -0.9051  +0.1758  +0.6613
    161     25782   161   -1.459    2455     53     64  -0.4173  -1.0000  -0.4116  +0.1590
    162     25940   158   -2.793    3024     64     40  -0.4203  -1.0000  -0.4053  +0.1842
    163     26094   154   -4.015    1319     62     58  -0.7081  -1.0000  -1.0000  -0.4693
    164     26256   162   -2.844    3774     78     36  -0.4207  -1.0000  -0.3064  +0.2101
    165     26408   152   -3.109    1712     37     93  -0.4606  -1.0000  -1.0000  +0.1505
    166     26564   156   -0.237    4231     69     33  -0.2518  -0.8894  -0.2512  +0.5298
    167     26719   155   +8.668    5203     52     99  +0.1318  -0.6345  +0.8900  +1.0000
    168     26885   166   -5.095    1991     63     66  -0.5977  -1.0000  -0.7708  -0.2121
    169     27046   161   -4.453    2295     70     34  -0.5678  -1.0000  -0.5052  -0.1847
    170     27210   164   -0.814    3701     62     71  -0.2655  -1.0000  +0.1061  +0.4848
    171     27376   166   -1.643    3312     67     57  -0.4147  -1.0000  -0.4724  +0.2372
    172     27542   166   +1.899    4769     77     42  -0.1885  -0.7482  -0.0671  +0.5508
    173     27700   158   +6.851    4685     53     79  +0.0969  -0.7705  +1.0000  +1.0000
    174     27862   162   +7.282    5054     62     49  +0.1026  -0.6735  +0.8053  +1.0000
    175     28020   158   -1.656    3250     62     35  -0.3805  -1.0000  -0.4661  +0.3068
    176     28174   154   -1.767    3091     60     68  -0.4040  -1.0000  -0.6466  +0.2930
    177     28334   160   +3.551    4058     53     79  -0.1028  -0.9351  -0.1299  +0.9172
    178     28494   160   -0.619    2275     58     60  -0.4229  -1.0000  +0.2397  -0.0234
    179     28653   159  +10.539    6116     60     57  +0.2144  -0.3946  +0.9381  +1.0000
    180     28812   159   +4.774    4518     63     72  -0.0594  -0.8141  +0.4956  +0.7810
    181     28971   159   -5.115    2562     76     41  -0.5709  -1.0000  -0.5249  -0.1616
    182     29124   153   -3.805    2269     70     25  -0.6115  -1.0000  -0.9159  -0.1953
    183     29283   159   +4.284    4258     58     47  -0.0961  -0.8824  +0.0286  +0.8462
    184     29441   158   -4.785    1578     58     46  -0.6477  -1.0000  -1.0000  -0.3178
    185     29598   157   -1.186    3700     68     42  -0.3259  -1.0000  -0.0496  +0.3679
    186     29757   159   -1.395    3900     70     37  -0.3294  -0.9764  -0.2302  +0.3937
    187     29916   159   -4.072    3241     69     40  -0.4315  -1.0000  -0.4389  +0.1807
    188     30071   155   -0.775    3118     54     80  -0.3053  -1.0000  -0.3097  +0.4575
    189     30226   155   +4.989    4875     64     58  -0.0192  -0.7205  +0.1150  +0.9083
    190     30387   161   -1.367    2718     60     47  -0.4401  -1.0000  -0.4444  +0.1270
    191     30542   155   -3.124    2793     62     55  -0.4696  -1.0000  -0.7045  +0.1266
    192     30706   164   -3.429    1945     57     51  -0.5634  -1.0000  -0.7708  -0.1445
    193     30866   160   +7.053    5476     60     63  +0.1268  -0.5628  +0.6468  +1.0000
    194     31028   162   -1.949    2405     61     45  -0.4937  -1.0000  -0.4644  -0.0176
    195     31186   158   +0.640    3574     73     24  -0.3507  -1.0000  +0.2347  +0.2300
    196     31344   158   +0.538    2824     53     43  -0.3389  -1.0000  -0.3033  +0.3433
    197     31509   165   -3.910    1792     66     49  -0.5742  -1.0000  -0.1385  -0.3205
    198     31665   156   -0.041    3674     72     36  -0.3063  -1.0000  +0.5566  +0.2681
    199     31828   163   -4.222    1751     49     92  -0.5446  -1.0000  -0.7789  -0.1061
    200     31987   159   +2.235    4512     76     32  -0.2143  -0.8157  +0.0876  +0.4920

  ── rolling mean (last 100 ep) ──  cum_R=-0.543  yield=3171 kg/ha  N=63  W=57 mm  R_seas=-0.3664  R_ane=+0.2387

    201     32148   161   +1.697    3889     55     62  -0.1384  -0.9792  +0.1466  +0.7812
    202     32308   160   -4.902    1913     55     54  -0.5790  -1.0000  -1.0000  -0.1302
    203     32463   155   -4.072    1327     71     30  -0.7385  -1.0000  -1.0000  -0.5310
    204     32522    59   -8.115       0     26     11  -0.8384  -1.0000  -1.0000  -1.0000
    205     32685   163   +2.124    3895     57     50  -0.1356  -0.9777  +0.4747  +0.7008
    206     32846   161   +5.459    4654     60     37  -0.0032  -0.7784  +0.3462  +0.9247
    207     33010   164   +2.476    4222     66     51  -0.1960  -0.8919  +0.0548  +0.5979
    208     33168   158   -3.071    2193     76     31  -0.6224  -1.0000  -0.6609  -0.2758
    209     33328   160   -1.310    3757     71     42  -0.3302  -1.0000  +0.0873  +0.3287
    210     33485   157   -1.710    2422     48     77  -0.3867  -1.0000  -0.5349  +0.2657
    211     33643   158   +2.571    2901     38     86  -0.1488  -1.0000  -0.4994  +0.8996
    212     33804   161   -0.783    4099     83     48  -0.3487  -0.9242  +0.1550  +0.2327
    213     33966   162   -0.197    3984     63     67  -0.2853  -0.9543  -0.5390  +0.5697
    214     34127   161   -3.412    1753     85     31  -0.7276  -1.0000  -0.8673  -0.4821
    215     34292   165   +7.224    5632     75     35  +0.0734  -0.5218  +0.5578  +0.8833
    216     34455   163   +0.605    3651     64     67  -0.2161  -1.0000  +0.7840  +0.4359
    217     34615   160   -2.914    1654     69     31  -0.6409  -1.0000  -0.5106  -0.3993
    218     34774   159   -1.536    3248     62     42  -0.3630  -1.0000  -0.2788  +0.3057
    219     34937   163   +1.887    4581     87     29  -0.2470  -0.7977  +0.4458  +0.3212
    220     35101   164   -1.999    3105     64     46  -0.4270  -1.0000  -0.5468  +0.2088
    221     35255   154   -3.340    1952     55     52  -0.5274  -1.0000  -0.5521  -0.1118
    222     35421   166   +4.005    4005     64     44  -0.1722  -0.9489  +0.6220  +0.5522
    223     35587   166   -0.917    3909     77     45  -0.3432  -0.9740  +0.1983  +0.2618
    224     35751   164   -1.950    3680     63     40  -0.3154  -1.0000  -0.3313  +0.4592
    225     35912   161   -1.858    2907     57     70  -0.3937  -1.0000  -0.4761  +0.2652
    226     36077   165   +1.855    4431     70     40  -0.1753  -0.8370  +0.1932  +0.5761
    227     36235   158   -0.997    2311     50     73  -0.4308  -1.0000  -0.5968  +0.1632
    228     36392   157   -1.426    3120     58     64  -0.3805  -1.0000  -0.6661  +0.3553
    229     36551   159   -2.799    3402     75     50  -0.4745  -1.0000  -0.6095  +0.1353
    230     36707   156   +2.095    4115     64     37  -0.2010  -0.9199  +0.0595  +0.5987
    231     36870   163   -2.019    3571     70     42  -0.4136  -1.0000  -0.5791  +0.2778
    232     37032   162   +1.937    3601     55     40  -0.2204  -1.0000  -0.0655  +0.6243
    233     37187   155   -3.646    1754     68     39  -0.6578  -1.0000  -0.8307  -0.3564
    234     37352   165   -1.337    3009     60     41  -0.4075  -1.0000  -0.5588  +0.2502
    235     37512   160   +3.012    3717     52     54  -0.1663  -1.0000  -0.0888  +0.7778
    236     37671   159   -1.824    2803     56     41  -0.3704  -1.0000  -0.2126  +0.2422
    237     37829   158   -5.138    1800     56     56  -0.5779  -1.0000  -0.7617  -0.1917
    238     37985   156   -4.075    2174     50     57  -0.4938  -1.0000  -0.9637  +0.0846
    239     38148   163   +0.378    3671     55     54  -0.2191  -1.0000  -0.1719  +0.6625
    240     38311   163   +1.794    4404     70     47  -0.2481  -0.8441  -0.5070  +0.5756
    241     38475   164   +1.160    3820     61     56  -0.2229  -0.9975  +0.2167  +0.5621
    242     38639   164   +2.413    3536     44     75  -0.0703  -1.0000  +0.0003  +1.0000
    243     38804   165   -2.271    2442     58     60  -0.4821  -1.0000  -0.5908  +0.0455
    244     38966   162   +7.688    5180     57     52  +0.0888  -0.6405  +0.4892  +1.0000
    245     39122   156   +7.092    4769     59     44  +0.0316  -0.7484  +0.3183  +1.0000
    246     39284   162   -3.918    2365     67     60  -0.5860  -1.0000  -0.9424  -0.1167
    247     39444   160   -3.605    2831     63     42  -0.4772  -1.0000  -0.7907  +0.1279
    248     39609   165   -4.061    1595     59     42  -0.6442  -1.0000  -0.9309  -0.3242
    249     39771   162   -2.109    1560     63     48  -0.6724  -1.0000  -0.9498  -0.3813
    250     39932   161   +2.797    4025     55     45  -0.1291  -0.9435  -0.0585  +0.8269
    251     40091   159   -3.829    1697     46     75  -0.5492  -1.0000  -1.0000  -0.0744
    252     40243   152   +0.683    2974     58     50  -0.2860  -1.0000  +0.5234  +0.2825
    253     40406   163   +4.348    4790     68     50  -0.0835  -0.7428  +0.1354  +0.7554
    254     40560   154   +0.529    2626     48     68  -0.2594  -1.0000  +0.3638  +0.3701
    255     40716   156   +1.240    4245     67     53  -0.1947  -0.8857  +0.1023  +0.5860
    256     40882   166   -2.813    2585     70     58  -0.5244  -1.0000  -0.4106  -0.0801
    257     41043   161   +0.220    2302     50     42  -0.3264  -1.0000  +0.4932  +0.1422
    258     41197   154   -0.959    2996     62     26  -0.3973  -1.0000  -0.2993  +0.2072
    259     41354   157   +1.674    2957     45     53  -0.2072  -1.0000  -0.0773  +0.6296
    260     41515   161   +5.100    4298     56     48  -0.0554  -0.8719  +0.0925  +0.9269
    261     41672   157   +2.652    3984     56     43  -0.1274  -0.9545  +0.1482  +0.7860
    262     41836   164   +6.678    4272     46     58  +0.0023  -0.8788  +0.3111  +1.0000
    263     41992   156   -0.872    2030     50     57  -0.4498  -1.0000  -0.3213  +0.0243
    264     42158   166   +1.056    4096     62     60  -0.2259  -0.9249  -0.3057  +0.6375
    265     42318   160   -3.391    2583     60     47  -0.4858  -1.0000  -0.7528  +0.0820
    266     42482   164   +3.846    4132     51     57  -0.0438  -0.9156  +0.0452  +1.0000
    267     42639   157   +0.063    2803     46     65  -0.2841  -1.0000  -0.4906  +0.5336
    268     42802   163   +5.747    5272     73     41  -0.0117  -0.6162  +0.3176  +0.7992
    269     42963   161   +5.171    3902     46     58  -0.0893  -0.9759  -0.2677  +1.0000
    270     43118   155   -2.356    2597     67     49  -0.5052  -1.0000  -0.4205  -0.0370
    271     43279   161   -4.850    1652     65     33  -0.6719  -1.0000  -1.0000  -0.3632
    272     43440   161   +2.234    2775     47     73  -0.3181  -1.0000  -0.6529  +0.4892
    273     43599   159   -3.837    1111     56     42  -0.7089  -1.0000  -1.0000  -0.5023
    274     43760   161   -4.391    1932     67     45  -0.5778  -1.0000  -0.3008  -0.2809
    275     43921   161   -1.018    2636     46     75  -0.3124  -1.0000  -0.3702  +0.4238
    276     44079   158   -2.470    2589     58     38  -0.4531  -1.0000  -0.5374  +0.1061
    277     44235   156   -0.838    2546     48     66  -0.3842  -1.0000  -0.7016  +0.3185
    278     44402   167   +5.962    5056     60     33  +0.0790  -0.6731  +0.5284  +1.0000
    279     44566   164   +4.777    4151     57     75  -0.1117  -0.9106  +0.0761  +0.8230
    280     44725   159   -3.177    2955     59     28  -0.4036  -1.0000  -0.5446  +0.2487
    281     44881   156   +0.192    2966     58     53  -0.2810  -1.0000  +0.5962  +0.2773
    282     45033   152   +6.914    4689     47     53  +0.0732  -0.7692  +0.6425  +1.0000
    283     45193   160   -3.883    1614     56     36  -0.6326  -1.0000  -1.0000  -0.2839
    284     45360   167   -2.460    1722     45     59  -0.4384  -1.0000  -0.0256  -0.0448
    285     45513   153   +1.191    2876     54     32  -0.2821  -1.0000  +0.3041  +0.3338
    286     45666   153   -4.028    1652     43     59  -0.5251  -1.0000  -0.9513  -0.0369
    287     45830   164   +3.396    4184     56     52  -0.1107  -0.9019  -0.0802  +0.8521
    288     45990   160   +2.868    3522     48     57  -0.1259  -1.0000  -0.0023  +0.8507
    289     46150   160   +7.058    5303     57     41  +0.0881  -0.6081  +0.3570  +1.0000
    290     46317   167   -0.550    3094     57     37  -0.3332  -1.0000  -0.2662  +0.3636
    291     46476   159   +0.738    4015     63     42  -0.2246  -0.9462  -0.0629  +0.5894
    292     46636   160   +6.591    3044     38     81  -0.1077  -1.0000  -0.4481  +1.0000
    293     46797   161   -4.299    1164     56     45  -0.7044  -1.0000  -1.0000  -0.4852
    294     46959   162   +4.083    3348     40     54  -0.0587  -1.0000  +0.0429  +1.0000
    295     47125   166   -2.848    1853     49     55  -0.5191  -1.0000  -0.7572  -0.0525
    296     47285   160   +3.598    3628     51     40  -0.1295  -1.0000  +0.1919  +0.7914
    297     47443   158   -2.975    1807     55     52  -0.5984  -1.0000  -1.0000  -0.1845
    298     47608   165   -2.115    2786     63     62  -0.4750  -1.0000  -0.6947  +0.1129
    299     47759   151   -2.239    2139     49     58  -0.4218  -1.0000  -0.2654  +0.0873
    300     47916   157   +0.045    3511     63     50  -0.2820  -1.0000  +0.2300  +0.3972

  ── rolling mean (last 100 ep) ──  cum_R=+0.074  yield=3128 kg/ha  N=58  W=50 mm  R_seas=-0.3271  R_ane=+0.3398

    301     48080   164   +0.214    3722     58     34  -0.2713  -1.0000  -0.4860  +0.6069
    302     48242   162   -1.073    3257     66     40  -0.4244  -1.0000  -0.5575  +0.2262
    303     48404   162   +5.685    4687     58     35  +0.0274  -0.7699  +0.3208  +1.0000
    304     48560   156   +0.468    2894     47     52  -0.2569  -1.0000  -0.2029  +0.5308
    305     48720   160   -4.097    1279     59     42  -0.6997  -1.0000  -1.0000  -0.4615
    306     48874   154   -5.185    1930     49     48  -0.5259  -1.0000  -1.0000  -0.0061
    307     49033   159   -0.274    2583     53     62  -0.3283  -1.0000  +0.2300  +0.2279
    308     49194   161   -2.505    1538     67     54  -0.6816  -1.0000  -0.8420  -0.4221
    309     49354   160   -1.238    2732     47     60  -0.3367  -1.0000  -0.6863  +0.4439
    310     49508   154   -1.347    2660     50     43  -0.3806  -1.0000  -0.7310  +0.3354
    311     49672   164   +2.799    3719     54     46  -0.0722  -1.0000  +1.0000  +0.7377
    312     49833   161   -3.371    1561     48     50  -0.5883  -1.0000  -0.9952  -0.1873
    313     49989   156   -3.488    1753     44     52  -0.4777  -1.0000  -0.6019  +0.0004
    314     50146   157   +5.966    2794     36     78  -0.0883  -1.0000  -0.0496  +0.9333
    315     50310   164   -3.234    1284     57     48  -0.6872  -1.0000  -1.0000  -0.4345
    316     50469   159   -0.005    2763     47     63  -0.2626  -1.0000  -0.0227  +0.4664
    317     50636   167   +3.252    3698     53     46  -0.1724  -1.0000  -0.0043  +0.7373
    318     50801   165   +6.226    4305     51     53  -0.0080  -0.8701  +0.2444  +1.0000
    319     50962   161   -5.299    1784     52     57  -0.5757  -1.0000  -1.0000  -0.1337
    320     51124   162   +6.087    4598     51     52  +0.0180  -0.7931  +0.2263  +1.0000
    321     51279   155   +4.517    3706     45     30  -0.0145  -1.0000  +0.5245  +1.0000
    322     51438   159   +0.672    3172     59     52  -0.2973  -1.0000  +0.1988  +0.3470
    323     51599   161   +2.871    3225     45     49  -0.1940  -1.0000  -0.4789  +0.7803
    324     51760   161   -2.536    2444     50     42  -0.4072  -1.0000  -0.6504  +0.2346
    325     51920   160   +5.332    4037     41     54  +0.0147  -0.9404  +0.5744  +1.0000
    326     52083   163   -3.724    1179     43     44  -0.6230  -1.0000  -1.0000  -0.3088
    327     52245   162   -3.840    1502     51     70  -0.6192  -1.0000  -0.9845  -0.2607
    328     52405   160   +6.303    5181     51     66  +0.0634  -0.6401  +0.1706  +1.0000
    329     52572   167   -0.502    3016     59     37  -0.3299  -1.0000  +0.1024  +0.2769
    330     52726   154   -3.722    1201     45     59  -0.6278  -1.0000  -0.9274  -0.3293
    331     52885   159   -1.822    2942     55     41  -0.3459  -1.0000  -0.2921  +0.3305
    332     53050   165   -2.700    2482     55     57  -0.4530  -1.0000  -0.6561  +0.1321
    333     53207   157   +8.294    3610     36     41  +0.0453  -1.0000  +1.0000  +1.0000
    334     53366   159   +2.246    3076     45     58  -0.1979  -1.0000  -0.2468  +0.7053
    335     53522   156   -3.415    1639     39     42  -0.4944  -1.0000  -1.0000  +0.0446
    336     53683   161   -4.354    1663     44     46  -0.5412  -1.0000  -1.0000  -0.0667
    337     53846   163   -1.050    2216     37     70  -0.3252  -1.0000  -0.8820  +0.4948
    338     54006   160   +3.214    2876     38     55  -0.1497  -1.0000  -0.4572  +0.8753
    339     54165   159   -1.987    2050     41     75  -0.3728  -1.0000  -0.4481  +0.2522
    340     54326   161   -4.935    1978     47     40  -0.4886  -1.0000  -0.8329  +0.0450
    341     54489   163   +3.721    3211     37     60  -0.0772  -1.0000  -0.1869  +1.0000
    342     54651   162   -3.297    1927     49     74  -0.5235  -1.0000  -0.8670  -0.0249
    343     54813   162   -2.199    1798     35     82  -0.3932  -1.0000  -0.8399  +0.2846
    344     54969   156   +5.552    3240     34     65  +0.0283  -1.0000  +0.8442  +1.0000
    345     55134   165   -5.186    1508     51     34  -0.6141  -1.0000  -1.0000  -0.2547
    346     55293   159   -4.339    1549     40     57  -0.5220  -1.0000  -1.0000  -0.0269
    347     55451   158   +1.361    2969     46     57  -0.2143  -1.0000  -0.0946  +0.6175
    348     55618   167   +2.512    3794     54     51  -0.1172  -1.0000  +0.4874  +0.7588
    349     55779   161   -4.587    1311     44     49  -0.6104  -1.0000  -1.0000  -0.2635
    350     55939   160   +2.655    3370     46     59  -0.1681  -1.0000  -0.4494  +0.8505
    351     56100   161   -3.158    1022     40     46  -0.6362  -1.0000  -1.0000  -0.3572
    352     56255   155   +6.104    3736     37     41  +0.0331  -1.0000  +0.8946  +1.0000
    353     56419   164   +5.606    4149     42     54  +0.0048  -0.9110  +0.3950  +1.0000
    354     56581   162   +4.906    3022     32     58  -0.0571  -1.0000  -0.0604  +1.0000
    355     56736   155   -5.365    1190     37     46  -0.5727  -1.0000  -1.0000  -0.1882
    356     56896   160   +6.262    3352     31     80  +0.0298  -1.0000  +0.8260  +1.0000
    357     57062   166   -0.417    2587     42     46  -0.3196  -1.0000  -0.9270  +0.5360
    358     57223   161   +6.556    3065     35     56  +0.0353  -1.0000  +0.9129  +1.0000
    359     57387   164   +6.177    4600     48     65  +0.0840  -0.7927  +0.8723  +1.0000
    360     57545   158   +0.243    2684     41     62  -0.2515  -1.0000  -0.6048  +0.6392
    361     57709   164   -0.582    2569     46     40  -0.3383  -1.0000  -0.6312  +0.4097
    362     57875   166   -2.904    2528     49     54  -0.3970  -1.0000  -0.7001  +0.2814
    363     58031   156   -6.047    1782     49     48  -0.5593  -1.0000  -1.0000  -0.0983
    364     58194   163   +1.930    2350     33     43  -0.1637  -1.0000  -0.3318  +0.7743
    365     58349   155   +2.565    2509     34     58  -0.1366  -1.0000  -0.2044  +0.8257
    366     58516   167   -0.117    3240     59     42  -0.3088  -1.0000  -0.0422  +0.3791
    367     58683   167   +2.015    3398     45     42  -0.1506  -1.0000  -0.3692  +0.8711
    368     58844   161   +0.530    2579     41     62  -0.2605  -1.0000  -0.4174  +0.5615
    369     58996   152   +5.583    3353     38     42  -0.0129  -1.0000  +0.4560  +1.0000
    370     59156   160   +3.794    3460     35     38  -0.0138  -1.0000  +0.3969  +1.0000
    371     59317   161   +4.504    3176     39     60  -0.0962  -1.0000  -0.3500  +1.0000
    372     59477   160   -2.192    1736     37     39  -0.4489  -1.0000  -1.0000  +0.1656
    373     59636   159   +2.115    3711     52     46  -0.1589  -1.0000  -0.0446  +0.7829
    374     59796   160   +0.388    2272     33     46  -0.2090  -1.0000  -0.6139  +0.7255
    375     59956   160   -3.483    1588     51     40  -0.5780  -1.0000  -0.7328  -0.2239
    376     60112   156   +0.640    3221     49     43  -0.2600  -1.0000  -0.6730  +0.6582
    377     60269   157   +5.700    3781     38     70  -0.0715  -1.0000  -0.1033  +1.0000
    378     60426   157   +0.111    2895     46     46  -0.2607  -1.0000  -0.3588  +0.5591
    379     60586   160   +4.768    3412     39     49  +0.0373  -1.0000  +0.9831  +1.0000
    380     60748   162   +7.200    3985     43     42  +0.0144  -0.9540  +0.6398  +1.0000
    381     60908   160   -3.247    1669     43     52  -0.4976  -1.0000  -0.6826  -0.0358
    382     61062   154   -2.726    1540     34     44  -0.3780  -1.0000  -0.1981  +0.1280
    383     61221   159   -2.296    2064     43     45  -0.3753  -1.0000  -0.2761  +0.1950
    384     61386   165   +5.975    4523     49     70  +0.0242  -0.8130  +0.3555  +1.0000
    385     61534   148   +5.584    3536     34     54  +0.0343  -1.0000  +0.8766  +1.0000
    386     61694   160   +1.831    2692     41     44  -0.2352  -1.0000  -0.5156  +0.6532
    387     61852   158   +4.273    2429     26     68  -0.1055  -1.0000  -0.6093  +1.0000
    388     62006   154   +8.514    3662     37     46  +0.0423  -1.0000  +1.0000  +1.0000
    389     62171   165   +4.797    3571     38     52  -0.0578  -1.0000  +0.0167  +1.0000
    390     62328   157   +5.952    3636     40     56  +0.0026  -1.0000  +0.6585  +1.0000
    391     62488   160   -0.453    2349     37     45  -0.2699  -1.0000  -0.7275  +0.5989
    392     62648   160   +3.727    3534     37     44  -0.0697  -1.0000  -0.1251  +1.0000
    393     62802   154   +5.909    4213     40     34  +0.0153  -0.8942  +0.3843  +1.0000
    394     62960   158   -4.902    1309     44     75  -0.6129  -1.0000  -1.0000  -0.2622
    395     63119   159   +2.240    2798     41     42  -0.1834  -1.0000  -0.1535  +0.6989
    396     63282   163   -2.590    1511     41     50  -0.4744  -1.0000  -0.3077  -0.0853
    397     63443   161   -2.523    2221     40     54  -0.3533  -1.0000  -0.7249  +0.3772
    398     63600   157   -3.681    2280     50     34  -0.4612  -1.0000  -0.9077  +0.1514
    399     63762   162   +2.565    2698     38     38  -0.1622  -1.0000  -0.1957  +0.7589
    400     63932   170   +1.074    2773     41     42  -0.2348  -1.0000  -0.5905  +0.6776

  ── rolling mean (last 100 ep) ──  cum_R=+0.781  yield=2754 kg/ha  N=44  W=51 mm  R_seas=-0.2674  R_ane=+0.4925

    401     64091   159   +0.128    2436     44     43  -0.3180  -1.0000  -0.3198  +0.3749
    402     64252   161   -0.131    2196     38     48  -0.3339  -1.0000  -0.7550  +0.4318
    403     64417   165   +7.085    4108     35     53  +0.0381  -0.9217  +0.6598  +1.0000
    404     64577   160   +0.590    2091     32     72  -0.2575  -1.0000  -0.7633  +0.6350
    405     64738   161   +5.343    4199     39     66  -0.0083  -0.8979  +0.1870  +1.0000
    406     64896   158   +0.322    2883     46     50  -0.2734  -1.0000  -0.4781  +0.5577
    407     65056   160   +4.371    3729     42     55  -0.0439  -1.0000  +0.2122  +1.0000
    408     65219   163   +5.020    3426     40     41  +0.0093  -1.0000  +0.7056  +1.0000
    409     65376   157   -2.725    1112     47     40  -0.6327  -1.0000  -0.7031  -0.4061
    410     65532   156   +4.456    2599     34     53  -0.0770  -1.0000  -0.0329  +0.9414
    411     65686   154   -2.614    1752     39     39  -0.4482  -1.0000  -0.7988  +0.1178
    412     65845   159   +3.303    3114     33     37  -0.0941  -1.0000  -0.4310  +1.0000
    413     66009   164   +1.863    2347     37     78  -0.2923  -1.0000  -0.8188  +0.5745
    414     66169   160   +2.851    2241     30     52  -0.1271  -1.0000  -0.2463  +0.8464
    415     66322   153   +3.358    3228     41     48  -0.1002  -1.0000  -0.2325  +0.9609
    416     66483   161   -4.722    1075     37     45  -0.5996  -1.0000  -1.0000  -0.2656
    417     66644   161   +7.207    3931     26     45  +0.0053  -0.9682  +0.3578  +1.0000
    418     66799   155   +2.292    2758     38     47  -0.1517  -1.0000  -0.2087  +0.7958
    419     66966   167   +7.322    4509     35     51  +0.0327  -0.8166  +0.2431  +1.0000
    420     67123   157   -2.891    2042     45     56  -0.4376  -1.0000  -0.6813  +0.1421
    421     67283   160   +3.248    3807     44     48  -0.0994  -1.0000  -0.3171  +1.0000
    422     67438   155   -0.593    1480     29     39  -0.3831  -1.0000  -0.8481  +0.2770
    423     67601   163   +6.960    3853     30     61  +0.0154  -0.9888  +0.6016  +1.0000
    424     67759   158   -3.162    1930     45     34  -0.4406  -1.0000  -0.4816  +0.0706
    425     67923   164   +3.895    2957     35     55  -0.0663  -1.0000  -0.1081  +1.0000
    426     68083   160   +2.345    3139     36     46  -0.0807  -1.0000  -0.2515  +1.0000
    427     68244   161   -0.633    2467     45     42  -0.3204  -1.0000  -0.3029  +0.3663
    428     68411   167   +4.223    3698     40     64  -0.0843  -1.0000  -0.2059  +1.0000
    429     68570   159   -1.144    2086     36     43  -0.3340  -1.0000  -0.8145  +0.4381
    430     68728   158   +2.331    3160     41     40  -0.0940  -1.0000  -0.1252  +0.9433
    431     68889   161   +7.260    3834     30     49  -0.0005  -0.9936  +0.4579  +1.0000
    432     69051   162   +4.661    3332     35     50  -0.1112  -1.0000  -0.5637  +1.0000
    433     69215   164   -2.501    1745     34     49  -0.3961  -1.0000  -0.8428  +0.2640
    434     69377   162   +1.862    2860     44     44  -0.2069  -1.0000  -0.0955  +0.6271
    435     69542   165   +5.027    3363     28     53  -0.0266  -1.0000  +0.1941  +1.0000
    436     69699   157   +3.593    3152     40     34  -0.1218  -1.0000  -0.5712  +0.9859
    437     69859   160   +3.405    2298     30     52  -0.0717  -1.0000  +0.1218  +0.8991
    438     70015   156   -1.267    1602     28     47  -0.3432  -1.0000  -0.9038  +0.4075
    439     70170   155   -1.844    2142     41     60  -0.3957  -1.0000  -0.9147  +0.3144
    440     70331   161   +0.716    2177     31     45  -0.1914  -1.0000  -0.4784  +0.7309
    441     70486   155   -4.441    1085     27     47  -0.4825  -1.0000  -0.9201  +0.0082
    442     70646   160   +5.200    2640     32     49  +0.0127  -1.0000  +0.6294  +1.0000
    443     70803   157   +3.566    2571     30     52  -0.1017  -1.0000  -0.5394  +1.0000
    444     70961   158   +4.206    2450     30     62  -0.0789  -1.0000  -0.2947  +1.0000
    445     71122   161   +2.327    2896     40     55  -0.1886  -1.0000  -0.6416  +0.8221
    446     71288   166   +3.230    2509     31     42  -0.1064  -1.0000  -0.5843  +1.0000
    447     71449   161   +0.588    2909     42     46  -0.2121  -1.0000  -0.5098  +0.7241
    448     71603   154   +3.955    3242     29     57  -0.0804  -1.0000  -0.3269  +1.0000
    449     71761   158   -2.088    2113     37     37  -0.3575  -1.0000  -0.9553  +0.4137
    450     71926   165   +3.898    2825     32     61  -0.0926  -1.0000  -0.4063  +1.0000
    451     72082   156   +3.304    2392     29     47  -0.1290  -1.0000  -0.8231  +1.0000
    452     72238   156   +4.774    3188     31     66  -0.0514  -1.0000  -0.0039  +1.0000
    453     72397   159   +0.590    2595     41     44  -0.2699  -1.0000  -0.6750  +0.5991
    454     72556   159   +4.116    3973     40     57  -0.0498  -0.9573  -0.0244  +1.0000
    455     72717   161   -2.918    1262     37     52  -0.5636  -1.0000  -1.0000  -0.1573
    456     72877   160   +2.103    2508     34     47  -0.1429  -1.0000  -0.3935  +0.8553
    457     73029   152   +2.928    3468     38     58  -0.0955  -1.0000  -0.3552  +1.0000
    458     73189   160   -4.389    1132     38     51  -0.5915  -1.0000  -0.9562  -0.2486
    459     73353   164   +2.829    2855     35     52  -0.0687  -1.0000  -0.1302  +1.0000
    460     73511   158   +5.544    4310     36     45  +0.0228  -0.8689  +0.3230  +1.0000
    461     73672   161   +1.369    3103     44     56  -0.2011  -1.0000  -0.4610  +0.7533
    462     73831   159   +3.039    2828     30     56  -0.0943  -1.0000  -0.4504  +1.0000
    463     73991   160   +3.883    2358     29     60  -0.1210  -1.0000  -0.7272  +1.0000
    464     74151   160   +6.180    3492     25     54  -0.0235  -1.0000  +0.1759  +1.0000
    465     74309   158   +2.942    2376     28     49  -0.1092  -1.0000  -0.6475  +1.0000
    466     74468   159   +3.936    2954     35     44  -0.0924  -1.0000  -0.3778  +1.0000
    467     74633   165   +1.367    2551     36     55  -0.2142  -1.0000  -0.7535  +0.7666
    468     74787   154   +4.290    2503     25     44  -0.0918  -1.0000  -0.5209  +1.0000
    469     74942   155   +5.586    3184     28     52  +0.0138  -1.0000  +0.5980  +1.0000
    470     75106   164   +6.366    3224     29     49  +0.0284  -1.0000  +0.7542  +1.0000
    471     75263   157   -4.746     920     30     51  -0.5751  -1.0000  -1.0000  -0.2219
    472     75420   157   +6.385    3476     32     50  -0.0424  -1.0000  +0.0777  +1.0000
    473     75580   160   -0.389    2024     32     49  -0.2579  -1.0000  -0.5834  +0.5751
    474     75736   156   -2.357    1960     37     56  -0.3919  -1.0000  -1.0000  +0.3322
    475     75894   158   +2.065    1998     28     42  -0.2110  -1.0000  -0.8849  +0.7770
    476     76056   162   -4.116    1187     43     48  -0.6009  -1.0000  -0.7789  -0.3068
    477     76209   153   +3.392    2936     32     64  -0.0831  -1.0000  -0.3033  +1.0000
    478     76370   161   +1.179    2115     31     56  -0.2460  -1.0000  -0.9386  +0.7084
    479     76528   158   +0.586    1920     27     52  -0.1996  -1.0000  -0.6774  +0.7506
    480     76690   162   +3.360    2806     36     63  -0.1077  -1.0000  -0.3090  +0.9463
    481     76846   156   +1.690    1894     25     55  -0.1781  -1.0000  -0.8763  +0.8620
    482     77001   155   +4.119    1973     24     62  -0.0758  -1.0000  -0.3459  +1.0000
    483     77154   153   -1.882    1446     30     47  -0.4287  -1.0000  -1.0000  +0.1976
    484     77316   162   -3.277    1823     41     50  -0.4463  -1.0000  -0.7659  +0.1232
    485     77479   163   -0.978    1691     33     60  -0.4068  -1.0000  -1.0000  +0.2765
    486     77640   161   +2.655    2236     33     50  -0.1082  -1.0000  +0.5483  +0.6841
    487     77799   159   +3.092    2749     41     57  -0.1222  -1.0000  +0.6152  +0.6603
    488     77955   156   +3.523    2288     27     60  -0.1192  -1.0000  -0.7389  +1.0000
    489     78115   160   -0.182    1670     32     57  -0.3309  -1.0000  -0.4233  +0.3216
    490     78280   165   +2.236    1758     26     55  -0.2409  -1.0000  -0.9237  +0.6981
    491     78439   159   +5.063    2565     23     65  -0.0688  -1.0000  -0.2881  +1.0000
    492     78596   157   +6.078    2668     22     48  -0.0567  -1.0000  -0.2030  +1.0000
    493     78761   165   +3.672    3224     35     56  -0.0889  -1.0000  -0.3260  +1.0000
    494     78917   156   +4.965    3049     24     45  +0.0110  -1.0000  +0.4927  +1.0000
    495     79074   157   +1.978    2167     29     50  -0.1805  -1.0000  -0.8289  +0.8551
    496     79234   160   +5.523    2895     25     54  -0.0833  -1.0000  -0.4207  +1.0000
    497     79391   157   +3.853    2428     26     61  -0.0938  -1.0000  -0.5001  +1.0000
    498     79548   157   +3.670    2297     22     61  -0.0875  -1.0000  -0.4923  +1.0000
    499     79711   163   -2.653    1722     32     56  -0.3876  -1.0000  -1.0000  +0.3271
    500     79864   153   -4.063    1289     34     68  -0.5103  -1.0000  -0.8700  -0.0505

  ── rolling mean (last 100 ep) ──  cum_R=+2.035  yield=2575 kg/ha  N=34  W=52 mm  R_seas=-0.1911  R_ane=+0.7108

    501     80023   159   +1.538    1837     28     59  -0.2620  -1.0000  -0.8352  +0.6233
    502     80191   168   +4.025    3048     31     60  -0.1086  -1.0000  -0.5836  +1.0000
    503     80350   159   +4.565    2601     26     56  -0.1039  -1.0000  -0.6133  +1.0000
    504     80512   162   +2.630    1866     28     61  -0.1993  -1.0000  -0.4807  +0.6987
    505     80682   170   +3.413    3341     34     51  -0.0634  -1.0000  -0.0932  +1.0000
    506     80842   160   +4.256    2259     25     53  -0.1278  -1.0000  -0.8622  +1.0000
    507     81000   158   -3.563    1563     34     44  -0.4459  -1.0000  -1.0000  +0.1613
    508     81167   167   -0.425    1367     25     45  -0.3564  -1.0000  -1.0000  +0.3820
    509     81330   163   +1.989    2078     27     45  -0.1427  -1.0000  -0.8421  +0.9545
    510     81490   160   +4.662    1859     21     44  -0.1268  -1.0000  -0.9159  +1.0000
    511     81655   165   -1.765    1924     41     59  -0.4445  -1.0000  -0.9217  +0.1769
    512     81825   170   +6.673    3715     32     58  +0.0487  -1.0000  +1.0000  +1.0000
    513     81987   162   +4.558    1748     22     55  -0.1266  -1.0000  -0.7352  +0.9567
    514     82143   156   +3.561    2587     24     48  -0.0854  -1.0000  -0.4619  +1.0000
    515     82302   159   +4.355    3104     24     46  -0.0302  -1.0000  +0.0900  +1.0000
    516     82463   161   +0.017    1405     22     63  -0.2759  -1.0000  -1.0000  +0.6065
    517     82618   155   +0.613    1436     23     56  -0.2538  -1.0000  -0.6309  +0.5661
    518     82774   156   -0.431    1520     26     55  -0.3317  -1.0000  -1.0000  +0.4610
    519     82937   163   +2.762    2136     24     59  -0.1163  -1.0000  -0.7529  +1.0000
    520     83100   163   +1.383    2081     31     58  -0.2029  -1.0000  -0.4459  +0.6907
    521     83262   162   -2.866    1802     36     60  -0.4159  -1.0000  -0.9229  +0.2412
    522     83421   159   +4.473    3006     22     49  +0.0135  -1.0000  +0.4986  +1.0000
    523     83587   166   +5.036    2785     28     78  -0.0987  -1.0000  -0.4965  +1.0000
    524     83750   163   +0.377    1717     28     56  -0.3020  -1.0000  -1.0000  +0.5524
    525     83909   159   +1.771    1904     26     64  -0.1968  -1.0000  -0.8423  +0.8057
    526     84066   157   +1.556    1784     25     59  -0.1960  -1.0000  -0.8506  +0.8022
    527     84223   157   +3.177    1600     20     59  -0.1155  -1.0000  -0.8110  +1.0000
    528     84382   159   -1.727    1927     35     72  -0.3640  -1.0000  -0.9091  +0.3836
    529     84541   159   +3.309    2395     28     50  -0.0746  -1.0000  -0.3002  +1.0000
    530     84702   161   -0.005    2356     35     73  -0.2441  -1.0000  -0.7513  +0.6824
    531     84862   160   -2.147    1289     28     65  -0.4386  -1.0000  -1.0000  +0.1657
    532     85024   162   +5.080    3780     34     64  +0.0411  -1.0000  +0.9629  +1.0000
    533     85180   156   +3.506    2820     21     60  -0.0757  -1.0000  -0.3885  +1.0000
    534     85344   164   -3.236     916     24     56  -0.5143  -1.0000  -1.0000  -0.0663
    535     85501   157   -1.817    1771     33     67  -0.3660  -1.0000  -0.8648  +0.3549
    536     85654   153   +1.666    1910     26     54  -0.1656  -1.0000  -0.7976  +0.8753
    537     85813   159   +4.311    2058     26     52  -0.0820  -1.0000  -0.2854  +0.9697
    538     85973   160   +3.917    2678     24     42  -0.0696  -1.0000  -0.3037  +1.0000
    539     86136   163   +2.354    1902     23     65  -0.0928  -1.0000  -0.5349  +1.0000
    540     86295   159   +3.169    2216     21     52  -0.0902  -1.0000  -0.5439  +1.0000
    541     86452   157   +2.423    2141     27     70  -0.0879  -1.0000  -0.4209  +1.0000
    542     86618   166   +3.500    1961     24     52  -0.0877  -1.0000  -0.4811  +1.0000
    543     86779   161   +3.462    1928     24     48  -0.1085  -1.0000  -0.6917  +1.0000
    544     86937   158   +2.370    1812     19     66  -0.1141  -1.0000  -0.7936  +1.0000
    545     87104   167   +0.594    2150     32     66  -0.2239  -1.0000  -0.5865  +0.6785
    546     87257   153   +5.296    2382     18     53  -0.0279  -1.0000  +0.0334  +1.0000
    547     87420   163   +3.005    1374     17     54  -0.1304  -1.0000  -1.0000  +1.0000
    548     87581   161   -1.825    1187     24     46  -0.3642  -1.0000  -0.4856  +0.2118
    549     87742   161   +2.594    1897     19     54  -0.0825  -1.0000  -0.4995  +1.0000
    550     87906   164   +4.350    2308     17     54  -0.0494  -1.0000  -0.1921  +1.0000
    551     88067   161   +4.425    3154     29     63  -0.0395  -1.0000  +0.0915  +1.0000
    552     88221   154   +3.224    2096     25     56  -0.0997  -1.0000  -0.5752  +1.0000
    553     88380   159   -3.226    1151     25     58  -0.4322  -1.0000  -1.0000  +0.1691
    554     88541   161   +4.284    1952     25     65  -0.1541  -1.0000  -0.8425  +0.9242
    555     88712   171   -1.059    1147     22     59  -0.3726  -1.0000  -1.0000  +0.3279
    556     88877   165   +2.235    1663     26     74  -0.2654  -1.0000  -0.7229  +0.5787
    557     89038   161   -0.870    1173     26     51  -0.3818  -1.0000  -0.3677  +0.1350
    558     89197   159   +1.231    1675     23     67  -0.1914  -1.0000  -1.0000  +0.8521
    559     89360   163   +4.238    1714     18     75  -0.1318  -1.0000  -0.9763  +1.0000
    560     89523   163   +3.018    1346     17     65  -0.1429  -1.0000  -1.0000  +0.9682
    561     89685   162   +4.048    2825     24     53  -0.0572  -1.0000  -0.1681  +1.0000
    562     89848   163   +0.902    1297     19     62  -0.2230  -1.0000  -1.0000  +0.7441
    563     90010   162   +5.545    2915     30     48  +0.0519  -1.0000  +1.0000  +1.0000
    564     90169   159   +3.305    1962     19     55  -0.1099  -1.0000  -0.7693  +1.0000
    565     90328   159   +2.588    1657     19     79  -0.1233  -1.0000  -0.8675  +1.0000
    566     90489   161   +3.429    2145     12     44  -0.1053  -1.0000  -0.8295  +1.0000
    567     90654   165   +4.101    1631     19     62  -0.0744  -1.0000  -0.4022  +1.0000
    568     90813   159   -2.211     972     20     53  -0.3993  -1.0000  -1.0000  +0.2413
    569     90978   165   +3.982    1766     16     54  -0.1236  -1.0000  -0.9531  +1.0000
    570     91137   159   +3.843    2060     21     45  -0.1015  -1.0000  -0.6628  +1.0000
    571     91295   158   +5.232    2508     19     63  -0.0869  -1.0000  -0.5238  +1.0000
    572     91453   158   +3.689    1734     13     42  -0.1048  -1.0000  -0.8116  +1.0000
    573     91613   160   +5.851    2175     20     67  -0.0554  -1.0000  -0.1897  +1.0000
    574     91770   157   +1.561    1303     18     55  -0.2064  -1.0000  -1.0000  +0.7879
    575     91932   162   +3.624    1799     18     47  -0.1157  -1.0000  -0.8456  +1.0000
    576     92091   159   +3.071    1381     13     36  -0.1222  -1.0000  -1.0000  +1.0000
    577     92249   158   +5.805    1902     10     41  -0.0442  -1.0000  -0.2473  +1.0000
    578     92405   156   +5.648    1819     14     52  -0.0668  -1.0000  -0.4110  +1.0000
    579     92567   162   +4.459    1935     18     46  -0.0741  -1.0000  -0.4270  +1.0000
    580     92719   152   +3.449    1472     12     48  -0.1053  -1.0000  -0.8225  +1.0000
    581     92875   156   +5.058    2149     20     56  -0.0216  -1.0000  +0.1336  +1.0000
    582     93036   161   +3.795    2120     23     56  -0.0615  -1.0000  -0.2297  +1.0000
    583     93196   160   +4.658    2122     22     65  -0.1025  -1.0000  -0.6375  +1.0000
    584     93353   157   +6.734    2214     18     58  -0.0975  -1.0000  -0.6503  +1.0000
    585     93506   153   +2.016    1045     14     42  -0.1757  -1.0000  -1.0000  +0.8547
    586     93662   156   +6.059    2074     15     39  -0.0633  -1.0000  -0.3702  +1.0000
    587     93826   164   +0.020    1437     22     45  -0.2596  -1.0000  -0.9959  +0.6455
    588     93982   156   +1.001    1239     21     58  -0.2984  -1.0000  -0.8035  +0.4806
    589     94144   162   +4.523    2207     16     74  -0.1086  -1.0000  -0.7727  +1.0000
    590     94310   166   +2.954    2278     31     68  -0.1066  -1.0000  +0.0364  +0.8325
    591     94464   154   +4.673    1149     12     51  -0.1230  -1.0000  -1.0000  +1.0000
    592     94622   158   +1.702     719     10     52  -0.2205  -1.0000  -1.0000  +0.7154
    593     94784   162   +3.360    1626     14     41  -0.1244  -1.0000  -1.0000  +1.0000
    594     94949   165   +5.720    2712     14     42  -0.0156  -1.0000  +0.0974  +1.0000
    595     95109   160   +2.762    1925     18     60  -0.1223  -1.0000  -0.8924  +1.0000
    596     95263   154   +5.363    2130     10     42  -0.0445  -1.0000  -0.2608  +1.0000
    597     95419   156   +4.231    1180     13     47  -0.1030  -1.0000  -0.7920  +1.0000
    598     95573   154   -0.813    1018     18     50  -0.3125  -1.0000  -0.9194  +0.4569
    599     95733   160   +0.270     919     15     36  -0.2872  -1.0000  -1.0000  +0.5374
    600     95893   160   +4.578    1918     20     70  -0.1276  -1.0000  -0.9085  +1.0000

  ── rolling mean (last 100 ep) ──  cum_R=+2.606  yield=1937 kg/ha  N=22  W=56 mm  R_seas=-0.1611  R_ane=+0.8219

    601     96052   159   +7.020    2206     11     38  +0.0430  -1.0000  +0.6336  +1.0000
    602     96205   153   +4.096     834     10     33  -0.1173  -1.0000  -1.0000  +1.0000
    603     96365   160   +2.566    1597     16     40  -0.1269  -1.0000  -1.0000  +1.0000
    604     96523   158   +1.779    1349     15     41  -0.1259  -1.0000  -1.0000  +1.0000
    605     96680   157   +3.169    1291     15     41  -0.1259  -1.0000  -1.0000  +1.0000
    606     96841   161   +6.654    2628     16     56  -0.0730  -1.0000  -0.4450  +1.0000
    607     97005   164   -3.828     821     22     56  -0.5106  -1.0000  -1.0000  -0.0662
    608     97169   164   +4.552    1283      4     39  -0.1105  -1.0000  -1.0000  +1.0000
    609     97325   156   +6.270    2458     15     42  +0.0105  -1.0000  +0.3625  +1.0000
    610     97490   165   +2.539    1917     25     47  -0.1123  -1.0000  -0.5529  +0.9515
    611     97651   161   +3.159    1461     18     55  -0.1119  -1.0000  -0.7999  +1.0000
    612     97810   159   +4.873    1963     14     45  -0.0915  -1.0000  -0.6682  +1.0000
    613     97971   161   +6.922    3570     17     53  +0.0169  -1.0000  +0.4646  +1.0000
    614     98131   160   +0.338    1240     20     56  -0.2820  -1.0000  -1.0000  +0.5778
    615     98286   155   +5.562    2014     12     33  +0.0116  -1.0000  +0.3314  +1.0000
    616     98446   160   -1.577    1063     22     46  -0.3867  -1.0000  -0.8090  +0.2288
    617     98606   160   +3.269    1934     18     46  -0.0868  -1.0000  -0.5619  +1.0000
    618     98770   164   +4.845    1357     14     59  -0.1262  -1.0000  -1.0000  +1.0000
    619     98930   160   +3.600    1560     19     40  -0.0991  -1.0000  -0.6758  +1.0000
    620     99089   159   +2.735    1566     17     56  -0.1302  -1.0000  -1.0000  +1.0000
    621     99246   157   +3.111    1700     18     35  -0.0925  -1.0000  -0.6384  +1.0000
    622     99408   162   +4.797    2032     18     35  -0.0698  -1.0000  -0.4051  +1.0000
    623     99572   164   +4.947    2723     13     48  -0.0583  -1.0000  -0.3427  +1.0000
    624     99735   163   +2.743    1280     13     44  -0.1232  -1.0000  -1.0000  +1.0000
    625     99898   163   +3.461    1778     14     41  -0.0635  -1.0000  -0.3918  +1.0000
    626    100058   160   +0.542    1307     21     48  -0.2790  -1.0000  -1.0000  +0.5873
    627    100222   164   +3.319    1587     16     59  -0.1287  -1.0000  -1.0000  +1.0000
    628    100381   159   +5.537    1867     11     34  -0.0724  -1.0000  -0.5311  +1.0000
    629    100547   166   +5.256    2182     14     37  -0.0706  -1.0000  -0.4582  +1.0000
    630    100604    57   -7.448       0      4      3  -0.8059  -1.0000  -1.0000  -1.0000
    631    100770   166   +1.206    1406     20     60  -0.2124  -1.0000  -1.0000  +0.7784
    632    100934   164   +4.161    2028     16     32  -0.0102  -1.0000  +0.1660  +1.0000
    633    101091   157   +4.128    1253     15     28  -0.0979  -1.0000  -0.7306  +1.0000
    634    101251   160   +1.604    1072     14     30  -0.1411  -1.0000  -1.0000  +0.9478
    635    101416   165   +3.090    1491     20     60  -0.1649  -1.0000  -0.7106  +0.8339
    636    101577   161   +3.064    1988     22     40  -0.0690  -1.0000  -0.3275  +1.0000
    637    101732   155   +4.752    1893     12     43  -0.0888  -1.0000  -0.6755  +1.0000
    638    101899   167   +4.100    1379     18     54  -0.1488  -1.0000  -0.9950  +0.9483
    639    102060   161   -2.671    1184     24     56  -0.4007  -1.0000  -1.0000  +0.2545
    640    102223   163   +3.973    2180     20     59  -0.0702  -1.0000  -0.3473  +1.0000
    641    102380   157   +3.619    2619     19     46  -0.0860  -1.0000  -0.5427  +1.0000
    642    102542   162   -2.127     851     17     34  -0.3790  -1.0000  -1.0000  +0.2812
    643    102707   165   +0.977    1317     18     32  -0.1688  -1.0000  -1.0000  +0.8843
    644    102871   164   +6.407    2301     13     48  -0.0949  -1.0000  -0.7101  +1.0000
    645    103036   165   +3.787    1895     14     34  -0.0671  -1.0000  -0.4363  +1.0000
    646    103206   170   +1.782     812     12     40  -0.2398  -1.0000  -1.0000  +0.6630
    647    103366   160   +2.416    1468     15     39  -0.1255  -1.0000  -0.9927  +1.0000
    648    103527   161   +4.405    2002     15     48  -0.1185  -1.0000  -0.9220  +1.0000
    649    103687   160   +4.382    1802     20     51  -0.1313  -1.0000  -0.9687  +1.0000
    650    103850   163   +2.776    1772     14     40  -0.0814  -1.0000  -0.5655  +1.0000
    651    104016   166   +3.773    1790     10     50  -0.1132  -1.0000  -0.9262  +1.0000
    652    104174   158   +3.031    1966     14     46  -0.1079  -1.0000  -0.8216  +1.0000
    653    104337   163   +3.775    1281     12     41  -0.1213  -1.0000  -1.0000  +1.0000
    654    104496   159   +3.122    1312     14     32  -0.1192  -1.0000  -0.9649  +1.0000
    655    104657   161   +3.138    1431     18     37  -0.1411  -1.0000  -0.8763  +0.9339
    656    104814   157   +4.018    1966      9     38  -0.0581  -1.0000  -0.4093  +1.0000
    657    104978   164   +3.282    1679     11     46  -0.1115  -1.0000  -0.9092  +1.0000
    658    105137   159   +3.625    1253     14     39  -0.1250  -1.0000  -1.0000  +1.0000
    659    105297   160   +3.651    2244     15     33  -0.0321  -1.0000  -0.0749  +1.0000
    660    105457   160   +3.518    1047     10     42  -0.1192  -1.0000  -1.0000  +1.0000
    661    105627   170   +3.376    1452     13     31  -0.0904  -1.0000  -0.6853  +1.0000
    662    105794   167   +4.975    2088      8     58  -0.1005  -1.0000  -0.8179  +1.0000
    663    105948   154   +3.589    2004     18     47  -0.1091  -1.0000  -0.7883  +1.0000
    664    106110   162   +3.704    1381     11     43  -0.1210  -1.0000  -1.0000  +1.0000
    665    106270   160   -2.447     726     16     45  -0.4441  -1.0000  -1.0000  +0.0986
    666    106424   154   -2.034     836     17     34  -0.3878  -1.0000  -1.0000  +0.2558
    667    106586   162   +4.026    1745     12     44  -0.0984  -1.0000  -0.7552  +1.0000
    668    106741   155   +3.831    1851     17     34  -0.0730  -1.0000  -0.4491  +1.0000
    669    106895   154   +3.578    1360     12     42  -0.1213  -1.0000  -1.0000  +1.0000
    670    107052   157   +3.545     803     10     38  -0.1180  -1.0000  -1.0000  +1.0000
    671    107210   158   +3.673    1885     14     48  -0.0793  -1.0000  -0.5380  +1.0000
    672    107368   158   +3.763    1823     13     51  -0.1219  -1.0000  -0.9792  +1.0000
    673    107525   157   +6.943    2715     12     33  +0.0791  -1.0000  +1.0000  +1.0000
    674    107687   162   +4.437    1700     17     31  -0.0944  -1.0000  -0.6742  +1.0000
    675    107847   160   +1.499    1063     15     40  -0.2165  -1.0000  -1.0000  +0.7421
    676    108011   164   +2.612    1538     17     49  -0.1187  -1.0000  -0.8871  +1.0000
    677    108170   159   +4.258    1442     13     43  -0.1232  -1.0000  -1.0000  +1.0000
    678    108333   163   +4.569    1880     15     47  -0.0780  -1.0000  -0.5180  +1.0000
    679    108495   162   +4.337    1351     12     29  -0.0992  -1.0000  -0.7889  +1.0000
    680    108651   156   +3.599    1323     10     29  -0.1014  -1.0000  -0.8410  +1.0000
    681    108807   156   +3.735    1797     14     32  -0.1156  -1.0000  -0.9200  +1.0000
    682    108971   164   -0.467    1302     20     35  -0.2755  -1.0000  -1.0000  +0.5922
    683    109130   159   +6.782    2238     19     42  -0.0137  -1.0000  +0.1818  +1.0000
    684    109290   160   +2.323    1182     15     38  -0.1250  -1.0000  -1.0000  +1.0000
    685    109452   162   -3.080     803     19     51  -0.4657  -1.0000  -1.0000  +0.0491
    686    109608   156   +2.986    1039     10     41  -0.1184  -1.0000  -1.0000  +1.0000
    687    109760   152   +6.985    2454     14     38  +0.0013  -1.0000  +0.2556  +1.0000
    688    109917   157   +0.843    1004     15     48  -0.2407  -1.0000  -1.0000  +0.6744
    689    110076   159   +4.850    1912     17     44  -0.0719  -1.0000  -0.4297  +1.0000
    690    110237   161   +3.329    1692     17     53  -0.1228  -1.0000  -0.9219  +1.0000
    691    110396   159   +3.708    2372     14     37  -0.0309  -1.0000  -0.0735  +1.0000
    692    110553   157   +4.635    1669      4     37  -0.0816  -1.0000  -0.7171  +1.0000
    693    110709   156   +4.638    1855     13     30  -0.0625  -1.0000  -0.4111  +1.0000
    694    110869   160   +4.381    2237      9     34  -0.0779  -1.0000  -0.6136  +1.0000
    695    111029   160   -3.900     628     17     29  -0.4953  -1.0000  -1.0000  -0.0531
    696    111188   159   +5.314    1457      9     35  -0.1166  -1.0000  -1.0000  +1.0000
    697    111351   163   +2.437    1559     11     32  -0.0980  -1.0000  -0.7845  +1.0000
    698    111512   161   +4.533    1403     10     31  -0.0881  -1.0000  -0.7086  +1.0000
    699    111680   168   +5.033    1769     12     38  -0.0334  -1.0000  -0.1150  +1.0000
    700    111838   158   +4.268    1699      8     34  -0.1135  -1.0000  -0.9751  +1.0000

  ── rolling mean (last 100 ep) ──  cum_R=+3.147  yield=1623 kg/ha  N=15  W=42 mm  R_seas=-0.1361  R_ane=+0.8816

    701    111998   160   +4.896    1815     13     36  -0.0491  -1.0000  -0.2660  +1.0000
    702    112159   161   +3.881    1557     12     34  -0.0906  -1.0000  -0.7004  +1.0000
    703    112319   160   +3.542    1244     12     30  -0.1160  -1.0000  -0.9623  +1.0000
    704    112481   162   +4.202    1285     15     34  -0.1252  -1.0000  -1.0000  +1.0000
    705    112637   156   +4.353    2079     15     25  -0.0281  -1.0000  -0.0470  +1.0000
    706    112792   155   +3.623    1358      7     42  -0.1055  -1.0000  -0.9082  +1.0000
    707    112959   167   +2.543    1527     19     27  -0.1058  -1.0000  -0.7648  +1.0000
    708    113122   163   +3.144    1706     10     33  -0.1073  -1.0000  -0.8971  +1.0000
    709    113280   158   +2.579    1477     19     30  -0.0862  -1.0000  -0.3746  +0.9471
    710    113444   164   +3.540    1924     12     43  -0.0796  -1.0000  -0.5737  +1.0000
    711    113610   166   +2.219    1038     14     34  -0.1603  -1.0000  -1.0000  +0.8943
    712    113769   159   +3.862    1750     14     36  -0.1065  -1.0000  -0.8265  +1.0000
    713    113928   159   +4.429    2365     18     26  -0.0691  -1.0000  -0.4004  +1.0000
    714    114084   156   +4.108    1908      8     27  -0.0672  -1.0000  -0.5266  +1.0000
    715    114239   155   +3.690    1071      7     24  -0.0860  -1.0000  -0.7327  +1.0000
    716    114395   156   +4.066    1307     14     38  -0.1239  -1.0000  -1.0000  +1.0000
    717    114550   155   +6.105    3034     11     29  +0.0203  -1.0000  +0.3926  +1.0000
    718    114702   152   +4.073    1107     11     26  -0.1181  -1.0000  -1.0000  +1.0000
    719    114866   164   +4.897    1365      9     29  -0.0992  -1.0000  -0.8313  +1.0000
    720    115027   161   +5.111    1747     14     16  -0.0111  -1.0000  +0.0980  +1.0000
    721    115186   159   +3.635     996      9     20  -0.1150  -1.0000  -1.0000  +1.0000
    722    115345   159   +6.124    2790     15     26  +0.0574  -1.0000  +0.8128  +1.0000
    723    115501   156   +4.828    1578     11     22  -0.0926  -1.0000  -0.7390  +1.0000
    724    115660   159   +2.335     836     11     18  -0.1497  -1.0000  -1.0000  +0.9078
    725    115818   158   +2.912    1427      9     32  -0.1067  -1.0000  -0.9048  +1.0000
    726    115980   162   +4.328    1845     10     34  -0.0921  -1.0000  -0.7388  +1.0000
    727    116143   163   +1.527     924     14     19  -0.2542  -1.0000  -1.0000  +0.6227
    728    116303   160   +2.989    1555     15     25  -0.1069  -1.0000  -0.8295  +1.0000
    729    116459   156   +2.787    1765     11     28  -0.0915  -1.0000  -0.7313  +1.0000
    730    116615   156   +4.809    1619     12     31  -0.0732  -1.0000  -0.5205  +1.0000
    731    116776   161   +3.037    1706     11     26  -0.1073  -1.0000  -0.8870  +1.0000
    732    116930   154   +0.784    1283     18     38  -0.2103  -1.0000  -0.8529  +0.7299
    733    117091   161   +5.358    1536     10     33  -0.1077  -1.0000  -0.8918  +1.0000
    734    117253   162   +4.467    1308     14     37  -0.1010  -1.0000  -0.7622  +1.0000
    735    117417   164   +4.355    1734     11     32  -0.1196  -1.0000  -1.0000  +1.0000
    736    117578   161   +1.852     671      9     18  -0.1868  -1.0000  -1.0000  +0.7956
    737    117737   159   -2.195     731     16     30  -0.4153  -1.0000  -1.0000  +0.1720
    738    117895   158   +3.972    1334     17     26  -0.1361  -1.0000  -0.9998  +0.9732
    739    118061   166   +1.241     705     12     20  -0.2940  -1.0000  -1.0000  +0.4995
    740    118216   155   +3.617    1228     12     22  -0.1191  -1.0000  -1.0000  +1.0000
    741    118376   160   +4.712    1745      9     25  -0.0747  -1.0000  -0.5910  +1.0000
    742    118537   161   +4.460    2304     14     31  -0.0422  -1.0000  -0.1968  +1.0000
    743    118691   154   +3.243    1212     11     42  -0.1202  -1.0000  -1.0000  +1.0000
    744    118853   162   -2.410    1089     22     29  -0.3934  -1.0000  -0.9706  +0.2504
    745    119018   165   +2.883    1572     19     40  -0.1318  -1.0000  -1.0000  +1.0000
    746    119183   165   +4.449    1971     11     43  -0.0846  -1.0000  -0.6374  +1.0000
    747    119342   159   +3.017    1074     12     21  -0.1123  -1.0000  -0.9368  +1.0000
    748    119503   161   +2.956     963      8     18  -0.1136  -1.0000  -1.0000  +1.0000
    749    119663   160   +3.714    1271      9     26  -0.1159  -1.0000  -1.0000  +1.0000
    750    119820   157   +5.811    2112     14     24  +0.0301  -1.0000  +0.5212  +1.0000
    751    119982   162   +4.346    2226     13     33  -0.0727  -1.0000  -0.4999  +1.0000
    752    120143   161   +3.807    1594     12     20  -0.1192  -1.0000  -1.0000  +1.0000
    753    120295   152   +3.568    1440     10     27  -0.0677  -1.0000  -0.5029  +1.0000
    754    120452   157   +4.264    1889      9     26  -0.1097  -1.0000  -0.9439  +1.0000
    755    120607   155   +3.373    1531     12     26  -0.1192  -1.0000  -1.0000  +1.0000
    756    120766   159   +3.293    1717     11     19  -0.1041  -1.0000  -0.8653  +1.0000
    757    120922   156   +4.434    1626     10     25  -0.0583  -1.0000  -0.4095  +1.0000
    758    121084   162   +2.857    1121     10     20  -0.1035  -1.0000  -0.8686  +1.0000
    759    121245   161   +4.697    1999     11     22  -0.0370  -1.0000  -0.1923  +1.0000
    760    121404   159   +4.210     574      7     18  -0.1116  -1.0000  -1.0000  +1.0000
    761    121574   170   +3.644    1250      9     33  -0.0929  -1.0000  -0.7654  +1.0000
    762    121734   160   +4.355    2317     10     22  -0.0576  -1.0000  -0.4112  +1.0000
    763    121890   156   +3.179    1194     13     20  -0.1202  -1.0000  -1.0000  +1.0000
    764    122049   159   +6.719    1564      9     29  -0.0188  -1.0000  -0.0330  +1.0000
    765    122212   163   -1.561     908     20     23  -0.4197  -1.0000  -0.9774  +0.1657
    766    122369   157   +5.890    1978      8     33  -0.0652  -1.0000  -0.5044  +1.0000
    767    122525   156   +3.401    1214     13     25  -0.1210  -1.0000  -1.0000  +1.0000
    768    122684   159   +5.062    1138     10     26  -0.0835  -1.0000  -0.6626  +1.0000
    769    122846   162   +5.042    1793     10     35  -0.0873  -1.0000  -0.6850  +1.0000
    770    123001   155   +1.893     741     11     26  -0.2131  -1.0000  -1.0000  +0.7284
    771    123159   158   +3.530    1128      7     29  -0.1133  -1.0000  -1.0000  +1.0000
    772    123320   161   +3.698    1381     11     26  -0.1002  -1.0000  -0.8235  +1.0000
    773    123486   166   +2.932    1105     13     14  -0.1203  -1.0000  -1.0000  +1.0000
    774    123643   157   +2.838    1478      8     19  -0.0967  -1.0000  -0.8264  +1.0000
    775    123798   155   +3.910    1345      6     18  -0.1105  -1.0000  -1.0000  +1.0000
    776    123963   165   +7.244    2664     12     35  -0.0414  -1.0000  -0.2036  +1.0000
    777    124121   158   +5.328    1139      6     33  -0.1059  -1.0000  -0.9326  +1.0000
    778    124275   154   +3.894    1468      7     26  -0.1124  -1.0000  -1.0000  +1.0000
    779    124424   149   +3.381     928      6     26  -0.1110  -1.0000  -1.0000  +1.0000
    780    124590   166   +4.026    2062     10     24  -0.0696  -1.0000  -0.5246  +1.0000
    781    124748   158   +3.805    1485      6     30  -0.1102  -1.0000  -0.9840  +1.0000
    782    124907   159   +2.018    1017      9     18  -0.1151  -1.0000  -1.0000  +1.0000
    783    125061   154   +3.787    1752     17     14  -0.0806  -1.0000  -0.5464  +1.0000
    784    125223   162   +5.197    1853      7     24  -0.0397  -1.0000  -0.2654  +1.0000
    785    125382   159   +1.353     761     12     15  -0.2818  -1.0000  -0.9489  +0.5213
    786    125538   156   +7.562    2758     10     14  +0.0848  -1.0000  +1.0000  +1.0000
    787    125697   159   +3.363    1552     13     29  -0.1211  -1.0000  -1.0000  +1.0000
    788    125864   167   +4.763    1182     12      9  -0.1066  -1.0000  -0.8860  +1.0000
    789    126023   159   +3.442    1578     10     26  -0.1113  -1.0000  -0.9338  +1.0000
    790    126185   162   +4.596    1845     10     20  -0.0718  -1.0000  -0.5551  +1.0000
    791    126344   159   +5.225    1454      5     25  -0.1098  -1.0000  -1.0000  +1.0000
    792    126510   166   +2.393    1181     14     20  -0.1214  -1.0000  -1.0000  +1.0000
    793    126666   156   +3.511    1252      9     11  -0.0998  -1.0000  -0.8540  +1.0000
    794    126832   166   +2.808     810     10     18  -0.1348  -1.0000  -1.0000  +0.9485
    795    126986   154   +4.742     916      7     18  -0.1115  -1.0000  -1.0000  +1.0000
    796    127143   157   +3.257    1636      9     22  -0.1063  -1.0000  -0.9070  +1.0000
    797    127309   166   +3.658    1449      7     14  -0.0998  -1.0000  -0.8815  +1.0000
    798    127471   162   +4.467    1018      7     34  -0.1138  -1.0000  -1.0000  +1.0000
    799    127635   164   +5.186    1654      7     23  -0.0405  -1.0000  -0.2745  +1.0000
    800    127793   158   +5.262    1468     12     32  -0.0912  -1.0000  -0.7043  +1.0000

  ── rolling mean (last 100 ep) ──  cum_R=+3.721  yield=1487 kg/ha  N=11  W=26 mm  R_seas=-0.1084  R_ane=+0.9516

    801    127957   164   +3.720    1667      6     20  -0.0587  -1.0000  -0.4816  +1.0000
    802    128120   163   +3.755    1032      7     18  -0.1117  -1.0000  -1.0000  +1.0000
    803    128281   161   +4.137    1409      8     11  -0.0814  -1.0000  -0.6880  +1.0000
    804    128442   161   +3.316    1668     11     10  -0.1148  -1.0000  -0.9849  +1.0000
    805    128604   162   +6.006    1722      7     22  -0.0797  -1.0000  -0.6768  +1.0000
    806    128761   157   +3.166    1546      9     16  -0.0635  -1.0000  -0.4848  +1.0000
    807    128924   163   +5.462    1357     10     31  -0.1127  -1.0000  -0.9472  +1.0000
    808    129088   164   +3.759    1100     12     17  -0.0987  -1.0000  -0.7925  +1.0000
    809    129244   156   +4.480    1424     14     35  -0.0753  -1.0000  -0.5192  +1.0000
    810    129402   158   +3.394    1493     12     19  -0.1155  -1.0000  -0.9680  +1.0000
    811    129555   153   +2.826    1096      5     18  -0.1095  -1.0000  -1.0000  +1.0000
    812    129713   158   +3.322     833      6     33  -0.1121  -1.0000  -1.0000  +1.0000
    813    129867   154   +4.478    1810      6     15  -0.0457  -1.0000  -0.3540  +1.0000
    814    130032   165   +5.114    1434     10     23  -0.1167  -1.0000  -1.0000  +1.0000
    815    130191   159   +4.254    1023      8     32  -0.1157  -1.0000  -1.0000  +1.0000
    816    130350   159   +4.611    1052      8     18  -0.0837  -1.0000  -0.7092  +1.0000
    817    130508   158   +3.555     857      9     17  -0.1141  -1.0000  -1.0000  +1.0000
    818    130671   163   +6.060    1518      5     14  -0.0934  -1.0000  -0.8443  +1.0000
    819    130835   164   +3.820    1005      7     17  -0.1120  -1.0000  -1.0000  +1.0000
    820    130999   164   +6.253    2484     10     33  +0.0319  -1.0000  +0.4965  +1.0000
    821    131158   159   +3.556    1188      7     30  -0.1132  -1.0000  -1.0000  +1.0000
    822    131319   161   +3.599    1332     13     25  -0.1151  -1.0000  -0.9352  +1.0000
    823    131476   157   +3.013     894     10     15  -0.1153  -1.0000  -1.0000  +1.0000
    824    131633   157   +3.490    1302      3     21  -0.1069  -1.0000  -1.0000  +1.0000
    825    131794   161   +3.922    1239      6     11  -0.0927  -1.0000  -0.8259  +1.0000
    826    131950   156   +3.536     934      8     29  -0.1149  -1.0000  -1.0000  +1.0000
    827    132112   162   +5.203    1247     11     34  -0.0812  -1.0000  -0.6124  +1.0000
    828    132269   157   +2.874     920      5      6  -0.1074  -1.0000  -1.0000  +1.0000
    829    132430   161   +2.781    1382     13     15  -0.1132  -1.0000  -0.9323  +1.0000
    830    132593   163   +4.162    1028      4     27  -0.1089  -1.0000  -1.0000  +1.0000
    831    132752   159   +5.840    1490      8     21  -0.0211  -1.0000  -0.0681  +1.0000
    832    132917   165   +2.916    1093      8     20  -0.1128  -1.0000  -1.0000  +1.0000
    833    133081   164   +7.575    2791     12     14  +0.0819  -1.0000  +1.0000  +1.0000
    834    133241   160   +5.086    1580      7     21  -0.0086  -1.0000  +0.0399  +1.0000
    835    133401   160   +5.452    1548      6     23  -0.0294  -1.0000  -0.1791  +1.0000
    836    133557   156   +5.445    1909      7     20  -0.0407  -1.0000  -0.2832  +1.0000
    837    133711   154   +7.751    2415      6     19  +0.0769  -1.0000  +0.8808  +1.0000
    838    133872   161   +2.108    1366     11     15  -0.1172  -1.0000  -1.0000  +1.0000
    839    134032   160   +4.059    1763     12     19  -0.0841  -1.0000  -0.6551  +1.0000
    840    134187   155   +4.527    1099      8     30  -0.1147  -1.0000  -1.0000  +1.0000
    841    134345   158   +3.639     907      9     25  -0.1157  -1.0000  -1.0000  +1.0000
    842    134506   161   +3.054    1344      7      9  -0.1055  -1.0000  -0.9522  +1.0000
    843    134664   158   +2.304     888      9     18  -0.1145  -1.0000  -1.0000  +1.0000
    844    134823   159   +3.610    1264      5     22  -0.0731  -1.0000  -0.6327  +1.0000
    845    134986   163   +4.858    1148     11     29  -0.1193  -1.0000  -1.0000  +1.0000
    846    135137   151   +3.967     872     11     30  -0.1250  -1.0000  -1.0000  +0.9828
    847    135295   158   +4.414    1357      5     21  -0.0816  -1.0000  -0.7171  +1.0000
    848    135460   165   +4.104    1351      8     21  -0.1135  -1.0000  -1.0000  +1.0000
    849    135624   164   +3.172     834      8     20  -0.1130  -1.0000  -1.0000  +1.0000
    850    135788   164   +3.921     981      8     28  -0.1141  -1.0000  -1.0000  +1.0000
    851    135944   156   +4.373    1544      3     20  -0.1018  -1.0000  -0.9491  +1.0000
    852    136101   157   +4.053    1285     10     50  -0.0940  -1.0000  -0.7396  +1.0000
    853    136265   164   +4.630    1310      9     16  -0.1059  -1.0000  -0.9132  +1.0000
    854    136429   164   +4.350    1304      8     16  -0.0983  -1.0000  -0.8584  +1.0000
    855    136592   163   +3.892    1559     16     26  -0.0802  -1.0000  -0.5516  +1.0000
    856    136752   160   +5.907    2179     10     30  -0.0425  -1.0000  -0.2543  +1.0000
    857    136914   162   +3.836    1228      9     35  -0.1167  -1.0000  -1.0000  +1.0000
    858    137081   167   +3.869     844      7     25  -0.1123  -1.0000  -1.0000  +1.0000
    859    137241   160   +4.540    2085     15     18  -0.0375  -1.0000  -0.1448  +1.0000
    860    137405   164   +6.756    2434      5     21  +0.0029  -1.0000  +0.1178  +1.0000
    861    137566   161   +3.298     971      8     17  -0.1130  -1.0000  -1.0000  +1.0000
    862    137724   158   +3.436    1581      9     11  -0.0855  -1.0000  -0.7205  +1.0000
    863    137883   159   +3.619    1311      7     13  -0.0943  -1.0000  -0.8283  +1.0000
    864    138043   160   +3.131     962      8     19  -0.1138  -1.0000  -1.0000  +1.0000
    865    138199   156   +2.957    1192      7     21  -0.1123  -1.0000  -1.0000  +1.0000
    866    138360   161   +5.034    1313      7     17  -0.1124  -1.0000  -1.0000  +1.0000
    867    138522   162   +3.499    1132      9     24  -0.1148  -1.0000  -1.0000  +1.0000
    868    138673   151   +2.932    1142      8     21  -0.1130  -1.0000  -1.0000  +1.0000
    869    138840   167   +5.310    1580      6     12  -0.0276  -1.0000  -0.1729  +1.0000
    870    139000   160   +4.560    1174      7     20  -0.0987  -1.0000  -0.8685  +1.0000
    871    139158   158   +4.239    1691      7     18  -0.0962  -1.0000  -0.8396  +1.0000
    872    139315   157   +4.254    1416      6     14  -0.1094  -1.0000  -1.0000  +1.0000
    873    139478   163   +3.334    1266      5     19  -0.1094  -1.0000  -1.0000  +1.0000
    874    139638   160   +3.101    1333     12     19  -0.0922  -1.0000  -0.7298  +1.0000
    875    139797   159   +4.380     966      5     18  -0.1092  -1.0000  -1.0000  +1.0000
    876    139956   159   +3.276     888      5     17  -0.1096  -1.0000  -1.0000  +1.0000
    877    140121   165   +3.014    1088      4     16  -0.1081  -1.0000  -1.0000  +1.0000
    878    140283   162   +4.713    1066      5     26  -0.1034  -1.0000  -0.9342  +1.0000
    879    140444   161   +5.317     862      4     19  -0.1085  -1.0000  -1.0000  +1.0000
    880    140599   155   +4.181     902      4     19  -0.1073  -1.0000  -1.0000  +1.0000
    881    140763   164   +4.362    1182      6     25  -0.1060  -1.0000  -0.9487  +1.0000
    882    140922   159   +4.429    1123      7     22  -0.1130  -1.0000  -1.0000  +1.0000
    883    141083   161   +2.678    1268      8     18  -0.1045  -1.0000  -0.9058  +1.0000
    884    141244   161   +3.766    1226      5     15  -0.0758  -1.0000  -0.6690  +1.0000
    885    141403   159   +3.975    1288      8     17  -0.1136  -1.0000  -1.0000  +1.0000
    886    141562   159   +3.640    1125      6      3  -0.0642  -1.0000  -0.5482  +1.0000
    887    141724   162   +4.743    1249      9     18  -0.0996  -1.0000  -0.8457  +1.0000
    888    141881   157   +3.568     936      6     19  -0.1105  -1.0000  -1.0000  +1.0000
    889    142044   163   +4.318     925     10     23  -0.1046  -1.0000  -0.8785  +1.0000
    890    142208   164   +3.287     998      8     18  -0.1126  -1.0000  -1.0000  +1.0000
    891    142363   155   +4.685    1212      2     19  -0.1055  -1.0000  -1.0000  +1.0000
    892    142526   163   +4.406    1362      5     17  -0.0908  -1.0000  -0.8213  +1.0000
    893    142687   161   +4.256    1051      9     12  -0.1107  -1.0000  -0.9641  +1.0000
    894    142844   157   +3.039     970      8     19  -0.1138  -1.0000  -1.0000  +1.0000
    895    143001   157   +4.845    1683      9     11  -0.0776  -1.0000  -0.6367  +1.0000
    896    143162   161   +5.162    1731      6     29  -0.0977  -1.0000  -0.8531  +1.0000
    897    143320   158   +3.328     902      6     16  -0.1105  -1.0000  -1.0000  +1.0000
    898    143481   161   +4.434    1411      7     24  -0.0914  -1.0000  -0.7884  +1.0000
    899    143643   162   +3.985    1462     12     32  -0.1014  -1.0000  -0.8065  +1.0000
    900    143798   155   +4.431    1909      7     13  -0.0731  -1.0000  -0.6169  +1.0000

  ── rolling mean (last 100 ep) ──  cum_R=+4.146  yield=1316 kg/ha  N=8  W=20 mm  R_seas=-0.0910  R_ane=+0.9998

    901    143961   163   +2.920    1551      8     17  -0.0943  -1.0000  -0.8025  +1.0000
    902    144124   163   +3.762    1526      7     15  -0.0997  -1.0000  -0.8768  +1.0000
    903    144288   164   -0.390     907     14     18  -0.2518  -1.0000  -1.0000  +0.6280
    904    144445   157   +3.007    1182      8     18  -0.1136  -1.0000  -1.0000  +1.0000
    905    144609   164   +4.461     635      9     20  -0.1805  -1.0000  -1.0000  +0.8121
    906    144767   158   +4.041    1201      5     24  -0.0905  -1.0000  -0.8031  +1.0000
    907    144926   159   +3.635    1243      8      9  -0.1127  -1.0000  -1.0000  +1.0000
    908    145086   160   +4.336    1265      6     15  -0.0525  -1.0000  -0.4206  +1.0000
    909    145258   172   +2.998    1505      6     11  -0.1063  -1.0000  -0.9733  +1.0000
    910    145419   161   +8.009    2327     10     13  +0.0843  -1.0000  +1.0000  +1.0000
    911    145575   156   -1.359     548     10     10  -0.3120  -1.0000  -1.0000  +0.4358
    912    145736   161   +5.119    1745      7     11  -0.0143  -1.0000  -0.0259  +1.0000
    913    145895   159   +4.255    1051      5     16  -0.1084  -1.0000  -1.0000  +1.0000
    914    146064   169   +3.581    1758     14      8  -0.0792  -1.0000  -0.5903  +1.0000
    915    146223   159   +7.162    1979      6     24  -0.0008  -1.0000  +0.1034  +1.0000
    916    146381   158   +3.190     934      6     13  -0.1101  -1.0000  -1.0000  +1.0000
    917    146545   164   +3.884    1184     10     28  -0.1170  -1.0000  -1.0000  +1.0000
    918    146701   156   +4.468     967      4     36  -0.1094  -1.0000  -1.0000  +1.0000
    919    146860   159   +2.627     886      7      8  -0.1110  -1.0000  -1.0000  +1.0000
    920    147018   158   +2.941    1245      7     13  -0.0747  -1.0000  -0.6280  +1.0000
    921    147170   152   +3.137    1805      9     15  -0.0748  -1.0000  -0.6100  +1.0000
    922    147325   155   +2.887     709      7     34  -0.1139  -1.0000  -1.0000  +1.0000
    923    147488   163   +3.988    1585      6     15  -0.1102  -1.0000  -1.0000  +1.0000
    924    147654   166   +5.116    1844      7     26  -0.0510  -1.0000  -0.3850  +1.0000
    925    147810   156   +3.025    1256     10     19  -0.1156  -1.0000  -1.0000  +1.0000
    926    147967   157   +4.590    1645      7     15  -0.0873  -1.0000  -0.7601  +1.0000
    927    148119   152   +3.414    1620      7     15  -0.0882  -1.0000  -0.7661  +1.0000
    928    148278   159   +4.243    1191      7     38  -0.1150  -1.0000  -1.0000  +1.0000
    929    148435   157   +4.299    1229      4     14  -0.0294  -1.0000  -0.2214  +1.0000
    930    148598   163   +4.735    1986      8     31  -0.0477  -1.0000  -0.3326  +1.0000
    931    148753   155   +2.710    1428      7     17  -0.0890  -1.0000  -0.7719  +1.0000
    932    148908   155   +5.186    1490      6     23  -0.0956  -1.0000  -0.8375  +1.0000
    933    149070   162   +3.940    1170      9     15  -0.1140  -1.0000  -1.0000  +1.0000
    934    149226   156   +3.393    1152      3     15  -0.1059  -1.0000  -1.0000  +1.0000
    935    149388   162   +4.305    1492      8     23  -0.0510  -1.0000  -0.3754  +1.0000
    936    149539   151   +4.629    1587      8     22  -0.0319  -1.0000  -0.1863  +1.0000
    937    149696   157   +8.439    2060      3     28  +0.0519  -1.0000  +0.5907  +1.0000
    938    149855   159   +3.296     943      8     16  -0.1139  -1.0000  -1.0000  +1.0000
    939    150009   154   +2.600    1108      9     10  -0.1133  -1.0000  -1.0000  +1.0000
    940    150171   162   +4.397     846      4     19  -0.1085  -1.0000  -1.0000  +1.0000
    941    150334   163   +6.136    1519      7     47  -0.0902  -1.0000  -0.7514  +1.0000
    942    150499   165   +6.223    1844      6     22  -0.0820  -1.0000  -0.7038  +1.0000
    943    150656   157   +3.298    1378      6      9  -0.0819  -1.0000  -0.7308  +1.0000
    944    150816   160   +6.319    1751      9     18  -0.0239  -1.0000  -0.0968  +1.0000
    945    150975   159   +3.925    1766      8     14  -0.0830  -1.0000  -0.7087  +1.0000
    946    151133   158   +3.235     679      5     12  -0.1080  -1.0000  -1.0000  +1.0000
    947    151292   159   +4.589     813      5     40  -0.1119  -1.0000  -1.0000  +1.0000
    948    151442   150   +3.322     888      4     20  -0.1082  -1.0000  -1.0000  +1.0000
    949    151606   164   +4.749    1738      4     14  -0.0244  -1.0000  -0.1722  +1.0000
    950    151765   159   +3.511    1281      8     12  -0.0977  -1.0000  -0.8586  +1.0000
    951    151925   160   +3.272    1080      8     20  -0.1133  -1.0000  -1.0000  +1.0000
    952    152089   164   +4.963    1572      6     21  -0.0508  -1.0000  -0.3918  +1.0000
    953    152245   156   +3.819    1442      3     28  -0.1069  -1.0000  -0.9915  +1.0000
    954    152405   160   +5.206    1222      4     19  -0.0627  -1.0000  -0.5420  +1.0000
    955    152566   161   +4.321    1508      3     29  -0.1020  -1.0000  -0.9399  +1.0000
    956    152723   157   +4.649    1200      4     24  -0.0484  -1.0000  -0.3919  +1.0000
    957    152884   161   +3.757     869      4     33  -0.1094  -1.0000  -1.0000  +1.0000
    958    153043   159   +4.017    1846      9     20  -0.0986  -1.0000  -0.8395  +1.0000
    959    153202   159   +3.817     855      4     21  -0.1018  -1.0000  -0.9371  +1.0000
    960    153361   159   +4.181    1431      6     13  -0.0563  -1.0000  -0.4570  +1.0000
    961    153521   160   +4.808     973      5     24  -0.1098  -1.0000  -1.0000  +1.0000
    962    153687   166   +4.992    1591      6     16  -0.0653  -1.0000  -0.5455  +1.0000
    963    153847   160   +5.355    1371      5     44  -0.1077  -1.0000  -0.9558  +1.0000
    964    154010   163   +5.361    1254      5     38  -0.1040  -1.0000  -0.9179  +1.0000
    965    154172   162   +4.609     883     10     39  -0.1193  -1.0000  -1.0000  +1.0000
    966    154339   167   +3.391     930      5     13  -0.1085  -1.0000  -1.0000  +1.0000
    967    154502   163   +3.582    1253     12     23  -0.1192  -1.0000  -1.0000  +1.0000
    968    154667   165   +4.383    1982     10     21  -0.0612  -1.0000  -0.4410  +1.0000
    969    154832   165   +2.723    1316      5     15  -0.1018  -1.0000  -0.9326  +1.0000
    970    154991   159   +5.622    1990      7     24  -0.0256  -1.0000  -0.1291  +1.0000
    971    155150   159   +3.541    1344      3     24  -0.1049  -1.0000  -0.9834  +1.0000
    972    155312   162   +3.842    1111      8     35  -0.1161  -1.0000  -1.0000  +1.0000
    973    155469   157   +4.110    1348      4     14  -0.0701  -1.0000  -0.6253  +1.0000
    974    155632   163   +5.275    1597      9     81  -0.1217  -1.0000  -0.9895  +1.0000
    975    155791   159   +3.179     938      7     27  -0.1128  -1.0000  -1.0000  +1.0000
    976    155961   170   +3.650    1389      8     24  -0.0980  -1.0000  -0.8376  +1.0000
    977    156124   163   +4.457    1140      7     26  -0.1133  -1.0000  -1.0000  +1.0000
    978    156282   158   +4.580    1857     10     21  -0.0942  -1.0000  -0.7836  +1.0000
    979    156435   153   +3.195    1649      7     24  -0.0916  -1.0000  -0.7839  +1.0000
    980    156590   155   +5.432    1975     10     38  -0.0292  -1.0000  -0.1025  +1.0000
    981    156750   160   +1.825     888     13     24  -0.2150  -1.0000  -1.0000  +0.7309
    982    156908   158   +4.255    1240      6     28  -0.1009  -1.0000  -0.8910  +1.0000
    983    157073   165   +5.492    1379     10     35  -0.0733  -1.0000  -0.5510  +1.0000
    984    157232   159   +4.609    1660     12     26  -0.0302  -1.0000  -0.1097  +1.0000
    985    157388   156   +3.142    1168      7     18  -0.1125  -1.0000  -1.0000  +1.0000
    986    157549   161   +4.263     972      5     35  -0.1117  -1.0000  -1.0000  +1.0000
    987    157711   162   +3.582    1373      7     29  -0.0936  -1.0000  -0.8053  +1.0000
    988    157869   158   +5.125    1976      7     30  -0.0639  -1.0000  -0.4995  +1.0000
    989    158024   155   +4.579     805      8     39  -0.1015  -1.0000  -0.8583  +1.0000
    990    158186   162   +4.931    1528      5     49  -0.0906  -1.0000  -0.7823  +1.0000
    991    158340   154   +2.206     993      9     17  -0.1146  -1.0000  -1.0000  +1.0000
    992    158505   165   +5.520    1643      6     29  -0.0043  -1.0000  +0.0756  +1.0000
    993    158662   157   +3.700    1082      7     26  -0.1127  -1.0000  -1.0000  +1.0000
    994    158820   158   +4.108    1004      8     57  -0.1186  -1.0000  -1.0000  +1.0000
    995    158977   157   +3.566     995      4     30  -0.1095  -1.0000  -1.0000  +1.0000
    996    159134   157   +4.029    1602     10     27  -0.0703  -1.0000  -0.5243  +1.0000
    997    159297   163   +4.703    1138      3     40  -0.1090  -1.0000  -1.0000  +1.0000
    998    159450   153   +4.817    1344      4     39  -0.1096  -1.0000  -1.0000  +1.0000
    999    159603   153   +5.146    1401      8     28  -0.0587  -1.0000  -0.4397  +1.0000
   1000    159761   158   +3.709    1371     10     29  -0.1174  -1.0000  -1.0000  +1.0000

  ── rolling mean (last 100 ep) ──  cum_R=+4.117  yield=1339 kg/ha  N=7  W=24 mm  R_seas=-0.0911  R_ane=+0.9861

   1001    159923   162   +3.717    1354      6     34  -0.1128  -1.0000  -1.0000  +1.0000
   1002    160080   157   +5.950    2169      7     41  -0.0622  -1.0000  -0.4718  +1.0000
   1003    160243   163   +3.899     901      6     31  -0.1126  -1.0000  -1.0000  +1.0000
   1004    160402   159   +3.600    1581      9     30  -0.0993  -1.0000  -0.8273  +1.0000
   1005    160559   157   +2.758    1059      4     14  -0.1081  -1.0000  -1.0000  +1.0000
   1006    160723   164   +4.710    1611      5     19  -0.0959  -1.0000  -0.8680  +1.0000
   1007    160886   163   +4.371    1024      6     37  -0.1129  -1.0000  -1.0000  +1.0000
   1008    161040   154   +2.459    1166     17     56  -0.2142  -1.0000  -0.8807  +0.7265
   1009    161198   158   +4.674    1362      9     41  -0.1014  -1.0000  -0.8356  +1.0000
   1010    161358   160   +3.760    1514      7     33  -0.0743  -1.0000  -0.6057  +1.0000
   1011    161521   163   +5.256    2070      7     22  -0.0701  -1.0000  -0.5809  +1.0000
   1012    161682   161   +3.316    1400     10     21  -0.1167  -1.0000  -1.0000  +1.0000
   1013    161841   159   +5.543    1488      9     32  -0.1159  -1.0000  -1.0000  +1.0000
   1014    162000   159   +2.682    1310     12     10  -0.1014  -1.0000  -0.8330  +1.0000
   1015    162163   163   +5.844    1222      9     68  -0.0911  -1.0000  -0.7065  +1.0000
   1016    162320   157   +5.345    2160     12     28  -0.0223  -1.0000  -0.0249  +1.0000
   1017    162479   159   +3.081    1700      9     25  -0.0952  -1.0000  -0.7946  +1.0000
   1018    162639   160   +5.361    2179     10     29  -0.0358  -1.0000  -0.1798  +1.0000
   1019    162802   163   +3.028     980      8     12  -0.1119  -1.0000  -1.0000  +1.0000
   1020    162961   159   +5.055    1645      9     40  -0.1036  -1.0000  -0.8602  +1.0000
   1021    163123   162   +4.204    1946     13     48  -0.0619  -1.0000  -0.3847  +1.0000
   1022    163284   161   +2.688    1464      9     24  -0.0890  -1.0000  -0.7314  +1.0000
   1023    163445   161   +3.996    1692     11     38  -0.0973  -1.0000  -0.7716  +1.0000
   1024    163613   168   +5.963    2433     13     31  -0.0201  -1.0000  +0.0234  +1.0000
   1025    163767   154   +3.573     789      5     16  -0.1093  -1.0000  -1.0000  +1.0000
   1026    163933   166   +7.131    2618      7     35  -0.0032  -1.0000  +0.1019  +1.0000
   1027    164095   162   +4.705    1682     15     29  -0.0359  -1.0000  -0.1174  +1.0000
   1028    164257   162   +3.650    1784     12     24  -0.0948  -1.0000  -0.7459  +1.0000
   1029    164413   156   +4.214    1582     10     42  -0.0764  -1.0000  -0.5718  +1.0000
   1030    164578   165   +4.708    1256      7     42  -0.0579  -1.0000  -0.4288  +1.0000
   1031    164744   166   +4.244    1764     11     44  -0.0871  -1.0000  -0.6708  +1.0000
   1032    164906   162   +3.702    1345     10     37  -0.1161  -1.0000  -0.9719  +1.0000
   1033    165058   152   +3.752    1266      6     43  -0.1137  -1.0000  -1.0000  +1.0000
   1034    165217   159   +2.913    1162     12     31  -0.1207  -1.0000  -1.0000  +1.0000
   1035    165380   163   +2.898    1467     13     20  -0.1074  -1.0000  -0.8677  +1.0000
   1036    165539   159   +4.224    1622     12     52  -0.0762  -1.0000  -0.5294  +1.0000
   1037    165692   153   +5.669    1720      6     48  +0.0088  -1.0000  +0.2345  +1.0000
   1038    165855   163   +6.351    2736     12     54  -0.0414  -1.0000  -0.1817  +1.0000
   1039    166014   159   +4.294    2506     14     20  -0.0314  -1.0000  -0.0882  +1.0000
   1040    166171   157   +4.870    1178      6     30  -0.0686  -1.0000  -0.5656  +1.0000
   1041    166332   161   +3.373     755     10     46  -0.1633  -1.0000  -1.0000  +0.8753
   1042    166501   169   +4.259    1556      9     30  -0.0846  -1.0000  -0.6820  +1.0000
   1043    166662   161   +3.657    1655     10     27  -0.0572  -1.0000  -0.4005  +1.0000
   1044    166814   152   +4.354    1118     11     46  -0.1205  -1.0000  -1.0000  +1.0000
   1045    166973   159   +5.243    2084      8     28  +0.0105  -1.0000  +0.2508  +1.0000
   1046    167135   162   +3.739    1369      6     26  -0.1070  -1.0000  -0.9549  +1.0000
   1047    167294   159   +4.174    1806      8     36  -0.0834  -1.0000  -0.6742  +1.0000
   1048    167449   155   +4.546    1498      9     22  -0.0841  -1.0000  -0.6919  +1.0000
   1049    167612   163   +4.576    1761      6     27  -0.0654  -1.0000  -0.5429  +1.0000
   1050    167773   161   +2.598    1257      8     15  -0.1086  -1.0000  -0.9520  +1.0000
   1051    167935   162   +5.758    1275     10     64  -0.0595  -1.0000  -0.3789  +1.0000
   1052    168098   163   +3.644     815     12     69  -0.2085  -1.0000  -1.0000  +0.7600
   1053    168254   156   +4.294    1034      8     88  -0.1213  -1.0000  -1.0000  +1.0000
   1054    168417   163   +4.039    1073      6     22  -0.1106  -1.0000  -1.0000  +1.0000
   1055    168580   163   +2.896     854      6     39  -0.1125  -1.0000  -1.0000  +1.0000
   1056    168740   160   +3.553    1332      7     26  -0.0831  -1.0000  -0.6974  +1.0000
   1057    168902   162   +3.511    1209      5     17  -0.1092  -1.0000  -1.0000  +1.0000
   1058    169057   155   +5.121    1107     10     44  -0.1201  -1.0000  -1.0000  +1.0000
   1059    169211   154   +3.031    1560      9     20  -0.1046  -1.0000  -0.8942  +1.0000
   1060    169374   163   +5.629    1819      8     45  -0.1052  -1.0000  -0.8924  +1.0000
   1061    169529   155   +4.138    1489      8     22  -0.0714  -1.0000  -0.5705  +1.0000
   1062    169686   157   +3.357     877      8     63  -0.1186  -1.0000  -1.0000  +1.0000
   1063    169845   159   +3.222    1003      4     32  -0.1100  -1.0000  -1.0000  +1.0000
   1064    170009   164   +8.507    2839      6     38  +0.0863  -1.0000  +1.0000  +1.0000
   1065    170172   163   +4.419    1327      7     22  -0.1036  -1.0000  -0.9120  +1.0000
   1066    170333   161   +4.937    1471     10     81  -0.0430  -1.0000  -0.1876  +1.0000
   1067    170488   155   +4.776    2174      8     23  -0.0667  -1.0000  -0.5325  +1.0000
   1068    170644   156   +3.900    1253     13     90  -0.1206  -1.0000  -0.9201  +1.0000
   1069    170799   155   +3.333    1316      7     38  -0.1140  -1.0000  -1.0000  +1.0000
   1070    170960   161   +2.870    1286      5     27  -0.1101  -1.0000  -1.0000  +1.0000
   1071    171116   156   +3.205     730     10     66  -0.2047  -1.0000  -0.9746  +0.7577
   1072    171279   163   +3.178    1268      9     47  -0.1182  -1.0000  -1.0000  +1.0000
   1073    171440   161   +5.385    1750     10     63  -0.0761  -1.0000  -0.5523  +1.0000
   1074    171599   159   +4.373    1133      6     29  -0.0802  -1.0000  -0.6836  +1.0000
   1075    171756   157   +3.420    1207      7     31  -0.1133  -1.0000  -1.0000  +1.0000
   1076    171913   157   +6.589    1974     15     97  -0.0881  -1.0000  -0.5554  +1.0000
   1077    172079   166   +2.648    1187      8     26  -0.1130  -1.0000  -0.9919  +1.0000
   1078    172232   153   +3.739    1192      5     43  -0.1123  -1.0000  -1.0000  +1.0000
   1079    172393   161   +4.981    1596     12     77  -0.1104  -1.0000  -0.8453  +1.0000
   1080    172554   161   +4.439    1485      7     57  -0.1029  -1.0000  -0.8643  +1.0000
   1081    172719   165   +3.755    1788     12     51  -0.0996  -1.0000  -0.7625  +1.0000
   1082    172880   161   +5.231    1956     12     61  -0.0485  -1.0000  -0.2387  +1.0000
   1083    173038   158   +4.623    1325      7     38  -0.1139  -1.0000  -1.0000  +1.0000
   1084    173200   162   +5.923    2178     11     26  -0.0004  -1.0000  +0.1779  +1.0000
   1085    173361   161   +4.672    1637     10     70  -0.1122  -1.0000  -0.8953  +1.0000
   1086    173515   154   +3.387    1071      5     45  -0.1018  -1.0000  -0.8945  +1.0000
   1087    173682   167   +4.285    1582      5     27  -0.0997  -1.0000  -0.8889  +1.0000
   1088    173848   166   +5.233    2314     16     62  -0.0492  -1.0000  -0.2002  +1.0000
   1089    174007   159   +4.911    1030      4     70  -0.1141  -1.0000  -1.0000  +1.0000
   1090    174163   156   +3.204    1080      9     29  -0.1158  -1.0000  -1.0000  +1.0000
   1091    174323   160   +3.536    1123      5     32  -0.0944  -1.0000  -0.8333  +1.0000
   1092    174486   163   +3.636    1405      6     23  -0.1022  -1.0000  -0.9076  +1.0000
   1093    174644   158   +5.734    1966     10     66  -0.0581  -1.0000  -0.3617  +1.0000
   1094    174809   165   +4.007    1389     10     80  -0.1134  -1.0000  -0.8938  +1.0000
   1095    174965   156   +3.139    1993     11     20  -0.0672  -1.0000  -0.4988  +1.0000
   1096    175125   160   +3.648    1258      9     34  -0.1167  -1.0000  -1.0000  +1.0000
   1097    175288   163   +4.863    1636      5     40  -0.1014  -1.0000  -0.8977  +1.0000
   1098    175449   161   +3.034    1267     12     43  -0.1215  -1.0000  -1.0000  +1.0000
   1099    175608   159   +4.416    1852      8     29  -0.0617  -1.0000  -0.4628  +1.0000
   1100    175767   159   +5.734    1664      8     28  -0.0359  -1.0000  -0.2129  +1.0000

  ── rolling mean (last 100 ep) ──  cum_R=+4.265  yield=1509 kg/ha  N=9  W=39 mm  R_seas=-0.0897  R_ane=+0.9912

   1101    175929   162   +3.194    1446      9     24  -0.0869  -1.0000  -0.7091  +1.0000
   1102    176088   159   +3.468     607      6     48  -0.1139  -1.0000  -1.0000  +1.0000
   1103    176249   161   +3.538    2112     14     47  -0.0971  -1.0000  -0.7215  +1.0000
   1104    176409   160   +3.886    1739     10     43  -0.0662  -1.0000  -0.4703  +1.0000
   1105    176565   156   +3.466    1605      6     41  -0.0912  -1.0000  -0.7755  +1.0000
   1106    176730   165   +3.730    1778     10     57  -0.1086  -1.0000  -0.8782  +1.0000
   1107    176889   159   +3.752    1400      8     40  -0.0971  -1.0000  -0.8158  +1.0000
   1108    177049   160   +5.865    1868      5     27  +0.0016  -1.0000  +0.1157  +1.0000
   1109    177210   161   +3.496    1424      9     42  -0.1181  -1.0000  -1.0000  +1.0000
   1110    177370   160   +2.655    1319      7     18  -0.1026  -1.0000  -0.9051  +1.0000
   1111    177526   156   +3.345    1165      7     42  -0.1153  -1.0000  -1.0000  +1.0000
   1112    177679   153   +4.309    1531     10     79  -0.1231  -1.0000  -1.0000  +1.0000
   1113    177839   160   +3.676    1566     10     62  -0.1207  -1.0000  -1.0000  +1.0000
   1114    178000   161   +3.411    1002     12     45  -0.1186  -1.0000  -0.9600  +1.0000
   1115    178156   156   +3.939    1325      9     56  -0.1167  -1.0000  -0.9700  +1.0000
   1116    178307   151   +3.985    1937     12     35  -0.0896  -1.0000  -0.6839  +1.0000
   1117    178472   165   +4.211    1502     10     32  -0.0852  -1.0000  -0.6808  +1.0000
   1118    178630   158   +4.932    2004     11     32  -0.0547  -1.0000  -0.3568  +1.0000
   1119    178792   162   +3.633    1509     10     38  -0.1015  -1.0000  -0.8319  +1.0000
   1120    178957   165   +5.029    2924     15     45  -0.0595  -1.0000  -0.3327  +1.0000
   1121    179121   164   +3.259    1040      8     43  -0.1158  -1.0000  -1.0000  +1.0000
   1122    179277   156   +3.634    1413      4     54  -0.1116  -1.0000  -0.9966  +1.0000
   1123    179437   160   +3.939    1044      9     29  -0.1155  -1.0000  -1.0000  +1.0000
   1124    179599   162   +5.291    1562     16     82  -0.1048  -1.0000  -0.7331  +1.0000
   1125    179759   160   +3.549    1078     12     35  -0.1203  -1.0000  -1.0000  +1.0000
   1126    179918   159   +5.191    1396      7     44  -0.0423  -1.0000  -0.2699  +1.0000
   1127    180079   161   +3.453    1817     12     26  -0.0834  -1.0000  -0.6365  +1.0000
   1128    180241   162   +3.732    1206      9     40  -0.1032  -1.0000  -0.8551  +1.0000
   1129    180398   157   +4.773    1932     18     80  -0.1130  -1.0000  -0.7773  +1.0000
   1130    180554   156   +4.599    1486      7     68  -0.0795  -1.0000  -0.6116  +1.0000
   1131    180716   162   +5.217    2424     12     28  -0.0349  -1.0000  -0.1419  +1.0000
   1132    180872   156   +2.969    1175      6     52  -0.1139  -1.0000  -1.0000  +1.0000
   1133    181032   160   +3.765    1477      5     28  -0.0818  -1.0000  -0.7185  +1.0000
   1134    181196   164   +6.207    2536     24     90  -0.0992  -1.0000  -0.5494  +1.0000
   1135    181362   166   +3.683    1524     14     47  -0.1119  -1.0000  -0.8684  +1.0000
   1136    181522   160   +4.766    1863      6     22  -0.0534  -1.0000  -0.4266  +1.0000
   1137    181677   155   +5.832    1712     11    108  -0.1021  -1.0000  -0.7322  +1.0000
   1138    181840   163   +5.354    1378      4     64  -0.0806  -1.0000  -0.6731  +1.0000
   1139    182003   163   +3.898    1582     10     59  -0.0742  -1.0000  -0.5286  +1.0000
   1140    182168   165   +4.107    1478      9     84  -0.1184  -1.0000  -0.9572  +1.0000
   1141    182331   163   +5.554    1734      8     66  -0.0766  -1.0000  -0.5677  +1.0000
   1142    182493   162   +2.187    1434     10     16  -0.0937  -1.0000  -0.7833  +1.0000
   1143    182654   161   +4.031    1603      7     59  -0.1171  -1.0000  -1.0000  +1.0000
   1144    182817   163   +4.810    1824      4     60  -0.0285  -1.0000  -0.1606  +1.0000
   1145    182980   163   +4.312    1591      6     18  -0.0200  -1.0000  -0.0911  +1.0000
   1146    183153   173   +5.066    1604      6     42  -0.0741  -1.0000  -0.5987  +1.0000
   1147    183311   158   +3.744    1799      8     38  -0.0835  -1.0000  -0.6712  +1.0000
   1148    183469   158   +4.158    1303      7     78  -0.1050  -1.0000  -0.8544  +1.0000
   1149    183636   167   +4.938    1650      6     48  -0.0672  -1.0000  -0.5353  +1.0000
   1150    183792   156   +4.788     658      3     58  -0.1112  -1.0000  -1.0000  +1.0000
   1151    183949   157   +2.848    1623     12     19  -0.0853  -1.0000  -0.6681  +1.0000
   1152    184110   161   +4.407    1538      7     69  -0.1030  -1.0000  -0.8526  +1.0000
   1153    184274   164   +3.876    1140     10     81  -0.1230  -1.0000  -1.0000  +1.0000
   1154    184436   162   +3.370    1674     17     64  -0.1141  -1.0000  -0.8249  +1.0000
   1155    184594   158   +4.372    1692      8     60  -0.0625  -1.0000  -0.4467  +1.0000
   1156    184756   162   +3.716    1095     10     50  -0.1197  -1.0000  -1.0000  +1.0000
   1157    184913   157   +5.302    2360     15     89  -0.0996  -1.0000  -0.6765  +1.0000
   1158    185078   165   +3.272    1094      3     50  -0.1088  -1.0000  -0.9876  +1.0000
   1159    185242   164   +5.582    1226     13     57  -0.0857  -1.0000  -0.6090  +1.0000
   1160    185397   155   +5.185    2326      8     66  -0.0408  -1.0000  -0.2094  +1.0000
   1161    185554   157   +3.858    1679      7     82  -0.0883  -1.0000  -0.6863  +1.0000
   1162    185711   157   +2.564    1144     11     33  -0.1188  -1.0000  -1.0000  +1.0000
   1163    185870   159   +5.036    2310     11     57  -0.0831  -1.0000  -0.6101  +1.0000
   1164    186033   163   +4.825    2145      8     54  -0.0628  -1.0000  -0.4469  +1.0000
   1165    186195   162   +3.758    1477      8     47  -0.1078  -1.0000  -0.9138  +1.0000
   1166    186356   161   +3.909    1861     12     42  -0.0866  -1.0000  -0.6519  +1.0000
   1167    186517   161   +4.098    1570     11     50  -0.1161  -1.0000  -0.9501  +1.0000
   1168    186672   155   +4.117    1485      8     42  -0.0540  -1.0000  -0.3812  +1.0000
   1169    186825   153   +3.677    1467      6     64  -0.0777  -1.0000  -0.6108  +1.0000
   1170    186979   154   +4.257     665      4     16  -0.0910  -1.0000  -0.8327  +1.0000
   1171    187137   158   +5.836    1810      8     74  -0.1054  -1.0000  -0.8466  +1.0000
   1172    187307   170   +4.206    1775      9     51  -0.0892  -1.0000  -0.7012  +1.0000
   1173    187463   156   +4.544    1599     13     92  -0.1296  -1.0000  -1.0000  +1.0000
   1174    187616   153   +4.032    2048     10     17  -0.0542  -1.0000  -0.3810  +1.0000
   1175    187774   158   +3.728    1812     12     51  -0.0930  -1.0000  -0.6971  +1.0000
   1176    187934   160   +4.181    1431     10     53  -0.0629  -1.0000  -0.4236  +1.0000
   1177    188095   161   +2.784     706     10     68  -0.1783  -1.0000  -1.0000  +0.8380
   1178    188249   154   +3.759    1229      9     64  -0.1208  -1.0000  -1.0000  +1.0000
   1179    188408   159   +2.874    1646     11     26  -0.1090  -1.0000  -0.9093  +1.0000
   1180    188566   158   +3.956    1587     14     80  -0.1166  -1.0000  -0.8724  +1.0000
   1181    188719   153   +4.070    1627     10     66  -0.1213  -1.0000  -0.9940  +1.0000
   1182    188875   156   +3.924    1862     11     48  -0.0839  -1.0000  -0.6266  +1.0000
   1183    189040   165   +3.450    1376      9     26  -0.1151  -1.0000  -1.0000  +1.0000
   1184    189196   156   +6.865    2196     12     69  -0.0512  -1.0000  -0.2617  +1.0000
   1185    189355   159   +6.479    2508      9     66  -0.0631  -1.0000  -0.4199  +1.0000
   1186    189513   158   +4.220    2006     11     34  -0.0470  -1.0000  -0.2778  +1.0000
   1187    189668   155   +5.088    1408      8     63  -0.1187  -1.0000  -1.0000  +1.0000
   1188    189829   161   +3.661    1388     10     63  -0.1214  -1.0000  -1.0000  +1.0000
   1189    189985   156   +4.219     877      7     41  -0.1043  -1.0000  -0.8940  +1.0000
   1190    190143   158   +4.355    1639      7     75  -0.0739  -1.0000  -0.5456  +1.0000
   1191    190307   164   +4.973     578      4     55  -0.1123  -1.0000  -1.0000  +1.0000
   1192    190471   164   +6.001    2343      9     38  +0.0115  -1.0000  +0.2865  +1.0000
   1193    190632   161   +3.743     922      8     90  -0.1213  -1.0000  -1.0000  +1.0000
   1194    190793   161   +6.144    1866     12    104  -0.0973  -1.0000  -0.6832  +1.0000
   1195    190947   154   +5.877    2168     13     35  -0.0819  -1.0000  -0.5907  +1.0000
   1196    191102   155   +4.535    1211      6     72  -0.1177  -1.0000  -1.0000  +1.0000
   1197    191260   158   +2.883    1025      8     33  -0.1159  -1.0000  -1.0000  +1.0000
   1198    191423   163   +3.253    1406      8     50  -0.0941  -1.0000  -0.7680  +1.0000
   1199    191584   161   +3.897    2049     15     18  -0.0751  -1.0000  -0.5193  +1.0000
   1200    191745   161   +3.874    1593     11     65  -0.1145  -1.0000  -0.9117  +1.0000

  ── rolling mean (last 100 ep) ──  cum_R=+4.218  yield=1574 kg/ha  N=9  W=52 mm  R_seas=-0.0921  R_ane=+0.9984

   1201    191905   160   +4.541    1064     10     20  -0.1168  -1.0000  -1.0000  +1.0000
   1202    192067   162   +3.310     861      6     27  -0.1113  -1.0000  -1.0000  +1.0000
   1203    192221   154   +3.958    1141     14     72  -0.1232  -1.0000  -0.9476  +1.0000
   1204    192378   157   +4.608    1199      8     80  -0.1206  -1.0000  -1.0000  +1.0000
   1205    192535   157   +5.130    1707      9     40  -0.0303  -1.0000  -0.1300  +1.0000
   1206    192702   167   +6.358    2437      9     73  -0.0357  -1.0000  -0.1399  +1.0000
   1207    192865   163   +4.370    1551      7     51  -0.0908  -1.0000  -0.7453  +1.0000
   1208    193017   152   +4.254    1507     10     81  -0.0822  -1.0000  -0.5880  +1.0000
   1209    193179   162   +4.264    2127     15     51  -0.0739  -1.0000  -0.4646  +1.0000
   1210    193342   163   +6.319    1846      8    104  -0.0764  -1.0000  -0.5203  +1.0000
   1211    193496   154   +3.446     942      4     33  -0.1096  -1.0000  -1.0000  +1.0000
   1212    193652   156   +3.593    2290     18     14  -0.0513  -1.0000  -0.2446  +1.0000
   1213    193814   162   +5.260    1240      9    100  -0.1032  -1.0000  -0.7864  +1.0000
   1214    193969   155   +3.793    1548     10     40  -0.1061  -1.0000  -0.8773  +1.0000
   1215    194129   160   +5.657    1961      7     71  -0.0083  -1.0000  +0.1002  +1.0000
   1216    194288   159   +4.172    1669     14     68  -0.1023  -1.0000  -0.7518  +1.0000
   1217    194448   160   +5.468    2273     11     46  -0.0643  -1.0000  -0.4337  +1.0000
   1218    194606   158   +3.858    2000     16     57  -0.0865  -1.0000  -0.5753  +1.0000
   1219    194765   159   +3.817    1556     11     31  -0.0947  -1.0000  -0.7615  +1.0000
   1220    194926   161   +6.865    3178     15     76  -0.0055  -1.0000  +0.2427  +1.0000
   1221    195087   161   +4.907    1086      3     46  -0.0964  -1.0000  -0.8699  +1.0000
   1222    195248   161   +4.391    1618     14     21  -0.1048  -1.0000  -0.8288  +1.0000
   1223    195407   159   +4.404    1571     11     58  -0.1032  -1.0000  -0.8121  +1.0000
   1224    195568   161   +4.852    2300     22     54  -0.0785  -1.0000  -0.4138  +1.0000
   1225    195733   165   +5.055    1889     14     55  -0.0957  -1.0000  -0.6888  +1.0000
   1226    195889   156   +5.571    1555     14     58  -0.0861  -1.0000  -0.5960  +1.0000
   1227    196054   165   -0.789    1274     22     58  -0.3223  -1.0000  -1.0000  +0.4714
   1228    196219   165   +4.014    2114     17     27  -0.0775  -1.0000  -0.5006  +1.0000
   1229    196382   163   +3.077     801      8     23  -0.1138  -1.0000  -1.0000  +1.0000
   1230    196544   162   +4.152    1779     20     80  -0.1176  -1.0000  -0.7989  +1.0000
   1231    196704   160   +4.783    2972     26     49  -0.0461  -1.0000  -0.0414  +1.0000
   1232    196861   157   +5.308    2418     18     93  -0.0877  -1.0000  -0.5104  +1.0000
   1233    197018   157   +4.444    2400     26     89  -0.1083  -1.0000  -0.6132  +1.0000
   1234    197179   161   +5.150    1278     10     65  -0.1101  -1.0000  -0.8908  +1.0000
   1235    197337   158   +3.353    1357     10     35  -0.0986  -1.0000  -0.8103  +1.0000
   1236    197495   158   +7.525    3228     12     56  +0.0350  -1.0000  +0.5799  +1.0000
   1237    197653   158   +8.073    4231     21     33  +0.0963  -0.8896  +0.9100  +1.0000
   1238    197815   162   +4.281    1806     10     28  -0.0688  -1.0000  -0.5100  +1.0000
   1239    197977   162   +3.531    1979     20     72  -0.1036  -1.0000  -0.6751  +1.0000
   1240    198131   154   +6.392    2524     12     39  +0.0346  -1.0000  +0.5539  +1.0000
   1241    198291   160   +4.515    1894     16     92  -0.0953  -1.0000  -0.6212  +1.0000
   1242    198453   162   +5.010    1830      9     23  -0.0588  -1.0000  -0.4357  +1.0000
   1243    198617   164   +4.298    2335     13     84  -0.0764  -1.0000  -0.4809  +1.0000
   1244    198776   159   +3.700    2149     19     78  -0.1165  -1.0000  -0.8068  +1.0000
   1245    198937   161   +4.889    1239      7     68  -0.0992  -1.0000  -0.8064  +1.0000
   1246    199104   167   +5.141    1939      9     23  -0.0254  -1.0000  -0.1000  +1.0000
   1247    199268   164   +3.219     905      6     30  -0.1017  -1.0000  -0.9006  +1.0000
   1248    199430   162   +5.761    2646     17     89  -0.0745  -1.0000  -0.4042  +1.0000
   1249    199591   161   +5.256    3119     28    114  -0.0499  -1.0000  +0.0369  +1.0000
   1250    199747   156   +3.328     976      7     23  -0.1122  -1.0000  -1.0000  +1.0000
   1251    199909   162   +4.062    1770     11     32  -0.0728  -1.0000  -0.5342  +1.0000
   1252    200069   160   +6.044    1961     12    101  -0.0728  -1.0000  -0.4364  +1.0000
   1253    200226   157   +3.750    1850     11     34  -0.0920  -1.0000  -0.7305  +1.0000
   1254    200385   159   +4.307    1077      9     50  -0.0996  -1.0000  -0.8139  +1.0000
   1255    200543   158   +5.020    2164      7     15  -0.0318  -1.0000  -0.1971  +1.0000
   1256    200703   160   +4.891    1796     18     82  -0.0955  -1.0000  -0.6063  +1.0000
   1257    200857   154   +4.754    2011     17     97  -0.1004  -1.0000  -0.6496  +1.0000
   1258    201019   162   +5.399    2238     12     48  -0.0324  -1.0000  -0.0966  +1.0000
   1259    201172   153   +5.671    2680     18     60  -0.0130  -1.0000  +0.1959  +1.0000
   1260    201327   155   +2.407    1211     13     42  -0.1236  -1.0000  -1.0000  +1.0000
   1261    201481   154   +3.494    1623     14     76  -0.1058  -1.0000  -0.7648  +1.0000
   1262    201641   160   +6.235    2245     18     84  -0.0631  -1.0000  -0.2794  +1.0000
   1263    201796   155   +5.337    1130      5     52  -0.0574  -1.0000  -0.4443  +1.0000
   1264    201950   154   +5.225    1817     19     94  -0.1355  -1.0000  -0.9752  +1.0000
   1265    202108   158   +2.723    1920     21     26  -0.1004  -1.0000  -0.6784  +1.0000
   1266    202261   153   +3.752    1986     10     73  -0.0817  -1.0000  -0.5974  +1.0000
   1267    202420   159   +5.487    2671     22     72  -0.0730  -1.0000  -0.3426  +1.0000
   1268    202583   163   +4.593    1938     18     99  -0.1015  -1.0000  -0.6391  +1.0000
   1269    202742   159   +3.162    1770     16     31  -0.0960  -1.0000  -0.7040  +1.0000
   1270    202906   164   +4.608    1401      8     31  -0.0796  -1.0000  -0.6428  +1.0000
   1271    203056   150   +2.677    1867     23     84  -0.1164  -1.0000  -0.7383  +1.0000
   1272    203211   155   +2.394     969     13     48  -0.1718  -1.0000  -1.0000  +0.8633
   1273    203372   161   +3.356    2018     18     38  -0.1062  -1.0000  -0.7626  +1.0000
   1274    203532   160   +5.189    1963     10     55  -0.0510  -1.0000  -0.3018  +1.0000
   1275    203688   156   +4.639    2020     15     86  -0.0795  -1.0000  -0.4780  +1.0000
   1276    203848   160   +4.967     882      6     51  -0.1150  -1.0000  -1.0000  +1.0000
   1277    204010   162   +4.886    1668     11     33  -0.0608  -1.0000  -0.4115  +1.0000
   1278    204166   156   +5.719    1758     15     99  -0.1117  -1.0000  -0.7934  +1.0000
   1279    204326   160   +5.467    2744     17    107  -0.0607  -1.0000  -0.2416  +1.0000
   1280    204490   164   +5.453    2262     10    106  -0.0933  -1.0000  -0.6619  +1.0000
   1281    204648   158   +5.501    2262     24     75  -0.0990  -1.0000  -0.5662  +1.0000
   1282    204811   163   +5.115    1556     11     27  -0.0418  -1.0000  -0.2377  +1.0000
   1283    204969   158   +3.712    1998     17     76  -0.0940  -1.0000  -0.6067  +1.0000
   1284    205131   162   +4.901    3040     18    112  -0.0598  -1.0000  -0.2092  +1.0000
   1285    205290   159   +5.139    3000     23     39  -0.0157  -1.0000  +0.2066  +1.0000
   1286    205445   155   +4.544    1708     18     41  -0.0540  -1.0000  -0.2320  +1.0000
   1287    205596   151   +3.319    1162     10     83  -0.1244  -1.0000  -1.0000  +1.0000
   1288    205761   165   +5.134    1847      7     88  -0.0779  -1.0000  -0.5715  +1.0000
   1289    205924   163   +3.985    1509      9     49  -0.0886  -1.0000  -0.7066  +1.0000
   1290    206086   162   +0.949    1241     20     50  -0.2813  -1.0000  -0.9381  +0.5607
   1291    206240   154   +3.050    1966     22     40  -0.1059  -1.0000  -0.7035  +1.0000
   1292    206396   156   +2.528    2688     31     73  -0.1147  -1.0000  -0.6245  +1.0000
   1293    206563   167   +3.916    1623     17     43  -0.0964  -1.0000  -0.6695  +1.0000
   1294    206724   161   +2.709    2202     23     17  -0.0730  -1.0000  -0.3869  +1.0000
   1295    206884   160   +3.608    2527     22     20  -0.0685  -1.0000  -0.3569  +1.0000
   1296    207050   166   +3.944    1053      7     24  -0.1057  -1.0000  -0.9277  +1.0000
   1297    207204   154   +6.895    3029     10     90  -0.0153  -1.0000  +0.0956  +1.0000
   1298    207365   161   +4.122    2190     20     75  -0.1064  -1.0000  -0.6908  +1.0000
   1299    207520   155   +4.223    1317     10     68  -0.1128  -1.0000  -0.9013  +1.0000
   1300    207680   160   +3.689    3747     33     69  -0.0305  -1.0000  +0.2394  +1.0000

  ── rolling mean (last 100 ep) ──  cum_R=+4.473  yield=1904 kg/ha  N=14  W=59 mm  R_seas=-0.0842  R_ane=+0.9890

   1301    207836   156   +5.192    2870     21     41  +0.0436  -1.0000  +0.7757  +1.0000
   1302    207994   158   +5.136    2049     23     68  -0.0843  -1.0000  -0.4448  +1.0000
   1303    208155   161   +6.038    1863     10    106  -0.0825  -1.0000  -0.5513  +1.0000
   1304    208311   156   +4.714    3537     35     90  -0.0593  -1.0000  +0.0049  +1.0000
   1305    208470   159   +4.623    2418     13     86  -0.0755  -1.0000  -0.4667  +1.0000
   1306    208623   153   +4.905    3009     22     80  -0.0583  -1.0000  -0.1720  +1.0000
   1307    208783   160   +3.861    1896     19     21  -0.0701  -1.0000  -0.4167  +1.0000
   1308    208936   153   +4.334    1599     16     73  -0.1077  -1.0000  -0.7589  +1.0000
   1309    209094   158   +4.326    2352     17     77  -0.0266  -1.0000  +0.0593  +1.0000
   1310    209259   165   +5.712    2884     19     31  -0.0138  -1.0000  +0.1659  +1.0000
   1311    209417   158   +5.244    2936     20     43  -0.0104  -1.0000  +0.2281  +1.0000
   1312    209576   159   +5.387    2038     18     89  -0.1083  -1.0000  -0.7169  +1.0000
   1313    209741   165   +1.965    1166     16     84  -0.2107  -1.0000  -1.0000  +0.7783
   1314    209900   159   +2.374    1825     20     70  -0.1193  -1.0000  -0.8267  +1.0000
   1315    210061   161   +4.753    3182     30     93  -0.0602  -1.0000  -0.0660  +1.0000
   1316    210216   155   +4.765    2865     17     29  -0.0290  -1.0000  -0.0214  +1.0000
   1317    210377   161   +4.138    1762     17    104  -0.1301  -1.0000  -0.9355  +1.0000
   1318    210538   161   +5.054    1709      7     19  +0.0102  -1.0000  +0.2226  +1.0000
   1319    210698   160   +5.754    2366     15     24  +0.0072  -1.0000  +0.3101  +1.0000
   1320    210860   162   +6.280    2587     12    117  -0.0297  -1.0000  +0.0079  +1.0000
   1321    211020   160   +3.588    1437      7     74  -0.1117  -1.0000  -0.9254  +1.0000
   1322    211184   164   +3.686    1897     15     54  -0.0850  -1.0000  -0.5805  +1.0000
   1323    211342   158   +3.258    1476     14    108  -0.1323  -1.0000  -1.0000  +1.0000
   1324    211499   157   +5.972    2773     21     68  +0.0248  -1.0000  +0.6260  +1.0000
   1325    211656   157   +5.923    2293     14     33  +0.0099  -1.0000  +0.3318  +1.0000
   1326    211818   162   +3.867    1124     11     40  -0.1137  -1.0000  -0.9413  +1.0000
   1327    211980   162   +3.881    1415     10     70  -0.0889  -1.0000  -0.6648  +1.0000
   1328    212142   162   +3.471    2388     19     71  -0.0942  -1.0000  -0.5896  +1.0000
   1329    212300   158   +4.490    2328     14     63  -0.0592  -1.0000  -0.3230  +1.0000
   1330    212454   154   +4.171    1947     16     94  -0.0781  -1.0000  -0.4493  +1.0000
   1331    212614   160   +4.065     938      7     78  -0.1186  -1.0000  -1.0000  +1.0000
   1332    212772   158   +5.243    2396     13     38  -0.0170  -1.0000  +0.0613  +1.0000
   1333    212928   156   +9.473    3179     14     73  +0.0672  -1.0000  +0.9500  +1.0000
   1334    213094   166   +3.944     777      8     27  -0.1148  -1.0000  -1.0000  +1.0000
   1335    213255   161   +4.418    1555     15     62  -0.0952  -1.0000  -0.6723  +1.0000
   1336    213419   164   +3.576    1444     10     64  -0.0936  -1.0000  -0.7190  +1.0000
   1337    213577   158   +4.647    2459     16     46  -0.0200  -1.0000  +0.0839  +1.0000
   1338    213741   164   +3.702    2340     19     64  -0.0955  -1.0000  -0.6082  +1.0000
   1339    213903   162   +6.081    2083     14    113  -0.0579  -1.0000  -0.2496  +1.0000
   1340    214066   163   +5.893    1866     13    116  -0.1062  -1.0000  -0.7430  +1.0000
   1341    214232   166   +4.736    1988     12    102  -0.1079  -1.0000  -0.7966  +1.0000
   1342    214392   160   +4.570    2458     22     46  -0.0091  -1.0000  +0.2643  +1.0000
   1343    214548   156   +3.528    2043     16     50  -0.0983  -1.0000  -0.7058  +1.0000
   1344    214707   159   +3.778    1598     19     53  -0.0943  -1.0000  -0.6093  +1.0000
   1345    214760    53   -8.075       0      0      5  -0.8006  -1.0000  -1.0000  -1.0000
   1346    214914   154   +4.764    2373     19    127  -0.0817  -1.0000  -0.3973  +1.0000
   1347    215076   162   +3.375    1756     17     54  -0.1096  -1.0000  -0.7897  +1.0000
   1348    215242   166   +4.380    1134      8     62  -0.1026  -1.0000  -0.8397  +1.0000
   1349    215394   152   +4.112    2339     16     58  -0.0616  -1.0000  -0.3299  +1.0000
   1350    215552   158   +5.885    2372     16     27  +0.0127  -1.0000  +0.3874  +1.0000
   1351    215714   162   +4.353    1462     18     65  -0.1193  -1.0000  -0.8650  +1.0000
   1352    215882   168   +4.600    2958     23     20  -0.0274  -1.0000  +0.0726  +1.0000
   1353    216047   165   +4.472    2498     22     61  -0.0799  -1.0000  -0.4197  +1.0000
   1354    216202   155   +4.222    2255     16     84  -0.0720  -1.0000  -0.3927  +1.0000
   1355    216361   159   +4.460    2167     15     53  -0.0572  -1.0000  -0.2939  +1.0000
   1356    216526   165   +5.031    2108     11     75  -0.0812  -1.0000  -0.5727  +1.0000
   1357    216688   162   +3.972    1723     14     69  -0.0855  -1.0000  -0.5747  +1.0000
   1358    216854   166   +3.294    2329     20     70  -0.1048  -1.0000  -0.6898  +1.0000
   1359    217018   164   +5.775    2343     14     94  -0.0931  -1.0000  -0.6166  +1.0000
   1360    217176   158   +1.838    1398     19     50  -0.1654  -1.0000  -0.8442  +0.8608
   1361    217335   159   +4.728    1537     13     23  -0.0339  -1.0000  -0.1243  +1.0000
   1362    217493   158   +4.957    2344     20     59  -0.0843  -1.0000  -0.4957  +1.0000
   1363    217658   165   +6.460    1397     12     26  -0.0577  -1.0000  -0.3819  +1.0000
   1364    217824   166   +3.423    1714     18     28  -0.1190  -1.0000  -0.9019  +1.0000
   1365    217981   157   +4.067    2280     14     68  -0.0780  -1.0000  -0.4964  +1.0000
   1366    218148   167   +5.740    2202     11     88  -0.0648  -1.0000  -0.3936  +1.0000
   1367    218309   161   +4.966    2826     22     58  -0.0390  -1.0000  -0.0184  +1.0000
   1368    218464   155   +1.744    1469     20     24  -0.1660  -1.0000  -0.7478  +0.8281
   1369    218629   165   +4.726    1269     10     81  -0.1244  -1.0000  -1.0000  +1.0000
   1370    218783   154   +4.191    2916     26     15  -0.0100  -1.0000  +0.2892  +1.0000
   1371    218945   162   +4.199    2028     16     26  -0.0707  -1.0000  -0.4452  +1.0000
   1372    219099   154   +6.454    2362     16     15  +0.0615  -1.0000  +0.8502  +1.0000
   1373    219259   160   +5.241    2554     17     56  +0.0179  -1.0000  +0.4870  +1.0000
   1374    219420   161   +4.731    2273     16     99  -0.0722  -1.0000  -0.3741  +1.0000
   1375    219584   164   +3.749    1863     16     18  -0.0620  -1.0000  -0.3749  +1.0000
   1376    219746   162   +3.605    1479     10     18  -0.0815  -1.0000  -0.6459  +1.0000
   1377    219908   162   +5.118    1896     24     53  -0.0794  -1.0000  -0.3293  +0.9811
   1378    220066   158   +5.869    3264     24     37  +0.0131  -1.0000  +0.5104  +1.0000
   1379    220229   163   +4.918    1512      9     96  -0.1236  -1.0000  -1.0000  +1.0000
   1380    220392   163   +5.551    1855     11     47  -0.0553  -1.0000  -0.3408  +1.0000
   1381    220549   157   +3.609    1241     12    101  -0.1287  -1.0000  -1.0000  +1.0000
   1382    220713   164   +5.026    2820     22     20  -0.0552  -1.0000  -0.2254  +1.0000
   1383    220876   163   +4.439    1090     10    103  -0.1271  -1.0000  -1.0000  +1.0000
   1384    221037   161   +7.855    3148     18     32  +0.0706  -1.0000  +1.0000  +1.0000
   1385    221199   162   +4.005    2880     21     46  -0.0458  -1.0000  -0.1106  +1.0000
   1386    221359   160   +4.367    2322     20     21  -0.0367  -1.0000  -0.0551  +1.0000
   1387    221514   155   +4.221    1586     12     53  -0.1001  -1.0000  -0.7633  +1.0000
   1388    221679   165   +6.752    2981     20     33  -0.0025  -1.0000  +0.2884  +1.0000
   1389    221836   157   +6.917    3185     19     91  -0.0073  -1.0000  +0.2986  +1.0000
   1390    222000   164   +5.145    1875     16     51  -0.0624  -1.0000  -0.3430  +1.0000
   1391    222160   160   +8.722    2426     11     50  +0.0791  -1.0000  +1.0000  +1.0000
   1392    222324   164   +6.089    2288     14     60  -0.0472  -1.0000  -0.2109  +1.0000
   1393    222483   159   +4.510    1500     12     29  -0.0350  -1.0000  -0.1442  +1.0000
   1394    222643   160   +6.108    2047     12     25  -0.0164  -1.0000  +0.0379  +1.0000
   1395    222804   161   +4.908    2840     20     24  -0.0474  -1.0000  -0.1648  +1.0000
   1396    222961   157   +5.320    1900     18     67  -0.0800  -1.0000  -0.4733  +1.0000
   1397    223123   162   +3.791    1641     21     32  -0.1165  -1.0000  -0.7318  +0.9703
   1398    223283   160   +4.740    1785     18     44  -0.0998  -1.0000  -0.6952  +1.0000
   1399    223447   164   +3.788    2030     20     27  -0.0514  -1.0000  -0.2048  +1.0000
   1400    223602   155   +5.138    2271     20     21  -0.0266  -1.0000  +0.0316  +1.0000

  ── rolling mean (last 100 ep) ──  cum_R=+4.609  yield=2092 kg/ha  N=16  W=58 mm  R_seas=-0.0710  R_ane=+0.9742

   1401    223758   156   +7.505    2249     14     57  -0.0139  -1.0000  +0.1263  +1.0000
   1402    223921   163   +3.987    2322     22     50  -0.0931  -1.0000  -0.5655  +1.0000
   1403    224083   162   +3.788    1513     16     18  -0.0671  -1.0000  -0.4203  +1.0000
   1404    224240   157   +6.197    2624     24     50  -0.0445  -1.0000  -0.0510  +1.0000
   1405    224403   163   +4.806    1464     14     32  -0.0872  -1.0000  -0.6425  +1.0000
   1406    224566   163   +4.062    2123     23     18  -0.0852  -1.0000  -0.5104  +1.0000
   1407    224724   158   +5.188    2466     12     58  -0.0731  -1.0000  -0.4982  +1.0000
   1408    224885   161   +5.074    2792     24     28  -0.0313  -1.0000  +0.0620  +1.0000
   1409    225047   162   +7.651    3803     25     65  +0.0026  -1.0000  +0.4600  +1.0000
   1410    225209   162   +1.177    1081     16     23  -0.2276  -1.0000  -1.0000  +0.7067
   1411    225364   155   +5.366    3187     24     44  -0.0120  -1.0000  +0.2671  +1.0000
   1412    225525   161   +3.547    1969     24     16  -0.0698  -1.0000  -0.3501  +1.0000
   1413    225690   165   +4.747    2502     21     20  -0.0511  -1.0000  -0.1896  +1.0000
   1414    225848   158   +4.538    1883     15     49  -0.0886  -1.0000  -0.6113  +1.0000
   1415    226012   164   +2.765    2225     29     25  -0.1203  -1.0000  -0.4252  +0.9033
   1416    226169   157   +4.379    2583     21     75  -0.0962  -1.0000  -0.5740  +1.0000
   1417    226324   155   +4.015    2296     22     57  -0.0895  -1.0000  -0.5216  +1.0000
   1418    226490   166   +6.271    2092     14     28  +0.0108  -1.0000  +0.3376  +1.0000
   1419    226649   159   +6.641    2532     13     21  +0.0264  -1.0000  +0.4674  +1.0000
   1420    226802   153   +3.148    2047     14     71  -0.0899  -1.0000  -0.6185  +1.0000
   1421    226959   157   +6.686    2608     15     70  -0.0089  -1.0000  +0.2048  +1.0000
   1422    227120   161   +4.843    1699     17     36  -0.0727  -1.0000  -0.4402  +1.0000
   1423    227277   157   +6.142    2764     18     25  -0.0053  -1.0000  +0.2348  +1.0000
   1424    227437   160   +3.722    2053     23     29  -0.0906  -1.0000  -0.5546  +1.0000
   1425    227596   159   +2.763    1571     22     36  -0.1618  -1.0000  -0.3622  +0.7437
   1426    227752   156   -4.502     833     20     34  -0.4625  -1.0000  -1.0000  +0.0549
   1427    227918   166   +5.427    1594     10     42  -0.0877  -1.0000  -0.6845  +1.0000
   1428    228075   157   +6.370    2408     17     83  -0.0908  -1.0000  -0.5702  +1.0000
   1429    228241   166   +5.327    2509     13     61  -0.0847  -1.0000  -0.5869  +1.0000
   1430    228398   157   +4.284    2915     28     34  -0.0626  -1.0000  -0.1874  +1.0000
   1431    228553   155   +4.207    2242     20     57  -0.0823  -1.0000  -0.4680  +1.0000
   1432    228715   162   +8.286    2572     16     48  +0.0418  -1.0000  +0.7015  +1.0000
   1433    228875   160   +4.205    2561     27     30  -0.0718  -1.0000  -0.2996  +1.0000
   1434    229042   167   +8.043    3230     26     33  +0.0311  -1.0000  +0.7102  +1.0000
   1435    229206   164   +4.129    2008     18     14  -0.0501  -1.0000  -0.2306  +1.0000
   1436    229366   160   +6.093    2838     22     16  +0.0402  -1.0000  +0.7287  +1.0000
   1437    229528   162   +5.221    2351     24     58  -0.0659  -1.0000  -0.2496  +1.0000
   1438    229682   154   +4.356    3008     24     71  -0.0663  -1.0000  -0.2423  +1.0000
   1439    229843   161   +1.841    1698     27     17  -0.2056  -1.0000  -0.2404  +0.5936
   1440    230005   162   +3.168    1031     12     29  -0.1193  -1.0000  -0.9986  +1.0000
   1441    230167   162   +3.597    2729     25     43  -0.0806  -1.0000  -0.4055  +1.0000
   1442    230323   156   +4.583    1554     12     25  -0.0828  -1.0000  -0.6283  +1.0000
   1443    230473   150   +3.010    1888     12     39  -0.0621  -1.0000  -0.4075  +1.0000
   1444    230636   163   +1.273    1156     18     67  -0.2736  -1.0000  -1.0000  +0.5992
   1445    230797   161   +6.986    3626     17     71  +0.0092  -1.0000  +0.4194  +1.0000
   1446    230961   164   +2.950    2417     30     33  -0.0973  -1.0000  -0.5144  +1.0000
   1447    231120   159   +6.111    2022     16     67  -0.0499  -1.0000  -0.2010  +1.0000
   1448    231276   156   +3.800    1245     14     50  -0.1233  -1.0000  -0.9823  +1.0000
   1449    231435   159   +3.252    1311     10     84  -0.1234  -1.0000  -1.0000  +1.0000
   1450    231596   161   +5.178    3957     37     27  -0.0060  -0.9615  +0.3594  +1.0000
   1451    231753   157   +5.794    3181     20     59  -0.0351  -1.0000  -0.0075  +1.0000
   1452    231911   158   +3.332    1478     18     74  -0.1270  -1.0000  -0.9296  +1.0000
   1453    232072   161   +8.105    2570     19     35  +0.0240  -1.0000  +0.5535  +1.0000
   1454    232237   165   +4.677    1950     12     92  -0.1107  -1.0000  -0.8229  +1.0000
   1455    232399   162   +3.694    1895     22     70  -0.1221  -1.0000  -0.8358  +1.0000
   1456    232556   157   +5.586    1948      9     93  -0.0284  -1.0000  -0.0422  +1.0000
   1457    232719   163   +4.542    2725     20     64  -0.0322  -1.0000  +0.0277  +1.0000
   1458    232884   165   +4.502    1645     10     81  -0.1244  -1.0000  -1.0000  +1.0000
   1459    233041   157   +3.349    2155     17     36  -0.1046  -1.0000  -0.7693  +1.0000
   1460    233205   164   +6.506    3451     29     65  -0.0225  -1.0000  +0.2608  +1.0000
   1461    233369   164   +5.011    1854     13     42  -0.0534  -1.0000  -0.3049  +1.0000
   1462    233527   158   +0.470    1539     23     72  -0.2578  -1.0000  -1.0000  +0.6662
   1463    233687   160   +4.347    2008     17     60  -0.0775  -1.0000  -0.4651  +1.0000
   1464    233844   157   +2.300    1097     16     22  -0.1828  -1.0000  -0.7619  +0.7650
   1465    234007   163   +7.032    3555     29     24  +0.0561  -1.0000  +1.0000  +1.0000
   1466    234171   164   +3.994    1380     15     39  -0.1130  -1.0000  -0.8702  +1.0000
   1467    234333   162   +3.808    2626     26     21  -0.0306  -1.0000  +0.0819  +1.0000
   1468    234499   166   +4.233    1287     11     17  -0.0638  -1.0000  -0.4577  +1.0000
   1469    234661   162   +6.308    3759     32     12  +0.0533  -1.0000  +1.0000  +1.0000
   1470    234823   162   +2.700    2321     32     44  -0.1564  -1.0000  -0.3378  +0.7941
   1471    234986   163   +4.209    1179     12     26  -0.1127  -1.0000  -0.9258  +1.0000
   1472    235144   158   +5.665    1996     22     45  -0.0494  -1.0000  -0.1364  +1.0000
   1473    235306   162   +3.982    2003     23     34  -0.0964  -1.0000  -0.6015  +1.0000
   1474    235464   158   +7.534    3696     24     12  +0.0656  -1.0000  +1.0000  +1.0000
   1475    235618   154   +0.479    1031     16     49  -0.2728  -1.0000  -1.0000  +0.5878
   1476    235779   161   +4.097    1567     17     33  -0.1198  -1.0000  -0.9214  +1.0000
   1477    235939   160   +4.482    1762     12     52  -0.0891  -1.0000  -0.6640  +1.0000
   1478    236092   153   +4.075    1576     16     49  -0.0923  -1.0000  -0.6413  +1.0000
   1479    236257   165   +2.286    1459     14     41  -0.1217  -1.0000  -0.9678  +1.0000
   1480    236421   164   +6.879    3528     20     28  -0.0054  -1.0000  +0.2579  +1.0000
   1481    236580   159   +6.396    2618     14     37  +0.0201  -1.0000  +0.4474  +1.0000
   1482    236735   155   +6.742    3258     16     20  +0.0060  -1.0000  +0.3091  +1.0000
   1483    236893   158   +7.229    4897     46     16  +0.1202  -0.7146  +0.8692  +1.0000
   1484    237056   163   +2.543    1176     15     32  -0.1304  -1.0000  -1.0000  +0.9836
   1485    237222   166   +5.456    2851     17     57  -0.0650  -1.0000  -0.3390  +1.0000
   1486    237383   161   +6.173    2397     14     60  -0.0410  -1.0000  -0.1458  +1.0000
   1487    237540   157   -0.658    2083     34     30  -0.2479  -1.0000  -0.3650  +0.5413
   1488    237704   164   +4.542    2682     25     19  -0.0662  -1.0000  -0.2913  +1.0000
   1489    237858   154   +5.537    1870     11     50  -0.0769  -1.0000  -0.5534  +1.0000
   1490    238013   155   +2.835    1678     14     48  -0.1007  -1.0000  -0.7516  +1.0000
   1491    238172   159   +1.938     780     10     25  -0.1691  -1.0000  -1.0000  +0.8532
   1492    238325   153   +7.226    3098     17     16  +0.0749  -1.0000  +1.0000  +1.0000
   1493    238484   159   +3.646    1971     24     35  -0.1140  -1.0000  -0.7554  +1.0000
   1494    238646   162   +3.591    2116     18     40  -0.1034  -1.0000  -0.7378  +1.0000
   1495    238811   165   +5.365    2794     30     35  -0.0536  -1.0000  -0.0721  +1.0000
   1496    238973   162   +5.507    2757     25      8  +0.0161  -1.0000  +0.5204  +1.0000
   1497    239135   162   +1.597    1946     28     22  -0.1924  -1.0000  -0.6001  +0.7410
   1498    239294   159   +5.302    2028     14     46  -0.0825  -1.0000  -0.5681  +1.0000
   1499    239452   158   +3.272    2239     26     55  -0.1115  -1.0000  -0.6851  +1.0000
   1500    239613   161   +6.848    2828     18     37  -0.0166  -1.0000  +0.1317  +1.0000

  ── rolling mean (last 100 ep) ──  cum_R=+4.513  yield=2244 kg/ha  N=20  W=42 mm  R_seas=-0.0760  R_ane=+0.9553

   1501    239774   161   +6.162    2797     24     49  -0.0402  -1.0000  -0.0130  +1.0000
   1502    239932   158   +5.660    2748     14     86  -0.0624  -1.0000  -0.3215  +1.0000
   1503    240091   159   +5.509    2883     26     34  -0.0181  -1.0000  +0.2303  +1.0000
   1504    240246   155   +4.313    1836     19     60  -0.1019  -1.0000  -0.6810  +1.0000
   1505    240396   150   +6.041    3060     26     18  +0.0354  -1.0000  +0.7425  +1.0000
   1506    240556   160   +0.199    1612     24     15  -0.2279  -1.0000  -0.7802  +0.6733
   1507    240718   162   +0.688    1414     20     38  -0.2155  -1.0000  -0.8800  +0.7305
   1508    240870   152   +3.495    1214      9     67  -0.1031  -1.0000  -0.8201  +1.0000
   1509    241032   162   +6.183    2482     22     58  -0.0677  -1.0000  -0.3031  +1.0000
   1510    241184   152   -0.859     755     15     18  -0.3901  -1.0000  -1.0000  +0.2384
   1511    241339   155   +4.625    1102      8     29  -0.1149  -1.0000  -0.9994  +1.0000
   1512    241497   158   +8.150    3042     27     37  +0.0452  -1.0000  +0.8757  +1.0000
   1513    241663   166   +6.048    2609     22     56  -0.0495  -1.0000  -0.1223  +1.0000
   1514    241823   160   +6.203    3250     24     39  +0.0152  -1.0000  +0.5342  +1.0000
   1515    241982   159   +2.669    1317     17     66  -0.1395  -1.0000  -1.0000  +0.9764
   1516    242135   153   +2.777    2319     30     10  -0.1140  -1.0000  -0.4559  +0.9285
   1517    242296   161   +6.543    2888     19     21  +0.0381  -1.0000  +0.6755  +1.0000
   1518    242460   164   +6.344    4173     31     19  +0.0537  -0.9048  +0.6607  +1.0000
   1519    242622   162   +1.325    1785     25     18  -0.1657  -1.0000  -0.6294  +0.8109
   1520    242780   158   +6.855    4155     35     45  +0.0631  -0.9094  +0.8606  +1.0000
   1521    242942   162   +5.863    2024      9     78  -0.0985  -1.0000  -0.7710  +1.0000
   1522    243102   160   +5.400    3167     18     66  -0.0301  -1.0000  +0.0311  +1.0000
   1523    243257   155   +5.992    3016     29     21  +0.0261  -1.0000  +0.6959  +1.0000
   1524    243412   155   +5.103    1896     14     83  -0.1126  -1.0000  -0.8241  +1.0000
   1525    243570   158   +3.897    1711     16     42  -0.0623  -1.0000  -0.3484  +1.0000
   1526    243728   158   -3.873     802     21     20  -0.4920  -1.0000  -1.0000  -0.0305
   1527    243889   161   +3.725    2250     25     31  -0.0791  -1.0000  -0.4089  +1.0000
   1528    244050   161   +4.671    2240     15     50  -0.0428  -1.0000  -0.1515  +1.0000
   1529    244214   164   +6.095    2356     17     35  -0.0745  -1.0000  -0.4670  +1.0000
   1530    244376   162   +5.734    2739     20     31  -0.0410  -1.0000  -0.0856  +1.0000
   1531    244534   158   +3.708    2461     28     42  -0.0836  -1.0000  -0.4003  +1.0000
   1532    244692   158   +4.116    1755     15     41  -0.0781  -1.0000  -0.5238  +1.0000
   1533    244854   162   +4.761    2067     22     66  -0.1139  -1.0000  -0.7509  +1.0000
   1534    245005   151   -1.521    1076     21     26  -0.3884  -1.0000  -1.0000  +0.2694
   1535    245168   163   +5.254    2510     23     53  -0.0967  -1.0000  -0.5809  +1.0000
   1536    245328   160   +6.684    3539     25     37  -0.0280  -1.0000  +0.1176  +1.0000
   1537    245490   162   +4.928    1646     10     64  -0.1140  -1.0000  -0.9161  +1.0000
   1538    245654   164   +6.790    3175     24     14  +0.0642  -1.0000  +1.0000  +1.0000
   1539    245812   158   +4.115     938      9     43  -0.1179  -1.0000  -1.0000  +1.0000
   1540    245972   160   +4.861    2308     15     71  -0.0998  -1.0000  -0.7017  +1.0000
   1541    246130   158   +7.945    2681     12     64  -0.0029  -1.0000  +0.2157  +1.0000
   1542    246290   160   +8.290    3244     16     61  +0.0630  -1.0000  +0.9299  +1.0000
   1543    246443   153   +3.497    1871     22     72  -0.1370  -1.0000  -0.9739  +1.0000
   1544    246603   160   +4.677    3087     32     54  -0.0522  -1.0000  -0.0097  +1.0000
   1545    246763   160   +4.360    1287      8     68  -0.1194  -1.0000  -1.0000  +1.0000
   1546    246923   160   +5.280    1961     15     16  -0.0641  -1.0000  -0.4133  +1.0000
   1547    247079   156   +6.986    2860     21     47  +0.0028  -1.0000  +0.3837  +1.0000
   1548    247234   155   +5.177    1989     15     83  -0.1230  -1.0000  -0.9229  +1.0000
   1549    247400   166   +4.516    2264     20     37  -0.0511  -1.0000  -0.1804  +1.0000
   1550    247564   164   +4.232    2339     24     28  -0.0664  -1.0000  -0.2879  +1.0000
   1551    247721   157   +5.118    2649     22     64  -0.0959  -1.0000  -0.5758  +1.0000
   1552    247877   156   +3.789    1394     11     63  -0.1226  -1.0000  -1.0000  +1.0000
   1553    248035   158   +6.612    2164     13     40  -0.0510  -1.0000  -0.2802  +1.0000
   1554    248203   168   +4.758    1904     12     50  -0.0760  -1.0000  -0.5331  +1.0000
   1555    248363   160   +5.529    2394     22     46  -0.0419  -1.0000  -0.0512  +1.0000
   1556    248522   159   +8.514    2467     14     23  +0.0769  -1.0000  +0.9874  +1.0000
   1557    248682   160   +4.730    2365     15     91  -0.0574  -1.0000  -0.2587  +1.0000
   1558    248843   161   +5.526    3210     24     28  -0.0108  -1.0000  +0.2548  +1.0000
   1559    249006   163   +8.666    3431     14     77  +0.0645  -1.0000  +0.9334  +1.0000
   1560    249163   157   -1.201     817     18     32  -0.4306  -1.0000  -1.0000  +0.1381
   1561    249327   164   +3.837    1926     17     36  -0.0754  -1.0000  -0.4795  +1.0000
   1562    249490   163   +5.462    2124     19     44  -0.0651  -1.0000  -0.3293  +1.0000
   1563    249644   154   +4.729    2584     26     45  -0.0693  -1.0000  -0.2744  +1.0000
   1564    249808   164   -3.785     809     22     17  -0.5192  -1.0000  -1.0000  -0.1018
   1565    249970   162   +4.466    2271     18     22  -0.0312  -1.0000  -0.0294  +1.0000
   1566    250130   160   +6.009    1601      9     70  -0.0860  -1.0000  -0.6466  +1.0000
   1567    250298   168   +4.443    1340     10     44  -0.0807  -1.0000  -0.6194  +1.0000
   1568    250457   159   -3.895     933     25     13  -0.5069  -1.0000  -1.0000  -0.0589
   1569    250619   162   +3.067    1097     16     40  -0.1996  -1.0000  -0.7651  +0.7257
   1570    250777   158   +4.918    1899     10     80  -0.0824  -1.0000  -0.5898  +1.0000
   1571    250940   163   +3.483    2308     22     20  -0.0717  -1.0000  -0.3792  +1.0000
   1572    251101   161   +5.186    3147     25     16  -0.0179  -1.0000  +0.1923  +1.0000
   1573    251253   152   +4.575    1344     13     46  -0.1028  -1.0000  -0.7957  +1.0000
   1574    251408   155   +2.605    2266     28     18  -0.0844  -1.0000  -0.4325  +1.0000
   1575    251570   162   +5.886    3270     24     34  +0.0235  -1.0000  +0.6151  +1.0000
   1576    251732   162   +4.711    3116     26     45  -0.0455  -1.0000  -0.0391  +1.0000
   1577    251898   166   +4.369    1469      9     50  -0.0974  -1.0000  -0.7896  +1.0000
   1578    252057   159   +5.449    3466     21     35  -0.0043  -1.0000  +0.2976  +1.0000
   1579    252213   156   -1.452     986     20     33  -0.4094  -1.0000  -1.0000  +0.2089
   1580    252374   161   +5.243    1653      9     65  -0.0752  -1.0000  -0.5442  +1.0000
   1581    252538   164   +4.953    1682      9     16  -0.0931  -1.0000  -0.7812  +1.0000
   1582    252701   163   +6.269    3364     18     55  -0.0181  -1.0000  +0.1339  +1.0000
   1583    252859   158   +8.229    3042     15     35  +0.0441  -1.0000  +0.6930  +1.0000
   1584    253023   164   +6.088    2309     16     37  -0.0680  -1.0000  -0.4102  +1.0000
   1585    253182   159   +3.280    1446     18     23  -0.1004  -1.0000  -0.7267  +1.0000
   1586    253345   163   +6.275    1542      7     60  -0.0772  -1.0000  -0.6012  +1.0000
   1587    253501   156   +5.477    3672     34     50  -0.0202  -1.0000  +0.3274  +1.0000
   1588    253662   161   +6.910    2579     21     18  +0.0582  -1.0000  +0.8991  +1.0000
   1589    253819   157   +6.341    3317     22     28  +0.0659  -1.0000  +1.0000  +1.0000
   1590    253977   158   +3.571    2287     23     17  -0.0377  -1.0000  -0.0336  +1.0000
   1591    254135   158   +7.927    3593     12     65  +0.0562  -1.0000  +0.8089  +1.0000
   1592    254287   152   +7.015    3808     27     25  +0.0593  -1.0000  +1.0000  +1.0000
   1593    254444   157   +6.209    2236     15     42  -0.0599  -1.0000  -0.3431  +1.0000
   1594    254609   165   +5.972    1896      7     95  -0.0926  -1.0000  -0.7124  +1.0000
   1595    254767   158   +5.025    2267     19     41  -0.0626  -1.0000  -0.3133  +1.0000
   1596    254927   160   +4.825    1827      9     40  -0.0609  -1.0000  -0.4325  +1.0000
   1597    255094   167   +5.170    1673     12     42  -0.1014  -1.0000  -0.8033  +1.0000
   1598    255259   165   +4.974    1608      6     56  -0.0884  -1.0000  -0.7257  +1.0000
   1599    255415   156   +6.642    2000      6     51  +0.0471  -1.0000  +0.6234  +1.0000
   1600    255579   164   +6.041    1684     11     42  -0.0692  -1.0000  -0.4840  +1.0000

  ── rolling mean (last 100 ep) ──  cum_R=+4.687  yield=2249 kg/ha  N=18  W=44 mm  R_seas=-0.0814  R_ane=+0.9251

   1601    255741   162   +6.018    3012     25     28  -0.0197  -1.0000  +0.1857  +1.0000
   1602    255903   162   +5.424    3338     34     36  -0.0330  -1.0000  +0.1877  +1.0000
   1603    256060   157   +4.201    3592     30     56  -0.0373  -1.0000  +0.1157  +1.0000
   1604    256218   158   +0.392    1554     25     26  -0.2370  -1.0000  -0.4887  +0.5704
   1605    256376   158   +0.177    1582     23     43  -0.2121  -1.0000  -0.6547  +0.6895
   1606    256535   159   +5.153    3808     34     22  +0.0073  -1.0000  +0.5717  +1.0000
   1607    256698   163   +6.241    2939     25     23  -0.0371  -1.0000  +0.0025  +1.0000
   1608    256857   159   +4.345    1780     17     64  -0.1110  -1.0000  -0.7898  +1.0000
   1609    257019   162   +5.606    1947      7     58  -0.0574  -1.0000  -0.4027  +1.0000
   1610    257183   164   +6.330    2523     16     36  -0.0256  -1.0000  +0.0182  +1.0000
   1611    257342   159   +1.300    1000     14     58  -0.2216  -1.0000  -1.0000  +0.7302
   1612    257502   160   +4.437    1594      7     44  -0.0688  -1.0000  -0.5327  +1.0000
   1613    257665   163   +4.305    1278      6     50  -0.1147  -1.0000  -1.0000  +1.0000
   1614    257822   157   +5.594    1240      4     48  -0.0870  -1.0000  -0.7563  +1.0000
   1615    257982   160   +3.964     709      8     26  -0.1147  -1.0000  -1.0000  +1.0000
   1616    258139   157   +4.283    2537     19     37  -0.0373  -1.0000  -0.0591  +1.0000
   1617    258301   162   +4.224    1959     14     35  -0.0987  -1.0000  -0.7553  +1.0000
   1618    258459   158   +3.650    1539      7     37  -0.1146  -1.0000  -1.0000  +1.0000
   1619    258614   155   +5.858    1861     12     50  -0.0791  -1.0000  -0.5648  +1.0000
   1620    258768   154   +3.877    1960     17     30  -0.0824  -1.0000  -0.5458  +1.0000
   1621    258922   154   +4.609    2589     18     53  -0.0640  -1.0000  -0.3278  +1.0000
   1622    259081   159   +3.219    1689     14     46  -0.1098  -1.0000  -0.8409  +1.0000
   1623    259239   158   +5.699    1256     10     45  -0.1194  -1.0000  -0.9972  +1.0000
   1624    259398   159   +4.021    1296      6     53  -0.1141  -1.0000  -1.0000  +1.0000
   1625    259564   166   +3.475    2109     23     34  -0.0829  -1.0000  -0.4644  +1.0000
   1626    259723   159   +4.692    1679     12     34  -0.0566  -1.0000  -0.3582  +1.0000
   1627    259887   164   +3.440    1869     22     12  -0.0511  -1.0000  -0.1898  +1.0000
   1628    260049   162   +4.589    1351      4     71  -0.1148  -1.0000  -1.0000  +1.0000
   1629    260210   161   +5.174    1410      3     68  -0.1120  -1.0000  -1.0000  +1.0000
   1630    260366   156   +4.530    2038     16     46  -0.0823  -1.0000  -0.5371  +1.0000
   1631    260536   170   +5.173    1605      6     74  -0.1171  -1.0000  -1.0000  +1.0000
   1632    260698   162   +3.975     893      9     37  -0.1175  -1.0000  -1.0000  +1.0000
   1633    260853   155   +3.550    1145      8     24  -0.1074  -1.0000  -0.9390  +1.0000
   1634    261015   162   +5.668    2622     14     57  -0.0021  -1.0000  +0.2412  +1.0000
   1635    261178   163   +5.316    3583     33     22  +0.0131  -1.0000  +0.6136  +1.0000
   1636    261335   157   +7.348    2576     15     38  +0.0613  -1.0000  +0.8682  +1.0000
   1637    261502   167   +5.143    3108     39     38  -0.0582  -1.0000  +0.0973  +0.9759
   1638    261664   162   +3.165    1624     15     40  -0.1257  -1.0000  -1.0000  +1.0000
   1639    261828   164   +5.539    1360     10     21  -0.0212  -1.0000  -0.0526  +1.0000
   1640    261992   164   +6.755    3596     31     19  +0.0546  -1.0000  +1.0000  +1.0000
   1641    262152   160   +5.314    3041     24     28  -0.0199  -1.0000  +0.1695  +1.0000
   1642    262309   157   +3.286    2374     23     24  -0.0586  -1.0000  -0.2329  +1.0000
   1643    262467   158   +4.963    1911     16     40  -0.0534  -1.0000  -0.2599  +1.0000
   1644    262629   162   +4.773    1216      4     60  -0.1025  -1.0000  -0.9032  +1.0000
   1645    262790   161   +5.961    1462      2     64  -0.0737  -1.0000  -0.6282  +1.0000
   1646    262952   162   +5.997    3435     32     16  +0.0252  -1.0000  +0.7148  +1.0000
   1647    263115   163   +4.947    1167      8     23  -0.0882  -1.0000  -0.7397  +1.0000
   1648    263273   158   +5.132    1901     10     18  -0.0673  -1.0000  -0.5060  +1.0000
   1649    263431   158   +3.657    2088     25     22  -0.0993  -1.0000  -0.6213  +1.0000
   1650    263593   162   +6.915    2974     16     14  +0.0762  -1.0000  +1.0000  +1.0000
   1651    263750   157   +8.548    2913     14     48  +0.0745  -1.0000  +1.0000  +1.0000
   1652    263902   152   +0.973    1008     16     16  -0.2729  -1.0000  -1.0000  +0.5755
   1653    264058   156   +5.837    2640     12     75  -0.0402  -1.0000  -0.1496  +1.0000
   1654    264221   163   +4.572    1542      8     23  -0.0951  -1.0000  -0.8127  +1.0000
   1655    264382   161   +5.156    2852     28     10  -0.0047  -1.0000  +0.3518  +1.0000
   1656    264541   159   +4.311    1380      8     26  -0.0877  -1.0000  -0.7299  +1.0000
   1657    264702   161   +3.457    1851     18     21  -0.0885  -1.0000  -0.6015  +1.0000
   1658    264863   161   +8.287    2969     18     14  +0.0724  -1.0000  +1.0000  +1.0000
   1659    265016   153   +3.296    1619     17     27  -0.1255  -1.0000  -0.9830  +1.0000
   1660    265178   162   +5.050    1942      8     24  -0.0390  -1.0000  -0.2528  +1.0000
   1661    265340   162   +4.008    1976     16     19  -0.0906  -1.0000  -0.6536  +1.0000
   1662    265503   163   +2.064    1074     14     22  -0.1469  -1.0000  -1.0000  +0.9292
   1663    265658   155   +5.587    2048     11     43  -0.0346  -1.0000  -0.1459  +1.0000
   1664    265816   158   +5.677    3589     38     32  +0.0139  -1.0000  +0.7123  +1.0000
   1665    265982   166   +4.933    3235     26     34  -0.0315  -1.0000  +0.0913  +1.0000
   1666    266145   163   +5.788    3260     22     36  -0.0002  -1.0000  +0.3468  +1.0000
   1667    266305   160   +3.881     952      6     52  -0.1144  -1.0000  -1.0000  +1.0000
   1668    266464   159   +7.233    3167     17     34  +0.0717  -1.0000  +1.0000  +1.0000
   1669    266626   162   +3.416    2061     21     26  -0.0945  -1.0000  -0.6199  +1.0000
   1670    266789   163   +3.521    1720     11     28  -0.0830  -1.0000  -0.6366  +1.0000
   1671    266942   153   +4.675     964      2     63  -0.1105  -1.0000  -1.0000  +1.0000
   1672    267100   158   +4.618     999      7     60  -0.1163  -1.0000  -1.0000  +1.0000
   1673    267263   163   +4.121    2345     19     17  -0.0681  -1.0000  -0.3952  +1.0000
   1674    267417   154   +4.053    1402     11     44  -0.1208  -1.0000  -1.0000  +1.0000
   1675    267580   163   +5.287    2160      4     52  -0.0222  -1.0000  -0.1026  +1.0000
   1676    267736   156   +3.541    1516      4     80  -0.1088  -1.0000  -0.9392  +1.0000
   1677    267897   161   +6.508    1431      6     18  +0.0024  -1.0000  +0.1288  +1.0000
   1678    268054   157   +4.123    1542      4     91  -0.1068  -1.0000  -0.9103  +1.0000
   1679    268217   163   +7.242    2115     13     25  -0.0068  -1.0000  +0.1400  +1.0000
   1680    268376   159   +3.551    1017      3     72  -0.1125  -1.0000  -1.0000  +1.0000
   1681    268538   162   +3.905    1284      5     70  -0.1050  -1.0000  -0.9018  +1.0000
   1682    268695   157   +3.799    1616     13     34  -0.0950  -1.0000  -0.7223  +1.0000
   1683    268850   155   +5.171    2079     11     68  -0.0905  -1.0000  -0.6722  +1.0000
   1684    269008   158   +6.078    3316     23     22  +0.0209  -1.0000  +0.5641  +1.0000
   1685    269170   162   +4.556    1011      4     39  -0.1097  -1.0000  -1.0000  +1.0000
   1686    269333   163   +3.280    1820     15     36  -0.0975  -1.0000  -0.7229  +1.0000
   1687    269484   151   +3.863    1184      8     36  -0.1161  -1.0000  -1.0000  +1.0000
   1688    269641   157   +4.445    1502      6     57  -0.1153  -1.0000  -1.0000  +1.0000
   1689    269804   163   +6.277    2594     13     48  +0.0170  -1.0000  +0.4158  +1.0000
   1690    269965   161   +4.291    2366     17     20  -0.0303  -1.0000  -0.0381  +1.0000
   1691    270126   161   +4.405    2139     20     16  -0.0695  -1.0000  -0.3974  +1.0000
   1692    270288   162   +6.475    1090      4     56  -0.1121  -1.0000  -1.0000  +1.0000
   1693    270452   164   +4.718    2046     17     47  -0.0814  -1.0000  -0.5247  +1.0000
   1694    270614   162   +4.052     597      2     74  -0.1113  -1.0000  -1.0000  +1.0000
   1695    270771   157   +5.209    2053     12     31  -0.0328  -1.0000  -0.1261  +1.0000
   1696    270930   159   +4.645    2227     19     22  -0.0602  -1.0000  -0.3105  +1.0000
   1697    271088   158   +4.520    1686      4     68  -0.0716  -1.0000  -0.5815  +1.0000
   1698    271243   155   +5.883    1861      8     49  -0.0843  -1.0000  -0.6669  +1.0000
   1699    271407   164   +5.454    1987      2     70  -0.0854  -1.0000  -0.7361  +1.0000
   1700    271568   161   +4.014    1527      8     23  -0.0879  -1.0000  -0.7413  +1.0000

  ── rolling mean (last 100 ep) ──  cum_R=+4.698  yield=1980 kg/ha  N=14  W=40 mm  R_seas=-0.0698  R_ane=+0.9847

   1701    271734   166   +4.057    1395      2     70  -0.1106  -1.0000  -1.0000  +1.0000
   1702    271896   162   +3.068    1601     13     21  -0.0864  -1.0000  -0.6534  +1.0000
   1703    272059   163   +4.548    2956     21     41  -0.0401  -1.0000  -0.0619  +1.0000
   1704    272222   163   +4.304    1756      6     69  -0.0874  -1.0000  -0.7075  +1.0000
   1705    272376   154   +4.346    1363      8     82  -0.1205  -1.0000  -1.0000  +1.0000
   1706    272539   163   +4.581    2008     15     73  -0.1149  -1.0000  -0.8492  +1.0000
   1707    272707   168   +6.089    1401      5     58  -0.1085  -1.0000  -0.9457  +1.0000
   1708    272863   156   +6.112    1686     12     42  -0.0700  -1.0000  -0.4792  +1.0000
   1709    273026   163   +3.876    1100      4     66  -0.1129  -1.0000  -1.0000  +1.0000
   1710    273185   159   +5.574    1870     11     21  -0.0120  -1.0000  +0.0604  +1.0000
   1711    273350   165   +5.474    2436     17     15  +0.0110  -1.0000  +0.3638  +1.0000
   1712    273499   149   +4.523    1898      8     45  -0.0903  -1.0000  -0.7337  +1.0000
   1713    273658   159   +5.835    2569     14     98  -0.0524  -1.0000  -0.2103  +1.0000
   1714    273816   158   +6.276    1876      5     63  -0.0214  -1.0000  -0.0624  +1.0000
   1715    273980   164   +3.553    1140      5     29  -0.1100  -1.0000  -1.0000  +1.0000
   1716    274146   166   +4.603    1674      7     26  -0.0649  -1.0000  -0.5182  +1.0000
   1717    274298   152   +2.884    1692     18     20  -0.1036  -1.0000  -0.7602  +1.0000
   1718    274462   164   +6.675    2118     14     21  +0.0249  -1.0000  +0.4628  +1.0000
   1719    274621   159   +3.464    1061     14     32  -0.1425  -1.0000  -1.0000  +0.9441
   1720    274784   163   +3.783    1232     10     20  -0.1161  -1.0000  -1.0000  +1.0000
   1721    274945   161   +4.068    1602     10     30  -0.1101  -1.0000  -0.9251  +1.0000
   1722    275102   157   +4.840    1562      9     48  -0.0654  -1.0000  -0.4682  +1.0000
   1723    275266   164   +4.587    1539     10     48  -0.0621  -1.0000  -0.4186  +1.0000
   1724    275418   152   +5.928    2098     10     32  -0.0260  -1.0000  -0.0788  +1.0000
   1725    275579   161   +5.848    1262     14     16  -0.0539  -1.0000  -0.3238  +1.0000
   1726    275735   156   +2.945    1390      8     44  -0.1171  -1.0000  -1.0000  +1.0000
   1727    275896   161   +6.455    2278     10     58  -0.0170  -1.0000  +0.0438  +1.0000
   1728    276066   170   +6.947    2144      8     17  +0.0326  -1.0000  +0.4528  +1.0000
   1729    276230   164   +6.697    2613     18     40  -0.0543  -1.0000  -0.2446  +1.0000
   1730    276388   158   +3.935    1991     16     25  -0.0753  -1.0000  -0.4957  +1.0000
   1731    276546   158   +4.551    1945     10     20  -0.0544  -1.0000  -0.3780  +1.0000
   1732    276709   163   +0.644     753     12     18  -0.2729  -1.0000  -1.0000  +0.5604
   1733    276873   164   +5.136    1592      7     34  -0.0520  -1.0000  -0.3766  +1.0000
   1734    277037   164   +4.876    1226      6     83  -0.1188  -1.0000  -1.0000  +1.0000
   1735    277199   162   +4.614    2094     13     75  -0.0868  -1.0000  -0.5936  +1.0000
   1736    277354   155   +4.093    1175      7     10  -0.0740  -1.0000  -0.6265  +1.0000
   1737    277514   160   +5.582    1696      5     80  -0.0820  -1.0000  -0.6546  +1.0000
   1738    277677   163   +4.336    2140     14     20  -0.0765  -1.0000  -0.5435  +1.0000
   1739    277836   159   +3.919    1132      9     32  -0.0974  -1.0000  -0.8101  +1.0000
   1740    277991   155   +5.270    3209     33     40  -0.0001  -1.0000  +0.5055  +1.0000
   1741    278154   163   +5.126    1563      9     63  -0.1204  -1.0000  -1.0000  +1.0000
   1742    278313   159   +5.429    1595      3     79  -0.1135  -1.0000  -0.9936  +1.0000
   1743    278472   159   +4.063    2099     10     58  -0.0831  -1.0000  -0.6177  +1.0000
   1744    278635   163   +4.959    2378     16     18  -0.0478  -1.0000  -0.2328  +1.0000
   1745    278800   165   +4.118    1400      4     48  -0.1091  -1.0000  -0.9746  +1.0000
   1746    278963   163   +4.407    1128     12     13  -0.1002  -1.0000  -0.8128  +1.0000
   1747    279131   168   +4.012    1215      4     58  -0.1126  -1.0000  -1.0000  +1.0000
   1748    279289   158   +4.728    1142      1    119  -0.1161  -1.0000  -1.0000  +1.0000
   1749    279450   161   +3.151    1084      6     23  -0.1004  -1.0000  -0.8986  +1.0000
   1750    279604   154   +3.716    1250     10     41  -0.1192  -1.0000  -1.0000  +1.0000
   1751    279769   165   +3.888    1094      3     41  -0.1089  -1.0000  -1.0000  +1.0000
   1752    279927   158   +3.408    1644     15     26  -0.0934  -1.0000  -0.6886  +1.0000
   1753    280086   159   +6.085    1546      5     59  -0.0933  -1.0000  -0.7898  +1.0000
   1754    280241   155   +3.467    1770     16     20  -0.0965  -1.0000  -0.7178  +1.0000
   1755    280395   154   +4.621     806      3     42  -0.1090  -1.0000  -1.0000  +1.0000
   1756    280562   167   +5.453    2193     10     37  -0.0338  -1.0000  -0.1505  +1.0000
   1757    280726   164   +4.821    1147      4     42  -0.1112  -1.0000  -1.0000  +1.0000
   1758    280883   157   +3.210     756      2     46  -0.1087  -1.0000  -1.0000  +1.0000
   1759    281048   165   +6.105    1353      2     90  -0.1141  -1.0000  -1.0000  +1.0000
   1760    281205   157   +3.560    2149     26     45  -0.0889  -1.0000  -0.4768  +1.0000
   1761    281369   164   +4.486    1184      3     66  -0.1123  -1.0000  -1.0000  +1.0000
   1762    281521   152   +4.187    2898     23     12  +0.0036  -1.0000  +0.3690  +1.0000
   1763    281686   165   +4.047     983      2     56  -0.1101  -1.0000  -1.0000  +1.0000
   1764    281853   167   +4.887     890      2     54  -0.1088  -1.0000  -1.0000  +1.0000
   1765    282007   154   +8.067    2131     11     43  +0.0163  -1.0000  +0.3732  +1.0000
   1766    282168   161   +4.476    2306     23     35  -0.0345  -1.0000  +0.0179  +1.0000
   1767    282328   160   +2.106     693     10     23  -0.2192  -1.0000  -1.0000  +0.7077
   1768    282485   157   +3.776    1421      7     46  -0.0919  -1.0000  -0.7691  +1.0000
   1769    282645   160   +5.032    1446      3     49  -0.0714  -1.0000  -0.6086  +1.0000
   1770    282811   166   +4.372    1170      6     40  -0.1127  -1.0000  -1.0000  +1.0000
   1771    282969   158   +4.290    1051      3     49  -0.1097  -1.0000  -1.0000  +1.0000
   1772    283131   162   +5.273    1934     14     16  +0.0049  -1.0000  +0.2704  +1.0000
   1773    283295   164   +3.850    1099      3     65  -0.1114  -1.0000  -1.0000  +1.0000
   1774    283457   162   +3.580    2229     17     18  -0.0537  -1.0000  -0.2751  +1.0000
   1775    283619   162   +7.049    2629     10     72  +0.0003  -1.0000  +0.2296  +1.0000
   1776    283770   151   +5.078    1295      4    109  -0.1186  -1.0000  -1.0000  +1.0000
   1777    283932   162   +5.016    1469      5     55  -0.0732  -1.0000  -0.5919  +1.0000
   1778    284092   160   +4.353    1527     14     57  -0.1060  -1.0000  -0.8006  +1.0000
   1779    284250   158   +5.448    1701      9     60  -0.0942  -1.0000  -0.7480  +1.0000
   1780    284409   159   +5.644    3150     30     28  +0.0125  -1.0000  +0.5731  +1.0000
   1781    284572   163   +5.960    1729      5     41  -0.0968  -1.0000  -0.8506  +1.0000
   1782    284730   158   +6.361    2444      8     58  -0.0289  -1.0000  -0.1033  +1.0000
   1783    284891   161   +3.276    1003      1     36  -0.1059  -1.0000  -1.0000  +1.0000
   1784    285046   155   +4.207    1246      7     98  -0.1115  -1.0000  -0.8948  +1.0000
   1785    285209   163   +5.612    2414     16     29  -0.0448  -1.0000  -0.1940  +1.0000
   1786    285369   160   +4.497    1493      7     31  -0.0742  -1.0000  -0.6009  +1.0000
   1787    285533   164   +5.401     986      3     94  -0.1161  -1.0000  -1.0000  +1.0000
   1788    285702   169   +5.067    1593     10     13  -0.0300  -1.0000  -0.1429  +1.0000
   1789    285864   162   +4.548    1457      7     41  -0.1097  -1.0000  -0.9496  +1.0000
   1790    286027   163   +4.077    1294      8     66  -0.1192  -1.0000  -1.0000  +1.0000
   1791    286187   160   +3.918    1913     12     54  -0.1108  -1.0000  -0.8806  +1.0000
   1792    286349   162   +5.161    2012     10     25  -0.0360  -1.0000  -0.1936  +1.0000
   1793    286509   160   +5.178    1794      8     85  -0.0643  -1.0000  -0.4335  +1.0000
   1794    286674   165   +4.640    1472      6     74  -0.1108  -1.0000  -0.9350  +1.0000
   1795    286834   160   +4.652    2386     12     35  -0.0634  -1.0000  -0.4189  +1.0000
   1796    286999   165   +5.711    1395      3     56  -0.0856  -1.0000  -0.7404  +1.0000
   1797    287160   161   +5.131    1848     14     63  -0.0940  -1.0000  -0.6735  +1.0000
   1798    287320   160   +4.033    1427     12     25  -0.0761  -1.0000  -0.5652  +1.0000
   1799    287485   165   +4.764    2131     15     42  -0.0789  -1.0000  -0.5278  +1.0000
   1800    287645   160   +4.243    1682     16     28  -0.1016  -1.0000  -0.7612  +1.0000

  ── rolling mean (last 100 ep) ──  cum_R=+4.687  yield=1665 kg/ha  N=10  W=46 mm  R_seas=-0.0812  R_ane=+0.9921

   1801    287805   160   +3.298    1968     19     23  -0.0971  -1.0000  -0.6788  +1.0000
   1802    287962   157   +5.255    3310     22     31  -0.0078  -1.0000  +0.2696  +1.0000
   1803    288127   165   +5.066     611      5     63  -0.1140  -1.0000  -1.0000  +1.0000
   1804    288286   159   +4.872    2456     19     33  -0.0713  -1.0000  -0.4033  +1.0000
   1805    288441   155   +4.963    1732     11     52  -0.0772  -1.0000  -0.5601  +1.0000
   1806    288603   162   +5.472    1452      8     55  -0.0733  -1.0000  -0.5583  +1.0000
   1807    288760   157   +4.770    1384     11     58  -0.1066  -1.0000  -0.8389  +1.0000
   1808    288913   153   +5.866    2526     13     74  -0.0115  -1.0000  +0.1527  +1.0000
   1809    289073   160   +4.284    2284     13     43  -0.0737  -1.0000  -0.5018  +1.0000
   1810    289233   160   +4.734    1478      5     55  -0.1049  -1.0000  -0.9154  +1.0000
   1811    289392   159   +3.097    1207      8     33  -0.1037  -1.0000  -0.8823  +1.0000
   1812    289555   163   +7.092    3626     20     27  +0.0512  -1.0000  +0.8255  +1.0000
   1813    289715   160   +5.237    2603     16     48  -0.0298  -1.0000  -0.0179  +1.0000
   1814    289876   161   +4.743    1698      7     47  -0.0795  -1.0000  -0.6456  +1.0000
   1815    290035   159   +3.341    1523     11     97  -0.1078  -1.0000  -0.8117  +1.0000
   1816    290190   155   +5.096    1557      6     73  -0.1114  -1.0000  -0.9485  +1.0000
   1817    290351   161   +6.491    1675     16     43  -0.0800  -1.0000  -0.5312  +1.0000
   1818    290513   162   +6.240    2013      3     66  -0.0680  -1.0000  -0.5555  +1.0000
   1819    290676   163   +4.766    1519     16     14  -0.0556  -1.0000  -0.3225  +1.0000
   1820    290841   165   +2.903    1123     12     15  -0.1184  -1.0000  -1.0000  +1.0000
   1821    290999   158   +4.496    1519      6     31  -0.0972  -1.0000  -0.8565  +1.0000
   1822    291155   156   +4.080    1868     10     49  -0.0792  -1.0000  -0.5913  +1.0000
   1823    291313   158   +6.434    1222      3    101  -0.1165  -1.0000  -1.0000  +1.0000
   1824    291468   155   +5.734    1715     12     62  -0.0801  -1.0000  -0.5587  +1.0000
   1825    291631   163   +4.757    2103     11     24  -0.0812  -1.0000  -0.6282  +1.0000
   1826    291796   165   +4.863    2250     11     67  -0.0692  -1.0000  -0.4599  +1.0000
   1827    291961   165   +5.396    2259     18     42  -0.0524  -1.0000  -0.2208  +1.0000
   1828    292120   159   +4.926    1852     13     23  -0.0645  -1.0000  -0.4303  +1.0000
   1829    292283   163   +3.893    2364     21     26  -0.0611  -1.0000  -0.2879  +1.0000
   1830    292442   159   +6.406    1591      6     71  -0.0914  -1.0000  -0.7505  +1.0000
   1831    292610   168   +5.591    3030     24     28  -0.0190  -1.0000  +0.1837  +1.0000
   1832    292768   158   +5.691    3737     24     40  +0.0194  -1.0000  +0.5778  +1.0000
   1833    292924   156   +4.852    1206      3     76  -0.1119  -1.0000  -0.9849  +1.0000
   1834    293086   162   +4.609    1323      3     88  -0.1149  -1.0000  -1.0000  +1.0000
   1835    293245   159   +5.616    2014     14     37  -0.0471  -1.0000  -0.2372  +1.0000
   1836    293403   158   +5.159    1454     10     79  -0.1046  -1.0000  -0.8086  +1.0000
   1837    293569   166   +5.815    3349     20     21  +0.0094  -1.0000  +0.3938  +1.0000
   1838    293724   155   +4.494    2551     27     22  -0.0553  -1.0000  -0.1460  +1.0000
   1839    293886   162   +5.620    1676      4     88  -0.1150  -1.0000  -0.9911  +1.0000
   1840    294049   163   +3.852    1370      4     30  -0.0725  -1.0000  -0.6349  +1.0000
   1841    294210   161   +5.669    3006     20     43  +0.0042  -1.0000  +0.3694  +1.0000
   1842    294366   156   +5.041    1909     12     76  -0.1022  -1.0000  -0.7552  +1.0000
   1843    294527   161   +4.354     840      4     42  -0.1108  -1.0000  -1.0000  +1.0000
   1844    294691   164   +5.744    1865     13     21  -0.0477  -1.0000  -0.2737  +1.0000
   1845    294847   156   +4.270    1926     13     38  -0.0782  -1.0000  -0.5515  +1.0000
   1846    295012   165   +5.802    2095     11     21  +0.0015  -1.0000  +0.1887  +1.0000
   1847    295173   161   +4.690    1398      7     58  -0.1170  -1.0000  -1.0000  +1.0000
   1848    295337   164   +4.334    1362      6     34  -0.1118  -1.0000  -1.0000  +1.0000
   1849    295506   169   +4.400    1335      3     53  -0.0992  -1.0000  -0.8869  +1.0000
   1850    295669   163   +6.451    2365      4     40  +0.0342  -1.0000  +0.4480  +1.0000
   1851    295824   155   +3.607    1429     11     48  -0.0955  -1.0000  -0.7407  +1.0000
   1852    295986   162   +5.011    1650     14     24  -0.0651  -1.0000  -0.4295  +1.0000
   1853    296145   159   +5.056    1341      5     38  -0.0926  -1.0000  -0.8151  +1.0000
   1854    296307   162   +5.890    2439     11     23  +0.0205  -1.0000  +0.3887  +1.0000
   1855    296461   154   +4.382    2848     24     34  -0.0240  -1.0000  +0.1414  +1.0000
   1856    296619   158   +7.159    3107     22     41  +0.0241  -1.0000  +0.5910  +1.0000
   1857    296777   158   +3.760     906      7     43  -0.1147  -1.0000  -1.0000  +1.0000
   1858    296939   162   +4.664    1970     12     61  -0.0979  -1.0000  -0.7331  +1.0000
   1859    297100   161   +4.828    1364      4     39  -0.0838  -1.0000  -0.7393  +1.0000
   1860    297258   158   +5.093    1632      8     38  -0.0643  -1.0000  -0.4838  +1.0000
   1861    297411   153   +3.396    1074      8     21  -0.1135  -1.0000  -1.0000  +1.0000
   1862    297564   153   +5.702    2497     17     49  -0.0126  -1.0000  +0.1763  +1.0000
   1863    297721   157   +5.076    1278      3     77  -0.1131  -1.0000  -1.0000  +1.0000
   1864    297878   157   +5.063    2477     22     41  -0.0666  -1.0000  -0.3026  +1.0000
   1865    298035   157   +6.756    3149     16     23  +0.0507  -1.0000  +0.7597  +1.0000
   1866    298193   158   +4.131    1127      4     73  -0.1139  -1.0000  -1.0000  +1.0000
   1867    298358   165   +5.791    3375     23     19  +0.0325  -1.0000  +0.6736  +1.0000
   1868    298522   164   +3.766     689      4     23  -0.1088  -1.0000  -1.0000  +1.0000
   1869    298685   163   +6.018    1568      6     37  -0.0468  -1.0000  -0.3342  +1.0000
   1870    298842   157   +7.024    3210     20     23  +0.0340  -1.0000  +0.6543  +1.0000
   1871    299000   158   +4.776    3217     22     52  +0.0006  -1.0000  +0.3805  +1.0000
   1872    299153   153   +5.040    1404      5     84  -0.1167  -1.0000  -1.0000  +1.0000
   1873    299316   163   +5.426    2864     19     33  -0.0254  -1.0000  +0.0539  +1.0000
   1874    299475   159   +5.417    2368     14     68  -0.0515  -1.0000  -0.2448  +1.0000
   1875    299633   158   +6.071    1763     11     53  -0.1014  -1.0000  -0.7948  +1.0000
   1876    299792   159   +7.153    2182      3     65  -0.0501  -1.0000  -0.3820  +1.0000
   1877    299954   162   +3.852     996      9     13  -0.1138  -1.0000  -1.0000  +1.0000
   1878    300110   156   +4.218    1363      4     68  -0.1139  -1.0000  -1.0000  +1.0000
   1879    300269   159   +4.441    2314     13     62  -0.0360  -1.0000  -0.1037  +1.0000
   1880    300432   163   +4.794    1397      4     19  -0.0749  -1.0000  -0.6708  +1.0000
   1881    300589   157   +3.552    1085      6     21  -0.1107  -1.0000  -0.9988  +1.0000
   1882    300745   156   +4.394    1219      8     53  -0.0993  -1.0000  -0.8168  +1.0000
   1883    300905   160   +5.042    2353     19     16  -0.0194  -1.0000  +0.0869  +1.0000
   1884    301068   163   +4.036    1723     10     15  -0.0888  -1.0000  -0.7275  +1.0000
   1885    301232   164   +4.584    1090      7     66  -0.1183  -1.0000  -1.0000  +1.0000
   1886    301390   158   +5.590    2041     10     30  -0.0076  -1.0000  +0.1026  +1.0000
   1887    301544   154   +6.087    1582      9     80  -0.0979  -1.0000  -0.7594  +1.0000
   1888    301706   162   +6.012    2277      6     49  -0.0048  -1.0000  +0.0870  +1.0000
   1889    301871   165   +5.770    3541     26     25  +0.0291  -1.0000  +0.6856  +1.0000
   1890    302033   162   +4.634    1744      8     69  -0.0527  -1.0000  -0.3312  +1.0000
   1891    302191   158   +6.484    1965      6     48  -0.0079  -1.0000  +0.0643  +1.0000
   1892    302347   156   +4.554     962      4     51  -0.1121  -1.0000  -1.0000  +1.0000
   1893    302512   165   +4.772    1912      7     26  -0.0769  -1.0000  -0.6340  +1.0000
   1894    302673   161   +4.034    2476     25     25  -0.0428  -1.0000  -0.0517  +1.0000
   1895    302833   160   +5.595    3075     23     34  +0.0109  -1.0000  +0.4688  +1.0000
   1896    302990   157   +3.592    1288     12     22  -0.1172  -1.0000  -0.9738  +1.0000
   1897    303149   159   +4.968    1681      3     66  -0.1124  -1.0000  -1.0000  +1.0000
   1898    303318   169   +5.744    1712     12     72  -0.0932  -1.0000  -0.6808  +1.0000
   1899    303476   158   +7.235    3979     17     43  +0.0732  -0.9557  +0.8610  +1.0000
   1900    303632   156   +7.990    2606     16     61  +0.0502  -1.0000  +0.7919  +1.0000

  ── rolling mean (last 100 ep) ──  cum_R=+5.087  yield=1956 kg/ha  N=12  W=45 mm  R_seas=-0.0620  R_ane=+1.0000

   1901    303793   161   +4.883    1157      5     68  -0.0910  -1.0000  -0.7530  +1.0000
   1902    303956   163   +4.209    1171      8     63  -0.1027  -1.0000  -0.8395  +1.0000
   1903    304112   156   +7.455    2029      7     36  +0.0835  -1.0000  +0.9777  +1.0000
   1904    304265   153   +3.734     571      6     64  -0.1157  -1.0000  -1.0000  +1.0000
   1905    304425   160   +5.090    2370     19     44  -0.0640  -1.0000  -0.3193  +1.0000
   1906    304588   163   +7.055    3174     17     20  +0.0743  -1.0000  +1.0000  +1.0000
   1907    304750   162   +6.925    2823     12     34  +0.0303  -1.0000  +0.5075  +1.0000
   1908    304910   160   +3.102    1033     12     18  -0.1191  -1.0000  -1.0000  +1.0000
   1909    305065   155   +5.882    2714     15     30  +0.0049  -1.0000  +0.2948  +1.0000
   1910    305224   159   +5.761    2553     13     45  -0.0146  -1.0000  +0.0878  +1.0000
   1911    305387   163   +4.197    1973     10     72  -0.1053  -1.0000  -0.8259  +1.0000
   1912    305546   159   +6.433    1063      5     66  -0.1056  -1.0000  -0.9017  +1.0000
   1913    305706   160   +5.822    2337     20     13  +0.0024  -1.0000  +0.3221  +1.0000
   1914    305866   160   +4.863    1190      5     53  -0.1130  -1.0000  -1.0000  +1.0000
   1915    306026   160   +4.182     970      7     71  -0.1185  -1.0000  -1.0000  +1.0000
   1916    306180   154   +4.663    1778      5     72  -0.0880  -1.0000  -0.7271  +1.0000
   1917    306346   166   +4.205    2036     17     14  -0.0683  -1.0000  -0.4271  +1.0000
   1918    306505   159   +4.825    1544      9     53  -0.0678  -1.0000  -0.4908  +1.0000
   1919    306660   155   +4.605    1636     16     47  -0.0931  -1.0000  -0.6569  +1.0000
   1920    306817   157   +5.951    3376     18     35  +0.0249  -1.0000  +0.5404  +1.0000
   1921    306970   153   +7.007    3433     18     53  +0.0680  -1.0000  +1.0000  +1.0000
   1922    307130   160   +8.104    2271     12     33  +0.0768  -1.0000  +0.9821  +1.0000
   1923    307288   158   +3.733    1133      6     52  -0.1140  -1.0000  -1.0000  +1.0000
   1924    307441   153   +5.136    1178      2     70  -0.1120  -1.0000  -1.0000  +1.0000
   1925    307600   159   +8.163    3142      7     75  +0.0250  -1.0000  +0.4425  +1.0000
   1926    307762   162   +4.848    1388      6     27  -0.1120  -1.0000  -1.0000  +1.0000
   1927    307921   159   +4.889    1474     10     17  -0.0521  -1.0000  -0.3564  +1.0000
   1928    308079   158   +8.599    2582     13     60  +0.0603  -1.0000  +0.8566  +1.0000
   1929    308239   160   +5.145    1456      9     65  -0.0924  -1.0000  -0.7238  +1.0000
   1930    308397   158   +6.063    3148     23     16  +0.0417  -1.0000  +0.7592  +1.0000
   1931    308555   158   +5.653    1711     10     61  -0.0960  -1.0000  -0.7515  +1.0000
   1932    308717   162   +6.547    3973     29     32  +0.0576  -0.9571  +0.8728  +1.0000
   1933    308878   161   +4.386    1667      8     36  -0.0594  -1.0000  -0.4428  +1.0000
   1934    309037   159   +4.266    1196      8     55  -0.1173  -1.0000  -1.0000  +1.0000
   1935    309191   154   +5.942    2036     11     42  -0.0706  -1.0000  -0.5039  +1.0000
   1936    309356   165   +3.796    1041      8     18  -0.1135  -1.0000  -1.0000  +1.0000
   1937    309519   163   +4.510    1590     15     32  -0.0879  -1.0000  -0.6291  +1.0000
   1938    309674   155   +7.329    2568     11     42  +0.0791  -1.0000  +1.0000  +1.0000
   1939    309836   162   +4.790    2136     12     35  -0.0663  -1.0000  -0.4505  +1.0000
   1940    309992   156   +4.311    1188      5     67  -0.1152  -1.0000  -1.0000  +1.0000
   1941    310143   151   +4.780    2629     14     17  -0.0317  -1.0000  -0.0945  +1.0000
   1942    310195    52   -7.645       0      0      1  -0.8004  -1.0000  -1.0000  -1.0000
   1943    310353   158   +5.708    1667      8     28  -0.0417  -1.0000  -0.2754  +1.0000
   1944    310507   154   +5.198    1698      6     30  -0.0188  -1.0000  -0.0664  +1.0000
   1945    310662   155   +4.587     917      3     19  -0.1002  -1.0000  -0.9430  +1.0000
   1946    310813   151   +4.605    1368      1     72  -0.1105  -1.0000  -1.0000  +1.0000
   1947    310970   157   +4.966    2786     24     47  -0.0407  -1.0000  -0.0132  +1.0000
   1948    311130   160   +6.087    2091      8     96  -0.0924  -1.0000  -0.6938  +1.0000
   1949    311294   164   +5.526    1998     10     78  -0.0805  -1.0000  -0.5678  +1.0000
   1950    311457   163   +4.567    1498      6     48  -0.0794  -1.0000  -0.6524  +1.0000
   1951    311618   161   +5.270    2142     23     34  -0.0065  -1.0000  +0.2973  +1.0000
   1952    311783   165   +5.027    2683     21     33  -0.0318  -1.0000  +0.0167  +1.0000
   1953    311942   159   +5.019    2215     11     20  -0.0748  -1.0000  -0.5672  +1.0000
   1954    312096   154   +1.548    1108     15     34  -0.1913  -1.0000  -0.9792  +0.8062
   1955    312250   154   +5.705    3212     22     39  +0.0283  -1.0000  +0.6318  +1.0000
   1956    312410   160   +5.094    2598     15     37  -0.0187  -1.0000  +0.0686  +1.0000
   1957    312572   162   +4.531    1228      9     57  -0.1189  -1.0000  -1.0000  +1.0000
   1958    312735   163   +6.368    1957     12     52  -0.0583  -1.0000  -0.3534  +1.0000
   1959    312893   158   +4.927    1503      8     30  -0.0880  -1.0000  -0.7366  +1.0000
   1960    313059   166   +3.382    1329      7     32  -0.0866  -1.0000  -0.7326  +1.0000
   1961    313215   156   +6.268    2645     13     68  -0.0006  -1.0000  +0.2602  +1.0000
   1962    313377   162   +5.533    2208     11     58  -0.0518  -1.0000  -0.2977  +1.0000
   1963    313534   157   +3.611    1427      6     43  -0.0818  -1.0000  -0.6819  +1.0000
   1964    313697   163   +4.494    1936     12     33  -0.0614  -1.0000  -0.4145  +1.0000
   1965    313859   162   +4.457    1446      9     65  -0.1192  -1.0000  -0.9941  +1.0000
   1966    314016   157   +5.485    2220     21     34  -0.0485  -1.0000  -0.1542  +1.0000
   1967    314179   163   +6.643    3116     23     22  +0.0229  -1.0000  +0.5808  +1.0000
   1968    314341   162   +7.091    3497     27     23  +0.0595  -1.0000  +1.0000  +1.0000
   1969    314506   165   +6.344    3303     23     34  +0.0213  -1.0000  +0.5750  +1.0000
   1970    314673   167   +6.752    2810     18     36  +0.0263  -1.0000  +0.5523  +1.0000
   1971    314828   155   +4.704    2569     24     30  -0.0538  -1.0000  -0.1699  +1.0000
   1972    314988   160   +5.887    2554     12     66  -0.0328  -1.0000  -0.0818  +1.0000
   1973    315145   157   +3.915    1254     12     22  -0.0785  -1.0000  -0.5950  +1.0000
   1974    315303   158   +3.145    1372     11     38  -0.0956  -1.0000  -0.7617  +1.0000
   1975    315463   160   +4.830    1746      6     79  -0.1145  -1.0000  -0.9738  +1.0000
   1976    315622   159   +5.019    1776      8     47  -0.0267  -1.0000  -0.0920  +1.0000
   1977    315787   165   +6.326    3531     25     46  +0.0112  -1.0000  +0.5159  +1.0000
   1978    315948   161   +5.122    2739     19     52  -0.0383  -1.0000  -0.0584  +1.0000
   1979    316105   157   +7.695    3542     24     40  +0.0575  -1.0000  +0.9522  +1.0000
   1980    316265   160   +6.218    2486     12     15  -0.0319  -1.0000  -0.1273  +1.0000
   1981    316423   158   +4.872    1738     13     49  -0.0497  -1.0000  -0.2611  +1.0000
   1982    316582   159   +5.889    1808     10     76  -0.0672  -1.0000  -0.4423  +1.0000
   1983    316738   156   +5.478    3606     22     40  -0.0040  -1.0000  +0.3216  +1.0000
   1984    316894   156   +6.353    3537     22     36  +0.0205  -1.0000  +0.5546  +1.0000
   1985    317052   158   +3.126    1461     17     39  -0.1157  -1.0000  -0.8741  +1.0000
   1986    317214   162   +5.346    2935     24     69  -0.0513  -1.0000  -0.0926  +1.0000
   1987    317371   157   +7.083    2045     15     45  +0.0226  -1.0000  +0.4905  +1.0000
   1988    317526   155   +4.766    2647     17     46  -0.0550  -1.0000  -0.2504  +1.0000
   1989    317691   165   +4.562    1901     13     72  -0.0932  -1.0000  -0.6642  +1.0000
   1990    317849   158   +4.759    1112      6     71  -0.1176  -1.0000  -1.0000  +1.0000
   1991    318002   153   +4.166    1471     12     37  -0.0845  -1.0000  -0.6284  +1.0000
   1992    318168   166   +4.467    1814     12     11  -0.0966  -1.0000  -0.7771  +1.0000
   1993    318325   157   +4.179    1186      9     42  -0.0927  -1.0000  -0.7490  +1.0000
   1994    318484   159   +5.292    2614     16     54  -0.0382  -1.0000  -0.0889  +1.0000
   1995    318652   168   +5.667    2658     25     24  -0.0088  -1.0000  +0.2856  +1.0000
   1996    318807   155   +5.240    2139     18     45  -0.0193  -1.0000  +0.1090  +1.0000
   1997    318963   156   +5.955    1404      9     32  -0.0470  -1.0000  -0.3122  +1.0000
   1998    319119   156   +4.091    2094     13     26  -0.0717  -1.0000  -0.5005  +1.0000
   1999    319274   155   +3.631     934     11     29  -0.1152  -1.0000  -0.9576  +1.0000
   2000    319433   159   +4.073    1203      4     31  -0.1092  -1.0000  -1.0000  +1.0000

  ── rolling mean (last 100 ep) ──  cum_R=+5.108  yield=2029 kg/ha  N=13  W=43 mm  R_seas=-0.0572  R_ane=+0.9781

   2001    319595   162   +3.589    1471      6     34  -0.0948  -1.0000  -0.8248  +1.0000
   2002    319755   160   +6.589    2074     13     61  -0.0284  -1.0000  -0.0248  +1.0000
   2003    319915   160   +5.262    2819     18     38  -0.0108  -1.0000  +0.1849  +1.0000
   2004    320077   162   +4.639    1307     10     53  -0.1063  -1.0000  -0.8606  +1.0000
   2005    320234   157   +5.691    2815     10     51  -0.0280  -1.0000  -0.0723  +1.0000
   2006    320394   160   +4.967    1762      9     43  -0.0604  -1.0000  -0.4255  +1.0000
   2007    320549   155   +6.201    2891     18     19  +0.0276  -1.0000  +0.5445  +1.0000
   2008    320705   156   +3.819    1419      4     62  -0.1120  -1.0000  -0.9887  +1.0000
   2009    320858   153   +5.978    1415      9     54  -0.0596  -1.0000  -0.4099  +1.0000
   2010    321021   163   +3.676    3449     40     23  -0.0575  -1.0000  +0.0086  +1.0000
   2011    321184   163   +3.977    2406     18     26  -0.0558  -1.0000  -0.2777  +1.0000
   2012    321339   155   +6.184    4150     30     39  +0.0625  -0.9108  +0.7776  +1.0000
   2013    321499   160   +0.634    1101     17     35  -0.2652  -1.0000  -1.0000  +0.6084
   2014    321659   160   +8.100    2398      8     81  -0.0262  -1.0000  -0.0531  +1.0000
   2015    321819   160   +3.827    1805     14     47  -0.1046  -1.0000  -0.8003  +1.0000
   2016    321981   162   +4.978    3211     25     45  -0.0049  -1.0000  +0.3538  +1.0000
   2017    322144   163   +5.445    1456      9     53  -0.0967  -1.0000  -0.7834  +1.0000
   2018    322304   160   +8.089    2620     20     30  +0.0204  -1.0000  +0.5158  +1.0000
   2019    322465   161   +4.213    1976     16     26  -0.0649  -1.0000  -0.4002  +1.0000
   2020    322624   159   +5.009    2357     12     33  -0.0197  -1.0000  +0.0113  +1.0000
   2021    322783   159   +2.532    1092     12     26  -0.1196  -1.0000  -1.0000  +1.0000
   2022    322941   158   -0.281    1073     16     24  -0.2487  -1.0000  -1.0000  +0.6484
   2023    323104   163   +7.391    3822     30     31  +0.0559  -0.9969  +1.0000  +1.0000
   2024    323267   163   +6.288    2601     15     63  -0.0348  -1.0000  -0.0572  +1.0000
   2025    323429   162   +4.080    1441      7     53  -0.1048  -1.0000  -0.8851  +1.0000
   2026    323588   159   +6.926    2953     21     48  -0.0018  -1.0000  +0.3343  +1.0000
   2027    323746   158   +4.842    1664     16     19  -0.0551  -1.0000  -0.3038  +1.0000
   2028    323907   161   +3.836    1331     11     45  -0.0898  -1.0000  -0.6940  +1.0000
   2029    324067   160   +6.805    2220     14     40  +0.0331  -1.0000  +0.5769  +1.0000
   2030    324232   165   +4.942    2489     13     39  -0.0562  -1.0000  -0.3297  +1.0000
   2031    324390   158   +4.731    2601     17     44  -0.0296  -1.0000  -0.0107  +1.0000
   2032    324554   164   +5.440    2207      8     63  -0.0853  -1.0000  -0.6724  +1.0000
   2033    324710   156   +7.096    3575     27     31  +0.0585  -1.0000  +1.0000  +1.0000
   2034    324872   162   +6.520    3578     27     24  +0.0531  -1.0000  +0.9434  +1.0000
   2035    325031   159   +5.285     703      3     70  -0.1121  -1.0000  -1.0000  +1.0000
   2036    325191   160   +5.487    3299     21     66  -0.0239  -1.0000  +0.1356  +1.0000
   2037    325351   160   +6.190    3228     24     54  -0.0298  -1.0000  +0.1044  +1.0000
   2038    325511   160   +7.590    4120     33     33  +0.0737  -0.9188  +0.9568  +1.0000
   2039    325670   159   +9.785    4402     24     44  +0.1150  -0.8445  +1.0000  +1.0000
   2040    325828   158   +7.000    2733     14     42  -0.0271  -1.0000  -0.0250  +1.0000
   2041    325988   160   +4.605     630      7     33  -0.1134  -1.0000  -1.0000  +1.0000
   2042    326143   155   +3.532    1055      4     54  -0.1114  -1.0000  -1.0000  +1.0000
   2043    326303   160   +4.957    2271     17     45  -0.0486  -1.0000  -0.1959  +1.0000
   2044    326462   159   +4.093    1026     14     28  -0.1761  -1.0000  -0.8330  +0.8015
   2045    326625   163   +7.656    4191     32     33  +0.0864  -0.9000  +1.0000  +1.0000
   2046    326780   155   +6.113    2564     18     59  -0.0175  -1.0000  +0.1491  +1.0000
   2047    326939   159   +4.059    1586     10     25  -0.0849  -1.0000  -0.6743  +1.0000
   2048    327099   160   +3.717    1777     12     36  -0.0839  -1.0000  -0.6248  +1.0000
   2049    327261   162   +7.482    2893     11     58  -0.0367  -1.0000  -0.1443  +1.0000
   2050    327424   163   +5.880    3306     27     48  -0.0390  -1.0000  +0.0411  +1.0000
   2051    327585   161   +3.595    1075      6     38  -0.1129  -1.0000  -0.9912  +1.0000
   2052    327742   157   -3.667    1104     26     24  -0.4640  -1.0000  -1.0000  +0.0713
   2053    327904   162   +4.739    2190     11     64  -0.0827  -1.0000  -0.6004  +1.0000
   2054    328071   167   +6.476    4008     37     27  +0.0436  -0.9480  +0.8099  +1.0000
   2055    328235   164   +5.677    2765     24     35  -0.0101  -1.0000  +0.2807  +1.0000
   2056    328391   156   +3.996    1128      7     53  -0.1167  -1.0000  -1.0000  +1.0000
   2057    328554   163   +5.717    2383     10     22  -0.0325  -1.0000  -0.1558  +1.0000
   2058    328713   159   +7.429    3611     32     33  +0.0483  -1.0000  +0.9785  +1.0000
   2059    328873   160   +4.765    2157     16     19  -0.0803  -1.0000  -0.5634  +1.0000
   2060    329030   157   +5.805    3440     30     32  -0.0432  -1.0000  +0.0326  +1.0000
   2061    329192   162   +5.419    1451      4     70  -0.1118  -1.0000  -0.9850  +1.0000
   2062    329355   163   +4.785    2657     18     26  -0.0433  -1.0000  -0.1502  +1.0000
   2063    329512   157   +4.644    1469      9     61  -0.0791  -1.0000  -0.5964  +1.0000
   2064    329671   159   +6.926    2589     17     73  -0.0688  -1.0000  -0.3674  +1.0000
   2065    329836   165   +7.913    2556     15     56  -0.0145  -1.0000  +0.1352  +1.0000
   2066    329998   162   +7.436    4206     26     37  +0.0830  -0.8959  +0.8668  +1.0000
   2067    330152   154   +4.549    1822     10     34  -0.0803  -1.0000  -0.6269  +1.0000
   2068    330310   158   +6.904    3506     23     65  -0.0335  -1.0000  +0.0643  +1.0000
   2069    330470   160   +5.688    2100     11     52  -0.0329  -1.0000  -0.1181  +1.0000
   2070    330629   159   +6.478    3973     33     33  +0.0650  -0.9573  +1.0000  +1.0000
   2071    330784   155   +4.312    2207     14     38  -0.0556  -1.0000  -0.3171  +1.0000
   2072    330946   162   +7.659    3294     26     22  +0.0352  -1.0000  +0.7449  +1.0000
   2073    331103   157   +7.684    2432     19     47  -0.0447  -1.0000  -0.1280  +1.0000
   2074    331267   164   +7.024    3393     27     49  +0.0023  -1.0000  +0.4540  +1.0000
   2075    331433   166   +4.701    1649     16     19  -0.0559  -1.0000  -0.3097  +1.0000
   2076    331591   158   +2.869    1411     14     23  -0.0801  -1.0000  -0.5795  +1.0000
   2077    331752   161   +5.872    2741     20     55  -0.0657  -1.0000  -0.3145  +1.0000
   2078    331911   159   +7.710    3192     15     42  +0.0735  -1.0000  +1.0000  +1.0000
   2079    332074   163   +8.701    2045      3     64  -0.0922  -1.0000  -0.8061  +1.0000
   2080    332237   163   +4.931    1284      6     66  -0.1156  -1.0000  -1.0000  +1.0000
   2081    332393   156   +7.946    3642     18     64  -0.0154  -1.0000  +0.1812  +1.0000
   2082    332549   156   +8.231    2537     26     19  +0.0609  -1.0000  +1.0000  +1.0000
   2083    332715   166   +6.426    4201     37     36  +0.0522  -0.8973  +0.7188  +1.0000
   2084    332884   169   +5.160    1631     16     60  -0.0555  -1.0000  -0.2525  +1.0000
   2085    333045   161   +5.825    3537     28     54  +0.0006  -1.0000  +0.4699  +1.0000
   2086    333207   162   +5.311    3195     28     35  -0.0468  -1.0000  -0.0264  +1.0000
   2087    333366   159   +7.267    1771     19     31  +0.0062  -1.0000  +0.3602  +1.0000
   2088    333524   158   +4.469    2866     20     42  -0.0414  -1.0000  -0.0827  +1.0000
   2089    333682   158   +4.070    2407     22     51  -0.0978  -1.0000  -0.6062  +1.0000
   2090    333843   161   +4.240    1254     18     25  -0.1973  -1.0000  -0.6170  +0.6949
   2091    334003   160   +5.992    3187     23     31  -0.0053  -1.0000  +0.3033  +1.0000
   2092    334169   166   +4.282    2242     13     24  -0.0778  -1.0000  -0.5654  +1.0000
   2093    334327   158   +5.803    2583     13     56  -0.0383  -1.0000  -0.1335  +1.0000
   2094    334487   160   +5.594    3605     28     30  +0.0379  -1.0000  +0.8031  +1.0000
   2095    334642   155   +8.793    4586     30     61  +0.1168  -0.7964  +0.9459  +1.0000
   2096    334807   165   +7.132    3999     38     39  +0.0433  -0.9503  +0.8308  +1.0000
   2097    334967   160   +6.788    2482     17     61  -0.0494  -1.0000  -0.1809  +1.0000
   2098    335125   158   +5.468    3656     28     45  -0.0189  -1.0000  +0.2582  +1.0000
   2099    335288   163   +5.064    2026     14     15  -0.0340  -1.0000  -0.1314  +1.0000
   2100    335445   157   +5.266    1870      9     48  -0.0829  -1.0000  -0.6483  +1.0000

  ── rolling mean (last 100 ep) ──  cum_R=+5.513  yield=2484 kg/ha  N=18  W=42 mm  R_seas=-0.0435  R_ane=+0.9782

   2101    335599   154   +6.609     893     10     12  -0.0559  -1.0000  -0.3994  +1.0000
   2102    335763   164   +6.194    3696     26     56  +0.0197  -1.0000  +0.6258  +1.0000
   2103    335918   155   +7.575    3888     36     46  +0.0485  -0.9796  +0.9665  +1.0000
   2104    336076   158   +8.216    4126     23     32  +0.0518  -0.9171  +0.5838  +1.0000
   2105    336233   157   +5.177    2291     24     35  -0.0460  -1.0000  -0.0762  +1.0000
   2106    336396   163   +8.659    3970     26     31  +0.0751  -0.9580  +1.0000  +1.0000
   2107    336556   160   +6.746    4021     30     38  +0.0550  -0.9446  +0.8276  +1.0000
   2108    336712   156   +6.536    3700     26     32  +0.0196  -1.0000  +0.6067  +1.0000
   2109    336876   164   +6.085    3785     31     59  -0.0166  -1.0000  +0.3407  +1.0000
   2110    337033   157   +6.968    2808     23     37  -0.0259  -1.0000  +0.1098  +1.0000
   2111    337194   161   +5.873    3016     23     53  -0.0167  -1.0000  +0.2146  +1.0000
   2112    337352   158   +1.153    2243     36     40  -0.2395  -1.0000  -0.2407  +0.5436
   2113    337514   162   +6.053    3188     22     44  -0.0071  -1.0000  +0.2828  +1.0000
   2114    337676   162   +4.596    2107     22     20  -0.0700  -1.0000  -0.3696  +1.0000
   2115    337839   163   +6.274    3187     23     39  +0.0028  -1.0000  +0.4026  +1.0000
   2116    337996   157   +1.477    1201     19     11  -0.2196  -1.0000  -0.3608  +0.5564
   2117    338159   163   +6.666    2778     20     26  +0.0158  -1.0000  +0.4635  +1.0000
   2118    338326   167   +5.468    2470     22     16  -0.0347  -1.0000  -0.0180  +1.0000
   2119    338483   157   +3.572    1488     10     21  -0.1039  -1.0000  -0.8737  +1.0000
   2120    338640   157   +8.533    3160     22     47  +0.0408  -1.0000  +0.7709  +1.0000
   2121    338795   155   +6.127    2484     24     36  -0.0236  -1.0000  +0.1360  +1.0000
   2122    338952   157   +6.677    3846     21     68  +0.0138  -0.9906  +0.4837  +1.0000
   2123    339107   155   +5.155    1839     12     18  -0.0522  -1.0000  -0.3365  +1.0000
   2124    339263   156   +3.249    1569     20     18  -0.1100  -1.0000  -0.4829  +0.9118
   2125    339421   158   +7.739    3206     22     26  +0.0655  -1.0000  +1.0000  +1.0000
   2126    339591   170   +7.218    2649     16     26  +0.0357  -1.0000  +0.6200  +1.0000
   2127    339749   158   +6.745    2385     21     56  -0.0146  -1.0000  +0.2141  +1.0000
   2128    339906   157   +4.800    1624     22     24  -0.0885  -1.0000  +0.0486  +0.8304
   2129    340073   167   +5.242    2743     22     20  +0.0003  -1.0000  +0.3302  +1.0000
   2130    340233   160   +5.454    2305     20     42  -0.0342  -1.0000  -0.0166  +1.0000
   2131    340391   158   +4.981    2175     24     47  -0.0259  -1.0000  +0.1298  +1.0000
   2132    340554   163   +4.774    2036     25     26  -0.0524  -1.0000  -0.1433  +1.0000
   2133    340718   164   +5.524    3070     22     51  -0.0020  -1.0000  +0.3519  +1.0000
   2134    340878   160   +7.122    2946     16     40  +0.0017  -1.0000  +0.2896  +1.0000
   2135    341039   161  +10.048    4376     31     48  +0.1030  -0.8515  +1.0000  +1.0000
   2136    341203   164   +9.382    4984     40     59  +0.1344  -0.6918  +0.8895  +1.0000
   2137    341363   160   +7.488    3013     39     28  -0.0007  -1.0000  +0.8170  +0.9302
   2138    341522   159   +6.390    2820     23     22  +0.0067  -1.0000  +0.4095  +1.0000
   2139    341683   161  +10.287    4607     29     54  +0.1199  -0.7907  +0.9426  +1.0000
   2140    341849   166   +7.461    4104     33     34  +0.0577  -0.9228  +0.8069  +1.0000
   2141    342014   165   +7.416    3362     25     20  +0.0621  -1.0000  +1.0000  +1.0000
   2142    342171   157   +6.613    2653     19     53  +0.0194  -1.0000  +0.5282  +1.0000
   2143    342333   162   +7.199    2899     18     68  -0.0275  -1.0000  +0.0543  +1.0000
   2144    342493   160   +5.640    2707     13     63  -0.0355  -1.0000  -0.0917  +1.0000
   2145    342653   160   +6.962    3236     21     34  +0.0326  -1.0000  +0.6666  +1.0000
   2146    342809   156   +7.578    3120     23     57  +0.0186  -1.0000  +0.5772  +1.0000
   2147    342974   165   +4.267    2718     31     58  -0.0680  -1.0000  -0.1806  +1.0000
   2148    343127   153   +7.897    2496     16     54  +0.0475  -1.0000  +0.7649  +1.0000
   2149    343290   163   +6.929    2252     15     27  -0.0019  -1.0000  +0.2199  +1.0000
   2150    343448   158   +5.041    2268     20     53  -0.0547  -1.0000  -0.1981  +1.0000
   2151    343612   164   +4.647    2435      9     61  -0.0797  -1.0000  -0.5928  +1.0000
   2152    343766   154   +8.070    3630     23     54  +0.0417  -1.0000  +0.8005  +1.0000
   2153    343923   157   +8.041    3464     19     47  +0.0615  -1.0000  +0.9437  +1.0000
   2154    344087   164   +5.222    2543     22     58  -0.0717  -1.0000  -0.3326  +1.0000
   2155    344248   161   +7.394    3445     26     45  +0.0271  -1.0000  +0.6963  +1.0000
   2156    344413   165   +7.271    2245     26     18  +0.0278  -1.0000  +0.6662  +1.0000
   2157    344573   160   +6.518    2966     17     32  -0.0165  -1.0000  +0.1063  +1.0000
   2158    344737   164   +6.452    4127     30     32  +0.0289  -0.9168  +0.4499  +1.0000
   2159    344899   162   +3.771    1730     20     31  -0.0594  -1.0000  -0.2728  +1.0000
   2160    345059   160   +5.467    2546     17     76  -0.0684  -1.0000  -0.3521  +1.0000
   2161    345225   166   +7.981    4710     35     45  +0.1091  -0.7638  +0.8146  +1.0000
   2162    345386   161   +7.825    1944     10     67  -0.0622  -1.0000  -0.4069  +1.0000
   2163    345546   160   +8.082    4511     31     51  +0.0994  -0.8159  +0.8470  +1.0000
   2164    345703   157   +4.525    2130     17     48  -0.0455  -1.0000  -0.1635  +1.0000
   2165    345862   159   +6.446    4186     38     32  +0.0578  -0.9012  +0.8091  +1.0000
   2166    346026   164   +7.343    3669     34     31  +0.0317  -1.0000  +0.8353  +1.0000
   2167    346189   163   +5.255    3136     28     61  -0.0198  -1.0000  +0.2611  +1.0000
   2168    346350   161   +6.823    4185     33     67  +0.0353  -0.9015  +0.5566  +1.0000
   2169    346514   164   +4.630    2279     27     27  -0.0574  -1.0000  -0.1690  +1.0000
   2170    346669   155   +6.740    4244     36     29  +0.0801  -0.8862  +0.9414  +1.0000
   2171    346833   164   +7.067    4097     31     54  +0.0458  -0.9248  +0.6926  +1.0000
   2172    346988   155   +8.380    3887     34     52  +0.0453  -0.9798  +0.9179  +1.0000
   2173    347148   160   +7.982    3352     19     18  +0.0718  -1.0000  +1.0000  +1.0000
   2174    347308   160   +8.200    3299     28     18  +0.0593  -1.0000  +1.0000  +1.0000
   2175    347466   158   +7.177    4446     36     76  +0.0707  -0.8329  +0.7249  +1.0000
   2176    347626   160   +5.238    2303     21     38  -0.0204  -1.0000  +0.1369  +1.0000
   2177    347791   165   +5.779    3365     31     73  +0.0078  -1.0000  +0.5940  +1.0000
   2178    347952   161  +10.470    4291     26     69  +0.0998  -0.8737  +1.0000  +1.0000
   2179    348112   160   +5.852    3173     22     52  -0.0414  -1.0000  -0.0487  +1.0000
   2180    348276   164   +8.180    3354     34     36  +0.0479  -1.0000  +1.0000  +1.0000
   2181    348433   157   +7.022    2551     35     15  -0.0279  -1.0000  +0.9084  +0.8071
   2182    348592   159   +8.508    4215     29     56  +0.0747  -0.8936  +0.8501  +1.0000
   2183    348751   159   +7.179    2295     20     42  +0.0377  -1.0000  +0.6995  +1.0000
   2184    348910   159   +8.419    3230     20     27  +0.0694  -1.0000  +1.0000  +1.0000
   2185    349067   157   +5.758    1659      8     63  -0.1026  -1.0000  -0.8402  +1.0000
   2186    349225   158   +7.111    3016     19     39  +0.0344  -1.0000  +0.6629  +1.0000
   2187    349383   158   +3.396    1266     10     31  -0.1184  -1.0000  -1.0000  +1.0000
   2188    349540   157   +4.006    2474     21     49  -0.0768  -1.0000  -0.4172  +1.0000
   2189    349702   162   +6.048    3327     26     33  -0.0118  -1.0000  +0.2921  +1.0000
   2190    349860   158   +5.916    2736     18     41  -0.0713  -1.0000  -0.4117  +1.0000
   2191    350012   152   +5.714    3635     29     41  +0.0142  -1.0000  +0.5995  +1.0000
   2192    350169   157   +3.686    2030     17     40  -0.0812  -1.0000  -0.5229  +1.0000
   2193    350328   159   +5.810    2680     15     50  -0.0634  -1.0000  -0.3653  +1.0000
   2194    350485   157   +4.363    1675     10     38  -0.0943  -1.0000  -0.7509  +1.0000
   2195    350648   163   +4.424    1115      7     30  -0.1132  -1.0000  -1.0000  +1.0000
   2196    350812   164   +4.842    2847     21     42  -0.0494  -1.0000  -0.1454  +1.0000
   2197    350971   159   +8.047    4028     31     55  +0.0538  -0.9428  +0.8439  +1.0000
   2198    351132   161   +4.341    1808     27     10  -0.1391  -1.0000  +0.0810  +0.6900
   2199    351290   158   +9.098    4252     32     42  +0.0886  -0.8840  +0.9853  +1.0000
   2200    351444   154   +6.347    3842     29     38  +0.0366  -0.9915  +0.7878  +1.0000

  ── rolling mean (last 100 ep) ──  cum_R=+6.387  yield=2989 kg/ha  N=24  W=41 mm  R_seas=-0.0041  R_ane=+0.9827

   2201    351601   157   +6.520    2577     18     48  -0.0209  -1.0000  +0.0965  +1.0000
   2202    351764   163   +6.441    3071     18     35  -0.0063  -1.0000  +0.2289  +1.0000
   2203    351930   166   +6.471    1410     17     12  -0.0065  -1.0000  +0.1917  +1.0000
   2204    352093   163   +9.914    3435     36     26  +0.0465  -1.0000  +1.0000  +1.0000
   2205    352252   159   +7.196    2898     23     54  +0.0210  -1.0000  +0.6007  +1.0000
   2206    352412   160   +9.470    2601     30     28  +0.0352  -1.0000  +0.8066  +1.0000
   2207    352572   160   +5.505    3514     30     56  -0.0420  -1.0000  +0.0646  +1.0000
   2208    352726   154   +6.075    2543     21     40  -0.0074  -1.0000  +0.2731  +1.0000
   2209    352885   159   +8.089    3756     22     59  +0.0113  -1.0000  +0.4974  +1.0000
   2210    353049   164   +9.164    3293     29     42  +0.0542  -1.0000  +1.0000  +1.0000
   2211    353211   162   +5.848    2685     23     35  -0.0226  -1.0000  +0.1391  +1.0000
   2212    353371   160   +7.736    3490     27     28  +0.0531  -1.0000  +0.9374  +1.0000
   2213    353533   162   +6.776    2737     24     57  -0.0027  -1.0000  +0.3708  +1.0000
   2214    353700   167   +5.872    1744     10     28  -0.0464  -1.0000  -0.2921  +1.0000
   2215    353860   160   +6.776    2911     27     45  +0.0134  -1.0000  +0.5672  +1.0000
   2216    354022   162   +6.380    3431     21     61  +0.0005  -1.0000  +0.3759  +1.0000
   2217    354181   159   +8.695    4858     43     45  +0.1208  -0.7249  +0.9069  +1.0000
   2218    354344   163   +6.846    3673     27     53  +0.0263  -1.0000  +0.7040  +1.0000
   2219    354507   163   +5.457    2748     23     29  -0.0296  -1.0000  +0.0649  +1.0000
   2220    354670   163   +7.521    3984     44     20  +0.0517  -0.9543  +1.0000  +1.0000
   2221    354828   158   +7.131    3522     28     36  +0.0365  -1.0000  +0.8079  +1.0000
   2222    354987   159   +7.312    3434     22     36  +0.0499  -1.0000  +0.8424  +1.0000
   2223    355149   162   +7.366    3973     46     55  -0.0023  -0.9573  +0.5426  +1.0000
   2224    355307   158   +8.516    2721     17     36  +0.0254  -1.0000  +0.5402  +1.0000
   2225    355461   154   +5.383    1884     11     24  -0.0642  -1.0000  -0.4606  +1.0000
   2226    355620   159   +4.944    2400     20     73  -0.0985  -1.0000  -0.6133  +1.0000
   2227    355771   151   +6.824    4431     48     39  +0.0858  -0.8370  +1.0000  +1.0000
   2228    355934   163   +7.831    3795     22     38  +0.0525  -1.0000  +0.8861  +1.0000
   2229    356093   159   +7.040    3003     23     65  -0.0315  -1.0000  +0.0886  +1.0000
   2230    356251   158   +5.958    2011     13     49  -0.0782  -1.0000  -0.5431  +1.0000
   2231    356411   160   +7.236    3120     21     35  +0.0634  -1.0000  +0.9696  +1.0000
   2232    356568   157   +8.624    3641     26     44  +0.0446  -1.0000  +0.8607  +1.0000
   2233    356727   159   +2.357    1541     27     20  -0.2255  -1.0000  +0.1383  +0.4308
   2234    356884   157   +5.759    1834     16     63  -0.0693  -1.0000  -0.3877  +1.0000
   2235    357042   158   +9.839    4575     30     50  +0.1030  -0.7992  +0.8011  +1.0000
   2236    357196   154   +5.728    3479     24     38  -0.0127  -1.0000  +0.2486  +1.0000
   2237    357362   166   +7.576    3507     32     23  +0.0413  -1.0000  +0.8943  +1.0000
   2238    357519   157   +7.487    3866     42     21  +0.0438  -0.9852  +1.0000  +1.0000
   2239    357675   156   +7.133    4598     45     33  +0.0852  -0.7931  +0.8014  +1.0000
   2240    357829   154   +5.433    1375     12     29  -0.0822  -1.0000  -0.6132  +1.0000
   2241    357984   155   -2.993    1099     30     12  -0.4778  -1.0000  -0.6104  -0.0685
   2242    358139   155   +7.376    3438     37     29  +0.0453  -1.0000  +1.0000  +1.0000
   2243    358299   160   -0.675     800     14     21  -0.3389  -1.0000  -1.0000  +0.3826
   2244    358463   164   +7.203    3302     23     52  -0.0032  -1.0000  +0.3535  +1.0000
   2245    358623   160   +5.074    2201     12     50  -0.0343  -1.0000  -0.1103  +1.0000
   2246    358780   157   +7.992    3738     32     25  +0.0529  -1.0000  +1.0000  +1.0000
   2247    358944   164   +6.226    2093     11     23  -0.0253  -1.0000  -0.0755  +1.0000
   2248    359103   159   +5.407    1282     11     48  -0.0865  -1.0000  -0.6545  +1.0000
   2249    359260   157   +4.102    2555     24     34  -0.0525  -1.0000  -0.1477  +1.0000
   2250    359419   159   +4.878    2157     13     44  -0.0526  -1.0000  -0.2931  +1.0000
   2251    359580   161   +8.325    2167     18     40  +0.0382  -1.0000  +0.6860  +1.0000
   2252    359737   157   +5.139    2487     26     50  -0.0721  -1.0000  -0.2945  +1.0000
   2253    359893   156   +5.254    2696     28     36  -0.0576  -1.0000  -0.1443  +1.0000
   2254    360052   159   +3.072    1626     26     12  -0.1931  -1.0000  -0.0741  +0.5766
   2255    360219   167   +5.194    2216     32     24  -0.0947  -1.0000  +0.4206  +0.7445
   2256    360383   164   +7.796    3897     29     34  +0.0621  -0.9773  +0.9903  +1.0000
   2257    360541   158   +9.623    4609     41     43  +0.1109  -0.7903  +1.0000  +1.0000
   2258    360698   157   +7.553    3084     32     42  +0.0398  -1.0000  +0.8997  +1.0000
   2259    360862   164   +8.829    4647     39     37  +0.1103  -0.7804  +0.9262  +1.0000
   2260    361024   162   +6.219    2477     17     67  -0.0443  -1.0000  -0.1288  +1.0000
   2261    361186   162   +7.720    2662     20     65  -0.0583  -1.0000  -0.2327  +1.0000
   2262    361348   162   +6.914    3229     18     27  -0.0189  -1.0000  +0.0935  +1.0000
   2263    361502   154   +8.200    2516     17     26  +0.0676  -1.0000  +0.9493  +1.0000
   2264    361660   158   +6.863    3905     27     20  +0.0532  -0.9750  +0.8477  +1.0000
   2265    361819   159   +8.233    3771     32     57  +0.0480  -1.0000  +1.0000  +1.0000
   2266    361982   163   +6.488    2067     13     37  -0.0766  -1.0000  -0.5411  +1.0000
   2267    362142   160   +9.082    4013     40     35  +0.0585  -0.9467  +1.0000  +1.0000
   2268    362296   154   +8.389    2710     14     19  +0.0788  -1.0000  +1.0000  +1.0000
   2269    362454   158   +8.896    2502     18     58  +0.0490  -1.0000  +0.8161  +1.0000
   2270    362611   157   +9.408    3854     21     42  +0.0699  -0.9884  +1.0000  +1.0000
   2271    362773   162   +4.740    2566     21     68  -0.0314  -1.0000  +0.0593  +1.0000
   2272    362932   159   +7.736    4188     36     51  +0.0727  -0.9009  +0.9432  +1.0000
   2273    363091   159   +4.904    2930     28     32  -0.0621  -1.0000  -0.1894  +1.0000
   2274    363247   156   +7.707    4276     36     22  +0.0829  -0.8776  +0.9237  +1.0000
   2275    363411   164   +5.379    3622     28     55  -0.0199  -1.0000  +0.2587  +1.0000
   2276    363572   161   +4.196    1727     15     28  -0.0960  -1.0000  -0.7169  +1.0000
   2277    363740   168   +7.017    4407     44     31  +0.0770  -0.8433  +0.8710  +1.0000
   2278    363900   160   +6.112    2513     16     35  -0.0368  -1.0000  -0.0972  +1.0000
   2279    364061   161   +8.769    4830     35     51  +0.1195  -0.7324  +0.8081  +1.0000
   2280    364220   159   +5.001    2109     20     26  -0.0391  -1.0000  -0.0783  +1.0000
   2281    364383   163   +6.304    2919     22     76  -0.0425  -1.0000  -0.0301  +1.0000
   2282    364544   161   +6.067    3754     32     23  +0.0048  -1.0000  +0.5293  +1.0000
   2283    364709   165   +9.116    5002     52     58  +0.0808  -0.6872  +0.5161  +1.0000
   2284    364873   164   +7.348    4143     37     35  +0.0748  -0.9125  +1.0000  +1.0000
   2285    365029   156   +9.262    4263     36     24  +0.0877  -0.8812  +1.0000  +1.0000
   2286    365182   153   +6.607    2462     19     56  -0.0291  -1.0000  +0.0354  +1.0000
   2287    365339   157   +4.867    3175     29     66  -0.0220  -1.0000  +0.2636  +1.0000
   2288    365500   161   +6.955    4195     39     65  +0.0379  -0.8990  +0.6541  +1.0000
   2289    365667   167   +7.300    4180     42     51  +0.0146  -0.9029  +0.4617  +1.0000
   2290    365824   157   +4.804    2496     28     55  -0.0579  -1.0000  -0.1269  +1.0000
   2291    365983   159   +7.549    3207     16     62  -0.0100  -1.0000  +0.1975  +1.0000
   2292    366143   160   +8.135    4709     42     60  +0.1076  -0.7641  +0.9051  +1.0000
   2293    366304   161   +8.036    2445     11     17  +0.0804  -1.0000  +0.9750  +1.0000
   2294    366460   156   +5.455    2634     23     66  -0.0712  -1.0000  -0.3146  +1.0000
   2295    366618   158   +5.884    2427     20     52  -0.0330  -1.0000  +0.0081  +1.0000
   2296    366785   167   +4.479    3084     35     52  -0.0656  -1.0000  -0.1000  +1.0000
   2297    366950   165   +6.714    3851     28     43  +0.0425  -0.9892  +0.8257  +1.0000
   2298    367111   161   +8.533    3337     15     19  +0.0764  -1.0000  +1.0000  +1.0000
   2299    367275   164   +7.767    4114     28     26  +0.0850  -0.9202  +1.0000  +1.0000
   2300    367432   157   +7.380    2332     11     72  -0.0257  -1.0000  -0.0224  +1.0000

  ── rolling mean (last 100 ep) ──  cum_R=+6.701  yield=3098 kg/ha  N=26  W=41 mm  R_seas=-0.0018  R_ane=+0.9707

   2301    367587   155   +6.805    3747     23     71  -0.0232  -1.0000  +0.1744  +1.0000
   2302    367746   159   +7.832    4371     48     68  +0.0662  -0.8528  +0.8996  +1.0000
   2303    367909   163   +7.584    4592     39     37  +0.1027  -0.7948  +0.8982  +1.0000
   2304    368067   158   +7.552    4686     48     32  +0.0928  -0.7701  +0.8318  +1.0000
   2305    368232   165   +6.700    3721     25     59  -0.0067  -1.0000  +0.3503  +1.0000
   2306    368393   161   +8.792    4558     33     58  +0.1119  -0.8037  +0.9592  +1.0000
   2307    368553   160   +3.948    2405     22     52  -0.0805  -1.0000  -0.4340  +1.0000
   2308    368713   160   +4.973    2432     24     73  -0.0694  -1.0000  -0.2772  +1.0000
   2309    368872   159   +9.007    4445     37     43  +0.0947  -0.8334  +0.9314  +1.0000
   2310    369030   158   +7.895    3766     39     40  +0.0307  -1.0000  +0.9030  +1.0000
   2311    369193   163   +5.088    2370     19     53  -0.0710  -1.0000  -0.3809  +1.0000
   2312    369354   161   +6.606    3705     32     32  +0.0475  -1.0000  +0.9680  +1.0000
   2313    369516   162   +7.454    4249     40     62  +0.0628  -0.8849  +0.8571  +1.0000
   2314    369676   160   +7.003    2291     23     63  +0.0160  -1.0000  +0.5592  +1.0000
   2315    369840   164   +8.055    2858     17     41  +0.0523  -1.0000  +0.8140  +1.0000
   2316    369999   159   +7.689    2860     14     56  -0.0228  -1.0000  +0.0324  +1.0000
   2317    370161   162   +6.720    3335     27     23  +0.0590  -1.0000  +1.0000  +1.0000
   2318    370318   157   +5.210    1475     15     26  -0.0666  -1.0000  -0.4270  +1.0000
   2319    370480   162   +8.121    4598     42     53  +0.0972  -0.7932  +0.9063  +1.0000
   2320    370643   163   +6.312    3619     37     43  +0.0086  -1.0000  +0.6604  +1.0000
   2321    370803   160   +6.343    3586     39     56  +0.0037  -1.0000  +0.6546  +1.0000
   2322    370963   160   +6.953    3604     24     37  -0.0162  -1.0000  +0.2208  +1.0000
   2323    371125   162   +5.777    4467     49     56  +0.0255  -0.8275  +0.4004  +1.0000
   2324    371283   158   +6.510    2647     24     31  +0.0584  -1.0000  +0.9647  +1.0000
   2325    371444   161   +6.453    3742     31     24  +0.0543  -1.0000  +1.0000  +1.0000
   2326    371603   159   +8.313    5031     46     59  +0.1096  -0.6794  +0.6925  +1.0000
   2327    371756   153   +9.152    4530     36     75  +0.0932  -0.8109  +0.8691  +1.0000
   2328    371919   163   +7.672    3747     29     29  +0.0565  -1.0000  +1.0000  +1.0000
   2329    372079   160   +4.469    2115     22     19  -0.0664  -1.0000  -0.3265  +1.0000
   2330    372236   157   +5.613    3380     39     33  -0.0034  -1.0000  +0.5501  +1.0000
   2331    372395   159   +8.161    3396     20     57  +0.0315  -1.0000  +0.6570  +1.0000
   2332    372556   161   +7.422    4044     36     38  +0.0601  -0.9387  +0.9327  +1.0000
   2333    372717   161   +6.046    2472     24     34  +0.0171  -1.0000  +0.5506  +1.0000
   2334    372878   161   +9.518    3343     29     46  +0.0538  -1.0000  +1.0000  +1.0000
   2335    373038   160   +9.127    4388     36     42  +0.0382  -0.8483  +0.4035  +1.0000
   2336    373198   160   +6.627    2659     23     51  -0.0338  -1.0000  +0.0446  +1.0000
   2337    373358   160   +8.727    3136     28     13  +0.0597  -1.0000  +1.0000  +1.0000
   2338    373521   163   +7.409    4248     32     25  +0.0735  -0.8851  +0.8145  +1.0000
   2339    373679   158   +6.111    2445     20     52  -0.0127  -1.0000  +0.2217  +1.0000
   2340    373841   162   +5.535    2243     17     34  -0.0426  -1.0000  -0.1500  +1.0000
   2341    374002   161  +10.449    5005     48     52  +0.1356  -0.6863  +1.0000  +1.0000
   2342    374164   162   +5.692    3395     32     22  -0.0096  -1.0000  +0.3754  +1.0000
   2343    374319   155   +7.342    3273     24     62  +0.0384  -1.0000  +0.7960  +1.0000
   2344    374482   163   +9.025    2607      8     52  -0.0610  -1.0000  -0.4333  +1.0000
   2345    374647   165   +5.906    3122     24     53  +0.0004  -1.0000  +0.3977  +1.0000
   2346    374800   153   +6.486    3704     26     51  +0.0302  -1.0000  +0.7336  +1.0000
   2347    374959   159   +4.823    3044     32     49  -0.0224  -1.0000  +0.2830  +1.0000
   2348    375123   164   +6.157    1543     13     30  -0.0181  -1.0000  +0.0375  +1.0000
   2349    375282   159   +5.871    2258     24     62  -0.0465  -1.0000  -0.0512  +1.0000
   2350    375436   154   +6.115    2288     21     55  -0.0100  -1.0000  +0.2627  +1.0000
   2351    375599   163   +7.973    3727     31     45  +0.0407  -1.0000  +0.8966  +1.0000
   2352    375763   164   +7.297    3209     21     56  -0.0375  -1.0000  -0.0195  +1.0000
   2353    375914   151   +6.660    3493     30     48  +0.0369  -1.0000  +0.8430  +1.0000
   2354    376071   157   +5.025    2324     22     50  -0.0318  -1.0000  +0.0538  +1.0000
   2355    376230   159   +5.981    2032      9     51  -0.0515  -1.0000  -0.3271  +1.0000
   2356    376380   150   +7.377    3958     41     58  +0.0401  -0.9610  +0.9134  +1.0000
   2357    376541   161   +3.488    1330     16     18  -0.1051  -1.0000  -0.8084  +1.0000
   2358    376697   156   +6.021    2263     21     42  -0.0100  -1.0000  +0.2500  +1.0000
   2359    376855   158   +8.809    5280     62     42  +0.1127  -0.6142  +0.6988  +1.0000
   2360    377019   164   +6.637    4202     38     24  +0.0701  -0.8972  +0.8953  +1.0000
   2361    377178   159   +4.802    3350     28     53  -0.0221  -1.0000  +0.2340  +1.0000
   2362    377336   158   +5.159    2296     14     47  -0.0613  -1.0000  -0.3601  +1.0000
   2363    377496   160   +6.731    3226     22     19  +0.0333  -1.0000  +0.6590  +1.0000
   2364    377652   156   +5.155    3494     34     47  -0.0184  -1.0000  +0.3487  +1.0000
   2365    377804   152   +5.210    3090     30     54  -0.0075  -1.0000  +0.4102  +1.0000
   2366    377964   160   +4.113    2997     32     33  -0.0544  -1.0000  -0.0615  +1.0000
   2367    378125   161   +7.522    2712     25     37  +0.0321  -1.0000  +0.7176  +1.0000
   2368    378288   163   +5.694    2383     16     55  -0.0539  -1.0000  -0.2467  +1.0000
   2369    378446   158   +5.574    3538     25     48  -0.0230  -1.0000  +0.1803  +1.0000
   2370    378612   166   +7.033    3738     37     25  +0.0445  -1.0000  +0.9969  +1.0000
   2371    378766   154   +6.340    3497     29     35  +0.0195  -1.0000  +0.6370  +1.0000
   2372    378920   154   +5.463    2554     22     57  -0.0048  -1.0000  +0.3226  +1.0000
   2373    379085   165   +7.664    2991     21     52  +0.0466  -1.0000  +0.8279  +1.0000
   2374    379247   162   +5.818    2749     23     33  +0.0119  -1.0000  +0.4774  +1.0000
   2375    379408   161   +6.126    2518     16     48  +0.0111  -1.0000  +0.3921  +1.0000
   2376    379472    64   -6.997       0      0      1  -0.8001  -1.0000  -1.0000  -1.0000
   2377    379634   162   +8.340    4063     32     65  +0.0348  -0.9336  +0.6400  +1.0000
   2378    379804   170   +8.848    4751     33     54  +0.1193  -0.7530  +0.8582  +1.0000
   2379    379963   159   +7.780    3454     25     57  +0.0163  -1.0000  +0.5812  +1.0000
   2380    380125   162   +5.405    2853     21     31  -0.0135  -1.0000  +0.1957  +1.0000
   2381    380284   159   +5.758    2623     16     60  -0.0307  -1.0000  -0.0041  +1.0000
   2382    380441   157   +6.185    3695     35     49  +0.0338  -1.0000  +0.8841  +1.0000
   2383    380597   156   +6.836    2916     34     17  +0.0183  -1.0000  +0.6741  +1.0000
   2384    380753   156   +5.269    2811     18     42  -0.0011  -1.0000  +0.2973  +1.0000
   2385    380911   158   +7.373    4042     44     15  +0.0579  -0.9392  +1.0000  +1.0000
   2386    381069   158   +5.977    2743     23     51  -0.0113  -1.0000  +0.2657  +1.0000
   2387    381226   157   +8.800    3990     45     33  +0.0272  -0.9527  +0.7792  +1.0000
   2388    381390   164   +6.658    3214     31     65  -0.0056  -1.0000  +0.4546  +1.0000
   2389    381545   155   +5.477    3910     37     46  +0.0219  -0.9737  +0.6966  +1.0000
   2390    381708   163   +6.832    4682     48     40  +0.0780  -0.7711  +0.7046  +1.0000
   2391    381873   165   +7.533    4152     37     57  +0.0428  -0.9103  +0.7003  +1.0000
   2392    382029   156   +4.339    1930     21     53  -0.0672  -1.0000  -0.3186  +1.0000
   2393    382184   155   +5.036    2192     29     49  -0.0736  -1.0000  +0.0978  +0.8942
   2394    382340   156   +5.242    2866     30     50  -0.0242  -1.0000  +0.2454  +1.0000
   2395    382495   155   +7.195    3282     27     52  +0.0555  -1.0000  +1.0000  +1.0000
   2396    382659   164   +9.992    4591     46     49  +0.0927  -0.7950  +0.9155  +1.0000
   2397    382815   156   +6.554    4109     38     70  +0.0578  -0.9216  +0.9120  +1.0000
   2398    382977   162   +6.473    3957     33     20  +0.0220  -0.9615  +0.5689  +1.0000
   2399    383140   163   +2.831    3161     44     43  -0.1477  -1.0000  -0.0815  +0.7924
   2400    383300   160   +8.044    4331     39     52  +0.0665  -0.8633  +0.7933  +1.0000

  ── rolling mean (last 100 ep) ──  cum_R=+6.546  yield=3308 kg/ha  N=29  W=45 mm  R_seas=+0.0069  R_ane=+0.9769

   2401    383460   160   +5.801    2061     22     31  -0.0433  -1.0000  -0.0841  +1.0000
   2402    383622   162   +7.501    3766     27     61  +0.0544  -1.0000  +1.0000  +1.0000
   2403    383776   154   +6.877    2997     23     63  +0.0124  -1.0000  +0.5250  +1.0000
   2404    383928   152   +5.586    3519     37     69  -0.0312  -1.0000  +0.2883  +1.0000
   2405    384091   163   +7.371    3451     34     22  +0.0503  -1.0000  +1.0000  +1.0000
   2406    384250   159   +7.027    2734     31     45  +0.0174  -1.0000  +0.6575  +1.0000
   2407    384410   160   +8.023    4013     27     39  +0.0762  -0.9467  +1.0000  +1.0000
   2408    384572   162   +7.470    3511     25     26  +0.0622  -1.0000  +1.0000  +1.0000
   2409    384729   157   +7.650    4298     41     44  +0.0516  -0.8719  +0.6924  +1.0000
   2410    384891   162   +6.485    4214     49     46  +0.0067  -0.8940  +0.4328  +1.0000
   2411    385049   158   +7.035    3888     30     57  +0.0291  -0.9794  +0.7060  +1.0000
   2412    385213   164   +9.973    5302     49     58  +0.1399  -0.6085  +0.7814  +1.0000
   2413    385375   162  +10.475    4768     31     72  +0.1226  -0.7485  +0.8679  +1.0000
   2414    385536   161   +6.009    2845     16     68  -0.0405  -1.0000  -0.0994  +1.0000
   2415    385697   161   +5.959    3454     23     24  +0.0233  -1.0000  +0.5850  +1.0000
   2416    385864   167   +7.026    3567     25     49  +0.0267  -1.0000  +0.6759  +1.0000
   2417    386029   165   +6.735    2726     27     33  -0.0229  -1.0000  +0.1897  +1.0000
   2418    386195   166   +6.477    1810     15     37  -0.0587  -1.0000  -0.3271  +1.0000
   2419    386356   161   +5.828    1818     13     54  -0.1146  -1.0000  -0.9031  +1.0000
   2420    386512   156   +8.213    4756     40     46  +0.1153  -0.7516  +0.9005  +1.0000
   2421    386675   163   +9.591    4106     22     58  +0.0841  -0.9224  +0.9518  +1.0000
   2422    386833   158   +7.999    3849     47     29  +0.0344  -0.9898  +1.0000  +1.0000
   2423    386992   159   +8.167    4793     46     66  +0.0979  -0.7420  +0.8011  +1.0000
   2424    387152   160   +8.949    4245     31     61  +0.0814  -0.8857  +0.9263  +1.0000
   2425    387307   155   +6.676    3457     26     68  -0.0010  -1.0000  +0.4371  +1.0000
   2426    387468   161   +4.373    3652     44     46  -0.0344  -1.0000  +0.3275  +1.0000
   2427    387627   159   +7.458    3888     35     66  +0.0503  -0.9795  +0.9953  +1.0000
   2428    387784   157   +3.474    2197     30     36  -0.1133  -1.0000  -0.0038  +0.8110
   2429    387951   167   +6.660    3327     32     58  +0.0252  -1.0000  +0.7703  +1.0000
   2430    388107   156   +5.913    3786     39     45  +0.0055  -1.0000  +0.6503  +1.0000
   2431    388265   158   +8.166    3806     31     52  +0.0368  -1.0000  +0.8622  +1.0000
   2432    388425   160   +5.790    2103     22     23  -0.0537  -1.0000  -0.2015  +1.0000
   2433    388582   157   +8.296    3198     30     53  +0.0512  -1.0000  +1.0000  +1.0000
   2434    388742   160   +6.820    4124     42     38  +0.0495  -0.9175  +0.8354  +1.0000
   2435    388900   158   +9.203    4470     46     61  +0.0835  -0.8268  +0.9478  +1.0000
   2436    389054   154   +5.233    3919     37     33  +0.0156  -0.9713  +0.6140  +1.0000
   2437    389216   162   +7.993    4905     41     52  +0.1329  -0.7127  +0.9585  +1.0000
   2438    389372   156   +9.421    4670     38     38  +0.0999  -0.7743  +0.7923  +1.0000
   2439    389538   166   +8.774    5523     55     52  +0.1649  -0.5505  +0.9111  +1.0000
   2440    389696   158   +7.300    3461     38     44  +0.0421  -1.0000  +1.0000  +1.0000
   2441    389861   165   +5.598    2753     25     49  -0.0286  -1.0000  +0.1211  +1.0000
   2442    390026   165   +6.475    3605     24     50  +0.0007  -1.0000  +0.4099  +1.0000
   2443    390189   163   +2.462    2913     44     46  -0.1760  -1.0000  +0.1314  +0.6517
   2444    390352   163   +6.579    2609     16     76  -0.0220  -1.0000  +0.0988  +1.0000
   2445    390515   163   +5.170    2121     30     24  -0.1127  -1.0000  +0.0247  +0.7972
   2446    390670   155   +9.959    2424     21     40  +0.0653  -1.0000  +1.0000  +1.0000
   2447    390832   162   +5.520    2304     24     29  -0.0528  -1.0000  -0.1548  +1.0000
   2448    390994   162   +3.118    2929     50     20  -0.1657  -1.0000  +1.0000  +0.4499
   2449    391154   160   +6.388    4085     44     58  +0.0011  -0.9279  +0.4390  +1.0000
   2450    391315   161   +8.095    3297     22      9  +0.0674  -1.0000  +1.0000  +1.0000
   2451    391471   156   +3.936    2076     27     29  -0.1036  -1.0000  -0.3782  +0.9294
   2452    391632   161   +5.310    3992     49     59  -0.0063  -0.9522  +0.5229  +1.0000
   2453    391791   159   +8.724    5202     50     52  +0.1520  -0.6348  +1.0000  +1.0000
   2454    391950   159   +6.989    4422     50     50  +0.0581  -0.8394  +0.7741  +1.0000
   2455    392109   159   +5.294    2069     20     47  -0.0688  -1.0000  -0.3535  +1.0000
   2456    392269   160   +5.843    2145      9     65  -0.0523  -1.0000  -0.3161  +1.0000
   2457    392430   161   +8.088    3156     37     43  +0.0228  -1.0000  +0.7925  +1.0000
   2458    392587   157   +7.827    4603     44     38  +0.1032  -0.7919  +0.9695  +1.0000
   2459    392750   163   +4.573    2658     28     66  -0.0765  -1.0000  -0.2934  +1.0000
   2460    392910   160  +10.165    5302     58     62  +0.1314  -0.6085  +0.8289  +1.0000
   2461    393071   161   +3.400    3490     45     56  -0.0848  -1.0000  -0.0092  +0.9579
   2462    393239   168   +7.062    1797     18     48  -0.0439  -1.0000  -0.1286  +1.0000
   2463    393395   156   +7.797    4544     62     57  +0.0080  -0.8072  +0.9215  +0.8343
   2464    393557   162   +5.674    3716     44     57  -0.0239  -1.0000  +0.4407  +1.0000
   2465    393719   162   +7.274    3450     27     40  -0.0076  -1.0000  +0.3463  +1.0000
   2466    393877   158   +7.576    4643     42     43  +0.1044  -0.7814  +0.9180  +1.0000
   2467    394035   158   +5.947    2463     30     42  -0.0219  -1.0000  +0.2450  +1.0000
   2468    394192   157   +5.620    3393     43     63  -0.0459  -1.0000  +0.3507  +0.9630
   2469    394354   162   +8.145    4925     47     72  +0.1088  -0.7074  +0.8090  +1.0000
   2470    394517   163   +3.565    1300     18     36  -0.1758  -1.0000  -0.8154  +0.8145
   2471    394679   162   +5.932    3467     30     47  +0.0376  -1.0000  +0.8547  +1.0000
   2472    394838   159   +9.056    3816     30     55  +0.0525  -0.9985  +1.0000  +1.0000
   2473    395001   163   +0.069    2952     48     59  -0.2332  -1.0000  -0.0371  +0.5544
   2474    395165   164   +9.118    4013     40     44  +0.0568  -0.9468  +1.0000  +1.0000
   2475    395322   157   +6.926    3729     27     53  +0.0181  -1.0000  +0.6257  +1.0000
   2476    395485   163   +3.662    3347     57     43  -0.1770  -1.0000  +0.9126  +0.4752
   2477    395648   163   +6.772    4003     38     70  -0.0021  -0.9493  +0.4156  +1.0000
   2478    395807   159   +6.428    3609     33     48  +0.0392  -1.0000  +0.9106  +1.0000
   2479    395967   160   +6.713    3371     28     66  -0.0568  -1.0000  -0.0922  +1.0000
   2480    396122   155   +3.229    2542     35     60  -0.1129  -1.0000  +0.1635  +0.7931
   2481    396286   164   +5.862    3737     36     41  +0.0161  -1.0000  +0.7110  +1.0000
   2482    396445   159   +7.890    3828     36     58  +0.0209  -0.9953  +0.7627  +1.0000
   2483    396604   159  +10.986    5031     58     47  +0.1259  -0.6795  +1.0000  +1.0000
   2484    396769   165   +5.219    1035      7     21  -0.0701  -1.0000  -0.5767  +1.0000
   2485    396931   162   +8.477    3937     36     68  +0.0360  -0.9666  +0.8224  +1.0000
   2486    397091   160   +6.235    3308     34     63  +0.0093  -1.0000  +0.6494  +1.0000
   2487    397253   162  +10.239    4998     49     60  +0.1212  -0.6883  +0.8825  +1.0000
   2488    397408   155   +3.230    2251     31     38  -0.1020  -1.0000  +0.0102  +0.8410
   2489    397572   164   +7.251    4125     39     47  +0.0502  -0.9173  +0.8156  +1.0000
   2490    397733   161   +5.195    2007     20     21  -0.0645  -1.0000  -0.3436  +1.0000
   2491    397895   162   -1.182    2225     48     52  -0.4142  -1.0000  -0.4217  +0.1486
   2492    398055   160  +10.172    5178     44     63  +0.1239  -0.6409  +0.6784  +1.0000
   2493    398210   155   +8.540    4723     44     43  +0.1169  -0.7603  +1.0000  +1.0000
   2494    398366   156   +7.661    1705     21     25  -0.0440  -1.0000  -0.0673  +0.9877
   2495    398526   160   +1.671    3117     45     67  -0.1540  -1.0000  +0.0863  +0.7377
   2496    398685   159   +7.431    3921     41     34  +0.0310  -0.9709  +0.8173  +1.0000
   2497    398850   165   +5.413    2652     22     73  -0.0894  -1.0000  -0.4945  +1.0000
   2498    399011   161   +6.145    3498     37     32  -0.0045  -1.0000  +0.5130  +1.0000
   2499    399172   161   +7.657    2570      8     38  -0.0063  -1.0000  +0.0997  +1.0000
   2500    399335   163   +4.297    4022     50     52  -0.0230  -0.9444  +0.3345  +1.0000

  ── rolling mean (last 100 ep) ──  cum_R=+6.642  yield=3481 kg/ha  N=34  W=48 mm  R_seas=+0.0019  R_ane=+0.9575

   2501    399496   161   +6.773    3944     34     67  +0.0197  -0.9649  +0.6239  +1.0000
   2502    399658   162   +4.157    2275     30     30  -0.0729  -1.0000  +0.0141  +0.9169
   2503    399815   157   +2.814    2074     28     56  -0.1305  -1.0000  -0.3605  +0.8608
   2504    399973   158   +6.892    3878     53     55  -0.0482  -0.9822  +0.8876  +0.8223
   2505    400135   162   +7.935    4204     54     61  -0.0165  -0.8965  +0.5388  +0.9336
   2506    400295   160   +8.299    4330     38     68  +0.0627  -0.8634  +0.7645  +1.0000
   2507    400458   163   +7.955    4286     36     65  +0.0476  -0.8750  +0.6186  +1.0000
   2508    400616   158   +3.579    2065     16     51  -0.0924  -1.0000  -0.6348  +1.0000
   2509    400771   155   +4.619    3420     38     55  -0.0362  -1.0000  +0.2286  +1.0000
   2510    400934   163   -1.912    1527     48     24  -0.5445  -1.0000  -0.5153  -0.2076
   2511    401097   163   +7.965    4767     42     74  +0.0926  -0.7489  +0.7190  +1.0000
   2512    401258   161  +10.054    5190     58     67  +0.1319  -0.6379  +0.9494  +1.0000
   2513    401419   161   +7.249    4166     42     73  +0.0308  -0.9065  +0.6552  +1.0000
   2514    401582   163   +9.732    3745     45     17  +0.0350  -1.0000  +1.0000  +1.0000
   2515    401744   162   +7.886    4160     40     55  +0.0603  -0.9082  +0.9050  +1.0000
   2516    401899   155   +7.127    3056     16     74  -0.0331  -1.0000  -0.0185  +1.0000
   2517    402055   156   +5.490    1393     11     63  -0.1127  -1.0000  -0.9021  +1.0000
   2518    402216   161   +5.401    3837     38     59  +0.0306  -0.9928  +0.8824  +1.0000
   2519    402376   160   +8.927    4994     45     80  +0.1083  -0.6894  +0.7190  +1.0000
   2520    402532   156   +8.565    4618     41     44  +0.1053  -0.7879  +0.9344  +1.0000
   2521    402695   163   +9.525    5730     65     57  +0.1505  -0.4960  +0.7207  +1.0000
   2522    402855   160   +8.323    4636     49     74  +0.0753  -0.7833  +0.7655  +1.0000
   2523    403016   161   +8.979    4976     53     63  +0.0973  -0.6941  +0.7245  +1.0000
   2524    403179   163   +4.188    2185     24     47  -0.0872  -1.0000  -0.4738  +1.0000
   2525    403339   160   +8.252    4550     40     31  +0.0759  -0.8059  +0.6842  +1.0000
   2526    403500   161   +4.130    2753     26     58  -0.0415  -1.0000  +0.0160  +1.0000
   2527    403662   162   -0.752    2128     50     27  -0.4208  -1.0000  -0.1646  +0.0555
   2528    403827   165   +7.763    3961     38     29  +0.0508  -0.9603  +0.9381  +1.0000
   2529    403987   160   +7.202    4094     59     33  -0.0615  -0.9253  +0.9094  +0.7366
   2530    404146   159  +10.134    4648     30     41  +0.0913  -0.7800  +0.6121  +1.0000
   2531    404307   161   +7.006    3813     29     36  +0.0376  -0.9993  +0.8155  +1.0000
   2532    404467   160   +9.573    4130     42     34  +0.0670  -0.9161  +1.0000  +1.0000
   2533    404627   160   +7.579    3222     34     66  +0.0207  -1.0000  +0.7603  +1.0000
   2534    404783   156   +4.597    1690     13     16  -0.0386  -1.0000  -0.1880  +1.0000
   2535    404945   162   +2.470    2064     30     16  -0.1448  -1.0000  -0.0169  +0.7167
   2536    405108   163   +6.503    3628     28     23  -0.0031  -1.0000  +0.3927  +1.0000
   2537    405265   157   +1.817    3172     52     49  -0.2149  -1.0000  +0.3257  +0.5187
   2538    405423   158   +6.112    3022     32     80  -0.0377  -1.0000  +0.1637  +1.0000
   2539    405591   168   -1.205    1880     46     10  -0.3868  -1.0000  +0.2493  +0.0127
   2540    405749   158   +8.698    4939     56     60  +0.1001  -0.7037  +0.8249  +1.0000
   2541    405902   153   +8.963    5037     51     32  +0.1373  -0.6779  +1.0000  +1.0000
   2542    406064   162  +11.647    4384     38     51  +0.0685  -0.8493  +0.7476  +1.0000
   2543    406223   159   +7.570    3266     24     89  -0.0255  -1.0000  +0.1894  +1.0000
   2544    406382   159   +5.321    2259     14     35  -0.0572  -1.0000  -0.3313  +1.0000
   2545    406546   164   +7.974    4009     30     17  +0.0577  -0.9477  +0.8406  +1.0000
   2546    406703   157   +5.812    2509     18     30  -0.0165  -1.0000  +0.1273  +1.0000
   2547    406863   160   +6.484    1202      3     34  -0.1082  -1.0000  -1.0000  +1.0000
   2548    407023   160   +7.663    4166     35     65  +0.0342  -0.9065  +0.5832  +1.0000
   2549    407181   158   +0.951    2370     36     48  -0.2090  -1.0000  -0.3429  +0.6602
   2550    407340   159   +7.222    3586     45     36  -0.0346  -1.0000  +0.3910  +0.9825
   2551    407499   159   -1.132    1410     37     24  -0.4430  -1.0000  -0.2246  -0.0455
   2552    407660   161   -1.588     865     23     10  -0.4741  -1.0000  -0.7419  -0.0482
   2553    407825   165   +3.986    2132     28     24  -0.0823  -1.0000  -0.2025  +0.9408
   2554    407985   160   +6.709    3892     43     22  +0.0239  -0.9786  +0.7987  +1.0000
   2555    408140   155   +8.086    4563     47     83  +0.0545  -0.8024  +0.6100  +1.0000
   2556    408302   162   +7.416    4013     40     52  +0.0417  -0.9468  +0.8572  +1.0000
   2557    408467   165   +6.020    1532      9     34  -0.0603  -1.0000  -0.4384  +1.0000
   2558    408621   154   +4.814    2996     35     30  -0.0295  -1.0000  +0.2330  +1.0000
   2559    408786   165   +6.115    3260     20     53  -0.0031  -1.0000  +0.3122  +1.0000
   2560    408943   157   +5.243    3884     34     70  -0.0107  -0.9807  +0.3817  +1.0000
   2561    409101   158   +8.717    4405     30     64  +0.0805  -0.8438  +0.7541  +1.0000
   2562    409256   155   +6.416    2084     33     17  -0.1228  -1.0000  +0.7514  +0.5726
   2563    409417   161   +2.565    3713     50     67  -0.1212  -1.0000  +0.1422  +0.8382
   2564    409577   160   +8.876    5135     68     42  +0.0855  -0.6522  +1.0000  +0.8958
   2565    409739   162   +8.765    4176     36     82  +0.0525  -0.9038  +0.7897  +1.0000
   2566    409893   154   +6.440    3454     28     56  -0.0069  -1.0000  +0.3864  +1.0000
   2567    410053   160   +9.499    2858      6     57  +0.0148  -1.0000  +0.3038  +1.0000
   2568    410214   161   +8.596    5447     59     66  +0.1349  -0.5704  +0.7475  +1.0000
   2569    410370   156   +5.511    3045     50     23  -0.1532  -1.0000  +0.9034  +0.5133
   2570    410521   151   +5.462    1730     12     75  -0.0986  -1.0000  -0.7240  +1.0000
   2571    410679   158   +7.138    3554     32     68  +0.0167  -1.0000  +0.6933  +1.0000
   2572    410846   167   +8.322    3902     37     20  +0.0544  -0.9759  +1.0000  +1.0000
   2573    411005   159   +4.588     766      5     12  -0.1034  -1.0000  -0.9503  +1.0000
   2574    411161   156   +7.766    3558     16     52  +0.0319  -1.0000  +0.5997  +1.0000
   2575    411318   157   +4.822     986      8     22  -0.1137  -1.0000  -1.0000  +1.0000
   2576    411478   160   +9.408    5042     47     48  +0.1045  -0.6768  +0.6238  +1.0000
   2577    411638   160   +6.123    1869      8     52  -0.0494  -1.0000  -0.3159  +1.0000
   2578    411802   164   +7.324    4083     39     47  +0.0590  -0.9284  +0.9373  +1.0000
   2579    411961   159   +7.614    3888     32     17  +0.0603  -0.9795  +1.0000  +1.0000
   2580    412121   160   +9.380    4626     37     53  +0.1059  -0.7858  +0.8925  +1.0000
   2581    412281   160   +5.226    1464     13     32  -0.0685  -1.0000  -0.4635  +1.0000
   2582    412447   166   +8.061    3429     35     12  +0.0496  -1.0000  +1.0000  +1.0000
   2583    412610   163   +8.611    4085     28     83  -0.0196  -0.9279  +0.0461  +1.0000
   2584    412764   154   +6.636    2340     18     36  +0.0136  -1.0000  +0.4325  +1.0000
   2585    412924   160   +5.944    2994     18     61  -0.0183  -1.0000  +0.1445  +1.0000
   2586    413082   158   +9.490    5284     64     53  +0.1264  -0.6131  +0.8638  +1.0000
   2587    413239   157   +7.807    4379     53     67  +0.0388  -0.8507  +0.6939  +1.0000
   2588    413398   159   +9.522    4766     40     57  +0.1165  -0.7491  +0.9072  +1.0000
   2589    413558   160   +9.455    5399     63     66  +0.1268  -0.5829  +0.7704  +1.0000
   2590    413726   168   +8.074    3530     19     42  +0.0549  -1.0000  +0.8697  +1.0000
   2591    413888   162   +6.623    3734     46     31  +0.0314  -1.0000  +0.9936  +1.0000
   2592    414051   163   +8.791    3356     23     15  +0.0654  -1.0000  +1.0000  +1.0000
   2593    414211   160   +4.308    1960     26     26  -0.1196  -1.0000  -0.4188  +0.8905
   2594    414372   161   +7.159    4401     46     56  +0.0523  -0.8448  +0.6860  +1.0000
   2595    414532   160   +7.185    3837     35     16  +0.0295  -0.9929  +0.7811  +1.0000
   2596    414686   154   +7.876    4822     54     64  +0.1043  -0.7343  +0.9445  +1.0000
   2597    414847   161   +5.739    1307      6     21  -0.0671  -1.0000  -0.5654  +1.0000
   2598    415003   156   +6.679    2763     20     77  -0.0394  -1.0000  -0.0250  +1.0000
   2599    415161   158   +7.396    2646     27     46  +0.0071  -1.0000  +0.5091  +1.0000
   2600    415324   163  +10.611    5443     52     82  +0.1459  -0.5714  +0.7900  +1.0000

  ── rolling mean (last 100 ep) ──  cum_R=+6.602  yield=3447 kg/ha  N=35  W=47 mm  R_seas=-0.0151  R_ane=+0.9157

   2601    415480   156   +6.202    2413     17     46  -0.0488  -1.0000  -0.1896  +1.0000
   2602    415638   158   +4.415    2720     27     72  -0.0638  -1.0000  -0.1768  +1.0000
   2603    415792   154   +5.793    2549     19     43  +0.0088  -1.0000  +0.4047  +1.0000
   2604    415947   155   -1.519    1139     35     29  -0.5450  -1.0000  -0.7314  -0.1966
   2605    416107   160  +10.846    5511     48     52  +0.1815  -0.5536  +0.9928  +1.0000
   2606    416269   162   +3.383    4377     59     63  -0.0563  -0.8512  +0.2939  +0.8631
   2607    416426   157   +7.733    3076     20      8  +0.0712  -1.0000  +1.0000  +1.0000
   2608    416576   150   +8.205    4795     58     57  +0.0935  -0.7415  +0.9113  +1.0000
   2609    416734   158   +5.502    2971     31     36  -0.0349  -1.0000  +0.1298  +1.0000
   2610    416895   161   +8.351    3316     22     16  +0.0671  -1.0000  +1.0000  +1.0000
   2611    417059   164   +5.830    3941     49     70  -0.0150  -0.9656  +0.4946  +1.0000
   2612    417213   154   +6.666    2615     20     27  +0.0378  -1.0000  +0.6860  +1.0000
   2613    417374   161   +8.788    2326     21     15  +0.0365  -1.0000  +0.6814  +1.0000
   2614    417533   159   +6.817    4066     52     22  +0.0218  -0.9327  +0.9105  +0.9508
   2615    417699   166   +6.485    4387     53     38  +0.0342  -0.8485  +0.5951  +1.0000
   2616    417860   161   +6.486    3102     30     10  +0.0255  -1.0000  +0.6910  +1.0000
   2617    418021   161   +9.131    4490     44     47  +0.0675  -0.8216  +0.7234  +1.0000
   2618    418178   157   +9.565    4478     39     34  +0.1031  -0.8246  +1.0000  +1.0000
   2619    418338   160   +8.891    4887     46     63  +0.1102  -0.7174  +0.8365  +1.0000
   2620    418502   164   +8.604    4656     48     67  +0.0770  -0.7779  +0.7378  +1.0000
   2621    418663   161   +6.997    4839     62     54  +0.0391  -0.7299  +0.5626  +0.9480
   2622    418824   161   +7.103    2879     34      4  +0.0217  -1.0000  +0.6941  +1.0000
   2623    418988   164   +8.532    4420     39     82  +0.0784  -0.8400  +0.8714  +1.0000
   2624    419150   162   +7.966    3373     17     65  +0.0299  -1.0000  +0.6139  +1.0000
   2625    419303   153   +8.811    4292     35     82  +0.0789  -0.8734  +0.9336  +1.0000
   2626    419460   157   -0.731    1656     30     64  -0.3431  -1.0000  -0.6948  +0.3616
   2627    419620   160   +4.239    1196      7     35  -0.1009  -1.0000  -0.8670  +1.0000
   2628    419780   160   +8.032    4964     59     64  +0.0586  -0.6970  +0.4249  +1.0000
   2629    419943   163   +7.773    4288     34     91  +0.0637  -0.8746  +0.7835  +1.0000
   2630    420102   159   +8.618    4768     41     57  +0.1118  -0.7485  +0.8752  +1.0000
   2631    420266   164   +8.633    4444     31     36  +0.0851  -0.8336  +0.7490  +1.0000
   2632    420431   165   +6.692    2713     18     67  -0.0354  -1.0000  -0.0202  +1.0000
   2633    420591   160   +6.188    2899     26     15  -0.0214  -1.0000  +0.1686  +1.0000
   2634    420754   163   +3.123    3732     49     72  -0.1036  -1.0000  +0.0160  +0.9185
   2635    420920   166   +7.678    4235     37     81  +0.0176  -0.8884  +0.3969  +1.0000
   2636    421074   154   +6.632    4486     43     65  +0.0633  -0.8226  +0.6911  +1.0000
   2637    421233   159   +1.850    2994     59     22  -0.2859  -1.0000  +0.5693  +0.2648
   2638    421399   166   +8.801    4147     37     41  +0.0725  -0.9115  +0.9877  +1.0000
   2639    421562   163   +6.394    3664     51     25  -0.0606  -1.0000  +0.8852  +0.7875
   2640    421721   159   +6.807    3439     44     40  -0.0488  -1.0000  +0.3885  +0.9408
   2641    421881   160   +5.282    4052     48     28  -0.0238  -0.9366  +0.2534  +1.0000
   2642    422036   155   +6.702    3857     40     28  +0.0248  -0.9877  +0.7965  +1.0000
   2643    422204   168  +10.135    4762     59     42  +0.0895  -0.7502  +0.9022  +1.0000
   2644    422363   159   +8.603    3959     34     61  +0.0499  -0.9608  +0.9082  +1.0000
   2645    422525   162   +5.712    2302     16     55  -0.0350  -1.0000  -0.0604  +1.0000
   2646    422686   161   +6.448    2398     16     59  -0.0329  -1.0000  -0.0370  +1.0000
   2647    422843   157   +7.443    2031     24     15  +0.0196  -1.0000  +0.5479  +1.0000
   2648    423003   160   +7.526    4444     52     76  +0.0255  -0.8337  +0.4898  +1.0000
   2649    423166   163   +3.939    1353      7     17  -0.0789  -1.0000  -0.6681  +1.0000
   2650    423324   158   +7.812    4204     48     37  +0.0494  -0.8967  +0.8446  +1.0000
   2651    423487   163   +5.130    3812     37     56  -0.0252  -0.9996  +0.3313  +1.0000
   2652    423646   159   +7.695    4779     65     65  -0.0007  -0.7456  +0.6110  +0.8496
   2653    423802   156   +9.031    4552     51     38  +0.0872  -0.8053  +0.9459  +1.0000
   2654    423965   163   +6.336    2226     12     21  -0.0129  -1.0000  +0.0597  +1.0000
   2655    424129   164   +8.107    3569     28     38  +0.0568  -1.0000  +1.0000  +1.0000
   2656    424288   159   +6.615    2938     28     16  -0.0021  -1.0000  +0.3856  +1.0000
   2657    424451   163   +5.036    3800     41     57  -0.0115  -1.0000  +0.5233  +1.0000
   2658    424606   155   +6.826    3208     19     80  -0.0281  -1.0000  +0.0862  +1.0000
   2659    424766   160   +4.243    2533     32      8  -0.0387  -1.0000  +0.2646  +0.9468
   2660    424929   163   +6.608    3642     38     16  +0.0311  -1.0000  +0.8556  +1.0000
   2661    425088   159   +7.371    4434     42     51  +0.0669  -0.8362  +0.7502  +1.0000
   2662    425254   166   +9.557    5150     53     45  +0.1360  -0.6482  +0.9237  +1.0000
   2663    425412   158   +7.553    4220     43     56  +0.0450  -0.8924  +0.7422  +1.0000
   2664    425573   161   +8.058    4931     47     67  +0.0934  -0.7058  +0.6421  +1.0000
   2665    425731   158   +9.194    5211     53     78  +0.1293  -0.6324  +0.8452  +1.0000
   2666    425886   155   +8.796    4769     45     75  +0.0999  -0.7483  +0.8324  +1.0000
   2667    426046   160   +3.205    2185     34     33  -0.2140  -1.0000  -0.1734  +0.5871
   2668    426202   156   +5.377    2350     27     46  -0.0700  -1.0000  -0.2613  +1.0000
   2669    426364   162   +6.613    2479     16     46  -0.0078  -1.0000  +0.2018  +1.0000
   2670    426520   156   +4.787    2215     23     37  -0.0433  -1.0000  -0.0714  +1.0000
   2671    426677   157   +5.665    3228     43     40  -0.0610  -1.0000  +0.5140  +0.8655
   2672    426834   157   +8.265    5383     58     52  +0.1207  -0.5871  +0.6403  +1.0000
   2673    427000   166   +7.036    3903     34     57  -0.0197  -0.9755  +0.2662  +1.0000
   2674    427161   161   +1.338    3242     48     36  -0.1669  -1.0000  +0.1462  +0.6859
   2675    427319   158   +6.842    2010     16     30  -0.0163  -1.0000  +0.0986  +1.0000
   2676    427481   162   -2.114     827     19     10  -0.4496  -1.0000  -1.0000  +0.0812
   2677    427637   156   +7.396    4718     53     44  +0.0662  -0.7618  +0.6181  +1.0000
   2678    427796   159   +8.826    5182     51     71  +0.1139  -0.6398  +0.6792  +1.0000
   2679    427959   163   +8.372    4248     52     15  +0.0619  -0.8850  +0.9582  +1.0000
   2680    428116   157   +5.298    2034     25     12  -0.0489  -1.0000  -0.1206  +1.0000
   2681    428272   156   +7.542    4029     51     40  +0.0198  -0.9425  +0.8950  +0.9624
   2682    428428   156   -1.653     814     29      8  -0.5934  -1.0000  -0.9640  -0.3008
   2683    428587   159   +7.679    3553     32     34  +0.0309  -1.0000  +0.8035  +1.0000
   2684    428747   160   +4.688    2380     22     34  -0.0535  -1.0000  -0.1827  +1.0000
   2685    428908   161   +5.054    2879     29     70  -0.0412  -1.0000  +0.0823  +1.0000
   2686    429069   161   +7.782    4050     33     68  +0.0427  -0.9370  +0.7504  +1.0000
   2687    429224   155   +7.296    4513     54     16  +0.0603  -0.8155  +0.7322  +1.0000
   2688    429391   167   +2.690    2171     33      3  -0.1543  -1.0000  +0.1281  +0.6547
   2689    429554   163   +8.601    2799     14     83  +0.0047  -1.0000  +0.3375  +1.0000
   2690    429718   164   +7.795    2330     26     18  +0.0205  -1.0000  +0.5863  +1.0000
   2691    429880   162   +7.312    2441     19      3  +0.0731  -1.0000  +1.0000  +1.0000
   2692    430033   153   +6.722    2414     34     13  -0.0964  -1.0000  +0.4159  +0.7481
   2693    430195   162  +11.063    6066     66     42  +0.2098  -0.4078  +1.0000  +1.0000
   2694    430349   154   +9.106    4248     34     58  +0.0727  -0.8851  +0.8781  +1.0000
   2695    430513   164   +8.022    2726     18      4  +0.0750  -1.0000  +1.0000  +1.0000
   2696    430666   153   +0.965    1274     23     22  -0.2566  -1.0000  +0.0341  +0.3584
   2697    430824   158   +2.048    1650     32      8  -0.2848  -1.0000  +0.0231  +0.3085
   2698    430983   159   +8.835    4347     48     44  +0.0321  -0.8591  +0.5525  +1.0000
   2699    431146   163   +7.881    3765     35     43  +0.0001  -1.0000  +0.5478  +1.0000
   2700    431312   166   +8.142    5555     69     73  +0.1310  -0.5421  +0.7647  +1.0000

  ── rolling mean (last 100 ep) ──  cum_R=+6.565  yield=3504 kg/ha  N=37  W=43 mm  R_seas=-0.0083  R_ane=+0.9159

   2701    431468   156   +5.076    3614     57     10  -0.1462  -1.0000  +0.8025  +0.5846
   2702    431634   166   +8.912    3437     38      3  +0.0469  -1.0000  +1.0000  +1.0000
   2703    431790   156   +8.018    5121     60     64  +0.0987  -0.6559  +0.7023  +1.0000
   2704    431948   158   +6.944    3744     34      7  +0.0508  -1.0000  +0.9962  +1.0000
   2705    432120   172  +10.750    5268     57     39  +0.1496  -0.6173  +1.0000  +1.0000
   2706    432276   156   +6.170    4064     55     18  -0.0121  -0.9333  +0.9756  +0.8464
   2707    432435   159   +9.912    4253     51     32  +0.0657  -0.8838  +1.0000  +1.0000
   2708    432594   159   +5.739    2067     16     24  -0.0318  -1.0000  -0.0694  +1.0000
   2709    432753   159   +6.030    2943     37      8  +0.0242  -1.0000  +0.8011  +0.9907
   2710    432908   155   +8.346    3113     38     16  +0.0221  -1.0000  +0.7741  +1.0000
   2711    433068   160   +8.083    4546     42     25  +0.0958  -0.8068  +0.8942  +1.0000
   2712    433229   161   +7.388    2729     32      8  +0.0309  -1.0000  +0.7625  +1.0000
   2713    433392   163   +7.170    3550     33     55  +0.0469  -1.0000  +0.9999  +1.0000
   2714    433542   150   +8.253    4888     61     23  +0.0939  -0.7170  +0.8249  +1.0000
   2715    433698   156   +7.034    4108     51     22  +0.0506  -0.9219  +0.9733  +1.0000
   2716    433859   161   +7.552    3688     35     14  +0.0319  -1.0000  +0.8272  +1.0000
   2717    434019   160   -0.039    1956     34      5  -0.2542  -1.0000  -0.0930  +0.4381
   2718    434181   162   +7.996    3026     30      9  +0.0564  -1.0000  +1.0000  +1.0000
   2719    434336   155   +5.255    1988     17     31  -0.0498  -1.0000  -0.2164  +1.0000
   2720    434501   165   +7.441    4265     51     61  -0.0050  -0.8807  +0.3172  +1.0000
   2721    434654   153  +10.298    4992     48     66  +0.1311  -0.6897  +0.9689  +1.0000
   2722    434811   157  +10.857    5850     61     75  +0.1785  -0.4647  +0.8534  +1.0000
   2723    434973   162   +5.209    1670     12     34  -0.0872  -1.0000  -0.6585  +1.0000
   2724    435133   160   +7.982    4494     35     47  +0.0977  -0.8206  +0.8947  +1.0000
   2725    435295   162   +8.617    5066     61     41  +0.1024  -0.6704  +0.7703  +1.0000
   2726    435452   157   +8.808    4146     39     22  +0.0740  -0.9119  +1.0000  +1.0000
   2727    435616   164  +10.960    1894      8     15  +0.0349  -1.0000  +0.4816  +1.0000
   2728    435776   160   +9.739    5254     63     29  +0.1413  -0.6211  +1.0000  +1.0000
   2729    435938   162  +10.631    3952     14     75  +0.0385  -0.9628  +0.5391  +1.0000
   2730    436105   167   +8.664    4967     55     51  +0.1142  -0.6963  +0.9054  +1.0000
   2731    436262   157   +8.767    5366     52     73  +0.1493  -0.5915  +0.8754  +1.0000
   2732    436422   160   -0.694    1386     35      2  -0.3937  -1.0000  +0.0683  -0.0047
   2733    436576   154   +4.223    1546     10     71  -0.0922  -1.0000  -0.6921  +1.0000
   2734    436732   156   +7.528    4352     32     72  +0.0720  -0.8577  +0.7608  +1.0000
   2735    436897   165   +3.231    2662     40     10  -0.1152  -1.0000  +0.5098  +0.6866
   2736    437060   163   +1.931    3395     59     64  -0.2651  -1.0000  +0.2137  +0.4395
   2737    437217   157   +6.513    2872     23     43  -0.0118  -1.0000  +0.2557  +1.0000
   2738    437376   159   +3.021    3670     53     78  -0.1380  -1.0000  +0.4228  +0.7244
   2739    437539   163   +3.487    2637     56     12  -0.2787  -1.0000  +0.8614  +0.1843
   2740    437698   159   +8.613    5186     69     41  +0.0618  -0.6388  +0.7940  +0.8786
   2741    437863   165   +6.922    2551     28      3  +0.0213  -1.0000  +0.6156  +1.0000
   2742    438024   161   +6.272    1636     11     41  -0.0827  -1.0000  -0.6218  +1.0000
   2743    438179   155   +7.889    3494     25     23  +0.0412  -1.0000  +0.7933  +1.0000
   2744    438343   164   +4.858    4429     70     24  -0.1158  -0.8374  +0.7771  +0.5741
   2745    438505   162   +8.746    3755     49      9  +0.0061  -1.0000  +1.0000  +0.9295
   2746    438660   155   +5.581    1761      9     26  -0.0469  -1.0000  -0.3126  +1.0000
   2747    438818   158   +5.975    4084     52     37  -0.0073  -0.9280  +0.6403  +0.9467
   2748    438980   162   +7.966    4073     39     42  +0.0546  -0.9309  +0.9008  +1.0000
   2749    439139   159   +7.503    4578     34     74  +0.0864  -0.7984  +0.7245  +1.0000
   2750    439296   157   +6.898    2953     21    100  -0.0771  -1.0000  -0.3595  +1.0000
   2751    439453   157   +7.089    2992     21     45  +0.0231  -1.0000  +0.5766  +1.0000
   2752    439611   158   +6.852    3298     29     50  +0.0172  -1.0000  +0.6352  +1.0000
   2753    439770   159   +6.095    5629     79     73  +0.0026  -0.5227  +0.3174  +0.7807
   2754    439930   160   +7.253    2687     28     40  -0.0282  -1.0000  +0.1595  +1.0000
   2755    440089   159   +7.664    5492     63     77  +0.1289  -0.5585  +0.7210  +1.0000
   2756    440252   163   +4.415    2986     31     55  -0.0565  -1.0000  -0.0680  +1.0000
   2757    440410   158   +2.747    2244     34     17  -0.1816  -1.0000  +0.0044  +0.6240
   2758    440569   159   +7.114    3416     34     20  +0.0501  -1.0000  +1.0000  +1.0000
   2759    440725   156   +8.177    2443     16     19  +0.0755  -1.0000  +1.0000  +1.0000
   2760    440884   159  +11.152    4077     46      8  +0.0596  -0.9300  +1.0000  +1.0000
   2761    441043   159   +7.390    3991     38     87  +0.0015  -0.9524  +0.4841  +1.0000
   2762    441206   163   +6.539    4213     50     48  +0.0214  -0.8943  +0.6080  +1.0000
   2763    441367   161   +8.940    4729     42     85  +0.0979  -0.7588  +0.8257  +1.0000
   2764    441526   159   +7.531    3024     23     35  +0.0243  -1.0000  +0.6031  +1.0000
   2765    441686   160   +4.612    2129     20     61  -0.0767  -1.0000  -0.4151  +1.0000
   2766    441849   163   +7.158    3100     19     20  +0.0307  -1.0000  +0.5957  +1.0000
   2767    442006   157   +6.245    3248     35     53  -0.0096  -1.0000  +0.4538  +1.0000
   2768    442171   165   +3.273    1676     23     15  -0.1611  -1.0000  -0.5717  +0.8013
   2769    442331   160   +7.766    3884     31     97  +0.0115  -0.9807  +0.5927  +1.0000
   2770    442488   157   +6.789    1146     16      8  -0.1122  -1.0000  -0.0339  +0.7572
   2771    442652   164   +7.755    4377     46     36  +0.0656  -0.8511  +0.8257  +1.0000
   2772    442813   161   +8.338    2525     24      5  +0.0657  -1.0000  +1.0000  +1.0000
   2773    442973   160   +5.262    2685     24     68  -0.0260  -1.0000  +0.1590  +1.0000
   2774    443135   162   -3.447    1144     26     10  -0.4497  -1.0000  -0.8842  +0.0772
   2775    443295   160   +8.128    2918     40     12  -0.0396  -1.0000  +0.8332  +0.8138
   2776    443448   153   +8.019    1240     12      8  -0.0322  -1.0000  -0.1406  +1.0000
   2777    443600   152   +5.131    2369     35      9  -0.1409  -1.0000  +0.2000  +0.6839
   2778    443759   159   +6.376    3304     29     45  -0.0033  -1.0000  +0.4240  +1.0000
   2779    443922   163   +8.636    4730     32     58  +0.1220  -0.7586  +0.8969  +1.0000
   2780    444080   158   +6.913    2716     22      3  +0.0489  -1.0000  +0.7990  +1.0000
   2781    444240   160   +8.503    2513     29      3  +0.0391  -1.0000  +0.8067  +1.0000
   2782    444399   159   +8.583    4367     45     33  +0.0846  -0.8537  +1.0000  +1.0000
   2783    444549   150   +1.799    1225     25      2  -0.2978  -1.0000  +0.0591  +0.2323
   2784    444714   165   +6.022    2326     23     14  -0.0343  -1.0000  -0.0084  +1.0000
   2785    444873   159   +7.926    3012     13     29  +0.0130  -1.0000  +0.3417  +1.0000
   2786    445033   160   -3.106     752     30      5  -0.6190  -1.0000  -1.0000  -0.3631
   2787    445204   171   -1.086    1566     30     10  -0.3508  -1.0000  -0.6390  +0.3040
   2788    445364   160   +6.941    4299     41     37  +0.0556  -0.8716  +0.7287  +1.0000
   2789    445529   165   +7.127    1884     14     21  -0.0380  -1.0000  -0.1668  +1.0000
   2790    445691   162   +5.673    4169     37     90  -0.0098  -0.9058  +0.2007  +1.0000
   2791    445840   149   +6.264    4101     55     51  -0.0596  -0.9236  +0.4135  +0.8720
   2792    446001   161   +9.343    4128     38     71  +0.0677  -0.9166  +1.0000  +1.0000
   2793    446158   157   +7.793    4266     36     35  +0.0590  -0.8802  +0.7178  +1.0000
   2794    446322   164   +5.775    2397     22     80  -0.0772  -1.0000  -0.3662  +1.0000
   2795    446486   164   +5.531    3173     33     54  -0.0223  -1.0000  +0.3039  +1.0000
   2796    446647   161   +8.166    4995     44     76  +0.1206  -0.6890  +0.8204  +1.0000
   2797    446809   162   +5.824    2543     26     70  -0.0513  -1.0000  -0.0634  +1.0000
   2798    446972   163   +8.632    2281     12     11  +0.0780  -1.0000  +0.9676  +1.0000
   2799    447127   155   +7.967    3220     39     13  +0.0268  -1.0000  +0.8302  +1.0000
   2800    447287   160   +5.305    3507     39      5  +0.0100  -1.0000  +0.6512  +1.0000

  ── rolling mean (last 100 ep) ──  cum_R=+6.639  yield=3362 kg/ha  N=36  W=36 mm  R_seas=-0.0142  R_ane=+0.8980

   2801    447449   162   +9.388    4119     45     52  +0.0375  -0.9188  +0.7852  +1.0000
   2802    447604   155   +7.287    3577     26     49  +0.0581  -1.0000  +1.0000  +1.0000
   2803    447763   159   +4.437    3245     43     91  -0.0716  -1.0000  +0.4136  +0.8811
   2804    447923   160   +8.532    5253     50     80  +0.1492  -0.6213  +0.9657  +1.0000
   2805    448077   154   +4.468    4001     43     96  -0.0306  -0.9498  +0.2387  +1.0000
   2806    448240   163   +7.409    2016     12      8  +0.0368  -1.0000  +0.5525  +1.0000
   2807    448399   159  +10.137    3004     11     32  +0.0675  -1.0000  +0.8718  +1.0000
   2808    448554   155   +6.611     911     11      9  -0.0451  -1.0000  -0.2824  +1.0000
   2809    448712   158   +7.590    4526     51     79  +0.0743  -0.8122  +0.8912  +1.0000
   2810    448875   163  +10.771    5603     70     54  +0.1548  -0.5293  +1.0000  +0.9867
   2811    449037   162   +8.130    4896     55     71  +0.0870  -0.7148  +0.7263  +1.0000
   2812    449192   155  +10.003    5494     45     97  +0.1690  -0.5580  +0.8865  +1.0000
   2813    449347   155   +8.641    5231     59     67  +0.1402  -0.6271  +1.0000  +1.0000
   2814    449506   159   +6.128    4519     62     36  -0.0198  -0.8140  +0.6493  +0.8312
   2815    449658   152   +6.609    2976     23     68  -0.0232  -1.0000  +0.1667  +1.0000
   2816    449813   155   +7.012    4972     66     31  +0.0492  -0.6950  +0.7877  +0.8848
   2817    449974   161   +5.843    3565     35     47  -0.0050  -1.0000  +0.4959  +1.0000
   2818    450133   159   +5.366    2025     25     47  -0.0454  -1.0000  -0.0479  +1.0000
   2819    450290   157   +4.449     882     11      6  -0.0963  -1.0000  -0.8021  +1.0000
   2820    450452   162   +9.269    3559     28     46  +0.0557  -1.0000  +1.0000  +1.0000
   2821    450608   156   +4.824    3207     39     37  -0.0423  -1.0000  +0.1649  +1.0000
   2822    450769   161   +9.311    4964     46     87  +0.1272  -0.6970  +0.9601  +1.0000
   2823    450924   155   +8.073    3844     45     52  +0.0284  -0.9911  +0.9453  +1.0000
   2824    451077   153   +8.332    3954     26     84  +0.0414  -0.9622  +0.7519  +1.0000
   2825    451235   158   +8.057    4969     51     71  +0.1264  -0.6959  +1.0000  +1.0000
   2826    451395   160   +5.783    3216     35     32  -0.0319  -1.0000  +0.2147  +1.0000
   2827    451552   157  +11.136    5641     56    101  +0.1563  -0.5195  +0.7851  +1.0000
   2828    451709   157   +6.678    2339     20     72  -0.0593  -1.0000  -0.2231  +1.0000
   2829    451866   157   +5.416    1578     10     30  -0.0628  -1.0000  -0.4584  +1.0000
   2830    452029   163   +6.408    2497     22      6  +0.0267  -1.0000  +0.5799  +1.0000
   2831    452190   161   +5.287    3637     38     89  -0.0016  -1.0000  +0.6210  +1.0000
   2832    452346   156   +8.427    4404     36     83  +0.0943  -0.8442  +1.0000  +1.0000
   2833    452503   157   +6.247    3953     37    110  -0.0070  -0.9625  +0.4458  +1.0000
   2834    452664   161   +9.477    4982     56     56  +0.1206  -0.6924  +0.9880  +1.0000
   2835    452826   162  +10.053    5530     64     95  +0.1200  -0.5485  +0.6366  +1.0000
   2836    452991   165  +10.016    4772     38     92  +0.1112  -0.7476  +0.8679  +1.0000
   2837    453150   159   +6.623    2223     18     62  -0.0253  -1.0000  +0.0684  +1.0000
   2838    453319   169   +8.074    3914     35     68  +0.0106  -0.9728  +0.5832  +1.0000
   2839    453476   157   +0.480    1775     31     16  -0.2626  -1.0000  -0.2262  +0.4430
   2840    453636   160   +6.549    3363     32     66  +0.0308  -1.0000  +0.8290  +1.0000
   2841    453789   153   +7.998    1981     12     27  +0.0556  -1.0000  +0.7493  +1.0000
   2842    453951   162   +5.023    2601     33     16  -0.0151  -1.0000  +0.4776  +0.9588
   2843    454116   165   +5.015    3457     51     42  -0.1119  -1.0000  +0.6648  +0.7073
   2844    454282   166   +5.471    3301     33     97  -0.0528  -1.0000  +0.0449  +1.0000
   2845    454443   161  +10.262    6146     74     93  +0.1784  -0.3868  +0.7897  +1.0000
   2846    454603   160   +8.838    5181     65     80  +0.0966  -0.6401  +0.7106  +0.9997
   2847    454765   162   +5.176    2893     25     62  -0.0571  -1.0000  -0.1499  +1.0000
   2848    454923   158   +8.620    3932     35     16  +0.0609  -0.9680  +1.0000  +1.0000
   2849    455082   159   +7.816    3862     41     84  +0.0321  -0.9863  +0.9515  +1.0000
   2850    455241   159   +8.224    1924     14     13  +0.0309  -1.0000  +0.5262  +1.0000
   2851    455400   159   +8.020    4030     37     70  +0.0419  -0.9424  +0.8169  +1.0000
   2852    455560   160   +8.453    4667     45     36  +0.0831  -0.7751  +0.7188  +1.0000
   2853    455719   159   +6.783    2888     20     25  +0.0148  -1.0000  +0.4516  +1.0000
   2854    455877   158   +9.601    4913     45     38  +0.1340  -0.7106  +1.0000  +1.0000
   2855    456034   157   +3.462    2200     37     16  -0.1997  -1.0000  +0.2841  +0.5001
   2856    456195   161   +7.355    3651     43      5  +0.0379  -1.0000  +0.9812  +1.0000
   2857    456352   157  +11.358    6322     58    108  +0.2111  -0.3407  +0.7438  +1.0000
   2858    456516   164   +6.184    1811     13     47  -0.0364  -1.0000  -0.1240  +1.0000
   2859    456676   160   +6.940    4488     45     96  +0.0497  -0.8221  +0.6196  +1.0000
   2860    456835   159   +7.536    4633     52     56  +0.0707  -0.7840  +0.7512  +1.0000
   2861    456996   161   +7.351    3313     27     28  +0.0584  -1.0000  +1.0000  +1.0000
   2862    457156   160   +1.879    3387     52     34  -0.2056  -1.0000  +0.0678  +0.6147
   2863    457315   159   +7.473    4609     54     74  +0.0816  -0.7902  +0.9297  +1.0000
   2864    457477   162   +7.148    2848     29     66  -0.0489  -1.0000  -0.0063  +1.0000
   2865    457642   165   +5.543    2694     19     70  -0.0524  -1.0000  -0.1785  +1.0000
   2866    457800   158   +4.284    2887     38     11  -0.0617  -1.0000  +0.3666  +0.8766
   2867    457966   166   +5.297    3063     39     27  -0.0518  -1.0000  +0.1530  +0.9727
   2868    458118   152   +7.678    3694     44     24  +0.0359  -1.0000  +1.0000  +1.0000
   2869    458279   161   +8.179    2928     15     28  +0.0733  -1.0000  +0.9723  +1.0000
   2870    458435   156   +8.095    3656     24     58  +0.0494  -1.0000  +0.9022  +1.0000
   2871    458601   166   +4.141    3605     50     34  -0.0928  -1.0000  +0.4410  +0.8189
   2872    458763   162   +4.787    3117     45     18  -0.0960  -1.0000  +0.5640  +0.7489
   2873    458921   158   +7.279    2910     28     17  +0.0519  -1.0000  +0.9260  +1.0000
   2874    459081   160   +9.126    4692     48     38  +0.1085  -0.7686  +1.0000  +1.0000
   2875    459244   163   +8.199    3344     27      8  +0.0607  -1.0000  +1.0000  +1.0000
   2876    459405   161   +7.832    4073     32     76  +0.0438  -0.9310  +0.7397  +1.0000
   2877    459558   153   +8.450    5208     61     96  +0.1125  -0.6331  +0.8133  +1.0000
   2878    459714   156   +5.720    2236     20     19  -0.0245  -1.0000  +0.0655  +1.0000
   2879    459880   166   +7.835    4309     39     88  +0.0708  -0.8689  +0.9002  +1.0000
   2880    460037   157   +6.585    4371     43     51  +0.0852  -0.8527  +0.9945  +1.0000
   2881    460194   157   +7.015    4479     43     68  +0.0725  -0.8243  +0.7992  +1.0000
   2882    460355   161   +9.137    3956     30     83  +0.0391  -0.9617  +0.7718  +1.0000
   2883    460515   160   +7.296    3775     32    108  +0.0018  -1.0000  +0.6016  +1.0000
   2884    460674   159   +5.869    4313     42     82  +0.0586  -0.8679  +0.8156  +1.0000
   2885    460831   157   +7.120    3333     33     10  +0.0524  -1.0000  +1.0000  +1.0000
   2886    460994   163   +7.522    2942     18      7  +0.0739  -1.0000  +1.0000  +1.0000
   2887    461153   159   +6.763    3263     30     92  -0.0359  -1.0000  +0.1790  +1.0000
   2888    461313   160   +7.739    3441     28     24  +0.0371  -1.0000  +0.7990  +1.0000
   2889    461475   162   +3.814    1996     34     11  -0.2227  -1.0000  +0.1095  +0.4718
   2890    461637   162   +7.501    4328     42     54  +0.0617  -0.8639  +0.7948  +1.0000
   2891    461803   166   +7.668    4054     44     34  +0.0271  -0.9361  +0.7041  +1.0000
   2892    461961   158   +7.657    3669     31     20  +0.0544  -1.0000  +1.0000  +1.0000
   2893    462127   166   +7.068    1212     15      7  -0.0166  -1.0000  +0.0487  +1.0000
   2894    462284   157   +9.935    5455     62     62  +0.1533  -0.5682  +0.9698  +1.0000
   2895    462442   158   +6.001    2016     23     21  -0.0589  -1.0000  -0.2387  +1.0000
   2896    462600   158  +10.831    5538     63     82  +0.1526  -0.5463  +0.9240  +1.0000
   2897    462762   162  +10.451    4965     41     84  +0.1302  -0.6970  +0.9201  +1.0000
   2898    462922   160   +8.105    3496     45     49  -0.0476  -1.0000  +0.4642  +0.9294
   2899    463084   162   +8.551    4237     48     47  +0.0580  -0.8879  +0.9123  +1.0000
   2900    463244   160   +7.813    2235      8     26  +0.0328  -1.0000  +0.4780  +1.0000

  ── rolling mean (last 100 ep) ──  cum_R=+7.282  yield=3677 kg/ha  N=37  W=52 mm  R_seas=+0.0269  R_ane=+0.9663

   2901    463406   162   +5.099    2924     24    101  -0.0481  -1.0000  -0.0178  +1.0000
   2902    463569   163  +10.518    4715     42     55  +0.1171  -0.7624  +1.0000  +1.0000
   2903    463729   160   +8.565    2655     17     22  +0.0731  -1.0000  +1.0000  +1.0000
   2904    463883   154   +8.590    4468     36     61  +0.0830  -0.8274  +0.8039  +1.0000
   2905    464037   154   +9.725    4792     43     93  +0.0900  -0.7423  +0.7146  +1.0000
   2906    464192   155   +7.356    2400     14     29  -0.0017  -1.0000  +0.2099  +1.0000
   2907    464353   161   +4.220    2805     46      8  -0.1794  -1.0000  +0.5546  +0.5167
   2908    464513   160   +3.776    2191     28     21  -0.0746  -1.0000  -0.3197  +0.9951
   2909    464674   161   +7.654    3177     20     36  +0.0676  -1.0000  +1.0000  +1.0000
   2910    464833   159   +8.188    2916     22     22  +0.0672  -1.0000  +1.0000  +1.0000
   2911    464993   160   +7.426    2914     19     18  +0.0710  -1.0000  +1.0000  +1.0000
   2912    465154   161   +6.870    3928     41     52  +0.0404  -0.9689  +0.9285  +1.0000
   2913    465319   165   +9.693    5040     51     66  +0.1272  -0.6772  +0.9345  +1.0000
   2914    465477   158   +6.134    3257     37     65  -0.0134  -1.0000  +0.4578  +1.0000
   2915    465640   163   +4.951    3140     29     28  -0.0091  -1.0000  +0.3467  +1.0000
   2916    465799   159   +4.340    1230     16     24  -0.1155  -1.0000  -0.7993  +0.9691
   2917    465954   155  +10.317    4509     39     52  +0.1030  -0.8165  +1.0000  +1.0000
   2918    466114   160   +7.911    5749     79     63  +0.0473  -0.4910  +0.5285  +0.8137
   2919    466276   162   +8.355    4010     33     40  +0.0678  -0.9476  +1.0000  +1.0000
   2920    466436   160   +7.550    4598     40     88  +0.0573  -0.7931  +0.5183  +1.0000
   2921    466589   153   +9.756    4307     27    109  +0.0771  -0.8695  +0.8193  +1.0000
   2922    466745   156  +11.702    4904     47     71  +0.1260  -0.7127  +1.0000  +1.0000
   2923    466899   154   +9.306    4327     34     77  +0.0901  -0.8643  +1.0000  +1.0000
   2924    467059   160  +11.015    5937     72     58  +0.1572  -0.4417  +0.7022  +1.0000
   2925    467216   157   +5.625    2996     42     10  -0.0697  -1.0000  +0.5736  +0.8065
   2926    467377   161   +6.422    2677     25     64  -0.0103  -1.0000  +0.3187  +1.0000
   2927    467540   163   +9.310    5425     58     72  +0.1241  -0.5762  +0.6577  +1.0000
   2928    467702   162   +7.303    3520     23     35  +0.0470  -1.0000  +0.8326  +1.0000
   2929    467855   153  +10.167    5322     51     68  +0.1473  -0.6032  +0.8794  +1.0000
   2930    468017   162   +7.662    3894     28     90  +0.0460  -0.9781  +0.8825  +1.0000
   2931    468169   152   +9.458    4966     56     56  +0.0897  -0.6966  +0.6806  +1.0000
   2932    468334   165   +7.169    3371     28     10  +0.0601  -1.0000  +1.0000  +1.0000
   2933    468491   157   +9.849    4258     33     76  +0.0775  -0.8825  +0.9180  +1.0000
   2934    468652   161   +8.935    4961     42    101  +0.1199  -0.6980  +0.8561  +1.0000
   2935    468815   163  +10.100    4132     41     22  +0.0690  -0.9154  +1.0000  +1.0000
   2936    468978   163   +2.980    3504     57     20  -0.2185  -1.0000  +0.2367  +0.5422
   2937    469133   155  +11.640    5547     61     49  +0.1679  -0.5442  +1.0000  +1.0000
   2938    469288   155   +7.778    4771     44     93  +0.0972  -0.7477  +0.8187  +1.0000
   2939    469447   159   +8.565    3494     39      8  +0.0446  -1.0000  +1.0000  +1.0000
   2940    469604   157   +5.357    1500     12     29  -0.0636  -1.0000  -0.4255  +1.0000
   2941    469763   159   +5.581    3502     33     88  -0.0358  -1.0000  +0.2163  +1.0000
   2942    469921   158   +8.709    4800     46     85  +0.1125  -0.7401  +0.9606  +1.0000
   2943    470076   155  +10.412    4992     47     86  +0.1213  -0.6897  +0.8822  +1.0000
   2944    470238   162   +4.814    2638     40      9  -0.0785  -1.0000  +1.0000  +0.6526
   2945    470399   161   +8.670    4294     45     35  +0.0670  -0.8729  +0.9003  +1.0000
   2946    470566   167   +9.104    4811     40     68  +0.1247  -0.7374  +0.9684  +1.0000
   2947    470730   164   +6.766    3724     30     78  +0.0116  -1.0000  +0.6249  +1.0000
   2948    470894   164   +9.575    5582     74     73  +0.0691  -0.5350  +0.6300  +0.8750
   2949    471056   162  +10.544    5463     54     86  +0.1614  -0.5662  +0.9597  +1.0000
   2950    471219   163   +8.846    4669     40     92  +0.1009  -0.7747  +0.8887  +1.0000
   2951    471372   153   +8.586    4228     38    115  -0.0035  -0.8902  +0.2438  +1.0000
   2952    471536   164  +11.239    5943     55     87  +0.1856  -0.4401  +0.7743  +1.0000
   2953    471694   158   +1.663    4201     61     61  -0.1190  -0.8975  +0.3527  +0.7217
   2954    471856   162   +9.106    4181     38     90  +0.0648  -0.9026  +0.9499  +1.0000
   2955    472014   158  +10.003    4983     42     90  +0.0947  -0.6922  +0.5733  +1.0000
   2956    472171   157   +8.190    4348     39     42  +0.0893  -0.8587  +1.0000  +1.0000
   2957    472336   165   +7.536    4827     62     88  -0.0023  -0.7330  +0.2302  +0.9395
   2958    472495   159   +8.925    3001     21     63  +0.0624  -1.0000  +1.0000  +1.0000
   2959    472663   168  +10.083    3682     35     51  +0.0447  -1.0000  +1.0000  +1.0000
   2960    472822   159   +5.188    1908     18     15  -0.0021  -1.0000  +0.2552  +1.0000
   2961    472975   153   +9.733    5693     66    100  +0.1641  -0.5058  +0.9559  +1.0000
   2962    473129   154   +5.047    4564     54     87  +0.0090  -0.8022  +0.2514  +1.0000
   2963    473287   158   +6.272    2303     13     12  +0.0154  -1.0000  +0.3525  +1.0000
   2964    473449   162   +7.615    4073     51     40  -0.0030  -0.9311  +0.5439  +0.9858
   2965    473609   160   +5.452    4821     61     95  +0.0122  -0.7347  +0.2884  +0.9651
   2966    473770   161   +5.736    3842     32     95  -0.0056  -0.9916  +0.4747  +1.0000
   2967    473930   160   +8.644    4640     41     99  +0.0838  -0.7821  +0.7686  +1.0000
   2968    474089   159   +7.678    3320     28     12  +0.0593  -1.0000  +1.0000  +1.0000
   2969    474245   156   +8.503    5650     69     74  +0.1502  -0.5170  +0.8698  +1.0000
   2970    474405   160   +5.932    3019     20     67  +0.0023  -1.0000  +0.3870  +1.0000
   2971    474568   163   +5.441    5155     75     62  -0.0701  -0.6469  +0.2142  +0.7084
   2972    474726   158   +9.589    4012     30     50  +0.0705  -0.9471  +1.0000  +1.0000
   2973    474889   163   +6.354    4376     45     79  +0.0266  -0.8514  +0.4772  +1.0000
   2974    475039   150   +6.432    3290     29     66  +0.0163  -1.0000  +0.6491  +1.0000
   2975    475200   161   +7.232    4099     31     80  +0.0628  -0.9241  +0.8992  +1.0000
   2976    475366   166   +8.806    5404     70     60  +0.0965  -0.5816  +0.8502  +0.9169
   2977    475530   164   +7.707    1683      6     11  +0.0506  -1.0000  +0.5979  +1.0000
   2978    475693   163   +8.326    5039     49     82  +0.1282  -0.6775  +0.9382  +1.0000
   2979    475851   158   +5.916    2338     20     38  -0.0211  -1.0000  +0.1073  +1.0000
   2980    476005   154   +9.212    4870     44     87  +0.0954  -0.7218  +0.7045  +1.0000
   2981    476153   148   +8.445    3467     30     51  +0.0524  -1.0000  +1.0000  +1.0000
   2982    476313   160  +12.481    5669     57     87  +0.1807  -0.5120  +1.0000  +1.0000
   2983    476482   169   +5.528    3884     40     76  -0.0083  -0.9805  +0.5027  +1.0000
   2984    476640   158   +8.132    2692     18     43  +0.0701  -1.0000  +1.0000  +1.0000
   2985    476805   165  +12.225    5996     65     76  +0.2004  -0.4262  +1.0000  +1.0000
   2986    476965   160   +8.045    4669     48     80  +0.0926  -0.7745  +0.9091  +1.0000
   2987    477138   173   +8.656    4134     24     73  +0.0534  -0.9150  +0.6652  +1.0000
   2988    477302   164  +12.253    5983     52     67  +0.2057  -0.4296  +0.8722  +1.0000
   2989    477456   154   +7.821    2811     27     13  +0.0560  -1.0000  +0.9474  +1.0000
   2990    477616   160   +9.027    3866     24     76  +0.0441  -0.9853  +0.8229  +1.0000
   2991    477776   160   +6.635    4201     40     98  +0.0395  -0.8973  +0.7084  +1.0000
   2992    477939   163  +11.181    5742     52    111  +0.1602  -0.4929  +0.6848  +1.0000
   2993    478099   160   +7.799    5102     58     90  +0.1121  -0.6610  +0.8537  +1.0000
   2994    478253   154  +11.618    5758     49    125  +0.1696  -0.4888  +0.7431  +1.0000
   2995    478411   158   +6.123    3349     29     87  -0.0090  -1.0000  +0.4228  +1.0000
   2996    478572   161   +7.432    2782     24     31  +0.0311  -1.0000  +0.6824  +1.0000
   2997    478738   166   +9.464    4128     42     19  +0.0682  -0.9166  +1.0000  +1.0000
   2998    478898   160   +5.429    5153     77     85  -0.0883  -0.6475  +0.1710  +0.6818
   2999    479053   155   +7.967    4382     36    100  +0.0653  -0.8497  +0.7439  +1.0000
   3000    479212   159   +7.253    4628     34    114  +0.0715  -0.7852  +0.5715  +1.0000

  ── rolling mean (last 100 ep) ──  cum_R=+8.000  yield=4116 kg/ha  N=40  W=63 mm  R_seas=+0.0533  R_ane=+0.9709

   3001    479377   165   +5.397    4255     48    103  -0.0061  -0.8831  +0.3298  +1.0000
   3002    479541   164   +8.646    5198     70     54  +0.0622  -0.6357  +0.8475  +0.8679
   3003    479710   169   +7.206    4208     31     90  +0.0635  -0.8955  +0.8064  +1.0000
   3004    479867   157   +7.616    4540     57     96  +0.0359  -0.8083  +0.6522  +0.9860
   3005    480031   164   +7.513    4357     44     80  +0.0491  -0.8563  +0.6953  +1.0000
   3006    480185   154   +9.704    4553     44     86  +0.0970  -0.8051  +1.0000  +1.0000
   3007    480344   159   +8.772    4077     38     64  +0.0631  -0.9300  +1.0000  +1.0000
   3008    480502   158   +8.318    3404     36     61  -0.0107  -1.0000  +0.4678  +1.0000
   3009    480659   157   +7.893    4950     53    109  +0.1049  -0.7007  +0.8780  +1.0000
   3010    480817   158   +8.152    3912     44     43  +0.0427  -0.9734  +1.0000  +1.0000
   3011    480982   165   +9.144    5647     68     87  +0.1374  -0.5178  +0.7406  +1.0000
   3012    481147   165   +9.020    5096     48     86  +0.1210  -0.6623  +0.8101  +1.0000
   3013    481307   160  +11.098    4838     32    103  +0.1181  -0.7303  +0.8102  +1.0000
   3014    481463   156   +9.721    5485     53    111  +0.1441  -0.5604  +0.7815  +1.0000
   3015    481617   154   +9.561    5819     64     81  +0.1816  -0.4726  +0.9667  +1.0000
   3016    481772   155   +5.447    3842     49     90  -0.0870  -0.9916  +0.0581  +0.9538
   3017    481933   161   +8.067    3724     25     76  +0.0350  -1.0000  +0.7902  +1.0000
   3018    482090   157   +9.248    5716     73     74  +0.1088  -0.4998  +0.6313  +0.9490
   3019    482256   166  +10.605    5174     48     87  +0.1112  -0.6419  +0.6379  +1.0000
   3020    482415   159   +7.014    3645     24     77  +0.0165  -1.0000  +0.5880  +1.0000
   3021    482572   157   +7.748    3899     31    109  +0.0384  -0.9767  +0.8725  +1.0000
   3022    482730   158   +9.408    4938     59     58  +0.1143  -0.7039  +1.0000  +1.0000
   3023    482889   159   +5.346    3496     40     89  -0.0309  -1.0000  +0.3548  +1.0000
   3024    483046   157   +5.842    4486     62     52  -0.0584  -0.8226  +0.4195  +0.8027
   3025    483204   158   +9.591    4237     26    116  +0.0884  -0.8879  +1.0000  +1.0000
   3026    483364   160   +6.022    3698     31     88  +0.0114  -1.0000  +0.6535  +1.0000
   3027    483522   158  +10.603    5322     64     50  +0.1422  -0.6033  +0.9813  +1.0000
   3028    483682   160   +8.114    3764     25    106  +0.0324  -1.0000  +0.8070  +1.0000
   3029    483838   156   +8.054    4517     50     64  +0.0877  -0.8144  +1.0000  +1.0000
   3030    483997   159  +11.535    4664     50     70  +0.0853  -0.7758  +0.8593  +1.0000
   3031    484156   159   +5.262    2599     18     51  -0.0014  -1.0000  +0.3047  +1.0000
   3032    484322   166   +7.288    4482     41     79  +0.0613  -0.8237  +0.6679  +1.0000
   3033    484482   160   +5.977    2156     15     49  -0.0176  -1.0000  +0.0913  +1.0000
   3034    484640   158   +2.783    2952     41     59  -0.1214  -1.0000  +0.0827  +0.8126
   3035    484796   156   +5.590    2448     27     49  +0.0097  -1.0000  +0.5341  +1.0000
   3036    484950   154   +9.320    4673     36     80  +0.1134  -0.7734  +0.9383  +1.0000
   3037    485110   160   +8.613    4075     29     92  +0.0649  -0.9304  +0.9188  +1.0000
   3038    485269   159   +6.255    3667     32     82  -0.0043  -1.0000  +0.5086  +1.0000
   3039    485434   165   +7.594    3353     24     76  +0.0369  -1.0000  +0.8008  +1.0000
   3040    485592   158  +11.338    5592     46     96  +0.1615  -0.5323  +0.7374  +1.0000
   3041    485753   161  +11.825    5383     46    113  +0.1495  -0.5872  +0.8261  +1.0000
   3042    485912   159   +9.605    4860     55     61  +0.1119  -0.7245  +1.0000  +1.0000
   3043    486078   166   +9.226    4806     38     96  +0.1083  -0.7385  +0.8201  +1.0000
   3044    486237   159   +7.171    4463     50     83  +0.0573  -0.8287  +0.7756  +1.0000
   3045    486394   157   +5.907    2356     36      6  -0.0859  -1.0000  +1.0000  +0.6167
   3046    486552   158   +7.003    4467     60     61  -0.0093  -0.8275  +0.7072  +0.8599
   3047    486709   157   +8.898    5048     53     69  +0.1250  -0.6751  +0.9391  +1.0000
   3048    486863   154   +4.348    3306     37     70  -0.0547  -1.0000  +0.0494  +1.0000
   3049    487022   159   +9.558    5272     59     81  +0.1122  -0.6162  +0.6960  +1.0000
   3050    487183   161  +11.192    5452     56     87  +0.1545  -0.5689  +0.9314  +1.0000
   3051    487347   164   +5.990    3036     18     70  -0.0249  -1.0000  +0.0920  +1.0000
   3052    487506   159   +9.604    5296     55     75  +0.1392  -0.6101  +0.8911  +1.0000
   3053    487666   160   +5.329    3199     24     76  -0.0276  -1.0000  +0.1439  +1.0000
   3054    487826   160   +8.598    5044     50     99  +0.1185  -0.6761  +0.8716  +1.0000
   3055    487988   162   +9.418    3732     30     56  +0.0516  -1.0000  +1.0000  +1.0000
   3056    488155   167   +7.133    3524     27     63  +0.0548  -1.0000  +1.0000  +1.0000
   3057    488316   161  +10.965    5480     46     95  +0.1769  -0.5616  +1.0000  +1.0000
   3058    488476   160  +11.461    5916     69     85  +0.1866  -0.4472  +1.0000  +1.0000
   3059    488639   163   +8.126    3785     28     47  +0.0552  -1.0000  +1.0000  +1.0000
   3060    488805   166   +8.317    2441     16     16  +0.0099  -1.0000  +0.3373  +1.0000
   3061    488964   159   +9.126    5535     65     76  +0.1394  -0.5472  +0.8152  +1.0000
   3062    489118   154   +6.249    3314     30     80  -0.0125  -1.0000  +0.3904  +1.0000
   3063    489281   163   +8.363    3840     26     80  +0.0536  -0.9921  +0.9710  +1.0000
   3064    489448   167   +5.604    3105     30     84  -0.0590  -1.0000  -0.0689  +1.0000
   3065    489608   160   +6.672    3952     52     78  -0.0552  -0.9627  +0.5049  +0.8960
   3066    489765   157   +1.335    2483     49     37  -0.3141  -1.0000  +0.1935  +0.2572
   3067    489925   160   +9.963    4782     57     51  +0.0928  -0.7450  +0.8932  +1.0000
   3068    490086   161   +8.848    4692     50     58  +0.1035  -0.7685  +1.0000  +1.0000
   3069    490244   158   +6.149    3263     34     75  +0.0045  -1.0000  +0.6181  +1.0000
   3070    490403   159   +7.452    3566     30     83  +0.0371  -1.0000  +0.8834  +1.0000
   3071    490564   161   +9.252    4917     47     97  +0.0857  -0.7094  +0.6162  +1.0000
   3072    490722   158   +6.438    3849     34     82  +0.0436  -0.9897  +0.9754  +1.0000
   3073    490879   157   +8.495    3476     22     78  +0.0535  -1.0000  +0.9322  +1.0000
   3074    491040   161  +10.228    5196     65     64  +0.1204  -0.6361  +0.9120  +1.0000
   3075    491195   155   +8.206    5273     48     91  +0.1287  -0.6160  +0.7257  +1.0000
   3076    491355   160   +8.991    4947     43     57  +0.1377  -0.7017  +1.0000  +1.0000
   3077    491519   164   +6.016    3564     37     76  +0.0069  -1.0000  +0.6726  +1.0000
   3078    491680   161   +6.384    2961     23     74  -0.0138  -1.0000  +0.2678  +1.0000
   3079    491843   163   +8.052    3906     35     84  +0.0103  -0.9747  +0.6023  +1.0000
   3080    491997   154   +9.568    4359     44     84  +0.0792  -0.8559  +0.9976  +1.0000
   3081    492158   161   +8.780    4792     40     81  +0.0756  -0.7421  +0.5054  +1.0000
   3082    492318   160   +7.670    4120     33     61  +0.0747  -0.9186  +1.0000  +1.0000
   3083    492473   155   +8.809    3725     36     84  +0.0268  -1.0000  +0.8766  +1.0000
   3084    492634   161   +7.714    5242     62     71  +0.0884  -0.6240  +0.5222  +1.0000
   3085    492797   163   +7.514    4105     45     59  +0.0412  -0.9225  +0.8447  +1.0000
   3086    492956   159   +9.948    5641     68     90  +0.1627  -0.5193  +1.0000  +1.0000
   3087    493116   160   +8.411    5962     83     66  +0.0615  -0.4351  +0.5762  +0.8001
   3088    493271   155   +2.958    4298     58     94  -0.0717  -0.8718  +0.3259  +0.8395
   3089    493429   158   +5.909    3951     35     90  +0.0330  -0.9630  +0.7977  +1.0000
   3090    493592   163   +9.723    5585     53    102  +0.1538  -0.5341  +0.7703  +1.0000
   3091    493752   160   +6.676    3532     29     77  +0.0083  -1.0000  +0.5875  +1.0000
   3092    493910   158   +6.078    4405     50     90  +0.0220  -0.8438  +0.4811  +1.0000
   3093    494069   159   +7.812    3604     36     40  +0.0441  -1.0000  +1.0000  +1.0000
   3094    494224   155   +9.050    5313     61    128  +0.1204  -0.6055  +0.8329  +1.0000
   3095    494387   163   +9.749    5894     61     99  +0.1651  -0.4530  +0.7077  +1.0000
   3096    494541   154   +9.161    4922     41    121  +0.1116  -0.7082  +0.8173  +1.0000
   3097    494702   161   +7.760    4125     38     52  +0.0528  -0.9173  +0.8267  +1.0000
   3098    494858   156   +6.297    4212     52     89  -0.0004  -0.8944  +0.4626  +1.0000
   3099    495023   165   +8.083    5334     64    111  +0.0859  -0.6000  +0.4951  +1.0000
   3100    495183   160   +9.277    4519     42     91  +0.0773  -0.8138  +0.8145  +1.0000

  ── rolling mean (last 100 ep) ──  cum_R=+7.989  yield=4326 kg/ha  N=44  W=78 mm  R_seas=+0.0559  R_ane=+0.9764

   3101    495342   159   +8.826    3760     28     81  +0.0483  -1.0000  +0.9659  +1.0000
   3102    495502   160   +6.350    1481      9     14  -0.0078  -1.0000  +0.0671  +1.0000
   3103    495662   160  +10.051    4598     39    111  +0.0724  -0.7933  +0.6838  +1.0000
   3104    495817   155  +10.522    5843     75     91  +0.1317  -0.4665  +0.8330  +0.9376
   3105    495976   159   +9.625    5625     61     67  +0.1592  -0.5235  +0.8552  +1.0000
   3106    496141   165   +9.198    4738     40    108  +0.0821  -0.7565  +0.6648  +1.0000
   3107    496301   160   +9.426    5160     46    130  +0.1135  -0.6456  +0.6996  +1.0000
   3108    496462   161  +10.241    6270     84     88  +0.1295  -0.3544  +0.7557  +0.8734
   3109    496628   166   +7.546    4306     39     93  +0.0453  -0.8698  +0.6540  +1.0000
   3110    496789   161  +10.134    5672     60     77  +0.1669  -0.5114  +0.8834  +1.0000
   3111    496951   162   +8.420    4362     42     72  +0.0624  -0.8551  +0.7932  +1.0000
   3112    497114   163   +7.077    4975     67     82  +0.0168  -0.6942  +0.6557  +0.8515
   3113    497276   162   +8.831    4852     45     90  +0.1126  -0.7266  +0.9044  +1.0000
   3114    497434   158  +11.207    5308     40    105  +0.1598  -0.6068  +0.9145  +1.0000
   3115    497593   159   +9.515    5496     53     78  +0.1496  -0.5574  +0.7854  +1.0000
   3116    497760   167   +9.944    5470     58     71  +0.1625  -0.5644  +1.0000  +1.0000
   3117    497921   161   +7.733    4939     60    105  +0.0517  -0.7036  +0.4523  +1.0000
   3118    498079   158   +9.131    5181     53     88  +0.1361  -0.6401  +0.9461  +1.0000
   3119    498236   157   +6.756    2776     17     70  +0.0324  -1.0000  +0.6453  +1.0000
   3120    498396   160   +8.161    3657     27     93  +0.0352  -1.0000  +0.8399  +1.0000
   3121    498559   163   +8.926    4730     50     66  +0.1072  -0.7587  +1.0000  +1.0000
   3122    498717   158   +6.666    4416     51     60  +0.0450  -0.8411  +0.6783  +1.0000
   3123    498872   155   +7.640    3922     28     57  +0.0644  -0.9705  +1.0000  +1.0000
   3124    499035   163   +9.470    6574     88    102  +0.1242  -0.2747  +0.5488  +0.8609
   3125    499191   156   +7.854    4181     40     71  +0.0532  -0.9025  +0.8299  +1.0000
   3126    499352   161   +9.050    4407     45     82  +0.0622  -0.8433  +0.8063  +1.0000
   3127    499514   162  +10.253    5752     63    100  +0.1670  -0.4903  +0.8914  +1.0000
   3128    499675   161  +10.794    5146     50     74  +0.1439  -0.6492  +1.0000  +1.0000
   3129    499834   159   +9.352    5124     44    117  +0.1207  -0.6551  +0.7610  +1.0000
   3130    499995   161   +8.426    4145     31    110  +0.0528  -0.9120  +0.7801  +1.0000
   3131    500157   162   +8.810    2673     12     35  +0.0792  -1.0000  +1.0000  +1.0000
   3132    500322   165   +6.762    3519     30     63  +0.0320  -1.0000  +0.8088  +1.0000
   3133    500483   161   +8.148    4695     40     82  +0.0940  -0.7677  +0.7833  +1.0000
   3134    500644   161   +8.415    5177     69     54  +0.0795  -0.6412  +0.9731  +0.8835
   3135    500800   156  +10.051    4872     47     99  +0.1034  -0.7213  +0.8302  +1.0000
   3136    500964   164   +7.293    2657     16     16  +0.0761  -1.0000  +1.0000  +1.0000
   3137    501125   161  +12.447    6521     82    106  +0.2110  -0.2886  +0.8912  +0.9991
   3138    501286   161   +8.726    5550     68    101  +0.1263  -0.5433  +0.7327  +1.0000
   3139    501445   159   +7.174    3667     47     10  +0.0093  -1.0000  +1.0000  +0.9338
   3140    501605   160  +11.696    5384     44    113  +0.1509  -0.5869  +0.8115  +1.0000
   3141    501766   161  +11.245    5026     61     79  +0.0826  -0.6809  +0.6577  +1.0000
   3142    501923   157   +8.694    4109     49     56  +0.0526  -0.9215  +1.0000  +1.0000
   3143    502081   158   +9.830    6072     76     75  +0.1757  -0.4064  +0.8459  +0.9966
   3144    502239   158   +7.017    4576     67     56  -0.0658  -0.7989  +0.7000  +0.6994
   3145    502400   161  +10.013    6040     72     87  +0.1844  -0.4148  +0.9017  +1.0000
   3146    502559   159   +7.995    4053     33     64  +0.0434  -0.9363  +0.7544  +1.0000
   3147    502715   156   +9.592    4946     46    116  +0.1041  -0.7020  +0.7809  +1.0000
   3148    502875   160   +7.393    4239     39     84  +0.0647  -0.8874  +0.9032  +1.0000
   3149    503042   167   +8.753    3726     25     93  +0.0300  -1.0000  +0.7604  +1.0000
   3150    503205   163   +8.580    4472     41    104  +0.0765  -0.8263  +0.8567  +1.0000
   3151    503360   155  +10.433    5757     72     77  +0.1496  -0.4889  +0.8392  +0.9918
   3152    503521   161  +10.566    5308     62     90  +0.1227  -0.6069  +0.8346  +1.0000
   3153    503682   161   +6.615    3347     26     71  +0.0420  -1.0000  +0.8690  +1.0000
   3154    503846   164   +9.961    5524     66     92  +0.1313  -0.5500  +0.7662  +1.0000
   3155    504009   163   +9.386    4369     36    125  +0.0048  -0.8533  +0.1943  +1.0000
   3156    504168   159  +10.618    5282     59     63  +0.1445  -0.6137  +1.0000  +1.0000
   3157    504329   161   +9.193    4703     36    116  +0.1071  -0.7657  +0.8935  +1.0000
   3158    504493   164   +7.985    4391     32     95  +0.0676  -0.8476  +0.7085  +1.0000
   3159    504648   155   +7.459    5226     66     83  +0.0834  -0.6283  +0.5808  +0.9916
   3160    504811   163   +4.853    4752     70     96  -0.1009  -0.7528  +0.2529  +0.7039
   3161    504971   160  +10.471    6197     74     94  +0.1922  -0.3736  +0.8785  +1.0000
   3162    505131   160  +10.353    5399     47    123  +0.1222  -0.5829  +0.5720  +1.0000
   3163    505298   167   +6.723    4699     63     56  +0.0002  -0.7667  +0.6583  +0.8521
   3164    505455   157   +8.966    5228     56     83  +0.1211  -0.6278  +0.7992  +1.0000
   3165    505618   163   +7.610    3953     48     38  +0.0410  -0.9626  +0.9897  +1.0000
   3166    505781   163   +7.914    4312     34    113  +0.0638  -0.8683  +0.7943  +1.0000
   3167    505943   162   +9.026    6344     87     75  +0.1050  -0.3348  +0.6163  +0.8310
   3168    506108   165   +8.121    5155     54    100  +0.1140  -0.6469  +0.7844  +1.0000
   3169    506267   159   +9.860    5441     60     96  +0.1399  -0.5720  +0.8494  +1.0000
   3170    506425   158   +8.757    5392     55    111  +0.1250  -0.5846  +0.6973  +1.0000
   3171    506583   158   +7.942    4239     48     92  +0.0186  -0.8874  +0.5746  +1.0000
   3172    506750   167   +8.432    4045     34     88  +0.0603  -0.9382  +0.9730  +1.0000
   3173    506911   161  +11.910    6085     66     52  +0.1938  -0.4029  +0.8378  +1.0000
   3174    507069   158   +6.729    3848     27     93  +0.0329  -0.9901  +0.7783  +1.0000
   3175    507232   163   +9.299    4960     47    100  +0.1117  -0.6982  +0.8426  +1.0000
   3176    507397   165   +9.010    4900     58     47  +0.1138  -0.7138  +1.0000  +1.0000
   3177    507556   159   +8.183    5160     53     92  +0.1143  -0.6458  +0.7541  +1.0000
   3178    507720   164   +8.479    3910     28     66  +0.0554  -0.9738  +0.9270  +1.0000
   3179    507878   158   +8.278    3834     42     94  +0.0324  -0.9936  +1.0000  +1.0000
   3180    508041   163   +5.602    4213     45     77  +0.0147  -0.8942  +0.4996  +1.0000
   3181    508212   171   +9.486    5072     46     92  +0.1100  -0.6688  +0.7031  +1.0000
   3182    508371   159   +7.532    5411     72     43  +0.0866  -0.5797  +0.8362  +0.8892
   3183    508530   159   +6.398    4150     57     26  -0.0253  -0.9108  +0.8920  +0.8203
   3184    508682   152   +9.891    6010     65    105  +0.1726  -0.4225  +0.7432  +1.0000
   3185    508843   161   +7.871    4262     36     96  +0.0458  -0.8812  +0.6642  +1.0000
   3186    509003   160   +5.206    4152     51     88  -0.0116  -0.9101  +0.3932  +1.0000
   3187    509160   157   +9.034    5214     51     92  +0.1256  -0.6315  +0.7881  +1.0000
   3188    509317   157   +8.151    3753     51     54  -0.0310  -1.0000  +1.0000  +0.8472
   3189    509480   163   +5.185    3770     45     67  -0.0300  -1.0000  +0.4077  +1.0000
   3190    509642   162   +4.976    4996     76     38  -0.0585  -0.6886  +0.7020  +0.6386
   3191    509805   163   +6.233    5260     75     30  +0.0217  -0.6196  +0.7931  +0.7633
   3192    509958   153   +9.031    3230     36     49  +0.0311  -1.0000  +0.8802  +1.0000
   3193    510121   163  +10.230    5463     58    101  +0.1548  -0.5662  +0.9691  +1.0000
   3194    510288   167   +8.617    3934     34     61  +0.0560  -0.9674  +1.0000  +1.0000
   3195    510445   157   +7.360    4535     49     66  +0.0897  -0.8097  +1.0000  +1.0000
   3196    510610   165   +5.553    1287     13     24  -0.0448  -1.0000  -0.2329  +1.0000
   3197    510769   159  +10.460    5902     75     76  +0.1643  -0.4509  +0.9539  +0.9729
   3198    510926   157  +12.072    5744     51    109  +0.1634  -0.4923  +0.6997  +1.0000
   3199    511088   162   +8.189    6227     92     91  +0.0631  -0.3655  +0.9013  +0.6883
   3200    511244   156   +6.899    3707     32     89  +0.0127  -1.0000  +0.6806  +1.0000

  ── rolling mean (last 100 ep) ──  cum_R=+8.629  yield=4729 kg/ha  N=50  W=80 mm  R_seas=+0.0813  R_ane=+0.9703

   3201    511402   158   +6.713    4954     68    108  -0.0089  -0.6998  +0.5892  +0.8157
   3202    511559   157  +10.911    5415     64     50  +0.1414  -0.5787  +0.9022  +1.0000
   3203    511716   157   +5.810    3550     27     89  -0.0220  -1.0000  +0.2628  +1.0000
   3204    511879   163  +12.040    5541     56    103  +0.1556  -0.5457  +0.8789  +1.0000
   3205    512036   157   +7.117    3978     41     90  +0.0467  -0.9559  +1.0000  +1.0000
   3206    512195   159  +10.166    5339     48     58  +0.1610  -0.5986  +0.9448  +1.0000
   3207    512353   158   +7.264    3937     36     88  +0.0227  -0.9666  +0.7272  +1.0000
   3208    512517   164   +8.088    1997      9     17  +0.0593  -1.0000  +0.7383  +1.0000
   3209    512674   157   +3.583    2996     48     65  -0.1802  -1.0000  +0.4798  +0.5622
   3210    512837   163   +6.109    3746     40     56  -0.0016  -1.0000  +0.6124  +1.0000
   3211    512993   156   +7.259    4386     64     70  -0.0760  -0.8490  +0.7081  +0.7099
   3212    513152   159  +10.136    4912     43     91  +0.1167  -0.7108  +0.8606  +1.0000
   3213    513314   162   +7.362    4206     38     94  +0.0404  -0.8960  +0.6784  +1.0000
   3214    513464   150   +1.059    3162     47     82  -0.1812  -1.0000  +0.1048  +0.6698
   3215    513621   157  +11.641    5693     52     95  +0.1880  -0.5057  +1.0000  +1.0000
   3216    513782   161   +5.213    3520     36     36  +0.0118  -1.0000  +0.6637  +1.0000
   3217    513941   159   +7.551    3371     33     74  +0.0426  -1.0000  +0.9730  +1.0000
   3218    514103   162   +8.667    4276     42     64  +0.0770  -0.8778  +1.0000  +1.0000
   3219    514271   168   +9.613    3908     40     18  +0.0509  -0.9743  +1.0000  +1.0000
   3220    514433   162   +8.986    4952     54     74  +0.1047  -0.7002  +0.8351  +1.0000
   3221    514593   160   +7.778    4796     49     81  +0.0971  -0.7412  +0.8532  +1.0000
   3222    514755   162   +8.169    2875     15     49  +0.0184  -1.0000  +0.4577  +1.0000
   3223    514916   161   +6.278    2849     20     23  +0.0121  -1.0000  +0.4360  +1.0000
   3224    515080   164   +8.437    2684     17      6  +0.0752  -1.0000  +1.0000  +1.0000
   3225    515243   163   +8.904    5100     47     94  +0.1226  -0.6613  +0.8102  +1.0000
   3226    515402   159  +11.226    5934     69     77  +0.1869  -0.4424  +0.9782  +1.0000
   3227    515562   160   +6.183    4243     46     94  +0.0121  -0.8865  +0.4873  +1.0000
   3228    515726   164  +10.899    5394     55     77  +0.1517  -0.5842  +0.9296  +1.0000
   3229    515887   161   +7.558    2161     14     15  +0.0582  -1.0000  +0.7951  +1.0000
   3230    516047   160   +9.130    4704     43    102  +0.0849  -0.7654  +0.7577  +1.0000
   3231    516209   162   +9.156    3833     34     54  +0.0487  -0.9939  +1.0000  +1.0000
   3232    516376   167   +5.784    3650     49     22  -0.0224  -1.0000  +0.9550  +0.8663
   3233    516534   158   +6.090    3928     42     88  -0.0153  -0.9691  +0.4308  +1.0000
   3234    516693   159  +11.387    5492     58     76  +0.1500  -0.5585  +0.8563  +1.0000
   3235    516852   159   +7.003    4441     51     57  +0.0620  -0.8345  +0.8195  +1.0000
   3236    517012   160  +10.384    5750     66    100  +0.1657  -0.4908  +0.9157  +1.0000
   3237    517175   163   +8.675    3415     35     19  +0.0485  -1.0000  +1.0000  +1.0000
   3238    517326   151  +10.640    5294     57    100  +0.1407  -0.6104  +0.9588  +1.0000
   3239    517487   161   +8.144    4786     62     59  +0.0593  -0.7439  +0.8383  +0.9408
   3240    517647   160  +10.965    5680     53     97  +0.1745  -0.5092  +0.8914  +1.0000
   3241    517809   162   +9.659    5353     42    130  +0.1287  -0.5951  +0.6149  +1.0000
   3242    517971   162   +5.157    1416     12     17  -0.0328  -1.0000  -0.1410  +1.0000
   3243    518133   162   +6.645    4515     51     46  +0.0883  -0.8150  +1.0000  +1.0000
   3244    518293   160   +8.223    3890     32     58  +0.0558  -0.9789  +1.0000  +1.0000
   3245    518450   157   +5.970    3831     56     43  -0.0974  -0.9945  +0.8397  +0.7144
   3246    518611   161  +12.225    5451     64     94  +0.1495  -0.5694  +1.0000  +1.0000
   3247    518779   168  +11.010    5092     43     66  +0.1366  -0.6634  +0.8745  +1.0000
   3248    518936   157   +8.874    5016     51     88  +0.1231  -0.6836  +0.9484  +1.0000
   3249    519106   170  +11.165    4872     43     82  +0.1278  -0.7213  +1.0000  +1.0000
   3250    519269   163   +6.566    5904     90     87  -0.0194  -0.4505  +0.4757  +0.6474
   3251    519431   162   +2.265    3876     63     88  -0.2447  -0.9827  +0.0982  +0.5379
   3252    519595   164   +6.699    3818     30     88  +0.0182  -0.9980  +0.6987  +1.0000
   3253    519750   155   +7.318    3644     30     72  +0.0277  -1.0000  +0.7840  +1.0000
   3254    519912   162   +9.970    4989     45     85  +0.1130  -0.6905  +0.7837  +1.0000
   3255    520076   164  +10.341    4333     34    103  +0.0707  -0.8627  +0.8293  +1.0000
   3256    520234   158   +6.701    3923     48     78  -0.0240  -0.9705  +0.4213  +1.0000
   3257    520395   161   +6.991    4608     44    101  +0.0683  -0.7905  +0.6832  +1.0000
   3258    520556   161   +7.983    3512     22     46  +0.0514  -1.0000  +0.8725  +1.0000
   3259    520718   162   +9.729    5003     62     74  +0.0923  -0.6870  +0.7854  +1.0000
   3260    520872   154  +10.842    5390     44     98  +0.1444  -0.5853  +0.7192  +1.0000
   3261    521034   162   +7.298    3294     27     25  +0.0566  -1.0000  +0.9701  +1.0000
   3262    521194   160   +6.939    3606     25     61  +0.0580  -1.0000  +1.0000  +1.0000
   3263    521362   168  +10.200    5246     48     70  +0.1523  -0.6232  +0.9605  +1.0000
   3264    521518   156  +12.053    5274     66     82  +0.1289  -0.6158  +1.0000  +0.9916
   3265    521674   156   +5.393    4205     66     61  -0.1334  -0.8963  +0.7734  +0.5811
   3266    521830   156   +7.203    4500     55     72  +0.0397  -0.8190  +0.6195  +1.0000
   3267    521996   166   +6.020    2862     22     72  -0.0441  -1.0000  -0.0478  +1.0000
   3268    522150   154  +10.783    5659     66     91  +0.1661  -0.5148  +1.0000  +1.0000
   3269    522313   163  +10.178    4751     45     62  +0.1155  -0.7530  +1.0000  +1.0000
   3270    522469   156   +5.147    3389     34     24  -0.0058  -1.0000  +0.4414  +1.0000
   3271    522631   162   +7.789    4810     60     66  +0.0825  -0.7375  +0.8249  +1.0000
   3272    522792   161  +11.431    5224     47     94  +0.1417  -0.6288  +0.8949  +1.0000
   3273    522950   158   +7.792    4514     41     94  +0.0856  -0.8152  +0.8952  +1.0000
   3274    523113   163   +6.682    5313     71     88  +0.0325  -0.6054  +0.5336  +0.8616
   3275    523274   161  +12.080    6042     69     95  +0.1967  -0.4143  +1.0000  +1.0000
   3276    523439   165  +11.458    5685     49     89  +0.1878  -0.5080  +0.9550  +1.0000
   3277    523604   165   +7.321    3745     27     81  +0.0100  -1.0000  +0.5792  +1.0000
   3278    523767   163   +4.860    3684     50     77  -0.0908  -1.0000  +0.3663  +0.8605
   3279    523919   152   +9.327    5318     45    110  +0.1356  -0.6041  +0.7386  +1.0000
   3280    524083   164   +9.811    5444     70     59  +0.1015  -0.5710  +0.7792  +0.9393
   3281    524237   154   +8.167    5184     54     93  +0.1258  -0.6393  +0.8617  +1.0000
   3282    524391   154   +6.866    3797     34     95  +0.0211  -1.0000  +0.8004  +1.0000
   3283    524547   156   +7.815    5382     56     96  +0.1376  -0.5874  +0.8311  +1.0000
   3284    524699   152  +11.246    5464     47    108  +0.1732  -0.5657  +0.9965  +1.0000
   3285    524860   161   +3.948    1397     18     12  -0.0787  -1.0000  -0.3431  +0.9490
   3286    525027   167   +9.926    4942     43     52  +0.1372  -0.7029  +1.0000  +1.0000
   3287    525190   163   +4.016    4514     65     82  -0.0927  -0.8153  +0.3497  +0.7384
   3288    525353   163   +8.743    4847     48    103  +0.0865  -0.7278  +0.7016  +1.0000
   3289    525509   156   +9.934    5214     56     88  +0.1106  -0.6314  +0.6983  +1.0000
   3290    525660   151   +5.791    4787     71     84  -0.0622  -0.7436  +0.6365  +0.6953
   3291    525818   158   +7.779    2254     14      7  +0.0799  -1.0000  +1.0000  +1.0000
   3292    525979   161   +8.698    2179     14     12  +0.0783  -1.0000  +1.0000  +1.0000
   3293    526140   161   +7.983    4589     54     92  +0.0407  -0.7956  +0.5606  +1.0000
   3294    526296   156   +3.558    4226     64     77  -0.1341  -0.8907  +0.5016  +0.6473
   3295    526454   158   +8.094    4382     45     62  +0.0793  -0.8500  +0.9771  +1.0000
   3296    526618   164   +9.948    4709     41    118  +0.0863  -0.7641  +0.7477  +1.0000
   3297    526779   161   +8.461    4864     56     58  +0.1021  -0.7235  +0.9125  +1.0000
   3298    526938   159   +5.630    1564     17     23  -0.0418  -1.0000  -0.1467  +1.0000
   3299    527097   159   +6.291    3834     43     72  -0.0064  -0.9938  +0.6038  +1.0000
   3300    527258   161   +9.362    2897     33      5  +0.0269  -1.0000  +0.7332  +1.0000

  ── rolling mean (last 100 ep) ──  cum_R=+8.144  yield=4329 kg/ha  N=45  W=71 mm  R_seas=+0.0564  R_ane=+0.9573

   3301    527420   162   +8.815    6547     90     90  +0.1371  -0.2816  +0.8175  +0.8285
   3302    527585   165  +10.674    4913     46    102  +0.1002  -0.7105  +0.7487  +1.0000
   3303    527742   157   +8.398    2770     16     36  +0.0599  -1.0000  +0.8651  +1.0000
   3304    527901   159   +8.156    5370     76     64  +0.0258  -0.5906  +0.7866  +0.7656
   3305    528060   159   +7.279    4308     37     79  +0.0841  -0.8693  +1.0000  +1.0000
   3306    528220   160   +9.216    5868     70     78  +0.1576  -0.4598  +0.7625  +1.0000
   3307    528385   165  +10.212    4878     57     65  +0.1057  -0.7197  +0.9464  +1.0000
   3308    528544   159   +8.760    5233     45    115  +0.1211  -0.6266  +0.6779  +1.0000
   3309    528699   155  +11.153    5363     60    114  +0.1321  -0.5923  +0.8772  +1.0000
   3310    528853   154   +8.459    4044     35     54  +0.0508  -0.9386  +0.8525  +1.0000
   3311    529014   161   +7.974    2373     17     40  +0.0174  -1.0000  +0.4603  +1.0000
   3312    529172   158   +6.373    3910     41     77  -0.0119  -0.9738  +0.4589  +1.0000
   3313    529329   157   +8.444    4246     41     59  +0.0751  -0.8855  +1.0000  +1.0000
   3314    529492   163   +8.201    4577     50     55  +0.0701  -0.7986  +0.7672  +1.0000
   3315    529652   160   +6.391    3719     46     73  -0.0390  -1.0000  +0.3439  +1.0000
   3316    529817   165  +11.278    5714     62     69  +0.1793  -0.5002  +1.0000  +1.0000
   3317    529980   163   +7.517    2870     18      5  +0.0742  -1.0000  +1.0000  +1.0000
   3318    530139   159   +8.106    4977     51     97  +0.1057  -0.6938  +0.8147  +1.0000
   3319    530297   158  +10.302    5916     69     72  +0.1720  -0.4472  +0.8332  +1.0000
   3320    530459   162   +9.588    4460     45     64  +0.0888  -0.8293  +1.0000  +1.0000
   3321    530616   157   +8.669    4798     47     82  +0.1141  -0.7406  +0.9913  +1.0000
   3322    530775   159  +11.205    5576     48     90  +0.1778  -0.5363  +0.9309  +1.0000
   3323    530937   162   +6.749    3285     18     73  +0.0271  -1.0000  +0.6164  +1.0000
   3324    531097   160   +7.151    4361     43     60  +0.0502  -0.8553  +0.6727  +1.0000
   3325    531260   163   +7.831    5743     68     74  +0.1416  -0.4928  +0.6898  +1.0000
   3326    531426   166   +6.974    4535     48    100  +0.0506  -0.8096  +0.6344  +1.0000
   3327    531580   154  +12.387    5815     59    105  +0.1828  -0.4736  +0.9381  +1.0000
   3328    531736   156  +10.820    5555     64     62  +0.1636  -0.5421  +1.0000  +1.0000
   3329    531897   161  +11.513    5565     58     98  +0.1683  -0.5393  +1.0000  +1.0000
   3330    532056   159   +6.814    3697     35     25  +0.0447  -1.0000  +0.9613  +1.0000
   3331    532217   161  +10.859    5438     43    110  +0.1539  -0.5727  +0.7793  +1.0000
   3332    532373   156   +9.776    5165     54     99  +0.1117  -0.6444  +0.7468  +1.0000
   3333    532532   159   +9.253    4978     56     53  +0.1179  -0.6934  +0.9553  +1.0000
   3334    532691   159   +6.343    3929     45     50  +0.0309  -0.9689  +0.8886  +1.0000
   3335    532857   166   +5.981    1162     10     25  -0.0895  -1.0000  -0.7271  +1.0000
   3336    533020   163   +7.780    4401     40     99  +0.0405  -0.8448  +0.5405  +1.0000
   3337    533186   166  +11.509    5279     42    112  +0.1289  -0.6145  +0.6663  +1.0000
   3338    533344   158   +5.455     740      7      6  -0.0771  -1.0000  -0.6685  +1.0000
   3339    533505   161  +10.722    4996     41     99  +0.1366  -0.6888  +0.9661  +1.0000
   3340    533662   157   +8.380    5069     52    126  +0.1083  -0.6697  +0.8082  +1.0000
   3341    533824   162   +9.832    6009     76    133  +0.1070  -0.4228  +0.3064  +0.9886
   3342    533979   155   +8.191    5080     63    101  +0.0837  -0.6667  +0.6726  +1.0000
   3343    534139   160   +8.591    5459     61     71  +0.1273  -0.5673  +0.7036  +1.0000
   3344    534304   165   +8.055    4627     50    126  +0.0407  -0.7855  +0.5036  +1.0000
   3345    534464   160   +8.651    4854     56     92  +0.0879  -0.7259  +0.8106  +1.0000
   3346    534622   158  +10.058    6107     64     84  +0.2017  -0.3971  +0.9104  +1.0000
   3347    534783   161   +7.775    4501     41     91  +0.0740  -0.8187  +0.7869  +1.0000
   3348    534940   157  +10.751    5644     51    126  +0.1454  -0.5186  +0.6380  +1.0000
   3349    535103   163   +8.419    4727     49     72  +0.1068  -0.7593  +1.0000  +1.0000
   3350    535262   159   +8.555    5376     51    113  +0.1323  -0.5890  +0.7373  +1.0000
   3351    535418   156   +9.138    4239     29     74  +0.0744  -0.8875  +0.8421  +1.0000
   3352    535574   156   +7.910    4727     48     99  +0.1026  -0.7592  +0.9721  +1.0000
   3353    535734   160   +9.398    5016     53     90  +0.1154  -0.6835  +0.8945  +1.0000
   3354    535892   158   +7.716    2571     17     20  +0.0738  -1.0000  +1.0000  +1.0000
   3355    536050   158   +6.251    3924     38     72  +0.0226  -0.9702  +0.7340  +1.0000
   3356    536213   163  +12.216    6463     69    119  +0.2074  -0.3038  +0.7460  +1.0000
   3357    536376   163   +6.405    2623     25      9  +0.0220  -1.0000  +0.5806  +1.0000
   3358    536540   164  +11.945    5574     63     71  +0.1568  -0.5369  +0.9108  +1.0000
   3359    536695   155   +6.793    4054     36     84  +0.0467  -0.9361  +0.8446  +1.0000
   3360    536859   164   +5.135    4766     66     52  -0.0468  -0.7492  +0.3375  +0.8016
   3361    537019   160  +10.451    5125     58     74  +0.1307  -0.6549  +1.0000  +1.0000
   3362    537176   157   +9.192    5074     56     69  +0.1196  -0.6683  +0.8974  +1.0000
   3363    537338   162   +9.730    4624     41     97  +0.0990  -0.7863  +0.9336  +1.0000
   3364    537500   162   +6.597    1649     22     19  -0.0497  -1.0000  +0.1336  +0.9126
   3365    537666   166   +7.437    3931     42    107  -0.0265  -0.9682  +0.3480  +1.0000
   3366    537829   163  +12.342    5113     49    104  +0.1381  -0.6580  +1.0000  +1.0000
   3367    537988   159   +9.330    4690     44     95  +0.1017  -0.7689  +0.9445  +1.0000
   3368    538148   160   +7.313    3432     45     38  -0.0288  -1.0000  +0.7689  +0.8923
   3369    538309   161  +12.444    6357     68    105  +0.2052  -0.3316  +0.7974  +1.0000
   3370    538462   153  +11.529    5881     69    104  +0.1813  -0.4564  +1.0000  +1.0000
   3371    538622   160  +11.024    5221     49     87  +0.1447  -0.6298  +0.9463  +1.0000
   3372    538785   163   +7.022    3461     30      4  +0.0569  -1.0000  +1.0000  +1.0000
   3373    538949   164   +7.290    2709     16     22  +0.0687  -1.0000  +0.9318  +1.0000
   3374    539107   158   +8.730    4756     50    120  +0.0826  -0.7518  +0.7972  +1.0000
   3375    539267   160  +11.671    5679     54     88  +0.1659  -0.5094  +0.8096  +1.0000
   3376    539427   160   +1.472    4366     82     63  -0.2832  -0.8540  +0.2461  +0.3254
   3377    539587   160  +11.516    6031     70     84  +0.1807  -0.4171  +0.8456  +1.0000
   3378    539742   155   +8.216    4430     45     84  +0.0700  -0.8373  +0.8557  +1.0000
   3379    539903   161  +12.401    5475     59     72  +0.1621  -0.5631  +1.0000  +1.0000
   3380    540070   167   +8.671    5397     72     71  +0.0568  -0.5834  +0.6712  +0.8675
   3381    540228   158   +6.771    2785     23     48  +0.0615  -1.0000  +1.0000  +1.0000
   3382    540394   166   +8.623    4789     57     61  +0.0582  -0.7430  +0.5505  +1.0000
   3383    540553   159   +7.517    4878     56     88  +0.0696  -0.7197  +0.6106  +1.0000
   3384    540716   163   +8.318    2312     25     10  +0.0364  -1.0000  +0.7259  +1.0000
   3385    540882   166   +8.802    4947     50     87  +0.1023  -0.7016  +0.7848  +1.0000
   3386    541037   155   +7.731    4705     58     74  +0.0648  -0.7650  +0.7188  +1.0000
   3387    541194   157  +10.237    5033     54     94  +0.1083  -0.6790  +0.8349  +1.0000
   3388    541352   158  +10.066    5968     56    103  +0.1873  -0.4335  +0.8029  +1.0000
   3389    541507   155   +9.728    5359     58     88  +0.1264  -0.5935  +0.7577  +1.0000
   3390    541664   157  +11.949    6214     78     56  +0.2055  -0.3690  +1.0000  +1.0000
   3391    541829   165   +7.932    4657     64     86  -0.0438  -0.7776  +0.4033  +0.8223
   3392    541990   161  +10.731    5857     71     59  +0.1811  -0.4627  +1.0000  +1.0000
   3393    542149   159  +10.318    4845     47     85  +0.1185  -0.7285  +1.0000  +1.0000
   3394    542305   156   +6.832    3128     22     56  +0.0592  -1.0000  +0.9626  +1.0000
   3395    542473   168   +6.982    3809     35    105  -0.0324  -1.0000  +0.2895  +1.0000
   3396    542636   163   +9.880    5615     68     41  +0.1579  -0.5261  +0.9179  +1.0000
   3397    542798   162   +8.294    3993     36     76  +0.0505  -0.9521  +0.9390  +1.0000
   3398    542955   157  +11.320    6098     64     98  +0.1829  -0.3994  +0.7384  +1.0000
   3399    543114   159   +8.748    5217     64     23  +0.1230  -0.6307  +0.8668  +1.0000
   3400    543276   162   +9.272    5265     49     94  +0.1430  -0.6180  +0.8951  +1.0000

  ── rolling mean (last 100 ep) ──  cum_R=+8.877  yield=4674 kg/ha  N=49  W=76 mm  R_seas=+0.0891  R_ane=+0.9820

   3401    543431   155  +10.800    5650     68     60  +0.1640  -0.5171  +0.9747  +1.0000
   3402    543593   162   +9.012    5069     49     83  +0.1142  -0.6696  +0.7691  +1.0000
   3403    543756   163  +13.317    5942     68     71  +0.1822  -0.4403  +0.8992  +1.0000
   3404    543918   162   +5.391    3592     46     39  -0.0466  -1.0000  +0.3230  +0.9701
   3405    544076   158   +8.935    5380     65     71  +0.0993  -0.5880  +0.5500  +1.0000
   3406    544234   158   +8.293    4687     48     88  +0.0900  -0.7699  +0.8659  +1.0000
   3407    544391   157   +8.452    5147     60     78  +0.1079  -0.6491  +0.7871  +1.0000
   3408    544546   155   +9.221    6495     79    108  +0.1836  -0.2953  +0.6090  +1.0000
   3409    544711   165   +7.173    4008     42     56  +0.0285  -0.9481  +0.7525  +1.0000
   3410    544874   163   +5.654    2390     34      5  -0.0570  -1.0000  +0.7235  +0.7673
   3411    545039   165   +7.703    2478     20     69  -0.0008  -1.0000  +0.3607  +1.0000
   3412    545202   163  +10.436    6703     79     87  +0.2273  -0.2408  +0.8262  +1.0000
   3413    545366   164   +8.435    4147     32     87  +0.0604  -0.9115  +0.8472  +1.0000
   3414    545518   152  +11.853    5515     57     62  +0.1693  -0.5525  +1.0000  +1.0000
   3415    545680   162  +10.533    6069     64    103  +0.1832  -0.4071  +0.7737  +1.0000
   3416    545837   157   +9.282    4974     39     97  +0.1111  -0.6946  +0.7070  +1.0000
   3417    546002   165  +10.948    5836     66     57  +0.1793  -0.4682  +0.9310  +1.0000
   3418    546159   157   +7.657    3234     31     76  +0.0305  -1.0000  +0.8326  +1.0000
   3419    546321   162   +8.368    3817     29     56  +0.0473  -0.9983  +0.9428  +1.0000
   3420    546478   157   +7.132    3493     25     73  +0.0212  -1.0000  +0.6505  +1.0000
   3421    546637   159  +12.325    6024     61    103  +0.1920  -0.4189  +0.8649  +1.0000
   3422    546799   162   +6.653    3934     33     86  +0.0391  -0.9673  +0.8397  +1.0000
   3423    546957   158   +6.870    4871     55     74  +0.0698  -0.7215  +0.5810  +1.0000
   3424    547114   157  +13.126    6377     60     85  +0.2415  -0.3261  +1.0000  +1.0000
   3425    547272   158   +8.229    5826     80     76  +0.0674  -0.4708  +0.6827  +0.8155
   3426    547429   157  +10.472    4819     51     77  +0.1061  -0.7351  +0.9384  +1.0000
   3427    547587   158  +10.305    6125     70     84  +0.1868  -0.3924  +0.8160  +1.0000
   3428    547754   167   +8.904    5156     48    102  +0.1131  -0.6467  +0.6918  +1.0000
   3429    547919   165   +8.558    3252     23     47  +0.0621  -1.0000  +1.0000  +1.0000
   3430    548079   160   +9.594    5013     65     31  +0.0846  -0.6844  +0.9567  +0.9238
   3431    548239   160  +10.941    4606     38     82  +0.1109  -0.7910  +1.0000  +1.0000
   3432    548394   155   +8.300    2711     16     57  +0.0664  -1.0000  +0.9622  +1.0000
   3433    548560   166  +10.888    5133     46     88  +0.1373  -0.6527  +0.9063  +1.0000
   3434    548708   148   +7.562    3153     22     40  +0.0636  -1.0000  +1.0000  +1.0000
   3435    548869   161   +5.862    3701     52     15  -0.0725  -1.0000  +0.8315  +0.7698
   3436    549030   161   +8.287    4276     53     28  +0.0659  -0.8776  +1.0000  +1.0000
   3437    549187   157   +9.138    4274     36     90  +0.0629  -0.8781  +0.8123  +1.0000
   3438    549344   157   +8.825    5148     55     69  +0.1201  -0.6489  +0.8289  +1.0000
   3439    549503   159   +8.072    4576     40     98  +0.0926  -0.7988  +0.8935  +1.0000
   3440    549659   156   +8.590    4818     42     81  +0.1233  -0.7354  +1.0000  +1.0000
   3441    549820   161   +8.727    4006     30    100  +0.0443  -0.9487  +0.7973  +1.0000
   3442    549980   160   +6.573    4483     48     69  +0.0432  -0.8234  +0.5712  +1.0000
   3443    550136   156  +10.211    5428     56     97  +0.1344  -0.5753  +0.7503  +1.0000
   3444    550289   153   +5.362    3154     33     61  +0.0212  -1.0000  +0.7525  +1.0000
   3445    550443   154   +9.222    5037     48     94  +0.1171  -0.6780  +0.8228  +1.0000
   3446    550600   157   +9.336    4559     47     59  +0.0966  -0.8033  +1.0000  +1.0000
   3447    550757   157   +9.342    4845     47     94  +0.0793  -0.7283  +0.6180  +1.0000
   3448    550918   161   +8.955    3798     29     60  +0.0515  -1.0000  +1.0000  +1.0000
   3449    551080   162   +5.562    1516     14     11  -0.0004  -1.0000  +0.1991  +1.0000
   3450    551240   160   +7.507    4727     65     33  +0.0115  -0.7593  +0.8090  +0.8306
   3451    551396   156   +2.587    3932     62     41  -0.1684  -0.9678  +0.5388  +0.5937
   3452    551549   153   +9.297    4814     48     65  +0.1057  -0.7365  +0.8774  +1.0000
   3453    551705   156   +9.742    5730     60     75  +0.1736  -0.4960  +0.8996  +1.0000
   3454    551864   159   +8.380    5139     61     88  +0.0615  -0.6513  +0.3484  +1.0000
   3455    552025   161  +11.612    6101     59    120  +0.1906  -0.3987  +0.7711  +1.0000
   3456    552180   155   +8.999    4667     58     64  +0.0902  -0.7751  +1.0000  +1.0000
   3457    552341   161  +11.025    5660     64     60  +0.1688  -0.5143  +0.9603  +1.0000
   3458    552503   162   +5.475     762     10      8  -0.1322  -1.0000  -0.7553  +0.8813
   3459    552662   159   +6.068    4496     65     65  -0.0688  -0.8201  +0.5768  +0.7394
   3460    552821   159   +7.487    4111     50     14  +0.0565  -0.9211  +1.0000  +1.0000
   3461    552977   156   +9.406    4449     36    106  +0.0861  -0.8323  +0.9131  +1.0000
   3462    553136   159   +9.819    5407     58     79  +0.1550  -0.5808  +0.9842  +1.0000
   3463    553300   164   +9.415    5489     56    107  +0.1418  -0.5593  +0.7829  +1.0000
   3464    553458   158   +8.208    4441     41     96  +0.0830  -0.8343  +0.9395  +1.0000
   3465    553623   165   +6.454    4405     56     47  +0.0255  -0.8438  +0.6044  +0.9824
   3466    553789   166   +7.563    3599     34     44  +0.0477  -1.0000  +1.0000  +1.0000
   3467    553945   156   +9.367    5824     58    109  +0.1687  -0.4715  +0.7851  +1.0000
   3468    554106   161   +6.312    5246     75     63  -0.0115  -0.6230  +0.5984  +0.7420
   3469    554266   160   +7.277    3918     31     71  +0.0575  -0.9717  +1.0000  +1.0000
   3470    554419   153   +9.217    4665     46    110  +0.0704  -0.7756  +0.6885  +1.0000
   3471    554589   170   +8.899    4808     51     57  +0.0982  -0.7382  +0.8433  +1.0000
   3472    554752   163   +7.881    3318     40     37  +0.0133  -1.0000  +0.7324  +1.0000
   3473    554912   160   +9.199    5502     61    101  +0.1259  -0.5558  +0.6758  +1.0000
   3474    555074   162   +9.430    5249     59     86  +0.1240  -0.6223  +0.8444  +1.0000
   3475    555237   163   +8.432    2602     20      2  +0.0711  -1.0000  +0.9899  +1.0000
   3476    555400   163   +7.181    3846     36     75  +0.0420  -0.9906  +0.9777  +1.0000
   3477    555556   156   +7.987    2797     25     66  +0.0432  -1.0000  +0.8608  +1.0000
   3478    555712   156   +6.276    4876     67     89  -0.0611  -0.7201  +0.1302  +0.8084
   3479    555868   156   +8.052    4219     36     90  +0.0695  -0.8925  +0.9332  +1.0000
   3480    556031   163  +11.264    5557     53     71  +0.1780  -0.5415  +1.0000  +1.0000
   3481    556187   156   +5.881    5110     70     80  +0.0021  -0.6589  +0.5033  +0.8279
   3482    556349   162  +11.383    5443     56     80  +0.1573  -0.5713  +0.9474  +1.0000
   3483    556503   154   +7.238    4234     42    101  +0.0193  -0.8886  +0.5168  +1.0000
   3484    556670   167  +10.430    5891     60    117  +0.1666  -0.4539  +0.7376  +1.0000
   3485    556829   159   +9.910    5268     49    129  +0.1053  -0.6172  +0.5532  +1.0000
   3486    556989   160   +9.088    4543     45     58  +0.0972  -0.8076  +1.0000  +1.0000
   3487    557144   155  +12.242    6538     66    116  +0.2196  -0.2841  +0.7591  +1.0000
   3488    557305   161  +10.395    5320     60     77  +0.1459  -0.6036  +1.0000  +1.0000
   3489    557462   157   +6.007    4593     63     34  -0.0101  -0.7945  +0.6767  +0.8344
   3490    557617   155   +9.461    5466     56    101  +0.1493  -0.5653  +0.8749  +1.0000
   3491    557773   156   +6.433    4005     41     86  +0.0049  -0.9487  +0.5416  +1.0000
   3492    557934   161   +9.555    4844     54     64  +0.1109  -0.7286  +0.9885  +1.0000
   3493    558096   162   +7.652    4300     46    100  +0.0173  -0.8714  +0.4931  +1.0000
   3494    558260   164  +10.064    5327     62     79  +0.1289  -0.6017  +0.8510  +1.0000
   3495    558422   162  +11.589    6105     55     89  +0.2232  -0.3977  +1.0000  +1.0000
   3496    558575   153   +8.109    4695     47     88  +0.0884  -0.7678  +0.8384  +1.0000
   3497    558734   159  +10.033    5867     69    103  +0.1416  -0.4602  +0.6112  +1.0000
   3498    558895   161   +9.943    5755     70     81  +0.1515  -0.4896  +0.8057  +1.0000
   3499    559055   160   +7.423    3182     38     21  +0.0140  -1.0000  +0.6974  +1.0000
   3500    559217   162  +10.132    4782     56     41  +0.1066  -0.7448  +1.0000  +1.0000

  ── rolling mean (last 100 ep) ──  cum_R=+8.722  yield=4669 kg/ha  N=49  W=73 mm  R_seas=+0.0847  R_ane=+0.9749

   3501    559376   159   +9.630    4714     45     74  +0.1116  -0.7627  +1.0000  +1.0000
   3502    559530   154   +9.590    4741     39     91  +0.1165  -0.7557  +0.9638  +1.0000
   3503    559689   159   +9.213    3660     25     71  +0.0548  -1.0000  +0.9888  +1.0000
   3504    559850   161  +10.084    5149     49    117  +0.0837  -0.6485  +0.4299  +1.0000
   3505    560010   160   +6.904    2749     29     60  +0.0044  -1.0000  +0.5278  +1.0000
   3506    560176   166   +7.694    4389     58     22  +0.0230  -0.8481  +0.9231  +0.8897
   3507    560334   158   +9.809    5311     56     96  +0.1214  -0.6061  +0.7409  +1.0000
   3508    560494   160   +9.678    4782     61     48  +0.0824  -0.7449  +1.0000  +0.9556
   3509    560649   155   +7.902    5316     57    103  +0.1157  -0.6047  +0.6925  +1.0000
   3510    560812   163   +6.589    4201     37     98  +0.0261  -0.8975  +0.5371  +1.0000
   3511    560975   163   +7.459    5149     62     74  +0.1034  -0.6485  +0.7650  +1.0000
   3512    561134   159   +7.993    5108     62     79  +0.0935  -0.6592  +0.7033  +1.0000
   3513    561301   167   +3.963    4704     74     38  -0.1191  -0.7653  +0.4897  +0.5933
   3514    561459   158   +8.923    4560     47     45  +0.0979  -0.8032  +1.0000  +1.0000
   3515    561619   160   +9.928    5034     53     79  +0.1290  -0.6789  +1.0000  +1.0000
   3516    561778   159  +10.287    6087     69    102  +0.1772  -0.4024  +0.7632  +1.0000
   3517    561938   160   +7.040    3602     50     20  -0.0521  -1.0000  +0.8620  +0.8109
   3518    562101   163   +6.768    4127     36     85  +0.0546  -0.9168  +0.8663  +1.0000
   3519    562258   157  +12.735    5661     47    110  +0.1837  -0.5141  +0.9232  +1.0000
   3520    562419   161   +7.745    3968     53     22  -0.0098  -0.9585  +1.0000  +0.8651
   3521    562575   156   +8.960    5046     59    104  +0.0988  -0.6757  +0.8038  +1.0000
   3522    562739   164  +13.533    6278     45    127  +0.2166  -0.3523  +0.6880  +1.0000
   3523    562893   154   +6.632    4042     45     68  +0.0206  -0.9392  +0.7105  +1.0000
   3524    563054   161  +10.409    5476     54    118  +0.1277  -0.5628  +0.6421  +1.0000
   3525    563218   164   +9.083    3955     39     49  +0.0534  -0.9620  +1.0000  +1.0000
   3526    563380   162   +8.253    5169     58     97  +0.0987  -0.6434  +0.6631  +1.0000
   3527    563549   169  +10.214    5756     53    115  +0.1639  -0.4892  +0.7272  +1.0000
   3528    563709   160   +7.040    4980     71     58  -0.0133  -0.6929  +0.7163  +0.7539
   3529    563866   157   +8.576    4766     54     10  +0.1108  -0.7490  +1.0000  +1.0000
   3530    564027   161   +8.183    4288     40     94  +0.0578  -0.8746  +0.8173  +1.0000
   3531    564189   162   +8.193    4747     55     57  +0.1008  -0.7541  +0.9901  +1.0000
   3532    564352   163   +7.963    2606     25     34  +0.0322  -1.0000  +0.7157  +1.0000
   3533    564509   157   +9.594    5631     60    103  +0.1633  -0.5219  +0.9216  +1.0000
   3534    564670   161   +9.527    5240     55     92  +0.1349  -0.6247  +0.9155  +1.0000
   3535    564832   162   +7.587    3969     39     99  +0.0307  -0.9582  +0.8208  +1.0000
   3536    564991   159  +11.697    5412     58    107  +0.1485  -0.5794  +0.9547  +1.0000
   3537    565159   168  +12.266    5159     44     95  +0.1401  -0.6459  +0.8945  +1.0000
   3538    565323   164  +11.078    3105     28     20  +0.0578  -1.0000  +1.0000  +1.0000
   3539    565488   165   +8.873    4876     48     96  +0.1022  -0.7203  +0.8315  +1.0000
   3540    565640   152   +8.502    5582     65    121  +0.0928  -0.5350  +0.3561  +1.0000
   3541    565801   161   +8.267    4138     36     94  +0.0603  -0.9140  +0.9255  +1.0000
   3542    565956   155   +8.062    3325     43     38  +0.0021  -1.0000  +0.9468  +0.9216
   3543    566114   158  +11.393    5309     61     87  +0.1363  -0.6065  +0.9469  +1.0000
   3544    566271   157   +8.654    3974     33     59  +0.0620  -0.9570  +1.0000  +1.0000
   3545    566426   155   +8.224    4564     45     94  +0.0746  -0.8021  +0.7996  +1.0000
   3546    566585   159  +11.258    5311     48    101  +0.1323  -0.6059  +0.7404  +1.0000
   3547    566754   169   +6.676    1996     16     14  +0.0180  -1.0000  +0.4225  +1.0000
   3548    566916   162   +8.050    4324     38    104  +0.0674  -0.8652  +0.8534  +1.0000
   3549    567082   166   +5.646    2671     31     34  -0.0069  -1.0000  +0.4034  +1.0000
   3550    567246   164  +10.320    5833     70    104  +0.1330  -0.4689  +0.5826  +1.0000
   3551    567409   163  +10.948    6213     69     66  +0.2102  -0.3692  +0.9445  +1.0000
   3552    567572   163   +9.717    4855     59     48  +0.1078  -0.7258  +1.0000  +1.0000
   3553    567736   164   +9.434    5744     58    126  +0.1509  -0.4923  +0.7018  +1.0000
   3554    567898   162  +10.123    5109     63     81  +0.1037  -0.6591  +0.8250  +1.0000
   3555    568059   161   +6.624    3450     48     25  -0.0646  -1.0000  +0.7318  +0.8059
   3556    568219   160  +12.904    6082     62    130  +0.1833  -0.4037  +0.7680  +1.0000
   3557    568375   156  +10.773    6377     74    111  +0.2046  -0.3262  +0.8501  +1.0000
   3558    568526   151   +9.340    5245     54    114  +0.1164  -0.6233  +0.7328  +1.0000
   3559    568688   162  +10.532    5343     46    106  +0.1524  -0.5975  +0.8890  +1.0000
   3560    568854   166   +9.117    4695     62     52  +0.0403  -0.7677  +0.8673  +0.8998
   3561    569012   158  +11.772    5017     42     86  +0.1368  -0.6832  +0.9522  +1.0000
   3562    569174   162   +9.785    5501     70     70  +0.1183  -0.5562  +0.8048  +0.9679
   3563    569333   159   +9.514    5831     69     97  +0.1499  -0.4697  +0.7301  +1.0000
   3564    569487   154   +9.800    4747     38    110  +0.1194  -0.7541  +1.0000  +1.0000
   3565    569644   157  +11.386    5821     54    137  +0.1632  -0.4723  +0.7075  +1.0000
   3566    569804   160   +9.114    3045     22      7  +0.0689  -1.0000  +1.0000  +1.0000
   3567    569964   160   +8.966    3010     20     68  +0.0554  -1.0000  +0.9224  +1.0000
   3568    570129   165   +7.237    3426     29     92  +0.0332  -1.0000  +0.8500  +1.0000
   3569    570293   164   +7.761    4615     43    102  +0.0816  -0.7888  +0.8025  +1.0000
   3570    570451   158   +9.940    4326     45     73  +0.0759  -0.8645  +1.0000  +1.0000
   3571    570613   162   +8.412    4561     44     98  +0.0873  -0.8029  +0.9180  +1.0000
   3572    570771   158   +9.684    4649     47     90  +0.0803  -0.7798  +0.8045  +1.0000
   3573    570927   156   +5.427    2850     39     21  -0.0607  -1.0000  +0.5698  +0.8270
   3574    571085   158   +7.507    5162     69     89  +0.0336  -0.6453  +0.6047  +0.8743
   3575    571247   162   +9.293    5069     56     87  +0.1274  -0.6696  +1.0000  +1.0000
   3576    571405   158   +9.818    5570     60    119  +0.1348  -0.5381  +0.7095  +1.0000
   3577    571564   159   +7.160    3108     40     26  +0.0004  -1.0000  +0.8185  +0.9366
   3578    571727   163   +8.935    4382     34    104  +0.0734  -0.8500  +0.8070  +1.0000
   3579    571883   156   +7.100    2864     26     72  +0.0200  -1.0000  +0.6509  +1.0000
   3580    572043   160   +8.795    3872     32     88  +0.0499  -0.9837  +1.0000  +1.0000
   3581    572206   163   +9.331    4800     52     26  +0.1153  -0.7401  +1.0000  +1.0000
   3582    572366   160   +8.149    3031     29     15  +0.0474  -1.0000  +0.8936  +1.0000
   3583    572526   160   +7.518    4465     48    113  +0.0086  -0.8281  +0.2952  +1.0000
   3584    572682   156  +10.884    5468     51    129  +0.1370  -0.5647  +0.7133  +1.0000
   3585    572849   167   +5.155    3777     49     76  -0.0619  -1.0000  +0.4747  +0.9112
   3586    573011   162  +11.541    5380     68     75  +0.1359  -0.5880  +1.0000  +0.9872
   3587    573167   156   +9.437    5126     58     70  +0.1316  -0.6547  +1.0000  +1.0000
   3588    573330   163   +8.231    4311     56     34  +0.0351  -0.8684  +1.0000  +0.9195
   3589    573487   157   +7.061    3095     42     67  -0.0558  -1.0000  +0.6895  +0.8352
   3590    573650   163   +9.263    3045     24     30  +0.0623  -1.0000  +1.0000  +1.0000
   3591    573808   158  +10.225    5869     61    111  +0.1907  -0.4596  +1.0000  +1.0000
   3592    573974   166   +8.062    4231     48     41  +0.0665  -0.8894  +0.9981  +1.0000
   3593    574134   160   +9.236    4855     45     74  +0.1106  -0.7258  +0.8669  +1.0000
   3594    574299   165  +10.930    5468     60     79  +0.1547  -0.5647  +0.9523  +1.0000
   3595    574461   162   +8.203    4802     58     76  +0.0731  -0.7395  +0.7195  +1.0000
   3596    574618   157   +7.534    3981     46     93  +0.0114  -0.9551  +0.7102  +1.0000
   3597    574778   160   +7.272    4802     50    113  +0.0789  -0.7396  +0.7207  +1.0000
   3598    574937   159   +8.217    4547     48     78  +0.0797  -0.8065  +0.8883  +1.0000
   3599    575098   161  +12.584    6366     75     89  +0.1983  -0.3292  +0.7962  +1.0000
   3600    575261   163   +8.208    3028     20     12  +0.0531  -1.0000  +0.8251  +1.0000

  ── rolling mean (last 100 ep) ──  cum_R=+8.966  yield=4615 kg/ha  N=49  W=77 mm  R_seas=+0.0834  R_ane=+0.9775

   3601    575423   162   +8.894    4825     46     95  +0.1044  -0.7337  +0.8620  +1.0000
   3602    575590   167   +8.432    4543     43     50  +0.0991  -0.8077  +0.9752  +1.0000
   3603    575754   164   +8.033    4846     58    107  +0.0656  -0.7280  +0.6437  +1.0000
   3604    575913   159   +9.874    5065     52     86  +0.1329  -0.6707  +1.0000  +1.0000
   3605    576071   158  +11.066    4738     40    113  +0.0807  -0.7565  +0.6525  +1.0000
   3606    576228   157   +7.988    4662     44    103  +0.0761  -0.7765  +0.7130  +1.0000
   3607    576384   156  +11.199    6113     67    117  +0.1774  -0.3956  +0.7401  +1.0000
   3608    576546   162   +9.162    5121     62     49  +0.1145  -0.6559  +0.8740  +1.0000
   3609    576701   155   +8.742    5344     58     85  +0.1252  -0.5973  +0.7579  +1.0000
   3610    576861   160  +12.658    5390     45    118  +0.1372  -0.5852  +0.6922  +1.0000
   3611    577028   167   +9.456    4886     47     85  +0.1012  -0.7176  +0.7894  +1.0000
   3612    577186   158   +2.146    1591     34      4  -0.2987  -1.0000  +0.4304  +0.1619
   3613    577339   153   +7.621    5088     59    106  +0.1023  -0.6646  +0.8003  +1.0000
   3614    577496   157  +10.014    4935     43     76  +0.1333  -0.7047  +0.9954  +1.0000
   3615    577652   156   +7.258    3792     31     75  +0.0479  -1.0000  +1.0000  +1.0000
   3616    577822   170   +9.447    4720     41     96  +0.1069  -0.7610  +0.9229  +1.0000
   3617    577978   156   +8.273    5145     51    118  +0.1182  -0.6497  +0.8114  +1.0000
   3618    578139   161  +11.319    5722     62    114  +0.1321  -0.4983  +0.5676  +1.0000
   3619    578298   159   +6.072    1603     16     10  -0.0161  -1.0000  +0.0753  +1.0000
   3620    578457   159   +8.891    4520     55     45  +0.0822  -0.8137  +0.9894  +1.0000
   3621    578619   162   +9.081    4689     47     84  +0.0961  -0.7694  +0.9078  +1.0000
   3622    578780   161   +8.263    5233     67     59  +0.0838  -0.6264  +0.7322  +0.9458
   3623    578936   156   +9.453    5468     53    105  +0.1541  -0.5650  +0.8856  +1.0000
   3624    579095   159   +9.478    5011     42     88  +0.1293  -0.6848  +0.8804  +1.0000
   3625    579251   156   +9.542    3660     46      4  +0.0343  -1.0000  +1.0000  +0.9967
   3626    579413   162   +6.472    3332     30     57  +0.0480  -1.0000  +0.9633  +1.0000
   3627    579571   158   +7.570    4879     59     78  +0.0732  -0.7193  +0.6719  +1.0000
   3628    579732   161   +8.393    5015     63    106  +0.0728  -0.6837  +0.6493  +0.9942
   3629    579888   156   +6.755    3822     35     81  +0.0275  -0.9968  +0.8477  +1.0000
   3630    580048   160   +8.991    5369     47    121  +0.1261  -0.5907  +0.6353  +1.0000
   3631    580214   166   +9.570    5494     69     65  +0.1324  -0.5580  +0.8512  +0.9913
   3632    580369   155  +11.638    5417     52     60  +0.1681  -0.5782  +1.0000  +1.0000
   3633    580530   161  +12.736    5355     45     95  +0.1675  -0.5945  +1.0000  +1.0000
   3634    580692   162  +14.250    6779     66    111  +0.2664  -0.2206  +1.0000  +1.0000
   3635    580849   157  +11.513    6105     70    100  +0.1893  -0.3976  +0.8853  +1.0000
   3636    581016   167   +6.152    4125     55     53  -0.0610  -0.9173  +0.3229  +0.8874
   3637    581174   158   +7.340    4691     55     79  +0.0699  -0.7688  +0.7523  +1.0000
   3638    581338   164   +9.349    5075     53     78  +0.1216  -0.6680  +0.8933  +1.0000
   3639    581493   155   +8.623    4514     36     80  +0.0986  -0.8153  +0.9424  +1.0000
   3640    581661   168  +10.361    5362     54     82  +0.1473  -0.5926  +0.9065  +1.0000
   3641    581826   165   +8.743    4698     47     96  +0.0903  -0.7668  +0.8651  +1.0000
   3642    581981   155   +8.747    4882     48    110  +0.0948  -0.7187  +0.7696  +1.0000
   3643    582140   159   +6.832    3454     31     80  +0.0017  -1.0000  +0.5525  +1.0000
   3644    582305   165  +12.543    5449     51    108  +0.1366  -0.5698  +0.7075  +1.0000
   3645    582467   162   +8.324    3630     39     22  +0.0311  -1.0000  +0.8831  +1.0000
   3646    582628   161   +9.442    4257     49     10  +0.0719  -0.8827  +1.0000  +1.0000
   3647    582787   159   +9.000    5944     62    130  +0.1455  -0.4399  +0.5179  +1.0000
   3648    582944   157   +8.152    2870     30      4  +0.0533  -1.0000  +0.9583  +1.0000
   3649    583102   158  +10.036    5141     60     77  +0.1237  -0.6507  +0.9508  +1.0000
   3650    583265   163  +10.385    5751     69     74  +0.1479  -0.4905  +0.7474  +1.0000
   3651    583419   154   +7.255    3816     38     57  +0.0411  -0.9984  +1.0000  +1.0000
   3652    583585   166   +7.009    2479     32     15  -0.0158  -1.0000  +0.5774  +0.9238
   3653    583743   158  +12.764    5531     52     89  +0.1744  -0.5484  +1.0000  +1.0000
   3654    583903   160   +9.040    3773     40     54  +0.0383  -1.0000  +1.0000  +1.0000
   3655    584072   169  +10.137    4766     44     83  +0.0957  -0.7491  +0.7926  +1.0000
   3656    584231   159   +8.431    4388     44     96  +0.0791  -0.8482  +0.9887  +1.0000
   3657    584388   157  +11.250    5889     63    116  +0.1728  -0.4543  +0.8414  +1.0000
   3658    584545   157  +10.408    4079     50     32  +0.0509  -0.9294  +1.0000  +1.0000
   3659    584710   165   +8.090    5945     78     58  +0.0997  -0.4397  +0.5320  +0.9043
   3660    584871   161   +9.403    4783     48     50  +0.1154  -0.7447  +1.0000  +1.0000
   3661    585039   168   +7.752    2890     30      4  +0.0290  -1.0000  +0.7121  +1.0000
   3662    585196   157   +9.733    5595     58     94  +0.1611  -0.5315  +0.9003  +1.0000
   3663    585350   154  +10.203    5561     62     73  +0.1517  -0.5405  +0.8717  +1.0000
   3664    585512   162   +6.977    4326     55     68  +0.0137  -0.8647  +0.6927  +0.9511
   3665    585673   161  +10.282    5633     64     99  +0.1459  -0.5216  +0.8044  +1.0000
   3666    585830   157  +10.135    5013     53     59  +0.1292  -0.6842  +1.0000  +1.0000
   3667    585984   154   +9.483    5539     66     80  +0.1445  -0.5462  +0.8735  +1.0000
   3668    586146   162  +10.264    4425     43     75  +0.0849  -0.8387  +0.9729  +1.0000
   3669    586307   161   +9.464    4694     51     59  +0.0885  -0.7680  +0.8554  +1.0000
   3670    586467   160  +10.339    5498     70     72  +0.1290  -0.5570  +0.9417  +0.9613
   3671    586634   167  +12.538    6316     67     87  +0.2139  -0.3421  +0.8738  +1.0000
   3672    586799   165   +4.758    1850     23     14  -0.0629  -1.0000  -0.2895  +1.0000
   3673    586960   161   +8.998    4629     48     79  +0.0673  -0.7850  +0.6859  +1.0000
   3674    587123   163   +9.666    5100     54    126  +0.0765  -0.6613  +0.4917  +1.0000
   3675    587288   165   +8.915    5051     46     92  +0.1201  -0.6743  +0.8184  +1.0000
   3676    587448   160   +6.635    4066     51     49  -0.0151  -0.9329  +0.4568  +0.9814
   3677    587606   158   +8.092    4551     41     37  +0.1061  -0.8054  +1.0000  +1.0000
   3678    587772   166   +8.342    5053     64     19  +0.0908  -0.6737  +0.8052  +0.9665
   3679    587926   154   +9.557    4624     45    100  +0.0965  -0.7863  +0.9614  +1.0000
   3680    588089   163   +8.007    4184     39     24  +0.0766  -0.9018  +1.0000  +1.0000
   3681    588246   157  +10.795    5246     50     94  +0.1346  -0.6230  +0.8387  +1.0000
   3682    588404   158  +10.620    5119     44     90  +0.1400  -0.6565  +0.9211  +1.0000
   3683    588561   157  +11.359    5860     63     62  +0.1930  -0.4618  +1.0000  +1.0000
   3684    588722   161   +8.707    5160     61    102  +0.0845  -0.6458  +0.5778  +1.0000
   3685    588885   163   +8.710    4698     48     62  +0.0961  -0.7669  +0.8982  +1.0000
   3686    589051   166   +6.103    2919     30     39  -0.0119  -1.0000  +0.3480  +1.0000
   3687    589209   158   +8.996    5025     54    103  +0.1099  -0.6812  +0.8594  +1.0000
   3688    589374   165  +11.179    5282     57     81  +0.1320  -0.6136  +0.8605  +1.0000
   3689    589532   158   +8.514    5138     63     77  +0.0979  -0.6515  +0.7280  +1.0000
   3690    589697   165   +8.921    4745     48     62  +0.1034  -0.7545  +0.9174  +1.0000
   3691    589852   155   +6.582    5104     67     99  +0.0306  -0.6605  +0.4671  +0.9151
   3692    590011   159  +12.250    5303     56     70  +0.1509  -0.6082  +1.0000  +1.0000
   3693    590172   161  +10.736    4995     48     75  +0.1333  -0.6891  +1.0000  +1.0000
   3694    590329   157   +9.202    4890     56     22  +0.1175  -0.7165  +1.0000  +1.0000
   3695    590488   159   +9.159    4381     40    101  +0.0741  -0.8502  +0.9028  +1.0000
   3696    590647   159   +8.929    4520     39    110  +0.0955  -0.8136  +0.9788  +1.0000
   3697    590807   160   +9.028    5030     46    112  +0.1062  -0.6797  +0.7219  +1.0000
   3698    590968   161  +11.771    5376     43     93  +0.1679  -0.5890  +0.9586  +1.0000
   3699    591126   158  +10.160    5324     51     54  +0.1616  -0.6025  +1.0000  +1.0000
   3700    591284   158   +9.848    4295     37     86  +0.0819  -0.8727  +1.0000  +1.0000

  ── rolling mean (last 100 ep) ──  cum_R=+9.198  yield=4766 kg/ha  N=50  W=75 mm  R_seas=+0.0956  R_ane=+0.9858

   3701    591447   163   +7.568    2915     24     21  +0.0644  -1.0000  +1.0000  +1.0000
   3702    591611   164   +8.449    3428     30     11  +0.0569  -1.0000  +1.0000  +1.0000
   3703    591775   164   +9.504    4682     50     96  +0.0763  -0.7712  +0.7815  +1.0000
   3704    591931   156   +7.810    4650     58     54  +0.0773  -0.7794  +0.8736  +1.0000
   3705    592087   156   +5.568    3880     47     80  -0.0219  -0.9818  +0.4776  +1.0000
   3706    592247   160  +10.340    2397     30      4  +0.0517  -1.0000  +0.9441  +0.9990
   3707    592405   158   +8.420    4550     44     90  +0.0814  -0.8057  +0.8584  +1.0000
   3708    592562   157   +8.571    2284     24     12  +0.0307  -1.0000  +0.6623  +1.0000
   3709    592722   160   +9.608    5173     52     86  +0.1284  -0.6423  +0.8560  +1.0000
   3710    592883   161   +9.242    4577     58     50  +0.0544  -0.7987  +0.7414  +0.9892
   3711    593043   160   +8.707    2404     26     28  +0.0345  -1.0000  +0.7471  +1.0000
   3712    593202   159   +9.635    4860     51     74  +0.1166  -0.7244  +1.0000  +1.0000
   3713    593363   161   +8.163    3322     24     41  +0.0621  -1.0000  +1.0000  +1.0000
   3714    593517   154   +7.128    4827     64     69  +0.0086  -0.7332  +0.5440  +0.8823
   3715    593675   158   +9.036    2860     23     31  +0.0636  -1.0000  +1.0000  +1.0000
   3716    593834   159   +9.962    6044     67    110  +0.1703  -0.4137  +0.7240  +1.0000
   3717    593991   157   +8.348    4818     45     90  +0.1061  -0.7355  +0.8763  +1.0000
   3718    594150   159  +11.437    7062     78    124  +0.2443  -0.1465  +0.6993  +1.0000
   3719    594308   158   +8.646    6066     82     70  +0.1155  -0.4079  +0.7909  +0.8618
   3720    594469   161  +12.008    4915     45     56  +0.1320  -0.7099  +1.0000  +1.0000
   3721    594631   162  +10.562    5507     56     94  +0.1414  -0.5546  +0.7582  +1.0000
   3722    594790   159  +10.296    4896     51     67  +0.1189  -0.7149  +0.9824  +1.0000
   3723    594954   164  +11.914    6170     75     70  +0.1895  -0.3806  +0.8564  +1.0000
   3724    595112   158   +9.905    5567     63     92  +0.1464  -0.5388  +0.8387  +1.0000
   3725    595271   159   +6.195    2279     19     23  +0.0053  -1.0000  +0.3518  +1.0000
   3726    595432   161   +9.113    3717     33     13  +0.0524  -1.0000  +1.0000  +1.0000
   3727    595591   159  +14.920    6492     63    106  +0.2460  -0.2960  +1.0000  +1.0000
   3728    595752   161   +7.195    4886     68    102  -0.0529  -0.7177  +0.2964  +0.7896
   3729    595914   162   +6.779    4421     47     28  +0.0780  -0.8395  +0.9142  +1.0000
   3730    596074   160   +7.877    3373     37     39  +0.0154  -1.0000  +0.7126  +1.0000
   3731    596229   155   +8.551    3400     40      4  +0.0440  -1.0000  +1.0000  +1.0000
   3732    596386   157  +11.567    6292     64    132  +0.1992  -0.3484  +0.7622  +1.0000
   3733    596542   156   +8.751    4958     53    110  +0.0921  -0.6986  +0.7387  +1.0000
   3734    596706   164   +9.341    5093     66     44  +0.0809  -0.6634  +0.8078  +0.9412
   3735    596870   164   +9.283    5084     42     94  +0.1408  -0.6657  +0.9429  +1.0000
   3736    597031   161   +9.649    5090     49     72  +0.1407  -0.6639  +1.0000  +1.0000
   3737    597186   155  +10.189    4730     46     48  +0.1112  -0.7586  +0.9768  +1.0000
   3738    597343   157   +6.413    4812     64    101  -0.0255  -0.7370  +0.2889  +0.8731
   3739    597501   158   +6.713    3839     33     72  +0.0364  -0.9925  +0.8896  +1.0000
   3740    597656   155   +9.104    2716     29     12  +0.0575  -1.0000  +1.0000  +1.0000
   3741    597816   160   +8.402    3880     36     80  +0.0131  -0.9817  +0.6741  +1.0000
   3742    597984   168  +11.816    7139     78    106  +0.2602  -0.1263  +0.7671  +1.0000
   3743    598140   156   +8.927    5472     66     88  +0.1142  -0.5637  +0.6484  +1.0000
   3744    598301   161  +10.273    5779     62    108  +0.1511  -0.4832  +0.6957  +1.0000
   3745    598459   158  +10.547    5919     68     55  +0.1895  -0.4464  +0.9830  +1.0000
   3746    598614   155   +9.892    6494     74     88  +0.2180  -0.2956  +0.8626  +1.0000
   3747    598774   160   +6.955    3776     36     17  +0.0469  -1.0000  +1.0000  +1.0000
   3748    598928   154   +8.283    4897     50     81  +0.1132  -0.7147  +0.9325  +1.0000
   3749    599085   157   +9.625    3678     36     82  +0.0398  -1.0000  +1.0000  +1.0000
   3750    599238   153   +9.708    4983     50     96  +0.1224  -0.6921  +0.9558  +1.0000
   3751    599397   159  +11.144    5374     61     91  +0.1203  -0.5894  +0.7280  +1.0000
   3752    599560   163  +11.314    4670     52     48  +0.0998  -0.7742  +1.0000  +1.0000
   3753    599718   158  +11.203    6194     61     99  +0.2049  -0.3741  +0.8316  +1.0000
   3754    599880   162   +9.856    3505     33      7  +0.0532  -1.0000  +1.0000  +1.0000
   3755    600042   162   +6.861    1087     14      5  -0.0611  -1.0000  -0.1714  +0.9324
   3756    600206   164   +9.414    5707     63     98  +0.1335  -0.5022  +0.5864  +1.0000
   3757    600366   160   +7.472    4593     53     98  +0.0484  -0.7945  +0.6185  +1.0000
   3758    600524   158  +10.134    5876     60    123  +0.1642  -0.4578  +0.7247  +1.0000
   3759    600683   159   +9.735    3296     29     51  +0.0539  -1.0000  +1.0000  +1.0000
   3760    600847   164   +7.723    4376     42     91  +0.0736  -0.8515  +0.9143  +1.0000
   3761    601008   161   +7.484    3812     45     50  -0.0022  -0.9996  +0.6676  +1.0000
   3762    601163   155   +7.362    3874     35     20  +0.0541  -0.9833  +1.0000  +1.0000
   3763    601317   154   +8.327    4800     56     45  +0.1073  -0.7403  +1.0000  +1.0000
   3764    601480   163   +9.717    6297     71     86  +0.1839  -0.3473  +0.6585  +1.0000
   3765    601643   163   +8.461    4770     42     76  +0.1199  -0.7479  +1.0000  +1.0000
   3766    601806   163   +8.838    4769     45     95  +0.1133  -0.7482  +0.9919  +1.0000
   3767    601965   159   +8.265    4883     50     59  +0.1125  -0.7185  +0.9128  +1.0000
   3768    602124   159  +10.105    5479     58     85  +0.1449  -0.5618  +0.8255  +1.0000
   3769    602285   161   +7.455    3213     36     48  +0.0141  -1.0000  +0.6992  +1.0000
   3770    602447   162  +10.166    4268     40     85  +0.0703  -0.8799  +0.9512  +1.0000
   3771    602607   160  +10.008    5124     53     73  +0.1331  -0.6551  +0.9552  +1.0000
   3772    602771   164   +5.966    3877     59     67  -0.1567  -0.9825  +0.5424  +0.6394
   3773    602932   161   +9.883    6097     73    106  +0.1474  -0.3997  +0.5189  +1.0000
   3774    603093   161  +11.101    5333     58     71  +0.1506  -0.6002  +1.0000  +1.0000
   3775    603253   160  +10.630    6012     64    107  +0.1760  -0.4222  +0.7657  +1.0000
   3776    603416   163   +9.927    5904     60     99  +0.1755  -0.4505  +0.7958  +1.0000
   3777    603577   161  +11.877    5899     58    110  +0.1735  -0.4518  +0.7616  +1.0000
   3778    603735   158  +11.173    5739     63     66  +0.1743  -0.4937  +0.9284  +1.0000
   3779    603899   164  +12.959    6540     72    102  +0.2206  -0.2834  +0.8223  +1.0000
   3780    604054   155  +11.358    5062     48    112  +0.1178  -0.6714  +0.8364  +1.0000
   3781    604216   162   +8.452    5448     65     84  +0.1199  -0.5700  +0.7078  +1.0000
   3782    604376   160  +10.089    5410     58     44  +0.1575  -0.5800  +0.9626  +1.0000
   3783    604532   156   +9.551    5957     74     54  +0.1767  -0.4365  +0.9019  +1.0000
   3784    604687   155   +7.472    3329     28     64  +0.0536  -1.0000  +1.0000  +1.0000
   3785    604846   159   +8.409    3149     34     44  +0.0348  -1.0000  +0.8835  +1.0000
   3786    605005   159   +9.795    5213     55     88  +0.1412  -0.6319  +0.9962  +1.0000
   3787    605171   166   +9.768    5483     62     86  +0.1249  -0.5609  +0.6817  +1.0000
   3788    605334   163   +7.904    2658     24      4  +0.0655  -1.0000  +1.0000  +1.0000
   3789    605498   164  +10.902    6454     75    109  +0.1874  -0.3061  +0.6199  +1.0000
   3790    605663   165   +7.806    4184     42     75  +0.0664  -0.9019  +1.0000  +1.0000
   3791    605821   158   +8.035    3659     49     56  -0.0510  -1.0000  +0.7241  +0.8631
   3792    605981   160   +7.962    4100     51     24  +0.0527  -0.9238  +1.0000  +1.0000
   3793    606141   160   +9.497    5657     57    106  +0.1573  -0.5152  +0.8042  +1.0000
   3794    606299   158   +8.186    4564     50     51  +0.0671  -0.8020  +0.7424  +1.0000
   3795    606459   160  +10.081    6174     77     94  +0.1599  -0.3796  +0.6188  +1.0000
   3796    606630   171   +7.563    2986     35      7  +0.0433  -1.0000  +0.9262  +1.0000
   3797    606784   154   +8.335    4780     56     36  +0.0990  -0.7454  +0.9237  +1.0000
   3798    606945   161  +10.193    5248     52     98  +0.1149  -0.6225  +0.6735  +1.0000
   3799    607103   158  +12.976    5854     58    117  +0.1868  -0.4634  +0.9425  +1.0000
   3800    607262   159   +8.131    3827     28     55  +0.0555  -0.9956  +1.0000  +1.0000

  ── rolling mean (last 100 ep) ──  cum_R=+9.239  yield=4716 kg/ha  N=51  W=69 mm  R_seas=+0.0987  R_ane=+0.9877

   3801    607429   167   +8.311    3766     36     68  +0.0415  -1.0000  +1.0000  +1.0000
   3802    607590   161   +6.957    4195     63     44  -0.0968  -0.8989  +0.8286  +0.6541
   3803    607749   159   +9.344    4746     57     57  +0.0805  -0.7545  +0.8129  +1.0000
   3804    607911   162   +9.005    4432     51     11  +0.0849  -0.8367  +1.0000  +1.0000
   3805    608070   159   +7.914    1848     17     27  +0.0437  -1.0000  +0.7023  +1.0000
   3806    608229   159   +8.310    4726     47    103  +0.0930  -0.7597  +0.8700  +1.0000
   3807    608394   165  +11.289    6928     78     93  +0.2419  -0.1817  +0.7605  +1.0000
   3808    608526   132   -3.196       0      9      1  -0.8129  -1.0000  -1.0000  -1.0000
   3809    608691   165   +7.852    3652     43     13  +0.0383  -1.0000  +1.0000  +1.0000
   3810    608852   161   +7.347    3821     46     68  -0.0050  -0.9971  +0.6635  +1.0000
   3811    609012   160  +10.173    5234     48     80  +0.1538  -0.6261  +0.9990  +1.0000
   3812    609164   152   +8.743    3838     38     21  +0.0457  -0.9927  +0.9916  +1.0000
   3813    609325   161  +11.865    5035     57     64  +0.1247  -0.6785  +0.9962  +1.0000
   3814    609489   164   +8.655    4116     41     24  +0.0672  -0.9197  +1.0000  +1.0000
   3815    609650   161   +8.458    4521     49     63  +0.0664  -0.8134  +0.7756  +1.0000
   3816    609805   155   +7.809    6330     84    101  +0.1234  -0.3385  +0.6468  +0.8781
   3817    609964   159   +8.192    3793     41     64  +0.0285  -1.0000  +0.9325  +1.0000
   3818    610125   161   +8.839    4273     44     62  +0.0733  -0.8786  +1.0000  +1.0000
   3819    610290   165  +10.501    6644     82     96  +0.2102  -0.2562  +0.7686  +1.0000
   3820    610447   157   +9.636    6428     74     89  +0.2037  -0.3128  +0.7673  +1.0000
   3821    610606   159  +12.405    6438     63    107  +0.2273  -0.3103  +0.8713  +1.0000
   3822    610763   157  +10.002    5523     55    119  +0.1289  -0.5503  +0.6328  +1.0000
   3823    610925   162  +10.861    6083     71     74  +0.1836  -0.4033  +0.8364  +1.0000
   3824    611073   148   +7.548    3934     42     75  +0.0441  -0.9673  +1.0000  +1.0000
   3825    611235   162   +7.252    5353     72     68  +0.0392  -0.5951  +0.5362  +0.8642
   3826    611400   165  +10.893    5430     65     91  +0.0900  -0.5748  +0.4325  +1.0000
   3827    611565   165   +9.099    5363     71     55  +0.0672  -0.5924  +0.6704  +0.8948
   3828    611728   163  +10.003    6564     80    107  +0.2071  -0.2771  +0.7960  +1.0000
   3829    611892   164  +10.965    5613     58     99  +0.1676  -0.5269  +0.9542  +1.0000
   3830    612053   161   +7.524    4370     58     35  -0.0010  -0.8530  +0.7746  +0.8739
   3831    612211   158   +8.940    4192     51     46  +0.0586  -0.8997  +1.0000  +1.0000
   3832    612369   158   +7.807    5148     52    108  +0.1136  -0.6487  +0.7704  +1.0000
   3833    612527   158  +11.908    5984     65    123  +0.1798  -0.4294  +0.8587  +1.0000
   3834    612692   165   +8.976    4107     47     64  +0.0331  -0.9221  +0.7976  +1.0000
   3835    612855   163   +7.939    3044     39     24  -0.0057  -1.0000  +0.6585  +0.9592
   3836    613018   163   +8.887    5131     58     94  +0.0951  -0.6533  +0.6638  +1.0000
   3837    613178   160   +6.489    5235     73    118  -0.0227  -0.6259  +0.3596  +0.7911
   3838    613350   172  +10.490    6394     72    112  +0.2025  -0.3219  +0.7863  +1.0000
   3839    613510   160   +7.702    2784     32      1  +0.0557  -1.0000  +1.0000  +1.0000
   3840    613667   157   +9.315    5027     51     95  +0.1213  -0.6806  +0.9237  +1.0000
   3841    613826   159   +9.918    5699     61     76  +0.1545  -0.5043  +0.7504  +1.0000
   3842    613991   165   +8.616    4537     49     21  +0.0959  -0.8093  +1.0000  +1.0000
   3843    614155   164  +10.838    6190     73     96  +0.1953  -0.3752  +0.9022  +1.0000
   3844    614316   161   +8.494    4196     47     67  +0.0568  -0.8986  +0.9549  +1.0000
   3845    614475   159   +9.519    4565     48    105  +0.0755  -0.8019  +0.8533  +1.0000
   3846    614637   162   +8.690    4920     49    115  +0.0831  -0.7088  +0.6365  +1.0000
   3847    614802   165  +11.634    6002     59    130  +0.1683  -0.4245  +0.6561  +1.0000
   3848    614962   160   +9.408    5211     59     86  +0.1310  -0.6322  +0.9489  +1.0000
   3849    615120   158   +8.114    3308     37      5  +0.0479  -1.0000  +1.0000  +1.0000
   3850    615280   160   +9.754    4790     54     47  +0.1084  -0.7428  +1.0000  +1.0000
   3851    615433   153  +11.171    6187     66    106  +0.1861  -0.3762  +0.7365  +1.0000
   3852    615593   160  +11.708    5766     57    124  +0.1543  -0.4867  +0.6930  +1.0000
   3853    615752   159   +8.584    3673     43     17  +0.0216  -1.0000  +0.8410  +1.0000
   3854    615908   156  +11.293    5459     61     60  +0.1593  -0.5673  +1.0000  +1.0000
   3855    616065   157  +10.515    5644     73     79  +0.1190  -0.5186  +0.8120  +0.9441
   3856    616229   164  +10.458    5572     55    124  +0.1487  -0.5376  +0.7831  +1.0000
   3857    616386   157  +11.262    6251     70    124  +0.1916  -0.3593  +0.8057  +1.0000
   3858    616545   159   +7.998    4919     60     93  +0.0826  -0.7089  +0.7653  +1.0000
   3859    616704   159   +6.494    2482     35     49  -0.0523  -1.0000  +0.7566  +0.7900
   3860    616862   158  +11.664    6850     87     99  +0.2138  -0.2021  +0.7621  +0.9758
   3861    617022   160   +8.296    5233     69     45  +0.0673  -0.6266  +0.7065  +0.9071
   3862    617188   166  +10.143    6052     71     73  +0.1672  -0.4115  +0.6975  +1.0000
   3863    617351   163  +11.260    5723     62     83  +0.1753  -0.4980  +0.9603  +1.0000
   3864    617513   162   +7.483    4060     37     70  +0.0626  -0.9345  +1.0000  +1.0000
   3865    617676   163  +11.061    6391     73     71  +0.2123  -0.3225  +0.8530  +1.0000
   3866    617833   157   +7.160    3861     36     26  +0.0508  -0.9866  +1.0000  +1.0000
   3867    617996   163   +8.025    4942     59     46  +0.0955  -0.7030  +0.7987  +1.0000
   3868    618157   161   +8.115    5867     79     97  +0.0382  -0.4602  +0.1929  +0.8625
   3869    618316   159  +11.403    6080     68    101  +0.1915  -0.4043  +0.8979  +1.0000
   3870    618482   166  +11.352    5690     61     68  +0.1683  -0.5066  +0.8981  +1.0000
   3871    618646   164  +10.213    5401     61    108  +0.1026  -0.5824  +0.5435  +1.0000
   3872    618805   159   +7.481    4357     49     61  +0.0741  -0.8565  +1.0000  +1.0000
   3873    618967   162  +11.276    6400     67    110  +0.1999  -0.3202  +0.6949  +1.0000
   3874    619129   162  +12.371    6196     62    105  +0.2064  -0.3739  +0.8725  +1.0000
   3875    619287   158  +11.445    5722     64     99  +0.1528  -0.4983  +0.7854  +1.0000
   3876    619445   158   +9.000    5232     58     95  +0.1251  -0.6269  +0.8708  +1.0000
   3877    619603   158   +7.138    2072     20      9  +0.0257  -1.0000  +0.5470  +1.0000
   3878    619765   162   +9.347    4812     57     60  +0.1047  -0.7370  +1.0000  +1.0000
   3879    619928   163  +13.020    6705     79     67  +0.2472  -0.2402  +1.0000  +1.0000
   3880    620084   156  +12.586    6464     70    113  +0.2217  -0.3033  +0.8888  +1.0000
   3881    620242   158   +4.451    5211     82     67  -0.1142  -0.6323  +0.2824  +0.5784
   3882    620404   162   +8.492    4719     52     80  +0.0845  -0.7614  +0.8396  +1.0000
   3883    620560   156  +11.606    6706     69    126  +0.2319  -0.2399  +0.7691  +1.0000
   3884    620725   165   +8.426    5190     59    121  +0.0788  -0.6379  +0.4946  +1.0000
   3885    620886   161  +12.618    6180     64    133  +0.1734  -0.3781  +0.6092  +1.0000
   3886    621037   151   +9.366    5942     69    144  +0.1157  -0.4405  +0.3365  +1.0000
   3887    621193   156   +8.454    5324     61     98  +0.1158  -0.6028  +0.7381  +1.0000
   3888    621355   162   +9.259    2481     20      7  +0.0718  -1.0000  +1.0000  +1.0000
   3889    621519   164   +9.686    5461     70     85  +0.1106  -0.5667  +0.9059  +0.9353
   3890    621678   159  +12.845    6293     65    129  +0.2010  -0.3483  +0.7944  +1.0000
   3891    621840   162   +4.975    4309     68     54  -0.1487  -0.8691  +0.4951  +0.5920
   3892    621996   156  +12.003    5715     61     92  +0.1783  -0.4999  +1.0000  +1.0000
   3893    622156   160  +11.089    5479     62     58  +0.1588  -0.5620  +0.9975  +1.0000
   3894    622320   164  +10.934    7037     89     97  +0.2171  -0.1531  +0.6844  +0.9686
   3895    622481   161  +11.871    6389     76     93  +0.2098  -0.3232  +0.9106  +1.0000
   3896    622638   157  +12.682    5640     57    100  +0.1746  -0.5197  +0.9774  +1.0000
   3897    622798   160  +12.374    6822     75    112  +0.2486  -0.2094  +0.9009  +1.0000
   3898    622951   153   +5.174    4504     64     35  -0.0498  -0.8179  +0.6351  +0.7617
   3899    623112   161  +11.037    6621     76    131  +0.2072  -0.2623  +0.7039  +1.0000
   3900    623268   156   +8.739    4312     46     10  +0.0801  -0.8683  +1.0000  +1.0000

  ── rolling mean (last 100 ep) ──  cum_R=+9.414  yield=5099 kg/ha  N=58  W=77 mm  R_seas=+0.1017  R_ane=+0.9523

   3901    623425   157   +9.754    5672     65     53  +0.1718  -0.5112  +0.9786  +1.0000
   3902    623584   159  +10.912    6745     72     98  +0.2458  -0.2296  +0.8863  +1.0000
   3903    623744   160  +10.997    5792     64     84  +0.1824  -0.4799  +1.0000  +1.0000
   3904    623903   159   +8.390    5216     66     80  +0.0469  -0.6310  +0.2761  +0.9774
   3905    624058   155  +10.588    7083     85    119  +0.2443  -0.1409  +0.7716  +1.0000
   3906    624226   168  +10.520    6301     70     90  +0.1957  -0.3463  +0.7636  +1.0000
   3907    624387   161  +11.677    5410     60     85  +0.1521  -0.5802  +1.0000  +1.0000
   3908    624547   160   +7.718    3798     48     40  +0.0160  -1.0000  +1.0000  +0.9669
   3909    624715   168   +7.215    5635     75     86  +0.0734  -0.5210  +0.6038  +0.8863
   3910    624871   156   +8.368    3019     38      5  +0.0388  -1.0000  +1.0000  +0.9794
   3911    625031   160   +9.441    5601     65     76  +0.1446  -0.5300  +0.8040  +1.0000
   3912    625190   159   +8.784    6043     77    110  +0.1509  -0.4139  +0.7838  +0.9660
   3913    625347   157   +8.643    4208     39     88  +0.0634  -0.8955  +0.9203  +1.0000
   3914    625506   159  +12.028    6002     69     88  +0.1937  -0.4245  +1.0000  +1.0000
   3915    625667   161  +12.474    6325     69    107  +0.2219  -0.3398  +1.0000  +1.0000
   3916    625832   165   +9.165    5738     61    122  +0.1444  -0.4938  +0.6701  +1.0000
   3917    625989   157   +8.266    5157     56     73  +0.1272  -0.6466  +0.9069  +1.0000
   3918    626148   159  +12.196    6693     76    103  +0.2364  -0.2433  +0.9056  +1.0000
   3919    626314   166   +9.972    5916     70     59  +0.1725  -0.4473  +0.8342  +1.0000
   3920    626474   160   +8.250    4877     64    100  +0.0392  -0.7200  +0.7464  +0.9085
   3921    626628   154   +6.806    2695     38     46  -0.0499  -1.0000  +0.7857  +0.7985
   3922    626785   157  +11.402    6756     78     80  +0.2470  -0.2267  +0.9435  +1.0000
   3923    626942   157   +9.694    3036     30      4  +0.0569  -1.0000  +1.0000  +1.0000
   3924    627101   159   +9.191    5083     58     96  +0.1084  -0.6659  +0.8369  +1.0000
   3925    627234   133   -3.456       0     12      0  -0.8163  -1.0000  -1.0000  -1.0000
   3926    627387   153  +10.615    5788     64    129  +0.1434  -0.4808  +0.6639  +1.0000
   3927    627552   165   +9.277    4126     44     56  +0.0613  -0.9172  +1.0000  +1.0000
   3928    627711   159  +10.481    6561     82     95  +0.2008  -0.2780  +0.7371  +1.0000
   3929    627872   161   +8.744    4543     40     80  +0.0996  -0.8075  +0.9805  +1.0000
   3930    628031   159  +11.670    6482     76     97  +0.2191  -0.2986  +0.9101  +1.0000
   3931    628184   153   +6.243    2715     33     48  +0.0041  -1.0000  +0.5598  +1.0000
   3932    628346   162   +9.321    6354     83     97  +0.1322  -0.3322  +0.5808  +0.9099
   3933    628519   173   +9.991    5295     64    120  +0.0679  -0.6101  +0.3580  +1.0000
   3934    628677   158  +11.330    6021     71    109  +0.1780  -0.4197  +0.8753  +1.0000
   3935    628839   162   +8.401    4630     51     81  +0.0717  -0.7847  +0.7698  +1.0000
   3936    628993   154   +6.593    5637     81     86  -0.0118  -0.5204  +0.3343  +0.7441
   3937    629151   158   +8.322    4874     59    103  +0.0544  -0.7208  +0.5096  +1.0000
   3938    629309   158  +11.318    6706     78    102  +0.2313  -0.2398  +0.8661  +1.0000
   3939    629470   161  +10.756    5984     72     91  +0.1849  -0.4293  +0.9723  +1.0000
   3940    629631   161  +11.874    6122     67    116  +0.1871  -0.3933  +0.8208  +1.0000
   3941    629794   163  +10.711    5908     62    104  +0.1653  -0.4493  +0.7186  +1.0000
   3942    629952   158   +9.670    5715     62    105  +0.1539  -0.4999  +0.7826  +1.0000
   3943    630107   155  +11.265    5855     61    111  +0.1564  -0.4633  +0.6792  +1.0000
   3944    630260   153  +10.008    5280     52    110  +0.1338  -0.6142  +0.8461  +1.0000
   3945    630417   157  +12.720    7581     90    139  +0.2824  -0.0102  +0.7819  +1.0000
   3946    630581   164  +12.656    6866     83    112  +0.2164  -0.1980  +0.6503  +1.0000
   3947    630740   159  +10.241    5264     60     62  +0.1380  -0.6182  +0.9531  +1.0000
   3948    630896   156  +12.499    5891     63     84  +0.1811  -0.4537  +0.8797  +1.0000
   3949    631060   164  +13.473    6176     66     74  +0.2155  -0.3791  +1.0000  +1.0000
   3950    631220   160   +8.225    5520     73     85  +0.0879  -0.5512  +0.7792  +0.8997
   3951    631382   162  +12.527    6207     70     94  +0.1810  -0.3707  +0.7006  +1.0000
   3952    631545   163  +12.029    6080     65     83  +0.2050  -0.4042  +0.9800  +1.0000
   3953    631706   161   +9.188    6934     90    112  +0.1935  -0.1801  +0.7171  +0.9263
   3954    631866   160  +12.054    6169     70     94  +0.1880  -0.3807  +0.8096  +1.0000
   3955    632025   159   +4.453    3407     53     23  -0.1214  -1.0000  +0.9221  +0.6092
   3956    632188   163   +8.428    3019     26     66  +0.0277  -1.0000  +0.7217  +1.0000
   3957    632352   164  +10.278    6711     83    132  +0.1975  -0.2386  +0.6346  +1.0000
   3958    632516   164   +9.689    6515     85     64  +0.1768  -0.2899  +0.8225  +0.9212
   3959    632675   159  +11.239    5707     59    120  +0.1550  -0.5021  +0.7735  +1.0000
   3960    632835   160  +12.201    6622     69    100  +0.2245  -0.2620  +0.7493  +1.0000
   3961    632993   158  +10.666    5912     71    113  +0.1563  -0.4483  +0.7593  +1.0000
   3962    633154   161   +8.846    5368     58     95  +0.1409  -0.5909  +0.9012  +1.0000
   3963    633312   158  +10.968    6226     77     96  +0.1965  -0.3658  +0.9436  +1.0000
   3964    633477   165   +9.291    6569     86     57  +0.1805  -0.2759  +0.8105  +0.9214
   3965    633641   164   +8.524    5427     64    100  +0.1133  -0.5756  +0.6671  +1.0000
   3966    633805   164  +10.160    5776     65    106  +0.1453  -0.4839  +0.6812  +1.0000
   3967    633968   163   +9.580    5695     74     90  +0.1056  -0.5051  +0.7543  +0.9189
   3968    634132   164  +10.177    4694     57     59  +0.0770  -0.7679  +0.8233  +1.0000
   3969    634286   154   +5.735    4533     64    104  -0.0751  -0.8102  +0.3756  +0.7790
   3970    634448   162   +8.879    6540     94     76  +0.0859  -0.2836  +0.6771  +0.7379
   3971    634608   160  +13.117    7361     87     94  +0.2736  -0.0679  +0.8024  +1.0000
   3972    634772   164   +8.900    5467     69    120  +0.1047  -0.5652  +0.6655  +0.9899
   3973    634932   160   +9.376    6068     78    109  +0.1270  -0.4074  +0.5969  +0.9485
   3974    635095   163  +12.297    5322     53    117  +0.1513  -0.6031  +1.0000  +1.0000
   3975    635258   163  +14.129    6676     80    116  +0.2210  -0.2478  +0.8358  +1.0000
   3976    635419   161   +9.753    5496     74     61  +0.0567  -0.5575  +0.5850  +0.8674
   3977    635582   163   +5.876    4642     68     59  -0.0664  -0.7817  +0.5694  +0.7195
   3978    635742   160  +12.536    6093     64    119  +0.1884  -0.4007  +0.8305  +1.0000
   3979    635903   161  +11.906    5363     63     42  +0.1458  -0.5924  +0.9682  +1.0000
   3980    636062   159   +8.343    5274     60    128  +0.1251  -0.6158  +0.9060  +1.0000
   3981    636217   155  +11.024    4978     49     97  +0.1259  -0.6934  +0.9927  +1.0000
   3982    636375   158   +8.448    6938    103     87  +0.0839  -0.1790  +0.5514  +0.6911
   3983    636537   162  +12.714    5755     62     65  +0.1839  -0.4895  +1.0000  +1.0000
   3984    636692   155  +12.726    6510     72    106  +0.2192  -0.2912  +0.8411  +1.0000
   3985    636848   156   +9.216    4273     48     81  +0.0654  -0.8786  +1.0000  +1.0000
   3986    637012   164   +8.326    6404     89    128  +0.0779  -0.3190  +0.4791  +0.8036
   3987    637170   158   +9.864    5431     60    105  +0.1461  -0.5745  +0.9422  +1.0000
   3988    637332   162   +7.986    2781     33     14  +0.0522  -1.0000  +1.0000  +1.0000
   3989    637485   153   +8.994    5643     69    127  +0.1156  -0.5190  +0.5918  +1.0000
   3990    637647   162  +11.936    6554     70    127  +0.2224  -0.2797  +0.8370  +1.0000
   3991    637807   160  +11.498    6944     86    112  +0.2277  -0.1773  +0.7337  +1.0000
   3992    637964   157  +11.139    6425     78     91  +0.2075  -0.3137  +0.8738  +1.0000
   3993    638126   162  +12.189    6503     73    130  +0.1985  -0.2931  +0.6842  +1.0000
   3994    638279   153  +10.849    5814     70     81  +0.1723  -0.4739  +0.9658  +1.0000
   3995    638440   161  +10.876    6662     85     88  +0.1905  -0.2515  +0.6809  +0.9695
   3996    638600   160  +10.382    5626     65     92  +0.1647  -0.5234  +1.0000  +1.0000
   3997    638759   159  +10.766    6570     72     96  +0.2293  -0.2757  +0.8774  +1.0000
   3998    638918   159   +8.228    7146    104    109  +0.1006  -0.1243  +0.4302  +0.7261
   3999    639078   160  +13.633    6756     74    133  +0.2429  -0.2268  +0.9189  +1.0000
   4000    639241   163  +10.057    5205     55    110  +0.1136  -0.6338  +0.7542  +1.0000

  ── rolling mean (last 100 ep) ──  cum_R=+9.974  yield=5615 kg/ha  N=66  W=90 mm  R_seas=+0.1298  R_ane=+0.9457

   4001    639400   159   +9.403    6320     86    107  +0.0969  -0.3413  +0.6070  +0.8274
   4002    639562   162  +11.998    5541     61     86  +0.1598  -0.5457  +0.9661  +1.0000
   4003    639724   162   +9.626    5752     79     68  +0.0585  -0.4902  +0.6352  +0.8159
   4004    639892   168  +10.314    6342     86    121  +0.0731  -0.3354  +0.3095  +0.8419
   4005    640053   161  +11.631    6748     86     84  +0.2153  -0.2288  +0.8485  +0.9724
   4006    640214   161   +9.481    6560     80     91  +0.2067  -0.2782  +0.7718  +1.0000
   4007    640375   161  +12.062    6659     74     84  +0.2484  -0.2521  +1.0000  +1.0000
   4008    640543   168   +9.642    5184     56    120  +0.1120  -0.6393  +0.7913  +1.0000
   4009    640704   161  +10.501    5799     72    144  +0.1430  -0.4780  +0.7880  +1.0000
   4010    640869   165   +8.366    5054     61    114  +0.0788  -0.6734  +0.6383  +1.0000
   4011    641024   155  +10.191    5857     74     80  +0.1658  -0.4628  +0.9512  +0.9869
   4012    641187   163  +10.507    5816     74    107  +0.1525  -0.4734  +0.9713  +0.9644
   4013    641346   159   +9.170    4844     55     79  +0.0880  -0.7285  +0.7963  +1.0000
   4014    641507   161   +8.816    4352     46     70  +0.0765  -0.8577  +1.0000  +1.0000
   4015    641667   160   +7.429    3914     51     19  +0.0115  -0.9727  +1.0000  +0.9292
   4016    641826   159   +5.495    3680     52     20  -0.0593  -1.0000  +1.0000  +0.7605
   4017    641988   162  +10.776    5561     62    112  +0.1504  -0.5404  +0.8987  +1.0000
   4018    642150   162   +9.901    5543     68     47  +0.1442  -0.5452  +0.8640  +1.0000
   4019    642308   158   +7.934    5990     81    101  +0.1026  -0.4277  +0.8039  +0.8496
   4020    642462   154  +12.135    6350     82    105  +0.1466  -0.3333  +0.6512  +0.9308
   4021    642625   163  +10.586    6834     89    118  +0.1872  -0.2062  +0.7703  +0.9178
   4022    642782   157  +12.294    7463     95     96  +0.2650  -0.0412  +0.8539  +0.9667
   4023    642950   168   +8.327    5790     76    101  +0.0908  -0.4804  +0.6521  +0.8939
   4024    643113   163   +8.105    6035     83    124  +0.0617  -0.4160  +0.4934  +0.8246
   4025    643268   155   +6.308    5585     77    129  +0.0195  -0.5341  +0.4172  +0.8212
   4026    643425   157   +7.573    3097     40     67  -0.0028  -1.0000  +0.7658  +0.9547
   4027    643590   165   +2.650    5939    109    110  -0.1724  -0.4412  +0.0972  +0.3587
   4028    643748   158   +7.411    3862     32     55  +0.0530  -0.9863  +1.0000  +1.0000
   4029    643910   162   +7.989    3804     38     73  +0.0380  -1.0000  +1.0000  +1.0000
   4030    644070   160  +12.781    7050     79    101  +0.2684  -0.1496  +0.9389  +1.0000
   4031    644230   160   +9.494    4462     46     46  +0.0894  -0.8289  +1.0000  +1.0000
   4032    644386   156   +9.299    4437     53     88  +0.0734  -0.8353  +1.0000  +1.0000
   4033    644546   160   +9.502    5671     67     80  +0.1435  -0.5116  +0.7608  +1.0000
   4034    644708   162   +5.590    5221     74     97  -0.0162  -0.6296  +0.5380  +0.7596
   4035    644864   156  +11.686    5772     66     92  +0.1656  -0.4849  +0.8890  +1.0000
   4036    645020   156  +10.380    6119     71    111  +0.1851  -0.3940  +0.8591  +1.0000
   4037    645179   159  +11.969    6427     73    127  +0.2056  -0.3131  +0.8213  +1.0000
   4038    645342   163  +13.281    7212     80    114  +0.2664  -0.1069  +0.7994  +1.0000
   4039    645506   164   +7.813    3791     40     52  +0.0384  -1.0000  +1.0000  +1.0000
   4040    645667   161  +11.061    5970     65    134  +0.1741  -0.4330  +0.8330  +1.0000
   4041    645828   161  +10.824    4502     56     77  +0.0750  -0.8184  +0.9897  +1.0000
   4042    645984   156   +9.493    5597     71    116  +0.0736  -0.5309  +0.3595  +0.9635
   4043    646146   162  +10.443    6544     89    101  +0.1135  -0.2824  +0.5287  +0.8448
   4044    646303   157  +12.372    6223     73    101  +0.1921  -0.3668  +0.8513  +1.0000
   4045    646465   162   +8.015    3340     38     57  +0.0209  -1.0000  +0.8088  +1.0000
   4046    646627   162  +12.484    6717     80    113  +0.2115  -0.2369  +0.7022  +1.0000
   4047    646788   161   +8.897    5580     76     70  +0.0766  -0.5355  +0.8220  +0.8457
   4048    646950   162   +8.096    4489     49     86  +0.0732  -0.8219  +0.8927  +1.0000
   4049    647112   162  +10.874    5308     61     65  +0.1444  -0.6069  +1.0000  +1.0000
   4050    647270   158   +8.990    5120     62    104  +0.0874  -0.6561  +0.6636  +1.0000
   4051    647426   156  +12.651    6605     76    146  +0.2033  -0.2664  +0.7107  +1.0000
   4052    647592   166  +11.977    6658     79    150  +0.1921  -0.2526  +0.5915  +1.0000
   4053    647753   161  +11.185    6317     72     90  +0.2187  -0.3420  +1.0000  +1.0000
   4054    647914   161   +5.111    1554     23     16  -0.1188  -1.0000  +0.2942  +0.6747
   4055    648075   161  +11.541    6940     86    133  +0.2334  -0.1786  +0.8197  +1.0000
   4056    648239   164  +12.221    6500     68     98  +0.2217  -0.2939  +0.8167  +1.0000
   4057    648397   158   +9.163    4972     63     25  +0.1007  -0.6949  +1.0000  +0.9593
   4058    648554   157   +9.592    3939     37     68  +0.0331  -0.9662  +0.8126  +1.0000
   4059    648712   158  +12.413    6196     71    107  +0.1970  -0.3739  +0.8962  +1.0000
   4060    648875   163  +11.657    5914     64    121  +0.1829  -0.4477  +0.9375  +1.0000
   4061    649031   156   +9.788    6142     71    158  +0.1519  -0.3880  +0.5656  +1.0000
   4062    649188   157   +4.218    5186     78    106  -0.0845  -0.6388  +0.2904  +0.6627
   4063    649345   157  +10.945    6631     79    108  +0.2209  -0.2595  +0.8551  +1.0000
   4064    649507   162  +10.488    6378     82    125  +0.1372  -0.3260  +0.4683  +0.9535
   4065    649669   162   +8.254    4868     58     82  +0.0858  -0.7222  +0.7964  +1.0000
   4066    649827   158   +8.872    4658     54     22  +0.0997  -0.7775  +1.0000  +1.0000
   4067    649985   158   +8.709    4749     64     54  +0.0294  -0.7536  +0.9093  +0.8527
   4068    650145   160  +11.993    5347     52     89  +0.1420  -0.5966  +0.8405  +1.0000
   4069    650305   160   +9.030    4132     38     77  +0.0674  -0.9154  +1.0000  +1.0000
   4070    650460   155   +5.032    3661     56     63  -0.1549  -1.0000  +0.5384  +0.6474
   4071    650623   163  +12.250    6998     85    105  +0.2318  -0.1631  +0.7059  +1.0000
   4072    650780   157  +11.562    5488     55    120  +0.1631  -0.5597  +1.0000  +1.0000
   4073    650940   160  +11.178    7756    103    103  +0.2610  +0.0356  +0.9268  +0.8806
   4074    651099   159  +10.122    5887     66    138  +0.1487  -0.4548  +0.6743  +1.0000
   4075    651261   162  +11.530    6870     86    102  +0.2366  -0.1969  +0.9109  +0.9924
   4076    651419   158   +7.080    3496     46     10  -0.0017  -1.0000  +1.0000  +0.8969
   4077    651591   172   +7.593    5312     76     27  +0.0334  -0.6056  +0.9478  +0.7442
   4078    651746   155  +11.845    6536     79    120  +0.1911  -0.2844  +0.6551  +1.0000
   4079    651906   160  +10.861    4633     57     35  +0.0891  -0.7839  +0.9714  +1.0000
   4080    652066   160  +13.756    7520     87    118  +0.2732  -0.0263  +0.6809  +1.0000
   4081    652223   157  +11.312    6216     73     92  +0.2000  -0.3686  +0.9185  +1.0000
   4082    652385   162   +9.994    6534     86    117  +0.1574  -0.2851  +0.7472  +0.9045
   4083    652544   159   +9.616    4397     51     66  +0.0751  -0.8459  +1.0000  +1.0000
   4084    652707   163  +10.554    5394     56     99  +0.1504  -0.5843  +0.9543  +1.0000
   4085    652866   159  +12.257    6972     80    100  +0.2377  -0.1701  +0.7142  +1.0000
   4086    653022   156   +9.214    5638     70     84  +0.1466  -0.5201  +0.8641  +1.0000
   4087    653174   152  +11.461    5958     66     86  +0.1943  -0.4363  +1.0000  +1.0000
   4088    653334   160  +10.509    6268     78    134  +0.1601  -0.3549  +0.5956  +1.0000
   4089    653494   160  +10.237    4900     48    106  +0.1205  -0.7139  +1.0000  +1.0000
   4090    653652   158  +13.167    6092     68    107  +0.2013  -0.4010  +1.0000  +1.0000
   4091    653805   153   +8.417    5881     75    111  +0.0987  -0.4565  +0.4474  +0.9503
   4092    653966   161   +7.982    3535     35      4  +0.0501  -1.0000  +1.0000  +1.0000
   4093    654127   161  +10.777    5395     60     80  +0.1523  -0.5840  +0.9981  +1.0000
   4094    654289   162  +10.565    5085     59     95  +0.1064  -0.6653  +0.8296  +1.0000
   4095    654448   159   +9.597    4817     59     87  +0.0857  -0.7357  +0.8595  +1.0000
   4096    654610   162   +9.158    4305     48     56  +0.0712  -0.8701  +1.0000  +1.0000
   4097    654769   159  +10.717    5683     62    114  +0.1457  -0.5085  +0.7377  +1.0000
   4098    654933   164   +7.859    5923     78     90  +0.0848  -0.4455  +0.4649  +0.8981
   4099    655095   162  +13.144    7668     87    119  +0.2914  +0.0126  +0.7364  +1.0000
   4100    655255   160  +11.284    6195     67    136  +0.1894  -0.3741  +0.8080  +1.0000

  ── rolling mean (last 100 ep) ──  cum_R=+9.904  yield=5565 kg/ha  N=67  W=92 mm  R_seas=+0.1228  R_ane=+0.9505

   4101    655412   157  +11.505    6420     69    127  +0.2127  -0.3149  +0.8460  +1.0000
   4102    655566   154  +10.321    6034     73    105  +0.1727  -0.4164  +0.8294  +1.0000
   4103    655722   156  +10.677    5727     67    130  +0.1367  -0.4969  +0.7037  +1.0000
   4104    655884   162   +9.778    5146     64     31  +0.1204  -0.6493  +0.9049  +1.0000
   4105    656044   160  +11.586    6750     80    133  +0.2295  -0.2284  +0.8746  +1.0000
   4106    656209   165  +10.885    6537     88     96  +0.1235  -0.2842  +0.5969  +0.8521
   4107    656365   156  +10.804    6363     79    142  +0.1807  -0.3299  +0.7418  +1.0000
   4108    656527   162   +9.675    5767     78     96  +0.0782  -0.4863  +0.7621  +0.8385
   4109    656686   159   +8.265    3280     36     21  +0.0468  -1.0000  +1.0000  +1.0000
   4110    656845   159  +12.189    7152     82    133  +0.2457  -0.1228  +0.7025  +1.0000
   4111    657001   156   +9.410    5036     60    120  +0.0867  -0.6781  +0.7323  +1.0000
   4112    657160   159  +10.119    6087     74     94  +0.1731  -0.4024  +0.7932  +1.0000
   4113    657324   164   +4.448    5204     80    110  -0.1007  -0.6340  +0.2478  +0.6320
   4114    657481   157   +9.364    2743     32     55  +0.0133  -1.0000  +0.6522  +1.0000
   4115    657636   155   +9.981    5132     60    108  +0.1239  -0.6530  +0.9906  +1.0000
   4116    657796   160  +12.092    6952     83    129  +0.2261  -0.1753  +0.6904  +1.0000
   4117    657951   155   +8.996    5148     62     76  +0.1004  -0.6489  +0.7307  +1.0000
   4118    658115   164   +9.367    5934     72     74  +0.1630  -0.4424  +0.7707  +1.0000
   4119    658277   162   +8.503    3522     45     68  +0.0001  -1.0000  +0.8047  +0.9724
   4120    658439   162   +8.087    5649     80     95  +0.0176  -0.5173  +0.5484  +0.7636
   4121    658597   158  +11.940    5352     56    105  +0.1500  -0.5952  +1.0000  +1.0000
   4122    658764   167  +10.898    5981     64    125  +0.1777  -0.4302  +0.8289  +1.0000
   4123    658930   166  +10.703    7222     99    138  +0.1570  -0.1046  +0.5935  +0.8262
   4124    659096   166  +12.079    6583     85    127  +0.1534  -0.2722  +0.5398  +0.9392
   4125    659253   157  +10.173    5716     70     97  +0.1260  -0.4998  +0.6068  +1.0000
   4126    659412   159   +8.702    4982     53    110  +0.0865  -0.6923  +0.6610  +1.0000
   4127    659576   164   +5.830    5297     76     92  -0.0261  -0.6097  +0.4984  +0.7303
   4128    659740   164   +9.499    4832     52     21  +0.1177  -0.7319  +1.0000  +1.0000
   4129    659896   156  +10.226    6703     89    101  +0.1668  -0.2407  +0.8018  +0.8793
   4130    660054   158  +12.717    6278     68    158  +0.2016  -0.3524  +0.8907  +1.0000
   4131    660219   165  +12.819    7456     92    140  +0.2652  -0.0431  +0.7533  +1.0000
   4132    660385   166  +11.318    6785     78    140  +0.2311  -0.2192  +0.8330  +1.0000
   4133    660545   160  +11.270    6453     81    149  +0.1635  -0.3062  +0.5870  +0.9820
   4134    660709   164  +10.990    7025     85     95  +0.2444  -0.1561  +0.7975  +1.0000
   4135    660868   159   +9.299    6388     93    130  +0.0374  -0.3233  +0.4545  +0.7168
   4136    661025   157   +9.621    6096     71    140  +0.1844  -0.4000  +0.9111  +1.0000
   4137    661187   162   +8.713    4688     56     87  +0.0923  -0.7696  +1.0000  +1.0000
   4138    661344   157  +13.497    6541     74    122  +0.2146  -0.2831  +0.8189  +1.0000
   4139    661506   162  +11.071    7455     98    124  +0.2169  -0.0434  +0.7074  +0.8966
   4140    661671   165  +11.094    6036     73     82  +0.1732  -0.4157  +0.8034  +1.0000
   4141    661831   160  +10.322    5771     72    132  +0.1339  -0.4852  +0.7025  +1.0000
   4142    661987   156  +11.444    6208     70    100  +0.2053  -0.3706  +0.9550  +1.0000
   4143    662150   163   +3.004    3800     58     54  -0.1700  -1.0000  +0.4487  +0.6365
   4144    662312   162  +10.128    6981     89    100  +0.2184  -0.1677  +0.8072  +0.9529
   4145    662472   160  +13.681    7645     85    109  +0.3018  +0.0065  +0.8201  +1.0000
   4146    662635   163  +10.411    6914     93     99  +0.1687  -0.1853  +0.7735  +0.8532
   4147    662795   160  +12.115    6387     79    107  +0.1957  -0.3237  +0.8258  +1.0000
   4148    662956   161  +13.018    5516     57     96  +0.1653  -0.5522  +1.0000  +1.0000
   4149    663116   160   +7.309    5086     68    127  -0.0092  -0.6650  +0.3495  +0.8564
   4150    663269   153   +7.235    4846     68     40  -0.0038  -0.7282  +0.7472  +0.7885
   4151    663430   161   +7.761    3264     32     19  +0.0537  -1.0000  +1.0000  +1.0000
   4152    663591   161  +10.921    6716     91    126  +0.1146  -0.2374  +0.4718  +0.8386
   4153    663760   169  +11.110    6811     87     61  +0.2066  -0.2124  +0.7141  +0.9661
   4154    663915   155   +9.077    4634     54     90  +0.0844  -0.7836  +0.9555  +1.0000
   4155    664070   155  +12.180    5646     64     97  +0.1664  -0.5181  +0.9829  +1.0000
   4156    664228   158   +9.886    7034     94    147  +0.1545  -0.1537  +0.4966  +0.8782
   4157    664388   160  +11.759    6214     71     63  +0.2092  -0.3691  +0.9595  +1.0000
   4158    664543   155  +11.329    7109     85    126  +0.2464  -0.1341  +0.7791  +1.0000
   4159    664694   151   +6.113    4230     58     52  -0.0408  -0.8899  +0.7321  +0.8151
   4160    664856   162   +9.939    5445     68    114  +0.1116  -0.5708  +0.7564  +0.9867
   4161    665022   166   +8.766    5480     76     54  +0.0331  -0.5618  +0.6376  +0.7977
   4162    665176   154   +9.701    5698     69    107  +0.1588  -0.5045  +0.9507  +1.0000
   4163    665333   157   +8.720    3012     40     13  +0.0091  -1.0000  +1.0000  +0.9028
   4164    665489   156   +9.072    3179     34     57  +0.0457  -1.0000  +1.0000  +1.0000
   4165    665659   170   +7.274    5806     77    127  +0.0668  -0.4761  +0.4369  +0.8925
   4166    665822   163   +9.468    5097     61     52  +0.1199  -0.6621  +0.9388  +1.0000
   4167    665982   160  +11.528    5335     63    103  +0.1091  -0.5997  +0.6929  +1.0000
   4168    666139   157  +10.941    6204     65     78  +0.1993  -0.3717  +0.8008  +1.0000
   4169    666298   159   +8.626    4881     61     14  +0.1113  -0.7188  +1.0000  +1.0000
   4170    666466   168   +9.215    5123     59    123  +0.1092  -0.6553  +0.8599  +1.0000
   4171    666629   163  +11.592    6943     86    128  +0.2303  -0.1777  +0.7777  +1.0000
   4172    666788   159   +9.354    5723     62    139  +0.1616  -0.4980  +0.8870  +1.0000
   4173    666947   159  +12.196    5854     63    108  +0.1863  -0.4636  +1.0000  +1.0000
   4174    667111   164  +10.655    6141     71    114  +0.1817  -0.3883  +0.8100  +1.0000
   4175    667275   164   +7.075    4278     46     87  +0.0674  -0.8771  +0.9973  +1.0000
   4176    667432   157   +8.072    4272     43     45  +0.0766  -0.8786  +1.0000  +1.0000
   4177    667588   156  +14.251    7400     82    111  +0.3022  -0.0578  +1.0000  +1.0000
   4178    667749   161   +5.438    5613     81    152  -0.0108  -0.5267  +0.5117  +0.7269
   4179    667913   164  +10.480    5697     78    115  +0.0343  -0.5048  +0.4721  +0.8203
   4180    668066   153  +12.957    6453     69    150  +0.2154  -0.3063  +0.8690  +1.0000
   4181    668232   166  +11.266    6574     80    139  +0.2059  -0.2745  +0.8005  +1.0000
   4182    668390   158  +12.871    6628     69    147  +0.2171  -0.2603  +0.7307  +1.0000
   4183    668551   161   +6.976    4180     63     65  -0.0854  -0.9029  +0.9193  +0.6690
   4184    668711   160  +11.644    6117     74    119  +0.1758  -0.3945  +0.8239  +1.0000
   4185    668866   155  +10.913    6025     70    131  +0.1711  -0.4187  +0.8201  +1.0000
   4186    669030   164  +11.955    5414     56    110  +0.1481  -0.5789  +0.9235  +1.0000
   4187    669191   161  +11.224    6044     76    110  +0.1523  -0.4135  +0.7291  +0.9830
   4188    669352   161   +4.996    5514     78     91  -0.0078  -0.5528  +0.3851  +0.7642
   4189    669511   159   +7.361    5495     76     58  +0.0544  -0.5578  +0.7544  +0.8195
   4190    669667   156  +12.427    7611     94    154  +0.2736  -0.0022  +0.7499  +1.0000
   4191    669721    54   -7.185       0      0      0  -0.8001  -1.0000  -1.0000  -1.0000
   4192    669885   164  +10.145    5085     64     42  +0.1040  -0.6653  +0.9084  +0.9747
   4193    670039   154  +10.040    6040     72     77  +0.1847  -0.4148  +0.8976  +1.0000
   4194    670194   155   +7.357    3084     40     11  +0.0153  -1.0000  +1.0000  +0.9222
   4195    670356   162  +12.295    5923     66     67  +0.1936  -0.4454  +1.0000  +1.0000
   4196    670513   157   +9.466    5400     65     89  +0.1393  -0.5827  +0.9528  +1.0000
   4197    670671   158  +11.649    5910     69    138  +0.1595  -0.4488  +0.8024  +1.0000
   4198    670834   163   +8.513    5096     66     73  +0.0746  -0.6624  +0.7978  +0.9360
   4199    670995   161  +10.355    6335     73    103  +0.2032  -0.3372  +0.8588  +1.0000
   4200    671160   165   +9.346    5724     70     79  +0.1613  -0.4976  +0.9285  +1.0000

  ── rolling mean (last 100 ep) ──  cum_R=+9.862  yield=5671 kg/ha  N=69  W=98 mm  R_seas=+0.1215  R_ane=+0.9281

   4201    671325   165  +10.940    6549     80    110  +0.1917  -0.2812  +0.6593  +1.0000
   4202    671487   162  +10.393    5509     68     69  +0.1466  -0.5542  +0.9473  +1.0000
   4203    671650   163  +11.917    6353     75    139  +0.1755  -0.3325  +0.6312  +1.0000
   4204    671806   156  +13.483    7911     93    101  +0.3271  +0.0764  +0.9229  +1.0000
   4205    671965   159  +14.113    7684     87    167  +0.2903  +0.0168  +0.7618  +1.0000
   4206    672125   160   +9.596    5212     64     60  +0.1244  -0.6320  +0.9215  +1.0000
   4207    672284   159  +13.105    8003    103    127  +0.2925  +0.1006  +0.7983  +0.9504
   4208    672441   157  +13.409    7920    100    131  +0.2772  +0.0789  +0.5843  +0.9892
   4209    672603   162  +13.396    7647     87    110  +0.2918  +0.0071  +0.7366  +1.0000
   4210    672760   157  +10.485    6589     82    122  +0.2000  -0.2707  +0.7432  +1.0000
   4211    672919   159  +10.014    5947     75    110  +0.1569  -0.4392  +0.8560  +0.9808
   4212    673076   157   +7.940    5612     76     84  +0.0876  -0.5269  +0.8958  +0.8531
   4213    673231   155   +6.362    4534     63    102  -0.0605  -0.8100  +0.4657  +0.7922
   4214    673390   159  +10.591    4838     48     95  +0.1162  -0.7303  +1.0000  +1.0000
   4215    673555   165  +10.961    4461     40     21  +0.1010  -0.8291  +1.0000  +1.0000
   4216    673714   159  +10.627    6161     78     99  +0.1621  -0.3830  +0.7663  +0.9734
   4217    673871   157   +8.280    4080     40     23  +0.0667  -0.9290  +1.0000  +1.0000
   4218    674033   162   +9.464    5035     58    129  +0.0856  -0.6786  +0.6915  +1.0000
   4219    674203   170   +8.907    6785     92     70  +0.1299  -0.2192  +0.5315  +0.8328
   4220    674363   160   +7.510    4004     38      3  +0.0638  -0.9490  +1.0000  +1.0000
   4221    674522   159  +11.853    6730     70    130  +0.2332  -0.2336  +0.7842  +1.0000
   4222    674684   162  +10.666    6623     79    144  +0.1986  -0.2617  +0.6779  +1.0000
   4223    674843   159  +10.029    5194     56     55  +0.1325  -0.6367  +0.9000  +1.0000
   4224    674999   156   +8.433    4750     56     47  +0.1019  -0.7534  +1.0000  +1.0000
   4225    675158   159  +10.313    4436     45     50  +0.0886  -0.8357  +1.0000  +1.0000
   4226    675316   158  +12.587    6927     87     87  +0.2458  -0.1818  +0.9472  +0.9912
   4227    675473   157  +11.540    7578    100     82  +0.2418  -0.0109  +0.7831  +0.9041
   4228    675629   156  +11.167    5050     50    117  +0.1164  -0.6746  +0.8653  +1.0000
   4229    675795   166   +7.866    5385     66     88  +0.1037  -0.5866  +0.6271  +1.0000
   4230    675952   157  +11.634    6324     75    104  +0.2140  -0.3401  +1.0000  +1.0000
   4231    676117   165   +9.141    6110     80    126  +0.0997  -0.3965  +0.4496  +0.9149
   4232    676275   158  +11.361    5979     73    102  +0.1609  -0.4306  +0.7626  +1.0000
   4233    676433   158   +6.649    1521     10      5  +0.0477  -1.0000  +0.6211  +1.0000
   4234    676589   156  +11.029    7101     94    131  +0.1800  -0.1362  +0.6582  +0.8840
   4235    676751   162  +10.494    5677     66     49  +0.1650  -0.5099  +0.9185  +1.0000
   4236    676910   159  +10.015    6071     70    114  +0.1768  -0.4065  +0.8053  +1.0000
   4237    677064   154  +11.745    7664    104    107  +0.2081  +0.0116  +0.6436  +0.8358
   4238    677223   159   +9.019    4161     36     70  +0.0727  -0.9079  +1.0000  +1.0000
   4239    677377   154  +12.590    6601     85    105  +0.1947  -0.2674  +0.9329  +0.9344
   4240    677541   164  +10.384    4637     50     82  +0.0898  -0.7829  +0.9293  +1.0000
   4241    677709   168  +10.695    6176     80     90  +0.1490  -0.3791  +0.8051  +0.9262
   4242    677869   160  +11.812    6385     75    115  +0.2180  -0.3241  +1.0000  +1.0000
   4243    678030   161   +9.523    5225     56     78  +0.1343  -0.6286  +0.9176  +1.0000
   4244    678189   159   +9.710    6077     72    112  +0.1680  -0.4050  +0.7356  +1.0000
   4245    678349   160   +7.533    4335     56     30  +0.0367  -0.8622  +0.9385  +0.9333
   4246    678510   161   +7.591    2041     13     22  +0.0683  -1.0000  +0.8929  +1.0000
   4247    678664   154  +11.176    6698     84    114  +0.2181  -0.2420  +0.8534  +0.9962
   4248    678822   158  +13.881    7826     95    152  +0.2950  +0.0541  +0.7754  +1.0000
   4249    678975   153  +10.958    5879     71     98  +0.1716  -0.4570  +0.9281  +1.0000
   4250    679135   160  +10.415    6623     90     92  +0.1252  -0.2618  +0.5951  +0.8406
   4251    679295   160  +12.589    6044     68    108  +0.1893  -0.4137  +0.9252  +1.0000
   4252    679450   155  +11.984    6367     71    124  +0.1997  -0.3288  +0.7873  +1.0000
   4253    679612   162  +10.931    6533     81    113  +0.2019  -0.2853  +0.7868  +1.0000
   4254    679767   155  +11.286    6325     73    108  +0.1951  -0.3399  +0.7933  +1.0000
   4255    679924   157   +9.835    5729     68     35  +0.1770  -0.4963  +0.9952  +1.0000
   4256    680084   160   +5.309    4667     70    119  -0.1321  -0.7750  +0.1830  +0.6663
   4257    680242   158   +8.588    5562     72    143  +0.0697  -0.5403  +0.5118  +0.9303
   4258    680398   156   +9.330    6839     91    142  +0.1669  -0.2050  +0.7438  +0.8815
   4259    680553   155  +12.135    6543     79     83  +0.2305  -0.2827  +1.0000  +1.0000
   4260    680709   156  +10.640    6107     77     80  +0.1785  -0.3971  +0.9351  +0.9763
   4261    680870   161  +11.855    6371     74    133  +0.1988  -0.3279  +0.8332  +1.0000
   4262    681032   162   +8.160    4331     54      8  +0.0712  -0.8633  +1.0000  +1.0000
   4263    681192   160   +6.367    6527    102     86  -0.0155  -0.2870  +0.2416  +0.6030
   4264    681348   156  +12.745    6987     85    132  +0.2419  -0.1661  +0.8444  +1.0000
   4265    681508   160  +10.961    6863     89     81  +0.2056  -0.1986  +0.8150  +0.9355
   4266    681663   155  +12.752    7231     87    129  +0.2582  -0.1021  +0.8099  +1.0000
   4267    681826   163   +8.508    6671     98    119  +0.0559  -0.2491  +0.4677  +0.7067
   4268    681982   156   +8.388    4641     55     77  +0.0577  -0.7818  +0.6784  +1.0000
   4269    682139   157  +10.194    7164    103    146  +0.1216  -0.1197  +0.6006  +0.7457
   4270    682301   162  +12.052    7037     84    133  +0.2484  -0.1530  +0.8530  +1.0000
   4271    682465   164  +11.295    6132     74    138  +0.1784  -0.3907  +0.8485  +1.0000
   4272    682629   164   +9.021    6806     97     65  +0.1146  -0.2136  +0.6658  +0.7599
   4273    682790   161   +9.819    5269     67     28  +0.1260  -0.6170  +1.0000  +0.9685
   4274    682948   158  +11.390    6306     72     87  +0.2073  -0.3450  +0.8959  +1.0000
   4275    683108   160  +10.715    6467     85    135  +0.1329  -0.3026  +0.5827  +0.9021
   4276    683267   159  +13.838    7683     98    140  +0.2735  +0.0166  +0.8283  +0.9669
   4277    683429   162  +11.787    5691     71     96  +0.1479  -0.5063  +0.8787  +0.9958
   4278    683589   160  +12.022    6275     72    107  +0.2132  -0.3530  +1.0000  +1.0000
   4279    683748   159   +9.757    6691     94     84  +0.1208  -0.2438  +0.7097  +0.7889
   4280    683908   160  +12.109    7652    101    131  +0.2391  +0.0084  +0.7683  +0.9002
   4281    684065   157   +9.467    6655     92    111  +0.1241  -0.2533  +0.7549  +0.7998
   4282    684225   160  +10.634    7484    109    125  +0.1390  -0.0356  +0.5795  +0.7098
   4283    684382   157   +8.332    2675     29      6  +0.0591  -1.0000  +1.0000  +1.0000
   4284    684545   163   +6.309    6472    102    146  -0.0335  -0.3014  +0.2196  +0.5928
   4285    684707   162   +9.856    6216     82     64  +0.1335  -0.3686  +0.7409  +0.8895
   4286    684865   158  +12.267    5693     62     83  +0.1761  -0.5059  +1.0000  +1.0000
   4287    685029   164   +7.216    4666     67     64  -0.0348  -0.7753  +0.7510  +0.7498
   4288    685184   155  +10.285    6275     75    125  +0.1900  -0.3530  +0.8408  +1.0000
   4289    685338   154  +11.755    6032     75     72  +0.1858  -0.4169  +0.9572  +1.0000
   4290    685499   161  +11.869    8055    106     90  +0.2923  +0.1143  +0.8873  +0.8983
   4291    685654   155  +10.191    5879     71    131  +0.1471  -0.4570  +0.7263  +1.0000
   4292    685815   161  +10.896    5996     70    132  +0.1433  -0.4263  +0.5636  +1.0000
   4293    685976   161  +14.212    7998     95    145  +0.3153  +0.0993  +0.8090  +1.0000
   4294    686133   157  +11.538    7786    103    114  +0.2615  +0.0435  +0.9130  +0.8820
   4295    686298   165   +5.551    6017     89     85  +0.0077  -0.4208  +0.4459  +0.6987
   4296    686456   158  +12.479    7384     96    124  +0.2364  -0.0619  +0.8598  +0.9190
   4297    686623   167   +8.885    7084     97    110  +0.1654  -0.1408  +0.7575  +0.8232
   4298    686782   159  +12.092    7337     94    105  +0.2390  -0.0742  +0.7472  +0.9548
   4299    686949   167  +12.815    7419     98    130  +0.2027  -0.0527  +0.5849  +0.8999
   4300    687105   156   +5.271    2570     40     15  -0.1114  -1.0000  +0.9048  +0.5901

  ── rolling mean (last 100 ep) ──  cum_R=+10.416  yield=6078 kg/ha  N=76  W=97 mm  R_seas=+0.1540  R_ane=+0.9367

   4301    687269   164  +11.693    7750    106     59  +0.2322  +0.0340  +0.8076  +0.8191
   4302    687431   162   +8.013    5306     70    146  +0.0379  -0.6074  +0.4862  +0.9054
   4303    687595   164   +8.810    6166     82     67  +0.1205  -0.3816  +0.6408  +0.8918
   4304    687755   160   +7.137    5655     86    186  -0.0805  -0.5157  +0.1790  +0.6428
   4305    687917   162  +14.106    8289    110    149  +0.2775  +0.1755  +0.6336  +0.8875
   4306    688075   158  +12.180    7106     94    101  +0.2004  -0.1350  +0.7822  +0.8939
   4307    688240   165   +9.826    4150     34     15  +0.0820  -0.9107  +1.0000  +1.0000
   4308    688401   161  +13.979    7709     97    176  +0.2607  +0.0234  +0.6582  +0.9826
   4309    688567   166  +10.231    7974    120    135  +0.1446  +0.0929  +0.3694  +0.6611
   4310    688727   160  +11.965    6999     86    118  +0.2274  -0.1631  +0.6974  +1.0000
   4311    688886   159   +9.176    6526     89    130  +0.1044  -0.2871  +0.5302  +0.8341
   4312    689052   166  +10.880    6831     81     98  +0.2320  -0.2070  +0.7985  +1.0000
   4313    689212   160   +6.527    5034     72     15  +0.0187  -0.6788  +0.9269  +0.7587
   4314    689376   164  +12.121    8283    118    115  +0.2301  +0.1740  +0.5657  +0.7614
   4315    689538   162   +8.750    6897    100     81  +0.0957  -0.1898  +0.5984  +0.7201
   4316    689698   160  +14.019    7880     97    182  +0.2816  +0.0684  +0.6486  +1.0000
   4317    689864   166   +8.078    7184    104    137  +0.0979  -0.1144  +0.4029  +0.7259
   4318    690019   155   +6.139    6130     95    110  -0.0441  -0.3911  +0.2653  +0.6083
   4319    690182   163   +6.247    4033     54     17  -0.0108  -0.9415  +1.0000  +0.8489
   4320    690339   157   +9.964    6559     76     96  +0.2271  -0.2784  +0.9296  +1.0000
   4321    690495   156   +6.769    6907    104     73  +0.0499  -0.1870  +0.3435  +0.6566
   4322    690655   160  +11.809    6556     87    113  +0.1544  -0.2793  +0.8024  +0.8790
   4323    690810   155  +16.261    8226     99    202  +0.3235  +0.1589  +0.8090  +1.0000
   4324    690965   155  +11.468    5796     71     37  +0.1789  -0.4787  +1.0000  +1.0000
   4325    691126   161   +7.427    6043     88    121  +0.0000  -0.4138  +0.3387  +0.7116
   4326    691293   167  +10.055    6299     82     90  +0.1492  -0.3467  +0.7157  +0.9261
   4327    691449   156  +13.359    5843     58    149  +0.1695  -0.4664  +0.8121  +1.0000
   4328    691606   157   +8.569    5414     67     19  +0.1470  -0.5791  +0.9540  +1.0000
   4329    691766   160   +6.902    6482     97    136  +0.0212  -0.2987  +0.4482  +0.6669
   4330    691927   161  +14.394    7755     92    105  +0.3064  +0.0355  +0.8498  +1.0000
   4331    692090   163  +12.829    7103     86    166  +0.2280  -0.1356  +0.6582  +1.0000
   4332    692255   165  +11.086    5245     64     87  +0.1311  -0.6234  +1.0000  +1.0000
   4333    692417   162   +9.192    2820     26      6  +0.0636  -1.0000  +1.0000  +1.0000
   4334    692580   163   +7.699    3644     30     36  +0.0536  -1.0000  +1.0000  +1.0000
   4335    692739   159  +12.198    7555     95     97  +0.2795  -0.0170  +0.8144  +0.9950
   4336    692896   157  +10.103    6766     89    136  +0.1665  -0.2242  +0.7421  +0.8922
   4337    693063   167  +11.114    6694     83    103  +0.2194  -0.2430  +0.8245  +1.0000
   4338    693218   155   +7.614    5870     83     95  +0.0588  -0.4593  +0.7650  +0.7726
   4339    693374   156   +8.351    7129    109    107  +0.0834  -0.1290  +0.5742  +0.6396
   4340    693535   161  +10.353    5176     59    104  +0.1123  -0.6415  +0.8200  +1.0000
   4341    693696   161   +7.776    4053     43     22  +0.0590  -0.9361  +1.0000  +1.0000
   4342    693861   165  +10.901    5705     67     93  +0.1460  -0.5026  +0.7725  +1.0000
   4343    694022   161  +13.269    7529     96    125  +0.2459  -0.0238  +0.7087  +0.9524
   4344    694184   162  +12.001    6496     79     49  +0.2145  -0.2949  +0.8434  +1.0000
   4345    694348   164   +8.865    3793     41     36  +0.0387  -1.0000  +1.0000  +1.0000
   4346    694506   158  +12.032    6716     73    144  +0.2192  -0.2374  +0.7197  +1.0000
   4347    694669   163   +9.016    6983     94    101  +0.1561  -0.1673  +0.6100  +0.8511
   4348    694824   155  +11.475    6150     73     91  +0.2019  -0.3858  +1.0000  +1.0000
   4349    694980   156   +8.083    5463     65    136  +0.1304  -0.5661  +0.8629  +1.0000
   4350    695139   159  +10.596    5085     53     35  +0.1393  -0.6653  +1.0000  +1.0000
   4351    695294   155   +7.705    4947     71     82  -0.0178  -0.7015  +0.7384  +0.7502
   4352    695451   157   +9.136    5881     76    112  +0.1069  -0.4563  +0.5520  +0.9446
   4353    695614   163   +8.253    4097     52      9  +0.0307  -0.9247  +0.9471  +0.9545
   4354    695775   161  +11.490    5948     69     98  +0.1883  -0.4390  +1.0000  +1.0000
   4355    695932   157  +13.469    8170    106    166  +0.2782  +0.1444  +0.6469  +0.9227
   4356    696089   157   +7.939    6262     88    146  +0.0408  -0.3565  +0.3039  +0.7868
   4357    696246   157   +9.905    6468     91    149  +0.0745  -0.3024  +0.5242  +0.7799
   4358    696406   160   +9.114    6032     80     66  +0.1335  -0.4167  +0.9111  +0.8812
   4359    696564   158   +8.077    6236     88    117  +0.0461  -0.3632  +0.4466  +0.7614
   4360    696729   165  +15.163    8198     93    165  +0.3281  +0.1517  +0.7533  +1.0000
   4361    696884   155  +12.378    7559     91    143  +0.2782  -0.0159  +0.7855  +1.0000
   4362    697039   155  +12.957    8216    108    170  +0.2638  +0.1565  +0.5101  +0.9097
   4363    697200   161   +9.772    7037     98    134  +0.1424  -0.1531  +0.6745  +0.8033
   4364    697360   160  +11.230    6802     89     87  +0.1754  -0.2147  +0.6423  +0.9171
   4365    697518   158   +9.708    6814     89     97  +0.1733  -0.2116  +0.6557  +0.9095
   4366    697681   163   +5.182    6938    111     78  +0.0086  -0.1791  +0.2571  +0.5569
   4367    697834   153  +10.805    7167     95     87  +0.2206  -0.1188  +0.9741  +0.8817
   4368    697999   165  +12.420    6383     79     68  +0.2106  -0.3246  +0.9230  +1.0000
   4369    698157   158   +9.478    5382     59    122  +0.1263  -0.5874  +0.7930  +1.0000
   4370    698315   158   +7.105    3899     36     66  +0.0505  -0.9766  +1.0000  +1.0000
   4371    698476   161  +10.795    6169     74     74  +0.1931  -0.3808  +0.8958  +1.0000
   4372    698637   161  +11.611    5284     60     49  +0.1455  -0.6130  +1.0000  +1.0000
   4373    698794   157  +10.843    7879    107    158  +0.2274  +0.0681  +0.6835  +0.8406
   4374    698960   166  +13.620    6784     82    133  +0.2374  -0.2195  +0.9528  +1.0000
   4375    699124   164  +10.630    5450     62    105  +0.1305  -0.5696  +0.7965  +1.0000
   4376    699283   159   +7.480    7082    110    124  +0.0364  -0.1413  +0.2748  +0.6092
   4377    699443   160  +12.023    7028     94    120  +0.1802  -0.1553  +0.7882  +0.8634
   4378    699599   156   +7.997    3766     41     22  +0.0400  -1.0000  +1.0000  +1.0000
   4379    699760   161   +9.690    6823     92    140  +0.1354  -0.2093  +0.5557  +0.8534
   4380    699922   162   +9.947    6126     75    114  +0.1692  -0.3921  +0.7517  +1.0000
   4381    700080   158  +11.368    6694     81    118  +0.1907  -0.2430  +0.5321  +1.0000
   4382    700244   164  +10.417    5927     77     89  +0.1144  -0.4444  +0.6470  +0.9248
   4383    700402   158  +10.264    4951     61     61  +0.1124  -0.7004  +1.0000  +1.0000
   4384    700559   157  +12.498    6998     82    126  +0.2429  -0.1632  +0.7987  +1.0000
   4385    700721   162   +9.044    2926     32      5  +0.0552  -1.0000  +1.0000  +1.0000
   4386    700880   159  +11.694    7646    103    151  +0.2058  +0.0068  +0.6444  +0.8486
   4387    701043   163   +6.783    4758     68     47  -0.0475  -0.7511  +0.5688  +0.7422
   4388    701204   161   +3.720    3400     51      8  -0.1239  -1.0000  +0.6818  +0.6589
   4389    701364   160  +11.328    6732     84    162  +0.2063  -0.2330  +0.7436  +1.0000
   4390    701525   161  +12.170    6167     75     59  +0.2050  -0.3813  +1.0000  +1.0000
   4391    701684   159  +11.221    6288     81    105  +0.1673  -0.3495  +0.8604  +0.9417
   4392    701842   158  +11.935    7282     91     98  +0.2571  -0.0886  +0.7714  +1.0000
   4393    701996   154   +8.854    6217     85    132  +0.0975  -0.3681  +0.7294  +0.8243
   4394    702154   158   +8.638    6226     82    134  +0.0872  -0.3660  +0.3554  +0.8891
   4395    702307   153   +8.265    6063     93     92  +0.0068  -0.4087  +0.7298  +0.6246
   4396    702467   160  +12.189    8102    108    149  +0.2704  +0.1266  +0.8036  +0.8675
   4397    702624   157   +9.099    7005     98    118  +0.1318  -0.1614  +0.6445  +0.7864
   4398    702783   159  +15.252    8142     96    155  +0.3369  +0.1371  +0.9241  +1.0000
   4399    702950   167  +13.134    8645    114    145  +0.3231  +0.2690  +0.7141  +0.8999
   4400    703108   158  +13.428    6323     71    122  +0.2163  -0.3405  +1.0000  +1.0000

  ── rolling mean (last 100 ep) ──  cum_R=+10.286  yield=6311 kg/ha  N=81  W=102 mm  R_seas=+0.1459  R_ane=+0.8982

   4401    703269   161   +9.826    6067     80     69  +0.1496  -0.4077  +0.9888  +0.8963
   4402    703430   161   +8.266    4105     43     59  +0.0596  -0.9226  +1.0000  +1.0000
   4403    703587   157   +9.114    2190     23      6  +0.0668  -1.0000  +1.0000  +1.0000
   4404    703748   161  +12.704    7122     82    139  +0.2437  -0.1307  +0.7066  +1.0000
   4405    703915   167  +10.157    5689     72     58  +0.1585  -0.5067  +1.0000  +0.9808
   4406    704073   158  +10.160    6290     82     82  +0.1704  -0.3489  +0.9751  +0.9138
   4407    704231   158  +10.073    6616     85     72  +0.1937  -0.2634  +0.7960  +0.9531
   4408    704390   159  +11.239    6361     69    136  +0.2084  -0.3306  +0.8644  +1.0000
   4409    704556   166   +6.883    6417     94    107  +0.0271  -0.3157  +0.3828  +0.6983
   4410    704714   158  +14.904    7639     86    113  +0.3175  +0.0051  +1.0000  +1.0000
   4411    704870   156   +9.395    7207     98    130  +0.1561  -0.1083  +0.5594  +0.8322
   4412    705032   162  +10.862    7616    109    156  +0.1438  -0.0010  +0.4174  +0.7458
   4413    705198   166   +8.369    5146     69     37  +0.0685  -0.6494  +0.9148  +0.8713
   4414    705359   161  +15.067    8538    103    143  +0.3611  +0.2411  +0.8388  +1.0000
   4415    705513   154  +11.659    6609     81     87  +0.2199  -0.2653  +0.8693  +1.0000
   4416    705670   157  +10.802    4544     54     76  +0.0799  -0.8075  +0.9679  +1.0000
   4417    705828   158   +8.036    6593     95     96  +0.0711  -0.2696  +0.5554  +0.7285
   4418    705987   159  +10.573    6831     88     66  +0.2019  -0.2070  +0.7364  +0.9469
   4419    706146   159  +11.553    6940     87    108  +0.2392  -0.1785  +0.8597  +1.0000
   4420    706304   158   +9.627    5735     70     49  +0.1434  -0.4949  +0.7118  +1.0000
   4421    706454   150  +14.817    8607    104    146  +0.3691  +0.2591  +0.8603  +1.0000
   4422    706615   161  +10.705    7698    112    136  +0.1612  +0.0205  +0.6040  +0.7142
   4423    706777   162   +7.712    3845     47     25  +0.0342  -0.9907  +1.0000  +1.0000
   4424    706932   155  +11.036    7051     94    132  +0.1676  -0.1493  +0.5673  +0.8853
   4425    707093   161  +10.442    6059     72     81  +0.1832  -0.4096  +0.8734  +1.0000
   4426    707258   165  +10.931    5968     78     69  +0.1553  -0.4337  +1.0000  +0.9254
   4427    707417   159  +12.150    7542     97    104  +0.2576  -0.0205  +0.8304  +0.9431
   4428    707577   160  +10.505    5355     62     49  +0.1492  -0.5945  +1.0000  +1.0000
   4429    707739   162  +14.849    7778     93    159  +0.2956  +0.0415  +0.8048  +1.0000
   4430    707899   160  +12.050    6434     74    159  +0.2087  -0.3113  +0.8968  +1.0000
   4431    708061   162  +13.648    7593     92    172  +0.2869  -0.0071  +0.8890  +1.0000
   4432    708222   161  +13.105    6767     84     65  +0.2416  -0.2238  +0.9585  +1.0000
   4433    708379   157   +7.130    3957     53     13  -0.0094  -0.9614  +1.0000  +0.8653
   4434    708537   158  +12.949    7459    101    165  +0.1875  -0.0423  +0.6451  +0.8503
   4435    708697   160   +9.562    7618    109    156  +0.1609  -0.0005  +0.5729  +0.7500
   4436    708857   160  +12.705    7680     92     85  +0.2978  +0.0158  +0.8153  +1.0000
   4437    709014   157  +12.746    6946     83    168  +0.2405  -0.1769  +0.8897  +1.0000
   4438    709179   165  +10.826    6254     75     71  +0.1952  -0.3585  +0.8437  +1.0000
   4439    709340   161   +7.647    1984     12      8  +0.0533  -1.0000  +0.7040  +1.0000
   4440    709501   161  +11.889    7336     93    144  +0.2509  -0.0747  +0.8207  +0.9774
   4441    709667   166  +12.829    6446     75     93  +0.2224  -0.3081  +0.9644  +1.0000
   4442    709825   158   +6.674    5044     78     89  -0.0552  -0.6762  +0.8929  +0.6077
   4443    709984   159   +7.770    3979     48      8  +0.0482  -0.9557  +1.0000  +1.0000
   4444    710148   164  +10.166    4214     40     23  +0.0785  -0.8938  +1.0000  +1.0000
   4445    710304   156   +9.626    5065     59     94  +0.1214  -0.6705  +1.0000  +1.0000
   4446    710463   159  +13.626    7330     90    103  +0.2855  -0.0760  +1.0000  +1.0000
   4447    710629   166  +11.983    6986     83    155  +0.2098  -0.1665  +0.5338  +1.0000
   4448    710779   150  +11.674    7436     92     92  +0.2805  -0.0482  +0.8665  +1.0000
   4449    710937   158  +13.497    8440    110    148  +0.3137  +0.2152  +0.7143  +0.9277
   4450    711096   159  +12.247    6318     75    119  +0.1968  -0.3417  +0.8611  +1.0000
   4451    711251   155  +11.205    6103     78    128  +0.1540  -0.3982  +0.8244  +0.9583
   4452    711411   160  +14.969    9016    111    168  +0.4016  +0.3665  +0.8349  +1.0000
   4453    711573   162  +11.943    6885     83    130  +0.2355  -0.1930  +0.8434  +1.0000
   4454    711731   158   +8.591    4856     53     56  +0.1152  -0.7254  +1.0000  +1.0000
   4455    711894   163   +6.360    6015     84     71  +0.0454  -0.4212  +0.3843  +0.7996
   4456    712056   162  +11.687    6489     79    152  +0.2079  -0.2970  +0.9025  +1.0000
   4457    712214   158   +8.102    2874     26      6  +0.0546  -1.0000  +0.9097  +1.0000
   4458    712378   164   +7.571    4365     55     17  +0.0416  -0.8542  +0.8134  +0.9684
   4459    712543   165  +12.730    6544     77    110  +0.2303  -0.2823  +1.0000  +1.0000
   4460    712697   154  +11.580    5862     75    107  +0.1421  -0.4616  +0.8468  +0.9612
   4461    712853   156   +7.071    6181     88     84  +0.0348  -0.3778  +0.3985  +0.7461
   4462    713014   161  +16.219    7391     74    178  +0.2984  -0.0602  +0.9407  +1.0000
   4463    713177   163  +12.822    8144    103    147  +0.3132  +0.1374  +0.7952  +0.9807
   4464    713339   162   +7.803    2888     23     25  +0.0651  -1.0000  +1.0000  +1.0000
   4465    713490   151  +12.715    7948    104    173  +0.2710  +0.0860  +0.8043  +0.9178
   4466    713653   163  +10.111    4939     62     17  +0.1093  -0.7037  +1.0000  +0.9849
   4467    713814   161   +9.839    6920     92    142  +0.1825  -0.1837  +0.8646  +0.8759
   4468    713975   161   +4.007    4963     83    121  -0.1709  -0.6973  +0.3309  +0.4893
   4469    714136   161  +12.231    6329     73     52  +0.2227  -0.3390  +1.0000  +1.0000
   4470    714295   159   +7.794    6460     93    159  +0.0326  -0.3044  +0.2806  +0.7427
   4471    714455   160  +11.747    6374     78    149  +0.1841  -0.3271  +0.7585  +1.0000
   4472    714615   160  +13.974    8848    119    154  +0.3136  +0.3222  +0.5897  +0.8581
   4473    714770   155  +12.185    6437     82    136  +0.2014  -0.3105  +1.0000  +0.9731
   4474    714927   157  +13.107    7152     85    116  +0.2611  -0.1227  +0.8752  +1.0000
   4475    715084   157  +11.147    6637     79    106  +0.2369  -0.2579  +1.0000  +1.0000
   4476    715248   164  +13.798    8007     93    123  +0.3261  +0.1015  +0.8541  +1.0000
   4477    715403   155  +14.877    8120    104    159  +0.2998  +0.1313  +0.7663  +0.9608
   4478    715568   165   +9.344    6902     99    138  +0.0936  -0.1885  +0.5444  +0.7435
   4479    715735   167  +12.554    7417     85    139  +0.2824  -0.0532  +0.8718  +1.0000
   4480    715887   152   +8.972    4032     41     29  +0.0599  -0.9418  +1.0000  +1.0000
   4481    716052   165  +14.384    6880     84     76  +0.2551  -0.1943  +1.0000  +1.0000
   4482    716212   160   +9.785    7359    106    109  +0.1335  -0.0685  +0.5450  +0.7316
   4483    716370   158   +9.163    7004     97    102  +0.1579  -0.1616  +0.8256  +0.8008
   4484    716525   155  +13.118    7630     98    169  +0.2681  +0.0025  +0.9547  +0.9416
   4485    716682   157  +12.770    7281     93    188  +0.2117  -0.0889  +0.6263  +0.9522
   4486    716841   159  +11.923    6386     74    169  +0.1823  -0.3240  +0.6933  +1.0000
   4487    716996   155  +10.407    7494    100     70  +0.2193  -0.0330  +0.7119  +0.8790
   4488    717159   163  +15.206    8328    105    106  +0.3389  +0.1858  +0.8320  +0.9811
   4489    717324   165  +13.571    8194    100    129  +0.3275  +0.1506  +0.8030  +1.0000
   4490    717488   164  +11.709    6477     79    125  +0.1886  -0.2999  +0.6911  +1.0000
   4491    717648   160  +10.860    6479     82    166  +0.1791  -0.2995  +0.7942  +0.9699
   4492    717813   165   +6.381    4490     68     49  -0.0973  -0.8215  +0.5837  +0.6634
   4493    717975   162  +15.700    7670     83    196  +0.3049  +0.0130  +0.9029  +1.0000
   4494    718141   166   +5.448    6746    112    106  -0.0374  -0.2294  +0.1692  +0.5107
   4495    718301   160  +10.827    7213     95    154  +0.1867  -0.1069  +0.5965  +0.9021
   4496    718459   158  +13.988    7690    102    182  +0.2398  +0.0184  +0.8532  +0.8854
   4497    718615   156  +13.524    7871    104    213  +0.2403  +0.0659  +0.7098  +0.8908
   4498    718780   165  +12.178    7732     92    146  +0.2933  +0.0294  +0.7963  +1.0000
   4499    718943   163   +8.800    6435     87     90  +0.1235  -0.3111  +0.6521  +0.8553
   4500    719099   156  +15.654    8149     95    157  +0.3469  +0.1389  +1.0000  +1.0000

  ── rolling mean (last 100 ep) ──  cum_R=+11.092  yield=6500 kg/ha  N=82  W=108 mm  R_seas=+0.1818  R_ane=+0.9294

   4501    719258   159   +9.568    4639     55     55  +0.0929  -0.7825  +1.0000  +1.0000
   4502    719421   163   +8.046    6308     93    147  +0.0239  -0.3443  +0.4951  +0.6940
   4503    719575   154  +13.966    7514     83    166  +0.2901  -0.0279  +0.8551  +1.0000
   4504    719738   163  +11.172    7076     93    132  +0.2033  -0.1427  +0.8499  +0.8986
   4505    719892   154  +14.069    7998     93    155  +0.3258  +0.0992  +0.9051  +1.0000
   4506    720054   162   +9.634    5637     71    102  +0.1387  -0.5204  +0.8735  +0.9859
   4507    720214   160  +11.126    7317     98    158  +0.2050  -0.0795  +0.8275  +0.8736
   4508    720379   165  +11.511    6238     70    141  +0.1905  -0.3628  +0.8199  +1.0000
   4509    720540   161  +13.036    7494     97    155  +0.2398  -0.0330  +0.7602  +0.9403
   4510    720705   165  +11.616    7157     94    109  +0.1767  -0.1215  +0.5054  +0.8968
   4511    720864   159  +10.855    6870     90     87  +0.1833  -0.1970  +0.7208  +0.9050
   4512    721023   159  +11.135    6636     82    158  +0.2136  -0.2582  +0.8703  +1.0000
   4513    721186   163  +12.221    6925     90    133  +0.2071  -0.1825  +0.9205  +0.9180
   4514    721347   161  +11.471    5362     64    117  +0.1340  -0.5925  +0.9537  +1.0000
   4515    721513   166  +10.276    5890     75     15  +0.1742  -0.4541  +1.0000  +0.9701
   4516    721673   160  +10.882    7576    101    115  +0.2183  -0.0116  +0.6764  +0.8814
   4517    721832   159  +12.346    5336     64     69  +0.1428  -0.5993  +1.0000  +1.0000
   4518    721994   162  +15.642    8097     99    161  +0.3245  +0.1251  +0.8809  +1.0000
   4519    722155   161   +9.265    6327     82    153  +0.1523  -0.3394  +0.7924  +0.9287
   4520    722319   164  +11.367    5743     70    158  +0.1454  -0.4928  +0.8516  +1.0000
   4521    722474   155  +10.718    4016     38     90  +0.0542  -0.9461  +1.0000  +1.0000
   4522    722631   157  +14.649    8393    104    165  +0.3460  +0.2030  +0.8472  +1.0000
   4523    722787   156  +12.642    5578     59    115  +0.1664  -0.5360  +1.0000  +1.0000
   4524    722954   167  +12.298    6967     82    158  +0.2307  -0.1715  +0.7463  +1.0000
   4525    723112   158   +8.503    4232     49     16  +0.0678  -0.8892  +1.0000  +1.0000
   4526    723276   164   +6.728    3794     49     28  -0.0126  -1.0000  +0.8758  +0.9208
   4527    723426   150  +15.250    8181     95    168  +0.3338  +0.1472  +0.8588  +1.0000
   4528    723587   161  +10.971    6300     82    107  +0.1740  -0.3464  +1.0000  +0.9223
   4529    723747   160   +8.887    4286     47     32  +0.0742  -0.8752  +1.0000  +1.0000
   4530    723907   160  +11.578    6484     72    104  +0.2322  -0.2981  +1.0000  +1.0000
   4531    724059   152  +13.974    7471     94    146  +0.2827  -0.0392  +0.9761  +0.9930
   4532    724216   157  +11.166    6168     70    118  +0.1958  -0.3811  +0.9158  +1.0000
   4533    724379   163  +11.532    8038    104    117  +0.2770  +0.1097  +0.6862  +0.9257
   4534    724543   164  +11.155    7247     94    139  +0.2132  -0.0978  +0.7179  +0.9258
   4535    724703   160  +11.093    5590     68     87  +0.1511  -0.5328  +0.9304  +1.0000
   4536    724861   158   +9.440    5792     76     54  +0.1175  -0.4799  +0.8542  +0.8957
   4537    725025   164   +9.936    8202    121    113  +0.1978  +0.1527  +0.5535  +0.6930
   4538    725181   156  +11.116    7979    105     78  +0.2794  +0.0943  +0.8049  +0.9006
   4539    725345   164  +10.824    6638     71    147  +0.2225  -0.2578  +0.8024  +1.0000
   4540    725503   158  +12.128    7104     89    194  +0.2258  -0.1355  +0.7065  +1.0000
   4541    725667   164  +10.264    5460     64     78  +0.1523  -0.5670  +1.0000  +1.0000
   4542    725831   164  +10.910    7500    101    166  +0.1965  -0.0315  +0.6956  +0.8513
   4543    725990   159  +10.239    7089     94    142  +0.1824  -0.1393  +0.6795  +0.8900
   4544    726151   161  +13.195    6678     76    160  +0.2255  -0.2472  +0.8681  +1.0000
   4545    726307   156  +10.706    7367    105    216  +0.0981  -0.0664  +0.2348  +0.7538
   4546    726469   162   +9.693    5715     75    113  +0.1264  -0.5000  +1.0000  +0.9129
   4547    726629   160  +11.743    6362     78    130  +0.1976  -0.3301  +0.8834  +1.0000
   4548    726792   163  +11.194    5875     68    121  +0.1691  -0.4581  +0.8953  +1.0000
   4549    726955   163  +13.844    7340     88    164  +0.2642  -0.0736  +0.8234  +1.0000
   4550    727116   161  +10.472    7854    108    107  +0.2181  +0.0615  +0.6260  +0.8195
   4551    727276   160   +9.457    7457    118    144  +0.0778  -0.0428  +0.4694  +0.5805
   4552    727435   159   +6.910    7366    124    196  -0.0019  -0.0666  +0.1529  +0.4847
   4553    727595   160  +12.131    7992     99    119  +0.3167  +0.0975  +0.8594  +1.0000
   4554    727746   151  +12.405    7043     90    190  +0.2094  -0.1516  +0.7686  +0.9554
   4555    727902   156  +12.590    7868     97    155  +0.3099  +0.0651  +0.9146  +1.0000
   4556    728057   155   +7.642    5896     85    145  +0.0180  -0.4526  +0.5649  +0.7327
   4557    728217   160  +10.344    5143     65    144  +0.0798  -0.6501  +0.7257  +0.9800
   4558    728376   159  +11.838    6594     78    173  +0.2182  -0.2693  +0.9202  +1.0000
   4559    728538   162  +11.381    6658     83    109  +0.2110  -0.2524  +0.7960  +0.9984
   4560    728697   159  +13.162    7511     95    137  +0.2694  -0.0286  +0.8466  +0.9823
   4561    728852   155   +6.984    4713     71    118  -0.0971  -0.7629  +0.5451  +0.6550
   4562    729007   155  +13.205    7446     91    160  +0.2729  -0.0457  +0.8530  +1.0000
   4563    729162   155   +9.076    5954     82    192  +0.0388  -0.4373  +0.4265  +0.8193
   4564    729328   166   +6.545    6916    112    137  -0.0131  -0.1847  +0.1517  +0.5509
   4565    729484   156  +11.795    5783     72    100  +0.1684  -0.4821  +1.0000  +1.0000
   4566    729642   158  +11.939    8016    114    153  +0.1960  +0.1040  +0.5299  +0.7571
   4567    729797   155  +12.957    7947    103    132  +0.2929  +0.0858  +0.9438  +0.9266
   4568    729956   159  +11.346    6545     80    123  +0.2153  -0.2822  +0.9050  +1.0000
   4569    730114   158  +15.344    8690    109    169  +0.3667  +0.2807  +0.7996  +0.9964
   4570    730280   166   +9.738    5332     63     97  +0.1393  -0.6005  +1.0000  +1.0000
   4571    730443   163  +10.035    5577     68     54  +0.1509  -0.5363  +0.9092  +1.0000
   4572    730601   158  +11.140    7714    103    151  +0.2315  +0.0247  +0.7786  +0.8658
   4573    730764   163  +13.102    6014     68    145  +0.1891  -0.4215  +1.0000  +1.0000
   4574    730930   166  +12.462    7801    100    167  +0.2653  +0.0475  +0.7477  +0.9533
   4575    731086   156  +13.062    7262     92    162  +0.2585  -0.0939  +0.9609  +0.9801
   4576    731243   157  +10.707    7818    107    155  +0.2130  +0.0520  +0.6639  +0.8202
   4577    731397   154   +8.958    5110     61     65  +0.1268  -0.6589  +1.0000  +1.0000
   4578    731552   155  +11.076    5801     64    116  +0.1701  -0.4774  +0.9087  +1.0000
   4579    731711   159  +14.964    8855    118    176  +0.3217  +0.3242  +0.6370  +0.8734
   4580    731866   155   +9.799    5909     75    125  +0.1333  -0.4491  +0.7083  +0.9704
   4581    732023   157   +9.676    7622    110    174  +0.1495  +0.0005  +0.5658  +0.7245
   4582    732185   162  +11.222    6709     83    105  +0.2339  -0.2391  +0.9629  +1.0000
   4583    732344   159   +6.521    5284     80    121  -0.0694  -0.6132  +0.3968  +0.6611
   4584    732499   155  +10.002    5470     69     87  +0.1421  -0.5644  +1.0000  +0.9894
   4585    732656   157  +13.391    7399     90    166  +0.2646  -0.0581  +0.8086  +1.0000
   4586    732819   163  +12.699    6742     80    158  +0.2153  -0.2305  +0.7732  +1.0000
   4587    732978   159  +14.323    8606    109    170  +0.3421  +0.2589  +0.7277  +0.9690
   4588    733131   153  +14.727    7826     93    215  +0.2992  +0.0541  +0.8619  +1.0000
   4589    733295   164  +10.295    6391     82    105  +0.1749  -0.3226  +0.8720  +0.9390
   4590    733460   165   +9.899    5100     63     94  +0.1140  -0.6613  +0.9462  +1.0000
   4591    733620   160  +18.261    8702    102    230  +0.3762  +0.2840  +0.9436  +1.0000
   4592    733780   160  +10.176    6416     84    135  +0.1514  -0.3160  +0.7897  +0.9059
   4593    733942   162  +14.109    7903     97    149  +0.3161  +0.0744  +0.9382  +1.0000
   4594    734107   165  +11.829    7788    104    116  +0.2477  +0.0440  +0.7985  +0.8753
   4595    734270   163   +9.339    4723     57     24  +0.1015  -0.7603  +1.0000  +1.0000
   4596    734432   162  +12.199    7308     89    146  +0.2711  -0.0819  +0.9248  +1.0000
   4597    734591   159  +13.453    8758    125    137  +0.2931  +0.2987  +0.8023  +0.7564
   4598    734753   162  +11.410    5549     69    114  +0.1440  -0.5435  +0.9430  +1.0000
   4599    734918   165   +7.308    6039     83     93  +0.0691  -0.4149  +0.5837  +0.8109
   4600    735074   156  +13.864    8329    109    160  +0.2951  +0.1861  +0.6942  +0.9135

  ── rolling mean (last 100 ep) ──  cum_R=+11.328  yield=6712 kg/ha  N=86  W=130 mm  R_seas=+0.1892  R_ane=+0.9272

   4601    735233   159  +12.989    6600     80    140  +0.2231  -0.2678  +0.9600  +1.0000
   4602    735393   160  +12.263    5829     66    143  +0.1688  -0.4701  +0.9343  +1.0000
   4603    735553   160   +9.761    4758     51     95  +0.1042  -0.7511  +1.0000  +1.0000
   4604    735714   161  +14.350    8204    110    191  +0.2762  +0.1534  +0.8316  +0.8637
   4605    735877   163  +10.765    6402     82     92  +0.1851  -0.3195  +0.9160  +0.9472
   4606    736042   165  +12.978    7491     97    135  +0.2297  -0.0339  +0.6773  +0.9311
   4607    736199   157  +14.471    8257     97    157  +0.3395  +0.1673  +0.8564  +1.0000
   4608    736366   167  +12.693    7424     92    172  +0.2515  -0.0516  +0.6956  +1.0000
   4609    736525   159   +8.890    4663     51     68  +0.0991  -0.7760  +1.0000  +1.0000
   4610    736687   162  +11.095    6674     82    148  +0.2116  -0.2482  +0.8168  +1.0000
   4611    736843   156   +8.566    3720     36     72  +0.0411  -1.0000  +1.0000  +1.0000
   4612    737000   157  +10.222    4390     44     88  +0.0814  -0.8478  +1.0000  +1.0000
   4613    737151   151   +8.613    7082     99    185  +0.1146  -0.1412  +0.5101  +0.7834
   4614    737311   160  +11.710    6037     80    111  +0.1182  -0.4154  +0.7895  +0.8857
   4615    737473   162  +14.157    8005    102    166  +0.2860  +0.1010  +0.7073  +0.9709
   4616    737634   161   +8.655    4647     57      7  +0.0920  -0.7804  +0.9595  +1.0000
   4617    737800   166  +12.395    6759     83    138  +0.2194  -0.2259  +0.8188  +1.0000
   4618    737958   158   +7.297    4566     62     19  +0.0232  -0.8017  +1.0000  +0.8374
   4619    738121   163  +13.945    8829    120    194  +0.3219  +0.3174  +0.7785  +0.8465
   4620    738279   158   +7.467    2597     28     26  +0.0380  -1.0000  +0.8011  +1.0000
   4621    738437   158  +10.990    6380     81    142  +0.1735  -0.3255  +0.8212  +0.9607
   4622    738594   157  +12.696    7494     93    150  +0.2675  -0.0330  +0.7714  +1.0000
   4623    738751   157  +11.856    6091     74    109  +0.1816  -0.4012  +0.8909  +1.0000
   4624    738906   155   +9.121    6374     93    100  +0.0666  -0.3270  +0.7302  +0.7145
   4625    739072   166  +11.415    6202     78    125  +0.1561  -0.3721  +0.6426  +0.9892
   4626    739238   166  +13.863    7253     83    175  +0.2604  -0.0964  +0.8167  +1.0000
   4627    739401   163   +8.633    6780    106    170  -0.0066  -0.2205  +0.2169  +0.5979
   4628    739556   155  +11.807    6434     79    132  +0.2023  -0.3113  +0.8745  +1.0000
   4629    739713   157   +9.756    7458    104    142  +0.1557  -0.0424  +0.4873  +0.7968
   4630    739871   158  +13.311    7637     92    181  +0.2871  +0.0044  +0.8583  +1.0000
   4631    740029   158  +11.493    6778     83    146  +0.2238  -0.2209  +0.8513  +1.0000
   4632    740187   158   +9.708    6191     82    124  +0.1387  -0.3751  +0.8821  +0.8897
   4633    740347   160   +9.356    7212    101    168  +0.1341  -0.1072  +0.5495  +0.7909
   4634    740509   162  +11.163    6368     86     70  +0.1518  -0.3286  +1.0000  +0.8457
   4635    740670   161   +9.369    4631     50     70  +0.0977  -0.7846  +1.0000  +1.0000
   4636    740834   164  +10.798    6130     72    131  +0.1809  -0.3911  +0.8433  +1.0000
   4637    740993   159  +11.904    7260     93    189  +0.2243  -0.0944  +0.8034  +0.9440
   4638    741151   158  +11.758    6525     76    151  +0.2146  -0.2875  +0.8919  +1.0000
   4639    741317   166   +8.889    6851     99     70  +0.0949  -0.2019  +0.5549  +0.7335
   4640    741475   158  +10.035    7676    113    173  +0.1328  +0.0148  +0.4573  +0.6932
   4641    741628   153  +10.737    5865     69    122  +0.1697  -0.4606  +0.9181  +1.0000
   4642    741790   162   +8.143    4564     52    106  +0.0824  -0.8020  +0.9906  +1.0000
   4643    741951   161   +9.793    7767    116    137  +0.1363  +0.0386  +0.4385  +0.6723
   4644    742110   159  +11.668    7323     96    168  +0.2252  -0.0781  +0.8711  +0.9129
   4645    742266   156  +11.829    7299     90    104  +0.2722  -0.0841  +0.9046  +1.0000
   4646    742429   163  +12.130    6990     86    135  +0.2479  -0.1655  +0.9172  +1.0000
   4647    742592   163   +9.543    6530     93    134  +0.0639  -0.2861  +0.4894  +0.7485
   4648    742749   157  +10.266    5840     62    115  +0.1679  -0.4672  +0.8267  +1.0000
   4649    742907   158  +12.290    7037     87    146  +0.2432  -0.1530  +0.8648  +1.0000
   4650    743069   162  +10.973    6312     76     91  +0.1985  -0.3432  +0.8670  +1.0000
   4651    743235   166  +10.007    6306     87    112  +0.1001  -0.3449  +0.6972  +0.8173
   4652    743390   155  +11.955    6287     79    105  +0.1998  -0.3499  +1.0000  +0.9875
   4653    743547   157  +12.390    8013    103    172  +0.2760  +0.1031  +0.7013  +0.9439
   4654    743706   159  +10.207    7202    103    117  +0.1152  -0.1098  +0.4471  +0.7513
   4655    743864   158   +9.247    5180     67     19  +0.1055  -0.6405  +1.0000  +0.9309
   4656    744028   164  +12.590    6633     80    166  +0.2022  -0.2590  +0.7497  +1.0000
   4657    744189   161   +7.774    6431     95    100  +0.0543  -0.3120  +0.6478  +0.6957
   4658    744349   160  +13.169    8147    103    151  +0.3039  +0.1383  +0.7391  +0.9706
   4659    744507   158  +10.133    5102     69     94  +0.0608  -0.6609  +1.0000  +0.8558
   4660    744666   159   +8.738    5935     83    113  +0.0722  -0.4423  +0.8318  +0.7826
   4661    744827   161   +9.865    7200     96    127  +0.1836  -0.1102  +0.6622  +0.8734
   4662    744989   162  +13.304    7817     97    150  +0.2929  +0.0516  +0.7889  +1.0000
   4663    745150   161  +11.783    6381     84     90  +0.1677  -0.3253  +0.9740  +0.8938
   4664    745314   164  +10.846    4963     56    127  +0.1108  -0.6973  +0.9795  +1.0000
   4665    745471   157  +14.195    6602     75    159  +0.2265  -0.2671  +0.9383  +1.0000
   4666    745632   161   +9.547    4755     54     75  +0.1025  -0.7519  +1.0000  +1.0000
   4667    745789   157   +9.720    7023     97     84  +0.1780  -0.1568  +0.9314  +0.8150
   4668    745949   160  +10.921    7164     93    179  +0.1961  -0.1198  +0.6879  +0.9183
   4669    746108   159  +13.938    7017     78    162  +0.2344  -0.1582  +0.6843  +1.0000
   4670    746267   159   +8.055    7597    114    130  +0.1233  -0.0061  +0.4743  +0.6674
   4671    746426   159   +8.260    7168    109    134  +0.0533  -0.1186  +0.2392  +0.6483
   4672    746581   155  +11.133    6405     76    120  +0.2182  -0.3189  +1.0000  +1.0000
   4673    746752   171  +10.468    5942     73    112  +0.1580  -0.4404  +0.7807  +1.0000
   4674    746903   151  +11.505    7950    110    155  +0.2153  +0.0867  +0.6408  +0.7987
   4675    747063   160  +11.078    6639     83    103  +0.2246  -0.2575  +0.9577  +0.9937
   4676    747220   157  +11.857    5880     67    146  +0.1776  -0.4567  +0.9919  +1.0000
   4677    747376   156   +6.934    6630    100     71  +0.0448  -0.2597  +0.5416  +0.6571
   4678    747534   158   +9.758    7466    108    100  +0.1638  -0.0405  +0.7406  +0.7313
   4679    747691   157  +12.573    6306     69    138  +0.2155  -0.3447  +1.0000  +1.0000
   4680    747852   161  +12.938    7244     85    130  +0.2621  -0.0988  +0.8105  +1.0000
   4681    748016   164  +11.632    6798     83     95  +0.2363  -0.2158  +0.8894  +1.0000
   4682    748171   155  +12.698    6900     83    146  +0.2392  -0.1890  +0.8902  +1.0000
   4683    748329   158   +9.451    5493     64     81  +0.1547  -0.5584  +1.0000  +1.0000
   4684    748487   158  +10.405    5008     60    127  +0.0886  -0.6854  +0.7815  +1.0000
   4685    748651   164   +8.326    7253    107    118  +0.0930  -0.0964  +0.3948  +0.6897
   4686    748810   159   +9.211    3182     38     27  +0.0430  -1.0000  +1.0000  +1.0000
   4687    748964   154  +11.402    5901     75     92  +0.1655  -0.4511  +1.0000  +0.9694
   4688    749120   156  +11.718    6456     75    195  +0.1979  -0.3055  +0.8303  +1.0000
   4689    749279   159  +11.631    6635     84    150  +0.1884  -0.2586  +0.6948  +0.9844
   4690    749434   155  +12.827    7092     82    173  +0.2342  -0.1385  +0.6839  +1.0000
   4691    749595   161  +13.992    7522     92    164  +0.2775  -0.0258  +0.8466  +1.0000
   4692    749756   161   +9.723    5676     63    107  +0.1495  -0.5101  +0.7946  +1.0000
   4693    749917   161  +12.608    6127     65    131  +0.1960  -0.3918  +0.9032  +1.0000
   4694    750080   163  +12.113    7626     98    157  +0.2462  +0.0015  +0.7078  +0.9456
   4695    750235   155  +10.804    7486    103    157  +0.1795  -0.0353  +0.6221  +0.8243
   4696    750401   166  +13.666    7421     90     99  +0.2931  -0.0523  +1.0000  +1.0000
   4697    750564   163  +12.934    8063    105    166  +0.2804  +0.1164  +0.7655  +0.9228
   4698    750723   159   +9.350    4836     55     89  +0.1012  -0.7306  +0.9524  +1.0000
   4699    750885   162  +11.898    7636     97    141  +0.2571  +0.0043  +0.7268  +0.9604
   4700    751045   160  +14.225    8839    108    153  +0.3833  +0.3199  +0.7976  +1.0000

  ── rolling mean (last 100 ep) ──  cum_R=+11.041  yield=6535 kg/ha  N=83  W=125 mm  R_seas=+0.1761  R_ane=+0.9238

   4701    751198   153   +8.904    7337    112    191  +0.0623  -0.0742  +0.2952  +0.6333
   4702    751363   165   +5.921    3500     51     10  -0.0739  -1.0000  +1.0000  +0.7110
   4703    751521   158  +10.067    6741     91    138  +0.1338  -0.2307  +0.6374  +0.8439
   4704    751681   160   +8.569    7336    106    128  +0.1179  -0.0746  +0.4648  +0.7224
   4705    751845   164  +12.301    6991     83    156  +0.2316  -0.1651  +0.7451  +1.0000
   4706    752007   162  +10.367    6650     84     93  +0.2129  -0.2546  +0.8305  +0.9914
   4707    752168   161  +13.824    8271    107    184  +0.3005  +0.1709  +0.7684  +0.9310
   4708    752327   159  +11.268    6496     80     46  +0.2289  -0.2949  +0.9983  +1.0000
   4709    752490   163   +8.736    4524     50     59  +0.0880  -0.8126  +1.0000  +1.0000
   4710    752652   162  +11.563    6870     82    123  +0.2334  -0.1970  +0.8151  +1.0000
   4711    752812   160  +10.504    6488     80     35  +0.2214  -0.2972  +0.9149  +1.0000
   4712    752970   158   +9.025    7008    100    181  +0.0957  -0.1606  +0.4847  +0.7565
   4713    753132   162  +12.393    7746     87    144  +0.2973  +0.0330  +0.7545  +1.0000
   4714    753291   159  +10.919    6378     77    120  +0.1992  -0.3261  +0.8567  +1.0000
   4715    753452   161  +13.484    6987     86    119  +0.2548  -0.1662  +0.9842  +1.0000
   4716    753618   166  +11.405    6165     76     45  +0.2048  -0.3820  +1.0000  +1.0000
   4717    753779   161  +11.089    8126    110    140  +0.2593  +0.1329  +0.7096  +0.8532
   4718    753936   157  +11.997    8322    115    202  +0.2261  +0.1843  +0.4234  +0.8097
   4719    754087   151  +11.286    6380     78     94  +0.2160  -0.3253  +1.0000  +1.0000
   4720    754253   166  +11.977    7113     84    165  +0.2329  -0.1331  +0.6745  +1.0000
   4721    754412   159  +11.151    7418     97    109  +0.2158  -0.0531  +0.6604  +0.9073
   4722    754570   158  +11.162    6046     72    148  +0.1793  -0.4133  +0.9180  +1.0000
   4723    754730   160  +11.796    6334     72    134  +0.2062  -0.3374  +0.9138  +1.0000
   4724    754885   155   +9.197    6220     84     69  +0.1385  -0.3674  +0.9043  +0.8623
   4725    755047   162  +11.665    6941     84    165  +0.2276  -0.1782  +0.7677  +1.0000
   4726    755205   158  +13.292    7394     86    211  +0.2595  -0.0593  +0.7561  +1.0000
   4727    755373   168  +11.994    6409     81    167  +0.1678  -0.3179  +0.7133  +0.9754
   4728    755538   165   +5.449    2935     45     17  -0.0994  -1.0000  +1.0000  +0.6177
   4729    755692   154  +13.873    7223     87    113  +0.2719  -0.1042  +0.9313  +1.0000
   4730    755852   160  +10.123    7203    102     63  +0.1698  -0.1094  +0.8676  +0.7681
   4731    756009   157  +11.136    6334     73    154  +0.1968  -0.3376  +0.8524  +1.0000
   4732    756165   156  +11.281    5662     60    150  +0.1658  -0.5139  +0.9816  +1.0000
   4733    756319   154  +11.720    5019     47    143  +0.1279  -0.6827  +1.0000  +1.0000
   4734    756481   162   +8.226    6475     88    123  +0.1054  -0.3004  +0.5675  +0.8346
   4735    756645   164  +12.056    7858    100    192  +0.2644  +0.0624  +0.6395  +0.9742
   4736    756801   156   +8.257    4703     65    113  -0.0112  -0.7656  +0.7509  +0.8166
   4737    756962   161   +4.832    5224     79     59  -0.0532  -0.6289  +0.5569  +0.6539
   4738    757122   160  +11.255    5975     66    102  +0.1944  -0.4317  +1.0000  +1.0000
   4739    757279   157   +8.279    4626     56    103  +0.0825  -0.7860  +0.9750  +1.0000
   4740    757443   164  +11.484    6764     85    111  +0.2122  -0.2247  +0.7472  +0.9946
   4741    757605   162   +9.414    6213     81    152  +0.1023  -0.3694  +0.4257  +0.9163
   4742    757759   154  +10.344    6527     81    142  +0.1974  -0.2870  +0.7861  +1.0000
   4743    757917   158  +13.912    7259     84    172  +0.2475  -0.0948  +0.6963  +1.0000
   4744    758071   154  +11.122    7586    107    195  +0.1474  -0.0089  +0.4599  +0.7654
   4745    758231   160  +11.375    8073    104    157  +0.2797  +0.1190  +0.6874  +0.9374
   4746    758389   158  +12.082    5830     71    100  +0.1740  -0.4697  +1.0000  +1.0000
   4747    758543   154  +10.688    5857     66     99  +0.1727  -0.4628  +0.8925  +1.0000
   4748    758703   160  +11.218    6424     81    132  +0.1587  -0.3140  +0.5123  +0.9892
   4749    758862   159  +13.902    7415     92    153  +0.2543  -0.0537  +0.7071  +1.0000
   4750    759022   160  +14.567    7964     98    236  +0.2816  +0.0903  +0.6572  +1.0000
   4751    759189   167  +13.399    6953     78    176  +0.2451  -0.1751  +0.8659  +1.0000
   4752    759346   157  +10.341    5731     66    106  +0.1448  -0.4958  +0.7344  +1.0000
   4753    759506   160  +10.645    6392     71    167  +0.1849  -0.3222  +0.6767  +1.0000
   4754    759667   161  +12.629    8444    114    156  +0.2884  +0.2164  +0.7358  +0.8511
   4755    759824   157  +10.717    5960     81    139  +0.0718  -0.4356  +0.6459  +0.8298
   4756    759987   163  +12.532    6843     84     74  +0.2424  -0.2039  +0.9084  +1.0000
   4757    760150   163  +13.199    7765     97    130  +0.2941  +0.0380  +0.8209  +1.0000
   4758    760312   162  +12.360    7336     93    174  +0.2286  -0.0745  +0.6708  +0.9684
   4759    760466   154  +14.818    7003     76    161  +0.2672  -0.1619  +1.0000  +1.0000
   4760    760626   160   +1.181    4659     84     91  -0.2450  -0.7771  +0.2076  +0.3853
   4761    760784   158  +12.094    6239     77     44  +0.2033  -0.3625  +0.9338  +1.0000
   4762    760943   159  +11.261    5472     56    125  +0.1585  -0.5638  +1.0000  +1.0000
   4763    761099   156  +12.434    7100     90    156  +0.2466  -0.1366  +1.0000  +0.9696
   4764    761258   159  +12.998    7279     82    164  +0.2662  -0.0896  +0.8222  +1.0000
   4765    761421   163  +12.635    7663     98    195  +0.2398  +0.0114  +0.6224  +0.9548
   4766    761576   155  +11.066    6090     69    159  +0.1810  -0.4017  +0.8725  +1.0000
   4767    761735   159   +8.072    4480     63     61  -0.0208  -0.8242  +0.9142  +0.7764
   4768    761895   160  +11.030    6990     92    184  +0.1782  -0.1653  +0.6759  +0.9104
   4769    762042   147  +11.146    6690     78    145  +0.2141  -0.2441  +0.7612  +1.0000
   4770    762207   165  +12.517    7309     89    110  +0.2645  -0.0817  +0.8067  +1.0000
   4771    762367   160  +11.757    7068     87    188  +0.2248  -0.1448  +0.7028  +1.0000
   4772    762534   167   +7.193    3743     49     84  -0.0393  -1.0000  +0.7689  +0.8946
   4773    762693   159  +14.094    7316     85    200  +0.2576  -0.0798  +0.7912  +1.0000
   4774    762852   159  +10.775    6008     72    136  +0.1680  -0.4232  +0.8385  +1.0000
   4775    762909    57   -8.052       0      0      0  -0.8000  -1.0000  -1.0000  -1.0000
   4776    763068   159  +10.647    5003     60    123  +0.0992  -0.6870  +0.8886  +1.0000
   4777    763220   152  +14.503    7746     90    161  +0.3091  +0.0332  +0.9202  +1.0000
   4778    763384   164  +13.075    7491     88    181  +0.2626  -0.0338  +0.6974  +1.0000
   4779    763545   161  +13.322    8392    110    141  +0.2955  +0.2026  +0.6570  +0.9021
   4780    763705   160  +11.817    6850     88    174  +0.1429  -0.2022  +0.3031  +0.9370
   4781    763867   162  +13.037    7535     93    136  +0.2624  -0.0223  +0.6729  +1.0000
   4782    764028   161   +6.192    4784     68     51  -0.0036  -0.7444  +0.9149  +0.7618
   4783    764187   159  +11.562    7360     94    158  +0.2349  -0.0681  +0.7843  +0.9474
   4784    764344   157  +12.871    7928     98    184  +0.2849  +0.0809  +0.6568  +1.0000
   4785    764504   160   +5.919    4372     65     22  -0.0693  -0.8526  +0.8016  +0.6916
   4786    764667   163  +11.992    6393     72     88  +0.2217  -0.3220  +0.9615  +1.0000
   4787    764832   165  +13.127    6911     80    115  +0.2421  -0.1862  +0.8331  +1.0000
   4788    764990   158  +13.594    6782     74    200  +0.2126  -0.2201  +0.6765  +1.0000
   4789    765143   153  +12.017    7731     96     97  +0.3061  +0.0290  +0.9241  +1.0000
   4790    765303   160  +13.294    8629    120    181  +0.2595  +0.2649  +0.4792  +0.8015
   4791    765465   162  +11.551    6078     70    167  +0.1506  -0.4046  +0.6031  +1.0000
   4792    765623   158  +12.931    7788     93    140  +0.3009  +0.0441  +0.8275  +1.0000
   4793    765786   163  +11.690    6764     91    106  +0.1577  -0.2247  +0.7247  +0.8668
   4794    765951   165  +11.720    7176     87    156  +0.2467  -0.1165  +0.7850  +1.0000
   4795    766106   155   +7.399    6459     91    144  +0.0671  -0.3046  +0.4647  +0.7767
   4796    766256   150   +8.783    5156     59    115  +0.1134  -0.6467  +0.8639  +1.0000
   4797    766409   153  +11.664    6177     70    194  +0.1895  -0.3787  +0.9385  +1.0000
   4798    766575   166  +12.711    7200     90    124  +0.2595  -0.1101  +0.8854  +1.0000
   4799    766741   166  +11.627    6668     82    112  +0.2032  -0.2500  +0.6884  +1.0000
   4800    766897   156  +12.512    7651     96    186  +0.2614  +0.0082  +0.7053  +0.9861

  ── rolling mean (last 100 ep) ──  cum_R=+10.948  yield=6549 kg/ha  N=82  W=131 mm  R_seas=+0.1726  R_ane=+0.9148

   4801    767050   153  +13.451    7544     94    197  +0.2645  -0.0200  +0.7710  +1.0000
   4802    767205   155   +6.696    6535    100    184  -0.0168  -0.2848  +0.2134  +0.6378
   4803    767368   163  +10.677    4881     42    107  +0.1264  -0.7189  +1.0000  +1.0000
   4804    767533   165  +12.477    6994     86     97  +0.2414  -0.1644  +0.8149  +1.0000
   4805    767695   162   +9.004    7494    108    114  +0.1429  -0.0332  +0.4811  +0.7432
   4806    767855   160  +11.381    6586     80    150  +0.1958  -0.2713  +0.7079  +1.0000
   4807    768019   164   +4.643    6411    106    132  -0.0765  -0.3173  +0.1167  +0.5108
   4808    768182   163  +11.541    5322     59     78  +0.1466  -0.6033  +1.0000  +1.0000
   4809    768349   167  +12.020    6099     75    137  +0.1497  -0.3992  +0.6090  +1.0000
   4810    768515   166  +10.548    6843     88    114  +0.1732  -0.2041  +0.5223  +0.9414
   4811    768679   164   +9.622    4727     56     54  +0.0892  -0.7592  +0.9016  +1.0000
   4812    768841   162  +11.193    5369     58    117  +0.1483  -0.5908  +1.0000  +1.0000
   4813    768998   157   +9.078    5398     68     43  +0.1361  -0.5831  +1.0000  +0.9745
   4814    769159   161  +13.311    7190     85    113  +0.2706  -0.1128  +0.9236  +1.0000
   4815    769316   157  +12.556    7824    102    199  +0.2324  +0.0536  +0.5567  +0.9198
   4816    769479   163   +9.736    7320     96    139  +0.1777  -0.0788  +0.4178  +0.9000
   4817    769642   163  +13.710    7691     93    152  +0.2812  +0.0185  +0.7376  +1.0000
   4818    769800   158   +8.681    5739     76     65  +0.1083  -0.4938  +0.8394  +0.8893
   4819    769961   161  +10.254    7196     96     65  +0.1875  -0.1113  +0.6007  +0.8804
   4820    770124   163  +11.911    7590     93    110  +0.2788  -0.0078  +0.7526  +1.0000
   4821    770289   165  +10.140    7326     99    124  +0.1685  -0.0771  +0.5482  +0.8422
   4822    770452   163  +11.974    7770     92    134  +0.2927  +0.0394  +0.7458  +1.0000
   4823    770616   164  +14.270    6357     69    116  +0.2237  -0.3315  +1.0000  +1.0000
   4824    770773   157  +11.227    6521     78    121  +0.2196  -0.2884  +0.9370  +1.0000
   4825    770931   158   +8.111    6420     88    152  +0.0821  -0.3149  +0.4395  +0.8274
   4826    771092   161  +10.920    6729     85    146  +0.1783  -0.2339  +0.5805  +0.9693
   4827    771255   163  +10.823    7862    109    143  +0.1851  +0.0636  +0.3967  +0.8010
   4828    771413   158   +8.644    6725     90     75  +0.1422  -0.2350  +0.5749  +0.8635
   4829    771568   155  +12.715    8008    106    187  +0.2582  +0.1018  +0.7188  +0.8946
   4830    771734   166  +12.172    7605     96    137  +0.2652  -0.0038  +0.7512  +0.9782
   4831    771894   160   +9.306    3573     42     34  +0.0366  -1.0000  +1.0000  +1.0000
   4832    772056   162   +8.063    6492     94     97  +0.0578  -0.2962  +0.4825  +0.7316
   4833    772214   158  +12.810    8297    105    144  +0.3254  +0.1777  +0.7704  +0.9812
   4834    772381   167  +14.340    8186    104    166  +0.3019  +0.1487  +0.7208  +0.9648
   4835    772547   166  +11.974    6536     82    148  +0.2029  -0.2846  +0.8430  +1.0000
   4836    772703   156  +12.470    6912     86     84  +0.2413  -0.1857  +0.8682  +1.0000
   4837    772870   167  +14.879    8224     92    110  +0.3550  +0.1585  +0.9099  +1.0000
   4838    773025   155  +11.247    6777     81    124  +0.2291  -0.2213  +0.8541  +1.0000
   4839    773188   163  +13.192    7402     83    137  +0.2808  -0.0573  +0.8287  +1.0000
   4840    773348   160   +7.575    4339     58     98  -0.0117  -0.8610  +0.7214  +0.8851
   4841    773514   166  +12.066    7004     88     78  +0.2477  -0.1618  +0.8617  +1.0000
   4842    773676   162  +10.375    5388     69     38  +0.1288  -0.5858  +1.0000  +0.9564
   4843    773839   163  +11.621    5978     67    100  +0.1886  -0.4310  +0.9497  +1.0000
   4844    774002   163  +12.393    7468     91    174  +0.2625  -0.0400  +0.7415  +1.0000
   4845    774162   160  +10.482    6822     94    146  +0.1233  -0.2095  +0.5786  +0.8213
   4846    774327   165   +7.125    6795    103     47  +0.0619  -0.2166  +0.5764  +0.6447
   4847    774488   161  +11.656    7382     94    137  +0.2327  -0.0624  +0.6414  +0.9662
   4848    774652   164  +13.956    7989     92    166  +0.3066  +0.0968  +0.7214  +1.0000
   4849    774803   151  +11.297    5737     58    126  +0.1810  -0.4942  +1.0000  +1.0000
   4850    774960   157   +8.208    4292     43     99  +0.0643  -0.8736  +0.9262  +1.0000
   4851    775116   156  +12.318    7383     85    160  +0.2673  -0.0622  +0.7763  +1.0000
   4852    775281   165   +9.363    5342     60     96  +0.1354  -0.5980  +0.9027  +1.0000
   4853    775441   160  +12.006    6591     75    129  +0.2076  -0.2700  +0.7228  +1.0000
   4854    775598   157   +6.331    6653    104    176  -0.0210  -0.2538  +0.1789  +0.6032
   4855    775766   168  +11.490    6870     86    100  +0.2216  -0.1968  +0.7675  +0.9901
   4856    775928   162  +10.849    5970     71    111  +0.1542  -0.4330  +0.6910  +1.0000
   4857    776085   157   +9.854    6506     85    141  +0.1532  -0.2923  +0.7518  +0.9051
   4858    776244   159  +12.824    7512     89    158  +0.2688  -0.0282  +0.7245  +1.0000
   4859    776402   158  +13.620    7679     95    141  +0.2849  +0.0154  +0.7979  +1.0000
   4860    776570   168  +13.672    7601     94     83  +0.2935  -0.0051  +0.8624  +1.0000
   4861    776722   152  +11.897    7493     92    130  +0.2677  -0.0333  +0.7435  +1.0000
   4862    776887   165  +10.604    6868     90    187  +0.1613  -0.1974  +0.6161  +0.9066
   4863    777045   158  +13.969    8197    109    234  +0.2577  +0.1514  +0.6404  +0.8820
   4864    777206   161  +12.690    7329     88    156  +0.2294  -0.0763  +0.4854  +1.0000
   4865    777372   166  +11.842    6822     87    209  +0.1776  -0.2094  +0.5827  +0.9685
   4866    777536   164  +12.645    7288     84    124  +0.2647  -0.0872  +0.7715  +1.0000
   4867    777696   160  +11.493    6526     80    170  +0.1886  -0.2872  +0.7158  +1.0000
   4868    777857   161   +9.120    7005     95    173  +0.1304  -0.1614  +0.4631  +0.8415
   4869    778016   159  +14.730    7434     83    168  +0.2847  -0.0489  +0.8765  +1.0000
   4870    778181   165  +12.980    8299    116    221  +0.2398  +0.1782  +0.6504  +0.7968
   4871    778336   155   +8.806    5333     69     41  +0.1192  -0.6003  +1.0000  +0.9438
   4872    778496   160  +13.891    7109     82    198  +0.2441  -0.1340  +0.7982  +1.0000
   4873    778655   159  +13.159    7615     87    210  +0.2898  -0.0013  +0.8694  +1.0000
   4874    778818   163  +11.573    6899     86    138  +0.2042  -0.1892  +0.5683  +1.0000
   4875    778975   157  +11.515    7139     89    120  +0.2394  -0.1262  +0.7208  +1.0000
   4876    779140   165  +12.511    6233     71    117  +0.1913  -0.3640  +0.8245  +1.0000
   4877    779301   161  +11.157    6454     85    137  +0.1368  -0.3060  +0.6868  +0.8892
   4878    779458   157  +11.448    6802     88    130  +0.1913  -0.2146  +0.8028  +0.9289
   4879    779618   160  +11.343    7028     88    128  +0.2264  -0.1552  +0.6898  +1.0000
   4880    779778   160  +14.321    8914    116    154  +0.3569  +0.3396  +0.7206  +0.9270
   4881    779943   165  +12.842    7504     97    191  +0.2153  -0.0306  +0.6063  +0.9273
   4882    780104   161  +10.845    5675     70     84  +0.1287  -0.5104  +0.6578  +1.0000
   4883    780262   158  +12.023    7057     88    162  +0.2265  -0.1478  +0.7046  +1.0000
   4884    780421   159  +13.639    8065    100    177  +0.3025  +0.1169  +0.7241  +1.0000
   4885    780586   165   +7.509    6187     89     67  +0.0606  -0.3761  +0.6951  +0.7312
   4886    780745   159   +9.834    6004     77    121  +0.1310  -0.4243  +0.7142  +0.9447
   4887    780907   162  +12.202    7347     86    119  +0.2681  -0.0717  +0.7754  +1.0000
   4888    781071   164  +15.463    8885    114    155  +0.3510  +0.3321  +0.6231  +0.9459
   4889    781235   164   +7.873    5903     79     61  +0.1073  -0.4506  +0.8191  +0.8614
   4890    781395   160   +9.958    7830    114    121  +0.1721  +0.0552  +0.5446  +0.7225
   4891    781556   161  +10.294    6852     92     69  +0.1706  -0.2015  +0.7308  +0.8701
   4892    781716   160  +13.548    8813    108    150  +0.3717  +0.3131  +0.7017  +1.0000
   4893    781872   156  +12.928    7687     95    154  +0.2849  +0.0177  +0.8044  +1.0000
   4894    782030   158  +12.812    6711     77    124  +0.2434  -0.2387  +1.0000  +1.0000
   4895    782190   160  +15.054    7946     99    208  +0.2889  +0.0855  +0.7284  +1.0000
   4896    782349   159  +10.805    6775     88     75  +0.1999  -0.2217  +0.8436  +0.9288
   4897    782510   161   +6.759    6736    104     72  +0.0257  -0.2321  +0.4014  +0.6157
   4898    782670   160  +11.820    7272     86    114  +0.2626  -0.0913  +0.7939  +1.0000
   4899    782829   159  +10.206    5743     69    112  +0.1511  -0.4927  +0.8342  +1.0000
   4900    782988   159   +9.516    5014     55    134  +0.1125  -0.6840  +0.9442  +1.0000

  ── rolling mean (last 100 ep) ──  cum_R=+11.285  yield=6846 kg/ha  N=86  W=129 mm  R_seas=+0.1953  R_ane=+0.9366

   4901    783150   162  +11.475    7864    102     98  +0.2755  +0.0640  +0.8124  +0.9243
   4902    783306   156   +9.509    5496     67    127  +0.1296  -0.5574  +0.8337  +1.0000
   4903    783459   153  +15.987    9249    112    226  +0.4046  +0.4276  +0.7208  +1.0000
   4904    783624   165   +7.156    6812    111    120  -0.0240  -0.2122  +0.1710  +0.5357
   4905    783785   161   +8.034    5971     84    101  +0.0397  -0.4327  +0.5228  +0.7691
   4906    783944   159   +9.889    7436    104    100  +0.1483  -0.0482  +0.4339  +0.7825
   4907    784107   163   +9.516    5009     60     50  +0.1197  -0.6853  +1.0000  +1.0000
   4908    784262   155   +9.450    5473     63    111  +0.1401  -0.5634  +0.8940  +1.0000
   4909    784425   163   +8.742    6983     98    158  +0.1029  -0.1672  +0.4017  +0.7906
   4910    784587   162  +11.881    6842     81    178  +0.2166  -0.2043  +0.7279  +1.0000
   4911    784743   156  +11.874    8412    113    130  +0.3024  +0.2079  +0.8467  +0.8587
   4912    784900   157  +11.020    5550     71    133  +0.1116  -0.5432  +0.7999  +0.9619
   4913    785058   158   +9.412    5051     65     98  +0.0602  -0.6742  +0.7376  +0.9307
   4914    785227   169  +10.414    6246     75     83  +0.1929  -0.3607  +0.8350  +1.0000
   4915    785384   157  +13.211    7411     90    174  +0.2591  -0.0548  +0.7548  +1.0000
   4916    785546   162  +11.880    6706     81    176  +0.1946  -0.2399  +0.6316  +1.0000
   4917    785711   165  +11.329    6463     81    144  +0.1935  -0.3038  +0.8007  +1.0000
   4918    785875   164  +12.349    7199     91    122  +0.2477  -0.1105  +0.8574  +0.9789
   4919    786033   158  +11.566    7322     93     93  +0.2504  -0.0781  +0.8126  +0.9658
   4920    786196   163  +10.888    6862     89     88  +0.2070  -0.1989  +0.8349  +0.9365
   4921    786357   161  +11.180    5569     60    116  +0.1529  -0.5383  +0.8960  +1.0000
   4922    786523   166   +7.828    4799     64     36  +0.0281  -0.7404  +0.7594  +0.8724
   4923    786688   165  +11.703    6144     72     98  +0.2002  -0.3873  +0.9782  +1.0000
   4924    786851   163  +14.709    8448    103    204  +0.3332  +0.2173  +0.7156  +1.0000
   4925    787012   161  +14.406    8296    101    182  +0.3402  +0.1774  +0.8998  +1.0000
   4926    787170   158  +12.316    6951     82    127  +0.2513  -0.1756  +0.9342  +1.0000
   4927    787334   164   +9.357    6137     79     54  +0.1610  -0.3893  +0.8455  +0.9422
   4928    787499   165  +10.363    4985     54    108  +0.1198  -0.6915  +1.0000  +1.0000
   4929    787662   163  +14.646    7857     95    190  +0.2970  +0.0621  +0.8069  +1.0000
   4930    787831   169  +11.790    6624     78    119  +0.2182  -0.2614  +0.8280  +1.0000
   4931    787991   160  +12.695    6486     72    134  +0.2238  -0.2977  +0.9545  +1.0000
   4932    788153   162  +13.546    7416     86    167  +0.2778  -0.0536  +0.8666  +1.0000
   4933    788320   167  +13.330    8509    113    133  +0.3007  +0.2334  +0.6579  +0.8835
   4934    788475   155  +10.097    6102     66     78  +0.1986  -0.3984  +0.8995  +1.0000
   4935    788639   164  +11.201    6840     82    128  +0.2203  -0.2048  +0.7264  +1.0000
   4936    788800   161  +10.988    6804     85    138  +0.1954  -0.2142  +0.5799  +0.9954
   4937    788957   157  +12.783    7936     93    164  +0.3051  +0.0830  +0.7594  +1.0000
   4938    789120   163  +13.965    7187     78    188  +0.2643  -0.1137  +0.8538  +1.0000
   4939    789279   159  +11.040    7661    109    217  +0.1474  +0.0108  +0.4462  +0.7571
   4940    789431   152  +14.369    8571    113    186  +0.3209  +0.2497  +0.8024  +0.9014
   4941    789591   160  +11.813    7260     91    197  +0.2274  -0.0945  +0.6583  +0.9887
   4942    789758   167  +13.029    7726     98    130  +0.2658  +0.0279  +0.6556  +0.9791
   4943    789920   162  +11.876    8010    105    136  +0.2623  +0.1024  +0.6448  +0.9096
   4944    790076   156  +10.927    6501     76     80  +0.2183  -0.2938  +0.8762  +1.0000
   4945    790235   159  +12.806    7464     96    168  +0.2224  -0.0409  +0.5633  +0.9548
   4946    790399   164  +12.550    7883    107    119  +0.2187  +0.0691  +0.5301  +0.8453
   4947    790565   166  +12.267    7587     98    161  +0.2375  -0.0086  +0.6953  +0.9358
   4948    790726   161  +12.531    6116     75    131  +0.1914  -0.3947  +1.0000  +1.0000
   4949    790884   158  +11.492    8045    105     92  +0.2925  +0.1115  +0.8302  +0.9185
   4950    791042   158  +11.744    7160     87    142  +0.2389  -0.1207  +0.6971  +1.0000
   4951    791193   151   +9.436    5896     78    108  +0.1199  -0.4524  +0.8600  +0.8969
   4952    791355   162  +13.024    8097     97    152  +0.3165  +0.1253  +0.7665  +1.0000
   4953    791510   155   +9.858    5621     67     75  +0.1639  -0.5247  +1.0000  +1.0000
   4954    791668   158  +14.119    8715    108    198  +0.3475  +0.2873  +0.6075  +1.0000
   4955    791824   156  +10.086    6276     72    103  +0.1913  -0.3528  +0.7852  +1.0000
   4956    791985   161   +7.962    5785     76     97  +0.0745  -0.4817  +0.4287  +0.9084
   4957    792146   161  +12.891    7600     97    132  +0.2523  -0.0053  +0.7243  +0.9535
   4958    792304   158   +6.653    6362     97    110  -0.0112  -0.3302  +0.3089  +0.6364
   4959    792467   163  +10.034    6086     81    115  +0.1233  -0.4026  +0.7975  +0.8887
   4960    792623   156  +12.086    6179     75    132  +0.1968  -0.3781  +1.0000  +1.0000
   4961    792785   162   +9.227    5138     56     80  +0.1318  -0.6514  +0.9812  +1.0000
   4962    792945   160  +11.301    8424    115    167  +0.2557  +0.2109  +0.5107  +0.8309
   4963    793106   161  +12.250    7028     91    209  +0.1633  -0.1553  +0.4790  +0.9224
   4964    793265   159  +12.617    6917     80    196  +0.2371  -0.1844  +0.8682  +1.0000
   4965    793427   162   +9.894    7389    101    126  +0.1695  -0.0606  +0.5754  +0.8235
   4966    793582   155   +9.350    4561     52    101  +0.0781  -0.8029  +0.9427  +1.0000
   4967    793742   160  +15.836    8982    106    209  +0.3840  +0.3575  +0.7400  +1.0000
   4968    793903   161  +10.340    5586     72     57  +0.1332  -0.5338  +0.9621  +0.9460
   4969    794057   154  +11.576    7535     98    103  +0.2680  -0.0223  +1.0000  +0.9286
   4970    794220   163  +11.348    6410     80    140  +0.1948  -0.3176  +0.8709  +0.9946
   4971    794379   159  +11.362    6829     86    100  +0.2228  -0.2076  +0.8046  +0.9917
   4972    794537   158   +9.390    6619     88     70  +0.1541  -0.2627  +0.6857  +0.8826
   4973    794694   157  +12.320    6796     86    133  +0.2020  -0.2163  +0.6934  +0.9835
   4974    794856   162  +10.176    6335     83     87  +0.1608  -0.3372  +0.8406  +0.9168
   4975    795011   155  +11.422    7890    103    188  +0.2639  +0.0708  +0.8402  +0.9078
   4976    795172   161  +11.912    7114     87    211  +0.2154  -0.1327  +0.5958  +1.0000
   4977    795338   166  +12.327    7052     87    139  +0.2238  -0.1491  +0.6492  +1.0000
   4978    795501   163  +12.716    7631     93    168  +0.2718  +0.0028  +0.7071  +1.0000
   4979    795661   160   +5.815    6263    102     98  -0.0452  -0.3561  +0.4185  +0.5410
   4980    795821   160  +11.734    6363     75    116  +0.1902  -0.3299  +0.7454  +1.0000
   4981    795977   156   +9.782    6875     89     98  +0.1898  -0.1955  +0.7261  +0.9219
   4982    796139   162  +13.133    7699     99    170  +0.2482  +0.0206  +0.7157  +0.9393
   4983    796301   162  +12.061    5691     67    133  +0.1508  -0.5062  +0.8734  +1.0000
   4984    796467   166   +9.024    5526     71    110  +0.0913  -0.5495  +0.6731  +0.9404
   4985    796631   164   +7.406    4591     48     84  +0.0719  -0.7949  +0.7807  +1.0000
   4986    796797   166  +13.481    7813     95    168  +0.2852  +0.0508  +0.6994  +1.0000
   4987    796955   158  +12.004    7555     95    170  +0.2498  -0.0170  +0.6424  +0.9859
   4988    797120   165  +11.590    6115     69    119  +0.1964  -0.3951  +0.9536  +1.0000
   4989    797283   163  +12.254    8246    110    105  +0.2817  +0.1643  +0.6924  +0.8789
   4990    797439   156  +11.595    7299     96    213  +0.1730  -0.0843  +0.4963  +0.8949
   4991    797596   157  +11.983    7879    105    150  +0.2420  +0.0679  +0.6710  +0.8832
   4992    797761   165  +11.252    6833     83    163  +0.2019  -0.2066  +0.6060  +1.0000
   4993    797919   158  +13.897    9249    121    236  +0.3578  +0.4276  +0.5544  +0.9173
   4994    798072   153  +13.060    7474     87    167  +0.2778  -0.0383  +0.8294  +1.0000
   4995    798226   154  +11.906    5328     66    127  +0.1276  -0.6016  +0.9566  +1.0000
   4996    798388   162   +7.635    5312     73    111  +0.0291  -0.6058  +0.6651  +0.8275
   4997    798548   160  +12.947    8173    108    159  +0.2619  +0.1451  +0.5512  +0.9002
   4998    798715   167  +12.809    6980     87    120  +0.2383  -0.1679  +0.8270  +1.0000
   4999    798876   161  +13.097    7205     84    135  +0.2703  -0.1089  +0.9282  +1.0000
   5000    799031   155   +8.379    7029     98    132  +0.1150  -0.1550  +0.4099  +0.8018

  ── rolling mean (last 100 ep) ──  cum_R=+11.373  yield=6898 kg/ha  N=87  W=134 mm  R_seas=+0.2021  R_ane=+0.9416

   5001    799195   164  +13.008    7295     84    194  +0.2501  -0.0854  +0.7086  +1.0000
   5002    799359   164  +10.170    4851     62     78  +0.0758  -0.7267  +0.9835  +0.9393
   5003    799520   161  +13.819    7065     80    185  +0.2510  -0.1457  +0.8606  +1.0000
   5004    799684   164  +13.445    7220     87    112  +0.2683  -0.1051  +0.9042  +1.0000
   5005    799848   164  +14.055    8593    108    175  +0.3458  +0.2555  +0.6973  +0.9934
   5006    800006   158  +12.294    6919     83     94  +0.2578  -0.1840  +1.0000  +1.0000
   5007    800168   162  +10.619    6113     67    152  +0.1835  -0.3955  +0.8369  +1.0000
   5008    800333   165  +12.052    7059     88    135  +0.2203  -0.1472  +0.6092  +1.0000
   5009    800493   160  +10.979    6885     97    213  +0.0858  -0.1929  +0.4051  +0.7819
   5010    800658   165   +9.417    5175     54     91  +0.1312  -0.6416  +0.9171  +1.0000
   5011    800817   159   +9.360    6280     81    117  +0.1533  -0.3518  +0.7159  +0.9479
   5012    800980   163  +12.299    6947     93    168  +0.1696  -0.1767  +0.7522  +0.8745
   5013    801142   162  +11.458    7108     85    138  +0.2295  -0.1345  +0.6270  +1.0000
   5014    801294   152  +11.711    8628    117    188  +0.2764  +0.2645  +0.5198  +0.8412
   5015    801456   162  +13.842    6535     77    156  +0.2123  -0.2847  +0.8855  +1.0000
   5016    801617   161  +10.709    7186     95    128  +0.1889  -0.1139  +0.6451  +0.8929
   5017    801779   162  +13.885    8008    101    193  +0.2581  +0.1017  +0.4443  +0.9750
   5018    801943   164  +12.105    7253     90    176  +0.2400  -0.0964  +0.7083  +1.0000
   5019    802109   166  +11.360    5719     67     87  +0.1715  -0.4990  +1.0000  +1.0000
   5020    802270   161  +12.487    6778     83    170  +0.2090  -0.2209  +0.7249  +1.0000
   5021    802433   163   +7.934    5537     72     76  +0.0962  -0.5466  +0.7441  +0.9230
   5022    802595   162  +14.400    7740     96    202  +0.2814  +0.0314  +0.7981  +1.0000
   5023    802756   161   +8.801    5953     79     85  +0.0996  -0.4376  +0.6647  +0.8782
   5024    802918   162  +13.169    7045     85    170  +0.2362  -0.1510  +0.7885  +1.0000
   5025    803077   159  +10.518    5206     64     71  +0.1306  -0.6335  +1.0000  +1.0000
   5026    803234   157  +10.075    5883     70     72  +0.1841  -0.4559  +1.0000  +1.0000
   5027    803384   150  +10.161    8331    118    128  +0.2273  +0.1866  +0.4894  +0.7668
   5028    803536   152  +12.275    5868     61    174  +0.1832  -0.4598  +1.0000  +1.0000
   5029    803701   165  +13.187    6577     68    148  +0.2150  -0.2737  +0.7369  +1.0000
   5030    803860   159  +12.357    8733    123    162  +0.2675  +0.2920  +0.5286  +0.7767
   5031    804017   157  +12.848    8054    105    174  +0.2680  +0.1139  +0.6747  +0.9185
   5032    804179   162  +11.791    7394     88     87  +0.2775  -0.0594  +0.8150  +1.0000
   5033    804333   154  +14.142    7891     93    205  +0.3097  +0.0712  +0.9011  +1.0000
   5034    804482   149  +13.614    8801    114    180  +0.3419  +0.3100  +0.7144  +0.9245
   5035    804638   156  +10.377    8125    113    141  +0.2123  +0.1325  +0.4591  +0.7912
   5036    804804   166  +11.327    6872     86     63  +0.2332  -0.1963  +0.7942  +1.0000
   5037    804958   154  +11.404    7299     97    223  +0.1730  -0.0842  +0.5328  +0.8891
   5038    805117   159  +11.000    6335     74    114  +0.2144  -0.3373  +1.0000  +1.0000
   5039    805283   166  +12.436    7482     96    150  +0.2321  -0.0363  +0.6915  +0.9390
   5040    805440   157  +10.044    6149     77    124  +0.1671  -0.3860  +0.7727  +0.9934
   5041    805597   157  +10.280    5831     76     94  +0.1380  -0.4697  +1.0000  +0.9151
   5042    805753   156   +8.507    5866     78     68  +0.1030  -0.4604  +0.7328  +0.8804
   5043    805915   162  +11.093    6292     83     92  +0.1581  -0.3487  +0.9568  +0.8912
   5044    806072   157  +12.664    7391     92    150  +0.2686  -0.0602  +0.8656  +1.0000
   5045    806231   159  +12.760    7613     94    161  +0.2689  -0.0019  +0.6975  +1.0000
   5046    806395   164  +11.099    6500     82     83  +0.2106  -0.2940  +0.8986  +0.9935
   5047    806560   165  +12.425    7095     88    131  +0.2426  -0.1377  +0.7991  +1.0000
   5048    806722   162  +12.960    8252    108    144  +0.2742  +0.1658  +0.5756  +0.9027
   5049    806885   163  +12.813    7340     90    178  +0.2491  -0.0734  +0.7167  +1.0000
   5050    807049   164  +15.256    8057     92    220  +0.3173  +0.1147  +0.8198  +1.0000
   5051    807205   156   +9.940    5340     67    152  +0.1175  -0.5983  +0.9598  +0.9816
   5052    807360   155  +11.485    7440     96    100  +0.2636  -0.0473  +0.9598  +0.9432
   5053    807515   155  +11.787    5495     65    158  +0.1185  -0.5576  +0.7373  +1.0000
   5054    807671   156  +12.967    7258     91    195  +0.2441  -0.0951  +0.7963  +0.9956
   5055    807840   169   +5.942    3983     60     24  -0.0993  -0.9547  +0.8884  +0.6644
   5056    808002   162  +15.008    7157     80    168  +0.2658  -0.1215  +0.8993  +1.0000
   5057    808169   167  +12.001    6107     79    100  +0.1278  -0.3972  +0.6171  +0.9359
   5058    808326   157  +14.623    8840    116    268  +0.3066  +0.3201  +0.5125  +0.9012
   5059    808490   164   +9.218    6832     98     87  +0.1010  -0.2069  +0.6456  +0.7349
   5060    808648   158   +8.342    6677     94    146  +0.0693  -0.2474  +0.3046  +0.7828
   5061    808813   165   +8.555    5575     73    105  +0.0783  -0.5367  +0.5831  +0.9201
   5062    808966   153   +8.048    5381     73    125  +0.0229  -0.5876  +0.5374  +0.8355
   5063    809126   160   +9.967    6587     88    108  +0.1729  -0.2710  +0.9457  +0.8821
   5064    809286   160   +9.254    6073     79     99  +0.1368  -0.4061  +0.7541  +0.9299
   5065    809448   162  +13.893    7462     92    130  +0.2653  -0.0415  +0.7382  +1.0000
   5066    809610   162  +15.315    8652    106    160  +0.3688  +0.2708  +0.8328  +1.0000
   5067    809771   161   +9.652    7486    104    120  +0.1789  -0.0352  +0.6513  +0.8015
   5068    809933   162  +14.091    7789     93    188  +0.2957  +0.0444  +0.8244  +1.0000
   5069    810090   157  +11.284    6663     86    152  +0.1721  -0.2512  +0.7473  +0.9270
   5070    810253   163  +12.300    7992    102    124  +0.2922  +0.0977  +0.7349  +0.9695
   5071    810408   155  +11.113    7139     91    124  +0.2293  -0.1263  +0.8095  +0.9575
   5072    810568   160  +11.986    8248    110     88  +0.2886  +0.1648  +0.7415  +0.8781
   5073    810725   157  +11.655    7546     97    136  +0.2455  -0.0195  +0.7121  +0.9509
   5074    810884   159  +14.432    7425     83    149  +0.2932  -0.0512  +0.9557  +1.0000
   5075    811045   161   +9.181    6834     92    108  +0.1568  -0.2062  +0.6843  +0.8627
   5076    811205   160  +12.253    6676     79    174  +0.2194  -0.2477  +0.8802  +1.0000
   5077    811369   164  +10.500    7070    100    129  +0.1241  -0.1443  +0.5826  +0.7749
   5078    811533   164  +10.287    6082     73    127  +0.1712  -0.4037  +0.8045  +1.0000
   5079    811694   161  +16.113    8979    110    217  +0.3838  +0.3568  +0.7493  +1.0000
   5080    811856   162  +10.680    5117     64     58  +0.1115  -0.6569  +0.9023  +0.9941
   5081    812016   160  +11.030    7073     89    104  +0.2409  -0.1435  +0.8263  +0.9871
   5082    812180   164  +11.008    6357     79    109  +0.1975  -0.3316  +0.8657  +1.0000
   5083    812328   148  +11.421    8766    122    102  +0.3083  +0.3008  +0.7481  +0.8012
   5084    812488   160   +6.883    5076     78    105  -0.0770  -0.6677  +0.6245  +0.6188
   5085    812651   163  +10.983    6580     83    149  +0.1834  -0.2731  +0.6604  +0.9900
   5086    812808   157   +8.671    7571    118    107  +0.0973  -0.0129  +0.4480  +0.5997
   5087    812969   161  +14.434    8774    112    144  +0.3524  +0.3029  +0.6715  +0.9615
   5088    813122   153  +11.776    6671     83    142  +0.2231  -0.2490  +0.9291  +1.0000
   5089    813277   155  +15.378    8328     99    188  +0.3209  +0.1857  +0.6735  +1.0000
   5090    813439   162  +11.488    7580    102     85  +0.2290  -0.0106  +0.8405  +0.8539
   5091    813599   160  +11.291    7497    101     95  +0.2153  -0.0323  +0.7655  +0.8613
   5092    813756   157  +10.828    7639    110    206  +0.1357  +0.0050  +0.4218  +0.7328
   5093    813915   159  +12.312    6394     79     89  +0.2096  -0.3216  +0.9320  +1.0000
   5094    814076   161  +11.277    7199     93    153  +0.2163  -0.1105  +0.7792  +0.9312
   5095    814240   164   +9.554    7038     94    130  +0.1431  -0.1526  +0.3722  +0.8750
   5096    814398   158  +13.367    6655     81    102  +0.2354  -0.2532  +0.9997  +1.0000
   5097    814559   161  +12.627    7676     94    114  +0.2976  +0.0148  +0.8797  +1.0000
   5098    814720   161  +13.422    8565    108    164  +0.3588  +0.2480  +0.8462  +0.9914
   5099    814888   168   +3.502    3901     62     41  -0.1927  -0.9762  +0.4487  +0.5614
   5100    815048   160  +12.485    8327    111    131  +0.2800  +0.1857  +0.6171  +0.8829

  ── rolling mean (last 100 ep) ──  cum_R=+11.564  yield=6987 kg/ha  N=89  W=135 mm  R_seas=+0.2046  R_ane=+0.9290

   5101    815202   154  +11.201    6129     74     73  +0.2004  -0.3913  +1.0000  +1.0000
   5102    815357   155  +11.747    7775    100    130  +0.2591  +0.0406  +0.7360  +0.9337
   5103    815517   160  +12.361    7563     96    173  +0.2512  -0.0150  +0.7300  +0.9678
   5104    815676   159  +13.762    8036     97     93  +0.3243  +0.1092  +0.8328  +1.0000
   5105    815837   161  +10.897    7138     93     62  +0.2404  -0.1264  +0.9757  +0.9263
   5106    815999   162  +11.360    7136     90     76  +0.2453  -0.1269  +0.7614  +0.9939
   5107    816161   162  +10.693    7051     88    134  +0.2203  -0.1492  +0.6461  +0.9937
   5108    816319   158  +11.277    6803     83     85  +0.2487  -0.2145  +1.0000  +1.0000
   5109    816478   159  +14.437    9036    118    199  +0.3421  +0.3717  +0.5681  +0.9119
   5110    816635   157   +8.381    6391     90     88  +0.0968  -0.3225  +0.7370  +0.7780
   5111    816797   162  +12.338    8247    111    137  +0.2706  +0.1646  +0.6867  +0.8592
   5112    816951   154   +5.849    6452    102     86  -0.0178  -0.3065  +0.3911  +0.5736
   5113    817109   158  +12.518    7236     86    146  +0.2628  -0.1009  +0.8620  +1.0000
   5114    817270   161  +11.465    6367     72    108  +0.2031  -0.3290  +0.8150  +1.0000
   5115    817428   158  +13.332    8118     99    121  +0.3187  +0.1306  +0.7631  +1.0000
   5116    817597   169  +12.180    6293     76    164  +0.1886  -0.3482  +0.8600  +1.0000
   5117    817760   163  +12.715    7464     87    118  +0.2834  -0.0408  +0.8364  +1.0000
   5118    817918   158  +10.533    6788     88     80  +0.2114  -0.2183  +1.0000  +0.9180
   5119    818081   163  +10.193    7157     92    103  +0.2225  -0.1215  +0.7438  +0.9475
   5120    818242   161   +7.615    6630     99    128  +0.0438  -0.2598  +0.5404  +0.6711
   5121    818398   156  +13.352    8050    104    151  +0.2927  +0.1129  +0.8648  +0.9283
   5122    818550   152  +12.073    7189     89    134  +0.2603  -0.1130  +0.9115  +1.0000
   5123    818713   163  +12.830    7977    102    141  +0.2849  +0.0937  +0.7294  +0.9603
   5124    818877   164  +13.051    8349    108    170  +0.3066  +0.1913  +0.7085  +0.9405
   5125    819039   162  +10.999    7068     88     98  +0.2420  -0.1448  +0.7727  +1.0000
   5126    819198   159  +10.822    6123     78    175  +0.1312  -0.3929  +0.5824  +0.9719
   5127    819359   161  +10.703    6225     76     81  +0.2061  -0.3660  +1.0000  +1.0000
   5128    819515   156  +12.813    8759    122    200  +0.2801  +0.2989  +0.6086  +0.7962
   5129    819675   160  +12.996    6788     80    117  +0.2344  -0.2183  +0.8644  +1.0000
   5130    819836   161   +8.973    6413     83     69  +0.1716  -0.3167  +0.8357  +0.9250
   5131    819997   161  +13.769    8138     98    172  +0.3145  +0.1358  +0.7493  +1.0000
   5132    820157   160  +12.037    7064     91    184  +0.1906  -0.1459  +0.6309  +0.9378
   5133    820322   165  +11.962    7291     98    196  +0.1563  -0.0864  +0.4951  +0.8524
   5134    820484   162   +7.443    5622     82    100  -0.0119  -0.5244  +0.4445  +0.7238
   5135    820642   158  +10.142    6503     90     74  +0.1388  -0.2933  +0.9306  +0.8089
   5136    820800   158  +10.933    7033     96    189  +0.1301  -0.1542  +0.4784  +0.8367
   5137    820957   157  +14.844    8677    110    222  +0.3414  +0.2775  +0.7018  +0.9735
   5138    821113   156  +12.202    8025    110    212  +0.2259  +0.1064  +0.6624  +0.8224
   5139    821271   158  +10.992    6515     82    100  +0.2043  -0.2900  +0.8629  +0.9889
   5140    821437   166  +13.715    6989     82    171  +0.2447  -0.1657  +0.8748  +1.0000
   5141    821595   158  +14.575    7373     86    190  +0.2636  -0.0649  +0.8011  +1.0000
   5142    821758   163  +12.498    7351     90    144  +0.2655  -0.0705  +0.8303  +1.0000
   5143    821922   164  +13.461    7179     86    115  +0.2659  -0.1157  +0.9111  +1.0000
   5144    822081   159  +13.633    7705     92    156  +0.3045  +0.0223  +0.9440  +1.0000
   5145    822243   162  +10.907    7711    102    130  +0.2330  +0.0239  +0.6818  +0.8916
   5146    822402   159   +9.671    6296     85     84  +0.1388  -0.3475  +0.9132  +0.8521
   5147    822559   157   +9.926    7089     97     87  +0.1542  -0.1393  +0.6096  +0.8240
   5148    822714   155  +10.483    7044     96    118  +0.1689  -0.1513  +0.7564  +0.8409
   5149    822877   163   +8.475    6773     98    127  +0.0738  -0.2222  +0.4992  +0.7264
   5150    823038   161   +9.527    6256     86     73  +0.1312  -0.3580  +1.0000  +0.8165
   5151    823195   157  +11.452    6678     81    196  +0.2055  -0.2472  +0.7850  +1.0000
   5152    823361   166   +9.366    6949    100    144  +0.1026  -0.1762  +0.6597  +0.7302
   5153    823524   163  +11.300    5524     68    110  +0.1496  -0.5501  +1.0000  +1.0000
   5154    823688   164  +11.477    6222     78    104  +0.1642  -0.3671  +0.6362  +1.0000
   5155    823843   155  +12.696    6712     78    124  +0.2432  -0.2384  +1.0000  +1.0000
   5156    823997   154   +9.060    6458     92    174  +0.0488  -0.3051  +0.4253  +0.7513
   5157    824158   161  +13.271    7836     94    184  +0.2975  +0.0567  +0.8078  +1.0000
   5158    824318   160  +14.314    7178     88    192  +0.2468  -0.1159  +0.8279  +1.0000
   5159    824479   161  +12.405    7168     83    120  +0.2591  -0.1185  +0.8184  +1.0000
   5160    824638   159  +11.991    7760     98    166  +0.2663  +0.0368  +0.7160  +0.9703
   5161    824798   160  +10.678    6082     74     88  +0.1950  -0.4037  +1.0000  +1.0000
   5162    824954   156  +11.814    6632     84    107  +0.2149  -0.2593  +0.9045  +0.9854
   5163    825113   159  +11.250    6538     83    106  +0.2041  -0.2841  +0.9177  +0.9730
   5164    825278   165   +8.007    5530     81    149  -0.0374  -0.5487  +0.3739  +0.7096
   5165    825438   160   +7.326    6759    101    112  +0.0517  -0.2259  +0.4952  +0.6706
   5166    825594   156  +13.199    8261    106    133  +0.3142  +0.1683  +0.7629  +0.9571
   5167    825747   153  +13.315    7476     89    162  +0.2782  -0.0377  +0.8567  +1.0000
   5168    825905   158  +13.618    7113     89    159  +0.2276  -0.1330  +0.6977  +0.9951
   5169    826065   160   +9.474    5487     72    139  +0.0852  -0.5598  +0.7978  +0.9101
   5170    826224   159   +9.155    7008     96    128  +0.1162  -0.1605  +0.2907  +0.8351
   5171    826387   163  +14.246    7525     85    125  +0.3002  -0.0250  +0.9248  +1.0000
   5172    826543   156  +12.834    7957    104    201  +0.2433  +0.0884  +0.5416  +0.9210
   5173    826700   157  +10.079    6603     89     71  +0.1722  -0.2670  +0.9912  +0.8559
   5174    826857   157  +11.081    6587     80    110  +0.2148  -0.2711  +0.8548  +1.0000
   5175    827014   157  +11.845    6634     77    116  +0.2283  -0.2588  +0.9070  +1.0000
   5176    827177   163  +10.670    6954     89    100  +0.1927  -0.1748  +0.5839  +0.9494
   5177    827335   158  +11.341    7157     92    174  +0.2102  -0.1216  +0.6939  +0.9504
   5178    827504   169   +8.827    5190     68     66  +0.0648  -0.6378  +0.7534  +0.9030
   5179    827667   163   +8.011    5488     74     72  +0.0766  -0.5595  +0.8894  +0.8461
   5180    827831   164  +12.716    8277     96    156  +0.3228  +0.1725  +0.6577  +1.0000
   5181    827992   161  +11.058    5663     64    119  +0.1659  -0.5137  +0.9997  +1.0000
   5182    828156   164  +13.337    8251    100    158  +0.3128  +0.1657  +0.6305  +1.0000
   5183    828320   164  +13.229    7885     92    159  +0.3096  +0.0695  +0.8276  +1.0000
   5184    828478   158  +16.421    8987    115    185  +0.3681  +0.3589  +0.7118  +0.9530
   5185    828644   166  +11.598    7459     96    170  +0.2188  -0.0423  +0.6169  +0.9349
   5186    828798   154  +12.722    8079    104    194  +0.2748  +0.1204  +0.6492  +0.9458
   5187    828961   163  +13.686    8168    102    127  +0.3141  +0.1437  +0.6907  +1.0000
   5188    829113   152  +11.035    6327     78    145  +0.1923  -0.3395  +0.8795  +1.0000
   5189    829273   160  +11.454    7137     81    155  +0.2368  -0.1267  +0.6332  +1.0000
   5190    829441   168   +9.211    7458    108    176  +0.1135  -0.0425  +0.3317  +0.7323
   5191    829602   161  +11.930    7062     89    166  +0.2284  -0.1465  +0.7945  +0.9851
   5192    829763   161  +13.050    7190     86    164  +0.2512  -0.1128  +0.8031  +1.0000
   5193    829923   160   +6.578    5348     75     82  -0.0070  -0.5964  +0.3849  +0.7929
   5194    830080   157  +11.753    7022     89    121  +0.2128  -0.1570  +0.6702  +0.9711
   5195    830237   157  +12.493    9058    131    211  +0.2625  +0.3774  +0.4157  +0.7261
   5196    830393   156   +9.712    5746     73     80  +0.1530  -0.4919  +0.9418  +0.9779
   5197    830558   165  +10.166    7512    104    104  +0.1733  -0.0283  +0.5503  +0.8017
   5198    830723   165  +11.375    7064     92     90  +0.2080  -0.1459  +0.7643  +0.9204
   5199    830880   157  +11.833    8470    116    184  +0.2495  +0.2231  +0.4488  +0.8246
   5200    831042   162   +8.945    4901     56     71  +0.1140  -0.7136  +1.0000  +1.0000

  ── rolling mean (last 100 ep) ──  cum_R=+11.431  yield=7079 kg/ha  N=91  W=133 mm  R_seas=+0.2077  R_ane=+0.9237

   5201    831199   157   +7.798    5566     76     87  +0.0558  -0.5392  +0.6702  +0.8396
   5202    831361   162  +10.553    7056     95     77  +0.1766  -0.1480  +0.7085  +0.8566
   5203    831522   161  +11.709    6253     73    112  +0.2007  -0.3587  +0.9235  +1.0000
   5204    831691   169  +10.944    7602     98    133  +0.2320  -0.0047  +0.5985  +0.9349
   5205    831849   158  +12.241    7176     89     64  +0.2593  -0.1164  +0.8223  +1.0000
   5206    832008   159   +9.823    6875     89     84  +0.2068  -0.1955  +0.8073  +0.9389
   5207    832166   158  +11.588    7497     99    126  +0.2363  -0.0323  +0.9075  +0.8884
   5208    832324   158  +15.567    8322     97    161  +0.3550  +0.1842  +0.9565  +1.0000
   5209    832488   164  +11.513    8066    114    142  +0.2118  +0.1170  +0.5831  +0.7703
   5210    832647   159  +11.348    6972     82    153  +0.2341  -0.1701  +0.7677  +1.0000
   5211    832802   155  +13.204    9184    127    188  +0.3292  +0.4104  +0.6529  +0.8078
   5212    832964   162  +11.564    7591     97    167  +0.2442  -0.0076  +0.6425  +0.9652
   5213    833127   163  +13.235    8136    106    141  +0.2726  +0.1353  +0.6288  +0.9125
   5214    833284   157  +12.600    7287     84    163  +0.2623  -0.0874  +0.7943  +1.0000
   5215    833442   158  +10.427    7273     96    144  +0.1901  -0.0912  +0.5909  +0.8981
   5216    833601   159   +9.984    6603     87    121  +0.1652  -0.2670  +0.7687  +0.9072
   5217    833763   162  +12.301    7217     92    165  +0.2339  -0.1057  +0.8291  +0.9617
   5218    833925   162   +9.884    6379     82    154  +0.1694  -0.3258  +0.8493  +0.9477
   5219    834086   161  +13.128    6906     84    179  +0.2437  -0.1873  +0.9776  +1.0000
   5220    834249   163  +10.827    6974     84    106  +0.2280  -0.1696  +0.6729  +1.0000
   5221    834407   158   +9.172    6385     83     74  +0.1714  -0.3242  +0.8969  +0.9164
   5222    834567   160  +13.563    8367    103    118  +0.3426  +0.1962  +0.7810  +1.0000
   5223    834723   156  +13.520    8408    113    186  +0.2719  +0.2069  +0.5899  +0.8649
   5224    834884   161  +13.300    8306    104    160  +0.3305  +0.1800  +0.7668  +1.0000
   5225    835036   152   +9.623    8140    121    174  +0.1591  +0.1364  +0.3336  +0.6824
   5226    835205   169   +8.331    7162    102     58  +0.1195  -0.1203  +0.4636  +0.7493
   5227    835358   153   +6.166    6615    109    162  -0.0394  -0.2637  +0.3046  +0.5196
   5228    835519   161  +14.680    8319    107    185  +0.3119  +0.1834  +0.7830  +0.9474
   5229    835676   157   +8.665    5560     71     64  +0.1330  -0.5408  +0.8997  +0.9682
   5230    835836   160   +6.513    6513    112    132  -0.0736  -0.2905  +0.2540  +0.4529
   5231    835994   158  +12.969    7332     89    170  +0.2535  -0.0755  +0.7539  +1.0000
   5232    836150   156  +10.800    6748     85     70  +0.2154  -0.2290  +0.8188  +0.9761
   5233    836315   165  +12.106    7462     96    166  +0.2163  -0.0415  +0.5933  +0.9330
   5234    836478   163  +12.915    7873     95    166  +0.2896  +0.0664  +0.6879  +1.0000
   5235    836646   168   +7.786    7142    110    131  +0.0473  -0.1255  +0.3000  +0.6199
   5236    836810   164  +13.868    7334     91    151  +0.2723  -0.0750  +0.9394  +1.0000
   5237    836965   155  +11.970    8208    109    137  +0.2760  +0.1542  +0.7077  +0.8791
   5238    837125   160  +12.891    8652    112    146  +0.3373  +0.2708  +0.7169  +0.9382
   5239    837286   161  +13.346    8603    110    122  +0.3343  +0.2579  +0.6782  +0.9455
   5240    837447   161  +11.906    6806     82    120  +0.2315  -0.2135  +0.8468  +1.0000
   5241    837609   162  +10.206    5857     68    120  +0.1628  -0.4628  +0.8505  +1.0000
   5242    837773   164  +11.968    8206    104    147  +0.2955  +0.1537  +0.5734  +0.9772
   5243    837937   164  +12.778    8554    112    175  +0.3059  +0.2452  +0.6382  +0.9064
   5244    838099   162  +12.682    7051     85    119  +0.2530  -0.1494  +0.8867  +1.0000
   5245    838249   150  +13.686    7371     86    202  +0.2576  -0.0653  +0.7456  +1.0000
   5246    838411   162  +12.459    6614     82    135  +0.2230  -0.2639  +0.9576  +1.0000
   5247    838578   167   +7.400    6750     98     99  +0.0668  -0.2284  +0.4186  +0.7248
   5248    838739   161  +10.999    6599     80     78  +0.2342  -0.2679  +1.0000  +1.0000
   5249    838896   157   +9.514    7550    113    183  +0.0994  -0.0182  +0.3488  +0.6653
   5250    839058   162  +11.956    8224    114    135  +0.2561  +0.1586  +0.7406  +0.8079
   5251    839219   161  +11.353    7879    103    142  +0.2593  +0.0680  +0.7426  +0.9091
   5252    839377   158   +7.612    3960     48     43  +0.0279  -0.9606  +0.8654  +1.0000
   5253    839537   160  +10.103    5775     76    173  +0.0854  -0.4843  +0.7076  +0.8909
   5254    839695   158  +10.860    7338     94    108  +0.2300  -0.0740  +0.7126  +0.9421
   5255    839853   158  +12.533    6733     79    139  +0.2312  -0.2328  +0.8962  +1.0000
   5256    840004   151   +8.214    5626     75    131  +0.0759  -0.5233  +0.7608  +0.8689
   5257    840169   165  +15.150    8273    102    171  +0.3291  +0.1715  +0.7955  +1.0000
   5258    840327   158  +13.400    7685     90    113  +0.2939  +0.0171  +0.7673  +1.0000
   5259    840492   165  +12.721    7381     89    163  +0.2573  -0.0627  +0.7391  +1.0000
   5260    840649   157   +9.338    6067     84    125  +0.0772  -0.4076  +0.6687  +0.8145
   5261    840804   155  +11.158    7713    102    177  +0.2295  +0.0245  +0.7284  +0.8838
   5262    840963   159  +12.795    7698     95    150  +0.2822  +0.0204  +0.7558  +1.0000
   5263    841124   161  +10.126    7019     94    160  +0.1420  -0.1578  +0.4299  +0.8707
   5264    841286   162  +11.311    6798     90    151  +0.1762  -0.2157  +0.8669  +0.8841
   5265    841445   159   +9.029    6251     76     97  +0.1833  -0.3593  +0.7735  +1.0000
   5266    841608   163  +13.833    8927    110    178  +0.3743  +0.3431  +0.6555  +1.0000
   5267    841758   150  +11.960    8127    106    190  +0.2655  +0.1331  +0.6157  +0.9148
   5268    841919   161  +14.041    7395     85    196  +0.2737  -0.0592  +0.8732  +1.0000
   5269    842086   167  +13.448    8528    111    143  +0.3077  +0.2383  +0.5766  +0.9251
   5270    842243   157  +12.140    7614     94    134  +0.2745  -0.0014  +0.7271  +1.0000
   5271    842399   156  +12.232    7790     99    162  +0.2599  +0.0447  +0.6298  +0.9692
   5272    842557   158  +12.695    8117    107    164  +0.2596  +0.1306  +0.5726  +0.9035
   5273    842720   163   +9.023    6690     94    137  +0.0854  -0.2442  +0.4515  +0.7817
   5274    842879   159  +12.456    7553     95    184  +0.2735  -0.0176  +0.8643  +0.9939
   5275    843038   159  +11.041    7057     92    163  +0.2010  -0.1479  +0.8285  +0.9107
   5276    843197   159   +9.831    7022     96    156  +0.1569  -0.1570  +0.7513  +0.8281
   5277    843358   161   +9.594    6903     89    107  +0.1969  -0.1881  +0.7330  +0.9348
   5278    843518   160  +13.083    8636    121    239  +0.2606  +0.2666  +0.6210  +0.7825
   5279    843676   158  +12.048    8666    122    196  +0.2724  +0.2744  +0.6773  +0.7775
   5280    843838   162   +6.722    5219     73     95  +0.0282  -0.6301  +0.8889  +0.7821
   5281    844004   166   +8.489    6487     89     74  +0.1251  -0.2975  +0.7562  +0.8204
   5282    844163   159  +10.605    6309     79     83  +0.1921  -0.3440  +0.8567  +0.9930
   5283    844320   157  +12.446    7592     90    167  +0.2737  -0.0075  +0.7261  +1.0000
   5284    844479   159  +15.053    7849     90    214  +0.3011  +0.0602  +0.8155  +1.0000
   5285    844640   161  +13.889    8262    101    178  +0.3339  +0.1684  +0.8641  +1.0000
   5286    844799   159  +13.010    8430    108    175  +0.3096  +0.2125  +0.6537  +0.9453
   5287    844961   162   +7.819    5555     78    121  +0.0004  -0.5420  +0.4019  +0.7815
   5288    845127   166  +13.053    8089    106    152  +0.2604  +0.1230  +0.6073  +0.8995
   5289    845287   160  +12.495    8546    114    194  +0.2921  +0.2431  +0.6384  +0.8755
   5290    845448   161  +14.405    8194     97    132  +0.3392  +0.1505  +0.8871  +1.0000
   5291    845612   164  +13.250    8576    111    161  +0.3137  +0.2508  +0.6117  +0.9257
   5292    845778   166  +10.595    6456     80     87  +0.2021  -0.3055  +0.8148  +1.0000
   5293    845935   157   +9.088    8194    128    220  +0.1191  +0.1507  +0.2084  +0.6055
   5294    846090   155  +11.588    6861     88    173  +0.1964  -0.1992  +0.7812  +0.9487
   5295    846252   162   +9.271    5889     72     86  +0.1716  -0.4542  +0.9122  +1.0000
   5296    846414   162  +15.036    9410    120    193  +0.4037  +0.4699  +0.6925  +0.9521
   5297    846576   162  +15.633    8890    116    251  +0.3381  +0.3333  +0.6998  +0.9187
   5298    846740   164   +9.207    6804     90    129  +0.1440  -0.2141  +0.5291  +0.8804
   5299    846901   161  +11.263    7600    100    126  +0.2178  -0.0053  +0.6089  +0.8968
   5300    847062   161  +13.425    7564     90    166  +0.2774  -0.0146  +0.7841  +1.0000

  ── rolling mean (last 100 ep) ──  cum_R=+11.474  yield=7356 kg/ha  N=95  W=143 mm  R_seas=+0.2204  R_ane=+0.9111

   5301    847225   163  +14.993    8388    100    203  +0.3182  +0.2017  +0.6199  +1.0000
   5302    847385   160  +11.382    7564    102    163  +0.1820  -0.0146  +0.4920  +0.8499
   5303    847549   164  +14.038    8404    104    155  +0.3362  +0.2057  +0.7279  +1.0000
   5304    847609    60   -8.006       0      0      0  -0.8007  -1.0000  -1.0000  -1.0000
   5305    847772   163  +10.797    6535     87    115  +0.1689  -0.2847  +1.0000  +0.8704
   5306    847936   164  +14.023    7513     85    149  +0.2756  -0.0281  +0.7297  +1.0000
   5307    848095   159  +10.492    7419     99    148  +0.1853  -0.0527  +0.5571  +0.8705
   5308    848256   161  +11.155    5912     65    101  +0.1902  -0.4484  +1.0000  +1.0000
   5309    848420   164   +9.817    6674     92     68  +0.1415  -0.2484  +0.7875  +0.8182
   5310    848582   162  +10.155    6614     87    136  +0.1573  -0.2640  +0.7370  +0.8978
   5311    848738   156  +13.866    8078     99    197  +0.3070  +0.1202  +0.7683  +1.0000
   5312    848898   160   +9.403    6520     82    112  +0.1890  -0.2888  +0.6798  +0.9991
   5313    849064   166  +12.209    7414     94    157  +0.2437  -0.0540  +0.7457  +0.9677
   5314    849220   156  +13.984    8712    110    213  +0.3463  +0.2867  +0.6613  +0.9867
   5315    849379   159  +12.213    6677     79    143  +0.2269  -0.2476  +0.9124  +1.0000
   5316    849539   160  +11.665    6307     77    122  +0.2009  -0.3446  +0.9390  +1.0000
   5317    849697   158  +11.491    5530     63    122  +0.1548  -0.5487  +1.0000  +1.0000
   5318    849852   155  +11.196    7244     94    160  +0.2048  -0.0985  +0.6545  +0.9276
   5319    850015   163  +15.266    7523     86    129  +0.2907  -0.0254  +0.8624  +1.0000
   5320    850175   160  +11.538    7416     98    181  +0.1870  -0.0537  +0.5428  +0.8877
   5321    850336   161  +11.990    8181    117    216  +0.2074  +0.1473  +0.5886  +0.7513
   5322    850498   162  +12.881    7067     83    146  +0.2592  -0.1451  +0.9420  +1.0000
   5323    850656   158  +10.609    6613     83    166  +0.1975  -0.2643  +0.7570  +0.9998
   5324    850818   162  +12.468    6864     83    109  +0.2479  -0.1983  +0.9619  +1.0000
   5325    850972   154   +9.008    6550     89    153  +0.0850  -0.2807  +0.2865  +0.8485
   5326    851130   158  +11.769    7532     98    170  +0.2175  -0.0231  +0.5992  +0.9234
   5327    851286   156   +9.084    5993     83    112  +0.0673  -0.4270  +0.6437  +0.8056
   5328    851445   159  +11.978    6651     77    165  +0.2029  -0.2543  +0.6997  +1.0000
   5329    851610   165  +12.133    8016    100     83  +0.3059  +0.1040  +0.7030  +0.9977
   5330    851766   156  +11.133    7990    109    137  +0.2049  +0.0970  +0.3647  +0.8310
   5331    851926   160  +12.500    8041    102    148  +0.2959  +0.1105  +0.7253  +0.9784
   5332    852086   160  +14.293    7923     95    161  +0.3066  +0.0795  +0.8076  +1.0000
   5333    852245   159  +15.953    8918    110    197  +0.3724  +0.3408  +0.6668  +1.0000
   5334    852404   159  +12.333    7241     87    181  +0.2553  -0.0994  +0.8378  +1.0000
   5335    852569   165  +13.134    7529     92    140  +0.2709  -0.0240  +0.7433  +1.0000
   5336    852727   158  +10.346    6882     85    125  +0.2258  -0.1938  +0.7782  +1.0000
   5337    852885   158  +11.948    7255     90    151  +0.2373  -0.0958  +0.6487  +1.0000
   5338    853038   153  +10.379    7026     99    198  +0.1260  -0.1560  +0.7013  +0.7786
   5339    853195   157   +9.900    6850     81    103  +0.2322  -0.2020  +0.7891  +1.0000
   5340    853353   158  +11.376    7476    102    176  +0.1658  -0.0379  +0.4615  +0.8401
   5341    853513   160  +10.474    6724     81     94  +0.2325  -0.2351  +0.8898  +1.0000
   5342    853668   155  +13.530    8733    120    259  +0.2840  +0.2922  +0.6512  +0.8221
   5343    853827   159  +14.004    8946    113    136  +0.3780  +0.3480  +0.6839  +0.9830
   5344    853986   159  +11.268    7508     94     97  +0.2723  -0.0293  +0.7537  +1.0000
   5345    854143   157  +13.063    8344    111    217  +0.2732  +0.1901  +0.6576  +0.8770
   5346    854301   158  +14.217    7342     86    229  +0.2629  -0.0730  +0.8583  +1.0000
   5347    854468   167  +10.787    6199     79    115  +0.1786  -0.3730  +0.9264  +0.9724
   5348    854630   162  +11.172    6214     76    134  +0.1880  -0.3690  +0.8994  +1.0000
   5349    854792   162  +12.892    8130    100    184  +0.2910  +0.1339  +0.5626  +1.0000
   5350    854951   159  +11.303    6604     78    129  +0.2249  -0.2666  +0.9346  +1.0000
   5351    855110   159  +12.353    7671     91    114  +0.2987  +0.0133  +0.8542  +1.0000
   5352    855271   161  +13.242    8118     96    161  +0.3115  +0.1306  +0.6883  +1.0000
   5353    855433   162  +10.433    6048     73     95  +0.1800  -0.4126  +0.8748  +1.0000
   5354    855593   160  +11.664    7540     92    108  +0.2851  -0.0209  +0.8487  +1.0000
   5355    855753   160  +15.172    8095     98    216  +0.3023  +0.1246  +0.7155  +1.0000
   5356    855909   156   +8.580    7608    110    107  +0.1466  -0.0032  +0.4263  +0.7369
   5357    856066   157  +13.325    8018     97    148  +0.3063  +0.1043  +0.7364  +1.0000
   5358    856230   164  +11.921    8083    108    118  +0.2654  +0.1214  +0.6989  +0.8775
   5359    856393   163   +8.386    6386     90    182  +0.0377  -0.3239  +0.3027  +0.7685
   5360    856551   158  +13.771    8277     98    126  +0.3315  +0.1725  +0.7385  +1.0000
   5361    856718   167  +12.872    7802     98    171  +0.2758  +0.0478  +0.7043  +0.9896
   5362    856878   160   +7.460    7109    105    144  +0.0558  -0.1340  +0.1917  +0.6881
   5363    857038   160  +11.250    7301     89    113  +0.2544  -0.0837  +0.7223  +1.0000
   5364    857205   167  +13.453    8733    110    148  +0.3393  +0.2921  +0.5159  +0.9807
   5365    857362   157  +10.471    7444     95    125  +0.2373  -0.0462  +0.6834  +0.9531
   5366    857519   157  +11.705    7357     94    186  +0.2195  -0.0689  +0.6177  +0.9588
   5367    857677   158  +13.218    7830     92    136  +0.2993  +0.0551  +0.7542  +1.0000
   5368    857841   164  +13.168    7837    100    204  +0.2935  +0.0570  +0.9817  +0.9689
   5369    858001   160  +11.433    8229    110    147  +0.2673  +0.1599  +0.6275  +0.8751
   5370    858161   160  +10.533    6499     87    150  +0.1487  -0.2942  +0.8997  +0.8626
   5371    858324   163  +10.472    6784     87    136  +0.1890  -0.2195  +0.7208  +0.9486
   5372    858480   156  +13.715    8366    107    204  +0.3176  +0.1959  +0.7936  +0.9549
   5373    858639   159  +14.581    8604    109    240  +0.3389  +0.2582  +0.7646  +0.9736
   5374    858795   156  +13.539    7010     84    207  +0.2506  -0.1602  +0.9894  +1.0000
   5375    858955   160  +13.657    7385     92    206  +0.2637  -0.0616  +0.8834  +1.0000
   5376    859117   162  +10.809    6958     94    111  +0.1662  -0.1737  +0.7027  +0.8599
   5377    859274   157  +12.266    8322    105    158  +0.3123  +0.1842  +0.6139  +0.9870
   5378    859436   162  +14.521    7693     94    238  +0.2810  +0.0191  +0.8493  +1.0000
   5379    859599   163   +9.600    7454     98    149  +0.1958  -0.0436  +0.5404  +0.8934
   5380    859763   164  +10.779    7921    107     78  +0.2618  +0.0791  +0.8298  +0.8586
   5381    859928   165  +10.109    6377     82     79  +0.1765  -0.3263  +0.8720  +0.9377
   5382    860088   160  +11.907    7254     94    248  +0.1900  -0.0960  +0.5832  +0.9325
   5383    860244   156  +15.004    8762    111    173  +0.3555  +0.2998  +0.7127  +0.9715
   5384    860406   162  +10.405    8229    118    134  +0.2081  +0.1598  +0.4829  +0.7428
   5385    860565   159  +12.782    8160    106    160  +0.2876  +0.1417  +0.7031  +0.9339
   5386    860728   163  +13.690    7854     95    141  +0.3083  +0.0615  +0.8656  +1.0000
   5387    860888   160  +13.352    7572     87    154  +0.2974  -0.0125  +0.9239  +1.0000
   5388    861048   160  +11.261    7158     90    124  +0.2371  -0.1211  +0.7373  +0.9900
   5389    861205   157  +13.225    7352     88    207  +0.2667  -0.0703  +0.8962  +1.0000
   5390    861361   156   +8.473    7234    104    135  +0.1039  -0.1014  +0.3694  +0.7388
   5391    861523   162  +14.136    8791    117    224  +0.3173  +0.3075  +0.6808  +0.8816
   5392    861689   166  +13.279    8795    115    149  +0.3269  +0.3085  +0.5914  +0.9075
   5393    861846   157   +9.993    7972    121    181  +0.1293  +0.0925  +0.3116  +0.6500
   5394    862001   155  +10.922    6640     84    165  +0.1935  -0.2572  +0.7395  +0.9890
   5395    862160   159  +11.352    6863     85    123  +0.2435  -0.1987  +0.9671  +1.0000
   5396    862320   160   +9.059    6862     88    122  +0.1871  -0.1990  +0.6120  +0.9521
   5397    862480   160  +11.401    7631    101    157  +0.2324  +0.0029  +0.7927  +0.8885
   5398    862642   162   +8.761    6490     95    148  +0.0225  -0.2965  +0.2628  +0.7151
   5399    862803   161  +12.936    7009     83    136  +0.2509  -0.1604  +0.8951  +1.0000
   5400    862965   162  +11.260    7348     96    165  +0.2116  -0.0713  +0.7010  +0.9159

  ── rolling mean (last 100 ep) ──  cum_R=+11.713  yield=7366 kg/ha  N=94  W=152 mm  R_seas=+0.2255  R_ane=+0.9177

   5401    863120   155  +12.890    7389     92    170  +0.2521  -0.0607  +0.7363  +0.9986
   5402    863281   161  +13.743    7919     98    181  +0.2936  +0.0784  +0.7509  +1.0000
   5403    863441   160  +15.561    8212     94    146  +0.3476  +0.1555  +0.9174  +1.0000
   5404    863596   155   +9.977    6982     93    130  +0.1718  -0.1673  +0.6972  +0.8758
   5405    863752   156   +8.281    6453     97    202  +0.0014  -0.3063  +0.3608  +0.6642
   5406    863912   160  +14.411    9036    111    164  +0.3873  +0.3718  +0.6687  +1.0000
   5407    864077   165   +9.678    6228     87    223  +0.0472  -0.3654  +0.4557  +0.7938
   5408    864241   164  +11.040    7360    100     85  +0.1819  -0.0682  +0.6346  +0.8355
   5409    864404   163   +6.860    6635    101    143  -0.0088  -0.2585  +0.1273  +0.6460
   5410    864565   161  +13.986    8151    101    137  +0.3232  +0.1394  +0.8088  +1.0000
   5411    864727   162  +10.922    6475     86    159  +0.1472  -0.3005  +0.8029  +0.8889
   5412    864888   161  +14.198    7887     97    240  +0.2808  +0.0700  +0.7066  +1.0000
   5413    865050   162  +10.977    7050     86    137  +0.2338  -0.1497  +0.7379  +1.0000
   5414    865212   162  +14.391    8455    101    155  +0.3413  +0.2193  +0.7318  +1.0000
   5415    865382   170  +12.971    8742    121    192  +0.2657  +0.2945  +0.4534  +0.8009
   5416    865544   162  +12.800    9105    121    145  +0.3479  +0.3898  +0.5827  +0.8875
   5417    865707   163  +13.485    8831    118    190  +0.3193  +0.3179  +0.6630  +0.8703
   5418    865867   160  +14.411    8562    111    226  +0.3199  +0.2473  +0.7823  +0.9207
   5419    866025   158  +10.776    7128     93    136  +0.2109  -0.1291  +0.8399  +0.9113
   5420    866180   155  +12.800    7536     92    172  +0.2733  -0.0220  +0.8022  +1.0000
   5421    866342   162  +11.823    7895    102    129  +0.2611  +0.0722  +0.6679  +0.9272
   5422    866498   156  +10.878    7408    104    187  +0.1365  -0.0556  +0.4277  +0.7876
   5423    866656   158   +7.711    7228    114    192  +0.0396  -0.1030  +0.3391  +0.5853
   5424    866821   165  +11.650    7602     98    152  +0.2370  -0.0047  +0.6859  +0.9316
   5425    866977   156  +12.111    7518     91    145  +0.2696  -0.0268  +0.7325  +1.0000
   5426    867133   156  +12.393    7315     92    148  +0.2377  -0.0801  +0.6233  +0.9979
   5427    867297   164  +13.913    7558     93    214  +0.2449  -0.0162  +0.5684  +1.0000
   5428    867457   160  +11.006    7651    101    138  +0.2209  +0.0081  +0.6151  +0.8945
   5429    867619   162  +12.351    7679    104    195  +0.2149  +0.0156  +0.7498  +0.8512
   5430    867784   165  +12.817    8290    106    135  +0.3107  +0.1759  +0.6841  +0.9627
   5431    867945   161  +15.199    9296    116    183  +0.4102  +0.4399  +0.6822  +1.0000
   5432    868106   161  +12.400    7952    102    147  +0.2713  +0.0871  +0.6904  +0.9411
   5433    868261   155  +13.310    7538     91    159  +0.2825  -0.0214  +0.8698  +1.0000
   5434    868421   160  +12.590    8368    111    166  +0.2871  +0.1965  +0.6872  +0.8844
   5435    868577   156  +13.913    8008     97    153  +0.3180  +0.1018  +0.8602  +1.0000
   5436    868743   166  +13.189    7915     99    129  +0.2949  +0.0775  +0.7165  +1.0000
   5437    868898   155  +14.171    7585     92    210  +0.2708  -0.0092  +0.7808  +1.0000
   5438    869060   162  +10.578    7162     93    117  +0.2033  -0.1202  +0.6661  +0.9231
   5439    869218   158  +10.594    7832    110    161  +0.1838  +0.0556  +0.4792  +0.7880
   5440    869374   156  +13.838    8219     97    139  +0.3241  +0.1572  +0.7159  +1.0000
   5441    869533   159  +11.183    6910     86    113  +0.2288  -0.1865  +0.7836  +1.0000
   5442    869696   163  +12.837    7363     86    172  +0.2583  -0.0674  +0.7297  +1.0000
   5443    869864   168   +6.943    6877    104    156  +0.0337  -0.1951  +0.2969  +0.6600
   5444    870030   166  +11.728    6259     74    101  +0.2072  -0.3573  +0.9807  +1.0000
   5445    870180   150  +13.110    7332     92    200  +0.2700  -0.0757  +1.0000  +0.9972
   5446    870338   158  +12.457    6754     84    175  +0.2231  -0.2274  +0.9100  +1.0000
   5447    870497   159  +12.754    8289    107    127  +0.3094  +0.1756  +0.7598  +0.9346
   5448    870655   158  +13.565    8868    112    129  +0.3659  +0.3277  +0.6294  +0.9820
   5449    870815   160  +14.701    8382    106    230  +0.3138  +0.1999  +0.6803  +0.9809
   5450    870973   158  +13.139    7926    100    167  +0.3013  +0.0803  +0.8591  +0.9907
   5451    871131   158  +13.022    8232    107    193  +0.2853  +0.1606  +0.7188  +0.9155
   5452    871291   160  +13.779    8256    109    202  +0.2753  +0.1670  +0.7067  +0.8870
   5453    871454   163  +12.098    7128     90    107  +0.2342  -0.1290  +0.7248  +0.9867
   5454    871618   164  +14.963    8853    115    192  +0.3352  +0.3236  +0.6164  +0.9237
   5455    871782   164  +10.698    7396     96     92  +0.2321  -0.0588  +0.6989  +0.9358
   5456    871941   159  +12.758    7559     95    153  +0.2632  -0.0160  +0.7642  +0.9833
   5457    872100   159  +12.085    8191    109    133  +0.2850  +0.1500  +0.8075  +0.8792
   5458    872258   158  +10.898    6671     82    109  +0.2161  -0.2490  +0.8131  +1.0000
   5459    872418   160  +15.094    8219    102    208  +0.3123  +0.1573  +0.7215  +1.0000
   5460    872577   159  +13.673    7412     92    159  +0.2686  -0.0545  +0.8622  +1.0000
   5461    872746   169  +10.572    8017    108    142  +0.2235  +0.1041  +0.4483  +0.8551
   5462    872912   166  +13.041    8242    110    182  +0.2643  +0.1631  +0.6156  +0.8785
   5463    873076   164  +12.695    8017    107    153  +0.2619  +0.1041  +0.8059  +0.8662
   5464    873235   159   +6.650    5802     90    166  -0.0543  -0.4771  +0.4072  +0.6206
   5465    873397   162  +14.467    8702    112    138  +0.3387  +0.2839  +0.6345  +0.9497
   5466    873561   164  +14.519    9029    116    196  +0.3611  +0.3698  +0.6400  +0.9465
   5467    873719   158  +10.454    7807    102     74  +0.2663  +0.0490  +0.7825  +0.9139
   5468    873881   162  +11.482    6761     84     94  +0.2380  -0.2255  +0.9612  +1.0000
   5469    874038   157  +13.995    8085     99    166  +0.3187  +0.1222  +0.8493  +1.0000
   5470    874194   156  +12.457    6980     88    177  +0.2110  -0.1681  +0.6693  +0.9908
   5471    874351   157   +9.563    5346     73    113  +0.0699  -0.5967  +0.9989  +0.8402
   5472    874520   169  +12.014    7478     93     91  +0.2765  -0.0374  +0.8110  +1.0000
   5473    874682   162  +12.974    7728     98    144  +0.2856  +0.0284  +0.8823  +0.9761
   5474    874835   153   +7.026    5766     89    120  -0.0382  -0.4867  +0.5152  +0.6261
   5475    874996   161  +10.949    6794     88     90  +0.2061  -0.2169  +0.9120  +0.9284
   5476    875153   157  +15.616    8001     96    192  +0.3269  +0.1001  +1.0000  +1.0000
   5477    875320   167  +11.544    7489    102    172  +0.1631  -0.0343  +0.4573  +0.8285
   5478    875483   163  +11.425    7247     88    107  +0.2647  -0.0978  +0.8513  +1.0000
   5479    875649   166  +14.675    8473    106    182  +0.3329  +0.2238  +0.6636  +1.0000
   5480    875804   155  +10.815    7391     97    152  +0.1920  -0.0600  +0.4839  +0.9096
   5481    875967   163  +14.103    8096    100    111  +0.3100  +0.1249  +0.6915  +1.0000
   5482    876129   162  +13.395    7888     95    191  +0.3065  +0.0703  +0.8829  +1.0000
   5483    876288   159  +10.580    7597    111    151  +0.1428  -0.0060  +0.5258  +0.7156
   5484    876449   161  +11.956    6440     73     86  +0.2242  -0.3097  +0.9464  +1.0000
   5485    876610   161   +9.031    7002     96    121  +0.1401  -0.1622  +0.5552  +0.8282
   5486    876770   160   +7.654    6192     92     86  +0.0345  -0.3748  +0.6767  +0.6784
   5487    876928   158   +5.703    6230     98    140  -0.0383  -0.3648  +0.3830  +0.5868
   5488    877082   154  +11.851    6380     79    116  +0.2121  -0.3255  +1.0000  +1.0000
   5489    877243   161  +13.036    8387    111    164  +0.2796  +0.2012  +0.5746  +0.8894
   5490    877409   166  +15.348    7910     90    204  +0.2980  +0.0762  +0.7221  +1.0000
   5491    877573   164  +13.235    6844     81    212  +0.2232  -0.2035  +0.8309  +1.0000
   5492    877735   162   +7.548    6753    102    144  +0.0176  -0.2276  +0.2756  +0.6484
   5493    877896   161   +9.106    5432     70     90  +0.1195  -0.5742  +1.0000  +0.9405
   5494    878064   168  +13.056    6862     87    162  +0.2112  -0.1991  +0.8501  +0.9645
   5495    878227   163  +12.884    7979     99    103  +0.2958  +0.0941  +0.6354  +1.0000
   5496    878388   161  +13.094    7191     83    161  +0.2700  -0.1126  +0.9523  +1.0000
   5497    878544   156  +12.548    7782    100    174  +0.2676  +0.0424  +0.7919  +0.9538
   5498    878701   157   +9.447    6267     78    148  +0.1750  -0.3551  +0.7573  +1.0000
   5499    878861   160   +7.251    5964     88    149  +0.0078  -0.4347  +0.5578  +0.6994
   5500    879025   164  +10.430    7906    106    100  +0.2407  +0.0751  +0.6493  +0.8614

  ── rolling mean (last 100 ep) ──  cum_R=+12.003  yield=7533 kg/ha  N=97  W=153 mm  R_seas=+0.2322  R_ane=+0.9152

   5501    879183   158  +14.217    7981     98    203  +0.3047  +0.0947  +0.8368  +1.0000
   5502    879336   153  +13.160    7743    100    224  +0.2686  +0.0323  +0.9395  +0.9421
   5503    879495   159  +11.496    7525     98    125  +0.2441  -0.0250  +0.8516  +0.9150
   5504    879658   163  +12.167    6889     83     82  +0.2567  -0.1919  +1.0000  +1.0000
   5505    879820   162   +9.873    7556    104     89  +0.1850  -0.0168  +0.5689  +0.8134
   5506    879984   164   +8.376    6106     88     87  +0.0632  -0.3974  +0.7539  +0.7427
   5507    880146   162  +12.578    8326    110    140  +0.2883  +0.1853  +0.6707  +0.8948
   5508    880310   164  +11.052    8476    117    103  +0.2734  +0.2248  +0.6438  +0.8077
   5509    880463   153  +10.029    7608    106    137  +0.1913  -0.0031  +0.7149  +0.7925
   5510    880623   160  +17.628    9321    110    246  +0.4272  +0.4465  +0.9048  +1.0000
   5511    880777   154  +15.274    8500    103    242  +0.3461  +0.2309  +0.8430  +1.0000
   5512    880934   157  +11.843    8369    111    130  +0.3009  +0.1967  +0.7728  +0.8866
   5513    881091   157   +9.220    7450    106    114  +0.1528  -0.0446  +0.5790  +0.7550
   5514    881251   160  +11.633    7043     95    194  +0.1634  -0.1514  +0.7450  +0.8520
   5515    881413   162  +12.092    6232     78    167  +0.1864  -0.3643  +0.9769  +0.9883
   5516    881571   158  +11.108    7079     96    172  +0.1683  -0.1420  +0.8080  +0.8364
   5517    881730   159  +11.590    8386    115    124  +0.2606  +0.2010  +0.5471  +0.8299
   5518    881891   161  +14.957    8179    106    233  +0.2902  +0.1466  +0.7979  +0.9344
   5519    882045   154  +13.308    8317    111    209  +0.2786  +0.1829  +0.7522  +0.8697
   5520    882208   163  +11.426    7629     99    102  +0.2548  +0.0024  +0.8031  +0.9270
   5521    882372   164   +7.505    7213    111    142  +0.0470  -0.1069  +0.2112  +0.6294
   5522    882541   169   +8.898    7140    100    101  +0.1382  -0.1261  +0.5581  +0.7941
   5523    882704   163   +8.886    7182     98    116  +0.1535  -0.1149  +0.5451  +0.8301
   5524    882871   167  +13.740    8270    105    172  +0.3076  +0.1705  +0.6906  +0.9703
   5525    883031   160  +10.248    6604     86    154  +0.1635  -0.2665  +0.6886  +0.9317
   5526    883192   161  +13.254    7449     94    199  +0.2568  -0.0449  +0.8200  +0.9872
   5527    883359   167  +12.347    8201    107    160  +0.2697  +0.1526  +0.5582  +0.9134
   5528    883522   163  +14.079    8843    118    220  +0.3093  +0.3211  +0.5861  +0.8706
   5529    883681   159  +14.128    8084     96    152  +0.3136  +0.1219  +0.7408  +1.0000
   5530    883838   157  +13.244    8865    116    170  +0.3368  +0.3269  +0.6273  +0.9145
   5531    883995   157  +12.902    7373     91    154  +0.2663  -0.0648  +0.8496  +1.0000
   5532    884152   157  +15.633    8735    108    214  +0.3580  +0.2927  +0.7114  +1.0000
   5533    884309   157  +15.144    8115    103    198  +0.2811  +0.1299  +0.6172  +0.9645
   5534    884466   157  +11.606    6707     88    210  +0.1341  -0.2396  +0.4927  +0.9058
   5535    884628   162  +10.338    7010     93    122  +0.1728  -0.1602  +0.6354  +0.8858
   5536    884784   156  +12.375    7304     92    159  +0.2704  -0.0830  +1.0000  +0.9910
   5537    884947   163  +11.532    7975    110    106  +0.2236  +0.0932  +0.5782  +0.8168
   5538    885112   165  +11.772    7882    101    127  +0.2681  +0.0689  +0.6891  +0.9438
   5539    885275   163   +6.303    6100    100    178  -0.1059  -0.3989  +0.1277  +0.5209
   5540    885435   160  +10.124    7602    110    139  +0.1317  -0.0048  +0.3656  +0.7240
   5541    885597   162   +8.511    7425    114    155  +0.0553  -0.0513  +0.1403  +0.6222
   5542    885755   158  +14.246    8710    113    170  +0.3521  +0.2861  +0.8536  +0.9344
   5543    885920   165   +8.343    6983    108    184  +0.0318  -0.1672  +0.3737  +0.6144
   5544    886080   160  +11.586    6412     84    162  +0.1560  -0.3171  +0.8581  +0.9090
   5545    886242   162  +12.796    8568    116    150  +0.2992  +0.2489  +0.7074  +0.8553
   5546    886405   163  +13.537    8180     96    154  +0.3167  +0.1471  +0.6742  +1.0000
   5547    886562   157  +12.657    7716     98    181  +0.2644  +0.0251  +0.7698  +0.9652
   5548    886723   161  +13.263    6654     78    104  +0.2351  -0.2534  +0.9599  +1.0000
   5549    886883   160  +10.963    6478     86    189  +0.1188  -0.2998  +0.5462  +0.8905
   5550    887044   161  +12.537    7270     88    148  +0.2552  -0.0918  +0.7839  +1.0000
   5551    887203   159  +11.886    7639     96     83  +0.2893  +0.0051  +0.8662  +0.9870
   5552    887361   158  +12.920    7006     89    196  +0.2306  -0.1610  +1.0000  +0.9591
   5553    887520   159  +14.424    8152    101    186  +0.3149  +0.1396  +0.7843  +1.0000
   5554    887679   159  +13.206    7025     86    117  +0.2615  -0.1562  +1.0000  +1.0000
   5555    887841   162   +8.636    6604     93    126  +0.0763  -0.2668  +0.4100  +0.7814
   5556    887998   157  +11.513    6852     84    114  +0.2488  -0.2016  +1.0000  +1.0000
   5557    888159   161  +13.376    7282     86    175  +0.2772  -0.0886  +1.0000  +1.0000
   5558    888319   160  +11.533    7612    108    234  +0.1546  -0.0022  +0.5806  +0.7585
   5559    888475   156  +12.035    7118     84    104  +0.2739  -0.1317  +1.0000  +1.0000
   5560    888642   167  +13.738    7616     95    163  +0.2804  -0.0010  +0.8311  +1.0000
   5561    888800   158   +7.813    6053     87    125  +0.0344  -0.4114  +0.5897  +0.7333
   5562    888959   159  +10.676    7397     95    146  +0.2241  -0.0586  +0.6243  +0.9499
   5563    889118   159  +13.024    7711     96    134  +0.2877  +0.0238  +0.7921  +1.0000
   5564    889280   162  +13.839    7790     98    178  +0.2792  +0.0447  +0.7717  +0.9861
   5565    889438   158  +11.518    7614     97    118  +0.2517  -0.0017  +0.6273  +0.9686
   5566    889600   162   +5.453    5543     92    147  -0.1420  -0.5452  +0.2039  +0.5009
   5567    889762   162  +15.898    8457    102    221  +0.3438  +0.2197  +0.8344  +1.0000
   5568    889923   161  +11.870    7356     97    160  +0.2003  -0.0693  +0.6391  +0.9008
   5569    890082   159   +7.949    6357     94    160  +0.0356  -0.3315  +0.5709  +0.6989
   5570    890246   164  +12.338    8315    107    170  +0.2866  +0.1824  +0.5510  +0.9372
   5571    890405   159  +12.372    7530     89    110  +0.2921  -0.0237  +0.8858  +1.0000
   5572    890568   163  +12.098    6902     88    126  +0.2181  -0.1885  +0.9066  +0.9496
   5573    890724   156  +15.102    8235     98    226  +0.3321  +0.1614  +0.9023  +1.0000
   5574    890890   166  +13.296    8556    109    153  +0.3225  +0.2456  +0.5999  +0.9570
   5575    891053   163   +8.676    5803     77     84  +0.1166  -0.4770  +0.9030  +0.8882
   5576    891210   157  +11.894    7727     95    163  +0.2842  +0.0282  +0.7732  +1.0000
   5577    891372   162  +11.515    6815     84    108  +0.2410  -0.2112  +0.9552  +1.0000
   5578    891530   158  +14.226    8171    100    133  +0.3228  +0.1445  +0.7823  +1.0000
   5579    891689   159  +13.801    7947     96    166  +0.3119  +0.0859  +0.8614  +1.0000
   5580    891853   164  +11.191    5735     72     96  +0.1640  -0.4948  +1.0000  +0.9978
   5581    892015   162  +12.096    7587     99    153  +0.2350  -0.0087  +0.7370  +0.9177
   5582    892174   159   +9.752    7153     96    137  +0.1681  -0.1226  +0.6197  +0.8579
   5583    892330   156  +11.406    7048    100    184  +0.1267  -0.1501  +0.7623  +0.7572
   5584    892489   159  +15.344    7848     97    210  +0.3080  +0.0600  +0.9828  +1.0000
   5585    892652   163  +11.100    7307     93     99  +0.2412  -0.0822  +0.7257  +0.9691
   5586    892811   159  +12.625    8345    113    206  +0.2785  +0.1902  +0.7916  +0.8502
   5587    892971   160  +14.491    8809    111    184  +0.3765  +0.3121  +0.8299  +0.9896
   5588    893124   153   +9.806    5838     81    181  +0.0652  -0.4676  +0.8552  +0.7964
   5589    893283   159   +9.034    6851    104    228  +0.0442  -0.2019  +0.5726  +0.6427
   5590    893445   162  +12.269    7514     95    167  +0.2469  -0.0278  +0.6591  +0.9814
   5591    893598   153   +5.116    5806     92    118  -0.0707  -0.4760  +0.3396  +0.5842
   5592    893756   158  +14.293    7830     91    167  +0.3087  +0.0551  +0.8659  +1.0000
   5593    893915   159  +11.982    7400     98    147  +0.2041  -0.0578  +0.6932  +0.8858
   5594    894071   156  +11.411    6077     72     97  +0.1964  -0.4049  +1.0000  +1.0000
   5595    894225   154  +10.764    7019    100    210  +0.1090  -0.1578  +0.6246  +0.7613
   5596    894385   160  +11.497    8571    113     93  +0.3110  +0.2497  +0.6311  +0.8904
   5597    894541   156  +14.139    8260    102    160  +0.3174  +0.1679  +0.6777  +1.0000
   5598    894701   160  +13.046    7374     89    133  +0.2747  -0.0646  +0.8844  +1.0000
   5599    894864   163  +11.630    7881    104     94  +0.2504  +0.0686  +0.6476  +0.8938
   5600    895023   159  +11.765    7932    107    194  +0.2224  +0.0819  +0.6030  +0.8476

  ── rolling mean (last 100 ep) ──  cum_R=+11.869  yield=7491 kg/ha  N=98  W=155 mm  R_seas=+0.2231  R_ane=+0.8975

   5601    895185   162   +9.675    5896     79     89  +0.1068  -0.4524  +0.8337  +0.8659
   5602    895342   157  +12.410    7717     97    158  +0.2785  +0.0255  +0.8212  +0.9798
   5603    895503   161  +10.294    6561     86     86  +0.1611  -0.2780  +0.7567  +0.8975
   5604    895659   156  +10.242    7623    101    103  +0.2118  +0.0007  +0.5095  +0.8940
   5605    895823   164  +13.698    8140     99    118  +0.3212  +0.1364  +0.7678  +1.0000
   5606    895973   150  +12.417    7860     95    151  +0.2986  +0.0631  +0.7754  +1.0000
   5607    896133   160  +14.264    7521     88    158  +0.2992  -0.0260  +1.0000  +1.0000
   5608    896294   161  +13.084    8006    100    130  +0.3070  +0.1012  +0.7792  +0.9980
   5609    896456   162  +14.394    8513    110    182  +0.3223  +0.2343  +0.7464  +0.9358
   5610    896613   157  +14.422    7897     96    206  +0.3032  +0.0728  +0.8733  +1.0000
   5611    896775   162  +14.153    8141    102    119  +0.3304  +0.1368  +0.8998  +0.9912
   5612    896936   161  +12.601    7768    107    170  +0.1954  +0.0388  +0.5799  +0.8122
   5613    897089   153  +11.942    6806     82    118  +0.2456  -0.2136  +1.0000  +1.0000
   5614    897244   155  +13.551    8665    112    127  +0.3330  +0.2743  +0.6803  +0.9264
   5615    897402   158  +15.748    8121     89    203  +0.3473  +0.1316  +1.0000  +1.0000
   5616    897569   167   +9.665    7425     99    139  +0.1761  -0.0511  +0.4495  +0.8705
   5617    897730   161  +11.133    7987    105    130  +0.2509  +0.0963  +0.5629  +0.9044
   5618    897894   164  +12.424    7710     88    154  +0.2934  +0.0235  +0.7692  +1.0000
   5619    898054   160  +13.831    8488    107    162  +0.3426  +0.2277  +0.7664  +0.9878
   5620    898217   163  +12.323    8080    103    142  +0.2906  +0.1208  +0.6751  +0.9652
   5621    898377   160  +10.671    6889     86    103  +0.2333  -0.1919  +0.8421  +0.9982
   5622    898537   160  +13.125    8144    100    134  +0.3057  +0.1377  +0.6318  +1.0000
   5623    898701   164   +8.801    6305     84     76  +0.1280  -0.3453  +0.7387  +0.8642
   5624    898863   162  +14.629    8534    105    183  +0.3369  +0.2399  +0.6488  +1.0000
   5625    899017   154  +13.267    8505    108    203  +0.3229  +0.2323  +0.6795  +0.9658
   5626    899175   158   +7.612    7929    124    173  +0.0983  +0.0811  +0.2331  +0.5926
   5627    899334   159   +9.291    7142    110    209  +0.0553  -0.1256  +0.4510  +0.6265
   5628    899491   157   +9.432    6698     91    129  +0.1235  -0.2420  +0.5375  +0.8480
   5629    899652   161  +14.497    8503    105    189  +0.3377  +0.2318  +0.6928  +1.0000
   5630    899807   155  +12.716    8133    106    197  +0.2563  +0.1347  +0.5072  +0.9201
   5631    899965   158  +15.187    8704    115    257  +0.3213  +0.2846  +0.8112  +0.8896
   5632    900126   161   +8.937    6276     89    161  +0.0548  -0.3527  +0.5575  +0.7615
   5633    900286   160  +11.715    7031     92    113  +0.1885  -0.1547  +0.6857  +0.9052
   5634    900441   155  +12.174    7380     92    188  +0.2574  -0.0630  +0.8377  +0.9939
   5635    900598   157  +14.031    8035     95    169  +0.3272  +0.1088  +0.9230  +1.0000
   5636    900763   165  +13.261    8668    109    141  +0.3525  +0.2752  +0.6518  +0.9941
   5637    900922   159  +12.266    8170    106    125  +0.2839  +0.1442  +0.6063  +0.9366
   5638    901084   162  +11.723    7751    101    104  +0.2653  +0.0343  +0.8360  +0.9205
   5639    901244   160  +12.917    8275    102    129  +0.3218  +0.1720  +0.6700  +1.0000
   5640    901401   157  +13.123    9197    124    136  +0.3483  +0.4138  +0.6229  +0.8499
   5641    901566   165  +11.891    8429    117    142  +0.2648  +0.2124  +0.6487  +0.8077
   5642    901725   159  +12.100    7104     91    133  +0.2259  -0.1355  +0.8398  +0.9508
   5643    901881   156  +11.640    7927    105    144  +0.2499  +0.0805  +0.7044  +0.8817
   5644    902037   156  +12.917    8322    108    172  +0.3070  +0.1842  +0.7660  +0.9331
   5645    902193   156  +13.004    7851     99    181  +0.2721  +0.0606  +0.7086  +0.9742
   5646    902358   165  +15.063    8134     98    178  +0.3249  +0.1348  +0.8659  +1.0000
   5647    902522   164  +11.539    8152    109    104  +0.2638  +0.1396  +0.6404  +0.8666
   5648    902678   156  +11.090    7492     98     98  +0.2258  -0.0335  +0.6945  +0.9067
   5649    902836   158  +11.610    7525    100    178  +0.2164  -0.0249  +0.7400  +0.8908
   5650    903001   165  +10.764    7181     91    139  +0.2228  -0.1152  +0.7046  +0.9640
   5651    903160   159  +10.298    7802    106    112  +0.2302  +0.0478  +0.7062  +0.8466
   5652    903316   156  +14.850    8267     99    220  +0.3176  +0.1699  +0.7318  +1.0000
   5653    903474   158   +9.893    7597    102    116  +0.2074  -0.0061  +0.6107  +0.8642
   5654    903629   155  +11.339    8124    105    128  +0.2844  +0.1322  +0.6504  +0.9383
   5655    903793   164  +13.448    7810     99    118  +0.2933  +0.0498  +0.8910  +0.9704
   5656    903955   162   +9.709    7995    113     99  +0.2058  +0.0984  +0.5642  +0.7623
   5657    904115   160  +11.161    7556    104    177  +0.1673  -0.0168  +0.4560  +0.8253
   5658    904271   156  +10.664    6648     91    198  +0.1029  -0.2551  +0.5365  +0.8275
   5659    904428   157   +8.674    6880    104    154  +0.0256  -0.1942  +0.2295  +0.6548
   5660    904589   161   +4.672    5770     89     79  -0.0450  -0.4857  +0.3964  +0.6257
   5661    904750   161  +14.191    8435    104    173  +0.3406  +0.2140  +0.7648  +1.0000
   5662    904907   157  +11.776    6919     90    156  +0.1665  -0.1840  +0.5384  +0.9197
   5663    905067   160  +12.622    7963    104    151  +0.2757  +0.0901  +0.7962  +0.9218
   5664    905224   157  +14.058    8367    101    189  +0.3333  +0.1960  +0.7740  +1.0000
   5665    905380   156  +10.550    6193     77    106  +0.1936  -0.3744  +0.9598  +0.9992
   5666    905542   162  +10.409    6038     76     56  +0.1885  -0.4151  +1.0000  +0.9904
   5667    905705   163  +13.466    7573     97    196  +0.2502  -0.0123  +0.7949  +0.9548
   5668    905863   158  +14.086    7830    100    220  +0.2788  +0.0551  +0.8978  +0.9599
   5669    906020   157  +12.006    7306     86    133  +0.2697  -0.0823  +0.8459  +1.0000
   5670    906178   158  +14.802    8773    109    174  +0.3656  +0.3025  +0.7051  +1.0000
   5671    906345   167  +15.602    8416    108    158  +0.3387  +0.2090  +0.8951  +0.9572
   5672    906505   160  +12.465    7434     96    146  +0.2351  -0.0489  +0.7886  +0.9304
   5673    906667   162  +12.931    8459    111    115  +0.3241  +0.2203  +0.8336  +0.9070
   5674    906828   161   +9.977    6771     86    111  +0.1967  -0.2229  +0.7421  +0.9570
   5675    906980   152  +12.829    7599     95    171  +0.2726  -0.0055  +0.8119  +0.9924
   5676    907141   161  +10.371    7315    105    188  +0.1155  -0.0800  +0.4536  +0.7449
   5677    907303   162  +12.721    8424    105    124  +0.3476  +0.2109  +0.7868  +1.0000
   5678    907467   164  +16.396    9000    113    249  +0.3859  +0.3622  +0.8378  +0.9863
   5679    907628   161  +12.400    7520     94    172  +0.2509  -0.0262  +0.6161  +1.0000
   5680    907783   155  +11.324    7814    104    130  +0.2488  +0.0509  +0.7672  +0.8856
   5681    907945   162  +11.871    7202     89    124  +0.2512  -0.1096  +0.7907  +1.0000
   5682    908111   166   +8.937    6984     97     97  +0.1386  -0.1668  +0.6240  +0.8048
   5683    908270   159   +6.949    6635     95    115  +0.0548  -0.2586  +0.3157  +0.7447
   5684    908431   161  +10.049    7446    101    144  +0.1755  -0.0455  +0.5141  +0.8493
   5685    908594   163  +10.416    8070    116    141  +0.1929  +0.1180  +0.5159  +0.7341
   5686    908745   151  +10.878    7652    103    191  +0.1925  +0.0085  +0.5374  +0.8535
   5687    908906   161  +13.212    9041    125    155  +0.3151  +0.3729  +0.6079  +0.8071
   5688    909064   158  +13.551    7670     88    125  +0.3095  +0.0131  +0.9295  +1.0000
   5689    909226   162  +12.088    7222     96    124  +0.2029  -0.1045  +0.8269  +0.8756
   5690    909389   163  +11.364    6787     93    174  +0.1191  -0.2186  +0.6179  +0.8159
   5691    909546   157  +14.333    8592    107    168  +0.3606  +0.2552  +0.8149  +1.0000
   5692    909709   163   +9.709    7244    100    121  +0.1547  -0.0986  +0.5749  +0.8167
   5693    909865   156  +12.317    8317    107    131  +0.3067  +0.1829  +0.6700  +0.9470
   5694    910021   156  +14.267    8754    109    196  +0.3791  +0.2978  +0.8833  +1.0000
   5695    910184   163  +11.448    7831    105    144  +0.2399  +0.0554  +0.7338  +0.8697
   5696    910344   160  +12.955    8835    113    136  +0.3563  +0.3188  +0.6794  +0.9514
   5697    910506   162  +10.915    7275     96    152  +0.1816  -0.0906  +0.4981  +0.9019
   5698    910666   160  +13.426    7686     92    130  +0.2989  +0.0174  +0.8681  +1.0000
   5699    910828   162  +11.096    7543     98    134  +0.2389  -0.0203  +0.7355  +0.9296
   5700    910978   150  +12.387    8198    102    142  +0.3292  +0.1516  +0.8312  +1.0000

  ── rolling mean (last 100 ep) ──  cum_R=+12.051  yield=7729 kg/ha  N=100  W=148 mm  R_seas=+0.2487  R_ane=+0.9159

   5701    911134   156  +11.211    7917    109     98  +0.2317  +0.0780  +0.6814  +0.8229
   5702    911291   157   +9.344    7528    107     98  +0.1444  -0.0240  +0.4091  +0.7533
   5703    911447   156  +11.627    8101    109    172  +0.2470  +0.1262  +0.6142  +0.8630
   5704    911606   159  +11.215    7672    108    184  +0.1755  +0.0137  +0.5870  +0.7831
   5705    911765   159  +11.151    8369    124    224  +0.1706  +0.1965  +0.2957  +0.6832
   5706    911925   160  +12.147    8020    104    128  +0.2772  +0.1050  +0.7405  +0.9191
   5707    912085   160  +14.679    8500    104    196  +0.3440  +0.2311  +0.7659  +1.0000
   5708    912247   162  +12.842    8078    101    120  +0.3040  +0.1201  +0.6685  +0.9985
   5709    912403   156  +14.518    9110    117    181  +0.3824  +0.3910  +0.7745  +0.9423
   5710    912566   163  +12.017    8605    124    180  +0.2397  +0.2585  +0.5316  +0.7363
   5711    912722   156  +10.234    7198     93    141  +0.2070  -0.1108  +0.6710  +0.9314
   5712    912883   161  +11.364    8324    108    130  +0.2918  +0.1847  +0.6099  +0.9196
   5713    913041   158   +9.556    7271    102    165  +0.1413  -0.0915  +0.6058  +0.7787
   5714    913194   153  +12.328    7207     94    153  +0.2336  -0.1085  +1.0000  +0.9184
   5715    913350   156  +10.069    6241     81    109  +0.1526  -0.3620  +0.8373  +0.9209
   5716    913503   153  +13.000    7520     91    180  +0.2744  -0.0262  +0.8207  +1.0000
   5717    913660   157  +11.018    8133    116    195  +0.2052  +0.1346  +0.5990  +0.7475
   5718    913818   158  +12.544    9196    130    132  +0.3280  +0.4136  +0.6774  +0.7752
   5719    913975   157  +13.954    9048    122    202  +0.3250  +0.3749  +0.6186  +0.8464
   5720    914135   160  +12.542    7909    101    149  +0.2957  +0.0757  +0.9112  +0.9598
   5721    914294   159  +10.838    6880     90    116  +0.1845  -0.1941  +0.7546  +0.9061
   5722    914455   161  +11.206    6719     96    144  +0.1060  -0.2366  +0.7436  +0.7584
   5723    914617   162  +11.568    7676    103    166  +0.2203  +0.0148  +0.7137  +0.8677
   5724    914782   165  +14.965    8171    100    222  +0.3135  +0.1447  +0.7868  +1.0000
   5725    914939   157  +11.144    7300    105    248  +0.1175  -0.0841  +0.6060  +0.7317
   5726    915096   157   +9.229    7122     97     97  +0.1586  -0.1306  +0.6038  +0.8330
   5727    915254   158  +14.702    8381    101    182  +0.3501  +0.1998  +0.9196  +1.0000
   5728    915413   159  +12.517    8242    103    145  +0.3137  +0.1634  +0.6648  +0.9927
   5729    915570   157  +11.550    7031     90     95  +0.2357  -0.1546  +0.9441  +0.9511
   5730    915723   153  +12.689    7969    102    199  +0.2793  +0.0916  +0.7433  +0.9622
   5731    915883   160  +13.822    8462    108    182  +0.3292  +0.2210  +0.7544  +0.9664
   5732    916040   157  +12.025    8286    109    131  +0.2889  +0.1747  +0.6996  +0.8959
   5733    916201   161  +12.469    8936    122    135  +0.3255  +0.3453  +0.6839  +0.8356
   5734    916362   161  +10.113    7721    108    102  +0.2027  +0.0264  +0.6761  +0.7945
   5735    916525   163   +9.388    6474     84     98  +0.1668  -0.3007  +0.7884  +0.9224
   5736    916683   158  +11.911    8478    122    206  +0.2138  +0.2252  +0.4000  +0.7422
   5737    916842   159   +9.942    7315     96    111  +0.2165  -0.0802  +0.7486  +0.9066
   5738    917001   159  +10.009    7615    107    111  +0.1788  -0.0014  +0.5969  +0.7797
   5739    917159   158  +14.682    8221    102    189  +0.3289  +0.1578  +0.8631  +1.0000
   5740    917318   159  +14.015    8796    115    230  +0.3197  +0.3085  +0.6092  +0.9097
   5741    917475   157  +14.600    9506    126    182  +0.3995  +0.4950  +0.8060  +0.8787
   5742    917635   160   +7.724    5681     84     96  +0.0101  -0.5090  +0.7407  +0.6945
   5743    917793   158  +14.472    9043    124    182  +0.3359  +0.3736  +0.7806  +0.8254
   5744    917950   157  +10.759    7816    108    135  +0.2040  +0.0513  +0.6032  +0.8053
   5745    918107   157   +9.207    7009    100    154  +0.0727  -0.1604  +0.2640  +0.7454
   5746    918265   158  +11.295    6720     83    143  +0.2177  -0.2361  +0.8328  +1.0000
   5747    918425   160  +12.864    9070    142    244  +0.1997  +0.3806  +0.2660  +0.5974
   5748    918577   152  +10.479    6818     95    193  +0.1072  -0.2105  +0.6077  +0.7902
   5749    918739   162  +11.350    8631    128    154  +0.2204  +0.2654  +0.4575  +0.6864
   5750    918901   162   +8.810    8021    112    115  +0.1959  +0.1053  +0.3899  +0.7824
   5751    919059   158  +10.132    7254    101    161  +0.1532  -0.0961  +0.6679  +0.7982
   5752    919225   166   +9.144    6903     98    141  +0.0808  -0.1882  +0.3761  +0.7538
   5753    919382   157  +11.653    6492     86    111  +0.1651  -0.2960  +0.8933  +0.8936
   5754    919539   157   +9.292    6715    101    165  +0.0396  -0.2375  +0.5255  +0.6571
   5755    919702   163  +12.877    7852    100    109  +0.2977  +0.0608  +0.9005  +0.9686
   5756    919859   157  +13.694    7932    100    205  +0.2950  +0.0818  +0.8506  +0.9873
   5757    920020   161  +11.465    8623    121     92  +0.2786  +0.2632  +0.6239  +0.7861
   5758    920177   157  +12.173    7660    102    130  +0.2389  +0.0106  +0.8073  +0.8857
   5759    920339   162  +13.373    8376    117    214  +0.2498  +0.1984  +0.7198  +0.7831
   5760    920501   162   +9.216    7728    110     76  +0.1863  +0.0285  +0.5800  +0.7642
   5761    920662   161  +14.301    7750     96    189  +0.2895  +0.0343  +0.8414  +1.0000
   5762    920823   161  +10.205    7568    111    133  +0.1412  -0.0137  +0.5703  +0.7000
   5763    920981   158  +13.860    9376    125    149  +0.3789  +0.4608  +0.6817  +0.8781
   5764    921137   156  +12.676    7981    102    133  +0.2942  +0.0948  +0.7917  +0.9654
   5765    921294   157  +10.766    7609    101    120  +0.2455  -0.0029  +0.9353  +0.8782
   5766    921452   158  +16.598    9488    118    199  +0.4373  +0.4904  +0.7950  +1.0000
   5767    921604   152  +12.834    7708    101    203  +0.2424  +0.0231  +0.7937  +0.9122
   5768    921769   165  +12.715    8309    104    163  +0.3146  +0.1809  +0.6218  +0.9962
   5769    921935   166  +11.371    7651    102    153  +0.2235  +0.0081  +0.7128  +0.8791
   5770    922096   161  +13.953    8948    122    165  +0.3296  +0.3486  +0.7468  +0.8362
   5771    922256   160  +10.366    7838    120    168  +0.1135  +0.0573  +0.2968  +0.6398
   5772    922422   166  +14.178    8765    109    173  +0.3612  +0.3006  +0.6681  +1.0000
   5773    922587   165  +10.615    6831     88     81  +0.2188  -0.2070  +0.9504  +0.9404
   5774    922742   155  +12.252    7778    101    171  +0.2458  +0.0414  +0.6779  +0.9261
   5775    922899   157  +13.921    8821    113    158  +0.3471  +0.3151  +0.6530  +0.9443
   5776    923055   156  +11.164    6716     83    147  +0.2151  -0.2374  +0.8244  +1.0000
   5777    923215   160  +13.031    8122    104    152  +0.3040  +0.1317  +0.8454  +0.9475
   5778    923381   166  +11.898    7953    103    123  +0.2643  +0.0874  +0.6288  +0.9301
   5779    923538   157  +13.084    6992     84    155  +0.2565  -0.1648  +1.0000  +1.0000
   5780    923697   159  +13.241    7533     93     99  +0.2837  -0.0229  +0.8439  +1.0000
   5781    923857   160  +10.573    7561    102    107  +0.2104  -0.0154  +0.7322  +0.8439
   5782    924018   161  +16.308    9310    122    208  +0.3909  +0.4437  +0.8495  +0.9020
   5783    924175   157  +14.868    8848    113    186  +0.3659  +0.3223  +0.7884  +0.9615
   5784    924334   159  +17.251    8730    102    197  +0.3817  +0.2914  +0.9336  +1.0000
   5785    924489   155  +10.862    8138    120    172  +0.1792  +0.1359  +0.4896  +0.6954
   5786    924648   159  +14.645    8094    104    156  +0.2996  +0.1244  +0.8553  +0.9408
   5787    924809   161  +10.746    7105     92    133  +0.1882  -0.1352  +0.5097  +0.9392
   5788    924971   162  +14.095    8525    109    176  +0.3349  +0.2375  +0.7596  +0.9624
   5789    925133   162  +13.683    8690    117    130  +0.3053  +0.2807  +0.6051  +0.8632
   5790    925298   165  +16.014    9202    120    218  +0.3829  +0.4151  +0.8111  +0.9220
   5791    925459   161  +10.703    7061     96    147  +0.1749  -0.1467  +0.8128  +0.8469
   5792    925620   161  +13.424    8810    117    165  +0.3234  +0.3125  +0.6515  +0.8820
   5793    925781   161  +11.306    7214     94    130  +0.2281  -0.1065  +0.8690  +0.9284
   5794    925945   164  +10.981    6956     95    120  +0.1766  -0.1744  +0.9282  +0.8342
   5795    926110   165  +14.252    8003    106    212  +0.2489  +0.1006  +0.6935  +0.8850
   5796    926265   155   +8.821    7058     99     89  +0.1573  -0.1474  +0.8279  +0.7861
   5797    926423   158  +12.806    8474    115    182  +0.2809  +0.2240  +0.7050  +0.8397
   5798    926581   158  +13.031    7520     94    126  +0.2935  -0.0264  +1.0000  +0.9985
   5799    926745   164  +11.544    6535     77    122  +0.2254  -0.2848  +0.9797  +1.0000
   5800    926900   155  +12.060    8250    123    227  +0.1944  +0.1653  +0.6568  +0.6801

  ── rolling mean (last 100 ep) ──  cum_R=+12.117  yield=7894 kg/ha  N=105  W=155 mm  R_seas=+0.2462  R_ane=+0.8722

   5801    927056   156  +11.619    7177     94    179  +0.2045  -0.1162  +0.7634  +0.9180
   5802    927220   164  +16.122    9304    119    205  +0.3991  +0.4421  +0.7714  +0.9484
   5803    927373   153   +9.046    7567    121    240  +0.0564  -0.0139  +0.3174  +0.5668
   5804    927531   158  +13.408    8924    125    152  +0.3028  +0.3423  +0.6550  +0.7879
   5805    927688   157  +15.678    9048    119    199  +0.3480  +0.3747  +0.6754  +0.8949
   5806    927846   158  +11.192    7972    112    163  +0.2233  +0.0923  +0.7502  +0.7874
   5807    928005   159  +15.248    9202    124    212  +0.3571  +0.4152  +0.8030  +0.8483
   5808    928168   163  +11.937    7175     93    197  +0.1880  -0.1167  +0.5967  +0.9240
   5809    928326   158  +12.051    8163    106     94  +0.2979  +0.1426  +0.7624  +0.9232
   5810    928488   162  +13.186    8990    122    148  +0.3235  +0.3597  +0.6280  +0.8357
   5811    928649   161  +15.875   10153    137    190  +0.4282  +0.6648  +0.6042  +0.8513
   5812    928813   164  +12.933    8427    116    156  +0.2588  +0.2119  +0.5905  +0.8124
   5813    928972   159  +11.494    7907    106    115  +0.2586  +0.0753  +0.8138  +0.8705
   5814    929130   158   +4.929    6414    109    100  -0.0732  -0.3166  +0.2436  +0.4719
   5815    929288   158   +8.449    7231    120    259  +0.0099  -0.1021  +0.4035  +0.5039
   5816    929444   156  +10.536    8169    120    176  +0.1818  +0.1440  +0.4961  +0.6941
   5817    929609   165  +13.297    8696    122    164  +0.2756  +0.2823  +0.6241  +0.7832
   5818    929770   161  +12.474    7980    106    129  +0.2614  +0.0944  +0.7696  +0.8768
   5819    929935   165  +14.352    8877    130    202  +0.2394  +0.3299  +0.4178  +0.7037
   5820    930097   162  +10.521    8254    118    136  +0.2176  +0.1663  +0.5445  +0.7464
   5821    930260   163  +10.185    7218     94    141  +0.2012  -0.1055  +0.6634  +0.9161
   5822    930422   162  +12.401    7503     95    192  +0.2563  -0.0307  +0.7972  +0.9802
   5823    930585   163  +10.827    8879    133    178  +0.2276  +0.3304  +0.3870  +0.6702
   5824    930747   162   +9.230    6842     89     71  +0.2011  -0.2041  +0.8234  +0.9234
   5825    930908   161  +11.495    7818    105    106  +0.2395  +0.0519  +0.7182  +0.8634
   5826    931063   155  +12.671    6756     83    139  +0.2328  -0.2269  +0.9534  +1.0000
   5827    931221   158  +14.864   10293    145    196  +0.4161  +0.7016  +0.6265  +0.7753
   5828    931383   162  +11.483    7968    106    118  +0.2567  +0.0913  +0.7096  +0.8798
   5829    931537   154  +13.279    7280     93    173  +0.2407  -0.0893  +0.9003  +0.9521
   5830    931698   161  +15.073    8665    114    152  +0.3362  +0.2743  +0.8317  +0.9006
   5831    931849   151  +11.031    7273     96    198  +0.1986  -0.0911  +0.7824  +0.8883
   5832    932017   168  +11.721    8747    119    101  +0.3044  +0.2959  +0.6091  +0.8346
   5833    932172   155  +14.634    9484    136    242  +0.3182  +0.4894  +0.5579  +0.7433
   5834    932332   160  +11.807    7929    107    162  +0.2196  +0.0812  +0.5330  +0.8495
   5835    932487   155  +14.001    9569    128    144  +0.3909  +0.5115  +0.6238  +0.8765
   5836    932646   159  +15.424    9063    117    188  +0.3835  +0.3788  +0.8369  +0.9422
   5837    932806   160  +10.925    7750    107    115  +0.2074  +0.0341  +0.6296  +0.8182
   5838    932962   156   +8.172    7180    118    185  +0.0183  -0.1154  +0.3661  +0.5266
   5839    933125   163  +13.865    8790    117    166  +0.3408  +0.3071  +0.8354  +0.8847
   5840    933282   157  +11.457    7225     98    188  +0.1612  -0.1038  +0.6383  +0.8390
   5841    933437   155   +7.599    7506    116    134  +0.0840  -0.0298  +0.3344  +0.6202
   5842    933603   166  +11.520    7969    107    140  +0.2442  +0.0915  +0.6953  +0.8556
   5843    933761   158  +12.960    9391    136    231  +0.2921  +0.4649  +0.4471  +0.7213
   5844    933923   162  +11.911    7764    104    114  +0.2409  +0.0378  +0.7988  +0.8613
   5845    934085   162  +16.016    9238    122    206  +0.3717  +0.4247  +0.7402  +0.8965
   5846    934244   159  +15.814    8387    106    188  +0.3211  +0.2012  +0.7332  +0.9713
   5847    934408   164   +6.882    7123    115    165  +0.0080  -0.1306  +0.2166  +0.5484
   5848    934566   158  +10.261    8147    123    133  +0.1670  +0.1384  +0.4344  +0.6603
   5849    934724   158  +14.831    8766    111    131  +0.3826  +0.3008  +0.9237  +0.9734
   5850    934883   159  +10.032    7480    109    130  +0.1414  -0.0366  +0.5822  +0.7189
   5851    935041   158  +11.193    7806    103    145  +0.2453  +0.0489  +0.7442  +0.8892
   5852    935201   160  +13.068    8875    119    167  +0.3255  +0.3295  +0.6667  +0.8674
   5853    935362   161  +13.950    8534    112    184  +0.3124  +0.2400  +0.7566  +0.8994
   5854    935520   158  +12.316    8224    108    167  +0.2814  +0.1584  +0.6931  +0.9049
   5855    935684   164  +11.435    7828    106    183  +0.2169  +0.0547  +0.6371  +0.8459
   5856    935843   159  +11.894    8793    119    106  +0.3371  +0.3078  +0.8317  +0.8540
   5857    935993   150  +12.072    8061    106    157  +0.2748  +0.1157  +0.8054  +0.8931
   5858    936151   158  +13.766    7600     93    191  +0.2783  -0.0052  +0.8265  +1.0000
   5859    936317   166  +12.462    8364    110    156  +0.2866  +0.1953  +0.6254  +0.8981
   5860    936475   158  +14.513    8729    108    147  +0.3770  +0.2910  +0.8280  +1.0000
   5861    936638   163  +10.403    8563    129    123  +0.2040  +0.2476  +0.4297  +0.6545
   5862    936800   162  +11.501    9033    127    130  +0.3053  +0.3708  +0.5896  +0.7777
   5863    936965   165  +11.402    7844    106    208  +0.2193  +0.0587  +0.6611  +0.8505
   5864    937130   165  +12.717    8295    118    156  +0.2305  +0.1771  +0.6292  +0.7550
   5865    937289   159  +11.020    7522     99    126  +0.2157  -0.0257  +0.6665  +0.8922
   5866    937443   154  +14.220    8141    100    179  +0.3168  +0.1367  +0.7978  +1.0000
   5867    937603   160  +12.532    7139     88    188  +0.2462  -0.1261  +0.8665  +1.0000
   5868    937764   161   +7.828    6895    100     81  +0.1110  -0.1904  +0.7253  +0.7272
   5869    937930   166  +10.719    7996    109     98  +0.2432  +0.0986  +0.7071  +0.8279
   5870    938083   153  +10.306    6880     96    136  +0.1111  -0.1943  +0.5326  +0.7905
   5871    938241   158  +11.886    7878    102    135  +0.2798  +0.0678  +0.8295  +0.9410
   5872    938405   164  +11.032    9071    140    148  +0.2339  +0.3809  +0.4130  +0.6202
   5873    938567   162  +11.493    8476    115    152  +0.2723  +0.2248  +0.5729  +0.8415
   5874    938731   164  +10.957    7764    111    189  +0.1632  +0.0377  +0.4849  +0.7549
   5875    938888   157  +11.318    7005     89    148  +0.2248  -0.1614  +0.8520  +0.9672
   5876    939042   154   +8.941    7394    108    136  +0.1050  -0.0593  +0.3360  +0.7100
   5877    939209   167  +14.502    9107    115    161  +0.3871  +0.3902  +0.6572  +0.9832
   5878    939366   157  +12.063    6840     83    112  +0.2487  -0.2048  +1.0000  +1.0000
   5879    939521   155  +14.705    8856    114    191  +0.3508  +0.3244  +0.7022  +0.9428
   5880    939679   158  +12.809    7541     97    168  +0.2540  -0.0208  +0.8443  +0.9497
   5881    939840   161  +15.004    8433    101    238  +0.3307  +0.2134  +0.7452  +1.0000
   5882    939997   157  +10.316    7332     99    174  +0.1750  -0.0755  +0.5984  +0.8587
   5883    940157   160  +16.000    9946    131    175  +0.4331  +0.6104  +0.6478  +0.9020
   5884    940320   163  +12.301    8282    105    142  +0.3232  +0.1739  +0.7830  +0.9745
   5885    940479   159  +13.520    9132    126    172  +0.3360  +0.3970  +0.7303  +0.8135
   5886    940636   157  +11.178    8031    108    173  +0.2444  +0.1078  +0.6478  +0.8647
   5887    940798   162  +15.300    9694    131    219  +0.3932  +0.5443  +0.6980  +0.8550
   5888    940955   157  +16.295    9768    131    232  +0.4062  +0.5639  +0.7394  +0.8649
   5889    941112   157  +10.805    7684    105    179  +0.1855  +0.0167  +0.4982  +0.8325
   5890    941275   163  +16.506    8855    111    250  +0.3648  +0.3241  +0.7357  +0.9938
   5891    941439   164  +14.374    9032    115    127  +0.3977  +0.3706  +0.8523  +0.9656
   5892    941600   161  +11.728    7146     87    176  +0.2331  -0.1243  +0.7007  +1.0000
   5893    941758   158  +12.460    8002    100    147  +0.3036  +0.1002  +0.7980  +0.9895
   5894    941914   156  +12.764    7011     82    119  +0.2602  -0.1598  +0.9511  +1.0000
   5895    942074   160  +10.974    7058     89    129  +0.2404  -0.1474  +0.8421  +0.9920
   5896    942236   162   +8.337    7616    116    128  +0.1156  -0.0012  +0.4631  +0.6432
   5897    942393   157  +13.187    7956    101    204  +0.2871  +0.0881  +0.8435  +0.9613
   5898    942548   155   +9.920    8126    118    119  +0.1856  +0.1329  +0.3903  +0.7268
   5899    942708   160  +14.785    9080    113    198  +0.3933  +0.3831  +0.7291  +1.0000
   5900    942869   161  +11.836    7348     90    146  +0.2526  -0.0713  +0.7169  +1.0000

  ── rolling mean (last 100 ep) ──  cum_R=+12.233  yield=8162 kg/ha  N=111  W=162 mm  R_seas=+0.2568  R_ane=+0.8492

   5901    943026   157  +14.786   10259    140    183  +0.4385  +0.6925  +0.6840  +0.8278
   5902    943179   153  +11.199    7863    106    177  +0.2401  +0.0637  +0.7784  +0.8608
   5903    943342   163  +11.222    7999    105    184  +0.2495  +0.0994  +0.6022  +0.9046
   5904    943503   161  +14.406    8545    103    136  +0.3686  +0.2427  +0.8996  +1.0000
   5905    943662   159  +12.727    8146    101    186  +0.3152  +0.1379  +0.7926  +1.0000
   5906    943819   157  +13.103    8057    103    144  +0.2999  +0.1146  +0.8055  +0.9617
   5907    943975   156  +10.287    7096     99    212  +0.1302  -0.1376  +0.6278  +0.7978
   5908    944137   162   +7.473    7534    128    155  +0.0220  -0.0225  +0.2269  +0.4737
   5909    944299   162  +13.481    7950    109    240  +0.2338  +0.0867  +0.8441  +0.8223
   5910    944454   155  +12.427    8260    111    195  +0.2676  +0.1680  +0.7226  +0.8570
   5911    944619   165  +12.766    7704    102    217  +0.2224  +0.0221  +0.6744  +0.8950
   5912    944781   162  +16.557    8912    111    216  +0.4026  +0.3391  +0.9984  +1.0000
   5913    944947   166  +11.001    7570    101    139  +0.2135  -0.0132  +0.7081  +0.8685
   5914    945106   159  +12.626    6789     89    182  +0.1791  -0.2180  +0.8386  +0.9083
   5915    945266   160  +15.003    9193    117    185  +0.3962  +0.4128  +0.7578  +0.9662
   5916    945430   164  +13.448    9197    125    134  +0.3547  +0.4138  +0.7257  +0.8384
   5917    945597   167  +11.193    8374    125    137  +0.1988  +0.1980  +0.4915  +0.6767
   5918    945754   157   +9.953    7537    110    138  +0.1438  -0.0217  +0.5995  +0.7084
   5919    945912   158  +14.982    9170    119    186  +0.3699  +0.4067  +0.6521  +0.9277
   5920    946073   161  +10.561    8788    132    110  +0.2323  +0.3065  +0.4744  +0.6592
   5921    946221   148  +10.516    8016    111    137  +0.2229  +0.1041  +0.6311  +0.7994
   5922    946382   161  +13.189    7227     91    181  +0.2230  -0.1030  +0.6175  +0.9893
   5923    946543   161  +13.564    8266    105    162  +0.3181  +0.1695  +0.7668  +0.9756
   5924    946707   164   +8.058    6236     88    149  +0.0585  -0.3632  +0.5530  +0.7747
   5925    946863   156  +14.123    8654    125    156  +0.2573  +0.2713  +0.6464  +0.7326
   5926    947019   156  +12.638    8860    125    218  +0.2773  +0.3256  +0.5898  +0.7730
   5927    947180   161  +10.254    8152    111     96  +0.2561  +0.1396  +0.6434  +0.8413
   5928    947342   162  +15.512    9706    123    182  +0.4359  +0.5476  +0.6700  +0.9691
   5929    947506   164  +10.593    7407    100     88  +0.2079  -0.0559  +0.7836  +0.8555
   5930    947667   161  +14.850    9764    134    164  +0.3862  +0.5628  +0.6061  +0.8237
   5931    947829   162  +12.717    8977    128    172  +0.2800  +0.3562  +0.5191  +0.7544
   5932    947983   154  +15.843    9115    116    195  +0.4019  +0.3924  +0.9073  +0.9635
   5933    948147   164   +9.766    7475    105    142  +0.1603  -0.0381  +0.5616  +0.7842
   5934    948312   165   +9.173    7608    123    161  +0.0578  -0.0033  +0.2550  +0.5508
   5935    948474   162  +11.956    8269    108     91  +0.3017  +0.1704  +0.7623  +0.9051
   5936    948628   154  +11.320    7215     92    164  +0.2303  -0.1062  +0.7964  +0.9608
   5937    948792   164  +12.079    7674     99    185  +0.2368  +0.0143  +0.6768  +0.9300
   5938    948946   154  +10.405    6318     75    100  +0.2093  -0.3417  +0.9591  +1.0000
   5939    949101   155  +13.466    8351    104    155  +0.3250  +0.1919  +0.6649  +1.0000
   5940    949258   157  +12.048    7595     97    157  +0.2440  -0.0065  +0.6933  +0.9491
   5941    949413   155   +9.810    6162     73     78  +0.2036  -0.3827  +0.9935  +1.0000
   5942    949572   159  +11.103    8156    111    152  +0.2423  +0.1406  +0.6097  +0.8298
   5943    949741   169  +10.929    8051    113    164  +0.2024  +0.1131  +0.4822  +0.7834
   5944    949906   165  +13.091    8311    111    134  +0.2907  +0.1813  +0.7743  +0.8742
   5945    950066   160  +10.035    7367    111    228  +0.0841  -0.0664  +0.4203  +0.6649
   5946    950226   160   +8.319    6573     89     87  +0.1439  -0.2749  +0.7762  +0.8493
   5947    950386   160  +13.293    9528    134    162  +0.3497  +0.5008  +0.6013  +0.7819
   5948    950548   162   +5.131    7185    131    142  -0.0737  -0.1142  -0.0705  +0.3725
   5949    950711   163   +9.980    7999    123    178  +0.1219  +0.0994  +0.2786  +0.6302
   5950    950873   162  +12.250    9032    124    113  +0.3200  +0.3707  +0.5674  +0.8201
   5951    951030   157  +12.541    7901    105    184  +0.2470  +0.0737  +0.7258  +0.8880
   5952    951191   161   +7.384    7543    113     72  +0.1390  -0.0202  +0.6055  +0.6690
   5953    951354   163  +12.131    8251    110    198  +0.2538  +0.1657  +0.5230  +0.8777
   5954    951511   157  +13.447    9444    129    150  +0.3692  +0.4787  +0.6808  +0.8331
   5955    951666   155  +11.749    7500     97    130  +0.2520  -0.0314  +0.8558  +0.9383
   5956    951825   159  +16.341    9312    116    208  +0.4132  +0.4441  +0.7276  +1.0000
   5957    951986   161  +12.197    8165    108    169  +0.2735  +0.1429  +0.7265  +0.8887
   5958    952150   164  +13.079    7735     97    137  +0.2782  +0.0302  +0.6989  +0.9988
   5959    952304   154  +13.380    9024    122    169  +0.3445  +0.3685  +0.7630  +0.8556
   5960    952464   160  +11.882    7986    101    114  +0.2927  +0.0961  +0.7321  +0.9703
   5961    952621   157   +7.536    7331    117    137  +0.0447  -0.0757  +0.2859  +0.5687
   5962    952780   159  +11.069    8558    137    252  +0.1422  +0.2461  +0.3005  +0.5605
   5963    952935   155  +13.853    8415    108    178  +0.3145  +0.2087  +0.7258  +0.9433
   5964    953096   161  +15.795    9991    133    150  +0.4368  +0.6224  +0.7078  +0.8746
   5965    953250   154  +13.829    9989    146    233  +0.3617  +0.6218  +0.6185  +0.7149
   5966    953414   164  +12.772    8101    110    169  +0.2489  +0.1261  +0.7143  +0.8386
   5967    953572   158  +10.670    7825    110    180  +0.1805  +0.0539  +0.4820  +0.7859
   5968    953731   159  +11.976    7982    102    152  +0.2822  +0.0950  +0.7180  +0.9581
   5969    953892   161   +8.687    7421    110    128  +0.1209  -0.0523  +0.5245  +0.6918
   5970    954053   161  +10.602    7379     99    128  +0.1983  -0.0632  +0.7011  +0.8683
   5971    954210   157  +13.018    9086    124    152  +0.3301  +0.3847  +0.6325  +0.8297
   5972    954372   162  +12.294    8623    114    121  +0.3133  +0.2633  +0.6554  +0.8860
   5973    954536   164  +14.737    8946    116    148  +0.3536  +0.3480  +0.6484  +0.9279
   5974    954697   161  +14.109    8373    105    162  +0.3335  +0.1977  +0.7376  +1.0000
   5975    954862   165  +11.081    6020     72    129  +0.1749  -0.4198  +0.8814  +1.0000
   5976    955024   162  +11.471    7692    102    146  +0.2300  +0.0190  +0.7439  +0.8758
   5977    955184   160  +11.869    8726    121    139  +0.2867  +0.2903  +0.6059  +0.8034
   5978    955342   158  +11.951    8528    122    217  +0.2321  +0.2383  +0.5323  +0.7473
   5979    955506   164  +12.916    7758     95    131  +0.2862  +0.0361  +0.7237  +1.0000
   5980    955670   164  +10.672    8219    114    164  +0.2232  +0.1572  +0.4998  +0.7940
   5981    955830   160  +15.237    8595    108    251  +0.3532  +0.2559  +0.8487  +0.9968
   5982    955989   159  +13.477    7842     92    160  +0.3082  +0.0583  +0.8529  +1.0000
   5983    956147   158  +14.004    9229    122    139  +0.3763  +0.4223  +0.7437  +0.8882
   5984    956292   145  +12.149    9006    127    142  +0.2946  +0.3638  +0.5547  +0.7682
   5985    956452   160   +0.476    5287    109    119  -0.3118  -0.6124  -0.1745  +0.2121
   5986    956622   170   +9.765    7456    110    163  +0.1163  -0.0429  +0.5018  +0.6879
   5987    956781   159  +12.932    8764    122    167  +0.2816  +0.3003  +0.5593  +0.8017
   5988    956939   158  +10.435    6996     90    115  +0.2060  -0.1639  +0.6933  +0.9520
   5989    957103   164  +13.404    8361    110    162  +0.2884  +0.1946  +0.6366  +0.9032
   5990    957260   157   +9.949    7349    112    224  +0.0639  -0.0710  +0.2943  +0.6463
   5991    957418   158  +12.148    8003    104    130  +0.2707  +0.1006  +0.7107  +0.9141
   5992    957580   162  +11.679    8729    130    158  +0.2133  +0.2910  +0.3520  +0.6723
   5993    957737   157   +9.067    7278    102     94  +0.1424  -0.0897  +0.5371  +0.7752
   5994    957892   155  +11.757    9560    142    145  +0.3288  +0.5092  +0.6913  +0.6826
   5995    958059   167   +7.698    7329    123    254  -0.0207  -0.0764  +0.0610  +0.4866
   5996    958214   155  +12.098    7861    101    182  +0.2548  +0.0633  +0.6603  +0.9385
   5997    958374   160  +10.015    7382     95     98  +0.2290  -0.0625  +0.6715  +0.9391
   5998    958535   161  +11.852    8352    114    179  +0.2615  +0.1920  +0.6260  +0.8378
   5999    958689   154  +13.649    7912     97    143  +0.3183  +0.0768  +0.9443  +1.0000
   6000    958849   160  +15.002   10403    145    185  +0.4375  +0.7304  +0.6455  +0.7985

  ── rolling mean (last 100 ep) ──  cum_R=+11.870  yield=8137 kg/ha  N=111  W=159 mm  R_seas=+0.2462  R_ane=+0.8338

   6001    959010   161  +13.139    8530    114    143  +0.3055  +0.2387  +0.7234  +0.8765
   6002    959169   159  +11.950    7366     90    146  +0.2675  -0.0666  +0.8364  +1.0000
   6003    959330   161   +7.322    7878    132    151  +0.0636  +0.0676  +0.2590  +0.4918
   6004    959494   164  +14.600    9204    122    180  +0.3640  +0.4159  +0.7063  +0.8842
   6005    959652   158   +8.232    8551    141    139  +0.1306  +0.2444  +0.2014  +0.5190
   6006    959817   165  +12.795    8222    108    128  +0.2913  +0.1580  +0.7499  +0.9039
   6007    959980   163  +13.242    7619    101    159  +0.2257  -0.0001  +0.7194  +0.8939
   6008    960137   157   +6.444    6417     95     88  +0.0403  -0.3156  +0.5058  +0.6951
   6009    960300   163  +12.532    8716    118    173  +0.2966  +0.2876  +0.6107  +0.8446
   6010    960459   159  +14.247    8112    106    242  +0.2817  +0.1292  +0.8344  +0.9205
   6011    960617   158  +11.802    6972     87    172  +0.2257  -0.1702  +0.7769  +1.0000
   6012    960780   163  +14.293    9075    121    166  +0.3455  +0.3818  +0.6603  +0.8733
   6013    960938   158  +14.087    7901     94    180  +0.2969  +0.0737  +0.7406  +1.0000
   6014    961102   164  +12.611    8334    112    144  +0.2953  +0.1874  +0.8515  +0.8625
   6015    961260   158  +13.174    8209    103    128  +0.3349  +0.1545  +0.9015  +0.9889
   6016    961418   158  +11.887    7334     97    168  +0.1956  -0.0750  +0.6395  +0.8956
   6017    961578   160  +10.302    8540    125    116  +0.2451  +0.2415  +0.6478  +0.7135
   6018    961739   161  +12.609    7996    101    172  +0.2774  +0.0987  +0.6365  +0.9711
   6019    961898   159  +13.954    9388    130    205  +0.3571  +0.4641  +0.7545  +0.8109
   6020    962053   155  +12.340    7459     95    184  +0.2368  -0.0424  +0.7085  +0.9603
   6021    962215   162  +13.843    9251    128    128  +0.3408  +0.4280  +0.6614  +0.8007
   6022    962373   158  +14.793    8133    101    222  +0.3134  +0.1346  +0.8288  +1.0000
   6023    962539   166  +14.795    8301    103    193  +0.3240  +0.1787  +0.7463  +1.0000
   6024    962704   165  +11.710    7908    102    150  +0.2623  +0.0755  +0.6344  +0.9441
   6025    962867   163  +10.585    8074    117     90  +0.2186  +0.1193  +0.7297  +0.7276
   6026    963023   156  +13.760    8599    109    121  +0.3597  +0.2570  +0.8250  +0.9765
   6027    963181   158  +14.840    8623    104    172  +0.3616  +0.2632  +0.8015  +1.0000
   6028    963339   158  +11.604    7588     97    186  +0.2453  -0.0084  +0.7098  +0.9579
   6029    963496   157  +11.163    7826    108    128  +0.2132  +0.0542  +0.6359  +0.8172
   6030    963656   160  +15.153    8917    113    224  +0.3623  +0.3403  +0.7060  +0.9701
   6031    963814   158  +15.613    8341     98    196  +0.3461  +0.1892  +0.9089  +1.0000
   6032    963977   163   +9.045    6341     90    188  +0.0585  -0.3356  +0.5367  +0.7719
   6033    964138   161  +14.260    9112    118    164  +0.3659  +0.3916  +0.6545  +0.9232
   6034    964291   153  +14.339    9222    120    130  +0.4038  +0.4206  +0.8856  +0.9245
   6035    964461   170  +14.268    8200    103    127  +0.3136  +0.1521  +0.7014  +0.9870
   6036    964619   158   +9.559    7200    105    230  +0.0874  -0.1103  +0.4122  +0.7210
   6037    964783   164  +10.823    8484    122    116  +0.2522  +0.2268  +0.6693  +0.7425
   6038    964942   159   +9.428    5940     77     98  +0.1381  -0.4409  +0.8382  +0.9363
   6039    965103   161   +9.577    7390    108    143  +0.1302  -0.0604  +0.6051  +0.7087
   6040    965261   158  +11.421    7185     94    160  +0.1957  -0.1143  +0.7069  +0.9037
   6041    965424   163  +10.722    8352    122     84  +0.2306  +0.1921  +0.6403  +0.7126
   6042    965587   163  +11.046    7323     95     98  +0.2333  -0.0781  +0.8097  +0.9269
   6043    965754   167  +11.659    8152    115    142  +0.2077  +0.1396  +0.4523  +0.7732
   6044    965911   157   +8.592    7462    118    200  +0.0693  -0.0414  +0.4333  +0.5844
   6045    966077   166  +14.678    8852    112    198  +0.3587  +0.3232  +0.6558  +0.9821
   6046    966238   161  +11.325    8220    114     96  +0.2569  +0.1575  +0.6963  +0.8107
   6047    966395   157  +12.387    7768    104    117  +0.2316  +0.0388  +0.6793  +0.8690
   6048    966554   159  +10.701    7660    105    182  +0.1851  +0.0104  +0.5532  +0.8229
   6049    966713   159  +12.137    7859    104    163  +0.2476  +0.0626  +0.7592  +0.8837
   6050    966878   165  +11.257    8562    122    128  +0.2579  +0.2472  +0.6055  +0.7606
   6051    967037   159  +13.385    7970    104    187  +0.2803  +0.0919  +0.9052  +0.9146
   6052    967203   166  +12.891    8728    117    147  +0.3102  +0.2909  +0.6562  +0.8584
   6053    967361   158  +11.209    6880     88    145  +0.1914  -0.1942  +0.6897  +0.9469
   6054    967518   157  +11.658    7336     94    119  +0.2476  -0.0746  +0.9004  +0.9430
   6055    967676   158  +10.721    7310    101    153  +0.1495  -0.0814  +0.5118  +0.8146
   6056    967842   166  +11.827    7676    101    178  +0.2347  +0.0146  +0.7834  +0.8932
   6057    968001   159  +13.597    8752    114    180  +0.3333  +0.2971  +0.6967  +0.9180
   6058    968158   157  +11.055    7888    105    144  +0.2404  +0.0704  +0.6555  +0.8784
   6059    968323   165  +12.610    8359    110    158  +0.2828  +0.1939  +0.6169  +0.8921
   6060    968473   150  +12.390    7581     96    139  +0.2700  -0.0103  +0.8149  +0.9795
   6061    968632   159  +10.185    7946    118    187  +0.1645  +0.0856  +0.5621  +0.6880
   6062    968791   159  +11.525    8904    131    144  +0.2486  +0.3371  +0.4404  +0.6967
   6063    968952   161  +12.759    8506    118    158  +0.2787  +0.2326  +0.7278  +0.8096
   6064    969107   155  +14.895    8313    101    169  +0.3467  +0.1819  +0.9338  +1.0000
   6065    969264   157   +9.085    7648    109    145  +0.1659  +0.0073  +0.5460  +0.7606
   6066    969427   163  +12.208    9122    129    150  +0.3174  +0.3943  +0.6846  +0.7683
   6067    969591   164  +15.034    8823    112    169  +0.3624  +0.3157  +0.7528  +0.9628
   6068    969757   166  +10.256    7804    105     79  +0.2473  +0.0482  +0.7880  +0.8604
   6069    969918   161  +10.884    7382    106    243  +0.1075  -0.0624  +0.3707  +0.7469
   6070    970069   151  +14.157    8753    115    205  +0.3401  +0.2974  +0.8284  +0.9079
   6071    970234   165  +12.138    8632    115    159  +0.3046  +0.2657  +0.6497  +0.8732
   6072    970390   156  +15.344    9114    115    236  +0.3793  +0.3922  +0.6722  +0.9804
   6073    970550   160  +11.720    7675    103    206  +0.2161  +0.0143  +0.7460  +0.8605
   6074    970711   161  +11.995    8378    112    129  +0.2864  +0.1990  +0.6589  +0.8751
   6075    970868   157  +13.760    7448     92    171  +0.2831  -0.0452  +0.9864  +1.0000
   6076    971023   155   +9.508    7941    120    151  +0.1568  +0.0842  +0.5489  +0.6586
   6077    971184   161  +13.046    7722    100    208  +0.2515  +0.0268  +0.8363  +0.9240
   6078    971344   160  +13.783    8527    110    215  +0.3162  +0.2381  +0.7340  +0.9293
   6079    971493   149  +14.285    8284    101    197  +0.3295  +0.1742  +0.8214  +1.0000
   6080    971652   159  +13.056    7940     97    182  +0.2951  +0.0839  +0.7382  +1.0000
   6081    971813   161  +12.720    8042    103    145  +0.2891  +0.1108  +0.7454  +0.9519
   6082    971971   158  +14.703    8188     99    175  +0.3335  +0.1491  +0.9098  +1.0000
   6083    972127   156  +13.023    7926    107    189  +0.2380  +0.0804  +0.7236  +0.8578
   6084    972284   157  +13.794    8757    122    226  +0.2721  +0.2985  +0.5563  +0.7975
   6085    972439   155  +12.203    8098    110    147  +0.2520  +0.1255  +0.6844  +0.8496
   6086    972594   155  +13.339    8388    107    222  +0.3138  +0.2017  +0.7586  +0.9542
   6087    972754   160  +11.945    8705    118    134  +0.3117  +0.2849  +0.7110  +0.8486
   6088    972910   156  +11.395    9132    129    133  +0.3102  +0.3968  +0.5977  +0.7642
   6089    973071   161  +14.545    8286     99    204  +0.3211  +0.1748  +0.7336  +1.0000
   6090    973230   159  +10.191    7351    106    194  +0.1167  -0.0707  +0.4623  +0.7389
   6091    973391   161  +12.902    9132    127    110  +0.3259  +0.3967  +0.6283  +0.7925
   6092    973551   160  +13.346    7598     96    162  +0.2649  -0.0057  +0.7885  +0.9772
   6093    973709   158  +11.562    8594    121    151  +0.2592  +0.2556  +0.5771  +0.7716
   6094    973873   164   +8.692    6169     83    151  +0.0863  -0.3810  +0.5336  +0.8588
   6095    974036   163  +12.936    9296    129    116  +0.3458  +0.4399  +0.6383  +0.8057
   6096    974193   157  +10.834    7279     99    163  +0.1777  -0.0894  +0.7179  +0.8429
   6097    974350   157  +14.287    8988    116    155  +0.3696  +0.3592  +0.7158  +0.9456
   6098    974509   159  +13.429    7828     96    158  +0.2907  +0.0545  +0.7566  +1.0000
   6099    974665   156  +13.834    8919    116    172  +0.3420  +0.3410  +0.6242  +0.9170
   6100    974820   155   +6.356    6949    115    178  -0.0300  -0.1760  +0.1557  +0.5069

  ── rolling mean (last 100 ep) ──  cum_R=+12.236  yield=8096 kg/ha  N=109  W=161 mm  R_seas=+0.2578  R_ane=+0.8657

   6101    974985   165  +14.259    9202    122    138  +0.3562  +0.4152  +0.5783  +0.8843
   6102    975144   159  +11.102    7689    101    119  +0.2434  +0.0181  +0.7451  +0.9053
   6103    975306   162  +11.917    7872    105    101  +0.2606  +0.0661  +0.8086  +0.8821
   6104    975463   157  +15.068    8792    110    170  +0.3823  +0.3076  +0.8582  +0.9978
   6105    975623   160  +12.189    8271    105    110  +0.3211  +0.1710  +0.7666  +0.9654
   6106    975789   166   +8.447    7031    101    113  +0.1026  -0.1547  +0.5003  +0.7435
   6107    975953   164  +13.351    8404    106    136  +0.3201  +0.2059  +0.6024  +0.9831
   6108    976114   161  +12.717    7166     86    188  +0.2561  -0.1190  +0.9148  +1.0000
   6109    976270   156   +8.626    8157    126    157  +0.1398  +0.1409  +0.3129  +0.6229
   6110    976434   164  +15.207    8536    106    185  +0.3358  +0.2404  +0.6392  +1.0000
   6111    976590   156  +14.903    9372    120    138  +0.4099  +0.4598  +0.6966  +0.9594
   6112    976752   162  +12.279    7885    103    206  +0.2510  +0.0695  +0.6907  +0.9210
   6113    976910   158  +12.961    8152    103    165  +0.2985  +0.1396  +0.6827  +0.9748
   6114    977073   163  +13.786    8368    105    158  +0.3339  +0.1964  +0.7889  +0.9866
   6115    977238   165  +13.502    8290    109    217  +0.2780  +0.1759  +0.6504  +0.9070
   6116    977392   154  +11.467    7130     92     91  +0.2473  -0.1286  +1.0000  +0.9469
   6117    977555   163  +15.155    8986    113    212  +0.3805  +0.3586  +0.7306  +0.9923
   6118    977718   163  +12.850    8371    111    162  +0.2800  +0.1971  +0.5798  +0.8926
   6119    977878   160  +14.741    8970    116    244  +0.3512  +0.3543  +0.6927  +0.9351
   6120    978037   159  +13.999    8403    106    207  +0.3184  +0.2055  +0.6880  +0.9788
   6121    978197   160  +12.449    8423    119    193  +0.2222  +0.2107  +0.4067  +0.7743
   6122    978357   160  +11.397    7868    106    135  +0.2208  +0.0651  +0.5577  +0.8526
   6123    978515   158  +11.172    8000    105    169  +0.2566  +0.0998  +0.6548  +0.9041
   6124    978673   158  +13.764    8497    106    199  +0.3363  +0.2301  +0.6964  +1.0000
   6125    978833   160  +13.680    7924     96    125  +0.3115  +0.0798  +0.8356  +1.0000
   6126    978990   157  +14.837    8976    114    225  +0.3692  +0.3559  +0.7088  +0.9735
   6127    979147   157  +12.332    8344    111    188  +0.2826  +0.1900  +0.6913  +0.8841
   6128    979302   155  +10.711    6792     86    125  +0.2106  -0.2173  +0.8351  +0.9682
   6129    979458   156  +11.730    7638     99    132  +0.2473  +0.0048  +0.7503  +0.9285
   6130    979613   155  +12.524    8320    108    180  +0.3010  +0.1838  +0.7138  +0.9338
   6131    979768   155  +13.582    8866    114    176  +0.3569  +0.3271  +0.7483  +0.9393
   6132    979924   156  +14.169    8725    110    146  +0.3577  +0.2899  +0.7074  +0.9802
   6133    980078   154  +10.719    8471    126    204  +0.1937  +0.2233  +0.4312  +0.6768
   6134    980239   161  +14.917    8754    106    169  +0.3635  +0.2975  +0.6965  +1.0000
   6135    980406   167  +11.846    8528    113    122  +0.2982  +0.2384  +0.6088  +0.8813
   6136    980567   161  +14.329    9020    114    178  +0.3773  +0.3675  +0.7039  +0.9703
   6137    980725   158  +12.715    7874    100    165  +0.2881  +0.0666  +0.8213  +0.9768
   6138    980888   163  +15.049    7527     88    183  +0.2964  -0.0245  +1.0000  +1.0000
   6139    981045   157   +9.596    7946    116    110  +0.1699  +0.0856  +0.4447  +0.7106
   6140    981207   162  +11.722    9074    132    121  +0.2966  +0.3815  +0.6540  +0.7206
   6141    981369   162  +14.001    8585    107    126  +0.3551  +0.2532  +0.7160  +1.0000
   6142    981526   157  +11.973    8982    128    151  +0.2823  +0.3576  +0.5218  +0.7517
   6143    981683   157  +13.563    7520     90    204  +0.2694  -0.0262  +0.7852  +1.0000
   6144    981837   154  +13.963    7658     93    175  +0.2998  +0.0098  +0.9726  +1.0000
   6145    981994   157  +10.028    8730    131    172  +0.1985  +0.2914  +0.2574  +0.6613
   6146    982149   155  +10.284    8153    118    117  +0.2032  +0.1400  +0.5483  +0.7240
   6147    982310   161  +10.000    6105     81    191  +0.1068  -0.3976  +0.7100  +0.8885
   6148    982473   163  +11.232    8285    116    150  +0.2403  +0.1746  +0.6191  +0.7868
   6149    982634   161  +12.211    7848    100     91  +0.2950  +0.0597  +0.8393  +0.9724
   6150    982800   166  +13.726    8694    112    162  +0.3403  +0.2819  +0.7005  +0.9455
   6151    982964   164  +14.562    8428    101    179  +0.3384  +0.2120  +0.7568  +1.0000
   6152    983123   159  +15.972    9435    119    222  +0.4112  +0.4764  +0.6724  +0.9824
   6153    983285   162  +14.852    9277    116    147  +0.4142  +0.4349  +0.7120  +0.9954
   6154    983445   160  +13.355    8731    114    184  +0.3363  +0.2915  +0.7576  +0.9159
   6155    983604   159  +14.868    8657    104    193  +0.3568  +0.2722  +0.7466  +1.0000
   6156    983766   162  +14.254    8276    102    159  +0.3195  +0.1721  +0.6833  +1.0000
   6157    983921   155  +12.341    8996    123    114  +0.3336  +0.3611  +0.7092  +0.8284
   6158    984084   163   +6.780    6446     98    134  +0.0013  -0.3080  +0.4017  +0.6368
   6159    984248   164  +13.984    8676    112    176  +0.3257  +0.2773  +0.5883  +0.9454
   6160    984408   160  +12.416    8634    116    104  +0.3138  +0.2662  +0.7377  +0.8555
   6161    984573   165  +14.402    8607    106    258  +0.3312  +0.2590  +0.6146  +1.0000
   6162    984734   161  +11.645    9014    138    227  +0.2295  +0.3659  +0.4844  +0.6291
   6163    984894   160  +12.426    8937    123    143  +0.2986  +0.3456  +0.5068  +0.8120
   6164    985061   167  +14.592    8621    107    198  +0.3291  +0.2628  +0.5083  +1.0000
   6165    985223   162   +5.235    7753    142    135  -0.0150  +0.0350  +0.0210  +0.3625
   6166    985385   162  +12.335    7308     93    215  +0.2226  -0.0820  +0.7344  +0.9555
   6167    985545   160  +10.603    7500    101    133  +0.2086  -0.0316  +0.7783  +0.8509
   6168    985699   154  +12.552    8999    131    150  +0.2702  +0.3620  +0.4903  +0.7215
   6169    985856   157  +14.808    9498    125    191  +0.3971  +0.4928  +0.7341  +0.8975
   6170    986018   162   +9.415    7503    113    126  +0.1067  -0.0307  +0.4023  +0.6638
   6171    986182   164  +12.750    8261    102    134  +0.3139  +0.1683  +0.6105  +1.0000
   6172    986346   164  +12.748    7247     92    123  +0.2470  -0.0979  +0.8295  +0.9758
   6173    986511   165  +11.409    8572    123    110  +0.2470  +0.2499  +0.5137  +0.7468
   6174    986668   157   +7.243    7065    119    184  -0.0150  -0.1457  +0.2967  +0.4814
   6175    986825   157  +11.210    8033    109    145  +0.2351  +0.1083  +0.5928  +0.8438
   6176    986984   159  +13.273    8020    106    183  +0.2695  +0.1049  +0.8160  +0.8947
   6177    987146   162  +12.250    8033    104    142  +0.2751  +0.1084  +0.6596  +0.9378
   6178    987309   163  +14.068    8919    117    159  +0.3463  +0.3409  +0.6924  +0.9054
   6179    987470   161  +11.885    9014    123    110  +0.3375  +0.3659  +0.7376  +0.8255
   6180    987629   159  +11.629    8139    104    147  +0.2829  +0.1361  +0.6065  +0.9491
   6181    987789   160   +9.369    6996     94    124  +0.1514  -0.1638  +0.5644  +0.8548
   6182    987946   157  +10.464    7757    113    190  +0.1409  +0.0359  +0.3844  +0.7221
   6183    988110   164  +12.612    8708    114    184  +0.3064  +0.2856  +0.4931  +0.9123
   6184    988266   156  +13.078    7710     94    207  +0.2829  +0.0236  +0.8160  +1.0000
   6185    988418   152  +13.258    8754    118    214  +0.2975  +0.2978  +0.5838  +0.8587
   6186    988577   159  +12.428    8698    123    196  +0.2631  +0.2828  +0.5720  +0.7727
   6187    988736   159  +13.820    9458    125    186  +0.3810  +0.4823  +0.6138  +0.8948
   6188    988900   164  +10.512    7128     95    150  +0.1610  -0.1291  +0.5062  +0.8760
   6189    989064   164   +8.988    8221    124    113  +0.1904  +0.1578  +0.6048  +0.6519
   6190    989224   160  +13.474    9218    117    156  +0.3985  +0.4194  +0.6929  +0.9747
   6191    989384   160  +17.012   10432    134    256  +0.4871  +0.7381  +0.6655  +0.9512
   6192    989545   161  +10.569    7191     97    161  +0.1686  -0.1126  +0.6752  +0.8461
   6193    989704   159  +11.488    8776    123    146  +0.2961  +0.3035  +0.7442  +0.7798
   6194    989860   156  +13.466    7620     98    200  +0.2494  -0.0000  +0.7694  +0.9518
   6195    990025   165  +10.217    8883    144    181  +0.1718  +0.3315  +0.2673  +0.5449
   6196    990192   167  +10.875    7627    102    148  +0.2158  +0.0019  +0.6650  +0.8755
   6197    990348   156  +12.699    7319     91    145  +0.2673  -0.0790  +0.8996  +1.0000
   6198    990509   161  +12.301    8256    108    156  +0.2996  +0.1671  +0.7987  +0.9142
   6199    990667   158  +10.313    8466    126    123  +0.2227  +0.2220  +0.6091  +0.6824
   6200    990821   154  +11.621    7593     99    138  +0.2485  -0.0071  +0.8443  +0.9189

  ── rolling mean (last 100 ep) ──  cum_R=+12.412  yield=8266 kg/ha  N=110  W=162 mm  R_seas=+0.2748  R_ane=+0.8788

   6201    990976   155  +11.769    8203    110    144  +0.2688  +0.1531  +0.7243  +0.8574
   6202    991133   157  +12.989    7845    100    196  +0.2734  +0.0590  +0.8223  +0.9546
   6203    991298   165  +15.435    9585    122    198  +0.4160  +0.5157  +0.6137  +0.9654
   6204    991461   163  +10.786    7982    106    175  +0.2316  +0.0950  +0.5054  +0.8823
   6205    991622   161  +11.862    9141    136    169  +0.2535  +0.3992  +0.3622  +0.6795
   6206    991787   165  +12.727    8258    106    173  +0.2902  +0.1674  +0.5926  +0.9519
   6207    991944   157  +12.222    8411    110    133  +0.3039  +0.2075  +0.6764  +0.9131
   6208    992102   158  +14.254    8993    112    189  +0.3760  +0.3605  +0.6248  +1.0000
   6209    992259   157  +12.783    7647     93    181  +0.2861  +0.0070  +0.8518  +1.0000
   6210    992419   160  +14.197    9758    134    237  +0.3599  +0.5613  +0.4448  +0.8212
   6211    992577   158  +12.734    8683    112    128  +0.3450  +0.2789  +0.7590  +0.9338
   6212    992740   163  +12.474    8764    120    103  +0.3157  +0.3002  +0.7498  +0.8230
   6213    992899   159  +12.857    8692    116    127  +0.3237  +0.2814  +0.7683  +0.8674
   6214    993054   155  +12.263    7786    101    197  +0.2570  +0.0435  +0.8075  +0.9275
   6215    993214   160  +10.556    7859    109    135  +0.1995  +0.0626  +0.5445  +0.7981
   6216    993375   161  +13.420    8336    107    131  +0.3172  +0.1880  +0.7574  +0.9471
   6217    993538   163   +7.140    7933    131     95  +0.1026  +0.0822  +0.4597  +0.5123
   6218    993701   163  +11.617    7602    101    123  +0.2317  -0.0047  +0.7939  +0.8819
   6219    993855   154  +12.848    8228    105    187  +0.3048  +0.1596  +0.7649  +0.9567
   6220    994009   154  +13.698    8682    110    202  +0.3475  +0.2786  +0.7521  +0.9684
   6221    994165   156  +12.462    8458    110    178  +0.3157  +0.2198  +0.7516  +0.9283
   6222    994318   153  +14.963    8085     99    222  +0.3049  +0.1220  +0.7733  +1.0000
   6223    994474   156  +13.598    7194     83    201  +0.2707  -0.1119  +1.0000  +1.0000
   6224    994635   161  +10.908    8414    118    161  +0.2426  +0.2085  +0.5660  +0.7779
   6225    994795   160  +11.789    7949    106    183  +0.2352  +0.0864  +0.5874  +0.8805
   6226    994955   160  +11.599    7417     92    168  +0.2412  -0.0533  +0.5934  +1.0000
   6227    995116   161  +15.106    9024    120    206  +0.3176  +0.3684  +0.4632  +0.8773
   6228    995271   155   +9.317    6748     91     73  +0.1570  -0.2289  +0.7592  +0.8502
   6229    995429   158  +15.744    9327    116    246  +0.4096  +0.4480  +0.7227  +1.0000
   6230    995585   156  +12.035    7929    108    214  +0.2097  +0.0810  +0.5490  +0.8345
   6231    995745   160  +11.420    7730     99    130  +0.2470  +0.0290  +0.6038  +0.9459
   6232    995908   163   +9.645    7563    114    188  +0.0850  -0.0149  +0.2352  +0.6550
   6233    996067   159  +13.226    8814    116    217  +0.3146  +0.3135  +0.5844  +0.8927
   6234    996225   158  +10.749    7660    104    185  +0.2022  +0.0105  +0.6903  +0.8334
   6235    996382   157  +11.516    7121     92    170  +0.2035  -0.1310  +0.7313  +0.9307
   6236    996538   156  +11.190    6713     83    192  +0.1880  -0.2382  +0.6016  +1.0000
   6237    996698   160  +10.687    8373    119    145  +0.2338  +0.1977  +0.5520  +0.7624
   6238    996858   160  +13.380    7866     98    130  +0.3015  +0.0645  +0.8121  +1.0000
   6239    997020   162  +12.607    9330    130    150  +0.3355  +0.4488  +0.5984  +0.7902
   6240    997187   167  +13.660    9018    119     99  +0.3455  +0.3670  +0.5770  +0.8893
   6241    997349   162  +13.680    8957    122    245  +0.3011  +0.3509  +0.5600  +0.8334
   6242    997510   161  +14.120    8920    115    190  +0.3569  +0.3411  +0.7135  +0.9401
   6243    997676   166  +10.660    8025    111     93  +0.2466  +0.1064  +0.7555  +0.8142
   6244    997841   165  +10.262    6894     92    146  +0.1502  -0.1904  +0.6132  +0.8642
   6245    997991   150   +6.547    7083    120    185  -0.0272  -0.1410  +0.1701  +0.4781
   6246    998147   156  +10.088    7684    106    139  +0.2170  +0.0168  +0.8023  +0.8216
   6247    998309   162  +14.237    9057    120    152  +0.3567  +0.3772  +0.7479  +0.8802
   6248    998464   155   +9.321    8458    128    138  +0.1848  +0.2200  +0.3592  +0.6525
   6249    998625   161  +12.880    8428    108    134  +0.3135  +0.2121  +0.6511  +0.9435
   6250    998781   156  +12.540    8673    113    180  +0.3163  +0.2764  +0.6188  +0.9122
   6251    998944   163   +3.862    6756    124     89  -0.1057  -0.2269  -0.0075  +0.3576
   6252    999099   155  +10.837    8352    115    146  +0.2521  +0.1920  +0.5626  +0.8175
   6253    999262   163  +13.740    8147    102    215  +0.2965  +0.1383  +0.6445  +0.9983
   6254    999421   159  +13.430    8537    109    128  +0.3384  +0.2407  +0.7202  +0.9646
   6255    999578   157  +14.573    8216     96    200  +0.3356  +0.1564  +0.8939  +1.0000
   6256    999737   159   +8.699    6794     98    123  +0.0957  -0.2167  +0.6364  +0.7407
   6257    999897   160  +11.391    6217     80    211  +0.1590  -0.3683  +0.9567  +0.9415
   6258   1000055   158  +12.358    8515    113    170  +0.3002  +0.2349  +0.7027  +0.8804
   6259   1000218   163  +14.138    8645    106    137  +0.3681  +0.2690  +0.8032  +1.0000
   6260   1000372   154  +15.146    8864    108    197  +0.3794  +0.3264  +0.7878  +1.0000
   6261   1000533   161  +12.390    8280    110    152  +0.2866  +0.1734  +0.7534  +0.8821
   6262   1000692   159  +11.359    7986    106    145  +0.2500  +0.0962  +0.6419  +0.8846
   6263   1000850   158   +8.937    7479    108     99  +0.1450  -0.0370  +0.5490  +0.7283
   6264   1001005   155  +11.665    8423    117    184  +0.2430  +0.2108  +0.5301  +0.7952
   6265   1001165   160  +10.869    7943    104    115  +0.2637  +0.0849  +0.6811  +0.9132
   6266   1001325   160  +12.456    8280    107    167  +0.2900  +0.1731  +0.6226  +0.9349
   6267   1001483   158   +9.130    7372    109    123  +0.1247  -0.0652  +0.5952  +0.6938
   6268   1001646   163  +11.878    7287     96    165  +0.2052  -0.0873  +0.7635  +0.8963
   6269   1001801   155   +7.928    7153    115    164  +0.0331  -0.1227  +0.3956  +0.5605
   6270   1001956   155  +14.503    8479    105    188  +0.3441  +0.2254  +0.7783  +1.0000
   6271   1002118   162  +14.238    8927    111    179  +0.3678  +0.3431  +0.5921  +1.0000
   6272   1002277   159  +16.027    9460    123    191  +0.3981  +0.4829  +0.7048  +0.9188
   6273   1002442   165  +14.276    9145    116    141  +0.3862  +0.4004  +0.6410  +0.9683
   6274   1002602   160   +8.084    6913     98    105  +0.0964  -0.1856  +0.4718  +0.7557
   6275   1002763   161   +6.184    6908    112    104  -0.0135  -0.1868  +0.1577  +0.5389
   6276   1002927   164  +12.621    7811    101    140  +0.2735  +0.0501  +0.8787  +0.9284
   6277   1003086   159  +11.703    7474     96    130  +0.2415  -0.0384  +0.7683  +0.9387
   6278   1003250   164  +10.580    8470    124    120  +0.2073  +0.2231  +0.3737  +0.7036
   6279   1003414   164  +11.354    7990    102    105  +0.2872  +0.0970  +0.6890  +0.9626

✓ Episode log  saved → /workspace/episode_log_nitrogen.csv
✓ Metrics log  saved → /workspace/training_metrics_nitrogen.csv

✓ Training complete in 103.8 min
✓ Model    saved → /tmp/ppo_min_nitrogen_1M.zip
✓ VecNorm  saved → /tmp/ppo_min_nitrogen_1M_vecnorm.pkl
/workspace/gym-dssat-pdi/gym_dssat_pdi_samples/04c_ppo_min_nitrogen.py:339: MatplotlibDeprecationWarning: savefig() got unexpected keyword argument "orientation" which is no longer supported as of 3.3 and will become an error two minor releases later
  plt.savefig(PLOT_TRAINING, dpi=120, bbox_inches='tight')
/workspace/gym-dssat-pdi/gym_dssat_pdi_samples/04c_ppo_min_nitrogen.py:339: MatplotlibDeprecationWarning: savefig() got unexpected keyword argument "dpi" which is no longer supported as of 3.3 and will become an error two minor releases later
  plt.savefig(PLOT_TRAINING, dpi=120, bbox_inches='tight')
/workspace/gym-dssat-pdi/gym_dssat_pdi_samples/04c_ppo_min_nitrogen.py:339: MatplotlibDeprecationWarning: savefig() got unexpected keyword argument "facecolor" which is no longer supported as of 3.3 and will become an error two minor releases later
  plt.savefig(PLOT_TRAINING, dpi=120, bbox_inches='tight')
/workspace/gym-dssat-pdi/gym_dssat_pdi_samples/04c_ppo_min_nitrogen.py:339: MatplotlibDeprecationWarning: savefig() got unexpected keyword argument "edgecolor" which is no longer supported as of 3.3 and will become an error two minor releases later
  plt.savefig(PLOT_TRAINING, dpi=120, bbox_inches='tight')
/workspace/gym-dssat-pdi/gym_dssat_pdi_samples/04c_ppo_min_nitrogen.py:339: MatplotlibDeprecationWarning: savefig() got unexpected keyword argument "bbox_inches_restore" which is no longer supported as of 3.3 and will become an error two minor releases later
  plt.savefig(PLOT_TRAINING, dpi=120, bbox_inches='tight')
✓ Training plot  saved → /workspace/plot_training_nitrogen.png
/workspace/gym-dssat-pdi/gym_dssat_pdi_samples/04c_ppo_min_nitrogen.py:374: MatplotlibDeprecationWarning: savefig() got unexpected keyword argument "orientation" which is no longer supported as of 3.3 and will become an error two minor releases later
  plt.savefig(PLOT_LOSSES, dpi=120, bbox_inches='tight')
/workspace/gym-dssat-pdi/gym_dssat_pdi_samples/04c_ppo_min_nitrogen.py:374: MatplotlibDeprecationWarning: savefig() got unexpected keyword argument "dpi" which is no longer supported as of 3.3 and will become an error two minor releases later
  plt.savefig(PLOT_LOSSES, dpi=120, bbox_inches='tight')
/workspace/gym-dssat-pdi/gym_dssat_pdi_samples/04c_ppo_min_nitrogen.py:374: MatplotlibDeprecationWarning: savefig() got unexpected keyword argument "facecolor" which is no longer supported as of 3.3 and will become an error two minor releases later
  plt.savefig(PLOT_LOSSES, dpi=120, bbox_inches='tight')
/workspace/gym-dssat-pdi/gym_dssat_pdi_samples/04c_ppo_min_nitrogen.py:374: MatplotlibDeprecationWarning: savefig() got unexpected keyword argument "edgecolor" which is no longer supported as of 3.3 and will become an error two minor releases later
  plt.savefig(PLOT_LOSSES, dpi=120, bbox_inches='tight')
/workspace/gym-dssat-pdi/gym_dssat_pdi_samples/04c_ppo_min_nitrogen.py:374: MatplotlibDeprecationWarning: savefig() got unexpected keyword argument "bbox_inches_restore" which is no longer supported as of 3.3 and will become an error two minor releases later
  plt.savefig(PLOT_LOSSES, dpi=120, bbox_inches='tight')
✓ Loss plot      saved → /workspace/plot_ppo_losses_nitrogen.png

==============================================================================
EVAL — 5 deterministic episodes  |  model: ppo_min_nitrogen_1M
==============================================================================

    ep    cum_R   yield      N      W   R_seas    R_yld   R_hiad    R_ane
  ----  -------  ------  -----  -----  -------  -------  -------  -------
     1   +0.593    7202     87    128  +0.2517  -0.1098  +0.7785  +1.0000
     2   +0.494    6358     82     91  +0.1640  -0.3314  +0.8061  +0.9303
     3   +0.701    8527    100    230  +0.3283  +0.2380  +0.6207  +1.0000
     4   +0.683    7564     89    208  +0.2674  -0.0147  +0.7246  +1.0000
     5   +0.650    7762     97    162  +0.2769  +0.0372  +0.6877  +1.0000

==============================================================================
  yield         mean=  7482  max=  8527  min=  6358  std=  710  kg/ha
  nitrogen      mean=    91  max=   100  min=    82  std=    6  kg/ha
  water         mean=   164  max=   230  min=    91  std=   51  mm
  R_seasonal    mean=+0.2577  R_yield=-0.0361  R_hiad=+0.7235  R_ane=+0.9861  R_penalty=+0.7359
  cum_R         mean=+0.6243  std=0.0749
==============================================================================

✓ Eval results saved → /workspace/eval_results_nitrogen.csv
