==============================================================================
SIMPLE PPO — CONFIGURATION
==============================================================================
  Environment
    mode                 all
    random_weather       True
    enable_faults        False
    dssat_seed           123

  PPO Hyperparameters
    total_timesteps      1,000,000
    n_steps              4,096
    batch_size           64
    n_epochs             10
    learning_rate        0.0003
    gamma                0.99
    gae_lambda           0.95
    clip_range           0.2
    ent_coef             0.01
    max_grad_norm        0.5
    device               cpu

  Normalisation (VecNormalize)
    norm_obs             True
    norm_reward          True
    clip_obs             5.0
    clip_reward          10.0

  Reward Weights (seasonal)
    W_yield              0.40
    W_hiad               0.10
    W_ane                0.30
    W_penalty            0.20
==============================================================================

==============================================================================
TRAINING — 1,000,000 timesteps  |  n_steps=4096
==============================================================================

  Episode log  → /workspace/episode_log_water.csv
  Metrics log  → /workspace/training_metrics_water.csv

     ep      step   len    cum_R   yield      N      W   R_seas    R_yld   R_hiad    R_ane
  -----  --------  ----  -------  ------  -----  -----  -------  -------  -------  -------
      1       161   161   +3.688    2298     58     80  -0.4871  -1.0000  -0.6051  -0.0120
      2       321   160   -3.223    3696     68     69  -0.3391  -1.0000  -0.4246  +0.3604
      3       482   161   -5.821    1627     52     66  -0.5579  -1.0000  -1.0000  -0.2138
      4       643   161   -5.396    2356     72     72  -0.5100  -1.0000  -0.4146  -0.1860
      5       800   157   -0.169    3992     64     69  -0.2138  -0.9523  +0.1201  +0.5532
      6       959   159   -3.403    3411     74     58  -0.3722  -1.0000  -0.3475  +0.1533
      7      1120   161   -3.541    1314     68     61  -0.6427  -1.0000  -1.0000  -0.5141
      8      1273   153   +2.880    2959     64     56  -0.3099  -1.0000  +0.1798  +0.1654
      9      1435   162   -6.393    1698     62     76  -0.6133  -1.0000  -1.0000  -0.3192
     10      1597   162   +3.594    4703     63     68  -0.0727  -0.7656  +0.0856  +0.8750
     11      1761   164   -3.774    2604     58     64  -0.4438  -1.0000  -0.9231  +0.1331
     12      1925   164   -5.050    1814     70     56  -0.5857  -1.0000  -1.0000  -0.3564
     13      2080   155   -7.526    1819     54     64  -0.5387  -1.0000  -1.0000  -0.1592
     14      2241   161   -2.566    1195     54     60  -0.6123  -1.0000  -0.9417  -0.4512
     15      2403   162   -3.243    3021     70     56  -0.3947  -1.0000  -0.3787  +0.0758
     16      2561   158   -2.636    3169     61     62  -0.3619  -1.0000  -0.6303  +0.3002
     17      2724   163   +1.109    4165     67     55  -0.1778  -0.9067  +0.0931  +0.5555
     18      2886   162   -5.539    2287     56     68  -0.4644  -1.0000  -0.6968  +0.0185
     19      3044   158   -5.539    2125     55     83  -0.5065  -1.0000  -0.6473  -0.0420
     20      3208   164   +1.977    4530     67     70  -0.1580  -0.8111  -0.0902  +0.6998
     21      3363   155   +1.333    4255     57     61  -0.0933  -0.8833  +0.0225  +0.8677
     22      3524   161   -0.585    4060     64     61  -0.2282  -0.9345  -0.3106  +0.5786
     23      3679   155   -5.591    3050     80     66  -0.4468  -1.0000  -0.2933  -0.0511
     24      3844   165   -1.149    3957     68     68  -0.2698  -0.9613  -0.1474  +0.4581
     25      3997   153   -6.242    2296     57     60  -0.4692  -1.0000  -0.8484  +0.0021
     26      4156   159   +2.712    4499     64     61  -0.0793  -0.8191  +0.3265  +0.7693
     27      4313   157   -3.133    3422     71     63  -0.3611  -1.0000  -0.3106  +0.2096
     28      4468   155   -2.578    2816     61     54  -0.3870  -1.0000  -0.5767  +0.1476
     29      4631   163   -1.624    3890     73     58  -0.3141  -0.9789  -0.3351  +0.3300
     30      4792   161   -4.896    2935     71     61  -0.4593  -1.0000  -0.7859  +0.0327
     31      4953   161   -1.744    3788     65     65  -0.2573  -1.0000  +0.0030  +0.4612
     32      5115   162   -4.458    2298     74     64  -0.5096  -1.0000  -0.4761  -0.2216
     33      5278   163   -3.875    1200     67     76  -0.6836  -1.0000  -1.0000  -0.5507
     34      5433   155   -3.874    2779     62     50  -0.3728  -1.0000  -0.4332  +0.1211
     35      5590   157   +1.447    3942     58     48  -0.1041  -0.9652  +0.3617  +0.7036
     36      5745   155   -4.628     914     81     52  -0.6903  -1.0000  -1.0000  -0.7165
     37      5906   161   -3.156    2474     64     61  -0.3915  -1.0000  +0.0435  -0.0266
     38      6075   169   -0.297    1378     58     64  -0.5544  -1.0000  -0.4285  -0.4005
     39      6234   159   -2.871    2976     62     59  -0.3311  -1.0000  -0.0832  +0.2028
     40      6391   157   -6.007    2268     70     56  -0.5233  -1.0000  -0.8704  -0.1925
     41      6551   160   -1.488    4098     73     66  -0.2614  -0.9244  -0.0244  +0.4048
     42      6711   160   -2.499    3459     62     63  -0.3130  -1.0000  -0.3822  +0.3882
     43      6866   155   -0.823    3803     59     58  -0.2250  -1.0000  -0.2527  +0.6054
     44      7029   163   +2.303    4908     75     64  -0.0965  -0.7119  +0.3815  +0.6309
     45      7189   160   -2.539    3200     62     66  -0.3156  -1.0000  -0.0451  +0.2863
     46      7350   161   -5.495    2078     61     53  -0.4773  -1.0000  -0.6109  -0.1482
     47      7514   164   -3.967    2815     65     55  -0.3908  -1.0000  -0.3822  +0.0800
     48      7674   160   -0.089    3938     66     62  -0.2513  -0.9665  -0.1435  +0.4829
     49      7838   164   -4.327    3094     69     73  -0.4362  -1.0000  -0.6172  +0.1268
     50      8003   165   +0.475    4407     69     61  -0.1645  -0.8434  +0.0467  +0.6040
     51      8161   158   -3.384    2854     56     71  -0.3824  -1.0000  -0.5983  +0.2756
     52      8317   156   -3.862    2598     48     77  -0.3544  -1.0000  -0.4589  +0.3559
     53      8477   160   -6.524    2132     68     56  -0.5398  -1.0000  -0.9508  -0.2223
     54      8637   160   -4.779     979     59     73  -0.6852  -1.0000  -1.0000  -0.5835
     55      8802   165   -0.571    3978     66     67  -0.2615  -0.9558  -0.2293  +0.5030
     56      8958   156   -6.137    1909     61     52  -0.5291  -1.0000  -0.9434  -0.2177
     57      9118   160   +0.456    3994     62     55  -0.1881  -0.9517  -0.1032  +0.6201
     58      9278   160   -3.977    1710     78     39  -0.5683  -1.0000  -0.8372  -0.4549
     59      9440   162   -4.855    1612     50     61  -0.5412  -1.0000  -1.0000  -0.1912
     60      9603   163   -6.012    2542     76     79  -0.5625  -1.0000  -0.8578  -0.1681
     61      9763   160   -0.763    3608     60     41  -0.2317  -1.0000  -0.3609  +0.5071
     62      9922   159   -5.043    1846     56     38  -0.4948  -1.0000  -1.0000  -0.1837
     63     10085   163   -4.650    2554     58     61  -0.4186  -1.0000  -0.6126  +0.0972
     64     10247   162   -1.670    3386     67     61  -0.2115  -1.0000  +0.9782  +0.2662
     65     10405   158   +1.294    3945     60     45  -0.1136  -0.9646  +0.4033  +0.6410
     66     10565   160   -3.031    2988     55     63  -0.3526  -1.0000  -0.7026  +0.3553
     67     10725   160   +4.231    3498     60     55  -0.1501  -1.0000  +0.8652  +0.4623
     68     10884   159   -4.924    2416     55     84  -0.4881  -1.0000  -0.8909  +0.1043
     69     11043   159   +4.907    4804     62     60  +0.0076  -0.7392  +0.4591  +0.9379
     70     11201   158   -5.707    1856     73     51  -0.5555  -1.0000  -0.7692  -0.3615
     71     11362   161   -5.863    1697     52     73  -0.5663  -1.0000  -1.0000  -0.1906
     72     11521   159   -5.687    2485     65     75  -0.4976  -1.0000  -0.6948  -0.0387
     73     11680   159   -4.212     990     62     84  -0.7141  -1.0000  -1.0000  -0.6037
     74     11838   158   -6.076    1504     56     60  -0.5803  -1.0000  -1.0000  -0.3225
     75     11994   156   -4.901    1771     72     62  -0.5942  -1.0000  -0.8766  -0.3828
     76     12145   151   -3.314    1526     68     67  -0.6317  -1.0000  -1.0000  -0.4353
     77     12310   165   -5.857    1757     65     42  -0.5442  -1.0000  -0.9824  -0.3200
     78     12475   165   -1.342    3844     69     53  -0.3091  -0.9911  -0.5494  +0.3921
     79     12637   162   +6.891    4882     62     43  +0.0850  -0.7186  +0.7350  +0.9741
     80     12791   154   -4.724    1344     56     58  -0.5995  -1.0000  -1.0000  -0.3984
     81     12959   168   -0.129    3699     76     65  -0.2857  -1.0000  +0.4890  +0.2119
     82     13121   162   +3.458    5184     74     76  -0.0273  -0.6394  +0.7553  +0.7583
     83     13278   157   -0.293    1047     64     52  -0.6417  -1.0000  -0.9299  -0.5926
     84     13433   155   -5.418    2575     55     73  -0.4063  -1.0000  -0.4828  +0.1715
     85     13594   161   +1.439    4505     68     57  -0.1315  -0.8175  +0.0919  +0.6490
     86     13755   161   +0.917    4021     59     61  -0.1412  -0.9447  +0.1745  +0.7105
     87     13912   157   -4.500    2364     53     62  -0.4393  -1.0000  -0.8871  +0.1207
     88     14074   162   -2.435    2140     66     51  -0.4691  -1.0000  -0.4578  -0.1827
     89     14235   161   -3.092    2559     55     56  -0.3375  -1.0000  -0.0848  +0.1563
     90     14391   156   -4.864    3321     75     60  -0.3948  -1.0000  -0.3974  +0.1106
     91     14555   164   -4.470    2857     68     54  -0.4442  -1.0000  -0.8264  +0.0434
     92     14713   158   -2.835    2003     74     64  -0.5136  -1.0000  -0.1994  -0.3217
     93     14873   160   +3.710    4495     58     65  -0.0331  -0.8202  +0.3894  +0.9244
     94     15029   156   +5.018    5179     67     50  -0.0079  -0.6406  -0.0782  +0.9220
     95     15187   158   +1.173    4071     58     58  -0.1065  -0.9315  +0.3156  +0.7534
     96     15350   163   +1.687    4741     69     53  -0.0919  -0.7557  +0.0546  +0.7187
     97     15507   157   +6.110    6026     74     72  +0.0493  -0.4185  +0.1568  +1.0000
     98     15669   162   -2.911    3186     63     63  -0.3619  -1.0000  -0.5029  +0.2679
     99     15828   159   +0.634    4596     73     57  -0.1471  -0.7936  +0.1136  +0.5718
    100     15991   163   -2.193    3059     57     56  -0.2924  -1.0000  -0.1802  +0.3378

  ── rolling mean (last 100 ep) ──  cum_R=-2.193  yield=2984 kg/ha  N=64  W=62 mm  R_seas=-0.3662  R_ane=+0.1657

    101     16151   160   -4.121    3000     70     52  -0.3935  -1.0000  -0.4455  +0.0724
    102     16318   167   -2.689    3643     66     68  -0.3401  -1.0000  -0.5472  +0.3883
    103     16477   159   -4.481    1925     74     48  -0.5688  -1.0000  -1.0000  -0.3467
    104     16637   160   +8.722    6540     59     74  +0.1553  -0.2834  +0.8950  +1.0000
    105     16803   166   -1.879    3944     70     60  -0.2635  -0.9647  -0.0804  +0.4074
    106     16970   167   +8.930    6349     71     50  +0.1663  -0.3337  +0.6835  +1.0000
    107     17127   157   -5.158    1847     56     69  -0.5490  -1.0000  -0.9628  -0.1699
    108     17290   163   +6.436    5206     65     58  +0.0831  -0.6336  +0.7584  +0.9946
    109     17456   166   -4.585    2368     50     71  -0.4373  -1.0000  -0.9021  +0.1894
    110     17618   162   -3.862    1868     72     60  -0.5928  -1.0000  -1.0000  -0.3505
    111     17774   156   +2.829    3932     50     52  -0.0935  -0.9681  -0.2438  +0.9626
    112     17936   162   -2.416    2831     51     73  -0.3484  -1.0000  -0.5840  +0.3923
    113     18091   155   +4.318    4426     57     75  +0.0071  -0.8383  +0.9412  +0.9518
    114     18249   158   -4.589    2600     60     62  -0.3946  -1.0000  -0.3114  +0.0822
    115     18410   161   -0.821    2861     69     63  -0.3966  -1.0000  -0.1680  +0.0419
    116     18568   158   -6.103    1893     66     43  -0.5355  -1.0000  -0.9710  -0.2839
    117     18733   165   +5.822    5227     72     56  +0.0365  -0.6282  +0.8207  +0.8045
    118     18897   164   -4.493    1147     57     53  -0.6180  -1.0000  -1.0000  -0.4937
    119     19055   158   -2.638     960     74     49  -0.6707  -1.0000  -1.0000  -0.6776
    120     19211   156   +1.521    4274     63     50  -0.1500  -0.8783  -0.2616  +0.7064
    121     19373   162   +5.100    5492     76     54  -0.0006  -0.5586  +0.2021  +0.8186
    122     19533   160   -2.349    3283     61     59  -0.2876  -1.0000  -0.0600  +0.3409
    123     19687   154   -3.135    2368     60     62  -0.4359  -1.0000  -0.4258  -0.0123
    124     19846   159   -2.223    2891     62     43  -0.3145  -1.0000  -0.1626  +0.1758
    125     20008   162   -5.950    2125     59     78  -0.5051  -1.0000  -0.5692  -0.0939
    126     20165   157   -5.423    2674     70     60  -0.4902  -1.0000  -0.9114  -0.0425
    127     20321   156   +7.288    5689     59     56  +0.1095  -0.5068  +0.6374  +1.0000
    128     20481   160   -2.771    1931     65     68  -0.5552  -1.0000  -0.7486  -0.2577
    129     20642   161   +1.662    4289     69     50  -0.1090  -0.8742  +0.6039  +0.5579
    130     20805   163   -5.062    1305     76     56  -0.6530  -1.0000  -1.0000  -0.5699
    131     20969   164   -4.338    3250     74     68  -0.4024  -1.0000  -0.3011  +0.1046
    132     21137   168   -6.219    3184     79     71  -0.4416  -1.0000  -0.3275  +0.0075
    133     21298   161   -2.702    2530     81     47  -0.4732  -1.0000  -0.4457  -0.2169
    134     21462   164   -5.478    3061     80     54  -0.4550  -1.0000  -0.6348  -0.0452
    135     21619   157   -5.394    2257     76     55  -0.4989  -1.0000  -0.4471  -0.2522
    136     21772   153   -5.321    1757     63     49  -0.5556  -1.0000  -1.0000  -0.3061
    137     21931   159   -3.687    3069     62     55  -0.3437  -1.0000  -0.4009  +0.2409
    138     22091   160   +2.791    4406     66     56  -0.1014  -0.8437  +0.3411  +0.6789
    139     22252   161   -2.106    3799     79     58  -0.2947  -1.0000  +0.2977  +0.2010
    140     22409   157   -4.501    2720     64     33  -0.3825  -1.0000  -0.6753  +0.0576
    141     22571   162   -2.567    3159     71     36  -0.3441  -1.0000  -0.3666  +0.1096
    142     22731   160   -4.637    2582     60     42  -0.3910  -1.0000  -0.6748  +0.0844
    143     22886   155   -0.238    1143     65     38  -0.6047  -1.0000  -0.9351  -0.5625
    144     23045   159   -3.025    1625     67     61  -0.5759  -1.0000  -0.6842  -0.3963
    145     23203   158   -1.863    3816     66     42  -0.2550  -0.9984  -0.4274  +0.4560
    146     23361   158   -0.910    4116     74     40  -0.2319  -0.9197  -0.1981  +0.3883
    147     23519   158   -3.023    3289     64     73  -0.3541  -1.0000  -0.2962  +0.2917
    148     23677   158   -4.196    3162     73     48  -0.3912  -1.0000  -0.5060  +0.0792
    149     23839   162   -4.317    2734     85     49  -0.4699  -1.0000  -0.4297  -0.1944
    150     23997   158   -5.052    2190     69     59  -0.5047  -1.0000  -0.5587  -0.2104
    151     24157   160   -0.899    3670     69     34  -0.2512  -1.0000  -0.1672  +0.3362
    152     24323   166   -1.790    3718     67     43  -0.2824  -1.0000  -0.4544  +0.3854
    153     24484   161   -1.258    3547     68     42  -0.3252  -1.0000  -0.6416  +0.2975
    154     24645   161   -3.478    1931     64     49  -0.5012  -1.0000  -0.6202  -0.2515
    155     24805   160   -5.715    2465     60     56  -0.4591  -1.0000  -0.8981  +0.0261
    156     24973   168   -3.257    3363     66     52  -0.3308  -1.0000  -0.4377  +0.2751
    157     25130   157   -0.401     669     72     44  -0.6862  -1.0000  -1.0000  -0.7684
    158     25292   162   +4.607    4981     72     45  -0.0205  -0.6926  +0.4250  +0.7271
    159     25457   165   -4.210    2048     63     67  -0.5043  -1.0000  -0.4792  -0.1911
    160     25621   164   +3.285    4582     68     44  -0.0593  -0.7974  +0.3938  +0.6862
    161     25782   161   -2.575    2398     60     55  -0.4170  -1.0000  -0.4370  +0.0057
    162     25940   158   -3.442    3156     68     37  -0.3294  -1.0000  -0.3723  +0.1623
    163     26094   154   -3.673    1417     69     50  -0.6139  -1.0000  -1.0000  -0.4855
    164     26256   162   -2.853    3908     82     34  -0.3047  -0.9742  -0.3027  +0.1968
    165     26408   152   -5.812    1875     45     77  -0.4941  -1.0000  -0.9474  +0.0502
    166     26564   156   +1.151    4500     72     31  -0.1326  -0.8188  -0.1926  +0.5706
    167     26719   155   +6.527    5405     60     84  +0.0632  -0.5814  +0.9047  +1.0000
    168     26885   166   -5.494    2122     72     57  -0.5274  -1.0000  -0.6635  -0.2643
    169     27046   161   -4.389    2294     76     33  -0.4579  -1.0000  -0.5062  -0.2402
    170     27210   164   -1.514    4063     70     63  -0.2155  -0.9335  +0.2372  +0.4557
    171     27376   166   -2.915    3428     73     49  -0.3609  -1.0000  -0.4572  +0.1708
    172     27542   166   +2.110    5019     81     38  -0.1036  -0.6826  -0.0024  +0.5465
    173     27700   158   +6.413    4952     62     66  +0.0747  -0.7003  +1.0000  +0.9875
    174     27862   162   +6.812    5241     66     44  +0.1135  -0.6243  +0.8138  +0.9782
    175     28020   158   -2.414    3362     66     32  -0.2914  -1.0000  -0.4449  +0.2798
    176     28174   154   -3.230    3284     65     61  -0.3684  -1.0000  -0.6060  +0.2683
    177     28334   160   +1.050    4152     58     66  -0.1568  -0.9104  -0.1610  +0.7798
    178     28494   160   -0.875    2136     69     49  -0.4113  -1.0000  +0.2231  -0.2274
    179     28653   159   +9.685    6298     66     50  +0.1893  -0.3471  +0.9255  +1.0000
    180     28812   159   +3.405    4924     73     62  -0.0584  -0.7077  +0.5628  +0.6810
    181     28971   159   -5.684    2699     84     37  -0.4508  -1.0000  -0.4806  -0.1931
    182     29124   153   -2.744    2410     78     21  -0.4672  -1.0000  -0.8763  -0.2253
    183     29283   159   +2.963    4528     66     40  -0.0700  -0.8117  +0.1184  +0.7238
    184     29441   158   -4.167    1711     66     40  -0.5523  -1.0000  -0.9863  -0.3536
    185     29598   157   -0.967    4002     74     36  -0.2124  -0.9497  +0.1042  +0.3542
    186     29757   159   -1.047    4167     75     34  -0.2164  -0.9063  -0.1854  +0.3888
    187     29916   159   -4.222    3539     75     36  -0.3231  -1.0000  -0.3834  +0.1849
    188     30071   155   -2.206    3676     64     65  -0.2731  -1.0000  -0.0482  +0.4244
    189     30226   155   +4.496    5211     71     51  -0.0127  -0.6324  +0.1856  +0.8243
    190     30387   161   -1.011    2529     70     40  -0.4285  -1.0000  -0.5230  -0.0940
    191     30542   155   -4.730    3074     69     48  -0.3912  -1.0000  -0.5958  +0.1079
    192     30706   164   -2.779    1828     67     42  -0.5289  -1.0000  -0.8308  -0.3167
    193     30866   160   +7.267    5711     67     53  +0.1162  -0.5012  +0.6472  +1.0000
    194     31028   162   -3.061    2707     71     39  -0.3908  -1.0000  -0.2857  -0.0511
    195     31186   158   +1.764    3644     80     22  -0.2514  -1.0000  +0.2400  +0.1334
    196     31344   158   -2.344    2813     60     37  -0.3197  -1.0000  -0.2973  +0.1648
    197     31509   165   -3.527    1654     79     42  -0.5276  -1.0000  -0.3086  -0.4758
    198     31665   156   +0.755    3676     82     31  -0.2508  -1.0000  +0.4787  +0.1167
    199     31828   163   -5.506    2064     60     76  -0.5090  -1.0000  -0.4962  -0.1422
    200     31987   159   +4.760    4575     84     28  -0.1604  -0.7992  +0.0673  +0.3686

  ── rolling mean (last 100 ep) ──  cum_R=-1.260  yield=3279 kg/ha  N=68  W=51 mm  R_seas=-0.3166  R_ane=+0.1948

    201     32148   161   +4.391    4857     64     51  +0.0296  -0.7252  +0.6087  +0.8928
    202     32308   160   -6.158    1948     64     45  -0.5289  -1.0000  -1.0000  -0.2406
    203     32463   155   -4.148    1400     80     28  -0.5934  -1.0000  -1.0000  -0.5597
    204     32522    59   -7.597       0     29      8  -0.6746  -1.0000  -1.0000  -1.0000
    205     32685   163   +1.460    4064     66     43  -0.1339  -0.9334  +0.4313  +0.5324
    206     32846   161   +7.591    5390     69     31  +0.1188  -0.5852  +0.5562  +0.9652
    207     33010   164   +3.195    4847     77     42  -0.0908  -0.7279  +0.2288  +0.5758
    208     33168   158   -2.312    2100     88     26  -0.5174  -1.0000  -0.7275  -0.4002
    209     33328   160   -1.205    4180     85     34  -0.2322  -0.9030  +0.1301  +0.2339
    210     33485   157   -3.659    2955     59     62  -0.3437  -1.0000  -0.3029  +0.2512
    211     33643   158   -0.425    3402     48     67  -0.2038  -1.0000  -0.3770  +0.7647
    212     33804   161   -0.202    4637     95     42  -0.2068  -0.7830  +0.3237  +0.2178
    213     33966   162   -1.087    4258     73     54  -0.2593  -0.8823  -0.5180  +0.4648
    214     34127   161   -3.238    1664     97     27  -0.5971  -1.0000  -0.9671  -0.5721
    215     34292   165   +7.069    5938     86     31  +0.0760  -0.4415  +0.5177  +0.7278
    216     34455   163   -0.550    3519     80     55  -0.2840  -1.0000  +0.6759  +0.0951
    217     34615   160   -2.598    1638     84     26  -0.5269  -1.0000  -0.5072  -0.5102
    218     34774   159   -1.822    3234     74     34  -0.3398  -1.0000  -0.2972  +0.0889
    219     34937   163   +1.401    4747     97     26  -0.1544  -0.7541  +0.4459  +0.2204
    220     35101   164   -2.919    3558     76     36  -0.3268  -1.0000  -0.3694  +0.1742
    221     35255   154   -4.270    2154     69     41  -0.4565  -1.0000  -0.4044  -0.2210
    222     35421   166   +4.368    3941     79     37  -0.1929  -0.9656  +0.6733  +0.2526
    223     35587   166   -0.354    4387     89     39  -0.2138  -0.8485  +0.2832  +0.2362
    224     35751   164   -1.743    4020     73     33  -0.2386  -0.9448  -0.3170  +0.3784
    225     35912   161   -3.306    3503     70     57  -0.3289  -1.0000  -0.2430  +0.2569
    226     36077   165   +2.153    4911     82     34  -0.0900  -0.7109  +0.2476  +0.5053
    227     36235   158   -3.519    2686     63     57  -0.3981  -1.0000  -0.3612  +0.0598
    228     36392   157   -3.037    3491     68     51  -0.3417  -1.0000  -0.5888  +0.2851
    229     36551   159   -3.978    3680     84     43  -0.3812  -1.0000  -0.5481  +0.1025
    230     36707   156   +2.747    4655     75     31  -0.0916  -0.7782  +0.1684  +0.5585
    231     36870   163   -2.267    3865     79     37  -0.3247  -0.9854  -0.5204  +0.2265
    232     37032   162   +1.674    4181     70     30  -0.1419  -0.9025  +0.1200  +0.4964
    233     37187   155   -2.977    1598     84     31  -0.5912  -1.0000  -1.0000  -0.5253
    234     37352   165   -3.361    3359     77     32  -0.3567  -1.0000  -0.5273  +0.0957
    235     37512   160   +2.135    4173     68     40  -0.1631  -0.9047  +0.0304  +0.5246
    236     37671   159   -1.435    3679     74     33  -0.2448  -1.0000  +0.1772  +0.2402
    237     37829   158   -6.243    1905     73     43  -0.5269  -1.0000  -0.6896  -0.3455
    238     37985   156   -5.643    2458     66     45  -0.4639  -1.0000  -0.8800  -0.0645
    239     38148   163   +1.460    4639     71     43  -0.0911  -0.7823  +0.1616  +0.6400
    240     38311   163   +1.528    4823     81     39  -0.1848  -0.7342  -0.4733  +0.4810
    241     38475   164   +0.825    4371     81     43  -0.1731  -0.8527  +0.3949  +0.3541
    242     38639   164   +3.781    4757     61     56  +0.0174  -0.7514  +0.4712  +0.9503
    243     38804   165   -4.826    2771     76     46  -0.4312  -1.0000  -0.4475  -0.0832
    244     38966   162   +7.580    5647     72     38  +0.1060  -0.5178  +0.4652  +0.9472
    245     39122   156   +6.834    5396     73     35  +0.0628  -0.5837  +0.4253  +0.8499
    246     39284   162   -5.242    2436     82     47  -0.5413  -1.0000  -0.9991  -0.2569
    247     39444   160   -4.373    3056     75     34  -0.4111  -1.0000  -0.8039  +0.0230
    248     39609   165   -3.711    1428     78     33  -0.5976  -1.0000  -1.0000  -0.5404
    249     39771   162   -1.630    1669     79     38  -0.5768  -1.0000  -0.8844  -0.4722
    250     39932   161   +6.334    5179     71     35  +0.0416  -0.6407  +0.4137  +0.8257
    251     40091   159   -5.034    1842     60     56  -0.5472  -1.0000  -1.0000  -0.2327
    252     40243   152   -0.201    3046     76     39  -0.3095  -1.0000  +0.4003  -0.0044
    253     40406   163   +3.754    5168     84     39  -0.0876  -0.6435  +0.1324  +0.5295
    254     40560   154   -0.213    2478     66     52  -0.3498  -1.0000  +0.3969  -0.0628
    255     40716   156   +1.301    4747     81     42  -0.1273  -0.7542  +0.2697  +0.4619
    256     40882   166   -2.174    2547     90     47  -0.5044  -1.0000  -0.5105  -0.2891
    257     41043   161   -0.229    2290     72     30  -0.3436  -1.0000  +0.4607  -0.2011
    258     41197   154   -0.876    3183     80     19  -0.3387  -1.0000  -0.2925  -0.0033
    259     41354   157   +1.457    2968     64     36  -0.2964  -1.0000  -0.0694  +0.1589
    260     41515   161   +4.742    5018     73     37  -0.0206  -0.6829  +0.2458  +0.7290
    261     41672   157   +3.479    4904     76     31  -0.0310  -0.7129  +0.4226  +0.6188
    262     41836   164   +5.384    4325     66     40  -0.1018  -0.8648  +0.2354  +0.6289
    263     41992   156   -1.942    1698     71     38  -0.5131  -1.0000  -0.4819  -0.4039
    264     42158   166   +0.673    4762     79     49  -0.1752  -0.7501  -0.2267  +0.5078
    265     42318   160   -4.867    2851     76     35  -0.4264  -1.0000  -0.6714  -0.0672
    266     42482   164   +8.260    5962     70     43  +0.1620  -0.4352  +0.7442  +1.0000
    267     42639   157   -2.708    3331     64     42  -0.3029  -1.0000  -0.4346  +0.3039
    268     42802   163   +4.120    5475     91     31  -0.0637  -0.5631  +0.1317  +0.4980
    269     42963   161   +4.986    4828     64     41  -0.0195  -0.7327  -0.0532  +0.8925
    270     43118   155   -1.691    2456     86     36  -0.4788  -1.0000  -0.4891  -0.2881
    271     43279   161   -2.644    1695     86     26  -0.5762  -1.0000  -1.0000  -0.5101
    272     43440   161   -0.612    3398     65     50  -0.3157  -1.0000  -0.4533  +0.3158
    273     43599   159   -3.659    1039     76     30  -0.6274  -1.0000  -1.0000  -0.6595
    274     43760   161   -3.044    1780     91     34  -0.5363  -1.0000  -0.4157  -0.5089
    275     43921   161   -1.225    3897     67     51  -0.2224  -0.9771  +0.0357  +0.4554
    276     44079   158   -3.613    3217     75     29  -0.3411  -1.0000  -0.3356  +0.0678
    277     44235   156   -3.326    3012     66     46  -0.3610  -1.0000  -0.4652  +0.1442
    278     44402   167   +8.125    6170     78     26  +0.1979  -0.3806  +0.7079  +0.9839
    279     44566   164   +2.917    4059     81     53  -0.2775  -0.9346  +0.0667  +0.2545
    280     44725   159   -4.324    3334     76     23  -0.3400  -1.0000  -0.5472  +0.1013
    281     44881   156   -0.467    2637     81     38  -0.3657  -1.0000  +0.3570  -0.1835
    282     45033   152   +6.404    4893     61     40  +0.0834  -0.7157  +0.5680  +1.0000
    283     45193   160   -2.783    1762     83     24  -0.5603  -1.0000  -1.0000  -0.4695
    284     45360   167   -0.742    1398     84     34  -0.5021  -1.0000  +0.1305  -0.5825
    285     45513   153   +2.331    2800     87     18  -0.3353  -1.0000  +0.3154  -0.1921
    286     45666   153   -3.713    1371     65     36  -0.5804  -1.0000  -1.0000  -0.4722
    287     45830   164   +6.621    6027     80     34  +0.1065  -0.4181  +0.3446  +0.8807
    288     45990   160   +3.381    4725     72     36  -0.0566  -0.7598  +0.3460  +0.6327
    289     46150   160   +9.604    6757     78     31  +0.2192  -0.2265  +0.5797  +1.0000
    290     46317   167   -2.874    3525     86     25  -0.3354  -1.0000  -0.1967  +0.0208
    291     46476   159   +1.335    4924     88     28  -0.1323  -0.7077  +0.0421  +0.3994
    292     46636   160   +2.662    3848     62     49  -0.1991  -0.9900  -0.0719  +0.5639
    293     46797   161   -3.595    1138     85     28  -0.6278  -1.0000  -1.0000  -0.6640
    294     46959   162   +4.504    4244     68     33  -0.0986  -0.8862  +0.3404  +0.5724
    295     47125   166   -3.215    2247     81     33  -0.4952  -1.0000  -0.6597  -0.3091
    296     47285   160   +3.586    4782     76     24  -0.0319  -0.7448  +0.4981  +0.5737
    297     47443   158   -3.369    1931     80     28  -0.5464  -1.0000  -1.0000  -0.3998
    298     47608   165   -3.165    3443     89     41  -0.4026  -1.0000  -0.3800  -0.0328
    299     47759   151   -3.627    1989     80     34  -0.4838  -1.0000  -0.3044  -0.3823
    300     47916   157   -0.067    3522     94     36  -0.3332  -1.0000  +0.3155  -0.0614

  ── rolling mean (last 100 ep) ──  cum_R=-0.137  yield=3506 kg/ha  N=76  W=38 mm  R_seas=-0.2807  R_ane=+0.1702

    301     48080   164   +2.816    4989     79     23  -0.0804  -0.6905  -0.1656  +0.5839
    302     48242   162   -1.417    4028     92     27  -0.3212  -0.9427  -0.3722  +0.0970
    303     48404   162  +10.226    6778     81     26  +0.2634  -0.2209  +0.9092  +1.0000
    304     48560   156   -0.768    3744     70     38  -0.2382  -1.0000  +0.0534  +0.3312
    305     48720   160   -3.107    1076     91     27  -0.6399  -1.0000  -1.0000  -0.7057
    306     48874   154   -6.170    2236     71     30  -0.4910  -1.0000  -0.9676  -0.2169
    307     49033   159   -0.979    2011     83     39  -0.4701  -1.0000  -0.0215  -0.3943
    308     49194   161   -0.105    1660    105     36  -0.5916  -1.0000  -0.6225  -0.6035
    309     49354   160   -3.352    3497     75     35  -0.3341  -1.0000  -0.4505  +0.1683
    310     49508   154   -2.999    3475     78     27  -0.3447  -1.0000  -0.5449  +0.1106
    311     49672   164   +3.452    4820     95     33  -0.1001  -0.7348  +0.9312  +0.2689
    312     49833   161   -1.369    1257     89     28  -0.6234  -1.0000  -1.0000  -0.6471
    313     49989   156   -4.028    1666     79     26  -0.5235  -1.0000  -0.6064  -0.4714
    314     50146   157   +1.473    2066     66     35  -0.4256  -1.0000  -0.2352  -0.2176
    315     50310   164   -2.537    1246     94     28  -0.6313  -1.0000  -1.0000  -0.6683
    316     50469   159   -0.199    3086     82     39  -0.3520  -1.0000  +0.1731  -0.0653
    317     50636   167   +1.334    4759     89     29  -0.1519  -0.7510  +0.1470  +0.3413
    318     50801   165   +9.303    6044     83     33  +0.1296  -0.4136  +0.7650  +0.8126
    319     50962   161   -4.172    1953     87     37  -0.5785  -1.0000  -1.0000  -0.4401
    320     51124   162   +8.147    6380     82     32  +0.1673  -0.3255  +0.5053  +0.9447
    321     51279   155   +3.327    4359     76     16  -0.0933  -0.8559  +0.4499  +0.4270
    322     51438   159   +1.408    2879    101     31  -0.3918  -1.0000  +0.3138  -0.2849
    323     51599   161   +7.600    5730     77     27  +0.0911  -0.4961  +0.3408  +0.8511
    324     51760   161   -2.589    3698     82     29  -0.3129  -1.0000  -0.2252  +0.1285
    325     51920   160   +4.167    4853     71     33  -0.0032  -0.7264  +0.4992  +0.7064
    326     52083   163   -2.276     958     82     24  -0.6312  -1.0000  -1.0000  -0.7085
    327     52245   162   -3.270    1061     93     42  -0.6731  -1.0000  -1.0000  -0.7149
    328     52405   160  +10.221    7627     78     42  +0.2606  +0.0017  +0.6400  +1.0000
    329     52572   167   -0.041    2925    104     21  -0.4003  -1.0000  +0.0891  -0.2979
    330     52726   154   -3.541     916     80     32  -0.6481  -1.0000  -1.0000  -0.7150
    331     52885   159   -0.236    4512     90     27  -0.1973  -0.8158  +0.0647  +0.2570
    332     53050   165   -2.184    3070     90     35  -0.4370  -1.0000  -0.5063  -0.1428
    333     53207   157   +5.608    3076     73     22  -0.1981  -1.0000  +1.0000  +0.0484
    334     53366   159   -0.935    3965     76     34  -0.2396  -0.9593  -0.0161  +0.2971
    335     53522   156   -4.956    1752     79     22  -0.5466  -1.0000  -1.0000  -0.4428
    336     53683   161   -3.560    2043     83     24  -0.5348  -1.0000  -1.0000  -0.3853
    337     53846   163   -1.632    3826     74     35  -0.2834  -0.9957  -0.3335  +0.2943
    338     54006   160   +2.064    3179     76     25  -0.3353  -1.0000  -0.3249  +0.0525
    339     54165   159   -3.149    1675     84     39  -0.5757  -1.0000  -0.7684  -0.5007
    340     54326   161   -6.493    2551     85     24  -0.4620  -1.0000  -0.6802  -0.2484
    341     54489   163   +7.423    5540     70     33  +0.1140  -0.5459  +0.4522  +0.9653
    342     54651   162   -3.326    2663     92     40  -0.4913  -1.0000  -0.5733  -0.2722
    343     54813   162   -4.600    2874     70     45  -0.3982  -1.0000  -0.4643  +0.0222
    344     54969   156   +1.601    3973     71     36  -0.1424  -0.9572  +0.6778  +0.3939
    345     55134   165   -5.436    1780     88     18  -0.5570  -1.0000  -1.0000  -0.4935
    346     55293   159   -5.636    2290     80     28  -0.4994  -1.0000  -0.8724  -0.2840
    347     55451   158   -2.164    3286     90     30  -0.3643  -1.0000  -0.0729  -0.0819
    348     55618   167   +2.063    4374    104     25  -0.2246  -0.8521  +0.5041  +0.0496
    349     55779   161   -2.362    1352     86     24  -0.6036  -1.0000  -1.0000  -0.6088
    350     55939   160   +3.324    5082     82     35  -0.1021  -0.6662  -0.0885  +0.5478
    351     56100   161   -2.627     883     83     22  -0.6368  -1.0000  -1.0000  -0.7346
    352     56255   155   +4.943    3659     78     20  -0.1889  -1.0000  +0.6846  +0.1757
    353     56419   164   +9.420    6309     74     33  +0.2047  -0.3442  +0.7641  +1.0000
    354     56581   162   +6.059    4773     68     29  +0.0215  -0.7472  +0.5906  +0.7492
    355     56736   155   -3.138    1333     81     21  -0.5778  -1.0000  -0.8843  -0.5885
    356     56896   160   +5.141    3464     70     44  -0.1973  -1.0000  +0.8401  +0.2470
    357     57062   166   -2.606    3054     72     25  -0.3867  -1.0000  -0.8727  +0.0637
    358     57223   161   +3.191    2528     84     29  -0.3026  -1.0000  +1.0000  -0.2449
    359     57387   164   +8.236    5874     94     37  +0.0528  -0.4583  +0.9856  +0.5557
    360     57545   158   -3.096    3598     80     36  -0.3497  -1.0000  -0.4656  +0.1296
    361     57709   164   -3.850    3473     96     19  -0.4014  -1.0000  -0.6167  -0.0911
    362     57875   166   -6.577    2760    101     28  -0.5156  -1.0000  -0.8821  -0.3163
    363     58031   156   -4.657    2367     97     25  -0.5322  -1.0000  -0.8857  -0.3928
    364     58194   163   +1.187    4044     68     20  -0.1001  -0.9385  +0.4818  +0.4826
    365     58349   155   -0.220    3611     71     30  -0.1970  -1.0000  +0.4726  +0.2757
    366     58516   167   +0.866    2934    115     17  -0.4360  -1.0000  -0.1518  -0.3597
    367     58683   167   +2.380    4941     81     22  -0.0913  -0.7032  -0.0953  +0.5278
    368     58844   161   +0.110    3589     93     29  -0.3416  -1.0000  +0.0104  -0.0375
    369     58996   152   +2.597    3609     78     19  -0.2283  -1.0000  +0.3510  +0.1518
    370     59156   160   +8.007    5140     69     18  +0.1401  -0.6509  +0.9793  +0.8611
    371     59317   161   +0.465    4298     76     32  -0.1950  -0.8719  -0.1688  +0.4132
    372     59477   160   -5.241    2253     72     22  -0.4778  -1.0000  -1.0000  -0.2186
    373     59636   159   -0.407    4603     98     25  -0.2243  -0.7918  -0.0193  +0.1718
    374     59796   160   +5.503    5071     70     25  +0.0621  -0.6689  +0.4945  +0.8238
    375     59956   160   -2.814    1589    102     17  -0.5850  -1.0000  -0.9158  -0.6107
    376     60112   156   +1.113    4770     84     23  -0.1627  -0.7481  -0.3219  +0.4138
    377     60269   157   +4.476    5066     74     38  -0.0469  -0.6704  +0.0034  +0.7171
    378     60426   157   -3.405    3549     86     24  -0.3451  -1.0000  -0.3317  +0.0304
    379     60586   160   +3.745    4778     89     26  -0.0599  -0.7459  +1.0000  +0.3411
    380     60748   162   +6.296    3994     91     16  -0.2012  -0.9518  +0.6352  +0.0938
    381     60908   160   -2.657    1735     92     25  -0.5567  -1.0000  -0.7555  -0.5264
    382     61062   154   -3.874    1584     85     18  -0.4768  -1.0000  -0.0810  -0.5357
    383     61221   159   -3.664    1422     94     24  -0.5954  -1.0000  -0.8632  -0.6204
    384     61386   165   +8.786    7001     93     44  +0.1941  -0.1625  +0.7963  +0.8894
    385     61534   148   +2.121    4153     75     25  -0.1165  -0.9100  +0.6237  +0.3917
    386     61694   160   +2.085    3525     82     16  -0.2984  -1.0000  -0.1814  +0.0787
    387     61852   158   +3.559    4297     59     35  -0.0540  -0.8722  +0.0410  +0.8176
    388     62006   154   +4.642    3304     92     18  -0.2419  -1.0000  +1.0000  -0.1063
    389     62171   165   +4.591    5375     86     23  -0.0135  -0.5893  +0.3044  +0.5717
    390     62328   157   +5.584    5015     86     25  -0.0258  -0.6837  +0.7737  +0.4643
    391     62488   160   -0.758    4088     78     22  -0.2297  -0.9271  -0.2666  +0.3061
    392     62648   160   +3.767    5133     79     17  -0.0203  -0.6527  +0.1146  +0.6223
    393     62802   154   +9.620    5488     81     14  +0.0840  -0.5595  +0.6575  +0.6924
    394     62960   158   -3.749    1880     95     42  -0.6107  -1.0000  -1.0000  -0.5072
    395     63119   159   +1.027    4232     86     19  -0.1865  -0.8892  +0.2683  +0.2313
    396     63282   163   -3.901    1343     94     22  -0.5655  -1.0000  -0.5361  -0.6422
    397     63443   161   -2.060    4070     86     31  -0.2876  -0.9317  -0.2824  +0.1895
    398     63600   157   -5.678    2921     96     16  -0.4689  -1.0000  -0.9148  -0.2375
    399     63762   162   -1.841    3500     83     16  -0.2875  -1.0000  -0.0177  +0.0586
    400     63932   170   -1.763    4100     87     20  -0.2849  -0.9238  -0.4431  +0.1787

  ── rolling mean (last 100 ep) ──  cum_R=+0.469  yield=3507 kg/ha  N=84  W=28 mm  R_seas=-0.2856  R_ane=+0.0704

    401     64091   159   -0.189    2874     95     19  -0.3994  -1.0000  -0.1520  -0.2408
    402     64252   161   -4.103    3106     84     23  -0.3977  -1.0000  -0.5600  -0.0777
    403     64417   165   +9.151    5226     77     25  +0.0715  -0.6284  +0.8817  +0.6990
    404     64577   160   +0.180    4075     69     35  -0.1486  -0.9304  +0.3132  +0.4673
    405     64738   161   +9.648    5922     78     35  +0.1182  -0.4457  +0.5324  +0.8886
    406     64896   158   +1.985    4186    103     23  -0.2910  -0.9012  +0.0067  +0.0191
    407     65056   160   +6.792    5408     85     25  +0.0301  -0.5806  +0.7009  +0.5922
    408     65219   163   +5.531    5069     83     17  +0.0356  -0.6695  +1.0000  +0.5276
    409     65376   157   -1.479     719    105     15  -0.6531  -1.0000  -0.9772  -0.8292
    410     65532   156   +4.142    4276     70     25  -0.0720  -0.8777  +0.6133  +0.5156
    411     65686   154   -3.116    1746     88     13  -0.5401  -1.0000  -0.8957  -0.5052
    412     65845   159   +0.847    4313     75     16  -0.1742  -0.8680  -0.3636  +0.4388
    413     66009   164   -4.149    2998     80     43  -0.4495  -1.0000  -0.7549  -0.0583
    414     66169   160   +5.347    4714     74     26  +0.0071  -0.7627  +0.8796  +0.6001
    415     66322   153   +3.832    5148     89     20  -0.0533  -0.6488  +0.3775  +0.4477
    416     66483   161   -4.377     903     89     18  -0.6324  -1.0000  -1.0000  -0.7467
    417     66644   161   +7.391    4479     68     23  -0.0351  -0.8243  +0.4241  +0.6384
    418     66799   155   +0.913    4445     85     21  -0.1512  -0.8332  +0.2805  +0.3075
    419     66966   167  +10.868    6769     79     25  +0.2303  -0.2234  +0.5591  +1.0000
    420     67123   157   -2.758    2759     94     24  -0.4298  -1.0000  -0.2892  -0.2627
    421     67283   160   +8.706    7236     98     24  +0.1757  -0.1008  +0.2161  +0.8397
    422     67438   155   -0.671    1994     80     15  -0.4393  -1.0000  -0.2705  -0.3743
    423     67601   163   +5.352    3718     77     28  -0.2330  -1.0000  +0.3236  +0.2031
    424     67759   158   -2.119    2694     99     13  -0.4172  -1.0000  -0.2001  -0.3200
    425     67923   164   +6.177    5942     84     27  +0.1087  -0.4404  +0.6706  +0.7575
    426     68083   160   +5.391    5333     74     20  +0.0624  -0.6004  +0.2696  +0.8122
    427     68244   161   -1.714    2809     98     17  -0.4097  -1.0000  -0.1584  -0.2841
    428     68411   167   +6.041    5054     90     33  -0.1128  -0.6736  +0.2155  +0.4074
    429     68570   159   -4.097    3090     84     18  -0.3880  -1.0000  -0.5563  -0.0806
    430     68728   158   +1.674    4842     88     15  -0.0978  -0.7292  +0.2507  +0.3753
    431     68889   161   +9.102    5770     71     22  +0.1922  -0.4857  +0.7634  +1.0000
    432     69051   162   +4.844    5430     85     22  -0.0554  -0.5748  -0.2660  +0.6001
    433     69215   164   -5.178    2794     86     22  -0.4169  -1.0000  -0.4280  -0.1927
    434     69377   162   +0.627    3380     97     18  -0.3515  -1.0000  -0.0399  -0.1249
    435     69542   165   +5.808    4223     70     23  -0.0797  -0.8917  +0.5630  +0.5030
    436     69699   157   +0.874    4539     90     13  -0.2007  -0.8087  -0.2830  +0.2627
    437     69859   160   +1.911    2205     72     20  -0.3413  -1.0000  +0.3781  -0.2320
    438     70015   156   -3.818    1759     67     20  -0.4942  -1.0000  -0.8341  -0.3440
    439     70170   155   -4.046    1706     90     26  -0.5832  -1.0000  -1.0000  -0.5280
    440     70331   161   -1.489    3682     74     21  -0.2280  -1.0000  +0.0760  +0.2491
    441     70486   155   -4.469     990     73     19  -0.6066  -1.0000  -1.0000  -0.6629
    442     70646   160   +1.757    2511     81     18  -0.2928  -1.0000  +0.8100  -0.2251
    443     70803   157   +7.733    5199     68     25  +0.1064  -0.6354  +0.5631  +0.9220
    444     70961   158   -0.561    3883     73     31  -0.2067  -0.9808  +0.1889  +0.3327
    445     71122   161   +0.803    4603     87     24  -0.1946  -0.7918  -0.2125  +0.3175
    446     71288   166   +5.527    5268     74     18  +0.0643  -0.6172  +0.3702  +0.7851
    447     71449   161   -0.235    4579     86     20  -0.1835  -0.7981  -0.1867  +0.3249
    448     71603   154   +5.297    5298     71     32  +0.0274  -0.6096  +0.0252  +0.8641
    449     71761   158   -5.975    2587     84     16  -0.4752  -1.0000  -1.0000  -0.2349
    450     71926   165   +3.253    4147     81     26  -0.2062  -0.9116  +0.1139  +0.2753
    451     72082   156   -3.649    2694     71     21  -0.3985  -1.0000  -0.7325  -0.0497
    452     72238   156   +3.546    4768     74     34  -0.0431  -0.7486  +0.4642  +0.6181
    453     72397   159   -1.425    3982     92     20  -0.3188  -0.9549  -0.4091  +0.0835
    454     72556   159  +10.581    7208     84     24  +0.2742  -0.1081  +0.6980  +1.0000
    455     72717   161   -1.328    1534     87     21  -0.5825  -1.0000  -1.0000  -0.5607
    456     72877   160   -2.218    3593     78     17  -0.2683  -1.0000  -0.0944  +0.1529
    457     73029   152   +5.515    5966     83     31  +0.0589  -0.4341  +0.1254  +0.7960
    458     73189   160   -2.948    1094     86     22  -0.6098  -1.0000  -0.8913  -0.6836
    459     73353   164   +6.037    5954     86     26  +0.1205  -0.4372  +0.8223  +0.7417
    460     73511   158  +11.159    6382     89     17  +0.1773  -0.3250  +0.7635  +0.7986
    461     73672   161   -0.832    4412     94     24  -0.2456  -0.8419  -0.1382  +0.1694
    462     73831   159   +5.212    5269     68     28  +0.0584  -0.6171  +0.0374  +0.9403
    463     73991   160   +1.368    3979     81     27  -0.2585  -0.9556  -0.1308  +0.2255
    464     74151   160  +10.032    4697     65     27  +0.0421  -0.7672  +0.6089  +0.8094
    465     74309   158   +3.816    4527     62     22  -0.0224  -0.8117  -0.1255  +0.8418
    466     74468   159   +3.518    4935     79     20  -0.0593  -0.7047  +0.0784  +0.5652
    467     74633   165   +1.038    4708     84     30  -0.1857  -0.7644  -0.3313  +0.3976
    468     74787   154   +5.857    4266     63     18  -0.0425  -0.8804  +0.2428  +0.6830
    469     74942   155   +5.092    4065     72     22  -0.0882  -0.9331  +0.8556  +0.4045
    470     75106   164   +3.552    2601     77     19  -0.2759  -1.0000  +0.7888  -0.1541
    471     75263   157   -2.101     834     81     20  -0.6351  -1.0000  -1.0000  -0.7438
    472     75420   157   +5.941    4113     79     21  -0.1250  -0.9205  +0.7655  +0.3021
    473     75580   160   -2.945    2469     81     21  -0.4282  -1.0000  -0.4577  -0.2347
    474     75736   156   -6.648    2201     87     30  -0.5425  -1.0000  -1.0000  -0.3664
    475     75894   158   -5.080    2183     72     18  -0.4776  -1.0000  -1.0000  -0.2400
    476     76056   162   -3.201     763    107     14  -0.6533  -1.0000  -1.0000  -0.8215
    477     76209   153   -0.688    3982     68     37  -0.2130  -0.9547  -0.1824  +0.4524
    478     76370   161   -5.002    2602     77     28  -0.4709  -1.0000  -1.0000  -0.1527
    479     76528   158   -0.133    3962     70     21  -0.1601  -0.9600  +0.1650  +0.4110
    480     76690   162   +3.667    4808     88     35  -0.1394  -0.7380  +0.2904  +0.3620
    481     76846   156   -3.919    2766     69     23  -0.3725  -1.0000  -0.5728  -0.0038
    482     77001   155   +2.014    2898     61     28  -0.2427  -1.0000  +0.2437  +0.1808
    483     77154   153   -2.780    1392     79     16  -0.5707  -1.0000  -1.0000  -0.5589
    484     77316   162   -4.255    2894     94     21  -0.4082  -1.0000  -0.2379  -0.2264
    485     77479   163   -5.869    2145     77     30  -0.5209  -1.0000  -1.0000  -0.3072
    486     77640   161   -1.367    2209     89     20  -0.3930  -1.0000  +0.3478  -0.3805
    487     77799   159   +1.340    2707    102     26  -0.3517  -1.0000  +0.7769  -0.3364
    488     77955   156   -0.825    3516     64     30  -0.2611  -1.0000  -0.4457  +0.3685
    489     78115   160   -0.328    1814     85     22  -0.4421  -1.0000  +0.1297  -0.4660
    490     78280   165   -1.359    3188     66     27  -0.3099  -1.0000  -0.5284  +0.2140
    491     78439   159   +9.964    4948     63     29  +0.1338  -0.7013  +0.9507  +0.9616
    492     78596   157   +7.404    3838     56     20  -0.0433  -0.9927  +0.4488  +0.7156
    493     78761   165  +10.553    7254     88     26  +0.2700  -0.0961  +0.6967  +1.0000
    494     78917   156   +4.264    3013     71     20  -0.2212  -1.0000  +0.6936  +0.0558
    495     79074   157   +1.630    4437     72     24  -0.1476  -0.8354  -0.3546  +0.5462
    496     79234   160   +5.200    4497     58     32  -0.0013  -0.8198  -0.0291  +0.9501
    497     79391   157   +1.296    4203     65     33  -0.1358  -0.8968  -0.1212  +0.6112
    498     79548   157   +0.660    3774     55     28  -0.1119  -1.0000  -0.0743  +0.7158
    499     79711   163   +1.357    4605     84     27  -0.1480  -0.7913  +0.1194  +0.3766
    500     79864   153   -4.104    1106     83     40  -0.6512  -1.0000  -1.0000  -0.6676

  ── rolling mean (last 100 ep) ──  cum_R=+1.616  yield=3782 kg/ha  N=80  W=24 mm  R_seas=-0.2165  R_ane=+0.2115

    501     80023   159   -3.153    3241     76     27  -0.3723  -1.0000  -0.6728  +0.0620
    502     80191   168   +6.587    5991     82     30  +0.0539  -0.4275  -0.1035  +0.8373
    503     80350   159   -1.026    3511     67     26  -0.2845  -1.0000  -0.5700  +0.3046
    504     80512   162   -0.652    2872     71     28  -0.3307  -1.0000  -0.0887  +0.0061
    505     80682   170   +8.460    6751     94     23  +0.1831  -0.2280  +0.6894  +0.8052
    506     80842   160   +1.953    4379     70     24  -0.1488  -0.8507  -0.3750  +0.5597
    507     81000   158   -4.204    1780     96     20  -0.5753  -1.0000  -1.0000  -0.5375
    508     81167   167   -1.125    2314     71     18  -0.3947  -1.0000  -0.3445  -0.1869
    509     81330   163   -1.513    3436     72     18  -0.2963  -1.0000  -0.4987  +0.1930
    510     81490   160   +2.680    3204     63     19  -0.2232  -1.0000  -0.0135  +0.2755
    511     81655   165   -3.101    1831    103     31  -0.6048  -1.0000  -1.0000  -0.5548
    512     81825   170   +4.192    3617     88     27  -0.2193  -1.0000  +1.0000  +0.0241
    513     81987   162   -2.833    1345     60     20  -0.5387  -1.0000  -1.0000  -0.4439
    514     82143   156   +6.004    5140     60     21  +0.1268  -0.6508  +0.4747  +1.0000
    515     82302   159   +8.861    5979     71     22  +0.2089  -0.4307  +0.7893  +1.0000
    516     82463   161   -3.893    2651     66     37  -0.4074  -1.0000  -0.6779  +0.0040
    517     82618   155   -3.770    1458     64     23  -0.5048  -1.0000  -0.6418  -0.4264
    518     82774   156   -4.326    2693     71     26  -0.4224  -1.0000  -0.8594  -0.0549
    519     82937   163   +1.334    4329     69     29  -0.1388  -0.8639  -0.1635  +0.5640
    520     83100   163   -0.787    3795     80     27  -0.2293  -1.0000  +0.3941  +0.1884
    521     83262   162   -6.425    2442     86     34  -0.5124  -1.0000  -0.8536  -0.2928
    522     83421   159   +8.332    5308     70     23  +0.1502  -0.6067  +0.9594  +0.9020
    523     83587   166   +5.950    4169     72     39  -0.1782  -0.9058  +0.0978  +0.4466
    524     83750   163   -5.164    2508     87     28  -0.5052  -1.0000  -0.9274  -0.2807
    525     83909   159   -2.356    3340     77     32  -0.3499  -1.0000  -0.4076  +0.0787
    526     84066   157   -0.860    3214     66     31  -0.2743  -1.0000  -0.0828  +0.2079
    527     84223   157   +6.743    4866     63     26  +0.1194  -0.7229  +0.9000  +0.9266
    528     84382   159   -2.310    3890     83     42  -0.3307  -0.9791  -0.3224  +0.1733
    529     84541   159   +6.212    5054     77     20  +0.0104  -0.6734  +0.4688  +0.6376
    530     84702   161   -2.320    4067     86     41  -0.3307  -0.9326  -0.5139  +0.1895
    531     84862   160   -2.526    2008     62     35  -0.4416  -1.0000  -0.4825  -0.1937
    532     85024   162   +5.531    4838     82     39  -0.0389  -0.7301  +1.0000  +0.4750
    533     85180   156   +7.006    5685     56     30  +0.1382  -0.5079  +0.4032  +1.0000
    534     85344   164   -3.677     987     81     26  -0.6299  -1.0000  -1.0000  -0.6938
    535     85501   157   -2.291    2368     87     37  -0.5040  -1.0000  -0.6048  -0.3226
    536     85654   153   +1.857    4138     70     25  -0.1136  -0.9138  +0.3623  +0.4882
    537     85813   159   -1.649    3150     72     24  -0.2811  -1.0000  +0.0893  +0.0874
    538     85973   160   -0.368    3805     69     18  -0.1979  -1.0000  -0.0690  +0.3752
    539     86136   163   +3.626    4532     72     30  -0.0563  -0.8104  +0.5380  +0.5720
    540     86295   159   -0.488    3638     68     22  -0.2366  -1.0000  -0.2515  +0.3323
    541     86452   157   -0.237    3375     82     35  -0.3213  -1.0000  +0.1278  +0.0233
    542     86618   166   +3.484    4652     69     26  -0.0323  -0.7790  +0.2769  +0.6831
    543     86779   161   +1.648    3144     73     24  -0.3026  -1.0000  -0.0829  +0.0716
    544     86937   158   +0.247    3829     58     38  -0.1795  -0.9950  -0.3109  +0.6378
    545     87104   167   -3.553    3306     82     32  -0.3714  -1.0000  -0.3739  +0.0032
    546     87257   153   +4.406    3265     66     22  -0.1913  -1.0000  +0.4753  +0.2418
    547     87420   163   -2.046    2500     58     25  -0.3251  -1.0000  -0.3557  +0.0844
    548     87581   161   -1.943    2088     85     22  -0.3966  -1.0000  +0.3406  -0.3846
    549     87742   161   +0.220    3707     61     24  -0.1829  -1.0000  -0.2244  +0.5142
    550     87906   164   +6.130    3954     62     25  -0.0538  -0.9623  +0.7442  +0.5939
    551     88067   161   +7.916    5997     78     34  +0.1646  -0.4261  +0.8567  +0.9104
    552     88221   154   -1.769    3598     73     26  -0.2478  -1.0000  +0.0446  +0.2315
    553     88380   159   -4.923    1318     79     28  -0.6017  -1.0000  -1.0000  -0.5822
    554     88541   161   +2.306    4415     72     29  -0.1131  -0.8412  +0.1453  +0.5284
    555     88712   171   -5.035    1745     70     28  -0.5378  -1.0000  -1.0000  -0.3771
    556     88877   165   -1.916    1790     72     41  -0.5213  -1.0000  -0.5753  -0.3776
    557     89038   161   -4.282    1522     78     28  -0.5207  -1.0000  -0.4016  -0.5152
    558     89197   159   -4.782    2827     70     33  -0.4095  -1.0000  -0.7978  +0.0149
    559     89360   163   -5.316    2139     61     40  -0.4804  -1.0000  -1.0000  -0.1204
    560     89523   163   -0.825    1693     63     34  -0.4877  -1.0000  -0.5610  -0.3261
    561     89685   162   +5.521    4816     75     24  -0.0333  -0.7358  +0.3965  +0.5970
    562     89848   163   -5.535    1261     62     32  -0.5781  -1.0000  -1.0000  -0.4926
    563     90010   162   +0.918    2270     95     21  -0.3592  -1.0000  +0.7842  -0.4020
    564     90169   159   -0.463    3560     60     25  -0.2043  -1.0000  -0.3399  +0.4839
    565     90328   159   -2.839    3287     63     56  -0.3362  -1.0000  -0.4858  +0.2975
    566     90489   161   +3.829    4210     54     17  -0.0206  -0.8950  -0.3856  +0.9645
    567     90654   165   +4.150    4159     66     36  -0.0461  -0.9085  +1.0000  +0.5651
    568     90813   159   -5.327    1877     67     28  -0.4834  -1.0000  -0.7115  -0.2962
    569     90978   165   -2.959    2943     73     23  -0.3849  -1.0000  -0.7329  +0.0126
    570     91137   159   -3.178    2683     78     23  -0.4167  -1.0000  -0.5836  -0.1426
    571     91295   158   +0.404    3705     70     32  -0.2488  -1.0000  -0.1694  +0.3326
    572     91453   158   -0.554    3311     57     18  -0.2170  -1.0000  -0.5261  +0.4521
    573     91613   160   +1.538    3796     61     42  -0.1209  -1.0000  +0.5771  +0.5669
    574     91770   157   -5.231    1611     64     24  -0.5271  -1.0000  -1.0000  -0.3724
    575     91932   162   -2.678    2984     67     20  -0.3069  -1.0000  -0.3425  +0.1138
    576     92091   159   -3.432    2278     56     13  -0.3611  -1.0000  -0.7546  +0.0190
    577     92249   158   +6.847    3936     50     22  +0.0693  -0.9670  +0.7925  +0.9597
    578     92405   156   +3.989    3334     52     29  -0.0891  -1.0000  +0.5157  +0.5995
    579     92567   162   +2.629    4054     61     24  -0.0580  -0.9358  +0.4351  +0.6520
    580     92719   152   +0.626    3160     51     22  -0.1401  -1.0000  +0.0179  +0.5472
    581     92875   156   -0.796    1630     77     30  -0.4729  -1.0000  -0.0323  -0.4690
    582     93036   161   +4.405    4545     77     28  -0.0493  -0.8070  +0.8677  +0.4748
    583     93196   160   -1.552    3352     70     33  -0.2753  -1.0000  -0.0402  +0.2062
    584     93353   157   +2.672    3693     59     34  -0.1494  -1.0000  +0.1326  +0.5678
    585     93506   153   -5.696    1245     66     21  -0.5665  -1.0000  -1.0000  -0.5272
    586     93662   156   +4.577    4222     60     18  -0.0030  -0.8918  +0.3976  +0.7692
    587     93826   164   -3.153    2860     66     23  -0.3286  -1.0000  -0.3910  +0.0775
    588     93982   156   -1.885    2785     65     32  -0.2947  -1.0000  +0.1204  +0.0761
    589     94144   162   +1.653    4099     62     35  -0.1595  -0.9241  -0.3709  +0.6452
    590     94310   166   +1.227    4274     90     39  -0.1925  -0.8782  +0.7337  +0.1846
    591     94464   154   -3.811    1938     49     24  -0.3838  -1.0000  -0.6993  -0.0113
    592     94622   158   -4.620     946     58     32  -0.6044  -1.0000  -1.0000  -0.5889
    593     94784   162   -0.610    2751     50     17  -0.2534  -1.0000  -0.6970  +0.3778
    594     94949   165  +10.122    4757     60     17  +0.1531  -0.7515  +1.0000  +0.9686
    595     95109   160   -2.596    3493     68     37  -0.3008  -1.0000  -0.4715  +0.2918
    596     95263   154   +5.766    4323     40     19  +0.1181  -0.8655  +0.8290  +1.0000
    597     95419   156   -3.442    1572     56     24  -0.4542  -1.0000  -0.5181  -0.3011
    598     95573   154   -1.947    2420     56     30  -0.2683  -1.0000  +0.2871  +0.0866
    599     95733   160   -3.793     962     59     16  -0.5756  -1.0000  -1.0000  -0.5917
    600     95893   160   -3.678    1658     73     44  -0.5876  -1.0000  -1.0000  -0.4356

  ── rolling mean (last 100 ep) ──  cum_R=+0.053  yield=3260 kg/ha  N=69  W=28 mm  R_seas=-0.2630  R_ane=+0.1884

    601     96052   159   +6.681    3707     54     17  +0.0151  -1.0000  +1.0000  +0.7077
    602     96205   153   -2.634    2008     46     14  -0.3182  -1.0000  -0.5337  +0.0808
    603     96365   160   -0.945    3292     62     16  -0.2573  -1.0000  -0.5925  +0.3321
    604     96523   158   -2.261    3029     64     21  -0.2890  -1.0000  -0.3461  +0.1831
    605     96680   157   -1.585    3003     61     16  -0.2777  -1.0000  -0.4793  +0.2260
    606     96841   161   +8.507    5177     56     25  +0.1381  -0.6412  +0.6228  +1.0000
    607     97005   164   -3.606    1388     79     31  -0.6015  -1.0000  -1.0000  -0.5628
    608     97169   164   +1.994    2071     28     20  -0.1132  -1.0000  -0.6391  +0.8286
    609     97325   156   +6.834    3399     54     23  -0.0724  -1.0000  +0.6414  +0.5777
    610     97490   165   +1.110    4426     74     25  -0.0935  -0.8383  +0.3693  +0.4947
    611     97651   161   -0.335    3733     68     32  -0.1985  -1.0000  +0.2291  +0.3696
    612     97810   159   +6.353    4661     55     22  +0.0790  -0.7765  +0.3119  +1.0000
    613     97971   161   +9.342    5762     59     29  +0.1908  -0.4877  +0.8503  +1.0000
    614     98131   160   -1.093    2126     75     28  -0.4314  -1.0000  -0.1794  -0.2937
    615     98286   155   +3.727    3614     50     16  +0.0317  -1.0000  +0.8899  +0.7888
    616     98446   160   -4.390    1376     71     29  -0.5375  -1.0000  -0.5655  -0.5179
    617     98606   160   -1.426    2972     66     24  -0.2878  -1.0000  -0.1229  +0.1331
    618     98770   164   -3.987    2186     57     36  -0.4359  -1.0000  -0.8739  -0.0391
    619     98930   160   -0.330    2372     72     24  -0.3671  -1.0000  +0.0306  -0.1796
    620     99089   159   -2.277    3600     72     30  -0.3013  -1.0000  -0.4863  +0.2556
    621     99246   157   -1.630    3266     68     21  -0.2616  -1.0000  -0.1335  +0.2017
    622     99408   162   +1.776    2848     64     14  -0.2553  -1.0000  +0.0494  +0.1166
    623     99572   164   +8.134    5511     52     24  +0.1481  -0.5536  +0.4723  +1.0000
    624     99735   163   +0.827    3235     49     26  -0.1490  -1.0000  -0.2772  +0.6415
    625     99898   163   +6.683    4787     51     23  +0.1555  -0.7437  +1.0000  +1.0000
    626    100058   160   -1.610    2793     62     26  -0.2958  -1.0000  -0.1356  +0.1198
    627    100222   164   -4.311    1924     66     39  -0.5228  -1.0000  -0.9778  -0.2677
    628    100381   159   +6.343    3900     46     15  +0.0763  -0.9763  +0.6219  +1.0000
    629    100547   166   +4.607    4200     54     18  +0.0186  -0.8976  +0.0480  +0.9576
    630    100604    57   -7.523       0     17      3  -0.6597  -1.0000  -1.0000  -1.0000
    631    100770   166   -6.522    2106     69     40  -0.5081  -1.0000  -0.8865  -0.2396
    632    100934   164   +4.612    4653     70     18  +0.0490  -0.7787  +0.9812  +0.6652
    633    101091   157   -1.449    1865     57     10  -0.3856  -1.0000  -0.4628  -0.1823
    634    101251   160   -6.457    1686     59     14  -0.4711  -1.0000  -0.9375  -0.2821
    635    101416   165   +0.049    3483     71     42  -0.2382  -1.0000  +0.4615  +0.2238
    636    101577   161   +2.881    3854     75     23  -0.1910  -0.9885  +0.3526  +0.2845
    637    101732   155   +1.892    2940     45     20  -0.1400  -1.0000  -0.2420  +0.6176
    638    101899   167   -1.347    3125     63     27  -0.2590  -1.0000  -0.0849  +0.2351
    639    102060   161   -4.363    1542     77     36  -0.5903  -1.0000  -1.0000  -0.4983
    640    102223   163   +7.063    5590     71     37  +0.1454  -0.5327  +0.8343  +0.9599
    641    102380   157   +0.874    3968     58     22  -0.1199  -0.9584  -0.3374  +0.7098
    642    102542   162   -4.643    1482     55     21  -0.4756  -1.0000  -0.7139  -0.3259
    643    102707   165   -4.886    2449     62     18  -0.3689  -1.0000  -0.6555  -0.0079
    644    102871   164   +7.818    5022     50     26  +0.0922  -0.6820  +0.2806  +1.0000
    645    103036   165   +6.790    4640     45     17  +0.1583  -0.7821  +1.0000  +1.0000
    646    103206   170   -3.207    1714     67     29  -0.4697  -1.0000  -0.3567  -0.3606
    647    103366   160   -4.625    1711     66     23  -0.5160  -1.0000  -1.0000  -0.3465
    648    103527   161   -0.028    3344     54     26  -0.2178  -1.0000  -0.6298  +0.5367
    649    103687   160   -2.858    2170     64     27  -0.4616  -1.0000  -0.9619  -0.1483
    650    103850   163   +3.154    4056     50     25  +0.0270  -0.9354  +0.2445  +1.0000
    651    104016   166   -1.887    2504     45     26  -0.2906  -1.0000  -0.9187  +0.3842
    652    104174   158   +3.339    3834     48     26  -0.0171  -0.9937  -0.0179  +0.9913
    653    104337   163   +0.035    3052     53     24  -0.2156  -1.0000  -0.3738  +0.4466
    654    104496   159   +3.230    3619     51     23  -0.0635  -1.0000  +0.1255  +0.7737
    655    104657   161   -2.179    2705     64     17  -0.3026  -1.0000  -0.1950  +0.0604
    656    104814   157   +5.558    4341     44     22  +0.0727  -0.8606  +0.4309  +1.0000
    657    104978   164   +3.092    3796     50     25  -0.0234  -1.0000  +0.1561  +0.9141
    658    105137   159   -2.314    2577     52     24  -0.3310  -1.0000  -0.9058  +0.2334
    659    105297   160   +7.950    4907     59     23  +0.1489  -0.7120  +0.8749  +1.0000
    660    105457   160   -5.954    1312     49     29  -0.5202  -1.0000  -1.0000  -0.3342
    661    105627   170   -2.065    1894     56     14  -0.3843  -1.0000  -0.4388  -0.1566
    662    105794   167   +4.102    3951     41     35  -0.0391  -0.9630  -0.1843  +1.0000
    663    105948   154   -4.202    2331     54     23  -0.3831  -1.0000  -1.0000  +0.0878
    664    106110   162   -1.380    2552     46     23  -0.2667  -1.0000  -0.8015  +0.4024
    665    106270   160   -4.292    1062     56     29  -0.5809  -1.0000  -1.0000  -0.5287
    666    106424   154   -4.493     797     62     17  -0.6026  -1.0000  -1.0000  -0.6764
    667    106586   162   +4.634    3636     49     18  +0.0069  -1.0000  +0.5236  +0.8465
    668    106741   155   +4.329    4032     54     20  +0.0436  -0.9417  +0.7370  +0.8611
    669    106895   154   -1.984    2301     45     29  -0.2849  -1.0000  -0.5055  +0.2824
    670    107052   157   -5.165    1106     46     24  -0.5295  -1.0000  -1.0000  -0.3968
    671    107210   158   +3.002    3955     47     34  +0.0028  -0.9619  +0.2279  +1.0000
    672    107368   158   +0.517    2953     43     31  -0.1701  -1.0000  -0.5729  +0.6993
    673    107525   157   +6.522    3517     49     24  +0.0289  -1.0000  +1.0000  +0.8005
    674    107687   162   +0.205    2734     48     16  -0.1971  -1.0000  -0.2817  +0.4177
    675    107847   160   -4.487    1502     53     28  -0.4944  -1.0000  -0.8660  -0.2913
    676    108011   164   -3.472    2711     57     35  -0.3375  -1.0000  -0.6172  +0.1941
    677    108170   159   -2.645    1955     43     22  -0.3671  -1.0000  -1.0000  +0.1292
    678    108333   163   +0.877    2846     51     21  -0.1951  -1.0000  -0.0657  +0.3898
    679    108495   162   +3.378    3114     42     19  -0.0264  -1.0000  +0.1498  +0.8564
    680    108651   156   +0.078    1882     40     16  -0.2666  -1.0000  -0.3053  +0.1844
    681    108807   156   +1.315    2796     41     17  -0.1480  -1.0000  -0.6576  +0.7102
    682    108971   164   -5.712    1730     65     20  -0.5085  -1.0000  -1.0000  -0.3377
    683    109130   159   +3.233    3739     56     24  -0.0379  -1.0000  +0.7309  +0.6696
    684    109290   160   -6.309    1518     53     26  -0.4979  -1.0000  -1.0000  -0.2786
    685    109452   162   -3.887     943     66     33  -0.6260  -1.0000  -1.0000  -0.6433
    686    109608   156   -3.426    1783     35     25  -0.3236  -1.0000  -0.9178  +0.2597
    687    109760   152   +5.816    2782     43     21  -0.0545  -1.0000  +0.6607  +0.6068
    688    109917   157   -6.151    1271     52     29  -0.5366  -1.0000  -1.0000  -0.3831
    689    110076   159   +5.291    4078     50     27  +0.0630  -0.9297  +0.6170  +1.0000
    690    110237   161   -2.433    2769     56     36  -0.3265  -1.0000  -0.6356  +0.2408
    691    110396   159   +5.300    4592     42     23  +0.1174  -0.7946  +0.7249  +1.0000
    692    110553   157   +3.199    2731     23     22  -0.0324  -1.0000  -0.3174  +1.0000
    693    110709   156   +3.829    3174     39     19  +0.0367  -1.0000  +0.3520  +1.0000
    694    110869   160   +6.631    4798     36     23  +0.1146  -0.7407  +0.5559  +1.0000
    695    111029   160   -3.329     738     69     22  -0.6319  -1.0000  -1.0000  -0.7328
    696    111188   159   -2.063    1715     37     25  -0.3600  -1.0000  -1.0000  +0.1650
    697    111351   163   -2.271    2635     48     27  -0.2606  -1.0000  -0.5170  +0.3580
    698    111512   161   +2.438    2618     36     26  -0.0713  -1.0000  -0.1235  +0.8406
    699    111680   168   +3.636    3732     51     32  -0.0195  -1.0000  +0.6242  +0.8159
    700    111838   158   +1.423    2580     38     25  -0.1514  -1.0000  -0.5398  +0.7078

  ── rolling mean (last 100 ep) ──  cum_R=+0.386  yield=2940 kg/ha  N=54  W=24 mm  R_seas=-0.2165  R_ane=+0.3457

    701    111998   160   +6.052    3908     50     24  +0.0758  -0.9743  +0.9141  +0.9636
    702    112159   161   +4.383    3774     46     25  +0.0346  -1.0000  +0.4658  +1.0000
    703    112319   160   +0.387    2750     48     27  -0.1931  -1.0000  -0.0354  +0.4235
    704    112481   162   -3.254    2012     45     20  -0.3688  -1.0000  -1.0000  +0.1081
    705    112637   156   +5.342    4421     48     18  +0.1414  -0.8397  +1.0000  +1.0000
    706    112792   155   +2.725    2717     31     35  -0.0479  -1.0000  -0.2115  +1.0000
    707    112959   167   -4.138    2297     57     20  -0.3668  -1.0000  -0.6436  +0.0056
    708    113122   163   +2.463    3342     38     27  -0.0473  -1.0000  -0.3298  +1.0000
    709    113280   158   -2.767    1930     63     22  -0.3906  -1.0000  -0.1118  -0.2318
    710    113444   164   +0.932    3247     49     28  -0.1186  -1.0000  -0.0039  +0.6663
    711    113610   166   -4.934    1162     54     23  -0.5501  -1.0000  -1.0000  -0.4662
    712    113769   159   +4.102    3817     46     22  +0.0078  -0.9982  +0.1343  +1.0000
    713    113928   159   +6.206    4787     51     16  +0.1091  -0.7435  +0.3987  +1.0000
    714    114084   156   +4.109    3390     31     19  +0.0160  -1.0000  +0.1123  +1.0000
    715    114239   155   -2.673    1276     39     19  -0.4036  -1.0000  -0.4841  -0.1887
    716    114395   156   -3.960    1812     41     23  -0.3751  -1.0000  -1.0000  +0.1056
    717    114550   155   +8.140    4339     39     23  +0.1142  -0.8612  +0.8447  +1.0000
    718    114702   152   -1.662    2074     40     16  -0.2620  -1.0000  -0.5429  +0.2792
    719    114866   164   +1.397    2314     37     23  -0.1571  -1.0000  -0.2419  +0.5720
    720    115027   161   +3.057    2696     45     12  -0.0872  -1.0000  +0.4916  +0.4963
    721    115186   159   -2.695    1797     38     18  -0.3358  -1.0000  -1.0000  +0.1970
    722    115345   159   +6.041    3100     52     16  -0.0925  -1.0000  +0.5562  +0.4934
    723    115501   156   +2.051    2622     39     14  -0.1116  -1.0000  -0.2846  +0.6800
    724    115660   159   -3.336    1744     42     13  -0.3488  -1.0000  -0.7295  +0.0386
    725    115818   158   +2.159    3202     42     25  -0.0608  -1.0000  -0.2297  +0.9083
    726    115980   162   +3.570    3556     42     28  -0.0436  -1.0000  -0.2713  +1.0000
    727    116143   163   -4.604    1289     48     13  -0.4848  -1.0000  -1.0000  -0.3240
    728    116303   160   -0.434    2947     50     18  -0.1801  -1.0000  -0.2481  +0.4784
    729    116459   156   +2.586    3261     37     22  -0.0394  -1.0000  -0.3634  +1.0000
    730    116615   156   -0.368    2758     47     29  -0.1890  -1.0000  -0.1057  +0.4738
    731    116776   161   +2.166    2859     40     19  -0.0904  -1.0000  -0.3271  +0.7990
    732    116930   154   -4.748    1783     60     28  -0.4625  -1.0000  -0.6560  -0.2542
    733    117091   161   +2.426    2644     37     27  -0.1168  -1.0000  -0.4370  +0.8009
    734    117253   162   -3.605    2302     55     29  -0.3236  -1.0000  -0.1683  +0.0500
    735    117417   164   +0.554    2378     38     29  -0.2419  -1.0000  -0.8978  +0.5544
    736    117578   161   -5.071    1197     46     17  -0.4697  -1.0000  -0.6892  -0.3488
    737    117737   159   -4.900     798     44     28  -0.5812  -1.0000  -1.0000  -0.5446
    738    117895   158   -3.118    2068     50     19  -0.3567  -1.0000  -0.6932  +0.0420
    739    118061   166   -3.961    1060     53     18  -0.5486  -1.0000  -1.0000  -0.4982
    740    118216   155   -0.857    2396     43     16  -0.2014  -1.0000  -0.2787  +0.3987
    741    118376   160   +2.154    2720     36     19  -0.0690  -1.0000  -0.4110  +0.8989
    742    118537   161   +6.635    4658     42     20  +0.1173  -0.7774  +0.6304  +1.0000
    743    118691   154   -1.846    2136     39     36  -0.2923  -1.0000  -0.7130  +0.3680
    744    118853   162   -3.716    1015     76     21  -0.6113  -1.0000  -1.0000  -0.6662
    745    119018   165   -2.186    2867     56     34  -0.3137  -1.0000  -0.6361  +0.2724
    746    119183   165   +3.354    3715     45     31  -0.0554  -1.0000  -0.3159  +1.0000
    747    119342   159   -0.361    2598     47     19  -0.1654  -1.0000  +0.2429  +0.3692
    748    119503   161   -0.104    2478     42     16  -0.1848  -1.0000  -0.3047  +0.4647
    749    119663   160   -0.889    2136     37     22  -0.2513  -1.0000  -0.8022  +0.4423
    750    119820   157   +0.698    2989     51     17  -0.1014  -1.0000  +0.5868  +0.4596
    751    119982   162   +4.553    4370     52     20  +0.0362  -0.8531  +0.0355  +1.0000
    752    120143   161   -1.986    2130     41     18  -0.3080  -1.0000  -1.0000  +0.2962
    753    120295   152   +5.068    4115     45     25  +0.1085  -0.9199  +1.0000  +1.0000
    754    120452   157   +3.587    2977     36     20  -0.0742  -1.0000  -0.7598  +1.0000
    755    120607   155   +3.979    3911     46     18  -0.0116  -0.9734  -0.2003  +1.0000
    756    120766   159   +0.201    3045     49     13  -0.1908  -1.0000  -0.6434  +0.5401
    757    120922   156   +6.734    4579     41     21  +0.1486  -0.7981  +1.0000  +1.0000
    758    121084   162   +0.655    2701     43     18  -0.1208  -1.0000  +0.0057  +0.5857
    759    121245   161   +5.589    4434     49     17  +0.1027  -0.8362  +0.5854  +1.0000
    760    121404   159   -4.438     628     37     16  -0.5655  -1.0000  -1.0000  -0.5791
    761    121574   170   +0.055    2890     48     29  -0.1854  -1.0000  -0.2087  +0.5206
    762    121734   160  +10.491    5848     50     17  +0.2146  -0.4651  +0.7734  +1.0000
    763    121890   156   -3.871    1962     53     12  -0.4105  -1.0000  -1.0000  -0.0755
    764    122049   159   +6.261    3433     42     23  +0.0938  -1.0000  +1.0000  +1.0000
    765    122212   163   -2.875    1639     75     14  -0.4784  -1.0000  -0.4444  -0.4554
    766    122369   157   +6.705    4422     36     22  +0.0988  -0.8395  +0.6218  +1.0000
    767    122525   156   -3.685    2154     50     20  -0.3518  -1.0000  -0.7369  +0.0800
    768    122684   159   -0.097    1761     39     29  -0.2958  -1.0000  -0.1639  +0.1265
    769    122846   162   +2.669    3156     44     24  -0.0825  -1.0000  -0.0716  +0.7774
    770    123001   155   -3.681    1120     63     28  -0.5881  -1.0000  -1.0000  -0.5561
    771    123159   158   -2.660    1697     34     26  -0.3300  -1.0000  -0.9086  +0.2385
    772    123320   161   +1.037    3004     45     23  -0.1313  -1.0000  -0.2512  +0.6682
    773    123486   166   -0.718    2931     54     14  -0.2415  -1.0000  -0.5607  +0.3521
    774    123643   157   +1.654    2851     39     21  -0.0863  -1.0000  -0.2855  +0.8119
    775    123798   155   +1.448    2143     30     20  -0.1459  -1.0000  -0.8235  +0.7773
    776    123963   165   +6.143    4477     48     28  +0.0472  -0.8250  +0.2191  +1.0000
    777    124121   158   +0.466    2074     37     27  -0.1979  -1.0000  -0.0271  +0.3930
    778    124275   154   +3.218    2626     30     24  -0.0705  -1.0000  -0.6549  +1.0000
    779    124424   149   -4.215    1215     27     25  -0.3682  -1.0000  -1.0000  +0.1301
    780    124590   166   +4.204    4059     46     20  -0.0065  -0.9347  -0.2166  +1.0000
    781    124748   158   -0.902    2333     37     28  -0.2238  -1.0000  -0.8016  +0.5698
    782    124907   159   -4.583    1882     44     20  -0.3743  -1.0000  -0.9131  +0.0616
    783    125061   154   +1.441    3515     58     10  -0.1168  -1.0000  +0.1438  +0.5112
    784    125223   162   +4.950    3759     42     21  +0.0415  -1.0000  +0.4351  +1.0000
    785    125382   159   -2.310    1705     61     14  -0.3990  -1.0000  -0.1555  -0.2993
    786    125538   156   +7.910    4198     63     11  +0.0362  -0.8982  +1.0000  +0.6665
    787    125697   159   -4.328    1848     45     31  -0.4158  -1.0000  -1.0000  +0.0266
    788    125864   167   +1.639    3359     59      7  -0.1533  -1.0000  -0.0440  +0.4340
    789    126023   159   +0.071    2849     44     23  -0.1852  -1.0000  -0.6051  +0.6076
    790    126185   162   +5.347    4031     46     15  +0.0506  -0.9420  +0.2808  +1.0000
    791    126344   159   +2.803    1798     23     28  -0.1219  -1.0000  -1.0000  +0.9620
    792    126510   166   -1.318    3045     58     19  -0.2229  -1.0000  -0.1472  +0.3143
    793    126666   156   -0.099    2706     44     11  -0.1479  -1.0000  -0.2528  +0.5385
    794    126832   166   -3.503    1932     63     19  -0.4192  -1.0000  -0.4355  -0.2370
    795    126986   154   -4.726    1308     40     13  -0.4416  -1.0000  -1.0000  -0.1821
    796    127143   157   +2.884    3449     45     24  -0.0674  -1.0000  -0.3531  +0.9236
    797    127309   166   +0.099    2639     42     12  -0.1890  -1.0000  -0.6918  +0.5517
    798    127471   162   -3.257    1974     40     40  -0.3623  -1.0000  -0.8892  +0.2254
    799    127635   164   +5.407    3674     50     27  -0.0066  -1.0000  +0.5659  +0.8448
    800    127793   158   -0.084    2694     68     23  -0.3315  -1.0000  -0.1503  -0.0116

  ── rolling mean (last 100 ep) ──  cum_R=+0.674  yield=2742 kg/ha  N=46  W=21 mm  R_seas=-0.1852  R_ane=+0.4643

    801    127957   164  +10.548    5144     53     17  +0.1638  -0.6500  +0.7387  +1.0000
    802    128120   163   -2.047    2387     46     17  -0.2649  -1.0000  -0.5850  +0.2956
    803    128281   161   +2.413    2776     52     10  -0.1677  -1.0000  +0.1755  +0.3270
    804    128442   161   -1.419    2418     44     13  -0.2569  -1.0000  -0.8196  +0.3759
    805    128604   162   +5.339    3762     44     23  +0.0268  -1.0000  +0.3352  +1.0000
    806    128761   157   +0.483    3349     53     15  -0.1014  -1.0000  +0.2064  +0.5697
    807    128924   163   +3.716    3841     52     25  -0.0448  -0.9920  +0.1888  +0.8274
    808    129088   164   -0.187    2802     73     14  -0.2886  -1.0000  +0.2076  -0.0396
    809    129244   156   +0.738    2743     79     15  -0.2976  -1.0000  +0.4306  -0.1349
    810    129402   158   -0.183    3263     54     16  -0.1925  -1.0000  -0.5300  +0.5221
    811    129555   153   -0.820    2426     39     22  -0.1934  -1.0000  -0.5854  +0.5656
    812    129713   158   -6.416    1593     44     44  -0.4742  -1.0000  -1.0000  -0.0883
    813    129867   154   +6.750    4695     36     21  +0.1449  -0.7677  +0.8804  +1.0000
    814    130032   165   -3.065    2113     52     17  -0.3944  -1.0000  -1.0000  +0.0077
    815    130191   159   -5.294    1306     50     33  -0.5318  -1.0000  -1.0000  -0.3427
    816    130350   159   -2.884    1217     64     21  -0.5380  -1.0000  -0.7127  -0.5258
    817    130508   158   -4.420    1948     50     14  -0.3831  -1.0000  -0.8614  -0.0187
    818    130671   163   +4.993    3472     36     14  +0.0189  -1.0000  +0.0607  +1.0000
    819    130835   164   -5.104    1904     49     15  -0.3981  -1.0000  -1.0000  -0.0198
    820    130999   164   +7.129    4900     50     38  +0.1330  -0.7139  +1.0000  +1.0000
    821    131158   159   -0.035    2185     33     35  -0.2183  -1.0000  -0.8518  +0.6475
    822    131319   161   -5.397    2097     68     18  -0.4683  -1.0000  -0.9445  -0.2309
    823    131476   157   -4.910    1815     45     14  -0.3671  -1.0000  -0.7862  +0.0015
    824    131633   157   +1.120    2521     37     22  -0.1463  -1.0000  -0.5944  +0.7207
    825    131794   161   +1.459    2776     39     15  -0.0926  -1.0000  -0.3620  +0.7805
    826    131950   156   -4.910    1770     46     26  -0.4252  -1.0000  -1.0000  -0.0391
    827    132112   162   +0.198    2272     56     28  -0.2941  -1.0000  +0.2025  +0.0168
    828    132269   157   -5.187    1581     42     11  -0.3875  -1.0000  -0.8902  -0.0525
    829    132430   161   -3.510    3027     64     15  -0.2941  -1.0000  -0.5216  +0.1798
    830    132593   163   -2.138    2387     49     23  -0.3069  -1.0000  -0.6453  +0.2228
    831    132752   159   -2.437    1658     82     17  -0.4686  -1.0000  -0.1648  -0.4915
    832    132917   165   -3.239    2355     49     26  -0.3457  -1.0000  -0.9317  +0.2052
    833    133081   164   +7.681    4245     64     15  +0.0202  -0.8859  +0.9568  +0.6451
    834    133241   160   +3.782    3466     60     22  -0.0946  -1.0000  +0.8241  +0.4406
    835    133401   160   +6.573    3980     49     28  +0.0823  -0.9555  +0.9032  +1.0000
    836    133557   156   +5.293    3979     48     24  +0.0712  -0.9555  +0.7128  +1.0000
    837    133711   154  +10.173    4539     57     18  +0.1416  -0.8087  +1.0000  +0.9803
    838    133872   161   -1.969    2273     42     20  -0.2920  -1.0000  -0.9435  +0.3414
    839    134032   160   +4.347    3847     48     15  +0.0037  -0.9902  -0.0715  +1.0000
    840    134187   155   -4.280    2010     47     23  -0.3554  -1.0000  -0.6758  +0.0671
    841    134345   158   -1.291    2326     44     29  -0.2527  -1.0000  -0.3274  +0.3279
    842    134506   161   +4.245    3512     42     12  +0.0088  -1.0000  -0.0609  +1.0000
    843    134664   158   -5.503    2011     55     14  -0.3951  -1.0000  -0.7508  -0.0893
    844    134823   159   +8.699    4385     56     23  +0.1034  -0.8490  +0.8435  +0.9722
    845    134986   163   -0.767    1560     90     35  -0.6115  -1.0000  -0.9761  -0.5670
    846    135137   151   -5.745    1747     54     23  -0.4659  -1.0000  -1.0000  -0.1866
    847    135295   158   +3.990    3926     55     19  +0.0040  -0.9696  +0.6521  +0.7802
    848    135460   165   -2.461    2416     48     16  -0.3177  -1.0000  -1.0000  +0.2589
    849    135624   164   -4.591    1366     70     28  -0.5771  -1.0000  -1.0000  -0.5090
    850    135788   164   -4.896    1863     58     23  -0.4651  -1.0000  -0.9573  -0.1972
    851    135944   156   +3.080    2286     28     26  -0.0970  -1.0000  -0.8725  +1.0000
    852    136101   157   -4.206    2164     68     42  -0.4649  -1.0000  -0.5273  -0.2014
    853    136265   164   -2.595    2456     54     13  -0.3211  -1.0000  -0.7149  +0.1360
    854    136429   164   -0.646    2541     47     12  -0.2203  -1.0000  -0.3759  +0.3419
    855    136592   163   -0.128    3634     77     20  -0.2362  -1.0000  +0.1868  +0.1835
    856    136752   160   +5.842    4433     49     27  +0.0897  -0.8366  +0.6520  +1.0000
    857    136914   162   -1.767    2571     62     32  -0.3499  -1.0000  -0.3364  +0.0423
    858    137081   167   -3.246    2289     48     31  -0.3192  -1.0000  -0.5116  +0.1862
    859    137241   160   +3.983    3766     72     15  -0.1507  -1.0000  +0.5237  +0.3157
    860    137405   164   +9.833    4940     46     20  +0.1543  -0.7035  +0.8096  +1.0000
    861    137566   161   -0.625    2690     48     21  -0.2072  -1.0000  -0.2634  +0.4134
    862    137724   158   +3.392    3302     40     16  +0.0043  -1.0000  -0.0412  +1.0000
    863    137883   159   +5.099    3879     48     17  +0.0359  -0.9820  +0.2804  +1.0000
    864    138043   160   -6.317    1221     45     21  -0.5018  -1.0000  -1.0000  -0.3247
    865    138199   156   -1.760    2502     46     20  -0.2663  -1.0000  -0.7774  +0.3761
    866    138360   161   +0.140    2881     46     23  -0.1972  -1.0000  -0.6200  +0.5756
    867    138522   162   -5.066    2305     61     25  -0.3854  -1.0000  -0.5281  -0.0575
    868    138673   151   -2.626    1888     34     23  -0.2849  -1.0000  -0.9808  +0.3894
    869    138840   167   +5.346    3830     55     13  -0.0127  -0.9948  +0.5264  +0.7439
    870    139000   160   +0.882    2509     54     18  -0.2516  -1.0000  +0.0297  +0.1531
    871    139158   158   +2.457    3197     41     27  -0.0717  -1.0000  -0.4835  +0.9679
    872    139315   157   +4.246    3325     38     19  -0.0299  -1.0000  -0.3277  +1.0000
    873    139478   163   -4.862    2093     48     20  -0.3726  -1.0000  -1.0000  +0.0965
    874    139638   160   -0.529    3078     56     20  -0.2063  -1.0000  -0.1159  +0.3661
    875    139797   159   -2.061    1804     34     20  -0.2985  -1.0000  -1.0000  +0.3368
    876    139956   159   -5.383    1795     56     25  -0.4694  -1.0000  -0.9733  -0.1926
    877    140121   165   -1.747    2424     43     25  -0.2754  -1.0000  -0.9025  +0.4159
    878    140283   162   -2.093    2128     70     22  -0.4283  -1.0000  -0.4407  -0.2377
    879    140444   161   +1.062    2938     51     19  -0.1198  -1.0000  +0.4704  +0.4480
    880    140599   155   -1.593    2044     38     20  -0.2594  -1.0000  -0.5748  +0.3265
    881    140763   164   +0.880    3512     56     38  -0.1485  -1.0000  +0.1878  +0.5776
    882    140922   159   -2.720    2213     48     22  -0.3342  -1.0000  -0.7334  +0.1511
    883    141083   161   -3.139    2524     47     28  -0.2914  -1.0000  -0.7299  +0.3336
    884    141244   161   +6.343    4934     54     24  +0.1403  -0.7050  +0.7923  +1.0000
    885    141403   159   -0.918    2759     50     10  -0.2037  -1.0000  -0.3398  +0.3800
    886    141562   159   +2.402    2777     58      7  -0.1724  -1.0000  +0.4855  +0.1928
    887    141724   162   +7.551    4932     57     21  +0.1495  -0.7056  +0.8261  +1.0000
    888    141881   157   -1.695    2409     43     22  -0.2594  -1.0000  -0.7151  +0.3892
    889    142044   163   -3.521    1999     86     30  -0.4809  -1.0000  -0.2327  -0.4159
    890    142208   164   -3.164    2112     45     14  -0.3154  -1.0000  -0.7840  +0.1785
    891    142363   155   +0.325    2290     36     24  -0.1994  -1.0000  -0.7580  +0.6089
    892    142526   163   +4.348    3771     56     15  -0.0600  -1.0000  +0.2559  +0.6969
    893    142687   161   +1.411    3402     63     13  -0.1490  -1.0000  +0.3862  +0.3499
    894    142844   157   -1.194    3253     61     25  -0.2262  -1.0000  -0.1297  +0.3381
    895    143001   157   +1.857    3322     47     10  -0.0837  -1.0000  -0.2643  +0.7524
    896    143162   161   +0.324    2791     42     33  -0.2037  -1.0000  -0.7077  +0.6444
    897    143320   158   -0.879    2674     46     19  -0.2092  -1.0000  -0.4591  +0.4561
    898    143481   161   +3.031    3564     45     21  -0.0036  -1.0000  +0.0821  +0.9729
    899    143643   162   -2.824    2640     64     37  -0.3702  -1.0000  -0.3717  +0.0260
    900    143798   155   +3.602    3099     35     12  -0.0127  -1.0000  -0.2931  +1.0000

  ── rolling mean (last 100 ep) ──  cum_R=+0.147  yield=2818 kg/ha  N=52  W=21 mm  R_seas=-0.2119  R_ane=+0.3798

    901    143961   163   +4.480    4065     49     18  +0.0375  -0.9331  +0.1824  +1.0000
    902    144124   163   +7.028    4779     47     14  +0.1151  -0.7456  +0.4238  +1.0000
    903    144288   164   -5.086    2062     61     12  -0.4179  -1.0000  -0.8266  -0.1535
    904    144445   157   -3.285    2144     46     19  -0.3480  -1.0000  -0.9761  +0.1639
    905    144609   164   -2.174    1059     84     17  -0.6104  -1.0000  -1.0000  -0.6845
    906    144767   158   +2.247    3182     45     34  -0.0694  -1.0000  +0.2576  +0.7773
    907    144926   159   -1.685    2054     39     10  -0.2818  -1.0000  -0.9474  +0.3098
    908    145086   160   +3.742    3678     65     14  -0.0993  -1.0000  +0.6941  +0.4232
    909    145258   172   +2.822    2982     37     10  -0.0386  -1.0000  -0.5822  +0.9999
    910    145419   161   +6.939    4027     72      9  -0.0505  -0.9431  +1.0000  +0.4067
    911    145575   156   -4.705    1028     70     12  -0.5821  -1.0000  -1.0000  -0.6339
    912    145736   161  +11.449    4896     64     15  +0.1517  -0.7149  +1.0000  +0.9253
    913    145895   159   -3.493    1690     39     19  -0.3712  -1.0000  -1.0000  +0.0877
    914    146064   169   +1.207    3695     58      8  -0.1356  -1.0000  -0.2847  +0.5796
    915    146223   159   +5.636    3544     57     20  -0.0810  -1.0000  +0.5583  +0.5566
    916    146381   158   -0.155    2548     46     14  -0.1995  -1.0000  -0.2743  +0.3940
    917    146545   164   -6.654    2030     59     34  -0.4607  -1.0000  -0.8694  -0.1361
    918    146701   156   -2.928    1976     40     29  -0.3441  -1.0000  -1.0000  +0.2470
    919    146860   159   -4.498    1771     42     12  -0.3684  -1.0000  -1.0000  +0.0551
    920    147018   158   +4.643    4404     54     17  +0.1146  -0.8441  +0.7428  +1.0000
    921    147170   152   +3.821    4149     46     14  +0.0197  -0.9111  -0.1339  +1.0000
    922    147325   155   -5.491    2258     46     40  -0.3473  -1.0000  -0.6903  +0.2130
    923    147488   163   +3.435    3095     39     17  -0.0556  -1.0000  -0.6242  +1.0000
    924    147654   166   +4.883    4096     63     24  -0.0590  -0.9249  +0.5136  +0.6169
    925    147810   156   -3.280    2068     57     16  -0.4200  -1.0000  -0.9324  -0.0986
    926    147967   157   +2.146    3244     45     12  -0.0995  -1.0000  -0.5716  +0.8078
    927    148119   152   +5.428    4166     39     18  +0.0654  -0.9065  +0.3736  +1.0000
    928    148278   159   -2.988    2650     56     27  -0.3006  -1.0000  -0.3682  +0.1830
    929    148435   157   +6.888    4209     58     15  +0.0721  -0.8952  +1.0000  +0.8008
    930    148598   163  +10.984    5044     64     20  +0.1429  -0.6760  +0.7698  +0.9682
    931    148753   155   +3.258    2946     38     15  -0.0298  -1.0000  -0.2963  +0.9625
    932    148908   155   +0.126    2604     50     12  -0.2341  -1.0000  -0.4035  +0.3074
    933    149070   162   -3.823    2121     51     16  -0.3865  -1.0000  -1.0000  +0.0323
    934    149226   156   -0.668    2478     41     14  -0.2084  -1.0000  -0.7410  +0.5143
    935    149388   162   +5.473    4639     68     22  +0.0461  -0.7825  +0.8807  +0.7192
    936    149539   151   +6.678    4186     54     21  +0.0864  -0.9012  +0.8579  +0.9378
    937    149696   157   +5.473    2861     58     18  -0.1479  -1.0000  +0.7972  +0.2422
    938    149855   159   -4.415    1306     57     12  -0.5163  -1.0000  -1.0000  -0.4250
    939    150009   154   -4.920    1834     56     11  -0.4179  -1.0000  -0.7721  -0.1792
    940    150171   162   -2.673    1553     72     18  -0.4804  -1.0000  -0.3888  -0.4586
    941    150334   163   +2.186    3362     53     26  -0.1264  -1.0000  +0.1358  +0.5862
    942    150499   165   +4.666    3561     42     18  -0.0264  -1.0000  -0.2894  +1.0000
    943    150656   157   +5.090    3812     47     10  +0.0897  -0.9996  +0.7249  +1.0000
    944    150816   160   +0.411    3478     70     12  -0.2100  -1.0000  +0.0760  +0.2494
    945    150975   159   +7.188    4869     42      9  +0.1172  -0.7220  +0.2706  +1.0000
    946    151133   158   -3.194     852     74      8  -0.5886  -1.0000  -0.8869  -0.7130
    947    151292   159   -5.549    1591     48     23  -0.4548  -1.0000  -0.9298  -0.1769
    948    151442   150   -1.794    2283     42     20  -0.2439  -1.0000  -0.4662  +0.3433
    949    151606   164   +6.644    4756     48     13  +0.1439  -0.7516  +0.7039  +1.0000
    950    151765   159   +2.942    3788     54     11  -0.0428  -1.0000  +0.1479  +0.7611
    951    151925   160   -4.209    2536     60     15  -0.3329  -1.0000  -0.5149  +0.0482
    952    152089   164   +5.376    4204     77     17  -0.1141  -0.8967  +0.5388  +0.3687
    953    152245   156   +2.054    2959     40     16  -0.0871  -1.0000  -0.4859  +0.8452
    954    152405   160   +2.822    3281     70     12  -0.1774  -1.0000  +0.6157  +0.1750
    955    152566   161   +5.463    3771     42     21  +0.0122  -1.0000  +0.1571  +1.0000
    956    152723   157   -0.364    2174     75     21  -0.3704  -1.0000  +0.2375  -0.2762
    957    152884   161   -1.136    2813     57     30  -0.2489  -1.0000  +0.0225  +0.2436
    958    153043   159   +2.963    3406     45     16  -0.0719  -1.0000  -0.4479  +0.8861
    959    153202   159   -3.419    1588     69     23  -0.4685  -1.0000  -0.2710  -0.4266
    960    153361   159   -1.197    2879     69     13  -0.2934  -1.0000  -0.1223  +0.0403
    961    153521   160   -2.351    2652     59     16  -0.2976  -1.0000  -0.3888  +0.1289
    962    153687   166   +5.569    4382     64      9  -0.0067  -0.8498  +0.3123  +0.6993
    963    153847   160   -2.194    2472     51     20  -0.3023  -1.0000  -0.5953  +0.2014
    964    154010   163   +0.582    2828     67     25  -0.2982  -1.0000  +0.0161  +0.0566
    965    154172   162   -2.585    2090     74     26  -0.3985  -1.0000  +0.0997  -0.2947
    966    154339   167   -2.098    2254     46     14  -0.3081  -1.0000  -0.8410  +0.2193
    967    154502   163   -4.471    2195     58     16  -0.4135  -1.0000  -1.0000  -0.0555
    968    154667   165   +6.478    4869     56     18  +0.0851  -0.7221  +0.1698  +1.0000
    969    154832   165   +1.313    2977     43     14  -0.1098  -1.0000  -0.3864  +0.7233
    970    154991   159   +9.647    4942     57     19  +0.1715  -0.7029  +1.0000  +1.0000
    971    155150   159   +0.853    2401     36     19  -0.1848  -1.0000  -0.8954  +0.6713
    972    155312   162   -4.029    1472     62     27  -0.5432  -1.0000  -1.0000  -0.4110
    973    155469   157   +7.546    5096     48     18  +0.1788  -0.6624  +0.9249  +1.0000
    974    155632   163   -4.265    2201     50     47  -0.4271  -1.0000  -1.0000  +0.0982
    975    155791   159   -1.157    2718     51     19  -0.2157  -1.0000  -0.1624  +0.3403
    976    155961   170   +3.161    3979     57     18  -0.0423  -0.9557  +0.1886  +0.7590
    977    156124   163   +1.087    2775     65     14  -0.2824  -1.0000  -0.0562  +0.0609
    978    156282   158   +2.895    3124     42      9  -0.0845  -1.0000  -0.6553  +0.8657
    979    156435   153   +3.001    2985     37     19  -0.0518  -1.0000  -0.5486  +1.0000
    980    156590   155   +6.510    4323     62     20  +0.0194  -0.8654  +0.6860  +0.7430
    981    156750   160   -2.953     907    108     13  -0.6410  -1.0000  -1.0000  -0.7906
    982    156908   158   +0.574    3500     58     22  -0.1495  -1.0000  +0.0870  +0.5044
    983    157073   165   +1.530    3009     78     18  -0.2863  -1.0000  +0.3086  -0.0385
    984    157232   159   +2.503    3517     83     20  -0.2161  -1.0000  +0.7647  +0.0631
    985    157388   156   -5.675    1416     55     13  -0.4955  -1.0000  -1.0000  -0.3533
    986    157549   161   -4.487    1888     46     19  -0.3902  -1.0000  -0.9908  +0.0290
    987    157711   162   +4.522    3997     54     20  +0.0435  -0.9508  +0.7901  +0.8539
    988    157869   158   +6.236    4141     46     10  +0.0522  -0.9131  +0.1232  +1.0000
    989    158024   155   -3.064    1266     90     26  -0.5921  -1.0000  -0.7229  -0.6479
    990    158186   162   +4.542    3880     49     26  +0.0231  -0.9815  +0.3852  +0.9778
    991    158340   154   -6.310    1287     52     13  -0.5041  -1.0000  -1.0000  -0.3795
    992    158505   165   +4.542    3406     85     24  -0.2311  -1.0000  +0.8717  +0.0034
    993    158662   157   -4.344    1539     65     13  -0.5148  -1.0000  -1.0000  -0.4062
    994    158820   158   -3.834     994     61     26  -0.5943  -1.0000  -1.0000  -0.5901
    995    158977   157   -0.113    2595     44     17  -0.1918  -1.0000  -0.4188  +0.4833
    996    159134   157   +0.363    3800     62     16  -0.1084  -1.0000  +0.3463  +0.5205
    997    159297   163   -2.629    1947     41     18  -0.3394  -1.0000  -1.0000  +0.1885
    998    159450   153   +3.251    2492     31     17  -0.0674  -1.0000  -0.7527  +1.0000
    999    159603   153   +0.408    2573     61     12  -0.2445  -1.0000  +0.3111  +0.0479
   1000    159761   158   +3.142    3584     50     17  -0.0654  -1.0000  -0.0282  +0.7827

  ── rolling mean (last 100 ep) ──  cum_R=+0.965  yield=2956 kg/ha  N=56  W=18 mm  R_seas=-0.1983  R_ane=+0.3647

   1001    159923   162   -2.948    2109     50     10  -0.3679  -1.0000  -1.0000  +0.0493
   1002    160080   157   +5.674    4257     42     15  +0.0352  -0.8826  -0.0277  +1.0000
   1003    160243   163   -4.192    1699     65     20  -0.5119  -1.0000  -1.0000  -0.3507
   1004    160402   159   +4.865    4067     45     21  +0.0147  -0.9325  +0.0034  +1.0000
   1005    160559   157   -0.398    2471     41      9  -0.2263  -1.0000  -1.0000  +0.5094
   1006    160723   164   +6.621    4558     50     10  +0.0815  -0.8036  +0.1593  +1.0000
   1007    160886   163   -2.669    2214     50     16  -0.3326  -1.0000  -0.7125  +0.1106
   1008    161040   154   -3.670    1066    101     23  -0.6424  -1.0000  -1.0000  -0.7367
   1009    161198   158   -0.666    2998     54     18  -0.2054  -1.0000  -0.2280  +0.3944
   1010    161358   160   +6.253    5062     54     22  +0.1272  -0.6713  +0.5225  +1.0000
   1011    161521   163   +5.621    4085     43     11  +0.0157  -0.9279  -0.1862  +1.0000
   1012    161682   161   -3.045    2448     54     12  -0.3373  -1.0000  -0.8859  +0.1297
   1013    161841   159   -1.357    2244     45     11  -0.3112  -1.0000  -1.0000  +0.2417
   1014    162000   159   -3.728    2856     69      3  -0.2970  -1.0000  -0.3197  +0.0302
   1015    162163   163   +2.740    3295     93     21  -0.2997  -1.0000  +0.5008  -0.1148
   1016    162320   157   +3.093    3749     74     18  -0.1758  -1.0000  +0.5095  +0.2595
   1017    162479   159   +2.955    3333     42     18  -0.0325  -1.0000  -0.3326  +0.9947
   1018    162639   160   +8.919    5446     55     18  +0.1882  -0.5707  +0.8057  +1.0000
   1019    162802   163   -5.861    1607     58     11  -0.4787  -1.0000  -1.0000  -0.3033
   1020    162961   159   +0.447    3603     61     15  -0.1404  -1.0000  +0.1296  +0.4767
   1021    163123   162   +6.811    4651     93     19  -0.1170  -0.7792  +0.6341  +0.2563
   1022    163284   161   +7.444    5317     61     15  +0.1555  -0.6043  +0.5319  +1.0000
   1023    163445   161   +0.541    3195     52     19  -0.1899  -1.0000  -0.5180  +0.5433
   1024    163613   168   +8.665    5736     63     20  +0.1897  -0.4944  +0.7035  +1.0000
   1025    163767   154   -2.515    2211     75      9  -0.3850  -1.0000  -0.1637  -0.2673
   1026    163933   166  +10.151    5466     58     18  +0.1716  -0.5653  +0.6354  +1.0000
   1027    164095   162   +4.818    4896     94     14  -0.0426  -0.7151  +1.0000  +0.2964
   1028    164257   162  +10.067    5942     70     11  +0.2068  -0.4406  +0.5712  +1.0000
   1029    164413   156   -3.837    2510     55     19  -0.3210  -1.0000  -0.6031  +0.1410
   1030    164578   165   +1.715    3307    100     22  -0.2812  -1.0000  +0.8973  -0.1731
   1031    164744   166   +8.922    5320     73     15  +0.0965  -0.6037  +0.5156  +0.8146
   1032    164906   162   +1.502    3763     56     17  -0.1130  -1.0000  -0.1345  +0.6646
   1033    165058   152   +2.724    3687     61     18  -0.1446  -1.0000  +0.0588  +0.5067
   1034    165217   159   -6.148    1886     69      9  -0.4785  -1.0000  -0.9725  -0.3198
   1035    165380   163   +4.045    4166     57     12  -0.0129  -0.9067  +0.0246  +0.8365
   1036    165539   159   +1.677    3610     74     23  -0.2106  -1.0000  +0.4083  +0.2136
   1037    165692   153   -0.611    1718    110     18  -0.4501  -1.0000  +0.4737  -0.6108
   1038    165855   163   +6.144    4392     49     16  +0.0543  -0.8474  +0.1055  +1.0000
   1039    166014   159   +8.753    5839     59     13  +0.2068  -0.4675  +0.6473  +1.0000
   1040    166171   157   -2.512    1276     90     18  -0.5695  -1.0000  -0.6679  -0.6469
   1041    166332   161   -2.823    1506     88     18  -0.5768  -1.0000  -0.9523  -0.5737
   1042    166501   169   +5.849    4962     72     17  +0.0383  -0.6978  +0.4772  +0.7266
   1043    166662   161   -0.199    3572     61     14  -0.1725  -1.0000  -0.1915  +0.4670
   1044    166814   152   -3.982    1524     60     22  -0.5178  -1.0000  -1.0000  -0.3596
   1045    166973   159   +5.889    4582     88     14  -0.0656  -0.7973  +0.9447  +0.2976
   1046    167135   162   +5.132    4222     57     13  -0.0299  -0.8918  -0.1865  +0.8399
   1047    167294   159   +4.773    4145     53     16  +0.0106  -0.9120  -0.0159  +0.9530
   1048    167449   155   +6.744    4522     58     13  +0.1072  -0.8131  +0.6675  +0.9514
   1049    167612   163  +10.768    5198     66     12  +0.1743  -0.6357  +0.8772  +0.9561
   1050    167773   161   +0.953    3225     50     11  -0.1040  -1.0000  -0.0841  +0.6298
   1051    167935   162   +2.241    3468    100     25  -0.2790  -1.0000  +0.8553  -0.1305
   1052    168098   163   -2.173    1249     95     18  -0.6116  -1.0000  -1.0000  -0.6717
   1053    168254   156   -2.622    2250     66     30  -0.4215  -1.0000  -0.4991  -0.1465
   1054    168417   163   -2.800    2156     48     10  -0.3280  -1.0000  -0.8124  +0.1209
   1055    168580   163   -0.988    1693     93     14  -0.5183  -1.0000  -0.5296  -0.5449
   1056    168740   160   +3.846    4284     67     16  -0.0337  -0.8756  +0.5595  +0.5957
   1057    168902   162   +0.762    3377     56      9  -0.1799  -1.0000  -0.4897  +0.5036
   1058    169057   155   -1.972    1293    105     14  -0.6097  -1.0000  -0.9684  -0.6916
   1059    169211   154   +3.835    3921     49      6  -0.0122  -0.9709  -0.4046  +0.9889
   1060    169374   163   -0.758    3215     64      7  -0.2894  -1.0000  -0.8670  +0.2604
   1061    169529   155   +4.284    4288     61      8  +0.0229  -0.8746  +0.4655  +0.7562
   1062    169686   157   -3.866    1919     93     28  -0.5068  -1.0000  -0.3137  -0.4856
   1063    169845   159   -4.854    1337     55     14  -0.5089  -1.0000  -1.0000  -0.3916
   1064    170009   164   +3.659    3200    111     15  -0.3065  -1.0000  +0.8638  -0.2817
   1065    170172   163   +0.884    3384     56      9  -0.1650  -1.0000  -0.3213  +0.5009
   1066    170333   161   +1.151    2800    114     27  -0.3610  -1.0000  +0.8851  -0.3864
   1067    170488   155   +4.385    3323     34      7  -0.0247  -1.0000  -0.5117  +1.0000
   1068    170644   156   -2.658    2166     84     42  -0.4928  -1.0000  -0.3104  -0.3519
   1069    170799   155   -0.932    2799     50     14  -0.2269  -1.0000  -0.5479  +0.3988
   1070    170960   161   -5.386    2120     52     15  -0.3815  -1.0000  -0.9057  +0.0090
   1071    171116   156   -2.765    1968    116     22  -0.4775  -1.0000  +0.2009  -0.5767
   1072    171279   163   -3.867    2551     64     12  -0.3551  -1.0000  -0.6342  -0.0034
   1073    171440   161   +2.609    4130     75     19  -0.1576  -0.9160  +0.1369  +0.3825
   1074    171599   159   +2.168    3831     76     11  -0.1648  -0.9944  +0.4860  +0.2550
   1075    171756   157   -0.714    2785     50     15  -0.2378  -1.0000  -0.6652  +0.4041
   1076    171913   157   -1.625    2120     73     32  -0.4861  -1.0000  -0.7025  -0.2741
   1077    172079   166   -4.214    2457     61     12  -0.3643  -1.0000  -0.7426  +0.0014
   1078    172232   153   -2.472    1933     40     15  -0.3316  -1.0000  -1.0000  +0.1952
   1079    172393   161   -1.486    2434     84     22  -0.4628  -1.0000  -0.6280  -0.2789
   1080    172554   161   +0.215    2506     82     12  -0.4119  -1.0000  -0.4468  -0.2404
   1081    172719   165   -0.112    3680     64     17  -0.2314  -1.0000  -0.5946  +0.4288
   1082    172880   161   +3.862    3940     92     19  -0.2303  -0.9658  +0.5227  +0.0669
   1083    173038   158   +1.023    3436     60     10  -0.1788  -1.0000  -0.1880  +0.4201
   1084    173200   162   +8.828    5342     82     13  +0.0939  -0.5980  +1.0000  +0.6373
   1085    173361   161   -2.357    2813     58     21  -0.3202  -1.0000  -0.7678  +0.2110
   1086    173515   154   +0.591    2649     90     20  -0.3477  -1.0000  +0.4432  -0.2598
   1087    173682   167  +10.202    6012     58     13  +0.2157  -0.4221  +0.6210  +1.0000
   1088    173848   166   +6.499    5248     93     19  -0.0671  -0.6225  +0.2629  +0.4159
   1089    174007   159   -4.899    2201     59     19  -0.4148  -1.0000  -0.9286  -0.0625
   1090    174163   156   -4.437    2043     56     11  -0.4134  -1.0000  -1.0000  -0.0905
   1091    174323   160   +0.608    3199     72     17  -0.2318  -1.0000  +0.3848  +0.1054
   1092    174486   163   +2.874    3907     56     11  -0.1006  -0.9745  -0.3881  +0.7296
   1093    174644   158   +2.588    2979     83     16  -0.3101  -1.0000  +0.2220  -0.0988
   1094    174809   165   -1.194    3703     67     28  -0.2247  -1.0000  -0.1411  +0.3751
   1095    174965   156   +0.824    3443     56      7  -0.1548  -1.0000  -0.3748  +0.5353
   1096    175125   160   -4.680    2162     60     10  -0.4133  -1.0000  -1.0000  -0.0911
   1097    175288   163   +4.894    4395     60      9  -0.0219  -0.8465  -0.2378  +0.8251
   1098    175449   161   -0.872    2642     88     13  -0.3891  -1.0000  -0.1653  -0.2453
   1099    175608   159  +12.329    6176     81     14  +0.2162  -0.3790  +0.8961  +0.8997
   1100    175767   159   +3.354    3274    111     13  -0.3134  -1.0000  +0.7126  -0.2641

  ── rolling mean (last 100 ep) ──  cum_R=+1.439  yield=3337 kg/ha  N=68  W=16 mm  R_seas=-0.2079  R_ane=+0.2729

   1101    175929   162   +7.718    5106     72     12  +0.0989  -0.6599  +0.7263  +0.7784
   1102    176088   159   -3.901    1892     96     24  -0.5273  -1.0000  -0.5292  -0.5081
   1103    176249   161   -1.095    3247     61     11  -0.2662  -1.0000  -0.7641  +0.3265
   1104    176409   160   +9.196    5410     68     16  +0.1666  -0.5802  +0.6754  +0.9766
   1105    176565   156   +1.724    3492     51     10  -0.0988  -1.0000  -0.2972  +0.7104
   1106    176730   165   -4.615    2595     73     17  -0.4353  -1.0000  -1.0000  -0.1109
   1107    176889   159   -1.890    3112     65     15  -0.3097  -1.0000  -0.7109  +0.1926
   1108    177049   160   +9.271    5300     76     14  +0.1212  -0.6089  +1.0000  +0.7374
   1109    177210   161   -3.542    2357     62     13  -0.4065  -1.0000  -1.0000  -0.0471
   1110    177370   160   +0.809    3699     59      8  -0.1593  -1.0000  -0.4581  +0.5618
   1111    177526   156   -1.588    1425     88     11  -0.5727  -1.0000  -1.0000  -0.5930
   1112    177679   153   -3.201    2654     61     28  -0.3952  -1.0000  -1.0000  +0.0902
   1113    177839   160   +4.306    4681     68     17  -0.0320  -0.7714  -0.0436  +0.7201
   1114    178000   161   -0.398    2852    114     13  -0.3761  -1.0000  +0.4295  -0.3752
   1115    178156   156   -1.609    3517     68     16  -0.2631  -1.0000  -0.5233  +0.2945
   1116    178307   151   +5.476    4544     55     13  +0.0465  -0.8073  -0.1084  +1.0000
   1117    178472   165   +6.833    5178     81     12  +0.0430  -0.6409  +0.6602  +0.6037
   1118    178630   158   +8.506    5659     64     13  +0.1836  -0.5146  +0.5410  +1.0000
   1119    178792   162   +2.896    4560     77     15  -0.1137  -0.8031  -0.0828  +0.4835
   1120    178957   165  +13.179    7521     78     12  +0.3186  -0.0260  +0.6849  +1.0000
   1121    179121   164   -2.935    2408     81     11  -0.4342  -1.0000  -0.6544  -0.2548
   1122    179277   156   -2.726    2259     44     14  -0.3045  -1.0000  -0.9665  +0.2715
   1123    179437   160   -4.341    1744     80     10  -0.5259  -1.0000  -1.0000  -0.4521
   1124    179599   162   -1.556    2218    106     20  -0.4973  -1.0000  -0.3698  -0.4763
   1125    179759   160   -2.108    2509     89     13  -0.4484  -1.0000  -0.6069  -0.2972
   1126    179918   159   +3.292    4050     92     16  -0.1737  -0.9370  +0.8738  +0.0994
   1127    180079   161   +1.109    3736     59     11  -0.1482  -1.0000  -0.3259  +0.5732
   1128    180241   162   +5.600    4762     89     14  -0.0558  -0.7502  +0.7921  +0.3425
   1129    180398   157   -0.495    2159    104     13  -0.5454  -1.0000  -0.9776  -0.4814
   1130    180554   156   +3.730    3748    100     17  -0.2735  -1.0000  +0.5432  -0.0578
   1131    180716   162  +10.761    6256     82     12  +0.1815  -0.3579  +0.4526  +0.9011
   1132    180872   156   -4.404    2355     65     16  -0.4170  -1.0000  -0.8987  -0.0914
   1133    181032   160   +8.677    5651     74     13  +0.1510  -0.5167  +0.5614  +0.8980
   1134    181196   164   -4.003    2572     72     21  -0.4313  -1.0000  -0.8763  -0.1109
   1135    181362   166   -1.828    3780     78     15  -0.2880  -1.0000  -0.4958  +0.2052
   1136    181522   160   +8.492    5748     58     11  +0.1952  -0.4913  +0.5545  +1.0000
   1137    181677   155   +1.791    3016    102     27  -0.3798  -1.0000  +0.2768  -0.2587
   1138    181840   163   +6.650    4555     96     18  -0.1354  -0.8046  +0.7106  +0.1857
   1139    182003   163  +10.051    6583     79     24  +0.2290  -0.2723  +0.6516  +1.0000
   1140    182168   165   -0.534    2717     93     24  -0.4502  -1.0000  -0.4800  -0.2675
   1141    182331   163   +0.599    2812    111     18  -0.4335  -1.0000  -0.0985  -0.3644
   1142    182493   162   -2.136    2970     62     12  -0.3022  -1.0000  -0.7443  +0.2050
   1143    182654   161   -0.259    3048     56     11  -0.2575  -1.0000  -0.7946  +0.3587
   1144    182817   163   +0.027    2406    129     21  -0.4300  -1.0000  +0.5581  -0.5330
   1145    182980   163   +4.261    4401     97     13  -0.1209  -0.8450  +1.0000  +0.1380
   1146    183153   173   -2.750    3225     83     12  -0.3779  -1.0000  -0.7315  -0.0297
   1147    183311   158   -0.733    2896     51     16  -0.2404  -1.0000  -0.7413  +0.4293
   1148    183469   158   +0.417    3610     83     23  -0.2608  -1.0000  +0.2964  +0.0897
   1149    183636   167   +9.048    5704     98     19  +0.0421  -0.5030  +0.9320  +0.4625
   1150    183792   156   -2.053    1013    113     16  -0.6326  -1.0000  -0.8787  -0.7761
   1151    183949   157   +2.249    4347     63     14  -0.0555  -0.8591  -0.1546  +0.7285
   1152    184110   161   -4.057    2513     66     18  -0.4063  -1.0000  -0.8974  -0.0475
   1153    184274   164   +1.652    3773     98     25  -0.3020  -1.0000  +0.3425  -0.0384
   1154    184436   162   -0.101    3851     73     15  -0.2098  -0.9893  -0.1022  +0.3201
   1155    184594   158   +2.258    3387    115     17  -0.3389  -1.0000  +0.5390  -0.2654
   1156    184756   162   -2.947    1111     96     12  -0.6121  -1.0000  -1.0000  -0.7124
   1157    184913   157   +7.845    5113     60     11  +0.1127  -0.6579  +0.1538  +1.0000
   1158    185078   165   -2.204    3788     79     21  -0.2706  -1.0000  -0.1782  +0.1975
   1159    185242   164   -0.407    1470    156     17  -0.5875  -1.0000  -0.3455  -0.7641
   1160    185397   155   +9.882    5827     74     22  +0.1457  -0.4706  +0.3906  +0.9589
   1161    185554   157   -1.509    3403     69     25  -0.2930  -1.0000  -0.4516  +0.2346
   1162    185711   157   -3.186    1729     89      6  -0.5407  -1.0000  -1.0000  -0.5153
   1163    185870   159   +8.713    5405     69      9  +0.1153  -0.5815  +0.0726  +0.9638
   1164    186033   163  +10.993    6055    101     11  +0.0830  -0.4107  +0.8477  +0.4947
   1165    186195   162   +5.085    4488     89     14  -0.1521  -0.8221  +0.2626  +0.2630
   1166    186356   161   +9.222    6263     82     11  +0.1593  -0.3562  +0.2305  +0.8989
   1167    186517   161   +0.408    3804     71      9  -0.2253  -1.0000  -0.4159  +0.3440
   1168    186672   155   +3.895    4017     96     18  -0.2033  -0.9457  +0.7784  +0.0513
   1169    186825   153   -1.866    2638     91     25  -0.3996  -1.0000  +0.0627  -0.2750
   1170    186979   154   -2.649     711    145      8  -0.6450  -1.0000  -0.7851  -0.8777
   1171    187137   158   -3.988    2111     60     10  -0.4204  -1.0000  -1.0000  -0.1158
   1172    187307   170  +10.415    6287     78     15  +0.2102  -0.3498  +0.4786  +1.0000
   1173    187463   156   -4.321    1782     68     20  -0.5106  -1.0000  -1.0000  -0.3464
   1174    187616   153   +6.279    4744     60      5  +0.0839  -0.7548  +0.0402  +0.9816
   1175    187774   158   -0.088    3847     67     11  -0.1825  -0.9903  -0.2785  +0.4393
   1176    187934   160   +3.183    4111    117     25  -0.2802  -0.9210  +0.6785  -0.1232
   1177    188095   161   -2.060    1034    138     21  -0.6712  -1.0000  -1.0000  -0.8120
   1178    188249   154   -2.520    3152     77     17  -0.3176  -1.0000  -0.2008  +0.0195
   1179    188408   159   +2.482    4364     67      8  -0.0982  -0.8546  -0.4296  +0.6374
   1180    188566   158   -5.250    1949     75     17  -0.5071  -1.0000  -1.0000  -0.3487
   1181    188719   153   -3.971    2038     50     17  -0.3908  -1.0000  -1.0000  +0.0192
   1182    188875   156   +5.992    5082     72     18  +0.0236  -0.6660  +0.1221  +0.7772
   1183    189040   165   +0.008    3564     64     10  -0.2390  -1.0000  -0.7207  +0.3963
   1184    189196   156   +3.670    3845     89     17  -0.2534  -0.9908  +0.2855  +0.0768
   1185    189355   159   +7.511    5103     58     14  +0.1084  -0.6606  +0.1689  +1.0000
   1186    189513   158   +2.472    4790     76     18  -0.0783  -0.7427  -0.0877  +0.5705
   1187    189668   155   -2.530    2858     78     10  -0.3877  -1.0000  -0.7104  -0.0894
   1188    189829   161   -5.258    2313     76     15  -0.4720  -1.0000  -1.0000  -0.2422
   1189    189985   156   -1.752    1881    130     18  -0.5084  -1.0000  +0.0190  -0.6373
   1190    190143   158   -0.940    2179    129     22  -0.4740  -1.0000  +0.2769  -0.5792
   1191    190307   164   -2.067    1066    130     15  -0.6533  -1.0000  -1.0000  -0.7957
   1192    190471   164   +4.367    4464    139     14  -0.2410  -0.8283  +0.8968  -0.1983
   1193    190632   161   -0.202    2433    126     27  -0.5145  -1.0000  -0.2347  -0.5177
   1194    190793   161   -0.987    2584     90     24  -0.4406  -1.0000  -0.3576  -0.2785
   1195    190947   154   +7.040    4930     64     12  +0.0383  -0.7060  -0.2188  +0.9278
   1196    191102   155   -3.926    1276     64     14  -0.5455  -1.0000  -1.0000  -0.5031
   1197    191260   158   -3.081    1594     96     14  -0.5775  -1.0000  -0.9819  -0.5872
   1198    191423   163   +1.771    3519    116     16  -0.3676  -1.0000  +0.1666  -0.2381
   1199    191584   161   +2.328    4473     72      8  -0.0952  -0.8259  -0.2001  +0.5515
   1200    191745   161   +5.737    4764     63     18  +0.0344  -0.7496  +0.0749  +0.8871

  ── rolling mean (last 100 ep) ──  cum_R=+1.533  yield=3555 kg/ha  N=83  W=15 mm  R_seas=-0.2410  R_ane=+0.1538

   1201    191905   160   -2.902    1869     97     10  -0.5434  -1.0000  -0.9355  -0.5164
   1202    192067   162   -1.238    2339     83     11  -0.4452  -1.0000  -0.6344  -0.2919
   1203    192221   154   -3.186    1176    132     22  -0.6626  -1.0000  -1.0000  -0.7776
   1204    192378   157   -1.190    2442     96     24  -0.4609  -1.0000  -0.2847  -0.3672
   1205    192535   157   +5.952    4932    110     14  -0.0969  -0.7055  +1.0000  +0.1189
   1206    192702   167   +4.008    3916    128     18  -0.3236  -0.9721  +0.5953  -0.2361
   1207    192865   163   +1.903    3939    106     19  -0.3225  -0.9662  +0.0540  -0.0712
   1208    193017   152   -0.663    2253    132     20  -0.4941  -1.0000  +0.0343  -0.5736
   1209    193179   162   +5.886    5523     84     15  +0.0220  -0.5503  +0.1940  +0.6391
   1210    193342   163   -0.551    2809     91     28  -0.4159  -1.0000  -0.1584  -0.2318
   1211    193496   154   -3.603    2849     77     14  -0.3794  -1.0000  -0.5773  -0.0776
   1212    193652   156   +0.314    3912     68      9  -0.1826  -0.9733  -0.3771  +0.4444
   1213    193814   162   -0.523     980    146     28  -0.6943  -1.0000  -1.0000  -0.8326
   1214    193969   155   -3.837    2457     62      8  -0.3858  -1.0000  -1.0000  -0.0095
   1215    194129   160   -0.383    1517    169     26  -0.5879  -1.0000  -0.0864  -0.7761
   1216    194288   159   -0.690    1706    137     18  -0.5930  -1.0000  -0.6447  -0.6878
   1217    194448   160   +4.489    4614    102     15  -0.1994  -0.7890  +0.1630  +0.1255
   1218    194606   158   +5.025    5124     76     18  +0.0259  -0.6551  +0.3836  +0.6918
   1219    194765   159   -3.837    2765     72      7  -0.3866  -1.0000  -0.9269  -0.0364
   1220    194926   161   +5.336    4576    129     19  -0.2412  -0.7990  +0.6415  -0.1119
   1221    195087   161   +2.087    2998    111     17  -0.3602  -1.0000  +0.4968  -0.3223
   1222    195248   161   +7.044    5358     76      5  +0.1015  -0.5937  +0.4858  +0.7690
   1223    195407   159   -5.356    2098     69     10  -0.4550  -1.0000  -0.9579  -0.2357
   1224    195568   161  +11.913    7048    100     13  +0.1963  -0.1502  +0.5824  +0.7566
   1225    195733   165   -4.372    2461     83     10  -0.4614  -1.0000  -0.9126  -0.2625
   1226    195889   156   -0.102    1875    124      9  -0.5485  -1.0000  -0.6187  -0.6233
   1227    196054   165   -2.740     931    126     14  -0.6561  -1.0000  -1.0000  -0.8160
   1228    196219   165   +2.588    5046     91      9  -0.0777  -0.6755  +0.1748  +0.3875
   1229    196382   163   -2.340    1893    129     16  -0.5650  -1.0000  -0.5871  -0.6340
   1230    196544   162   -2.142    3193     98     16  -0.4091  -1.0000  -0.4647  -0.1813
   1231    196704   160   -0.069    3684     72      6  -0.2166  -1.0000  -0.1907  +0.2767
   1232    196861   157   -2.500    3008     66     14  -0.3542  -1.0000  -1.0000  +0.1395
   1233    197018   157   -2.910    1570     88     11  -0.5600  -1.0000  -1.0000  -0.5531
   1234    197179   161   -1.982    1192    127     14  -0.6410  -1.0000  -1.0000  -0.7648
   1235    197337   158   +3.329    4258     81     10  -0.1225  -0.8824  +0.4719  +0.3082
   1236    197495   158   +6.581    5196    113     11  -0.0911  -0.6363  +0.7521  +0.1464
   1237    197653   158  +10.664    6384    112     10  +0.0825  -0.3244  +0.8484  +0.4238
   1238    197815   162   +4.004    4334     89      9  -0.1846  -0.8625  +0.0803  +0.2135
   1239    197977   162   -0.576    3977     82     13  -0.2389  -0.9562  -0.1509  +0.2074
   1240    198131   154   +8.830    5917     98     14  +0.0774  -0.4469  +0.9171  +0.5024
   1241    198291   160   -0.366    3300     88     16  -0.3579  -1.0000  -0.3442  -0.0592
   1242    198453   162   +6.533    5218     90      8  -0.0359  -0.6303  +0.2603  +0.4536
   1243    198617   164   +2.947    4265     99     20  -0.2741  -0.8807  -0.1013  +0.0731
   1244    198776   159   -3.545    2307     59     10  -0.3930  -1.0000  -1.0000  -0.0262
   1245    198937   161   -0.971    2364    136     19  -0.4714  -1.0000  +0.2047  -0.5645
   1246    199104   167   +8.710    6312    108     13  +0.0807  -0.3434  +0.8086  +0.4666
   1247    199268   164   -2.831    2182    120     17  -0.4926  -1.0000  -0.1432  -0.5439
   1248    199430   162   +6.634    4877     82     13  -0.0602  -0.7198  +0.2165  +0.4842
   1249    199591   161   +2.886    4917     98     27  -0.1554  -0.7095  +0.2722  +0.2482
   1250    199747   156   -1.813    2218    110     10  -0.5023  -1.0000  -0.5418  -0.4983
   1251    199909   162  +13.785    7973    102     16  +0.3240  +0.0926  +0.7623  +0.9449
   1252    200069   160   -0.513    2878    135     23  -0.4696  -1.0000  +0.0051  -0.4661
   1253    200226   157   -3.079    3033     81      6  -0.3708  -1.0000  -0.6820  -0.0650
   1254    200385   159   -0.969    1280    155     19  -0.6384  -1.0000  -0.7200  -0.7934
   1255    200543   158  +14.251    7055     81     10  +0.3051  -0.1483  +0.8213  +1.0000
   1256    200703   160   -0.612    1458    118     14  -0.6156  -1.0000  -1.0000  -0.6908
   1257    200857   154   +0.922    3772     82     17  -0.2692  -1.0000  -0.0885  +0.1470
   1258    201019   162   +6.648    5315    107     15  -0.1030  -0.6050  +0.3538  +0.2377
   1259    201172   153   -0.533    2374    143     10  -0.4715  -1.0000  +0.1220  -0.5857
   1260    201327   155   -4.961     826     76      8  -0.6047  -1.0000  -1.0000  -0.7269
   1261    201481   154   -2.797    1659     85     14  -0.5527  -1.0000  -1.0000  -0.5094
   1262    201641   160   +2.919    3771    124     11  -0.3616  -1.0000  +0.1510  -0.2422
   1263    201796   155   +0.322    2500    135     23  -0.4074  -1.0000  +0.8610  -0.5382
   1264    201950   154   -2.829     849     65     10  -0.5888  -1.0000  -1.0000  -0.6734
   1265    202108   158   -2.486    3487     91      9  -0.3591  -1.0000  -0.5390  -0.0441
   1266    202261   153   +9.345    6160     56     19  +0.2226  -0.3832  +0.7026  +1.0000
   1267    202420   159   +5.552    4917    101      9  -0.1485  -0.7095  +0.0689  +0.2215
   1268    202583   163   -2.788    2000    107     26  -0.5892  -1.0000  -1.0000  -0.5346
   1269    202742   159   -2.966    2582     88      9  -0.4624  -1.0000  -0.8947  -0.2707
   1270    202906   164   +3.897    3984    118     13  -0.2930  -0.9545  +0.4950  -0.1550
   1271    203056   150   -4.026    1282     85     10  -0.5788  -1.0000  -1.0000  -0.6234
   1272    203211   155   -1.145    1613    148     17  -0.5955  -1.0000  -0.5521  -0.7273
   1273    203372   161   +3.113    5046     81      8  -0.0664  -0.6755  -0.2871  +0.5621
   1274    203532   160   +4.815    4051     93     13  -0.2230  -0.9368  +0.3356  +0.0922
   1275    203688   156   +1.635    4162     95     18  -0.2508  -0.9075  +0.0630  +0.0994
   1276    203848   160   -0.266    1258    144     14  -0.6346  -1.0000  -0.8391  -0.7817
   1277    204010   162   +2.875    5057    100     13  -0.1033  -0.6727  +0.3479  +0.2704
   1278    204166   156   -1.895     706    100     12  -0.6483  -1.0000  -1.0000  -0.8238
   1279    204326   160   -0.754    2667    120     18  -0.4790  -1.0000  -0.2902  -0.4419
   1280    204490   164   +0.812    3068    108     21  -0.4500  -1.0000  -0.4139  -0.2930
   1281    204648   158   -4.063    1348     87      8  -0.5732  -1.0000  -1.0000  -0.6139
   1282    204811   163   -2.098    2460    129     12  -0.4931  -1.0000  -0.2862  -0.5239
   1283    204969   158   +0.669    3576     97     16  -0.3621  -1.0000  -0.3026  -0.0821
   1284    205131   162  +10.536    7196    105     19  +0.1747  -0.1114  +0.5431  +0.7125
   1285    205290   159   +5.836    5534     79     11  +0.0561  -0.5476  +0.0829  +0.7595
   1286    205445   155   -0.948    2561    132     14  -0.4615  -1.0000  +0.0547  -0.5132
   1287    205596   151   -0.924    1206    147     18  -0.6582  -1.0000  -0.9587  -0.7953
   1288    205761   165   -0.432    1098    159     17  -0.6744  -1.0000  -1.0000  -0.8273
   1289    205924   163   +6.121    4979    117     17  -0.1567  -0.6933  +0.6225  +0.0602
   1290    206086   162   -0.982     728    174     13  -0.6893  -1.0000  -1.0000  -0.8953
   1291    206240   154   -3.712    2794     76      6  -0.3902  -1.0000  -0.8210  -0.0864
   1292    206396   156   -0.976    2688    107     11  -0.5115  -1.0000  -1.0000  -0.3727
   1293    206563   167   -0.367    3378    105     16  -0.4031  -1.0000  -0.3569  -0.1950
   1294    206724   161   -1.575    3851     84      5  -0.2824  -0.9892  -0.4564  +0.1411
   1295    206884   160   +1.201    4198     70      8  -0.1598  -0.8983  -0.5108  +0.4972
   1296    207050   166   -3.281    1444    130     15  -0.6311  -1.0000  -1.0000  -0.7232
   1297    207204   154   +7.580    5367    112     18  -0.0551  -0.5913  +1.0000  +0.1938
   1298    207365   161   +3.135    4705     84     10  -0.1186  -0.7650  -0.0634  +0.4002
   1299    207520   155   -0.646    1136    116     15  -0.6361  -1.0000  -1.0000  -0.7541
   1300    207680   160   +7.169    6005     78     15  +0.1412  -0.4239  +0.1654  +0.9355

  ── rolling mean (last 100 ep) ──  cum_R=+1.210  yield=3351 kg/ha  N=103  W=14 mm  R_seas=-0.3288  R_ane=-0.1190

   1301    207836   156   +4.266    5224    128     14  -0.1120  -0.6289  +1.0000  +0.0246
   1302    207994   158   -3.475    3228    101      8  -0.4033  -1.0000  -0.5049  -0.1989
   1303    208155   161   +0.466    2941    155     23  -0.4546  -1.0000  +0.3988  -0.5253
   1304    208311   156   -1.246    3560     76      8  -0.2868  -1.0000  -0.5229  +0.1725
   1305    208470   159   +0.327    3111    114     16  -0.4410  -1.0000  -0.3270  -0.3185
   1306    208623   153   +4.341    5010     85     11  -0.0585  -0.6850  +0.1240  +0.4808
   1307    208783   160   -3.785    2634     90      6  -0.4517  -1.0000  -0.8560  -0.2668
   1308    208936   153   -5.768    2679    100     22  -0.4823  -1.0000  -0.6218  -0.3313
   1309    209094   158   +7.044    6445    138     24  -0.0502  -0.3084  +0.6116  +0.1661
   1310    209259   165   +7.424    6347     92      8  +0.1146  -0.3341  +0.2167  +0.7226
   1311    209417   158   +8.623    6354     92      9  +0.1212  -0.3322  +0.3154  +0.7191
   1312    209576   159   -3.236    2407     90     17  -0.5061  -1.0000  -0.9925  -0.3320
   1313    209741   165   -2.752    1146    159     23  -0.6837  -1.0000  -1.0000  -0.8194
   1314    209900   159   -5.993    2448    102     14  -0.5195  -1.0000  -0.9621  -0.3976
   1315    210061   161   +0.196    4659    112     18  -0.2854  -0.7772  -0.3890  +0.0417
   1316    210216   155  +10.056    6838    115     11  +0.1216  -0.2053  +0.7688  +0.4917
   1317    210377   161   -2.198    2622    114     18  -0.5274  -1.0000  -0.8276  -0.4266
   1318    210538   161   +0.242    3399    176     18  -0.4013  -1.0000  +0.8425  -0.5160
   1319    210698   160   +8.923    6310    133     15  -0.0035  -0.3438  +0.9125  +0.1837
   1320    210860   162   +5.805    5166    145     32  -0.2162  -0.6442  +0.7817  -0.1081
   1321    211020   160   -0.970    2169    144     16  -0.5101  -1.0000  -0.0275  -0.6238
   1322    211184   164   +1.391    4885     95     18  -0.1423  -0.7179  +0.1165  +0.2881
   1323    211342   158   -2.026    1099    122     19  -0.6524  -1.0000  -1.0000  -0.7745
   1324    211499   157   +0.863    3785    149     19  -0.3928  -1.0000  +0.4400  -0.3641
   1325    211656   157   +3.547    4315    116     15  -0.2615  -0.8674  +0.3728  -0.0709
   1326    211818   162   -1.544    1450    136     13  -0.6310  -1.0000  -1.0000  -0.7329
   1327    211980   162   +3.899    4659    140     23  -0.2770  -0.7772  +0.4996  -0.1687
   1328    212142   162   +5.490    6067     93     13  +0.0295  -0.4076  -0.0825  +0.6352
   1329    212300   158   +3.644    5208     98     17  -0.1265  -0.6330  -0.0760  +0.3314
   1330    212454   154   -1.176    1508    128     18  -0.6303  -1.0000  -1.0000  -0.7062
   1331    212614   160   -1.571    1064    173     23  -0.6955  -1.0000  -1.0000  -0.8464
   1332    212772   158   -3.139    3245     82     14  -0.3728  -1.0000  -0.7004  -0.0143
   1333    212928   156   +1.964    2832    163     19  -0.4082  -1.0000  +0.9296  -0.5661
   1334    213094   166   -0.976    1343    179     19  -0.6724  -1.0000  -0.9352  -0.8125
   1335    213255   161   -2.117    2123    137     20  -0.5721  -1.0000  -0.6263  -0.6128
   1336    213419   164   +4.109    5164    149     28  -0.2508  -0.6447  +0.4609  -0.1351
   1337    213577   158   +9.344    6993    107     23  +0.1609  -0.1645  +0.8525  +0.6323
   1338    213741   164   -1.501    3571     74     12  -0.2997  -1.0000  -0.6921  +0.2090
   1339    213903   162   -0.041    3199    147     31  -0.4766  -1.0000  +0.0931  -0.4546
   1340    214066   163   +0.261    3223    119     22  -0.4693  -1.0000  -0.4822  -0.3220
   1341    214232   166   +6.981    6157    123     29  -0.0914  -0.3840  +0.1850  +0.2514
   1342    214392   160   +4.119    5640    124     20  -0.0784  -0.5198  +0.8001  +0.1421
   1343    214548   156   -1.242    3514     75      6  -0.2745  -1.0000  -0.4290  +0.1697
   1344    214707   159   -3.243    2570    127     16  -0.5180  -1.0000  -0.5458  -0.4946
   1345    214760    53   -8.435       0     24      7  -0.6705  -1.0000  -1.0000  -1.0000
   1346    214914   154   -1.219    1511    155     23  -0.6593  -1.0000  -0.9641  -0.7568
   1347    215076   162   -3.644    3536    105     15  -0.4270  -1.0000  -0.7054  -0.1608
   1348    215242   166   -0.578    3283    166     27  -0.4662  -1.0000  +0.3360  -0.5069
   1349    215394   152   +0.477    3151    104     12  -0.4161  -1.0000  -0.4102  -0.2441
   1350    215552   158   +3.316    4743    144     13  -0.2339  -0.7552  +0.7201  -0.1767
   1351    215714   162   -2.539    1444    108     13  -0.6042  -1.0000  -1.0000  -0.6660
   1352    215882   168   +4.600    5996     99     13  -0.0096  -0.4263  -0.0615  +0.5164
   1353    216047   165   +3.277    5681     99     15  -0.0424  -0.5088  +0.1133  +0.4301
   1354    216202   155   +0.679    3633    129     18  -0.4107  -1.0000  -0.0300  -0.2956
   1355    216361   159   +5.911    6150    147     22  -0.1232  -0.3860  +0.4200  +0.0456
   1356    216526   165   +1.325    3943    139     17  -0.4218  -0.9652  -0.2223  -0.2930
   1357    216688   162   -0.702    2737    146     19  -0.4912  -1.0000  -0.0519  -0.5317
   1358    216854   166  +10.221    7150     90     16  +0.2677  -0.1232  +0.5857  +0.9874
   1359    217018   164   +5.499    6123    106     19  -0.0316  -0.3930  -0.0039  +0.4443
   1360    217176   158   -3.174    1550    125     13  -0.6158  -1.0000  -1.0000  -0.6906
   1361    217335   159   +2.790    4464    152     26  -0.2872  -0.8283  +0.9133  -0.2682
   1362    217493   158   +3.117    5286     95     11  -0.1094  -0.6127  -0.2544  +0.3878
   1363    217658   165   -0.405    3795    130     16  -0.3873  -1.0000  +0.1051  -0.2728
   1364    217824   166   -2.326    4035     99     19  -0.3749  -0.9410  -0.8251  +0.0191
   1365    217981   157   +8.338    6203     78     21  +0.1629  -0.3720  +0.1730  +1.0000
   1366    218148   167   +3.810    4882    171     33  -0.2999  -0.7186  +0.7620  -0.2871
   1367    218309   161   +7.241    6500    116     27  -0.0176  -0.2939  +0.1901  +0.4034
   1368    218464   155   -2.675    2804     85     15  -0.4147  -1.0000  -0.5968  -0.1752
   1369    218629   165   -0.006    2129    142     27  -0.6213  -1.0000  -0.9223  -0.6261
   1370    218783   154   +6.395    6572     96     12  +0.1572  -0.2751  +0.6184  +0.7127
   1371    218945   162   -0.436    3710    118     14  -0.4230  -1.0000  -0.5099  -0.2113
   1372    219099   154   +3.126    4293    148     18  -0.2769  -0.8731  +1.0000  -0.2766
   1373    219259   160   +7.959    6993    135     38  +0.0333  -0.1646  +0.9649  +0.2938
   1374    219420   161   -0.403    3269    151     29  -0.4929  -1.0000  -0.0893  -0.4589
   1375    219584   164  +10.935    7553    107     20  +0.2155  -0.0176  +0.5762  +0.7689
   1376    219746   162   +0.313    3548    112     17  -0.3734  -1.0000  +0.0117  -0.2066
   1377    219908   162   -1.653    2017    139     16  -0.5745  -1.0000  -0.6574  -0.6374
   1378    220066   158   +9.618    7080    120     18  +0.1135  -0.1417  +0.7209  +0.4778
   1379    220229   163   -0.263    1911    179     26  -0.6293  -1.0000  -0.6025  -0.7330
   1380    220392   163   +8.917    6506    118     26  +0.0294  -0.2924  +0.7359  +0.3723
   1381    220549   157   -1.493    2362    148     36  -0.5887  -1.0000  -0.4709  -0.6025
   1382    220713   164  +13.659    9356    108     10  +0.4195  +0.4556  +0.5349  +1.0000
   1383    220876   163   -2.505    1950    126     35  -0.6360  -1.0000  -1.0000  -0.6139
   1384    221037   161   +5.658    5456    163     22  -0.1782  -0.5679  +0.9885  -0.1618
   1385    221199   162   +7.070    7156    101     24  +0.1319  -0.1218  +0.0335  +0.7762
   1386    221359   160   +0.077    4148    176     19  -0.3988  -0.9113  +0.3596  -0.4090
   1387    221514   155   -1.058    1591    162     19  -0.6449  -1.0000  -0.8896  -0.7540
   1388    221679   165   -0.874    2744    158     11  -0.5370  -1.0000  -0.5318  -0.5672
   1389    221836   157   -1.080    2459    167     18  -0.5473  -1.0000  -0.2754  -0.6314
   1390    222000   164   -0.991    1538    197     36  -0.7144  -1.0000  -1.0000  -0.8047
   1391    222160   160   -0.424    3061    195     44  -0.4883  -1.0000  +0.8256  -0.6074
   1392    222324   164   +4.259    4804    146     20  -0.2724  -0.7391  +0.4285  -0.1756
   1393    222483   159   -1.870    1525    215     32  -0.6425  -1.0000  -0.2940  -0.8227
   1394    222643   160   -0.853    2844    183     20  -0.4811  -1.0000  +0.3947  -0.6121
   1395    222804   161   -0.718    3139    143     11  -0.4933  -1.0000  -0.4825  -0.4502
   1396    222961   157   -0.729    2486    142     29  -0.5881  -1.0000  -0.7452  -0.5609
   1397    223123   162   -3.249    3633    110     15  -0.3986  -1.0000  -0.3808  -0.1751
   1398    223283   160   -0.858    1435    134     20  -0.6448  -1.0000  -1.0000  -0.7319
   1399    223447   164   +1.879    5859    126     24  -0.1413  -0.4621  +0.0647  +0.1631
   1400    223602   155   +1.900    4881     91     17  -0.1192  -0.7189  +0.1587  +0.3386

  ── rolling mean (last 100 ep) ──  cum_R=+1.525  yield=3949 kg/ha  N=127  W=19 mm  R_seas=-0.3203  R_ane=-0.1530

   1401    223758   156   +1.858    3635    124     21  -0.3828  -1.0000  +0.2129  -0.2657
   1402    223921   163   +5.263    6421    117     18  -0.0069  -0.3147  +0.2521  +0.3747
   1403    224083   162   +6.533    6731    163     20  -0.0736  -0.2333  +0.5769  +0.0341
   1404    224240   157   +3.439    4675    137     16  -0.2735  -0.7730  +0.3201  -0.1485
   1405    224403   163   -0.054    3003    141     14  -0.4599  -1.0000  -0.0486  -0.4660
   1406    224566   163   -2.922    3897    105      9  -0.3802  -0.9771  -0.7063  -0.0684
   1407    224724   158  +12.001    8379    126     21  +0.2227  +0.1991  +0.4890  +0.6641
   1408    224885   161   +8.224    7358    142     16  +0.0653  -0.0687  +0.6229  +0.3005
   1409    225047   162   +9.213    6532    142     17  -0.0403  -0.2857  +0.5595  +0.1516
   1410    225209   162   -1.645    1984    146     21  -0.6150  -1.0000  -0.8608  -0.6607
   1411    225364   155   +3.824    4951    136     21  -0.2673  -0.7006  +0.1240  -0.0903
   1412    225525   161   -0.842    3151    147      9  -0.4913  -1.0000  -0.4587  -0.4645
   1413    225690   165   +9.289    8450    134     18  +0.1971  +0.2178  +0.4266  +0.5716
   1414    225848   158   -3.903    1959    119     20  -0.5975  -1.0000  -1.0000  -0.5890
   1415    226012   164   -1.687    3604    151     13  -0.5043  -1.0000  -0.6741  -0.4048
   1416    226169   157   +1.708    5146    100     18  -0.1832  -0.6493  -0.4609  +0.2879
   1417    226324   155   +5.336    5664     79     22  +0.0468  -0.5134  -0.0013  +0.8019
   1418    226490   166   -0.894    2869    195     25  -0.4991  -1.0000  +0.4015  -0.6314
   1419    226649   159   +5.733    5140    148     15  -0.1878  -0.6510  +0.8333  -0.1305
   1420    226802   153   +2.027    5316     93     28  -0.1263  -0.6046  -0.2323  +0.4263
   1421    226959   157   -0.115    3582    188     34  -0.4781  -1.0000  +0.4672  -0.5238
   1422    227120   161   -1.087    3483    157     30  -0.5009  -1.0000  -0.1677  -0.4465
   1423    227277   157   +4.883    5379    122     14  -0.1546  -0.5883  +0.2096  +0.1036
   1424    227437   160   +9.679    8267    150     17  +0.1546  +0.1697  +0.7297  +0.3767
   1425    227596   159   -1.210    1488    192     20  -0.6637  -1.0000  -0.8235  -0.8058
   1426    227752   156   -2.955    1393    143     23  -0.6603  -1.0000  -1.0000  -0.7570
   1427    227918   166   -0.862    2970    166     19  -0.5215  -1.0000  -0.2336  -0.5542
   1428    228075   157   +0.065    3451    154     15  -0.4734  -1.0000  -0.2197  -0.4390
   1429    228241   166  +11.767    8545    113     18  +0.2975  +0.2428  +0.3413  +0.8939
   1430    228398   157   -0.626    4700    110     10  -0.2722  -0.7663  -0.5471  +0.0730
   1431    228553   155   -4.584    3033    115     20  -0.5216  -1.0000  -1.0000  -0.3382
   1432    228715   162   -0.651    2839    198     30  -0.4972  -1.0000  +0.5785  -0.6421
   1433    228875   160   +4.293    5914    121     17  -0.1087  -0.4478  +0.0030  +0.2250
   1434    229042   167   +1.127    4207    157     26  -0.4296  -0.8957  -0.1406  -0.3284
   1435    229206   164   +6.207    6444    108     13  +0.0747  -0.3086  +0.5898  +0.4910
   1436    229366   160   +3.522    6474    141     18  -0.0364  -0.3009  +0.6681  +0.1509
   1437    229528   162   +6.072    6089    162     18  -0.1563  -0.4018  +0.4014  -0.0599
   1438    229682   154   -2.284    4524    133     14  -0.3603  -0.8126  -0.5004  -0.1511
   1439    229843   161   -1.490    1938    204     22  -0.6134  -1.0000  -0.3771  -0.7630
   1440    230005   162   -1.427    2914    170     26  -0.5297  -1.0000  -0.1195  -0.5715
   1441    230167   162  +12.628    9776    135     15  +0.3641  +0.5658  +0.4748  +0.8045
   1442    230323   156   -0.952    4153    115     19  -0.3379  -0.9099  -0.1415  -0.0974
   1443    230473   150   -0.326    3933    106     21  -0.3286  -0.9678  +0.0352  -0.0714
   1444    230636   163   -2.430    1550    158     37  -0.6902  -1.0000  -1.0000  -0.7540
   1445    230797   161  +12.256    8209    137     24  +0.2066  +0.1546  +1.0000  +0.5015
   1446    230961   164   -1.706    4904    135     14  -0.3293  -0.7129  -0.5985  -0.0909
   1447    231120   159   +0.540    4024    131     32  -0.4044  -0.9437  +0.0042  -0.2339
   1448    231276   156   -2.635    2216    121     22  -0.5639  -1.0000  -0.7539  -0.5420
   1449    231435   159   -1.257    3122    162     38  -0.5778  -1.0000  -0.5439  -0.5185
   1450    231596   161   +7.222    7516    166     18  -0.0158  -0.0272  +0.3063  +0.1328
   1451    231753   157   +2.078    4180    122     12  -0.3600  -0.9029  -0.3544  -0.1442
   1452    231911   158   -1.440    2532    172     26  -0.6065  -1.0000  -0.6954  -0.6322
   1453    232072   161   +1.220    3398    160     24  -0.4303  -1.0000  +0.4933  -0.4692
   1454    232237   165   +0.235    3437    136     19  -0.4830  -1.0000  -0.4893  -0.3694
   1455    232399   162   -5.715    3178    135     15  -0.5389  -1.0000  -1.0000  -0.4114
   1456    232556   157   +3.374    5722    180     75  -0.3037  -0.4982  +0.7807  -0.2038
   1457    232719   163  +10.189    8486    147     34  +0.1500  +0.2274  +0.6557  +0.4465
   1458    232884   165   -3.132    2431    140     26  -0.6086  -1.0000  -1.0000  -0.5647
   1459    233041   157   +7.967    6965    130     12  +0.0341  -0.1718  +0.3076  +0.3450
   1460    233205   164   +1.478    4719    168     31  -0.4055  -0.7615  -0.2173  -0.2956
   1461    233369   164   +4.884    6369    177     42  -0.1880  -0.3284  +0.5492  -0.1025
   1462    233527   158   -2.481    1900    139     21  -0.6259  -1.0000  -1.0000  -0.6593
   1463    233687   160   -1.246    3394    170     44  -0.5615  -1.0000  -0.2982  -0.5018
   1464    233844   157   -1.614    1309    217     31  -0.7129  -1.0000  -0.9487  -0.8489
   1465    234007   163   +3.166    5348    208     29  -0.2900  -0.5964  +0.7661  -0.3589
   1466    234171   164   -1.687    2082    224     27  -0.6432  -1.0000  -0.5618  -0.7676
   1467    234333   162   +7.987    8253    170     27  +0.0687  +0.1662  +0.6230  +0.2113
   1468    234499   166   -1.677    3140    182     33  -0.5327  -1.0000  +0.0089  -0.5699
   1469    234661   162   +9.212    7669    160      6  +0.0981  +0.0130  +0.8916  +0.1995
   1470    234823   162   -1.756    2961    183     22  -0.5946  -1.0000  -0.7552  -0.5950
   1471    234986   163   -0.885    2139    188     39  -0.6627  -1.0000  -0.7155  -0.7162
   1472    235144   158   -1.213    2790    196     41  -0.5785  -1.0000  -0.0333  -0.6435
   1473    235306   162   +1.354    4763    154     11  -0.3379  -0.7499  -0.1969  -0.2273
   1474    235464   158   +4.883    5494    188     14  -0.2103  -0.5581  +0.8655  -0.2675
   1475    235618   154   -1.653    1092    162     23  -0.6876  -1.0000  -1.0000  -0.8311
   1476    235779   161   -1.220    2956    160     12  -0.5592  -1.0000  -0.8225  -0.5367
   1477    235939   160   +1.982    4806    155     22  -0.3595  -0.7387  -0.2367  -0.2253
   1478    236092   153   -2.213    2792    123     26  -0.4997  -1.0000  -0.3500  -0.4345
   1479    236257   165   +2.752    6379    149     24  -0.1330  -0.3257  +0.1499  +0.0686
   1480    236421   164   +6.829    6710    171     22  -0.1085  -0.2390  +0.4644  -0.0201
   1481    236580   159   -0.321    3872    197     30  -0.4481  -0.9838  +0.6034  -0.5080
   1482    236735   155   +8.447    6739    135     10  +0.0581  -0.2313  +0.9598  +0.2471
   1483    236893   158   +8.299    7511    110      6  +0.2032  -0.0286  +0.3619  +0.7143
   1484    237056   163   -1.175    4127    147     23  -0.4306  -0.9169  -0.2748  -0.2983
   1485    237222   166   +6.785    7683    157     32  -0.0359  +0.0164  -0.0087  +0.2220
   1486    237383   161   -4.253    3440    110     27  -0.4706  -1.0000  -0.7308  -0.2186
   1487    237540   157   -3.774    2769    132     15  -0.5237  -1.0000  -0.6762  -0.4742
   1488    237704   164   +6.530    7493    128     11  +0.0804  -0.0333  +0.0682  +0.4604
   1489    237858   154   +0.202    3204    163     14  -0.4666  -1.0000  +0.0701  -0.5094
   1490    238013   155   -1.910    2336    152     25  -0.6251  -1.0000  -1.0000  -0.6170
   1491    238172   159   -1.966    1303    194     25  -0.7001  -1.0000  -1.0000  -0.8320
   1492    238325   153   +3.252    5080    201     22  -0.2734  -0.6667  +1.0000  -0.3671
   1493    238484   159   -0.769    3598    159     16  -0.4986  -1.0000  -0.4410  -0.4350
   1494    238646   162   +0.338    5428    131     11  -0.2364  -0.5754  -0.4619  +0.0354
   1495    238811   165   -0.250    3748    175     19  -0.4871  -1.0000  -0.1438  -0.4650
   1496    238973   162   +9.053    8204    156     13  +0.1239  +0.1534  +0.5691  +0.3164
   1497    239135   162   +0.616    4081    164     12  -0.4163  -0.9290  -0.0474  -0.3783
   1498    239294   159   -3.320    2773    126     20  -0.5575  -1.0000  -1.0000  -0.4497
   1499    239452   158   -4.504    1840    123     19  -0.6072  -1.0000  -1.0000  -0.6252
   1500    239613   161   +7.913    6634    160     20  -0.0744  -0.2588  +0.6120  +0.0380

  ── rolling mean (last 100 ep) ──  cum_R=+1.870  yield=4552 kg/ha  N=150  W=22 mm  R_seas=-0.3174  R_ane=-0.1951

   1501    239774   161   -1.675    4673    158     25  -0.4308  -0.7736  -0.6757  -0.2617
   1502    239932   158   +7.119    7797    126     42  +0.0979  +0.0465  +0.3715  +0.5486
   1503    240091   159   +2.527    4659    139     14  -0.3063  -0.7773  +0.0084  -0.1599
   1504    240246   155   -1.750    2274    177     26  -0.6402  -1.0000  -0.8855  -0.6787
   1505    240396   150   +2.846    4205    135      8  -0.3099  -0.8964  +0.3174  -0.2225
   1506    240556   160   -3.137    2872    139     11  -0.5525  -1.0000  -1.0000  -0.4822
   1507    240718   162   -1.657    3173    185     28  -0.5532  -1.0000  -0.2892  -0.5705
   1508    240870   152   -0.641    4548    197     60  -0.4789  -0.8062  +0.2108  -0.4233
   1509    241032   162   -1.122    3517    147     25  -0.5277  -1.0000  -0.6922  -0.4007
   1510    241184   152   -1.823     998    223     42  -0.7513  -1.0000  -1.0000  -0.8880
   1511    241339   155   +0.815    4155    175     26  -0.4406  -0.9095  +0.0698  -0.4057
   1512    241497   158   +1.124    3615    153     16  -0.4237  -1.0000  +0.2092  -0.4101
   1513    241663   166   +0.101    4271    151     22  -0.4263  -0.8789  -0.3611  -0.2918
   1514    241823   160   +7.694    7592    183     31  -0.0157  -0.0074  +0.8470  +0.0358
   1515    241982   159   -1.869    2874    176     39  -0.6327  -1.0000  -0.8214  -0.5907
   1516    242135   153   +2.552    5755    163      9  -0.2259  -0.4894  -0.0764  -0.1155
   1517    242296   161   -0.442    3582    205     22  -0.4737  -1.0000  +0.4104  -0.5626
   1518    242460   164   +5.507    6850    191     15  -0.1408  -0.2020  +0.1990  -0.1038
   1519    242622   162   -5.393    3210    125     10  -0.5051  -1.0000  -0.9468  -0.3574
   1520    242780   158   +6.347    7403    130     26  +0.0688  -0.0570  +0.4159  +0.4253
   1521    242942   162   +4.879    6160    147     25  -0.1540  -0.3833  +0.1593  +0.0488
   1522    243102   160  +13.526   10013    147     32  +0.3436  +0.6281  +0.7674  +0.7033
   1523    243257   155   +0.621    4557    184     24  -0.4044  -0.8038  +0.0696  -0.3820
   1524    243412   155   -1.487    3197    157     26  -0.5430  -1.0000  -0.5233  -0.4909
   1525    243570   158   -2.127    3229    225     46  -0.5815  -1.0000  +0.0429  -0.6413
   1526    243728   158   -1.828    1154    219     27  -0.7164  -1.0000  -1.0000  -0.8681
   1527    243889   161   -4.369    3770    125      6  -0.4552  -1.0000  -0.8644  -0.2484
   1528    244050   161   -0.038    4022    183     37  -0.4545  -0.9443  +0.3871  -0.4509
   1529    244214   164   +8.748    7772    153     22  +0.0559  +0.0400  +0.4801  +0.2738
   1530    244376   162   +3.542    4987    179     16  -0.3113  -0.6910  +0.3206  -0.3045
   1531    244534   158   -0.280    4254    142     20  -0.4203  -0.8835  -0.4724  -0.2534
   1532    244692   158   -0.955    3897    161     26  -0.4809  -0.9772  -0.2463  -0.3961
   1533    244854   162   -1.470    3490    142     16  -0.5131  -1.0000  -0.7833  -0.3844
   1534    245005   151   -2.137    1056    225     29  -0.7255  -1.0000  -1.0000  -0.8827
   1535    245168   163   -1.284    2523    158     14  -0.5985  -1.0000  -1.0000  -0.6001
   1536    245328   160   +9.894    8275    162     15  +0.1088  +0.1719  +0.5573  +0.2752
   1537    245490   162   -1.058    3148    159     22  -0.5611  -1.0000  -0.7513  -0.5047
   1538    245654   164   +5.542    6703    193     23  -0.1179  -0.2406  +0.7696  -0.1307
   1539    245812   158   -1.366    1816    176     28  -0.6748  -1.0000  -1.0000  -0.7414
   1540    245972   160   +0.909    4687    193     29  -0.4543  -0.7699  -0.3657  -0.3932
   1541    246130   158   +0.316    3920    203     30  -0.4697  -0.9711  +0.4030  -0.5163
   1542    246290   160   +2.067    4788    230     37  -0.3828  -0.7432  +0.7234  -0.4783
   1543    246443   153   -1.727    2273    157     16  -0.6131  -1.0000  -1.0000  -0.6375
   1544    246603   160   -6.074    2917    144     22  -0.5805  -1.0000  -1.0000  -0.4949
   1545    246763   160   -1.229    3219    213     35  -0.6134  -1.0000  -0.5442  -0.6220
   1546    246923   160   +5.724    5832    158      9  -0.1475  -0.4694  +0.5375  -0.0798
   1547    247079   156   +2.019    4453    173     22  -0.3608  -0.8311  +0.4376  -0.3570
   1548    247234   155   -1.395    2633    137     16  -0.5739  -1.0000  -1.0000  -0.5204
   1549    247400   166   +0.250    4336    222     22  -0.4406  -0.8621  +0.2413  -0.5118
   1550    247564   164   +8.849    8390    192     24  +0.0699  +0.2020  +0.8969  +0.0896
   1551    247721   157   +0.140    5346    128     11  -0.2254  -0.5969  -0.3312  +0.0407
   1552    247877   156   -1.576    1720    218     19  -0.6755  -1.0000  -0.9491  -0.8031
   1553    248035   158   +1.691    4482    184     18  -0.3826  -0.8235  +0.2508  -0.3900
   1554    248203   168   -0.734    3681    212     26  -0.5305  -1.0000  -0.0718  -0.5669
   1555    248363   160   -1.568    4953    168     26  -0.3432  -0.7000  +0.0667  -0.2635
   1556    248522   159   +2.235    4136    216     21  -0.3794  -0.9146  +1.0000  -0.5220
   1557    248682   160   +2.213    5057    184     46  -0.3645  -0.6726  +0.3707  -0.3138
   1558    248843   161  +10.198    8633    157     15  +0.1841  +0.2659  +0.7498  +0.3770
   1559    249006   163   +3.309    5693    235     50  -0.3036  -0.5058  +0.9242  -0.3955
   1560    249163   157   -1.128     714    233     17  -0.7141  -1.0000  -1.0000  -0.9233
   1561    249327   164   -0.428    4225    213     29  -0.4695  -0.8911  +0.1480  -0.5039
   1562    249490   163   +0.546    4312    201     28  -0.4294  -0.8683  +0.3512  -0.4637
   1563    249644   154   -2.124    2778    135      8  -0.5456  -1.0000  -0.9884  -0.4853
   1564    249808   164   -1.810    1530    232     22  -0.6976  -1.0000  -1.0000  -0.8352
   1565    249970   162   +3.619    6226    196     23  -0.1690  -0.3658  +0.8245  -0.2080
   1566    250130   160   -1.467    2348    225     28  -0.6294  -1.0000  -0.4877  -0.7388
   1567    250298   168   -1.746    2460    290     42  -0.6417  -1.0000  -0.1904  -0.7880
   1568    250457   159   -2.146    1584    218     18  -0.6830  -1.0000  -1.0000  -0.8183
   1569    250619   162   -1.559    1634    269     23  -0.6500  -1.0000  -0.4794  -0.8480
   1570    250777   158   -0.357    4161    198     45  -0.5005  -0.9079  +0.1055  -0.4757
   1571    250940   163   +2.575    6855    183     17  -0.1391  -0.2009  +0.1256  -0.0628
   1572    251101   161   +7.765    8379    148     13  +0.1465  +0.1992  +0.3906  +0.4102
   1573    251253   152   -1.846    2100    232     22  -0.6209  -1.0000  -0.4186  -0.7739
   1574    251408   155   -0.898    4209    168     13  -0.4414  -0.8952  -0.3625  -0.3721
   1575    251570   162   +8.284    8473    208     25  +0.0583  +0.2240  +1.0000  +0.0164
   1576    251732   162  +11.931   10313    185     26  +0.2556  +0.7067  +0.5891  +0.3964
   1577    251898   166   -1.651    2645    261     38  -0.6592  -1.0000  -0.5693  -0.7468
   1578    252057   159   +7.182    7864    193     23  -0.0232  +0.0641  +0.5033  +0.0195
   1579    252213   156   -1.605    1431    207     21  -0.6924  -1.0000  -1.0000  -0.8269
   1580    252374   161   -1.114    3668    223     43  -0.5435  -1.0000  +0.2020  -0.5892
   1581    252538   164   +6.008    7064    177     18  -0.0764  -0.1460  +0.4278  -0.0021
   1582    252701   163   +8.542    8759    181     25  +0.0811  +0.2990  +0.4220  +0.2072
   1583    252859   158   +3.043    4862    216     24  -0.3179  -0.7239  +0.9507  -0.4374
   1584    253023   164   +6.895    6848    177     17  -0.1154  -0.2026  +0.2590  -0.0347
   1585    253182   159   -2.109    3054    181     18  -0.5469  -1.0000  -0.4089  -0.5791
   1586    253345   163   -1.180    2083    230     25  -0.6291  -1.0000  -0.4466  -0.7730
   1587    253501   156   +1.435    6237    151     16  -0.1549  -0.3630  -0.0304  +0.0310
   1588    253662   161   +0.335    4176    241     25  -0.4357  -0.9038  +0.6232  -0.5674
   1589    253819   157   +2.930    5298    216     22  -0.2716  -0.6094  +0.9263  -0.3866
   1590    253977   158   +7.161    7934    179     20  +0.0599  +0.0825  +0.9372  +0.1059
   1591    254135   158   +0.059    4096    228     39  -0.4964  -0.9249  +0.3054  -0.5514
   1592    254287   152   +6.204    6672    183     18  -0.0977  -0.2488  +0.7484  -0.0866
   1593    254444   157   +1.216    5079    185     31  -0.4038  -0.6669  -0.3313  -0.3120
   1594    254609   165   -1.030    3837    271     45  -0.5889  -0.9928  -0.0425  -0.6464
   1595    254767   158   -1.137    4168    196     29  -0.5148  -0.9060  -0.3793  -0.4684
   1596    254927   160   -1.336    4286    255     46  -0.5379  -0.8750  -0.0068  -0.5792
   1597    255094   167   +0.599    4958    198     46  -0.4580  -0.6986  -0.2891  -0.3739
   1598    255259   165   -1.715    3736    237     36  -0.5990  -1.0000  -0.4365  -0.6059
   1599    255415   156   -1.709    3038    294     51  -0.5553  -1.0000  +0.7048  -0.7415
   1600    255579   164   +0.308    4158    210     21  -0.4735  -0.9086  -0.0128  -0.5040

  ── rolling mean (last 100 ep) ──  cum_R=+1.276  yield=4515 kg/ha  N=189  W=25 mm  R_seas=-0.3838  R_ane=-0.3618

   1601    255741   162   +6.678    7986    156     22  +0.0505  +0.0960  +0.2937  +0.2757
   1602    255903   162   +4.917    6285    226     17  -0.2017  -0.3503  +0.6366  -0.3055
   1603    256060   157   +2.126    5537    183     21  -0.3132  -0.5468  -0.1313  -0.2430
   1604    256218   158   -2.266    2436    206     19  -0.6212  -1.0000  -0.6966  -0.7048
   1605    256376   158   -2.939    2452    188     27  -0.6278  -1.0000  -0.7326  -0.6742
   1606    256535   159   +3.455    6668    229     18  -0.1851  -0.2498  +0.4762  -0.2713
   1607    256698   163   +8.878    8497    187     17  +0.0728  +0.2303  +0.5746  +0.1359
   1608    256857   159   -3.064    2971    176     26  -0.6209  -1.0000  -1.0000  -0.5784
   1609    257019   162   -1.573    1793    272     29  -0.6452  -1.0000  -0.3464  -0.8355
   1610    257183   164   +8.858    8446    168     38  +0.0769  +0.2167  +0.6656  +0.2545
   1611    257342   159   -2.781    1142    226     25  -0.7146  -1.0000  -1.0000  -0.8734
   1612    257502   160   +0.332    4371    236     36  -0.4413  -0.8528  +0.5690  -0.5364
   1613    257665   163   +0.107    4596    224     32  -0.4643  -0.7936  -0.0502  -0.4859
   1614    257822   157   -1.260    3487    230     40  -0.5565  -1.0000  +0.1257  -0.6216
   1615    257982   160   -2.241    1981    243     22  -0.6297  -1.0000  -0.4520  -0.7963
   1616    258139   157   -0.688    4544    186     33  -0.4800  -0.8074  -0.4816  -0.3886
   1617    258301   162   +8.285   10002    206     41  +0.1320  +0.6251  +0.4587  +0.2143
   1618    258459   158   -3.290    3218    171     24  -0.6020  -1.0000  -1.0000  -0.5285
   1619    258614   155   +3.009    4868    152     24  -0.3326  -0.7224  -0.0423  -0.2015
   1620    258768   154   +1.090    5633    192     31  -0.3519  -0.5214  -0.3006  -0.2675
   1621    258922   154   +2.292    6166    163     27  -0.2244  -0.3815  -0.1673  -0.0546
   1622    259081   159   -2.535    2007    197     27  -0.6794  -1.0000  -1.0000  -0.7456
   1623    259239   158   -1.186    3214    200     18  -0.5312  -1.0000  -0.1298  -0.5980
   1624    259398   159   -1.670    2296    218     46  -0.7139  -1.0000  -1.0000  -0.7362
   1625    259564   166   -1.783    5308    198     21  -0.3781  -0.6068  -0.3327  -0.3312
   1626    259723   159   -2.194    2852    243     25  -0.5686  -1.0000  -0.0499  -0.7067
   1627    259887   164   +4.179    6958    198     25  -0.1181  -0.1737  +0.6376  -0.1225
   1628    260049   162   -1.844    3448    246     45  -0.6059  -1.0000  -0.1871  -0.6488
   1629    260210   161   -1.661    2754    202     42  -0.6840  -1.0000  -1.0000  -0.6599
   1630    260366   156   -2.136    3095    206     18  -0.5706  -1.0000  -0.4590  -0.6234
   1631    260536   170   -0.709    4262    232     44  -0.5616  -0.8813  -0.3969  -0.5396
   1632    260698   162   -1.646    3631    231     44  -0.5734  -1.0000  -0.0101  -0.6075
   1633    260853   155   +0.981    4225    144     14  -0.3793  -0.8912  -0.1108  -0.2666
   1634    261015   162   -1.819    3750    269     51  -0.6197  -1.0000  -0.2110  -0.6516
   1635    261178   163   +4.163    7658    180     19  -0.0358  +0.0100  +0.2746  +0.0659
   1636    261335   157   +1.665    5316    261     47  -0.3702  -0.6047  +0.7346  -0.4913
   1637    261502   167   -5.504    3234    197      8  -0.5756  -1.0000  -0.8110  -0.5901
   1638    261664   162   -4.960    1729    188     24  -0.6793  -1.0000  -1.0000  -0.7708
   1639    261828   164   -0.395    3395    260     29  -0.5023  -1.0000  +0.6053  -0.6740
   1640    261992   164   +3.802    6300    253     18  -0.1884  -0.3466  +1.0000  -0.3786
   1641    262152   160   +2.839    6049    183     31  -0.2806  -0.4123  -0.1695  -0.1718
   1642    262309   157   +7.390    8684    170     24  +0.1085  +0.2793  +0.4816  +0.2777
   1643    262467   158   -1.942    4052    226     53  -0.5784  -0.9365  -0.2106  -0.5516
   1644    262629   162   -1.844    3352    264     56  -0.6438  -1.0000  -0.2596  -0.6820
   1645    262790   161   -1.520    3673    274     55  -0.5947  -1.0000  +0.1564  -0.6643
   1646    262952   162   +3.192    6603    216     20  -0.2124  -0.2669  +0.1803  -0.2374
   1647    263115   163   -1.326    3521    251     42  -0.5560  -1.0000  +0.2553  -0.6493
   1648    263273   158   +0.013    3859    180      7  -0.4631  -0.9871  -0.1472  -0.4650
   1649    263431   158   +1.188    5881    170     23  -0.2797  -0.4564  -0.3541  -0.1353
   1650    263593   162   +5.753    6665    236     19  -0.1410  -0.2506  +1.0000  -0.2932
   1651    263750   157   -0.149    3784    275     34  -0.4770  -1.0000  +0.9006  -0.6558
   1652    263902   152   -1.503    2713    230     17  -0.5466  -1.0000  +0.0043  -0.7053
   1653    264058   156   -1.872    4381    250     59  -0.5598  -0.8501  -0.0908  -0.5625
   1654    264221   163   +2.952    6021    175     23  -0.2543  -0.4196  -0.1603  -0.1401
   1655    264382   161   +4.462    7153    220     18  -0.1216  -0.1225  +0.5222  -0.1860
   1656    264541   159   +2.145    4897    196     28  -0.3463  -0.7146  +0.5154  -0.3748
   1657    264702   161   -3.250    2709    188     17  -0.6220  -1.0000  -0.9719  -0.6407
   1658    264863   161   +2.008    4843    253     32  -0.3570  -0.7288  +0.9780  -0.5210
   1659    265016   153   -1.530    3683    180     15  -0.5423  -1.0000  -0.6859  -0.4889
   1660    265178   162   +3.121    6073    209     32  -0.2420  -0.4059  +0.5726  -0.2750
   1661    265340   162   +3.014    6299    155     12  -0.1519  -0.3467  -0.0503  +0.0130
   1662    265503   163   -2.971    2650    259     38  -0.6671  -1.0000  -0.6676  -0.7447
   1663    265658   155   +0.651    5167    234     54  -0.4083  -0.6438  +0.4571  -0.4485
   1664    265816   158   +3.258    5671    194     21  -0.2905  -0.5115  +0.1068  -0.2712
   1665    265982   166   +4.895    8071    218     41  -0.1076  +0.1183  +0.1858  -0.0728
   1666    266145   163   +8.029    9740    238     52  +0.0364  +0.5566  +0.4586  +0.0219
   1667    266305   160   -2.143    4257    248     64  -0.5875  -0.8827  -0.1525  -0.5708
   1668    266464   159   +2.460    5578    280     43  -0.3229  -0.5361  +1.0000  -0.5021
   1669    266626   162   -4.347    3085    173     21  -0.6041  -1.0000  -1.0000  -0.5550
   1670    266789   163   -0.570    5930    162     32  -0.2643  -0.4436  -0.2148  -0.0876
   1671    266942   153   -2.062    3080    261     58  -0.6355  -1.0000  -0.0553  -0.7047
   1672    267100   158   -1.807    3230    198     33  -0.6021  -1.0000  -0.5724  -0.5926
   1673    267263   163   +4.514    7292    195     24  -0.1272  -0.0859  +0.1374  -0.0670
   1674    267417   154   -2.814    4660    165     42  -0.4690  -0.7769  -0.6132  -0.2931
   1675    267580   163   +6.207    8237    228     64  -0.0675  +0.1619  +1.0000  -0.0977
   1676    267736   156   -2.231    3554    200     42  -0.5757  -1.0000  -0.2336  -0.5547
   1677    267897   161   -1.952    2337    309     50  -0.6078  -1.0000  +0.3649  -0.8110
   1678    268054   157   +0.693    5258    211     55  -0.4216  -0.6198  +0.0911  -0.3778
   1679    268217   163   +1.230    5030    188     48  -0.3917  -0.6798  +0.2108  -0.3301
   1680    268376   159   -2.045    3388    258     90  -0.6891  -1.0000  -0.0587  -0.6716
   1681    268538   162   -1.982    3491    294     48  -0.5888  -1.0000  +0.1948  -0.7036
   1682    268695   157   +0.022    4422    216     27  -0.4689  -0.8393  -0.0679  -0.4881
   1683    268850   155   -1.267    3851    163     28  -0.5314  -0.9892  -0.6190  -0.4093
   1684    269008   158   +2.705    6147    201     19  -0.2474  -0.3865  +0.1059  -0.2346
   1685    269170   162   -0.889    4598    247     63  -0.5437  -0.7931  -0.0713  -0.5350
   1686    269333   163   -2.893    3765    180     58  -0.6525  -1.0000  -0.9614  -0.4772
   1687    269484   151   -2.488    1775    155     17  -0.6380  -1.0000  -1.0000  -0.7140
   1688    269641   157   -1.784    3531    213     56  -0.6444  -1.0000  -0.5565  -0.5851
   1689    269804   163   +2.796    5726    254     48  -0.3398  -0.4971  +0.6287  -0.4354
   1690    269965   161   +1.298    6663    188     37  -0.2305  -0.2512  -0.1003  -0.1149
   1691    270126   161   -2.075    2916    178     18  -0.5961  -1.0000  -0.8641  -0.5906
   1692    270288   162   -1.504    1504    264     51  -0.7613  -1.0000  -1.0000  -0.8578
   1693    270452   164   -1.938    6083    175     69  -0.3657  -0.4035  -0.4331  -0.1300
   1694    270614   162   -2.005    3955    227    101  -0.7077  -0.9619  -0.4533  -0.5651
   1695    270771   157   +2.584    5855    177     55  -0.3046  -0.4632  +0.1904  -0.1747
   1696    270930   159   +3.671    6753    218     28  -0.2059  -0.2276  +0.2660  -0.2271
   1697    271088   158   +4.645    8362    194    108  -0.1339  +0.1949  +0.5848  +0.0789
   1698    271243   155   -0.142    4865    202     58  -0.4742  -0.7231  -0.0740  -0.3982
   1699    271407   164   +7.365    9852    195     97  +0.0076  +0.5857  +0.2431  +0.2658
   1700    271568   161   +1.877    5540    214     38  -0.3461  -0.5460  +0.2493  -0.3545

  ── rolling mean (last 100 ep) ──  cum_R=+0.548  yield=4793 kg/ha  N=212  W=36 mm  R_seas=-0.4145  R_ane=-0.4105

   1701    271734   166   -1.536    6551    190     92  -0.3834  -0.2806  -0.3851  -0.1393
   1702    271896   162   -5.376    3597    179     65  -0.6707  -1.0000  -0.9566  -0.4969
   1703    272059   163   +2.691    6350    247     28  -0.2818  -0.3334  +0.1769  -0.3574
   1704    272222   163   +6.763    8758    222     71  -0.0637  +0.2987  +0.6032  -0.0157
   1705    272376   154   -5.664    3891    148    126  -0.7258  -0.9788  -0.8922  -0.3441
   1706    272539   163   -1.556    4674    178     23  -0.4466  -0.7731  -0.5789  -0.3418
   1707    272707   168   -2.683    5143    197     63  -0.4821  -0.6501  -0.3821  -0.3482
   1708    272863   156   -1.837    2260    238     24  -0.6511  -1.0000  -0.7175  -0.7627
   1709    273026   163   -2.325    1447    308     45  -0.7557  -1.0000  -1.0000  -0.8824
   1710    273185   159   -0.440    4299    248     47  -0.5143  -0.8716  +0.1876  -0.5669
   1711    273350   165   +6.393    8368    202     45  -0.0258  +0.1964  +0.5557  +0.0364
   1712    273499   149   +0.013    5550    136     22  -0.2393  -0.5433  -0.3067  +0.0243
   1713    273658   159   -0.444    4670    193     44  -0.4812  -0.7744  -0.3113  -0.3945
   1714    273816   158   -2.000    3923    266     70  -0.5976  -0.9703  +0.2590  -0.6311
   1715    273980   164   +3.151    6254    218     35  -0.2563  -0.3585  +0.4013  -0.2820
   1716    274146   166   +3.662    7277    228     66  -0.2336  -0.0900  +0.3295  -0.2030
   1717    274298   152   -4.589    3401    175     23  -0.5942  -1.0000  -0.9744  -0.5144
   1718    274462   164   +2.182    5636    268     43  -0.3633  -0.5206  +0.4601  -0.4735
   1719    274621   159   -2.775    2227    220     67  -0.7602  -1.0000  -1.0000  -0.7467
   1720    274784   163   -2.107    4505    237     80  -0.6216  -0.8177  -0.4801  -0.5255
   1721    274945   161   -2.469    5587    192     44  -0.3969  -0.5337  -0.4470  -0.2735
   1722    275102   157   +1.248    6032    222     90  -0.3965  -0.4167  +0.3509  -0.3199
   1723    275266   164   -1.461    4876    270     94  -0.5686  -0.7202  +0.1565  -0.5479
   1724    275418   152   +7.794    8107    191     51  -0.0113  +0.1278  +0.8942  +0.0611
   1725    275579   161   -2.222    1970    303     38  -0.6354  -1.0000  -0.0738  -0.8373
   1726    275735   156   -2.190    4607    196     89  -0.5978  -0.7908  -0.4892  -0.4113
   1727    275896   161   +3.940    7496    236     93  -0.2620  -0.0324  +0.4531  -0.2067
   1728    276066   170   +1.810    6080    263     68  -0.3540  -0.4043  +0.6058  -0.4221
   1729    276230   164   +1.183    7211    178     61  -0.2119  -0.1073  -0.1992  +0.0106
   1730    276388   158   +6.423    8482    205     35  -0.0209  +0.2262  +0.3367  +0.0347
   1731    276546   158   +0.877    5630    186     53  -0.3824  -0.5222  -0.2415  -0.2441
   1732    276709   163   -2.347    2077    283     60  -0.7503  -1.0000  -0.8477  -0.8167
   1733    276873   164   +2.195    6804    282     97  -0.3646  -0.2143  +0.5370  -0.3980
   1734    277037   164   -2.055    2270    239     48  -0.7244  -1.0000  -0.9707  -0.7624
   1735    277199   162   -0.629    6514    212     80  -0.3870  -0.2903  -0.3316  -0.2324
   1736    277354   155   -2.979    2172    303     68  -0.6910  -1.0000  -0.0812  -0.8207
   1737    277514   160   +2.151    6135    213     88  -0.3675  -0.3898  +0.4044  -0.2794
   1738    277677   163   +2.733    7914    218     33  -0.1078  +0.0772  +0.1793  -0.0922
   1739    277836   159   -3.102    3533    215     51  -0.6268  -1.0000  -0.4694  -0.5891
   1740    277991   155   +2.199    5551    210     39  -0.3370  -0.5431  +0.3041  -0.3408
   1741    278154   163   -1.734    4004    206     36  -0.5822  -0.9491  -0.6668  -0.5148
   1742    278313   159   -1.450    3415    180     92  -0.7241  -1.0000  -0.8697  -0.5259
   1743    278472   159   +3.447    7216    196     52  -0.1911  -0.1059  +0.1440  -0.0793
   1744    278635   163   +5.953    8218    226     29  -0.0687  +0.1570  +0.2924  -0.0899
   1745    278800   165   +0.095    6065    198    103  -0.4329  -0.4081  -0.0362  -0.2352
   1746    278963   163   -2.077    3690    248     39  -0.5749  -1.0000  -0.0727  -0.6274
   1747    279131   168   -0.212    5687    225     99  -0.4966  -0.5074  -0.1101  -0.3671
   1748    279289   158   -1.154    4567    187    145  -0.7139  -0.8014  -0.5923  -0.3898
   1749    279450   161   +3.142    7125    236     91  -0.3032  -0.1298  +0.3477  -0.2446
   1750    279604   154   -2.201    4289    186     62  -0.5744  -0.8743  -0.5741  -0.4243
   1751    279769   165   +4.799    9136    254    128  -0.1799  +0.3978  +0.5760  -0.0990
   1752    279927   158   -2.494    2866    214     33  -0.6573  -1.0000  -0.8918  -0.6654
   1753    280086   159   -1.983    3054    283     53  -0.6707  -1.0000  -0.4458  -0.7299
   1754    280241   155   +0.591    6941    189     67  -0.2694  -0.1781  -0.1681  -0.0823
   1755    280395   154   -2.817    2243    221     59  -0.7441  -1.0000  -1.0000  -0.7467
   1756    280562   167   +3.017    8150    216     90  -0.2019  +0.1390  +0.1216  -0.0582
   1757    280726   164   -1.600    4238    201     84  -0.6336  -0.8878  -0.5120  -0.4726
   1758    280883   157   -2.820    3223    252     55  -0.6476  -1.0000  -0.3143  -0.6797
   1759    281048   165   -1.646    4023    267     89  -0.7133  -0.9441  -0.6142  -0.6231
   1760    281205   157   -6.176    4243    191     84  -0.6600  -0.8863  -0.8797  -0.4457
   1761    281369   164   -2.035    4269    226     73  -0.6092  -0.8796  -0.3422  -0.5275
   1762    281521   152   +4.343    7493    187     36  -0.0812  -0.0333  +0.4630  +0.0033
   1763    281686   165   -1.890    3235    293     71  -0.6740  -1.0000  -0.1362  -0.7236
   1764    281853   167   -2.055    4651    258    110  -0.6138  -0.7793  +0.1659  -0.5494
   1765    282007   154   -1.095    4214    262     62  -0.5494  -0.8939  +0.2966  -0.5981
   1766    282168   161   +4.022    7565    236     57  -0.1813  -0.0143  +0.4625  -0.1970
   1767    282328   160   -2.660    1997    257     97  -0.8194  -1.0000  -0.8199  -0.8055
   1768    282485   157   +5.054    7365    176     70  -0.1448  -0.0670  +0.4379  +0.0443
   1769    282645   160   +4.420    7850    233     94  -0.2009  +0.0604  +0.6910  -0.1563
   1770    282811   166   -1.053    5413    254    113  -0.5624  -0.5793  -0.0111  -0.4682
   1771    282969   158   -1.110    5608    174    137  -0.5209  -0.5279  -0.1303  -0.1942
   1772    283131   162   +3.705    8163    220    105  -0.1810  +0.1426  +0.6671  -0.0741
   1773    283295   164   -1.503    5654    230    121  -0.5151  -0.5159  +0.2257  -0.3848
   1774    283457   162   +2.455    9123    191    113  -0.1134  +0.3944  +0.0250  +0.1961
   1775    283619   162   +2.505    7005    206    129  -0.3662  -0.1613  +0.2728  -0.1514
   1776    283770   151   -1.771    4982    189    138  -0.6154  -0.6924  -0.1711  -0.3403
   1777    283932   162   +0.110    5544    235     95  -0.4801  -0.5449  +0.1929  -0.4102
   1778    284092   160   -2.324    2795    221     86  -0.7780  -1.0000  -1.0000  -0.6832
   1779    284250   158   -1.468    4374    218    133  -0.7426  -0.8521  -0.6405  -0.4992
   1780    284409   159   +1.713    7511    215     88  -0.2637  -0.0286  +0.0957  -0.1283
   1781    284572   163   +1.684    6419    229     93  -0.4322  -0.3151  -0.2654  -0.2997
   1782    284730   158   +3.142    7211    207     75  -0.2460  -0.1072  +0.2103  -0.1290
   1783    284891   161   -0.537    7108    160    149  -0.3144  -0.1345  +0.2344  +0.1102
   1784    285046   155   -2.203    3819    205    126  -0.7675  -0.9977  -0.5439  -0.5344
   1785    285209   163   +3.506    7908    244     67  -0.2141  +0.0755  +0.0941  -0.1880
   1786    285369   160   +0.990    7142    243    109  -0.3490  -0.1254  +0.3095  -0.2664
   1787    285533   164   -1.562    4073    235    132  -0.7446  -0.9309  -0.2763  -0.5661
   1788    285702   169   -1.943    4118    344     61  -0.5655  -0.9192  +0.4765  -0.7004
   1789    285864   162   -3.136    3793    184    112  -0.7648  -1.0000  -1.0000  -0.4840
   1790    286027   163   -6.184    4407    174    118  -0.6657  -0.8433  -0.6542  -0.3668
   1791    286187   160   -2.593    4770    209     62  -0.5817  -0.7480  -0.9103  -0.4284
   1792    286349   162   +2.072    6875    191    120  -0.3391  -0.1956  +0.2885  -0.1013
   1793    286509   160   -2.069    3520    252     67  -0.6752  -1.0000  -0.4481  -0.6504
   1794    286674   165   -1.793    3630    263    118  -0.8179  -1.0000  -0.8407  -0.6551
   1795    286834   160   +8.536   10778    208    104  +0.0940  +0.8288  +0.5589  +0.2955
   1796    286999   165   +3.586    7757    190    135  -0.2589  +0.0361  +0.4358  +0.0182
   1797    287160   161   -2.395    4958    195    126  -0.6642  -0.6987  -0.7961  -0.3641
   1798    287320   160   -1.776    4579    264    116  -0.6776  -0.7982  -0.2626  -0.5669
   1799    287485   165   -1.791    5012    258     96  -0.6110  -0.6844  -0.4187  -0.5141
   1800    287645   160   -1.933    4826    242    110  -0.6641  -0.7335  -0.6070  -0.5015

  ── rolling mean (last 100 ep) ──  cum_R=+0.003  yield=5377 kg/ha  N=223  W=79 mm  R_seas=-0.4665  R_ane=-0.3709

   1801    287805   160   -2.589    6895    195    125  -0.4215  -0.1903  -0.3956  -0.1169
   1802    287962   157   +8.331   10849    205     93  +0.1441  +0.8476  +0.7210  +0.3250
   1803    288127   165   -2.310    2464    274    154  -0.9178  -1.0000  -0.8530  -0.7750
   1804    288286   159   +2.241    8578    177    105  -0.1164  +0.2513  +0.1264  +0.2087
   1805    288441   155   -2.917    5564    183    134  -0.5578  -0.5397  -0.3668  -0.2384
   1806    288603   162   -1.512    5165    211    150  -0.6173  -0.6443  +0.0950  -0.3889
   1807    288760   157   -2.237    4911    231    108  -0.6233  -0.7111  -0.3873  -0.4682
   1808    288913   153   -1.933    5598    204    145  -0.5718  -0.5306  -0.0506  -0.3130
   1809    289073   160   +7.161   10620    194    140  +0.0196  +0.7874  +0.3927  +0.3700
   1810    289233   160   -0.379    6092    183    131  -0.4629  -0.4011  -0.0516  -0.1670
   1811    289392   159   -2.762    3431    270    109  -0.7494  -1.0000  -0.2555  -0.6825
   1812    289555   163   +4.267    8216    268     62  -0.1635  +0.1564  +0.4287  -0.2332
   1813    289715   160   +3.682    8551    189    130  -0.1850  +0.2443  +0.2216  +0.1285
   1814    289876   161   +3.841    9191    221    158  -0.1937  +0.4124  +0.4086  +0.0411
   1815    290035   159   -2.028    4766    282    115  -0.6481  -0.7491  -0.0719  -0.5769
   1816    290190   155   +1.509    7260    182    107  -0.2842  -0.0946  +0.0141  -0.0052
   1817    290351   161   -1.698    3424    237    119  -0.7974  -1.0000  -0.6771  -0.6390
   1818    290513   162   +1.165    6587    192    155  -0.4453  -0.2710  +0.1248  -0.1407
   1819    290676   163   +5.282    8738    248     95  -0.1112  +0.2935  +0.9147  -0.1180
   1820    290841   165   -3.339    6595    236    102  -0.4284  -0.2691  -0.1651  -0.3019
   1821    290999   158   -2.143    4397    230    118  -0.6851  -0.8459  -0.3012  -0.5219
   1822    291155   156   -0.129    7677    199    140  -0.3333  +0.0150  +0.0320  -0.0367
   1823    291313   158   -1.231    2739    190    172  -0.8897  -1.0000  -1.0000  -0.6406
   1824    291468   155   -2.181    4561    199    121  -0.6547  -0.8030  -0.3296  -0.4279
   1825    291631   163   +3.205    9489    212    126  -0.1424  +0.4906  +0.0118  +0.1188
   1826    291796   165   -1.835    5233    227    137  -0.6599  -0.6264  -0.5155  -0.4237
   1827    291961   165   -0.537    6374    248    121  -0.5230  -0.3270  -0.4090  -0.3573
   1828    292120   159   +1.857    7415    190    122  -0.3232  -0.0537  -0.1046  -0.0216
   1829    292283   163   +2.982    7885    218     89  -0.2325  +0.0695  +0.0652  -0.0935
   1830    292442   159   -1.784    4012    254    107  -0.7145  -0.9469  -0.3157  -0.6056
   1831    292610   168   +6.780   10442    244     93  -0.0013  +0.7408  +0.2995  +0.0711
   1832    292768   158   +7.948   10809    213     93  +0.1050  +0.8371  +0.5240  +0.2668
   1833    292924   156   -1.907    3675    234    143  -0.8049  -1.0000  -0.3598  -0.6075
   1834    293086   162   -2.085    4159    215    143  -0.7962  -0.9083  -0.7833  -0.5171
   1835    293245   159   -2.032    2839    268    121  -0.8383  -1.0000  -0.7464  -0.7346
   1836    293403   158   -1.693    4373    237    126  -0.7211  -0.8523  -0.4515  -0.5383
   1837    293569   166   +6.378   11134    208    147  +0.0382  +0.9222  +0.4873  +0.3407
   1838    293724   155   +0.868    7701    207     75  -0.2137  +0.0213  +0.0270  -0.0686
   1839    293886   162   -5.012    4651    161    137  -0.6677  -0.7794  -0.7590  -0.2773
   1840    294049   163   +1.804    7506    261    138  -0.3602  -0.0300  +0.5704  -0.2820
   1841    294210   161   +5.005   10044    247    135  -0.0880  +0.6363  +0.6798  +0.0174
   1842    294366   156   -3.178    5201    190    117  -0.6011  -0.6349  -0.6477  -0.3159
   1843    294527   161   -2.653    4584    212    153  -0.7391  -0.7968  -0.5212  -0.4593
   1844    294691   164   -0.346    5476    256     99  -0.5281  -0.5626  +0.0168  -0.4657
   1845    294847   156   -1.657    5610    188    127  -0.5423  -0.5274  -0.3372  -0.2517
   1846    295012   165   +3.292    8537    274    128  -0.2473  +0.2406  +0.6512  -0.2213
   1847    295173   161   -1.784    5898    219    130  -0.5761  -0.4520  -0.5362  -0.3269
   1848    295337   164   -0.559    6474    241    137  -0.5264  -0.3007  -0.2925  -0.3272
   1849    295506   169   +1.412    6450    263    106  -0.4401  -0.3070  +0.1638  -0.3875
   1850    295669   163   -0.791    5281    280    141  -0.5834  -0.6139  +0.6008  -0.5285
   1851    295824   155   -4.525    3021    205     60  -0.7058  -1.0000  -0.9436  -0.6309
   1852    295986   162   -2.491    6206    225    136  -0.5174  -0.3711  -0.0949  -0.3101
   1853    296145   159   -1.137    3702    264    151  -0.8321  -1.0000  -0.3732  -0.6493
   1854    296307   162   +5.776    9174    214     91  -0.0463  +0.4078  +0.6229  +0.0736
   1855    296461   154   -0.636    6234    234     98  -0.4552  -0.3637  -0.1757  -0.3328
   1856    296619   158   +1.683    7443    248    110  -0.3473  -0.0464  +0.0936  -0.2507
   1857    296777   158   -2.835    2453    231    134  -0.8878  -1.0000  -1.0000  -0.7347
   1858    296939   162   -0.052    6393    218     98  -0.4327  -0.3221  -0.2392  -0.2686
   1859    297100   161   +1.991    7818    254    123  -0.3223  +0.0521  +0.2991  -0.2313
   1860    297258   158   +4.026    7968    237    122  -0.2616  +0.0912  +0.5872  -0.1603
   1861    297411   153   -2.975    3843    218    105  -0.7262  -0.9913  -0.5022  -0.5594
   1862    297564   153   -1.639    4595    201     54  -0.5457  -0.7939  -0.5868  -0.4287
   1863    297721   157   -1.545    4006    188    154  -0.7957  -0.9486  -0.7093  -0.4688
   1864    297878   157   -1.202    5852    248    114  -0.5378  -0.4639  -0.2085  -0.4105
   1865    298035   157   +3.609    8630    267    111  -0.2018  +0.2650  +0.6279  -0.1927
   1866    298193   158   -2.636    3749    252    110  -0.7940  -1.0000  -0.8557  -0.6278
   1867    298358   165   +4.042    9944    200    131  -0.0421  +0.6099  +0.4456  +0.2460
   1868    298522   164   -2.791    1817    316     60  -0.7761  -1.0000  -0.9780  -0.8565
   1869    298685   163   -0.710    5747    279    126  -0.5560  -0.4917  +0.1460  -0.4846
   1870    298842   157   +4.593    7671    243     75  -0.2109  +0.0135  +0.5070  -0.2100
   1871    299000   158   +1.089    8642    190    123  -0.1764  +0.2683  +0.0872  +0.1361
   1872    299153   153   -1.340    5857    215    141  -0.5781  -0.4628  -0.3510  -0.3176
   1873    299316   163   +5.769   11703    263    155  -0.0283  +1.0000  +0.3833  +0.1111
   1874    299475   159   +0.710    8415    217    150  -0.3211  +0.2088  -0.1549  -0.0292
   1875    299633   158   -3.788    5037    178    130  -0.6422  -0.6781  -0.8119  -0.2905
   1876    299792   159   +6.991    9366    211    163  -0.1288  +0.4584  +0.7378  +0.1095
   1877    299954   162   -2.595    2855    332     50  -0.6766  -1.0000  -0.4029  -0.7851
   1878    300110   156   -1.715    4237    252    147  -0.7770  -0.8878  -0.3711  -0.5803
   1879    300269   159   +0.582    7788    239    155  -0.3887  +0.0440  +0.0558  -0.1843
   1880    300432   163   +5.201    8614    257    101  -0.1593  +0.2610  +0.7651  -0.1621
   1881    300589   157   -0.365    5834    273    103  -0.4853  -0.4687  +0.2769  -0.4650
   1882    300745   156   -2.417    5170    254    142  -0.6544  -0.6430  -0.1256  -0.4908
   1883    300905   160   +2.699    7898    252     68  -0.2101  +0.0731  +0.2546  -0.2179
   1884    301068   163   +3.367    8522    262     82  -0.1846  +0.2368  +0.2801  -0.1883
   1885    301232   164   -2.168    3349    278    135  -0.8806  -1.0000  -1.0000  -0.6992
   1886    301390   158   +1.940    7550    259    137  -0.3402  -0.0182  +0.6940  -0.2707
   1887    301544   154   -2.081    4699    253    152  -0.7596  -0.7667  -0.5702  -0.5365
   1888    301706   162   +0.301    6327    262    151  -0.5124  -0.3393  +0.4122  -0.3961
   1889    301871   165   -0.308    6192    301     87  -0.4728  -0.3748  -0.0789  -0.4857
   1890    302033   162   -0.623    6009    240    164  -0.5454  -0.4229  +0.2255  -0.3742
   1891    302191   158   -0.186    5282    322     89  -0.5107  -0.6136  +0.4926  -0.5900
   1892    302347   156   -2.489    3614    311     99  -0.7628  -1.0000  -0.5074  -0.7098
   1893    302512   165   -1.639    5154    250    111  -0.6142  -0.6472  -0.3427  -0.4849
   1894    302673   161   +5.112    9621    204     60  +0.0630  +0.5252  +0.4933  +0.1802
   1895    302833   160   +1.786    8132    239    116  -0.2850  +0.1343  +0.0887  -0.1480
   1896    302990   157   -2.609    1505    292     55  -0.7724  -1.0000  -1.0000  -0.8711
   1897    303149   159   -0.876    6871    183    189  -0.4589  -0.1966  -0.4613  -0.0605
   1898    303318   169   -1.731    4513    284    155  -0.8068  -0.8154  -0.7213  -0.6029
   1899    303476   158   +8.037   11493    277    128  +0.0265  +1.0000  +0.7145  +0.0386
   1900    303632   156   -2.026    4387    258    147  -0.7428  -0.8485  -0.1492  -0.5744

  ── rolling mean (last 100 ep) ──  cum_R=+0.369  yield=6350 kg/ha  N=235  W=120 mm  R_seas=-0.4620  R_ane=-0.3014

   1901    303793   161   -2.451    3205    343    106  -0.7739  -1.0000  -0.3021  -0.7663
   1902    303956   163   -2.156    3139    321    130  -0.8486  -1.0000  -0.6140  -0.7558
   1903    304112   156   -2.598    4407    312    110  -0.6334  -0.8433  +0.4207  -0.6468
   1904    304265   153   -4.056    2519    231    113  -0.8450  -1.0000  -1.0000  -0.7269
   1905    304425   160   -1.970    6309    212     83  -0.4212  -0.3440  -0.4059  -0.2577
   1906    304588   163   +1.168    7528    278    113  -0.3369  -0.0243  +0.4208  -0.3227
   1907    304750   162   +1.338    7074    196    138  -0.3627  -0.1432  +0.2835  -0.0997
   1908    304910   160   -2.906    3490    263    119  -0.7908  -1.0000  -0.5173  -0.6684
   1909    305065   155   +3.221    8376    245    118  -0.2394  +0.1985  +0.4106  -0.1455
   1910    305224   159   +4.147    9620    248    134  -0.1496  +0.5249  +0.4642  -0.0322
   1911    305387   163   -0.606    6651    256    157  -0.5575  -0.2544  -0.3889  -0.3500
   1912    305546   159   -1.902    3232    296    140  -0.8417  -1.0000  -0.4444  -0.7269
   1913    305706   160   +2.832    6969    290     50  -0.2452  -0.1708  +0.6836  -0.3995
   1914    305866   160   -5.517    4834    222    143  -0.7226  -0.7313  -0.6799  -0.4546
   1915    306026   160   -2.750    3343    325    100  -0.7714  -1.0000  -0.4720  -0.7427
   1916    306180   154   +3.509    8721    220    140  -0.2459  +0.2891  +0.1540  -0.0114
   1917    306346   166   -1.149    5526    256     95  -0.5624  -0.5495  -0.4574  -0.4599
   1918    306505   159   -1.413    6217    250    146  -0.5405  -0.3682  +0.0752  -0.3793
   1919    306660   155   -2.777    3806    267    101  -0.7537  -1.0000  -0.5806  -0.6442
   1920    306817   157   +3.557    8721    239     98  -0.1747  +0.2891  +0.2733  -0.0891
   1921    306970   153   +2.585    7075    244     99  -0.3186  -0.1430  +0.4822  -0.2746
   1922    307130   160   -2.423    4198    333     93  -0.6197  -0.8983  +0.4711  -0.6845
   1923    307288   158   -0.113    6243    230    124  -0.4954  -0.3615  -0.1061  -0.3214
   1924    307441   153   -1.983    5421    235    141  -0.6180  -0.5771  -0.1400  -0.4242
   1925    307600   159   +5.682    9214    248    130  -0.1369  +0.4185  +0.8982  -0.0719
   1926    307762   162   -1.889    6028    291    126  -0.5974  -0.4179  -0.4712  -0.4814
   1927    307921   159   -2.335    4200    329     69  -0.6095  -0.8976  +0.0791  -0.6808
   1928    308079   158   -1.753    5020    317    109  -0.5966  -0.6823  +0.2318  -0.6036
   1929    308239   160   +1.517    7675    237    154  -0.3880  +0.0144  +0.1524  -0.1895
   1930    308397   158   +3.163    9111    316    101  -0.1720  +0.3913  +0.6580  -0.2788
   1931    308555   158   -2.204    5480    244    147  -0.6549  -0.5617  -0.3903  -0.4375
   1932    308717   162   +4.148    8820    293    100  -0.2099  +0.3149  +0.3697  -0.2486
   1933    308878   161   +1.964    8332    259    137  -0.2885  +0.1868  +0.4655  -0.1947
   1934    309037   159   -2.424    4150    260    116  -0.7706  -0.9108  -0.8076  -0.6003
   1935    309191   154   -1.937    4884    259     76  -0.5875  -0.7181  -0.4568  -0.5287
   1936    309356   165   -2.581    5119    284    147  -0.7221  -0.6565  -0.4907  -0.5502
   1937    309519   163   -2.296    4806    307    129  -0.7013  -0.7385  -0.2608  -0.6081
   1938    309674   155   -1.583    4613    336     80  -0.5619  -0.7892  +0.4304  -0.6567
   1939    309836   162   +1.489    8018    274    117  -0.3548  +0.1045  -0.1623  -0.2676
   1940    309992   156   -2.803    5047    256    140  -0.6800  -0.6752  -0.2788  -0.5072
   1941    310143   151   +6.191   10047    184     73  +0.1131  +0.6369  +0.3784  +0.3664
   1942    310195    52   -8.206       0     91     23  -0.7188  -1.0000  -1.0000  -1.0000
   1943    310353   158   -1.472    5221    283     90  -0.5499  -0.6297  +0.0086  -0.5384
   1944    310507   154   -0.126    6689    262    145  -0.4596  -0.2442  +0.4965  -0.3606
   1945    310662   155   -2.608    4737    309    124  -0.6539  -0.7567  +0.1973  -0.6168
   1946    310813   151   +0.911    7044    250    124  -0.4242  -0.1512  +0.0056  -0.2959
   1947    310970   157   +2.153    8834    193    120  -0.1612  +0.3186  +0.0493  +0.1450
   1948    311130   160   -0.663    6460    248    158  -0.5690  -0.3045  -0.3843  -0.3481
   1949    311294   164   +1.199    7286    277    121  -0.4157  -0.0876  +0.0115  -0.3427
   1950    311457   163   -2.252    4106    352    110  -0.7380  -0.9224  -0.2315  -0.7083
   1951    311618   161   -2.929    4480    346    118  -0.6935  -0.8242  +0.0218  -0.6764
   1952    311783   165   +4.890   10478    274    117  -0.0610  +0.7502  +0.4868  -0.0447
   1953    311942   159   -1.149    5277    318     60  -0.5384  -0.6150  -0.3810  -0.5850
   1954    312096   154   -3.121    4375    281     90  -0.6703  -0.8518  -0.4361  -0.6113
   1955    312250   154   -1.704    7117    220     97  -0.3533  -0.1321  -0.1784  -0.1928
   1956    312410   160   +4.291    9844    278    135  -0.1673  +0.5836  +0.4062  -0.1147
   1957    312572   162   -2.675    3980    284     89  -0.7201  -0.9554  -0.5798  -0.6500
   1958    312735   163   -1.797    5057    296     97  -0.6123  -0.6728  -0.2716  -0.5732
   1959    312893   158   +0.894    6884    289    101  -0.3810  -0.1932  +0.4139  -0.4048
   1960    313059   166   +0.776    8258    292    136  -0.3396  +0.1675  +0.2772  -0.2916
   1961    313215   156   +0.669    7154    262    122  -0.4103  -0.1223  +0.1085  -0.3173
   1962    313377   162   +5.166   10582    272    148  -0.1027  +0.7774  +0.5655  -0.0262
   1963    313534   157   -3.020    3546    315     99  -0.7481  -1.0000  -0.3424  -0.7187
   1964    313697   163   +2.171    8050    328    113  -0.3459  +0.1128  +0.1901  -0.3858
   1965    313859   162   -2.379    5194    260    144  -0.7264  -0.6366  -0.7887  -0.5014
   1966    314016   157   +1.161    8581    226    122  -0.2090  +0.2521  +0.3793  -0.0531
   1967    314179   163   +5.465    8769    302     66  -0.1384  +0.3017  +0.5119  -0.2752
   1968    314341   162   +3.874    8360    357     82  -0.1911  +0.1942  +0.9897  -0.4143
   1969    314506   165   +2.980    9176    320    105  -0.2075  +0.4084  +0.3599  -0.2838
   1970    314673   167   +1.577    7918    295    117  -0.3286  +0.0781  +0.3506  -0.3285
   1971    314828   155   +0.792    7788    256     91  -0.3150  +0.0441  -0.2131  -0.2398
   1972    314988   160   +0.272    6198    290    106  -0.4926  -0.3732  +0.0322  -0.4648
   1973    315145   157   -3.101    4992    291    116  -0.6340  -0.6898  -0.0720  -0.5711
   1974    315303   158   -3.118    4577    279    123  -0.7219  -0.7988  -0.4795  -0.5900
   1975    315463   160   -0.399    6678    264    148  -0.5520  -0.2472  -0.3343  -0.3681
   1976    315622   159   +0.923    7629    328    143  -0.4161  +0.0023  +0.4607  -0.4194
   1977    315787   165   +3.178    8961    298    119  -0.2618  +0.3519  +0.1229  -0.2475
   1978    315948   161   +2.342    8990    250    111  -0.2186  +0.3597  -0.0632  -0.1001
   1979    316105   157   +3.024    8387    285    124  -0.2834  +0.2014  +0.4464  -0.2634
   1980    316265   160   +4.774    9295    277     98  -0.1566  +0.4397  +0.2803  -0.1615
   1981    316423   158   -2.206    5036    294    138  -0.6691  -0.6783  -0.0256  -0.5724
   1982    316582   159   -1.979    4974    357    119  -0.6636  -0.6946  -0.0560  -0.6514
   1983    316738   156   +4.112    9419    260     82  -0.1072  +0.4721  +0.1946  -0.0952
   1984    316894   156   +3.032    8603    283    112  -0.2436  +0.2581  +0.3882  -0.2393
   1985    317052   158   -2.783    3389    247     87  -0.7676  -1.0000  -0.9463  -0.6567
   1986    317214   162   -2.261    6745    223     92  -0.4118  -0.2297  -0.4648  -0.2430
   1987    317371   157   -2.755    3633    384     60  -0.6409  -1.0000  +0.0989  -0.7634
   1988    317526   155   +0.976    6376    263     90  -0.4233  -0.3264  +0.0710  -0.3939
   1989    317691   165   -1.671    6367    251    164  -0.5754  -0.3290  -0.3372  -0.3650
   1990    317849   158   -2.532    5652    280    148  -0.6763  -0.5165  -0.5235  -0.4961
   1991    318002   153   -0.219    6935    278    142  -0.4728  -0.1798  +0.2039  -0.3773
   1992    318168   166   -0.962    5232    268     65  -0.5441  -0.6269  -0.5194  -0.5128
   1993    318325   157   -2.690    4969    327    146  -0.6985  -0.6958  +0.0393  -0.6197
   1994    318484   159   -0.978    6016    245    106  -0.5142  -0.4210  -0.3045  -0.3866
   1995    318652   168   +1.913    7558    309     73  -0.2855  -0.0162  +0.3156  -0.3877
   1996    318807   155   -2.888    4738    314     99  -0.6387  -0.7564  -0.1310  -0.6232
   1997    318963   156   -2.226    3967    326    113  -0.7239  -0.9588  +0.0190  -0.6955
   1998    319119   156   +2.089    8190    247     89  -0.2492  +0.1497  -0.0569  -0.1725
   1999    319274   155   -2.807    3809    324    122  -0.7992  -1.0000  -0.4213  -0.7057
   2000    319433   159   -2.423    5286    298    129  -0.6509  -0.6127  -0.2311  -0.5559

  ── rolling mean (last 100 ep) ──  cum_R=-0.186  yield=6310 kg/ha  N=277  W=113 mm  R_seas=-0.4823  R_ane=-0.4138

   2001    319595   162   -3.192    4722    361    114  -0.6821  -0.7607  -0.1137  -0.6733
   2002    319755   160   -2.074    4300    399    103  -0.6983  -0.8713  -0.0537  -0.7307
   2003    319915   160   +2.416    7793    301     99  -0.3264  +0.0454  +0.1617  -0.3521
   2004    320077   162   -2.382    4487    371    138  -0.7806  -0.8223  -0.3994  -0.6979
   2005    320234   157   +4.436   10673    289    163  -0.1307  +0.8014  +0.4217  -0.0774
   2006    320394   160   -1.147    6640    293    151  -0.5570  -0.2572  -0.1259  -0.4336
   2007    320549   155   +4.068    8650    275     94  -0.1716  +0.2704  +0.6522  -0.2148
   2008    320705   156   -0.983    6204    282    112  -0.5124  -0.3716  -0.0858  -0.4510
   2009    320858   153   -2.719    3662    322    130  -0.8103  -1.0000  -0.3450  -0.7152
   2010    321021   163   -1.902    7928    300     91  -0.3446  +0.0810  -0.2969  -0.3390
   2011    321184   163   +2.769    8749    256     74  -0.1582  +0.2964  +0.1010  -0.1449
   2012    321339   155   +5.532   10121    243     96  -0.0238  +0.6564  +0.4292  +0.0409
   2013    321499   160   -3.762    4043    269    161  -0.8721  -0.9388  -1.0000  -0.6248
   2014    321659   160   -0.842    5869    328    172  -0.6182  -0.4596  +0.1264  -0.5531
   2015    321819   160   -1.279    7221    254    113  -0.4267  -0.1046  -0.3595  -0.2905
   2016    321981   162   +4.128   10441    316    116  -0.0836  +0.7405  +0.6487  -0.1728
   2017    322144   163   -1.875    4982    321    138  -0.7155  -0.6925  -0.3341  -0.6122
   2018    322304   160   -0.772    6092    347    124  -0.5526  -0.4010  +0.1489  -0.5612
   2019    322465   161   +0.682    7425    314    120  -0.4215  -0.0513  +0.0406  -0.4079
   2020    322624   159   +3.721   10317    266    154  -0.1556  +0.7080  +0.2682  -0.0314
   2021    322783   159   -3.415    3695    310     97  -0.7658  -1.0000  -0.6009  -0.7022
   2022    322941   158   -3.285    3262    264     44  -0.6970  -1.0000  -1.0000  -0.6916
   2023    323104   163   +4.109    9767    306    111  -0.1545  +0.5636  +0.3772  -0.2019
   2024    323267   163   -2.210    5471    312    147  -0.6967  -0.5642  -0.4314  -0.5623
   2025    323429   162   +0.968    6992    298    114  -0.4287  -0.1647  +0.1581  -0.4125
   2026    323588   159   -0.931    5404    304     84  -0.5489  -0.5818  -0.1729  -0.5550
   2027    323746   158   +0.458    6745    326    108  -0.4535  -0.2297  +0.1542  -0.4827
   2028    323907   161   -2.598    3226    409    128  -0.8593  -1.0000  -0.6289  -0.8027
   2029    324067   160   -2.432    4702    371     94  -0.6371  -0.7659  -0.0089  -0.6833
   2030    324232   165   +5.384   10888    322    126  -0.1081  +0.8576  +0.2712  -0.1558
   2031    324390   158   +0.203    7196    253    113  -0.4121  -0.1113  -0.2145  -0.2891
   2032    324554   164   -0.109    6760    301    122  -0.5086  -0.2256  -0.2581  -0.4387
   2033    324710   156   +2.977    7845    319     90  -0.2814  +0.0592  +0.5074  -0.3852
   2034    324872   162   +4.551    9207    323     83  -0.1433  +0.4166  +0.5605  -0.2883
   2035    325031   159   -2.114    3696    358    162  -0.8858  -1.0000  -0.6321  -0.7421
   2036    325191   160   +2.983    8492    311    119  -0.3235  +0.2289  +0.0339  -0.3178
   2037    325351   160   +3.297    8814    316    127  -0.2807  +0.3134  +0.3614  -0.3036
   2038    325511   160   +5.429   10148    282    108  -0.0930  +0.6636  +0.3785  -0.1014
   2039    325670   159   +2.546    7827    330    100  -0.3099  +0.0543  +0.4957  -0.4078
   2040    325828   158   +2.863    8329    299    129  -0.3262  +0.1862  +0.2639  -0.3027
   2041    325988   160   -2.668    2521    335     87  -0.8178  -1.0000  -1.0000  -0.8116
   2042    326143   155   -3.077    4018    316    129  -0.8003  -0.9454  -0.5101  -0.6823
   2043    326303   160   +2.062    8215    333    122  -0.3466  +0.1561  +0.2460  -0.3829
   2044    326462   159   -2.412    2445    410     95  -0.8329  -1.0000  -0.8718  -0.8508
   2045    326625   163   +4.869    8927    363     74  -0.1759  +0.3431  +0.5226  -0.3849
   2046    326780   155   -1.268    6208    327    126  -0.5612  -0.3707  -0.0953  -0.5249
   2047    326939   159   +1.228    8459    295    136  -0.3387  +0.2202  +0.1256  -0.2825
   2048    327099   160   -1.582    6233    247    110  -0.5129  -0.3640  -0.3981  -0.3698
   2049    327261   162   +4.090    9623    282    161  -0.2435  +0.5258  +0.1926  -0.1473
   2050    327424   163   +5.333   11152    287    154  -0.1141  +0.9271  +0.1243  -0.0277
   2051    327585   161   -1.794    5719    358    119  -0.5799  -0.4989  +0.1313  -0.6008
   2052    327742   157   -3.097    2974    288     98  -0.8203  -1.0000  -1.0000  -0.7422
   2053    327904   162   -1.319    6402    285    116  -0.5347  -0.3197  -0.3974  -0.4380
   2054    328071   167   +5.836   10627    306     86  -0.0352  +0.7892  +0.3034  -0.1306
   2055    328235   164   +3.405    8725    314     96  -0.1993  +0.2901  +0.6229  -0.3042
   2056    328391   156   -2.384    4027    358    130  -0.8121  -0.9431  -0.5102  -0.7184
   2057    328554   163   +4.270   10049    353    122  -0.1578  +0.6375  +0.6372  -0.2877
   2058    328713   159   +1.059    6464    354     73  -0.3999  -0.3034  +0.3614  -0.5438
   2059    328873   160   +2.405    8384    312     99  -0.2857  +0.2006  +0.1184  -0.3281
   2060    329030   157   +3.116    8538    283     90  -0.2587  +0.2408  -0.1521  -0.2455
   2061    329192   162   -2.376    4431    373    165  -0.8204  -0.8369  -0.5033  -0.7027
   2062    329355   163   +1.507    7834    323    116  -0.3859  +0.0563  -0.0010  -0.3933
   2063    329512   157   -2.494    4251    349    113  -0.7315  -0.8842  -0.2491  -0.6954
   2064    329671   159   +1.597    8386    307    168  -0.4005  +0.2011  -0.0585  -0.3164
   2065    329836   165   -0.880    6400    341    140  -0.5739  -0.3202  -0.0388  -0.5305
   2066    329998   162   +4.265   10313    324    142  -0.1745  +0.7068  +0.4372  -0.2047
   2067    330152   154   -1.875    5964    267    108  -0.5338  -0.4347  -0.2581  -0.4417
   2068    330310   158   +3.971    8397    320    103  -0.2761  +0.2040  +0.3324  -0.3430
   2069    330470   160   -2.060    5062    390    103  -0.6209  -0.6715  +0.0617  -0.6758
   2070    330629   159   +3.901   10028    315    114  -0.1390  +0.6321  +0.4246  -0.2050
   2071    330784   155   -2.729    4403    342    118  -0.7360  -0.8444  -0.3575  -0.6780
   2072    330946   162   +1.179    7393    362    107  -0.4071  -0.0596  +0.2031  -0.4901
   2073    331103   157   +0.856    6640    299    103  -0.4659  -0.2572  -0.1158  -0.4445
   2074    331267   164   +2.020    8349    243     96  -0.2388  +0.1913  -0.0132  -0.1415
   2075    331433   166   +0.458    7320    341    140  -0.4587  -0.0789  +0.3114  -0.4633
   2076    331591   158   -2.003    5852    331    111  -0.5718  -0.4640  -0.1633  -0.5576
   2077    331752   161   +1.709    7986    285    108  -0.3317  +0.0962  +0.0056  -0.2991
   2078    331911   159   -1.352    6087    350    141  -0.5788  -0.4024  +0.2413  -0.5653
   2079    332074   163   +5.799    9867    321    186  -0.2566  +0.5898  +0.1537  -0.2314
   2080    332237   163   -2.747    4253    364    164  -0.8622  -0.8838  -0.7898  -0.7077
   2081    332393   156   +1.917    8198    275    154  -0.4029  +0.1516  -0.1411  -0.2555
   2082    332549   156   -2.410    5163    392    108  -0.6079  -0.6449  +0.2045  -0.6703
   2083    332715   166   +0.460    9860    328    128  -0.2219  +0.5880  +0.1109  -0.2474
   2084    332884   169   -2.544    4949    416    176  -0.7650  -0.7010  -0.2892  -0.7027
   2085    333045   161   +1.150    7741    313     97  -0.3515  +0.0318  -0.0053  -0.3826
   2086    333207   162   +3.214   10120    292    139  -0.2056  +0.6561  -0.0031  -0.1349
   2087    333366   159   -2.858    3589    433     83  -0.6899  -1.0000  +0.1555  -0.7927
   2088    333524   158   +3.803    9535    287    126  -0.2026  +0.5025  +0.2415  -0.1692
   2089    333682   158   -2.782    3943    335    157  -0.9029  -0.9650  -1.0000  -0.7055
   2090    333843   161   -2.350    3822    402    129  -0.8203  -0.9969  -0.3320  -0.7624
   2091    334003   160   +0.727    7522    361    112  -0.4128  -0.0257  +0.1216  -0.4785
   2092    334169   166   +3.058    9949    299    120  -0.1840  +0.6113  +0.0362  -0.1669
   2093    334327   158   +4.228   10238    282    159  -0.1762  +0.6871  +0.2991  -0.0931
   2094    334487   160   +4.299   10926    315    127  -0.0946  +0.8676  +0.3223  -0.1317
   2095    334642   155   +0.544    7400    340    142  -0.4791  -0.0578  +0.0582  -0.4562
   2096    334807   165   +2.208    8694    370    113  -0.2911  +0.2818  +0.3862  -0.4129
   2097    334967   160   -2.379    4136    371    102  -0.7465  -0.9145  -0.4616  -0.7215
   2098    335125   158   +1.028    8200    323    123  -0.3707  +0.1521  -0.0265  -0.3649
   2099    335288   163   +2.376    8438    366    112  -0.3029  +0.2146  +0.4555  -0.4238
   2100    335445   157   +0.378    6991    295    126  -0.4692  -0.1652  -0.0398  -0.4067

  ── rolling mean (last 100 ep) ──  cum_R=+0.644  yield=7071 kg/ha  N=322  W=120 mm  R_seas=-0.4505  R_ane=-0.4324

   2101    335599   154   -3.210    1940    400     89  -0.7882  -1.0000  -0.4479  -0.8787
   2102    335763   164   +1.893    9180    333    141  -0.3199  +0.4095  +0.0236  -0.3100
   2103    335918   155   -0.595    5796    345     84  -0.4940  -0.4789  +0.1890  -0.5802
   2104    336076   158   +3.452    9181    311    127  -0.2613  +0.4098  +0.1971  -0.2610
   2105    336233   157   -1.104    5978    272    107  -0.5313  -0.4310  -0.2424  -0.4503
   2106    336396   163   +4.421   10040    353    152  -0.2166  +0.6351  +0.6149  -0.2897
   2107    336556   160   +4.988   10894    334    117  -0.0853  +0.8594  +0.3983  -0.1845
   2108    336712   156   +4.584   10358    300    134  -0.1346  +0.7186  +0.4433  -0.1369
   2109    336876   164   +4.026   10438    323    134  -0.1705  +0.7397  +0.2035  -0.1912
   2110    337033   157   +0.692    6990    351    128  -0.4883  -0.1655  +0.0920  -0.5019
   2111    337194   161   -0.325    6762    302    118  -0.5052  -0.2251  -0.3067  -0.4405
   2112    337352   158   -3.081    3854    427    119  -0.8298  -0.9884  -0.6184  -0.7745
   2113    337514   162   +2.518    9931    298    147  -0.2412  +0.6066  +0.0043  -0.1661
   2114    337676   162   -2.401    5612    381    126  -0.6502  -0.5270  -0.2650  -0.6318
   2115    337839   163   -2.278    4534    397     74  -0.6446  -0.8101  -0.2762  -0.7142
   2116    337996   157   -3.548    3300    418     78  -0.7145  -1.0000  -0.1710  -0.8027
   2117    338159   163   +2.888    8436    351    135  -0.3511  +0.2142  +0.3491  -0.3991
   2118    338326   167   +1.773    8681    376    133  -0.3371  +0.2784  +0.3635  -0.4223
   2119    338483   157   -3.046    5538    314    144  -0.6761  -0.5465  -0.3452  -0.5583
   2120    338640   157   -2.453    3171    423     84  -0.7697  -1.0000  -0.5650  -0.8126
   2121    338795   155   -0.721    5905    318     96  -0.5194  -0.4502  -0.0375  -0.5351
   2122    338952   157   -1.099    6003    366    117  -0.5755  -0.4243  -0.0754  -0.5898
   2123    339107   155   -2.655    4775    423     92  -0.6327  -0.7467  +0.0465  -0.7181
   2124    339263   156   -2.904    4742    336    102  -0.6500  -0.7553  -0.1222  -0.6473
   2125    339421   158   +2.090    7495    378    116  -0.3658  -0.0328  +0.7646  -0.5041
   2126    339591   170   +0.518    7907    355    145  -0.4398  +0.0753  +0.1380  -0.4434
   2127    339749   158   -0.901    6521    333    152  -0.5676  -0.2884  +0.0748  -0.5100
   2128    339906   157   -3.298    3434    411    117  -0.8133  -1.0000  -0.4116  -0.7912
   2129    340073   167   +2.431   10024    350    142  -0.2298  +0.6310  +0.3172  -0.2843
   2130    340233   160   -2.177    5223    372    115  -0.6357  -0.6292  -0.0386  -0.6494
   2131    340391   158   -3.451    2987    411     75  -0.7381  -1.0000  -0.4193  -0.8183
   2132    340554   163   -2.869    4152    370    152  -0.8490  -0.9103  -0.5555  -0.7195
   2133    340718   164   -2.293    6251    362    132  -0.6092  -0.3592  -0.3419  -0.5688
   2134    340878   160   +2.167    7920    304    136  -0.3880  +0.0787  +0.1942  -0.3491
   2135    341039   161   +1.949    8229    325    132  -0.3658  +0.1599  +0.1882  -0.3663
   2136    341203   164   +5.272   11642    353    132  -0.0726  +1.0000  +0.4471  -0.1757
   2137    341363   160   -1.093    6470    408    128  -0.5368  -0.3019  +0.2512  -0.6038
   2138    341522   159   -1.396    5848    399    107  -0.5679  -0.4650  +0.0325  -0.6332
   2139    341683   161   +1.496    7618    366    118  -0.4013  -0.0004  +0.2911  -0.4795
   2140    341849   166   +2.577    8166    387     95  -0.3054  +0.1432  +0.4124  -0.4720
   2141    342014   165   +0.212    5728    390     66  -0.4535  -0.4966  +0.4432  -0.6325
   2142    342171   157   -2.696    4611    358    125  -0.7069  -0.7898  -0.0548  -0.6777
   2143    342333   162   +0.818    7557    364    152  -0.5074  -0.0166  -0.0897  -0.4809
   2144    342493   160   +2.840    9125    357    149  -0.3152  +0.3950  +0.4251  -0.3611
   2145    342653   160   +3.864   10817    331    164  -0.1609  +0.8390  +0.3424  -0.1828
   2146    342809   156   -1.021    6268    342    155  -0.5897  -0.3548  +0.1162  -0.5422
   2147    342974   165   -3.914    5442    311    123  -0.6857  -0.5718  -0.7673  -0.5629
   2148    343127   153   -2.775    4429    375    132  -0.7133  -0.8375  +0.2113  -0.7045
   2149    343290   163   -0.691    6437    373    132  -0.5385  -0.3105  +0.2338  -0.5689
   2150    343448   158   -2.902    4156    412    117  -0.7627  -0.9093  -0.2578  -0.7479
   2151    343612   164   +1.161    7839    344    181  -0.4842  +0.0575  -0.1960  -0.4300
   2152    343766   154   +1.034    7753    297    162  -0.4204  +0.0350  +0.2537  -0.3483
   2153    343923   157   -0.928    5755    346    131  -0.5807  -0.4895  +0.2868  -0.5842
   2154    344087   164   -0.348    7774    376    148  -0.5027  +0.0406  -0.2275  -0.4833
   2155    344248   161   -2.186    5677    352    123  -0.6330  -0.5099  -0.3084  -0.5970
   2156    344413   165   -2.116    5854    438    141  -0.6117  -0.4636  +0.3620  -0.6655
   2157    344573   160   +3.331    8747    324    117  -0.2855  +0.2959  +0.2250  -0.3242
   2158    344737   164   +3.965   10784    342    134  -0.1584  +0.8304  +0.1551  -0.2108
   2159    344899   162   -2.907    4072    422    134  -0.8294  -0.9313  -0.5029  -0.7589
   2160    345059   160   -1.938    5558    395    150  -0.7125  -0.5413  -0.3272  -0.6481
   2161    345225   166   +3.235   10425    343    158  -0.2065  +0.7362  +0.3127  -0.2394
   2162    345386   161   -1.055    4277    436    167  -0.8312  -0.8774  -0.3548  -0.7546
   2163    345546   160   +6.157   11532    284    118  +0.0041  +1.0000  +0.3594  +0.0144
   2164    345703   157   -2.487    6202    374    148  -0.6296  -0.3722  -0.1479  -0.5851
   2165    345862   159   +1.263    9610    361    151  -0.2886  +0.5222  +0.3116  -0.3343
   2166    346026   164   +1.339    8389    393    147  -0.4216  +0.2018  +0.1216  -0.4661
   2167    346189   163   -0.010    7350    335    130  -0.4672  -0.0709  -0.0286  -0.4515
   2168    346350   161   -0.536    7031    310    130  -0.5030  -0.1547  -0.2331  -0.4331
   2169    346514   164   -2.735    5563    364    128  -0.6751  -0.5399  -0.4740  -0.6176
   2170    346669   155   +4.864   11168    293    130  -0.0453  +0.9311  +0.4741  -0.0475
   2171    346833   164   +1.344    8649    343    126  -0.3528  +0.2701  -0.0769  -0.3691
   2172    346988   155   -1.578    5950    335    128  -0.5755  -0.4382  +0.0626  -0.5558
   2173    347148   160   +3.186    8170    384    120  -0.3170  +0.1442  +0.7826  -0.4675
   2174    347308   160   +3.812    8886    370    124  -0.2578  +0.3321  +0.7716  -0.3999
   2175    347466   158   +2.112    9626    283    144  -0.2483  +0.5264  +0.0333  -0.1503
   2176    347626   160   -2.836    5786    344    151  -0.6537  -0.4813  -0.0971  -0.5789
   2177    347791   165   -2.805    4817    403    109  -0.6823  -0.7358  -0.1910  -0.7013
   2178    347952   161   +3.750    9360    355    172  -0.2787  +0.4567  +0.5953  -0.3412
   2179    348112   160   +3.316    9991    303    152  -0.2439  +0.6222  +0.0328  -0.1757
   2180    348276   164   -0.259    7044    459    145  -0.5146  -0.1512  +0.4824  -0.6167
   2181    348433   157   -0.865    6445    377    128  -0.5253  -0.3083  +0.3002  -0.5722
   2182    348592   159   +3.667    9644    287    159  -0.2565  +0.5312  +0.0860  -0.1598
   2183    348751   159   -1.906    6153    402    174  -0.6134  -0.3850  +0.1808  -0.6176
   2184    348910   159   +1.330    7621    359    121  -0.3926  +0.0003  +0.3983  -0.4687
   2185    349067   157   -1.662    5290    330    197  -0.7231  -0.6115  -0.4033  -0.5995
   2186    349225   158   -2.275    6349    366    157  -0.6234  -0.3337  -0.2011  -0.5664
   2187    349383   158   -2.825    4921    342    143  -0.7641  -0.7084  -0.5947  -0.6398
   2188    349540   157   +0.606    8868    338    176  -0.3877  +0.3276  -0.1614  -0.3449
   2189    349702   162   +2.422    8744    366    143  -0.3623  +0.2949  +0.2044  -0.4022
   2190    349860   158   +2.530    8630    320    176  -0.3940  +0.2650  -0.1228  -0.3266
   2191    350012   152   +2.400    9316    291    130  -0.2405  +0.4451  +0.1967  -0.2005
   2192    350169   157   -1.845    7164    344    147  -0.5321  -0.1197  -0.1399  -0.4795
   2193    350328   159   -0.135    7712    333    146  -0.4871  +0.0240  -0.2431  -0.4215
   2194    350485   157   +0.533    8161    346    156  -0.4470  +0.1419  -0.0905  -0.4113
   2195    350648   163   -2.214    4193    413    194  -0.8676  -0.8995  -0.6887  -0.7462
   2196    350812   164   +2.869   10265    322    158  -0.2266  +0.6943  +0.1084  -0.2032
   2197    350971   159   +0.030    7113    355    134  -0.5093  -0.1331  -0.0827  -0.4990
   2198    351132   161   -2.714    5645    434    137  -0.6493  -0.5183  +0.0771  -0.6748
   2199    351290   158   +0.516    7905    316    140  -0.4278  +0.0747  -0.0339  -0.3753
   2200    351444   154   +2.990    9118    264     96  -0.1769  +0.3932  +0.0803  -0.1381

  ── rolling mean (last 100 ep) ──  cum_R=+0.192  yield=7154 kg/ha  N=356  W=133 mm  R_seas=-0.4792  R_ane=-0.4800

   2201    351601   157   -1.031    6494    285    132  -0.5404  -0.2956  -0.2381  -0.4312
   2202    351764   163   +2.999    9089    376    149  -0.3316  +0.3855  +0.3855  -0.3955
   2203    351930   166   -3.412    4082    433    154  -0.8350  -0.9287  -0.2359  -0.7642
   2204    352093   163   -1.415    6368    380    143  -0.5806  -0.3286  +0.1174  -0.5810
   2205    352252   159   -0.766    6896    346    139  -0.5175  -0.1900  +0.0942  -0.5020
   2206    352412   160   -2.462    5158    416    163  -0.7250  -0.6461  -0.0652  -0.6898
   2207    352572   160   +2.169    9171    308    151  -0.3287  +0.4071  -0.0357  -0.2561
   2208    352726   154   +0.869    8113    379    185  -0.4289  +0.1295  +0.2815  -0.4647
   2209    352885   159   +1.931    8203    328    171  -0.4213  +0.1531  +0.0299  -0.3751
   2210    353049   164   +1.286    7884    394    166  -0.4410  +0.0694  +0.4141  -0.4992
   2211    353211   162   -0.183    7329    370    178  -0.5247  -0.0763  -0.0430  -0.5043
   2212    353371   160   -0.076    7191    418    150  -0.5171  -0.1125  +0.3208  -0.5702
   2213    353533   162   -2.482    5115    436    162  -0.7328  -0.6574  -0.0647  -0.7067
   2214    353700   167   -1.990    5675    434    183  -0.6794  -0.5106  +0.0027  -0.6734
   2215    353860   160   -2.437    5655    369    188  -0.6941  -0.5156  -0.3018  -0.6167
   2216    354022   162   +0.662    7716    393    164  -0.4922  +0.0253  +0.0442  -0.5097
   2217    354181   159   +3.653    9167    336    110  -0.2421  +0.4059  +0.2181  -0.3182
   2218    354344   163   +0.545    7942    364    165  -0.4832  +0.0844  -0.1801  -0.4544
   2219    354507   163   +4.018   11043    376    149  -0.1450  +0.8984  +0.5761  -0.2649
   2220    354670   163   +3.344    9704    396    116  -0.1966  +0.5471  +0.6548  -0.3878
   2221    354828   158   +1.320    7978    339    157  -0.4236  +0.0940  +0.2624  -0.4112
   2222    354987   159   +1.750    8765    372    176  -0.3595  +0.3005  +0.3892  -0.4116
   2223    355149   162   +0.473    8028    352    164  -0.4638  +0.1071  -0.1156  -0.4300
   2224    355307   158   +4.211    9821    377    180  -0.2598  +0.5777  +0.5064  -0.3494
   2225    355461   154   +0.837    7706    336    138  -0.4264  +0.0226  +0.2120  -0.4268
   2226    355620   159   -2.605    5301    312    135  -0.7253  -0.6086  -0.7968  -0.5747
   2227    355771   151   +2.975    9134    312     95  -0.1648  +0.3973  +0.5802  -0.2689
   2228    355934   163   +1.392    8549    399    170  -0.4108  +0.2437  +0.1764  -0.4647
   2229    356093   159   -1.248    6816    371    191  -0.5918  -0.2109  -0.2691  -0.5406
   2230    356251   158   +1.134    7787    382    187  -0.4864  +0.0438  -0.0035  -0.4899
   2231    356411   160   +2.163    8744    352    146  -0.3398  +0.2951  +0.4317  -0.3792
   2232    356568   157   +2.535    9089    328    174  -0.3331  +0.3855  +0.1280  -0.3076
   2233    356727   159   -2.993    5736    396    165  -0.6649  -0.4945  +0.0017  -0.6381
   2234    356884   157   -2.575    6079    352    205  -0.6614  -0.4045  -0.3966  -0.5686
   2235    357042   158   +5.534   10744    352    214  -0.1925  +0.8201  +0.2357  -0.2370
   2236    357196   154   -0.051    7930    349    149  -0.4624  +0.0814  -0.0621  -0.4313
   2237    357362   166   +0.871    8119    443    186  -0.4650  +0.1309  +0.1472  -0.5415
   2238    357519   157   +3.287    9689    348    122  -0.1754  +0.5431  +0.7391  -0.3041
   2239    357675   156   +3.983   10390    290    109  -0.1130  +0.7270  +0.0538  -0.1036
   2240    357829   154   -3.178    5720    362    178  -0.6896  -0.4987  -0.3336  -0.6052
   2241    357984   155   -3.574    3321    431    107  -0.7880  -1.0000  -0.3065  -0.8075
   2242    358139   155   +1.737    8846    338    153  -0.3397  +0.3217  +0.3386  -0.3467
   2243    358299   160   -3.083    3198    434    148  -0.9089  -1.0000  -0.6826  -0.8157
   2244    358463   164   -0.296    7895    357    158  -0.4944  +0.0723  -0.2829  -0.4471
   2245    358623   160   -1.785    7003    384    195  -0.5487  -0.1620  +0.0514  -0.5443
   2246    358780   157   +0.213    6542    342     97  -0.4622  -0.2830  +0.1041  -0.5224
   2247    358944   164   +1.626    8476    374    222  -0.4012  +0.2246  +0.2294  -0.4342
   2248    359103   159   -3.066    4093    422    170  -0.8620  -0.9258  -0.5325  -0.7576
   2249    359260   157   +0.870    9235    280    149  -0.2973  +0.4240  -0.0239  -0.1749
   2250    359419   159   -0.235    7867    366    183  -0.4849  +0.0648  -0.1247  -0.4621
   2251    359580   161   -2.578    4421    446    139  -0.7779  -0.8396  -0.1427  -0.7520
   2252    359737   157   -2.583    4331    397    130  -0.7991  -0.8633  -0.5454  -0.7274
   2253    359893   156   +2.538    9730    320    143  -0.2340  +0.5539  +0.3459  -0.2388
   2254    360052   159   -3.091    4752    411    136  -0.7512  -0.7527  -0.2764  -0.7110
   2255    360219   167   -2.908    4988    436    156  -0.7626  -0.6910  -0.2563  -0.7141
   2256    360383   164   +2.814    8993    394    138  -0.3217  +0.3603  +0.4243  -0.4298
   2257    360541   158   +3.848   10230    363    155  -0.2194  +0.6850  +0.4787  -0.2951
   2258    360698   157   -2.826    5170    356    147  -0.7271  -0.6430  -0.3170  -0.6370
   2259    360862   164   +3.060   10452    348    158  -0.2092  +0.7433  +0.2973  -0.2493
   2260    361024   162   +0.687    7939    366    186  -0.4899  +0.0837  -0.2370  -0.4571
   2261    361186   162   -1.082    6345    427    227  -0.6562  -0.3346  -0.3407  -0.6281
   2262    361348   162   +4.338   10891    375    160  -0.1918  +0.8586  +0.2593  -0.2746
   2263    361502   154   +0.014    7393    394    179  -0.4964  -0.0596  +0.2762  -0.5306
   2264    361660   158   +5.077   11532    369    162  -0.1129  +1.0000  +0.5294  -0.2194
   2265    361819   159   +1.446    8037    348    199  -0.4404  +0.1093  +0.0889  -0.4220
   2266    361982   163   -1.117    6421    400    198  -0.6399  -0.3146  -0.3171  -0.5985
   2267    362142   160   +1.904    8931    388    151  -0.3375  +0.3440  +0.5382  -0.4243
   2268    362296   154   +1.123    7365    353    195  -0.4616  -0.0669  +0.4866  -0.4785
   2269    362454   158   -2.402    3680    472    202  -0.8870  -1.0000  -0.4548  -0.8050
   2270    362611   157   +3.505    9432    378    202  -0.3083  +0.4755  +0.3562  -0.3760
   2271    362773   162   -2.862    5862    370    144  -0.6525  -0.4614  -0.1676  -0.6041
   2272    362932   159   +3.327    9939    399    190  -0.2874  +0.6087  +0.2385  -0.3779
   2273    363091   159   -0.082    7601    359    163  -0.5144  -0.0050  -0.2181  -0.4711
   2274    363247   156   +3.016   10132    322    130  -0.1865  +0.6595  +0.2311  -0.2122
   2275    363411   164   +3.518   10520    376    193  -0.2348  +0.7611  +0.1544  -0.3016
   2276    363572   161   -2.959    5046    388    163  -0.7839  -0.6755  -0.6266  -0.6745
   2277    363740   168   +4.054   11796    382    162  -0.1375  +1.0000  +0.3062  -0.2271
   2278    363900   160   +2.368    9763    366    175  -0.2921  +0.5625  +0.1737  -0.3337
   2279    364061   161   +3.311   10397    331    125  -0.1597  +0.7289  +0.2355  -0.2140
   2280    364220   159   +0.192    7666    372    182  -0.4781  +0.0122  +0.1428  -0.4848
   2281    364383   163   +2.706    8926    392    218  -0.3877  +0.3427  +0.0562  -0.4302
   2282    364544   161   +1.956   10264    348    166  -0.2441  +0.6941  +0.1144  -0.2634
   2283    364709   165   +2.055    8814    391    133  -0.3646  +0.3134  +0.0470  -0.4359
   2284    364873   164   +4.798   10753    376    160  -0.1677  +0.8223  +0.6248  -0.2857
   2285    365029   156   +2.404    9580    411    172  -0.2864  +0.5145  +0.6007  -0.4168
   2286    365182   153   -2.799    5526    440    177  -0.7011  -0.5497  -0.0795  -0.6859
   2287    365339   157   -1.476    7340    381    185  -0.5595  -0.0736  -0.3546  -0.5189
   2288    365500   161   -0.892    7284    356    153  -0.5431  -0.0881  -0.2433  -0.4891
   2289    365667   167   -0.829    7426    468    192  -0.5496  -0.0510  -0.0587  -0.6034
   2290    365824   157   -2.741    6287    340    165  -0.6362  -0.3498  -0.3740  -0.5378
   2291    365983   159   +1.736    7879    323    203  -0.4294  +0.0679  +0.2083  -0.3906
   2292    366143   160   +5.056   11605    365    156  -0.1049  +1.0000  +0.5680  -0.2055
   2293    366304   161   -2.704    5383    482    146  -0.6770  -0.5872  +0.2833  -0.7209
   2294    366460   156   -2.875    5951    363    173  -0.6947  -0.4381  -0.5810  -0.5903
   2295    366618   158   -2.713    6010    387    190  -0.6704  -0.4226  -0.3124  -0.6116
   2296    366785   167   -0.076    7864    420    167  -0.5060  +0.0640  -0.1223  -0.5325
   2297    366950   165   -2.324    5184    476    158  -0.7330  -0.6393  -0.0482  -0.7278
   2298    367111   161   -0.844    6443    360    167  -0.5820  -0.3089  +0.1112  -0.5530
   2299    367275   164   +3.297    9613    402    172  -0.2866  +0.5230  +0.5352  -0.4027
   2300    367432   157   -2.444    5519    420    222  -0.7198  -0.5515  -0.3036  -0.6717

  ── rolling mean (last 100 ep) ──  cum_R=+0.444  yield=7700 kg/ha  N=377  W=164 mm  R_seas=-0.4725  R_ane=-0.4771

   2301    367587   155   +3.648    9930    338    222  -0.2829  +0.6063  -0.0518  -0.2645
   2302    367746   159   -1.748    7166    395    162  -0.5552  -0.1191  -0.1135  -0.5469
   2303    367909   163   +2.020   10227    356    146  -0.2445  +0.6843  +0.1101  -0.2811
   2304    368067   158   +3.474   10430    368    130  -0.1790  +0.7374  +0.3426  -0.2919
   2305    368232   165   +2.606    9690    358    184  -0.3156  +0.5433  -0.0433  -0.3238
   2306    368393   161   +5.465   11330    377    178  -0.1322  +0.9738  +0.4907  -0.2490
   2307    368553   160   -1.496    7177    398    158  -0.5689  -0.1163  -0.2487  -0.5498
   2308    368713   160   -0.700    7474    342    195  -0.5258  -0.0385  -0.3012  -0.4536
   2309    368872   159   +3.086    9673    393    192  -0.3050  +0.5387  +0.2568  -0.3847
   2310    369030   158   +0.053    7440    414    160  -0.5067  -0.0472  +0.2017  -0.5502
   2311    369193   163   +0.234    8078    352    179  -0.4769  +0.1201  -0.2880  -0.4271
   2312    369354   161   +1.770    9930    370    165  -0.2755  +0.6064  +0.2153  -0.3289
   2313    369516   162   +2.861    9618    428    180  -0.3198  +0.5244  +0.3062  -0.4384
   2314    369676   160   -2.610    4872    452    205  -0.7623  -0.7213  -0.1290  -0.7303
   2315    369840   164   -0.674    6665    430    214  -0.5816  -0.2506  +0.1465  -0.6121
   2316    369999   159   +0.335    7533    398    177  -0.5094  -0.0229  +0.0439  -0.5270
   2317    370161   162   +3.419    9681    408    177  -0.2728  +0.5409  +0.6414  -0.4072
   2318    370318   157   -3.093    4469    418    181  -0.8215  -0.8271  -0.4487  -0.7329
   2319    370480   162   +2.903   10631    388    190  -0.2319  +0.7902  +0.1512  -0.3154
   2320    370643   163   +0.174    8331    438    191  -0.4776  +0.1867  -0.1704  -0.5242
   2321    370803   160   -0.840    7388    422    202  -0.5411  -0.0609  -0.0730  -0.5621
   2322    370963   160   +4.150   10492    388    213  -0.2285  +0.7538  +0.3010  -0.3235
   2323    371125   162   +0.990    9884    381    178  -0.3137  +0.5943  -0.0662  -0.3521
   2324    371283   158   -2.448    5924    467    154  -0.6421  -0.4452  +0.2398  -0.6826
   2325    371444   161   +2.559    9885    412    191  -0.2705  +0.5946  +0.5079  -0.3997
   2326    371603   159   +2.715   10160    378    166  -0.2841  +0.6667  -0.0242  -0.3279
   2327    371756   153   +2.836    9984    352    207  -0.2519  +0.6206  +0.3020  -0.2910
   2328    371919   163   +4.453   11246    400    160  -0.1466  +0.9518  +0.5437  -0.2963
   2329    372079   160   +0.155    8426    373    172  -0.4331  +0.2114  -0.0527  -0.4357
   2330    372236   157   -0.440    7661    399    197  -0.5111  +0.0109  -0.0776  -0.5201
   2331    372395   159   -0.178    7528    339    163  -0.4906  -0.0241  -0.0129  -0.4444
   2332    372556   161   +1.514    9618    409    182  -0.3284  +0.5243  +0.1424  -0.4126
   2333    372717   161   -2.469    5850    436    189  -0.6690  -0.4644  -0.0358  -0.6644
   2334    372878   161   -2.695    5618    363    156  -0.6690  -0.5255  -0.0361  -0.6134
   2335    373038   160   +3.750   10371    367    181  -0.2517  +0.7220  +0.0580  -0.2933
   2336    373198   160   +1.690    8475    360    200  -0.4035  +0.2243  +0.1366  -0.4108
   2337    373358   160   +2.462    8471    383    216  -0.3901  +0.2234  +0.3823  -0.4474
   2338    373521   163   +4.319   12019    376    157  -0.1151  +1.0000  +0.4500  -0.2003
   2339    373679   158   -0.382    7243    359    192  -0.5123  -0.0989  +0.1106  -0.4954
   2340    373841   162   -0.415    7365    390    201  -0.5371  -0.0670  -0.1187  -0.5283
   2341    374002   161   +2.802    9594    432    170  -0.2968  +0.5182  +0.5724  -0.4453
   2342    374164   162   +0.050    8508    363    154  -0.4253  +0.2330  -0.0941  -0.4138
   2343    374319   155   +1.703    8517    365    211  -0.3912  +0.2355  +0.2501  -0.4171
   2344    374482   163   +6.122   10728    390    243  -0.2164  +0.8158  +0.2355  -0.3131
   2345    374647   165   -0.280    7957    419    189  -0.4883  +0.0885  -0.0289  -0.5251
   2346    374800   153   +3.116   10126    322    172  -0.2197  +0.6579  +0.3031  -0.2148
   2347    374959   159   -0.853    7924    387    200  -0.4829  +0.0797  -0.0645  -0.4880
   2348    375123   164   -2.825    4612    459    210  -0.7967  -0.7894  -0.2467  -0.7488
   2349    375282   159   -1.888    6464    373    187  -0.6141  -0.3033  -0.1818  -0.5669
   2350    375436   154   -1.936    6579    344    191  -0.6037  -0.2733  -0.2873  -0.5222
   2351    375599   163   +0.102    7725    385    174  -0.4938  +0.0276  -0.0133  -0.4981
   2352    375763   164   -0.814    7437    404    164  -0.5515  -0.0481  -0.2765  -0.5394
   2353    375914   151   +0.431    8288    357    183  -0.4283  +0.1752  +0.0387  -0.4200
   2354    376071   157   -1.892    6230    362    188  -0.6210  -0.3648  -0.0875  -0.5701
   2355    376230   159   -0.619    7460    414    223  -0.5336  -0.0420  -0.0808  -0.5501
   2356    376380   150   +1.838    8548    327    163  -0.3476  +0.2436  +0.4537  -0.3461
   2357    376541   161   -0.779    7308    391    159  -0.5402  -0.0818  -0.0984  -0.5330
   2358    376697   156   -1.047    7037    397    203  -0.5631  -0.1530  -0.0786  -0.5567
   2359    376855   158   +2.962   10309    314    147  -0.2060  +0.7058  +0.1563  -0.1799
   2360    377019   164   +3.743   10366    326    109  -0.1317  +0.7206  +0.1764  -0.2046
   2361    377178   159   +2.069   10629    407    174  -0.2336  +0.7897  +0.2331  -0.3477
   2362    377336   158   +0.273    8069    421    201  -0.4754  +0.1178  +0.0143  -0.5210
   2363    377496   160   +4.597   11250    385    176  -0.1406  +0.9527  +0.5186  -0.2688
   2364    377652   156   +0.018    7554    383    191  -0.5128  -0.0173  -0.0640  -0.5070
   2365    377804   152   -0.707    7927    286    164  -0.4373  +0.0806  -0.1501  -0.3081
   2366    377964   160   +0.075    9116    330    142  -0.3492  +0.3927  -0.2014  -0.3086
   2367    378125   161   -2.703    5998    409    202  -0.6739  -0.4257  -0.2753  -0.6332
   2368    378288   163   -2.529    5832    387    243  -0.7066  -0.4694  -0.5229  -0.6233
   2369    378446   158   +3.002    9791    369    185  -0.3094  +0.5698  -0.0107  -0.3359
   2370    378612   166   +1.442    8680    423    180  -0.3942  +0.2783  +0.3237  -0.4873
   2371    378766   154   -0.967    7270    379    157  -0.5352  -0.0918  -0.0623  -0.5200
   2372    378920   154   -3.039    5812    340    184  -0.6668  -0.4744  -0.2643  -0.5724
   2373    379085   165   +2.190    8913    423    227  -0.3909  +0.3394  +0.1612  -0.4728
   2374    379247   162   -0.290    7998    404    180  -0.4611  +0.0993  +0.1553  -0.5050
   2375    379408   161   -2.678    5733    456    220  -0.6904  -0.4954  -0.1077  -0.6859
   2376    379472    64   -7.961       0    198     41  -0.7829  -1.0000  -1.0000  -1.0000
   2377    379634   162   -0.113    7710    393    193  -0.5247  +0.0236  -0.2767  -0.5098
   2378    379804   170   +2.654   10221    419    218  -0.2894  +0.6826  +0.0681  -0.3896
   2379    379963   159   +0.754    8299    375    214  -0.4496  +0.1782  -0.1003  -0.4471
   2380    380125   162   +2.827    9960    359    178  -0.2677  +0.6143  +0.2057  -0.3060
   2381    380284   159   +3.975   10577    343    197  -0.2024  +0.7760  +0.2205  -0.2281
   2382    380441   157   +2.232    9946    334    174  -0.2610  +0.6105  +0.1325  -0.2561
   2383    380597   156   -0.594    7446    406    150  -0.4928  -0.0458  +0.3016  -0.5415
   2384    380753   156   -2.392    6282    417    159  -0.6343  -0.3513  -0.0951  -0.6233
   2385    380911   158   +2.099    8731    423    113  -0.2857  +0.2916  +0.6351  -0.4838
   2386    381069   158   -1.481    7086    403    192  -0.5627  -0.1403  -0.0942  -0.5606
   2387    381226   157   +0.289    7733    422    165  -0.4855  +0.0298  +0.1951  -0.5414
   2388    381390   164   -1.139    7598    443    221  -0.5520  -0.0057  -0.2930  -0.5708
   2389    381545   155   +0.511    9475    363    162  -0.3339  +0.4869  -0.0130  -0.3476
   2390    381708   163   +3.124   11084    372    151  -0.1683  +0.9093  +0.3107  -0.2557
   2391    381873   165   +0.660    7854    433    192  -0.4900  +0.0614  +0.0853  -0.5464
   2392    382029   156   -3.066    5878    435    188  -0.6939  -0.4573  -0.3085  -0.6624
   2393    382184   155   -3.045    5029    400    199  -0.7776  -0.6799  -0.5205  -0.6853
   2394    382340   156   -2.760    5615    433    233  -0.7120  -0.5264  -0.2772  -0.6758
   2395    382495   155   +0.537    8033    374    186  -0.4315  +0.1083  +0.3054  -0.4637
   2396    382659   164   +0.988    8128    444    206  -0.4616  +0.1335  +0.1776  -0.5424
   2397    382815   156   +2.756   10045    395    195  -0.2700  +0.6364  +0.3031  -0.3648
   2398    382977   162   +2.573   10165    435    182  -0.2709  +0.6680  +0.3677  -0.4157
   2399    383140   163   -3.153    5990    394    157  -0.7165  -0.4278  -0.7359  -0.6199
   2400    383300   160   +4.318   10483    358    200  -0.2170  +0.7514  +0.2538  -0.2672

  ── rolling mean (last 100 ep) ──  cum_R=+0.587  yield=8256 kg/ha  N=387  W=182 mm  R_seas=-0.4360  R_ane=-0.4609

   2401    383460   160   -2.508    5666    460    192  -0.7015  -0.5128  -0.1563  -0.6921
   2402    383622   162   +2.104    9190    426    224  -0.3509  +0.4121  +0.3420  -0.4604
   2403    383776   154   -3.102    5483    429    197  -0.7053  -0.5608  -0.1096  -0.6805
   2404    383928   152   -3.325    7151    347    207  -0.5642  -0.1230  -0.3792  -0.4851
   2405    384091   163   +1.734    9136    460    152  -0.3232  +0.3980  +0.7842  -0.5037
   2406    384250   159   -2.574    6266    451    186  -0.6399  -0.3554  -0.0531  -0.6525
   2407    384410   160   +3.992   10690    454    221  -0.2314  +0.8059  +0.4048  -0.4112
   2408    384572   162   +4.894   10795    401    192  -0.1833  +0.8334  +0.5664  -0.3276
   2409    384729   157   -2.346    6647    392    154  -0.6244  -0.2553  -0.3792  -0.5755
   2410    384891   162   +0.747    8593    409    209  -0.4428  +0.2555  -0.1419  -0.4749
   2411    385049   158   +3.468    9833    352    201  -0.2813  +0.5808  +0.1407  -0.3018
   2412    385213   164   +2.713   10262    418    161  -0.2725  +0.6934  +0.2002  -0.3861
   2413    385375   162   +3.147    9624    389    204  -0.3293  +0.5259  +0.0353  -0.3809
   2414    385536   161   +4.082   10408    392    232  -0.2560  +0.7317  +0.1203  -0.3364
   2415    385697   161   +0.239    7553    423    142  -0.4798  -0.0175  +0.2470  -0.5531
   2416    385864   167   +2.465    9538    462    228  -0.3559  +0.5035  +0.1346  -0.4840
   2417    386029   165   -0.316    7317    444    198  -0.5305  -0.0795  +0.1580  -0.5882
   2418    386195   166   -1.288    6704    447    207  -0.6078  -0.2405  -0.1015  -0.6252
   2419    386356   161   +1.453    8151    413    258  -0.5025  +0.1395  -0.3548  -0.5062
   2420    386512   156   +3.956   11910    364    204  -0.1329  +1.0000  +0.2175  -0.1821
   2421    386675   163   +3.027    9198    390    238  -0.3560  +0.4141  +0.1337  -0.4096
   2422    386833   158   -0.722    7146    413    160  -0.5109  -0.1243  +0.4039  -0.5673
   2423    386992   159   +0.852    9660    381    194  -0.3388  +0.5353  -0.1276  -0.3661
   2424    387152   160   +2.169    8539    404    253  -0.4155  +0.2412  +0.1568  -0.4715
   2425    387307   155   +0.549    8644    354    220  -0.4121  +0.2688  -0.1229  -0.3899
   2426    387468   161   -0.073    8527    375    207  -0.4442  +0.2381  -0.2413  -0.4320
   2427    387627   159   +3.911   10538    368    196  -0.1901  +0.7660  +0.5373  -0.2844
   2428    387784   157   +0.613    8110    399    192  -0.4484  +0.1287  +0.1701  -0.4920
   2429    387951   167   +0.256    7914    416    186  -0.4777  +0.0773  +0.1043  -0.5248
   2430    388107   156   +1.288    9756    412    223  -0.3305  +0.5606  +0.0175  -0.4079
   2431    388265   158   +1.552    8987    419    235  -0.3797  +0.3587  +0.1966  -0.4636
   2432    388425   160   -0.155    7531    397    200  -0.5175  -0.0234  -0.0380  -0.5262
   2433    388582   157   +0.650    7843    388    193  -0.4437  +0.0585  +0.3998  -0.4945
   2434    388742   160   +2.703    9755    380    187  -0.2973  +0.5604  +0.2030  -0.3589
   2435    388900   158   -0.881    7027    410    184  -0.5555  -0.1556  +0.0500  -0.5718
   2436    389054   154   -0.480    8694    383    165  -0.4103  +0.2819  -0.0098  -0.4328
   2437    389216   162   +3.651   11348    347    158  -0.1443  +0.9784  +0.1571  -0.1820
   2438    389372   156   +2.404    9397    434    186  -0.3523  +0.4663  +0.1877  -0.4587
   2439    389538   166   +3.116   11537    382    163  -0.1416  +1.0000  +0.3167  -0.2441
   2440    389696   158   -0.109    8222    421    210  -0.4217  +0.1581  +0.4235  -0.5119
   2441    389861   165   +1.489    8619    383    202  -0.4106  +0.2621  +0.0514  -0.4375
   2442    390026   165   +1.465    9192    451    206  -0.3959  +0.4126  -0.0180  -0.4908
   2443    390189   163   -2.834    5790    406    122  -0.6346  -0.4803  -0.2665  -0.6433
   2444    390352   163   +4.543   10758    354    269  -0.1921  +0.8236  +0.2410  -0.2405
   2445    390515   163   -0.764    6891    476    220  -0.5756  -0.1914  +0.1366  -0.6379
   2446    390670   155   -2.862    4461    439    218  -0.7960  -0.8291  -0.1491  -0.7460
   2447    390832   162   -0.481    7107    410    193  -0.5646  -0.1346  -0.1085  -0.5671
   2448    390994   162   +1.206    9304    425    200  -0.3199  +0.4421  +0.5536  -0.4526
   2449    391154   160   +1.291    9046    287    139  -0.3113  +0.3741  -0.1232  -0.2118
   2450    391315   161   +1.626    8117    413    165  -0.4072  +0.1304  +0.6291  -0.5090
   2451    391471   156   +1.274    8486    334    199  -0.3961  +0.2272  +0.0658  -0.3648
   2452    391632   161   -1.597    7225    316    146  -0.5407  -0.1038  -0.4492  -0.4287
   2453    391791   159   +4.553   11111    305    180  -0.1287  +0.9163  +0.1890  -0.0890
   2454    391950   159   +3.355    9965    363    171  -0.2719  +0.6155  +0.1850  -0.3142
   2455    392109   159   +0.768    8290    363    223  -0.4355  +0.1759  -0.0074  -0.4289
   2456    392269   160   +3.713   10604    371    232  -0.2182  +0.7831  +0.2168  -0.2855
   2457    392430   161   -0.492    7223    401    212  -0.5338  -0.1041  +0.0704  -0.5494
   2458    392587   157   +3.920   10948    383    187  -0.1896  +0.8735  +0.2754  -0.2849
   2459    392750   163   +0.070    8076    393    229  -0.4890  +0.1198  -0.2323  -0.4859
   2460    392910   160   +2.433    9393    368    203  -0.3220  +0.4655  +0.2044  -0.3626
   2461    393071   161   -1.256    7785    320    152  -0.4933  +0.0433  -0.3627  -0.3928
   2462    393239   168   -2.145    5439    447    216  -0.7289  -0.5724  -0.2701  -0.6959
   2463    393395   156   +1.543    8833    385    204  -0.3855  +0.3184  +0.1281  -0.4265
   2464    393557   162   +1.836    9542    406    252  -0.3567  +0.5044  -0.0929  -0.4117
   2465    393719   162   +1.270    8916    424    229  -0.3958  +0.3403  +0.1154  -0.4745
   2466    393877   158   +3.420   11111    370    184  -0.1609  +0.9163  +0.3481  -0.2492
   2467    394035   158   -1.278    7250    448    257  -0.5500  -0.0970  +0.0275  -0.5950
   2468    394192   157   -1.697    7025    351    219  -0.5689  -0.1561  -0.3004  -0.4993
   2469    394354   162   +4.075   11661    347    210  -0.1296  +1.0000  +0.1848  -0.1603
   2470    394517   163   -2.013    5563    448    268  -0.7238  -0.5400  -0.3186  -0.6897
   2471    394679   162   +1.002    9246    322    166  -0.3237  +0.4268  +0.0437  -0.2827
   2472    394838   159   +2.255    8798    363    233  -0.3723  +0.3091  +0.1848  -0.3935
   2473    395001   163   -0.063    8167    428    212  -0.4816  +0.1437  -0.1050  -0.5234
   2474    395165   164   -0.801    6892    439    180  -0.5674  -0.1910  +0.1259  -0.6074
   2475    395322   157   +3.042   10006    349    194  -0.2605  +0.6264  +0.1794  -0.2835
   2476    395485   163   +1.082    8354    429    205  -0.4204  +0.1927  +0.3538  -0.5132
   2477    395648   163   +0.666    8371    424    181  -0.4479  +0.1970  +0.0460  -0.5060
   2478    395807   159   +1.266    9038    352    192  -0.3543  +0.3721  +0.0991  -0.3575
   2479    395967   160   -0.081    7789    392    212  -0.5201  +0.0443  -0.3001  -0.5040
   2480    396122   155   -2.375    6495    423    224  -0.6338  -0.2952  -0.2508  -0.6164
   2481    396286   164   -0.593    7232    372    171  -0.5238  -0.1019  +0.0571  -0.5135
   2482    396445   159   -0.169    7740    388    222  -0.5089  +0.0316  -0.1626  -0.5017
   2483    396604   159   +3.928   10338    421    198  -0.2382  +0.7135  +0.4923  -0.3861
   2484    396769   165   -2.264    4811    517    246  -0.7678  -0.7374  -0.0320  -0.7675
   2485    396931   162   +0.125    7592    453    216  -0.5196  -0.0075  +0.0665  -0.5811
   2486    397091   160   +0.267    8097    373    240  -0.4676  +0.1253  -0.1179  -0.4570
   2487    397253   162   +0.423    8467    385    221  -0.4300  +0.2223  -0.0061  -0.4500
   2488    397408   155   -0.163    8189    383    225  -0.4444  +0.1493  +0.0811  -0.4660
   2489    397572   164   +3.571   10106    404    247  -0.2954  +0.6525  +0.0361  -0.3738
   2490    397733   161   +2.293   10130    403    224  -0.2655  +0.6588  +0.3118  -0.3712
   2491    397895   162   -3.057    6006    412    206  -0.7040  -0.4235  -0.5755  -0.6352
   2492    398055   160   +1.219    8841    337    178  -0.3746  +0.3204  -0.0172  -0.3434
   2493    398210   155   +3.955   11406    364    225  -0.1307  +0.9936  +0.3629  -0.2178
   2494    398366   156   -2.803    5687    436    244  -0.7044  -0.5073  -0.2531  -0.6743
   2495    398526   160   -1.154    7672    387    211  -0.5192  +0.0136  -0.2124  -0.5044
   2496    398685   159   +2.151    9496    411    200  -0.3443  +0.4923  +0.0920  -0.4221
   2497    398850   165   +1.201    8962    456    275  -0.4277  +0.3521  -0.1302  -0.5090
   2498    399011   161   +1.784    9586    371    223  -0.3114  +0.5159  +0.1576  -0.3537
   2499    399172   161   +2.725    9568    394    260  -0.2914  +0.5112  +0.4882  -0.3933
   2500    399335   163   -0.348    9212    423    199  -0.3849  +0.4179  -0.0268  -0.4557

  ── rolling mean (last 100 ep) ──  cum_R=+0.894  yield=8553 kg/ha  N=398  W=205 mm  R_seas=-0.4177  R_ane=-0.4529

   2501    399496   161   +2.873   10486    407    250  -0.2600  +0.7522  +0.0860  -0.3554
   2502    399658   162   +1.107    8649    389    233  -0.4146  +0.2702  +0.0119  -0.4445
   2503    399815   157   -0.546    7817    349    200  -0.4855  +0.0516  -0.1642  -0.4399
   2504    399973   158   +1.718    8891    394    249  -0.3888  +0.3337  +0.0835  -0.4354
   2505    400135   162   +2.506    9328    371    225  -0.3522  +0.4482  -0.0263  -0.3722
   2506    400295   160   -0.260    7835    360    203  -0.4873  +0.0565  -0.1449  -0.4566
   2507    400458   163   +3.748   10472    422    236  -0.2433  +0.7486  +0.3315  -0.3788
   2508    400616   158   +0.042    8340    349    226  -0.4439  +0.1891  -0.2027  -0.4030
   2509    400771   155   +0.768    8714    380    222  -0.4034  +0.2870  +0.0291  -0.4270
   2510    400934   163   -2.377    5911    436    272  -0.6911  -0.4486  -0.3064  -0.6611
   2511    401097   163   +4.158   10664    412    251  -0.2451  +0.7989  +0.1111  -0.3532
   2512    401258   161   +2.988   10015    409    221  -0.2668  +0.6286  +0.4217  -0.3872
   2513    401419   161   +2.960    9733    406    262  -0.3322  +0.5546  -0.0055  -0.4010
   2514    401582   163   +2.839    9272    454    260  -0.3472  +0.4336  +0.4114  -0.4892
   2515    401744   162   +3.241   10064    384    269  -0.2561  +0.6414  +0.3675  -0.3441
   2516    401899   155   +3.251   10109    334    242  -0.2476  +0.6534  +0.1224  -0.2441
   2517    402055   156   -0.001    7486    389    262  -0.5302  -0.0352  -0.1572  -0.5190
   2518    402216   161   -0.833    8046    362    175  -0.4635  +0.1119  -0.0822  -0.4441
   2519    402376   160   +2.889   10794    331    218  -0.1759  +0.8331  +0.2133  -0.1851
   2520    402532   156   +1.641    9381    414    185  -0.3581  +0.4622  +0.0655  -0.4341
   2521    402695   163   +2.104   10391    361    174  -0.2600  +0.7273  -0.0759  -0.2806
   2522    402855   160   +1.169    8854    387    230  -0.4115  +0.3239  -0.1396  -0.4285
   2523    403016   161   +1.194    9412    391    196  -0.3606  +0.4703  -0.0878  -0.3979
   2524    403179   163   +1.357    8852    392    243  -0.4171  +0.3235  -0.1757  -0.4348
   2525    403339   160   +2.465   10240    364    200  -0.2688  +0.6876  -0.0139  -0.2977
   2526    403500   161   +0.734    9005    373    241  -0.3816  +0.3636  -0.0338  -0.3970
   2527    403662   162   -0.992    7279    460    246  -0.5682  -0.0895  -0.1440  -0.6048
   2528    403827   165   +2.397    9174    471    220  -0.3785  +0.4078  +0.2354  -0.5132
   2529    403987   160   +1.671    9645    418    212  -0.3143  +0.5314  +0.2975  -0.4231
   2530    404146   159   +3.191   10531    381    260  -0.2474  +0.7639  +0.0414  -0.3085
   2531    404307   161   +2.622   10375    390    207  -0.2512  +0.7231  +0.1834  -0.3344
   2532    404467   160   +4.140   10081    389    218  -0.2362  +0.6460  +0.5789  -0.3520
   2533    404627   160   -0.042    7398    389    218  -0.5252  -0.0584  -0.0316  -0.5246
   2534    404783   156   -0.148    7965    383    201  -0.4387  +0.0906  +0.3255  -0.4796
   2535    404945   162   +0.232    8383    412    221  -0.4260  +0.2003  +0.2144  -0.4916
   2536    405108   163   +2.333    9795    377    225  -0.3131  +0.5709  -0.0063  -0.3508
   2537    405265   157   +0.856    9158    365    234  -0.3752  +0.4036  -0.1420  -0.3730
   2538    405423   158   -0.750    7222    387    258  -0.5549  -0.1046  -0.1861  -0.5338
   2539    405591   168   +0.077    7617    400    174  -0.4828  -0.0008  +0.2441  -0.5234
   2540    405749   158   +1.698    9129    345    211  -0.3575  +0.3960  -0.0500  -0.3384
   2541    405902   153   +4.738   11552    356    177  -0.0916  +1.0000  +0.6495  -0.1886
   2542    406064   162   +2.971    8928    444    236  -0.3880  +0.3434  +0.2538  -0.4973
   2543    406223   159   +2.014    9257    335    276  -0.3478  +0.4296  -0.1268  -0.3083
   2544    406382   159   +1.034    8196    389    251  -0.4479  +0.1512  +0.0637  -0.4737
   2545    406546   164   +3.854   11455    396    210  -0.1388  +1.0000  +0.4409  -0.2764
   2546    406703   157   +2.947    9760    359    243  -0.2775  +0.5617  +0.2813  -0.3201
   2547    406863   160   +0.273    7318    384    306  -0.5402  -0.0792  -0.1339  -0.5234
   2548    407023   160   +1.470    9110    331    229  -0.3780  +0.3909  -0.3226  -0.3117
   2549    407181   158   -2.128    6547    364    216  -0.6383  -0.2817  -0.5290  -0.5498
   2550    407340   159   -0.043    7141    413    275  -0.5704  -0.1258  -0.1858  -0.5680
   2551    407499   159   -0.620    7247    376    278  -0.5537  -0.0978  -0.2397  -0.5174
   2552    407660   161   -2.671    5172    444    236  -0.7452  -0.6424  -0.2195  -0.7090
   2553    407825   165   +2.681   10656    386    221  -0.2184  +0.7969  +0.2550  -0.3103
   2554    407985   160   +2.375   10156    364    201  -0.2696  +0.6656  +0.0463  -0.3022
   2555    408140   155   +0.799    8614    359    251  -0.4196  +0.2609  -0.1477  -0.4002
   2556    408302   162   +0.755    8671    392    212  -0.4062  +0.2759  +0.0903  -0.4473
   2557    408467   165   +0.895    8221    434    302  -0.4789  +0.1577  -0.1037  -0.5264
   2558    408621   154   +2.592   10156    347    219  -0.2424  +0.6657  +0.2179  -0.2686
   2559    408786   165   +4.395   11154    381    229  -0.1695  +0.9276  +0.2899  -0.2679
   2560    408943   157   +0.408    8947    327    182  -0.3773  +0.3483  -0.1929  -0.3169
   2561    409101   158   +2.525   10005    400    233  -0.2887  +0.6261  +0.1710  -0.3743
   2562    409256   155   -3.544    4439    418    149  -0.7625  -0.8349  +0.1365  -0.7342
   2563    409417   161   +0.432    9045    356    207  -0.3807  +0.3741  -0.1490  -0.3645
   2564    409577   160   +4.602   11954    344    199  -0.0953  +1.0000  +0.4437  -0.1321
   2565    409739   162   -0.155    7598    405    248  -0.5229  -0.0057  -0.1218  -0.5310
   2566    409893   154   +1.723    9231    384    216  -0.3474  +0.4228  +0.1666  -0.3994
   2567    410053   160   +5.024   10088    383    300  -0.2480  +0.6478  +0.4267  -0.3421
   2568    410214   161   +4.137   11355    307    188  -0.1200  +0.9802  +0.0759  -0.0756
   2569    410370   156   -1.024    6724    367    215  -0.5737  -0.2351  -0.0230  -0.5420
   2570    410521   151   -0.912    7142    363    255  -0.5611  -0.1256  -0.2712  -0.5087
   2571    410679   158   +0.061    7994    310    212  -0.4658  +0.0982  -0.3382  -0.3552
   2572    410846   167   +4.943   11172    477    218  -0.1852  +0.9322  +0.5610  -0.4145
   2573    411005   159   -1.379    6234    431    274  -0.6230  -0.3637  +0.0942  -0.6383
   2574    411161   156   +3.526   10819    354    270  -0.1825  +0.8395  +0.2823  -0.2353
   2575    411318   157   -1.216    6684    407    266  -0.6148  -0.2457  -0.2643  -0.5897
   2576    411478   160   +0.984    8910    384    245  -0.4036  +0.3387  -0.1217  -0.4202
   2577    411638   160   +2.191    9261    398    281  -0.3543  +0.4307  +0.1346  -0.4183
   2578    411802   164   +2.695   10579    372    204  -0.2154  +0.7766  +0.2747  -0.2899
   2579    411961   159   +4.040   10836    383    227  -0.1879  +0.8442  +0.3894  -0.2928
   2580    412121   160   +1.364    9144    347    188  -0.3503  +0.3999  +0.0229  -0.3418
   2581    412281   160   +0.606    8305    366    262  -0.4382  +0.1797  -0.0311  -0.4333
   2582    412447   166   +2.137    9412    444    213  -0.3448  +0.4703  +0.2869  -0.4702
   2583    412610   163   +4.858   10728    354    232  -0.2194  +0.8157  -0.0061  -0.2424
   2584    412764   154   +1.895    8742    324    232  -0.3569  +0.2945  +0.1708  -0.3255
   2585    412924   160   +3.790   11135    355    240  -0.1662  +0.9226  +0.1800  -0.2162
   2586    413082   158   +2.362    9816    314    186  -0.2708  +0.5764  +0.0037  -0.2176
   2587    413239   157   +0.753    8870    332    212  -0.3732  +0.3282  -0.0592  -0.3312
   2588    413398   159   +3.099   10831    354    215  -0.2015  +0.8427  +0.0799  -0.2340
   2589    413558   160   +2.176    9873    388    213  -0.3135  +0.5912  -0.0213  -0.3639
   2590    413726   168   +5.022   11193    402    288  -0.1793  +0.9379  +0.2718  -0.3030
   2591    413888   162   +2.446   10029    384    207  -0.2645  +0.6324  +0.3155  -0.3470
   2592    414051   163   +4.087   10659    394    244  -0.2093  +0.7976  +0.3845  -0.3237
   2593    414211   160   +0.883    8594    407    258  -0.4460  +0.2556  -0.1812  -0.4726
   2594    414372   161   +4.207   11392    402    236  -0.1675  +0.9902  +0.2268  -0.2925
   2595    414532   160   +3.178   10121    365    218  -0.2573  +0.6565  +0.2043  -0.3061
   2596    414686   154   +4.873   11777    286    214  -0.0515  +1.0000  +0.4001  +0.0285
   2597    414847   161   +3.386    9430    334    262  -0.2957  +0.4752  +0.2339  -0.2931
   2598    415003   156   +1.810    9143    387    257  -0.3839  +0.3997  -0.1110  -0.4091
   2599    415161   158   -1.116    6889    358    248  -0.5835  -0.1918  -0.3000  -0.5184
   2600    415324   163   +5.145   12013    396    288  -0.1473  +1.0000  +0.2493  -0.2409

  ── rolling mean (last 100 ep) ──  cum_R=+1.734  yield=9189 kg/ha  N=381  W=231 mm  R_seas=-0.3581  R_ane=-0.3896

   2601    415480   156   +2.107    8996    365    235  -0.3745  +0.3612  +0.0027  -0.3834
   2602    415638   158   +3.704   11120    353    258  -0.1735  +0.9186  +0.1078  -0.2130
   2603    415792   154   +3.109   10305    317    232  -0.1913  +0.7047  +0.3868  -0.1872
   2604    415947   155   -3.361    4819    382    236  -0.7887  -0.7351  -0.4951  -0.6845
   2605    416107   160   +4.954   11974    386    201  -0.1162  +1.0000  +0.5141  -0.2252
   2606    416269   162   +1.411    9465    327    180  -0.3268  +0.4843  -0.1501  -0.2763
   2607    416426   157   +2.419    9720    354    205  -0.2684  +0.5512  +0.3782  -0.3135
   2608    416576   150   +3.385   10937    329    228  -0.1673  +0.8706  +0.1582  -0.1692
   2609    416734   158   +2.547   10057    329    219  -0.2548  +0.6397  +0.0628  -0.2367
   2610    416895   161   +3.658   10238    423    246  -0.2554  +0.6870  +0.4127  -0.3949
   2611    417059   164   +2.308    9648    419    248  -0.3545  +0.5322  -0.1039  -0.4239
   2612    417213   154   +0.031    7592    313    195  -0.4851  -0.0074  -0.1538  -0.3929
   2613    417374   161   +0.188    7506    444    255  -0.5196  -0.0300  +0.1118  -0.5775
   2614    417533   159   +2.077   10019    394    186  -0.2678  +0.6297  +0.3416  -0.3647
   2615    417699   166   +2.115   10355    438    213  -0.2824  +0.7178  +0.1090  -0.4091
   2616    417860   161   +2.077   10008    413    212  -0.2669  +0.6269  +0.4470  -0.3942
   2617    418021   161   +3.752   10162    361    245  -0.2630  +0.6671  +0.0901  -0.2960
   2618    418178   157   +5.766   12006    328    202  -0.0629  +1.0000  +0.6292  -0.0859
   2619    418338   160   +3.801   10689    404    223  -0.2409  +0.8056  +0.0911  -0.3380
   2620    418502   164   +2.839   10025    308    225  -0.2420  +0.6312  +0.0630  -0.1868
   2621    418663   161   +2.172   10216    258    159  -0.1814  +0.6814  +0.0176  -0.0116
   2622    418824   161   -0.466    7255    357    144  -0.5016  -0.0957  +0.0713  -0.4924
   2623    418988   164   +3.927   10529    393    239  -0.2569  +0.7635  +0.0106  -0.3295
   2624    419150   162   +5.616   11114    357    288  -0.1541  +0.9170  +0.3320  -0.2218
   2625    419303   153   +2.820   10462    310    244  -0.2069  +0.7460  +0.0332  -0.1557
   2626    419460   157   -1.658    6760    326    235  -0.6046  -0.2258  -0.5372  -0.4816
   2627    419620   160   +1.850    8782    325    264  -0.3721  +0.3049  -0.0083  -0.3250
   2628    419780   160   +1.055    8692    362    239  -0.4292  +0.2813  -0.2964  -0.3995
   2629    419943   163   +5.162   11375    382    265  -0.1586  +0.9855  +0.2203  -0.2566
   2630    420102   159   +4.062   11834    359    218  -0.1184  +1.0000  +0.3431  -0.1756
   2631    420266   164   +5.011   11856    340    189  -0.0980  +1.0000  +0.4014  -0.1273
   2632    420431   165   +1.973    9058    388    243  -0.3833  +0.3773  -0.0254  -0.4170
   2633    420591   160   +3.819   10306    341    275  -0.2194  +0.7050  +0.2773  -0.2445
   2634    420754   163   +0.164    9340    329    179  -0.3365  +0.4515  -0.1255  -0.2896
   2635    420920   166   +3.353   11026    341    240  -0.1843  +0.8938  -0.0032  -0.1916
   2636    421074   154   +1.490   10330    258    166  -0.1559  +0.7111  +0.1669  -0.0011
   2637    421233   159   -0.027    8007    388    220  -0.4743  +0.1017  -0.0432  -0.4845
   2638    421399   166   +5.618   11214    379    263  -0.1614  +0.9434  +0.3088  -0.2603
   2639    421562   163   +3.229   10420    351    242  -0.2220  +0.7349  +0.2175  -0.2583
   2640    421721   159   +3.091    9789    366    263  -0.3016  +0.5693  +0.0523  -0.3306
   2641    421881   160   +1.370    9150    347    231  -0.3723  +0.4014  -0.2058  -0.3404
   2642    422036   155   +2.185    9529    380    232  -0.3228  +0.5010  +0.1410  -0.3739
   2643    422204   168   +1.635    9292    430    234  -0.3827  +0.4388  -0.0437  -0.4600
   2644    422363   159   +2.000    9424    388    257  -0.3552  +0.4735  -0.0572  -0.3927
   2645    422525   162   +2.200    9126    415    270  -0.3774  +0.3952  +0.0898  -0.4507
   2646    422686   161   +2.264    8957    390    252  -0.3701  +0.3510  +0.2014  -0.4265
   2647    422843   157   +3.519   10601    347    277  -0.1975  +0.7824  +0.2795  -0.2367
   2648    423003   160   -0.445    7744    359    248  -0.5237  +0.0324  -0.4341  -0.4613
   2649    423166   163   +2.132   10356    416    263  -0.2571  +0.7181  +0.2664  -0.3777
   2650    423324   158   +2.093    9180    356    218  -0.3458  +0.4096  +0.0829  -0.3550
   2651    423487   163   +3.650   10726    361    200  -0.2137  +0.8151  +0.0952  -0.2568
   2652    423646   159   +0.653    8506    384    226  -0.4414  +0.2325  -0.1586  -0.4457
   2653    423802   156   +3.768   10588    322    271  -0.1982  +0.7791  +0.1067  -0.1790
   2654    423965   163   +3.710   10450    416    267  -0.2475  +0.7429  +0.2824  -0.3715
   2655    424129   164   +4.494   10704    344    262  -0.1831  +0.8095  +0.3143  -0.2230
   2656    424288   159   +3.445    9989    362    227  -0.2542  +0.6218  +0.3355  -0.3108
   2657    424451   163   +0.499    9750    375    206  -0.3230  +0.5592  -0.0765  -0.3505
   2658    424606   155   +6.172   11292    349    272  -0.1377  +0.9637  +0.2841  -0.1901
   2659    424766   160   +1.990   10294    348    201  -0.2180  +0.7018  +0.3443  -0.2596
   2660    424929   163   +2.379   10486    331    189  -0.2207  +0.7523  +0.0394  -0.2089
   2661    425088   159   +2.493   10432    299    190  -0.2067  +0.7380  -0.0245  -0.1290
   2662    425254   166   +4.074   11404    376    197  -0.1570  +0.9933  +0.1712  -0.2413
   2663    425412   158   +2.685    9256    302    248  -0.3196  +0.4294  -0.0710  -0.2327
   2664    425573   161   +2.668   10465    322    186  -0.2162  +0.7466  +0.0320  -0.1868
   2665    425731   158   +4.447   11525    344    252  -0.1259  +1.0000  +0.2308  -0.1633
   2666    425886   155   +1.829    9257    362    233  -0.3414  +0.4297  +0.0908  -0.3598
   2667    426046   160   -0.923    7188    419    250  -0.5796  -0.1135  -0.2981  -0.5715
   2668    426202   156   +1.413    8296    320    236  -0.4238  +0.1774  -0.1261  -0.3518
   2669    426364   162   +2.896   10343    404    240  -0.2498  +0.7147  +0.2958  -0.3601
   2670    426520   156   +1.588    9878    358    243  -0.2918  +0.5925  +0.0337  -0.3111
   2671    426677   157   +0.821    8070    333    222  -0.4381  +0.1181  +0.0046  -0.3936
   2672    426834   157   +2.783   10533    297    198  -0.1931  +0.7647  +0.0008  -0.1144
   2673    427000   166   +3.249   10472    453    288  -0.2851  +0.7487  +0.0435  -0.4221
   2674    427161   161   -0.347    8556    389    207  -0.4485  +0.2456  -0.2486  -0.4502
   2675    427319   158   +2.590    9064    296    286  -0.3164  +0.3790  +0.0887  -0.2333
   2676    427481   162   -1.350    7079    443    276  -0.5975  -0.1421  -0.3175  -0.6009
   2677    427637   156   +2.559   10254    315    221  -0.2288  +0.6914  +0.0395  -0.1853
   2678    427796   159   +2.047    9954    325    231  -0.2840  +0.6126  -0.1680  -0.2345
   2679    427959   163   +3.932   10471    302    226  -0.1862  +0.7484  +0.1628  -0.1320
   2680    428116   157   +3.837   10244    335    247  -0.2263  +0.6886  +0.2221  -0.2356
   2681    428272   156   +2.217    9022    290    201  -0.3169  +0.3681  +0.0731  -0.2208
   2682    428428   156   +0.897    8189    347    274  -0.4335  +0.1493  +0.0212  -0.4099
   2683    428587   159   +3.750    9743    356    332  -0.3036  +0.5573  +0.0161  -0.3151
   2684    428747   160   +1.854    9864    368    249  -0.3011  +0.5890  +0.0060  -0.3298
   2685    428908   161   +1.316    9600    323    200  -0.3001  +0.5197  -0.0289  -0.2569
   2686    429069   161   -1.187    7373    397    258  -0.5573  -0.0647  -0.3038  -0.5358
   2687    429224   155   +1.345    9284    328    157  -0.3249  +0.4367  +0.0341  -0.2917
   2688    429391   167   -0.348    8360    397    210  -0.4457  +0.1943  -0.0242  -0.4730
   2689    429554   163   +2.805    9151    352    348  -0.3647  +0.4019  -0.0988  -0.3509
   2690    429718   164   +2.916    9879    390    301  -0.3118  +0.5929  -0.0022  -0.3661
   2691    429880   162   +2.896   10086    367    258  -0.2509  +0.6473  +0.3106  -0.3128
   2692    430033   153   +1.806    8264    320    256  -0.4097  +0.1690  +0.0426  -0.3539
   2693    430195   162   +4.018   11986    376    218  -0.1196  +1.0000  +0.4106  -0.2022
   2694    430349   154   +3.679   10763    359    280  -0.1829  +0.8248  +0.3584  -0.2498
   2695    430513   164   +2.240    9128    454    214  -0.3493  +0.3959  +0.5081  -0.4969
   2696    430666   153   -2.247    6226    368    278  -0.6355  -0.3659  -0.2099  -0.5768
   2697    430824   158   +0.312    7792    336    245  -0.4756  +0.0451  -0.1057  -0.4210
   2698    430983   159   +6.105   11456    344    289  -0.1453  +1.0000  +0.0506  -0.1678
   2699    431146   163   +1.050    8707    438    292  -0.4526  +0.2852  -0.2295  -0.5033
   2700    431312   166   +2.756   11124    366    203  -0.1775  +0.9196  +0.1451  -0.2396

  ── rolling mean (last 100 ep) ──  cum_R=+2.323  yield=9689 kg/ha  N=360  W=236 mm  R_seas=-0.3034  R_ane=-0.3166

   2701    431468   156   +0.879    9472    395    244  -0.3425  +0.4862  +0.0600  -0.4003
   2702    431634   166   +2.653    9746    381    216  -0.2907  +0.5580  +0.2814  -0.3610
   2703    431790   156   +3.758   11311    352    234  -0.1594  +0.9687  +0.0726  -0.1960
   2704    431948   158   +2.620    9932    348    192  -0.2640  +0.6069  +0.2051  -0.2876
   2705    432120   172   +4.256   11040    393    180  -0.1863  +0.8975  +0.2857  -0.2976
   2706    432276   156   +2.828   10317    304    192  -0.1934  +0.7078  +0.2544  -0.1528
   2707    432435   159   +5.702   11314    390    317  -0.1623  +0.9695  +0.2778  -0.2748
   2708    432594   159   +1.738    8796    416    300  -0.4218  +0.3088  -0.0748  -0.4717
   2709    432753   159   +1.298    9402    338    168  -0.2844  +0.4677  +0.4034  -0.3056
   2710    432908   155   +2.816    9774    352    275  -0.2901  +0.5655  +0.1056  -0.3068
   2711    433068   160   +3.985   11208    308    210  -0.1281  +0.9416  +0.1386  -0.0913
   2712    433229   161   +2.258    9763    381    214  -0.2845  +0.5624  +0.3269  -0.3592
   2713    433392   163   +3.443   10570    413    268  -0.2367  +0.7744  +0.2779  -0.3602
   2714    433542   150   +3.011   10488    268    168  -0.1593  +0.7527  +0.0964  -0.0236
   2715    433698   156   +2.289   10034    345    199  -0.2499  +0.6337  +0.2347  -0.2726
   2716    433859   161   +3.283   10189    311    253  -0.2283  +0.6743  +0.0721  -0.1805
   2717    434019   160   -1.690    6886    379    192  -0.5828  -0.1926  -0.2109  -0.5453
   2718    434181   162   +2.320   10160    406    264  -0.2595  +0.6667  +0.3590  -0.3737
   2719    434336   155   +2.407    9681    378    288  -0.3260  +0.5409  -0.0349  -0.3591
   2720    434501   165   +1.865    9163    365    267  -0.3863  +0.4051  -0.2581  -0.3726
   2721    434654   153   +3.629   10294    347    270  -0.2337  +0.7020  +0.1853  -0.2591
   2722    434811   157   +3.236   10619    324    256  -0.1837  +0.7870  +0.2366  -0.1804
   2723    434973   162   -0.143    7921    380    285  -0.5086  +0.0790  -0.3489  -0.4783
   2724    435133   160   +3.506   11352    403    210  -0.1562  +0.9796  +0.3770  -0.2960
   2725    435295   162   +1.374   10172    438    224  -0.2787  +0.6697  +0.2965  -0.4193
   2726    435452   157   +3.698   10602    377    279  -0.2100  +0.7828  +0.3362  -0.2977
   2727    435616   164   +2.042    8191    440    352  -0.4602  +0.1499  +0.1286  -0.5351
   2728    435776   160   +3.831   11624    374    208  -0.1284  +1.0000  +0.3860  -0.2235
   2729    435938   162   +5.066   11029    393    311  -0.1819  +0.8948  +0.3396  -0.2986
   2730    436105   167   +3.867   11074    341    247  -0.1715  +0.9064  +0.0833  -0.1881
   2731    436262   157   +3.324   11083    360    255  -0.1791  +0.9089  +0.1280  -0.2306
   2732    436422   160   +0.748    7944    362    232  -0.4526  +0.0851  +0.1150  -0.4514
   2733    436576   154   +3.234    9879    318    277  -0.2579  +0.5929  +0.1092  -0.2234
   2734    436732   156   +2.550   10888    356    231  -0.1921  +0.8578  +0.1421  -0.2360
   2735    436897   165   -0.149    8757    428    261  -0.4321  +0.2984  -0.1015  -0.4885
   2736    437060   163   +1.281    8960    421    277  -0.4113  +0.3516  -0.0894  -0.4674
   2737    437217   157   +2.931   10015    326    255  -0.2465  +0.6285  +0.1570  -0.2311
   2738    437376   159   +3.521   10935    368    270  -0.1936  +0.8700  +0.1587  -0.2566
   2739    437539   163   +1.318    8626    414    334  -0.4347  +0.2639  -0.0711  -0.4786
   2740    437698   159   +3.561   10454    364    241  -0.2533  +0.7439  -0.0448  -0.2826
   2741    437863   165   +4.880   11704    402    257  -0.1324  +1.0000  +0.4933  -0.2724
   2742    438024   161   +0.893    8506    419    253  -0.4431  +0.2325  -0.0356  -0.4923
   2743    438179   155   +1.844    8408    369    234  -0.4000  +0.2068  +0.2734  -0.4301
   2744    438343   164   +2.507   10302    471    229  -0.2843  +0.7041  +0.2565  -0.4533
   2745    438505   162   +4.638   11223    392    282  -0.1807  +0.9456  +0.1817  -0.2842
   2746    438660   155   +3.514    9569    316    312  -0.2822  +0.5115  +0.1267  -0.2426
   2747    438818   158   +1.980    8790    293    212  -0.3582  +0.3071  -0.1027  -0.2489
   2748    438980   162   +2.830   10457    439    294  -0.2814  +0.7447  +0.0366  -0.4040
   2749    439139   159   +3.139   10954    314    223  -0.1521  +0.8751  +0.1744  -0.1276
   2750    439296   157   +2.456    9289    370    312  -0.3769  +0.4381  -0.2484  -0.3720
   2751    439453   157   +2.059    9951    433    306  -0.3034  +0.6119  +0.2127  -0.4254
   2752    439611   158   +6.569   11248    286    342  -0.0919  +0.9521  +0.2537  -0.0178
   2753    439770   159   +1.453    9747    354    254  -0.3244  +0.5583  -0.2031  -0.3124
   2754    439930   160   +0.553    8389    463    300  -0.4666  +0.2018  -0.0298  -0.5468
   2755    440089   159   +0.555   10087    282    154  -0.2148  +0.6474  +0.0474  -0.1048
   2756    440252   163   +1.780   10287    378    234  -0.2645  +0.7000  +0.0650  -0.3201
   2757    440410   158   +1.957    8994    345    247  -0.3697  +0.3606  -0.0543  -0.3480
   2758    440569   159   +3.471   10878    388    265  -0.1908  +0.8551  +0.3528  -0.2996
   2759    440725   156   +3.400    9695    355    298  -0.2692  +0.5446  +0.3973  -0.3170
   2760    440884   159   +6.334   11117    299    287  -0.1082  +0.9179  +0.3391  -0.0718
   2761    441043   159   +4.079   10574    387    297  -0.2333  +0.7754  +0.1806  -0.3173
   2762    441206   163   +1.917   10168    376    242  -0.2783  +0.6688  +0.0153  -0.3233
   2763    441367   161   +3.048   10533    313    210  -0.2059  +0.7647  +0.0044  -0.1583
   2764    441526   159   +5.060   10758    398    324  -0.2255  +0.8238  +0.1586  -0.3242
   2765    441686   160   -0.180    8049    437    296  -0.5123  +0.1126  -0.2862  -0.5394
   2766    441849   163   +3.999   11263    378    253  -0.1567  +0.9562  +0.3090  -0.2553
   2767    442006   157   +3.588   10259    343    286  -0.2444  +0.6926  +0.0821  -0.2526
   2768    442171   165   +0.036    7923    428    280  -0.5076  +0.0795  -0.1631  -0.5371
   2769    442331   160   +1.475    8794    370    281  -0.4070  +0.3081  -0.1242  -0.4052
   2770    442488   157   +1.197    8209    375    318  -0.4194  +0.1546  +0.2765  -0.4524
   2771    442652   164   +4.434   11591    403    280  -0.1616  +1.0000  +0.2264  -0.2807
   2772    442813   161   +4.440   11226    355    311  -0.1378  +0.9464  +0.3856  -0.2097
   2773    442973   160   +2.105    9542    398    280  -0.3545  +0.5046  -0.1030  -0.4010
   2774    443135   162   +1.976    9919    348    242  -0.2760  +0.6034  +0.0941  -0.2874
   2775    443295   160   +4.156   10270    354    307  -0.2485  +0.6955  +0.0997  -0.2744
   2776    443448   153   +4.810   10046    279    370  -0.2061  +0.6367  +0.1464  -0.0996
   2777    443600   152   +5.172   10957    342    258  -0.1502  +0.8757  +0.4091  -0.2001
   2778    443759   159   +3.382   10078    374    271  -0.2911  +0.6451  -0.0461  -0.3260
   2779    443922   163   +5.051   11184    374    301  -0.1723  +0.9354  +0.1949  -0.2522
   2780    444080   158   +2.557   10148    330    242  -0.2412  +0.6636  +0.1253  -0.2322
   2781    444240   160   +1.774    9297    383    264  -0.3410  +0.4400  +0.1706  -0.3937
   2782    444399   159   +4.865   11383    372    288  -0.1485  +0.9877  +0.2503  -0.2348
   2783    444549   150   +1.294    8374    392    311  -0.4240  +0.1978  +0.1632  -0.4659
   2784    444714   165   +1.695    9746    397    257  -0.3243  +0.5581  +0.0197  -0.3859
   2785    444873   159   +6.428   11485    345    338  -0.1285  +1.0000  +0.2198  -0.1682
   2786    445033   160   -1.682    7470    399    278  -0.5451  -0.0394  -0.2563  -0.5321
   2787    445204   171   +1.733    9050    458    285  -0.4056  +0.3754  +0.0240  -0.5063
   2788    445364   160   +3.104   11312    431    261  -0.1772  +0.9690  +0.3384  -0.3444
   2789    445529   165   +4.904   11048    424    317  -0.2136  +0.8998  +0.1581  -0.3479
   2790    445691   162   +1.309    9910    392    226  -0.3162  +0.6011  -0.0619  -0.3677
   2791    445840   149   +0.028    7975    327    289  -0.4794  +0.0933  -0.3589  -0.3894
   2792    446001   161   +2.686    9300    351    358  -0.3532  +0.4411  -0.1235  -0.3372
   2793    446158   157   +2.424   10064    346    204  -0.2613  +0.6415  +0.0985  -0.2718
   2794    446322   164   +3.616    9843    382    306  -0.3194  +0.5834  -0.0875  -0.3550
   2795    446486   164   +1.834    8921    349    209  -0.3791  +0.3415  -0.0629  -0.3606
   2796    446647   161   +3.728   10889    345    206  -0.1822  +0.8580  +0.1676  -0.2116
   2797    446809   162   +3.045   10429    401    294  -0.2683  +0.7373  +0.0222  -0.3496
   2798    446972   163   +4.785   11080    314    324  -0.1281  +0.9081  +0.2979  -0.1164
   2799    447127   155   +3.024    9983    344    251  -0.2651  +0.6203  +0.1241  -0.2753
   2800    447287   160   +2.341   10405    320    202  -0.2158  +0.7309  +0.0771  -0.1875

  ── rolling mean (last 100 ep) ──  cum_R=+2.762  yield=9987 kg/ha  N=370  W=263 mm  R_seas=-0.2780  R_ane=-0.3134

   2801    447449   162   +5.098   10896    363    336  -0.1997  +0.8598  +0.1012  -0.2492
   2802    447604   155   +2.824   10780    390    272  -0.2074  +0.8293  +0.2809  -0.3092
   2803    447763   159   +1.965    9229    291    274  -0.3230  +0.4224  -0.1638  -0.2072
   2804    447923   160   +3.319   11740    360    230  -0.1353  +1.0000  +0.2043  -0.1858
   2805    448077   154   +3.659   11664    330    246  -0.1172  +1.0000  +0.1738  -0.1152
   2806    448240   163   +0.872    8566    344    381  -0.4328  +0.2483  -0.3159  -0.3776
   2807    448399   159   +4.612   10118    382    352  -0.2664  +0.6557  +0.2121  -0.3383
   2808    448554   155   -0.942    7336    365    325  -0.5549  -0.0747  -0.3690  -0.4979
   2809    448712   158   +3.497   10896    388    282  -0.2059  +0.8598  +0.1833  -0.2971
   2810    448875   163   +4.752   11298    313    210  -0.1092  +0.9653  +0.2911  -0.0989
   2811    449037   162   +1.675    9438    349    231  -0.3378  +0.4770  -0.0997  -0.3237
   2812    449192   155   +5.204   11829    308    314  -0.1025  +1.0000  +0.0972  -0.0406
   2813    449347   155   +3.882   11272    303    196  -0.1025  +0.9587  +0.2872  -0.0696
   2814    449506   159   +1.352    9847    364    220  -0.2988  +0.5845  +0.0209  -0.3236
   2815    449658   152   +3.531    9496    310    299  -0.2912  +0.4924  +0.0572  -0.2334
   2816    449813   155   +2.422   10479    297    193  -0.1929  +0.7504  +0.0457  -0.1170
   2817    449974   161   +3.442   10720    302    248  -0.1784  +0.8137  +0.0203  -0.1128
   2818    450133   159   +3.283   10295    419    307  -0.2752  +0.7022  +0.1488  -0.3855
   2819    450290   157   +0.381    8296    312    271  -0.4165  +0.1774  -0.1023  -0.3353
   2820    450452   162   +4.965   10785    401    342  -0.2211  +0.8307  +0.1933  -0.3270
   2821    450608   156   +1.582    9454    298    221  -0.2979  +0.4815  -0.0605  -0.2074
   2822    450769   161   +3.855   11542    347    259  -0.1351  +1.0000  +0.1549  -0.1687
   2823    450924   155   +3.869   10617    273    261  -0.1469  +0.7866  +0.1461  -0.0272
   2824    451077   153   +1.905    9331    373    312  -0.3496  +0.4490  +0.0039  -0.3742
   2825    451235   158   +4.781   11684    285    240  -0.0753  +1.0000  +0.1755  +0.0239
   2826    451395   160   +1.450    9374    283    209  -0.2838  +0.4602  +0.0251  -0.1712
   2827    451552   157   +4.009   11006    306    256  -0.1477  +0.8886  +0.1025  -0.1003
   2828    451709   157   +0.332    8087    352    284  -0.4744  +0.1226  -0.2731  -0.4257
   2829    451866   157   +3.197    9807    378    311  -0.2976  +0.5740  +0.1407  -0.3507
   2830    452029   163   +0.626    9140    334    268  -0.3611  +0.3990  -0.1637  -0.3149
   2831    452190   161   +2.145    9948    325    225  -0.2613  +0.6111  +0.0649  -0.2352
   2832    452346   156   +5.559   12753    316    302  -0.0521  +1.0000  +0.4479  +0.0104
   2833    452503   157   +1.843    9465    278    268  -0.2897  +0.4842  -0.1568  -0.1501
   2834    452664   161   +3.396   11003    356    248  -0.1763  +0.8878  +0.2001  -0.2276
   2835    452826   162   +2.897   10260    361    266  -0.2713  +0.6929  -0.0785  -0.2891
   2836    452991   165   +2.878    9662    354    305  -0.3179  +0.5360  -0.0675  -0.3173
   2837    453150   159   +1.609    8666    317    310  -0.3972  +0.2744  -0.2067  -0.3171
   2838    453319   169   +5.651   11203    350    294  -0.1650  +0.9404  +0.0966  -0.1993
   2839    453476   157   +3.105   10026    404    244  -0.2657  +0.6315  +0.4028  -0.3796
   2840    453636   160   +2.326    9349    349    259  -0.3338  +0.4539  +0.0199  -0.3309
   2841    453789   153   +1.567    8416    316    282  -0.3883  +0.2090  +0.0969  -0.3341
   2842    453951   162   +1.838    9867    322    241  -0.2710  +0.5897  +0.0165  -0.2337
   2843    454116   165   +2.030    9696    372    268  -0.3094  +0.5449  +0.0906  -0.3491
   2844    454282   166   +2.461   10677    421    292  -0.2536  +0.8023  +0.0560  -0.3660
   2845    454443   161   +4.160   11228    299    248  -0.1310  +0.9471  +0.0050  -0.0610
   2846    454603   160   +3.695   11112    332    256  -0.1732  +0.9167  -0.0332  -0.1634
   2847    454765   162   +1.682    9766    325    217  -0.2903  +0.5633  -0.0658  -0.2485
   2848    454923   158   +3.481   10186    354    302  -0.2624  +0.6734  +0.0348  -0.2809
   2849    455082   159   +1.157    8512    256    287  -0.3691  +0.2341  -0.2686  -0.1693
   2850    455241   159   +1.901    8683    309    317  -0.3796  +0.2791  -0.1038  -0.2965
   2851    455400   159   +3.186    9746    331    295  -0.2906  +0.5581  -0.0122  -0.2631
   2852    455560   160   +3.284   10388    340    244  -0.2202  +0.7266  +0.1920  -0.2368
   2853    455719   159   +2.692   10562    374    319  -0.2380  +0.7722  +0.0714  -0.2940
   2854    455877   158   +3.800   10999    353    220  -0.1714  +0.8870  +0.2317  -0.2210
   2855    456034   157   -0.833    7548    344    284  -0.5241  -0.0188  -0.3399  -0.4513
   2856    456195   161   +3.292   10288    378    251  -0.2476  +0.7003  +0.2344  -0.3202
   2857    456352   157   +4.883   12009    326    296  -0.1089  +1.0000  +0.1509  -0.0798
   2858    456516   164   +2.526    9544    415    371  -0.3635  +0.5050  -0.1221  -0.4252
   2859    456676   160   +3.870   11119    312    255  -0.1486  +0.9183  +0.0457  -0.1092
   2860    456835   159   +2.220   10381    339    289  -0.2433  +0.7247  -0.0392  -0.2352
   2861    456996   161   +4.658   11918    403    318  -0.1317  +1.0000  +0.4639  -0.2602
   2862    457156   160   -0.931    7791    368    252  -0.5236  +0.0449  -0.4373  -0.4703
   2863    457315   159   +3.603   10905    297    227  -0.1440  +0.8623  +0.1505  -0.0820
   2864    457477   162   +3.840    9922    351    357  -0.2881  +0.6041  -0.0130  -0.2926
   2865    457642   165   +4.577   10953    348    339  -0.1997  +0.8747  -0.0469  -0.2123
   2866    457800   158   +2.498   10231    377    237  -0.2662  +0.6854  +0.0906  -0.3219
   2867    457966   166   +1.523    9239    395    291  -0.3811  +0.4249  -0.1290  -0.4147
   2868    458118   152   +4.338   11027    307    262  -0.1249  +0.8942  +0.3192  -0.1012
   2869    458279   161   +5.352   11561    339    314  -0.1204  +1.0000  +0.2408  -0.1484
   2870    458435   156   +3.489   10502    363    347  -0.2408  +0.7566  +0.0317  -0.2771
   2871    458601   166   +2.156    9894    326    292  -0.2878  +0.5969  -0.1455  -0.2415
   2872    458763   162   +2.930   10553    368    332  -0.2227  +0.7697  +0.1965  -0.2826
   2873    458921   158   +3.697   10864    348    295  -0.1919  +0.8515  +0.1083  -0.2186
   2874    459081   160   +4.344   11372    317    273  -0.1192  +0.9848  +0.1566  -0.1035
   2875    459244   163   +3.564   10545    359    294  -0.2180  +0.7676  +0.1988  -0.2660
   2876    459405   161   +5.298   10776    319    347  -0.1868  +0.8283  +0.0257  -0.1548
   2877    459558   153   +4.298   11424    252    224  -0.0428  +0.9986  +0.1767  +0.1330
   2878    459714   156   +4.105   11258    355    278  -0.1385  +0.9548  +0.3496  -0.2073
   2879    459880   166   +3.060   10442    297    232  -0.1912  +0.7406  +0.0981  -0.1204
   2880    460037   157   +3.289   10822    260    208  -0.1105  +0.8405  +0.1677  +0.0420
   2881    460194   157   +0.802   10038    330    241  -0.2681  +0.6347  -0.0518  -0.2388
   2882    460355   161   +3.818   10121    304    313  -0.2289  +0.6565  +0.0690  -0.1664
   2883    460515   160   +4.477   11045    377    337  -0.1970  +0.8990  +0.0877  -0.2684
   2884    460674   159   +2.106    9857    323    233  -0.2671  +0.5872  +0.0726  -0.2373
   2885    460831   157   +4.449   11469    324    297  -0.1108  +1.0000  +0.2388  -0.1154
   2886    460994   163   +5.474   11867    354    339  -0.1064  +1.0000  +0.4213  -0.1618
   2887    461153   159   +1.258    9170    371    333  -0.3729  +0.4068  -0.0976  -0.3826
   2888    461313   160   +4.383   10711    287    327  -0.1668  +0.8113  +0.0076  -0.0680
   2889    461475   162   +3.381   10712    392    312  -0.2420  +0.8115  +0.0014  -0.3166
   2890    461637   162   +3.113   10839    345    256  -0.1997  +0.8448  +0.0344  -0.2144
   2891    461803   166   +1.570    9439    442    294  -0.3875  +0.4775  -0.1699  -0.4663
   2892    461961   158   +2.743   10107    345    324  -0.2586  +0.6527  +0.0875  -0.2682
   2893    462127   166   +3.302    9626    314    316  -0.2941  +0.5266  -0.0594  -0.2328
   2894    462284   157   +4.123   11311    331    301  -0.1411  +0.9688  +0.1070  -0.1468
   2895    462442   158   +4.125   10498    354    294  -0.2317  +0.7555  +0.0686  -0.2581
   2896    462600   158   +4.173   10784    358    300  -0.2087  +0.8305  +0.0771  -0.2468
   2897    462762   162   +4.673   11007    361    318  -0.1871  +0.8891  +0.1197  -0.2378
   2898    462922   160   +1.394    8452    400    391  -0.4541  +0.2185  -0.1705  -0.4724
   2899    463084   162   +4.017   10736    288    209  -0.1527  +0.8179  +0.1296  -0.0671
   2900    463244   160   +5.035   10570    241    299  -0.1096  +0.7743  +0.1723  +0.0985

  ── rolling mean (last 100 ep) ──  cum_R=+3.078  yield=10284 kg/ha  N=339  W=282 mm  R_seas=-0.2417  R_ane=-0.2310

   2901    463406   162   +2.334   10096    370    342  -0.3007  +0.6499  -0.1778  -0.3182
   2902    463569   163   +2.241    9507    415    307  -0.3447  +0.4953  +0.0964  -0.4273
   2903    463729   160   +2.377    9464    311    285  -0.3003  +0.4839  +0.0056  -0.2396
   2904    463883   154   +3.369   10701    334    278  -0.1914  +0.8086  +0.1620  -0.1992
   2905    464037   154   +3.275   10223    282    255  -0.2072  +0.6831  -0.0022  -0.0924
   2906    464192   155   +3.265   10486    306    314  -0.1851  +0.7522  +0.1973  -0.1427
   2907    464353   161   +2.975   10564    317    291  -0.2084  +0.7727  -0.0175  -0.1661
   2908    464513   160   +1.614    9800    323    291  -0.2809  +0.5721  -0.0157  -0.2411
   2909    464674   161   +6.514   11886    274    351  -0.0535  +1.0000  +0.2132  +0.0839
   2910    464833   159   +3.676   10377    287    238  -0.1762  +0.7237  +0.2139  -0.0951
   2911    464993   160   +3.558   10273    303    275  -0.2010  +0.6963  +0.2048  -0.1520
   2912    465154   161   +3.758   11429    371    295  -0.1425  +0.9998  +0.2625  -0.2291
   2913    465319   165   +3.130   10773    389    320  -0.2155  +0.8276  +0.1992  -0.3078
   2914    465477   158   +2.317    9732    279    257  -0.2559  +0.5543  -0.0639  -0.1270
   2915    465640   163   +2.650   10510    327    210  -0.2051  +0.7586  +0.1420  -0.1964
   2916    465799   159   +3.573   10286    306    301  -0.2108  +0.6997  +0.1251  -0.1607
   2917    465954   155   +4.518   10388    284    297  -0.1807  +0.7265  +0.1368  -0.0868
   2918    466114   160   +1.607    9703    308    234  -0.2859  +0.5467  -0.0912  -0.2115
   2919    466276   162   +4.605   10889    326    318  -0.1630  +0.8581  +0.2210  -0.1653
   2920    466436   160   +3.603   10346    267    296  -0.1916  +0.7154  -0.1104  -0.0314
   2921    466589   153   +4.650   10716    246    334  -0.1213  +0.8127  -0.0060  +0.0871
   2922    466745   156   +4.751   10629    262    292  -0.1310  +0.7897  +0.1702  +0.0152
   2923    466899   154   +1.780    9338    302    272  -0.3063  +0.4509  -0.0077  -0.2276
   2924    467059   160   +1.868   10231    334    291  -0.2547  +0.6853  -0.0612  -0.2330
   2925    467216   157   +2.057    9427    281    309  -0.2913  +0.4743  -0.1123  -0.1620
   2926    467377   161   +3.436    9893    324    332  -0.2703  +0.5966  +0.0170  -0.2373
   2927    467540   163   +2.796   10687    332    232  -0.2083  +0.8050  -0.0123  -0.1945
   2928    467702   162   +2.497   10146    358    351  -0.2593  +0.6629  +0.1217  -0.2906
   2929    467855   153   +2.907    9476    212    266  -0.1920  +0.4870  +0.0118  +0.1170
   2930    468017   162   +5.262   12573    329    336  -0.0778  +1.0000  +0.3521  -0.0435
   2931    468169   152   +2.882    9855    316    299  -0.2617  +0.5867  +0.0776  -0.2205
   2932    468334   165   +5.036   11941    360    338  -0.1161  +1.0000  +0.3498  -0.1702
   2933    468491   157   +4.643   10285    262    316  -0.1809  +0.6994  -0.0057  -0.0171
   2934    468652   161   +3.729   11719    393    324  -0.1606  +1.0000  +0.1593  -0.2551
   2935    468815   163   +3.767   10758    348    290  -0.1995  +0.8235  +0.1266  -0.2268
   2936    468978   163   +1.615    9128    349    280  -0.3713  +0.3959  -0.1665  -0.3456
   2937    469133   155   +5.301   11530    243    283  -0.0257  +1.0000  +0.1835  +0.1866
   2938    469288   155   +4.221   11193    250    223  -0.0465  +0.9378  +0.3320  +0.1194
   2939    469447   159   +4.589   11069    268    289  -0.0895  +0.9053  +0.2496  +0.0306
   2940    469604   157   +2.565    9517    250    276  -0.2436  +0.4979  -0.0301  -0.0503
   2941    469763   159   +2.254    9922    352    312  -0.2856  +0.6043  +0.0176  -0.2948
   2942    469921   158   +3.851   10607    236    246  -0.1158  +0.7839  +0.0148  +0.1225
   2943    470076   155   +2.969    9821    275    287  -0.2274  +0.5776  +0.1061  -0.1080
   2944    470238   162   +4.619   11152    258    274  -0.0608  +0.9270  +0.3323  +0.0807
   2945    470399   161   +3.669   10642    274    249  -0.1491  +0.7931  +0.1157  -0.0298
   2946    470566   167   +4.558   12525    360    274  -0.1017  +1.0000  +0.3742  -0.1303
   2947    470730   164   +3.843   11021    326    257  -0.1594  +0.8926  +0.1419  -0.1559
   2948    470894   164   +3.435   10052    260    246  -0.2075  +0.6383  -0.0737  -0.0322
   2949    471056   162   +4.215   11560    368    314  -0.1403  +1.0000  +0.2378  -0.2138
   2950    471219   163   +2.954   10095    286    263  -0.2246  +0.6495  -0.0197  -0.1167
   2951    471372   153   +0.689    8260    320    363  -0.4458  +0.1681  -0.3127  -0.3553
   2952    471536   164   +3.946   11670    387    318  -0.1559  +1.0000  +0.1791  -0.2460
   2953    471694   158   +3.386   11009    269    209  -0.0998  +0.8895  +0.2100  +0.0228
   2954    471856   162   +5.067   10909    336    344  -0.1860  +0.8631  +0.0448  -0.1877
   2955    472014   158   +0.172    8010    330    323  -0.4736  +0.1023  -0.3115  -0.3935
   2956    472171   157   +3.876   11398    347    245  -0.1024  +0.9916  +0.5319  -0.1782
   2957    472336   165   +0.233    8170    426    312  -0.5139  +0.1442  -0.4373  -0.5208
   2958    472495   159   +5.749   11390    256    332  -0.0411  +0.9896  +0.2840  +0.1104
   2959    472663   168   +4.927   10912    384    369  -0.2114  +0.8641  +0.0949  -0.2896
   2960    472822   159   +1.473    9646    307    245  -0.2683  +0.5316  +0.1322  -0.2149
   2961    472975   153   +4.151   12046    301    251  -0.0630  +1.0000  +0.3645  +0.0017
   2962    473129   154   +2.323    9866    371    227  -0.2837  +0.5896  +0.1938  -0.3349
   2963    473287   158   +2.513    9679    293    303  -0.2634  +0.5403  +0.0372  -0.1739
   2964    473449   162   +2.802   10330    392    258  -0.2663  +0.7113  +0.0840  -0.3418
   2965    473609   160   +1.677   10222    367    275  -0.2799  +0.6828  -0.0932  -0.3042
   2966    473770   161   +3.621   10387    354    350  -0.2631  +0.7263  -0.1479  -0.2664
   2967    473930   160   +2.567    9519    256    229  -0.2597  +0.4984  -0.1360  -0.0691
   2968    474089   159   +5.681   11579    228    270  +0.0117  +1.0000  +0.3146  +0.2674
   2969    474245   156   +4.196   11213    279    260  -0.0933  +0.9431  +0.1950  +0.0047
   2970    474405   160   +5.144   12370    344    284  -0.0812  +1.0000  +0.4865  -0.0996
   2971    474568   163   +0.418    8793    324    220  -0.3969  +0.3079  -0.2720  -0.3222
   2972    474726   158   +4.906   10656    258    344  -0.1198  +0.7969  +0.2089  +0.0338
   2973    474889   163   +3.092   10995    380    312  -0.2060  +0.8858  +0.0544  -0.2764
   2974    475039   150   +1.375    8817    271    238  -0.3422  +0.3143  -0.1500  -0.1860
   2975    475200   161   +3.938   11005    290    331  -0.1251  +0.8884  +0.1776  -0.0500
   2976    475366   166   +2.452   11072    423    297  -0.2114  +0.9061  +0.1585  -0.3459
   2977    475530   164   +6.022   11317    287    325  -0.0720  +0.9704  +0.4005  -0.0154
   2978    475693   163   +3.714   11682    378    272  -0.1284  +1.0000  +0.4010  -0.2283
   2979    475851   158   +2.544    9674    311    323  -0.2949  +0.5392  -0.1306  -0.2222
   2980    476005   154   +2.614    9987    265    259  -0.2090  +0.6212  +0.0259  -0.0563
   2981    476153   148   +1.458    8923    264    282  -0.3134  +0.3419  -0.0187  -0.1567
   2982    476313   160   +3.680   10524    317    294  -0.1961  +0.7621  +0.1421  -0.1693
   2983    476482   169   +1.874   10144    399    264  -0.2898  +0.6625  +0.0401  -0.3649
   2984    476640   158   +5.265   10773    294    357  -0.1572  +0.8276  +0.1102  -0.0837
   2985    476805   165   +4.467   12122    320    290  -0.0940  +1.0000  +0.2191  -0.0530
   2986    476965   160   +3.500   10900    299    289  -0.1511  +0.8608  +0.1065  -0.0900
   2987    477138   173   +3.231   10828    423    356  -0.2324  +0.8419  +0.1509  -0.3599
   2988    477302   164   +4.114   11072    403    333  -0.1976  +0.9059  +0.1978  -0.3129
   2989    477456   154   +3.773   10677    295    348  -0.1722  +0.8024  +0.0571  -0.0952
   2990    477616   160   +4.473   10956    345    320  -0.1770  +0.8755  +0.1572  -0.2053
   2991    477776   160   +1.399    9313    289    260  -0.3145  +0.4443  -0.1757  -0.1935
   2992    477939   163   +4.066   11923    401    296  -0.1512  +1.0000  +0.2595  -0.2570
   2993    478099   160   +3.064   10780    340    235  -0.1906  +0.8293  +0.1412  -0.2069
   2994    478253   154   +3.069   10132    297    277  -0.2265  +0.6594  +0.0302  -0.1478
   2995    478411   158   +1.889    9247    288    351  -0.3313  +0.4271  -0.2928  -0.1958
   2996    478572   161   +2.069    9792    321    294  -0.2878  +0.5701  -0.0894  -0.2378
   2997    478738   166   +3.468   10584    354    287  -0.2159  +0.7780  +0.1510  -0.2518
   2998    478898   160   +2.262    9840    414    324  -0.3406  +0.5827  -0.1458  -0.4056
   2999    479053   155   +3.041   10321    334    312  -0.2341  +0.7089  +0.0668  -0.2267
   3000    479212   159   +4.672   11941    287    299  -0.0718  +1.0000  +0.1574  +0.0416

  ── rolling mean (last 100 ep) ──  cum_R=+3.318  yield=10483 kg/ha  N=318  W=292 mm  R_seas=-0.2057  R_ane=-0.1571

   3001    479377   165   +1.164    9470    367    252  -0.3483  +0.4857  -0.1319  -0.3551
   3002    479541   164   +2.125   10195    405    276  -0.2814  +0.6758  +0.1091  -0.3710
   3003    479710   169   +3.992   12372    404    275  -0.1361  +1.0000  +0.3402  -0.2336
   3004    479867   157   +2.472    9586    273    297  -0.2712  +0.5159  -0.1379  -0.1214
   3005    480031   164   +2.821   11009    394    311  -0.2002  +0.8895  +0.1813  -0.3023
   3006    480185   154   +4.549   10814    298    309  -0.1390  +0.8384  +0.2955  -0.0937
   3007    480344   159   +3.208   10371    312    321  -0.2235  +0.7220  -0.0299  -0.1699
   3008    480502   158   +2.254    9174    298    336  -0.3392  +0.4078  -0.2182  -0.2310
   3009    480659   157   +3.656   10843    301    295  -0.1675  +0.8459  +0.0079  -0.0993
   3010    480817   158   +5.282   11368    274    337  -0.0627  +0.9838  +0.2970  +0.0390
   3011    480982   165   +1.960   10715    424    312  -0.2477  +0.8124  +0.0955  -0.3678
   3012    481147   165   +3.122   10600    390    288  -0.2516  +0.7820  -0.0094  -0.3206
   3013    481307   160   +4.996   10942    328    389  -0.1860  +0.8720  -0.0421  -0.1660
   3014    481463   156   +4.549   11537    319    341  -0.1194  +1.0000  +0.0962  -0.0968
   3015    481617   154   +4.296   11877    300    250  -0.0691  +1.0000  +0.3437  -0.0115
   3016    481772   155   +0.385    8169    289    313  -0.4428  +0.1442  -0.4110  -0.2924
   3017    481933   161   +4.706   12325    391    332  -0.1252  +1.0000  +0.3845  -0.2120
   3018    482090   157   +3.050   10429    292    271  -0.1978  +0.7372  +0.0016  -0.1075
   3019    482256   166   +2.510   10179    419    345  -0.3017  +0.6717  -0.0197  -0.3922
   3020    482415   159   +5.273   11876    324    356  -0.0989  +1.0000  +0.2659  -0.0848
   3021    482572   157   +6.024   12403    303    424  -0.0741  +1.0000  +0.1876  +0.0237
   3022    482730   158   +4.501   12050    322    296  -0.0746  +1.0000  +0.4469  -0.0642
   3023    482889   159   +1.458    8986    356    310  -0.3844  +0.3585  -0.1359  -0.3681
   3024    483046   157   +0.178    8925    406    298  -0.4133  +0.3425  -0.1403  -0.4497
   3025    483204   158   +4.860   10959    270    407  -0.1272  +0.8765  -0.0084  +0.0150
   3026    483364   160   +3.892   11049    308    348  -0.1580  +0.9001  -0.0174  -0.1043
   3027    483522   158   +3.916   11367    354    337  -0.1385  +0.9835  +0.2486  -0.1974
   3028    483682   160   +4.509   10810    309    362  -0.1739  +0.8372  +0.0465  -0.1263
   3029    483838   156   +4.389   11271    320    291  -0.1111  +0.9583  +0.3486  -0.1183
   3030    483997   159   +2.525    9496    368    324  -0.3413  +0.4923  -0.0795  -0.3548
   3031    484156   159   +4.700   11315    251    263  -0.0500  +0.9699  +0.1912  +0.1279
   3032    484322   166   +3.384   10561    310    350  -0.2045  +0.7720  -0.0307  -0.1481
   3033    484482   160   +3.134   10479    338    341  -0.2203  +0.7503  +0.0971  -0.2253
   3034    484640   158   +2.862   10351    300    229  -0.1915  +0.7168  +0.2080  -0.1383
   3035    484796   156   +3.561   10595    260    295  -0.1407  +0.7808  +0.0839  +0.0189
   3036    484950   154   +5.309   12154    287    285  -0.0428  +1.0000  +0.4000  +0.0574
   3037    485110   160   +5.669   11266    239    315  -0.0392  +0.9570  +0.1771  +0.1794
   3038    485269   159   +1.162    8986    324    334  -0.3818  +0.3587  -0.2957  -0.3063
   3039    485434   165   +4.054   10391    290    398  -0.2121  +0.7272  -0.1299  -0.1029
   3040    485592   158   +3.950   10859    400    323  -0.2224  +0.8502  +0.1146  -0.3212
   3041    485753   161   +4.564   11597    344    366  -0.1378  +1.0000  +0.0952  -0.1577
   3042    485912   159   +5.079   11683    247    257  -0.0212  +1.0000  +0.2390  +0.1832
   3043    486078   166   +5.220   12867    396    324  -0.1267  +1.0000  +0.2960  -0.1876
   3044    486237   159   +3.574   11371    358    274  -0.1426  +0.9844  +0.2312  -0.2061
   3045    486394   157   +4.494   10248    209    258  -0.0862  +0.6897  +0.2313  +0.2275
   3046    486552   158   +3.308   10056    262    267  -0.2071  +0.6393  -0.0428  -0.0422
   3047    486709   157   +4.155   11190    290    254  -0.0987  +0.9371  +0.2762  -0.0353
   3048    486863   154   +1.921   10355    344    266  -0.2302  +0.7178  +0.1466  -0.2478
   3049    487022   159   +3.350   10864    319    287  -0.1777  +0.8514  +0.0435  -0.1498
   3050    487183   161   +5.572   11586    267    328  -0.0597  +1.0000  +0.1489  +0.0848
   3051    487347   164   +2.743   10123    336    348  -0.2557  +0.6569  +0.0384  -0.2458
   3052    487506   159   +4.986   11723    261    245  -0.0338  +1.0000  +0.2902  +0.1240
   3053    487666   160   +2.685   10397    319    320  -0.2310  +0.7289  -0.0751  -0.1857
   3054    487826   160   +4.431   11413    287    277  -0.0929  +0.9955  +0.1004  -0.0060
   3055    487988   162   +5.422   11345    383    375  -0.1620  +0.9777  +0.2166  -0.2601
   3056    488155   167   +4.967   11993    291    302  -0.0659  +1.0000  +0.2502  +0.0301
   3057    488316   161   +5.390   12300    333    305  -0.0843  +1.0000  +0.3836  -0.0755
   3058    488476   160   +5.280   11892    280    311  -0.0527  +1.0000  +0.2869  +0.0622
   3059    488639   163   +4.113   10531    269    288  -0.1608  +0.7641  +0.0483  -0.0222
   3060    488805   166   +3.683   10878    353    314  -0.1918  +0.8551  +0.1342  -0.2300
   3061    488964   159   +2.606   10336    298    209  -0.1949  +0.7130  +0.1690  -0.1336
   3062    489118   154   +3.087   10136    309    299  -0.2367  +0.6604  +0.0208  -0.1795
   3063    489281   163   +4.639   11331    314    282  -0.1121  +0.9741  +0.2407  -0.0992
   3064    489448   167   +2.806    9500    362    327  -0.3368  +0.4934  -0.0726  -0.3430
   3065    489608   160   +2.098    9411    351    340  -0.3515  +0.4701  -0.2014  -0.3297
   3066    489765   157   +0.346    8531    273    290  -0.3840  +0.2392  -0.2784  -0.2198
   3067    489925   160   +4.696   11249    320    271  -0.1259  +0.9525  +0.2237  -0.1214
   3068    490086   161   +4.629   11700    290    304  -0.0612  +1.0000  +0.3631  +0.0084
   3069    490244   158   +3.101   10280    361    347  -0.2568  +0.6982  +0.0502  -0.2877
   3070    490403   159   +3.642   11040    280    339  -0.1277  +0.8978  +0.0183  -0.0131
   3071    490564   161   +3.817   10696    331    322  -0.2048  +0.8072  +0.0088  -0.1915
   3072    490722   158   +5.449   12470    266    298  -0.0138  +1.0000  +0.3390  +0.1743
   3073    490879   157   +4.596   10552    251    304  -0.1211  +0.7695  +0.2098  +0.0517
   3074    491040   161   +3.464   10315    289    269  -0.1982  +0.7073  +0.0736  -0.1079
   3075    491195   155   +3.178   10658    252    246  -0.1220  +0.7974  +0.1121  +0.0582
   3076    491355   160   +4.655   11219    239    227  -0.0196  +0.9445  +0.4229  +0.1732
   3077    491519   164   +1.623    9499    336    264  -0.3264  +0.4932  -0.1191  -0.2927
   3078    491680   161   +4.662   11307    330    322  -0.1281  +0.9678  +0.2297  -0.1436
   3079    491843   163   +3.150    9909    376    298  -0.2996  +0.6008  +0.0232  -0.3403
   3080    491997   154   +4.847   10993    266    335  -0.0882  +0.8852  +0.3060  +0.0331
   3081    492158   161   +3.356   10261    277    306  -0.2161  +0.6931  -0.1743  -0.0730
   3082    492318   160   +4.698   11376    339    328  -0.1211  +0.9858  +0.3086  -0.1615
   3083    492473   155   +3.924   10211    259    335  -0.1737  +0.6800  +0.1077  -0.0149
   3084    492634   161   +1.806    9614    326    268  -0.2987  +0.5234  -0.0082  -0.2624
   3085    492797   163   +3.069   10057    249    263  -0.1800  +0.6397  +0.0729  +0.0091
   3086    492956   159   +5.031   12088    268    270  -0.0298  +1.0000  +0.3127  +0.1296
   3087    493116   160   +3.050   10302    237    218  -0.1626  +0.7041  -0.1425  +0.0856
   3088    493271   155   +5.309   11964    243    260  +0.0071  +1.0000  +0.3825  +0.2297
   3089    493429   158   +5.495   12189    269    291  -0.0122  +1.0000  +0.4824  +0.1317
   3090    493592   163   +4.290   11417    394    299  -0.1756  +0.9966  +0.0816  -0.2764
   3091    493752   160   +2.747    9763    319    287  -0.2840  +0.5624  -0.0391  -0.2356
   3092    493910   158   +2.659   10361    311    242  -0.2149  +0.7193  +0.0559  -0.1676
   3093    494069   159   +4.503   10796    287    322  -0.1431  +0.8337  +0.1628  -0.0595
   3094    494224   155   +4.759   11151    233    313  -0.0496  +0.9269  +0.0968  +0.1965
   3095    494387   163   +4.181   11682    326    260  -0.1131  +1.0000  +0.1856  -0.1055
   3096    494541   154   +6.156   11884    228    302  +0.0221  +1.0000  +0.3195  +0.3005
   3097    494702   161   +3.222    9992    318    317  -0.2625  +0.6225  -0.0384  -0.2143
   3098    494858   156   +2.631    9768    250    320  -0.2382  +0.5637  -0.2241  -0.0223
   3099    495023   165   +1.546   10215    327    244  -0.2556  +0.6811  -0.1010  -0.2194
   3100    495183   160   +5.560   11317    326    349  -0.1471  +0.9703  -0.0008  -0.1321

  ── rolling mean (last 100 ep) ──  cum_R=+3.744  yield=10801 kg/ha  N=311  W=304 mm  R_seas=-0.1729  R_ane=-0.1110

   3101    495342   159   +4.674   10384    240    312  -0.1291  +0.7254  +0.1566  +0.0797
   3102    495502   160   +5.137   11339    343    352  -0.1274  +0.9761  +0.3052  -0.1732
   3103    495662   160   +3.018    9718    274    322  -0.2501  +0.5508  -0.0405  -0.1124
   3104    495817   155   +3.691   11143    360    314  -0.1706  +0.9248  +0.1586  -0.2254
   3105    495976   159   +4.119   11312    293    268  -0.1000  +0.9690  +0.1840  -0.0357
   3106    496141   165   +4.156   10264    214    269  -0.1246  +0.6939  -0.0736  +0.1975
   3107    496301   160   +3.841   10710    285    344  -0.1606  +0.8110  +0.0505  -0.0615
   3108    496462   161   +3.445   10250    288    315  -0.2240  +0.6904  -0.1333  -0.1109
   3109    496628   166   +4.279   11410    280    324  -0.0884  +0.9948  +0.0693  +0.0200
   3110    496789   161   +3.946   10921    298    269  -0.1423  +0.8664  +0.1642  -0.0843
   3111    496951   162   +2.716   10596    384    316  -0.2429  +0.7811  +0.0467  -0.3095
   3112    497114   163   +1.673    9992    336    283  -0.2784  +0.6226  -0.0680  -0.2575
   3113    497276   162   +4.298   11634    328    299  -0.1055  +1.0000  +0.2872  -0.1140
   3114    497434   158   +5.627   11592    341    320  -0.1166  +1.0000  +0.2853  -0.1506
   3115    497593   159   +4.017   10903    247    229  -0.0921  +0.8617  +0.1134  +0.1039
   3116    497760   167   +4.781   12425    315    294  -0.0661  +1.0000  +0.3818  -0.0142
   3117    497921   161   +1.560    9329    332    280  -0.3468  +0.4485  -0.1977  -0.2971
   3118    498079   158   +4.886   11994    282    286  -0.0414  +1.0000  +0.4007  +0.0617
   3119    498236   157   +4.444   10731    239    274  -0.0893  +0.8166  +0.2026  +0.1211
   3120    498396   160   +5.553   11599    315    320  -0.0989  +1.0000  +0.2473  -0.0786
   3121    498559   163   +4.698   11269    216    211  +0.0094  +0.9576  +0.2825  +0.3057
   3122    498717   158   +1.831    9816    258    246  -0.2285  +0.5764  -0.0749  -0.0503
   3123    498872   155   +6.526   11540    193    216  +0.0973  +1.0000  +0.4775  +0.4925
   3124    499035   163   +4.366   10866    224    236  -0.0792  +0.8520  -0.0654  +0.2146
   3125    499191   156   +3.757   10899    311    289  -0.1535  +0.8605  +0.1883  -0.1248
   3126    499352   161   +2.573    9775    332    308  -0.2973  +0.5656  -0.0970  -0.2634
   3127    499514   162   +5.790   12625    289    335  -0.0367  +1.0000  +0.3600  +0.0911
   3128    499675   161   +5.095   11302    333    315  -0.1368  +0.9663  +0.1690  -0.1511
   3129    499834   159   +5.672   11584    220    272  +0.0096  +1.0000  +0.1500  +0.3153
   3130    499995   161   +5.532   12325    316    343  -0.0656  +1.0000  +0.4191  -0.0250
   3131    500157   162   +5.154   10504    257    357  -0.1496  +0.7569  +0.0425  +0.0229
   3132    500322   165   +5.166   11785    215    259  +0.0490  +1.0000  +0.3706  +0.3731
   3133    500483   161   +5.155   11890    295    302  -0.0716  +1.0000  +0.2612  +0.0075
   3134    500644   161   +3.006   10568    280    231  -0.1668  +0.7736  +0.0648  -0.0556
   3135    500800   156   +3.403    9624    280    332  -0.2644  +0.5259  -0.0349  -0.1413
   3136    500964   164   +3.234   10178    248    277  -0.1522  +0.6714  +0.2187  +0.0269
   3137    501125   161   +3.907   10740    200    301  -0.0417  +0.8190  +0.0145  +0.3402
   3138    501286   161   +3.090   10698    226    218  -0.0698  +0.8078  +0.2322  +0.1835
   3139    501445   159   +3.804   10469    256    234  -0.1289  +0.7477  +0.2807  +0.0205
   3140    501605   160   +5.587   10994    242    343  -0.0852  +0.8856  +0.0319  +0.1339
   3141    501766   161   +3.885    9807    321    369  -0.2827  +0.5739  -0.0555  -0.2356
   3142    501923   157   +2.985    9513    229    275  -0.1966  +0.4968  +0.1716  +0.0402
   3143    502081   158   +2.741    9957    180    182  -0.0606  +0.6133  +0.1469  +0.3868
   3144    502239   158   +3.029    9602    219    247  -0.1971  +0.5203  -0.0629  +0.0972
   3145    502400   161   +4.081   11786    368    256  -0.1227  +1.0000  +0.3728  -0.1998
   3146    502559   159   +4.748   10791    312    301  -0.1667  +0.8323  +0.1556  -0.1346
   3147    502715   156   +4.220   10513    283    329  -0.1804  +0.7593  +0.0115  -0.0711
   3148    502875   160   +4.209   10847    362    291  -0.1933  +0.8470  +0.2014  -0.2507
   3149    503042   167   +5.741   11030    328    403  -0.1713  +0.8951  +0.0276  -0.1596
   3150    503205   163   +4.105   10617    236    279  -0.1013  +0.7867  +0.1415  +0.1262
   3151    503360   155   +4.088    9956    149    176  +0.0446  +0.6132  +0.2781  +0.6674
   3152    503521   161   +5.900   11362    216    265  +0.0034  +0.9821  +0.1311  +0.3159
   3153    503682   161   +4.677   10533    172    241  +0.0401  +0.7646  +0.3228  +0.5312
   3154    503846   164   +4.960   11070    288    284  -0.1244  +0.9055  +0.1103  -0.0395
   3155    504009   163   +5.957   10823    327    378  -0.1800  +0.8407  +0.1176  -0.1730
   3156    504168   159   +6.169   11540    200    216  +0.0640  +1.0000  +0.3227  +0.4391
   3157    504329   161   +6.938   12089    211    326  +0.0690  +1.0000  +0.3859  +0.4346
   3158    504493   164   +4.973   12013    329    295  -0.0843  +1.0000  +0.4201  -0.0879
   3159    504648   155   +3.114   10415    206    211  -0.0820  +0.7335  +0.0446  +0.2672
   3160    504811   163   +2.082    9145    259    317  -0.3178  +0.4002  -0.3249  -0.1178
   3161    504971   160   +4.115   11159    251    225  -0.0727  +0.9288  +0.1145  +0.1121
   3162    505131   160   +4.053   10798    231    280  -0.0836  +0.8342  +0.0760  +0.1676
   3163    505298   167   +2.692    9998    338    243  -0.2696  +0.6241  +0.0225  -0.2596
   3164    505455   157   +2.663   10462    310    258  -0.1933  +0.7459  +0.1702  -0.1560
   3165    505618   163   +3.951   10525    223    271  -0.1049  +0.7626  +0.0072  +0.1793
   3166    505781   163   +4.236   10585    273    362  -0.1685  +0.7783  -0.0348  -0.0319
   3167    505943   162   +2.072   10522    225    179  -0.1061  +0.7618  +0.0261  +0.1696
   3168    506108   165   +3.124   10884    351    271  -0.2026  +0.8568  +0.0046  -0.2243
   3169    506267   159   +4.869   11006    189    286  +0.0358  +0.8887  +0.2357  +0.4569
   3170    506425   158   +5.229   10992    179    196  +0.0668  +0.8850  +0.2857  +0.5380
   3171    506583   158   +1.572    8684    185    273  -0.2338  +0.2794  -0.1014  +0.1750
   3172    506750   167   +4.860   10720    279    334  -0.1587  +0.8137  -0.0055  -0.0386
   3173    506911   161   +2.766   10719    370    279  -0.2166  +0.8133  +0.1297  -0.2764
   3174    507069   158   +4.711   11064    231    289  -0.0503  +0.9040  +0.1475  +0.1965
   3175    507232   163   +5.775   11535    220    272  +0.0113  +1.0000  +0.1813  +0.3106
   3176    507397   165   +5.470   12222    251    236  +0.0178  +1.0000  +0.5196  +0.2195
   3177    507556   159   +5.058   12130    261    268  -0.0210  +1.0000  +0.3045  +0.1619
   3178    507720   164   +4.620   11119    335    324  -0.1568  +0.9183  +0.1480  -0.1704
   3179    507878   158   +3.956   10040    189    303  -0.0725  +0.6352  +0.1677  +0.3299
   3180    508041   163   +1.516   10456    351    267  -0.2219  +0.7443  +0.1878  -0.2557
   3181    508212   171   +3.275   10461    298    255  -0.1972  +0.7456  +0.0361  -0.1240
   3182    508371   159   +3.065   10702    263    232  -0.1309  +0.8090  +0.1190  +0.0165
   3183    508530   159   +3.730   10134    215    274  -0.1283  +0.6599  +0.0284  +0.1798
   3184    508682   152   +4.866   11556    218    276  +0.0335  +1.0000  +0.3638  +0.3237
   3185    508843   161   +5.503   11397    240    259  -0.0205  +0.9914  +0.2489  +0.1892
   3186    509003   160   +1.727    9626    259    266  -0.2538  +0.5264  -0.1383  -0.0719
   3187    509160   157   +3.125   10567    333    276  -0.2017  +0.7735  +0.1689  -0.2065
   3188    509317   157   +3.834   10134    190    370  -0.0769  +0.6598  +0.0519  +0.3344
   3189    509480   163   +4.449   11397    278    248  -0.0741  +0.9914  +0.2013  +0.0264
   3190    509642   162   +3.076   10284    245    211  -0.1550  +0.6991  +0.0590  +0.0476
   3191    509805   163   +4.455    9730    155    105  +0.0981  +0.5539  +0.3777  +0.5677
   3192    509958   153   +5.212   10484    212    388  -0.0829  +0.7516  +0.0833  +0.2364
   3193    510121   163   +4.409   11958    384    323  -0.1427  +1.0000  +0.2411  -0.2226
   3194    510288   167   +3.314   10428    315    248  -0.1967  +0.7371  +0.2094  -0.1730
   3195    510445   157   +5.364   11696    239    199  +0.0217  +1.0000  +0.5499  +0.2223
   3196    510610   165   +2.821    9965    321    404  -0.2766  +0.6156  -0.1356  -0.2231
   3197    510769   159   +2.610   10753    281    232  -0.1434  +0.8223  +0.1429  -0.0442
   3198    510926   157   +4.448   10568    288    348  -0.1851  +0.7737  -0.0334  -0.0839
   3199    511088   162   +4.863   12059    280    312  -0.0604  +1.0000  +0.1698  +0.0753
   3200    511244   156   +1.161    8569    207    307  -0.3105  +0.2492  -0.3305  +0.0343

  ── rolling mean (last 100 ep) ──  cum_R=+4.084  yield=10792 kg/ha  N=268  W=282 mm  R_seas=-0.1188  R_ane=+0.0482

   3201    511402   158   +1.322    9421    203    275  -0.1844  +0.4728  -0.0098  +0.1613
   3202    511559   157   +5.570   10497    183    249  -0.0072  +0.7552  +0.1812  +0.4376
   3203    511716   157   +2.764   10344    324    281  -0.2164  +0.7151  +0.1557  -0.2024
   3204    511879   163   +3.538   10601    357    318  -0.2249  +0.7825  +0.0694  -0.2583
   3205    512036   157   +3.437    9516    169    255  -0.0760  +0.4976  +0.1857  +0.4094
   3206    512195   159   +2.714   10525    396    327  -0.2282  +0.7624  +0.3171  -0.3349
   3207    512353   158   +4.228   10681    311    338  -0.1842  +0.8035  +0.0758  -0.1420
   3208    512517   164   +5.203   10601    237    354  -0.1117  +0.7824  +0.0753  +0.1173
   3209    512674   157   +3.135    9892    228    296  -0.1768  +0.5964  -0.0118  +0.0844
   3210    512837   163   +3.185    9855    244    294  -0.2132  +0.5866  -0.1325  +0.0113
   3211    512993   156   +2.876    9625    240    288  -0.2291  +0.5261  -0.1143  +0.0027
   3212    513152   159   +4.920   11118    254    283  -0.0725  +0.9183  +0.1926  +0.0956
   3213    513314   162   +4.038   11177    337    319  -0.1631  +0.9336  +0.0465  -0.1705
   3214    513464   150   -0.025    8681    190    228  -0.2386  +0.2784  -0.0375  +0.1429
   3215    513621   157   +4.877   11470    313    321  -0.0868  +1.0000  +0.3856  -0.0847
   3216    513782   161   +4.724   11070    223    228  -0.0217  +0.9055  +0.3038  +0.2385
   3217    513941   159   +5.378   11050    235    339  -0.0625  +0.9003  +0.1024  +0.1739
   3218    514103   162   +5.050   11708    282    299  -0.0435  +1.0000  +0.4481  +0.0390
   3219    514271   168   +4.343   10537    261    312  -0.1452  +0.7656  +0.1045  +0.0098
   3220    514433   162   +3.568   10631    198    254  -0.0536  +0.7903  -0.0549  +0.3455
   3221    514593   160   +4.601   10928    220    216  -0.0402  +0.8682  +0.2088  +0.2397
   3222    514755   162   +3.594    9383    287    404  -0.3118  +0.4628  -0.2288  -0.1820
   3223    514916   161   +4.964   11662    318    378  -0.0831  +1.0000  +0.4227  -0.0844
   3224    515080   164   +4.564   11520    298    350  -0.0892  +1.0000  +0.2077  -0.0331
   3225    515243   163   +5.669   11604    223    252  +0.0211  +1.0000  +0.3088  +0.3006
   3226    515402   159   +4.940   10875    200    288  -0.0107  +0.8544  +0.1796  +0.3592
   3227    515562   160   +3.531   10343    253    264  -0.1625  +0.7146  +0.0209  +0.0225
   3228    515726   164   +5.361   11262    286    263  -0.0802  +0.9560  +0.3525  -0.0147
   3229    515887   161   +5.204   11132    262    353  -0.0790  +0.9218  +0.2198  +0.0619
   3230    516047   160   +5.237   10958    223    276  -0.0402  +0.8762  +0.2220  +0.2285
   3231    516209   162   +3.504    9755    229    258  -0.1796  +0.5604  +0.1093  +0.0646
   3232    516376   167   +1.154    9400    288    227  -0.2918  +0.4673  -0.0344  -0.1840
   3233    516534   158   +3.663   10112    233    261  -0.1500  +0.6540  +0.1086  +0.0855
   3234    516693   159   +2.105   10099    347    263  -0.2552  +0.6508  +0.1360  -0.2717
   3235    516852   159   +4.989   11611    256    223  -0.0089  +1.0000  +0.5106  +0.1336
   3236    517012   160   +4.219   10310    161    232  +0.0501  +0.7060  +0.3297  +0.6014
   3237    517175   163   +4.611   11483    352    380  -0.1246  +1.0000  +0.3038  -0.1834
   3238    517326   151   +4.591   10414    173    292  +0.0093  +0.7332  +0.1835  +0.5021
   3239    517487   161   +2.389   10068    225    216  -0.1414  +0.6427  +0.1257  +0.1180
   3240    517647   160   +4.668   11746    302    286  -0.0768  +1.0000  +0.3199  -0.0293
   3241    517809   162   +5.209   11654    292    337  -0.0876  +1.0000  +0.1250  -0.0005
   3242    517971   162   +5.032   10708    212    304  -0.0585  +0.8105  +0.0971  +0.2639
   3243    518133   162   +3.634   10709    191    182  +0.0209  +0.8109  +0.4494  +0.4028
   3244    518293   160   +6.019   11475    230    298  +0.0049  +1.0000  +0.3040  +0.2483
   3245    518450   157   +3.487    9848    225    328  -0.1858  +0.5848  -0.1082  +0.0960
   3246    518611   161   +4.184   10315    241    314  -0.1453  +0.7074  +0.0640  +0.0715
   3247    518779   168   +3.462   10417    322    329  -0.2241  +0.7341  -0.0039  -0.1907
   3248    518936   157   +4.835   11436    249    276  -0.0314  +1.0000  +0.2422  +0.1480
   3249    519106   170   +5.176   11606    287    259  -0.0760  +1.0000  +0.2074  +0.0108
   3250    519269   163   +2.484   10118    393    332  -0.3053  +0.6557  -0.1251  -0.3557
   3251    519431   162   +2.379    9244    315    288  -0.3403  +0.4263  -0.1684  -0.2667
   3252    519595   164   +5.258   12063    302    339  -0.0660  +1.0000  +0.3454  -0.0018
   3253    519750   155   +5.248   11507    303    381  -0.0971  +1.0000  +0.1773  -0.0495
   3254    519912   162   +3.588   10437    272    268  -0.1705  +0.7393  +0.0686  -0.0405
   3255    520076   164   +5.877   11606    391    426  -0.1483  +1.0000  +0.2923  -0.2584
   3256    520234   158   +2.710    9705    186    199  -0.1075  +0.5473  +0.1051  +0.3049
   3257    520395   161   +4.409   11519    282    295  -0.0754  +1.0000  +0.1817  +0.0213
   3258    520556   161   +4.287   11063    316    320  -0.1363  +0.9036  +0.2570  -0.1263
   3259    520718   162   +3.514   10093    280    331  -0.2225  +0.6490  -0.0521  -0.0986
   3260    520872   154   +3.484   10467    252    267  -0.1554  +0.7472  -0.0343  +0.0375
   3261    521034   162   +4.755   11342    278    323  -0.0837  +0.9768  +0.1674  +0.0180
   3262    521194   160   +6.847   12410    205    280  +0.1085  +1.0000  +0.5506  +0.5114
   3263    521362   168   +4.686   11948    332    312  -0.1021  +1.0000  +0.2776  -0.0995
   3264    521518   156   +3.545    9921    263    342  -0.2139  +0.6040  +0.0244  -0.0577
   3265    521674   156   +0.685    8437    202    323  -0.3128  +0.2144  -0.3006  +0.0456
   3266    521830   156   +2.041    9290    276    274  -0.3010  +0.4384  -0.1271  -0.1598
   3267    521996   166   +2.653    9987    351    340  -0.2876  +0.6213  -0.0638  -0.2883
   3268    522150   154   +4.542   11038    206    215  +0.0140  +0.8970  +0.3776  +0.3400
   3269    522313   163   +4.658   11595    347    369  -0.1434  +1.0000  +0.0609  -0.1649
   3270    522469   156   +1.039    8647    267    263  -0.3453  +0.2696  -0.0561  -0.1904
   3271    522631   162   +3.555   10448    180    180  -0.0058  +0.7422  +0.1864  +0.4496
   3272    522792   161   +4.939   10451    241    310  -0.1301  +0.7431  +0.0867  +0.0848
   3273    522950   158   +5.853   11991    217    282  +0.0507  +1.0000  +0.3576  +0.3832
   3274    523113   163   -0.270    9162    226    242  -0.2672  +0.4048  -0.2295  +0.0150
   3275    523274   161   +5.689   12702    272    247  +0.0125  +1.0000  +0.6228  +0.1674
   3276    523439   165   +5.009   12246    333    272  -0.0856  +1.0000  +0.3865  -0.0808
   3277    523604   165   +5.340   11473    279    303  -0.0692  +1.0000  +0.2253  +0.0274
   3278    523767   163   +2.319    9620    263    316  -0.2746  +0.5249  -0.2990  -0.0864
   3279    523919   152   +6.676   11934    226    334  +0.0209  +1.0000  +0.2449  +0.3213
   3280    524083   164   +3.040   10520    316    304  -0.2003  +0.7611  +0.0975  -0.1677
   3281    524237   154   +3.668   10640    195    205  -0.0009  +0.7926  +0.4042  +0.3639
   3282    524391   154   +4.451   10808    195    341  -0.0045  +0.8368  +0.1980  +0.3842
   3283    524547   156   +3.640   10741    233    229  -0.0889  +0.8191  +0.1042  +0.1532
   3284    524699   152   +6.870   12505    211    319  +0.0899  +1.0000  +0.4530  +0.4819
   3285    524860   161   +4.878   11085    213    282  -0.0117  +0.9095  +0.2077  +0.3006
   3286    525027   167   +5.842   12447    283    277  -0.0354  +1.0000  +0.3484  +0.0992
   3287    525190   163   +1.092    9135    282    246  -0.3298  +0.3976  -0.2266  -0.1886
   3288    525353   163   +4.014   10832    295    314  -0.1672  +0.8432  -0.0326  -0.0826
   3289    525509   156   +3.178   10198    254    334  -0.1835  +0.6767  -0.0402  +0.0045
   3290    525660   151   +0.881    8838    169    269  -0.1953  +0.3195  -0.2629  +0.3097
   3291    525818   158   +4.154   10469    194    299  -0.0480  +0.7478  +0.0802  +0.3512
   3292    525979   161   +4.889   10693    239    392  -0.1014  +0.8065  +0.1191  +0.1167
   3293    526140   161   +4.954   10913    240    350  -0.0893  +0.8643  +0.0297  +0.1389
   3294    526296   156   +0.529    8623    205    256  -0.2871  +0.2632  -0.1790  +0.0500
   3295    526454   158   +3.644   10319    286    314  -0.1984  +0.7084  +0.0365  -0.0972
   3296    526618   164   +6.415   11912    235    330  -0.0019  +1.0000  +0.1832  +0.2660
   3297    526779   161   +3.431   10489    208    244  -0.0593  +0.7529  +0.2361  +0.2630
   3298    526938   159   +2.922    9651    227    325  -0.2141  +0.5331  -0.1669  +0.0644
   3299    527097   159   +3.659   10637    203    275  -0.0452  +0.7919  +0.1308  +0.3125
   3300    527258   161   +3.684    9572    259    358  -0.2563  +0.5123  -0.1178  -0.0752

  ── rolling mean (last 100 ep) ──  cum_R=+3.971  yield=10653 kg/ha  N=258  W=294 mm  R_seas=-0.1224  R_ane=+0.0731

   3301    527420   162   +4.246   10638    169    197  +0.0606  +0.7921  +0.3178  +0.5754
   3302    527585   165   +4.319   10338    293    410  -0.2141  +0.7134  -0.0747  -0.1167
   3303    527742   157   +6.107   11169    244    405  -0.0706  +0.9315  +0.0379  +0.1425
   3304    527901   159   +2.859    9648    182    270  -0.1197  +0.5322  -0.0395  +0.3219
   3305    528060   159   +6.057   11701    212    256  +0.0543  +1.0000  +0.3972  +0.3819
   3306    528220   160   +3.391   10383    213    205  -0.1031  +0.7251  -0.0069  +0.2210
   3307    528385   165   +5.284   11304    264    346  -0.0717  +0.9670  +0.1589  +0.0689
   3308    528544   159   +4.534   11026    259    353  -0.1083  +0.8938  -0.0123  +0.0648
   3309    528699   155   +4.145   10422    203    368  -0.0820  +0.7354  -0.0039  +0.2817
   3310    528853   154   +3.580   10194    254    318  -0.1758  +0.6757  +0.0400  +0.0043
   3311    529014   161   +5.007   10434    272    398  -0.1806  +0.7387  -0.0311  -0.0406
   3312    529172   158   +0.907    8935    288    273  -0.3453  +0.3452  -0.1461  -0.2234
   3313    529329   157   +5.175   12032    296    293  -0.0642  +1.0000  +0.3071  +0.0168
   3314    529492   163   +2.472   10350    285    228  -0.1937  +0.7165  +0.0478  -0.0919
   3315    529652   160   +1.480    8856    245    311  -0.3181  +0.3243  -0.2057  -0.0955
   3316    529817   165   +4.320   11714    320    281  -0.1141  +1.0000  +0.1118  -0.0842
   3317    529980   163   +5.808   11817    241    304  +0.0035  +1.0000  +0.3568  +0.2262
   3318    530139   159   +5.404   11771    217    231  +0.0467  +1.0000  +0.3942  +0.3576
   3319    530297   158   +4.058   10956    256    238  -0.0921  +0.8755  +0.1801  +0.0701
   3320    530459   162   +4.235   10487    260    298  -0.1575  +0.7524  +0.0175  +0.0090
   3321    530616   157   +5.263   11366    221    256  +0.0135  +0.9832  +0.3219  +0.2850
   3322    530775   159   +5.612   12881    306    334  -0.0330  +1.0000  +0.5165  +0.0511
   3323    530937   162   +5.275   11405    256    358  -0.0561  +0.9935  +0.1175  +0.1127
   3324    531097   160   +2.247    9662    287    291  -0.2709  +0.5359  -0.0702  -0.1596
   3325    531260   163   +2.476   10732    233    143  -0.0597  +0.8168  +0.2669  +0.1500
   3326    531426   166   +2.504   10344    313    298  -0.2315  +0.7150  -0.0790  -0.1745
   3327    531580   154   +4.797   11108    277    314  -0.0884  +0.9155  +0.3170  +0.0033
   3328    531736   156   +4.756   11608    272    254  -0.0490  +1.0000  +0.3092  +0.0668
   3329    531897   161   +5.346   11904    267    304  -0.0407  +1.0000  +0.2476  +0.1152
   3330    532056   159   +4.732   11115    291    301  -0.1045  +0.9174  +0.2990  -0.0459
   3331    532217   161   +5.067   11552    386    362  -0.1506  +1.0000  +0.2462  -0.2508
   3332    532373   156   +5.856   11228    236    354  -0.0393  +0.9469  +0.1748  +0.1883
   3333    532532   159   +3.876   11204    314    299  -0.1184  +0.9406  +0.2916  -0.1091
   3334    532691   159   +5.186   11241    196    195  +0.0663  +0.9504  +0.4750  +0.4338
   3335    532857   166   +3.645    9702    319    372  -0.2985  +0.5465  -0.1299  -0.2405
   3336    533020   163   +4.041   10657    248    270  -0.1230  +0.7970  +0.0496  +0.0759
   3337    533186   166   +4.864   12846    408    371  -0.1343  +1.0000  +0.2965  -0.2131
   3338    533344   158   +5.088   10833    256    378  -0.1061  +0.8433  +0.1595  +0.0569
   3339    533505   161   +5.894   12240    325    341  -0.0857  +1.0000  +0.3213  -0.0593
   3340    533662   157   +5.197   11687    258    302  -0.0415  +1.0000  +0.1848  +0.1333
   3341    533824   162   +1.796    9451    232    293  -0.2519  +0.4806  -0.2700  +0.0166
   3342    533979   155   +2.756   10131    186    251  -0.0722  +0.6591  +0.0176  +0.3591
   3343    534139   160   +2.385    9881    262    201  -0.2213  +0.5935  -0.0263  -0.0569
   3344    534304   165   +4.077   10574    253    355  -0.1511  +0.7753  -0.0893  +0.0466
   3345    534464   160   +2.327   10114    325    279  -0.2468  +0.6547  +0.0584  -0.2210
   3346    534622   158   +5.049   11804    265    295  -0.0396  +1.0000  +0.2579  +0.1155
   3347    534783   161   +4.158   10951    259    284  -0.1029  +0.8742  +0.1180  +0.0560
   3348    534940   157   +4.790   10779    324    392  -0.1880  +0.8292  +0.0481  -0.1669
   3349    535103   163   +5.513   11838    246    275  -0.0106  +1.0000  +0.2909  +0.2010
   3350    535262   159   +5.602   11690    218    273  +0.0236  +1.0000  +0.2209  +0.3382
   3351    535418   156   +3.404   10506    370    332  -0.2210  +0.7575  +0.2639  -0.2891
   3352    535574   156   +4.682   10898    175    213  +0.0893  +0.8603  +0.5103  +0.5557
   3353    535734   160   +5.554   11534    197    253  +0.0669  +1.0000  +0.2790  +0.4609
   3354    535892   158   +2.361    9519    254    346  -0.2673  +0.4984  -0.2270  -0.0641
   3355    536050   158   +2.815   10366    340    306  -0.2265  +0.7206  +0.1472  -0.2379
   3356    536213   163   +5.568   11407    257    340  -0.0568  +0.9939  +0.1235  +0.1079
   3357    536376   163   +4.341   10991    251    337  -0.0988  +0.8847  +0.0152  +0.0951
   3358    536540   164   +2.713    9599    376    312  -0.3269  +0.5195  +0.0172  -0.3616
   3359    536695   155   +2.298    9370    220    241  -0.2131  +0.4594  +0.0208  +0.0664
   3360    536859   164   +0.073    8976    335    229  -0.3720  +0.3558  -0.1203  -0.3296
   3361    537019   160   +4.000   10931    269    270  -0.1104  +0.8691  +0.1800  +0.0146
   3362    537176   157   +5.052   11596    286    312  -0.0506  +1.0000  +0.4469  +0.0156
   3363    537338   162   +6.631   12562    253    358  -0.0132  +1.0000  +0.1490  +0.2398
   3364    537500   162   +2.610    9241    262    393  -0.3101  +0.4254  -0.3084  -0.1188
   3365    537666   166   +2.791    9446    334    368  -0.3439  +0.4793  -0.2574  -0.2934
   3366    537829   163   +6.232   11943    316    416  -0.1041  +1.0000  +0.1261  -0.0556
   3367    537988   159   +5.176   12146    348    356  -0.1048  +1.0000  +0.3367  -0.1282
   3368    538148   160   +1.400    8957    195    263  -0.2330  +0.3508  -0.1659  +0.1486
   3369    538309   161   +4.166   11224    329    315  -0.1385  +0.9459  +0.1914  -0.1471
   3370    538462   153   +4.181   10542    165    279  +0.0670  +0.7669  +0.3555  +0.6014
   3371    538622   160   +5.139   11733    304    364  -0.0848  +1.0000  +0.2547  -0.0343
   3372    538785   163   +3.247   10434    324    272  -0.2124  +0.7387  +0.1121  -0.1943
   3373    538949   164   +5.440   11521    240    352  -0.0208  +1.0000  +0.1911  +0.2002
   3374    539107   158   +4.741   11456    284    369  -0.0909  +1.0000  +0.0618  +0.0098
   3375    539267   160   +5.223   10969    264    335  -0.1110  +0.8789  +0.0791  +0.0379
   3376    539427   160   +0.299    8210    268    300  -0.4192  +0.1547  -0.3806  -0.2328
   3377    539587   160   +3.848   10332    238    270  -0.1373  +0.7119  +0.0909  +0.0855
   3378    539742   155   +4.066   10876    318    354  -0.1627  +0.8545  +0.1686  -0.1439
   3379    539903   161   +4.510   10790    284    339  -0.1481  +0.8321  +0.0848  -0.0485
   3380    540070   167   +3.153   10795    279    245  -0.1514  +0.8334  +0.0007  -0.0328
   3381    540228   158   +4.644   10770    213    323  -0.0458  +0.8267  +0.1839  +0.2636
   3382    540394   166   +2.406    9993    292    307  -0.2389  +0.6229  -0.0175  -0.1428
   3383    540553   159   +3.375   10789    287    255  -0.1354  +0.8318  +0.2509  -0.0615
   3384    540716   163   +2.275    9637    285    345  -0.2808  +0.5294  -0.1665  -0.1550
   3385    540882   166   +3.836   11319    338    287  -0.1283  +0.9708  +0.2746  -0.1616
   3386    541037   155   +2.418    9852    256    270  -0.2147  +0.5857  +0.0035  -0.0383
   3387    541194   157   +2.284    9728    304    320  -0.2685  +0.5533  +0.0340  -0.2006
   3388    541352   158   +4.600   11382    282    296  -0.0813  +0.9874  +0.1907  +0.0092
   3389    541507   155   +2.911   10022    243    289  -0.1900  +0.6305  -0.0709  +0.0314
   3390    541664   157   +4.114   11888    354    301  -0.1039  +1.0000  +0.4419  -0.1602
   3391    541829   165   +1.622    8760    300    319  -0.3907  +0.2991  -0.3468  -0.2692
   3392    541990   161   +4.697   11735    265    252  -0.0410  +1.0000  +0.2701  +0.1066
   3393    542149   159   +4.009   10420    234    321  -0.1300  +0.7350  +0.0288  +0.1111
   3394    542305   156   +5.279   10609    175    294  +0.0305  +0.7844  +0.2432  +0.5120
   3395    542473   168   +4.944   10562    324    386  -0.2143  +0.7722  -0.0153  -0.1860
   3396    542636   163   +2.845   10388    266    282  -0.1670  +0.7265  +0.0868  -0.0244
   3397    542798   162   +3.865   10366    236    342  -0.1471  +0.7206  -0.0594  +0.0957
   3398    542955   157   +2.943    9914    234    345  -0.1825  +0.6021  -0.0091  +0.0595
   3399    543114   159   +3.509   10661    240    218  -0.1058  +0.7981  +0.1180  +0.1097
   3400    543276   162   +4.277   11828    309    300  -0.0897  +1.0000  +0.2353  -0.0442

  ── rolling mean (last 100 ep) ──  cum_R=+4.001  yield=10762 kg/ha  N=270  W=305 mm  R_seas=-0.1309  R_ane=+0.0298

   3401    543431   155   +4.020   10523    242    285  -0.1175  +0.7620  +0.1641  +0.0851
   3402    543593   162   +4.229   11214    289    317  -0.1131  +0.9433  +0.1038  -0.0310
   3403    543756   163   +4.731   10800    363    386  -0.2110  +0.8346  +0.0740  -0.2569
   3404    543918   162   +1.714    9224    364    303  -0.3613  +0.4209  -0.0637  -0.3670
   3405    544076   158   +1.272    9083    263    238  -0.3093  +0.3840  -0.1407  -0.1373
   3406    544234   158   +5.310   11608    259    293  -0.0431  +1.0000  +0.2107  +0.1195
   3407    544391   157   +2.827   10345    239    229  -0.1225  +0.7153  +0.2395  +0.0823
   3408    544546   155   +2.480   10222    182    204  -0.0470  +0.6828  +0.0517  +0.4077
   3409    544711   165   +3.750   10772    320    337  -0.1818  +0.8274  +0.0870  -0.1579
   3410    544874   163   +1.411    8827    245    287  -0.3174  +0.3169  -0.1682  -0.0994
   3411    545039   165   +2.561    9045    259    414  -0.3178  +0.3741  -0.2355  -0.1261
   3412    545202   163   +3.773   11630    343    272  -0.1211  +1.0000  +0.2425  -0.1512
   3413    545366   164   +5.572   12519    339    382  -0.0691  +1.0000  +0.5410  -0.0774
   3414    545518   152   +6.022   11216    195    289  +0.0470  +0.9438  +0.2837  +0.4378
   3415    545680   162   +4.600   12521    348    326  -0.0951  +1.0000  +0.3525  -0.1012
   3416    545837   157   +4.757   11883    314    332  -0.0775  +1.0000  +0.3844  -0.0532
   3417    546002   165   +4.597   11428    281    242  -0.0721  +0.9995  +0.2259  +0.0183
   3418    546159   157   +4.169   10383    230    342  -0.1158  +0.7251  +0.1438  +0.1284
   3419    546321   162   +6.004   11650    267    342  -0.0501  +1.0000  +0.2268  +0.0907
   3420    546478   157   +4.926   11425    270    294  -0.0428  +0.9987  +0.4044  +0.0568
   3421    546637   159   +4.608   10439    211    263  -0.0762  +0.7400  +0.1791  +0.2362
   3422    546799   162   +5.669   12262    253    296  -0.0076  +1.0000  +0.2869  +0.2122
   3423    546957   158   +2.378    9944    208    219  -0.1385  +0.6101  -0.0014  +0.1969
   3424    547114   157   +5.517   11887    246    268  -0.0007  +1.0000  +0.3701  +0.2078
   3425    547272   158   +2.496   10191    304    271  -0.2301  +0.6747  -0.0051  -0.1610
   3426    547429   157   +2.973   10056    292    337  -0.2256  +0.6394  +0.0613  -0.1385
   3427    547587   158   +4.663   12248    263    258  -0.0187  +1.0000  +0.3230  +0.1633
   3428    547754   167   +3.602   10724    306    317  -0.1871  +0.8147  -0.0331  -0.1249
   3429    547919   165   +4.877   10597    275    330  -0.1478  +0.7814  +0.1788  -0.0367
   3430    548079   160   +4.901   10947    224    249  -0.0490  +0.8733  +0.1651  +0.2206
   3431    548239   160   +5.487   11255    308    422  -0.1289  +0.9542  +0.0860  -0.0867
   3432    548394   155   +6.005   11687    281    392  -0.0473  +1.0000  +0.4059  +0.0403
   3433    548560   166   +5.586   11045    259    372  -0.0903  +0.8989  +0.1492  +0.0668
   3434    548708   148   +3.228    9799    183    298  -0.0882  +0.5718  +0.1284  +0.3386
   3435    548869   161   +4.132   10919    287    270  -0.1172  +0.8658  +0.3093  -0.0485
   3436    549030   161   +6.020   12049    216    275  +0.0591  +1.0000  +0.3986  +0.3974
   3437    549187   157   +4.247   11098    286    357  -0.1263  +0.9128  +0.0500  -0.0318
   3438    549344   157   +2.856   10363    289    273  -0.1865  +0.7199  +0.1421  -0.1022
   3439    549503   159   +5.907   11296    176    261  +0.1223  +0.9648  +0.4278  +0.6067
   3440    549659   156   +6.102   12053    212    243  +0.0790  +1.0000  +0.5180  +0.4239
   3441    549820   161   +5.281   11316    308    404  -0.1170  +0.9702  +0.1474  -0.0810
   3442    549980   160   +2.683   10103    279    238  -0.2011  +0.6517  +0.1451  -0.0952
   3443    550136   156   +3.964   10774    248    267  -0.1086  +0.8279  +0.0820  +0.0874
   3444    550289   153   +1.901    9025    203    251  -0.2282  +0.3687  -0.0421  +0.1129
   3445    550443   154   +5.543   11157    204    263  +0.0328  +0.9284  +0.4021  +0.3684
   3446    550600   157   +4.249   10748    208    286  -0.0449  +0.8210  +0.1230  +0.2918
   3447    550757   157   +4.277   10831    309    337  -0.1680  +0.8429  +0.0869  -0.1247
   3448    550918   161   +5.654   11345    270    350  -0.0781  +0.9777  +0.1286  +0.0487
   3449    551080   162   +5.677   11295    205    318  +0.0294  +0.9645  +0.2487  +0.3780
   3450    551240   160   +3.216   10220    282    300  -0.2028  +0.6825  +0.0528  -0.0956
   3451    551396   156   +2.735   10311    240    266  -0.1476  +0.7062  +0.0381  +0.0734
   3452    551549   153   +3.181   10214    276    307  -0.1906  +0.6807  +0.1138  -0.0739
   3453    551705   156   +3.528   10681    255    261  -0.1236  +0.8034  +0.1099  +0.0486
   3454    551864   159   +2.464    9984    335    292  -0.2738  +0.6206  -0.0253  -0.2548
   3455    552025   161   +4.033   10745    236    327  -0.1157  +0.8202  -0.1162  +0.1362
   3456    552180   155   +3.051   10183    266    278  -0.1813  +0.6726  +0.1343  -0.0429
   3457    552341   161   +3.651   11122    348    297  -0.1618  +0.9192  +0.1856  -0.2004
   3458    552503   162   +3.937    9914    298    410  -0.2527  +0.6021  -0.0240  -0.1695
   3459    552662   159   +1.904    8475    212    281  -0.3269  +0.2244  -0.3213  -0.0029
   3460    552821   159   +3.181   10832    326    269  -0.1577  +0.8430  +0.3259  -0.1701
   3461    552977   156   +7.613   11966    181    416  +0.1537  +1.0000  +0.5218  +0.6550
   3462    553136   159   +4.542   11231    261    279  -0.0596  +0.9478  +0.3072  +0.0757
   3463    553300   164   +3.910   10710    207    245  -0.0491  +0.8111  +0.1082  +0.2912
   3464    553458   158   +4.057   10946    291    346  -0.1327  +0.8728  +0.1708  -0.0601
   3465    553623   165   +1.215    9535    321    245  -0.3069  +0.5026  -0.0522  -0.2578
   3466    553789   166   +4.442   10941    276    314  -0.1108  +0.8716  +0.2463  -0.0109
   3467    553945   156   +5.153   12325    241    272  +0.0338  +1.0000  +0.5012  +0.2790
   3468    554106   161   +1.025    9494    309    237  -0.3018  +0.4919  -0.0536  -0.2313
   3469    554266   160   +4.773   11831    305    321  -0.0601  +1.0000  +0.4901  -0.0304
   3470    554419   153   +4.555   10349    237    375  -0.1468  +0.7164  -0.0297  +0.0904
   3471    554589   170   +3.919   11448    320    294  -0.1030  +1.0000  +0.2887  -0.1063
   3472    554752   163   +2.193    9409    250    286  -0.2722  +0.4695  -0.2215  -0.0582
   3473    554912   160   +2.513   10128    219    206  -0.1366  +0.6582  +0.0182  +0.1567
   3474    555074   162   +2.877   10104    275    304  -0.2159  +0.6520  -0.0411  -0.0827
   3475    555237   163   +4.978   11052    300    386  -0.1274  +0.9008  +0.2084  -0.0780
   3476    555400   163   +5.531   11176    266    339  -0.0833  +0.9332  +0.1863  +0.0492
   3477    555556   156   +2.802    9305    251    377  -0.2724  +0.4423  -0.1137  -0.0721
   3478    555712   156   -0.100    7958    260    283  -0.4440  +0.0886  -0.4534  -0.2359
   3479    555868   156   +6.732   12428    207    335  +0.0940  +1.0000  +0.4330  +0.5022
   3480    556031   163   +3.510   10733    323    384  -0.1781  +0.8170  +0.1857  -0.1696
   3481    556187   156   +0.790    9330    223    219  -0.2369  +0.4488  -0.1260  +0.0449
   3482    556349   162   +6.247   11688    232    281  +0.0144  +1.0000  +0.3671  +0.2590
   3483    556503   154   +1.950    9189    237    304  -0.2771  +0.4119  -0.2136  -0.0289
   3484    556670   167   +4.411   11844    332    297  -0.1124  +1.0000  +0.1996  -0.1078
   3485    556829   159   +5.101   11669    338    392  -0.1291  +1.0000  +0.1159  -0.1357
   3486    556989   160   +3.689   10898    287    331  -0.1375  +0.8604  +0.1237  -0.0500
   3487    557144   155   +4.897   11832    288    346  -0.0670  +1.0000  +0.2524  +0.0260
   3488    557305   161   +4.013   10804    205    250  -0.0304  +0.8356  +0.1566  +0.3167
   3489    557462   157   +1.665    9240    242    252  -0.2640  +0.4253  -0.0712  -0.0439
   3490    557617   155   +5.064   11283    207    278  +0.0266  +0.9613  +0.2733  +0.3632
   3491    557773   156   +2.027    9518    243    289  -0.2365  +0.4980  -0.0464  -0.0214
   3492    557934   161   +4.723   11136    205    226  +0.0185  +0.9228  +0.3052  +0.3577
   3493    558096   162   +3.338   10281    300    343  -0.2264  +0.6985  -0.0823  -0.1426
   3494    558260   164   +2.417   10481    351    281  -0.2282  +0.7510  +0.0998  -0.2529
   3495    558422   162   +5.480   13168    298    278  -0.0217  +1.0000  +0.4671  +0.1054
   3496    558575   153   +3.220   10658    320    323  -0.1832  +0.7975  +0.1771  -0.1678
   3497    558734   159   +2.160   10018    219    233  -0.1547  +0.6295  -0.0524  +0.1439
   3498    558895   161   +4.456   11072    267    249  -0.0913  +0.9060  +0.2085  +0.0377
   3499    559055   160   +6.051   12199    269    312  -0.0161  +1.0000  +0.4394  +0.1331
   3500    559217   162   +5.682   11427    236    323  -0.0188  +0.9992  +0.1906  +0.2079

  ── rolling mean (last 100 ep) ──  cum_R=+3.977  yield=10773 kg/ha  N=266  W=301 mm  R_seas=-0.1245  R_ane=+0.0423

   3501    559376   159   +3.059   10188    273    286  -0.1961  +0.6739  +0.0518  -0.0658
   3502    559530   154   +5.323   11145    258    312  -0.0741  +0.9252  +0.2123  +0.0778
   3503    559689   159   +3.976   10047    256    393  -0.1892  +0.6369  +0.0737  -0.0192
   3504    559850   161   +3.921   10138    262    314  -0.2004  +0.6610  -0.0614  -0.0318
   3505    560010   160   +2.934    9594    332    427  -0.3142  +0.5182  -0.1070  -0.2767
   3506    560176   166   +3.922   10696    272    287  -0.1500  +0.8072  +0.0360  -0.0179
   3507    560334   158   +4.153   10667    232    240  -0.0908  +0.7998  +0.1487  +0.1480
   3508    560494   160   +5.025   11403    274    337  -0.0769  +0.9928  +0.1256  +0.0410
   3509    560649   155   +3.347   10658    262    289  -0.1275  +0.7974  +0.1766  +0.0183
   3510    560812   163   +5.527   11640    214    260  +0.0355  +1.0000  +0.2809  +0.3581
   3511    560975   163   +3.252   11129    297    216  -0.1118  +0.9210  +0.2700  -0.0635
   3512    561134   159   +2.778    9730    203    208  -0.1631  +0.5537  -0.1042  +0.1963
   3513    561301   167   +1.151    9220    310    212  -0.3314  +0.4199  -0.0958  -0.2560
   3514    561459   158   +5.274   10638    195    303  -0.0230  +0.7922  +0.1843  +0.3640
   3515    561619   160   +3.528   10797    309    315  -0.1480  +0.8338  +0.3158  -0.1267
   3516    561778   159   +1.816    9883    248    282  -0.2051  +0.5939  -0.0185  -0.0059
   3517    561938   160   +2.410    9168    230    312  -0.2623  +0.4062  -0.1212  -0.0057
   3518    562101   163   +4.869   11390    265    262  -0.0425  +0.9894  +0.3745  +0.0758
   3519    562258   157   +5.568   11991    296    367  -0.0641  +1.0000  +0.3244  +0.0115
   3520    562419   161   +4.929   11285    259    301  -0.0567  +0.9619  +0.2613  +0.0891
   3521    562575   156   +4.697   11282    255    333  -0.0671  +0.9611  +0.1108  +0.1053
   3522    562739   164   +6.148   12088    275    339  -0.0360  +1.0000  +0.3387  +0.1005
   3523    562893   154   +1.989    9316    233    238  -0.2339  +0.4451  +0.0440  +0.0013
   3524    563054   161   +4.077   10370    227    345  -0.1225  +0.7218  +0.0429  +0.1424
   3525    563218   164   +2.973    9833    338    391  -0.2826  +0.5809  +0.0388  -0.2723
   3526    563380   162   +3.123   10765    301    335  -0.1770  +0.8255  -0.0188  -0.1048
   3527    563549   169   +5.091   11523    286    343  -0.0818  +1.0000  +0.1581  +0.0081
   3528    563709   160   +2.981    9732    244    309  -0.2147  +0.5542  -0.0257  -0.0022
   3529    563866   157   +5.626   11296    184    206  +0.0987  +0.9648  +0.4433  +0.5303
   3530    564027   161   +5.449   10822    236    322  -0.0802  +0.8405  +0.1637  +0.1444
   3531    564189   162   +5.429   11698    237    258  +0.0151  +1.0000  +0.4548  +0.2321
   3532    564352   163   +5.447   11045    230    321  -0.0460  +0.8991  +0.1912  +0.2005
   3533    564509   157   +3.486   10910    263    285  -0.1106  +0.8636  +0.1275  +0.0357
   3534    564670   161   +2.907   10391    284    327  -0.1852  +0.7274  +0.0850  -0.0851
   3535    564832   162   +5.281   10929    229    386  -0.0769  +0.8685  -0.0129  +0.1909
   3536    564991   159   +5.425   11892    241    320  -0.0128  +1.0000  +0.1646  +0.2357
   3537    565159   168   +5.601   10916    332    360  -0.1782  +0.8650  +0.0868  -0.1771
   3538    565323   164   +6.144   11011    230    418  -0.0637  +0.8900  +0.0502  +0.1959
   3539    565488   165   +4.721   11481    306    316  -0.0956  +1.0000  +0.2255  -0.0604
   3540    565640   152   +0.947    9143    220    304  -0.2647  +0.3998  -0.2646  +0.0392
   3541    565801   161   +5.569   11726    237    361  +0.0099  +1.0000  +0.3897  +0.2364
   3542    565956   155   +3.311    9897    186    334  -0.1014  +0.5977  -0.0333  +0.3296
   3543    566114   158   +4.162   10462    230    266  -0.1126  +0.7460  +0.0939  +0.1385
   3544    566271   157   +4.912   10875    254    278  -0.0859  +0.8543  +0.2996  +0.0687
   3545    566426   155   +0.420    8295    158    230  -0.2137  +0.1772  -0.1159  +0.3088
   3546    566585   159   +4.221   10192    282    377  -0.2008  +0.6750  +0.0923  -0.0960
   3547    566754   169   +2.117    9604    292    332  -0.2849  +0.5207  -0.1137  -0.1791
   3548    566916   162   +5.847   12554    232    299  +0.0424  +1.0000  +0.3685  +0.3517
   3549    567082   166   +2.995   10420    272    270  -0.1724  +0.7350  +0.0628  -0.0415
   3550    567246   164   +3.036   10378    222    245  -0.1205  +0.7239  -0.0186  +0.1681
   3551    567409   163   +4.327   10904    244    264  -0.0768  +0.8620  +0.2238  +0.1176
   3552    567572   163   +4.882   11161    281    291  -0.1105  +0.9293  +0.0940  -0.0073
   3553    567736   164   +4.708   11788    286    276  -0.0741  +1.0000  +0.1671  +0.0305
   3554    567898   162   +2.248    9928    221    261  -0.1562  +0.6058  +0.0568  +0.1223
   3555    568059   161   +2.114    9320    272    326  -0.2896  +0.4461  -0.0840  -0.1426
   3556    568219   160   +4.773   11839    306    342  -0.0866  +1.0000  +0.2273  -0.0311
   3557    568375   156   +4.451   11153    248    283  -0.0616  +0.9273  +0.1985  +0.1223
   3558    568526   151   +1.272    8688    203    302  -0.2743  +0.2802  -0.1600  +0.0721
   3559    568688   162   +5.047   11136    259    367  -0.0864  +0.9228  +0.1095  +0.0733
   3560    568854   166   +3.907   10462    260    304  -0.1630  +0.7460  -0.0134  +0.0062
   3561    569012   158   +4.661   10468    290    360  -0.1776  +0.7475  +0.1466  -0.0971
   3562    569174   162   +2.998    9862    209    267  -0.1361  +0.5885  +0.1323  +0.1786
   3563    569333   159   +3.067   10416    252    238  -0.1473  +0.7338  +0.0896  +0.0342
   3564    569487   154   +6.915   12367    232    367  +0.0473  +1.0000  +0.4768  +0.3320
   3565    569644   157   +3.911   10670    249    346  -0.1435  +0.8006  -0.1538  +0.0723
   3566    569804   160   +5.754   11665    258    362  -0.0192  +1.0000  +0.4167  +0.1303
   3567    569964   160   +5.377   10844    223    401  -0.0525  +0.8462  +0.2098  +0.2167
   3568    570129   165   +5.922   12242    268    365  -0.0244  +1.0000  +0.3318  +0.1415
   3569    570293   164   +4.746   11168    235    280  -0.0526  +0.9311  +0.0832  +0.1878
   3570    570451   158   +4.849   10781    207    317  -0.0457  +0.8296  +0.0702  +0.2995
   3571    570613   162   +6.051   11682    220    269  +0.0381  +1.0000  +0.3975  +0.3279
   3572    570771   158   +2.806    9600    241    282  -0.2300  +0.5197  -0.0856  -0.0044
   3573    570927   156   +3.269    9953    204    285  -0.1348  +0.6123  -0.0318  +0.2179
   3574    571085   158   +1.885    9854    288    292  -0.2484  +0.5864  -0.0144  -0.1451
   3575    571247   162   +5.239   11841    257    293  -0.0316  +1.0000  +0.2246  +0.1531
   3576    571405   158   +3.299   10335    257    312  -0.1734  +0.7125  -0.0316  +0.0055
   3577    571564   159   +5.896   11818    247    330  -0.0127  +1.0000  +0.2822  +0.1971
   3578    571727   163   +4.867   10279    239    400  -0.1585  +0.6978  -0.0593  +0.0766
   3579    571883   156   +4.479   10403    235    382  -0.1393  +0.7304  -0.0421  +0.1078
   3580    572043   160   +6.575   11736    214    384  +0.0269  +1.0000  +0.1593  +0.3700
   3581    572206   163   +6.204   11887    206    268  +0.0723  +1.0000  +0.3944  +0.4428
   3582    572366   160   +2.959    9816    217    337  -0.1717  +0.5764  -0.0480  +0.1300
   3583    572526   160   +3.403   10049    331    406  -0.2678  +0.6375  -0.0474  -0.2414
   3584    572682   156   +5.287   11166    249    353  -0.0706  +0.9307  +0.1036  +0.1213
   3585    572849   167   +2.742   10163    259    271  -0.1934  +0.6674  -0.0414  -0.0204
   3586    573011   162   +4.509   10819    242    312  -0.0925  +0.8396  +0.1223  +0.1180
   3587    573167   156   +3.405    9792    150    210  +0.0211  +0.5701  +0.2420  +0.6370
   3588    573330   163   +3.262   10446    280    282  -0.1681  +0.7417  +0.1666  -0.0673
   3589    573487   157   +5.381   11136    222    326  -0.0295  +0.9229  +0.1341  +0.2547
   3590    573650   163   +5.317   11275    247    372  -0.0351  +0.9593  +0.3275  +0.1410
   3591    573808   158   +5.625   12112    229    242  +0.0380  +1.0000  +0.4073  +0.3243
   3592    573974   166   +2.872   10074    257    289  -0.1967  +0.6441  -0.0158  -0.0206
   3593    574134   160   +3.568   10679    302    281  -0.1702  +0.8029  +0.1422  -0.1172
   3594    574299   165   +5.082   11095    233    230  -0.0458  +0.9121  +0.1956  +0.1888
   3595    574461   162   +3.013   10444    270    296  -0.1743  +0.7412  -0.0033  -0.0310
   3596    574618   157   +3.265    9544    209    315  -0.1759  +0.5051  +0.0534  +0.1416
   3597    574778   160   +2.982   10350    280    308  -0.1997  +0.7165  -0.0572  -0.0769
   3598    574937   159   +5.097   11629    230    281  +0.0150  +1.0000  +0.3593  +0.2635
   3599    575098   161   +3.432   10254    259    302  -0.1790  +0.6914  +0.0136  -0.0105
   3600    575261   163   +5.230   11027    248    305  -0.0612  +0.8941  +0.3218  +0.1102

  ── rolling mean (last 100 ep) ──  cum_R=+4.138  yield=10704 kg/ha  N=251  W=309 mm  R_seas=-0.1153  R_ane=+0.0871

   3601    575423   162   +3.979   10889    268    280  -0.1242  +0.8581  +0.0598  +0.0178
   3602    575590   167   +4.715   10851    221    208  -0.0402  +0.8481  +0.2990  +0.2264
   3603    575754   164   +2.837   10325    321    317  -0.2328  +0.7100  -0.0172  -0.1953
   3604    575913   159   +5.117   11621    249    304  -0.0215  +1.0000  +0.2803  +0.1682
   3605    576071   158   +5.251   10573    290    426  -0.1761  +0.7752  +0.0670  -0.0888
   3606    576228   157   +3.982   10288    213    336  -0.1232  +0.7002  -0.1014  +0.2064
   3607    576384   156   +3.002   10087    236    320  -0.1783  +0.6474  -0.1098  +0.0695
   3608    576546   162   +3.597   10484    231    221  -0.1125  +0.7518  +0.0871  +0.1360
   3609    576701   155   +3.049    9905    206    205  -0.1350  +0.5996  +0.0435  +0.2026
   3610    576861   160   +6.128   11634    294    434  -0.0835  +1.0000  +0.2012  -0.0122
   3611    577028   167   +3.865   10537    293    343  -0.1863  +0.7657  +0.0230  -0.1002
   3612    577186   158   +3.855   10207    250    386  -0.1669  +0.6789  +0.0661  +0.0226
   3613    577339   153   +0.839    8749    169    189  -0.1720  +0.2963  +0.0841  +0.2915
   3614    577496   157   +6.284   11851    216    305  +0.0688  +1.0000  +0.5827  +0.3686
   3615    577652   156   +6.361   11248    229    378  -0.0077  +0.9522  +0.3593  +0.2276
   3616    577822   170   +5.853   12049    236    274  +0.0033  +1.0000  +0.2033  +0.2766
   3617    577978   156   +3.631   10847    214    303  -0.0505  +0.8469  +0.0787  +0.2663
   3618    578139   161   +5.136   10945    265    351  -0.1276  +0.8726  -0.0525  +0.0317
   3619    578298   159   +6.582   11680    219    352  +0.0365  +1.0000  +0.3731  +0.3306
   3620    578457   159   +4.583   11234    265    301  -0.0845  +0.9484  +0.1038  +0.0601
   3621    578619   162   +4.575   10747    235    266  -0.0908  +0.8206  +0.1071  +0.1443
   3622    578780   161   +3.645   10529    207    246  -0.0684  +0.7635  +0.0998  +0.2692
   3623    578936   156   +5.920   11521    199    246  +0.0751  +1.0000  +0.4020  +0.4486
   3624    579095   159   +6.388   12623    235    275  +0.0499  +1.0000  +0.4638  +0.3450
   3625    579251   156   +5.077   10980    204    320  -0.0113  +0.8819  +0.1482  +0.3446
   3626    579413   162   +3.720   10204    230    260  -0.1298  +0.6781  +0.1769  +0.1101
   3627    579571   158   +1.781    9510    245    228  -0.2507  +0.4960  -0.1556  -0.0305
   3628    579732   161   +3.898   10700    251    323  -0.1215  +0.8084  +0.0690  +0.0651
   3629    579888   156   +5.635   11166    212    323  +0.0100  +0.9308  +0.3142  +0.3196
   3630    580048   160   +4.223   11227    260    326  -0.0928  +0.9467  -0.0373  +0.0809
   3631    580214   166   +2.727   10029    204    195  -0.1152  +0.6322  +0.0726  +0.2315
   3632    580369   155   +5.174   11457    275    298  -0.0452  +1.0000  +0.4261  +0.0407
   3633    580530   161   +6.434   11815    297    374  -0.0763  +1.0000  +0.2551  -0.0060
   3634    580692   162   +7.081   13298    243    379  +0.0610  +1.0000  +0.5070  +0.3678
   3635    580849   157   +3.546   10703    200    228  -0.0353  +0.8093  +0.1211  +0.3343
   3636    581016   167   +1.298    8624    267    304  -0.3691  +0.2636  -0.2704  -0.1931
   3637    581174   158   +3.673   10722    232    255  -0.0954  +0.8142  +0.0412  +0.1565
   3638    581338   164   +5.459   11586    236    286  -0.0131  +1.0000  +0.1916  +0.2258
   3639    581493   155   +6.004   11650    223    249  +0.0280  +1.0000  +0.3683  +0.3039
   3640    581661   168   +3.292   10422    292    319  -0.1848  +0.7355  +0.1399  -0.1089
   3641    581826   165   +5.258   11378    262    299  -0.0554  +0.9864  +0.2287  +0.0837
   3642    581981   155   +4.770   10671    214    311  -0.0575  +0.8009  +0.1870  +0.2454
   3643    582140   159   +2.784    9329    272    414  -0.2934  +0.4486  -0.1290  -0.1423
   3644    582305   165   +2.174    9532    348    426  -0.3285  +0.5019  -0.0952  -0.3149
   3645    582467   162   +5.002   10508    218    316  -0.0895  +0.7581  +0.0997  +0.2033
   3646    582628   161   +4.361   10671    242    294  -0.1061  +0.8009  +0.1266  +0.1034
   3647    582787   159   +4.228   10897    239    271  -0.0919  +0.8602  +0.0078  +0.1409
   3648    582944   157   +4.096   10119    176    302  -0.0342  +0.6559  +0.1490  +0.4355
   3649    583102   158   +3.875   10202    217    271  -0.1191  +0.6776  +0.0849  +0.1768
   3650    583265   163   +3.127   10154    245    281  -0.1700  +0.6651  +0.0246  +0.0374
   3651    583419   154   +4.070   10245    203    266  -0.0838  +0.6889  +0.1539  +0.2620
   3652    583585   166   +6.147   12280    248    359  -0.0003  +1.0000  +0.2758  +0.2405
   3653    583743   158   +5.675   11242    231    356  -0.0295  +0.9506  +0.1774  +0.2170
   3654    583903   160   +6.636   12279    252    429  -0.0015  +1.0000  +0.3376  +0.2158
   3655    584072   169   +5.859   11358    246    293  -0.0451  +0.9810  +0.1332  +0.1546
   3656    584231   159   +5.516   11773    232    334  +0.0102  +1.0000  +0.2937  +0.2694
   3657    584388   157   +2.880   10146    183    306  -0.0524  +0.6630  +0.1082  +0.3882
   3658    584545   157   +4.463   10391    192    348  -0.0508  +0.7274  +0.0840  +0.3559
   3659    584710   165   +2.950   10203    261    250  -0.1949  +0.6781  -0.0756  -0.0227
   3660    584871   161   +4.461   10856    231    307  -0.0767  +0.8493  +0.0804  +0.1764
   3661    585039   168   +3.554    9640    222    347  -0.1944  +0.5301  -0.0254  +0.0853
   3662    585196   157   +4.147   10962    252    316  -0.0936  +0.8772  +0.1046  +0.0888
   3663    585350   154   +5.551   11329    206    208  +0.0476  +0.9735  +0.4182  +0.3745
   3664    585512   162   +2.562    9972    218    234  -0.1536  +0.6174  -0.0169  +0.1459
   3665    585673   161   +0.696    8831    180    232  -0.2047  +0.3179  -0.0655  +0.2242
   3666    585830   157   +5.866   11731    199    277  +0.0791  +1.0000  +0.3611  +0.4756
   3667    585984   154   +2.542    9759    175    256  -0.0775  +0.5614  +0.0839  +0.3911
   3668    586146   162   +4.439   10443    225    327  -0.1133  +0.7410  +0.0360  +0.1594
   3669    586307   161   +2.692    9770    246    321  -0.2233  +0.5643  -0.1190  -0.0083
   3670    586467   160   +3.102    9900    198    240  -0.1061  +0.5985  +0.1796  +0.2523
   3671    586634   167   +4.148   11067    272    235  -0.1153  +0.9047  +0.0320  +0.0178
   3672    586799   165   +3.443   10378    276    341  -0.1778  +0.7239  +0.0876  -0.0584
   3673    586960   161   +3.225    9697    250    278  -0.2305  +0.5451  -0.0812  -0.0289
   3674    587123   163   +5.727   11553    256    384  -0.0504  +1.0000  +0.1181  +0.1261
   3675    587288   165   +5.026   11448    264    265  -0.0583  +1.0000  +0.1617  +0.0851
   3676    587448   160   +2.126    9468    238    235  -0.2414  +0.4850  -0.1099  -0.0054
   3677    587606   158   +3.757   10650    269    282  -0.1354  +0.7952  +0.1917  -0.0112
   3678    587772   166   +2.802   10386    299    220  -0.1934  +0.7259  +0.1449  -0.1311
   3679    587926   154   +4.140   10205    191    260  -0.0483  +0.6786  +0.2887  +0.3360
   3680    588089   163   +4.558   10732    231    247  -0.0795  +0.8168  +0.1782  +0.1615
   3681    588246   157   +5.093   10529    225    330  -0.0915  +0.7636  +0.1734  +0.1676
   3682    588404   158   +4.793   10702    199    317  -0.0355  +0.8091  +0.0776  +0.3470
   3683    588561   157   +4.578   11000    232    229  -0.0461  +0.8870  +0.2578  +0.1877
   3684    588722   161   +1.985    9087    232    308  -0.2799  +0.3851  -0.2058  -0.0188
   3685    588885   163   +6.303   12224    224    236  +0.0512  +1.0000  +0.4240  +0.3627
   3686    589051   166   +1.600    9158    276    273  -0.3217  +0.4037  -0.2133  -0.1711
   3687    589209   158   +4.582   11288    232    309  -0.0224  +0.9627  +0.2149  +0.2182
   3688    589374   165   +4.340   10747    255    235  -0.1228  +0.8207  +0.0597  +0.0536
   3689    589532   158   +2.460    9917    251    309  -0.2096  +0.6028  -0.0666  -0.0123
   3690    589697   165   +4.909   11015    280    295  -0.1107  +0.8910  +0.2184  -0.0175
   3691    589852   155   +0.700    8893    212    316  -0.2831  +0.3342  -0.3076  +0.0470
   3692    590011   159   +6.088   11589    209    359  +0.0515  +1.0000  +0.3632  +0.3840
   3693    590172   161   +5.804   11485    250    396  -0.0379  +1.0000  +0.1709  +0.1499
   3694    590329   157   +4.433   11183    259    241  -0.0477  +0.9352  +0.4484  +0.0789
   3695    590488   159   +4.156   10533    190    340  -0.0385  +0.7645  +0.0275  +0.3837
   3696    590647   159   +4.543   10925    210    364  -0.0270  +0.8674  +0.1496  +0.3038
   3697    590807   160   +3.897   10361    238    308  -0.1511  +0.7195  -0.0811  +0.0904
   3698    590968   161   +5.684   11578    253    334  -0.0356  +1.0000  +0.2124  +0.1438
   3699    591126   158   +6.015   12678    243    303  +0.0445  +1.0000  +0.5352  +0.3034
   3700    591284   158   +7.004   12937    209    357  +0.1193  +1.0000  +0.5544  +0.5461

  ── rolling mean (last 100 ep) ──  cum_R=+4.296  yield=10755 kg/ha  N=237  W=300 mm  R_seas=-0.0922  R_ane=+0.1541

   3701    591447   163   +5.406   11167    255    352  -0.0631  +0.9310  +0.2525  +0.0964
   3702    591611   164   +5.509   11380    222    294  -0.0106  +0.9868  +0.0900  +0.2789
   3703    591775   164   +3.379   10508    310    375  -0.2045  +0.7581  +0.0196  -0.1533
   3704    591931   156   +2.005    9553    248    257  -0.2236  +0.5073  +0.1009  -0.0351
   3705    592087   156   -0.310    7667    219    240  -0.4043  +0.0124  -0.2055  -0.1230
   3706    592247   160   +2.962    9722    221    364  -0.1900  +0.5518  -0.0761  +0.0990
   3707    592405   158   +3.740   10766    254    336  -0.1127  +0.8256  +0.1312  +0.0593
   3708    592562   157   +2.250    8910    219    337  -0.2803  +0.3386  -0.2047  +0.0186
   3709    592722   160   +3.918   10739    249    265  -0.1163  +0.8187  +0.0514  +0.0795
   3710    592883   161   +2.560    9287    231    317  -0.2508  +0.4374  -0.1151  +0.0044
   3711    593043   160   +4.738   10597    200    406  -0.0616  +0.7815  -0.0425  +0.3242
   3712    593202   159   +4.209   10928    251    305  -0.0998  +0.8681  +0.0616  +0.0902
   3713    593363   161   +6.457   12601    244    363  +0.0435  +1.0000  +0.5580  +0.2924
   3714    593517   154   +0.932    8852    256    289  -0.3260  +0.3234  -0.1662  -0.1341
   3715    593675   158   +6.189   11242    218    376  +0.0083  +0.9507  +0.3448  +0.2873
   3716    593834   159   +3.550   10974    225    279  -0.0503  +0.8804  +0.1416  +0.2181
   3717    593991   157   +4.897   11054    226    281  -0.0394  +0.9013  +0.1858  +0.2224
   3718    594150   159   +4.135   10948    226    302  -0.0649  +0.8734  +0.0301  +0.2125
   3719    594308   158   +3.473   10630    252    211  -0.1273  +0.7899  +0.0838  +0.0560
   3720    594469   161   +5.039   10868    251    349  -0.1054  +0.8525  +0.0714  +0.0811
   3721    594631   162   +4.996   11200    244    323  -0.0466  +0.9397  +0.2485  +0.1455
   3722    594790   159   +3.703   10466    278    346  -0.1585  +0.7471  +0.2247  -0.0593
   3723    594954   164   +4.851   11066    246    300  -0.0791  +0.9046  +0.0725  +0.1248
   3724    595112   158   +4.843   11639    255    286  -0.0249  +1.0000  +0.3273  +0.1411
   3725    595271   159   +4.645   10544    240    376  -0.1094  +0.7675  +0.1866  +0.1003
   3726    595432   161   +6.377   12560    268    362  +0.0090  +1.0000  +0.5751  +0.1717
   3727    595591   159   +5.976   11369    259    357  -0.0563  +0.9841  +0.1829  +0.0980
   3728    595752   161   +2.972    9333    241    350  -0.2660  +0.4497  -0.1832  -0.0335
   3729    595914   162   +3.771   10910    256    241  -0.0826  +0.8636  +0.3188  +0.0653
   3730    596074   160   +3.063    9980    227    375  -0.1760  +0.6195  -0.1052  +0.0990
   3731    596229   155   +3.712   10322    220    279  -0.1070  +0.7092  +0.1460  +0.1705
   3732    596386   157   +4.901   11025    224    264  -0.0310  +0.8937  +0.2670  +0.2296
   3733    596542   156   +3.202   10266    221    300  -0.1158  +0.6945  +0.1181  +0.1626
   3734    596706   164   +2.413   10174    334    359  -0.2473  +0.6705  +0.0635  -0.2374
   3735    596870   164   +6.426   12704    242    333  +0.0373  +1.0000  +0.4402  +0.3108
   3736    597031   161   +5.134   11476    268    347  -0.0629  +1.0000  +0.1621  +0.0696
   3737    597186   155   +5.083   10800    231    340  -0.0701  +0.8345  +0.2014  +0.1704
   3738    597343   157   +1.825    9705    256    334  -0.2519  +0.5472  -0.2245  -0.0541
   3739    597501   158   +5.087   11758    247    332  -0.0061  +1.0000  +0.3748  +0.1880
   3740    597656   155   +4.953   10742    200    357  -0.0348  +0.8195  +0.0839  +0.3399
   3741    597816   160   +4.979   10352    247    388  -0.1528  +0.7170  +0.0401  +0.0466
   3742    597984   168   +4.419   11774    304    274  -0.1009  +1.0000  +0.0850  -0.0312
   3743    598140   156   +2.415    9805    204    252  -0.1557  +0.5736  -0.0888  +0.1992
   3744    598301   161   +4.194   10998    235    250  -0.0696  +0.8867  +0.0701  +0.1723
   3745    598459   158   +4.721   11143    219    221  -0.0150  +0.9246  +0.2268  +0.2705
   3746    598614   155   +4.308   11072    208    281  -0.0114  +0.9061  +0.1281  +0.3308
   3747    598774   160   +4.068   10692    232    256  -0.0809  +0.8063  +0.2257  +0.1499
   3748    598928   154   +3.999   10422    184    252  -0.0297  +0.7354  +0.0764  +0.4155
   3749    599085   157   +6.892   11749    214    456  +0.0411  +1.0000  +0.2878  +0.3743
   3750    599238   153   +7.127   12835    211    324  +0.1168  +1.0000  +0.5974  +0.5234
   3751    599397   159   +2.576    9113    251    364  -0.2924  +0.3919  -0.1303  -0.0911
   3752    599560   163   +6.020   11196    248    392  -0.0600  +0.9385  +0.1687  +0.1285
   3753    599718   158   +4.794   10998    213    224  -0.0279  +0.8867  +0.1341  +0.2900
   3754    599880   162   +5.004   10518    222    358  -0.1044  +0.7606  +0.0016  +0.1842
   3755    600042   162   +3.946   10130    237    314  -0.1444  +0.6586  +0.2068  +0.0675
   3756    600206   164   +3.508   10737    249    295  -0.1277  +0.8182  -0.0556  +0.0778
   3757    600366   160   +4.127   10620    259    292  -0.1361  +0.7873  +0.1000  +0.0235
   3758    600524   158   +4.536   11169    263    298  -0.0907  +0.9316  +0.0795  +0.0616
   3759    600683   159   +7.146   12496    224    411  +0.0649  +1.0000  +0.4566  +0.3976
   3760    600847   164   +4.586   11133    254    331  -0.0797  +0.9222  +0.1112  +0.0956
   3761    601008   161   +4.070   10124    227    275  -0.1282  +0.6572  +0.2310  +0.1145
   3762    601163   155   +6.282   11532    204    251  +0.0753  +1.0000  +0.5179  +0.4118
   3763    601317   154   +4.210   10786    198    211  -0.0012  +0.8309  +0.3322  +0.3583
   3764    601480   163   +3.967   10894    250    252  -0.0972  +0.8593  +0.1048  +0.0916
   3765    601643   163   +5.623   11441    234    219  +0.0057  +1.0000  +0.3938  +0.2209
   3766    601806   163   +5.365   11206    220    288  -0.0079  +0.9412  +0.2442  +0.2746
   3767    601965   159   +4.194   11038    257    265  -0.0817  +0.8971  +0.2141  +0.0755
   3768    602124   159   +5.834   11420    217    256  +0.0214  +0.9974  +0.2683  +0.3176
   3769    602285   161   +4.149    9988    242    309  -0.1685  +0.6216  +0.1704  +0.0300
   3770    602447   162   +6.690   12282    247    395  -0.0023  +1.0000  +0.2502  +0.2424
   3771    602607   160   +5.187   11376    288    315  -0.0762  +0.9858  +0.3114  -0.0127
   3772    602771   164   +4.139   10151    286    366  -0.2293  +0.6644  -0.1127  -0.1138
   3773    602932   161   +3.927   10479    261    312  -0.1564  +0.7504  +0.0488  +0.0038
   3774    603093   161   +6.430   12422    241    328  +0.0275  +1.0000  +0.4068  +0.2893
   3775    603253   160   +5.378   11714    242    335  -0.0215  +1.0000  +0.1538  +0.2105
   3776    603416   163   +3.491   10702    295    305  -0.1708  +0.8089  +0.0524  -0.0943
   3777    603577   161   +5.693   11385    258    368  -0.0607  +0.9883  +0.1186  +0.1013
   3778    603735   158   +3.474   10307    226    270  -0.1229  +0.7052  +0.0958  +0.1375
   3779    603899   164   +5.455   11384    239    326  -0.0318  +0.9880  +0.1410  +0.1904
   3780    604054   155   +3.596   10237    218    390  -0.1394  +0.6868  -0.1407  +0.1766
   3781    604216   162   +3.123   10269    248    238  -0.1626  +0.6952  +0.0337  +0.0340
   3782    604376   160   +4.758   10874    250    244  -0.0802  +0.8542  +0.2972  +0.0885
   3783    604532   156   +4.282   10864    227    256  -0.0533  +0.8516  +0.2557  +0.1943
   3784    604687   155   +6.210   12367    193    318  +0.1329  +1.0000  +0.5066  +0.6015
   3785    604846   159   +2.674    9319    246    329  -0.2549  +0.4459  -0.0086  -0.0516
   3786    605005   159   +5.196   11377    242    349  -0.0389  +0.9861  +0.1181  +0.1758
   3787    605171   166   +2.173   10165    290    297  -0.2279  +0.6679  -0.0809  -0.1227
   3788    605334   163   +5.165   11059    244    304  -0.0471  +0.9025  +0.3689  +0.1345
   3789    605498   164   +3.090   10356    234    252  -0.1510  +0.7181  -0.1278  +0.1076
   3790    605663   165   +4.602   10949    237    316  -0.0696  +0.8738  +0.1542  +0.1550
   3791    605821   158   +3.213    9701    238    411  -0.2269  +0.5462  -0.1863  +0.0173
   3792    605981   160   +4.234   10671    219    260  -0.0715  +0.8009  +0.1232  +0.2198
   3793    606141   160   +4.593   11337    261    262  -0.0531  +0.9755  +0.2762  +0.0848
   3794    606299   158   +2.833    9311    262    306  -0.2619  +0.4437  +0.1102  -0.1130
   3795    606459   160   +2.506   10127    237    250  -0.1752  +0.6580  -0.1036  +0.0688
   3796    606630   171   +4.601   11045    257    347  -0.0819  +0.8989  +0.2124  +0.0738
   3797    606784   154   +1.788    9635    277    284  -0.2483  +0.5290  +0.0875  -0.1308
   3798    606945   161   +2.867    9717    271    329  -0.2475  +0.5504  -0.0382  -0.1044
   3799    607103   158   +5.414   11144    243    344  -0.0570  +0.9248  +0.1794  +0.1463
   3800    607262   159   +7.351   12408    215    348  +0.0865  +1.0000  +0.5335  +0.4438

  ── rolling mean (last 100 ep) ──  cum_R=+4.342  yield=10789 kg/ha  N=242  W=312 mm  R_seas=-0.0967  R_ane=+0.1291

   3801    607429   167   +5.764   11222    243    398  -0.0561  +0.9455  +0.1089  +0.1554
   3802    607590   161   +3.825   10094    243    398  -0.1864  +0.6494  -0.1024  +0.0382
   3803    607749   159   +3.398    9777    254    304  -0.2217  +0.5661  -0.0140  -0.0393
   3804    607911   162   +5.876   11977    239    283  +0.0114  +1.0000  +0.3542  +0.2533
   3805    608070   159   +5.879   11261    227    418  -0.0119  +0.9556  +0.2713  +0.2403
   3806    608229   159   +5.029   10980    279    336  -0.1119  +0.8820  +0.2266  -0.0169
   3807    608394   165   +4.515   11064    263    317  -0.1074  +0.9039  +0.0070  +0.0530
   3808    608526   132   -5.856       0    454    172  -1.0000  -1.0000  -1.0000  -1.0000
   3809    608691   165   +5.674   12341    238    293  +0.0377  +1.0000  +0.4856  +0.2971
   3810    608852   161   +3.489   10151    237    292  -0.1647  +0.6643  -0.0229  +0.0717
   3811    609012   160   +6.094   12236    252    366  +0.0085  +1.0000  +0.4454  +0.2132
   3812    609164   152   +4.625   10217    221    353  -0.1120  +0.6817  +0.2022  +0.1577
   3813    609325   161   +3.142    9618    237    321  -0.2261  +0.5243  -0.1202  +0.0163
   3814    609489   164   +4.318   10308    230    328  -0.1203  +0.7055  +0.1733  +0.1198
   3815    609650   161   +3.927   10682    268    267  -0.1292  +0.8037  +0.2136  -0.0051
   3816    609805   155   +2.104   10008    230    205  -0.1761  +0.6268  -0.0864  +0.0861
   3817    609964   159   +2.141    9217    236    364  -0.2670  +0.4191  -0.1459  -0.0239
   3818    610125   161   +6.101   11845    246    338  -0.0034  +1.0000  +0.3554  +0.2037
   3819    610290   165   +3.824   10823    270    262  -0.1466  +0.8406  -0.0794  +0.0041
   3820    610447   157   +3.664   10703    229    195  -0.0846  +0.8093  +0.1309  +0.1668
   3821    610606   159   +5.196   12310    292    310  -0.0274  +1.0000  +0.5619  +0.0547
   3822    610763   157   +3.293   10030    296    339  -0.2386  +0.6326  -0.0107  -0.1521
   3823    610925   162   +3.979   10871    270    303  -0.1275  +0.8533  +0.0661  +0.0086
   3824    611073   148   +6.588   11551    197    333  +0.0982  +1.0000  +0.5673  +0.4686
   3825    611235   162   +1.198    9304    310    242  -0.3192  +0.4421  -0.0455  -0.2506
   3826    611400   165   +2.255    9021    278    349  -0.3346  +0.3677  -0.2024  -0.1877
   3827    611565   165   +3.020   10100    316    291  -0.2397  +0.6509  +0.0758  -0.1999
   3828    611728   163   +4.658   11574    248    257  -0.0325  +1.0000  +0.1823  +0.1641
   3829    611892   164   +5.340   12110    279    323  -0.0346  +1.0000  +0.3939  +0.0867
   3830    612053   161   +3.137    9987    247    247  -0.1861  +0.6213  +0.0475  +0.0127
   3831    612211   158   +3.548   10086    234    336  -0.1607  +0.6473  +0.0435  +0.0772
   3832    612369   158   +4.386   11397    277    300  -0.0586  +0.9913  +0.3480  +0.0294
   3833    612527   158   +5.220   10974    225    359  -0.0518  +0.8804  +0.1234  +0.2191
   3834    612692   165   +2.911    9665    263    344  -0.2509  +0.5368  -0.1122  -0.0797
   3835    612855   163   +2.178    9048    238    321  -0.2897  +0.3749  -0.1823  -0.0506
   3836    613018   163   +3.193   10071    270    326  -0.2028  +0.6434  +0.0638  -0.0666
   3837    613178   160   +4.111   10664    271    336  -0.1515  +0.7988  +0.0328  -0.0151
   3838    613350   172   +4.197   11184    284    248  -0.1119  +0.9355  +0.0882  -0.0155
   3839    613510   160   +5.644   11452    238    305  -0.0003  +1.0000  +0.3957  +0.2005
   3840    613667   157   +4.843   11223    237    312  -0.0348  +0.9456  +0.2352  +0.1843
   3841    613826   159   +5.118   11494    237    257  -0.0084  +1.0000  +0.2766  +0.2131
   3842    613991   165   +5.332   12129    255    288  +0.0058  +1.0000  +0.4904  +0.1891
   3843    614155   164   +4.225   11194    283    297  -0.0986  +0.9381  +0.2035  -0.0115
   3844    614316   161   +3.333   10105    257    303  -0.1877  +0.6523  +0.0472  -0.0183
   3845    614475   159   +6.276   11532    251    346  -0.0310  +1.0000  +0.2480  +0.1475
   3846    614637   162   +3.771   10049    228    354  -0.1637  +0.6375  -0.0385  +0.1026
   3847    614802   165   +4.357   10692    280    334  -0.1609  +0.8063  +0.0116  -0.0454
   3848    614962   160   +4.641   11489    254    255  -0.0307  +1.0000  +0.3002  +0.1308
   3849    615120   158   +3.038    9624    223    318  -0.1964  +0.5261  -0.0118  +0.0774
   3850    615280   160   +5.300   11727    237    300  +0.0056  +1.0000  +0.3513  +0.2347
   3851    615433   153   +4.275   10238    210    340  -0.1107  +0.6873  +0.0226  +0.2174
   3852    615593   160   +4.305   10397    237    313  -0.1348  +0.7288  +0.0413  +0.0962
   3853    615752   159   +4.598   10552    256    322  -0.1265  +0.7696  +0.2213  +0.0298
   3854    615908   156   +5.320   11368    227    272  +0.0105  +0.9838  +0.3934  +0.2508
   3855    616065   157   +4.661   11108    244    347  -0.0694  +0.9154  +0.1038  +0.1380
   3856    616229   164   +5.186   11293    240    332  -0.0485  +0.9641  +0.0782  +0.1754
   3857    616386   157   +2.746   10174    224    340  -0.1422  +0.6702  -0.0020  +0.1347
   3858    616545   159   +2.106    9895    289    283  -0.2423  +0.5970  +0.0154  -0.1437
   3859    616704   159   +4.690   10407    268    427  -0.1687  +0.7316  +0.0703  -0.0286
   3860    616862   158   +4.109   10850    265    299  -0.1244  +0.8478  +0.0648  +0.0238
   3861    617022   160   +2.312    9730    239    270  -0.2152  +0.5537  -0.0940  +0.0193
   3862    617188   166   +3.192   10488    282    244  -0.1829  +0.7528  -0.0048  -0.0685
   3863    617351   163   +3.315   10443    273    326  -0.1718  +0.7409  +0.0645  -0.0447
   3864    617513   162   +6.323   12228    239    323  +0.0230  +1.0000  +0.3874  +0.2808
   3865    617676   163   +5.533   12504    254    230  +0.0199  +1.0000  +0.5090  +0.2301
   3866    617833   157   +4.567   10961    254    268  -0.0751  +0.8768  +0.3262  +0.0768
   3867    617996   163   +2.542    9897    258    301  -0.2211  +0.5977  -0.0838  -0.0403
   3868    618157   161   +0.929    8728    264    278  -0.3655  +0.2909  -0.3622  -0.1735
   3869    618316   159   +5.373   12063    278    293  -0.0380  +1.0000  +0.3650  +0.0849
   3870    618482   166   +4.696   11160    280    318  -0.1102  +0.9291  +0.0906  -0.0051
   3871    618646   164   +2.822    9490    291    347  -0.2878  +0.4907  -0.0472  -0.1859
   3872    618805   159   +4.840   11020    233    269  -0.0277  +0.8925  +0.4406  +0.1839
   3873    618967   162   +3.750   10621    278    286  -0.1592  +0.7878  +0.0730  -0.0449
   3874    619129   162   +5.481   11250    242    320  -0.0320  +0.9528  +0.3164  +0.1605
   3875    619287   158   +3.309   10052    272    342  -0.2179  +0.6383  -0.0494  -0.0751
   3876    619445   158   +4.773   11139    236    282  -0.0330  +0.9237  +0.3238  +0.1790
   3877    619603   158   +5.012   10821    215    327  -0.0501  +0.8402  +0.1225  +0.2586
   3878    619765   162   +4.960   11879    267    275  -0.0263  +1.0000  +0.4007  +0.1121
   3879    619928   163   +5.540   11612    262    315  -0.0523  +1.0000  +0.1487  +0.1094
   3880    620084   156   +5.261   11420    256    307  -0.0453  +0.9973  +0.2090  +0.1150
   3881    620242   158   +1.099    8770    257    235  -0.3429  +0.3018  -0.2463  -0.1456
   3882    620404   162   +3.911   10625    279    309  -0.1498  +0.7887  +0.1732  -0.0477
   3883    620560   156   +5.602   12208    231    282  +0.0298  +1.0000  +0.3285  +0.3232
   3884    620725   165   +3.451    9996    259    346  -0.2164  +0.6236  -0.1170  -0.0353
   3885    620886   161   +4.400   10362    294    376  -0.2000  +0.7197  +0.0554  -0.1183
   3886    621037   151   +3.652   10159    227    288  -0.1575  +0.6664  -0.1031  +0.1206
   3887    621193   156   +5.271   11637    243    255  +0.0016  +1.0000  +0.4184  +0.1993
   3888    621355   162   +5.672   10976    230    367  -0.0542  +0.8808  +0.1768  +0.1930
   3889    621519   164   +3.105   10399    252    282  -0.1645  +0.7294  -0.0613  +0.0311
   3890    621678   159   +5.613   11419    248    314  -0.0389  +0.9970  +0.1724  +0.1487
   3891    621840   162   +2.258    9120    271    323  -0.3244  +0.3937  -0.2525  -0.1585
   3892    621996   156   +6.369   12375    233    319  +0.0410  +1.0000  +0.4308  +0.3264
   3893    622156   160   +3.125   10385    205    270  -0.0790  +0.7258  +0.0880  +0.2691
   3894    622320   164   +3.021   10678    244    250  -0.1306  +0.8027  -0.0928  +0.0935
   3895    622481   161   +5.254   11798    265    321  -0.0300  +1.0000  +0.3586  +0.1137
   3896    622638   157   +4.305   10201    219    415  -0.1334  +0.6773  -0.0231  +0.1654
   3897    622798   160   +5.269   11254    222    250  -0.0092  +0.9539  +0.2263  +0.2656
   3898    622951   153   +1.194    8539    228    235  -0.3328  +0.2411  -0.2334  -0.0657
   3899    623112   161   +4.610   10988    259    276  -0.1111  +0.8841  -0.0043  +0.0612
   3900    623268   156   +4.987   11020    232    278  -0.0453  +0.8925  +0.2457  +0.1899

  ── rolling mean (last 100 ep) ──  cum_R=+4.105  yield=10639 kg/ha  N=254  W=306 mm  R_seas=-0.1256  R_ane=+0.0650

   3901    623425   157   +2.902    9860    214    219  -0.1455  +0.5880  +0.1188  +0.1522
   3902    623584   159   +6.347   12876    206    207  +0.1250  +1.0000  +0.5639  +0.5622
   3903    623744   160   +5.357   11700    220    230  +0.0327  +1.0000  +0.3324  +0.3314
   3904    623903   159   +1.657    8938    262    266  -0.3262  +0.3460  -0.1890  -0.1459
   3905    624058   155   +4.041   11212    227    210  -0.0234  +0.9428  +0.2075  +0.2338
   3906    624226   168   +4.664   11594    277    259  -0.0618  +1.0000  +0.2409  +0.0469
   3907    624387   161   +6.486   11485    219    344  +0.0080  +1.0000  +0.1411  +0.3129
   3908    624547   160   +5.222   11277    218    327  -0.0040  +0.9599  +0.1705  +0.2965
   3909    624715   168   +1.600    9715    255    175  -0.2354  +0.5498  -0.0815  -0.0489
   3910    624871   156   +5.355   10896    203    303  -0.0066  +0.8598  +0.2670  +0.3392
   3911    625031   160   +3.127   10507    249    211  -0.1311  +0.7577  +0.1246  +0.0566
   3912    625190   159   +3.011   10486    225    254  -0.1100  +0.7523  +0.0205  +0.1663
   3913    625347   157   +4.265   10334    212    370  -0.1044  +0.7122  +0.0266  +0.2163
   3914    625506   159   +5.517   11709    247    271  -0.0212  +1.0000  +0.2338  +0.1848
   3915    625667   161   +6.416   12579    236    303  +0.0468  +1.0000  +0.4711  +0.3324
   3916    625832   165   +5.423   12497    257    297  -0.0016  +1.0000  +0.3360  +0.2160
   3917    625989   157   +5.689   11916    226    199  +0.0575  +1.0000  +0.6178  +0.3192
   3918    626148   159   +4.648   10936    230    260  -0.0610  +0.8704  +0.1568  +0.1859
   3919    626314   166   +4.003   11013    262    239  -0.1056  +0.8905  +0.0686  +0.0499
   3920    626474   160   +2.722    9638    259    337  -0.2443  +0.5296  -0.0578  -0.0696
   3921    626628   154   +3.068    9436    213    356  -0.1900  +0.4768  +0.0862  +0.1074
   3922    626785   157   +5.497   12183    237    228  +0.0359  +1.0000  +0.5019  +0.2856
   3923    626942   157   +5.163   10520    211    377  -0.0736  +0.7612  +0.1180  +0.2477
   3924    627101   159   +3.808   10374    253    292  -0.1450  +0.7228  +0.1721  +0.0236
   3925    627234   133   -5.260       0    398    118  -0.9375  -1.0000  -1.0000  -1.0000
   3926    627387   153   +4.651   11093    262    358  -0.0912  +0.9116  +0.1347  +0.0580
   3927    627552   165   +6.280   12149    213    333  +0.0678  +1.0000  +0.3917  +0.4287
   3928    627711   159   +2.849   10150    233    193  -0.1596  +0.6640  -0.0196  +0.0878
   3929    627872   161   +6.388   12154    229    303  +0.0445  +1.0000  +0.4601  +0.3282
   3930    628031   159   +5.570   11717    238    255  +0.0070  +1.0000  +0.3753  +0.2315
   3931    628184   153   +3.590   10182    247    325  -0.1600  +0.6726  +0.1215  +0.0322
   3932    628346   162   +3.038   10308    259    206  -0.1772  +0.7054  -0.0181  -0.0057
   3933    628519   173   +2.575    9345    293    321  -0.3291  +0.4528  -0.3160  -0.2022
   3934    628677   158   +5.821   12142    248    323  -0.0014  +1.0000  +0.3094  +0.2254
   3935    628839   162   +5.453   11160    227    304  -0.0264  +0.9290  +0.2210  +0.2309
   3936    628993   154   +1.575    8824    233    253  -0.3096  +0.3159  -0.2316  -0.0515
   3937    629151   158   +2.169    8879    255    308  -0.3176  +0.3304  -0.1165  -0.1284
   3938    629309   158   +4.160   10796    215    203  -0.0495  +0.8335  +0.1484  +0.2576
   3939    629470   161   +5.062   11219    214    225  +0.0042  +0.9447  +0.2394  +0.3136
   3940    629631   161   +6.587   11845    231    373  +0.0082  +1.0000  +0.2369  +0.2818
   3941    629794   163   +5.377   11615    270    321  -0.0491  +1.0000  +0.2851  +0.0748
   3942    629952   158   +1.419    8674    226    266  -0.3131  +0.2767  -0.1948  -0.0427
   3943    630107   155   +3.998   10075    223    431  -0.1551  +0.6444  -0.0488  +0.1290
   3944    630260   153   +6.000   11176    208    271  +0.0243  +0.9334  +0.3791  +0.3434
   3945    630417   157   +5.244   12297    226    258  +0.0337  +1.0000  +0.2512  +0.3618
   3946    630581   164   +4.134   10569    298    362  -0.1890  +0.7741  +0.0142  -0.1132
   3947    630740   159   +4.575   10777    241    312  -0.0881  +0.8286  +0.1902  +0.1190
   3948    630896   156   +4.930   10787    246    297  -0.0864  +0.8312  +0.2688  +0.0964
   3949    631060   164   +4.800   10639    255    365  -0.1328  +0.7923  +0.0668  +0.0415
   3950    631220   160   +1.239    9485    252    202  -0.2548  +0.4896  -0.0993  -0.0574
   3951    631382   162   +2.634    9648    270    288  -0.2584  +0.5323  -0.0974  -0.1057
   3952    631545   163   +5.904   11703    215    266  +0.0390  +1.0000  +0.3009  +0.3629
   3953    631706   161   +4.771   11376    264    274  -0.0494  +0.9857  +0.3090  +0.0776
   3954    631866   160   +4.845   10791    233    256  -0.0886  +0.8323  +0.0530  +0.1601
   3955    632025   159   +1.854    9166    245    334  -0.2873  +0.4058  -0.1980  -0.0633
   3956    632188   163   +5.802   10752    247    478  -0.1082  +0.8219  +0.0954  +0.0892
   3957    632352   164   +3.779   10726    285    280  -0.1701  +0.8151  -0.0608  -0.0592
   3958    632516   164   +3.201   10802    274    150  -0.1278  +0.8352  +0.1814  -0.0156
   3959    632675   159   +3.592   10308    232    319  -0.1462  +0.7056  -0.0506  +0.1084
   3960    632835   160   +6.240   12713    256    278  +0.0149  +1.0000  +0.4296  +0.2400
   3961    632993   158   +3.610   10294    265    262  -0.1828  +0.7018  +0.0042  -0.0287
   3962    633154   161   +5.055   11214    250    246  -0.0385  +0.9432  +0.3896  +0.1226
   3963    633312   158   +5.152   12250    254    213  +0.0042  +1.0000  +0.4315  +0.2034
   3964    633477   165   +4.270   11552    274    163  -0.0485  +1.0000  +0.3476  +0.0558
   3965    633641   164   +2.855   10070    263    202  -0.2010  +0.6432  +0.0105  -0.0428
   3966    633805   164   +3.320    9942    245    284  -0.2024  +0.6095  -0.0918  +0.0147
   3967    633968   163   +2.973   10118    258    284  -0.2023  +0.6558  -0.1009  -0.0207
   3968    634132   164   +3.406   10166    267    350  -0.2076  +0.6681  -0.1035  -0.0476
   3969    634286   154   +2.129    9178    232    349  -0.2709  +0.4089  -0.1991  -0.0106
   3970    634448   162   +2.709    9799    257    227  -0.2294  +0.5720  -0.0857  -0.0462
   3971    634608   160   +5.059   11328    256    198  -0.0536  +0.9731  +0.2177  +0.1044
   3972    634772   164   +5.572   11932    239    284  -0.0030  +1.0000  +0.2323  +0.2460
   3973    634932   160   +3.284   10201    258    290  -0.1905  +0.6775  -0.0640  -0.0115
   3974    635095   163   +7.170   12952    254    469  +0.0209  +1.0000  +0.3792  +0.2766
   3975    635258   163   +4.529   10455    234    363  -0.1360  +0.7440  -0.0763  +0.1186
   3976    635419   161   +4.257   10016    247    316  -0.1956  +0.6288  -0.0650  +0.0123
   3977    635582   163   +2.581    9712    283    316  -0.2692  +0.5492  -0.1393  -0.1419
   3978    635742   160   +6.188   11866    239    362  +0.0006  +1.0000  +0.2759  +0.2433
   3979    635903   161   +3.052    9794    290    300  -0.2437  +0.5705  +0.1062  -0.1564
   3980    636062   159   +5.328   11550    232    262  +0.0186  +1.0000  +0.4530  +0.2442
   3981    636217   155   +6.991   11922    210    380  +0.0586  +1.0000  +0.3211  +0.4217
   3982    636375   158   +3.327   10712    276    193  -0.1500  +0.8116  +0.0649  -0.0314
   3983    636537   162   +5.682   11178    242    304  -0.0422  +0.9338  +0.2730  +0.1570
   3984    636692   155   +5.008   10774    216    323  -0.0656  +0.8278  +0.0345  +0.2467
   3985    636848   156   +5.310   10954    255    334  -0.0865  +0.8752  +0.2287  +0.0728
   3986    637012   164   +3.288   10222    270    311  -0.2149  +0.6830  -0.1941  -0.0541
   3987    637170   158   +5.515   11753    264    281  -0.0390  +1.0000  +0.2750  +0.1117
   3988    637332   162   +2.111    9144    230    307  -0.2607  +0.4000  -0.0895  -0.0060
   3989    637485   153   +4.322   10630    224    318  -0.0903  +0.7900  +0.0636  +0.1862
   3990    637647   162   +6.105   12610    268    325  -0.0061  +1.0000  +0.4041  +0.1782
   3991    637807   160   +4.307   11050    260    253  -0.1060  +0.9002  +0.0030  +0.0623
   3992    637964   157   +4.977   11568    248    250  -0.0187  +1.0000  +0.3158  +0.1658
   3993    638126   162   +5.110   11172    287    334  -0.1133  +0.9324  +0.1185  -0.0274
   3994    638279   153   +4.379   10997    250    262  -0.0770  +0.8865  +0.2122  +0.1006
   3995    638440   161   +4.260   10788    265    286  -0.1304  +0.8315  +0.0690  +0.0162
   3996    638600   160   +5.400   11359    235    254  -0.0113  +0.9814  +0.3058  +0.2092
   3997    638759   159   +5.003   11344    257    243  -0.0482  +0.9775  +0.2602  +0.1047
   3998    638918   159   +3.203   10692    238    179  -0.1213  +0.8064  -0.1005  +0.1239
   3999    639078   160   +6.859   12023    235    385  +0.0134  +1.0000  +0.2898  +0.2814
   4000    639241   163   +3.734   10252    260    288  -0.1772  +0.6907  +0.0444  -0.0143

  ── rolling mean (last 100 ep) ──  cum_R=+4.282  yield=10753 kg/ha  N=247  W=285 mm  R_seas=-0.1082  R_ane=+0.1068

   4001    639400   159   +3.800   10474    258    245  -0.1488  +0.7492  +0.1007  +0.0129
   4002    639562   162   +5.200   11013    247    366  -0.0851  +0.8904  +0.0751  +0.1159
   4003    639724   162   +2.856    9969    297    314  -0.2519  +0.6165  -0.0801  -0.1602
   4004    639892   168   +1.698    9137    290    292  -0.3441  +0.3983  -0.2957  -0.2137
   4005    640053   161   +4.458   11162    270    216  -0.0889  +0.9296  +0.1865  +0.0336
   4006    640214   161   +3.913   11322    243    229  -0.0358  +0.9716  +0.2153  +0.1661
   4007    640375   161   +4.879   11671    246    223  -0.0041  +1.0000  +0.4077  +0.1836
   4008    640543   168   +5.411   11883    281    290  -0.0556  +1.0000  +0.2707  +0.0579
   4009    640704   161   +4.572   10743    249    328  -0.1168  +0.8197  +0.0485  +0.0779
   4010    640869   165   +4.351   10964    259    318  -0.1045  +0.8778  +0.0855  +0.0585
   4011    641024   155   +3.942   10694    237    259  -0.0882  +0.8068  +0.2135  +0.1292
   4012    641187   163   +3.809   10542    238    310  -0.1175  +0.7670  +0.0843  +0.1076
   4013    641346   159   +3.199    9834    247    332  -0.2051  +0.5811  +0.0109  -0.0050
   4014    641507   161   +5.126   10989    237    260  -0.0469  +0.8843  +0.3382  +0.1605
   4015    641667   160   +5.235   11078    231    322  -0.0393  +0.9076  +0.2411  +0.1991
   4016    641826   159   +4.796   11318    248    303  -0.0412  +0.9707  +0.2450  +0.1389
   4017    641988   162   +5.086   11148    262    303  -0.0808  +0.9261  +0.1805  +0.0655
   4018    642150   162   +3.870   10652    267    282  -0.1385  +0.7959  +0.1296  -0.0014
   4019    642308   158   +4.643   11782    255    304  -0.0277  +1.0000  +0.2521  +0.1569
   4020    642462   154   +3.857    9685    238    366  -0.2183  +0.5421  -0.0843  +0.0153
   4021    642625   163   +3.476   10876    262    240  -0.1042  +0.8546  +0.2121  +0.0365
   4022    642782   157   +3.902   10940    244    210  -0.0836  +0.8715  +0.1248  +0.1201
   4023    642950   168   +2.333    9898    303    324  -0.2607  +0.5980  -0.0497  -0.1840
   4024    643113   163   +4.936   11170    282    343  -0.1074  +0.9317  +0.1231  -0.0089
   4025    643268   155   +3.015    9860    245    305  -0.2050  +0.5879  -0.0359  +0.0053
   4026    643425   157   +4.387   10469    239    304  -0.1030  +0.7478  +0.3193  +0.0936
   4027    643590   165   +1.787    9645    292    241  -0.2972  +0.5314  -0.2794  -0.1737
   4028    643748   158   +5.604   11244    229    344  -0.0120  +0.9510  +0.3209  +0.2273
   4029    643910   162   +5.308   11262    215    354  +0.0069  +0.9558  +0.2537  +0.3085
   4030    644070   160   +5.211   11790    258    248  -0.0349  +1.0000  +0.2257  +0.1417
   4031    644230   160   +5.449   11497    256    292  -0.0312  +1.0000  +0.3222  +0.1220
   4032    644386   156   +4.288   10500    258    358  -0.1261  +0.7558  +0.2920  +0.0193
   4033    644546   160   +4.222   10999    273    260  -0.1085  +0.8869  +0.1796  +0.0063
   4034    644708   162   +2.388    9655    266    302  -0.2577  +0.5342  -0.1395  -0.0910
   4035    644864   156   +3.872   10354    248    334  -0.1549  +0.7176  +0.0325  +0.0415
   4036    645020   156   +3.921   10598    225    194  -0.0896  +0.7816  +0.1120  +0.1795
   4037    645179   159   +5.344   11432    248    280  -0.0383  +1.0000  +0.1599  +0.1523
   4038    645342   163   +5.764   11978    302    326  -0.0789  +1.0000  +0.2401  -0.0097
   4039    645506   164   +5.631   11608    271    370  -0.0478  +1.0000  +0.3088  +0.0710
   4040    645667   161   +5.838   11793    228    321  +0.0216  +1.0000  +0.3414  +0.2916
   4041    645828   161   +6.377   11383    273    378  -0.0683  +0.9876  +0.2210  +0.0423
   4042    645984   156   +2.506    9263    287    308  -0.3256  +0.4312  -0.2539  -0.1935
   4043    646146   162   +3.749   10009    283    322  -0.2331  +0.6270  -0.0491  -0.1165
   4044    646303   157   +4.033   10373    297    252  -0.1943  +0.7226  +0.1333  -0.1276
   4045    646465   162   +3.683   10183    237    322  -0.1577  +0.6726  +0.0177  +0.0746
   4046    646627   162   +4.176   10686    294    348  -0.1675  +0.8048  +0.0896  -0.0923
   4047    646788   161   +2.683   10028    265    266  -0.2216  +0.6319  -0.1357  -0.0532
   4048    646950   162   +3.735   10298    235    332  -0.1525  +0.7028  -0.0641  +0.0940
   4049    647112   162   +4.138   10723    272    333  -0.1321  +0.8144  +0.1888  -0.0152
   4050    647270   158   +4.421   10662    249    307  -0.1161  +0.7984  +0.1314  +0.0705
   4051    647426   156   +5.500   11214    243    354  -0.0544  +0.9433  +0.1394  +0.1527
   4052    647592   166   +5.282   11384    275    348  -0.0849  +0.9880  +0.0740  +0.0356
   4053    647753   161   +5.578   12127    273    346  -0.0228  +1.0000  +0.4399  +0.1107
   4054    647914   161   +6.258   11581    216    318  +0.0358  +1.0000  +0.3391  +0.3397
   4055    648075   161   +5.632   11959    248    263  -0.0109  +1.0000  +0.2668  +0.2081
   4056    648239   164   +5.721   12292    272    251  -0.0239  +1.0000  +0.3694  +0.1305
   4057    648397   158   +3.554   10163    236    227  -0.1459  +0.6674  +0.1366  +0.0786
   4058    648554   157   +3.493    9344    261    423  -0.2832  +0.4524  -0.1489  -0.1049
   4059    648712   158   +3.846   10378    252    291  -0.1585  +0.7240  +0.0216  +0.0278
   4060    648875   163   +5.752   11844    231    283  +0.0006  +1.0000  +0.1670  +0.2797
   4061    649031   156   +3.974   10560    242    339  -0.1319  +0.7716  -0.0146  +0.0889
   4062    649188   157   +2.393    9667    248    258  -0.2222  +0.5372  +0.0075  -0.0243
   4063    649345   157   +5.091   12098    264    184  -0.0152  +1.0000  +0.4048  +0.1477
   4064    649507   162   +2.819    9718    243    291  -0.2287  +0.5507  -0.1685  +0.0014
   4065    649669   162   +2.625    9497    251    238  -0.2461  +0.4926  -0.0313  -0.0538
   4066    649827   158   +5.572   11604    236    240  +0.0166  +1.0000  +0.4744  +0.2305
   4067    649985   158   +3.184    9717    241    337  -0.2176  +0.5504  -0.0810  +0.0095
   4068    650145   160   +6.148   11395    249    406  -0.0301  +0.9909  +0.2863  +0.1450
   4069    650305   160   +5.249   10844    231    352  -0.0680  +0.8462  +0.1879  +0.1721
   4070    650460   155   +0.010    7465    260    238  -0.4618  -0.0407  -0.1679  -0.2829
   4071    650623   163   +3.873   10350    227    267  -0.1382  +0.7164  -0.0945  +0.1405
   4072    650780   157   +6.274   11879    237    373  +0.0080  +1.0000  +0.3278  +0.2508
   4073    650940   160   +5.250   12442    260    211  -0.0085  +1.0000  +0.3263  +0.1962
   4074    651099   159   +3.874   10527    230    284  -0.1162  +0.7629  +0.0017  +0.1430
   4075    651261   162   +5.265   11843    261    237  -0.0326  +1.0000  +0.2666  +0.1359
   4076    651419   158   +3.931   10449    242    280  -0.1394  +0.7425  +0.0115  +0.0795
   4077    651591   172   +2.312    9949    298    246  -0.2443  +0.6112  +0.0211  -0.1641
   4078    651746   155   +3.804   10333    232    279  -0.1360  +0.7121  +0.0200  +0.1134
   4079    651906   160   +2.484    9246    199    313  -0.2092  +0.4266  -0.1466  +0.1618
   4080    652066   160   +4.565   10794    276    286  -0.1508  +0.8331  -0.0240  -0.0222
   4081    652223   157   +4.407   11060    260    245  -0.0869  +0.9029  +0.1799  +0.0645
   4082    652385   162   +3.144   10530    274    275  -0.1776  +0.7639  -0.0705  -0.0383
   4083    652544   159   +3.475   10224    204    340  -0.0954  +0.6834  +0.0741  +0.2544
   4084    652707   163   +5.862   11806    234    309  -0.0015  +1.0000  +0.2027  +0.2609
   4085    652866   159   +5.448   11718    245    203  -0.0150  +1.0000  +0.2691  +0.1936
   4086    653022   156   +4.626   11073    239    253  -0.0506  +0.9062  +0.2519  +0.1589
   4087    653174   152   +5.565   11374    237    255  +0.0103  +0.9853  +0.5338  +0.2018
   4088    653334   160   +5.139   11521    297    311  -0.0807  +1.0000  +0.2844  -0.0306
   4089    653494   160   +6.308   11436    218    322  +0.0266  +1.0000  +0.3381  +0.3093
   4090    653652   158   +6.058   11883    232    251  +0.0247  +1.0000  +0.4016  +0.2818
   4091    653805   153   +0.873    8835    214    272  -0.2797  +0.3189  -0.1853  +0.0303
   4092    653966   161   +5.750   11432    237    262  +0.0049  +1.0000  +0.4341  +0.2050
   4093    654127   161   +4.740   11208    268    236  -0.0788  +0.9417  +0.2148  +0.0475
   4094    654289   162   +4.387   10661    258    358  -0.1340  +0.7981  +0.0680  +0.0322
   4095    654448   159   +4.644   10632    227    314  -0.0911  +0.7906  +0.0982  +0.1713
   4096    654610   162   +4.460   10756    256    333  -0.1101  +0.8231  +0.1940  +0.0493
   4097    654769   159   +5.269   10881    268    369  -0.1269  +0.8560  +0.0420  +0.0165
   4098    654933   164   +2.441    9728    271    224  -0.2595  +0.5532  -0.1716  -0.1022
   4099    655095   162   +4.810   11599    258    305  -0.0529  +1.0000  +0.1045  +0.1223
   4100    655255   160   +5.012   11236    215    288  -0.0002  +0.9492  +0.2089  +0.3055

  ── rolling mean (last 100 ep) ──  cum_R=+4.326  yield=10795 kg/ha  N=253  W=295 mm  R_seas=-0.1121  R_ane=+0.0759

   4101    655412   157   +5.423   11238    235    249  -0.0306  +0.9496  +0.2294  +0.1970
   4102    655566   154   +3.307   10194    229    251  -0.1424  +0.6757  +0.0530  +0.1111
   4103    655722   156   +4.545   10400    220    321  -0.1085  +0.7297  +0.0541  +0.1790
   4104    655884   162   +3.763   10430    259    264  -0.1549  +0.7376  +0.0816  +0.0085
   4105    656044   160   +5.033   11598    273    273  -0.0522  +1.0000  +0.2905  +0.0625
   4106    656209   165   +3.398    9964    286    326  -0.2464  +0.6153  -0.1144  -0.1294
   4107    656365   156   +4.611   10850    222    288  -0.0708  +0.8479  +0.0077  +0.2215
   4108    656527   162   +3.697   10460    240    242  -0.1389  +0.7455  -0.0174  +0.0884
   4109    656686   159   +2.785    9468    236    297  -0.2299  +0.4852  -0.0242  +0.0039
   4110    656845   159   +4.528   11226    247    254  -0.0616  +0.9463  +0.1129  +0.1352
   4111    657001   156   +3.718    9846    261    373  -0.2292  +0.5843  -0.0815  -0.0572
   4112    657160   159   +3.820   10965    264    278  -0.1220  +0.8779  -0.0298  +0.0383
   4113    657324   164   +1.102    8962    265    240  -0.3426  +0.3522  -0.3444  -0.1542
   4114    657481   157   +4.107    9522    207    413  -0.1942  +0.4992  -0.1361  +0.1486
   4115    657636   155   +4.823   10975    227    268  -0.0431  +0.8806  +0.2481  +0.2066
   4116    657796   160   +5.081   11239    280    313  -0.1016  +0.9498  +0.1033  +0.0021
   4117    657951   155   +2.814    9963    247    239  -0.1920  +0.6149  +0.0215  +0.0072
   4118    658115   164   +3.557   10939    272    190  -0.1134  +0.8712  +0.1749  +0.0043
   4119    658277   162   +2.870    9444    237    377  -0.2491  +0.4787  -0.1738  -0.0046
   4120    658439   162   +2.828    9826    250    254  -0.2231  +0.5789  -0.1291  -0.0163
   4121    658597   158   +5.098   11068    251    324  -0.0725  +0.9050  +0.2064  +0.1019
   4122    658764   167   +4.412   10866    275    269  -0.1244  +0.8520  +0.1605  -0.0114
   4123    658930   166   +4.163   10870    251    258  -0.1173  +0.8530  -0.0572  +0.0841
   4124    659096   166   +3.106    9755    241    310  -0.2182  +0.5604  -0.1156  +0.0110
   4125    659253   157   +2.618    9397    225    297  -0.2434  +0.4665  -0.2334  +0.0443
   4126    659412   159   +2.465    9373    263    346  -0.2714  +0.4601  -0.0398  -0.1080
   4127    659576   164   +2.205    9297    241    222  -0.2622  +0.4402  -0.1207  -0.0339
   4128    659740   164   +3.222   10448    250    234  -0.1489  +0.7421  +0.0270  +0.0430
   4129    659896   156   +5.543   11975    266    276  -0.0225  +1.0000  +0.3980  +0.1256
   4130    660054   158   +6.374   12450    223    349  +0.0431  +1.0000  +0.2504  +0.3936
   4131    660219   165   +4.067   10926    283    256  -0.1329  +0.8678  +0.1049  -0.0346
   4132    660385   166   +5.668   11942    251    343  -0.0215  +1.0000  +0.2147  +0.1900
   4133    660545   160   +4.319   10474    240    312  -0.1361  +0.7492  -0.0030  +0.0898
   4134    660709   164   +4.823   11676    262    260  -0.0382  +1.0000  +0.2782  +0.1133
   4135    660868   159   +2.813    9259    240    374  -0.2709  +0.4302  -0.1718  -0.0375
   4136    661025   157   +4.906   11132    193    254  +0.0483  +0.9217  +0.3383  +0.4409
   4137    661187   162   +5.092   11966    282    329  -0.0474  +1.0000  +0.3408  +0.0617
   4138    661344   157   +5.364   10780    242    369  -0.0828  +0.8293  +0.2513  +0.1157
   4139    661506   162   +4.162   11062    254    226  -0.0960  +0.9035  +0.0180  +0.0877
   4140    661671   165   +3.667   10467    304    256  -0.1937  +0.7472  +0.1161  -0.1402
   4141    661831   160   +3.367   10144    252    305  -0.1837  +0.6624  -0.0178  +0.0084
   4142    661987   156   +4.756   11055    241    247  -0.0587  +0.9015  +0.2256  +0.1447
   4143    662150   163   +0.166    8414    284    256  -0.3966  +0.2084  -0.2103  -0.2590
   4144    662312   162   +4.587   11929    288    204  -0.0493  +1.0000  +0.3976  +0.0366
   4145    662472   160   +5.382   11942    274    262  -0.0456  +1.0000  +0.2765  +0.0893
   4146    662635   163   +4.072   11072    283    240  -0.1298  +0.9060  +0.0059  -0.0230
   4147    662795   160   +3.060    9977    263    287  -0.2072  +0.6186  +0.0330  -0.0506
   4148    662956   161   +6.831   11658    238    374  -0.0089  +1.0000  +0.2310  +0.2267
   4149    663116   160   +2.016    8903    267    331  -0.3400  +0.3368  -0.2446  -0.1657
   4150    663269   153   +3.144    9937    234    263  -0.1871  +0.6082  -0.0752  +0.0614
   4151    663430   161   +6.142   12143    238    318  +0.0234  +1.0000  +0.4088  +0.2750
   4152    663591   161   +2.799    9506    256    304  -0.2717  +0.4950  -0.2387  -0.0719
   4153    663760   169   +2.856   10211    300    213  -0.2176  +0.6801  +0.0735  -0.1500
   4154    663915   155   +5.976   11186    204    317  +0.0178  +0.9359  +0.2239  +0.3714
   4155    664070   155   +4.898   10897    233    252  -0.0641  +0.8602  +0.1970  +0.1705
   4156    664228   158   +3.695   10373    260    290  -0.1793  +0.7226  -0.0882  -0.0039
   4157    664388   160   +5.705   11686    257    287  -0.0344  +1.0000  +0.2470  +0.1363
   4158    664543   155   +5.399   11601    254    260  -0.0313  +1.0000  +0.2602  +0.1424
   4159    664694   151   +3.272    9917    240    309  -0.1888  +0.6028  +0.0064  +0.0328
   4160    664856   162   +4.126   10544    265    334  -0.1646  +0.7675  -0.0459  -0.0063
   4161    665022   166   +2.665    9600    281    259  -0.2675  +0.5196  -0.0402  -0.1446
   4162    665176   154   +3.897   10475    215    238  -0.0873  +0.7493  +0.0961  +0.2192
   4163    665333   157   +3.627    9930    229    255  -0.1642  +0.6063  +0.0888  +0.0843
   4164    665489   156   +6.042   11289    201    374  +0.0433  +0.9629  +0.3060  +0.4067
   4165    665659   170   +3.367   10290    295    233  -0.2066  +0.7008  +0.0622  -0.1267
   4166    665822   163   +4.472   11347    269    240  -0.0634  +0.9783  +0.2573  +0.0543
   4167    665982   160   +4.028   10110    258    360  -0.2040  +0.6536  -0.1113  -0.0210
   4168    666139   157   +3.644   10461    234    243  -0.1084  +0.7457  +0.2046  +0.1156
   4169    666298   159   +4.918   11615    260    208  -0.0296  +1.0000  +0.3513  +0.1175
   4170    666466   168   +5.206   11626    279    282  -0.0634  +1.0000  +0.2398  +0.0419
   4171    666629   163   +4.422   10840    246    254  -0.0998  +0.8452  +0.0833  +0.1020
   4172    666788   159   +5.837   12067    243    298  +0.0131  +1.0000  +0.4044  +0.2422
   4173    666947   159   +5.891   11313    241    349  -0.0414  +0.9692  +0.1469  +0.1721
   4174    667111   164   +4.465   11266    262    239  -0.0750  +0.9570  +0.1301  +0.0756
   4175    667275   164   +3.374   10553    254    264  -0.1433  +0.7697  +0.0204  +0.0408
   4176    667432   157   +5.760   11650    242    313  -0.0014  +1.0000  +0.3769  +0.2030
   4177    667588   156   +6.061   12270    236    249  +0.0217  +1.0000  +0.3174  +0.2998
   4178    667749   161   +4.738   11263    245    326  -0.0598  +0.9562  +0.0651  +0.1489
   4179    667913   164   +3.467    9989    300    410  -0.2545  +0.6217  -0.0965  -0.1676
   4180    668066   153   +6.226   11688    248    363  -0.0253  +1.0000  +0.2153  +0.1772
   4181    668232   166   +6.114   12193    265    365  -0.0352  +1.0000  +0.1975  +0.1503
   4182    668390   158   +5.307   10747    266    381  -0.1212  +0.8208  +0.2105  +0.0086
   4183    668551   161   +5.957   11762    253    397  -0.0346  +1.0000  +0.1696  +0.1616
   4184    668711   160   +3.445   10497    282    286  -0.1791  +0.7550  +0.0269  -0.0683
   4185    668866   155   +2.717   10278    228    281  -0.1307  +0.6975  +0.0607  +0.1296
   4186    669030   164   +5.290   10985    253    286  -0.0926  +0.8831  +0.1158  +0.0836
   4187    669191   161   +3.541   10063    300    284  -0.2322  +0.6412  +0.0577  -0.1609
   4188    669352   161   +1.273    9663    242    236  -0.2290  +0.5361  -0.1296  -0.0003
   4189    669511   159   +2.611    9786    234    204  -0.1957  +0.5684  -0.0138  +0.0452
   4190    669667   156   +5.638   12042    244    228  +0.0050  +1.0000  +0.3422  +0.2361
   4191    669721    54   -8.045       0     24     65  -0.7857  -1.0000  -1.0000  -1.0000
   4192    669885   164   +3.113   10434    307    250  -0.2019  +0.7386  +0.0867  -0.1508
   4193    670039   154   +4.154   11115    253    213  -0.0737  +0.9174  +0.1791  +0.0968
   4194    670194   155   +4.092   10374    231    294  -0.1228  +0.7229  +0.0990  +0.1220
   4195    670356   162   +5.669   11696    270    310  -0.0454  +1.0000  +0.2963  +0.0831
   4196    670513   157   +5.025   11597    250    258  -0.0187  +1.0000  +0.3275  +0.1617
   4197    670671   158   +5.726   11966    238    374  -0.0053  +1.0000  +0.1708  +0.2587
   4198    670834   163   +2.787   10365    272    248  -0.1849  +0.7205  -0.0035  -0.0490
   4199    670995   161   +4.014   10833    240    261  -0.0860  +0.8433  +0.1411  +0.1303
   4200    671160   165   +4.677   11900    278    246  -0.0441  +1.0000  +0.3489  +0.0700

  ── rolling mean (last 100 ep) ──  cum_R=+4.074  yield=10637 kg/ha  N=251  W=284 mm  R_seas=-0.1280  R_ane=+0.0590

   4201    671325   165   +4.278   10559    278    293  -0.1698  +0.7715  +0.0286  -0.0517
   4202    671487   162   +3.636   10642    281    257  -0.1562  +0.7933  +0.1173  -0.0543
   4203    671650   163   +3.836    9999    293    319  -0.2330  +0.6245  +0.0457  -0.1456
   4204    671806   156   +5.200   11864    243    243  -0.0048  +1.0000  +0.2866  +0.2218
   4205    671965   159   +6.126   12160    254    370  -0.0158  +1.0000  +0.2511  +0.1968
   4206    672125   160   +3.598   10275    250    241  -0.1571  +0.6969  +0.1083  +0.0262
   4207    672284   159   +4.427   11131    239    222  -0.0535  +0.9216  +0.1660  +0.1652
   4208    672441   157   +4.232   10903    271    271  -0.1299  +0.8616  +0.0285  +0.0062
   4209    672603   162   +5.079   11712    301    271  -0.0777  +1.0000  +0.3049  -0.0273
   4210    672760   157   +4.954   11450    249    266  -0.0219  +1.0000  +0.3256  +0.1517
   4211    672919   159   +4.983   11423    263    288  -0.0533  +0.9983  +0.2182  +0.0842
   4212    673076   157   +2.886   10131    240    266  -0.1645  +0.6590  +0.0464  +0.0536
   4213    673231   155   +2.025    9117    272    372  -0.3335  +0.3929  -0.3313  -0.1620
   4214    673390   159   +6.143   11788    253    362  -0.0096  +1.0000  +0.4146  +0.1630
   4215    673555   165   +6.050   11906    265    344  -0.0297  +1.0000  +0.3377  +0.1216
   4216    673714   159   +4.066   10860    287    269  -0.1449  +0.8503  +0.0837  -0.0528
   4217    673871   157   +4.828   10998    232    281  -0.0525  +0.8867  +0.2039  +0.1848
   4218    674033   162   +2.808    9447    260    339  -0.2708  +0.4796  -0.1335  -0.0912
   4219    674203   170   +1.758    9888    303    193  -0.2637  +0.5953  -0.0700  -0.1852
   4220    674363   160   +5.307   11409    256    244  -0.0247  +0.9945  +0.4191  +0.1158
   4221    674522   159   +4.707   11077    285    304  -0.1063  +0.9074  +0.2519  -0.0277
   4222    674684   162   +3.635   10820    229    281  -0.0833  +0.8399  +0.0248  +0.1807
   4223    674843   159   +4.051   10422    240    268  -0.1210  +0.7353  +0.1881  +0.0879
   4224    674999   156   +2.507    9696    266    222  -0.2190  +0.5449  +0.2130  -0.0883
   4225    675158   159   +5.991   11969    261    313  -0.0224  +1.0000  +0.3400  +0.1454
   4226    675316   158   +4.567   11608    274    258  -0.0549  +1.0000  +0.2684  +0.0607
   4227    675473   157   +4.088   10964    260    261  -0.1008  +0.8776  +0.1370  +0.0538
   4228    675629   156   +4.653   10266    270    344  -0.1729  +0.6946  +0.1817  -0.0490
   4229    675795   166   +2.582    9943    271    246  -0.2299  +0.6098  -0.0745  -0.0830
   4230    675952   157   +4.820   11571    279    242  -0.0513  +1.0000  +0.3800  +0.0356
   4231    676117   165   +3.068   10144    286    325  -0.2240  +0.6625  -0.0525  -0.1147
   4232    676275   158   +5.079   11218    286    339  -0.1057  +0.9444  +0.1388  -0.0188
   4233    676433   158   +1.339    8757    273    295  -0.3419  +0.2985  -0.0740  -0.1971
   4234    676589   156   +4.643   10722    286    363  -0.1619  +0.8143  +0.0344  -0.0631
   4235    676751   162   +4.253   11225    269    224  -0.0813  +0.9461  +0.1962  +0.0420
   4236    676910   159   +5.165   11644    256    243  -0.0161  +1.0000  +0.4343  +0.1348
   4237    677064   154   +4.312   10729    273    297  -0.1428  +0.8160  +0.0888  -0.0189
   4238    677223   159   +6.807   12332    244    423  +0.0214  +1.0000  +0.4194  +0.2649
   4239    677377   154   +4.732   11037    262    307  -0.0943  +0.8969  +0.1518  +0.0543
   4240    677541   164   +5.132   10920    268    373  -0.1188  +0.8661  +0.0869  +0.0199
   4241    677709   168   +4.499   10967    272    241  -0.1235  +0.8784  +0.0440  +0.0083
   4242    677869   160   +5.719   12840    292    306  -0.0116  +1.0000  +0.5849  +0.0998
   4243    678030   161   +4.375   11042    300    326  -0.1279  +0.8983  +0.2122  -0.0791
   4244    678189   159   +4.503   11297    262    264  -0.0609  +0.9652  +0.2425  +0.0785
   4245    678349   160   +2.727   10037    286    254  -0.2133  +0.6343  +0.1478  -0.1223
   4246    678510   161   +3.606    9900    234    375  -0.1861  +0.5985  -0.0362  +0.0595
   4247    678664   154   +4.326   11080    252    275  -0.0802  +0.9082  +0.1286  +0.0997
   4248    678822   158   +5.112   11490    282    299  -0.0748  +1.0000  +0.1938  +0.0193
   4249    678975   153   +4.791   10867    241    334  -0.0660  +0.8522  +0.3272  +0.1275
   4250    679135   160   +2.945   10267    303    263  -0.2170  +0.6947  +0.0553  -0.1540
   4251    679295   160   +3.958   10391    275    340  -0.1809  +0.7272  +0.0365  -0.0545
   4252    679450   155   +4.288   10998    255    294  -0.0927  +0.8866  +0.1218  +0.0784
   4253    679612   162   +4.616   11342    256    279  -0.0558  +0.9768  +0.1827  +0.1059
   4254    679767   155   +4.120   10732    271    337  -0.1310  +0.8169  +0.1824  -0.0115
   4255    679924   157   +4.609   11769    273    228  -0.0394  +1.0000  +0.3684  +0.0791
   4256    680084   160   +1.505    8617    271    278  -0.3742  +0.2618  -0.2826  -0.2047
   4257    680242   158   +1.846    9378    287    330  -0.3099  +0.4615  -0.2048  -0.1826
   4258    680398   156   +3.569   10821    252    258  -0.1025  +0.8402  +0.1501  +0.0748
   4259    680553   155   +5.216   11779    253    286  -0.0234  +1.0000  +0.2764  +0.1633
   4260    680709   156   +4.949   11449    254    295  -0.0381  +1.0000  +0.2416  +0.1259
   4261    680870   161   +3.792   10376    253    289  -0.1437  +0.7233  +0.1796  +0.0251
   4262    681032   162   +2.854   10405    283    225  -0.1741  +0.7310  +0.1737  -0.0806
   4263    681192   160   +2.274    9560    305    290  -0.3015  +0.5091  -0.1395  -0.2162
   4264    681348   156   +4.402   10920    282    291  -0.1285  +0.8662  +0.1488  -0.0332
   4265    681508   160   +4.906   12055    268    223  -0.0351  +1.0000  +0.2716  +0.1257
   4266    681663   155   +5.285   12002    290    238  -0.0553  +1.0000  +0.3404  +0.0356
   4267    681826   163   +2.328    9663    319    285  -0.3012  +0.5361  -0.1245  -0.2425
   4268    681982   156   +2.975   10069    254    324  -0.1964  +0.6428  -0.0496  -0.0070
   4269    682139   157   +4.724   11045    255    299  -0.0838  +0.8990  +0.1650  +0.0832
   4270    682301   162   +5.847   12739    272    285  -0.0161  +1.0000  +0.3213  +0.1726
   4271    682465   164   +4.217   10917    269    323  -0.1262  +0.8654  +0.0256  +0.0163
   4272    682629   164   +2.325   10045    311    213  -0.2491  +0.6366  -0.0036  -0.1929
   4273    682790   161   +3.688   10804    280    256  -0.1409  +0.8356  +0.1064  -0.0349
   4274    682948   158   +4.953   11194    262    235  -0.0639  +0.9380  +0.3047  +0.0704
   4275    683108   160   +4.652   10812    264    322  -0.1322  +0.8379  +0.0123  +0.0238
   4276    683267   159   +5.475   12021    298    397  -0.0607  +1.0000  +0.3726  +0.0068
   4277    683429   162   +3.891   10269    285    345  -0.2047  +0.6953  +0.0158  -0.1004
   4278    683589   160   +5.329   11505    267    305  -0.0565  +1.0000  +0.1982  +0.0790
   4279    683748   159   +3.467   10300    279    323  -0.2061  +0.7034  -0.0852  -0.0781
   4280    683908   160   +4.648   11318    279    272  -0.0933  +0.9705  +0.1015  +0.0129
   4281    684065   157   +4.289   10896    264    263  -0.1152  +0.8597  +0.1064  +0.0308
   4282    684225   160   +4.501   11346    332    282  -0.1374  +0.9780  +0.1184  -0.1457
   4283    684382   157   +3.105    9733    234    302  -0.2077  +0.5546  -0.0850  +0.0403
   4284    684545   163   +3.051   10198    287    315  -0.2250  +0.6768  -0.1090  -0.1110
   4285    684707   162   +3.374   10532    275    302  -0.1843  +0.7642  -0.1246  -0.0429
   4286    684865   158   +5.757   11554    269    356  -0.0448  +1.0000  +0.3269  +0.0750
   4287    685029   164   +2.956    9654    278    341  -0.2668  +0.5339  -0.1064  -0.1321
   4288    685184   155   +5.035   11953    266    270  -0.0206  +1.0000  +0.4189  +0.1250
   4289    685338   154   +3.855   10494    277    322  -0.1638  +0.7544  +0.1343  -0.0526
   4290    685499   161   +4.105   11427    282    175  -0.0776  +0.9991  +0.1885  +0.0124
   4291    685654   155   +4.026   10701    261    332  -0.1340  +0.8086  +0.0669  +0.0240
   4292    685815   161   +4.227   10356    302    360  -0.2158  +0.7182  -0.0262  -0.1423
   4293    685976   161   +5.017   11624    305    358  -0.0840  +1.0000  +0.2987  -0.0462
   4294    686133   157   +4.714   12128    278    241  -0.0205  +1.0000  +0.5173  +0.0926
   4295    686298   165   +1.815    9732    263    229  -0.2527  +0.5543  -0.1883  -0.0748
   4296    686456   158   +4.297   11284    282    280  -0.0963  +0.9618  +0.1333  -0.0004
   4297    686623   167   +3.905   11218    295    240  -0.1107  +0.9443  +0.1798  -0.0491
   4298    686782   159   +4.592   11029    255    284  -0.0846  +0.8946  +0.1716  +0.0820
   4299    686949   167   +5.457   11251    287    375  -0.1102  +0.9530  +0.0708  -0.0185
   4300    687105   156   +4.879   11046    262    404  -0.1046  +0.8991  +0.0441  +0.0540

  ── rolling mean (last 100 ep) ──  cum_R=+4.186  yield=10880 kg/ha  N=271  W=293 mm  R_seas=-0.1273  R_ane=+0.0084

   4301    687269   164   +4.200   11032    264    201  -0.0991  +0.8956  +0.1315  +0.0460
   4302    687431   162   +3.914   10256    256    397  -0.1763  +0.6919  +0.0053  +0.0006
   4303    687595   164   +2.164    9979    330    260  -0.2648  +0.6192  +0.0371  -0.2442
   4304    687755   160   +6.838   11581    264    492  -0.0619  +1.0000  +0.0958  +0.0949
   4305    687917   162   +5.581   11588    274    344  -0.0760  +1.0000  +0.0673  +0.0577
   4306    688075   158   +4.445   11159    282    276  -0.1076  +0.9288  +0.1295  -0.0093
   4307    688240   165   +6.776   12790    267    355  +0.0130  +1.0000  +0.5365  +0.1979
   4308    688401   161   +4.090   10547    262    330  -0.1632  +0.7682  -0.0716  +0.0063
   4309    688567   166   +3.130   10565    301    262  -0.2003  +0.7731  -0.0644  -0.1237
   4310    688727   160   +3.235   10250    261    295  -0.1823  +0.6902  +0.0039  -0.0175
   4311    688886   159   +3.463   10325    266    281  -0.1850  +0.7099  -0.0388  -0.0285
   4312    689052   166   +4.449   11585    268    261  -0.0577  +1.0000  +0.1819  +0.0804
   4313    689212   160   +2.956   10487    288    212  -0.1556  +0.7525  +0.3300  -0.0890
   4314    689376   164   +4.021   10722    301    296  -0.1750  +0.8142  +0.0461  -0.1105
   4315    689538   162   +2.474   10296    298    208  -0.2126  +0.7024  +0.0228  -0.1350
   4316    689698   160   +5.612   11973    280    351  -0.0659  +1.0000  +0.1393  +0.0672
   4317    689864   166   +3.725   10447    296    262  -0.2058  +0.7419  -0.0643  -0.1162
   4318    690019   155   +0.998    8533    258    221  -0.3669  +0.2397  -0.2485  -0.1733
   4319    690182   163   +2.942   10591    279    233  -0.1660  +0.7798  +0.0433  -0.0510
   4320    690339   157   +3.527   10920    253    214  -0.0685  +0.8661  +0.4131  +0.0788
   4321    690495   156   +1.408    9810    282    226  -0.2557  +0.5749  -0.1003  -0.1314
   4322    690655   160   +3.777   10426    289    320  -0.1960  +0.7365  -0.0082  -0.0976
   4323    690810   155   +6.619   12009    242    407  -0.0053  +1.0000  +0.2231  +0.2413
   4324    690965   155   +5.217   11994    271    285  -0.0211  +1.0000  +0.4727  +0.1055
   4325    691126   161   +1.838    9006    258    292  -0.3196  +0.3637  -0.2243  -0.1270
   4326    691293   167   +2.264    9795    306    230  -0.2701  +0.5708  -0.0317  -0.1987
   4327    691449   156   +6.437   11178    258    421  -0.0735  +0.9339  +0.1832  +0.0823
   4328    691606   157   +3.422   10590    250    215  -0.1194  +0.7796  +0.1849  +0.0573
   4329    691766   160   +2.740   10121    280    254  -0.2198  +0.6565  -0.0556  -0.0945
   4330    691927   161   +5.107   11462    291    246  -0.0785  +1.0000  +0.2588  -0.0146
   4331    692090   163   +5.495   11484    306    392  -0.1030  +1.0000  +0.1506  -0.0603
   4332    692255   165   +4.355   10494    270    373  -0.1721  +0.7544  -0.0165  -0.0302
   4333    692417   162   +4.426   10718    247    348  -0.1131  +0.8130  +0.0862  +0.0836
   4334    692580   163   +6.406   12446    250    331  +0.0341  +1.0000  +0.6141  +0.2424
   4335    692739   159   +5.103   11818    260    235  -0.0316  +1.0000  +0.2746  +0.1366
   4336    692896   157   +3.691   10851    232    275  -0.0733  +0.8481  +0.1346  +0.1706
   4337    693063   167   +4.094   11507    281    245  -0.0772  +1.0000  +0.1582  +0.0233
   4338    693218   155   +4.376   10795    291    306  -0.1452  +0.8332  +0.1792  -0.0714
   4339    693374   156   +3.278   10416    273    240  -0.1768  +0.7338  +0.0380  -0.0468
   4340    693535   161   +5.702   11801    252    373  -0.0359  +1.0000  +0.1360  +0.1684
   4341    693696   161   +2.898   10137    271    273  -0.1807  +0.6606  +0.2330  -0.0639
   4342    693861   165   +4.007   10545    264    278  -0.1597  +0.7677  -0.0129  -0.0012
   4343    694022   161   +4.133   10609    290    282  -0.1687  +0.7845  +0.1067  -0.0850
   4344    694184   162   +4.049   10989    276    213  -0.1135  +0.8842  +0.1728  -0.0059
   4345    694348   164   +6.259   12267    267    371  -0.0245  +1.0000  +0.3083  +0.1490
   4346    694506   158   +4.846   11076    246    296  -0.0696  +0.9070  +0.1626  +0.1247
   4347    694669   163   +3.004   10798    320    222  -0.1726  +0.8342  +0.1589  -0.1567
   4348    694824   155   +6.043   11849    249    322  -0.0078  +1.0000  +0.3565  +0.1883
   4349    694980   156   +4.382   11136    254    301  -0.0737  +0.9228  +0.1726  +0.0944
   4350    695139   159   +6.168   12252    240    305  +0.0312  +1.0000  +0.4892  +0.2743
   4351    695294   155   +2.683    9726    248    310  -0.2295  +0.5527  -0.1192  -0.0193
   4352    695451   157   +2.334    9489    244    256  -0.2444  +0.4905  -0.0901  -0.0266
   4353    695614   163   +3.590   10070    263    382  -0.2150  +0.6432  -0.1254  -0.0443
   4354    695775   161   +5.572   12230    256    282  -0.0053  +1.0000  +0.3701  +0.1925
   4355    695932   157   +5.188   11915    269    352  -0.0570  +1.0000  +0.1115  +0.1062
   4356    696089   157   +2.621    9532    258    302  -0.2593  +0.5018  -0.1229  -0.0750
   4357    696246   157   +3.253    9596    262    376  -0.2505  +0.5187  -0.0461  -0.0854
   4358    696406   160   +4.796   11888    254    265  -0.0178  +1.0000  +0.3159  +0.1687
   4359    696564   158   +2.032    9349    316    347  -0.3187  +0.4538  -0.0367  -0.2614
   4360    696729   165   +6.239   12203    279    349  -0.0477  +1.0000  +0.2474  +0.0918
   4361    696884   155   +5.553   12076    252    335  -0.0020  +1.0000  +0.3854  +0.1982
   4362    697039   155   +4.092   10507    284    328  -0.1739  +0.7577  +0.0884  -0.0740
   4363    697200   161   +4.797   11546    268    294  -0.0621  +1.0000  +0.1479  +0.0769
   4364    697360   160   +3.610   10701    286    238  -0.1594  +0.8088  +0.0813  -0.0656
   4365    697518   158   +2.501   10360    287    225  -0.1858  +0.7190  +0.1376  -0.0976
   4366    697681   163   +1.676    9730    277    196  -0.2681  +0.5538  -0.2016  -0.1213
   4367    697834   153   +2.978   10415    278    238  -0.1655  +0.7335  +0.2058  -0.0649
   4368    697999   165   +4.620   11286    292    278  -0.1083  +0.9623  +0.1086  -0.0323
   4369    698157   158   +3.443   10368    238    310  -0.1472  +0.7213  -0.0466  +0.0905
   4370    698315   158   +4.114   10521    245    326  -0.1339  +0.7615  +0.0394  +0.0726
   4371    698476   161   +4.483   11420    291    296  -0.0720  +0.9973  +0.3410  -0.0180
   4372    698637   161   +5.142   11297    282    350  -0.0784  +0.9651  +0.2975  +0.0020
   4373    698794   157   +5.046   11881    273    317  -0.0490  +1.0000  +0.2507  +0.0865
   4374    698960   166   +5.760   11950    281    345  -0.0599  +1.0000  +0.2065  +0.0648
   4375    699124   164   +4.719   11177    286    372  -0.1202  +0.9337  +0.0383  -0.0248
   4376    699283   159   +2.641   10000    296    325  -0.2584  +0.6247  -0.1811  -0.1548
   4377    699443   160   +5.044   11334    272    360  -0.0807  +0.9748  +0.1252  +0.0438
   4378    699599   156   +4.781   11010    229    367  -0.0628  +0.8897  +0.0409  +0.2022
   4379    699760   161   +3.818   10400    259    349  -0.1636  +0.7297  +0.0262  +0.0046
   4380    699922   162   +4.524   11148    265    260  -0.0801  +0.9260  +0.2236  +0.0533
   4381    700080   158   +3.551   10093    246    350  -0.1817  +0.6491  -0.0174  +0.0258
   4382    700244   164   +2.970    9839    290    313  -0.2551  +0.5825  -0.0523  -0.1516
   4383    700402   158   +4.557   10855    268    353  -0.1231  +0.8490  +0.1052  +0.0138
   4384    700559   157   +4.204   10456    262    346  -0.1621  +0.7444  +0.0219  -0.0015
   4385    700721   162   +2.959    9590    277    421  -0.2688  +0.5171  -0.0766  -0.1347
   4386    700880   159   +4.198   10802    266    282  -0.1306  +0.8351  +0.0665  +0.0132
   4387    701043   163   +2.590    9653    310    336  -0.2980  +0.5337  -0.1497  -0.2214
   4388    701204   161   +0.450    8787    286    246  -0.3656  +0.3063  -0.2242  -0.2325
   4389    701364   160   +4.499   11173    296    304  -0.1190  +0.9325  +0.1439  -0.0551
   4390    701525   161   +4.692   10925    248    304  -0.0872  +0.8676  +0.1538  +0.1016
   4391    701684   159   +5.341   11783    280    326  -0.0575  +1.0000  +0.2674  +0.0526
   4392    701842   158   +3.567   10803    246    240  -0.1090  +0.8355  +0.0351  +0.0956
   4393    701996   154   +4.362   10790    271    363  -0.1282  +0.8320  +0.1544  -0.0053
   4394    702154   158   +2.204    9718    264    258  -0.2581  +0.5506  -0.2202  -0.0789
   4395    702307   153   +4.208   10647    263    335  -0.1461  +0.7944  +0.0128  +0.0135
   4396    702467   160   +5.051   11699    288    278  -0.0729  +1.0000  +0.2260  +0.0151
   4397    702624   157   +3.614   10624    297    348  -0.1825  +0.7886  +0.0221  -0.1063
   4398    702783   159   +5.591   11844    256    341  -0.0311  +1.0000  +0.2215  +0.1557
   4399    702950   167   +4.946   11642    287    244  -0.0827  +1.0000  +0.1309  +0.0142
   4400    703108   158   +5.875   12125    247    329  -0.0065  +1.0000  +0.2491  +0.2288

  ── rolling mean (last 100 ep) ──  cum_R=+4.112  yield=10850 kg/ha  N=272  W=303 mm  R_seas=-0.1351  R_ane=+0.0052

   4401    703269   161   +5.185   11965    257    296  -0.0240  +1.0000  +0.2730  +0.1622
   4402    703430   161   +3.823   10472    259    318  -0.1418  +0.7484  +0.1761  +0.0117
   4403    703587   157   +5.800   11523    250    367  -0.0298  +1.0000  +0.2487  +0.1511
   4404    703748   161   +6.165   12057    268    336  -0.0237  +1.0000  +0.3846  +0.1260
   4405    703915   167   +4.966   11939    278    292  -0.0467  +1.0000  +0.3075  +0.0752
   4406    704073   158   +3.585   10814    281    293  -0.1422  +0.8384  +0.0938  -0.0371
   4407    704231   158   +3.277   10821    292    220  -0.1428  +0.8401  +0.1932  -0.0739
   4408    704390   159   +6.026   12522    248    342  +0.0266  +1.0000  +0.4834  +0.2609
   4409    704556   166   +2.216   10151    281    240  -0.2190  +0.6642  -0.0577  -0.0975
   4410    704714   158   +5.721   12506    264    324  -0.0063  +1.0000  +0.3879  +0.1832
   4411    704870   156   +2.641   10493    301    280  -0.1951  +0.7541  +0.0495  -0.1285
   4412    705032   162   +3.787   10435    298    255  -0.2111  +0.7388  -0.0831  -0.1248
   4413    705198   166   +2.511   10248    315    276  -0.2228  +0.6897  +0.1085  -0.1868
   4414    705359   161   +5.521   12494    303    296  -0.0503  +1.0000  +0.4065  +0.0301
   4415    705513   154   +4.141   11029    267    234  -0.0893  +0.8948  +0.2734  +0.0320
   4416    705670   157   +5.670   11009    238    449  -0.0731  +0.8895  +0.0778  +0.1559
   4417    705828   158   +2.652   10021    293    262  -0.2346  +0.6302  +0.0095  -0.1438
   4418    705987   159   +2.840   10690    297    202  -0.1545  +0.8059  +0.2415  -0.1005
   4419    706146   159   +5.114   12488    290    267  -0.0308  +1.0000  +0.4675  +0.0750
   4420    706304   158   +3.015   10074    262    263  -0.1982  +0.6442  +0.0191  -0.0371
   4421    706454   150   +5.334   11744    257    280  -0.0309  +1.0000  +0.2697  +0.1406
   4422    706615   161   +2.243    9726    272    204  -0.2579  +0.5528  -0.1416  -0.1065
   4423    706777   162   +4.317   10803    250    331  -0.1132  +0.8355  +0.0318  +0.0823
   4424    706932   155   +3.005   10181    253    264  -0.1802  +0.6721  -0.0039  +0.0071
   4425    707093   161   +4.184   11008    285    266  -0.1234  +0.8892  +0.1481  -0.0349
   4426    707258   165   +4.622   11922    270    314  -0.0440  +1.0000  +0.2537  +0.1022
   4427    707417   159   +4.679   12043    283    266  -0.0556  +1.0000  +0.2509  +0.0645
   4428    707577   160   +6.069   12489    261    335  +0.0111  +1.0000  +0.5271  +0.1947
   4429    707739   162   +4.618   11028    276    318  -0.1196  +0.8944  +0.0689  -0.0003
   4430    707899   160   +6.138   11595    234    414  +0.0055  +1.0000  +0.3366  +0.2393
   4431    708061   162   +6.274   12876    263    347  +0.0020  +1.0000  +0.3443  +0.2251
   4432    708222   161   +4.952   11261    286    262  -0.0888  +0.9556  +0.2645  -0.0139
   4433    708379   157   +2.640    9977    302    288  -0.2403  +0.6186  +0.0721  -0.1739
   4434    708537   158   +4.876   10848    299    436  -0.1593  +0.8473  +0.0642  -0.0920
   4435    708697   160   +4.710   11069    292    346  -0.1273  +0.9052  +0.1212  -0.0525
   4436    708857   160   +4.937   11782    305    249  -0.0662  +1.0000  +0.4376  -0.0333
   4437    709014   157   +5.659   11974    280    376  -0.0582  +1.0000  +0.2076  +0.0703
   4438    709179   165   +3.331   10559    289    235  -0.1561  +0.7715  +0.2713  -0.0868
   4439    709340   161   +6.674   11817    235    406  +0.0098  +1.0000  +0.3199  +0.2593
   4440    709501   161   +4.936   11759    273    271  -0.0551  +1.0000  +0.2226  +0.0756
   4441    709667   166   +5.326   12023    284    330  -0.0610  +1.0000  +0.2155  +0.0582
   4442    709825   158   +4.636   11227    289    360  -0.1106  +0.9468  +0.1114  -0.0281
   4443    709984   159   +3.674   10573    265    299  -0.1389  +0.7750  +0.1820  -0.0029
   4444    710148   164   +5.767   11958    289    338  -0.0561  +1.0000  +0.3327  +0.0356
   4445    710304   156   +6.235   12484    240    320  +0.0424  +1.0000  +0.5176  +0.3023
   4446    710463   159   +4.871   11491    305    275  -0.0851  +1.0000  +0.3219  -0.0576
   4447    710629   166   +3.772   10301    304    377  -0.2176  +0.7038  +0.0247  -0.1535
   4448    710779   150   +4.599   11771    270    234  -0.0478  +1.0000  +0.2473  +0.0914
   4449    710937   158   +4.318   11230    319    242  -0.1307  +0.9476  +0.1850  -0.1203
   4450    711096   159   +4.218   10619    253    340  -0.1394  +0.7872  -0.0080  +0.0488
   4451    711251   155   +3.384   10154    275    335  -0.2080  +0.6651  -0.0125  -0.0769
   4452    711411   160   +5.604   13308    278    285  -0.0019  +1.0000  +0.3894  +0.1972
   4453    711573   162   +4.712   11751    267    286  -0.0427  +1.0000  +0.2719  +0.1003
   4454    711731   158   +4.539   11696    274    219  -0.0378  +1.0000  +0.4258  +0.0654
   4455    711894   163   +2.227    9829    298    234  -0.2669  +0.5798  -0.0939  -0.1747
   4456    712056   162   +5.102   11515    270    276  -0.0500  +1.0000  +0.2993  +0.0669
   4457    712214   158   +5.005   10995    251    382  -0.0853  +0.8858  +0.1478  +0.0950
   4458    712378   164   +2.790   10006    269    294  -0.2232  +0.6263  -0.0866  -0.0705
   4459    712543   165   +5.282   11843    289    262  -0.0672  +1.0000  +0.2533  +0.0249
   4460    712697   154   +3.254    9618    281    436  -0.2598  +0.5245  +0.0242  -0.1446
   4461    712853   156   +2.168    9482    263    234  -0.2706  +0.4888  -0.1360  -0.0974
   4462    713014   161   +6.592   11523    252    442  -0.0373  +1.0000  +0.1929  +0.1446
   4463    713177   163   +5.131   12224    282    286  -0.0456  +1.0000  +0.2977  +0.0820
   4464    713339   162   +4.049   10742    275    342  -0.1446  +0.8194  +0.0800  -0.0248
   4465    713490   151   +5.098   11677    273    314  -0.0582  +1.0000  +0.2099  +0.0694
   4466    713653   163   +4.776   11128    267    312  -0.0976  +0.9206  +0.0941  +0.0426
   4467    713814   161   +4.281   11312    285    270  -0.0835  +0.9689  +0.2685  -0.0085
   4468    713975   161   +2.627    9549    260    363  -0.2606  +0.5063  -0.1310  -0.0804
   4469    714136   161   +5.392   12328    280    295  -0.0318  +1.0000  +0.3813  +0.1001
   4470    714295   159   +2.160    9431    271    330  -0.2910  +0.4753  -0.2082  -0.1301
   4471    714455   160   +3.907   10451    268    349  -0.1626  +0.7430  +0.0975  -0.0269
   4472    714615   160   +4.366   10954    293    279  -0.1471  +0.8752  +0.0408  -0.0665
   4473    714770   155   +3.957   10875    282    316  -0.1261  +0.8542  +0.2114  -0.0362
   4474    714927   157   +4.961   11576    284    306  -0.0742  +1.0000  +0.2043  +0.0179
   4475    715084   157   +5.296   12058    256    272  -0.0061  +1.0000  +0.4044  +0.1781
   4476    715248   164   +5.618   12112    308    280  -0.0843  +1.0000  +0.2077  -0.0169
   4477    715403   155   +5.027   10911    259    368  -0.1111  +0.8638  +0.0687  +0.0536
   4478    715568   165   +2.965   10124    312    320  -0.2450  +0.6572  -0.0279  -0.1883
   4479    715735   167   +4.621   11528    271    276  -0.0708  +1.0000  +0.1014  +0.0634
   4480    715887   152   +6.761   13676    257    333  +0.0572  +1.0000  +0.5779  +0.3314
   4481    716052   165   +4.452   11040    317    359  -0.1497  +0.8978  +0.1496  -0.1305
   4482    716212   160   +2.950   10193    305    324  -0.2378  +0.6753  -0.0703  -0.1654
   4483    716370   158   +3.575   11091    280    225  -0.1085  +0.9111  +0.1689  -0.0105
   4484    716525   155   +5.808   12658    257    342  +0.0236  +1.0000  +0.5386  +0.2324
   4485    716682   157   +3.973   10394    271    370  -0.1848  +0.7281  -0.0488  -0.0396
   4486    716841   159   +5.126   11405    299    335  -0.0866  +0.9936  +0.2916  -0.0473
   4487    716996   155   +2.980   10485    287    200  -0.1759  +0.7519  +0.1208  -0.0866
   4488    717159   163   +5.288   12064    307    308  -0.0899  +1.0000  +0.1517  -0.0168
   4489    717324   165   +5.258   11959    264    275  -0.0335  +1.0000  +0.2657  +0.1331
   4490    717488   164   +3.335   10108    285    307  -0.2157  +0.6530  +0.0494  -0.1130
   4491    717648   160   +4.921   11609    280    329  -0.0696  +1.0000  +0.1918  +0.0374
   4492    717813   165   +2.616    9303    294    296  -0.3198  +0.4417  -0.1713  -0.2104
   4493    717975   162   +6.462   12310    286    448  -0.0546  +1.0000  +0.2245  +0.0766
   4494    718141   166   +1.451    9188    326    242  -0.3628  +0.4117  -0.2729  -0.2949
   4495    718301   160   +3.343   10492    293    306  -0.1863  +0.7538  +0.0636  -0.1038
   4496    718459   158   +5.752   11607    293    391  -0.0849  +1.0000  +0.1789  -0.0093
   4497    718615   156   +5.761   11733    281    403  -0.0634  +1.0000  +0.2361  +0.0433
   4498    718780   165   +4.424   11652    301    249  -0.0965  +1.0000  +0.1344  -0.0331
   4499    718943   163   +3.423   10688    284    240  -0.1610  +0.8052  +0.0494  -0.0576
   4500    719099   156   +6.033   12627    274    358  -0.0170  +1.0000  +0.3772  +0.1510

  ── rolling mean (last 100 ep) ──  cum_R=+4.449  yield=11209 kg/ha  N=279  W=307 mm  R_seas=-0.1121  R_ane=+0.0122

   4501    719258   159   +4.609   10828    250    320  -0.0961  +0.8419  +0.1829  +0.0838
   4502    719421   163   +3.778   10187    286    345  -0.2129  +0.6738  +0.0162  -0.1098
   4503    719575   154   +5.512   11856    277    335  -0.0386  +1.0000  +0.4040  +0.0698
   4504    719738   163   +3.907   11228    290    234  -0.1116  +0.9470  +0.1169  -0.0336
   4505    719892   154   +6.176   12676    242    368  +0.0311  +1.0000  +0.3847  +0.3087
   4506    720054   162   +3.695   10925    265    239  -0.1182  +0.8674  +0.0610  +0.0294
   4507    720214   160   +5.313   12060    257    349  -0.0346  +1.0000  +0.1364  +0.1726
   4508    720379   165   +4.792   11178    284    357  -0.1139  +0.9337  +0.0767  -0.0167
   4509    720540   161   +3.384   10285    277    320  -0.1993  +0.6996  -0.0234  -0.0729
   4510    720705   165   +3.280   10275    294    282  -0.2168  +0.6969  -0.0292  -0.1269
   4511    720864   159   +3.345   10533    280    253  -0.1662  +0.7646  +0.1107  -0.0614
   4512    721023   159   +5.178   12067    286    290  -0.0473  +1.0000  +0.3686  +0.0528
   4513    721186   163   +4.594   11304    312    308  -0.1220  +0.9670  +0.1413  -0.0929
   4514    721347   161   +4.517   10779    295    390  -0.1661  +0.8292  +0.0289  -0.0877
   4515    721513   166   +3.971   10970    290    265  -0.1305  +0.8793  +0.1595  -0.0541
   4516    721673   160   +2.906   10720    299    220  -0.1741  +0.8136  +0.0400  -0.1049
   4517    721832   159   +5.830   11189    270    395  -0.0812  +0.9367  +0.2416  +0.0348
   4518    721994   162   +5.565   12246    305    318  -0.0727  +1.0000  +0.2588  +0.0048
   4519    722155   161   +3.651   10705    280    301  -0.1431  +0.8096  +0.1782  -0.0443
   4520    722319   164   +4.639   10864    268    389  -0.1377  +0.8515  -0.0471  +0.0139
   4521    722474   155   +6.309   11209    226    442  -0.0162  +0.9419  +0.2558  +0.2424
   4522    722631   157   +5.122   11439    287    309  -0.0791  +1.0000  +0.2248  -0.0051
   4523    722787   156   +6.757   12184    243    334  +0.0189  +1.0000  +0.4270  +0.2538
   4524    722954   167   +5.042   11206    275    392  -0.0949  +0.9413  +0.1423  +0.0185
   4525    723112   158   +4.335   10881    256    278  -0.0999  +0.8560  +0.1747  +0.0620
   4526    723276   164   +3.752   10699    288    348  -0.1694  +0.8082  -0.0019  -0.0709
   4527    723426   150   +4.658   11040    266    371  -0.0957  +0.8975  +0.1865  +0.0376
   4528    723587   161   +3.621   10550    278    317  -0.1678  +0.7690  +0.0537  -0.0513
   4529    723747   160   +4.959   11472    285    304  -0.0766  +1.0000  +0.2195  +0.0049
   4530    723907   160   +5.396   12346    283    281  -0.0336  +1.0000  +0.3872  +0.0921
   4531    724059   152   +4.275   11174    268    314  -0.0932  +0.9328  +0.1026  +0.0445
   4532    724216   157   +5.678   11484    226    338  +0.0032  +1.0000  +0.2133  +0.2727
   4533    724379   163   +3.284   10966    302    202  -0.1375  +0.8781  +0.2057  -0.0921
   4534    724543   164   +4.118   11369    286    294  -0.1033  +0.9841  +0.0242  -0.0059
   4535    724703   160   +4.211   10518    247    319  -0.1375  +0.7608  +0.0290  +0.0646
   4536    724861   158   +3.536   10578    266    272  -0.1577  +0.7765  -0.0035  -0.0049
   4537    725025   164   +3.114   10768    327    209  -0.1916  +0.8261  +0.0477  -0.1763
   4538    725181   156   +3.740   11502    277    204  -0.0776  +1.0000  +0.1057  +0.0395
   4539    725345   164   +5.329   12214    262    258  -0.0102  +1.0000  +0.3978  +0.1666
   4540    725503   158   +4.582   11052    241    330  -0.0752  +0.9008  +0.0583  +0.1460
   4541    725667   164   +4.294   10943    294    260  -0.1306  +0.8722  +0.2184  -0.0682
   4542    725831   164   +4.120   11557    310    288  -0.1011  +1.0000  +0.1925  -0.0679
   4543    725990   159   +3.351   10556    299    253  -0.1782  +0.7706  +0.1439  -0.1174
   4544    726151   161   +5.419   11189    276    332  -0.0930  +0.9366  +0.1853  +0.0144
   4545    726307   156   +2.979    9620    296    344  -0.2883  +0.5250  -0.1323  -0.1877
   4546    726469   162   +4.944   11703    286    311  -0.0654  +1.0000  +0.2771  +0.0228
   4547    726629   160   +5.068   11039    240    349  -0.0699  +0.8974  +0.1104  +0.1490
   4548    726792   163   +4.225   10585    273    372  -0.1678  +0.7783  -0.0351  -0.0294
   4549    726955   163   +5.412   11531    294    298  -0.0819  +1.0000  +0.2348  -0.0178
   4550    727116   161   +2.681   10751    323    205  -0.1674  +0.8217  +0.2749  -0.1677
   4551    727276   160   +2.733    9982    271    271  -0.2374  +0.6200  -0.1836  -0.0800
   4552    727435   159   +2.823    9969    294    322  -0.2653  +0.6166  -0.2349  -0.1532
   4553    727595   160   +4.607   11585    264    264  -0.0507  +1.0000  +0.2026  +0.0968
   4554    727746   151   +4.351   10729    273    345  -0.1398  +0.8161  +0.1091  -0.0159
   4555    727902   156   +4.941   11700    285    277  -0.0622  +1.0000  +0.3037  +0.0249
   4556    728057   155   +0.886    8764    272    306  -0.3473  +0.3003  -0.1370  -0.1955
   4557    728217   160   +3.599    9761    256    406  -0.2381  +0.5619  -0.1420  -0.0478
   4558    728376   159   +5.865   12126    286    347  -0.0395  +1.0000  +0.4238  +0.0604
   4559    728538   162   +4.973   11475    271    301  -0.0497  +1.0000  +0.3240  +0.0597
   4560    728697   159   +5.095   11240    262    347  -0.0681  +0.9502  +0.2243  +0.0731
   4561    728852   155   +4.256    9926    285    441  -0.2523  +0.6054  -0.1458  -0.1301
   4562    729007   155   +4.863   11455    270    318  -0.0623  +1.0000  +0.1983  +0.0595
   4563    729162   155   +2.760    9242    274    358  -0.3036  +0.4257  -0.1316  -0.1561
   4564    729328   166   +2.003    9270    291    318  -0.3235  +0.4331  -0.2040  -0.2046
   4565    729484   156   +5.132   11136    267    335  -0.0885  +0.9230  +0.1846  +0.0411
   4566    729642   158   +4.175   10812    290    340  -0.1672  +0.8378  -0.0644  -0.0674
   4567    729797   155   +5.321   12155    280    291  -0.0451  +1.0000  +0.2985  +0.0836
   4568    729956   159   +4.228   10910    294    279  -0.1367  +0.8636  +0.1871  -0.0711
   4569    730114   158   +4.776   11855    296    293  -0.0815  +1.0000  +0.1853  -0.0002
   4570    730280   166   +4.854   11746    266    312  -0.0431  +1.0000  +0.2610  +0.1025
   4571    730443   163   +4.520   11348    292    247  -0.0779  +0.9786  +0.3619  -0.0290
   4572    730601   158   +4.176   11506    284    270  -0.0736  +1.0000  +0.2280  +0.0120
   4573    730764   163   +5.530   11060    261    434  -0.0964  +0.9029  +0.1018  +0.0589
   4574    730930   166   +4.034   11049    295    331  -0.1400  +0.9000  +0.0431  -0.0643
   4575    731086   156   +5.033   11804    259    315  -0.0360  +1.0000  +0.2220  +0.1395
   4576    731243   157   +3.436   10845    291    285  -0.1489  +0.8463  +0.1014  -0.0686
   4577    731397   154   +4.308   11293    261    264  -0.0476  +0.9641  +0.3669  +0.0823
   4578    731552   155   +3.726   10566    281    300  -0.1535  +0.7733  +0.2103  -0.0597
   4579    731711   159   +5.478   11222    264    374  -0.0910  +0.9454  +0.0354  +0.0637
   4580    731866   155   +3.360   10481    272    340  -0.1736  +0.7509  -0.0077  -0.0351
   4581    732023   157   +3.397   10606    290    301  -0.1738  +0.7838  +0.0631  -0.0867
   4582    732185   162   +4.476   11426    299    242  -0.0797  +0.9989  +0.3421  -0.0454
   4583    732344   159   +0.956    9011    301    320  -0.3582  +0.3650  -0.2388  -0.2520
   4584    732499   155   +4.225   10762    254    312  -0.1099  +0.8246  +0.1559  +0.0612
   4585    732656   157   +4.488   11224    293    309  -0.1032  +0.9459  +0.2330  -0.0431
   4586    732819   163   +5.877   11665    263    398  -0.0457  +1.0000  +0.2180  +0.1085
   4587    732978   159   +4.642   11210    286    301  -0.1034  +0.9422  +0.1664  -0.0185
   4588    733131   153   +6.378   11915    241    373  +0.0108  +1.0000  +0.3986  +0.2364
   4589    733295   164   +4.864   12356    299    291  -0.0502  +1.0000  +0.3972  +0.0337
   4590    733460   165   +3.580   10830    296    278  -0.1560  +0.8426  +0.0931  -0.0864
   4591    733620   160   +7.989   13244    229    456  +0.0839  +1.0000  +0.5057  +0.4446
   4592    733780   160   +4.115   11062    322    295  -0.1491  +0.9035  +0.1704  -0.1402
   4593    733942   162   +5.417   12477    290    340  -0.0422  +1.0000  +0.3459  +0.0775
   4594    734107   165   +4.176   11259    299    269  -0.1172  +0.9552  +0.1189  -0.0597
   4595    734270   163   +4.455   11228    295    276  -0.1023  +0.9469  +0.2573  -0.0492
   4596    734432   162   +5.639   12492    259    318  -0.0012  +1.0000  +0.3751  +0.2043
   4597    734591   159   +5.091   11876    290    315  -0.0774  +1.0000  +0.1572  +0.0231
   4598    734753   162   +3.467   10203    302    356  -0.2222  +0.6780  +0.0531  -0.1567
   4599    734918   165   +1.872    9406    282    212  -0.2898  +0.4686  -0.0732  -0.1654
   4600    735074   156   +5.440   11593    279    330  -0.0840  +1.0000  +0.0393  +0.0401

  ── rolling mean (last 100 ep) ──  cum_R=+4.393  yield=11099 kg/ha  N=279  W=313 mm  R_seas=-0.1170  R_ane=+0.0024

   4601    735233   159   +4.942   11025    290    375  -0.1234  +0.8938  +0.1840  -0.0508
   4602    735393   160   +5.432   10768    276    383  -0.1309  +0.8261  +0.2034  -0.0258
   4603    735553   160   +5.804   11703    255    341  -0.0330  +1.0000  +0.2338  +0.1455
   4604    735714   161   +4.292   11032    294    314  -0.1371  +0.8956  +0.0772  -0.0623
   4605    735877   163   +3.198   10846    299    266  -0.1566  +0.8467  +0.1004  -0.0943
   4606    736042   165   +4.953   10904    296    277  -0.1477  +0.8620  +0.1032  -0.0783
   4607    736199   157   +5.363   11785    289    346  -0.0507  +1.0000  +0.4299  +0.0210
   4608    736366   167   +3.976   10725    308    324  -0.1776  +0.8150  +0.0720  -0.1285
   4609    736525   159   +5.040   11278    251    291  -0.0537  +0.9601  +0.1984  +0.1213
   4610    736687   162   +4.954   11912    266    334  -0.0293  +1.0000  +0.3473  +0.1199
   4611    736843   156   +6.434   11388    223    396  +0.0063  +0.9891  +0.2595  +0.2770
   4612    737000   157   +5.271   10983    264    333  -0.0902  +0.8827  +0.2647  +0.0421
   4613    737151   151   +2.393    9962    272    314  -0.2252  +0.6148  -0.0315  -0.0858
   4614    737311   160   +4.563   10112    248    399  -0.1833  +0.6540  -0.0272  +0.0196
   4615    737473   162   +4.278   11083    293    335  -0.1374  +0.9089  +0.0149  -0.0538
   4616    737634   161   +3.058   10487    265    243  -0.1597  +0.7525  +0.0520  -0.0102
   4617    737800   166   +5.042   11732    291    336  -0.0830  +1.0000  +0.1425  +0.0090
   4618    737958   158   +4.211   10743    257    315  -0.1164  +0.8198  +0.1564  +0.0434
   4619    738121   163   +5.890   12274    293    388  -0.0581  +1.0000  +0.2779  +0.0470
   4620    738279   158   +3.245   10059    227    407  -0.1653  +0.6401  -0.0772  +0.1081
   4621    738437   158   +4.165   11170    294    291  -0.1144  +0.9318  +0.1774  -0.0504
   4622    738594   157   +3.712   10783    277    281  -0.1335  +0.8302  +0.1710  -0.0273
   4623    738751   157   +4.395   10720    272    329  -0.1412  +0.8135  +0.1036  -0.0165
   4624    738906   155   +3.951   10424    254    343  -0.1560  +0.7359  +0.0227  +0.0257
   4625    739072   166   +3.111   10120    307    302  -0.2490  +0.6562  -0.0994  -0.1771
   4626    739238   166   +5.582   10990    264    395  -0.0982  +0.8846  +0.1834  +0.0411
   4627    739401   163   +2.705    9456    302    358  -0.3194  +0.4819  -0.2463  -0.2175
   4628    739556   155   +4.791   11166    252    313  -0.0705  +0.9308  +0.1460  +0.1073
   4629    739713   157   +2.716   10133    274    272  -0.2114  +0.6596  -0.0379  -0.0749
   4630    739871   158   +5.457   12154    272    330  -0.0247  +1.0000  +0.4029  +0.1168
   4631    740029   158   +4.360   11019    251    324  -0.0830  +0.8921  +0.1465  +0.0979
   4632    740187   158   +3.289   10280    263    286  -0.1681  +0.6981  +0.1447  -0.0237
   4633    740347   160   +2.542   10146    290    278  -0.2314  +0.6630  -0.0908  -0.1269
   4634    740509   162   +5.792   11981    275    337  -0.0499  +1.0000  +0.2339  +0.0891
   4635    740670   161   +5.396   11988    273    281  -0.0355  +1.0000  +0.3475  +0.0991
   4636    740834   164   +4.798   11315    260    323  -0.0675  +0.9698  +0.1369  +0.0879
   4637    740993   159   +6.007   12485    244    418  +0.0136  +1.0000  +0.3001  +0.2786
   4638    741151   158   +5.277   11850    252    329  -0.0122  +1.0000  +0.3564  +0.1738
   4639    741317   166   +2.680   10138    304    277  -0.2414  +0.6610  -0.0650  -0.1673
   4640    741475   158   +3.176   10406    292    296  -0.2049  +0.7313  -0.0482  -0.1098
   4641    741628   153   +3.839   10881    283    315  -0.1380  +0.8558  +0.0944  -0.0379
   4642    741790   162   +4.993   11617    271    318  -0.0435  +1.0000  +0.3494  +0.0719
   4643    741951   161   +3.381   10219    294    242  -0.2209  +0.6821  -0.0261  -0.1295
   4644    742110   159   +4.949   11568    278    359  -0.0609  +1.0000  +0.2749  +0.0388
   4645    742266   156   +4.334   11389    293    210  -0.0784  +0.9891  +0.3266  -0.0278
   4646    742429   163   +4.902   11881    291    309  -0.0622  +1.0000  +0.3205  +0.0192
   4647    742592   163   +3.247   10072    277    358  -0.2337  +0.6436  -0.1687  -0.0923
   4648    742749   157   +5.349   11324    220    280  +0.0081  +0.9723  +0.2846  +0.2886
   4649    742907   158   +5.254   11983    259    331  -0.0177  +1.0000  +0.3572  +0.1554
   4650    743069   162   +4.367   11232    287    271  -0.0871  +0.9481  +0.3235  -0.0217
   4651    743235   166   +2.722   10022    292    312  -0.2495  +0.6303  -0.1481  -0.1410
   4652    743390   155   +4.580   11136    281    303  -0.0949  +0.9227  +0.2681  -0.0079
   4653    743547   157   +4.341   10822    251    350  -0.1131  +0.8403  +0.0334  +0.0781
   4654    743706   159   +3.084    9985    290    330  -0.2464  +0.6208  -0.0952  -0.1404
   4655    743864   158   +2.767    9924    281    253  -0.2220  +0.6046  +0.1182  -0.1164
   4656    744028   164   +4.475   10344    258    399  -0.1604  +0.7150  +0.0976  +0.0037
   4657    744189   161   +2.034    9891    292    297  -0.2535  +0.5961  -0.0707  -0.1516
   4658    744349   160   +4.201   11070    278    286  -0.1204  +0.9056  +0.0437  -0.0041
   4659    744507   158   +5.331   11232    251    430  -0.0641  +0.9480  +0.1309  +0.1195
   4660    744666   159   +2.447    9846    270    311  -0.2405  +0.5843  -0.1053  -0.0867
   4661    744827   161   +2.842   10567    292    261  -0.1811  +0.7735  +0.0434  -0.0961
   4662    744989   162   +4.534   11181    295    295  -0.1107  +0.9346  +0.2107  -0.0515
   4663    745150   161   +5.053   11373    294    324  -0.0943  +0.9849  +0.1879  -0.0312
   4664    745314   164   +6.323   11418    230    437  -0.0130  +0.9968  +0.1488  +0.2429
   4665    745471   157   +5.580   10971    254    398  -0.0831  +0.8795  +0.2280  +0.0809
   4666    745632   161   +6.178   12096    246    339  +0.0094  +1.0000  +0.4078  +0.2288
   4667    745789   157   +2.625   10280    306    254  -0.2032  +0.6982  +0.2046  -0.1607
   4668    745949   160   +4.855   11587    268    304  -0.0521  +1.0000  +0.2304  +0.0829
   4669    746108   159   +5.086   10878    203    401  -0.0364  +0.8550  -0.0255  +0.3413
   4670    746267   159   +2.170    9923    332    182  -0.2796  +0.6044  -0.0463  -0.2536
   4671    746426   159   +1.728    9332    305    291  -0.3267  +0.4495  -0.1858  -0.2349
   4672    746581   155   +5.096   11941    276    317  -0.0309  +1.0000  +0.4506  +0.0801
   4673    746752   171   +2.124    9620    283    275  -0.2767  +0.5250  -0.1318  -0.1493
   4674    746903   151   +3.752   10521    248    319  -0.1347  +0.7613  +0.0692  +0.0601
   4675    747063   160   +4.753   12157    281    292  -0.0393  +1.0000  +0.3609  +0.0820
   4676    747220   157   +4.460   10861    252    380  -0.1066  +0.8506  +0.0703  +0.0791
   4677    747376   156   +2.338   10087    298    232  -0.2305  +0.6476  +0.0361  -0.1534
   4678    747534   158   +3.479   11136    309    241  -0.1342  +0.9229  +0.1500  -0.0998
   4679    747691   157   +6.113   12637    252    391  +0.0058  +1.0000  +0.2963  +0.2539
   4680    747852   161   +5.515   12845    288    316  -0.0226  +1.0000  +0.4305  +0.1146
   4681    748016   164   +4.891   11468    260    297  -0.0480  +1.0000  +0.2085  +0.1039
   4682    748171   155   +4.555   10854    260    313  -0.1085  +0.8488  +0.1614  +0.0440
   4683    748329   158   +4.068   11383    296    271  -0.0804  +0.9876  +0.3386  -0.0371
   4684    748487   158   +3.197    9629    248    376  -0.2273  +0.5272  -0.0028  -0.0295
   4685    748651   164   +1.969   10058    308    225  -0.2617  +0.6400  -0.1681  -0.1828
   4686    748810   159   +4.700   11007    253    338  -0.0865  +0.8890  +0.1452  +0.0891
   4687    748964   154   +5.451   12192    274    358  -0.0412  +1.0000  +0.2542  +0.1111
   4688    749120   156   +5.290   11309    266    376  -0.0631  +0.9683  +0.2596  +0.0628
   4689    749279   159   +3.851   10370    296    298  -0.1983  +0.7218  +0.0804  -0.1226
   4690    749434   155   +4.741   10672    241    368  -0.1086  +0.8012  +0.0841  +0.1091
   4691    749595   161   +5.576   11887    286    328  -0.0618  +1.0000  +0.2676  +0.0381
   4692    749756   161   +5.667   12356    256    329  -0.0041  +1.0000  +0.3380  +0.2070
   4693    749917   161   +4.836   11239    271    325  -0.0869  +0.9498  +0.1443  +0.0374
   4694    750080   163   +4.431   11565    295    282  -0.0865  +1.0000  +0.1973  -0.0208
   4695    750235   155   +3.738   10347    271    337  -0.1874  +0.7158  -0.0299  -0.0446
   4696    750401   166   +5.254   11926    293    302  -0.0568  +1.0000  +0.3836  +0.0161
   4697    750564   163   +5.321   12366    266    289  -0.0192  +1.0000  +0.3245  +0.1612
   4698    750723   159   +4.031   10832    266    313  -0.1225  +0.8429  +0.1158  +0.0174
   4699    750885   162   +4.032   11026    307    277  -0.1448  +0.8940  +0.1226  -0.1018
   4700    751045   160   +5.471   12782    259    292  +0.0232  +1.0000  +0.5275  +0.2349

  ── rolling mean (last 100 ep) ──  cum_R=+4.325  yield=11026 kg/ha  N=274  W=319 mm  R_seas=-0.1186  R_ane=+0.0142

   4701    751198   153   +2.711    9748    271    338  -0.2533  +0.5585  -0.1246  -0.1015
   4702    751363   165   +3.771   10375    236    392  -0.1486  +0.7231  -0.0980  +0.1014
   4703    751521   158   +2.998   10008    280    281  -0.2279  +0.6268  -0.0277  -0.1061
   4704    751681   160   +1.121    9802    325    205  -0.2870  +0.5728  -0.0640  -0.2458
   4705    751845   164   +4.279   11121    321    295  -0.1568  +0.9189  +0.0344  -0.1333
   4706    752007   162   +4.545   11751    286    230  -0.0521  +1.0000  +0.4021  +0.0255
   4707    752168   161   +5.703   11986    242    333  +0.0016  +1.0000  +0.2961  +0.2399
   4708    752327   159   +5.207   11752    265    271  -0.0347  +1.0000  +0.3254  +0.1092
   4709    752490   163   +5.031   11596    256    330  -0.0434  +1.0000  +0.1747  +0.1304
   4710    752652   162   +3.419   10906    290    262  -0.1332  +0.8624  +0.1956  -0.0613
   4711    752812   160   +4.625   12236    280    169  -0.0198  +1.0000  +0.5196  +0.0940
   4712    752970   158   +2.642    9852    332    316  -0.2877  +0.5858  -0.0668  -0.2582
   4713    753132   162   +5.330   12635    288    270  -0.0178  +1.0000  +0.5335  +0.0961
   4714    753291   159   +4.776   11640    272    286  -0.0601  +1.0000  +0.1909  +0.0695
   4715    753452   161   +4.237   11226    299    304  -0.1217  +0.9464  +0.1044  -0.0623
   4716    753618   166   +5.075   12273    276    253  -0.0256  +1.0000  +0.4030  +0.1137
   4717    753779   161   +3.564   11544    286    223  -0.0843  +1.0000  +0.1336  +0.0078
   4718    753936   157   +3.427   10663    288    326  -0.1727  +0.7986  -0.0032  -0.0734
   4719    754087   151   +5.100   11507    256    305  -0.0343  +1.0000  +0.2929  +0.1214
   4720    754253   166   +4.862   11744    267    324  -0.0529  +1.0000  +0.1663  +0.1015
   4721    754412   159   +3.200   10565    299    248  -0.1836  +0.7729  +0.0818  -0.1166
   4722    754570   158   +5.235   11519    281    371  -0.0653  +1.0000  +0.2712  +0.0251
   4723    754730   160   +4.830   11069    239    317  -0.0652  +0.9052  +0.1081  +0.1590
   4724    754885   155   +3.360   10373    249    229  -0.1484  +0.7226  +0.0801  +0.0432
   4725    755047   162   +4.461   11618    308    291  -0.0805  +1.0000  +0.3624  -0.0558
   4726    755205   158   +6.318   11924    250    415  -0.0087  +1.0000  +0.3362  +0.1923
   4727    755373   168   +4.512   10808    280    387  -0.1423  +0.8369  +0.0934  -0.0363
   4728    755538   165   +4.942   11145    233    339  -0.0439  +0.9251  +0.1603  +0.1961
   4729    755692   154   +4.973   11824    274    290  -0.0512  +1.0000  +0.2498  +0.0793
   4730    755852   160   +4.137   11222    286    237  -0.0948  +0.9454  +0.2503  -0.0208
   4731    756009   157   +5.548   11458    246    357  -0.0290  +1.0000  +0.2188  +0.1638
   4732    756165   156   +5.953   11884    249    367  -0.0089  +1.0000  +0.3327  +0.1929
   4733    756319   154   +6.065   11646    236    387  -0.0026  +1.0000  +0.2710  +0.2343
   4734    756481   162   +3.335   10784    294    253  -0.1437  +0.8305  +0.2311  -0.0814
   4735    756645   164   +4.609   11298    278    293  -0.0930  +0.9653  +0.1145  +0.0142
   4736    756801   156   +3.008    9607    289    378  -0.2770  +0.5215  -0.0641  -0.1699
   4737    756962   161   +2.771    9930    291    336  -0.2571  +0.6062  -0.1435  -0.1478
   4738    757122   160   +6.021   12226    255    327  +0.0065  +1.0000  +0.4669  +0.1995
   4739    757279   157   +4.033   10572    252    339  -0.1184  +0.7749  +0.2305  +0.0493
   4740    757443   164   +4.383   11198    292    292  -0.1215  +0.9391  +0.0581  -0.0403
   4741    757605   162   +1.969    9132    274    339  -0.3101  +0.3969  -0.0911  -0.1674
   4742    757759   154   +2.625   10097    242    276  -0.1703  +0.6501  +0.0442  +0.0424
   4743    757917   158   +5.277   11154    290    282  -0.1093  +0.9274  +0.2086  -0.0400
   4744    758071   154   +3.479   10351    273    318  -0.1926  +0.7167  -0.0583  -0.0531
   4745    758231   160   +3.936   10998    270    261  -0.1181  +0.8867  +0.0522  +0.0167
   4746    758389   158   +6.131   11765    245    398  -0.0170  +1.0000  +0.2270  +0.2009
   4747    758543   154   +5.479   11580    242    278  -0.0001  +1.0000  +0.4047  +0.1982
   4748    758703   160   +2.909    9451    262    340  -0.2705  +0.4806  -0.1114  -0.0983
   4749    758862   159   +4.516   10763    287    375  -0.1601  +0.8249  +0.0249  -0.0626
   4750    759022   160   +6.024   11918    267    434  -0.0493  +1.0000  +0.1575  +0.1163
   4751    759189   167   +6.397   12229    271    390  -0.0205  +1.0000  +0.4118  +0.1278
   4752    759346   157   +3.668   10199    256    331  -0.1749  +0.6770  +0.0671  -0.0028
   4753    759506   160   +4.990   11332    254    309  -0.0501  +0.9742  +0.2200  +0.1143
   4754    759667   161   +3.741   10764    293    309  -0.1545  +0.8252  +0.1401  -0.0828
   4755    759824   157   +4.025    9992    269    356  -0.2273  +0.6225  -0.1181  -0.0705
   4756    759987   163   +5.153   11862    269    272  -0.0441  +1.0000  +0.2538  +0.1018
   4757    760150   163   +4.661   11325    302    275  -0.1021  +0.9724  +0.2353  -0.0624
   4758    760312   162   +3.430   10586    309    322  -0.1816  +0.7785  +0.1688  -0.1437
   4759    760466   154   +6.543   11822    238    393  -0.0046  +1.0000  +0.2273  +0.2421
   4760    760626   160   -0.138    7823    285    298  -0.4696  +0.0533  -0.3910  -0.3127
   4761    760784   158   +4.677   10832    226    303  -0.0698  +0.8431  +0.0931  +0.2003
   4762    760943   159   +6.534   12440    223    349  +0.0651  +1.0000  +0.4640  +0.3957
   4763    761099   156   +4.703   11082    244    341  -0.0596  +0.9087  +0.2321  +0.1333
   4764    761258   159   +4.762   11857    272    307  -0.0485  +1.0000  +0.2478  +0.0891
   4765    761421   163   +3.547   10589    272    295  -0.1663  +0.7792  -0.0326  -0.0260
   4766    761576   155   +4.979   11414    250    332  -0.0307  +0.9957  +0.2827  +0.1405
   4767    761735   159   +4.898   10939    260    385  -0.1152  +0.8711  +0.0136  +0.0524
   4768    761895   160   +4.830   11251    269    342  -0.0851  +0.9531  +0.1328  +0.0445
   4769    762042   147   +3.861   10418    244    270  -0.1307  +0.7345  +0.1499  +0.0690
   4770    762207   165   +4.783   11717    273    286  -0.0632  +1.0000  +0.1525  +0.0717
   4771    762367   160   +4.752   10914    223    375  -0.0625  +0.8646  +0.0491  +0.2216
   4772    762534   167   +3.423    9761    262    404  -0.2376  +0.5619  -0.0698  -0.0704
   4773    762693   159   +6.514   11567    225    414  -0.0054  +1.0000  +0.0860  +0.2867
   4774    762852   159   +4.663   10947    232    328  -0.0711  +0.8731  +0.0620  +0.1815
   4775    762909    57   -8.085       0      5     24  -0.6993  -1.0000  -1.0000  -1.0000
   4776    763068   159   +4.702   10690    260    363  -0.1306  +0.8057  +0.0980  +0.0272
   4777    763220   152   +5.312   11482    251    304  -0.0302  +1.0000  +0.2675  +0.1435
   4778    763384   164   +5.619   12174    287    348  -0.0626  +1.0000  +0.1899  +0.0615
   4779    763545   161   +4.804   11621    282    278  -0.0748  +1.0000  +0.1589  +0.0310
   4780    763705   160   +3.145    9359    288    354  -0.3073  +0.4565  -0.1558  -0.1862
   4781    763867   162   +3.739   10362    285    308  -0.1915  +0.7198  +0.0550  -0.0899
   4782    764028   161   +2.558   10111    264    266  -0.2078  +0.6539  -0.0870  -0.0420
   4783    764187   159   +4.433   10741    254    337  -0.1196  +0.8192  +0.0830  +0.0578
   4784    764344   157   +3.838   10681    278    276  -0.1590  +0.8035  +0.0179  -0.0388
   4785    764504   160   +2.441    9460    243    315  -0.2471  +0.4829  -0.0981  -0.0266
   4786    764667   163   +5.362   12425    252    261  -0.0018  +1.0000  +0.2830  +0.2329
   4787    764832   165   +4.415   10630    264    355  -0.1402  +0.7901  +0.0973  +0.0085
   4788    764990   158   +5.755   11265    249    429  -0.0582  +0.9566  +0.1384  +0.1292
   4789    765143   153   +4.493   11744    252    168  -0.0138  +1.0000  +0.3606  +0.1672
   4790    765303   160   +4.562   10646    260    357  -0.1465  +0.7942  -0.0158  +0.0218
   4791    765465   162   +4.066    9720    224    424  -0.1915  +0.5511  -0.0424  +0.0832
   4792    765623   158   +5.190   11424    267    303  -0.0622  +0.9983  +0.1729  +0.0697
   4793    765786   163   +1.979    9378    282    222  -0.2936  +0.4614  -0.0794  -0.1701
   4794    765951   165   +4.563   11284    262    327  -0.0655  +0.9617  +0.2056  +0.0784
   4795    766106   155   +2.889   10234    238    258  -0.1504  +0.6862  +0.0604  +0.0735
   4796    766256   150   +3.858   10385    231    303  -0.1171  +0.7257  +0.1435  +0.1236
   4797    766409   153   +5.167   11407    235    362  -0.0141  +0.9940  +0.2376  +0.2122
   4798    766575   166   +4.661   11176    283    275  -0.1029  +0.9332  +0.1745  -0.0123
   4799    766741   166   +3.602   10104    264    311  -0.1957  +0.6519  +0.0439  -0.0434
   4800    766897   156   +5.442   11597    254    308  -0.0274  +1.0000  +0.2988  +0.1425

  ── rolling mean (last 100 ep) ──  cum_R=+4.244  yield=10880 kg/ha  N=264  W=313 mm  R_seas=-0.1186  R_ane=+0.0296

   4801    767050   153   +4.678   10682    245    374  -0.1045  +0.8036  +0.1701  +0.0919
   4802    767205   155   +2.791    9376    235    371  -0.2544  +0.4610  -0.1842  -0.0042
   4803    767368   163   +6.870   12063    212    402  +0.0703  +1.0000  +0.4370  +0.4221
   4804    767533   165   +4.953   11286    268    282  -0.0823  +0.9623  +0.1176  +0.0511
   4805    767695   162   +2.077    9825    277    230  -0.2508  +0.5786  -0.1178  -0.1124
   4806    767855   160   +3.545   10498    255    290  -0.1495  +0.7552  +0.0315  +0.0285
   4807    768019   164   +0.685    8718    305    277  -0.3902  +0.2881  -0.2689  -0.2845
   4808    768182   163   +6.890   12357    246    416  +0.0190  +1.0000  +0.4233  +0.2557
   4809    768349   167   +4.122    9969    284    382  -0.2385  +0.6165  -0.0638  -0.1208
   4810    768515   166   +2.869    9969    293    243  -0.2536  +0.6166  -0.1309  -0.1489
   4811    768679   164   +4.402   10544    249    310  -0.1356  +0.7675  +0.0438  +0.0605
   4812    768841   162   +6.105   11614    232    425  -0.0024  +1.0000  +0.2240  +0.2505
   4813    768998   157   +3.255   10484    267    226  -0.1445  +0.7518  +0.2304  -0.0182
   4814    769159   161   +5.302   12096    232    276  +0.0227  +1.0000  +0.3178  +0.3029
   4815    769316   157   +4.089   10704    241    410  -0.1286  +0.8096  -0.1452  +0.1117
   4816    769479   163   +3.124   10228    264    287  -0.1957  +0.6846  -0.0713  -0.0325
   4817    769642   163   +5.162   10851    239    396  -0.0978  +0.8480  -0.0070  +0.1362
   4818    769800   158   +3.541   10666    268    261  -0.1360  +0.7996  +0.1571  -0.0052
   4819    769961   161   +3.146   10443    287    208  -0.1858  +0.7410  +0.0604  -0.0902
   4820    770124   163   +3.625   10512    259    242  -0.1484  +0.7590  +0.0736  +0.0149
   4821    770289   165   +2.832   10164    284    246  -0.2166  +0.6678  -0.0215  -0.1047
   4822    770452   163   +5.564   12493    260    295  -0.0062  +1.0000  +0.3415  +0.1989
   4823    770616   164   +7.233   12998    234    402  +0.0544  +1.0000  +0.3707  +0.3911
   4824    770773   157   +5.971   11950    228    325  +0.0412  +1.0000  +0.4800  +0.3106
   4825    770931   158   +2.283    9696    255    290  -0.2350  +0.5447  -0.0632  -0.0495
   4826    771092   161   +3.266   10002    259    272  -0.2068  +0.6251  -0.0239  -0.0357
   4827    771255   163   +3.829   10542    286    292  -0.1948  +0.7669  -0.1331  -0.0775
   4828    771413   158   +1.695    9865    262    187  -0.2271  +0.5893  -0.0681  -0.0586
   4829    771568   155   +4.918   11534    227    350  -0.0088  +1.0000  +0.0938  +0.2726
   4830    771734   166   +4.812   11420    262    320  -0.0634  +0.9973  +0.0986  +0.0913
   4831    771894   160   +4.001   10014    234    381  -0.1709  +0.6282  +0.0145  +0.0688
   4832    772056   162   +2.729    9758    275    272  -0.2571  +0.5613  -0.1378  -0.1121
   4833    772214   158   +5.187   11784    263    295  -0.0385  +1.0000  +0.2517  +0.1211
   4834    772381   167   +4.942   11229    291    307  -0.1163  +0.9473  +0.0774  -0.0363
   4835    772547   166   +5.728   11844    239    340  -0.0017  +1.0000  +0.2626  +0.2400
   4836    772703   156   +4.391   11345    262    243  -0.0696  +0.9777  +0.1147  +0.0818
   4837    772870   167   +6.163   12360    239    297  +0.0199  +1.0000  +0.3171  +0.2940
   4838    773025   155   +5.730   11978    227    288  +0.0371  +1.0000  +0.4198  +0.3172
   4839    773188   163   +5.184   11717    257    254  -0.0432  +1.0000  +0.1503  +0.1391
   4840    773348   160   +3.332    9872    239    334  -0.1947  +0.5910  -0.0170  +0.0308
   4841    773514   166   +4.727   11265    284    262  -0.0888  +0.9566  +0.2423  -0.0074
   4842    773676   162   +4.055   10803    251    309  -0.1111  +0.8354  +0.0736  +0.0756
   4843    773839   163   +4.721   11026    242    302  -0.0667  +0.8941  +0.1815  +0.1389
   4844    774002   163   +5.109   12248    278    289  -0.0284  +1.0000  +0.4102  +0.1019
   4845    774162   160   +3.104    9945    276    329  -0.2379  +0.6102  -0.1037  -0.1004
   4846    774327   165   +2.695   10362    306    154  -0.2101  +0.7197  +0.0630  -0.1545
   4847    774488   161   +4.803   11204    240    295  -0.0532  +0.9407  +0.1157  +0.1667
   4848    774652   164   +5.973   11597    253    352  -0.0391  +1.0000  +0.1752  +0.1445
   4849    774803   151   +6.281   11478    237    328  +0.0129  +1.0000  +0.4989  +0.2100
   4850    774960   157   +4.200   10398    233    312  -0.1105  +0.7291  +0.2234  +0.1164
   4851    775116   156   +4.926   11018    230    325  -0.0552  +0.8919  +0.1274  +0.1970
   4852    775281   165   +4.608   11038    231    290  -0.0559  +0.8971  +0.1172  +0.1938
   4853    775441   160   +4.898   11196    246    311  -0.0490  +0.9387  +0.2482  +0.1384
   4854    775598   157   +2.115    9321    269    301  -0.3055  +0.4464  -0.2676  -0.1346
   4855    775766   168   +4.836   11666    268    299  -0.0442  +1.0000  +0.2962  +0.0873
   4856    775928   162   +3.502    9976    250    333  -0.1958  +0.6183  +0.0094  -0.0044
   4857    776085   157   +3.128   10294    252    282  -0.1606  +0.7020  +0.0806  +0.0193
   4858    776244   159   +4.367   10480    249    347  -0.1463  +0.7506  +0.0096  +0.0504
   4859    776402   158   +5.610   12185    251    287  +0.0038  +1.0000  +0.3991  +0.2129
   4860    776570   168   +5.905   11403    252    272  -0.0327  +0.9928  +0.3012  +0.1300
   4861    776722   152   +4.180   10598    232    299  -0.0920  +0.7816  +0.2017  +0.1414
   4862    776887   165   +3.711   10543    276    362  -0.1889  +0.7671  -0.1685  -0.0460
   4863    777045   158   +5.958   11515    246    411  -0.0289  +1.0000  +0.1962  +0.1718
   4864    777206   161   +4.183   10238    239    341  -0.1602  +0.6873  -0.0392  +0.0729
   4865    777372   166   +4.024   10528    250    386  -0.1517  +0.7632  -0.0831  +0.0527
   4866    777536   164   +5.880   12645    272    307  +0.0096  +1.0000  +0.6111  +0.1617
   4867    777696   160   +3.145   10076    261    341  -0.2066  +0.6448  -0.0782  -0.0333
   4868    777857   161   +3.561   10720    248    281  -0.1242  +0.8136  -0.0199  +0.0813
   4869    778016   159   +5.801   11591    248    351  -0.0149  +1.0000  +0.3521  +0.1662
   4870    778181   165   +4.660   11165    247    402  -0.0773  +0.9305  +0.0159  +0.1283
   4871    778336   155   +3.866   10980    213    245  -0.0232  +0.8819  +0.2014  +0.2872
   4872    778496   160   +5.717   11953    248    356  -0.0194  +1.0000  +0.1832  +0.2074
   4873    778655   159   +6.084   12558    236    322  +0.0447  +1.0000  +0.4641  +0.3276
   4874    778818   163   +5.768   12227    239    293  +0.0240  +1.0000  +0.4078  +0.2775
   4875    778975   157   +4.064   11007    264    209  -0.0986  +0.8890  +0.1616  +0.0434
   4876    779140   165   +6.640   12455    240    351  +0.0428  +1.0000  +0.5298  +0.2996
   4877    779301   161   +3.863    9995    266    312  -0.2159  +0.6233  -0.0333  -0.0614
   4878    779458   157   +5.016   11218    238    308  -0.0463  +0.9444  +0.1406  +0.1784
   4879    779618   160   +4.776   11936    269    275  -0.0431  +1.0000  +0.2397  +0.1098
   4880    779778   160   +5.190   11818    236    296  -0.0042  +1.0000  +0.2060  +0.2507
   4881    779943   165   +4.510   10590    248    413  -0.1442  +0.7794  -0.0964  +0.0685
   4882    780104   161   +3.706   10226    266    271  -0.1949  +0.6839  -0.0373  -0.0405
   4883    780262   158   +4.504   10998    253    289  -0.0852  +0.8866  +0.1674  +0.0880
   4884    780421   159   +5.955   12735    259    290  +0.0106  +1.0000  +0.4158  +0.2300
   4885    780586   165   +2.177    9709    270    217  -0.2403  +0.5484  +0.0296  -0.1011
   4886    780745   159   +2.820    9984    262    269  -0.2076  +0.6206  +0.0199  -0.0492
   4887    780907   162   +5.551   11871    240    263  +0.0037  +1.0000  +0.3264  +0.2370
   4888    781071   164   +5.131   11144    286    298  -0.1169  +0.9248  +0.0973  -0.0260
   4889    781235   164   +2.670    9904    258    225  -0.2044  +0.5996  +0.0726  -0.0387
   4890    781395   160   +4.181   10703    260    288  -0.1321  +0.8093  +0.0637  +0.0307
   4891    781556   161   +2.615    9964    242    240  -0.1951  +0.6153  -0.0710  +0.0274
   4892    781716   160   +5.745   13007    250    284  +0.0303  +1.0000  +0.3979  +0.3016
   4893    781872   156   +5.147   11244    232    323  -0.0335  +0.9512  +0.1506  +0.2121
   4894    782030   158   +6.719   11579    218    390  +0.0407  +1.0000  +0.4308  +0.3254
   4895    782190   160   +6.480   11421    229    426  -0.0167  +0.9977  +0.0976  +0.2469
   4896    782349   159   +4.746   11610    270    276  -0.0562  +1.0000  +0.2179  +0.0733
   4897    782510   161   +2.172    9784    274    210  -0.2474  +0.5680  -0.0736  -0.1070
   4898    782670   160   +4.131   10463    238    285  -0.1234  +0.7461  +0.1085  +0.0974
   4899    782829   159   +4.544   10550    224    341  -0.0835  +0.7690  +0.2101  +0.1775
   4900    782988   159   +4.518   10584    223    360  -0.0768  +0.7780  +0.2205  +0.1889

  ── rolling mean (last 100 ep) ──  cum_R=+4.447  yield=10982 kg/ha  N=253  W=307 mm  R_seas=-0.1011  R_ane=+0.0933

   4901    783150   162   +3.934   11080    268    216  -0.0955  +0.9080  +0.1702  +0.0349
   4902    783306   156   +4.032   10931    236    331  -0.0755  +0.8690  +0.0942  +0.1593
   4903    783459   153   +5.579   12273    245    325  +0.0042  +1.0000  +0.2813  +0.2537
   4904    783624   165   +2.477    9426    276    296  -0.3020  +0.4739  -0.2706  -0.1447
   4905    783785   161   +3.990   10548    229    343  -0.1081  +0.7686  +0.0404  +0.1523
   4906    783944   159   +3.175   10142    246    241  -0.1819  +0.6621  -0.0701  +0.0321
   4907    784107   163   +5.914   12218    254    317  -0.0026  +1.0000  +0.3602  +0.2045
   4908    784262   155   +5.336   11596    227    332  +0.0028  +1.0000  +0.1983  +0.2767
   4909    784425   163   +2.462    9930    217    321  -0.1705  +0.6063  -0.1489  +0.1428
   4910    784587   162   +5.263   11050    261    374  -0.1030  +0.9002  +0.0498  +0.0566
   4911    784743   156   +4.402   11584    269    241  -0.0463  +1.0000  +0.3040  +0.0777
   4912    784900   157   +4.523   10445    224    393  -0.1150  +0.7416  +0.0073  +0.1630
   4913    785058   158   +2.981    9498    226    330  -0.2170  +0.4929  -0.0508  +0.0496
   4914    785227   169   +3.965   10349    230    310  -0.1272  +0.7163  +0.0580  +0.1265
   4915    785384   157   +4.856   11143    255    330  -0.0749  +0.9247  +0.1607  +0.0927
   4916    785546   162   +3.134    9937    273    342  -0.2242  +0.6081  +0.0035  -0.0886
   4917    785711   165   +4.601   10873    262    322  -0.1112  +0.8539  +0.1432  +0.0366
   4918    785875   164   +4.675   10778    259    313  -0.1220  +0.8289  +0.0910  +0.0391
   4919    786033   158   +4.297   11229    264    229  -0.0770  +0.9472  +0.1654  +0.0654
   4920    786196   163   +2.789   10331    241    248  -0.1432  +0.7115  +0.0705  +0.0728
   4921    786357   161   +5.559   11215    233    364  -0.0408  +0.9436  +0.1283  +0.2017
   4922    786523   166   +2.358    9479    266    281  -0.2663  +0.4879  -0.0602  -0.1074
   4923    786688   165   +3.930   10613    271    271  -0.1397  +0.7856  +0.1976  -0.0196
   4924    786851   163   +6.794   12192    230    420  +0.0262  +1.0000  +0.2829  +0.3264
   4925    787012   161   +6.258   12120    216    340  +0.0625  +1.0000  +0.4131  +0.4039
   4926    787170   158   +5.402   11987    238    281  +0.0145  +1.0000  +0.3721  +0.2576
   4927    787334   164   +3.928   11006    260    241  -0.0899  +0.8887  +0.1992  +0.0601
   4928    787499   165   +4.966   10967    238    385  -0.0768  +0.8785  +0.0808  +0.1517
   4929    787662   163   +4.545   10898    261    351  -0.1215  +0.8602  +0.0027  +0.0439
   4930    787831   169   +3.971   10507    252    361  -0.1480  +0.7577  -0.0055  +0.0439
   4931    787991   160   +6.234   12288    238    338  +0.0368  +1.0000  +0.5001  +0.2892
   4932    788153   162   +6.401   11843    234    394  +0.0185  +1.0000  +0.3821  +0.2678
   4933    788320   167   +4.912   11136    290    292  -0.1288  +0.9227  +0.0263  -0.0405
   4934    788475   155   +5.364   11380    228    262  -0.0012  +0.9869  +0.2836  +0.2458
   4935    788639   164   +4.096   10975    251    247  -0.0918  +0.8805  +0.1070  +0.0912
   4936    788800   161   +3.972   10259    245    309  -0.1617  +0.6927  +0.0150  +0.0455
   4937    788957   157   +6.031   12226    227    328  +0.0391  +1.0000  +0.3494  +0.3472
   4938    789120   163   +6.721   12638    250    346  +0.0233  +1.0000  +0.4335  +0.2665
   4939    789279   159   +3.322    9890    263    322  -0.2255  +0.5957  -0.0623  -0.0605
   4940    789431   152   +5.030   11192    264    360  -0.0673  +0.9375  +0.3079  +0.0584
   4941    789591   160   +4.405   11041    238    389  -0.0684  +0.8980  +0.0887  +0.1607
   4942    789758   167   +4.381   11024    262    343  -0.0892  +0.8935  +0.2194  +0.0517
   4943    789920   162   +3.851   10826    244    280  -0.1025  +0.8416  +0.0426  +0.1093
   4944    790076   156   +5.611   11931    237    241  +0.0264  +1.0000  +0.4935  +0.2568
   4945    790235   159   +3.533   10104    259    334  -0.2063  +0.6519  -0.1153  -0.0259
   4946    790399   164   +4.334   10617    274    282  -0.1590  +0.7866  +0.0340  -0.0303
   4947    790565   166   +4.844   11390    283    313  -0.0800  +0.9895  +0.2106  +0.0054
   4948    790726   161   +6.313   11556    226    432  +0.0035  +1.0000  +0.2071  +0.2759
   4949    790884   158   +3.972   11591    248    189  -0.0226  +1.0000  +0.2734  +0.1668
   4950    791042   158   +3.451   10492    264    264  -0.1460  +0.7538  +0.1699  -0.0048
   4951    791193   151   +2.678    9901    240    308  -0.1813  +0.5988  +0.0895  +0.0334
   4952    791355   162   +4.850   12106    258    237  -0.0195  +1.0000  +0.2789  +0.1753
   4953    791510   155   +5.319   11388    220    276  +0.0112  +0.9889  +0.2614  +0.2928
   4954    791668   158   +4.792   11267    230    371  -0.0499  +0.9573  -0.0685  +0.2253
   4955    791824   156   +5.872   11509    208    350  +0.0428  +1.0000  +0.2862  +0.3806
   4956    791985   161   +1.558    9067    247    270  -0.2930  +0.3798  -0.1297  -0.0834
   4957    792146   161   +5.059   10836    250    358  -0.1069  +0.8441  +0.0646  +0.0852
   4958    792304   158   +2.210    9374    260    292  -0.2790  +0.4605  -0.1421  -0.0996
   4959    792467   163   +3.716   10181    265    349  -0.1938  +0.6722  -0.0021  -0.0389
   4960    792623   156   +5.168   11513    251    315  -0.0169  +1.0000  +0.3917  +0.1464
   4961    792785   162   +3.906   10552    252    290  -0.1240  +0.7695  +0.1896  +0.0489
   4962    792945   160   +3.990   10941    277    273  -0.1380  +0.8717  -0.0167  -0.0141
   4963    793106   161   +4.597    9945    220    448  -0.1673  +0.6101  -0.0806  +0.1275
   4964    793265   159   +5.915   12452    232    357  +0.0446  +1.0000  +0.4291  +0.3391
   4965    793427   162   +2.687   10176    271    246  -0.2013  +0.6709  -0.0093  -0.0605
   4966    793582   155   +4.165    9877    209    408  -0.1422  +0.5924  +0.0490  +0.1827
   4967    793742   160   +6.434   12577    247    372  +0.0036  +1.0000  +0.2158  +0.2733
   4968    793903   161   +4.140   10726    263    277  -0.1276  +0.8151  +0.1259  +0.0203
   4969    794057   154   +5.742   12257    234    275  +0.0483  +1.0000  +0.5582  +0.3083
   4970    794220   163   +5.626   11998    267    302  -0.0258  +1.0000  +0.3774  +0.1215
   4971    794379   159   +4.051   10698    262    253  -0.1195  +0.8079  +0.2188  +0.0222
   4972    794537   158   +2.994   10146    252    292  -0.1697  +0.6630  +0.1189  +0.0087
   4973    794694   157   +3.572   10106    239    298  -0.1752  +0.6525  -0.0507  +0.0557
   4974    794856   162   +3.983   10721    266    275  -0.1247  +0.8139  +0.1934  +0.0081
   4975    795011   155   +4.542   11506    253    330  -0.0343  +1.0000  +0.2503  +0.1355
   4976    795172   161   +3.617   10135    248    342  -0.1841  +0.6602  -0.0624  +0.0236
   4977    795338   166   +4.712   11008    285    383  -0.1354  +0.8892  +0.0268  -0.0347
   4978    795501   163   +5.186   11770    248    354  -0.0321  +1.0000  +0.1141  +0.1882
   4979    795661   160   +2.020    9572    246    299  -0.2416  +0.5125  -0.1134  -0.0278
   4980    795821   160   +3.973   10271    241    318  -0.1406  +0.6958  +0.1618  +0.0643
   4981    795977   156   +3.369   10683    238    259  -0.0908  +0.8038  +0.2099  +0.1240
   4982    796139   162   +4.516   10765    272    316  -0.1364  +0.8254  +0.1060  -0.0112
   4983    796301   162   +4.558   10368    241    350  -0.1383  +0.7212  +0.0849  +0.0765
   4984    796467   166   +2.551    9498    246    318  -0.2534  +0.4930  -0.1578  -0.0361
   4985    796631   164   +3.690   10528    232    303  -0.1164  +0.7633  +0.0241  +0.1346
   4986    796797   166   +3.848   10498    268    278  -0.1659  +0.7554  +0.0207  -0.0226
   4987    796955   158   +4.145   10712    241    321  -0.1066  +0.8116  +0.0713  +0.1113
   4988    797120   165   +5.704   11992    261    306  -0.0277  +1.0000  +0.2751  +0.1492
   4989    797283   163   +4.445   11117    277    242  -0.1098  +0.9178  +0.0988  +0.0029
   4990    797439   156   +4.359   10504    239    405  -0.1377  +0.7570  -0.0693  +0.0999
   4991    797596   157   +4.176   10730    280    284  -0.1462  +0.8161  +0.1252  -0.0424
   4992    797761   165   +4.224   10833    275    335  -0.1282  +0.8433  +0.1547  -0.0150
   4993    797919   158   +5.593   12393    275    364  -0.0448  +1.0000  +0.1691  +0.1277
   4994    798072   153   +5.455   11544    246    305  -0.0144  +1.0000  +0.3432  +0.1710
   4995    798226   154   +5.742   11320    217    418  -0.0071  +0.9711  +0.0866  +0.3048
   4996    798388   162   +2.759    9711    256    336  -0.2327  +0.5487  -0.0461  -0.0510
   4997    798548   160   +4.354   10918    265    314  -0.1205  +0.8657  +0.0390  +0.0304
   4998    798715   167   +4.642   10584    251    362  -0.1338  +0.7780  +0.0593  +0.0528
   4999    798876   161   +6.331   12583    244    349  +0.0406  +1.0000  +0.5464  +0.2866
   5000    799031   155   +2.569   10025    255    271  -0.2005  +0.6311  -0.0303  -0.0176

  ── rolling mean (last 100 ep) ──  cum_R=+4.410  yield=10926 kg/ha  N=250  W=317 mm  R_seas=-0.1002  R_ane=+0.1003

   5001    799195   164   +6.055   12568    253    342  +0.0003  +1.0000  +0.2792  +0.2414
   5002    799359   164   +4.206   10291    263    359  -0.1669  +0.7010  +0.1453  -0.0224
   5003    799520   161   +5.920   11062    239    440  -0.0609  +0.9035  +0.1620  +0.1567
   5004    799684   164   +4.683   10880    269    277  -0.1061  +0.8557  +0.2663  +0.0112
   5005    799848   164   +5.894   12107    265    386  -0.0307  +1.0000  +0.2625  +0.1434
   5006    800006   158   +5.378   11982    246    272  +0.0063  +1.0000  +0.4056  +0.2192
   5007    800168   162   +5.302   11447    245    319  -0.0299  +1.0000  +0.1925  +0.1694
   5008    800333   165   +3.086    9930    261    348  -0.2131  +0.6063  -0.0049  -0.0474
   5009    800493   160   +3.558    9851    270    394  -0.2432  +0.5855  -0.1295  -0.0886
   5010    800658   165   +5.353   12004    260    253  -0.0081  +1.0000  +0.4547  +0.1546
   5011    800817   159   +3.092   10349    264    294  -0.1786  +0.7163  -0.0187  -0.0192
   5012    800980   163   +5.133   10642    256    437  -0.1294  +0.7933  +0.1010  +0.0407
   5013    801142   162   +3.609   10362    245    294  -0.1602  +0.7196  -0.0685  +0.0556
   5014    801294   152   +3.797   10727    252    336  -0.1303  +0.8155  -0.0318  +0.0633
   5015    801456   162   +5.607   10812    257    377  -0.1117  +0.8377  +0.1388  +0.0501
   5016    801617   161   +4.578   10982    275    352  -0.1112  +0.8823  +0.1880  -0.0020
   5017    801779   162   +3.927   10625    274    331  -0.1713  +0.7887  -0.0964  -0.0294
   5018    801943   164   +4.428   10718    270    362  -0.1355  +0.8131  +0.1366  -0.0081
   5019    802109   166   +4.227   10761    249    343  -0.1138  +0.8243  +0.0574  +0.0812
   5020    802270   161   +4.002   10462    246    303  -0.1370  +0.7459  +0.0720  +0.0643
   5021    802433   163   +1.923    9572    250    277  -0.2385  +0.5123  -0.0348  -0.0435
   5022    802595   162   +4.745   10899    233    418  -0.0782  +0.8607  +0.0604  +0.1687
   5023    802756   161   +2.812    9728    245    281  -0.2115  +0.5533  +0.0246  -0.0076
   5024    802918   162   +4.788   10715    263    321  -0.1312  +0.8123  +0.1032  +0.0181
   5025    803077   159   +6.326   11769    221    395  +0.0202  +1.0000  +0.2093  +0.3308
   5026    803234   157   +5.266   11149    217    287  +0.0004  +0.9262  +0.3384  +0.2834
   5027    803384   150   +3.497   10759    265    236  -0.1349  +0.8239  +0.0507  +0.0135
   5028    803536   152   +5.997   11059    205    510  -0.0085  +0.9026  +0.1168  +0.3472
   5029    803701   165   +5.624   10708    227    438  -0.0892  +0.8105  +0.0368  +0.1815
   5030    803860   159   +4.304   11322    276    284  -0.0794  +0.9716  +0.2040  +0.0244
   5031    804017   157   +5.018   11244    252    323  -0.0625  +0.9513  +0.1479  +0.1163
   5032    804179   162   +5.861   12177    232    246  +0.0544  +1.0000  +0.6085  +0.3119
   5033    804333   154   +5.127   11584    269    335  -0.0405  +1.0000  +0.3607  +0.0782
   5034    804482   149   +3.935   11195    275    318  -0.0990  +0.9382  +0.1106  +0.0181
   5035    804638   156   +2.926   10302    273    304  -0.1962  +0.7039  -0.0534  -0.0560
   5036    804804   166   +3.986   10855    258    238  -0.1201  +0.8490  +0.0188  +0.0525
   5037    804958   154   +4.173   10614    244    384  -0.1313  +0.7858  -0.0398  +0.0876
   5038    805117   159   +5.449   12349    247    275  +0.0321  +1.0000  +0.5722  +0.2495
   5039    805283   166   +4.753   11008    284    400  -0.1346  +0.8892  +0.0269  -0.0318
   5040    805440   157   +4.843   11501    238    314  -0.0182  +1.0000  +0.1978  +0.2068
   5041    805597   157   +5.291   12283    263    316  -0.0074  +1.0000  +0.4194  +0.1687
   5042    805753   156   +2.311    9706    255    277  -0.2354  +0.5476  -0.0745  -0.0496
   5043    805915   162   +5.062   12110    294    325  -0.0631  +1.0000  +0.2798  +0.0298
   5044    806072   157   +3.904   10986    266    292  -0.1079  +0.8835  +0.1171  +0.0318
   5045    806231   159   +5.532   11035    230    364  -0.0475  +0.8964  +0.1933  +0.1970
   5046    806395   164   +4.906   11256    255    331  -0.0704  +0.9544  +0.0958  +0.1047
   5047    806560   165   +5.120   11430    260    305  -0.0419  +1.0000  +0.2892  +0.0971
   5048    806722   162   +4.395   10942    268    278  -0.1192  +0.8719  +0.0604  +0.0225
   5049    806885   163   +5.485   12151    258    354  -0.0189  +1.0000  +0.2847  +0.1755
   5050    807049   164   +6.909   12565    229    425  +0.0504  +1.0000  +0.3845  +0.3732
   5051    807205   156   +4.322   10556    266    352  -0.1379  +0.7705  +0.2154  -0.0069
   5052    807360   155   +4.103   11114    275    192  -0.0791  +0.9170  +0.3830  +0.0113
   5053    807515   155   +4.792   10182    251    398  -0.1725  +0.6725  +0.0542  +0.0133
   5054    807671   156   +5.424   11671    242    356  -0.0180  +1.0000  +0.2028  +0.2059
   5055    807840   169   +3.438    9657    253    395  -0.2421  +0.5347  -0.1157  -0.0473
   5056    808002   162   +5.860   11562    272    373  -0.0558  +1.0000  +0.2580  +0.0613
   5057    808169   167   +4.090    9963    274    326  -0.2275  +0.6149  -0.0384  -0.0913
   5058    808326   157   +5.440   11307    240    448  -0.0554  +0.9678  -0.0043  +0.1771
   5059    808490   164   +2.639    9808    268    276  -0.2354  +0.5742  -0.0287  -0.0868
   5060    808648   158   +2.456    9666    236    274  -0.2261  +0.5371  -0.1707  +0.0223
   5061    808813   165   +2.349    9463    245    311  -0.2409  +0.4837  -0.0168  -0.0336
   5062    808966   153   +2.034    9382    256    275  -0.2686  +0.4626  -0.0880  -0.0847
   5063    809126   160   +5.143   12153    251    318  +0.0043  +1.0000  +0.4066  +0.2121
   5064    809286   160   +3.117   10461    259    294  -0.1440  +0.7456  +0.1628  +0.0112
   5065    809448   162   +4.668   10611    247    339  -0.1187  +0.7851  +0.1277  +0.0742
   5066    809610   162   +5.483   12466    264    299  -0.0140  +1.0000  +0.3210  +0.1796
   5067    809771   161   +2.932   10420    266    246  -0.1608  +0.7349  +0.1124  -0.0192
   5068    809933   162   +5.311   11956    270    334  -0.0369  +1.0000  +0.3041  +0.1088
   5069    810090   157   +4.238   10861    273    361  -0.1178  +0.8507  +0.2092  -0.0045
   5070    810253   163   +4.810   12045    271    256  -0.0316  +1.0000  +0.3532  +0.1102
   5071    810408   155   +4.771   11802    261    255  -0.0228  +1.0000  +0.3852  +0.1289
   5072    810568   160   +3.882   11025    285    176  -0.1163  +0.8936  +0.2021  -0.0329
   5073    810725   157   +5.101   11488    254    296  -0.0332  +1.0000  +0.2788  +0.1298
   5074    810884   159   +6.368   11856    224    420  +0.0264  +1.0000  +0.3009  +0.3209
   5075    811045   161   +3.372   10387    284    288  -0.1931  +0.7262  +0.0136  -0.0868
   5076    811205   160   +5.918   12239    237    388  +0.0190  +1.0000  +0.3214  +0.2895
   5077    811369   164   +2.919   10168    288    312  -0.2262  +0.6689  -0.0837  -0.1169
   5078    811533   164   +5.557   12021    261    342  -0.0181  +1.0000  +0.3663  +0.1508
   5079    811694   161   +6.851   12829    238    435  +0.0329  +1.0000  +0.2837  +0.3484
   5080    811856   162   +5.092   10652    228    381  -0.0899  +0.7958  +0.1076  +0.1680
   5081    812016   160   +4.824   11412    264    238  -0.0426  +0.9952  +0.3386  +0.0824
   5082    812180   164   +5.403   11169    243    351  -0.0563  +0.9315  +0.1555  +0.1510
   5083    812328   148   +4.444   11770    253    198  -0.0315  +1.0000  +0.1954  +0.1633
   5084    812488   160   +3.620    9762    246    420  -0.2291  +0.5622  -0.1744  -0.0075
   5085    812651   163   +4.625   10560    220    385  -0.0919  +0.7716  +0.0531  +0.1996
   5086    812808   157   +3.672   10490    289    282  -0.1889  +0.7532  +0.0059  -0.0925
   5087    812969   161   +5.509   11656    275    340  -0.0555  +1.0000  +0.2623  +0.0611
   5088    813122   153   +5.293   11296    226    327  -0.0146  +0.9647  +0.1919  +0.2501
   5089    813277   155   +6.167   12010    234    390  +0.0170  +1.0000  +0.3184  +0.2837
   5090    813439   162   +4.802   11870    278    269  -0.0601  +1.0000  +0.1946  +0.0682
   5091    813599   160   +4.488   11162    261    253  -0.0857  +0.9297  +0.1140  +0.0683
   5092    813756   157   +3.745   10179    277    335  -0.2101  +0.6716  -0.0354  -0.0817
   5093    813915   159   +5.740   11205    251    370  -0.0487  +0.9410  +0.3100  +0.1169
   5094    814076   161   +5.047   11841    287    327  -0.0734  +1.0000  +0.1749  +0.0304
   5095    814240   164   +2.406    9616    265    272  -0.2525  +0.5238  -0.0602  -0.0915
   5096    814398   158   +5.354   11476    276    298  -0.0676  +1.0000  +0.2027  +0.0406
   5097    814559   161   +4.946   11935    266    236  -0.0276  +1.0000  +0.3528  +0.1238
   5098    814720   161   +5.599   13410    270    263  +0.0289  +1.0000  +0.5696  +0.2398
   5099    814888   168   +0.750    8092    245    320  -0.4067  +0.1239  -0.3537  -0.1745
   5100    815048   160   +4.511   11161    257    298  -0.0916  +0.9294  +0.0010  +0.0866

  ── rolling mean (last 100 ep) ──  cum_R=+4.555  yield=11054 kg/ha  N=256  W=326 mm  R_seas=-0.0975  R_ane=+0.0837

   5101    815202   154   +4.671   11329    259    248  -0.0483  +0.9735  +0.3086  +0.0917
   5102    815357   155   +4.499   11106    256    291  -0.0863  +0.9148  +0.1020  +0.0828
   5103    815517   160   +4.827   11186    252    359  -0.0635  +0.9360  +0.2018  +0.1076
   5104    815676   159   +5.448   11775    258    263  -0.0356  +1.0000  +0.2201  +0.1412
   5105    815837   161   +4.462   11468    267    232  -0.0641  +1.0000  +0.1331  +0.0753
   5106    815999   162   +3.895   10801    279    239  -0.1371  +0.8349  +0.1395  -0.0325
   5107    816161   162   +3.361   10102    236    320  -0.1667  +0.6513  -0.0055  +0.0700
   5108    816319   158   +5.611   12493    246    258  +0.0263  +1.0000  +0.4475  +0.2719
   5109    816478   159   +4.481   11158    284    343  -0.1243  +0.9285  -0.0105  -0.0178
   5110    816635   157   +2.691   10097    280    302  -0.2283  +0.6501  -0.1110  -0.0992
   5111    816797   162   +4.623   11512    292    336  -0.0884  +1.0000  +0.1605  -0.0148
   5112    816951   154   +1.912    9428    285    257  -0.2883  +0.4747  -0.0487  -0.1736
   5113    817109   158   +5.339   11341    243    364  -0.0402  +0.9767  +0.1524  +0.1680
   5114    817270   161   +4.466   10813    251    255  -0.0888  +0.8381  +0.2911  +0.0754
   5115    817428   158   +5.553   11628    244    331  -0.0147  +1.0000  +0.2778  +0.1916
   5116    817597   169   +5.365   11312    269    379  -0.0764  +0.9691  +0.1577  +0.0518
   5117    817760   163   +5.264   11694    242    297  -0.0088  +1.0000  +0.2898  +0.2075
   5118    817918   158   +5.203   12546    280    244  +0.0065  +1.0000  +0.7013  +0.1213
   5119    818081   163   +4.423   11474    272    228  -0.0578  +1.0000  +0.2562  +0.0551
   5120    818242   161   +1.860    9210    258    337  -0.2946  +0.4173  -0.1704  -0.1064
   5121    818398   156   +5.544   12018    280    303  -0.0433  +1.0000  +0.3445  +0.0741
   5122    818550   152   +5.396   11688    248    307  -0.0115  +1.0000  +0.3521  +0.1777
   5123    818713   163   +3.927   10770    258    302  -0.1205  +0.8269  +0.1015  +0.0420
   5124    818877   164   +5.721   12452    254    370  -0.0015  +1.0000  +0.3044  +0.2270
   5125    819039   162   +4.212   11247    271    266  -0.0903  +0.9520  +0.0998  +0.0391
   5126    819198   159   +3.976   10446    248    362  -0.1495  +0.7418  -0.0119  +0.0541
   5127    819359   161   +5.926   12595    247    333  +0.0361  +1.0000  +0.5382  +0.2744
   5128    819515   156   +4.808   11586    275    364  -0.0768  +1.0000  +0.0718  +0.0535
   5129    819675   160   +6.060   11793    242    377  -0.0093  +1.0000  +0.2479  +0.2196
   5130    819836   161   +4.788   11500    245    222  +0.0034  +1.0000  +0.5147  +0.1732
   5131    819997   161   +5.751   11973    237    334  +0.0025  +1.0000  +0.2388  +0.2622
   5132    820157   160   +3.405    9985    262    372  -0.2137  +0.6209  -0.0439  -0.0486
   5133    820322   165   +3.736   10043    255    370  -0.1995  +0.6360  -0.0440  -0.0138
   5134    820484   162   +2.687    9602    263    383  -0.2581  +0.5203  -0.1244  -0.0858
   5135    820642   158   +4.361   10943    259    304  -0.1052  +0.8721  +0.1022  +0.0552
   5136    820800   158   +2.817    9646    275    367  -0.2716  +0.5318  -0.1736  -0.1239
   5137    820957   157   +5.345   11709    270    376  -0.0572  +1.0000  +0.1743  +0.0846
   5138    821113   156   +4.709   10921    262    409  -0.1093  +0.8665  +0.1207  +0.0400
   5139    821271   158   +4.064   10948    271    299  -0.1073  +0.8735  +0.2091  +0.0114
   5140    821437   166   +6.110   11940    247    390  -0.0126  +1.0000  +0.2484  +0.2086
   5141    821595   158   +6.124   11428    256    412  -0.0505  +0.9995  +0.1464  +0.1164
   5142    821758   163   +5.662   11818    241    360  -0.0066  +1.0000  +0.2559  +0.2262
   5143    821922   164   +5.113   11338    262    322  -0.0598  +0.9758  +0.2150  +0.0826
   5144    822081   159   +5.339   11573    260    334  -0.0507  +1.0000  +0.1590  +0.1113
   5145    822243   162   +3.681   10720    262    306  -0.1210  +0.8138  +0.1816  +0.0248
   5146    822402   159   +4.422   10910    270    370  -0.1195  +0.8636  +0.1167  +0.0097
   5147    822559   157   +3.490   10116    233    306  -0.1720  +0.6551  -0.1175  +0.0867
   5148    822714   155   +3.557   10000    259    306  -0.1948  +0.6246  +0.0972  -0.0357
   5149    822877   163   +2.647    9521    258    324  -0.2662  +0.4989  -0.1735  -0.0785
   5150    823038   161   +5.181   11871    272    362  -0.0483  +1.0000  +0.2491  +0.0892
   5151    823195   157   +4.427   11085    243    372  -0.0605  +0.9096  +0.1947  +0.1420
   5152    823361   166   +2.935   10269    293    353  -0.2148  +0.6953  -0.0137  -0.1243
   5153    823524   163   +5.191   11349    267    375  -0.0802  +0.9787  +0.0625  +0.0629
   5154    823688   164   +3.728    9671    255    335  -0.2298  +0.5383  +0.0110  -0.0517
   5155    823843   155   +5.408   12190    270    303  -0.0193  +1.0000  +0.4231  +0.1279
   5156    823997   154   +2.891    9534    232    409  -0.2410  +0.5025  -0.2509  +0.0281
   5157    824158   161   +5.578   12070    252    353  -0.0085  +1.0000  +0.3209  +0.1981
   5158    824318   160   +5.424   11277    274    370  -0.0842  +0.9598  +0.1726  +0.0287
   5159    824479   161   +5.795   11378    231    313  -0.0220  +0.9862  +0.1229  +0.2305
   5160    824638   159   +5.030   12480    272    308  -0.0232  +1.0000  +0.3209  +0.1489
   5161    824798   160   +5.112   11293    254    348  -0.0515  +0.9640  +0.2462  +0.1096
   5162    824954   156   +4.688   11030    263    366  -0.0979  +0.8950  +0.1371  +0.0489
   5163    825113   159   +4.237   11110    286    283  -0.1057  +0.9161  +0.2436  -0.0301
   5164    825278   165   +2.356    8890    235    400  -0.3170  +0.3332  -0.3400  -0.0545
   5165    825438   160   +2.353    9730    280    236  -0.2565  +0.5537  -0.0540  -0.1319
   5166    825594   156   +4.681   11189    270    279  -0.0905  +0.9368  +0.1495  +0.0344
   5167    825747   153   +5.148   11192    236    340  -0.0436  +0.9374  +0.1663  +0.1846
   5168    825905   158   +5.347   10888    247    424  -0.0957  +0.8578  +0.0927  +0.1019
   5169    826065   160   +2.930    9897    255    356  -0.2139  +0.5977  -0.0442  -0.0298
   5170    826224   159   +1.864    9332    262    315  -0.2886  +0.4495  -0.1858  -0.1079
   5171    826387   163   +5.606   12186    260    365  -0.0274  +1.0000  +0.2175  +0.1693
   5172    826543   156   +4.348   10726    272    401  -0.1512  +0.8153  -0.0073  -0.0143
   5173    826700   157   +4.175   11189    297    278  -0.1101  +0.9368  +0.2319  -0.0584
   5174    826857   157   +4.812   11239    250    309  -0.0519  +0.9499  +0.2315  +0.1249
   5175    827014   157   +5.301   11621    240    331  -0.0070  +1.0000  +0.3010  +0.2096
   5176    827177   163   +2.970   10031    268    253  -0.2151  +0.6328  -0.0383  -0.0647
   5177    827335   158   +5.160   11968    264    340  -0.0385  +1.0000  +0.2113  +0.1346
   5178    827504   169   +3.768   10245    256    339  -0.1786  +0.6891  -0.0083  -0.0002
   5179    827667   163   +3.054   10205    250    293  -0.1607  +0.6784  +0.1322  +0.0216
   5180    827831   164   +5.150   11448    266    298  -0.0729  +1.0000  +0.0492  +0.0738
   5181    827992   161   +5.564   11338    241    347  -0.0205  +0.9758  +0.3311  +0.1747
   5182    828156   164   +4.986   11414    266    300  -0.0682  +0.9958  +0.1142  +0.0714
   5183    828320   164   +5.578   13127    281    300  -0.0013  +1.0000  +0.4825  +0.1683
   5184    828478   158   +5.480   11471    260    383  -0.0485  +1.0000  +0.2118  +0.1011
   5185    828644   166   +3.904   10515    275    344  -0.1705  +0.7599  +0.0255  -0.0434
   5186    828798   154   +4.554   11043    245    363  -0.0742  +0.8983  +0.1329  +0.1264
   5187    828961   163   +4.371   11268    282    295  -0.1075  +0.9576  +0.0281  +0.0009
   5188    829113   152   +4.011   10694    262    310  -0.1179  +0.8067  +0.2491  +0.0185
   5189    829273   160   +5.482   12504    285    283  -0.0143  +1.0000  +0.5618  +0.0983
   5190    829441   168   +3.173    9629    274    411  -0.2683  +0.5272  -0.1357  -0.1217
   5191    829602   161   +4.337   11076    270    373  -0.1173  +0.9071  -0.0204  +0.0267
   5192    829763   161   +5.485   11138    265    387  -0.0851  +0.9235  +0.1836  +0.0523
   5193    829923   160   +1.197    8660    248    301  -0.3406  +0.2729  -0.2132  -0.1252
   5194    830080   157   +3.043   10205    278    301  -0.2044  +0.6784  +0.0077  -0.0826
   5195    830237   157   +4.336   10666    284    361  -0.1744  +0.7995  -0.0571  -0.0619
   5196    830393   156   +3.667   10248    228    353  -0.1337  +0.6897  +0.0749  +0.1213
   5197    830558   165   +2.854   10160    283    252  -0.2134  +0.6667  +0.0089  -0.1032
   5198    830723   165   +4.713   11102    270    329  -0.1041  +0.9139  +0.0884  +0.0284
   5199    830880   157   +4.041   10910    261    312  -0.1294  +0.8636  -0.0885  +0.0451
   5200    831042   162   +5.748   11849    248    288  +0.0163  +1.0000  +0.5781  +0.1949

  ── rolling mean (last 100 ep) ──  cum_R=+4.425  yield=11013 kg/ha  N=261  W=327 mm  R_seas=-0.1070  R_ane=+0.0583

   5201    831199   157   +2.962    9808    255    340  -0.2226  +0.5743  -0.0512  -0.0369
   5202    831361   162   +3.613   10545    256    314  -0.1545  +0.7676  -0.0507  +0.0290
   5203    831522   161   +4.621   10861    246    304  -0.0882  +0.8507  +0.1852  +0.1020
   5204    831691   169   +4.356   11052    281    269  -0.1154  +0.9007  +0.1432  -0.0164
   5205    831849   158   +4.140   10686    268    257  -0.1299  +0.8047  +0.1989  -0.0031
   5206    832008   159   +3.731   11162    288    233  -0.1010  +0.9297  +0.2549  -0.0299
   5207    832166   158   +4.342   11351    279    280  -0.0731  +0.9794  +0.2730  +0.0160
   5208    832324   158   +5.942   11999    248    376  -0.0078  +1.0000  +0.2912  +0.2102
   5209    832488   164   +3.787   10463    278    312  -0.1763  +0.7462  +0.0466  -0.0585
   5210    832647   159   +6.175   12430    235    369  +0.0312  +1.0000  +0.3468  +0.3216
   5211    832802   155   +4.828   11762    269    310  -0.0565  +1.0000  +0.1609  +0.0915
   5212    832964   162   +3.519   10522    258    321  -0.1501  +0.7617  +0.0328  +0.0205
   5213    833127   163   +4.827   11117    286    300  -0.1202  +0.9179  +0.0852  -0.0275
   5214    833284   157   +5.169   11360    256    335  -0.0418  +0.9818  +0.2951  +0.1107
   5215    833442   158   +4.003   10820    263    298  -0.1223  +0.8398  +0.0942  +0.0279
   5216    833601   159   +3.744   10582    255    311  -0.1425  +0.7776  +0.0233  +0.0358
   5217    833763   162   +4.475   11245    283    290  -0.1058  +0.9515  +0.0818  -0.0063
   5218    833925   162   +5.134   11593    259    321  -0.0256  +1.0000  +0.3906  +0.1177
   5219    834086   161   +5.879   12195    251    382  +0.0072  +1.0000  +0.4300  +0.2139
   5220    834249   163   +4.978   11787    278    285  -0.0656  +1.0000  +0.1606  +0.0610
   5221    834407   158   +3.139   10729    272    246  -0.1341  +0.8160  +0.1652  -0.0154
   5222    834567   160   +5.295   12268    275    279  -0.0173  +1.0000  +0.4767  +0.1167
   5223    834723   156   +4.997   11138    276    349  -0.1105  +0.9233  +0.0632  +0.0079
   5224    834884   161   +5.588   12322    282    326  -0.0454  +1.0000  +0.2743  +0.0906
   5225    835036   152   +2.898   10199    277    315  -0.2053  +0.6768  -0.0053  -0.0800
   5226    835205   169   +1.655    9360    285    186  -0.2891  +0.4567  +0.0068  -0.1798
   5227    835358   153   +1.600    9031    250    322  -0.3040  +0.3703  -0.1807  -0.0951
   5228    835519   161   +5.102   11640    286    284  -0.0788  +1.0000  +0.1597  +0.0175
   5229    835676   157   +3.833   10665    276    249  -0.1298  +0.7991  +0.3056  -0.0339
   5230    835836   160   +2.201    8840    289    395  -0.3570  +0.3203  -0.1636  -0.2357
   5231    835994   158   +5.381   11210    262    407  -0.0749  +0.9424  +0.1874  +0.0691
   5232    836150   156   +4.370   11378    273    232  -0.0589  +0.9863  +0.3239  +0.0404
   5233    836315   165   +3.254   10434    270    355  -0.1797  +0.7386  -0.0394  -0.0345
   5234    836478   163   +4.833   11400    289    267  -0.0911  +0.9922  +0.1530  -0.0149
   5235    836646   168   +2.661    9737    307    342  -0.2776  +0.5557  -0.0417  -0.2078
   5236    836810   164   +5.535   11495    250    369  -0.0422  +1.0000  +0.1270  +0.1504
   5237    836965   155   +4.700   11675    282    278  -0.0776  +1.0000  +0.1199  +0.0346
   5238    837125   160   +4.433   11827    298    277  -0.0779  +1.0000  +0.2457  -0.0082
   5239    837286   161   +4.562   11335    274    262  -0.0822  +0.9750  +0.1388  +0.0340
   5240    837447   161   +6.209   11512    219    349  +0.0274  +1.0000  +0.3297  +0.3146
   5241    837609   162   +5.617   11698    237    323  +0.0105  +1.0000  +0.3961  +0.2361
   5242    837773   164   +4.460   11124    260    310  -0.0972  +0.9197  +0.0225  +0.0686
   5243    837937   164   +4.480   11195    271    316  -0.1012  +0.9382  +0.0474  +0.0317
   5244    838099   162   +4.770   10876    256    372  -0.1013  +0.8546  +0.1683  +0.0608
   5245    838249   150   +5.319   10838    242    397  -0.0918  +0.8446  +0.1101  +0.1203
   5246    838411   162   +5.840   11790    251    378  -0.0182  +1.0000  +0.2927  +0.1751
   5247    838578   167   +0.692    9239    310    239  -0.3443  +0.4248  -0.2427  -0.2543
   5248    838739   161   +5.347   12441    298    276  -0.0279  +1.0000  +0.5934  +0.0424
   5249    838896   157   +2.524    9698    294    299  -0.2711  +0.5455  -0.0471  -0.1758
   5250    839058   162   +4.189   11310    295    314  -0.1035  +0.9686  +0.1665  -0.0409
   5251    839219   161   +4.867   11398    283    320  -0.0819  +0.9916  +0.1802  +0.0073
   5252    839377   158   +3.466    9555    237    374  -0.2143  +0.5079  +0.0587  +0.0095
   5253    839537   160   +3.639    9545    230    441  -0.2252  +0.5052  -0.1323  +0.0391
   5254    839695   158   +3.657   10743    282    255  -0.1451  +0.8198  +0.1416  -0.0475
   5255    839853   158   +5.816   11876    264    394  -0.0430  +1.0000  +0.2005  +0.1231
   5256    840004   151   +1.845    9322    247    293  -0.2472  +0.4468  +0.0832  -0.0574
   5257    840169   165   +5.027   10973    282    339  -0.1273  +0.8801  +0.1085  -0.0273
   5258    840327   158   +5.083   11579    271    301  -0.0432  +1.0000  +0.3588  +0.0698
   5259    840492   165   +5.453   11636    245    340  -0.0271  +1.0000  +0.1716  +0.1858
   5260    840649   157   +3.858   10485    261    374  -0.1580  +0.7520  +0.0256  +0.0047
   5261    840804   155   +4.890   11689    252    295  -0.0076  +1.0000  +0.4412  +0.1609
   5262    840963   159   +5.228   12571    283    289  -0.0266  +1.0000  +0.4065  +0.1093
   5263    841124   161   +3.027    9998    257    329  -0.2242  +0.6240  -0.2175  -0.0283
   5264    841286   162   +4.438   11029    254    370  -0.0883  +0.8947  +0.1272  +0.0843
   5265    841445   159   +3.456   10944    278    234  -0.1060  +0.8724  +0.3093  -0.0169
   5266    841608   163   +5.254   12754    275    296  -0.0268  +1.0000  +0.2527  +0.1599
   5267    841758   150   +5.094   11761    258    334  -0.0276  +1.0000  +0.3009  +0.1410
   5268    841919   161   +5.548   11062    256    442  -0.0851  +0.9035  +0.1562  +0.0781
   5269    842086   167   +4.687   11253    293    279  -0.1147  +0.9535  +0.0928  -0.0413
   5270    842243   157   +5.176   12241    264    248  -0.0073  +1.0000  +0.4521  +0.1584
   5271    842399   156   +3.812   10834    269    305  -0.1220  +0.8434  +0.1507  +0.0069
   5272    842557   158   +4.630   11084    275    351  -0.1164  +0.9092  +0.0416  +0.0073
   5273    842720   163   +2.460    9424    240    320  -0.2571  +0.4735  -0.1994  -0.0186
   5274    842879   159   +5.535   12225    258    351  -0.0157  +1.0000  +0.2909  +0.1841
   5275    843038   159   +4.779   11416    278    342  -0.0570  +0.9963  +0.3640  +0.0252
   5276    843197   159   +3.147   10476    271    317  -0.1658  +0.7497  +0.0658  -0.0325
   5277    843358   161   +3.465   11017    257    271  -0.0984  +0.8915  +0.0774  +0.0701
   5278    843518   160   +5.524   11177    257    420  -0.0778  +0.9335  +0.1265  +0.0871
   5279    843676   158   +4.973   11929    279    355  -0.0636  +1.0000  +0.1573  +0.0688
   5280    843838   162   +2.685    9923    246    303  -0.1964  +0.6044  -0.0014  +0.0089
   5281    844004   166   +2.560   10184    298    220  -0.2258  +0.6731  -0.0001  -0.1468
   5282    844163   159   +5.123   11379    250    310  -0.0283  +0.9866  +0.3332  +0.1390
   5283    844320   157   +4.865   11410    247    328  -0.0313  +0.9949  +0.2305  +0.1565
   5284    844479   159   +6.098   12271    258    442  -0.0070  +1.0000  +0.3629  +0.1890
   5285    844640   161   +6.237   12866    277    358  +0.0005  +1.0000  +0.5202  +0.1615
   5286    844799   159   +5.625   12808    272    304  -0.0110  +1.0000  +0.3633  +0.1755
   5287    844961   162   +1.428    8770    269    371  -0.3543  +0.3019  -0.2420  -0.1852
   5288    845127   166   +3.924   10811    274    323  -0.1426  +0.8376  +0.0238  -0.0147
   5289    845287   160   +4.287   11450    282    313  -0.0820  +1.0000  +0.1352  +0.0150
   5290    845448   161   +5.335   11679    258    335  -0.0347  +1.0000  +0.2626  +0.1301
   5291    845612   164   +4.381   11856    314    255  -0.0869  +1.0000  +0.2978  -0.0556
   5292    845778   166   +3.540   10686    267    283  -0.1340  +0.8047  +0.1494  -0.0004
   5293    845935   157   +2.988   10063    285    312  -0.2433  +0.6411  -0.1842  -0.1173
   5294    846090   155   +3.909   10574    256    332  -0.1407  +0.7754  +0.0622  +0.0309
   5295    846252   162   +3.831   10903    255    284  -0.0883  +0.8617  +0.2586  +0.0681
   5296    846414   162   +4.973   11997    273    290  -0.0657  +1.0000  +0.0470  +0.0988
   5297    846576   162   +5.787   11663    281    432  -0.0738  +1.0000  +0.1456  +0.0387
   5298    846740   164   +2.410    9866    290    275  -0.2531  +0.5895  -0.0552  -0.1498
   5299    846901   161   +3.225   10128    266    300  -0.1906  +0.6581  +0.0871  -0.0463
   5300    847062   161   +5.637   11226    245    384  -0.0502  +0.9463  +0.1973  +0.1449

  ── rolling mean (last 100 ep) ──  cum_R=+4.324  yield=11063 kg/ha  N=268  W=319 mm  R_seas=-0.1105  R_ane=+0.0357

   5301    847225   163   +5.683   11270    256    417  -0.0826  +0.9580  -0.0288  +0.1025
   5302    847385   160   +3.056   10179    269    354  -0.2123  +0.6718  -0.1369  -0.0552
   5303    847549   164   +4.803   11639    296    278  -0.0924  +1.0000  +0.1313  -0.0185
   5304    847609    60   -8.678       0     21     63  -0.7810  -1.0000  -1.0000  -1.0000
   5305    847772   163   +4.637   11365    258    326  -0.0569  +0.9829  +0.1656  +0.1029
   5306    847936   164   +4.625   10611    257    348  -0.1297  +0.7850  +0.1434  +0.0323
   5307    848095   159   +3.219   10369    252    308  -0.1586  +0.7214  +0.0256  +0.0281
   5308    848256   161   +5.740   12102    236    398  +0.0189  +1.0000  +0.3403  +0.2828
   5309    848420   164   +2.838   10146    274    263  -0.2004  +0.6629  +0.0605  -0.0741
   5310    848582   162   +3.364   10505    248    381  -0.1532  +0.7573  -0.1082  +0.0610
   5311    848738   156   +5.472   12045    278    347  -0.0441  +1.0000  +0.3031  +0.0851
   5312    848898   160   +4.257   11347    269    262  -0.0600  +0.9782  +0.2954  +0.0531
   5313    849064   166   +5.548   11689    262    344  -0.0406  +1.0000  +0.2525  +0.1137
   5314    849220   156   +4.280   11071    274    372  -0.1168  +0.9058  +0.0409  +0.0088
   5315    849379   159   +5.857   12414    241    322  +0.0231  +1.0000  +0.3719  +0.2865
   5316    849539   160   +4.671   10836    228    356  -0.0656  +0.8440  +0.1745  +0.1863
   5317    849697   158   +5.461   11271    253    361  -0.0392  +0.9583  +0.3725  +0.1133
   5318    849852   155   +3.600   10482    270    332  -0.1682  +0.7513  +0.0252  -0.0286
   5319    850015   163   +5.798   10997    249    405  -0.0829  +0.8863  +0.1476  +0.1026
   5320    850175   160   +3.070   10088    288    357  -0.2352  +0.6476  -0.0962  -0.1250
   5321    850336   161   +4.986   11366    273    383  -0.0781  +0.9831  +0.1387  +0.0407
   5322    850498   162   +5.371   11874    264    322  -0.0356  +1.0000  +0.2755  +0.1229
   5323    850656   158   +4.766   10896    236    407  -0.0733  +0.8598  +0.1580  +0.1530
   5324    850818   162   +5.317   11477    255    330  -0.0317  +1.0000  +0.3018  +0.1270
   5325    850972   154   +2.364    9083    246    387  -0.2886  +0.3839  -0.1125  -0.0778
   5326    851130   158   +3.695   10490    272    322  -0.1700  +0.7533  +0.0276  -0.0368
   5327    851286   156   +3.128    9720    244    320  -0.2230  +0.5512  -0.1009  -0.0025
   5328    851445   159   +4.449   10429    272    393  -0.1687  +0.7372  +0.0977  -0.0425
   5329    851610   165   +5.287   12824    298    236  -0.0259  +1.0000  +0.5136  +0.0756
   5330    851766   156   +2.824    9974    265    294  -0.2247  +0.6179  -0.1141  -0.0594
   5331    851926   160   +4.870   12488    282    261  -0.0316  +1.0000  +0.3666  +0.1059
   5332    852086   160   +6.250   12073    254    364  -0.0177  +1.0000  +0.2646  +0.1860
   5333    852245   159   +6.252   11825    248    400  -0.0244  +1.0000  +0.1801  +0.1920
   5334    852404   159   +5.825   12428    250    352  +0.0054  +1.0000  +0.3228  +0.2438
   5335    852569   165   +4.642   10809    265    314  -0.1146  +0.8371  +0.2034  +0.0193
   5336    852727   158   +3.412   10593    252    297  -0.1302  +0.7804  +0.0963  +0.0503
   5337    852885   158   +3.864   10529    272    286  -0.1636  +0.7636  +0.0509  -0.0318
   5338    853038   153   +3.069    9751    260    336  -0.2238  +0.5592  +0.0511  -0.0624
   5339    853195   157   +4.480   11588    269    217  -0.0329  +1.0000  +0.4427  +0.0762
   5340    853353   158   +4.068   10193    265    400  -0.1993  +0.6753  -0.0681  -0.0377
   5341    853513   160   +5.001   11857    273    232  -0.0142  +1.0000  +0.6047  +0.0844
   5342    853668   155   +5.200   11407    264    368  -0.0748  +0.9939  +0.0226  +0.0814
   5343    853827   159   +4.974   12392    298    255  -0.0550  +1.0000  +0.3341  +0.0386
   5344    853986   159   +4.712   11647    288    208  -0.0675  +1.0000  +0.2934  +0.0106
   5345    854143   157   +5.251   11954    254    346  -0.0255  +1.0000  +0.2203  +0.1748
   5346    854301   158   +6.274   11643    256    450  -0.0401  +1.0000  +0.1950  +0.1346
   5347    854468   167   +4.434   11002    250    372  -0.0817  +0.8877  +0.1573  +0.1021
   5348    854630   162   +3.807   10194    244    393  -0.1565  +0.6756  +0.1115  +0.0448
   5349    854792   162   +5.158   11509    262    318  -0.0704  +1.0000  -0.0002  +0.0986
   5350    854951   159   +4.679   11604    263    288  -0.0366  +1.0000  +0.3292  +0.1016
   5351    855110   159   +6.041   12706    268    312  +0.0075  +1.0000  +0.5239  +0.1836
   5352    855271   161   +5.534   12765    286    240  -0.0124  +1.0000  +0.5299  +0.1153
   5353    855433   162   +5.407   11774    255    332  -0.0163  +1.0000  +0.3785  +0.1529
   5354    855593   160   +4.952   11752    273    274  -0.0590  +1.0000  +0.1791  +0.0771
   5355    855753   160   +5.529   11277    295    370  -0.1061  +0.9598  +0.1726  -0.0444
   5356    855909   156   +2.010    9793    308    248  -0.2713  +0.5704  -0.0230  -0.2052
   5357    856066   157   +4.752   11189    255    288  -0.0637  +0.9367  +0.2354  +0.0953
   5358    856230   164   +3.523   10742    291    281  -0.1597  +0.8195  +0.0841  -0.0767
   5359    856393   163   +1.816    8942    273    329  -0.3292  +0.3471  -0.1155  -0.1813
   5360    856551   158   +4.806   11503    276    300  -0.0565  +1.0000  +0.3102  +0.0415
   5361    856718   167   +5.270   11878    256    343  -0.0257  +1.0000  +0.2663  +0.1588
   5362    856878   160   +1.484    9060    289    246  -0.3486  +0.3779  -0.2827  -0.2159
   5363    857038   160   +3.067   10089    277    286  -0.2077  +0.6480  +0.0724  -0.0899
   5364    857205   167   +5.087   12254    280    281  -0.0476  +1.0000  +0.2433  +0.0937
   5365    857362   157   +4.562   11425    261    275  -0.0569  +0.9987  +0.1485  +0.0952
   5366    857519   157   +4.673   10773    239    366  -0.0902  +0.8275  +0.1499  +0.1263
   5367    857677   158   +4.969   11442    275    301  -0.0757  +1.0000  +0.1211  +0.0408
   5368    857841   164   +5.205   12266    288    371  -0.0439  +1.0000  +0.3644  +0.0656
   5369    858001   160   +3.891   10996    287    290  -0.1382  +0.8861  +0.0316  -0.0429
   5370    858161   160   +4.135   10768    278    344  -0.1389  +0.8262  +0.1457  -0.0334
   5371    858324   163   +2.428    9928    254    334  -0.2162  +0.6059  -0.1042  -0.0243
   5372    858480   156   +5.778   12304    227    412  +0.0408  +1.0000  +0.3484  +0.3533
   5373    858639   159   +5.691   12134    253    414  -0.0141  +1.0000  +0.2648  +0.1981
   5374    858795   156   +5.826   11448    226    404  +0.0023  +1.0000  +0.2171  +0.2687
   5375    858955   160   +6.055   11946    229    430  +0.0245  +1.0000  +0.3260  +0.3063
   5376    859117   162   +3.228   10017    247    321  -0.1943  +0.6292  -0.0577  +0.0140
   5377    859274   157   +5.100   11850    271    298  -0.0443  +1.0000  +0.2762  +0.0934
   5378    859436   162   +6.010   11820    251    450  -0.0206  +1.0000  +0.2587  +0.1783
   5379    859599   163   +1.439    9978    266    260  -0.2148  +0.6190  -0.0082  -0.0624
   5380    859763   164   +3.880   11412    311    193  -0.1003  +0.9952  +0.2586  -0.0831
   5381    859928   165   +4.075   10973    285    287  -0.1109  +0.8801  +0.3061  -0.0384
   5382    860088   160   +3.862   10297    264    382  -0.1842  +0.7026  -0.0269  -0.0240
   5383    860244   156   +5.222   11471    285    293  -0.0833  +1.0000  +0.1440  +0.0075
   5384    860406   162   +3.341   10263    298    294  -0.2199  +0.6938  -0.0180  -0.1384
   5385    860565   159   +4.983   11302    294    357  -0.0992  +0.9663  +0.2072  -0.0383
   5386    860728   163   +5.959   12058    244    354  -0.0114  +1.0000  +0.1731  +0.2377
   5387    860888   160   +5.439   12011    253    313  -0.0007  +1.0000  +0.4296  +0.1876
   5388    861048   160   +3.992   11128    293    273  -0.1124  +0.9208  +0.2216  -0.0491
   5389    861205   157   +5.828   12369    246    373  +0.0241  +1.0000  +0.4686  +0.2576
   5390    861361   156   +2.217    9612    277    267  -0.2778  +0.5229  -0.1857  -0.1332
   5391    861523   162   +4.564   11317    279    365  -0.0962  +0.9703  +0.0699  +0.0141
   5392    861689   166   +3.863   10894    262    307  -0.1190  +0.8594  +0.0369  +0.0415
   5393    861846   157   +2.743   10074    274    334  -0.2207  +0.6441  -0.0737  -0.0810
   5394    862001   155   +3.990   10639    244    363  -0.1163  +0.7923  +0.0844  +0.0907
   5395    862160   159   +4.665   11634    276    245  -0.0442  +1.0000  +0.3922  +0.0552
   5396    862320   160   +1.697    9707    259    268  -0.2361  +0.5478  -0.0439  -0.0621
   5397    862480   160   +4.470   10992    244    363  -0.0809  +0.8851  +0.0941  +0.1282
   5398    862642   162   +2.782    9174    292    365  -0.3217  +0.4078  -0.0955  -0.2138
   5399    862803   161   +5.879   11760    246    364  -0.0108  +1.0000  +0.3061  +0.1954
   5400    862965   162   +4.364   11504    306    292  -0.0797  +1.0000  +0.3878  -0.0617

  ── rolling mean (last 100 ep) ──  cum_R=+4.318  yield=11015 kg/ha  N=263  W=325 mm  R_seas=-0.1093  R_ane=+0.0415

   5401    863120   155   +4.367   10693    285    291  -0.1534  +0.8066  +0.1349  -0.0617
   5402    863281   161   +5.215   11604    266    334  -0.0586  +1.0000  +0.1450  +0.0898
   5403    863441   160   +6.194   11963    265    365  -0.0163  +1.0000  +0.4558  +0.1269
   5404    863596   155   +1.958    9753    275    277  -0.2409  +0.5597  +0.0329  -0.1137
   5405    863752   156   +2.751    9098    269    396  -0.3106  +0.3878  -0.1121  -0.1546
   5406    863912   160   +4.962   12752    287    272  -0.0331  +1.0000  +0.3385  +0.1102
   5407    864077   165   +3.405    9606    247    448  -0.2436  +0.5214  -0.1557  -0.0278
   5408    864241   164   +3.653   10126    278    308  -0.2164  +0.6578  -0.0448  -0.0878
   5409    864404   163   +2.144    8737    254    386  -0.3518  +0.2933  -0.3272  -0.1415
   5410    864565   161   +4.733   11549    280    316  -0.0685  +1.0000  +0.2160  +0.0330
   5411    864727   162   +4.407   10506    238    404  -0.1251  +0.7575  +0.0461  +0.1031
   5412    864888   161   +5.801   11350    221    427  -0.0062  +0.9790  +0.1349  +0.2854
   5413    865050   162   +5.199   12062    270    302  -0.0260  +1.0000  +0.3880  +0.1174
   5414    865212   162   +4.963   11328    287    324  -0.0953  +0.9733  +0.1527  -0.0130
   5415    865382   170   +5.023   10973    292    337  -0.1527  +0.8801  -0.0464  -0.0603
   5416    865544   162   +4.529   11880    293    279  -0.0880  +1.0000  +0.0789  +0.0138
   5417    865707   163   +4.630   12483    294    318  -0.0611  +1.0000  +0.2026  +0.0620
   5418    865867   160   +5.254   12346    279    383  -0.0341  +1.0000  +0.3382  +0.1069
   5419    866025   158   +4.124   11053    269    287  -0.1003  +0.9012  +0.1643  +0.0265
   5420    866180   155   +5.350   11537    244    331  -0.0104  +1.0000  +0.3559  +0.1801
   5421    866342   162   +4.825   11324    296    299  -0.1003  +0.9722  +0.2013  -0.0449
   5422    866498   156   +4.064   10030    239    402  -0.1931  +0.6324  -0.1625  +0.0501
   5423    866656   158   +2.680    9501    275    404  -0.2846  +0.4938  -0.1697  -0.1368
   5424    866821   165   +4.422   11056    267    364  -0.1180  +0.9017  -0.0387  +0.0348
   5425    866977   156   +5.224   11626    255    278  -0.0236  +1.0000  +0.3416  +0.1408
   5426    867133   156   +4.196   10447    253    354  -0.1388  +0.7420  +0.1601  +0.0323
   5427    867297   164   +3.942   10310    294    362  -0.2171  +0.7061  -0.0712  -0.1217
   5428    867457   160   +3.086   10406    302    286  -0.2123  +0.7312  -0.0362  -0.1383
   5429    867619   162   +4.661   10806    245    428  -0.1062  +0.8362  +0.0384  +0.1031
   5430    867784   165   +4.373   11328    284    301  -0.0928  +0.9731  +0.1524  -0.0044
   5431    867945   161   +5.136   11970    265    368  -0.0541  +1.0000  +0.0762  +0.1276
   5432    868106   161   +4.241   10935    264    334  -0.1085  +0.8700  +0.1369  +0.0345
   5433    868261   155   +5.421   11174    229    370  -0.0305  +0.9328  +0.2055  +0.2193
   5434    868421   160   +3.332   10625    279    312  -0.1645  +0.7888  +0.0222  -0.0465
   5435    868577   156   +4.588   11078    268    318  -0.0980  +0.9077  +0.1494  +0.0336
   5436    868743   166   +4.723   11069    253    347  -0.0898  +0.9052  +0.0548  +0.0946
   5437    868898   155   +5.266   11165    242    391  -0.0652  +0.9305  +0.0676  +0.1515
   5438    869060   162   +3.889   11055    322    234  -0.1470  +0.9016  +0.2027  -0.1423
   5439    869218   158   +3.386   10428    296    329  -0.2026  +0.7370  -0.0093  -0.1198
   5440    869374   156   +5.615   11913    249    310  -0.0069  +1.0000  +0.3416  +0.1966
   5441    869533   159   +3.858   10694    291    268  -0.1521  +0.8069  +0.2096  -0.0826
   5442    869696   163   +4.961   11406    280    343  -0.0825  +0.9938  +0.1321  +0.0194
   5443    869864   168   +2.106    9502    286    300  -0.2997  +0.4939  -0.2186  -0.1709
   5444    870030   166   +5.938   11703    260    353  -0.0165  +1.0000  +0.4663  +0.1229
   5445    870180   150   +5.617   12280    254    380  -0.0031  +1.0000  +0.3466  +0.2076
   5446    870338   158   +4.793   11082    241    413  -0.0687  +0.9085  +0.0953  +0.1488
   5447    870497   159   +4.908   12208    301    259  -0.0701  +1.0000  +0.2524  +0.0154
   5448    870655   158   +4.314   11530    287    280  -0.0831  +1.0000  +0.1531  +0.0053
   5449    870815   160   +5.526   12314    282    351  -0.0549  +1.0000  +0.1792  +0.0905
   5450    870973   158   +4.021   11085    276    308  -0.1082  +0.9094  +0.1368  +0.0027
   5451    871131   158   +4.006   10949    285    326  -0.1372  +0.8736  +0.0656  -0.0407
   5452    871291   160   +4.782   11116    282    378  -0.1200  +0.9177  +0.0505  -0.0148
   5453    871454   163   +4.728   10756    213    350  -0.0605  +0.8232  +0.0420  +0.2650
   5454    871618   164   +5.078   12060    298    354  -0.0760  +1.0000  +0.2033  +0.0121
   5455    871782   164   +3.417   10770    314    238  -0.1742  +0.8269  +0.1145  -0.1413
   5456    871941   159   +4.321   10939    281    286  -0.1267  +0.8710  +0.1379  -0.0276
   5457    872100   159   +4.674   11551    299    240  -0.0854  +1.0000  +0.2501  -0.0345
   5458    872258   158   +2.710   10304    284    222  -0.1835  +0.7045  +0.1788  -0.0916
   5459    872418   160   +4.951   10943    258    394  -0.1158  +0.8721  -0.0171  +0.0595
   5460    872577   159   +5.486   11025    251    382  -0.0765  +0.8938  +0.2034  +0.0989
   5461    872746   169   +2.736    9906    265    296  -0.2345  +0.6000  -0.1487  -0.0654
   5462    872912   166   +2.804   10255    297    323  -0.2264  +0.6917  -0.0850  -0.1361
   5463    873076   164   +4.705   11519    287    336  -0.0850  +1.0000  +0.1404  +0.0032
   5464    873235   159   +2.052    8891    250    333  -0.3161  +0.3335  -0.1637  -0.1103
   5465    873397   162   +4.702   11448    293    281  -0.0907  +1.0000  +0.1648  -0.0239
   5466    873561   164   +5.045   11859    284    298  -0.0727  +1.0000  +0.1430  +0.0434
   5467    873719   158   +4.348   11856    294    167  -0.0731  +1.0000  +0.2394  +0.0100
   5468    873881   162   +5.089   11964    278    273  -0.0400  +1.0000  +0.3702  +0.0768
   5469    874038   157   +5.309   11730    263    318  -0.0249  +1.0000  +0.4031  +0.1160
   5470    874194   156   +4.602   10396    209    398  -0.0934  +0.7286  +0.0090  +0.2450
   5471    874351   157   +4.712   10791    229    355  -0.0731  +0.8322  +0.1585  +0.1765
   5472    874520   169   +4.410   11334    313    231  -0.1261  +0.9747  +0.0851  -0.0944
   5473    874682   162   +5.115   11968    277    295  -0.0414  +1.0000  +0.3484  +0.0792
   5474    874835   153   +2.023    9322    302    267  -0.3159  +0.4467  -0.0885  -0.2291
   5475    874996   161   +3.492   10733    300    250  -0.1655  +0.8172  +0.1145  -0.1040
   5476    875153   157   +7.643   12678    204    486  +0.1184  +1.0000  +0.5310  +0.5510
   5477    875320   167   +3.134    9737    312    365  -0.2891  +0.5555  -0.1212  -0.2197
   5478    875483   163   +5.062   12079    280    270  -0.0375  +1.0000  +0.3863  +0.0797
   5479    875649   166   +4.708   10953    304    336  -0.1626  +0.8747  -0.0190  -0.0980
   5480    875804   155   +2.975   10007    277    317  -0.2268  +0.6266  -0.0462  -0.0961
   5481    875967   163   +4.968   10874    258    352  -0.1059  +0.8541  +0.1411  +0.0548
   5482    876129   162   +5.854   12533    251    335  +0.0191  +1.0000  +0.4397  +0.2505
   5483    876288   159   +3.457    9972    271    324  -0.2269  +0.6172  -0.0670  -0.0816
   5484    876449   161   +4.704   10694    262    326  -0.1189  +0.8067  +0.2376  +0.0189
   5485    876610   161   +2.274    9670    294    271  -0.2718  +0.5380  -0.0262  -0.1790
   5486    876770   160   +2.656    9997    289    278  -0.2375  +0.6240  -0.0301  -0.1348
   5487    876928   158   +1.068    9068    301    296  -0.3546  +0.3799  -0.2530  -0.2477
   5488    877082   154   +5.703   10929    220    377  -0.0298  +0.8686  +0.3015  +0.2429
   5489    877243   161   +3.649   10345    277    338  -0.1896  +0.7151  +0.0165  -0.0666
   5490    877409   166   +6.578   13129    290    358  -0.0162  +1.0000  +0.4432  +0.1316
   5491    877573   164   +6.760   11585    227    453  +0.0032  +1.0000  +0.2100  +0.2741
   5492    877735   162   +1.874    9095    288    304  -0.3379  +0.3871  -0.2167  -0.2100
   5493    877896   161   +5.481   11710    256    292  +0.0147  +1.0000  +0.7229  +0.1413
   5494    878064   168   +4.582   10449    278    352  -0.1805  +0.7424  +0.0228  -0.0613
   5495    878227   163   +3.740   10693    268    250  -0.1473  +0.8067  +0.0118  -0.0006
   5496    878388   161   +6.336   13147    282    358  +0.0114  +1.0000  +0.6116  +0.1674
   5497    878544   156   +5.321   11974    253    339  -0.0095  +1.0000  +0.3577  +0.1825
   5498    878701   157   +3.116   10585    273    332  -0.1512  +0.7783  +0.1337  -0.0306
   5499    878861   160   +2.095    9244    262    323  -0.2838  +0.4262  -0.0478  -0.1184
   5500    879025   164   +3.357   10592    305    206  -0.1924  +0.7801  +0.0177  -0.1306

  ── rolling mean (last 100 ep) ──  cum_R=+4.342  yield=10996 kg/ha  N=272  W=327 mm  R_seas=-0.1232  R_ane=+0.0191

   5501    879183   158   +5.513   11549    258    393  -0.0466  +1.0000  +0.1713  +0.1208
   5502    879336   153   +6.038   12530    242    399  +0.0328  +1.0000  +0.4375  +0.2970
   5503    879495   159   +5.134   11528    271    323  -0.0478  +1.0000  +0.3335  +0.0627
   5504    879658   163   +4.885   11231    287    279  -0.0982  +0.9478  +0.2155  -0.0223
   5505    879820   162   +2.474   10116    288    259  -0.2296  +0.6550  -0.0697  -0.1212
   5506    879984   164   +2.136    9880    299    256  -0.2479  +0.5932  +0.0575  -0.1733
   5507    880146   162   +4.830   11232    274    326  -0.1029  +0.9479  +0.0280  +0.0243
   5508    880310   164   +2.693   10465    319    191  -0.2166  +0.7467  +0.0082  -0.1803
   5509    880463   153   +3.117   10486    294    290  -0.1782  +0.7523  +0.1660  -0.1096
   5510    880623   160   +6.658   12094    212    483  +0.0463  +1.0000  +0.1823  +0.4270
   5511    880777   154   +5.681   11884    221    410  +0.0267  +1.0000  +0.2318  +0.3450
   5512    880934   157   +3.895   11090    273    239  -0.1136  +0.9107  +0.0403  +0.0157
   5513    881091   157   +2.227    9784    274    258  -0.2374  +0.5679  +0.0325  -0.1089
   5514    881251   160   +4.665   10909    242    428  -0.0980  +0.8632  -0.0223  +0.1280
   5515    881413   162   +4.985   11130    246    353  -0.0609  +0.9214  +0.1978  +0.1298
   5516    881571   158   +3.323   10351    262    323  -0.1650  +0.7167  +0.0930  -0.0116
   5517    881730   159   +3.856   10831    294    274  -0.1637  +0.8428  -0.0035  -0.0803
   5518    881891   161   +5.501   11449    296    356  -0.0885  +1.0000  +0.2096  -0.0315
   5519    882045   154   +5.231   11542    222    417  +0.0067  +1.0000  +0.1681  +0.2997
   5520    882208   163   +4.583   11841    272    257  -0.0500  +1.0000  +0.2335  +0.0888
   5521    882372   164   +2.003    9204    288    343  -0.3268  +0.4159  -0.2041  -0.2011
   5522    882541   169   +2.904    9882    280    304  -0.2497  +0.5936  -0.1283  -0.1177
   5523    882704   163   +2.026    9838    272    281  -0.2398  +0.5822  -0.0693  -0.0947
   5524    882871   167   +3.835   10881    286    333  -0.1518  +0.8558  -0.0137  -0.0478
   5525    883031   160   +2.928   10066    285    336  -0.2222  +0.6421  +0.0272  -0.1181
   5526    883192   161   +5.159   11235    265    338  -0.0765  +0.9488  +0.1874  +0.0587
   5527    883359   167   +3.705   10441    271    345  -0.1740  +0.7403  +0.0199  -0.0369
   5528    883522   163   +3.795   10392    292    350  -0.2071  +0.7277  -0.0575  -0.1108
   5529    883681   159   +5.457   11496    273    312  -0.0597  +1.0000  +0.2482  +0.0515
   5530    883838   157   +4.468   10822    247    344  -0.1079  +0.8403  +0.0341  +0.0953
   5531    883995   157   +4.090   10741    282    312  -0.1534  +0.8192  +0.0626  -0.0483
   5532    884152   157   +5.410   12049    277    344  -0.0507  +1.0000  +0.2338  +0.0863
   5533    884309   157   +5.259   10767    254    431  -0.1094  +0.8260  +0.1638  +0.0592
   5534    884466   157   +3.632    9389    222    446  -0.2288  +0.4642  -0.1281  +0.0599
   5535    884628   162   +3.270   10560    303    268  -0.1904  +0.7718  +0.0498  -0.1278
   5536    884784   156   +5.286   11755    260    284  -0.0136  +1.0000  +0.4790  +0.1284
   5537    884947   163   +3.699   10656    293    277  -0.1733  +0.7969  +0.0466  -0.0905
   5538    885112   165   +4.519   12147    277    227  -0.0406  +1.0000  +0.3084  +0.0953
   5539    885275   163   +1.780    8458    285    419  -0.4043  +0.2200  -0.3216  -0.2571
   5540    885435   160   +2.304    9442    278    292  -0.2927  +0.4783  -0.1667  -0.1521
   5541    885597   162   +1.443    8972    325    250  -0.3856  +0.3548  -0.3126  -0.3100
   5542    885755   158   +4.919   11379    278    336  -0.0734  +0.9866  +0.2312  +0.0226
   5543    885920   165   +3.366    9534    260    409  -0.2767  +0.5023  -0.2676  -0.0850
   5544    886080   160   +5.226   10600    250    333  -0.1183  +0.7823  +0.1862  +0.0583
   5545    886242   162   +4.055   11170    292    264  -0.1208  +0.9317  +0.0977  -0.0448
   5546    886405   163   +5.446   12372    279    286  -0.0313  +1.0000  +0.3595  +0.1090
   5547    886562   157   +5.366   11200    213    385  -0.0112  +0.9396  +0.0892  +0.3167
   5548    886723   161   +5.144   11296    292    266  -0.0993  +0.9649  +0.1911  -0.0323
   5549    886883   160   +3.547    9509    240    392  -0.2340  +0.4959  -0.0527  -0.0089
   5550    887044   161   +4.854   11360    269    262  -0.0604  +0.9817  +0.2767  +0.0552
   5551    887203   159   +4.681   11652    294    249  -0.0702  +1.0000  +0.3208  -0.0077
   5552    887361   158   +6.772   12080    211    424  +0.0753  +1.0000  +0.4670  +0.4286
   5553    887520   159   +5.449   11686    280    339  -0.0552  +1.0000  +0.3215  +0.0423
   5554    887679   159   +4.398   10575    294    298  -0.1581  +0.7755  +0.2822  -0.1007
   5555    887841   162   +1.418    8918    278    301  -0.3422  +0.3408  -0.1845  -0.1966
   5556    887998   157   +6.064   12712    238    332  +0.0584  +1.0000  +0.5771  +0.3357
   5557    888159   161   +7.915   12319    186    451  +0.1584  +1.0000  +0.5766  +0.6569
   5558    888319   160   +3.724   10300    284    362  -0.1977  +0.7035  +0.0467  -0.0943
   5559    888475   156   +5.140   11869    268    240  -0.0200  +1.0000  +0.4838  +0.1054
   5560    888642   167   +4.937   11725    286    372  -0.0632  +1.0000  +0.2958  +0.0241
   5561    888800   158   +2.050    9321    273    333  -0.2912  +0.4464  -0.0870  -0.1471
   5562    888959   159   +3.662   10664    271    259  -0.1499  +0.7991  +0.0471  -0.0146
   5563    889118   159   +4.700   11053    264    284  -0.0966  +0.9010  +0.1447  +0.0456
   5564    889280   162   +4.701   10888    238    388  -0.0829  +0.8579  +0.0913  +0.1449
   5565    889438   158   +3.089   10308    277    250  -0.1895  +0.7056  +0.0460  -0.0685
   5566    889600   162   +1.250    7967    274    336  -0.4434  +0.0910  -0.3410  -0.2735
   5567    889762   162   +5.924   11810    252    418  -0.0306  +1.0000  +0.1803  +0.1714
   5568    889923   161   +4.106   10597    253    340  -0.1392  +0.7814  +0.0164  +0.0462
   5569    890082   159   +1.849    8981    280    313  -0.3391  +0.3573  -0.1908  -0.1977
   5570    890246   164   +4.972   12241    287    280  -0.0526  +1.0000  +0.2777  +0.0653
   5571    890405   159   +5.718   12439    253    268  +0.0189  +1.0000  +0.4998  +0.2297
   5572    890568   163   +3.202    9923    265    310  -0.2223  +0.6044  -0.0380  -0.0651
   5573    890724   156   +5.922   12456    253    366  +0.0066  +1.0000  +0.3705  +0.2317
   5574    890890   166   +5.112   11239    229    353  -0.0415  +0.9499  +0.0238  +0.2288
   5575    891053   163   +1.816    9178    278    262  -0.3050  +0.4088  -0.0495  -0.1743
   5576    891210   157   +4.376   11822    279    255  -0.0453  +1.0000  +0.3690  +0.0592
   5577    891372   162   +3.892   10866    291    261  -0.1346  +0.8519  +0.2277  -0.0679
   5578    891530   158   +4.236   10939    294    267  -0.1355  +0.8712  +0.1739  -0.0689
   5579    891689   159   +5.592   11890    271    325  -0.0440  +1.0000  +0.2642  +0.0985
   5580    891853   164   +4.601   10789    256    344  -0.1067  +0.8317  +0.1988  +0.0517
   5581    892015   162   +4.413   10631    232    348  -0.0978  +0.7903  +0.1082  +0.1459
   5582    892174   159   +3.441   10673    283    278  -0.1524  +0.8013  +0.1462  -0.0578
   5583    892330   156   +4.560   10787    245    384  -0.1048  +0.8312  +0.0756  +0.0995
   5584    892489   159   +6.026   11962    261    420  -0.0311  +1.0000  +0.2524  +0.1457
   5585    892652   163   +3.319   10594    286    236  -0.1713  +0.7807  +0.0584  -0.0744
   5586    892811   159   +5.177   11758    264    340  -0.0382  +1.0000  +0.2816  +0.1122
   5587    892971   160   +4.966   12292    277    278  -0.0454  +1.0000  +0.2192  +0.1090
   5588    893124   153   +2.640    9423    237    372  -0.2327  +0.4732  +0.0036  -0.0045
   5589    893283   159   +3.798   10169    303    354  -0.2298  +0.6690  +0.0155  -0.1620
   5590    893445   162   +6.420   11767    225    396  +0.0172  +1.0000  +0.2525  +0.3067
   5591    893598   153   +0.083    8137    271    286  -0.4200  +0.1358  -0.2902  -0.2498
   5592    893756   158   +5.170   11479    259    309  -0.0386  +1.0000  +0.2907  +0.1076
   5593    893915   159   +3.627   10217    246    321  -0.1656  +0.6816  +0.0244  +0.0387
   5594    894071   156   +6.205   12370    250    317  +0.0301  +1.0000  +0.5919  +0.2365
   5595    894225   154   +4.761   10598    232    420  -0.1054  +0.7816  +0.0629  +0.1430
   5596    894385   160   +2.845   10868    288    211  -0.1496  +0.8525  +0.0476  -0.0582
   5597    894541   156   +5.457   11520    243    371  -0.0095  +1.0000  +0.3437  +0.1872
   5598    894701   160   +5.216   11489    270    331  -0.0679  +1.0000  +0.1266  +0.0648
   5599    894864   163   +3.842   10865    282    246  -0.1378  +0.8517  +0.1059  -0.0378
   5600    895023   159   +4.076   10737    265    330  -0.1338  +0.8182  +0.0735  +0.0143

  ── rolling mean (last 100 ep) ──  cum_R=+4.236  yield=10871 kg/ha  N=267  W=324 mm  R_seas=-0.1264  R_ane=+0.0297

   5601    895185   162   +3.045    9863    253    318  -0.2028  +0.5887  +0.0792  -0.0263
   5602    895342   157   +5.101   11840    280    332  -0.0631  +1.0000  +0.1975  +0.0571
   5603    895503   161   +3.917   10117    223    373  -0.1502  +0.6553  -0.0463  +0.1355
   5604    895659   156   +2.277    9874    265    230  -0.2275  +0.5915  -0.0496  -0.0682
   5605    895823   164   +5.119   11446    278    279  -0.0726  +1.0000  +0.1881  +0.0285
   5606    895973   150   +3.390   10596    250    274  -0.1264  +0.7811  +0.1030  +0.0600
   5607    896133   160   +5.966   12087    257    382  -0.0030  +1.0000  +0.4470  +0.1743
   5608    896294   161   +5.049   11594    286    282  -0.0683  +1.0000  +0.2802  +0.0124
   5609    896456   162   +6.389   11867    234    397  -0.0013  +1.0000  +0.1769  +0.2699
   5610    896613   157   +5.924   11178    227    417  -0.0305  +0.9339  +0.1610  +0.2332
   5611    896775   162   +5.578   11772    275    307  -0.0561  +1.0000  +0.2246  +0.0715
   5612    896936   161   +3.851   10311    281    407  -0.2016  +0.7064  -0.0352  -0.0822
   5613    897089   153   +5.515   11910    236    278  +0.0337  +1.0000  +0.5579  +0.2598
   5614    897244   155   +4.733   11387    265    245  -0.0621  +0.9886  +0.1861  +0.0737
   5615    897402   158   +7.469   12468    201    422  +0.1155  +1.0000  +0.5027  +0.5507
   5616    897569   167   +2.779    9908    299    264  -0.2566  +0.6006  -0.0515  -0.1721
   5617    897730   161   +3.774   10766    275    275  -0.1360  +0.8258  +0.1388  -0.0210
   5618    897894   164   +6.607   13011    228    306  +0.0736  +1.0000  +0.4591  +0.4258
   5619    898054   160   +5.786   12544    280    298  -0.0312  +1.0000  +0.3343  +0.1179
   5620    898217   163   +4.943   11264    238    344  -0.0598  +0.9565  -0.0322  +0.1810
   5621    898377   160   +5.212   12616    278    265  +0.0002  +1.0000  +0.6010  +0.1336
   5622    898537   160   +5.139   11442    262    276  -0.0564  +1.0000  +0.1648  +0.0902
   5623    898701   164   +2.983   10082    262    257  -0.1932  +0.6462  +0.0633  -0.0371
   5624    898863   162   +4.217   11052    260    329  -0.0986  +0.9008  +0.0758  +0.0622
   5625    899017   154   +5.069   11816    251    297  -0.0205  +1.0000  +0.2620  +0.1776
   5626    899175   158   +2.337    9638    283    318  -0.2831  +0.5296  -0.2072  -0.1494
   5627    899334   159   +2.857    9658    265    397  -0.2521  +0.5349  -0.0909  -0.0892
   5628    899491   157   +2.646    9792    269    286  -0.2366  +0.5702  -0.0206  -0.0903
   5629    899652   161   +5.761   11745    242    336  -0.0231  +1.0000  +0.1267  +0.2142
   5630    899807   155   +3.693   10051    227    400  -0.1717  +0.6380  -0.1376  +0.1084
   5631    899965   158   +5.483   11826    253    403  -0.0357  +1.0000  +0.1346  +0.1696
   5632    900126   161   +1.323    8788    276    385  -0.3526  +0.3067  -0.1778  -0.2050
   5633    900286   160   +4.177   10218    248    360  -0.1672  +0.6818  +0.0358  +0.0291
   5634    900441   155   +6.036   12966    247    361  +0.0539  +1.0000  +0.6047  +0.3114
   5635    900598   157   +6.358   13656    253    379  +0.0715  +1.0000  +0.6637  +0.3505
   5636    900763   165   +4.359   11370    285    263  -0.0972  +0.9841  +0.0789  -0.0036
   5637    900922   159   +3.934   10598    256    286  -0.1355  +0.7817  +0.0895  +0.0338
   5638    901084   162   +4.539   11578    303    235  -0.0835  +1.0000  +0.3027  -0.0460
   5639    901244   160   +4.780   11408    268    282  -0.0721  +0.9942  +0.1062  +0.0622
   5640    901401   157   +4.355   11597    276    259  -0.0750  +1.0000  +0.0988  +0.0503
   5641    901566   165   +3.857   11022    326    251  -0.1616  +0.8930  +0.1119  -0.1535
   5642    901725   159   +3.546   10436    273    250  -0.1707  +0.7390  +0.0751  -0.0431
   5643    901881   156   +4.628   11309    263    270  -0.0760  +0.9683  +0.0977  +0.0740
   5644    902037   156   +5.228   11267    233    360  -0.0343  +0.9573  +0.1388  +0.2083
   5645    902193   156   +4.934   10740    231    367  -0.0887  +0.8188  +0.0808  +0.1618
   5646    902358   165   +6.050   11436    234    371  -0.0129  +1.0000  +0.1985  +0.2243
   5647    902522   164   +4.276   11309    267    238  -0.0807  +0.9682  +0.0916  +0.0603
   5648    902678   156   +3.965   10662    260    272  -0.1310  +0.7985  +0.1238  +0.0235
   5649    902836   158   +5.889   11763    228    383  +0.0209  +1.0000  +0.3334  +0.2920
   5650    903001   165   +4.715   11998    257    258  -0.0061  +1.0000  +0.4317  +0.1690
   5651    903160   159   +3.665   11178    290    212  -0.1091  +0.9338  +0.1789  -0.0347
   5652    903316   156   +5.595   11792    252    367  -0.0383  +1.0000  +0.1069  +0.1701
   5653    903474   158   +3.140   10436    263    250  -0.1615  +0.7392  +0.0649  -0.0092
   5654    903629   155   +4.227   11347    279    249  -0.0883  +0.9781  +0.1218  +0.0166
   5655    903793   164   +4.902   11778    288    270  -0.0665  +1.0000  +0.2626  +0.0241
   5656    903955   162   +2.644   10260    300    213  -0.2149  +0.6928  +0.0540  -0.1449
   5657    904115   160   +3.167    9959    270    284  -0.2280  +0.6138  -0.0809  -0.0780
   5658    904271   156   +4.434   10325    217    397  -0.1227  +0.7100  -0.0630  +0.1872
   5659    904428   157   +2.696    9037    257    374  -0.3149  +0.3720  -0.2148  -0.1215
   5660    904589   161   +0.881    8727    275    254  -0.3651  +0.2907  -0.2561  -0.2072
   5661    904750   161   +5.919   12224    262    335  -0.0122  +1.0000  +0.3827  +0.1651
   5662    904907   157   +3.836    9733    248    373  -0.2185  +0.5545  -0.0197  -0.0171
   5663    905067   160   +4.777   11973    276    339  -0.0551  +1.0000  +0.1984  +0.0835
   5664    905224   157   +4.914   11315    256    306  -0.0589  +0.9697  +0.1744  +0.1042
   5665    905380   156   +2.815    9867    256    288  -0.1992  +0.5897  +0.1447  -0.0371
   5666    905542   162   +3.297   10245    280    270  -0.1699  +0.6890  +0.3298  -0.0837
   5667    905705   163   +5.322   11094    247    397  -0.0688  +0.9119  +0.1631  +0.1231
   5668    905863   158   +5.840   11066    226    437  -0.0338  +0.9045  +0.2373  +0.2212
   5669    906020   157   +5.667   12043    239    294  +0.0212  +1.0000  +0.4315  +0.2603
   5670    906178   158   +5.277   11848    276    368  -0.0551  +1.0000  +0.2254  +0.0745
   5671    906345   167   +5.572   10876    245    450  -0.0871  +0.8545  +0.1640  +0.1097
   5672    906505   160   +4.616   10754    263    353  -0.1246  +0.8225  +0.1288  +0.0230
   5673    906667   162   +4.667   11670    288    237  -0.0719  +1.0000  +0.2391  +0.0140
   5674    906828   161   +3.769   10977    265    259  -0.1045  +0.8810  +0.1432  +0.0364
   5675    906980   152   +4.913   11152    236    322  -0.0496  +0.9271  +0.1393  +0.1822
   5676    907141   161   +2.600    9656    269    348  -0.2555  +0.5345  -0.0838  -0.1023
   5677    907303   162   +4.999   12563    291    234  -0.0450  +1.0000  +0.3149  +0.0785
   5678    907467   164   +5.846   13438    280    398  +0.0035  +1.0000  +0.4367  +0.1994
   5679    907628   161   +3.832   10383    284    296  -0.1876  +0.7251  +0.0710  -0.0866
   5680    907783   155   +4.463   11203    265    287  -0.0839  +0.9403  +0.1439  +0.0553
   5681    907945   162   +4.896   11207    265    348  -0.0784  +0.9416  +0.1869  +0.0584
   5682    908111   166   +3.148   10278    275    271  -0.1955  +0.6975  -0.0048  -0.0646
   5683    908270   159   +2.237    9396    280    256  -0.2993  +0.4662  -0.1788  -0.1598
   5684    908431   161   +2.781    9855    280    302  -0.2547  +0.5865  -0.1528  -0.1200
   5685    908594   163   +3.976   10463    271    311  -0.1866  +0.7462  -0.1252  -0.0355
   5686    908745   151   +4.082   10774    256    360  -0.1161  +0.8279  +0.1131  +0.0521
   5687    908906   161   +3.599   11012    314    266  -0.1562  +0.8903  +0.0861  -0.1247
   5688    909064   158   +5.890   12137    267    299  -0.0105  +1.0000  +0.4890  +0.1353
   5689    909226   162   +3.919   10393    285    346  -0.1835  +0.7278  +0.1093  -0.0879
   5690    909389   163   +3.798    9718    260    349  -0.2330  +0.5506  -0.0101  -0.0655
   5691    909546   157   +5.256   12306    278    301  -0.0280  +1.0000  +0.3959  +0.1079
   5692    909709   163   +2.069    9692    263    273  -0.2528  +0.5439  -0.1554  -0.0775
   5693    909865   156   +4.064   10905    259    291  -0.1177  +0.8621  +0.0072  +0.0533
   5694    910021   156   +6.062   12606    249    383  +0.0248  +1.0000  +0.4468  +0.2669
   5695    910184   163   +3.842   10985    246    265  -0.0893  +0.8832  +0.0544  +0.1149
   5696    910344   160   +4.755   11882    288    264  -0.0591  +1.0000  +0.3126  +0.0322
   5697    910506   162   +3.006    9858    259    326  -0.2202  +0.5875  -0.0297  -0.0471
   5698    910666   160   +5.980   12910    262    329  +0.0242  +1.0000  +0.5528  +0.2297
   5699    910828   162   +4.501   11199    256    343  -0.0632  +0.9393  +0.2404  +0.0930
   5700    910978   150   +4.988   12626    271    232  -0.0043  +1.0000  +0.4604  +0.1655

  ── rolling mean (last 100 ep) ──  cum_R=+4.407  yield=11088 kg/ha  N=263  W=314 mm  R_seas=-0.1056  R_ane=+0.0620

   5701    911134   156   +4.061   10632    261    251  -0.1370  +0.7906  +0.0938  +0.0199
   5702    911291   157   +1.758    9747    293    228  -0.2728  +0.5584  -0.1181  -0.1685
   5703    911447   156   +4.009   10854    262    304  -0.1272  +0.8489  +0.0034  +0.0341
   5704    911606   159   +3.452   10248    298    350  -0.2218  +0.6897  -0.0227  -0.1398
   5705    911765   159   +3.868   10337    253    377  -0.1804  +0.7132  -0.1539  +0.0223
   5706    911925   160   +4.639   11467    250    301  -0.0405  +1.0000  +0.1481  +0.1490
   5707    912085   160   +5.262   11697    291    325  -0.0839  +1.0000  +0.1452  +0.0052
   5708    912247   162   +5.122   11759    293    277  -0.0681  +1.0000  +0.3098  +0.0032
   5709    912403   156   +4.751   11329    282    335  -0.0942  +0.9735  +0.1118  +0.0040
   5710    912566   163   +3.671   10725    300    312  -0.1837  +0.8151  -0.0600  -0.1049
   5711    912722   156   +4.302   10960    226    277  -0.0503  +0.8766  +0.1602  +0.2150
   5712    912883   161   +4.784   12577    284    231  -0.0332  +1.0000  +0.3502  +0.1059
   5713    913041   158   +2.732   10190    290    330  -0.2226  +0.6745  -0.0458  -0.1220
   5714    913194   153   +5.083   11540    264    340  -0.0360  +1.0000  +0.3633  +0.0922
   5715    913350   156   +4.074   10540    229    347  -0.0981  +0.7664  +0.1455  +0.1524
   5716    913503   153   +5.679   11666    243    339  -0.0044  +1.0000  +0.3611  +0.1982
   5717    913660   157   +3.288   10626    268    331  -0.1522  +0.7889  +0.0354  -0.0100
   5718    913818   158   +4.167   11081    280    249  -0.1161  +0.9083  +0.0975  -0.0098
   5719    913975   157   +4.626   11237    279    353  -0.1017  +0.9493  +0.0874  +0.0074
   5720    914135   160   +5.191   12698    286    282  -0.0016  +1.0000  +0.6482  +0.1119
   5721    914294   159   +3.395   10083    284    291  -0.2100  +0.6464  +0.1181  -0.1112
   5722    914455   161   +4.300   10329    258    389  -0.1731  +0.7109  -0.0093  +0.0005
   5723    914617   162   +5.389   11478    238    371  -0.0171  +1.0000  +0.2085  +0.2069
   5724    914782   165   +6.698   12621    249    380  +0.0120  +1.0000  +0.3168  +0.2678
   5725    914939   157   +4.229   10453    247    417  -0.1506  +0.7435  -0.0418  +0.0591
   5726    915096   157   +2.239    9692    249    256  -0.2322  +0.5438  -0.1055  -0.0254
   5727    915254   158   +6.320   13066    268    304  +0.0275  +1.0000  +0.6235  +0.2171
   5728    915413   159   +3.521   10748    282    244  -0.1564  +0.8209  +0.0266  -0.0477
   5729    915570   157   +4.344   11018    272    252  -0.0918  +0.8919  +0.3090  +0.0145
   5730    915723   153   +5.880   12318    241    380  +0.0364  +1.0000  +0.5365  +0.2760
   5731    915883   160   +5.018   12160    268    304  -0.0339  +1.0000  +0.2523  +0.1363
   5732    916040   157   +4.422   11310    280    290  -0.0801  +0.9685  +0.2496  +0.0094
   5733    916201   161   +3.977   11369    293    248  -0.0985  +0.9839  +0.1449  -0.0299
   5734    916362   161   +2.566   10405    307    236  -0.2150  +0.7309  -0.0189  -0.1529
   5735    916525   163   +3.306   10580    285    220  -0.1601  +0.7769  +0.1700  -0.0711
   5736    916683   158   +3.833   10480    264    377  -0.1810  +0.7506  -0.1646  -0.0072
   5737    916842   159   +4.048   11748    294    220  -0.0698  +1.0000  +0.3091  -0.0023
   5738    917001   159   +2.541   10041    284    255  -0.2267  +0.6353  -0.0116  -0.1147
   5739    917159   158   +5.615   11830    272    368  -0.0510  +1.0000  +0.2285  +0.0873
   5740    917318   159   +4.512   11018    236    349  -0.0767  +0.8920  +0.0060  +0.1656
   5741    917475   157   +5.067   12475    276    299  -0.0331  +1.0000  +0.2789  +0.1302
   5742    917635   160   +3.223    9672    244    328  -0.2217  +0.5386  -0.0350  -0.0094
   5743    917793   158   +4.870   11832    285    312  -0.0674  +1.0000  +0.2085  +0.0393
   5744    917950   157   +3.158   10142    279    266  -0.2097  +0.6618  +0.0191  -0.0902
   5745    918107   157   +2.174    9204    268    354  -0.3003  +0.4158  -0.1128  -0.1431
   5746    918265   158   +3.908   10696    247    256  -0.0899  +0.8073  +0.3324  +0.0833
   5747    918425   160   +3.506   10129    276    387  -0.2305  +0.6585  -0.2066  -0.0815
   5748    918577   152   +4.169   10262    280    392  -0.1957  +0.6933  +0.0630  -0.0845
   5749    918739   162   +4.125   10506    293    347  -0.1907  +0.7575  +0.0072  -0.1027
   5750    918901   162   +2.761   10569    281    221  -0.1857  +0.7740  -0.1155  -0.0588
   5751    919059   158   +5.152   11495    254    339  -0.0356  +1.0000  +0.2453  +0.1329
   5752    919225   166   +2.377    9462    269    308  -0.2821  +0.4833  -0.1642  -0.1218
   5753    919382   157   +4.868   10791    266    301  -0.1098  +0.8324  +0.2804  +0.0136
   5754    919539   157   +3.283    9740    268    328  -0.2454  +0.5566  -0.0767  -0.0896
   5755    919702   163   +6.131   12196    247    339  +0.0121  +1.0000  +0.4148  +0.2355
   5756    919859   157   +5.655   11776    242    351  +0.0007  +1.0000  +0.3519  +0.2182
   5757    920020   161   +3.552   10944    279    269  -0.1267  +0.8723  +0.1141  -0.0206
   5758    920177   157   +4.183   10928    270    302  -0.0906  +0.8683  +0.3930  +0.0100
   5759    920339   162   +5.115   10777    266    406  -0.1317  +0.8286  +0.0769  +0.0114
   5760    920501   162   +2.748   10530    295    200  -0.1869  +0.7639  +0.0444  -0.1077
   5761    920662   161   +5.499   10942    259    364  -0.1002  +0.8719  +0.1550  +0.0544
   5762    920823   161   +3.198    9930    261    326  -0.2201  +0.6064  -0.0703  -0.0489
   5763    920981   158   +5.054   12367    280    247  -0.0438  +1.0000  +0.2472  +0.1049
   5764    921137   156   +4.318   11009    263    316  -0.1042  +0.8895  +0.0988  +0.0452
   5765    921294   157   +4.419   11406    291    250  -0.0838  +0.9938  +0.2350  -0.0191
   5766    921452   158   +6.526   12775    271    359  -0.0081  +1.0000  +0.3825  +0.1789
   5767    921604   152   +6.827   12006    216    469  +0.0479  +1.0000  +0.3101  +0.3897
   5768    921769   165   +4.319   11601    289    275  -0.0784  +1.0000  +0.2083  +0.0027
   5769    921935   166   +3.849   10827    298    328  -0.1583  +0.8417  +0.0869  -0.0916
   5770    922096   161   +4.945   11296    257    357  -0.0720  +0.9649  +0.0719  +0.0986
   5771    922256   160   +3.147    9598    293    358  -0.2859  +0.5192  -0.1168  -0.1799
   5772    922422   166   +4.757   11810    305    258  -0.0856  +1.0000  +0.2388  -0.0316
   5773    922587   165   +3.954   11138    283    256  -0.1069  +0.9232  +0.1728  -0.0167
   5774    922742   155   +4.293   10737    273    313  -0.1367  +0.8181  +0.1423  -0.0181
   5775    922899   157   +6.056   12974    250    307  +0.0419  +1.0000  +0.5262  +0.2975
   5776    923055   156   +4.791   11157    258    313  -0.0580  +0.9283  +0.3601  +0.0797
   5777    923215   160   +5.051   12051    259    310  -0.0232  +1.0000  +0.2799  +0.1628
   5778    923381   166   +3.493   10727    292    294  -0.1658  +0.8156  +0.0489  -0.0821
   5779    923538   157   +6.529   12869    264    357  +0.0154  +1.0000  +0.4952  +0.2195
   5780    923697   159   +5.157   11381    293    262  -0.0934  +0.9872  +0.1842  -0.0289
   5781    923857   160   +3.580   10736    290    262  -0.1528  +0.8179  +0.1473  -0.0734
   5782    924018   161   +6.557   12849    240    349  +0.0429  +1.0000  +0.4110  +0.3395
   5783    924175   157   +5.314   11735    261    348  -0.0422  +1.0000  +0.2035  +0.1248
   5784    924334   159   +6.920   12200    258    416  +0.0053  +1.0000  +0.5122  +0.1804
   5785    924489   155   +3.124   10252    268    286  -0.1959  +0.6909  -0.0586  -0.0425
   5786    924648   159   +5.577   11293    226    341  -0.0243  +0.9642  +0.0924  +0.2515
   5787    924809   161   +3.018    9860    299    288  -0.2544  +0.5880  +0.0164  -0.1767
   5788    924971   162   +5.122   11968    273    315  -0.0424  +1.0000  +0.2902  +0.0953
   5789    925133   162   +4.500   10759    274    336  -0.1469  +0.8239  +0.0319  -0.0200
   5790    925298   165   +6.304   12598    255    362  +0.0037  +1.0000  +0.3319  +0.2351
   5791    925459   161   +4.846   11532    272    298  -0.0381  +1.0000  +0.4390  +0.0600
   5792    925620   161   +4.829   11288    288    342  -0.1148  +0.9628  +0.0069  -0.0208
   5793    925781   161   +5.123   11944    277    270  -0.0255  +1.0000  +0.5069  +0.0795
   5794    925945   164   +4.821   11102    244    310  -0.0572  +0.9139  +0.2247  +0.1396
   5795    926110   165   +4.598   10727    258    401  -0.1320  +0.8155  +0.0251  +0.0388
   5796    926265   155   +2.964   10280    304    229  -0.2048  +0.6981  +0.1664  -0.1532
   5797    926423   158   +4.472   11005    268    328  -0.0995  +0.8884  +0.2051  +0.0264
   5798    926581   158   +5.110   12368    272    276  -0.0106  +1.0000  +0.4820  +0.1374
   5799    926745   164   +5.499   11512    235    333  -0.0001  +1.0000  +0.3181  +0.2268
   5800    926900   155   +4.767   11260    256    394  -0.0660  +0.9553  +0.1482  +0.1012

  ── rolling mean (last 100 ep) ──  cum_R=+4.439  yield=11146 kg/ha  N=270  W=314 mm  R_seas=-0.1057  R_ane=+0.0407

   5801    927056   156   +4.601   11029    259    357  -0.0942  +0.8947  +0.1265  +0.0651
   5802    927220   164   +5.244   11508    255    362  -0.0424  +1.0000  +0.1863  +0.1299
   5803    927373   153   +3.483   10128    243    404  -0.1903  +0.6582  -0.1732  +0.0414
   5804    927531   158   +5.395   11388    264    327  -0.0705  +0.9890  +0.0867  +0.0787
   5805    927688   157   +5.582   11016    267    381  -0.1027  +0.8914  +0.1455  +0.0330
   5806    927846   158   +4.746   11788    267    320  -0.0366  +1.0000  +0.3242  +0.1034
   5807    928005   159   +6.007   11780    252    425  -0.0246  +1.0000  +0.2409  +0.1712
   5808    928168   163   +3.394   10014    264    356  -0.2158  +0.6285  -0.0734  -0.0519
   5809    928326   158   +3.546   10830    293    252  -0.1462  +0.8426  +0.1579  -0.0754
   5810    928488   162   +3.569   11264    315    272  -0.1406  +0.9565  +0.0201  -0.1058
   5811    928649   161   +4.994   12107    293    371  -0.0800  +1.0000  +0.1004  +0.0331
   5812    928813   164   +4.223   10383    264    383  -0.1683  +0.7252  +0.0554  -0.0172
   5813    928972   159   +4.204   10952    266    272  -0.1050  +0.8746  +0.1776  +0.0285
   5814    929130   158   +0.918    8563    302    248  -0.3960  +0.2476  -0.2059  -0.2910
   5815    929288   158   +4.526   10158    235    478  -0.1655  +0.6661  -0.0590  +0.0796
   5816    929444   156   +4.103   10593    287    325  -0.1804  +0.7803  -0.0274  -0.0759
   5817    929609   165   +4.444   11285    325    292  -0.1391  +0.9620  +0.0965  -0.1308
   5818    929770   161   +4.643   11181    307    311  -0.1223  +0.9346  +0.2077  -0.0892
   5819    929935   165   +5.149   10895    280    408  -0.1346  +0.8596  +0.0924  -0.0291
   5820    930097   162   +3.337   10441    273    325  -0.1834  +0.7405  -0.0575  -0.0427
   5821    930260   163   +4.988   12366    276    279  -0.0146  +1.0000  +0.4975  +0.1187
   5822    930422   162   +5.930   11514    217    378  +0.0178  +1.0000  +0.2050  +0.3244
   5823    930585   163   +3.554   10829    322    280  -0.1980  +0.8422  -0.1119  -0.1580
   5824    930747   162   +3.797   11368    296    163  -0.0910  +0.9837  +0.2557  -0.0416
   5825    930908   161   +3.538   10642    306    255  -0.1809  +0.7931  +0.0980  -0.1300
   5826    931063   155   +4.675   11029    263    332  -0.0820  +0.8947  +0.2931  +0.0501
   5827    931221   158   +4.663   12436    308    275  -0.0847  +1.0000  +0.1245  +0.0094
   5828    931383   162   +4.100   11265    287    276  -0.1022  +0.9567  +0.1423  -0.0187
   5829    931537   154   +5.007   11053    252    368  -0.0796  +0.9009  +0.1622  +0.0964
   5830    931698   161   +5.038   11209    269    356  -0.0880  +0.9421  +0.1400  +0.0417
   5831    931849   151   +3.886   10461    257    368  -0.1339  +0.7456  +0.2461  +0.0170
   5832    932017   168   +2.955   10704    290    207  -0.1674  +0.8093  +0.0319  -0.0765
   5833    932172   155   +5.262   11434    245    392  -0.0544  +1.0000  -0.0421  +0.1659
   5834    932332   160   +3.666   10409    286    324  -0.1929  +0.7321  +0.0077  -0.0891
   5835    932487   155   +4.071   11900    277    230  -0.0683  +1.0000  +0.0949  +0.0739
   5836    932646   159   +5.707   11561    251    388  -0.0291  +1.0000  +0.2525  +0.1521
   5837    932806   160   +2.687   10144    273    251  -0.1993  +0.6625  +0.0675  -0.0722
   5838    932962   156   +2.312    9296    260    378  -0.2966  +0.4398  -0.2522  -0.1046
   5839    933125   163   +5.018   12158    282    322  -0.0545  +1.0000  +0.2224  +0.0775
   5840    933282   157   +4.321   10780    262    360  -0.1333  +0.8295  +0.0070  +0.0289
   5841    933437   155   +1.944    9812    266    263  -0.2431  +0.5753  -0.1339  -0.0785
   5842    933603   166   +3.964   11041    271    312  -0.1143  +0.8978  +0.0587  +0.0181
   5843    933761   158   +4.427   11088    260    361  -0.1121  +0.9104  -0.0890  +0.0642
   5844    933923   162   +4.301   11147    294    304  -0.1213  +0.9257  +0.1296  -0.0521
   5845    934085   162   +6.702   12028    239    417  +0.0044  +1.0000  +0.2691  +0.2583
   5846    934244   159   +5.280   10742    276    410  -0.1272  +0.8193  +0.2555  -0.0253
   5847    934408   164   +1.945    9292    290    287  -0.3235  +0.4388  -0.2334  -0.1997
   5848    934566   158   +3.723   10560    266    287  -0.1664  +0.7717  -0.0710  -0.0074
   5849    934724   158   +5.334   12145    278    295  -0.0359  +1.0000  +0.3610  +0.0933
   5850    934883   159   +2.755    9978    264    306  -0.2208  +0.6189  -0.0858  -0.0563
   5851    935041   158   +5.320   12008    243    287  +0.0208  +1.0000  +0.5054  +0.2341
   5852    935201   160   +4.517   11464    298    278  -0.0962  +1.0000  +0.1497  -0.0373
   5853    935362   161   +5.337   11260    225    326  -0.0230  +0.9555  +0.1266  +0.2516
   5854    935520   158   +4.098   11221    276    337  -0.1010  +0.9451  +0.0730  +0.0181
   5855    935684   164   +4.619   11190    252    301  -0.0705  +0.9369  +0.1251  +0.1091
   5856    935843   159   +4.207   12395    311    207  -0.0608  +1.0000  +0.4010  -0.0029
   5857    935993   150   +4.696   11840    266    271  -0.0256  +1.0000  +0.4002  +0.1145
   5858    936151   158   +4.812   10851    239    332  -0.0861  +0.8480  +0.1083  +0.1367
   5859    936317   166   +3.651   10786    298    281  -0.1668  +0.8311  +0.0357  -0.0938
   5860    936475   158   +5.629   11425    238    349  -0.0180  +0.9987  +0.2293  +0.1981
   5861    936638   163   +2.365   10330    295    218  -0.2191  +0.7113  -0.0966  -0.1241
   5862    936800   162   +3.670   11130    314    260  -0.1530  +0.9214  +0.0116  -0.1150
   5863    936965   165   +3.627   10759    246    378  -0.1188  +0.8238  -0.0300  +0.0941
   5864    937130   165   +4.045   10617    242    360  -0.1325  +0.7866  -0.0752  +0.0947
   5865    937289   159   +2.652   10330    279    250  -0.1924  +0.7113  +0.0256  -0.0758
   5866    937443   154   +5.754   11393    243    346  -0.0209  +0.9903  +0.3034  +0.1704
   5867    937603   160   +5.666   11288    216    409  +0.0015  +0.9626  +0.1956  +0.3042
   5868    937764   161   +2.118    9950    273    239  -0.2154  +0.6116  +0.0792  -0.0875
   5869    937930   166   +3.045   10850    309    188  -0.1641  +0.8477  +0.1051  -0.1217
   5870    938083   153   +3.052    9356    233    332  -0.2478  +0.4557  -0.1292  +0.0038
   5871    938241   158   +4.538   11496    267    277  -0.0515  +1.0000  +0.2548  +0.0769
   5872    938405   164   +3.282   10464    297    286  -0.1961  +0.7466  +0.0335  -0.1203
   5873    938567   162   +3.992   11024    298    268  -0.1420  +0.8934  +0.0721  -0.0752
   5874    938731   164   +3.553   10385    280    347  -0.1900  +0.7257  +0.0055  -0.0732
   5875    938888   157   +4.663   11030    240    288  -0.0548  +0.8951  +0.2668  +0.1490
   5876    939042   154   +2.584    9797    266    283  -0.2395  +0.5714  -0.0841  -0.0798
   5877    939209   167   +4.561   11376    262    275  -0.0646  +0.9858  +0.1284  +0.0870
   5878    939366   157   +5.634   11470    252    349  -0.0198  +1.0000  +0.3822  +0.1400
   5879    939521   155   +5.521   11955    289    361  -0.0643  +1.0000  +0.2523  +0.0351
   5880    939679   158   +5.727   11898    276    328  -0.0477  +1.0000  +0.2959  +0.0757
   5881    939840   161   +6.260   12751    274    380  -0.0162  +1.0000  +0.3523  +0.1618
   5882    939997   157   +3.357   10135    267    319  -0.1973  +0.6601  +0.0329  -0.0520
   5883    940157   160   +5.181   12083    296    314  -0.0677  +1.0000  +0.2614  +0.0204
   5884    940320   163   +4.877   11995    278    237  -0.0401  +1.0000  +0.3584  +0.0803
   5885    940479   159   +5.631   12574    268    352  -0.0038  +1.0000  +0.4464  +0.1719
   5886    940636   157   +4.298   10785    235    353  -0.0897  +0.8307  +0.0842  +0.1473
   5887    940798   162   +5.832   11784    252    376  -0.0342  +1.0000  +0.1531  +0.1683
   5888    940955   157   +5.438   11835    259    344  -0.0462  +1.0000  +0.1129  +0.1417
   5889    941112   157   +3.081   10146    271    358  -0.2005  +0.6629  +0.0333  -0.0653
   5890    941275   163   +6.828   12102    235    440  +0.0155  +1.0000  +0.2870  +0.2894
   5891    941439   164   +5.031   12025    280    280  -0.0457  +1.0000  +0.3264  +0.0723
   5892    941600   161   +3.784   10323    238    397  -0.1378  +0.7094  +0.0996  +0.0831
   5893    941758   158   +3.706   11064    267    290  -0.1006  +0.9039  +0.1244  +0.0365
   5894    941914   156   +5.641   11094    224    360  -0.0133  +0.9119  +0.3643  +0.2409
   5895    942074   160   +4.443   11294    255    276  -0.0530  +0.9642  +0.2364  +0.1076
   5896    942236   162   +2.253    9845    292    285  -0.2627  +0.5840  -0.1196  -0.1558
   5897    942393   157   +4.941   11581    242    354  -0.0171  +1.0000  +0.2397  +0.1965
   5898    942548   155   +2.577   10100    282    244  -0.2196  +0.6508  -0.0061  -0.1055
   5899    942708   160   +4.879   11963    263    306  -0.0269  +1.0000  +0.3171  +0.1380
   5900    942869   161   +4.747   11245    234    328  -0.0484  +0.9515  +0.0394  +0.1991

  ── rolling mean (last 100 ep) ──  cum_R=+4.314  yield=11058 kg/ha  N=269  W=319 mm  R_seas=-0.1120  R_ane=+0.0350

   5901    943026   157   +4.882   12607    275    294  -0.0314  +1.0000  +0.2437  +0.1476
   5902    943179   153   +5.687   11649    212    340  +0.0487  +1.0000  +0.3719  +0.3716
   5903    943342   163   +4.397   10982    254    370  -0.0883  +0.8825  +0.1731  +0.0792
   5904    943503   161   +5.267   11569    258    350  -0.0382  +1.0000  +0.2534  +0.1215
   5905    943662   159   +5.320   11463    227    378  -0.0017  +1.0000  +0.2015  +0.2604
   5906    943819   157   +4.926   11267    270    339  -0.0777  +0.9571  +0.1976  +0.0440
   5907    943975   156   +3.040    9782    242    371  -0.2062  +0.5673  -0.0153  +0.0117
   5908    944137   162   +2.548    9354    301    326  -0.3114  +0.4551  -0.0846  -0.2223
   5909    944299   162   +5.363   10716    213    437  -0.0544  +0.8127  +0.1555  +0.2562
   5910    944454   155   +4.739   11057    236    321  -0.0599  +0.9021  +0.1247  +0.1737
   5911    944619   165   +5.365   11462    267    361  -0.0593  +1.0000  +0.1867  +0.0733
   5912    944781   162   +6.147   13277    250    374  +0.0463  +1.0000  +0.4787  +0.3281
   5913    944947   166   +3.958   10906    296    276  -0.1485  +0.8625  +0.0916  -0.0776
   5914    945106   159   +4.795   10487    262    363  -0.1465  +0.7525  +0.1546  -0.0004
   5915    945266   160   +6.671   13538    242    339  +0.0720  +1.0000  +0.5287  +0.3971
   5916    945430   164   +4.736   11762    274    287  -0.0512  +1.0000  +0.2681  +0.0732
   5917    945597   167   +4.502   10965    256    324  -0.1084  +0.8780  +0.0099  +0.0702
   5918    945754   157   +2.880    9876    274    296  -0.2363  +0.5922  -0.0423  -0.1003
   5919    945912   158   +4.528   11395    269    303  -0.0641  +0.9908  +0.2054  +0.0589
   5920    946073   161   +3.454   10623    282    259  -0.1715  +0.7883  -0.0097  -0.0586
   5921    946221   148   +3.425   10624    235    280  -0.1107  +0.7884  +0.0340  +0.1295
   5922    946382   161   +4.259   10400    242    346  -0.1480  +0.7298  -0.0345  +0.0766
   5923    946543   161   +4.733   11057    275    278  -0.1077  +0.9021  +0.1564  +0.0037
   5924    946707   164   +1.731    8956    258    284  -0.3119  +0.3506  -0.0987  -0.1322
   5925    946863   156   +4.483   10398    284    364  -0.1843  +0.7291  +0.0928  -0.0863
   5926    947019   156   +4.258   11090    252    334  -0.0826  +0.9106  +0.0963  +0.1004
   5927    947180   161   +2.913   10650    289    192  -0.1606  +0.7954  +0.1448  -0.0798
   5928    947342   162   +5.358   13341    296    312  -0.0289  +1.0000  +0.3261  +0.1284
   5929    947506   164   +3.479   10628    302    249  -0.1688  +0.7895  +0.1971  -0.1195
   5930    947667   161   +5.547   11557    279    326  -0.0757  +1.0000  +0.1380  +0.0349
   5931    947829   162   +3.921   10772    301    278  -0.1757  +0.8274  -0.0124  -0.1045
   5932    947983   154   +5.425   12483    257    308  -0.0002  +1.0000  +0.3588  +0.2131
   5933    948147   164   +1.952    9505    261    278  -0.2564  +0.4949  -0.0279  -0.0909
   5934    948312   165   +2.610    9144    260    357  -0.3119  +0.3999  -0.2516  -0.1223
   5935    948474   162   +3.632   11039    280    239  -0.1180  +0.8975  +0.1205  -0.0148
   5936    948628   154   +5.281   11540    226    313  +0.0218  +1.0000  +0.3970  +0.2736
   5937    948792   164   +3.512   10374    258    342  -0.1663  +0.7228  +0.0159  +0.0048
   5938    948946   154   +4.461   10923    265    267  -0.0795  +0.8670  +0.4426  +0.0315
   5939    949101   155   +5.401   12311    263    288  -0.0100  +1.0000  +0.3920  +0.1695
   5940    949258   157   +2.958   10174    288    278  -0.2170  +0.6703  +0.0081  -0.1181
   5941    949413   155   +4.156   10952    274    212  -0.0779  +0.8746  +0.5387  -0.0013
   5942    949572   159   +4.376   11440    261    295  -0.0547  +1.0000  +0.1609  +0.0973
   5943    949741   169   +2.587    9856    297    280  -0.2631  +0.5868  -0.0833  -0.1715
   5944    949906   165   +4.092   10926    280    281  -0.1411  +0.8678  -0.0104  -0.0234
   5945    950066   160   +3.436    9806    240    387  -0.2137  +0.5739  -0.1324  +0.0204
   5946    950226   160   +3.233   10792    285    225  -0.1401  +0.8324  +0.1758  -0.0525
   5947    950386   160   +4.548   11582    272    296  -0.0625  +1.0000  +0.1752  +0.0667
   5948    950548   162   +1.056    8466    284    298  -0.4163  +0.2220  -0.4537  -0.2548
   5949    950711   163   +2.986    9565    279    311  -0.2763  +0.5106  -0.1148  -0.1417
   5950    950873   162   +4.320   11521    279    220  -0.0808  +1.0000  +0.0963  +0.0318
   5951    951030   157   +3.990   10651    249    330  -0.1265  +0.7954  +0.0350  +0.0703
   5952    951191   161   +2.257   10047    279    178  -0.2173  +0.6370  +0.0359  -0.1006
   5953    951354   163   +3.563   10432    267    333  -0.1732  +0.7381  -0.0107  -0.0221
   5954    951511   157   +4.453   11625    293    270  -0.0839  +1.0000  +0.1889  -0.0092
   5955    951666   155   +5.058   11969    258    286  -0.0059  +1.0000  +0.4557  +0.1616
   5956    951825   159   +6.379   12291    248    369  +0.0127  +1.0000  +0.4029  +0.2413
   5957    951986   161   +4.661   11477    260    327  -0.0322  +1.0000  +0.3630  +0.1051
   5958    952150   164   +5.727   11726    267    360  -0.0420  +1.0000  +0.2880  +0.0973
   5959    952304   154   +4.810   12224    264    290  -0.0099  +1.0000  +0.4347  +0.1554
   5960    952464   160   +4.667   11741    268    267  -0.0418  +1.0000  +0.2944  +0.0958
   5961    952621   157   +1.199    8956    274    274  -0.3299  +0.3506  -0.1278  -0.1827
   5962    952780   159   +3.480    9981    273    331  -0.2267  +0.6197  -0.0553  -0.0871
   5963    952935   155   +5.284   11469    227    320  +0.0022  +1.0000  +0.2361  +0.2619
   5964    953096   161   +5.243   11780    303    297  -0.0885  +1.0000  +0.2034  -0.0293
   5965    953250   154   +4.707   12027    263    328  -0.0363  +1.0000  +0.2079  +0.1431
   5966    953414   164   +3.902   10684    288    366  -0.1629  +0.8043  +0.0780  -0.0725
   5967    953572   158   +3.313   10074    274    339  -0.2167  +0.6441  -0.0375  -0.0798
   5968    953731   159   +4.995   11379    244    331  -0.0320  +0.9866  +0.2104  +0.1678
   5969    953892   161   +2.501    9978    288    263  -0.2354  +0.6188  -0.0002  -0.1334
   5970    954053   161   +2.551   10069    262    282  -0.1947  +0.6429  +0.0636  -0.0391
   5971    954210   157   +4.865   12188    261    257  -0.0184  +1.0000  +0.3136  +0.1674
   5972    954372   162   +4.917   11483    270    281  -0.0671  +1.0000  +0.1451  +0.0612
   5973    954536   164   +5.859   11333    252    381  -0.0556  +0.9745  +0.1367  +0.1237
   5974    954697   161   +5.739   11390    230    338  -0.0134  +0.9896  +0.1817  +0.2367
   5975    954862   165   +5.415   11245    224    323  -0.0081  +0.9515  +0.2821  +0.2526
   5976    955024   162   +3.748   10565    272    328  -0.1596  +0.7729  +0.0599  -0.0294
   5977    955184   160   +3.665   10892    288    273  -0.1469  +0.8589  +0.0496  -0.0553
   5978    955342   158   +4.119   11171    263    358  -0.0862  +0.9321  +0.1227  +0.0616
   5979    955506   164   +5.601   11620    274    308  -0.0449  +1.0000  +0.3682  +0.0609
   5980    955670   164   +3.665   10521    280    286  -0.1799  +0.7613  -0.0163  -0.0620
   5981    955830   160   +6.076   13035    248    366  +0.0352  +1.0000  +0.4169  +0.3118
   5982    955989   159   +6.572   12199    214    346  +0.0781  +1.0000  +0.4962  +0.4284
   5983    956147   158   +5.116   11645    277    287  -0.0593  +1.0000  +0.2514  +0.0519
   5984    956292   145   +4.197   10973    256    269  -0.0947  +0.8801  +0.1393  +0.0711
   5985    956452   160   -1.119    7010    280    287  -0.5660  -0.1601  -0.6366  -0.3745
   5986    956622   170   +2.788    9883    286    337  -0.2492  +0.5940  -0.0660  -0.1372
   5987    956781   159   +3.854   10534    259    291  -0.1509  +0.7648  +0.0316  +0.0159
   5988    956939   158   +3.599   10290    255    293  -0.1673  +0.7008  +0.0486  +0.0089
   5989    957103   164   +3.880   10384    296    271  -0.1951  +0.7253  +0.1058  -0.1234
   5990    957260   157   +3.646    9713    258    401  -0.2459  +0.5493  -0.1535  -0.0595
   5991    957418   158   +4.413   11389    274    271  -0.0750  +0.9893  +0.1648  +0.0372
   5992    957580   162   +3.986   10132    257    380  -0.1960  +0.6594  -0.0646  -0.0146
   5993    957737   157   +2.591    9798    253    254  -0.2208  +0.5716  -0.0430  -0.0312
   5994    957892   155   +4.255   11799    289    263  -0.0620  +1.0000  +0.3190  +0.0205
   5995    958059   167   +3.231    9379    274    463  -0.3050  +0.4617  -0.2773  -0.1425
   5996    958214   155   +5.096   11445    240    348  -0.0260  +1.0000  +0.1569  +0.1945
   5997    958374   160   +4.077   11227    276    252  -0.0889  +0.9467  +0.1963  +0.0160
   5998    958535   161   +4.883   11556    263    297  -0.0462  +1.0000  +0.2439  +0.0979
   5999    958689   154   +4.904   11130    259    314  -0.0685  +0.9213  +0.2887  +0.0744
   6000    958849   160   +4.965   12766    287    300  -0.0362  +1.0000  +0.3003  +0.1126

  ── rolling mean (last 100 ep) ──  cum_R=+4.187  yield=10959 kg/ha  N=265  W=310 mm  R_seas=-0.1187  R_ane=+0.0400

   6001    959010   161   +5.358   12290    263    282  -0.0073  +1.0000  +0.4263  +0.1670
   6002    959169   159   +5.377   11816    241    322  +0.0223  +1.0000  +0.5455  +0.2257
   6003    959330   161   +1.767    9355    262    307  -0.2893  +0.4555  -0.2048  -0.1091
   6004    959494   164   +6.465   11871    206    404  +0.0542  +1.0000  +0.2303  +0.4372
   6005    959652   158   +3.533   10410    278    283  -0.1980  +0.7323  -0.1207  -0.0634
   6006    959817   165   +5.094   10986    242    321  -0.0760  +0.8835  +0.1201  +0.1371
   6007    959980   163   +4.671   10311    268    331  -0.1808  +0.7062  +0.0376  -0.0369
   6008    960137   157   +1.625    9298    263    240  -0.2812  +0.4405  -0.0628  -0.1169
   6009    960300   163   +3.933   11124    285    330  -0.1155  +0.9197  +0.1203  -0.0250
   6010    960459   159   +5.821   11382    242    423  -0.0264  +0.9874  +0.2339  +0.1780
   6011    960617   158   +4.592   10806    217    334  -0.0544  +0.8363  +0.1290  +0.2453
   6012    960780   163   +5.552   11445    259    359  -0.0460  +1.0000  +0.2224  +0.1060
   6013    960938   158   +6.127   11278    209    373  +0.0157  +0.9601  +0.2091  +0.3493
   6014    961102   164   +4.878   11679    286    343  -0.0638  +1.0000  +0.2955  +0.0222
   6015    961260   158   +3.712   10706    271    267  -0.1282  +0.8100  +0.2349  -0.0140
   6016    961418   158   +4.433   10642    251    372  -0.1256  +0.7931  +0.0783  +0.0611
   6017    961578   160   +3.261   10617    275    242  -0.1567  +0.7866  +0.0722  -0.0351
   6018    961739   161   +6.548   12117    207    361  +0.0787  +1.0000  +0.3911  +0.4653
   6019    961898   159   +4.991   12385    238    345  +0.0209  +1.0000  +0.3019  +0.3025
   6020    962053   155   +3.956   10567    249    307  -0.1300  +0.7734  +0.0795  +0.0622
   6021    962215   162   +4.631   11286    269    314  -0.0897  +0.9623  +0.0558  +0.0472
   6022    962373   158   +5.589   11074    231    401  -0.0512  +0.9066  +0.1222  +0.1996
   6023    962539   166   +5.501   11950    261    335  -0.0341  +1.0000  +0.2210  +0.1459
   6024    962704   165   +4.708   11498    278    278  -0.0635  +1.0000  +0.2577  +0.0356
   6025    962867   163   +3.145   10489    274    257  -0.1703  +0.7529  +0.0458  -0.0437
   6026    963023   156   +4.969   11996    255    245  -0.0141  +1.0000  +0.3294  +0.1766
   6027    963181   158   +5.666   11868    256    377  -0.0301  +1.0000  +0.2229  +0.1588
   6028    963339   158   +3.977   10850    245    342  -0.0818  +0.8476  +0.2387  +0.1081
   6029    963496   157   +3.094   10034    284    292  -0.2183  +0.6336  +0.0824  -0.1166
   6030    963656   160   +5.857   12001    195    419  +0.1015  +1.0000  +0.3767  +0.5413
   6031    963814   158   +7.221   12513    212    409  +0.0849  +1.0000  +0.4149  +0.4780
   6032    963977   163   +2.756    9413    225    403  -0.2358  +0.4706  -0.1733  +0.0464
   6033    964138   161   +4.973   11407    268    318  -0.0694  +0.9940  +0.1225  +0.0661
   6034    964291   153   +5.188   11742    267    308  -0.0318  +1.0000  +0.3806  +0.1006
   6035    964461   170   +5.065   11066    289    313  -0.1243  +0.9045  +0.1229  -0.0424
   6036    964619   158   +2.568    9370    230    363  -0.2447  +0.4592  -0.1520  +0.0190
   6037    964783   164   +3.333   10917    293    213  -0.1378  +0.8653  +0.1621  -0.0678
   6038    964942   159   +3.806   10295    248    295  -0.1424  +0.7021  +0.2025  +0.0393
   6039    965103   161   +4.037   10879    229    341  -0.0710  +0.8555  +0.0866  +0.1884
   6040    965261   158   +3.696   10328    252    360  -0.1594  +0.7106  +0.0627  +0.0224
   6041    965424   163   +3.234   10547    297    235  -0.1912  +0.7681  +0.0023  -0.1117
   6042    965587   163   +5.403   12083    247    287  +0.0081  +1.0000  +0.4185  +0.2210
   6043    965754   167   +3.343   10019    274    285  -0.2192  +0.6296  -0.0122  -0.0848
   6044    965911   157   +2.424    9569    251    356  -0.2527  +0.5116  -0.1640  -0.0472
   6045    966077   166   +5.417   11720    256    365  -0.0464  +1.0000  +0.1025  +0.1446
   6046    966238   161   +3.150   10573    289    222  -0.1681  +0.7751  +0.1345  -0.0843
   6047    966395   157   +3.682   10463    273    305  -0.1688  +0.7461  +0.0767  -0.0432
   6048    966554   159   +4.577   10889    233    363  -0.0673  +0.8579  +0.1767  +0.1685
   6049    966713   159   +3.950   10672    275    284  -0.1445  +0.8010  +0.1440  -0.0305
   6050    966878   165   +3.720   10865    291    248  -0.1435  +0.8516  +0.1312  -0.0652
   6051    967037   159   +6.805   12064    190    467  +0.1289  +1.0000  +0.5097  +0.5847
   6052    967203   166   +4.355   11063    274    287  -0.1105  +0.9036  +0.1046  +0.0104
   6053    967361   158   +3.800   10514    247    313  -0.1371  +0.7597  +0.0423  +0.0625
   6054    967518   157   +4.538   11091    250    299  -0.0571  +0.9111  +0.3189  +0.1110
   6055    967676   158   +3.169    9682    229    351  -0.1985  +0.5411  -0.0142  +0.0587
   6056    967842   166   +4.578   11080    267    382  -0.1015  +0.9080  +0.1043  +0.0367
   6057    968001   159   +5.664   12751    259    357  +0.0105  +1.0000  +0.4135  +0.2306
   6058    968158   157   +3.351   10589    264    296  -0.1476  +0.7792  +0.0693  +0.0022
   6059    968323   165   +4.974   11220    284    295  -0.1019  +0.9450  +0.1517  -0.0110
   6060    968473   150   +4.553   10769    221    327  -0.0605  +0.8266  +0.1690  +0.2197
   6061    968632   159   +4.496   10783    222    356  -0.0651  +0.8302  +0.1315  +0.2140
   6062    968791   159   +2.950   10439    279    256  -0.1907  +0.7398  -0.0624  -0.0649
   6063    968952   161   +5.054   11173    255    379  -0.0757  +0.9326  +0.1304  +0.0936
   6064    969107   155   +5.455   12155    257    307  -0.0112  +1.0000  +0.3441  +0.1811
   6065    969264   157   +2.341    9878    254    299  -0.2129  +0.5927  -0.0316  -0.0263
   6066    969427   163   +4.729   11480    262    294  -0.0575  +1.0000  +0.1406  +0.0947
   6067    969591   164   +5.561   11778    281    293  -0.0649  +1.0000  +0.2122  +0.0463
   6068    969757   166   +4.440   11434    259    211  -0.0466  +1.0000  +0.2227  +0.1037
   6069    969918   161   +3.976    9920    242    468  -0.1921  +0.6036  -0.0050  +0.0249
   6070    970069   151   +4.972   11753    258    376  -0.0379  +1.0000  +0.2093  +0.1373
   6071    970234   165   +3.867   11356    256    322  -0.0537  +0.9804  +0.1837  +0.1094
   6072    970390   156   +5.528   11662    253    345  -0.0322  +1.0000  +0.2226  +0.1519
   6073    970550   160   +4.070   10808    262    371  -0.1288  +0.8367  +0.0280  +0.0308
   6074    970711   161   +3.884   10526    254    288  -0.1359  +0.7627  +0.1231  +0.0369
   6075    970868   157   +5.710   11745    232    379  +0.0193  +1.0000  +0.4024  +0.2634
   6076    971023   155   +2.354   10012    270    300  -0.2241  +0.6279  -0.0869  -0.0747
   6077    971184   161   +5.192   11366    242    350  -0.0339  +0.9833  +0.1827  +0.1735
   6078    971344   160   +5.366   11837    238    378  +0.0028  +1.0000  +0.3025  +0.2417
   6079    971493   149   +5.633   11804    226    314  +0.0211  +1.0000  +0.2851  +0.3087
   6080    971652   159   +5.960   11813    228    339  +0.0175  +1.0000  +0.2921  +0.2944
   6081    971813   161   +4.448   11330    264    267  -0.0611  +0.9737  +0.2377  +0.0722
   6082    971971   158   +6.264   12350    239    352  +0.0369  +1.0000  +0.4901  +0.2931
   6083    972127   156   +4.609   10796    246    400  -0.1073  +0.8337  +0.0481  +0.0981
   6084    972284   157   +4.457   10637    260    413  -0.1422  +0.7919  +0.0356  +0.0209
   6085    972439   155   +3.694   10429    252    307  -0.1498  +0.7373  +0.0510  +0.0360
   6086    972594   155   +5.193   11976    246    358  -0.0056  +1.0000  +0.2847  +0.2197
   6087    972754   160   +4.347   11354    271    269  -0.0608  +0.9802  +0.3004  +0.0471
   6088    972910   156   +3.985   11086    280    264  -0.1160  +0.9097  +0.0955  -0.0100
   6089    973071   161   +6.174   12390    236    371  +0.0250  +1.0000  +0.3078  +0.3142
   6090    973230   159   +3.107    9712    268    367  -0.2446  +0.5491  -0.0344  -0.0946
   6091    973391   161   +4.790   11329    264    280  -0.0751  +0.9734  +0.0945  +0.0737
   6092    973551   160   +5.719   11776    256    344  -0.0119  +1.0000  +0.4346  +0.1488
   6093    973709   158   +3.299   10799    253    269  -0.1172  +0.8343  +0.0446  +0.0660
   6094    973873   164   +1.643    8979    247    289  -0.2964  +0.3567  -0.0850  -0.0901
   6095    974036   163   +4.865   11465    270    239  -0.0604  +1.0000  +0.2156  +0.0601
   6096    974193   157   +3.836   10724    253    349  -0.1207  +0.8146  +0.0749  +0.0607
   6097    974350   157   +5.231   12013    256    274  -0.0191  +1.0000  +0.2959  +0.1710
   6098    974509   159   +5.501   11900    244    335  -0.0137  +1.0000  +0.2036  +0.2199
   6099    974665   156   +5.503   11879    248    320  -0.0187  +1.0000  +0.2279  +0.1951
   6100    974820   155   +1.031    8348    276    342  -0.3991  +0.1911  -0.2413  -0.2426

  ── rolling mean (last 100 ep) ──  cum_R=+4.454  yield=11053 kg/ha  N=254  W=325 mm  R_seas=-0.0910  R_ane=+0.0983

   6101    974985   165   +5.496   11255    243    339  -0.0527  +0.9541  +0.1161  +0.1572
   6102    975144   159   +4.422   11509    265    236  -0.0489  +1.0000  +0.2596  +0.0839
   6103    975306   162   +4.536   11074    252    275  -0.0811  +0.9067  +0.1268  +0.0986
   6104    975463   157   +6.396   12482    212    362  +0.0801  +1.0000  +0.3908  +0.4702
   6105    975623   160   +4.790   11898    259    244  -0.0091  +1.0000  +0.4604  +0.1494
   6106    975789   166   +2.439    9643    262    299  -0.2551  +0.5309  -0.1391  -0.0796
   6107    975953   164   +5.244   11602    274    298  -0.0576  +1.0000  +0.2512  +0.0577
   6108    976114   161   +5.938   12383    230    365  +0.0504  +1.0000  +0.4606  +0.3477
   6109    976270   156   +1.911    9868    256    302  -0.2265  +0.5901  -0.1371  -0.0343
   6110    976434   164   +5.017   10611    243    384  -0.1250  +0.7849  +0.0085  +0.0932
   6111    976590   156   +5.891   11996    245    308  -0.0020  +1.0000  +0.3101  +0.2233
   6112    976752   162   +5.641   11359    204    434  +0.0311  +0.9813  +0.1759  +0.3940
   6113    976910   158   +4.853   10976    208    366  -0.0188  +0.8809  +0.1509  +0.3196
   6114    977073   163   +5.845   12357    243    324  +0.0283  +1.0000  +0.4756  +0.2692
   6115    977238   165   +5.258   11058    253    414  -0.0893  +0.9023  +0.0765  +0.0915
   6116    977392   154   +5.382   11393    249    300  -0.0218  +0.9903  +0.3697  +0.1455
   6117    977555   163   +5.536   12640    279    379  -0.0211  +1.0000  +0.3883  +0.1337
   6118    977718   163   +3.526   10842    248    341  -0.1081  +0.8458  +0.0224  +0.0939
   6119    977878   160   +5.397   11811    245    412  -0.0179  +1.0000  +0.2031  +0.2059
   6120    978037   159   +5.055   11254    239    395  -0.0376  +0.9538  +0.2133  +0.1755
   6121    978197   160   +3.896   10325    249    355  -0.1668  +0.7099  -0.0542  +0.0372
   6122    978357   160   +2.928   10108    263    265  -0.1978  +0.6530  +0.0077  -0.0396
   6123    978515   158   +3.768   10704    261    288  -0.1279  +0.8095  +0.1180  +0.0264
   6124    978673   158   +5.023   11737    262    329  -0.0331  +1.0000  +0.3155  +0.1179
   6125    978833   160   +5.458   11070    219    356  -0.0313  +0.9055  +0.1281  +0.2652
   6126    978990   157   +6.203   12654    232    397  +0.0602  +1.0000  +0.5134  +0.3629
   6127    979147   157   +5.058   11438    250    358  -0.0427  +1.0000  +0.1419  +0.1436
   6128    979302   155   +6.487   11714    194    340  +0.1011  +1.0000  +0.4636  +0.5104
   6129    979458   156   +5.657   11723    212    325  +0.0567  +1.0000  +0.4249  +0.3806
   6130    979613   155   +5.172   11447    250    373  -0.0332  +1.0000  +0.2400  +0.1426
   6131    979768   155   +5.334   11894    241    327  +0.0110  +1.0000  +0.4082  +0.2340
   6132    979924   156   +5.014   11610    264    280  -0.0564  +1.0000  +0.1429  +0.0978
   6133    980078   154   +4.108   10938    243    309  -0.0877  +0.8708  +0.0694  +0.1257
   6134    980239   161   +6.028   11709    237    368  +0.0080  +1.0000  +0.3813  +0.2330
   6135    980406   167   +4.558   11276    265    243  -0.0733  +0.9597  +0.1721  +0.0653
   6136    980567   161   +5.176   11663    265    337  -0.0505  +1.0000  +0.1972  +0.0991
   6137    980725   158   +6.895   12061    214    400  +0.0813  +1.0000  +0.5764  +0.4122
   6138    980888   163   +7.285   12003    187    410  +0.1352  +1.0000  +0.5034  +0.6047
   6139    981045   157   +2.846    9761    242    281  -0.2049  +0.5619  +0.0231  +0.0075
   6140    981207   162   +4.446   11591    278    230  -0.0616  +1.0000  +0.2546  +0.0432
   6141    981369   162   +5.242   12037    254    240  -0.0155  +1.0000  +0.2984  +0.1823
   6142    981526   157   +5.098   11835    268    280  -0.0448  +1.0000  +0.2402  +0.1039
   6143    981683   157   +4.398   10277    234    361  -0.1321  +0.6973  +0.1481  +0.0960
   6144    981837   154   +6.047   12256    242    317  +0.0232  +1.0000  +0.4361  +0.2653
   6145    981994   157   +2.799   10065    262    322  -0.2123  +0.6417  -0.1142  -0.0378
   6146    982149   155   +2.810   10202    281    213  -0.2078  +0.6776  +0.0022  -0.0914
   6147    982310   161   +3.252    9643    222    364  -0.1912  +0.5309  +0.0023  +0.0863
   6148    982473   163   +3.331   10494    276    304  -0.1695  +0.7545  +0.0706  -0.0507
   6149    982634   161   +5.405   11934    256    254  -0.0118  +1.0000  +0.3913  +0.1636
   6150    982800   166   +5.070   11535    249    336  -0.0362  +1.0000  +0.1639  +0.1580
   6151    982964   164   +5.489   11630    230    380  +0.0017  +1.0000  +0.2181  +0.2662
   6152    983123   159   +6.119   11693    232    427  -0.0051  +1.0000  +0.1731  +0.2586
   6153    983285   162   +5.260   12121    262    270  -0.0295  +1.0000  +0.2378  +0.1557
   6154    983445   160   +5.642   12025    244    333  -0.0022  +1.0000  +0.2837  +0.2315
   6155    983604   159   +6.549   12396    218    414  +0.0638  +1.0000  +0.3670  +0.4236
   6156    983766   162   +5.108   10990    240    353  -0.0742  +0.8845  +0.1201  +0.1422
   6157    983921   155   +4.566   11696    270    198  -0.0369  +1.0000  +0.3804  +0.0835
   6158    984084   163   +0.950    8926    238    306  -0.3030  +0.3429  -0.2057  -0.0605
   6159    984248   164   +4.204   10714    247    345  -0.1268  +0.8121  -0.0517  +0.0845
   6160    984408   160   +4.728   11271    270    278  -0.0870  +0.9582  +0.0999  +0.0448
   6161    984573   165   +5.130   11543    252    384  -0.0456  +1.0000  +0.1102  +0.1445
   6162    984734   161   +2.696   10048    264    353  -0.2107  +0.6373  -0.0597  -0.0469
   6163    984894   160   +4.108   10670    258    286  -0.1377  +0.8005  +0.0184  +0.0344
   6164    985061   167   +4.338   10599    247    354  -0.1351  +0.7818  -0.0267  +0.0737
   6165    985223   162   +0.528    8988    291    224  -0.3618  +0.3592  -0.3360  -0.2267
   6166    985385   162   +6.054   11234    212    446  +0.0056  +0.9486  +0.2033  +0.3272
   6167    985545   160   +5.003   11605    259    331  -0.0346  +1.0000  +0.2913  +0.1209
   6168    985699   154   +4.139   10890    246    313  -0.0986  +0.8583  +0.0518  +0.1055
   6169    985856   157   +5.852   13030    240    308  +0.0590  +1.0000  +0.5114  +0.3597
   6170    986018   162   +2.196    9250    268    316  -0.2932  +0.4278  -0.0890  -0.1377
   6171    986182   164   +5.436   11931    256    320  -0.0234  +1.0000  +0.2708  +0.1652
   6172    986346   164   +4.197   10265    251    327  -0.1566  +0.6942  +0.1268  +0.0241
   6173    986511   165   +3.916   10445    267    273  -0.1671  +0.7416  +0.0437  -0.0229
   6174    986668   157   +1.160    8668    254    342  -0.3531  +0.2752  -0.2813  -0.1459
   6175    986825   157   +3.895   10932    256    283  -0.1065  +0.8693  +0.0617  +0.0666
   6176    986984   159   +5.788   11781    209    390  +0.0539  +1.0000  +0.3097  +0.4097
   6177    987146   162   +4.493   10732    234    347  -0.0994  +0.8168  +0.0203  +0.1480
   6178    987309   163   +4.980   11086    238    313  -0.0562  +0.9098  +0.1748  +0.1627
   6179    987470   161   +4.546   12037    257    219  -0.0170  +1.0000  +0.3176  +0.1707
   6180    987629   159   +3.836   10699    223    266  -0.0776  +0.8082  +0.1078  +0.1987
   6181    987789   160   +3.660   10553    230    271  -0.1077  +0.7698  +0.0615  +0.1455
   6182    987946   157   +2.781    9831    259    346  -0.2261  +0.5803  -0.0585  -0.0513
   6183    988110   164   +3.371   10735    248    299  -0.1347  +0.8175  -0.1407  +0.0833
   6184    988266   156   +6.401   12049    211    375  +0.0702  +1.0000  +0.4107  +0.4303
   6185    988418   152   +4.797   10966    230    368  -0.0706  +0.8784  +0.0219  +0.1921
   6186    988577   159   +4.152   10946    259    322  -0.1064  +0.8729  +0.0811  +0.0575
   6187    988736   159   +4.947   11610    236    327  -0.0117  +1.0000  +0.2012  +0.2272
   6188    988900   164   +3.299    9953    244    290  -0.2014  +0.6123  -0.1024  +0.0193
   6189    989064   164   +1.962   10102    279    220  -0.2158  +0.6514  -0.0042  -0.0940
   6190    989224   160   +5.276   12862    258    288  +0.0108  +1.0000  +0.3700  +0.2461
   6191    989384   160   +5.181   12260    229    414  +0.0117  +1.0000  +0.1083  +0.3363
   6192    989545   161   +3.411   10219    232    305  -0.1551  +0.6821  -0.0608  +0.1016
   6193    989704   159   +4.478   11253    267    257  -0.0797  +0.9534  +0.1550  +0.0549
   6194    989860   156   +5.366   11226    234    399  -0.0331  +0.9464  +0.1988  +0.2015
   6195    990025   165   +2.259    9997    280    305  -0.2448  +0.6239  -0.1811  -0.1089
   6196    990192   167   +5.134   11567    246    306  -0.0128  +1.0000  +0.3513  +0.1735
   6197    990348   156   +5.126   11208    230    316  -0.0201  +0.9417  +0.2838  +0.2202
   6198    990509   161   +4.532   11189    222    345  -0.0260  +0.9366  +0.1134  +0.2617
   6199    990667   158   +2.428    9950    242    228  -0.1835  +0.6114  +0.0547  +0.0274
   6200    990821   154   +3.949   10855    260    274  -0.1025  +0.8490  +0.2266  +0.0421

  ── rolling mean (last 100 ep) ──  cum_R=+4.568  yield=11149 kg/ha  N=246  W=323 mm  R_seas=-0.0739  R_ane=+0.1427

   6201    990976   155   +4.165   10976    264    272  -0.0946  +0.8808  +0.2387  +0.0376
   6202    991133   157   +5.502   11250    214    413  +0.0083  +0.9526  +0.2549  +0.3154
   6203    991298   165   +5.998   12841    257    377  +0.0123  +1.0000  +0.3758  +0.2491
   6204    991461   163   +2.659   10397    235    296  -0.1367  +0.7288  -0.0062  +0.1057
   6205    991622   161   +4.266   10789    278    318  -0.1564  +0.8317  -0.0481  -0.0315
   6206    991787   165   +4.229   10807    242    345  -0.0926  +0.8366  +0.1265  +0.1188
   6207    991944   157   +4.642   11352    270    267  -0.0690  +0.9795  +0.2029  +0.0529
   6208    992102   158   +4.807   11312    235    332  -0.0330  +0.9691  +0.1342  +0.2045
   6209    992259   157   +6.007   11166    176    413  +0.0933  +0.9308  +0.2959  +0.5827
   6210    992419   160   +5.211   11519    236    378  -0.0326  +1.0000  +0.0195  +0.2182
   6211    992577   158   +4.435   11490    253    243  -0.0414  +1.0000  +0.1767  +0.1366
   6212    992740   163   +5.692   12079    259    279  -0.0114  +1.0000  +0.3840  +0.1673
   6213    992899   159   +5.052   11451    272    265  -0.0634  +1.0000  +0.2094  +0.0521
   6214    993054   155   +5.950   11766    224    380  +0.0288  +1.0000  +0.3456  +0.3141
   6215    993214   160   +2.842   10054    245    253  -0.1864  +0.6388  -0.0369  +0.0254
   6216    993375   161   +4.964   11659    258    266  -0.0303  +1.0000  +0.3096  +0.1290
   6217    993538   163   +1.465    9635    291    158  -0.2694  +0.5289  +0.0029  -0.1732
   6218    993701   163   +4.610   10894    264    287  -0.1052  +0.8594  +0.2061  +0.0313
   6219    993855   154   +4.824   11641    240    342  -0.0083  +1.0000  +0.2731  +0.2146
   6220    994009   154   +4.612   11090    227    352  -0.0342  +0.9109  +0.2125  +0.2227
   6221    994165   156   +5.577   12401    231    280  +0.0453  +1.0000  +0.4194  +0.3445
   6222    994318   153   +5.712   10966    236    410  -0.0687  +0.8781  +0.1357  +0.1606
   6223    994474   156   +6.707   11848    184    366  +0.1462  +1.0000  +0.5877  +0.6108
   6224    994635   161   +4.485   11212    260    287  -0.0731  +0.9429  +0.1762  +0.0784
   6225    994795   160   +5.497   11978    248    299  -0.0026  +1.0000  +0.3449  +0.2096
   6226    994955   160   +4.535   11006    229    343  -0.0361  +0.8888  +0.3156  +0.2004
   6227    995116   161   +5.249   10818    263    379  -0.1312  +0.8394  +0.0036  +0.0287
   6228    995271   155   +3.506   10178    234    217  -0.1376  +0.6714  +0.1907  +0.0850
   6229    995429   158   +7.108   13205    206    408  +0.1262  +1.0000  +0.4636  +0.5994
   6230    995585   156   +4.409   10226    210    408  -0.1056  +0.6840  +0.0855  +0.2160
   6231    995745   160   +5.437   10628    211    362  -0.0627  +0.7896  +0.1231  +0.2586
   6232    995908   163   +3.003    9322    238    377  -0.2614  +0.4466  -0.1738  -0.0188
   6233    996067   159   +5.098   10971    182    402  +0.0376  +0.8796  +0.1213  +0.5033
   6234    996225   158   +4.776   11170    228    324  -0.0242  +0.9317  +0.2577  +0.2237
   6235    996382   157   +4.339   10849    257    317  -0.1014  +0.8476  +0.1991  +0.0560
   6236    996538   156   +3.605    9953    230    357  -0.1749  +0.6123  -0.0225  +0.0810
   6237    996698   160   +3.851   10761    270    277  -0.1358  +0.8245  +0.0893  -0.0030
   6238    996858   160   +6.494   11377    212    346  +0.0268  +0.9861  +0.2690  +0.3448
   6239    997020   162   +4.582   11535    259    276  -0.0625  +1.0000  +0.0336  +0.1138
   6240    997187   167   +4.766   10871    272    264  -0.1271  +0.8532  +0.0996  -0.0013
   6241    997349   162   +4.771   10901    222    431  -0.0670  +0.8612  +0.0013  +0.2253
   6242    997510   161   +4.484   11213    234    351  -0.0525  +0.9430  +0.0241  +0.1977
   6243    997676   166   +3.954   10905    253    262  -0.0953  +0.8623  +0.1553  +0.0787
   6244    997841   165   +3.069    9826    264    291  -0.2291  +0.5791  -0.0338  -0.0684
   6245    997991   150   +1.127    8585    257    288  -0.3610  +0.2533  -0.2503  -0.1645
   6246    998147   156   +3.703   10700    274    278  -0.1432  +0.8083  +0.1209  -0.0247
   6247    998309   162   +5.350   11736    276    309  -0.0484  +1.0000  +0.3303  +0.0620
   6248    998464   155   +2.729   10133    262    275  -0.2091  +0.6595  -0.1435  -0.0320
   6249    998625   161   +5.189   11884    257    278  -0.0317  +1.0000  +0.2193  +0.1546
   6250    998781   156   +4.620   11106    230    316  -0.0522  +0.9151  +0.0770  +0.2043
   6251    998944   163   -0.212    8114    251    255  -0.4151  +0.1297  -0.4012  -0.1913
   6252    999099   155   +3.455   10805    257    243  -0.1186  +0.8359  +0.0694  +0.0514
   6253    999262   163   +4.360   10580    242    390  -0.1314  +0.7768  -0.0403  +0.0949
   6254    999421   159   +4.753   10971    234    328  -0.0581  +0.8795  +0.2092  +0.1703
   6255    999578   157   +7.447   13105    221    359  +0.1112  +1.0000  +0.6688  +0.4811
   6256    999737   159   +1.915    9218    255    283  -0.2748  +0.4193  -0.0108  -0.0950
   6257    999897   160   +5.088   10650    202    400  -0.0323  +0.7952  +0.2443  +0.3147
   6258   1000055   158   +3.998   11191    260    283  -0.0732  +0.9373  +0.1906  +0.0780
   6259   1000218   163   +5.144   11438    268    235  -0.0482  +1.0000  +0.3204  +0.0658
   6260   1000372   154   +5.764   11955    218    323  +0.0499  +1.0000  +0.3839  +0.3716
   6261   1000533   161   +5.448   11550    247    362  -0.0250  +1.0000  +0.2407  +0.1697
   6262   1000692   159   +4.578   11056    220    312  -0.0232  +0.9017  +0.2429  +0.2569
   6263   1000850   158   +2.866   10243    284    236  -0.2021  +0.6885  +0.0511  -0.0979
   6264   1001005   155   +3.992   10480    245    341  -0.1349  +0.7506  +0.0643  +0.0701
   6265   1001165   160   +4.661   11752    243    238  -0.0069  +1.0000  +0.3101  +0.2070
   6266   1001325   160   +4.647   11026    246    349  -0.0723  +0.8939  +0.1829  +0.1197
   6267   1001483   158   +2.990    9990    239    310  -0.1904  +0.6219  -0.0900  +0.0436
   6268   1001646   163   +5.516   10936    202    350  -0.0002  +0.8704  +0.2635  +0.3530
   6269   1001801   155   +2.149    9093    271    304  -0.3132  +0.3866  -0.1169  -0.1605
   6270   1001956   155   +5.767   11410    216    350  +0.0120  +0.9948  +0.1702  +0.3209
   6271   1002118   162   +5.057   11472    251    322  -0.0352  +1.0000  +0.2257  +0.1406
   6272   1002277   159   +5.375   11475    249    334  -0.0366  +1.0000  +0.1832  +0.1503
   6273   1002442   165   +4.753   11311    261    267  -0.0685  +0.9687  +0.1445  +0.0831
   6274   1002602   160   +1.881    9573    254    240  -0.2494  +0.5126  -0.1014  -0.0581
   6275   1002763   161   +1.339    8738    264    273  -0.3620  +0.2933  -0.3376  -0.1719
   6276   1002927   164   +4.823   11078    253    294  -0.0760  +0.9075  +0.1840  +0.0956
   6277   1003086   159   +4.643   11136    234    287  -0.0486  +0.9227  +0.1388  +0.1895
   6278   1003250   164   +3.010    9981    276    262  -0.2293  +0.6196  -0.0545  -0.0957
   6279   1003414   164   +5.141   11968    249    214  +0.0043  +1.0000  +0.4344  +0.2029

✓ Episode log  saved → /workspace/episode_log_water.csv
✓ Metrics log  saved → /workspace/training_metrics_water.csv

✓ Training complete in 102.4 min
✓ Model    saved → /tmp/ppo_min_water_1M.zip
✓ VecNorm  saved → /tmp/ppo_min_water_1M_vecnorm.pkl
/workspace/gym-dssat-pdi/gym_dssat_pdi_samples/04b_ppo_min_water.py:339: MatplotlibDeprecationWarning: savefig() got unexpected keyword argument "orientation" which is no longer supported as of 3.3 and will become an error two minor releases later
  plt.savefig(PLOT_TRAINING, dpi=120, bbox_inches='tight')
/workspace/gym-dssat-pdi/gym_dssat_pdi_samples/04b_ppo_min_water.py:339: MatplotlibDeprecationWarning: savefig() got unexpected keyword argument "dpi" which is no longer supported as of 3.3 and will become an error two minor releases later
  plt.savefig(PLOT_TRAINING, dpi=120, bbox_inches='tight')
/workspace/gym-dssat-pdi/gym_dssat_pdi_samples/04b_ppo_min_water.py:339: MatplotlibDeprecationWarning: savefig() got unexpected keyword argument "facecolor" which is no longer supported as of 3.3 and will become an error two minor releases later
  plt.savefig(PLOT_TRAINING, dpi=120, bbox_inches='tight')
/workspace/gym-dssat-pdi/gym_dssat_pdi_samples/04b_ppo_min_water.py:339: MatplotlibDeprecationWarning: savefig() got unexpected keyword argument "edgecolor" which is no longer supported as of 3.3 and will become an error two minor releases later
  plt.savefig(PLOT_TRAINING, dpi=120, bbox_inches='tight')
/workspace/gym-dssat-pdi/gym_dssat_pdi_samples/04b_ppo_min_water.py:339: MatplotlibDeprecationWarning: savefig() got unexpected keyword argument "bbox_inches_restore" which is no longer supported as of 3.3 and will become an error two minor releases later
  plt.savefig(PLOT_TRAINING, dpi=120, bbox_inches='tight')
✓ Training plot  saved → /workspace/plot_training_water.png
/workspace/gym-dssat-pdi/gym_dssat_pdi_samples/04b_ppo_min_water.py:374: MatplotlibDeprecationWarning: savefig() got unexpected keyword argument "orientation" which is no longer supported as of 3.3 and will become an error two minor releases later
  plt.savefig(PLOT_LOSSES, dpi=120, bbox_inches='tight')
/workspace/gym-dssat-pdi/gym_dssat_pdi_samples/04b_ppo_min_water.py:374: MatplotlibDeprecationWarning: savefig() got unexpected keyword argument "dpi" which is no longer supported as of 3.3 and will become an error two minor releases later
  plt.savefig(PLOT_LOSSES, dpi=120, bbox_inches='tight')
/workspace/gym-dssat-pdi/gym_dssat_pdi_samples/04b_ppo_min_water.py:374: MatplotlibDeprecationWarning: savefig() got unexpected keyword argument "facecolor" which is no longer supported as of 3.3 and will become an error two minor releases later
  plt.savefig(PLOT_LOSSES, dpi=120, bbox_inches='tight')
/workspace/gym-dssat-pdi/gym_dssat_pdi_samples/04b_ppo_min_water.py:374: MatplotlibDeprecationWarning: savefig() got unexpected keyword argument "edgecolor" which is no longer supported as of 3.3 and will become an error two minor releases later
  plt.savefig(PLOT_LOSSES, dpi=120, bbox_inches='tight')
/workspace/gym-dssat-pdi/gym_dssat_pdi_samples/04b_ppo_min_water.py:374: MatplotlibDeprecationWarning: savefig() got unexpected keyword argument "bbox_inches_restore" which is no longer supported as of 3.3 and will become an error two minor releases later
  plt.savefig(PLOT_LOSSES, dpi=120, bbox_inches='tight')
✓ Loss plot      saved → /workspace/plot_ppo_losses_water.png

==============================================================================
EVAL — 5 deterministic episodes  |  model: ppo_min_water_1M
==============================================================================

    ep    cum_R   yield      N      W   R_seas    R_yld   R_hiad    R_ane
  ----  -------  ------  -----  -----  -------  -------  -------  -------
     1   +0.440   12047    242    305  +0.0165  +1.0000  +0.4285  +0.2454
     2   +0.214    9950    244    232  -0.1856  +0.6117  +0.0561  +0.0195
     3   +0.371   11369    228    350  -0.0116  +0.9839  +0.1890  +0.2450
     4   +0.402   10977    234    308  -0.0592  +0.8810  +0.1824  +0.1743
     5   +0.436   11137    212    344  -0.0052  +0.9230  +0.1996  +0.3135

==============================================================================
  yield         mean= 11096  max= 12047  min=  9950  std=  679  kg/ha
  nitrogen      mean=   232  max=   244  min=   212  std=   11  kg/ha
  water         mean=   308  max=   350  min=   232  std=   42  mm
  R_seasonal    mean=-0.0490  R_yield=+0.8799  R_hiad=+0.2111  R_ane=+0.1995  R_penalty=+1.0000
  cum_R         mean=+0.3727  std=0.0832
==============================================================================

✓ Eval results saved → /workspace/eval_results_water.csv
