==============================================================================
SIMPLE PPO — CONFIGURATION
==============================================================================
  Environment
    mode                 all
    random_weather       True
    enable_faults        False
    dssat_seed           123

  PPO Hyperparameters
    total_timesteps      1,000,000
    n_steps              4,096
    batch_size           64
    n_epochs             10
    learning_rate        0.0003
    gamma                0.99
    gae_lambda           0.95
    clip_range           0.2
    ent_coef             0.01
    max_grad_norm        0.5
    device               cpu

  Normalisation (VecNormalize)
    norm_obs             True
    norm_reward          True
    clip_obs             5.0
    clip_reward          10.0

  Reward Weights (seasonal)
    W_yield              0.40
    W_hiad               0.10
    W_ane                0.30
    W_penalty            0.20
==============================================================================

==============================================================================
TRAINING — 1,000,000 timesteps  |  n_steps=4096
==============================================================================

  Episode log  → /workspace/episode_log_nitrogen_v2.csv
  Metrics log  → /workspace/training_metrics_nitrogen_v2.csv

     ep      step   len    cum_R   yield      N      W   R_seas    R_yld   R_hiad    R_ane
  -----  --------  ----  -------  ------  -----  -----  -------  -------  -------  -------
      1       161   161   +9.453    2298     58     80  -0.3499  -1.0000  -0.6051  -0.0120
      2       321   160   +2.085    3696     68     69  -0.1702  -1.0000  -0.4246  +0.3604
      3       482   161   -4.293    1627     52     66  -0.4573  -1.0000  -1.0000  -0.2138
      4       643   161   -2.760    2356     72     72  -0.4512  -1.0000  -0.4146  -0.1860
      5       800   157   +6.210    3992     64     69  -0.0306  -0.9523  +0.1201  +0.5532
      6       959   159   +0.873    3411     74     58  -0.2787  -1.0000  -0.3475  +0.1533
      7      1120   161   -2.175    1314     68     61  -0.6345  -1.0000  -1.0000  -0.5141
      8      1273   153   +6.029    2959     64     56  -0.2278  -1.0000  +0.1798  +0.1654
      9      1435   162   -4.018    1698     62     76  -0.5302  -1.0000  -1.0000  -0.3192
     10      1597   162   +9.430    4703     63     68  +0.1686  -0.7656  +0.0856  +0.8750
     11      1761   164   +1.245    2604     58     64  -0.2897  -1.0000  -0.9231  +0.1331
     12      1925   164   -3.911    1814     70     56  -0.5598  -1.0000  -1.0000  -0.3564
     13      2080   155   -4.245    1819     54     64  -0.4338  -1.0000  -1.0000  -0.1592
     14      2241   161   -1.477    1195     54     60  -0.5769  -1.0000  -0.9417  -0.4512
     15      2403   162   +0.354    3021     70     56  -0.3123  -1.0000  -0.3787  +0.0758
     16      2561   158   +2.200    3169     61     62  -0.1973  -1.0000  -0.6303  +0.3002
     17      2724   163   +5.641    4165     67     55  -0.0244  -0.9067  +0.0931  +0.5555
     18      2886   162   -1.241    2287     56     68  -0.3341  -1.0000  -0.6968  +0.0185
     19      3044   158   -0.322    2125     55     83  -0.3628  -1.0000  -0.6473  -0.0420
     20      3208   164   +7.702    4530     67     70  +0.0561  -0.8111  -0.0902  +0.6998
     21      3363   155   +7.241    4255     57     61  +0.1496  -0.8833  +0.0225  +0.8677
     22      3524   161   +4.739    4060     64     61  -0.0347  -0.9345  -0.3106  +0.5786
     23      3679   155   -2.135    3050     80     66  -0.3908  -1.0000  -0.2933  -0.0511
     24      3844   165   +3.418    3957     68     68  -0.0995  -0.9613  -0.1474  +0.4581
     25      3997   153   -2.184    2296     57     60  -0.3507  -1.0000  -0.8484  +0.0021
     26      4156   159   +8.061    4546     64     61  +0.1239  -0.8069  +0.3435  +0.7781
     27      4313   157   +1.516    3451     71     63  -0.2411  -1.0000  -0.3034  +0.2155
     28      4468   155   +2.281    2913     61     55  -0.2484  -1.0000  -0.5180  +0.1865
     29      4631   163   +3.037    3911     73     59  -0.1769  -0.9735  -0.3265  +0.3411
     30      4792   161   +0.008    2944     71     62  -0.3533  -1.0000  -0.7763  +0.0378
     31      4953   161   +3.283    3828     65     65  -0.0889  -0.9953  +0.0154  +0.4666
     32      5115   162   -2.049    2325     74     64  -0.4689  -1.0000  -0.4662  -0.2135
     33      5278   163   -2.963    1251     68     77  -0.6481  -1.0000  -1.0000  -0.5368
     34      5433   155   +0.346    2804     62     51  -0.2679  -1.0000  -0.4094  +0.1363
     35      5590   157   +6.184    3944     58     48  +0.0656  -0.9650  +0.3584  +0.6990
     36      5745   155   -4.102     989     80     54  -0.7454  -1.0000  -1.0000  -0.6929
     37      5906   161   +0.506    2525     64     62  -0.3230  -1.0000  +0.0693  -0.0110
     38      6075   169   -0.469    1413     58     64  -0.5261  -1.0000  -0.4075  -0.3897
     39      6234   159   +1.543    3022     62     59  -0.2166  -1.0000  -0.0567  +0.2089
     40      6391   157   -3.096    2297     70     56  -0.4596  -1.0000  -0.8461  -0.1743
     41      6551   160   +3.200    4170     72     65  -0.0976  -0.9055  -0.0013  +0.4401
     42      6711   160   +2.694    3453     62     63  -0.1417  -1.0000  -0.3814  +0.3909
     43      6866   155   +4.700    3757     59     58  -0.0239  -1.0000  -0.2621  +0.6011
     44      7029   163   +6.306    4861     75     64  +0.0475  -0.7241  +0.3547  +0.6294
     45      7189   160   +2.651    3252     62     66  -0.1704  -1.0000  -0.0261  +0.3002
     46      7350   161   -2.127    2095     61     54  -0.4131  -1.0000  -0.6030  -0.1372
     47      7514   164   +0.696    2849     65     56  -0.2919  -1.0000  -0.3689  +0.0970
     48      7674   160   +5.140    3926     67     62  -0.0951  -0.9695  -0.1491  +0.4657
     49      7838   164   +0.865    3136     69     73  -0.2967  -1.0000  -0.5919  +0.1304
     50      8003   165   +5.633    4380     68     61  +0.0105  -0.8503  +0.0451  +0.6125
     51      8161   158   +2.001    2850     57     70  -0.2120  -1.0000  -0.5971  +0.2555
     52      8317   156   +2.256    2599     48     78  -0.1476  -1.0000  -0.4681  +0.3441
     53      8477   160   -3.964    2131     67     56  -0.4747  -1.0000  -0.9407  -0.2043
     54      8637   160   -3.579    1001     59     75  -0.6513  -1.0000  -1.0000  -0.5744
     55      8802   165   +5.213    3972     66     66  -0.0720  -0.9575  -0.2273  +0.5115
     56      8958   156   -3.166    1916     59     53  -0.4490  -1.0000  -0.9313  -0.1837
     57      9118   160   +5.921    3902     60     55  +0.0029  -0.9758  -0.1246  +0.6340
     58      9278   160   -3.605    1825     74     41  -0.5617  -1.0000  -0.7195  -0.3811
     59      9440   162   -1.266    1612     50     62  -0.4420  -1.0000  -1.0000  -0.1910
     60      9603   163   -4.326    2461     76     77  -0.4844  -1.0000  -0.8780  -0.1915
     61      9763   160   +5.203    3620     57     42  -0.0338  -1.0000  -0.3547  +0.5807
     62      9922   159   -1.328    1848     54     38  -0.4196  -1.0000  -1.0000  -0.1396
     63     10085   163   +0.271    2562     58     61  -0.2848  -1.0000  -0.6000  +0.1105
     64     10247   162   +1.564    3281     66     63  -0.1536  -1.0000  +0.8861  +0.2523
     65     10405   158   +5.881    3810     58     45  +0.0371  -1.0000  +0.3343  +0.6556
     66     10565   160   +3.087    3000     55     63  -0.1555  -1.0000  -0.6864  +0.3683
     67     10725   160   +7.102    3512     59     55  -0.0266  -1.0000  +0.8588  +0.4845
     68     10884   159   +1.360    2454     57     82  -0.3123  -1.0000  -0.8669  +0.0847
     69     11043   159  +10.555    4721     61     60  +0.2194  -0.7608  +0.4298  +0.9319
     70     11201   158   -4.745    1896     71     52  -0.5336  -1.0000  -0.7414  -0.3299
     71     11362   161   -3.470    1692     53     73  -0.4546  -1.0000  -1.0000  -0.2018
     72     11521   159   -1.509    2496     65     75  -0.3758  -1.0000  -0.6888  -0.0342
     73     11680   159   -3.582    1057     64     84  -0.6669  -1.0000  -1.0000  -0.5855
     74     11838   158   -4.338    1509     55     60  -0.5118  -1.0000  -1.0000  -0.3134
     75     11994   156   -4.095    1791     70     63  -0.5551  -1.0000  -0.8585  -0.3604
     76     12145   151   -2.360    1538     67     68  -0.5930  -1.0000  -1.0000  -0.4296
     77     12310   165   -4.090    1749     61     43  -0.5052  -1.0000  -0.9593  -0.2870
     78     12475   165   +4.061    3786     67     54  -0.1423  -1.0000  -0.5483  +0.4196
     79     12637   162  +11.640    4774     59     43  +0.2782  -0.7469  +0.7291  +1.0000
     80     12791   154   -3.899    1330     54     60  -0.5422  -1.0000  -1.0000  -0.3790
     81     12959   168   +2.860    3700     72     66  -0.1685  -1.0000  +0.4558  +0.2886
     82     13121   162   +7.811    5075     71     76  +0.1625  -0.6680  +0.7305  +0.7899
     83     13278   157   -0.145    1146     61     56  -0.6195  -1.0000  -0.8213  -0.5278
     84     13433   155   +0.047    2475     52     74  -0.2328  -1.0000  -0.5012  +0.1890
     85     13594   161   +6.111    4318     65     57  +0.0391  -0.8668  +0.0385  +0.6652
     86     13755   161   +6.527    3868     55     61  +0.0745  -0.9849  +0.1127  +0.7440
     87     13912   157   +1.750    2366     51     63  -0.2578  -1.0000  -0.8737  +0.1681
     88     14074   162   +0.630    2196     62     53  -0.3957  -1.0000  -0.4070  -0.1171
     89     14235   161   +1.781    2468     52     58  -0.2169  -1.0000  -0.1546  +0.1818
     90     14391   156   -0.939    3212     72     60  -0.2966  -1.0000  -0.4190  +0.1180
     91     14555   164   +0.391    2825     65     55  -0.3202  -1.0000  -0.8265  +0.0862
     92     14713   158   -1.651    2125     69     67  -0.4558  -1.0000  -0.1783  -0.2316
     93     14873   160   +9.907    4400     56     65  +0.2125  -0.8450  +0.3429  +0.9460
     94     15029   156   +9.976    5044     65     49  +0.2089  -0.6760  -0.0970  +0.9402
     95     15187   158   +6.770    3905     55     59  +0.0971  -0.9751  +0.2401  +0.7709
     96     15350   163   +6.811    4602     65     54  +0.1029  -0.7923  +0.0401  +0.7632
     97     15507   157  +11.617    5929     72     72  +0.2805  -0.4439  +0.1325  +1.0000
     98     15669   162   +2.029    3064     60     64  -0.1999  -1.0000  -0.5668  +0.2849
     99     15828   159   +4.767    4350     70     57  -0.0196  -0.8581  +0.0374  +0.5612
    100     15991   163   +3.128    2963     54     57  -0.1234  -1.0000  -0.2026  +0.3786

  ── rolling mean (last 100 ep) ──  cum_R=+1.747  yield=2972 kg/ha  N=63  W=62 mm  R_seas=-0.2412  R_ane=+0.1792

    101     16151   160   +0.566    2977     66     52  -0.2836  -1.0000  -0.4529  +0.1253
    102     16318   167   +3.229    3626     63     68  -0.1276  -1.0000  -0.5304  +0.4387
    103     16477   159   -3.239    2005     70     50  -0.5205  -1.0000  -1.0000  -0.2818
    104     16637   160  +13.002    6266     55     76  +0.3665  -0.3554  +0.9021  +1.0000
    105     16803   166   +2.278    3473     63     62  -0.1395  -1.0000  -0.2434  +0.3836
    106     16970   167  +13.081    5969     66     54  +0.3199  -0.4333  +0.5978  +1.0000
    107     17127   157   -1.781    1832     51     73  -0.4008  -1.0000  -0.9441  -0.1059
    108     17290   163  +12.047    5061     58     61  +0.2934  -0.6716  +0.7852  +1.0000
    109     17456   166   +2.353    2324     46     75  -0.2059  -1.0000  -0.8917  +0.2611
    110     17618   162   -3.457    1832     67     64  -0.5353  -1.0000  -1.0000  -0.3168
    111     17774   156   +8.824    3494     46     56  +0.1503  -1.0000  -0.3969  +0.9165
    112     17936   162   +5.560    2816     47     76  -0.0781  -1.0000  -0.5614  +0.4884
    113     18091   155  +10.986    4222     50     77  +0.2722  -0.8917  +0.9818  +1.0000
    114     18249   158   +0.944    2473     54     66  -0.2457  -1.0000  -0.3668  +0.1527
    115     18410   161   +1.755    2852     62     66  -0.2561  -1.0000  -0.1836  +0.1439
    116     18568   158   -3.144    1828     58     47  -0.4620  -1.0000  -0.9540  -0.2116
    117     18733   165  +10.492    4996     65     58  +0.2431  -0.6888  +0.8175  +0.9245
    118     18897   164   -4.067    1226     51     57  -0.5494  -1.0000  -1.0000  -0.4021
    119     19055   158   -2.617    1051     65     53  -0.6705  -1.0000  -1.0000  -0.5969
    120     19211   156   +7.402    4125     57     53  +0.0935  -0.9174  -0.2594  +0.7967
    121     19373   162   +8.377    5083     70     56  +0.1469  -0.6658  +0.1011  +0.8123
    122     19533   160   +3.227    3109     55     63  -0.1084  -1.0000  -0.1333  +0.4085
    123     19687   154   +1.155    2379     55     67  -0.2812  -1.0000  -0.4118  +0.0898
    124     19846   159   +2.778    2748     55     46  -0.1891  -1.0000  -0.2098  +0.2491
    125     20008   162   -0.775    1994     52     81  -0.3573  -1.0000  -0.6000  -0.0472
    126     20165   157   -0.751    2691     65     63  -0.3481  -1.0000  -0.8665  +0.0364
    127     20321   156  +12.079    5592     55     60  +0.3261  -0.5324  +0.7483  +1.0000
    128     20481   160   -0.369    1981     59     72  -0.4319  -1.0000  -0.6879  -0.1655
    129     20642   161   +6.824    3833     56     56  +0.0666  -0.9940  +0.4536  +0.6995
    130     20805   163   -5.065    1244     62     63  -0.6156  -1.0000  -1.0000  -0.4962
    131     20969   164   +2.145    3162     63     74  -0.2044  -1.0000  -0.2757  +0.2603
    132     21137   168   -1.218    2846     66     78  -0.3091  -1.0000  -0.4156  +0.0777
    133     21298   161   +0.298    2480     68     52  -0.3909  -1.0000  -0.4804  -0.0817
    134     21462   164   -0.626    2873     68     59  -0.3344  -1.0000  -0.6603  +0.0537
    135     21619   157   -1.896    2231     64     60  -0.4051  -1.0000  -0.4430  -0.1248
    136     21772   153   -3.374    1605     52     55  -0.4661  -1.0000  -1.0000  -0.2326
    137     21931   159   +2.144    2748     51     60  -0.1537  -1.0000  -0.4578  +0.3364
    138     22091   160   +8.369    3902     55     61  +0.0982  -0.9759  +0.1962  +0.7775
    139     22252   161   +1.875    3374     66     62  -0.1815  -1.0000  +0.1935  +0.2689
    140     22409   157   +0.979    2621     53     38  -0.2120  -1.0000  -0.6480  +0.2375
    141     22571   162   +2.432    2987     59     42  -0.1919  -1.0000  -0.4026  +0.2740
    142     22731   160   +1.717    2408     48     49  -0.2050  -1.0000  -0.7007  +0.2442
    143     22886   155   -0.592    1209     51     46  -0.5454  -1.0000  -0.9173  -0.4070
    144     23045   159   -0.228    1824     53     69  -0.4042  -1.0000  -0.5632  -0.1447
    145     23203   158   +4.068    3454     55     45  -0.0401  -1.0000  -0.4781  +0.5733
    146     23361   158   +2.785    3642     62     44  -0.1029  -1.0000  -0.3152  +0.4576
    147     23519   158   +3.736    2995     54     78  -0.1296  -1.0000  -0.3806  +0.3907
    148     23677   158   +0.360    2784     61     52  -0.2703  -1.0000  -0.5635  +0.1442
    149     23839   162   -2.156    2427     72     54  -0.4429  -1.0000  -0.6458  -0.1540
    150     23997   158   -2.209    1972     58     64  -0.4184  -1.0000  -0.6672  -0.1484
    151     24157   160   +3.893    3244     58     39  -0.1196  -1.0000  -0.2731  +0.4022
    152     24323   166   +4.840    3479     56     47  -0.0504  -1.0000  -0.4385  +0.5531
    153     24484   161   +4.870    3350     59     47  -0.1372  -1.0000  -0.6350  +0.4109
    154     24645   161   +0.114    2052     50     59  -0.3067  -1.0000  -0.5351  +0.0319
    155     24805   160   +0.505    2192     48     64  -0.2691  -1.0000  -0.9552  +0.1441
    156     24973   168   +2.012    2801     52     57  -0.1522  -1.0000  -0.5284  +0.3474
    157     25130   157   -1.432     699     54     55  -0.6889  -1.0000  -1.0000  -0.6738
    158     25292   162   +8.335    4048     58     49  +0.0854  -0.9376  +0.1225  +0.7506
    159     25457   165   -1.555    1800     49     79  -0.3785  -1.0000  -0.7045  -0.0899
    160     25621   164   +6.739    3709     55     49  +0.0400  -1.0000  +0.0388  +0.6835
    161     25782   161   +3.575    2457     45     64  -0.1290  -1.0000  -0.3776  +0.3573
    162     25940   158   +1.168    2737     54     40  -0.1940  -1.0000  -0.4757  +0.2613
    163     26094   154   -3.612    1255     55     58  -0.5700  -1.0000  -1.0000  -0.4298
    164     26256   162   +0.418    3321     67     37  -0.2275  -1.0000  -0.4096  +0.2328
    165     26408   152   +1.053    1634     34     87  -0.2310  -1.0000  -1.0000  +0.1848
    166     26564   156   +3.453    3601     58     33  -0.0546  -1.0000  -0.3731  +0.5423
    167     26719   155  +12.644    4919     47     96  +0.3043  -0.7090  +0.8494  +1.0000
    168     26885   166   -2.737    1872     56     65  -0.4321  -1.0000  -0.8203  -0.1661
    169     27046   161   -2.717    2030     59     36  -0.4074  -1.0000  -0.6205  -0.1364
    170     27210   164   +3.151    3429     56     67  -0.0480  -1.0000  +0.0460  +0.5173
    171     27376   166   +3.030    3248     59     56  -0.1517  -1.0000  -0.4535  +0.3665
    172     27542   166   +5.753    4317     66     42  +0.0077  -0.8668  -0.1514  +0.6227
    173     27700   158  +10.992    4335     46     76  +0.2854  -0.8623  +1.0000  +1.0000
    174     27862   162  +11.400    4636     51     48  +0.2857  -0.7833  +0.7853  +1.0000
    175     28020   158   +3.112    2980     53     36  -0.1230  -1.0000  -0.5079  +0.4016
    176     28174   154   +2.171    2790     52     68  -0.1708  -1.0000  -0.7041  +0.3324
    177     28334   160   +9.615    3854     47     75  +0.2019  -0.9885  -0.1286  +1.0000
    178     28494   160   +3.495    2426     49     61  -0.1636  -1.0000  +0.3460  +0.2292
    179     28653   159  +13.762    5553     50     57  +0.3393  -0.5425  +0.8941  +1.0000
    180     28812   159   +9.128    3941     54     70  +0.1376  -0.9656  +0.3202  +0.8381
    181     28971   159   -2.486    2354     66     41  -0.4036  -1.0000  -0.6024  -0.1047
    182     29124   153   -1.302    2191     58     26  -0.3811  -1.0000  -0.8932  -0.0610
    183     29283   159  +10.318    3685     46     48  +0.2007  -1.0000  -0.1602  +0.9934
    184     29441   158   -3.760    1419     49     46  -0.4769  -1.0000  -1.0000  -0.2698
    185     29598   157   +3.164    3340     58     40  -0.0955  -1.0000  -0.1540  +0.4395
    186     29757   159   +2.867    3409     58     37  -0.0915  -1.0000  -0.3117  +0.4632
    187     29916   159   -0.674    2863     58     39  -0.2232  -1.0000  -0.5228  +0.2224
    188     30071   155   +3.638    2765     46     76  -0.0701  -1.0000  -0.4172  +0.4871
    189     30226   155  +10.504    4379     53     58  +0.2298  -0.8506  +0.0378  +1.0000
    190     30387   161   +2.871    2592     49     49  -0.1590  -1.0000  -0.4687  +0.3159
    191     30542   155   +0.802    2452     52     55  -0.2532  -1.0000  -0.7948  +0.1724
    192     30706   164   -0.734    1764     47     54  -0.3614  -1.0000  -0.9042  -0.0532
    193     30866   160  +10.709    4641     49     61  +0.2660  -0.7819  +0.3554  +1.0000
    194     31028   162   +1.514    2037     50     47  -0.3142  -1.0000  -0.6023  +0.0206
    195     31186   158   +5.284    3519     60     26  -0.0665  -1.0000  +0.2723  +0.4585
    196     31344   158   +6.759    2632     42     44  -0.0215  -1.0000  -0.3602  +0.5545
    197     31509   165   -2.470    1842     55     50  -0.3911  -1.0000  -0.0842  -0.1655
    198     31665   156   +5.197    3607     60     38  -0.0270  -1.0000  +0.6366  +0.5036
    199     31828   163   -1.149    1598     43     89  -0.3615  -1.0000  -0.8290  -0.0640
    200     31987   159   +7.204    4269     64     33  +0.0471  -0.8795  +0.0671  +0.6726

  ── rolling mean (last 100 ep) ──  cum_R=+2.957  yield=2987 kg/ha  N=56  W=57 mm  R_seas=-0.1611  R_ane=+0.3041

    201     32148   161   +4.618    2970     46     59  +0.0124  -1.0000  -0.2841  +0.6303
    202     32308   160   -0.259    1851     44     55  -0.3134  -1.0000  -1.0000  +0.0446
    203     32463   155   -3.952    1251     59     32  -0.5924  -1.0000  -1.0000  -0.4689
    204     32522    59   -7.915       0     22     11  -0.7899  -1.0000  -1.0000  -1.0000
    205     32685   163   +7.295    3398     47     51  +0.1284  -1.0000  +0.2110  +0.8149
    206     32846   161  +10.340    3943     48     38  +0.2295  -0.9651  +0.2346  +1.0000
    207     33010   164   +6.027    3388     52     54  -0.0010  -1.0000  -0.2417  +0.6213
    208     33168   158   -1.205    2076     60     37  -0.4181  -1.0000  -0.7508  -0.1392
    209     33328   160   +1.671    3032     56     46  -0.1358  -1.0000  -0.1495  +0.3530
    210     33485   157   +2.656    2106     40     78  -0.1606  -1.0000  -0.6638  +0.3095
    211     33643   158   +9.700    2512     31     85  +0.2035  -1.0000  -0.5787  +1.0000
    212     33804   161   +3.060    3634     67     53  -0.1496  -1.0000  +0.0285  +0.3494
    213     33966   162   +6.288    3623     52     69  +0.0375  -1.0000  -0.5734  +0.7357
    214     34127   161   -3.179    1869     69     36  -0.5215  -1.0000  -0.7039  -0.3209
    215     34292   165  +12.305    5230     58     40  +0.2991  -0.6273  +0.6331  +1.0000
    216     34455   163   +5.991    3527     53     69  +0.0741  -1.0000  +0.8637  +0.6675
    217     34615   160   -1.038    1585     52     38  -0.4469  -1.0000  -0.5762  -0.2418
    218     34774   159   +3.283    2714     49     47  -0.1258  -1.0000  -0.4420  +0.3790
    219     34937   163   +6.169    4229     70     33  -0.0369  -0.8900  +0.3456  +0.5038
    220     35101   164   +2.044    2678     53     50  -0.2014  -1.0000  -0.6953  +0.2666
    221     35255   154   -0.100    1745     42     58  -0.3017  -1.0000  -0.6867  +0.0309
    222     35421   166  +11.433    4039     50     50  +0.2501  -0.9399  +0.6717  +1.0000
    223     35587   166   +2.532    3326     63     49  -0.1602  -1.0000  -0.0129  +0.3167
    224     35751   164   +3.235    3193     51     42  -0.0359  -1.0000  -0.4190  +0.5616
    225     35912   161   +4.256    2759     46     75  -0.0720  -1.0000  -0.4561  +0.4865
    226     36077   165   +4.387    3469     55     44  -0.0250  -1.0000  -0.1224  +0.5688
    227     36235   158   +2.779    1980     42     75  -0.2289  -1.0000  -0.7902  +0.1894
    228     36392   157   +3.602    2703     48     66  -0.1218  -1.0000  -0.7781  +0.4203
    229     36551   159   +1.808    3147     63     53  -0.2215  -1.0000  -0.6452  +0.2566
    230     36707   156   +6.505    3402     51     40  +0.0377  -1.0000  -0.1340  +0.6782
    231     36870   163   +3.603    3183     56     45  -0.1279  -1.0000  -0.6600  +0.4200
    232     37032   162   +8.854    3069     42     44  +0.1206  -1.0000  -0.2351  +0.8252
    233     37187   155   -1.259    1934     53     49  -0.3737  -1.0000  -0.6455  -0.0834
    234     37352   165   +3.816    2557     47     46  -0.1373  -1.0000  -0.6774  +0.3702
    235     37512   160   +8.911    3018     40     59  +0.1574  -1.0000  -0.3314  +0.9044
    236     37671   159   +3.043    2413     43     46  -0.1022  -1.0000  -0.3845  +0.3989
    237     37829   158   -0.697    1755     43     66  -0.3101  -1.0000  -0.7853  +0.0274
    238     37985   156   +1.135    1886     39     60  -0.2148  -1.0000  -1.0000  +0.2231
    239     38148   163   +6.069    2967     43     58  +0.0683  -1.0000  -0.3685  +0.7400
    240     38311   163   +9.104    4149     56     53  +0.1156  -0.9111  -0.4636  +0.8538
    241     38475   164   +5.888    3224     50     59  +0.0170  -1.0000  -0.0291  +0.6280
    242     38639   164   +8.383    2938     35     77  +0.2158  -1.0000  -0.2274  +1.0000
    243     38804   165   +2.847    2239     46     69  -0.2218  -1.0000  -0.6633  +0.2058
    244     38966   162  +11.875    4502     46     54  +0.2624  -0.8185  +0.2950  +1.0000
    245     39122   156  +11.394    3876     46     49  +0.2169  -0.9826  +0.0181  +1.0000
    246     39284   162   -0.124    2242     56     68  -0.3505  -1.0000  -0.9635  +0.0100
    247     39444   160   +0.768    2374     49     48  -0.2375  -1.0000  -0.9570  +0.2072
    248     39609   165   -1.875    1640     45     48  -0.3744  -1.0000  -0.8671  -0.0900
    249     39771   162   +1.217    1867     50     57  -0.3676  -1.0000  -0.7275  -0.0697
    250     39932   161   +9.405    3175     40     50  +0.1931  -1.0000  -0.2933  +0.9714
    251     40091   159   +0.419    1610     40     82  -0.3217  -1.0000  -1.0000  +0.0192
    252     40243   152   +6.864    2980     44     58  +0.0946  -1.0000  +0.6603  +0.6943
    253     40406   163   +9.561    4150     55     55  +0.1541  -0.9108  -0.0351  +0.8851
    254     40560   154   +5.621    2318     38     73  +0.0024  -1.0000  +0.1110  +0.5467
    255     40716   156   +6.571    3797     54     59  +0.0688  -1.0000  -0.0054  +0.7461
    256     40882   166   +1.535    2480     56     67  -0.2817  -1.0000  -0.4385  +0.0981
    257     41043   161   +7.450    2498     36     50  +0.1342  -1.0000  +0.5206  +0.7560
    258     41197   154   +4.788    2567     46     31  -0.1019  -1.0000  -0.4598  +0.4107
    259     41354   157   +8.463    2530     34     61  +0.1403  -1.0000  -0.3530  +0.8535
    260     41515   161  +11.102    3736     43     53  +0.2151  -1.0000  -0.0444  +1.0000
    261     41672   157   +8.775    3219     43     47  +0.1571  -1.0000  -0.1382  +0.8910
    262     41836   164  +12.514    4097     34     67  +0.2638  -0.9246  +0.3750  +1.0000
    263     41992   156   +5.154    2165     37     67  -0.0526  -1.0000  -0.2670  +0.4704
    264     42158   166   +8.012    3690     50     67  +0.1164  -1.0000  -0.3213  +0.8589
    265     42318   160   +1.980    2411     48     51  -0.1995  -1.0000  -0.7716  +0.2607
    266     42482   164   +9.123    3193     39     61  +0.2082  -1.0000  -0.2922  +1.0000
    267     42639   157   +7.820    2552     35     70  +0.1155  -1.0000  -0.4789  +0.8224
    268     42802   163  +11.730    4890     58     46  +0.2683  -0.7165  +0.4015  +1.0000
    269     42963   161  +11.405    3216     34     62  +0.2086  -1.0000  -0.4441  +1.0000
    270     43118   155   +1.464    2537     53     60  -0.2271  -1.0000  -0.4257  +0.1925
    271     43279   161   -3.998    1505     48     38  -0.4453  -1.0000  -1.0000  -0.2121
    272     43440   161   +9.739    2551     38     82  +0.0351  -1.0000  -0.7004  +0.6966
    273     43599   159   -2.641    1243     42     51  -0.4613  -1.0000  -0.8977  -0.2688
    274     43760   161   +0.020    2029     51     56  -0.3141  -1.0000  -0.2215  -0.0101
    275     43921   161   +4.927    2189     36     83  -0.0266  -1.0000  -0.4760  +0.5435
    276     44079   158   +1.095    1953     43     44  -0.2517  -1.0000  -0.8444  +0.1436
    277     44235   156   +4.916    2214     38     73  -0.0836  -1.0000  -0.8118  +0.4678
    278     44402   167   +9.745    3886     44     34  +0.2297  -0.9800  +0.1512  +1.0000
    279     44566   164  +11.563    3784     46     83  +0.2038  -1.0000  -0.0696  +1.0000
    280     44725   159   +2.814    2549     44     30  -0.0919  -1.0000  -0.5831  +0.4387
    281     44881   156   +5.927    2765     43     61  +0.0356  -1.0000  +0.4366  +0.5974
    282     45033   152  +11.422    3886     35     55  +0.2489  -0.9800  +0.3021  +1.0000
    283     45193   160   -1.574    1475     42     43  -0.3943  -1.0000  -1.0000  -0.1278
    284     45360   167   +2.355    1651     32     74  -0.1396  -1.0000  -0.2896  +0.2842
    285     45513   153   +9.356    2852     36     40  +0.2229  -1.0000  +0.2827  +0.9570
    286     45666   153   +1.788    1601     33     67  -0.2191  -1.0000  -0.9968  +0.1985
    287     45830   164   +9.527    3436     44     58  +0.1841  -1.0000  -0.2497  +0.9637
    288     45990   160   +8.437    2694     36     65  +0.1592  -1.0000  -0.2904  +0.8915
    289     46150   160  +10.227    4099     43     43  +0.2310  -0.9242  -0.0379  +1.0000
    290     46317   167   +6.538    2780     42     44  +0.0338  -1.0000  -0.3371  +0.6610
    291     46476   159   +6.280    3350     49     49  +0.0488  -1.0000  -0.2120  +0.7053
    292     46636   160  +13.367    2758     33     91  +0.2021  -1.0000  -0.5263  +1.0000
    293     46797   161   -3.065    1255     43     57  -0.4685  -1.0000  -1.0000  -0.2695
    294     46959   162   +9.838    2687     29     63  +0.2259  -1.0000  -0.2810  +1.0000
    295     47125   166   +1.631    1629     36     68  -0.2615  -1.0000  -0.8982  +0.1150
    296     47285   160   +8.958    2784     37     47  +0.1519  -1.0000  -0.1191  +0.8609
    297     47443   158   +0.277    1777     45     64  -0.3490  -1.0000  -1.0000  -0.0203
    298     47608   165   +2.359    2450     51     75  -0.2373  -1.0000  -0.8194  +0.2073
    299     47759   151   +2.322    1953     38     71  -0.1487  -1.0000  -0.4180  +0.2974
    300     47916   157   +5.781    3180     50     58  +0.0053  -1.0000  +0.0570  +0.5967

  ── rolling mean (last 100 ep) ──  cum_R=+4.870  yield=2760 kg/ha  N=46  W=56 mm  R_seas=-0.0595  R_ane=+0.4878

    301     48080   164   +6.301    2982     43     39  +0.0498  -1.0000  -0.6354  +0.7261
    302     48242   162   +3.190    2734     54     48  -0.2064  -1.0000  -0.7016  +0.2615
    303     48404   162   +9.525    3604     43     40  +0.2173  -1.0000  -0.0218  +1.0000
    304     48560   156   +4.940    2247     37     58  -0.0278  -1.0000  -0.4421  +0.5342
    305     48720   160   -3.804    1361     46     52  -0.4659  -1.0000  -1.0000  -0.2561
    306     48874   154   -0.496    1667     37     55  -0.2619  -1.0000  -1.0000  +0.1226
    307     49033   159   +6.412    2766     42     77  +0.0491  -1.0000  +0.4084  +0.6291
    308     49194   161   -1.146    1502     51     67  -0.4778  -1.0000  -0.8796  -0.2681
    309     49354   160   +5.431    2326     36     72  -0.0008  -1.0000  -0.7957  +0.6247
    310     49508   154   +3.827    2193     38     50  -0.1015  -1.0000  -0.8555  +0.4316
    311     49672   164   +5.472    2558     39     52  +0.0552  -1.0000  +0.2574  +0.6370
    312     49833   161   +0.745    1594     35     66  -0.2457  -1.0000  -0.9856  +0.1485
    313     49989   156   +2.647    1551     31     68  -0.1719  -1.0000  -0.7606  +0.2603
    314     50146   157  +12.601    2372     27     98  +0.2183  -1.0000  -0.3870  +1.0000
    315     50310   164   -3.768    1039     43     60  -0.5331  -1.0000  -1.0000  -0.3973
    316     50469   159   +6.422    2247     34     72  +0.0537  -1.0000  -0.3167  +0.6780
    317     50636   167  +11.401    3086     39     55  +0.1994  -1.0000  -0.1841  +0.9708
    318     50801   165  +10.543    3344     39     62  +0.2138  -1.0000  -0.1656  +1.0000
    319     50962   161   -0.930    1538     38     67  -0.3158  -1.0000  -1.0000  +0.0204
    320     51124   162  +10.293    3520     39     60  +0.2137  -1.0000  -0.1771  +1.0000
    321     51279   155  +10.108    3104     34     38  +0.2439  -1.0000  +0.1651  +1.0000
    322     51438   159   +7.598    2969     44     64  +0.0532  -1.0000  +0.1038  +0.6708
    323     51599   161  +10.568    2610     34     59  +0.1697  -1.0000  -0.6404  +0.9390
    324     51760   161   +2.922    1978     35     48  -0.1109  -1.0000  -0.8067  +0.3970
    325     51920   160  +10.601    3191     28     64  +0.2475  -1.0000  +0.1367  +1.0000
    326     52083   163   +0.542    1214     30     56  -0.3078  -1.0000  -1.0000  +0.0067
    327     52245   162   -0.862    1320     36     85  -0.3634  -1.0000  -1.0000  -0.0763
    328     52405   160   +9.972    4219     40     71  +0.2387  -0.8926  -0.0588  +1.0000
    329     52572   167   +5.539    2613     42     46  -0.0167  -1.0000  -0.0938  +0.5384
    330     52726   154   -1.067    1150     31     73  -0.3490  -1.0000  -1.0000  -0.0680
    331     52885   159   +3.123    2301     41     51  -0.0960  -1.0000  -0.5264  +0.4179
    332     53050   165   +2.780    2138     41     71  -0.1724  -1.0000  -0.8244  +0.3026
    333     53207   157  +12.452    3608     24     52  +0.2996  -1.0000  +1.0000  +1.0000
    334     53366   159   +9.238    2528     34     70  +0.1398  -1.0000  -0.5032  +0.8693
    335     53522   156   +5.477    1587     26     54  -0.0412  -1.0000  -0.9221  +0.5175
    336     53683   161   +2.142    1614     31     57  -0.1681  -1.0000  -1.0000  +0.2902
    337     53846   163   +7.276    1775     25     84  +0.0878  -1.0000  -0.9843  +0.7861
    338     54006   160  +11.320    2773     28     71  +0.2178  -1.0000  -0.4476  +1.0000
    339     54165   159   +7.176    2054     29     89  +0.0873  -1.0000  -0.4589  +0.7499
    340     54326   161   +0.975    1696     33     48  -0.1645  -1.0000  -0.9301  +0.2929
    341     54489   163  +10.503    2372     25     72  +0.2223  -1.0000  -0.4765  +1.0000
    342     54651   162   +1.772    1726     36     87  -0.2330  -1.0000  -0.9339  +0.1812
    343     54813   162   +7.743    1644     23     91  +0.1092  -1.0000  -0.8368  +0.8088
    344     54969   156  +10.980    2423     22     78  +0.2688  -1.0000  +0.3692  +1.0000
    345     55134   165   -1.073    1429     36     46  -0.3187  -1.0000  -1.0000  +0.0011
    346     55293   159   +3.506    1449     27     74  -0.1289  -1.0000  -1.0000  +0.3576
    347     55451   158   +7.746    2272     32     72  +0.0894  -1.0000  -0.4224  +0.7558
    348     55618   167   +8.746    2748     36     64  +0.1733  -1.0000  -0.0151  +0.8943
    349     55779   161   -0.935    1228     32     64  -0.3273  -1.0000  -1.0000  -0.0251
    350     55939   160  +10.391    2842     33     71  +0.2041  -1.0000  -0.5455  +1.0000
    351     56100   161   +2.153    1251     28     62  -0.2420  -1.0000  -1.0000  +0.1312
    352     56255   155  +11.870    3462     24     53  +0.2948  -1.0000  +0.9103  +1.0000
    353     56419   164  +10.625    3192     30     61  +0.2405  -1.0000  +0.0391  +1.0000
    354     56581   162  +11.770    2473     22     73  +0.2368  -1.0000  -0.2799  +1.0000
    355     56736   155   +0.095    1082     25     62  -0.2523  -1.0000  -1.0000  +0.1002
    356     56896   160  +11.626    2606     22     92  +0.2575  -1.0000  +0.1894  +1.0000
    357     57062   166   +9.168    2382     31     59  +0.1387  -1.0000  -0.9439  +0.8993
    358     57223   161  +12.547    2912     23     69  +0.2990  -1.0000  +0.9931  +1.0000
    359     57387   164  +10.359    3600     34     78  +0.2537  -1.0000  +0.4906  +1.0000
    360     57545   158   +9.677    2260     28     76  +0.2043  -1.0000  -0.7195  +1.0000
    361     57709   164   +7.518    1880     27     53  +0.0723  -1.0000  -0.7890  +0.7342
    362     57875   166   +6.645    2323     33     68  +0.0792  -1.0000  -0.6477  +0.7592
    363     58031   156   -1.029    1447     34     61  -0.2804  -1.0000  -1.0000  +0.0754
    364     58194   163   +9.985    1819     22     55  +0.2235  -1.0000  -0.5921  +1.0000
    365     58349   155  +10.918    2031     24     73  +0.2260  -1.0000  -0.4154  +1.0000
    366     58516   167   +5.279    2563     42     57  -0.0310  -1.0000  -0.3668  +0.5375
    367     58683   167   +9.437    2736     32     53  +0.2108  -1.0000  -0.5167  +1.0000
    368     58844   161   +5.903    1780     28     77  -0.0027  -1.0000  -0.8575  +0.6008
    369     58996   152  +12.042    2988     27     56  +0.2574  -1.0000  +0.2552  +1.0000
    370     59156   160   +9.259    2303     24     52  +0.2316  -1.0000  -0.3662  +1.0000
    371     59317   161  +11.261    2562     28     75  +0.2094  -1.0000  -0.5899  +1.0000
    372     59477   160   +5.266    1580     27     53  -0.0623  -1.0000  -1.0000  +0.4845
    373     59636   159   +9.619    2916     36     58  +0.2114  -1.0000  -0.3549  +1.0000
    374     59796   160   +8.672    1780     22     55  +0.2117  -1.0000  -0.8306  +1.0000
    375     59956   160   +0.006    1434     35     55  -0.2979  -1.0000  -0.8381  +0.0268
    376     60112   156   +8.547    2748     37     52  +0.1299  -1.0000  -0.7515  +0.8784
    377     60269   157  +12.276    3089     26     86  +0.2241  -1.0000  -0.3330  +1.0000
    378     60426   157   +8.221    2367     32     60  +0.1339  -1.0000  -0.4891  +0.8466
    379     60586   160  +10.345    2704     25     61  +0.2845  -1.0000  +0.7464  +1.0000
    380     60748   162  +12.989    3409     30     59  +0.2551  -1.0000  +0.3330  +1.0000
    381     60908   160   +1.583    1380     29     68  -0.2164  -1.0000  -0.9525  +0.1849
    382     61062   154   +2.680    1163     21     58  -0.0972  -1.0000  -0.6453  +0.3624
    383     61221   159   +6.618    1939     28     57  +0.0826  -1.0000  -0.3765  +0.7188
    384     61386   165  +10.607    3361     33     82  +0.2259  -1.0000  -0.0741  +1.0000
    385     61534   148  +10.835    2428     22     73  +0.2525  -1.0000  +0.0289  +1.0000
    386     61694   160  +11.701    2283     27     68  +0.2082  -1.0000  -0.6898  +1.0000
    387     61852   158  +11.680    1766     15     90  +0.2150  -1.0000  -0.8956  +1.0000
    388     62006   154  +12.468    3166     24     76  +0.2729  -1.0000  +0.5169  +1.0000
    389     62171   165  +10.839    2466     25     69  +0.2240  -1.0000  -0.4251  +1.0000
    390     62328   157  +11.909    2586     26     81  +0.2428  -1.0000  +0.0270  +1.0000
    391     62488   160   +9.104    1870     22     61  +0.2096  -1.0000  -0.8668  +1.0000
    392     62648   160  +10.636    2550     22     65  +0.2297  -1.0000  -0.4254  +1.0000
    393     62802   154  +10.670    3312     28     50  +0.2398  -1.0000  -0.0700  +1.0000
    394     62960   158   -2.748     971     30     90  -0.4185  -1.0000  -1.0000  -0.2032
    395     63119   159   +9.920    2180     28     59  +0.1899  -1.0000  -0.4296  +0.9389
    396     63282   163   +3.727    1348     25     69  -0.1082  -1.0000  -0.6101  +0.3524
    397     63443   161   +3.423    1512     25     68  -0.0445  -1.0000  -0.9612  +0.5149
    398     63600   157   +4.578    2063     33     48  -0.0358  -1.0000  -0.9437  +0.5532
    399     63762   162  +10.668    2014     25     58  +0.2174  -1.0000  -0.6039  +1.0000
    400     63932   170  +10.188    2317     27     58  +0.2112  -1.0000  -0.6699  +1.0000

  ── rolling mean (last 100 ep) ──  cum_R=+6.810  yield=2272 kg/ha  N=31  W=64 mm  R_seas=+0.0433  R_ane=+0.6623

    401     64091   159   +5.739    1799     30     68  -0.0510  -1.0000  -0.7964  +0.5027
    402     64252   161   +9.761    1656     22     71  +0.1515  -1.0000  -0.9586  +0.8967
    403     64417   165  +11.974    2956     23     74  +0.2471  -1.0000  -0.0428  +1.0000
    404     64577   160  +10.167    1646     20     90  +0.2043  -1.0000  -0.9391  +1.0000
    405     64738   161  +10.748    2920     26     87  +0.2206  -1.0000  -0.4187  +1.0000
    406     64896   158   +6.174    2091     30     73  +0.0502  -1.0000  -0.8444  +0.7135
    407     65056   160   +9.943    2516     28     76  +0.2184  -1.0000  -0.4151  +1.0000
    408     65219   163  +10.142    2234     27     62  +0.2410  -1.0000  -0.0650  +1.0000
    409     65376   157   +3.723    1425     30     65  -0.1987  -1.0000  -0.5909  +0.1862
    410     65532   156  +10.960    1858     24     74  +0.1897  -1.0000  -0.5092  +0.9364
    411     65686   154   +7.087    1752     25     64  +0.0897  -1.0000  -0.8670  +0.7720
    412     65845   159   +9.873    2373     19     58  +0.2252  -1.0000  -0.6558  +1.0000
    413     66009   164  +12.657    2187     24    103  +0.2023  -1.0000  -0.8125  +1.0000
    414     66169   160   +9.970    1450     16     74  +0.2208  -1.0000  -0.7863  +1.0000
    415     66322   153  +10.477    2361     26     72  +0.2128  -1.0000  -0.6170  +1.0000
    416     66483   161   +4.456    1120     20     69  -0.0762  -1.0000  -1.0000  +0.4365
    417     66644   161  +13.031    2632     16     73  +0.2412  -1.0000  -0.4094  +1.0000
    418     66799   155   +9.720    1786     23     71  +0.1715  -1.0000  -0.6870  +0.9147
    419     66966   167  +12.254    3192     21     73  +0.2400  -1.0000  -0.2492  +1.0000
    420     67123   157   +6.114    1742     26     80  +0.0289  -1.0000  -0.7854  +0.6528
    421     67283   160   +9.548    2782     28     67  +0.2155  -1.0000  -0.5264  +1.0000
    422     67438   155   +9.016    1199     17     62  +0.0867  -1.0000  -1.0000  +0.7519
    423     67601   163  +12.866    2815     18     88  +0.2533  -1.0000  -0.0247  +1.0000
    424     67759   158   +3.768    1529     27     54  -0.0878  -1.0000  -0.8115  +0.4165
    425     67923   164  +10.440    2187     20     79  +0.2338  -1.0000  -0.3758  +1.0000
    426     68083   160   +8.270    2182     22     70  +0.2160  -1.0000  -0.6848  +1.0000
    427     68244   161   +8.293    2173     30     66  +0.1111  -1.0000  -0.5253  +0.8000
    428     68411   167  +11.347    2756     25     90  +0.2111  -1.0000  -0.6225  +1.0000
    429     68570   159   +9.812    1729     20     65  +0.2077  -1.0000  -0.9425  +1.0000
    430     68728   158  +10.327    2282     25     64  +0.2259  -1.0000  -0.4052  +1.0000
    431     68889   161  +13.715    2726     18     76  +0.2471  -1.0000  -0.1826  +1.0000
    432     69051   162  +13.298    2505     20     78  +0.2155  -1.0000  -0.7737  +1.0000
    433     69215   164   +5.874    1239     19     70  +0.0047  -1.0000  -1.0000  +0.5982
    434     69377   162   +9.059    2155     29     69  +0.1425  -1.0000  -0.5469  +0.8615
    435     69542   165  +11.403    2469     17     82  +0.2386  -1.0000  -0.3722  +1.0000
    436     69699   157  +10.797    2532     26     49  +0.2068  -1.0000  -0.7874  +1.0000
    437     69859   160   +9.859    1839     19     76  +0.2313  -1.0000  -0.4852  +1.0000
    438     70015   156   +9.818    1448     17     72  +0.2106  -1.0000  -0.9761  +1.0000
    439     70170   155  +10.494    2049     26     82  +0.1858  -1.0000  -0.9540  +0.9823
    440     70331   161   +8.636    1480     19     64  +0.2028  -1.0000  -0.9189  +0.9820
    441     70486   155   +2.292     791     15     72  -0.1363  -1.0000  -1.0000  +0.3020
    442     70646   160  +10.507    1821     21     77  +0.2452  -1.0000  -0.1162  +1.0000
    443     70803   157  +10.357    1786     18     77  +0.2109  -1.0000  -0.9035  +1.0000
    444     70961   158   +9.913    1727     19     85  +0.2207  -1.0000  -0.6763  +1.0000
    445     71122   161  +10.972    2383     26     80  +0.2039  -1.0000  -0.7595  +1.0000
    446     71288   166   +9.744    1811     19     63  +0.2119  -1.0000  -0.8990  +1.0000
    447     71449   161   +9.206    2422     27     68  +0.2111  -1.0000  -0.6254  +1.0000
    448     71603   154  +10.499    2250     15     81  +0.2240  -1.0000  -0.7451  +1.0000
    449     71761   158   +5.232    1597     25     52  +0.0014  -1.0000  -1.0000  +0.6054
    450     71926   165  +11.083    2044     18     89  +0.2155  -1.0000  -0.7846  +1.0000
    451     72082   156  +10.608    2134     18     69  +0.2123  -1.0000  -0.9030  +1.0000
    452     72238   156  +10.893    2106     20     90  +0.2189  -1.0000  -0.6430  +1.0000
    453     72397   159  +10.454    2141     26     65  +0.2059  -1.0000  -0.7805  +1.0000
    454     72556   159  +10.066    2735     26     85  +0.2189  -1.0000  -0.4629  +1.0000
    455     72717   161   +4.409    1265     25     76  -0.1683  -1.0000  -1.0000  +0.2730
    456     72877   160  +10.145    1899     21     72  +0.2212  -1.0000  -0.6369  +1.0000
    457     73029   152   +9.642    2548     23     78  +0.2171  -1.0000  -0.6305  +1.0000
    458     73189   160   -0.339     967     24     76  -0.3100  -1.0000  -1.0000  -0.0117
    459     73353   164   +8.897    1815     21     70  +0.2189  -1.0000  -0.6902  +1.0000
    460     73511   158  +10.423    2484     22     69  +0.2236  -1.0000  -0.5556  +1.0000
    461     73672   161   +9.966    2623     30     78  +0.2074  -1.0000  -0.5832  +1.0000
    462     73831   159   +9.762    2213     18     77  +0.2242  -1.0000  -0.6371  +1.0000
    463     73991   160  +10.829    1672     20     92  +0.2012  -1.0000  -1.0000  +1.0000
    464     74151   160  +12.346    2534     16     80  +0.2394  -1.0000  -0.4024  +1.0000
    465     74309   158   +9.772    1911     18     75  +0.2146  -1.0000  -0.8365  +1.0000
    466     74468   159  +10.275    2244     24     70  +0.2146  -1.0000  -0.6450  +1.0000
    467     74633   165  +10.238    2044     24     81  +0.2004  -1.0000  -0.9062  +1.0000
    468     74787   154  +10.702    1717     16     73  +0.2107  -1.0000  -1.0000  +1.0000
    469     74942   155  +10.727    2241     19     80  +0.2419  -1.0000  -0.2453  +1.0000
    470     75106   164  +11.363    2799     20     74  +0.2641  -1.0000  +0.2132  +1.0000
    471     75263   157   +2.531     920     18     74  -0.1704  -1.0000  -1.0000  +0.2462
    472     75420   157  +12.554    2767     23     80  +0.2339  -1.0000  -0.2873  +1.0000
    473     75580   160   +6.489    1441     21     75  +0.0630  -1.0000  -0.9687  +0.7188
    474     75736   156   +9.244    2010     24     80  +0.1985  -1.0000  -0.9483  +1.0000
    475     75894   158  +11.223    1604     17     70  +0.2095  -1.0000  -1.0000  +1.0000
    476     76056   162   -1.503     941     28     73  -0.3883  -1.0000  -1.0000  -0.1570
    477     76209   153   +9.756    2186     22     95  +0.2160  -1.0000  -0.6385  +1.0000
    478     76370   161  +10.421    1745     19     88  +0.2043  -1.0000  -1.0000  +1.0000
    479     76528   158   +9.678    1562     17     76  +0.2162  -1.0000  -0.8439  +1.0000
    480     76690   162  +11.336    2054     22     94  +0.2137  -1.0000  -0.6558  +1.0000
    481     76846   156   +9.466    1422     15     83  +0.2110  -1.0000  -1.0000  +1.0000
    482     77001   155  +10.278    1410     14     90  +0.2238  -1.0000  -0.7711  +1.0000
    483     77154   153   +7.279    1332     21     76  +0.0043  -1.0000  -1.0000  +0.6042
    484     77316   162   +3.085    1421     27     78  -0.1418  -1.0000  -1.0000  +0.3330
    485     77479   163   +8.940    1510     21     88  +0.0926  -1.0000  -1.0000  +0.7855
    486     77640   161  +10.898    1714     21     77  +0.2519  -1.0000  -0.0006  +1.0000
    487     77799   159   +9.820    2386     28     87  +0.2512  -1.0000  +0.2599  +1.0000
    488     77955   156  +10.371    1837     17     89  +0.2114  -1.0000  -0.9163  +1.0000
    489     78115   160   +4.293    1041     19     86  -0.1268  -1.0000  -1.0000  +0.3403
    490     78280   165  +11.159    1412     17     80  +0.2077  -1.0000  -1.0000  +1.0000
    491     78439   159  +11.718    1878     14     98  +0.2263  -1.0000  -0.6879  +1.0000
    492     78596   157  +12.536    2090     16     74  +0.2314  -1.0000  -0.5867  +1.0000
    493     78761   165  +10.138    2432     24     91  +0.2114  -1.0000  -0.6659  +1.0000
    494     78917   156  +10.204    2058     15     72  +0.2448  -1.0000  -0.3632  +1.0000
    495     79074   157  +10.143    1720     20     75  +0.2047  -1.0000  -1.0000  +1.0000
    496     79234   160  +12.910    2386     17     84  +0.2250  -1.0000  -0.6626  +1.0000
    497     79391   157  +10.838    1984     15     90  +0.2278  -1.0000  -0.6559  +1.0000
    498     79548   157  +10.401    1848     13     89  +0.2283  -1.0000  -0.6980  +1.0000
    499     79711   163   +5.295    1325     21     78  +0.0024  -1.0000  -1.0000  +0.6006
    500     79864   153   +2.801    1142     22     93  -0.1479  -1.0000  -1.0000  +0.3084

  ── rolling mean (last 100 ep) ──  cum_R=+9.269  yield=1961 kg/ha  N=21  W=77 mm  R_seas=+0.1531  R_ane=+0.8735

    501     80023   159  +10.948    1512     18     85  +0.2089  -1.0000  -0.9376  +1.0000
    502     80191   168  +11.049    2482     18     88  +0.2190  -1.0000  -0.7277  +1.0000
    503     80350   159  +11.818    2025     15     89  +0.2160  -1.0000  -0.8745  +1.0000
    504     80512   162   +9.725    1238     17     89  +0.1263  -1.0000  -1.0000  +0.8382
    505     80682   170   +9.282    2323     24     77  +0.2189  -1.0000  -0.5604  +1.0000
    506     80842   160  +12.021    2086     16     86  +0.2158  -1.0000  -0.8725  +1.0000
    507     81000   158   +5.592    1327     21     72  +0.0101  -1.0000  -1.0000  +0.6139
    508     81167   167  +10.723    1290     17     72  +0.1849  -1.0000  -1.0000  +0.9492
    509     81330   163   +9.472    1711     17     69  +0.2097  -1.0000  -1.0000  +1.0000
    510     81490   160  +12.165    1654     15     72  +0.2129  -1.0000  -1.0000  +1.0000
    511     81655   165   +6.161    1680     28     90  -0.0643  -1.0000  -1.0000  +0.4967
    512     81825   170  +11.663    2461     20     90  +0.2544  -1.0000  +0.0629  +1.0000
    513     81987   162  +11.972    1540     14     83  +0.2174  -1.0000  -0.9171  +1.0000
    514     82143   156  +10.317    1971     14     74  +0.2243  -1.0000  -0.8140  +1.0000
    515     82302   159  +10.318    2324     17     77  +0.2390  -1.0000  -0.4113  +1.0000
    516     82463   161  +10.246    1147     10     86  +0.2196  -1.0000  -1.0000  +1.0000
    517     82618   155  +10.233    1184     14     82  +0.2135  -1.0000  -0.9801  +1.0000
    518     82774   156   +7.825    1145     17     81  +0.0701  -1.0000  -1.0000  +0.7225
    519     82937   163   +9.921    1680     15     82  +0.2132  -1.0000  -0.9501  +1.0000
    520     83100   163   +8.706    1328     18     85  +0.1220  -1.0000  -1.0000  +0.8329
    521     83262   162   +5.345    1406     22     84  -0.0002  -1.0000  -1.0000  +0.6014
    522     83421   159  +10.210    1942     14     73  +0.2538  -1.0000  -0.2318  +1.0000
    523     83587   166  +12.005    2109     15    108  +0.2162  -1.0000  -0.8154  +1.0000
    524     83750   163  +10.926    1563     18     79  +0.2066  -1.0000  -1.0000  +1.0000
    525     83909   159  +10.038    1410     16     90  +0.2094  -1.0000  -1.0000  +1.0000
    526     84066   157  +10.806    1569     13     84  +0.2146  -1.0000  -1.0000  +1.0000
    527     84223   157  +10.232    1252     12     84  +0.2169  -1.0000  -1.0000  +1.0000
    528     84382   159   +6.079    1376     21     96  +0.0176  -1.0000  -1.0000  +0.6375
    529     84541   159   +9.704    1651     17     79  +0.2193  -1.0000  -0.7746  +1.0000
    530     84702   161   +9.442    1671     18     98  +0.2031  -1.0000  -0.9955  +1.0000
    531     84862   160   +9.470    1177     16     89  +0.1135  -1.0000  -1.0000  +0.8107
    532     85024   162  +10.521    2480     19     91  +0.2590  -1.0000  +0.1143  +1.0000
    533     85180   156  +10.493    2131     11     87  +0.2305  -1.0000  -0.7491  +1.0000
    534     85344   164   +5.717     809     14     81  -0.0678  -1.0000  -1.0000  +0.4380
    535     85501   157   +6.038    1326     21     93  -0.0132  -1.0000  -1.0000  +0.5751
    536     85654   153   +9.720    1421     15     79  +0.2121  -1.0000  -1.0000  +1.0000
    537     85813   159  +11.270    1410     18     85  +0.2126  -1.0000  -0.8369  +0.9962
    538     85973   160  +10.834    2223     16     69  +0.2329  -1.0000  -0.5605  +1.0000
    539     86136   163   +9.105    1096     11     90  +0.2166  -1.0000  -1.0000  +1.0000
    540     86295   159   +9.843    1799     15     78  +0.2200  -1.0000  -0.8558  +1.0000
    541     86452   157   +9.236    1479     15     98  +0.2180  -1.0000  -0.8255  +1.0000
    542     86618   166   +9.899    1504     14     79  +0.2247  -1.0000  -0.7913  +1.0000
    543     86779   161  +10.921    1678     15     80  +0.2174  -1.0000  -0.9002  +1.0000
    544     86937   158   +9.272    1452      9     90  +0.2253  -1.0000  -0.9135  +1.0000
    545     87104   167   +9.594    1680     18     92  +0.2101  -1.0000  -0.8973  +1.0000
    546     87257   153  +11.242    1950     11     83  +0.2462  -1.0000  -0.4547  +1.0000
    547     87420   163  +10.379    1190      6     82  +0.2267  -1.0000  -1.0000  +1.0000
    548     87581   161   +3.185     701     13     72  -0.1065  -1.0000  -1.0000  +0.3540
    549     87742   161   +9.375    1424     10     79  +0.2273  -1.0000  -0.8657  +1.0000
    550     87906   164  +10.447    1583     10     85  +0.2302  -1.0000  -0.8084  +1.0000
    551     88067   161  +10.131    2204     17     88  +0.2358  -1.0000  -0.4166  +1.0000
    552     88221   154   +9.810    1495     16     88  +0.2079  -1.0000  -1.0000  +1.0000
    553     88380   159   +7.433     977     14     84  +0.0917  -1.0000  -1.0000  +0.7573
    554     88541   161  +12.034    1598     17     93  +0.2059  -1.0000  -1.0000  +1.0000
    555     88712   171  +10.892    1032     10     83  +0.2207  -1.0000  -1.0000  +1.0000
    556     88877   165  +12.421    1513     16    105  +0.2112  -1.0000  -0.9168  +1.0000
    557     89038   161   +5.493     841     14     78  -0.0361  -1.0000  -0.9655  +0.4969
    558     89197   159   +9.506    1412     15     91  +0.2109  -1.0000  -1.0000  +1.0000
    559     89360   163  +11.957    1607      9    108  +0.2198  -1.0000  -0.9554  +1.0000
    560     89523   163  +10.985    1135     10     92  +0.2188  -1.0000  -1.0000  +1.0000
    561     89685   162  +10.907    1775     15     84  +0.2243  -1.0000  -0.7289  +1.0000
    562     89848   163  +10.209    1043     10     89  +0.2186  -1.0000  -1.0000  +1.0000
    563     90010   162   +9.961    1620     19     80  +0.2399  -1.0000  -0.3074  +1.0000
    564     90169   159  +10.404    1635     12     84  +0.2199  -1.0000  -0.9289  +1.0000
    565     90328   159   +9.721    1242      8     97  +0.2215  -1.0000  -1.0000  +1.0000
    566     90489   161  +10.425    2008      8     72  +0.2293  -1.0000  -0.9014  +1.0000
    567     90654   165  +10.723    1195      9     90  +0.2281  -1.0000  -0.8527  +1.0000
    568     90813   159  +10.254     802     10     83  +0.2205  -1.0000  -1.0000  +1.0000
    569     90978   165  +10.926    1571     10     87  +0.2193  -1.0000  -1.0000  +1.0000
    570     91137   159  +11.128    1626     13     73  +0.2220  -1.0000  -0.8924  +1.0000
    571     91295   158  +12.609    2162     12     98  +0.2304  -1.0000  -0.6917  +1.0000
    572     91453   158  +11.015    1403      6     73  +0.2280  -1.0000  -1.0000  +1.0000
    573     91613   160  +11.979    1492     12     97  +0.2242  -1.0000  -0.8241  +1.0000
    574     91770   157  +10.422    1098     10     88  +0.2183  -1.0000  -1.0000  +1.0000
    575     91932   162  +10.984    1804     13     82  +0.2274  -1.0000  -0.7663  +1.0000
    576     92091   159  +10.329    1326      7     66  +0.2282  -1.0000  -1.0000  +1.0000
    577     92249   158  +12.327    1540      5     74  +0.2503  -1.0000  -0.6044  +1.0000
    578     92405   156  +12.544    1490      9     86  +0.2320  -1.0000  -0.7919  +1.0000
    579     92567   162  +11.122    1623     11     81  +0.2319  -1.0000  -0.7383  +1.0000
    580     92719   152  +10.583    1274      7     78  +0.2260  -1.0000  -1.0000  +1.0000
    581     92875   156  +11.493    1753     12     96  +0.2404  -1.0000  -0.4906  +1.0000
    582     93036   161  +10.224    1648     13     86  +0.2347  -1.0000  -0.5992  +1.0000
    583     93196   160  +12.046    1830     13     99  +0.2230  -1.0000  -0.8027  +1.0000
    584     93353   157  +13.676    2151     13     94  +0.2279  -1.0000  -0.7138  +1.0000
    585     93506   153  +10.480    1041      8     73  +0.2252  -1.0000  -1.0000  +1.0000
    586     93662   156  +12.325    1535     10     73  +0.2312  -1.0000  -0.8242  +1.0000
    587     93826   164   +9.821    1180     13     74  +0.2155  -1.0000  -1.0000  +1.0000
    588     93982   156  +11.537     984     11     92  +0.2167  -1.0000  -1.0000  +1.0000
    589     94144   162  +12.232    2058      9    103  +0.2271  -1.0000  -0.8190  +1.0000
    590     94310   166   +9.524    1496     19     98  +0.2213  -1.0000  -0.6271  +1.0000
    591     94464   154  +11.960    1209      8     94  +0.2220  -1.0000  -1.0000  +1.0000
    592     94622   158  +10.713     588      6     87  +0.2268  -1.0000  -1.0000  +1.0000
    593     94784   162  +10.463    1575     11     74  +0.2204  -1.0000  -1.0000  +1.0000
    594     94949   165  +11.117    2026     10     83  +0.2404  -1.0000  -0.5905  +1.0000
    595     95109   160   +9.647    1671     12     88  +0.2164  -1.0000  -1.0000  +1.0000
    596     95263   154  +11.725    1786      6     79  +0.2487  -1.0000  -0.5779  +1.0000
    597     95419   156  +11.343    1059      8     93  +0.2212  -1.0000  -1.0000  +1.0000
    598     95573   154   +6.930     763     11     84  +0.0838  -1.0000  -1.0000  +0.7313
    599     95733   160  +11.210     955      9     76  +0.2221  -1.0000  -1.0000  +1.0000
    600     95893   160  +11.571    1610     14    104  +0.2091  -1.0000  -1.0000  +1.0000

  ── rolling mean (last 100 ep) ──  cum_R=+10.208  yield=1530 kg/ha  N=13  W=85 mm  R_seas=+0.1953  R_ane=+0.9485

    601     96052   159  +11.395    1304      6     78  +0.2400  -1.0000  -0.7472  +1.0000
    602     96205   153  +11.234     820      6     72  +0.2283  -1.0000  -1.0000  +1.0000
    603     96365   160   +9.533    1353     10     69  +0.2218  -1.0000  -1.0000  +1.0000
    604     96523   158   +8.786    1105      8     69  +0.2255  -1.0000  -1.0000  +1.0000
    605     96680   157  +11.011    1201     10     79  +0.2198  -1.0000  -1.0000  +1.0000
    606     96841   161  +14.589    2423     13    104  +0.2291  -1.0000  -0.6605  +1.0000
    607     97005   164   +4.390     770     14     91  -0.0943  -1.0000  -1.0000  +0.3873
    608     97169   164  +11.816    1340      3     79  +0.2332  -1.0000  -1.0000  +1.0000
    609     97325   156  +11.673    1889     12     83  +0.2477  -1.0000  -0.3828  +1.0000
    610     97490   165   +9.374    1347     15     78  +0.2121  -1.0000  -0.9975  +1.0000
    611     97651   161   +9.932    1115     10     84  +0.2196  -1.0000  -1.0000  +1.0000
    612     97810   159  +11.660    1654     10     80  +0.2260  -1.0000  -0.9015  +1.0000
    613     97971   161  +12.849    2810      9     87  +0.2686  -1.0000  -0.0440  +1.0000
    614     98131   160  +10.801    1097     13     94  +0.2136  -1.0000  -1.0000  +1.0000
    615     98286   155  +11.009    1386      8     72  +0.2428  -1.0000  -0.6373  +1.0000
    616     98446   160   +7.847     911     13     89  +0.0920  -1.0000  -1.0000  +0.7559
    617     98606   160   +9.974    1563     10     82  +0.2249  -1.0000  -0.9176  +1.0000
    618     98770   164  +12.194    1223      8     92  +0.2223  -1.0000  -1.0000  +1.0000
    619     98930   160  +10.433    1095     11     77  +0.2190  -1.0000  -1.0000  +1.0000
    620     99089   159   +9.940    1277      9     88  +0.2209  -1.0000  -1.0000  +1.0000
    621     99246   157   +9.697    1238     10     69  +0.2224  -1.0000  -1.0000  +1.0000
    622     99408   162  +11.465    1778     11     71  +0.2378  -1.0000  -0.6462  +1.0000
    623     99572   164  +11.782    2287      7     89  +0.2425  -1.0000  -0.6308  +1.0000
    624     99735   163   +9.712    1154      8     80  +0.2245  -1.0000  -1.0000  +1.0000
    625     99898   163  +10.380    1288      8     80  +0.2276  -1.0000  -0.9334  +1.0000
    626    100058   160  +10.140    1114     13     84  +0.2144  -1.0000  -1.0000  +1.0000
    627    100222   164  +11.473    1489      7     93  +0.2234  -1.0000  -1.0000  +1.0000
    628    100381   159  +12.022    1553      7     76  +0.2373  -1.0000  -0.7852  +1.0000
    629    100547   166  +11.299    1790      8     74  +0.2401  -1.0000  -0.6811  +1.0000
    630    100604    57   -7.581       0      3     11  -0.7568  -1.0000  -1.0000  -1.0000
    631    100770   166  +10.039    1101     11     92  +0.2176  -1.0000  -1.0000  +1.0000
    632    100934   164   +9.295    1268     10     64  +0.2361  -1.0000  -0.7265  +1.0000
    633    101091   157  +10.730    1048      7     71  +0.2266  -1.0000  -1.0000  +1.0000
    634    101251   160   +9.226    1030      7     65  +0.2277  -1.0000  -1.0000  +1.0000
    635    101416   165  +11.211    1118     13     98  +0.2129  -1.0000  -1.0000  +1.0000
    636    101577   161   +9.727    1454     14     79  +0.2262  -1.0000  -0.7665  +1.0000
    637    101732   155  +12.245    1601      6     84  +0.2316  -1.0000  -0.9058  +1.0000
    638    101899   167  +11.453    1138     12     92  +0.2157  -1.0000  -1.0000  +1.0000
    639    102060   161  +10.336    1024     12     86  +0.2163  -1.0000  -1.0000  +1.0000
    640    102223   163  +10.574    1621     11     89  +0.2298  -1.0000  -0.7657  +1.0000
    641    102380   157  +10.557    2162      9     82  +0.2370  -1.0000  -0.7002  +1.0000
    642    102542   162   +6.039     731     11     74  +0.0314  -1.0000  -1.0000  +0.6244
    643    102707   165   +9.035    1234     10     64  +0.2221  -1.0000  -1.0000  +1.0000
    644    102871   164  +13.444    2114      9     89  +0.2298  -1.0000  -0.8190  +1.0000
    645    103036   165  +10.153    1501     10     74  +0.2338  -1.0000  -0.7568  +1.0000
    646    103206   170  +11.574     736      8     80  +0.2241  -1.0000  -1.0000  +1.0000
    647    103366   160   +9.597    1192     10     77  +0.2204  -1.0000  -1.0000  +1.0000
    648    103527   161  +12.142    1740      8     87  +0.2221  -1.0000  -1.0000  +1.0000
    649    103687   160  +12.042    1556     13     90  +0.2138  -1.0000  -1.0000  +1.0000
    650    103850   163   +9.664    1363      9     81  +0.2285  -1.0000  -0.8735  +1.0000
    651    104016   166  +11.189    1803      6     88  +0.2311  -1.0000  -0.9043  +1.0000
    652    104174   158  +10.093    1722      9     81  +0.2222  -1.0000  -0.9880  +1.0000
    653    104337   163  +11.013    1232      7     78  +0.2259  -1.0000  -1.0000  +1.0000
    654    104496   159   +9.708    1052      9     63  +0.2244  -1.0000  -1.0000  +1.0000
    655    104657   161  +10.367    1143     11     76  +0.2192  -1.0000  -1.0000  +1.0000
    656    104814   157   +9.844    1631      5     74  +0.2441  -1.0000  -0.7171  +1.0000
    657    104978   164  +10.439    1442      5     82  +0.2286  -1.0000  -1.0000  +1.0000
    658    105137   159  +11.053    1178      9     76  +0.2231  -1.0000  -1.0000  +1.0000
    659    105297   160   +9.673    1549      8     68  +0.2446  -1.0000  -0.6187  +1.0000
    660    105457   160  +11.336     999      6     86  +0.2273  -1.0000  -1.0000  +1.0000
    661    105627   170  +10.913    1073      8     80  +0.2231  -1.0000  -1.0000  +1.0000
    662    105794   167  +12.132    1922      4     96  +0.2331  -1.0000  -0.8959  +1.0000
    663    105948   154  +11.301    1838     11     83  +0.2280  -1.0000  -0.8153  +1.0000
    664    106110   162  +10.961    1305      6     80  +0.2267  -1.0000  -1.0000  +1.0000
    665    106270   160   +9.996     699      9     83  +0.1637  -1.0000  -1.0000  +0.8849
    666    106424   154  +10.309    1114     10     77  +0.2215  -1.0000  -1.0000  +1.0000
    667    106586   162  +11.367    1544      9     94  +0.2243  -1.0000  -0.9311  +1.0000
    668    106741   155  +10.370    1343     11     72  +0.2205  -1.0000  -0.9969  +1.0000
    669    106895   154  +10.653    1513      8     85  +0.2235  -1.0000  -1.0000  +1.0000
    670    107052   157  +10.353     820      6     80  +0.2274  -1.0000  -1.0000  +1.0000
    671    107210   158  +10.063    1498      8     84  +0.2335  -1.0000  -0.8053  +1.0000
    672    107368   158  +11.014    1690      9     90  +0.2215  -1.0000  -1.0000  +1.0000
    673    107525   157  +11.066    1703      7     78  +0.2596  -1.0000  -0.3414  +1.0000
    674    107687   162  +10.945    1482     11     73  +0.2272  -1.0000  -0.8408  +1.0000
    675    107847   160  +10.989    1028      9     86  +0.2213  -1.0000  -1.0000  +1.0000
    676    108011   164   +9.618    1345     10     84  +0.2196  -1.0000  -1.0000  +1.0000
    677    108170   159  +11.720    1407      8     85  +0.2234  -1.0000  -1.0000  +1.0000
    678    108333   163  +11.285    1490     10     99  +0.2215  -1.0000  -0.9381  +1.0000
    679    108495   162  +10.783    1216      8     76  +0.2263  -1.0000  -0.9551  +1.0000
    680    108651   156  +10.731     994      6     82  +0.2276  -1.0000  -1.0000  +1.0000
    681    108807   156  +11.191    1731     10     73  +0.2267  -1.0000  -0.9094  +1.0000
    682    108971   164  +10.037    1134     14     79  +0.2144  -1.0000  -1.0000  +1.0000
    683    109130   159  +12.026    1609     12     88  +0.2438  -1.0000  -0.4351  +1.0000
    684    109290   160  +10.355    1085      8     78  +0.2244  -1.0000  -1.0000  +1.0000
    685    109452   162  +10.410     892     12     91  +0.1850  -1.0000  -1.0000  +0.9374
    686    109608   156   +9.819    1049      6     80  +0.2278  -1.0000  -1.0000  +1.0000
    687    109760   152  +11.983    1866      9     84  +0.2490  -1.0000  -0.4377  +1.0000
    688    109917   157  +10.222    1038      8     88  +0.2218  -1.0000  -1.0000  +1.0000
    689    110076   159  +10.710    1346     10     88  +0.2241  -1.0000  -0.9035  +1.0000
    690    110237   161  +10.986    1467     10     92  +0.2185  -1.0000  -1.0000  +1.0000
    691    110396   159   +9.900    1864      7     78  +0.2525  -1.0000  -0.4685  +1.0000
    692    110553   157  +11.599    1663      3     83  +0.2435  -1.0000  -0.7887  +1.0000
    693    110709   156  +11.430    1603      9     83  +0.2363  -1.0000  -0.7154  +1.0000
    694    110869   160  +13.163    2090      7     88  +0.2340  -1.0000  -0.8134  +1.0000
    695    111029   160   +7.507     801     11     87  +0.1126  -1.0000  -1.0000  +0.7904
    696    111188   159  +14.252    1605      8     95  +0.2227  -1.0000  -1.0000  +1.0000
    697    111351   163   +8.887    1410      8     68  +0.2331  -1.0000  -0.8638  +1.0000
    698    111512   161  +11.095    1138      6     81  +0.2268  -1.0000  -1.0000  +1.0000
    699    111680   168  +10.869    1368      9     93  +0.2282  -1.0000  -0.8540  +1.0000
    700    111838   158  +11.842    1760      7     85  +0.2255  -1.0000  -1.0000  +1.0000

  ── rolling mean (last 100 ep) ──  cum_R=+10.495  yield=1374 kg/ha  N=9  W=81 mm  R_seas=+0.2094  R_ane=+0.9638

    701    111998   160  +10.975    1298      9     89  +0.2252  -1.0000  -0.9064  +1.0000
    702    112159   161  +10.255    1359      8     79  +0.2264  -1.0000  -0.9511  +1.0000
    703    112319   160  +11.116    1193      8     75  +0.2251  -1.0000  -1.0000  +1.0000
    704    112481   162  +11.410    1320     12     80  +0.2175  -1.0000  -1.0000  +1.0000
    705    112637   156   +9.941    1448     10     71  +0.2410  -1.0000  -0.6202  +1.0000
    706    112792   155  +10.600    1288      5     88  +0.2287  -1.0000  -1.0000  +1.0000
    707    112959   167   +9.310    1337     13     71  +0.2213  -1.0000  -0.9049  +1.0000
    708    113122   163  +10.357    1478      7     75  +0.2268  -1.0000  -1.0000  +1.0000
    709    113280   158   +9.345    1323     13     79  +0.2277  -1.0000  -0.7637  +1.0000
    710    113444   164  +10.392    1610      9     96  +0.2233  -1.0000  -0.9230  +1.0000
    711    113610   166  +10.644     960     10     87  +0.2201  -1.0000  -1.0000  +1.0000
    712    113769   159  +10.361    1507     11     81  +0.2182  -1.0000  -1.0000  +1.0000
    713    113928   159  +10.098    1852     14     67  +0.2314  -1.0000  -0.6946  +1.0000
    714    114084   156  +10.908    1769      5     75  +0.2442  -1.0000  -0.7032  +1.0000
    715    114239   155  +10.567    1010      5     82  +0.2295  -1.0000  -1.0000  +1.0000
    716    114395   156  +11.319    1204     11     87  +0.2183  -1.0000  -1.0000  +1.0000
    717    114550   155  +13.135    2163      7     85  +0.2464  -1.0000  -0.5842  +1.0000
    718    114702   152  +11.836     950      8     78  +0.2252  -1.0000  -1.0000  +1.0000
    719    114866   164  +12.157    1428      6     87  +0.2266  -1.0000  -0.9768  +1.0000
    720    115027   161  +10.398    1491      9     75  +0.2349  -1.0000  -0.7721  +1.0000
    721    115186   159  +10.906     996      6     73  +0.2279  -1.0000  -1.0000  +1.0000
    722    115345   159  +10.627    1719     10     87  +0.2326  -1.0000  -0.7330  +1.0000
    723    115501   156  +11.370    1459      7     76  +0.2333  -1.0000  -0.8472  +1.0000
    724    115660   159  +10.030     746      7     74  +0.2268  -1.0000  -1.0000  +1.0000
    725    115818   158   +9.896    1243      4     78  +0.2312  -1.0000  -1.0000  +1.0000
    726    115980   162  +12.154    1668      7     86  +0.2298  -1.0000  -0.9129  +1.0000
    727    116143   163  +10.816    1233     11     76  +0.2198  -1.0000  -1.0000  +1.0000
    728    116303   160   +9.596    1454     10     76  +0.2270  -1.0000  -0.8975  +1.0000
    729    116459   156   +9.302    1587      7     72  +0.2323  -1.0000  -0.9086  +1.0000
    730    116615   156  +11.131    1341      8     85  +0.2295  -1.0000  -0.8669  +1.0000
    731    116776   161  +10.525    1514      8     80  +0.2234  -1.0000  -1.0000  +1.0000
    732    116930   154   +9.677    1127     11     88  +0.2177  -1.0000  -1.0000  +1.0000
    733    117091   161  +12.742    1563      7     88  +0.2321  -1.0000  -0.8527  +1.0000
    734    117253   162  +11.319    1128     10     92  +0.2190  -1.0000  -1.0000  +1.0000
    735    117417   164  +12.831    1836     10     90  +0.2198  -1.0000  -1.0000  +1.0000
    736    117578   161  +10.339     531      4     73  +0.2318  -1.0000  -1.0000  +1.0000
    737    117737   159  +10.407    1136     12     80  +0.2177  -1.0000  -1.0000  +1.0000
    738    117895   158  +11.203    1227     11     78  +0.2187  -1.0000  -1.0000  +1.0000
    739    118061   166  +11.030     883      7     80  +0.2254  -1.0000  -1.0000  +1.0000
    740    118216   155  +11.479    1122      7     80  +0.2250  -1.0000  -1.0000  +1.0000
    741    118376   160  +11.075    1709      6     79  +0.2448  -1.0000  -0.6653  +1.0000
    742    118537   161  +10.202    1864      9     77  +0.2435  -1.0000  -0.5841  +1.0000
    743    118691   154  +10.193    1226      8     92  +0.2218  -1.0000  -1.0000  +1.0000
    744    118853   162   +9.652    1281     14     78  +0.2154  -1.0000  -0.9551  +1.0000
    745    119018   165  +10.291    1569     13     92  +0.2128  -1.0000  -1.0000  +1.0000
    746    119183   165  +10.672    1881      9     93  +0.2337  -1.0000  -0.7449  +1.0000
    747    119342   159  +10.392     922      7     82  +0.2261  -1.0000  -1.0000  +1.0000
    748    119503   161   +9.830     912      6     70  +0.2298  -1.0000  -1.0000  +1.0000
    749    119663   160  +10.609    1266      6     82  +0.2278  -1.0000  -1.0000  +1.0000
    750    119820   157  +10.586    1412      8     78  +0.2451  -1.0000  -0.5744  +1.0000
    751    119982   162  +11.745    1894     10     89  +0.2317  -1.0000  -0.7622  +1.0000
    752    120143   161  +11.380    1560      8     68  +0.2260  -1.0000  -0.9857  +1.0000
    753    120295   152  +10.085    1108      6     82  +0.2275  -1.0000  -1.0000  +1.0000
    754    120452   157  +11.500    1806      6     80  +0.2270  -1.0000  -1.0000  +1.0000
    755    120607   155  +10.640    1465      8     79  +0.2238  -1.0000  -1.0000  +1.0000
    756    120766   159  +10.248    1644      8     76  +0.2274  -1.0000  -0.9383  +1.0000
    757    120922   156  +10.624    1361      7     85  +0.2295  -1.0000  -0.9078  +1.0000
    758    121084   162   +9.552    1019      6     77  +0.2271  -1.0000  -1.0000  +1.0000
    759    121245   161  +10.769    1587      6     74  +0.2424  -1.0000  -0.7170  +1.0000
    760    121404   159  +10.703     820      4     83  +0.2309  -1.0000  -1.0000  +1.0000
    761    121574   170  +10.548    1311      5     87  +0.2389  -1.0000  -0.7738  +1.0000
    762    121734   160  +10.793    1772      7     77  +0.2325  -1.0000  -0.8832  +1.0000
    763    121890   156  +11.724    1222      9     78  +0.2232  -1.0000  -1.0000  +1.0000
    764    122049   159  +11.849    1095      6     93  +0.2253  -1.0000  -1.0000  +1.0000
    765    122212   163   +5.324     712     13     83  -0.0863  -1.0000  -1.0000  +0.3969
    766    122369   157  +12.481    1885      6     91  +0.2404  -1.0000  -0.6977  +1.0000
    767    122525   156  +10.587    1285      8     78  +0.2251  -1.0000  -1.0000  +1.0000
    768    122684   159  +12.137    1228      7     88  +0.2292  -1.0000  -0.8918  +1.0000
    769    122846   162  +11.771    1676      8     96  +0.2303  -1.0000  -0.8369  +1.0000
    770    123001   155  +10.722     874      6     87  +0.2267  -1.0000  -1.0000  +1.0000
    771    123159   158  +10.388    1216      5     88  +0.2281  -1.0000  -1.0000  +1.0000
    772    123320   161  +10.785    1246      6     82  +0.2275  -1.0000  -1.0000  +1.0000
    773    123486   166   +9.886    1022      8     65  +0.2255  -1.0000  -1.0000  +1.0000
    774    123643   157   +9.232    1423      6     70  +0.2360  -1.0000  -0.8731  +1.0000
    775    123798   155  +10.596    1403      4     72  +0.2321  -1.0000  -1.0000  +1.0000
    776    123963   165  +14.094    2381      9     91  +0.2457  -1.0000  -0.4882  +1.0000
    777    124121   158  +13.030    1154      6    104  +0.2248  -1.0000  -1.0000  +1.0000
    778    124275   154  +10.497    1564      5     80  +0.2288  -1.0000  -1.0000  +1.0000
    779    124424   149  +10.605    1146      4     85  +0.2306  -1.0000  -1.0000  +1.0000
    780    124590   166  +10.176    1829      7     74  +0.2411  -1.0000  -0.7035  +1.0000
    781    124748   158  +10.531    1387      5     91  +0.2274  -1.0000  -1.0000  +1.0000
    782    124907   159   +8.624     961      6     65  +0.2300  -1.0000  -1.0000  +1.0000
    783    125061   154   +9.836    1410     12     66  +0.2208  -1.0000  -0.9766  +1.0000
    784    125223   162  +10.696    1574      5     78  +0.2383  -1.0000  -0.8413  +1.0000
    785    125382   159  +11.589     646      8     74  +0.2248  -1.0000  -1.0000  +1.0000
    786    125538   156  +11.390    1779      8     76  +0.2479  -1.0000  -0.5157  +1.0000
    787    125697   159  +10.584    1504      9     83  +0.2220  -1.0000  -1.0000  +1.0000
    788    125864   167  +11.443    1137      9     68  +0.2243  -1.0000  -1.0000  +1.0000
    789    126023   159   +9.902    1512      7     80  +0.2263  -1.0000  -0.9929  +1.0000
    790    126185   162  +11.039    1701      7     83  +0.2340  -1.0000  -0.8228  +1.0000
    791    126344   159  +12.958    1569      4     81  +0.2302  -1.0000  -1.0000  +1.0000
    792    126510   166   +9.370    1111      9     71  +0.2233  -1.0000  -1.0000  +1.0000
    793    126666   156  +10.188    1167      7     67  +0.2282  -1.0000  -1.0000  +1.0000
    794    126832   166   +9.927     732      7     79  +0.2254  -1.0000  -1.0000  +1.0000
    795    126986   154  +11.892    1062      5     81  +0.2291  -1.0000  -1.0000  +1.0000
    796    127143   157   +9.818    1634      9     76  +0.2234  -1.0000  -1.0000  +1.0000
    797    127309   166  +10.614    1490      6     68  +0.2354  -1.0000  -0.8901  +1.0000
    798    127471   162  +11.969    1184      6    101  +0.2234  -1.0000  -1.0000  +1.0000
    799    127635   164  +11.061    1296      6     86  +0.2271  -1.0000  -1.0000  +1.0000
    800    127793   158  +11.997    1278     11     95  +0.2163  -1.0000  -1.0000  +1.0000

  ── rolling mean (last 100 ep) ──  cum_R=+10.759  yield=1354 kg/ha  N=8  W=81 mm  R_seas=+0.2254  R_ane=+0.9940

    801    127957   164  +10.399    1506      6     81  +0.2328  -1.0000  -0.9086  +1.0000
    802    128120   163  +10.521    1097      6     75  +0.2285  -1.0000  -1.0000  +1.0000
    803    128281   161  +11.374    1538      7     69  +0.2349  -1.0000  -0.8554  +1.0000
    804    128442   161  +10.221    1634      9     73  +0.2233  -1.0000  -1.0000  +1.0000
    805    128604   162  +13.697    1748      7     98  +0.2269  -1.0000  -0.9380  +1.0000
    806    128761   157   +9.794    1245      7     70  +0.2281  -1.0000  -0.9729  +1.0000
    807    128924   163  +12.179    1214      8     92  +0.2214  -1.0000  -1.0000  +1.0000
    808    129088   164  +10.284     969      9     77  +0.2221  -1.0000  -1.0000  +1.0000
    809    129244   156  +10.485    1336     11     96  +0.2203  -1.0000  -0.9072  +1.0000
    810    129402   158   +9.977    1475     10     73  +0.2212  -1.0000  -0.9910  +1.0000
    811    129555   153   +9.486    1152      4     72  +0.2328  -1.0000  -1.0000  +1.0000
    812    129713   158  +10.272     877      4     89  +0.2288  -1.0000  -1.0000  +1.0000
    813    129867   154  +12.215    1671      5     79  +0.2416  -1.0000  -0.7476  +1.0000
    814    130032   165  +12.045    1564     10     84  +0.2207  -1.0000  -1.0000  +1.0000
    815    130191   159  +11.541    1186      7     90  +0.2250  -1.0000  -1.0000  +1.0000
    816    130350   159  +10.706    1147      6     86  +0.2269  -1.0000  -1.0000  +1.0000
    817    130508   158  +10.390     930      7     75  +0.2271  -1.0000  -1.0000  +1.0000
    818    130671   163  +13.060    1563      5     83  +0.2324  -1.0000  -0.9270  +1.0000
    819    130835   164  +10.622    1221      6     76  +0.2282  -1.0000  -1.0000  +1.0000
    820    130999   164  +11.423    1745      6     94  +0.2462  -1.0000  -0.5683  +1.0000
    821    131158   159  +10.555    1269      6     86  +0.2267  -1.0000  -1.0000  +1.0000
    822    131319   161  +10.384    1279     12     87  +0.2169  -1.0000  -1.0000  +1.0000
    823    131476   157   +9.647    1057     10     70  +0.2219  -1.0000  -1.0000  +1.0000
    824    131633   157  +10.737    1390      4     86  +0.2306  -1.0000  -1.0000  +1.0000
    825    131794   161  +10.427    1144      6     68  +0.2294  -1.0000  -1.0000  +1.0000
    826    131950   156  +10.788    1049      7     86  +0.2244  -1.0000  -1.0000  +1.0000
    827    132112   162  +11.604    1018     11    108  +0.2149  -1.0000  -1.0000  +1.0000
    828    132269   157   +9.596     986      4     66  +0.2334  -1.0000  -1.0000  +1.0000
    829    132430   161   +9.737    1259     12     79  +0.2176  -1.0000  -1.0000  +1.0000
    830    132593   163  +11.131    1085      4     82  +0.2307  -1.0000  -1.0000  +1.0000
    831    132752   159  +10.983    1346      8     94  +0.2227  -1.0000  -0.9998  +1.0000
    832    132917   165   +9.885    1158      6     65  +0.2297  -1.0000  -1.0000  +1.0000
    833    133081   164  +11.172    1623      9     82  +0.2381  -1.0000  -0.6634  +1.0000
    834    133241   160  +10.198    1211      6     83  +0.2346  -1.0000  -0.8517  +1.0000
    835    133401   160  +10.965    1260      5     83  +0.2409  -1.0000  -0.7508  +1.0000
    836    133557   156  +11.395    1838      7     84  +0.2424  -1.0000  -0.6555  +1.0000
    837    133711   154  +11.211    1753      7     86  +0.2455  -1.0000  -0.5755  +1.0000
    838    133872   161  +10.021    1403      9     66  +0.2245  -1.0000  -1.0000  +1.0000
    839    134032   160  +10.510    1707     12     75  +0.2286  -1.0000  -0.7775  +1.0000
    840    134187   155  +11.269    1167      9    101  +0.2190  -1.0000  -1.0000  +1.0000
    841    134345   158  +10.858    1001      8     91  +0.2220  -1.0000  -1.0000  +1.0000
    842    134506   161   +9.932    1302      6     62  +0.2306  -1.0000  -1.0000  +1.0000
    843    134664   158   +9.344     986      8     77  +0.2240  -1.0000  -1.0000  +1.0000
    844    134823   159  +10.140    1134      5     82  +0.2288  -1.0000  -1.0000  +1.0000
    845    134986   163  +13.514    1610     12    127  +0.2138  -1.0000  -0.9102  +1.0000
    846    135137   151  +10.467     958     10     96  +0.2174  -1.0000  -1.0000  +1.0000
    847    135295   158  +10.355    1249      5     84  +0.2279  -1.0000  -1.0000  +1.0000
    848    135460   165  +11.785    1419      9     90  +0.2214  -1.0000  -1.0000  +1.0000
    849    135624   164   +9.911     968      9     83  +0.2224  -1.0000  -1.0000  +1.0000
    850    135788   164  +11.100    1191      8     92  +0.2222  -1.0000  -1.0000  +1.0000
    851    135944   156  +10.901    1595      4     81  +0.2342  -1.0000  -0.9257  +1.0000
    852    136101   157  +10.954    1127      8    110  +0.2189  -1.0000  -1.0000  +1.0000
    853    136265   164  +10.911    1394     10     76  +0.2268  -1.0000  -0.8826  +1.0000
    854    136429   164  +11.169    1324      8     74  +0.2291  -1.0000  -0.9282  +1.0000
    855    136592   163   +9.923    1260     14     87  +0.2134  -1.0000  -1.0000  +1.0000
    856    136752   160  +13.494    2283     11    115  +0.2381  -1.0000  -0.5083  +1.0000
    857    136914   162  +10.826    1274      8     99  +0.2211  -1.0000  -1.0000  +1.0000
    858    137081   167  +10.686    1086      6     95  +0.2250  -1.0000  -1.0000  +1.0000
    859    137241   160  +10.143    1788     14     82  +0.2269  -1.0000  -0.7355  +1.0000
    860    137405   164  +12.234    2067      6     93  +0.2444  -1.0000  -0.6118  +1.0000
    861    137566   161  +10.606    1107      7     87  +0.2246  -1.0000  -1.0000  +1.0000
    862    137724   158   +9.859    1701      8     66  +0.2370  -1.0000  -0.7649  +1.0000
    863    137883   159   +9.773    1269      7     72  +0.2298  -1.0000  -0.9584  +1.0000
    864    138043   160  +10.430    1140      8     86  +0.2233  -1.0000  -1.0000  +1.0000
    865    138199   156   +9.675    1235      8     79  +0.2248  -1.0000  -1.0000  +1.0000
    866    138360   161  +12.924    1411      6     87  +0.2258  -1.0000  -1.0000  +1.0000
    867    138522   162  +10.263    1242      9     87  +0.2214  -1.0000  -1.0000  +1.0000
    868    138673   151   +9.702    1307      8     87  +0.2237  -1.0000  -1.0000  +1.0000
    869    138840   167  +10.542    1315      8     75  +0.2324  -1.0000  -0.8557  +1.0000
    870    139000   160  +11.093    1221      7     88  +0.2240  -1.0000  -1.0000  +1.0000
    871    139158   158  +10.489    1582      5     76  +0.2315  -1.0000  -0.9529  +1.0000
    872    139315   157  +11.252    1542      8     74  +0.2252  -1.0000  -1.0000  +1.0000
    873    139478   163  +10.501    1287      6     83  +0.2275  -1.0000  -1.0000  +1.0000
    874    139638   160   +9.307    1216     11     77  +0.2193  -1.0000  -1.0000  +1.0000
    875    139797   159  +11.276    1216      5     86  +0.2278  -1.0000  -1.0000  +1.0000
    876    139956   159  +10.535     902      4     76  +0.2309  -1.0000  -1.0000  +1.0000
    877    140121   165   +9.702    1210      5     67  +0.2315  -1.0000  -1.0000  +1.0000
    878    140283   162  +11.481     988      6     92  +0.2247  -1.0000  -1.0000  +1.0000
    879    140444   161  +12.143     968      7     92  +0.2243  -1.0000  -1.0000  +1.0000
    880    140599   155  +11.100    1108      5     87  +0.2277  -1.0000  -1.0000  +1.0000
    881    140763   164  +11.402    1337      8     92  +0.2228  -1.0000  -1.0000  +1.0000
    882    140922   159  +11.559    1397     10     94  +0.2188  -1.0000  -1.0000  +1.0000
    883    141083   161   +9.118    1271      8     68  +0.2272  -1.0000  -0.9558  +1.0000
    884    141244   161   +9.950    1166      6     73  +0.2293  -1.0000  -0.9673  +1.0000
    885    141403   159  +10.859    1300      8     92  +0.2220  -1.0000  -1.0000  +1.0000
    886    141562   159   +9.515     979      8     61  +0.2276  -1.0000  -1.0000  +1.0000
    887    141724   162  +11.008    1235     11     88  +0.2174  -1.0000  -1.0000  +1.0000
    888    141881   157  +10.418    1120      7     80  +0.2264  -1.0000  -1.0000  +1.0000
    889    142044   163  +10.431     863     10     89  +0.2199  -1.0000  -1.0000  +1.0000
    890    142208   164  +10.363    1128      7     82  +0.2260  -1.0000  -1.0000  +1.0000
    891    142363   155  +11.300    1234      2     81  +0.2336  -1.0000  -1.0000  +1.0000
    892    142526   163  +11.621    1480     10     94  +0.2185  -1.0000  -1.0000  +1.0000
    893    142687   161  +11.367    1127     11     77  +0.2191  -1.0000  -1.0000  +1.0000
    894    142844   157   +9.790     918      8     75  +0.2257  -1.0000  -1.0000  +1.0000
    895    143001   157  +10.790    1640     10     74  +0.2312  -1.0000  -0.8128  +1.0000
    896    143162   161  +13.652    1934      9    107  +0.2232  -1.0000  -0.8996  +1.0000
    897    143320   158  +10.228     972      6     73  +0.2292  -1.0000  -1.0000  +1.0000
    898    143481   161  +11.169    1433      6     85  +0.2312  -1.0000  -0.9072  +1.0000
    899    143643   162  +12.133    1671     13    120  +0.2089  -1.0000  -1.0000  +1.0000
    900    143798   155  +10.778    1777      6     69  +0.2388  -1.0000  -0.8081  +1.0000

  ── rolling mean (last 100 ep) ──  cum_R=+10.817  yield=1308 kg/ha  N=8  W=84 mm  R_seas=+0.2268  R_ane=+1.0000

    901    143961   163   +9.449    1466      6     67  +0.2327  -1.0000  -0.9201  +1.0000
    902    144124   163  +10.530    1699     10     78  +0.2230  -1.0000  -0.9532  +1.0000
    903    144288   164   +6.224    1010     15     88  +0.0474  -1.0000  -1.0000  +0.6740
    904    144445   157  +10.535    1330      8     87  +0.2226  -1.0000  -1.0000  +1.0000
    905    144609   164  +11.231     895     12    104  +0.1748  -1.0000  -1.0000  +0.9218
    906    144767   158  +10.841    1244      5     96  +0.2267  -1.0000  -1.0000  +1.0000
    907    144926   159  +10.931    1655     12     77  +0.2184  -1.0000  -1.0000  +1.0000
    908    145086   160  +10.224    1135      8     86  +0.2235  -1.0000  -1.0000  +1.0000
    909    145258   172   +9.929    1528      5     64  +0.2314  -1.0000  -0.9987  +1.0000
    910    145419   161  +10.987    1365     11     86  +0.2253  -1.0000  -0.8545  +1.0000
    911    145575   156   +9.504     673      8     72  +0.2254  -1.0000  -1.0000  +1.0000
    912    145736   161  +10.287    1229      9     82  +0.2250  -1.0000  -0.9479  +1.0000
    913    145895   159  +11.443    1158      5     74  +0.2302  -1.0000  -1.0000  +1.0000
    914    146064   169   +9.718    1515     12     56  +0.2272  -1.0000  -0.8641  +1.0000
    915    146223   159  +12.150    2000      8     98  +0.2488  -1.0000  -0.4398  +1.0000
    916    146381   158   +9.775    1230      6     79  +0.2269  -1.0000  -1.0000  +1.0000
    917    146545   164  +10.563    1442      8     91  +0.2223  -1.0000  -1.0000  +1.0000
    918    146701   156  +11.605    1113      3     97  +0.2298  -1.0000  -1.0000  +1.0000
    919    146860   159   +9.626    1074      8     78  +0.2248  -1.0000  -1.0000  +1.0000
    920    147018   158   +8.946    1087      6     68  +0.2291  -1.0000  -1.0000  +1.0000
    921    147170   152   +9.130    1603      8     73  +0.2299  -1.0000  -0.8916  +1.0000
    922    147325   155   +9.950     797      5     99  +0.2259  -1.0000  -1.0000  +1.0000
    923    147488   163  +11.082    1663      7     78  +0.2265  -1.0000  -1.0000  +1.0000
    924    147654   166  +10.946    1659      6    100  +0.2332  -1.0000  -0.8162  +1.0000
    925    147810   156  +10.747    1435     10     94  +0.2180  -1.0000  -1.0000  +1.0000
    926    147967   157  +11.028    1489      6     76  +0.2302  -1.0000  -0.9630  +1.0000
    927    148119   152   +9.769    1493      7     78  +0.2265  -1.0000  -1.0000  +1.0000
    928    148278   159  +10.891    1196      7    100  +0.2232  -1.0000  -1.0000  +1.0000
    929    148435   157   +9.597    1016      6     81  +0.2301  -1.0000  -0.9354  +1.0000
    930    148598   163  +10.875    1909     10    103  +0.2303  -1.0000  -0.7380  +1.0000
    931    148753   155   +9.515    1266      6     73  +0.2283  -1.0000  -0.9959  +1.0000
    932    148908   155  +12.089    1593      7    107  +0.2237  -1.0000  -0.9649  +1.0000
    933    149070   162  +11.674    1252      8     87  +0.2220  -1.0000  -1.0000  +1.0000
    934    149226   156  +10.252    1227      4     73  +0.2324  -1.0000  -1.0000  +1.0000
    935    149388   162   +9.874    1258      9     98  +0.2189  -1.0000  -1.0000  +1.0000
    936    149539   151  +10.141    1197      7     86  +0.2284  -1.0000  -0.9392  +1.0000
    937    149696   157  +12.143    1463      4    119  +0.2264  -1.0000  -0.9618  +1.0000
    938    149855   159  +10.396    1192      8     94  +0.2211  -1.0000  -1.0000  +1.0000
    939    150009   154   +9.184    1051      8     68  +0.2249  -1.0000  -1.0000  +1.0000
    940    150171   162  +11.991    1281      5     98  +0.2271  -1.0000  -1.0000  +1.0000
    941    150334   163  +12.876    1718      8    124  +0.2189  -1.0000  -0.9697  +1.0000
    942    150499   165  +12.687    1842      6     90  +0.2380  -1.0000  -0.7776  +1.0000
    943    150656   157   +9.722    1200      5     74  +0.2302  -1.0000  -1.0000  +1.0000
    944    150816   160  +12.014    1481     11     96  +0.2333  -1.0000  -0.6716  +1.0000
    945    150975   159  +10.261    1651      6     75  +0.2328  -1.0000  -0.9192  +1.0000
    946    151133   158  +10.187     776      6     92  +0.2259  -1.0000  -1.0000  +1.0000
    947    151292   159  +11.422     953      6    110  +0.2231  -1.0000  -1.0000  +1.0000
    948    151442   150  +10.371     955      4     89  +0.2299  -1.0000  -1.0000  +1.0000
    949    151606   164  +10.621    1623      6     84  +0.2417  -1.0000  -0.7078  +1.0000
    950    151765   159  +10.657    1415     10     92  +0.2191  -1.0000  -1.0000  +1.0000
    951    151925   160  +10.137    1084      9     99  +0.2201  -1.0000  -1.0000  +1.0000
    952    152089   164  +10.463    1472     11    107  +0.2172  -1.0000  -0.9568  +1.0000
    953    152245   156  +11.104    1657      5    108  +0.2250  -1.0000  -0.9917  +1.0000
    954    152405   160  +10.840    1040      7     99  +0.2232  -1.0000  -1.0000  +1.0000
    955    152566   161  +11.939    1830      5    108  +0.2298  -1.0000  -0.9018  +1.0000
    956    152723   157  +10.019    1077      6     93  +0.2248  -1.0000  -1.0000  +1.0000
    957    152884   161  +10.534     898      5    103  +0.2258  -1.0000  -1.0000  +1.0000
    958    153043   159  +10.699    1880      8     91  +0.2227  -1.0000  -0.9837  +1.0000
    959    153202   159  +10.157     887      6    106  +0.2244  -1.0000  -1.0000  +1.0000
    960    153361   159  +10.106    1238      9     92  +0.2231  -1.0000  -0.9477  +1.0000
    961    153521   160  +11.565    1093      7    104  +0.2220  -1.0000  -1.0000  +1.0000
    962    153687   166  +11.330    1596     10     94  +0.2241  -1.0000  -0.8987  +1.0000
    963    153847   160  +12.203    1440      5    121  +0.2234  -1.0000  -1.0000  +1.0000
    964    154010   163  +12.442    1351      7    115  +0.2203  -1.0000  -1.0000  +1.0000
    965    154172   162  +11.199     909      9    111  +0.2178  -1.0000  -1.0000  +1.0000
    966    154339   167  +10.677    1047      6     86  +0.2260  -1.0000  -1.0000  +1.0000
    967    154502   163  +10.527    1361     12    104  +0.2140  -1.0000  -1.0000  +1.0000
    968    154667   165  +10.660    1694     10     92  +0.2266  -1.0000  -0.8378  +1.0000
    969    154832   165   +9.156    1296      6     74  +0.2284  -1.0000  -1.0000  +1.0000
    970    154991   159  +11.263    1834      7    104  +0.2435  -1.0000  -0.5873  +1.0000
    971    155150   159  +10.784    1439      5     89  +0.2297  -1.0000  -0.9736  +1.0000
    972    155312   162  +10.929    1504      9    110  +0.2183  -1.0000  -1.0000  +1.0000
    973    155469   157  +10.327    1288      6     91  +0.2263  -1.0000  -1.0000  +1.0000
    974    155632   163  +13.224    1624      7    137  +0.2176  -1.0000  -1.0000  +1.0000
    975    155791   159   +9.662    1042      6     94  +0.2249  -1.0000  -1.0000  +1.0000
    976    155961   170   +9.882    1281      8     94  +0.2222  -1.0000  -1.0000  +1.0000
    977    156124   163  +11.202    1408      9    112  +0.2170  -1.0000  -1.0000  +1.0000
    978    156282   158  +11.714    1902     10    102  +0.2244  -1.0000  -0.8656  +1.0000
    979    156435   153   +9.971    1477      6     94  +0.2254  -1.0000  -1.0000  +1.0000
    980    156590   155  +10.841    1761     10    116  +0.2291  -1.0000  -0.7033  +1.0000
    981    156750   160  +10.214    1159     12    107  +0.2122  -1.0000  -1.0000  +1.0000
    982    156908   158  +12.085    1340      6    107  +0.2246  -1.0000  -0.9704  +1.0000
    983    157073   165  +12.173    1296     10    123  +0.2140  -1.0000  -1.0000  +1.0000
    984    157232   159   +9.879    1266     10     97  +0.2179  -1.0000  -0.9870  +1.0000
    985    157388   156   +9.878    1198      7     91  +0.2243  -1.0000  -1.0000  +1.0000
    986    157549   161  +10.733    1287      7    118  +0.2206  -1.0000  -1.0000  +1.0000
    987    157711   162   +9.769    1270      8     98  +0.2222  -1.0000  -1.0000  +1.0000
    988    157869   158  +11.637    2114      8    103  +0.2355  -1.0000  -0.6892  +1.0000
    989    158024   155  +11.624    1044      9    126  +0.2149  -1.0000  -1.0000  +1.0000
    990    158186   162  +12.013    1606      6    124  +0.2276  -1.0000  -0.8771  +1.0000
    991    158340   154   +8.784    1078      7     81  +0.2264  -1.0000  -1.0000  +1.0000
    992    158505   165  +10.328    1205      6    113  +0.2228  -1.0000  -1.0000  +1.0000
    993    158662   157  +10.517    1150      8    111  +0.2200  -1.0000  -1.0000  +1.0000
    994    158820   158  +11.937    1216      9    125  +0.2157  -1.0000  -1.0000  +1.0000
    995    158977   157  +10.628    1234      5    111  +0.2245  -1.0000  -1.0000  +1.0000
    996    159134   157  +10.453    1362      9    100  +0.2252  -1.0000  -0.8819  +1.0000
    997    159297   163  +11.518    1239      4    110  +0.2262  -1.0000  -1.0000  +1.0000
    998    159450   153  +13.497    1733      6    136  +0.2193  -1.0000  -1.0000  +1.0000
    999    159603   153  +10.555    1291      8    105  +0.2264  -1.0000  -0.8864  +1.0000
   1000    159761   158  +10.282    1311     10     96  +0.2179  -1.0000  -1.0000  +1.0000

  ── rolling mean (last 100 ep) ──  cum_R=+10.707  yield=1343 kg/ha  N=8  W=96 mm  R_seas=+0.2229  R_ane=+0.9960

   1001    159923   162  +10.794    1373      5     94  +0.2268  -1.0000  -1.0000  +1.0000
   1002    160080   157  +11.612    2052      6    104  +0.2389  -1.0000  -0.6896  +1.0000
   1003    160243   163  +10.962    1075      4     96  +0.2285  -1.0000  -1.0000  +1.0000
   1004    160402   159  +11.037    1481      8    107  +0.2204  -1.0000  -1.0000  +1.0000
   1005    160559   157  +10.740    1141      6     92  +0.2256  -1.0000  -1.0000  +1.0000
   1006    160723   164  +12.339    1940      8    113  +0.2223  -1.0000  -0.9429  +1.0000
   1007    160886   163  +11.513    1072      5     96  +0.2263  -1.0000  -1.0000  +1.0000
   1008    161040   154  +11.196    1215     10    123  +0.2149  -1.0000  -1.0000  +1.0000
   1009    161198   158  +10.728    1218      6     92  +0.2248  -1.0000  -1.0000  +1.0000
   1010    161358   160   +9.892    1378      6     94  +0.2311  -1.0000  -0.8799  +1.0000
   1011    161521   163  +13.511    2156      7    106  +0.2389  -1.0000  -0.6660  +1.0000
   1012    161682   161  +10.369    1339      8     90  +0.2219  -1.0000  -1.0000  +1.0000
   1013    161841   159  +12.520    1657     10    113  +0.2152  -1.0000  -1.0000  +1.0000
   1014    162000   159   +9.773    1525      9     66  +0.2422  -1.0000  -0.6433  +1.0000
   1015    162163   163  +11.977    1042      8    125  +0.2179  -1.0000  -1.0000  +1.0000
   1016    162320   157  +11.016    1696     10    115  +0.2203  -1.0000  -0.8940  +1.0000
   1017    162479   159   +9.790    1610      7     90  +0.2270  -1.0000  -0.9571  +1.0000
   1018    162639   160  +11.469    1853      9    107  +0.2293  -1.0000  -0.7813  +1.0000
   1019    162802   163   +9.554     984      6     76  +0.2281  -1.0000  -1.0000  +1.0000
   1020    162961   159  +11.805    1533      7    108  +0.2223  -1.0000  -1.0000  +1.0000
   1021    163123   162  +10.928    1683     12    128  +0.2109  -1.0000  -0.9664  +1.0000
   1022    163284   161   +9.081    1170      7     92  +0.2235  -1.0000  -1.0000  +1.0000
   1023    163445   161  +10.935    1611     10    111  +0.2157  -1.0000  -1.0000  +1.0000
   1024    163613   168  +11.214    2071     12    105  +0.2369  -1.0000  -0.5425  +1.0000
   1025    163767   154  +10.428     899      6     98  +0.2246  -1.0000  -1.0000  +1.0000
   1026    163933   166  +13.754    2425      8    136  +0.2397  -1.0000  -0.5329  +1.0000
   1027    164095   162  +10.226    1285     14    101  +0.2241  -1.0000  -0.7406  +1.0000
   1028    164257   162  +10.428    1649     12    104  +0.2134  -1.0000  -1.0000  +1.0000
   1029    164413   156   +9.892    1193      7     96  +0.2232  -1.0000  -1.0000  +1.0000
   1030    164578   165  +10.457    1002      7    117  +0.2207  -1.0000  -1.0000  +1.0000
   1031    164744   166  +11.812    1959     12    125  +0.2190  -1.0000  -0.8279  +1.0000
   1032    164906   162  +10.106    1218      8     98  +0.2223  -1.0000  -1.0000  +1.0000
   1033    165058   152  +10.630    1363      7    113  +0.2205  -1.0000  -1.0000  +1.0000
   1034    165217   159   +9.719    1144     10    101  +0.2170  -1.0000  -1.0000  +1.0000
   1035    165380   163   +9.406    1359     13     95  +0.2133  -1.0000  -1.0000  +1.0000
   1036    165539   159  +10.157    1474     10    118  +0.2185  -1.0000  -0.9366  +1.0000
   1037    165692   153  +11.541    1342      8    143  +0.2151  -1.0000  -1.0000  +1.0000
   1038    165855   163  +13.911    2340     10    135  +0.2322  -1.0000  -0.6047  +1.0000
   1039    166014   159   +9.678    2036     11     95  +0.2341  -1.0000  -0.6477  +1.0000
   1040    166171   157  +11.806    1425      6    131  +0.2210  -1.0000  -0.9600  +1.0000
   1041    166332   161  +10.315     772      8    106  +0.2205  -1.0000  -1.0000  +1.0000
   1042    166501   169  +10.479    1326      7     92  +0.2237  -1.0000  -0.9922  +1.0000
   1043    166662   161   +9.684    1286      8     92  +0.2293  -1.0000  -0.8696  +1.0000
   1044    166814   152  +12.405    1404      8    127  +0.2178  -1.0000  -1.0000  +1.0000
   1045    166973   159   +9.676    1418      8    105  +0.2222  -1.0000  -0.9696  +1.0000
   1046    167135   162  +10.436    1344      6     96  +0.2244  -1.0000  -1.0000  +1.0000
   1047    167294   159  +10.963    1811      8    103  +0.2274  -1.0000  -0.8586  +1.0000
   1048    167449   155  +10.528    1287      8     99  +0.2220  -1.0000  -1.0000  +1.0000
   1049    167612   163  +10.698    1710      6     99  +0.2298  -1.0000  -0.8835  +1.0000
   1050    167773   161   +8.972    1159      6     73  +0.2281  -1.0000  -1.0000  +1.0000
   1051    167935   162  +10.639     906      7    120  +0.2190  -1.0000  -1.0000  +1.0000
   1052    168098   163  +12.051     964      9    135  +0.2144  -1.0000  -1.0000  +1.0000
   1053    168254   156  +11.285    1060      4    140  +0.2225  -1.0000  -1.0000  +1.0000
   1054    168417   163  +10.948    1238      6     97  +0.2256  -1.0000  -1.0000  +1.0000
   1055    168580   163   +9.869     849      6    118  +0.2221  -1.0000  -1.0000  +1.0000
   1056    168740   160   +9.583    1207      6     98  +0.2244  -1.0000  -1.0000  +1.0000
   1057    168902   162  +10.542    1248      6     92  +0.2256  -1.0000  -1.0000  +1.0000
   1058    169057   155  +12.113    1250     10    136  +0.2114  -1.0000  -1.0000  +1.0000
   1059    169211   154  +10.097    1442      9     99  +0.2191  -1.0000  -1.0000  +1.0000
   1060    169374   163  +13.776    1821      9    131  +0.2142  -1.0000  -1.0000  +1.0000
   1061    169529   155   +9.886    1251      8     90  +0.2245  -1.0000  -0.9550  +1.0000
   1062    169686   157   +9.876     782      5    129  +0.2221  -1.0000  -1.0000  +1.0000
   1063    169845   159  +10.045    1080      4    105  +0.2267  -1.0000  -1.0000  +1.0000
   1064    170009   164  +13.911    2027     10    180  +0.2161  -1.0000  -0.7725  +1.0000
   1065    170172   163  +12.630    1460      8    116  +0.2216  -1.0000  -0.9372  +1.0000
   1066    170333   161  +10.369    1127      7    136  +0.2167  -1.0000  -1.0000  +1.0000
   1067    170488   155  +10.555    1982      6     93  +0.2361  -1.0000  -0.7951  +1.0000
   1068    170644   156  +10.526    1210      7    138  +0.2174  -1.0000  -1.0000  +1.0000
   1069    170799   155  +11.090    1504      7    120  +0.2200  -1.0000  -1.0000  +1.0000
   1070    170960   161   +9.538    1355      5     99  +0.2270  -1.0000  -1.0000  +1.0000
   1071    171116   156  +11.562     652      7    127  +0.2183  -1.0000  -1.0000  +1.0000
   1072    171279   163  +10.137    1397      9    116  +0.2172  -1.0000  -1.0000  +1.0000
   1073    171440   161  +11.337    1380      7    132  +0.2184  -1.0000  -1.0000  +1.0000
   1074    171599   159  +10.477    1078      7    112  +0.2215  -1.0000  -1.0000  +1.0000
   1075    171756   157  +10.307    1225      7     97  +0.2231  -1.0000  -1.0000  +1.0000
   1076    171913   157  +13.765    2168     10    189  +0.2140  -1.0000  -0.7891  +1.0000
   1077    172079   166   +9.098    1033      6     81  +0.2269  -1.0000  -1.0000  +1.0000
   1078    172232   153  +10.490    1368      5    114  +0.2243  -1.0000  -1.0000  +1.0000
   1079    172393   161  +12.040    1285      8    146  +0.2134  -1.0000  -1.0000  +1.0000
   1080    172554   161  +11.642    1565      7    151  +0.2143  -1.0000  -1.0000  +1.0000
   1081    172719   165  +10.573    1493      9    105  +0.2190  -1.0000  -1.0000  +1.0000
   1082    172880   161  +12.323    1549     11    142  +0.2100  -1.0000  -1.0000  +1.0000
   1083    173038   158  +11.406    1293      6    112  +0.2220  -1.0000  -1.0000  +1.0000
   1084    173200   162   +9.847    1496      9    107  +0.2287  -1.0000  -0.7847  +1.0000
   1085    173361   161  +11.013    1490      9    124  +0.2164  -1.0000  -1.0000  +1.0000
   1086    173515   154  +10.145     993      5    124  +0.2230  -1.0000  -1.0000  +1.0000
   1087    173682   167  +12.649    1874      6    124  +0.2220  -1.0000  -0.9662  +1.0000
   1088    173848   166  +10.971    1529      7    120  +0.2216  -1.0000  -0.9475  +1.0000
   1089    174007   159  +11.224    1098      6    130  +0.2205  -1.0000  -1.0000  +1.0000
   1090    174163   156  +10.441    1043      7     92  +0.2243  -1.0000  -1.0000  +1.0000
   1091    174323   160   +9.934    1020      6    109  +0.2239  -1.0000  -1.0000  +1.0000
   1092    174486   163  +10.283    1493      7     91  +0.2239  -1.0000  -1.0000  +1.0000
   1093    174644   158  +11.544    1727     10    137  +0.2163  -1.0000  -0.9120  +1.0000
   1094    174809   165  +11.188    1300      7    125  +0.2198  -1.0000  -1.0000  +1.0000
   1095    174965   156   +8.958    1704      8     85  +0.2357  -1.0000  -0.7604  +1.0000
   1096    175125   160  +10.890    1270      7    115  +0.2201  -1.0000  -1.0000  +1.0000
   1097    175288   163  +11.921    1698      6    110  +0.2249  -1.0000  -0.9622  +1.0000
   1098    175449   161  +10.644    1243     10    127  +0.2136  -1.0000  -1.0000  +1.0000
   1099    175608   159  +11.346    1617      8    110  +0.2240  -1.0000  -0.9113  +1.0000
   1100    175767   159  +12.648    1752     11    137  +0.2174  -1.0000  -0.8552  +1.0000

  ── rolling mean (last 100 ep) ──  cum_R=+10.930  yield=1411 kg/ha  N=8  W=112 mm  R_seas=+0.2226  R_ane=+1.0000

   1101    175929   162   +9.855    1152      6     93  +0.2259  -1.0000  -1.0000  +1.0000
   1102    176088   159  +10.591     758      4    133  +0.2225  -1.0000  -1.0000  +1.0000
   1103    176249   161  +10.028    1880      9    102  +0.2230  -1.0000  -0.9208  +1.0000
   1104    176409   160  +10.827    1447      9    115  +0.2177  -1.0000  -1.0000  +1.0000
   1105    176565   156   +9.939    1410      6    100  +0.2251  -1.0000  -1.0000  +1.0000
   1106    176730   165  +10.975    1799     10    137  +0.2127  -1.0000  -0.9825  +1.0000
   1107    176889   159  +10.083    1307      7     98  +0.2229  -1.0000  -1.0000  +1.0000
   1108    177049   160  +11.208    1416      4    122  +0.2314  -1.0000  -0.8495  +1.0000
   1109    177210   161  +10.496    1477      9    105  +0.2193  -1.0000  -1.0000  +1.0000
   1110    177370   160   +9.113    1337      7     81  +0.2290  -1.0000  -0.9419  +1.0000
   1111    177526   156  +11.267    1204      8    131  +0.2169  -1.0000  -1.0000  +1.0000
   1112    177679   153  +12.330    1457      9    162  +0.2101  -1.0000  -1.0000  +1.0000
   1113    177839   160  +11.550    1644      9    138  +0.2133  -1.0000  -1.0000  +1.0000
   1114    178000   161  +10.073    1015      9    129  +0.2141  -1.0000  -1.0000  +1.0000
   1115    178156   156  +11.282    1256      8    126  +0.2179  -1.0000  -1.0000  +1.0000
   1116    178307   151  +10.116    1685     10    102  +0.2203  -1.0000  -0.9467  +1.0000
   1117    178472   165  +10.182    1409      8    114  +0.2202  -1.0000  -0.9718  +1.0000
   1118    178630   158  +10.164    1668      8     98  +0.2353  -1.0000  -0.7064  +1.0000
   1119    178792   162   +9.839    1292      9    103  +0.2195  -1.0000  -1.0000  +1.0000
   1120    178957   165  +13.176    2704     16    162  +0.2151  -1.0000  -0.6675  +1.0000
   1121    179121   164   +9.677    1035      7    112  +0.2216  -1.0000  -1.0000  +1.0000
   1122    179277   156  +10.905    1535      3    121  +0.2261  -1.0000  -1.0000  +1.0000
   1123    179437   160  +10.628     924      6    108  +0.2239  -1.0000  -1.0000  +1.0000
   1124    179599   162  +11.490    1494     11    140  +0.2104  -1.0000  -1.0000  +1.0000
   1125    179759   160  +10.529    1049      9    125  +0.2153  -1.0000  -1.0000  +1.0000
   1126    179918   159  +10.528    1113      8    115  +0.2234  -1.0000  -0.9227  +1.0000
   1127    180079   161   +9.448    1488      8     96  +0.2243  -1.0000  -0.9348  +1.0000
   1128    180241   162   +9.973    1172      9    112  +0.2167  -1.0000  -1.0000  +1.0000
   1129    180398   157  +11.499    1815     15    142  +0.2024  -1.0000  -1.0000  +1.0000
   1130    180554   156  +10.979    1243      6    136  +0.2192  -1.0000  -1.0000  +1.0000
   1131    180716   162  +10.178    1906     12    101  +0.2260  -1.0000  -0.7585  +1.0000
   1132    180872   156   +9.425    1224      6    111  +0.2222  -1.0000  -1.0000  +1.0000
   1133    181032   160   +9.665    1417      6     94  +0.2268  -1.0000  -0.9728  +1.0000
   1134    181196   164  +13.756    2273     13    151  +0.2190  -1.0000  -0.7084  +1.0000
   1135    181362   166  +10.497    1284     10    115  +0.2149  -1.0000  -1.0000  +1.0000
   1136    181522   160  +11.274    1759      5    105  +0.2340  -1.0000  -0.8311  +1.0000
   1137    181677   155  +12.450    1673      9    171  +0.2081  -1.0000  -1.0000  +1.0000
   1138    181840   163  +11.865    1422      8    150  +0.2143  -1.0000  -1.0000  +1.0000
   1139    182003   163  +10.779    1454      8    134  +0.2220  -1.0000  -0.8895  +1.0000
   1140    182168   165  +12.877    1481      7    155  +0.2149  -1.0000  -1.0000  +1.0000
   1141    182331   163  +12.930    1792     10    181  +0.2088  -1.0000  -0.9270  +1.0000
   1142    182493   162   +8.234    1169      6     66  +0.2292  -1.0000  -1.0000  +1.0000
   1143    182654   161  +12.670    1729      6    131  +0.2195  -1.0000  -1.0000  +1.0000
   1144    182817   163  +10.034    1430      5    127  +0.2227  -1.0000  -1.0000  +1.0000
   1145    182980   163   +8.708    1239      8    101  +0.2230  -1.0000  -0.9673  +1.0000
   1146    183153   173  +11.368    1469      7    109  +0.2279  -1.0000  -0.8815  +1.0000
   1147    183311   158   +9.770    1582      6     96  +0.2306  -1.0000  -0.8889  +1.0000
   1148    183469   158  +11.137    1294      5    128  +0.2228  -1.0000  -1.0000  +1.0000
   1149    183636   167  +12.188    1813      7    148  +0.2228  -1.0000  -0.8431  +1.0000
   1150    183792   156  +11.414     721      4    151  +0.2198  -1.0000  -1.0000  +1.0000
   1151    183949   157   +9.147    1145      6     94  +0.2249  -1.0000  -1.0000  +1.0000
   1152    184110   161  +11.271    1681      6    127  +0.2266  -1.0000  -0.8616  +1.0000
   1153    184274   164  +10.956    1188      7    135  +0.2173  -1.0000  -1.0000  +1.0000
   1154    184436   162  +10.329    1564     11    135  +0.2105  -1.0000  -1.0000  +1.0000
   1155    184594   158  +10.564    1448      7    137  +0.2166  -1.0000  -1.0000  +1.0000
   1156    184756   162  +10.781     985      9    131  +0.2147  -1.0000  -1.0000  +1.0000
   1157    184913   157  +12.595    2626     11    164  +0.2187  -1.0000  -0.7349  +1.0000
   1158    185078   165   +9.834    1229      4    101  +0.2334  -1.0000  -0.9019  +1.0000
   1159    185242   164  +10.883    1041     10    136  +0.2126  -1.0000  -1.0000  +1.0000
   1160    185397   155  +12.349    2169      8    134  +0.2341  -1.0000  -0.6467  +1.0000
   1161    185554   157  +11.163    1645      5    148  +0.2248  -1.0000  -0.8704  +1.0000
   1162    185711   157   +9.757    1151      9    125  +0.2161  -1.0000  -1.0000  +1.0000
   1163    185870   159  +13.507    2307     10    160  +0.2216  -1.0000  -0.7555  +1.0000
   1164    186033   163  +11.585    2055     10    144  +0.2190  -1.0000  -0.8297  +1.0000
   1165    186195   162  +11.595    1602      8    160  +0.2117  -1.0000  -1.0000  +1.0000
   1166    186356   161   +9.548    1526      9    109  +0.2174  -1.0000  -1.0000  +1.0000
   1167    186517   161  +11.395    1466      8    132  +0.2164  -1.0000  -1.0000  +1.0000
   1168    186672   155   +9.571    1153      8    132  +0.2169  -1.0000  -1.0000  +1.0000
   1169    186825   153   +9.399    1109      4    129  +0.2230  -1.0000  -1.0000  +1.0000
   1170    186979   154   +9.587     539      5    128  +0.2212  -1.0000  -1.0000  +1.0000
   1171    187137   158  +13.484    1775      6    179  +0.2127  -1.0000  -1.0000  +1.0000
   1172    187307   170  +10.509    1598      8    116  +0.2213  -1.0000  -0.9637  +1.0000
   1173    187463   156  +10.662    1401      9    149  +0.2125  -1.0000  -1.0000  +1.0000
   1174    187616   153   +9.467    1644      6     85  +0.2359  -1.0000  -0.7979  +1.0000
   1175    187774   158  +10.642    1550      8    126  +0.2172  -1.0000  -1.0000  +1.0000
   1176    187934   160   +9.509    1018      7    122  +0.2187  -1.0000  -1.0000  +1.0000
   1177    188095   161  +10.472     870      8    147  +0.2147  -1.0000  -1.0000  +1.0000
   1178    188249   154  +10.096     967      5    126  +0.2218  -1.0000  -1.0000  +1.0000
   1179    188408   159   +9.690    1615      8     92  +0.2217  -1.0000  -1.0000  +1.0000
   1180    188566   158  +11.057    1372      7    138  +0.2167  -1.0000  -1.0000  +1.0000
   1181    188719   153  +10.673    1477      5    120  +0.2232  -1.0000  -1.0000  +1.0000
   1182    188875   156  +10.471    1523      7    124  +0.2191  -1.0000  -1.0000  +1.0000
   1183    189040   165  +10.424    1291      5     98  +0.2269  -1.0000  -1.0000  +1.0000
   1184    189196   156  +13.700    1859     11    204  +0.2078  -1.0000  -0.8593  +1.0000
   1185    189355   159  +13.623    2141      5    150  +0.2310  -1.0000  -0.7414  +1.0000
   1186    189513   158   +9.818    1423      5     93  +0.2318  -1.0000  -0.8992  +1.0000
   1187    189668   155  +11.703    1356      6    132  +0.2188  -1.0000  -1.0000  +1.0000
   1188    189829   161  +10.362    1282      6    114  +0.2218  -1.0000  -1.0000  +1.0000
   1189    189985   156  +10.370     775      7    139  +0.2168  -1.0000  -1.0000  +1.0000
   1190    190143   158  +11.780    1491      6    193  +0.2097  -1.0000  -1.0000  +1.0000
   1191    190307   164  +11.467     664      5    134  +0.2215  -1.0000  -1.0000  +1.0000
   1192    190471   164  +10.662    1423      8    136  +0.2155  -1.0000  -1.0000  +1.0000
   1193    190632   161  +11.087    1050      6    165  +0.2152  -1.0000  -1.0000  +1.0000
   1194    190793   161  +14.391    1878      9    210  +0.2056  -1.0000  -0.9555  +1.0000
   1195    190947   154  +12.750    1763      7    139  +0.2176  -1.0000  -1.0000  +1.0000
   1196    191102   155  +12.829    1275      6    153  +0.2165  -1.0000  -1.0000  +1.0000
   1197    191260   158   +9.239     918      6    111  +0.2220  -1.0000  -1.0000  +1.0000
   1198    191423   163  +10.460    1446      8    130  +0.2164  -1.0000  -1.0000  +1.0000
   1199    191584   161   +9.369    1551      7     71  +0.2326  -1.0000  -0.8956  +1.0000
   1200    191745   161  +10.412    1375      6    120  +0.2207  -1.0000  -1.0000  +1.0000

  ── rolling mean (last 100 ep) ──  cum_R=+10.870  yield=1437 kg/ha  N=8  W=128 mm  R_seas=+0.2201  R_ane=+1.0000

   1201    191905   160  +11.476    1100      8    114  +0.2194  -1.0000  -1.0000  +1.0000
   1202    192067   162  +10.088     951      6    119  +0.2226  -1.0000  -1.0000  +1.0000
   1203    192221   154  +10.428    1108     10    156  +0.2101  -1.0000  -1.0000  +1.0000
   1204    192378   157  +11.139    1239      6    149  +0.2175  -1.0000  -1.0000  +1.0000
   1205    192535   157   +9.950    1408      8    117  +0.2315  -1.0000  -0.7555  +1.0000
   1206    192702   167  +14.007    2327     10    202  +0.2174  -1.0000  -0.7122  +1.0000
   1207    192865   163  +10.397    1359      7    136  +0.2175  -1.0000  -1.0000  +1.0000
   1208    193017   152  +11.319    1384      9    180  +0.2070  -1.0000  -1.0000  +1.0000
   1209    193179   162  +11.820    1785     11    135  +0.2158  -1.0000  -0.8952  +1.0000
   1210    193342   163  +12.935    1805      6    193  +0.2178  -1.0000  -0.8431  +1.0000
   1211    193496   154  +10.563    1177      7    138  +0.2177  -1.0000  -1.0000  +1.0000
   1212    193652   156   +8.913    1335      6     73  +0.2350  -1.0000  -0.8756  +1.0000
   1213    193814   162  +11.565    1168      8    199  +0.2067  -1.0000  -1.0000  +1.0000
   1214    193969   155  +10.108    1330      5     92  +0.2272  -1.0000  -1.0000  +1.0000
   1215    194129   160  +12.547    1977     10    196  +0.2152  -1.0000  -0.7688  +1.0000
   1216    194288   159  +11.575    1759     12    199  +0.1989  -1.0000  -1.0000  +1.0000
   1217    194448   160  +12.845    2143      9    184  +0.2153  -1.0000  -0.8198  +1.0000
   1218    194606   158   +9.840    1511      9    120  +0.2162  -1.0000  -1.0000  +1.0000
   1219    194765   159   +9.490    1221      5     89  +0.2280  -1.0000  -1.0000  +1.0000
   1220    194926   161  +13.135    2546     13    190  +0.2135  -1.0000  -0.6982  +1.0000
   1221    195087   161  +11.631    1018      4    166  +0.2181  -1.0000  -1.0000  +1.0000
   1222    195248   161  +11.476    1482     11    148  +0.2085  -1.0000  -1.0000  +1.0000
   1223    195407   159  +10.897    1266      5    136  +0.2212  -1.0000  -1.0000  +1.0000
   1224    195568   161  +10.580    1709     14    134  +0.2072  -1.0000  -0.9601  +1.0000
   1225    195733   165  +11.255    1543      9    128  +0.2173  -1.0000  -0.9708  +1.0000
   1226    195889   156  +11.062    1261      9    152  +0.2108  -1.0000  -1.0000  +1.0000
   1227    196054   165  +10.367    1320     12    153  +0.2064  -1.0000  -1.0000  +1.0000
   1228    196219   165  +10.384    1502     11    118  +0.2137  -1.0000  -1.0000  +1.0000
   1229    196382   163   +9.030     706      8    106  +0.2206  -1.0000  -1.0000  +1.0000
   1230    196544   162  +10.364    1226     11    140  +0.2096  -1.0000  -1.0000  +1.0000
   1231    196704   160   +9.923    1614     11    117  +0.2137  -1.0000  -1.0000  +1.0000
   1232    196861   157  +12.140    1692      6    159  +0.2158  -1.0000  -1.0000  +1.0000
   1233    197018   157  +11.165    1621     12    167  +0.2035  -1.0000  -1.0000  +1.0000
   1234    197179   161  +11.184    1301      7    167  +0.2119  -1.0000  -1.0000  +1.0000
   1235    197337   158   +9.610    1094      7    130  +0.2185  -1.0000  -1.0000  +1.0000
   1236    197495   158  +12.542    2350     10    188  +0.2231  -1.0000  -0.6382  +1.0000
   1237    197653   158  +12.351    2794     14    150  +0.2323  -1.0000  -0.4300  +1.0000
   1238    197815   162   +9.764    1472      6    109  +0.2255  -1.0000  -0.9333  +1.0000
   1239    197977   162  +10.682    1648     10    145  +0.2113  -1.0000  -1.0000  +1.0000
   1240    198131   154  +10.203    1618      8    129  +0.2336  -1.0000  -0.6761  +1.0000
   1241    198291   160  +11.213    1665      9    149  +0.2209  -1.0000  -0.8146  +1.0000
   1242    198453   162  +10.602    1752      7    128  +0.2321  -1.0000  -0.7262  +1.0000
   1243    198617   164  +10.422    1867      9    140  +0.2193  -1.0000  -0.8753  +1.0000
   1244    198776   159  +10.735    1672      9    131  +0.2151  -1.0000  -1.0000  +1.0000
   1245    198937   161  +11.261    1334      8    164  +0.2110  -1.0000  -1.0000  +1.0000
   1246    199104   167  +10.643    1520      7    126  +0.2306  -1.0000  -0.7608  +1.0000
   1247    199268   164   +9.234     744      5    132  +0.2210  -1.0000  -1.0000  +1.0000
   1248    199430   162  +13.190    2296      9    196  +0.2121  -1.0000  -0.8391  +1.0000
   1249    199591   161  +10.845    1616     13    159  +0.2034  -1.0000  -1.0000  +1.0000
   1250    199747   156   +9.661     958      7    124  +0.2197  -1.0000  -1.0000  +1.0000
   1251    199909   162  +10.173    1649      9    130  +0.2210  -1.0000  -0.8761  +1.0000
   1252    200069   160  +11.845    1728     12    197  +0.1995  -1.0000  -0.9964  +1.0000
   1253    200226   157   +9.691    1668      7    110  +0.2265  -1.0000  -0.9031  +1.0000
   1254    200385   159  +10.048    1219      9    170  +0.2091  -1.0000  -1.0000  +1.0000
   1255    200543   158  +11.676    1773      5    147  +0.2279  -1.0000  -0.8338  +1.0000
   1256    200703   160  +11.086    1629     11    190  +0.2024  -1.0000  -1.0000  +1.0000
   1257    200857   154  +11.148    1751     13    178  +0.1999  -1.0000  -1.0000  +1.0000
   1258    201019   162  +10.549    1690      8    154  +0.2253  -1.0000  -0.7511  +1.0000
   1259    201172   153  +12.090    2118     14    200  +0.2048  -1.0000  -0.8047  +1.0000
   1260    201327   155   +9.611    1030      8    138  +0.2159  -1.0000  -1.0000  +1.0000
   1261    201481   154  +10.205    1548     10    156  +0.2086  -1.0000  -1.0000  +1.0000
   1262    201641   160  +11.955    1708     11    168  +0.2144  -1.0000  -0.8144  +1.0000
   1263    201796   155  +10.968     980      7    163  +0.2141  -1.0000  -1.0000  +1.0000
   1264    201950   154  +12.086    1597     10    165  +0.2072  -1.0000  -1.0000  +1.0000
   1265    202108   158   +9.039    1239     12    118  +0.2116  -1.0000  -1.0000  +1.0000
   1266    202261   153   +9.991    1652      4    149  +0.2208  -1.0000  -0.9793  +1.0000
   1267    202420   159  +10.818    2027     14    137  +0.2132  -1.0000  -0.8395  +1.0000
   1268    202583   163  +10.546    1536     12    157  +0.2075  -1.0000  -0.9665  +1.0000
   1269    202742   159   +9.725    1849     11    128  +0.2185  -1.0000  -0.8711  +1.0000
   1270    202906   164  +10.938    1388      8    164  +0.2137  -1.0000  -0.9555  +1.0000
   1271    203056   150   +9.256    1277     13    135  +0.2067  -1.0000  -1.0000  +1.0000
   1272    203211   155   +9.290     882     12    160  +0.1627  -1.0000  -1.0000  +0.9136
   1273    203372   161   +9.651    1513     11    109  +0.2137  -1.0000  -1.0000  +1.0000
   1274    203532   160  +11.052    1658      7    136  +0.2260  -1.0000  -0.8389  +1.0000
   1275    203688   156  +10.836    1722     12    165  +0.2107  -1.0000  -0.8864  +1.0000
   1276    203848   160  +10.685     925      7    158  +0.2140  -1.0000  -1.0000  +1.0000
   1277    204010   162  +10.068    1330     10    142  +0.2116  -1.0000  -1.0000  +1.0000
   1278    204166   156  +13.562    1579      8    237  +0.2007  -1.0000  -1.0000  +1.0000
   1279    204326   160  +12.313    2298     12    222  +0.2095  -1.0000  -0.7283  +1.0000
   1280    204490   164  +12.971    2318     10    218  +0.2114  -1.0000  -0.7789  +1.0000
   1281    204648   158  +12.160    2004     14    172  +0.2110  -1.0000  -0.7741  +1.0000
   1282    204811   163   +9.878    1112     10    144  +0.2104  -1.0000  -1.0000  +1.0000
   1283    204969   158  +10.820    1620     10    163  +0.2093  -1.0000  -0.9629  +1.0000
   1284    205131   162  +11.105    2656     15    178  +0.2166  -1.0000  -0.6073  +1.0000
   1285    205290   159   +9.217    1952     11     99  +0.2360  -1.0000  -0.5841  +1.0000
   1286    205445   155   +9.045     926     12    138  +0.1767  -1.0000  -1.0000  +0.9366
   1287    205596   151  +11.503    1324     10    204  +0.2013  -1.0000  -1.0000  +1.0000
   1288    205761   165  +12.459    1963      8    220  +0.2114  -1.0000  -0.8201  +1.0000
   1289    205924   163  +10.073    1584      9    156  +0.2103  -1.0000  -1.0000  +1.0000
   1290    206086   162  +10.685    1542     14    170  +0.1999  -1.0000  -1.0000  +1.0000
   1291    206240   154   +8.871    1367     12    106  +0.2132  -1.0000  -1.0000  +1.0000
   1292    206396   156   +9.573    1842     17    136  +0.2003  -1.0000  -1.0000  +1.0000
   1293    206563   167  +10.256    1344     11    132  +0.2105  -1.0000  -1.0000  +1.0000
   1294    206724   161   +8.571    1402     10     84  +0.2231  -1.0000  -0.9191  +1.0000
   1295    206884   160   +8.936    1746     10     82  +0.2265  -1.0000  -0.8620  +1.0000
   1296    207050   166  +10.542     906      5    149  +0.2192  -1.0000  -1.0000  +1.0000
   1297    207204   154  +12.671    2474      8    220  +0.2184  -1.0000  -0.6796  +1.0000
   1298    207365   161   +9.864    1778     14    132  +0.2064  -1.0000  -1.0000  +1.0000
   1299    207520   155  +10.971    1269      8    167  +0.2109  -1.0000  -1.0000  +1.0000
   1300    207680   160   +8.682    2267     16    121  +0.2219  -1.0000  -0.6267  +1.0000

  ── rolling mean (last 100 ep) ──  cum_R=+10.783  yield=1567 kg/ha  N=10  W=150 mm  R_seas=+0.2142  R_ane=+0.9985

   1301    207836   156   +8.138    1473     12    117  +0.2260  -1.0000  -0.7174  +1.0000
   1302    207994   158  +10.228    1404     13    117  +0.2120  -1.0000  -0.9401  +1.0000
   1303    208155   161  +11.776    1751     10    204  +0.2017  -1.0000  -0.9901  +1.0000
   1304    208311   156  +10.057    2299     19    143  +0.2087  -1.0000  -0.7340  +1.0000
   1305    208470   159  +13.024    2370     11    217  +0.2039  -1.0000  -0.8740  +1.0000
   1306    208623   153  +11.030    2161     14    151  +0.2116  -1.0000  -0.8318  +1.0000
   1307    208783   160   +9.626    1119      9    118  +0.2169  -1.0000  -1.0000  +1.0000
   1308    208936   153  +10.282    1416     11    132  +0.2138  -1.0000  -0.9476  +1.0000
   1309    209094   158   +9.199    1723     14    141  +0.2144  -1.0000  -0.7984  +1.0000
   1310    209259   165  +10.239    2154     12    117  +0.2346  -1.0000  -0.5236  +1.0000
   1311    209417   158   +9.837    1800     11    123  +0.2265  -1.0000  -0.7178  +1.0000
   1312    209576   159  +11.287    1558     11    170  +0.2047  -1.0000  -1.0000  +1.0000
   1313    209741   165  +10.172    1066     14    184  +0.1871  -1.0000  -1.0000  +0.9765
   1314    209900   159   +8.539    1433     15    120  +0.2055  -1.0000  -1.0000  +1.0000
   1315    210061   161  +10.334    2142     20    161  +0.2035  -1.0000  -0.7647  +1.0000
   1316    210216   155  +11.735    2227     12    156  +0.2166  -1.0000  -0.7852  +1.0000
   1317    210377   161  +12.103    1840     13    198  +0.1971  -1.0000  -1.0000  +1.0000
   1318    210538   161   +9.920    1286      9    173  +0.2076  -1.0000  -1.0000  +1.0000
   1319    210698   160   +9.600    1623     12    128  +0.2237  -1.0000  -0.7039  +1.0000
   1320    210860   162  +13.773    2700     10    222  +0.2294  -1.0000  -0.3764  +1.0000
   1321    211020   160  +12.286    1618      9    206  +0.2041  -1.0000  -1.0000  +1.0000
   1322    211184   164   +9.250    1387      9    115  +0.2173  -1.0000  -1.0000  +1.0000
   1323    211342   158  +11.690    1654     10    222  +0.1989  -1.0000  -1.0000  +1.0000
   1324    211499   157  +10.271    1593     12    155  +0.2154  -1.0000  -0.7943  +1.0000
   1325    211656   157   +9.816    1530      9    125  +0.2280  -1.0000  -0.7632  +1.0000
   1326    211818   162   +9.649    1395     10    137  +0.2124  -1.0000  -1.0000  +1.0000
   1327    211980   162   +9.097    1258     11    148  +0.2092  -1.0000  -1.0000  +1.0000
   1328    212142   162   +9.548    1786     12    120  +0.2114  -1.0000  -0.9969  +1.0000
   1329    212300   158  +10.871    1943     12    165  +0.2084  -1.0000  -0.9166  +1.0000
   1330    212454   154   +9.976    1646     12    192  +0.2034  -1.0000  -0.9470  +1.0000
   1331    212614   160  +10.845    1152      9    193  +0.2060  -1.0000  -1.0000  +1.0000
   1332    212772   158  +10.398    1667      7    115  +0.2399  -1.0000  -0.6161  +1.0000
   1333    212928   156  +13.227    2385     12    231  +0.2135  -1.0000  -0.6335  +1.0000
   1334    213094   166   +8.694     694      9    148  +0.1516  -1.0000  -1.0000  +0.8798
   1335    213255   161   +9.802    1282     12    164  +0.2046  -1.0000  -1.0000  +1.0000
   1336    213419   164   +9.440    1402     12    149  +0.2082  -1.0000  -0.9833  +1.0000
   1337    213577   158   +9.357    1724     12    134  +0.2207  -1.0000  -0.7561  +1.0000
   1338    213741   164   +9.231    1959     13    106  +0.2208  -1.0000  -0.8245  +1.0000
   1339    213903   162  +12.281    2077     14    228  +0.2044  -1.0000  -0.7321  +1.0000
   1340    214066   163  +11.658    1923     10    174  +0.2121  -1.0000  -0.8827  +1.0000
   1341    214232   166  +11.245    2128     11    163  +0.2126  -1.0000  -0.8781  +1.0000
   1342    214392   160   +8.352    1699     16    135  +0.2149  -1.0000  -0.7328  +1.0000
   1343    214548   156  +10.850    2112     13    156  +0.2137  -1.0000  -0.8047  +1.0000
   1344    214707   159   +9.842    1166     14    137  +0.2058  -1.0000  -1.0000  +1.0000
   1345    214760    53   -8.164       0      1     63  -0.7604  -1.0000  -1.0000  -1.0000
   1346    214914   154  +11.676    2460     19    246  +0.1880  -1.0000  -0.8392  +1.0000
   1347    215076   162   +9.569    1468     12    120  +0.2115  -1.0000  -1.0000  +1.0000
   1348    215242   166  +10.529    1147      8    154  +0.2127  -1.0000  -1.0000  +1.0000
   1349    215394   152   +9.946    1761     10    146  +0.2145  -1.0000  -0.9240  +1.0000
   1350    215552   158   +9.367    1590     12    132  +0.2177  -1.0000  -0.8424  +1.0000
   1351    215714   162  +10.180    1780     14    171  +0.2015  -1.0000  -0.9791  +1.0000
   1352    215882   168   +9.179    1988     12    102  +0.2339  -1.0000  -0.5866  +1.0000
   1353    216047   165  +10.485    2136     14    140  +0.2164  -1.0000  -0.7496  +1.0000
   1354    216202   155  +10.265    1923     14    155  +0.2100  -1.0000  -0.8350  +1.0000
   1355    216361   159  +10.201    1853     12    147  +0.2161  -1.0000  -0.8117  +1.0000
   1356    216526   165  +10.628    1954     12    173  +0.2070  -1.0000  -0.9303  +1.0000
   1357    216688   162  +10.476    1845     13    178  +0.2048  -1.0000  -0.9080  +1.0000
   1358    216854   166  +10.403    2160     14    151  +0.2038  -1.0000  -0.9950  +1.0000
   1359    217018   164  +12.976    2200     13    188  +0.2051  -1.0000  -0.8897  +1.0000
   1360    217176   158   +9.367    1742     13    158  +0.2080  -1.0000  -0.9013  +1.0000
   1361    217335   159   +9.716    1338     10    163  +0.2145  -1.0000  -0.8588  +1.0000
   1362    217493   158  +11.227    2041     13    146  +0.2115  -1.0000  -0.8910  +1.0000
   1363    217658   165  +11.764    1175     12    147  +0.2071  -1.0000  -1.0000  +1.0000
   1364    217824   166   +9.331    1366     12    112  +0.2125  -1.0000  -1.0000  +1.0000
   1365    217981   157  +10.222    1924     10    140  +0.2165  -1.0000  -0.8885  +1.0000
   1366    218148   167  +12.512    2192     15    230  +0.1976  -1.0000  -0.8195  +1.0000
   1367    218309   161   +9.891    1915     13    142  +0.2186  -1.0000  -0.7536  +1.0000
   1368    218464   155  +10.235    1119     11    149  +0.2088  -1.0000  -1.0000  +1.0000
   1369    218629   165  +12.642    1472     12    197  +0.2004  -1.0000  -1.0000  +1.0000
   1370    218783   154   +8.435    1569     11     94  +0.2316  -1.0000  -0.6881  +1.0000
   1371    218945   162  +11.368    1774     11    152  +0.2165  -1.0000  -0.8318  +1.0000
   1372    219099   154   +9.289    1149      9    132  +0.2152  -1.0000  -1.0000  +1.0000
   1373    219259   160   +8.707    1566     13    147  +0.2123  -1.0000  -0.8719  +1.0000
   1374    219420   161  +10.517    2042     15    180  +0.2066  -1.0000  -0.8058  +1.0000
   1375    219584   164   +9.323    1505      9    108  +0.2255  -1.0000  -0.8525  +1.0000
   1376    219746   162   +9.767    1352      7    128  +0.2202  -1.0000  -0.9667  +1.0000
   1377    219908   162  +10.550    1133     11    148  +0.2087  -1.0000  -1.0000  +1.0000
   1378    220066   158   +9.856    1989     15    136  +0.2213  -1.0000  -0.6298  +1.0000
   1379    220229   163  +13.592    2032     15    266  +0.1846  -1.0000  -1.0000  +1.0000
   1380    220392   163  +11.357    1786     10    172  +0.2166  -1.0000  -0.7938  +1.0000
   1381    220549   157  +10.327    1437     12    197  +0.1997  -1.0000  -1.0000  +1.0000
   1382    220713   164  +10.482    2296     13    128  +0.2258  -1.0000  -0.6449  +1.0000
   1383    220876   163  +11.647    1446     13    201  +0.1975  -1.0000  -1.0000  +1.0000
   1384    221037   161  +11.090    2167     12    168  +0.2260  -1.0000  -0.5391  +1.0000
   1385    221199   162   +9.295    2006     10    101  +0.2311  -1.0000  -0.7152  +1.0000
   1386    221359   160   +9.294    1706     14    157  +0.2029  -1.0000  -0.9980  +1.0000
   1387    221514   155  +10.602    1535     10    183  +0.2046  -1.0000  -1.0000  +1.0000
   1388    221679   165  +11.940    2036     11    159  +0.2215  -1.0000  -0.6970  +1.0000
   1389    221836   157  +10.890    2360     14    181  +0.2189  -1.0000  -0.5740  +1.0000
   1390    222000   164  +10.375    1477     12    186  +0.2012  -1.0000  -1.0000  +1.0000
   1391    222160   160  +11.353    1480     11    223  +0.1973  -1.0000  -1.0000  +1.0000
   1392    222324   164  +13.259    2439     13    225  +0.2117  -1.0000  -0.6223  +1.0000
   1393    222483   159  +11.047    1779     13    254  +0.1898  -1.0000  -1.0000  +1.0000
   1394    222643   160  +10.784    1911     14    183  +0.2025  -1.0000  -0.9061  +1.0000
   1395    222804   161  +10.985    2542     12    161  +0.2231  -1.0000  -0.6371  +1.0000
   1396    222961   157  +11.416    1777     12    189  +0.2056  -1.0000  -0.9002  +1.0000
   1397    223123   162   +9.794    1635     13    139  +0.2062  -1.0000  -0.9962  +1.0000
   1398    223283   160  +10.758    1413     10    147  +0.2100  -1.0000  -1.0000  +1.0000
   1399    223447   164   +8.468    1165     10    117  +0.2147  -1.0000  -1.0000  +1.0000
   1400    223602   155   +9.093    1304      8    111  +0.2214  -1.0000  -0.9525  +1.0000

  ── rolling mean (last 100 ep) ──  cum_R=+10.289  yield=1711 kg/ha  N=12  W=158 mm  R_seas=+0.2013  R_ane=+0.9786

   1401    223758   156  +11.869    1778     11    171  +0.2151  -1.0000  -0.8064  +1.0000
   1402    223921   163  +10.307    2014     15    147  +0.2083  -1.0000  -0.8784  +1.0000
   1403    224083   162   +9.553    1361     12    123  +0.2146  -1.0000  -0.9203  +1.0000
   1404    224240   157  +11.448    1798     15    173  +0.2016  -1.0000  -0.9400  +1.0000
   1405    224403   163  +11.138    1476     10    175  +0.2072  -1.0000  -1.0000  +1.0000
   1406    224566   163   +9.921    1613     12    102  +0.2168  -1.0000  -0.9514  +1.0000
   1407    224724   158  +12.449    2574     14    204  +0.2102  -1.0000  -0.7076  +1.0000
   1408    224885   161   +9.764    1740     11    128  +0.2207  -1.0000  -0.8270  +1.0000
   1409    225047   162  +12.802    3039     17    181  +0.2293  -1.0000  -0.2787  +1.0000
   1410    225209   162   +9.992    1244     11    140  +0.2103  -1.0000  -1.0000  +1.0000
   1411    225364   155  +10.053    2124     17    157  +0.2086  -1.0000  -0.7566  +1.0000
   1412    225525   161   +9.092    1300     14    130  +0.2062  -1.0000  -1.0000  +1.0000
   1413    225690   165   +9.467    1418     10    100  +0.2165  -1.0000  -1.0000  +1.0000
   1414    225848   158   +9.914    1588     10    123  +0.2144  -1.0000  -0.9863  +1.0000
   1415    226012   164   +9.745    1540     14    139  +0.2066  -1.0000  -0.9592  +1.0000
   1416    226169   157  +12.377    2450     15    167  +0.2109  -1.0000  -0.7662  +1.0000
   1417    226324   155  +10.168    1864     10    144  +0.2151  -1.0000  -0.9253  +1.0000
   1418    226490   166  +10.263    1649     15    185  +0.1967  -1.0000  -1.0000  +1.0000
   1419    226649   159  +12.205    1993      9    177  +0.2240  -1.0000  -0.6701  +1.0000
   1420    226802   153   +9.124    2015     12    140  +0.2224  -1.0000  -0.7302  +1.0000
   1421    226959   157  +12.380    2430     19    261  +0.1881  -1.0000  -0.8061  +1.0000
   1422    227120   161  +10.042    1387     15    164  +0.1994  -1.0000  -1.0000  +1.0000
   1423    227277   157  +10.615    2040     11    148  +0.2266  -1.0000  -0.6261  +1.0000
   1424    227437   160   +9.789    1540     15    151  +0.2010  -1.0000  -1.0000  +1.0000
   1425    227596   159  +10.141    1373     16    178  +0.1954  -1.0000  -1.0000  +1.0000
   1426    227752   156   +7.166     968     13    137  +0.1158  -1.0000  -1.0000  +0.8192
   1427    227918   166  +11.356    1696     11    184  +0.2067  -1.0000  -0.9227  +1.0000
   1428    228075   157  +13.098    2471     18    290  +0.1764  -1.0000  -0.9690  +1.0000
   1429    228241   166  +10.935    2360     12    165  +0.2141  -1.0000  -0.8049  +1.0000
   1430    228398   157   +9.652    1926     15    132  +0.2088  -1.0000  -0.8883  +1.0000
   1431    228553   155  +10.109    1505     12    137  +0.2082  -1.0000  -1.0000  +1.0000
   1432    228715   162  +11.424    2073     16    234  +0.1945  -1.0000  -0.8622  +1.0000
   1433    228875   160   +9.401    1601     12    118  +0.2109  -1.0000  -1.0000  +1.0000
   1434    229042   167  +10.913    1809     14    135  +0.2261  -1.0000  -0.5673  +1.0000
   1435    229206   164   +8.891    1295      9     97  +0.2203  -1.0000  -1.0000  +1.0000
   1436    229366   160   +9.003    1414     12    124  +0.2201  -1.0000  -0.8025  +1.0000
   1437    229528   162  +10.306    1876     16    143  +0.2102  -1.0000  -0.8054  +1.0000
   1438    229682   154   +9.822    2181     15    140  +0.2166  -1.0000  -0.7362  +1.0000
   1439    229843   161   +9.509    1838     16    158  +0.2053  -1.0000  -0.8494  +1.0000
   1440    230005   162   +9.501    1125     10    148  +0.2100  -1.0000  -1.0000  +1.0000
   1441    230167   162   +9.342    1910     13     88  +0.2217  -1.0000  -0.8578  +1.0000
   1442    230323   156  +10.434    1166      6    121  +0.2212  -1.0000  -1.0000  +1.0000
   1443    230473   150   +7.974    1474      8    109  +0.2189  -1.0000  -1.0000  +1.0000
   1444    230636   163  +10.791    1414     13    178  +0.1999  -1.0000  -1.0000  +1.0000
   1445    230797   161  +11.353    2816     13    150  +0.2294  -1.0000  -0.5196  +1.0000
   1446    230961   164   +9.075    1726     16    109  +0.2075  -1.0000  -0.9724  +1.0000
   1447    231120   159  +10.902    1537     11    168  +0.2107  -1.0000  -0.9025  +1.0000
   1448    231276   156  +10.417    1298     13    192  +0.1986  -1.0000  -1.0000  +1.0000
   1449    231435   159  +10.970    1600     12    185  +0.2011  -1.0000  -1.0000  +1.0000
   1450    231596   161   +9.163    2393     18    128  +0.2228  -1.0000  -0.5447  +1.0000
   1451    231753   157  +12.429    2535     13    200  +0.2174  -1.0000  -0.6075  +1.0000
   1452    231911   158   +9.987    1541     16    158  +0.1992  -1.0000  -1.0000  +1.0000
   1453    232072   161  +10.949    1732     13    174  +0.2075  -1.0000  -0.8868  +1.0000
   1454    232237   165  +11.206    2127     12    167  +0.2102  -1.0000  -0.8924  +1.0000
   1455    232399   162   +9.952    1410     13    119  +0.2100  -1.0000  -1.0000  +1.0000
   1456    232556   157  +10.576    1733     15    219  +0.1938  -1.0000  -0.9549  +1.0000
   1457    232719   163   +9.141    1890     12    130  +0.2196  -1.0000  -0.7817  +1.0000
   1458    232884   165  +11.975    1781     13    211  +0.1959  -1.0000  -1.0000  +1.0000
   1459    233041   157  +11.621    2256     13    179  +0.1999  -1.0000  -1.0000  +1.0000
   1460    233205   164  +11.666    2051     15    176  +0.2084  -1.0000  -0.7668  +1.0000
   1461    233369   164   +9.660    1521     12    163  +0.2039  -1.0000  -1.0000  +1.0000
   1462    233527   158  +10.023    1984     19    184  +0.1899  -1.0000  -1.0000  +1.0000
   1463    233687   160  +10.030    2306     19    188  +0.2097  -1.0000  -0.5715  +1.0000
   1464    233844   157  +10.282    1829     13    182  +0.2080  -1.0000  -0.8229  +1.0000
   1465    234007   163  +10.409    2163     18    174  +0.2018  -1.0000  -0.7942  +1.0000
   1466    234171   164  +11.354    2272     18    254  +0.1894  -1.0000  -0.8167  +1.0000
   1467    234333   162   +8.059    1507     15    103  +0.2141  -1.0000  -0.8810  +1.0000
   1468    234499   166   +9.950    1207      9    166  +0.2097  -1.0000  -1.0000  +1.0000
   1469    234661   162   +9.446    1868     15    134  +0.2201  -1.0000  -0.6633  +1.0000
   1470    234823   162   +9.736    1688     17    151  +0.1990  -1.0000  -0.9733  +1.0000
   1471    234986   163  +10.436    1256     11    156  +0.2079  -1.0000  -1.0000  +1.0000
   1472    235144   158  +10.952    1956     19    242  +0.1839  -1.0000  -0.9434  +1.0000
   1473    235306   162   +9.844    1770     17    158  +0.1975  -1.0000  -0.9961  +1.0000
   1474    235464   158  +11.982    2400     14    155  +0.2264  -1.0000  -0.5287  +1.0000
   1475    235618   154  +10.174    1113      9    156  +0.2106  -1.0000  -1.0000  +1.0000
   1476    235779   161  +10.644    1481     12    163  +0.2045  -1.0000  -1.0000  +1.0000
   1477    235939   160  +10.219    1706     10    142  +0.2158  -1.0000  -0.8915  +1.0000
   1478    236092   153   +9.863    1359     11    160  +0.2067  -1.0000  -1.0000  +1.0000
   1479    236257   165   +8.910    1227     11     94  +0.2172  -1.0000  -1.0000  +1.0000
   1480    236421   164  +13.085    2749     18    254  +0.1929  -1.0000  -0.7522  +1.0000
   1481    236580   159  +10.779    2245     16    226  +0.2014  -1.0000  -0.7431  +1.0000
   1482    236735   155  +10.816    2440     11    176  +0.2168  -1.0000  -0.7529  +1.0000
   1483    236893   158   +8.461    2009     13     66  +0.2368  -1.0000  -0.6091  +1.0000
   1484    237056   163   +9.401    1241     14    150  +0.2038  -1.0000  -1.0000  +1.0000
   1485    237222   166  +11.357    2294     13    154  +0.2135  -1.0000  -0.8203  +1.0000
   1486    237383   161  +10.974    1898      9    156  +0.2257  -1.0000  -0.7158  +1.0000
   1487    237540   157   +8.337    1321     12    114  +0.2121  -1.0000  -1.0000  +1.0000
   1488    237704   164  +10.322    2153      9    126  +0.2243  -1.0000  -0.8254  +1.0000
   1489    237858   154  +11.449    1820      9    183  +0.2070  -1.0000  -1.0000  +1.0000
   1490    238013   155   +9.441    1479     11    142  +0.2100  -1.0000  -1.0000  +1.0000
   1491    238172   159   +9.922    1144     10    180  +0.2056  -1.0000  -1.0000  +1.0000
   1492    238325   153  +10.165    1657     12    174  +0.2035  -1.0000  -1.0000  +1.0000
   1493    238484   159  +10.499    1687     17    165  +0.1959  -1.0000  -1.0000  +1.0000
   1494    238646   162   +9.464    1695     12    122  +0.2114  -1.0000  -1.0000  +1.0000
   1495    238811   165  +10.361    1843     13    129  +0.2206  -1.0000  -0.7541  +1.0000
   1496    238973   162   +8.990    1703     12    110  +0.2312  -1.0000  -0.6446  +1.0000
   1497    239135   162   +9.959    1771     16    163  +0.1972  -1.0000  -1.0000  +1.0000
   1498    239294   159  +10.582    1462      8    120  +0.2174  -1.0000  -1.0000  +1.0000
   1499    239452   158   +9.784    1736     14    146  +0.2027  -1.0000  -1.0000  +1.0000
   1500    239613   161  +10.945    1917     12    150  +0.2159  -1.0000  -0.8142  +1.0000

  ── rolling mean (last 100 ep) ──  cum_R=+10.327  yield=1788 kg/ha  N=13  W=157 mm  R_seas=+0.2087  R_ane=+0.9982

   1501    239774   161  +10.605    1535     12    135  +0.2089  -1.0000  -1.0000  +1.0000
   1502    239932   158  +10.968    2470     14    184  +0.2129  -1.0000  -0.6805  +1.0000
   1503    240091   159   +9.725    1830     14    148  +0.2129  -1.0000  -0.8091  +1.0000
   1504    240246   155  +10.068    1653     14    200  +0.1948  -1.0000  -1.0000  +1.0000
   1505    240396   150   +9.645    1677     10    133  +0.2168  -1.0000  -0.9108  +1.0000
   1506    240556   160   +9.069    1477     12    107  +0.2139  -1.0000  -1.0000  +1.0000
   1507    240718   162   +9.686    1799     16    171  +0.1979  -1.0000  -0.9698  +1.0000
   1508    240870   152  +10.490    1545     14    202  +0.1964  -1.0000  -0.9780  +1.0000
   1509    241032   162  +11.362    2137     15    177  +0.2086  -1.0000  -0.7703  +1.0000
   1510    241184   152  +10.838    1519     10    207  +0.2006  -1.0000  -1.0000  +1.0000
   1511    241339   155  +11.383    1385     13    204  +0.1968  -1.0000  -1.0000  +1.0000
   1512    241497   158  +10.976    1715     14    154  +0.2029  -1.0000  -0.9976  +1.0000
   1513    241663   166  +11.408    2170     14    166  +0.2247  -1.0000  -0.5170  +1.0000
   1514    241823   160  +10.453    2318     15    188  +0.2196  -1.0000  -0.5309  +1.0000
   1515    241982   159   +9.141    1234     13    153  +0.2041  -1.0000  -1.0000  +1.0000
   1516    242135   153   +9.036    1547     12    119  +0.2117  -1.0000  -1.0000  +1.0000
   1517    242296   161  +11.365    2325     11    240  +0.2117  -1.0000  -0.6702  +1.0000
   1518    242460   164   +9.451    2258     13    108  +0.2312  -1.0000  -0.5959  +1.0000
   1519    242622   162   +9.175    1277      7     91  +0.2247  -1.0000  -1.0000  +1.0000
   1520    242780   158   +9.919    2265     16    133  +0.2305  -1.0000  -0.4196  +1.0000
   1521    242942   162  +10.940    2331     13    191  +0.2104  -1.0000  -0.7659  +1.0000
   1522    243102   160  +10.374    2644     12    159  +0.2273  -1.0000  -0.5619  +1.0000
   1523    243257   155   +9.419    1476     12    110  +0.2240  -1.0000  -0.7570  +1.0000
   1524    243412   155  +12.147    2122     13    240  +0.1946  -1.0000  -0.9325  +1.0000
   1525    243570   158   +9.311    1341     13    182  +0.2007  -1.0000  -1.0000  +1.0000
   1526    243728   158   +9.800    1199     12    174  +0.2024  -1.0000  -1.0000  +1.0000
   1527    243889   161   +9.464    1264      8    105  +0.2199  -1.0000  -1.0000  +1.0000
   1528    244050   161  +10.004    1964     13    193  +0.1994  -1.0000  -0.9611  +1.0000
   1529    244214   164  +12.570    2251     11    204  +0.2092  -1.0000  -0.8122  +1.0000
   1530    244376   162  +13.528    2592     18    268  +0.1886  -1.0000  -0.8103  +1.0000
   1531    244534   158   +9.473    1698     15    145  +0.2073  -1.0000  -0.9052  +1.0000
   1532    244692   158   +9.703    1331     10    140  +0.2108  -1.0000  -1.0000  +1.0000
   1533    244854   162  +10.576    1722     12    133  +0.2086  -1.0000  -1.0000  +1.0000
   1534    245005   151  +11.393    1961     15    250  +0.1868  -1.0000  -1.0000  +1.0000
   1535    245168   163  +13.537    2501     15    269  +0.1900  -1.0000  -0.8803  +1.0000
   1536    245328   160  +11.641    2526     19    188  +0.2073  -1.0000  -0.6401  +1.0000
   1537    245490   162  +11.157    1843     13    189  +0.1996  -1.0000  -1.0000  +1.0000
   1538    245654   164  +10.531    1937     16    196  +0.1994  -1.0000  -0.8598  +1.0000
   1539    245812   158  +11.189    1557      9    195  +0.2054  -1.0000  -0.9847  +1.0000
   1540    245972   160  +12.865    2039     14    252  +0.1874  -1.0000  -1.0000  +1.0000
   1541    246130   158  +12.481    2311     13    300  +0.1907  -1.0000  -0.8393  +1.0000
   1542    246290   160  +11.159    2040     14    202  +0.2037  -1.0000  -0.8186  +1.0000
   1543    246443   153  +10.613    1647     16    192  +0.1928  -1.0000  -1.0000  +1.0000
   1544    246603   160  +10.333    1818     14    144  +0.2163  -1.0000  -0.7377  +1.0000
   1545    246763   160  +11.032    1764     12    196  +0.2029  -1.0000  -0.9527  +1.0000
   1546    246923   160  +10.902    2038     11    189  +0.2078  -1.0000  -0.8877  +1.0000
   1547    247079   156  +10.231    1756     10    136  +0.2205  -1.0000  -0.8357  +1.0000
   1548    247234   155  +12.960    2399     15    271  +0.1878  -1.0000  -0.8987  +1.0000
   1549    247400   166  +10.317    1755     14    175  +0.2004  -1.0000  -0.9590  +1.0000
   1550    247564   164   +9.659    1842     12    145  +0.2123  -1.0000  -0.8963  +1.0000
   1551    247721   157  +11.216    1948     12    170  +0.2043  -1.0000  -1.0000  +1.0000
   1552    247877   156  +11.615    1915     12    223  +0.1957  -1.0000  -1.0000  +1.0000
   1553    248035   158  +11.197    1628      8    165  +0.2108  -1.0000  -1.0000  +1.0000
   1554    248203   168  +11.153    2244     14    220  +0.2077  -1.0000  -0.7058  +1.0000
   1555    248363   160  +10.151    1200     11    145  +0.2085  -1.0000  -1.0000  +1.0000
   1556    248522   159  +11.464    1583     11    218  +0.1982  -1.0000  -1.0000  +1.0000
   1557    248682   160  +10.459    2304     13    179  +0.2190  -1.0000  -0.6379  +1.0000
   1558    248843   161   +9.386    1646      8    110  +0.2222  -1.0000  -0.9359  +1.0000
   1559    249006   163  +12.103    2998     19    284  +0.2065  -1.0000  -0.3666  +1.0000
   1560    249163   157  +11.156    1779     18    264  +0.1780  -1.0000  -1.0000  +1.0000
   1561    249327   164   +9.820    1686     15    175  +0.1978  -1.0000  -1.0000  +1.0000
   1562    249490   163  +10.353    1404     11    152  +0.2086  -1.0000  -1.0000  +1.0000
   1563    249644   154  +10.120    1491      9    141  +0.2128  -1.0000  -1.0000  +1.0000
   1564    249808   164   +9.279     879      9    116  +0.2171  -1.0000  -1.0000  +1.0000
   1565    249970   162   +9.204    1525     11    155  +0.2081  -1.0000  -1.0000  +1.0000
   1566    250130   160  +12.041    1772     11    246  +0.1942  -1.0000  -0.9899  +1.0000
   1567    250298   168  +10.940    1498     14    234  +0.1904  -1.0000  -1.0000  +1.0000
