==============================================================================
SIMPLE PPO — CONFIGURATION
==============================================================================
  Environment
    mode                 all
    random_weather       True
    enable_faults        False
    dssat_seed           123

  PPO Hyperparameters
    total_timesteps      1,000,000
    n_steps              4,096
    batch_size           64
    n_epochs             10
    learning_rate        0.0003
    gamma                0.99
    gae_lambda           0.95
    clip_range           0.2
    ent_coef             0.01
    max_grad_norm        0.5
    device               cpu

  Normalisation (VecNormalize)
    norm_obs             True
    norm_reward          True
    clip_obs             5.0
    clip_reward          10.0

  Reward Weights (seasonal)
    W_yield              0.40
    W_hiad               0.10
    W_ane                0.30
    W_penalty            0.20
==============================================================================

==============================================================================
TRAINING — 1,000,000 timesteps  |  n_steps=4096
==============================================================================

  Episode log  → /workspace/episode_log_rw.csv
  Metrics log  → /workspace/training_metrics_rw.csv

     ep      step   len    cum_R   yield      N      W   R_seas    R_yld   R_hiad    R_ane
  -----  --------  ----  -------  ------  -----  -----  -------  -------  -------  -------
      1       161   161   +8.143    2298     58     80  -0.5091  -1.0000  -0.6051  -0.0120
      2       321   160   -0.800    3696     68     69  -0.3821  -1.0000  -0.4246  +0.3604
      3       482   161   -4.730    1627     52     66  -0.6031  -1.0000  -1.0000  -0.2138
      4       643   161   -2.930    2356     72     72  -0.5479  -1.0000  -0.4146  -0.1860
      5       800   157   +2.299    3992     64     69  -0.2489  -0.9523  +0.1201  +0.5532
      6       959   159   -0.872    3411     74     58  -0.4372  -1.0000  -0.3475  +0.1533
      7      1120   161   -2.273    1314     68     61  -0.7002  -1.0000  -1.0000  -0.5141
      8      1273   153   +4.841    2959     64     56  -0.3753  -1.0000  +0.1798  +0.1654
      9      1435   162   -4.205    1698     62     76  -0.6422  -1.0000  -1.0000  -0.3192
     10      1597   162   +5.223    4703     63     68  -0.0802  -0.7656  +0.0856  +0.8750
     11      1761   164   -0.860    2604     58     64  -0.4938  -1.0000  -0.9231  +0.1331
     12      1925   164   -3.548    1814     70     56  -0.6533  -1.0000  -1.0000  -0.3564
     13      2080   155   -5.166    1819     54     64  -0.5876  -1.0000  -1.0000  -0.1592
     14      2241   161   -0.849    1195     54     60  -0.6687  -1.0000  -0.9417  -0.4512
     15      2403   162   -0.882    3021     70     56  -0.4614  -1.0000  -0.3787  +0.0758
     16      2561   158   -0.345    3169     61     62  -0.4158  -1.0000  -0.6303  +0.3002
     17      2724   163   +2.646    4165     67     55  -0.2312  -0.9067  +0.0931  +0.5555
     18      2886   162   -2.695    2287     56     68  -0.5059  -1.0000  -0.6968  +0.0185
     19      3044   158   -1.632    2125     55     83  -0.5216  -1.0000  -0.6473  -0.0420
     20      3208   164   +4.125    4530     67     70  -0.1708  -0.8111  -0.0902  +0.6998
     21      3363   155   +2.540    4255     57     61  -0.1313  -0.8833  +0.0225  +0.8677
     22      3524   161   +1.216    4060     64     61  -0.2755  -0.9345  -0.3106  +0.5786
     23      3679   155   -2.612    3050     80     66  -0.4981  -1.0000  -0.2933  -0.0511
     24      3844   165   +0.658    3957     68     68  -0.3093  -0.9613  -0.1474  +0.4581
     25      3997   153   -3.626    2296     57     60  -0.5249  -1.0000  -0.8484  +0.0021
     26      4156   159   +4.033    4508     64     61  -0.1080  -0.8168  +0.3289  +0.7666
     27      4313   157   -0.475    3432     71     63  -0.4152  -1.0000  -0.3057  +0.2111
     28      4468   155   -0.004    2842     61     54  -0.4497  -1.0000  -0.5587  +0.1588
     29      4631   163   +0.557    3891     73     58  -0.3741  -0.9787  -0.3330  +0.3298
     30      4792   161   -1.535    2935     71     62  -0.5161  -1.0000  -0.7835  +0.0334
     31      4953   161   +0.280    3811     65     65  -0.3045  -0.9996  +0.0161  +0.4641
     32      5115   162   -1.887    2302     74     63  -0.5628  -1.0000  -0.4727  -0.2200
     33      5278   163   -2.941    1206     67     76  -0.7134  -1.0000  -1.0000  -0.5495
     34      5433   155   -1.666    2790     62     50  -0.4458  -1.0000  -0.4248  +0.1257
     35      5590   157   +2.040    3939     58     48  -0.1800  -0.9660  +0.3608  +0.6966
     36      5745   155   -3.972     915     80     52  -0.7649  -1.0000  -1.0000  -0.7145
     37      5906   161   -0.372    2477     64     61  -0.4471  -1.0000  +0.0470  -0.0259
     38      6075   169   +0.803    1350     58     63  -0.6103  -1.0000  -0.4504  -0.4131
     39      6234   159   -0.566    2989     62     59  -0.3899  -1.0000  -0.0725  +0.2010
     40      6391   157   -3.559    2279     70     56  -0.5877  -1.0000  -0.8614  -0.1848
     41      6551   160   +0.433    4112     73     66  -0.2975  -0.9207  -0.0192  +0.4078
     42      6711   160   -0.302    3454     62     63  -0.3667  -1.0000  -0.3834  +0.3848
     43      6866   155   +0.460    3803     60     59  -0.2873  -1.0000  -0.2538  +0.5986
     44      7029   163   +3.729    4896     75     64  -0.1091  -0.7149  +0.3813  +0.6300
     45      7189   160   +0.136    3228     62     66  -0.3604  -1.0000  -0.0353  +0.2918
     46      7350   161   -2.813    2097     61     53  -0.5420  -1.0000  -0.5948  -0.1380
     47      7514   164   -1.118    2820     65     55  -0.4564  -1.0000  -0.3780  +0.0835
     48      7674   160   +2.176    3941     67     62  -0.3025  -0.9656  -0.1419  +0.4788
     49      7838   164   -0.798    3108     69     73  -0.4721  -1.0000  -0.6105  +0.1267
     50      8003   165   +2.203    4399     69     61  -0.1987  -0.8454  +0.0483  +0.6039
     51      8161   158   -0.488    2873     56     71  -0.4199  -1.0000  -0.5917  +0.2723
     52      8317   156   -0.954    2607     48     78  -0.3808  -1.0000  -0.4566  +0.3486
     53      8477   160   -4.576    2137     69     56  -0.6068  -1.0000  -0.9457  -0.2222
     54      8637   160   -3.627     983     59     73  -0.7198  -1.0000  -1.0000  -0.5850
     55      8802   165   +1.768    3983     66     67  -0.3001  -0.9546  -0.2269  +0.5034
     56      8958   156   -4.093    1920     61     53  -0.5987  -1.0000  -0.9352  -0.2138
     57      9118   160   +1.898    3993     62     56  -0.2463  -0.9519  -0.1016  +0.6219
     58      9278   160   -3.220    1730     78     40  -0.6637  -1.0000  -0.8213  -0.4481
     59      9440   162   -2.415    1615     50     61  -0.5975  -1.0000  -1.0000  -0.1999
     60      9603   163   -4.328    2541     76     79  -0.5902  -1.0000  -0.8537  -0.1692
     61      9763   160   +0.606    3619     60     42  -0.3197  -1.0000  -0.3577  +0.5144
     62      9922   159   -2.764    1855     56     38  -0.5896  -1.0000  -1.0000  -0.1790
     63     10085   163   -1.690    2562     58     62  -0.4731  -1.0000  -0.6060  +0.0968
     64     10247   162   +0.034    3392     67     62  -0.2723  -1.0000  +0.9590  +0.2595
     65     10405   158   +1.962    3939     60     46  -0.1940  -0.9661  +0.3993  +0.6389
     66     10565   160   -0.373    3002     55     63  -0.4033  -1.0000  -0.6966  +0.3556
     67     10725   160   +4.640    3506     60     56  -0.2181  -1.0000  +0.8628  +0.4563
     68     10884   159   -1.146    2416     55     83  -0.5047  -1.0000  -0.8909  +0.0956
     69     11043   159   +5.932    4805     62     60  -0.0124  -0.7388  +0.4587  +0.9345
     70     11201   158   -4.384    1876     73     51  -0.6291  -1.0000  -0.7522  -0.3572
     71     11362   161   -4.206    1695     53     74  -0.6003  -1.0000  -1.0000  -0.1974
     72     11521   159   -2.706    2493     65     76  -0.5281  -1.0000  -0.6908  -0.0384
     73     11680   159   -3.480    1009     63     84  -0.7283  -1.0000  -1.0000  -0.5999
     74     11838   158   -4.710    1505     56     60  -0.6373  -1.0000  -1.0000  -0.3246
     75     11994   156   -4.025    1779     72     63  -0.6498  -1.0000  -0.8665  -0.3821
     76     12145   151   -2.346    1526     68     67  -0.6784  -1.0000  -1.0000  -0.4370
     77     12310   165   -4.446    1778     65     42  -0.6308  -1.0000  -0.9639  -0.3122
     78     12475   165   +0.916    3818     68     55  -0.3791  -0.9979  -0.5476  +0.3997
     79     12637   162   +6.762    4835     62     44  +0.0261  -0.7310  +0.7210  +0.9537
     80     12791   154   -3.831    1331     55     60  -0.6588  -1.0000  -1.0000  -0.3973
     81     12959   168   +1.392    3712     76     66  -0.3356  -1.0000  +0.4792  +0.2254
     82     13121   162   +4.411    5082     73     78  -0.0240  -0.6661  +0.6965  +0.7488
     83     13278   157   +0.099    1072     63     54  -0.7070  -1.0000  -0.9161  -0.5766
     84     13433   155   -2.428    2528     54     75  -0.4398  -1.0000  -0.4949  +0.1722
     85     13594   161   +2.500    4452     68     58  -0.1798  -0.8314  +0.0656  +0.6395
     86     13755   161   +2.181    4006     58     62  -0.1894  -0.9484  +0.1667  +0.7166
     87     13912   157   -1.202    2346     52     64  -0.4903  -1.0000  -0.8991  +0.1280
     88     14074   162   -0.036    2141     65     52  -0.5422  -1.0000  -0.4625  -0.1767
     89     14235   161   -0.618    2531     54     58  -0.4014  -1.0000  -0.1108  +0.1618
     90     14391   156   -2.586    3276     74     61  -0.4607  -1.0000  -0.4242  +0.1035
     91     14555   164   -1.613    2858     68     55  -0.5142  -1.0000  -0.8281  +0.0461
     92     14713   158   -1.148    2069     73     66  -0.5550  -1.0000  -0.1783  -0.2916
     93     14873   160   +4.718    4429     58     66  -0.0691  -0.8376  +0.3419  +0.9133
     94     15029   156   +5.673    5169     67     51  -0.0316  -0.6434  -0.0805  +0.9252
     95     15187   158   +2.153    4028     57     60  -0.1626  -0.9428  +0.2922  +0.7535
     96     15350   163   +2.772    4729     69     55  -0.1280  -0.7589  +0.0549  +0.7180
     97     15507   157   +7.686    5942     73     73  +0.0853  -0.4403  +0.1252  +1.0000
     98     15669   162   -0.558    3138     62     65  -0.4185  -1.0000  -0.5346  +0.2634
     99     15828   159   +1.985    4541     73     58  -0.1951  -0.8083  +0.0904  +0.5573
    100     15991   163   -0.258    2999     56     58  -0.3627  -1.0000  -0.2122  +0.3277

  ── rolling mean (last 100 ep) ──  cum_R=-0.257  yield=2981 kg/ha  N=64  W=62 mm  R_seas=-0.4156  R_ane=+0.1658

    101     16151   160   -1.575    3007     70     53  -0.4659  -1.0000  -0.4450  +0.0798
    102     16318   167   -0.147    3698     65     70  -0.3728  -1.0000  -0.5211  +0.4195
    103     16477   159   -3.371    1900     72     49  -0.6481  -1.0000  -1.0000  -0.3412
    104     16637   160   +9.732    6470     58     78  +0.2259  -0.3018  +0.9097  +1.0000
    105     16803   166   -0.690    3661     67     62  -0.3566  -1.0000  -0.1965  +0.3632
    106     16970   167   +9.403    6152     69     52  +0.1623  -0.3852  +0.6149  +1.0000
    107     17127   157   -3.241    1842     53     74  -0.5750  -1.0000  -0.9624  -0.1255
    108     17290   163   +7.819    5272     63     61  +0.0895  -0.6163  +0.7971  +1.0000
    109     17456   166   -1.158    2292     47     76  -0.4688  -1.0000  -0.9235  +0.2080
    110     17618   162   -3.266    1798     70     62  -0.6532  -1.0000  -1.0000  -0.3532
    111     17774   156   +2.724    3648     49     55  -0.2141  -1.0000  -0.3635  +0.8592
    112     17936   162   +1.233    2764     48     77  -0.3690  -1.0000  -0.5997  +0.4350
    113     18091   155   +5.790    4335     54     78  +0.0067  -0.8623  +0.9412  +1.0000
    114     18249   158   -1.571    2554     58     65  -0.4451  -1.0000  -0.3452  +0.1043
    115     18410   161   +1.137    2879     66     65  -0.4337  -1.0000  -0.1656  +0.0954
    116     18568   158   -4.347    1850     64     45  -0.6228  -1.0000  -0.9811  -0.2790
    117     18733   165   +6.239    5135     70     58  +0.0246  -0.6522  +0.8160  +0.8347
    118     18897   164   -3.933    1179     55     56  -0.6764  -1.0000  -1.0000  -0.4595
    119     19055   158   -2.173     988     71     51  -0.7416  -1.0000  -1.0000  -0.6527
    120     19211   156   +2.478    4237     62     52  -0.2071  -0.8879  -0.2673  +0.7201
    121     19373   162   +5.163    5280     74     56  -0.0415  -0.6140  +0.1359  +0.7948
    122     19533   160   -0.364    3156     59     62  -0.3529  -1.0000  -0.1391  +0.3430
    123     19687   154   -0.624    2357     57     66  -0.4736  -1.0000  -0.4319  +0.0373
    124     19846   159   +0.097    2812     60     45  -0.4053  -1.0000  -0.2037  +0.1793
    125     20008   162   -2.593    1986     55     82  -0.5377  -1.0000  -0.6226  -0.1047
    126     20165   157   -2.755    2647     68     62  -0.5444  -1.0000  -0.9071  -0.0248
    127     20321   156   +7.485    5560     58     59  +0.1018  -0.5408  +0.5910  +1.0000
    128     20481   160   -0.781    1942     61     72  -0.5799  -1.0000  -0.7298  -0.2066
    129     20642   161   +2.650    4134     65     56  -0.1775  -0.9150  +0.5358  +0.5950
    130     20805   163   -4.594    1253     71     61  -0.7148  -1.0000  -1.0000  -0.5573
    131     20969   164   -0.861    3172     69     75  -0.4378  -1.0000  -0.3309  +0.1493
    132     21137   168   -3.169    2932     73     79  -0.4939  -1.0000  -0.4301  +0.0044
    133     21298   161   -0.459    2578     77     50  -0.5406  -1.0000  -0.4390  -0.1611
    134     21462   164   -2.438    3011     77     59  -0.5210  -1.0000  -0.6502  -0.0194
    135     21619   157   -2.847    2324     71     60  -0.5462  -1.0000  -0.4260  -0.1861
    136     21772   153   -4.129    1696     60     54  -0.6289  -1.0000  -1.0000  -0.2933
    137     21931   159   -1.418    2895     58     63  -0.4125  -1.0000  -0.4468  +0.2462
    138     22091   160   +3.399    4128     62     63  -0.1875  -0.9165  +0.1955  +0.6762
    139     22252   161   -0.135    3627     74     64  -0.3600  -1.0000  +0.2458  +0.2178
    140     22409   157   -2.373    2693     62     37  -0.4801  -1.0000  -0.6794  +0.0874
    141     22571   162   -0.466    3158     68     39  -0.4306  -1.0000  -0.3511  +0.1547
    142     22731   160   -1.754    2571     56     47  -0.4624  -1.0000  -0.6708  +0.1412
    143     22886   155   -0.129    1171     61     42  -0.6875  -1.0000  -0.9356  -0.5174
    144     23045   159   -1.430    1733     62     67  -0.5979  -1.0000  -0.6286  -0.3021
    145     23203   158   -0.539    3733     64     45  -0.3454  -1.0000  -0.4455  +0.4662
    146     23361   158   +0.015    4003     72     42  -0.3291  -0.9492  -0.2314  +0.3939
    147     23519   158   +0.046    3161     60     81  -0.3856  -1.0000  -0.3684  +0.3240
    148     23677   158   -1.966    3034     70     52  -0.4746  -1.0000  -0.5322  +0.0802
    149     23839   162   -1.941    2614     81     51  -0.5611  -1.0000  -0.5319  -0.1909
    150     23997   158   -2.971    2212     65     65  -0.5458  -1.0000  -0.5751  -0.1433
    151     24157   160   +0.238    3521     67     37  -0.3686  -1.0000  -0.2336  +0.3187
    152     24323   166   -0.138    3689     65     46  -0.3629  -1.0000  -0.4504  +0.4136
    153     24484   161   +0.775    3501     66     46  -0.4093  -1.0000  -0.6429  +0.3241
    154     24645   161   -1.696    2012     59     57  -0.5424  -1.0000  -0.5927  -0.1412
    155     24805   160   -2.467    2295     53     67  -0.5125  -1.0000  -0.9645  +0.0800
    156     24973   168   -1.554    3059     60     60  -0.4093  -1.0000  -0.5080  +0.2784
    157     25130   157   -0.825     686     63     54  -0.7608  -1.0000  -1.0000  -0.7280
    158     25292   162   +4.539    4610     68     50  -0.1267  -0.7901  +0.2799  +0.6848
    159     25457   165   -3.122    1875     54     84  -0.5487  -1.0000  -0.6777  -0.1248
    160     25621   164   +2.945    4146     63     51  -0.1992  -0.9118  +0.1530  +0.6403
    161     25782   161   -0.646    2467     53     64  -0.4342  -1.0000  -0.4099  +0.1546
    162     25940   158   -1.987    3004     65     41  -0.4355  -1.0000  -0.4218  +0.1578
    163     26094   154   -3.484    1295     62     59  -0.6869  -1.0000  -1.0000  -0.4800
    164     26256   162   -1.827    3806     80     37  -0.4220  -1.0000  -0.3126  +0.1892
    165     26408   152   -2.515    1687     37     94  -0.4914  -1.0000  -1.0000  +0.1521
    166     26564   156   +0.467    4263     70     34  -0.2624  -0.8811  -0.2540  +0.5241
    167     26719   155   +8.092    5203     52     99  +0.0899  -0.6345  +0.8962  +1.0000
    168     26885   166   -3.788    1984     64     67  -0.5935  -1.0000  -0.7866  -0.2305
    169     27046   161   -2.539    2335     73     35  -0.5520  -1.0000  -0.4955  -0.1968
    170     27210   164   -0.626    3658     63     72  -0.3020  -1.0000  +0.0638  +0.4579
    171     27376   166   -0.566    3373     68     58  -0.4174  -1.0000  -0.4581  +0.2459
    172     27542   166   +2.642    4824     78     43  -0.1835  -0.7339  -0.0650  +0.5468
    173     27700   158   +6.310    4710     54     80  +0.0518  -0.7638  +1.0000  +1.0000
    174     27862   162   +6.917    5071     62     50  +0.0718  -0.6690  +0.8053  +1.0000
    175     28020   158   -0.810    3297     63     37  -0.3913  -1.0000  -0.4548  +0.3098
    176     28174   154   -0.825    3069     60     69  -0.4277  -1.0000  -0.6630  +0.2751
    177     28334   160   +3.154    4025     53     80  -0.1619  -0.9435  -0.1473  +0.9087
    178     28494   160   +1.035    2329     60     61  -0.4221  -1.0000  +0.2673  -0.0227
    179     28653   159  +10.276    6141     61     58  +0.1960  -0.3883  +0.9339  +1.0000
    180     28812   159   +4.695    4526     65     72  -0.0980  -0.8119  +0.4825  +0.7510
    181     28971   159   -3.442    2566     78     42  -0.5549  -1.0000  -0.5311  -0.1809
    182     29124   153   -2.535    2254     73     25  -0.6029  -1.0000  -0.9396  -0.2252
    183     29283   159   +4.099    4303     59     47  -0.1401  -0.8707  +0.0316  +0.8140
    184     29441   158   -3.957    1606     60     46  -0.6367  -1.0000  -1.0000  -0.3257
    185     29598   157   -0.686    3677     69     42  -0.3503  -1.0000  -0.0739  +0.3332
    186     29757   159   -0.652    3951     72     38  -0.3378  -0.9630  -0.2289  +0.3789
    187     29916   159   -3.197    3220     70     40  -0.4458  -1.0000  -0.4634  +0.1458
    188     30071   155   -0.682    3056     54     79  -0.3550  -1.0000  -0.3395  +0.4066
    189     30226   155   +4.783    4837     65     58  -0.0690  -0.7305  +0.0829  +0.8630
    190     30387   161   +0.593    2722     63     47  -0.4615  -1.0000  -0.4513  +0.0817
    191     30542   155   -2.144    2783     63     55  -0.4827  -1.0000  -0.7162  +0.1048
    192     30706   164   -1.819    1971     59     52  -0.5658  -1.0000  -0.7597  -0.1661
    193     30866   160   +7.063    5511     60     62  +0.1000  -0.5536  +0.6419  +1.0000
    194     31028   162   -0.779    2469     64     46  -0.4969  -1.0000  -0.4504  -0.0356
    195     31186   158   +1.901    3622     76     25  -0.3609  -1.0000  +0.2387  +0.1939
    196     31344   158   +1.103    2874     54     44  -0.3667  -1.0000  -0.2922  +0.3276
    197     31509   165   -1.721    1893     70     49  -0.5482  -1.0000  -0.0741  -0.3204
    198     31665   156   +0.470    3708     75     37  -0.3203  -1.0000  +0.5303  +0.2383
    199     31828   163   -3.149    1783     51     91  -0.5555  -1.0000  -0.7643  -0.1185
    200     31987   159   +3.714    4562     78     33  -0.2200  -0.8027  +0.0857  +0.4604

  ── rolling mean (last 100 ep) ──  cum_R=+0.208  yield=3171 kg/ha  N=64  W=57 mm  R_seas=-0.3778  R_ane=+0.2256

    201     32148   161   +1.996    4044     57     61  -0.1617  -0.9384  +0.2106  +0.7775
    202     32308   160   -3.755    1939     57     54  -0.5826  -1.0000  -1.0000  -0.1447
    203     32463   155   -3.681    1409     74     31  -0.7004  -1.0000  -1.0000  -0.5237
    204     32522    59   -7.781       0     28     11  -0.8164  -1.0000  -1.0000  -1.0000
    205     32685   163   +1.887    3944     60     51  -0.1864  -0.9647  +0.4565  +0.6464
    206     32846   161   +5.291    4770     63     37  -0.0404  -0.7481  +0.3236  +0.8851
    207     33010   164   +2.769    4238     68     51  -0.2270  -0.8876  +0.0408  +0.5603
    208     33168   158   -1.622    2180     78     32  -0.6038  -1.0000  -0.6716  -0.3035
    209     33328   160   -0.481    3863     74     42  -0.3375  -0.9860  +0.1000  +0.3075
    210     33485   157   -1.107    2440     49     77  -0.4166  -1.0000  -0.5315  +0.2544
    211     33643   158   +2.033    2908     39     86  -0.2253  -1.0000  -0.5062  +0.8729
    212     33804   161   +0.505    4198     86     49  -0.3318  -0.8981  +0.1565  +0.2156
    213     33966   162   +0.388    3981     64     66  -0.3166  -0.9551  -0.5553  +0.5542
    214     34127   161   -2.652    1738     88     32  -0.6920  -1.0000  -0.8921  -0.5078
    215     34292   165   +7.120    5763     78     36  +0.0676  -0.4874  +0.5540  +0.8446
    216     34455   163   +0.993    3690     67     68  -0.2537  -1.0000  +0.7753  +0.3855
    217     34615   160   -1.713    1685     72     32  -0.6172  -1.0000  -0.4913  -0.4181
    218     34774   159   -0.792    3286     65     42  -0.3876  -1.0000  -0.2742  +0.2689
    219     34937   163   +2.781    4606     90     30  -0.2375  -0.7910  +0.4442  +0.2842
    220     35101   164   -1.216    3138     66     46  -0.4396  -1.0000  -0.5415  +0.1892
    221     35255   154   -1.944    2000     58     52  -0.5327  -1.0000  -0.5391  -0.1318
    222     35421   166   +4.652    4063     68     45  -0.2062  -0.9337  +0.6035  +0.4992
    223     35587   166   -0.034    3945     80     45  -0.3499  -0.9646  +0.1713  +0.2269
    224     35751   164   -1.509    3752     65     40  -0.3414  -1.0000  -0.3246  +0.4389
    225     35912   161   -1.161    2952     59     71  -0.4152  -1.0000  -0.4699  +0.2515
    226     36077   165   +2.220    4490     73     41  -0.1951  -0.8216  +0.1678  +0.5378
    227     36235   158   -0.238    2332     51     74  -0.4553  -1.0000  -0.5883  +0.1458
    228     36392   157   -0.763    3148     59     64  -0.4063  -1.0000  -0.6743  +0.3437
    229     36551   159   -1.610    3397     77     51  -0.4774  -1.0000  -0.6149  +0.1085
    230     36707   156   +2.632    4234     67     37  -0.2141  -0.8886  +0.0790  +0.5813
    231     36870   163   -0.905    3605     72     42  -0.4272  -1.0000  -0.5852  +0.2524
    232     37032   162   +2.022    3679     57     40  -0.2611  -1.0000  -0.0464  +0.6009
    233     37187   155   -2.882    1791     71     40  -0.6380  -1.0000  -0.8283  -0.3718
    234     37352   165   -0.694    3045     63     41  -0.4371  -1.0000  -0.5740  +0.2005
    235     37512   160   +2.779    3796     55     53  -0.2277  -1.0000  -0.0953  +0.7330
    236     37671   159   -1.100    2904     60     42  -0.3947  -1.0000  -0.1887  +0.2082
    237     37829   158   -4.026    1830     59     56  -0.5845  -1.0000  -0.7586  -0.2260
    238     37985   156   -3.153    2192     52     56  -0.5184  -1.0000  -0.9641  +0.0508
    239     38148   163   +0.255    3784     58     54  -0.2656  -1.0000  -0.1498  +0.6308
    240     38311   163   +2.395    4447     72     47  -0.2673  -0.8327  -0.5182  +0.5434
    241     38475   164   +1.497    3958     64     55  -0.2386  -0.9613  +0.2684  +0.5406
    242     38639   164   +2.108    3807     47     73  -0.1223  -1.0000  +0.1561  +1.0000
    243     38804   165   -1.338    2496     61     59  -0.4926  -1.0000  -0.5673  +0.0216
    244     38966   162   +7.618    5282     59     51  +0.0662  -0.6136  +0.5128  +1.0000
    245     39122   156   +7.016    4893     61     44  +0.0082  -0.7158  +0.3544  +0.9952
    246     39284   162   -2.884    2384     70     59  -0.5843  -1.0000  -0.9430  -0.1447
    247     39444   160   -2.399    2881     65     43  -0.4881  -1.0000  -0.7953  +0.1082
    248     39609   165   -3.339    1650     62     42  -0.6318  -1.0000  -0.9045  -0.3388
    249     39771   162   -1.316    1580     66     49  -0.6567  -1.0000  -0.9294  -0.4033
    250     39932   161   +2.876    4157     58     45  -0.1674  -0.9089  -0.0373  +0.7930
    251     40091   159   -2.882    1689     48     73  -0.5754  -1.0000  -1.0000  -0.1224
    252     40243   152   +1.480    3060     62     52  -0.3185  -1.0000  +0.5057  +0.2402
    253     40406   163   +4.512    4855     71     49  -0.1097  -0.7258  +0.1238  +0.7117
    254     40560   154   +0.841    2658     50     68  -0.3070  -1.0000  +0.3693  +0.3168
    255     40716   156   +1.694    4353     70     53  -0.2056  -0.8574  +0.1321  +0.5650
    256     40882   166   -0.864    2620     74     58  -0.5233  -1.0000  -0.3999  -0.1157
    257     41043   161   +0.925    2356     56     44  -0.3683  -1.0000  +0.5122  +0.0569
    258     41197   154   -0.383    3100     67     26  -0.4162  -1.0000  -0.2640  +0.1620
    259     41354   157   +1.260    3114     49     52  -0.2584  -1.0000  +0.0258  +0.5799
    260     41515   161   +5.086    4511     59     48  -0.0754  -0.8159  +0.1555  +0.9147
    261     41672   157   +2.431    4101     60     41  -0.1800  -0.9235  +0.1595  +0.7057
    262     41836   164   +6.790    4364     50     57  -0.0465  -0.8545  +0.3170  +1.0000
    263     41992   156   +0.381    2037     54     56  -0.4907  -1.0000  -0.3310  -0.0642
    264     42158   166   +1.594    4249     66     58  -0.2468  -0.8848  -0.2862  +0.6016
    265     42318   160   -2.423    2596     63     45  -0.5068  -1.0000  -0.7573  +0.0315
    266     42482   164   +4.120    4461     55     55  -0.0536  -0.8291  +0.1663  +1.0000
    267     42639   157   +0.002    2903     49     61  -0.3416  -1.0000  -0.4837  +0.4785
    268     42802   163   +5.605    5300     77     41  -0.0488  -0.6088  +0.2677  +0.7158
    269     42963   161   +4.790    4052     49     54  -0.1315  -0.9366  -0.2157  +1.0000
    270     43118   155   -0.922    2591     72     49  -0.5203  -1.0000  -0.4480  -0.0992
    271     43279   161   -3.382    1720     71     33  -0.6614  -1.0000  -1.0000  -0.3972
    272     43440   161   +2.596    2805     48     68  -0.3671  -1.0000  -0.6462  +0.4513
    273     43599   159   -3.063    1132     61     42  -0.6996  -1.0000  -1.0000  -0.5357
    274     43760   161   -2.321    1941     74     45  -0.5800  -1.0000  -0.3169  -0.3418
    275     43921   161   -0.866    2843     51     71  -0.3523  -1.0000  -0.3188  +0.3973
    276     44079   158   -1.477    2790     62     38  -0.4503  -1.0000  -0.4620  +0.1160
    277     44235   156   -0.368    2610     51     62  -0.4207  -1.0000  -0.6627  +0.2781
    278     44402   167   +6.147    5385     65     33  +0.0893  -0.5866  +0.6281  +1.0000
    279     44566   164   +4.242    4194     61     72  -0.1834  -0.8992  +0.0785  +0.7116
    280     44725   159   -2.845    3041     64     28  -0.4349  -1.0000  -0.5494  +0.1919
    281     44881   156   +1.133    3060     63     52  -0.3173  -1.0000  +0.6250  +0.2078
    282     45033   152   +6.366    4765     49     51  +0.0308  -0.7493  +0.6539  +1.0000
    283     45193   160   -3.141    1712     63     34  -0.6342  -1.0000  -1.0000  -0.3196
    284     45360   167   -0.787    1665     54     56  -0.5079  -1.0000  -0.0045  -0.2308
    285     45513   153   +2.665    2804     63     31  -0.3728  -1.0000  +0.3075  +0.1138
    286     45666   153   -3.282    1568     47     54  -0.5825  -1.0000  -1.0000  -0.1609
    287     45830   164   +3.601    4514     62     49  -0.1209  -0.8151  -0.0152  +0.8246
    288     45990   160   +2.301    3868     54     54  -0.1862  -0.9847  +0.0889  +0.7886
    289     46150   160   +7.532    5764     62     40  +0.1117  -0.4873  +0.4583  +1.0000
    290     46317   167   -0.254    3296     64     35  -0.3723  -1.0000  -0.1915  +0.2863
    291     46476   159   +1.246    4237     70     40  -0.2455  -0.8880  -0.0384  +0.5210
    292     46636   160   +6.085    3241     40     75  -0.1686  -1.0000  -0.3335  +1.0000
    293     46797   161   -3.988    1223     63     43  -0.6944  -1.0000  -1.0000  -0.5144
    294     46959   162   +3.529    3562     46     51  -0.1461  -1.0000  +0.1293  +0.9149
    295     47125   166   -1.614    1964     56     52  -0.5472  -1.0000  -0.7318  -0.1192
    296     47285   160   +3.674    4033     57     38  -0.1475  -0.9416  +0.3466  +0.7684
    297     47443   158   -1.968    1882     60     49  -0.6040  -1.0000  -1.0000  -0.2144
    298     47608   165   -1.324    2937     69     59  -0.4907  -1.0000  -0.6492  +0.0677
    299     47759   151   -1.247    2284     56     56  -0.4454  -1.0000  -0.1486  +0.0278
    300     47916   157   +1.082    3565     70     49  -0.3356  -1.0000  +0.2604  +0.2769

  ── rolling mean (last 100 ep) ──  cum_R=+0.620  yield=3217 kg/ha  N=62  W=49 mm  R_seas=-0.3499  R_ane=+0.3013

    301     48080   164   +1.054    4075     64     32  -0.2682  -0.9305  -0.3933  +0.6053
    302     48242   162   -0.241    3445     72     38  -0.4368  -1.0000  -0.5054  +0.1919
    303     48404   162   +6.433    5229     64     35  +0.0612  -0.6276  +0.5135  +1.0000
    304     48560   156   +0.745    3139     53     50  -0.3032  -1.0000  -0.1426  +0.4912
    305     48720   160   -3.397    1316     67     41  -0.6948  -1.0000  -1.0000  -0.5102
    306     48874   154   -4.117    2004     53     45  -0.5532  -1.0000  -1.0000  -0.0585
    307     49033   159   +0.908    2553     59     60  -0.3934  -1.0000  +0.2187  +0.0872
    308     49194   161   -1.254    1577     75     51  -0.6654  -1.0000  -0.7507  -0.4751
    309     49354   160   -1.079    2932     53     56  -0.3838  -1.0000  -0.6166  +0.3853
    310     49508   154   -1.019    2870     56     40  -0.4211  -1.0000  -0.6924  +0.2805
    311     49672   164   +1.917    4004     64     45  -0.1553  -0.9491  +0.9704  +0.5613
    312     49833   161   -2.356    1463     56     46  -0.6429  -1.0000  -1.0000  -0.3515
    313     49989   156   -2.126    1948     51     48  -0.4897  -1.0000  -0.3898  -0.0516
    314     50146   157   +4.595    2690     40     71  -0.2434  -1.0000  -0.0652  +0.6588
    315     50310   164   -2.277    1338     64     45  -0.6858  -1.0000  -1.0000  -0.4815
    316     50469   159   +0.150    2941     54     60  -0.3180  -1.0000  +0.1125  +0.3652
    317     50636   167   +2.697    3956     61     44  -0.2299  -0.9616  +0.0464  +0.6310
    318     50801   165   +7.539    4947     57     50  +0.0360  -0.7015  +0.5526  +1.0000
    319     50962   161   -4.496    1826     59     53  -0.6081  -1.0000  -1.0000  -0.2267
    320     51124   162   +6.471    5133     57     49  +0.0412  -0.6527  +0.4068  +1.0000
    321     51279   155   +3.118    3931     53     29  -0.1028  -0.9683  +0.5890  +0.8598
    322     51438   159   +2.652    3147     67     49  -0.3741  -1.0000  +0.1939  +0.1667
    323     51599   161   +2.743    3653     52     46  -0.2392  -1.0000  -0.3583  +0.7719
    324     51760   161   -1.613    2739     57     40  -0.4329  -1.0000  -0.5641  +0.2003
    325     51920   160   +5.313    4334     48     51  -0.0093  -0.8624  +0.6970  +1.0000
    326     52083   163   -2.406    1228     51     40  -0.6540  -1.0000  -1.0000  -0.4011
    327     52245   162   -3.121    1482     59     64  -0.6530  -1.0000  -1.0000  -0.3693
    328     52405   160   +7.093    5657     56     62  +0.0820  -0.5153  +0.2860  +1.0000
    329     52572   167   -0.410    3038     69     35  -0.4017  -1.0000  +0.0997  +0.0993
    330     52726   154   -2.895    1092     52     55  -0.6791  -1.0000  -1.0000  -0.4740
    331     52885   159   -1.237    3297     64     40  -0.3731  -1.0000  -0.1805  +0.2833
    332     53050   165   -2.186    2629     62     54  -0.4841  -1.0000  -0.6072  +0.0612
    333     53207   157   +9.131    3535     44     38  -0.0318  -1.0000  +0.9770  +1.0000
    334     53366   159   +2.109    3360     51     56  -0.2583  -1.0000  -0.1534  +0.6456
    335     53522   156   -3.259    1686     48     40  -0.5678  -1.0000  -1.0000  -0.1196
    336     53683   161   -3.420    1693     53     43  -0.5942  -1.0000  -1.0000  -0.1975
    337     53846   163   -0.822    2576     45     65  -0.3815  -1.0000  -0.7672  +0.4355
    338     54006   160   +3.135    3110     46     51  -0.2601  -1.0000  -0.3896  +0.7061
    339     54165   159   -2.056    2230     49     71  -0.4270  -1.0000  -0.3166  +0.1438
    340     54326   161   -4.464    2063     57     38  -0.5456  -1.0000  -0.8301  -0.0890
    341     54489   163   +3.304    3730     44     58  -0.1389  -1.0000  -0.0542  +1.0000
    342     54651   162   -2.234    2076     57     72  -0.5514  -1.0000  -0.8119  -0.0912
    343     54813   162   -2.305    1961     42     77  -0.4688  -1.0000  -0.7973  +0.1585
    344     54969   156   +4.210    3593     43     62  -0.0462  -1.0000  +0.8743  +1.0000
    345     55134   165   -5.081    1566     59     33  -0.6382  -1.0000  -1.0000  -0.3399
    346     55293   159   -3.913    1636     48     53  -0.5812  -1.0000  -1.0000  -0.1547
    347     55451   158   +1.049    3314     55     54  -0.2720  -1.0000  +0.1085  +0.5177
    348     55618   167   +2.167    4148     65     47  -0.1731  -0.9114  +0.5660  +0.5898
    349     55779   161   -3.996    1350     53     47  -0.6436  -1.0000  -1.0000  -0.3597
    350     55939   160   +1.542    3556     53     57  -0.2755  -1.0000  -0.4454  +0.6892
    351     56100   161   -2.663    1030     48     43  -0.6703  -1.0000  -1.0000  -0.4596
    352     56255   155   +5.699    3858     45     40  -0.0453  -0.9875  +0.8009  +1.0000
    353     56419   164   +5.830    4667     50     52  +0.0109  -0.7752  +0.5616  +1.0000
    354     56581   162   +4.372    3578     39     55  -0.1079  -1.0000  +0.2243  +1.0000
    355     56736   155   -4.339    1308     45     42  -0.6134  -1.0000  -1.0000  -0.2748
    356     56896   160   +5.444    3483     38     76  -0.0537  -1.0000  +0.8028  +1.0000
    357     57062   166   -0.491    2706     48     45  -0.4057  -1.0000  -0.9219  +0.3988
    358     57223   161   +4.968    3016     45     53  -0.1345  -1.0000  +0.9287  +0.6857
    359     57387   164   +6.412    4941     57     61  +0.0659  -0.7032  +0.8807  +1.0000
    360     57545   158   -0.261    2957     49     62  -0.3457  -1.0000  -0.5747  +0.4958
    361     57709   164   -1.261    2730     57     39  -0.4450  -1.0000  -0.6633  +0.1928
    362     57875   166   -3.374    2570     61     52  -0.4983  -1.0000  -0.7557  +0.0602
    363     58031   156   -4.993    1934     60     46  -0.5956  -1.0000  -1.0000  -0.1889
    364     58194   163   +1.370    2810     42     41  -0.2392  -1.0000  -0.1122  +0.6710
    365     58349   155   +2.056    3002     42     56  -0.1857  -1.0000  +0.1755  +0.7641
    366     58516   167   +0.547    3215     70     40  -0.4085  -1.0000  -0.0806  +0.1423
    367     58683   167   +0.934    3780     54     42  -0.2444  -1.0000  -0.3021  +0.7377
    368     58844   161   +0.064    2919     52     58  -0.3420  -1.0000  -0.2540  +0.4036
    369     58996   152   +4.173    3539     47     40  -0.1149  -1.0000  +0.5117  +0.8845
    370     59156   160   +3.955    4213     43     36  -0.0049  -0.8943  +0.8184  +1.0000
    371     59317   161   +3.505    3452     46     59  -0.2011  -1.0000  -0.3074  +0.8813
    372     59477   160   -2.084    1863     45     38  -0.5224  -1.0000  -1.0000  +0.0261
    373     59636   159   +2.362    4189     63     44  -0.1914  -0.9005  +0.1135  +0.6595
    374     59796   160   -0.103    2756     42     45  -0.2843  -1.0000  -0.4260  +0.6283
    375     59956   160   -2.530    1550     62     38  -0.6332  -1.0000  -0.8365  -0.3705
    376     60112   156   +0.344    3512     56     42  -0.3335  -1.0000  -0.6351  +0.5554
    377     60269   157   +5.321    4042     46     68  -0.1210  -0.9392  -0.0904  +1.0000
    378     60426   157   -0.588    3126     56     44  -0.3477  -1.0000  -0.3230  +0.4044
    379     60586   160   +3.392    3830     50     48  -0.0663  -0.9948  +0.9599  +0.9010
    380     60748   162   +7.088    4057     53     41  -0.0853  -0.9352  +0.5404  +0.8987
    381     60908   160   -2.231    1739     54     50  -0.5602  -1.0000  -0.6490  -0.1943
    382     61062   154   -2.018    1797     45     42  -0.4284  -1.0000  +0.0162  +0.0023
    383     61221   159   -1.452    1969     55     43  -0.5096  -1.0000  -0.4105  -0.1077
    384     61386   165   +6.719    5186     58     68  +0.0537  -0.6387  +0.5197  +1.0000
    385     61534   148   +4.467    3832     43     52  -0.0405  -0.9941  +0.8909  +1.0000
    386     61694   160   +1.395    3124     51     42  -0.3067  -1.0000  -0.3179  +0.5301
    387     61852   158   +3.197    2854     34     67  -0.1785  -1.0000  -0.4836  +1.0000
    388     62006   154   +7.561    3504     50     44  -0.1313  -1.0000  +0.7600  +0.7550
    389     62171   165   +5.360    4421     49     49  -0.0378  -0.8397  +0.3252  +1.0000
    390     62328   157   +5.961    4321     51     53  +0.0133  -0.8658  +0.9597  +1.0000
    391     62488   160   -1.157    2710     48     42  -0.3702  -1.0000  -0.6448  +0.4219
    392     62648   160   +3.681    4250     48     42  -0.0766  -0.8845  +0.0984  +1.0000
    393     62802   154   +6.264    4768     50     33  +0.0287  -0.7487  +0.5962  +1.0000
    394     62960   158   -5.101    1376     55     71  -0.6530  -1.0000  -1.0000  -0.3714
    395     63119   159   +1.668    3240     52     41  -0.2606  -1.0000  +0.0199  +0.5710
    396     63282   163   -2.071    1550     55     46  -0.5612  -1.0000  -0.3722  -0.2918
    397     63443   161   -1.664    2700     51     53  -0.3959  -1.0000  -0.5754  +0.3254
    398     63600   157   -3.749    2379     62     32  -0.5441  -1.0000  -0.9370  -0.0427
    399     63762   162   +0.882    2971     49     36  -0.2913  -1.0000  -0.1218  +0.5094
    400     63932   170   -0.251    3067     54     40  -0.3691  -1.0000  -0.5800  +0.4137

  ── rolling mean (last 100 ep) ──  cum_R=+0.849  yield=2992 kg/ha  N=53  W=49 mm  R_seas=-0.3232  R_ane=+0.3945

    401     64091   159   +1.071    3128     56     42  -0.3149  -1.0000  +0.0517  +0.3884
    402     64252   161   -0.972    2503     50     47  -0.4220  -1.0000  -0.6614  +0.2609
    403     64417   165   +6.980    4578     44     50  +0.0249  -0.7985  +0.7653  +1.0000
    404     64577   160   -0.283    2446     40     69  -0.3434  -1.0000  -0.6374  +0.5144
    405     64738   161   +6.045    4885     48     63  +0.0183  -0.7180  +0.4219  +1.0000
    406     64896   158   +1.791    3749     58     48  -0.2511  -1.0000  +0.0468  +0.6095
    407     65056   160   +5.394    4607     52     52  +0.0067  -0.7907  +0.5957  +1.0000
    408     65219   163   +5.142    4248     52     39  +0.0124  -0.8850  +1.0000  +1.0000
    409     65376   157   -0.929     992     61     36  -0.6985  -1.0000  -0.8222  -0.5950
    410     65532   156   +3.292    3070     42     52  -0.1624  -1.0000  +0.1382  +0.8494
    411     65686   154   -1.590    1745     52     36  -0.5632  -1.0000  -0.8270  -0.1579
    412     65845   159   +2.671    3504     44     35  -0.1692  -1.0000  -0.4033  +1.0000
    413     66009   164   +1.029    2565     46     76  -0.4027  -1.0000  -0.7781  +0.3783
    414     66169   160   +2.730    2912     40     49  -0.1797  -1.0000  +0.1036  +0.8001
    415     66322   153   +2.839    3901     52     46  -0.1667  -0.9761  -0.0111  +0.8672
    416     66483   161   -4.460    1107     49     42  -0.6637  -1.0000  -1.0000  -0.4359
    417     66644   161   +7.455    4454     37     44  -0.0098  -0.8309  +0.4975  +1.0000
    418     66799   155   +1.369    3334     50     45  -0.2293  -1.0000  -0.0052  +0.6836
    419     66966   167   +7.984    5369     46     48  +0.0808  -0.5908  +0.4944  +1.0000
    420     67123   157   -2.789    2248     56     52  -0.4987  -1.0000  -0.5874  -0.0043
    421     67283   160   +4.834    4617     57     45  -0.0709  -0.7881  -0.1840  +1.0000
    422     67438   155   -0.703    1767     40     37  -0.4613  -1.0000  -0.6384  +0.1001
    423     67601   163   +5.731    4038     40     58  -0.0586  -0.9402  +0.4903  +1.0000
    424     67759   158   -2.831    2216     58     32  -0.4801  -1.0000  -0.3389  -0.0371
    425     67923   164   +2.616    3617     47     52  -0.1574  -1.0000  +0.0388  +0.9095
    426     68083   160   +2.052    3711     46     44  -0.1417  -1.0000  -0.0999  +1.0000
    427     68244   161   -0.937    2733     57     40  -0.3902  -1.0000  -0.1294  +0.1973
    428     68411   167   +5.535    4305     51     61  -0.0873  -0.8700  -0.0140  +1.0000
    429     68570   159   -1.581    2448     48     40  -0.4200  -1.0000  -0.6752  +0.2658
    430     68728   158   +0.882    3804     54     36  -0.1957  -1.0000  +0.0649  +0.7729
    431     68889   161   +8.226    4681     40     48  +0.0431  -0.7714  +0.8130  +1.0000
    432     69051   162   +4.194    3849     46     46  -0.1769  -0.9897  -0.4877  +1.0000
    433     69215   164   -2.582    2048     47     46  -0.4769  -1.0000  -0.7028  +0.0868
    434     69377   162   +0.712    3101     56     40  -0.3149  -1.0000  +0.0897  +0.3747
    435     69542   165   +4.776    3977     39     51  -0.0613  -0.9562  +0.5083  +1.0000
    436     69699   157   +1.751    3480     51     32  -0.2726  -1.0000  -0.5234  +0.7054
    437     69859   160   +0.853    2290     42     49  -0.3208  -1.0000  -0.0208  +0.3734
    438     70015   156   -2.459    1723     37     44  -0.4667  -1.0000  -0.8472  +0.1521
    439     70170   155   -2.371    2248     51     56  -0.4978  -1.0000  -0.9135  +0.1011
    440     70331   161   -0.681    2554     42     42  -0.3073  -1.0000  -0.3451  +0.5219
    441     70486   155   -4.200    1302     38     45  -0.5421  -1.0000  -0.7456  -0.1328
    442     70646   160   +2.586    2764     44     47  -0.1951  -1.0000  +0.6661  +0.5660
    443     70803   157   +2.984    3044     38     50  -0.1758  -1.0000  -0.3966  +0.9767
    444     70961   158   +1.998    2954     41     59  -0.1980  -1.0000  -0.0956  +0.8127
    445     71122   161   +1.094    3191     50     52  -0.3220  -1.0000  -0.6037  +0.5800
    446     71288   166   +2.064    3056     40     39  -0.2044  -1.0000  -0.4160  +0.8842
    447     71449   161   -0.311    3268     52     43  -0.3067  -1.0000  -0.4209  +0.5666
    448     71603   154   +3.373    3702     39     54  -0.1556  -1.0000  -0.2515  +1.0000
    449     71761   158   -2.908    2270     48     35  -0.4708  -1.0000  -0.9599  +0.1868
    450     71926   165   +3.111    3362     43     57  -0.1760  -1.0000  -0.2380  +0.9364
    451     72082   156   +0.206    2461     39     44  -0.3330  -1.0000  -0.8069  +0.5864
    452     72238   156   +4.223    3836     41     63  -0.1056  -0.9932  +0.2479  +1.0000
    453     72397   159   -0.203    2847     52     42  -0.3863  -1.0000  -0.6524  +0.3775
    454     72556   159   +5.274    4801     50     53  -0.0128  -0.7398  +0.1899  +1.0000
    455     72717   161   -2.339    1383     48     49  -0.6165  -1.0000  -1.0000  -0.2758
    456     72877   160   +0.370    2893     45     44  -0.2726  -1.0000  -0.2500  +0.6119
    457     73029   152   +2.698    4041     47     55  -0.1336  -0.9394  -0.2325  +1.0000
    458     73189   160   -3.471    1206     50     49  -0.6403  -1.0000  -0.8808  -0.3923
    459     73353   164   +1.496    3511     47     48  -0.1679  -1.0000  +0.0688  +0.8617
    460     73511   158   +7.031    5171     48     42  +0.0641  -0.6427  +0.5382  +1.0000
    461     73672   161   +0.364    3382     55     53  -0.3194  -1.0000  -0.3963  +0.5281
    462     73831   159   +2.569    3366     40     52  -0.1630  -1.0000  -0.3271  +1.0000
    463     73991   160   +2.134    2922     40     58  -0.2416  -1.0000  -0.5601  +0.8202
    464     74151   160   +6.871    4301     33     51  -0.0124  -0.8712  +0.6299  +1.0000
    465     74309   158   +1.766    2785     36     46  -0.1990  -1.0000  -0.5325  +0.9381
    466     74468   159   +2.648    3339     44     43  -0.1973  -1.0000  -0.3141  +0.8826
    467     74633   165   +0.672    2969     47     53  -0.3293  -1.0000  -0.6771  +0.5750
    468     74787   154   +3.329    3086     33     41  -0.1517  -1.0000  -0.2683  +1.0000
    469     74942   155   +4.372    3597     38     50  -0.0512  -1.0000  +0.7775  +1.0000
    470     75106   164   +5.690    3417     40     47  -0.0542  -1.0000  +0.7513  +1.0000
    471     75263   157   -3.939    1077     41     48  -0.6315  -1.0000  -1.0000  -0.3382
    472     75420   157   +6.789    4277     40     48  -0.0332  -0.8774  +0.4765  +1.0000
    473     75580   160   -1.896    2267     43     47  -0.3835  -1.0000  -0.5152  +0.3291
    474     75736   156   -3.391    1967     47     54  -0.5228  -1.0000  -1.0000  +0.0387
    475     75894   158   +0.331    2295     38     40  -0.3557  -1.0000  -0.8030  +0.5057
    476     76056   162   -3.571    1229     56     45  -0.6507  -1.0000  -0.7654  -0.4565
    477     76209   153   +2.292    3304     42     62  -0.1627  -1.0000  -0.2330  +0.9795
    478     76370   161   -0.479    2346     41     54  -0.3975  -1.0000  -0.9175  +0.4188
    479     76528   158   -0.147    2431     37     49  -0.2799  -1.0000  -0.4238  +0.6361
    480     76690   162   +2.631    3628     48     61  -0.1776  -1.0000  -0.0376  +0.8748
    481     76846   156   +0.108    2262     35     51  -0.3138  -1.0000  -0.7099  +0.6164
    482     77001   155   +2.604    2455     33     59  -0.1811  -1.0000  -0.0667  +0.8466
    483     77154   153   -2.580    1541     40     45  -0.5369  -1.0000  -1.0000  -0.0267
    484     77316   162   -2.969    2120     52     48  -0.4960  -1.0000  -0.6288  +0.0094
    485     77479   163   -2.334    1764     44     59  -0.5331  -1.0000  -1.0000  +0.0019
    486     77640   161   -0.313    2395     47     49  -0.3010  -1.0000  +0.4757  +0.2821
    487     77799   159   +1.759    2781     56     56  -0.3011  -1.0000  +0.6431  +0.2455
    488     77955   156   +2.084    2750     37     58  -0.2329  -1.0000  -0.5931  +0.8553
    489     78115   160   +0.318    2231     45     55  -0.3553  -1.0000  +0.0542  +0.2424
    490     78280   165   +0.634    2107     36     54  -0.3726  -1.0000  -0.8063  +0.4562
    491     78439   159   +4.765    3633     33     62  -0.0986  -1.0000  +0.3038  +1.0000
    492     78596   157   +5.410    3260     31     47  -0.1173  -1.0000  +0.0739  +1.0000
    493     78761   165   +4.168    4097     49     54  -0.1088  -0.9246  -0.0356  +1.0000
    494     78917   156   +3.692    3283     35     44  -0.0813  -1.0000  +0.4518  +1.0000
    495     79074   157   +0.357    2596     41     48  -0.3238  -1.0000  -0.7371  +0.5992
    496     79234   160   +5.158    3544     34     54  -0.1430  -1.0000  -0.1523  +1.0000
    497     79391   157   +2.437    2855     38     58  -0.2082  -1.0000  -0.4213  +0.8818
    498     79548   157   +2.445    2887     30     58  -0.1540  -1.0000  -0.2726  +1.0000
    499     79711   163   -2.063    2211     45     54  -0.4417  -1.0000  -0.7952  +0.2366
    500     79864   153   -3.065    1446     46     67  -0.5772  -1.0000  -0.7804  -0.2099

  ── rolling mean (last 100 ep) ──  cum_R=+1.495  yield=2998 kg/ha  N=45  W=49 mm  R_seas=-0.2679  R_ane=+0.5860

    501     80023   159   -0.272    2200     39     56  -0.3923  -1.0000  -0.7981  +0.3951
    502     80191   168   +3.303    3655     43     57  -0.1821  -1.0000  -0.4903  +1.0000
    503     80350   159   +3.988    3186     36     53  -0.1744  -1.0000  -0.4570  +1.0000
    504     80512   162   +1.045    2258     39     59  -0.3206  -1.0000  -0.2844  +0.4629
    505     80682   170   +4.877    4360     48     50  -0.0558  -0.8557  +0.2054  +1.0000
    506     80842   160   +2.918    2709     36     50  -0.2443  -1.0000  -0.7703  +0.8699
    507     81000   158   -4.127    1628     48     44  -0.5801  -1.0000  -1.0000  -0.1575
    508     81167   167   -1.565    1575     36     45  -0.4919  -1.0000  -0.9224  +0.0913
    509     81330   163   -0.540    2354     38     42  -0.3392  -1.0000  -0.7898  +0.5571
    510     81490   160   +3.560    2322     31     44  -0.2244  -1.0000  -0.6468  +0.8814
    511     81655   165   -1.703    2282     55     59  -0.5006  -1.0000  -0.7521  +0.0456
    512     81825   170   +6.860    4089     45     58  -0.0049  -0.9267  +1.0000  +1.0000
    513     81987   162   +1.925    2102     32     53  -0.2783  -1.0000  -0.5209  +0.6670
    514     82143   156   +2.814    3283     34     47  -0.1487  -1.0000  -0.2247  +1.0000
    515     82302   159   +5.328    4223     35     45  -0.0212  -0.8917  +0.6189  +1.0000
    516     82463   161   -1.046    1816     33     61  -0.4014  -1.0000  -0.9067  +0.3926
    517     82618   155   -1.392    1634     33     54  -0.4013  -1.0000  -0.4887  +0.2491
    518     82774   156   -0.701    2014     36     54  -0.4150  -1.0000  -0.9943  +0.3780
    519     82937   163   +1.628    2684     35     57  -0.2068  -1.0000  -0.5801  +0.9332
    520     83100   163   +0.697    2772     43     56  -0.2613  -1.0000  -0.1188  +0.6107
    521     83262   162   -3.088    2043     49     58  -0.5103  -1.0000  -0.8818  +0.0458
    522     83421   159   +4.244    3879     33     46  -0.0205  -0.9818  +0.9790  +1.0000
    523     83587   166   +3.687    3334     40     74  -0.1665  -1.0000  -0.3175  +1.0000
    524     83750   163   -1.248    1970     40     55  -0.4641  -1.0000  -0.9777  +0.2165
    525     83909   159   -1.247    2182     39     61  -0.3929  -1.0000  -0.7982  +0.3955
    526     84066   157   -0.380    2140     36     57  -0.3458  -1.0000  -0.6705  +0.5013
    527     84223   157   +2.262    2291     30     55  -0.1929  -1.0000  -0.4392  +0.9233
    528     84382   159   -1.512    2444     47     70  -0.4235  -1.0000  -0.7399  +0.2934
    529     84541   159   +2.778    3314     39     47  -0.1229  -1.0000  +0.0586  +1.0000
    530     84702   161   -0.984    2868     48     70  -0.3566  -1.0000  -0.6619  +0.4919
    531     84862   160   -1.777    1561     38     63  -0.5057  -1.0000  -0.8648  +0.0407
    532     85024   162   +5.287    4372     47     62  +0.0224  -0.8524  +0.9935  +1.0000
    533     85180   156   +2.822    3574     31     57  -0.1403  -1.0000  -0.1318  +1.0000
    534     85344   164   -3.416    1046     36     56  -0.6126  -1.0000  -1.0000  -0.2781
    535     85501   157   -2.639    1984     46     66  -0.4947  -1.0000  -0.8300  +0.0813
    536     85654   153   +0.645    2548     36     52  -0.2506  -1.0000  -0.5355  +0.7712
    537     85813   159   +1.687    2399     36     52  -0.2551  -1.0000  -0.2381  +0.6572
    538     85973   160   +3.161    3255     35     41  -0.1351  -1.0000  -0.0930  +1.0000
    539     86136   163   +1.052    2599     35     62  -0.2003  -1.0000  -0.2544  +0.8503
    540     86295   159   +2.076    2598     32     49  -0.1684  -1.0000  -0.4255  +1.0000
    541     86452   157   -0.380    2862     40     66  -0.2087  -1.0000  -0.1402  +0.7950
    542     86618   166   +1.561    2578     36     51  -0.2257  -1.0000  -0.2681  +0.7655
    543     86779   161   +0.359    2314     36     47  -0.3021  -1.0000  -0.5521  +0.6021
    544     86937   158   +0.931    2328     31     66  -0.2236  -1.0000  -0.6554  +0.9015
    545     87104   167   -1.205    2513     46     65  -0.3783  -1.0000  -0.5290  +0.3683
    546     87257   153   +4.328    3033     28     52  -0.0855  -1.0000  +0.3915  +1.0000
    547     87420   163   +0.035    1785     27     52  -0.3129  -1.0000  -0.8194  +0.6433
    548     87581   161   -1.493    1560     38     44  -0.4400  -1.0000  -0.1671  +0.0153
    549     87742   161   +1.087    2277     29     52  -0.1822  -1.0000  -0.4012  +0.9436
    550     87906   164   +3.647    3260     28     52  -0.0923  -1.0000  +0.3224  +1.0000
    551     88067   161   +4.155    3950     43     60  -0.0851  -0.9633  +0.3373  +1.0000
    552     88221   154   +1.085    2599     37     54  -0.2368  -1.0000  -0.3699  +0.7650
    553     88380   159   -4.151    1334     38     56  -0.5635  -1.0000  -1.0000  -0.1117
    554     88541   161   +2.294    2473     37     64  -0.2934  -1.0000  -0.6768  +0.6847
    555     88712   171   -3.021    1284     35     59  -0.5504  -1.0000  -1.0000  -0.0709
    556     88877   165   +0.906    1894     37     75  -0.4143  -1.0000  -0.6093  +0.2681
    557     89038   161   -0.927    1465     39     49  -0.4606  -1.0000  -0.1532  -0.0537
    558     89197   159   -0.486    2214     34     65  -0.3330  -1.0000  -0.8890  +0.6200
    559     89360   163   +1.536    2012     29     77  -0.3103  -1.0000  -0.9458  +0.7142
    560     89523   163   +0.753    1838     28     65  -0.2979  -1.0000  -0.7063  +0.6649
    561     89685   162   +4.038    3678     37     51  -0.1190  -1.0000  +0.0962  +1.0000
    562     89848   163   -2.449    1450     31     62  -0.4732  -1.0000  -1.0000  +0.1816
    563     90010   162   +4.150    3137     46     46  -0.1198  -1.0000  +1.0000  +0.7080
    564     90169   159   +2.524    2382     29     54  -0.1881  -1.0000  -0.6265  +1.0000
    565     90328   159   -0.131    2076     32     83  -0.3270  -1.0000  -0.7400  +0.5996
    566     90489   161   +2.538    2530     21     46  -0.1923  -1.0000  -0.7282  +1.0000
    567     90654   165   +1.831    2301     33     66  -0.2066  -1.0000  +0.0035  +0.7425
    568     90813   159   -3.145    1288     34     57  -0.5433  -1.0000  -1.0000  -0.0500
    569     90978   165   +2.377    2094     28     55  -0.2522  -1.0000  -0.8690  +0.8655
    570     91137   159   +0.996    2295     34     46  -0.2806  -1.0000  -0.6559  +0.7035
    571     91295   158   +4.137    2993     32     64  -0.1735  -1.0000  -0.4451  +1.0000
    572     91453   158   +2.329    2226     23     43  -0.1850  -1.0000  -0.6498  +1.0000
    573     91613   160   +4.466    2774     31     70  -0.1176  -1.0000  +0.1210  +1.0000
    574     91770   157   -1.512    1464     29     58  -0.4513  -1.0000  -1.0000  +0.2495
    575     91932   162   +1.400    2006     28     47  -0.2650  -1.0000  -0.8329  +0.8054
    576     92091   159   +0.673    1538     22     36  -0.2889  -1.0000  -0.9661  +0.7531
    577     92249   158   +4.967    2529     19     44  -0.1060  -1.0000  +0.1242  +1.0000
    578     92405   156   +4.616    2309     22     55  -0.1344  -1.0000  -0.1236  +1.0000
    579     92567   162   +3.452    2460     29     48  -0.1421  -1.0000  -0.1785  +1.0000
    580     92719   152   +2.542    1736     22     50  -0.1916  -1.0000  -0.7087  +1.0000
    581     92875   156   +4.319    2675     32     60  -0.0865  -1.0000  +0.4145  +1.0000
    582     93036   161   +3.225    2985     37     58  -0.1126  -1.0000  +0.1759  +1.0000
    583     93196   160   +2.650    2538     34     66  -0.2156  -1.0000  -0.5019  +0.8821
    584     93353   157   +6.157    2643     28     62  -0.1706  -1.0000  -0.4426  +1.0000
    585     93506   153   -1.938    1271     26     45  -0.4499  -1.0000  -1.0000  +0.2395
    586     93662   156   +5.008    2786     24     40  -0.1200  -1.0000  +0.0018  +1.0000
    587     93826   164   -1.794    1729     33     46  -0.4208  -1.0000  -0.8790  +0.3092
    588     93982   156   +0.961    1814     32     60  -0.3450  -1.0000  -0.3481  +0.3933
    589     94144   162   +3.794    2721     27     76  -0.1906  -1.0000  -0.6189  +1.0000
    590     94310   166   +2.413    3493     51     69  -0.1636  -1.0000  +0.6148  +0.7140
    591     94464   154   +1.190    1324     21     56  -0.3536  -1.0000  -1.0000  +0.5607
    592     94622   158   -2.482    1023     24     58  -0.5087  -1.0000  -1.0000  +0.0500
    593     94784   162   +2.652    1870     20     46  -0.2194  -1.0000  -1.0000  +1.0000
    594     94949   165   +5.845    3829     25     45  -0.0419  -0.9949  +0.7752  +1.0000
    595     95109   160   +0.151    2226     32     64  -0.2969  -1.0000  -0.8495  +0.7238
    596     95263   154   +4.410    2841     16     45  -0.0988  -1.0000  +0.1813  +1.0000
    597     95419   156   +1.462    1565     23     52  -0.2571  -1.0000  -0.5105  +0.7190
    598     95573   154   -2.402    1298     30     54  -0.4705  -1.0000  -0.6686  +0.0746
    599     95733   160   -2.619    1034     26     41  -0.5173  -1.0000  -1.0000  +0.0122
    600     95893   160   +1.808    2208     33     75  -0.3178  -1.0000  -0.8504  +0.6625

  ── rolling mean (last 100 ep) ──  cum_R=+1.266  yield=2403 kg/ha  N=34  W=56 mm  R_seas=-0.2749  R_ane=+0.6478

    601     96052   159   +5.799    2916     21     41  -0.0189  -1.0000  +1.0000  +1.0000
    602     96205   153   +1.336    1056     16     36  -0.3151  -1.0000  -1.0000  +0.6670
    603     96365   160   +1.674    1917     24     43  -0.2194  -1.0000  -0.9605  +0.9912
    604     96523   158   -0.658    1798     27     44  -0.3087  -1.0000  -0.8218  +0.6531
    605     96680   157   +0.756    1557     23     45  -0.3161  -1.0000  -1.0000  +0.6819
    606     96841   161   +6.129    3255     25     61  -0.1468  -1.0000  -0.2219  +1.0000
    607     97005   164   -3.596    1251     40     62  -0.5953  -1.0000  -1.0000  -0.2104
    608     97169   164   +3.244    1428     10     47  -0.2078  -1.0000  -0.9370  +1.0000
    609     97325   156   +5.064    2977     23     46  -0.0530  -1.0000  +0.6787  +1.0000
    610     97490   165   +0.050    2453     38     50  -0.2851  -1.0000  -0.3567  +0.5989
    611     97651   161   -0.596    1896     34     60  -0.3594  -1.0000  -0.5420  +0.4116
    612     97810   159   +3.853    2503     23     50  -0.1688  -1.0000  -0.4766  +1.0000
    613     97971   161   +7.058    4449     28     55  +0.0186  -0.8323  +0.7642  +1.0000
    614     98131   160   -1.470    1604     33     60  -0.4491  -1.0000  -0.8790  +0.2242
    615     98286   155   +3.924    2539     21     36  -0.0559  -1.0000  +0.6189  +1.0000
    616     98446   160   -1.529    1424     36     51  -0.4860  -1.0000  -0.5164  -0.0199
    617     98606   160   +1.981    2334     29     50  -0.1694  -1.0000  -0.4482  +1.0000
    618     98770   164   +1.887    1664     26     65  -0.3430  -1.0000  -1.0000  +0.6100
    619     98930   160   +0.589    1994     32     44  -0.3028  -1.0000  -0.4396  +0.5537
    620     99089   159   +0.343    2061     30     62  -0.3083  -1.0000  -0.8689  +0.6873
    621     99246   157   +1.319    2070     28     40  -0.2171  -1.0000  -0.4963  +0.8481
    622     99408   162   +4.076    2384     26     40  -0.1491  -1.0000  -0.2826  +1.0000
    623     99572   164   +3.621    3239     22     52  -0.1448  -1.0000  -0.2318  +1.0000
    624     99735   163   +0.390    1596     23     50  -0.2898  -1.0000  -0.9536  +0.7568
    625     99898   163   +2.347    2309     24     47  -0.1392  -1.0000  -0.1797  +1.0000
    626    100058   160   -1.164    1725     33     54  -0.4149  -1.0000  -0.8324  +0.3183
    627    100222   164   +0.832    1949     30     66  -0.3301  -1.0000  -0.8644  +0.6153
    628    100381   159   +4.525    2309     18     40  -0.1485  -1.0000  -0.3161  +1.0000
    629    100547   166   +4.003    2564     22     42  -0.1544  -1.0000  -0.3496  +1.0000
    630    100604    57   -7.284       0      6      4  -0.8040  -1.0000  -1.0000  -1.0000
    631    100770   166   -2.555    1663     34     66  -0.4646  -1.0000  -1.0000  +0.2191
    632    100934   164   +3.888    3072     29     35  -0.0321  -1.0000  +0.8965  +1.0000
    633    101091   157   +1.110    1613     24     32  -0.2660  -1.0000  -0.4610  +0.6621
    634    101251   160   -2.475    1220     23     34  -0.4272  -1.0000  -1.0000  +0.3046
    635    101416   165   +1.125    2328     38     65  -0.2989  -1.0000  -0.2480  +0.5265
    636    101577   161   +1.550    2821     36     44  -0.1387  -1.0000  -0.0521  +0.9770
    637    101732   155   +3.971    2275     19     48  -0.1683  -1.0000  -0.4924  +1.0000
    638    101899   167   +1.790    2048     31     58  -0.2864  -1.0000  -0.6105  +0.6721
    639    102060   161   -3.267    1470     39     61  -0.5479  -1.0000  -1.0000  -0.0543
    640    102223   163   +3.398    3092     36     64  -0.1306  -1.0000  +0.0027  +1.0000
    641    102380   157   +2.264    2926     26     50  -0.1713  -1.0000  -0.4853  +1.0000
    642    102542   162   -3.216    1118     29     42  -0.5330  -1.0000  -1.0000  -0.0337
    643    102707   165   -2.361    1612     28     38  -0.3758  -1.0000  -0.9257  +0.4604
    644    102871   164   +5.365    2935     23     51  -0.1727  -1.0000  -0.5100  +1.0000
    645    103036   165   +2.899    2611     22     40  -0.1299  -1.0000  -0.1089  +1.0000
    646    103206   170   -2.145    1157     31     48  -0.5473  -1.0000  -1.0000  -0.0736
    647    103366   160   -0.663    1668     26     44  -0.3435  -1.0000  -0.9820  +0.5888
    648    103527   161   +3.493    2458     24     51  -0.2016  -1.0000  -0.7921  +1.0000
    649    103687   160   +1.414    1976     31     55  -0.3528  -1.0000  -0.9763  +0.5717
    650    103850   163   +1.780    2453     26     47  -0.1596  -1.0000  -0.3733  +1.0000
    651    104016   166   +2.639    2128     18     56  -0.2025  -1.0000  -0.8214  +1.0000
    652    104174   158   +2.175    2339     22     51  -0.1947  -1.0000  -0.7317  +1.0000
    653    104337   163   +1.470    1649     23     47  -0.2748  -1.0000  -0.9665  +0.8090
    654    104496   159   +1.404    1710     24     38  -0.2633  -1.0000  -0.7820  +0.7814
    655    104657   161   +0.365    1816     30     42  -0.3390  -1.0000  -0.6767  +0.5069
    656    104814   157   +3.130    2543     19     44  -0.1377  -1.0000  -0.1945  +1.0000
    657    104978   164   +2.752    2217     21     50  -0.1829  -1.0000  -0.6230  +1.0000
    658    105137   159   +0.863    1546     24     45  -0.3325  -1.0000  -1.0000  +0.6276
    659    105297   160   +3.411    3657     27     36  -0.0409  -1.0000  +0.7999  +1.0000
    660    105457   160   -1.339    1291     23     48  -0.3981  -1.0000  -1.0000  +0.4096
    661    105627   170   +2.602    1890     23     38  -0.1651  -1.0000  -0.4581  +1.0000
    662    105794   167   +4.173    2526     18     63  -0.1919  -1.0000  -0.7049  +1.0000
    663    105948   154   +2.683    2066     25     48  -0.2131  -1.0000  -0.9103  +1.0000
    664    106110   162   +2.365    1667     20     49  -0.2198  -1.0000  -1.0000  +1.0000
    665    106270   160   -3.290     892     29     51  -0.5929  -1.0000  -1.0000  -0.2275
    666    106424   154   -3.467     942     28     39  -0.5688  -1.0000  -1.0000  -0.1569
    667    106586   162   +2.810    2295     21     49  -0.1750  -1.0000  -0.5461  +1.0000
    668    106741   155   +3.202    2443     25     37  -0.1338  -1.0000  -0.1371  +1.0000
    669    106895   154   +2.340    1632     19     50  -0.2154  -1.0000  -0.9566  +1.0000
    670    107052   157   -0.758    1047     18     45  -0.3884  -1.0000  -1.0000  +0.4325
    671    107210   158   +2.750    2589     25     55  -0.1489  -1.0000  -0.2526  +1.0000
    672    107368   158   +2.786    2067     19     57  -0.2134  -1.0000  -0.9230  +1.0000
    673    107525   157   +5.235    3158     23     38  -0.0205  -1.0000  +0.9886  +1.0000
    674    107687   162   +3.343    1949     24     34  -0.1799  -1.0000  -0.6120  +1.0000
    675    107847   160   -1.415    1208     25     48  -0.4582  -1.0000  -1.0000  +0.2128
    676    108011   164   +0.208    1949     29     57  -0.2891  -1.0000  -0.7369  +0.7012
    677    108170   159   +3.134    1665     19     48  -0.2191  -1.0000  -1.0000  +1.0000
    678    108333   163   +3.229    2323     23     53  -0.1602  -1.0000  -0.3797  +1.0000
    679    108495   162   +3.252    1731     20     38  -0.1767  -1.0000  -0.5903  +1.0000
    680    108651   156   +3.017    1547     18     37  -0.1869  -1.0000  -0.7043  +1.0000
    681    108807   156   +2.509    1971     19     36  -0.2073  -1.0000  -0.9039  +1.0000
    682    108971   164   -2.537    1611     32     40  -0.4417  -1.0000  -0.9666  +0.2629
    683    109130   159   +5.497    2855     30     45  -0.0799  -1.0000  +0.4410  +1.0000
    684    109290   160   -0.331    1455     22     46  -0.3350  -1.0000  -1.0000  +0.6178
    685    109452   162   -3.532     914     32     57  -0.6134  -1.0000  -1.0000  -0.2866
    686    109608   156   +0.465    1149     16     48  -0.2730  -1.0000  -1.0000  +0.8148
    687    109760   152   +6.100    3076     22     39  -0.0427  -1.0000  +0.7613  +1.0000
    688    109917   157   -2.698    1069     24     52  -0.4868  -1.0000  -1.0000  +0.1187
    689    110076   159   +4.051    2771     26     49  -0.1224  -1.0000  +0.0059  +1.0000
    690    110237   161   +2.260    2075     27     60  -0.2204  -1.0000  -0.7812  +0.9439
    691    110396   159   +2.479    2862     21     42  -0.1121  -1.0000  +0.0672  +1.0000
    692    110553   157   +3.742    1891      8     45  -0.1773  -1.0000  -0.6410  +1.0000
    693    110709   156   +2.909    2345     19     34  -0.1410  -1.0000  -0.2472  +1.0000
    694    110869   160   +3.641    2626     14     40  -0.1622  -1.0000  -0.4727  +1.0000
    695    111029   160   -3.533     806     33     35  -0.6424  -1.0000  -1.0000  -0.3958
    696    111188   159   +4.155    1620     14     43  -0.2154  -1.0000  -1.0000  +1.0000
    697    111351   163   +1.499    1850     20     36  -0.1855  -1.0000  -0.6818  +1.0000
    698    111512   161   +3.673    1911     18     38  -0.1591  -1.0000  -0.4252  +1.0000
    699    111680   168   +4.266    2507     24     46  -0.0978  -1.0000  +0.2356  +1.0000
    700    111838   158   +3.286    2021     14     41  -0.1958  -1.0000  -0.8055  +1.0000

  ── rolling mean (last 100 ep) ──  cum_R=+1.588  yield=2036 kg/ha  N=25  W=47 mm  R_seas=-0.2583  R_ane=+0.7238

    701    111998   160   +4.548    2711     23     44  -0.0926  -1.0000  +0.2763  +1.0000
    702    112159   161   +2.908    2100     21     40  -0.1594  -1.0000  -0.4099  +1.0000
    703    112319   160   +2.697    1722     22     36  -0.1895  -1.0000  -0.6502  +0.9791
    704    112481   162   +1.418    1505     22     39  -0.2992  -1.0000  -1.0000  +0.7315
    705    112637   156   +3.464    2935     24     30  -0.0850  -1.0000  +0.3295  +1.0000
    706    112792   155   +2.404    1682     14     50  -0.1952  -1.0000  -0.7835  +1.0000
    707    112959   167   -0.913    1752     28     31  -0.3302  -1.0000  -0.7097  +0.5375
    708    113122   163   +1.972    2056     17     40  -0.1972  -1.0000  -0.8075  +1.0000
    709    113280   158   +0.118    1990     30     34  -0.2264  -1.0000  -0.0143  +0.6563
    710    113444   164   +2.547    2732     21     49  -0.1351  -1.0000  -0.1457  +1.0000
    711    113610   166   -2.310    1185     24     40  -0.4477  -1.0000  -1.0000  +0.2410
    712    113769   159   +2.776    2057     20     42  -0.1934  -1.0000  -0.7477  +1.0000
    713    113928   159   +3.478    2847     25     29  -0.1472  -1.0000  -0.2877  +1.0000
    714    114084   156   +3.011    2295     13     32  -0.1476  -1.0000  -0.3456  +1.0000
    715    114239   155   +2.526    1278     15     29  -0.1712  -1.0000  -0.5758  +1.0000
    716    114395   156   +2.224    1537     20     42  -0.2447  -1.0000  -1.0000  +0.9126
    717    114550   155   +5.711    3898     20     35  -0.0228  -0.9770  +0.8472  +1.0000
    718    114702   152   +2.847    1417     18     31  -0.2109  -1.0000  -0.9162  +0.9863
    719    114866   164   +3.972    1634     15     38  -0.1860  -1.0000  -0.7078  +1.0000
    720    115027   161   +4.067    2332     21     21  -0.0691  -1.0000  +0.4565  +1.0000
    721    115186   159   +1.824    1191     16     27  -0.2469  -1.0000  -1.0000  +0.8880
    722    115345   159   +4.070    3258     24     34  -0.0460  -1.0000  +0.7283  +1.0000
    723    115501   156   +3.815    1858     18     27  -0.1757  -1.0000  -0.6154  +1.0000
    724    115660   159   -0.761    1151     18     23  -0.3478  -1.0000  -1.0000  +0.5534
    725    115818   158   +2.081    1823     17     39  -0.1891  -1.0000  -0.7286  +1.0000
    726    115980   162   +3.433    2271     18     42  -0.1770  -1.0000  -0.5949  +1.0000
    727    116143   163   -0.368    1153     22     25  -0.4157  -1.0000  -1.0000  +0.3339
    728    116303   160   +1.985    1819     23     30  -0.1934  -1.0000  -0.7457  +0.9951
    729    116459   156   +1.729    2075     17     32  -0.1807  -1.0000  -0.6583  +1.0000
    730    116615   156   +3.743    2106     22     41  -0.1456  -1.0000  -0.2650  +1.0000
    731    116776   161   +2.038    1996     17     32  -0.1915  -1.0000  -0.7635  +1.0000
    732    116930   154   -1.732    1518     29     42  -0.4082  -1.0000  -0.7273  +0.2924
    733    117091   161   +4.164    1811     17     42  -0.1965  -1.0000  -0.7966  +1.0000
    734    117253   162   +2.069    1825     25     48  -0.2097  -1.0000  -0.4378  +0.8532
    735    117417   164   +3.670    1986     17     43  -0.2103  -1.0000  -0.9310  +1.0000
    736    117578   161   -2.434     864     20     22  -0.4838  -1.0000  -0.9744  +0.0927
    737    117737   159   -3.215     799     23     39  -0.5540  -1.0000  -1.0000  -0.1161
    738    117895   158   +1.019    1608     25     32  -0.3182  -1.0000  -0.8742  +0.6270
    739    118061   166   -1.982     766     23     28  -0.5717  -1.0000  -1.0000  -0.1815
    740    118216   155   +2.211    1489     19     28  -0.2322  -1.0000  -0.9179  +0.9162
    741    118376   160   +3.239    2055     16     31  -0.1636  -1.0000  -0.4976  +1.0000
    742    118537   161   +3.347    2703     20     36  -0.1259  -1.0000  -0.0885  +1.0000
    743    118691   154   +2.202    1418     18     53  -0.2193  -1.0000  -1.0000  +1.0000
    744    118853   162   -2.672    1413     32     37  -0.4751  -1.0000  -0.7779  +0.0877
    745    119018   165   +0.897    2004     28     54  -0.2750  -1.0000  -0.8844  +0.7940
    746    119183   165   +3.114    2333     19     55  -0.1816  -1.0000  -0.6115  +1.0000
    747    119342   159   +2.168    1703     22     28  -0.1737  -1.0000  -0.4415  +0.9562
    748    119503   161   +1.711    1336     16     25  -0.2122  -1.0000  -0.9913  +1.0000
    749    119663   160   +2.480    1424     16     36  -0.2150  -1.0000  -1.0000  +1.0000
    750    119820   157   +4.369    2852     25     30  -0.0260  -1.0000  +0.9230  +1.0000
    751    119982   162   +3.326    2894     24     44  -0.1518  -1.0000  -0.3138  +1.0000
    752    120143   161   +2.734    1763     19     28  -0.2150  -1.0000  -1.0000  +1.0000
    753    120295   152   +2.238    1844     20     35  -0.1501  -1.0000  -0.3311  +1.0000
    754    120452   157   +3.089    2207     15     37  -0.2042  -1.0000  -0.8909  +1.0000
    755    120607   155   +2.349    1893     18     35  -0.2117  -1.0000  -0.9556  +1.0000
    756    120766   159   +1.887    2135     19     26  -0.1939  -1.0000  -0.7946  +1.0000
    757    120922   156   +3.471    2371     18     33  -0.1154  -1.0000  +0.0038  +1.0000
    758    121084   162   +2.214    1688     20     26  -0.1583  -1.0000  -0.4301  +1.0000
    759    121245   161   +2.935    2680     21     28  -0.1130  -1.0000  +0.0313  +1.0000
    760    121404   159   -1.597     653     16     24  -0.4985  -1.0000  -1.0000  +0.0469
    761    121574   170   +2.861    1617     20     41  -0.1771  -1.0000  -0.5882  +1.0000
    762    121734   160   +3.473    3246     19     33  -0.1213  -1.0000  -0.0519  +1.0000
    763    121890   156   +0.159    1530     22     28  -0.3030  -1.0000  -1.0000  +0.7130
    764    122049   159   +5.495    2203     20     37  -0.0812  -1.0000  +0.3596  +1.0000
    765    122212   163   -2.282    1230     35     30  -0.5363  -1.0000  -0.7385  -0.1290
    766    122369   157   +4.635    2500     14     43  -0.1450  -1.0000  -0.2915  +1.0000
    767    122525   156   +1.552    1647     22     32  -0.2405  -1.0000  -0.8209  +0.8638
    768    122684   159   +3.624    1341     19     36  -0.2380  -1.0000  -0.5271  +0.7715
    769    122846   162   +3.921    2242     18     47  -0.1677  -1.0000  -0.4906  +1.0000
    770    123001   155   -3.094     805     25     40  -0.5758  -1.0000  -1.0000  -0.1850
    771    123159   158   +2.359    1506     13     41  -0.1964  -1.0000  -0.8167  +1.0000
    772    123320   161   +2.505    1650     18     35  -0.1907  -1.0000  -0.7458  +1.0000
    773    123486   166   -0.191    1377     22     21  -0.3383  -1.0000  -1.0000  +0.5891
    774    123643   157   +1.752    1722     14     27  -0.1841  -1.0000  -0.7194  +1.0000
    775    123798   155   +2.547    1457     10     27  -0.2103  -1.0000  -1.0000  +1.0000
    776    123963   165   +5.631    3132     20     51  -0.1318  -1.0000  -0.1171  +1.0000
    777    124121   158   +3.982    1376     12     45  -0.1908  -1.0000  -0.7593  +1.0000
    778    124275   154   +2.674    1598     10     36  -0.2124  -1.0000  -1.0000  +1.0000
    779    124424   149   +1.926    1086     10     37  -0.2122  -1.0000  -1.0000  +1.0000
    780    124590   166   +2.551    2400     17     32  -0.1641  -1.0000  -0.4917  +1.0000
    781    124748   158   +2.635    1763     12     45  -0.2034  -1.0000  -0.8852  +1.0000
    782    124907   159   -0.711    1116     16     24  -0.2985  -1.0000  -1.0000  +0.7153
    783    125061   154   +2.729    1962     23     22  -0.1690  -1.0000  -0.5312  +1.0000
    784    125223   162   +3.622    2148     14     32  -0.1352  -1.0000  -0.2201  +1.0000
    785    125382   159   -0.217    1092     25     22  -0.4546  -1.0000  -0.6476  +0.0899
    786    125538   156   +5.656    3363     21     21  -0.0146  -1.0000  +1.0000  +1.0000
    787    125697   159   +2.406    1760     17     43  -0.2171  -1.0000  -1.0000  +1.0000
    788    125864   167   +2.411    1452     20     16  -0.2608  -1.0000  -0.7792  +0.7688
    789    126023   159   +2.235    1814     15     37  -0.1989  -1.0000  -0.8388  +1.0000
    790    126185   162   +3.530    2321     17     32  -0.1558  -1.0000  -0.4102  +1.0000
    791    126344   159   +4.069    1584      8     39  -0.2115  -1.0000  -1.0000  +1.0000
    792    126510   166   +0.876    1680     22     29  -0.2237  -1.0000  -0.7136  +0.8819
    793    126666   156   +1.720    1487     17     17  -0.1948  -1.0000  -0.8290  +1.0000
    794    126832   166   -1.519    1218     22     28  -0.3937  -1.0000  -0.8303  +0.3541
    795    126986   154   +3.279    1078     12     28  -0.2119  -1.0000  -1.0000  +1.0000
    796    127143   157   +2.291    1932     15     36  -0.1971  -1.0000  -0.8224  +1.0000
    797    127309   166   +2.331    1624     13     20  -0.1970  -1.0000  -0.8641  +1.0000
    798    127471   162   +3.125    1512     16     53  -0.2185  -1.0000  -1.0000  +1.0000
    799    127635   164   +3.513    2227     17     35  -0.1268  -1.0000  -0.1145  +1.0000
    800    127793   158   +4.432    2272     25     47  -0.1463  -1.0000  -0.2439  +1.0000

  ── rolling mean (last 100 ep) ──  cum_R=+2.148  yield=1855 kg/ha  N=19  W=35 mm  R_seas=-0.2217  R_ane=+0.8462

    801    127957   164   +1.970    2070     14     31  -0.1598  -1.0000  -0.4675  +1.0000
    802    128120   163   +2.148    1364     15     29  -0.2133  -1.0000  -1.0000  +1.0000
    803    128281   161   +2.932    1632     15     18  -0.1755  -1.0000  -0.6443  +1.0000
    804    128442   161   +2.404    1928     16     24  -0.2029  -1.0000  -0.9035  +1.0000
    805    128604   162   +4.999    2094     14     44  -0.1792  -1.0000  -0.6329  +1.0000
    806    128761   157   +1.524    2102     18     22  -0.1451  -1.0000  -0.3146  +1.0000
    807    128924   163   +4.300    2010     22     48  -0.1824  -1.0000  -0.6190  +1.0000
    808    129088   164   +2.162    1836     24     28  -0.1823  -1.0000  -0.4241  +0.9259
    809    129244   156   +3.540    2000     24     47  -0.1409  -1.0000  -0.1929  +1.0000
    810    129402   158   +2.241    1903     21     32  -0.2013  -1.0000  -0.8447  +1.0000
    811    129555   153   +1.608    1474     12     29  -0.1985  -1.0000  -0.8652  +1.0000
    812    129713   158   +0.824    1112     15     47  -0.2723  -1.0000  -1.0000  +0.8157
    813    129867   154   +3.193    2133     13     26  -0.1436  -1.0000  -0.3218  +1.0000
    814    130032   165   +4.061    1827     17     40  -0.2134  -1.0000  -0.9685  +1.0000
    815    130191   159   +2.507    1362     17     52  -0.2280  -1.0000  -1.0000  +0.9700
    816    130350   159   +2.646    1588     22     30  -0.2120  -1.0000  -0.3701  +0.8068
    817    130508   158   +0.595    1160     16     28  -0.2859  -1.0000  -1.0000  +0.7599
    818    130671   163   +4.712    1880     11     25  -0.1761  -1.0000  -0.6574  +1.0000
    819    130835   164   +2.303    1251     15     29  -0.2131  -1.0000  -1.0000  +1.0000
    820    130999   164   +4.764    3338     21     48  -0.0460  -1.0000  +0.7421  +1.0000
    821    131158   159   +2.294    1362     12     43  -0.2144  -1.0000  -1.0000  +1.0000
    822    131319   161   +2.478    1783     23     35  -0.2006  -1.0000  -0.7062  +0.9610
    823    131476   157   -0.107    1124     17     20  -0.3044  -1.0000  -1.0000  +0.6931
    824    131633   157   +2.312    1612      9     36  -0.2068  -1.0000  -0.9505  +1.0000
    825    131794   161   +2.725    1452     12     18  -0.1894  -1.0000  -0.7974  +1.0000
    826    131950   156   +1.694    1139     15     40  -0.2379  -1.0000  -1.0000  +0.9252
    827    132112   162   +3.179    1633     22     50  -0.2059  -1.0000  -0.4474  +0.8660
    828    132269   157   +1.425    1079     10     11  -0.2071  -1.0000  -1.0000  +1.0000
    829    132430   161   +1.586    1836     22     23  -0.1927  -1.0000  -0.7730  +1.0000
    830    132593   163   +2.780    1208     10     33  -0.2119  -1.0000  -1.0000  +1.0000
    831    132752   159   +4.408    2053     25     35  -0.1006  -1.0000  +0.1895  +1.0000
    832    132917   165   +1.635    1305     14     27  -0.2123  -1.0000  -1.0000  +1.0000
    833    133081   164   +5.645    3439     21     20  -0.0142  -1.0000  +1.0000  +1.0000
    834    133241   160   +4.381    2481     17     26  -0.0334  -1.0000  +0.8055  +1.0000
    835    133401   160   +4.153    2158     15     31  -0.0970  -1.0000  +0.1641  +1.0000
    836    133557   156   +4.084    2321     13     34  -0.1245  -1.0000  -0.1128  +1.0000
    837    133711   154   +6.024    3088     15     29  -0.0132  -1.0000  +1.0000  +1.0000
    838    133872   161   +0.978    1525     15     23  -0.2121  -1.0000  -1.0000  +1.0000
    839    134032   160   +3.177    2089     18     26  -0.1733  -1.0000  -0.5913  +1.0000
    840    134187   155   +3.209    1600     15     44  -0.1883  -1.0000  -0.7179  +1.0000
    841    134345   158   +1.110    1103     16     37  -0.2806  -1.0000  -1.0000  +0.7819
    842    134506   161   +2.039    1562     12     15  -0.1952  -1.0000  -0.8642  +1.0000
    843    134664   158   -1.000    1181     18     25  -0.3291  -1.0000  -1.0000  +0.6167
    844    134823   159   +1.988    1670     12     31  -0.1627  -1.0000  -0.5052  +1.0000
    845    134986   163   +2.880    2025     29     61  -0.2535  -1.0000  -0.5558  +0.7619
    846    135137   151   +0.017    1252     21     48  -0.3717  -1.0000  -1.0000  +0.4946
    847    135295   158   +3.714    2058     14     26  -0.1349  -1.0000  -0.2265  +1.0000
    848    135460   165   +2.855    1559     16     30  -0.2139  -1.0000  -1.0000  +1.0000
    849    135624   164   -1.688     999     19     29  -0.4205  -1.0000  -1.0000  +0.3157
    850    135788   164   +1.081    1195     18     37  -0.3248  -1.0000  -1.0000  +0.6391
    851    135944   156   +2.886    1609      6     26  -0.2001  -1.0000  -0.9186  +1.0000
    852    136101   157   +2.518    1865     21     59  -0.1637  -1.0000  -0.4133  +1.0000
    853    136265   164   +3.508    1569     17     21  -0.1924  -1.0000  -0.7970  +1.0000
    854    136429   164   +3.123    1521     16     20  -0.1875  -1.0000  -0.7565  +1.0000
    855    136592   163   +3.185    2495     29     31  -0.1237  -1.0000  -0.0311  +1.0000
    856    136752   160   +4.467    2556     15     40  -0.1267  -1.0000  -0.1110  +1.0000
    857    136914   162   +2.730    1742     19     46  -0.1860  -1.0000  -0.6722  +1.0000
    858    137081   167   +1.778    1277     17     34  -0.2393  -1.0000  -0.8941  +0.8850
    859    137241   160   +3.465    2804     25     24  -0.1001  -1.0000  +0.1716  +1.0000
    860    137405   164   +5.640    3178     12     28  -0.0627  -1.0000  +0.4880  +1.0000
    861    137566   161   +2.118    1364     14     24  -0.2019  -1.0000  -0.9003  +1.0000
    862    137724   158   +2.335    1840     14     15  -0.1702  -1.0000  -0.6014  +1.0000
    863    137883   159   +2.716    1735     16     19  -0.1669  -1.0000  -0.5521  +1.0000
    864    138043   160   +1.166    1065     14     26  -0.2416  -1.0000  -1.0000  +0.9023
    865    138199   156   +1.689    1488     14     29  -0.2126  -1.0000  -1.0000  +1.0000
    866    138360   161   +3.847    1567     13     22  -0.2074  -1.0000  -0.9654  +1.0000
    867    138522   162   +2.427    1563     18     33  -0.1930  -1.0000  -0.7734  +1.0000
    868    138673   151   +1.817    1228     11     30  -0.2112  -1.0000  -1.0000  +1.0000
    869    138840   167   +3.895    2101     16     18  -0.1101  -1.0000  +0.0137  +1.0000
    870    139000   160   +3.878    1551     16     24  -0.1694  -1.0000  -0.5667  +1.0000
    871    139158   158   +2.883    1846     12     25  -0.1896  -1.0000  -0.7861  +1.0000
    872    139315   157   +3.037    1566     10     21  -0.2086  -1.0000  -0.9927  +1.0000
    873    139478   163   +1.846    1482     11     23  -0.2079  -1.0000  -0.9762  +1.0000
    874    139638   160   +2.280    1748     21     23  -0.1590  -1.0000  -0.4394  +1.0000
    875    139797   159   +2.978    1091      8     24  -0.2090  -1.0000  -1.0000  +1.0000
    876    139956   159   +1.828    1061     13     21  -0.2107  -1.0000  -1.0000  +1.0000
    877    140121   165   +1.603    1254     11     22  -0.2099  -1.0000  -1.0000  +1.0000
    878    140283   162   +3.259    1558     14     32  -0.1698  -1.0000  -0.5648  +1.0000
    879    140444   161   +3.691    1146     13     26  -0.2071  -1.0000  -0.9557  +1.0000
    880    140599   155   +2.674    1148      8     25  -0.2091  -1.0000  -1.0000  +1.0000
    881    140763   164   +3.291    1480     12     31  -0.1896  -1.0000  -0.7719  +1.0000
    882    140922   159   +3.106    1336     15     29  -0.2130  -1.0000  -1.0000  +1.0000
    883    141083   161   +1.468    1442     15     23  -0.2024  -1.0000  -0.9031  +1.0000
    884    141244   161   +2.762    1797     14     19  -0.1446  -1.0000  -0.3390  +1.0000
    885    141403   159   +2.680    1581     13     22  -0.2018  -1.0000  -0.9082  +1.0000
    886    141562   159   +3.003    1577     15      5  -0.1192  -1.0000  -0.1070  +1.0000
    887    141724   162   +3.501    1633     19     24  -0.1784  -1.0000  -0.6419  +1.0000
    888    141881   157   +1.974    1194     13     25  -0.2114  -1.0000  -1.0000  +1.0000
    889    142044   163   +0.060    1353     26     29  -0.3827  -1.0000  -0.4893  +0.2841
    890    142208   164   +2.061    1178     12     22  -0.2106  -1.0000  -1.0000  +1.0000
    891    142363   155   +3.099    1387      6     24  -0.2080  -1.0000  -1.0000  +1.0000
    892    142526   163   +3.202    1719     12     23  -0.1756  -1.0000  -0.6529  +1.0000
    893    142687   161   +3.149    1466     19     17  -0.2066  -1.0000  -0.6761  +0.9130
    894    142844   157   +1.532    1405     19     24  -0.2284  -1.0000  -0.7758  +0.8779
    895    143001   157   +3.733    1994     15     16  -0.1649  -1.0000  -0.5406  +1.0000
    896    143162   161   +3.553    1913     10     37  -0.1950  -1.0000  -0.8256  +1.0000
    897    143320   158   +1.997    1155     12     20  -0.2103  -1.0000  -1.0000  +1.0000
    898    143481   161   +2.890    1681     13     26  -0.1787  -1.0000  -0.6695  +1.0000
    899    143643   162   +2.651    1766     21     41  -0.1898  -1.0000  -0.7117  +1.0000
    900    143798   155   +3.051    2047     10     17  -0.1652  -1.0000  -0.5672  +1.0000

  ── rolling mean (last 100 ep) ──  cum_R=+2.645  yield=1681 kg/ha  N=16  W=29 mm  R_seas=-0.1922  R_ane=+0.9520

    901    143961   163   +1.966    1880     14     18  -0.1699  -1.0000  -0.5927  +1.0000
    902    144124   163   +2.531    1818     14     20  -0.1927  -1.0000  -0.8186  +1.0000
    903    144288   164   -2.660    1191     24     20  -0.4370  -1.0000  -1.0000  +0.2626
    904    144445   157   +1.765    1404     13     22  -0.2110  -1.0000  -1.0000  +1.0000
    905    144609   164   -0.594     829     21     22  -0.5158  -1.0000  -1.0000  -0.0035
    906    144767   158   +2.691    1389     10     27  -0.1786  -1.0000  -0.6822  +1.0000
    907    144926   159   +2.546    1436     13     12  -0.2092  -1.0000  -1.0000  +1.0000
    908    145086   160   +4.280    2223     16     16  -0.0641  -1.0000  +0.4698  +1.0000
    909    145258   172   +1.843    1688     10     12  -0.1956  -1.0000  -0.8847  +1.0000
    910    145419   161   +5.882    3030     22     12  -0.0133  -1.0000  +1.0000  +1.0000
    911    145575   156   -4.362     674     21     12  -0.5694  -1.0000  -1.0000  -0.1891
    912    145736   161   +5.018    2920     16     12  -0.0199  -1.0000  +0.9072  +1.0000
    913    145895   159   +2.723    1092      9     19  -0.2081  -1.0000  -1.0000  +1.0000
    914    146064   169   +2.127    2112     23     11  -0.1708  -1.0000  -0.5737  +1.0000
    915    146223   159   +5.895    2674     15     28  -0.0605  -1.0000  +0.5261  +1.0000
    916    146381   158   +1.971    1059     11     15  -0.2087  -1.0000  -1.0000  +1.0000
    917    146545   164   +2.407    1480     17     34  -0.2123  -1.0000  -0.9687  +1.0000
    918    146701   156   +2.929    1070      8     41  -0.2123  -1.0000  -1.0000  +1.0000
    919    146860   159   +1.390    1067     12     12  -0.2087  -1.0000  -1.0000  +1.0000
    920    147018   158   +2.125    1740     15     14  -0.1413  -1.0000  -0.3103  +1.0000
    921    147170   152   +1.928    2170     15     17  -0.1596  -1.0000  -0.4883  +1.0000
    922    147325   155   +1.386     998     12     36  -0.2132  -1.0000  -1.0000  +1.0000
    923    147488   163   +2.945    1738     10     21  -0.2037  -1.0000  -0.9462  +1.0000
    924    147654   166   +3.901    2261     13     25  -0.1224  -1.0000  -0.1080  +1.0000
    925    147810   156   +1.806    1488     14     21  -0.2115  -1.0000  -1.0000  +1.0000
    926    147967   157   +3.240    1841     12     16  -0.1813  -1.0000  -0.7215  +1.0000
    927    148119   152   +2.305    1849     10     17  -0.1757  -1.0000  -0.6721  +1.0000
    928    148278   159   +2.892    1469     15     39  -0.2031  -1.0000  -0.8804  +1.0000
    929    148435   157   +3.236    1706     12     12  -0.0950  -1.0000  +0.1362  +1.0000
    930    148598   163   +3.344    2598     17     31  -0.1283  -1.0000  -0.1366  +1.0000
    931    148753   155   +1.507    1612     12     17  -0.1812  -1.0000  -0.7182  +1.0000
    932    148908   155   +4.302    1840     12     25  -0.1743  -1.0000  -0.6310  +1.0000
    933    149070   162   +2.715    1383     15     17  -0.2109  -1.0000  -1.0000  +1.0000
    934    149226   156   +2.175    1239      8     16  -0.2069  -1.0000  -1.0000  +1.0000
    935    149388   162   +3.142    2083     16     22  -0.1205  -1.0000  -0.0783  +1.0000
    936    149539   151   +4.402    2326     14     22  -0.0650  -1.0000  +0.4651  +1.0000
    937    149696   157   +6.867    2502      8     25  -0.0091  -1.0000  +1.0000  +1.0000
    938    149855   159   +0.967    1103     16     19  -0.2763  -1.0000  -1.0000  +0.7840
    939    150009   154   +1.300    1315     16     12  -0.2012  -1.0000  -0.9110  +1.0000
    940    150171   162   +1.880     957     13     18  -0.2676  -1.0000  -1.0000  +0.8090
    941    150334   163   +4.860    1875     13     46  -0.1719  -1.0000  -0.5618  +1.0000
    942    150499   165   +4.983    1940      9     21  -0.1759  -1.0000  -0.6687  +1.0000
    943    150656   157   +2.046    1609     10      9  -0.1647  -1.0000  -0.5788  +1.0000
    944    150816   160   +4.769    2301     20     19  -0.0996  -1.0000  +0.1396  +1.0000
    945    150975   159   +2.678    1975     11     15  -0.1732  -1.0000  -0.6492  +1.0000
    946    151133   158   -0.119     785     14     12  -0.3710  -1.0000  -0.8951  +0.4258
    947    151292   159   +3.150    1044     11     42  -0.2137  -1.0000  -1.0000  +1.0000
    948    151442   150   +1.949    1109      9     22  -0.2087  -1.0000  -1.0000  +1.0000
    949    151606   164   +3.733    2321     10     12  -0.0829  -1.0000  +0.2465  +1.0000
    950    151765   159   +2.547    1619     13     13  -0.1730  -1.0000  -0.6377  +1.0000
    951    151925   160   +1.233    1357     16     20  -0.2083  -1.0000  -0.9625  +1.0000
    952    152089   164   +4.248    2568     16     20  -0.0870  -1.0000  +0.2531  +1.0000
    953    152245   156   +2.621    1706      7     33  -0.1942  -1.0000  -0.8387  +1.0000
    954    152405   160   +3.870    1802     13     19  -0.1176  -1.0000  -0.0748  +1.0000
    955    152566   161   +3.308    1831      7     35  -0.1875  -1.0000  -0.7691  +1.0000
    956    152723   157   +3.196    1636     13     22  -0.1173  -1.0000  -0.0670  +1.0000
    957    152884   161   +2.603    1294     11     34  -0.1849  -1.0000  -0.7247  +1.0000
    958    153043   159   +2.639    2048     13     24  -0.1880  -1.0000  -0.7677  +1.0000
    959    153202   159   +2.942    1032     11     22  -0.1832  -1.0000  -0.7318  +1.0000
    960    153361   159   +2.901    1906     16     12  -0.1350  -1.0000  -0.2444  +1.0000
    961    153521   160   +3.268    1408     13     25  -0.2068  -1.0000  -0.9545  +1.0000
    962    153687   166   +3.877    2187     14     15  -0.1328  -1.0000  -0.2254  +1.0000
    963    153847   160   +4.281    1763     11     46  -0.1843  -1.0000  -0.6945  +1.0000
    964    154010   163   +4.097    1669     14     40  -0.1775  -1.0000  -0.6250  +1.0000
    965    154172   162   +0.241    1159     21     37  -0.4028  -1.0000  -0.9128  +0.3553
    966    154339   167   +2.157    1131     10     14  -0.2081  -1.0000  -1.0000  +1.0000
    967    154502   163   +2.357    1484     18     26  -0.2141  -1.0000  -1.0000  +1.0000
    968    154667   165   +2.967    2342     18     19  -0.1494  -1.0000  -0.3651  +1.0000
    969    154832   165   +1.740    1560     11     14  -0.1870  -1.0000  -0.7885  +1.0000
    970    154991   159   +4.946    2671     14     24  -0.0756  -1.0000  +0.3620  +1.0000
    971    155150   159   +2.232    1432      6     26  -0.2068  -1.0000  -0.9827  +1.0000
    972    155312   162   +2.878    1302     13     43  -0.2154  -1.0000  -1.0000  +1.0000
    973    155469   157   +2.619    1760     11     16  -0.1515  -1.0000  -0.4296  +1.0000
    974    155632   163   +4.079    1915     14     85  -0.2083  -1.0000  -0.8396  +1.0000
    975    155791   159   +1.825    1203     13     30  -0.2124  -1.0000  -1.0000  +1.0000
    976    155961   170   +2.655    1656     13     24  -0.1787  -1.0000  -0.6751  +1.0000
    977    156124   163   +3.262    1378     13     27  -0.2002  -1.0000  -0.8823  +1.0000
    978    156282   158   +3.358    1985     13     20  -0.1868  -1.0000  -0.7661  +1.0000
    979    156435   153   +2.061    1880     11     28  -0.1786  -1.0000  -0.6730  +1.0000
    980    156590   155   +4.707    2560     16     35  -0.0903  -1.0000  +0.2496  +1.0000
    981    156750   160   -0.693    1147     24     20  -0.4296  -1.0000  -0.7405  +0.2011
    982    156908   158   +3.670    1766     13     33  -0.1635  -1.0000  -0.5020  +1.0000
    983    157073   165   +4.829    1843     17     34  -0.1327  -1.0000  -0.1734  +1.0000
    984    157232   159   +4.038    2319     21     26  -0.0810  -1.0000  +0.3476  +1.0000
    985    157388   156   +1.724    1315     12     20  -0.2100  -1.0000  -1.0000  +1.0000
    986    157549   161   +2.947    1183     10     41  -0.2132  -1.0000  -1.0000  +1.0000
    987    157711   162   +2.494    1704     13     29  -0.1672  -1.0000  -0.5503  +1.0000
    988    157869   158   +3.868    2253     12     29  -0.1563  -1.0000  -0.4453  +1.0000
    989    158024   155   +1.088    1055     18     36  -0.3476  -1.0000  -0.5866  +0.4250
    990    158186   162   +3.774    1870     10     54  -0.1757  -1.0000  -0.6001  +1.0000
    991    158340   154   +0.980    1173     14     19  -0.2108  -1.0000  -1.0000  +1.0000
    992    158505   165   +5.144    2492     16     29  -0.0259  -1.0000  +0.8777  +1.0000
    993    158662   157   +2.366    1321     13     26  -0.2038  -1.0000  -0.9225  +1.0000
    994    158820   158   +2.696    1218     14     60  -0.2192  -1.0000  -1.0000  +1.0000
    995    158977   157   +2.298    1232      8     34  -0.2110  -1.0000  -1.0000  +1.0000
    996    159134   157   +3.034    2110     18     26  -0.1284  -1.0000  -0.1432  +1.0000
    997    159297   163   +3.477    1282      7     40  -0.2115  -1.0000  -1.0000  +1.0000
    998    159450   153   +3.495    1456      6     41  -0.2113  -1.0000  -1.0000  +1.0000
    999    159603   153   +4.023    1728     15     25  -0.1290  -1.0000  -0.1662  +1.0000
   1000    159761   158   +2.742    1659     15     30  -0.2010  -1.0000  -0.8739  +1.0000

  ── rolling mean (last 100 ep) ──  cum_R=+2.765  yield=1676 kg/ha  N=14  W=25 mm  R_seas=-0.1864  R_ane=+0.9407

   1001    159923   162   +2.671    1391     10     31  -0.2113  -1.0000  -1.0000  +1.0000
   1002    160080   157   +4.558    2364     11     41  -0.1565  -1.0000  -0.4275  +1.0000
   1003    160243   163   +2.352    1253     14     32  -0.2132  -1.0000  -1.0000  +1.0000
   1004    160402   159   +2.585    1842     13     35  -0.1841  -1.0000  -0.7033  +1.0000
   1005    160559   157   +1.477    1105      8     16  -0.2071  -1.0000  -1.0000  +1.0000
   1006    160723   164   +3.238    1732      8     20  -0.1912  -1.0000  -0.8324  +1.0000
   1007    160886   163   +3.191    1209     10     38  -0.2124  -1.0000  -1.0000  +1.0000
   1008    161040   154   +1.780    1604     23     56  -0.2658  -1.0000  -0.5702  +0.7133
   1009    161198   158   +3.575    1632     14     37  -0.1848  -1.0000  -0.7043  +1.0000
   1010    161358   160   +2.795    1882     13     34  -0.1573  -1.0000  -0.4388  +1.0000
   1011    161521   163   +3.968    2221      9     23  -0.1616  -1.0000  -0.5238  +1.0000
   1012    161682   161   +2.157    1552     14     22  -0.2112  -1.0000  -0.9975  +1.0000
   1013    161841   159   +4.431    1731     12     33  -0.2127  -1.0000  -1.0000  +1.0000
   1014    162000   159   +0.878    1486     19      9  -0.2127  -1.0000  -0.8463  +0.9445
   1015    162163   163   +5.232    1956     17     58  -0.1404  -1.0000  -0.2009  +1.0000
   1016    162320   157   +4.329    2788     19     28  -0.0838  -1.0000  +0.3122  +1.0000
   1017    162479   159   +1.970    1846     12     26  -0.1854  -1.0000  -0.7400  +1.0000
   1018    162639   160   +4.233    2595     16     30  -0.1203  -1.0000  -0.0651  +1.0000
   1019    162802   163   +1.814    1152     12     13  -0.2086  -1.0000  -1.0000  +1.0000
   1020    162961   159   +4.017    2024     15     40  -0.1808  -1.0000  -0.6548  +1.0000
   1021    163123   162   +3.369    2776     20     42  -0.1132  -1.0000  +0.0538  +1.0000
   1022    163284   161   +1.519    1879     15     25  -0.1716  -1.0000  -0.5901  +1.0000
   1023    163445   161   +2.857    1883     15     36  -0.1861  -1.0000  -0.7132  +1.0000
   1024    163613   168   +4.909    2840     19     29  -0.0984  -1.0000  +0.1702  +1.0000
   1025    163767   154   +2.213    1123     14     18  -0.2054  -1.0000  -0.9507  +1.0000
   1026    163933   166   +5.390    3018     12     42  -0.0987  -1.0000  +0.1606  +1.0000
   1027    164095   162   +4.349    2518     25     26  -0.0627  -1.0000  +0.5490  +1.0000
   1028    164257   162   +2.630    2049     17     24  -0.1824  -1.0000  -0.6913  +1.0000
   1029    164413   156   +3.315    1898     16     36  -0.1542  -1.0000  -0.3870  +1.0000
   1030    164578   165   +5.114    2698     19     42  -0.0206  -1.0000  +0.9731  +1.0000
   1031    164744   166   +3.202    2253     17     42  -0.1692  -1.0000  -0.5236  +1.0000
   1032    164906   162   +2.733    1636     14     39  -0.1948  -1.0000  -0.7981  +1.0000
   1033    165058   152   +2.654    1561     11     46  -0.2100  -1.0000  -0.9523  +1.0000
   1034    165217   159   +1.414    1351     17     30  -0.2132  -1.0000  -0.9883  +1.0000
   1035    165380   163   +1.858    1638     18     21  -0.1962  -1.0000  -0.8323  +1.0000
   1036    165539   159   +3.041    2035     18     49  -0.1516  -1.0000  -0.3254  +1.0000
   1037    165692   153   +4.462    2410     15     43  -0.0296  -1.0000  +0.8652  +1.0000
   1038    165855   163   +4.777    2735     13     48  -0.1419  -1.0000  -0.2580  +1.0000
   1039    166014   159   +2.861    2861     19     21  -0.1139  -1.0000  -0.0006  +1.0000
   1040    166171   157   +3.706    1556     13     35  -0.1412  -1.0000  -0.2789  +1.0000
   1041    166332   161   +0.412    1040     17     45  -0.3643  -1.0000  -1.0000  +0.5110
   1042    166501   169   +3.636    2034     17     30  -0.1571  -1.0000  -0.4245  +1.0000
   1043    166662   161   +2.508    2028     16     26  -0.1353  -1.0000  -0.2208  +1.0000
   1044    166814   152   +3.053    1374     15     52  -0.2179  -1.0000  -1.0000  +1.0000
   1045    166973   159   +4.242    2909     16     26  -0.0411  -1.0000  +0.7243  +1.0000
   1046    167135   162   +2.528    1615     10     30  -0.1952  -1.0000  -0.8427  +1.0000
   1047    167294   159   +2.859    1974     12     37  -0.1785  -1.0000  -0.6525  +1.0000
   1048    167449   155   +3.444    1869     14     24  -0.1579  -1.0000  -0.4594  +1.0000
   1049    167612   163   +3.309    2098     10     33  -0.1573  -1.0000  -0.4570  +1.0000
   1050    167773   161   +1.431    1417     12     17  -0.1949  -1.0000  -0.8557  +1.0000
   1051    167935   162   +5.131    2321     19     52  -0.0754  -1.0000  +0.4453  +1.0000
   1052    168098   163   -0.493     994     22     58  -0.4853  -1.0000  -1.0000  +0.1242
   1053    168254   156   +3.336    1640     18     87  -0.1857  -1.0000  -0.5922  +1.0000
   1054    168417   163   +2.838    1215      8     24  -0.2088  -1.0000  -1.0000  +1.0000
   1055    168580   163   +2.428    1502     14     38  -0.1671  -1.0000  -0.5267  +1.0000
   1056    168740   160   +2.989    1977     14     27  -0.1254  -1.0000  -0.1301  +1.0000
   1057    168902   162   +2.196    1363      9     19  -0.2084  -1.0000  -1.0000  +1.0000
   1058    169057   155   +3.753    1473     20     36  -0.2240  -1.0000  -0.7255  +0.8849
   1059    169211   154   +1.822    1713     12     21  -0.1967  -1.0000  -0.8631  +1.0000
   1060    169374   163   +3.855    2028     13     38  -0.2036  -1.0000  -0.8963  +1.0000
   1061    169529   155   +3.090    1835     16     21  -0.1569  -1.0000  -0.4459  +1.0000
   1062    169686   157   +2.702    1518     18     56  -0.1681  -1.0000  -0.4777  +1.0000
   1063    169845   159   +1.924    1158      9     34  -0.2113  -1.0000  -1.0000  +1.0000
   1064    170009   164   +7.322    3173     16     32  -0.0144  -1.0000  +1.0000  +1.0000
   1065    170172   163   +3.164    1532     12     21  -0.1908  -1.0000  -0.8053  +1.0000
   1066    170333   161   +5.322    2768     17     63  -0.0211  -1.0000  +1.0000  +1.0000
   1067    170488   155   +3.465    2236      9     23  -0.1617  -1.0000  -0.5261  +1.0000
   1068    170644   156   +2.852    1668     21     88  -0.1985  -1.0000  -0.6533  +0.9829
   1069    170799   155   +2.206    1535     11     37  -0.2069  -1.0000  -0.9416  +1.0000
   1070    170960   161   +1.838    1596     10     31  -0.1950  -1.0000  -0.8364  +1.0000
   1071    171116   156   +4.315    1642     21     48  -0.1297  -1.0000  +0.0787  +0.9424
   1072    171279   163   +1.795    1539     14     44  -0.2093  -1.0000  -0.9321  +1.0000
   1073    171440   161   +4.547    2476     19     52  -0.1436  -1.0000  -0.2355  +1.0000
   1074    171599   159   +4.001    1880     14     26  -0.1106  -1.0000  +0.0149  +1.0000
   1075    171756   157   +2.073    1340     11     34  -0.2125  -1.0000  -1.0000  +1.0000
   1076    171913   157   +5.293    2172     19     97  -0.1842  -1.0000  -0.5518  +1.0000
   1077    172079   166   +1.884    1570     15     21  -0.1852  -1.0000  -0.7323  +1.0000
   1078    172232   153   +2.437    1291      7     39  -0.2113  -1.0000  -1.0000  +1.0000
   1079    172393   161   +3.944    2147     20     66  -0.1785  -1.0000  -0.5527  +1.0000
   1080    172554   161   +3.156    1806     12     49  -0.1866  -1.0000  -0.7082  +1.0000
   1081    172719   165   +2.836    2070     18     43  -0.1859  -1.0000  -0.6843  +1.0000
   1082    172880   161   +5.185    2929     21     46  -0.0751  -1.0000  +0.4471  +1.0000
   1083    173038   158   +3.388    1525     12     37  -0.2133  -1.0000  -1.0000  +1.0000
   1084    173200   162   +5.216    3034     20     24  -0.0404  -1.0000  +0.7408  +1.0000
   1085    173361   161   +3.329    1809     14     57  -0.2008  -1.0000  -0.8255  +1.0000
   1086    173515   154   +2.581    1591     12     50  -0.1652  -1.0000  -0.4904  +1.0000
   1087    173682   167   +3.371    1915     10     27  -0.1821  -1.0000  -0.7182  +1.0000
   1088    173848   166   +4.123    3121     26     49  -0.1153  -1.0000  +0.0742  +1.0000
   1089    174007   159   +3.471    1258      9     61  -0.2169  -1.0000  -1.0000  +1.0000
   1090    174163   156   +1.662    1369     15     27  -0.2130  -1.0000  -1.0000  +1.0000
   1091    174323   160   +3.121    1700     12     32  -0.1376  -1.0000  -0.2517  +1.0000
   1092    174486   163   +2.402    1728     12     23  -0.1855  -1.0000  -0.7479  +1.0000
   1093    174644   158   +4.793    2498     16     51  -0.1229  -1.0000  -0.0480  +1.0000
   1094    174809   165   +2.829    1892     18     73  -0.1853  -1.0000  -0.6158  +1.0000
   1095    174965   156   +2.011    2323     16     18  -0.1440  -1.0000  -0.3270  +1.0000
   1096    175125   160   +2.269    1403     13     29  -0.2120  -1.0000  -1.0000  +1.0000
   1097    175288   163   +3.510    1772      9     34  -0.2000  -1.0000  -0.8844  +1.0000
   1098    175449   161   +2.041    1605     18     38  -0.1947  -1.0000  -0.7826  +1.0000
   1099    175608   159   +3.202    2244     14     30  -0.1465  -1.0000  -0.3343  +1.0000
   1100    175767   159   +5.189    2818     17     24  -0.0539  -1.0000  +0.5942  +1.0000

  ── rolling mean (last 100 ep) ──  cum_R=+3.168  yield=1902 kg/ha  N=15  W=37 mm  R_seas=-0.1690  R_ane=+0.9810

   1101    175929   162   +2.417    2057     17     22  -0.1413  -1.0000  -0.2846  +1.0000
   1102    176088   159   +0.883    1111     15     49  -0.2755  -1.0000  -1.0000  +0.8067
   1103    176249   161   +2.580    2254     16     39  -0.1805  -1.0000  -0.6470  +1.0000
   1104    176409   160   +3.200    2219     16     36  -0.1354  -1.0000  -0.1995  +1.0000
   1105    176565   156   +1.740    1831     11     35  -0.1792  -1.0000  -0.6695  +1.0000
   1106    176730   165   +2.381    1985     15     49  -0.2012  -1.0000  -0.8360  +1.0000
   1107    176889   159   +3.047    1832     16     36  -0.1780  -1.0000  -0.6295  +1.0000
   1108    177049   160   +5.680    2723     12     23  -0.0170  -1.0000  +0.9355  +1.0000
   1109    177210   161   +2.282    1648     14     34  -0.2095  -1.0000  -0.9579  +1.0000
   1110    177370   160   +1.403    1457     13     16  -0.2008  -1.0000  -0.9110  +1.0000
   1111    177526   156   +2.018    1480     13     39  -0.2079  -1.0000  -0.9364  +1.0000
   1112    177679   153   +3.193    1657     13     81  -0.2226  -1.0000  -1.0000  +1.0000
   1113    177839   160   +2.320    1820     13     55  -0.2156  -1.0000  -0.9816  +1.0000
   1114    178000   161   +0.907    1560     23     36  -0.2632  -1.0000  -0.4469  +0.6679
   1115    178156   156   +2.936    1735     18     44  -0.1976  -1.0000  -0.7984  +1.0000
   1116    178307   151   +2.808    2162     16     28  -0.1748  -1.0000  -0.6105  +1.0000
   1117    178472   165   +3.302    2173     20     28  -0.1434  -1.0000  -0.2787  +1.0000
   1118    178630   158   +3.720    2453     17     26  -0.1331  -1.0000  -0.1947  +1.0000
   1119    178792   162   +2.824    1954     19     32  -0.1853  -1.0000  -0.6945  +1.0000
   1120    178957   165   +3.742    3178     19     45  -0.1474  -1.0000  -0.2912  +1.0000
   1121    179121   164   +1.903    1510     15     36  -0.1999  -1.0000  -0.8509  +1.0000
   1122    179277   156   +2.656    1713      8     56  -0.1913  -1.0000  -0.7610  +1.0000
   1123    179437   160   +2.565    1373     17     22  -0.2134  -1.0000  -0.9121  +0.9694
   1124    179599   162   +4.015    1908     24     64  -0.1754  -1.0000  -0.5084  +1.0000
   1125    179759   160   +1.638    1577     22     28  -0.2621  -1.0000  -0.7322  +0.7600
   1126    179918   159   +5.244    2366     17     34  -0.0521  -1.0000  +0.6333  +1.0000
   1127    180079   161   +2.423    2160     17     22  -0.1586  -1.0000  -0.4552  +1.0000
   1128    180241   162   +3.223    1858     18     31  -0.1532  -1.0000  -0.3777  +1.0000
   1129    180398   157   +3.400    2315     24     63  -0.1887  -1.0000  -0.6383  +1.0000
   1130    180554   156   +4.003    2459     18     55  -0.1309  -1.0000  -0.1063  +1.0000
   1131    180716   162   +4.600    3126     21     22  -0.0963  -1.0000  +0.1861  +1.0000
   1132    180872   156   +1.592    1489     12     49  -0.2108  -1.0000  -0.9512  +1.0000
   1133    181032   160   +2.802    1865     12     30  -0.1628  -1.0000  -0.5093  +1.0000
   1134    181196   164   +5.256    2646     23     75  -0.1775  -1.0000  -0.5110  +1.0000
   1135    181362   166   +2.507    1852     20     38  -0.1897  -1.0000  -0.7221  +1.0000
   1136    181522   160   +3.714    2387     12     26  -0.1247  -1.0000  -0.1366  +1.0000
   1137    181677   155   +4.770    2192     16     95  -0.1748  -1.0000  -0.4782  +1.0000
   1138    181840   163   +4.846    2326     14     49  -0.1213  -1.0000  -0.0448  +1.0000
   1139    182003   163   +2.937    2329     21     48  -0.1421  -1.0000  -0.2206  +1.0000
   1140    182168   165   +2.824    1634     14     73  -0.2075  -1.0000  -0.8581  +1.0000
   1141    182331   163   +4.405    2320     16     49  -0.1417  -1.0000  -0.2401  +1.0000
   1142    182493   162   +0.936    1687     17     16  -0.1836  -1.0000  -0.7199  +1.0000
   1143    182654   161   +2.743    1789     10     59  -0.2166  -1.0000  -1.0000  +1.0000
   1144    182817   163   +3.952    2470     14     50  -0.0892  -1.0000  +0.2761  +1.0000
   1145    182980   163   +4.632    2649     17     16  -0.0149  -1.0000  +0.9662  +1.0000
   1146    183153   173   +3.823    2102     16     32  -0.1501  -1.0000  -0.3601  +1.0000
   1147    183311   158   +2.539    2005     13     34  -0.1748  -1.0000  -0.6135  +1.0000
   1148    183469   158   +3.751    2047     16     68  -0.1460  -1.0000  -0.2451  +1.0000
   1149    183636   167   +4.142    2599     16     38  -0.1134  -1.0000  +0.0234  +1.0000
   1150    183792   156   +2.289     975     13     48  -0.2281  -1.0000  -0.8911  +0.9235
   1151    183949   157   +1.836    2130     19     19  -0.1521  -1.0000  -0.3879  +1.0000
   1152    184110   161   +3.547    2096     13     62  -0.1693  -1.0000  -0.5059  +1.0000
   1153    184274   164   +3.181    1731     20     75  -0.1919  -1.0000  -0.6706  +1.0000
   1154    184436   162   +2.530    2217     26     58  -0.1820  -1.0000  -0.5766  +1.0000
   1155    184594   158   +4.865    3120     22     40  -0.0521  -1.0000  +0.6689  +1.0000
   1156    184756   162   +2.014    1584     22     36  -0.2369  -1.0000  -0.6641  +0.8252
   1157    184913   157   +4.194    2582     18     87  -0.1884  -1.0000  -0.6236  +1.0000
   1158    185078   165   +1.663    1474     14     45  -0.1964  -1.0000  -0.8043  +1.0000
   1159    185242   164   +2.665    1728     31     28  -0.3190  -1.0000  -0.1604  +0.3934
   1160    185397   155   +4.219    2974     16     58  -0.1160  -1.0000  +0.0369  +1.0000
   1161    185554   157   +3.252    2548     16     80  -0.1435  -1.0000  -0.1930  +1.0000
   1162    185711   157   -0.257    1382     20     28  -0.2928  -1.0000  -0.9749  +0.7342
   1163    185870   159   +3.904    2574     14     51  -0.1709  -1.0000  -0.5349  +1.0000
   1164    186033   163   +4.204    2976     17     45  -0.1269  -1.0000  -0.0938  +1.0000
   1165    186195   162   +3.079    2308     16     40  -0.1581  -1.0000  -0.4247  +1.0000
   1166    186356   161   +2.753    2367     22     37  -0.1741  -1.0000  -0.5561  +1.0000
   1167    186517   161   +3.170    1983     18     44  -0.1909  -1.0000  -0.7328  +1.0000
   1168    186672   155   +3.876    2474     16     35  -0.0720  -1.0000  +0.4329  +1.0000
   1169    186825   153   +2.817    2103     16     56  -0.1327  -1.0000  -0.1343  +1.0000
   1170    186979   154   -0.621     892     21     12  -0.4405  -1.0000  -0.4657  +0.0630
   1171    187137   158   +4.109    2063     15     68  -0.1956  -1.0000  -0.7465  +1.0000
   1172    187307   170   +3.215    2127     16     42  -0.1720  -1.0000  -0.5577  +1.0000
   1173    187463   156   +2.979    1830     18     86  -0.2260  -1.0000  -1.0000  +1.0000
   1174    187616   153   +2.856    2478     17     15  -0.1365  -1.0000  -0.2499  +1.0000
   1175    187774   158   +2.377    2168     19     45  -0.1715  -1.0000  -0.5317  +1.0000
   1176    187934   160   +4.960    3067     27     37  -0.0430  -1.0000  +0.7780  +1.0000
   1177    188095   161   -2.403     988     24     54  -0.5182  -1.0000  -1.0000  +0.0160
   1178    188249   154   +2.310    1726     19     60  -0.1970  -1.0000  -0.7539  +1.0000
   1179    188408   159   +1.857    1891     15     25  -0.1925  -1.0000  -0.8012  +1.0000
   1180    188566   158   +2.933    2165     23     75  -0.1865  -1.0000  -0.5993  +1.0000
   1181    188719   153   +2.956    1887     14     63  -0.2067  -1.0000  -0.8715  +1.0000
   1182    188875   156   +3.117    2400     20     46  -0.1628  -1.0000  -0.4364  +1.0000
   1183    189040   165   +2.099    1613     14     32  -0.2135  -1.0000  -1.0000  +1.0000
   1184    189196   156   +5.643    2645     18     58  -0.1234  -1.0000  -0.0296  +1.0000
   1185    189355   159   +5.241    2694     12     53  -0.1493  -1.0000  -0.3273  +1.0000
   1186    189513   158   +3.037    2857     21     35  -0.1086  -1.0000  +0.0914  +1.0000
   1187    189668   155   +3.568    1938     17     54  -0.1985  -1.0000  -0.7923  +1.0000
   1188    189829   161   +2.497    1707     16     66  -0.2210  -1.0000  -1.0000  +1.0000
   1189    189985   156   +2.117    1495     21     31  -0.2140  -1.0000  -0.2652  +0.7645
   1190    190143   158   +3.373    2230     16     62  -0.1393  -1.0000  -0.1871  +1.0000
   1191    190307   164   -0.172     973     17     44  -0.3936  -1.0000  -1.0000  +0.4132
   1192    190471   164   +5.873    3926     27     24  -0.0062  -0.9694  +1.0000  +1.0000
   1193    190632   161   +2.745    1726     20     85  -0.1900  -1.0000  -0.6320  +1.0000
   1194    190793   161   +5.039    2168     16     97  -0.1858  -1.0000  -0.5808  +1.0000
   1195    190947   154   +4.566    2254     16     29  -0.1767  -1.0000  -0.6304  +1.0000
   1196    191102   155   +3.284    1363     11     74  -0.2202  -1.0000  -1.0000  +1.0000
   1197    191260   158   +2.060    1532     18     33  -0.1797  -1.0000  -0.6393  +1.0000
   1198    191423   163   +2.816    2553     21     35  -0.1311  -1.0000  -0.1345  +1.0000
   1199    191584   161   +2.832    2506     22     22  -0.1493  -1.0000  -0.3414  +1.0000
   1200    191745   161   +3.080    1902     16     57  -0.1958  -1.0000  -0.7638  +1.0000

  ── rolling mean (last 100 ep) ──  cum_R=+3.014  yield=2071 kg/ha  N=17  W=45 mm  R_seas=-0.1771  R_ane=+0.9534

   1201    191905   160   +1.581    1492     23     18  -0.3077  -1.0000  -0.7954  +0.6226
   1202    192067   162   +1.976    1433     15     26  -0.1968  -1.0000  -0.8398  +1.0000
   1203    192221   154   -1.043    1462     25     58  -0.3657  -1.0000  -0.7570  +0.4471
   1204    192378   157   +3.797    1942     16     77  -0.1734  -1.0000  -0.4974  +1.0000
   1205    192535   157   +5.284    3077     23     28  -0.0174  -1.0000  +1.0000  +1.0000
   1206    192702   167   +5.829    3560     22     50  -0.0759  -1.0000  +0.4502  +1.0000
   1207    192865   163   +3.209    2246     18     47  -0.1555  -1.0000  -0.3715  +1.0000
   1208    193017   152   +3.458    2455     20     64  -0.1249  -1.0000  -0.0177  +1.0000
   1209    193179   162   +3.485    2382     21     45  -0.1642  -1.0000  -0.4497  +1.0000
   1210    193342   163   +5.787    2694     16     93  -0.1189  -1.0000  +0.0788  +1.0000
   1211    193496   154   +2.244    1334     15     43  -0.2109  -1.0000  -0.9499  +1.0000
   1212    193652   156   +2.410    2750     26     15  -0.1332  -1.0000  -0.1705  +1.0000
   1213    193814   162   +4.976    2085     21     83  -0.1094  -1.0000  +0.1750  +1.0000
   1214    193969   155   +2.739    1880     16     38  -0.1863  -1.0000  -0.7069  +1.0000
   1215    194129   160   +6.255    2521     25     50  -0.0797  -1.0000  +0.4294  +1.0000
   1216    194288   159   +3.007    2142     23     53  -0.1668  -1.0000  -0.4448  +1.0000
   1217    194448   160   +4.975    3263     19     39  -0.1126  -1.0000  +0.0455  +1.0000
   1218    194606   158   +2.922    2318     21     49  -0.1649  -1.0000  -0.4464  +1.0000
   1219    194765   159   +2.700    2224     21     39  -0.1581  -1.0000  -0.3997  +1.0000
   1220    194926   161   +7.814    4568     28     50  +0.0490  -0.8011  +0.9328  +1.0000
   1221    195087   161   +4.057    1566     11     43  -0.1579  -1.0000  -0.4399  +1.0000
   1222    195248   161   +3.170    2071     20     24  -0.1753  -1.0000  -0.6044  +1.0000
   1223    195407   159   +3.145    2003     19     53  -0.1774  -1.0000  -0.5721  +1.0000
   1224    195568   161   +3.523    2792     28     42  -0.1562  -1.0000  -0.3389  +1.0000
   1225    195733   165   +3.847    2330     23     44  -0.1742  -1.0000  -0.5394  +1.0000
   1226    195889   156   +4.592    2144     26     41  -0.1437  -1.0000  -0.2237  +1.0000
   1227    196054   165   -2.861    1372     30     46  -0.4818  -1.0000  -1.0000  +0.1413
   1228    196219   165   +2.850    2699     27     25  -0.1481  -1.0000  -0.2967  +1.0000
   1229    196382   163   +0.144    1480     25     26  -0.3162  -1.0000  -0.4714  +0.4946
   1230    196544   162   +2.755    2127     27     63  -0.1904  -1.0000  -0.6457  +1.0000
   1231    196704   160   +3.768    2980     26     36  -0.1318  -1.0000  -0.1163  +1.0000
   1232    196861   157   +4.077    2578     20     79  -0.1751  -1.0000  -0.4924  +1.0000
   1233    197018   157   +2.206    2129     28     70  -0.2472  -1.0000  -0.9060  +0.9047
   1234    197179   161   +3.993    2010     25     56  -0.1676  -1.0000  -0.3976  +0.9871
   1235    197337   158   +2.823    2080     20     42  -0.1533  -1.0000  -0.3512  +1.0000
   1236    197495   158   +6.669    4248     26     35  +0.0040  -0.8850  +0.7828  +1.0000
   1237    197653   158   +7.350    4996     32     28  +0.0821  -0.6887  +0.7883  +1.0000
   1238    197815   162   +3.672    2844     22     30  -0.1123  -1.0000  +0.0469  +1.0000
   1239    197977   162   +2.461    2339     27     58  -0.1840  -1.0000  -0.5882  +1.0000
   1240    198131   154   +4.964    3946     29     36  -0.0172  -0.9642  +0.9024  +1.0000
   1241    198291   160   +3.753    2684     27     78  -0.1641  -1.0000  -0.3512  +1.0000
   1242    198453   162   +3.695    2838     22     33  -0.1236  -1.0000  -0.0602  +1.0000
   1243    198617   164   +3.035    3130     25     65  -0.1531  -1.0000  -0.2734  +1.0000
   1244    198776   159   +2.564    2288     22     62  -0.2047  -1.0000  -0.8148  +1.0000
   1245    198937   161   +3.456    1868     20     61  -0.1602  -1.0000  -0.3777  +1.0000
   1246    199104   167   +4.972    3326     24     30  -0.0536  -1.0000  +0.6460  +1.0000
   1247    199268   164   +2.330    1627     21     39  -0.1537  -1.0000  -0.2675  +0.9704
   1248    199430   162   +4.478    2778     19     65  -0.1616  -1.0000  -0.3896  +1.0000
   1249    199591   161   +4.711    3617     32     87  -0.1092  -1.0000  +0.2413  +1.0000
   1250    199747   156   +2.043    1974     23     33  -0.1627  -1.0000  -0.4477  +1.0000
   1251    199909   162   +2.679    2664     24     37  -0.1483  -1.0000  -0.2911  +1.0000
   1252    200069   160   +4.748    3047     26     85  -0.1264  -1.0000  +0.0389  +1.0000
   1253    200226   157   +2.336    2139     21     31  -0.1894  -1.0000  -0.7270  +1.0000
   1254    200385   159   -0.061    1486     30     44  -0.4178  -1.0000  -0.6011  +0.2215
   1255    200543   158   +3.686    3053     18     19  -0.0982  -1.0000  +0.1464  +1.0000
   1256    200703   160   +3.327    2076     27     61  -0.1897  -1.0000  -0.4821  +0.9470
   1257    200857   154   +3.539    2523     24     82  -0.1779  -1.0000  -0.4939  +1.0000
   1258    201019   162   +5.123    4090     32     45  -0.0297  -0.9265  +0.6580  +1.0000
   1259    201172   153   +4.660    2842     34     35  -0.1066  -1.0000  +0.1768  +1.0000
   1260    201327   155   -1.374    1521     24     43  -0.3305  -1.0000  -0.9213  +0.6067
   1261    201481   154   +2.427    2074     23     75  -0.1847  -1.0000  -0.5822  +1.0000
   1262    201641   160   +5.287    3477     33     60  -0.1040  -1.0000  +0.2438  +1.0000
   1263    201796   155   +5.997    2846     23     56  -0.0226  -1.0000  +1.0000  +1.0000
   1264    201950   154   +4.061    1862     21     81  -0.2242  -1.0000  -0.9760  +1.0000
   1265    202108   158   +1.626    2574     32     24  -0.1608  -1.0000  -0.4004  +1.0000
   1266    202261   153   +3.056    2636     17     75  -0.1552  -1.0000  -0.3192  +1.0000
   1267    202420   159   +4.584    3313     27     48  -0.1381  -1.0000  -0.1479  +1.0000
   1268    202583   163   +3.422    2716     31     94  -0.1762  -1.0000  -0.4189  +1.0000
   1269    202742   159   +2.312    2155     24     31  -0.1768  -1.0000  -0.5832  +1.0000
   1270    202906   164   +4.471    3067     25     39  -0.0866  -1.0000  +0.3380  +1.0000
   1271    203056   150   -1.159    2016     33     69  -0.3515  -1.0000  -0.8136  +0.5337
   1272    203211   155   -1.273    1681     31     49  -0.3758  -1.0000  -0.5463  +0.3470
   1273    203372   161   +2.589    2394     23     38  -0.1863  -1.0000  -0.6695  +1.0000
   1274    203532   160   +4.663    3032     23     51  -0.1032  -1.0000  +0.1839  +1.0000
   1275    203688   156   +4.330    2974     28     76  -0.1402  -1.0000  -0.1097  +1.0000
   1276    203848   160   +0.525    1279     22     61  -0.3824  -1.0000  -0.9490  +0.4521
   1277    204010   162   +4.664    3047     26     37  -0.0854  -1.0000  +0.3507  +1.0000
   1278    204166   156   +4.369    1871     22     88  -0.2067  -1.0000  -0.7828  +1.0000
   1279    204326   160   +3.830    3428     28     90  -0.1346  -1.0000  -0.0279  +1.0000
   1280    204490   164   +4.376    2741     17     94  -0.1812  -1.0000  -0.5408  +1.0000
   1281    204648   158   +2.722    2184     31     49  -0.2668  -1.0000  -0.7292  +0.7710
   1282    204811   163   +4.880    2909     28     33  -0.0536  -1.0000  +0.6729  +1.0000
   1283    204969   158   +2.318    2732     31     59  -0.1679  -1.0000  -0.4056  +1.0000
   1284    205131   162   +4.258    3977     29     82  -0.1140  -0.9561  -0.0042  +1.0000
   1285    205290   159   +3.657    3560     30     29  -0.0941  -1.0000  +0.2660  +1.0000
   1286    205445   155   +2.899    2563     35     35  -0.1406  -1.0000  +0.3471  +0.8306
   1287    205596   151   +2.080    1951     23     80  -0.1962  -1.0000  -0.6877  +1.0000
   1288    205761   165   +3.811    2478     20     85  -0.1537  -1.0000  -0.2688  +1.0000
   1289    205924   163   +4.212    3252     26     56  -0.0986  -1.0000  +0.2584  +1.0000
   1290    206086   162   -1.928    1288     40     35  -0.5842  -1.0000  -1.0000  -0.1911
   1291    206240   154   +1.185    2172     29     26  -0.2348  -1.0000  -0.7193  +0.8566
   1292    206396   156   +0.857    2847     38     46  -0.2305  -1.0000  -0.6962  +0.8903
   1293    206563   167   +0.939    2249     32     40  -0.2437  -1.0000  -0.4982  +0.7672
   1294    206724   161   +1.247    2735     35     18  -0.1668  -1.0000  -0.3777  +0.9731
   1295    206884   160   +2.766    2927     27     20  -0.1496  -1.0000  -0.3207  +1.0000
   1296    207050   166   +3.611    2194     26     41  -0.1265  -1.0000  -0.0502  +1.0000
   1297    207204   154   +8.374    4478     22     68  +0.0243  -0.8246  +0.7870  +1.0000
   1298    207365   161   +3.681    2922     29     46  -0.1669  -1.0000  -0.4322  +1.0000
   1299    207520   155   +3.158    1997     23     67  -0.1711  -1.0000  -0.4636  +1.0000
   1300    207680   160   +3.553    4081     37     41  -0.0773  -0.9289  +0.2084  +1.0000

  ── rolling mean (last 100 ep) ──  cum_R=+3.267  yield=2568 kg/ha  N=25  W=51 mm  R_seas=-0.1645  R_ane=+0.9257

   1301    207836   156   +4.234    4014     36     32  -0.0082  -0.9465  +0.9515  +1.0000
   1302    207994   158   +2.657    2477     33     42  -0.2107  -1.0000  -0.4113  +0.8515
   1303    208155   161   +5.546    3086     27     94  -0.1229  -1.0000  +0.0950  +1.0000
   1304    208311   156   +2.932    3284     37     43  -0.1475  -1.0000  -0.2033  +1.0000
   1305    208470   159   +3.383    3193     26     66  -0.1532  -1.0000  -0.2687  +1.0000
   1306    208623   153   +3.659    3531     29     43  -0.1259  -1.0000  -0.0276  +1.0000
   1307    208783   160   -0.092    2108     32     21  -0.2810  -1.0000  -0.5865  +0.6594
   1308    208936   153   +1.853    2214     31     74  -0.2540  -1.0000  -0.6003  +0.7878
   1309    209094   158   +4.927    4352     41     55  -0.0052  -0.8578  +0.6945  +1.0000
   1310    209259   165   +4.389    3970     34     30  -0.0653  -0.9581  +0.4067  +1.0000
   1311    209417   158   +4.008    3954     34     27  -0.0683  -0.9621  +0.3874  +1.0000
   1312    209576   159   +3.928    2679     33     82  -0.1915  -1.0000  -0.5884  +1.0000
   1313    209741   165   -1.188    1791     34     75  -0.3983  -1.0000  -0.6018  +0.3131
   1314    209900   159   -1.483    2077     34     51  -0.3603  -1.0000  -0.8414  +0.5044
   1315    210061   161   +3.285    3601     41     59  -0.1460  -1.0000  -0.1365  +1.0000
   1316    210216   155   +6.592    4701     30     19  +0.0460  -0.7663  +0.7146  +1.0000
   1317    210377   161   +2.846    2541     33     87  -0.2164  -1.0000  -0.6382  +0.9370
   1318    210538   161   +3.962    3430     32     27  -0.0212  -1.0000  +1.0000  +1.0000
   1319    210698   160   +5.608    4169     33     32  +0.0146  -0.9058  +1.0000  +1.0000
   1320    210860   162   +7.946    4692     31    104  +0.0398  -0.7686  +0.8335  +1.0000
   1321    211020   160   +3.575    2716     22     75  -0.1417  -1.0000  -0.1593  +1.0000
   1322    211184   164   +3.288    3003     30     55  -0.1336  -1.0000  -0.0768  +1.0000
   1323    211342   158   -0.594    1684     28     97  -0.3776  -1.0000  -1.0000  +0.5187
   1324    211499   157   +4.266    3920     39     53  -0.0332  -0.9710  +0.8526  +1.0000
   1325    211656   157   +4.725    3642     30     36  -0.0397  -1.0000  +0.8234  +1.0000
   1326    211818   162   +0.421    1866     30     40  -0.3063  -1.0000  -0.4737  +0.5471
   1327    211980   162   +3.756    3164     32     63  -0.0907  -1.0000  +0.3764  +1.0000
   1328    212142   162   +2.347    3059     28     51  -0.1644  -1.0000  -0.4044  +1.0000
   1329    212300   158   +3.197    3352     28     56  -0.1313  -1.0000  -0.0626  +1.0000
   1330    212454   154   +2.135    2509     32     79  -0.1739  -1.0000  -0.3105  +0.9628
   1331    212614   160   +3.572    2431     26     78  -0.1303  -1.0000  -0.0200  +1.0000
   1332    212772   158   +4.022    3446     29     32  -0.0868  -1.0000  +0.3415  +1.0000
   1333    212928   156   +8.533    3894     32     56  -0.0345  -0.9780  +0.8372  +1.0000
   1334    213094   166   -1.019    1658     32     43  -0.3888  -1.0000  -0.5066  +0.2881
   1335    213255   161   +1.925    2403     33     51  -0.2097  -1.0000  -0.3149  +0.8280
   1336    213419   164   +2.596    3074     30     81  -0.1356  -1.0000  -0.0452  +1.0000
   1337    213577   158   +5.543    4265     35     44  +0.0055  -0.8806  +0.8409  +1.0000
   1338    213741   164   +2.498    2858     29     52  -0.1761  -1.0000  -0.5116  +1.0000
   1339    213903   162   +5.122    3304     28    117  -0.1166  -1.0000  +0.2089  +1.0000
   1340    214066   163   +4.572    2799     29    125  -0.1876  -1.0000  -0.4797  +1.0000
   1341    214232   166   +3.656    3062     28    103  -0.1807  -1.0000  -0.4618  +1.0000
   1342    214392   160   +3.997    3795     38     44  -0.0459  -1.0000  +0.8186  +1.0000
   1343    214548   156   +2.719    2639     25     44  -0.1665  -1.0000  -0.4527  +1.0000
   1344    214707   159   +1.276    2492     36     45  -0.2241  -1.0000  -0.2322  +0.7531
   1345    214760    53   -7.904       0      0      5  -0.8012  -1.0000  -1.0000  -1.0000
   1346    214914   154   +3.611    3055     34    116  -0.1599  -1.0000  -0.1973  +1.0000
   1347    215076   162   +2.627    2610     29     53  -0.1743  -1.0000  -0.4906  +1.0000
   1348    215242   166   +4.374    2859     27     89  -0.1123  -1.0000  +0.1897  +1.0000
   1349    215394   152   +3.260    3257     27     47  -0.1295  -1.0000  -0.0638  +1.0000
   1350    215552   158   +5.203    3983     38     30  -0.0158  -0.9545  +0.9092  +1.0000
   1351    215714   162   +0.827    2112     32     58  -0.3028  -1.0000  -0.6209  +0.6238
   1352    215882   168   +3.934    3958     37     23  -0.0775  -0.9611  +0.2994  +1.0000
   1353    216047   165   +3.314    3388     35     49  -0.1452  -1.0000  -0.1780  +1.0000
   1354    216202   155   +3.662    3453     30     68  -0.1227  -1.0000  +0.0582  +1.0000
   1355    216361   159   +4.054    4084     33     57  -0.0596  -0.9282  +0.3946  +1.0000
   1356    216526   165   +4.261    3394     27     67  -0.1413  -1.0000  -0.1432  +1.0000
   1357    216688   162   +3.366    2973     32     67  -0.1349  -1.0000  -0.0538  +1.0000
   1358    216854   166   +2.707    3243     31     64  -0.1710  -1.0000  -0.4288  +1.0000
   1359    217018   164   +5.170    3187     28     92  -0.1693  -1.0000  -0.3714  +1.0000
   1360    217176   158   +1.063    2369     33     63  -0.2259  -1.0000  -0.3185  +0.7838
   1361    217335   159   +4.696    3461     29     48  -0.0239  -1.0000  +1.0000  +1.0000
   1362    217493   158   +3.938    2995     28     53  -0.1671  -1.0000  -0.4231  +1.0000
   1363    217658   165   +5.327    2467     30     52  -0.1293  -1.0000  -0.0380  +1.0000
   1364    217824   166   +2.617    2312     27     35  -0.1971  -1.0000  -0.7674  +1.0000
   1365    217981   157   +2.870    2921     25     73  -0.1643  -1.0000  -0.3723  +1.0000
   1366    218148   167   +5.127    3740     28     94  -0.1117  -1.0000  +0.2094  +1.0000
   1367    218309   161   +3.954    3899     34     63  -0.1104  -0.9766  +0.1009  +1.0000
   1368    218464   155   +0.276    2348     34     44  -0.2522  -1.0000  -0.4403  +0.7252
   1369    218629   165   +2.898    1892     25    101  -0.2531  -1.0000  -0.8703  +0.8891
   1370    218783   154   +3.380    4022     38     17  -0.0516  -0.9443  +0.4869  +1.0000
   1371    218945   162   +3.648    3264     28     41  -0.1143  -1.0000  +0.0793  +1.0000
   1372    219099   154   +4.719    3502     33     32  -0.0250  -1.0000  +0.9803  +1.0000
   1373    219259   160   +5.102    4124     36     72  -0.0112  -0.9176  +0.8854  +1.0000
   1374    219420   161   +3.757    3480     32     92  -0.1372  -1.0000  -0.0281  +1.0000
   1375    219584   164   +2.811    2911     29     46  -0.1349  -1.0000  -0.1114  +1.0000
   1376    219746   162   +3.109    2798     24     42  -0.1220  -1.0000  -0.0179  +1.0000
   1377    219908   162   +0.583    2541     43     38  -0.2964  -1.0000  -0.1211  +0.4824
   1378    220066   158   +5.889    4426     32     43  +0.0165  -0.8382  +0.7654  +1.0000
   1379    220229   163   +3.962    2302     24     95  -0.2041  -1.0000  -0.7309  +1.0000
   1380    220392   163   +4.384    3075     28     79  -0.1241  -1.0000  +0.0556  +1.0000
   1381    220549   157   +3.155    2178     27    124  -0.1998  -1.0000  -0.6148  +1.0000
   1382    220713   164   +4.069    3695     30     24  -0.1230  -1.0000  -0.0349  +1.0000
   1383    220876   163   +3.251    2090     26    120  -0.2158  -1.0000  -0.7424  +0.9853
   1384    221037   161   +6.754    4415     36     43  +0.0219  -0.8411  +0.8513  +1.0000
   1385    221199   162   +3.178    3841     30     63  -0.1150  -0.9918  +0.0936  +1.0000
   1386    221359   160   +2.777    3342     33     45  -0.1208  -1.0000  +0.0442  +1.0000
   1387    221514   155   +3.399    2692     26     66  -0.1633  -1.0000  -0.3705  +1.0000
   1388    221679   165   +5.836    4161     31     48  -0.0414  -0.9078  +0.4694  +1.0000
   1389    221836   157   +6.210    4188     31     89  -0.0485  -0.9007  +0.4523  +1.0000
   1390    222000   164   +3.942    2962     31     84  -0.1521  -1.0000  -0.1968  +1.0000
   1391    222160   160   +6.600    3674     28    103  -0.0405  -1.0000  +0.9422  +1.0000
   1392    222324   164   +5.459    3438     27     84  -0.1232  -1.0000  +0.0715  +1.0000
   1393    222483   159   +3.064    2744     31     66  -0.1097  -1.0000  +0.1877  +1.0000
   1394    222643   160   +5.765    3717     29     39  -0.0362  -1.0000  +0.8600  +1.0000
   1395    222804   161   +3.493    3410     27     38  -0.1370  -1.0000  -0.1593  +1.0000
   1396    222961   157   +3.944    3012     31     95  -0.1552  -1.0000  -0.2090  +1.0000
   1397    223123   162   +3.305    2336     30     50  -0.1937  -1.0000  -0.5196  +0.9444
   1398    223283   160   +3.077    2463     28     71  -0.1897  -1.0000  -0.6165  +1.0000
   1399    223447   164   +2.301    2857     34     55  -0.1385  -1.0000  -0.1042  +1.0000
   1400    223602   155   +3.852    3135     30     49  -0.0995  -1.0000  +0.2513  +1.0000

  ── rolling mean (last 100 ep) ──  cum_R=+3.451  yield=3116 kg/ha  N=31  W=60 mm  R_seas=-0.1428  R_ane=+0.9239

   1401    223758   156   +6.132    3584     28     71  -0.0738  -1.0000  +0.5415  +1.0000
   1402    223921   163   +2.785    2989     31     69  -0.1769  -1.0000  -0.4744  +1.0000
   1403    224083   162   +2.533    2490     28     39  -0.1505  -1.0000  -0.2881  +1.0000
   1404    224240   157   +4.962    3870     35     47  -0.0950  -0.9843  +0.2541  +1.0000
   1405    224403   163   +3.245    2515     27     83  -0.1633  -1.0000  -0.3334  +1.0000
   1406    224566   163   +3.552    2816     29     38  -0.1599  -1.0000  -0.3776  +1.0000
   1407    224724   158   +4.032    3419     24     70  -0.1490  -1.0000  -0.2330  +1.0000
   1408    224885   161   +3.436    3766     32     34  -0.0996  -1.0000  +0.2325  +1.0000
   1409    225047   162   +8.225    4813     34     64  +0.0276  -0.7367  +0.5193  +1.0000
   1410    225209   162   +1.214    2042     28     65  -0.2362  -1.0000  -0.6245  +0.8435
   1411    225364   155   +3.921    3876     34     43  -0.0952  -0.9826  +0.2362  +1.0000
   1412    225525   161   +2.485    2714     32     44  -0.1516  -1.0000  -0.2674  +1.0000
   1413    225690   165   +2.606    3004     31     42  -0.1573  -1.0000  -0.3353  +1.0000
   1414    225848   158   +2.760    2341     27     63  -0.1869  -1.0000  -0.6066  +1.0000
   1415    226012   164   -1.388    2437     39     47  -0.3232  -1.0000  -0.6651  +0.5738
   1416    226169   157   +3.365    3122     28     87  -0.1856  -1.0000  -0.5414  +1.0000
   1417    226324   155   +2.568    2762     26     92  -0.1817  -1.0000  -0.5045  +1.0000
   1418    226490   166   +4.226    2826     29     81  -0.1299  -1.0000  +0.0075  +1.0000
   1419    226649   159   +6.286    4046     27     43  -0.0090  -0.9379  +0.8808  +1.0000
   1420    226802   153   +2.173    2795     25    100  -0.1785  -1.0000  -0.4587  +1.0000
   1421    226959   157   +4.670    3399     28    103  -0.1276  -1.0000  +0.0722  +1.0000
   1422    227120   161   +2.973    2407     31     90  -0.1977  -1.0000  -0.3977  +0.9193
   1423    227277   157   +4.818    3310     24     52  -0.0966  -1.0000  +0.2597  +1.0000
   1424    227437   160   +1.913    2926     31     55  -0.1711  -1.0000  -0.4483  +1.0000
   1425    227596   159   -0.205    2210     36     87  -0.3300  -1.0000  -0.5695  +0.5406
   1426    227752   156   -3.185    1569     30     89  -0.4468  -1.0000  -0.9965  +0.2860
   1427    227918   166   +4.186    2334     23     84  -0.1781  -1.0000  -0.4970  +1.0000
   1428    228075   157   +5.670    3261     26    106  -0.1704  -1.0000  -0.3625  +1.0000
   1429    228241   166   +3.967    2912     20     95  -0.1863  -1.0000  -0.5746  +1.0000
   1430    228398   157   +2.788    3173     32     59  -0.1564  -1.0000  -0.2869  +1.0000
   1431    228553   155   +3.233    2452     27     82  -0.1977  -1.0000  -0.6768  +1.0000
   1432    228715   162   +5.828    3620     32     92  -0.0830  -1.0000  +0.5114  +1.0000
   1433    228875   160   +1.840    2792     31     59  -0.1784  -1.0000  -0.5107  +1.0000
   1434    229042   167   +5.006    3534     38     74  -0.1174  -1.0000  +0.1613  +1.0000
   1435    229206   164   +2.797    2693     32     33  -0.1442  -1.0000  -0.2168  +1.0000
   1436    229366   160   +4.275    3640     36     44  -0.0741  -1.0000  +0.5261  +1.0000
   1437    229528   162   +3.488    3034     33     76  -0.1559  -1.0000  -0.2435  +1.0000
   1438    229682   154   +2.937    3329     31     62  -0.1654  -1.0000  -0.3728  +1.0000
   1439    229843   161   +2.962    3355     35     55  -0.1008  -1.0000  +0.2754  +1.0000
   1440    230005   162   +1.510    2100     28     73  -0.2145  -1.0000  -0.4582  +0.8669
   1441    230167   162   +1.876    3287     30     60  -0.1622  -1.0000  -0.3498  +1.0000
   1442    230323   156   +2.930    2330     24     75  -0.1750  -1.0000  -0.4787  +1.0000
   1443    230473   150   +1.674    2618     22     60  -0.1516  -1.0000  -0.2843  +1.0000
   1444    230636   163   +1.811    2041     29    113  -0.2823  -1.0000  -0.7741  +0.7736
   1445    230797   161   +6.765    4402     27     80  -0.0251  -0.8447  +0.4256  +1.0000
   1446    230961   164   +1.199    2645     34     51  -0.2149  -1.0000  -0.6881  +0.9373
   1447    231120   159   +4.646    2636     25    100  -0.1501  -1.0000  -0.1776  +1.0000
   1448    231276   156   +2.565    1912     24     94  -0.2119  -1.0000  -0.7848  +0.9913
   1449    231435   159   +2.137    2251     24    112  -0.2210  -1.0000  -0.8662  +1.0000
   1450    231596   161   +4.229    4345     39     36  -0.0470  -0.8597  +0.2372  +1.0000
   1451    231753   157   +4.927    3724     26     75  -0.1294  -1.0000  -0.0145  +1.0000
   1452    231911   158   +0.219    1949     30     98  -0.3341  -1.0000  -0.9280  +0.6437
   1453    232072   161   +6.042    3188     28     86  -0.1028  -1.0000  +0.2813  +1.0000
   1454    232237   165   +3.814    2762     25    107  -0.1974  -1.0000  -0.6347  +1.0000
   1455    232399   162   +2.776    2171     27     86  -0.2238  -1.0000  -0.8754  +0.9819
   1456    232556   157   +3.224    2428     22    144  -0.1848  -1.0000  -0.4476  +1.0000
   1457    232719   163   +2.879    3297     30     87  -0.1364  -1.0000  -0.0395  +1.0000
   1458    232884   165   +3.900    2419     24    100  -0.2212  -1.0000  -0.8942  +1.0000
   1459    233041   157   +2.530    2641     22     50  -0.1947  -1.0000  -0.7359  +1.0000
   1460    233205   164   +4.499    3506     34     88  -0.1448  -1.0000  -0.1013  +1.0000
   1461    233369   164   +3.502    2869     28    103  -0.1542  -1.0000  -0.1967  +1.0000
   1462    233527   158   +0.138    2091     32     87  -0.3353  -1.0000  -0.9442  +0.6413
   1463    233687   160   +3.568    3114     33    102  -0.1499  -1.0000  -0.1288  +1.0000
   1464    233844   157   +3.390    2571     27    100  -0.1504  -1.0000  -0.1683  +1.0000
   1465    234007   163   +5.989    4640     40     56  +0.0302  -0.7821  +0.7434  +1.0000
   1466    234171   164   +3.208    2384     29     94  -0.1839  -1.0000  -0.5058  +1.0000
   1467    234333   162   +2.417    3447     37     49  -0.1103  -1.0000  +0.1784  +1.0000
   1468    234499   166   +2.415    2348     24    103  -0.1667  -1.0000  -0.3429  +1.0000
   1469    234661   162   +5.054    4033     36     21  -0.0235  -0.9415  +0.7506  +1.0000
   1470    234823   162   +1.763    2891     39     63  -0.2132  -1.0000  -0.3478  +0.8459
   1471    234986   163   +2.710    2094     27     90  -0.2077  -1.0000  -0.6089  +0.9485
   1472    235144   158   +4.213    2524     31    112  -0.1850  -1.0000  -0.4712  +1.0000
   1473    235306   162   +2.734    2725     29     61  -0.1780  -1.0000  -0.5102  +1.0000
   1474    235464   158   +7.049    4468     32     28  +0.0368  -0.8274  +0.8959  +1.0000
   1475    235618   154   +1.037    1732     26     93  -0.3004  -1.0000  -0.7041  +0.6719
   1476    235779   161   +2.770    2192     27     65  -0.2108  -1.0000  -0.8429  +1.0000
   1477    235939   160   +3.098    2755     29    104  -0.1758  -1.0000  -0.4076  +1.0000
   1478    236092   153   +3.007    2496     27    106  -0.1794  -1.0000  -0.4460  +1.0000
   1479    236257   165   +0.630    2148     29     86  -0.2657  -1.0000  -0.8439  +0.8348
   1480    236421   164   +6.362    4197     26     56  -0.0618  -0.8984  +0.2204  +1.0000
   1481    236580   159   +4.346    3573     28     82  -0.0999  -1.0000  +0.3053  +1.0000
   1482    236735   155   +4.921    3547     19     46  -0.1070  -1.0000  +0.1171  +1.0000
   1483    236893   158   +5.274    4547     40     18  +0.0103  -0.8067  +0.5637  +1.0000
   1484    237056   163   +1.739    2266     29     69  -0.2019  -1.0000  -0.5140  +0.9270
   1485    237222   166   +4.431    3542     31     90  -0.1633  -1.0000  -0.3003  +1.0000
   1486    237383   161   +4.857    3379     26    108  -0.1288  -1.0000  +0.0613  +1.0000
   1487    237540   157   +0.666    2676     37     70  -0.2204  -1.0000  -0.3670  +0.8287
   1488    237704   164   +3.085    3220     28     57  -0.1479  -1.0000  -0.2233  +1.0000
   1489    237858   154   +4.214    2423     19     99  -0.1828  -1.0000  -0.5367  +1.0000
   1490    238013   155   +1.389    2452     24     87  -0.1842  -1.0000  -0.5485  +1.0000
   1491    238172   159   +0.617    1982     24     97  -0.2028  -1.0000  -0.7160  +1.0000
   1492    238325   153   +4.918    3731     28     60  -0.0621  -1.0000  +0.6387  +1.0000
   1493    238484   159   +2.821    2858     31     62  -0.1808  -1.0000  -0.5274  +1.0000
   1494    238646   162   +2.117    2734     27     67  -0.1848  -1.0000  -0.5778  +1.0000
   1495    238811   165   +3.433    3644     37     67  -0.1298  -1.0000  +0.0201  +1.0000
   1496    238973   162   +3.734    3450     33     34  -0.0664  -1.0000  +0.5683  +1.0000
   1497    239135   162   +2.114    2648     32     49  -0.1720  -1.0000  -0.4635  +1.0000
   1498    239294   159   +4.691    2958     26     72  -0.1533  -1.0000  -0.2589  +1.0000
   1499    239452   158   +2.521    2835     32     82  -0.1929  -1.0000  -0.6038  +1.0000
   1500    239613   161   +5.585    3564     28     74  -0.1185  -1.0000  +0.0999  +1.0000

  ── rolling mean (last 100 ep) ──  cum_R=+3.278  yield=2966 kg/ha  N=29  W=74 mm  R_seas=-0.1595  R_ane=+0.9606

   1501    239774   161   +3.933    3080     35     66  -0.1571  -1.0000  -0.2644  +1.0000
   1502    239932   158   +4.990    3950     28    108  -0.1168  -0.9633  +0.0440  +1.0000
   1503    240091   159   +3.992    3223     31     63  -0.1235  -1.0000  +0.0464  +1.0000
   1504    240246   155   +2.871    2487     28     95  -0.1932  -1.0000  -0.6017  +1.0000
   1505    240396   150   +4.028    3586     31     43  -0.0680  -1.0000  +0.5596  +1.0000
   1506    240556   160   +1.764    2250     29     48  -0.1892  -1.0000  -0.5591  +0.9686
   1507    240718   162   +0.440    2442     34    100  -0.2588  -1.0000  -0.5325  +0.7720
   1508    240870   152   +2.793    2713     31    118  -0.1636  -1.0000  -0.2435  +1.0000
   1509    241032   162   +5.514    3347     31    103  -0.1478  -1.0000  -0.1188  +1.0000
   1510    241184   152   +2.367    2329     26     90  -0.1556  -1.0000  -0.2477  +1.0000
   1511    241339   155   +3.364    1836     22     94  -0.2156  -1.0000  -0.8586  +1.0000
   1512    241497   158   +5.601    3660     34     73  -0.0893  -1.0000  +0.4218  +1.0000
   1513    241663   166   +4.684    3403     32     85  -0.1322  -1.0000  +0.0098  +1.0000
   1514    241823   160   +4.661    4014     35     95  -0.0771  -0.9465  +0.3785  +1.0000
   1515    241982   159   -0.540    2084     32    115  -0.3409  -1.0000  -0.8905  +0.6236
   1516    242135   153   +1.705    3018     31     44  -0.1605  -1.0000  -0.3638  +1.0000
   1517    242296   161   +5.104    3942     26    102  -0.0785  -0.9655  +0.4124  +1.0000
   1518    242460   164   +5.079    4624     36     50  +0.0008  -0.7865  +0.4351  +1.0000
   1519    242622   162   +2.458    2655     30     61  -0.1650  -1.0000  -0.3804  +1.0000
   1520    242780   158   +5.782    4512     43    100  -0.0216  -0.8157  +0.4611  +1.0000
   1521    242942   162   +5.123    3159     22    124  -0.1664  -1.0000  -0.3076  +1.0000
   1522    243102   160   +5.512    4446     32    103  -0.0353  -0.8331  +0.3450  +1.0000
   1523    243257   155   +3.306    3284     37     60  -0.1155  -1.0000  +0.1485  +1.0000
   1524    243412   155   +4.485    2904     25    121  -0.1896  -1.0000  -0.5303  +1.0000
   1525    243570   158   +2.319    2477     28    111  -0.1824  -1.0000  -0.4602  +1.0000
   1526    243728   158   -0.257    1961     31    111  -0.3282  -1.0000  -0.7017  +0.5983
   1527    243889   161   +2.120    2512     29     46  -0.1722  -1.0000  -0.4832  +1.0000
   1528    244050   161   +2.569    2694     25    112  -0.1740  -1.0000  -0.3888  +1.0000
   1529    244214   164   +4.539    3184     26     91  -0.1627  -1.0000  -0.3113  +1.0000
   1530    244376   162   +3.988    3451     28     90  -0.1519  -1.0000  -0.1978  +1.0000
   1531    244534   158   +2.470    3180     32     70  -0.1570  -1.0000  -0.2692  +1.0000
   1532    244692   158   +2.807    2525     27     99  -0.1725  -1.0000  -0.3897  +1.0000
   1533    244854   162   +3.599    2878     30    104  -0.1957  -1.0000  -0.5969  +1.0000
   1534    245005   151   +1.728    2288     28    109  -0.2182  -1.0000  -0.8231  +1.0000
   1535    245168   163   +4.407    3454     29     96  -0.1679  -1.0000  -0.3411  +1.0000
   1536    245328   160   +6.461    4289     34     57  -0.0573  -0.8743  +0.2094  +1.0000
   1537    245490   162   +4.243    2527     24    106  -0.2009  -1.0000  -0.6762  +1.0000
   1538    245654   164   +4.502    4047     34     62  -0.0342  -0.9378  +0.7017  +1.0000
   1539    245812   158   +3.347    2200     24    116  -0.1930  -1.0000  -0.5765  +1.0000
   1540    245972   160   +4.203    3011     30    128  -0.2084  -1.0000  -0.6768  +1.0000
   1541    246130   158   +5.564    3387     23    125  -0.1462  -1.0000  -0.0961  +1.0000
   1542    246290   160   +4.901    3619     31    113  -0.1258  -1.0000  +0.1257  +1.0000
   1543    246443   153   +2.660    2536     30    104  -0.2156  -1.0000  -0.7961  +1.0000
   1544    246603   160   +3.704    3847     40     80  -0.1261  -0.9902  +0.0620  +1.0000
   1545    246763   160   +3.814    2365     26    119  -0.2061  -1.0000  -0.6938  +1.0000
   1546    246923   160   +3.973    2699     22     82  -0.1607  -1.0000  -0.3333  +1.0000
   1547    247079   156   +4.533    3462     30    100  -0.1305  -1.0000  +0.0445  +1.0000
   1548    247234   155   +4.652    3020     26    130  -0.1976  -1.0000  -0.5870  +1.0000
   1549    247400   166   +3.162    3739     34     99  -0.1278  -1.0000  +0.0875  +1.0000
   1550    247564   164   +3.123    3036     31     90  -0.1599  -1.0000  -0.2644  +1.0000
   1551    247721   157   +3.862    3118     28     94  -0.1862  -1.0000  -0.5354  +1.0000
   1552    247877   156   +2.681    1972     23    112  -0.2241  -1.0000  -0.9005  +1.0000
   1553    248035   158   +4.377    2573     21    112  -0.1819  -1.0000  -0.4923  +1.0000
   1554    248203   168   +4.068    3174     24    110  -0.1472  -1.0000  -0.1290  +1.0000
   1555    248363   160   +3.671    2812     33     92  -0.1651  -1.0000  -0.2996  +1.0000
   1556    248522   159   +5.294    2585     22    106  -0.1502  -1.0000  -0.1782  +1.0000
   1557    248682   160   +4.866    3660     31    133  -0.1374  -1.0000  +0.0459  +1.0000
   1558    248843   161   +4.838    3935     29     74  -0.0776  -0.9671  +0.3860  +1.0000
   1559    249006   163   +7.207    4219     32    122  -0.0386  -0.8926  +0.5851  +1.0000
   1560    249163   157   +0.009    1646     29    118  -0.4184  -1.0000  -1.0000  +0.3999
   1561    249327   164   +2.122    3067     30     94  -0.1599  -1.0000  -0.2626  +1.0000
   1562    249490   163   +4.765    3330     30     93  -0.1267  -1.0000  +0.0685  +1.0000
   1563    249644   154   +3.210    2887     31     66  -0.1703  -1.0000  -0.4180  +1.0000
   1564    249808   164   -0.820    1804     29     81  -0.3498  -1.0000  -0.7907  +0.5340
   1565    249970   162   +2.877    2937     29     88  -0.1409  -1.0000  -0.0893  +1.0000
   1566    250130   160   +4.697    2528     26    136  -0.1913  -1.0000  -0.5146  +1.0000
   1567    250298   168   +3.199    2280     28    125  -0.1978  -1.0000  -0.5892  +1.0000
   1568    250457   159   +1.507    2448     32     75  -0.1857  -1.0000  -0.3714  +0.9407
   1569    250619   162   +3.667    2085     28    119  -0.2313  -1.0000  -0.5377  +0.8678
   1570    250777   158   +4.052    2758     24    141  -0.1893  -1.0000  -0.4924  +1.0000
   1571    250940   163   +2.694    3209     31     60  -0.1444  -1.0000  -0.1675  +1.0000
   1572    251101   161   +4.758    4039     34     45  -0.0649  -0.9400  +0.3733  +1.0000
   1573    251253   152   +3.361    2420     27    108  -0.1879  -1.0000  -0.5273  +1.0000
   1574    251408   155   +2.137    3129     33     70  -0.1576  -1.0000  -0.2698  +1.0000
   1575    251570   162   +3.495    3741     34     80  -0.1169  -1.0000  +0.1630  +1.0000
   1576    251732   162   +3.648    3953     37     78  -0.1184  -0.9624  +0.0089  +1.0000
   1577    251898   166   +3.190    2664     26    124  -0.1834  -1.0000  -0.4559  +1.0000
   1578    252057   159   +5.192    4379     34    105  -0.0442  -0.8507  +0.3400  +1.0000
   1579    252213   156   +0.918    1986     30    101  -0.3164  -1.0000  -0.8137  +0.6668
   1580    252374   161   +3.325    2242     24    137  -0.2096  -1.0000  -0.7036  +1.0000
   1581    252538   164   +4.403    2602     20     70  -0.1660  -1.0000  -0.4198  +1.0000
   1582    252701   163   +6.568    4545     32     89  -0.0178  -0.8070  +0.3890  +1.0000
   1583    252859   158   +5.337    3227     23    110  -0.1316  -1.0000  +0.0209  +1.0000
   1584    253023   164   +5.021    3221     30    102  -0.1689  -1.0000  -0.3354  +1.0000
   1585    253182   159   +2.668    2597     28     88  -0.1728  -1.0000  -0.4133  +1.0000
   1586    253345   163   +4.439    2277     18    134  -0.2005  -1.0000  -0.6469  +1.0000
   1587    253501   156   +5.448    4391     38     59  -0.0281  -0.8475  +0.4160  +1.0000
   1588    253662   161   +3.201    2996     34     94  -0.1343  -1.0000  +0.0160  +1.0000
   1589    253819   157   +4.363    4105     30    101  -0.0346  -0.9225  +0.6966  +1.0000
   1590    253977   158   +2.196    3088     32     68  -0.1325  -1.0000  -0.0328  +1.0000
   1591    254135   158   +5.548    3786     24    133  -0.1285  -1.0000  +0.0974  +1.0000
   1592    254287   152   +5.800    4362     33     78  -0.0009  -0.8552  +0.7307  +1.0000
   1593    254444   157   +5.234    3406     29    100  -0.1449  -1.0000  -0.1029  +1.0000
   1594    254609   165   +5.283    3237     25    151  -0.1698  -1.0000  -0.2725  +1.0000
   1595    254767   158   +4.426    3309     32     92  -0.1476  -1.0000  -0.1313  +1.0000
   1596    254927   160   +3.871    3229     26    127  -0.1428  -1.0000  -0.0434  +1.0000
   1597    255094   167   +4.569    2797     24    118  -0.1740  -1.0000  -0.3830  +1.0000
   1598    255259   165   +4.496    3112     25    124  -0.1532  -1.0000  -0.1587  +1.0000
   1599    255415   156   +2.987    2368     19    134  -0.1754  -1.0000  -0.3902  +1.0000
   1600    255579   164   +4.235    2384     24    127  -0.2005  -1.0000  -0.6294  +1.0000

  ── rolling mean (last 100 ep) ──  cum_R=+3.751  yield=3080 kg/ha  N=29  W=97 mm  R_seas=-0.1557  R_ane=+0.9737

   1601    255741   162   +5.441    4175     36     91  -0.0642  -0.9043  +0.3351  +1.0000
   1602    255903   162   +3.926    4178     41     99  -0.0970  -0.9033  +0.0463  +1.0000
   1603    256060   157   +3.399    4038     38    101  -0.1215  -0.9401  -0.0603  +1.0000
   1604    256218   158   +2.297    2510     31     99  -0.1731  -1.0000  -0.3785  +1.0000
   1605    256376   158   +1.367    2482     30    104  -0.1905  -1.0000  -0.5467  +1.0000
   1606    256535   159   +5.138    4541     42     66  -0.0129  -0.8080  +0.4480  +1.0000
   1607    256698   163   +5.232    3628     34     72  -0.1272  -1.0000  +0.0399  +1.0000
   1608    256857   159   +3.896    3011     34    112  -0.1841  -1.0000  -0.4451  +1.0000
   1609    257019   162   +4.390    2571     19    120  -0.1831  -1.0000  -0.4984  +1.0000
   1610    257183   164   +5.537    3890     32    114  -0.1027  -0.9790  +0.2767  +1.0000
   1611    257342   159   +0.001    1799     28    122  -0.3447  -1.0000  -0.9549  +0.6301
   1612    257502   160   +3.322    2472     20    123  -0.1816  -1.0000  -0.4715  +1.0000
   1613    257665   163   +3.598    2325     21    124  -0.2117  -1.0000  -0.7646  +1.0000
   1614    257822   157   +4.185    2003     17    130  -0.2016  -1.0000  -0.6681  +1.0000
   1615    257982   160   +1.298    1571     22    104  -0.2796  -1.0000  -0.9038  +0.8081
   1616    258139   157   +3.075    3974     37    117  -0.0939  -0.9570  +0.3049  +1.0000
   1617    258301   162   +3.017    3380     30    108  -0.1677  -1.0000  -0.3100  +1.0000
   1618    258459   158   +3.017    2784     23    117  -0.2012  -1.0000  -0.6624  +1.0000
   1619    258614   155   +5.087    2822     22    128  -0.1614  -1.0000  -0.2474  +1.0000
   1620    258768   154   +2.274    2695     29     96  -0.1816  -1.0000  -0.4804  +1.0000
   1621    258922   154   +3.504    3558     29     98  -0.1504  -1.0000  -0.1604  +1.0000
   1622    259081   159   +2.721    3051     30    112  -0.1739  -1.0000  -0.3674  +1.0000
   1623    259239   158   +4.788    2269     24    114  -0.2038  -1.0000  -0.6912  +1.0000
   1624    259398   159   +3.665    2595     21    150  -0.1997  -1.0000  -0.5935  +1.0000
   1625    259564   166   +0.988    3057     41     76  -0.2084  -1.0000  -0.3720  +0.8810
   1626    259723   159   +3.172    2775     25    126  -0.1463  -1.0000  -0.0872  +1.0000
   1627    259887   164   +2.166    2781     34     98  -0.1611  -1.0000  -0.2457  +1.0000
   1628    260049   162   +4.241    2539     25    149  -0.2185  -1.0000  -0.7616  +1.0000
   1629    260210   161   +4.479    2916     21    144  -0.1967  -1.0000  -0.5749  +1.0000
   1630    260366   156   +4.036    3117     27    121  -0.1679  -1.0000  -0.3023  +1.0000
   1631    260536   170   +5.986    3256     24    161  -0.1843  -1.0000  -0.4003  +1.0000
   1632    260698   162   +2.651    2168     28    124  -0.2152  -1.0000  -0.5850  +0.9400
   1633    260853   155   +3.526    2472     21    107  -0.1572  -1.0000  -0.2526  +1.0000
   1634    261015   162   +4.535    3872     32    135  -0.1240  -0.9837  +0.1247  +1.0000
   1635    261178   163   +4.688    4255     41     59  -0.0337  -0.8831  +0.5201  +1.0000
   1636    261335   157   +4.055    3575     34    122  -0.1133  -1.0000  +0.2779  +1.0000
   1637    261502   167   +1.439    2863     44     48  -0.2826  -1.0000  -0.3982  +0.6295
   1638    261664   162   +2.272    2515     28     94  -0.2085  -1.0000  -0.7561  +1.0000
   1639    261828   164   +2.679    1855     23    110  -0.1991  -1.0000  -0.6068  +0.9846
   1640    261992   164   +4.460    4297     37     88  -0.0281  -0.8722  +0.5697  +1.0000
   1641    262152   160   +2.907    3819     35    102  -0.1295  -0.9977  +0.0762  +1.0000
   1642    262309   157   +2.383    3312     33     80  -0.1343  -1.0000  -0.0165  +1.0000
   1643    262467   158   +3.336    2935     36    137  -0.1796  -1.0000  -0.3436  +1.0000
   1644    262629   162   +4.149    2553     21    157  -0.1909  -1.0000  -0.4925  +1.0000
   1645    262790   161   +4.514    2150     16    157  -0.2147  -1.0000  -0.7523  +1.0000
   1646    262952   162   +4.920    3998     37     48  -0.0548  -0.9506  +0.5381  +1.0000
   1647    263115   163   +3.362    2054     19    143  -0.2013  -1.0000  -0.6335  +1.0000
   1648    263273   158   +4.363    2984     19    121  -0.1530  -1.0000  -0.1948  +1.0000
   1649    263431   158   +2.595    2860     32     59  -0.1848  -1.0000  -0.5723  +1.0000
   1650    263593   162   +5.305    4250     32     59  -0.0002  -0.8846  +0.8152  +1.0000
   1651    263750   157   +4.916    3237     27    126  -0.1395  -1.0000  -0.0075  +1.0000
   1652    263902   152   +2.868    2094     25    114  -0.1958  -1.0000  -0.6058  +1.0000
   1653    264058   156   +6.072    4279     30    132  -0.0601  -0.8770  +0.3201  +1.0000
   1654    264221   163   +3.339    2690     21    108  -0.1675  -1.0000  -0.3544  +1.0000
   1655    264382   161   +3.580    3674     37     60  -0.1044  -1.0000  +0.2593  +1.0000
   1656    264541   159   +3.044    2281     22    126  -0.1920  -1.0000  -0.5592  +1.0000
   1657    264702   161   +2.801    3135     30     84  -0.1611  -1.0000  -0.2927  +1.0000
   1658    264863   161   +3.926    3399     27    131  -0.1210  -1.0000  +0.1873  +1.0000
   1659    265016   153   +2.175    2685     30     77  -0.1872  -1.0000  -0.5693  +1.0000
   1660    265178   162   +3.411    2962     23    124  -0.1569  -1.0000  -0.2041  +1.0000
   1661    265340   162   +3.475    3499     29     94  -0.1419  -1.0000  -0.0832  +1.0000
   1662    265503   163   +0.727    2343     32    102  -0.2373  -1.0000  -0.5328  +0.8409
   1663    265658   155   +3.368    2923     24    148  -0.1674  -1.0000  -0.2585  +1.0000
   1664    265816   158   +4.472    4065     42     67  -0.0664  -0.9331  +0.4147  +1.0000
   1665    265982   166   +5.492    4594     43    108  -0.0344  -0.7943  +0.2653  +1.0000
   1666    266145   163   +6.881    4886     42     91  +0.0349  -0.7175  +0.6093  +1.0000
   1667    266305   160   +2.670    2434     27    131  -0.1851  -1.0000  -0.4531  +1.0000
   1668    266464   159   +6.302    4547     35    122  +0.0103  -0.8065  +0.7476  +1.0000
   1669    266626   162   +2.333    3157     38     79  -0.1709  -1.0000  -0.3596  +1.0000
   1670    266789   163   +3.009    3297     32     96  -0.1485  -1.0000  -0.1293  +1.0000
   1671    266942   153   +4.087    2238     20    148  -0.2033  -1.0000  -0.6347  +1.0000
   1672    267100   158   +3.668    2316     25    132  -0.2122  -1.0000  -0.7323  +1.0000
   1673    267263   163   +4.612    4214     35     90  -0.0630  -0.8940  +0.3011  +1.0000
   1674    267417   154   +2.980    3094     32    113  -0.1813  -1.0000  -0.4268  +1.0000
   1675    267580   163   +5.131    3680     24    150  -0.1055  -1.0000  +0.3635  +1.0000
   1676    267736   156   +3.284    2875     23    161  -0.1877  -1.0000  -0.4397  +1.0000
   1677    267897   161   +3.554    2387     22    134  -0.1865  -1.0000  -0.4846  +1.0000
   1678    268054   157   +4.286    3276     21    167  -0.1535  -1.0000  -0.0988  +1.0000
   1679    268217   163   +5.254    3568     33    104  -0.1101  -1.0000  +0.2710  +1.0000
   1680    268376   159   +3.004    2437     23    158  -0.1978  -1.0000  -0.5492  +1.0000
   1681    268538   162   +3.521    2335     22    159  -0.2170  -1.0000  -0.7422  +1.0000
   1682    268695   157   +3.409    3237     33     99  -0.1529  -1.0000  -0.1664  +1.0000
   1683    268850   155   +3.849    3380     30    138  -0.1720  -1.0000  -0.2928  +1.0000
   1684    269008   158   +4.497    3975     32     94  -0.0838  -0.9566  +0.3354  +1.0000
   1685    269170   162   +4.255    2625     27    128  -0.1832  -1.0000  -0.4404  +1.0000
   1686    269333   163   +2.062    3100     37    107  -0.1880  -1.0000  -0.4828  +1.0000
   1687    269484   151   +2.886    2367     23    108  -0.1941  -1.0000  -0.6108  +1.0000
   1688    269641   157   +3.900    2699     23    132  -0.1973  -1.0000  -0.5933  +1.0000
   1689    269804   163   +4.523    3647     32    141  -0.1404  -1.0000  +0.0353  +1.0000
   1690    269965   161   +3.051    3674     33     93  -0.1102  -1.0000  +0.2503  +1.0000
   1691    270126   161   +4.154    3668     31     92  -0.1341  -1.0000  -0.0034  +1.0000
   1692    270288   162   +4.587    2275     23    147  -0.2243  -1.0000  -0.8345  +1.0000
   1693    270452   164   +3.631    3531     40    108  -0.1682  -1.0000  -0.2665  +1.0000
   1694    270614   162   +2.493    1963     21    167  -0.2404  -1.0000  -0.9628  +1.0000
   1695    270771   157   +4.660    3750     31    110  -0.0908  -1.0000  +0.4679  +1.0000
   1696    270930   159   +3.625    3574     37     77  -0.1306  -1.0000  +0.0340  +1.0000
   1697    271088   158   +4.271    3514     29    145  -0.1360  -1.0000  +0.0736  +1.0000
   1698    271243   155   +5.271    3095     22    137  -0.1704  -1.0000  -0.3193  +1.0000
   1699    271407   164   +5.770    4314     31    137  -0.0739  -0.8677  +0.1620  +1.0000
   1700    271568   161   +3.629    3038     28    124  -0.1678  -1.0000  -0.2932  +1.0000

  ── rolling mean (last 100 ep) ──  cum_R=+3.701  yield=3116 kg/ha  N=29  W=114 mm  R_seas=-0.1547  R_ane=+0.9871

   1701    271734   166   +1.861    2622     31    128  -0.2194  -1.0000  -0.7841  +1.0000
   1702    271896   162   +2.082    2982     35     96  -0.1678  -1.0000  -0.3094  +1.0000
   1703    272059   163   +3.531    4370     42    116  -0.0823  -0.8531  +0.0299  +1.0000
   1704    272222   163   +3.828    3251     26    140  -0.1640  -1.0000  -0.2324  +1.0000
   1705    272376   154   +3.464    2970     33    136  -0.1946  -1.0000  -0.5080  +1.0000
   1706    272539   163   +2.745    3107     39    122  -0.2075  -1.0000  -0.6380  +1.0000
   1707    272707   168   +4.727    2794     28    140  -0.1962  -1.0000  -0.5394  +1.0000
   1708    272863   156   +5.539    3200     28    128  -0.1409  -1.0000  -0.0112  +1.0000
   1709    273026   163   +3.611    2296     22    149  -0.2114  -1.0000  -0.7049  +1.0000
   1710    273185   159   +3.524    2480     29    132  -0.1973  -1.0000  -0.5657  +1.0000
   1711    273350   165   +3.801    3744     36     88  -0.1005  -1.0000  +0.3480  +1.0000
   1712    273499   149   +3.858    3478     24    100  -0.1393  -1.0000  -0.0736  +1.0000
   1713    273658   159   +6.723    4499     36    136  -0.0262  -0.8192  +0.4642  +1.0000
   1714    273816   158   +4.047    2858     23    163  -0.1807  -1.0000  -0.3632  +1.0000
   1715    273980   164   +2.472    2386     25    115  -0.1965  -1.0000  -0.6121  +1.0000
   1716    274146   166   +4.632    3250     29    118  -0.1357  -1.0000  +0.0219  +1.0000
   1717    274298   152   +2.065    2763     32     80  -0.1749  -1.0000  -0.4304  +1.0000
   1718    274462   164   +3.960    3021     34    100  -0.1412  -1.0000  -0.0435  +1.0000
   1719    274621   159   +1.672    2151     31    116  -0.2887  -1.0000  -0.7348  +0.7446
   1720    274784   163   +3.075    2554     26    108  -0.1934  -1.0000  -0.5904  +1.0000
   1721    274945   161   +3.626    2862     26    112  -0.1830  -1.0000  -0.4757  +1.0000
   1722    275102   157   +4.915    3290     29    135  -0.1356  -1.0000  +0.0600  +1.0000
   1723    275266   164   +3.333    2781     29    145  -0.1712  -1.0000  -0.2757  +1.0000
   1724    275418   152   +4.531    3408     25    124  -0.1298  -1.0000  +0.0736  +1.0000
   1725    275579   161   +3.840    2239     24    149  -0.2004  -1.0000  -0.5833  +1.0000
   1726    275735   156   +2.247    3056     28    140  -0.1905  -1.0000  -0.4843  +1.0000
   1727    275896   161   +5.587    4024     32    135  -0.0836  -0.9439  +0.3693  +1.0000
   1728    276066   170   +4.355    3004     24    142  -0.1450  -1.0000  -0.0479  +1.0000
   1729    276230   164   +5.406    4006     35    107  -0.1050  -0.9485  +0.1333  +1.0000
   1730    276388   158   +3.680    3628     34    104  -0.1314  -1.0000  +0.0643  +1.0000
   1731    276546   158   +4.046    3840     27    109  -0.1068  -0.9922  +0.2541  +1.0000
   1732    276709   163   +1.554    2384     33    115  -0.2459  -1.0000  -0.5450  +0.8262
   1733    276873   164   +3.311    2811     28    146  -0.1827  -1.0000  -0.3916  +1.0000
   1734    277037   164   +3.927    2743     27    161  -0.1886  -1.0000  -0.4318  +1.0000
   1735    277199   162   +4.672    4030     37    130  -0.1178  -0.9421  +0.0370  +1.0000
   1736    277354   155   +4.800    2157     31     40  -0.1994  -1.0000  +0.0950  +0.7161
   1737    277514   160   +5.111    3199     23    149  -0.1567  -1.0000  -0.1556  +1.0000
   1738    277677   163   +3.566    3737     32     83  -0.1284  -1.0000  +0.0418  +1.0000
   1739    277836   159   +2.672    2330     27    115  -0.1838  -1.0000  -0.4716  +1.0000
   1740    277991   155   +5.701    4418     39    107  -0.0203  -0.8404  +0.5680  +1.0000
   1741    278154   163   +4.560    2993     29    124  -0.1929  -1.0000  -0.5348  +1.0000
   1742    278313   159   +5.799    3425     21    160  -0.1749  -1.0000  -0.3266  +1.0000
   1743    278472   159   +5.142    4376     31    128  -0.0567  -0.8515  +0.2519  +1.0000
   1744    278635   163   +4.318    3957     33    114  -0.1014  -0.9614  +0.2248  +1.0000
   1745    278800   165   +3.577    3011     25    138  -0.1835  -1.0000  -0.4337  +1.0000
   1746    278963   163   +3.479    2206     24    131  -0.2031  -1.0000  -0.6480  +1.0000
   1747    279131   168   +5.124    3298     26    167  -0.1566  -1.0000  -0.1025  +1.0000
   1748    279289   158   +4.129    2794     24    189  -0.2196  -1.0000  -0.6976  +1.0000
   1749    279450   161   +2.395    2652     26    133  -0.1779  -1.0000  -0.3803  +1.0000
   1750    279604   154   +3.549    3006     30    120  -0.1611  -1.0000  -0.2221  +1.0000
   1751    279769   165   +3.728    2648     24    145  -0.1756  -1.0000  -0.3446  +1.0000
   1752    279927   158   +2.707    3133     36    106  -0.1661  -1.0000  -0.2716  +1.0000
   1753    280086   159   +5.196    2823     21    137  -0.1738  -1.0000  -0.3605  +1.0000
   1754    280241   155   +2.430    2974     32    103  -0.1817  -1.0000  -0.4528  +1.0000
   1755    280395   154   +3.682    2300     17    139  -0.1951  -1.0000  -0.5876  +1.0000
   1756    280562   167   +5.709    4296     36    143  -0.0503  -0.8723  +0.4508  +1.0000
   1757    280726   164   +4.721    2693     20    157  -0.1878  -1.0000  -0.4629  +1.0000
   1758    280883   157   +2.948    2428     23    150  -0.1938  -1.0000  -0.5252  +1.0000
   1759    281048   165   +5.516    2758     22    175  -0.1855  -1.0000  -0.3951  +1.0000
   1760    281205   157   +0.494    2978     42     96  -0.2657  -1.0000  -0.5811  +0.7754
   1761    281369   164   +3.777    3017     21    156  -0.1721  -1.0000  -0.3038  +1.0000
   1762    281521   152   +3.357    3990     35     65  -0.0655  -0.9527  +0.4588  +1.0000
   1763    281686   165   +3.093    1925     20    155  -0.2375  -1.0000  -0.9648  +1.0000
   1764    281853   167   +4.665    2370     18    174  -0.1822  -1.0000  -0.3843  +1.0000
   1765    282007   154   +5.515    2982     25    153  -0.1409  -1.0000  +0.0223  +1.0000
   1766    282168   161   +2.781    3495     43    123  -0.1552  -1.0000  -0.0919  +1.0000
   1767    282328   160   +0.655    1885     27    142  -0.2927  -1.0000  -0.7803  +0.7575
   1768    282485   157   +3.396    2842     27    150  -0.1799  -1.0000  -0.3611  +1.0000
   1769    282645   160   +4.296    3045     23    167  -0.1569  -1.0000  -0.1206  +1.0000
   1770    282811   166   +4.986    2990     26    153  -0.1738  -1.0000  -0.3038  +1.0000
   1771    282969   158   +3.381    2647     26    160  -0.2012  -1.0000  -0.5646  +1.0000
   1772    283131   162   +3.872    3211     30    128  -0.1196  -1.0000  +0.2072  +1.0000
   1773    283295   164   +3.708    3126     27    160  -0.1677  -1.0000  -0.2222  +1.0000
   1774    283457   162   +2.660    3700     34     90  -0.1303  -1.0000  +0.0492  +1.0000
   1775    283619   162   +7.303    4276     34    171  -0.0589  -0.8778  +0.4344  +1.0000
   1776    283770   151   +4.628    2953     24    186  -0.1808  -1.0000  -0.3177  +1.0000
   1777    283932   162   +4.351    2981     26    160  -0.1640  -1.0000  -0.1881  +1.0000
   1778    284092   160   +4.190    3012     30    148  -0.1701  -1.0000  -0.2566  +1.0000
   1779    284250   158   +5.318    3482     27    168  -0.1689  -1.0000  -0.2173  +1.0000
   1780    284409   159   +5.105    4235     43     82  -0.0413  -0.8885  +0.5217  +1.0000
   1781    284572   163   +5.767    3477     25    155  -0.1646  -1.0000  -0.2110  +1.0000
   1782    284730   158   +8.105    4640     32    148  +0.0059  -0.7823  +0.6412  +1.0000
   1783    284891   161   +2.391    2059     19    143  -0.2131  -1.0000  -0.7521  +1.0000
   1784    285046   155   +3.710    2715     27    175  -0.1931  -1.0000  -0.4463  +1.0000
   1785    285209   163   +6.201    4261     34    113  -0.0574  -0.8815  +0.3452  +1.0000
   1786    285369   160   +3.279    2903     29    131  -0.1670  -1.0000  -0.2614  +1.0000
   1787    285533   164   +4.319    2304     22    190  -0.2256  -1.0000  -0.7684  +1.0000
   1788    285702   169   +2.884    2687     26    121  -0.1683  -1.0000  -0.3129  +1.0000
   1789    285864   162   +4.811    3213     24    126  -0.1544  -1.0000  -0.1710  +1.0000
   1790    286027   163   +4.040    3219     31    154  -0.1570  -1.0000  -0.1040  +1.0000
   1791    286187   160   +2.074    3005     35    114  -0.2056  -1.0000  -0.6539  +1.0000
   1792    286349   162   +3.076    2939     25    125  -0.1739  -1.0000  -0.3616  +1.0000
   1793    286509   160   +4.119    3046     27    175  -0.1724  -1.0000  -0.2366  +1.0000
   1794    286674   165   +4.638    3247     28    172  -0.1805  -1.0000  -0.3194  +1.0000
   1795    286834   160   +4.491    4167     33    140  -0.0968  -0.9062  +0.0999  +1.0000
   1796    286999   165   +5.726    3118     25    168  -0.1688  -1.0000  -0.2280  +1.0000
   1797    287160   161   +3.217    3105     33    140  -0.1772  -1.0000  -0.3277  +1.0000
   1798    287320   160   +4.535    3078     30    144  -0.1639  -1.0000  -0.2001  +1.0000
   1799    287485   165   +4.450    3536     32    149  -0.1667  -1.0000  -0.2089  +1.0000
   1800    287645   160   +3.681    2923     34    158  -0.2178  -1.0000  -0.6929  +1.0000

  ── rolling mean (last 100 ep) ──  cum_R=+3.979  yield=3113 kg/ha  N=29  W=134 mm  R_seas=-0.1615  R_ane=+0.9882

   1801    287805   160   +2.354    3140     34    105  -0.1847  -1.0000  -0.4686  +1.0000
   1802    287962   157   +6.140    4728     34    109  +0.0238  -0.7590  +0.6622  +1.0000
   1803    288127   165   +1.867    2010     28    169  -0.2897  -1.0000  -0.8219  +0.8006
   1804    288286   159   +4.674    4082     38    109  -0.0940  -0.9286  +0.1799  +1.0000
   1805    288441   155   +5.076    3830     31    148  -0.1226  -0.9949  +0.2030  +1.0000
   1806    288603   162   +4.732    2729     30    169  -0.1974  -1.0000  -0.4832  +1.0000
   1807    288760   157   +4.464    2902     28    158  -0.1727  -1.0000  -0.2695  +1.0000
   1808    288913   153   +5.995    4022     31    172  -0.0958  -0.9443  +0.3153  +1.0000
   1809    289073   160   +5.737    4534     39    130  -0.0396  -0.8101  +0.2963  +1.0000
   1810    289233   160   +4.219    2963     22    166  -0.1879  -1.0000  -0.4354  +1.0000
   1811    289392   159   +2.493    2635     31    158  -0.2037  -1.0000  -0.5676  +1.0000
   1812    289555   163   +7.247    4855     37    115  +0.0334  -0.7257  +0.6518  +1.0000
   1813    289715   160   +6.612    4371     35    141  -0.0431  -0.8527  +0.4372  +1.0000
   1814    289876   161   +4.212    3492     31    156  -0.1450  -1.0000  +0.0164  +1.0000
   1815    290035   159   +2.812    2819     37    169  -0.2280  -1.0000  -0.4744  +0.9060
   1816    290190   155   +5.951    3897     29    164  -0.1288  -0.9772  +0.0916  +1.0000
   1817    290351   161   +7.523    4368     36    153  -0.0553  -0.8536  +0.3458  +1.0000
   1818    290513   162   +4.912    3156     24    177  -0.2010  -1.0000  -0.5352  +1.0000
   1819    290676   163   +3.672    2882     31     91  -0.1416  -1.0000  -0.0765  +1.0000
   1820    290841   165   +1.659    2621     33    115  -0.1998  -1.0000  -0.6045  +1.0000
   1821    290999   158   +4.120    3165     20    161  -0.1753  -1.0000  -0.3279  +1.0000
   1822    291155   156   +4.331    3926     32    155  -0.1302  -0.9696  +0.0478  +1.0000
   1823    291313   158   +6.081    3238     28    210  -0.1982  -1.0000  -0.4245  +1.0000
   1824    291468   155   +5.500    3837     31    152  -0.1358  -0.9930  +0.0727  +1.0000
   1825    291631   163   +5.198    4368     35    124  -0.0612  -0.8535  +0.2269  +1.0000
   1826    291796   165   +4.842    4188     37    166  -0.1151  -0.9007  -0.0310  +1.0000
   1827    291961   165   +5.204    4280     43    134  -0.0738  -0.8768  +0.2519  +1.0000
   1828    292120   159   +4.294    3448     31    146  -0.1444  -1.0000  +0.0042  +1.0000
   1829    292283   163   +4.523    4003     33    121  -0.0923  -0.9494  +0.2818  +1.0000
   1830    292442   159   +5.514    2829     20    197  -0.1972  -1.0000  -0.4777  +1.0000
   1831    292610   168   +6.625    4734     43    110  -0.0025  -0.7575  +0.4372  +1.0000
   1832    292768   158   +6.277    4984     41    110  +0.0343  -0.6920  +0.5358  +1.0000
   1833    292924   156   +3.485    2391     22    195  -0.2259  -1.0000  -0.7601  +1.0000
   1834    293086   162   +5.220    3865     33    178  -0.1524  -0.9856  -0.0605  +1.0000
   1835    293245   159   +4.339    3340     32    162  -0.1684  -1.0000  -0.2015  +1.0000
   1836    293403   158   +4.746    3607     33    183  -0.1650  -1.0000  -0.1180  +1.0000
   1837    293569   166   +6.795    5105     39     93  +0.0636  -0.6602  +0.6573  +1.0000
   1838    293724   155   +3.235    3802     40     87  -0.1336  -1.0000  +0.0384  +1.0000
   1839    293886   162   +6.730    4204     27    178  -0.0965  -0.8967  +0.1115  +1.0000
   1840    294049   163   +2.793    2862     27    154  -0.1650  -1.0000  -0.2087  +1.0000
   1841    294210   161   +6.724    4764     39    146  +0.0174  -0.7495  +0.6582  +1.0000
   1842    294366   156   +5.260    3884     32    151  -0.1301  -0.9807  +0.0862  +1.0000
   1843    294527   161   +3.808    2888     28    146  -0.1792  -1.0000  -0.3622  +1.0000
   1844    294691   164   +5.826    3588     30    149  -0.1473  -1.0000  -0.0226  +1.0000
   1845    294847   156   +3.789    3694     30    153  -0.1394  -1.0000  +0.0603  +1.0000
   1846    295012   165   +4.409    3543     32    152  -0.1335  -1.0000  +0.1293  +1.0000
   1847    295173   161   +4.317    3427     28    146  -0.1631  -1.0000  -0.1984  +1.0000
   1848    295337   164   +4.772    3454     29    160  -0.1728  -1.0000  -0.2626  +1.0000
   1849    295506   169   +5.772    3768     26    168  -0.1223  -1.0000  +0.2436  +1.0000
   1850    295669   163   +4.447    3829     32    171  -0.1326  -0.9950  +0.1530  +1.0000
   1851    295824   155   +4.031    3448     31    116  -0.1069  -1.0000  +0.3174  +1.0000
   1852    295986   162   +4.281    3229     32    123  -0.1492  -1.0000  -0.0859  +1.0000
   1853    296145   159   +4.686    3155     29    169  -0.1931  -1.0000  -0.4494  +1.0000
   1854    296307   162   +4.105    3719     33    135  -0.1171  -1.0000  +0.2636  +1.0000
   1855    296461   154   +5.273    4422     36    106  -0.0129  -0.8394  +0.6220  +1.0000
   1856    296619   158   +6.346    4461     39    124  -0.0306  -0.8291  +0.4543  +1.0000
   1857    296777   158   +2.599    2512     28    150  -0.2091  -1.0000  -0.6525  +1.0000
   1858    296939   162   +4.334    3884     33    158  -0.1537  -0.9806  -0.1359  +1.0000
   1859    297100   161   +6.382    4077     28    161  -0.0658  -0.9299  +0.5239  +1.0000
   1860    297258   158   +5.459    3461     27    164  -0.1413  -1.0000  +0.0494  +1.0000
   1861    297411   153   +2.480    2605     23    138  -0.1893  -1.0000  -0.5030  +1.0000
   1862    297564   153   +5.720    4170     32    123  -0.0398  -0.9055  +0.6319  +1.0000
   1863    297721   157   +6.109    3827     26    199  -0.1550  -0.9955  -0.0408  +1.0000
   1864    297878   157   +5.578    4403     46    143  -0.0908  -0.8443  -0.0188  +1.0000
   1865    298035   157   +5.655    4232     33    142  -0.0626  -0.8893  +0.3801  +1.0000
   1866    298193   158   +3.824    2981     25    175  -0.1817  -1.0000  -0.3447  +1.0000
   1867    298358   165   +4.862    4546     43    102  -0.0114  -0.8068  +0.5341  +1.0000
   1868    298522   164   +3.500    2500     24    167  -0.2090  -1.0000  -0.6365  +1.0000
   1869    298685   163   +4.462    2851     28    160  -0.1892  -1.0000  -0.4302  +1.0000
   1870    298842   157   +5.519    4144     33    139  -0.0798  -0.9123  +0.2963  +1.0000
   1871    299000   158   +5.715    4659     40    108  +0.0101  -0.7772  +0.6257  +1.0000
   1872    299153   153   +5.138    3578     28    198  -0.1880  -1.0000  -0.3407  +1.0000
   1873    299316   163   +6.762    5265     47    111  +0.0651  -0.6180  +0.5783  +1.0000
   1874    299475   159   +6.359    4542     37    140  -0.0332  -0.8079  +0.3638  +1.0000
   1875    299633   158   +6.424    4174     36    143  -0.1018  -0.9043  +0.0635  +1.0000
   1876    299792   159   +7.580    4150     25    184  -0.0980  -0.9108  +0.1572  +1.0000
   1877    299954   162   +3.697    2907     26    140  -0.1742  -1.0000  -0.3342  +1.0000
   1878    300110   156   +3.578    2978     26    182  -0.2036  -1.0000  -0.5432  +1.0000
   1879    300269   159   +6.335    4781     37    148  +0.0180  -0.7452  +0.6397  +1.0000
   1880    300432   163   +4.114    2682     19    142  -0.1681  -1.0000  -0.3029  +1.0000
   1881    300589   157   +3.019    2666     22    150  -0.1856  -1.0000  -0.4455  +1.0000
   1882    300745   156   +4.313    3331     33    180  -0.1752  -1.0000  -0.2285  +1.0000
   1883    300905   160   +4.866    4046     38     79  -0.0592  -0.9382  +0.5078  +1.0000
   1884    301068   163   +5.889    4594     35    106  +0.0076  -0.7942  +0.6394  +1.0000
   1885    301232   164   +2.873    2832     34    176  -0.2186  -1.0000  -0.6633  +1.0000
   1886    301390   158   +4.762    3826     34    128  -0.1030  -0.9958  +0.3773  +1.0000
   1887    301544   154   +7.800    4490     34    168  -0.0207  -0.8214  +0.5851  +1.0000
   1888    301706   162   +4.481    3586     31    179  -0.1694  -1.0000  -0.1803  +1.0000
   1889    301871   165   +6.734    5014     45    130  +0.0399  -0.6839  +0.6192  +1.0000
   1890    302033   162   +4.009    3416     36    189  -0.1735  -1.0000  -0.1741  +1.0000
   1891    302191   158   +4.922    3374     26    172  -0.1510  -1.0000  -0.0332  +1.0000
   1892    302347   156   +4.679    2980     23    183  -0.1753  -1.0000  -0.2712  +1.0000
   1893    302512   165   +4.983    3826     27    157  -0.1534  -0.9958  -0.1049  +1.0000
   1894    302673   161   +4.383    4210     41     84  -0.0492  -0.8950  +0.4623  +1.0000
   1895    302833   160   +6.416    4736     45    129  +0.0006  -0.7570  +0.5149  +1.0000
   1896    302990   157   +4.293    3407     26    115  -0.1372  -1.0000  -0.0097  +1.0000
   1897    303149   159   +4.298    3731     28    167  -0.1674  -1.0000  -0.2009  +1.0000
   1898    303318   169   +5.518    3829     42    178  -0.1611  -0.9950  -0.0641  +1.0000
   1899    303476   158   +8.287    5494     42    143  +0.0963  -0.5580  +0.6937  +1.0000
   1900    303632   156   +5.466    3684     34    183  -0.1342  -1.0000  +0.1925  +1.0000

  ── rolling mean (last 100 ep) ──  cum_R=+4.942  yield=3725 kg/ha  N=32  W=148 mm  R_seas=-0.1166  R_ane=+0.9971

   1901    303793   161   +4.010    2822     24    200  -0.1817  -1.0000  -0.2933  +1.0000
   1902    303956   163   +3.128    2811     28    191  -0.2031  -1.0000  -0.5067  +1.0000
   1903    304112   156   +4.605    3126     23    186  -0.1526  -1.0000  -0.0401  +1.0000
   1904    304265   153   +2.644    2238     28    163  -0.2156  -1.0000  -0.6808  +0.9970
   1905    304425   160   +4.888    3963     36     99  -0.1151  -0.9599  +0.0660  +1.0000
   1906    304588   163   +3.527    3633     36    152  -0.1591  -1.0000  -0.1057  +1.0000
   1907    304750   162   +7.269    4606     31    186  -0.0174  -0.7911  +0.5194  +1.0000
   1908    304910   160   +3.239    3418     30    150  -0.1448  -1.0000  +0.0035  +1.0000
   1909    305065   155   +6.703    4673     37    129  +0.0140  -0.7734  +0.6759  +1.0000
   1910    305224   159   +7.260    4828     36    161  +0.0132  -0.7329  +0.5654  +1.0000
   1911    305387   163   +5.818    4598     42    149  -0.0672  -0.7932  +0.0121  +1.0000
   1912    305546   159   +5.887    3052     29    197  -0.1772  -1.0000  -0.2351  +1.0000
   1913    305706   160   +5.032    4114     39    122  -0.0600  -0.9202  +0.5215  +1.0000
   1914    305866   160   +4.492    3344     34    128  -0.1737  -1.0000  -0.3085  +1.0000
   1915    306026   160   +4.355    3163     29    174  -0.1588  -1.0000  -0.0922  +1.0000
   1916    306180   154   +7.333    4918     36    158  +0.0113  -0.7091  +0.4449  +1.0000
   1917    306346   166   +4.195    4043     39    109  -0.1091  -0.9389  +0.0772  +1.0000
   1918    306505   159   +4.942    3785     32    156  -0.1142  -1.0000  +0.3307  +1.0000
   1919    306660   155   +4.664    3685     35    140  -0.1381  -1.0000  +0.0768  +1.0000
   1920    306817   157   +7.200    4982     39    133  +0.0403  -0.6923  +0.6347  +1.0000
   1921    306970   153   +5.604    4392     34    139  -0.0388  -0.8474  +0.4502  +1.0000
   1922    307130   160   +4.670    3332     31    189  -0.1616  -1.0000  -0.0847  +1.0000
   1923    307288   158   +5.544    3944     28    163  -0.1219  -0.9648  +0.1079  +1.0000
   1924    307441   153   +4.429    3093     22    212  -0.1957  -1.0000  -0.4229  +1.0000
   1925    307600   159  +10.075    5147     34    207  +0.0380  -0.6490  +0.5575  +1.0000
   1926    307762   162   +3.281    3110     32    145  -0.1983  -1.0000  -0.5348  +1.0000
   1927    307921   159   +3.802    2943     26    169  -0.1750  -1.0000  -0.2781  +1.0000
   1928    308079   158   +5.518    3363     32    188  -0.1601  -1.0000  -0.0614  +1.0000
   1929    308239   160   +4.700    3538     34    194  -0.1632  -1.0000  -0.0757  +1.0000
   1930    308397   158   +6.501    4989     46    101  +0.0555  -0.6905  +0.7464  +1.0000
   1931    308555   158   +5.574    3891     35    160  -0.1401  -0.9787  +0.0076  +1.0000
   1932    308717   162   +7.776    5375     48    128  +0.0756  -0.5893  +0.6080  +1.0000
   1933    308878   161   +5.915    4514     40    154  -0.0250  -0.8152  +0.5212  +1.0000
   1934    309037   159   +4.494    3602     32    184  -0.1720  -1.0000  -0.1898  +1.0000
   1935    309191   154   +7.693    4613     32    148  -0.0215  -0.7892  +0.4008  +1.0000
   1936    309356   165   +2.763    3078     29    151  -0.1955  -1.0000  -0.5060  +1.0000
   1937    309519   163   +4.107    3619     39    162  -0.1797  -1.0000  -0.2768  +1.0000
   1938    309674   155   +4.135    3338     28    198  -0.1576  -1.0000  -0.0387  +1.0000
   1939    309836   162   +4.832    4552     45    111  -0.0452  -0.8053  +0.2143  +1.0000
   1940    309992   156   +4.360    3746     31    178  -0.1414  -1.0000  +0.0947  +1.0000
   1941    310143   151   +5.422    4735     39     86  +0.0163  -0.7573  +0.5571  +1.0000
   1942    310195    52   -7.333       0      1      3  -0.8009  -1.0000  -1.0000  -1.0000
   1943    310353   158   +4.559    3079     27    179  -0.1833  -1.0000  -0.3394  +1.0000
   1944    310507   154   +4.325    3261     28    153  -0.1495  -1.0000  -0.0480  +1.0000
   1945    310662   155   +3.432    1850     16    189  -0.2415  -1.0000  -0.9582  +1.0000
   1946    310813   151   +4.267    3356     20    180  -0.1840  -1.0000  -0.3787  +1.0000
   1947    310970   157   +5.686    4667     48    127  -0.0270  -0.7750  +0.3231  +1.0000
   1948    311130   160   +7.580    4842     41    188  -0.0194  -0.7292  +0.3013  +1.0000
   1949    311294   164   +6.515    4599     38    162  -0.0185  -0.7930  +0.5012  +1.0000
   1950    311457   163   +4.301    3829     36    181  -0.1620  -0.9951  -0.0971  +1.0000
   1951    311618   161   +4.296    4236     51    160  -0.0959  -0.8881  +0.1692  +1.0000
   1952    311783   165   +8.022    5463     50    117  +0.0990  -0.5661  +0.7378  +1.0000
   1953    311942   159   +7.393    5016     42    128  +0.0158  -0.6834  +0.3586  +1.0000
   1954    312096   154   +4.972    4158     41    135  -0.0523  -0.9087  +0.5882  +1.0000
   1955    312250   154   +5.861    4677     42    104  +0.0096  -0.7724  +0.6047  +1.0000
   1956    312410   160   +6.096    4789     41    126  +0.0170  -0.7431  +0.6010  +1.0000
   1957    312572   162   +4.433    3129     32    176  -0.1902  -1.0000  -0.3936  +1.0000
   1958    312735   163   +8.395    4662     34    183  -0.0042  -0.7764  +0.6006  +1.0000
   1959    312893   158   +3.841    3306     33    170  -0.1825  -1.0000  -0.3200  +1.0000
   1960    313059   166   +4.885    4341     38    142  -0.0250  -0.8606  +0.6676  +1.0000
   1961    313215   156   +5.977    4584     39    187  -0.0437  -0.7969  +0.3220  +1.0000
   1962    313377   162   +7.484    5289     45    150  +0.0667  -0.6119  +0.6409  +1.0000
   1963    313534   157   +3.437    3221     30    176  -0.1794  -1.0000  -0.2890  +1.0000
   1964    313697   163   +5.877    4620     47    165  -0.0528  -0.7873  +0.1852  +1.0000
   1965    313859   162   +6.149    4592     47    159  -0.0584  -0.7948  +0.1468  +1.0000
   1966    314016   157   +5.284    4219     44    106  -0.0656  -0.8927  +0.3444  +1.0000
   1967    314179   163   +8.349    5205     49    136  +0.0764  -0.6340  +0.8164  +1.0000
   1968    314341   162   +7.128    5065     47    155  +0.0433  -0.6707  +0.6602  +1.0000
   1969    314506   165   +8.049    5347     51    148  +0.0610  -0.5966  +0.5488  +1.0000
   1970    314673   167   +8.091    5034     46    163  +0.0341  -0.6788  +0.6134  +1.0000
   1971    314828   155   +3.722    4093     44     93  -0.1052  -0.9258  +0.0571  +1.0000
   1972    314988   160   +9.193    5307     41    201  +0.0457  -0.6070  +0.4924  +1.0000
   1973    315145   157   +2.998    3016     32    158  -0.1595  -1.0000  -0.1195  +1.0000
   1974    315303   158   +2.724    3746     37    167  -0.1406  -1.0000  +0.1133  +1.0000
   1975    315463   160   +5.368    4181     43    200  -0.1546  -0.9027  -0.3196  +1.0000
   1976    315622   159   +5.505    4185     43    180  -0.0893  -0.9015  +0.2873  +1.0000
   1977    315787   165   +8.471    5452     53    143  +0.0804  -0.5689  +0.6299  +1.0000
   1978    315948   161   +6.332    5122     47    125  +0.0415  -0.6557  +0.5236  +1.0000
   1979    316105   157   +7.488    4975     47    138  +0.0340  -0.6941  +0.6272  +1.0000
   1980    316265   160   +8.108    5254     38    135  +0.0657  -0.6210  +0.6011  +1.0000
   1981    316423   158   +4.507    3576     36    189  -0.1667  -1.0000  -0.1085  +1.0000
   1982    316582   159   +4.950    3494     35    185  -0.1891  -1.0000  -0.3478  +1.0000
   1983    316738   156   +7.080    5428     45    122  +0.0801  -0.5753  +0.5704  +1.0000
   1984    316894   156   +7.461    5121     40    131  +0.0525  -0.6559  +0.6112  +1.0000
   1985    317052   158   +2.654    3416     41    140  -0.1669  -1.0000  -0.1847  +1.0000
   1986    317214   162   +7.038    4898     45    132  +0.0005  -0.7144  +0.3533  +1.0000
   1987    317371   157   +4.737    3425     33    197  -0.1519  -1.0000  +0.0383  +1.0000
   1988    317526   155   +7.463    5076     42    153  +0.0213  -0.6676  +0.3992  +1.0000
   1989    317691   165   +6.912    5001     49    180  -0.0083  -0.6873  +0.2721  +1.0000
   1990    317849   158   +4.759    3896     39    198  -0.1671  -0.9775  -0.1729  +1.0000
   1991    318002   153   +4.090    3675     39    174  -0.1616  -1.0000  -0.0712  +1.0000
   1992    318168   166   +5.607    4574     37    119  -0.0383  -0.7995  +0.2368  +1.0000
   1993    318325   157   +4.266    3662     35    202  -0.1717  -1.0000  -0.1372  +1.0000
   1994    318484   159   +7.245    5065     46    156  +0.0280  -0.6705  +0.5068  +1.0000
   1995    318652   168   +7.251    5020     54    116  +0.0335  -0.6825  +0.5637  +1.0000
   1996    318807   155   +4.023    3896     39    172  -0.1314  -0.9774  +0.1326  +1.0000
   1997    318963   156   +5.249    3479     28    205  -0.1659  -1.0000  -0.1088  +1.0000
   1998    319119   156   +5.583    4706     41    142  -0.0128  -0.7650  +0.4205  +1.0000
   1999    319274   155   +3.296    3354     37    177  -0.1653  -1.0000  -0.1130  +1.0000
   2000    319433   159   +3.755    3444     35    156  -0.1740  -1.0000  -0.2529  +1.0000

  ── rolling mean (last 100 ep) ──  cum_R=+5.376  yield=4087 kg/ha  N=37  W=156 mm  R_seas=-0.0857  R_ane=+0.9800

   2001    319595   162   +6.301    4738     36    191  -0.0239  -0.7565  +0.3472  +1.0000
   2002    319755   160   +5.653    4156     39    215  -0.1198  -0.9093  +0.0644  +1.0000
   2003    319915   160   +8.462    5370     46    152  +0.0791  -0.5905  +0.6861  +1.0000
   2004    320077   162   +8.866    5024     36    216  +0.0229  -0.6813  +0.5646  +1.0000
   2005    320234   157   +8.996    5818     46    154  +0.1211  -0.4729  +0.6403  +1.0000
   2006    320394   160   +8.444    5048     38    195  +0.0266  -0.6752  +0.5470  +1.0000
   2007    320549   155   +7.108    4807     39    143  +0.0120  -0.7383  +0.5567  +1.0000
   2008    320705   156   +6.721    4599     32    183  -0.0180  -0.7928  +0.5179  +1.0000
   2009    320858   153   +5.973    3966     30    199  -0.1082  -0.9591  +0.3019  +1.0000
   2010    321021   163   +0.901    4169     57     68  -0.1784  -0.9058  -0.1961  +0.8193
   2011    321184   163   +5.999    4855     43    129  +0.0059  -0.7256  +0.4345  +1.0000
   2012    321339   155   +6.974    5605     51    123  +0.0923  -0.5289  +0.5380  +1.0000
   2013    321499   160   +2.786    3503     43    165  -0.1961  -1.0000  -0.4159  +1.0000
   2014    321659   160   +8.581    4691     37    247  -0.0558  -0.7688  +0.1959  +1.0000
   2015    321819   160   +4.068    4287     42    124  -0.0851  -0.8747  +0.1072  +1.0000
   2016    321981   162   +8.112    5628     52    126  +0.1151  -0.5229  +0.7568  +1.0000
   2017    322144   163   +5.615    4207     40    198  -0.1166  -0.8959  +0.0164  +1.0000
   2018    322304   160   +5.799    3980     44    170  -0.1375  -0.9554  +0.0046  +1.0000
   2019    322465   161   +7.228    4972     41    145  +0.0400  -0.6949  +0.6763  +1.0000
   2020    322624   159   +6.804    5119     44    133  +0.0500  -0.6565  +0.6135  +1.0000
   2021    322783   159   +2.883    3565     37    150  -0.1490  -1.0000  -0.0053  +1.0000
   2022    322941   158   +2.897    3828     39    140  -0.1391  -0.9953  +0.0646  +1.0000
   2023    323104   163   +8.268    5415     50    130  +0.0837  -0.5788  +0.6630  +1.0000
   2024    323267   163  +10.066    5426     43    205  +0.0636  -0.5759  +0.5653  +1.0000
   2025    323429   162   +7.530    5024     45    177  +0.0041  -0.6815  +0.3450  +1.0000
   2026    323588   159   +7.588    4785     43    151  +0.0057  -0.7442  +0.5509  +1.0000
   2027    323746   158   +6.237    4549     43    145  -0.0367  -0.8060  +0.3596  +1.0000
   2028    323907   161   +3.681    3599     41    207  -0.1818  -1.0000  -0.1994  +1.0000
   2029    324067   160   +4.163    3849     39    169  -0.1407  -0.9897  +0.0833  +1.0000
   2030    324232   165   +8.240    5700     54    137  +0.1041  -0.5039  +0.6020  +1.0000
   2031    324390   158   +6.281    4885     43    150  +0.0185  -0.7179  +0.5687  +1.0000
   2032    324554   164   +9.906    5798     45    199  +0.0933  -0.4783  +0.4681  +1.0000
   2033    324710   156   +7.450    5006     45    138  +0.0499  -0.6862  +0.7440  +1.0000
   2034    324872   162   +6.903    5104     51    116  +0.0566  -0.6604  +0.6930  +1.0000
   2035    325031   159   +4.468    3391     35    232  -0.1967  -1.0000  -0.3284  +1.0000
   2036    325191   160   +6.725    5287     46    127  +0.0545  -0.6123  +0.4809  +1.0000
   2037    325351   160  +10.159    5850     50    172  +0.1204  -0.4647  +0.6605  +1.0000
   2038    325511   160   +8.800    5741     51    142  +0.1143  -0.4932  +0.6537  +1.0000
   2039    325670   159  +10.290    5754     43    181  +0.1076  -0.4899  +0.6139  +1.0000
   2040    325828   158  +10.759    5740     41    188  +0.1086  -0.4935  +0.6407  +1.0000
   2041    325988   160   +4.151    3663     36    202  -0.1772  -1.0000  -0.1868  +1.0000
   2042    326143   155   +5.532    4394     33    211  -0.0838  -0.8466  +0.1366  +1.0000
   2043    326303   160   +7.280    5259     52    153  +0.0351  -0.6197  +0.3932  +1.0000
   2044    326462   159   +5.100    3099     33    212  -0.1976  -1.0000  -0.3871  +1.0000
   2045    326625   163   +8.010    5442     48    109  +0.0959  -0.5717  +0.7058  +1.0000
   2046    326780   155   +7.981    5000     48    170  +0.0228  -0.6878  +0.5585  +1.0000
   2047    326939   159   +7.089    5038     40    152  +0.0423  -0.6776  +0.6370  +1.0000
   2048    327099   160   +6.497    4954     44    154  +0.0143  -0.6997  +0.4680  +1.0000
   2049    327261   162  +10.712    5721     45    173  +0.0996  -0.4984  +0.5602  +1.0000
   2050    327424   163   +9.657    6106     57    152  +0.1406  -0.3974  +0.5858  +1.0000
   2051    327585   161   +3.263    3113     35    199  -0.2064  -1.0000  -0.4907  +1.0000
   2052    327742   157   +2.420    3450     46    139  -0.2078  -1.0000  -0.2536  +0.8937
   2053    327904   162   +8.238    5342     40    167  +0.0695  -0.5979  +0.6238  +1.0000
   2054    328071   167   +6.644    5059     53     89  +0.0456  -0.6722  +0.5891  +1.0000
   2055    328235   164   +5.923    4723     54    158  -0.0312  -0.7604  +0.3155  +1.0000
   2056    328391   156   +6.321    4489     37    227  -0.0901  -0.8217  +0.0226  +1.0000
   2057    328554   163   +8.412    5375     42    138  +0.0777  -0.5892  +0.6175  +1.0000
   2058    328713   159   +7.989    5194     52    171  +0.0305  -0.6368  +0.4551  +1.0000
   2059    328873   160   +6.481    5072     47    153  +0.0033  -0.6688  +0.2482  +1.0000
   2060    329030   157   +9.562    5901     53    118  +0.1302  -0.4513  +0.6075  +1.0000
   2061    329192   162   +7.118    4364     28    238  -0.1157  -0.8546  -0.1196  +1.0000
   2062    329355   163   +7.474    5285     47    142  +0.0621  -0.6129  +0.5914  +1.0000
   2063    329512   157   +5.202    4079     36    222  -0.1314  -0.9293  +0.0276  +1.0000
   2064    329671   159   +7.861    5272     58    178  +0.0105  -0.6163  +0.2152  +1.0000
   2065    329836   165  +10.406    5678     50    209  +0.0865  -0.5097  +0.5698  +1.0000
   2066    329998   162   +8.870    5942     53    148  +0.1346  -0.4403  +0.6681  +1.0000
   2067    330152   154   +3.727    3983     34    148  -0.1218  -0.9547  +0.0702  +1.0000
   2068    330310   158  +10.824    6071     54    170  +0.1312  -0.4067  +0.5484  +1.0000
   2069    330470   160   +6.942    4622     38    208  -0.0475  -0.7870  +0.2765  +1.0000
   2070    330629   159   +7.286    5492     55    116  +0.0971  -0.5586  +0.7113  +1.0000
   2071    330784   155   +6.619    4711     42    194  -0.0400  -0.7635  +0.2507  +1.0000
   2072    330946   162   +7.410    4942     51    167  -0.0122  -0.7028  +0.2790  +1.0000
   2073    331103   157   +7.637    4699     48    179  -0.0580  -0.7667  +0.0828  +1.0000
   2074    331267   164   +7.842    5113     49    127  +0.0449  -0.6581  +0.5818  +1.0000
   2075    331433   166   +6.636    4880     47    170  -0.0129  -0.7191  +0.3232  +1.0000
   2076    331591   158   +2.269    3732     40    154  -0.1543  -1.0000  -0.0336  +1.0000
   2077    331752   161   +7.919    5174     46    160  +0.0176  -0.6420  +0.2934  +1.0000
   2078    331911   159   +7.831    5087     39    212  +0.0343  -0.6649  +0.6215  +1.0000
   2079    332074   163  +13.723    6069     44    203  +0.1332  -0.4071  +0.5877  +1.0000
   2080    332237   163   +5.368    4126     35    229  -0.1442  -0.9171  -0.1426  +1.0000
   2081    332393   156  +10.552    6353     55    172  +0.1620  -0.3326  +0.5690  +1.0000
   2082    332549   156   +5.244    4169     43    166  -0.0781  -0.9058  +0.3900  +1.0000
   2083    332715   166   +6.298    5225     54    101  +0.0507  -0.6286  +0.4943  +1.0000
   2084    332884   169   +8.615    5026     48    213  +0.0263  -0.6809  +0.6498  +1.0000
   2085    333045   161   +7.625    5323     51    134  +0.0616  -0.6028  +0.5478  +1.0000
   2086    333207   162   +6.990    5121     51    116  +0.0247  -0.6560  +0.3577  +1.0000
   2087    333366   159   +6.337    4398     38    206  -0.0479  -0.8457  +0.5079  +1.0000
   2088    333524   158   +7.941    5676     50    148  +0.1036  -0.5102  +0.6239  +1.0000
   2089    333682   158   +3.221    4190     55    189  -0.1953  -0.9004  -0.4183  +0.9063
   2090    333843   161   +7.322    4517     42    220  -0.0751  -0.8145  +0.1565  +1.0000
   2091    334003   160   +7.022    5040     43    125  +0.0382  -0.6772  +0.5589  +1.0000
   2092    334169   166   +6.696    5252     49    131  +0.0364  -0.6214  +0.3577  +1.0000
   2093    334327   158   +8.717    5360     42    180  +0.0615  -0.5932  +0.5583  +1.0000
   2094    334487   160   +6.714    5431     54    121  +0.0871  -0.5746  +0.6786  +1.0000
   2095    334642   155  +10.491    5947     53    190  +0.1192  -0.4390  +0.5923  +1.0000
   2096    334807   165   +8.994    5865     61    149  +0.1154  -0.4607  +0.5983  +1.0000
   2097    334967   160   +7.880    4981     48    216  -0.0239  -0.6928  +0.2048  +1.0000
   2098    335125   158   +7.769    5591     55    151  +0.0756  -0.5325  +0.4613  +1.0000
   2099    335288   163   +5.984    4599     41    156  -0.0178  -0.7930  +0.5114  +1.0000
   2100    335445   157   +8.062    4901     38    208  -0.0190  -0.7136  +0.2698  +1.0000

  ── rolling mean (last 100 ep) ──  cum_R=+7.074  yield=4915 kg/ha  N=45  W=166 mm  R_seas=-0.0010  R_ane=+0.9962

   2101    335599   154   +5.168    3333     30    209  -0.1599  -1.0000  -0.0325  +1.0000
   2102    335763   164   +7.331    5475     51    149  +0.0735  -0.5629  +0.5417  +1.0000
   2103    335918   155   +9.201    5848     50    187  +0.1108  -0.4650  +0.5928  +1.0000
   2104    336076   158  +10.365    6005     50    155  +0.1351  -0.4240  +0.6040  +1.0000
   2105    336233   157   +6.313    4963     52    179  -0.0088  -0.6974  +0.3176  +1.0000
   2106    336396   163  +10.820    6252     54    178  +0.1551  -0.3590  +0.6140  +1.0000
   2107    336556   160   +7.608    5560     50    108  +0.1156  -0.5406  +0.7827  +1.0000
   2108    336712   156   +7.517    5672     52    131  +0.1104  -0.5114  +0.6737  +1.0000
   2109    336876   164   +8.645    5671     56    141  +0.0957  -0.5115  +0.5637  +1.0000
   2110    337033   157   +9.477    5453     50    162  +0.0647  -0.5687  +0.4956  +1.0000
   2111    337194   161   +8.094    5674     54    164  +0.0922  -0.5108  +0.5644  +1.0000
   2112    337352   158   +7.080    5189     59    173  +0.0102  -0.6381  +0.2955  +1.0000
   2113    337514   162   +7.986    5669     53    134  +0.0989  -0.5120  +0.5703  +1.0000
   2114    337676   162   +6.661    4750     50    176  -0.0577  -0.7533  +0.0396  +1.0000
   2115    337839   163   +9.436    5480     45    185  +0.0637  -0.5616  +0.4771  +1.0000
   2116    337996   157   +2.536    3740     40    165  -0.1588  -1.0000  -0.0605  +1.0000
   2117    338159   163   +8.697    5388     51    177  +0.0723  -0.5858  +0.6756  +1.0000
   2118    338326   167   +6.960    4936     54    151  -0.0132  -0.7044  +0.2562  +1.0000
   2119    338483   157   +6.244    4880     42    167  -0.0038  -0.7191  +0.3809  +1.0000
   2120    338640   157   +9.620    5317     46    208  +0.0475  -0.6046  +0.5386  +1.0000
   2121    338795   155   +9.519    5676     53    157  +0.1122  -0.5103  +0.7433  +1.0000
   2122    338952   157  +10.149    6013     49    202  +0.1247  -0.4218  +0.5827  +1.0000
   2123    339107   155   +6.405    4329     32    191  -0.0769  -0.8638  +0.2284  +1.0000
   2124    339263   156   +6.545    4785     48    183  -0.0242  -0.7441  +0.3409  +1.0000
   2125    339421   158   +7.935    5148     45    178  +0.0572  -0.6489  +0.7499  +1.0000
   2126    339591   170   +8.357    5132     45    202  +0.0367  -0.6530  +0.6067  +1.0000
   2127    339749   158   +6.153    4317     47    202  -0.1007  -0.8670  +0.1002  +1.0000
   2128    339906   157   +8.122    4884     45    179  +0.0223  -0.7180  +0.6806  +1.0000
   2129    340073   167   +6.343    5047     49    132  +0.0416  -0.6753  +0.6280  +1.0000
   2130    340233   160   +7.113    5136     48    173  +0.0222  -0.6520  +0.4140  +1.0000
   2131    340391   158   +5.282    4367     44    213  -0.1018  -0.8539  +0.0411  +1.0000
   2132    340554   163   +5.793    4728     53    171  -0.0430  -0.7591  +0.2129  +1.0000
   2133    340718   164   +7.119    5408     52    151  +0.0640  -0.5805  +0.5227  +1.0000
   2134    340878   160  +10.490    5909     47    186  +0.1319  -0.4491  +0.7233  +1.0000
   2135    341039   161   +9.986    6074     56    154  +0.1478  -0.4057  +0.6851  +1.0000
   2136    341203   164   +9.433    6263     60    130  +0.1661  -0.3562  +0.6479  +1.0000
   2137    341363   160   +5.584    4865     64    150  -0.0525  -0.7230  +0.2554  +0.9099
   2138    341522   159   +7.020    4965     47    163  -0.0021  -0.6969  +0.3291  +1.0000
   2139    341683   161   +9.958    6024     54    151  +0.1409  -0.4188  +0.6579  +1.0000
   2140    341849   166   +8.639    5768     59    151  +0.1016  -0.4862  +0.5601  +1.0000
   2141    342014   165   +8.054    5165     48    152  +0.0627  -0.6443  +0.7468  +1.0000
   2142    342171   157   +9.893    5378     43    222  +0.0646  -0.5884  +0.6563  +1.0000
   2143    342333   162  +12.100    6077     52    200  +0.1381  -0.4049  +0.6579  +1.0000
   2144    342493   160   +7.777    5334     44    190  +0.0497  -0.6000  +0.4952  +1.0000
   2145    342653   160   +8.328    5577     52    139  +0.0986  -0.5363  +0.6680  +1.0000
   2146    342809   156   +7.314    4894     51    223  -0.0521  -0.7156  +0.0423  +1.0000
   2147    342974   165   +5.901    5044     51    142  +0.0064  -0.6760  +0.3086  +1.0000
   2148    343127   153   +5.840    4345     35    234  -0.0974  -0.8595  +0.1080  +1.0000
   2149    343290   163   +7.579    4763     41    202  -0.0158  -0.7499  +0.4504  +1.0000
   2150    343448   158   +5.473    4504     46    209  -0.0963  -0.8180  -0.0410  +1.0000
   2151    343612   164   +9.097    6031     50    202  +0.1024  -0.4170  +0.3466  +1.0000
   2152    343766   154  +10.253    6069     54    197  +0.1337  -0.4071  +0.6306  +1.0000
   2153    343923   157   +8.056    5042     46    205  -0.0024  -0.6766  +0.3191  +1.0000
   2154    344087   164   +6.442    4912     54    190  -0.0398  -0.7107  +0.0961  +1.0000
   2155    344248   161   +8.201    5170     50    177  +0.0336  -0.6430  +0.5121  +1.0000
   2156    344413   165   +2.865    4306     59    171  -0.1622  -0.8699  -0.0157  +0.8365
   2157    344573   160   +9.998    5920     48    149  +0.1357  -0.4461  +0.6803  +1.0000
   2158    344737   164   +8.343    6065     57    136  +0.1337  -0.4080  +0.5264  +1.0000
   2159    344899   162   +3.326    4239     55    187  -0.1505  -0.8874  -0.0554  +0.9169
   2160    345059   160   +8.192    5408     56    218  +0.0100  -0.5807  +0.1401  +1.0000
   2161    345225   166   +9.255    6210     60    158  +0.1443  -0.3700  +0.5417  +1.0000
   2162    345386   161   +7.611    4118     44    270  -0.1799  -0.9191  -0.3606  +1.0000
   2163    345546   160   +8.218    5769     50    114  +0.1248  -0.4859  +0.6684  +1.0000
   2164    345703   157   +5.632    4690     46    195  -0.0508  -0.7690  +0.1909  +1.0000
   2165    345862   159   +6.729    5526     58    121  +0.0820  -0.5497  +0.5504  +1.0000
   2166    346026   164   +9.652    5821     59    164  +0.1136  -0.4723  +0.6461  +1.0000
   2167    346189   163   +8.234    5664     52    173  +0.0887  -0.5133  +0.5456  +1.0000
   2168    346350   161   +8.254    5732     58    174  +0.0765  -0.4956  +0.3828  +1.0000
   2169    346514   164   +5.415    4628     50    172  -0.0693  -0.7852  +0.0415  +1.0000
   2170    346669   155   +6.479    5308     48    102  +0.0811  -0.6069  +0.6829  +1.0000
   2171    346833   164   +8.461    5915     57    142  +0.1210  -0.4474  +0.5684  +1.0000
   2172    346988   155   +9.295    5623     53    192  +0.0813  -0.5240  +0.5604  +1.0000
   2173    347148   160   +8.678    4987     40    185  +0.0216  -0.6910  +0.5517  +1.0000
   2174    347308   160   +8.010    5036     47    181  +0.0453  -0.6782  +0.7638  +1.0000
   2175    347466   158   +9.031    6183     60    167  +0.1373  -0.3772  +0.5173  +1.0000
   2176    347626   160   +8.167    5409     45    188  +0.0732  -0.5803  +0.6556  +1.0000
   2177    347791   165   +8.072    5611     58    186  +0.0728  -0.5274  +0.5016  +1.0000
   2178    347952   161  +12.709    6439     53    211  +0.1814  -0.3099  +0.7412  +1.0000
   2179    348112   160  +10.048    6197     53    170  +0.1550  -0.3734  +0.6485  +1.0000
   2180    348276   164  +10.012    5872     57    194  +0.1219  -0.4588  +0.7297  +1.0000
   2181    348433   157   +6.824    4854     53    184  -0.0035  -0.7260  +0.5026  +1.0000
   2182    348592   159  +10.136    6281     58    175  +0.1636  -0.3515  +0.6809  +1.0000
   2183    348751   159   +6.801    4862     51    224  -0.0331  -0.7240  +0.2685  +1.0000
   2184    348910   159   +8.604    5232     46    188  +0.0483  -0.6266  +0.5939  +1.0000
   2185    349067   157  +11.598    6108     46    228  +0.1339  -0.3968  +0.6104  +1.0000
   2186    349225   158   +8.330    5382     52    183  +0.0557  -0.5873  +0.5327  +1.0000
   2187    349383   158   +6.276    5071     47    194  -0.0241  -0.6690  +0.0566  +1.0000
   2188    349540   157   +6.917    5389     51    159  +0.0450  -0.5855  +0.3669  +1.0000
   2189    349702   162  +10.235    6344     61    177  +0.1463  -0.3349  +0.4632  +1.0000
   2190    349860   158   +8.402    5686     53    185  +0.0530  -0.5076  +0.1966  +1.0000
   2191    350012   152   +6.487    5015     47    125  +0.0399  -0.6837  +0.6179  +1.0000
   2192    350169   157   +6.071    5115     51    182  -0.0025  -0.6575  +0.2230  +1.0000
   2193    350328   159   +8.893    5881     51    162  +0.1094  -0.4565  +0.5007  +1.0000
   2194    350485   157   +5.487    4642     48    178  -0.0650  -0.7816  +0.0747  +1.0000
   2195    350648   163   +5.059    4204     46    203  -0.1390  -0.8965  -0.1652  +1.0000
   2196    350812   164   +6.616    5429     54    160  +0.0402  -0.5750  +0.2935  +1.0000
   2197    350971   159   +9.466    5921     56    175  +0.1201  -0.4458  +0.6134  +1.0000
   2198    351132   161   +8.167    5258     46    188  +0.0488  -0.6199  +0.5711  +1.0000
   2199    351290   158   +8.811    5839     57    143  +0.1192  -0.4675  +0.6343  +1.0000
   2200    351444   154   +7.399    5244     44    132  +0.0705  -0.6237  +0.6853  +1.0000

  ── rolling mean (last 100 ep) ──  cum_R=+7.893  yield=5328 kg/ha  N=50  W=175 mm  R_seas=+0.0431  R_ane=+0.9966

   2201    351601   157   +8.707    5427     49    153  +0.0813  -0.5756  +0.6688  +1.0000
   2202    351764   163  +10.565    6130     52    178  +0.1533  -0.3910  +0.7159  +1.0000
   2203    351930   166   +4.198    3956     46    205  -0.1357  -0.9617  +0.1316  +1.0000
   2204    352093   163   +9.484    5530     57    193  +0.0725  -0.5487  +0.5904  +1.0000
   2205    352252   159   +8.327    5062     48    190  +0.0332  -0.6713  +0.6377  +1.0000
   2206    352412   160   +9.245    5234     54    194  +0.0404  -0.6262  +0.5670  +1.0000
   2207    352572   160  +10.486    6516     58    166  +0.1885  -0.2897  +0.6654  +1.0000
   2208    352726   154   +7.858    5099     43    195  +0.0278  -0.6618  +0.5307  +1.0000
   2209    352885   159  +11.968    6238     54    195  +0.1518  -0.3626  +0.6293  +1.0000
   2210    353049   164   +9.566    5698     51    225  +0.0785  -0.5046  +0.5093  +1.0000
   2211    353211   162   +8.968    5714     55    206  +0.0802  -0.5002  +0.4913  +1.0000
   2212    353371   160   +8.723    5225     53    192  +0.0218  -0.6286  +0.3799  +1.0000
   2213    353533   162   +9.289    5772     60    218  +0.0895  -0.4852  +0.5702  +1.0000
   2214    353700   167   +7.410    4942     46    210  -0.0258  -0.7028  +0.2040  +1.0000
   2215    353860   160   +9.558    5528     56    234  +0.0451  -0.5490  +0.3973  +1.0000
   2216    354022   162  +10.321    6465     58    192  +0.1634  -0.3031  +0.5202  +1.0000
   2217    354181   159   +9.623    6326     67    158  +0.1562  -0.3396  +0.5717  +1.0000
   2218    354344   163   +9.555    5950     57    179  +0.1130  -0.4383  +0.5252  +1.0000
   2219    354507   163   +8.572    5657     50    155  +0.0995  -0.5152  +0.6171  +1.0000
   2220    354670   163   +8.584    5906     66    138  +0.1266  -0.4500  +0.6747  +1.0000
   2221    354828   158   +8.958    5552     53    202  +0.0705  -0.5429  +0.5446  +1.0000
   2222    354987   159   +6.880    4864     49    205  -0.0319  -0.7234  +0.2288  +1.0000
   2223    355149   162   +8.545    5687     70    156  +0.0699  -0.5072  +0.3872  +1.0000
   2224    355307   158   +9.853    5340     54    186  +0.0714  -0.5984  +0.7485  +1.0000
   2225    355461   154   +7.941    5060     43    176  +0.0249  -0.6719  +0.5023  +1.0000
   2226    355620   159   +8.628    5600     54    182  +0.0536  -0.5301  +0.2911  +1.0000
   2227    355771   151   +6.754    5401     56    114  +0.0905  -0.5823  +0.7417  +1.0000
   2228    355934   163  +10.728    6388     55    187  +0.1655  -0.3233  +0.5983  +1.0000
   2229    356093   159  +11.503    6377     60    183  +0.1696  -0.3262  +0.6680  +1.0000
   2230    356251   158   +6.100    4796     53    198  -0.0679  -0.7412  -0.0538  +1.0000
   2231    356411   160   +8.927    5599     54    198  +0.0859  -0.5304  +0.6442  +1.0000
   2232    356568   157  +10.247    5816     60    194  +0.1024  -0.4734  +0.6039  +1.0000
   2233    356727   159   +6.878    5023     54    206  +0.0039  -0.6816  +0.4468  +1.0000
   2234    356884   157   +6.649    4811     47    226  -0.0385  -0.7373  +0.2497  +1.0000
   2235    357042   158  +12.820    6954     64    188  +0.2254  -0.1748  +0.6508  +1.0000
   2236    357196   154   +8.979    6062     55    156  +0.1382  -0.4089  +0.6051  +1.0000
   2237    357362   166   +9.434    5794     66    176  +0.0968  -0.4793  +0.5663  +1.0000
   2238    357519   157   +8.188    5923     61    155  +0.1267  -0.4454  +0.6644  +1.0000
   2239    357675   156   +7.738    6200     68    114  +0.1515  -0.3728  +0.5748  +1.0000
   2240    357829   154   +6.792    4925     47    212  -0.0191  -0.7073  +0.2966  +1.0000
   2241    357984   155   +3.714    4136     49    177  -0.1246  -0.9144  +0.0138  +1.0000
   2242    358139   155   +8.177    5618     60    171  +0.0853  -0.5254  +0.5953  +1.0000
   2243    358299   160   +5.018    4108     47    224  -0.1387  -0.9219  -0.0160  +1.0000
   2244    358463   164   +8.556    5749     60    169  +0.0896  -0.4911  +0.4968  +1.0000
   2245    358623   160   +8.691    5630     47    217  +0.0830  -0.5224  +0.5872  +1.0000
   2246    358780   157   +9.208    5489     52    165  +0.0912  -0.5592  +0.7411  +1.0000
   2247    358944   164   +7.372    4914     46    208  -0.0337  -0.7103  +0.1520  +1.0000
   2248    359103   159   +6.801    4671     47    239  -0.0645  -0.7741  +0.1649  +1.0000
   2249    359260   157   +7.100    5588     60    151  +0.0836  -0.5334  +0.5689  +1.0000
   2250    359419   159   +8.775    5871     55    175  +0.1178  -0.4591  +0.6386  +1.0000
   2251    359580   161   +8.964    5229     47    236  +0.0398  -0.6277  +0.6170  +1.0000
   2252    359737   157   +6.294    4827     56    198  -0.0722  -0.7332  -0.1152  +1.0000
   2253    359893   156   +9.114    5994     55    154  +0.1415  -0.4268  +0.7040  +1.0000
   2254    360052   159   +3.587    4164     49    172  -0.1359  -0.9072  -0.1434  +1.0000
   2255    360219   167   +8.402    5416     61    210  +0.0425  -0.5786  +0.4639  +1.0000
   2256    360383   164  +10.316    6082     62    176  +0.1365  -0.4036  +0.6445  +1.0000
   2257    360541   158  +10.671    6472     66    168  +0.1768  -0.3013  +0.6382  +1.0000
   2258    360698   157   +8.682    5553     57    211  +0.0712  -0.5426  +0.5899  +1.0000
   2259    360862   164   +9.728    6312     63    150  +0.1609  -0.3432  +0.5972  +1.0000
   2260    361024   162   +7.511    5285     55    195  +0.0225  -0.6128  +0.3414  +1.0000
   2261    361186   162  +11.498    6296     66    232  +0.1270  -0.3474  +0.4533  +1.0000
   2262    361348   162   +9.281    6187     58    152  +0.1513  -0.3760  +0.6117  +1.0000
   2263    361502   154   +6.542    4560     48    216  -0.0739  -0.8031  +0.1455  +1.0000
   2264    361660   158   +9.303    6393     63    147  +0.1777  -0.3221  +0.6754  +1.0000
   2265    361819   159  +11.519    6338     58    222  +0.1680  -0.3366  +0.7592  +1.0000
   2266    361982   163  +11.872    6224     52    198  +0.1499  -0.3663  +0.6200  +1.0000
   2267    362142   160   +9.448    6156     63    192  +0.1487  -0.3844  +0.7263  +1.0000
   2268    362296   154   +8.645    5246     42    217  +0.0420  -0.6230  +0.5555  +1.0000
   2269    362454   158   +9.546    5512     56    258  +0.0335  -0.5534  +0.3430  +1.0000
   2270    362611   157  +11.250    5997     53    215  +0.1078  -0.4260  +0.4777  +1.0000
   2271    362773   162   +6.407    5168     54    195  +0.0135  -0.6436  +0.3687  +1.0000
   2272    362932   159   +9.701    6502     68    188  +0.1731  -0.2933  +0.6201  +1.0000
   2273    363091   159   +8.351    5782     58    184  +0.0849  -0.4825  +0.4384  +1.0000
   2274    363247   156   +8.899    6072     58    130  +0.1556  -0.4063  +0.7320  +1.0000
   2275    363411   164   +9.937    6640     68    172  +0.1878  -0.2572  +0.5929  +1.0000
   2276    363572   161   +9.415    6066     52    182  +0.1305  -0.4077  +0.5603  +1.0000
   2277    363740   168   +9.548    6868     78    153  +0.2067  -0.1974  +0.5530  +1.0000
   2278    363900   160   +9.300    5693     48    159  +0.1093  -0.5057  +0.6731  +1.0000
   2279    364061   161   +9.238    6324     61    153  +0.1620  -0.3401  +0.5900  +1.0000
   2280    364220   159   +8.215    5792     56    176  +0.1173  -0.4799  +0.7240  +1.0000
   2281    364383   163  +11.575    6552     67    227  +0.1673  -0.2804  +0.5839  +1.0000
   2282    364544   161   +8.498    6154     62    131  +0.1515  -0.3848  +0.6288  +1.0000
   2283    364709   165   +9.329    6537     76    187  +0.1471  -0.2844  +0.3638  +1.0000
   2284    364873   164   +9.597    6318     63    177  +0.1723  -0.3418  +0.7586  +1.0000
   2285    365029   156  +10.888    6291     65    151  +0.1763  -0.3488  +0.7850  +1.0000
   2286    365182   153  +11.017    6194     59    221  +0.1368  -0.3743  +0.6002  +1.0000
   2287    365339   157   +7.844    5988     60    171  +0.1352  -0.4282  +0.7093  +1.0000
   2288    365500   161   +9.246    6238     69    190  +0.1356  -0.3626  +0.5318  +1.0000
   2289    365667   167  +10.045    6430     73    188  +0.1431  -0.3122  +0.4224  +1.0000
   2290    365824   157   +6.716    5169     57    192  +0.0045  -0.6434  +0.2858  +1.0000
   2291    365983   159  +13.610    7029     63    215  +0.2265  -0.1551  +0.6304  +1.0000
   2292    366143   160   +9.992    6557     69    180  +0.1793  -0.2791  +0.6153  +1.0000
   2293    366304   161   +9.167    5311     42    222  +0.0491  -0.6060  +0.5690  +1.0000
   2294    366460   156  +10.297    6380     61    193  +0.1615  -0.3256  +0.6073  +1.0000
   2295    366618   158   +8.959    5758     59    209  +0.0857  -0.4887  +0.5251  +1.0000
   2296    366785   167   +6.810    5565     70    170  +0.0308  -0.5394  +0.1799  +0.9917
   2297    366950   165   +9.895    6168     61    202  +0.1299  -0.3812  +0.5316  +1.0000
   2298    367111   161  +11.099    6136     49    206  +0.1402  -0.3894  +0.6131  +1.0000
   2299    367275   164  +10.372    6475     62    189  +0.1855  -0.3006  +0.7456  +1.0000
   2300    367432   157  +11.849    6165     60    269  +0.1245  -0.3819  +0.6084  +1.0000

  ── rolling mean (last 100 ep) ──  cum_R=+8.949  yield=5749 kg/ha  N=57  W=188 mm  R_seas=+0.0888  R_ane=+0.9999

   2301    367587   155  +10.387    6879     69    179  +0.2053  -0.1945  +0.5343  +1.0000
   2302    367746   159   +8.345    6122     69    195  +0.1134  -0.3932  +0.4424  +1.0000
   2303    367909   163   +7.893    6187     62    125  +0.1569  -0.3762  +0.6327  +1.0000
   2304    368067   158   +8.330    6250     66    134  +0.1567  -0.3596  +0.6055  +1.0000
   2305    368232   165   +9.986    6900     74    187  +0.2028  -0.1891  +0.5269  +1.0000
   2306    368393   161  +11.740    7131     71    196  +0.2376  -0.1284  +0.6356  +1.0000
   2307    368553   160   +8.200    6137     64    165  +0.1303  -0.3892  +0.5103  +1.0000
   2308    368713   160  +11.248    6699     65    192  +0.2000  -0.2417  +0.6746  +1.0000
   2309    368872   159  +11.016    6771     73    191  +0.1926  -0.2228  +0.5661  +1.0000
   2310    369030   158  +11.206    6571     66    200  +0.1898  -0.2753  +0.7282  +1.0000
   2311    369193   163   +9.819    6382     62    173  +0.1645  -0.3248  +0.6034  +1.0000
   2312    369354   161   +8.796    6093     66    157  +0.1394  -0.4008  +0.6431  +1.0000
   2313    369516   162   +9.289    6157     69    163  +0.1410  -0.3840  +0.6164  +1.0000
   2314    369676   160  +10.214    5922     62    258  +0.1101  -0.4456  +0.7085  +1.0000
   2315    369840   164  +11.280    6257     63    247  +0.1328  -0.3578  +0.5671  +1.0000
   2316    369999   159  +12.299    6294     50    207  +0.1622  -0.3480  +0.6793  +1.0000
   2317    370161   162   +9.595    6264     66    190  +0.1664  -0.3558  +0.7982  +1.0000
   2318    370318   157   +9.153    5681     57    238  +0.0541  -0.5089  +0.3376  +1.0000
   2319    370480   162   +8.594    6086     61    128  +0.1452  -0.4026  +0.6232  +1.0000
   2320    370643   163   +8.051    5668     66    158  +0.0798  -0.5123  +0.4938  +1.0000
   2321    370803   160  +10.397    6605     79    198  +0.1756  -0.2665  +0.6140  +1.0000
   2322    370963   160  +11.790    6914     76    184  +0.2031  -0.1853  +0.5196  +1.0000
   2323    371125   162   +6.964    6006     71    150  +0.0929  -0.4237  +0.2789  +1.0000
   2324    371283   158   +8.113    5587     59    179  +0.0942  -0.5337  +0.7298  +1.0000
   2325    371444   161   +9.227    6421     73    180  +0.1659  -0.3147  +0.6422  +1.0000
   2326    371603   159   +9.411    6843     78    173  +0.1959  -0.2039  +0.5093  +1.0000
   2327    371756   153  +10.172    6307     62    186  +0.1616  -0.3446  +0.6753  +1.0000
   2328    371919   163   +9.366    5828     56    149  +0.1255  -0.4704  +0.7173  +1.0000
   2329    372079   160   +6.914    5466     69    173  +0.0271  -0.5653  +0.2676  +0.9847
   2330    372236   157   +7.407    5606     68    166  +0.0584  -0.5286  +0.3689  +1.0000
   2331    372395   159  +10.047    6046     57    185  +0.1403  -0.4132  +0.7130  +1.0000
   2332    372556   161   +8.821    6037     65    147  +0.1334  -0.4154  +0.6159  +1.0000
   2333    372717   161   +7.641    5599     73    212  +0.0164  -0.5306  +0.3393  +0.9123
   2334    372878   161  +11.026    6348     65    243  +0.1436  -0.3339  +0.5854  +1.0000
   2335    373038   160  +10.955    6931     72    156  +0.2179  -0.1808  +0.5734  +1.0000
   2336    373198   160  +12.012    6674     68    224  +0.1877  -0.2483  +0.6578  +1.0000
   2337    373358   160   +9.079    6057     64    199  +0.1165  -0.4102  +0.5241  +1.0000
   2338    373521   163   +7.956    6016     61    129  +0.1339  -0.4211  +0.5877  +1.0000
   2339    373679   158  +11.007    6562     60    222  +0.1812  -0.2777  +0.6655  +1.0000
   2340    373841   162  +10.701    6290     64    223  +0.1486  -0.3490  +0.6494  +1.0000
   2341    374002   161  +11.723    7151     78    191  +0.2365  -0.1232  +0.6300  +1.0000
   2342    374164   162   +9.629    6432     68    166  +0.1652  -0.3119  +0.5704  +1.0000
   2343    374319   155   +9.554    5995     64    209  +0.1159  -0.4265  +0.6023  +1.0000
   2344    374482   163  +14.385    7083     66    207  +0.2263  -0.1409  +0.5705  +1.0000
   2345    374647   165   +9.919    6638     69    206  +0.1788  -0.2579  +0.5752  +1.0000
   2346    374800   153   +7.555    5722     56    151  +0.1044  -0.4982  +0.6195  +1.0000
   2347    374959   159   +8.394    6005     66    181  +0.1198  -0.4240  +0.5883  +1.0000
   2348    375123   164   +9.552    5877     59    250  +0.0876  -0.4575  +0.5021  +1.0000
   2349    375282   159  +10.692    6278     62    193  +0.1678  -0.3522  +0.7815  +1.0000
   2350    375436   154   +9.103    5859     58    217  +0.1007  -0.4622  +0.5825  +1.0000
   2351    375599   163   +9.643    6134     73    191  +0.1235  -0.3901  +0.5422  +1.0000
   2352    375763   164  +11.303    6777     68    181  +0.1986  -0.2212  +0.5750  +1.0000
   2353    375914   151   +8.048    5743     62    182  +0.0948  -0.4926  +0.5942  +1.0000
   2354    376071   157   +9.431    6009     61    205  +0.1306  -0.4229  +0.7135  +1.0000
   2355    376230   159  +10.343    6237     56    221  +0.1411  -0.3630  +0.5891  +1.0000
   2356    376380   150   +9.355    6309     67    195  +0.1484  -0.3442  +0.5849  +1.0000
   2357    376541   161   +7.532    5408     57    178  +0.0571  -0.5805  +0.5323  +1.0000
   2358    376697   156   +8.430    5589     58    223  +0.0596  -0.5330  +0.4636  +1.0000
   2359    376855   158   +8.649    6567     81    148  +0.1652  -0.2764  +0.4584  +1.0000
   2360    377019   164   +7.527    6008     64    118  +0.1372  -0.4230  +0.6182  +1.0000
   2361    377178   159   +8.319    6382     70    162  +0.1682  -0.3249  +0.6532  +1.0000
   2362    377336   158  +10.478    6417     63    209  +0.1573  -0.3158  +0.5690  +1.0000
   2363    377496   160   +9.335    6541     65    177  +0.1833  -0.2831  +0.6424  +1.0000
   2364    377652   156   +7.341    5830     75    207  +0.0322  -0.4699  +0.1845  +0.9360
   2365    377804   152   +7.347    5262     53    169  +0.0509  -0.6189  +0.5895  +1.0000
   2366    377964   160   +6.881    5782     61    141  +0.0965  -0.4826  +0.4833  +1.0000
   2367    378125   161  +10.283    6048     62    227  +0.1211  -0.4126  +0.6251  +1.0000
   2368    378288   163   +9.108    6145     70    253  +0.0637  -0.3873  +0.0389  +1.0000
   2369    378446   158  +10.100    6730     60    154  +0.2102  -0.2335  +0.6462  +1.0000
   2370    378612   166   +9.650    6443     74    180  +0.1701  -0.3090  +0.6664  +1.0000
   2371    378766   154   +8.283    5780     59    173  +0.1010  -0.4829  +0.5806  +1.0000
   2372    378920   154   +8.959    6030     61    221  +0.1220  -0.4172  +0.6357  +1.0000
   2373    379085   165  +11.620    6732     73    237  +0.1855  -0.2330  +0.6255  +1.0000
   2374    379247   162   +8.116    5744     58    187  +0.0956  -0.4925  +0.5931  +1.0000
   2375    379408   161   +9.240    6037     68    241  +0.0934  -0.4156  +0.4173  +1.0000
   2376    379472    64   -6.667       0      0      2  -0.8006  -1.0000  -1.0000  -1.0000
   2377    379634   162   +9.665    6581     73    195  +0.1617  -0.2726  +0.4602  +1.0000
   2378    379804   170  +11.939    7283     78    203  +0.2417  -0.0885  +0.5690  +1.0000
   2379    379963   159  +11.020    6467     65    212  +0.1678  -0.3027  +0.6353  +1.0000
   2380    380125   162   +9.235    6386     63    169  +0.1619  -0.3240  +0.5679  +1.0000
   2381    380284   159  +10.542    6597     66    206  +0.1813  -0.2686  +0.6281  +1.0000
   2382    380441   157   +9.084    6285     64    160  +0.1726  -0.3504  +0.7679  +1.0000
   2383    380597   156   +8.902    6157     64    158  +0.1547  -0.3839  +0.7159  +1.0000
   2384    380753   156   +8.162    5977     61    192  +0.1049  -0.4312  +0.4612  +1.0000
   2385    380911   158   +8.846    6242     69    128  +0.1631  -0.3617  +0.6786  +1.0000
   2386    381069   158   +9.924    6503     67    217  +0.1578  -0.2932  +0.5205  +1.0000
   2387    381226   157   +9.817    6423     74    184  +0.1402  -0.3142  +0.3957  +1.0000
   2388    381390   164   +9.899    6162     68    199  +0.1326  -0.3826  +0.5953  +1.0000
   2389    381545   155   +6.435    5762     63    140  +0.1011  -0.4877  +0.5542  +1.0000
   2390    381708   163   +8.322    6498     73    159  +0.1642  -0.2946  +0.5042  +1.0000
   2391    381873   165  +11.537    6814     80    211  +0.1831  -0.2114  +0.4989  +1.0000
   2392    382029   156   +7.247    5478     62    196  +0.0371  -0.5623  +0.3223  +1.0000
   2393    382184   155   +9.278    5906     65    227  +0.0815  -0.4498  +0.3950  +1.0000
   2394    382340   156  +10.426    6310     71    224  +0.1327  -0.3439  +0.5062  +1.0000
   2395    382495   155  +10.093    6287     61    216  +0.1602  -0.3499  +0.7380  +1.0000
   2396    382659   164  +10.563    6519     80    211  +0.1531  -0.2889  +0.5067  +1.0000
   2397    382815   156   +8.940    6613     70    190  +0.1906  -0.2643  +0.6923  +1.0000
   2398    382977   162  +10.401    6832     72    163  +0.2115  -0.2067  +0.6249  +1.0000
   2399    383140   163   +3.930    5005     73    178  -0.1425  -0.6863  -0.1004  +0.7141
   2400    383300   160  +10.331    6528     72    184  +0.1692  -0.2866  +0.5651  +1.0000

  ── rolling mean (last 100 ep) ──  cum_R=+9.281  yield=6179 kg/ha  N=66  W=186 mm  R_seas=+0.1299  R_ane=+0.9755

   2401    383460   160  +11.885    6593     68    221  +0.1726  -0.2697  +0.5887  +1.0000
   2402    383622   162  +11.152    6914     68    223  +0.2164  -0.1854  +0.6925  +1.0000
   2403    383776   154   +9.723    6184     66    268  +0.0908  -0.3770  +0.2841  +1.0000
   2404    383928   152   +8.043    5702     61    153  +0.0995  -0.5033  +0.6208  +1.0000
   2405    384091   163   +8.453    5820     64    159  +0.1178  -0.4725  +0.7065  +1.0000
   2406    384250   159   +9.091    6511     78    251  +0.1380  -0.2911  +0.4355  +1.0000
   2407    384410   160  +11.351    7110     72    208  +0.2321  -0.1338  +0.6350  +1.0000
   2408    384572   162  +11.174    6947     68    220  +0.2192  -0.1766  +0.6810  +1.0000
   2409    384729   157   +7.499    5721     69    171  +0.0656  -0.4984  +0.3391  +1.0000
   2410    384891   162  +11.052    7347     82    204  +0.2341  -0.0717  +0.4443  +1.0000
   2411    385049   158   +9.475    6498     71    202  +0.1610  -0.2945  +0.5460  +1.0000
   2412    385213   164  +10.797    7160     76    169  +0.2359  -0.1207  +0.5608  +1.0000
   2413    385375   162  +12.234    7432     72    196  +0.2725  -0.0492  +0.6720  +1.0000
   2414    385536   161  +10.265    6507     60    198  +0.1782  -0.2921  +0.6489  +1.0000
   2415    385697   161  +10.827    6637     57    192  +0.1955  -0.2580  +0.6544  +1.0000
   2416    385864   167  +10.206    6612     66    182  +0.1967  -0.2647  +0.7176  +1.0000
   2417    386029   165  +11.222    6489     60    201  +0.1868  -0.2968  +0.7580  +1.0000
   2418    386195   166  +11.669    6404     64    250  +0.1411  -0.3192  +0.5099  +1.0000
   2419    386356   161   +9.414    6338     72    207  +0.0993  -0.3365  +0.1116  +1.0000
   2420    386512   156   +9.315    6871     70    164  +0.2161  -0.1967  +0.6247  +1.0000
   2421    386675   163  +13.595    7513     68    232  +0.2783  -0.0280  +0.6987  +1.0000
   2422    386833   158  +10.268    6679     69    202  +0.1980  -0.2470  +0.7192  +1.0000
   2423    386992   159   +8.522    6469     74    175  +0.1651  -0.3020  +0.5812  +1.0000
   2424    387152   160  +13.154    7068     72    241  +0.2170  -0.1450  +0.5916  +1.0000
   2425    387307   155   +9.816    6178     64    196  +0.1368  -0.3786  +0.5932  +1.0000
   2426    387468   161   +8.081    6474     78    175  +0.1647  -0.3007  +0.5889  +1.0000
   2427    387627   159   +9.483    6383     68    202  +0.1647  -0.3247  +0.6917  +1.0000
   2428    387784   157   +8.090    5446     57    189  +0.0435  -0.5705  +0.3787  +1.0000
   2429    387951   167  +10.185    6282     75    229  +0.1268  -0.3513  +0.5040  +1.0000
   2430    388107   156   +9.693    6675     75    169  +0.1926  -0.2479  +0.6304  +1.0000
   2431    388265   158  +10.052    6540     70    192  +0.1718  -0.2834  +0.5819  +1.0000
   2432    388425   160  +11.462    6761     67    220  +0.1963  -0.2255  +0.6386  +1.0000
   2433    388582   157   +9.578    5964     64    234  +0.1107  -0.4345  +0.6349  +1.0000
   2434    388742   160   +9.064    6502     73    193  +0.1666  -0.2934  +0.5897  +1.0000
   2435    388900   158  +11.501    6683     68    227  +0.1832  -0.2460  +0.6123  +1.0000
   2436    389054   154   +8.232    6202     68    144  +0.1448  -0.3721  +0.5651  +1.0000
   2437    389216   162   +8.304    6216     59    142  +0.1694  -0.3685  +0.7467  +1.0000
   2438    389372   156  +10.589    6637     69    176  +0.1865  -0.2580  +0.5939  +1.0000
   2439    389538   166   +8.122    6498     68    131  +0.1869  -0.2945  +0.6489  +1.0000
   2440    389696   158   +9.488    6437     70    228  +0.1541  -0.3106  +0.5900  +1.0000
   2441    389861   165  +10.627    6471     64    206  +0.1684  -0.3016  +0.6209  +1.0000
   2442    390026   165   +9.448    6530     67    186  +0.1669  -0.2860  +0.5204  +1.0000
   2443    390189   163   +8.496    5970     67    180  +0.1188  -0.4331  +0.6137  +1.0000
   2444    390352   163  +11.861    6869     66    244  +0.2053  -0.1970  +0.6559  +1.0000
   2445    390515   163   +9.738    6174     58    214  +0.1183  -0.3797  +0.4207  +1.0000
   2446    390670   155   +9.635    5602     55    293  +0.0554  -0.5296  +0.5326  +1.0000
   2447    390832   162  +10.410    6423     68    209  +0.1505  -0.3141  +0.5180  +1.0000
   2448    390994   162   +9.952    6627     77    218  +0.1786  -0.2607  +0.6489  +1.0000
   2449    391154   160   +9.221    6496     71    160  +0.1766  -0.2949  +0.6236  +1.0000
   2450    391315   161  +10.650    6528     67    202  +0.1731  -0.2865  +0.6140  +1.0000
   2451    391471   156  +10.169    6732     63    199  +0.2012  -0.2330  +0.6574  +1.0000
   2452    391632   161   +7.579    6079     76    189  +0.1098  -0.4044  +0.4714  +1.0000
   2453    391791   159   +9.314    6791     72    176  +0.2022  -0.2175  +0.6046  +1.0000
   2454    391950   159   +9.363    6686     74    180  +0.1914  -0.2452  +0.6267  +1.0000
   2455    392109   159   +9.687    6192     60    205  +0.1317  -0.3747  +0.5274  +1.0000
   2456    392269   160   +9.043    6080     58    225  +0.1144  -0.4043  +0.5028  +1.0000
   2457    392430   161  +11.037    6594     65    223  +0.1827  -0.2692  +0.6759  +1.0000
   2458    392587   157   +8.386    6170     67    165  +0.1454  -0.3806  +0.6385  +1.0000
   2459    392750   163   +8.323    5891     66    193  +0.0822  -0.4538  +0.3518  +1.0000
   2460    392910   160  +11.865    7372     79    219  +0.2475  -0.0652  +0.5714  +1.0000
   2461    393071   161   +8.199    6190     67    163  +0.1346  -0.3753  +0.5074  +1.0000
   2462    393239   168  +10.742    6150     71    261  +0.1064  -0.3859  +0.4850  +1.0000
   2463    393395   156   +9.995    6642     84    206  +0.1518  -0.2568  +0.4818  +0.9660
   2464    393557   162  +10.885    6964     78    216  +0.2020  -0.1722  +0.5305  +1.0000
   2465    393719   162  +11.338    6549     66    203  +0.1729  -0.2811  +0.5900  +1.0000
   2466    393877   158   +8.625    6271     64    159  +0.1555  -0.3540  +0.6101  +1.0000
   2467    394035   158   +9.947    6535     71    233  +0.1560  -0.2848  +0.5215  +1.0000
   2468    394192   157   +6.670    5807     80    222  -0.0162  -0.4758  +0.1485  +0.8122
   2469    394354   162   +8.625    6337     71    164  +0.1536  -0.3369  +0.5654  +1.0000
   2470    394517   163  +12.095    6646     76    252  +0.1679  -0.2558  +0.5855  +1.0000
   2471    394679   162   +7.436    5962     60    170  +0.1221  -0.4352  +0.6018  +1.0000
   2472    394838   159  +12.870    7074     71    246  +0.2255  -0.1432  +0.6751  +1.0000
   2473    395001   163   +9.867    6919     81    191  +0.2066  -0.1839  +0.5875  +1.0000
   2474    395165   164  +11.869    6836     73    231  +0.1939  -0.2058  +0.5913  +1.0000
   2475    395322   157  +10.951    6976     73    192  +0.2162  -0.1691  +0.5890  +1.0000
   2476    395485   163  +10.889    6726     78    223  +0.1871  -0.2348  +0.6458  +1.0000
   2477    395648   163  +10.295    6324     64    204  +0.1498  -0.3401  +0.5848  +1.0000
   2478    395807   159   +9.118    6148     65    201  +0.1329  -0.3863  +0.6040  +1.0000
   2479    395967   160  +11.888    6898     77    215  +0.1754  -0.1895  +0.3277  +1.0000
   2480    396122   155   +9.154    6241     75    213  +0.1194  -0.3620  +0.4401  +1.0000
   2481    396286   164   +9.730    6395     67    192  +0.1636  -0.3216  +0.6429  +1.0000
   2482    396445   159   +9.903    6357     70    212  +0.1410  -0.3315  +0.5109  +1.0000
   2483    396604   159  +11.406    6865     74    184  +0.2140  -0.1983  +0.6688  +1.0000
   2484    396769   165  +10.295    6210     62    277  +0.1154  -0.3701  +0.4982  +1.0000
   2485    396931   162  +12.866    7222     80    235  +0.2298  -0.1043  +0.5848  +1.0000
   2486    397091   160  +11.756    7373     79    249  +0.2357  -0.0648  +0.5084  +1.0000
   2487    397253   162  +10.533    6824     75    198  +0.1861  -0.2090  +0.4673  +1.0000
   2488    397408   155   +9.620    6668     67    185  +0.1976  -0.2498  +0.6825  +1.0000
   2489    397572   164  +11.258    7152     81    218  +0.2173  -0.1228  +0.5030  +1.0000
   2490    397733   161  +10.099    6608     68    186  +0.1906  -0.2656  +0.6808  +1.0000
   2491    397895   162   +3.488    5072     73    184  -0.1325  -0.6689  -0.1491  +0.7436
   2492    398055   160  +10.501    6793     70    168  +0.2027  -0.2170  +0.5824  +1.0000
   2493    398210   155   +9.942    6785     70    171  +0.2111  -0.2192  +0.6801  +1.0000
   2494    398366   156   +9.422    5549     59    233  +0.0282  -0.5437  +0.2177  +1.0000
   2495    398526   160   +9.275    6450     68    192  +0.1692  -0.3072  +0.6417  +1.0000
   2496    398685   159   +9.455    6584     76    194  +0.1679  -0.2719  +0.5354  +1.0000
   2497    398850   165  +11.708    7100     76    231  +0.2145  -0.1366  +0.5347  +1.0000
   2498    399011   161  +10.081    6545     74    186  +0.1770  -0.2822  +0.6415  +1.0000
   2499    399172   161  +12.700    7015     67    230  +0.2196  -0.1588  +0.6245  +1.0000
   2500    399335   163   +7.094    5987     70    151  +0.1134  -0.4286  +0.5027  +1.0000

  ── rolling mean (last 100 ep) ──  cum_R=+9.995  yield=6514 kg/ha  N=70  W=203 mm  R_seas=+0.1632  R_ane=+0.9952

   2501    399496   161  +11.215    7148     77    212  +0.2334  -0.1239  +0.6402  +1.0000
   2502    399658   162   +8.332    6185     72    210  +0.1037  -0.3767  +0.3248  +1.0000
   2503    399815   157   +8.375    6089     67    203  +0.1102  -0.4019  +0.4494  +1.0000
   2504    399973   158  +11.454    6960     78    236  +0.1979  -0.1732  +0.5359  +1.0000
   2505    400135   162   +9.726    6774     86    225  +0.1361  -0.2221  +0.2402  +0.9637
   2506    400295   160   +8.975    6147     67    208  +0.1243  -0.3867  +0.5392  +1.0000
   2507    400458   163  +12.113    7231     74    197  +0.2520  -0.1020  +0.6918  +1.0000
   2508    400616   158   +8.759    6490     74    196  +0.1420  -0.2965  +0.3694  +1.0000
   2509    400771   155   +9.396    6589     71    186  +0.1760  -0.2705  +0.5698  +1.0000
   2510    400934   163   +7.331    5863     80    239  -0.0205  -0.4612  +0.0272  +0.8304
   2511    401097   163  +11.767    7709     87    230  +0.2740  +0.0235  +0.5397  +1.0000
   2512    401258   161  +10.748    6896     83    198  +0.1954  -0.1900  +0.5220  +1.0000
   2513    401419   161  +11.199    7050     86    232  +0.1936  -0.1497  +0.4273  +1.0000
   2514    401582   163  +13.246    7392     80    246  +0.2499  -0.0599  +0.6314  +1.0000
   2515    401744   162  +10.604    6786     80    250  +0.1664  -0.2189  +0.4385  +1.0000
   2516    401899   155  +11.535    6861     62    206  +0.2096  -0.1992  +0.6153  +1.0000
   2517    402055   156  +12.195    6756     66    238  +0.1983  -0.2269  +0.6981  +1.0000
   2518    402216   161   +7.766    6134     69    188  +0.1297  -0.3901  +0.5771  +1.0000
   2519    402376   160   +9.918    6393     67    192  +0.1576  -0.3221  +0.5837  +1.0000
   2520    402532   156   +9.807    6478     66    148  +0.1868  -0.2997  +0.6901  +1.0000
   2521    402695   163   +8.573    6796     79    148  +0.1919  -0.2162  +0.4749  +1.0000
   2522    402855   160  +10.652    6999     84    208  +0.2045  -0.1631  +0.5349  +1.0000
   2523    403016   161   +9.699    6797     78    173  +0.1957  -0.2160  +0.5578  +1.0000
   2524    403179   163  +10.175    6917     81    188  +0.1988  -0.1844  +0.5084  +1.0000
   2525    403339   160   +9.614    6932     74    174  +0.2047  -0.1806  +0.4853  +1.0000
   2526    403500   161   +9.875    6775     74    198  +0.1948  -0.2217  +0.6031  +1.0000
   2527    403662   162   +9.903    6350     72    180  +0.1642  -0.3335  +0.6956  +1.0000
   2528    403827   165  +11.360    7073     84    198  +0.2107  -0.1435  +0.4956  +1.0000
   2529    403987   160  +10.705    6561     78    182  +0.1781  -0.2779  +0.6461  +1.0000
   2530    404146   159  +11.231    7296     74    171  +0.2474  -0.0850  +0.5281  +1.0000
   2531    404307   161   +9.537    6590     74    182  +0.1745  -0.2703  +0.5599  +1.0000
   2532    404467   160  +12.169    6891     72    240  +0.2044  -0.1913  +0.6488  +1.0000
   2533    404627   160  +10.865    6652     76    231  +0.1727  -0.2541  +0.5876  +1.0000
   2534    404783   156   +8.968    5582     50    184  +0.0999  -0.5349  +0.7535  +1.0000
   2535    404945   162   +9.834    6620     77    217  +0.1678  -0.2625  +0.5476  +1.0000
   2536    405108   163  +11.363    7126     75    193  +0.2271  -0.1298  +0.5501  +1.0000
   2537    405265   157   +9.937    6772     76    198  +0.1922  -0.2225  +0.5903  +1.0000
   2538    405423   158   +8.863    6066     81    260  +0.0069  -0.4079  -0.0004  +0.8752
   2539    405591   168   +9.047    6308     73    190  +0.1517  -0.3443  +0.6398  +1.0000
   2540    405749   158  +10.603    6888     77    188  +0.2050  -0.1923  +0.5797  +1.0000
   2541    405902   153   +9.881    6825     68    164  +0.2165  -0.2086  +0.6671  +1.0000
   2542    406064   162  +14.616    7192     81    234  +0.2177  -0.1123  +0.5005  +1.0000
   2543    406223   159  +11.937    7466     85    253  +0.2404  -0.0404  +0.4969  +1.0000
   2544    406382   159  +11.044    6537     62    221  +0.1663  -0.2842  +0.5510  +1.0000
   2545    406546   164  +11.343    7235     83    172  +0.2432  -0.1011  +0.5961  +1.0000
   2546    406703   157  +11.864    7115     69    219  +0.2360  -0.1326  +0.6747  +1.0000
   2547    406863   160  +14.473    7400     68    272  +0.2513  -0.0578  +0.6276  +1.0000
   2548    407023   160   +9.975    6760     73    199  +0.1742  -0.2258  +0.4089  +1.0000
   2549    407181   158   +8.230    6197     75    200  +0.1084  -0.3734  +0.3506  +1.0000
   2550    407340   159   +7.715    5898     82    240  -0.0304  -0.4521  -0.0165  +0.8036
   2551    407499   159  +12.238    7418     85    251  +0.2446  -0.0531  +0.5845  +1.0000
   2552    407660   161  +13.621    6811     66    256  +0.2084  -0.2124  +0.7773  +1.0000
   2553    407825   165  +11.394    7017     81    185  +0.2295  -0.1583  +0.7023  +1.0000
   2554    407985   160   +8.634    6232     73    167  +0.1400  -0.3642  +0.5552  +1.0000
   2555    408140   155  +10.783    7105     85    238  +0.1967  -0.1352  +0.4089  +1.0000
   2556    408302   162  +10.159    6480     74    220  +0.1520  -0.2993  +0.5276  +1.0000
   2557    408467   165  +11.858    6641     70    259  +0.1644  -0.2569  +0.5389  +1.0000
   2558    408621   154  +10.157    6901     76    187  +0.2080  -0.1888  +0.5902  +1.0000
   2559    408786   165  +10.329    6768     68    208  +0.1963  -0.2237  +0.6110  +1.0000
   2560    408943   157   +8.983    6318     68    158  +0.1521  -0.3417  +0.5463  +1.0000
   2561    409101   158  +11.653    6963     74    208  +0.2037  -0.1723  +0.5121  +1.0000
   2562    409256   155   +9.414    6061     66    224  +0.1099  -0.4093  +0.5136  +1.0000
   2563    409417   161   +9.409    6664     75    160  +0.1898  -0.2508  +0.5955  +1.0000
   2564    409577   160  +10.616    7321     84    194  +0.2470  -0.0784  +0.5950  +1.0000
   2565    409739   162  +10.971    6541     73    240  +0.1555  -0.2831  +0.5293  +1.0000
   2566    409893   154  +10.517    6564     67    178  +0.1825  -0.2771  +0.6264  +1.0000
   2567    410053   160  +15.533    7616     73    281  +0.2726  -0.0009  +0.6545  +1.0000
   2568    410214   161  +10.040    7177     82    169  +0.2295  -0.1163  +0.5107  +1.0000
   2569    410370   156  +12.427    7292     76    239  +0.2429  -0.0862  +0.6321  +1.0000
   2570    410521   151  +10.024    6019     62    242  +0.0987  -0.4202  +0.4608  +1.0000
   2571    410679   158   +9.103    6324     76    216  +0.1348  -0.3401  +0.5224  +1.0000
   2572    410846   167  +11.276    7273     83    207  +0.2364  -0.0910  +0.5579  +1.0000
   2573    411005   159  +10.755    6195     61    257  +0.1446  -0.3739  +0.7611  +1.0000
   2574    411161   156  +10.871    6699     65    202  +0.1917  -0.2417  +0.6145  +1.0000
   2575    411318   157  +11.758    6501     61    244  +0.1607  -0.2936  +0.5756  +1.0000
   2576    411478   160  +10.216    6740     77    174  +0.1723  -0.2309  +0.3780  +1.0000
   2577    411638   160  +12.008    6898     62    244  +0.2121  -0.1894  +0.6769  +1.0000
   2578    411802   164  +10.856    7093     83    198  +0.2185  -0.1383  +0.5487  +1.0000
   2579    411961   159  +11.641    6973     73    199  +0.2234  -0.1699  +0.6780  +1.0000
   2580    412121   160  +10.578    6955     75    190  +0.2082  -0.1746  +0.5373  +1.0000
   2581    412281   160  +11.065    6507     62    248  +0.1599  -0.2922  +0.5718  +1.0000
   2582    412447   166  +11.592    7096     81    220  +0.2137  -0.1374  +0.5288  +1.0000
   2583    412610   163  +13.249    8356     89    187  +0.3501  +0.1933  +0.5481  +1.0000
   2584    412764   154  +11.534    6719     72    228  +0.1899  -0.2365  +0.6599  +1.0000
   2585    412924   160  +10.722    6936     72    196  +0.2100  -0.1796  +0.5711  +1.0000
   2586    413082   158  +10.378    7149     82    185  +0.2271  -0.1237  +0.5442  +1.0000
   2587    413239   157   +9.890    6879     85    209  +0.1777  -0.1944  +0.3949  +1.0000
   2588    413398   159  +10.160    7032     78    172  +0.2253  -0.1543  +0.6061  +1.0000
   2589    413558   160  +10.136    7126     87    183  +0.2246  -0.1296  +0.5641  +1.0000
   2590    413726   168  +14.145    7853     83    256  +0.2896  +0.0612  +0.5763  +1.0000
   2591    413888   162   +9.454    6640     84    187  +0.1740  -0.2571  +0.6186  +0.9809
   2592    414051   163  +12.500    7120     76    226  +0.2231  -0.1312  +0.5886  +1.0000
   2593    414211   160  +10.501    6581     74    218  +0.1511  -0.2727  +0.4080  +1.0000
   2594    414372   161  +12.307    7486     87    196  +0.2554  -0.0352  +0.5227  +1.0000
   2595    414532   160  +12.012    7248     76    190  +0.2444  -0.0978  +0.5943  +1.0000
   2596    414686   154   +9.019    6905     78    189  +0.2097  -0.1877  +0.6133  +1.0000
   2597    414847   161  +11.519    6462     59    250  +0.1647  -0.3039  +0.6591  +1.0000
   2598    415003   156  +11.915    7202     75    226  +0.2330  -0.1097  +0.5952  +1.0000
   2599    415161   158  +10.517    6815     85    295  +0.1485  -0.2113  +0.3650  +0.9939
   2600    415324   163  +12.406    7946     90    224  +0.2987  +0.0856  +0.5418  +1.0000

  ── rolling mean (last 100 ep) ──  cum_R=+10.714  yield=6822 kg/ha  N=75  W=210 mm  R_seas=+0.1893  R_ane=+0.9945

   2601    415480   156  +12.465    7149     72    220  +0.2282  -0.1237  +0.5762  +1.0000
   2602    415638   158  +10.223    7149     81    201  +0.2245  -0.1236  +0.5460  +1.0000
   2603    415792   154   +8.720    6247     69    211  +0.1391  -0.3604  +0.5991  +1.0000
   2604    415947   155   +6.149    5498     76    269  -0.0614  -0.5568  +0.1049  +0.8086
   2605    416107   160  +12.557    7864     80    184  +0.3155  +0.0640  +0.6649  +1.0000
   2606    416269   162  +10.167    7215     82    167  +0.2398  -0.1064  +0.5674  +1.0000
   2607    416426   157   +9.815    6431     62    193  +0.1739  -0.3121  +0.6837  +1.0000
   2608    416576   150   +8.824    6637     76    179  +0.1836  -0.2579  +0.6072  +1.0000
   2609    416734   158   +9.263    6235     65    182  +0.1431  -0.3636  +0.5746  +1.0000
   2610    416895   161  +12.111    6832     75    231  +0.1918  -0.2069  +0.5828  +1.0000
   2611    417059   164   +9.925    7044     93    213  +0.1523  -0.1513  +0.3570  +0.8879
   2612    417213   154  +10.379    6550     68    228  +0.1657  -0.2809  +0.5760  +1.0000
   2613    417374   161  +11.650    6601     72    248  +0.1725  -0.2674  +0.6494  +1.0000
   2614    417533   159   +9.386    6758     78    163  +0.2016  -0.2263  +0.6387  +1.0000
   2615    417699   166  +10.650    7264     87    182  +0.2447  -0.0936  +0.6238  +1.0000
   2616    417860   161  +10.977    6618     66    198  +0.1880  -0.2630  +0.6590  +1.0000
   2617    418021   161  +12.070    7442     89    223  +0.2369  -0.0466  +0.4460  +1.0000
   2618    418178   157  +11.378    6966     71    177  +0.2332  -0.1717  +0.7292  +1.0000
   2619    418338   160  +10.893    6874     78    173  +0.2058  -0.1958  +0.5735  +1.0000
   2620    418502   164  +10.314    6781     78    202  +0.1797  -0.2201  +0.4718  +1.0000
   2621    418663   161   +9.576    6636     77    166  +0.1812  -0.2584  +0.5625  +1.0000
   2622    418824   161   +9.924    6538     75    200  +0.1685  -0.2839  +0.5950  +1.0000
   2623    418988   164  +12.112    7504     83    218  +0.2565  -0.0305  +0.5381  +1.0000
   2624    419150   162  +12.802    7086     71    254  +0.2161  -0.1401  +0.5825  +1.0000
   2625    419303   153  +10.656    7058     76    203  +0.2222  -0.1476  +0.6012  +1.0000
   2626    419460   157   +9.537    6054     65    212  +0.1185  -0.4111  +0.5775  +1.0000
   2627    419620   160  +10.392    6307     66    247  +0.1355  -0.3445  +0.5585  +1.0000
   2628    419780   160  +10.125    6970     87    201  +0.1749  -0.1705  +0.2812  +0.9962
   2629    419943   163  +11.836    7426     87    243  +0.2336  -0.0508  +0.4604  +1.0000
   2630    420102   159   +9.524    6681     72    160  +0.1905  -0.2465  +0.5714  +1.0000
   2631    420266   164  +11.419    7308     78    167  +0.2481  -0.0818  +0.5318  +1.0000
   2632    420431   165  +10.485    6510     66    228  +0.1545  -0.2914  +0.4995  +1.0000
   2633    420591   160  +13.730    7650     88    242  +0.2694  +0.0080  +0.5877  +1.0000
   2634    420754   163   +6.666    5825     72    167  +0.0681  -0.4712  +0.2617  +1.0000
   2635    420920   166  +11.240    7334     79    189  +0.2542  -0.0751  +0.6125  +1.0000
   2636    421074   154   +6.817    5898     65    149  +0.1148  -0.4521  +0.5797  +1.0000
   2637    421233   159  +10.329    6887     82    214  +0.1872  -0.1923  +0.4798  +1.0000
   2638    421399   166  +13.357    7730     85    242  +0.2760  +0.0290  +0.5533  +1.0000
   2639    421562   163  +10.858    6745     79    224  +0.1807  -0.2296  +0.5674  +1.0000
   2640    421721   159  +11.979    7193     83    231  +0.2044  -0.1120  +0.3699  +1.0000
   2641    421881   160   +7.508    6259     78    164  +0.1111  -0.3571  +0.2569  +1.0000
   2642    422036   155  +10.205    7144     83    206  +0.2178  -0.1250  +0.5085  +1.0000
   2643    422204   168  +11.482    7309     88    208  +0.2371  -0.0816  +0.5546  +1.0000
   2644    422363   159  +11.210    6805     74    219  +0.1948  -0.2140  +0.6119  +1.0000
   2645    422525   162  +10.238    6663     67    223  +0.1734  -0.2512  +0.5206  +1.0000
   2646    422686   161  +12.022    6988     74    251  +0.2063  -0.1660  +0.5957  +1.0000
   2647    422843   157  +11.630    7319     75    261  +0.2322  -0.0791  +0.5343  +1.0000
   2648    423003   160   +9.869    6735     84    236  +0.1489  -0.2322  +0.3074  +1.0000
   2649    423166   163  +10.255    6924     74    215  +0.2004  -0.1828  +0.5352  +1.0000
   2650    423324   158  +10.612    6939     82    224  +0.1879  -0.1788  +0.4546  +1.0000
   2651    423487   163  +10.414    7084     76    180  +0.2255  -0.1407  +0.5582  +1.0000
   2652    423646   159   +9.902    6768     85    211  +0.1731  -0.2237  +0.4869  +0.9946
   2653    423802   156  +11.535    7423     87    215  +0.2569  -0.0517  +0.6383  +1.0000
   2654    423965   163  +11.530    6883     62    214  +0.2164  -0.1935  +0.6767  +1.0000
   2655    424129   164  +13.224    7719     83    241  +0.2872  +0.0260  +0.6660  +1.0000
   2656    424288   159  +10.299    6607     69    201  +0.1853  -0.2658  +0.6643  +1.0000
   2657    424451   163   +7.094    5850     66    170  +0.0894  -0.4645  +0.4224  +1.0000
   2658    424606   155  +12.639    7617     74    205  +0.2854  -0.0008  +0.6393  +1.0000
   2659    424766   160   +9.508    6473     68    176  +0.1838  -0.3011  +0.7354  +1.0000
   2660    424929   163   +9.151    6662     76    173  +0.1901  -0.2515  +0.6317  +1.0000
   2661    425088   159   +8.719    6616     76    178  +0.1681  -0.2634  +0.4694  +1.0000
   2662    425254   166  +10.540    7170     84    167  +0.2359  -0.1180  +0.5853  +1.0000
   2663    425412   158  +12.117    7234     83    232  +0.2304  -0.1013  +0.5881  +1.0000
   2664    425573   161   +9.576    6992     80    172  +0.2103  -0.1647  +0.5042  +1.0000
   2665    425731   158  +11.180    7392     83    204  +0.2488  -0.0598  +0.5494  +1.0000
   2666    425886   155  +11.378    7057     77    218  +0.2224  -0.1479  +0.6378  +1.0000
   2667    426046   160   +9.186    6330     78    218  +0.1000  -0.3385  +0.1786  +1.0000
   2668    426202   156  +12.562    7089     67    219  +0.2364  -0.1394  +0.6953  +1.0000
   2669    426364   162  +10.266    6426     68    229  +0.1538  -0.3133  +0.5919  +1.0000
   2670    426520   156   +8.792    6139     68    206  +0.1122  -0.3887  +0.4295  +1.0000
   2671    426677   157   +9.925    6444     72    236  +0.1423  -0.3085  +0.4880  +1.0000
   2672    426834   157  +10.235    7252     82    168  +0.2403  -0.0965  +0.5339  +1.0000
   2673    427000   166  +13.063    7833     94    225  +0.2789  +0.0560  +0.4834  +1.0000
   2674    427161   161   +8.777    6603     79    186  +0.1718  -0.2669  +0.5514  +1.0000
   2675    427319   158  +13.021    7264     70    293  +0.2382  -0.0934  +0.6916  +1.0000
   2676    427481   162  +10.421    6532     78    250  +0.1342  -0.2855  +0.3702  +1.0000
   2677    427637   156  +11.572    7716     89    194  +0.2867  +0.0252  +0.5966  +1.0000
   2678    427796   159   +9.828    7355     86    200  +0.2294  -0.0695  +0.4017  +1.0000
   2679    427959   163  +11.372    7555     92    212  +0.2600  -0.0172  +0.5533  +1.0000
   2680    428116   157  +11.291    6921     68    200  +0.2312  -0.1835  +0.7841  +1.0000
   2681    428272   156  +11.864    7351     82    236  +0.2456  -0.0705  +0.6195  +1.0000
   2682    428428   156  +11.275    6863     68    230  +0.2081  -0.1988  +0.6747  +1.0000
   2683    428587   159  +12.233    6915     74    263  +0.1831  -0.1850  +0.4680  +1.0000
   2684    428747   160  +10.908    7098     79    220  +0.2117  -0.1370  +0.5024  +1.0000
   2685    428908   161   +8.989    6412     72    181  +0.1614  -0.3170  +0.6033  +1.0000
   2686    429069   161  +10.494    7037     82    256  +0.1924  -0.1530  +0.4589  +1.0000
   2687    429224   155   +7.739    6204     76    149  +0.1309  -0.3716  +0.4720  +1.0000
   2688    429391   167   +7.362    6201     83    182  +0.0799  -0.3726  +0.4870  +0.8607
   2689    429554   163  +14.419    7529     74    306  +0.2495  -0.0238  +0.5722  +1.0000
   2690    429718   164  +12.149    7283     83    255  +0.2213  -0.0885  +0.4934  +1.0000
   2691    429880   162  +10.102    6722     81    224  +0.1751  -0.2358  +0.5477  +1.0000
   2692    430033   153  +12.262    7238     75    233  +0.2441  -0.1003  +0.6838  +1.0000
   2693    430195   162  +11.884    7702     85    158  +0.3017  +0.0215  +0.6707  +1.0000
   2694    430349   154  +12.156    7302     79    208  +0.2335  -0.0833  +0.4813  +1.0000
   2695    430513   164   +9.294    6106     69    216  +0.1247  -0.3973  +0.6121  +1.0000
   2696    430666   153   +9.675    6351     75    305  +0.1151  -0.3331  +0.4693  +1.0000
   2697    430824   158  +10.495    6293     65    219  +0.1515  -0.3482  +0.6712  +1.0000
   2698    430983   159  +13.346    7883     86    208  +0.2979  +0.0689  +0.5468  +1.0000
   2699    431146   163  +11.669    7090     79    237  +0.2035  -0.1392  +0.4607  +1.0000
   2700    431312   166   +9.086    7058     87    174  +0.2152  -0.1475  +0.5268  +1.0000

  ── rolling mean (last 100 ep) ──  cum_R=+10.628  yield=6902 kg/ha  N=77  W=211 mm  R_seas=+0.1969  R_ane=+0.9955

   2701    431468   156   +9.950    6793     82    196  +0.1605  -0.2171  +0.2753  +1.0000
   2702    431634   166  +11.528    6846     78    230  +0.1888  -0.2031  +0.5499  +1.0000
   2703    431790   156  +10.643    7440     84    190  +0.2555  -0.0474  +0.5468  +1.0000
   2704    431948   158   +9.823    6923     78    191  +0.2116  -0.1830  +0.6210  +1.0000
   2705    432120   172  +10.910    7515     89    180  +0.2747  -0.0275  +0.6618  +1.0000
   2706    432276   156  +10.140    6959     81    188  +0.2190  -0.1735  +0.6639  +1.0000
   2707    432435   159  +14.718    7870     88    269  +0.2860  +0.0656  +0.5746  +1.0000
   2708    432594   159  +11.026    6605     69    237  +0.1497  -0.2665  +0.3843  +1.0000
   2709    432753   159   +7.713    6293     69    171  +0.1498  -0.3483  +0.5783  +1.0000
   2710    432908   155  +10.822    6887     74    212  +0.2060  -0.1925  +0.6219  +1.0000
   2711    433068   160  +10.655    7318     76    186  +0.2553  -0.0793  +0.6192  +1.0000
   2712    433229   161  +10.743    7084     78    231  +0.2225  -0.1406  +0.6369  +1.0000
   2713    433392   163  +12.468    7341     74    250  +0.2492  -0.0733  +0.6555  +1.0000
   2714    433542   150   +8.730    6814     80    155  +0.1989  -0.2115  +0.5475  +1.0000
   2715    433698   156   +8.809    6414     81    194  +0.1447  -0.3164  +0.5571  +0.9826
   2716    433859   161  +11.216    7117     80    206  +0.2170  -0.1321  +0.5118  +1.0000
   2717    434019   160   +7.725    6462     86    198  +0.0854  -0.3039  +0.2266  +0.8890
   2718    434181   162   +9.003    6128     76    210  +0.1134  -0.3916  +0.4981  +1.0000
   2719    434336   155   +8.851    5914     61    209  +0.1023  -0.4477  +0.5368  +1.0000
   2720    434501   165   +8.385    6926     99    216  +0.0775  -0.1820  +0.1825  +0.7489
   2721    434654   153  +12.252    7345     77    227  +0.2488  -0.0723  +0.6152  +1.0000
   2722    434811   157  +11.900    7516     80    205  +0.2642  -0.0274  +0.5634  +1.0000
   2723    434973   162   +6.413    5548     76    240  -0.0658  -0.5439  -0.1116  +0.8294
   2724    435133   160  +10.344    6916     72    166  +0.2267  -0.1847  +0.6959  +1.0000
   2725    435295   162   +9.701    7080     86    170  +0.2141  -0.1419  +0.4811  +1.0000
   2726    435452   157  +11.774    7410     82    233  +0.2479  -0.0552  +0.5739  +1.0000
   2727    435616   164  +15.894    7852     73    298  +0.2870  +0.0610  +0.5861  +1.0000
   2728    435776   160  +10.131    7033     78    154  +0.2388  -0.1540  +0.7054  +1.0000
   2729    435938   162  +16.053    7964     76    260  +0.3106  +0.0904  +0.6425  +1.0000
   2730    436105   167  +11.437    7666     92    212  +0.2690  +0.0121  +0.5262  +1.0000
   2731    436262   157  +11.022    7720     87    205  +0.2766  +0.0264  +0.5042  +1.0000
   2732    436422   160   +9.863    6503     76    223  +0.1492  -0.2933  +0.4901  +1.0000
   2733    436576   154  +11.292    6774     60    234  +0.1983  -0.2220  +0.6390  +1.0000
   2734    436732   156   +9.855    6718     69    186  +0.1934  -0.2369  +0.5966  +1.0000
   2735    436897   165   +4.502    5598     85    207  -0.0964  -0.5307  +0.0668  +0.6440
   2736    437060   163  +11.430    7362     92    237  +0.2387  -0.0677  +0.5895  +1.0000
   2737    437217   157  +10.296    6740     66    227  +0.1903  -0.2308  +0.6099  +1.0000
   2738    437376   159  +11.286    7239     84    227  +0.2319  -0.1000  +0.5947  +1.0000
   2739    437539   163  +11.754    6983     84    298  +0.1519  -0.1673  +0.2068  +1.0000
   2740    437698   159  +11.199    7505     88    196  +0.2617  -0.0302  +0.5680  +1.0000
   2741    437863   165  +10.557    6640     68    226  +0.1840  -0.2573  +0.6618  +1.0000
   2742    438024   161  +11.246    6559     68    237  +0.1666  -0.2784  +0.5943  +1.0000
   2743    438179   155  +12.343    7208     76    228  +0.2266  -0.1082  +0.5368  +1.0000
   2744    438343   164  +10.596    7215     87    162  +0.2463  -0.1062  +0.6456  +1.0000
   2745    438505   162  +13.484    7722     87    236  +0.2813  +0.0269  +0.6123  +1.0000
   2746    438660   155  +10.714    6592     64    236  +0.1655  -0.2698  +0.5263  +1.0000
   2747    438818   158  +10.744    6930     76    209  +0.2050  -0.1812  +0.5708  +1.0000
   2748    438980   162  +10.589    7057     82    220  +0.2061  -0.1477  +0.4987  +1.0000
   2749    439139   159  +10.560    7262     73    197  +0.2414  -0.0938  +0.5471  +1.0000
   2750    439296   157  +11.088    6856     70    238  +0.1738  -0.2005  +0.3634  +1.0000
   2751    439453   157  +10.957    6903     73    224  +0.1941  -0.1881  +0.5084  +1.0000
   2752    439611   158  +13.744    7360     71    275  +0.2404  -0.0682  +0.5825  +1.0000
   2753    439770   159   +8.217    7323    104    179  +0.1212  -0.0779  +0.1215  +0.7599
   2754    439930   160  +11.971    7041     74    218  +0.2218  -0.1520  +0.6340  +1.0000
   2755    440089   159   +8.175    6626     73    132  +0.1914  -0.2609  +0.5879  +1.0000
   2756    440252   163   +8.769    6855     79    181  +0.1996  -0.2009  +0.5571  +1.0000
   2757    440410   158  +11.151    6552     70    216  +0.1707  -0.2804  +0.6085  +1.0000
   2758    440569   159  +10.529    6795     76    214  +0.1931  -0.2165  +0.6029  +1.0000
   2759    440725   156  +10.861    6534     60    264  +0.1667  -0.2849  +0.6371  +1.0000
   2760    440884   159  +13.207    7185     78    237  +0.2286  -0.1142  +0.6064  +1.0000
   2761    441043   159  +12.156    7417     74    224  +0.2531  -0.0533  +0.5640  +1.0000
   2762    441206   163   +9.471    7068     87    189  +0.2188  -0.1449  +0.5783  +1.0000
   2763    441367   161  +10.895    7105     78    200  +0.2234  -0.1353  +0.5656  +1.0000
   2764    441526   159  +12.173    7131     71    225  +0.2205  -0.1284  +0.5232  +1.0000
   2765    441686   160   +9.706    6573     77    243  +0.1369  -0.2748  +0.3395  +1.0000
   2766    441849   163  +11.521    7000     76    214  +0.2133  -0.1626  +0.5908  +1.0000
   2767    442006   157  +12.348    7295     76    230  +0.2359  -0.0853  +0.5400  +1.0000
   2768    442171   165   +9.994    6536     80    225  +0.1299  -0.2846  +0.2857  +1.0000
   2769    442331   160  +11.867    7398     82    259  +0.2346  -0.0584  +0.5091  +1.0000
   2770    442488   157  +10.705    6362     58    282  +0.1452  -0.3301  +0.6238  +1.0000
   2771    442652   164  +12.129    7685     86    225  +0.2669  +0.0171  +0.4819  +1.0000
   2772    442813   161  +11.885    7228     78    231  +0.2432  -0.1030  +0.6958  +1.0000
   2773    442973   160  +10.421    6733     73    231  +0.1765  -0.2329  +0.5228  +1.0000
   2774    443135   162   +8.250    6209     66    196  +0.1440  -0.3703  +0.6431  +1.0000
   2775    443295   160  +12.425    6856     74    291  +0.1747  -0.2006  +0.5028  +1.0000
   2776    443448   153  +13.621    7399     67    288  +0.2455  -0.0581  +0.5965  +1.0000
   2777    443600   152  +12.087    6874     65    208  +0.2205  -0.1957  +0.7304  +1.0000
   2778    443759   159  +11.570    7217     82    218  +0.2239  -0.1057  +0.5068  +1.0000
   2779    443922   163  +14.712    8312     82    252  +0.3335  +0.1816  +0.5211  +1.0000
   2780    444080   158  +10.013    6750     72    197  +0.1922  -0.2284  +0.5924  +1.0000
   2781    444240   160   +9.380    6606     82    228  +0.1519  -0.2662  +0.4504  +1.0000
   2782    444399   159  +11.797    6774     73    228  +0.1960  -0.2221  +0.6687  +1.0000
   2783    444549   150  +12.619    7282     77    247  +0.2510  -0.0887  +0.7436  +1.0000
   2784    444714   165   +9.446    6372     72    192  +0.1504  -0.3277  +0.5559  +1.0000
   2785    444873   159  +13.508    7326     69    258  +0.2374  -0.0773  +0.5437  +1.0000
   2786    445033   160   +4.101    5055     68    215  -0.1073  -0.6732  -0.1440  +0.8453
   2787    445204   171  +10.795    6786     74    234  +0.1869  -0.2188  +0.5841  +1.0000
   2788    445364   160  +11.751    7628     82    203  +0.2911  +0.0022  +0.7165  +1.0000
   2789    445529   165  +12.029    6661     68    256  +0.1745  -0.2517  +0.6019  +1.0000
   2790    445691   162  +10.325    7040     75    175  +0.2197  -0.1522  +0.5312  +1.0000
   2791    445840   149   +9.895    6570     81    224  +0.1250  -0.2756  +0.2051  +1.0000
   2792    446001   161  +13.567    7419     76    324  +0.2318  -0.0527  +0.5580  +1.0000
   2793    446158   157  +10.004    6764     70    174  +0.2080  -0.2246  +0.6783  +1.0000
   2794    446322   164  +12.916    7320     75    236  +0.2425  -0.0789  +0.5869  +1.0000
   2795    446486   164  +10.395    6669     77    209  +0.1779  -0.2497  +0.5796  +1.0000
   2796    446647   161  +10.278    7122     72    178  +0.2469  -0.1306  +0.7067  +1.0000
   2797    446809   162   +9.899    6486     72    226  +0.1529  -0.2978  +0.5292  +1.0000
   2798    446972   163  +11.204    6620     65    251  +0.1704  -0.2625  +0.5817  +1.0000
   2799    447127   155   +9.230    6087     69    194  +0.1177  -0.4023  +0.5157  +1.0000
   2800    447287   160   +8.690    6524     70    162  +0.1846  -0.2877  +0.6682  +1.0000

  ── rolling mean (last 100 ep) ──  cum_R=+10.815  yield=6946 kg/ha  N=76  W=219 mm  R_seas=+0.1967  R_ane=+0.9870

   2801    447449   162  +14.295    7857     82    260  +0.2878  +0.0621  +0.5622  +1.0000
   2802    447604   155  +10.392    6776     72    209  +0.1975  -0.2215  +0.6379  +1.0000
   2803    447763   159  +11.311    6900     74    246  +0.1967  -0.1891  +0.5869  +1.0000
   2804    447923   160   +9.408    6991     75    172  +0.2201  -0.1652  +0.5822  +1.0000
   2805    448077   154  +10.005    7257     74    176  +0.2510  -0.0954  +0.6127  +1.0000
   2806    448240   163   +8.084    6033     80    308  -0.0102  -0.4165  -0.0393  +0.8741
   2807    448399   159  +14.827    7569     72    274  +0.2714  -0.0133  +0.6744  +1.0000
   2808    448554   155   +7.663    5454     65    270  +0.0165  -0.5685  +0.3026  +1.0000
   2809    448712   158   +9.682    6627     79    208  +0.1674  -0.2607  +0.5247  +1.0000
   2810    448875   163  +11.804    7529     84    205  +0.2661  -0.0240  +0.5863  +1.0000
   2811    449037   162  +10.013    7092     78    184  +0.2275  -0.1385  +0.5883  +1.0000
   2812    449192   155  +12.597    7671     75    237  +0.2787  +0.0135  +0.5831  +1.0000
   2813    449347   155   +8.685    6798     75    172  +0.2110  -0.2157  +0.6923  +1.0000
   2814    449506   159   +8.940    6554     76    169  +0.1707  -0.2799  +0.5460  +1.0000
   2815    449658   152  +10.888    6544     70    240  +0.1572  -0.2825  +0.5323  +1.0000
   2816    449813   155   +8.806    7023     85    172  +0.2152  -0.1567  +0.5481  +1.0000
   2817    449974   161   +9.806    6799     74    204  +0.1840  -0.2155  +0.4813  +1.0000
   2818    450133   159  +11.137    6798     71    236  +0.1925  -0.2157  +0.6137  +1.0000
   2819    450290   157   +9.050    6056     66    236  +0.1129  -0.4106  +0.5723  +1.0000
   2820    450452   162  +14.073    7465     76    277  +0.2584  -0.0408  +0.6820  +1.0000
   2821    450608   156   +9.753    6703     71    196  +0.1864  -0.2406  +0.5726  +1.0000
   2822    450769   161  +11.156    7682     86    209  +0.2819  +0.0163  +0.6028  +1.0000
   2823    450924   155  +10.829    7276     78    231  +0.2413  -0.0902  +0.6259  +1.0000
   2824    451077   153  +11.893    7196     76    248  +0.2295  -0.1113  +0.6167  +1.0000
   2825    451235   158  +10.319    7367     80    205  +0.2539  -0.0664  +0.6134  +1.0000
   2826    451395   160   +9.076    6674     76    189  +0.1818  -0.2483  +0.5692  +1.0000
   2827    451552   157  +11.876    7455     78    192  +0.2663  -0.0434  +0.6073  +1.0000
   2828    451709   157   +9.421    6278     74    260  +0.0995  -0.3521  +0.2922  +1.0000
   2829    451866   157  +11.932    6730     63    252  +0.1849  -0.2337  +0.6033  +1.0000
   2830    452029   163   +7.962    6145     78    209  +0.0838  -0.3871  +0.3164  +0.9598
   2831    452190   161   +9.590    6901     81    218  +0.1921  -0.1887  +0.5165  +1.0000
   2832    452346   156  +12.375    7753     84    255  +0.2787  +0.0350  +0.5787  +1.0000
   2833    452503   157   +9.085    6529     76    244  +0.1374  -0.2862  +0.3874  +1.0000
   2834    452664   161   +9.882    6998     82    195  +0.2110  -0.1633  +0.5631  +1.0000
   2835    452826   162  +11.616    7534     89    209  +0.2493  -0.0227  +0.4474  +1.0000
   2836    452991   165  +14.258    8243     93    297  +0.3143  +0.1634  +0.5462  +1.0000
   2837    453150   159  +10.691    6601     70    287  +0.1540  -0.2675  +0.5318  +1.0000
   2838    453319   169  +14.152    7962     84    245  +0.3040  +0.0897  +0.5929  +1.0000
   2839    453476   157   +9.675    6314     58    189  +0.1726  -0.3428  +0.7638  +1.0000
   2840    453636   160   +8.941    6149     73    230  +0.1014  -0.3860  +0.3819  +1.0000
   2841    453789   153  +11.520    6629     64    295  +0.1628  -0.2601  +0.5772  +1.0000
   2842    453951   162   +8.870    6943     90    222  +0.1610  -0.1776  +0.4292  +0.9279
   2843    454116   165  +10.319    6881     81    216  +0.2025  -0.1940  +0.6382  +1.0000
   2844    454282   166  +10.437    6999     83    223  +0.1964  -0.1631  +0.4781  +1.0000
   2845    454443   161  +10.722    7625     92    217  +0.2587  +0.0014  +0.4750  +1.0000
   2846    454603   160  +11.211    7656     88    196  +0.2773  +0.0095  +0.5674  +1.0000
   2847    454765   162  +10.581    6970     70    185  +0.2212  -0.1706  +0.6147  +1.0000
   2848    454923   158  +12.849    7522     84    236  +0.2547  -0.0257  +0.5431  +1.0000
   2849    455082   159  +12.724    7327     75    295  +0.2337  -0.0768  +0.6126  +1.0000
   2850    455241   159  +11.091    6386     62    292  +0.1403  -0.3240  +0.5929  +1.0000
   2851    455400   159  +11.676    7318     81    253  +0.2320  -0.0793  +0.5488  +1.0000
   2852    455560   160  +11.458    7462     78    176  +0.2776  -0.0414  +0.6833  +1.0000
   2853    455719   159  +11.150    7045     77    217  +0.2209  -0.1510  +0.6302  +1.0000
   2854    455877   158  +10.440    7222     75    170  +0.2513  -0.1044  +0.6442  +1.0000
   2855    456034   157   +6.712    5894     79    260  -0.0027  -0.4530  +0.1200  +0.8602
   2856    456195   161   +9.991    6724     76    189  +0.1892  -0.2353  +0.5894  +1.0000
   2857    456352   157  +13.734    8365     89    244  +0.3338  +0.1956  +0.4912  +1.0000
   2858    456516   164  +12.478    7175     71    303  +0.2102  -0.1167  +0.5315  +1.0000
   2859    456676   160  +10.523    7489     90    210  +0.2465  -0.0345  +0.4698  +1.0000
   2860    456835   159  +11.128    7586     92    229  +0.2510  -0.0088  +0.4611  +1.0000
   2861    456996   161  +10.388    6558     68    231  +0.1736  -0.2788  +0.6510  +1.0000
   2862    457156   160   +4.187    5709     86    203  -0.0988  -0.5016  -0.1140  +0.6562
   2863    457315   159   +8.978    6676     77    196  +0.1827  -0.2479  +0.5956  +1.0000
   2864    457477   162  +12.922    7464     87    275  +0.2370  -0.0410  +0.5181  +1.0000
   2865    457642   165  +11.332    7232     69    249  +0.2231  -0.1019  +0.4815  +1.0000
   2866    457800   158   +8.114    6120     72    194  +0.1183  -0.3938  +0.5090  +1.0000
   2867    457966   166   +9.355    6603     81    231  +0.1392  -0.2669  +0.3252  +1.0000
   2868    458118   152  +10.897    6940     74    223  +0.2089  -0.1784  +0.6179  +1.0000
   2869    458279   161  +12.763    7420     73    276  +0.2463  -0.0526  +0.5922  +1.0000
   2870    458435   156  +12.191    7332     81    260  +0.2305  -0.0757  +0.5353  +1.0000
   2871    458601   166  +10.463    7474     97    234  +0.1950  -0.0382  +0.2777  +0.9259
   2872    458763   162  +11.199    7158     80    213  +0.2211  -0.1214  +0.5192  +1.0000
   2873    458921   158  +10.110    6899     72    228  +0.1970  -0.1892  +0.5439  +1.0000
   2874    459081   160  +10.687    7368     83    219  +0.2382  -0.0663  +0.5018  +1.0000
   2875    459244   163   +9.784    6722     72    228  +0.1862  -0.2356  +0.6205  +1.0000
   2876    459405   161  +14.019    7843     82    284  +0.2786  +0.0584  +0.5277  +1.0000
   2877    459558   153  +10.833    7493     80    189  +0.2771  -0.0334  +0.6828  +1.0000
   2878    459714   156  +10.015    6596     62    223  +0.1767  -0.2688  +0.5984  +1.0000
   2879    459880   166  +10.219    6862     78    225  +0.1941  -0.1991  +0.5782  +1.0000
   2880    460037   157   +8.568    6756     70    183  +0.1988  -0.2269  +0.6132  +1.0000
   2881    460194   157   +8.923    6715     76    186  +0.1791  -0.2376  +0.4907  +1.0000
   2882    460355   161  +12.359    7362     79    277  +0.2311  -0.0678  +0.5323  +1.0000
   2883    460515   160  +12.294    7170     72    268  +0.2226  -0.1181  +0.5968  +1.0000
   2884    460674   159   +8.003    6437     74    205  +0.1456  -0.3106  +0.4805  +1.0000
   2885    460831   157  +11.175    6913     73    228  +0.2148  -0.1856  +0.7104  +1.0000
   2886    460994   163  +12.933    7309     76    254  +0.2475  -0.0815  +0.6902  +1.0000
   2887    461153   159  +11.102    6929     71    254  +0.1992  -0.1814  +0.5803  +1.0000
   2888    461313   160  +12.841    7608     75    248  +0.2642  -0.0030  +0.5240  +1.0000
   2889    461475   162  +12.627    7387     82    241  +0.2346  -0.0613  +0.4839  +1.0000
   2890    461637   162  +11.429    7361     80    207  +0.2453  -0.0681  +0.5384  +1.0000
   2891    461803   166  +10.001    7146     89    222  +0.2034  -0.1244  +0.4200  +1.0000
   2892    461961   158  +10.901    7024     80    231  +0.2084  -0.1563  +0.5700  +1.0000
   2893    462127   166  +10.044    6335     76    300  +0.1073  -0.3373  +0.4042  +1.0000
   2894    462284   157  +10.840    7369     87    213  +0.2397  -0.0658  +0.5234  +1.0000
   2895    462442   158  +11.571    6917     66    227  +0.2096  -0.1846  +0.6205  +1.0000
   2896    462600   158  +12.665    7860     92    245  +0.2787  +0.0629  +0.4867  +1.0000
   2897    462762   162  +14.015    8072     87    244  +0.3120  +0.1186  +0.5687  +1.0000
   2898    462922   160  +12.345    6627     72    282  +0.1410  -0.2606  +0.3761  +1.0000
   2899    463084   162   +9.948    6826     78    204  +0.1926  -0.2085  +0.5551  +1.0000
   2900    463244   160  +10.829    6259     54    269  +0.1242  -0.3572  +0.4798  +1.0000

  ── rolling mean (last 100 ep) ──  cum_R=+10.794  yield=7023 kg/ha  N=77  W=230 mm  R_seas=+0.2034  R_ane=+0.9920

   2901    463406   162   +5.681    5629     76    270  -0.0603  -0.5225  -0.1202  +0.8433
   2902    463569   163  +12.921    7363     81    251  +0.2452  -0.0675  +0.6281  +1.0000
   2903    463729   160  +10.187    6390     66    257  +0.1500  -0.3227  +0.6366  +1.0000
   2904    463883   154   +9.745    6600     73    193  +0.1679  -0.2676  +0.4998  +1.0000
   2905    464037   154  +12.027    7438     80    203  +0.2602  -0.0479  +0.5997  +1.0000
   2906    464192   155  +10.807    6447     58    251  +0.1618  -0.3078  +0.6414  +1.0000
   2907    464353   161  +10.177    6780     78    220  +0.1804  -0.2205  +0.5162  +1.0000
   2908    464513   160   +9.258    6594     70    201  +0.1685  -0.2691  +0.5129  +1.0000
   2909    464674   161  +13.391    7509     73    269  +0.2525  -0.0291  +0.5451  +1.0000
   2910    464833   159  +10.093    6459     67    228  +0.1650  -0.3048  +0.6610  +1.0000
   2911    464993   160   +9.261    6201     64    247  +0.1244  -0.3725  +0.5456  +1.0000
   2912    465154   161  +11.766    7440     87    229  +0.2434  -0.0471  +0.5149  +1.0000
   2913    465319   165  +11.615    7742     91    221  +0.2842  +0.0322  +0.6097  +1.0000
   2914    465477   158  +10.048    6955     76    239  +0.2023  -0.1746  +0.5816  +1.0000
   2915    465640   163   +9.674    7048     72    185  +0.2284  -0.1500  +0.6153  +1.0000
   2916    465799   159  +12.441    7328     71    254  +0.2532  -0.0767  +0.7035  +1.0000
   2917    465954   155  +12.983    7211     68    241  +0.2402  -0.1073  +0.6532  +1.0000
   2918    466114   160   +8.642    7195     94    183  +0.1854  -0.1115  +0.3920  +0.9145
   2919    466276   162  +12.316    7093     69    253  +0.2253  -0.1382  +0.6568  +1.0000
   2920    466436   160  +12.944    7818     83    253  +0.2738  +0.0521  +0.4514  +1.0000
   2921    466589   153  +13.465    7655     74    291  +0.2609  +0.0092  +0.5268  +1.0000
   2922    466745   156  +13.258    7487     73    263  +0.2557  -0.0348  +0.5875  +1.0000
   2923    466899   154  +11.414    6875     66    243  +0.2063  -0.1956  +0.6653  +1.0000
   2924    467059   160  +11.966    7768     84    187  +0.2924  +0.0389  +0.5627  +1.0000
   2925    467216   157   +9.319    6570     77    225  +0.1564  -0.2755  +0.5028  +1.0000
   2926    467377   161  +12.575    7570     88    286  +0.2494  -0.0131  +0.5604  +1.0000
   2927    467540   163  +10.353    7692     88    177  +0.2845  +0.0188  +0.5672  +1.0000
   2928    467702   162  +11.072    6879     77    254  +0.1789  -0.1945  +0.4585  +1.0000
   2929    467855   153  +10.396    6865     69    212  +0.2013  -0.1982  +0.5736  +1.0000
   2930    468017   162  +11.780    7122     70    259  +0.2166  -0.1308  +0.5582  +1.0000
   2931    468169   152  +10.990    7191     79    201  +0.2336  -0.1125  +0.5826  +1.0000
   2932    468334   165  +11.345    6966     76    248  +0.1997  -0.1718  +0.5626  +1.0000
   2933    468491   157  +12.206    6723     70    268  +0.1631  -0.2354  +0.4605  +1.0000
   2934    468652   161  +11.855    7882     87    224  +0.2900  +0.0686  +0.5095  +1.0000
   2935    468815   163  +12.795    7690     87    261  +0.2686  +0.0182  +0.5675  +1.0000
   2936    468978   163  +10.528    6997     90    221  +0.1537  -0.1634  +0.2631  +0.9399
   2937    469133   155  +11.687    7585     78    229  +0.2730  -0.0091  +0.6145  +1.0000
   2938    469288   155   +9.846    7024     75    204  +0.2214  -0.1565  +0.6217  +1.0000
   2939    469447   159  +10.961    6890     72    242  +0.2014  -0.1917  +0.6224  +1.0000
   2940    469604   157   +9.064    5873     60    253  +0.0859  -0.4586  +0.4974  +1.0000
   2941    469763   159  +10.451    7061     76    238  +0.2040  -0.1466  +0.4842  +1.0000
   2942    469921   158  +11.649    7783     86    223  +0.2852  +0.0427  +0.5584  +1.0000
   2943    470076   155  +11.661    7301     74    247  +0.2393  -0.0838  +0.5901  +1.0000
   2944    470238   162  +10.017    6811     78    231  +0.1986  -0.2124  +0.6889  +1.0000
   2945    470399   161  +10.867    7199     80    218  +0.2311  -0.1105  +0.5859  +1.0000
   2946    470566   167  +11.119    7368     79    204  +0.2544  -0.0661  +0.6123  +1.0000
   2947    470730   164  +10.101    6986     77    212  +0.2094  -0.1664  +0.5701  +1.0000
   2948    470894   164  +11.889    7853     93    230  +0.2770  +0.0611  +0.4508  +1.0000
   2949    471056   162  +11.282    7752     87    223  +0.2880  +0.0345  +0.6209  +1.0000
   2950    471219   163  +11.059    7415     79    234  +0.2497  -0.0537  +0.5745  +1.0000
   2951    471372   153  +14.120    7880     94    342  +0.2480  +0.0683  +0.3589  +1.0000
   2952    471536   164  +13.622    8586     97    214  +0.3629  +0.2536  +0.5272  +1.0000
   2953    471694   158   +8.759    7146     79    185  +0.2272  -0.1244  +0.5350  +1.0000
   2954    471856   162  +13.830    7594     85    292  +0.2519  -0.0068  +0.5551  +1.0000
   2955    472014   158  +11.148    7171     86    268  +0.1885  -0.1180  +0.3220  +1.0000
   2956    472171   157   +9.933    6528     67    190  +0.1810  -0.2866  +0.6701  +1.0000
   2957    472336   165   +7.945    6930    101    248  +0.0497  -0.1811  +0.0569  +0.7211
   2958    472495   159  +13.343    7569     72    309  +0.2587  -0.0134  +0.6189  +1.0000
   2959    472663   168  +12.425    7160     85    292  +0.1983  -0.1207  +0.4739  +1.0000
   2960    472822   159   +8.112    6088     67    204  +0.1203  -0.4020  +0.5511  +1.0000
   2961    472975   153   +9.652    7123     80    199  +0.2307  -0.1303  +0.6268  +1.0000
   2962    473129   154   +8.985    7007     74    180  +0.2164  -0.1608  +0.5357  +1.0000
   2963    473287   158  +10.803    6609     63    252  +0.1574  -0.2654  +0.4557  +1.0000
   2964    473449   162  +11.589    7392     84    190  +0.2573  -0.0597  +0.6107  +1.0000
   2965    473609   160   +9.201    7322     88    210  +0.2283  -0.0783  +0.4579  +1.0000
   2966    473770   161   +9.399    6520     80    256  +0.1112  -0.2886  +0.1760  +1.0000
   2967    473930   160  +10.798    7290     78    240  +0.2377  -0.0868  +0.5922  +1.0000
   2968    474089   159  +10.201    6782     75    233  +0.1946  -0.2201  +0.6682  +1.0000
   2969    474245   156   +9.962    7454     96    195  +0.2291  -0.0437  +0.4898  +0.9479
   2970    474405   160   +9.380    6405     66    229  +0.1502  -0.3188  +0.5622  +1.0000
   2971    474568   163   +7.508    6721     90    193  +0.1058  -0.2359  +0.2017  +0.8778
   2972    474726   158  +13.733    7434     73    288  +0.2486  -0.0487  +0.6249  +1.0000
   2973    474889   163  +10.232    7401     93    216  +0.2373  -0.0575  +0.5155  +0.9943
   2974    475039   150   +9.422    6364     66    225  +0.1429  -0.3297  +0.5269  +1.0000
   2975    475200   161  +10.837    6932     76    242  +0.1968  -0.1805  +0.5547  +1.0000
   2976    475366   166  +10.621    7924    102    212  +0.2756  +0.0798  +0.5258  +0.9477
   2977    475530   164  +10.879    6591     66    280  +0.1574  -0.2702  +0.5446  +1.0000
   2978    475693   163  +10.215    7355     87    201  +0.2442  -0.0695  +0.5570  +1.0000
   2979    475851   158  +10.530    6616     72    276  +0.1421  -0.2636  +0.3867  +1.0000
   2980    476005   154  +10.597    7019     82    216  +0.2062  -0.1578  +0.5361  +1.0000
   2981    476153   148   +9.809    6435     71    251  +0.1448  -0.3111  +0.5471  +1.0000
   2982    476313   160  +13.270    7940     84    239  +0.3026  +0.0840  +0.5873  +1.0000
   2983    476482   169  +10.800    7478     89    226  +0.2443  -0.0373  +0.4915  +1.0000
   2984    476640   158  +11.600    6993     77    310  +0.1840  -0.1645  +0.5020  +1.0000
   2985    476805   165  +12.435    7998     92    225  +0.3093  +0.0992  +0.6040  +1.0000
   2986    476965   160   +9.707    7074     83    246  +0.2050  -0.1432  +0.5316  +1.0000
   2987    477138   173  +13.645    8015     90    256  +0.2974  +0.1037  +0.5226  +1.0000
   2988    477302   164  +16.110    8699     95    260  +0.3758  +0.2831  +0.6198  +1.0000
   2989    477456   154  +11.604    7124     75    260  +0.2207  -0.1303  +0.6236  +1.0000
   2990    477616   160  +13.987    7856     88    272  +0.2804  +0.0619  +0.5373  +1.0000
   2991    477776   160   +9.505    6853     76    239  +0.1832  -0.2013  +0.4956  +1.0000
   2992    477939   163  +13.062    8058     91    221  +0.3144  +0.1149  +0.5793  +1.0000
   2993    478099   160   +9.918    7465     90    219  +0.2485  -0.0406  +0.5330  +1.0000
   2994    478253   154  +12.084    7637     84    232  +0.2689  +0.0045  +0.5533  +1.0000
   2995    478411   158   +8.567    6289     75    283  +0.0745  -0.3493  +0.0821  +1.0000
   2996    478572   161   +9.946    6532     74    255  +0.1537  -0.2856  +0.5608  +1.0000
   2997    478738   166  +11.170    6895     77    241  +0.1946  -0.1904  +0.5771  +1.0000
   2998    478898   160  +12.939    7988    103    257  +0.2411  +0.0967  +0.2449  +0.9363
   2999    479053   155  +12.264    7493     83    253  +0.2470  -0.0333  +0.5228  +1.0000
   3000    479212   159  +10.992    7545     79    244  +0.2604  -0.0197  +0.5657  +1.0000

  ── rolling mean (last 100 ep) ──  cum_R=+11.041  yield=7174 kg/ha  N=79  W=237 mm  R_seas=+0.2159  R_ane=+0.9912

   3001    479377   165   +8.698    7034     89    220  +0.1833  -0.1537  +0.3859  +0.9817
   3002    479541   164  +11.045    7443     93    215  +0.2456  -0.0464  +0.5349  +1.0000
   3003    479710   169   +9.925    7086     74    206  +0.2277  -0.1403  +0.6214  +1.0000
   3004    479867   157  +10.339    7211     89    249  +0.2009  -0.1074  +0.3837  +1.0000
   3005    480031   164  +11.626    7704     94    234  +0.2607  +0.0221  +0.4582  +1.0000
   3006    480185   154  +12.394    7288     70    271  +0.2513  -0.0871  +0.7539  +1.0000
   3007    480344   159  +12.087    7372     85    268  +0.2355  -0.0650  +0.5779  +1.0000
   3008    480502   158  +11.381    6808     87    291  +0.1355  -0.2130  +0.3501  +0.9579
   3009    480659   157  +11.175    7460     86    252  +0.2419  -0.0420  +0.5234  +1.0000
   3010    480817   158  +10.890    7402     89    258  +0.2356  -0.0571  +0.5428  +1.0000
   3011    480982   165  +10.728    7563     94    220  +0.2518  -0.0150  +0.4866  +1.0000
   3012    481147   165  +11.577    8056     96    223  +0.3041  +0.1144  +0.5086  +1.0000
   3013    481307   160  +14.566    7933     84    286  +0.2856  +0.0821  +0.5182  +1.0000
   3014    481463   156  +13.156    7799     89    251  +0.2771  +0.0470  +0.5293  +1.0000
   3015    481617   154  +10.099    7594     89    202  +0.2735  -0.0068  +0.6109  +1.0000
   3016    481772   155   +8.801    6423     87    276  +0.0390  -0.3142  +0.0701  +0.8537
   3017    481933   161  +12.264    7347     83    256  +0.2326  -0.0718  +0.5396  +1.0000
   3018    482090   157  +12.165    7893     98    221  +0.2837  +0.0715  +0.4836  +1.0000
   3019    482256   166  +13.581    8195    102    280  +0.2923  +0.1510  +0.3943  +0.9994
   3020    482415   159  +13.140    7730     76    258  +0.2883  +0.0289  +0.6618  +1.0000
   3021    482572   157  +12.249    7198     71    317  +0.2042  -0.1108  +0.4722  +1.0000
   3022    482730   158  +11.841    7664     90    216  +0.2738  +0.0115  +0.5741  +1.0000
   3023    482889   159  +10.779    7119     85    268  +0.2031  -0.1314  +0.5185  +1.0000
   3024    483046   157   +7.782    6684     90    208  +0.0894  -0.2455  +0.1944  +0.8499
   3025    483204   158   +9.863    6313     62    339  +0.0770  -0.3431  +0.1316  +1.0000
   3026    483364   160  +10.523    7156     86    293  +0.1706  -0.1218  +0.2120  +1.0000
   3027    483522   158  +11.774    7700     94    228  +0.2638  +0.0210  +0.4803  +1.0000
   3028    483682   160  +12.393    7591     84    300  +0.2584  -0.0076  +0.6375  +1.0000
   3029    483838   156  +10.127    6829     77    230  +0.1925  -0.2077  +0.6024  +1.0000
   3030    483997   159  +13.588    7376     86    273  +0.2226  -0.0640  +0.4612  +1.0000
   3031    484156   159   +9.386    6722     69    238  +0.1782  -0.2358  +0.5447  +1.0000
   3032    484322   166  +12.390    7775     86    258  +0.2711  +0.0406  +0.4961  +1.0000
   3033    484482   160  +10.489    6576     70    269  +0.1610  -0.2741  +0.5970  +1.0000
   3034    484640   158   +8.107    6383     72    200  +0.1546  -0.3247  +0.6069  +1.0000
   3035    484796   156  +10.448    6952     73    266  +0.1994  -0.1752  +0.5893  +1.0000
   3036    484950   154  +12.821    7624     77    238  +0.2764  +0.0011  +0.6186  +1.0000
   3037    485110   160  +13.246    7717     86    275  +0.2738  +0.0255  +0.6145  +1.0000
   3038    485269   159   +7.469    6221     85    270  +0.0131  -0.3673  +0.0774  +0.8293
   3039    485434   165  +13.377    7829     92    338  +0.2530  +0.0548  +0.4449  +1.0000
   3040    485592   158  +13.373    8408     94    244  +0.3421  +0.2068  +0.5508  +1.0000
   3041    485753   161  +14.081    8403     90    276  +0.3390  +0.2056  +0.5697  +1.0000
   3042    485912   159  +11.229    7304     80    236  +0.2404  -0.0828  +0.6101  +1.0000
   3043    486078   166  +12.842    8216     93    243  +0.3254  +0.1565  +0.5764  +1.0000
   3044    486237   159  +10.311    7513     88    212  +0.2668  -0.0281  +0.6450  +1.0000
   3045    486394   157  +11.574    7338     82    258  +0.2405  -0.0740  +0.6266  +1.0000
   3046    486552   158  +11.048    7315     84    241  +0.2256  -0.0802  +0.4768  +1.0000
   3047    486709   157   +8.248    6946     81    210  +0.1978  -0.1769  +0.5098  +1.0000
   3048    486863   154   +9.566    7031     71    196  +0.2196  -0.1546  +0.5587  +1.0000
   3049    487022   159  +10.971    7707     85    213  +0.2781  +0.0227  +0.5414  +1.0000
   3050    487183   161  +12.568    7651     87    269  +0.2590  +0.0082  +0.5300  +1.0000
   3051    487347   164  +11.378    7193     73    268  +0.2122  -0.1121  +0.4731  +1.0000
   3052    487506   159  +12.937    8273     96    242  +0.3254  +0.1715  +0.5314  +1.0000
   3053    487666   160  +11.356    7353     81    248  +0.2262  -0.0700  +0.4450  +1.0000
   3054    487826   160  +12.796    8047     98    244  +0.3023  +0.1122  +0.5515  +1.0000
   3055    487988   162  +14.149    7542     77    292  +0.2623  -0.0203  +0.6711  +1.0000
   3056    488155   167  +11.688    7722     91    263  +0.2671  +0.0269  +0.5432  +1.0000
   3057    488316   161  +13.542    8256     85    246  +0.3462  +0.1671  +0.7118  +1.0000
   3058    488476   160  +12.280    8088     97    247  +0.3087  +0.1228  +0.5761  +1.0000
   3059    488639   163  +12.336    7445     86    282  +0.2323  -0.0460  +0.5031  +1.0000
   3060    488805   166  +12.524    7746     90    257  +0.2751  +0.0330  +0.5801  +1.0000
   3061    488964   159   +9.715    7289     87    194  +0.2401  -0.0868  +0.5709  +1.0000
   3062    489118   154   +8.209    6178     76    255  +0.0789  -0.3784  +0.1912  +1.0000
   3063    489281   163  +11.427    7494     84    242  +0.2635  -0.0330  +0.6700  +1.0000
   3064    489448   167  +12.470    7547     95    278  +0.2141  -0.0191  +0.2869  +0.9875
   3065    489608   160   +9.728    7137     97    258  +0.1265  -0.1268  +0.2470  +0.8421
   3066    489765   157   +8.733    6539     84    253  +0.0924  -0.2837  +0.1513  +0.9444
   3067    489925   160  +13.853    8361    100    238  +0.3377  +0.1944  +0.5728  +1.0000
   3068    490086   161  +11.551    7807     94    248  +0.2825  +0.0491  +0.5928  +1.0000
   3069    490244   158  +10.743    7064     78    247  +0.2129  -0.1460  +0.5952  +1.0000
   3070    490403   159  +11.861    7564     87    289  +0.2472  -0.0147  +0.5460  +1.0000
   3071    490564   161  +13.148    8049     91    251  +0.3056  +0.1125  +0.5642  +1.0000
   3072    490722   158  +11.200    7387     80    255  +0.2371  -0.0612  +0.5244  +1.0000
   3073    490879   157  +11.439    6853     69    275  +0.1935  -0.2014  +0.6356  +1.0000
   3074    491040   161  +12.354    8147     96    246  +0.3166  +0.1384  +0.5850  +1.0000
   3075    491195   155  +10.444    7794     86    206  +0.2897  +0.0456  +0.5565  +1.0000
   3076    491355   160  +10.231    7152     75    190  +0.2419  -0.1228  +0.6656  +1.0000
   3077    491519   164   +8.460    6728     87    242  +0.1349  -0.2340  +0.4129  +0.9302
   3078    491680   161  +12.710    7703     85    270  +0.2646  +0.0218  +0.5252  +1.0000
   3079    491843   163  +12.663    7908     93    253  +0.2891  +0.0756  +0.5587  +1.0000
   3080    491997   154  +12.482    7305     78    293  +0.2289  -0.0826  +0.5975  +1.0000
   3081    492158   161  +12.490    8016     96    254  +0.2755  +0.1039  +0.3265  +1.0000
   3082    492318   160  +12.568    7858     86    235  +0.2916  +0.0625  +0.5648  +1.0000
   3083    492473   155  +13.706    7720     86    301  +0.2653  +0.0262  +0.5789  +1.0000
   3084    492634   161  +11.126    7838    102    233  +0.2354  +0.0573  +0.3490  +0.9172
   3085    492797   163  +10.704    7276     90    244  +0.2309  -0.0904  +0.6102  +1.0000
   3086    492956   159  +11.089    7601     88    218  +0.2794  -0.0050  +0.6940  +1.0000
   3087    493116   160  +10.533    7903    101    193  +0.2688  +0.0743  +0.3912  +0.9634
   3088    493271   155  +11.208    8065     91    226  +0.3192  +0.1167  +0.6332  +1.0000
   3089    493429   158   +9.014    6716     81    244  +0.1666  -0.2374  +0.5084  +1.0000
   3090    493592   163  +13.067    8437     94    238  +0.3513  +0.2145  +0.5986  +1.0000
   3091    493752   160  +10.158    6729     77    247  +0.1637  -0.2339  +0.4505  +1.0000
   3092    493910   158   +9.524    7099     87    214  +0.2128  -0.1368  +0.5388  +1.0000
   3093    494069   159  +12.034    7428     84    277  +0.2474  -0.0503  +0.6472  +1.0000
   3094    494224   155  +13.292    8553    101    305  +0.3366  +0.2449  +0.5005  +1.0000
   3095    494387   163  +11.141    8267    106    222  +0.3048  +0.1697  +0.4832  +0.9531
   3096    494541   154  +11.598    7715     86    272  +0.2649  +0.0249  +0.5231  +1.0000
   3097    494702   161  +12.371    7723     93    275  +0.2413  +0.0269  +0.3208  +1.0000
   3098    494858   156   +8.928    6905     90    247  +0.1265  -0.1878  +0.1934  +0.9222
   3099    495023   165   +8.694    7604    100    208  +0.2156  -0.0043  +0.3942  +0.8988
   3100    495183   160  +14.677    8268     97    285  +0.3207  +0.1701  +0.5804  +1.0000

  ── rolling mean (last 100 ep) ──  cum_R=+11.404  yield=7480 kg/ha  N=87  W=251 mm  R_seas=+0.2389  R_ane=+0.9883

   3101    495342   159  +13.678    7834     79    305  +0.2821  +0.0561  +0.6020  +1.0000
   3102    495502   160  +10.056    6459     74    268  +0.1462  -0.3048  +0.5849  +1.0000
   3103    495662   160  +12.809    7631     90    308  +0.2447  +0.0029  +0.5016  +1.0000
   3104    495817   155  +13.414    8099     92    233  +0.3180  +0.1257  +0.6037  +1.0000
   3105    495976   159  +11.388    8225     98    213  +0.3281  +0.1588  +0.5620  +1.0000
   3106    496141   165  +14.164    8588    103    290  +0.3424  +0.2541  +0.5026  +1.0000
   3107    496301   160  +14.511    8692    104    299  +0.3474  +0.2815  +0.4627  +1.0000
   3108    496462   161  +12.719    8620    115    264  +0.3043  +0.2623  +0.4546  +0.8800
   3109    496628   166  +12.749    8385     96    264  +0.3329  +0.2008  +0.5341  +1.0000
   3110    496789   161  +12.874    8296     99    241  +0.3265  +0.1774  +0.5311  +1.0000
   3111    496951   162  +11.747    7532     89    228  +0.2579  -0.0232  +0.5724  +1.0000
   3112    497114   163   +9.125    7882    110    232  +0.2031  +0.0687  +0.3837  +0.7949
   3113    497276   162  +10.950    7756     94    232  +0.2764  +0.0358  +0.5540  +1.0000
   3114    497434   158  +14.283    8552     98    265  +0.3570  +0.2446  +0.6126  +1.0000
   3115    497593   159  +10.498    7684     83    194  +0.2884  +0.0169  +0.6196  +1.0000
   3116    497760   167  +11.836    7999    100    236  +0.2973  +0.0994  +0.5454  +1.0000
   3117    497921   161   +9.932    7615    100    251  +0.2011  -0.0012  +0.3260  +0.8975
   3118    498079   158  +12.046    7769     90    230  +0.2817  +0.0390  +0.5694  +1.0000
   3119    498236   157  +10.089    6577     68    254  +0.1658  -0.2738  +0.6005  +1.0000
   3120    498396   160  +13.673    7956     89    283  +0.2896  +0.0882  +0.5543  +1.0000
   3121    498559   163  +11.009    7592     93    218  +0.2711  -0.0073  +0.6410  +1.0000
   3122    498717   158   +8.833    7322     90    224  +0.2166  -0.0783  +0.3778  +1.0000
   3123    498872   155  +12.012    7514     76    235  +0.2697  -0.0277  +0.6606  +1.0000
   3124    499035   163  +12.345    8655    108    228  +0.3524  +0.2717  +0.4462  +0.9963
   3125    499191   156  +11.475    7716     85    232  +0.2861  +0.0251  +0.6499  +1.0000
   3126    499352   161   +9.209    6920     90    246  +0.1347  -0.1837  +0.2813  +0.9150
   3127    499514   162  +15.520    8975    113    283  +0.3794  +0.3557  +0.5212  +0.9926
   3128    499675   161  +13.334    8275     98    233  +0.3312  +0.1718  +0.5793  +1.0000
   3129    499834   159  +12.527    7878     90    244  +0.2865  +0.0677  +0.5344  +1.0000
   3130    499995   161  +12.839    7736     91    279  +0.2620  +0.0306  +0.5112  +1.0000
   3131    500157   162  +12.447    7115     82    312  +0.1870  -0.1325  +0.4362  +1.0000
   3132    500322   165  +10.626    7356     84    254  +0.2408  -0.0694  +0.6116  +1.0000
   3133    500483   161  +12.563    8019     94    247  +0.3011  +0.1046  +0.5548  +1.0000
   3134    500644   161  +10.244    7616     97    211  +0.2524  -0.0010  +0.5390  +0.9652
   3135    500800   156  +13.752    7926     90    291  +0.2783  +0.0805  +0.4907  +1.0000
   3136    500964   164   +9.897    6793     84    247  +0.1553  -0.2170  +0.3363  +1.0000
   3137    501125   161  +12.963    8425    101    270  +0.3301  +0.2113  +0.5009  +1.0000
   3138    501286   161  +10.034    7486     89    216  +0.2586  -0.0353  +0.6050  +1.0000
   3139    501445   159  +10.675    7301     90    198  +0.2529  -0.0837  +0.7119  +1.0000
   3140    501605   160  +15.522    8725    104    298  +0.3583  +0.2900  +0.5370  +1.0000
   3141    501766   161  +15.456    8158     97    309  +0.2866  +0.1411  +0.4049  +1.0000
   3142    501923   157  +11.658    7268     85    265  +0.2321  -0.0925  +0.6454  +1.0000
   3143    502081   158   +9.669    7592     95    190  +0.2635  -0.0075  +0.5252  +0.9983
   3144    502239   158  +12.053    7525     92    239  +0.2413  -0.0250  +0.4497  +1.0000
   3145    502400   161  +11.163    8207    106    215  +0.3004  +0.1540  +0.5172  +0.9427
   3146    502559   159  +13.034    7930     92    253  +0.2873  +0.0815  +0.5109  +1.0000
   3147    502715   156  +12.636    7862     92    262  +0.2793  +0.0634  +0.5211  +1.0000
   3148    502875   160  +11.114    7633     95    248  +0.2567  +0.0035  +0.5249  +1.0000
   3149    503042   167  +14.599    8264     92    322  +0.3118  +0.1691  +0.5466  +1.0000
   3150    503205   163  +12.385    7744     92    282  +0.2668  +0.0326  +0.5633  +1.0000
   3151    503360   155  +10.847    7434     88    204  +0.2539  -0.0487  +0.5804  +1.0000
   3152    503521   161  +14.225    8614    103    258  +0.3486  +0.2610  +0.4745  +1.0000
   3153    503682   161  +10.809    7185     83    247  +0.2128  -0.1142  +0.4940  +1.0000
   3154    503846   164  +12.862    8739    111    255  +0.3458  +0.2938  +0.4555  +0.9642
   3155    504009   163  +16.552    8621     97    307  +0.3493  +0.2627  +0.5434  +1.0000
   3156    504168   159  +12.329    7916     97    230  +0.2877  +0.0776  +0.5132  +1.0000
   3157    504329   161  +14.568    8483     91    310  +0.3415  +0.2265  +0.5864  +1.0000
   3158    504493   164  +12.326    7726     89    258  +0.2662  +0.0279  +0.5095  +1.0000
   3159    504648   155  +10.373    7860     93    208  +0.2957  +0.0630  +0.5844  +1.0000
   3160    504811   163   +8.466    7415    113    280  +0.0544  -0.0538  -0.0394  +0.6408
   3161    504971   160  +12.100    8465    109    212  +0.3242  +0.2217  +0.5115  +0.9379
   3162    505131   160  +13.294    8257     91    257  +0.3114  +0.1671  +0.4150  +1.0000
   3163    505298   167   +9.871    7471    100    220  +0.2016  -0.0391  +0.4762  +0.8780
   3164    505455   157  +11.587    7872     93    224  +0.2966  +0.0662  +0.6160  +1.0000
   3165    505618   163  +13.800    8496    108    264  +0.3365  +0.2299  +0.5890  +0.9744
   3166    505781   163  +13.660    8025     94    312  +0.2797  +0.1063  +0.4641  +1.0000
   3167    505943   162   +9.909    8103    105    186  +0.2902  +0.1268  +0.4976  +0.9308
   3168    506108   165  +11.247    8399    110    240  +0.2914  +0.2044  +0.4049  +0.9074
   3169    506267   159  +13.520    8770    108    276  +0.3643  +0.3018  +0.5282  +1.0000
   3170    506425   158  +10.972    7952     97    220  +0.2939  +0.0872  +0.5139  +1.0000
   3171    506583   158  +13.901    8114     98    299  +0.2985  +0.1296  +0.5528  +1.0000
   3172    506750   167  +14.354    8198     98    301  +0.3084  +0.1518  +0.5690  +1.0000
   3173    506911   161  +15.934    9088    115    248  +0.3779  +0.3854  +0.4010  +0.9699
   3174    507069   158  +11.208    7604     86    256  +0.2573  -0.0042  +0.5313  +1.0000
   3175    507232   163  +14.063    8574     95    270  +0.3587  +0.2505  +0.6003  +1.0000
   3176    507397   165  +11.650    7815     98    215  +0.2893  +0.0511  +0.6070  +1.0000
   3177    507556   159  +10.996    7742     92    230  +0.2737  +0.0319  +0.5281  +1.0000
   3178    507720   164  +13.926    8269    100    274  +0.3165  +0.1704  +0.5303  +1.0000
   3179    507878   158  +12.239    7478     95    328  +0.2123  -0.0373  +0.5081  +0.9649
   3180    508041   163  +10.257    7511     94    223  +0.2423  -0.0287  +0.4645  +0.9964
   3181    508212   171  +12.010    7964     93    245  +0.2913  +0.0904  +0.5063  +1.0000
   3182    508371   159  +10.831    7892     96    202  +0.2939  +0.0713  +0.5393  +1.0000
   3183    508530   159  +10.380    7758    102    240  +0.2325  +0.0361  +0.4857  +0.8958
   3184    508682   152  +11.483    8289     99    234  +0.3310  +0.1757  +0.5719  +1.0000
   3185    508843   161  +10.350    7388     91    248  +0.2261  -0.0610  +0.4560  +1.0000
   3186    509003   160   +8.510    7428    104    254  +0.1400  -0.0503  +0.2776  +0.7840
   3187    509160   157  +11.499    7794     92    226  +0.2826  +0.0458  +0.5577  +1.0000
   3188    509317   157  +13.596    8141     99    308  +0.2941  +0.1367  +0.5073  +1.0000
   3189    509480   163  +11.396    8050     98    224  +0.3126  +0.1130  +0.6108  +1.0000
   3190    509642   162   +8.215    7575    106    204  +0.1896  -0.0117  +0.4954  +0.7946
   3191    509805   163   +9.243    7577     97    166  +0.2604  -0.0112  +0.6087  +0.9520
   3192    509958   153  +14.916    8208     91    326  +0.3073  +0.1543  +0.5623  +1.0000
   3193    510121   163  +12.869    8598    108    258  +0.3445  +0.2567  +0.5093  +0.9882
   3194    510288   167  +12.221    7923     97    251  +0.2938  +0.0795  +0.6060  +1.0000
   3195    510445   157   +9.798    7300     92    202  +0.2349  -0.0841  +0.5614  +0.9950
   3196    510610   165   +7.367    6473     96    312  -0.0078  -0.3010  +0.1538  +0.6917
   3197    510769   159  +10.451    7572     95    203  +0.2636  -0.0125  +0.6167  +0.9844
   3198    510926   157  +13.169    8340     96    249  +0.3211  +0.1889  +0.4330  +1.0000
   3199    511088   162  +11.754    8506    114    255  +0.2990  +0.2326  +0.5171  +0.8733
   3200    511244   156   +8.964    6846     95    294  +0.0634  -0.2032  +0.1207  +0.7968

  ── rolling mean (last 100 ep) ──  cum_R=+11.950  yield=7895 kg/ha  N=96  W=252 mm  R_seas=+0.2738  R_ane=+0.9730

   3201    511402   158   +9.610    7588    102    253  +0.1961  -0.0084  +0.4280  +0.8607
   3202    511559   157  +13.238    8309     93    223  +0.3502  +0.1809  +0.6900  +1.0000
   3203    511716   157  +12.028    7820     83    233  +0.2880  +0.0525  +0.5518  +1.0000
   3204    511879   163  +15.352    8590    107    280  +0.3456  +0.2547  +0.5331  +1.0000
   3205    512036   157  +11.438    7702     93    281  +0.2555  +0.0214  +0.4953  +1.0000
   3206    512195   159  +17.634    9504    121    286  +0.4232  +0.4945  +0.5358  +0.9653
   3207    512353   158  +12.851    8070     92    276  +0.3042  +0.1182  +0.5824  +1.0000
   3208    512517   164  +14.735    8110     94    322  +0.2955  +0.1286  +0.5533  +1.0000
   3209    512674   157  +11.767    7648     93    273  +0.2571  +0.0073  +0.5521  +1.0000
   3210    512837   163  +10.990    7615    100    268  +0.2007  -0.0013  +0.3666  +0.8948
   3211    512993   156  +12.848    7710     93    270  +0.2551  +0.0237  +0.4604  +1.0000
   3212    513152   159  +13.258    8227     98    259  +0.3146  +0.1593  +0.5162  +1.0000
   3213    513314   162  +11.850    7910     95    267  +0.2775  +0.0760  +0.4812  +1.0000
   3214    513464   150  +10.110    7087     78    235  +0.2251  -0.1399  +0.6687  +1.0000
   3215    513621   157  +13.123    8595     97    254  +0.3673  +0.2559  +0.6427  +1.0000
   3216    513782   161  +10.507    7603     94    215  +0.2577  -0.0045  +0.4932  +1.0000
   3217    513941   159  +14.009    8070     97    324  +0.2819  +0.1182  +0.4803  +1.0000
   3218    514103   162  +12.632    8155     92    266  +0.3184  +0.1403  +0.6184  +1.0000
   3219    514271   168  +14.608    8474    104    284  +0.3403  +0.2242  +0.5969  +1.0000
   3220    514433   162  +12.253    8337    104    253  +0.3179  +0.1883  +0.4507  +1.0000
   3221    514593   160  +10.488    7631     87    211  +0.2717  +0.0028  +0.5632  +1.0000
   3222    514755   162  +12.055    7241     95    316  +0.1248  -0.0996  +0.0106  +0.9133
   3223    514916   161  +13.324    8102     93    265  +0.3071  +0.1264  +0.5586  +1.0000
   3224    515080   164  +13.252    8118     97    270  +0.3011  +0.1308  +0.5122  +1.0000
   3225    515243   163  +12.177    8273    102    244  +0.3178  +0.1714  +0.4878  +1.0000
   3226    515402   159  +14.477    8718    108    275  +0.3582  +0.2883  +0.5192  +1.0000
   3227    515562   160  +10.739    8009     98    250  +0.2902  +0.1021  +0.4814  +1.0000
   3228    515726   164  +15.025    8664    109    268  +0.3562  +0.2740  +0.5800  +0.9885
   3229    515887   161  +12.102    7523     93    292  +0.2318  -0.0254  +0.4657  +1.0000
   3230    516047   160  +14.075    8484     98    272  +0.3532  +0.2267  +0.6563  +1.0000
   3231    516209   162  +14.088    8024     96    295  +0.2871  +0.1062  +0.5193  +1.0000
   3232    516376   167   +8.358    7361    108    233  +0.1124  -0.0680  +0.2899  +0.7041
   3233    516534   158  +12.327    7794     91    264  +0.2806  +0.0456  +0.6062  +1.0000
   3234    516693   159  +12.192    7773     98    220  +0.2749  +0.0402  +0.5431  +0.9907
   3235    516852   159  +10.893    7806     94    215  +0.2931  +0.0488  +0.6370  +1.0000
   3236    517012   160  +10.755    7926    100    249  +0.2802  +0.0802  +0.5204  +0.9858
   3237    517175   163  +13.941    8379    104    297  +0.3165  +0.1991  +0.4850  +1.0000
   3238    517326   151  +12.616    8010     92    280  +0.2991  +0.1024  +0.6024  +1.0000
   3239    517487   161   +9.889    7356     94    215  +0.2309  -0.0693  +0.6166  +0.9563
   3240    517647   160  +14.698    8908    103    257  +0.3936  +0.3381  +0.6113  +1.0000
   3241    517809   162  +14.353    8713    101    291  +0.3558  +0.2869  +0.4976  +1.0000
   3242    517971   162   +9.581    7143     96    281  +0.1310  -0.1251  +0.2980  +0.8521
   3243    518133   162   +8.348    7171     91    207  +0.2135  -0.1179  +0.5776  +0.9663
   3244    518293   160  +12.594    8000     97    286  +0.2976  +0.0997  +0.6328  +1.0000
   3245    518450   157  +11.847    7899    101    263  +0.2463  +0.0731  +0.3378  +0.9548
   3246    518611   161  +12.599    7944    105    302  +0.2459  +0.0850  +0.5554  +0.8974
   3247    518779   168  +15.146    8704    104    274  +0.3494  +0.2846  +0.4254  +1.0000
   3248    518936   157  +10.915    7775     98    230  +0.2748  +0.0406  +0.6064  +0.9767
   3249    519106   170  +13.865    8608    103    246  +0.3643  +0.2593  +0.6115  +1.0000
   3250    519269   163  +12.353    8564    126    273  +0.2225  +0.2478  +0.3172  +0.6975
   3251    519431   162   +9.189    7512    108    268  +0.1225  -0.0283  +0.2143  +0.7339
   3252    519595   164  +12.363    8098    101    274  +0.2951  +0.1256  +0.5037  +1.0000
   3253    519750   155  +13.895    8342     98    289  +0.3238  +0.1895  +0.5458  +1.0000
   3254    519912   162  +12.330    8326    105    258  +0.3079  +0.1854  +0.4465  +0.9779
   3255    520076   164  +18.914    9422    107    355  +0.4245  +0.4730  +0.5995  +1.0000
   3256    520234   158  +10.724    7394     91    222  +0.2360  -0.0592  +0.4990  +1.0000
   3257    520395   161  +10.142    7977    104    250  +0.2568  +0.0937  +0.4482  +0.9215
   3258    520556   161  +13.734    8160     97    274  +0.3087  +0.1417  +0.5553  +1.0000
   3259    520718   162  +13.893    8419    108    290  +0.3021  +0.2096  +0.4616  +0.9473
   3260    520872   154  +11.209    7911     91    231  +0.2792  +0.0764  +0.4028  +1.0000
   3261    521034   162  +13.122    8527    110    269  +0.3182  +0.2381  +0.5002  +0.9392
   3262    521194   160  +12.765    8220     97    278  +0.3192  +0.1573  +0.6043  +1.0000
   3263    521362   168  +13.553    8604    103    261  +0.3560  +0.2582  +0.5635  +1.0000
   3264    521518   156  +14.033    8543    109    309  +0.3169  +0.2422  +0.4797  +0.9610
   3265    521674   156  +11.101    7773    104    286  +0.2005  +0.0401  +0.3643  +0.8588
   3266    521830   156  +10.433    7716     98    250  +0.2440  +0.0252  +0.4557  +0.9589
   3267    521996   166  +12.172    7490     90    266  +0.2237  -0.0341  +0.3534  +1.0000
   3268    522150   154  +10.346    7568     97    213  +0.2449  -0.0137  +0.5683  +0.9490
   3269    522313   163  +15.104    8779    108    279  +0.3636  +0.3043  +0.5140  +1.0000
   3270    522469   156   +9.591    7080     95    253  +0.1315  -0.1416  +0.2434  +0.8721
   3271    522631   162   +9.985    8167    103    219  +0.3125  +0.1437  +0.5482  +0.9848
   3272    522792   161  +16.182    8901    108    305  +0.3745  +0.3363  +0.5501  +1.0000
   3273    522950   158  +13.158    8594    102    276  +0.3532  +0.2556  +0.5695  +1.0000
   3274    523113   163  +10.035    8128    109    242  +0.2469  +0.1335  +0.3925  +0.8581
   3275    523274   161  +12.482    8706    105    225  +0.3885  +0.2851  +0.7216  +1.0000
   3276    523439   165  +14.870    9072    100    246  +0.4158  +0.3812  +0.6235  +1.0000
   3277    523604   165  +15.004    8818    108    298  +0.3674  +0.3145  +0.5514  +1.0000
   3278    523767   163   +6.655    6925    107    264  +0.0122  -0.1825  +0.0525  +0.6203
   3279    523919   152  +14.598    8594     92    287  +0.3489  +0.2556  +0.5017  +1.0000
   3280    524083   164  +13.384    8635    118    241  +0.3035  +0.2665  +0.5760  +0.8223
   3281    524237   154  +10.671    7976     91    219  +0.3062  +0.0935  +0.5815  +1.0000
   3282    524391   154  +11.825    7735     91    309  +0.2536  +0.0303  +0.4895  +1.0000
   3283    524547   156  +10.287    7913    100    226  +0.2889  +0.0768  +0.5669  +0.9881
   3284    524699   152  +13.686    8661     97    282  +0.3692  +0.2731  +0.6499  +1.0000
   3285    524860   161  +11.075    7670     98    258  +0.2478  +0.0132  +0.5410  +0.9631
   3286    525027   167  +15.318    9423    112    258  +0.4374  +0.4733  +0.5565  +1.0000
   3287    525190   163   +5.873    7298    112    246  +0.0648  -0.0846  +0.1608  +0.6260
   3288    525353   163  +12.649    8399    108    292  +0.3005  +0.2045  +0.4702  +0.9465
   3289    525509   156  +13.558    8654    105    284  +0.3381  +0.2715  +0.3903  +1.0000
   3290    525660   151  +10.213    7975    110    275  +0.1999  +0.0932  +0.2625  +0.8206
   3291    525818   158  +12.472    8099    104    276  +0.2789  +0.1257  +0.5016  +0.9522
   3292    525979   161  +14.853    8244    101    352  +0.3025  +0.1639  +0.5789  +1.0000
   3293    526140   161  +14.936    8808    103    307  +0.3727  +0.3117  +0.6102  +1.0000
   3294    526296   156   +7.907    7580    110    253  +0.1348  -0.0106  +0.2796  +0.7222
   3295    526454   158  +12.671    8272    108    274  +0.2784  +0.1711  +0.4691  +0.9069
   3296    526618   164  +14.642    8896    112    314  +0.3631  +0.3349  +0.5410  +0.9798
   3297    526779   161  +11.500    7983    100    240  +0.2862  +0.0954  +0.4833  +0.9924
   3298    526938   159  +11.193    7366     94    314  +0.1907  -0.0668  +0.4106  +0.9541
   3299    527097   159  +11.770    8096    103    267  +0.2960  +0.1248  +0.5966  +0.9706
   3300    527258   161  +13.369    8335    120    329  +0.2020  +0.1876  +0.2990  +0.7422

  ── rolling mean (last 100 ep) ──  cum_R=+12.393  yield=8115 kg/ha  N=101  W=267 mm  R_seas=+0.2846  R_ane=+0.9557

   3301    527420   162  +10.847    8765    121    226  +0.3053  +0.3005  +0.4817  +0.8088
   3302    527585   165  +16.635    9255    122    365  +0.3487  +0.4293  +0.3951  +0.9042
   3303    527742   157  +15.018    8193     88    337  +0.2953  +0.1505  +0.4649  +1.0000
   3304    527901   159  +11.017    8226    120    262  +0.2063  +0.1590  +0.3824  +0.7216
   3305    528060   159  +11.857    8366    103    267  +0.3288  +0.1957  +0.5563  +1.0000
   3306    528220   160  +11.286    8678    111    227  +0.3430  +0.2776  +0.4540  +0.9580
   3307    528385   165  +14.853    8802    116    304  +0.3299  +0.3102  +0.5611  +0.8954
   3308    528544   159  +13.980    8895    102    299  +0.3663  +0.3348  +0.4315  +1.0000
   3309    528699   155  +14.907    8718    104    348  +0.3507  +0.2882  +0.5719  +1.0000
   3310    528853   154  +14.020    8311    101    286  +0.3188  +0.1814  +0.5381  +1.0000
   3311    529014   161  +14.056    7952    101    354  +0.2299  +0.0872  +0.2843  +0.9601
   3312    529172   158   +9.129    7559    108    264  +0.1358  -0.0160  +0.2520  +0.7465
   3313    529329   157  +12.133    8288    108    251  +0.3045  +0.1753  +0.6029  +0.9272
   3314    529492   163  +11.635    8388    109    232  +0.3055  +0.2016  +0.5029  +0.9188
   3315    529652   160   +9.324    7491    110    306  +0.0966  -0.0339  +0.1378  +0.7080
   3316    529817   165  +13.830    8999    112    244  +0.3937  +0.3620  +0.5373  +1.0000
   3317    529980   163  +13.305    8541    108    281  +0.3355  +0.2417  +0.5885  +0.9677
   3318    530139   159  +11.742    8212     99    241  +0.3168  +0.1553  +0.5252  +1.0000
   3319    530297   158  +13.441    8840    102    222  +0.3912  +0.3203  +0.5844  +1.0000
   3320    530459   162  +13.468    8687    117    277  +0.3036  +0.2799  +0.4740  +0.8599
   3321    530616   157  +10.700    7747     96    227  +0.2819  +0.0332  +0.6179  +1.0000
   3322    530775   159  +16.472    9216    105    286  +0.4123  +0.4189  +0.5426  +1.0000
   3323    530937   162  +13.312    8159     96    295  +0.2952  +0.1415  +0.4542  +1.0000
   3324    531097   160  +10.454    7890    110    265  +0.1838  +0.0708  +0.2550  +0.7934
   3325    531260   163   +9.606    7879    103    178  +0.2626  +0.0680  +0.5050  +0.9071
   3326    531426   166   +9.945    8093    118    265  +0.1933  +0.1241  +0.3882  +0.7221
   3327    531580   154  +14.921    8870    110    295  +0.3763  +0.3282  +0.5909  +1.0000
   3328    531736   156  +11.914    8476    112    222  +0.3157  +0.2246  +0.5957  +0.8890
   3329    531897   161  +13.565    8898    111    249  +0.3870  +0.3354  +0.5815  +1.0000
   3330    532056   159  +13.274    8195     98    268  +0.3135  +0.1510  +0.5539  +1.0000
   3331    532217   161  +18.248    9602    117    314  +0.4421  +0.5202  +0.5549  +1.0000
   3332    532373   156  +13.769    8782    115    314  +0.3153  +0.3049  +0.4003  +0.9115
   3333    532532   159  +11.676    8518    118    260  +0.2773  +0.2358  +0.5178  +0.8068
   3334    532691   159  +10.244    7828     99    215  +0.2825  +0.0546  +0.6156  +0.9726
   3335    532857   166  +12.671    7987    109    338  +0.1863  +0.0962  +0.1999  +0.8330
   3336    533020   163  +12.406    8516    102    266  +0.3398  +0.2352  +0.4976  +1.0000
   3337    533186   166  +19.329   10493    146    345  +0.4475  +0.7541  +0.4822  +0.7985
   3338    533344   158  +12.907    7618     91    322  +0.2416  -0.0005  +0.5184  +1.0000
   3339    533505   161  +15.919    9171    104    288  +0.4200  +0.4071  +0.6671  +1.0000
   3340    533662   157  +11.750    8458    103    282  +0.3408  +0.2198  +0.6057  +1.0000
   3341    533824   162   +9.381    8260    129    294  +0.1301  +0.1680  +0.0714  +0.5975
   3342    533979   155  +12.683    8680    109    262  +0.3621  +0.2782  +0.5854  +0.9968
   3343    534139   160   +9.883    7955    104    215  +0.2513  +0.0880  +0.4041  +0.9031
   3344    534304   165  +13.795    8665    113    350  +0.2944  +0.2743  +0.3462  +0.9212
   3345    534464   160  +10.475    8213    110    254  +0.2674  +0.1556  +0.4899  +0.8729
   3346    534622   158  +14.785    9153    112    246  +0.4110  +0.4024  +0.5545  +1.0000
   3347    534783   161  +12.483    8808    120    272  +0.3105  +0.3118  +0.4733  +0.8424
   3348    534940   157  +16.564    9766    134    344  +0.3807  +0.5632  +0.4280  +0.8277
   3349    535103   163  +13.249    8956    113    258  +0.3842  +0.3506  +0.5932  +0.9764
   3350    535262   159  +13.444    9326    116    270  +0.4171  +0.4478  +0.5013  +1.0000
   3351    535418   156  +16.168    9194    111    292  +0.4035  +0.4130  +0.5219  +1.0000
   3352    535574   156  +11.385    8050     98    233  +0.3126  +0.1129  +0.6297  +1.0000
   3353    535734   160  +13.437    9141    123    268  +0.3480  +0.3992  +0.4718  +0.8545
   3354    535892   158  +10.071    7717    107    308  +0.1642  +0.0255  +0.2609  +0.8098
   3355    536050   158  +12.606    8473    112    279  +0.2933  +0.2240  +0.4880  +0.8894
   3356    536213   163  +16.223   10020    138    318  +0.4135  +0.6300  +0.4824  +0.8188
   3357    536376   163  +12.728    8445    107    280  +0.3250  +0.2164  +0.5658  +0.9713
   3358    536540   164  +15.056    9219    126    284  +0.3425  +0.4197  +0.4320  +0.8365
   3359    536695   155  +10.046    7221     87    261  +0.2045  -0.1046  +0.4218  +1.0000
   3360    536859   164   +8.122    7457    112    213  +0.0865  -0.0428  +0.0556  +0.6564
   3361    537019   160  +12.162    8632    116    263  +0.3169  +0.2656  +0.6176  +0.8644
   3362    537176   157  +12.458    8425    114    278  +0.2781  +0.2113  +0.5145  +0.8491
   3363    537338   162  +14.872    8838    105    315  +0.3638  +0.3198  +0.5146  +1.0000
   3364    537500   162   +9.554    7599    125    362  +0.0083  -0.0056  -0.1042  +0.5193
   3365    537666   166  +10.406    7942    122    342  +0.1030  +0.0844  +0.1202  +0.6225
   3366    537829   163  +18.147    9642    120    355  +0.4421  +0.5308  +0.6095  +1.0000
   3367    537988   159  +13.850    8875    120    288  +0.3298  +0.3294  +0.5958  +0.8532
   3368    538148   160   +8.500    7337    105    264  +0.1169  -0.0743  +0.2618  +0.7521
   3369    538309   161  +14.568    9229    115    278  +0.4004  +0.4222  +0.4472  +1.0000
   3370    538462   153  +12.064    8328    111    273  +0.2804  +0.1857  +0.5168  +0.8812
   3371    538622   160  +19.412   10474    141    338  +0.4651  +0.7492  +0.4527  +0.8605
   3372    538785   163  +12.284    8576    113    238  +0.3137  +0.2509  +0.4970  +0.8926
   3373    538949   164  +12.975    8090     94    285  +0.3070  +0.1233  +0.6185  +1.0000
   3374    539107   158  +12.327    8501    114    308  +0.2816  +0.2312  +0.5083  +0.8570
   3375    539267   160  +18.147    9717    123    319  +0.4327  +0.5504  +0.4568  +0.9742
   3376    539427   160   +6.298    7430    141    294  -0.0767  -0.0499  -0.2357  +0.3199
   3377    539587   160  +14.077    9196    125    280  +0.3463  +0.4137  +0.4648  +0.8428
   3378    539742   155  +15.565    9274    116    309  +0.4076  +0.4343  +0.5464  +0.9971
   3379    539903   161  +16.324    9424    122    307  +0.3978  +0.4734  +0.5165  +0.9305
   3380    540070   167  +10.807    8648    119    228  +0.2924  +0.2699  +0.4292  +0.8212
   3381    540228   158  +13.590    8257    103    328  +0.3064  +0.1672  +0.5658  +1.0000
   3382    540394   166  +13.498    8882    130    307  +0.2423  +0.3313  +0.2214  +0.7129
   3383    540553   159  +11.606    8469    110    257  +0.3190  +0.2229  +0.5625  +0.9324
   3384    540716   163   +9.923    7209    100    292  +0.1215  -0.1079  +0.3078  +0.8074
   3385    540882   166  +11.969    8317    107    252  +0.3077  +0.1828  +0.5430  +0.9470
   3386    541037   155   +9.075    8017    115    253  +0.1923  +0.1043  +0.3744  +0.7380
   3387    541194   157  +12.414    8584    112    295  +0.3117  +0.2531  +0.5145  +0.9138
   3388    541352   158  +14.226    9370    115    276  +0.4205  +0.4595  +0.4940  +1.0000
   3389    541507   155  +11.497    8148    106    268  +0.2605  +0.1386  +0.3724  +0.9156
   3390    541664   157  +15.727    9828    132    264  +0.4277  +0.5795  +0.5688  +0.8592
   3391    541829   165   +8.144    7817    127    306  +0.0529  +0.0518  -0.0492  +0.5394
   3392    541990   161  +12.120    8731    115    223  +0.3426  +0.2916  +0.5760  +0.9015
   3393    542149   159  +13.392    8938    122    310  +0.3142  +0.3460  +0.4666  +0.8396
   3394    542305   156  +12.620    8100     93    299  +0.2983  +0.1260  +0.5412  +1.0000
   3395    542473   168  +14.077    8911    123    353  +0.2779  +0.3388  +0.3162  +0.8095
   3396    542636   163  +12.842    8769    116    237  +0.3299  +0.3017  +0.4606  +0.8949
   3397    542798   162  +11.624    8505    118    318  +0.2352  +0.2323  +0.2679  +0.7944
   3398    542955   157  +12.869    8679    118    314  +0.2785  +0.2780  +0.3811  +0.8369
   3399    543114   159   +9.935    8020    106    208  +0.2592  +0.1049  +0.4300  +0.8958
   3400    543276   162  +14.596    9355    116    269  +0.4228  +0.4555  +0.5235  +1.0000

  ── rolling mean (last 100 ep) ──  cum_R=+12.827  yield=8574 kg/ha  N=112  W=281 mm  R_seas=+0.2995  R_ane=+0.8896

   3401    543431   155  +13.808    9160    125    262  +0.3415  +0.4042  +0.4343  +0.8371
   3402    543593   162  +14.555    9461    123    296  +0.4004  +0.4832  +0.5145  +0.9214
   3403    543756   163  +18.391    9935    144    347  +0.3554  +0.6076  +0.3816  +0.7194
   3404    543918   162   +9.126    7467    104    270  +0.1286  -0.0402  +0.1149  +0.7974
   3405    544076   158   +8.192    7447    107    236  +0.1225  -0.0454  +0.1953  +0.7394
   3406    544234   158  +13.778    9018    113    274  +0.3854  +0.3670  +0.4967  +1.0000
   3407    544391   157  +11.057    8209    111    239  +0.2648  +0.1547  +0.5071  +0.8512
   3408    544546   155   +9.987    8827    121    225  +0.3128  +0.3167  +0.4380  +0.8258
   3409    544711   165  +13.982    8953    121    291  +0.3185  +0.3499  +0.4088  +0.8541
   3410    544874   163   +8.221    7165    108    275  +0.0587  -0.1194  +0.1766  +0.6590
   3411    545039   165  +13.072    7943    104    388  +0.2189  +0.0849  +0.4017  +0.9144
   3412    545202   163  +13.654    9585    128    247  +0.4022  +0.5158  +0.4921  +0.8678
   3413    545366   164  +18.361    9796    118    334  +0.4560  +0.5711  +0.5325  +1.0000
   3414    545518   152  +14.454    8530    106    275  +0.3358  +0.2388  +0.4855  +1.0000
   3415    545680   162  +15.802    9898    134    296  +0.4155  +0.5978  +0.4906  +0.8452
   3416    545837   157  +15.559    9366    112    306  +0.4231  +0.4582  +0.5725  +1.0000
   3417    546002   165  +12.471    8896    116    234  +0.3540  +0.3350  +0.5060  +0.9141
   3418    546159   157  +12.533    8044    100    341  +0.2801  +0.1113  +0.5387  +1.0000
   3419    546321   162  +15.271    9467    126    321  +0.3805  +0.4847  +0.5148  +0.8750
   3420    546478   157  +11.937    7911     96    271  +0.2871  +0.0764  +0.5900  +1.0000
   3421    546637   159  +14.319    9237    120    277  +0.3819  +0.4245  +0.5298  +0.9160
   3422    546799   162  +13.527    8966    112    294  +0.3682  +0.3534  +0.4132  +1.0000
   3423    546957   158  +10.123    8220    111    234  +0.2482  +0.1574  +0.3343  +0.8473
   3424    547114   157  +14.416    9281    107    236  +0.4398  +0.4360  +0.6626  +1.0000
   3425    547272   158  +10.851    8649    122    239  +0.2786  +0.2702  +0.4732  +0.7731
   3426    547429   157  +13.371    8544    105    292  +0.3476  +0.2424  +0.6173  +1.0000
   3427    547587   158  +11.215    9082    124    252  +0.3393  +0.3836  +0.4995  +0.8276
   3428    547754   167  +13.566    9256    129    303  +0.3212  +0.4294  +0.3722  +0.7915
   3429    547919   165  +14.418    8516    104    324  +0.3312  +0.2351  +0.5422  +1.0000
   3430    548079   160  +12.504    8830    115    248  +0.3426  +0.3175  +0.4844  +0.9146
   3431    548239   160  +15.627    9012    118    354  +0.3254  +0.3654  +0.3703  +0.9070
   3432    548394   155  +15.664    8980    111    343  +0.3796  +0.3570  +0.6115  +1.0000
   3433    548560   166  +15.896    9051    109    328  +0.3859  +0.3756  +0.5591  +1.0000
   3434    548708   148  +11.793    7525     80    301  +0.2476  -0.0249  +0.5786  +1.0000
   3435    548869   161  +12.715    8433    107    252  +0.3353  +0.2133  +0.6065  +0.9771
   3436    549030   161  +13.724    9158    117    271  +0.3931  +0.4037  +0.5569  +0.9619
   3437    549187   157  +14.646    9130    109    313  +0.3915  +0.3962  +0.5036  +1.0000
   3438    549344   157  +12.316    8855    118    269  +0.3225  +0.3242  +0.4028  +0.8835
   3439    549503   159  +11.610    7995     92    267  +0.2966  +0.0984  +0.5695  +1.0000
   3440    549659   156  +12.649    8807    103    251  +0.3852  +0.3116  +0.6239  +1.0000
   3441    549820   161  +16.515    9478    118    351  +0.4130  +0.4875  +0.4717  +1.0000
   3442    549980   160  +11.854    8284    105    243  +0.3085  +0.1742  +0.4666  +0.9773
   3443    550136   156  +12.260    8359    104    265  +0.3219  +0.1940  +0.4920  +1.0000
   3444    550289   153   +5.805    6153     86    262  -0.0072  -0.3851  +0.0305  +0.7969
   3445    550443   154  +11.414    8538    113    262  +0.3076  +0.2409  +0.5207  +0.8932
   3446    550600   157  +11.944    8655    121    276  +0.2806  +0.2718  +0.4947  +0.7931
   3447    550757   157  +13.621    9162    136    309  +0.2627  +0.4046  +0.2459  +0.6867
   3448    550918   161  +14.733    8641    114    316  +0.3124  +0.2680  +0.5697  +0.8948
   3449    551080   162  +12.089    8088    101    310  +0.2771  +0.1227  +0.4220  +0.9953
   3450    551240   160  +10.964    8510    127    269  +0.2181  +0.2336  +0.3893  +0.6765
   3451    551396   156  +10.610    8533    108    248  +0.3311  +0.2397  +0.4730  +0.9720
   3452    551549   153  +14.944    8964    117    287  +0.3399  +0.3527  +0.3989  +0.9157
   3453    551705   156  +12.460    9060    116    250  +0.3748  +0.3780  +0.4811  +0.9456
   3454    551864   159  +11.944    8707    124    274  +0.2405  +0.2853  +0.1645  +0.7561
   3455    552025   161  +13.393    9571    133    313  +0.3450  +0.5120  +0.2964  +0.7990
   3456    552180   155  +11.648    8737    124    271  +0.2778  +0.2933  +0.4769  +0.7632
   3457    552341   161  +14.208    9140    117    260  +0.3883  +0.3990  +0.5537  +0.9467
   3458    552503   162  +14.203    8454    110    345  +0.2908  +0.2189  +0.5023  +0.9231
   3459    552662   159  +12.307    8610    126    323  +0.2143  +0.2600  +0.2600  +0.7063
   3460    552821   159  +12.663    8698    119    230  +0.3030  +0.2830  +0.4876  +0.8224
   3461    552977   156  +16.734    9175    101    393  +0.3903  +0.4082  +0.5623  +1.0000
   3462    553136   159  +13.585    9374    122    272  +0.3950  +0.4604  +0.5252  +0.9131
   3463    553300   164  +12.585    9273    122    285  +0.3773  +0.4339  +0.4987  +0.9058
   3464    553458   158  +12.115    8456    116    311  +0.2496  +0.2196  +0.3743  +0.8161
   3465    553623   165   +9.391    8271    126    256  +0.1677  +0.1708  +0.1984  +0.6452
   3466    553789   166  +14.679    8840    113    342  +0.3476  +0.3201  +0.5631  +0.9601
   3467    553945   156  +13.226    9473    123    254  +0.4209  +0.4863  +0.5913  +0.9310
   3468    554106   161   +8.274    8211    128    242  +0.1565  +0.1551  +0.2566  +0.6039
   3469    554266   160  +15.147    9018    106    275  +0.4024  +0.3670  +0.6346  +1.0000
   3470    554419   153  +16.104    9038    116    368  +0.3311  +0.3722  +0.2688  +0.9554
   3471    554589   170  +12.069    9174    129    281  +0.3175  +0.4079  +0.4242  +0.7759
   3472    554752   163   +8.299    7617    118    305  +0.0809  -0.0009  +0.1811  +0.6111
   3473    554912   160  +10.155    8723    119    254  +0.2975  +0.2895  +0.4016  +0.8386
   3474    555074   162  +10.496    8478    121    283  +0.2302  +0.2253  +0.3023  +0.7560
   3475    555237   163  +17.825    9860    125    338  +0.4441  +0.5879  +0.4883  +0.9682
   3476    555400   163  +15.068    9210    114    322  +0.3985  +0.4172  +0.5318  +1.0000
   3477    555556   156  +10.824    7658    104    339  +0.1733  +0.0100  +0.3737  +0.8394
   3478    555712   156   +7.657    7535    118    294  +0.0404  -0.0224  -0.1290  +0.5995
   3479    555868   156  +14.446    9064    108    319  +0.3811  +0.3790  +0.4727  +1.0000
   3480    556031   163  +17.528    9977    139    347  +0.3848  +0.6186  +0.3613  +0.7999
   3481    556187   156   +7.103    7854    120    234  +0.1329  +0.0614  +0.2325  +0.6392
   3482    556349   162  +16.057    9550    121    288  +0.4248  +0.5066  +0.4901  +0.9707
   3483    556503   154   +9.261    7531    100    278  +0.1633  -0.0233  +0.1576  +0.8752
   3484    556670   167  +12.658    9372    124    283  +0.3825  +0.4598  +0.5270  +0.8825
   3485    556829   159  +19.226   10287    132    371  +0.4748  +0.6999  +0.4982  +0.9503
   3486    556989   160  +15.233    9478    119    296  +0.4175  +0.4876  +0.4486  +0.9880
   3487    557144   155  +19.269   10977    146    334  +0.5187  +0.8811  +0.4010  +0.8857
   3488    557305   161  +12.848    8786    116    279  +0.3265  +0.3061  +0.5200  +0.8871
   3489    557462   157   +8.417    7809    119    237  +0.1365  +0.0496  +0.3025  +0.6439
   3490    557617   155  +11.334    8570    109    267  +0.3319  +0.2494  +0.5270  +0.9585
   3491    557773   156   +8.169    7653    110    280  +0.1315  +0.0086  +0.1858  +0.7353
   3492    557934   161   +9.779    8631    117    246  +0.3027  +0.2654  +0.5082  +0.8445
   3493    558096   162  +10.937    8149    122    318  +0.1546  +0.1389  +0.2275  +0.6698
   3494    558260   164  +12.055    9249    134    258  +0.3156  +0.4277  +0.4398  +0.7299
   3495    558422   162  +13.966    9629    110    240  +0.4719  +0.5272  +0.6402  +1.0000
   3496    558575   153  +13.533    9332    124    292  +0.3694  +0.4493  +0.4782  +0.8748
   3497    558734   159   +9.163    8782    128    263  +0.2431  +0.3049  +0.2370  +0.7134
   3498    558895   161  +12.813    9376    132    276  +0.3433  +0.4608  +0.4498  +0.7831
   3499    559055   160  +15.231    8944    108    294  +0.3835  +0.3476  +0.5701  +1.0000
   3500    559217   162  +13.112    8888    122    299  +0.3073  +0.3328  +0.4792  +0.8234

  ── rolling mean (last 100 ep) ──  cum_R=+12.851  yield=8782 kg/ha  N=116  W=288 mm  R_seas=+0.3122  R_ane=+0.8746

   3501    559376   159  +13.550    8713    109    266  +0.3619  +0.2868  +0.5658  +0.9948
   3502    559530   154  +15.288    9090    106    298  +0.3991  +0.3857  +0.5758  +1.0000
   3503    559689   159  +15.543    8789    112    372  +0.3240  +0.3069  +0.4133  +0.9671
   3504    559850   161  +13.079    8945    121    314  +0.2895  +0.3478  +0.1970  +0.8470
   3505    560010   160  +10.329    8092    126    345  +0.1248  +0.1239  +0.2385  +0.6105
   3506    560176   166  +12.191    9120    127    273  +0.3197  +0.3937  +0.4352  +0.7900
   3507    560334   158  +12.806    9235    117    259  +0.4005  +0.4238  +0.4778  +0.9779
   3508    560494   160  +15.973    9583    126    308  +0.4039  +0.5153  +0.5284  +0.8988
   3509    560649   155  +11.742    9313    126    280  +0.3631  +0.4443  +0.5262  +0.8403
   3510    560812   163  +11.830    8245     99    270  +0.3049  +0.1640  +0.4304  +1.0000
   3511    560975   163  +11.529    8965    123    236  +0.3290  +0.3529  +0.5133  +0.8181
   3512    561134   159   +9.610    8485    121    253  +0.2334  +0.2269  +0.2975  +0.7475
   3513    561301   167   +6.887    8140    140    240  +0.0853  +0.1364  +0.1199  +0.4550
   3514    561459   158  +15.108    9594    125    300  +0.4112  +0.5180  +0.5204  +0.9150
   3515    561619   160  +14.986    9552    125    285  +0.4105  +0.5070  +0.5556  +0.9057
   3516    561778   159  +11.738    9063    130    282  +0.2859  +0.3787  +0.3312  +0.7421
   3517    561938   160  +10.133    8228    125    308  +0.1559  +0.1597  +0.2159  +0.6481
   3518    562101   163  +12.089    8621    112    264  +0.3365  +0.2628  +0.6082  +0.9305
   3519    562258   157  +17.196   10138    132    317  +0.4677  +0.6610  +0.5631  +0.9213
   3520    562419   161  +11.748    9010    132    285  +0.2866  +0.3647  +0.5135  +0.7076
   3521    562575   156  +15.908   10151    134    308  +0.4656  +0.6642  +0.5921  +0.8970
   3522    562739   164  +19.312   10408    123    328  +0.5132  +0.7318  +0.4770  +1.0000
   3523    562893   154   +8.990    7852    107    246  +0.2127  +0.0609  +0.4265  +0.8282
   3524    563054   161  +14.654    9312    123    341  +0.3637  +0.4441  +0.4588  +0.8992
   3525    563218   164  +14.296    9254    136    346  +0.2781  +0.4290  +0.3439  +0.6984
   3526    563380   162   +9.083    8352    132    296  +0.1362  +0.1921  +0.1113  +0.5786
   3527    563549   169  +17.304   10078    127    322  +0.4755  +0.6452  +0.4902  +0.9869
   3528    563709   160  +12.403    8987    135    290  +0.2485  +0.3587  +0.3029  +0.6666
   3529    563866   157  +12.914    9214    117    223  +0.4193  +0.4183  +0.6391  +0.9701
   3530    564027   161  +14.938    9265    129    319  +0.3285  +0.4318  +0.4565  +0.7947
   3531    564189   162  +11.315    8983    127    256  +0.3048  +0.3578  +0.4734  +0.7636
   3532    564352   163  +14.022    8782    104    316  +0.3689  +0.3050  +0.6232  +1.0000
   3533    564509   157  +11.509    9213    128    260  +0.3411  +0.4180  +0.5047  +0.7985
   3534    564670   161  +11.711    8935    129    293  +0.2828  +0.3452  +0.4725  +0.7348
   3535    564832   162  +15.660    9407    121    363  +0.3781  +0.4691  +0.4217  +0.9389
   3536    564991   159  +13.726    9467    134    293  +0.3456  +0.4848  +0.4876  +0.7623
   3537    565159   168  +18.266   10018    133    346  +0.4263  +0.6293  +0.4565  +0.8820
   3538    565323   164  +16.815    9150    113    383  +0.3716  +0.4017  +0.4398  +1.0000
   3539    565488   165  +13.523    9173    126    309  +0.3233  +0.4075  +0.4100  +0.8145
   3540    565640   152   +6.808    8024    134    303  +0.0517  +0.1061  -0.1073  +0.4929
   3541    565801   161  +13.719    8757    111    331  +0.3418  +0.2984  +0.5287  +0.9712
   3542    565956   155  +13.062    8281     99    317  +0.3010  +0.1736  +0.4429  +1.0000
   3543    566114   158  +11.938    9257    132    277  +0.3253  +0.4297  +0.4654  +0.7599
   3544    566271   157  +14.434    8856    112    280  +0.3565  +0.3244  +0.4831  +0.9684
   3545    566426   155   +9.560    8246    114    274  +0.2391  +0.1644  +0.4157  +0.8116
   3546    566585   159  +17.453    9601    140    370  +0.3159  +0.5199  +0.3645  +0.7176
   3547    566754   169   +7.973    7178    109    298  +0.0278  -0.1160  -0.0764  +0.6522
   3548    566916   162  +13.350    8980    102    279  +0.3916  +0.3569  +0.5563  +1.0000
   3549    567082   166   +7.651    7185    103    271  +0.0875  -0.1142  +0.1363  +0.7500
   3550    567246   164  +11.125    9006    129    276  +0.2790  +0.3637  +0.3128  +0.7405
   3551    567409   163  +15.612   10245    140    290  +0.4411  +0.6889  +0.4494  +0.8289
   3552    567572   163  +14.878    9633    129    288  +0.3979  +0.5284  +0.4788  +0.8689
   3553    567736   164  +12.304    9574    133    270  +0.3697  +0.5128  +0.4623  +0.7964
   3554    567898   162  +12.588    9036    125    294  +0.3149  +0.3717  +0.4463  +0.8093
   3555    568059   161   +9.439    8047    130    310  +0.1037  +0.1121  +0.2063  +0.5507
   3556    568219   160  +16.967   10120    140    322  +0.4211  +0.6563  +0.4895  +0.8129
   3557    568375   156  +13.091    9513    128    274  +0.3830  +0.4969  +0.4660  +0.8550
   3558    568526   151  +11.133    8240    109    314  +0.2457  +0.1629  +0.3108  +0.8892
   3559    568688   162  +14.592    8941    123    344  +0.2794  +0.3467  +0.2554  +0.8180
   3560    568854   166  +13.024    9543    137    303  +0.3368  +0.5048  +0.4262  +0.7380
   3561    569012   158  +17.233    9668    128    335  +0.3949  +0.5375  +0.4436  +0.8885
   3562    569174   162  +12.833    9102    134    294  +0.2859  +0.3890  +0.4550  +0.7019
   3563    569333   159  +12.312    9570    137    253  +0.3440  +0.5118  +0.3537  +0.7440
   3564    569487   154  +18.576   10063    115    357  +0.4845  +0.6412  +0.5694  +1.0000
   3565    569644   157  +12.905    9269    133    334  +0.2836  +0.4328  +0.1962  +0.7468
   3566    569804   160  +16.165    8951     98    317  +0.3892  +0.3493  +0.6206  +1.0000
   3567    569964   160  +15.365    8744    103    384  +0.3472  +0.2950  +0.5745  +1.0000
   3568    570129   165  +13.817    8917    116    342  +0.3443  +0.3404  +0.5666  +0.9261
   3569    570293   164  +12.502    9316    126    280  +0.3584  +0.4452  +0.4626  +0.8443
   3570    570451   158  +14.754    9290    120    318  +0.3818  +0.4384  +0.4655  +0.9444
   3571    570613   162  +13.207    8914    117    288  +0.3474  +0.3397  +0.5574  +0.9061
   3572    570771   158  +12.271    8851    122    301  +0.2959  +0.3231  +0.4207  +0.8190
   3573    570927   156  +10.957    8239    110    276  +0.2466  +0.1624  +0.3094  +0.8697
   3574    571085   158   +9.966    8669    131    276  +0.2193  +0.2754  +0.3354  +0.6540
   3575    571247   162  +13.336    9554    130    294  +0.3802  +0.5077  +0.4736  +0.8446
   3576    571405   158  +11.841    9024    134    319  +0.2438  +0.3684  +0.2192  +0.6843
   3577    571564   159  +14.679    9085    116    292  +0.3849  +0.3846  +0.6010  +0.9578
   3578    571727   163  +14.178    9092    130    399  +0.2613  +0.3864  +0.2781  +0.7462
   3579    571883   156  +15.083    8902    110    356  +0.3563  +0.3364  +0.4812  +1.0000
   3580    572043   160  +16.182    9657    120    374  +0.4293  +0.5345  +0.5032  +1.0000
   3581    572206   163  +14.626    9661    125    287  +0.4237  +0.5358  +0.5115  +0.9276
   3582    572366   160  +12.878    8319    102    314  +0.2947  +0.1835  +0.3515  +1.0000
   3583    572526   160  +14.845    9284    140    384  +0.2390  +0.4366  +0.1508  +0.6541
   3584    572682   156  +16.129    9932    130    336  +0.4348  +0.6069  +0.4918  +0.9162
   3585    572849   167   +8.043    7992    119    285  +0.1508  +0.0976  +0.2571  +0.6753
   3586    573011   162  +13.843    9676    131    306  +0.4040  +0.5396  +0.6081  +0.8466
   3587    573167   156  +13.319    9272    112    270  +0.4251  +0.4336  +0.6172  +1.0000
   3588    573330   163  +14.192    9375    130    292  +0.3437  +0.4607  +0.4055  +0.8069
   3589    573487   157  +15.482    9940    131    335  +0.4386  +0.6088  +0.5625  +0.9033
   3590    573650   163  +14.376    8812    110    354  +0.3535  +0.3128  +0.5608  +0.9945
   3591    573808   158  +14.562    9923    122    280  +0.4838  +0.6045  +0.5908  +1.0000
   3592    573974   166   +9.609    8256    120    282  +0.2096  +0.1669  +0.4444  +0.7164
   3593    574134   160  +13.341    9122    126    274  +0.3298  +0.3944  +0.4439  +0.8175
   3594    574299   165  +11.722    8996    122    258  +0.3383  +0.3612  +0.5309  +0.8447
   3595    574461   162  +12.040    9091    128    289  +0.3036  +0.3860  +0.3665  +0.7809
   3596    574618   157  +11.446    8479    112    333  +0.2819  +0.2254  +0.4732  +0.8904
   3597    574778   160   +8.729    8615    135    293  +0.1768  +0.2611  +0.2084  +0.5925
   3598    574937   159  +10.533    8562    120    273  +0.2657  +0.2473  +0.4846  +0.7770
   3599    575098   161  +15.011   10124    155    323  +0.3422  +0.6573  +0.3087  +0.6347
   3600    575261   163  +14.569    9059    105    296  +0.3998  +0.3777  +0.6026  +1.0000

  ── rolling mean (last 100 ep) ──  cum_R=+13.179  yield=9066 kg/ha  N=123  W=303 mm  R_seas=+0.3231  R_ane=+0.8362

   3601    575423   162  +12.299    8911    120    282  +0.3124  +0.3387  +0.3837  +0.8506
   3602    575590   167  +10.587    8513    112    247  +0.3159  +0.2344  +0.5461  +0.9090
   3603    575754   164  +10.716    8814    132    297  +0.2329  +0.3135  +0.3246  +0.6686
   3604    575913   159  +14.130    9284    117    293  +0.4117  +0.4368  +0.5910  +0.9836
   3605    576071   158  +18.627    9940    141    415  +0.3523  +0.6090  +0.3205  +0.7669
   3606    576228   157  +12.836    8892    122    323  +0.2779  +0.3339  +0.2111  +0.8288
   3607    576384   156  +12.206    9334    144    331  +0.2446  +0.4499  +0.1665  +0.6207
   3608    576546   162  +11.490    9040    129    252  +0.3090  +0.3728  +0.4875  +0.7531
   3609    576701   155  +10.661    8824    123    242  +0.2950  +0.3160  +0.3969  +0.7958
   3610    576861   160  +22.185   11089    130    424  +0.5665  +0.9105  +0.5209  +1.0000
   3611    577028   167  +13.080    9260    132    317  +0.3117  +0.4305  +0.4364  +0.7512
   3612    577186   158  +13.177    8852    123    337  +0.2959  +0.3235  +0.5765  +0.7931
   3613    577339   153   +8.651    8244    113    231  +0.2532  +0.1637  +0.4431  +0.8207
   3614    577496   157  +15.694    9456    112    308  +0.4338  +0.4819  +0.5856  +1.0000
   3615    577652   156  +15.874    9198    115    355  +0.3858  +0.4143  +0.4879  +0.9993
   3616    577822   170  +14.827    9981    129    297  +0.4573  +0.6197  +0.5317  +0.9342
   3617    577978   156  +11.784    9271    128    306  +0.3402  +0.4333  +0.4636  +0.8184
   3618    578139   161  +12.656    9024    125    319  +0.2767  +0.3686  +0.1432  +0.8044
   3619    578298   159  +15.058    8965     95    338  +0.3826  +0.3530  +0.5644  +1.0000
   3620    578457   159  +12.255    9417    133    288  +0.3400  +0.4717  +0.4406  +0.7711
   3621    578619   162  +11.913    9049    125    278  +0.3211  +0.3750  +0.4511  +0.8135
   3622    578780   161  +11.646    8963    126    252  +0.2987  +0.3524  +0.4013  +0.7712
   3623    578936   156  +12.532    9322    120    275  +0.4064  +0.4466  +0.5941  +0.9439
   3624    579095   159  +15.297    9691    119    286  +0.4538  +0.5435  +0.5323  +1.0000
   3625    579251   156  +15.158    9408    126    310  +0.3767  +0.4694  +0.5185  +0.8727
   3626    579413   162  +11.367    8005    102    276  +0.2781  +0.1009  +0.5298  +0.9687
   3627    579571   158   +7.629    8115    125    250  +0.1417  +0.1300  +0.1560  +0.6224
   3628    579732   161   +9.749    8450    128    310  +0.1759  +0.2178  +0.2170  +0.6443
   3629    579888   156  +11.827    8440    111    308  +0.2887  +0.2152  +0.5052  +0.8979
   3630    580048   160  +13.493    9473    131    309  +0.3311  +0.4864  +0.2084  +0.8097
   3631    580214   166  +12.381    9438    127    254  +0.3904  +0.4771  +0.5572  +0.8598
   3632    580369   155  +16.816    9907    121    284  +0.4785  +0.6003  +0.5548  +1.0000
   3633    580530   161  +21.241   11075    131    368  +0.5806  +0.9069  +0.5689  +1.0000
   3634    580692   162  +20.642   10708    123    372  +0.5504  +0.8105  +0.6199  +1.0000
   3635    580849   157  +11.533    9352    127    262  +0.3650  +0.4545  +0.4737  +0.8390
   3636    581016   167   +8.444    7734    130    308  +0.0147  +0.0300  -0.1519  +0.4826
   3637    581174   158  +11.332    9167    122    267  +0.3551  +0.4059  +0.4372  +0.8778
   3638    581338   164  +13.256    9388    124    287  +0.3769  +0.4641  +0.4512  +0.8857
   3639    581493   155  +14.064    9092    109    271  +0.3980  +0.3864  +0.5236  +1.0000
   3640    581661   168  +15.112    9799    140    320  +0.3557  +0.5720  +0.3768  +0.7448
   3641    581826   165  +12.961    9163    122    311  +0.3647  +0.4051  +0.6029  +0.8845
   3642    581981   155  +12.785    9020    122    315  +0.3194  +0.3675  +0.4382  +0.8423
   3643    582140   159  +13.056    8570    123    388  +0.1950  +0.2495  +0.1296  +0.7380
   3644    582305   165  +13.411    9027    157    396  +0.1243  +0.3692  +0.0319  +0.4371
   3645    582467   162  +12.705    8659    120    322  +0.2715  +0.2727  +0.4795  +0.7973
   3646    582628   161  +12.992    9388    133    292  +0.3347  +0.4641  +0.4512  +0.7634
   3647    582787   159  +12.374    9742    134    289  +0.3781  +0.5570  +0.3397  +0.8201
   3648    582944   157  +12.965    8637    112    310  +0.3196  +0.2670  +0.4938  +0.9371
   3649    583102   158  +12.129    9170    132    292  +0.3091  +0.4069  +0.4757  +0.7431
   3650    583265   163  +13.271    9533    133    286  +0.3526  +0.5021  +0.3771  +0.7924
   3651    583419   154  +12.531    8918    111    298  +0.3728  +0.3408  +0.5156  +1.0000
   3652    583585   166  +15.908   10083    138    330  +0.4285  +0.6466  +0.5463  +0.8334
   3653    583743   158  +17.744   10468    143    358  +0.4603  +0.7475  +0.5409  +0.8341
   3654    583903   160  +18.381   10271    132    396  +0.4663  +0.6958  +0.5130  +0.9404
   3655    584072   169  +16.765    9998    124    316  +0.4741  +0.6243  +0.4949  +1.0000
   3656    584231   159  +14.245    9563    129    332  +0.3863  +0.5100  +0.5717  +0.8533
   3657    584388   157  +12.418    9338    123    307  +0.3742  +0.4509  +0.4539  +0.9040
   3658    584545   157  +16.448    9702    125    352  +0.4189  +0.5466  +0.5159  +0.9385
   3659    584710   165   +9.930    9016    143    252  +0.2125  +0.3664  +0.1623  +0.5725
   3660    584871   161  +12.989    9549    128    292  +0.3884  +0.5063  +0.4877  +0.8651
   3661    585039   168  +12.837    8338    117    337  +0.2069  +0.1885  +0.2467  +0.7767
   3662    585196   157  +14.478    9993    137    298  +0.4115  +0.6227  +0.4269  +0.8260
   3663    585350   154  +11.206    9028    123    233  +0.3429  +0.3695  +0.5094  +0.8402
   3664    585512   162   +9.286    8419    127    261  +0.2008  +0.2098  +0.3691  +0.6530
   3665    585673   161  +10.955    9071    126    277  +0.3145  +0.3808  +0.4076  +0.7997
   3666    585830   157  +13.693    9545    124    285  +0.4223  +0.5052  +0.5949  +0.9317
   3667    585984   154  +11.595    9077    124    286  +0.3250  +0.3825  +0.4199  +0.8306
   3668    586146   162  +15.172    9496    124    356  +0.3824  +0.4925  +0.4492  +0.9124
   3669    586307   161  +11.270    8716    127    320  +0.2083  +0.2876  +0.0744  +0.7114
   3670    586467   160  +12.334    9124    130    276  +0.3180  +0.3949  +0.5253  +0.7588
   3671    586634   167  +12.218    9848    144    264  +0.3632  +0.5847  +0.3945  +0.7153
   3672    586799   165  +13.789    9151    126    316  +0.3011  +0.4019  +0.1969  +0.8222
   3673    586960   161  +11.083    8809    132    303  +0.2159  +0.3120  +0.1864  +0.6642
   3674    587123   163  +16.861   10230    137    382  +0.4284  +0.6850  +0.4101  +0.8615
   3675    587288   165  +13.487    9626    128    279  +0.4051  +0.5266  +0.5261  +0.8728
   3676    587448   160   +8.846    8326    124    271  +0.1823  +0.1852  +0.1996  +0.6810
   3677    587606   158  +13.610    9401    120    272  +0.4081  +0.4674  +0.4837  +0.9576
   3678    587772   166  +12.218    9487    141    248  +0.3243  +0.4899  +0.4333  +0.6833
   3679    587926   154  +13.532    9207    115    309  +0.4121  +0.4165  +0.6469  +1.0000
   3680    588089   163  +12.988    9166    123    282  +0.3488  +0.4057  +0.4597  +0.8615
   3681    588246   157  +16.457    9490    126    329  +0.3750  +0.4909  +0.4402  +0.8788
   3682    588404   158  +14.626    9232    119    321  +0.3689  +0.4232  +0.4206  +0.9377
   3683    588561   157  +14.728    9892    125    269  +0.4812  +0.5964  +0.6698  +0.9739
   3684    588722   161  +10.051    8357    125    337  +0.1644  +0.1935  +0.1663  +0.6682
   3685    588885   163  +12.996    9486    125    270  +0.3954  +0.4898  +0.4692  +0.8967
   3686    589051   166   +8.175    7908    124    292  +0.0966  +0.0757  +0.1022  +0.5894
   3687    589209   158  +12.991    9496    130    307  +0.3788  +0.4923  +0.5851  +0.8317
   3688    589374   165  +11.455    9554    135    271  +0.3572  +0.5075  +0.4479  +0.7700
   3689    589532   158  +10.994    8764    134    300  +0.2047  +0.3001  +0.2025  +0.6378
   3690    589697   165  +13.331    9480    137    305  +0.3373  +0.4882  +0.5081  +0.7351
   3691    589852   155   +5.215    7484    134    304  -0.0387  -0.0356  -0.1582  +0.3968
   3692    590011   159  +16.753   10090    134    357  +0.4430  +0.6483  +0.5506  +0.8892
   3693    590172   161  +18.071   10455    139    376  +0.4612  +0.7440  +0.4226  +0.8860
   3694    590329   157  +12.791    9299    122    250  +0.3969  +0.4407  +0.6219  +0.8992
   3695    590488   159  +14.509    9529    122    354  +0.3972  +0.5010  +0.4111  +0.9581
   3696    590647   159  +12.973    8902    114    359  +0.3385  +0.3366  +0.4707  +0.9521
   3697    590807   160  +12.884    9295    134    324  +0.2881  +0.4395  +0.2232  +0.7387
   3698    590968   161  +17.745   10221    127    334  +0.5010  +0.6827  +0.5821  +1.0000
   3699    591126   158  +15.279    9796    120    299  +0.4642  +0.5711  +0.5577  +1.0000
   3700    591284   158  +15.266    9573    119    336  +0.4340  +0.5127  +0.5562  +1.0000

  ── rolling mean (last 100 ep) ──  cum_R=+13.290  yield=9271 kg/ha  N=126  W=306 mm  R_seas=+0.3405  R_ane=+0.8320

   3701    591447   163  +14.552    9699    135    350  +0.3714  +0.5456  +0.5166  +0.7967
   3702    591611   164  +14.456    9132    112    294  +0.3938  +0.3968  +0.4968  +1.0000
   3703    591775   164  +13.546    9563    142    332  +0.3044  +0.5099  +0.3270  +0.6841
   3704    591931   156  +11.699    8724    117    268  +0.3126  +0.2896  +0.4831  +0.8683
   3705    592087   156   +7.168    7726    116    284  +0.1199  +0.0278  +0.2179  +0.6721
   3706    592247   160  +11.659    8550    124    358  +0.2073  +0.2440  +0.2673  +0.7222
   3707    592405   158  +12.028    9098    125    312  +0.3081  +0.3879  +0.3399  +0.8134
   3708    592562   157   +7.338    7354    119    334  +0.0165  -0.0699  +0.0694  +0.5461
   3709    592722   160  +11.625    9358    129    276  +0.3434  +0.4562  +0.3666  +0.8130
   3710    592883   161  +10.861    8942    141    326  +0.2046  +0.3468  +0.2547  +0.5865
   3711    593043   160  +14.426    8414     99    403  +0.2873  +0.2085  +0.3385  +1.0000
   3712    593202   159  +12.449    9600    134    298  +0.3661  +0.5197  +0.4646  +0.7941
   3713    593363   161  +15.909    9984    132    351  +0.4278  +0.6204  +0.5008  +0.8862
   3714    593517   154   +9.094    8028    135    290  +0.0702  +0.1071  +0.0693  +0.4862
   3715    593675   158  +16.048    9518    119    366  +0.4231  +0.4980  +0.5661  +1.0000
   3716    593834   159  +12.838    9722    137    286  +0.3714  +0.5518  +0.4349  +0.7762
   3717    593991   157  +13.853    9655    124    294  +0.4302  +0.5342  +0.5270  +0.9485
   3718    594150   159  +12.947    9878    147    305  +0.3374  +0.5926  +0.2955  +0.6834
   3719    594308   158  +11.601    9516    140    244  +0.3345  +0.4977  +0.4285  +0.7038
   3720    594469   161  +15.258    9820    137    341  +0.3651  +0.5773  +0.3217  +0.7952
   3721    594631   162  +15.040   10266    147    332  +0.4132  +0.6944  +0.4976  +0.7511
   3722    594790   159  +14.828    9654    136    330  +0.3585  +0.5337  +0.4898  +0.7676
   3723    594954   164  +15.825   10559    155    314  +0.4173  +0.7713  +0.3911  +0.7001
   3724    595112   158  +13.184    9938    134    286  +0.4341  +0.6083  +0.5871  +0.8540
   3725    595271   159  +12.204    8789    129    341  +0.2409  +0.3068  +0.3813  +0.7088
   3726    595432   161  +17.514   10193    134    346  +0.4593  +0.6754  +0.5297  +0.9072
   3727    595591   159  +18.861   10566    137    348  +0.5074  +0.7734  +0.5606  +0.9330
   3728    595752   161   +9.750    8440    140    348  +0.0942  +0.2151  -0.0458  +0.5075
   3729    595914   162  +11.407    9034    126    239  +0.3321  +0.3710  +0.5446  +0.7993
   3730    596074   160  +10.264    8563    134    359  +0.1531  +0.2475  +0.1279  +0.5998
   3731    596229   155  +11.398    9036    132    278  +0.2879  +0.3716  +0.4847  +0.7087
   3732    596386   157  +13.414   10123    136    300  +0.4467  +0.6570  +0.5606  +0.8536
   3733    596542   156  +12.830    9448    130    316  +0.3569  +0.4797  +0.4912  +0.8136
   3734    596706   164  +13.243    9703    164    337  +0.2417  +0.5468  +0.2730  +0.4828
   3735    596870   164  +17.194   10150    123    330  +0.4900  +0.6639  +0.5206  +1.0000
   3736    597031   161  +16.561   10159    136    338  +0.4403  +0.6663  +0.4751  +0.8726
   3737    597186   155  +17.388    9803    117    327  +0.4607  +0.5730  +0.5531  +1.0000
   3738    597343   157   +8.605    8556    135    319  +0.1405  +0.2457  -0.0314  +0.5883
   3739    597501   158  +11.738    8837    118    297  +0.3229  +0.3195  +0.5186  +0.8725
   3740    597656   155  +11.757    7937    105    328  +0.2063  +0.0832  +0.2290  +0.8936
   3741    597816   160  +15.346    9810    145    382  +0.3230  +0.5748  +0.3443  +0.6919
   3742    597984   168  +14.686   10925    154    283  +0.4867  +0.8673  +0.4009  +0.7773
   3743    598140   156  +11.159    9129    130    280  +0.3014  +0.3960  +0.3612  +0.7594
   3744    598301   161  +12.067    9857    139    280  +0.3882  +0.5872  +0.4696  +0.7728
   3745    598459   158  +13.455    9955    136    258  +0.4270  +0.6127  +0.5016  +0.8365
   3746    598614   155  +13.573    9842    134    279  +0.4010  +0.5833  +0.4139  +0.8311
   3747    598774   160  +11.503    8987    121    273  +0.3362  +0.3589  +0.5027  +0.8579
   3748    598928   154  +12.151    9058    118    285  +0.3457  +0.3773  +0.3644  +0.9147
   3749    599085   157  +17.021    9492    101    424  +0.4143  +0.4913  +0.5310  +1.0000
   3750    599238   153  +14.866    9838    126    315  +0.4546  +0.5822  +0.6131  +0.9543
   3751    599397   159  +12.509    8982    154    375  +0.1374  +0.3574  +0.0873  +0.4589
   3752    599560   163  +17.311   10258    144    381  +0.4122  +0.6924  +0.4855  +0.7831
   3753    599718   158  +13.988   10272    139    273  +0.4585  +0.6962  +0.4844  +0.8518
   3754    599880   162  +14.823    9515    132    349  +0.3366  +0.4974  +0.3447  +0.7973
   3755    600042   162  +13.461    8982    114    314  +0.3674  +0.3575  +0.5197  +0.9740
   3756    600206   164  +10.970    9390    145    311  +0.2544  +0.4646  +0.1722  +0.6200
   3757    600366   160  +12.340    9433    135    314  +0.3295  +0.4758  +0.4400  +0.7508
   3758    600524   158  +13.546   10263    149    319  +0.3962  +0.6938  +0.3907  +0.7259
   3759    600683   159  +15.847    9610    126    391  +0.3947  +0.5222  +0.5383  +0.9103
   3760    600847   164  +14.664   10036    138    330  +0.4069  +0.6341  +0.4513  +0.8111
   3761    601008   161  +13.881    9409    124    302  +0.3940  +0.4696  +0.5975  +0.8959
   3762    601163   155  +11.505    8421    111    258  +0.3067  +0.2102  +0.5941  +0.9010
   3763    601317   154  +10.629    8935    121    245  +0.3347  +0.3452  +0.5314  +0.8435
   3764    601480   163  +13.291    9860    137    272  +0.3857  +0.5879  +0.3537  +0.7942
   3765    601643   163  +14.115    9872    124    258  +0.4864  +0.5910  +0.6648  +0.9907
   3766    601806   163  +12.421    9088    112    306  +0.3862  +0.3852  +0.4914  +1.0000
   3767    601965   159  +11.769    9202    129    267  +0.3317  +0.4154  +0.4926  +0.7808
   3768    602124   159  +13.543    9829    136    304  +0.3923  +0.5798  +0.4758  +0.8054
   3769    602285   161  +11.672    9051    130    322  +0.2822  +0.3757  +0.4049  +0.7368
   3770    602447   162  +19.173   10804    140    384  +0.5152  +0.8356  +0.5101  +0.9235
   3771    602607   160  +17.915   10754    147    327  +0.4874  +0.8225  +0.5020  +0.8245
   3772    602771   164  +10.595    9121    161    353  +0.1401  +0.3939  +0.0812  +0.4179
   3773    602932   161  +13.498    9908    167    336  +0.2432  +0.6004  +0.0881  +0.4833
   3774    603093   161  +16.109   10665    147    332  +0.4797  +0.7992  +0.5677  +0.8110
   3775    603253   160  +14.258   10079    146    328  +0.3851  +0.6455  +0.4818  +0.7250
   3776    603416   163  +11.891    9575    152    303  +0.2582  +0.5131  +0.1772  +0.5728
   3777    603577   161  +17.501   10613    143    353  +0.4722  +0.7855  +0.4220  +0.8589
   3778    603735   158  +12.444    9614    137    284  +0.3531  +0.5234  +0.4222  +0.7554
   3779    603899   164  +15.926   10674    152    327  +0.4530  +0.8015  +0.4562  +0.7598
   3780    604054   155  +13.173    9476    141    382  +0.2716  +0.4871  +0.1875  +0.6825
   3781    604216   162  +11.171    9359    146    282  +0.2652  +0.4565  +0.3157  +0.6019
   3782    604376   160  +15.026    9650    129    285  +0.4030  +0.5329  +0.4830  +0.8761
   3783    604532   156  +13.538   10052    150    286  +0.3757  +0.6383  +0.4786  +0.6813
   3784    604687   155  +13.384    9299    113    327  +0.4025  +0.4406  +0.4825  +1.0000
   3785    604846   159   +9.240    8500    136    341  +0.1443  +0.2310  +0.2112  +0.5575
   3786    605005   159  +14.680    9710    129    335  +0.3906  +0.5487  +0.3814  +0.8818
   3787    605171   166   +9.779    8964    146    302  +0.1782  +0.3528  +0.0814  +0.5401
   3788    605334   163  +14.986    9626    130    318  +0.3934  +0.5266  +0.5507  +0.8541
   3789    605498   164  +11.397    9621    149    295  +0.2817  +0.5252  +0.1928  +0.6190
   3790    605663   165  +12.613    9271    126    315  +0.3504  +0.4333  +0.4930  +0.8455
   3791    605821   158  +10.399    8598    146    385  +0.1025  +0.2568  +0.0838  +0.4716
   3792    605981   160  +11.075    9314    131    281  +0.3413  +0.4446  +0.5214  +0.7768
   3793    606141   160  +13.283    9817    132    283  +0.4136  +0.5765  +0.4995  +0.8529
   3794    606299   158  +13.175    8792    123    317  +0.2597  +0.3075  +0.2388  +0.7918
   3795    606459   160  +10.177    9329    150    281  +0.2251  +0.4485  +0.1217  +0.5499
   3796    606630   171  +13.990    9862    140    352  +0.3756  +0.5884  +0.5091  +0.7652
   3797    606784   154   +8.279    8114    141    280  +0.0733  +0.1297  +0.1506  +0.4425
   3798    606945   161  +11.267    9210    150    344  +0.2021  +0.4173  +0.1665  +0.5404
   3799    607103   158  +14.839    9978    141    330  +0.3958  +0.6190  +0.5561  +0.7641
   3800    607262   159  +17.142   10038    127    362  +0.4685  +0.6348  +0.5817  +0.9746

  ── rolling mean (last 100 ep) ──  cum_R=+13.224  yield=9477 kg/ha  N=134  W=317 mm  R_seas=+0.3357  R_ane=+0.7722

   3801    607429   167  +16.260   10140    139    392  +0.4095  +0.6615  +0.4738  +0.8186
   3802    607590   161  +12.365    9347    153    394  +0.1997  +0.4532  +0.1555  +0.5274
   3803    607749   159  +11.644    9147    146    324  +0.2099  +0.4007  +0.1743  +0.5667
   3804    607911   162  +14.123    9784    132    295  +0.4139  +0.5680  +0.5699  +0.8493
   3805    608070   159  +15.307    9442    122    401  +0.3833  +0.4782  +0.5076  +0.9410
   3806    608229   159  +13.825    9624    136    321  +0.3608  +0.5260  +0.5159  +0.7702
   3807    608394   165  +14.218   10535    162    320  +0.3726  +0.7651  +0.2460  +0.6236
   3808    608526   132   -1.221       0    120    114  -0.8826  -1.0000  -1.0000  -1.0000
   3809    608691   165  +11.172    9388    141    312  +0.2983  +0.4641  +0.4558  +0.6661
   3810    608852   161   +9.077    8002    120    305  +0.1324  +0.1003  +0.1510  +0.6611
   3811    609012   160  +19.001   10758    136    359  +0.5315  +0.8236  +0.4877  +0.9768
   3812    609164   152  +16.710    9507    113    352  +0.4168  +0.4953  +0.4564  +1.0000
   3813    609325   161  +12.370    8976    134    336  +0.2405  +0.3559  +0.2921  +0.6767
   3814    609489   164  +15.815    9728    135    332  +0.3710  +0.5532  +0.4408  +0.7986
   3815    609650   161  +13.379    9658    132    275  +0.3889  +0.5350  +0.4920  +0.8230
   3816    609805   155   +7.139    8926    145    249  +0.1963  +0.3428  +0.1952  +0.5400
   3817    609964   159   +9.659    8523    139    376  +0.1215  +0.2371  +0.1139  +0.5333
   3818    610125   161  +14.674    9815    137    325  +0.3879  +0.5761  +0.5321  +0.7921
   3819    610290   165   +9.678    9758    159    289  +0.2661  +0.5612  +0.1736  +0.5379
   3820    610447   157  +11.409    9734    136    253  +0.3772  +0.5549  +0.3932  +0.7826
   3821    610606   159  +18.619   11131    143    313  +0.5687  +0.9214  +0.5066  +0.9454
   3822    610763   157  +13.225    9785    154    337  +0.2723  +0.5683  +0.1364  +0.5858
   3823    610925   162  +13.353   10236    160    320  +0.3419  +0.6867  +0.2940  +0.6049
   3824    611073   148  +12.535    8858    122    330  +0.3026  +0.3248  +0.5302  +0.8216
   3825    611235   162   +9.070    8703    150    283  +0.1253  +0.2844  +0.0928  +0.4471
   3826    611400   165  +11.068    8757    158    353  +0.0783  +0.2983  -0.0830  +0.3890
   3827    611565   165  +12.815    9511    154    300  +0.2539  +0.4964  +0.2832  +0.5461
   3828    611728   163  +12.587   10077    146    294  +0.3921  +0.6449  +0.4795  +0.7266
   3829    611892   164  +17.558   11012    149    313  +0.5279  +0.8902  +0.5527  +0.8459
   3830    612053   161  +11.081    9222    141    292  +0.2657  +0.4204  +0.3761  +0.6301
   3831    612211   158  +10.914    9127    137    340  +0.2529  +0.3955  +0.3248  +0.6630
   3832    612369   158  +12.851    9852    138    304  +0.3901  +0.5860  +0.5196  +0.7796
   3833    612527   158  +16.336   10401    145    360  +0.4354  +0.7300  +0.5087  +0.7906
   3834    612692   165   +9.811    8542    142    349  +0.1210  +0.2419  +0.1351  +0.5051
   3835    612855   163   +9.046    8116    138    346  +0.0515  +0.1302  -0.0291  +0.4688
   3836    613018   163  +12.023    9639    149    356  +0.2906  +0.5300  +0.3739  +0.6220
   3837    613178   160  +12.900   10009    153    328  +0.3352  +0.6271  +0.3715  +0.6317
   3838    613350   172  +11.729   10227    162    302  +0.3415  +0.6842  +0.3477  +0.5812
   3839    613510   160  +15.075    9920    141    316  +0.3759  +0.6038  +0.4099  +0.7575
   3840    613667   157  +13.672    9938    129    308  +0.4508  +0.6083  +0.5792  +0.9194
   3841    613826   159  +12.083    9899    140    278  +0.3891  +0.5983  +0.4631  +0.7643
   3842    613991   165  +14.049    9882    133    290  +0.4279  +0.5936  +0.5664  +0.8604
   3843    614155   164  +14.944   10579    156    307  +0.4259  +0.7766  +0.4515  +0.6980
   3844    614316   161  +10.858    9091    140    311  +0.2416  +0.3861  +0.3414  +0.6178
   3845    614475   159  +16.103   10355    142    372  +0.4405  +0.7178  +0.5210  +0.8221
   3846    614637   162  +11.966    8960    134    368  +0.2208  +0.3518  +0.2092  +0.6668
   3847    614802   165  +14.559   10163    150    344  +0.3596  +0.6675  +0.2812  +0.6939
   3848    614962   160  +11.890    9946    147    285  +0.3683  +0.6106  +0.4802  +0.6890
   3849    615120   158  +11.040    8581    130    315  +0.1837  +0.2523  +0.1682  +0.6472
   3850    615280   160  +12.504    9992    144    308  +0.3926  +0.6227  +0.5556  +0.7381
   3851    615433   153  +14.999    9818    140    360  +0.3432  +0.5770  +0.2959  +0.7499
   3852    615593   160  +14.296    9891    141    350  +0.3541  +0.5962  +0.3063  +0.7518
   3853    615752   159  +15.701    9890    135    317  +0.4042  +0.5958  +0.4737  +0.8315
   3854    615908   156  +14.070   10508    146    300  +0.4651  +0.7579  +0.5435  +0.8019
   3855    616065   157  +16.559   10772    157    346  +0.4426  +0.8274  +0.4329  +0.7195
   3856    616229   164  +14.402   10219    142    354  +0.4014  +0.6822  +0.2849  +0.8055
   3857    616386   157  +11.568    9594    151    355  +0.2663  +0.5181  +0.3042  +0.5843
   3858    616545   159   +8.527    8824    151    290  +0.1413  +0.3160  +0.1055  +0.4596
   3859    616704   159  +14.640    9905    158    425  +0.2843  +0.5999  +0.3862  +0.5661
   3860    616862   158  +14.069   10354    162    324  +0.3475  +0.7175  +0.2852  +0.5935
   3861    617022   160  +10.346    9303    150    298  +0.2217  +0.4418  +0.1416  +0.5514
   3862    617188   166  +12.038    9826    156    278  +0.2889  +0.5791  +0.1919  +0.5727
   3863    617351   163  +12.215    9565    144    308  +0.2947  +0.5106  +0.2544  +0.6616
   3864    617513   162  +15.852    9892    120    331  +0.4720  +0.5963  +0.5996  +1.0000
   3865    617676   163  +13.679   10319    145    274  +0.4438  +0.7085  +0.5536  +0.7753
   3866    617833   157  +12.891    9548    135    291  +0.3510  +0.5060  +0.4358  +0.7689
   3867    617996   163  +12.019    9533    161    324  +0.1979  +0.5021  -0.0171  +0.4802
   3868    618157   161   +7.752    8583    159    322  +0.0470  +0.2527  -0.1379  +0.3458
   3869    618316   159  +16.911   11055    162    319  +0.4771  +0.9017  +0.4881  +0.7076
   3870    618482   166  +14.858   10487    161    331  +0.3711  +0.7524  +0.2976  +0.6241
   3871    618646   164  +11.387    9123    161    354  +0.1386  +0.3944  +0.0753  +0.4155
   3872    618805   159  +12.490    9325    127    296  +0.3705  +0.4475  +0.6442  +0.8328
   3873    618967   162  +12.265    9957    152    318  +0.3243  +0.6134  +0.2703  +0.6382
   3874    619129   162  +18.412   10997    143    341  +0.5439  +0.8864  +0.5052  +0.9280
   3875    619287   158  +14.220    9883    160    355  +0.2574  +0.5940  +0.0798  +0.5427
   3876    619445   158  +12.824   10044    149    305  +0.3758  +0.6363  +0.5235  +0.6821
   3877    619603   158  +13.602    9602    137    343  +0.3347  +0.5204  +0.3816  +0.7519
   3878    619765   162  +14.701   10208    141    297  +0.4470  +0.6793  +0.6102  +0.8134
   3879    619928   163  +16.898   11424    178    358  +0.4596  +0.9983  +0.3927  +0.6054
   3880    620084   156  +15.861   10994    152    324  +0.5113  +0.8856  +0.5631  +0.8054
   3881    620242   158   +6.345    8144    156    275  -0.0023  +0.1374  -0.1504  +0.3031
   3882    620404   162  +10.998    9187    144    327  +0.2328  +0.4112  +0.2584  +0.5990
   3883    620560   156  +14.938   10853    148    313  +0.5056  +0.8485  +0.5078  +0.8394
   3884    620725   165  +12.511    9569    150    360  +0.2452  +0.5115  +0.0756  +0.5995
   3885    620886   161  +15.941   10107    160    385  +0.2962  +0.6527  +0.1866  +0.5780
   3886    621037   151  +10.874    9378    141    314  +0.2564  +0.4614  +0.0716  +0.6602
   3887    621193   156  +13.162   10316    153    290  +0.4054  +0.7075  +0.4966  +0.6904
   3888    621355   162  +15.439    9854    140    379  +0.3611  +0.5863  +0.4630  +0.7541
   3889    621519   164  +11.978    9955    155    328  +0.3182  +0.6130  +0.3336  +0.6086
   3890    621678   159  +16.252   10766    145    339  +0.4985  +0.8257  +0.5266  +0.8534
   3891    621840   162   +8.556    8626    170    328  +0.0225  +0.2640  -0.1156  +0.2646
   3892    621996   156  +17.886   10877    142    331  +0.5332  +0.8549  +0.5468  +0.9125
   3893    622156   160  +13.311   10110    144    312  +0.3981  +0.6536  +0.4653  +0.7489
   3894    622320   164  +11.180   10044    158    302  +0.3099  +0.6361  +0.1893  +0.5871
   3895    622481   161  +17.042   11462    173    343  +0.4901  +1.0000  +0.4713  +0.6596
   3896    622638   157  +14.311    9429    149    415  +0.2180  +0.4749  +0.1023  +0.5843
   3897    622798   160  +14.425   10404    143    316  +0.4567  +0.7308  +0.5334  +0.8189
   3898    622951   153   +8.530    8658    144    291  +0.1414  +0.2725  +0.1288  +0.4995
   3899    623112   161  +11.416   10107    165    330  +0.2904  +0.6528  +0.1949  +0.5281
   3900    623268   156  +15.970   10480    147    326  +0.4562  +0.7506  +0.5883  +0.7857

  ── rolling mean (last 100 ep) ──  cum_R=+13.040  yield=9691 kg/ha  N=146  W=323 mm  R_seas=+0.3163  R_ane=+0.6659

   3901    623425   157  +12.576    9989    145    290  +0.3841  +0.6218  +0.4927  +0.7221
   3902    623584   159  +14.581   10785    141    280  +0.5308  +0.8307  +0.5248  +0.9090
   3903    623744   160  +14.437   10574    142    285  +0.4967  +0.7754  +0.5556  +0.8631
   3904    623903   159   +9.153    8658    157    319  +0.0661  +0.2723  -0.1298  +0.3755
   3905    624058   155  +13.125   10573    152    272  +0.4467  +0.7751  +0.4695  +0.7345
   3906    624226   168  +13.707   10233    147    307  +0.4108  +0.6859  +0.4886  +0.7412
   3907    624387   161  +16.190   10520    150    362  +0.4213  +0.7611  +0.4020  +0.7476
   3908    624547   160  +13.309   10076    148    337  +0.3692  +0.6445  +0.4423  +0.6962
   3909    624715   168   +8.664    9281    158    292  +0.1930  +0.4359  +0.1566  +0.4676
   3910    624871   156  +16.441   10334    142    365  +0.4446  +0.7124  +0.5861  +0.8171
   3911    625031   160  +12.079   10026    155    271  +0.3460  +0.6316  +0.3826  +0.6217
   3912    625190   159  +10.220    9545    151    294  +0.2735  +0.5052  +0.3074  +0.5827
   3913    625347   157  +13.458    9308    127    369  +0.3317  +0.4429  +0.4346  +0.8282
   3914    625506   159  +15.899   10990    159    324  +0.4776  +0.8845  +0.5028  +0.7261
   3915    625667   161  +16.844   11090    157    335  +0.5078  +0.9108  +0.6010  +0.7635
   3916    625832   165  +13.228   10205    144    329  +0.4081  +0.6786  +0.4359  +0.7699
   3917    625989   157  +12.181    9661    129    270  +0.4153  +0.5358  +0.5714  +0.8741
   3918    626148   159  +13.710   10514    154    321  +0.4151  +0.7596  +0.4233  +0.7013
   3919    626314   166  +12.364   10340    162    282  +0.3585  +0.7138  +0.3201  +0.5948
   3920    626474   160  +10.329    9122    159    365  +0.1578  +0.3942  +0.2340  +0.4314
   3921    626628   154   +9.971    8838    148    367  +0.1578  +0.3196  +0.3101  +0.4882
   3922    626785   157  +13.804   10447    143    272  +0.4742  +0.7420  +0.5647  +0.8230
   3923    626942   157  +15.743    9830    137    390  +0.3514  +0.5802  +0.2640  +0.7973
   3924    627101   159  +12.625    9807    147    335  +0.3318  +0.5739  +0.4381  +0.6637
   3925    627234   133   -1.548       0    125    133  -0.8890  -1.0000  -1.0000  -1.0000
   3926    627387   153  +14.799   10532    144    362  +0.4620  +0.7643  +0.5048  +0.8336
   3927    627552   165  +15.118   10181    137    360  +0.4406  +0.6723  +0.5603  +0.8541
   3928    627711   159  +10.792    9766    145    273  +0.3464  +0.5633  +0.4397  +0.6813
   3929    627872   161  +16.321   10354    132    347  +0.4961  +0.7175  +0.5386  +0.9680
   3930    628031   159  +13.477   10381    151    305  +0.4162  +0.7246  +0.4690  +0.7195
   3931    628184   153  +12.447    9209    138    340  +0.2543  +0.4171  +0.2365  +0.6688
   3932    628346   162  +11.321    9543    152    303  +0.2567  +0.5047  +0.1890  +0.5744
   3933    628519   173   +7.921    8696    158    364  +0.0552  +0.2823  -0.1757  +0.3730
   3934    628677   158  +16.185   11033    161    349  +0.4620  +0.8959  +0.4066  +0.7113
   3935    628839   162  +13.254    9746    142    340  +0.3355  +0.5581  +0.3866  +0.7098
   3936    628993   154   +8.682    8629    152    309  +0.0875  +0.2649  -0.0597  +0.4181
   3937    629151   158   +9.814    8589    143    345  +0.1197  +0.2544  +0.0793  +0.5014
   3938    629309   158  +13.663   10220    144    288  +0.4258  +0.6825  +0.4875  +0.7781
   3939    629470   161  +13.107    9834    136    292  +0.3984  +0.5810  +0.4810  +0.8137
   3940    629631   161  +18.151   11093    154    396  +0.4955  +0.9116  +0.4613  +0.8031
   3941    629794   163  +14.937   10578    156    350  +0.4148  +0.7764  +0.4265  +0.6981
   3942    629952   158  +10.659    9145    137    327  +0.2513  +0.4003  +0.2520  +0.6664
   3943    630107   155  +14.759    9785    163    428  +0.2114  +0.5682  -0.0033  +0.5042
   3944    630260   153  +14.863    9728    128    326  +0.4150  +0.5532  +0.5282  +0.9004
   3945    630417   157  +15.173   11297    160    308  +0.5239  +0.9652  +0.5042  +0.7633
   3946    630581   164  +14.816   10413    174    371  +0.3033  +0.7330  +0.2229  +0.4967
   3947    630740   159  +14.042   10043    146    326  +0.3790  +0.6360  +0.4695  +0.7194
   3948    630896   156  +15.377   10460    153    334  +0.4147  +0.7453  +0.4743  +0.7080
   3949    631060   164  +17.147   10867    162    388  +0.4131  +0.8523  +0.2875  +0.6740
   3950    631220   160   +9.197    9006    149    293  +0.1806  +0.3638  +0.1537  +0.5094
   3951    631382   162  +12.052    9509    148    330  +0.2603  +0.4958  +0.1952  +0.6079
   3952    631545   163  +13.997   10018    135    308  +0.4288  +0.6295  +0.4777  +0.8603
   3953    631706   161  +13.699   10630    168    295  +0.3860  +0.7900  +0.3823  +0.5826
   3954    631866   160  +15.316   10422    145    319  +0.4431  +0.7355  +0.4570  +0.7983
   3955    632025   159   +9.084    8637    156    342  +0.0660  +0.2669  -0.0785  +0.3794
   3956    632188   163  +17.777   10392    158    468  +0.3409  +0.7276  +0.3083  +0.6400
   3957    632352   164  +11.611   10004    160    328  +0.2986  +0.6257  +0.2389  +0.5666
   3958    632516   164  +10.802    9990    155    238  +0.3408  +0.6220  +0.3245  +0.6149
   3959    632675   159   +9.228    8631    140    353  +0.1386  +0.2654  +0.0934  +0.5452
   3960    632835   160  +16.421   11427    161    314  +0.5378  +0.9991  +0.4895  +0.7750
   3961    632993   158  +12.635   10220    160    316  +0.3437  +0.6825  +0.3608  +0.5936
   3962    633154   161  +12.809    9582    130    287  +0.3850  +0.5149  +0.4985  +0.8391
   3963    633312   158  +13.198   10578    146    286  +0.4767  +0.7763  +0.5384  +0.8091
   3964    633477   165  +13.481   10733    160    251  +0.4483  +0.8170  +0.4987  +0.6733
   3965    633641   164   +8.977    9232    152    280  +0.2163  +0.4230  +0.2220  +0.5222
   3966    633805   164   +9.607    9086    147    328  +0.1915  +0.3848  +0.1248  +0.5468
   3967    633968   163  +11.450    9429    152    325  +0.2173  +0.4748  +0.0364  +0.5493
   3968    634132   164  +13.478    9687    160    363  +0.2320  +0.5426  +0.1399  +0.5119
   3969    634286   154  +10.270    8785    147    355  +0.1368  +0.3057  +0.1165  +0.4915
   3970    634448   162  +11.034    9615    164    299  +0.2238  +0.5235  +0.1554  +0.4684
   3971    634608   160  +14.461   10846    154    278  +0.4848  +0.8467  +0.4851  +0.7666
   3972    634772   164  +13.583   10589    147    331  +0.4584  +0.7793  +0.4504  +0.8038
   3973    634932   160  +10.442    9644    150    325  +0.2782  +0.5313  +0.2469  +0.6037
   3974    635095   163  +19.605   10998    144    445  +0.5274  +0.8868  +0.6286  +0.9035
   3975    635258   163  +15.693   10367    159    396  +0.3476  +0.7210  +0.3037  +0.6260
   3976    635419   161  +13.459    9767    167    350  +0.2203  +0.5634  +0.0847  +0.4657
   3977    635582   163  +11.091    9315    169    351  +0.1362  +0.4449  -0.0050  +0.3781
   3978    635742   160  +17.038   11026    151    380  +0.5034  +0.8940  +0.4791  +0.8302
   3979    635903   161  +13.820    9682    161    339  +0.2460  +0.5411  +0.2619  +0.5051
   3980    636062   159  +11.745    9584    136    316  +0.3569  +0.5155  +0.5469  +0.7579
   3981    636217   155  +18.421   10957    144    396  +0.5321  +0.8760  +0.6006  +0.9089
   3982    636375   158  +11.163   10110    161    254  +0.3339  +0.6534  +0.3257  +0.5707
   3983    636537   162  +15.995   10622    151    337  +0.4552  +0.7879  +0.5501  +0.7595
   3984    636692   155  +14.572   10021    141    360  +0.3759  +0.6301  +0.3281  +0.7786
   3985    636848   156  +14.185   10072    142    349  +0.4049  +0.6437  +0.5601  +0.7740
   3986    637012   164  +11.749   10017    165    356  +0.2663  +0.6291  +0.1443  +0.5141
   3987    637170   158  +14.208   10352    145    321  +0.4384  +0.7170  +0.5358  +0.7829
   3988    637332   162   +8.825    8238    140    333  +0.0840  +0.1622  +0.1389  +0.4727
   3989    637485   153  +11.508    9718    147    334  +0.3113  +0.5505  +0.3550  +0.6532
   3990    637647   162  +15.723   10990    149    344  +0.5171  +0.8844  +0.5529  +0.8389
   3991    637807   160  +12.765   10338    160    308  +0.3559  +0.7133  +0.2789  +0.6146
   3992    637964   157  +13.452   10528    150    304  +0.4421  +0.7633  +0.4562  +0.7562
   3993    638126   162  +17.410   11171    170    377  +0.4367  +0.9320  +0.3182  +0.6419
   3994    638279   153  +13.216   10376    154    316  +0.4021  +0.7232  +0.4793  +0.6835
   3995    638440   161  +14.382   10569    175    327  +0.3383  +0.7740  +0.2791  +0.5118
   3996    638600   160  +13.405    9892    137    307  +0.4042  +0.5962  +0.5378  +0.8059
   3997    638759   159  +15.267   10722    147    314  +0.4794  +0.8142  +0.4423  +0.8198
   3998    638918   159  +10.221    9865    156    274  +0.2895  +0.5892  +0.1354  +0.5775
   3999    639078   160  +19.404   11434    157    398  +0.5415  +1.0000  +0.5302  +0.8216
   4000    639241   163  +12.611    9749    150    344  +0.3043  +0.5589  +0.3520  +0.6307

  ── rolling mean (last 100 ep) ──  cum_R=+13.155  yield=9940 kg/ha  N=150  W=327 mm  R_seas=+0.3382  R_ane=+0.6572

   4001    639400   159  +10.934    9818    163    303  +0.2681  +0.5769  +0.2733  +0.5069
   4002    639562   162  +15.499   10381    160    375  +0.3545  +0.7246  +0.3130  +0.6273
   4003    639724   162  +12.747    9749    177    338  +0.1864  +0.5589  +0.0493  +0.3798
   4004    639892   168   +9.779    9390    176    348  +0.1192  +0.4645  -0.0953  +0.3352
   4005    640053   161  +12.836   10583    163    291  +0.4083  +0.7777  +0.4990  +0.6235
   4006    640214   161  +13.461   10643    155    285  +0.4451  +0.7935  +0.4574  +0.7210
   4007    640375   161  +14.300   10536    146    278  +0.4853  +0.7654  +0.6497  +0.8088
   4008    640543   168  +14.153   10665    161    335  +0.4183  +0.7992  +0.4797  +0.6598
   4009    640704   161  +11.435    9574    146    362  +0.2738  +0.5129  +0.2401  +0.6339
   4010    640869   165  +11.520    9530    148    344  +0.2666  +0.5012  +0.2661  +0.6083
   4011    641024   155  +12.438    9990    146    297  +0.3795  +0.6219  +0.4902  +0.7133
   4012    641187   163  +11.607    9748    151    354  +0.2942  +0.5584  +0.3438  +0.6097
   4013    641346   159  +11.825    9518    151    359  +0.2501  +0.4981  +0.2676  +0.5719
   4014    641507   161  +13.305    9532    124    318  +0.4045  +0.5019  +0.5274  +0.9223
   4015    641667   160  +15.780   10738    166    349  +0.3986  +0.8183  +0.3958  +0.6151
   4016    641826   159  +14.544   10447    153    319  +0.4263  +0.7421  +0.5730  +0.7080
   4017    641988   162  +14.808   10622    150    353  +0.4489  +0.7880  +0.4633  +0.7755
   4018    642150   162  +14.277   10423    165    313  +0.3605  +0.7358  +0.3759  +0.5789
   4019    642308   158  +13.368   10766    160    325  +0.4400  +0.8257  +0.4987  +0.6827
   4020    642462   154  +14.063    9639    165    384  +0.1987  +0.5300  +0.0829  +0.4589
   4021    642625   163  +12.577   10483    158    305  +0.4025  +0.7515  +0.4276  +0.6629
   4022    642782   157  +11.822   10446    154    265  +0.4253  +0.7418  +0.4808  +0.7008
   4023    642950   168  +10.696    9516    171    351  +0.1759  +0.4977  +0.1555  +0.3903
   4024    643113   163  +14.184   10472    172    361  +0.3240  +0.7484  +0.2590  +0.5230
   4025    643268   155  +10.252    9353    155    342  +0.2060  +0.4547  +0.1740  +0.5089
   4026    643425   157  +13.040    9130    123    363  +0.3310  +0.3964  +0.4939  +0.8571
   4027    643590   165   +7.545    9173    186    316  +0.0607  +0.4076  -0.1711  +0.2358
   4028    643748   158  +15.037    9715    121    354  +0.4433  +0.5499  +0.5451  +1.0000
   4029    643910   162  +14.212    9873    130    396  +0.4140  +0.5914  +0.5169  +0.9000
   4030    644070   160  +15.861   11116    150    307  +0.5318  +0.9176  +0.4727  +0.8471
   4031    644230   160  +16.002   10765    160    348  +0.4367  +0.8255  +0.4994  +0.6868
   4032    644386   156  +12.442    9640    151    387  +0.2868  +0.5301  +0.5024  +0.5919
   4033    644546   160  +13.697   10185    154    307  +0.3575  +0.6733  +0.3187  +0.6497
   4034    644708   162   +9.558    8810    152    335  +0.1204  +0.3125  +0.0303  +0.4513
   4035    644864   156  +12.896    9904    154    371  +0.3005  +0.5996  +0.2786  +0.6126
   4036    645020   156  +10.845    9514    136    274  +0.3364  +0.4972  +0.3436  +0.7525
   4037    645179   159  +15.037   10631    153    342  +0.4293  +0.7904  +0.3772  +0.7350
   4038    645342   163  +18.193   11893    181    362  +0.4740  +1.0000  +0.4420  +0.6425
   4039    645506   164  +16.214   10767    160    383  +0.4202  +0.8259  +0.4165  +0.6825
   4040    645667   161  +13.568   10028    137    364  +0.4117  +0.6320  +0.5171  +0.8284
   4041    645828   161  +15.617   10388    152    387  +0.3948  +0.7264  +0.4628  +0.7052
   4042    645984   156  +10.214    9340    168    353  +0.1359  +0.4513  -0.0848  +0.3944
   4043    646146   162  +12.648    9817    176    358  +0.1916  +0.5767  +0.0271  +0.3931
   4044    646303   157  +11.851   10073    168    299  +0.2866  +0.6439  +0.2434  +0.4956
   4045    646465   162  +13.574    9823    141    369  +0.3497  +0.5782  +0.4199  +0.7365
   4046    646627   162  +14.605   10564    169    360  +0.3454  +0.7728  +0.2348  +0.5642
   4047    646788   161   +9.670    9661    169    328  +0.2052  +0.5357  +0.1218  +0.4293
   4048    646950   162  +11.745    9616    158    359  +0.2275  +0.5238  +0.1061  +0.5263
   4049    647112   162  +15.475   10443    157    353  +0.3804  +0.7409  +0.3434  +0.6628
   4050    647270   158  +14.541   10301    144    336  +0.4219  +0.7036  +0.4193  +0.7921
   4051    647426   156  +15.059   10740    157    372  +0.4314  +0.8190  +0.4495  +0.7068
   4052    647592   166  +16.371   11109    161    382  +0.4652  +0.9158  +0.3745  +0.7273
   4053    647753   161  +16.490   11226    157    349  +0.5188  +0.9465  +0.5333  +0.7841
   4054    647914   161  +14.704    9452    120    355  +0.4015  +0.4809  +0.5133  +0.9634
   4055    648075   161  +14.328   10833    150    322  +0.4818  +0.8434  +0.4317  +0.8025
   4056    648239   164  +15.795   11157    158    292  +0.5189  +0.9283  +0.5500  +0.7665
   4057    648397   158  +12.103    9928    154    303  +0.3292  +0.6057  +0.4285  +0.6062
   4058    648554   157  +12.906    9201    165    429  +0.1166  +0.4149  +0.0066  +0.3944
   4059    648712   158  +11.870    9991    152    330  +0.3362  +0.6223  +0.3554  +0.6456
   4060    648875   163  +12.335   10110    146    344  +0.3771  +0.6536  +0.3854  +0.7296
   4061    649031   156  +12.593   10251    162    376  +0.3143  +0.6905  +0.2154  +0.5769
   4062    649188   157  +10.162    9511    154    317  +0.2417  +0.4964  +0.1936  +0.5468
   4063    649345   157  +13.002   10752    159    275  +0.4522  +0.8221  +0.5098  +0.6895
   4064    649507   162  +10.836    9594    159    356  +0.2118  +0.5182  +0.0297  +0.5078
   4065    649669   162   +9.025    8873    151    316  +0.1336  +0.3288  +0.0154  +0.4650
   4066    649827   158  +14.326   10398    141    298  +0.4726  +0.7292  +0.5630  +0.8485
   4067    649985   158  +11.807    9415    156    380  +0.1938  +0.4710  +0.0836  +0.5038
   4068    650145   160  +18.539   10475    136    403  +0.4763  +0.7493  +0.4625  +0.9292
   4069    650305   160  +15.232    9832    131    380  +0.3847  +0.5805  +0.3330  +0.8699
   4070    650460   155   +6.048    7643    149    316  -0.0622  +0.0062  -0.1197  +0.2832
   4071    650623   163  +12.908   10314    167    335  +0.3057  +0.7071  +0.0967  +0.5456
   4072    650780   157  +18.644   11223    146    400  +0.5515  +0.9458  +0.4902  +0.9234
   4073    650940   160  +12.990   10995    165    284  +0.4627  +0.8859  +0.4718  +0.6681
   4074    651099   159  +12.366    9943    140    343  +0.3753  +0.6096  +0.3685  +0.7772
   4075    651261   162  +14.743   11097    166    300  +0.4705  +0.9125  +0.4904  +0.6660
   4076    651419   158  +12.094    9895    157    308  +0.2925  +0.5972  +0.2147  +0.5741
   4077    651591   172   +9.732    9706    183    311  +0.1831  +0.5476  +0.1919  +0.3283
   4078    651746   155  +11.871   10074    164    325  +0.2941  +0.6441  +0.2328  +0.5340
   4079    651906   160  +12.690    9384    141    361  +0.2620  +0.4630  +0.1916  +0.6674
   4080    652066   160  +14.108   10571    174    335  +0.3232  +0.7745  +0.1072  +0.5218
   4081    652223   157  +13.774   10651    160    312  +0.4202  +0.7956  +0.4692  +0.6587
   4082    652385   162  +10.331   10005    174    334  +0.2433  +0.6260  +0.1461  +0.4399
   4083    652544   159  +14.721   10455    145    403  +0.4235  +0.7440  +0.3884  +0.8006
   4084    652707   163  +16.359   10882    144    352  +0.5185  +0.8561  +0.5162  +0.8895
   4085    652866   159  +13.548   10765    158    283  +0.4456  +0.8255  +0.4040  +0.7022
   4086    653022   156  +11.961   10070    150    309  +0.3709  +0.6430  +0.4518  +0.6835
   4087    653174   152  +15.299   10179    138    308  +0.4528  +0.6716  +0.6079  +0.8466
   4088    653334   160  +13.831   10592    173    345  +0.3496  +0.7801  +0.3482  +0.5279
   4089    653494   160  +15.097   10306    136    367  +0.4559  +0.7049  +0.4932  +0.8876
   4090    653652   158  +15.319   10753    144    326  +0.5085  +0.8224  +0.5838  +0.8620
   4091    653805   153   +8.321    8766    152    330  +0.1171  +0.3008  +0.0588  +0.4430
   4092    653966   161  +13.360   10239    149    317  +0.4033  +0.6874  +0.5265  +0.7129
   4093    654127   161  +14.423   10847    157    292  +0.4715  +0.8470  +0.5262  +0.7241
   4094    654289   162  +12.651   10041    167    385  +0.2664  +0.6354  +0.2313  +0.4994
   4095    654448   159  +14.224   10282    153    356  +0.3746  +0.6986  +0.4010  +0.6764
   4096    654610   162  +14.813   10470    171    375  +0.3363  +0.7481  +0.3732  +0.5333
   4097    654769   159  +16.378   10838    168    402  +0.3789  +0.8445  +0.2003  +0.6177
   4098    654933   164   +8.163    9168    170    306  +0.1218  +0.4064  +0.0136  +0.3473
   4099    655095   162  +16.240   11338    175    332  +0.4518  +0.9760  +0.3019  +0.6175
   4100    655255   160  +14.559   10333    135    350  +0.4671  +0.7121  +0.4644  +0.9113

  ── rolling mean (last 100 ep) ──  cum_R=+13.253  yield=10144 kg/ha  N=155  W=339 mm  R_seas=+0.3455  R_ane=+0.6443

   4101    655412   157  +13.968   10603    150    305  +0.4546  +0.7829  +0.4538  +0.7726
   4102    655566   154  +11.926   10030    150    315  +0.3483  +0.6325  +0.3327  +0.6674
   4103    655722   156  +13.419    9860    147    367  +0.3230  +0.5879  +0.3007  +0.6816
   4104    655884   162  +13.249    9844    152    312  +0.3150  +0.5836  +0.3395  +0.6201
   4105    656044   160  +14.727   10915    165    338  +0.4417  +0.8648  +0.5009  +0.6526
   4106    656209   165  +12.387    9801    183    368  +0.1689  +0.5725  +0.0425  +0.3365
   4107    656365   156  +12.910    9913    141    345  +0.3435  +0.6019  +0.1670  +0.7528
   4108    656527   162   +9.767    9764    161    301  +0.2573  +0.5626  +0.1849  +0.5152
   4109    656686   159   +9.720    8957    155    352  +0.1399  +0.3510  +0.1286  +0.4480
   4110    656845   159  +14.195   10774    156    312  +0.4482  +0.8279  +0.4127  +0.7213
   4111    657001   156  +11.746    9652    169    406  +0.1868  +0.5333  +0.1047  +0.4287
   4112    657160   159  +12.858   10440    171    331  +0.3164  +0.7400  +0.1343  +0.5282
   4113    657324   164   +6.132    8352    155    324  +0.0179  +0.1922  -0.1982  +0.3440
   4114    657481   157  +12.777    8683    124    446  +0.1766  +0.2789  -0.0868  +0.7501
   4115    657636   155  +11.827    9782    138    311  +0.3764  +0.5675  +0.4802  +0.7751
   4116    657796   160  +15.946   10962    176    356  +0.3873  +0.8773  +0.2863  +0.5568
   4117    657951   155   +9.978    9528    158    298  +0.2383  +0.5008  +0.2281  +0.5120
   4118    658115   164  +11.804   10361    160    283  +0.3792  +0.7193  +0.4206  +0.6199
   4119    658277   162  +11.887    8955    132    412  +0.2080  +0.3504  +0.0605  +0.7003
   4120    658439   162   +9.092    9239    161    318  +0.1612  +0.4249  +0.0590  +0.4322
   4121    658597   158  +16.161   11144    156    364  +0.5011  +0.9250  +0.4640  +0.7850
   4122    658764   167  +13.113   10420    153    340  +0.4010  +0.7348  +0.4017  +0.7045
   4123    658930   166  +12.797   10221    171    348  +0.2837  +0.6827  +0.1744  +0.4943
   4124    659096   166  +14.106   10432    163    399  +0.3337  +0.7380  +0.2046  +0.5983
   4125    659253   157   +9.895    9200    162    353  +0.1343  +0.4146  -0.0750  +0.4242
   4126    659412   159  +11.872    9108    145    377  +0.1876  +0.3906  +0.0757  +0.5720
   4127    659576   164   +7.018    8325    147    302  +0.0635  +0.1850  -0.0019  +0.4126
   4128    659740   164  +10.872    9692    148    306  +0.2953  +0.5438  +0.2361  +0.6318
   4129    659896   156  +15.348   11180    164    336  +0.4870  +0.9344  +0.5264  +0.6998
   4130    660054   158  +16.736   10986    137    380  +0.5641  +0.8835  +0.5608  +0.9983
   4131    660219   165  +12.585   10580    168    344  +0.3591  +0.7768  +0.2932  +0.5730
   4132    660385   166  +17.380   11623    158    388  +0.5429  +1.0000  +0.4851  +0.8367
   4133    660545   160  +13.408   10113    155    369  +0.3230  +0.6544  +0.2272  +0.6323
   4134    660709   164  +15.866   11058    161    319  +0.4743  +0.9023  +0.4174  +0.7196
   4135    660868   159  +11.513    8921    158    392  +0.1099  +0.3416  +0.0591  +0.4151
   4136    661025   157  +12.615    9492    116    323  +0.4215  +0.4912  +0.4789  +1.0000
   4137    661187   162  +14.916   10906    158    368  +0.4538  +0.8623  +0.4432  +0.7244
   4138    661344   157  +16.928   10624    158    388  +0.4029  +0.7886  +0.3875  +0.6842
   4139    661506   162  +11.569   10495    174    309  +0.3297  +0.7547  +0.2290  +0.5117
   4140    661671   165  +14.806   10606    168    324  +0.3769  +0.7837  +0.3861  +0.5788
   4141    661831   160  +11.718    9591    157    359  +0.2455  +0.5172  +0.3067  +0.5276
   4142    661987   156  +12.922   10525    151    321  +0.4361  +0.7626  +0.4754  +0.7441
   4143    662150   163   +5.776    7951    158    320  -0.0447  +0.0868  -0.1396  +0.2585
   4144    662312   162  +12.678   10956    170    279  +0.4415  +0.8757  +0.4788  +0.6131
   4145    662472   160  +16.315   11812    171    338  +0.5127  +1.0000  +0.4792  +0.7265
   4146    662635   163  +11.560   10586    179    309  +0.3320  +0.7785  +0.2737  +0.4811
   4147    662795   160  +13.804   10469    163    371  +0.3557  +0.7479  +0.3098  +0.6045
   4148    662956   161  +18.571   11181    161    429  +0.4758  +0.9346  +0.4761  +0.7354
   4149    663116   160   +8.622    8572    167    376  +0.0122  +0.2499  -0.1449  +0.2847
   4150    663269   153  +11.915    9667    165    340  +0.2020  +0.5373  -0.0232  +0.4663
   4151    663430   161  +15.053   10404    141    355  +0.4591  +0.7306  +0.5473  +0.8453
   4152    663591   161  +12.145    9499    172    355  +0.1486  +0.4931  -0.0584  +0.3807
   4153    663760   169  +11.080    9941    174    302  +0.2386  +0.6092  +0.1398  +0.4281
   4154    663915   155  +15.977   10330    129    360  +0.5025  +0.7112  +0.5430  +1.0000
   4155    664070   155  +13.162   10214    151    318  +0.3785  +0.6809  +0.3740  +0.6924
   4156    664228   158  +10.470   10018    174    353  +0.2409  +0.6293  +0.1431  +0.4414
   4157    664388   160  +16.235   11335    162    337  +0.5115  +0.9751  +0.4507  +0.7495
   4158    664543   155  +14.511   10728    159    324  +0.4323  +0.8156  +0.4451  +0.6861
   4159    664694   151   +9.829    9270    153    349  +0.1988  +0.4329  +0.1866  +0.5113
   4160    664856   162  +11.701   10111    162    368  +0.3051  +0.6537  +0.2899  +0.5635
   4161    665022   166  +12.055    9862    171    352  +0.2248  +0.5884  +0.1328  +0.4404
   4162    665176   154  +11.451    9854    141    310  +0.3632  +0.5863  +0.3583  +0.7505
   4163    665333   157  +11.234    8624    120    338  +0.2428  +0.2635  +0.2564  +0.7980
   4164    665489   156  +15.106    9558    121    409  +0.4031  +0.5086  +0.5161  +0.9685
   4165    665659   170  +11.520   10004    165    318  +0.2821  +0.6258  +0.2455  +0.5119
   4166    665822   163  +13.640   10524    154    298  +0.4268  +0.7623  +0.4708  +0.7050
   4167    665982   160  +12.633    9701    156    374  +0.2453  +0.5463  +0.1154  +0.5593
   4168    666139   157  +13.898   10157    140    316  +0.4263  +0.6658  +0.4770  +0.8175
   4169    666298   159  +13.351   10615    157    280  +0.4329  +0.7860  +0.4419  +0.6951
   4170    666466   168  +13.069   10328    148    335  +0.4120  +0.7108  +0.4620  +0.7421
   4171    666629   163  +12.574    9962    154    332  +0.3093  +0.6148  +0.2176  +0.6164
   4172    666788   159  +13.663   10382    142    349  +0.4505  +0.7250  +0.5136  +0.8324
   4173    666947   159  +16.746   11029    163    388  +0.4424  +0.8947  +0.3746  +0.6881
   4174    667111   164  +12.379   10323    148    307  +0.4080  +0.7095  +0.3570  +0.7461
   4175    667275   164   +9.088    8670    132    320  +0.1859  +0.2756  +0.1486  +0.6367
   4176    667432   157  +15.090   10594    146    354  +0.4612  +0.7805  +0.4834  +0.8145
   4177    667588   156  +17.608   11699    158    344  +0.5578  +1.0000  +0.5235  +0.8449
   4178    667749   161  +10.564    9551    144    369  +0.2934  +0.5068  +0.3878  +0.6589
   4179    667913   164  +14.785   10077    175    421  +0.2182  +0.6450  +0.0094  +0.4371
   4180    668066   153  +17.808   11113    143    400  +0.5381  +0.9169  +0.4153  +0.9381
   4181    668232   166  +15.731   11484    174    405  +0.4710  +1.0000  +0.4337  +0.6517
   4182    668390   158  +17.945   10716    166    418  +0.3750  +0.8125  +0.3081  +0.6187
   4183    668551   161  +16.791   10973    154    429  +0.4628  +0.8799  +0.3849  +0.7835
   4184    668711   160  +12.052   10211    169    335  +0.2900  +0.6800  +0.1738  +0.5077
   4185    668866   155  +10.570    9359    137    338  +0.2904  +0.4565  +0.3349  +0.7026
   4186    669030   164  +13.266   10369    156    347  +0.3794  +0.7215  +0.4012  +0.6605
   4187    669191   161  +12.804   10118    172    348  +0.2691  +0.6556  +0.2091  +0.4715
   4188    669352   161   +7.690    8792    148    299  +0.1370  +0.3075  +0.0181  +0.4865
   4189    669511   159   +8.157    8908    143    275  +0.2017  +0.3380  +0.2534  +0.5584
   4190    669667   156  +13.987   11048    155    313  +0.5034  +0.8997  +0.4800  +0.7852
   4191    669721    54   -6.220       0      8     92  -0.8223  -1.0000  -1.0000  -1.0000
   4192    669885   164  +14.425   10458    168    348  +0.3340  +0.7450  +0.2129  +0.5604
   4193    670039   154  +10.997    9893    142    284  +0.3784  +0.5966  +0.4534  +0.7405
   4194    670194   155  +11.757    9416    142    327  +0.2892  +0.4715  +0.3859  +0.6613
   4195    670356   162  +15.493   10960    165    359  +0.4345  +0.8766  +0.4084  +0.6584
   4196    670513   157  +13.756   10749    156    339  +0.4451  +0.8211  +0.4444  +0.7262
   4197    670671   158  +14.955   10903    153    406  +0.4714  +0.8617  +0.5104  +0.7785
   4198    670834   163  +11.332    9768    154    300  +0.2852  +0.5638  +0.2091  +0.5859
   4199    670995   161  +11.980   10196    147    333  +0.3806  +0.6761  +0.3182  +0.7290
   4200    671160   165  +12.020   10189    152    302  +0.3888  +0.6743  +0.5204  +0.6778

  ── rolling mean (last 100 ep) ──  cum_R=+12.716  yield=10018 kg/ha  N=154  W=342 mm  R_seas=+0.3241  R_ane=+0.6210

   4201    671325   165  +13.490   10304    164    371  +0.3187  +0.7043  +0.2342  +0.5667
   4202    671487   162  +12.795   10287    161    334  +0.3435  +0.6999  +0.3075  +0.6000
   4203    671650   163  +12.502    9927    164    372  +0.2622  +0.6056  +0.2254  +0.5130
   4204    671806   156  +15.319   11423    160    311  +0.5438  +0.9983  +0.5050  +0.7872
   4205    671965   159  +16.915   11374    159    383  +0.5158  +0.9854  +0.4197  +0.7864
   4206    672125   160  +10.397    9444    144    304  +0.2925  +0.4788  +0.4166  +0.6404
   4207    672284   159  +14.123   11140    152    322  +0.5271  +0.9238  +0.4807  +0.8326
   4208    672441   157  +14.159   10812    169    327  +0.3853  +0.8379  +0.1901  +0.6027
   4209    672603   162  +15.938   11213    167    322  +0.4758  +0.9431  +0.4347  +0.6770
   4210    672760   157  +12.654   10301    149    310  +0.4058  +0.7036  +0.4379  +0.7240
   4211    672919   159  +13.644   10123    138    333  +0.4302  +0.6570  +0.5497  +0.8275
   4212    673076   157   +9.416    9243    150    318  +0.2114  +0.4259  +0.1552  +0.5460
   4213    673231   155   +8.049    8813    166    403  +0.0401  +0.3132  -0.1965  +0.3272
   4214    673390   159  +17.106   10863    146    393  +0.4973  +0.8512  +0.5025  +0.8602
   4215    673555   165  +16.605   10671    143    370  +0.4895  +0.8008  +0.5374  +0.8691
   4216    673714   159  +12.445   10514    172    332  +0.3383  +0.7595  +0.2850  +0.5279
   4217    673871   157  +13.754   10056    134    347  +0.4435  +0.6394  +0.5902  +0.8827
   4218    674033   162   +8.470    8626    149    379  +0.0863  +0.2641  -0.0470  +0.4515
   4219    674203   170   +9.098    9436    168    282  +0.1793  +0.4766  +0.0914  +0.4002
   4220    674363   160  +14.394   10058    137    311  +0.4250  +0.6398  +0.4992  +0.8330
   4221    674522   159  +13.991   10326    149    346  +0.4003  +0.7103  +0.3996  +0.7333
   4222    674684   162  +10.184    9579    141    339  +0.3095  +0.5143  +0.3353  +0.6956
   4223    674843   159  +15.397   10498    135    343  +0.5000  +0.7553  +0.4981  +0.9472
   4224    674999   156  +10.641    9382    153    302  +0.2378  +0.4624  +0.3020  +0.5321
   4225    675158   159  +15.384   10654    146    348  +0.4835  +0.7963  +0.5873  +0.8288
   4226    675316   158  +13.717   10966    163    317  +0.4634  +0.8782  +0.5122  +0.6856
   4227    675473   157  +13.706   10751    166    321  +0.4019  +0.8217  +0.3473  +0.6188
   4228    675629   156  +15.880   10179    142    375  +0.3909  +0.6716  +0.3041  +0.7929
   4229    675795   166   +7.971    8960    152    311  +0.1536  +0.3517  +0.0903  +0.4739
   4230    675952   157  +12.820   10388    144    303  +0.4575  +0.7265  +0.6053  +0.7976
   4231    676117   165  +10.297    9398    158    376  +0.1867  +0.4666  +0.0675  +0.4908
   4232    676275   158  +15.499   10781    157    377  +0.4370  +0.8298  +0.4309  +0.7191
   4233    676433   158   +7.070    7700    133    356  -0.0019  +0.0210  -0.0587  +0.4446
   4234    676589   156  +14.027   10381    171    392  +0.3004  +0.7246  +0.2002  +0.5152
   4235    676751   162  +13.944   10653    150    296  +0.4621  +0.7960  +0.4642  +0.7719
   4236    676910   159  +12.633    9927    138    308  +0.4061  +0.6054  +0.5332  +0.8036
   4237    677064   154  +14.600   10601    170    340  +0.3543  +0.7823  +0.2637  +0.5594
   4238    677223   159  +18.967   11390    153    449  +0.5364  +0.9896  +0.4884  +0.8604
   4239    677377   154  +14.115   10651    164    351  +0.3793  +0.7955  +0.2529  +0.6266
   4240    677541   164  +14.973   10618    162    410  +0.3704  +0.7868  +0.2839  +0.6350
   4241    677709   168  +11.300   10377    168    327  +0.3334  +0.7236  +0.3061  +0.5425
   4242    677869   160  +15.204   11196    159    340  +0.5076  +0.9386  +0.5159  +0.7606
   4243    678030   161  +15.541   10907    169    356  +0.4137  +0.8628  +0.3902  +0.6170
   4244    678189   159  +11.228    9748    140    325  +0.3551  +0.5586  +0.4533  +0.7381
   4245    678349   160  +10.394    9455    157    319  +0.2337  +0.4817  +0.3315  +0.5014
   4246    678510   161  +11.309    8889    134    403  +0.1984  +0.3330  +0.1373  +0.6631
   4247    678664   154  +12.008   10357    153    318  +0.4013  +0.7185  +0.4501  +0.6960
   4248    678822   158  +14.420   11148    166    353  +0.4632  +0.9259  +0.4212  +0.6808
   4249    678975   153  +13.828   10158    147    365  +0.3893  +0.6662  +0.5214  +0.7242
   4250    679135   160  +11.980    9993    164    314  +0.2838  +0.6228  +0.2089  +0.5277
   4251    679295   160  +13.447   10386    160    377  +0.3549  +0.7259  +0.3301  +0.6228
   4252    679450   155  +13.749   10402    139    344  +0.4609  +0.7302  +0.4662  +0.8683
   4253    679612   162  +13.405   10605    150    339  +0.4413  +0.7834  +0.4251  +0.7614
   4254    679767   155  +15.343   10638    156    373  +0.4158  +0.7922  +0.4029  +0.7041
   4255    679924   157  +12.889   10665    160    296  +0.4310  +0.7992  +0.4987  +0.6685
   4256    680084   160   +6.061    8005    150    344  -0.0199  +0.1010  -0.1747  +0.3359
   4257    680242   158   +8.707    8976    165    365  +0.0893  +0.3560  -0.0598  +0.3610
   4258    680398   156  +12.368   10504    152    332  +0.4254  +0.7570  +0.4481  +0.7330
   4259    680553   155  +13.218   10636    153    324  +0.4516  +0.7917  +0.5460  +0.7384
   4260    680709   156  +13.358   10536    159    343  +0.4024  +0.7654  +0.4634  +0.6598
   4261    680870   161  +13.217   10227    139    346  +0.4367  +0.6842  +0.5078  +0.8370
   4262    681032   162  +10.180    9534    158    287  +0.2490  +0.5024  +0.3271  +0.5060
   4263    681192   160  +10.316    9337    174    318  +0.1266  +0.4506  -0.0590  +0.3428
   4264    681348   156  +13.953   10945    163    340  +0.4461  +0.8727  +0.4270  +0.6792
   4265    681508   160  +11.218   10204    153    296  +0.3767  +0.6782  +0.4127  +0.6664
   4266    681663   155  +14.733   11091    157    301  +0.5026  +0.9109  +0.4556  +0.7704
   4267    681826   163   +8.729    9457    178    336  +0.1333  +0.4822  -0.0186  +0.3282
   4268    681982   156  +10.526    9609    156    348  +0.2327  +0.5220  +0.0837  +0.5434
   4269    682139   157  +14.156   11088    160    366  +0.4767  +0.9103  +0.4485  +0.7360
   4270    682301   162  +14.021   11002    156    335  +0.4858  +0.8877  +0.4833  +0.7587
   4271    682465   164  +11.282    9572    146    370  +0.2752  +0.5123  +0.2590  +0.6379
   4272    682629   164  +10.368    9803    177    302  +0.2060  +0.5730  +0.0903  +0.3879
   4273    682790   161  +11.652   10151    166    328  +0.3007  +0.6644  +0.2644  +0.5245
   4274    682948   158  +13.244   10488    148    301  +0.4479  +0.7526  +0.4892  +0.7737
   4275    683108   160  +12.666   10519    156    369  +0.3933  +0.7608  +0.3295  +0.6914
   4276    683267   159  +17.647   11671    169    411  +0.5018  +1.0000  +0.5170  +0.7234
   4277    683429   162  +12.705   10240    168    383  +0.3016  +0.6877  +0.3166  +0.5192
   4278    683589   160  +15.073   11018    163    358  +0.4556  +0.8920  +0.4434  +0.6914
   4279    683748   159  +11.730    9886    170    342  +0.2329  +0.5946  +0.1095  +0.4574
   4280    683908   160  +14.101   10879    164    326  +0.4341  +0.8553  +0.3975  +0.6639
   4281    684065   157  +11.074   10114    165    311  +0.3080  +0.6547  +0.3235  +0.5291
   4282    684225   160  +14.111   11174    179    336  +0.4248  +0.9329  +0.3885  +0.5641
   4283    684382   157  +10.987    8848    132    357  +0.2006  +0.3223  +0.0586  +0.6774
   4284    684545   163  +10.119    9747    165    357  +0.2176  +0.5582  +0.0560  +0.4758
   4285    684707   162  +11.201   10284    175    334  +0.2772  +0.6991  +0.1133  +0.4682
   4286    684865   158  +16.463   11521    164    384  +0.5228  +1.0000  +0.5424  +0.7574
   4287    685029   164  +11.044    9136    153    391  +0.1523  +0.3979  +0.0142  +0.4889
   4288    685184   155  +12.249   10277    149    324  +0.3994  +0.6975  +0.4229  +0.7246
   4289    685338   154  +14.614   10662    160    364  +0.4061  +0.7984  +0.3883  +0.6685
   4290    685499   161  +13.580   11162    160    274  +0.5067  +0.9298  +0.4505  +0.7476
   4291    685654   155  +11.945   10010    150    368  +0.3360  +0.6274  +0.3299  +0.6689
   4292    685815   161  +11.977   10047    164    376  +0.2712  +0.6371  +0.1286  +0.5349
   4293    685976   161  +16.393   11341    170    377  +0.4755  +0.9767  +0.4458  +0.6687
   4294    686133   157  +12.906   10753    160    296  +0.4458  +0.8224  +0.5373  +0.6754
   4295    686298   165   +6.758    8887    155    302  +0.1246  +0.3326  +0.0064  +0.4301
   4296    686456   158  +13.830   10781    165    355  +0.3976  +0.8296  +0.2845  +0.6355
   4297    686623   167  +11.602   10526    164    314  +0.3860  +0.7628  +0.4376  +0.6063
   4298    686782   159  +14.773   10878    158    326  +0.4555  +0.8552  +0.3994  +0.7249
   4299    686949   167  +15.845   10972    174    412  +0.3746  +0.8797  +0.1977  +0.5748
   4300    687105   156  +13.790   10477    166    413  +0.3313  +0.7499  +0.2513  +0.5735

  ── rolling mean (last 100 ep) ──  cum_R=+12.836  yield=10263 kg/ha  N=157  W=344 mm  R_seas=+0.3550  R_ane=+0.6413

   4301    687269   164  +13.460   10754    171    305  +0.3896  +0.8225  +0.3491  +0.5738
   4302    687431   162  +10.516    9004    144    412  +0.1815  +0.3631  +0.2170  +0.5630
   4303    687595   164  +12.946   10479    172    312  +0.3369  +0.7503  +0.2675  +0.5270
   4304    687755   160  +17.941   11161    158    493  +0.4593  +0.9295  +0.3633  +0.7630
   4305    687917   162  +16.339   11302    166    379  +0.4657  +0.9663  +0.2645  +0.7048
   4306    688075   158  +11.421   10479    163    333  +0.3637  +0.7503  +0.2831  +0.6106
   4307    688240   165  +18.293   11318    153    401  +0.5395  +0.9706  +0.5275  +0.8506
   4308    688401   161  +12.265    9850    151    393  +0.2816  +0.5854  +0.1180  +0.6323
   4309    688567   166  +12.092   10298    170    327  +0.2916  +0.7030  +0.0786  +0.5108
   4310    688727   160  +12.508   10025    147    354  +0.3437  +0.6312  +0.2397  +0.7049
   4311    688886   159  +10.196    9722    160    328  +0.2446  +0.5518  +0.1459  +0.5167
   4312    689052   166  +13.590   10677    158    330  +0.4269  +0.8025  +0.4562  +0.6850
   4313    689212   160  +11.547    9927    153    274  +0.3406  +0.6055  +0.4415  +0.6191
   4314    689376   164  +14.090   10562    173    336  +0.3333  +0.7722  +0.1957  +0.5280
   4315    689538   162   +8.921    9637    167    286  +0.2168  +0.5295  +0.1415  +0.4393
   4316    689698   160  +16.397   11425    165    371  +0.4986  +0.9986  +0.3751  +0.7284
   4317    689864   166  +10.980   10176    170    340  +0.2772  +0.6709  +0.1124  +0.5009
   4318    690019   155   +5.734    8166    150    300  +0.0192  +0.1432  -0.1060  +0.3585
   4319    690182   163  +10.968    9672    155    308  +0.2569  +0.5387  +0.1212  +0.5614
   4320    690339   157  +11.342    9576    124    270  +0.4250  +0.5134  +0.5591  +0.9320
   4321    690495   156   +9.753    9551    163    273  +0.2045  +0.5068  -0.0091  +0.4632
   4322    690655   160  +12.122   10214    173    358  +0.2707  +0.6809  +0.1457  +0.4734
   4323    690810   155  +17.961   10971    142    421  +0.5255  +0.8796  +0.5100  +0.9270
   4324    690965   155  +15.174   10962    158    324  +0.4776  +0.8771  +0.4859  +0.7391
   4325    691126   161   +7.309    8491    149    336  +0.0653  +0.2286  -0.1101  +0.4227
   4326    691293   167   +9.274    9359    164    315  +0.1783  +0.4565  +0.1147  +0.4302
   4327    691449   156  +18.575   10830    147    448  +0.4635  +0.8424  +0.3600  +0.8452
   4328    691606   157  +10.861    9957    154    284  +0.3391  +0.6133  +0.4283  +0.6156
   4329    691766   160   +9.250    9448    154    329  +0.2227  +0.4798  +0.1420  +0.5318
   4330    691927   161  +15.653   11110    156    314  +0.5105  +0.9161  +0.4877  +0.7858
   4331    692090   163  +16.070   10968    174    409  +0.3915  +0.8787  +0.3474  +0.5796
   4332    692255   165  +12.428    9820    161    419  +0.2369  +0.5775  +0.1376  +0.5220
   4333    692417   162  +12.806    9851    142    396  +0.3459  +0.5856  +0.4085  +0.7364
   4334    692580   163  +16.749   10499    129    365  +0.5221  +0.7557  +0.5704  +1.0000
   4335    692739   159  +12.527   10699    157    302  +0.4362  +0.8082  +0.4182  +0.7005
   4336    692896   157  +11.195   10055    143    322  +0.3815  +0.6392  +0.3579  +0.7539
   4337    693063   167  +13.060   10800    159    314  +0.4377  +0.8345  +0.3842  +0.6935
   4338    693218   155  +13.925   10726    146    361  +0.4759  +0.8152  +0.4502  +0.8337
   4339    693374   156  +11.371   10218    161    317  +0.3306  +0.6819  +0.2490  +0.5894
   4340    693535   161  +14.771   10338    140    391  +0.4343  +0.7134  +0.4489  +0.8417
   4341    693696   161  +10.766    9064    128    320  +0.2940  +0.3789  +0.3751  +0.7760
   4342    693861   165  +11.750    9812    149    338  +0.3001  +0.5752  +0.1795  +0.6471
   4343    694022   161  +13.165   10136    150    318  +0.3691  +0.6603  +0.3629  +0.6907
   4344    694184   162  +13.548   10546    154    277  +0.4253  +0.7681  +0.3748  +0.7102
   4345    694348   164  +16.285   10776    143    398  +0.4995  +0.8284  +0.5215  +0.8896
   4346    694506   158  +14.626   10215    131    351  +0.4636  +0.6811  +0.4313  +0.9463
   4347    694669   163  +11.402   10306    166    282  +0.3408  +0.7049  +0.3308  +0.5506
   4348    694824   155  +14.432   10550    148    350  +0.4521  +0.7690  +0.5284  +0.7851
   4349    694980   156  +11.243    9580    138    339  +0.3346  +0.5146  +0.4430  +0.7373
   4350    695139   159  +14.843   10374    136    349  +0.4744  +0.7227  +0.4997  +0.9099
   4351    695294   155   +8.111    9112    156    341  +0.1541  +0.3915  +0.0591  +0.4594
   4352    695451   157   +8.999    9047    140    324  +0.2086  +0.3745  +0.0889  +0.6160
   4353    695614   163  +11.464    9468    165    398  +0.1634  +0.4850  +0.0149  +0.4336
   4354    695775   161  +14.604   10856    150    350  +0.4896  +0.8493  +0.5010  +0.8147
   4355    695932   157  +14.844   11083    155    378  +0.4806  +0.9089  +0.3567  +0.7825
   4356    696089   157  +10.000    8927    149    356  +0.1421  +0.3431  +0.0074  +0.4992
   4357    696246   157  +12.263    9494    160    393  +0.1919  +0.4918  +0.0780  +0.4862
   4358    696406   160  +11.711   10107    146    303  +0.3938  +0.6527  +0.4512  +0.7365
   4359    696564   158  +10.197    9254    160    356  +0.1562  +0.4289  +0.0309  +0.4430
   4360    696729   165  +17.812   11738    164    380  +0.5277  +1.0000  +0.5060  +0.7842
   4361    696884   155  +14.778   10709    139    357  +0.5098  +0.8109  +0.4938  +0.9237
   4362    697039   155  +13.667   10169    153    371  +0.3387  +0.6691  +0.2357  +0.6612
   4363    697200   161  +13.685   10712    146    355  +0.4827  +0.8117  +0.5026  +0.8385
   4364    697360   160  +12.549   10352    159    308  +0.3566  +0.7172  +0.2252  +0.6273
   4365    697518   158  +10.228    9577    151    269  +0.2843  +0.5135  +0.3100  +0.5900
   4366    697681   163   +6.493    8879    166    276  +0.0827  +0.3305  -0.1182  +0.3357
   4367    697834   153  +12.079   10837    159    311  +0.4485  +0.8444  +0.4279  +0.6994
   4368    697999   165  +14.584   10987    171    340  +0.4154  +0.8837  +0.3324  +0.6070
   4369    698157   158  +10.735    9248    130    352  +0.2854  +0.4274  +0.1869  +0.7711
   4370    698315   158  +12.197    9532    133    362  +0.3232  +0.5018  +0.2471  +0.7892
   4371    698476   161  +13.491   10695    157    340  +0.4415  +0.8071  +0.5534  +0.6999
   4372    698637   161  +16.175   10808    153    382  +0.4605  +0.8367  +0.4881  +0.7662
   4373    698794   157  +13.830   10970    160    356  +0.4586  +0.8793  +0.4496  +0.7110
   4374    698960   166  +16.615   11106    145    382  +0.5402  +0.9150  +0.4973  +0.9119
   4375    699124   164  +12.023    9931    160    394  +0.2692  +0.6066  +0.2124  +0.5480
   4376    699283   159   +9.920    9577    171    365  +0.1574  +0.5136  -0.0916  +0.3989
   4377    699443   160  +14.240   10741    156    381  +0.4317  +0.8192  +0.4324  +0.7172
   4378    699599   156  +13.193    9809    141    387  +0.3292  +0.5745  +0.2584  +0.7381
   4379    699760   161  +12.888    9946    152    388  +0.2990  +0.6104  +0.1672  +0.6385
   4380    699922   162  +13.526   10376    141    329  +0.4550  +0.7232  +0.5010  +0.8398
   4381    700080   158  +12.853    9840    152    385  +0.2784  +0.5827  +0.1122  +0.6231
   4382    700244   164  +10.934    9424    152    358  +0.2143  +0.4734  +0.0869  +0.5468
   4383    700402   158  +15.803   11212    156    395  +0.5046  +0.9427  +0.4372  +0.8018
   4384    700559   157  +12.978   10032    154    375  +0.3040  +0.6331  +0.1580  +0.6238
   4385    700721   162  +12.491    9102    149    437  +0.1539  +0.3889  +0.0355  +0.5227
   4386    700880   159  +11.203   10172    156    332  +0.3407  +0.6699  +0.2700  +0.6336
   4387    701043   163  +10.156    9174    166    386  +0.1116  +0.4080  -0.0506  +0.3795
   4388    701204   161   +4.388    7970    157    298  -0.0333  +0.0918  -0.1374  +0.2717
   4389    701364   160  +13.701   10884    156    338  +0.4625  +0.8567  +0.4198  +0.7445
   4390    701525   161  +14.464   10619    147    356  +0.4592  +0.7872  +0.4780  +0.8043
   4391    701684   159  +15.469   10894    152    391  +0.4755  +0.8593  +0.4918  +0.7897
   4392    701842   158  +11.139   10087    152    302  +0.3516  +0.6475  +0.2991  +0.6629
   4393    701996   154  +11.658    9895    152    380  +0.3132  +0.5971  +0.3720  +0.6299
   4394    702154   158   +7.257    8773    144    304  +0.1369  +0.3026  -0.0860  +0.5241
   4395    702307   153  +13.296   10377    159    391  +0.3511  +0.7236  +0.3133  +0.6273
   4396    702467   160  +14.593   11361    166    343  +0.5016  +0.9818  +0.4696  +0.7114
   4397    702624   157  +11.805   10170    174    386  +0.2620  +0.6692  +0.2050  +0.4601
   4398    702783   159  +15.701   11080    153    366  +0.5073  +0.9081  +0.5072  +0.8100
   4399    702950   167  +13.330   10925    165    333  +0.4267  +0.8675  +0.3101  +0.6588
   4400    703108   158  +15.478   10819    129    358  +0.5535  +0.8396  +0.5376  +1.0000

  ── rolling mean (last 100 ep) ──  cum_R=+12.700  yield=10173 kg/ha  N=154  W=350 mm  R_seas=+0.3485  R_ane=+0.6613

   4401    703269   161  +13.325   10710    151    340  +0.4626  +0.8110  +0.4976  +0.7729
   4402    703430   161  +13.400    9566    128    373  +0.3700  +0.5107  +0.4114  +0.8763
   4403    703587   157  +15.947   10880    148    396  +0.4914  +0.8558  +0.4926  +0.8430
   4404    703748   161  +16.361   10926    150    371  +0.4839  +0.8678  +0.4143  +0.8157
   4405    703915   167  +13.200   10474    150    355  +0.4245  +0.7490  +0.4927  +0.7396
   4406    704073   158  +13.909   10641    155    362  +0.4212  +0.7930  +0.3969  +0.7141
   4407    704231   158  +11.878   10166    152    285  +0.3848  +0.6682  +0.4778  +0.6756
   4408    704390   159  +15.015   10540    130    367  +0.5270  +0.7663  +0.5880  +1.0000
   4409    704556   166   +8.949    9240    142    311  +0.2395  +0.4253  +0.1530  +0.6245
   4410    704714   158  +17.155   11995    156    372  +0.5759  +1.0000  +0.5091  +0.9241
   4411    704870   156  +10.474    9781    157    325  +0.2654  +0.5673  +0.1403  +0.5598
   4412    705032   162   +9.756   10106    170    323  +0.2659  +0.6524  +0.0884  +0.4859
   4413    705198   166  +12.249   10068    167    321  +0.2856  +0.6426  +0.2457  +0.5060
   4414    705359   161  +17.054   11680    167    364  +0.5180  +1.0000  +0.4811  +0.7531
   4415    705513   154  +11.303    9988    143    293  +0.3874  +0.6215  +0.4643  +0.7422
   4416    705670   157  +16.272   10630    154    462  +0.3925  +0.7900  +0.2732  +0.7279
   4417    705828   158  +10.241    9588    170    336  +0.1862  +0.5165  +0.0899  +0.4095
   4418    705987   159  +11.411   10134    153    268  +0.3724  +0.6597  +0.4229  +0.6542
   4419    706146   159  +14.052   11008    160    322  +0.4812  +0.8892  +0.5297  +0.7226
   4420    706304   158  +10.309    9473    140    328  +0.2874  +0.4864  +0.1987  +0.6949
   4421    706454   150  +14.986   11243    151    322  +0.5502  +0.9510  +0.5264  +0.8575
   4422    706615   161   +9.895    9851    152    301  +0.3109  +0.5856  +0.2758  +0.6180
   4423    706777   162  +11.510    9316    136    349  +0.2809  +0.4451  +0.2774  +0.7104
   4424    706932   155   +9.293    9376    143    325  +0.2554  +0.4608  +0.1599  +0.6385
   4425    707093   161  +12.999   10251    144    328  +0.4146  +0.6906  +0.3995  +0.7857
   4426    707258   165  +13.177   10817    159    360  +0.4453  +0.8391  +0.4960  +0.7044
   4427    707417   159  +12.879   10895    157    325  +0.4717  +0.8597  +0.4960  +0.7386
   4428    707577   160  +16.507   11357    160    370  +0.5212  +0.9809  +0.5068  +0.7736
   4429    707739   162  +13.673   10495    156    376  +0.3803  +0.7545  +0.2833  +0.6782
   4430    707899   160  +14.815   10013    130    428  +0.4201  +0.6281  +0.4370  +0.9200
   4431    708061   162  +15.270   11684    159    385  +0.5496  +1.0000  +0.5629  +0.8331
   4432    708222   161  +13.723   10699    156    331  +0.4400  +0.8082  +0.4480  +0.7197
   4433    708379   157   +9.552    9165    151    331  +0.1979  +0.4054  +0.2227  +0.5170
   4434    708537   158  +15.214   10590    171    445  +0.3290  +0.7794  +0.2582  +0.5521
   4435    708697   160  +13.869   10662    172    389  +0.3510  +0.7986  +0.3060  +0.5494
   4436    708857   160  +14.837   10849    160    296  +0.4547  +0.8475  +0.4535  +0.6982
   4437    709014   157  +16.174   11247    160    416  +0.4937  +0.9519  +0.4729  +0.7621
   4438    709179   165  +12.787   10264    147    313  +0.4039  +0.6939  +0.4031  +0.7410
   4439    709340   161  +17.359   10707    129    442  +0.5241  +0.8103  +0.5282  +1.0000
   4440    709501   161  +13.523   10698    151    348  +0.4565  +0.8079  +0.4838  +0.7671
   4441    709667   166  +15.893   11378    165    365  +0.5013  +0.9863  +0.4367  +0.7277
   4442    709825   158  +11.490   10325    162    378  +0.3442  +0.7100  +0.3924  +0.5920
   4443    709984   159  +12.580   10198    155    346  +0.3538  +0.6765  +0.3605  +0.6462
   4444    710148   164  +16.822   11069    148    376  +0.5311  +0.9052  +0.5484  +0.8766
   4445    710304   156  +13.031   10124    138    349  +0.4176  +0.6573  +0.4460  +0.8298
   4446    710463   159  +15.019   11355    166    333  +0.5141  +0.9803  +0.5703  +0.7144
   4447    710629   166  +13.701   10202    161    404  +0.2990  +0.6776  +0.1451  +0.5831
   4448    710779   150  +13.714   11028    152    299  +0.5114  +0.8945  +0.4543  +0.8135
   4449    710937   158  +13.712   10950    170    312  +0.4239  +0.8741  +0.3893  +0.6094
   4450    711096   159  +13.228   10091    148    383  +0.3381  +0.6485  +0.1911  +0.7010
   4451    711251   155  +11.337    9973    170    364  +0.2510  +0.6177  +0.2227  +0.4650
   4452    711411   160  +14.897   11863    155    351  +0.5796  +1.0000  +0.5285  +0.9147
   4453    711573   162  +13.712   10605    140    357  +0.4849  +0.7834  +0.4445  +0.8944
   4454    711731   158  +12.339   10226    142    287  +0.4373  +0.6841  +0.5072  +0.8040
   4455    711894   163   +7.982    8937    152    290  +0.1448  +0.3457  +0.0137  +0.4647
   4456    712056   162  +12.116   10181    141    358  +0.4196  +0.6723  +0.4992  +0.8090
   4457    712214   158  +14.688   10457    150    404  +0.3907  +0.7446  +0.2688  +0.7401
   4458    712378   164  +10.314    9476    154    347  +0.2215  +0.4872  +0.1286  +0.5342
   4459    712543   165  +13.507   10858    156    344  +0.4686  +0.8499  +0.5522  +0.7347
   4460    712697   154  +12.892    9696    168    435  +0.1951  +0.5449  +0.1436  +0.4453
   4461    712853   156   +8.021    9046    152    310  +0.1520  +0.3742  -0.0554  +0.4868
   4462    713014   161  +18.254   11049    148    459  +0.4947  +0.9000  +0.4171  +0.8630
   4463    713177   163  +13.369   11152    158    338  +0.5021  +0.9270  +0.4880  +0.7636
   4464    713339   162  +12.857    9755    144    374  +0.3220  +0.5604  +0.3821  +0.6890
   4465    713490   151  +13.874   11189    160    367  +0.4923  +0.9367  +0.4857  +0.7427
   4466    713653   163  +12.783   10071    151    368  +0.3497  +0.6433  +0.3998  +0.6708
   4467    713814   161  +11.222   10111    150    337  +0.3689  +0.6539  +0.4236  +0.6909
   4468    713975   161   +8.878    8871    148    389  +0.1256  +0.3283  -0.0374  +0.4995
   4469    714136   161  +15.708   11101    150    361  +0.5234  +0.9136  +0.5013  +0.8501
   4470    714295   159   +8.774    8936    152    379  +0.1232  +0.3454  -0.0514  +0.4728
   4471    714455   160  +11.978   10048    146    392  +0.3489  +0.6373  +0.3103  +0.7152
   4472    714615   160  +14.157   11020    171    335  +0.4143  +0.8925  +0.2705  +0.6097
   4473    714770   155  +12.010   10144    149    352  +0.3674  +0.6625  +0.3572  +0.7047
   4474    714927   157  +14.347   11058    155    357  +0.4981  +0.9023  +0.5095  +0.7838
   4475    715084   157  +13.524   10652    142    323  +0.4974  +0.7957  +0.5096  +0.8788
   4476    715248   164  +15.747   11919    167    329  +0.5327  +1.0000  +0.4808  +0.7804
   4477    715403   155  +15.174   10553    160    403  +0.3686  +0.7699  +0.2681  +0.6484
   4478    715568   165   +9.485    9598    166    367  +0.1923  +0.5192  +0.0759  +0.4450
   4479    715735   167  +12.633   10384    148    337  +0.4146  +0.7256  +0.3808  +0.7583
   4480    715887   152  +16.359   11481    151    392  +0.5695  +1.0000  +0.5443  +0.8974
   4481    716052   165  +14.490   10520    161    381  +0.3755  +0.7613  +0.3682  +0.6357
   4482    716212   160  +11.926   10008    172    358  +0.2352  +0.6269  +0.0533  +0.4553
   4483    716370   158   +9.781    9915    149    297  +0.3473  +0.6023  +0.3938  +0.6686
   4484    716525   155  +11.940   10461    151    369  +0.4184  +0.7457  +0.5137  +0.7277
   4485    716682   157  +12.255   10002    155    410  +0.2894  +0.6251  +0.1560  +0.6111
   4486    716841   159  +14.113   10623    161    375  +0.3937  +0.7881  +0.3995  +0.6472
   4487    716996   155  +11.045   10217    163    270  +0.3349  +0.6816  +0.2695  +0.5690
   4488    717159   163  +14.994   11733    181    350  +0.4618  +1.0000  +0.3667  +0.6191
   4489    717324   165  +14.766   10980    150    332  +0.5094  +0.8819  +0.4702  +0.8361
   4490    717488   164  +12.406    9944    157    358  +0.2899  +0.6101  +0.1979  +0.5864
   4491    717648   160  +12.385   10296    146    364  +0.4078  +0.7024  +0.4587  +0.7566
   4492    717813   165   +8.544    8684    154    350  +0.0843  +0.2794  -0.0207  +0.4060
   4493    717975   162  +17.835   11862    169    465  +0.4910  +1.0000  +0.4212  +0.7545
   4494    718141   166   +6.761    8870    179    334  +0.0312  +0.3280  -0.1581  +0.2398
   4495    718301   160  +11.294   10126    162    360  +0.2992  +0.6577  +0.2058  +0.5617
   4496    718459   158  +15.169   11309    170    402  +0.4628  +0.9682  +0.4060  +0.6671
   4497    718615   156  +15.301   11060    159    416  +0.4629  +0.9028  +0.4183  +0.7415
   4498    718780   165  +13.350   11362    166    338  +0.5050  +0.9823  +0.4954  +0.7110
   4499    718943   163  +10.320    9913    158    309  +0.2924  +0.6018  +0.2198  +0.5685
   4500    719099   156  +17.838   12212    163    382  +0.5594  +1.0000  +0.5589  +0.8714

  ── rolling mean (last 100 ep) ──  cum_R=+13.130  yield=10450 kg/ha  N=155  W=356 mm  R_seas=+0.3881  R_ane=+0.6929

   4501    719258   159  +12.812    9933    138    357  +0.3928  +0.6071  +0.5026  +0.8005
   4502    719421   163  +12.613    9990    159    392  +0.2825  +0.6222  +0.1933  +0.5738
   4503    719575   154  +15.708   10937    150    365  +0.5059  +0.8705  +0.5768  +0.8262
   4504    719738   163  +11.198   10406    162    316  +0.3706  +0.7311  +0.4065  +0.6055
   4505    719892   154  +16.215   11373    154    395  +0.5393  +0.9849  +0.4947  +0.8405
   4506    720054   162  +10.937    9693    141    304  +0.3410  +0.5442  +0.3987  +0.7158
   4507    720214   160  +14.507   11083    156    383  +0.4803  +0.9089  +0.3886  +0.7749
   4508    720379   165  +13.763   10812    162    380  +0.4094  +0.8379  +0.3018  +0.6697
   4509    720540   161  +11.567   10283    163    379  +0.3218  +0.6989  +0.2501  +0.5810
   4510    720705   165   +9.966    9856    173    335  +0.2168  +0.5868  +0.0922  +0.4218
   4511    720864   159  +11.747   10232    150    304  +0.3865  +0.6855  +0.3476  +0.7101
   4512    721023   159  +13.552   10547    148    351  +0.4467  +0.7683  +0.4887  +0.7825
   4513    721186   163  +13.315   10762    166    353  +0.4020  +0.8246  +0.3948  +0.6211
   4514    721347   161  +12.999   10182    160    426  +0.3042  +0.6724  +0.2139  +0.5961
   4515    721513   166  +13.877   10755    170    327  +0.3846  +0.8228  +0.3250  +0.5784
   4516    721673   160  +10.653   10277    160    313  +0.3361  +0.6973  +0.1998  +0.6003
   4517    721832   159  +16.515   10821    162    423  +0.4139  +0.8401  +0.4419  +0.6649
   4518    721994   162  +14.819   11409    172    371  +0.4764  +0.9945  +0.4095  +0.6594
   4519    722155   161  +11.759    9989    146    356  +0.3522  +0.6217  +0.3648  +0.7047
   4520    722319   164  +12.036    9561    145    430  +0.2488  +0.5093  +0.0796  +0.6519
   4521    722474   155  +16.754   10108    128    459  +0.4493  +0.6529  +0.4886  +0.9825
   4522    722631   157  +15.942   11254    159    360  +0.5079  +0.9538  +0.4559  +0.7736
   4523    722787   156  +15.287   10470    144    377  +0.4463  +0.7481  +0.4685  +0.8244
   4524    722954   167  +15.175   10653    157    412  +0.4018  +0.7960  +0.3473  +0.6984
   4525    723112   158  +11.577    9639    140    333  +0.3375  +0.5299  +0.4373  +0.7271
   4526    723276   164  +11.113    9889    160    386  +0.2579  +0.5954  +0.1452  +0.5418
   4527    723426   150  +16.535   11484    153    394  +0.5496  +1.0000  +0.4230  +0.8756
   4528    723587   161  +12.920   10446    156    373  +0.3857  +0.7418  +0.3845  +0.6767
   4529    723747   160  +14.737   10642    149    357  +0.4483  +0.7931  +0.4224  +0.7828
   4530    723907   160  +15.061   11116    150    345  +0.5321  +0.9177  +0.5183  +0.8567
   4531    724059   152  +11.920   10561    155    354  +0.4067  +0.7719  +0.3523  +0.7034
   4532    724216   157  +12.991    9918    131    369  +0.4101  +0.6032  +0.4201  +0.8875
   4533    724379   163  +12.829   10680    151    297  +0.4562  +0.8033  +0.3963  +0.7672
   4534    724543   164  +11.902   10411    153    336  +0.3908  +0.7324  +0.3016  +0.7040
   4535    724703   160  +13.019    9995    148    376  +0.3331  +0.6235  +0.2491  +0.6925
   4536    724861   158  +10.924    9898    149    342  +0.3129  +0.5979  +0.1819  +0.6611
   4537    725025   164  +10.614   10439    178    291  +0.3129  +0.7398  +0.2340  +0.4685
   4538    725181   156  +11.990   10746    157    280  +0.4373  +0.8203  +0.3014  +0.7117
   4539    725345   164  +13.275   10223    128    324  +0.4952  +0.6833  +0.5198  +0.9958
   4540    725503   158  +11.615    9553    133    381  +0.3341  +0.5073  +0.3634  +0.7920
   4541    725667   164  +12.059   10147    148    320  +0.3835  +0.6631  +0.4288  +0.7119
   4542    725831   164  +12.482   10832    164    349  +0.4265  +0.8431  +0.4633  +0.6495
   4543    725990   159  +11.071   10140    160    318  +0.3245  +0.6614  +0.2822  +0.5845
   4544    726151   161  +15.115   10781    153    381  +0.4520  +0.8297  +0.4454  +0.7613
   4545    726307   156  +10.207    9518    164    373  +0.1726  +0.4982  -0.0462  +0.4486
   4546    726469   162  +13.560   10673    152    362  +0.4452  +0.8013  +0.4620  +0.7559
   4547    726629   160  +13.799   10274    141    394  +0.3963  +0.6966  +0.2082  +0.8209
   4548    726792   163  +12.951   10115    155    393  +0.3108  +0.6548  +0.1504  +0.6327
   4549    726955   163  +13.741   11006    160    350  +0.4691  +0.8888  +0.4797  +0.7188
   4550    727116   161  +11.553   10337    159    275  +0.3736  +0.7132  +0.3531  +0.6250
   4551    727276   160   +8.897    8992    148    344  +0.1466  +0.3602  -0.0875  +0.5145
   4552    727435   159   +7.764    9059    162    382  +0.1002  +0.3777  -0.1233  +0.3968
   4553    727595   160  +14.777   11350    164    325  +0.5036  +0.9790  +0.4056  +0.7287
   4554    727746   151  +12.398   10437    152    371  +0.3950  +0.7395  +0.3432  +0.7167
   4555    727902   156  +13.072   10782    153    344  +0.4586  +0.8299  +0.4421  +0.7597
   4556    728057   155   +6.957    8419    144    351  +0.0728  +0.2098  -0.0909  +0.4665
   4557    728217   160  +11.233    9250    145    435  +0.1856  +0.4278  -0.0422  +0.5941
   4558    728376   159  +14.624   10581    141    382  +0.4710  +0.7772  +0.4595  +0.8710
   4559    728538   162  +14.338   10775    154    353  +0.4531  +0.8281  +0.4659  +0.7439
   4560    728697   159  +15.978   10844    155    370  +0.4490  +0.8463  +0.3704  +0.7500
   4561    728852   155  +11.981    9477    165    456  +0.1434  +0.4875  -0.0947  +0.4382
   4562    729007   155  +13.116   10536    145    358  +0.4560  +0.7655  +0.4780  +0.8200
   4563    729162   155   +9.090    8899    152    389  +0.1226  +0.3356  +0.0323  +0.4632
   4564    729328   166   +9.301    9001    166    357  +0.0844  +0.3626  -0.1333  +0.3568
   4565    729484   156  +14.392   10671    153    375  +0.4289  +0.8007  +0.3852  +0.7391
   4566    729642   158  +12.779   10746    176    376  +0.3328  +0.8205  +0.0930  +0.5280
   4567    729797   155  +15.309   11622    168    355  +0.5112  +1.0000  +0.4891  +0.7249
   4568    729956   159  +11.851   10276    151    340  +0.3889  +0.6971  +0.4262  +0.7027
   4569    730114   158  +14.589   11668    166    350  +0.5217  +1.0000  +0.4769  +0.7569
   4570    730280   166  +13.164   10144    139    368  +0.4179  +0.6624  +0.4675  +0.8299
   4571    730443   163  +13.063   10466    156    302  +0.4115  +0.7469  +0.4689  +0.6804
   4572    730601   158  +11.809   10608    157    339  +0.4148  +0.7842  +0.4061  +0.6892
   4573    730764   163  +15.190   10537    153    458  +0.3819  +0.7657  +0.2881  +0.7174
   4574    730930   166  +11.892   10404    165    376  +0.3234  +0.7306  +0.1661  +0.5746
   4575    731086   156  +14.915   11022    145    363  +0.5236  +0.8928  +0.4238  +0.8978
   4576    731243   157  +11.794   10313    158    332  +0.3572  +0.7069  +0.3048  +0.6310
   4577    731397   154  +11.671    9904    134    319  +0.4124  +0.5995  +0.4724  +0.8534
   4578    731552   155  +15.107   10401    146    362  +0.4145  +0.7298  +0.3484  +0.7777
   4579    731711   159  +15.454   10729    155    405  +0.4172  +0.8161  +0.3095  +0.7282
   4580    731866   155  +11.497   10057    156    374  +0.3130  +0.6396  +0.2510  +0.6155
   4581    732023   157  +10.628    9981    156    348  +0.3042  +0.6197  +0.2519  +0.5962
   4582    732185   162  +13.719   10992    160    318  +0.4805  +0.8850  +0.5320  +0.7222
   4583    732344   159   +8.108    8756    167    371  +0.0390  +0.2981  -0.1637  +0.3125
   4584    732499   155  +12.944   10065    148    360  +0.3582  +0.6418  +0.3749  +0.7002
   4585    732656   157  +14.106   11061    162    375  +0.4664  +0.9032  +0.4754  +0.7110
   4586    732819   163  +17.246   11530    161    438  +0.5101  +1.0000  +0.4016  +0.7932
   4587    732978   159  +14.786   11000    158    348  +0.4665  +0.8871  +0.3758  +0.7416
   4588    733131   153  +15.233   10337    118    397  +0.4961  +0.7131  +0.4947  +1.0000
   4589    733295   164  +13.266   10757    152    356  +0.4548  +0.8234  +0.4135  +0.7706
   4590    733460   165  +11.261    9955    151    355  +0.3241  +0.6130  +0.3249  +0.6435
   4591    733620   160  +18.798   11092    134    466  +0.5605  +0.9113  +0.5595  +1.0000
   4592    733780   160  +11.538   10362    169    358  +0.3278  +0.7196  +0.3691  +0.5309
   4593    733942   162  +16.047   11786    169    371  +0.5157  +1.0000  +0.5000  +0.7472
   4594    734107   165  +12.371   10679    166    336  +0.3891  +0.8029  +0.3529  +0.6093
   4595    734270   163  +12.685   10697    162    353  +0.4096  +0.8077  +0.4388  +0.6481
   4596    734432   162  +14.247   10714    143    366  +0.4898  +0.8120  +0.4857  +0.8709
   4597    734591   159  +15.234   11585    181    370  +0.4545  +1.0000  +0.3880  +0.6003
   4598    734753   162  +12.120    9834    154    395  +0.2788  +0.5812  +0.2422  +0.5941
   4599    734918   165   +7.865    9230    163    312  +0.1588  +0.4225  +0.0911  +0.4150
   4600    735074   156  +13.213   11064    174    372  +0.3990  +0.9039  +0.2211  +0.5895

  ── rolling mean (last 100 ep) ──  cum_R=+12.967  yield=10403 kg/ha  N=154  W=363 mm  R_seas=+0.3807  R_ane=+0.6887

   4601    735233   159  +15.452   10803    168    400  +0.3933  +0.8353  +0.3932  +0.6123
   4602    735393   160  +15.132   10330    156    405  +0.3630  +0.7112  +0.4007  +0.6576
   4603    735553   160  +14.334   10510    141    376  +0.4719  +0.7584  +0.5439  +0.8659
   4604    735714   161  +11.675   10547    166    366  +0.3588  +0.7683  +0.3068  +0.5895
   4605    735877   163  +12.274   10577    164    332  +0.3763  +0.7761  +0.3036  +0.6129
   4606    736042   165  +12.765   10500    168    340  +0.3487  +0.7560  +0.2848  +0.5655
   4607    736199   157  +15.906   11095    155    380  +0.5028  +0.9120  +0.5513  +0.7884
   4608    736366   167  +11.069    9865    152    376  +0.2923  +0.5892  +0.2226  +0.6190
   4609    736525   159  +13.278   10132    134    347  +0.4419  +0.6594  +0.4719  +0.8910
   4610    736687   162  +13.658   10766    147    355  +0.4844  +0.8257  +0.4771  +0.8356
   4611    736843   156  +15.647   10452    136    432  +0.4660  +0.7434  +0.4740  +0.9188
   4612    737000   157  +14.014   10374    146    383  +0.4259  +0.7228  +0.5353  +0.7762
   4613    737151   151   +9.328    9476    152    376  +0.2218  +0.4871  +0.1193  +0.5548
   4614    737311   160  +13.620    9702    155    434  +0.2338  +0.5464  +0.0935  +0.5668
   4615    737473   162  +13.342   10717    165    374  +0.3743  +0.8128  +0.2040  +0.6205
   4616    737634   161  +10.422    9851    152    316  +0.3035  +0.5857  +0.2332  +0.6174
   4617    737800   166  +14.114   11229    165    392  +0.4664  +0.9473  +0.3743  +0.7029
   4618    737958   158  +12.603   10299    158    355  +0.3612  +0.7030  +0.3993  +0.6330
   4619    738121   163  +16.158   11657    175    418  +0.4726  +1.0000  +0.4519  +0.6624
   4620    738279   158   +9.618    8279    123    402  +0.1412  +0.1730  +0.0736  +0.6878
   4621    738437   158  +12.397   10448    162    337  +0.3696  +0.7421  +0.3854  +0.6091
   4622    738594   157  +13.116   10576    153    340  +0.4239  +0.7758  +0.3890  +0.7301
   4623    738751   157  +13.414   10448    161    389  +0.3558  +0.7423  +0.2998  +0.6238
   4624    738906   155  +12.037   10212    167    385  +0.2893  +0.6802  +0.2022  +0.5255
   4625    739072   166  +11.294    9878    172    365  +0.2095  +0.5927  -0.0084  +0.4402
   4626    739238   166  +15.271   10808    157    421  +0.4277  +0.8366  +0.3932  +0.7212
   4627    739401   163   +9.082    9265    180    400  +0.0698  +0.4317  -0.1883  +0.2867
   4628    739556   155  +12.707   10522    152    358  +0.4153  +0.7617  +0.3912  +0.7304
   4629    739713   157  +11.094    9867    162    351  +0.2510  +0.5898  +0.0790  +0.5269
   4630    739871   158  +14.245   11068    154    371  +0.4983  +0.9049  +0.4710  +0.8007
   4631    740029   158  +11.747   10030    140    367  +0.3857  +0.6326  +0.4028  +0.7864
   4632    740187   158  +11.494    9992    151    348  +0.3368  +0.6226  +0.3587  +0.6564
   4633    740347   160   +7.910    9566    166    342  +0.1898  +0.5109  +0.0633  +0.4360
   4634    740509   162  +14.533   11519    177    382  +0.4680  +1.0000  +0.4406  +0.6290
   4635    740670   161  +12.919   10324    136    344  +0.4701  +0.7098  +0.5167  +0.9038
   4636    740834   164  +12.412   10272    151    374  +0.3723  +0.6959  +0.3533  +0.6966
   4637    740993   159  +14.143   10672    148    430  +0.4464  +0.8010  +0.4478  +0.8037
   4638    741151   158  +11.984   10436    148    371  +0.4178  +0.7392  +0.4054  +0.7654
   4639    741317   166  +10.648    9842    177    340  +0.1994  +0.5832  +0.0447  +0.3936
   4640    741475   158  +10.273   10287    184    337  +0.2465  +0.7000  +0.0574  +0.4002
   4641    741628   153  +12.490   10423    156    352  +0.3736  +0.7356  +0.2860  +0.6648
   4642    741790   162  +11.516    9794    142    360  +0.3490  +0.5706  +0.4745  +0.7215
   4643    741951   161  +10.471   10108    173    324  +0.2598  +0.6530  +0.1293  +0.4573
   4644    742110   159  +14.922   11277    171    396  +0.4590  +0.9599  +0.4409  +0.6514
   4645    742266   156  +11.943   10541    154    300  +0.4321  +0.7666  +0.4911  +0.7112
   4646    742429   163  +12.865   10947    165    365  +0.4414  +0.8731  +0.4991  +0.6588
   4647    742592   163  +10.821    9840    175    388  +0.1831  +0.5827  -0.0782  +0.4090
   4648    742749   157  +12.801    9879    121    346  +0.4573  +0.5928  +0.4991  +1.0000
   4649    742907   158  +12.625   10448    154    373  +0.4016  +0.7423  +0.4758  +0.6958
   4650    743069   162  +12.793   10602    153    319  +0.4401  +0.7826  +0.4916  +0.7278
   4651    743235   166  +10.917    9872    171    385  +0.2120  +0.5911  +0.0415  +0.4457
   4652    743390   155  +13.667   10815    159    347  +0.4455  +0.8386  +0.4727  +0.7046
   4653    743547   157  +12.717   10238    158    382  +0.3246  +0.6872  +0.1920  +0.6196
   4654    743706   159  +10.815    9902    181    372  +0.1858  +0.5989  -0.0010  +0.3705
   4655    743864   158  +11.247   10289    164    320  +0.3398  +0.7006  +0.3611  +0.5656
   4656    744028   164  +13.455   10075    152    436  +0.3196  +0.6444  +0.2951  +0.6522
   4657    744189   161   +8.688    9572    172    353  +0.1680  +0.5123  +0.0369  +0.3873
   4658    744349   160  +10.747   10562    171    336  +0.3466  +0.7720  +0.2640  +0.5464
   4659    744507   158  +14.121   10440    158    443  +0.3569  +0.7400  +0.3181  +0.6553
   4660    744666   159   +8.166    9174    156    361  +0.1525  +0.4077  -0.0033  +0.4673
   4661    744827   161  +10.646   10288    167    336  +0.3167  +0.7004  +0.2407  +0.5432
   4662    744989   162  +13.492   10948    164    351  +0.4384  +0.8735  +0.4182  +0.6650
   4663    745150   161  +13.741   11120    178    383  +0.4080  +0.9188  +0.3819  +0.5598
   4664    745314   164  +14.661    9925    130    454  +0.3942  +0.6051  +0.3699  +0.9039
   4665    745471   157  +15.057   10449    148    413  +0.4062  +0.7424  +0.3778  +0.7607
   4666    745632   161  +13.307    9972    140    375  +0.3894  +0.6172  +0.5396  +0.7785
   4667    745789   157  +11.069   10018    163    305  +0.3119  +0.6295  +0.4021  +0.5403
   4668    745949   160  +12.315   10528    155    361  +0.4117  +0.7632  +0.4799  +0.6941
   4669    746108   159  +14.241    9944    135    432  +0.3661  +0.6100  +0.2352  +0.8416
   4670    746267   159   +7.741    9649    178    287  +0.1813  +0.5325  +0.0808  +0.3551
   4671    746426   159  +10.487    9212    164    346  +0.1228  +0.4177  -0.1411  +0.4036
   4672    746581   155  +13.810   10920    157    357  +0.4768  +0.8661  +0.6017  +0.7340
   4673    746752   171   +7.444    8841    157    348  +0.0959  +0.3205  -0.0522  +0.4038
   4674    746903   151  +11.979   10367    160    357  +0.3422  +0.7210  +0.1812  +0.6231
   4675    747063   160  +13.075   11053    160    363  +0.4818  +0.9011  +0.5458  +0.7308
   4676    747220   157  +12.797   10019    146    401  +0.3380  +0.6296  +0.2639  +0.7102
   4677    747376   156  +10.892    9923    171    313  +0.2460  +0.6044  +0.1654  +0.4524
   4678    747534   158  +10.942   10811    180    311  +0.3651  +0.8376  +0.3059  +0.5048
   4679    747691   157  +16.344   11694    159    405  +0.5401  +1.0000  +0.4944  +0.8375
   4680    747852   161  +14.636   11220    155    358  +0.5176  +0.9449  +0.4494  +0.8121
   4681    748016   164  +13.131   10661    158    348  +0.4203  +0.7982  +0.4535  +0.6818
   4682    748171   155  +12.834   10678    158    356  +0.4156  +0.8027  +0.3950  +0.6848
   4683    748329   158  +12.720   10707    158    321  +0.4357  +0.8103  +0.4819  +0.6895
   4684    748487   158  +10.290    8897    140    399  +0.1672  +0.3351  +0.0534  +0.5914
   4685    748651   164   +8.136    9620    182    318  +0.1444  +0.5249  -0.0697  +0.3203
   4686    748810   159  +12.012    9431    133    399  +0.3097  +0.4754  +0.3564  +0.7679
   4687    748964   154  +15.521   11621    171    389  +0.4945  +1.0000  +0.4680  +0.7027
   4688    749120   156  +13.217   10400    144    416  +0.4269  +0.7296  +0.4959  +0.8027
   4689    749279   159  +11.084   10148    167    337  +0.2989  +0.6634  +0.2966  +0.5162
   4690    749434   155  +12.644   10304    155    400  +0.3511  +0.7044  +0.2910  +0.6596
   4691    749595   161  +15.646   11449    172    381  +0.4794  +1.0000  +0.4259  +0.6636
   4692    749756   161  +13.878   10980    157    363  +0.4692  +0.8819  +0.4228  +0.7508
   4693    749917   161  +14.054   11068    160    388  +0.4607  +0.9050  +0.3907  +0.7248
   4694    750080   163  +13.529   11059    169    358  +0.4406  +0.9026  +0.4426  +0.6379
   4695    750235   155  +11.063   10057    169    374  +0.2616  +0.6397  +0.1816  +0.4892
   4696    750401   166  +15.251   11639    168    373  +0.5226  +1.0000  +0.6188  +0.7310
   4697    750564   163  +13.785   10922    151    342  +0.4873  +0.8666  +0.4111  +0.8111
   4698    750723   159  +12.339   10145    147    357  +0.3732  +0.6628  +0.3653  +0.7220
   4699    750885   162  +12.053   10624    170    351  +0.3605  +0.7884  +0.3312  +0.5580
   4700    751045   160  +14.622   11348    159    334  +0.5333  +0.9786  +0.5173  +0.7873

  ── rolling mean (last 100 ep) ──  cum_R=+12.514  yield=10366 kg/ha  N=158  W=367 mm  R_seas=+0.3599  R_ane=+0.6450

   4701    751198   153   +9.619    9599    166    372  +0.1797  +0.5194  -0.0333  +0.4428
   4702    751363   165  +11.241    9468    150    403  +0.2222  +0.4851  +0.1053  +0.5777
   4703    751521   158   +8.873    9381    154    336  +0.2068  +0.4621  +0.0996  +0.5211
   4704    751681   160   +8.584    9702    179    293  +0.1811  +0.5464  +0.0398  +0.3554
   4705    751845   164  +11.821   10673    170    371  +0.3541  +0.8013  +0.2333  +0.5657
   4706    752007   162  +12.005   10628    159    312  +0.4276  +0.7896  +0.5101  +0.6750
   4707    752168   161  +14.132   11021    155    377  +0.4784  +0.8927  +0.4184  +0.7751
   4708    752327   159  +13.752   10998    162    319  +0.4702  +0.8867  +0.4985  +0.7010
   4709    752490   163  +13.062   10464    149    388  +0.4161  +0.7466  +0.4388  +0.7527
   4710    752652   162  +11.871   10504    162    330  +0.3778  +0.7568  +0.3641  +0.6189
   4711    752812   160  +13.657   11017    160    287  +0.4799  +0.8915  +0.4635  +0.7156
   4712    752970   158   +9.227    9761    183    384  +0.1658  +0.5620  +0.1004  +0.3311
   4713    753132   162  +13.989   10995    153    331  +0.4943  +0.8857  +0.4425  +0.7948
   4714    753291   159  +13.322   10927    160    347  +0.4436  +0.8679  +0.3507  +0.7031
   4715    753452   161  +11.769   10857    178    368  +0.3669  +0.8496  +0.3370  +0.5204
   4716    753618   166  +13.383   10804    157    341  +0.4529  +0.8357  +0.4781  +0.7246
   4717    753779   161  +10.681   10737    168    296  +0.4050  +0.8182  +0.4133  +0.5982
   4718    753936   157  +11.325   10491    174    369  +0.2996  +0.7536  +0.0813  +0.5037
   4719    754087   151  +14.606   11374    153    340  +0.5662  +0.9854  +0.5859  +0.8594
   4720    754253   166  +12.649   10602    150    374  +0.4294  +0.7828  +0.3691  +0.7645
   4721    754412   159  +11.355   10280    166    325  +0.3189  +0.6980  +0.2477  +0.5439
   4722    754570   158  +13.646   10880    155    392  +0.4639  +0.8557  +0.5198  +0.7526
   4723    754730   160  +13.215   10536    154    364  +0.4018  +0.7652  +0.3164  +0.7123
   4724    754885   155  +11.117   10039    159    312  +0.3151  +0.6350  +0.2932  +0.5787
   4725    755047   162  +13.507   10927    161    373  +0.4518  +0.8679  +0.5232  +0.6921
   4726    755205   158  +15.869   10974    146    432  +0.5008  +0.8805  +0.4621  +0.8733
   4727    755373   168  +13.731   10420    161    432  +0.3398  +0.7349  +0.2649  +0.6203
   4728    755538   165  +11.613    9708    134    372  +0.3622  +0.5479  +0.4258  +0.8068
   4729    755692   154  +13.495   11129    161    344  +0.4832  +0.9209  +0.4714  +0.7241
   4730    755852   160  +12.670   10905    175    308  +0.4055  +0.8621  +0.4150  +0.5605
   4731    756009   157  +14.205   10747    151    384  +0.4536  +0.8207  +0.4288  +0.7821
   4732    756165   156  +14.693   10788    147    403  +0.4788  +0.8315  +0.4982  +0.8350
   4733    756319   154  +15.545   10308    123    438  +0.4837  +0.7056  +0.5073  +1.0000
   4734    756481   162  +10.443    9913    156    320  +0.3119  +0.6019  +0.3473  +0.5934
   4735    756645   164  +11.915   10849    168    362  +0.4032  +0.8476  +0.3622  +0.6146
   4736    756801   156   +9.993    9192    161    410  +0.1415  +0.4125  +0.1070  +0.4279
   4737    756962   161   +7.634    9191    171    365  +0.1075  +0.4123  -0.0240  +0.3449
   4738    757122   160  +15.700   11063    154    386  +0.4969  +0.9037  +0.4932  +0.8006
   4739    757279   157  +12.022    9707    144    370  +0.3216  +0.5478  +0.4339  +0.6837
   4740    757443   164  +11.329   10062    155    359  +0.3267  +0.6409  +0.3364  +0.6203
   4741    757605   162   +9.042    8783    153    372  +0.0955  +0.3052  -0.0666  +0.4364
   4742    757759   154   +8.969    9270    140    328  +0.2492  +0.4330  +0.1727  +0.6491
   4743    757917   158  +13.275   10951    164    332  +0.4439  +0.8742  +0.4360  +0.6643
   4744    758071   154  +10.339   10120    174    365  +0.2431  +0.6561  +0.0379  +0.4556
   4745    758231   160   +9.720   10170    159    326  +0.3241  +0.6694  +0.2044  +0.6017
   4746    758389   158  +16.412   11280    154    424  +0.5226  +0.9605  +0.5247  +0.8265
   4747    758543   154  +11.919   10072    142    335  +0.3931  +0.6435  +0.4185  +0.7728
   4748    758703   160  +10.823    9309    170    384  +0.1192  +0.4433  -0.0662  +0.3678
   4749    758862   159  +12.978   10676    171    404  +0.3452  +0.8022  +0.2171  +0.5625
   4750    759022   160  +15.337   11432    166    455  +0.4828  +1.0000  +0.3940  +0.7243
   4751    759189   167  +17.466   11535    163    419  +0.5150  +1.0000  +0.5068  +0.7657
   4752    759346   157  +11.738    9903    157    372  +0.2838  +0.5993  +0.2461  +0.5749
   4753    759506   160  +12.351   10241    139    361  +0.4299  +0.6879  +0.4471  +0.8398
   4754    759667   161  +12.216   10574    172    360  +0.3461  +0.7753  +0.3187  +0.5398
   4755    759824   157  +11.384    9716    169    383  +0.1909  +0.5500  +0.0150  +0.4352
   4756    759987   163  +14.366   11233    162    341  +0.4965  +0.9484  +0.4541  +0.7359
   4757    760150   163  +14.451   11190    178    342  +0.4262  +0.9371  +0.3650  +0.5738
   4758    760312   162  +12.208   10440    173    364  +0.3206  +0.7402  +0.3117  +0.5090
   4759    760466   154  +16.148   11029    150    420  +0.5014  +0.8947  +0.5026  +0.8405
   4760    760626   160   +2.524    7112    166    334  -0.2166  -0.1332  -0.3464  +0.0704
   4761    760784   158  +13.612   10522    152    346  +0.4116  +0.7615  +0.3229  +0.7329
   4762    760943   159  +15.546   10885    144    401  +0.5043  +0.8569  +0.4546  +0.8937
   4763    761099   156  +10.832   10123    158    371  +0.3248  +0.6570  +0.3353  +0.6050
   4764    761258   159  +14.697   11374    154    366  +0.5498  +0.9853  +0.5190  +0.8463
   4765    761421   163  +10.289   10303    165    371  +0.3122  +0.7042  +0.1980  +0.5584
   4766    761576   155  +12.792   10762    153    364  +0.4549  +0.8247  +0.4847  +0.7537
   4767    761735   159  +12.671    9954    151    424  +0.3012  +0.6127  +0.2164  +0.6488
   4768    761895   160  +12.302   10503    162    384  +0.3677  +0.7566  +0.3778  +0.6175
   4769    762042   147  +12.966   10329    147    332  +0.4090  +0.7110  +0.3592  +0.7611
   4770    762207   165  +14.364   11454    171    349  +0.4827  +1.0000  +0.3533  +0.6753
   4771    762367   160  +11.460   10020    156    397  +0.2923  +0.6298  +0.1683  +0.6036
   4772    762534   167  +10.272    9053    153    446  +0.1420  +0.3761  +0.1328  +0.4799
   4773    762693   159  +16.352   11174    155    435  +0.4795  +0.9328  +0.3194  +0.7972
   4774    762852   159  +10.257    9517    148    370  +0.2525  +0.4979  +0.2080  +0.6027
   4775    762909    57   -8.143       0      0     41  -0.8082  -1.0000  -1.0000  -1.0000
   4776    763068   159  +13.308   10441    165    410  +0.3336  +0.7405  +0.2585  +0.5862
   4777    763220   152  +15.936   11518    157    352  +0.5553  +1.0000  +0.5271  +0.8374
   4778    763384   164  +13.945   11285    172    381  +0.4559  +0.9620  +0.3978  +0.6442
   4779    763545   161  +13.386   11257    172    336  +0.4598  +0.9546  +0.3955  +0.6380
   4780    763705   160  +10.236    9289    170    380  +0.1130  +0.4380  -0.1049  +0.3645
   4781    763867   162  +11.962   10256    170    368  +0.2880  +0.6919  +0.1796  +0.5069
   4782    764028   161   +7.912    8985    154    320  +0.1512  +0.3584  +0.1204  +0.4568
   4783    764187   159  +13.295   10547    167    396  +0.3424  +0.7683  +0.2354  +0.5810
   4784    764344   157  +11.864   10740    167    349  +0.3846  +0.8189  +0.2780  +0.6081
   4785    764504   160  +10.036    9135    156    359  +0.1498  +0.3977  +0.0047  +0.4664
   4786    764667   163  +14.656   11377    158    341  +0.5314  +0.9861  +0.4271  +0.8041
   4787    764832   165  +13.559   10479    166    391  +0.3373  +0.7503  +0.2512  +0.5774
   4788    764990   158  +15.436   10954    158    440  +0.4406  +0.8751  +0.3758  +0.7333
   4789    765143   153  +12.591   11072    157    276  +0.5116  +0.9060  +0.5327  +0.7651
   4790    765303   160  +12.944   10722    179    401  +0.3162  +0.8141  +0.1007  +0.5001
   4791    765465   162  +12.332    9335    148    442  +0.2013  +0.4501  +0.0974  +0.5792
   4792    765623   158  +14.517   11130    168    357  +0.4491  +0.9213  +0.3803  +0.6595
   4793    765786   163  +10.133   10137    171    327  +0.2736  +0.6606  +0.1433  +0.4858
   4794    765951   165  +10.573   10018    158    378  +0.2899  +0.6293  +0.1849  +0.5816
   4795    766106   155   +8.937    9332    143    330  +0.2468  +0.4492  +0.1400  +0.6348
   4796    766256   150  +11.928    9836    140    352  +0.3469  +0.5816  +0.2999  +0.7499
   4797    766409   153  +12.961   10269    140    394  +0.4270  +0.6953  +0.4681  +0.8361
   4798    766575   166  +13.810   11418    172    356  +0.4889  +0.9968  +0.4974  +0.6589
   4799    766741   166  +10.980    9768    160    369  +0.2512  +0.5636  +0.2030  +0.5302
   4800    766897   156  +12.744   10756    161    351  +0.4187  +0.8230  +0.3962  +0.6688

  ── rolling mean (last 100 ep) ──  cum_R=+12.172  yield=10287 kg/ha  N=158  W=364 mm  R_seas=+0.3474  R_ane=+0.6204

   4801    767050   153  +13.592   10483    158    398  +0.3765  +0.7514  +0.3514  +0.6640
   4802    767205   155   +6.756    8193    155    392  -0.0165  +0.1503  -0.1600  +0.3183
   4803    767368   163  +16.496   10970    136    425  +0.5479  +0.8792  +0.4905  +1.0000
   4804    767533   165  +14.218   11117    173    354  +0.4212  +0.9178  +0.3084  +0.6027
   4805    767695   162   +8.899    9770    178    306  +0.1945  +0.5644  +0.0683  +0.3735
   4806    767855   160   +9.783    9889    158    335  +0.2798  +0.5955  +0.1769  +0.5662
   4807    768019   164   +5.797    8473    179    346  -0.0390  +0.2239  -0.2432  +0.1820
   4808    768182   163  +16.597   11134    154    437  +0.5003  +0.9222  +0.5428  +0.8055
   4809    768349   167  +11.733    9837    173    407  +0.1935  +0.5820  +0.0194  +0.4224
   4810    768515   166   +9.568    9759    178    329  +0.1806  +0.5615  -0.0140  +0.3734
   4811    768679   164  +12.378   10312    164    381  +0.3172  +0.7067  +0.2054  +0.5735
   4812    768841   162  +15.605   11166    157    436  +0.4930  +0.9308  +0.5275  +0.7784
   4813    768998   157  +11.293   10104    156    301  +0.3469  +0.6521  +0.3984  +0.6153
   4814    769159   161  +13.902   11179    153    344  +0.5196  +0.9341  +0.4482  +0.8225
   4815    769316   157  +11.133    9944    164    434  +0.2299  +0.6100  -0.0160  +0.5205
   4816    769479   163   +9.680    9817    164    344  +0.2319  +0.5766  +0.0468  +0.4921
   4817    769642   163  +13.835   10474    165    426  +0.3228  +0.7490  +0.1422  +0.5885
   4818    769800   158  +11.882   10295    163    330  +0.3374  +0.7022  +0.2991  +0.5801
   4819    769961   161  +10.812   10229    169    288  +0.3114  +0.6848  +0.2522  +0.5139
   4820    770124   163  +10.157    9926    158    310  +0.2929  +0.6052  +0.2002  +0.5721
   4821    770289   165   +8.856    9917    180    333  +0.2066  +0.6029  +0.0940  +0.3758
   4822    770452   163  +13.712   11641    174    353  +0.4908  +1.0000  +0.4518  +0.6765
   4823    770616   164  +17.581   12031    167    454  +0.5197  +1.0000  +0.5312  +0.8026
   4824    770773   157  +13.625   10826    157    371  +0.4554  +0.8414  +0.5448  +0.7237
   4825    770931   158   +8.217    9204    158    350  +0.1562  +0.4157  +0.0268  +0.4543
   4826    771092   161  +11.149    9794    159    351  +0.2526  +0.5706  +0.1101  +0.5429
   4827    771255   163  +10.954   10395    187    348  +0.2413  +0.7283  -0.0453  +0.3914
   4828    771413   158   +7.524    9593    166    279  +0.2076  +0.5178  +0.0462  +0.4481
   4829    771568   155  +13.439   10935    159    394  +0.4383  +0.8701  +0.3413  +0.7154
   4830    771734   166  +12.718   10852    176    361  +0.3709  +0.8483  +0.2840  +0.5439
   4831    771894   160  +12.084    9590    151    406  +0.2381  +0.5170  +0.1062  +0.5911
   4832    772056   162   +8.926    9520    174    344  +0.1500  +0.4987  -0.0499  +0.3706
   4833    772214   158  +14.273   11589    172    353  +0.4913  +1.0000  +0.4358  +0.6817
   4834    772381   167  +11.918   10882    181    371  +0.3554  +0.8561  +0.2626  +0.5046
   4835    772547   166  +13.373   11010    166    376  +0.4376  +0.8897  +0.4267  +0.6575
   4836    772703   156  +12.005   10964    164    318  +0.4373  +0.8777  +0.3109  +0.6692
   4837    772870   167  +15.881   12008    162    354  +0.5555  +1.0000  +0.4950  +0.8585
   4838    773025   155  +13.273   10710    155    331  +0.4463  +0.8109  +0.4612  +0.7310
   4839    773188   163  +14.537   11426    168    358  +0.4886  +0.9990  +0.3460  +0.7000
   4840    773348   160   +9.535    9077    144    376  +0.1896  +0.3824  +0.1221  +0.5726
   4841    773514   166  +12.749   10811    165    330  +0.4250  +0.8375  +0.4835  +0.6341
   4842    773676   162  +12.378   10570    162    368  +0.3690  +0.7742  +0.2583  +0.6274
   4843    773839   163  +12.778   10418    148    376  +0.4158  +0.7344  +0.4264  +0.7619
   4844    774002   163  +14.177   11415    174    353  +0.4760  +0.9962  +0.4477  +0.6356
   4845    774162   160   +9.741    9910    178    374  +0.1978  +0.6011  +0.0247  +0.3948
   4846    774327   165   +9.937   10173    178    276  +0.2714  +0.6700  +0.1972  +0.4263
   4847    774488   161  +12.530   10789    165    347  +0.4002  +0.8318  +0.2951  +0.6331
   4848    774652   164  +15.509   11138    172    390  +0.4231  +0.9232  +0.3311  +0.6164
   4849    774803   151  +15.105   10660    140    360  +0.5103  +0.7979  +0.6284  +0.9010
   4850    774960   157  +11.074    9760    144    355  +0.3321  +0.5617  +0.4043  +0.6992
   4851    775116   156  +13.046   10657    156    362  +0.4074  +0.7972  +0.2760  +0.7052
   4852    775281   165  +11.494   10103    145    347  +0.3718  +0.6517  +0.3129  +0.7393
   4853    775441   160  +13.993   10936    153    365  +0.4782  +0.8702  +0.4450  +0.7839
   4854    775598   157   +5.557    8619    175    357  -0.0033  +0.2621  -0.1889  +0.2319
   4855    775766   168  +12.251   10693    160    368  +0.4112  +0.8066  +0.4106  +0.6704
   4856    775928   162  +10.996    9724    168    366  +0.2080  +0.5522  +0.1147  +0.4436
   4857    776085   157   +9.910    9780    160    346  +0.2572  +0.5669  +0.1991  +0.5315
   4858    776244   159  +12.891   10412    174    374  +0.2886  +0.7327  +0.0886  +0.4954
   4859    776402   158  +14.222   11410    171    347  +0.4893  +0.9948  +0.4451  +0.6717
   4860    776570   168  +15.690   11264    169    341  +0.4747  +0.9563  +0.4645  +0.6624
   4861    776722   152  +13.111   10509    160    347  +0.3793  +0.7582  +0.3334  +0.6403
   4862    776887   165   +9.311    9940    180    397  +0.1869  +0.6089  -0.0057  +0.3780
   4863    777045   158  +15.299   11297    172    430  +0.4473  +0.9652  +0.4008  +0.6438
   4864    777206   161  +12.043   10075    166    375  +0.2617  +0.6443  +0.0777  +0.5146
   4865    777372   166  +10.368   10075    171    420  +0.2358  +0.6444  +0.0691  +0.4698
   4866    777536   164  +14.875   11072    161    358  +0.4711  +0.9061  +0.4518  +0.7188
   4867    777696   160   +9.111    9608    161    381  +0.2174  +0.5218  +0.1755  +0.4928
   4868    777857   161  +10.295   10415    172    347  +0.3041  +0.7335  +0.1335  +0.5102
   4869    778016   159  +16.049   11379    158    396  +0.5289  +0.9867  +0.5142  +0.8028
   4870    778181   165  +11.710   10269    160    430  +0.3130  +0.6952  +0.2114  +0.6003
   4871    778336   155  +11.283   10309    148    300  +0.4131  +0.7057  +0.4059  +0.7470
   4872    778496   160  +14.368   11486    162    386  +0.5164  +1.0000  +0.4404  +0.7689
   4873    778655   159  +14.351   11578    152    374  +0.5723  +1.0000  +0.5351  +0.8992
   4874    778818   163  +13.649   10760    166    332  +0.4043  +0.8242  +0.3664  +0.6235
   4875    778975   157  +11.460   10598    162    286  +0.4083  +0.7816  +0.4223  +0.6381
   4876    779140   165  +17.318   11532    160    387  +0.5322  +1.0000  +0.4930  +0.8008
   4877    779301   161  +10.599    9800    176    368  +0.1899  +0.5722  +0.0366  +0.3955
   4878    779458   157  +11.737   10887    173    347  +0.3920  +0.8574  +0.3307  +0.5730
   4879    779618   160  +11.895   10700    164    329  +0.4055  +0.8085  +0.3996  +0.6328
   4880    779778   160  +13.862   11621    172    355  +0.4897  +1.0000  +0.3976  +0.6898
   4881    779943   165  +12.460   10378    167    430  +0.2967  +0.7240  +0.0999  +0.5549
   4882    780104   161  +10.472    9890    164    349  +0.2465  +0.5957  +0.0865  +0.5049
   4883    780262   158  +12.496   10615    158    337  +0.4089  +0.7860  +0.3847  +0.6752
   4884    780421   159  +14.318   11784    170    351  +0.5110  +1.0000  +0.4802  +0.7280
   4885    780586   165   +6.936    9111    163    305  +0.1389  +0.3914  +0.0666  +0.3947
   4886    780745   159  +10.491    9824    166    329  +0.2539  +0.5786  +0.2830  +0.4770
   4887    780907   162  +13.523   11014    153    333  +0.4948  +0.8907  +0.4349  +0.7946
   4888    781071   164  +14.170   11129    185    355  +0.3755  +0.9210  +0.1914  +0.5048
   4889    781235   164   +8.747    9385    157    316  +0.2149  +0.4633  +0.2160  +0.4981
   4890    781395   160  +11.533   10530    178    342  +0.3104  +0.7639  +0.1836  +0.4792
   4891    781556   161   +9.905    9852    164    314  +0.2513  +0.5858  +0.1036  +0.5043
   4892    781716   160  +14.855   11847    171    333  +0.5111  +1.0000  +0.4245  +0.7352
   4893    781872   156  +13.174   10946    165    350  +0.4320  +0.8730  +0.3701  +0.6610
   4894    782030   158  +16.482   11007    151    401  +0.4927  +0.8889  +0.4537  +0.8244
   4895    782190   160  +16.008   11238    166    450  +0.4373  +0.9496  +0.2470  +0.6870
   4896    782349   159  +13.470   11467    178    333  +0.4683  +1.0000  +0.3965  +0.6138
   4897    782510   161   +8.630    9543    176    288  +0.1634  +0.5048  +0.0009  +0.3564
   4898    782670   160  +12.528   10248    163    326  +0.3206  +0.6897  +0.1906  +0.5742
   4899    782829   159  +13.446   10370    156    377  +0.3713  +0.7219  +0.3734  +0.6619
   4900    782988   159  +12.674   10248    149    386  +0.3835  +0.6899  +0.4284  +0.7212

  ── rolling mean (last 100 ep) ──  cum_R=+12.227  yield=10486 kg/ha  N=164  W=360 mm  R_seas=+0.3513  R_ane=+0.6013

   4901    783150   162  +11.768   10710    174    297  +0.3728  +0.8110  +0.3388  +0.5370
   4902    783306   156  +10.546    9726    150    367  +0.2961  +0.5527  +0.3596  +0.6243
   4903    783459   153  +13.876   11935    168    374  +0.5179  +1.0000  +0.4517  +0.7725
   4904    783624   165   +8.875    9259    185    358  +0.0619  +0.4301  -0.2035  +0.2486
   4905    783785   161  +10.772   10025    168    378  +0.2547  +0.6313  +0.1387  +0.4930
   4906    783944   159  +10.236   10009    168    322  +0.2515  +0.6270  +0.0332  +0.4861
   4907    784107   163  +13.813   10940    168    373  +0.4258  +0.8713  +0.4672  +0.6299
   4908    784262   155  +12.309   10531    151    369  +0.4254  +0.7640  +0.4617  +0.7431
   4909    784425   163   +9.660    9496    156    360  +0.2025  +0.4925  -0.0069  +0.5209
   4910    784587   162  +14.573   10835    171    414  +0.3602  +0.8439  +0.1722  +0.5800
   4911    784743   156  +13.207   11297    178    306  +0.4567  +0.9652  +0.4522  +0.5853
   4912    784900   157  +12.607   10143    167    423  +0.2633  +0.6622  +0.0976  +0.5218
   4913    785058   158  +10.913    9275    158    373  +0.1654  +0.4344  +0.0314  +0.4726
   4914    785227   169  +10.886    9794    163    363  +0.2523  +0.5705  +0.2671  +0.5048
   4915    785384   157  +13.684   10936    166    359  +0.4248  +0.8704  +0.3804  +0.6451
   4916    785546   162  +12.261   10008    168    393  +0.2468  +0.6267  +0.1298  +0.4862
   4917    785711   165  +12.220   10344    162    374  +0.3397  +0.7149  +0.3170  +0.5933
   4918    785875   164  +13.113   10447    169    361  +0.3277  +0.7420  +0.2486  +0.5427
   4919    786033   158  +12.726   11073    168    309  +0.4514  +0.9063  +0.4016  +0.6483
   4920    786196   163  +11.248   10582    169    326  +0.3638  +0.7775  +0.3388  +0.5624
   4921    786357   161  +12.785   10660    166    399  +0.3642  +0.7980  +0.2717  +0.6024
   4922    786523   166   +9.466    9374    169    342  +0.1471  +0.4603  -0.0036  +0.3873
   4923    786688   165  +12.629   10546    166    339  +0.3728  +0.7681  +0.3952  +0.5892
   4924    786851   163  +16.787   11807    171    442  +0.4801  +1.0000  +0.3750  +0.7222
   4925    787012   161  +15.580   11016    138    393  +0.5600  +0.8915  +0.5151  +0.9981
   4926    787170   158  +14.929   11313    152    345  +0.5504  +0.9693  +0.4948  +0.8605
   4927    787334   164  +11.875   10558    164    318  +0.3895  +0.7711  +0.4237  +0.6136
   4928    787499   165  +13.913   10481    158    422  +0.3720  +0.7508  +0.3559  +0.6640
   4929    787662   163  +11.574   10651    178    382  +0.3191  +0.7954  +0.1761  +0.4955
   4930    787831   169  +11.836    9945    158    397  +0.2633  +0.6102  +0.0669  +0.5704
   4931    787991   160  +15.893   11384    154    384  +0.5487  +0.9878  +0.5488  +0.8421
   4932    788153   162  +16.120   10966    150    406  +0.4844  +0.8782  +0.3926  +0.8326
   4933    788320   167  +13.055   10952    189    352  +0.3333  +0.8744  +0.1389  +0.4487
   4934    788475   155  +13.977   11086    162    333  +0.4733  +0.9099  +0.4287  +0.7131
   4935    788639   164  +10.533   10368    162    329  +0.3533  +0.7212  +0.3332  +0.5950
   4936    788800   161  +11.058   10023    169    365  +0.2532  +0.6307  +0.1416  +0.4808
   4937    788957   157  +14.383   11617    168    381  +0.5011  +1.0000  +0.4422  +0.7244
   4938    789120   163  +15.403   11529    165    386  +0.5154  +1.0000  +0.4978  +0.7506
   4939    789279   159   +8.902    9873    182    367  +0.1809  +0.5913  +0.0190  +0.3563
   4940    789431   152  +14.503   11181    177    387  +0.4268  +0.9346  +0.4418  +0.5819
   4941    789591   160  +10.198   10321    166    405  +0.3079  +0.7089  +0.2287  +0.5518
   4942    789758   167  +14.123   10992    180    376  +0.3819  +0.8850  +0.3613  +0.5237
   4943    789920   162  +11.315   10551    165    349  +0.3576  +0.7694  +0.2121  +0.6022
   4944    790076   156  +13.258   10986    162    309  +0.4693  +0.8834  +0.5040  +0.6945
   4945    790235   159  +11.341   10251    178    378  +0.2531  +0.6905  +0.0939  +0.4401
   4946    790399   164  +11.449   10476    183    348  +0.2822  +0.7496  +0.1387  +0.4318
   4947    790565   166  +14.000   11246    178    374  +0.4251  +0.9516  +0.3468  +0.5788
   4948    790726   161  +15.556   11255    168    457  +0.4526  +0.9542  +0.4198  +0.6801
   4949    790884   158  +13.252   11559    172    283  +0.5036  +1.0000  +0.4378  +0.6753
   4950    791042   158  +11.732   10626    165    317  +0.3882  +0.7890  +0.3498  +0.6115
   4951    791193   151   +9.331    9744    153    360  +0.2699  +0.5575  +0.1890  +0.5892
   4952    791355   162  +12.806   11908    172    337  +0.5159  +1.0000  +0.4915  +0.7336
   4953    791510   155  +13.757   10848    149    337  +0.4939  +0.8471  +0.5051  +0.8211
   4954    791668   158  +12.266   10742    171    408  +0.3466  +0.8195  +0.1425  +0.5719
   4955    791824   156  +14.422   10932    157    379  +0.4530  +0.8694  +0.3849  +0.7371
   4956    791985   161   +6.748    8479    158    327  +0.0405  +0.2255  -0.0692  +0.3391
   4957    792146   161  +14.231   10755    177    398  +0.3353  +0.8228  +0.1828  +0.5199
   4958    792304   158   +8.342    9280    176    354  +0.1024  +0.4358  -0.0927  +0.3199
   4959    792467   163  +11.462   10104    177    380  +0.2390  +0.6520  +0.1411  +0.4283
   4960    792623   156  +12.753   11017    165    369  +0.4465  +0.8915  +0.4465  +0.6716
   4961    792785   162  +12.563   10217    152    359  +0.3624  +0.6815  +0.3304  +0.6816
   4962    792945   160  +10.329   10611    187    337  +0.2884  +0.7851  +0.1056  +0.4164
   4963    793106   161  +12.663    9776    169    472  +0.1774  +0.5659  -0.0262  +0.4424
   4964    793265   159  +13.746   10973    153    391  +0.4981  +0.8800  +0.6354  +0.7912
   4965    793427   162   +9.291    9985    176    330  +0.2333  +0.6207  +0.1377  +0.4175
   4966    793582   155  +11.527    9281    140    424  +0.2365  +0.4360  +0.1964  +0.6579
   4967    793742   160  +15.541   12080    174    414  +0.4898  +1.0000  +0.3887  +0.7357
   4968    793903   161  +12.521   10487    168    347  +0.3479  +0.7525  +0.3098  +0.5639
   4969    794057   154  +13.738   11402    166    338  +0.5175  +0.9928  +0.5528  +0.7188
   4970    794220   163  +13.464   11106    179    366  +0.4142  +0.9150  +0.4581  +0.5506
   4971    794379   159  +11.092   10274    171    325  +0.3130  +0.6965  +0.3523  +0.4995
   4972    794537   158  +12.037   10198    177    334  +0.2696  +0.6766  +0.2123  +0.4427
   4973    794694   157  +11.076   10000    175    357  +0.2228  +0.6247  +0.0207  +0.4315
   4974    794856   162  +11.411   10336    171    336  +0.3209  +0.7128  +0.3593  +0.5091
   4975    795011   155  +12.122   11231    173    360  +0.4549  +0.9478  +0.4642  +0.6260
   4976    795172   161   +9.379    9476    159    393  +0.1920  +0.4870  +0.0946  +0.4868
   4977    795338   166  +13.332   10771    194    427  +0.2786  +0.8271  +0.1295  +0.3902
   4978    795501   163  +13.251   11267    172    394  +0.4470  +0.9573  +0.3693  +0.6396
   4979    795661   160   +8.821    9497    179    350  +0.1306  +0.4926  -0.0386  +0.3233
   4980    795821   160  +14.071   10271    157    346  +0.3473  +0.6958  +0.2559  +0.6366
   4981    795977   156  +11.458   10429    164    321  +0.3578  +0.7374  +0.3096  +0.5931
   4982    796139   162  +12.723   10756    184    354  +0.3258  +0.8230  +0.2199  +0.4590
   4983    796301   162  +12.575   10154    157    395  +0.3223  +0.6650  +0.2953  +0.6149
   4984    796467   166   +7.739    8830    170    359  +0.0516  +0.3176  -0.0800  +0.2982
   4985    796631   164   +9.384    9160    140    346  +0.2337  +0.4042  +0.2182  +0.6319
   4986    796797   166  +10.757   10508    187    347  +0.2750  +0.7579  +0.1429  +0.4021
   4987    796955   158  +11.211   10449    176    364  +0.3109  +0.7426  +0.2915  +0.4846
   4988    797120   165  +14.717   11499    170    360  +0.4945  +1.0000  +0.4479  +0.6894
   4989    797283   163  +12.577   11104    186    329  +0.3781  +0.9143  +0.2469  +0.4891
   4990    797439   156  +12.147   10118    163    436  +0.2609  +0.6556  +0.0036  +0.5559
   4991    797596   157  +12.165   10664    185    345  +0.3194  +0.7989  +0.2942  +0.4400
   4992    797761   165  +11.111   10349    169    384  +0.3196  +0.7163  +0.3484  +0.5313
   4993    797919   158  +13.694   12096    195    396  +0.4285  +1.0000  +0.3868  +0.5541
   4994    798072   153  +13.826   11102    165    347  +0.4616  +0.9138  +0.4407  +0.6801
   4995    798226   154  +13.708   10375    153    445  +0.3572  +0.7232  +0.2375  +0.6987
   4996    798388   162   +9.027    9310    174    379  +0.1233  +0.4435  +0.0628  +0.3406
   4997    798548   160  +12.073   10818    182    366  +0.3295  +0.8394  +0.1212  +0.4858
   4998    798715   167  +13.634   10685    175    410  +0.3260  +0.8043  +0.1539  +0.5277
   4999    798876   161  +15.205   11200    158    378  +0.4989  +0.9395  +0.4813  +0.7661
   5000    799031   155   +9.006    9878    172    342  +0.2186  +0.5928  +0.0418  +0.4386

  ── rolling mean (last 100 ep) ──  cum_R=+12.275  yield=10535 kg/ha  N=168  W=367 mm  R_seas=+0.3435  R_ane=+0.5719

   5001    799195   164  +14.704   11531    162    390  +0.5180  +1.0000  +0.4518  +0.7737
   5002    799359   164  +13.346   10191    164    418  +0.2996  +0.6749  +0.2984  +0.5517
   5003    799520   161  +15.733   10750    160    467  +0.3982  +0.8216  +0.3728  +0.6845
   5004    799684   164  +13.636   10996    177    351  +0.4016  +0.8862  +0.3876  +0.5562
   5005    799848   164  +14.470   11348    182    425  +0.4167  +0.9783  +0.3254  +0.5620
   5006    800006   158  +13.801   11245    164    332  +0.5039  +0.9514  +0.5662  +0.7170
   5007    800168   162  +14.759   11139    156    384  +0.4902  +0.9236  +0.3808  +0.7908
   5008    800333   165  +11.557    9806    170    395  +0.2049  +0.5736  +0.0612  +0.4439
   5009    800493   160  +10.796    9829    182    432  +0.1580  +0.5798  -0.0164  +0.3504
   5010    800658   165  +13.380   11027    161    321  +0.4773  +0.8942  +0.4915  +0.7163
   5011    800817   159   +9.325    9778    162    340  +0.2506  +0.5665  +0.2206  +0.5039
   5012    800980   163  +14.592   10545    179    440  +0.3011  +0.7677  +0.2858  +0.4756
   5013    801142   162  +10.545    9909    160    347  +0.2620  +0.6008  +0.0828  +0.5437
   5014    801294   152  +10.903   10670    183    376  +0.3033  +0.8005  +0.1129  +0.4610
   5015    801456   162  +15.019   10772    177    422  +0.3414  +0.8272  +0.2648  +0.5227
   5016    801617   161  +13.223   10877    185    384  +0.3440  +0.8548  +0.2989  +0.4714
   5017    801779   162  +11.496   10538    185    377  +0.2656  +0.7659  -0.0137  +0.4274
   5018    801943   164  +11.487   10194    172    404  +0.2757  +0.6755  +0.2720  +0.4834
   5019    802109   166  +12.330   10562    172    390  +0.3367  +0.7722  +0.3098  +0.5363
   5020    802270   161  +10.683   10218    167    365  +0.2978  +0.6819  +0.2384  +0.5261
   5021    802433   163   +8.334    9172    163    340  +0.1417  +0.4074  +0.0745  +0.4032
   5022    802595   162  +13.419   10670    174    448  +0.3191  +0.8004  +0.1646  +0.5303
   5023    802756   161   +9.088    9584    168    341  +0.1928  +0.5155  +0.1007  +0.4284
   5024    802918   162  +12.848   10539    171    370  +0.3347  +0.7662  +0.2467  +0.5433
   5025    803077   159  +15.956   11389    158    429  +0.5200  +0.9893  +0.4733  +0.8052
   5026    803234   157  +11.953   10324    150    336  +0.4100  +0.7096  +0.5249  +0.7194
   5027    803384   150  +10.730   10586    180    322  +0.3101  +0.7783  +0.1221  +0.4698
   5028    803536   152  +15.503   10498    132    492  +0.4655  +0.7554  +0.3103  +0.9891
   5029    803701   165  +14.255   10501    170    456  +0.3026  +0.7563  +0.1333  +0.5433
   5030    803860   159  +12.683   10946    178    341  +0.3802  +0.8730  +0.2793  +0.5347
   5031    804017   157  +11.500   10698    172    365  +0.3549  +0.8078  +0.2359  +0.5566
   5032    804179   162  +13.842   11219    162    315  +0.5043  +0.9446  +0.5107  +0.7311
   5033    804333   154  +14.256   11703    172    366  +0.5090  +1.0000  +0.5686  +0.7041
   5034    804482   149  +12.144   11425    180    379  +0.4345  +0.9988  +0.2612  +0.5829
   5035    804638   156  +10.516   10244    189    351  +0.2183  +0.6888  +0.0178  +0.3531
   5036    804804   166  +11.146   10693    181    321  +0.3300  +0.8066  +0.1806  +0.4795
   5037    804958   154  +11.018   10220    163    410  +0.2913  +0.6823  +0.1091  +0.5696
   5038    805117   159  +12.658   11139    158    335  +0.5107  +0.9236  +0.5668  +0.7681
   5039    805283   166  +13.491   10768    189    433  +0.2891  +0.8264  +0.1225  +0.4249
   5040    805440   157  +11.017   10330    165    354  +0.3382  +0.7113  +0.3867  +0.5615
   5041    805597   157  +13.361   11188    167    377  +0.4657  +0.9364  +0.4788  +0.6742
   5042    805753   156   +9.951    9572    174    337  +0.1702  +0.5124  +0.0654  +0.3769
   5043    805915   162  +13.812   11701    192    368  +0.4278  +1.0000  +0.4114  +0.5215
   5044    806072   157   +9.798   10291    162    347  +0.3327  +0.7011  +0.2723  +0.5854
   5045    806231   159  +12.143   10341    168    405  +0.3090  +0.7141  +0.2529  +0.5431
   5046    806395   164  +12.786   11001    179    379  +0.3785  +0.8874  +0.2800  +0.5359
   5047    806560   165  +13.031   11152    179    363  +0.4201  +0.9271  +0.4463  +0.5559
   5048    806722   162  +11.618   10862    180    337  +0.3514  +0.8509  +0.1641  +0.5072
   5049    806885   163  +13.786   11441    175    401  +0.4679  +1.0000  +0.4554  +0.6336
   5050    807049   164  +16.390   11835    162    462  +0.5241  +1.0000  +0.4785  +0.8316
   5051    807205   156  +12.211   10352    168    396  +0.3202  +0.7171  +0.3496  +0.5388
   5052    807360   155  +11.300   11060    178    284  +0.4297  +0.9028  +0.4699  +0.5573
   5053    807515   155  +12.987   10098    169    429  +0.2516  +0.6503  +0.1378  +0.4936
   5054    807671   156  +13.395   10912    161    395  +0.4416  +0.8639  +0.4586  +0.6979
   5055    807840   169  +12.077   10062    185    428  +0.1970  +0.6408  +0.1173  +0.3572
   5056    808002   162  +15.584   11601    182    420  +0.4459  +1.0000  +0.4254  +0.5946
   5057    808169   167  +11.928    9960    182    379  +0.1942  +0.6143  +0.0343  +0.3722
   5058    808326   157  +13.646   10937    168    479  +0.3757  +0.8705  +0.1946  +0.6265
   5059    808490   164   +8.794    9746    185    343  +0.1622  +0.5580  +0.0498  +0.3171
   5060    808648   158   +7.555    9294    157    322  +0.1677  +0.4394  -0.0871  +0.4788
   5061    808813   165   +8.599    9205    164    363  +0.1385  +0.4160  +0.0666  +0.4007
   5062    808966   153   +7.776    9229    166    321  +0.1331  +0.4223  -0.0513  +0.3888
   5063    809126   160  +13.173   11225    173    353  +0.4488  +0.9462  +0.4117  +0.6211
   5064    809286   160  +11.206   10294    164    344  +0.3335  +0.7017  +0.3458  +0.5643
   5065    809448   162  +12.867   10534    175    376  +0.3137  +0.7648  +0.2019  +0.5018
   5066    809610   162  +14.122   12311    180    366  +0.5010  +1.0000  +0.5280  +0.7055
   5067    809771   161  +10.345   10299    178    303  +0.2877  +0.7033  +0.2131  +0.4486
   5068    809933   162  +13.973   11378    169    381  +0.4919  +0.9863  +0.5163  +0.6875
   5069    810090   157  +12.610   10849    179    399  +0.3592  +0.8475  +0.3477  +0.5156
   5070    810253   163  +13.052   11477    177    329  +0.4732  +1.0000  +0.4082  +0.6222
   5071    810408   155  +12.687   11101    170    334  +0.4490  +0.9136  +0.4496  +0.6342
   5072    810568   160  +11.604   10943    180    278  +0.3913  +0.8721  +0.3096  +0.5228
   5073    810725   157  +13.528   11251    170    346  +0.4682  +0.9529  +0.4473  +0.6552
   5074    810884   159  +16.030   11774    167    437  +0.5024  +1.0000  +0.4485  +0.7617
   5075    811045   161   +9.384   10031    180    348  +0.2287  +0.6329  +0.1642  +0.3953
   5076    811205   160  +13.147   10702    154    431  +0.4281  +0.8088  +0.4751  +0.7347
   5077    811369   164   +9.030   10016    187    359  +0.1903  +0.6289  +0.0129  +0.3421
   5078    811533   164  +13.689   11058    173    369  +0.4205  +0.9024  +0.3955  +0.6004
   5079    811694   161  +16.332   12132    177    457  +0.4746  +1.0000  +0.4081  +0.7124
   5080    811856   162  +13.577   10491    163    414  +0.3481  +0.7537  +0.2824  +0.6092
   5081    812016   160  +11.841   10841    169    308  +0.4201  +0.8455  +0.4669  +0.6041
   5082    812180   164  +13.840   10852    173    390  +0.3745  +0.8482  +0.3017  +0.5658
   5083    812328   148  +12.067   11511    176    277  +0.4859  +1.0000  +0.3960  +0.6326
   5084    812488   160  +10.544    9624    182    446  +0.1152  +0.5259  -0.1037  +0.3186
   5085    812651   163  +11.893    9903    152    410  +0.2835  +0.5992  +0.1202  +0.6320
   5086    812808   157  +10.737   10499    197    346  +0.2425  +0.7556  +0.0901  +0.3304
   5087    812969   161  +14.914   11394    184    384  +0.4351  +0.9904  +0.4187  +0.5519
   5088    813122   153  +14.501   11020    156    374  +0.4761  +0.8923  +0.4020  +0.7716
   5089    813277   155  +15.292   11718    174    411  +0.4800  +1.0000  +0.4389  +0.6843
   5090    813439   162  +13.243   11787    189    326  +0.4423  +1.0000  +0.3447  +0.5588
   5091    813599   160  +11.848   10985    180    338  +0.3839  +0.8831  +0.2899  +0.5302
   5092    813756   157  +10.557   10134    175    374  +0.2444  +0.6598  +0.0964  +0.4444
   5093    813915   159  +15.599   11207    176    402  +0.4255  +0.9415  +0.4098  +0.5882
   5094    814076   161  +13.781   11568    181    384  +0.4552  +1.0000  +0.4199  +0.6010
   5095    814240   164   +9.425    9469    169    342  +0.1603  +0.4853  -0.0075  +0.3996
   5096    814398   158  +14.353   11441    179    359  +0.4555  +1.0000  +0.3837  +0.5950
   5097    814559   161  +13.594   11472    171    323  +0.5058  +1.0000  +0.5129  +0.6812
   5098    814720   161  +12.894   11954    179    336  +0.4983  +1.0000  +0.5299  +0.6729
   5099    814888   168   +5.937    8014    177    379  -0.1141  +0.1034  -0.3105  +0.1326
   5100    815048   160  +11.473   10861    178    353  +0.3516  +0.8508  +0.1395  +0.5235

  ── rolling mean (last 100 ep) ──  cum_R=+12.434  yield=10705 kg/ha  N=172  W=375 mm  R_seas=+0.3534  R_ane=+0.5584

   5101    815202   154  +13.202   11400    169    304  +0.5082  +0.9923  +0.5194  +0.6829
   5102    815357   155  +12.988   11064    182    361  +0.3765  +0.9041  +0.2174  +0.5209
   5103    815517   160  +12.563   10624    182    414  +0.3054  +0.7884  +0.2484  +0.4626
   5104    815676   159  +14.326   11727    174    323  +0.4906  +1.0000  +0.3779  +0.6822
   5105    815837   161  +12.451   11336    184    310  +0.4258  +0.9754  +0.2908  +0.5360
   5106    815999   162  +12.327   10734    177    322  +0.3559  +0.8173  +0.2567  +0.5196
   5107    816161   162   +9.978    9926    172    368  +0.2300  +0.6052  +0.1515  +0.4418
   5108    816319   158  +13.687   11543    167    320  +0.5278  +1.0000  +0.5561  +0.7319
   5109    816478   159  +12.553   11138    189    386  +0.3472  +0.9233  +0.0731  +0.4740
   5110    816635   157   +8.816   10056    187    354  +0.2031  +0.6393  +0.0739  +0.3471
   5111    816797   162  +12.701   11417    196    384  +0.3894  +0.9966  +0.2853  +0.4566
   5112    816951   154   +8.073    9326    187    316  +0.0969  +0.4477  +0.0038  +0.2473
   5113    817109   158  +14.048   11154    174    402  +0.4126  +0.9276  +0.2880  +0.6006
   5114    817270   161  +12.801   10749    157    310  +0.4485  +0.8212  +0.4854  +0.7070
   5115    817428   158  +14.596   11597    176    372  +0.4730  +1.0000  +0.4016  +0.6502
   5116    817597   169  +14.210   11208    184    411  +0.3950  +0.9418  +0.3506  +0.5243
   5117    817760   163  +14.178   11434    167    361  +0.5032  +1.0000  +0.4454  +0.7139
   5118    817918   158  +13.625   11370    174    313  +0.4930  +0.9841  +0.5779  +0.6364
   5119    818081   163  +12.230   11172    181    312  +0.4277  +0.9322  +0.4591  +0.5402
   5120    818242   161   +7.066    9073    183    365  +0.0574  +0.3814  -0.0239  +0.2393
   5121    818398   156  +13.706   11610    185    372  +0.4527  +1.0000  +0.4789  +0.5720
   5122    818550   152  +12.459   11090    174    349  +0.4382  +0.9108  +0.5194  +0.5955
   5123    818713   163  +11.369   10634    175    346  +0.3404  +0.7910  +0.2491  +0.5194
   5124    818877   164  +13.790   11897    179    403  +0.4703  +1.0000  +0.4342  +0.6575
   5125    819039   162  +11.490   10927    178    332  +0.3870  +0.8679  +0.3402  +0.5373
   5126    819198   159  +10.891   10143    163    408  +0.2843  +0.6622  +0.1513  +0.5576
   5127    819359   161  +13.933   11354    174    380  +0.4610  +0.9802  +0.4325  +0.6292
   5128    819515   156  +12.949   11442    191    390  +0.3968  +1.0000  +0.2216  +0.4947
   5129    819675   160  +12.766   10643    170    407  +0.3550  +0.7933  +0.3361  +0.5675
   5130    819836   161  +11.912   10603    164    296  +0.4014  +0.7830  +0.4363  +0.6188
   5131    819997   161  +13.729   11574    167    369  +0.5061  +1.0000  +0.4334  +0.7333
   5132    820157   160  +11.061    9818    172    405  +0.1952  +0.5768  +0.0386  +0.4256
   5133    820322   165  +11.059    9929    178    391  +0.1968  +0.6060  +0.0476  +0.3905
   5134    820484   162  +10.745    9494    176    406  +0.1343  +0.4919  +0.0111  +0.3517
   5135    820642   158  +11.821   10726    182    355  +0.3333  +0.8153  +0.2596  +0.4765
   5136    820800   158   +8.695    9503    187    400  +0.0984  +0.4943  -0.0804  +0.2734
   5137    820957   157  +13.494   11470    181    395  +0.4372  +1.0000  +0.3030  +0.5873
   5138    821113   156  +13.053   10845    181    430  +0.3366  +0.8464  +0.2600  +0.4957
   5139    821271   158  +12.147   10989    178    358  +0.3937  +0.8844  +0.3792  +0.5422
   5140    821437   166  +15.159   11691    173    427  +0.4739  +1.0000  +0.4025  +0.6858
   5141    821595   158  +15.325   11369    180    427  +0.4254  +0.9841  +0.3252  +0.5817
   5142    821758   163  +12.708   10834    172    395  +0.3850  +0.8436  +0.3893  +0.5784
   5143    821922   164  +13.779   11340    180    368  +0.4362  +0.9763  +0.3724  +0.5738
   5144    822081   159  +13.667   11351    178    389  +0.4354  +0.9792  +0.3308  +0.5921
   5145    822243   162  +10.929   10336    168    344  +0.3253  +0.7129  +0.3189  +0.5372
   5146    822402   159  +12.907   10815    185    394  +0.3232  +0.8386  +0.2170  +0.4584
   5147    822559   157  +10.479   10100    179    341  +0.2261  +0.6509  -0.0079  +0.4137
   5148    822714   155  +10.873   10004    182    356  +0.2187  +0.6258  +0.1706  +0.3776
   5149    822877   163   +8.948    9304    185    359  +0.0829  +0.4421  -0.0752  +0.2595
   5150    823038   161  +13.833   11704    183    390  +0.4488  +1.0000  +0.3752  +0.6020
   5151    823195   157   +9.229    9768    164    403  +0.2322  +0.5638  +0.2286  +0.4883
   5152    823361   166   +9.562   10038    191    392  +0.1862  +0.6346  +0.1280  +0.3119
   5153    823524   163  +12.895   11050    185    416  +0.3529  +0.9004  +0.2085  +0.4921
   5154    823688   164  +10.394    9550    172    379  +0.1650  +0.5064  +0.0678  +0.3909
   5155    823843   155  +13.493   11596    174    349  +0.4994  +1.0000  +0.5463  +0.6709
   5156    823997   154   +9.148    9387    177    421  +0.0964  +0.4638  -0.1441  +0.3266
   5157    824158   161  +13.998   11747    168    384  +0.5107  +1.0000  +0.4889  +0.7430
   5158    824318   160  +14.317   11274    180    409  +0.4128  +0.9591  +0.3205  +0.5637
   5159    824479   161  +14.288   11164    169    361  +0.4422  +0.9303  +0.3034  +0.6545
   5160    824638   159  +12.305   11436    178    351  +0.4664  +1.0000  +0.4276  +0.6092
   5161    824798   160  +13.685   11199    176    390  +0.4270  +0.9393  +0.3990  +0.5914
   5162    824954   156  +13.391   10900    172    390  +0.3873  +0.8609  +0.3157  +0.5848
   5163    825113   159  +12.179   10786    173    353  +0.3829  +0.8308  +0.3921  +0.5610
   5164    825278   165   +8.122    8740    175    432  -0.0096  +0.2939  -0.2755  +0.2478
   5165    825438   160   +7.681    9547    176    317  +0.1652  +0.5058  +0.0830  +0.3539
   5166    825594   156  +12.206   11109    182    328  +0.3951  +0.9156  +0.2846  +0.5239
   5167    825747   153  +13.281   10847    162    378  +0.4136  +0.8469  +0.2757  +0.6789
   5168    825905   158  +14.148   10703    176    447  +0.3243  +0.8093  +0.2305  +0.5169
   5169    826065   160   +9.198    9722    177    395  +0.1783  +0.5517  +0.1197  +0.3763
   5170    826224   159   +9.218    9311    179    350  +0.0909  +0.4438  -0.1733  +0.3008
   5171    826387   163  +14.613   12086    184    405  +0.4567  +1.0000  +0.3642  +0.6442
   5172    826543   156  +11.931   10566    186    421  +0.2687  +0.7732  +0.1068  +0.4198
   5173    826700   157  +12.677   11097    190    347  +0.3699  +0.9125  +0.3072  +0.4616
   5174    826857   157  +14.161   11209    171    348  +0.4478  +0.9419  +0.3372  +0.6406
   5175    827014   157  +13.496   10996    162    354  +0.4568  +0.8860  +0.4663  +0.6926
   5176    827177   163   +9.678    9958    178    314  +0.2188  +0.6135  +0.0466  +0.4011
   5177    827335   158  +13.075   11294    175    374  +0.4414  +0.9643  +0.3324  +0.6157
   5178    827504   169  +10.099   10003    175    388  +0.2217  +0.6255  +0.0875  +0.4267
   5179    827667   163  +10.007   10051    177    339  +0.2447  +0.6380  +0.2003  +0.4194
   5180    827831   164  +12.765   11276    188    349  +0.3856  +0.9594  +0.1606  +0.4990
   5181    827992   161  +13.510   10878    166    396  +0.4258  +0.8551  +0.5296  +0.6425
   5182    828156   164  +12.618   11245    180    358  +0.4145  +0.9515  +0.2681  +0.5624
   5183    828320   164  +13.309   11687    176    362  +0.4877  +1.0000  +0.4919  +0.6625
   5184    828478   158  +15.085   11440    190    408  +0.4025  +1.0000  +0.2884  +0.5016
   5185    828644   166  +11.979   10439    182    388  +0.2748  +0.7400  +0.1741  +0.4337
   5186    828798   154  +12.048   10921    183    391  +0.3489  +0.8664  +0.2524  +0.4897
   5187    828961   163  +12.604   11159    184    361  +0.3797  +0.9289  +0.1741  +0.5166
   5188    829113   152  +11.308   10442    162    352  +0.3721  +0.7407  +0.4209  +0.6158
   5189    829273   160  +13.282   10945    162    343  +0.4521  +0.8726  +0.4486  +0.6922
   5190    829441   168   +9.614    9518    190    435  +0.0830  +0.4981  -0.0886  +0.2496
   5191    829602   161  +11.618   10731    183    405  +0.3048  +0.8165  +0.1010  +0.4685
   5192    829763   161  +14.521   11113    185    417  +0.3722  +0.9168  +0.2964  +0.5054
   5193    829923   160   +7.577    8643    175    348  +0.0016  +0.2685  -0.1939  +0.2355
   5194    830080   157  +10.588   10196    177    341  +0.2501  +0.6760  +0.0567  +0.4367
   5195    830237   157  +10.657   10578    198    395  +0.2358  +0.7765  +0.0156  +0.3383
   5196    830393   156  +11.653   10129    165    381  +0.2783  +0.6586  +0.1342  +0.5339
   5197    830558   165  +10.034   10051    184    326  +0.2206  +0.6380  +0.1359  +0.3635
   5198    830723   165  +12.873   10990    183    371  +0.3598  +0.8845  +0.2177  +0.5001
   5199    830880   157   +9.988   10541    183    362  +0.2802  +0.7667  +0.0494  +0.4412
   5200    831042   162  +12.169   10400    161    338  +0.3841  +0.7296  +0.5433  +0.6192

  ── rolling mean (last 100 ep) ──  cum_R=+12.084  yield=10720 kg/ha  N=177  W=372 mm  R_seas=+0.3383  R_ane=+0.5142

   5201    831199   157   +9.415    9602    169    382  +0.1868  +0.5201  +0.1228  +0.4239
   5202    831361   162  +10.790   10511    184    354  +0.2790  +0.7588  +0.0960  +0.4285
   5203    831522   161  +13.170   10666    161    370  +0.4006  +0.7994  +0.3857  +0.6559
   5204    831691   169  +11.508   10807    180    345  +0.3594  +0.8365  +0.3334  +0.5013
   5205    831849   158  +12.601   10665    178    316  +0.3494  +0.7992  +0.3176  +0.5003
   5206    832008   159  +11.903   11090    184    305  +0.4040  +0.9108  +0.4141  +0.5045
   5207    832166   158  +12.361   11254    178    347  +0.4353  +0.9539  +0.3695  +0.5835
   5208    832324   158  +14.858   11453    169    410  +0.4830  +1.0000  +0.4260  +0.6903
   5209    832488   164  +11.120   10332    178    348  +0.2733  +0.7118  +0.1291  +0.4485
   5210    832647   159  +15.036   11324    153    403  +0.5282  +0.9723  +0.3972  +0.8551
   5211    832802   155  +12.236   11468    188    357  +0.4275  +1.0000  +0.3552  +0.5245
   5212    832964   162  +10.149   10257    174    364  +0.2868  +0.6921  +0.2693  +0.4759
   5213    833127   163  +12.566   11095    191    368  +0.3560  +0.9121  +0.2376  +0.4547
   5214    833284   157  +13.712   11218    166    373  +0.4721  +0.9443  +0.4512  +0.6894
   5215    833442   158  +10.878   10675    182    336  +0.3285  +0.8018  +0.2704  +0.4636
   5216    833601   159   +9.023    9669    161    373  +0.2198  +0.5378  +0.0977  +0.5000
   5217    833763   162  +12.047   11010    180    358  +0.3815  +0.8896  +0.2944  +0.5267
   5218    833925   162  +11.898   10638    168    366  +0.3831  +0.7921  +0.4867  +0.5827
   5219    834086   161  +14.330   11337    165    408  +0.4937  +0.9756  +0.5353  +0.7138
   5220    834249   163  +13.424   11617    182    347  +0.4557  +1.0000  +0.3644  +0.5984
   5221    834407   158  +10.394   10476    174    326  +0.3200  +0.7495  +0.2159  +0.5031
   5222    834567   160  +14.117   11540    170    334  +0.5063  +1.0000  +0.5074  +0.6922
   5223    834723   156  +12.443   11012    189    381  +0.3461  +0.8903  +0.2275  +0.4593
   5224    834884   161  +13.422   11968    190    370  +0.4501  +1.0000  +0.4566  +0.5778
   5225    835036   152  +10.410   10112    180    353  +0.2307  +0.6540  +0.0737  +0.4070
   5226    835205   169   +8.649    9278    182    264  +0.1177  +0.4352  +0.0414  +0.2771
   5227    835358   153   +6.783    8775    177    374  +0.0149  +0.3032  -0.1458  +0.2389
   5228    835519   161  +12.244   11444    190    345  +0.4215  +1.0000  +0.3447  +0.5039
   5229    835676   157  +10.225   10068    168    321  +0.2978  +0.6424  +0.4126  +0.4934
   5230    835836   160   +8.827    8806    195    413  -0.0329  +0.3112  -0.1568  +0.1282
   5231    835994   158  +14.540   11127    177    430  +0.3950  +0.9204  +0.3125  +0.5679
   5232    836150   156  +13.051   11185    178    297  +0.4366  +0.9357  +0.4095  +0.5670
   5233    836315   165   +9.885   10279    186    406  +0.2234  +0.6978  +0.0504  +0.3787
   5234    836478   163  +12.665   11347    190    338  +0.4063  +0.9783  +0.3012  +0.4918
   5235    836646   168   +9.802    9694    196    373  +0.1120  +0.5445  -0.0352  +0.2350
   5236    836810   164  +14.131   11429    181    412  +0.4281  +0.9997  +0.2716  +0.5799
   5237    836965   155  +11.757   11468    191    354  +0.4125  +1.0000  +0.2781  +0.5026
   5238    837125   160  +12.145   11557    193    333  +0.4221  +1.0000  +0.3718  +0.4942
   5239    837286   161  +12.434   11286    185    328  +0.4083  +0.9623  +0.2454  +0.5235
   5240    837447   161  +14.579   11180    171    387  +0.4402  +0.9344  +0.4024  +0.6311
   5241    837609   162  +12.684   10402    152    364  +0.3991  +0.7301  +0.4346  +0.7084
   5242    837773   164  +11.906   10853    179    366  +0.3478  +0.8486  +0.1631  +0.5160
   5243    837937   164  +11.302   10857    186    365  +0.3327  +0.8495  +0.2025  +0.4615
   5244    838099   162  +13.703   10861    178    416  +0.3541  +0.8507  +0.2859  +0.5250
   5245    838249   150  +13.898   10829    171    425  +0.3583  +0.8423  +0.1828  +0.5794
   5246    838411   162  +14.413   11389    176    399  +0.4639  +0.9893  +0.5205  +0.6139
   5247    838578   167   +6.996    9158    196    322  +0.0307  +0.4038  -0.1864  +0.1676
   5248    838739   161  +14.054   11631    186    330  +0.4649  +1.0000  +0.5471  +0.5640
   5249    838896   157   +8.755    9639    180    341  +0.1616  +0.5300  +0.0543  +0.3410
   5250    839058   162  +12.104   11110    197    367  +0.3467  +0.9159  +0.2823  +0.4129
   5251    839219   161  +13.449   11288    189    366  +0.3971  +0.9626  +0.3303  +0.4899
   5252    839377   158  +10.485    9395    155    402  +0.2037  +0.4658  +0.1976  +0.5178
   5253    839537   160  +10.631    9323    160    456  +0.1466  +0.4470  +0.0117  +0.4594
   5254    839695   158  +11.247   10709    183    326  +0.3333  +0.8107  +0.2562  +0.4659
   5255    839853   158  +14.842   11614    177    429  +0.4555  +1.0000  +0.3683  +0.6430
   5256    840004   151  +11.251    9264    130    343  +0.2960  +0.4316  +0.2010  +0.7887
   5257    840169   165  +12.483   10957    194    387  +0.3195  +0.8758  +0.1934  +0.4137
   5258    840327   158  +15.636   11579    174    351  +0.4849  +1.0000  +0.4301  +0.6636
   5259    840492   165  +14.127   11373    165    386  +0.4856  +0.9851  +0.3331  +0.7258
   5260    840649   157  +12.797   10461    178    421  +0.2779  +0.7457  +0.1207  +0.4694
   5261    840804   155  +11.154   10503    157    350  +0.4000  +0.7568  +0.4256  +0.6767
   5262    840963   159  +13.324   11445    179    372  +0.4586  +1.0000  +0.4280  +0.5986
   5263    841124   161   +9.100    9684    180    389  +0.1399  +0.5418  -0.1353  +0.3474
   5264    841286   162  +12.002   10709    174    398  +0.3495  +0.8109  +0.3058  +0.5371
   5265    841445   159  +11.361   10436    157    309  +0.3958  +0.7392  +0.4329  +0.6577
   5266    841608   163  +12.724   12345    182    360  +0.4952  +1.0000  +0.4820  +0.6997
   5267    841758   150  +12.367   10967    165    369  +0.4342  +0.8784  +0.4200  +0.6579
   5268    841919   161  +14.806   10865    162    468  +0.4038  +0.8518  +0.3636  +0.6718
   5269    842086   167  +12.735   11156    185    357  +0.3826  +0.9281  +0.2341  +0.5064
   5270    842243   157  +12.464   11275    174    314  +0.4654  +0.9593  +0.4472  +0.6221
   5271    842399   156  +12.230   10724    171    352  +0.3683  +0.8147  +0.2898  +0.5650
   5272    842557   158  +13.196   11072    195    386  +0.3285  +0.9060  +0.1396  +0.4225
   5273    842720   163   +9.393    9192    164    391  +0.1156  +0.4125  -0.0800  +0.3967
   5274    842879   159  +13.089   11214    174    392  +0.4375  +0.9434  +0.4133  +0.6134
   5275    843038   159  +12.678   10747    165    377  +0.4094  +0.8208  +0.4969  +0.6305
   5276    843197   159   +8.841    9745    174    373  +0.1918  +0.5578  +0.0874  +0.4040
   5277    843358   161   +9.945   10535    177    329  +0.3291  +0.7652  +0.3012  +0.4903
   5278    843518   160  +13.891   11116    173    443  +0.4035  +0.9177  +0.3037  +0.6045
   5279    843676   158  +12.964   12192    193    395  +0.4481  +1.0000  +0.4951  +0.5802
   5280    843838   162   +6.790    8411    151    354  +0.0539  +0.2075  -0.0010  +0.3911
   5281    844004   166   +8.747    9999    188    307  +0.2047  +0.6244  +0.1170  +0.3292
   5282    844163   159  +13.465   10912    165    347  +0.4359  +0.8641  +0.4736  +0.6501
   5283    844320   157  +12.615   11170    162    370  +0.4813  +0.9318  +0.4731  +0.7215
   5284    844479   159  +15.282   11858    175    457  +0.4786  +1.0000  +0.4786  +0.6981
   5285    844640   161  +14.279   12096    188    396  +0.4681  +1.0000  +0.5790  +0.6108
   5286    844799   159  +13.161   11797    179    356  +0.4764  +1.0000  +0.4339  +0.6462
   5287    844961   162   +8.195    8677    175    396  -0.0051  +0.2774  -0.2054  +0.2374
   5288    845127   166  +10.960   10531    190    366  +0.2705  +0.7641  +0.1880  +0.3819
   5289    845287   160  +10.519   10567    171    356  +0.3530  +0.7735  +0.3820  +0.5411
   5290    845448   161  +14.071   11621    180    380  +0.4586  +1.0000  +0.4193  +0.6095
   5291    845612   164  +12.956   11391    191    328  +0.4243  +0.9897  +0.4298  +0.4892
   5292    845778   166  +11.450   10575    174    336  +0.3349  +0.7756  +0.2293  +0.5194
   5293    845935   157   +8.027    9978    197    361  +0.1462  +0.6190  -0.1163  +0.2691
   5294    846090   155  +10.477   10432    176    370  +0.3005  +0.7382  +0.2163  +0.4848
   5295    846252   162  +10.671   10144    165    343  +0.3106  +0.6625  +0.3418  +0.5410
   5296    846414   162  +11.901   11669    194    348  +0.4057  +1.0000  +0.2039  +0.5056
   5297    846576   162  +14.426   11538    181    453  +0.4257  +1.0000  +0.3001  +0.5899
   5298    846740   164   +7.679    9601    184    339  +0.1371  +0.5200  -0.0193  +0.3033
   5299    846901   161  +10.650    9954    169    350  +0.2503  +0.6127  +0.1909  +0.4695
   5300    847062   161  +14.757   11194    172    419  +0.4263  +0.9381  +0.3369  +0.6244

  ── rolling mean (last 100 ep) ──  cum_R=+11.916  yield=10735 kg/ha  N=177  W=368 mm  R_seas=+0.3431  R_ane=+0.5220

   5301    847225   163  +13.314   11185    191    441  +0.3385  +0.9356  +0.0828  +0.4653
   5302    847385   160   +9.991   10002    186    380  +0.1753  +0.6252  -0.0842  +0.3427
   5303    847549   164  +11.556   11309    191    343  +0.3917  +0.9683  +0.2405  +0.4810
   5304    847609    60   -7.907       0      4     78  -0.8177  -1.0000  -1.0000  -1.0000
   5305    847772   163  +12.194   11025    183    384  +0.3744  +0.8938  +0.3212  +0.5097
   5306    847936   164  +12.420   10412    171    400  +0.3011  +0.7327  +0.1762  +0.5199
   5307    848095   159  +10.309   10088    164    354  +0.2847  +0.6478  +0.1563  +0.5421
   5308    848256   161  +13.753   11218    163    426  +0.4777  +0.9442  +0.4930  +0.7238
   5309    848420   164  +10.063   10126    185    345  +0.2261  +0.6576  +0.1342  +0.3701
   5310    848582   162   +9.317    9781    171    411  +0.1877  +0.5672  +0.0001  +0.4284
   5311    848738   156  +13.909   11459    172    385  +0.4793  +1.0000  +0.4438  +0.6608
   5312    848898   160  +10.497   10317    162    319  +0.3558  +0.7078  +0.4125  +0.5882
   5313    849064   166  +13.748   11223    176    388  +0.4301  +0.9458  +0.3867  +0.5954
   5314    849220   156  +11.368   11017    190    403  +0.3305  +0.8916  +0.1549  +0.4469
   5315    849379   159  +14.187   11187    160    380  +0.4853  +0.9363  +0.4213  +0.7488
   5316    849539   160  +12.868   10554    151    389  +0.4084  +0.7701  +0.2940  +0.7473
   5317    849697   158  +14.631   10718    150    396  +0.4552  +0.8132  +0.5021  +0.7804
   5318    849852   155  +12.133   10481    175    365  +0.3040  +0.7508  +0.1446  +0.4989
   5319    850015   163  +15.184   10992    179    428  +0.3622  +0.8851  +0.2306  +0.5338
   5320    850175   160   +9.440   10051    193    397  +0.1713  +0.6380  +0.0049  +0.3045
   5321    850336   161  +12.025   10711    174    416  +0.3500  +0.8112  +0.3361  +0.5404
   5322    850498   162  +14.878   11407    160    378  +0.5187  +0.9939  +0.4128  +0.7844
   5323    850656   158  +11.011    9857    157    422  +0.2613  +0.5872  +0.1891  +0.5687
   5324    850818   162  +13.966   11466    172    387  +0.4839  +1.0000  +0.4709  +0.6675
   5325    850972   154   +8.634    8994    174    410  +0.0533  +0.3607  -0.1037  +0.2943
   5326    851130   158  +10.767   10389    173    367  +0.2966  +0.7267  +0.1578  +0.5004
   5327    851286   156   +9.016    9548    177    368  +0.1446  +0.5061  -0.0102  +0.3506
   5328    851445   159  +12.743   10359    176    418  +0.2765  +0.7189  +0.1888  +0.4725
   5329    851610   165  +13.278   11855    189    303  +0.4637  +1.0000  +0.4788  +0.5693
   5330    851766   156   +9.382    9873    187    337  +0.1698  +0.5913  -0.0256  +0.3217
   5331    851926   160  +12.175   11535    182    332  +0.4589  +1.0000  +0.4167  +0.5825
   5332    852086   160  +15.217   12022    179    396  +0.4758  +1.0000  +0.4071  +0.6792
   5333    852245   159  +15.115   11749    189    424  +0.4176  +1.0000  +0.3014  +0.5557
   5334    852404   159  +14.474   11456    166    393  +0.4985  +1.0000  +0.4425  +0.7200
   5335    852569   165  +11.826   10392    163    372  +0.3458  +0.7277  +0.3210  +0.5951
   5336    852727   158  +10.381   10444    172    354  +0.3186  +0.7411  +0.2319  +0.5192
   5337    852885   158  +10.603   10423    179    346  +0.2900  +0.7357  +0.1718  +0.4572
   5338    853038   153   +9.582    9610    165    374  +0.2078  +0.5224  +0.2019  +0.4539
   5339    853195   157  +11.050   10532    153    291  +0.4371  +0.7642  +0.5087  +0.7179
   5340    853353   158  +11.172   10108    184    428  +0.1944  +0.6531  -0.0063  +0.3718
   5341    853513   160  +12.349   10746    162    306  +0.4343  +0.8205  +0.4959  +0.6617
   5342    853668   155  +12.175   10964    170    411  +0.3839  +0.8777  +0.1766  +0.6084
   5343    853827   159  +13.383   11968    183    313  +0.4846  +1.0000  +0.4773  +0.6365
   5344    853986   159  +12.089   11178    180    302  +0.4345  +0.9337  +0.4419  +0.5563
   5345    854143   157  +11.814   11014    167    389  +0.4245  +0.8907  +0.3592  +0.6459
   5346    854301   158  +14.850   11038    153    463  +0.4663  +0.8970  +0.3712  +0.7990
   5347    854468   167  +12.350   10668    172    408  +0.3521  +0.7999  +0.3434  +0.5513
   5348    854630   162  +11.634   10129    174    426  +0.2468  +0.6585  +0.1909  +0.4552
   5349    854792   162  +12.540   11362    186    370  +0.4026  +0.9822  +0.1809  +0.5287
   5350    854951   159  +11.824   11037    165    353  +0.4586  +0.8969  +0.5244  +0.6692
   5351    855110   159  +14.178   11549    178    369  +0.4731  +1.0000  +0.4816  +0.6252
   5352    855271   161  +13.988   11602    168    308  +0.5220  +1.0000  +0.4883  +0.7291
   5353    855433   162  +14.022   11264    167    379  +0.4724  +0.9565  +0.4340  +0.6855
   5354    855593   160  +12.630   12013    188    340  +0.4629  +1.0000  +0.4450  +0.6008
   5355    855753   160  +14.403   11277    186    411  +0.3925  +0.9598  +0.2899  +0.5161
   5356    855909   156   +8.236    9695    194    315  +0.1315  +0.5446  -0.0011  +0.2467
   5357    856066   157  +12.976   11050    168    332  +0.4388  +0.9001  +0.3580  +0.6444
   5358    856230   164  +11.663   10724    188    352  +0.3093  +0.8146  +0.2112  +0.4233
   5359    856393   163   +7.466    8769    163    389  +0.0517  +0.3015  -0.1186  +0.3417
   5360    856551   158  +14.134   11489    179    336  +0.4686  +1.0000  +0.4314  +0.6067
   5361    856718   167  +12.608   11193    175    389  +0.4318  +0.9378  +0.4100  +0.6026
   5362    856878   160   +6.581    8942    189    339  +0.0125  +0.3471  -0.1919  +0.1835
   5363    857038   160   +9.734   10048    177    345  +0.2401  +0.6371  +0.1611  +0.4216
   5364    857205   167  +12.759   11616    187    348  +0.4364  +1.0000  +0.3390  +0.5520
   5365    857362   157  +11.685   11061    174    336  +0.4234  +0.9031  +0.3873  +0.5917
   5366    857519   157  +11.209   10474    167    399  +0.3378  +0.7490  +0.3131  +0.5674
   5367    857677   158  +12.219   11285    181    346  +0.4191  +0.9620  +0.2733  +0.5559
   5368    857841   164  +14.189   11290    161    420  +0.4968  +0.9633  +0.4864  +0.7569
   5369    858001   160  +10.056   10609    189    359  +0.2802  +0.7846  +0.1275  +0.4006
   5370    858161   160  +11.441   10686    180    388  +0.3326  +0.8046  +0.3279  +0.4849
   5371    858324   163   +9.368    9753    177    387  +0.1665  +0.5599  -0.0493  +0.3777
   5372    858480   156  +14.175   11557    180    429  +0.4515  +1.0000  +0.4479  +0.6080
   5373    858639   159  +14.016   11835    177    443  +0.4726  +1.0000  +0.4713  +0.6746
   5374    858795   156  +14.143   11111    163    430  +0.4531  +0.9164  +0.4145  +0.7079
   5375    858955   160  +13.705   11003    158    445  +0.4692  +0.8880  +0.6019  +0.7397
   5376    859117   162   +9.300    9897    178    366  +0.2048  +0.5976  +0.0946  +0.3940
   5377    859274   157  +12.991   11393    180    349  +0.4478  +0.9902  +0.3736  +0.5810
   5378    859436   162  +14.878   11112    154    465  +0.4850  +0.9165  +0.4537  +0.8092
   5379    859599   163   +7.581    9586    173    332  +0.1753  +0.5161  +0.0750  +0.3820
   5380    859763   164  +11.707   11170    197    307  +0.3738  +0.9318  +0.3507  +0.4194
   5381    859928   165  +12.512   10892    180    347  +0.3804  +0.8589  +0.4191  +0.5138
   5382    860088   160  +10.364   10161    178    419  +0.2355  +0.6670  +0.1365  +0.4260
   5383    860244   156  +13.283   11464    182    342  +0.4407  +1.0000  +0.2668  +0.5776
   5384    860406   162  +10.590   10178    193    357  +0.2029  +0.6713  +0.0633  +0.3195
   5385    860565   159  +13.277   11140    195    396  +0.3522  +0.9239  +0.3035  +0.4295
   5386    860728   163  +13.845   11901    184    397  +0.4518  +1.0000  +0.3782  +0.6178
   5387    860888   160  +13.897   11292    164    361  +0.5051  +0.9639  +0.5608  +0.7248
   5388    861048   160  +13.191   11127    178    338  +0.4140  +0.9204  +0.3453  +0.5603
   5389    861205   157  +13.871   10952    147    412  +0.5063  +0.8746  +0.5537  +0.8574
   5390    861361   156   +7.974    9550    186    319  +0.1164  +0.5065  -0.1439  +0.2831
   5391    861523   162  +11.421   10824    176    418  +0.3512  +0.8409  +0.2516  +0.5374
   5392    861689   166  +11.514   10739    185    366  +0.3115  +0.8186  +0.1478  +0.4499
   5393    861846   157   +9.551   10003    188    374  +0.1804  +0.6254  -0.0055  +0.3319
   5394    862001   155  +10.845   10118    157    387  +0.3191  +0.6557  +0.2854  +0.6133
   5395    862160   159  +11.707   10986    169    318  +0.4449  +0.8836  +0.5269  +0.6235
   5396    862320   160   +7.283    8978    155    331  +0.1358  +0.3564  +0.0145  +0.4513
   5397    862480   160  +11.313   10534    167    403  +0.3496  +0.7648  +0.3377  +0.5799
   5398    862642   162  +10.060    9171    176    402  +0.0783  +0.4070  -0.0576  +0.2997
   5399    862803   161  +14.082   11575    180    398  +0.4574  +1.0000  +0.4510  +0.6064
   5400    862965   162  +12.951   11303    182    374  +0.4380  +0.9667  +0.5019  +0.5560

  ── rolling mean (last 100 ep) ──  cum_R=+11.768  yield=10639 kg/ha  N=173  W=373 mm  R_seas=+0.3398  R_ane=+0.5271

   5401    863120   155  +10.998   10627    187    347  +0.3052  +0.7891  +0.2596  +0.4216
   5402    863281   161  +12.593   11368    177    378  +0.4480  +0.9838  +0.3754  +0.6040
   5403    863441   160  +16.370   11901    177    389  +0.4952  +1.0000  +0.5854  +0.6770
   5404    863596   155   +9.959   10122    178    333  +0.2460  +0.6567  +0.1098  +0.4259
   5405    863752   156   +9.427    9007    164    422  +0.0850  +0.3640  -0.0723  +0.3761
   5406    863912   160  +12.903   12507    189    331  +0.4839  +1.0000  +0.4789  +0.6555
   5407    864077   165  +10.349    9576    180    471  +0.1098  +0.5133  -0.0895  +0.3265
   5408    864241   164  +11.564   10147    187    371  +0.2035  +0.6633  -0.0059  +0.3553
   5409    864404   163   +8.468    8588    186    403  -0.0532  +0.2541  -0.2773  +0.1548
   5410    864565   161  +13.436   11533    185    373  +0.4315  +1.0000  +0.2997  +0.5618
   5411    864727   162  +11.481    9894    152    438  +0.2836  +0.5968  +0.1972  +0.6286
   5412    864888   161  +13.480   10519    151    465  +0.3949  +0.7608  +0.3609  +0.7432
   5413    865050   162  +12.475   11200    176    353  +0.4378  +0.9397  +0.4320  +0.5911
   5414    865212   162  +12.901   11417    191    380  +0.4021  +0.9966  +0.2738  +0.4923
   5415    865382   170  +11.789   10926    202    391  +0.2755  +0.8676  +0.0097  +0.3523
   5416    865544   162  +11.831   11662    196    333  +0.4097  +1.0000  +0.2792  +0.4878
   5417    865707   163  +12.003   11848    190    375  +0.4316  +1.0000  +0.3522  +0.5552
   5418    865867   160  +13.851   11357    168    433  +0.4721  +0.9808  +0.4453  +0.6867
   5419    866025   158  +11.017   10536    162    361  +0.3758  +0.7653  +0.3324  +0.6313
   5420    866180   155  +13.471   11087    157    378  +0.4880  +0.9100  +0.4850  +0.7651
   5421    866342   162  +12.967   11225    187    353  +0.4018  +0.9461  +0.3804  +0.4986
   5422    866498   156   +9.935    9590    169    428  +0.1505  +0.5171  -0.1159  +0.4181
   5423    866656   158   +8.817    9357    186    428  +0.0717  +0.4559  -0.1024  +0.2603
   5424    866821   165  +10.982   10625    185    416  +0.2781  +0.7888  +0.0757  +0.4361
   5425    866977   156  +11.575   10782    162    345  +0.4339  +0.8300  +0.5236  +0.6651
   5426    867133   156  +13.179   10423    169    375  +0.3242  +0.7356  +0.2712  +0.5410
   5427    867297   164  +10.701   10259    187    408  +0.2109  +0.6927  -0.0361  +0.3748
   5428    867457   160   +9.571   10183    185    350  +0.2290  +0.6726  +0.0861  +0.3790
   5429    867619   162  +12.482   10643    179    439  +0.3001  +0.7934  +0.1355  +0.4881
   5430    867784   165  +12.361   11268    192    358  +0.3837  +0.9574  +0.2858  +0.4659
   5431    867945   161  +12.523   11845    191    412  +0.4181  +1.0000  +0.3093  +0.5501
   5432    868106   161  +12.687   11097    182    377  +0.3868  +0.9126  +0.3081  +0.5244
   5433    868261   155  +13.678   10641    150    400  +0.4267  +0.7929  +0.3472  +0.7673
   5434    868421   160   +9.927   10486    188    357  +0.2647  +0.7523  +0.1043  +0.3955
   5435    868577   156  +12.964   11020    179    371  +0.3765  +0.8924  +0.2275  +0.5354
   5436    868743   166  +12.098   10900    193    387  +0.3166  +0.8607  +0.2296  +0.4109
   5437    868898   155  +12.259   10783    172    421  +0.3607  +0.8302  +0.2810  +0.5688
   5438    869060   162  +11.551   10883    184    316  +0.3668  +0.8565  +0.3685  +0.4760
   5439    869218   158  +10.276   10364    187    382  +0.2431  +0.7201  +0.0845  +0.3879
   5440    869374   156  +14.355   11552    171    341  +0.4979  +1.0000  +0.4531  +0.6876
   5441    869533   159  +11.184   10611    178    347  +0.3429  +0.7851  +0.4078  +0.4888
   5442    869696   163  +12.878   11198    184    400  +0.3860  +0.9390  +0.2625  +0.5209
   5443    869864   168   +7.360    9171    187    371  +0.0477  +0.4070  -0.1558  +0.2272
   5444    870030   166  +15.474   11167    167    383  +0.4647  +0.9309  +0.5030  +0.6736
   5445    870180   150  +14.302   11605    163    404  +0.5252  +1.0000  +0.5265  +0.7822
   5446    870338   158  +12.991   10816    159    440  +0.4099  +0.8389  +0.3199  +0.6999
   5447    870497   159  +12.551   11901    196    332  +0.4326  +1.0000  +0.4229  +0.5163
   5448    870655   158  +12.161   11524    197    326  +0.3987  +1.0000  +0.2282  +0.4650
   5449    870815   160  +13.008   11940    184    399  +0.4560  +1.0000  +0.4027  +0.6246
   5450    870973   158  +12.654   11008    185    375  +0.3562  +0.8893  +0.2101  +0.4895
   5451    871131   158  +12.056   11466    184    374  +0.4347  +1.0000  +0.3261  +0.5620
   5452    871291   160  +12.202   10916    197    412  +0.2928  +0.8651  +0.1322  +0.3821
   5453    871454   163  +12.192   10521    172    389  +0.3152  +0.7614  +0.1696  +0.5255
   5454    871618   164  +13.216   12000    201    402  +0.4010  +1.0000  +0.3306  +0.4943
   5455    871782   164  +10.709   10748    197    311  +0.2976  +0.8211  +0.2036  +0.3648
   5456    871941   159  +11.304   10830    185    347  +0.3386  +0.8425  +0.2431  +0.4637
   5457    872100   159  +11.834   11514    192    310  +0.4361  +1.0000  +0.4453  +0.4986
   5458    872258   158  +10.021   10142    170    318  +0.2986  +0.6619  +0.3382  +0.4946
   5459    872418   160  +12.734   10857    180    429  +0.3264  +0.8497  +0.1064  +0.5061
   5460    872577   159  +14.568   11025    183    407  +0.3668  +0.8937  +0.3000  +0.5074
   5461    872746   169   +8.325    9552    186    359  +0.1132  +0.5070  -0.0983  +0.2835
   5462    872912   166  +10.485   10327    198    411  +0.1954  +0.7106  +0.0057  +0.3054
   5463    873076   164  +12.515   11437    196    380  +0.3918  +1.0000  +0.2779  +0.4595
   5464    873235   159   +6.988    8601    165    376  +0.0206  +0.2575  -0.1512  +0.3018
   5465    873397   162  +13.008   11405    199    344  +0.3868  +0.9934  +0.2722  +0.4345
   5466    873561   164  +12.674   11812    190    364  +0.4241  +1.0000  +0.2489  +0.5563
   5467    873719   158  +11.966   11524    185    270  +0.4667  +1.0000  +0.4473  +0.5608
   5468    873881   162  +13.297   11393    183    356  +0.4434  +0.9904  +0.4403  +0.5535
   5469    874038   157  +14.923   11548    173    366  +0.4909  +1.0000  +0.4922  +0.6706
   5470    874194   156  +12.121   10171    159    438  +0.2929  +0.6696  +0.1123  +0.6025
   5471    874351   157  +12.609   10678    171    402  +0.3555  +0.8027  +0.3049  +0.5650
   5472    874520   169  +11.348   11201    194    332  +0.3699  +0.9400  +0.2500  +0.4415
   5473    874682   162  +13.071   11817    190    345  +0.4508  +1.0000  +0.4864  +0.5539
   5474    874835   153   +7.783    9400    194    327  +0.0775  +0.4672  -0.1096  +0.2128
   5475    874996   161  +11.117   10698    191    332  +0.3000  +0.8077  +0.1952  +0.3980
   5476    875153   157  +16.863   11880    155    484  +0.5588  +1.0000  +0.5762  +0.9181
   5477    875320   167   +9.553    9665    199    393  +0.0949  +0.5367  -0.0488  +0.2116
   5478    875483   163  +13.029   11733    185    339  +0.4663  +1.0000  +0.5082  +0.5862
   5479    875649   166  +11.232   10841    206    379  +0.2640  +0.8453  +0.0662  +0.3171
   5480    875804   155  +10.111   10004    190    362  +0.1793  +0.6257  +0.0121  +0.3171
   5481    875967   163  +14.064   10874    193    379  +0.3118  +0.8541  +0.1885  +0.4115
   5482    876129   162  +14.936   11251    150    398  +0.5381  +0.9530  +0.4957  +0.8731
   5483    876288   159   +9.558    9854    200    369  +0.1347  +0.5865  +0.0464  +0.2310
   5484    876449   161  +13.621   10694    182    381  +0.3294  +0.8067  +0.3432  +0.4661
   5485    876610   161   +8.158    9703    193    344  +0.1300  +0.5468  -0.0037  +0.2565
   5486    876770   160   +9.074   10003    194    365  +0.1709  +0.6255  +0.0340  +0.2905
   5487    876928   158   +6.806    9083    198    368  +0.0055  +0.3840  -0.1978  +0.1475
   5488    877082   154  +14.727   10807    163    415  +0.4147  +0.8365  +0.4736  +0.6573
   5489    877243   161  +10.764   10291    187    384  +0.2307  +0.7012  +0.0875  +0.3736
   5490    877409   166  +15.094   12564    191    398  +0.4694  +1.0000  +0.5080  +0.6456
   5491    877573   164  +15.456   11335    168    480  +0.4472  +0.9750  +0.3288  +0.6818
   5492    877735   162   +6.708    9001    199    374  -0.0138  +0.3625  -0.2418  +0.1322
   5493    877896   161  +12.839   10637    165    352  +0.4100  +0.7918  +0.6168  +0.6145
   5494    878064   168  +11.969   10397    190    404  +0.2371  +0.7289  +0.1194  +0.3656
   5495    878227   163  +10.586   10634    186    328  +0.2917  +0.7910  +0.0465  +0.4305
   5496    878388   161  +15.046   12186    178    416  +0.5011  +1.0000  +0.5862  +0.7148
   5497    878544   156  +12.633   11900    182    386  +0.4724  +1.0000  +0.4905  +0.6377
   5498    878701   157  +10.866   10348    166    391  +0.3202  +0.7159  +0.2630  +0.5618
   5499    878861   160   +8.880    9209    174    383  +0.0956  +0.4171  -0.0348  +0.3202
   5500    879025   164   +9.780   10541    196    307  +0.2638  +0.7667  +0.1386  +0.3427

  ── rolling mean (last 100 ep) ──  cum_R=+11.852  yield=10777 kg/ha  N=182  W=378 mm  R_seas=+0.3260  R_ane=+0.4901

   5501    879183   158  +13.392   11540    189    422  +0.4139  +1.0000  +0.3395  +0.5289
   5502    879336   153  +14.203   11205    155    423  +0.4983  +0.9408  +0.4181  +0.8074
   5503    879495   159  +12.989   11176    187    361  +0.4037  +0.9335  +0.4776  +0.4941
   5504    879658   163  +12.796   11219    187    339  +0.4008  +0.9446  +0.3329  +0.5025
   5505    879820   162   +9.212   10104    197    326  +0.1803  +0.6521  -0.0081  +0.2803
   5506    879984   164  +10.303    9880    181    338  +0.1996  +0.5932  +0.1169  +0.3631
   5507    880146   162  +11.649   11156    206    382  +0.3123  +0.9281  +0.1194  +0.3520
   5508    880310   164  +10.014   10752    204    291  +0.2797  +0.8220  +0.1453  +0.3152
   5509    880463   153  +10.713   10631    196    355  +0.2806  +0.7902  +0.2578  +0.3587
   5510    880623   160  +16.153   11879    170    493  +0.4804  +1.0000  +0.3940  +0.7488
   5511    880777   154  +14.168   11486    155    437  +0.5344  +1.0000  +0.4479  +0.8489
   5512    880934   157  +12.508   11813    191    321  +0.4402  +1.0000  +0.3536  +0.5483
   5513    881091   157   +9.612    9834    186    328  +0.1767  +0.5811  +0.0749  +0.3187
   5514    881251   160  +12.655   10854    180    457  +0.3239  +0.8489  +0.1185  +0.5119
   5515    881413   162  +12.058   10505    160    407  +0.3750  +0.7572  +0.3977  +0.6452
   5516    881571   158  +11.439   10355    176    385  +0.2782  +0.7179  +0.1427  +0.4723
   5517    881730   159  +10.937   10825    195    326  +0.2969  +0.8413  +0.0754  +0.3854
   5518    881891   161  +14.710   11794    199    412  +0.3998  +1.0000  +0.3682  +0.4826
   5519    882045   154  +13.492   11270    168    438  +0.4492  +0.9581  +0.3415  +0.6782
   5520    882208   163  +12.313   11609    188    324  +0.4450  +1.0000  +0.4079  +0.5432
   5521    882372   164   +8.523    9197    198    385  +0.0199  +0.4140  -0.1777  +0.1603
   5522    882541   169   +8.612    9766    202    364  +0.1065  +0.5634  -0.0783  +0.2063
   5523    882704   163   +8.375    9636    180    344  +0.1521  +0.5292  -0.0173  +0.3371
   5524    882871   167  +11.639   11163    196    411  +0.3368  +0.9299  +0.1731  +0.4253
   5525    883031   160   +9.525   10113    186    384  +0.2152  +0.6543  +0.1591  +0.3578
   5526    883192   161  +12.452   10990    173    396  +0.4010  +0.8846  +0.3698  +0.5864
   5527    883359   167  +11.033   10476    199    397  +0.2239  +0.7497  +0.0732  +0.3179
   5528    883522   163  +10.913   10850    203    410  +0.2651  +0.8479  +0.0659  +0.3377
   5529    883681   159  +14.155   11512    185    369  +0.4367  +1.0000  +0.3603  +0.5563
   5530    883838   157  +12.095   10666    181    383  +0.3092  +0.7995  +0.1375  +0.4755
   5531    883995   157  +11.836   10838    185    361  +0.3297  +0.8446  +0.1653  +0.4664
   5532    884152   157  +13.771   12116    186    398  +0.4563  +1.0000  +0.4182  +0.6245
   5533    884309   157  +14.622   10733    164    440  +0.3794  +0.8171  +0.3077  +0.6392
   5534    884466   157  +10.821    9359    175    477  +0.0950  +0.4565  -0.0701  +0.3402
   5535    884628   162  +10.013   10439    194    338  +0.2497  +0.7398  +0.1339  +0.3490
   5536    884784   156  +12.016   11135    176    344  +0.4480  +0.9225  +0.6066  +0.5835
   5537    884947   163  +10.732   10682    206    344  +0.2459  +0.8037  +0.0475  +0.2951
   5538    885112   165  +12.169   11608    184    322  +0.4582  +1.0000  +0.4106  +0.5781
   5539    885275   163   +7.910    8449    200    444  -0.1156  +0.2176  -0.3014  +0.0540
   5540    885435   160   +8.493    9403    195    353  +0.0673  +0.4680  -0.1310  +0.2047
   5541    885597   162   +7.038    9197    214    334  -0.0047  +0.4139  -0.2634  +0.0765
   5542    885755   158  +12.840   11777    195    389  +0.4210  +1.0000  +0.4250  +0.5119
   5543    885920   165   +9.561    9534    197    451  +0.0566  +0.5024  -0.1866  +0.2101
   5544    886080   160  +12.733   10591    179    391  +0.3139  +0.7799  +0.2494  +0.4821
   5545    886242   162  +10.063   10926    203    333  +0.3032  +0.8677  +0.1857  +0.3474
   5546    886405   163  +13.458   11899    188    360  +0.4557  +1.0000  +0.4582  +0.5856
   5547    886562   157  +13.187   10773    154    416  +0.4266  +0.8276  +0.3189  +0.7466
   5548    886723   161  +13.559   11296    188    344  +0.4057  +0.9649  +0.3275  +0.4995
   5549    886883   160  +10.545    9446    177    439  +0.1151  +0.4793  -0.0059  +0.3343
   5550    887044   161  +12.901   11440    181    347  +0.4576  +1.0000  +0.4312  +0.5812
   5551    887203   159  +12.960   11727    201    317  +0.4185  +1.0000  +0.4350  +0.4610
   5552    887361   158  +14.307   11022    160    453  +0.4556  +0.8930  +0.5106  +0.7261
   5553    887520   159  +13.859   11581    176    389  +0.4762  +1.0000  +0.4879  +0.6442
   5554    887679   159  +12.166   10632    195    358  +0.2879  +0.7906  +0.3169  +0.3632
   5555    887841   162   +7.544    8875    188    372  -0.0006  +0.3295  -0.1766  +0.1792
   5556    887998   157  +13.560   11734    175    379  +0.4937  +1.0000  +0.5492  +0.6738
   5557    888159   161  +15.722   11016    137    460  +0.5536  +0.8914  +0.5745  +1.0000
   5558    888319   160  +11.004   10308    192    405  +0.2185  +0.7056  +0.1031  +0.3429
   5559    888475   156  +13.779   11821    177    313  +0.5142  +1.0000  +0.6553  +0.6665
   5560    888642   167  +13.678   11739    189    417  +0.4307  +1.0000  +0.4342  +0.5511
   5561    888800   158   +9.457    9755    188    393  +0.1470  +0.5603  +0.0571  +0.2990
   5562    888959   159   +8.951   10083    175    317  +0.2583  +0.6464  +0.1852  +0.4406
   5563    889118   159  +11.956   11051    189    341  +0.3610  +0.9006  +0.2389  +0.4642
   5564    889280   162  +12.626   10802    170    426  +0.3580  +0.8353  +0.1919  +0.5837
   5565    889438   158  +10.171   10281    184    335  +0.2533  +0.6984  +0.1449  +0.3954
   5566    889600   162   +6.070    7888    182    389  -0.1485  +0.0704  -0.3240  +0.0821
   5567    889762   162  +14.682   11810    195    452  +0.3922  +1.0000  +0.2594  +0.5142
   5568    889923   161  +10.958   10438    184    380  +0.2602  +0.7397  +0.0820  +0.4148
   5569    890082   159   +8.082    9387    186    384  +0.0915  +0.4638  -0.0321  +0.2627
   5570    890246   164  +12.224   11816    196    354  +0.4228  +1.0000  +0.4030  +0.5048
   5571    890405   159  +13.745   11878    175    341  +0.5060  +1.0000  +0.5416  +0.6927
   5572    890568   163  +11.170   10555    190    387  +0.2670  +0.7703  +0.1566  +0.3860
   5573    890724   156  +14.754   12084    178    411  +0.4830  +1.0000  +0.4579  +0.6951
   5574    890890   166  +12.833   10865    159    387  +0.4145  +0.8517  +0.1886  +0.7065
   5575    891053   163   +8.736    9832    186    332  +0.1872  +0.5805  +0.1743  +0.3227
   5576    891210   157  +12.063   11313    173    329  +0.4719  +0.9692  +0.4618  +0.6343
   5577    891372   162  +11.349   10821    184    343  +0.3564  +0.8402  +0.3895  +0.4727
   5578    891530   158  +12.500   11107    191    328  +0.3648  +0.9153  +0.2376  +0.4536
   5579    891689   159  +13.310   11800    191    375  +0.4355  +1.0000  +0.4265  +0.5444
   5580    891853   164  +12.775   10670    178    399  +0.3384  +0.8006  +0.3764  +0.4982
   5581    892015   162  +11.976   10464    170    390  +0.3207  +0.7465  +0.2239  +0.5420
   5582    892174   159  +10.220   10609    186    346  +0.3062  +0.7845  +0.2651  +0.4267
   5583    892330   156  +11.956   10715    183    411  +0.3126  +0.8122  +0.2285  +0.4625
   5584    892489   159  +15.006   11938    184    454  +0.4467  +1.0000  +0.4385  +0.6192
   5585    892652   163  +11.463   11079    197    329  +0.3440  +0.9078  +0.2342  +0.4059
   5586    892811   159  +11.662   11357    183    394  +0.4267  +0.9808  +0.4001  +0.5491
   5587    892971   160  +12.049   12290    196    341  +0.4447  +1.0000  +0.4120  +0.5661
   5588    893124   153   +9.551    9865    178    397  +0.2029  +0.5892  +0.1879  +0.3888
   5589    893283   159  +10.140   10259    199    404  +0.1995  +0.6927  +0.1525  +0.2908
   5590    893445   162  +15.359   11489    172    426  +0.4606  +1.0000  +0.3094  +0.6697
   5591    893598   153   +5.292    8624    194    344  -0.0449  +0.2636  -0.1801  +0.1117
   5592    893756   158  +13.039   11485    184    365  +0.4373  +1.0000  +0.3420  +0.5606
   5593    893915   159  +10.394   10295    187    365  +0.2386  +0.7021  +0.1095  +0.3774
   5594    894071   156  +14.528   11520    174    364  +0.4934  +1.0000  +0.5720  +0.6538
   5595    894225   154  +13.096   10504    168    438  +0.3219  +0.7570  +0.2019  +0.5679
   5596    894385   160  +10.423   10959    198    296  +0.3199  +0.8764  +0.1326  +0.3814
   5597    894541   156  +14.227   11498    172    398  +0.4782  +1.0000  +0.4165  +0.6734
   5598    894701   160  +13.363   11599    197    394  +0.3946  +1.0000  +0.2935  +0.4745
   5599    894864   163  +11.316   10857    199    312  +0.3051  +0.8496  +0.1815  +0.3637
   5600    895023   159  +10.886   10665    184    373  +0.3129  +0.7991  +0.2586  +0.4468

  ── rolling mean (last 100 ep) ──  cum_R=+11.738  yield=10787 kg/ha  N=185  W=378 mm  R_seas=+0.3199  R_ane=+0.4696

   5601    895185   162  +10.440    9860    188    368  +0.1744  +0.5878  +0.1326  +0.3122
   5602    895342   157  +12.868   11796    194    381  +0.4242  +1.0000  +0.4194  +0.5186
   5603    895503   161  +10.880   10021    184    414  +0.1903  +0.6301  +0.0449  +0.3617
   5604    895659   156   +8.394    9821    185    298  +0.1735  +0.5778  -0.0343  +0.3263
   5605    895823   164  +12.919   11461    194    347  +0.4089  +1.0000  +0.3146  +0.4792
   5606    895973   150  +11.243   10770    173    340  +0.3677  +0.8269  +0.2314  +0.5603
   5607    896133   160  +15.094   12029    182    419  +0.4797  +1.0000  +0.5767  +0.6556
   5608    896294   161  +12.931   11582    195    353  +0.4204  +1.0000  +0.4178  +0.4881
   5609    896456   162  +14.701   11723    185    433  +0.4315  +1.0000  +0.3669  +0.5806
   5610    896613   157  +14.398   11127    173    444  +0.4012  +0.9204  +0.2560  +0.6086
   5611    896775   162  +13.422   11798    206    362  +0.3899  +1.0000  +0.3220  +0.4331
   5612    896936   161  +12.731   10311    198    427  +0.1872  +0.7064  -0.0224  +0.3035
   5613    897089   153  +12.488   11268    169    333  +0.4914  +0.9575  +0.5922  +0.6674
   5614    897244   155  +12.963   11416    188    317  +0.4262  +0.9963  +0.3013  +0.5169
   5615    897402   158  +16.837   12147    154    452  +0.5807  +1.0000  +0.5868  +0.9655
   5616    897569   167   +7.588    9620    194    331  +0.1232  +0.5248  +0.0536  +0.2376
   5617    897730   161  +11.380   10740    191    337  +0.3100  +0.8188  +0.2486  +0.4027
   5618    897894   164  +14.191   11768    169    378  +0.5094  +1.0000  +0.4706  +0.7418
   5619    898054   160  +13.790   12198    188    367  +0.4665  +1.0000  +0.4644  +0.6244
   5620    898217   163  +12.567   11151    181    386  +0.3701  +0.9269  +0.0472  +0.5411
   5621    898377   160  +12.972   11642    187    318  +0.4642  +1.0000  +0.5450  +0.5560
   5622    898537   160  +13.939   11525    180    352  +0.4544  +1.0000  +0.3382  +0.6028
   5623    898701   164   +9.838   10267    186    327  +0.2612  +0.6948  +0.2706  +0.3819
   5624    898863   162  +12.720   11217    186    394  +0.3781  +0.9441  +0.2026  +0.5067
   5625    899017   154  +12.298   11670    179    344  +0.4740  +1.0000  +0.4189  +0.6337
   5626    899175   158   +8.006    9685    204    382  +0.0791  +0.5420  -0.1785  +0.1883
   5627    899334   159   +9.257    9632    182    435  +0.1265  +0.5281  -0.0406  +0.3239
   5628    899491   157   +9.053    9836    181    356  +0.1841  +0.5815  +0.0487  +0.3607
   5629    899652   161  +13.679   11633    186    405  +0.4264  +1.0000  +0.3038  +0.5662
   5630    899807   155  +11.276   10466    184    425  +0.2483  +0.7470  +0.0062  +0.4200
   5631    899965   158  +14.031   11322    167    444  +0.4627  +0.9718  +0.3688  +0.6975
   5632    900126   161   +9.016    8906    185    427  +0.0047  +0.3376  -0.1345  +0.2031
   5633    900286   160  +12.152   10216    188    389  +0.2161  +0.6813  +0.0809  +0.3577
   5634    900441   155  +12.926   11397    176    405  +0.4588  +0.9914  +0.4656  +0.6159
   5635    900598   157  +14.571   12486    174    413  +0.5251  +1.0000  +0.5557  +0.7967
   5636    900763   165  +11.344   11258    192    350  +0.3792  +0.9549  +0.2296  +0.4671
   5637    900922   159  +11.332   10614    184    337  +0.3001  +0.7857  +0.1371  +0.4390
   5638    901084   162  +12.249   11501    198    319  +0.4170  +1.0000  +0.4381  +0.4531
   5639    901244   160  +12.999   11392    195    343  +0.3835  +0.9901  +0.1670  +0.4572
   5640    901401   157  +11.530   11813    196    337  +0.4108  +1.0000  +0.2322  +0.5094
   5641    901566   165  +11.091   11019    210    338  +0.3048  +0.8922  +0.2108  +0.3152
   5642    901725   159  +10.702   10418    187    335  +0.2693  +0.7344  +0.1749  +0.3949
   5643    901881   156  +11.441   11119    188    338  +0.3731  +0.9183  +0.2407  +0.4776
   5644    902037   156  +13.001   11143    172    389  +0.4145  +0.9248  +0.2369  +0.6163
   5645    902193   156  +12.341   10715    185    404  +0.3078  +0.8123  +0.2060  +0.4512
   5646    902358   165  +14.829   11350    173    426  +0.4446  +0.9789  +0.3269  +0.6400
   5647    902522   164  +11.195   11179    196    314  +0.3643  +0.9340  +0.2477  +0.4229
   5648    902678   156  +11.503   10662    191    335  +0.2913  +0.7985  +0.1616  +0.3945
   5649    902836   158  +13.487   10914    156    415  +0.4484  +0.8646  +0.3711  +0.7539
   5650    903001   165  +10.944   10928    180    329  +0.3866  +0.8683  +0.3935  +0.5190
   5651    903160   159  +11.300   11194    185    305  +0.4147  +0.9381  +0.3863  +0.5142
   5652    903316   156  +13.549   11448    165    413  +0.4911  +1.0000  +0.3433  +0.7391
   5653    903474   158   +9.795   10347    179    327  +0.2805  +0.7157  +0.1475  +0.4471
   5654    903629   155  +11.786   11402    190    322  +0.4129  +0.9927  +0.2527  +0.5001
   5655    903793   164  +13.496   11704    195    350  +0.4174  +1.0000  +0.3430  +0.5020
   5656    903955   162   +9.010   10188    199    306  +0.2044  +0.6741  +0.1162  +0.2793
   5657    904115   160   +8.926   10070    178    351  +0.2203  +0.6430  -0.0111  +0.4116
   5658    904271   156  +11.826   10129    167    430  +0.2590  +0.6585  +0.0930  +0.5189
   5659    904428   157   +9.290    9036    193    410  +0.0005  +0.3718  -0.2122  +0.1712
   5660    904589   161   +5.870    8620    189    318  -0.0293  +0.2625  -0.1859  +0.1412
   5661    904750   161  +14.705   12042    186    387  +0.4635  +1.0000  +0.4863  +0.6178
   5662    904907   157  +10.682    9728    182    410  +0.1506  +0.5532  +0.0200  +0.3347
   5663    905067   160  +12.535   11958    197    383  +0.4091  +1.0000  +0.2944  +0.5161
   5664    905224   157  +12.541   11384    178    370  +0.4483  +0.9881  +0.3673  +0.5978
   5665    905380   156   +9.936    9745    174    358  +0.2136  +0.5578  +0.2872  +0.4013
   5666    905542   162  +11.974   10340    182    348  +0.2905  +0.7139  +0.4088  +0.4161
   5667    905705   163  +13.501   11027    181    436  +0.3628  +0.8942  +0.2634  +0.5218
   5668    905863   158  +14.620   11048    177    473  +0.3817  +0.8997  +0.3607  +0.5622
   5669    906020   157  +13.469   11426    165    347  +0.5176  +0.9990  +0.5121  +0.7293
   5670    906178   158  +13.619   11913    189    408  +0.4321  +1.0000  +0.3611  +0.5740
   5671    906345   167  +14.494   10840    188    476  +0.3068  +0.8452  +0.2415  +0.4450
   5672    906505   160  +12.024   10794    193    401  +0.2960  +0.8331  +0.1949  +0.3992
   5673    906667   162  +12.445   11808    199    314  +0.4245  +1.0000  +0.4175  +0.4836
   5674    906828   161  +10.922   10874    182    321  +0.3652  +0.8541  +0.2922  +0.4978
   5675    906980   152  +11.896   10971    179    375  +0.3839  +0.8796  +0.3645  +0.5334
   5676    907141   161   +8.568    9662    183    406  +0.1422  +0.5359  +0.0358  +0.3224
   5677    907303   162  +12.948   12544    198    337  +0.4554  +1.0000  +0.4704  +0.5827
   5678    907467   164  +13.164   12521    193    449  +0.4507  +1.0000  +0.5010  +0.6229
   5679    907628   161  +10.466   10382    182    362  +0.2705  +0.7248  +0.1502  +0.4293
   5680    907783   155  +12.483   11376    188    360  +0.4119  +0.9857  +0.3036  +0.5110
   5681    907945   162  +12.842   11289    188    410  +0.3977  +0.9630  +0.3644  +0.5056
   5682    908111   166  +10.420   10461    193    338  +0.2552  +0.7456  +0.1391  +0.3568
   5683    908270   159   +7.343    9372    193    334  +0.0696  +0.4599  -0.1510  +0.2133
   5684    908431   161   +9.254    9872    201    379  +0.1200  +0.5910  -0.0879  +0.2272
   5685    908594   163  +10.660   10691    204    388  +0.2410  +0.8060  +0.0280  +0.3116
   5686    908745   151  +11.220   10610    177    406  +0.3116  +0.7848  +0.1874  +0.4957
   5687    908906   161  +11.455   11061    209    345  +0.3002  +0.9032  +0.1123  +0.3222
   5688    909064   158  +14.460   11850    178    359  +0.4973  +1.0000  +0.5732  +0.6686
   5689    909226   162  +12.639   10567    201    406  +0.2397  +0.7735  +0.1680  +0.3152
   5690    909389   163  +10.180    9695    186    409  +0.1422  +0.5445  +0.0852  +0.3021
   5691    909546   157  +13.018   12135    192    363  +0.4523  +1.0000  +0.4757  +0.5782
   5692    909709   163   +8.805    9659    187    364  +0.1295  +0.5353  -0.0651  +0.2932
   5693    909865   156  +12.110   10822    182    346  +0.3321  +0.8404  +0.1137  +0.4834
   5694    910021   156  +14.250   11972    177    413  +0.4856  +1.0000  +0.4945  +0.6911
   5695    910184   163  +10.305   10819    182    347  +0.3475  +0.8397  +0.2557  +0.4880
   5696    910344   160  +12.887   11870    193    350  +0.4385  +1.0000  +0.4480  +0.5347
   5697    910506   162   +9.135    9704    174    380  +0.1748  +0.5469  -0.0014  +0.3971
   5698    910666   160  +14.110   12151    182    384  +0.4809  +1.0000  +0.4926  +0.6652
   5699    910828   162  +12.166   10978    178    386  +0.3853  +0.8812  +0.3513  +0.5456
   5700    910978   150  +11.914   11663    180    326  +0.4788  +1.0000  +0.4749  +0.6211

  ── rolling mean (last 100 ep) ──  cum_R=+11.886  yield=10943 kg/ha  N=185  W=373 mm  R_seas=+0.3371  R_ane=+0.4819

   5701    911134   156  +11.402   10646    196    325  +0.2818  +0.7944  +0.1838  +0.3614
   5702    911291   157   +8.310    9740    194    315  +0.1295  +0.5566  -0.1049  +0.2574
   5703    911447   156  +11.331   10704    189    370  +0.2920  +0.8094  +0.1074  +0.4192
   5704    911606   159  +10.827   10420    198    408  +0.2192  +0.7349  +0.1027  +0.3181
   5705    911765   159  +10.300   10252    191    431  +0.1899  +0.6909  -0.0772  +0.3427
   5706    911925   160  +12.503   11459    184    368  +0.4333  +1.0000  +0.3295  +0.5536
   5707    912085   160  +12.381   11663    195    380  +0.4018  +1.0000  +0.2754  +0.4928
   5708    912247   162  +13.793   11768    192    354  +0.4370  +1.0000  +0.4463  +0.5306
   5709    912403   156  +12.130   11275    191    384  +0.3766  +0.9593  +0.2146  +0.4787
   5710    912566   163  +10.616   10865    203    384  +0.2795  +0.8517  +0.1385  +0.3392
   5711    912722   156  +11.290   10621    162    334  +0.3985  +0.7877  +0.3801  +0.6433
   5712    912883   161  +11.885   11947    195    325  +0.4345  +1.0000  +0.3751  +0.5319
   5713    913041   158   +9.684   10150    189    387  +0.2037  +0.6639  +0.0694  +0.3437
   5714    913194   153  +14.186   11551    174    389  +0.4832  +1.0000  +0.5136  +0.6560
   5715    913350   156  +11.616   10431    171    375  +0.3192  +0.7379  +0.2697  +0.5250
   5716    913503   153  +13.899   11234    167    385  +0.4693  +0.9484  +0.4665  +0.6796
   5717    913660   157  +10.241   10495    171    377  +0.3204  +0.7547  +0.1958  +0.5332
   5718    913818   158  +11.097   11100    200    330  +0.3355  +0.9135  +0.2046  +0.3854
   5719    913975   157  +12.161   11244    188    403  +0.3748  +0.9512  +0.1981  +0.4968
   5720    914135   160  +12.831   11556    184    346  +0.4590  +1.0000  +0.5011  +0.5671
   5721    914294   159  +11.045   10177    185    355  +0.2403  +0.6712  +0.2231  +0.3762
   5722    914455   161  +11.486   10276    185    427  +0.2312  +0.6971  +0.1283  +0.3912
   5723    914617   162  +13.730   11375    178    412  +0.4373  +0.9856  +0.3666  +0.5935
   5724    914782   165  +15.212   11967    173    440  +0.4890  +1.0000  +0.4604  +0.7257
   5725    914939   157  +11.068   10070    169    468  +0.2354  +0.6431  +0.0948  +0.4893
   5726    915096   157   +8.656    9614    180    328  +0.1506  +0.5233  -0.0421  +0.3364
   5727    915254   158  +13.621   11884    175    365  +0.5081  +1.0000  +0.5897  +0.6984
   5728    915413   159   +9.125   10509    182    336  +0.2896  +0.7582  +0.1201  +0.4417
   5729    915570   157  +12.264   11121    178    332  +0.4324  +0.9188  +0.5076  +0.5643
   5730    915723   153  +12.810   11124    167    413  +0.4442  +0.9196  +0.4442  +0.6608
   5731    915883   160  +11.612   11518    179    378  +0.4566  +1.0000  +0.3773  +0.6126
   5732    916040   157  +12.459   11291    189    366  +0.4004  +0.9635  +0.3553  +0.4909
   5733    916201   161  +11.345   11332    202    338  +0.3672  +0.9742  +0.2380  +0.4044
   5734    916362   161   +9.311   10372    206    322  +0.2043  +0.7225  +0.0279  +0.2565
   5735    916525   163  +10.585   10548    176    310  +0.3384  +0.7686  +0.3162  +0.4979
   5736    916683   158  +10.793   10638    199    444  +0.2236  +0.7920  -0.0658  +0.3385
   5737    916842   159  +11.170   11339    189    316  +0.4295  +0.9761  +0.4670  +0.5000
   5738    917001   159   +8.706   10012    193    332  +0.1811  +0.6279  +0.0261  +0.2998
   5739    917159   158  +13.615   11823    185    413  +0.4417  +1.0000  +0.3725  +0.5985
   5740    917318   159  +11.482   10731    175    422  +0.3359  +0.8165  +0.2107  +0.5339
   5741    917475   157  +12.042   12402    193    364  +0.4572  +1.0000  +0.4526  +0.6045
   5742    917635   160   +9.358    9581    179    392  +0.1453  +0.5148  +0.0519  +0.3398
   5743    917793   158  +13.255   11805    188    377  +0.4387  +1.0000  +0.3568  +0.5741
   5744    917950   157   +9.471   10198    194    338  +0.2118  +0.6767  +0.1116  +0.3148
   5745    918107   157   +9.390    9196    180    406  +0.0663  +0.4135  -0.0996  +0.2742
   5746    918265   158  +12.201   10549    156    349  +0.4154  +0.7687  +0.4971  +0.6871
   5747    918425   160  +10.721   10444    201    424  +0.1879  +0.7413  -0.1271  +0.2968
   5748    918577   152  +11.235   10310    188    426  +0.2291  +0.7060  +0.1480  +0.3705
   5749    918739   162  +11.981   10610    206    403  +0.2279  +0.7849  +0.0814  +0.2883
   5750    918901   162   +7.909   10246    194    316  +0.2090  +0.6892  -0.0372  +0.3235
   5751    919059   158  +12.123   10869    175    388  +0.3789  +0.8529  +0.3648  +0.5543
   5752    919225   166   +8.109    9444    193    371  +0.0753  +0.4786  -0.1132  +0.2206
   5753    919382   157  +14.174   10791    170    356  +0.3926  +0.8324  +0.4042  +0.5849
   5754    919539   157   +9.724    9708    187    398  +0.1358  +0.5481  -0.0021  +0.2994
   5755    919702   163  +14.468   11965    192    381  +0.4496  +1.0000  +0.5294  +0.5622
   5756    919859   157  +13.396   11102    161    408  +0.4721  +0.9140  +0.5200  +0.7226
   5757    920020   161  +11.172   10929    200    323  +0.3120  +0.8686  +0.1832  +0.3687
   5758    920177   157  +13.050   10928    189    357  +0.3583  +0.8683  +0.4300  +0.4462
   5759    920339   162  +12.515   10769    197    439  +0.2688  +0.8266  +0.1526  +0.3644
   5760    920501   162   +9.522   10506    199    287  +0.2528  +0.7575  +0.1174  +0.3172
   5761    920662   161  +13.209   10941    184    416  +0.3415  +0.8717  +0.2077  +0.4901
   5762    920823   161   +9.765    9865    192    382  +0.1485  +0.5892  +0.0058  +0.2829
   5763    920981   158  +11.663   12248    195    332  +0.4504  +1.0000  +0.4224  +0.5728
   5764    921137   156  +12.120   11182    186    381  +0.3787  +0.9349  +0.2234  +0.5052
   5765    921294   157  +11.349   11411    192    335  +0.4261  +0.9949  +0.4394  +0.4895
   5766    921452   158  +14.748   12731    192    400  +0.4735  +1.0000  +0.5304  +0.6555
   5767    921604   152  +15.952   12034    176    488  +0.4663  +1.0000  +0.4067  +0.7051
   5768    921769   165  +11.603   11574    194    341  +0.4163  +1.0000  +0.3394  +0.4919
   5769    921935   166  +11.299   10801    201    396  +0.2736  +0.8348  +0.1631  +0.3417
   5770    922096   161  +12.156   11323    196    400  +0.3640  +0.9720  +0.1950  +0.4453
   5771    922256   160   +9.949    9584    203    414  +0.0663  +0.5155  -0.1164  +0.1814
   5772    922422   166  +11.866   11795    196    338  +0.4266  +1.0000  +0.3963  +0.5077
   5773    922587   165  +11.696   11103    194    341  +0.3602  +0.9142  +0.2925  +0.4342
   5774    922742   155  +10.991   10740    184    372  +0.3249  +0.8189  +0.2542  +0.4608
   5775    922899   157  +14.764   12247    176    368  +0.5065  +1.0000  +0.4448  +0.7448
   5776    923055   156  +13.533   11126    175    379  +0.4284  +0.9203  +0.4800  +0.5859
   5777    923215   160  +12.291   11461    180    363  +0.4654  +1.0000  +0.4952  +0.5942
   5778    923381   166  +10.775   10672    196    358  +0.2759  +0.8011  +0.1691  +0.3603
   5779    923538   157  +14.554   12022    188    419  +0.4558  +1.0000  +0.5240  +0.6032
   5780    923697   159  +12.595   11389    198    327  +0.3886  +0.9893  +0.2459  +0.4412
   5781    923857   160  +10.767   10691    194    330  +0.3031  +0.8059  +0.3040  +0.3777
   5782    924018   161  +14.138   12238    183    404  +0.4766  +1.0000  +0.4809  +0.6695
   5783    924175   157  +13.213   11828    196    411  +0.4085  +1.0000  +0.3645  +0.5077
   5784    924334   159  +16.703   12220    186    459  +0.4682  +1.0000  +0.6120  +0.6399
   5785    924489   155   +8.604    9980    184    339  +0.1984  +0.6195  +0.0222  +0.3597
   5786    924648   159  +12.976   11184    177    399  +0.4032  +0.9353  +0.2327  +0.5800
   5787    924809   161   +9.367    9848    191    363  +0.1573  +0.5848  +0.0470  +0.2894
   5788    924971   162  +12.611   11757    187    371  +0.4496  +1.0000  +0.4678  +0.5688
   5789    925133   162  +12.075   10758    201    382  +0.2611  +0.8236  +0.0668  +0.3381
   5790    925298   165  +14.334   11915    180    425  +0.4682  +1.0000  +0.4572  +0.6576
   5791    925459   161  +11.493   10978    190    359  +0.3645  +0.8813  +0.4623  +0.4420
   5792    925620   161  +11.539   11167    208    394  +0.3062  +0.9309  +0.1006  +0.3418
   5793    925781   161  +13.264   11518    181    353  +0.4732  +1.0000  +0.5661  +0.5921
   5794    925945   164  +12.473   10990    173    366  +0.4098  +0.8844  +0.4059  +0.5841
   5795    926110   165  +13.310   10892    186    468  +0.3164  +0.8588  +0.2114  +0.4619
   5796    926265   155   +9.480   10273    196    319  +0.2376  +0.6964  +0.2808  +0.3094
   5797    926423   158  +11.730   10958    177    380  +0.3839  +0.8762  +0.3292  +0.5497
   5798    926581   158  +12.677   11743    183    332  +0.4796  +1.0000  +0.5491  +0.6078
   5799    926745   164  +13.730   11381    174    408  +0.4663  +0.9871  +0.4775  +0.6400
   5800    926900   155  +13.353   11235    171    438  +0.4280  +0.9488  +0.2937  +0.6407

  ── rolling mean (last 100 ep) ──  cum_R=+11.831  yield=10990 kg/ha  N=187  W=376 mm  R_seas=+0.3426  R_ane=+0.4783

   5801    927056   156  +12.763   11145    186    413  +0.3775  +0.9252  +0.3332  +0.4987
   5802    927220   164  +13.496   11600    185    418  +0.4264  +1.0000  +0.3261  +0.5667
   5803    927373   153  +10.105   10011    172    436  +0.2097  +0.6276  -0.0396  +0.4533
   5804    927531   158  +12.638   11369    201    377  +0.3629  +0.9840  +0.1982  +0.4163
   5805    927688   157  +14.156   11016    191    424  +0.3278  +0.8914  +0.2024  +0.4386
   5806    927846   158  +11.910   11138    184    362  +0.3926  +0.9233  +0.3359  +0.5134
   5807    928005   159  +14.794   11676    180    464  +0.4352  +1.0000  +0.3089  +0.6230
   5808    928168   163   +9.218    9760    179    407  +0.1722  +0.5615  +0.0952  +0.3634
   5809    928326   158  +11.984   10830    191    324  +0.3239  +0.8426  +0.2104  +0.4200
   5810    928488   162  +10.396   11149    208    333  +0.3174  +0.9262  +0.1140  +0.3404
   5811    928649   161  +12.403   12000    212    420  +0.3614  +1.0000  +0.2073  +0.4153
   5812    928813   164  +12.272   10612    202    428  +0.2339  +0.7852  +0.1062  +0.3159
   5813    928972   159  +11.086   10930    182    336  +0.3657  +0.8687  +0.2719  +0.4978
   5814    929130   158   +5.249    8530    197    318  -0.0614  +0.2388  -0.1906  +0.0808
   5815    929288   158  +11.234    9892    168    507  +0.2031  +0.5963  +0.0647  +0.4735
   5816    929444   156  +10.320   10454    203    382  +0.2074  +0.7439  +0.0046  +0.2860
   5817    929609   165  +11.351   11161    205    364  +0.3313  +0.9294  +0.2410  +0.3608
   5818    929770   161  +12.148   11158    206    368  +0.3359  +0.9285  +0.3274  +0.3514
   5819    929935   165  +12.710   10819    200    446  +0.2618  +0.8395  +0.1055  +0.3490
   5820    930097   162  +10.168   10374    197    382  +0.2110  +0.7229  +0.0253  +0.3145
   5821    930260   163  +12.398   11265    181    352  +0.4349  +0.9567  +0.4510  +0.5594
   5822    930422   162  +13.430   10852    156    424  +0.4401  +0.8483  +0.4016  +0.7443
   5823    930585   163   +9.323   10740    208    362  +0.2417  +0.8189  -0.0003  +0.2888
   5824    930747   162  +11.315   11245    188    278  +0.4218  +0.9515  +0.4364  +0.4914
   5825    930908   161  +11.183   10642    199    326  +0.2700  +0.7931  +0.1590  +0.3382
   5826    931063   155  +13.101   10962    176    386  +0.3951  +0.8771  +0.4216  +0.5573
   5827    931221   158  +11.454   12402    210    355  +0.4029  +1.0000  +0.3147  +0.4746
   5828    931383   162  +11.291   11215    198    343  +0.3608  +0.9435  +0.2623  +0.4161
   5829    931537   154  +12.408   10941    179    411  +0.3666  +0.8716  +0.3071  +0.5296
   5830    931698   161  +12.269   11128    200    398  +0.3345  +0.9209  +0.2935  +0.3884
   5831    931849   151  +11.288   10188    170    419  +0.2871  +0.6741  +0.3819  +0.4940
   5832    932017   168   +9.696   10773    195    312  +0.2943  +0.8276  +0.0901  +0.3806
   5833    932172   155  +12.730   11235    192    437  +0.3474  +0.9489  +0.1282  +0.4615
   5834    932332   160  +10.140   10411    194    393  +0.2296  +0.7325  +0.1112  +0.3379
   5835    932487   155  +10.726   11863    196    322  +0.4219  +1.0000  +0.2930  +0.5159
   5836    932646   159  +14.519   11554    177    436  +0.4506  +1.0000  +0.3751  +0.6300
   5837    932806   160   +9.016   10059    189    325  +0.2113  +0.6402  +0.1467  +0.3327
   5838    932962   156   +8.544    9621    194    412  +0.0866  +0.5253  -0.1590  +0.2392
   5839    933125   163  +12.499   12030    202    387  +0.4101  +1.0000  +0.4106  +0.4885
   5840    933282   157  +11.047   10729    190    402  +0.2930  +0.8160  +0.1959  +0.4087
   5841    933437   155   +7.086    9621    190    330  +0.1237  +0.5253  -0.0517  +0.2659
   5842    933603   166  +10.368   10871    198    386  +0.2985  +0.8532  +0.2043  +0.3760
   5843    933761   158  +11.058   11005    197    413  +0.2969  +0.8886  +0.0261  +0.3993
   5844    933923   162  +11.220   11107    205    370  +0.3216  +0.9152  +0.2245  +0.3572
   5845    934085   162  +15.629   11996    187    449  +0.4350  +1.0000  +0.3688  +0.6046
   5846    934244   159  +14.292   10742    192    435  +0.2942  +0.8193  +0.3128  +0.3949
   5847    934408   164   +6.935    9116    200    361  +0.0124  +0.3925  -0.1507  +0.1415
   5848    934566   158   +9.871   10545    197    353  +0.2407  +0.7677  +0.0087  +0.3394
   5849    934724   158  +13.285   12163    198    365  +0.4370  +1.0000  +0.4796  +0.5365
   5850    934883   159   +9.296    9930    188    373  +0.1702  +0.6063  +0.0155  +0.3166
   5851    935041   158  +11.655   10779    160    350  +0.4320  +0.8291  +0.4693  +0.6790
   5852    935201   160  +11.333   11436    198    341  +0.3933  +1.0000  +0.2755  +0.4432
   5853    935362   161  +12.470   10754    152    389  +0.4326  +0.8225  +0.2713  +0.7679
   5854    935520   158  +11.531   11144    193    401  +0.3397  +0.9250  +0.1307  +0.4441
   5855    935684   164  +11.487   10959    176    365  +0.3856  +0.8764  +0.2992  +0.5543
   5856    935843   159  +11.496   12284    202    297  +0.4484  +1.0000  +0.5255  +0.5173
   5857    935993   150  +12.538   11542    174    334  +0.4937  +1.0000  +0.4932  +0.6602
   5858    936151   158  +12.190   10593    160    394  +0.3790  +0.7804  +0.2843  +0.6570
   5859    936317   166   +9.825   10709    201    354  +0.2643  +0.8108  +0.1176  +0.3298
   5860    936475   158  +13.891   11579    179    399  +0.4514  +1.0000  +0.3671  +0.6138
   5861    936638   163   +8.170   10148    201    321  +0.1778  +0.6634  -0.0265  +0.2641
   5862    936800   162  +10.600   11097    204    338  +0.3148  +0.9127  +0.0954  +0.3592
   5863    936965   165  +10.119   10452    182    420  +0.2666  +0.7433  +0.1489  +0.4321
   5864    937130   165  +11.338   10519    186    412  +0.2614  +0.7610  +0.0701  +0.4171
   5865    937289   159   +8.763   10257    193    327  +0.2252  +0.6921  +0.1145  +0.3289
   5866    937443   154  +13.630   11237    173    394  +0.4449  +0.9494  +0.4314  +0.6243
   5867    937603   160  +13.247   10779    151    433  +0.4466  +0.8291  +0.4108  +0.7865
   5868    937764   161   +8.632    9894    190    317  +0.1876  +0.5968  +0.1749  +0.2999
   5869    937930   166   +9.753   10848    205    302  +0.2927  +0.8473  +0.1707  +0.3239
   5870    938083   153   +9.128    9158    167    386  +0.1026  +0.4038  -0.0901  +0.3696
   5871    938241   158  +11.696   11245    179    336  +0.4386  +0.9514  +0.4489  +0.5671
   5872    938405   164  +10.676   10468    202    358  +0.2226  +0.7475  +0.0715  +0.2936
   5873    938567   162   +9.776   10691    196    350  +0.2856  +0.8061  +0.2085  +0.3672
   5874    938731   164  +10.971   10526    187    404  +0.2649  +0.7627  +0.1079  +0.4104
   5875    938888   157  +12.807   10723    156    361  +0.4398  +0.8146  +0.4750  +0.7220
   5876    939042   154   +8.245    9757    181    350  +0.1593  +0.5610  -0.0873  +0.3470
   5877    939209   167  +11.716   11298    183    353  +0.4159  +0.9652  +0.2959  +0.5413
   5878    939366   157  +14.639   11448    178    398  +0.4647  +1.0000  +0.5093  +0.6080
   5879    939521   155  +13.909   11984    197    397  +0.4204  +1.0000  +0.4183  +0.5213
   5880    939679   158  +13.437   11694    188    379  +0.4420  +1.0000  +0.4423  +0.5578
   5881    939840   161  +14.659   12034    175    427  +0.4892  +1.0000  +0.4765  +0.7156
   5882    939997   157   +8.391    9679    172    360  +0.1956  +0.5404  +0.1496  +0.4079
   5883    940157   160  +14.004   12081    201    377  +0.4115  +1.0000  +0.3663  +0.5013
   5884    940320   163  +12.500   11559    178    318  +0.4873  +1.0000  +0.5413  +0.6201
   5885    940479   159  +13.086   11850    193    390  +0.4289  +1.0000  +0.4361  +0.5330
   5886    940636   157  +11.754   10734    177    391  +0.3357  +0.8174  +0.1995  +0.5177
   5887    940798   162  +13.405   11646    188    420  +0.4126  +1.0000  +0.2644  +0.5477
   5888    940955   157  +12.161   11707    188    388  +0.4222  +1.0000  +0.2783  +0.5536
   5889    941112   157   +9.903    9944    178    404  +0.2117  +0.6101  +0.1761  +0.3989
   5890    941275   163  +15.446   11759    174    466  +0.4625  +1.0000  +0.3613  +0.6886
   5891    941439   164  +12.427   12024    201    346  +0.4228  +1.0000  +0.4298  +0.4969
   5892    941600   161  +10.868   10091    163    426  +0.2718  +0.6486  +0.1354  +0.5510
   5893    941758   158  +11.582   11253    176    354  +0.4423  +0.9536  +0.4021  +0.5981
   5894    941914   156  +14.309   11140    173    396  +0.4350  +0.9237  +0.4771  +0.6112
   5895    942074   160  +12.315   11220    179    358  +0.4303  +0.9448  +0.4301  +0.5681
   5896    942236   162   +8.014    9788    206    350  +0.1075  +0.5690  -0.0730  +0.1910
   5897    942393   157  +12.306   11410    173    394  +0.4726  +0.9948  +0.4408  +0.6519
   5898    942548   155   +9.919   10139    187    326  +0.2153  +0.6611  +0.0226  +0.3573
   5899    942708   160  +12.847   11799    176    368  +0.4913  +1.0000  +0.4960  +0.6778
   5900    942869   161  +11.584   10763    163    385  +0.3803  +0.8250  +0.1411  +0.6492

  ── rolling mean (last 100 ep) ──  cum_R=+11.490  yield=10912 kg/ha  N=187  W=378 mm  R_seas=+0.3295  R_ane=+0.4653

   5901    943026   157  +12.343   12573    192    366  +0.4665  +1.0000  +0.4370  +0.6394
   5902    943179   153  +12.033   10843    161    382  +0.4351  +0.8460  +0.4971  +0.6802
   5903    943342   163  +12.644   10859    169    408  +0.3834  +0.8501  +0.2666  +0.6087
   5904    943503   161  +13.570   11552    183    404  +0.4348  +1.0000  +0.3499  +0.5745
   5905    943662   159  +12.689   11129    161    410  +0.4587  +0.9210  +0.3588  +0.7233
   5906    943819   157  +12.023   11173    188    377  +0.3786  +0.9326  +0.2862  +0.4877
   5907    943975   156   +9.762    9708    168    418  +0.2053  +0.5480  +0.1890  +0.4487
   5908    944137   162   +8.556    9353    207    382  +0.0379  +0.4549  -0.0730  +0.1320
   5909    944299   162  +12.146   10080    148    464  +0.3311  +0.6456  +0.2935  +0.7010
   5910    944454   155  +11.588   10512    158    383  +0.3735  +0.7592  +0.2695  +0.6618
   5911    944619   165  +12.177   10955    178    415  +0.3711  +0.8754  +0.3068  +0.5406
   5912    944781   162  +13.875   12110    167    417  +0.5292  +1.0000  +0.5105  +0.8163
   5913    944947   166  +11.095   10900    200    346  +0.3006  +0.8608  +0.1748  +0.3602
   5914    945106   159  +13.055   10500    182    418  +0.2944  +0.7559  +0.3421  +0.4417
   5915    945266   160  +14.255   12215    174    399  +0.5049  +1.0000  +0.4433  +0.7575
   5916    945430   164  +12.990   11705    197    365  +0.4147  +1.0000  +0.4077  +0.4850
   5917    945597   167  +11.405   10880    193    373  +0.3115  +0.8557  +0.1626  +0.4126
   5918    945754   157   +9.226    9865    193    364  +0.1542  +0.5893  +0.0422  +0.2784
   5919    945912   158  +12.834   11395    184    352  +0.4254  +0.9908  +0.2831  +0.5445
   5920    946073   161   +9.920   10616    204    320  +0.2445  +0.7864  +0.0350  +0.3012
   5921    946221   148   +9.625   10453    179    334  +0.2949  +0.7437  +0.1509  +0.4617
   5922    946382   161  +11.752   10338    167    402  +0.2984  +0.7134  +0.1138  +0.5510
   5923    946543   161  +11.218   11047    190    346  +0.3564  +0.8994  +0.2626  +0.4495
   5924    946707   164   +6.578    8836    180    347  +0.0347  +0.3190  -0.0022  +0.2237
   5925    946863   156  +12.980   10470    204    399  +0.2172  +0.7480  +0.1386  +0.2799
   5926    947019   156  +10.810   11038    189    386  +0.3485  +0.8971  +0.2237  +0.4629
   5927    947180   161   +9.697   10631    195    289  +0.2945  +0.7902  +0.2408  +0.3648
   5928    947342   162  +13.265   12955    196    385  +0.4630  +1.0000  +0.4365  +0.6488
   5929    947506   164  +11.122   10591    200    326  +0.2703  +0.7798  +0.2549  +0.3266
   5930    947667   161  +13.410   11566    202    378  +0.3740  +1.0000  +0.1915  +0.4348
   5931    947829   162   +9.952   10733    206    358  +0.2518  +0.8171  +0.0644  +0.3004
   5932    947983   154  +13.610   12335    184    377  +0.4853  +1.0000  +0.4985  +0.6761
   5933    948147   164   +8.704    9502    184    353  +0.1249  +0.4939  +0.0184  +0.2931
   5934    948312   165   +7.593    9000    193    407  -0.0068  +0.3623  -0.2280  +0.1637
   5935    948474   162  +10.756   10982    193    315  +0.3367  +0.8826  +0.1709  +0.4210
   5936    948628   154  +12.299   10884    161    362  +0.4405  +0.8567  +0.4446  +0.6876
   5937    948792   164  +10.848   10596    183    402  +0.3023  +0.7811  +0.2670  +0.4499
   5938    948946   154  +12.901   10727    164    346  +0.4177  +0.8155  +0.5375  +0.6306
   5939    949101   155  +13.689   12004    185    345  +0.4686  +1.0000  +0.4421  +0.6198
   5940    949258   157   +9.606   10171    194    361  +0.1966  +0.6695  +0.0374  +0.3135
   5941    949413   155  +11.539   10464    165    284  +0.3962  +0.7463  +0.6055  +0.5874
   5942    949572   159  +10.512   11045    176    354  +0.4060  +0.8989  +0.3507  +0.5673
   5943    949741   169   +8.622    9838    202    356  +0.1278  +0.5820  -0.0006  +0.2205
   5944    949906   165  +11.025   11265    201    351  +0.3516  +0.9566  +0.1869  +0.4015
   5945    950066   160  +10.265    9783    174    428  +0.1686  +0.5678  -0.0833  +0.4079
   5946    950226   160   +9.753   10738    191    315  +0.3268  +0.8184  +0.3509  +0.4088
   5947    950386   160  +11.752   11556    198    359  +0.3926  +1.0000  +0.2581  +0.4589
   5948    950548   162   +5.909    8448    208    363  -0.1231  +0.2172  -0.4242  +0.0168
   5949    950711   163   +8.282    9550    201    359  +0.0814  +0.5066  -0.0636  +0.1897
   5950    950873   162  +11.271   11504    203    320  +0.3841  +1.0000  +0.2402  +0.4138
   5951    951030   157  +10.866   10582    184    370  +0.2925  +0.7773  +0.1738  +0.4345
   5952    951191   161   +8.332   10047    208    282  +0.1740  +0.6370  +0.1264  +0.2099
   5953    951354   163   +9.680   10360    192    386  +0.2260  +0.7191  +0.0735  +0.3474
   5954    951511   157  +11.457   11773    203    340  +0.3948  +1.0000  +0.2778  +0.4503
   5955    951666   155  +12.549   11299    182    354  +0.4332  +0.9657  +0.4215  +0.5549
   5956    951825   159  +15.225   11924    176    414  +0.4810  +1.0000  +0.4494  +0.6903
   5957    951986   161  +12.930   11680    186    393  +0.4443  +1.0000  +0.4651  +0.5654
   5958    952150   164  +14.048   11721    191    410  +0.4239  +1.0000  +0.4047  +0.5360
   5959    952304   154  +11.949   11783    188    355  +0.4536  +1.0000  +0.4772  +0.5691
   5960    952464   160  +12.213   11732    192    350  +0.4346  +1.0000  +0.4188  +0.5290
   5961    952621   157   +7.125    8958    195    348  +0.0066  +0.3511  -0.1120  +0.1485
   5962    952780   159   +8.064    9962    199    378  +0.1430  +0.6147  -0.0432  +0.2543
   5963    952935   155  +12.209   11262    167    372  +0.4724  +0.9560  +0.4070  +0.6902
   5964    953096   161  +12.538   11780    211    342  +0.3783  +1.0000  +0.2789  +0.3962
   5965    953250   154  +11.568   11744    187    371  +0.4424  +1.0000  +0.3842  +0.5722
   5966    953414   164  +11.750   10615    198    432  +0.2411  +0.7860  +0.1090  +0.3379
   5967    953572   158  +10.187   10046    198    395  +0.1563  +0.6368  -0.0075  +0.2678
   5968    953731   159  +13.048   11294    176    379  +0.4384  +0.9644  +0.3533  +0.6037
   5969    953892   161   +9.347    9970    195    332  +0.1737  +0.6169  +0.0770  +0.2772
   5970    954053   161   +8.395    9861    182    359  +0.1922  +0.5882  +0.1310  +0.3555
   5971    954210   157  +12.001   11908    185    334  +0.4640  +1.0000  +0.3995  +0.6110
   5972    954372   162  +12.092   11464    198    345  +0.3918  +1.0000  +0.2532  +0.4480
   5973    954536   164  +14.041   11312    193    415  +0.3717  +0.9691  +0.2336  +0.4670
   5974    954697   161  +12.829   11176    180    381  +0.3996  +0.9333  +0.2741  +0.5504
   5975    954862   165  +11.908   10643    163    386  +0.3925  +0.7934  +0.4520  +0.6291
   5976    955024   162  +10.574   10496    188    379  +0.2682  +0.7550  +0.1719  +0.3960
   5977    955184   160   +9.838   10850    205    338  +0.2807  +0.8477  +0.1177  +0.3252
   5978    955342   158  +11.597   11238    179    404  +0.4077  +0.9495  +0.2746  +0.5692
   5979    955506   164  +14.775   11619    189    389  +0.4403  +1.0000  +0.5120  +0.5380
   5980    955670   164   +9.361   10518    195    352  +0.2554  +0.7606  +0.1388  +0.3504
   5981    955830   160  +13.945   11994    164    423  +0.5347  +1.0000  +0.5133  +0.8327
   5982    955989   159  +13.549   11283    164    386  +0.4913  +0.9614  +0.4818  +0.7249
   5983    956147   158  +12.401   11640    196    334  +0.4185  +1.0000  +0.3740  +0.4859
   5984    956292   145  +11.392   11025    188    325  +0.3575  +0.8937  +0.1918  +0.4664
   5985    956452   160   +2.632    6998    200    348  -0.3341  -0.1633  -0.6140  -0.1257
   5986    956622   170   +8.534    9854    194    397  +0.1373  +0.5863  -0.0183  +0.2698
   5987    956781   159  +10.428   10514    189    355  +0.2691  +0.7595  +0.1315  +0.3919
   5988    956939   158  +10.360   10286    182    352  +0.2514  +0.6998  +0.0940  +0.4116
   5989    957103   164  +10.841   10616    199    351  +0.2602  +0.7864  +0.1591  +0.3319
   5990    957260   157   +9.855    9706    187    432  +0.1169  +0.5476  -0.1229  +0.2997
   5991    957418   158  +11.713   11360    192    339  +0.4062  +0.9816  +0.3224  +0.4826
   5992    957580   162  +11.439   10131    193    410  +0.1758  +0.6590  -0.0224  +0.3103
   5993    957737   157   +8.123    9721    183    321  +0.1670  +0.5514  +0.0317  +0.3297
   5994    957892   155  +11.528   11615    198    343  +0.4111  +1.0000  +0.3862  +0.4670
   5995    958059   167   +9.143    9352    204    479  +0.0035  +0.4547  -0.2599  +0.1445
   5996    958214   155  +12.598   11285    176    392  +0.4313  +0.9620  +0.3282  +0.6006
   5997    958374   160  +11.090   11244    198    334  +0.3713  +0.9511  +0.2954  +0.4230
   5998    958535   161  +10.481   11071    182    355  +0.3956  +0.9057  +0.3971  +0.5191
   5999    958689   154  +13.165   11130    180    374  +0.4044  +0.9212  +0.3644  +0.5474
   6000    958849   160  +12.263   12474    197    376  +0.4420  +1.0000  +0.4088  +0.5829

  ── rolling mean (last 100 ep) ──  cum_R=+11.155  yield=10809 kg/ha  N=187  W=370 mm  R_seas=+0.3132  R_ane=+0.4520

   6001    959010   161  +12.871   11706    189    354  +0.4385  +1.0000  +0.3936  +0.5483
   6002    959169   159  +12.951   11055    160    356  +0.4769  +0.9017  +0.4755  +0.7325
   6003    959330   161   +7.506    9235    198    367  +0.0303  +0.4238  -0.1644  +0.1657
   6004    959494   164  +13.647   11125    166    429  +0.4296  +0.9199  +0.2851  +0.6734
   6005    959652   158   +9.212   10350    195    352  +0.2113  +0.7165  -0.0444  +0.3240
   6006    959817   165  +12.137   10836    187    386  +0.3273  +0.8441  +0.2552  +0.4492
   6007    959980   163  +11.918   10303    195    383  +0.2158  +0.7042  +0.1082  +0.3236
   6008    960137   157   +7.100    9192    193    315  +0.0652  +0.4126  +0.0309  +0.1890
   6009    960300   163  +11.280   11117    202    376  +0.3260  +0.9179  +0.2012  +0.3795
   6010    960459   159  +13.837   11169    175    453  +0.4112  +0.9315  +0.3852  +0.5941
   6011    960617   158  +11.844   10388    148    370  +0.3997  +0.7266  +0.3025  +0.7563
   6012    960780   163  +13.737   11355    180    384  +0.4316  +0.9804  +0.3305  +0.5772
   6013    960938   158  +13.788   11165    167    397  +0.4403  +0.9305  +0.3071  +0.6684
   6014    961102   164  +12.700   11678    202    398  +0.3939  +1.0000  +0.4055  +0.4430
   6015    961260   158  +10.695   10702    186    331  +0.3255  +0.8090  +0.2943  +0.4390
   6016    961418   158  +12.191   10616    175    391  +0.3233  +0.7863  +0.1831  +0.5200
   6017    961578   160   +9.104   10420    198    297  +0.2435  +0.7349  +0.1340  +0.3151
   6018    961739   161  +12.977   11118    163    404  +0.4522  +0.9180  +0.3470  +0.7084
   6019    961898   159  +12.430   11584    176    382  +0.4722  +1.0000  +0.4206  +0.6482
   6020    962053   155  +10.110   10497    182    354  +0.2929  +0.7551  +0.1944  +0.4437
   6021    962215   162  +11.738   11280    208    371  +0.3293  +0.9608  +0.1327  +0.3531
   6022    962373   158  +12.747   10875    168    432  +0.3808  +0.8543  +0.2443  +0.6169
   6023    962539   166  +13.855   11884    177    390  +0.4777  +1.0000  +0.4076  +0.6782
   6024    962704   165  +11.468   11311    195    340  +0.3956  +0.9687  +0.3772  +0.4525
   6025    962867   163  +10.078   10485    209    332  +0.2174  +0.7520  +0.0730  +0.2522
   6026    963023   156  +11.763   12101    190    320  +0.4698  +1.0000  +0.5228  +0.5894
   6027    963181   158  +13.693   11865    191    416  +0.4217  +1.0000  +0.3466  +0.5528
   6028    963339   158  +10.872   10678    176    372  +0.3511  +0.8027  +0.3836  +0.5142
   6029    963496   157   +9.623   10032    199    337  +0.1786  +0.6332  +0.1477  +0.2585
   6030    963656   160  +12.864   11101    162    432  +0.4543  +0.9137  +0.4219  +0.7133
   6031    963814   158  +15.752   11882    165    455  +0.5137  +1.0000  +0.4605  +0.8032
   6032    963977   163   +7.795    8707    153    440  +0.0697  +0.2853  -0.0554  +0.4192
   6033    964138   161  +12.541   11415    199    388  +0.3718  +0.9960  +0.2054  +0.4331
   6034    964291   153  +13.413   11754    199    356  +0.4191  +1.0000  +0.4689  +0.4764
   6035    964461   170  +12.450   11168    208    361  +0.3247  +0.9312  +0.2209  +0.3415
   6036    964619   158   +8.292    9123    164    421  +0.1051  +0.3945  -0.0433  +0.3922
   6037    964783   164  +10.019   10863    203    305  +0.2996  +0.8512  +0.1971  +0.3350
   6038    964942   159  +11.215   10256    172    359  +0.2973  +0.6918  +0.3123  +0.4904
   6039    965103   161   +9.620   10377    185    375  +0.2588  +0.7236  +0.1575  +0.4038
   6040    965261   158  +10.558   10245    188    400  +0.2177  +0.6889  +0.0781  +0.3615
   6041    965424   163   +9.891   10539    216    314  +0.2137  +0.7662  +0.0490  +0.2171
   6042    965587   163  +13.287   11946    188    346  +0.4611  +1.0000  +0.4904  +0.5849
   6043    965754   167   +8.923   10028    205    356  +0.1499  +0.6321  +0.0193  +0.2213
   6044    965911   157   +7.960    9484    178    393  +0.1224  +0.4892  -0.0406  +0.3287
   6045    966077   166  +13.479   11481    186    420  +0.4232  +1.0000  +0.3669  +0.5446
   6046    966238   161  +10.526   10573    202    304  +0.2613  +0.7751  +0.1957  +0.3086
   6047    966395   157  +11.448   10463    195    356  +0.2427  +0.7461  +0.1080  +0.3410
   6048    966554   159  +11.597   10876    184    394  +0.3396  +0.8547  +0.2471  +0.4791
   6049    966713   159   +9.899   10728    200    340  +0.2860  +0.8156  +0.2501  +0.3425
   6050    966878   165  +10.019   10873    208    328  +0.2930  +0.8538  +0.2412  +0.3098
   6051    967037   159  +15.496   11465    164    458  +0.5134  +1.0000  +0.6169  +0.7504
   6052    967203   166  +10.706   10987    200    347  +0.3125  +0.8837  +0.1692  +0.3721
   6053    967361   158  +10.993   10472    178    350  +0.2992  +0.7485  +0.1733  +0.4714
   6054    967518   157  +11.724   11008    180    355  +0.3955  +0.8893  +0.4216  +0.5287
   6055    967676   158   +9.384    9489    176    382  +0.1466  +0.4905  +0.1146  +0.3449
   6056    967842   166  +11.945   11306    200    420  +0.3527  +0.9675  +0.2527  +0.4146
   6057    968001   159  +12.953   12158    195    402  +0.4330  +1.0000  +0.4234  +0.5615
   6058    968158   157   +9.803   10650    195    353  +0.2761  +0.7953  +0.1718  +0.3634
   6059    968323   165  +11.522   11204    208    373  +0.3310  +0.9407  +0.2458  +0.3489
   6060    968473   150  +12.466   10643    173    388  +0.3463  +0.7935  +0.3261  +0.5351
   6061    968632   159  +10.659   10413    168    379  +0.3260  +0.7330  +0.2839  +0.5477
   6062    968791   159   +9.356   10426    206    331  +0.2093  +0.7364  +0.0084  +0.2671
   6063    968952   161  +12.717   11102    195    408  +0.3348  +0.9140  +0.2009  +0.4263
   6064    969107   155  +13.449   12139    182    362  +0.4877  +1.0000  +0.5104  +0.6669
   6065    969264   157   +7.750    9779    183    342  +0.1715  +0.5667  +0.0457  +0.3344
   6066    969427   163  +11.026   11536    201    358  +0.3876  +1.0000  +0.2837  +0.4360
   6067    969591   164  +12.463   11772    202    351  +0.4001  +1.0000  +0.3300  +0.4574
   6068    969757   166  +11.136   11326    189    298  +0.4264  +0.9727  +0.4112  +0.5005
   6069    969918   161  +11.769    9920    184    461  +0.1646  +0.6036  +0.0423  +0.3448
   6070    970069   151  +12.281   11825    188    395  +0.4386  +1.0000  +0.3867  +0.5754
   6071    970234   165  +10.282   10932    183    372  +0.3592  +0.8692  +0.2853  +0.4958
   6072    970390   156  +12.388   11588    187    389  +0.4323  +1.0000  +0.3851  +0.5503
   6073    970550   160  +11.404   10738    186    400  +0.3038  +0.8185  +0.1759  +0.4404
   6074    970711   161  +10.515   10499    191    347  +0.2682  +0.7557  +0.1873  +0.3738
   6075    970868   157  +13.753   11259    166    402  +0.4769  +0.9552  +0.4916  +0.6969
   6076    971023   155   +8.250    9992    197    358  +0.1653  +0.6225  +0.0537  +0.2695
   6077    971184   161  +11.664   10952    170    387  +0.4117  +0.8747  +0.4102  +0.6104
   6078    971344   160  +12.321   11659    182    402  +0.4552  +1.0000  +0.4532  +0.6037
   6079    971493   149  +13.315   11686    175    358  +0.4890  +1.0000  +0.4746  +0.6692
   6080    971652   159  +13.398   11473    174    387  +0.4763  +1.0000  +0.4516  +0.6514
   6081    971813   161  +11.658   11312    185    337  +0.4259  +0.9689  +0.3826  +0.5322
   6082    971971   158  +14.856   11886    169    397  +0.5140  +1.0000  +0.5192  +0.7536
   6083    972127   156  +11.834   10750    190    413  +0.2925  +0.8214  +0.1801  +0.4126
   6084    972284   157  +11.892   10576    194    433  +0.2508  +0.7758  +0.1584  +0.3611
   6085    972439   155  +10.249   10416    188    347  +0.2561  +0.7338  +0.1005  +0.3859
   6086    972594   155  +12.079   11260    175    385  +0.4448  +0.9553  +0.4392  +0.6104
   6087    972754   160  +11.287   11371    198    333  +0.3948  +0.9846  +0.3560  +0.4363
   6088    972910   156   +9.784   11070    208    323  +0.3135  +0.9055  +0.1747  +0.3283
   6089    973071   161  +13.285   11931    184    415  +0.4548  +1.0000  +0.4343  +0.6212
   6090    973230   159   +8.675    9694    199    389  +0.1044  +0.5445  -0.0206  +0.2196
   6091    973391   161  +12.618   11324    208    347  +0.3434  +0.9722  +0.1475  +0.3637
   6092    973551   160  +13.496   11487    188    376  +0.4447  +1.0000  +0.5436  +0.5311
   6093    973709   158   +9.999   10617    188    328  +0.3001  +0.7866  +0.2120  +0.4128
   6094    973873   164   +6.541    8756    175    341  +0.0399  +0.2982  +0.0146  +0.2498
   6095    974036   163  +11.646   11599    207    306  +0.3906  +1.0000  +0.3137  +0.4013
   6096    974193   157  +10.356   10689    184    383  +0.3063  +0.8055  +0.1763  +0.4505
   6097    974350   157  +12.400   11925    192    345  +0.4458  +1.0000  +0.4393  +0.5554
   6098    974509   159  +12.641   11886    191    371  +0.4369  +1.0000  +0.4117  +0.5524
   6099    974665   156  +13.209   11849    188    364  +0.4455  +1.0000  +0.3817  +0.5797
   6100    974820   155   +6.693    8347    194    376  -0.0942  +0.1909  -0.2069  +0.0745

  ── rolling mean (last 100 ep) ──  cum_R=+11.415  yield=10891 kg/ha  N=187  W=373 mm  R_seas=+0.3316  R_ane=+0.4646

   6101    974985   165  +12.757   11261    196    388  +0.3555  +0.9556  +0.1816  +0.4359
   6102    975144   159  +11.746   11395    189    315  +0.4321  +0.9909  +0.4013  +0.5098
   6103    975306   162  +11.220   11010    190    338  +0.3550  +0.8898  +0.2670  +0.4497
   6104    975463   157  +13.922   11619    161    383  +0.5305  +1.0000  +0.4786  +0.7996
   6105    975623   160  +12.002   11660    190    320  +0.4455  +1.0000  +0.4525  +0.5313
   6106    975789   166   +8.135    9621    202    353  +0.0865  +0.5251  -0.1021  +0.1912
   6107    975953   164  +13.198   11602    198    350  +0.4073  +1.0000  +0.3576  +0.4678
   6108    976114   161  +12.073   10940    163    390  +0.4351  +0.8715  +0.4321  +0.6759
   6109    976270   156   +7.057    9679    194    340  +0.1209  +0.5403  -0.0481  +0.2482
   6110    976434   164  +12.096   10609    186    408  +0.2731  +0.7845  +0.0584  +0.4266
   6111    976590   156  +14.170   12029    191    355  +0.4450  +1.0000  +0.3910  +0.5745
   6112    976752   162  +12.423   10837    158    433  +0.4206  +0.8444  +0.3577  +0.7096
   6113    976910   158  +11.112   10601    166    382  +0.3552  +0.7824  +0.2293  +0.5957
   6114    977073   163  +12.710   11508    177    359  +0.4705  +1.0000  +0.4432  +0.6222
   6115    977238   165  +11.804   10953    196    434  +0.3065  +0.8749  +0.2256  +0.3964
   6116    977392   154  +12.812   11176    189    340  +0.4050  +0.9334  +0.5030  +0.4793
   6117    977555   163  +12.606   12444    203    402  +0.4295  +1.0000  +0.5055  +0.5313
   6118    977718   163  +10.162   10702    196    371  +0.2748  +0.8090  +0.1523  +0.3613
   6119    977878   160  +12.837   11678    182    427  +0.4373  +1.0000  +0.3245  +0.6039
   6120    978037   159  +12.807   11269    180    430  +0.4133  +0.9577  +0.3591  +0.5675
   6121    978197   160  +10.497   10178    180    397  +0.2229  +0.6715  -0.0011  +0.4129
   6122    978357   160   +8.929   10103    196    323  +0.1893  +0.6518  +0.0510  +0.2872
   6123    978515   158   +9.971   10638    181    337  +0.3343  +0.7921  +0.3396  +0.4711
   6124    978673   158  +12.868   11659    182    372  +0.4614  +1.0000  +0.4715  +0.5994
   6125    978833   160  +12.752   10918    176    393  +0.3703  +0.8656  +0.2479  +0.5524
   6126    978990   157  +13.392   11606    167    409  +0.5026  +1.0000  +0.4776  +0.7344
   6127    979147   157  +12.229   11310    187    395  +0.4053  +0.9686  +0.3671  +0.5122
   6128    979302   155  +13.061   10760    147    381  +0.4834  +0.8241  +0.5341  +0.8331
   6129    979458   156  +13.138   11166    166    356  +0.4704  +0.9306  +0.4808  +0.6814
   6130    979613   155  +12.837   11428    185    391  +0.4300  +0.9994  +0.3844  +0.5422
   6131    979768   155  +13.165   11910    183    381  +0.4701  +1.0000  +0.4855  +0.6300
   6132    979924   156  +12.089   11606    197    328  +0.4019  +1.0000  +0.2432  +0.4721
   6133    980078   154   +8.436    9960    171    358  +0.2351  +0.6143  +0.1004  +0.4550
   6134    980239   161  +14.684   11708    185    399  +0.4470  +1.0000  +0.4436  +0.5833
   6135    980406   167  +11.344   11238    199    316  +0.3684  +0.9497  +0.2756  +0.4121
   6136    980567   161  +12.655   11595    193    384  +0.4085  +1.0000  +0.3051  +0.5040
   6137    980725   158  +15.017   11441    168    425  +0.4935  +1.0000  +0.5108  +0.7045
   6138    980888   163  +15.220   11344    160    446  +0.5028  +0.9773  +0.4978  +0.7711
   6139    981045   157   +8.981    9795    193    327  +0.1508  +0.5709  +0.0264  +0.2715
   6140    981207   162  +10.884   11586    215    304  +0.3770  +1.0000  +0.3362  +0.3470
   6141    981369   162  +12.674   11996    187    331  +0.4626  +1.0000  +0.4116  +0.6035
   6142    981526   157  +12.325   11759    207    351  +0.3848  +1.0000  +0.2977  +0.4174
   6143    981683   157  +11.492   10273    161    384  +0.3222  +0.6964  +0.2296  +0.5935
   6144    981837   154  +13.016   11803    182    357  +0.4827  +1.0000  +0.5757  +0.6245
   6145    981994   157   +8.682   10073    200    359  +0.1536  +0.6439  -0.1119  +0.2624
   6146    982149   155   +9.334   10201    203    289  +0.1927  +0.6775  +0.0282  +0.2555
   6147    982310   161   +9.947    9510    154    405  +0.2152  +0.4959  +0.1007  +0.5484
   6148    982473   163   +9.736   10355    191    359  +0.2402  +0.7178  +0.1430  +0.3541
   6149    982634   161  +13.201   11906    188    318  +0.4715  +1.0000  +0.5577  +0.5786
   6150    982800   166  +12.115   11434    187    388  +0.4138  +1.0000  +0.2713  +0.5262
   6151    982964   164  +13.011   11583    184    404  +0.4307  +1.0000  +0.3201  +0.5721
   6152    983123   159  +14.555   11636    181    455  +0.4270  +1.0000  +0.2749  +0.6042
   6153    983285   162  +12.532   12066    190    343  +0.4527  +1.0000  +0.4009  +0.5877
   6154    983445   160  +12.157   11632    184    375  +0.4443  +1.0000  +0.3717  +0.5802
   6155    983604   159  +14.280   11878    174    413  +0.4847  +1.0000  +0.4302  +0.7044
   6156    983766   162  +12.927   10989    183    381  +0.3534  +0.8844  +0.1823  +0.4978
   6157    983921   155  +12.165   11743    196    293  +0.4360  +1.0000  +0.4438  +0.4949
   6158    984084   163   +6.896    9250    182    373  +0.0848  +0.4277  -0.0303  +0.2738
   6159    984248   164  +10.653   10655    190    409  +0.2708  +0.7966  +0.0721  +0.4051
   6160    984408   160  +11.576   11284    216    335  +0.3260  +0.9618  +0.1627  +0.3065
   6161    984573   165  +11.754   11279    182    418  +0.4027  +0.9603  +0.2958  +0.5459
   6162    984734   161   +8.888   10413    199    397  +0.2133  +0.7332  +0.0722  +0.3061
   6163    984894   160  +10.582   10633    199    350  +0.2563  +0.7908  +0.0808  +0.3375
   6164    985061   167  +11.327   10581    186    387  +0.2655  +0.7772  -0.0028  +0.4182
   6165    985223   162   +4.583    8841    220    293  -0.0582  +0.3204  -0.2858  +0.0030
   6166    985385   162  +13.548   11064    163    477  +0.4334  +0.9040  +0.3878  +0.6992
   6167    985545   160  +12.566   11518    191    381  +0.4239  +1.0000  +0.4407  +0.5056
   6168    985699   154  +11.309   10864    192    357  +0.3072  +0.8515  +0.1096  +0.4111
   6169    985856   157  +12.286   12137    188    357  +0.4666  +1.0000  +0.4642  +0.6176
   6170    986018   162   +9.439    9250    202    377  +0.0327  +0.4278  -0.0700  +0.1465
   6171    986182   164  +13.322   11931    190    368  +0.4417  +1.0000  +0.3935  +0.5697
   6172    986346   164  +11.187   10265    188    382  +0.2335  +0.6942  +0.1788  +0.3615
   6173    986511   165  +10.588   10445    203    334  +0.2213  +0.7414  +0.0530  +0.2877
   6174    986668   157   +6.024    8728    191    375  -0.0260  +0.2907  -0.1442  +0.1421
   6175    986825   157  +10.513   10893    189    341  +0.3322  +0.8591  +0.1876  +0.4415
   6176    986984   159  +13.602   11472    177    408  +0.4691  +1.0000  +0.5435  +0.6168
   6177    987146   162  +12.112   10763    176    396  +0.3307  +0.8249  +0.0939  +0.5283
   6178    987309   163  +11.720   11025    187    366  +0.3620  +0.8937  +0.2947  +0.4727
   6179    987470   161  +11.166   12020    201    300  +0.4311  +1.0000  +0.4306  +0.4937
   6180    987629   159   +9.885   10475    169    335  +0.3285  +0.7494  +0.1411  +0.5530
   6181    987789   160  +10.106   10530    177    326  +0.3098  +0.7637  +0.1214  +0.4866
   6182    987946   157   +8.702    9786    198    371  +0.1251  +0.5685  +0.0037  +0.2352
   6183    988110   164   +8.873   10366    187    353  +0.2400  +0.7206  +0.0113  +0.3832
   6184    988266   156  +13.199   11172    160    388  +0.4879  +0.9322  +0.4786  +0.7485
   6185    988418   152  +11.930   10907    177    389  +0.3521  +0.8626  +0.1121  +0.5407
   6186    988577   159  +10.542   10862    192    385  +0.3119  +0.8510  +0.2052  +0.4133
   6187    988736   159  +11.989   11518    177    357  +0.4573  +1.0000  +0.2948  +0.6257
   6188    988900   164   +9.439    9795    179    367  +0.1724  +0.5709  -0.0235  +0.3651
   6189    989064   164   +7.847   10104    208    301  +0.1706  +0.6520  +0.0513  +0.2162
   6190    989224   160  +11.618   12364    194    343  +0.4544  +1.0000  +0.4356  +0.5892
   6191    989384   160  +13.119   12212    186    445  +0.4399  +1.0000  +0.3040  +0.6388
   6192    989545   161   +9.030    9869    166    361  +0.2297  +0.5902  +0.0285  +0.4866
   6193    989704   159  +10.588   11216    204    330  +0.3477  +0.9439  +0.2331  +0.3765
   6194    989860   156  +13.117   11186    186    414  +0.3870  +0.9359  +0.3684  +0.5052
   6195    990025   165   +8.024   10150    217    355  +0.1359  +0.6641  -0.1004  +0.1709
   6196    990192   167  +12.060   11325    193    354  +0.4009  +0.9724  +0.3902  +0.4675
   6197    990348   156  +12.519   10997    178    362  +0.3918  +0.8863  +0.3660  +0.5407
   6198    990509   161  +11.579   11159    186    379  +0.3788  +0.9289  +0.2593  +0.5001
   6199    990667   158   +8.097   10132    199    308  +0.1945  +0.6592  +0.0939  +0.2744
   6200    990821   154  +11.676   10855    189    319  +0.3419  +0.8490  +0.2875  +0.4388

  ── rolling mean (last 100 ep) ──  cum_R=+11.435  yield=10977 kg/ha  N=186  W=369 mm  R_seas=+0.3437  R_ane=+0.4821

   6201    990976   155  +10.468   10960    198    340  +0.3319  +0.8766  +0.3336  +0.3830
   6202    991133   157  +13.080   11141    173    419  +0.4221  +0.9241  +0.3990  +0.6096
   6203    991298   165  +13.078   12471    202    412  +0.4231  +1.0000  +0.4332  +0.5406
   6204    991461   163   +8.504   10199    189    350  +0.2255  +0.6770  +0.1442  +0.3494
   6205    991622   161  +10.923   10768    210    367  +0.2425  +0.8262  -0.0014  +0.2852
   6206    991787   165  +10.597   10635    178    392  +0.3194  +0.7915  +0.2339  +0.4901
   6207    991944   157  +11.791   11351    192    335  +0.4003  +0.9793  +0.2968  +0.4739
   6208    992102   158  +12.201   11169    173    368  +0.4215  +0.9315  +0.2626  +0.6100
   6209    992259   157  +12.865   10336    136    412  +0.4502  +0.7129  +0.4424  +0.9038
   6210    992419   160  +12.329   11459    192    412  +0.3833  +1.0000  +0.1494  +0.4897
   6211    992577   158  +11.459   11462    190    318  +0.4218  +1.0000  +0.2753  +0.5093
   6212    992740   163  +13.436   12027    212    326  +0.4002  +1.0000  +0.4088  +0.4150
   6213    992899   159  +11.559   11225    201    333  +0.3566  +0.9463  +0.2539  +0.3979
   6214    993054   155  +13.754   11465    169    400  +0.4902  +1.0000  +0.4547  +0.6969
   6215    993214   160   +7.877    9964    187    315  +0.1961  +0.6152  +0.0582  +0.3348
   6216    993375   161  +12.235   11642    194    333  +0.4283  +1.0000  +0.4256  +0.4980
   6217    993538   163   +6.978    9613    212    240  +0.1058  +0.5230  +0.0427  +0.1343
   6218    993701   163  +11.625   10949    196    349  +0.3290  +0.8739  +0.2865  +0.3956
   6219    993855   154  +11.658   11561    179    353  +0.4671  +1.0000  +0.4408  +0.6111
   6220    994009   154  +11.340   11054    180    384  +0.3877  +0.9014  +0.3288  +0.5368
   6221    994165   156  +12.555   11329    160    333  +0.5233  +0.9735  +0.5108  +0.7655
   6222    994318   153  +13.223   10972    186    429  +0.3359  +0.8798  +0.1953  +0.4770
   6223    994474   156  +13.719   10872    150    405  +0.4921  +0.8535  +0.6521  +0.8060
   6224    994635   161  +10.756   11089    194    347  +0.3609  +0.9105  +0.3443  +0.4290
   6225    994795   160  +12.681   11400    177    348  +0.4559  +0.9922  +0.3476  +0.6083
   6226    994955   160  +11.520   10823    167    370  +0.4005  +0.8407  +0.3570  +0.6204
   6227    995116   161  +13.362   10818    202    409  +0.2601  +0.8394  +0.0439  +0.3393
   6228    995271   155   +9.570   10169    186    283  +0.2523  +0.6689  +0.2415  +0.3672
   6229    995429   158  +13.796   12080    167    429  +0.5160  +1.0000  +0.4255  +0.8089
   6230    995585   156  +11.753   10217    181    434  +0.2284  +0.6817  +0.1052  +0.4089
   6231    995745   160  +12.912   10601    179    395  +0.3107  +0.7824  +0.2307  +0.4777
   6232    995908   163   +8.796    9312    197    396  +0.0387  +0.4440  -0.1608  +0.1830
   6233    996067   159  +12.444   10264    142    432  +0.3827  +0.6939  +0.2267  +0.8003
   6234    996225   158  +10.799   10720    174    357  +0.3623  +0.8136  +0.3442  +0.5365
   6235    996382   157  +12.254   10888    182    382  +0.3615  +0.8578  +0.3577  +0.4995
   6236    996538   156  +10.059    9866    171    396  +0.2114  +0.5895  +0.0737  +0.4432
   6237    996698   160  +10.294   10858    202    354  +0.2881  +0.8500  +0.1538  +0.3448
   6238    996858   160  +14.537   11371    182    404  +0.4251  +0.9845  +0.3356  +0.5647
   6239    997020   162  +10.758   11362    201    336  +0.3666  +0.9822  +0.1725  +0.4121
   6240    997187   167  +12.206   10870    212    341  +0.2695  +0.8530  +0.1242  +0.2804
   6241    997349   162  +12.238   10650    174    469  +0.3093  +0.7954  +0.1459  +0.5255
   6242    997510   161  +11.759   11093    189    389  +0.3518  +0.9115  +0.1849  +0.4695
   6243    997676   166  +10.457   10854    198    329  +0.3123  +0.8489  +0.2597  +0.3719
   6244    997841   165   +8.018    9760    200    344  +0.1257  +0.5616  +0.0422  +0.2186
   6245    997991   150   +5.116    8561    184    344  -0.0377  +0.2470  -0.2346  +0.1598
   6246    998147   156   +9.728   10612    196    337  +0.2754  +0.7853  +0.2026  +0.3547
   6247    998309   162  +12.850   11733    207    363  +0.3964  +1.0000  +0.4389  +0.4173
   6248    998464   155   +8.132   10074    199    332  +0.1612  +0.6442  -0.1021  +0.2654
   6249    998625   161  +12.790   11870    198    336  +0.4137  +1.0000  +0.2915  +0.5020
   6250    998781   156  +11.518   11059    182    355  +0.3834  +0.9027  +0.2733  +0.5224
   6251    998944   163   +4.892    8099    203    317  -0.1524  +0.1258  -0.3869  -0.0020
   6252    999099   155   +9.370   10533    182    310  +0.3031  +0.7647  +0.1592  +0.4477
   6253    999262   163  +10.845   10369    180    433  +0.2463  +0.7215  +0.0345  +0.4368
   6254    999421   159  +12.737   10970    187    371  +0.3492  +0.8793  +0.2454  +0.4684
   6255    999578   157  +14.576   11980    174    403  +0.5041  +1.0000  +0.5575  +0.7200
   6256    999737   159   +6.951    9113    197    336  +0.0418  +0.3919  +0.0338  +0.1572
   6257    999897   160  +11.542   10419    162    414  +0.3453  +0.7347  +0.3271  +0.6083
   6258   1000055   158  +10.161   11029    200    337  +0.3376  +0.8948  +0.3309  +0.3797
   6259   1000218   163  +12.975   11682    194    312  +0.4383  +1.0000  +0.4733  +0.5022
   6260   1000372   154  +13.129   11886    175    362  +0.5020  +1.0000  +0.5117  +0.7017
   6261   1000533   161  +12.330   11465    197    402  +0.3867  +1.0000  +0.2944  +0.4538
   6262   1000692   159  +11.707   10984    182    360  +0.3820  +0.8829  +0.3873  +0.5099
   6263   1000850   158   +9.621   10243    204    297  +0.2003  +0.6885  +0.0867  +0.2520
   6264   1001005   155  +10.653   10429    187    385  +0.2583  +0.7374  +0.1462  +0.3970
   6265   1001165   160  +11.525   11740    192    311  +0.4422  +1.0000  +0.4022  +0.5330
   6266   1001325   160  +11.535   10958    191    391  +0.3303  +0.8762  +0.2345  +0.4339
   6267   1001483   158   +8.440   10032    197    352  +0.1670  +0.6332  +0.0087  +0.2728
   6268   1001646   163  +12.746   10855    178    387  +0.3669  +0.8492  +0.3478  +0.5288
   6269   1001801   155   +6.911    9047    199    356  +0.0125  +0.3744  -0.0827  +0.1387
   6270   1001956   155  +13.423   11261    169    386  +0.4529  +0.9557  +0.3129  +0.6699
   6271   1002118   162  +12.654   11470    187    356  +0.4244  +1.0000  +0.3008  +0.5303
   6272   1002277   159  +12.481   11516    196    373  +0.3937  +1.0000  +0.2547  +0.4694
   6273   1002442   165  +11.103   11276    199    335  +0.3644  +0.9595  +0.2135  +0.4188
   6274   1002602   160   +7.697    9575    190    306  +0.1181  +0.5131  -0.0790  +0.2573
   6275   1002763   161   +6.820    8734    205    341  -0.0635  +0.2924  -0.3175  +0.0646
   6276   1002927   164  +11.971   11082    192    354  +0.3584  +0.9086  +0.2829  +0.4446
   6277   1003086   159  +11.265   11043    182    340  +0.3842  +0.8984  +0.2794  +0.5190
   6278   1003250   164   +9.553    9996    210    340  +0.1308  +0.6235  -0.0713  +0.1883
   6279   1003414   164  +11.685   11644    192    301  +0.4399  +1.0000  +0.4275  +0.5119

✓ Episode log  saved → /workspace/episode_log_rw.csv
✓ Metrics log  saved → /workspace/training_metrics_rw.csv

✓ Training complete in 103.7 min
✓ Model    saved → /tmp/ppo_rw_1M.zip
✓ VecNorm  saved → /tmp/ppo_rw_1M_vecnorm.pkl
/workspace/gym-dssat-pdi/gym_dssat_pdi_samples/04_pc_ppo_quick_train.py:342: MatplotlibDeprecationWarning: savefig() got unexpected keyword argument "orientation" which is no longer supported as of 3.3 and will become an error two minor releases later
  plt.savefig(PLOT_TRAINING, dpi=120, bbox_inches='tight')
/workspace/gym-dssat-pdi/gym_dssat_pdi_samples/04_pc_ppo_quick_train.py:342: MatplotlibDeprecationWarning: savefig() got unexpected keyword argument "dpi" which is no longer supported as of 3.3 and will become an error two minor releases later
  plt.savefig(PLOT_TRAINING, dpi=120, bbox_inches='tight')
/workspace/gym-dssat-pdi/gym_dssat_pdi_samples/04_pc_ppo_quick_train.py:342: MatplotlibDeprecationWarning: savefig() got unexpected keyword argument "facecolor" which is no longer supported as of 3.3 and will become an error two minor releases later
  plt.savefig(PLOT_TRAINING, dpi=120, bbox_inches='tight')
/workspace/gym-dssat-pdi/gym_dssat_pdi_samples/04_pc_ppo_quick_train.py:342: MatplotlibDeprecationWarning: savefig() got unexpected keyword argument "edgecolor" which is no longer supported as of 3.3 and will become an error two minor releases later
  plt.savefig(PLOT_TRAINING, dpi=120, bbox_inches='tight')
/workspace/gym-dssat-pdi/gym_dssat_pdi_samples/04_pc_ppo_quick_train.py:342: MatplotlibDeprecationWarning: savefig() got unexpected keyword argument "bbox_inches_restore" which is no longer supported as of 3.3 and will become an error two minor releases later
  plt.savefig(PLOT_TRAINING, dpi=120, bbox_inches='tight')
✓ Training plot  saved → /workspace/plot_training_rw.png
/workspace/gym-dssat-pdi/gym_dssat_pdi_samples/04_pc_ppo_quick_train.py:377: MatplotlibDeprecationWarning: savefig() got unexpected keyword argument "orientation" which is no longer supported as of 3.3 and will become an error two minor releases later
  plt.savefig(PLOT_LOSSES, dpi=120, bbox_inches='tight')
/workspace/gym-dssat-pdi/gym_dssat_pdi_samples/04_pc_ppo_quick_train.py:377: MatplotlibDeprecationWarning: savefig() got unexpected keyword argument "dpi" which is no longer supported as of 3.3 and will become an error two minor releases later
  plt.savefig(PLOT_LOSSES, dpi=120, bbox_inches='tight')
/workspace/gym-dssat-pdi/gym_dssat_pdi_samples/04_pc_ppo_quick_train.py:377: MatplotlibDeprecationWarning: savefig() got unexpected keyword argument "facecolor" which is no longer supported as of 3.3 and will become an error two minor releases later
  plt.savefig(PLOT_LOSSES, dpi=120, bbox_inches='tight')
/workspace/gym-dssat-pdi/gym_dssat_pdi_samples/04_pc_ppo_quick_train.py:377: MatplotlibDeprecationWarning: savefig() got unexpected keyword argument "edgecolor" which is no longer supported as of 3.3 and will become an error two minor releases later
  plt.savefig(PLOT_LOSSES, dpi=120, bbox_inches='tight')
/workspace/gym-dssat-pdi/gym_dssat_pdi_samples/04_pc_ppo_quick_train.py:377: MatplotlibDeprecationWarning: savefig() got unexpected keyword argument "bbox_inches_restore" which is no longer supported as of 3.3 and will become an error two minor releases later
  plt.savefig(PLOT_LOSSES, dpi=120, bbox_inches='tight')
✓ Loss plot      saved → /workspace/plot_ppo_losses_rw.png

==============================================================================
EVAL — 5 deterministic episodes  |  model: ppo_rw_1M
==============================================================================

    ep    cum_R   yield      N      W   R_seas    R_yld   R_hiad    R_ane
  ----  -------  ------  -----  -----  -------  -------  -------  -------
     1   +1.062   12038    188    380  +0.4584  +1.0000  +0.4762  +0.6021
     2   +0.696    9942    191    337  +0.1810  +0.6094  +0.1016  +0.3002
     3   +0.910   11407    186    410  +0.4079  +0.9941  +0.2606  +0.5311
     4   +0.917   10934    180    382  +0.3623  +0.8699  +0.2623  +0.5159
     5   +1.068   11137    174    412  +0.4036  +0.9230  +0.2493  +0.5965

==============================================================================
  yield         mean= 11092  max= 12038  min=  9942  std=  685  kg/ha
  nitrogen      mean=   184  max=   191  min=   174  std=    6  kg/ha
  water         mean=   384  max=   412  min=   337  std=   27  mm
  R_seasonal    mean=+0.3626  R_yield=+0.8793  R_hiad=+0.2700  R_ane=+0.5091  R_penalty=+0.8442
  cum_R         mean=+0.9307  std=0.1355
==============================================================================

✓ Eval results saved → /workspace/eval_results_rw.csv
